"p_val"	"avg_log2FC"	"pct.1"	"pct.2"	"p_val_adj"	"cluster"	"gene"
0	1.46684762080874	0.783	0.422	0	"0"	"KLF2"
0	2.10089639949637	0.521	0.172	0	"0"	"CNN1"
0	1.32624397905873	0.694	0.352	0	"0"	"DDAH1"
0	1.4346030411341	0.725	0.409	0	"0"	"CDH2"
0	1.36525606256438	0.688	0.373	0	"0"	"TPD52L1"
0	1.6405629842656	0.656	0.342	0	"0"	"ALDH1B1"
0	1.70495440702629	0.552	0.242	0	"0"	"MYLK"
0	1.26859547977359	0.765	0.46	0	"0"	"CEMIP"
0	1.5950614687482	0.459	0.156	0	"0"	"LMOD1"
0	1.6013624225702	0.806	0.503	0	"0"	"PCSK7"
0	1.22040917009092	0.777	0.478	0	"0"	"C1orf198"
0	1.48212432121666	0.504	0.206	0	"0"	"SYNPO2"
0	1.16064014993997	0.861	0.564	0	"0"	"CRIM1"
0	2.14994196962851	0.792	0.497	0	"0"	"ACTA2"
0	1.30162178249187	0.682	0.391	0	"0"	"PSG5"
0	1.37341394397513	0.606	0.315	0	"0"	"PRPS1"
0	1.05587084768341	0.747	0.458	0	"0"	"CHAC1"
0	0.96304050540696	0.76	0.473	0	"0"	"TUBB2A"
0	1.13719306995122	0.598	0.315	0	"0"	"ALPK2"
0	2.15973432383142	0.459	0.184	0	"0"	"KRT7"
0	1.2817752966773	0.587	0.313	0	"0"	"INHBA"
0	1.54258294188887	0.511	0.241	0	"0"	"F3"
0	1.07244067686076	0.66	0.394	0	"0"	"JADE1"
0	1.15806076660081	0.539	0.275	0	"0"	"PAWR"
0	1.2433133986513	0.762	0.504	0	"0"	"MYH10"
0	1.70744234202074	0.517	0.26	0	"0"	"RDH10"
0	0.891759760309817	0.887	0.631	0	"0"	"LMO7"
0	1.19619644344645	0.836	0.581	0	"0"	"GREM1"
0	1.03386023271564	0.904	0.651	0	"0"	"NEXN"
0	1.13096328773716	0.747	0.494	0	"0"	"LMCD1"
0	1.15493465362916	0.928	0.675	0	"0"	"ADM"
0	1.88151369671454	0.452	0.201	0	"0"	"KRT18"
0	1.04044661095925	0.864	0.614	0	"0"	"RHOB"
0	0.770584582646087	0.821	0.573	0	"0"	"AMOTL2"
0	1.94576838124289	0.345	0.098	0	"0"	"NEDD9"
0	0.746664055335357	0.479	0.234	0	"0"	"COL4A1"
0	0.81428877898716	0.861	0.618	0	"0"	"VGLL3"
0	0.956754441380057	0.565	0.323	0	"0"	"FBLIM1"
0	1.16259235478266	0.918	0.682	0	"0"	"NEK7"
0	0.674728489086333	0.822	0.587	0	"0"	"CORO1C"
0	0.954205986216701	0.847	0.614	0	"0"	"PCK2"
0	0.852485227412347	0.557	0.326	0	"0"	"ERCC2"
0	0.827396743091956	0.58	0.349	0	"0"	"SLC38A1"
0	1.64100491879774	0.362	0.132	0	"0"	"NUAK1"
0	1.12781704561968	0.602	0.373	0	"0"	"RCAN1"
0	0.81150521422174	0.805	0.577	0	"0"	"VASP"
0	0.935276747366663	0.49	0.262	0	"0"	"GBP1"
0	0.789233555848057	0.72	0.492	0	"0"	"SWAP70"
0	1.32398242430094	0.375	0.148	0	"0"	"MRVI1"
0	0.614212218371455	0.603	0.377	0	"0"	"COL4A2"
0	0.908434572324516	0.539	0.314	0	"0"	"NRP2"
0	0.926931503117958	0.5	0.275	0	"0"	"DACT1"
0	0.699934374104504	0.724	0.5	0	"0"	"GNB4"
0	1.27871404778385	0.404	0.181	0	"0"	"PPP1R13L"
0	1.06399029694214	0.469	0.246	0	"0"	"IL6"
0	0.780857748152635	0.687	0.465	0	"0"	"FILIP1L"
0	1.18654372098551	0.54	0.319	0	"0"	"MIR503HG"
0	0.764135977676436	0.575	0.354	0	"0"	"NXN"
0	0.972129236431526	0.468	0.248	0	"0"	"SLC2A1"
0	0.722046996942737	0.665	0.445	0	"0"	"AK4"
0	0.789419473248412	0.724	0.504	0	"0"	"MIR22HG"
0	0.648072800220824	0.689	0.471	0	"0"	"PDLIM1"
0	0.973021876129425	0.471	0.254	0	"0"	"KCNE4"
0	0.81675156367339	0.6	0.383	0	"0"	"FOXD1"
0	0.834026389326726	0.865	0.649	0	"0"	"MSRB3"
0	0.744020757466672	0.648	0.433	0	"0"	"IRX3"
0	0.891100557540104	0.877	0.663	0	"0"	"FGF2"
0	0.688864498040521	0.691	0.478	0	"0"	"ANKRD13A"
0	0.877759375141445	0.804	0.592	0	"0"	"MME"
0	0.889399312194412	0.808	0.596	0	"0"	"PXDC1"
0	0.620488984540281	0.549	0.337	0	"0"	"RAB3B"
0	0.810276800166309	0.738	0.526	0	"0"	"ELL2"
0	0.940846823584174	0.57	0.359	0	"0"	"GRAMD2B"
0	0.780253641232706	0.61	0.399	0	"0"	"MICAL2"
0	0.6959496647671	0.796	0.586	0	"0"	"GADD45B"
0	0.60952475564646	0.791	0.585	0	"0"	"PFKP"
0	0.782414076676843	0.606	0.401	0	"0"	"SGK1"
0	0.966901757768019	0.418	0.214	0	"0"	"HACD1"
0	1.22735570054061	0.91	0.707	0	"0"	"CSRP1"
0	0.951438420287418	0.47	0.267	0	"0"	"WEE1"
0	0.810872432823023	0.508	0.307	0	"0"	"ADAMTS12"
0	0.830887246558941	0.5	0.3	0	"0"	"SERINC2"
0	0.769570594782933	0.66	0.46	0	"0"	"KCTD20"
0	0.761338468579912	0.524	0.324	0	"0"	"GYS1"
0	1.31397882167429	0.399	0.203	0	"0"	"COL11A1"
0	1.58409013700416	0.98	0.784	0	"0"	"CCN2"
0	1.13755447520458	0.365	0.17	0	"0"	"SERAC1"
0	0.635188503157716	0.583	0.389	0	"0"	"B4GALT4"
0	0.557560580442699	0.582	0.389	0	"0"	"FZD2"
0	0.581762019771679	0.57	0.379	0	"0"	"SLC7A5"
0	0.553319256530518	0.906	0.716	0	"0"	"GLIPR1"
0	0.656818491061416	0.861	0.671	0	"0"	"DLC1"
0	0.577629770685672	0.663	0.474	0	"0"	"GSDME"
0	1.31750364093906	0.318	0.129	0	"0"	"TRAF5"
0	0.760028679536463	0.459	0.27	0	"0"	"KIF26B"
0	0.83258476096983	0.413	0.224	0	"0"	"NGF"
0	0.624484124637139	0.701	0.512	0	"0"	"RAP1GDS1"
0	0.792235994578948	0.621	0.433	0	"0"	"DSP"
0	0.862074966324936	0.431	0.243	0	"0"	"PVR"
0	0.59351775595292	0.707	0.519	0	"0"	"AVEN"
0	1.0587108364227	0.95	0.762	0	"0"	"MYADM"
0	0.617428474140418	0.857	0.67	0	"0"	"FLNC"
0	0.63533069883528	0.641	0.455	0	"0"	"ZNF281"
0	1.41323198323764	0.484	0.299	0	"0"	"ANKRD37"
0	1.29747453837856	0.959	0.775	0	"0"	"GLS"
0	0.88441696360361	0.388	0.205	0	"0"	"CARMN"
0	0.636890555302425	0.455	0.272	0	"0"	"MIR210HG"
0	0.688164681970537	0.517	0.334	0	"0"	"CTIF"
0	0.909364446654065	0.407	0.224	0	"0"	"RUSC2"
0	0.540104078448052	0.76	0.578	0	"0"	"SDC2"
0	1.03132643260005	0.95	0.768	0	"0"	"PALLD"
0	0.519589678572204	0.716	0.535	0	"0"	"IMPDH1"
0	0.755186169987023	0.449	0.269	0	"0"	"LMO7-AS1"
0	1.00607860014214	0.973	0.794	0	"0"	"CDC42EP3"
0	0.66749339694058	0.669	0.491	0	"0"	"NFYB"
0	1.64716069614035	0.274	0.096	0	"0"	"AL359834.1"
0	0.597191336778805	0.641	0.463	0	"0"	"MBOAT2"
0	0.535333572387527	0.762	0.586	0	"0"	"KRAS"
0	0.549759305656679	0.687	0.511	0	"0"	"ACOT2"
0	0.682904045365561	0.484	0.31	0	"0"	"TGFBR1"
0	0.503505697163741	0.691	0.518	0	"0"	"SH2D4A"
0	0.892926654937591	0.386	0.214	0	"0"	"SKP2"
0	0.671111036094858	0.804	0.635	0	"0"	"ATP2A2"
0	0.754936789527939	0.916	0.75	0	"0"	"PLOD2"
0	0.770964779525706	0.378	0.214	0	"0"	"PRKD1"
0	0.795056801786723	0.932	0.769	0	"0"	"SLC16A3"
0	0.866805403724466	0.881	0.719	0	"0"	"COL8A1"
0	0.922638357218627	0.333	0.171	0	"0"	"MAGI1"
0	1.02809811235957	0.315	0.153	0	"0"	"MBNL1-AS1"
0	0.544202478536183	0.834	0.672	0	"0"	"PAPSS2"
0	0.523280954813845	0.811	0.652	0	"0"	"FHL3"
0	0.648393890144611	0.867	0.708	0	"0"	"LPP"
0	0.918365162199429	0.318	0.16	0	"0"	"RHOBTB1"
0	0.900790219582698	0.359	0.202	0	"0"	"CHN1"
0	1.060129015472	0.301	0.145	0	"0"	"PKP4"
0	0.927592239655	0.303	0.148	0	"0"	"RFLNB"
0	0.808420161597646	0.891	0.737	0	"0"	"PGRMC2"
0	0.530681426822123	0.806	0.652	0	"0"	"ADAMTS1"
0	0.554015692126828	0.833	0.679	0	"0"	"STC2"
0	0.811878171201606	0.946	0.792	0	"0"	"PLS3"
0	0.660001115518049	0.907	0.755	0	"0"	"RECK"
0	0.898001255062414	0.303	0.153	0	"0"	"AJUBA"
0	0.844430007957552	0.318	0.168	0	"0"	"SPAG4"
0	0.538034054602562	0.831	0.681	0	"0"	"PDLIM5"
0	0.502953330928351	0.878	0.73	0	"0"	"MYO1C"
0	1.11521179410452	0.262	0.117	0	"0"	"LINC00842"
0	1.02178366354882	0.306	0.161	0	"0"	"STARD4-AS1"
0	0.718668088504983	0.947	0.802	0	"0"	"PSAT1"
0	0.532314236336349	0.89	0.746	0	"0"	"COX20"
0	0.976769952508243	0.295	0.152	0	"0"	"EOGT"
0	0.901839682786168	0.923	0.782	0	"0"	"FHL1"
0	0.559536658985905	0.893	0.753	0	"0"	"TEAD1"
0	0.683001912545406	0.939	0.799	0	"0"	"FBLN5"
0	0.647260068621365	0.814	0.676	0	"0"	"ENPP2"
0	0.522876445525943	0.931	0.795	0	"0"	"MIR4435-2HG"
0	0.880316276184481	0.934	0.799	0	"0"	"TNC"
0	0.568816028753424	0.901	0.766	0	"0"	"FERMT2"
0	0.518434161573516	0.818	0.687	0	"0"	"PGM1"
0	0.808578727004433	0.936	0.817	0	"0"	"RHOBTB3"
0	0.572027160139781	0.945	0.828	0	"0"	"POSTN"
0	0.580004164089849	0.954	0.84	0	"0"	"TUBB6"
0	1.42890946070748	0.985	0.873	0	"0"	"SERPINE1"
0	0.723705451834422	0.929	0.823	0	"0"	"TXNRD1"
0	1.91797956175715	0.993	0.887	0	"0"	"THBS1"
0	0.598861156363031	0.947	0.841	0	"0"	"ACTN4"
0	0.582820083462712	0.952	0.847	0	"0"	"CYTOR"
0	0.709991578840969	0.897	0.793	0	"0"	"GAS6"
0	1.03205158670928	0.961	0.858	0	"0"	"NREP"
0	0.511729273965636	0.917	0.818	0	"0"	"MBNL1"
0	0.775790580090967	0.968	0.873	0	"0"	"ACTR3"
0	1.10065440681781	0.994	0.901	0	"0"	"PTX3"
0	0.525628732934881	0.931	0.839	0	"0"	"ITGA5"
0	0.545750200424013	0.957	0.865	0	"0"	"ACTR2"
0	0.81546347065383	0.962	0.871	0	"0"	"TGFB1I1"
0	0.566634854554138	0.962	0.873	0	"0"	"ANXA6"
0	0.549230417201802	0.969	0.881	0	"0"	"PEA15"
0	0.537243773448693	0.955	0.873	0	"0"	"MTHFD2"
0	0.690036700047607	0.979	0.898	0	"0"	"WDR1"
0	0.613566731265225	0.971	0.891	0	"0"	"CAP1"
0	1.08286912516742	0.978	0.899	0	"0"	"CITED2"
0	1.19529831814397	0.989	0.91	0	"0"	"ACTN1"
0	0.81344820644996	0.977	0.902	0	"0"	"PDLIM7"
0	0.641642952089766	0.971	0.901	0	"0"	"EIF4EBP1"
0	0.577648953264545	0.971	0.901	0	"0"	"PARVA"
0	0.521867902872648	0.956	0.887	0	"0"	"RAD23B"
0	0.686787018402869	0.986	0.919	0	"0"	"COL12A1"
0	0.788847081346617	0.986	0.923	0	"0"	"TUBA1A"
0	0.952957131420052	0.989	0.928	0	"0"	"MYH9"
0	0.96093569660569	0.997	0.94	0	"0"	"SEPTIN11"
0	1.74592674762411	0.999	0.948	0	"0"	"TAGLN"
0	0.812412576225802	0.991	0.943	0	"0"	"BNIP3"
0	0.938332684362408	0.998	0.953	0	"0"	"CCN1"
0	0.589568721704515	0.982	0.937	0	"0"	"CNN3"
0	0.648779944072817	0.981	0.936	0	"0"	"ARPC5"
0	0.625804739789533	0.979	0.934	0	"0"	"TLN1"
0	0.862839357348026	0.995	0.954	0	"0"	"PGK1"
0	0.717935831344742	0.987	0.955	0	"0"	"DAB2"
0	0.806464668498367	0.996	0.965	0	"0"	"CNN2"
0	1.42830266399684	1	0.973	0	"0"	"TPM1"
0	0.882244272944277	0.997	0.971	0	"0"	"FLNA"
0	0.855238984188534	1	0.978	0	"0"	"LOX"
0	1.23738469800112	1	0.978	0	"0"	"MYL9"
0	0.539011180667119	0.999	0.985	0	"0"	"CAVIN1"
0	0.570427519508848	0.998	0.985	0	"0"	"HIF1A"
0	0.899186999113009	0.998	0.989	0	"0"	"MYL12A"
0	0.564342537217382	0.998	0.994	0	"0"	"CALM2"
0	0.517373171244594	0.999	0.998	0	"0"	"HSPB1"
0	0.842016978853297	1	0.999	0	"0"	"TPM2"
0	0.581796453816816	1	0.999	0	"0"	"CFL1"
0	0.563836816771824	1	0.999	0	"0"	"SERPINH1"
0	0.56457598863766	1	0.999	0	"0"	"TPI1"
0	0.635342638895529	1	0.999	0	"0"	"TPM4"
0	1.13080585729943	1	1	0	"0"	"ACTB"
0	0.839253739978474	1	1	0	"0"	"CALD1"
0	0.75317585467239	1	1	0	"0"	"MYL6"
0	0.542090354843063	1	1	0	"0"	"PFN1"
4.94065645841247e-323	0.667737151404451	0.476	0.301	1.80832967034355e-318	"0"	"GALNT10"
1.97626258336499e-322	0.667284227195008	0.431	0.26	7.23331868137419e-318	"0"	"SRF"
4.32888807156552e-317	0.811944475392828	0.407	0.251	1.5844163230737e-312	"0"	"JCAD"
2.24349957858695e-316	0.624730371704887	0.564	0.388	8.21143280758609e-312	"0"	"DAAM1"
6.00746731324375e-310	0.729510453695009	0.453	0.289	2.19879311132034e-305	"0"	"SNX25"
1.27215893315402e-304	0.518188195291777	0.72	0.564	4.65622891123704e-300	"0"	"UGCG"
4.0405762230762e-299	0.699341724431373	0.417	0.255	1.47889130340812e-294	"0"	"SLC1A4"
3.92848870528897e-298	0.672162305051194	0.343	0.193	1.43786615102282e-293	"0"	"PRKAG2"
3.0174532961699e-295	0.521886026653097	0.577	0.394	1.10441808093114e-290	"0"	"UCK2"
2.20886379488142e-291	0.509956267292856	0.56	0.381	8.08466237564549e-287	"0"	"PODNL1"
4.98285080272387e-291	0.92413899342472	0.28	0.149	1.82377322230496e-286	"0"	"ADAM19"
6.23713818417341e-285	0.646040543445178	0.371	0.218	2.28285494678931e-280	"0"	"TRIM59"
1.94245964710807e-283	0.527797248740658	0.515	0.34	7.10959655438024e-279	"0"	"PRR16"
4.44020299786562e-283	0.737892581344274	0.315	0.178	1.62515869924879e-278	"0"	"BAMBI"
1.56153251971276e-281	0.750897287089423	0.335	0.193	5.71536517540066e-277	"0"	"IQCJ-SCHIP1"
2.53211602172841e-280	0.59267466704388	0.489	0.322	9.26779785112814e-276	"0"	"KLF7"
6.64686973553523e-275	0.577363760267651	0.504	0.337	2.43282079190325e-270	"0"	"JMJD6"
3.02202240437499e-270	0.780096603827499	0.303	0.17	1.10609042022529e-265	"0"	"CTH"
3.11511485190456e-266	0.826846447315762	0.28	0.154	1.14016318694559e-261	"0"	"CAP2"
7.50962878548873e-266	0.700165599553209	0.432	0.281	2.74859923177673e-261	"0"	"SLC25A4"
5.93328583812834e-265	0.539922798687929	0.54	0.372	2.17164194961335e-260	"0"	"NDST1"
9.89256913777344e-263	0.640659932472773	0.354	0.21	3.62077923011646e-258	"0"	"DIPK1A"
1.7589071129646e-260	0.585394013614048	0.473	0.314	6.43777592416172e-256	"0"	"BDNF"
3.12838110405547e-256	0.515097497244465	0.581	0.415	1.14501876789534e-251	"0"	"WWC2"
4.47679082370197e-256	0.73552219971761	0.32	0.188	1.63855020938316e-251	"0"	"KRT8"
2.1213366760177e-255	0.68885604455025	0.338	0.2	7.76430436789238e-251	"0"	"TEAD3"
5.78664945448978e-245	0.832477184852237	0.278	0.158	2.1179715668378e-240	"0"	"SBF2-AS1"
2.28498029846474e-242	0.536266062060575	0.493	0.334	8.3632563904108e-238	"0"	"PSPH"
2.79607385131688e-241	0.637153521460459	0.314	0.182	1.02339099032049e-236	"0"	"ALDOC"
7.62982316576269e-240	0.528429871595643	0.479	0.321	2.7925915769008e-235	"0"	"SNX24"
1.50298718068036e-237	0.513736249887077	0.488	0.329	5.5010833800082e-233	"0"	"GCAT"
4.11562861466678e-236	0.750112997313433	0.336	0.207	1.50636122925419e-231	"0"	"CRISPLD2"
5.9494773477217e-232	0.6813797307165	0.31	0.183	2.17756820403962e-227	"0"	"IRX5"
2.74980704088245e-225	0.500168176160799	0.658	0.51	1.00645687503339e-220	"0"	"TNS1"
5.1532102655494e-221	0.513404918180964	0.386	0.244	1.88612648929373e-216	"0"	"ADM2"
3.18093965392034e-218	0.502936102716663	0.498	0.345	1.16425572273138e-213	"0"	"CDK7"
1.06102638816885e-217	0.568202911607917	0.385	0.247	3.88346268333681e-213	"0"	"ATP8B1"
2.39205989657213e-211	0.600256533316827	0.33	0.202	8.75517842744365e-207	"0"	"CTPS1"
1.40831882198926e-208	0.543849268281343	0.442	0.301	5.1545877203629e-204	"0"	"ATF3"
1.22173065784428e-207	0.561742921190787	0.356	0.223	4.47165638077585e-203	"0"	"C8orf58"
1.07554931589613e-204	0.543796777561234	0.327	0.201	3.93661805111142e-200	"0"	"SNTB1"
1.10009537474913e-204	0.611942810439515	0.341	0.216	4.0264590811193e-200	"0"	"PEAR1"
3.91429440902079e-203	0.532400019128892	0.372	0.237	1.4326708966457e-198	"0"	"MPHOSPH6"
8.76185671875141e-199	0.559307431095032	0.352	0.227	3.2069271776302e-194	"0"	"SYTL2"
3.59347445203694e-195	0.505585102123562	0.4	0.263	1.31524758419004e-190	"0"	"BCAS4"
1.9439903240235e-194	0.648794374213317	0.26	0.152	7.11519898495842e-190	"0"	"CENPV"
9.23220521804206e-191	0.5754704501069	0.576	0.441	3.37907943185558e-186	"0"	"RABGAP1"
2.4806273259141e-190	0.518777864574983	0.424	0.289	9.07934407557821e-186	"0"	"ROR1"
9.87001676867546e-189	0.529835662598008	0.366	0.237	3.61252483750291e-184	"0"	"SDC3"
2.44761683555425e-188	0.597710226703158	0.32	0.2	8.95852237981212e-184	"0"	"PDK1"
7.58521518414655e-186	0.65983459573687	0.34	0.223	2.77626460954948e-181	"0"	"LBH"
7.88286033886697e-180	0.558941910287736	0.351	0.229	2.8852057126287e-175	"0"	"HACD2"
3.62959177616176e-176	0.592569382006781	0.589	0.469	1.32846688599297e-171	"0"	"SULF1"
2.75302612912526e-174	0.541595479488441	0.376	0.257	1.00763509352114e-169	"0"	"NRG1"
1.0072380206767e-165	0.513748149535636	0.437	0.31	3.68659187947879e-161	"0"	"ENO2"
4.99260158392932e-155	0.508070764521947	0.287	0.181	1.82734210573397e-150	"0"	"ARHGAP26"
5.23471727363791e-153	0.623576435163587	0.303	0.199	1.91595886932421e-148	"0"	"FSTL3"
2.11225692449953e-151	0.501340215020559	0.296	0.192	7.73107156936075e-147	"0"	"DBNDD2"
2.23366329569194e-151	0.524206205626909	0.263	0.163	8.17543102856208e-147	"0"	"HPS5"
1.26555479885352e-149	0.541849335403877	0.286	0.184	4.63205711928375e-145	"0"	"COBLL1"
5.47451999665804e-141	0.5322323743013	0.402	0.287	2.00372906397681e-136	"0"	"STK38L"
6.05324111167537e-140	0.509298134356139	0.257	0.161	2.2155467792843e-135	"0"	"ADARB1"
3.44766294835376e-134	0.584208131968556	0.252	0.163	1.26187911572696e-129	"0"	"PDE1C"
2.19197909067609e-130	0.553698981843381	0.25	0.161	8.02286266978358e-126	"0"	"MID1"
8.64883282655958e-91	0.572179434357605	0.274	0.199	3.16555930284907e-86	"0"	"LIMCH1"
1.14988313273407e-72	0.520981863245645	0.398	0.318	4.20868725411995e-68	"0"	"SFRP1"
0	1.38202763834368	0.741	0.501	0	"1"	"CCN5"
0	1.41091333981692	0.622	0.413	0	"1"	"MGP"
0	1.04475584243773	0.719	0.519	0	"1"	"AKR1C1"
0	1.20834616478994	0.499	0.309	0	"1"	"C3"
0	1.05512602377609	0.77	0.585	0	"1"	"CTSF"
0	1.52826906977424	0.412	0.23	0	"1"	"CDKN1C"
0	0.781962348680948	0.749	0.573	0	"1"	"AKR1C3"
0	1.45960290889354	0.39	0.22	0	"1"	"FBXO32"
0	1.3322240752372	0.523	0.355	0	"1"	"SFRP4"
0	0.910254296105528	0.762	0.595	0	"1"	"FAM20A"
0	0.866501828974695	0.649	0.486	0	"1"	"ANGPTL2"
0	1.32685959526413	0.372	0.209	0	"1"	"DBP"
0	1.28513298108834	0.442	0.282	0	"1"	"PTGFR"
0	0.904396156803523	0.724	0.566	0	"1"	"EPSTI1"
0	1.03670035879707	0.707	0.551	0	"1"	"CREG1"
0	0.921507315870294	0.573	0.418	0	"1"	"AKR1C2"
0	0.929781502388231	0.915	0.769	0	"1"	"CYP1B1"
0	0.914192184511256	0.59	0.446	0	"1"	"TSHZ2"
0	0.953146058118522	0.784	0.646	0	"1"	"SOX4"
0	0.919447671930641	0.634	0.496	0	"1"	"CFB"
0	1.10321810569239	0.558	0.421	0	"1"	"OLFML2B"
0	1.10162227529739	0.554	0.417	0	"1"	"GPNMB"
0	0.740992303611717	0.526	0.389	0	"1"	"SECTM1"
0	0.870064046075723	0.757	0.62	0	"1"	"ZNF581"
0	0.934124615442157	0.574	0.443	0	"1"	"HIST1H2AC"
0	0.590145301742533	0.713	0.583	0	"1"	"COL14A1"
0	0.830026153368303	0.651	0.523	0	"1"	"LETMD1"
0	0.796399549880176	0.66	0.539	0	"1"	"CMBL"
0	0.827921180717809	0.513	0.394	0	"1"	"ABCA1"
0	0.81184284468081	0.532	0.416	0	"1"	"KIZ"
0	0.710166759501535	0.582	0.467	0	"1"	"ABCA8"
0	0.763201628630318	0.78	0.669	0	"1"	"FCGRT"
0	0.850692143352582	0.708	0.598	0	"1"	"CYB561A3"
0	0.75038579697758	0.677	0.571	0	"1"	"CFD"
0	0.704092200164815	0.676	0.573	0	"1"	"FIBIN"
0	0.640938406375279	0.853	0.752	0	"1"	"EPB41L4A-AS1"
0	0.715177285676302	0.622	0.522	0	"1"	"ORAI3"
0	0.760550719916168	0.834	0.736	0	"1"	"TENT5A"
0	0.653953706468918	0.69	0.596	0	"1"	"PCMTD1"
0	0.737730953624569	0.62	0.526	0	"1"	"FUT8"
0	0.674222835674307	0.652	0.559	0	"1"	"NINJ1"
0	0.804682243966968	0.919	0.829	0	"1"	"TXNIP"
0	0.685621318135796	0.661	0.571	0	"1"	"NFKBIL1"
0	0.660839051048427	0.713	0.623	0	"1"	"HBP1"
0	0.681194597251255	0.777	0.689	0	"1"	"TPST1"
0	0.849062510136449	0.9	0.813	0	"1"	"SERPING1"
0	0.659646437668725	0.668	0.581	0	"1"	"ZNF524"
0	0.813609943557018	0.866	0.779	0	"1"	"EPHX1"
0	0.697593781391759	0.844	0.758	0	"1"	"CRLF1"
0	0.599072124723784	0.757	0.676	0	"1"	"CA12"
0	0.83623425075706	0.964	0.89	0	"1"	"YPEL3"
0	0.718932196936557	0.962	0.889	0	"1"	"C1R"
0	0.727967444136381	0.977	0.906	0	"1"	"MFAP4"
0	0.631922528951479	0.845	0.778	0	"1"	"SAT2"
0	0.724522890024417	0.938	0.872	0	"1"	"BTG1"
0	0.67946488116134	0.884	0.821	0	"1"	"SAT1"
0	0.595791594635137	0.809	0.747	0	"1"	"FAM20C"
0	0.628979992879857	0.866	0.805	0	"1"	"SNHG18"
0	0.574703990038365	0.767	0.707	0	"1"	"TPGS1"
0	0.947800195758932	0.913	0.856	0	"1"	"SOD2"
0	0.542657066550769	0.845	0.792	0	"1"	"SYF2"
0	0.524983955335992	0.87	0.818	0	"1"	"CAMLG"
0	0.893869066131123	0.979	0.93	0	"1"	"SNHG7"
0	0.758448153092449	0.78	0.737	0	"1"	"PLPP1"
0	0.522833571749955	0.914	0.874	0	"1"	"CCNG1"
0	0.762839116974473	0.976	0.941	0	"1"	"CDKN1A"
0	0.518897585869046	0.945	0.91	0	"1"	"SNHG32"
0	0.578787027079519	0.942	0.907	0	"1"	"SNX9"
0	0.535145326961251	0.854	0.821	0	"1"	"CCPG1"
0	0.524599204610395	0.905	0.872	0	"1"	"C15orf61"
0	0.501591769012411	0.913	0.887	0	"1"	"NBL1"
0	0.633962439282276	0.995	0.969	0	"1"	"FBLN2"
0	0.552533384986924	0.977	0.953	0	"1"	"MFAP2"
0	0.840709752253243	0.997	0.973	0	"1"	"SERPINF1"
0	0.831228586862701	0.998	0.977	0	"1"	"C1S"
0	0.508267906116628	0.985	0.965	0	"1"	"ATF4"
0	0.789315756238656	0.995	0.977	0	"1"	"PNRC1"
0	0.515253963889439	0.924	0.906	0	"1"	"PLIN2"
0	0.885101072237003	0.989	0.973	0	"1"	"SQSTM1"
0	0.603188134756425	0.986	0.97	0	"1"	"CIRBP"
0	0.551657006529097	0.988	0.972	0	"1"	"SRPX"
0	0.502047198606915	0.916	0.901	0	"1"	"AKR1B1"
0	0.729781811504889	0.986	0.972	0	"1"	"TKT"
0	0.580259817185489	0.986	0.972	0	"1"	"SNHG8"
0	0.5104429802796	0.986	0.976	0	"1"	"ZFP36L1"
0	0.539104953810417	0.992	0.982	0	"1"	"GRN"
0	0.552182851935293	0.991	0.982	0	"1"	"CTSD"
0	0.533797132412159	0.992	0.986	0	"1"	"NEAT1"
0	0.523020366362575	1	0.996	0	"1"	"DCN"
0	0.61933817716564	1	0.999	0	"1"	"COL3A1"
0	0.525811039554376	0.999	0.998	0	"1"	"PSAP"
0	0.558142810446264	0.999	0.998	0	"1"	"HTRA1"
0	0.637487287865413	1	1	0	"1"	"FTH1"
0	0.629158381835325	1	1	0	"1"	"MMP2"
0	0.574881804754424	1	1	0	"1"	"FTL"
3.22624866734334e-321	0.506100950809958	0.935	0.917	1.18083927473434e-316	"1"	"FGF7"
1.40411974351145e-317	1.38111325226967	0.338	0.209	5.13921867322625e-313	"1"	"DPT"
4.15734471207889e-314	0.627865893913883	0.615	0.518	1.52162973806799e-309	"1"	"MXI1"
9.13122409779815e-310	0.796052763090801	0.563	0.46	3.3421193320351e-305	"1"	"PLTP"
2.45470192265598e-309	0.547522961268276	0.719	0.657	8.98445450711317e-305	"1"	"ZMAT3"
3.55952497983822e-308	0.902745674720058	0.491	0.381	1.30282173787059e-303	"1"	"SMPDL3A"
2.42019014763433e-307	0.501019877081821	0.882	0.832	8.85813795935642e-303	"1"	"CXCL12"
1.88235685171001e-305	0.588397358076897	0.72	0.646	6.8896143129438e-301	"1"	"ZNF503"
1.07442565230501e-304	0.546552369599716	0.756	0.692	3.93250533000156e-300	"1"	"REV3L"
1.66839057097984e-302	0.663084790386957	0.611	0.53	6.1064763288433e-298	"1"	"SSBP2"
4.68103206076596e-299	0.923293551916521	0.457	0.327	1.71330454456095e-294	"1"	"RARRES1"
3.22630470445625e-297	0.902518541432364	0.451	0.342	1.18085978487803e-292	"1"	"SNHG1"
1.58693477564335e-294	1.3012928418426	0.368	0.236	5.80833997233224e-290	"1"	"CHI3L1"
4.72148300652237e-293	0.84801832812981	0.461	0.349	1.72810999521725e-288	"1"	"CCNG2"
9.3521768348971e-292	0.842416589574555	0.487	0.381	3.42299024334069e-287	"1"	"STARD10"
2.24643403864921e-290	1.04698423035293	0.349	0.231	8.22217322485997e-286	"1"	"KLHL24"
6.16205325004235e-290	0.806523294122771	0.521	0.428	2.255373110048e-285	"1"	"SNHG12"
7.91837409838548e-283	0.835062897381442	0.524	0.415	2.89820410375007e-278	"1"	"TMEM59L"
5.05997989331797e-279	0.72773695575137	0.52	0.416	1.85200324075331e-274	"1"	"DDB2"
1.45829157684077e-277	0.933590193310631	0.382	0.262	5.3374930003949e-273	"1"	"ABCA9"
2.05905691595419e-273	0.561561598529774	0.648	0.578	7.53635421808394e-269	"1"	"GAA"
1.45881349587107e-264	0.840254270587104	0.449	0.329	5.33940327623771e-260	"1"	"ADAMTS5"
2.4950980398346e-264	0.54659652055398	0.885	0.887	9.13230833559863e-260	"1"	"OSBPL8"
7.77321480731292e-262	0.874801939629027	0.439	0.329	2.8450743516246e-257	"1"	"FXYD1"
1.45377415207563e-259	0.693628138220375	0.529	0.432	5.32095877401202e-255	"1"	"BBC3"
8.87476477475391e-256	1.13047281679593	0.313	0.205	3.24825265520768e-251	"1"	"PCBP3"
4.47061576215632e-255	0.607033629813132	0.602	0.525	1.63629007510684e-250	"1"	"C1RL"
1.49785707123591e-252	0.833113760781513	0.434	0.313	5.48230666643057e-248	"1"	"CXCL2"
4.7111143502245e-247	1.18758336559591	0.281	0.171	1.72431496332567e-242	"1"	"APOE"
1.36233622374683e-245	0.961695159099944	0.38	0.276	4.98628681253576e-241	"1"	"RUNX2"
2.40571467715472e-242	0.790157167859295	0.451	0.354	8.80515628985399e-238	"1"	"PLEKHF1"
4.85338967268278e-239	0.612384829122824	0.629	0.566	1.77638915409862e-234	"1"	"NFIL3"
2.56877741160563e-232	0.658584202942205	0.542	0.464	9.40198220421775e-228	"1"	"IDUA"
1.02658907062392e-229	0.536186686963634	0.637	0.569	3.75741865739061e-225	"1"	"TRIM22"
9.40646036611061e-226	0.671768925542453	0.518	0.429	3.44285855860015e-221	"1"	"COL18A1"
1.91857159687561e-224	0.770119293307147	0.423	0.325	7.02216390172441e-220	"1"	"TCP11L2"
8.45249033321455e-222	0.574122548540541	0.8	0.767	3.09369598685986e-217	"1"	"HMOX1"
4.47365900979324e-215	0.612914379528625	0.696	0.638	1.63740393417442e-210	"1"	"PAPPA"
3.25707052550517e-214	0.813090300767869	0.391	0.286	1.19212038304015e-209	"1"	"PDGFD"
1.15391193456531e-210	0.58463623135183	0.561	0.495	4.22343307170251e-206	"1"	"NOA1"
3.6046048870699e-210	0.691301300411727	0.459	0.362	1.31932143471645e-205	"1"	"BEX4"
7.75340955961122e-201	0.770967239716454	0.435	0.346	2.8378254329133e-196	"1"	"PTGFRN"
1.00792693401125e-199	0.560315181858013	0.59	0.533	3.68911337117459e-195	"1"	"IP6K2"
1.50986924447155e-193	0.553508120444487	0.726	0.682	5.52627242169032e-189	"1"	"LXN"
8.62544113859269e-193	0.657677222455181	0.472	0.391	3.15699771113631e-188	"1"	"CCDC18-AS1"
7.62480734512121e-189	0.692597133985362	0.394	0.294	2.79075573638781e-184	"1"	"ABCA6"
9.3626081961582e-189	0.649496734047733	0.485	0.402	3.42680822587586e-184	"1"	"ENOX1"
1.00176052130846e-188	0.769274427017148	0.396	0.302	3.6665436840411e-184	"1"	"PLAAT4"
2.29661653790629e-187	0.520814672501278	0.595	0.531	8.40584619039083e-183	"1"	"PSD3"
2.09940884656607e-183	0.784955257258644	0.559	0.457	7.68404631931649e-179	"1"	"COMP"
1.76823275278247e-181	0.693173850697491	0.419	0.316	6.47190869845913e-177	"1"	"OGN"
3.09341061813125e-179	0.522842417312944	0.574	0.51	1.13221922034222e-174	"1"	"C19orf48"
1.15970699555544e-177	0.553296271249538	0.654	0.616	4.24464357443247e-173	"1"	"MDM2"
1.53819404241041e-174	0.883428761553129	0.275	0.184	5.62994401462635e-170	"1"	"ARHGEF3"
1.70712228484699e-173	0.695226898736228	0.429	0.336	6.24823827476848e-169	"1"	"CPZ"
7.39817367509299e-173	0.651431775040014	0.471	0.399	2.70780554682078e-168	"1"	"ASAP3"
6.6646224182039e-171	0.512142968202086	0.591	0.515	2.43931845128681e-166	"1"	"DEPTOR"
5.47178528518267e-170	0.54394381465211	0.527	0.45	2.00272813222971e-165	"1"	"DNM1"
2.09145703366699e-168	0.547757933172044	0.584	0.521	7.65494188892454e-164	"1"	"BEST1"
1.89093621939708e-165	0.630333368037901	0.461	0.394	6.92101565661526e-161	"1"	"MAP2K5"
1.76504594886894e-161	0.634599555816675	0.413	0.336	6.4602446774552e-157	"1"	"ADA"
6.56411350091966e-161	0.531357731686429	0.601	0.542	2.4025311824716e-156	"1"	"INSIG1"
2.18319888157216e-159	0.594165068014022	0.504	0.436	7.99072622644228e-155	"1"	"FDXR"
2.43434049340843e-159	0.672275179121211	0.427	0.352	8.9099296399242e-155	"1"	"EIF4EBP3"
3.8468398678636e-157	0.983149141115301	0.262	0.179	1.40798186003676e-152	"1"	"SULF2"
9.59500332858228e-153	0.704764430718523	0.382	0.305	3.5118671682944e-148	"1"	"CREBRF"
2.15710759704787e-152	0.586492956033704	0.509	0.455	7.89522951595492e-148	"1"	"HSD17B11"
3.23295813640976e-152	0.558216330604534	0.632	0.57	1.18329500750734e-147	"1"	"PLK2"
3.12473181441919e-150	0.871553072899156	0.279	0.198	1.14368309139557e-145	"1"	"YPEL2"
1.77826617900495e-145	0.60278955553678	0.463	0.401	6.50863204177602e-141	"1"	"GABARAPL1"
8.64656728548684e-145	0.512492833542286	0.603	0.564	3.16473009216104e-140	"1"	"DDIT3"
2.07301934172929e-144	0.534223520282345	0.481	0.41	7.58745809266338e-140	"1"	"LINC01503"
7.31252337069508e-144	0.802656122671984	0.388	0.319	2.67645667890811e-139	"1"	"SIX1"
7.47656203009851e-140	0.917150563219449	0.27	0.192	2.73649646863635e-135	"1"	"SLC12A8"
7.90158398357114e-140	0.600394881517742	0.442	0.376	2.89205875382687e-135	"1"	"PROS1"
1.18784765035831e-137	0.717646191485372	0.403	0.327	4.34764118507646e-133	"1"	"CPE"
1.07393037373974e-136	0.726151219974689	0.34	0.264	3.93069256092481e-132	"1"	"ZNF521"
5.44684125359744e-135	0.561797446813178	0.552	0.496	1.9935983672292e-130	"1"	"HMCN1"
8.18896218631838e-133	0.575599234938707	0.47	0.418	2.99724204981439e-128	"1"	"ZNF277"
5.91874588343611e-132	0.702144722634116	0.375	0.308	2.16632018079645e-127	"1"	"AUH"
1.9994652205577e-131	0.506547733227626	0.544	0.481	7.31824265376325e-127	"1"	"LACC1"
6.85720429234563e-130	0.515497918010332	0.499	0.45	2.50980534304142e-125	"1"	"TFDP2"
1.28037596280587e-125	0.802879543259746	0.292	0.221	4.68630406146577e-121	"1"	"TRANK1"
5.09285332677357e-123	0.602811354287235	0.445	0.381	1.8640352461324e-118	"1"	"FLRT2"
2.25048324296808e-120	0.577545174038604	0.443	0.388	8.23699371758748e-116	"1"	"PBXIP1"
1.07421869222914e-117	0.545142756742655	0.471	0.415	3.93174783542787e-113	"1"	"TRAF3IP2"
3.2700826347935e-115	0.704896558200854	0.368	0.303	1.19688294516077e-110	"1"	"C1QTNF1"
1.34479452045867e-113	0.904417068629824	0.29	0.217	4.92208242433079e-109	"1"	"COL15A1"
8.27536193390206e-111	0.639943132023654	0.343	0.277	3.02886522142749e-106	"1"	"ECM2"
1.03982052070293e-110	0.539034684947941	0.465	0.419	3.8058470878248e-106	"1"	"B4GAT1"
2.03395082675262e-110	0.754290835885176	0.334	0.268	7.44446342099726e-106	"1"	"PDE1A"
1.25915235403541e-109	0.838852161162664	0.302	0.234	4.60862353100501e-105	"1"	"QPRT"
3.38385393452972e-105	0.540609326085121	0.458	0.414	1.23852437857722e-100	"1"	"CUTC"
9.68035976257622e-105	0.593527452661475	0.411	0.356	3.54310847670052e-100	"1"	"GABPB1-AS1"
1.38373091468783e-103	0.534129363390702	0.473	0.426	5.06459352084891e-99	"1"	"PLEKHA5"
3.33077480604797e-101	0.557666036884796	0.416	0.366	1.21909688676162e-96	"1"	"ZBTB20"
6.53842247787697e-98	0.814560749220435	0.257	0.196	2.39312801112775e-93	"1"	"P4HA3"
7.75430851097874e-97	0.703345205718055	0.406	0.343	2.83815445810333e-92	"1"	"CD74"
7.45672332842161e-96	0.547042770432133	0.437	0.378	2.72923530543559e-91	"1"	"HES1"
5.36064645605832e-95	0.52412102137969	0.426	0.381	1.96205020938191e-90	"1"	"ATG14"
1.07247342921713e-94	0.638446915441083	0.34	0.286	3.92535999827761e-90	"1"	"POLL"
1.27428277707151e-94	0.611568351071003	0.35	0.294	4.66400239235942e-90	"1"	"RBM43"
5.00591665629841e-91	0.675073488591134	0.318	0.263	1.83221555537178e-86	"1"	"PCAT6"
1.65557843083376e-90	0.667490047857052	0.316	0.261	6.05958261469465e-86	"1"	"C5orf56"
2.70724866826324e-90	0.685555524656029	0.306	0.25	9.9088008507103e-86	"1"	"ULK1"
1.55282675671696e-89	0.525571332654984	0.483	0.436	5.68350121225974e-85	"1"	"ARL4C"
3.0482146935294e-89	0.546082843977375	0.401	0.354	1.11567705997869e-84	"1"	"SLC38A6"
6.11116910351929e-87	0.633899611545563	0.323	0.269	2.23674900357909e-82	"1"	"SESN1"
1.55064712919491e-86	0.52229173391031	0.441	0.401	5.67552355756628e-82	"1"	"IFFO1"
4.83501681568161e-86	0.63108162028341	0.325	0.272	1.76966450470763e-81	"1"	"EFHC1"
2.06252385607642e-85	0.5471384472817	0.449	0.406	7.5490435656253e-81	"1"	"GGT5"
5.99767591821368e-84	0.633394586134962	0.327	0.277	2.19520936282539e-79	"1"	"AP001816.1"
3.10037258639944e-83	0.619199049972877	0.323	0.27	1.13476737034806e-78	"1"	"TNFRSF14"
3.93227894176419e-82	0.546733408429393	0.352	0.297	1.43925341547511e-77	"1"	"GBP2"
4.43800565768257e-82	0.536010636456626	0.475	0.445	1.6243544507684e-77	"1"	"FADS1"
3.97864814077913e-81	0.600489627789346	0.341	0.292	1.45622500600657e-76	"1"	"PIR"
2.87948753042253e-78	0.637487050623251	0.359	0.315	1.05392123100995e-73	"1"	"FAM13A"
7.26567499473266e-76	0.656651227796049	0.308	0.259	2.6593097048221e-71	"1"	"SOS1"
1.53140894049042e-75	0.531483815343268	0.368	0.315	5.605109863089e-71	"1"	"ANGPT1"
6.67048479258657e-74	0.561368982513377	0.362	0.318	2.44146413893461e-69	"1"	"RRM2B"
8.58081415481282e-73	0.665415844214836	0.285	0.236	3.14066378880304e-68	"1"	"MGST2"
3.28196640515404e-71	0.607742210028412	0.306	0.26	1.20123252395043e-66	"1"	"ZNF862"
1.96624382594689e-70	0.697576268404473	0.27	0.219	7.1966490273482e-66	"1"	"NR1D1"
3.36503835205006e-70	0.51014198486677	0.379	0.338	1.23163768723384e-65	"1"	"JMY"
7.33751358977868e-70	0.584612375860742	0.336	0.291	2.68560334899489e-65	"1"	"C1QTNF6"
2.47454971549214e-69	0.611355892704059	0.302	0.256	9.05709941367279e-65	"1"	"ANKRA2"
4.52262837924699e-69	0.535394075821238	0.359	0.318	1.65532721308819e-64	"1"	"ANKRD10"
1.99109276198685e-66	0.525024271373157	0.371	0.335	7.28759861814808e-62	"1"	"SLC22A17"
4.24887196943128e-66	0.605271658572083	0.326	0.285	1.55512962953154e-61	"1"	"HIST1H2BK"
8.35239798407985e-66	0.598656826218656	0.324	0.28	3.05706118615307e-61	"1"	"LINC01638"
5.22485551342676e-65	0.614058339860072	0.294	0.25	1.91234936646933e-60	"1"	"SLC27A1"
9.67820043780051e-65	0.599404008419399	0.293	0.248	3.54231814223936e-60	"1"	"CLK1"
2.23036087514991e-63	0.515917617700743	0.353	0.314	8.1633438391362e-59	"1"	"BX284668.5"
1.24252981191477e-60	0.638045372288089	0.299	0.255	4.54778336458927e-56	"1"	"ISYNA1"
3.16739130173775e-57	0.589637829622057	0.286	0.247	1.15929689034903e-52	"1"	"HEXD"
1.69594605796554e-56	0.561179444251498	0.324	0.288	6.20733216675967e-52	"1"	"PPM1D"
1.76823689119131e-55	0.564131828905232	0.326	0.279	6.47192384544933e-51	"1"	"CSTA"
2.33494858964981e-54	0.575848458693146	0.302	0.265	8.54614533297726e-50	"1"	"STAC"
8.53626115551787e-53	0.534076237663153	0.299	0.26	3.12435694553109e-48	"1"	"PLAG1"
3.21916020038594e-51	0.545881113745375	0.273	0.233	1.17824482494326e-46	"1"	"EDA2R"
8.59942156650334e-50	0.562584363357213	0.293	0.256	3.14747428755589e-45	"1"	"PACSIN3"
1.70053913385362e-49	0.500637735292171	0.366	0.341	6.22414328381765e-45	"1"	"NT5DC1"
1.5875007323718e-47	0.577246480096597	0.297	0.263	5.81041143055401e-43	"1"	"DLEU2"
2.8105867673553e-47	0.64501041469144	0.266	0.228	1.02870286271971e-42	"1"	"SEZ6L2"
4.35659820346514e-46	0.571780003995862	0.276	0.242	1.59455850845028e-41	"1"	"GABPB1-IT1"
4.05411696440389e-44	0.544877995663001	0.34	0.314	1.48384735014147e-39	"1"	"ALDH3A2"
7.77972456802883e-43	0.549526282173993	0.268	0.234	2.84745698914423e-38	"1"	"CSKMT"
9.7659207211046e-43	0.530818831443857	0.292	0.261	3.5744246431315e-38	"1"	"HSD11B1L"
1.78925904306807e-42	0.54971841908188	0.269	0.236	6.54886702353345e-38	"1"	"PPP1R3F"
2.78198769237226e-42	0.53990099533561	0.27	0.236	1.01823531528517e-37	"1"	"TCEAL7"
2.30583502248306e-40	0.529716691466168	0.282	0.252	8.43958676579025e-36	"1"	"PIGV"
2.71821536900397e-37	0.543063893668032	0.275	0.244	9.94894007209144e-33	"1"	"NTNG1"
5.75906041926766e-36	0.531860173049044	0.254	0.223	2.10787370405616e-31	"1"	"TMEM91"
1.1815009674054e-34	0.508046274361388	0.289	0.264	4.32441169080049e-30	"1"	"KLHL5"
1.32848856423426e-33	0.503151600388379	0.265	0.236	4.8624009939538e-29	"1"	"BTN3A3"
3.13912368547849e-31	0.502269497838134	0.276	0.251	1.14895066012198e-26	"1"	"LINC02482"
3.79493148244638e-18	0.531097623363475	0.299	0.288	1.3889828718902e-13	"1"	"MMP23B"
0	1.95405622515671	0.858	0.483	0	"2"	"PHLDA1"
0	1.96788641845211	0.675	0.317	0	"2"	"BDKRB1"
0	2.20616500390448	0.598	0.242	0	"2"	"DUSP6"
0	1.89084916161573	0.807	0.497	0	"2"	"SLC20A1"
0	2.13683882103698	0.545	0.255	0	"2"	"ICAM1"
0	1.76938661872384	0.512	0.23	0	"2"	"CD82"
0	1.34919635880843	0.675	0.401	0	"2"	"CXCL6"
0	1.68937480162089	0.658	0.385	0	"2"	"ANKH"
0	1.49697674822153	0.634	0.363	0	"2"	"BDKRB2"
0	1.52097755162504	0.613	0.344	0	"2"	"FRMD4A"
0	1.59046319587279	0.497	0.238	0	"2"	"ARHGAP22"
0	1.29143921192506	0.667	0.41	0	"2"	"SOX9"
0	1.98654587520054	0.515	0.259	0	"2"	"TMEM158"
0	1.66793194386279	0.534	0.279	0	"2"	"CXCL1"
0	1.39047418365949	0.541	0.29	0	"2"	"HMGA2"
0	1.30968030991616	0.659	0.417	0	"2"	"C11orf96"
0	1.61945340834497	0.417	0.187	0	"2"	"COL13A1"
0	1.63658202296074	0.598	0.369	0	"2"	"UPP1"
0	1.59533635932525	0.393	0.17	0	"2"	"ETV1"
0	1.19019827942185	0.83	0.611	0	"2"	"GFPT2"
0	3.28878624834002	0.281	0.07	0	"2"	"CXCL8"
0	0.954163944192067	0.669	0.46	0	"2"	"RELB"
0	1.90805105267776	0.416	0.21	0	"2"	"LOXL4"
0	1.4920266025355	0.905	0.7	0	"2"	"DCBLD2"
0	1.68714264283834	0.376	0.177	0	"2"	"GAP43"
0	2.11223914739541	0.306	0.107	0	"2"	"ITGA2"
0	1.95334709239836	0.326	0.128	0	"2"	"POU2F2"
0	1.71618453998463	0.32	0.126	0	"2"	"INSYN2B"
0	0.960347756111787	0.876	0.69	0	"2"	"SPHK1"
0	1.60448040770512	0.319	0.137	0	"2"	"CNIH3"
0	0.965214922775129	0.688	0.511	0	"2"	"SH3PXD2B"
0	1.76687915000849	0.274	0.11	0	"2"	"SPRY4"
0	0.673914571006536	0.888	0.733	0	"2"	"CCND1"
0	1.52461553269887	0.836	0.693	0	"2"	"CCL2"
0	0.893023799069304	0.89	0.75	0	"2"	"PPFIBP1"
0	0.95355990691327	0.894	0.761	0	"2"	"WWTR1"
0	1.07669044238585	0.884	0.752	0	"2"	"OAF"
0	1.19226226227024	0.876	0.745	0	"2"	"PLAUR"
0	1.30382106960617	0.887	0.757	0	"2"	"TNFAIP6"
0	0.814341681174337	0.917	0.805	0	"2"	"SMIM3"
0	0.8616733638793	0.895	0.786	0	"2"	"GNG11"
0	0.972907413819854	0.984	0.906	0	"2"	"HMGA1"
0	0.510232777597587	0.957	0.882	0	"2"	"TGFBR2"
0	0.626385209354949	0.959	0.888	0	"2"	"NBL1"
0	0.686440120353857	0.927	0.858	0	"2"	"PDGFRB"
0	0.661701845406737	0.947	0.892	0	"2"	"PDLIM4"
0	0.663587595947019	0.972	0.926	0	"2"	"MAP4K4"
0	0.874886691439662	0.985	0.962	0	"2"	"TIMP3"
0	0.533179302204069	0.995	0.975	0	"2"	"SRPX"
0	1.10232387576571	0.997	0.978	0	"2"	"CTSL"
0	1.44563053501979	0.999	0.983	0	"2"	"MT2A"
0	0.635320881065373	1	0.996	0	"2"	"COL6A3"
0	0.533507276731883	1	1	0	"2"	"FTH1"
0	1.00771846137664	1	1	0	"2"	"TIMP1"
1.81516185365013e-308	0.691387643037323	0.877	0.775	6.64367390054483e-304	"2"	"BMERB1"
2.47776025674897e-306	1.05643136671759	0.555	0.359	9.06885031572692e-302	"2"	"SYNJ2"
9.61627495148974e-296	0.804349295343904	0.933	0.868	3.51965279499476e-291	"2"	"SOD2"
4.59844029710779e-290	1.35377433709802	0.41	0.227	1.68307513314442e-285	"2"	"LPXN"
2.53279168301461e-288	2.04844707437462	0.435	0.25	9.27027083900179e-284	"2"	"CXCL3"
3.79628622300482e-279	1.18608643599291	0.507	0.325	1.389478720482e-274	"2"	"TBX3"
6.23581136355937e-269	0.605784948220855	0.933	0.882	2.28236931717637e-264	"2"	"MMP14"
1.27642018370431e-268	0.639745909530082	0.831	0.687	4.67182551437613e-264	"2"	"CA12"
1.76493006911514e-266	0.640383701344185	0.867	0.785	6.45982054596833e-262	"2"	"UACA"
2.04242995827247e-261	0.58166608509278	0.916	0.874	7.47549789027308e-257	"2"	"CXXC5"
3.18342800033226e-261	0.957640497929484	0.57	0.391	1.16516648240161e-256	"2"	"FOSL1"
2.12964273206762e-258	2.0874521555945	0.304	0.148	7.79470536364068e-254	"2"	"IL1B"
9.1510752063179e-257	0.910164427682722	0.613	0.426	3.34938503626441e-252	"2"	"CH25H"
1.7019542961421e-254	0.931169719481967	0.578	0.412	6.2293229193097e-250	"2"	"AMOTL1"
3.90296048019825e-251	0.917280612273555	0.67	0.496	1.42852256535736e-246	"2"	"GEM"
8.98009223454966e-249	1.3755652621381	0.514	0.349	3.28680355876752e-244	"2"	"ANGPTL4"
2.4134056759059e-248	1.24219263287566	0.365	0.194	8.83330611438318e-244	"2"	"PTGER2"
4.10467130426105e-248	1.2406647351151	0.334	0.17	1.50235074407259e-243	"2"	"TENM4"
2.19740898893294e-243	1.00029028349241	0.493	0.32	8.04273664039345e-239	"2"	"PLK3"
3.54556700735188e-242	0.832484686760538	0.746	0.594	1.29771298036086e-237	"2"	"PTGES"
4.93583153910731e-242	0.827160367728445	0.631	0.465	1.80656370162867e-237	"2"	"SMIM29"
1.3057435875671e-240	0.887102849941777	0.622	0.446	4.77915210485434e-236	"2"	"IL32"
1.77385886488338e-239	0.831272959461224	0.632	0.462	6.49250083135967e-235	"2"	"TRIM47"
1.59548646774821e-237	0.623850672559917	0.83	0.738	5.83964002060523e-233	"2"	"RAI14"
5.76071624877545e-232	1.25614515679985	0.418	0.253	2.1084797542143e-227	"2"	"CDKN2B"
3.7311423864504e-230	0.743876868043549	0.682	0.546	1.36563542486471e-225	"2"	"PHC2"
8.54801227484437e-230	0.860457747910051	0.581	0.417	3.12865797271579e-225	"2"	"RASSF8-AS1"
8.51300874122506e-229	0.879216869159446	0.56	0.395	3.11584632937578e-224	"2"	"MIR31HG"
1.00514152446827e-227	0.555431272770305	0.84	0.742	3.67891849370633e-223	"2"	"NR2F2"
7.52476253438729e-226	0.758476491811878	0.69	0.564	2.75413833521109e-221	"2"	"NUMB"
3.78958142669161e-225	1.07760367077562	0.405	0.239	1.38702469798339e-220	"2"	"TRPS1"
4.50894604894673e-220	0.672099259792379	0.771	0.656	1.65031934337499e-215	"2"	"ANTXR2"
1.13754115023514e-217	1.50422665253955	0.43	0.261	4.16351436397563e-213	"2"	"CHI3L1"
6.722340754611e-216	0.746337697613863	0.747	0.638	2.46044393959517e-211	"2"	"SLC39A14"
5.94110599226955e-211	0.853117623307396	0.892	0.851	2.17450420423058e-206	"2"	"IER3"
7.66217868161924e-210	0.638820547939213	0.776	0.676	2.80443401925946e-205	"2"	"SDCCAG8"
2.3541793159112e-207	0.97397698051856	0.493	0.339	8.61653171416659e-203	"2"	"ABHD2"
2.93678151079082e-207	1.10349548489718	0.443	0.285	1.07489140076455e-202	"2"	"SLC43A3"
2.81245577135581e-206	0.807151732945223	0.685	0.532	1.02938693687394e-201	"2"	"CBR3"
1.68082109761951e-200	1.26842477417009	0.273	0.135	6.15197329939715e-196	"2"	"KCNJ15"
1.69434911065058e-200	1.37749699253313	0.254	0.122	6.20148717989218e-196	"2"	"RGS17"
8.60133477420006e-199	0.873243164943856	0.564	0.417	3.14817454070496e-194	"2"	"IFT80"
1.43957488856892e-198	0.665613879567873	0.679	0.542	5.2689880496511e-194	"2"	"ELK3"
2.1839239399128e-195	1.50758747554759	0.261	0.129	7.99338001247485e-191	"2"	"TSLP"
9.38186073627932e-193	0.762600144714147	0.703	0.584	3.43385484808559e-188	"2"	"NAMPT"
7.36752379129284e-190	1.1091464666271	0.542	0.4	2.69658738285109e-185	"2"	"ERRFI1"
1.0567296629559e-187	0.804641411623759	0.579	0.424	3.86773623938488e-183	"2"	"CYGB"
2.18525810510255e-183	0.926586959320601	0.708	0.612	7.99826319048586e-179	"2"	"ACSL4"
5.42115623945905e-180	0.742449418105809	0.701	0.577	1.98419739520441e-175	"2"	"PLK2"
9.01049428790322e-180	0.598552256989527	0.805	0.705	3.29793101431546e-175	"2"	"ATP2B1"
1.45324759640184e-172	0.627678038789418	0.681	0.562	5.31903152759036e-168	"2"	"RNF24"
1.86442345376248e-172	0.595776304961952	0.873	0.826	6.82397628311607e-168	"2"	"WTAP"
6.03466081796879e-172	0.678633475827509	0.639	0.497	2.20874620598476e-167	"2"	"PHLDA2"
5.5040467158031e-171	0.967418251919669	0.413	0.273	2.01453613845109e-166	"2"	"BICD1"
2.37256955048277e-169	0.731076906344407	0.596	0.461	8.68384181172199e-165	"2"	"IRF2BP2"
2.82350956135056e-166	0.847893039592716	0.53	0.392	1.03343273454992e-161	"2"	"NTM"
1.45453900269401e-165	0.945710320315904	0.418	0.277	5.32375820376034e-161	"2"	"SPRED1"
2.99623541995184e-165	1.51609638807795	0.345	0.211	1.09665212605657e-160	"2"	"TNFAIP3"
2.0722030239841e-164	0.667868063960425	0.729	0.632	7.5844702880842e-160	"2"	"CCDC71L"
2.64635883803615e-163	0.790138900737339	0.593	0.463	9.68593798309612e-159	"2"	"WLS"
1.7236788380276e-162	1.1532542400454	0.291	0.163	6.30883691506482e-158	"2"	"SEC14L2"
6.17463518811518e-161	1.06543069275509	0.399	0.265	2.25997822520204e-156	"2"	"FOXC2"
2.36558976494933e-160	0.606809805806339	0.693	0.58	8.65829509869104e-156	"2"	"RFTN1"
2.87239965579159e-159	0.984396984957735	0.444	0.312	1.05132699801628e-154	"2"	"SMOX"
5.50521854740351e-158	1.39159675688485	0.482	0.34	2.01496504053516e-153	"2"	"TFPI2"
7.97608230313751e-158	0.713721712882718	0.552	0.412	2.91932588377136e-153	"2"	"SEMA7A"
1.59372821787006e-156	1.13536031212845	0.295	0.17	5.83320465022619e-152	"2"	"SH3BP1"
4.32524769805393e-154	0.762553630811467	0.66	0.528	1.58308390996472e-149	"2"	"CFB"
2.94355683456402e-151	0.560118321120115	0.767	0.685	1.07737123701878e-146	"2"	"EGFR"
3.93296373824399e-146	0.979709467563222	0.495	0.355	1.43950405783468e-141	"2"	"RARRES1"
5.10232666973524e-146	0.92219896714957	0.5	0.379	1.8675025843898e-141	"2"	"QPCT"
5.18722431443337e-144	0.597445920522035	0.606	0.461	1.89857597132576e-139	"2"	"PLAT"
8.51567653501639e-143	0.661293845608758	0.594	0.481	3.11682276858135e-138	"2"	"ITPRIPL2"
1.04383465168826e-142	0.740390324288705	0.46	0.327	3.82053920864419e-138	"2"	"ETV5"
1.10406173742755e-140	0.60167711704867	0.686	0.588	4.04097636515859e-136	"2"	"SLC4A7"
2.87101302128228e-137	0.603259159979029	0.632	0.527	1.05081947591953e-132	"2"	"MTAP"
1.30154787576059e-136	0.744125750080135	0.467	0.338	4.76379538007133e-132	"2"	"CORO2B"
4.23962456180343e-136	0.612848655757184	0.625	0.516	1.55174498586567e-131	"2"	"SMC4"
7.49094276588754e-135	0.542296312220346	0.795	0.71	2.7417599617425e-130	"2"	"CTSK"
2.11264523937257e-134	0.784610148347032	0.443	0.31	7.73249284062756e-130	"2"	"C1QTNF1"
4.06158855898055e-134	0.637580766809213	0.559	0.441	1.48658202847247e-129	"2"	"UBALD2"
1.07025225703787e-131	0.514994383096053	0.71	0.622	3.91723028598431e-127	"2"	"DAXX"
4.43213028011261e-131	0.66693512310382	0.729	0.644	1.62220400382402e-126	"2"	"MT1X"
7.6968734354611e-130	0.596894383663485	0.655	0.554	2.81713264611312e-125	"2"	"BID"
6.96532191414956e-129	0.945780806995963	0.597	0.468	2.54937747379788e-124	"2"	"MGP"
1.04082063578482e-128	0.773736556049917	0.506	0.386	3.80950760903603e-124	"2"	"CLEC2B"
2.89844694772709e-128	0.610973184266603	0.62	0.512	1.06086056733759e-123	"2"	"PHLDB1"
1.16597971204296e-126	0.610212664687602	0.555	0.432	4.26760234404844e-122	"2"	"RIN1"
1.55692546097279e-126	0.588126650444799	0.62	0.516	5.69850287970649e-122	"2"	"HSPH1"
3.89785081046519e-125	0.842328636649648	0.395	0.274	1.42665237513836e-120	"2"	"SHB"
8.07473557925689e-124	0.566501030247996	0.672	0.578	2.95543396936381e-119	"2"	"MAML2"
9.18902640220337e-121	1.25662172837488	0.459	0.34	3.36327555347046e-116	"2"	"CXCL2"
3.82590726486223e-119	0.579432649025642	0.592	0.472	1.40032031801223e-114	"2"	"STEAP1"
6.40203212903536e-118	0.540864583797219	0.709	0.632	2.34320777954823e-113	"2"	"TNIP1"
3.90586154558021e-117	1.07112735435357	0.251	0.147	1.42958438429781e-112	"2"	"STMN3"
4.25007183121116e-117	0.579495781763727	0.58	0.471	1.5555687909416e-112	"2"	"SRPX2"
4.19103111508762e-115	0.556061875462595	0.63	0.519	1.53395929843322e-110	"2"	"SPOCD1"
2.01498677117548e-111	0.577369734970297	0.582	0.482	7.37505308117937e-107	"2"	"ABL1"
4.88287168117524e-111	0.888760989562788	0.407	0.294	1.78717986402695e-106	"2"	"NET1"
2.21424910651307e-110	0.528418956595024	0.582	0.462	8.10437315474849e-106	"2"	"DNM1"
2.3050874614475e-110	1.05951396860942	0.326	0.217	8.436850617644e-106	"2"	"LINC01119"
4.44626283567643e-108	0.589305608749282	0.574	0.468	1.62737666048593e-103	"2"	"MICAL2"
1.58136580151309e-107	0.740536259126175	0.442	0.333	5.78795697011805e-103	"2"	"NFKB2"
1.33465707586001e-106	1.0282791511817	0.251	0.152	4.88497836335524e-102	"2"	"IKBKE"
2.36911539481166e-105	0.93094539053474	0.31	0.206	8.67119925655014e-101	"2"	"FMNL3"
2.94203713196565e-104	0.998751925556649	0.279	0.174	1.07681501067075e-99	"2"	"S1PR3"
4.36465586418908e-103	0.737027451191862	0.401	0.292	1.59750769285185e-98	"2"	"AL162231.1"
6.81584909038342e-101	0.665034615267485	0.464	0.356	2.49466892557124e-96	"2"	"IRS1"
1.52200927013876e-99	0.566312569487087	0.681	0.568	5.57070612963489e-95	"2"	"CCN5"
2.64277455971307e-99	0.960897411469031	0.269	0.171	9.67281916600579e-95	"2"	"SH2B3"
1.92906861148793e-98	0.552476588586557	0.665	0.584	7.06058402490697e-94	"2"	"RAC2"
4.42153490042739e-96	0.676111408319623	0.426	0.315	1.61832598890543e-91	"2"	"ABCA6"
1.46291047268164e-95	0.885233764463571	0.327	0.228	5.35439862106207e-91	"2"	"JARID2"
4.10282308254624e-95	0.685843899833622	0.458	0.358	1.50167427644275e-90	"2"	"APCDD1L"
7.25251621620624e-94	0.630815665970527	0.75	0.699	2.65449346029365e-89	"2"	"RND3"
1.02308988444648e-92	0.576226637010383	0.543	0.448	3.74461128606257e-88	"2"	"COL18A1"
4.13206211192397e-92	0.818588461147126	0.404	0.307	1.51237605358529e-87	"2"	"CLCF1"
1.65699299770956e-90	1.73954847536256	0.258	0.168	6.06476007091678e-86	"2"	"IL33"
3.9660629997913e-88	0.703934800094274	0.396	0.296	1.45161871855361e-83	"2"	"TSHZ3"
5.41476660447954e-88	0.512084084046076	0.576	0.481	1.98185872490556e-83	"2"	"COL5A3"
5.90977629436698e-86	0.77711110331855	0.279	0.182	2.16303722150126e-81	"2"	"TNFRSF21"
2.391345736071e-85	0.966033912598819	0.534	0.453	8.75256452859345e-81	"2"	"TNFAIP2"
4.71777311301853e-85	0.659810621841266	0.443	0.351	1.72675213709591e-80	"2"	"HPCAL1"
1.34234307831615e-83	0.675782031069294	0.49	0.404	4.91310990094493e-79	"2"	"CDK5RAP2"
8.14533673222528e-83	0.590782460782059	0.544	0.452	2.98127469736178e-78	"2"	"GPNMB"
2.19657050100073e-82	0.547179964703122	0.616	0.543	8.03966769071278e-78	"2"	"HIC1"
8.41200206205062e-82	0.635188732203885	0.521	0.439	3.07887687473115e-77	"2"	"NFKB1"
1.31004098801845e-79	0.708805736225198	0.321	0.226	4.79488102024631e-75	"2"	"NES"
3.96980696586878e-79	0.591388536116302	0.528	0.443	1.45298904757763e-74	"2"	"TNFAIP8"
6.71526237940032e-79	0.611626862155946	0.416	0.32	2.45785318348431e-74	"2"	"LHFPL2"
4.18241921766685e-77	0.533505388812984	0.52	0.436	1.53080725785825e-72	"2"	"RASA3"
6.13433916486561e-77	0.509552053898067	0.538	0.455	2.24522947773246e-72	"2"	"RHBDF1"
6.1349696868097e-76	0.563074863863702	0.506	0.417	2.24546025506922e-71	"2"	"SQOR"
4.64248742189104e-75	0.715368971163437	0.321	0.231	1.69919682128634e-70	"2"	"GPR137B"
2.80048223228155e-74	0.623596267618672	0.444	0.353	1.02500450183737e-69	"2"	"WNT5A"
3.27591376116463e-74	0.575226984659722	0.461	0.37	1.19901719572386e-69	"2"	"C14orf132"
1.07575891018967e-73	0.600587654751261	0.622	0.554	3.93738518718523e-69	"2"	"INSIG1"
2.61226521748956e-72	0.632621500381612	0.801	0.781	9.56115192253354e-68	"2"	"NFKBIA"
1.11984075415762e-70	0.507915101402599	0.516	0.433	4.09872914429231e-66	"2"	"EDEM3"
5.14515777465008e-70	0.536163048885191	0.494	0.415	1.88317919709968e-65	"2"	"LIMK1"
3.97119889041972e-68	0.517092076869838	0.508	0.426	1.45349850588252e-63	"2"	"WDR36"
6.2332388322152e-68	0.676932809442509	0.362	0.277	2.28142774497908e-63	"2"	"FAIM2"
7.88072436256558e-66	0.589054898428614	0.453	0.371	2.88442392394263e-61	"2"	"APCDD1L-DT"
1.06753426144441e-64	0.57787989338127	0.435	0.351	3.90728215031268e-60	"2"	"SPSB1"
1.27718625919217e-63	0.639510175265784	0.344	0.261	4.67462942726926e-59	"2"	"CAPRIN2"
2.58653098606482e-63	0.542457078792159	0.48	0.406	9.46696206209586e-59	"2"	"HS3ST3A1"
2.45807871405981e-62	0.66645753363988	0.383	0.308	8.99681390133029e-58	"2"	"GBP3"
9.42719118801727e-62	0.547027829119517	0.458	0.381	3.4504462467262e-57	"2"	"MAFF"
1.08451308326569e-60	0.783423579530242	0.321	0.244	3.96942633606073e-56	"2"	"LIMD2"
2.69746083768834e-60	0.6050386582459	0.394	0.317	9.87297641202308e-56	"2"	"IFNAR2"
3.30544404457123e-59	0.629652303707562	0.316	0.235	1.20982557475351e-54	"2"	"LINC01605"
4.91478748257917e-58	0.538365032401002	0.511	0.436	1.7988613664988e-53	"2"	"BHLHE40"
7.09704023793348e-57	0.680531654862728	0.294	0.217	2.59758769748603e-52	"2"	"CLIP2"
1.65772796608951e-56	0.610291638173806	0.41	0.334	6.06745012868423e-52	"2"	"SLC5A3"
1.0202275502565e-55	0.594627824552433	0.382	0.307	3.73413485669382e-51	"2"	"ITPRIP"
9.99010496556053e-55	0.633266334781097	0.32	0.243	3.65647831844481e-50	"2"	"GAS7"
3.38378419789409e-54	0.502032102300601	0.518	0.453	1.23849885427121e-49	"2"	"UNC5B"
5.65498773430533e-54	0.663140176301919	0.519	0.456	2.06978206063309e-49	"2"	"IRF1"
3.04542407515262e-53	0.613184825731276	0.454	0.371	1.11465566574661e-48	"2"	"TGM2"
8.97043638800242e-53	0.536103095046622	0.453	0.382	3.28326942237277e-48	"2"	"RIN2"
2.89942464694456e-49	0.507962353074497	0.469	0.411	1.06121841502818e-44	"2"	"PTPN12"
2.02580213201775e-48	0.666336554139714	0.302	0.233	7.41463838339818e-44	"2"	"REL"
8.66761951607379e-48	0.522625399265324	0.423	0.354	3.17243541907817e-43	"2"	"KCNG1"
1.99844858004062e-47	0.569002498201598	0.326	0.255	7.31452164780668e-43	"2"	"MICALL2"
1.44141988426887e-44	0.537290399197736	0.356	0.287	5.27574091841251e-40	"2"	"PMEPA1"
1.75970884430995e-43	0.50787939928818	0.328	0.257	6.44071034105883e-39	"2"	"TCF7"
1.7364680901335e-39	0.540604950568929	0.305	0.241	6.35564685669763e-35	"2"	"SLC49A3"
4.76093415033218e-39	0.61429425891986	0.321	0.259	1.74254950836308e-34	"2"	"MARCH3"
2.56063372544684e-38	0.746656847598296	0.27	0.211	9.37217549850798e-34	"2"	"PRSS3"
3.2561542226282e-38	0.607654349233062	0.283	0.223	1.19178500702415e-33	"2"	"TIFA"
8.72754401869215e-38	0.503283207641968	0.363	0.303	3.19436838628151e-33	"2"	"STEAP3"
1.5021548076581e-36	0.539981279492957	0.345	0.287	5.4980368115094e-32	"2"	"HS2ST1"
7.3286144245757e-36	0.56507838926546	0.282	0.224	2.68234616553895e-31	"2"	"STK17B"
8.38113244455365e-35	0.540157696593325	0.301	0.241	3.06757828603108e-30	"2"	"RILP"
1.44952027020423e-33	0.526154472766175	0.286	0.231	5.30538914097451e-29	"2"	"ATP6V0A2"
3.18661393918547e-33	0.590244409324481	0.277	0.222	1.16633256788127e-28	"2"	"PTGIR"
1.94033228773822e-30	0.536278968014408	0.273	0.22	7.10181020635067e-26	"2"	"RESF1"
4.31357328324177e-29	0.509944284118985	0.517	0.483	1.57881095739932e-24	"2"	"TSC22D1"
2.16568783731921e-27	0.620549985770718	0.25	0.201	7.92663405337202e-23	"2"	"NR4A2"
7.57731181218168e-27	0.543035340115428	0.276	0.229	2.77337189637662e-22	"2"	"SERPINB8"
2.0663580642078e-25	0.5449594884638	0.262	0.213	7.56307715080695e-21	"2"	"NPW"
1.90022569180969e-23	0.53801851719314	0.286	0.239	6.95501605459265e-19	"2"	"GALNT12"
7.27324005015694e-23	0.500615640194988	0.258	0.214	2.66207859075794e-18	"2"	"ASPHD1"
0	2.71895992659634	0.87	0.325	0	"3"	"TNXB"
0	2.90220238420822	0.944	0.45	0	"3"	"CLEC3B"
0	2.53005182178261	0.907	0.473	0	"3"	"PCOLCE2"
0	1.89318525576477	0.784	0.363	0	"3"	"LRRN4CL"
0	1.79766691632936	0.89	0.483	0	"3"	"LSP1"
0	1.90414583516837	0.645	0.254	0	"3"	"OLFML1"
0	1.91351875588003	0.725	0.346	0	"3"	"KAZALD1"
0	2.64099242203881	0.592	0.225	0	"3"	"ACKR3"
0	2.25196022616798	0.882	0.516	0	"3"	"ADIRF"
0	4.24807201962927	0.404	0.041	0	"3"	"SCARA5"
0	1.45138206424534	0.702	0.363	0	"3"	"LIMS2"
0	1.60348387539767	0.715	0.379	0	"3"	"AHNAK2"
0	1.5289015163795	0.748	0.415	0	"3"	"VSIR"
0	2.62754436021963	0.483	0.15	0	"3"	"HTRA3"
0	1.62918177329885	0.597	0.265	0	"3"	"SVIL"
0	1.59608608098815	0.595	0.263	0	"3"	"NTN4"
0	2.56465273477313	0.938	0.608	0	"3"	"AKAP12"
0	1.17788466258018	0.811	0.488	0	"3"	"PI16"
0	3.19521071997618	0.4	0.078	0	"3"	"PRELP"
0	1.28774511899092	0.844	0.531	0	"3"	"MEDAG"
0	1.87976538253863	0.69	0.378	0	"3"	"ABI3BP"
0	1.7286965971571	0.692	0.384	0	"3"	"CD9"
0	1.41315528837235	0.737	0.431	0	"3"	"CLIC3"
0	1.49551519896073	0.641	0.335	0	"3"	"PLAU"
0	1.45893356365285	0.789	0.484	0	"3"	"TGFBR3"
0	1.67779344625927	0.766	0.463	0	"3"	"DKK1"
0	1.8411199803755	0.762	0.462	0	"3"	"FST"
0	1.76315593288487	0.513	0.219	0	"3"	"EMILIN2"
0	3.41853744554818	0.426	0.138	0	"3"	"PRG4"
0	1.70914395465805	0.568	0.282	0	"3"	"SBSN"
0	1.15937984875327	0.693	0.409	0	"3"	"MGLL"
0	1.44198402486019	0.595	0.319	0	"3"	"HSD3B7"
0	1.3307731631062	0.845	0.57	0	"3"	"PPP1R14B-AS1"
0	1.62142762214089	0.724	0.449	0	"3"	"PLAT"
0	1.33426455195188	0.594	0.319	0	"3"	"OSR2"
0	1.64728800859052	0.886	0.613	0	"3"	"CRIP1"
0	1.37054234118388	0.601	0.33	0	"3"	"CKB"
0	1.52535304432583	0.873	0.603	0	"3"	"RALGPS2"
0	2.22165308673174	0.38	0.11	0	"3"	"MALL"
0	1.30104525298171	0.708	0.438	0	"3"	"LPCAT4"
0	1.11920016321086	0.834	0.565	0	"3"	"ID1"
0	1.82957287200727	0.914	0.646	0	"3"	"SEMA3C"
0	1.3312134942226	0.894	0.637	0	"3"	"SCARA3"
0	1.16629375736935	0.827	0.57	0	"3"	"KLF4"
0	1.13533582025386	0.668	0.412	0	"3"	"SELENBP1"
0	1.39140888518164	0.635	0.38	0	"3"	"H19"
0	1.23770265857223	0.71	0.456	0	"3"	"DPP4"
0	1.2282257351326	0.855	0.605	0	"3"	"ADK"
0	1.10268367911291	0.72	0.471	0	"3"	"GREM2"
0	1.00902602679993	0.794	0.547	0	"3"	"SNED1"
0	2.51008326400985	0.317	0.074	0	"3"	"AF165147.1"
0	1.23126666560938	0.686	0.445	0	"3"	"AKR1C2"
0	1.07667016064286	0.848	0.607	0	"3"	"AKR1C3"
0	1.54283612405168	0.388	0.154	0	"3"	"IL33"
0	2.69122283790128	0.58	0.347	0	"3"	"IGFBP5"
0	1.83044842049716	0.366	0.137	0	"3"	"ADAMTSL4"
0	0.936713526371248	0.788	0.562	0	"3"	"AKR1C1"
0	1.23846897745965	0.781	0.56	0	"3"	"SMURF2"
0	1.38556665941619	0.526	0.309	0	"3"	"KCTD12"
0	0.976770839457788	0.828	0.611	0	"3"	"ATP2B4"
0	1.61472846113877	0.975	0.758	0	"3"	"PRSS23"
0	1.14799345230614	0.619	0.404	0	"3"	"SYT11"
0	0.944588212864735	0.702	0.488	0	"3"	"KPNA2"
0	1.84540844076829	0.343	0.13	0	"3"	"MEOX2"
0	1.74574419729152	0.368	0.156	0	"3"	"CREB5"
0	0.924369786330939	0.739	0.527	0	"3"	"RARG"
0	2.22384550285415	0.298	0.087	0	"3"	"FGL2"
0	1.57152665692678	0.376	0.165	0	"3"	"PALM"
0	1.55134229935079	0.367	0.157	0	"3"	"ITPR3"
0	1.36069410890028	0.404	0.196	0	"3"	"PRSS3"
0	1.8746360897475	0.334	0.128	0	"3"	"SEMA3B"
0	1.8124039442493	0.33	0.124	0	"3"	"TAFA5"
0	0.926556854836951	0.768	0.562	0	"3"	"PAMR1"
0	0.797741788543568	0.795	0.59	0	"3"	"PTGES"
0	1.1209606075184	0.939	0.737	0	"3"	"PTGIS"
0	0.910972585023058	0.805	0.606	0	"3"	"COL14A1"
0	1.99962367774485	0.309	0.11	0	"3"	"LINC00968"
0	0.839560363628026	0.886	0.691	0	"3"	"ADAMTS1"
0	1.60442855169588	0.318	0.125	0	"3"	"RDH5"
0	0.907727166734671	0.818	0.627	0	"3"	"ALCAM"
0	2.02699859945347	0.28	0.09	0	"3"	"TNNT3"
0	0.869318555896355	0.779	0.592	0	"3"	"TES"
0	1.01083053245663	0.933	0.748	0	"3"	"OAF"
0	0.933240833857437	0.889	0.705	0	"3"	"CDC42EP2"
0	1.90209533324072	0.265	0.082	0	"3"	"FAM180A"
0	1.59558240298586	0.291	0.108	0	"3"	"FGD4"
0	1.68328935578816	0.293	0.111	0	"3"	"ANKRD33B"
0	0.961720997587879	0.868	0.688	0	"3"	"LINC01133"
0	1.03369421135833	0.855	0.679	0	"3"	"LXN"
0	0.895736693195402	0.865	0.691	0	"3"	"C1GALT1"
0	1.46767512630867	0.969	0.796	0	"3"	"PROCR"
0	1.05211260578725	0.939	0.769	0	"3"	"BMERB1"
0	1.14763693728081	0.937	0.77	0	"3"	"UGDH"
0	0.763812015733858	0.916	0.752	0	"3"	"ITGBL1"
0	0.729177464213381	0.888	0.73	0	"3"	"ADAMTSL1"
0	0.729150017056231	0.871	0.713	0	"3"	"LMO7"
0	0.772223761338245	0.947	0.793	0	"3"	"ZFP36L2"
0	0.832482670544077	0.892	0.743	0	"3"	"BAG2"
0	0.840634171343975	0.924	0.78	0	"3"	"ADAM9"
0	0.661760544688534	0.919	0.783	0	"3"	"PMP22"
0	0.816366385618841	0.932	0.803	0	"3"	"EMP1"
0	0.695743807253123	0.907	0.78	0	"3"	"MYO1E"
0	1.22822080138811	0.982	0.856	0	"3"	"NT5E"
0	1.06467624177802	0.964	0.842	0	"3"	"CAPG"
0	0.744972346069931	0.941	0.819	0	"3"	"CD68"
0	0.639893585671463	0.918	0.804	0	"3"	"LPAR1"
0	0.605616823624341	0.916	0.804	0	"3"	"ANXA4"
0	0.575489744238782	0.943	0.832	0	"3"	"CRYAB"
0	1.11502595360739	0.98	0.874	0	"3"	"SPTBN1"
0	0.651834076634767	0.944	0.838	0	"3"	"CXCL12"
0	0.964374158663519	0.986	0.884	0	"3"	"ADD3"
0	0.618775969064811	0.937	0.84	0	"3"	"BLVRB"
0	0.778043554780611	0.967	0.874	0	"3"	"TRIOBP"
0	0.803205400374258	0.918	0.828	0	"3"	"MRPS6"
0	0.587037468495355	0.951	0.862	0	"3"	"SCP2"
0	0.735903189049568	0.994	0.905	0	"3"	"SERPINE2"
0	0.636267884089536	0.957	0.868	0	"3"	"ANXA7"
0	0.788731450633872	0.969	0.882	0	"3"	"METRNL"
0	0.862954398575045	0.965	0.88	0	"3"	"LOXL1"
0	0.746748588070211	0.974	0.89	0	"3"	"ECM1"
0	0.855692697381555	0.97	0.887	0	"3"	"ANPEP"
0	0.697119014323934	0.942	0.86	0	"3"	"AK1"
0	1.91438953123144	0.999	0.919	0	"3"	"S100A4"
0	0.805957260471488	0.938	0.861	0	"3"	"TUBB3"
0	1.38287686289954	0.988	0.912	0	"3"	"IGFBP3"
0	0.673970789090698	0.968	0.894	0	"3"	"SPTAN1"
0	0.600607221332166	0.935	0.862	0	"3"	"CLTB"
0	0.966959265367342	0.985	0.913	0	"3"	"CRABP2"
0	0.8007281462765	0.978	0.907	0	"3"	"HMGA1"
0	0.61174050773926	0.969	0.898	0	"3"	"G6PD"
0	0.569139626635963	0.965	0.895	0	"3"	"GSTO1"
0	0.604753517334139	0.956	0.889	0	"3"	"SERPINB6"
0	0.574689585485965	0.985	0.92	0	"3"	"FBLN1"
0	0.675040906465366	0.977	0.916	0	"3"	"DST"
0	0.560507887788467	0.974	0.914	0	"3"	"ARL6IP5"
0	1.1201065554768	0.994	0.934	0	"3"	"CLU"
0	0.620212825169012	0.987	0.932	0	"3"	"PDGFRA"
0	0.593075204088237	0.968	0.914	0	"3"	"IL6ST"
0	0.797359341150706	0.984	0.936	0	"3"	"PLPP3"
0	0.537158252255791	0.975	0.928	0	"3"	"VASN"
0	1.23778001343429	0.995	0.949	0	"3"	"LINC02802"
0	0.506147790429438	0.971	0.925	0	"3"	"MVP"
0	0.565382647779291	0.986	0.941	0	"3"	"COPZ2"
0	0.549826058340853	0.97	0.926	0	"3"	"BZW1"
0	0.732131037219476	0.983	0.945	0	"3"	"ENG"
0	1.23421507944329	0.993	0.956	0	"3"	"GSN"
0	0.727944097479093	0.994	0.957	0	"3"	"APLP2"
0	0.624585440763172	0.997	0.961	0	"3"	"TIMP3"
0	0.503813166896197	0.99	0.955	0	"3"	"CAPNS1"
0	0.851874621974275	0.997	0.964	0	"3"	"S100A16"
0	0.62736069649284	0.993	0.961	0	"3"	"CCDC85B"
0	0.564522014069071	0.995	0.97	0	"3"	"YWHAQ"
0	0.875952686661693	0.997	0.972	0	"3"	"MFAP5"
0	0.572684272071083	0.996	0.971	0	"3"	"VAT1"
0	0.574994727203639	0.995	0.971	0	"3"	"NQO1"
0	0.673948023585711	0.995	0.972	0	"3"	"PLIN3"
0	1.23540162777313	0.999	0.98	0	"3"	"CAV1"
0	0.580443682548268	0.997	0.978	0	"3"	"CTSL"
0	0.609610272773005	0.999	0.987	0	"3"	"PPP1R14B"
0	0.54193890079889	0.999	0.987	0	"3"	"DRAP1"
0	0.594600008765814	0.999	0.988	0	"3"	"CSTB"
0	0.581308021531874	0.998	0.988	0	"3"	"ARPC1B"
0	0.589003338791857	0.999	0.99	0	"3"	"ANXA1"
0	0.949303512504102	1	0.991	0	"3"	"AHNAK"
0	0.561482221783325	0.999	0.991	0	"3"	"GUK1"
0	0.57635124929759	0.999	0.991	0	"3"	"CYB5R3"
0	0.915761746920514	1	0.993	0	"3"	"CD59"
0	0.930908312913503	0.999	0.993	0	"3"	"FBN1"
0	1.21511340869011	1	0.995	0	"3"	"TXN"
0	0.577150181436329	0.999	0.995	0	"3"	"S100A13"
0	0.557681573172679	1	0.996	0	"3"	"CLIC1"
0	0.505286255924361	1	0.996	0	"3"	"CD151"
0	0.707253163666071	1	0.996	0	"3"	"CST3"
0	0.52541774373826	0.999	0.996	0	"3"	"LY6E"
0	0.879519969457716	1	0.997	0	"3"	"POLR2L"
0	0.989363927788631	1	0.997	0	"3"	"CD248"
0	0.566658962692542	1	0.997	0	"3"	"DCN"
0	0.520792562923311	1	0.997	0	"3"	"EMP3"
0	0.847699497106829	1	0.998	0	"3"	"LMNA"
0	1.17361163412273	1	0.998	0	"3"	"IGFBP6"
0	1.29722439677426	1	0.999	0	"3"	"S100A10"
0	0.554156835926022	1	0.999	0	"3"	"IGFBP4"
0	1.1204512335933	1	1	0	"3"	"SH3BGRL3"
0	0.512279320660486	1	1	0	"3"	"S100A11"
0	0.83852619108953	1	1	0	"3"	"S100A6"
0	0.557296705044587	1	1	0	"3"	"ANXA5"
3.75489890839347e-322	0.708649718106838	0.96	0.883	1.3743305494611e-317	"3"	"TGFBR2"
7.28746827615839e-321	1.00250329726538	0.623	0.404	2.66728626375673e-316	"3"	"SQOR"
2.46828773808891e-318	1.39706342226275	0.546	0.342	9.03417995017921e-314	"3"	"SPRYD3"
1.53328579563195e-317	0.869318423248355	0.663	0.433	5.61197934059251e-313	"3"	"TFPI"
2.23946104486194e-312	0.765649029526984	0.797	0.617	8.19665137029917e-308	"3"	"GFPT2"
3.03822393525591e-312	1.23947192801854	0.535	0.322	1.11202034254301e-307	"3"	"OSR1"
1.56891173824066e-311	0.741276019245085	0.865	0.735	5.74237385313466e-307	"3"	"LTBP1"
1.79317635465817e-309	0.773957888915138	0.783	0.606	6.56320477568435e-305	"3"	"EHBP1"
5.01286303941697e-307	1.32172929166829	0.539	0.339	1.834758001057e-302	"3"	"ERCC6"
1.20616177668833e-306	0.599822771497322	0.953	0.88	4.41467271885696e-302	"3"	"TWIST2"
9.68996876290609e-306	0.795951885109239	0.838	0.684	3.54662546691126e-301	"3"	"COLEC12"
4.73699419758697e-304	0.608874595847854	0.915	0.83	1.73378724625881e-299	"3"	"ADAM10"
1.6569307992392e-300	0.859393174787454	0.673	0.459	6.06453241829539e-296	"3"	"TRIM47"
5.58547246600336e-299	0.707144106216699	0.809	0.65	2.04433877728189e-294	"3"	"PXN"
6.77490865631828e-299	0.63197596828101	0.86	0.738	2.47968431729905e-294	"3"	"CAPN1"
2.59336363298267e-297	0.688896524167343	0.848	0.701	9.49197023307986e-293	"3"	"ARHGAP21"
1.40416133705156e-294	1.56762426999573	0.255	0.097	5.13937090974243e-290	"3"	"OLFML2A"
1.67519582890243e-294	1.33093830935165	0.368	0.176	6.13138425336578e-290	"3"	"ACE"
1.98318118830684e-294	0.983460074761903	0.629	0.432	7.25864146732185e-290	"3"	"AOPEP"
8.79983788653794e-294	1.11301573067762	0.514	0.307	3.22082866485175e-289	"3"	"SAMD9"
1.20784073117564e-293	0.704645251900333	0.909	0.821	4.42081786017596e-289	"3"	"UROD"
1.6368836304023e-291	0.674487719880647	0.878	0.77	5.99115777563546e-287	"3"	"SMIM14"
2.71366506657992e-290	0.705638760820338	0.909	0.803	9.93228551018916e-286	"3"	"PLEC"
8.92611096949052e-288	0.715223781670281	0.807	0.652	3.26704587594323e-283	"3"	"EPB41L2"
6.00724752981664e-285	1.42653977545502	0.297	0.127	2.19871266838819e-280	"3"	"HHIP-AS1"
1.32459728361892e-282	0.577844997271509	0.917	0.824	4.84815851777362e-278	"3"	"PNKD"
1.26234846582621e-281	0.842506504734177	0.695	0.506	4.62032161977052e-277	"3"	"SNX21"
1.74461415214606e-279	0.701709521589765	0.781	0.61	6.38546225826978e-275	"3"	"MCUB"
5.98102578316184e-278	0.5506253475156	0.927	0.863	2.18911524689506e-273	"3"	"SEPTIN9"
1.43640543183302e-276	0.695711175881581	0.827	0.665	5.25738752105204e-272	"3"	"MASP1"
1.95415947650744e-276	0.749915281756957	0.835	0.694	7.1524190999649e-272	"3"	"MAT2A"
1.92700045776076e-274	1.24918353286702	0.406	0.214	7.05301437545015e-270	"3"	"ARHGAP20"
2.12578271646357e-274	0.9010237657589	0.674	0.49	7.78057732052832e-270	"3"	"PYGB"
2.16089634179548e-274	1.18172040338869	0.44	0.243	7.90909670060565e-270	"3"	"DOCK5"
1.72413802538366e-272	0.56690355964614	0.94	0.884	6.31051758670672e-268	"3"	"IPO5"
8.01169477908975e-270	0.75548109251961	0.784	0.625	2.93236040609464e-265	"3"	"SH3D19"
1.30370475692789e-269	1.10913506941519	0.457	0.261	4.77168978083176e-265	"3"	"TRAK1"
1.7081922598932e-268	0.648339354299296	0.819	0.676	6.25215449043511e-264	"3"	"CAV2"
2.32570000025876e-268	1.33023576926945	0.405	0.216	8.51229457094708e-264	"3"	"VIT"
5.71430181678741e-267	0.752466949770153	0.859	0.737	2.09149160796236e-262	"3"	"CCND1"
9.83910766858116e-265	0.58916899412553	0.871	0.741	3.60121179777739e-260	"3"	"PCYOX1"
2.43855824715078e-264	0.800098136675041	0.711	0.537	8.92536704039658e-260	"3"	"CD55"
1.57318567969568e-263	1.4449347923378	0.289	0.128	5.75801690625416e-259	"3"	"MBP"
1.76752871480197e-263	0.615342691159421	0.856	0.726	6.4693318490467e-259	"3"	"MAPK3"
2.98977264206334e-263	0.712873088600213	0.77	0.625	1.0942866847216e-258	"3"	"GLUD1"
4.11322861883401e-260	0.555092193801301	0.943	0.89	1.50548280677943e-255	"3"	"STAT1"
9.31444071216554e-260	0.83710164412586	0.653	0.439	3.40917844505971e-255	"3"	"PENK"
2.65523707364578e-259	1.27308451161325	0.408	0.224	9.71843321325092e-255	"3"	"PRIM2"
1.19035373245676e-258	0.906543115823177	0.849	0.753	4.356813696165e-254	"3"	"HSPB7"
4.32021319665965e-258	0.644143394026155	0.823	0.687	1.5812412321094e-253	"3"	"BIN1"
1.0253073171304e-257	1.33526216073939	0.336	0.163	3.75272731142899e-253	"3"	"SMAD6"
1.12025752256817e-253	0.655851765182234	0.803	0.664	4.10025455835174e-249	"3"	"AXL"
1.71844110067627e-253	1.39220727881506	0.289	0.129	6.28966627258521e-249	"3"	"CPED1"
8.14936146822488e-253	1.36064950177403	0.294	0.132	2.98274779098499e-248	"3"	"CARD10"
1.45331062729242e-252	1.35433136404716	0.307	0.143	5.31926222695298e-248	"3"	"CAMK1D"
3.46720125035984e-252	0.518115131902877	0.91	0.822	1.2690303296442e-247	"3"	"ADI1"
1.11516223907147e-251	0.637778158146023	0.803	0.644	4.08160531122548e-247	"3"	"PSMB9"
4.58511506052524e-250	0.712866111264032	0.789	0.635	1.67819796330284e-245	"3"	"FLNB"
2.213691550099e-249	0.732803335954026	0.71	0.521	8.10233244251736e-245	"3"	"A4GALT"
4.07229527658883e-247	1.13304632311801	0.449	0.265	1.49050079418428e-242	"3"	"PLCB3"
3.19688665800189e-246	1.08225754187186	0.531	0.33	1.17009248569527e-241	"3"	"OGN"
2.72532501827888e-245	0.818048794294124	0.645	0.466	9.97496209940252e-241	"3"	"BCL2L1"
8.64304342948946e-245	1.27895125147705	0.316	0.15	3.16344032562744e-240	"3"	"GPRC5B"
9.00580104793034e-243	1.0027752541203	0.516	0.327	3.29621324155298e-238	"3"	"MAP3K8"
1.43802512746185e-241	0.975395380326486	0.717	0.551	5.26331576902313e-237	"3"	"ALDH1A3"
8.34604017885444e-241	1.11290491387919	0.464	0.276	3.05473416586251e-236	"3"	"ANK2"
8.18945414760614e-240	0.782418802346115	0.719	0.562	2.99742211256532e-235	"3"	"EFHD2"
3.39747472873172e-237	1.05923981223039	0.44	0.257	1.2435097254631e-232	"3"	"EML1"
4.5578313923769e-236	1.03921827173883	0.466	0.277	1.66821186792387e-231	"3"	"LRIG3"
1.6716895541204e-235	0.554392165716417	0.894	0.787	6.11855093703607e-231	"3"	"GNG11"
3.94509095340648e-233	0.997699665924997	0.497	0.312	1.44394273985631e-228	"3"	"SCFD2"
7.34315469209105e-233	0.829437250147193	0.61	0.415	2.68766804885225e-228	"3"	"SECTM1"
2.54728245138635e-231	1.26835361859701	0.304	0.144	9.32330850031919e-227	"3"	"TM4SF1"
3.02847198244482e-231	0.835369314950652	0.309	0.142	1.10845103029463e-226	"3"	"TK1"
7.53303935404243e-231	0.821254899085665	0.626	0.445	2.75716773397307e-226	"3"	"UTRN"
3.27636472163425e-229	0.505109855123457	0.991	0.972	1.19918225176535e-224	"3"	"LUM"
2.37929034758358e-228	0.786301949792654	0.714	0.53	8.70844060119066e-224	"3"	"CBR3"
1.96067153630332e-227	0.844345905138817	0.604	0.428	7.1762538900238e-223	"3"	"KCTD9"
8.7130997039914e-227	0.723021542849856	0.712	0.552	3.18908162265789e-222	"3"	"OSBPL1A"
1.91059425939843e-226	0.836279345898561	0.615	0.439	6.99296604882418e-222	"3"	"ASAP2"
2.66219027902169e-223	0.583554636052875	0.821	0.686	9.7438826402473e-219	"3"	"CALHM2"
4.50222092998191e-223	1.16975395841139	0.286	0.131	1.64785788258268e-218	"3"	"SELENOP"
5.81685601571203e-221	0.892246453384267	0.546	0.359	2.12902747031076e-216	"3"	"LGR4"
1.30955913679487e-219	1.09512415554497	0.394	0.224	4.79311739658289e-215	"3"	"SGMS2"
6.77552248722461e-219	1.40591915592647	0.285	0.136	2.47990898554908e-214	"3"	"SIX2"
1.80583575726107e-217	0.717224469556291	0.66	0.486	6.60953945515123e-213	"3"	"MRGPRF"
9.56219670241567e-217	0.601670669164295	0.833	0.718	3.49985961505116e-212	"3"	"FAM3C"
2.17672809401695e-214	0.709156420301063	0.709	0.552	7.96704249691144e-210	"3"	"PDCD4"
6.15402560407336e-214	0.735645915333712	0.777	0.644	2.25243491134689e-209	"3"	"CRIP2"
4.32183269812479e-213	0.553737745214056	0.823	0.699	1.58183398584066e-208	"3"	"APMAP"
3.96576876067582e-212	0.781247510961253	0.712	0.57	1.45151102409496e-207	"3"	"SH2D4A"
2.74141277357427e-210	0.720097416763169	0.719	0.566	1.00338448925592e-205	"3"	"AHR"
3.47965010694098e-208	0.837505708206783	0.646	0.481	1.27358673564147e-203	"3"	"GASK1B"
1.63102883931007e-207	0.930034694739293	0.503	0.326	5.96972865475879e-203	"3"	"CRYBG1"
6.80560346215564e-207	0.572747043417446	0.801	0.687	2.49091892318358e-202	"3"	"MTHFD1L"
3.11465743076556e-206	1.14684544987872	0.341	0.183	1.1399957662345e-201	"3"	"SYNE3"
5.85254779279465e-205	0.507289176221582	0.899	0.82	2.14209101764077e-200	"3"	"PAM"
1.6079257760391e-202	0.818094090743064	0.551	0.374	5.88516913288071e-198	"3"	"GGH"
5.47723865643577e-202	0.582208278045796	0.778	0.637	2.00472412064206e-197	"3"	"CD109"
4.23077529235682e-201	0.593212629844548	0.78	0.652	1.54850606475552e-196	"3"	"EPB41L3"
4.57170212463196e-199	1.0134698107186	0.463	0.296	1.67328869463654e-194	"3"	"SVEP1"
7.53181919861337e-199	1.1895340776242	0.357	0.197	2.75672114488448e-194	"3"	"PTGER2"
7.99700137718975e-199	0.823855194300019	0.541	0.37	2.92698247406522e-194	"3"	"RPS6KA4"
2.36415587504072e-198	0.618174418632204	0.832	0.703	8.65304691823653e-194	"3"	"ELN"
2.61648497595863e-196	0.654772750935662	0.886	0.81	9.57659666050616e-192	"3"	"MOXD1"
4.81510317255474e-195	1.25556831727639	0.307	0.161	1.76237591218676e-190	"3"	"C6orf132"
6.00234530428291e-195	1.27609764598994	0.287	0.143	2.19691840482059e-190	"3"	"SLC12A6"
6.94299264625569e-194	1.5921703165513	0.281	0.141	2.54120473845604e-189	"3"	"PTHLH"
1.31110480102644e-193	1.37820243765738	0.254	0.119	4.79877468223687e-189	"3"	"DCLK1"
3.95484033462739e-192	0.943880529507926	0.512	0.338	1.44751111087697e-187	"3"	"TFPI2"
4.81938438943614e-190	1.15291244937574	0.312	0.165	1.76394288037752e-185	"3"	"ME3"
7.73283891272055e-190	0.66560010835103	0.763	0.634	2.83029637044485e-185	"3"	"KLF3"
4.19204529130411e-189	0.542249885440331	0.835	0.715	1.53433049707022e-184	"3"	"HEG1"
4.32508823085838e-189	0.589583941626535	0.84	0.729	1.58302554337648e-184	"3"	"IFI30"
2.96241781535344e-188	0.526724823223046	0.819	0.706	1.08427454459751e-183	"3"	"ARF6"
8.85842159445786e-188	0.9840612397077	0.461	0.299	3.24227088778752e-183	"3"	"TRAFD1"
1.44879468135372e-187	0.520565122537374	0.836	0.739	5.30273341322277e-183	"3"	"ETHE1"
2.37790644515804e-186	0.533691737371429	0.807	0.7	8.70337537992295e-182	"3"	"FLII"
2.131885574523e-184	0.942785707018388	0.419	0.254	7.80291439131163e-180	"3"	"CCBE1"
2.80629680282469e-183	0.849118232009095	0.724	0.603	1.02713269280186e-178	"3"	"NIBAN1"
2.92811254347654e-182	0.98389677697613	0.411	0.249	1.07171847203785e-177	"3"	"TCF7"
1.92560489363726e-181	0.64117187082703	0.455	0.272	7.04790647120174e-177	"3"	"PCLAF"
2.20127346792797e-179	0.567518024114674	0.764	0.627	8.05688101996317e-175	"3"	"IDH1"
6.36014315083562e-179	1.15489749287241	0.268	0.132	2.32787599463734e-174	"3"	"ANKRD29"
1.9265281759136e-178	1.30171987745834	0.255	0.125	7.05128577666138e-174	"3"	"THSD1"
2.30983520131343e-178	0.623063867844832	0.701	0.564	8.4542278203273e-174	"3"	"GNPNAT1"
1.3340293772659e-177	0.964095615305855	0.428	0.264	4.88268092373092e-173	"3"	"NPR3"
1.13427121430576e-175	0.78952582565485	0.566	0.406	4.1515460714805e-171	"3"	"ABCC1"
2.36440819785629e-175	0.663018192721061	0.701	0.555	8.65397044497382e-171	"3"	"CSF1"
5.9605158523359e-175	0.894192409526935	0.437	0.275	2.18160840711346e-170	"3"	"AVPI1"
6.56006085719037e-175	0.612112741875745	0.826	0.732	2.40104787434025e-170	"3"	"RBPJ"
3.27503243515208e-173	0.665607580384668	0.658	0.494	1.19869462159001e-168	"3"	"ARHGAP29"
3.62787429489364e-173	1.15834670217684	0.308	0.168	1.32783827067402e-168	"3"	"KAZN"
2.23216609316319e-172	0.582729886764211	0.778	0.653	8.1699511175866e-168	"3"	"VEGFC"
2.42937711535566e-172	0.573462247111925	0.737	0.609	8.89176317991327e-168	"3"	"ADAM15"
8.57879714643258e-172	0.562981916097789	0.839	0.737	3.13992554356579e-167	"3"	"STK17A"
6.9705912473825e-170	0.924491309594141	0.406	0.25	2.55130610245447e-165	"3"	"PLCD1"
1.61259871015125e-167	0.729455285526582	0.554	0.4	5.9022725390246e-163	"3"	"EHD1"
6.08020485101621e-165	0.97445654127933	0.394	0.244	2.22541577752044e-160	"3"	"F10"
2.50120958286385e-164	0.789783395453883	0.524	0.371	9.15467719424e-160	"3"	"ACOT7"
3.82475199347788e-164	0.625385218669025	0.683	0.549	1.39989747713284e-159	"3"	"CHST12"
2.97128278102692e-163	0.955271332910755	0.674	0.551	1.08751921068366e-158	"3"	"SCUBE3"
2.9643542753505e-162	0.691994670902653	0.616	0.467	1.08498330832104e-157	"3"	"POPDC3"
1.20971393166256e-161	0.832336166158153	0.449	0.295	4.42767396127815e-157	"3"	"BTD"
4.77448510909617e-161	0.618988884710839	0.845	0.741	1.74750929478029e-156	"3"	"PLPP1"
1.24377862165151e-160	0.7462402016791	0.547	0.393	4.55235413310668e-156	"3"	"SEMA5A"
7.05690995255541e-160	0.948483120704022	0.454	0.295	2.5828996117348e-155	"3"	"ACKR4"
5.10639621941042e-158	0.596139102742251	0.689	0.56	1.86899208026641e-153	"3"	"NDFIP2"
7.61624127110213e-158	0.894151133580042	0.445	0.294	2.78762046763609e-153	"3"	"PLCD3"
1.57273653753407e-157	0.671685546793722	0.623	0.476	5.75637300102844e-153	"3"	"PODN"
1.6415735195736e-157	1.17308382809263	0.279	0.151	6.00832323899135e-153	"3"	"TBC1D2"
1.77728029194912e-157	0.524433665645442	0.818	0.712	6.50502359656299e-153	"3"	"DCBLD2"
4.41569494191146e-157	0.75543548180774	0.552	0.405	1.61618850568901e-152	"3"	"AL162586.1"
6.59023823714169e-157	1.33270245049516	0.305	0.173	2.41209309717623e-152	"3"	"HLA-DMA"
1.67608306464542e-156	0.774252992292287	0.552	0.4	6.13463162490869e-152	"3"	"ANKH"
5.78421523239068e-155	0.997268025325565	0.353	0.211	2.11708061720731e-150	"3"	"EPHA4"
5.95857761692279e-155	0.995843546478178	0.34	0.199	2.18089899356991e-150	"3"	"SLC27A3"
6.12803892061392e-155	0.663993773698645	0.598	0.449	2.2429235253339e-150	"3"	"RHBDF1"
7.6365898202946e-154	1.13136298983453	0.297	0.166	2.79506824012603e-149	"3"	"ADGRL2"
2.70118281286765e-152	0.804948407613666	0.451	0.302	9.88659921337687e-148	"3"	"EBF2"
1.74045575712364e-151	1.08041438772909	0.327	0.191	6.37024211664824e-147	"3"	"IFIT3"
3.47885949395181e-146	0.7862315744548	0.68	0.534	1.2732973633813e-141	"3"	"IFI27"
2.09016480231347e-145	0.712517940251969	0.726	0.592	7.65021219294753e-141	"3"	"CFD"
5.2957078952563e-145	0.782550235481075	0.42	0.271	1.93828204674276e-140	"3"	"PLEKHA4"
2.18266957430919e-144	0.745130871837714	0.472	0.317	7.98878890892907e-140	"3"	"PLAAT4"
6.15683796998946e-144	0.676863733828995	0.561	0.42	2.25346426539584e-139	"3"	"HIBCH"
3.55583820501542e-143	0.691546225162401	0.506	0.351	1.30147234141769e-138	"3"	"CPZ"
4.43908240339255e-143	0.642462608397206	0.604	0.466	1.62474855046571e-138	"3"	"ZDHHC7"
5.1415561263783e-143	0.930535439953203	0.468	0.328	1.88186095781572e-138	"3"	"SLC5A3"
1.16287551082598e-142	0.574166952371124	0.703	0.574	4.25624065717417e-138	"3"	"XG"
2.94959951747571e-141	0.643788192709055	0.587	0.45	1.07958291939129e-136	"3"	"CYB561"
3.32589730482305e-141	0.656783140420139	0.571	0.427	1.21731167253828e-136	"3"	"NAAA"
6.62040406561275e-141	0.935735423919572	0.37	0.23	2.42313409205492e-136	"3"	"GALNT12"
1.91148122198837e-140	0.633611126480055	0.587	0.45	6.99621242059964e-136	"3"	"RABGEF1"
3.94755990676936e-140	0.707576023961011	0.514	0.37	1.44484640147665e-135	"3"	"POGLUT3"
6.93839164180849e-140	0.965631324261376	0.422	0.288	2.53952072481833e-135	"3"	"GCNT1"
2.64897595294923e-139	0.657036984143182	0.553	0.409	9.69551688538946e-135	"3"	"C1orf21"
7.36782477747513e-139	1.04822784403336	0.302	0.173	2.69669754680367e-134	"3"	"S1PR3"
1.29829054039535e-138	0.662977498290362	0.576	0.441	4.75187320690103e-134	"3"	"SPTLC2"
1.86740011872753e-138	0.557078534752065	0.681	0.541	6.83487117455462e-134	"3"	"ORAI3"
4.65086607396195e-138	0.690123607599194	0.552	0.4	1.70226349173081e-133	"3"	"ERRFI1"
2.55216327405223e-136	0.762692556169773	0.503	0.353	9.34117279935858e-132	"3"	"ADAMTS5"
7.19108898810526e-136	0.591336045320985	0.64	0.496	2.63201048053641e-131	"3"	"ARL4D"
3.12564897469868e-135	0.693455969299517	0.534	0.391	1.14401878122946e-130	"3"	"PCDHGC3"
5.62284407082462e-135	0.561615525131792	0.647	0.518	2.05801715836252e-130	"3"	"RALB"
1.38469847139408e-134	0.925199796283315	0.322	0.191	5.06813487514948e-130	"3"	"NYNRIN"
2.36911524350567e-134	0.656949440507952	0.548	0.407	8.6711987027551e-130	"3"	"C1GALT1C1"
8.02685734265621e-134	1.00264359998287	0.302	0.177	2.9379100559856e-129	"3"	"PARD3B"
2.30041917424463e-133	1.00674975923199	0.309	0.184	8.41976421965276e-129	"3"	"GPD2"
5.278474535073e-133	0.740507901021116	0.543	0.396	1.93197446458207e-128	"3"	"FOSL1"
1.11339464384765e-131	0.596186347594758	0.657	0.531	4.07513573594678e-127	"3"	"HSPA1B"
4.34383744514789e-131	0.530845805091112	0.691	0.575	1.58988794329858e-126	"3"	"CDC42BPB"
2.01943396676683e-130	0.768090796900094	0.438	0.303	7.39133026176328e-126	"3"	"OGDH"
1.8650688023364e-129	1.12420254879506	0.27	0.151	6.82633832343146e-125	"3"	"DMKN"
5.77002773846965e-129	0.846735056898875	0.462	0.33	2.11188785255728e-124	"3"	"C17orf58"
1.89454293364874e-128	1.0345507187027	0.294	0.174	6.93421659144776e-124	"3"	"NHSL1"
1.01499836942128e-127	0.631655391610052	0.552	0.414	3.71499553191884e-123	"3"	"SEMA7A"
1.83239837855082e-127	0.710084434728719	0.446	0.305	6.70676130533386e-123	"3"	"ERAP2"
3.29003094524111e-127	0.807497011618014	0.376	0.243	1.2041842262677e-122	"3"	"DNMBP"
4.37896543071525e-127	0.573104266159784	0.612	0.479	1.60274513729609e-122	"3"	"SERPINB1"
6.75574720549821e-127	0.519820182618111	0.693	0.567	2.4726710346844e-122	"3"	"SWAP70"
2.70336274366547e-126	1.00421687738478	0.267	0.15	9.89457797808997e-122	"3"	"RAB7B"
3.36419303517871e-126	0.589657039920164	0.648	0.53	1.23132829280576e-121	"3"	"TMEM173"
6.17406684931549e-125	0.628408141366473	0.611	0.471	2.25977020751796e-120	"3"	"CFH"
9.55319637532558e-122	0.670816716743601	0.545	0.415	3.49656540533291e-117	"3"	"CUTC"
1.4691603815751e-121	0.720280221383533	0.47	0.337	5.37727391260304e-117	"3"	"DGKA"
1.76401376750221e-120	0.654574705962675	0.472	0.336	6.45646679043485e-116	"3"	"DIAPH1"
2.41209601870607e-120	0.725867848643694	0.421	0.284	8.82851263806608e-116	"3"	"MN1"
2.61192176050053e-120	0.758902122984442	0.383	0.251	9.559894835608e-116	"3"	"APOL1"
2.83069575441947e-120	0.570283785814703	0.629	0.503	1.03606295307507e-115	"3"	"ZSCAN16-AS1"
5.66093319559663e-120	0.593055139928752	0.539	0.4	2.07195815892032e-115	"3"	"IFFO1"
2.25675049813918e-119	1.10862720618317	0.435	0.314	8.25993249823921e-115	"3"	"HLA-DPA1"
6.17022941777106e-119	0.504015143662867	0.68	0.565	2.25836566919839e-114	"3"	"AP1M1"
7.60167464540393e-118	0.620897013930929	0.671	0.566	2.78228893696429e-113	"3"	"TRIO"
1.14713194785677e-117	0.502412445025946	0.676	0.561	4.19861764235057e-113	"3"	"PIGF"
4.54041443836107e-117	0.58426438086912	0.595	0.471	1.66183708858453e-112	"3"	"SMIM29"
1.78998314441136e-116	0.675947489788512	0.512	0.379	6.55151730686e-112	"3"	"BDKRB2"
2.13563979993015e-115	0.777706516341512	0.414	0.286	7.81665523172434e-111	"3"	"AMACR"
3.36376750524752e-115	0.549828497837923	0.616	0.495	1.23117254459564e-110	"3"	"OSTF1"
1.08978680803732e-113	0.558242672642695	0.636	0.523	3.98872869609738e-109	"3"	"TCIRG1"
2.0558213870321e-113	0.894124726736853	0.28	0.165	7.5245118586762e-109	"3"	"APOL3"
2.31118034135922e-112	0.953174757919386	0.261	0.151	8.45915116740888e-108	"3"	"GRK5"
2.42917366586392e-112	0.509365854048136	0.597	0.462	8.89101853442853e-108	"3"	"DNM1"
2.62697494361524e-111	0.736022049367978	0.425	0.298	9.61499099112613e-107	"3"	"CCDC51"
1.5547018705052e-110	0.885005515173956	0.313	0.196	5.69036431623607e-106	"3"	"ATP9A"
1.35742729852446e-106	0.515654879771681	0.653	0.541	4.96831965532936e-102	"3"	"SERTAD1"
2.72562242856204e-106	0.809935084438315	0.361	0.242	9.97605065077994e-102	"3"	"HECTD3"
7.76725024060859e-106	0.605440041261592	0.523	0.398	2.84289126056515e-101	"3"	"SMAGP"
2.13698425334166e-104	0.616136594896878	0.536	0.417	7.82157606565582e-100	"3"	"EHBP1L1"
5.27440268939921e-104	0.50352772668727	0.645	0.529	1.93048412834701e-99	"3"	"RPS6KA2"
2.36323809551921e-101	0.620949796282208	0.483	0.361	8.64968775340985e-97	"3"	"MCU"
1.53082676340556e-100	0.546368496103023	0.561	0.439	5.60297903674071e-96	"3"	"ARL4C"
1.07379356860757e-99	0.800031259577822	0.32	0.207	3.93019184046058e-95	"3"	"SAMD9L"
5.46699655527142e-99	0.621561447341538	0.531	0.413	2.00097540919489e-94	"3"	"KCNMA1"
2.98066345005319e-98	0.52995999768252	0.576	0.461	1.09095262935397e-93	"3"	"ARHGAP12"
6.88991682531553e-98	0.779263992611118	0.374	0.259	2.52177845723374e-93	"3"	"C2orf88"
1.32332540044184e-97	0.930962783000302	0.289	0.183	4.84350329815717e-93	"3"	"LTC4S"
1.72948184523747e-97	0.627946832278063	0.401	0.277	6.33007650175367e-93	"3"	"PDE1A"
6.86407827450166e-96	0.744864167224272	0.36	0.246	2.51232128925035e-91	"3"	"HRH1"
1.12297190341014e-95	0.874231270925169	0.275	0.17	4.11018946367145e-91	"3"	"ARHGAP6"
3.46707825387128e-95	1.02019656350415	0.253	0.153	1.26898531169943e-90	"3"	"SLC6A6"
7.90851784895168e-95	0.664502534895424	0.476	0.36	2.89459661789481e-90	"3"	"USP53"
1.28649134331619e-94	0.916825611413147	0.251	0.15	4.70868696567159e-90	"3"	"SLC35E4"
8.79753743441046e-93	0.610254361232484	0.46	0.344	3.21998667636857e-88	"3"	"CPT1A"
1.06984347607113e-92	0.838866432197954	0.263	0.16	3.91573410676793e-88	"3"	"TCN2"
7.48818639684473e-92	0.566934028109984	0.511	0.392	2.74075110310914e-87	"3"	"MSX1"
1.93615568858532e-91	0.620083126951754	0.448	0.332	7.08652343579115e-87	"3"	"DHRS1"
2.38976415466167e-91	0.525154816009354	0.683	0.596	8.74677578247717e-87	"3"	"MEIS2"
3.36936277636313e-91	0.636016675952324	0.447	0.335	1.23322046977667e-86	"3"	"DAG1"
5.80847666883723e-91	0.766861493894848	0.344	0.236	2.12596054556112e-86	"3"	"LRRC8D"
9.20769399420512e-91	0.585350110297124	0.52	0.41	3.37010807881902e-86	"3"	"PIEZO1"
1.2908136315257e-90	0.584948235347555	0.457	0.331	4.72450697274722e-86	"3"	"LRRC17"
6.67630330064417e-90	0.502491258214704	0.568	0.45	2.44359377106877e-85	"3"	"TNFAIP2"
7.37852025107062e-90	0.533450732046217	0.588	0.486	2.70061219709436e-85	"3"	"ANKRD28"
9.00594563192882e-90	0.566099587103774	0.488	0.376	3.29626616074227e-85	"3"	"CRYZ"
2.88119645648441e-88	0.569724255619401	0.519	0.408	1.05454671503786e-83	"3"	"EDEM2"
3.87991795083416e-88	0.790886868104555	0.343	0.234	1.42008876918481e-83	"3"	"SNCG"
1.06661142790776e-86	0.75306357216295	0.324	0.217	3.9039044872852e-82	"3"	"LINC02202"
2.07301430981838e-86	0.848140223008888	0.262	0.166	7.58743967536624e-82	"3"	"FGF14"
1.62774890763295e-85	0.683537236698559	0.366	0.258	5.95772377682737e-81	"3"	"MYO5A"
1.55533567732819e-84	0.78397278858575	0.289	0.188	5.69268411258891e-80	"3"	"METTL27"
2.98878669807218e-84	0.591151614822672	0.432	0.323	1.0939258193614e-79	"3"	"CACNA2D1"
4.17647245991114e-84	0.623430280289115	0.423	0.314	1.52863068505208e-79	"3"	"PDP1"
4.84674761375115e-84	0.668939483840514	0.374	0.267	1.77395809410906e-79	"3"	"FNDC4"
1.12482635101758e-83	0.578027501788658	0.472	0.363	4.11697692735943e-79	"3"	"ARAP1"
7.50633968993017e-83	0.783372472580167	0.256	0.159	2.74739538991134e-78	"3"	"TNFRSF11B"
2.20443547772761e-82	0.538627540286118	0.51	0.403	8.06845429203082e-78	"3"	"NMT2"
4.51465141573577e-82	0.685481968407	0.395	0.289	1.65240756467345e-77	"3"	"MAPKAPK3"
7.97244092066152e-82	0.732294801167317	0.386	0.281	2.91799310137132e-77	"3"	"P3H2"
1.83489191304957e-81	0.680353518091122	0.343	0.236	6.71588789095274e-77	"3"	"IFIT1"
2.36281880443681e-81	0.704879013998552	0.35	0.248	8.64815310611915e-77	"3"	"FAM20B"
4.26670647479773e-81	0.760764263471022	0.311	0.211	1.56165723684072e-76	"3"	"TBX18"
2.55863696483242e-80	0.53165582142482	0.482	0.376	9.36486715498315e-76	"3"	"TM7SF3"
6.14523753858196e-80	0.57359803253572	0.446	0.336	2.24921839149638e-75	"3"	"TPMT"
9.01179272658175e-80	0.561009287739365	0.495	0.39	3.29840625585619e-75	"3"	"MARCH2"
1.71523217839167e-78	0.750099933659899	0.312	0.214	6.27792129613135e-74	"3"	"BPGM"
1.23450667131243e-77	0.65643223431109	0.281	0.183	4.51841786767064e-73	"3"	"IL13RA2"
1.9836268738403e-77	0.505342367622203	0.475	0.366	7.26027272094289e-73	"3"	"SFXN3"
3.99947476084277e-76	0.739192236450967	0.308	0.212	1.46384775721606e-71	"3"	"FMN2"
7.01507871694642e-75	0.505148499837618	0.488	0.385	2.56758896118956e-70	"3"	"CD27-AS1"
8.1550257438877e-75	0.541024451539449	0.555	0.461	2.98482097252034e-70	"3"	"TCTN3"
9.30567408429651e-75	0.513495583722178	0.496	0.392	3.40596977159337e-70	"3"	"NFIA"
2.8885381616481e-74	0.580264627755045	0.417	0.313	1.05723385254482e-69	"3"	"MINK1"
1.24043686828176e-73	0.502743013542101	0.492	0.39	4.54012298159807e-69	"3"	"ERLIN1"
1.81305247239034e-73	0.560386244834975	0.418	0.312	6.63595335419587e-69	"3"	"ALDH3A2"
1.83211149849053e-73	0.625645229261605	0.413	0.312	6.70571129562518e-69	"3"	"HS6ST1"
6.61149550998879e-73	0.58963510597478	0.422	0.32	2.419873471611e-68	"3"	"IMPA2"
4.04676650748982e-72	0.52812495946652	0.438	0.334	1.48115700940635e-67	"3"	"CDC42EP4"
1.59852216970065e-70	0.560159154784397	0.505	0.408	5.85075099332136e-66	"3"	"RAB3B"
1.65531545471757e-70	0.697671809883352	0.319	0.225	6.05862009581176e-66	"3"	"MAP3K6"
6.8151905715695e-70	0.745231149135322	0.304	0.212	2.49442790110015e-65	"3"	"NEGR1"
1.51225028244638e-69	0.766701091507962	0.333	0.24	5.53498725878199e-65	"3"	"SPRY2"
2.35640342330654e-69	0.525459198058344	0.425	0.323	8.62467216964425e-65	"3"	"CRELD1"
3.73283215201941e-69	0.689073962320881	0.319	0.226	1.36625389596063e-64	"3"	"PYROXD2"
8.04964080734009e-69	0.802607342783831	0.279	0.19	2.94624903189455e-64	"3"	"S100A3"
1.39555851038822e-68	0.549725132385107	0.423	0.325	5.10788370387193e-64	"3"	"SGMS1"
4.35486072894228e-68	0.541011255366439	0.386	0.286	1.59392257540016e-63	"3"	"DGLUCY"
8.51356892294636e-68	0.506623188962161	0.592	0.507	3.1160513614876e-63	"3"	"LDB2"
1.54387062985527e-67	0.563485248101109	0.43	0.331	5.65072089233327e-63	"3"	"ROR1"
5.44263232966744e-67	0.523208637692359	0.448	0.353	1.99205785898158e-62	"3"	"DDHD1"
8.63792986225362e-67	0.501432590798299	0.474	0.376	3.16156870888345e-62	"3"	"GLI3"
2.4386835369531e-66	0.577279396486493	0.446	0.351	8.92582561360205e-62	"3"	"NUMBL"
2.68060489984503e-66	0.688886917060041	0.282	0.193	9.81128199392279e-62	"3"	"CARMIL1"
8.17078523994407e-66	0.502731112079821	0.398	0.297	2.99058910567193e-61	"3"	"CDC25B"
8.73530733411968e-66	0.55495630897588	0.44	0.346	3.19720983736114e-61	"3"	"GALNT1"
1.14555514350138e-65	0.50691906041644	0.483	0.388	4.19284638072939e-61	"3"	"RILPL2"
8.18702712953503e-65	0.565359276890067	0.4	0.304	2.99653379968112e-60	"3"	"DUSP22"
4.57093272885198e-64	0.584347201206633	0.464	0.372	1.67300708808711e-59	"3"	"APBB1IP"
9.22522830494424e-64	0.743080077309548	0.258	0.174	3.37652581189264e-59	"3"	"LIFR"
3.63372509917085e-61	0.57315742148491	0.349	0.256	1.32997972354752e-56	"3"	"C15orf41"
4.3761690263004e-61	0.609606158144563	0.38	0.292	1.60172162531621e-56	"3"	"ST7"
5.01277707902101e-61	0.620659697987705	0.298	0.21	1.83472653869248e-56	"3"	"GM2A"
7.48894867013157e-61	0.555602752389316	0.357	0.264	2.74103010275486e-56	"3"	"TTC7A"
8.01651593785019e-61	0.699872625234856	0.273	0.189	2.93412499841255e-56	"3"	"SNX33"
9.83985219927272e-61	0.675380141794728	0.301	0.214	3.60148430345581e-56	"3"	"ACYP1"
2.89015481974997e-60	0.699939514706291	0.251	0.169	1.05782556557668e-55	"3"	"ATP6V0E2"
7.30402105152257e-60	0.546168671341858	0.384	0.293	2.67334474506778e-55	"3"	"MEAK7"
1.35318728106496e-59	0.538979916811265	0.336	0.244	4.95280076742585e-55	"3"	"CDC14B"
3.21587024235834e-59	0.57159241839078	0.331	0.243	1.17704066740558e-54	"3"	"ENDOD1"
3.35290845342259e-59	0.534221379376732	0.592	0.506	1.2271980230372e-54	"3"	"SULF1"
4.56760825551274e-59	0.716998474917701	0.258	0.177	1.67179029760022e-54	"3"	"KIF7"
2.0122536197043e-58	0.560130872923754	0.319	0.23	7.36504947347971e-54	"3"	"UBA7"
3.04765153883849e-58	0.61060278013559	0.307	0.219	1.11547093973028e-53	"3"	"LIMCH1"
8.6939128089005e-58	0.667897906840787	0.406	0.318	3.18205902718567e-53	"3"	"WNT2"
5.78726605425394e-57	0.688706670848289	0.352	0.268	2.11819724851748e-52	"3"	"PCDH7"
1.74311815356827e-56	0.665099219773405	0.268	0.188	6.37998675387521e-52	"3"	"NIPAL3"
4.10628388900312e-56	0.649693118216724	0.284	0.202	1.50294096621403e-51	"3"	"ELOVL6"
2.16842909167245e-55	0.574248036069354	0.359	0.272	7.93666731843032e-51	"3"	"PLCB1"
1.04907836921467e-54	0.700849915560529	0.255	0.177	3.8397317391626e-50	"3"	"PLEKHG4"
1.58213198848221e-54	0.555428457550911	0.326	0.239	5.79076129104373e-50	"3"	"RILP"
1.59517515546827e-53	0.52169119787893	0.367	0.281	5.83850058652942e-49	"3"	"NOMO1"
4.35344901835659e-53	0.600786182416331	0.289	0.208	1.5934058752087e-48	"3"	"RGL1"
1.07492067353351e-52	0.605391968567332	0.645	0.591	3.93431715719999e-48	"3"	"CTSC"
1.96118478702921e-52	0.567467240976944	0.323	0.241	7.17813243900561e-48	"3"	"TRIM69"
4.10090562979835e-52	0.53490100000838	0.357	0.271	1.50097246956249e-47	"3"	"FOXC2"
1.55726253238434e-51	0.514291156471359	0.367	0.281	5.69973659477991e-47	"3"	"ZNF521"
2.23939976579947e-51	0.636192406010683	0.285	0.207	8.19642708280263e-47	"3"	"CAPN5"
3.72162769023659e-51	0.626313107736763	0.25	0.174	1.36215295090349e-46	"3"	"MTHFR"
6.02196041393244e-51	0.502289608897697	0.337	0.251	2.20409773110341e-46	"3"	"PNP"
7.93053294544829e-51	0.52307977832297	0.321	0.237	2.90265436336353e-46	"3"	"BTN3A3"
1.43111498364762e-50	0.514022895342625	0.458	0.378	5.23802395164864e-46	"3"	"GALNT5"
2.30094102617569e-50	0.562314955298612	0.287	0.206	8.42167424990564e-46	"3"	"ARHGEF3"
4.22305625587951e-50	0.650245715503182	0.319	0.242	1.54568082021446e-45	"3"	"HACL1"
5.47733653548398e-50	0.565850810522931	0.307	0.224	2.00475994535249e-45	"3"	"SERTAD4-AS1"
5.55363652698567e-50	0.532297214540361	0.379	0.298	2.03268650524203e-45	"3"	"PPARG"
3.95865157043538e-49	0.502808574088934	0.366	0.284	1.44890606129505e-44	"3"	"MR1"
1.65054560364509e-48	0.576789898887374	0.291	0.214	6.04116196390138e-44	"3"	"BTN3A2"
2.38410458770082e-48	0.679386919286495	0.358	0.283	8.72606120144377e-44	"3"	"SSX2IP"
1.95575870693091e-47	0.580287684375989	0.268	0.194	7.15827244323782e-43	"3"	"KDM1B"
8.47295020555023e-46	0.517189894134729	0.308	0.232	3.10118450473344e-41	"3"	"ADAMTS7"
1.66304273777121e-45	0.531707730806884	0.294	0.217	6.08690272451642e-41	"3"	"PLEKHO2"
3.85435346069462e-45	0.51356668854039	0.326	0.248	1.41073191014884e-40	"3"	"CPT1C"
1.77201901359704e-44	0.523838935968181	0.31	0.235	6.48576679166652e-40	"3"	"ZFPM2"
5.81560366332541e-44	0.519711087047816	0.333	0.258	2.12856909681373e-39	"3"	"SPRYD4"
1.36027805350548e-43	0.541679328680292	0.305	0.23	4.97875370363539e-39	"3"	"TTLL3"
2.36132529013193e-43	0.539453355811756	0.343	0.268	8.64268669441189e-39	"3"	"FHOD1"
2.76855525831412e-43	0.598326520794905	0.269	0.199	1.01331891009555e-38	"3"	"TBC1D12"
6.87041530420494e-43	0.588890379550515	0.265	0.196	2.51464070549205e-38	"3"	"KIAA1549L"
1.97247659442564e-42	0.533307439229261	0.313	0.241	7.2194615832573e-38	"3"	"AC018521.5"
6.65629350566388e-40	0.631855301054556	0.331	0.263	2.43626998600804e-35	"3"	"PPP1R3C"
7.85210228486735e-40	0.601549308568097	0.264	0.198	2.8739479572843e-35	"3"	"DMPK"
8.28844944256364e-40	0.549682684066451	0.27	0.202	3.03365538047272e-35	"3"	"DCUN1D3"
5.91168744162652e-39	0.541991835574169	0.255	0.19	2.16373672050972e-34	"3"	"ATP6V0A1"
5.60203916561837e-38	0.555241688719425	0.27	0.204	2.05040235500798e-33	"3"	"AC010198.2"
1.73031629406882e-36	0.530924926973438	0.295	0.23	6.33313066792128e-32	"3"	"NECTIN3"
5.45995366984541e-36	0.547025651120436	0.253	0.189	1.99839764270012e-31	"3"	"DLGAP1-AS1"
5.76374985917802e-35	0.505282969976635	0.277	0.213	2.10959008595775e-30	"3"	"GANC"
1.4603427542927e-34	0.508659726332803	0.265	0.201	5.34500051498673e-30	"3"	"CPNE8"
2.72203060978491e-32	0.512239786358872	0.26	0.2	9.96290423487375e-28	"3"	"SIRT7"
4.67918370941231e-28	0.551319587834927	0.319	0.264	1.712628029482e-23	"3"	"HAND2"
5.46757869383119e-27	0.584243808956016	0.252	0.199	2.00118847772915e-22	"3"	"PLEKHM1"
3.40351959237384e-21	0.697610593257911	0.402	0.36	1.24572220600475e-16	"3"	"CD74"
0	3.98273432368718	0.95	0.129	0	"4"	"TK1"
0	5.49051420679927	0.786	0.05	0	"4"	"BIRC5"
0	4.95112174866608	0.779	0.088	0	"4"	"CDKN3"
0	2.77775097439416	0.915	0.267	0	"4"	"PCLAF"
0	7.13105216394851	0.645	0.011	0	"4"	"KIF20A"
0	4.62230333083027	0.833	0.208	0	"4"	"PTTG1"
0	3.6002813681213	0.726	0.109	0	"4"	"CENPW"
0	4.47588099240744	0.637	0.041	0	"4"	"RRM2"
0	5.53236819258254	0.651	0.055	0	"4"	"PRC1"
0	6.00887846961544	0.667	0.073	0	"4"	"CCNB1"
0	3.7196024024588	0.684	0.095	0	"4"	"FOXM1"
0	6.34668698385189	0.628	0.048	0	"4"	"CENPF"
0	4.5932195201201	0.609	0.031	0	"4"	"CENPM"
0	6.18401486521043	0.597	0.021	0	"4"	"MKI67"
0	5.26855579997175	0.642	0.081	0	"4"	"TPX2"
0	6.65254800347216	0.589	0.03	0	"4"	"CDC20"
0	5.84601756329107	0.586	0.031	0	"4"	"ANLN"
0	4.75547300034916	0.627	0.074	0	"4"	"CCNB2"
0	7.36093258456288	0.55	0.008	0	"4"	"DLGAP5"
0	5.81455586431092	0.561	0.03	0	"4"	"NUSAP1"
0	2.7795316462712	0.694	0.163	0	"4"	"CENPN"
0	6.01713046687804	0.549	0.025	0	"4"	"CDCA3"
0	1.90547867350621	0.889	0.373	0	"4"	"GGH"
0	3.49321266102453	0.633	0.118	0	"4"	"DIAPH3"
0	2.7814739709381	0.873	0.36	0	"4"	"TYMS"
0	6.29930405382811	0.518	0.014	0	"4"	"CEP55"
0	2.54722944848251	0.697	0.198	0	"4"	"DHFR"
0	2.69436111949037	0.649	0.151	0	"4"	"RNASEH2A"
0	4.60973017797693	0.531	0.034	0	"4"	"TRIP13"
0	2.35430461637144	0.738	0.248	0	"4"	"HMGB3"
0	3.54544413770854	0.972	0.491	0	"4"	"STMN1"
0	4.19093784086599	0.534	0.064	0	"4"	"MAD2L1"
0	2.15774655892044	0.812	0.343	0	"4"	"DDX39A"
0	2.82574234542031	0.611	0.147	0	"4"	"PHF19"
0	5.59066627577564	0.476	0.015	0	"4"	"TROAP"
0	5.829593562763	0.473	0.013	0	"4"	"PBK"
0	5.2979321823841	0.469	0.015	0	"4"	"APOBEC3B"
0	3.84441197385499	0.752	0.299	0	"4"	"CKS2"
0	2.04914865739993	0.731	0.278	0	"4"	"EZR"
0	5.34638012837896	0.5	0.05	0	"4"	"ASPM"
0	5.25598107237591	0.454	0.017	0	"4"	"SHCBP1"
0	6.91053573574514	0.447	0.014	0	"4"	"PLK1"
0	2.52237941180052	0.713	0.28	0	"4"	"FGF5"
0	2.29417619108448	0.925	0.493	0	"4"	"DTYMK"
0	5.84659079426878	0.448	0.016	0	"4"	"KNL1"
0	4.43408944119937	0.452	0.02	0	"4"	"MYBL2"
0	1.93875936704207	0.881	0.452	0	"4"	"FABP5"
0	1.62093476533333	0.799	0.371	0	"4"	"ACOT7"
0	4.35476414478178	0.462	0.034	0	"4"	"PRR11"
0	6.7577042848023	0.437	0.009	0	"4"	"HMMR"
0	4.40490248415597	0.468	0.041	0	"4"	"LMNB1"
0	2.56751162446164	0.643	0.22	0	"4"	"NCAPD2"
0	2.26598498930844	0.744	0.321	0	"4"	"AC011603.2"
0	6.9314903909081	0.43	0.007	0	"4"	"PIMREG"
0	3.56281016427884	0.476	0.054	0	"4"	"ZWINT"
0	4.44450739037755	0.45	0.028	0	"4"	"SPC24"
0	3.70503845179921	0.592	0.177	0	"4"	"CKAP2"
0	2.52057496232753	0.521	0.108	0	"4"	"CENPH"
0	5.83258693267559	0.431	0.025	0	"4"	"UBE2C"
0	1.9892703229289	0.68	0.275	0	"4"	"SMC2"
0	5.43091235277316	0.442	0.038	0	"4"	"CENPE"
0	5.14326473410823	0.452	0.05	0	"4"	"TOP2A"
0	3.21872282496659	0.48	0.078	0	"4"	"CENPK"
0	1.6601692297654	0.889	0.488	0	"4"	"SNRPA1"
0	1.45365846869722	0.741	0.341	0	"4"	"TFPI2"
0	5.36105842218555	0.43	0.034	0	"4"	"CCNA2"
0	1.60505832386536	0.89	0.494	0	"4"	"NUDT1"
0	1.82501751498432	0.93	0.536	0	"4"	"RPA3"
0	2.05473133800646	0.592	0.201	0	"4"	"MCM7"
0	3.03613958990192	0.467	0.079	0	"4"	"NCAPG2"
0	1.98554145236583	0.63	0.242	0	"4"	"RANGAP1"
0	5.15469821883489	0.409	0.024	0	"4"	"TACC3"
0	4.24242235109978	0.458	0.074	0	"4"	"KIF23"
0	2.35950635429595	0.511	0.128	0	"4"	"LRR1"
0	6.17685078319773	0.393	0.011	0	"4"	"DEPDC1"
0	1.97673024843982	0.866	0.487	0	"4"	"ANP32E"
0	3.764570477266	0.455	0.076	0	"4"	"RACGAP1"
0	3.73217744402865	0.419	0.042	0	"4"	"CIT"
0	2.24833981862947	0.493	0.117	0	"4"	"MCM5"
0	1.54351989644692	0.791	0.416	0	"4"	"TMEM106C"
0	5.92814778316842	0.387	0.012	0	"4"	"BUB1"
0	1.69049497531467	0.787	0.414	0	"4"	"SEMA7A"
0	6.45647863420824	0.385	0.012	0	"4"	"CENPA"
0	1.48040457683773	0.709	0.336	0	"4"	"MTHFD1"
0	1.46812866046651	0.808	0.436	0	"4"	"SKA2"
0	2.31450000522212	0.5	0.128	0	"4"	"MET"
0	2.91980534011352	0.504	0.134	0	"4"	"UBE2T"
0	1.91312833598438	0.65	0.28	0	"4"	"RPL39L"
0	1.61502324032907	0.673	0.304	0	"4"	"HMGA2"
0	5.68302925339645	0.381	0.012	0	"4"	"KIF4A"
0	3.69251022310762	0.462	0.095	0	"4"	"KIF20B"
0	3.5287220482877	0.419	0.053	0	"4"	"POC1A"
0	1.61446388005164	0.643	0.281	0	"4"	"TOMM34"
0	1.36725465520653	0.782	0.421	0	"4"	"PPIH"
0	1.88658156217826	0.561	0.201	0	"4"	"DNAJC9"
0	3.59347613964129	0.395	0.035	0	"4"	"CENPU"
0	2.28143884961018	0.453	0.098	0	"4"	"UHRF1"
0	1.61783620610924	0.728	0.376	0	"4"	"RRM1"
0	5.25892416470183	0.384	0.035	0	"4"	"AURKA"
0	2.59158029802326	0.496	0.148	0	"4"	"TM4SF1"
0	2.29645397077937	0.7	0.352	0	"4"	"H2AFX"
0	1.73074147601848	0.52	0.177	0	"4"	"SPA17"
0	1.64954354381682	0.787	0.444	0	"4"	"LMNB2"
0	4.36241311715548	0.371	0.032	0	"4"	"NCAPG"
0	2.48845546760245	0.435	0.097	0	"4"	"ZWILCH"
0	6.11545118195489	0.349	0.011	0	"4"	"GTSE1"
0	6.31326933326227	0.342	0.006	0	"4"	"IQGAP3"
0	2.6552354023349	0.473	0.138	0	"4"	"ECT2"
0	2.86442596978959	0.373	0.044	0	"4"	"GINS2"
0	5.43218414852888	0.341	0.012	0	"4"	"SPAG5"
0	1.41531714791689	0.865	0.536	0	"4"	"TUBG1"
0	1.23961267471725	0.899	0.571	0	"4"	"TUBB2A"
0	3.79436868196237	0.393	0.066	0	"4"	"SGO2"
0	5.28297482644231	0.338	0.012	0	"4"	"OIP5"
0	2.20347016372595	0.472	0.148	0	"4"	"ENPP1"
0	1.38531608517322	0.883	0.561	0	"4"	"CENPX"
0	4.30629977096698	0.361	0.043	0	"4"	"NDC80"
0	5.79667910672104	0.32	0.007	0	"4"	"SPC25"
0	4.33621484534205	0.343	0.032	0	"4"	"KIF11"
0	1.41661983730946	0.904	0.593	0	"4"	"DNMT1"
0	2.80281951849685	0.387	0.076	0	"4"	"HHIP"
0	6.01062223905827	0.317	0.008	0	"4"	"BUB1B"
0	5.9241377123809	0.318	0.01	0	"4"	"KIF2C"
0	2.93303100459656	0.363	0.063	0	"4"	"CIP2A"
0	5.94800262487515	0.307	0.008	0	"4"	"NUF2"
0	2.2008544508005	0.425	0.126	0	"4"	"MALL"
0	4.95278188465884	0.316	0.017	0	"4"	"CKAP2L"
0	1.22521884431474	0.872	0.574	0	"4"	"SAE1"
0	5.21405634918619	0.309	0.013	0	"4"	"KIFC1"
0	1.18900249529987	0.895	0.604	0	"4"	"DAZAP1"
0	2.83661777701812	0.39	0.1	0	"4"	"CDCA2"
0	3.04826182938205	0.314	0.025	0	"4"	"CLSPN"
0	2.24354843882044	0.364	0.076	0	"4"	"HELLS"
0	2.0578859770535	0.387	0.102	0	"4"	"LIG1"
0	5.72637390690987	0.3	0.015	0	"4"	"CDCA8"
0	2.80473442835675	0.418	0.136	0	"4"	"KNSTRN"
0	3.70783303217075	0.327	0.047	0	"4"	"ARHGAP11A"
0	3.30919758996524	0.321	0.044	0	"4"	"MELK"
0	5.90013535287006	0.284	0.009	0	"4"	"KIF14"
0	2.2810448820147	0.363	0.091	0	"4"	"FAM180A"
0	2.33701790615464	0.351	0.08	0	"4"	"TIMELESS"
0	7.48203976707442	0.271	0.002	0	"4"	"NEK2"
0	1.29990425454883	0.936	0.667	0	"4"	"CORO1C"
0	3.7286183898177	0.279	0.016	0	"4"	"ASF1B"
0	3.0925966599309	0.299	0.038	0	"4"	"FANCI"
0	1.25172274453219	0.951	0.692	0	"4"	"BOLA3"
0	5.10206357853934	0.268	0.011	0	"4"	"NCAPH"
0	3.0142501637118	0.297	0.04	0	"4"	"MND1"
0	2.76145724113426	0.303	0.05	0	"4"	"PARPBP"
0	5.10821836855735	0.273	0.02	0	"4"	"FAM83D"
0	1.14700115584406	0.925	0.675	0	"4"	"ODC1"
0	3.63492628690242	0.276	0.027	0	"4"	"RAD51AP1"
0	1.28454773255127	0.943	0.696	0	"4"	"LSM5"
0	4.53311785117049	0.261	0.018	0	"4"	"AURKB"
0	4.36476159813094	0.26	0.018	0	"4"	"GAS2L3"
0	3.33769688065269	0.255	0.017	0	"4"	"PKMYT1"
0	4.27147140731728	0.251	0.014	0	"4"	"SKA3"
0	2.44896857528394	0.286	0.05	0	"4"	"TCF19"
0	2.14126797215346	0.988	0.76	0	"4"	"JPT1"
0	1.20199509096875	0.944	0.718	0	"4"	"RUVBL2"
0	3.19124077818917	0.279	0.054	0	"4"	"PSRC1"
0	1.31047681839226	0.959	0.734	0	"4"	"ALYREF"
0	3.51364163821366	0.253	0.033	0	"4"	"KIF18A"
0	1.09951759072077	0.967	0.753	0	"4"	"HNRNPM"
0	1.07112565693862	0.923	0.714	0	"4"	"EBNA1BP2"
0	2.12922757611207	0.258	0.05	0	"4"	"MCM2"
0	1.18697846259078	0.952	0.744	0	"4"	"SRSF2"
0	1.51336410070649	0.983	0.782	0	"4"	"LSM4"
0	1.07746159148039	0.947	0.752	0	"4"	"CYCS"
0	1.48659646269302	0.984	0.79	0	"4"	"SMS"
0	1.2321000563342	0.96	0.773	0	"4"	"HNRNPH3"
0	2.49249396012853	0.926	0.743	0	"4"	"UBE2S"
0	1.27509097087834	0.961	0.782	0	"4"	"GLIPR1"
0	1.15646203525217	0.979	0.814	0	"4"	"SRSF3"
0	1.01314205346074	0.961	0.798	0	"4"	"LSM3"
0	1.05597909879844	0.963	0.801	0	"4"	"SNRPD1"
0	1.44625755212569	0.978	0.818	0	"4"	"RANBP1"
0	1.00488955123703	0.966	0.832	0	"4"	"HNRNPAB"
0	1.13506922667654	0.986	0.853	0	"4"	"LRRC59"
0	2.25521138586614	0.989	0.858	0	"4"	"TUBB4B"
0	0.892852219544386	0.973	0.849	0	"4"	"MLEC"
0	0.989233270726422	0.977	0.854	0	"4"	"HNRNPD"
0	1.0098851742049	0.979	0.856	0	"4"	"ATP5MC1"
0	0.956659254036689	0.968	0.846	0	"4"	"HNRNPR"
0	1.46401170543868	0.986	0.864	0	"4"	"SFPQ"
0	0.914982939333913	0.982	0.861	0	"4"	"EWSR1"
0	0.872049518867247	0.974	0.859	0	"4"	"GSPT1"
0	0.865131275117054	0.981	0.866	0	"4"	"MSN"
0	1.21162922756066	0.978	0.865	0	"4"	"FUS"
0	0.915004088163364	0.973	0.862	0	"4"	"PHB"
0	1.13283460104673	0.982	0.871	0	"4"	"SNRPB"
0	0.833505800441836	0.975	0.864	0	"4"	"UBE2L3"
0	0.916794535230657	0.987	0.878	0	"4"	"ACTN4"
0	1.13959738733991	0.991	0.883	0	"4"	"PSME2"
0	1.22783613563938	0.988	0.88	0	"4"	"TUBB6"
0	0.860206807455155	0.979	0.872	0	"4"	"SNRPC"
0	1.01851111944783	0.983	0.881	0	"4"	"PLP2"
0	1.23199344364597	0.987	0.886	0	"4"	"PSMD2"
0	1.40212789531634	0.989	0.888	0	"4"	"H2AFV"
0	0.824991257072553	0.981	0.883	0	"4"	"SNRPE"
0	0.825662370898912	0.977	0.88	0	"4"	"PSMC3"
0	1.17993875252257	0.987	0.896	0	"4"	"NME1"
0	0.846118126544932	0.983	0.895	0	"4"	"NDUFB6"
0	0.920563987303107	0.978	0.891	0	"4"	"ILF2"
0	0.911910237644906	0.986	0.9	0	"4"	"HNRNPL"
0	0.839213779471746	0.984	0.901	0	"4"	"SNRPF"
0	0.891649751426544	0.983	0.905	0	"4"	"CAPN2"
0	0.946440822308808	0.987	0.909	0	"4"	"CCT5"
0	0.916358542029802	0.986	0.908	0	"4"	"DUT"
0	0.748321849913382	0.982	0.905	0	"4"	"PPP1CA"
0	1.0572383449393	0.99	0.914	0	"4"	"HNRNPA3"
0	1.10737983898193	0.988	0.912	0	"4"	"HMGA1"
0	0.77478658783814	0.986	0.91	0	"4"	"COPS6"
0	0.98924673040785	0.998	0.922	0	"4"	"CALM3"
0	0.820575849883172	0.992	0.919	0	"4"	"CAP1"
0	0.748912595017515	0.983	0.91	0	"4"	"DDX39B"
0	1.30766545755088	0.997	0.926	0	"4"	"TPM3"
0	0.891360304523123	0.98	0.909	0	"4"	"PA2G4"
0	0.837786254646468	0.985	0.918	0	"4"	"FSCN1"
0	0.888924366619823	0.993	0.927	0	"4"	"WDR1"
0	1.07179210267989	0.995	0.933	0	"4"	"COTL1"
0	0.764866198583756	0.985	0.927	0	"4"	"VCP"
0	2.30880240332021	0.998	0.941	0	"4"	"H2AFZ"
0	0.924066751454967	0.993	0.939	0	"4"	"HSPE1"
0	0.707425298455922	0.993	0.94	0	"4"	"NHP2"
0	0.814876072328679	0.987	0.936	0	"4"	"C1QBP"
0	0.795606166695532	0.994	0.946	0	"4"	"PSMB3"
0	0.84141876822468	0.989	0.942	0	"4"	"HNRNPDL"
0	0.762154468845992	0.992	0.945	0	"4"	"XRCC6"
0	1.12791336319863	0.986	0.94	0	"4"	"MT1E"
0	0.999053569318873	0.996	0.951	0	"4"	"SNRPG"
0	0.753117530146	0.986	0.941	0	"4"	"MRPL52"
0	0.656348858760064	0.994	0.949	0	"4"	"POLR2E"
0	0.841038884208025	0.994	0.95	0	"4"	"BANF1"
0	1.00184310173409	0.998	0.956	0	"4"	"CALM1"
0	0.760909706875898	0.991	0.95	0	"4"	"SLIRP"
0	0.901852562986224	0.993	0.953	0	"4"	"SLC25A5"
0	0.807529808424152	0.992	0.953	0	"4"	"PRELID1"
0	0.776594526795565	0.993	0.955	0	"4"	"AURKAIP1"
0	0.673279414503976	0.995	0.957	0	"4"	"TOMM5"
0	0.883928238203346	0.995	0.959	0	"4"	"TMED9"
0	0.776085777519364	0.994	0.961	0	"4"	"CCT6A"
0	1.62489643663612	0.994	0.964	0	"4"	"TUBA1C"
0	0.681413887785244	0.991	0.963	0	"4"	"SRM"
0	0.7376767127334	0.993	0.965	0	"4"	"PTGES3"
0	1.66124840006328	1	0.973	0	"4"	"HMGN2"
0	0.841496743394306	0.998	0.971	0	"4"	"YWHAZ"
0	0.712826881857533	0.996	0.969	0	"4"	"CKAP4"
0	2.3297512600526	1	0.974	0	"4"	"TUBA1B"
0	0.655092018549547	0.994	0.968	0	"4"	"PSMB6"
0	0.889759612967109	0.997	0.972	0	"4"	"YWHAQ"
0	0.587464857590331	0.992	0.969	0	"4"	"MLF2"
0	0.837253424975674	0.988	0.966	0	"4"	"S100A16"
0	0.812525095433053	0.996	0.974	0	"4"	"HSPD1"
0	0.656406832403336	0.997	0.976	0	"4"	"GNAI2"
0	0.55854980093898	0.997	0.978	0	"4"	"MICOS10"
0	1.34273927083847	0.998	0.981	0	"4"	"CAV1"
0	1.18584114358395	1	0.984	0	"4"	"MT2A"
0	0.670651066051715	1	0.984	0	"4"	"YWHAE"
0	0.839656985751563	1	0.985	0	"4"	"PTMS"
0	0.645288193975956	1	0.985	0	"4"	"PSMA7"
0	0.731632795116426	0.996	0.982	0	"4"	"RPL22L1"
0	0.553541231531052	0.999	0.985	0	"4"	"COX7A2"
0	0.532267139067169	0.998	0.985	0	"4"	"ARF1"
0	0.575088803207559	1	0.989	0	"4"	"ARPC2"
0	0.756695103567967	0.999	0.988	0	"4"	"PPP1R14B"
0	1.08438419015527	0.999	0.988	0	"4"	"DRAP1"
0	1.14094562305263	0.999	0.988	0	"4"	"EIF5A"
0	1.40797477921559	1	0.99	0	"4"	"HNRNPA2B1"
0	0.612318913834899	0.999	0.989	0	"4"	"ATP5MF"
0	0.839010726986817	1	0.99	0	"4"	"COX8A"
0	1.51896524274601	1	0.99	0	"4"	"HMGB1"
0	0.725956919205264	1	0.99	0	"4"	"CAVIN1"
0	0.617072051370276	1	0.99	0	"4"	"MYDGF"
0	0.770569285413716	0.999	0.991	0	"4"	"RHOC"
0	0.674553820204602	0.998	0.99	0	"4"	"ATP5MC3"
0	0.67017423320002	0.999	0.991	0	"4"	"NCL"
0	0.936071220330185	1	0.993	0	"4"	"TAGLN2"
0	0.718190280270866	0.999	0.992	0	"4"	"ATP5F1B"
0	0.70199906990564	1	0.994	0	"4"	"PRDX1"
0	0.9994660477223	1	0.995	0	"4"	"RAN"
0	0.617430096048748	0.999	0.995	0	"4"	"PGAM1"
0	0.570893067502618	0.999	0.995	0	"4"	"DYNLL1"
0	1.03491480571257	1	0.996	0	"4"	"HSP90AA1"
0	0.816069475560754	1	0.997	0	"4"	"CLIC1"
0	0.655726056395627	1	0.997	0	"4"	"POLR2L"
0	0.634715032457933	1	0.998	0	"4"	"ENO1"
0	0.56752166058099	1	0.998	0	"4"	"HNRNPA1"
0	1.07091353807502	1	0.999	0	"4"	"LMNA"
0	1.10688117766529	1	0.999	0	"4"	"TUBB"
0	0.962769618991957	1	0.999	0	"4"	"CFL1"
0	0.515794711012206	1	0.999	0	"4"	"EIF4A1"
0	0.916707037397527	1	0.999	0	"4"	"CALR"
0	0.622751160270257	1	1	0	"4"	"YBX1"
0	0.665953360316561	1	1	0	"4"	"TMSB10"
0	0.688962436552591	1	1	0	"4"	"PTMA"
0	0.900501367445232	1	1	0	"4"	"ACTB"
0	0.564865721679532	1	1	0	"4"	"PPIA"
0	0.537693637767391	1	1	0	"4"	"MYL6"
0	0.681510878375549	1	1	0	"4"	"ANXA2"
0	0.584813871302293	1	1	0	"4"	"PKM"
0	0.784142298613167	1	1	0	"4"	"PFN1"
0	0.526532595506129	1	1	0	"4"	"LGALS1"
4.94065645841247e-324	0.590135298300191	0.999	0.995	1.80832967034355e-319	"4"	"TXN"
9.88131291682493e-324	2.35741433532061	0.366	0.103	3.61665934068709e-319	"4"	"GPSM2"
9.88131291682493e-324	0.65598398698383	0.99	0.94	3.61665934068709e-319	"4"	"SRP9"
2.47032822920623e-323	0.529921908415226	1	1	9.04164835171773e-319	"4"	"SH3BGRL3"
1.13635098543487e-322	0.64371400791354	0.991	0.955	4.15915824179016e-318	"4"	"TOMM6"
6.47225996052033e-322	0.971663536648629	0.935	0.715	2.36891186815005e-317	"4"	"SNRPA"
6.6204796542727e-322	0.539760043649201	1	0.999	2.42316175826035e-317	"4"	"LDHA"
1.16105426772693e-321	0.646896784102874	0.991	0.943	4.24957472530733e-317	"4"	"ARPC1A"
2.02566914794911e-321	0.897005681811411	0.958	0.798	7.41415164840854e-317	"4"	"PCMT1"
5.70151755300799e-321	0.611905178250151	0.994	0.969	2.08681243957645e-316	"4"	"SEC13"
1.50492395723244e-320	2.53856190090721	0.26	0.055	5.50817217586644e-316	"4"	"ITGA6"
6.4683074353536e-320	2.22376530913253	0.261	0.055	2.36746520441377e-315	"4"	"BRCA1"
8.88196633498184e-319	1.79849518147834	0.798	0.518	3.2508884982667e-314	"4"	"SMC4"
1.93829363848209e-318	0.763476244513734	0.982	0.905	7.09434854620828e-314	"4"	"ARHGDIA"
1.96588720480232e-318	0.790891358711375	0.994	0.941	7.19534375829697e-314	"4"	"C12orf75"
1.50265817218061e-317	0.584393568835033	0.998	0.982	5.49987917599825e-313	"4"	"FKBP1A"
2.96451146267119e-317	0.502983581761248	1	1	1.08504084045228e-312	"4"	"ACTG1"
4.16929696290847e-317	1.77523100240513	0.599	0.253	1.52600438139413e-312	"4"	"NSD2"
2.42203988339834e-316	0.991422641640805	0.95	0.778	8.86490817722627e-312	"4"	"SRSF7"
2.25937512318932e-315	0.571570052182451	0.995	0.983	8.26953888838521e-311	"4"	"SUB1"
6.69946621316109e-314	0.663483529355928	0.985	0.939	2.45207162867909e-309	"4"	"CCT7"
7.64923188107649e-314	1.05474619512659	0.931	0.702	2.79969536079281e-309	"4"	"CTNNAL1"
1.9396881621269e-312	0.584650412077881	0.995	0.97	7.09945264220066e-308	"4"	"VDAC1"
4.02238895653932e-312	1.11275026510013	0.907	0.682	1.47223458198296e-307	"4"	"CAV2"
1.25942900511707e-310	2.29017458698799	0.303	0.074	4.609636101629e-306	"4"	"ITGA3"
3.2923353823847e-310	1.77221031778893	0.449	0.147	1.20502767330663e-305	"4"	"PRR34-AS1"
3.83332262265702e-310	0.798295251602645	0.971	0.848	1.4030344131187e-305	"4"	"NDUFB3"
1.31916289104004e-309	0.592877680141846	0.994	0.963	4.82826809749564e-305	"4"	"MRPL51"
7.19921025045056e-309	1.46665727940774	0.694	0.335	2.63498294376741e-304	"4"	"ARHGAP18"
8.14373451203307e-309	0.878121608084459	0.963	0.808	2.98068826874923e-304	"4"	"SYNCRIP"
1.2236805974956e-308	1.24353766941081	0.931	0.743	4.47879335489364e-304	"4"	"CCND1"
1.26880858521206e-308	0.936469983971115	0.945	0.774	4.64396630273464e-304	"4"	"MRPL12"
1.4089070142904e-308	0.886408506780949	0.965	0.836	5.15674056300431e-304	"4"	"CACYBP"
2.18908089616863e-307	0.80047649781532	0.974	0.885	8.01225498806681e-303	"4"	"PRKDC"
2.82990765071674e-306	0.690005260806613	0.986	0.913	1.03577449923883e-301	"4"	"PDAP1"
7.69381473436572e-306	0.855395875116948	0.972	0.848	2.8160131309252e-301	"4"	"HDGF"
3.31733681513457e-305	1.14174436218684	0.857	0.544	1.2141784477074e-300	"4"	"TMEM160"
6.92809437767546e-305	1.90556894291093	0.281	0.064	2.53575182317299e-300	"4"	"CDT1"
6.31916519215844e-303	0.664810699912513	0.986	0.92	2.31287765198191e-298	"4"	"ELOC"
4.45599467993161e-302	0.593665892503541	0.997	0.973	1.63093861280177e-297	"4"	"PLIN3"
6.34375950202408e-302	1.73085371184078	0.692	0.372	2.32187941533583e-297	"4"	"MZT1"
3.05913471932633e-301	0.887540524621881	0.976	0.875	1.11967389862063e-296	"4"	"COPRS"
7.96585235515209e-299	1.28370285897427	0.768	0.402	2.91558162050922e-294	"4"	"CD9"
2.40375819798175e-298	1.89537356835074	0.343	0.093	8.79799538043301e-294	"4"	"ARNTL2"
3.22087092141577e-298	1.36412913612432	0.773	0.447	1.17887096594739e-293	"4"	"CSE1L"
2.37161400299529e-296	1.30735169340125	0.85	0.561	8.68034441236305e-292	"4"	"SDF2L1"
1.09597164564857e-295	0.528933770178323	0.998	0.991	4.01136582023835e-291	"4"	"PDIA6"
1.75610417064094e-295	0.93957595009337	0.94	0.752	6.42751687496289e-291	"4"	"ILF3"
4.03299374148185e-295	1.41921692220785	0.744	0.405	1.47611603931977e-290	"4"	"RAB3B"
8.59326640846574e-295	0.673220634294224	0.988	0.932	3.14522143816255e-290	"4"	"XRCC5"
1.30280591603559e-294	2.03271882394979	0.363	0.106	4.76839993328187e-290	"4"	"MIS18A"
2.7422997755883e-293	0.564398630015704	0.992	0.965	1.00370914086307e-288	"4"	"MDH2"
1.23234979542108e-292	0.939049327986011	0.928	0.725	4.51052348622068e-288	"4"	"C20orf27"
1.88523437407799e-292	0.591458540394142	0.994	0.956	6.90014633256284e-288	"4"	"RBX1"
3.67556897015257e-290	0.952947755288793	0.959	0.838	1.34529499876554e-285	"4"	"NUCKS1"
8.86195875277841e-290	0.719681075714536	0.981	0.912	3.24356552310442e-285	"4"	"IKBIP"
1.46313092192245e-289	0.910561625830802	0.971	0.856	5.35520548732837e-285	"4"	"YWHAH"
2.47529890337293e-289	1.23188150488042	0.847	0.568	9.05984151623525e-285	"4"	"EFHD2"
2.56734308335221e-289	0.582788764799427	0.993	0.966	9.39673241937743e-285	"4"	"TRMT112"
5.72075090323965e-289	0.503686394715997	1	0.997	2.09385203809474e-284	"4"	"EMP3"
7.14710913727153e-288	0.664113984073071	0.982	0.919	2.61591341533275e-283	"4"	"MDH1"
2.26035268219758e-287	0.633479980604602	0.997	0.984	8.27311685211135e-283	"4"	"SSR3"
2.41295329868351e-287	0.966263588373579	0.913	0.688	8.8316503685115e-283	"4"	"UBE2N"
2.28284494606941e-286	0.622695263880775	0.991	0.949	8.35544078710866e-282	"4"	"CDC42"
3.67637249703843e-286	1.00894792640583	0.975	0.864	1.34558909764104e-281	"4"	"TUBB3"
3.93485614816706e-286	0.536830541925637	0.994	0.967	1.44019669879063e-281	"4"	"COX5A"
4.38695855418823e-285	0.949140561996139	0.92	0.693	1.60567070041843e-280	"4"	"COMMD4"
7.0957494179168e-284	2.12788398566825	0.385	0.12	2.59711524445173e-279	"4"	"RGS4"
6.20887653330348e-283	0.79420617867687	0.96	0.818	2.27251089995441e-278	"4"	"ITGB1BP1"
7.59794356520743e-283	1.40972028673511	0.671	0.322	2.78092332430157e-278	"4"	"ADGRE5"
1.55640743219604e-282	0.653311586043779	0.985	0.925	5.69660684258072e-278	"4"	"NAA38"
2.33667440015887e-282	1.54040462227629	0.731	0.399	8.55246197202148e-278	"4"	"FOSL1"
2.71785279639143e-282	1.65444100345899	0.634	0.289	9.94761302007229e-278	"4"	"PEG10"
1.36080583781938e-281	1.41967277081662	0.625	0.281	4.98068544700272e-277	"4"	"COQ2"
2.08993653882178e-281	0.960020071559091	0.954	0.781	7.6493767257416e-277	"4"	"UGDH"
6.62244246359345e-281	0.758259295540571	0.971	0.874	2.42388016609984e-276	"4"	"ARPC4"
2.27631866570683e-280	2.29072812284464	0.786	0.499	8.33155394835357e-276	"4"	"KPNA2"
2.27955866170978e-279	1.60439139301778	0.464	0.162	8.34341265772395e-275	"4"	"POP1"
4.34370016621159e-279	0.604863819132024	0.992	0.963	1.5898376978351e-274	"4"	"SET"
4.56305078546931e-279	1.05399197894229	0.866	0.6	1.67012221798962e-274	"4"	"ATP1B3"
6.19876427160949e-277	1.25299902550225	0.781	0.457	2.26880971105179e-272	"4"	"THOC3"
1.70252935960273e-276	1.16764180785292	0.834	0.543	6.23142770908197e-272	"4"	"TOMM40"
1.78118196285213e-276	1.66337889467701	0.495	0.188	6.5193041022351e-272	"4"	"S100A3"
1.08313055375578e-274	1.72089202421221	0.413	0.136	3.96436613980152e-270	"4"	"ATAD3B"
1.38959570630732e-274	0.726203373004331	0.976	0.91	5.08605924465543e-270	"4"	"CCT2"
5.90085539991206e-274	1.57157499419845	0.549	0.224	2.15977208492181e-269	"4"	"NES"
5.92121054094958e-272	1.14041900480399	0.823	0.516	2.16722227009296e-267	"4"	"WDR34"
1.0947521510833e-271	0.554860889874095	0.996	0.968	4.00690234817999e-267	"4"	"DBI"
1.38821758653727e-271	0.685332021050076	0.977	0.894	5.08101518848505e-267	"4"	"CYC1"
8.65629861445386e-269	1.7995094537377	0.409	0.135	3.16829185587626e-264	"4"	"NAV2"
2.11959265273251e-268	0.582136575760368	0.987	0.944	7.75792106826626e-264	"4"	"NDUFS8"
8.24106640097802e-267	0.78091728899232	0.955	0.811	3.01631271342196e-262	"4"	"MTCH2"
1.25210880578492e-266	0.500858792316027	0.996	0.988	4.58284344005337e-262	"4"	"SERBP1"
2.58446426930461e-266	0.609615693565262	0.997	0.996	9.4593976720818e-262	"4"	"CALM2"
1.89506547763047e-265	1.94692506098661	0.286	0.073	6.93612915467529e-261	"4"	"CSPG4"
5.15564597519024e-265	0.693026285066287	0.989	0.904	1.88701798337938e-260	"4"	"ANXA6"
8.69307453114143e-265	0.901243370287475	0.978	0.919	3.18175220914308e-260	"4"	"DEK"
5.84879362973227e-262	0.784605620213112	0.952	0.8	2.14071695641831e-257	"4"	"POLD2"
1.32409609778033e-260	0.660937595353526	0.989	0.907	4.8463241274858e-256	"4"	"ACTR3"
4.08844173269138e-260	0.8709278754529	0.932	0.74	1.49641055858237e-255	"4"	"DCXR"
7.09929756788476e-260	1.94685644130521	0.663	0.385	2.5984139028215e-255	"4"	"CKS1B"
9.35732899049227e-260	0.576628464875398	0.986	0.938	3.42487598381008e-255	"4"	"PSMA2"
1.66365770028226e-258	1.3406969386845	0.746	0.419	6.0891535488031e-254	"4"	"CCDC34"
2.05998050967244e-256	1.09322890354016	0.81	0.501	7.53973466345208e-252	"4"	"ANAPC15"
2.23983082893753e-255	0.693135158247283	0.974	0.883	8.19800481699425e-251	"4"	"PSMB7"
2.02286931994023e-254	0.584226506772568	0.989	0.943	7.40390399791325e-250	"4"	"TXNDC17"
3.76952064352614e-254	2.53167068941432	0.287	0.079	1.379682250737e-249	"4"	"INCENP"
3.88845840090096e-254	1.60866100569684	0.431	0.152	1.42321465931376e-249	"4"	"SDC1"
3.88641356218939e-253	1.35247921577649	0.582	0.253	1.42246622789694e-248	"4"	"TCF7"
5.36372232989657e-253	1.20383472176392	0.752	0.426	1.96317600996544e-248	"4"	"MGLL"
2.21606818449604e-252	0.681626650790833	0.973	0.906	8.11103116207394e-248	"4"	"EIF1AX"
3.35879591182531e-252	0.589941286183497	0.986	0.941	1.22935289168718e-247	"4"	"KHDRBS1"
3.68307689213752e-252	1.00778246235588	0.914	0.654	1.34804297329125e-247	"4"	"SCARA3"
5.97959929843849e-252	2.19283624600706	0.415	0.153	2.18859313922147e-247	"4"	"DBF4"
6.00435244988912e-252	0.822088126881452	0.938	0.741	2.19765304018392e-247	"4"	"HIGD1A"
2.52717760319954e-251	0.683611991209477	0.985	0.927	9.24972274547063e-247	"4"	"KPNB1"
3.35281634098029e-251	0.911937766650493	0.91	0.711	1.22716430896219e-246	"4"	"TIMM17A"
4.84233637337152e-251	0.914151363682502	0.913	0.687	1.77234353601771e-246	"4"	"BCCIP"
2.0156228044933e-250	0.80416527261244	0.935	0.759	7.37738102672594e-246	"4"	"MRPL13"
2.86527964820202e-250	1.65176425287751	0.561	0.256	1.04872100403842e-245	"4"	"BCL2L12"
1.991241218688e-249	0.92348639500297	0.911	0.723	7.28814198451993e-245	"4"	"STIP1"
1.92963360472133e-248	0.774324912877267	0.961	0.795	7.06265195664053e-244	"4"	"COX20"
3.39295998111788e-247	0.652356516395503	0.981	0.896	1.24185728268895e-242	"4"	"PSMB2"
9.66868724444894e-247	1.90531748256736	0.665	0.375	3.53883621834076e-242	"4"	"TMPO"
5.30238604953657e-246	0.537011372744604	0.997	0.986	1.94072631799088e-241	"4"	"ZYX"
1.10468956414179e-245	0.731955650266527	0.985	0.928	4.04327427371536e-241	"4"	"BZW1"
1.31400144311781e-245	0.648143611765138	0.993	0.968	4.8093766819555e-241	"4"	"HNRNPU"
2.67091044075612e-245	0.863851521044024	0.93	0.741	9.77579930421148e-241	"4"	"PAICS"
9.54257755860957e-245	0.530318821817473	0.995	0.977	3.49267881222669e-240	"4"	"HNRNPC"
9.77138576740783e-244	0.865968867900229	0.917	0.74	3.57642490472894e-239	"4"	"SSRP1"
7.23200557749494e-242	0.584468960200042	0.987	0.928	2.64698636141892e-237	"4"	"NUTF2"
1.0965581230432e-241	0.800757471244148	0.937	0.763	4.01351238615043e-237	"4"	"PIN1"
1.5654872560746e-241	0.795993328385922	0.942	0.797	5.72983990595866e-237	"4"	"RBBP7"
1.62822606587405e-241	0.52115430486572	0.991	0.957	5.95947022370561e-237	"4"	"COPE"
3.01375899262357e-241	1.85460466369179	0.314	0.092	1.10306592889015e-236	"4"	"VRK1"
9.87624301525527e-240	1.31893048175184	0.59	0.269	3.61480370601358e-235	"4"	"SEPHS1"
1.35697522655333e-239	0.637536869853952	0.981	0.897	4.96666502670784e-235	"4"	"ACTR2"
3.13063982312115e-239	0.793872246693545	0.925	0.749	1.14584548166057e-234	"4"	"PSMD1"
6.33150446685178e-239	1.44375001974235	0.82	0.554	2.31739394991242e-234	"4"	"SCUBE3"
1.85159292072165e-238	0.637895625934136	0.974	0.89	6.77701524913332e-234	"4"	"SNRPD3"
5.19119509375791e-238	2.01080344416659	0.519	0.227	1.90002931626633e-233	"4"	"LY6K"
1.74283317587864e-236	1.0675410439523	0.79	0.488	6.37894370703342e-232	"4"	"FARSB"
3.52074788806807e-236	0.61642589297889	0.984	0.924	1.28862893451179e-231	"4"	"EIF6"
2.51263205072153e-235	1.30100138032139	0.622	0.302	9.19648456884588e-231	"4"	"ATAD3A"
1.87675732982179e-234	0.691409230262365	0.977	0.893	6.86911950288073e-230	"4"	"PFN2"
1.91643541718773e-234	1.91051460206196	0.329	0.102	7.01434527044883e-230	"4"	"EZH2"
7.36555024029546e-234	1.47924856049043	0.442	0.166	2.69586504345054e-229	"4"	"MCM4"
1.82588544995319e-233	1.45446617405627	0.507	0.211	6.68292333537367e-229	"4"	"FMN2"
3.90562322138745e-233	0.780331880765561	0.942	0.765	1.42949715526002e-228	"4"	"RPL26L1"
4.46945690942049e-233	0.720725519040313	0.961	0.854	1.63586592341699e-228	"4"	"PPM1G"
1.54437922392508e-232	0.764185727027396	0.943	0.754	5.65258239748818e-228	"4"	"YIF1B"
2.25400612693071e-232	0.717533051038242	0.986	0.923	8.24988782517911e-228	"4"	"TNFRSF12A"
2.37233317658513e-232	0.560266559096955	0.989	0.946	8.68297665961925e-228	"4"	"SF3B2"
1.10010593297376e-231	1.39043376500811	0.573	0.264	4.02649772527726e-227	"4"	"EMC9"
1.38423206841763e-231	0.944625118468149	0.865	0.62	5.06642779361536e-227	"4"	"HPRT1"
2.61955502532013e-231	0.540770369956613	0.984	0.943	9.5878333481742e-227	"4"	"PRDX3"
3.59725883883074e-231	0.65610582454252	0.977	0.9	1.31663270760044e-226	"4"	"GSTO1"
5.26607605748973e-231	1.21851896143791	0.655	0.335	1.92743649780182e-226	"4"	"THOP1"
5.94509205804346e-230	0.613759937187198	0.988	0.95	2.17596314416449e-225	"4"	"SELENOW"
9.25408901691423e-230	0.622798628179679	0.979	0.888	3.38708912108078e-225	"4"	"STRAP"
3.4278000878797e-229	0.768828064263845	0.946	0.803	1.25460911016485e-224	"4"	"G3BP1"
4.10521171425996e-229	1.22532552140041	0.602	0.281	1.50254853953629e-224	"4"	"HACD1"
4.23383508270441e-229	0.874524016089758	0.907	0.699	1.54962597862064e-224	"4"	"PSMD11"
5.43334362076815e-229	1.19323753606413	0.711	0.402	1.98865809863735e-224	"4"	"WDR77"
8.87892285523773e-229	1.34851098925719	0.784	0.483	3.24977455424556e-224	"4"	"DKK1"
6.78087010398861e-228	0.556345705782229	0.998	0.988	2.48186626676087e-223	"4"	"MAP1B"
3.10899340632082e-226	2.02000448888112	0.32	0.101	1.13792267664748e-221	"4"	"AC125611.3"
4.94740647537206e-226	0.916356718180228	0.913	0.715	1.81080024405093e-221	"4"	"DCBLD2"
6.48161711996189e-226	0.68360996362215	0.96	0.826	2.37233668207725e-221	"4"	"PSMA3"
1.42707352494626e-223	0.509822554439445	0.99	0.96	5.22323180865581e-219	"4"	"CDC37"
1.76108167597954e-222	1.39175172842472	0.499	0.208	6.4457350422527e-218	"4"	"GALE"
2.04575424676566e-222	0.95283524916958	0.869	0.638	7.48766511858697e-218	"4"	"ALCAM"
2.63989485856947e-221	0.664885902204944	0.959	0.868	9.66227917185012e-217	"4"	"NUDC"
2.82409784139617e-220	1.25890279264817	0.646	0.339	1.03364805092941e-215	"4"	"DIAPH1"
1.63312537120516e-219	0.808592888661678	0.908	0.731	5.97740217114799e-215	"4"	"NANS"
1.64713127097501e-219	1.23898302920963	0.642	0.331	6.02866516489564e-215	"4"	"OXCT1"
3.10031479710066e-219	0.883895587874311	0.885	0.652	1.13474621888681e-214	"4"	"FAM98A"
3.77260148090426e-219	1.42888617378037	0.492	0.205	1.38080986802577e-214	"4"	"DOCK10"
6.62936240285488e-219	1.73688361371658	0.324	0.105	2.42641293306891e-214	"4"	"FEN1"
2.18843935116693e-218	1.42153113328506	0.663	0.357	8.00990686920608e-214	"4"	"HAS2"
1.76101915884483e-217	1.2725402910394	0.658	0.357	6.44550622328796e-213	"4"	"SMTN"
1.05707003632714e-216	1.08946581628966	0.77	0.477	3.86898203996095e-212	"4"	"MAP2K3"
9.23889666108353e-216	0.515016582527337	0.988	0.939	3.38152856692318e-211	"4"	"PSMA6"
2.01436959754038e-215	0.546847996156295	0.983	0.94	7.37279416395756e-211	"4"	"CCT3"
6.11102386898362e-215	1.34923785478299	0.797	0.56	2.2366958462867e-210	"4"	"CKAP5"
6.50842531803238e-215	0.717582277262772	0.942	0.788	2.38214875065303e-210	"4"	"LSM2"
2.3386517365363e-214	0.567621182122166	0.981	0.921	8.55969922089651e-210	"4"	"DCTN3"
2.54022034289485e-214	0.622437470702561	0.974	0.91	9.29746047702943e-210	"4"	"SURF4"
5.4367773455117e-214	1.08736900493299	0.797	0.517	1.98991487623074e-209	"4"	"CCDC88A"
7.59777897356441e-214	0.800863826758092	0.924	0.767	2.78086308211431e-209	"4"	"ARPC5L"
1.61393152864835e-213	0.510330959417426	0.993	0.958	5.90715078800582e-209	"4"	"CCT4"
5.92789572946478e-213	2.01693815947466	0.869	0.713	2.1696691159414e-208	"4"	"ARL6IP1"
5.43498428258298e-212	0.97853105116243	0.825	0.554	1.9892585972682e-207	"4"	"NOC2L"
7.32231697193006e-212	0.635351252593837	0.973	0.878	2.68004123489612e-207	"4"	"NDUFA7"
9.49490644760114e-211	1.36054050194256	0.542	0.249	3.47523070888649e-206	"4"	"PNP"
1.25180061813203e-210	0.624018588439509	0.982	0.911	4.58171544242506e-206	"4"	"PDIA4"
4.98605571798919e-210	1.54229208781873	0.365	0.126	1.82494625334122e-205	"4"	"NCEH1"
5.88022038540894e-210	0.866511523710544	0.868	0.624	2.15221946326353e-205	"4"	"DEF8"
6.8918205957531e-210	0.691635876322431	0.95	0.778	2.52247525625159e-205	"4"	"TPGS2"
5.60530294728277e-209	0.9804816849807	0.782	0.489	2.05159693173497e-204	"4"	"MAGOHB"
8.98554906961973e-209	0.504656567009579	0.993	0.957	3.28880081497152e-204	"4"	"LSM7"
2.38153670630798e-208	0.504344474706376	0.989	0.948	8.71666249875785e-204	"4"	"TXNL4A"
2.60354608728372e-208	0.850664707538238	0.916	0.728	9.52923903406714e-204	"4"	"CKLF"
7.86242519876943e-208	0.689091311769181	0.953	0.82	2.8777262470016e-203	"4"	"RAB1B"
8.3006431028266e-208	0.938401528425288	0.875	0.654	3.03811838206556e-203	"4"	"CBX1"
1.8482226700167e-207	0.605890844150465	0.996	0.945	6.76467979452813e-203	"4"	"TUBA1A"
1.88496706684541e-207	0.680334434077587	0.968	0.858	6.8991679613609e-203	"4"	"IQGAP1"
7.10766623873144e-207	0.646139809397838	0.973	0.901	2.60147692003809e-202	"4"	"EIF4G1"
9.20342652833745e-207	0.623662865871159	0.979	0.89	3.36854614363679e-202	"4"	"UQCC2"
9.55820098206293e-207	0.662201276627461	0.98	0.885	3.49839714144485e-202	"4"	"LOXL1"
1.70662716875287e-206	0.66261338098853	0.954	0.844	6.24642610035238e-202	"4"	"PSMD9"
1.86320534785995e-206	0.528304197173309	0.985	0.926	6.81951789370219e-202	"4"	"NDUFS6"
5.65972503381465e-206	0.970909527249154	0.842	0.585	2.0715159596265e-201	"4"	"HNRNPH1"
7.18704125469745e-206	1.09389541989239	0.707	0.41	2.63052896963181e-201	"4"	"ABHD12"
8.65724407652264e-206	1.02877208673861	0.758	0.471	3.16863790444805e-201	"4"	"NCLN"
5.23377062809889e-205	0.966976262960309	0.817	0.562	1.91561238759047e-200	"4"	"RRP7A"
6.70123096232979e-204	1.25758086317244	0.539	0.249	2.45271754452233e-199	"4"	"JPT2"
2.12199412720941e-203	0.617281729538393	0.965	0.869	7.76671070499916e-199	"4"	"TOMM22"
1.11716456555396e-202	1.10453912775679	0.703	0.403	4.08893402638404e-198	"4"	"GPATCH4"
1.46853771300079e-202	0.500967110089765	0.991	0.96	5.37499488335419e-198	"4"	"ATP5IF1"
1.6951272137215e-202	0.821631766821093	0.893	0.655	6.20433511494205e-198	"4"	"PFKP"
1.24299124174201e-201	0.943751467418746	0.798	0.509	4.54947224389995e-197	"4"	"RUVBL1"
1.96584364460361e-201	0.801166656616376	0.908	0.716	7.19518432361366e-197	"4"	"USP14"
1.98740580870629e-201	1.17582149340127	0.604	0.3	7.2741040004459e-197	"4"	"CENPS"
3.25181576870832e-201	0.645616801549687	0.97	0.862	1.19019708950493e-196	"4"	"FBL"
3.63964925333329e-200	1.41371915165833	0.556	0.269	1.33214802321252e-195	"4"	"FOXC2"
4.32356435683497e-200	0.539231563640714	0.979	0.92	1.58246779024517e-195	"4"	"UQCRFS1"
1.04777828288968e-199	0.514829878269743	0.987	0.932	3.8349732932045e-195	"4"	"EMD"
1.09084415052529e-199	0.698061907863353	0.932	0.789	3.99259867533762e-195	"4"	"PSMD6"
6.89074771190484e-198	1.15830409470653	0.772	0.503	2.52208257003429e-193	"4"	"PHLDA2"
7.52533230609887e-198	0.919404030027493	0.847	0.587	2.75434687735525e-193	"4"	"U2AF2"
7.77124598575756e-198	0.588976145416871	0.977	0.89	2.84435374324713e-193	"4"	"NDUFAB1"
2.38703262780922e-197	0.554882220760923	0.977	0.901	8.73677812104451e-193	"4"	"NDUFA12"
2.91249748162908e-197	0.724466814413581	0.934	0.765	1.06600320325106e-192	"4"	"GLRX3"
3.98862019186823e-197	0.710093620852486	0.927	0.752	1.45987487642569e-192	"4"	"MRPL24"
8.52046783911701e-197	1.10624370581915	0.709	0.423	3.11857643379522e-192	"4"	"PGP"
1.35034157478699e-195	0.563428228269201	0.977	0.902	4.94238519787786e-191	"4"	"CCT8"
1.51793750845423e-195	0.838514995678882	0.858	0.644	5.55580307469333e-191	"4"	"EIF4E"
2.62743014573023e-194	1.51255141390341	0.567	0.281	9.61665707638721e-190	"4"	"P3H2"
4.44944497345224e-193	1.38149579270478	0.427	0.17	1.62854135473325e-188	"4"	"GLA"
1.76455894034631e-192	1.26744195749892	0.617	0.326	6.45846217756153e-188	"4"	"SUN2"
1.23692624792891e-191	0.890127240015655	0.886	0.67	4.5272737600446e-187	"4"	"AXL"
7.67484914532066e-191	0.809042603782692	0.888	0.656	2.80907153567882e-186	"4"	"VASP"
2.10799318000174e-190	1.55366751434893	0.32	0.108	7.71546583812438e-186	"4"	"WDR4"
2.12060637953763e-190	1.28602215959728	0.47	0.201	7.76163140974567e-186	"4"	"ELOVL6"
3.24972783333681e-190	0.543386130102917	0.982	0.915	1.18943288427961e-185	"4"	"GNB1"
3.59838260486157e-190	1.6406903340768	0.278	0.086	1.31704401720538e-185	"4"	"UBASH3B"
5.08349664954361e-189	1.00932618103157	0.715	0.421	1.86061060869946e-184	"4"	"NPM3"
2.0093139732505e-187	0.800040125334641	0.877	0.646	7.35429007349415e-183	"4"	"TIMM50"
3.20712249755581e-187	0.622287333838112	0.973	0.857	1.1738389053304e-182	"4"	"FLOT1"
3.84382951439423e-187	1.72378609500097	0.365	0.141	1.40688004056343e-182	"4"	"CCDC18"
4.16107878253127e-187	0.532775052302926	0.975	0.91	1.52299644519427e-182	"4"	"UQCRC1"
5.32478638740861e-187	0.909513518026327	0.826	0.568	1.94892506565542e-182	"4"	"GNPNAT1"
5.53246602673084e-187	0.804311695525185	0.873	0.649	2.02493789044375e-182	"4"	"C11orf98"
2.35026589957976e-186	1.15914560248768	0.478	0.203	8.6022082190519e-182	"4"	"PTGER2"
5.31857345289898e-186	1.27082697034629	0.503	0.23	1.94665106949555e-181	"4"	"EHD4"
5.79244294577507e-185	0.745560162417027	0.895	0.703	2.12009204258313e-180	"4"	"EIF2S1"
9.2209447441406e-185	1.02950445998884	0.887	0.724	3.3749579858029e-180	"4"	"BUB3"
4.81061616669825e-184	0.772707523141196	0.914	0.744	1.76073362317322e-179	"4"	"UAP1"
8.13773892458515e-184	0.87725558382623	0.814	0.567	2.97849382378741e-179	"4"	"SMARCA4"
1.0993187418776e-183	0.729351756267402	0.907	0.71	4.02361652714621e-179	"4"	"DDX46"
1.13572768505e-183	0.767154260142432	0.951	0.832	4.1568769000515e-179	"4"	"KIF5B"
2.74860554900549e-183	0.544604729157109	0.976	0.896	1.0060171169915e-178	"4"	"TMEM14B"
9.96011755197042e-183	1.03995007724132	0.698	0.406	3.6455026251967e-178	"4"	"MYO10"
4.02810641310115e-182	1.0756390361649	0.676	0.379	1.47432722825915e-177	"4"	"TARBP2"
5.26989773995015e-182	1.09673274035773	0.615	0.32	1.92883527179915e-177	"4"	"NUDT15"
7.76820693830547e-182	0.632556028982333	0.953	0.823	2.84324142148918e-177	"4"	"GTF3C6"
1.59647562353954e-181	0.913575952270778	0.789	0.512	5.84326042971707e-177	"4"	"MPDU1"
2.3144849283982e-181	0.667049627208672	0.937	0.783	8.47124628643026e-177	"4"	"FKBP3"
2.4441921664055e-181	0.962453100787276	0.809	0.575	8.94598774826077e-177	"4"	"CBX5"
4.76829566561157e-181	1.19202409937357	0.52	0.242	1.74524389657049e-176	"4"	"ENDOD1"
5.2773238592621e-181	0.971883806866455	0.732	0.445	1.93155330572852e-176	"4"	"MYCBP"
9.479492111908e-181	1.59926323163553	0.371	0.147	3.46958890787945e-176	"4"	"ATAD2"
2.14698210399057e-180	1.55970632490141	0.494	0.239	7.8581691988159e-176	"4"	"REEP4"
5.67235097591048e-180	1.03255904135421	0.721	0.44	2.07613718069299e-175	"4"	"FUBP1"
8.25968202251782e-180	0.847154665377433	0.851	0.605	3.02312621706175e-175	"4"	"PSMD14"
8.30305518143993e-180	0.837218820821404	0.824	0.568	3.03900122695883e-175	"4"	"VBP1"
1.56375467709468e-179	1.0529430622028	0.755	0.505	5.72349849363425e-175	"4"	"SMC1A"
3.75666363456445e-179	1.44051223049981	0.318	0.109	1.37497645688694e-174	"4"	"PFAS"
4.71061561479811e-179	0.591842256596354	0.965	0.877	1.72413242117225e-174	"4"	"TCP1"
5.53848653190823e-179	0.66890298553922	0.935	0.789	2.02714145554373e-174	"4"	"ECI2"
7.21865397352533e-179	0.717128051804431	0.914	0.74	2.64209954085e-174	"4"	"VDAC3"
9.54256128604079e-179	0.785374414786485	0.886	0.674	3.49267285630379e-174	"4"	"CRELD2"
1.36733277211513e-178	0.669499997353213	0.926	0.786	5.00457467921858e-174	"4"	"PSMD12"
2.55409948356302e-178	0.76684732881246	0.863	0.621	9.348259519789e-174	"4"	"ADK"
3.10678977678868e-178	0.521546700527843	0.974	0.918	1.13711612620243e-173	"4"	"STOML2"
1.20417690697337e-177	0.644584740750311	0.945	0.808	4.40740789721322e-173	"4"	"PSMD13"
3.63566782067572e-177	1.01699640715559	0.639	0.337	1.33069077904552e-172	"4"	"TPMT"
4.80454912229292e-177	1.21660480222982	0.554	0.275	1.75851302425043e-172	"4"	"LBR"
6.61773232996092e-177	0.696291624209486	0.99	0.925	2.422156210089e-172	"4"	"S100A4"
1.56156094169823e-176	0.568096773274217	0.973	0.891	5.71546920270968e-172	"4"	"GTF2A2"
1.97520398677266e-176	0.611285902006732	0.944	0.83	7.2294441119866e-172	"4"	"PUF60"
2.55994990217619e-176	0.520779413524038	0.979	0.919	9.36967263695507e-172	"4"	"RAD23A"
2.8237189339295e-176	0.79503002298089	0.863	0.649	1.03350936700753e-171	"4"	"TFDP1"
3.23833484121961e-176	1.53766104958092	0.357	0.136	1.18526293523479e-171	"4"	"NCAPD3"
7.74181640791532e-176	1.15074692044354	0.538	0.26	2.83358222346109e-171	"4"	"RBM14"
8.81242177703571e-176	1.24984950559325	0.561	0.28	3.22543449461284e-171	"4"	"SSX2IP"
1.48177382746493e-175	1.28947156140566	0.435	0.187	5.42344038590438e-171	"4"	"MCM3"
1.98651327744115e-175	0.691351204299035	0.949	0.792	7.27083724676236e-171	"4"	"GNG11"
2.3641778506542e-175	1.64837395227168	0.288	0.096	8.65312735117944e-171	"4"	"NDC1"
2.75896693078589e-175	0.834074716002257	0.845	0.61	1.00980948633694e-170	"4"	"PARP1"
1.21926513456177e-174	0.756048053149292	0.889	0.68	4.46263231900953e-170	"4"	"ATIC"
2.63469297900802e-174	0.824458692364584	0.893	0.729	9.64323977246724e-170	"4"	"MANF"
3.85607247790925e-174	0.704213962594143	0.905	0.704	1.41136108763956e-169	"4"	"APMAP"
4.15796191056946e-174	1.00873161901026	0.762	0.493	1.52185563888753e-169	"4"	"PSG5"
5.82570902956165e-174	0.636096079867114	0.95	0.798	2.13226776190986e-169	"4"	"UBA1"
2.06636582782172e-173	0.761070625219884	0.881	0.666	7.56310556641027e-169	"4"	"SPCS3"
7.64657133889513e-173	0.801703478195092	0.845	0.6	2.798721575749e-168	"4"	"PDHA1"
8.19125542701561e-173	1.48105648322001	0.303	0.104	2.99808139884198e-168	"4"	"WRAP53"
8.52939207736118e-173	0.744169754786196	0.882	0.675	3.12184279423497e-168	"4"	"ELAVL1"
4.89448490944471e-172	0.879298634573111	0.824	0.581	1.79143042170586e-167	"4"	"SDC4"
6.74471001638467e-172	0.854814002340186	0.839	0.617	2.46863131309695e-167	"4"	"NOP58"
1.92986472055253e-171	1.31012088420586	0.449	0.199	7.06349786369432e-167	"4"	"KIAA0586"
2.98637710127682e-171	0.706061065166981	0.929	0.776	1.09304388283833e-166	"4"	"HSPA4"
5.52124521553598e-171	1.12046843367484	0.569	0.29	2.02083096133832e-166	"4"	"ATP8B1"
5.72436542821532e-171	1.56210850054866	0.309	0.109	2.09517499038109e-166	"4"	"SLC17A9"
7.06548995704988e-171	0.812718030468647	0.849	0.625	2.58603997917983e-166	"4"	"HMGN3"
5.41408891358689e-170	0.822303558448343	0.883	0.67	1.98161068326194e-165	"4"	"CRIM1"
1.72914172848636e-169	0.533046837719482	0.968	0.901	6.32883164043293e-165	"4"	"MRPL20"
2.49165914626442e-169	0.970747648148259	0.724	0.439	9.1197216412424e-165	"4"	"PAFAH1B3"
2.62552543893367e-169	0.652263417338154	0.919	0.743	9.60968565904113e-165	"4"	"MRPL28"
4.1200539202568e-169	1.32748508356235	0.45	0.2	1.50798093535319e-164	"4"	"PAK4"
7.71805048818523e-169	1.02710332745163	0.736	0.479	2.82488365918068e-164	"4"	"EXOSC8"
1.15177175468409e-168	0.505455541395647	0.969	0.91	4.21559979931922e-164	"4"	"PSMC5"
2.65363428600855e-168	0.939458610857616	0.73	0.447	9.7125668502199e-164	"4"	"GOT2"
1.13430296032454e-167	0.575869319889051	0.963	0.859	4.15166226508383e-163	"4"	"MRPL3"
2.27216067526592e-167	0.807009035912989	0.84	0.614	8.31633528754078e-163	"4"	"TRAP1"
3.21708978783812e-167	1.61963863681749	0.307	0.109	1.17748703324663e-162	"4"	"FERMT1"
1.23892714063814e-166	0.649129140051131	0.924	0.786	4.53459722744964e-162	"4"	"PSMC4"
1.88111840403898e-166	0.957232213472434	0.771	0.514	6.88508147062306e-162	"4"	"PPIF"
4.6486913572695e-166	0.587796229562884	0.941	0.833	1.70146752367421e-161	"4"	"MRPS16"
6.73638344819353e-166	1.05988032596167	0.607	0.328	2.46558370587331e-161	"4"	"AK5"
8.59049776208732e-166	0.818062221888866	0.942	0.809	3.14420808590158e-161	"4"	"PLEC"
1.31555974482377e-165	0.612355464372898	0.997	0.991	4.81508022202949e-161	"4"	"AHNAK"
2.09501544245118e-165	0.747042174063406	0.885	0.681	7.66796602091555e-161	"4"	"FH"
2.13739240355446e-165	0.519698128936224	0.974	0.9	7.82306993624968e-161	"4"	"POLR2F"
3.79500480303821e-165	0.900807427828396	0.744	0.468	1.38900970796001e-160	"4"	"EMG1"
3.05357539127048e-164	0.659015406376131	0.942	0.768	1.11763912895891e-159	"4"	"C7orf50"
6.35655766356334e-164	1.19154778389387	0.459	0.205	2.32656367044082e-159	"4"	"EBP"
7.82401811029592e-163	0.979243364935844	0.794	0.545	2.86366886854941e-158	"4"	"ADIRF"
1.29007640680685e-162	0.604287770006978	0.967	0.865	4.72180865655377e-158	"4"	"KDELR3"
3.2465099696554e-162	0.663375431927612	0.915	0.752	1.18825511399357e-157	"4"	"SDHB"
6.80909744756305e-162	0.809990151010634	0.812	0.555	2.49219775678255e-157	"4"	"YKT6"
8.18353365932458e-162	1.34468435342449	0.558	0.298	2.99525515464939e-157	"4"	"CDC25B"
3.079492129451e-161	1.61353077934146	0.401	0.177	1.12712491430036e-156	"4"	"TBX2"
3.95812116058048e-161	1.17406420365394	0.617	0.346	1.44871192598406e-156	"4"	"SNHG3"
4.88340885890585e-161	0.883648820795005	0.825	0.601	1.78737647644813e-156	"4"	"MAD2L2"
7.23587100002915e-161	0.701355325432693	0.897	0.727	2.64840114472067e-156	"4"	"MRPS18C"
7.30310672328464e-161	0.737372829740891	0.891	0.7	2.67301009178941e-156	"4"	"PTBP1"
9.29977039858663e-161	0.94671668424629	0.716	0.446	3.40380896358669e-156	"4"	"BOP1"
1.34574284752723e-160	0.610695178779549	0.967	0.87	4.9255533962344e-156	"4"	"ITGA5"
1.39466496367846e-160	0.926327305502316	0.83	0.584	5.10461323355951e-156	"4"	"ID1"
1.59158860910098e-160	0.698439344494906	0.898	0.715	5.82537346817049e-156	"4"	"HRAS"
1.9791493335356e-160	2.25196899255617	0.717	0.532	7.24388447567366e-156	"4"	"HMGB2"
2.58524114798524e-160	1.48409286649946	0.279	0.095	9.46224112574078e-156	"4"	"RFC5"
2.70900132739243e-160	0.901074046407455	0.804	0.567	9.91521575838902e-156	"4"	"NASP"
9.13841267128316e-160	1.36720733316011	0.375	0.154	3.34475042181635e-155	"4"	"GMNN"
9.87959681027461e-160	1.38720027902304	0.459	0.217	3.61603122852861e-155	"4"	"NDE1"
1.17703683731174e-159	1.46365168095969	0.338	0.13	4.30807252824471e-155	"4"	"SYNE2"
1.58905431688592e-159	1.05197237278393	0.614	0.333	5.81609770523417e-155	"4"	"CRYBG1"
2.49744916968318e-159	0.533606928928755	0.964	0.893	9.14091370595742e-155	"4"	"MRPS34"
3.62710037025883e-159	1.12038167187794	0.526	0.261	1.32755500651843e-154	"4"	"NUP93"
7.68255889517655e-159	0.604218558734817	0.96	0.88	2.81189338122357e-154	"4"	"DYNC1H1"
8.3025215830173e-159	1.45571454174232	0.364	0.148	3.03880592460016e-154	"4"	"C5orf30"
9.69377314527713e-159	0.778373990820216	0.854	0.624	3.54801790890288e-154	"4"	"ATP2B4"
1.16417337722088e-158	1.19187477971947	0.525	0.266	4.26099097796614e-154	"4"	"RRS1"
1.44298245075959e-158	0.693414295910279	0.917	0.739	5.28146006802519e-154	"4"	"HNRNPUL2"
1.74615423597397e-158	0.653150060157758	0.923	0.769	6.39109911908832e-154	"4"	"ANP32A"
2.44122556815596e-158	1.04917904610936	0.551	0.282	8.93512970200762e-154	"4"	"NOL12"
4.26693109302513e-158	0.605744828265613	0.929	0.794	1.56173944935813e-153	"4"	"GTF3A"
1.89829564215341e-157	0.525612617036457	0.956	0.854	6.9479518798457e-153	"4"	"SNF8"
3.72910411386447e-157	0.695467530152237	0.896	0.724	1.36488939671553e-152	"4"	"GCSH"
4.45158177138605e-157	1.39310699452103	0.644	0.414	1.62932344414501e-152	"4"	"KIF22"
2.2586958977923e-156	0.554846493093933	0.96	0.868	8.26705285550958e-152	"4"	"ADRM1"
4.63176127796776e-156	0.674121969640396	0.888	0.682	1.69527094534898e-151	"4"	"BABAM1"
7.72857597134293e-156	1.25327508671305	0.622	0.374	2.82873609127122e-151	"4"	"SPDL1"
5.17218306548809e-155	0.714478134491846	0.857	0.65	1.8930707237993e-150	"4"	"HARS"
1.29896349697332e-154	0.661544762817992	0.915	0.731	4.75433629527205e-150	"4"	"ACTR1A"
2.16080880646554e-154	0.954611779208798	0.659	0.381	7.9087763125445e-150	"4"	"CDKN2AIPNL"
4.57298646200643e-154	0.836743619047299	0.762	0.497	1.67375877495897e-149	"4"	"OSTF1"
7.02836239004624e-154	0.500439063101295	0.973	0.897	2.57245091838082e-149	"4"	"NDUFS7"
8.45843120987321e-154	0.852332114297503	0.778	0.541	3.09587040712569e-149	"4"	"EEF1E1"
1.08338653245504e-153	0.961512063138548	0.921	0.815	3.96530304743869e-149	"4"	"RAD21"
2.38582685766873e-153	0.594366215612522	0.94	0.835	8.73236488175331e-149	"4"	"THRAP3"
6.3027973030677e-153	1.63400541697464	0.33	0.128	2.30688684089581e-148	"4"	"SVIP"
6.43946207546467e-153	1.05501853942226	0.538	0.271	2.35690751424082e-148	"4"	"NPR3"
8.22813819442501e-153	0.627403148759861	0.924	0.791	3.0115808605415e-148	"4"	"GLRX5"
1.32865225785833e-152	0.658228569739059	0.917	0.744	4.86300012898727e-148	"4"	"ERGIC1"
1.49029014366473e-152	0.851282230877278	0.774	0.517	5.4546109548273e-148	"4"	"DKC1"
1.64151386042106e-152	0.598732741496846	0.932	0.8	6.00810488052711e-148	"4"	"H2AFY"
1.69026957720487e-152	0.857906157717453	0.757	0.491	6.18655567952756e-148	"4"	"TARDBP"
2.10405380758071e-151	0.882573948258117	0.704	0.426	7.70104734112617e-147	"4"	"DCPS"
2.29020478863796e-151	1.18865426784378	0.46	0.218	8.38237854689379e-147	"4"	"RFC2"
3.32313632837743e-151	1.35676078954487	0.306	0.112	1.21630112754942e-146	"4"	"SHMT1"
3.62575186931908e-151	0.803288467858598	0.816	0.585	1.32706144168947e-146	"4"	"GTPBP4"
9.40256472480696e-151	1.0470657687105	0.573	0.309	3.4414327149266e-146	"4"	"ENTPD6"
2.69771396561483e-150	0.562263195948979	0.952	0.822	9.87390288554684e-146	"4"	"CAPZA1"
5.62089631667497e-150	0.691616157256377	0.877	0.683	2.05730426086621e-145	"4"	"IMMT"
5.84567449348489e-150	0.603772799001727	0.919	0.778	2.1395753213604e-145	"4"	"CDC123"
9.35375955200105e-150	0.659769178188873	0.935	0.812	3.42356953362791e-145	"4"	"PPP1R12A"
1.11264740816553e-149	0.775503999643452	0.813	0.573	4.07240077862665e-145	"4"	"PFDN6"
1.51754919299198e-149	1.07496326472866	0.605	0.338	5.55438180126994e-145	"4"	"ODF2"
3.05884763002152e-149	0.653132641292014	0.902	0.731	1.11956882106418e-144	"4"	"PSMC2"
6.29596923202258e-149	0.649128995197703	0.896	0.744	2.30438769861258e-144	"4"	"PSMD3"
7.11069818600037e-149	0.855534788783423	0.783	0.552	2.602586643058e-144	"4"	"SRRT"
1.05467385177461e-148	1.08719541348324	0.521	0.262	3.86021176488026e-144	"4"	"RCC1"
2.24612890231588e-148	0.520762992106081	0.966	0.864	8.22105639536635e-144	"4"	"PSMA4"
4.67877987175146e-148	0.824557748327226	0.768	0.508	1.71248022085975e-143	"4"	"SNRNP25"
6.06482774785528e-148	0.963521086796053	0.634	0.363	2.21978760399251e-143	"4"	"NRAS"
6.08571512816901e-148	0.690664193622877	0.871	0.659	2.22743259406114e-143	"4"	"MRPL47"
1.05946882702649e-147	0.587183595148521	0.926	0.8	3.87776185379964e-143	"4"	"NAA20"
1.55763403811772e-147	0.625109080125344	0.903	0.727	5.70109634291467e-143	"4"	"NUDT21"
2.55948037629306e-147	1.43263581823958	0.296	0.109	9.36795412527021e-143	"4"	"TTF2"
4.22769218237396e-147	0.591679303822007	0.932	0.784	1.54737761567069e-142	"4"	"SLC25A39"
7.5003629865758e-147	1.05640980659572	0.565	0.304	2.74520785671661e-142	"4"	"ACAT2"
7.50412743742644e-147	0.607256593490273	0.936	0.792	2.74658568337245e-142	"4"	"GLO1"
1.06861183911265e-146	0.613623307643223	0.917	0.77	3.9112261923362e-142	"4"	"RBM42"
1.14265476679811e-146	0.610763744322914	0.914	0.781	4.18223071195776e-142	"4"	"SF3B4"
1.38572442015934e-146	0.536864665180543	0.95	0.838	5.0718899502252e-142	"4"	"ECHS1"
2.67819818556411e-146	1.44779325737046	0.265	0.091	9.8024731789832e-142	"4"	"COQ3"
3.14390237746286e-146	0.704662003857921	0.843	0.628	1.15069970917518e-141	"4"	"FAM136A"
3.6989017396119e-146	0.825052471809581	0.744	0.478	1.35383502571535e-141	"4"	"PPT1"
4.04014605574902e-146	0.561324597042048	0.958	0.83	1.4787338578647e-141	"4"	"MYADM"
4.151459400117e-146	1.08999404280026	0.511	0.258	1.51947565503682e-141	"4"	"ARHGAP22"
1.66893361498139e-145	0.684691060759689	0.873	0.673	6.10846392419338e-141	"4"	"MRPL22"
2.29283569854619e-145	0.58709577929939	0.938	0.817	8.3920079402489e-141	"4"	"BCLAF1"
7.3298221223059e-145	0.646953450720515	0.903	0.742	2.68278819498518e-140	"4"	"TRA2B"
7.39112641542554e-145	0.955964252646851	0.657	0.391	2.7052261793099e-140	"4"	"ERLIN1"
2.41396944380353e-144	1.04125809315479	0.493	0.242	8.83536956126531e-140	"4"	"CTPS1"
2.4384289408897e-144	0.767475074902629	0.837	0.622	8.92489376655038e-140	"4"	"HK1"
6.32910078892427e-144	0.694882974617782	0.871	0.671	2.31651417975417e-139	"4"	"GIPC1"
1.29915944753476e-143	0.922469643092862	0.664	0.401	4.75505349392199e-139	"4"	"DPP9"
1.44199492823928e-143	1.08997793046965	0.466	0.219	5.27784563684858e-139	"4"	"NRM"
1.7135852362589e-143	0.629517617720122	0.897	0.726	6.27189332323121e-139	"4"	"FDPS"
1.75195202036033e-143	0.803100740920901	0.782	0.541	6.41231958972084e-139	"4"	"IFRD2"
2.67387750394554e-143	1.4918532510991	0.269	0.096	9.78665905219106e-139	"4"	"CDK2"
3.37767408509602e-143	0.515163040507435	0.959	0.876	1.23626249188599e-138	"4"	"PSMD7"
3.50629274946839e-143	0.559447660491384	0.969	0.913	1.28333820923293e-138	"4"	"CLTC"
4.47434226082565e-143	0.719632103209962	0.849	0.64	1.6376540108848e-138	"4"	"SRSF1"
6.26243199998065e-143	0.970595781348419	0.591	0.327	2.29211273631292e-138	"4"	"AP1B1"
1.22527150230319e-142	0.684856989255601	0.866	0.674	4.4846162255799e-138	"4"	"SELENOT"
1.62385593937902e-142	0.684615017693609	0.875	0.697	5.94347512372115e-138	"4"	"ZNRD2"
2.60925743121839e-142	0.596709483386522	0.952	0.811	9.55014312400241e-138	"4"	"EMP1"
2.87427041447559e-142	0.735730472050337	0.863	0.674	1.05201171440221e-137	"4"	"NTMT1"
3.40421093626154e-142	0.599932475930816	0.919	0.781	1.24597524478109e-137	"4"	"RBM25"
5.08921640445973e-142	0.732148242529851	0.826	0.595	1.86270409619631e-137	"4"	"PSME3"
6.89161449006467e-142	0.680876216049569	0.878	0.681	2.52239981950857e-137	"4"	"BZW2"
7.86216756250069e-142	1.07961018655919	0.524	0.274	2.87763194955088e-137	"4"	"CCDC86"
1.26319841529472e-141	0.80063791461399	0.784	0.541	4.6234325198202e-137	"4"	"ACTL6A"
1.98030671190889e-141	0.719333400176945	0.851	0.622	7.24812059625772e-137	"4"	"SF3A3"
3.17125291594821e-141	0.867125412321606	0.674	0.401	1.1607102797662e-136	"4"	"HMBS"
1.45709840072262e-140	1.07924577405386	0.426	0.194	5.33312585648486e-136	"4"	"CLN6"
1.67722995688253e-140	0.904248149350739	0.623	0.358	6.13882936518576e-136	"4"	"ABCB8"
1.74528788956264e-140	0.824290872715153	0.778	0.54	6.38792820458823e-136	"4"	"NOP16"
2.30728765880106e-140	1.76239383110635	0.679	0.468	8.44490355997778e-136	"4"	"KRT19"
2.33851508934495e-140	0.537023862479355	0.95	0.836	8.55919907851147e-136	"4"	"CCDC124"
2.62513829795963e-140	0.617552861662867	0.919	0.766	9.60826868436206e-136	"4"	"TOP1"
5.38561471022841e-140	1.16380670995945	0.392	0.172	1.9711888400907e-135	"4"	"PPIL1"
8.20367548023558e-140	0.850512763911225	0.79	0.556	3.00262726252102e-135	"4"	"NOLC1"
3.95900166257823e-139	1.32927761915973	0.261	0.091	1.44903419852026e-134	"4"	"TRABD2A"
5.67419272410483e-139	1.48366443050344	0.259	0.092	2.07681127894961e-134	"4"	"MATN2"
5.74514312261933e-139	0.644914588334459	0.912	0.737	2.1027798343099e-134	"4"	"RBMX"
7.99103400643851e-139	0.634516995042195	0.894	0.721	2.92479835669656e-134	"4"	"TIMM23"
1.36698113403877e-138	0.727811749188508	0.97	0.919	5.0032876486953e-134	"4"	"CRABP2"
1.54606944482472e-138	0.688689895016548	0.849	0.636	5.65876877500297e-134	"4"	"SZRD1"
1.80810311997589e-138	0.857067107188773	0.704	0.443	6.61783822942376e-134	"4"	"PRMT5"
3.07934679561522e-138	0.731443216104061	0.836	0.631	1.12707172066313e-133	"4"	"ABCE1"
3.68084632476922e-138	1.08186574532695	0.546	0.292	1.34722656332878e-133	"4"	"GCNT1"
5.64760121497084e-138	0.705680015758392	0.848	0.638	2.06707852069148e-133	"4"	"RRP36"
5.93997737159637e-138	0.573483879950344	0.923	0.77	2.17409111777799e-133	"4"	"CFL2"
1.16988321560237e-137	1.28550857193531	0.342	0.141	4.28188955742625e-133	"4"	"FJX1"
1.52127297445291e-137	0.721308144905517	0.821	0.594	5.56801121379511e-133	"4"	"POLR2C"
3.05194782695552e-137	1.0772754438264	0.743	0.525	1.11704342414399e-132	"4"	"TRNP1"
5.56416166049713e-137	0.717497201671503	0.842	0.621	2.03653880935856e-132	"4"	"CDK2AP2"
6.46201055609783e-137	0.52753967154898	0.952	0.856	2.36516048363737e-132	"4"	"DNAJC8"
1.44288171021429e-136	0.933501474791646	0.603	0.343	5.28109134755531e-132	"4"	"NLN"
3.89240119521236e-136	0.524469093091308	0.961	0.879	1.42465776145968e-131	"4"	"MRPL17"
5.11275828650268e-136	0.899636906212819	0.651	0.388	1.87132066044285e-131	"4"	"USP5"
5.97243588748514e-136	0.684346172296548	0.86	0.659	2.18597125917844e-131	"4"	"PSMG1"
7.17517270456127e-136	0.530713263396446	0.966	0.895	2.62618496159647e-131	"4"	"RBM8A"
7.22421015576014e-136	0.661799713183113	0.866	0.653	2.64413315910977e-131	"4"	"MRPS10"
7.26341394220014e-136	0.822068789175338	0.751	0.502	2.65848213698467e-131	"4"	"MAPRE1"
8.48496482891133e-136	1.33617704592128	0.298	0.115	3.10558197702984e-131	"4"	"MNS1"
2.9228499374336e-135	0.748241670502611	0.805	0.58	1.06979230560007e-130	"4"	"RECQL"
8.43013294124813e-135	0.694556529308615	0.866	0.662	3.08551295782623e-130	"4"	"NDUFA9"
2.44962980769936e-134	0.560795613111004	0.935	0.818	8.96589005916041e-130	"4"	"AP1S1"
3.03352354999368e-134	0.942394977998038	0.752	0.53	1.11029995453319e-129	"4"	"HERC4"
6.5085929688338e-134	0.648254741737395	0.89	0.719	2.38221011252286e-129	"4"	"PSMC1"
1.16286852730615e-133	0.563617816376773	0.939	0.827	4.25621509679323e-129	"4"	"HNRNPUL1"
1.28213842574336e-133	0.811763846303057	0.728	0.48	4.69275485206328e-129	"4"	"AAAS"
1.55266722695637e-133	0.739718396086948	0.841	0.674	5.68291731738301e-129	"4"	"NAP1L4"
2.69354806103061e-133	0.566146398720643	0.92	0.78	9.85865525817812e-129	"4"	"PDXK"
3.739779550086e-133	0.633988681122972	0.882	0.678	1.36879671312698e-128	"4"	"GRB2"
4.83607294537257e-133	0.890935978695066	0.633	0.373	1.77005105873581e-128	"4"	"PITRM1"
5.74600810475575e-133	0.878391054569442	0.685	0.434	2.10309642642165e-128	"4"	"UCHL5"
6.12048200110121e-133	0.819964927052907	0.83	0.646	2.24015761722305e-128	"4"	"MT1X"
6.84814743827423e-133	0.706608894880275	0.838	0.633	2.50649044388275e-128	"4"	"FARSA"
8.3597450166759e-133	0.576619264871606	0.922	0.8	3.05975027355355e-128	"4"	"PPP2CA"
1.66308278677557e-132	0.855169197365445	0.74	0.502	6.08704930787726e-128	"4"	"MRTO4"
1.87016953676628e-132	1.40810790435922	0.316	0.129	6.84500752151827e-128	"4"	"CDA"
2.2784609504792e-132	1.09737233168678	0.391	0.175	8.33939492484893e-128	"4"	"CSTF2"
4.26256659781858e-132	0.59587113869827	0.904	0.751	1.56014200046758e-127	"4"	"MRPS12"
4.71433192501926e-132	0.773137198082695	0.779	0.537	1.7254926278763e-127	"4"	"PMPCA"
7.36877221789031e-132	0.652680441845263	0.864	0.692	2.69704431947003e-127	"4"	"SIGMAR1"
1.55502376760423e-131	0.835539132792736	0.751	0.519	5.69154249180822e-127	"4"	"HSPH1"
2.52940489232629e-131	0.881333049384358	0.663	0.408	9.25787484640345e-127	"4"	"TSR2"
3.46295918083285e-131	0.601190488350771	0.916	0.743	1.26747768977663e-126	"4"	"MRPS7"
3.68108413793706e-131	0.535614437565037	0.942	0.817	1.34731360532634e-126	"4"	"SSNA1"
3.89450690331709e-131	0.975095463564698	0.561	0.311	1.42542847168309e-126	"4"	"LYAR"
9.42423780556359e-131	0.674090320382197	0.851	0.654	3.44936527921433e-126	"4"	"DPM2"
1.63758346857536e-130	0.531627688674299	0.938	0.819	5.99371925333268e-126	"4"	"MRPL11"
3.03866137215246e-130	0.895930677979953	0.69	0.449	1.11218044882152e-125	"4"	"HAT1"
3.24993954776682e-130	0.723036060183689	0.804	0.571	1.18951037387813e-125	"4"	"RNASEH1"
3.41791271726863e-130	0.858705920240902	0.67	0.426	1.25099023364749e-125	"4"	"PLEKHB2"
4.84406607871526e-130	0.878937147041341	0.648	0.395	1.77297662547057e-125	"4"	"UHMK1"
7.3434607752475e-130	1.18093295805594	0.624	0.4	2.68778007834834e-125	"4"	"MIS18BP1"
7.37847575827213e-130	1.09722046003108	0.477	0.243	2.70059591228518e-125	"4"	"BAIAP2L2"
9.81454296488765e-130	0.528911735655686	0.927	0.81	3.59222087057853e-125	"4"	"MRPL27"
1.52783666575955e-129	0.604325347950877	0.9	0.727	5.59203498034654e-125	"4"	"AP3D1"
1.61433595101364e-129	0.954842960094817	0.512	0.262	5.90863101430502e-125	"4"	"SNX8"
4.58414622581204e-129	0.683519311362101	0.836	0.624	1.67784336010946e-124	"4"	"MRPS23"
8.06093800981507e-129	0.50124490683119	0.964	0.863	2.95038392097241e-124	"4"	"SUMO3"
8.40812588419961e-129	1.06756962382889	0.401	0.184	3.0774581548759e-124	"4"	"EXOSC2"
9.85899623692293e-129	1.03757681372356	0.589	0.346	3.60849121267616e-124	"4"	"RNF26"
1.06922273940803e-128	0.888584882898333	0.582	0.325	3.91346214850734e-124	"4"	"CCDC137"
7.1893472889219e-128	0.547109853310433	0.932	0.796	2.6313730012183e-123	"4"	"ARL3"
7.48319164449879e-128	0.855275562780199	0.666	0.411	2.738922973803e-123	"4"	"MRPL35"
1.06811045059071e-127	0.587193984700545	0.919	0.784	3.90939106020705e-123	"4"	"MAP7D1"
1.40127636364144e-127	1.29542055904307	0.298	0.119	5.12881161856404e-123	"4"	"HIRIP3"
1.5043220145353e-127	1.52226473214498	0.272	0.105	5.50596900540065e-123	"4"	"BRCA2"
3.57586197031944e-127	0.932365984223533	0.506	0.262	1.30880123975662e-122	"4"	"CCBE1"
4.23509649535199e-127	0.704101723834464	0.838	0.628	1.55008766826378e-122	"4"	"CDC27"
5.88809456081954e-127	1.28817859656672	0.327	0.137	2.15510149020556e-122	"4"	"HHIP-AS1"
8.24945740331875e-127	0.656039958578539	0.846	0.65	3.0193839041887e-122	"4"	"RARS"
9.41966727640835e-127	0.809084231630292	0.677	0.416	3.44769241983822e-122	"4"	"GAR1"
1.30541924980906e-126	0.73072449283256	0.773	0.534	4.77796499622616e-122	"4"	"PRKAR2A"
1.34651819962574e-126	0.804339310488021	0.762	0.523	4.92839126245019e-122	"4"	"SPOCD1"
1.92631264216702e-126	0.528409722711353	0.995	0.992	7.05049690159552e-122	"4"	"HSPA5"
2.05097108519311e-126	0.600000529709616	0.903	0.738	7.50675926891531e-122	"4"	"MCTS1"
7.146610587887e-126	0.598479994714393	0.895	0.748	2.61573094127252e-121	"4"	"SUPT16H"
7.9716546352856e-126	0.572688677232242	0.929	0.795	2.91770531306088e-121	"4"	"MAZ"
4.93792959287425e-125	0.892496923424243	0.651	0.402	1.8073316102879e-120	"4"	"SMAGP"
5.52398835937989e-125	0.801092333076742	0.709	0.459	2.02183497941663e-120	"4"	"DCTPP1"
5.61206756044758e-125	0.816565267779595	0.658	0.402	2.05407284779942e-120	"4"	"EFTUD2"
7.11002892877197e-125	0.54206231508572	0.936	0.802	2.60234168821983e-120	"4"	"VPS29"
7.71994413123956e-125	1.09306655713503	0.362	0.159	2.82557675147499e-120	"4"	"SORD"
8.51779047970861e-125	0.562728289920458	0.922	0.783	3.11759649347815e-120	"4"	"PPP1CC"
8.86192717689617e-125	0.564050699770329	0.93	0.814	3.24355396601577e-120	"4"	"EIF3B"
1.21713265770564e-124	0.693115840723779	0.837	0.624	4.45482724046842e-120	"4"	"SF3B3"
1.26449842947858e-124	1.19695465598551	0.351	0.153	4.62819070173454e-120	"4"	"SLC35E4"
1.56405777346227e-124	0.605956390479466	0.896	0.754	5.72460785664925e-120	"4"	"GOLIM4"
2.16076532276597e-124	0.501322409007026	0.954	0.827	7.90861715785573e-120	"4"	"ADI1"
3.04530462861965e-124	0.507677058903557	0.938	0.817	1.11461194712108e-119	"4"	"SYAP1"
3.32936315717971e-124	1.07705161806368	0.428	0.207	1.21858020915934e-119	"4"	"SLC25A22"
3.53818296127221e-124	0.834766126847444	0.723	0.498	1.29501034565524e-119	"4"	"TPRKB"
5.32291669908436e-124	1.23393511913291	0.436	0.22	1.94824074103187e-119	"4"	"G2E3"
5.37789212320304e-124	0.508594389004889	0.992	0.941	1.96836229601355e-119	"4"	"CLDN11"
6.57691307111801e-124	1.09236361992479	0.403	0.19	2.4072159531599e-119	"4"	"CLPB"
1.26477560814393e-123	0.870377210194059	0.624	0.37	4.62920520336761e-119	"4"	"RPA1"
3.31711484394596e-123	1.10497863573778	0.396	0.186	1.21409720403266e-118	"4"	"CENPV"
2.40750507310796e-122	0.953657763889442	0.558	0.317	8.81170931808246e-118	"4"	"TCOF1"
3.408734283259e-122	0.876921607481344	0.615	0.365	1.24763083501563e-117	"4"	"CCND3"
5.12800499837965e-122	0.528605949573407	0.932	0.805	1.87690110945693e-117	"4"	"SAR1A"
1.19459543446501e-121	0.50771645005952	0.975	0.932	4.37233874968537e-117	"4"	"VASN"
1.80373301767141e-121	0.784805019039826	0.805	0.62	6.60184321797913e-117	"4"	"CMC2"
2.0701961027162e-121	0.531606535447136	0.943	0.836	7.57712475555157e-117	"4"	"LRRFIP1"
2.21244081177472e-121	0.985952160889704	0.67	0.443	8.09775461517665e-117	"4"	"DNAJB4"
2.89953712878222e-121	0.617731875863343	0.914	0.722	1.06125958450558e-116	"4"	"LMO7"
4.27428801386939e-121	1.13230763855836	0.387	0.181	1.56443215595634e-116	"4"	"CEP78"
5.78447505623106e-121	0.608949587624048	0.86	0.655	2.11717571533113e-116	"4"	"IMPAD1"
6.50921528961558e-121	0.680205842642766	0.821	0.614	2.3824378881522e-116	"4"	"HTATSF1"
9.14165022428435e-121	0.708507402143148	0.845	0.668	3.34593539859032e-116	"4"	"PRRC2A"
1.31247962540729e-120	0.712554186341568	0.766	0.542	4.80380667695321e-116	"4"	"POP5"
1.74099146798882e-120	0.774796298255785	0.72	0.473	6.37220287198587e-116	"4"	"CYB5B"
3.00243243649405e-120	0.686950282926515	0.853	0.651	1.09892029608119e-115	"4"	"HMG20B"
3.03856109370377e-120	1.08545280104745	0.424	0.207	1.11214374590652e-115	"4"	"USP13"
3.64607065262278e-120	0.961730311093396	0.486	0.252	1.33449831956646e-115	"4"	"FGFR1OP"
3.75840942653204e-120	1.09531532568798	0.527	0.294	1.37561543420499e-115	"4"	"NRG1"
5.45945985091958e-120	0.668157945752193	0.827	0.623	1.99821690003507e-115	"4"	"MRPL15"
7.6649099564786e-120	0.72625563511027	0.787	0.569	2.80543369317073e-115	"4"	"AP1M1"
1.58963138326882e-119	0.51061512761727	0.944	0.855	5.8182098259022e-115	"4"	"SRRM1"
2.24443114048398e-119	0.531138273388168	0.929	0.794	8.2148424172854e-115	"4"	"MRPL18"
2.8543018712766e-119	0.679625012002073	0.807	0.596	1.04470302790595e-114	"4"	"DHX9"
2.9725273885296e-119	1.4279220352356	0.323	0.142	1.08797474947572e-114	"4"	"HYLS1"
3.22132000486513e-119	1.12826955650446	0.508	0.279	1.17903533498069e-114	"4"	"TMEM158"
9.00804657481676e-119	0.555287615243296	0.906	0.757	3.29703512684868e-114	"4"	"UFD1"
9.38622448871827e-119	0.669762540394335	0.796	0.555	3.43545202511577e-114	"4"	"ORMDL2"
1.19215534285069e-118	0.620974844545685	0.841	0.639	4.36340777036779e-114	"4"	"MRPL19"
1.4158083917144e-118	0.679658197959313	0.822	0.617	5.18200029451388e-114	"4"	"MKKS"
1.44905504218322e-118	1.13946339175519	0.371	0.173	5.30368635989479e-114	"4"	"NUP205"
2.1366935170339e-118	0.844889943147025	0.651	0.406	7.82051194169578e-114	"4"	"EHD1"
4.53875066014428e-118	0.562269782518044	0.887	0.731	1.66122812911941e-113	"4"	"SMARCB1"
6.56588962755622e-118	0.706639669702803	0.774	0.533	2.40318126258185e-113	"4"	"POP4"
6.94080396767105e-118	1.07680202972467	0.442	0.223	2.54040366020728e-113	"4"	"C9orf40"
9.30985465693027e-118	0.654408342167885	0.813	0.587	3.40749990298305e-113	"4"	"TMEM126A"
1.04332457730809e-117	0.721855111109365	0.771	0.545	3.81867228540534e-113	"4"	"TCERG1"
1.12574746757686e-117	0.897412987466407	0.726	0.502	4.12034830607806e-113	"4"	"ARHGAP29"
1.99816619166115e-117	0.507703675321659	0.927	0.814	7.31348807809898e-113	"4"	"MRPL4"
3.23606700305153e-117	0.543132986087214	0.907	0.771	1.18443288378689e-112	"4"	"DDX1"
3.92167618475695e-117	0.815732434414891	0.611	0.362	1.43537270038289e-112	"4"	"GEMIN6"
7.14355170892124e-117	0.603021700068506	0.884	0.729	2.61461136098226e-112	"4"	"G6PC3"
1.45004711633228e-116	1.04958673414322	0.439	0.221	5.30731745048778e-112	"4"	"MIRLET7BHG"
2.08581753712697e-116	0.842440626925886	0.638	0.393	7.63430076763841e-112	"4"	"IPO4"
2.6772637012842e-116	0.67094803594404	0.802	0.583	9.7990528730703e-112	"4"	"UQCC3"
4.81257138003655e-116	0.684147769636647	0.8	0.585	1.76144925080718e-111	"4"	"GRPEL1"
5.95995825118293e-116	1.18267173939512	0.264	0.101	2.18140431951547e-111	"4"	"RFX8"
9.51212982945754e-116	0.973486067638793	0.428	0.213	3.48153463887976e-111	"4"	"MCM6"
1.20887731479953e-115	0.816753404795156	0.57	0.324	4.42461185989776e-111	"4"	"GET4"
1.25243005624888e-115	0.689216760334246	0.779	0.549	4.58401924887651e-111	"4"	"KPNA3"
1.55300043465928e-115	0.912700575498948	0.566	0.327	5.68413689089645e-111	"4"	"SMAP2"
1.77646147488808e-115	0.79051874826576	0.663	0.42	6.50202664423785e-111	"4"	"CCDC167"
1.97154205533069e-115	0.807446779790437	0.631	0.378	7.21604107671584e-111	"4"	"RPS6KA4"
4.18489182779302e-115	1.00485203541045	0.352	0.155	1.53171225789052e-110	"4"	"RAB7B"
4.27303669782095e-115	0.959942507897169	0.48	0.251	1.56397416176945e-110	"4"	"AL445524.1"
4.99978737718905e-115	0.895931196574254	0.574	0.335	1.82997217792497e-110	"4"	"ARSJ"
5.2329475046475e-115	0.751948974631043	0.725	0.489	1.91531111617603e-110	"4"	"ABRACL"
8.1114100800426e-115	0.642510798125133	0.825	0.613	2.96885720339639e-110	"4"	"PRPF31"
1.19989266067729e-114	0.854163501452794	0.563	0.321	4.39172712734495e-110	"4"	"NCS1"
1.24415441708226e-114	1.05910544804595	0.371	0.17	4.55372958196277e-110	"4"	"NCAPH2"
2.18666512972963e-114	0.544793465615419	0.894	0.737	8.00341304132342e-110	"4"	"EIF2AK4"
2.47457662335228e-114	0.817702088888737	0.586	0.339	9.05719789913168e-110	"4"	"NAA15"
4.44377564307601e-114	0.577997526911119	0.9	0.745	1.62646632312225e-109	"4"	"CAPN1"
2.16907745130524e-113	0.810034894980373	0.655	0.409	7.9390403795223e-109	"4"	"APC"
1.00831348405953e-112	0.954465067988169	0.463	0.238	3.6905281830063e-108	"4"	"CSTF3"
3.1441918045111e-112	0.748152578187681	0.726	0.498	1.15080564236911e-107	"4"	"WSB2"
3.66669408379939e-112	0.679965086622424	0.816	0.626	1.34204670161142e-107	"4"	"HACD3"
4.39655272489506e-112	0.566314523894414	0.865	0.695	1.60918226283884e-107	"4"	"GPS1"
5.9452519007107e-112	0.619455591406046	0.86	0.676	2.17602164817912e-107	"4"	"ETF1"
6.59926574241309e-112	0.68017053154481	0.782	0.559	2.41539725438061e-107	"4"	"RAB8A"
6.71411089152449e-112	1.04672501661463	0.353	0.161	2.45743172740688e-107	"4"	"KIAA1217"
6.76040629064722e-112	0.599400436650196	0.867	0.698	2.47437630643979e-107	"4"	"DNAJB11"
1.9228141482146e-111	0.71162805959916	0.764	0.543	7.03769206388024e-107	"4"	"TSR1"
1.99277047168482e-111	0.514436992894052	0.931	0.814	7.29373920341362e-107	"4"	"RNPS1"
2.46174239220639e-111	0.927368276854501	0.479	0.255	9.01022332971459e-107	"4"	"DOCK5"
4.32055218545655e-111	0.857427818814414	0.512	0.277	1.58136530539895e-106	"4"	"APOO"
4.52701055259773e-111	1.02520196195127	0.36	0.165	1.65693113235629e-106	"4"	"SLC8A1"
4.5926281566916e-111	0.822397842149975	0.646	0.411	1.68094783163069e-106	"4"	"NIP7"
5.34267243301828e-111	0.87316363892453	0.512	0.28	1.95547153720902e-106	"4"	"MPHOSPH6"
5.64628826463175e-111	0.792238642599177	0.645	0.4	2.06659796773787e-106	"4"	"PMVK"
6.38371263615199e-111	1.01964372942759	0.368	0.172	2.33650266195799e-106	"4"	"NUP188"
7.55414147443323e-111	1.14923590174677	0.299	0.126	2.76489132105731e-106	"4"	"DARS2"
1.93554788055513e-110	0.50634604126662	0.935	0.811	7.08429879761982e-106	"4"	"IK"
2.19900621425659e-110	0.515747227901666	0.922	0.79	8.04858264480053e-106	"4"	"SH3GL1"
2.40270812367466e-110	0.675248998033125	0.772	0.54	8.79415200346163e-106	"4"	"CHTOP"
2.57065835015569e-110	0.673936671783335	0.786	0.543	9.40886662740486e-106	"4"	"F2R"
2.86601930580023e-110	0.734507658890639	0.669	0.417	1.04899172611594e-105	"4"	"PRPS1"
3.22605207401844e-110	0.76305918586039	0.698	0.46	1.18076731961149e-105	"4"	"PPAN"
3.38053010800176e-110	0.636103833066066	0.831	0.623	1.23730782482972e-105	"4"	"DCAF13"
3.98621096576727e-110	1.03190529103052	0.379	0.18	1.45899307558048e-105	"4"	"DCK"
5.58482432684163e-110	0.555241556989207	0.891	0.738	2.04410155186731e-105	"4"	"CISD3"
6.53603945542463e-110	0.690832861291034	0.774	0.545	2.39225580107997e-105	"4"	"TMX2"
1.04648124035096e-109	0.779383975265807	0.672	0.437	3.83022598780855e-105	"4"	"NIN"
1.23677744695529e-109	0.604185302947271	0.867	0.69	4.52672913360107e-105	"4"	"COX17"
1.39408631265743e-109	0.77208178147923	0.675	0.448	5.10249531295745e-105	"4"	"PCNA"
1.63675786707106e-109	0.907012794357413	0.54	0.312	5.99069746926679e-105	"4"	"GRWD1"
2.10665179667799e-109	0.904228580131933	0.49	0.266	7.71055624102111e-105	"4"	"DOHH"
2.31729108210908e-109	1.01075405847204	0.406	0.201	8.48151708962745e-105	"4"	"GJC1"
3.22056441406547e-109	0.508891463060275	0.924	0.802	1.1787587811921e-104	"4"	"EMC6"
4.85298110805913e-109	0.601115170992	0.898	0.768	1.77623961536072e-104	"4"	"DDX21"
6.75570154356895e-109	0.930966619333016	0.439	0.223	2.47265432196167e-104	"4"	"TIMM8A"
7.18266478736477e-109	0.848032806110273	0.624	0.394	2.62892713882338e-104	"4"	"GPN3"
7.23200274250378e-109	0.81993401152645	0.632	0.397	2.64698532378381e-104	"4"	"POLE3"
1.11870528976748e-108	0.794382515454735	0.645	0.404	4.09457323107797e-104	"4"	"ELAC2"
1.7645292217003e-108	0.805516315989644	0.605	0.366	6.45835340434528e-104	"4"	"GMPPB"
2.89652552039074e-108	0.900195602464986	0.48	0.259	1.06015730571821e-103	"4"	"UTP20"
3.29764017724158e-108	0.596836775777874	0.847	0.664	1.20696928127219e-103	"4"	"FTSJ1"
3.38068218310547e-108	1.40564094629553	0.263	0.107	1.23736348583843e-103	"4"	"BARD1"
4.96674434536175e-108	0.578822210214989	0.87	0.697	1.81787809784586e-103	"4"	"PFDN1"
9.54287197297449e-108	0.614715568025648	0.837	0.647	3.49278657082839e-103	"4"	"HSPB11"
1.0329114418372e-107	1.15693088592223	0.307	0.134	3.78055916826835e-103	"4"	"DUSP5"
1.10172043484336e-107	0.642878517503719	0.824	0.626	4.03240696357016e-103	"4"	"KPNA4"
1.77069849417792e-107	0.651462484856523	0.763	0.526	6.4809335585406e-103	"4"	"ZDHHC16"
1.98228072613062e-107	0.787039929962448	0.652	0.406	7.25534568571069e-103	"4"	"PAK1"
2.23354849606487e-107	0.829040259390011	0.586	0.347	8.17501085044703e-103	"4"	"INF2"
2.51148188854409e-107	0.588026257217953	0.859	0.669	9.19227486026022e-103	"4"	"DTD1"
3.36024480964763e-107	0.917986268518633	0.59	0.364	1.22988320277913e-102	"4"	"SAC3D1"
4.1483797910795e-107	0.834654577199761	0.582	0.344	1.51834848733301e-102	"4"	"PPP2R5D"
5.99221437633313e-107	0.649451274553893	0.805	0.597	2.19321038388169e-102	"4"	"IMPDH1"
1.2491095284577e-106	0.795307769633675	0.659	0.43	4.57186578510803e-102	"4"	"NXN"
1.39847976367664e-106	0.763762368913514	0.606	0.364	5.11857578303287e-102	"4"	"TBL3"
1.45537220998637e-106	0.646221149521718	0.816	0.607	5.3268078257711e-102	"4"	"GPC1"
3.12730314269908e-106	1.0317392647017	0.377	0.18	1.14462422325929e-101	"4"	"CHEK1"
9.34153695868068e-106	0.800317434903214	0.612	0.376	3.41909594224672e-101	"4"	"POGLUT3"
1.03535960977964e-105	0.700581421508834	0.737	0.511	3.78951970775447e-101	"4"	"ERAL1"
1.51153598646108e-105	0.598218688793451	0.765	0.515	5.53237286404621e-101	"4"	"PHLDA1"
1.96189596163837e-105	1.01034839642365	0.318	0.14	7.1807354091926e-101	"4"	"TJP2"
3.38878876955036e-105	0.702776535044608	0.777	0.575	1.24033057754313e-100	"4"	"SMURF2"
7.38585405584047e-105	0.862724056572866	0.526	0.297	2.70329644297817e-100	"4"	"WDR5"
8.87257468280818e-105	0.810308859292096	0.569	0.333	3.24745105965462e-100	"4"	"KHSRP"
9.13328318851286e-105	0.724580758627471	0.881	0.736	3.34287297982759e-100	"4"	"FLNC"
1.27594274459432e-104	0.969094892303802	0.49	0.276	4.67007803948967e-100	"4"	"NUP107"
1.52490483430098e-104	0.55346690071022	0.896	0.73	5.58130418402502e-100	"4"	"PPP1R7"
2.03862077485111e-104	0.653363319204539	0.792	0.579	7.46155589803254e-100	"4"	"DDX56"
3.36547086495428e-104	0.534985404573347	0.909	0.78	1.23179599128192e-99	"4"	"SGCB"
4.02124788920301e-104	0.557777527451258	0.858	0.652	1.47181693992719e-99	"4"	"ACAT1"
1.44741690832574e-103	0.747091189510368	0.651	0.406	5.29769062616304e-99	"4"	"TIMM22"
2.42409467878695e-103	0.803838617528867	0.587	0.355	8.87242893382812e-99	"4"	"NF2"
2.85452844743686e-103	0.519674299290164	0.897	0.732	1.04478595704636e-98	"4"	"POLDIP2"
7.13672236346481e-103	0.984992907102548	0.387	0.192	2.61211175225175e-98	"4"	"PYCR3"
7.33402535527585e-103	1.01944873358964	0.353	0.167	2.68432662028452e-98	"4"	"PLA2G15"
7.69146409749744e-103	0.840536119566658	0.53	0.306	2.81515277432504e-98	"4"	"SLIT2"
8.8757538343899e-103	0.786411117059694	0.641	0.416	3.24861466092505e-98	"4"	"KIF1BP"
1.12955954149771e-102	0.551143214146341	0.755	0.509	4.13430087783578e-98	"4"	"PCOLCE2"
1.31911127920425e-102	0.690942192069364	0.836	0.644	4.82807919301546e-98	"4"	"FLNB"
2.03423452149157e-102	0.542276070911867	0.919	0.782	7.44550177211129e-98	"4"	"TAF15"
4.77464437153756e-102	0.576888119486185	0.852	0.674	1.74756758642646e-97	"4"	"COPS3"
1.10750667882309e-101	0.594184332300678	0.825	0.632	4.0535851951604e-97	"4"	"WDR18"
4.551621570614e-101	1.12165530973442	0.472	0.269	1.66593901106043e-96	"4"	"TRIM59"
5.22695090318437e-101	0.515390845717946	0.957	0.896	1.91311630007451e-96	"4"	"RHEB"
6.4169680946628e-101	0.837286420210136	0.57	0.347	2.34867449232753e-96	"4"	"FN3KRP"
7.20844705803025e-101	0.508080844117312	0.914	0.786	2.63836370770965e-96	"4"	"C11orf24"
2.41170156836203e-100	0.934769419136445	0.36	0.17	8.82706891036186e-96	"4"	"ATP6V0E2"
2.85221966308297e-100	1.39844113657658	0.254	0.106	1.043940918885e-95	"4"	"WNK4"
3.69442685693474e-100	0.767892238906707	0.604	0.367	1.35219717390669e-95	"4"	"CABIN1"
8.39960605929479e-100	1.15476013437332	0.261	0.107	3.07433981376249e-95	"4"	"WNT5B"
8.61021167242519e-100	0.536018711738679	0.879	0.723	3.15142357422434e-95	"4"	"U2SURP"
1.01436833159732e-99	1.03700940989788	0.356	0.173	3.71268953047934e-95	"4"	"RFC4"
1.03673711653316e-99	0.607346891458562	0.832	0.647	3.794561520223e-95	"4"	"EMP2"
1.03761322181326e-99	0.783419928201343	0.672	0.465	3.79776815315872e-95	"4"	"SACS"
1.32321102709789e-99	0.642550478476908	0.758	0.554	4.843084680281e-95	"4"	"HSPBP1"
1.34362042991505e-99	0.638894678559071	0.776	0.562	4.91778513553207e-95	"4"	"SHKBP1"
2.0640355185062e-99	0.78585550200914	0.531	0.305	7.55457640128456e-95	"4"	"DNAAF5"
4.51240866559396e-99	0.785708490256176	0.559	0.329	1.65158669569405e-94	"4"	"PCYT2"
9.57986819561305e-99	0.661733394295082	0.762	0.543	3.50632755827633e-94	"4"	"MRPL58"
1.06282582733386e-98	0.60438156754301	0.824	0.641	3.89004881062464e-94	"4"	"MCUR1"
1.13238261291606e-98	0.744221419287421	0.677	0.456	4.14463360153409e-94	"4"	"UCK2"
1.27964199509624e-98	0.73208631761777	0.664	0.439	4.68361766625174e-94	"4"	"VARS"
1.6399343649321e-98	0.636428781104843	0.748	0.529	6.00232376908797e-94	"4"	"PSMG3"
2.56863798799721e-98	0.988750518120651	0.349	0.166	9.40147189986857e-94	"4"	"PGAM5"
2.75228313366721e-98	0.593057266226277	0.861	0.675	1.00736314975354e-93	"4"	"NIBAN2"
3.89113316600611e-98	0.860322644543122	0.435	0.229	1.4241936500899e-93	"4"	"TMEM97"
4.51496753469074e-98	0.659914263345868	0.73	0.512	1.65252326737216e-93	"4"	"RNF126"
6.04863319861975e-98	0.528079681494725	0.889	0.742	2.21386023702681e-93	"4"	"AHSA1"
6.68953896267734e-98	0.883631213039408	0.434	0.228	2.44843815572953e-93	"4"	"RRP12"
7.1681775107463e-98	0.567810277953134	0.821	0.602	2.62362465070825e-93	"4"	"ENSA"
1.03333189521322e-97	0.573143198107961	0.826	0.618	3.7820980696699e-93	"4"	"GMPPA"
1.77127306656811e-97	0.58646789958454	0.787	0.572	6.48303655094595e-93	"4"	"INO80E"
2.16888894063904e-97	1.19638241486684	0.29	0.129	7.93835041163295e-93	"4"	"NETO2"
2.39729844037395e-97	0.762652807821261	0.662	0.447	8.77435202161271e-93	"4"	"CENPT"
2.97927900461535e-97	0.59115868191366	0.832	0.632	1.09044590847926e-92	"4"	"GLUD1"
3.25073874391012e-97	0.68000483407172	0.682	0.442	1.18980288765854e-92	"4"	"POFUT1"
4.14698994825898e-97	0.810747946692824	0.527	0.304	1.51783979096227e-92	"4"	"FAIM"
4.40948075564842e-97	0.565850158810528	0.851	0.675	1.61391405137488e-92	"4"	"SAR1B"
4.48027176856188e-97	0.99423368400246	0.446	0.243	1.63982427001133e-92	"4"	"SCLT1"
5.08361121912806e-97	0.976964110515436	0.353	0.169	1.86065254231306e-92	"4"	"DONSON"
7.62157810620199e-97	0.72188424118781	0.685	0.458	2.78957380265099e-92	"4"	"MGAT2"
8.47000624245616e-97	0.880048286959983	0.795	0.635	3.10010698480138e-92	"4"	"CRIP1"
1.33021606149102e-96	0.675779347553863	0.721	0.502	4.8687238066633e-92	"4"	"WDR54"
1.56805407909955e-96	0.634998438101895	0.865	0.749	5.73923473491228e-92	"4"	"NR2F2"
1.93642797059145e-96	0.850657213781031	0.495	0.279	7.08752001516176e-92	"4"	"SMPD4"
2.50629812333828e-96	0.538309960520027	0.859	0.696	9.17330176123042e-92	"4"	"TRAPPC4"
3.8066694789855e-96	0.725414420860068	0.636	0.412	1.39327909600348e-91	"4"	"KITLG"
4.16661292688724e-96	0.515061145180812	0.895	0.757	1.52502199737e-91	"4"	"DCUN1D5"
4.33431335625434e-96	0.556614730331985	0.83	0.642	1.58640203152265e-91	"4"	"MRPS11"
4.87186667872282e-96	1.10640539810089	0.298	0.134	1.78315192307934e-91	"4"	"CEP70"
5.41910576430645e-96	0.501515021277065	0.894	0.741	1.9834469007938e-91	"4"	"DBNL"
8.35512470747033e-96	0.540388450599038	0.919	0.775	3.05805919418122e-91	"4"	"ID3"
1.93413495450781e-95	0.677197183687115	0.692	0.464	7.07912734699404e-91	"4"	"CNDP2"
2.34092084490902e-95	0.549393004410838	0.878	0.725	8.56800438445152e-91	"4"	"PWP1"
6.04750992666842e-95	1.04483880053061	0.339	0.163	2.21344910825991e-90	"4"	"ATP1B1"
6.80871640262292e-95	0.795347319923547	0.533	0.309	2.49205829052402e-90	"4"	"LAS1L"
7.8801862290211e-95	0.574821969709849	0.82	0.622	2.88422696168401e-90	"4"	"MRPL38"
1.2528218206795e-94	0.689038743804999	0.649	0.418	4.58545314586904e-90	"4"	"IPO9"
1.42175631574888e-94	0.582471392817118	0.824	0.634	5.20377029127246e-90	"4"	"VPS4A"
2.49496968249731e-94	0.589286770647387	0.821	0.653	9.13183853490841e-90	"4"	"IMP4"
2.75716930240649e-94	0.622477371122695	0.745	0.523	1.0091515363738e-89	"4"	"RALB"
4.21576661998573e-94	1.05538083266282	0.325	0.154	1.54301274058098e-89	"4"	"ETS2"
4.49734758669967e-94	0.610951209719656	0.783	0.582	1.64607419020795e-89	"4"	"CS"
5.08121098676398e-94	0.814631741620361	0.487	0.269	1.85977403326548e-89	"4"	"HMCES"
6.26694566278581e-94	0.676569442173643	0.552	0.322	2.29376478203623e-89	"4"	"SCFD2"
6.33849647348605e-94	0.838099024994148	0.493	0.282	2.31995309426063e-89	"4"	"TEAD4"
7.77477475115443e-94	0.60493601180163	0.814	0.624	2.84564530667003e-89	"4"	"RALGPS2"
9.95662798060129e-94	0.788124173467376	0.569	0.35	3.64422540717988e-89	"4"	"CPSF3"
1.25120991574042e-93	1.12300399677954	0.267	0.114	4.57955341260151e-89	"4"	"TDP1"
1.83304649834415e-93	0.855693855398461	0.445	0.239	6.70913348858941e-89	"4"	"NAT10"
1.83757831167281e-93	0.974934860933269	0.341	0.164	6.72572037855366e-89	"4"	"CXorf38"
4.18138815250396e-93	0.648497698398605	0.754	0.529	1.53042987769797e-88	"4"	"ASL"
7.97814463220778e-93	1.11523766897412	0.268	0.116	2.92008071683437e-88	"4"	"MDC1"
1.0404717228917e-92	0.648822382868292	0.726	0.517	3.80823055295592e-88	"4"	"SRPK1"
1.06956276865382e-92	0.819807527495929	0.537	0.322	3.91470668954986e-88	"4"	"AMD1"
2.69223274535533e-92	1.15012582467676	0.616	0.418	9.85384107127505e-88	"4"	"KCNMA1"
5.03905103629747e-92	0.710027795412196	0.643	0.417	1.84434306979524e-87	"4"	"EEF1AKMT2"
5.18614702216113e-92	0.609601367828935	0.77	0.565	1.8981816715812e-87	"4"	"GLTP"
5.66593664906139e-92	0.523938334285557	0.882	0.754	2.07378947292296e-87	"4"	"HOMER3"
6.43854218275083e-92	0.681769696185853	0.67	0.448	2.35657082430863e-87	"4"	"GMFB"
6.94172909230038e-92	0.699033181005213	0.678	0.458	2.54074226507286e-87	"4"	"LPCAT4"
7.63400725161808e-92	0.964359798674694	0.393	0.204	2.79412299416473e-87	"4"	"ANKRD9"
8.86625582015863e-92	0.637837800192753	0.793	0.601	3.24513829273626e-87	"4"	"NOP56"
1.05198005849561e-91	0.722014637263978	0.615	0.386	3.85035221209978e-87	"4"	"PLGRKT"
1.39763507289181e-91	0.659368244300946	0.766	0.573	5.1154841302913e-87	"4"	"LAPTM4B"
1.484132929839e-91	0.776410121077717	0.517	0.298	5.43207493650374e-87	"4"	"PAK1IP1"
2.0459119287925e-91	0.73110608857079	0.541	0.315	7.48824225057342e-87	"4"	"DLAT"
2.76361292738315e-91	0.576658555131571	0.812	0.607	1.01150996755151e-86	"4"	"IDH2"
3.00185429036658e-91	0.599407920058882	0.759	0.543	1.09870868881707e-86	"4"	"SMAD3"
3.23375991794811e-91	0.682302527551008	0.673	0.45	1.18358846756819e-86	"4"	"UTP6"
4.978405214921e-91	0.957147116842778	0.288	0.127	1.82214609271324e-86	"4"	"MIR222HG"
5.8370489282112e-91	0.901854622773362	0.373	0.187	2.13641827821458e-86	"4"	"KLHL18"
7.41569232518692e-91	0.745401106540039	0.59	0.367	2.71421754794167e-86	"4"	"RRP15"
7.96333267765517e-91	0.793915355903175	0.473	0.262	2.91465939334857e-86	"4"	"EDC4"
9.92654080175739e-91	0.544169633441727	0.826	0.632	3.63321319885122e-86	"4"	"GSS"
1.01995135753535e-90	0.702770636132599	0.617	0.395	3.73312396371512e-86	"4"	"R3HDM1"
1.17239820863341e-90	0.547157971717748	0.852	0.674	4.29109468341915e-86	"4"	"NUDCD2"
1.50395749258491e-90	0.654781540782719	0.666	0.441	5.50463481861004e-86	"4"	"QDPR"
1.87744216287808e-90	0.958296198627198	0.437	0.241	6.87162606035005e-86	"4"	"LIN7A"
2.16076682703099e-90	0.710350241645646	0.581	0.36	7.90862266361612e-86	"4"	"SEC11C"
2.74545387348397e-90	0.65765593188967	0.682	0.457	1.00486357223387e-85	"4"	"VMA21"
2.98972457145025e-90	1.13446051243522	0.266	0.116	1.09426909039651e-85	"4"	"MGME1"
3.33940140036653e-90	0.845535561716063	0.483	0.275	1.22225430654815e-85	"4"	"BCS1L"
3.65755336941589e-90	0.612065615685116	0.779	0.577	1.33870110873991e-85	"4"	"HMOX2"
4.27656567039302e-90	0.693614294700926	0.659	0.44	1.56526580102055e-85	"4"	"EXOSC3"
4.93024443384429e-90	0.709363109279134	0.624	0.399	1.80451876523135e-85	"4"	"NOL11"
9.49807231235849e-90	0.549197958461409	0.826	0.63	3.47638944704633e-85	"4"	"ERGIC2"
1.0553099387953e-89	0.507571169888954	0.874	0.718	3.86253990698466e-85	"4"	"PSMC6"
1.23958476904929e-89	0.932963735266577	0.504	0.304	4.53700421319729e-85	"4"	"TEX30"
1.34691353581494e-89	0.616009076886045	0.738	0.522	4.92983823243628e-85	"4"	"PRPF19"
2.10412080211531e-89	1.18965462432057	0.333	0.166	7.70129254782226e-85	"4"	"CDCA4"
2.60886380455452e-89	0.597325895286902	0.784	0.577	9.54870241104999e-85	"4"	"DDA1"
2.98213673559593e-89	0.513101817744352	0.867	0.703	1.09149186659546e-84	"4"	"CHCHD1"
4.43953262160057e-89	0.594241884316566	0.845	0.704	1.62491333483202e-84	"4"	"TIMM10"
4.73342106791449e-89	0.843480186712958	0.444	0.244	1.73247944506738e-84	"4"	"ASB6"
7.40719669806429e-89	0.887426982244998	0.575	0.369	2.71110806345851e-84	"4"	"SERINC2"
8.3440483796008e-89	0.528825875913021	0.856	0.661	3.05400514741769e-84	"4"	"EPB41L2"
9.61634144797108e-89	0.897193701254648	0.617	0.423	3.51967713337189e-84	"4"	"RGMB"
2.55484248470667e-88	0.659903288094952	0.604	0.375	9.35097897827487e-84	"4"	"ITGA4"
2.56798085150481e-88	0.670606053163225	0.671	0.455	9.39906671459274e-84	"4"	"ICMT"
2.76968956880728e-88	0.573938276958011	0.806	0.611	1.01373407907915e-83	"4"	"UBAP2L"
3.50109913375654e-88	0.596287458478896	0.796	0.6	1.28143729394623e-83	"4"	"FBXL5"
3.59065569980376e-88	1.05964756364179	0.283	0.127	1.31421589268517e-83	"4"	"FANCG"
6.73340683178326e-88	0.803810206391954	0.439	0.238	2.46449423450099e-83	"4"	"TRMT61A"
8.19656061354567e-88	0.903211380189744	0.34	0.166	3.00002315016385e-83	"4"	"RAB30-DT"
8.38127667068361e-88	0.637836637486786	0.717	0.494	3.06763107423691e-83	"4"	"PRKACA"
1.20069369509887e-87	0.601447495765807	0.752	0.552	4.39465899343136e-83	"4"	"E2F4"
1.64450360213068e-87	0.803419301266983	0.531	0.32	6.01904763415851e-83	"4"	"NOP2"
1.8362743640804e-87	0.902166295423061	0.304	0.14	6.72094779997066e-83	"4"	"CPED1"
2.21793081889641e-87	0.940000923262029	0.3	0.139	8.11784859024275e-83	"4"	"RDH5"
2.34944537451363e-87	0.786177556312657	0.504	0.296	8.59920501525734e-83	"4"	"EXOSC9"
2.38327997393845e-87	0.642121551508565	0.737	0.523	8.72304303261212e-83	"4"	"SLC35B1"
3.33253989419403e-87	0.666033061113596	0.643	0.411	1.21974292667396e-82	"4"	"ELOA"
3.43969552423404e-87	0.800096874100791	0.505	0.292	1.2589629588249e-82	"4"	"MAPKAPK3"
4.49956962587519e-87	0.921279988140252	0.398	0.211	1.64688747876658e-82	"4"	"PRSS3"
4.76427929485744e-87	0.569908797214415	0.782	0.577	1.74377386471077e-82	"4"	"ACOT9"
5.93976877946054e-87	1.1677956809407	0.267	0.119	2.17401477097035e-82	"4"	"MLPH"
1.1647922403131e-86	0.778631199620522	0.484	0.277	4.26325607876997e-82	"4"	"PLCB3"
1.38442673362469e-86	1.10433237935062	0.361	0.188	5.06714028773971e-82	"4"	"SOGA1"
1.68260874912176e-86	1.03613738672984	0.281	0.128	6.15851628266056e-82	"4"	"PCBD2"
2.19247383518271e-86	0.790306013870388	0.482	0.274	8.02467348415222e-82	"4"	"ZMYND8"
2.29977167769575e-86	0.633075209292015	0.734	0.53	8.41739431753423e-82	"4"	"ESYT1"
2.61820858405764e-86	0.574941230852251	0.751	0.532	9.58290523850937e-82	"4"	"ZNF326"
2.7219147273005e-86	0.694368944173417	0.647	0.426	9.96248009339256e-82	"4"	"NUP37"
6.98700119124068e-86	0.603134315276597	0.77	0.569	2.557312306006e-81	"4"	"TRIO"
7.5883747213449e-86	0.665133457093575	0.663	0.443	2.77742103175945e-81	"4"	"GTF2H3"
7.6463102958347e-86	0.633238219261233	0.808	0.632	2.79862603137846e-81	"4"	"RRAS2"
1.22718953867691e-85	0.703180466123831	0.578	0.36	4.49163643051136e-81	"4"	"IRS1"
1.40481669495052e-85	0.778486282515045	0.545	0.336	5.14176958518839e-81	"4"	"POLR3K"
1.65432579547959e-85	0.74892779585644	0.488	0.279	6.05499784403486e-81	"4"	"TCHP"
2.4902398854276e-85	0.679387296698109	0.619	0.403	9.11452700465356e-81	"4"	"TBRG4"
2.59130861156752e-85	0.650947002373951	0.689	0.466	9.48444864919827e-81	"4"	"WDFY1"
3.17841482454949e-85	0.89757938911414	0.343	0.169	1.16333160993336e-80	"4"	"TAF9B"
6.48808820956998e-85	0.571298343012079	0.786	0.591	2.37470516558471e-80	"4"	"CUL4A"
1.24390847891293e-84	0.615570884112615	0.712	0.494	4.55282942366923e-80	"4"	"CARM1"
1.34908479564695e-84	0.634457203836316	0.678	0.46	4.9377852605474e-80	"4"	"CPSF2"
1.7275672546863e-84	0.769450709576002	0.5	0.293	6.32306890887733e-80	"4"	"NACC1"
1.72833522357563e-84	0.541239900945728	0.821	0.629	6.32587975180915e-80	"4"	"UBQLN1"
1.78388408759219e-84	0.775671866453487	0.491	0.283	6.52919414899617e-80	"4"	"MSTO1"
1.79291387810918e-84	0.643893990768563	0.634	0.411	6.56224408526742e-80	"4"	"RRP1B"
2.07906514117088e-84	0.748402562003089	0.495	0.286	7.60958632319954e-80	"4"	"ALDH16A1"
2.08963514302315e-84	0.62963104685952	0.696	0.485	7.64827358697903e-80	"4"	"SMIM12"
2.35110472614511e-84	0.711882138634561	0.593	0.375	8.60527840816372e-80	"4"	"GCN1"
3.31668903144636e-84	0.659003177531672	0.63	0.412	1.21394135239968e-79	"4"	"BMS1"
3.83793480603991e-84	0.745077224709547	0.505	0.294	1.40472251835867e-79	"4"	"WDR55"
4.24434723534242e-84	0.777189970997112	0.512	0.304	1.55347353160768e-79	"4"	"NOC4L"
4.67005887448818e-84	0.859829506503521	0.48	0.285	1.70928824865142e-79	"4"	"PCNT"
6.3709701884165e-84	0.826492593958236	0.415	0.223	2.33183879866232e-79	"4"	"NUP62"
6.84152845544552e-84	0.989566135570142	0.311	0.15	2.50406782997761e-79	"4"	"NOL6"
6.84218151462099e-84	0.752011052646452	0.536	0.323	2.50430685616643e-79	"4"	"GPN1"
7.17862269080585e-84	0.708443200427133	0.723	0.548	2.62744769106185e-79	"4"	"PDLIM1"
9.42497875211233e-84	0.734990421980099	0.655	0.453	3.44963647306063e-79	"4"	"RASSF1"
1.11303303325013e-83	0.762360496387117	0.485	0.283	4.0738122049988e-79	"4"	"PDCD11"
1.51116306902172e-83	0.707370356314428	0.531	0.319	5.5310079489264e-79	"4"	"PUS7L"
1.52823324690327e-83	0.868538540076641	0.365	0.188	5.59348650699065e-79	"4"	"CD3EAP"
2.21434962435731e-83	0.637685205961648	0.683	0.469	8.10474106011017e-79	"4"	"CWC27"
3.1054437817936e-83	0.525230798650453	0.834	0.657	1.13662347857428e-78	"4"	"PLEKHJ1"
3.13276040998516e-83	0.704257937983578	0.631	0.423	1.14662163765867e-78	"4"	"NSUN2"
6.73863111642352e-83	0.74497619788716	0.532	0.321	2.46640637492217e-78	"4"	"C16orf91"
8.47910557381323e-83	0.520802887435414	0.883	0.728	3.10343743107138e-78	"4"	"PAPSS2"
1.09320523047901e-82	0.588572260037135	0.74	0.541	4.00124046407623e-78	"4"	"USP10"
1.18725068336279e-82	0.54375845208652	0.781	0.563	4.34545622617615e-78	"4"	"TAF6"
1.46830597742091e-82	0.657388542578641	0.536	0.315	5.37414670795829e-78	"4"	"TBCD"
1.73074192418583e-82	0.59836562964276	0.733	0.521	6.33468851671256e-78	"4"	"GOSR2"
2.20014862620713e-82	0.790767305067255	0.482	0.28	8.05276398678071e-78	"4"	"TTC4"
4.31201711190101e-82	0.581026123861983	0.748	0.535	1.57824138312689e-77	"4"	"PON2"
4.37705255756236e-82	0.711027819931505	0.705	0.501	1.6020450065934e-77	"4"	"PYGB"
4.65416476978258e-82	0.6686949345336	0.705	0.507	1.70347084738812e-77	"4"	"FKBP4"
5.6607594985051e-82	0.662315688404034	0.632	0.415	2.07189458404785e-77	"4"	"OGFOD1"
6.24253828548508e-82	0.559978100768477	0.748	0.534	2.28483143787039e-77	"4"	"PPP5C"
7.44756511782417e-82	0.647390845330653	0.614	0.393	2.72588330877483e-77	"4"	"LTV1"
7.46043436825343e-82	0.621118702531583	0.671	0.454	2.73059358312444e-77	"4"	"CHAMP1"
1.16958040477637e-81	0.592771597619003	0.708	0.508	4.28078123952199e-77	"4"	"HADH"
1.30567152677648e-81	0.521758010971088	0.796	0.612	4.77888835515458e-77	"4"	"TXNDC9"
1.52679387188218e-81	0.579751439482459	0.727	0.521	5.58821825047596e-77	"4"	"EIF2B1"
2.32842663483499e-81	0.781680633170311	0.465	0.269	8.52227432615954e-77	"4"	"STK10"
2.58736456420485e-81	0.675870625754964	0.631	0.42	9.47001304144617e-77	"4"	"CANT1"
2.60520698791353e-81	0.562558628425061	0.971	0.928	9.53531809646232e-77	"4"	"CITED2"
3.131099822865e-81	0.678534394547204	0.578	0.361	1.14601384616682e-76	"4"	"DDX23"
3.92996388210093e-81	0.654155788741749	0.565	0.346	1.43840608048776e-76	"4"	"MTRF1L"
4.21727236442106e-81	0.747396242200977	0.512	0.307	1.54356385810175e-76	"4"	"CENPB"
4.34506974899223e-81	0.758324019645064	0.395	0.208	1.59033897882865e-76	"4"	"MTHFD2L"
7.56839671785447e-81	0.526879020122647	0.815	0.63	2.77010888270192e-76	"4"	"COA6"
8.79606823424844e-81	0.7234015075136	0.566	0.358	3.21944893441727e-76	"4"	"SH3RF1"
1.33536879651957e-80	0.528569063550004	0.785	0.594	4.88758333214128e-76	"4"	"LYPLA1"
1.55892463460868e-80	0.763307658809013	0.516	0.309	5.70582005513124e-76	"4"	"PNO1"
1.77574092154457e-80	0.651204266361815	0.65	0.436	6.49938934694527e-76	"4"	"CMSS1"
2.52541100741957e-80	0.702355152374101	0.55	0.339	9.24325682825635e-76	"4"	"ARMC6"
2.9229799776185e-80	0.645601658785458	0.66	0.448	1.06983990160815e-75	"4"	"CCNQ"
2.9891930466648e-80	0.58774787775051	0.747	0.548	1.09407454700978e-75	"4"	"UCHL3"
3.88706658877191e-80	0.65869176236853	0.578	0.359	1.42270524215641e-75	"4"	"CHD1L"
8.46168450316812e-80	0.565941374816289	0.748	0.533	3.09706114500456e-75	"4"	"COMMD8"
1.26079227688783e-79	0.676354574012842	0.586	0.373	4.61462581263713e-75	"4"	"BBS7"
1.48655109021399e-79	0.653246472396366	0.612	0.395	5.44092564529221e-75	"4"	"NOL9"
2.02437103461135e-79	0.570017852045113	0.779	0.593	7.40940042378101e-75	"4"	"POP7"
6.44487918815779e-79	0.675774752501443	0.564	0.355	2.35889023165763e-74	"4"	"RBM28"
7.18068583375872e-79	0.568720185208967	0.903	0.816	2.62820282201403e-74	"4"	"MT-ND2"
7.42036402247089e-79	0.744709246122565	0.525	0.325	2.71592743586457e-74	"4"	"RRP9"
8.59018627051474e-79	0.828823899056613	0.395	0.215	3.1440940768711e-74	"4"	"CCNYL1"
1.99182627587033e-78	0.810597401031464	0.372	0.196	7.29028335231299e-74	"4"	"PI4K2B"
2.39942957439094e-78	0.680745479947158	0.583	0.373	8.78215218522829e-74	"4"	"PTRH1"
2.77594694464591e-78	0.585544052873941	0.708	0.489	1.01602434120985e-73	"4"	"PXMP2"
3.1382167391596e-78	0.530093784386721	0.819	0.644	1.14861870869981e-73	"4"	"SF3A1"
3.32763408754232e-78	0.793917940021694	0.428	0.24	1.21794735238137e-73	"4"	"CAD"
3.40641030039545e-78	0.605339818114035	0.702	0.5	1.24678023404774e-73	"4"	"TSN"
6.82062626119556e-78	0.62394441997191	0.666	0.447	2.49641741786019e-73	"4"	"PDCL3"
7.75716591960879e-78	0.682267696415266	0.536	0.325	2.83920029823601e-73	"4"	"DPP3"
9.12420748900503e-78	0.655968097495591	0.625	0.41	3.33955118305073e-73	"4"	"NOC3L"
1.09823531510879e-77	0.652222963911374	0.62	0.407	4.01965107682967e-73	"4"	"ERCC2"
1.12938279920519e-77	1.03492858691206	0.256	0.117	4.1336539833709e-73	"4"	"AC016831.1"
1.9837170552276e-77	0.532814254944303	0.795	0.604	7.26060279383854e-73	"4"	"ITPA"
2.03120148989522e-77	0.643351165535878	0.638	0.437	7.43440057316549e-73	"4"	"LARP4"
2.54970032646587e-77	0.526816005266246	0.799	0.622	9.33215816489772e-73	"4"	"M6PR"
2.55451527112456e-77	0.540668835163045	0.814	0.641	9.34978134384302e-73	"4"	"PES1"
3.06331976220447e-77	0.755168372990896	0.455	0.262	1.12120566616446e-72	"4"	"MYO5A"
3.6116528951376e-77	0.886144144481361	0.355	0.186	1.32190107614931e-72	"4"	"ERI1"
4.31680083091096e-77	0.54259504469669	0.806	0.628	1.57999227212172e-72	"4"	"EML4"
4.92480183726934e-77	0.761405171520391	0.4	0.216	1.80252672045895e-72	"4"	"NOM1"
5.16085878533636e-77	0.607069647627158	0.756	0.574	1.88892592402096e-72	"4"	"XPO1"
6.7455045557832e-77	1.07057564760376	0.289	0.139	2.46892212246221e-72	"4"	"S100A2"
8.09221261530027e-77	0.746094934573777	0.447	0.255	2.96183073932605e-72	"4"	"TXNRD2"
8.85801167577964e-77	0.650083479050947	0.615	0.402	3.2421208534521e-72	"4"	"RRP1"
9.95582879034726e-77	0.887051668478344	0.371	0.199	3.643932895555e-72	"4"	"NUP88"
1.14765159981014e-76	0.66899206667216	0.64	0.44	4.2005196204651e-72	"4"	"WBP11"
1.94589782632859e-76	0.549445119959679	0.77	0.584	7.12218063414526e-72	"4"	"SNRNP40"
2.56019164749921e-76	0.644278717573902	0.607	0.397	9.37055744901185e-72	"4"	"TFRC"
2.99505668482075e-76	0.669123620476007	0.501	0.299	1.09622069721124e-71	"4"	"NET1"
7.04113973254606e-76	0.596430083050687	0.652	0.442	2.57712755350918e-71	"4"	"MED27"
7.38632256614992e-76	0.731405118542948	0.46	0.266	2.70346792243653e-71	"4"	"FAM98B"
1.49472215167214e-75	0.587002623347269	0.667	0.455	5.47083254733521e-71	"4"	"TACO1"
2.00081109201585e-75	0.595694911448233	0.659	0.447	7.3231686778872e-71	"4"	"SPTLC2"
2.06657338880593e-75	0.545987381422717	0.741	0.527	7.56386526036858e-71	"4"	"RPUSD3"
2.44377542597198e-75	0.530662108455332	0.751	0.549	8.94446243660003e-71	"4"	"TSFM"
4.35869169768494e-75	0.764771769173403	0.405	0.224	1.59532474826966e-70	"4"	"TFB1M"
5.4151918031299e-75	0.902079740556477	0.569	0.389	1.98201435186358e-70	"4"	"SRGN"
7.43299622545604e-75	0.655930256347941	0.543	0.335	2.72055094847916e-70	"4"	"ANAPC7"
8.03555598302373e-75	0.930303123107836	0.305	0.152	2.94109384534652e-70	"4"	"ZDHHC2"
8.15822451497875e-75	0.588358452902043	0.586	0.373	2.98599175472737e-70	"4"	"SYNJ2"
1.42608947388447e-74	0.528523620497562	0.773	0.585	5.21963008336454e-70	"4"	"DNTTIP2"
2.08075498673837e-74	0.575791390879222	0.895	0.801	7.61577132696111e-70	"4"	"FRMD6"
3.40327545012947e-74	0.706096495549952	0.459	0.266	1.24563284750189e-69	"4"	"RBM19"
4.35705885044312e-74	0.507507773410524	0.805	0.617	1.59472710985069e-69	"4"	"DLD"
6.72098398276314e-74	0.589486387958861	0.632	0.414	2.45994734753114e-69	"4"	"GLYR1"
9.89649241732102e-74	0.595936323164896	0.686	0.489	3.62221518966367e-69	"4"	"BCAR1"
1.09739690885358e-73	0.62560821911952	0.648	0.435	4.01658242609499e-69	"4"	"MRPL39"
1.49309439130175e-73	0.525019497665801	0.788	0.6	5.46487478160354e-69	"4"	"NAE1"
1.59271638900339e-73	0.884107593560564	0.307	0.153	5.82950125539131e-69	"4"	"QTRT2"
2.12115962528818e-73	0.825009356984534	0.337	0.174	7.76365634451728e-69	"4"	"HGH1"
2.28544844959261e-73	0.542352970074703	0.727	0.514	8.36496987035391e-69	"4"	"TMEM126B"
2.30692120845323e-73	0.636768916554348	0.592	0.383	8.44356231505966e-69	"4"	"CNOT9"
2.39885516560838e-73	0.943484621313207	0.264	0.124	8.78004979164322e-69	"4"	"DSN1"
2.90586121917623e-73	0.907397127112284	0.412	0.239	1.06357426483069e-68	"4"	"MLLT11"
3.55448518398574e-73	0.754887249948535	0.457	0.268	1.30097712219062e-68	"4"	"FHOD1"
5.35777119490126e-73	0.511463933172121	0.812	0.641	1.96099783504581e-68	"4"	"SMIM4"
6.41625707705479e-73	0.598736727874982	0.619	0.409	2.34841425277282e-68	"4"	"TRNAU1AP"
7.19393577513994e-73	0.855555232246872	0.349	0.186	2.63305243305897e-68	"4"	"HAUS6"
8.50224872784394e-73	0.664772688066328	0.564	0.36	3.11190805687816e-68	"4"	"MTA2"
1.32183790869775e-72	0.687655159547403	0.467	0.273	4.83805892962464e-68	"4"	"CCDC142"
1.60651794217286e-72	0.664848582527673	0.493	0.295	5.88001632014688e-68	"4"	"SSH2"
1.66346981762772e-72	0.557423170383117	0.715	0.533	6.08846587949921e-68	"4"	"RBM27"
1.90262148697504e-72	0.708352986048253	0.469	0.278	6.96378490447733e-68	"4"	"DHX38"
2.56884181326719e-72	0.765827452602944	0.389	0.214	9.40221792073926e-68	"4"	"STAMBPL1"
2.71252645387733e-72	0.802188742592055	0.371	0.201	9.92811807383643e-68	"4"	"IPO11"
3.24164970697031e-72	0.5083363105498	0.8	0.604	1.1864762092482e-67	"4"	"TM2D2"
3.44043857706268e-72	0.809707035370455	0.579	0.392	1.25923492359071e-67	"4"	"SAP30"
4.32781777530194e-72	0.583749990659473	0.666	0.455	1.58402458393826e-67	"4"	"RPS6KB2"
5.0883613721952e-72	0.823220132079439	0.346	0.182	1.86239114583717e-67	"4"	"FOXRED1"
5.55392011066442e-72	0.524617994652804	0.757	0.57	2.03279029970429e-67	"4"	"ASXL1"
6.68766864170207e-72	0.74869874803303	0.421	0.238	2.44775359954937e-67	"4"	"LRWD1"
8.76173629028717e-72	0.508715808061013	0.779	0.593	3.20688309960801e-67	"4"	"B3GAT3"
9.28370966771247e-72	0.618427847231717	0.595	0.392	3.39793057547944e-67	"4"	"POLR2D"
1.14413136677971e-71	0.594248546699917	0.631	0.428	4.18763521555042e-67	"4"	"AP1S2"
1.22070502180169e-71	0.787957943557194	0.53	0.344	4.46790245029637e-67	"4"	"TRPV2"
1.6948522242289e-71	0.735872028016514	0.49	0.299	6.20332862590019e-67	"4"	"PPARG"
1.76170260158787e-71	0.534423836654601	0.76	0.559	6.44800769207176e-67	"4"	"MAPKAP1"
2.88456163842196e-71	0.741112475190844	0.375	0.202	1.05577840527882e-66	"4"	"L3MBTL2"
2.93723169486673e-71	0.710402561170882	0.516	0.326	1.07505617263817e-66	"4"	"GAS2L1"
3.07924695223982e-71	0.533305159233538	0.733	0.543	1.1270351769893e-66	"4"	"DDX54"
3.09858684176763e-71	0.568457919577065	0.721	0.523	1.13411376995537e-66	"4"	"MRPS28"
3.42647128052703e-71	0.724440503437561	0.419	0.236	1.2541227533857e-66	"4"	"PRIM2"
6.73304154138875e-71	0.535174228573997	0.758	0.572	2.4643605345637e-66	"4"	"CFAP298"
7.52769374808001e-71	0.63181028397221	0.595	0.389	2.75521118873476e-66	"4"	"RPGRIP1L"
1.23314554330881e-70	0.678287451486688	0.517	0.323	4.51343600306456e-66	"4"	"GFM1"
1.40872153002679e-70	0.670284527900707	0.472	0.282	5.15606167205105e-66	"4"	"LSG1"
1.53201403041656e-70	0.524781980561628	0.747	0.554	5.60732455272766e-66	"4"	"CCNK"
2.1101132810018e-70	0.610110478330585	0.638	0.449	7.72322561979468e-66	"4"	"SLC7A1"
3.16061654815607e-70	0.677103970071316	0.486	0.294	1.1568172627906e-65	"4"	"EXOSC6"
3.35620726862627e-70	0.516567708684402	0.767	0.579	1.2284054223899e-65	"4"	"WDR43"
3.51602028866945e-70	0.726518346329531	0.473	0.283	1.2868985858559e-65	"4"	"CCAR2"
3.57206800069649e-70	0.584809087023759	0.635	0.43	1.30741260893492e-65	"4"	"PCYT1A"
4.78829945636259e-70	0.640786497368827	0.514	0.312	1.75256548402327e-65	"4"	"NAGA"
5.14669150849061e-70	0.541582362092258	0.751	0.556	1.88374055902265e-65	"4"	"MCRS1"
5.24190493710273e-70	1.36886541021524	0.324	0.176	1.91858962602897e-65	"4"	"CDKN2D"
1.25424304781213e-69	0.609240742720513	0.582	0.38	4.59065497929718e-65	"4"	"CRYZ"
1.34511835144993e-69	0.614850645109693	0.561	0.357	4.92326767814189e-65	"4"	"TOR3A"
1.47422644104207e-69	0.757335768727041	0.323	0.165	5.39581619685809e-65	"4"	"LMAN2L"
1.54474801729512e-69	0.643952704178709	0.536	0.339	5.65393221810187e-65	"4"	"NCBP1"
1.6220008648097e-69	0.566805126842977	0.627	0.42	5.93668536528999e-65	"4"	"PACSIN2"
2.3535317810161e-69	0.690692299049528	0.448	0.261	8.61416167169702e-65	"4"	"PRORP"
2.68239152155685e-69	0.924178899445941	0.307	0.158	9.81782120805024e-65	"4"	"TBC1D2"
3.16984904925593e-69	0.689562380455122	0.47	0.283	1.16019645051816e-64	"4"	"NSMCE4A"
3.63018480576427e-69	0.697289161787668	0.581	0.394	1.32868394075778e-64	"4"	"POMZP3"
3.85268916188753e-69	0.827536561333517	0.277	0.134	1.41012276014246e-64	"4"	"AMDHD2"
4.10328543678756e-69	0.562570569637635	0.637	0.438	1.50184350271861e-64	"4"	"PREB"
8.89100484674286e-69	0.603371133314527	0.643	0.436	3.25419668395635e-64	"4"	"EXOSC10"
9.11626067473122e-69	0.575387598206765	0.676	0.485	3.33664256955837e-64	"4"	"VKORC1L1"
1.14335763305508e-68	0.711356850077054	0.531	0.344	4.18480327274489e-64	"4"	"NUP50"
1.63639681901919e-68	0.564680622428838	0.609	0.398	5.98937599729215e-64	"4"	"CCDC43"
1.64709823457358e-68	0.746468508301728	0.408	0.23	6.02854424836277e-64	"4"	"TMEM107"
2.30872987204788e-68	0.519826409856074	0.728	0.532	8.45018220468245e-64	"4"	"APIP"
2.75929755919232e-68	0.870533860090202	0.311	0.16	1.00993049963998e-63	"4"	"EFCAB11"
5.1618606011155e-68	0.661763062429115	0.525	0.332	1.88929259861429e-63	"4"	"ABL2"
5.93200040715007e-68	0.549821504963587	0.704	0.518	2.171171469021e-63	"4"	"POLR3H"
8.38514356232221e-68	0.560728299242159	0.682	0.482	3.06904639524555e-63	"4"	"KPNA1"
8.64001901028153e-68	0.568320980539709	0.689	0.496	3.16233335795314e-63	"4"	"EVA1A"
1.03128694970175e-67	0.802501744805567	0.36	0.196	3.77461336460338e-63	"4"	"LSR"
1.11241057777331e-67	0.566823778332399	0.663	0.464	4.0715339557081e-63	"4"	"NELFB"
1.20162779484708e-67	0.609237585836131	0.585	0.378	4.39807789191981e-63	"4"	"SLC35A2"
1.27732690887648e-67	0.65783612873315	0.534	0.341	4.67514421917882e-63	"4"	"HCFC1"
1.56444893570485e-67	0.697347422658803	0.476	0.291	5.72603954957332e-63	"4"	"LETM1"
2.11775567769899e-67	0.596950461957046	0.577	0.375	7.75119755594606e-63	"4"	"HEATR1"
2.3876861706214e-67	0.847514249435012	0.293	0.148	8.73917015309139e-63	"4"	"SNHG10"
2.41117511272884e-67	0.518596860091316	0.808	0.673	8.82514203009884e-63	"4"	"ASAP1"
2.43576909027825e-67	0.716875115450936	0.415	0.239	8.9151584473274e-63	"4"	"TELO2"
3.41364489095164e-67	0.626178145863407	0.575	0.384	1.24942816653721e-62	"4"	"ZMPSTE24"
4.42232724335079e-67	0.582348746153913	0.611	0.408	1.61861599433882e-62	"4"	"UTP18"
4.590913100575e-67	0.569623768763099	0.58	0.375	1.68032010394146e-62	"4"	"ECD"
5.96186123846389e-67	0.871509738180819	0.337	0.183	2.18210083189017e-62	"4"	"PARP2"
6.62976188505481e-67	0.550717250928887	0.671	0.472	2.42655914754891e-62	"4"	"SMYD2"
7.7282147991659e-67	0.610299160511539	0.525	0.33	2.82860389864271e-62	"4"	"MPP1"
8.00783579285057e-67	0.647972775319401	0.524	0.332	2.93094797854124e-62	"4"	"PRADC1"
8.80145992975937e-67	0.56113644514615	0.66	0.464	3.22142234889123e-62	"4"	"RAE1"
8.81726271144336e-67	0.849326766776009	0.283	0.14	3.22720632501538e-62	"4"	"KIAA1841"
8.93190668884264e-67	0.500035503121248	0.737	0.541	3.26916716718329e-62	"4"	"DHX30"
1.17080809024163e-66	0.546009064952235	0.65	0.445	4.2852746910934e-62	"4"	"CHORDC1"
1.24905703201326e-66	0.524015876543614	0.759	0.571	4.57167364287173e-62	"4"	"DNM2"
1.25420082922642e-66	0.61727871196922	0.589	0.393	4.59050045505162e-62	"4"	"UTP3"
1.30975113343062e-66	0.594774387661642	0.531	0.334	4.79382012346942e-62	"4"	"ETV5"
1.75498629111977e-66	0.757206800514414	0.362	0.198	6.42342532412747e-62	"4"	"PINX1"
2.64605770948076e-66	0.559988319051019	0.625	0.427	9.68483582247051e-62	"4"	"SLC4A1AP"
3.14666859458552e-66	0.514560260267228	0.681	0.476	1.15171217230425e-61	"4"	"SMIM29"
3.45615880453582e-66	0.695406275077723	0.452	0.269	1.26498868404816e-61	"4"	"HACD2"
5.24726443623684e-66	0.596416495370914	0.579	0.38	1.92055125630704e-61	"4"	"USB1"
7.03922782277937e-66	0.813811303609689	0.313	0.163	2.57642777541548e-61	"4"	"C16orf95"
8.36567242676423e-66	0.638941402992299	0.503	0.313	3.06191976491998e-61	"4"	"RAVER1"
1.02936748510613e-65	0.644988769347685	0.559	0.361	3.76758793223694e-61	"4"	"PHF6"
1.1310613463602e-65	0.715729354954074	0.359	0.195	4.13979763381296e-61	"4"	"ABHD11"
1.32932004665218e-65	0.706762283790005	0.377	0.208	4.86544430275164e-61	"4"	"SAAL1"
1.41306945103743e-65	0.66002794878853	0.506	0.317	5.17197549774208e-61	"4"	"PSPC1"
2.44588835666963e-65	0.613703228811679	0.497	0.306	8.9521959742465e-61	"4"	"ABHD10"
2.76959144883053e-65	0.623930053039393	0.636	0.444	1.01369816618646e-60	"4"	"HYOU1"
3.14941791323185e-65	0.554722417384787	0.651	0.455	1.15271845042199e-60	"4"	"SEC23IP"
3.17832569360212e-65	1.02876304192995	0.643	0.487	1.16329898711531e-60	"4"	"FST"
3.78248523573627e-65	0.568281276679718	0.673	0.479	1.38442742113183e-60	"4"	"PPIP5K2"
6.12867137031429e-65	0.503200316406496	0.731	0.531	2.24315500824873e-60	"4"	"GTPBP6"
6.28432808086614e-65	0.590697949929707	0.587	0.394	2.30012692087782e-60	"4"	"FAM216A"
6.71771059207256e-65	0.680837876881608	0.476	0.293	2.45874925380448e-60	"4"	"C8orf88"
7.61666362788378e-65	0.656288660270159	0.477	0.294	2.78777505444174e-60	"4"	"PURB"
8.96078822490915e-65	0.745447637896822	0.374	0.21	3.279738098199e-60	"4"	"BAK1"
9.34168631621538e-65	0.87785950267739	0.258	0.125	3.41915060859799e-60	"4"	"SIPA1L3"
1.0698580795801e-64	0.818564474222244	0.38	0.218	3.91578755707112e-60	"4"	"BPGM"
1.42945918846914e-64	0.648690453506528	0.494	0.307	5.23196357571592e-60	"4"	"CBFB"
1.71424372155421e-64	0.764705474722055	0.356	0.196	6.27430344526056e-60	"4"	"PDE12"
1.81566378192279e-64	0.654918586548713	0.51	0.324	6.64551100821559e-60	"4"	"DNAJC11"
2.06105658472641e-64	0.590821432966742	0.544	0.347	7.54367320575712e-60	"4"	"UBP1"
4.02546736103444e-64	0.510575851132654	0.814	0.667	1.47336130881222e-59	"4"	"PNN"
4.17970921633872e-64	1.13377113384039	0.448	0.292	1.52981537027213e-59	"4"	"KRT18"
4.28533287585486e-64	0.645905124171756	0.531	0.344	1.56847468589164e-59	"4"	"PPRC1"
4.93051991650319e-64	0.744505375800068	0.342	0.185	1.80461959463933e-59	"4"	"MYO19"
5.76257061333253e-64	0.559043152004705	0.631	0.434	2.10915847018584e-59	"4"	"SPRYD7"
6.57404268904716e-64	0.54279726226551	0.605	0.404	2.40616536461815e-59	"4"	"HCCS"
6.63907330493451e-64	0.534931647852019	0.694	0.502	2.42996722033908e-59	"4"	"SFXN1"
9.7755919963511e-64	0.531177096175927	0.645	0.448	3.57796442658446e-59	"4"	"TRUB2"
9.97919228143154e-64	0.516585291227575	0.742	0.561	3.65248416692676e-59	"4"	"AK6"
1.21870439592519e-63	0.551708814222312	0.652	0.461	4.4605799595258e-59	"4"	"ECE1"
1.31753147957205e-63	0.651515928576485	0.427	0.25	4.82229696838167e-59	"4"	"SMIM10"
1.44861415580298e-63	0.637654962489631	0.495	0.31	5.30207267165449e-59	"4"	"OGDH"
1.56088803948694e-63	0.527273673956623	0.71	0.513	5.71300631332615e-59	"4"	"NELFCD"
1.66648608077467e-63	0.542509963447873	0.625	0.425	6.09950570424338e-59	"4"	"BRMS1"
1.70276512433317e-63	0.668236605299807	0.482	0.304	6.23229063157185e-59	"4"	"PRPF4"
1.73536324818055e-63	0.609662594753836	0.63	0.438	6.35160302466564e-59	"4"	"LACTB"
1.91522751598559e-63	0.584181704272606	0.587	0.39	7.00992423125886e-59	"4"	"AIFM1"
3.69759759377674e-63	0.865986618387037	0.256	0.126	1.35335769529822e-58	"4"	"MPHOSPH9"
3.72164264714042e-63	0.632646561414602	0.436	0.256	1.36215842527987e-58	"4"	"PHRF1"
3.76114074088043e-63	0.569951195445684	0.593	0.393	1.37661512256964e-58	"4"	"ZC3H18"
3.76134905056575e-63	0.526157994553779	0.62	0.421	1.37669136599757e-58	"4"	"EIF2B2"
4.33369947658344e-63	0.523967896164622	0.714	0.525	1.58617734542431e-58	"4"	"MBOAT2"
5.48964228000427e-63	0.573641463705928	0.628	0.434	2.00926397090436e-58	"4"	"BRIX1"
6.99421920554373e-63	0.792497995904369	0.307	0.161	2.55995417142106e-58	"4"	"SLC9A3R1"
7.56777795850922e-63	0.512431584098362	0.692	0.5	2.76988241059396e-58	"4"	"SPG7"
8.94118075348624e-63	0.624356971175206	0.481	0.295	3.2725615675835e-58	"4"	"PNPT1"
9.73230954834754e-63	0.633050689485126	0.476	0.291	3.56212261779068e-58	"4"	"SEC24C"
9.82724337426096e-63	0.606469584504976	0.56	0.373	3.59686934741325e-58	"4"	"SEH1L"
1.13188181897693e-62	0.505933803146591	0.72	0.532	4.14280064563746e-58	"4"	"EIF2B3"
1.49587557013105e-62	0.852017845878023	0.275	0.139	5.47505417423666e-58	"4"	"TBC1D4"
1.64812182069757e-62	0.652478553579493	0.483	0.3	6.03229067593519e-58	"4"	"SRFBP1"
1.68224272789248e-62	0.663512042319649	0.532	0.349	6.15717660835928e-58	"4"	"GALNT1"
1.91914943003729e-62	0.630075221326538	0.499	0.313	7.02427882887948e-58	"4"	"DUSP3"
2.47625698714857e-62	0.711994877992968	0.367	0.204	9.06334819866249e-58	"4"	"GON7"
2.68931908208045e-62	0.512447314150704	0.721	0.532	9.84317677232264e-58	"4"	"GNL2"
2.72270284807356e-62	0.539328503752489	0.606	0.407	9.96536469423404e-58	"4"	"ALG8"
3.0757991465807e-62	0.574045992884709	0.56	0.363	1.12577324564e-57	"4"	"RBM10"
4.20654143442542e-62	0.615251517177209	0.47	0.284	1.53963623041405e-57	"4"	"MTFR1"
8.13777855763881e-62	0.767062841856201	0.515	0.342	2.97850832988138e-57	"4"	"SFRP1"
1.09586005301543e-61	0.747870840442606	0.298	0.154	4.01095738004179e-57	"4"	"TARS2"
1.11789648839276e-61	0.501504361565198	0.601	0.411	4.09161293716635e-57	"4"	"INHBA"
1.13782086721806e-61	0.702258569769172	0.442	0.268	4.1645381561048e-57	"4"	"YRDC"
1.4254469164772e-61	0.6820773421891	0.472	0.296	5.21727825899819e-57	"4"	"MEAK7"
1.82678023034241e-61	0.61167544664273	0.542	0.353	6.68619832107625e-57	"4"	"DNAJA3"
1.99472538963618e-61	0.528723949504145	0.653	0.457	7.3008943986074e-57	"4"	"MRPL50"
2.02084737885406e-61	0.547828816751463	0.667	0.474	7.39650349134375e-57	"4"	"CHMP1A"
2.1451566875169e-61	0.600568568234189	0.467	0.286	7.85148799198059e-57	"4"	"PRPF3"
2.83510897773442e-61	0.659406258219663	0.391	0.223	1.03767823694058e-56	"4"	"EIPR1"
4.68756610778131e-61	0.58617951218283	0.494	0.306	1.71569607110904e-56	"4"	"WDR12"
6.54949183938623e-61	0.501955615425295	0.743	0.558	2.39717950813375e-56	"4"	"STARD3NL"
6.74631966912096e-61	0.522996333797697	0.703	0.517	2.46922046209496e-56	"4"	"SEC22C"
7.74465522208077e-61	0.588092473093601	0.574	0.383	2.83462125783378e-56	"4"	"GCAT"
1.06117183252201e-60	0.698058646814418	0.444	0.272	3.88399502421381e-56	"4"	"GRK6"
1.07403378129131e-60	0.50900570256481	0.721	0.538	3.93107104290432e-56	"4"	"STARD7"
1.28324401798917e-60	0.838503764872303	0.251	0.124	4.69680143024218e-56	"4"	"LRFN4"
1.29113564832742e-60	0.545802144062535	0.534	0.34	4.72568558644319e-56	"4"	"DAG1"
1.32225853573887e-60	0.78770456538978	0.313	0.168	4.83959846665784e-56	"4"	"NUP155"
1.3568912561182e-60	0.783513567629575	0.321	0.175	4.96635768651823e-56	"4"	"DOT1L"
1.99443499947525e-60	0.701009341139016	0.384	0.221	7.29983154157936e-56	"4"	"MSH2"
3.91743532456756e-60	0.512351846735016	0.697	0.51	1.43382050314497e-55	"4"	"CHCHD7"
4.16277086583767e-60	0.793599075465873	0.338	0.188	1.52361576460525e-55	"4"	"MT1M"
4.30830063241181e-60	0.594538036255965	0.542	0.353	1.57688111446905e-55	"4"	"MBD3"
4.67016669228046e-60	0.807010844169464	0.295	0.155	1.70932771104157e-55	"4"	"CEP192"
5.06462315030247e-60	0.691577244911338	0.369	0.21	1.85370271924221e-55	"4"	"AKAP8"
5.20678185939552e-60	0.863758601238006	0.253	0.125	1.90573422835736e-55	"4"	"SLC29A1"
9.8460639216629e-60	0.583193352263212	0.602	0.414	3.60375785596784e-55	"4"	"LYPLA2"
1.19453420374155e-59	0.686460143795585	0.397	0.234	4.37211463911446e-55	"4"	"MAK16"
1.21513403667704e-59	0.521187627531717	0.672	0.483	4.44751208764162e-55	"4"	"TRMT10C"
1.24660659560089e-59	0.57404400775939	0.6	0.413	4.56270480055883e-55	"4"	"ENOPH1"
1.33780407264797e-59	0.595482312252379	0.485	0.302	4.89649668629884e-55	"4"	"GATAD2A"
1.4268330369351e-59	0.533313443939799	0.574	0.38	5.22235159848615e-55	"4"	"TM7SF3"
1.52325644616191e-59	0.573055527313274	0.635	0.45	5.57527091859719e-55	"4"	"ASAP2"
1.90816735122913e-59	0.733568951346844	0.349	0.197	6.98408332223375e-55	"4"	"DHCR24"
2.14873464771782e-59	0.65124643139167	0.431	0.261	7.86458368411201e-55	"4"	"TTL"
2.86945130340566e-59	0.51741592067205	0.585	0.389	1.0502478715595e-54	"4"	"PELP1"
3.0714955121645e-59	0.531773905740286	0.69	0.503	1.12419807240733e-54	"4"	"SLC25A24"
3.68635147959076e-59	0.658274640265847	0.413	0.245	1.34924150504501e-54	"4"	"CEP250"
3.91493566850842e-59	0.667320588192398	0.451	0.276	1.43290560403077e-54	"4"	"TRMU"
4.06526292617923e-59	0.531653855344967	0.573	0.38	1.48792688361086e-54	"4"	"RBFA"
4.59320975269828e-59	0.670928597449607	0.345	0.191	1.6811607015851e-54	"4"	"GPD2"
5.20466104344501e-59	0.507971276259928	0.713	0.533	1.90495798851131e-54	"4"	"GBF1"
9.84002288700681e-59	0.714762703648391	0.324	0.175	3.60154677687336e-54	"4"	"ZW10"
1.40538551903285e-58	0.530508543497491	0.673	0.491	5.14385153821213e-54	"4"	"GLOD4"
1.97885587825731e-58	0.628640938922155	0.423	0.253	7.24281040000957e-54	"4"	"SLC25A16"
2.40121857283409e-58	0.688516033557415	0.34	0.188	8.78870009843004e-54	"4"	"CEP83"
3.02383541732811e-58	0.575393429480604	0.578	0.39	1.10675400109626e-53	"4"	"PPP2R5C"
3.6662908932852e-58	0.69330039111704	0.367	0.21	1.34189912985132e-53	"4"	"CAPN5"
5.43142527698871e-58	0.55988868015697	0.562	0.374	1.98795596563064e-53	"4"	"MEMO1"
6.59115157616576e-58	0.630698370952401	0.41	0.243	2.41242738839243e-53	"4"	"PUS1"
6.88639164815882e-58	0.575348089776853	0.573	0.39	2.52048820714261e-53	"4"	"MYBBP1A"
7.69436204038667e-58	0.965505236473232	0.509	0.352	2.81621345040192e-53	"4"	"CKB"
8.30837847687947e-58	0.556002881898993	0.636	0.454	3.04094960632265e-53	"4"	"ZDHHC12"
9.60256860855876e-58	0.609280539488603	0.448	0.272	3.51463613641859e-53	"4"	"TBC1D1"
1.08684258239005e-57	0.730622937213334	0.311	0.167	3.97795253580583e-53	"4"	"INO80C"
1.14903975886632e-57	0.60700996637716	0.487	0.309	4.20560042142661e-53	"4"	"C3orf14"
1.59833439062503e-57	0.719524139816123	0.657	0.499	5.85006370312666e-53	"4"	"DSP"
1.99000874536999e-57	0.743936849467313	0.283	0.148	7.28363100892871e-53	"4"	"ATRIP"
2.73492321308374e-57	0.706775306968811	0.395	0.235	1.00100924522078e-52	"4"	"TOPBP1"
4.14688664603793e-57	0.573876322836163	0.498	0.313	1.51780198131634e-52	"4"	"VPS53"
5.06712365081171e-57	0.625824646696064	0.434	0.263	1.85461792743359e-52	"4"	"PUS7"
5.89305446143257e-57	0.726743159581032	0.307	0.166	2.15691686342894e-52	"4"	"UTP15"
6.19277900219443e-57	0.567235467460506	0.51	0.328	2.26661904259318e-52	"4"	"C12orf43"
6.85124860974184e-57	0.621446358432633	0.396	0.234	2.50762550365161e-52	"4"	"POLR3A"
8.64417438054448e-57	0.56771450488126	0.445	0.271	3.16385426502308e-52	"4"	"MPP5"
9.49918973921155e-57	0.730469462442445	0.273	0.141	3.47679843644882e-52	"4"	"CLUH"
9.78260918937179e-57	0.533201097389757	0.606	0.415	3.58053278940197e-52	"4"	"C1GALT1C1"
1.13986715194747e-56	0.696263907935386	0.341	0.192	4.17202776284293e-52	"4"	"PDXP"
1.231475494352e-56	0.656017914408509	0.494	0.319	4.50732345687777e-52	"4"	"RHNO1"
2.43722265654724e-56	0.620447685166973	0.417	0.249	8.92047864522856e-52	"4"	"ANKRD54"
2.49959495215012e-56	0.593567461245957	0.552	0.369	9.14876748436467e-52	"4"	"MICA"
2.54677868965914e-56	0.65785548900532	0.4	0.238	9.32146468202143e-52	"4"	"TRMT6"
2.81170944872617e-56	0.586478668128939	0.472	0.295	1.02911377532827e-51	"4"	"WDR3"
2.97792837530214e-56	0.610393218946494	0.445	0.272	1.08995156464434e-51	"4"	"CTU2"
3.41013999442355e-56	0.599747301640167	0.411	0.247	1.24814533935896e-51	"4"	"HTT"
3.44467172311799e-56	0.688832312131969	0.367	0.212	1.26078429737842e-51	"4"	"TTLL12"
3.86482481986883e-56	0.583385433143206	0.502	0.328	1.41456453232019e-51	"4"	"PRKCA"
4.51207148112719e-56	0.502806015353987	0.648	0.457	1.65146328280736e-51	"4"	"COA1"
4.96330347062751e-56	0.500974784221351	0.666	0.479	1.81661870328438e-51	"4"	"GART"
5.08080630938243e-56	0.719396149605668	0.417	0.259	1.85962591729706e-51	"4"	"VANGL1"
6.78106972855849e-56	0.524096939764703	0.543	0.354	2.48193933134969e-51	"4"	"GATD1"
9.06207710524227e-56	0.521726975973525	0.598	0.407	3.31681084128973e-51	"4"	"NMT2"
9.7727897329359e-56	0.557257674827151	0.531	0.349	3.57693877015187e-51	"4"	"CPT1A"
1.07749982048325e-55	0.74297388851577	0.319	0.177	3.94375709295076e-51	"4"	"SH2B3"
1.40021896657374e-55	0.576374730287507	0.504	0.322	5.12494143955656e-51	"4"	"TSPAN17"
1.64164217389817e-55	0.508094072971866	0.616	0.427	6.00857452068469e-51	"4"	"PRPF38A"
4.73788872889124e-55	0.755351740955399	0.329	0.187	1.73411465366148e-50	"4"	"DHX33"
4.81920499434062e-55	0.587543427441805	0.495	0.32	1.76387721997861e-50	"4"	"SGTB"
4.8232926612039e-55	0.582619757583533	0.459	0.287	1.76537334692724e-50	"4"	"UTP25"
5.04203975316518e-55	0.585548562873415	0.402	0.238	1.84543697005599e-50	"4"	"LINC01605"
7.1440084672285e-55	0.521073486942764	0.599	0.405	2.6147785390903e-50	"4"	"RCC1L"
8.60131086356092e-55	0.54280781190055	0.64	0.456	3.14816578917193e-50	"4"	"POLR1C"
9.65278337891201e-55	0.571145973773363	0.581	0.407	3.53301524451559e-50	"4"	"CDK5RAP2"
1.19847470549642e-54	0.738994836316504	0.288	0.153	4.38653726958744e-50	"4"	"TIPIN"
1.21508731529059e-54	0.601441677189825	0.46	0.287	4.44734108269508e-50	"4"	"TOR1B"
1.36609226000969e-54	0.763720824448108	0.292	0.159	5.00003428086145e-50	"4"	"SELENOI"
1.46928107019516e-54	0.508549937151056	0.603	0.416	5.37771564502131e-50	"4"	"HAUS1"
1.6594249358376e-54	0.609741041433071	0.392	0.233	6.07366120765921e-50	"4"	"GEMIN5"
1.680298827079e-54	0.538259463857978	0.607	0.421	6.15006173699184e-50	"4"	"NUP98"
2.37346021967716e-54	0.51382954953601	0.693	0.51	8.68710175004037e-50	"4"	"RIPOR1"
3.25329672922432e-54	0.524873479854031	0.633	0.453	1.19073913586339e-49	"4"	"FTSJ3"
3.47616684690021e-54	0.608003552271396	0.66	0.49	1.27231182763395e-49	"4"	"KMT5A"
4.31547253502639e-54	0.521341732878045	0.524	0.34	1.57950610254501e-49	"4"	"MED25"
9.27042192869059e-54	0.538172640185715	0.543	0.359	3.39306713012004e-49	"4"	"NUDCD1"
1.13637114977854e-53	0.543158242120013	0.514	0.329	4.15923204530442e-49	"4"	"DGKZ"
1.78110645774111e-53	0.548353673146205	0.431	0.263	6.51902774597823e-49	"4"	"DDX10"
1.8034837293294e-53	0.537289293881254	0.755	0.591	6.60093079771853e-49	"4"	"CTSC"
3.33802526974916e-53	0.788515854955331	0.255	0.133	1.22175062898089e-48	"4"	"TMEM171"
4.09975878883679e-53	0.659898885260206	0.339	0.192	1.50055271430216e-48	"4"	"MAP3K11"
4.11065519984111e-53	0.606537727571152	0.393	0.234	1.50454090969384e-48	"4"	"PGM2"
5.18136111188013e-53	0.563730165896227	0.449	0.283	1.89642998055925e-48	"4"	"POLR1A"
6.99406476143984e-53	0.671799384714651	0.314	0.175	2.55989764333459e-48	"4"	"GALNT7"
7.63122718848958e-53	0.553616635498366	0.459	0.287	2.79310546325907e-48	"4"	"GNA11"
7.72703374131917e-53	0.603327597746792	0.358	0.207	2.82817161966023e-48	"4"	"DNAL1"
7.90974855589354e-53	0.539977613304917	0.514	0.339	2.8950470689426e-48	"4"	"UBA6"
1.00347018959706e-52	0.678210303790405	0.343	0.196	3.6728012409442e-48	"4"	"ILF3-DT"
1.03456892018924e-52	0.607774848083989	0.432	0.267	3.78662570478463e-48	"4"	"LRRC8A"
1.69912079458521e-52	0.517359683577725	0.522	0.339	6.21895202026131e-48	"4"	"PTCD3"
1.73398578078754e-52	0.525974682243856	0.586	0.399	6.34656135626046e-48	"4"	"ENDOG"
1.73489152470337e-52	0.507930023010532	0.769	0.618	6.3498764695668e-48	"4"	"RNF5"
1.76900465669797e-52	0.513057132123346	0.558	0.38	6.47473394398023e-48	"4"	"CEP89"
2.280987662442e-52	0.780185303855209	0.275	0.147	8.34864294330397e-48	"4"	"TMEM131L"
2.579316497357e-52	0.546979612811097	0.502	0.325	9.44055631197634e-48	"4"	"DHX16"
2.67470094154941e-52	0.533125061410693	0.526	0.35	9.78967291616501e-48	"4"	"NOL10"
2.73686465990151e-52	0.583179433263689	0.409	0.249	1.00171983417055e-47	"4"	"GATB"
3.18185343240145e-52	0.529364510154929	0.534	0.355	1.16459017479326e-47	"4"	"TMTC3"
3.27812212686543e-52	0.636850002929643	0.388	0.233	1.19982547965402e-47	"4"	"MED24"
4.68927588161394e-52	0.528525059076141	0.582	0.4	1.71632186542952e-47	"4"	"ME2"
4.92212159993598e-52	0.559434849021591	0.434	0.267	1.80154572679257e-47	"4"	"UBAP2"
5.53888399134914e-52	0.625440194453991	0.348	0.2	2.0272869296737e-47	"4"	"IFT46"
7.3041797346465e-52	0.704002009813699	0.279	0.149	2.67340282467797e-47	"4"	"PPP2R1B"
9.27208022382675e-52	0.738814007736923	0.267	0.141	3.39367408272283e-47	"4"	"CHST3"
1.05666467433185e-51	0.603944933705446	0.321	0.179	3.86749837452201e-47	"4"	"PPM1F"
1.2268687998602e-51	0.614547244233749	0.389	0.234	4.49046249436833e-47	"4"	"METTL3"
1.34811044695115e-51	0.540412372608158	0.488	0.313	4.93421904688591e-47	"4"	"RPIA"
1.48379388212635e-51	0.516305581770216	0.591	0.414	5.43083398797064e-47	"4"	"PIEZO1"
1.75659063855283e-51	0.606164956701598	0.359	0.209	6.42929739616722e-47	"4"	"STIM2"
2.14398844050367e-51	0.568368935355815	0.41	0.249	7.84721209108749e-47	"4"	"PRTFDC1"
2.49922990892454e-51	0.505810836381125	0.527	0.346	9.1474313896547e-47	"4"	"TLCD3A"
3.36211498295936e-51	0.567988751587397	0.421	0.258	1.23056770491296e-46	"4"	"ZC3HC1"
4.88116747219265e-51	0.519292977542219	0.559	0.382	1.78655610649723e-46	"4"	"BICD2"
4.98063774215023e-51	0.753252427507634	0.307	0.174	1.82296322000441e-46	"4"	"LIG3"
6.05453519750241e-51	0.512187747907683	0.635	0.466	2.21602042763786e-46	"4"	"AZIN1"
6.58326436513787e-51	0.562794130324086	0.506	0.336	2.40954059028411e-46	"4"	"METTL2B"
7.39447349004192e-51	0.526272090171644	0.555	0.376	2.70645124209024e-46	"4"	"PCCB"
7.61515773475585e-51	0.724379826031668	0.258	0.136	2.78722388249799e-46	"4"	"DDX51"
8.05330403953732e-51	0.587720212620211	0.38	0.225	2.94758981151105e-46	"4"	"STK17B"
8.46965340265047e-51	0.634652736498655	0.385	0.233	3.0999778419041e-46	"4"	"APAF1"
8.57058327217932e-51	0.669719056338426	0.306	0.171	3.13691918345035e-46	"4"	"RNGTT"
8.71992763511863e-51	0.512282798474166	0.556	0.374	3.19158071372977e-46	"4"	"GTF3C5"
8.7818430030731e-51	0.65853484191699	0.314	0.176	3.21424235755478e-46	"4"	"SLC25A13"
1.02281973441789e-50	0.635060577623494	0.378	0.228	3.74362250994291e-46	"4"	"GUF1"
1.07011303740062e-50	0.605997045423055	0.38	0.226	3.91672072819002e-46	"4"	"AGK"
1.97026508687148e-50	0.695436080261056	0.305	0.17	7.21136724445829e-46	"4"	"B9D2"
2.04363477489465e-50	0.535306741127935	0.578	0.402	7.4799076395919e-46	"4"	"PITX2"
2.20257281488316e-50	0.658418467016173	0.315	0.179	8.06163675975384e-46	"4"	"DPH2"
2.37445119047786e-50	0.554302155964101	0.576	0.393	8.690728802268e-46	"4"	"GIHCG"
2.45520260737617e-50	0.717987681469007	0.307	0.173	8.98628706325753e-46	"4"	"IMMP1L"
2.64801469771109e-50	0.782284783940176	0.282	0.155	9.69199859509237e-46	"4"	"EHD3"
2.70271193058797e-50	0.629017070849657	0.495	0.333	9.89219593714504e-46	"4"	"CDKN2C"
3.6261429958801e-50	0.505948718281068	0.535	0.358	1.32720459792208e-45	"4"	"ASF1A"
3.93336341663361e-50	0.695240340225924	0.352	0.21	1.43965034412207e-45	"4"	"MPV17L2"
4.74995057036621e-50	0.502787183045365	0.575	0.392	1.73852940825974e-45	"4"	"CIAPIN1"
6.36409778989167e-50	0.510694782491881	0.482	0.312	2.32932343207825e-45	"4"	"NUS1"
9.15865387862031e-50	0.546881507758119	0.523	0.355	3.35215890611382e-45	"4"	"CPPED1"
1.43102138708029e-49	0.544433606818673	0.488	0.32	5.23768137885256e-45	"4"	"ZADH2"
2.03089318787439e-49	0.655506727804861	0.324	0.185	7.43327215693905e-45	"4"	"MRE11"
2.12955790567705e-49	0.621152482486343	0.362	0.215	7.79439489056856e-45	"4"	"URB1"
3.35432033794557e-49	0.582828839903332	0.66	0.503	1.22771478689146e-44	"4"	"BRD8"
4.02473545243706e-49	0.568971287116295	0.372	0.221	1.47309342294649e-44	"4"	"IFT122"
4.83783798721201e-49	0.629782964609094	0.346	0.203	1.77069708169947e-44	"4"	"PPAT"
5.56948316657388e-49	0.555288013439234	0.447	0.281	2.03848653379771e-44	"4"	"TICAM2"
6.15977176550707e-49	0.535267345080024	0.519	0.35	2.25453806389324e-44	"4"	"EEF2KMT"
6.86151576476929e-49	0.682889506487094	0.291	0.162	2.51138338506321e-44	"4"	"RPAP1"
7.37427549385664e-49	0.555991317361525	0.44	0.279	2.69905857350647e-44	"4"	"PSME4"
1.07743291975898e-48	0.599750473352565	0.328	0.188	3.94351222960984e-44	"4"	"RANBP6"
1.17469282149198e-48	0.604456338201353	0.439	0.282	4.29949319594281e-44	"4"	"NIF3L1"
1.63383267152516e-48	0.663425086240734	0.301	0.169	5.97999096104923e-44	"4"	"ULBP2"
2.38687638811793e-48	0.618419941512545	0.37	0.224	8.73620626815043e-44	"4"	"ELP1"
3.97615977400177e-48	0.615629392649112	0.536	0.365	1.45531423888239e-43	"4"	"HIST1H1C"
4.33666500225855e-48	0.53687971452879	0.545	0.375	1.58726275747665e-43	"4"	"MLH1"
4.37565897360517e-48	0.607080457521433	0.417	0.263	1.60153494092923e-43	"4"	"BYSL"
9.92080502094875e-48	0.553961765302712	0.393	0.242	3.63111384571745e-43	"4"	"IQCJ-SCHIP1"
1.7408040982347e-47	0.512251718550822	0.588	0.415	6.37151707994882e-43	"4"	"CCDC58"
1.77274244971386e-47	0.559266222279575	0.422	0.266	6.4884146401977e-43	"4"	"RPP40"
1.80382562871756e-47	0.561524557790034	0.434	0.276	6.60218218366914e-43	"4"	"GPN2"
2.00637957341038e-47	0.511214072844459	0.523	0.35	7.34354987663935e-43	"4"	"POMGNT1"
2.53560967130545e-47	0.520308848767289	0.481	0.313	9.28058495794508e-43	"4"	"PLPBP"
2.58684508061528e-47	0.727594856949915	0.253	0.136	9.46811167956e-43	"4"	"AP002360.1"
2.94120494355096e-47	0.597030108764739	0.337	0.195	1.07651042138909e-42	"4"	"STOML1"
3.09990304726924e-47	0.501461832738799	0.568	0.396	1.13459551433102e-42	"4"	"PIAS3"
3.42169452826892e-47	0.502877854371919	0.497	0.328	1.25237441429171e-42	"4"	"ACAD9"
5.41924312304921e-47	0.529849615306154	0.469	0.306	1.98349717546724e-42	"4"	"SEC23B"
6.09925211739922e-47	0.539187440150009	0.454	0.295	2.23238726748929e-42	"4"	"GPR180"
6.55279907217484e-47	0.544480359842118	0.416	0.26	2.39838998840671e-42	"4"	"SPRYD4"
7.35460245941682e-47	0.556661043993508	0.399	0.245	2.69185804617115e-42	"4"	"RITA1"
1.01553918980906e-46	0.628569993331106	0.342	0.202	3.71697498862012e-42	"4"	"TTC27"
1.09682830607868e-46	0.565805862548115	0.404	0.252	4.01450128307857e-42	"4"	"VPS33A"
1.24492856101481e-46	0.574357096620097	0.454	0.296	4.5565630261703e-42	"4"	"METTL1"
1.27947155332292e-46	0.583330720969608	0.301	0.169	4.68299383231724e-42	"4"	"MFHAS1"
1.49200151342509e-46	0.613636852560104	0.346	0.206	5.46087473928717e-42	"4"	"MIOS"
1.86448721668809e-46	0.51611694062905	0.573	0.412	6.82420966180007e-42	"4"	"SLC38A5"
1.91967081382665e-46	0.622624301682844	0.364	0.221	7.02618714568693e-42	"4"	"CDCA7L"
2.17502203175332e-46	0.509270016325542	0.526	0.358	7.96079813842033e-42	"4"	"POM121"
2.52201684015683e-46	0.516227290954591	0.479	0.318	9.23083383665802e-42	"4"	"DHDDS"
3.00346966344348e-46	0.540704650161499	0.407	0.254	1.09929993151695e-41	"4"	"LINC00467"
4.32762758444686e-46	0.508740254861526	0.56	0.394	1.58395497218339e-41	"4"	"RCOR1"
4.69675517338043e-46	0.547432696035066	0.402	0.251	1.71905936100897e-41	"4"	"VEPH1"
5.37577218347471e-46	0.633312199607417	0.382	0.235	1.96758637687358e-41	"4"	"SLC16A2"
6.16542926443565e-46	0.550753028179159	0.373	0.226	2.25660876507609e-41	"4"	"FBXL6"
7.49974731059885e-46	0.518911534530924	0.423	0.267	2.74498251315229e-41	"4"	"EEF1AKNMT"
7.5479695172006e-46	0.578402950726165	0.379	0.231	2.76263232299059e-41	"4"	"CDK5RAP1"
7.61845358814716e-46	0.584570102561544	0.366	0.221	2.78843019779774e-41	"4"	"ITPK1"
7.9462006045079e-46	0.506279789044333	0.54	0.369	2.90838888325594e-41	"4"	"MAVS"
1.00106654782246e-45	0.551450461395585	0.422	0.264	3.664003671685e-41	"4"	"HAUS2"
1.0066052445254e-45	0.572152833211858	0.378	0.231	3.6842758554874e-41	"4"	"USP12"
1.34845200393463e-45	0.544309367506211	0.411	0.26	4.93546917960115e-41	"4"	"C15orf41"
2.22946618335344e-45	0.505749804125371	0.433	0.275	8.16006917769194e-41	"4"	"GTF3C2"
2.97862949710998e-45	0.516040843910655	0.526	0.359	1.09020818223723e-40	"4"	"ALG14"
4.58425323257717e-45	0.541817665128443	0.419	0.268	1.67788252565557e-40	"4"	"MFN2"
5.10203342645211e-45	0.812933308390698	0.277	0.159	1.86739525441574e-40	"4"	"STXBP6"
6.35642990814911e-45	0.728689624425251	0.267	0.149	2.32651691068166e-40	"4"	"DUSP10"
8.2283366166297e-45	0.51578403577064	0.391	0.24	3.01165348505264e-40	"4"	"APEX2"
8.3766549873926e-45	0.54554383904012	0.426	0.272	3.06593949193557e-40	"4"	"ARPIN"
8.45645389177433e-45	0.609909341871272	0.314	0.182	3.09514668892832e-40	"4"	"HEATR3"
9.24755805018084e-45	0.521024025274174	0.47	0.313	3.38469872194669e-40	"4"	"GATC"
9.62574067858424e-45	0.544208798208725	0.405	0.255	3.52311734576862e-40	"4"	"C12orf49"
1.00729472857719e-44	0.530621207514994	0.412	0.259	3.68679943606536e-40	"4"	"RABL3"
1.50188629389093e-44	0.573516002992946	0.385	0.238	5.4970540242702e-40	"4"	"UBE2O"
1.59066823386134e-44	0.516970192151018	0.457	0.299	5.82200480275589e-40	"4"	"RRP8"
1.65347729349765e-44	0.515835610573002	0.457	0.298	6.05189224193074e-40	"4"	"ORC3"
1.84397967097982e-44	0.565785458264017	0.358	0.217	6.74914999375324e-40	"4"	"COA7"
4.08515003172961e-44	0.710299987221106	0.26	0.144	1.49520576311336e-39	"4"	"NUDT6"
4.51219530658058e-44	0.673744033587234	0.283	0.161	1.65150860416156e-39	"4"	"RBM12"
4.91726969451804e-44	0.573103504124938	0.406	0.257	1.79976988089055e-39	"4"	"GCDH"
5.65090649162977e-44	0.673721008992271	0.252	0.138	2.06828828500141e-39	"4"	"ATOH8"
6.62090060996461e-44	0.609372700916156	0.307	0.179	2.42331583225314e-39	"4"	"KCTD5"
1.04617472104964e-43	0.574571904272605	0.338	0.202	3.82910409651378e-39	"4"	"BOLA2"
1.28513200706585e-43	0.525224871109372	0.395	0.248	4.7037116590617e-39	"4"	"LPCAT1"
2.00631111765762e-43	0.667503184188344	0.33	0.2	7.34329932173864e-39	"4"	"FZR1"
2.0858902336105e-43	0.605319879552181	0.34	0.206	7.6345668440378e-39	"4"	"PXMP4"
2.14507294343756e-43	0.596375858414586	0.298	0.17	7.85118148027582e-39	"4"	"PIGU"
2.43529215565647e-43	0.502156830847581	0.387	0.242	8.91341281891825e-39	"4"	"LPXN"
2.60437555054873e-43	0.541533168887057	0.388	0.24	9.53227495256341e-39	"4"	"POLRMT"
3.00009932455136e-43	0.671445446670418	0.464	0.33	1.09806635377904e-38	"4"	"U2AF1"
3.05928079021555e-43	0.519130342362875	0.469	0.313	1.11972736202679e-38	"4"	"TOP2B"
4.26445736433697e-43	0.646122100546256	0.277	0.157	1.56083403992097e-38	"4"	"ZC3H4"
5.50873510809332e-43	0.58085664536622	0.356	0.22	2.01625213691324e-38	"4"	"MICALL1"
5.71837243623498e-43	0.635940516098639	0.285	0.163	2.09298149538637e-38	"4"	"DOP1B"
6.37802168429949e-43	0.536976213398165	0.384	0.24	2.33441971667046e-38	"4"	"USP24"
6.4239718257327e-43	0.59959950718947	0.305	0.177	2.35123792793642e-38	"4"	"GNG2"
6.79584220532392e-43	0.584894420123423	0.32	0.19	2.48734620557061e-38	"4"	"NUP85"
6.86016446907777e-43	0.722120777687904	0.585	0.449	2.51088879732716e-38	"4"	"UBALD2"
6.94988582949776e-43	0.568125917116054	0.343	0.206	2.54372771245448e-38	"4"	"SLC35B4"
1.64383346872002e-42	0.661775393005647	0.271	0.154	6.01659487886214e-38	"4"	"ALDH4A1"
2.29946910901348e-42	0.519242706026328	0.398	0.251	8.41628688590023e-38	"4"	"MRM3"
3.51355564036824e-42	0.549811055490791	0.419	0.27	1.28599649993118e-37	"4"	"GTF2H2"
4.01606921727437e-42	0.508646947811845	0.499	0.342	1.46992149421459e-37	"4"	"TSC22D2"
4.06797571475013e-42	0.531042364310402	0.363	0.223	1.48891979135569e-37	"4"	"SRBD1"
4.21911695078248e-42	0.532410788253361	0.424	0.273	1.5442389951559e-37	"4"	"ZDHHC8"
4.38697982919236e-42	0.633103839339958	0.324	0.195	1.6056784872827e-37	"4"	"MEF2C"
5.75671676857883e-42	0.501970989080667	0.402	0.254	2.10701590446754e-37	"4"	"DUS3L"
6.23306512824665e-42	0.70505224006933	0.267	0.152	2.28136416758955e-37	"4"	"DHX37"
7.13086619518036e-42	0.67024468465685	0.269	0.153	2.60996833609796e-37	"4"	"NDUFAF5"
7.3082655160222e-42	0.523270142158252	0.38	0.235	2.67489826151928e-37	"4"	"GPATCH11"
9.07986760477934e-42	0.507536806455707	0.386	0.241	3.32332234202529e-37	"4"	"ANKRD52"
1.15363643836962e-41	0.554375735109616	0.349	0.212	4.22242472807663e-37	"4"	"C2CD2"
1.18855093299503e-41	0.5309432277665	0.356	0.218	4.3502152698551e-37	"4"	"SLF2"
1.25770692167019e-41	0.607811738873133	0.27	0.153	4.60333310400505e-37	"4"	"B3GLCT"
1.38323833979031e-41	0.598694295340966	0.267	0.151	5.06279064746653e-37	"4"	"TRMT10A"
1.62372543803468e-41	0.549110987132615	0.347	0.211	5.94299747575072e-37	"4"	"SPATA33"
1.87900541403171e-41	0.61972390262624	0.293	0.171	6.87734771589746e-37	"4"	"FRMD8"
2.55123676402483e-41	0.565210467114312	0.286	0.164	9.33778168000729e-37	"4"	"PXN-AS1"
2.67372038039467e-41	0.560266498533088	0.332	0.201	9.78608396428252e-37	"4"	"GLE1"
3.36403920172845e-41	0.568420122476619	0.387	0.245	1.23127198822463e-36	"4"	"HACL1"
3.98625874988338e-41	0.511639648841947	0.385	0.242	1.45901056504482e-36	"4"	"NSDHL"
9.52358240594981e-41	0.582985807957338	0.371	0.234	3.48572639640169e-36	"4"	"RNASEH1-AS1"
1.61301887761546e-40	0.524425312590993	0.269	0.153	5.90381039396036e-36	"4"	"KHDRBS3"
1.73762524171825e-40	0.62115435983728	0.309	0.186	6.35988214721297e-36	"4"	"CCDC85C"
4.25749859294598e-40	0.538720053040843	0.366	0.23	1.55828706000416e-35	"4"	"LOXL1-AS1"
7.7338658702881e-40	0.700319258846236	0.355	0.224	2.83067224718415e-35	"4"	"LINC01119"
8.19070299644449e-40	0.600582162286818	0.257	0.145	2.99787920372865e-35	"4"	"SH3BP5L"
1.19285057320916e-39	0.589898191878222	0.254	0.142	4.36595238300285e-35	"4"	"NUP43"
1.97398471390099e-39	0.532337662676664	0.343	0.211	7.22498145134902e-35	"4"	"CCDC9"
2.21571256865512e-39	0.572414883679559	0.279	0.161	8.10972957253459e-35	"4"	"PIGM"
2.76889248735001e-39	0.532249279900498	0.338	0.206	1.01344233929498e-34	"4"	"NAA25"
2.96319341560163e-39	0.520191594488582	0.381	0.241	1.08455842204435e-34	"4"	"EML2"
3.47493374667861e-39	0.54715185154507	0.372	0.236	1.27186050062184e-34	"4"	"C2orf69"
3.91880794575358e-39	0.51397990226924	0.401	0.259	1.43432289622527e-34	"4"	"MTG2"
3.98145032113455e-39	0.621484522425385	0.254	0.143	1.45725063203846e-34	"4"	"DZIP3"
6.86378302430764e-39	0.524291694222911	0.427	0.284	2.51221322472684e-34	"4"	"PPP2R3A"
8.78791784629731e-39	0.567921057645136	0.319	0.193	3.21646581092328e-34	"4"	"DVL1"
1.27250255807448e-38	0.569114560066572	0.355	0.224	4.65748661280842e-34	"4"	"SLC7A6OS"
1.76443268155747e-38	0.642018057641739	0.263	0.152	6.45800005776849e-34	"4"	"CCP110"
1.99030312643122e-38	0.55462467824993	0.391	0.254	7.28470847305091e-34	"4"	"CEP57L1"
2.59003681612852e-38	0.529161424298165	0.377	0.241	9.47979375071201e-34	"4"	"EFL1"
3.34769909072154e-38	0.671392209118885	0.353	0.227	1.22529134419499e-33	"4"	"DBNDD2"
3.38427541244711e-38	0.648956297648397	0.377	0.245	1.23867864370977e-33	"4"	"SPRY2"
5.03016051197794e-38	0.545720313045157	0.274	0.158	1.84108904898905e-33	"4"	"MIPEP"
5.84986861121814e-38	0.531692926044858	0.344	0.215	2.14111041039195e-33	"4"	"TTPAL"
6.9842586021336e-38	0.502050036083823	0.605	0.461	2.55630849096692e-33	"4"	"FOXD1"
9.88613098514779e-38	0.507108420090197	0.423	0.281	3.61842280187394e-33	"4"	"METTL2A"
1.29065119320142e-37	0.691441824073406	0.251	0.144	4.72391243223653e-33	"4"	"HSPA12A"
1.58296219730305e-37	0.533859839258156	0.338	0.212	5.7937999383489e-33	"4"	"IGF2BP3"
2.08244945381622e-37	0.593160002475032	0.471	0.328	7.62197324591276e-33	"4"	"MOK"
2.65730163791766e-37	0.541788272865758	0.296	0.177	9.72598972494242e-33	"4"	"INPP5A"
4.28526674630035e-37	0.582450259504381	0.285	0.17	1.56845048181339e-32	"4"	"CCDC61"
1.53319505639993e-36	0.503865631695104	0.42	0.28	5.61164722592938e-32	"4"	"PRR7"
1.77110250551666e-36	0.593989639308631	0.283	0.17	6.48241228044154e-32	"4"	"CWF19L1"
1.78265279104196e-36	0.539629893851859	0.325	0.201	6.52468748049267e-32	"4"	"SLC9B2"
2.13264301136698e-36	0.542038163928616	0.276	0.163	7.80568668590427e-32	"4"	"OPA3"
2.3746684030049e-36	0.512546859263319	0.359	0.229	8.69152382183823e-32	"4"	"NFKBIB"
5.219984830616e-36	0.596216079100912	0.256	0.149	1.91056664785376e-31	"4"	"PRELID2"
6.14526954184266e-36	0.538521588166193	0.301	0.182	2.24923010500983e-31	"4"	"LTO1"
6.55501012510872e-36	0.557259572464853	0.304	0.186	2.39919925589104e-31	"4"	"PIGO"
8.09549121385612e-36	0.519683705054822	0.324	0.201	2.96303073918348e-31	"4"	"SCRIB"
1.33013282307771e-35	0.618625286361004	0.348	0.225	4.86841914574672e-31	"4"	"GSTT2B"
2.0172679468768e-35	0.505226446405528	0.334	0.209	7.38340241236377e-31	"4"	"MON1A"
2.23662419691902e-35	0.50089282294752	0.353	0.225	8.1862682231433e-31	"4"	"MTOR"
3.45433632702714e-35	0.523105218128872	0.384	0.251	1.2643216390552e-30	"4"	"PUDP"
4.83427706697078e-35	0.527943318456575	0.294	0.178	1.76939374928198e-30	"4"	"KAZN"
9.66136447366269e-35	0.510101115307226	0.324	0.202	3.53615601100528e-30	"4"	"SIRT7"
1.30761623309071e-34	0.56137362196161	0.272	0.164	4.78600617473531e-30	"4"	"PRKCD"
1.51266542157248e-34	0.529133084401598	0.301	0.184	5.53650670949744e-30	"4"	"PNPO"
1.88376405412727e-34	0.506564210106203	0.333	0.21	6.89476481451121e-30	"4"	"TOM1L2"
2.23840985635795e-34	0.508916629360916	0.326	0.205	8.19280391525573e-30	"4"	"CEP41"
4.78522462399395e-34	0.528973813481762	0.291	0.178	1.75144006462802e-29	"4"	"TANGO6"
5.77969587820883e-34	0.622046741088557	0.258	0.154	2.11542648838321e-29	"4"	"CA5B"
6.61224625054544e-34	0.616867867278634	0.375	0.25	2.42014825016214e-29	"4"	"FAM111A"
1.50320656660498e-33	0.516442224710224	0.318	0.201	5.5018863544309e-29	"4"	"EIF1AD"
5.59047299247729e-33	0.529067152880909	0.325	0.206	2.04616901997661e-28	"4"	"GEMIN4"
2.20955710840379e-32	0.569782896416343	0.283	0.174	8.0871999724687e-28	"4"	"ITPR3"
3.50315140837589e-32	0.502764119482594	0.26	0.155	1.28218844697966e-27	"4"	"REXO1"
3.872387374861e-32	0.534367754691782	0.591	0.465	1.41733250307288e-27	"4"	"USP1"
6.20437069505326e-32	0.507620648542983	0.295	0.184	2.27086171809644e-27	"4"	"RPUSD2"
6.49364999617738e-32	0.502963451597014	0.261	0.157	2.37674083510088e-27	"4"	"TTI2"
1.0746720574671e-31	0.515855763871791	0.402	0.274	3.93340719753535e-27	"4"	"HIP1"
1.71136712070141e-31	0.542106435055226	0.309	0.197	6.26377479847922e-27	"4"	"KDM1B"
2.04816196886671e-31	0.5827581906888	0.252	0.152	7.49647762224904e-27	"4"	"CEP135"
2.18068438915036e-31	0.512248439620399	0.291	0.181	7.98152293272924e-27	"4"	"KIF7"
3.36083606787187e-31	0.593900410112144	0.279	0.174	1.23009960920178e-26	"4"	"XYLT2"
4.5773193885044e-31	0.531438760930826	0.281	0.175	1.6753446693865e-26	"4"	"VPS18"
2.36382339175569e-30	0.502428022249869	0.284	0.177	8.65182999616499e-26	"4"	"EARS2"
2.93026459435118e-30	0.533502539929396	0.261	0.159	1.07250614417848e-25	"4"	"SLC25A20"
3.67704979368089e-29	0.523870565214611	0.319	0.208	1.34583699498514e-24	"4"	"DCAF15"
2.35713172689485e-28	0.556684486915505	0.265	0.167	8.62733783360786e-24	"4"	"KCNK6"
9.04206754264092e-25	0.531870082752967	0.261	0.169	3.309487141282e-20	"4"	"STBD1"
3.61397763955678e-24	0.595631996364055	0.333	0.234	1.32275195585418e-19	"4"	"SAMD11"
3.41085297328011e-23	0.505528016754517	0.336	0.235	1.24840629675025e-18	"4"	"KRT8"
5.2800908955747e-23	1.06518171606863	0.971	0.949	1.93256606868929e-18	"4"	"HIST1H4C"
3.20434622960352e-20	0.535788449257624	0.463	0.363	1.17282276349719e-15	"4"	"PLAU"
1.48633526116338e-19	0.662463173282805	0.636	0.534	5.44013568938407e-15	"4"	"HIST1H1E"
0	6.52490712174078	0.878	0.021	0	"5"	"CLSPN"
0	5.09200330111675	0.943	0.097	0	"5"	"UHRF1"
0	5.51524822821545	0.882	0.042	0	"5"	"GINS2"
0	4.73382732209384	0.957	0.117	0	"5"	"MCM5"
0	4.96399460228804	0.898	0.073	0	"5"	"HELLS"
0	5.80010731415754	0.836	0.034	0	"5"	"CDC6"
0	5.02001685535039	0.859	0.058	0	"5"	"CDT1"
0	5.12388069904967	0.829	0.044	0	"5"	"MCM2"
0	4.55725039969202	0.878	0.099	0	"5"	"FEN1"
0	4.03370590650073	0.954	0.183	0	"5"	"MCM3"
0	4.04616977925124	0.962	0.202	0	"5"	"MCM7"
0	3.72576115445009	0.922	0.163	0	"5"	"MCM4"
0	3.61013178329025	0.903	0.146	0	"5"	"TK1"
0	7.31269591796505	0.755	0.008	0	"5"	"DTL"
0	4.09520469837492	0.883	0.143	0	"5"	"ATAD2"
0	4.25390570684812	0.814	0.081	0	"5"	"CENPK"
0	5.35820397036623	0.761	0.032	0	"5"	"ORC6"
0	4.39634938158956	0.766	0.044	0	"5"	"LMNB1"
0	5.08992128924531	0.756	0.036	0	"5"	"CENPU"
0	4.61243172867932	0.777	0.057	0	"5"	"ZWINT"
0	4.31800031924	0.78	0.068	0	"5"	"CHAF1A"
0	6.5172988033381	0.721	0.013	0	"5"	"PKMYT1"
0	4.85533315383411	0.743	0.047	0	"5"	"TCF19"
0	3.43652549237193	0.842	0.151	0	"5"	"GMNN"
0	3.34424080443859	0.882	0.203	0	"5"	"DNAJC9"
0	3.65651381641697	0.814	0.136	0	"5"	"UBE2T"
0	3.32218934345815	0.832	0.158	0	"5"	"RNASEH2A"
0	3.08025423407294	0.879	0.209	0	"5"	"MCM6"
0	4.08662121739301	0.699	0.029	0	"5"	"UBE2C"
0	6.83307931303883	0.677	0.01	0	"5"	"CDC45"
0	4.56416466611672	0.717	0.051	0	"5"	"BRCA1"
0	3.39670913902466	0.783	0.118	0	"5"	"DSN1"
0	6.35856468558057	0.674	0.013	0	"5"	"E2F1"
0	6.16596904292928	0.674	0.014	0	"5"	"ASF1B"
0	4.52151538701444	0.701	0.041	0	"5"	"CENPM"
0	3.04226521564741	0.826	0.168	0	"5"	"RFC4"
0	2.8465802760766	0.868	0.216	0	"5"	"RFC2"
0	3.91041523586913	0.72	0.07	0	"5"	"MAD2L1"
0	3.24085069445595	0.843	0.205	0	"5"	"DHFR"
0	4.68392331685578	0.669	0.035	0	"5"	"PSMC3IP"
0	2.87395675273195	0.901	0.28	0	"5"	"PCLAF"
0	2.98794681440858	0.71	0.091	0	"5"	"TPX2"
0	4.63332092725818	0.653	0.036	0	"5"	"RMI2"
0	3.36549853837429	0.74	0.127	0	"5"	"DIAPH3"
0	4.62798432436058	0.633	0.023	0	"5"	"SHCBP1"
0	3.89757644455428	0.669	0.062	0	"5"	"POLA2"
0	3.62175377090943	0.676	0.069	0	"5"	"WDHD1"
0	4.87469281799958	0.658	0.053	0	"5"	"RRM2"
0	3.17024787951394	0.967	0.369	0	"5"	"TYMS"
0	7.54016661649908	0.597	0.004	0	"5"	"MCM10"
0	2.92565798149045	0.719	0.132	0	"5"	"LRR1"
0	4.91514417870758	0.616	0.031	0	"5"	"RAD51"
0	3.73837379851075	0.646	0.062	0	"5"	"CHAF1B"
0	3.20125818732924	0.68	0.102	0	"5"	"LIG1"
0	5.01977622832853	0.601	0.026	0	"5"	"CDCA7"
0	8.67813387850947	0.567	0.002	0	"5"	"FAM111B"
0	4.84033508995667	0.589	0.026	0	"5"	"RAD51AP1"
0	4.53485630569704	0.592	0.031	0	"5"	"WDR76"
0	4.15045175717302	0.599	0.044	0	"5"	"MELK"
0	4.07711028599794	0.6	0.047	0	"5"	"RFC3"
0	2.90539150914535	0.62	0.067	0	"5"	"PRC1"
0	3.11954273211449	0.653	0.101	0	"5"	"BRCA2"
0	3.08484460378666	0.619	0.068	0	"5"	"BIRC5"
0	3.38379467368067	0.628	0.08	0	"5"	"TIMELESS"
0	3.4919189290407	0.59	0.042	0	"5"	"ANLN"
0	3.55885482048647	0.605	0.061	0	"5"	"PRIM1"
0	2.28559793893523	0.761	0.218	0	"5"	"MSH2"
0	2.32211544315273	0.849	0.306	0	"5"	"CKS2"
0	4.29727870438508	0.571	0.029	0	"5"	"CDK1"
0	2.18648819532772	0.796	0.256	0	"5"	"NSD2"
0	3.31975799195702	0.58	0.04	0	"5"	"NUSAP1"
0	4.20592743261169	0.574	0.035	0	"5"	"NCAPG"
0	3.92003217836418	0.582	0.043	0	"5"	"TRIP13"
0	2.71004984339759	0.702	0.163	0	"5"	"CDCA4"
0	3.53930395404391	0.598	0.06	0	"5"	"RBL1"
0	2.40755795356849	0.917	0.38	0	"5"	"RRM1"
0	2.21421524136871	0.876	0.34	0	"5"	"MTHFD1"
0	2.22010714004211	0.815	0.281	0	"5"	"SMC2"
0	2.59388590319926	0.664	0.135	0	"5"	"NCAPD3"
0	3.13446254744307	0.609	0.084	0	"5"	"NCAPG2"
0	2.3990243006651	0.691	0.167	0	"5"	"DONSON"
0	2.03028783593175	0.757	0.234	0	"5"	"PRIM2"
0	2.59516042824855	0.646	0.123	0	"5"	"CENPW"
0	2.27999831620426	0.899	0.377	0	"5"	"TMPO"
0	2.36877103827711	0.695	0.174	0	"5"	"CENPN"
0	2.71907059266002	0.62	0.1	0	"5"	"KIF20B"
0	2.21298114079531	0.716	0.197	0	"5"	"POLD3"
0	2.95996056682978	0.622	0.104	0	"5"	"BARD1"
0	2.62106446471902	0.805	0.287	0	"5"	"FGF5"
0	4.69757922683143	0.53	0.016	0	"5"	"KIFC1"
0	2.63908304845661	0.961	0.447	0	"5"	"PCNA"
0	4.77623090104579	0.541	0.027	0	"5"	"MYBL2"
0	2.8833378095255	0.615	0.102	0	"5"	"EZH2"
0	2.72849641359575	0.617	0.107	0	"5"	"MIS18A"
0	3.29310267981298	0.566	0.056	0	"5"	"TOP2A"
0	2.97725245641229	0.6	0.092	0	"5"	"VRK1"
0	2.45139951557599	0.544	0.042	0	"5"	"CDC20"
0	3.68006737921957	0.535	0.033	0	"5"	"MKI67"
0	4.09251854944597	0.541	0.039	0	"5"	"FANCI"
0	2.85125028328329	0.587	0.094	0	"5"	"CDK2"
0	4.63932393497473	0.513	0.023	0	"5"	"ATAD5"
0	2.46631504255697	0.55	0.061	0	"5"	"CENPF"
0	2.77783225711112	0.587	0.099	0	"5"	"POLD1"
0	6.29668917973469	0.502	0.015	0	"5"	"HIST1H3B"
0	2.7950472238508	0.577	0.093	0	"5"	"RFC5"
0	2.48704297499575	0.617	0.134	0	"5"	"NR2C2AP"
0	3.55129016179711	0.523	0.041	0	"5"	"CCNA2"
0	2.86803425997172	0.978	0.501	0	"5"	"STMN1"
0	7.64244325512179	0.476	0.003	0	"5"	"ZNF367"
0	4.88710575122012	0.492	0.019	0	"5"	"PAQR4"
0	2.43672473020551	0.585	0.115	0	"5"	"CENPH"
0	2.21703415022677	0.575	0.106	0	"5"	"CDKN3"
0	2.98385326350876	0.547	0.08	0	"5"	"KIF23"
0	4.83766258220899	0.482	0.017	0	"5"	"FANCA"
0	3.53614974525411	0.488	0.025	0	"5"	"CEP55"
0	2.94224403388152	0.536	0.076	0	"5"	"HAUS8"
0	2.67305591463711	0.518	0.059	0	"5"	"ASPM"
0	3.86564835330732	0.501	0.042	0	"5"	"MND1"
0	5.99105564606541	0.466	0.009	0	"5"	"ESCO2"
0	2.60826391789563	0.553	0.102	0	"5"	"ZWILCH"
0	2.05538155290684	0.948	0.501	0	"5"	"DTYMK"
0	5.78891235673297	0.455	0.011	0	"5"	"EXO1"
0	5.96421336064215	0.471	0.027	0	"5"	"HIST1H1B"
0	2.60791737290802	0.552	0.109	0	"5"	"FOXM1"
0	1.55845277529323	0.53	0.088	0	"5"	"CCNB1"
0	5.43267330382241	0.488	0.046	0	"5"	"HIST1H2AI"
0	2.79759291433988	0.563	0.121	0	"5"	"FBXO5"
0	4.03093650273376	0.47	0.029	0	"5"	"GINS4"
0	4.53805717989746	0.457	0.021	0	"5"	"GINS1"
0	4.24271348561639	0.455	0.021	0	"5"	"CKAP2L"
0	3.07786371707488	0.489	0.059	0	"5"	"POC1A"
0	5.02013743669085	0.443	0.015	0	"5"	"CDC25A"
0	6.91906911966921	0.427	0.004	0	"5"	"CCNE2"
0	4.09354442110931	0.449	0.027	0	"5"	"POLE2"
0	4.30064572105221	0.447	0.025	0	"5"	"BRIP1"
0	2.33318315219225	0.522	0.103	0	"5"	"CDCA2"
0	3.91058532531543	0.454	0.035	0	"5"	"MASTL"
0	3.66664617627848	0.449	0.031	0	"5"	"TACC3"
0	3.19791579645551	0.469	0.052	0	"5"	"MMS22L"
0	4.70764445847357	0.464	0.052	0	"5"	"HIST1H2AG"
0	2.78125180282072	0.48	0.069	0	"5"	"DCLRE1B"
0	4.64769719731176	0.422	0.013	0	"5"	"NCAPH"
0	1.97881583697192	0.953	0.544	0	"5"	"RPA3"
0	2.02374399631293	0.495	0.087	0	"5"	"CCNB2"
0	3.12730302456423	0.461	0.058	0	"5"	"C21orf58"
0	2.62590845155674	0.486	0.083	0	"5"	"RACGAP1"
0	5.09593196608043	0.427	0.026	0	"5"	"HIST1H2AH"
0	1.79916453056847	0.941	0.542	0	"5"	"TUBG1"
0	2.29053211737213	0.499	0.105	0	"5"	"RAD18"
0	3.90612988570789	0.424	0.03	0	"5"	"TEDC2"
0	3.0382624654318	0.474	0.08	0	"5"	"HHIP"
0	3.70316475833512	0.417	0.024	0	"5"	"PBK"
0	2.9657266298876	0.45	0.059	0	"5"	"CENPO"
0	2.51425862080475	0.461	0.071	0	"5"	"SGO2"
0	2.31786385715815	0.488	0.098	0	"5"	"E2F7"
0	3.59176297492737	0.423	0.034	0	"5"	"GINS3"
0	1.98855119793954	0.957	0.569	0	"5"	"NASP"
0	3.42880999823827	0.425	0.037	0	"5"	"SPC24"
0	3.38430254521441	0.407	0.019	0	"5"	"DEPDC1"
0	3.346534563185	0.413	0.025	0	"5"	"KNL1"
0	2.74999083190258	0.455	0.068	0	"5"	"FIGNL1"
0	4.94243841027695	0.399	0.013	0	"5"	"CDCA5"
0	3.55179781509102	0.402	0.019	0	"5"	"CDCA8"
0	4.2736971954825	0.396	0.013	0	"5"	"HJURP"
0	2.74395955649738	0.451	0.068	0	"5"	"CIP2A"
0	3.44659587462744	0.42	0.037	0	"5"	"KIF11"
0	2.18125878986928	0.979	0.598	0	"5"	"DNMT1"
0	2.35126109749268	0.461	0.083	0	"5"	"C4orf46"
0	3.06646250979547	0.434	0.058	0	"5"	"CENPQ"
0	3.8642227985777	0.399	0.025	0	"5"	"APOBEC3B"
0	2.5404657730783	0.448	0.076	0	"5"	"SLF1"
0	1.91443773592323	0.938	0.566	0	"5"	"CENPX"
0	4.10878298404255	0.389	0.021	0	"5"	"STIL"
0	5.69052854330905	0.381	0.016	0	"5"	"HIST1H3C"
0	4.45431954321896	0.38	0.02	0	"5"	"NEIL3"
0	3.20978561778112	0.4	0.042	0	"5"	"TEDC1"
0	4.6901475439374	0.372	0.014	0	"5"	"MYBL1"
0	3.72549045630013	0.375	0.017	0	"5"	"GTSE1"
0	4.44734291149877	0.373	0.017	0	"5"	"SKA3"
0	2.47748020264412	0.426	0.072	0	"5"	"CENPJ"
0	2.78459127002636	0.402	0.051	0	"5"	"ARHGAP11A"
0	3.62033207674891	0.38	0.029	0	"5"	"MCM8"
0	4.41290659213693	0.363	0.013	0	"5"	"SPC25"
0	4.46120395494854	0.357	0.011	0	"5"	"SGO1"
0	3.07034689004328	0.393	0.049	0	"5"	"NDC80"
0	2.73370584761363	0.386	0.042	0	"5"	"AURKA"
0	6.2777666393381	0.353	0.01	0	"5"	"HIST1H2AJ"
0	3.69780287466705	0.416	0.074	0	"5"	"HIST1H3D"
0	3.9571762687187	0.366	0.025	0	"5"	"FANCB"
0	2.49355478926053	0.405	0.068	0	"5"	"HAUS5"
0	4.1076846658983	0.356	0.02	0	"5"	"RAD54B"
0	3.88526578483752	0.358	0.025	0	"5"	"RECQL4"
0	5.72534811135258	0.336	0.013	0	"5"	"HIST1H2AL"
0	3.0639766739502	0.364	0.041	0	"5"	"CENPP"
0	2.69279604895537	0.38	0.057	0	"5"	"POLA1"
0	3.56625211735487	0.351	0.029	0	"5"	"KNTC1"
0	6.17465078621698	0.325	0.005	0	"5"	"RAD54L"
0	2.20396658611249	0.364	0.047	0	"5"	"CENPE"
0	3.89648159714478	0.335	0.021	0	"5"	"AURKB"
0	3.46271893473291	0.338	0.028	0	"5"	"CHTF18"
0	1.83958542414691	0.972	0.665	0	"5"	"SLBP"
0	4.26477520124678	0.337	0.032	0	"5"	"HIST1H2AM"
0	3.02317585354104	0.322	0.019	0	"5"	"HMMR"
0	4.47580516507467	0.311	0.012	0	"5"	"SKA1"
0	3.87470628504758	0.318	0.02	0	"5"	"ZNF724"
0	3.80232501312614	0.308	0.014	0	"5"	"NUF2"
0	5.11375622020732	0.301	0.008	0	"5"	"XRCC2"
0	3.65922539090815	0.307	0.019	0	"5"	"OIP5"
0	3.18751654411543	0.318	0.031	0	"5"	"SUV39H1"
0	5.84972517512433	0.291	0.004	0	"5"	"ORC1"
0	4.94747884935805	0.294	0.009	0	"5"	"PLK4"
0	3.31407586935969	0.306	0.021	0	"5"	"KIF4A"
0	5.61420652099637	0.289	0.006	0	"5"	"POLQ"
0	2.79722997002919	0.329	0.047	0	"5"	"POLE"
0	3.43364105042295	0.298	0.017	0	"5"	"KIF2C"
0	6.55050916228801	0.286	0.005	0	"5"	"HIST1H3G"
0	3.01348173875997	0.316	0.039	0	"5"	"CHAC2"
0	3.14628269951939	0.297	0.021	0	"5"	"BUB1"
0	3.69648211320268	0.287	0.014	0	"5"	"BUB1B"
0	5.32566707717184	0.278	0.006	0	"5"	"ERCC6L"
0	3.92894467854334	0.286	0.015	0	"5"	"KIF15"
0	2.36918016635668	0.309	0.04	0	"5"	"CDCA3"
0	3.52787108751456	0.291	0.022	0	"5"	"TONSL"
0	4.97081960934923	0.276	0.008	0	"5"	"MTFR2"
0	3.42701071328033	0.282	0.02	0	"5"	"SPAG5"
0	2.20892369043038	0.283	0.024	0	"5"	"DLGAP5"
0	2.78111858847067	0.284	0.025	0	"5"	"FAM83D"
0	3.11901844618544	0.285	0.028	0	"5"	"CCDC15"
0	2.82991599174223	0.294	0.038	0	"5"	"CENPL"
0	5.67598843435271	0.256	0.005	0	"5"	"AUNIP"
0	2.89487364822098	0.285	0.034	0	"5"	"LIN9"
0	3.96885486727234	0.266	0.016	0	"5"	"XRCC3"
0	2.70902162277165	0.275	0.027	0	"5"	"TROAP"
0	4.46671986816211	0.257	0.01	0	"5"	"EME1"
0	2.07369100391068	0.271	0.026	0	"5"	"PLK1"
0	4.16679357291377	0.256	0.013	0	"5"	"DNA2"
0	3.94810645901467	0.255	0.014	0	"5"	"FANCD2"
0	4.4614764203853	0.252	0.011	0	"5"	"HASPIN"
0	3.54453154674384	0.259	0.02	0	"5"	"C17orf53"
0	4.07801826935344	0.253	0.014	0	"5"	"ZGRF1"
0	2.72478274523196	0.253	0.018	0	"5"	"PIMREG"
0	4.34283598548934	0.256	0.022	0	"5"	"HIST1H3H"
0	2.34421643035459	0.252	0.022	0	"5"	"CENPA"
0	1.47539205089618	0.985	0.786	0	"5"	"LSM4"
0	1.7509607023622	0.99	0.821	0	"5"	"RANBP1"
0	1.53168253977048	0.985	0.834	0	"5"	"HNRNPAB"
0	1.6783436470732	0.998	0.86	0	"5"	"TUBB4B"
0	1.31635042527466	0.99	0.873	0	"5"	"SNRPB"
0	1.35687834973644	0.992	0.92	0	"5"	"DEK"
0	1.25724163493958	0.996	0.927	0	"5"	"TPM3"
0	2.15272740786028	0.999	0.942	0	"5"	"H2AFZ"
0	2.05036540572154	1	0.975	0	"5"	"TUBA1B"
0	0.986018175129783	0.999	0.988	0	"5"	"DRAP1"
0	1.08181807060336	1	0.99	0	"5"	"HNRNPA2B1"
0	1.15473816546483	1	0.99	0	"5"	"HMGB1"
0	1.00212515536355	1	0.995	0	"5"	"RAN"
0	1.08889888314031	1	0.999	0	"5"	"TUBB"
1.97626258336499e-323	2.13632473617276	0.582	0.142	7.23331868137419e-319	"5"	"ECT2"
1.97626258336499e-323	1.12872581374298	0.998	0.965	7.23331868137419e-319	"5"	"TUBA1C"
1.38338380835549e-322	1.30741830528174	0.992	0.909	5.06332307696193e-318	"5"	"DUT"
6.07256085303476e-320	1.81801931291817	0.905	0.462	2.22261799781925e-315	"5"	"USP1"
3.24793814919577e-319	1.27091132965535	0.995	0.856	1.18877784198714e-314	"5"	"HNRNPD"
1.77489674215512e-315	3.50904207391941	0.291	0.039	6.49629956596194e-311	"5"	"HIST2H2AB"
3.2847470773488e-315	2.0482771282939	0.711	0.218	1.20225027778043e-310	"5"	"CDCA7L"
7.54742933360823e-314	2.32323723267449	0.473	0.098	2.76243461039395e-309	"5"	"BRI3BP"
2.35333433352046e-313	1.20443917138225	0.995	0.898	8.61343899411825e-309	"5"	"NME1"
7.72566059270013e-313	2.02163889717318	0.699	0.223	2.82766903353418e-308	"5"	"PTTG1"
8.58850256785759e-313	2.099817030443	0.79	0.286	3.14347782486156e-308	"5"	"EZR"
1.54535831629352e-312	1.95332777485852	0.734	0.233	5.65616597346591e-308	"5"	"TOPBP1"
1.96963391607953e-312	0.715344195448555	1	1	7.2090570962427e-308	"5"	"PFN1"
2.80126837689964e-312	2.12135899225178	0.646	0.179	1.02529223862904e-307	"5"	"CHEK1"
5.1995121389568e-310	1.78821856995453	0.916	0.45	1.90307343797958e-305	"5"	"HAT1"
1.61834949954707e-309	2.23908650838814	0.919	0.532	5.92332100329222e-305	"5"	"HMGB2"
1.8410727709202e-308	1.87712534422912	0.806	0.304	6.73851044884503e-304	"5"	"ARL6IP6"
2.06040308975847e-308	1.44543919048508	0.977	0.781	7.54128134882498e-304	"5"	"SRSF7"
1.93151707601264e-307	2.51053015514712	0.279	0.037	7.06954564991386e-303	"5"	"KIF18A"
4.64423558606159e-306	3.46508581932648	0.349	0.059	1.6998366668544e-301	"5"	"HIST1H1D"
1.62216003266871e-305	2.15762888849561	0.538	0.126	5.93726793557073e-301	"5"	"FANCG"
3.5309782274667e-305	1.32750280082624	0.991	0.867	1.29237334103509e-300	"5"	"FUS"
1.01807440703998e-304	0.984151383444595	1	0.988	3.72625413720702e-300	"5"	"EIF5A"
1.24012327054088e-303	1.20014412375995	0.988	0.882	4.53897518250666e-299	"5"	"TUBB6"
6.69182482035598e-299	1.73946265620203	0.884	0.426	2.44927480249849e-294	"5"	"PGP"
9.31759435177887e-297	2.01368223310776	0.678	0.202	3.41033270869459e-292	"5"	"ANKRD9"
1.19194692331707e-296	1.46780657824302	0.982	0.748	4.36264493403281e-292	"5"	"SRSF2"
5.29164540471435e-296	0.975236952847935	0.997	0.996	1.9367951345795e-291	"5"	"HSP90AA1"
4.81095940836588e-295	2.35953966896757	0.453	0.095	1.760859253056e-290	"5"	"FAM180A"
8.06316971723876e-295	2.0912605711322	0.631	0.179	2.95120074820656e-290	"5"	"DCK"
2.17065487565478e-293	3.35382072565106	0.303	0.046	7.94481391038408e-289	"5"	"KRTAP2-3"
6.07006534533117e-293	0.970639333317861	0.992	0.952	2.22170461704466e-288	"5"	"SNRPG"
8.42726934328928e-291	1.36716048138495	0.974	0.738	3.08446485233731e-286	"5"	"ALYREF"
1.5803466278543e-290	2.43442559343599	0.392	0.073	5.78422669260952e-286	"5"	"RFWD3"
2.10060705992507e-289	1.89091590485702	0.784	0.303	7.68843190003175e-285	"5"	"TEX30"
4.01745389372992e-289	2.12315950958001	0.89	0.46	1.47042829964409e-284	"5"	"FABP5"
3.45820534838318e-288	2.61977005846878	0.306	0.047	1.26573773956173e-283	"5"	"FKBP5"
1.87190592003602e-287	0.774675652556565	1	0.999	6.85136285792385e-283	"5"	"CFL1"
3.24314867049502e-287	2.08117385195235	0.583	0.156	1.18702484488788e-282	"5"	"DBF4"
9.62391906946806e-287	1.90887386091728	0.776	0.295	3.52245061861601e-282	"5"	"EXOSC9"
2.62074270276859e-286	2.16110840057034	0.824	0.357	9.59218036640331e-282	"5"	"H2AFX"
3.27891701664556e-286	2.54581474943447	0.332	0.054	1.20011641726244e-281	"5"	"DDX11"
1.77366589091641e-285	1.14039818638964	0.986	0.886	6.49179452734315e-281	"5"	"PRKDC"
3.64893135312174e-285	1.67207493494991	0.897	0.462	1.33554536455609e-280	"5"	"THOC3"
2.05069346748187e-283	1.77516021676218	0.91	0.507	7.50574316033041e-279	"5"	"SMC1A"
3.4682021573347e-283	1.69425759327851	0.895	0.461	1.26939667160607e-278	"5"	"DCTPP1"
4.08673227603364e-283	0.946237052167364	0.999	0.974	1.49578488035107e-278	"5"	"HSPD1"
2.42772164376092e-282	1.13923547198295	0.994	0.91	8.88570398832935e-278	"5"	"PA2G4"
9.92387667678404e-281	2.13179276355378	0.492	0.113	3.63223810246973e-276	"5"	"SHMT1"
2.53023548344112e-280	1.57948083622083	0.98	0.746	9.26091489294283e-276	"5"	"CCND1"
1.29385551331366e-279	1.82376822084366	0.831	0.366	4.73564056427933e-275	"5"	"CCND3"
1.87155766223569e-279	0.516581187374718	1	1	6.85008819954886e-275	"5"	"PPIA"
5.35159031843646e-276	1.68716127639925	0.857	0.378	1.95873557245093e-271	"5"	"ACOT7"
2.97858098749501e-275	0.574665224549132	1	1	1.09019042723305e-270	"5"	"YBX1"
5.36382391344996e-274	0.908660526241759	0.99	0.958	1.96321319056182e-269	"5"	"TOMM5"
5.16873841629359e-273	1.23675919598699	0.978	0.804	1.89180994774762e-268	"5"	"SNRPD1"
4.25582322572312e-272	1.10395582909479	0.986	0.859	1.55767385884692e-267	"5"	"ATP5MC1"
7.69154831720889e-272	1.74785481487184	0.918	0.505	2.81518359958163e-267	"5"	"PHLDA2"
1.05679782176672e-271	1.00424810811289	0.998	0.934	3.86798570744836e-267	"5"	"COTL1"
3.33343187906903e-271	1.93326991163772	0.755	0.285	1.22006940205805e-266	"5"	"RPL39L"
3.73537428937563e-271	2.21429340755365	0.443	0.096	1.36718434365437e-266	"5"	"ARNTL2"
4.80578807100216e-271	0.741025080376188	1	1	1.7589664918675e-266	"5"	"PTMA"
4.1192381747574e-270	2.22919793185447	0.373	0.07	1.50768236434296e-265	"5"	"SUV39H2"
1.01355609354619e-268	1.79208137048781	0.915	0.566	3.70971665798842e-264	"5"	"SDF2L1"
2.53341383183346e-268	1.47451540928134	0.936	0.613	9.27254796589363e-264	"5"	"PARP1"
1.03805684071296e-267	1.87345274527189	0.705	0.243	3.79939184269352e-263	"5"	"CTPS1"
1.38393833122913e-267	1.90819343541876	0.617	0.185	5.06535268613173e-263	"5"	"CKAP2"
1.15354335588055e-266	1.92669315062593	0.665	0.211	4.2220840368584e-262	"5"	"GALE"
2.138671942328e-266	1.90671666294558	0.682	0.224	7.82775317611472e-262	"5"	"C9orf40"
2.75745432941617e-262	0.8551703799498	0.998	0.963	1.00925585910961e-257	"5"	"SRM"
6.94749212026301e-261	2.22584250554304	0.389	0.077	2.54285159093746e-256	"5"	"SASS6"
5.05579298463405e-260	0.899827978357925	0.998	0.957	1.85047079030591e-255	"5"	"CALM1"
1.83495782348649e-256	2.13249594134457	0.309	0.051	6.71612912974289e-252	"5"	"CIT"
6.40212133660983e-256	2.07511132258402	0.548	0.151	2.34324043041256e-251	"5"	"TIPIN"
2.13462318976e-254	0.881622017510566	1	0.999	7.81293433684057e-250	"5"	"CALR"
2.32609936558241e-253	0.974139882574582	0.991	0.94	8.51375628796819e-249	"5"	"HSPE1"
2.77469069758983e-253	1.05371884334246	1	0.974	1.01556454222485e-248	"5"	"HMGN2"
3.22545142812819e-253	2.3624361544899	0.292	0.047	1.1805474772092e-248	"5"	"SLC25A10"
1.13559457437996e-250	1.18940049108495	0.999	0.981	4.15638970168809e-246	"5"	"CAV1"
1.14801452748692e-250	0.882384748241973	0.998	0.997	4.20184797205489e-246	"5"	"HSPA8"
3.88597428768467e-250	2.35644965842635	0.344	0.064	1.42230544903547e-245	"5"	"GEN1"
5.35503940080195e-250	1.6597877344162	0.81	0.347	1.95999797108752e-245	"5"	"FN3KRP"
3.8192856921809e-249	2.58722516187949	0.264	0.04	1.39789675619513e-244	"5"	"CDC7"
5.41760481268563e-249	2.03482382716112	0.476	0.115	1.98289753749107e-244	"5"	"MGME1"
1.10555245910828e-248	1.55896152250586	0.843	0.384	4.04643255558222e-244	"5"	"GGH"
3.84482781243799e-248	1.8831418811219	0.587	0.171	1.40724542763043e-243	"5"	"NCAPH2"
5.95676537969185e-248	1.64546920592152	0.862	0.452	2.18023569662101e-243	"5"	"CSE1L"
1.0056809460989e-246	0.930276920053265	0.994	0.954	3.68089283081659e-242	"5"	"SLC25A5"
1.09756750158556e-244	2.37298719541151	0.313	0.055	4.01720681255331e-240	"5"	"PARPBP"
6.20760976204372e-244	1.63999745050327	0.867	0.442	2.27204724900562e-239	"5"	"MSH6"
3.18754412187209e-243	1.65719485850313	0.856	0.422	1.1666730240464e-238	"5"	"TMEM106C"
9.22817638791045e-242	1.59726860246691	0.848	0.397	3.3776048397391e-237	"5"	"POLE3"
6.76508477181568e-241	1.73395015470009	0.76	0.306	2.47608867733226e-236	"5"	"ATAD3A"
8.34937680979832e-241	1.50003432928527	0.898	0.521	3.05595540615428e-236	"5"	"WDR34"
7.40463770190459e-239	1.23519698221497	0.967	0.744	2.7101714452741e-234	"5"	"PAICS"
1.56330120817832e-238	1.52970426019405	0.89	0.548	5.72183875205347e-234	"5"	"TOMM40"
1.4649072445564e-237	2.00897063233041	0.485	0.124	5.36170700580087e-233	"5"	"SLC29A1"
1.99468652566634e-236	0.806645639152059	0.999	0.982	7.30075215259138e-232	"5"	"RPL22L1"
2.31331102827826e-236	1.07547388031815	0.989	0.858	8.46694969460124e-232	"5"	"YWHAH"
3.64967932646811e-236	1.74263177056458	0.696	0.252	1.33581913028059e-231	"5"	"JPT2"
4.17005355330763e-236	2.02859039874762	0.504	0.136	1.52628130104613e-231	"5"	"MET"
1.83701046977942e-235	1.21751760355616	0.968	0.755	6.72364202043966e-231	"5"	"CYCS"
1.83087383049383e-234	1.72924397136997	0.832	0.411	6.70118130699045e-230	"5"	"RAB3B"
3.29750597661274e-233	1.2434866006518	0.963	0.765	1.20692016250003e-228	"5"	"JPT1"
1.11324265811307e-232	1.61191545711394	0.828	0.387	4.07457945295964e-228	"5"	"CKS1B"
5.54508992993843e-230	2.438993506074	0.281	0.048	2.02955836525676e-225	"5"	"MYEOV"
1.36785878446616e-228	2.68963483424177	0.994	0.949	5.00649993702461e-224	"5"	"HIST1H4C"
3.49237671711348e-228	0.861260516549581	0.997	0.961	1.27824480223071e-223	"5"	"CCT6A"
5.22764347204058e-227	2.0398445211597	0.752	0.33	1.91336978720157e-222	"5"	"AC011603.2"
7.00247053799873e-227	1.28025787638402	0.95	0.651	2.56297424161291e-222	"5"	"TFDP1"
1.30445434093265e-226	1.20116637090923	0.964	0.731	4.7744333332476e-222	"5"	"CKLF"
2.46433674463321e-226	0.694579014089356	1	0.997	9.01971891903201e-222	"5"	"POLR2L"
3.73658213221208e-226	1.5931264122783	0.785	0.339	1.36762642621094e-221	"5"	"THOP1"
3.97114143238871e-226	1.75903204684099	0.717	0.279	1.45347747566859e-221	"5"	"UNG"
6.6563759511815e-225	1.42465015181903	0.897	0.502	2.43630016189194e-220	"5"	"NUDT1"
1.10197543481401e-224	1.3557121785519	0.921	0.579	4.03334028896277e-220	"5"	"SAE1"
1.7164170756071e-224	0.783767141505412	0.996	0.954	6.28225813842956e-220	"5"	"PRELID1"
7.39225247581677e-224	1.02926955009301	0.974	0.856	2.7056383286737e-219	"5"	"PPM1G"
5.85013176541889e-223	0.934660319299788	0.979	0.88	2.14120672746097e-218	"5"	"MRPL17"
1.66972200884339e-222	0.786595705636133	0.999	0.991	6.1113495245677e-218	"5"	"NCL"
1.46797157008816e-219	1.92005900464217	0.528	0.155	5.37292274367968e-215	"5"	"SDC1"
4.18363673003131e-219	1.92094701727881	0.54	0.163	1.53125287955876e-214	"5"	"ATP1B1"
2.0264965285611e-218	0.62393344496804	0.999	0.995	7.41717994418649e-214	"5"	"PRDX1"
3.90998982839341e-218	0.870467196874741	0.991	0.937	1.43109537709027e-213	"5"	"C1QBP"
5.34910091160066e-218	0.858219761281262	0.993	0.933	1.95782442465496e-213	"5"	"XRCC5"
9.34212207108742e-218	2.51204458816715	0.304	0.058	3.41931009923871e-213	"5"	"CCNE1"
3.73097947586451e-217	1.06233784139188	0.982	0.839	1.36557579796117e-212	"5"	"CACYBP"
5.74719149368187e-217	1.74999976648936	0.582	0.182	2.1035295586025e-212	"5"	"PARP2"
1.1264033450396e-216	1.32454592001649	0.927	0.578	4.12274888317944e-212	"5"	"CBX5"
1.35342448476806e-216	2.11577827457524	0.36	0.077	4.95366895669956e-212	"5"	"PDSS1"
1.83421716296945e-216	0.871468251680257	0.985	0.907	6.7134182381845e-212	"5"	"EIF1AX"
2.1923225740877e-216	1.80350930199438	0.581	0.184	8.02411985341839e-212	"5"	"MYO19"
2.4893636570539e-216	1.06527377310381	0.982	0.856	9.111319921183e-212	"5"	"LRRC59"
4.31949822143992e-216	1.80920769855126	0.577	0.182	1.58097954402922e-211	"5"	"CEP78"
2.8469418797749e-215	0.925092571784602	0.979	0.884	1.04200919741641e-210	"5"	"SIVA1"
5.98912884742186e-215	0.903141674950948	0.983	0.967	2.19208104944487e-210	"5"	"S100A16"
7.80300314265301e-215	0.944607475249507	0.994	0.916	2.85597718024243e-210	"5"	"HNRNPA3"
1.43366314838778e-214	1.47381847304725	0.82	0.372	5.2473504894141e-210	"5"	"RPA1"
4.76067824279815e-214	1.76451660869777	0.668	0.249	1.74245584364655e-209	"5"	"RANGAP1"
3.05969578988878e-213	0.907955960508108	0.989	0.885	1.11987925605719e-208	"5"	"SNRPE"
2.66107395025032e-212	0.703416333323362	0.999	0.969	9.73979676531121e-208	"5"	"CKAP4"
3.1480479858399e-212	0.731874943917782	1	0.99	1.15221704329726e-207	"5"	"CAVIN1"
7.87523246499231e-212	1.62647785708197	0.666	0.238	2.88241383451184e-207	"5"	"TELO2"
4.94387774730034e-211	1.54821190202967	0.803	0.364	1.8095086942894e-206	"5"	"SAC3D1"
6.20992786437637e-211	0.87993664008995	0.987	0.928	2.2728956976404e-206	"5"	"KPNB1"
9.66179971853039e-211	1.41336456214865	0.874	0.482	3.53631531497931e-206	"5"	"EXOSC8"
1.30161838284123e-210	1.43075611007822	0.879	0.496	4.76405344303717e-206	"5"	"SNRPA1"
2.03893017079798e-210	0.853942962136553	0.996	0.928	7.46268831813768e-206	"5"	"WDR1"
3.45077270738901e-210	1.80741049205958	0.509	0.145	1.26301731863145e-205	"5"	"RMI1"
1.70890671231824e-209	2.0693876266266	0.473	0.132	6.254769457756e-205	"5"	"MALL"
1.87191112939261e-209	1.79134671126368	0.577	0.185	6.85138192468989e-205	"5"	"HAUS6"
7.00119757788062e-209	0.518830704260312	1	1	2.56250832548008e-204	"5"	"PKM"
6.82539948098389e-208	1.96046580978525	0.43	0.109	2.49816446403491e-203	"5"	"DSCC1"
1.8368352870987e-206	1.41527027378159	0.892	0.522	6.72300083430995e-202	"5"	"SMC4"
2.89054101734608e-206	1.69762527012872	0.559	0.173	1.05796691775884e-201	"5"	"NUP205"
4.93264980027716e-206	0.69256805639499	1	0.989	1.80539915339944e-201	"5"	"PPP1R14B"
1.02690704527117e-205	2.07292967580512	0.34	0.073	3.75858247639702e-201	"5"	"ZNF93"
1.49640040852575e-205	1.75987445667122	0.642	0.229	5.47697513524509e-201	"5"	"NES"
2.27711777326568e-205	0.765885073094327	1	1	8.33447876192972e-201	"5"	"ACTB"
2.16397288605142e-204	1.12528175226804	0.978	0.817	7.92035716023679e-200	"5"	"SRSF3"
7.19129016382522e-204	1.15360201935087	0.956	0.706	2.63208411286167e-199	"5"	"CTNNAL1"
3.57729853346573e-203	0.616825226587869	0.998	0.991	1.30932703623379e-198	"5"	"ATP5MC3"
6.26075538938323e-203	1.53911629864902	0.707	0.277	2.29149908006816e-198	"5"	"NUP107"
6.70811507907519e-203	1.95647224648939	0.449	0.119	2.45523720009231e-198	"5"	"HIRIP3"
9.2506814456826e-203	1.69926267081217	0.595	0.196	3.38584191593429e-198	"5"	"CLN6"
1.1582075341796e-202	1.65745388424983	0.532	0.158	4.23915539585075e-198	"5"	"PHF19"
2.52646051694697e-201	1.51343089639928	0.766	0.337	9.24709813807761e-197	"5"	"RPA2"
5.06297402517597e-201	1.02923407777953	0.983	0.888	1.85309912295466e-196	"5"	"PSMD2"
5.61385200493327e-200	1.10691802686931	0.948	0.75	2.05472597232563e-195	"5"	"SUPT16H"
1.36100998484096e-199	1.11898878709588	0.952	0.697	4.98143264551638e-195	"5"	"BOLA3"
1.50512195934114e-198	0.728498189885269	1	0.993	5.50889688338452e-194	"5"	"TAGLN2"
1.69701883049471e-198	0.972979115227093	0.998	0.924	6.2112586214937e-194	"5"	"TNFRSF12A"
9.4165681459057e-198	1.29689259756775	0.878	0.504	3.44655810708295e-193	"5"	"KPNA2"
2.39071095080755e-197	1.32220577792437	0.878	0.493	8.75024115105073e-193	"5"	"FARSB"
7.32484440562609e-197	0.7432671404398	0.997	0.959	2.6809663009032e-192	"5"	"TMED9"
6.66569034487906e-196	1.47907504639129	0.784	0.362	2.43970932312919e-191	"5"	"ACD"
3.32791688625839e-195	1.63563031740827	0.806	0.404	1.21805085953944e-190	"5"	"FOSL1"
4.36355892687634e-195	0.593044983524149	0.998	0.995	1.59710620282601e-190	"5"	"PGAM1"
1.64388846504314e-194	1.66284797849791	0.573	0.187	6.01679617090438e-190	"5"	"UBR7"
3.55396550447699e-194	1.63967742838472	0.819	0.421	1.30078691429362e-189	"5"	"SEMA7A"
3.67561171738465e-194	0.87321539173276	0.991	0.882	1.34531064467996e-189	"5"	"PSMC3"
2.56083086216903e-193	1.8095008265369	0.482	0.14	9.37289703862485e-189	"5"	"ATAD3B"
1.23811011159281e-192	1.19798466828012	0.926	0.624	4.53160681944083e-188	"5"	"HPRT1"
3.30505551665819e-192	1.52766707749431	0.753	0.337	1.20968336965206e-187	"5"	"POLR3K"
4.24454383661632e-192	1.58730125283579	0.758	0.354	1.55354548963994e-187	"5"	"DDX39A"
4.51625838227391e-192	1.20779925610499	0.96	0.731	1.65299573049607e-187	"5"	"MANF"
6.60651194218582e-192	1.62536133852698	0.605	0.209	2.41804943595943e-187	"5"	"SPATA33"
6.65290473888428e-192	1.46312407804918	0.82	0.414	2.43502966347903e-187	"5"	"ZMYND19"
7.20136597555486e-192	2.24622650974319	0.268	0.05	2.63577196071283e-187	"5"	"ZNF714"
1.76526953991647e-191	0.781632244198188	0.992	0.939	6.46106304304827e-187	"5"	"HNRNPF"
2.11210348809429e-191	0.541690331253724	1	1	7.73050997677391e-187	"5"	"ANXA2"
4.92110112286993e-191	0.58727905444632	0.999	0.99	1.80117222198162e-186	"5"	"COX8A"
1.01405686294006e-190	0.88452673423429	0.983	0.864	3.71154952404692e-186	"5"	"PHB"
3.90667381727377e-190	1.66999570447144	0.649	0.253	1.42988168386037e-185	"5"	"PNP"
6.13836685697098e-190	1.57468025242872	0.663	0.254	2.24670365331995e-185	"5"	"CASP8AP2"
1.44972674561691e-189	0.824772670824575	0.991	0.943	5.30614486163244e-185	"5"	"HNRNPDL"
2.14800542585592e-189	1.17796521239499	0.947	0.747	7.86191465917525e-185	"5"	"UBE2S"
3.3808477661725e-189	1.57682336645057	0.668	0.26	1.23742409089679e-184	"5"	"BCL2L12"
1.23581208238623e-188	0.711636711219236	0.997	0.966	4.52319580274184e-184	"5"	"PTGES3"
5.92782076954732e-187	1.43064850060463	0.805	0.395	2.16964167986202e-182	"5"	"GPN3"
7.34639206956436e-187	1.40879134829853	0.833	0.431	2.68885296138125e-182	"5"	"MGLL"
7.7511141346383e-187	0.653147648156602	1	1	2.83698528441896e-182	"5"	"SH3BGRL3"
2.73992616933043e-186	1.40053215387924	0.817	0.408	1.00284037723663e-181	"5"	"CD9"
1.91408433112329e-185	1.93086555266339	0.378	0.093	7.00574006034436e-181	"5"	"IGFLR1"
3.07102638688485e-185	1.94878166674402	0.255	0.046	1.12402636786372e-180	"5"	"PRR11"
3.44779184392997e-185	1.12578638252392	0.99	0.913	1.26192629279681e-180	"5"	"HMGA1"
4.4643728155587e-185	1.41662219332888	0.757	0.335	1.63400509422264e-180	"5"	"OXCT1"
4.6164511645679e-185	1.11214258378037	0.95	0.718	1.6896672907435e-180	"5"	"EBNA1BP2"
7.93108062354987e-185	0.586145651855749	1	0.997	2.90285481902549e-180	"5"	"CLIC1"
1.00249063642839e-184	1.56288301309974	0.607	0.215	3.66921597839157e-180	"5"	"FMN2"
3.61558953785198e-184	0.639439241921342	0.996	0.992	1.3233419267492e-179	"5"	"RHOC"
7.08144575006351e-184	0.941601649470266	0.965	0.801	2.59187995898074e-179	"5"	"LSM3"
1.20018202034043e-183	0.95684893171767	0.969	0.791	4.39278621264801e-179	"5"	"LSM2"
1.42969639458108e-183	1.80933247794445	0.417	0.111	5.23283177380622e-179	"5"	"PFAS"
1.60283032843324e-183	1.12352774631881	0.932	0.662	5.86651928509852e-179	"5"	"PSMG1"
1.85059548339411e-183	1.58846766495915	0.568	0.191	6.77336452877079e-179	"5"	"PDXP"
4.89440517417588e-183	1.53668535250094	0.589	0.2	1.79140123780011e-178	"5"	"FANCL"
7.98284354374317e-183	1.35926486203682	0.849	0.456	2.92180056544544e-178	"5"	"ICMT"
2.60393585070035e-182	1.54134655144151	0.632	0.235	9.53066560714834e-178	"5"	"YEATS4"
2.71082762498969e-182	1.20238743976022	0.944	0.672	9.92190019022476e-178	"5"	"CORO1C"
2.96703512864493e-182	2.05717354861586	0.267	0.051	1.08596452743533e-177	"5"	"PLCXD1"
1.39873361202847e-181	0.848467986720961	0.986	0.911	5.11950489338539e-177	"5"	"CCT5"
6.02522128793061e-181	1.41716697764798	0.787	0.377	2.20529124359548e-176	"5"	"SPDL1"
5.39532044690135e-180	1.90848237510776	0.328	0.074	1.97474123677036e-175	"5"	"ZNF85"
1.37810271976181e-179	0.716466958592077	0.99	0.951	5.04399376460021e-175	"5"	"SLIRP"
1.94800822962104e-179	0.964357986828605	0.984	0.883	7.12990492123597e-175	"5"	"PLP2"
2.7381376023963e-179	0.702792414946979	0.992	0.941	1.00218574385307e-174	"5"	"NHP2"
2.99086026039966e-179	1.0017349892217	0.968	0.777	1.09468476390888e-174	"5"	"MRPL12"
8.10131881006372e-179	1.37329561241106	0.818	0.428	2.96516369767142e-174	"5"	"PPIH"
2.97556631095693e-178	0.991394006570294	0.978	0.866	1.08908702547335e-173	"5"	"SFPQ"
4.26390400641634e-178	1.50338340911577	0.765	0.348	1.56063150538844e-173	"5"	"TFPI2"
1.32744062139937e-177	1.31370485607842	0.968	0.786	4.85856541838382e-173	"5"	"GLIPR1"
2.02061826615401e-177	0.673370374995732	0.991	0.956	7.39566491595031e-173	"5"	"AURKAIP1"
2.30622711455651e-176	1.64013661195144	0.545	0.185	8.44102186198827e-172	"5"	"EXOSC2"
2.55085500843229e-176	0.562794775492149	0.999	0.985	9.33638441636304e-172	"5"	"PSMA7"
1.99140925506517e-175	1.69977928015565	0.63	0.248	7.28875701446402e-171	"5"	"FAM111A"
5.43042948585621e-175	2.05676696324778	0.266	0.052	1.98759149611823e-170	"5"	"FANCM"
8.42248649239665e-175	1.15916220670704	0.918	0.622	3.0827142810821e-170	"5"	"CMC2"
6.33442537810907e-174	1.08590393916096	0.935	0.676	2.3184630326417e-169	"5"	"NAP1L4"
1.00122790856189e-173	0.818440189240067	0.988	0.911	3.66459426812736e-169	"5"	"CCT2"
3.25584493117775e-173	1.34064505140802	0.881	0.487	1.19167180326037e-168	"5"	"DKK1"
1.88524998416032e-172	0.830740072349417	0.982	0.852	6.9002034670252e-168	"5"	"MLEC"
6.17329104868168e-172	1.60680498760318	0.465	0.141	2.25948625672798e-167	"5"	"KNSTRN"
1.27046863451836e-170	1.59930877473171	0.609	0.23	4.65004224920066e-166	"5"	"TMEM97"
3.49944446125644e-170	0.808857318780949	0.984	0.892	1.28083166726447e-165	"5"	"ILF2"
7.6444527332271e-169	1.24271160720103	0.892	0.566	2.79794614488845e-164	"5"	"RRP7A"
8.5609262655529e-169	1.06558671394076	0.938	0.67	3.13338462245502e-164	"5"	"SPCS3"
1.06743251855292e-168	0.969527529964758	0.957	0.745	3.90690976115553e-164	"5"	"TRA2B"
7.57506425889892e-168	1.83507540615518	0.375	0.098	2.77254926939959e-163	"5"	"NDC1"
1.37883599003942e-167	1.02311807576584	0.939	0.701	5.04667760714327e-163	"5"	"LSM5"
1.44602721541129e-167	1.456510035019	0.606	0.223	5.29260421112688e-163	"5"	"NUP62"
5.00455460711744e-167	0.656051225475914	1	0.999	1.83171703175106e-162	"5"	"LMNA"
7.4284799087261e-167	0.867580058325532	0.986	0.89	2.71889793139284e-162	"5"	"H2AFV"
1.23092819989068e-166	1.02272387829477	0.952	0.755	4.50532030441989e-162	"5"	"ILF3"
9.85547109482791e-166	1.79266050673479	0.352	0.088	3.60720097541796e-161	"5"	"UBASH3B"
1.24064806473521e-165	1.51269588256841	0.552	0.191	4.54089598173734e-161	"5"	"GPD2"
3.58921370670904e-165	1.56140601816793	0.599	0.225	1.31368810879258e-160	"5"	"TIMM8A"
6.97572780750368e-165	1.94963153489222	0.306	0.07	2.55318613482442e-160	"5"	"SFI1"
8.83531597811205e-165	1.19054608194985	0.878	0.525	3.23381400114879e-160	"5"	"C19orf48"
3.63302147888435e-164	0.987802742181218	0.954	0.743	1.32972219148646e-159	"5"	"SSRP1"
3.80843979829051e-164	1.12218023901329	0.913	0.605	1.39392705057231e-159	"5"	"ATP1B3"
3.89301929970456e-164	1.23600765696438	0.833	0.458	1.42488399388487e-159	"5"	"UCK2"
9.77752000130266e-164	0.736099850338562	0.987	0.897	3.57867009567679e-159	"5"	"NDUFB6"
1.33277031614469e-163	1.277751296731	0.811	0.414	4.87807263412118e-159	"5"	"MCMBP"
4.82049069085454e-163	0.849174503375721	0.992	0.907	1.76434779775967e-158	"5"	"CAPN2"
5.10381780171055e-163	0.906321288533714	0.987	0.876	1.86804835360408e-158	"5"	"COPRS"
5.92904331775013e-163	1.78389009556304	0.408	0.116	2.17008914472973e-158	"5"	"MNS1"
6.50135863460409e-163	1.71833254268593	0.399	0.111	2.37956227385144e-158	"5"	"TTF2"
1.03695723248959e-162	1.29265945126956	0.816	0.45	3.79536716663515e-158	"5"	"RBBP8"
1.4167336638291e-162	1.39596427799515	0.811	0.45	5.1853868829809e-158	"5"	"LMNB2"
5.36688208803537e-162	1.07692238447916	0.918	0.65	1.96433251304182e-157	"5"	"HSPB11"
6.01445508242655e-162	0.85423406305764	0.982	0.886	2.20135070471894e-157	"5"	"PSME2"
1.14115633568821e-161	0.786048979285221	0.99	0.902	4.1767463042524e-157	"5"	"SNRPF"
2.18831609730558e-161	1.68432034319802	0.456	0.14	8.00945574774814e-157	"5"	"KIAA1841"
3.65976191701724e-161	1.29665918330418	0.765	0.378	1.33950945924748e-156	"5"	"MZT1"
7.25588070148436e-161	1.4248372949488	0.702	0.307	2.65572489555029e-156	"5"	"ACAT2"
1.66359775448919e-159	0.567924656241665	1	0.999	6.08893414120589e-155	"5"	"ENO1"
2.59413825198354e-159	1.03415668503339	0.965	0.794	9.49480541608497e-155	"5"	"SMS"
3.8100463691771e-159	0.666641047527805	0.994	0.947	1.39451507158251e-154	"5"	"PSMB3"
5.13378861178587e-159	1.19309558222726	0.896	0.573	1.87901796979975e-154	"5"	"EFHD2"
7.52596877487484e-159	1.40894510327317	0.692	0.304	2.75457983129194e-154	"5"	"PRPF4"
1.05223727475418e-158	0.98429459584879	0.946	0.726	3.85129364932778e-154	"5"	"BUB3"
2.25916591446768e-158	0.994841368754285	0.939	0.692	8.26877316354316e-154	"5"	"UBE2N"
3.82932815902706e-158	1.37858014665019	0.707	0.319	1.40157239948549e-153	"5"	"TCOF1"
6.2765924534008e-158	1.48537252553621	0.668	0.288	2.29729560386923e-153	"5"	"TOMM34"
3.17871397300803e-157	2.21405120974764	0.269	0.059	1.16344110126067e-152	"5"	"ITGA6"
6.49969120542e-157	1.10331041785318	0.901	0.594	2.37895197809578e-152	"5"	"POP7"
9.161373688978e-157	1.09526610721304	0.963	0.718	3.35315438390284e-152	"5"	"DCBLD2"
1.13410981387993e-156	2.45600663582441	0.253	0.053	4.15095532978194e-152	"5"	"PODXL"
4.80808142992048e-156	1.06617043383644	0.962	0.725	1.7598058841652e-151	"5"	"LMO7"
7.1974931982863e-156	1.35174419333225	0.697	0.304	2.63435448550477e-151	"5"	"CENPS"
2.56771316832831e-155	1.06386106662842	0.909	0.623	9.39808696739845e-151	"5"	"GMPS"
2.62065988984842e-155	0.975940024693952	0.94	0.697	9.59187726283419e-151	"5"	"COMMD4"
2.7248495512907e-155	1.16070292535043	0.876	0.544	9.97322184267908e-151	"5"	"EEF1E1"
4.38848170967961e-155	1.47898530154995	0.535	0.186	1.60622819055983e-150	"5"	"ERI1"
4.60925345652963e-155	1.21361681681818	0.822	0.436	1.68703285762441e-150	"5"	"UCHL5"
5.43685125168793e-155	1.19800404692286	0.876	0.559	1.9899419266303e-150	"5"	"NOLC1"
5.46547388167289e-155	0.783480468387361	0.974	0.869	2.00041809543109e-150	"5"	"NUDC"
8.06338454506935e-154	0.524872912468987	0.999	0.988	2.95127937734083e-149	"5"	"SERBP1"
1.05605050605453e-153	0.527285096269265	1	1	3.86525045721018e-149	"5"	"MYL6"
1.73020502770275e-153	1.23916141926757	0.814	0.443	6.33272342189484e-149	"5"	"SKA2"
1.25953207927984e-152	1.00538705209378	0.92	0.656	4.61001336337213e-148	"5"	"DPM2"
5.79272274193203e-152	0.776158465610057	0.994	0.942	2.12019445077454e-147	"5"	"C12orf75"
9.18370080760438e-152	1.07008686204775	0.999	0.985	3.36132633259128e-147	"5"	"MT2A"
1.8313695467773e-151	0.860893140445456	0.97	0.801	6.70299567815959e-147	"5"	"PCMT1"
3.76298363217131e-151	0.515564460860427	0.998	0.992	1.37728963921102e-146	"5"	"ATP5F1B"
4.30986947732693e-151	1.27347635759234	0.849	0.518	1.57745532739643e-146	"5"	"PPIF"
5.63428582235534e-151	0.685796792665811	0.996	0.973	2.06220495384028e-146	"5"	"YWHAQ"
3.41011084293741e-150	1.05449242525077	0.919	0.68	1.24813466962352e-145	"5"	"ODC1"
4.35154814143836e-150	0.731724690657625	0.983	0.891	1.59271013524785e-145	"5"	"SNRPD3"
6.36029889723422e-150	1.41283022535448	0.55	0.203	2.3279329993767e-145	"5"	"GJC1"
9.08623445306153e-150	1.09731453114729	0.888	0.603	3.32565267216505e-145	"5"	"NOP56"
1.47736034773161e-149	1.65535166538542	0.333	0.085	5.40728660873246e-145	"5"	"FAM161A"
2.39644350838173e-149	1.22291825572275	0.797	0.416	8.77122288502795e-145	"5"	"KIF22"
4.13067272778942e-149	0.64743271494935	1	0.985	1.51186752509821e-144	"5"	"SSR3"
5.51022322219717e-149	0.954027456238094	0.927	0.677	2.01679680155639e-144	"5"	"COPS3"
6.09555676930904e-149	0.591959603644179	0.995	0.956	2.2310347331348e-144	"5"	"RBX1"
6.4571758886831e-149	0.966324659434396	0.93	0.707	2.3633909470169e-144	"5"	"EIF2S1"
9.79396753805509e-149	1.73857750915695	0.421	0.129	3.58469005860354e-144	"5"	"NETO2"
1.52973125042752e-148	1.47525221842746	0.682	0.311	5.59896934968975e-144	"5"	"HMGA2"
2.78642515457235e-148	1.52778579255194	0.603	0.245	1.01985947082502e-143	"5"	"BAIAP2L2"
2.66692567647083e-147	0.709917826796958	0.992	0.93	9.76121466845087e-143	"5"	"BZW1"
3.17363534195688e-147	1.36930489111452	0.613	0.246	1.16158227150964e-142	"5"	"ENDOD1"
4.85753355382412e-147	0.840852702040778	0.962	0.803	1.77790585603516e-142	"5"	"POLD2"
5.99339245204474e-147	1.10587850853242	0.882	0.544	2.1936415713729e-142	"5"	"IFRD2"
8.12330720680065e-147	0.95099584679692	0.923	0.672	2.9732116707611e-142	"5"	"GGCT"
1.38824969620802e-146	0.651187235431259	0.994	0.951	5.08113271309096e-142	"5"	"BANF1"
4.72746375868211e-146	0.667507236361372	0.986	0.912	1.73029901031524e-141	"5"	"COPS6"
4.94926355170187e-146	0.59922914362171	0.994	0.964	1.8114799525584e-141	"5"	"SET"
1.26552375541185e-145	0.802641329605624	0.977	0.861	4.63194349718292e-141	"5"	"GSPT1"
2.19229661278344e-145	0.897203271605074	0.947	0.734	8.02402483244867e-141	"5"	"NANS"
2.4497265622263e-145	1.39636241393737	0.551	0.204	8.9662441904045e-141	"5"	"GEMIN4"
3.74343970671209e-145	2.01025675313561	0.401	0.125	1.37013636705369e-140	"5"	"RGS4"
5.69276370984416e-145	1.69315138495206	0.425	0.131	2.08360844544006e-140	"5"	"SVIP"
8.13969070097746e-145	0.53986607854625	0.995	0.973	2.97920819346476e-140	"5"	"SNU13"
1.05929307778572e-144	1.65397016444304	0.38	0.109	3.87711859400351e-140	"5"	"TOE1"
1.14096834884983e-144	1.69101101964809	0.412	0.127	4.17605825362525e-140	"5"	"RPP25"
5.39690664496983e-144	0.990334035886755	0.928	0.685	1.97532180112541e-139	"5"	"FH"
1.17713400256155e-143	1.23077583542522	0.773	0.408	4.30842816277551e-139	"5"	"GPATCH4"
1.46291320979823e-143	1.51343757669545	0.489	0.168	5.35440863918249e-139	"5"	"NUP155"
2.40594199125948e-143	1.26614136081452	0.87	0.577	8.80598828220884e-139	"5"	"SMURF2"
2.4211348308291e-143	0.666332909390179	0.994	0.921	8.86159559431758e-139	"5"	"CAP1"
4.0381138904504e-143	1.41906234150244	0.45	0.144	1.47799006504375e-138	"5"	"CCDC18"
7.2320521704228e-143	1.70815985811153	0.382	0.111	2.64700341489645e-138	"5"	"WDR4"
8.18398210621487e-143	0.873737643517535	0.955	0.769	2.99541929069571e-138	"5"	"ARPC5L"
1.02023513325191e-142	0.506113689135796	0.992	0.978	3.73416261121532e-138	"5"	"MICOS10"
2.85768584648408e-142	0.922378191067595	0.948	0.719	1.04594159667164e-137	"5"	"SNRPA"
2.92473577576614e-142	1.37803654860897	0.548	0.205	1.07048254128817e-137	"5"	"ELOVL6"
4.72430053017566e-142	0.852975139079283	0.965	0.8	1.72914123704959e-137	"5"	"RBBP7"
4.91804525050441e-142	1.19077685082179	0.835	0.505	1.80005374213712e-137	"5"	"MRTO4"
6.31264457537009e-142	1.87613810828128	0.263	0.06	2.31049104103121e-137	"5"	"CEP152"
1.54806631473583e-141	0.641632028512174	0.991	0.946	5.66607751856463e-137	"5"	"XRCC6"
5.27129477925954e-141	1.56347114081273	0.847	0.559	1.92934660215678e-136	"5"	"SCUBE3"
7.71930163264304e-141	1.34587638031384	0.595	0.24	2.82534159056368e-136	"5"	"APEX2"
1.18024154748595e-140	1.53920728826638	0.48	0.168	4.31980208795334e-136	"5"	"POP1"
5.222351707291e-140	0.934756343719241	0.929	0.649	1.91143294838558e-135	"5"	"EMP2"
1.682881921843e-139	0.704274914622332	0.991	0.907	6.15951612213758e-135	"5"	"ARHGDIA"
3.17281963901857e-139	1.39383429061408	0.618	0.259	1.16128371607719e-134	"5"	"TCF7"
5.04500454204305e-139	1.41039552683821	0.539	0.202	1.84652211243318e-134	"5"	"PPAT"
5.99050639810866e-139	0.794360501840179	0.965	0.806	2.19258524677175e-134	"5"	"G3BP1"
2.99457820239216e-138	1.2826165260033	0.697	0.328	1.09604556785755e-133	"5"	"CCDC137"
6.67762929617751e-138	0.609453898813798	1	0.995	2.44407909869393e-133	"5"	"TXN"
1.24190096693483e-137	1.38017347773648	0.705	0.341	4.54548172907817e-133	"5"	"ARHGAP18"
4.13565819401127e-137	1.34714633402349	0.633	0.274	1.51369225559007e-132	"5"	"SKP2"
4.1360401979803e-137	1.0075914602494	0.898	0.621	1.51383207286277e-132	"5"	"NOP58"
5.19815245146252e-137	0.507939666454075	0.998	0.996	1.9025757787598e-132	"5"	"CALM2"
7.63730911212126e-137	0.816489960048732	0.968	0.811	2.7953315081275e-132	"5"	"SYNCRIP"
1.27042185610628e-136	0.979441616956991	0.902	0.583	4.6498710355346e-132	"5"	"RECQL"
1.50718270246385e-136	1.07115425846097	0.884	0.554	5.51643940928794e-132	"5"	"SRRT"
1.73055169101025e-136	1.36360616656968	0.52	0.189	6.33399224426662e-132	"5"	"NUP85"
2.19768269445761e-136	0.992366018185044	0.91	0.676	8.04373842998428e-132	"5"	"NTMT1"
3.64016090693778e-136	1.46071182657029	0.45	0.148	1.3323352935483e-131	"5"	"ATRIP"
4.04799454717857e-136	0.904078656316402	0.996	0.94	1.48160648421283e-131	"5"	"MT1E"
2.14499490831106e-135	0.922258809865926	0.933	0.715	7.8508958639093e-131	"5"	"TIMM17A"
2.15826689590218e-135	1.28816676426374	0.682	0.314	7.89947266569158e-131	"5"	"LYAR"
3.0943678611743e-135	0.980106789961126	0.984	0.866	1.1325695808684e-130	"5"	"TUBB3"
9.40929699143027e-135	1.37421409003031	0.546	0.209	3.44389679183339e-130	"5"	"EBP"
9.63224303055109e-135	1.36194565791777	0.62	0.266	3.525497271612e-130	"5"	"RCC1"
9.89827262338202e-135	0.895753975709953	0.956	0.726	3.62286676288405e-130	"5"	"STIP1"
1.41454185122026e-134	0.936542357272617	0.915	0.634	5.17736462965129e-130	"5"	"ABCE1"
1.80139462733691e-134	1.21151695389713	0.717	0.344	6.59328447551581e-130	"5"	"NUP50"
5.07867625610875e-134	0.92754734819891	0.954	0.746	1.85884629649836e-129	"5"	"UAP1"
8.82875567407447e-134	0.521531002282834	0.998	0.971	3.231412864268e-129	"5"	"VDAC1"
1.39174665124352e-133	1.72439372971286	0.32	0.086	5.09393191821641e-129	"5"	"FANCE"
1.53414571285532e-133	1.05614982773705	0.845	0.494	5.61512672362175e-129	"5"	"MAGOHB"
1.58984692460977e-133	1.26209488144129	0.706	0.347	5.8189987287642e-129	"5"	"TLCD3A"
1.6507049623029e-133	0.687060819816573	0.98	0.896	6.04174523252484e-129	"5"	"CYC1"
2.30157131392948e-133	0.589066238153383	0.988	0.956	8.42398116611328e-129	"5"	"TOMM6"
4.46220123323198e-133	0.633077440963681	0.99	0.942	1.63321027337524e-128	"5"	"MRPL52"
7.97006522314147e-133	1.54985823659097	0.374	0.112	2.91712357232201e-128	"5"	"LRRCC1"
8.08907777705983e-133	1.54011505552804	0.414	0.133	2.96068335718167e-128	"5"	"SYNE2"
9.35040856956135e-133	1.60481834755796	0.349	0.1	3.42234304054515e-128	"5"	"SPATA5"
9.72799125664728e-133	1.91317019331516	0.307	0.082	3.56054207984547e-128	"5"	"INCENP"
2.73159365854479e-132	0.745273384677843	0.974	0.848	9.9979059496398e-128	"5"	"HNRNPR"
3.2759976851167e-132	2.1092897052494	0.27	0.067	1.19904791272956e-127	"5"	"IL7R"
7.91708534941137e-132	1.92652589744951	0.278	0.069	2.89773240873805e-127	"5"	"STEAP1B"
9.92211409640232e-132	1.11564486172364	0.791	0.425	3.63159298042421e-127	"5"	"NPM3"
1.45312100678861e-131	1.20170973964275	0.778	0.415	5.318568196947e-127	"5"	"ABHD12"
1.91496528172485e-131	0.749540991839521	0.977	0.864	7.00896442764113e-127	"5"	"FBL"
2.04572302333448e-131	0.900121232774945	0.933	0.729	7.48755083770654e-127	"5"	"C20orf27"
2.09451935111904e-131	1.19759116479886	0.714	0.344	7.6661502770308e-127	"5"	"DIAPH1"
6.92401515601515e-131	0.904521215100201	0.926	0.659	2.53425878725311e-126	"5"	"PFKP"
8.30593767089968e-131	1.45520889766113	0.485	0.173	3.04005624692599e-126	"5"	"NUP188"
8.5683500002706e-131	1.01516155016942	0.886	0.606	3.13610178359904e-126	"5"	"SMC3"
1.14168207987375e-130	0.857678041976677	0.958	0.774	4.17867058054592e-126	"5"	"PSIP1"
5.44039848567391e-130	1.14429300337004	0.736	0.365	1.99124024974151e-125	"5"	"TIMM21"
1.23215861231923e-129	1.39055824415181	0.475	0.167	4.5098237369496e-125	"5"	"PGAM5"
6.1844274326371e-129	1.01136633709043	0.886	0.572	2.2635622846195e-124	"5"	"GNPNAT1"
9.49355605928986e-129	1.54978897291241	0.36	0.107	3.47473645326068e-124	"5"	"WRAP53"
1.89496355355593e-128	0.879578442894036	0.965	0.784	6.93575610237007e-124	"5"	"UGDH"
1.37866211080338e-127	1.1289822267749	0.786	0.435	5.04604119175144e-123	"5"	"BRIX1"
2.17747653036971e-127	0.53667428464917	0.994	0.973	7.96978184880616e-123	"5"	"NOP10"
2.33221098081571e-127	0.567840817691748	0.992	0.944	8.53612541088357e-123	"5"	"ARPC1A"
2.89841918716477e-127	1.24104756868057	0.645	0.284	1.06085040669418e-122	"5"	"NSMCE4A"
5.99632221135841e-127	1.14033504504955	0.815	0.46	2.19471389257929e-122	"5"	"LPCAT4"
6.03865505763181e-127	0.56513959027018	0.992	0.95	2.21020813764382e-122	"5"	"POLR2E"
7.3591028748515e-127	1.94643417682652	0.433	0.156	2.6935052432244e-122	"5"	"TM4SF1"
8.10573239881129e-127	1.07102975118026	0.811	0.464	2.96677911528892e-122	"5"	"NXT1"
9.07826267927951e-127	1.02278493984654	0.848	0.519	3.32273492324309e-122	"5"	"SRPK1"
1.30442074217757e-126	0.534101949263465	0.995	0.961	4.77431035844412e-122	"5"	"CDC37"
1.57805900480329e-126	0.792086179883873	0.949	0.783	5.77585376348052e-122	"5"	"SF3B4"
1.6592337293092e-126	0.953473950451295	0.876	0.586	6.07296137264462e-122	"5"	"SNRNP40"
2.34872998878303e-126	0.679281230662426	0.972	0.894	8.59658663194477e-122	"5"	"MRPS34"
5.50841404630289e-126	1.59678783978176	0.315	0.086	2.01613462508732e-121	"5"	"NUP35"
6.66671931116084e-126	1.38021404689853	0.516	0.197	2.44008593507798e-121	"5"	"DHCR24"
4.09339147855754e-125	0.855038513900444	0.94	0.727	1.49822221506684e-120	"5"	"GCSH"
9.30288705235583e-125	1.88193458899057	0.432	0.156	3.40494969003276e-120	"5"	"ENPP1"
1.0928795280596e-124	0.694909389787997	0.984	0.919	4.00004836065094e-120	"5"	"FSCN1"
5.50964300429668e-124	0.955885045290897	0.912	0.678	2.01658443600263e-119	"5"	"CRELD2"
7.49664025001658e-124	1.20344788212475	0.678	0.325	2.74384529790857e-119	"5"	"NUDT15"
1.12242269475787e-123	1.36969113763897	0.531	0.21	4.10817930508327e-119	"5"	"DOCK10"
1.67355565630339e-123	0.935049145797567	0.928	0.703	6.12538105763605e-119	"5"	"PTBP1"
2.40751132324692e-123	1.45557337832463	0.417	0.14	8.81173219421604e-119	"5"	"CASP2"
2.9453675812435e-123	0.726970353462529	0.963	0.814	1.07803398841093e-118	"5"	"MTCH2"
4.11104794555678e-123	1.4339175977709	0.496	0.188	1.50468465855324e-118	"5"	"CENPV"
4.12072038081127e-123	1.01924123800386	0.995	0.926	1.50822486658073e-118	"5"	"S100A4"
5.87240322285509e-123	1.03476354189253	0.848	0.533	2.14935830359719e-118	"5"	"MTAP"
7.94377605986937e-123	0.598949910653657	0.992	0.923	2.90750147567279e-118	"5"	"CALM3"
1.37669579230631e-122	0.616155431440005	0.994	0.95	5.03884426942032e-118	"5"	"SELENOW"
1.51516071262668e-122	1.46227614247204	0.373	0.115	5.54563972428491e-118	"5"	"PPP2R3B"
2.49122391937411e-122	1.08651850626737	0.821	0.496	9.11812866730118e-118	"5"	"ANP32E"
5.40197798482458e-122	0.829267220426543	0.938	0.729	1.97717796222565e-117	"5"	"FDPS"
6.32835286028804e-122	0.839321435367815	0.934	0.683	2.31624043039402e-117	"5"	"ATIC"
1.00575831717414e-121	0.816724843374288	0.957	0.757	3.68117601668906e-117	"5"	"HNRNPM"
3.75602745628327e-121	1.15503066542758	0.613	0.26	1.37474360927424e-116	"5"	"HMGB3"
4.62006611030573e-121	0.842694259688131	0.93	0.719	1.690990397033e-116	"5"	"USP14"
7.94929216134444e-121	1.29037387409133	0.533	0.21	2.90952042397368e-116	"5"	"SLC25A22"
1.88549827739565e-120	1.21376089826274	0.609	0.266	6.9011122450958e-116	"5"	"SNX8"
1.939392792104e-120	1.35578642251503	0.491	0.185	7.09837155837985e-116	"5"	"MRE11"
2.16601983812623e-120	1.22508983796495	0.722	0.363	7.92784920952582e-116	"5"	"HAS2"
3.62325013386672e-120	0.919174137205177	0.924	0.674	1.32614578149656e-115	"5"	"CRIM1"
5.71461764075057e-120	0.664545202851998	0.978	0.866	2.09160720269112e-115	"5"	"UBE2L3"
6.43789704168136e-120	0.9904636028039	0.86	0.55	2.35633469622579e-115	"5"	"TMEM160"
8.90287410713421e-120	0.892036075719504	0.899	0.61	3.25854095195219e-115	"5"	"DAZAP1"
1.12293960574971e-119	0.543576261119977	0.996	0.971	4.11007125100451e-115	"5"	"YWHAZ"
1.20670119476828e-119	0.886804660135883	0.902	0.577	4.41664704297139e-115	"5"	"TUBB2A"
4.34565151815502e-119	1.10438632497704	0.772	0.411	1.59055191215992e-114	"5"	"MYO10"
7.02489431481136e-119	1.22648667910414	0.63	0.286	2.5711815681641e-114	"5"	"HACD1"
1.02667606046806e-118	0.99873311178929	0.838	0.516	3.75773704891914e-114	"5"	"SUZ12"
3.69950206220943e-118	1.07482396766874	0.746	0.384	1.35405474978927e-113	"5"	"CNOT9"
5.03601705501832e-118	0.516126169671093	0.988	0.948	1.84323260230726e-113	"5"	"UBE2I"
7.35421836690943e-118	1.56664910369908	0.357	0.112	2.69171746447252e-113	"5"	"FERMT1"
1.24119065191288e-117	1.40698053052619	0.417	0.142	4.54288190506633e-113	"5"	"USP37"
1.47323487520477e-117	0.932020516078846	0.895	0.609	5.39218696673699e-113	"5"	"PSMD14"
1.75802804929907e-117	1.25748571752299	0.839	0.549	6.43455846323951e-113	"5"	"ADIRF"
2.34531191468382e-117	1.0169217763437	0.836	0.528	8.58407613893425e-113	"5"	"TFAM"
2.55275625806173e-117	0.696324401608807	0.969	0.821	9.34334318013174e-113	"5"	"ITGB1BP1"
4.1112677661409e-117	0.710642477229756	0.973	0.856	1.50476511508523e-112	"5"	"SRRM1"
4.47245108204418e-117	1.20683829838392	0.551	0.222	1.63696182053899e-112	"5"	"NRM"
5.05565643431082e-117	0.532617816417798	0.992	0.944	1.8504208115221e-112	"5"	"TXNDC17"
1.22012923439375e-116	1.22441368848734	0.652	0.31	4.46579501080457e-112	"5"	"C3orf14"
1.24940693859609e-116	1.66439277940397	0.283	0.077	4.57295433595554e-112	"5"	"CSPG4"
2.21801607175791e-116	1.14979557516868	0.707	0.358	8.11816062424114e-112	"5"	"NF2"
2.43186219624248e-116	0.808790449496964	0.931	0.723	8.90085882446709e-112	"5"	"RUVBL2"
3.3637417431342e-116	1.08844568165638	0.738	0.378	1.23116311540455e-111	"5"	"POGLUT3"
3.62945670688602e-116	1.18893392104297	0.608	0.264	1.32841744928735e-111	"5"	"RBM14"
4.8563800240106e-116	0.51201317235568	0.994	0.983	1.77748365258812e-111	"5"	"SUB1"
1.23467940527106e-115	1.18525947374966	0.598	0.257	4.51905009123262e-111	"5"	"DOCK5"
1.68510969833088e-115	1.14446851137197	0.709	0.354	6.16767000686086e-111	"5"	"UMPS"
2.1225204615429e-115	1.20984341731236	0.613	0.272	7.76863714129315e-111	"5"	"ARPIN"
3.6001222421111e-115	0.665409521944143	0.98	0.902	1.31768074183509e-110	"5"	"EIF4G1"
6.63279789361105e-115	1.01959209674471	0.79	0.45	2.42767035704058e-110	"5"	"MYCBP"
7.91276921559102e-115	1.05994589528335	0.761	0.402	2.89615266059847e-110	"5"	"MIS18BP1"
7.94278398147038e-115	0.606031191845394	0.98	0.907	2.90713836505797e-110	"5"	"PPP1CA"
1.18037075109314e-114	0.769508461975503	0.951	0.772	4.320274986076e-110	"5"	"BAZ1B"
1.51067789320002e-114	1.12207263354486	0.68	0.325	5.52923215690141e-110	"5"	"SCFD2"
1.80582474754826e-114	0.850364015614917	0.99	0.915	6.60949915850139e-110	"5"	"SERPINE1"
1.86425822247275e-114	0.585943946066117	0.983	0.921	6.82337152007253e-110	"5"	"ELOC"
2.66404415552343e-114	0.736694155745912	0.958	0.798	9.7506680136313e-110	"5"	"SRSF10"
3.00722179029434e-114	0.711282048054499	0.959	0.816	1.10067324746563e-109	"5"	"RNPS1"
3.83777777480184e-114	1.18267328063057	0.601	0.261	1.40466504335522e-109	"5"	"UTP20"
4.33649707493134e-114	0.800596943125893	0.931	0.714	1.58720129439562e-109	"5"	"DDX46"
7.11023112941544e-114	0.666825510219128	0.98	0.894	2.60241569567735e-109	"5"	"PFN2"
2.00707735833606e-113	1.06087358289343	0.782	0.444	7.34610383924582e-109	"5"	"FUBP1"
2.18314782254792e-113	1.0592149329257	0.766	0.419	7.99053934530765e-109	"5"	"KIF1BP"
3.140037974641e-113	1.34950463728414	0.4	0.135	1.14928529909835e-108	"5"	"AMDHD2"
5.31657697578483e-113	0.765096062251416	0.943	0.73	1.945920338907e-108	"5"	"NUDT21"
1.18856487402945e-112	1.12654356047128	0.71	0.369	4.35026629543519e-108	"5"	"GMPPB"
1.56610054745023e-112	1.71225512809847	0.287	0.081	5.7320846137226e-108	"5"	"PLEK2"
2.45204054923309e-112	1.38715364543016	0.449	0.167	8.97471361424802e-108	"5"	"SLC8A1"
8.14962426762523e-112	0.759709457645985	0.945	0.752	2.98284397819351e-107	"5"	"PSMD1"
9.24139210490598e-112	0.509913126820962	0.991	0.949	3.38244192431664e-107	"5"	"TXNL4A"
9.84273563500287e-112	0.542998310423186	0.986	0.938	3.6025396697674e-107	"5"	"PSMA2"
1.14111991509884e-111	0.601937538165753	0.984	0.902	4.17661300125325e-107	"5"	"MRPL20"
1.79979487770667e-111	1.45017862560304	0.395	0.135	6.5874292318942e-107	"5"	"HAUS3"
4.0304225800609e-111	0.958748287233323	0.912	0.659	1.47517496852809e-106	"5"	"SCARA3"
4.33402649120382e-111	0.610906970015346	0.98	0.897	1.58629703604551e-106	"5"	"RBM8A"
6.66616245093437e-111	0.67501843491535	0.977	0.874	2.43988211866649e-106	"5"	"SNRPC"
8.63956402465782e-111	0.937590646657987	0.821	0.501	3.16216682866501e-106	"5"	"TPRKB"
1.15501720047311e-110	0.667200118118932	0.985	0.901	4.22747845545162e-106	"5"	"HNRNPL"
1.73163741205074e-110	1.31288135948806	0.462	0.175	6.33796609184692e-106	"5"	"DOT1L"
2.40547064605499e-110	1.40932571947872	0.383	0.128	8.80426311162588e-106	"5"	"LIN54"
2.76742426336203e-110	0.995311667164391	0.772	0.425	1.01290495463314e-105	"5"	"CCDC34"
3.27052665075591e-110	0.639172884100227	0.974	0.862	1.19704545944317e-105	"5"	"EIF5B"
3.40353617272302e-110	1.07668084285029	0.702	0.359	1.24572827457835e-105	"5"	"TOR3A"
3.9607228283057e-110	1.00914031529902	0.764	0.421	1.44966416238817e-105	"5"	"PRPS1"
4.92655761264332e-110	1.18810436996609	0.516	0.206	1.80316935180358e-105	"5"	"NUP153"
5.03642508334708e-110	1.13286747552629	0.664	0.318	1.84338194475586e-105	"5"	"MRM2"
6.89259022244379e-110	0.845628986056948	0.915	0.658	2.52275694731665e-105	"5"	"CBX1"
8.83094438296697e-110	1.73988212263522	0.258	0.068	3.23221395360974e-105	"5"	"CCDC84-DT"
1.03246572727956e-109	0.71239788477141	0.986	0.88	3.7789278084159e-105	"5"	"ACTN4"
1.26254007692625e-109	0.628912548483062	0.994	0.969	4.62102293555775e-105	"5"	"HNRNPU"
1.40201392328215e-109	1.62129371203419	0.294	0.084	5.13151116060502e-105	"5"	"ZNF738"
2.51097196659302e-109	1.49057912400522	0.324	0.099	9.1904084949271e-105	"5"	"SLC19A1"
2.86950969246505e-109	0.992252152170759	0.838	0.543	1.05026924253913e-104	"5"	"NOP16"
3.02718677832181e-109	0.922106370488774	0.892	0.618	1.10798063273357e-104	"5"	"TRAP1"
3.63487262436238e-109	0.667158266280824	0.972	0.85	1.33039972924288e-104	"5"	"NDUFB3"
3.88916150754972e-109	1.15994398701295	0.651	0.308	1.42347200337827e-104	"5"	"SLIT2"
5.1773991377448e-109	0.93796715266343	0.838	0.538	1.89497985840598e-104	"5"	"RIF1"
9.13333977783086e-109	1.3229635839215	0.467	0.179	3.34289369208387e-104	"5"	"MTFP1"
1.06019071928028e-108	0.713484824662724	0.986	0.868	3.88040405163777e-104	"5"	"MSN"
1.84274896847909e-108	0.995478731317985	0.826	0.51	6.74464549953033e-104	"5"	"HADH"
4.39157953440443e-108	0.81938591390166	0.902	0.643	1.60736202538737e-103	"5"	"MCUR1"
5.41587593400589e-108	0.661237318031073	0.974	0.864	1.98226475060549e-103	"5"	"EWSR1"
1.42101048012894e-107	1.29897885104994	0.466	0.178	5.20104045831993e-103	"5"	"CSTF2"
4.14908056374194e-107	1.06800163235376	0.662	0.324	1.51860497713519e-102	"5"	"AMD1"
4.52681356678353e-107	1.44088598340803	0.347	0.111	1.65685903357844e-102	"5"	"CGAS"
4.93276550378364e-107	1.00900387281798	0.828	0.522	1.80544150203985e-102	"5"	"HSPH1"
6.10173581475716e-107	1.06018222403295	0.76	0.451	2.23329632555927e-102	"5"	"BOP1"
6.78794258283485e-107	1.42056413590062	0.396	0.14	2.48445486474338e-102	"5"	"HHIP-AS1"
1.43287198270631e-106	1.21390611357753	0.499	0.196	5.24445474390338e-102	"5"	"ABHD11"
1.70248224279646e-106	0.818553254609511	0.901	0.626	6.23125525685933e-102	"5"	"ADK"
2.3136283268342e-106	1.18435756751786	0.593	0.265	8.46811103904587e-102	"5"	"NUP93"
2.99154212799473e-106	0.594339083588213	0.987	0.915	1.09493433426735e-101	"5"	"PDAP1"
7.72323757187765e-106	0.542594287604948	0.986	0.926	2.82678218368294e-101	"5"	"NAA38"
8.40697979832246e-106	1.25854201447033	0.618	0.296	3.077038675984e-101	"5"	"PEG10"
2.487620036431e-105	0.898545816608786	0.845	0.545	9.1049380953411e-101	"5"	"ACTL6A"
2.59667142051862e-105	1.32568558740025	0.485	0.194	9.5040770662402e-101	"5"	"S100A3"
2.63534246301971e-105	0.582354558055584	0.98	0.912	9.64561694889843e-101	"5"	"DDX39B"
2.71464332994863e-105	0.974641118772622	0.796	0.454	9.93586605194498e-101	"5"	"RASSF1"
2.97628064863635e-105	0.611662894304816	0.976	0.903	1.08934848020739e-100	"5"	"CCT8"
3.50853813845708e-105	0.834552180863293	0.918	0.694	1.28416004405667e-100	"5"	"SIGMAR1"
7.61838585566781e-105	0.889573762123049	0.875	0.595	2.78840540703297e-100	"5"	"GLRX2"
1.00676394024703e-104	0.610714745137171	0.989	0.912	3.68485669769815e-100	"5"	"PDIA4"
1.12016431981288e-104	0.869411490007981	0.892	0.61	4.09991342694712e-100	"5"	"IDH2"
1.23083757348574e-104	0.555300933151966	0.985	0.913	4.50498860271514e-100	"5"	"IKBIP"
2.82138869760824e-104	0.796429033161835	0.914	0.703	1.03265647721159e-99	"5"	"PSMD11"
4.36109014912193e-104	0.611048298172238	0.986	0.901	1.59620260548012e-99	"5"	"GSTO1"
8.11598171839979e-104	1.22203169332289	0.512	0.209	2.97053046875151e-99	"5"	"SAAL1"
1.09671934752834e-103	0.962662607117618	0.821	0.521	4.01410248388847e-99	"5"	"DKC1"
1.11017490080495e-103	1.0902106388713	0.604	0.276	4.0633511544362e-99	"5"	"NPR3"
1.77884069831138e-103	1.44358183681234	0.309	0.094	6.5107348398895e-99	"5"	"COQ3"
4.42624995406146e-103	1.98029241224327	0.333	0.114	1.62005174568603e-98	"5"	"GPAT2"
4.49608318900211e-103	0.711120096849536	0.944	0.755	1.64561140800666e-98	"5"	"MRPL24"
5.28831183811051e-103	1.07548128848026	0.676	0.339	1.93557501586683e-98	"5"	"WEE1"
7.62579091096311e-103	1.55278689973464	0.26	0.072	2.79111573132161e-98	"5"	"THAP10"
9.0996999316668e-103	1.34527268702416	0.352	0.116	3.33058117198937e-98	"5"	"TDP1"
1.57377315689939e-102	0.609761162108587	0.974	0.887	5.76016713156747e-98	"5"	"TRIM28"
1.58577113808695e-102	0.503924211371515	0.988	0.936	5.80408094251203e-98	"5"	"MEA1"
2.23476266971711e-102	0.545560393638561	0.99	0.94	8.17945484743161e-98	"5"	"CCT7"
2.6685140843091e-102	1.12783031518452	0.547	0.234	9.76702839997972e-98	"5"	"METTL3"
2.92029069160709e-102	0.996352337811395	0.764	0.443	1.06885559603511e-97	"5"	"EXOSC3"
3.38682394831559e-102	1.004273666174	0.74	0.411	1.23961143332299e-97	"5"	"TSR2"
5.2063206883595e-102	0.519049096114311	1	0.993	1.90556543514646e-97	"5"	"CD59"
5.57076407481021e-102	1.07744516963423	0.654	0.324	2.03895535902129e-97	"5"	"NCS1"
5.68151300258496e-102	0.69620479577876	0.956	0.794	2.07949057407612e-97	"5"	"GLO1"
6.19095533282796e-102	1.80764266555871	0.305	0.097	2.26595156136836e-97	"5"	"GPRC5A"
7.26609922658647e-102	1.16690685475867	0.496	0.199	2.65946497792291e-97	"5"	"FBXO45"
7.71972847486029e-102	1.44069429977817	0.31	0.095	2.82549781908361e-97	"5"	"LRRC45"
8.34745893193911e-102	0.715858463797604	0.939	0.745	3.05525344367903e-97	"5"	"HIGD1A"
8.80579198051487e-102	1.07293600877635	0.659	0.333	3.22300792278825e-97	"5"	"AK5"
9.51322399745057e-102	0.714138878526915	0.945	0.768	3.48193511530688e-97	"5"	"GLRX3"
1.84676999245668e-101	1.36681343442932	0.398	0.144	6.7593628493907e-97	"5"	"FJX1"
2.33746215013067e-101	0.98857974420114	0.737	0.394	8.55534521569328e-97	"5"	"ERLIN1"
2.88234333450281e-101	0.530999271369489	0.995	0.941	1.05496648386137e-96	"5"	"SRP9"
3.1886110101428e-101	0.79120446452864	0.899	0.65	1.16706351582237e-96	"5"	"TIMM50"
3.60202257204303e-101	0.691377506192392	0.977	0.887	1.31837628159347e-96	"5"	"LOXL1"
5.02201335495642e-101	0.62592619788846	0.979	0.879	1.8381071080476e-96	"5"	"TCP1"
6.03125126787914e-101	1.41167200839332	0.357	0.121	2.20749827655644e-96	"5"	"SCLY"
8.85559731927236e-101	0.671208379572671	0.962	0.828	3.24123717482688e-96	"5"	"PSMA3"
1.01842719149664e-100	1.0130916395685	0.754	0.421	3.72754536359687e-96	"5"	"IPO9"
1.47483537242387e-100	0.777231724933555	0.964	0.814	5.39804494660859e-96	"5"	"EMP1"
2.45865775629936e-100	1.48462703199665	0.329	0.107	8.9989332538313e-96	"5"	"POLR3G"
4.86781497280395e-100	0.635586147472031	0.967	0.834	1.78166895819597e-95	"5"	"UBE2M"
5.10837567501853e-100	1.14208798368157	0.58	0.264	1.86971658081353e-95	"5"	"HAUS2"
8.75777114982826e-100	1.03791784620252	0.692	0.352	3.20543181854864e-95	"5"	"CPSF3"
9.22989212215402e-100	1.07709141520199	0.619	0.295	3.37823281562959e-95	"5"	"ATP8B1"
9.32228056035569e-100	0.559642308987621	0.979	0.941	3.41204790789579e-95	"5"	"CCT3"
1.12480030355562e-99	1.11691716849699	0.637	0.315	4.11688159104392e-95	"5"	"GRWD1"
1.73797645444452e-99	1.11009380978928	0.605	0.283	6.3611676209124e-95	"5"	"MPHOSPH6"
2.78043636805203e-99	1.31416046814752	0.375	0.131	1.01766751507072e-94	"5"	"MIS12"
1.73733897617271e-98	0.685660125451782	0.941	0.758	6.35883438668974e-94	"5"	"YIF1B"
1.88795192147331e-98	1.46827808591566	0.346	0.117	6.91009282778445e-94	"5"	"MDC1"
2.63977064449807e-98	0.874052009821016	0.896	0.687	9.6618245359274e-94	"5"	"CAV2"
2.73543550741217e-98	0.549700681617011	0.983	0.911	1.00119675006793e-93	"5"	"PSMC5"
4.95268051921019e-98	1.18776235971828	0.463	0.183	1.81273059683612e-93	"5"	"FOXRED1"
5.8539788040475e-98	1.82584401588154	0.658	0.366	2.14261478206943e-93	"5"	"HIST1H1C"
5.99705412418282e-98	1.10879352170084	0.55	0.243	2.19498177999215e-93	"5"	"REEP4"
9.16974075059288e-98	0.533428352828189	0.983	0.925	3.3562168121245e-93	"5"	"EIF6"
1.08115654325073e-97	1.15489619292505	0.583	0.274	3.95714106395201e-93	"5"	"FOXC2"
1.1434658476093e-97	1.1635971495397	0.586	0.277	4.18519934883478e-93	"5"	"CCDC86"
1.29772152950253e-97	1.06232030492316	0.913	0.637	4.7497905701322e-93	"5"	"AKAP12"
1.51257974046161e-97	0.803433526991112	0.905	0.648	5.53619310806356e-93	"5"	"EIF4E"
1.83418633362867e-97	0.596929270676734	0.971	0.892	6.71330539971431e-93	"5"	"NDUFAB1"
1.96837648249991e-97	0.933644051681349	0.78	0.462	7.20445476359793e-93	"5"	"PITHD1"
2.05085355909726e-97	0.805266006468645	0.907	0.672	7.50632911165187e-93	"5"	"NAA50"
5.94630573820947e-97	0.66824390913158	0.953	0.78	2.17640736324205e-92	"5"	"UBA2"
6.44455910440277e-97	0.591821927278975	0.971	0.892	2.35877307780246e-92	"5"	"UQCC2"
9.41939069646639e-97	1.35811776865111	0.285	0.085	3.44759118881366e-92	"5"	"TYRO3"
9.48731247078595e-97	1.18315308108831	0.465	0.185	3.47245123743236e-92	"5"	"CCHCR1"
1.34305667736209e-96	1.02484052589735	0.694	0.365	4.91572174481299e-92	"5"	"C1orf35"
1.7066208784589e-96	1.33531192994735	0.451	0.183	6.24640307724741e-92	"5"	"NUDT8"
2.34895826623022e-96	0.96213349596211	0.741	0.417	8.59742215022923e-92	"5"	"HAUS1"
2.37949921492062e-96	0.504786305631163	0.984	0.921	8.70920507653095e-92	"5"	"MDH1"
2.91996402154066e-96	1.09288163231868	0.554	0.249	1.0687360315241e-91	"5"	"SLFN11"
4.20644410975204e-96	0.553435201284409	0.989	0.908	1.53960060861035e-91	"5"	"ACTR3"
4.43532645222645e-96	0.893703374454158	0.79	0.476	1.6233738347794e-91	"5"	"RPP30"
5.1620880091839e-96	1.35396603870456	0.583	0.287	1.8893758322414e-91	"5"	"P3H2"
6.08372310393711e-96	0.696972930370522	0.931	0.743	2.22670349327202e-91	"5"	"VDAC3"
6.26429032398812e-96	0.608553048068396	0.972	0.867	2.29279290148289e-91	"5"	"KDELR3"
7.18002600593777e-96	0.57811947854564	0.973	0.876	2.62796131843328e-91	"5"	"MRPL14"
2.92819587285544e-95	0.897981948492353	0.935	0.738	1.07174897142382e-90	"5"	"FLNC"
3.03172256668064e-95	0.622328606597745	0.969	0.834	1.10964077663078e-90	"5"	"MRPS16"
3.87416232719215e-95	0.916420699846639	0.787	0.477	1.4179821533756e-90	"5"	"CYB5B"
6.4033273349784e-95	1.19513515159231	0.445	0.175	2.34368183787545e-90	"5"	"GLA"
7.57112891169636e-95	0.655310024013	0.973	0.847	2.77110889296999e-90	"5"	"SNRNP70"
9.52049702520287e-95	1.1561392379773	0.726	0.425	3.4845971161945e-90	"5"	"RGMB"
1.53971577391227e-94	1.42573267190629	0.326	0.109	5.63551370409629e-90	"5"	"WNT5B"
1.77954925057505e-94	0.947622181860967	0.686	0.36	6.51332821202973e-90	"5"	"NUDCD1"
1.89671123232981e-94	0.822833610122285	0.879	0.626	6.94215278145035e-90	"5"	"SF3A3"
2.28894988272468e-94	0.968186906106225	0.639	0.298	8.3777854657606e-90	"5"	"ORC3"
3.87430301863969e-94	0.727057844578317	0.937	0.777	1.41803364785231e-89	"5"	"HNRNPH3"
4.34874411037882e-94	0.745192637445707	0.918	0.698	1.59168383183975e-89	"5"	"TRAPPC4"
5.27521608996239e-94	0.837493331179997	0.959	0.811	1.93078184108713e-89	"5"	"PLEC"
5.54314707978602e-94	1.11775274585688	0.498	0.208	2.02884726267248e-89	"5"	"DCAF15"
5.91750242630344e-94	0.931341992046557	0.764	0.444	2.16586506305132e-89	"5"	"QDPR"
1.19737848696275e-93	0.573101777881251	0.987	0.928	4.38252500013236e-89	"5"	"VCP"
1.55477092547354e-93	1.09128092857914	0.58	0.27	5.6906170643257e-89	"5"	"PRPS2"
1.84434168076616e-93	0.69928359365732	0.941	0.792	6.75047498577222e-89	"5"	"RBBP4"
2.24721908487201e-93	0.695304554117209	0.951	0.735	8.22504657254004e-89	"5"	"PDLIM5"
3.43556153287114e-93	0.83952208545446	0.863	0.595	1.25744987664616e-88	"5"	"TMEM109"
3.73923715719969e-93	1.04057993216844	0.613	0.3	1.36859819190666e-88	"5"	"WDR5"
4.50787843220723e-93	0.893703650389023	0.774	0.441	1.64992858497217e-88	"5"	"WBP11"
7.11499192983567e-93	0.7659727916719	0.898	0.658	2.60415819623915e-88	"5"	"LSM6"
9.94189550281978e-93	1.63726567078964	0.43	0.18	3.63883317298707e-88	"5"	"HIST2H2AC"
1.30289263582134e-92	0.825988177413526	0.893	0.644	4.76871733636967e-88	"5"	"SRSF1"
1.64938802612612e-92	0.746114394987147	0.898	0.653	6.03692511442421e-88	"5"	"C11orf98"
1.88803916029962e-92	0.896935868330104	0.822	0.507	6.91041213061263e-88	"5"	"ANAPC15"
2.44529659385351e-92	1.01895019587443	0.542	0.239	8.95003006316322e-88	"5"	"EED"
2.606240727615e-92	2.30851848004295	0.771	0.534	9.53910168714367e-88	"5"	"HIST1H1E"
2.84283112405866e-92	0.990843341447102	0.781	0.482	1.04050461971671e-87	"5"	"MAP2K3"
6.43155284627647e-92	1.10501941346771	0.493	0.21	2.35401265726565e-87	"5"	"MPV17L2"
1.4201642626268e-91	0.911711563720193	0.773	0.45	5.19794321764034e-87	"5"	"SPTLC2"
2.03170083307134e-91	0.866252988554234	0.867	0.599	7.43622821912441e-87	"5"	"DHX9"
2.39845618651318e-91	0.653294597376534	0.971	0.781	8.77858948825689e-87	"5"	"TPGS2"
2.46311906014912e-91	1.52378366154108	0.258	0.076	9.01526207205179e-87	"5"	"LRRC8C"
5.63120947997827e-91	0.994337651254527	0.656	0.334	2.06107898176685e-86	"5"	"PRADC1"
5.80333512319927e-91	0.789276933343795	0.888	0.637	2.12407868844216e-86	"5"	"FARSA"
6.99025523121523e-91	1.49039877152649	0.374	0.141	2.55850331717709e-86	"5"	"TAFA5"
9.07195657018475e-91	0.726511469804712	0.907	0.671	3.32042682425332e-86	"5"	"RFC1"
9.82384518651448e-91	0.617159095930922	0.992	0.942	3.59562557671617e-86	"5"	"CLDN11"
1.02537170113097e-90	0.824604014970726	0.86	0.605	3.75296296330946e-86	"5"	"MAD2L2"
1.18869455344712e-90	1.04673004428847	0.575	0.271	4.3507409350718e-86	"5"	"NFATC2IP"
1.49382152375151e-90	0.961277510084882	0.687	0.354	5.46753615908289e-86	"5"	"PIGX"
1.72609305746523e-90	0.594243380057299	0.967	0.876	6.31767319962847e-86	"5"	"ARPC4"
1.98596886848826e-90	1.11881497859612	0.458	0.187	7.26884465555388e-86	"5"	"TUBGCP3"
2.20162248533149e-90	1.45851795337722	0.391	0.152	8.05815845856178e-86	"5"	"C5orf30"
2.98933865562302e-90	0.859315852275081	0.854	0.576	1.09412784134458e-85	"5"	"XPO1"
3.00032194904922e-90	1.08855946257536	0.536	0.242	1.0981478365715e-85	"5"	"CAD"
3.37747915927066e-90	0.869175167957396	0.843	0.571	1.23619114708465e-85	"5"	"SMARCA4"
5.13464503281637e-90	1.26502488722033	0.381	0.141	1.87933142846112e-85	"5"	"TOP3A"
7.8910503521187e-90	0.66818758197808	0.925	0.708	2.88820333937897e-85	"5"	"APMAP"
8.96170505604456e-90	0.649547770456122	0.961	0.784	3.28007366756287e-85	"5"	"MYO1C"
9.57412391016772e-90	0.805043302806685	0.906	0.692	3.50422509236049e-85	"5"	"BCCIP"
1.03459595063325e-89	1.79948768622505	0.259	0.079	3.78672463891277e-85	"5"	"ITGA3"
1.21602322995389e-89	0.751153188838351	0.91	0.678	4.45076662395425e-85	"5"	"ELAVL1"
1.35597361780466e-89	1.49649293984884	0.278	0.087	4.96299903852682e-85	"5"	"PIGW"
1.4045548610723e-89	0.630514458741057	0.956	0.804	5.14081124701073e-85	"5"	"VPS29"
1.50440899644974e-89	0.641791025353769	0.946	0.781	5.5062873679057e-85	"5"	"CDC123"
1.85287547266068e-89	0.775592832665059	0.875	0.631	6.78170951748535e-85	"5"	"FAM136A"
2.41089318932612e-89	1.53885475843274	0.726	0.472	8.82411016225254e-85	"5"	"KRT19"
2.55083571153278e-89	1.20497412989109	0.461	0.194	9.33631378778114e-85	"5"	"PYCR3"
3.3983372125699e-89	0.804559671440947	0.864	0.592	1.24382540317271e-84	"5"	"U2AF2"
4.11360131509215e-89	0.912132889051868	0.731	0.414	1.50561921733688e-84	"5"	"ENOPH1"
7.11363730216856e-89	0.893686083937602	0.765	0.439	2.60366238896671e-84	"5"	"CMSS1"
1.11519963305699e-88	0.678843968508531	0.933	0.767	4.0817421769519e-84	"5"	"PIN1"
1.26265298535904e-88	0.911639168293592	0.721	0.389	4.62143619171264e-84	"5"	"RAD1"
2.00493418482898e-88	0.812228419766456	0.863	0.599	7.33825960989257e-84	"5"	"PSME3"
2.99190008680553e-88	0.950204085689844	0.733	0.409	1.09506535077169e-83	"5"	"PAK1"
5.38325807584128e-88	0.669783014003761	0.96	0.835	1.97032628833867e-83	"5"	"MRPS6"
5.7213845464961e-88	1.06612030933178	0.776	0.498	2.09408395786304e-83	"5"	"PSG5"
7.60592048911447e-88	0.564975182097678	0.972	0.87	2.78384295822079e-83	"5"	"ADRM1"
1.50017396473936e-87	0.855275774204615	0.847	0.546	5.49078672834253e-83	"5"	"TSR1"
3.32708763947881e-87	0.735295741167665	0.905	0.687	1.21774734692564e-82	"5"	"IMMT"
5.6909161618546e-87	1.0817999546388	0.526	0.236	2.0829322244004e-82	"5"	"GPATCH11"
6.68297959507963e-87	0.679633544080052	0.926	0.74	2.4460373615951e-82	"5"	"CISD3"
8.5670895106852e-87	0.786233134480634	0.84	0.531	3.13564043180589e-82	"5"	"PSMG3"
1.06550006329517e-86	1.13223852498274	0.437	0.176	3.89983678166667e-82	"5"	"PPIL1"
1.16617331551856e-86	1.1146097365205	0.549	0.262	4.2683109521295e-82	"5"	"ARHGAP22"
1.20385265617662e-86	1.11040145938726	0.498	0.218	4.40622110687206e-82	"5"	"NOM1"
1.77836809984101e-86	1.44297770712354	0.277	0.088	6.50900508222809e-82	"5"	"NDOR1"
1.78767069245984e-86	1.49398874877546	0.756	0.488	6.54305350147228e-82	"5"	"FST"
1.90060610339728e-86	0.641261843270282	0.944	0.786	6.9564083990444e-82	"5"	"FKBP3"
1.91083967967991e-86	0.777650756431012	0.853	0.589	6.99386431159645e-82	"5"	"GTPBP4"
2.81866546620519e-86	1.12881255898373	0.431	0.173	1.03165974728576e-81	"5"	"ATP6V0E2"
2.98577605435191e-86	1.23651251136751	0.397	0.154	1.09282389365334e-81	"5"	"PRR34-AS1"
3.06799001546133e-86	1.03723767008745	0.485	0.209	1.122915025559e-81	"5"	"PTGER2"
3.60998857736842e-86	0.9022489786479	0.771	0.473	1.32129191920262e-81	"5"	"EMG1"
4.14783152669411e-86	0.60905244310803	0.953	0.796	1.51814781708531e-81	"5"	"MRPL18"
4.31297836529411e-86	0.947572388432453	0.664	0.342	1.5785932114813e-81	"5"	"TPMT"
4.57395147735001e-86	0.813226292850308	0.823	0.549	1.67411198022488e-81	"5"	"TCERG1"
8.72739401673575e-86	1.6561663743625	0.263	0.083	3.19431348406545e-81	"5"	"MT1A"
1.20538974723962e-85	0.809445375168495	0.84	0.564	4.41184701387174e-81	"5"	"BTG3"
1.3429459658102e-85	0.766653930991674	0.875	0.611	4.91531652946192e-81	"5"	"PYCR2"
1.62675614374959e-85	0.947259013059296	0.593	0.281	5.95409016173789e-81	"5"	"SMPD4"
1.79561117913618e-85	0.933981084020671	0.601	0.281	6.57211647675633e-81	"5"	"FBXO4"
1.83505963461065e-85	1.38385262802516	0.275	0.087	6.71650176863843e-81	"5"	"ZNF718"
2.01086513964572e-85	0.853703417022541	0.797	0.504	7.35996749761729e-81	"5"	"SFXN1"
2.19041941197238e-85	0.63586809447049	0.944	0.784	8.0171540897601e-81	"5"	"RBM25"
2.51810589201931e-85	0.778234987324605	0.924	0.731	9.21651937537988e-81	"5"	"PAPSS2"
2.52879016662109e-85	0.966695844557583	0.718	0.408	9.25562488884983e-81	"5"	"WDR77"
2.9174351951806e-85	0.999158863350037	0.586	0.282	1.06781045578805e-80	"5"	"NEDD1"
3.65268774311924e-85	1.23698075408287	0.328	0.114	1.33692024085907e-80	"5"	"TRAF2"
3.7219384681572e-85	0.599696392940786	0.971	0.845	1.36226669873022e-80	"5"	"MIR4435-2HG"
4.44538961279805e-85	1.00968115538284	0.528	0.237	1.62705705218021e-80	"5"	"OBI1"
4.47061682442627e-85	0.792144640237455	0.844	0.545	1.63629046390826e-80	"5"	"POP5"
6.0910701108704e-85	0.589011980456121	0.974	0.841	2.22939257127968e-80	"5"	"NUCKS1"
6.13940495493069e-85	0.77451659210423	0.892	0.628	2.24708360755418e-80	"5"	"HACD3"
6.43179653451298e-85	0.873874453605784	0.786	0.481	2.3541018495971e-80	"5"	"GART"
1.83653081457661e-84	0.681551460616125	0.999	0.964	6.72188643443186e-80	"5"	"TIMP3"
2.55829030323451e-84	0.898046514044696	0.797	0.506	9.36359833886862e-80	"5"	"ARHGAP29"
3.30654090402195e-84	0.602839958434807	0.954	0.819	1.21022703628107e-79	"5"	"BCLAF1"
3.59955056256907e-84	0.675104312204857	0.923	0.723	1.31747150140591e-79	"5"	"TIMM23"
5.74579871967281e-84	0.960279409112315	0.649	0.343	2.10301978938745e-79	"5"	"NAA15"
6.19885480145497e-84	0.514826753875612	0.984	0.902	2.26884284588053e-79	"5"	"NDUFA12"
6.95743833101516e-84	0.970042525586559	0.666	0.352	2.54649200353486e-79	"5"	"RAD51C"
1.11402943108321e-83	0.531881835925412	0.978	0.898	4.07745912070764e-79	"5"	"PSMB2"
1.20407186516609e-83	1.28843734345727	0.323	0.114	4.4070234336944e-79	"5"	"SFXN5"
1.51553808457372e-83	0.864216986464532	0.858	0.585	5.54702094334828e-79	"5"	"SDC4"
3.83883485012876e-83	1.04998449284239	0.517	0.236	1.40505194349563e-78	"5"	"EHD4"
3.8587487231562e-83	0.984253770763622	0.531	0.24	1.4123406201624e-78	"5"	"LRWD1"
4.33566541506414e-83	0.580477637069899	1	0.992	1.58689689856763e-78	"5"	"HSPA5"
4.47308398975189e-83	0.901940081136503	0.806	0.513	1.63719347108909e-78	"5"	"PCOLCE2"
6.02909044651125e-83	1.1991135373788	0.372	0.141	2.20670739432758e-78	"5"	"NAV2"
7.35724048965746e-83	0.859575700390854	0.761	0.456	2.69282359161953e-78	"5"	"CHAMP1"
7.73144741020592e-83	0.996549201446465	0.59	0.288	2.82978706660947e-78	"5"	"COQ2"
8.52915637156947e-83	0.77567874945934	0.853	0.563	3.12175652355814e-78	"5"	"RAB8A"
1.01303958820724e-82	0.864125245151789	0.82	0.54	3.70782619679733e-78	"5"	"STARD7"
1.05166091937699e-82	0.984641527006557	0.615	0.31	3.84918413101171e-78	"5"	"SAMD1"
1.06544465884194e-82	0.993233828265438	0.585	0.285	3.89963399582739e-78	"5"	"TEAD4"
1.34414445713329e-82	0.664266078519515	0.937	0.747	4.91970312755357e-78	"5"	"ERGIC1"
1.67186512382304e-82	0.720581212901198	0.87	0.617	6.11919353970471e-78	"5"	"PTS"
2.20017777873079e-82	0.561680011910779	0.965	0.832	8.05287068793255e-78	"5"	"PUF60"
2.36523417961619e-82	0.848966637069431	0.834	0.559	8.65699362081321e-78	"5"	"NOC2L"
2.61648558853898e-82	0.743735275420534	0.879	0.62	9.57659890261153e-78	"5"	"MKKS"
3.03323861124554e-82	0.7456840179435	0.868	0.603	1.11019566410198e-77	"5"	"NAE1"
3.28019927253271e-82	1.20115052319115	0.382	0.148	1.2005857357397e-77	"5"	"CEP295"
3.37347265785488e-82	0.947594130038172	0.69	0.386	1.23472472750147e-77	"5"	"CDKN2AIPNL"
3.82144866042927e-82	0.864454417216524	0.739	0.431	1.39868842420372e-77	"5"	"DCPS"
5.06181066245042e-82	0.865602181253586	0.837	0.58	1.85267332056348e-77	"5"	"SH2D4A"
5.78278766646662e-82	0.840507000039807	0.799	0.515	2.11655811380345e-77	"5"	"RNF126"
7.25206045709365e-82	1.11882811194276	0.355	0.131	2.65432664790085e-77	"5"	"NCEH1"
9.01478802307009e-82	1.30804362829793	0.278	0.09	3.29950256432388e-77	"5"	"LIN52"
9.14516794801644e-82	1.00343370800281	0.581	0.286	3.3472229206535e-77	"5"	"SSX2IP"
1.1302983048812e-81	0.738446328965502	0.87	0.598	4.13700482569569e-77	"5"	"DERA"
1.7902331730605e-81	0.965784544984961	0.587	0.287	6.55243243671875e-77	"5"	"PCNT"
2.23586512753151e-81	1.0094399052815	0.553	0.262	8.18348995327808e-77	"5"	"TTL"
2.32781624121428e-81	0.917212079489847	0.72	0.399	8.52004022446837e-77	"5"	"UHMK1"
3.83806254462445e-81	0.669134858902623	0.902	0.716	1.40476927195799e-76	"5"	"CISD2"
4.25383509221635e-81	1.03535803569212	0.563	0.271	1.55694618210211e-76	"5"	"RRS1"
4.66250628148723e-81	1.15366595848813	0.393	0.155	1.70652392408714e-76	"5"	"QTRT2"
4.72068286755719e-81	1.10683578106759	0.482	0.213	1.72781713635461e-76	"5"	"TTLL12"
6.09450475901438e-81	0.767533583436678	0.85	0.575	2.23064968684685e-76	"5"	"RNASEH1"
7.0633905768586e-81	0.962743041628777	0.638	0.339	2.58527158503602e-76	"5"	"ARSJ"
8.02593829637869e-81	0.560695190071092	0.972	0.863	2.93757367585756e-76	"5"	"MRPL57"
1.72268448161645e-80	0.751196538494239	0.862	0.606	6.30519747116436e-76	"5"	"DHX15"
2.6089200421437e-80	0.68672146905297	0.909	0.69	9.54890824625015e-76	"5"	"CEBPZ"
2.70345577872883e-80	0.861690580957577	0.707	0.395	9.89491849572537e-76	"5"	"POLR2D"
2.90554261082674e-80	0.99502402952946	0.499	0.222	1.0634576509887e-75	"5"	"AGPAT5"
3.28796931133244e-80	0.792036664245061	0.803	0.492	1.20342964764079e-75	"5"	"GLOD4"
3.85756558468908e-80	0.72851576412965	0.871	0.633	1.41190757965205e-75	"5"	"ERGIC2"
4.27465768086817e-80	0.598751548439519	0.943	0.811	1.56456745777456e-75	"5"	"PSMD13"
6.08727217970025e-80	0.787976232929426	0.813	0.538	2.22800249049209e-75	"5"	"PPP5C"
6.97499822748489e-80	0.518524171379041	0.984	0.906	2.55291910124175e-75	"5"	"ANXA6"
7.10491615353486e-80	0.838770815772654	0.79	0.481	2.60047036135529e-75	"5"	"HLTF"
1.57584972530058e-79	0.66340369300897	0.956	0.816	5.76776757957266e-75	"5"	"RAD21"
1.59111821338703e-79	0.647089088595669	0.939	0.762	5.82365177281786e-75	"5"	"MRPL13"
2.95600746566202e-79	0.882714560847931	0.659	0.351	1.08192829250696e-74	"5"	"INF2"
4.98348809000817e-79	0.770230932031753	0.795	0.478	1.82400647582389e-74	"5"	"DDAH1"
1.77293168278029e-78	0.844025496200562	0.796	0.517	6.48910725214414e-74	"5"	"MPDU1"
1.94853840746902e-78	0.938496563048975	0.702	0.406	7.13184542517736e-74	"5"	"SMAGP"
2.43452441202279e-78	0.716930034591315	0.883	0.642	8.91060280044462e-74	"5"	"RRP36"
2.47632204936629e-78	1.14343347975094	0.346	0.129	9.06358633288556e-74	"5"	"PRXL2B"
2.49784102006929e-78	0.731283612330079	0.908	0.674	9.14234791755562e-74	"5"	"AXL"
3.52558392888724e-78	0.973551378349013	0.557	0.272	1.29039897381202e-73	"5"	"HMCES"
4.17334125118027e-78	0.898542702366361	0.766	0.468	1.52748463134449e-73	"5"	"SACS"
5.12699548719655e-78	0.771527112246953	0.874	0.642	1.87653161826881e-73	"5"	"ALCAM"
1.19198119792423e-77	0.628700624502851	0.936	0.788	4.36277038252246e-73	"5"	"PSMD12"
1.36188631112286e-77	0.849652223136916	0.86	0.635	4.98464008734078e-73	"5"	"RRAS2"
1.37470953295699e-77	1.31558118084654	0.42	0.181	5.03157436157589e-73	"5"	"TBX2"
1.42016489482452e-77	0.773741221575986	0.82	0.544	5.19794553154723e-73	"5"	"USP10"
1.64433161149013e-77	1.07254019874118	0.484	0.219	6.01841813121504e-73	"5"	"SLF2"
2.71044476994979e-77	1.15715256166594	0.366	0.143	9.92049890249323e-73	"5"	"ABCB10"
2.88904158344388e-77	0.82675695787312	0.745	0.444	1.05741810995629e-72	"5"	"C1orf174"
3.19313789125046e-77	0.583450780925882	0.955	0.826	1.16872039957658e-72	"5"	"GTF3C6"
4.1809113707135e-77	1.08983766387577	0.562	0.283	1.53025537079485e-72	"5"	"TMEM158"
6.96666419248828e-77	0.653058466670886	0.922	0.705	2.54986876109263e-72	"5"	"KIF2A"
1.04237046251539e-76	0.741859205296457	0.879	0.628	3.81518012985259e-72	"5"	"SF3B3"
1.09746076572936e-76	0.954125667742882	0.466	0.203	4.01681614864604e-72	"5"	"NPAT"
1.13713379199979e-76	0.760034126646678	0.847	0.59	4.16202339209844e-72	"5"	"SLC25A11"
1.52382703993464e-76	0.892986163748712	0.645	0.336	5.57735934886477e-72	"5"	"KHSRP"
1.66453862225453e-76	0.920373607033184	0.672	0.37	6.09237781131379e-72	"5"	"RRP15"
1.98049423433297e-76	0.75574136690896	0.821	0.532	7.2488069470821e-72	"5"	"ASL"
2.2628654691453e-76	0.55170672538306	0.974	0.86	8.28231390361872e-72	"5"	"IQGAP1"
2.2966869194291e-76	0.766372420628555	0.846	0.589	8.40610379380246e-72	"5"	"HPF1"
2.91724081038116e-76	0.829469922164216	0.767	0.477	1.06773930900761e-71	"5"	"NCLN"
3.04653831635235e-76	0.673191901004123	0.897	0.685	1.11506348916812e-71	"5"	"BZW2"
4.07446082114088e-76	1.05859203997286	0.414	0.172	1.49129340514577e-71	"5"	"RNGTT"
4.78375554216089e-76	0.749549450754285	0.862	0.627	1.75090236598631e-71	"5"	"MRPL15"
5.32866649105952e-76	0.978296553770174	0.507	0.232	1.95034522239269e-71	"5"	"TMEM107"
5.53254040532124e-76	0.592217742076204	0.94	0.788	2.02496511375163e-71	"5"	"C11orf24"
6.0525573929485e-76	0.656209711944128	0.919	0.731	2.21529653139308e-71	"5"	"PAM16"
6.60206084661439e-76	1.17188304937177	0.338	0.126	2.41642029046933e-71	"5"	"SIPA1L3"
7.8492848890031e-76	0.719502296027246	0.855	0.575	2.87291676222403e-71	"5"	"SMCHD1"
8.80443117878558e-76	0.759606284202283	0.842	0.573	3.22250985574731e-71	"5"	"VBP1"
9.8744534827454e-76	0.872889133785618	0.721	0.413	3.61414871921964e-71	"5"	"NOC3L"
2.14844217427446e-75	1.1893009567741	0.432	0.191	7.86351320206196e-71	"5"	"CD3EAP"
2.45145220958222e-75	0.651829686366429	0.896	0.693	8.97256023229188e-71	"5"	"CHCHD3"
3.30255283240136e-75	1.18097349959804	0.413	0.174	1.20876736218722e-70	"5"	"ITPR3"
3.44540397375318e-75	0.671690180948687	0.917	0.714	1.2610523084334e-70	"5"	"ARF6"
3.89898721808689e-75	0.935429141643511	0.511	0.239	1.42706831169198e-70	"5"	"TRMT6"
3.97155146869018e-75	1.32136250499342	0.297	0.107	1.45362755305529e-70	"5"	"AL662797.1"
7.47514418759537e-75	0.982082296161032	0.479	0.215	2.73597752410178e-70	"5"	"BUD13"
7.57981651689189e-75	0.867511007238303	0.67	0.362	2.7742886433476e-70	"5"	"BRCC3"
1.12324626274574e-74	0.624100215434096	0.923	0.753	4.11119364627567e-70	"5"	"MRPS12"
1.45455164872261e-74	0.50519409151051	0.976	0.865	5.32380448948963e-70	"5"	"SUMO3"
1.52678326107241e-74	1.4436523849077	0.252	0.082	5.58817941385114e-70	"5"	"FAR2"
1.53908015782026e-74	0.835390825478671	0.714	0.411	5.63318728563793e-70	"5"	"UTP4"
2.05262930383381e-74	0.605187365462903	0.935	0.759	7.51282851496211e-70	"5"	"UFD1"
3.6792611697943e-74	0.565411531903556	0.956	0.796	1.34664638075641e-69	"5"	"GTF3A"
8.60442814013038e-74	0.610519927577515	0.941	0.783	3.14930674356912e-69	"5"	"PDXK"
8.98578194765476e-74	0.935379176332172	0.573	0.287	3.28888605066112e-69	"5"	"NOL12"
1.01788198390086e-73	0.619251962233857	0.932	0.77	3.72554984927554e-69	"5"	"DDX21"
1.21020644715414e-73	0.536492313607246	0.964	0.832	4.42947661722885e-69	"5"	"DEGS1"
1.26725715457314e-73	0.70952734396756	0.899	0.674	4.63828791145314e-69	"5"	"ASAP1"
1.52956974246685e-73	0.733511431231185	0.858	0.597	5.5983782144029e-69	"5"	"TACC1"
2.55654681678056e-73	1.01696473944099	0.453	0.198	9.35721700409853e-69	"5"	"PI4K2B"
4.04930808278782e-73	0.742690634015704	0.849	0.572	1.48208725138117e-68	"5"	"AP1M1"
4.88217898902695e-73	0.586789152632139	0.943	0.787	1.78692633177376e-68	"5"	"SLC25A39"
5.51643681900601e-73	1.32267319011677	0.271	0.093	2.01907104012439e-68	"5"	"AGFG2"
7.17574413163625e-73	0.852711019672687	0.659	0.351	2.62639410962018e-68	"5"	"EEF2KMT"
8.12448028958689e-73	0.664102661387453	0.9	0.693	2.9736410307917e-68	"5"	"COX17"
1.01793636449974e-72	0.931272150774356	0.562	0.281	3.7257488877055e-68	"5"	"APOO"
1.69089224723674e-72	0.691812420086141	0.869	0.616	6.18883471411118e-68	"5"	"TMX1"
1.79906331270678e-72	0.882331389354652	0.569	0.283	6.5847516308381e-68	"5"	"NIF3L1"
2.6264051344312e-72	0.734273954101092	0.84	0.589	9.61290543253164e-68	"5"	"GRPEL1"
2.74141592937648e-72	0.852251082130646	0.694	0.403	1.00338564431109e-67	"5"	"NOL11"
4.27618845852148e-72	1.03955588795249	0.377	0.152	1.56512773770345e-67	"5"	"CCP110"
5.75734497687593e-72	0.795542784826024	0.745	0.45	2.10724583498636e-67	"5"	"CENPT"
6.38252966234718e-72	0.521171144037719	0.963	0.832	2.33606968171569e-67	"5"	"MESD"
1.077082187377e-71	0.877991806492764	0.602	0.307	3.94222851401855e-67	"5"	"SEC23B"
1.08322445852464e-71	1.0453406552565	0.362	0.143	3.96470984064603e-67	"5"	"TTI1"
1.09766829710889e-71	0.691028151845531	0.903	0.701	4.01757573424824e-67	"5"	"DNAJB11"
1.11631745228754e-71	0.733379472579736	0.804	0.525	4.08583350711763e-67	"5"	"PRPF19"
1.33672413451642e-71	0.981336621059303	0.44	0.193	4.89254400474354e-67	"5"	"TUBGCP5"
1.76346107581663e-71	0.95465833235843	0.563	0.286	6.45444388359643e-67	"5"	"MSTO1"
2.0967559054848e-71	0.908273008219663	0.626	0.339	7.67433628966493e-67	"5"	"CRYBG1"
2.56693194622568e-71	0.942078788223643	0.465	0.211	9.39522761638062e-67	"5"	"USP13"
2.61616620286358e-71	0.537126468990119	0.954	0.798	9.57542991910098e-67	"5"	"ARL3"
3.03368545668336e-71	0.92575939266032	0.564	0.283	1.11035921400068e-66	"5"	"MTERF3"
3.10749720890619e-71	0.853289632319679	0.741	0.446	1.13737505343176e-66	"5"	"POFUT1"
3.10882730040456e-71	1.22573421830467	0.344	0.137	1.13786188022107e-66	"5"	"DUSP5"
4.04874672849339e-71	0.818328708003021	0.685	0.382	1.48188179009587e-66	"5"	"RBFA"
4.44877990639253e-71	1.37115410800096	0.375	0.16	1.62829793353873e-66	"5"	"STXBP6"
4.85437022729561e-71	0.956377612773965	0.533	0.258	1.77674804689247e-66	"5"	"GXYLT1"
4.90489903716081e-71	0.881018695645178	0.629	0.331	1.79524209659123e-66	"5"	"AP1B1"
5.24901882514363e-71	0.791183301014281	0.737	0.438	1.92119338019082e-66	"5"	"MRPL39"
1.03582802266563e-70	0.773548770101514	0.795	0.515	3.79123414575847e-66	"5"	"RUVBL1"
1.3304745277012e-70	0.853973532709686	0.587	0.297	4.86966981883917e-66	"5"	"SSH2"
1.33478113561235e-70	1.02138305531605	0.418	0.179	4.88543243445477e-66	"5"	"DDX20"
3.03976743603037e-70	0.920733074278667	0.556	0.276	1.11258527926148e-65	"5"	"SEPHS1"
3.62983459030179e-70	0.835272119607842	0.731	0.451	1.32855575839636e-65	"5"	"SLC7A1"
3.70543966651296e-70	0.877017584871819	0.698	0.415	1.35622797234041e-65	"5"	"KITLG"
3.72022235729424e-70	0.881998856414418	0.532	0.256	1.36163858499327e-65	"5"	"SCML1"
4.04303519203393e-70	0.860610073868942	0.491	0.221	1.47979131063634e-65	"5"	"SMIM13"
5.47095012189329e-70	0.582732947730711	0.926	0.714	2.00242245411416e-65	"5"	"ATG3"
6.07504039535067e-70	0.772006647996375	0.646	0.336	2.2235255351023e-65	"5"	"ETV5"
6.22524780868751e-70	0.803557584015692	0.774	0.51	2.27850295045772e-65	"5"	"FKBP4"
6.45923822013272e-70	0.929906748536609	0.51	0.242	2.36414578095078e-65	"5"	"CSTF3"
6.69011737642355e-70	0.672247219975125	0.882	0.648	2.44864986094478e-65	"5"	"PAXX"
7.19046281230615e-70	1.31346608163001	0.257	0.087	2.63178129393218e-65	"5"	"RTEL1"
7.77492438161795e-70	0.571487559256055	0.957	0.816	2.84570007291599e-65	"5"	"EIF3B"
1.07797941319635e-69	0.669105586522193	0.864	0.579	3.94551245023995e-65	"5"	"ACOT9"
1.16307533660722e-69	0.88518482879306	0.717	0.441	4.25697203951607e-65	"5"	"NIN"
2.61525918173108e-69	0.925437758540093	0.492	0.228	9.57211013105393e-65	"5"	"PRIMPOL"
2.71608596118624e-69	0.709251788037251	0.832	0.582	9.94114622653775e-65	"5"	"DDX56"
2.95809452502844e-69	0.60999627765385	0.939	0.769	1.08269217710566e-64	"5"	"RPL26L1"
3.08434989190552e-69	0.812810129225072	0.699	0.406	1.12890290393634e-64	"5"	"EFTUD2"
3.34353431583101e-69	0.543096546653927	0.98	0.888	1.22376699493731e-64	"5"	"IPO5"
3.57213915518412e-69	0.859370588947879	0.703	0.415	1.30743865218894e-64	"5"	"NIP7"
3.6163100073405e-69	0.745666865341039	0.799	0.507	1.32360562578669e-64	"5"	"MAPRE1"
3.77210500852986e-69	0.765951548092754	0.79	0.502	1.38062815417201e-64	"5"	"OSTF1"
4.92209632001343e-69	0.633665051965506	0.89	0.667	1.80153647408812e-64	"5"	"FTSJ1"
4.92271770658495e-69	0.658775526030591	0.891	0.645	1.80176390778716e-64	"5"	"SPTSSA"
5.8763706748376e-69	0.742811867012801	0.775	0.487	2.15081043069731e-64	"5"	"VKORC1L1"
8.37204933735437e-69	0.799489869753227	0.744	0.459	3.06425377796507e-64	"5"	"RUSC1"
9.85085862616897e-69	0.842408658089863	0.675	0.376	3.6055127657641e-64	"5"	"PTRH1"
1.06644195496817e-68	0.796349399315435	0.711	0.409	3.90328419937901e-64	"5"	"ERCC2"
1.44746115718439e-68	0.818118781904606	0.703	0.41	5.29785258141057e-64	"5"	"UTP18"
1.97193111212662e-68	1.16142640522122	0.266	0.092	7.21746506349466e-64	"5"	"PAXIP1"
2.21976836232795e-68	1.08252730257102	0.84	0.638	8.12457418295654e-64	"5"	"CRIP1"
2.23746297631784e-68	0.822286250551207	0.661	0.366	8.18933823962092e-64	"5"	"GEMIN6"
2.29512885238256e-68	0.70686887512079	0.842	0.575	8.40040111260542e-64	"5"	"INO80E"
3.46179492538514e-68	0.855925710399166	0.648	0.355	1.26705156064022e-63	"5"	"MBD3"
3.72744768589956e-68	0.833652043791379	0.592	0.302	1.3642831275161e-63	"5"	"SRFBP1"
4.95364626078704e-68	1.26234015003698	0.285	0.106	1.81308406791066e-63	"5"	"AC125611.3"
5.01326924035709e-68	0.764284854250972	0.741	0.446	1.8349066746631e-63	"5"	"GTF2H3"
7.22701221415276e-68	0.694876593972702	0.876	0.656	2.64515874050205e-63	"5"	"IMP4"
7.26718676536252e-68	0.587671146764387	0.933	0.744	2.65986302799034e-63	"5"	"DBNL"
1.21892546477528e-67	0.677699157446111	0.87	0.645	4.46138909362401e-63	"5"	"MRPS11"
1.52440982836862e-67	0.770850551121774	0.671	0.365	5.57949241281197e-63	"5"	"XRCC1"
1.5356171028706e-67	1.00345555531416	0.438	0.201	5.62051215821668e-63	"5"	"NUP88"
1.8961340351945e-67	0.796550050950347	0.733	0.453	6.94004018221539e-63	"5"	"GOT2"
1.91205806183289e-67	0.848894583942983	0.683	0.393	6.99832371211454e-63	"5"	"SAP30"
2.30097254155465e-67	0.527093565208255	0.97	0.832	8.42178959934419e-63	"5"	"MYADM"
2.31735660054513e-67	0.742936009861974	0.715	0.418	8.48175689365523e-63	"5"	"OGFOD1"
3.56600680389067e-67	0.897064892003405	0.556	0.282	1.30519415029202e-62	"5"	"TCHP"
3.6499605037383e-67	0.807375446916597	0.67	0.376	1.33592204397325e-62	"5"	"MLH1"
3.98878385811077e-67	0.593137097350166	0.94	0.779	1.45993477990712e-62	"5"	"HSPA4"
4.16262609684609e-67	0.500606979171334	0.963	0.861	1.52356277770664e-62	"5"	"MRPL3"
6.01104290924889e-67	0.832494014164088	0.595	0.312	2.20010181521419e-62	"5"	"LAS1L"
7.90719194991914e-67	0.658402675730274	0.853	0.581	2.8941113255899e-62	"5"	"GNB4"
1.29754477324578e-66	0.720449409850235	0.74	0.44	4.74914362455688e-62	"5"	"NUP58"
1.30464603902129e-66	0.815346230389669	0.727	0.447	4.77513496742181e-62	"5"	"POLR1E"
1.43688016905066e-66	1.01653740643249	0.352	0.143	5.2591251067423e-62	"5"	"TJP2"
1.44319988032897e-66	0.66444302379738	0.855	0.605	5.28225588199206e-62	"5"	"PDHA1"
1.47965750249874e-66	1.11038582085247	0.281	0.101	5.41569442489565e-62	"5"	"XYLB"
1.52681475389013e-66	0.876165084454531	0.639	0.361	5.58829468071327e-62	"5"	"SH3RF1"
1.63657079488336e-66	0.916953107917805	0.551	0.28	5.99001276635258e-62	"5"	"PLCB3"
3.83512475688768e-66	0.592318366534325	0.931	0.727	1.40369401226846e-61	"5"	"EXT1"
5.05972006670242e-66	0.780588328132282	0.791	0.527	1.85190814161375e-61	"5"	"MBOAT2"
5.88931075610648e-66	0.615788871190188	0.905	0.679	2.15554662984253e-61	"5"	"AKT1"
6.21552441846786e-66	0.969692239687684	0.415	0.182	2.27494409240342e-61	"5"	"RAD51D"
6.21939870516502e-66	0.738411065296533	0.769	0.492	2.27636212007745e-61	"5"	"PXMP2"
6.82397917579411e-66	0.846203928081892	0.551	0.274	2.4976446181324e-61	"5"	"TBC1D1"
6.95078569486805e-66	1.00746367161595	0.38	0.16	2.54405707217865e-61	"5"	"SELENOI"
8.20313439545464e-66	0.858922941757142	0.572	0.297	3.00242922008035e-61	"5"	"GCNT1"
8.74108283851207e-66	0.642286125967538	0.873	0.617	3.1993237297238e-61	"5"	"HTATSF1"
9.01594418433438e-66	0.998360339793051	0.422	0.188	3.29992573090823e-61	"5"	"DHX33"
1.22588222628392e-65	1.03249267250616	0.353	0.143	4.48685153642178e-61	"5"	"SLC25A40"
1.29019343844426e-65	0.963623568446739	0.347	0.142	4.72223700404982e-61	"5"	"RDH5"
1.34591535644106e-65	1.22141020664402	0.328	0.133	4.92618479610994e-61	"5"	"CDA"
1.51823413549258e-65	0.633806663659134	0.911	0.719	5.55688875931638e-61	"5"	"HRAS"
1.54051328378316e-65	0.512966759754386	0.95	0.812	5.63843266997473e-61	"5"	"RAB5IF"
1.73243398645544e-65	0.89065938920827	0.574	0.301	6.34088163382556e-61	"5"	"PAK1IP1"
2.29607769881425e-65	0.992052561337338	0.405	0.177	8.40387398543003e-61	"5"	"ZW10"
2.54694871301543e-65	0.626474524267969	0.9	0.688	9.32208698450778e-61	"5"	"MAP3K20"
2.90514248971184e-65	0.836865853190501	0.671	0.392	1.06331120265943e-60	"5"	"MYBBP1A"
3.63332585119909e-65	0.640795776131006	0.873	0.651	1.32983359479738e-60	"5"	"PHF5A"
4.12397999235991e-65	0.526825385148554	1	0.999	1.50941791700365e-60	"5"	"S100A10"
4.20933405994167e-65	0.508778207009595	0.985	0.91	1.54065835927925e-60	"5"	"MYO1B"
4.98997961085591e-65	1.10098681027857	0.47	0.232	1.82638243736937e-60	"5"	"NCAPD2"
6.07888859003716e-65	1.03445620729574	0.45	0.213	2.2249340128395e-60	"5"	"PRSS3"
6.54937142269593e-65	0.774781958288519	0.728	0.442	2.39713543442094e-60	"5"	"VARS"
6.95576046223086e-65	0.71044095945542	0.795	0.534	2.54587788678112e-60	"5"	"GNL2"
8.38881298325515e-65	0.796049048558547	0.67	0.383	3.07038944000122e-60	"5"	"RPS6KA4"
1.0367701949108e-64	0.850586311191274	0.502	0.242	3.79468259039303e-60	"5"	"NUP160"
1.07109616271399e-64	0.507718898993888	0.964	0.866	3.92031906514946e-60	"5"	"ATP6V0B"
1.19209457020854e-64	0.971848997088406	0.36	0.148	4.36318533642029e-60	"5"	"TMEM131L"
1.24359025910476e-64	0.82271148619744	0.63	0.355	4.55166470734932e-60	"5"	"DNAJA3"
1.30267275608294e-64	1.03480185730812	0.325	0.129	4.76791255453915e-60	"5"	"DARS2"
2.0287976983907e-64	0.639469239261575	0.933	0.784	7.42560245587978e-60	"5"	"TAF15"
2.2746964953494e-64	0.511816954636153	0.968	0.885	8.32561664262833e-60	"5"	"PSMB7"
2.41645195402062e-64	1.23336382046418	0.266	0.097	8.84445579691089e-60	"5"	"RCAN3"
5.29067031030234e-64	0.78973792207673	0.678	0.387	1.93643824027376e-59	"5"	"STK39"
7.50369039767959e-64	0.775318368744571	0.767	0.513	2.74642572245471e-59	"5"	"SNRNP25"
7.73199707261426e-64	1.02701072656321	0.313	0.121	2.82998824854755e-59	"5"	"SFR1"
7.7879311189353e-64	1.21251245028917	0.257	0.091	2.85046066884151e-59	"5"	"SLC25A15"
8.24052632683494e-64	0.852234475996551	0.729	0.446	3.01611504088486e-59	"5"	"DNAJB4"
8.80900808260039e-64	0.504023705221954	0.95	0.823	3.22418504831257e-59	"5"	"RBM17"
9.86680846514955e-64	0.750266378422811	0.77	0.501	3.61135056632939e-59	"5"	"WSB2"
1.30579378473618e-63	0.674342271720467	0.794	0.517	4.77933583151288e-59	"5"	"ARHGAP10"
1.41968676731076e-63	1.02157759577287	0.283	0.104	5.19619553703412e-59	"5"	"RFX8"
1.96764345388336e-63	0.827368545234358	0.718	0.445	7.20177180555849e-59	"5"	"PAFAH1B3"
2.06472649922904e-63	0.698993626281886	0.791	0.514	7.55710545982823e-59	"5"	"NIPA2"
2.49924045075585e-63	0.793452921810693	0.656	0.375	9.14746997381148e-59	"5"	"SEH1L"
3.0458424561856e-63	0.726265879487469	0.754	0.468	1.11480879738849e-58	"5"	"CNDP2"
3.07616825558973e-63	0.964994024300233	0.458	0.218	1.1259083432284e-58	"5"	"SRR"
3.08946813554698e-63	0.845832814822481	0.616	0.342	1.13077623229155e-58	"5"	"NCBP1"
5.11145158155628e-63	0.740652208479322	0.758	0.483	1.87084239336541e-58	"5"	"SMC6"
9.03730113282913e-63	0.94449960152421	0.425	0.194	3.30774258762679e-58	"5"	"CLPB"
9.12290954566255e-63	0.760738366134569	0.699	0.408	3.33907612280795e-58	"5"	"ELAC2"
9.72734404677057e-63	0.505258319836862	0.955	0.829	3.5603051945585e-58	"5"	"ADI1"
1.00241949564977e-62	0.985120407815256	0.334	0.134	3.66895559602772e-58	"5"	"MAMSTR"
1.06170296028787e-62	0.747452507847328	0.719	0.439	3.88593900494963e-58	"5"	"EXOSC10"
1.18588341160178e-62	0.548478855745912	0.937	0.791	4.34045187480366e-58	"5"	"PSMD6"
1.5683853799824e-62	0.816930568093421	0.602	0.323	5.74044732927358e-58	"5"	"NOP2"
1.93757032116996e-62	1.04462799120299	0.331	0.134	7.09170113251419e-58	"5"	"TMEM171"
2.21686062358645e-62	0.826902199036811	0.504	0.245	8.11393156838878e-58	"5"	"PUS1"
2.21774064209902e-62	0.848708525483718	0.614	0.346	8.11715252414663e-58	"5"	"PPRC1"
2.24247507828469e-62	0.507429441183996	0.973	0.868	8.20768303402979e-58	"5"	"CLTB"
2.66553635544972e-62	0.650406270823097	0.772	0.479	9.7561296145815e-58	"5"	"SMIM29"
3.29885029782929e-62	0.625121149777838	0.879	0.66	1.2074121975085e-57	"5"	"PLEKHJ1"
3.36522356088489e-62	1.03220758157706	0.346	0.143	1.23170547551948e-57	"5"	"NUP43"
4.57726938626667e-62	0.999433922135859	0.368	0.157	1.67532636806746e-57	"5"	"CEP192"
1.07048036502446e-61	0.819462325269306	0.679	0.397	3.91806518402602e-57	"5"	"IPO4"
1.1655745911712e-61	0.620088945762834	0.874	0.654	4.26611956114571e-57	"5"	"HARS"
1.25530788135639e-61	0.810213407381367	0.698	0.416	4.59455237655251e-57	"5"	"MRPL35"
1.32191647931432e-61	0.822438200164862	0.624	0.348	4.83834650593834e-57	"5"	"NLN"
1.34596570513832e-61	0.912746613538669	0.436	0.2	4.92636907737678e-57	"5"	"MTF2"
1.36507465911486e-61	0.901765516099867	0.453	0.212	4.9963097598263e-57	"5"	"RNF138"
1.54971616313443e-61	0.58875906539729	0.874	0.629	5.67211612868831e-57	"5"	"DEF8"
1.65394353069943e-61	0.987110211337363	0.344	0.142	6.05359871671297e-57	"5"	"CPED1"
2.39343573034381e-61	0.656817771695868	0.843	0.596	8.76021411663136e-57	"5"	"B3GAT3"
2.73361142145616e-61	0.665152026509235	0.875	0.657	1.00052911636717e-56	"5"	"FAM98A"
2.85596032765368e-61	0.755614718718598	0.664	0.381	1.04531003952452e-56	"5"	"QSER1"
2.9816456060058e-61	0.752665610427705	0.7	0.426	1.09131210825418e-56	"5"	"NSUN2"
3.59522444596567e-61	0.867067189485351	0.549	0.29	1.31588809946789e-56	"5"	"ALDH16A1"
4.16980559121487e-61	0.93766105179525	0.433	0.2	1.52619054444055e-56	"5"	"PINX1"
5.18037304122883e-61	0.692707826020202	0.742	0.451	1.89606833682016e-56	"5"	"UXS1"
9.02452879533015e-61	0.790281860308085	0.689	0.406	3.30306778437879e-56	"5"	"HMBS"
1.13850288731127e-60	1.00742667323465	0.374	0.162	4.16703441784799e-56	"5"	"SORD"
1.16722223187815e-60	0.957596945934445	0.368	0.157	4.27215009089722e-56	"5"	"SLC35E4"
1.21635143140273e-60	1.08898145812719	0.372	0.164	4.45196787407713e-56	"5"	"KIAA1217"
1.42672558692063e-60	1.43869123740516	0.457	0.234	5.22195832068819e-56	"5"	"LY6K"
2.27307958299553e-60	0.658171641336845	0.851	0.625	8.31969858172193e-56	"5"	"CDK2AP2"
2.31278245603863e-60	0.524008563044671	0.943	0.771	8.46501506734701e-56	"5"	"C7orf50"
2.42642161819069e-60	0.806118478402134	0.588	0.315	8.88094576473975e-56	"5"	"RAVER1"
3.37983513355974e-60	0.79386819289126	0.595	0.327	1.2370534572342e-55	"5"	"RRP9"
3.57981657538815e-60	0.744721158522551	0.663	0.384	1.31024866475782e-55	"5"	"CTDSPL"
3.64287201847163e-60	0.702293580509472	0.758	0.488	1.3333275874808e-55	"5"	"PAGR1"
4.26524430859821e-60	0.823773202474372	0.522	0.266	1.56112206939003e-55	"5"	"CCBE1"
4.84729484921804e-60	0.765131977603682	0.697	0.423	1.77415838776229e-55	"5"	"PACSIN2"
4.90524764656722e-60	0.666137217035798	0.824	0.581	1.79536969112007e-55	"5"	"MRPS25"
6.02266627368997e-60	0.809851927884609	0.622	0.351	2.20435608283327e-55	"5"	"GALNT1"
7.27062880981987e-60	0.948628691129991	0.384	0.169	2.66112285068217e-55	"5"	"INO80C"
8.34224911852049e-60	0.757460922755452	0.682	0.404	3.05334659986968e-55	"5"	"PMVK"
8.59844367868563e-60	1.23981705196472	0.286	0.113	3.14711637083573e-55	"5"	"SLC17A9"
9.45978737992788e-60	0.697060652730259	0.742	0.451	3.4623767789274e-55	"5"	"CCNQ"
9.83287142654136e-60	0.758221185637951	0.57	0.296	3.5989292708284e-55	"5"	"ARL13B"
1.05346490374438e-59	0.868809435365085	0.456	0.216	3.85578689419481e-55	"5"	"STAMBPL1"
1.07043422806911e-59	0.626423211697297	0.873	0.629	3.91789631815574e-55	"5"	"ATP2B4"
1.14338001010223e-59	0.689811066852604	0.774	0.503	4.18488517497518e-55	"5"	"BCL7B"
1.34794913179076e-59	0.590882123120614	0.871	0.635	4.93362861726736e-55	"5"	"NUBP2"
1.38655252957417e-59	0.792020066359293	0.573	0.304	5.0749209134944e-55	"5"	"GATAD2A"
1.66326584059138e-59	0.897760951907842	0.439	0.206	6.08771930314853e-55	"5"	"GON7"
1.74372402272232e-59	0.842291310566825	0.467	0.227	6.38220429556595e-55	"5"	"ATR"
2.01671602695232e-59	0.520852364556511	0.935	0.802	7.38138233024819e-55	"5"	"NAA20"
2.39810394681138e-59	0.770896910750172	0.646	0.363	8.77730025572435e-55	"5"	"PHF6"
4.49103015244411e-59	0.743136420318112	0.638	0.362	1.64376194609607e-54	"5"	"CFAP20"
4.55918293283981e-59	0.542864277115212	0.911	0.745	1.6687065452487e-54	"5"	"EIF4A3"
6.53243917722167e-59	0.740905297515768	0.76	0.483	2.3909380632549e-54	"5"	"PPT1"
7.12304495889366e-59	0.628796982340082	0.838	0.564	2.60710568540467e-54	"5"	"CKAP5"
9.14607020216395e-59	1.06061215597292	0.283	0.109	3.34755315469403e-54	"5"	"HSPA14"
1.530197903411e-58	0.83211426396399	0.49	0.243	5.6006773462746e-54	"5"	"NAT10"
1.98723689214444e-58	0.692915199604642	0.71	0.42	7.27348574893785e-54	"5"	"GAR1"
2.13913499234475e-58	0.947119265833362	0.359	0.155	7.82944798548102e-54	"5"	"INTS7"
3.20521878573696e-58	0.728426262674177	0.675	0.396	1.17314212776759e-53	"5"	"FAM216A"
3.44857833595536e-58	0.790668034288915	0.649	0.385	1.26221415674302e-53	"5"	"RABIF"
6.70936403569861e-58	0.583735051249402	0.873	0.676	2.45569433070605e-53	"5"	"DERL2"
9.35281994099627e-58	0.793608347522926	0.49	0.243	3.42322562660405e-53	"5"	"IQCJ-SCHIP1"
9.54227152585341e-58	0.601845498342309	0.908	0.708	3.49256680117761e-53	"5"	"SPHK1"
1.22472047337237e-57	1.04818821272237	0.298	0.12	4.4825994045902e-53	"5"	"THSD4"
1.26359900468649e-57	0.8863793547128	0.403	0.183	4.624898717053e-53	"5"	"GPT2"
1.45603519581571e-57	0.947345815344816	0.354	0.152	5.3292344202051e-53	"5"	"CEP135"
1.58258259317288e-57	0.884850247477035	0.392	0.177	5.79241054927206e-53	"5"	"HGH1"
1.78197206417969e-57	0.659787912006889	0.859	0.626	6.52219595210409e-53	"5"	"HK1"
1.90364188800082e-57	0.624737825061937	0.817	0.56	6.96751967427182e-53	"5"	"NABP2"
2.01404867451209e-57	0.816050647001484	0.588	0.322	7.37161955358171e-53	"5"	"PUS7L"
2.05705589888102e-57	0.961703075671318	0.42	0.199	7.52903029549441e-53	"5"	"OGFRL1"
2.27840369799528e-57	0.68878424775149	0.718	0.43	8.33918537503253e-53	"5"	"NUP37"
2.45724835872002e-57	1.04678742057118	0.293	0.116	8.99377471775116e-53	"5"	"CNKSR3"
2.48069446207938e-57	0.542676549952643	0.903	0.728	9.07958980065675e-53	"5"	"RIC8A"
3.08404059327503e-57	0.532509340919935	0.913	0.741	1.12878969754459e-52	"5"	"MAGOH"
3.18591021935108e-57	0.93092614387977	0.371	0.163	1.16607499938469e-52	"5"	"SLC9A3R1"
3.5264895311069e-57	0.802359799787776	0.48	0.237	1.29073043328044e-52	"5"	"ORC5"
3.68380497272966e-57	1.14208791778522	0.264	0.1	1.34830945806878e-52	"5"	"QSOX2"
4.89785829839424e-57	0.688729311282121	0.762	0.494	1.79266511579527e-52	"5"	"SS18L2"
7.57357312822693e-57	0.501012427226035	0.936	0.792	2.77200350066234e-52	"5"	"ROCK1"
8.28643796558684e-57	0.787039096086937	0.556	0.297	3.03291915978444e-52	"5"	"METTL1"
8.46092140812048e-57	0.728963004875649	0.603	0.329	3.09678184458618e-52	"5"	"GET4"
8.56580208247124e-57	1.07427883322544	0.254	0.094	3.1351692202053e-52	"5"	"FAM107B"
1.04309552802655e-56	2.06790561985982	0.309	0.135	3.81783394212999e-52	"5"	"HIST1H2BC"
1.21015023408463e-56	0.739281545486461	0.633	0.355	4.42927087177315e-52	"5"	"ORAI1"
1.33846956632758e-56	1.24584547824271	0.275	0.11	4.89893245971557e-52	"5"	"FGF1"
1.41694935073936e-56	0.566962907725869	0.924	0.772	5.18617631864113e-52	"5"	"ANP32A"
1.5972083578328e-56	0.538334301563945	0.948	0.814	5.84594231050384e-52	"5"	"PPP1R12A"
1.706589235004e-56	0.798355952495347	0.467	0.225	6.24628725903814e-52	"5"	"TIFA"
2.00725454274924e-56	0.774007059799557	0.434	0.202	7.34675235191651e-52	"5"	"EIF1AD"
2.03073679412156e-56	0.741401632539531	0.591	0.32	7.43269974016434e-52	"5"	"PUSL1"
2.04885223830468e-56	0.750381686092215	0.568	0.302	7.49900407741897e-52	"5"	"PCGF6"
2.14675925163293e-56	1.03516823215023	0.268	0.104	7.85735353690169e-52	"5"	"MAMLD1"
2.3783135129086e-56	0.760322200218761	0.593	0.325	8.70486528859676e-52	"5"	"ITGB3BP"
2.66815340720657e-56	0.726264277799245	0.699	0.425	9.76570828571676e-52	"5"	"EHBP1L1"
2.72141378017489e-56	0.540307963607055	0.932	0.755	9.96064657681812e-52	"5"	"SDHB"
2.83082117958355e-56	0.981809202841948	0.354	0.157	1.03610885993938e-51	"5"	"PMAIP1"
3.25078925855161e-56	0.781419891227245	0.53	0.274	1.18982137652247e-51	"5"	"GRK6"
5.36584470663606e-56	0.537415075624647	0.937	0.803	1.96395282107586e-51	"5"	"H2AFY"
7.08477268697364e-56	0.691359783311423	0.747	0.477	2.59309765115922e-51	"5"	"CHD1"
7.39943248315074e-56	0.546925798393069	0.916	0.729	2.708266283158e-51	"5"	"SMARCC1"
7.43056964197242e-56	0.745454675617961	0.678	0.406	2.71966279465833e-51	"5"	"DPP9"
7.59699584859129e-56	0.630675720592292	0.815	0.553	2.7805764505429e-51	"5"	"KPNA3"
7.81908898597069e-56	1.00101236880071	0.354	0.157	2.86186475975513e-51	"5"	"ISOC1"
9.09796929989308e-56	0.953708915810839	0.377	0.172	3.32994774345387e-51	"5"	"PIGU"
9.11847092805026e-56	0.892004065467868	0.745	0.473	3.33745154437568e-51	"5"	"PLAT"
9.4667170237144e-56	1.00538727254862	0.252	0.093	3.46491309784971e-51	"5"	"TAF5"
1.0180606460977e-55	0.620143342879297	0.858	0.636	3.7262037707822e-51	"5"	"GLUD1"
1.02197778503231e-55	1.00427445537886	0.745	0.529	3.74054089099677e-51	"5"	"TRNP1"
1.03992937386971e-55	0.928610854054425	0.546	0.298	3.80624550130054e-51	"5"	"NRG1"
1.30941340594758e-55	0.81794892389395	0.532	0.278	4.79258400710874e-51	"5"	"BCS1L"
1.78517581911037e-55	0.698687274625769	0.688	0.406	6.53392201552588e-51	"5"	"TBRG4"
1.85229634913409e-55	0.779437657112204	0.572	0.312	6.77958986746567e-51	"5"	"OGDH"
1.85233105656889e-55	0.811850437303424	0.474	0.236	6.7797169001478e-51	"5"	"MAK16"
1.99326879754532e-55	0.513769900524624	0.997	0.991	7.29556312589563e-51	"5"	"AHNAK"
2.2743248964076e-55	0.5110515344378	0.918	0.749	8.32425655334146e-51	"5"	"SDHA"
2.62075454427938e-55	0.841427946203821	0.494	0.255	9.59222370751695e-51	"5"	"CEP57L1"
2.7782459676353e-55	0.53607776095789	0.922	0.731	1.0168658066142e-50	"5"	"G6PC3"
2.83856300473114e-55	0.620037021101608	0.79	0.541	1.03894244536165e-50	"5"	"PMPCA"
2.89170463063706e-55	0.68295293768188	0.755	0.506	1.05839281185947e-50	"5"	"WDR54"
3.92261326283471e-55	0.984949816464932	0.289	0.115	1.43571568033013e-50	"5"	"GTPBP3"
4.12832309910672e-55	0.577915548213763	0.891	0.674	1.51100753750405e-50	"5"	"GIPC1"
4.56347921644879e-55	0.843463911140524	0.428	0.205	1.67027902801242e-50	"5"	"L3MBTL2"
5.12441593440439e-55	0.670820574392959	0.794	0.533	1.87558747615135e-50	"5"	"ESYT1"
6.22513024611242e-55	0.754447431330774	0.59	0.331	2.27845992137961e-50	"5"	"SMAP2"
8.06140354613191e-55	0.602860770971721	0.828	0.576	2.95055431191974e-50	"5"	"CDC5L"
8.32993821541451e-55	0.8612637903835	0.389	0.178	3.04884068622387e-50	"5"	"SLC25A13"
9.22562755389237e-55	0.917291186899681	0.312	0.129	3.37667194100015e-50	"5"	"SIMC1"
1.14663133899797e-54	0.857879691166901	0.461	0.228	4.19678536386648e-50	"5"	"ZFYVE19"
1.21840951848339e-54	0.881638544783931	0.508	0.271	4.45950067860105e-50	"5"	"FHOD1"
1.28797879762221e-54	0.933948939377425	0.616	0.373	4.71413119717705e-50	"5"	"SERINC2"
1.30325373650597e-54	0.831518113048229	0.428	0.202	4.77003900098549e-50	"5"	"GLE1"
1.52653503090098e-54	0.542234309236934	0.9	0.716	5.58727086660068e-50	"5"	"RABL6"
1.97608357259653e-54	0.716982925386535	0.671	0.39	7.23266348406057e-50	"5"	"PLGRKT"
2.07102271112187e-54	0.807000648495737	0.509	0.265	7.58015022497717e-50	"5"	"BYSL"
2.10436844565498e-54	0.540421177036558	0.933	0.746	7.70219894794181e-50	"5"	"MAPK1IP1L"
2.39263955312944e-54	0.695689810255641	0.73	0.472	8.75730002840908e-50	"5"	"NUP54"
2.4198726185247e-54	0.588705976768725	0.854	0.626	8.85697577106226e-50	"5"	"GALK1"
3.09195187971187e-54	0.808947766441469	0.549	0.296	1.13168530749334e-49	"5"	"MAPKAPK3"
4.43363426522735e-54	0.857723579412303	0.418	0.199	1.62275447741586e-49	"5"	"KIAA1549L"
5.24248440806766e-54	0.773662521211769	0.6	0.343	1.91880171819684e-49	"5"	"ARMC6"
6.35260804368724e-54	0.509657120273475	0.787	0.527	2.32511807006997e-49	"5"	"SLC20A1"
6.41175465039993e-54	0.76010339061856	0.514	0.266	2.34676631959288e-49	"5"	"EDC4"
8.66634328441298e-54	0.608991123042962	0.799	0.538	3.17196830552799e-49	"5"	"POP4"
1.41265097545087e-53	0.689350875600393	0.665	0.393	5.17044383524775e-49	"5"	"USP5"
1.66308665395002e-53	0.766234663689481	0.517	0.27	6.08706346212248e-49	"5"	"DOHH"
1.68676880650257e-53	0.577460569026193	0.86	0.645	6.17374250868004e-49	"5"	"PSMG4"
2.02750353947157e-53	0.714146301873306	0.587	0.319	7.4208657048199e-49	"5"	"PSPC1"
2.16355149093752e-53	0.901839166685064	0.413	0.198	7.91881481198043e-49	"5"	"LSR"
2.43837333962801e-53	1.05059034877318	0.303	0.127	8.92469026037248e-49	"5"	"MPHOSPH9"
2.93544979895732e-53	0.530494206441003	0.898	0.706	1.07440398091637e-48	"5"	"CHCHD1"
3.15805473304233e-53	0.939689607762369	0.276	0.109	1.15587961284082e-48	"5"	"GPSM2"
3.18682823084521e-53	0.618178153939035	0.8	0.534	1.16641100077166e-48	"5"	"EIF2B3"
3.21623045833361e-53	0.873770806201697	0.423	0.203	1.17717251005468e-48	"5"	"SLC20A2"
3.69908050325022e-53	0.645080996505806	0.778	0.515	1.35390045499461e-48	"5"	"ERAL1"
4.34151702424127e-53	0.734091992669301	0.534	0.281	1.58903864604255e-48	"5"	"LBR"
4.92325738416135e-53	0.726990069969084	0.674	0.415	1.8019614351769e-48	"5"	"RRP1B"
5.39440744440248e-53	0.741458152680491	0.556	0.302	1.97440706872575e-48	"5"	"NET1"
5.61992228114824e-53	1.02885787677425	0.296	0.124	2.05694775412307e-48	"5"	"SHROOM3"
5.74871093599524e-53	0.727511078023554	0.648	0.387	2.10408568968362e-48	"5"	"ZMPSTE24"
6.62701571233326e-53	0.581460576024696	0.892	0.7	2.4255540208711e-48	"5"	"ZNRD2"
8.17823547798062e-53	1.07935470964879	0.291	0.121	2.99331596729569e-48	"5"	"ZNF385D"
9.15657777326025e-53	0.777405609788349	0.506	0.265	3.35139903079098e-48	"5"	"PUS7"
1.02783627400556e-52	0.554027765285902	0.871	0.635	3.76198354648774e-48	"5"	"GSS"
1.04466008295988e-52	0.847306662536096	0.443	0.218	3.82356036964147e-48	"5"	"COA7"
1.06397889954664e-52	0.782996722630822	0.543	0.293	3.89426917023067e-48	"5"	"LETM1"
1.26336334370798e-52	0.594839582714554	0.831	0.601	4.62403617430558e-48	"5"	"IMPDH1"
1.47659285376635e-52	0.511465752623641	0.906	0.733	5.4044775040702e-48	"5"	"PPP1R7"
1.52512640569043e-52	0.753395052585007	0.574	0.319	5.58211515746756e-48	"5"	"TBCD"
1.63221576814154e-52	0.994446866322572	0.331	0.145	5.97407293297486e-48	"5"	"HYLS1"
1.78509851044728e-52	0.60707350087726	0.816	0.555	6.53363905808809e-48	"5"	"E2F4"
1.81478079155453e-52	0.675984241273716	0.745	0.49	6.64227917516874e-48	"5"	"NOP14"
2.42246678400605e-52	0.669800971361145	0.821	0.576	8.86647067614056e-48	"5"	"LAPTM4B"
3.32219851384705e-52	0.722079128367808	0.649	0.396	1.21595787805316e-47	"5"	"ZC3H18"
3.33644983484414e-52	0.564249147132761	0.85	0.632	1.2211740040513e-47	"5"	"UTP11"
3.95545013729715e-52	0.774070420519052	0.773	0.534	1.44773430475213e-47	"5"	"HERC4"
4.38350981634767e-52	0.915812807913341	0.37	0.17	1.60440842788141e-47	"5"	"OSBPL11"
4.80280433483411e-52	0.701480946464784	0.632	0.369	1.75787441459263e-47	"5"	"TBL3"
5.52883267216083e-52	0.77011688960695	0.544	0.296	2.02360804633759e-47	"5"	"NACC1"
6.95471537130758e-52	0.533009735919415	0.895	0.678	2.54549537305229e-47	"5"	"NIBAN2"
8.98746581672492e-52	0.951168770301251	0.285	0.117	3.28950236357949e-47	"5"	"CEP131"
1.00723861041351e-51	0.719877378311232	0.449	0.219	3.6865940379745e-47	"5"	"ACYP1"
1.04318399138635e-51	0.699169777736672	0.706	0.445	3.81815772687316e-47	"5"	"MED27"
1.12534056638905e-51	0.675199158499666	0.61	0.344	4.11885900704057e-47	"5"	"SMCO4"
1.1505540849561e-51	0.552637213327197	0.868	0.63	4.21114300634781e-47	"5"	"EML4"
1.44841016360914e-51	0.620833933144749	0.746	0.484	5.30132603982581e-47	"5"	"AAAS"
1.74510468398786e-51	1.01292111649035	0.37	0.174	6.38725765386396e-47	"5"	"HAPLN3"
1.94191781518556e-51	0.562801444333369	0.871	0.661	7.10761339536066e-47	"5"	"PUM3"
1.94646628562186e-51	0.576184655239035	0.863	0.624	7.12426125200456e-47	"5"	"DNM1L"
2.00800987867276e-51	0.502770475345278	0.927	0.788	7.34951695693018e-47	"5"	"PSMC4"
2.30182116808251e-51	0.603589883470349	0.761	0.492	8.42489565729879e-47	"5"	"GREM2"
2.50540451025314e-51	0.596831357618535	0.822	0.581	9.17003104797751e-47	"5"	"HMOX2"
2.53263547373405e-51	0.576363325919995	0.889	0.664	9.26969909741398e-47	"5"	"EPB41L2"
2.63994082105541e-51	0.646051084859026	0.859	0.647	9.66244739914492e-47	"5"	"FLNB"
2.71098735128326e-51	0.826285834348438	0.42	0.204	9.92248480443185e-47	"5"	"PRKAR1B"
2.9726027521262e-51	0.607457253452798	0.824	0.595	1.08800233330571e-46	"5"	"GYG1"
3.24932992669551e-51	0.684403291818166	0.625	0.363	1.18928724646982e-46	"5"	"ABCB8"
3.34432804368536e-51	0.960673114209239	0.337	0.15	1.22405750726928e-46	"5"	"SMYD4"
3.68830322482279e-51	0.730478876553067	0.671	0.411	1.34995586331739e-46	"5"	"EHD1"
4.4171156371889e-51	0.611649665468607	0.804	0.567	1.61670849436751e-46	"5"	"DOK5"
4.66600056339185e-51	0.70262688213375	0.613	0.359	1.70780286620705e-46	"5"	"RBM28"
4.85644927471337e-51	0.67100658272905	0.722	0.464	1.77750899903784e-46	"5"	"PPAN"
4.8747025789382e-51	0.713746624334995	0.65	0.392	1.78418989091717e-46	"5"	"PELP1"
4.93207569088288e-51	0.728440722012511	0.538	0.291	1.80518902362004e-46	"5"	"KATNAL1"
5.95226375516703e-51	0.693781667940021	0.685	0.419	2.17858805702869e-46	"5"	"RB1"
6.93826382637749e-51	0.57575147569174	0.872	0.669	2.53947394309242e-46	"5"	"PNN"
7.46021312805484e-51	0.680399875866937	0.692	0.44	2.73051260699935e-46	"5"	"BAZ1A"
8.28073207612211e-51	0.668260083477876	0.738	0.475	3.03083074718145e-46	"5"	"FAF1"
8.45475416928899e-51	0.80772163396314	0.501	0.265	3.09452457350146e-46	"5"	"MYO5A"
9.96008644775547e-51	0.671623034966418	0.647	0.376	3.64549124074298e-46	"5"	"TCF3"
1.03853095816643e-50	0.915295872200031	0.368	0.171	3.80112715998493e-46	"5"	"PLA2G15"
1.04966583756011e-50	0.644988354204035	0.762	0.493	3.84188193205377e-46	"5"	"ABRACL"
1.09064652598929e-50	0.620666908482771	0.801	0.551	3.99187534977342e-46	"5"	"UCHL3"
1.16696185886663e-50	0.668025406734793	0.646	0.377	4.27119709963777e-46	"5"	"SCAF4"
1.27542051077925e-50	0.651072323330956	0.753	0.499	4.66816661150312e-46	"5"	"EVA1A"
1.36652502245223e-50	0.667149575268122	0.647	0.383	5.00161823467741e-46	"5"	"PMS1"
1.67460022536576e-50	0.676445539063983	0.66	0.414	6.1292042848612e-46	"5"	"INHBA"
1.8200013429983e-50	0.734189201661561	0.505	0.267	6.66138691550809e-46	"5"	"XPO5"
2.06819811679999e-50	0.654155124336644	0.716	0.461	7.56981192729965e-46	"5"	"VMA21"
2.79886222372883e-50	0.550843112164963	0.901	0.706	1.02441156250699e-45	"5"	"TIMM10"
2.92239287563264e-50	0.681629885412464	0.702	0.448	1.0696250164103e-45	"5"	"PRMT5"
2.93562676568156e-50	0.740624127955784	0.582	0.331	1.07446875250711e-45	"5"	"PHTF2"
3.35492914234158e-50	1.17691843512309	0.285	0.122	1.22793761538844e-45	"5"	"MLPH"
3.75153614875965e-50	0.819706387045077	0.452	0.228	1.37309974580752e-45	"5"	"FBXL6"
3.76456130096453e-50	0.510116023006083	0.894	0.703	1.37786708176603e-45	"5"	"HINT2"
4.45820319623493e-50	0.512328306769883	0.922	0.741	1.63174695185395e-45	"5"	"MCTS1"
4.92023956212414e-50	0.750861173639034	0.535	0.286	1.80085688213306e-45	"5"	"CCDC14"
5.05690160506859e-50	0.643281853293404	0.823	0.591	1.85087655647116e-45	"5"	"HNRNPH1"
6.63234384804038e-50	0.782864803903858	0.71	0.473	2.42750417182126e-45	"5"	"TMEM200A"
7.28916948459881e-50	0.698985890217297	0.597	0.333	2.66790892305801e-45	"5"	"PCYT2"
7.58006866977688e-50	0.997520915165488	0.251	0.098	2.77438093382504e-45	"5"	"CCDC77"
7.79787274312622e-50	0.580500692917918	0.796	0.537	2.85409940271163e-45	"5"	"COMMD8"
8.07903277803508e-50	0.662810819873266	0.734	0.46	2.95700678708862e-45	"5"	"COA1"
1.45414254321329e-49	0.778620652802057	0.366	0.168	5.32230712241497e-45	"5"	"UTP15"
1.45494117143689e-49	0.534704656809773	0.902	0.731	5.32523018157616e-45	"5"	"MRPS18C"
1.4995884380213e-49	0.70304397340517	0.84	0.654	5.48864364200176e-45	"5"	"CRIP2"
1.54227147233758e-49	0.520026483188398	0.894	0.725	5.64486781590277e-45	"5"	"RDX"
1.71194401732607e-49	0.51168019791791	0.882	0.663	6.26588629781517e-45	"5"	"MRPL47"
1.71426857635378e-49	0.784571622193223	0.44	0.219	6.27439441631246e-45	"5"	"DDX55"
1.87252866467891e-49	0.783137831264835	0.361	0.165	6.85364216559127e-45	"5"	"TFAP4"
1.88632716734946e-49	0.705089696938012	0.528	0.286	6.90414606521576e-45	"5"	"PDCD11"
1.94387103607516e-49	0.833671798255531	0.41	0.201	7.11476237913871e-45	"5"	"PKP4"
2.07850437113578e-49	0.679118342061188	0.666	0.405	7.60753384879406e-45	"5"	"RRP1"
2.18490868662946e-49	0.53888586389248	0.922	0.757	7.99698428393248e-45	"5"	"PLAUR"
2.1959791416471e-49	0.713954430043633	0.645	0.386	8.03750325634256e-45	"5"	"FXN"
2.4765408524349e-49	0.638269835571575	0.696	0.433	9.06438717399698e-45	"5"	"CDK11B"
2.56073413004665e-49	0.600952160852629	0.778	0.521	9.37254298938374e-45	"5"	"POLR3H"
2.60123274272114e-49	0.587546393370191	0.782	0.53	9.52077196163364e-45	"5"	"ZDHHC16"
2.77808241602731e-49	0.79128012183139	0.454	0.231	1.01680594509016e-44	"5"	"MAP3K6"
3.01143012619028e-49	1.05093632828981	0.282	0.119	1.1022135404869e-44	"5"	"AC016831.1"
3.18626784180854e-49	0.960643079351501	0.29	0.124	1.16620589278034e-44	"5"	"IL11"
3.20188744882555e-49	0.827668910851487	0.304	0.13	1.17192282514464e-44	"5"	"ANKRD36"
3.64965945904564e-49	0.63063382310073	0.77	0.526	1.33581185860529e-44	"5"	"SLC35B1"
3.81127469916742e-49	0.543794622835799	0.85	0.615	1.39496465264227e-44	"5"	"TXNDC9"
4.51349831064372e-49	0.682119237717231	0.65	0.385	1.65198551667871e-44	"5"	"TMA16"
4.55105578139112e-49	0.764960474492436	0.453	0.229	1.66573192654697e-44	"5"	"MAGI1"
5.51639216984089e-49	0.770262708393196	0.423	0.206	2.01905469808346e-44	"5"	"PAK4"
5.62685377670282e-49	0.57295119731092	0.867	0.677	2.059484750811e-44	"5"	"MRPL22"
5.6815077001127e-49	0.66447161695697	0.64	0.378	2.07948863331825e-44	"5"	"HEATR1"
6.63225643937709e-49	0.581406096657388	0.798	0.546	2.42747217937641e-44	"5"	"MRPL42"
8.98734333575341e-49	0.686274754866497	0.585	0.329	3.28945753431911e-44	"5"	"ACAD9"
1.41746230977185e-48	0.795282827353066	0.499	0.265	5.18805379999593e-44	"5"	"DDX10"
1.43413846884132e-48	0.733042282443148	0.553	0.308	5.24909020980612e-44	"5"	"NOC4L"
1.48605398250384e-48	1.05884687257708	0.252	0.101	5.43910618136229e-44	"5"	"PALB2"
1.5883928874427e-48	0.624209848119465	0.793	0.544	5.81367680732901e-44	"5"	"CHTOP"
1.62644920565852e-48	0.598544364531276	0.826	0.597	5.95296673763075e-44	"5"	"LYPLA1"
1.82382965465318e-48	0.659046711753312	0.574	0.321	6.67539891899611e-44	"5"	"MAD1L1"
2.100759238271e-48	0.546230432947679	0.869	0.666	7.6889888879957e-44	"5"	"NDUFA9"
2.56195094830715e-48	0.5429325224216	0.861	0.65	9.37699666589899e-44	"5"	"MT1X"
3.32901637094388e-48	1.10332795876164	0.312	0.141	1.21845328192917e-43	"5"	"HRCT1"
3.948061669598e-48	0.52640077608449	0.889	0.713	1.44503005168957e-43	"5"	"ATP2B1"
4.43776915012918e-48	0.623647504545753	0.674	0.415	1.62426788663878e-43	"5"	"AHCTF1"
4.78493807168117e-48	0.573020472894981	0.854	0.628	1.75133518361602e-43	"5"	"MRPS23"
5.00249822266401e-48	0.52633992412701	0.876	0.659	1.83096437447726e-43	"5"	"IMPAD1"
5.04637152935607e-48	0.816111153698149	0.351	0.16	1.84702244345961e-43	"5"	"TRIM24"
5.47154345900605e-48	0.607718556475538	0.871	0.662	2.0026396214308e-43	"5"	"VEGFC"
5.68956036414498e-48	0.672005629669072	0.637	0.377	2.0824359888807e-43	"5"	"GTF3C5"
5.78099499627836e-48	0.56454440140575	0.859	0.64	2.11590197858784e-43	"5"	"SZRD1"
6.15749509403201e-48	0.716608247195271	0.471	0.242	2.25370477936666e-43	"5"	"EFL1"
6.95254443292786e-48	0.605161429650659	0.794	0.573	2.54470078789593e-43	"5"	"TRIO"
7.27432769711822e-48	0.715279013563077	0.692	0.447	2.66247668042224e-43	"5"	"HYOU1"
8.09491217901309e-48	0.684526724717375	0.566	0.315	2.96281880664058e-43	"5"	"RPIA"
9.05022064808763e-48	0.721739152455497	0.504	0.269	3.31247125940655e-43	"5"	"RBM19"
9.11445744861165e-48	1.26856660967856	0.62	0.422	3.33598257076635e-43	"5"	"KCNMA1"
9.39638517048946e-48	0.784350457452061	0.432	0.218	3.43917093625085e-43	"5"	"CCNYL1"
1.00437344990174e-47	0.738411579368045	0.443	0.225	3.67610726398536e-43	"5"	"SRBD1"
1.04950759581207e-47	0.747086376514218	0.544	0.303	3.84130275143176e-43	"5"	"OGG1"
1.28748376264883e-47	0.644201358514236	0.615	0.354	4.71231931967097e-43	"5"	"ZDHHC6"
1.36735705674848e-47	0.616857195209245	0.653	0.39	5.00466356340512e-43	"5"	"HAUS4"
1.39831061107789e-47	0.503336257548461	0.912	0.759	5.11795666760618e-43	"5"	"CDV3"
2.50228509167217e-47	0.539240150882014	0.835	0.595	9.1586136640293e-43	"5"	"STX2"
2.65276593972922e-47	0.642214961903686	0.702	0.441	9.70938861600292e-43	"5"	"USP39"
2.71031809861649e-47	0.504492717828902	0.886	0.698	9.92003527274623e-43	"5"	"GPS1"
2.77333208195917e-47	0.652461030248544	0.666	0.404	1.01506727531787e-42	"5"	"IFI27L1"
2.97026348150101e-47	0.578462504958691	0.785	0.547	1.08714613686418e-42	"5"	"BCAS2"
3.2651378974523e-47	0.729770690057993	0.513	0.282	1.19507312184652e-42	"5"	"MDN1"
3.56910923772663e-47	0.820723593029933	0.449	0.236	1.30632967210033e-42	"5"	"PGM2"
4.0189521229779e-47	0.552479529062414	0.794	0.522	1.47097666653114e-42	"5"	"CCDC88A"
6.21200231234163e-47	0.839859273222773	0.394	0.194	2.27365496634016e-42	"5"	"LRRC40"
6.29503687813639e-47	0.586790718928164	0.826	0.585	2.3040464477667e-42	"5"	"CS"
6.59708979362778e-47	0.984597195397356	0.309	0.138	2.4146008353657e-42	"5"	"ADAT1"
6.86795186495206e-47	0.876279748902487	0.415	0.207	2.5137390620911e-42	"5"	"PXMP4"
8.32802492212231e-47	0.740497022840189	0.485	0.256	3.04814040174599e-42	"5"	"ALKBH6"
8.64289818569721e-47	0.789209168794347	0.359	0.168	3.16338716494704e-42	"5"	"AC093512.2"
8.80168543055932e-47	0.746973531671514	0.397	0.193	3.22150488443902e-42	"5"	"SPINDOC"
9.67729871454366e-47	0.729452599527161	0.607	0.357	3.54198810251013e-42	"5"	"CPPED1"
9.83068190999298e-47	0.674180498771128	0.541	0.297	3.59812788587653e-42	"5"	"GPR180"
1.21971220739024e-46	1.02893093469301	0.262	0.109	4.46426865026901e-42	"5"	"LCLAT1"
1.24698673615122e-46	0.60794621806694	0.711	0.451	4.56409615298707e-42	"5"	"PDCL3"
1.28828653853681e-46	0.725017818456606	0.526	0.293	4.71525755969858e-42	"5"	"XPO6"
1.33296213052455e-46	0.613958438145185	0.685	0.416	4.87877469393289e-42	"5"	"PIEZO1"
1.43944994028961e-46	0.618703142062575	0.735	0.476	5.26853072645399e-42	"5"	"HYAL2"
1.90928629130365e-46	0.702494408284994	0.555	0.314	6.98817875480048e-42	"5"	"MFSD14B"
2.0006546447356e-46	0.685555546135357	0.555	0.315	7.32259606519676e-42	"5"	"NUP214"
2.02055991182706e-46	0.750027690401199	0.44	0.224	7.39545133327822e-42	"5"	"G2E3"
2.03597144658674e-46	0.667305222186862	0.679	0.425	7.45185909165214e-42	"5"	"CCDC167"
2.24280450761912e-46	0.697340843231703	0.537	0.298	8.20888877833674e-42	"5"	"PNPT1"
2.54377000013385e-46	1.1279584146775	0.298	0.134	9.3104525774899e-42	"5"	"NPAS1"
2.72671736017946e-46	0.719308251975196	0.45	0.228	9.98005820999284e-42	"5"	"AGK"
2.79736926013738e-46	0.859368470495327	0.345	0.161	1.02386512290288e-41	"5"	"TBC1D2"
4.19638451925908e-46	0.610197038743196	0.708	0.451	1.53591869789402e-41	"5"	"MRPL46"
4.66473144963645e-46	0.970134467730124	0.361	0.176	1.70733835788144e-41	"5"	"ADGRL2"
4.86836470582244e-46	0.611592436339347	0.781	0.551	1.78187016597807e-41	"5"	"UBE3C"
4.98043768412853e-46	0.701745074138604	0.517	0.279	1.82288999676788e-41	"5"	"PDS5B"
5.59939208993681e-46	0.740253832221395	0.546	0.311	2.04943349883777e-41	"5"	"CENPB"
6.72819652179736e-46	0.605395690799192	0.708	0.453	2.46258720894305e-41	"5"	"ASAP2"
7.116081181344e-46	0.725517689686343	0.432	0.219	2.60455687318372e-41	"5"	"COBLL1"
7.314031197368e-46	0.690422316943851	0.441	0.224	2.67700855854866e-41	"5"	"METTL21A"
8.09016528837808e-46	0.524836211226957	0.863	0.653	2.96108139719926e-41	"5"	"ATP6V1D"
8.31481135952746e-46	0.656621139285236	0.614	0.364	3.04330410570065e-41	"5"	"DDX23"
8.59364264978122e-46	0.717214532674834	0.493	0.265	3.14535914624642e-41	"5"	"ANKRD39"
9.03297241294372e-46	0.683437380481045	0.618	0.371	3.30615823286153e-41	"5"	"SDHAF3"
9.30317107958428e-46	0.681116811497999	0.483	0.252	3.40505364683864e-41	"5"	"SMIM10"
1.1230232478111e-45	0.557897058080601	0.842	0.604	4.11037738931341e-41	"5"	"LRRC42"
1.33769612093083e-45	0.784744600826817	0.347	0.16	4.89610157221893e-41	"5"	"MIPEP"
1.70121905214777e-45	0.606633250501614	0.751	0.485	6.22663185276604e-41	"5"	"CSK"
1.83297444525462e-45	0.951273531483476	0.312	0.143	6.70886976707645e-41	"5"	"CLUH"
1.87106380715412e-45	0.54532139061872	0.853	0.633	6.8482806405648e-41	"5"	"ARL16"
1.9086031229747e-45	0.634304628744363	0.749	0.496	6.98567829039969e-41	"5"	"TARDBP"
1.96525098772572e-45	0.638708974242086	0.646	0.393	7.1930151401749e-41	"5"	"AIFM1"
2.06503028818109e-45	0.60920020272115	0.698	0.439	7.55821735777161e-41	"5"	"ARPP19"
2.34556863926987e-45	0.572290083711245	0.771	0.518	8.58501577659164e-41	"5"	"TMEM70"
2.41799974868862e-45	0.633624042571431	0.568	0.321	8.85012088017521e-41	"5"	"RHNO1"
2.64118420396402e-45	0.615767015879084	0.599	0.343	9.66699830492871e-41	"5"	"ODF2"
3.3513696325255e-45	0.602078530299346	0.677	0.416	1.22663479920066e-40	"5"	"MTR"
3.54864508129586e-45	0.60491882802723	0.734	0.485	1.2988395862051e-40	"5"	"ARHGEF1"
4.31512937269533e-45	0.615145045908401	0.705	0.454	1.57938050170022e-40	"5"	"UTP6"
5.13045346297408e-45	0.63670049047151	0.656	0.398	1.87779727198314e-40	"5"	"NOL9"
5.96730099017782e-45	0.663365408160443	0.553	0.309	2.18409183541499e-40	"5"	"DNAAF5"
6.16155963283273e-45	1.19887132947505	0.256	0.109	2.25519244121311e-40	"5"	"WNK4"
7.11484240808202e-45	0.512600544553626	0.857	0.625	2.6041034697821e-40	"5"	"M6PR"
7.95714451624446e-45	0.517042375495079	0.888	0.684	2.91239446439064e-40	"5"	"LUC7L2"
8.11350340938578e-45	0.81188231418685	0.45	0.238	2.96962338286929e-40	"5"	"SGMS2"
8.57965641909063e-45	0.815333896526443	0.463	0.246	3.14024004595136e-40	"5"	"SPRY2"
8.67922590586331e-45	0.70777950106062	0.477	0.252	3.17668347380503e-40	"5"	"PUDP"
1.04174972278813e-44	0.695676542076257	0.523	0.289	3.81290816037684e-40	"5"	"UTP25"
1.07715639160171e-44	0.552902202744361	0.85	0.635	3.94250010890141e-40	"5"	"WDR18"
1.08460992874692e-44	0.657919491653961	0.605	0.355	3.96978080020658e-40	"5"	"SLC25A17"
1.19456912916072e-44	0.803393634222781	0.397	0.197	4.37224246964115e-40	"5"	"STOML1"
1.21220841022755e-44	0.618784119635056	0.526	0.285	4.43680400227384e-40	"5"	"LSG1"
1.27629462574277e-44	0.708286328759562	0.646	0.414	4.67136595968112e-40	"5"	"SLC38A5"
1.71789555993857e-44	0.528106342815896	0.846	0.63	6.28766953893114e-40	"5"	"KPNA4"
1.76240068077495e-44	0.870025387342405	0.284	0.124	6.45056273170439e-40	"5"	"SLC27A4"
1.88170568506917e-44	0.548617273532651	0.842	0.629	6.88723097792169e-40	"5"	"HMGN3"
1.94497400589987e-44	0.812050571111613	0.289	0.126	7.11879935899412e-40	"5"	"LRFN4"
2.08880554234794e-44	0.554147529467746	0.794	0.534	7.64523716554769e-40	"5"	"LRP11"
2.10199008768141e-44	0.661356843257144	0.662	0.414	7.69349391992275e-40	"5"	"SGTA"
2.21674229344561e-44	0.612299200912274	0.792	0.56	8.11349846824027e-40	"5"	"YKT6"
2.31590921542811e-44	0.51349985633321	0.85	0.624	8.47645931938841e-40	"5"	"MCUB"
2.78442039947188e-44	0.525998680999067	0.847	0.643	1.0191257104107e-39	"5"	"TSEN15"
2.85467644615392e-44	0.799626284199798	0.371	0.179	1.0448401260568e-39	"5"	"TMEM209"
3.35110930531623e-44	0.677824387121747	0.455	0.235	1.22653951683879e-39	"5"	"NAF1"
3.50093484079293e-44	0.718280854309796	0.494	0.271	1.28137716107862e-39	"5"	"RFT1"
3.60584037587545e-44	0.5999176786104	0.766	0.54	1.31977363597417e-39	"5"	"EMC8"
5.06665795995823e-44	0.637412378738362	0.546	0.308	1.85444747992431e-39	"5"	"FAIM"
5.53956697560963e-44	0.529382230864925	0.864	0.688	2.02753690874288e-39	"5"	"DUSP14"
9.02155057496505e-44	0.505575371884347	0.902	0.75	3.30197772594296e-39	"5"	"CD47"
1.16235967150226e-43	0.59721224192305	0.621	0.366	4.25435263366544e-39	"5"	"RBM10"
1.22719972186244e-43	0.528922621876951	0.978	0.92	4.49167370198873e-39	"5"	"CRABP2"
1.49467811375411e-43	0.631489463810865	0.625	0.377	5.47067136415143e-39	"5"	"BBS7"
1.50808976124153e-43	0.649008994709003	0.502	0.271	5.51975933512013e-39	"5"	"GTF2H2"
1.53461206652618e-43	0.575135856338789	0.813	0.599	5.61683362469248e-39	"5"	"POLR2C"
1.54909974780932e-43	0.570968390258871	0.658	0.415	5.6698599869569e-39	"5"	"CAMK2N1"
1.57241427934376e-43	0.518137686888694	0.851	0.637	5.75519350382608e-39	"5"	"VPS4A"
1.6480384577718e-43	0.604472928385767	0.625	0.376	6.03198555929057e-39	"5"	"SYNJ2"
1.69051777880741e-43	0.68015083787148	0.492	0.263	6.18746412221301e-39	"5"	"PRORP"
2.65947757821336e-43	0.598890699094527	0.552	0.31	9.73395388401871e-39	"5"	"CBFB"
2.66540524034995e-43	0.728876753611108	0.544	0.315	9.75564972020485e-39	"5"	"ENTPD6"
2.71521594702507e-43	0.537628207227214	0.715	0.451	9.93796188770646e-39	"5"	"CNTLN"
2.73951140037537e-43	0.524003318922555	0.791	0.539	1.00268856765139e-38	"5"	"PON2"
2.81266006574558e-43	0.626595031106163	0.61	0.363	1.02946171066354e-38	"5"	"CHD1L"
3.11139455293215e-43	0.672292897008075	0.466	0.247	1.1388015203187e-38	"5"	"SCLT1"
3.14907148648091e-43	0.58360231018235	0.591	0.343	1.15259165476688e-38	"5"	"HCFC1"
3.61339084405198e-43	0.841611618831376	0.27	0.116	1.32253718283146e-38	"5"	"ANKRD36C"
4.50260819676006e-43	0.603505265273753	0.569	0.326	1.64799962609615e-38	"5"	"GFM1"
4.71510002724403e-43	0.655997813124758	0.599	0.353	1.72577376097159e-38	"5"	"PDF"
6.41022959613139e-43	0.920096592401888	0.273	0.119	2.34620813448005e-38	"5"	"OXNAD1"
7.15648891920686e-43	0.554011965479015	0.736	0.494	2.6193465093189e-38	"5"	"PHIP"
7.4874076306309e-43	0.796997477036435	0.449	0.242	2.74046606688722e-38	"5"	"MLLT11"
7.99142404996593e-43	0.772537799957107	0.376	0.184	2.92494111652803e-38	"5"	"HEATR3"
8.56007155165931e-43	0.721377881050923	0.469	0.259	3.13307178862282e-38	"5"	"PHRF1"
9.85167520743327e-43	0.567256753410465	0.807	0.568	3.60581164267265e-38	"5"	"GLTP"
1.02594759434657e-42	0.748118292823464	0.441	0.235	3.75507079006788e-38	"5"	"RNASEH1-AS1"
1.09290155046092e-42	0.607063217542712	0.586	0.341	4.00012896484203e-38	"5"	"UBA6"
1.10262655600209e-42	0.509515231550805	0.836	0.602	4.03572345762324e-38	"5"	"ZBTB8OS"
1.10558779485902e-42	0.530498478455187	0.85	0.647	4.04656188796348e-38	"5"	"SF3A1"
1.28068493275526e-42	0.598720694829985	0.643	0.393	4.68743492237751e-38	"5"	"LARP4B"
1.48922269497279e-42	0.737759641307199	0.345	0.164	5.45070398586992e-38	"5"	"MAGI3"
1.5721703494325e-42	0.50065446946892	0.821	0.624	5.75430069595788e-38	"5"	"EXOSC4"
1.66711917290284e-42	0.622914119500843	0.659	0.413	6.10182288474169e-38	"5"	"TRNAU1AP"
1.71869055196858e-42	0.673693270436724	0.656	0.414	6.29057928926021e-38	"5"	"APC"
1.76363479649815e-42	0.636356572636489	0.629	0.376	6.45507971866287e-38	"5"	"MEMO1"
1.95509119524199e-42	0.567372200216548	0.675	0.426	7.15582928370519e-38	"5"	"AMOTL1"
2.32024390178293e-42	0.65750986877912	0.514	0.287	8.49232470491572e-38	"5"	"CMTM7"
2.49704332871009e-42	0.604142597210855	0.649	0.402	9.1394282874118e-38	"5"	"ENOSF1"
2.59863970967906e-42	0.58021286741561	0.697	0.445	9.51128120139634e-38	"5"	"PNKP"
3.17538816927325e-42	0.560473175629753	0.71	0.462	1.1622238238357e-37	"5"	"FAM192A"
3.23533018166884e-42	0.650762696364759	0.617	0.379	1.18416319979261e-37	"5"	"GCN1"
3.66216994568649e-42	0.621879702762842	0.57	0.329	1.34039082182071e-37	"5"	"DPP3"
3.76240257541482e-42	0.640758159784788	0.512	0.283	1.37707696662758e-37	"5"	"VRK2"
4.07888587964004e-42	0.564497843379162	0.77	0.539	1.49291302080705e-37	"5"	"PRKAR2A"
4.5439620986135e-42	0.644415264329599	0.539	0.306	1.66313556771353e-37	"5"	"SLC35A4"
4.92939498417626e-42	0.525092785119925	0.718	0.476	1.80420785815835e-37	"5"	"MICAL2"
4.9923286854915e-42	0.501113641988537	0.86	0.627	1.82724222217674e-37	"5"	"DCAF13"
5.00809694946276e-42	0.687566776958303	0.537	0.313	1.83301356447286e-37	"5"	"PNO1"
5.1073175223715e-42	0.703072689450098	0.473	0.256	1.86932928636319e-37	"5"	"IVNS1ABP"
5.26701964884576e-42	1.0531391764276	0.295	0.137	1.92778186167404e-37	"5"	"AC008522.1"
5.31034272209004e-42	0.534761219378261	0.802	0.567	1.94363853971217e-37	"5"	"TAF6"
5.32994354296334e-42	0.758259983548133	0.434	0.227	1.95081263616001e-37	"5"	"TFB1M"
5.95390186549525e-42	0.686032658806606	0.447	0.237	2.17918762178992e-37	"5"	"DGCR8"
6.35990498468494e-42	0.51937094939637	0.864	0.678	2.32778882344453e-37	"5"	"SELENOT"
7.31026145102381e-42	0.59330073177229	0.726	0.492	2.67562879368922e-37	"5"	"KMT5A"
7.38321135802906e-42	0.618835967397191	0.639	0.397	2.70232918915222e-37	"5"	"FASN"
8.36681044937674e-42	0.617724709502499	0.522	0.29	3.06233629257638e-37	"5"	"GNA11"
8.41436258014845e-42	0.544553566873972	0.826	0.625	3.07974084796013e-37	"5"	"CIAO2A"
9.63832188341395e-42	0.765323571735694	0.366	0.178	3.52772219254834e-37	"5"	"VSIG10"
9.98328294386726e-42	0.641620911774059	0.491	0.27	3.65398139028485e-37	"5"	"LRRC8A"
1.24755471650375e-41	0.652151078971086	0.452	0.238	4.56617501787536e-37	"5"	"CTDSPL2"
1.31133535709903e-41	0.504753946992695	0.852	0.62	4.79961854051816e-37	"5"	"AKIP1"
1.45427298966601e-41	0.527483123366933	0.844	0.658	5.32278456947655e-37	"5"	"MRPS10"
1.48971277713521e-41	0.623835995528072	0.668	0.429	5.45249773559259e-37	"5"	"CDK6"
1.48996211588828e-41	0.539811358693747	0.774	0.529	5.45341034036269e-37	"5"	"PANK2"
1.58657496501061e-41	0.543642795775595	0.783	0.556	5.80702302943535e-37	"5"	"VOPP1"
1.63229216173556e-41	0.590294650612462	0.586	0.338	5.97435254116832e-37	"5"	"ANAPC7"
1.64950918406163e-41	0.655292636220978	0.538	0.309	6.03736856458396e-37	"5"	"ABHD10"
1.74133873109081e-41	0.59407552707075	0.628	0.38	6.37347388966546e-37	"5"	"ADAMTS12"
1.78277431139238e-41	0.801233709942523	0.361	0.179	6.52513225712724e-37	"5"	"SH2B3"
1.87834241422648e-41	0.555687507679502	0.715	0.464	6.87492107031035e-37	"5"	"BCAT2"
2.00872104038151e-41	0.840225571314569	0.275	0.121	7.35211987990036e-37	"5"	"ZDHHC13"
2.05937446180487e-41	0.82404982416769	0.531	0.332	7.53751646765201e-37	"5"	"U2AF1"
2.37696661298659e-41	0.557449412951894	0.541	0.303	8.69993550019221e-37	"5"	"CDC25B"
2.39184615483744e-41	0.530572138089333	0.83	0.615	8.7543961113205e-37	"5"	"UBAP2L"
2.48277469634155e-41	0.59914744409814	0.556	0.319	9.08720366607972e-37	"5"	"DLAT"
2.56938733514764e-41	0.782939080191791	0.353	0.172	9.40421458537386e-37	"5"	"TADA2A"
2.79140206933046e-41	0.875089591869939	0.255	0.109	1.02168107139564e-36	"5"	"PPCDC"
2.9173515867009e-41	0.863688773385364	0.376	0.19	1.06777985424839e-36	"5"	"MT1M"
3.02047818595983e-41	0.575201983813871	0.725	0.475	1.10552522084316e-36	"5"	"SMYD2"
3.47042378866088e-41	0.653450665174139	0.526	0.295	1.27020981088777e-36	"5"	"UBL4A"
3.69758595158276e-41	0.583122105167346	0.648	0.402	1.35335343413881e-36	"5"	"ME2"
3.7385936521083e-41	0.676296650200738	0.489	0.267	1.36836266260816e-36	"5"	"NDUFAF6"
4.41253099361823e-41	0.671702323251218	0.504	0.283	1.61503046897421e-36	"5"	"SLC25A33"
4.48304168756883e-41	0.530324070929779	0.794	0.548	1.64083808806707e-36	"5"	"F2R"
4.86134509308844e-41	0.557833517527983	0.617	0.368	1.7793009175213e-36	"5"	"KIAA1586"
5.02114982917555e-41	0.656554559028674	0.487	0.27	1.83779104897654e-36	"5"	"UBAP2"
5.03662028255236e-41	0.59327104054399	0.698	0.45	1.84345338961699e-36	"5"	"ELP6"
5.21620927580615e-41	0.573578563937128	0.594	0.347	1.90918475703781e-36	"5"	"WDFY2"
5.59131454682483e-41	0.543150488468554	0.747	0.501	2.04647703728336e-36	"5"	"PPP2R2A"
5.62541515034227e-41	0.673625206973206	0.487	0.267	2.05895819917677e-36	"5"	"SMG9"
5.73662492580738e-41	0.569624403049882	0.665	0.415	2.09966208909476e-36	"5"	"ASCC2"
6.47549890891492e-41	0.606872703784528	0.571	0.33	2.37009735565195e-36	"5"	"PRKCA"
8.79707403046379e-41	0.577970909869439	0.744	0.512	3.21981706589005e-36	"5"	"ZPR1"
9.66249170893435e-41	0.681387285755166	0.567	0.331	3.53656859038706e-36	"5"	"PCBP4"
1.04686355281821e-40	0.568736247912176	0.699	0.464	3.83162528966993e-36	"5"	"HMGXB4"
1.09521424564333e-40	0.681737070135215	0.433	0.227	4.00859366047916e-36	"5"	"AP3M2"
1.32768281233636e-40	0.827173979480166	0.252	0.108	4.8594518614323e-36	"5"	"CEP97"
1.89405001832102e-40	0.683864236210984	0.474	0.256	6.93241247205678e-36	"5"	"FGFR1OP"
2.00160735092401e-40	0.545688197145227	0.533	0.299	7.32608306511698e-36	"5"	"SLC43A3"
2.24444148408172e-40	0.626147044656584	0.544	0.311	8.2148802758875e-36	"5"	"FRYL"
2.35619673742435e-40	0.63824024610653	0.434	0.226	8.62391567864685e-36	"5"	"EIPR1"
2.37560011327259e-40	0.561415190669291	0.757	0.526	8.694933974589e-36	"5"	"COLGALT1"
2.50036517707325e-40	0.881271247035842	0.255	0.111	9.1515865846058e-36	"5"	"PLA2G4A"
2.58796576782402e-40	0.58062470333152	0.672	0.434	9.47221350681271e-36	"5"	"PCYT1A"
2.93426205560327e-40	0.590833460075897	0.617	0.379	1.07396925497135e-35	"5"	"PITRM1"
3.07469762268285e-40	0.505933583300694	0.819	0.594	1.12537007687815e-35	"5"	"ABCF2"
3.11262835753357e-40	0.690272801775491	0.351	0.171	1.13925310514086e-35	"5"	"MFHAS1"
3.47577610018399e-40	0.611424684387978	0.621	0.383	1.27216881042834e-35	"5"	"TM7SF3"
3.58504357930293e-40	0.523780872639521	0.721	0.465	1.31216180046067e-35	"5"	"ADPGK"
3.83997005842879e-40	0.82401998210336	0.264	0.115	1.40546744108552e-35	"5"	"SLC5A6"
3.84011788544636e-40	0.649056597187296	0.798	0.593	1.40552154725222e-35	"5"	"CTSC"
4.01291018859791e-40	0.601890418183139	0.641	0.403	1.46876525812872e-35	"5"	"NTM"
4.65334006518713e-40	0.641744988218395	0.546	0.321	1.70316899725914e-35	"5"	"RAPH1"
4.73293259646128e-40	0.680560467033268	0.433	0.232	1.73230065963079e-35	"5"	"RRP12"
5.38151666303657e-40	0.558643345458612	0.661	0.417	1.96968891383802e-35	"5"	"PPP3R1"
5.96232144506638e-40	0.506572647652122	0.906	0.708	2.18226927210875e-35	"5"	"ADAMTS1"
6.46912735235825e-40	0.522259861092455	0.811	0.582	2.36776530223664e-35	"5"	"WDR43"
7.17636044638119e-40	0.577037857970983	0.656	0.411	2.62661968697998e-35	"5"	"TIMM22"
8.122308049514e-40	0.791926321785343	0.278	0.124	2.97284596920262e-35	"5"	"RTL10"
8.38828086548301e-40	0.84208951776263	0.263	0.116	3.07019467957544e-35	"5"	"XRCC4"
8.77134976382558e-40	0.515273478800695	0.784	0.546	3.2104017270578e-35	"5"	"DDX54"
1.03511799348688e-39	0.716403550951764	0.426	0.225	3.78863536796131e-35	"5"	"ING2"
1.14416408679956e-39	0.538987158612482	0.744	0.506	4.18775497409505e-35	"5"	"SLC25A24"
1.38163435845098e-39	0.639818462929156	0.549	0.316	5.05691991536645e-35	"5"	"TRIM37"
1.43995491838231e-39	0.531625262837225	0.744	0.503	5.2703789967711e-35	"5"	"TSN"
1.47944003799173e-39	0.535162847805672	0.771	0.526	5.41489848305354e-35	"5"	"MRPS28"
1.68827080809887e-39	0.583370151362574	0.587	0.352	6.17923998472267e-35	"5"	"CPT1A"
1.74881330764679e-39	0.508669712067927	0.822	0.594	6.40083158731803e-35	"5"	"PPP1R14B-AS1"
1.94559678639339e-39	0.526734357735081	0.783	0.551	7.12107879787843e-35	"5"	"MTG1"
1.97227636403627e-39	0.728615202675761	0.324	0.155	7.21872872000915e-35	"5"	"NDUFAF5"
2.03810476552616e-39	0.668707899163556	0.43	0.227	7.4596672523023e-35	"5"	"MTOR"
2.11911238914788e-39	0.575622406128458	0.593	0.352	7.75616325552015e-35	"5"	"NOL10"
2.17421063105542e-39	0.566218657820746	0.691	0.462	7.95782833072595e-35	"5"	"ILKAP"
2.2710821003308e-39	0.591269504703025	0.632	0.401	8.31238759542078e-35	"5"	"TFRC"
2.39056603685656e-39	0.628665012644862	0.564	0.335	8.74971075149869e-35	"5"	"ABL2"
2.56288245789785e-39	0.655067972327876	0.407	0.211	9.38040608415191e-35	"5"	"PHF13"
2.89052381521663e-39	0.609382398329634	0.412	0.211	1.05796062160744e-34	"5"	"STIM2"
3.12688392872456e-39	0.553350088755351	0.677	0.43	1.14447078675248e-34	"5"	"FAR1"
3.12829126181301e-39	0.649708555963817	0.422	0.222	1.14498588473618e-34	"5"	"MICALL1"
3.40808429636747e-39	0.587071531028423	0.551	0.318	1.24739293331346e-34	"5"	"SART3"
3.6523554808868e-39	0.688720442877468	0.505	0.285	1.33679862955938e-34	"5"	"POLR1A"
3.72066961021388e-39	0.680818115645852	0.331	0.158	1.36180228403438e-34	"5"	"MUTYH"
4.28800565211006e-39	0.750425294143624	0.369	0.186	1.5694529487288e-34	"5"	"SPA17"
4.30921364624936e-39	0.604266199118145	0.594	0.364	1.57721528666373e-34	"5"	"ANKRD26"
4.47826742981903e-39	1.0029770111903	0.3	0.142	1.63909066198806e-34	"5"	"S100A2"
4.58450767783841e-39	0.517432315124853	0.779	0.558	1.67797565516564e-34	"5"	"HSPBP1"
4.94605054418943e-39	0.585313316358332	0.631	0.385	1.81030395967877e-34	"5"	"GCAT"
5.04186265822935e-39	0.942807942629781	0.271	0.124	1.84537215153852e-34	"5"	"C16orf74"
5.31022674581229e-39	0.708860411111393	0.394	0.204	1.94359609123476e-34	"5"	"IPO11"
5.36027283186288e-39	0.647991545833874	0.6	0.369	1.96191345919013e-34	"5"	"NRAS"
5.51076552487564e-39	0.587377627228391	0.581	0.349	2.01699528975973e-34	"5"	"DYNLL2"
6.52031158257155e-39	0.864855254996288	0.259	0.114	2.38649924233701e-34	"5"	"BOLA2B"
7.14086659512001e-39	0.666851524282946	0.455	0.249	2.61362858247988e-34	"5"	"INIP"
8.38875385233149e-39	0.704993499343179	0.387	0.198	3.07036779749185e-34	"5"	"PDE12"
8.69207229424676e-39	0.519065994477244	0.781	0.553	3.18138538041726e-34	"5"	"TSFM"
8.96710959762557e-39	0.531517489391551	0.762	0.531	3.28205178382693e-34	"5"	"TCIRG1"
9.24930223337268e-39	0.755945293755689	0.624	0.406	3.38533711043674e-34	"5"	"ABI3BP"
9.86776573525394e-39	0.674169675557632	0.435	0.236	3.61170093676029e-34	"5"	"CPNE2"
9.98444400175467e-39	0.579665372382108	0.662	0.415	3.65440634908223e-34	"5"	"ELOA"
1.02070878887736e-38	0.565120403671136	0.707	0.471	3.73589623817003e-34	"5"	"ADPRHL2"
1.52184396521859e-38	0.616172537942295	0.518	0.294	5.57010109709657e-34	"5"	"NUFIP1"
1.63161337421781e-38	0.590703097050424	0.624	0.388	5.9718681109746e-34	"5"	"IDH3A"
2.29480092511967e-38	0.524832816946415	0.719	0.471	8.39920086603051e-34	"5"	"NSL1"
2.33038977392197e-38	0.560267344740186	0.656	0.41	8.52945961153182e-34	"5"	"ALG8"
2.81768676222881e-38	0.509079732947564	0.805	0.588	1.03130153184337e-33	"5"	"DNTTIP2"
2.86311277983091e-38	0.729028970945039	0.321	0.155	1.04792790854591e-33	"5"	"ALDH4A1"
3.5631829441771e-38	0.516747249028964	0.725	0.49	1.30416058939826e-33	"5"	"FRG1"
3.60621127093282e-38	0.726745538045935	0.489	0.278	1.31990938727412e-33	"5"	"TRAK1"
4.49214514672582e-38	0.558378986661754	0.738	0.508	1.64417004515312e-33	"5"	"NDUFAF4"
5.23842157300133e-38	0.720363002233597	0.373	0.191	1.91731467993422e-33	"5"	"RANBP6"
6.06451293296342e-38	0.601955975998125	0.494	0.278	2.21967237859394e-33	"5"	"TRMU"
6.74000545563722e-38	0.676924409010184	0.483	0.276	2.46690939681778e-33	"5"	"HIP1"
6.99337922959352e-38	0.51114228171279	0.787	0.566	2.55964673182352e-33	"5"	"SHKBP1"
7.92975068868948e-38	0.503421369339636	0.808	0.581	2.90236804956724e-33	"5"	"PARVB"
7.98701715659694e-38	0.693151891252274	0.353	0.177	2.92332814948605e-33	"5"	"GALNT7"
8.73631445072881e-38	0.643589490169397	0.51	0.296	3.19757845211125e-33	"5"	"SIPA1L1"
9.38348498864203e-38	0.81343190901428	0.28	0.129	3.43444934069287e-33	"5"	"CSMD2"
9.45593705975085e-38	0.800068466728046	0.298	0.141	3.46096752323941e-33	"5"	"TMED8"
1.00368885027029e-37	0.519297335893987	0.647	0.409	3.67360156087427e-33	"5"	"CDK5RAP2"
1.06682369864335e-37	0.638844081067028	0.409	0.214	3.90468141940453e-33	"5"	"TTF1"
1.10127128046877e-37	0.785827934444329	0.252	0.111	4.03076301364376e-33	"5"	"MVK"
1.10256745643108e-37	0.599129891060783	0.494	0.277	4.0355071472834e-33	"5"	"CHCHD4"
1.11253067169731e-37	0.564991952924077	0.65	0.407	4.07197351147933e-33	"5"	"RHOT2"
1.22812360035925e-37	0.560506970413797	0.645	0.398	4.4950551896749e-33	"5"	"R3HDM1"
1.41393283150418e-37	0.577466503709512	0.661	0.417	5.17513555658846e-33	"5"	"CCDC58"
1.52155912235259e-37	0.749087823567314	0.283	0.131	5.5690585437227e-33	"5"	"MIR222HG"
1.59360118613e-37	0.645641894856657	0.509	0.289	5.8327397013544e-33	"5"	"TOR1B"
1.6556478724605e-37	0.581428509232856	0.693	0.466	6.05983677799268e-33	"5"	"ASB1"
1.80174328492172e-37	0.711632690541687	0.347	0.172	6.59456059714198e-33	"5"	"FRMD8"
1.95166121264191e-37	0.59637827641214	0.557	0.331	7.14327520439067e-33	"5"	"ADGRE5"
2.22236257022198e-37	0.681222447706674	0.476	0.271	8.13406924326947e-33	"5"	"YRDC"
2.36182814153548e-37	0.58551811231071	0.546	0.324	8.64452718083403e-33	"5"	"MRPL1"
2.96016474837818e-37	0.693274016603667	0.379	0.197	1.0834498995539e-32	"5"	"SRD5A1"
3.02627989119091e-37	0.792661192784621	0.251	0.111	1.10764870297479e-32	"5"	"RAD9A"
3.25779545152425e-37	0.609688528453415	0.562	0.338	1.19238571321239e-32	"5"	"METTL2B"
3.62789293329476e-37	0.515536130872664	0.618	0.379	1.32784509251522e-32	"5"	"ITGA4"
4.18321457650351e-37	0.634854945589262	0.562	0.343	1.53109836714605e-32	"5"	"DAG1"
4.19072270497837e-37	0.711610385208067	0.303	0.144	1.53384641724913e-32	"5"	"MGAT5"
4.43376957587672e-37	0.603070896295149	0.449	0.242	1.62280400246664e-32	"5"	"TRMT61A"
4.56260515982432e-37	0.541374924614616	0.789	0.578	1.6699591145473e-32	"5"	"PFDN6"
5.2448776028988e-37	0.53736801597545	0.648	0.403	1.91967765143699e-32	"5"	"TBC1D10B"
5.298840979983e-37	0.789701134547961	0.255	0.113	1.93942878708358e-32	"5"	"DUS2"
5.31223292473812e-37	0.817834003728536	0.269	0.124	1.9443303727834e-32	"5"	"FGD4"
6.23749622089178e-37	0.650790870520964	0.345	0.171	2.2829859918086e-32	"5"	"CWF19L1"
6.44690004265687e-37	0.590029507285588	0.426	0.224	2.35962988461284e-32	"5"	"TEX10"
6.60908923976572e-37	0.547754881266953	0.695	0.459	2.41899275264665e-32	"5"	"UTRN"
7.21549570161418e-37	0.61272673824379	0.432	0.231	2.64094358174781e-32	"5"	"NFKBIB"
7.43704396684964e-37	0.594816614477634	0.449	0.243	2.72203246230664e-32	"5"	"ANKRD52"
7.65075778749495e-37	0.705002273636657	0.471	0.262	2.80025385780103e-32	"5"	"C15orf41"
8.50134813253597e-37	0.716699398941308	0.312	0.151	3.11157842998949e-32	"5"	"HERC3"
8.97454589843795e-37	0.675801604737694	0.395	0.208	3.28477354428727e-32	"5"	"NAA25"
9.58094194031859e-37	0.619087988997041	0.588	0.365	3.50672055957601e-32	"5"	"IRS1"
1.28841370608555e-36	0.637890570495844	0.431	0.233	4.71572300564373e-32	"5"	"CDK5RAP1"
1.43331572638493e-36	0.688075697754769	0.362	0.184	5.24607889014149e-32	"5"	"SLC12A2"
1.60408403850002e-36	0.546739486589609	0.655	0.41	5.87110798931391e-32	"5"	"NMT2"
1.89988703563067e-36	0.646742481253832	0.554	0.339	6.9537765391118e-32	"5"	"SLC5A3"
1.98789880569941e-36	0.511574209007528	0.559	0.335	7.2759084187404e-32	"5"	"SLC25A4"
1.99685457952966e-36	0.554739402430183	0.622	0.386	7.3086874465365e-32	"5"	"CPSF7"
2.04438905573742e-36	0.639664078995279	0.478	0.27	7.48266838290453e-32	"5"	"MFN2"
2.0664508896394e-36	0.818341978893895	0.324	0.162	7.56341690116919e-32	"5"	"MANEA"
2.08822729475514e-36	0.503285431373336	0.802	0.595	7.64312072153328e-32	"5"	"TOR1A"
2.1101025662756e-36	0.682813701176978	0.32	0.156	7.72318640282532e-32	"5"	"SAP130"
2.14105976859763e-36	0.576401227624757	0.601	0.369	7.83649285904418e-32	"5"	"HDDC3"
2.18854032117669e-36	0.507338625123201	0.749	0.517	8.01027642953879e-32	"5"	"NELFCD"
2.29143921100086e-36	0.724462770297185	0.316	0.155	8.38689665618424e-32	"5"	"B3GLCT"
2.62900055666209e-36	0.623304958573843	0.503	0.292	9.62240493743892e-32	"5"	"NGF"
2.91189399465122e-36	0.563195621156779	0.669	0.441	1.06578232098229e-31	"5"	"LARP4"
3.26060098136644e-36	0.658753254334684	0.408	0.218	1.19341256518993e-31	"5"	"NEGR1"
3.27286994350842e-36	0.548283527204729	0.621	0.376	1.19790312802352e-31	"5"	"DDX19A"
3.28633050813318e-36	0.698823727276725	0.352	0.18	1.20282982928182e-31	"5"	"KAZN"
3.59077135089844e-36	0.557152242744174	0.72	0.485	1.31425822214234e-31	"5"	"TCTEX1D2"
3.74549070930646e-36	0.550424892302566	0.566	0.34	1.37088705451326e-31	"5"	"DCBLD1"
4.10547848042718e-36	0.542854741902787	0.684	0.445	1.50264617862115e-31	"5"	"ARMC1"
4.23125246653527e-36	0.51353561374496	0.798	0.574	1.54868071527657e-31	"5"	"ELP5"
4.45207637936411e-36	0.61663207352664	0.491	0.281	1.62950447561106e-31	"5"	"CNOT10"
4.68501117089626e-36	0.657609956048676	0.364	0.187	1.71476093865974e-31	"5"	"TTLL7"
4.79797154283588e-36	0.530336169233628	0.694	0.452	1.75610556439336e-31	"5"	"GMFB"
7.61970336432388e-36	0.507983405604696	0.774	0.569	2.78888762837618e-31	"5"	"MRPS17"
7.74164551180306e-36	0.78194943564197	0.31	0.153	2.83351967377504e-31	"5"	"NOL6"
7.96001137503316e-36	0.559824509153559	0.526	0.304	2.91344376337589e-31	"5"	"PRMT7"
8.24536111960324e-36	0.68292379953707	0.915	0.778	3.01788462338598e-31	"5"	"PRSS23"
8.93629742472895e-36	0.516080178155894	0.694	0.467	3.27077422042504e-31	"5"	"RAE1"
1.05948390432942e-35	0.580491243573702	0.646	0.416	3.87781703823612e-31	"5"	"BMS1"
1.25258783125695e-35	0.558272760947056	0.447	0.244	4.58459672118355e-31	"5"	"LPXN"
1.33790458430414e-35	0.569759287380349	0.491	0.279	4.89686456901157e-31	"5"	"TERF2"
1.49691034052059e-35	0.742702875290974	0.398	0.217	5.47884153733943e-31	"5"	"TTPAL"
1.60733721448043e-35	0.597538386010958	0.517	0.302	5.88301493871984e-31	"5"	"AC012146.1"
1.62029183143355e-35	0.543611074374786	0.585	0.355	5.93043013222995e-31	"5"	"CYREN"
1.82698732846058e-35	0.557223825914729	0.569	0.34	6.68695632089856e-31	"5"	"STYX"
1.86454067481236e-35	0.50756263366394	0.652	0.401	6.82440532388073e-31	"5"	"ENDOG"
2.47306985485488e-35	0.608035884307688	0.522	0.311	9.05168297575434e-31	"5"	"PVR"
2.6830145908261e-35	0.617607968800775	0.459	0.255	9.82010170388261e-31	"5"	"SLC25A16"
3.06530901598816e-35	0.564877515999263	0.672	0.448	1.12193375294183e-30	"5"	"CHORDC1"
3.06549791269453e-35	0.610016076513278	0.384	0.201	1.12200289102533e-30	"5"	"ACAP3"
3.24838915850553e-35	0.575934009463093	0.551	0.33	1.18894291590461e-30	"5"	"CDC23"
3.37073270590046e-35	0.619577953694147	0.48	0.274	1.23372187768663e-30	"5"	"CTU2"
3.44376683035727e-35	0.559376032743534	0.749	0.513	1.26045309757906e-30	"5"	"RIPOR1"
3.5630549411236e-35	0.526085057132119	0.696	0.46	1.30411373900065e-30	"5"	"MRPL50"
4.15651941009229e-35	0.502927280755551	0.917	0.803	1.52132766928788e-30	"5"	"FRMD6"
4.4615143310012e-35	0.662291333002683	0.428	0.239	1.63295886028975e-30	"5"	"ZFPM2"
4.5300249924092e-35	0.633496874626152	0.415	0.226	1.65803444747169e-30	"5"	"RELL1"
5.83619773085749e-35	0.570588739687196	0.693	0.459	2.13610673147115e-30	"5"	"RPS6KB2"
7.11772259256963e-35	0.741263205264424	0.291	0.14	2.60515764610641e-30	"5"	"HAGHL"
8.15770321796479e-35	0.510797849654556	0.687	0.45	2.98580095480729e-30	"5"	"GTF2F2"
8.2711878715173e-35	0.596652167856143	0.387	0.203	3.02733747285405e-30	"5"	"RAPGEF6"
8.51281247455276e-35	0.606550438390841	0.609	0.391	3.11577449381106e-30	"5"	"PSPH"
9.2368124355049e-35	0.512601167253443	0.668	0.441	3.38076571951915e-30	"5"	"LNPK"
9.4505271806697e-35	0.501379753093116	0.74	0.518	3.45898745339692e-30	"5"	"DYNC1LI1"
9.55775332458835e-35	0.673506123570207	0.317	0.157	3.49823329433258e-30	"5"	"ETS2"
1.02690931065029e-34	0.55283564914341	0.772	0.59	3.75859076791112e-30	"5"	"ID1"
1.04246670915946e-34	0.777062154209466	0.262	0.121	3.81553240219453e-30	"5"	"DBR1"
1.06123148463769e-34	0.649829947870775	0.427	0.236	3.88421335692239e-30	"5"	"GEMIN5"
1.07382880454395e-34	0.5557335720124	0.459	0.256	3.93032080751133e-30	"5"	"OPN3"
1.11119820837659e-34	0.654186712798023	0.381	0.202	4.06709656247917e-30	"5"	"SCRIB"
1.11528447891709e-34	0.687283163631731	0.355	0.183	4.08205272128444e-30	"5"	"GLCE"
1.28007143095265e-34	0.630222180799587	0.345	0.174	4.68518944442979e-30	"5"	"TLCD1"
1.32854576512304e-34	0.818009363353913	0.304	0.151	4.86261035492684e-30	"5"	"FICD"
1.35598780527755e-34	0.563285632797598	0.503	0.287	4.96305096609637e-30	"5"	"MTFR1"
1.35883934092684e-34	0.600848981753957	0.402	0.216	4.97348787172632e-30	"5"	"STIMATE"
1.42960206660791e-34	0.557820903190737	0.513	0.298	5.23248652399161e-30	"5"	"EPS15L1"
1.57331502353989e-34	0.592386693290219	0.507	0.298	5.75849031765836e-30	"5"	"EXOSC6"
1.57515522645335e-34	0.648298631857834	0.551	0.347	5.76522564434191e-30	"5"	"TRPV2"
1.73390139893123e-34	0.55208883836752	0.467	0.258	6.34625251022821e-30	"5"	"HPS3"
1.82278985395264e-34	0.600265224905548	0.651	0.425	6.67159314445207e-30	"5"	"NIPSNAP3A"
1.8697811400296e-34	0.513617311769607	0.672	0.431	6.84358595062232e-30	"5"	"TGS1"
2.36025118187894e-34	0.547947880148516	0.661	0.431	8.6387553507951e-30	"5"	"AP1S2"
2.37953593939551e-34	0.791794385904434	0.265	0.124	8.7093394917815e-30	"5"	"RBM15"
2.39954358748093e-34	0.678471764628752	0.353	0.183	8.78256948453896e-30	"5"	"E2F3"
4.51489182207163e-34	0.538855806318891	0.536	0.316	1.65249555579644e-29	"5"	"DUSP3"
4.69545350144043e-34	0.557889245232637	0.477	0.272	1.71858293606221e-29	"5"	"HACD2"
5.14785746806627e-34	0.67158953014374	0.35	0.18	1.88416731188694e-29	"5"	"INPP5F"
5.23764191545062e-34	0.57834683556867	0.427	0.233	1.91702931747408e-29	"5"	"NECTIN3"
5.56018540462519e-34	0.611039957667216	0.482	0.278	2.03508345994686e-29	"5"	"FAM49B"
5.97399642434835e-34	0.546373179121526	0.683	0.448	2.18654243127574e-29	"5"	"AOPEP"
5.99709014844295e-34	0.523172920769082	0.688	0.459	2.1949949652316e-29	"5"	"POLR1C"
6.64137704857404e-34	0.603526671300133	0.352	0.179	2.43081041354858e-29	"5"	"TMEM38B"
7.3119873919795e-34	0.644108243230658	0.342	0.176	2.67626050533842e-29	"5"	"IMMP1L"
7.51303834537786e-34	0.642876541514684	0.384	0.206	2.74984716479175e-29	"5"	"CEP41"
7.60858853429181e-34	0.563908926430789	0.46	0.259	2.78481948943615e-29	"5"	"TXNRD2"
7.86654096278617e-34	0.751032719396036	0.265	0.124	2.87923265778937e-29	"5"	"BTBD3"
9.05336948067041e-34	0.572187277712389	0.644	0.421	3.31362376362018e-29	"5"	"TMEM237"
1.07729534938566e-33	0.538453251512359	0.444	0.244	3.94300870828645e-29	"5"	"UBQLN4"
1.07779177262811e-33	0.636862440089914	0.346	0.178	3.94482566699615e-29	"5"	"EARS2"
1.1043319134498e-33	0.582124062929712	0.468	0.269	4.04196523641763e-29	"5"	"EEF1AKNMT"
1.18929172888748e-33	0.522796334392283	0.686	0.455	4.35292665690107e-29	"5"	"FTSJ3"
1.19755314463552e-33	0.589468264800338	0.412	0.223	4.38316426468048e-29	"5"	"RCCD1"
1.24117221188821e-33	0.539263219377107	0.429	0.233	4.54281441273205e-29	"5"	"USP12"
1.50796814633899e-33	0.558866192113048	0.459	0.258	5.51931421241533e-29	"5"	"DROSHA"
1.52310368018214e-33	0.562755951552749	0.478	0.275	5.57471177983466e-29	"5"	"RASAL2"
1.62452756712953e-33	0.551003187783528	0.428	0.233	5.94593334845078e-29	"5"	"UPF3B"
1.7815190024543e-33	0.661634564396229	0.39	0.21	6.52053770088299e-29	"5"	"CLASP2"
1.96104711261913e-33	0.503131018328227	0.663	0.429	7.17762853689727e-29	"5"	"KATNBL1"
1.96175543971151e-33	0.50561472150936	0.664	0.435	7.18022108488811e-29	"5"	"CAMK1"
2.1395503258137e-33	0.633020742900464	0.426	0.236	7.83096814751071e-29	"5"	"RAB27A"
2.16852923968884e-33	0.553522552953593	0.587	0.364	7.93703387018513e-29	"5"	"MTA2"
2.28486704695971e-33	0.656577685205165	0.4	0.221	8.36284187857724e-29	"5"	"BPGM"
2.35648900124586e-33	0.697173409433033	0.299	0.147	8.62498539345997e-29	"5"	"LRCH1"
2.35771009099493e-33	0.602209331567034	0.418	0.23	8.62945470405054e-29	"5"	"GUF1"
2.43191477635063e-33	0.577482232737561	0.464	0.263	8.90105127292093e-29	"5"	"SPRYD4"
2.43426960012725e-33	0.550198015167668	0.551	0.333	8.90967016342574e-29	"5"	"MPP1"
2.58534387641591e-33	0.554116139621355	0.441	0.244	9.46261712206986e-29	"5"	"ACER3"
2.74184175991581e-33	0.746658715626375	0.261	0.122	1.00354150254679e-28	"5"	"KLHDC4"
2.77651452546e-33	0.681170416787567	0.336	0.173	1.01623208146361e-28	"5"	"C6orf132"
2.85278490294893e-33	0.522535191704104	0.644	0.417	1.04414780232834e-28	"5"	"LYPLA2"
3.03364528587121e-33	0.609270239724006	0.41	0.224	1.11034451108172e-28	"5"	"METTL8"
3.08915706044822e-33	0.735874102438919	0.429	0.245	1.13066237569465e-28	"5"	"LIN7A"
3.25553891526916e-33	0.675741418875755	0.361	0.191	1.19155979837767e-28	"5"	"CEP83"
3.86861585590766e-33	0.517307590487986	0.68	0.444	1.41595208942076e-28	"5"	"IKBKG"
4.23661467584222e-33	0.732089321200097	0.321	0.164	1.55064333750501e-28	"5"	"RPAP1"
5.42035583757184e-33	0.506057620763765	0.732	0.504	1.98390444010967e-28	"5"	"IRAK1"
5.60619128179121e-33	0.538733339611867	0.478	0.274	2.0519220710484e-28	"5"	"MPP5"
6.1559593106466e-33	0.650731605023631	0.289	0.14	2.25314266728976e-28	"5"	"ALMS1"
6.64283876659455e-33	0.600877591718764	0.491	0.29	2.43134541696127e-28	"5"	"SLC1A1"
8.27805514393458e-33	0.547883787488614	0.613	0.392	3.0298509632315e-28	"5"	"UGGT1"
9.63850132684889e-33	0.662950837426125	0.44	0.253	3.52778787063996e-28	"5"	"VEPH1"
9.87228311004971e-33	0.563340579380177	0.41	0.223	3.61335434110929e-28	"5"	"ITPK1"
1.04871125244925e-32	0.583174782824761	0.366	0.192	3.83838805508949e-28	"5"	"DNLZ"
1.12504112112251e-32	0.722329728892593	0.33	0.172	4.1177630074205e-28	"5"	"ULBP2"
1.21814115500767e-32	0.562315031876344	0.807	0.628	4.45851844144359e-28	"5"	"RALGPS2"
1.25315309437629e-32	0.507208782875493	0.534	0.319	4.58666564072665e-28	"5"	"RAB35"
1.30300875017078e-32	0.521806988735422	0.489	0.281	4.76914232650009e-28	"5"	"OTULIN"
1.52316463586124e-32	0.831745118576632	0.304	0.155	5.57493488371572e-28	"5"	"ZDHHC2"
1.72224956009912e-32	0.53982998443605	0.529	0.314	6.30360561491879e-28	"5"	"GTF2H2C"
1.90704190207945e-32	0.569883698161418	0.49	0.286	6.97996406580099e-28	"5"	"CCAR2"
1.97727326899705e-32	0.650020956478055	0.318	0.161	7.23701789185611e-28	"5"	"SIPA1"
1.98132088519727e-32	0.541745266451124	0.504	0.297	7.25183257191053e-28	"5"	"RFK"
2.10230626762055e-32	0.529616737355281	0.54	0.325	7.69465117011796e-28	"5"	"C16orf91"
2.45727468032251e-32	0.641713287876884	0.338	0.174	8.99387105744841e-28	"5"	"XPO4"
2.57910357878988e-32	0.575375727247872	0.47	0.268	9.43977700872883e-28	"5"	"RPP40"
2.80721263476583e-32	0.558488680159629	0.672	0.457	1.02746789645064e-27	"5"	"RCAN1"
2.89477428450428e-32	0.516704473429004	0.687	0.452	1.05951633587141e-27	"5"	"RPE"
3.01956133836398e-32	0.506897446591736	0.601	0.371	1.1051896454546e-27	"5"	"WDR75"
3.07606212620101e-32	0.53655024981889	0.4	0.217	1.12586949881083e-27	"5"	"NHLRC2"
3.48110281429956e-32	0.500043950805895	0.547	0.325	1.27411844106178e-27	"5"	"DHRS7B"
3.5764799360457e-32	0.529440057267771	0.666	0.441	1.30902742139209e-27	"5"	"PREB"
4.54075119384355e-32	0.527222421948977	0.647	0.421	1.66196034445868e-27	"5"	"SCO1"
4.54426211996133e-32	0.5137645905617	0.749	0.53	1.66324537852705e-27	"5"	"API5"
4.70198376387775e-32	0.533103511755766	0.565	0.345	1.7209730774169e-27	"5"	"STK4"
6.81676022065796e-32	0.623480242027644	0.457	0.267	2.49500240836302e-27	"5"	"ARSK"
7.69979872421635e-32	0.505768313189977	0.478	0.277	2.81820333105043e-27	"5"	"PLCB1"
9.81252149804691e-32	0.541887929715641	0.502	0.297	3.59148099350015e-27	"5"	"PURB"
1.25478872938818e-31	0.54593613771279	0.53	0.316	4.59265222843368e-27	"5"	"NAGA"
1.2685482756042e-31	0.72494789010635	0.254	0.12	4.64301354353894e-27	"5"	"CDKAL1"
1.31144775124092e-31	0.522562960650372	0.608	0.383	4.80002991431688e-27	"5"	"USB1"
1.3457040977541e-31	0.530027621856549	0.518	0.309	4.92541156818978e-27	"5"	"WDR12"
1.51727343431034e-31	0.572292781167036	0.568	0.364	5.55337249691927e-27	"5"	"SMTN"
1.69775523946469e-31	0.520072227602832	0.496	0.29	6.21395395196471e-27	"5"	"FLAD1"
2.10454912018099e-31	0.593740314107111	0.395	0.217	7.70286023477444e-27	"5"	"SLC9A7"
2.1057444372067e-31	0.600629121100847	0.359	0.191	7.70723521462025e-27	"5"	"SOGA1"
2.13199682784698e-31	0.632190895159323	0.335	0.173	7.80332158960274e-27	"5"	"TAF9B"
2.15880566201872e-31	0.704884621799426	0.343	0.182	7.90144460355472e-27	"5"	"DNASE1"
2.16764243584218e-31	0.513657909965629	0.659	0.438	7.93378807942596e-27	"5"	"SPRYD7"
2.20360566962219e-31	0.530626702265014	0.602	0.384	8.06541711138416e-27	"5"	"MFSD12"
2.27584869604172e-31	0.540584459710239	0.448	0.256	8.32983381238231e-27	"5"	"AL445524.1"
2.71032427958982e-31	0.605076566382488	0.383	0.211	9.92005789572669e-27	"5"	"MICAL3"
2.74731075409057e-31	0.562931713626248	0.476	0.282	1.00554320910469e-26	"5"	"PRR7"
2.80174875349031e-31	0.50895836064467	0.486	0.284	1.02546806126499e-26	"5"	"TTC4"
3.0453651243135e-31	0.695822052334991	0.316	0.163	1.11463408914999e-26	"5"	"EFCAB11"
3.21649141512588e-31	0.542759931972442	0.46	0.265	1.17726802285022e-26	"5"	"SOCS4"
4.19570144161726e-31	0.628072651823752	0.307	0.155	1.53566868464633e-26	"5"	"PTPDC1"
4.26667632500465e-31	0.682910123289412	0.321	0.167	1.56164620171495e-26	"5"	"NR2F1"
4.63676345368907e-31	0.653522760054274	0.329	0.171	1.69710179168474e-26	"5"	"C9orf116"
5.09285714950547e-31	0.50659958675989	0.498	0.291	1.8640366452905e-26	"5"	"MFSD14C"
5.1232298526245e-31	0.609927102962174	0.434	0.248	1.87515335835909e-26	"5"	"CEP250"
6.30612804659337e-31	0.554071221254427	0.373	0.2	2.30810592633364e-26	"5"	"ANAPC1"
6.79808400485694e-31	0.514924144409819	0.52	0.308	2.48816672661769e-26	"5"	"NSUN5"
8.09722322796074e-31	0.549269526695464	0.495	0.293	2.96366467366591e-26	"5"	"CSTF1"
8.1415762540283e-31	0.556716416629081	0.357	0.189	2.9798983247369e-26	"5"	"KATNB1"
8.59741643752523e-31	0.663136564416178	0.312	0.159	3.14674039029861e-26	"5"	"UBXN11"
9.87532452424849e-31	0.554528180242266	0.462	0.27	3.61446752912019e-26	"5"	"FAM98B"
1.02322348208788e-30	0.591655623837363	0.364	0.196	3.74510026678987e-26	"5"	"CERS6"
1.07260481548911e-30	0.599412359018619	0.316	0.161	3.92584088517168e-26	"5"	"PAQR3"
1.18691945461327e-30	0.531793173684131	0.665	0.457	4.34424389583004e-26	"5"	"ZDHHC12"
1.50846581895163e-30	0.587699264590448	0.367	0.198	5.52113574394487e-26	"5"	"ABR"
1.58000566973556e-30	0.51604123342172	0.553	0.341	5.78297875179911e-26	"5"	"REV1"
1.85853602078395e-30	0.521684579240476	0.47	0.272	6.80242768967134e-26	"5"	"ZNF749"
1.91565928797479e-30	0.565242481111725	0.416	0.234	7.01150455991652e-26	"5"	"PDRG1"
2.0154691751334e-30	0.535957900396439	0.457	0.261	7.37681872790574e-26	"5"	"MTG2"
2.10669269323409e-30	0.750128450315344	0.537	0.354	7.7107059265061e-26	"5"	"CKB"
2.13750906519355e-30	0.64051166491471	0.264	0.127	7.82349692951492e-26	"5"	"LRIG1"
2.75627404743427e-30	0.50383404683209	0.533	0.32	1.00882386410142e-25	"5"	"DHDDS"
2.82671475825165e-30	0.591282830433043	0.467	0.278	1.03460586866768e-25	"5"	"GTF3C2"
2.87610916637219e-30	0.647349578615581	0.398	0.229	1.05268471598388e-25	"5"	"DBNDD2"
3.07564494468282e-30	0.510298811865883	0.534	0.321	1.12571680620336e-25	"5"	"PDP1"
3.60587392740344e-30	0.517331917048827	0.484	0.283	1.31978591616893e-25	"5"	"RBBP5"
4.01899209311947e-30	0.527336877608101	0.564	0.355	1.47099129600266e-25	"5"	"ENO2"
4.70869838945893e-30	0.521803522051853	0.42	0.236	1.72343069752586e-25	"5"	"APAF1"
4.77097305378871e-30	0.63903411487663	0.323	0.169	1.74622384741721e-25	"5"	"RAB30-DT"
5.22228474503632e-30	0.587341636878914	0.328	0.171	1.91140843953074e-25	"5"	"LRRC57"
7.57476805809252e-30	0.598049239732836	0.306	0.157	2.77244085694244e-25	"5"	"REXO1"
8.47593755320202e-30	0.688894509205326	0.285	0.144	3.10227790384747e-25	"5"	"CHUK"
1.11887068651726e-29	0.501697804983297	0.585	0.368	4.09517859972183e-25	"5"	"METTL17"
1.25401631981918e-29	0.518844697704906	0.438	0.249	4.58982513217018e-25	"5"	"SHQ1"
1.26353274173061e-29	0.544632218476568	0.494	0.298	4.6246561880082e-25	"5"	"WDR55"
1.39433500480181e-29	0.647948532670865	0.281	0.142	5.10340555107511e-25	"5"	"TBC1D4"
1.65300643383839e-29	0.521176847516037	0.583	0.371	6.05016884849189e-25	"5"	"GMDS"
1.72293504593538e-29	0.63134855015702	0.297	0.15	6.30611456162809e-25	"5"	"ENTPD1-AS1"
1.86234714962375e-29	0.656183264212125	0.428	0.247	6.81637680233788e-25	"5"	"HACL1"
1.88973281836433e-29	0.570731910585009	0.485	0.287	6.9166110884953e-25	"5"	"SEPTIN8"
1.95112353291619e-29	0.638398257060932	0.32	0.168	7.14130724282654e-25	"5"	"CXorf38"
2.64054087521554e-29	0.529714096645968	0.379	0.207	9.6646436573764e-25	"5"	"TLNRD1"
3.57785921625283e-29	0.564021001887742	0.451	0.263	1.3095322517407e-24	"5"	"DIP2A"
3.58079786661542e-29	0.504977329739542	0.51	0.307	1.31060782715991e-24	"5"	"GMCL1"
3.62452008413482e-29	0.507909059755947	0.506	0.306	1.32661059599419e-24	"5"	"ASH2L"
3.77392429262996e-29	0.679213003343554	0.285	0.145	1.38129403034549e-24	"5"	"WDR92"
3.82139006651699e-29	0.590202901850913	0.402	0.229	1.39866697824588e-24	"5"	"GFM2"
4.09222338244435e-29	0.508617004492867	0.53	0.331	1.49779468020846e-24	"5"	"INTS13"
4.09479186982053e-29	0.524490192446893	0.573	0.361	1.49873477227301e-24	"5"	"POM121"
5.35204625993585e-29	0.566949588956542	0.285	0.144	1.95890245159912e-24	"5"	"CHST3"
5.65241656575464e-29	0.531996448584327	0.384	0.211	2.06884098723186e-24	"5"	"TRIM26"
5.68015149746578e-29	0.561659324991163	0.324	0.17	2.07899224958745e-24	"5"	"TXNL4B"
7.03482543950636e-29	0.667862442903367	0.304	0.158	2.57481645911372e-24	"5"	"TUBGCP4"
7.55408968722868e-29	0.626011659371391	0.33	0.176	2.76487236642257e-24	"5"	"NEK4"
7.56865936243322e-29	0.517400548497049	0.371	0.201	2.77020501324418e-24	"5"	"CHEK2"
8.84511988328272e-29	0.616039595728759	0.351	0.191	3.23740232848031e-24	"5"	"KLHL18"
8.9580633222838e-29	0.535160314595655	0.438	0.256	3.27874075658909e-24	"5"	"GNL3L"
9.02339470409763e-29	0.63288542549303	0.314	0.165	3.30265269564677e-24	"5"	"PRKCD"
1.06214265007205e-28	0.529243338721102	0.569	0.365	3.88754831352869e-24	"5"	"SEC11C"
1.17808234458316e-28	0.576896637421789	0.364	0.2	4.31189918940882e-24	"5"	"FBLN7"
1.19669438303335e-28	0.512423675508806	0.467	0.277	4.38002111134036e-24	"5"	"EIF5A2"
1.44169709775946e-28	0.533455302267182	0.71	0.505	5.2767555475094e-24	"5"	"PYGB"
1.53906779811095e-28	0.68441662824217	0.263	0.131	5.63314204786588e-24	"5"	"PCBD2"
1.61014239473213e-28	0.606284561550272	0.353	0.195	5.89328217895907e-24	"5"	"MAP3K11"
1.7076743696517e-28	0.586649931513728	0.566	0.381	6.25025896036219e-24	"5"	"KAZALD1"
2.47777995267959e-28	0.529942357524039	0.304	0.157	9.06892240480256e-24	"5"	"SENP3"
2.50283490651383e-28	0.513047841418622	0.497	0.294	9.16062604133128e-24	"5"	"ING5"
2.59747010422823e-28	0.658145034870573	0.286	0.146	9.50700032848576e-24	"5"	"CARD10"
3.10381984381753e-28	0.506504368053499	0.419	0.238	1.13602910103565e-23	"5"	"C2orf69"
3.30480808739094e-28	0.555974709818977	0.398	0.226	1.20959280806596e-23	"5"	"MIRLET7BHG"
3.37017026717793e-28	0.585860201125576	0.258	0.127	1.23351601948979e-23	"5"	"ANKRD33B"
3.41536222631906e-28	0.540341937087756	0.378	0.21	1.25005672845504e-23	"5"	"COL13A1"
3.46982555205684e-28	0.625122521982532	0.468	0.287	1.26999085030832e-23	"5"	"PKNOX1"
3.75313603030546e-28	0.508529654238813	0.418	0.239	1.3736853184521e-23	"5"	"SNRNP48"
3.93377647459712e-28	0.736887852339287	0.275	0.142	1.43980152746729e-23	"5"	"FAM86C1"
4.16818077681901e-28	0.532549809369629	0.451	0.261	1.52559584612353e-23	"5"	"RABL3"
4.79465414040778e-28	0.609173200350857	0.31	0.162	1.75489136193065e-23	"5"	"ZDHHC18"
6.06287995976949e-28	0.588887277086455	0.386	0.219	2.21907469407523e-23	"5"	"EPG5"
6.48667912090907e-28	0.500369042243979	0.454	0.265	2.37418942504393e-23	"5"	"CERK"
8.56526872787233e-28	0.673308000309294	0.355	0.199	3.13497400708855e-23	"5"	"HPS5"
9.08188691010403e-28	0.632391427560852	0.255	0.126	3.32406142796717e-23	"5"	"GPATCH1"
1.00561240696507e-27	0.563074103302402	0.334	0.179	3.68064197073286e-23	"5"	"INPP5A"
1.13937698680108e-27	0.569569527871141	0.411	0.238	4.17023370939063e-23	"5"	"SLC16A2"
1.1514513341786e-27	0.560582347887803	0.33	0.176	4.21442702822709e-23	"5"	"KDM2B"
1.30014847265375e-27	0.623334216760639	0.294	0.153	4.75867342475997e-23	"5"	"CAPN15"
1.57741019971114e-27	0.541504720451701	0.626	0.435	5.77347907196273e-23	"5"	"NXN"
1.68325627034748e-27	0.581337011139079	0.292	0.151	6.1608862750988e-23	"5"	"PPP2R1B"
1.79325342003421e-27	0.651943228752234	0.325	0.178	6.56348684266722e-23	"5"	"C12orf4"
1.90641062137518e-27	0.527194017434529	0.48	0.293	6.97765351529529e-23	"5"	"CLOCK"
2.12877142625475e-27	0.540660951131697	0.359	0.198	7.791516297235e-23	"5"	"GEMIN2"
2.63069409530783e-27	0.546829670126064	0.482	0.296	9.62860345823619e-23	"5"	"CHERP"
3.21161758799649e-27	0.642269104380329	0.261	0.132	1.17548415338259e-22	"5"	"ZNF672"
3.719562911366e-27	0.522492070475884	0.482	0.297	1.36139722118907e-22	"5"	"FUOM"
3.92204613705291e-27	0.536460300519877	0.302	0.157	1.43550810662274e-22	"5"	"TARS2"
5.8281385442302e-27	0.652200141236641	0.269	0.136	2.13315698857369e-22	"5"	"DCAF1"
7.70241969202391e-27	0.537890261062836	0.345	0.188	2.81916263147767e-22	"5"	"PRMT3"
7.99976017742127e-27	0.621439318226295	0.682	0.502	2.92799222253796e-22	"5"	"DSP"
8.64672292415923e-27	0.554946043192831	0.363	0.203	3.16478705747152e-22	"5"	"SLC9B2"
9.54262482185895e-27	0.520777584796147	0.374	0.209	3.49269611104859e-22	"5"	"SLC35B4"
1.14218714543193e-26	0.592198020641002	0.315	0.17	4.18051917099542e-22	"5"	"E2F6"
1.17881078308162e-26	0.516989907373232	0.447	0.264	4.31456534715704e-22	"5"	"NFASC"
1.58503793105045e-26	0.533753406097342	0.306	0.163	5.80139733143777e-22	"5"	"FAN1"
1.69250358381517e-26	0.597673814690864	0.313	0.168	6.19473236712192e-22	"5"	"DZIP1L"
2.89589256153206e-26	0.607107575142681	0.368	0.21	1.05992563644635e-21	"5"	"TBC1D9"
3.15518607757483e-26	0.578984227032298	0.31	0.166	1.15482965625316e-21	"5"	"C16orf95"
3.69326087860854e-26	0.674119366686438	0.273	0.142	1.35177041417951e-21	"5"	"TTLL5"
4.36754604441367e-26	0.548370817577873	0.41	0.241	1.59856552771585e-21	"5"	"DNAJC5"
4.48860131018952e-26	0.566942260637384	0.432	0.261	1.64287296554247e-21	"5"	"CYB5R2"
6.32255461353012e-26	0.940927852985467	0.273	0.15	2.31411821409816e-21	"5"	"MEOX2"
7.21960464907076e-26	0.574954739182481	0.291	0.154	2.64244749760639e-21	"5"	"DHX37"
7.46479814366124e-26	0.510080424703103	0.469	0.289	2.73219076856145e-21	"5"	"PRPF3"
8.64477764641255e-26	0.553903015079369	0.293	0.154	3.16407506636346e-21	"5"	"TSEN54"
1.10715176237199e-25	0.513624970251766	0.427	0.253	4.05228616545773e-21	"5"	"MRM3"
1.16899147793572e-25	0.540029849513523	0.379	0.218	4.27862570839251e-21	"5"	"URB1"
1.26815077194512e-25	0.680187708860599	0.275	0.146	4.64155864039634e-21	"5"	"HSPA12A"
1.66097908741684e-25	0.540824894383881	0.363	0.207	6.07934955785439e-21	"5"	"MED14"
2.04945866488372e-25	0.550179599088601	0.334	0.186	7.50122365934089e-21	"5"	"PNPO"
2.22558618929611e-25	0.550728880462178	0.369	0.212	8.1458680114427e-21	"5"	"SLC66A1"
2.26119974205963e-25	0.575627836376997	0.292	0.154	8.27621717591244e-21	"5"	"MTMR12"
3.10690299824898e-25	0.526696231518781	0.568	0.395	1.13715756638911e-20	"5"	"LIMS2"
3.81446299136735e-25	0.506856379672588	0.366	0.208	1.39613159947036e-20	"5"	"MIOS"
4.00384964035325e-25	0.537290211305125	0.517	0.336	1.46544900686569e-20	"5"	"MFSD11"
5.62137471872148e-25	0.622362299208658	0.253	0.129	2.05747936079925e-20	"5"	"FES"
6.23725208685031e-25	0.602564013439501	0.305	0.166	2.28289663630808e-20	"5"	"FAM120C"
8.79192509374359e-25	0.605195938142915	0.324	0.182	3.21793250356109e-20	"5"	"PPM1F"
1.24882591035276e-24	0.670104781115274	0.263	0.138	4.57082771448214e-20	"5"	"DDX51"
1.49954254883025e-24	0.516974915851876	0.395	0.231	5.48847568297359e-20	"5"	"FMR1"
1.5888301397787e-24	0.607768386382356	0.267	0.14	5.81527719460402e-20	"5"	"DDX31"
1.64605751558716e-24	0.56533534054321	0.29	0.155	6.02473511280055e-20	"5"	"ZNF562"
1.99296887843477e-24	0.52279248135411	0.339	0.19	7.29446539195909e-20	"5"	"TRUB1"
2.62679098158459e-24	0.552035366360172	0.316	0.175	9.61431767169775e-20	"5"	"XYLT2"
4.5348407918523e-24	0.571291811852123	0.26	0.136	1.65979707822586e-19	"5"	"SLC25A25"
8.51601579112404e-24	0.540553864250952	0.452	0.286	3.11694693970931e-19	"5"	"PPP2R3A"
9.55684818979839e-24	0.563396463272291	0.255	0.132	3.49790200594811e-19	"5"	"TRERF1"
1.78763302493382e-23	0.537107235252202	0.368	0.212	6.54291563456026e-19	"5"	"MTHFD2L"
2.01086950750955e-23	0.575176632899083	0.29	0.159	7.35998348443569e-19	"5"	"RIOX1"
2.42177141611595e-23	0.610184413960995	0.281	0.151	8.863925560126e-19	"5"	"MBLAC2"
2.6739878293845e-23	0.610166924156377	0.257	0.136	9.78706285433019e-19	"5"	"SENP1"
2.85854080613195e-23	0.525935730793441	0.552	0.392	1.04625452045235e-18	"5"	"U2AF1L5"
3.00711866937336e-23	0.514171841365015	0.292	0.158	1.10063550417734e-18	"5"	"RNF166"
3.22787635698777e-23	0.50327936270291	0.301	0.165	1.18143502542109e-18	"5"	"DOP1B"
4.83613005405899e-23	0.549255625150599	0.296	0.163	1.77007196108613e-18	"5"	"FNDC10"
7.0162612531061e-23	0.542977542124072	0.532	0.356	2.56802178124936e-18	"5"	"ERCC6"
7.19362401402005e-23	0.619682249499427	0.259	0.138	2.63293832537148e-18	"5"	"AP002360.1"
9.2189414876121e-23	0.647710332111271	0.282	0.155	3.3742247738809e-18	"5"	"PDCD2L"
9.39730468761696e-23	0.536818944258103	0.337	0.194	3.43950748871468e-18	"5"	"CDR2L"
1.29160389524026e-22	0.741010406634576	0.543	0.393	4.72739941696887e-18	"5"	"SRGN"
1.87466313137726e-22	0.572310313950976	0.27	0.147	6.86145452715389e-18	"5"	"PTPRF"
3.67126384429039e-22	0.545809594498798	0.287	0.16	1.34371927964873e-17	"5"	"RAB7B"
1.08458564256247e-21	0.505573119990813	0.363	0.217	3.96969191034289e-17	"5"	"ASPHD1"
1.31584074003357e-21	0.548849316510001	0.275	0.151	4.81610869259689e-17	"5"	"AP4B1"
1.33809147867469e-21	0.52889761523293	0.294	0.165	4.89754862109725e-17	"5"	"OPA3"
1.5364600945158e-21	0.528302713138201	0.347	0.205	5.62359759193727e-17	"5"	"TTC27"
2.1805095719341e-21	0.515052142878407	0.266	0.145	7.980883084236e-17	"5"	"ZNF430"
2.32138648024192e-21	0.569673133614655	0.541	0.364	8.49650665633346e-17	"5"	"PLAU"
2.60719994773348e-21	0.520765437423059	0.496	0.342	9.54261252869931e-17	"5"	"F3"
6.34486612400514e-21	0.515240076978412	0.299	0.17	2.32228445004712e-16	"5"	"ELOVL4"
2.28661516989924e-20	0.549542963893618	0.286	0.162	8.36924018334822e-16	"5"	"PCCA-DT"
5.05251823052666e-20	0.5253996810819	0.285	0.164	1.84927219755506e-15	"5"	"FNTB"
5.17001620277175e-20	0.620922695516104	0.361	0.227	1.89227763037649e-15	"5"	"GSTT2B"
5.97482784694677e-20	0.502756080199089	0.263	0.146	2.18684674026099e-15	"5"	"ATG16L2"
6.01167651049564e-20	0.631575600843564	0.305	0.18	2.20033371960651e-15	"5"	"CDKN2D"
6.61518401723498e-20	0.511807420564621	0.259	0.143	2.42122350214817e-15	"5"	"PARP12"
9.48594705879363e-20	0.573104692599749	0.27	0.153	3.47195148298906e-15	"5"	"DGKH"
1.48212883910225e-19	0.51753953088429	0.302	0.176	5.42473976399813e-15	"5"	"LIG3"
1.83949254555319e-19	0.602081578128789	0.268	0.154	6.73272666597923e-15	"5"	"AP000547.3"
2.13546284111729e-19	0.585457361585764	0.521	0.378	7.81600754477337e-15	"5"	"TNXB"
5.34481954630136e-19	0.54417192190679	0.304	0.18	1.95625740214176e-14	"5"	"TANGO6"
1.06713214687464e-18	0.500087104304578	0.302	0.178	3.90581037077587e-14	"5"	"ME3"
8.51575795616286e-18	0.549623191895568	0.262	0.152	3.11685256953517e-13	"5"	"DUSP10"
9.81750712642481e-18	0.587620750781968	0.328	0.203	3.59330578334274e-13	"5"	"IFIT3"
3.42875923353077e-17	0.57472231110132	0.49	0.346	1.2549601670646e-12	"5"	"SFRP1"
5.7741018603589e-17	0.523508554797887	0.261	0.152	2.11337902190996e-12	"5"	"AC015712.2"
1.39640932435893e-14	0.514369992511984	0.42	0.295	5.1109977680861e-10	"5"	"NTN4"
4.19219757244928e-13	0.566156412413087	0.259	0.168	1.53438623349216e-08	"5"	"TNFRSF11B"
1.48994365591814e-12	0.528119831584815	0.398	0.296	5.453342775026e-08	"5"	"KRT18"
8.19250223346909e-11	0.524244929802426	0.325	0.228	2.99853774247202e-06	"5"	"LINC01119"
3.0711680102752e-07	0.662995918372935	0.444	0.37	0.0112407820344083	"5"	"IGFBP5"
3.14063315092649e-06	0.526479581123689	0.909	0.92	0.114950313957061	"5"	"IGFBP3"
0	5.30832320420719	0.868	0.147	0	"6"	"CD36"
0	5.75416890959068	0.716	0.076	0	"6"	"TINAGL1"
0	4.46258408029381	0.925	0.318	0	"6"	"COL4A1"
0	3.09260697775996	0.828	0.27	0	"6"	"EDIL3"
0	4.02374539070614	0.922	0.375	0	"6"	"NDUFA4L2"
0	3.76998927165534	0.963	0.456	0	"6"	"COL4A2"
0	6.13968604281539	0.524	0.043	0	"6"	"PPP1R14A"
0	2.92724440090285	0.734	0.265	0	"6"	"LMOD1"
0	2.18927395371308	0.949	0.552	0	"6"	"OLFM2"
0	5.57261594095886	0.435	0.041	0	"6"	"ACTG2"
0	4.03089942766699	0.432	0.059	0	"6"	"ITGA7"
0	7.17265946644237	0.37	0.005	0	"6"	"LINC01197"
0	3.9382063389674	0.382	0.047	0	"6"	"ARHGDIB"
0	3.75035701347402	0.37	0.05	0	"6"	"A2M"
0	8.81624005121989	0.296	0.001	0	"6"	"ADGRF5"
0	4.86263388034997	0.279	0.018	0	"6"	"PLPPR4"
0	8.16949688089934	0.259	0.001	0	"6"	"CD4"
0	7.21453769634215	0.257	0.003	0	"6"	"GMFG"
0	5.23261447514587	0.266	0.014	0	"6"	"PALMD"
0	2.364380408008	0.961	0.75	0	"6"	"NR2F2"
0	2.19828118450151	1	0.978	0	"6"	"IGFBP7"
3.65018513205668e-308	2.92486252780118	0.588	0.163	1.33600426018407e-303	"6"	"PRUNE2"
5.18101515152909e-308	3.01228596630578	0.402	0.073	1.89630335561116e-303	"6"	"FAM162B"
8.37087823619006e-280	2.01017606906708	0.861	0.388	3.06382514322792e-275	"6"	"SRGN"
2.3201477388093e-273	3.24584389945124	0.468	0.111	8.49197273881592e-269	"6"	"HGF"
1.37381197454531e-268	3.18023657714077	0.756	0.354	5.0282892080333e-264	"6"	"MYLK"
3.9353232932548e-262	2.30578187281062	0.738	0.311	1.44036767856419e-257	"6"	"EBF2"
2.16411768472446e-260	1.44368034991132	0.997	0.981	7.92088713785999e-256	"6"	"CAV1"
7.94631019498904e-260	1.55423818430319	1	0.984	2.90842899446794e-255	"6"	"HLA-B"
1.19189377238539e-258	1.54843401246712	1	0.986	4.36245039630778e-254	"6"	"MYL9"
6.60297410121467e-258	2.4942869873582	0.537	0.146	2.41675455078558e-253	"6"	"MEOX2"
1.42170168473835e-255	2.49496268754515	0.657	0.243	5.20357033631083e-251	"6"	"SNTB1"
2.38760266959633e-254	1.20004242460836	0.999	0.999	8.73886453098953e-250	"6"	"IGFBP4"
4.54566334479991e-252	2.33952307804733	0.829	0.493	1.66375824083021e-247	"6"	"TP53I11"
1.24381079571647e-246	2.91359087760865	0.436	0.104	4.55247189340184e-242	"6"	"DAAM2"
2.73755234041476e-241	3.21040939987239	0.616	0.201	1.00197153211521e-236	"6"	"APOE"
3.31507428769736e-240	1.19805758486751	0.994	0.972	1.21335034004011e-235	"6"	"LOXL2"
2.56339863665135e-236	1.47739846601125	1	1	9.38229535000762e-232	"6"	"CALD1"
8.12458197411061e-232	2.96698847416775	0.365	0.077	2.97367824834422e-227	"6"	"AGTR1"
6.33744653141007e-231	3.37518719352903	0.284	0.048	2.3195688049614e-226	"6"	"PDE3A"
6.92460709735882e-230	3.01952774978282	0.524	0.164	2.5344754437043e-225	"6"	"ITGA1"
1.57864119051229e-227	2.46021066777178	0.661	0.269	5.77798462139405e-223	"6"	"SYTL2"
3.10358089026625e-223	2.59432119396801	0.507	0.146	1.13594164164635e-218	"6"	"BST2"
4.59897103611036e-208	2.82793925820095	0.675	0.314	1.68326938892675e-203	"6"	"SYNPO2"
4.17497323095214e-206	1.91004542792218	0.956	0.779	1.52808195226079e-201	"6"	"COL8A1"
4.94688066525412e-206	1.73109106557216	0.994	0.967	1.81060779228966e-201	"6"	"TAGLN"
1.37465412925322e-197	1.94223829784666	0.797	0.486	5.03137157847969e-193	"6"	"COL5A3"
4.39974036117483e-191	3.4283430497383	0.816	0.607	1.6103489695936e-186	"6"	"ACTA2"
6.22991284404526e-191	3.18980796860539	0.455	0.14	2.280210400049e-186	"6"	"RDH5"
7.45748833884836e-187	2.00402375152003	0.908	0.783	2.72951530690189e-182	"6"	"CSRP1"
2.76048278743197e-175	2.80422850290778	0.642	0.3	1.01036430502798e-170	"6"	"CNN1"
6.48852071633628e-171	1.01255190130062	0.979	0.951	2.37486346738624e-166	"6"	"SELENOW"
1.16561185460701e-169	2.403979129711	0.673	0.357	4.26625594904712e-165	"6"	"ADA"
2.89511240595293e-169	3.16043901734424	0.253	0.05	1.05964009170283e-164	"6"	"CHSY3"
4.72204722073553e-163	0.936953355989893	1	1	1.72831650326141e-158	"6"	"MYL6"
1.13890620841863e-161	2.27649541323333	0.539	0.209	4.16851061343301e-157	"6"	"ALPL"
1.1018368893615e-155	1.1315532122872	0.98	0.951	4.03283319875201e-151	"6"	"MYH9"
2.52352890719425e-153	2.191152449313	0.441	0.142	9.23636815322167e-149	"6"	"SELENOP"
5.854375197304e-152	1.07765696999596	1	0.999	2.14275986596524e-147	"6"	"TPM2"
1.62289601997396e-151	0.920545288131378	0.954	0.903	5.9399617227067e-147	"6"	"SH3BGRL"
7.02744834784555e-150	1.83828664121945	0.767	0.439	2.57211636979495e-145	"6"	"C11orf96"
1.36962849675052e-149	1.63230590188573	0.842	0.688	5.01297726095659e-145	"6"	"CAV2"
2.81956138929791e-146	2.11822620629953	0.561	0.254	1.03198766409693e-141	"6"	"NXPH4"
7.67148998840895e-144	1.49821498606509	0.816	0.571	2.80784205065756e-139	"6"	"COX7A1"
5.39174750408261e-142	2.45018866689495	0.452	0.165	1.97343350396927e-137	"6"	"VWA1"
1.89380280446702e-140	0.66948970692295	1	0.998	6.93150764462973e-136	"6"	"DSTN"
4.62785244287042e-139	0.677825021150882	0.994	0.992	1.693840272615e-134	"6"	"CYB5R3"
1.57687267207619e-138	2.10787005484756	0.548	0.246	5.77151166706606e-134	"6"	"NOTCH3"
5.76291736858063e-137	2.63073369274801	0.312	0.085	2.10928538607419e-132	"6"	"TRPC4"
4.06734048905928e-135	1.73905456139237	0.547	0.219	1.48868729240059e-130	"6"	"PTN"
4.65323138808104e-135	0.774214478427881	0.998	0.994	1.70312922035154e-130	"6"	"HSPB6"
2.57949982155584e-130	1.59049584797823	0.708	0.366	9.44122729687653e-126	"6"	"IGFBP5"
8.82167350106375e-130	2.60256419788045	0.292	0.078	3.22882071812434e-125	"6"	"CSPG4"
3.47645352134801e-129	2.42322403561223	0.375	0.122	1.27241675334859e-124	"6"	"PDE5A"
3.47761087869347e-128	0.938005733530019	0.995	0.871	1.2728403577106e-123	"6"	"POSTN"
3.50660100737186e-128	1.58217868785722	0.739	0.452	1.28345103470818e-123	"6"	"TFPI"
9.29302779615556e-127	1.48091854412961	0.777	0.549	3.4013411036709e-122	"6"	"F2R"
4.67199132650427e-123	1.76971910249023	0.724	0.454	1.70999554541383e-118	"6"	"COL18A1"
3.02330281168761e-122	2.8710231974469	0.267	0.069	1.10655906210578e-117	"6"	"MCAM"
5.74076185926459e-121	2.38399312677538	0.34	0.107	2.10117624810943e-116	"6"	"JAG1"
1.35266734171598e-120	1.8989232097586	0.519	0.231	4.95089773741466e-116	"6"	"MRVI1"
1.25299084606299e-118	0.704017806571276	0.989	0.974	4.58607179567516e-114	"6"	"SEPTIN7"
3.08850139669853e-118	0.693099432500879	0.993	0.947	1.13042239620563e-113	"6"	"LGALS3BP"
5.21056869171733e-118	2.65907687456464	0.271	0.073	1.90712024685546e-113	"6"	"DMD"
1.30100050335334e-115	1.37597374780325	0.775	0.551	4.76179194232358e-111	"6"	"PDLIM1"
2.75554679527338e-114	0.781374428225181	0.957	0.94	1.00855768253801e-109	"6"	"ILK"
1.5446084773441e-112	2.64135617096442	0.28	0.08	5.65342148792715e-108	"6"	"CYFIP2"
2.53170825105859e-111	1.48071989785527	0.693	0.448	9.26630536969956e-107	"6"	"AOPEP"
1.09229637755865e-110	2.05858988623416	0.297	0.086	3.99791397150243e-106	"6"	"ACAN"
1.11979846247744e-110	1.01797102113352	0.932	0.883	4.09857435251368e-106	"6"	"VCL"
2.07340422302521e-110	1.2401360766262	0.952	0.894	7.58886679669458e-106	"6"	"IFITM1"
1.59349130991139e-109	1.22048122602797	0.856	0.737	5.83233754340667e-105	"6"	"PDLIM5"
2.86488058118889e-109	1.524711743854	0.765	0.496	1.04857494152095e-104	"6"	"CLEC3B"
9.898384797372e-109	1.4156330890529	0.592	0.289	3.62290781968612e-104	"6"	"OLFML1"
2.61465884284042e-107	2.15282200623316	0.41	0.165	9.56991283068022e-103	"6"	"PDGFA"
5.86442969029883e-105	1.13519065160356	0.94	0.858	2.14643991094628e-100	"6"	"TXNIP"
3.52700337559941e-104	1.84278716091864	0.663	0.434	1.29091850550314e-99	"6"	"MGLL"
5.8828844690107e-104	1.03216866849873	0.883	0.756	2.15319454450261e-99	"6"	"IFI6"
3.44475430447322e-103	0.792710765902064	0.986	0.99	1.26081452298024e-98	"6"	"CAVIN1"
1.51096631313889e-102	1.04534486662923	0.965	0.84	5.53028780271964e-98	"6"	"SERPING1"
3.36797078348657e-101	1.04101086403991	0.974	0.947	1.23271098646392e-96	"6"	"TUBA1A"
1.14876344481116e-99	2.14740285615534	0.364	0.134	4.20458908435333e-95	"6"	"EDNRA"
1.64935731956023e-99	0.693605804448013	0.981	0.954	6.03681272532241e-95	"6"	"CNN3"
2.26861045204081e-98	0.563082309812728	1	0.999	8.30334111551456e-94	"6"	"HLA-A"
4.85117994027442e-97	1.79317541242311	0.401	0.157	1.77558036993984e-92	"6"	"TM4SF1"
6.03432833798323e-96	1.97904016926287	0.546	0.293	2.20862451498524e-91	"6"	"NTN4"
9.97106175340658e-95	0.947707015728624	0.925	0.881	3.64950831236434e-90	"6"	"ACTN4"
4.45425111164329e-94	0.730398215326451	0.994	0.999	1.63030044937256e-89	"6"	"HSPB1"
2.28617504355895e-93	2.15285620452819	0.288	0.093	8.36762927693013e-89	"6"	"NCKAP5"
9.77297022948247e-93	1.75855776237417	0.5	0.237	3.57700483369288e-88	"6"	"COL15A1"
1.26759810856534e-91	1.40901509931454	0.681	0.453	4.63953583715999e-87	"6"	"SLC9A3R2"
1.34404602498049e-91	2.3325183908533	0.355	0.139	4.91934285603109e-87	"6"	"HSPA2"
6.5137198400327e-91	0.859617966230072	0.893	0.861	2.38408659865037e-86	"6"	"NPTN"
9.24074931700604e-88	1.44691067136409	0.761	0.617	3.38220665751738e-83	"6"	"PCSK7"
3.47948463848765e-86	0.825431701913698	0.952	0.895	1.27352617253286e-81	"6"	"NBL1"
1.84552938556007e-85	1.37252298892102	0.654	0.406	6.75482210408842e-81	"6"	"ABI3BP"
3.78277614286314e-85	1.16235469570754	0.744	0.541	1.38453389604934e-80	"6"	"ITM2C"
3.08143870517591e-84	0.524751430950408	0.999	0.999	1.12783738048144e-79	"6"	"TPM4"
5.61732538430576e-84	1.56513481202419	0.637	0.415	2.05599726390975e-79	"6"	"INHBA"
9.6906869473865e-84	0.539139896249422	0.986	0.986	3.54688832961293e-79	"6"	"ZYX"
1.54133825199204e-83	0.585131458852411	0.976	0.974	5.64145213611607e-79	"6"	"C4orf3"
9.07976182821201e-81	1.99801526429915	0.466	0.247	3.32328362674388e-76	"6"	"PRKAG2"
1.88203115905234e-80	1.45434450005615	0.605	0.362	6.88842224524746e-76	"6"	"FXYD1"
4.90444219048632e-80	1.25153274187172	0.887	0.829	1.7950748861399e-75	"6"	"UROD"
6.2092148362883e-80	1.00804659519016	0.775	0.56	2.27263472222988e-75	"6"	"SCUBE3"
1.16349926473824e-79	1.64514314848907	0.468	0.234	4.25852365886845e-75	"6"	"LY6K"
1.93952696583929e-79	0.983043985655702	0.81	0.682	7.09886264766838e-75	"6"	"NID2"
1.06638653599766e-77	1.26594516711837	0.909	0.843	3.90308136040502e-73	"6"	"CRYAB"
4.29937979737202e-77	0.798738627448228	0.923	0.868	1.57361599963613e-72	"6"	"CHPF"
3.31572311486678e-76	1.46658016616821	0.6	0.363	1.21358781727239e-71	"6"	"PLAU"
1.50865805472917e-73	0.685002248032981	0.902	0.871	5.52183934611424e-69	"6"	"ADAMTS2"
4.04961943713592e-73	0.758563530373694	0.926	0.865	1.48220121018612e-68	"6"	"PDGFRB"
5.26944306515506e-72	0.597669686643701	0.984	0.971	1.9286688562774e-67	"6"	"LAMC1"
5.99346533221808e-72	0.761600072742262	0.931	0.933	2.19366824624514e-67	"6"	"TCEAL4"
7.6439722960781e-72	0.651145502152314	0.944	0.93	2.79777030008755e-67	"6"	"PDLIM7"
2.79902887338035e-71	1.14535629492614	0.697	0.453	1.02447255794594e-66	"6"	"MEST"
5.7579590004498e-71	2.34046584549742	0.262	0.094	2.10747057375463e-66	"6"	"FAM107B"
2.55758853056254e-70	1.08931377331141	0.902	0.835	9.36102978071194e-66	"6"	"FHL1"
4.03115843305676e-70	1.52896984093356	0.519	0.303	1.47544429808311e-65	"6"	"PPARG"
1.08645837353124e-68	0.814446350115828	0.845	0.818	3.97654629296168e-64	"6"	"FERMT2"
1.39973093631844e-68	1.54264817853627	0.507	0.296	5.12315520001913e-64	"6"	"ECM2"
1.47900382876011e-68	1.69089182744822	0.457	0.249	5.41330191364488e-64	"6"	"ENDOD1"
4.23843396765782e-68	2.21386210478778	0.255	0.092	1.55130921650244e-63	"6"	"INKA2"
5.31931184884801e-68	1.41512580828905	0.551	0.329	1.94692132979686e-63	"6"	"ANGPT1"
7.06358715680045e-68	1.08911176929389	0.716	0.554	2.58534353526053e-63	"6"	"SSBP2"
7.78683694926933e-68	1.57583823856997	0.556	0.365	2.85006019180207e-63	"6"	"SMTN"
1.07712635022208e-67	1.6995404394922	0.438	0.237	3.94239015444784e-63	"6"	"ADAMTS7"
1.11024374158953e-66	0.633262736928083	0.914	0.869	4.06360311859185e-62	"6"	"LEPROT"
2.76811347533932e-65	1.03922459179275	0.59	0.352	1.01315721310894e-60	"6"	"TFPI2"
1.58056314849305e-64	0.534772976951757	0.839	0.639	5.78501917979941e-60	"6"	"AKAP12"
2.00436770504745e-64	0.656181661864968	0.917	0.884	7.33618623724417e-60	"6"	"PLP2"
4.67723806262737e-64	1.20833277629857	0.741	0.57	1.71191590330224e-59	"6"	"SNED1"
1.50333189932247e-63	0.828697774410139	0.81	0.731	5.50234508471019e-59	"6"	"MSRB3"
2.75169082736826e-63	0.592378924055394	0.937	0.921	1.00714635972506e-58	"6"	"MAGED2"
3.21403072831108e-63	1.57601980401493	0.44	0.238	1.17636738686914e-58	"6"	"LRP5"
4.76384646889689e-63	2.46290894945316	0.341	0.155	1.74361544608095e-58	"6"	"HLA-DRB1"
2.61568427563523e-62	1.05387700777007	0.704	0.559	9.5736660172525e-58	"6"	"TRAM2"
6.47487843439418e-62	1.46318190133368	0.624	0.432	2.36987025577261e-57	"6"	"SECTM1"
6.50555586289869e-62	1.34931725283031	0.592	0.417	2.38109850137955e-57	"6"	"PLXND1"
4.35886920410206e-61	1.17970336922711	0.57	0.359	1.5953897173934e-56	"6"	"PTGS1"
7.46851739006074e-61	1.22560030958758	0.634	0.481	2.73355204993613e-56	"6"	"PKD2"
1.83757471898309e-60	1.54908657046775	0.45	0.252	6.72570722895002e-56	"6"	"SOBP"
9.18358575094769e-59	1.2255990340442	0.626	0.464	3.36128422070436e-54	"6"	"EPAS1"
2.11733895309824e-58	0.638367253108643	0.907	0.887	7.74967230223488e-54	"6"	"RBPMS"
4.61446323736308e-58	0.933897858822532	0.723	0.604	1.68893968950726e-53	"6"	"STX12"
2.67146521773272e-57	0.670721446595128	0.899	0.86	9.77782984342352e-53	"6"	"YWHAH"
3.47708618539832e-56	1.17526579911461	0.689	0.55	1.27264831471764e-51	"6"	"PSD3"
1.65039863705654e-55	1.24374815963031	0.551	0.36	6.04062405149063e-51	"6"	"C1orf54"
4.88468881853793e-55	1.44270601344262	0.458	0.272	1.78784495447307e-50	"6"	"FHOD1"
7.67321530102269e-55	1.39963235526249	0.503	0.312	2.80847353232732e-50	"6"	"GBP2"
8.43058205448557e-55	0.643782157444991	0.908	0.867	3.08567733776226e-50	"6"	"AK1"
1.36108937882774e-54	0.907869216098372	0.845	0.714	4.98172323544743e-50	"6"	"ELN"
1.29129945905648e-53	1.05489585560268	0.661	0.519	4.72628515009262e-49	"6"	"PRKG1"
1.53199442924084e-53	1.13814533490856	0.75	0.639	5.6072528104644e-49	"6"	"PKIG"
2.17567973547616e-53	0.562716159757101	0.917	0.907	7.96320539981631e-49	"6"	"ANXA6"
4.06399165762164e-53	1.11192117458019	0.752	0.677	1.4874615866061e-48	"6"	"CRIM1"
4.58290155599667e-53	0.72545649383703	0.827	0.763	1.67738779851034e-48	"6"	"CCDC50"
9.3902869356822e-53	1.50955614102759	0.544	0.357	3.43693892132904e-48	"6"	"ASPN"
1.21826734613901e-52	0.538414829993136	0.959	0.952	4.45898031360338e-48	"6"	"PRRX1"
3.43519498093291e-52	0.975110934024979	0.819	0.818	1.25731571497126e-47	"6"	"LASP1"
3.62490816493036e-52	0.795671804055232	0.905	0.862	1.32675263744616e-47	"6"	"RHOBTB3"
6.92019189756844e-52	1.53995714891906	0.45	0.272	2.53285943642903e-47	"6"	"CARMN"
1.44864584758244e-51	0.748628809592219	0.868	0.817	5.30218866673649e-47	"6"	"SMIM3"
1.9433241057199e-51	1.06741209099973	0.672	0.555	7.11276055934542e-47	"6"	"HYI"
2.93394252421183e-51	0.839875876521914	0.788	0.71	1.07385230328677e-46	"6"	"VGLL3"
7.93055469523497e-51	1.84718287785709	0.287	0.132	2.90266232400295e-46	"6"	"PLEKHA2"
1.15589577411359e-50	0.757896114444114	0.867	0.797	4.23069412283315e-46	"6"	"GNG11"
1.93039294595258e-50	0.558135666323874	0.937	0.905	7.06543122148105e-46	"6"	"TGFB1I1"
2.30546630223601e-50	0.661028710488028	0.852	0.833	8.43823721281401e-46	"6"	"DEGS1"
3.18437660688027e-50	1.1621571052355	0.616	0.481	1.16551368188425e-45	"6"	"SRPX2"
3.19520391593658e-50	0.768700764996553	0.802	0.739	1.16947658527195e-45	"6"	"CCDC107"
4.21237827077836e-50	1.31275601577177	0.417	0.23	1.54177257088759e-45	"6"	"SERTAD4-AS1"
6.25763245498412e-50	0.570914762602265	0.983	0.983	2.29035605484874e-45	"6"	"TPM1"
9.16382701800972e-50	0.601127560582813	1	1	3.35405232686174e-45	"6"	"ACTB"
9.90676110485847e-50	0.732483767707938	0.841	0.779	3.62597363198925e-45	"6"	"TCF4"
1.56457404399683e-49	0.665939694139124	0.864	0.806	5.72649745843281e-45	"6"	"SNTB2"
1.9655243997183e-49	1.40331431046528	0.643	0.492	7.19401585540896e-45	"6"	"PLTP"
3.50910286999201e-49	0.740814729899968	0.881	0.837	1.28436674144577e-44	"6"	"PALLD"
8.141868483821e-49	1.03057174301507	0.631	0.496	2.98000528376332e-44	"6"	"TPST2"
2.45739824054728e-48	0.884712440202365	0.736	0.631	8.99432330022711e-44	"6"	"HMGN3"
3.85245878205397e-48	0.743571721100285	0.821	0.708	1.41003843881957e-43	"6"	"RHOB"
4.55874435237503e-48	0.696825410474461	0.819	0.741	1.66854602041278e-43	"6"	"MPZL1"
1.07054826359039e-47	0.637166809533051	0.882	0.77	3.91831369956717e-43	"6"	"ADM"
1.62054739513142e-47	1.00075693723034	0.652	0.516	5.93136552092051e-43	"6"	"BST1"
2.95385396615764e-47	0.59272979618288	0.953	0.914	1.08114009015336e-42	"6"	"YPEL3"
3.90308860153872e-47	1.30426245232275	0.68	0.538	1.42856945904919e-42	"6"	"ANGPTL2"
4.53732747313424e-47	0.624364382786527	0.837	0.788	1.66070722844186e-42	"6"	"GLIPR1"
1.06436311454551e-46	0.761427565650702	0.796	0.769	3.89567543554803e-42	"6"	"LPP"
1.34276093353465e-46	1.21519806876541	0.508	0.336	4.91463929283016e-42	"6"	"AK5"
2.13151720844968e-46	0.907730336712757	0.686	0.561	7.80156613464669e-42	"6"	"PHLDB2"
1.52733738227931e-45	0.840697503787598	0.765	0.669	5.59020755288049e-41	"6"	"CHCHD10"
9.54065236007054e-45	0.910517575383703	0.776	0.747	3.49197417030942e-40	"6"	"NEXN"
1.26033072707657e-44	0.627370677378457	0.869	0.834	4.61293649417294e-40	"6"	"MYADM"
2.20446831469217e-44	0.777380697429367	0.83	0.801	8.0685744786048e-40	"6"	"COX20"
4.62740364477366e-44	0.77473762994599	0.779	0.719	1.69367600802361e-39	"6"	"GLIPR2"
6.36932250104864e-44	0.520104915005763	0.949	0.931	2.33123572860881e-39	"6"	"JUND"
8.34847751052236e-44	1.58499931435605	0.271	0.125	3.05562625362629e-39	"6"	"FGD4"
1.34335633596926e-43	1.98983603330707	0.271	0.129	4.91681852528108e-39	"6"	"LINC01943"
8.03529138955794e-43	0.572751426250158	0.94	0.941	2.9409970014921e-38	"6"	"ACTN1"
1.64573809422019e-42	0.866092093619042	0.713	0.63	6.0235659986553e-38	"6"	"KIFAP3"
2.40234558181524e-42	0.643121408864328	0.872	0.782	8.79282506400196e-38	"6"	"MDK"
2.51542550105448e-42	0.629403283634103	0.824	0.763	9.20670887640951e-38	"6"	"REEP3"
3.66052469782919e-42	0.541248317939406	0.973	0.975	1.33978864465246e-37	"6"	"TUBA1B"
5.17817851188539e-42	0.573708812238826	0.892	0.881	1.89526511713517e-37	"6"	"HLA-E"
6.88637387071895e-42	0.77568930894648	0.748	0.646	2.52048170042184e-37	"6"	"SDC2"
1.1331786456912e-41	1.05795739418019	0.534	0.371	4.14754716109434e-37	"6"	"FRMD4A"
3.05420844657588e-41	0.738670131035891	0.789	0.672	1.11787083353124e-36	"6"	"SEMA3C"
4.26833962088378e-41	1.40996698315609	0.36	0.198	1.56225498463967e-36	"6"	"COL21A1"
6.26875629882147e-41	1.08337290182461	0.742	0.63	2.29442749293164e-36	"6"	"AKR1C3"
7.83972674993344e-41	1.14195504222154	0.413	0.246	2.86941838774314e-36	"6"	"LIN7A"
1.34779746824199e-40	1.37062127955218	0.443	0.28	4.93307351351249e-36	"6"	"FAM43A"
1.40307754867253e-40	1.44391842255936	0.323	0.17	5.13540413589632e-36	"6"	"HLA-F"
1.49638542350358e-40	1.80619344737242	0.318	0.17	5.47692028856547e-36	"6"	"KCNK15"
1.94310249223506e-40	1.39930948814595	0.354	0.197	7.11194943182953e-36	"6"	"MEF2C"
3.29882575975934e-40	1.74114899154576	0.303	0.159	1.20740321632952e-35	"6"	"SUGCT"
3.45456581099001e-40	0.534127141532833	0.967	0.958	1.26440563248045e-35	"6"	"LAMA4"
8.30205368732008e-40	1.03179842457542	0.694	0.619	3.03863467009602e-35	"6"	"PELO"
1.90723453338701e-39	0.860669453774492	0.704	0.558	6.98066911564978e-35	"6"	"KLF2"
3.2033031059151e-39	1.44980726355827	0.523	0.365	1.17244096979599e-34	"6"	"ANGPTL4"
1.74821829709714e-38	0.841910735676789	0.706	0.625	6.39865378920525e-34	"6"	"ZEB2"
2.97297829435529e-38	0.630157406049957	0.786	0.674	1.08813978551698e-33	"6"	"A1BG"
1.85175890459768e-37	0.555821465579659	0.913	0.914	6.77762276671799e-33	"6"	"RAD23B"
8.14001597042004e-37	0.668738430745901	0.818	0.793	2.97932724533344e-32	"6"	"MYO1E"
1.33613265705004e-36	0.955762160605929	0.572	0.444	4.89037913806885e-32	"6"	"SLC44A2"
1.35824504681922e-36	0.999859911982582	0.58	0.44	4.97131269586303e-32	"6"	"HNMT"
2.77811988509567e-36	1.80814928390449	0.277	0.139	1.01681965914387e-31	"6"	"HLA-DRA"
6.36196634980467e-36	0.880983948469818	0.635	0.523	2.32854330369201e-31	"6"	"PHLDB1"
7.78121974874286e-36	1.04511071471996	0.564	0.433	2.84800424023737e-31	"6"	"AP1S2"
1.35403531442507e-35	1.8072322608763	0.277	0.143	4.95590465432718e-31	"6"	"GDF5"
1.483452758045e-35	1.34702762406726	0.479	0.342	5.42958543972051e-31	"6"	"ARSJ"
1.80002440272263e-35	1.5471176792644	0.292	0.155	6.5882693164051e-31	"6"	"KHDRBS3"
3.94784526580552e-35	1.37701787724212	0.329	0.184	1.44495084573748e-30	"6"	"HLA-DMA"
1.09124165746779e-34	1.30418365753222	0.491	0.35	3.99405359049787e-30	"6"	"CPE"
1.7414444633641e-34	0.50680671183169	0.905	0.829	6.37386088035894e-30	"6"	"SOD3"
4.41735883653787e-34	1.02021249649883	0.485	0.335	1.61679750776122e-29	"6"	"KCNE4"
4.86977552601365e-34	0.659720467133629	0.87	0.841	1.78238654027625e-29	"6"	"LHFPL6"
9.05514914075097e-34	0.742540615945822	0.679	0.598	3.31427513700626e-29	"6"	"FARP1"
1.12332455762555e-33	0.968829892599681	0.56	0.427	4.11148021336527e-29	"6"	"DKK3"
1.60920904929896e-33	0.826415951498445	0.67	0.588	5.88986604133913e-29	"6"	"SDC4"
2.13300754581846e-33	0.861447597385448	0.65	0.564	7.80702091845015e-29	"6"	"ARHGAP17"
3.48417842046451e-33	0.814235183074323	0.664	0.6	1.27524414367422e-28	"6"	"TACC1"
3.65588495576657e-33	1.36570525215665	0.331	0.191	1.33809045266012e-28	"6"	"NEDD9"
8.70874407972411e-33	0.649037077510593	0.758	0.656	3.18748742061982e-28	"6"	"CRIP2"
9.99825753790766e-33	0.817895777137046	0.666	0.579	3.65946224144958e-28	"6"	"MAP7D3"
1.55667477514464e-32	1.14634124629151	0.409	0.267	5.6975853445069e-28	"6"	"SYNGR1"
5.47642228438207e-32	0.960608496298173	0.566	0.448	2.00442532030668e-27	"6"	"VSIR"
6.77304959715478e-32	0.528935521723545	0.899	0.882	2.47900388305462e-27	"6"	"H2AFJ"
6.99336310379356e-32	0.843946430184103	0.619	0.531	2.55964082961948e-27	"6"	"DYNLT3"
8.4802128896405e-32	0.591749592938869	0.788	0.777	3.10384271973732e-27	"6"	"GBE1"
1.07623511313369e-31	0.712939225389088	0.731	0.659	3.93912813758062e-27	"6"	"PSMB9"
1.51466360107812e-31	0.993771786957105	0.579	0.408	5.54382024630601e-27	"6"	"SFRP4"
1.97486131252725e-31	0.563094848787076	0.823	0.676	7.228189889981e-27	"6"	"GREM1"
3.87900392250065e-31	1.85535209473878	0.27	0.148	1.41975422567446e-26	"6"	"SORBS2"
3.90816695721887e-31	0.98523957705081	0.562	0.436	1.43042818801168e-26	"6"	"SELENBP1"
4.89472181326004e-31	0.671665746740367	0.712	0.655	1.79151713087131e-26	"6"	"TMEM189"
6.62800691555783e-31	0.8234744571712	0.606	0.511	2.42591681116332e-26	"6"	"ST5"
7.24265049490677e-31	1.17545345086095	0.375	0.234	2.65088250764083e-26	"6"	"NES"
1.01800787877741e-30	1.25558211831281	0.332	0.199	3.72601063711321e-26	"6"	"TRAF5"
1.60271962389318e-30	0.645517965239254	0.788	0.754	5.86611409541142e-26	"6"	"PCYOX1"
1.7001829340183e-30	1.08027783518214	0.475	0.331	6.22283955680039e-26	"6"	"PLAAT4"
2.47812303298618e-30	0.77501115762605	0.666	0.588	9.07017811303272e-26	"6"	"MAML2"
2.82080920347079e-30	1.53401612793784	0.31	0.183	1.03244437656234e-25	"6"	"TBX2"
1.42576429035862e-29	1.24129768085326	0.356	0.221	5.21843987914158e-25	"6"	"COBLL1"
1.4855600313136e-29	1.07002894588965	0.475	0.347	5.43729827061092e-25	"6"	"GBP1"
2.23366011876201e-29	0.525019468878382	0.899	0.896	8.17541940068083e-25	"6"	"STAT1"
2.60059982103835e-29	0.581431589130658	0.783	0.775	9.51845540498245e-25	"6"	"CFL2"
3.36093059165916e-29	0.935721331569361	0.546	0.45	1.23013420585317e-24	"6"	"DNAJB4"
4.99163737751316e-29	1.00048416514436	0.59	0.465	1.82698919654359e-24	"6"	"OLFML2B"
8.60689942505384e-29	0.580174028171282	0.832	0.836	3.15021125856396e-24	"6"	"KIF5B"
1.08386505855776e-28	1.04763407199347	0.398	0.262	3.96705450082725e-24	"6"	"PEAR1"
1.36260940733724e-28	0.664187778283657	0.991	0.985	4.98728669179504e-24	"6"	"MT2A"
1.74635239663742e-28	0.51205423336431	0.851	0.856	6.39182440693263e-24	"6"	"MBNL1"
1.93373650988255e-28	1.25915928829007	0.315	0.188	7.07766899982112e-24	"6"	"TTLL7"
2.23405997126827e-28	0.690017148687164	0.73	0.667	8.17688290083898e-24	"6"	"AMOTL2"
2.52642979321863e-28	0.728889003366319	0.644	0.568	9.24698568615951e-24	"6"	"COMMD7"
2.75442403643656e-28	0.67728324430492	0.713	0.653	1.00814674157615e-23	"6"	"KRAS"
2.85324863633911e-28	0.737696893550428	0.773	0.779	1.04431753338648e-23	"6"	"MACF1"
2.85977869688014e-28	1.01514813340243	0.501	0.385	1.0467076008451e-23	"6"	"GALNT5"
3.27309017711216e-28	0.534982818259299	0.777	0.747	1.19798373572482e-23	"6"	"STK17A"
1.42418846017091e-26	0.625270528129941	0.842	0.794	5.21267218307155e-22	"6"	"UACA"
2.64337838241584e-26	1.13485566238352	0.381	0.258	9.6750292174802e-22	"6"	"OPN3"
2.84396574210455e-26	0.620275207353568	0.686	0.639	1.04091990126769e-21	"6"	"AAMDC"
3.01815497773225e-26	1.00517882867332	0.447	0.318	1.10467490339978e-21	"6"	"ERAP2"
1.2204742885047e-25	1.56731351636535	0.305	0.185	4.46705794335605e-21	"6"	"APOC1"
2.2918982761068e-25	0.771302975148897	0.634	0.549	8.38857688037851e-21	"6"	"FILIP1L"
2.39603995781655e-25	0.923733807375267	0.556	0.462	8.76974584960435e-21	"6"	"FZD2"
2.79331420756126e-25	1.09423163557201	0.385	0.263	1.0223809331095e-20	"6"	"DIPK1A"
3.50495699664961e-25	1.24613884201229	0.447	0.337	1.28284931034372e-20	"6"	"SLC25A4"
5.33539010996567e-25	0.964238681741897	0.88	0.848	1.95280613414854e-20	"6"	"CXCL12"
1.42486819437587e-24	1.29163884533474	0.367	0.253	5.21516007823512e-20	"6"	"STARD13"
2.82337882963665e-24	0.852590748492925	0.657	0.591	1.03338488543531e-19	"6"	"C1orf198"
4.04395917452193e-24	0.939897751396964	0.471	0.353	1.48012949746677e-19	"6"	"ATF3"
4.38049609113378e-24	0.530753495405844	0.786	0.741	1.60330537431588e-19	"6"	"RBPJ"
3.42599160519782e-23	1.19772577335968	0.255	0.146	1.25394718741845e-18	"6"	"MAB21L1"
9.47152412155454e-23	0.517281003802732	0.655	0.547	3.46667254373018e-18	"6"	"CBR3"
1.27149511923008e-22	1.19780349380931	0.298	0.187	4.65379928589402e-18	"6"	"KANSL1-AS1"
1.56887291994184e-22	1.30983181628896	0.287	0.18	5.74223177427913e-18	"6"	"TLE4"
1.97337060311429e-22	0.62809564274253	0.669	0.613	7.2227337444586e-18	"6"	"PLEKHO1"
3.28003265334963e-22	0.613006011313125	0.625	0.53	1.2005247514525e-17	"6"	"SPOCD1"
3.94984734143093e-22	0.646924452214534	0.65	0.598	1.44568362543714e-17	"6"	"TMEM109"
5.77666457942935e-22	0.572639711637111	0.723	0.7	2.11431700271694e-17	"6"	"KMT2E"
8.72007748213048e-22	0.897673726722642	0.432	0.318	3.19163555923458e-17	"6"	"AC055839.2"
1.55127787366611e-21	0.706394444042674	0.61	0.541	5.67783214540533e-17	"6"	"CREB3L2"
2.02915734889047e-21	0.631956668784414	0.697	0.673	7.426918812674e-17	"6"	"ARHGAP1"
3.69139130679028e-21	0.637850293818732	0.677	0.615	1.35108613219831e-16	"6"	"NID1"
4.29850881269532e-21	0.50890675523641	0.753	0.761	1.57329721053461e-16	"6"	"YIF1B"
8.53637240488252e-21	0.98540937425381	0.267	0.159	3.12439766391105e-16	"6"	"ENPP1"
1.04067398603869e-20	0.782629297013627	0.59	0.536	3.80897085630021e-16	"6"	"KCTD20"
1.2376409175029e-20	1.09789061246531	0.319	0.214	4.52988952215235e-16	"6"	"DOCK10"
1.42823683359611e-20	0.943299907521666	0.391	0.283	5.22748963464511e-16	"6"	"LBR"
1.88529297957068e-20	0.864390552675542	0.57	0.502	6.90036083452665e-16	"6"	"MRGPRF"
3.46090123621506e-20	1.08208252196888	0.426	0.334	1.26672446146707e-15	"6"	"ADGRE5"
4.85680034659729e-20	0.666907118055786	0.651	0.594	1.77763749485808e-15	"6"	"AC002398.2"
5.93105457617988e-20	1.18764782571847	0.372	0.266	2.1708252854276e-15	"6"	"LBH"
1.34202644039937e-19	0.674704627123153	0.598	0.544	4.91195097450573e-15	"6"	"STARD7"
4.01718147960833e-19	0.583676429092826	0.624	0.578	1.47032859335145e-14	"6"	"ACOT2"
5.64998284468339e-19	0.695235844959328	0.591	0.542	2.06795022098257e-14	"6"	"PON2"
1.01983971287728e-18	0.832743528361781	0.587	0.515	3.73271533310214e-14	"6"	"PIM1"
1.25493105880897e-18	0.884086681616458	0.404	0.3	4.5931731683467e-14	"6"	"PEG10"
1.42126617934016e-18	1.38570026997377	0.257	0.162	5.20197634300292e-14	"6"	"SLC6A6"
2.75498817724302e-18	0.550339637221713	0.68	0.637	1.00835322275272e-13	"6"	"CPQ"
3.87468125936919e-18	0.644597706335361	0.653	0.607	1.41817208774172e-13	"6"	"ISG15"
4.60745683465821e-18	0.752806334955717	0.369	0.255	1.68637527605325e-13	"6"	"QPRT"
4.74342357154439e-18	1.06445006112457	0.377	0.275	1.73614046142096e-13	"6"	"FBXO32"
1.14458711613852e-17	0.542003361006335	0.663	0.624	4.1893033037786e-13	"6"	"EHBP1"
1.59390064937799e-17	1.02730782741757	0.495	0.415	5.83383576678839e-13	"6"	"ERRFI1"
1.11513564095788e-16	0.844665314524386	0.57	0.516	4.08150795946992e-12	"6"	"NABP1"
1.46776652788075e-16	0.51597991764493	0.688	0.666	5.37217226869634e-12	"6"	"CYSTM1"
2.65988943761632e-16	0.530359775809497	0.648	0.581	9.73546133061948e-12	"6"	"AHR"
4.54289561546218e-16	0.754516074878684	0.669	0.605	1.66274522421531e-11	"6"	"CFD"
6.67189158087631e-16	1.11446736290298	0.31	0.223	2.44197903751654e-11	"6"	"ARRDC4"
7.04754453276576e-16	0.857552764265872	0.386	0.292	2.5794717744376e-11	"6"	"ZNF667-AS1"
1.06156311741969e-15	1.01418165085164	0.34	0.244	3.88542716606782e-11	"6"	"SNCG"
1.21596051459535e-15	1.18306418355522	0.265	0.178	4.45053707947046e-11	"6"	"ADGRL2"
1.61207918379344e-15	0.750007773826447	0.414	0.327	5.90037102060236e-11	"6"	"FAM241A"
2.21998235932041e-15	0.692771933010825	0.521	0.44	8.12535743334862e-11	"6"	"CYGB"
4.55742123992199e-15	0.973457908409472	0.39	0.309	1.66806174802385e-10	"6"	"NOTCH2NLA"
4.85912308900205e-15	1.0249546415925	0.284	0.198	1.77848764180564e-10	"6"	"ADAM19"
6.28736329319793e-15	0.562188498876177	0.622	0.591	2.30123783894337e-10	"6"	"JMJD1C"
7.12462459393969e-15	0.966339460711014	0.292	0.204	2.60768384762787e-10	"6"	"DIXDC1"
1.36773065916392e-14	0.618238016971213	0.695	0.653	5.00603098560586e-10	"6"	"EMP2"
1.40932538010319e-14	0.570394946750476	0.761	0.75	5.15827182371568e-10	"6"	"CCND1"
1.4579682469873e-14	0.999324648037248	0.296	0.209	5.33630958079822e-10	"6"	"PHYHD1"
1.59656051394736e-14	0.912272352825478	0.337	0.251	5.84357113709872e-10	"6"	"MGST2"
3.71879450634038e-14	0.645053227161117	0.557	0.517	1.36111597726564e-09	"6"	"SETD7"
3.82405011585266e-14	0.700633490617756	0.554	0.515	1.39964058290323e-09	"6"	"ZSCAN16-AS1"
7.99415502932624e-14	0.910688891525965	0.377	0.298	2.9259406822837e-09	"6"	"FUOM"
8.59228951688121e-14	0.725640356933039	0.729	0.708	3.14486388607369e-09	"6"	"CCL2"
1.05563366688723e-13	0.67372374422219	0.59	0.566	3.86372478417395e-09	"6"	"TNS1"
1.4304032208462e-13	0.988787294925513	0.337	0.255	5.23541882861916e-09	"6"	"FAM171B"
1.78408459836958e-13	0.655390861795146	0.5	0.437	6.52992803849249e-09	"6"	"C2orf74"
1.79025495908145e-13	0.985889093637542	0.282	0.201	6.552512175734e-09	"6"	"FBLN7"
1.91393898856193e-13	1.1020160249976	0.251	0.173	7.00520809203551e-09	"6"	"CPEB2"
2.3771678326162e-13	0.835417035941436	0.366	0.286	8.70067198415856e-09	"6"	"NBPF14"
2.88861471586904e-13	0.528852666997819	0.551	0.492	1.05726187215523e-08	"6"	"RABGAP1"
4.5665327445222e-13	1.01840157117159	0.261	0.179	1.67139664982257e-08	"6"	"ARHGAP6"
6.66789864497587e-13	0.867018498908175	0.35	0.269	2.44051758304762e-08	"6"	"ISYNA1"
9.58107882801729e-13	0.688949514128085	0.422	0.35	3.50677066184261e-08	"6"	"TRPV2"
9.68818788469069e-13	0.983053815457435	0.275	0.195	3.54597364767564e-08	"6"	"NIPAL3"
2.08940711768732e-12	0.801231073956777	0.458	0.403	7.64743899144737e-08	"6"	"CDK7"
2.16368616066984e-12	0.992359777145638	0.275	0.196	7.91930771666767e-08	"6"	"PDE1C"
2.6693151162203e-12	0.849504756739409	0.366	0.289	9.76996025687792e-08	"6"	"TSPAN14"
2.86261182417819e-12	1.00649001765307	0.287	0.21	1.04774455376746e-07	"6"	"MRTFB"
2.96997665626699e-12	0.574752068502057	0.548	0.504	1.08704115596028e-07	"6"	"FAM126A"
3.72204268774998e-12	1.08498257180831	0.428	0.356	1.36230484414337e-07	"6"	"CKB"
3.77255072324041e-12	0.827098508968341	0.372	0.299	1.38079129021322e-07	"6"	"LINC01278"
5.0266368363581e-12	0.542364645883754	0.592	0.573	1.83979934847543e-07	"6"	"ZDHHC3"
7.44334695168067e-12	0.588341671440246	0.618	0.592	2.72433941778464e-07	"6"	"RFTN1"
8.13314988592726e-12	0.654987351200575	0.536	0.502	2.97681418974824e-07	"6"	"NOTCH2"
1.0591935995344e-11	0.902461185272517	0.347	0.278	3.87675449365584e-07	"6"	"TBC1D1"
1.29680951524676e-11	0.662298121901195	0.562	0.512	4.74645250675467e-07	"6"	"PHLDA2"
1.98864703994365e-11	0.586275140961489	0.533	0.485	7.27864703089777e-07	"6"	"PHKB"
2.37733922553122e-11	1.01146124712521	0.278	0.206	8.70129929936683e-07	"6"	"SLC20A2"
4.17600824947167e-11	0.520921969491745	0.604	0.581	1.52846077938912e-06	"6"	"SASH1"
4.63293282601725e-11	0.988724151368976	0.265	0.195	1.69569974365057e-06	"6"	"ATP6V0A1"
5.00987831062838e-11	1.03184667896597	0.286	0.214	1.83366556047309e-06	"6"	"MBNL1-AS1"
5.42838399961876e-11	0.605260359213446	0.533	0.496	1.98684282770046e-06	"6"	"CDKN1B"
5.81527725047364e-11	0.836879850220053	0.394	0.335	2.12844962644586e-06	"6"	"LINC02381"
7.74560883571102e-11	0.685047200673373	0.419	0.359	2.83497028995859e-06	"6"	"HACD4"
9.09990971803281e-11	0.612635719726447	0.479	0.428	3.33065795589719e-06	"6"	"NIPSNAP3A"
9.84109784151019e-11	0.505705354192502	0.556	0.504	3.60194022097114e-06	"6"	"DSP"
1.13675278754337e-10	0.769270995527454	0.411	0.352	4.16062887768749e-06	"6"	"RTN2"
1.30792337253312e-10	0.540553231528782	0.589	0.559	4.78713033580845e-06	"6"	"TMEM159"
1.34343046748677e-10	0.835978081335756	0.278	0.207	4.91708985404834e-06	"6"	"ARHGAP31"
1.74307259408514e-10	0.507949428747867	0.547	0.506	6.37982000161101e-06	"6"	"OSTF1"
2.31844856768999e-10	0.699897721938634	0.39	0.323	8.48575360260215e-06	"6"	"SHOX2"
2.34460281595322e-10	1.0069988170126	0.336	0.275	8.58148076667039e-06	"6"	"HLA-DPB1"
3.20275587453888e-10	0.693823380297753	0.437	0.368	1.17224067763998e-05	"6"	"ADAMTS5"
3.30779119800261e-10	0.773403099866703	0.341	0.272	1.21068465638093e-05	"6"	"PLAG1"
3.75817568712139e-10	0.559863180436188	0.503	0.441	1.3755298832433e-05	"6"	"CSRP2"
3.91882519310579e-10	0.805083852051443	0.375	0.316	1.43432920892865e-05	"6"	"WFS1"
5.13340648739942e-10	0.835090832640413	0.31	0.245	1.87887810845306e-05	"6"	"EML2"
5.60907109824433e-10	0.634086610987829	0.481	0.426	2.05297611266841e-05	"6"	"SQOR"
8.54591901024466e-10	0.869130133054702	0.297	0.224	3.12789181693965e-05	"6"	"DEPP1"
9.91191426920021e-10	0.599457459699088	0.474	0.428	3.62785974166997e-05	"6"	"SKAP2"
1.12211415358983e-09	0.556038677977198	0.48	0.436	4.10705001355414e-05	"6"	"SMARCD3"
1.75680781270046e-09	0.742557433699996	0.33	0.261	6.43009227526496e-05	"6"	"CD82"
2.20682384509842e-09	0.842710357495815	0.267	0.201	8.07719595544471e-05	"6"	"SPECC1"
2.46152791056487e-09	0.885459132246682	0.253	0.189	9.00943830545849e-05	"6"	"PARD3B"
2.86874151164002e-09	0.712586630225998	0.378	0.32	0.000104998808067536	"6"	"TLE1"
4.27734118754488e-09	0.516890988621933	0.446	0.38	0.00015655496480533	"6"	"CDH13"
4.28914762072556e-09	0.905076793845179	0.265	0.202	0.000156987092066176	"6"	"C1QTNF5"
4.29434600121134e-09	0.807208751294009	0.267	0.203	0.000157177357990336	"6"	"DMPK"
5.05329098529127e-09	0.635493057563486	0.394	0.338	0.000184955503352646	"6"	"ARHGEF17"
5.33119906479e-09	0.642436626196057	0.389	0.335	0.000195127216970379	"6"	"SMAP2"
7.18468762135367e-09	0.568709128234636	0.475	0.429	0.000262966751629166	"6"	"RGMB"
8.4383586711073e-09	0.575499565946732	0.505	0.478	0.000308852365721198	"6"	"DLG1"
9.23666967333354e-09	0.605813985331106	0.359	0.294	0.000338071346713681	"6"	"EZR"
1.31463266318399e-08	0.5018164475824	0.596	0.57	0.000481168701051972	"6"	"GNAI1"
1.32249813046665e-08	0.742366252316607	0.3	0.237	0.000484047540732098	"6"	"SPEG"
1.83072007483898e-08	0.665012772724495	0.408	0.366	0.000670061854591815	"6"	"BOK"
1.86429498328491e-08	0.665195906286445	0.407	0.363	0.000682350606832109	"6"	"MAP4K3-DT"
3.07052163262153e-08	0.750618580325374	0.414	0.378	0.00112384162275581	"6"	"KANSL1"
3.09896225193218e-08	0.671558045800336	0.429	0.382	0.0011342511738297	"6"	"TIPARP"
3.436604351434e-08	0.570050345467149	0.453	0.416	0.00125783155866836	"6"	"WDR60"
3.87031495985535e-08	0.526239154561065	0.604	0.619	0.00141657397845666	"6"	"PTPA"
4.05017713443716e-08	0.520502220231357	0.524	0.501	0.00148240533297534	"6"	"FOXO3"
4.52866307787289e-08	0.515595955254329	0.517	0.489	0.00165753597313226	"6"	"RSRC1"
5.38363614676328e-08	0.735136100558135	0.342	0.288	0.00197046466607683	"6"	"LPCAT3"
6.37599502536287e-08	0.597405459584421	0.456	0.415	0.00233367793923306	"6"	"EHD1"
7.12913460600292e-08	0.500381736369508	0.555	0.537	0.00260933455714313	"6"	"TAOK3"
7.70345666546625e-08	0.560590471352608	0.42	0.372	0.0028195421741273	"6"	"ARHGEF7"
9.79742629615628e-08	0.530242119700254	0.462	0.421	0.00358595599865616	"6"	"GNA12"
1.09664991166838e-07	0.643676340134552	0.444	0.412	0.00401384834169744	"6"	"TLCD5"
1.99198008538031e-07	0.768357202222808	0.295	0.241	0.00729084631050048	"6"	"GOLGA8B"
2.12015878626586e-07	0.503563498900871	0.498	0.484	0.00775999317361168	"6"	"PLPPR2"
2.49514879464136e-07	0.684973289400076	0.331	0.278	0.00913249410326683	"6"	"HIP1"
2.51054233518137e-07	0.617345062386644	0.392	0.351	0.00918883600099732	"6"	"CBWD1"
4.49650075925141e-07	0.739629734675808	0.409	0.374	0.0164576424289361	"6"	"GMDS"
5.02818867743646e-07	0.690155585872471	0.328	0.277	0.0184036733782852	"6"	"TCEAL1"
5.25498652561921e-07	0.573100616610191	0.483	0.462	0.0192337761824189	"6"	"MAGEH1"
6.96962987931286e-07	0.548868775993909	0.416	0.376	0.025509542321273	"6"	"SERINC2"
1.02725397232951e-06	0.665134480100507	0.352	0.311	0.0375985226412324	"6"	"MYO6"
1.29348934515834e-06	0.563010223553029	0.399	0.361	0.0473430035221404	"6"	"TMTC3"
1.31433806419998e-06	0.772427994348191	0.265	0.212	0.0481060874877836	"6"	"ARHGAP28"
1.38231406349853e-06	0.525235632409824	0.473	0.457	0.0505940770381096	"6"	"MPRIP"
1.65679786352147e-06	0.507603929540148	0.422	0.384	0.0606404586027494	"6"	"ADAMTS12"
2.98481962556348e-06	1.07285854036141	0.291	0.247	0.109247383115249	"6"	"SLC1A3"
3.80317372260055e-06	0.681698532625527	0.294	0.246	0.139199961420903	"6"	"IFIT1"
4.49891940747052e-06	0.59227574176182	0.413	0.386	0.164664949232829	"6"	"KLF7"
4.5244091207126e-06	0.570780933952294	0.385	0.35	0.165597898227202	"6"	"MAPRE2"
4.76232717161446e-06	0.535513772439986	0.398	0.356	0.174305936808261	"6"	"CASTOR2"
4.82149339387464e-06	0.712204783293301	0.294	0.249	0.176471479709206	"6"	"SIDT2"
6.54445988133857e-06	0.908744979312639	0.262	0.221	0.239533776116873	"6"	"BTN3A2"
7.46840057265364e-06	0.668654120835022	0.296	0.252	0.273350929359696	"6"	"TEAD3"
8.17227837898952e-06	0.725423037281621	0.277	0.23	0.299113560949395	"6"	"STK17B"
8.28944321982488e-06	0.866777473734143	0.251	0.207	0.30340191128881	"6"	"PRKAR1B"
9.23069856917369e-06	0.532512192156599	0.438	0.414	0.337852798330326	"6"	"ERCC2"
9.78162841221215e-06	0.787448242969978	0.251	0.208	0.358017381515377	"6"	"GJC1"
1.28468741710358e-05	0.613843937141065	0.408	0.379	0.47020844153408	"6"	"ZFHX3"
1.85100877790792e-05	0.607087584867803	0.309	0.266	0.677487722802078	"6"	"PPP1R13L"
2.52069242356171e-05	0.592714494455736	0.396	0.376	0.92259863394782	"6"	"ANG"
2.61437727838562e-05	0.576621471544111	0.359	0.324	0.956888227661921	"6"	"TSC22D3"
2.91820785183543e-05	0.595142640675919	0.384	0.363	1	"6"	"XXYLT1"
3.15979124348075e-05	0.609381644394187	0.311	0.273	1	"6"	"AKTIP"
3.77083531497686e-05	0.573064073289474	0.325	0.293	1	"6"	"SLC1A1"
3.88052561505452e-05	0.536242198193353	0.394	0.367	1	"6"	"VPS13A"
4.49519900401732e-05	0.502741059129753	0.422	0.405	1	"6"	"TMEM175"
5.01605355428389e-05	0.713427589834859	0.283	0.246	1	"6"	"STARD4"
5.08358276553478e-05	0.813520175768896	0.283	0.247	1	"6"	"RILP"
7.38087460908125e-05	0.509035214258512	0.409	0.391	1	"6"	"CCDC127"
8.71901478514789e-05	0.507043141258271	0.5	0.469	1	"6"	"AKR1C2"
9.77336169834757e-05	0.594880675461312	0.313	0.279	1	"6"	"ERAP1"
0.000115440683182928	0.527063798354313	0.404	0.382	1	"6"	"ABTB1"
0.000118736265626179	0.506413720923978	0.414	0.395	1	"6"	"CD27-AS1"
0.000132590185908098	0.521030889832253	0.378	0.357	1	"6"	"OXSR1"
0.000150382828719096	0.766804007943588	0.33	0.3	1	"6"	"AC027031.2"
0.000150481121609438	0.633716300605945	0.277	0.243	1	"6"	"RICTOR"
0.000156115037322699	0.591543792579197	0.303	0.268	1	"6"	"PACSIN3"
0.000166865068405848	0.518469331250199	0.309	0.275	1	"6"	"ROGDI"
0.000212252166912443	0.623893012038664	0.267	0.232	1	"6"	"ALDOC"
0.000264305406041136	0.533128677808587	0.374	0.349	1	"6"	"SNRNP35"
0.000284836613719684	0.536803198411834	0.293	0.256	1	"6"	"CRISPLD2"
0.000306155801716617	0.590071683706593	0.275	0.24	1	"6"	"NCK2"
0.000409027113983089	0.650284461406495	0.295	0.273	1	"6"	"EFNB1"
0.000460097781733625	0.657754193382963	0.284	0.254	1	"6"	"HECTD3"
0.00051610917556702	0.589747558028717	0.338	0.314	1	"6"	"MLF1"
0.000649376845103336	0.609841543547541	0.304	0.278	1	"6"	"RASAL2"
0.000756500108318291	0.511993941792437	0.265	0.232	1	"6"	"MAGI1"
0.000830338729664234	0.568737037647965	0.278	0.247	1	"6"	"IQCJ-SCHIP1"
0.00113518194637763	0.542227411606798	0.276	0.245	1	"6"	"BTN3A3"
0.00118005890156128	0.577712173961686	0.314	0.292	1	"6"	"RBMS2"
0.00134371317571651	0.622954190660017	0.253	0.224	1	"6"	"RAP2A"
0.00156109665104007	0.532870839169258	0.298	0.27	1	"6"	"CCBE1"
0.00158081735474232	0.541256288019214	0.349	0.328	1	"6"	"RNASE4"
0.00179581667057224	0.542972096653134	0.297	0.276	1	"6"	"ENTPD4"
0.00184025757193664	0.544144853191881	0.297	0.27	1	"6"	"ARSK"
0.00185383265355437	0.552476400412904	0.275	0.248	1	"6"	"AC018521.5"
0.0019345933398052	0.611627649923981	0.279	0.256	1	"6"	"AFMID"
0.00245105242688104	0.540532294754089	0.334	0.32	1	"6"	"NMRK1"
0.00262334718083969	0.517016846447306	0.289	0.263	1	"6"	"RAB30"
0.00271391207235611	0.596224426681819	0.414	0.407	1	"6"	"NTM"
0.00466113670626141	0.63679645073184	0.34	0.33	1	"6"	"FAM13A"
0.00476002619371388	0.556649200530503	0.343	0.332	1	"6"	"SLC2A1"
0.00670078454303612	0.528136443384647	0.273	0.251	1	"6"	"OSBPL10"
