Gene	alignment_similarity_percentage	opt_alignment_cost	l2fc	color	abs_l2fc
LINC00887	0.4286	37.8959030040234	-0.7083806572826574	red	0.7083806572826574
GADD45G	0.4286	35.234648423964714	0.023186291059754338	red	0.023186291059754338
HIST1H2BF	0.4828	43.11407969439365	0.1372243762070224	red	0.1372243762070224
AL355607.2	0.5	29.833896692555417	0.5187599433807724	red	0.5187599433807724
MB21D2	0.5	28.837860095610523	-0.445042785986999	red	0.445042785986999
LINC02432	0.5	30.24338685806561	-0.3419258414454287	red	0.3419258414454287
KLHDC7B	0.5	31.44180769787852	-0.3178284491820191	red	0.3178284491820191
IRF4	0.5	32.35715071479252	-0.2338787058911391	red	0.2338787058911391
RASIP1	0.5	33.60706508738704	-0.08512977334691925	red	0.08512977334691925
HIST1H4B	0.5	35.42339918049142	0.07543509069405542	red	0.07543509069405542
AL021396.1	0.5	30.837929983786427	0.01666645003349343	red	0.01666645003349343
ADRA1B	0.56	37.4596988120582	-0.6268661704163873	green	0.6268661704163873
CDH15	0.56	37.63541818957905	0.04565386256621371	green	0.04565386256621371
ITGA3	0.56	38.78682795855453	0.040840437362779536	green	0.040840437362779536
KIF4A	0.5789	21.178300277127757	-0.5326632547199953	green	0.5326632547199953
GDF5	0.5789	22.375378629127013	-0.39362930900559784	green	0.39362930900559784
ROR2	0.5789	22.861454148418417	-0.3935124758547955	green	0.3935124758547955
S1PR1	0.5789	24.342266401473672	-0.30992896533255826	green	0.30992896533255826
KIF15	0.5789	21.329634827435623	-0.30030193198931654	green	0.30030193198931654
CST2	0.5789	29.7458084540835	-0.27106652834523104	green	0.27106652834523104
SYBU	0.5789	25.80714962790736	-0.25197052801231296	green	0.25197052801231296
PGF	0.5789	23.585939398670455	-0.2502416761164073	green	0.2502416761164073
SNAP25	0.5789	30.59255875107725	-0.24133026105298166	green	0.24133026105298166
CLCF1	0.5789	22.449464523852804	-0.19212910946628314	green	0.19212910946628314
ADGRG6	0.5789	22.015150138997406	-0.14824924308663406	green	0.14824924308663406
PNMA2	0.5789	21.98045010182733	-0.09365347753660046	green	0.09365347753660046
HIST1H4D	0.5789	27.82733423030718	-0.07747506549722034	green	0.07747506549722034
PPP1R1B	0.5789	26.608899998711085	0.03499479929044458	green	0.03499479929044458
SHC3	0.5789	21.631667516794124	0.03428419750103244	green	0.03428419750103244
CLSPN	0.5789	21.818828076874183	-0.032272793828282645	green	0.032272793828282645
OLAH	0.5789	25.97408399518683	-0.015555631546973052	green	0.015555631546973052
TMEM150C	0.5909	38.09781163249237	-0.4929045609542544	green	0.4929045609542544
MGARP	0.6087	34.19594981029665	-0.39980781350328787	green	0.39980781350328787
CAMK1G	0.619	34.09532388252396	-0.7904963928739939	green	0.7904963928739939
HIST1H2BO	0.625	28.73294953091852	-1.3623534326870748	green	1.3623534326870748
TSHR	0.625	28.768439323299404	-0.6993598481667977	green	0.6993598481667977
EYA4	0.625	28.58698738328566	-0.5479686169948971	green	0.5479686169948971
RAI2	0.625	28.462622028031863	-0.5096142250316651	green	0.5096142250316651
TMOD1	0.6364	38.37966186276276	0.39922603399390144	green	0.39922603399390144
LINC01220	0.65	25.59727195962186	0.3218831761020867	green	0.3218831761020867
TRIM59	0.65	28.983046894605863	-0.23235741274691887	green	0.23235741274691887
CDCA2	0.65	26.806415085425325	-0.22475498736194466	green	0.22475498736194466
EFHD1	0.65	26.08815783190576	0.04563169344288748	green	0.04563169344288748
HGF	0.65	26.508154193737013	0.03946988984962591	green	0.03946988984962591
MELK	0.6522	32.82715758612684	-0.37399483543131656	green	0.37399483543131656
TRIP13	0.6522	32.6169981872684	-0.19274275267461685	green	0.19274275267461685
TDRD1	0.6667000000000001	24.58727441447005	-0.42549731298152055	green	0.42549731298152055
MATN3	0.6667000000000001	21.908063389603605	-0.31996713303025587	green	0.31996713303025587
ESCO2	0.6667000000000001	20.353482924210844	0.14069502380376647	green	0.14069502380376647
HIST1H2BH	0.6667000000000001	29.924043907944068	-0.0016322902522757118	green	0.0016322902522757118
FO681492.1	0.6842	23.61254341734517	-0.5140523982547613	green	0.5140523982547613
SYTL2	0.7	29.195565652722028	-0.24985529802121392	green	0.24985529802121392
LRRK2	0.7	27.330461122006362	-0.23883655939964094	green	0.23883655939964094
HIST1H3B	0.7	26.28074011319795	-0.1520378340770391	green	0.1520378340770391
DENND2A	0.7	24.234711509939597	0.12793145687686136	green	0.12793145687686136
PPP1R3C	0.7	21.206725484186546	-0.11573914827046955	green	0.11573914827046955
ADM2	0.7	22.570906900811025	-0.11332601421575353	green	0.11332601421575353
AKAP5	0.7	22.828157078502283	-0.09367184376838672	green	0.09367184376838672
HHIP-AS1	0.7	26.226789093126865	0.004770835139804712	green	0.004770835139804712
HTR2B	0.7143	25.649295615092726	-0.8169423926674777	green	0.8169423926674777
AIF1L	0.7143	25.60845901735152	-0.7230018294861685	green	0.7230018294861685
SKA3	0.7143	22.0159132628993	-0.25587849696719217	green	0.25587849696719217
ACVR1C	0.7143	31.558428259400866	-0.18043004192971343	green	0.18043004192971343
BUB1	0.7143	22.211978289488457	0.13607966560390866	green	0.13607966560390866
NNAT	0.7143	24.727969222860462	0.048120689469677236	green	0.048120689469677236
LRRN3	0.72	35.94211065340254	-0.6737071969375443	green	0.6737071969375443
MYBL1	0.7273000000000001	38.21161846963989	0.03903110046954192	green	0.03903110046954192
SLC2A12	0.7368000000000001	22.352792656770475	-0.41417282422936763	green	0.41417282422936763
ATAD5	0.7368000000000001	25.811969220901844	-0.3528153464195956	green	0.3528153464195956
ITGA2	0.7368000000000001	22.473865426720423	-0.3380627287850453	green	0.3380627287850453
CDCA8	0.7368000000000001	24.36204926347698	-0.3079652385360035	green	0.3079652385360035
CD70	0.7368000000000001	27.410829205374462	-0.300583253965931	green	0.300583253965931
TMSB15A	0.7368000000000001	21.0815280322458	-0.20696555680809683	green	0.20696555680809683
TCF21	0.7368000000000001	24.763907304716156	0.15228626426249034	green	0.15228626426249034
TRH	0.7368000000000001	27.828358218885928	0.14321376396832708	green	0.14321376396832708
CNN1	0.7368000000000001	27.659362971469438	0.11391378586220949	green	0.11391378586220949
BAIAP2L2	0.7368000000000001	26.37438056082537	-0.0806330861619584	green	0.0806330861619584
HMMR	0.7368000000000001	23.951028473879322	-0.023127420359992986	green	0.023127420359992986
PCSK1	0.7368000000000001	21.562158281470282	0.014623444190026131	green	0.014623444190026131
STX11	0.75	28.725326015485027	-0.8432509131067747	green	0.8432509131067747
SLCO2A1	0.75	28.333787705145664	-0.6939170169565562	green	0.6939170169565562
GRASP	0.75	22.457075990404125	-0.5816897587431027	green	0.5816897587431027
PAPPA-AS2	0.75	23.687177633899303	-0.39389024557989455	green	0.39389024557989455
CKAP2L	0.75	19.799220862480205	-0.30169249072439697	green	0.30169249072439697
SHISA3	0.75	20.800817581216442	0.26834933500604324	green	0.26834933500604324
SLC7A10	0.75	20.460514972903496	-0.2323030170969054	green	0.2323030170969054
CENPA	0.75	19.71134997261411	-0.22693472527619984	green	0.22693472527619984
GALNT5	0.75	23.489333421081625	-0.22351791615626468	green	0.22351791615626468
CIP2A	0.75	22.682950001767413	-0.20928845377149455	green	0.20928845377149455
HELLPAR	0.75	25.579105629107147	-0.20766592448516666	green	0.20766592448516666
LSAMP	0.75	21.62943242210209	-0.1901695712265835	green	0.1901695712265835
CSGALNACT1	0.75	27.803974750314218	-0.16463102650781916	green	0.16463102650781916
CXCL14	0.75	24.261664703610816	-0.12436979989365847	green	0.12436979989365847
ATP8B1	0.75	23.3480402747187	-0.11159906977689507	green	0.11159906977689507
PLXDC2	0.75	22.266829742513043	-0.10308414940624536	green	0.10308414940624536
CENPF	0.75	23.510038187094256	0.08708132184481701	green	0.08708132184481701
KNL1	0.75	26.570466918572755	-0.06383057845306468	green	0.06383057845306468
MT3	0.75	22.863472317550215	0.05987088293749745	green	0.05987088293749745
IL13RA2	0.75	21.017039416100594	-0.05979210285795279	green	0.05979210285795279
IFITM10	0.75	23.263538155538875	-0.039461105785343745	green	0.039461105785343745
RIMS1	0.75	21.91685779659631	-0.02765214081382054	green	0.02765214081382054
LINC01121	0.75	23.45524532855443	-0.0268401803111854	green	0.0268401803111854
HAPLN3	0.75	23.36407424342776	-0.026092145161933356	green	0.026092145161933356
CEP55	0.75	19.758930663833084	0.025078685813819737	green	0.025078685813819737
CPB1	0.75	28.15926732919072	-0.010390757815074633	green	0.010390757815074633
TRIM58	0.75	22.34412827906595	0.003853006050742183	green	0.003853006050742183
FRMPD3	0.7646999999999999	15.172002547376978	-2.2834856606635965	green	2.2834856606635965
HIST1H2BI	0.7646999999999999	19.191742369312834	-1.6758102869229787	green	1.6758102869229787
CIDEA	0.7646999999999999	10.837215354309379	-1.5911264372776739	green	1.5911264372776739
LINC02544	0.7646999999999999	11.51116467886069	1.2294325363731526	green	1.2294325363731526
AL096794.1	0.7646999999999999	19.25634055287481	-1.0660158572318188	green	1.0660158572318188
EEF1A2	0.7646999999999999	19.177492131459022	-1.045173126494876	green	1.045173126494876
BEAN1	0.7646999999999999	19.384943383790333	-0.9108383439337299	green	0.9108383439337299
CD52	0.7646999999999999	15.197584206536755	-0.8937202798002095	green	0.8937202798002095
ECEL1	0.7646999999999999	11.317701207629739	-0.8459109610681534	green	0.8459109610681534
EYA1	0.7646999999999999	11.246102282615809	0.8293374461669052	green	0.8293374461669052
FLG	0.7646999999999999	15.176696042219469	-0.8027458068367547	green	0.8027458068367547
VGF	0.7646999999999999	19.31305855586715	-0.7743345320451213	green	0.7743345320451213
NRGN	0.7646999999999999	13.104923732614123	-0.7713468251182672	green	0.7713468251182672
ROBO2	0.7646999999999999	12.271662314644006	-0.6261824666488945	green	0.6261824666488945
ENPP4	0.7646999999999999	19.70922818994658	-0.58071045082673	green	0.58071045082673
LINC02388	0.7646999999999999	11.407366193293019	-0.5788710222792953	green	0.5788710222792953
HIST1H3A	0.7646999999999999	17.048486270618675	-0.5397094678320901	green	0.5397094678320901
FGF12	0.7646999999999999	20.0399273471104	-0.5333895557606312	green	0.5333895557606312
LINC01018	0.7646999999999999	11.464211563924573	-0.5290839986104281	green	0.5290839986104281
FAM13C	0.7646999999999999	15.255027337834347	0.5052756177365653	green	0.5052756177365653
GPM6B	0.7646999999999999	15.720731984026274	-0.4805904966399499	green	0.4805904966399499
HIST1H4L	0.7646999999999999	11.60712427859452	-0.437488198119477	green	0.437488198119477
GRPR	0.7646999999999999	13.123029349657756	0.4197578636327203	green	0.4197578636327203
CYP24A1	0.7646999999999999	11.353464139900035	0.3727569485417128	green	0.3727569485417128
DDIAS	0.7646999999999999	11.73248607010892	-0.37041734716293934	green	0.37041734716293934
GINS2	0.7646999999999999	16.600321900520253	0.3679445332030218	green	0.3679445332030218
TLL2	0.7646999999999999	13.646746228329013	-0.35642342139912314	green	0.35642342139912314
MARC1	0.7646999999999999	21.420791956027344	-0.35012237471692925	green	0.35012237471692925
CPXM2	0.7646999999999999	12.45730998196932	-0.3484856918752417	green	0.3484856918752417
SLCO5A1	0.7646999999999999	20.11605770284914	-0.3460876183196647	green	0.3460876183196647
KRTAP2-3	0.7646999999999999	12.510723889819111	-0.32951314823424216	green	0.32951314823424216
TSPAN15	0.7646999999999999	13.15288097118143	-0.32368795726161453	green	0.32368795726161453
CCN3	0.7646999999999999	11.85422815328107	-0.3190536563121816	green	0.3190536563121816
ADRA2A	0.7646999999999999	17.336282193875235	-0.30951515126529955	green	0.30951515126529955
KIF20A	0.7646999999999999	12.01550074126124	0.30686777972908363	green	0.30686777972908363
DNER	0.7646999999999999	19.70275009229903	-0.3060845976915245	green	0.3060845976915245
BRIP1	0.7646999999999999	15.796788213632798	-0.2964784781325838	green	0.2964784781325838
ITPKA	0.7646999999999999	21.42977347742238	-0.28809821644850125	green	0.28809821644850125
HLA-DRB1	0.7646999999999999	12.860536824420077	-0.2661984218367394	green	0.2661984218367394
APOBEC3B	0.7646999999999999	11.792824864212651	0.26536173723753714	green	0.26536173723753714
CEMIP	0.7646999999999999	14.608614345236237	-0.2518642368370864	green	0.2518642368370864
CLDN7	0.7646999999999999	12.847516439277957	-0.24956855510124754	green	0.24956855510124754
PF4V1	0.7646999999999999	12.696816677476619	-0.24757181951250093	green	0.24757181951250093
CCN4	0.7646999999999999	12.710986358305123	-0.24496086705424652	green	0.24496086705424652
AOC2	0.7646999999999999	22.40320952330881	-0.2201849137320649	green	0.2201849137320649
PLK1	0.7646999999999999	15.422188758531252	-0.21715638355935798	green	0.21715638355935798
AL391056.1	0.7646999999999999	12.213408723807326	-0.21604258308613716	green	0.21604258308613716
KRT16	0.7646999999999999	11.733582087597242	-0.21572409970522052	green	0.21572409970522052
NEURL1B	0.7646999999999999	21.02403223654921	-0.2096711002045371	green	0.2096711002045371
TMEM155	0.7646999999999999	12.901170717430073	-0.17927882274510692	green	0.17927882274510692
SOWAHD	0.7646999999999999	20.574807169784943	-0.16884800037149963	green	0.16884800037149963
AQP7	0.7646999999999999	13.945464083681822	-0.16524851234928736	green	0.16524851234928736
RSPO2	0.7646999999999999	20.487395965835013	-0.16159078818468897	green	0.16159078818468897
INSYN2B	0.7646999999999999	12.744519053328872	-0.1615066731298087	green	0.1615066731298087
MYBL2	0.7646999999999999	12.80395003073583	-0.13780011439494783	green	0.13780011439494783
PBK	0.7646999999999999	15.59765169903145	-0.13718028436514387	green	0.13718028436514387
AREG	0.7646999999999999	20.34821996232759	-0.1359407254399834	green	0.1359407254399834
ASF1B	0.7646999999999999	20.05740963499162	-0.13458431790685316	green	0.13458431790685316
AL356218.2	0.7646999999999999	12.844103292980213	-0.12563204250193144	green	0.12563204250193144
PPP1R1A	0.7646999999999999	12.5182791571871	0.10880595973809565	green	0.10880595973809565
HLA-DRA	0.7646999999999999	12.170233941458108	-0.09899253874382134	green	0.09899253874382134
IL1RN	0.7646999999999999	11.366433849391917	0.08924933872792876	green	0.08924933872792876
ADIPOQ	0.7646999999999999	12.577370939348612	-0.08527878675081771	green	0.08527878675081771
NDC80	0.7646999999999999	12.684611798806813	-0.08037329324474465	green	0.08037329324474465
IL7R	0.7646999999999999	12.203107788246761	-0.07891460776871911	green	0.07891460776871911
CXCL8	0.7646999999999999	12.475623483882204	0.07850368443857825	green	0.07850368443857825
CDC45	0.7646999999999999	12.40945194266861	-0.07767049445710748	green	0.07767049445710748
BX255923.1	0.7646999999999999	10.902655500759858	-0.07685795204678908	green	0.07685795204678908
FOXM1	0.7646999999999999	13.443140422181136	-0.07610138718785192	green	0.07610138718785192
WNT2	0.7646999999999999	12.636801973516059	-0.07236058524944967	green	0.07236058524944967
GIPC2	0.7646999999999999	11.670038084539506	-0.0709746136818212	green	0.0709746136818212
PTGER1	0.7646999999999999	12.551670733522064	0.06747231044236461	green	0.06747231044236461
COL13A1	0.7646999999999999	12.429158835279454	0.05661898054647561	green	0.05661898054647561
CNR1	0.7646999999999999	12.970671484338252	-0.052823344548924206	green	0.052823344548924206
RETREG1	0.7646999999999999	12.693685947555679	-0.0526542310093116	green	0.0526542310093116
ASB9	0.7646999999999999	11.744144723187349	0.049113679933358315	green	0.049113679933358315
PCP4L1	0.7646999999999999	11.664289258451065	-0.048117746673373034	green	0.048117746673373034
IL11	0.7646999999999999	12.79002060783625	0.04704130284562933	green	0.04704130284562933
TNFRSF6B	0.7646999999999999	16.162019002852453	-0.04355906610381979	green	0.04355906610381979
CDC20	0.7646999999999999	16.59201603835533	0.03897900438311992	green	0.03897900438311992
HIST1H2BB	0.7646999999999999	15.429917861409754	0.03610522442825238	green	0.03610522442825238
ITGB8	0.7646999999999999	12.178146258612452	-0.035273022862483905	green	0.035273022862483905
OMD	0.7646999999999999	12.937342464047376	-0.03502729628550749	green	0.03502729628550749
CXCL5	0.7646999999999999	12.982475799606295	0.03369382441461433	green	0.03369382441461433
TROAP	0.7646999999999999	11.742299268176536	0.02132742611254903	green	0.02132742611254903
SERTM1	0.7646999999999999	11.348517426142752	-0.019706838860863832	green	0.019706838860863832
LINC01638	0.7646999999999999	12.634212095443706	0.0120008520198787	green	0.0120008520198787
PAX3	0.7646999999999999	16.145209545834042	0.011394792794015556	green	0.011394792794015556
AC005674.1	0.7895	16.900317622734267	-1.182557240401428	green	1.182557240401428
PARM1	0.7895	17.16084032081523	-0.8614310412633882	green	0.8614310412633882
IGHV3-74	0.7895	17.00467086566901	-0.7910310573803296	green	0.7910310573803296
HIST1H3J	0.7895	17.430627372503874	-0.6729685075012464	green	0.6729685075012464
HIST2H3D	0.7895	17.689687054461466	-0.6670991144438341	green	0.6670991144438341
WNT4	0.7895	21.253202096357796	-0.6561811616860603	green	0.6561811616860603
FBN2	0.7895	21.518064587715035	-0.5458392887203394	green	0.5458392887203394
PLXNA2	0.7895	20.02671901551692	-0.46286919182186786	green	0.46286919182186786
AC036108.2	0.7895	20.797431499297915	-0.41734283065829225	green	0.41734283065829225
CARMIL2	0.7895	22.305763757434846	-0.3988268959687661	green	0.3988268959687661
ZG16B	0.7895	21.346278191230898	-0.3778621129082139	green	0.3778621129082139
TNFRSF19	0.7895	21.134817929982653	-0.3721206904428693	green	0.3721206904428693
DLGAP5	0.7895	17.72331811142947	0.36449816399217005	green	0.36449816399217005
SLPI	0.7895	20.495950072544865	0.3397572283142224	green	0.3397572283142224
FGF18	0.7895	24.478434613546913	-0.3393096023774752	green	0.3393096023774752
CYP26B1	0.7895	19.66897265264405	-0.3276477640713256	green	0.3276477640713256
ARHGAP11A	0.7895	19.445054594612905	-0.30277353696109555	green	0.30277353696109555
STIL	0.7895	18.466692858241014	-0.30031116366218485	green	0.30031116366218485
IFI44L	0.7895	21.432514145453844	-0.29711248262132023	green	0.29711248262132023
HIST1H2AL	0.7895	19.741163346691867	-0.29669317033591475	green	0.29669317033591475
KCNIP2	0.7895	18.095001448432615	-0.286180910065088	green	0.286180910065088
PDE4C	0.7895	17.043632214789792	-0.2565250632190656	green	0.2565250632190656
CCL7	0.7895	23.77071909147642	-0.2459887316422536	green	0.2459887316422536
STARD4-AS1	0.7895	19.80772528200886	-0.23863439787107146	green	0.23863439787107146
CHL1	0.7895	24.148391642364462	-0.23524377925636814	green	0.23524377925636814
LBP	0.7895	18.767879891659042	-0.22243339067526335	green	0.22243339067526335
NEGR1	0.7895	21.421005113518593	-0.21355808286069794	green	0.21355808286069794
CENPP	0.7895	19.257622894865275	-0.21104762821920556	green	0.21104762821920556
CCDC85A	0.7895	19.16398794732688	-0.2024767758954511	green	0.2024767758954511
PDE3B	0.7895	20.81258453199981	-0.19981936558540803	green	0.19981936558540803
EREG	0.7895	17.370156165752356	-0.19344879847635613	green	0.19344879847635613
STXBP2	0.7895	18.90613872628583	-0.192609539586526	green	0.192609539586526
CCNA2	0.7895	19.7121158301636	-0.1909933100377251	green	0.1909933100377251
SAMD11	0.7895	20.64830675748911	-0.18275464771565114	green	0.18275464771565114
ZBED3-AS1	0.7895	20.972923602894543	-0.18062285820173204	green	0.18062285820173204
NTN4	0.7895	20.2369586694293	-0.1780502502134471	green	0.1780502502134471
PAPPA2	0.7895	21.194355004454586	0.17539932298828223	green	0.17539932298828223
NSG1	0.7895	21.575519077194073	-0.17114580659656106	green	0.17114580659656106
COL25A1	0.7895	22.030472266613685	0.14759313474213112	green	0.14759313474213112
SLC12A8	0.7895	19.375497339689854	-0.14397382426851127	green	0.14397382426851127
CILP	0.7895	20.770784951626577	-0.13988649518186072	green	0.13988649518186072
MICAL2	0.7895	23.965523186693396	-0.13818860863145546	green	0.13818860863145546
MESP1	0.7895	20.439608154668196	-0.130989452484465	green	0.130989452484465
PDE5A	0.7895	19.429288347208963	-0.13051605705508187	green	0.13051605705508187
ALOX15B	0.7895	24.186093903527077	-0.12268252687174856	green	0.12268252687174856
SHCBP1	0.7895	17.787150959311294	0.11780719822586191	green	0.11780719822586191
OASL	0.7895	20.563247516105626	-0.11664702176071132	green	0.11664702176071132
SPAG5	0.7895	18.605817798567685	-0.11532815594864528	green	0.11532815594864528
CLIC3	0.7895	19.27764109071782	-0.11481260406964751	green	0.11481260406964751
RGS16	0.7895	19.001199554129485	-0.11166484214380094	green	0.11166484214380094
PKIB	0.7895	24.18421987785307	-0.10822838992967374	green	0.10822838992967374
MKI67	0.7895	17.793216393451424	0.10342733654884953	green	0.10342733654884953
LINC01705	0.7895	17.92213456453235	-0.10318915055040868	green	0.10318915055040868
PFKFB4	0.7895	19.335900430792393	-0.101969453026962	green	0.101969453026962
LIPG	0.7895	19.360191589335873	-0.09798907679232698	green	0.09798907679232698
CD7	0.7895	18.371764618422656	0.09284442931680506	green	0.09284442931680506
SGCD	0.7895	18.018239268293215	-0.08115652811672777	green	0.08115652811672777
AFF2	0.7895	24.41795984356976	-0.07722348411746471	green	0.07722348411746471
PAMR1	0.7895	19.11806616651971	-0.07680749494567622	green	0.07680749494567622
AC010624.5	0.7895	20.03187486084236	-0.0712304967506341	green	0.0712304967506341
SYNJ2	0.7895	20.42321778884921	-0.07040829042990636	green	0.07040829042990636
EPSTI1	0.7895	19.85834589818482	-0.06337933304265103	green	0.06337933304265103
TNS3	0.7895	21.945324815836305	-0.045043248309014974	green	0.045043248309014974
FGF16	0.7895	18.350704526447032	-0.04460223451947075	green	0.04460223451947075
INHBA	0.7895	21.438966384651213	-0.04329553130779345	green	0.04329553130779345
FANCA	0.7895	18.32968977020846	0.04303494751587863	green	0.04303494751587863
CEP128	0.7895	19.722265686657583	-0.033381959424509076	green	0.033381959424509076
S100P	0.7895	21.068927917954202	-0.02976203933194721	green	0.02976203933194721
TCF7	0.7895	20.633520177470793	-0.02872675250517154	green	0.02872675250517154
DEPDC1	0.7895	21.575135074037075	0.02804495561941847	green	0.02804495561941847
LINC01554	0.7895	17.151277382088804	-0.023595201103018888	green	0.023595201103018888
MMP3	0.7895	18.281619926362026	-0.019658478026986333	green	0.019658478026986333
PCSK1N	0.7895	25.231074195396047	-0.008621874051490199	green	0.008621874051490199
NRG1	0.7895	21.695340949844663	0.005394284225241774	green	0.005394284225241774
PCLAF	0.7895	19.032268115748423	0.004208727387477323	green	0.004208727387477323
PLAT	0.7895	21.121143039570125	-0.003917519383147624	green	0.003917519383147624
USP2	0.8	27.223019056238456	-0.382103255451678	green	0.382103255451678
TF	0.8234999999999999	19.738173811364288	-0.9919904707473617	green	0.9919904707473617
CADPS	0.8234999999999999	19.299212597668898	-0.6580789159863069	green	0.6580789159863069
KYNU	0.8234999999999999	15.518177753316321	0.5626117564575911	green	0.5626117564575911
ANGPTL5	0.8234999999999999	15.05866428208289	0.42557807766198263	green	0.42557807766198263
AKR1B15	0.8234999999999999	15.57285832152813	0.3602944143772112	green	0.3602944143772112
FAM107A	0.8234999999999999	15.822860426056787	0.24438122926300718	green	0.24438122926300718
SERPINA5	0.8234999999999999	15.435517585184252	-0.040375976219936646	green	0.040375976219936646
CLUL1	0.8332999999999999	14.600975411744214	-1.0280104280978546	green	1.0280104280978546
AC104461.1	0.8332999999999999	15.012754325309318	-0.7149744180244574	green	0.7149744180244574
AC112206.2	0.8332999999999999	19.642756340839473	0.7096776895500656	green	0.7096776895500656
SPX	0.8332999999999999	14.605636054774607	-0.6584058031321619	green	0.6584058031321619
ADRA2C	0.8332999999999999	23.112015700834927	-0.6116536362979951	green	0.6116536362979951
GPRC5C	0.8332999999999999	15.746146110920124	-0.5801036150558686	green	0.5801036150558686
MYBPH	0.8332999999999999	15.449661483583245	0.5140813896138855	green	0.5140813896138855
GZMM	0.8332999999999999	19.383551209083247	-0.4763326506280113	green	0.4763326506280113
SCG2	0.8332999999999999	15.564054189050497	-0.4693797605703767	green	0.4693797605703767
SLC22A31	0.8332999999999999	15.988753983995162	-0.41966102285079704	green	0.41966102285079704
ALDH1A1	0.8332999999999999	16.855698317406695	-0.41344502959954865	green	0.41344502959954865
PRAG1	0.8332999999999999	19.353625345931526	-0.39674586448026505	green	0.39674586448026505
CA9	0.8332999999999999	15.68184066384483	-0.3882607746401626	green	0.3882607746401626
WNT7B	0.8332999999999999	15.529904316288363	0.3412868587094871	green	0.3412868587094871
CYP19A1	0.8332999999999999	25.12578375253861	-0.2874495349207098	green	0.2874495349207098
CCL8	0.8332999999999999	23.39421856288641	0.2866266576009568	green	0.2866266576009568
MLXIPL	0.8332999999999999	17.625019138094565	-0.2729206388376464	green	0.2729206388376464
PEX5L	0.8332999999999999	15.02248544979609	0.2529977808066265	green	0.2529977808066265
DHRS9	0.8332999999999999	17.09090309430053	-0.23060270941901695	green	0.23060270941901695
KCND2	0.8332999999999999	15.868230392111686	-0.220505311559584	green	0.220505311559584
IL7	0.8332999999999999	16.017309416471058	-0.21438914672654377	green	0.21438914672654377
SERPINB4	0.8332999999999999	18.715213958827384	-0.20001199046257892	green	0.20001199046257892
LONRF2	0.8332999999999999	20.82102855376546	-0.18622836861860248	green	0.18622836861860248
RAD51AP1	0.8332999999999999	16.305077302413753	-0.18565989562656562	green	0.18565989562656562
ANXA10	0.8332999999999999	15.817296472907271	0.17955494577852385	green	0.17955494577852385
CYP2S1	0.8332999999999999	19.50570396100478	0.17930821003564726	green	0.17930821003564726
EXO1	0.8332999999999999	15.60728992364802	0.16139396024982047	green	0.16139396024982047
CENPM	0.8332999999999999	16.18142498355758	0.1607907686544465	green	0.1607907686544465
FILIP1	0.8332999999999999	15.990948567691687	-0.14954980867635354	green	0.14954980867635354
PDE1C	0.8332999999999999	16.21635777039069	-0.14820410644977014	green	0.14820410644977014
TSPAN2	0.8332999999999999	15.932475228489258	-0.1479554210558236	green	0.1479554210558236
KRT7	0.8332999999999999	17.581867829131916	-0.14527089079225272	green	0.14527089079225272
SERPINA1	0.8332999999999999	15.210674262924789	-0.12659450061341118	green	0.12659450061341118
HLA-DRB5	0.8332999999999999	23.80432166182826	-0.11018560464807187	green	0.11018560464807187
LINC01615	0.8332999999999999	15.676570580257108	0.11008427363201784	green	0.11008427363201784
SEMA3D	0.8332999999999999	16.070694555183433	-0.1076643538387374	green	0.1076643538387374
OCIAD2	0.8332999999999999	16.46965708536558	0.10457421922791638	green	0.10457421922791638
DAPK1	0.8332999999999999	15.189531967555034	-0.10217253318596599	green	0.10217253318596599
C7	0.8332999999999999	16.965209280135515	-0.09863105723141476	green	0.09863105723141476
CD24	0.8332999999999999	15.294506617656566	0.0885927002057218	green	0.0885927002057218
IL6	0.8332999999999999	17.301128505192317	-0.08434261921332055	green	0.08434261921332055
SLCO4A1	0.8332999999999999	15.035589334338539	-0.08146813988290279	green	0.08146813988290279
MAP3K7CL	0.8332999999999999	16.748741758549478	0.06896064619087423	green	0.06896064619087423
CDCA3	0.8332999999999999	16.217726086531414	0.068462018440931	green	0.068462018440931
DLX5	0.8332999999999999	24.234866757095578	0.06788441355609838	green	0.06788441355609838
NEIL3	0.8332999999999999	15.077974578434768	0.06357273514246066	green	0.06357273514246066
NPTX1	0.8332999999999999	15.816230169329424	0.06203407047247035	green	0.06203407047247035
KRT18	0.8332999999999999	19.52329302620314	-0.060295612505191616	green	0.060295612505191616
RAB40A	0.8332999999999999	17.078429914000527	-0.05557548976931406	green	0.05557548976931406
GREM2	0.8332999999999999	16.3625704216454	-0.04603206125528985	green	0.04603206125528985
RAB3B	0.8332999999999999	18.10361892511956	-0.03878225294707278	green	0.03878225294707278
LINC00578	0.8332999999999999	15.77766645196076	-0.034584623919776215	green	0.034584623919776215
MARCH10	0.8332999999999999	15.788162973345697	0.030638368611215355	green	0.030638368611215355
DES	0.8332999999999999	15.829557563677243	0.029334081982153003	green	0.029334081982153003
ACTA2-AS1	0.8332999999999999	15.825885740943805	0.003960426713952226	green	0.003960426713952226
SCX	0.8332999999999999	15.974658706015795	0.0030946265715367585	green	0.0030946265715367585
SFRP2	0.85	21.95723577309992	0.2622493652045619	green	0.2622493652045619
MDFI	0.85	22.258182244380798	-0.22036618624598633	green	0.22036618624598633
LINC00519	0.85	21.427071070444992	0.08370474614774773	green	0.08370474614774773
ST6GALNAC5	0.8571	21.957891386178034	0.058324664188257797	green	0.058324664188257797
ADCY1	0.8695999999999999	23.404233430825368	-0.21061372259725267	green	0.21061372259725267
SLC2A14	0.875	6.389427609636043	-1.9267669558263778	green	1.9267669558263778
EPHA7	0.875	10.311527433641078	1.6370520471632248	green	1.6370520471632248
AC087482.1	0.875	6.645730425855614	-1.3151959883404463	green	1.3151959883404463
ACE2	0.875	6.562005377684774	-1.0584282550120412	green	1.0584282550120412
ADRB1	0.875	6.093990007615071	1.0243090400168278	green	1.0243090400168278
ALDH1A2	0.875	6.455810057649874	-1.0115338772131262	green	1.0115338772131262
C15orf48	0.875	6.648252374799068	-1.0112771275488994	green	1.0112771275488994
ACTC1	0.875	6.6639498204846594	-0.9955809006374012	green	0.9955809006374012
HIST1H2BM	0.875	10.325405324120654	-0.9902719966406728	green	0.9902719966406728
GDF6	0.875	7.501240937373063	-0.9855020314532741	green	0.9855020314532741
KISS1	0.875	9.051940424483414	0.9551059466203338	green	0.9551059466203338
AC099563.2	0.875	7.487166767102865	0.8322496104589884	green	0.8322496104589884
ACTG2	0.875	7.630114538225542	0.8129211790204016	green	0.8129211790204016
ENPP5	0.875	6.617825881726123	-0.7949194290026573	green	0.7949194290026573
NKX3-2	0.875	6.528608096397987	-0.7921577771161454	green	0.7921577771161454
E2F2	0.875	10.28854237785414	0.743004472535	green	0.743004472535
FOLR1	0.875	10.392246423134269	-0.7386884101691622	green	0.7386884101691622
FAM237B	0.875	10.400213649072965	0.7357309949862566	green	0.7357309949862566
C11orf86	0.875	15.244666026144452	-0.7010735050114754	green	0.7010735050114754
AC008641.1	0.875	10.26301735990485	-0.6780719051126374	green	0.6780719051126374
CSF3	0.875	14.605001985407485	-0.6622606466018152	green	0.6622606466018152
TTK	0.875	7.038823172984199	-0.6459366843379953	green	0.6459366843379953
KALRN	0.875	8.143973679843914	-0.6289474119805769	green	0.6289474119805769
TENM2	0.875	6.792846770666881	-0.6141628862920465	green	0.6141628862920465
FCER1G	0.875	10.188247208076003	-0.6079883526897287	green	0.6079883526897287
KIFC1	0.875	6.907974981064377	-0.6070440314923232	green	0.6070440314923232
C5AR2	0.875	6.510040111443201	-0.6024038074390098	green	0.6024038074390098
RNF152	0.875	9.721393098720597	-0.6003870135749986	green	0.6003870135749986
SLC6A13	0.875	6.879854712910471	-0.5809467988687916	green	0.5809467988687916
GPR68	0.875	8.193615120954954	0.5770783395838784	green	0.5770783395838784
PDE10A	0.875	8.398820072766249	-0.5596018964421207	green	0.5596018964421207
ABCG1	0.875	7.654936509751455	-0.5544421806029873	green	0.5544421806029873
OPCML	0.875	10.357177099282982	0.5518171800876959	green	0.5518171800876959
PLD5	0.875	6.937302670533783	-0.5434604625859867	green	0.5434604625859867
FER1L6	0.875	7.3881734371902015	-0.5325657485932226	green	0.5325657485932226
TNFSF9	0.875	8.388826203121651	-0.5297641698393571	green	0.5297641698393571
BCL2A1	0.875	10.12680163791142	-0.5076444620249835	green	0.5076444620249835
RIPOR2	0.875	7.6481697250566905	-0.49722516579312537	green	0.49722516579312537
TDO2	0.875	7.053487191467636	0.4933397490628639	green	0.4933397490628639
DTX1	0.875	8.829709444295906	-0.4911610771154229	green	0.4911610771154229
SBSPON	0.875	14.867201739400505	-0.46942540416227285	green	0.46942540416227285
AF106564.1	0.875	6.570192414697278	-0.46848861139329967	green	0.46848861139329967
AC078850.1	0.875	8.90866947321745	-0.4597851387065416	green	0.4597851387065416
TPPP3	0.875	8.180073949619961	0.455377727120932	green	0.455377727120932
RAPGEF5	0.875	6.666675700800471	-0.4444086661739038	green	0.4444086661739038
LINC02109	0.875	8.364068184755785	-0.43298376406937433	green	0.43298376406937433
RNF165	0.875	10.570064091927355	-0.42790130930963705	green	0.42790130930963705
TUBA3E	0.875	14.759396605242124	-0.41680771043855264	green	0.41680771043855264
SKA1	0.875	6.757962289233737	-0.41632595545609674	green	0.41632595545609674
KRT14	0.875	7.299948045404842	0.4160354421428406	green	0.4160354421428406
LINC01197	0.875	7.460168348881945	0.40833843777162093	green	0.40833843777162093
LYPD6B	0.875	6.7101278628232635	-0.4069781531894005	green	0.4069781531894005
NOG	0.875	8.65498464890687	-0.40299484194151874	green	0.40299484194151874
EMCN	0.875	6.9928255091910305	-0.3993492047411937	green	0.3993492047411937
STON2	0.875	6.826608501447097	-0.39614034866878783	green	0.39614034866878783
TREM1	0.875	6.539025280696239	0.39436301581743755	green	0.39436301581743755
ADRB2	0.875	7.565732943783184	0.389620770872538	green	0.389620770872538
LINC01119	0.875	8.303592204047685	-0.36254915842320495	green	0.36254915842320495
AC002074.2	0.875	7.883393509994183	-0.3454506673189934	green	0.3454506673189934
AL359834.1	0.875	10.002933486818847	0.34538047057826526	green	0.34538047057826526
PROK1	0.875	8.017569461261976	0.3446877815724232	green	0.3446877815724232
AL161449.2	0.875	10.29585944575335	-0.33963537376413155	green	0.33963537376413155
CYP7B1	0.875	7.507483261205379	-0.32981652472491435	green	0.32981652472491435
PRSS21	0.875	7.155844366721918	-0.3253844133948725	green	0.3253844133948725
RIMS2	0.875	7.042827446173193	0.3227946114735962	green	0.3227946114735962
ITIH1	0.875	7.525098110422985	0.31754478487834614	green	0.31754478487834614
HIST1H2AJ	0.875	6.762193616779595	-0.3149715567826569	green	0.3149715567826569
HIST1H2AI	0.875	8.535535649940378	-0.3144929668177454	green	0.3144929668177454
PDE3A	0.875	11.88578868974859	-0.31340702719580993	green	0.31340702719580993
ACAN	0.875	8.825323157164132	0.3132676634965755	green	0.3132676634965755
RASL11B	0.875	8.93610351680213	-0.30920637311368704	green	0.30920637311368704
BMP6	0.875	7.7984908586169555	-0.3081234504984081	green	0.3081234504984081
CDCA5	0.875	6.915164005743171	-0.30637702096963343	green	0.30637702096963343
DGKG	0.875	10.368016862872695	-0.29649546492565354	green	0.29649546492565354
CCK	0.875	7.632816330155095	-0.29298474797278784	green	0.29298474797278784
GINS4	0.875	7.922917698055086	-0.28879597972823445	green	0.28879597972823445
HIST1H1A	0.875	7.269474032838686	-0.2862476663553861	green	0.2862476663553861
IL1RL1	0.875	8.379368664772713	-0.28506309110144307	green	0.28506309110144307
STRA6	0.875	7.124228434267518	-0.28476633477444124	green	0.28476633477444124
TNFSF10	0.875	8.343049834389184	0.2805537438141165	green	0.2805537438141165
FGL2	0.875	7.569230980805716	-0.27908463324591964	green	0.27908463324591964
LNCOG	0.875	7.955013055335978	-0.2787127217022589	green	0.2787127217022589
PTPRQ	0.875	7.589957631733341	-0.2786052691608951	green	0.2786052691608951
CITED1	0.875	7.329984214789384	-0.2691300013584011	green	0.2691300013584011
SLC1A7	0.875	8.99463191842628	-0.2676005823171789	green	0.2676005823171789
MXD3	0.875	11.794142011874754	-0.26588815891257356	green	0.26588815891257356
TNFRSF11B	0.875	8.139065943106232	-0.26199841737421964	green	0.26199841737421964
P2RY1	0.875	6.246034001665693	0.26164306041736557	green	0.26164306041736557
DIO2	0.875	6.772980200154009	0.2609484603469976	green	0.2609484603469976
MMP1	0.875	8.180726340313567	-0.25947120738139984	green	0.25947120738139984
LINC02542	0.875	6.738779032715581	0.25725054463225133	green	0.25725054463225133
DPEP1	0.875	16.09992823164285	-0.25663618046952114	green	0.25663618046952114
HP	0.875	16.510190484329453	-0.25387497445094653	green	0.25387497445094653
VDR	0.875	8.803319314339161	-0.24487999211744646	green	0.24487999211744646
AC037198.2	0.875	9.659436081815505	-0.24337407426840535	green	0.24337407426840535
LINC01048	0.875	7.926838613604952	0.23963533395143866	green	0.23963533395143866
ULBP3	0.875	13.718166633420218	-0.23796947488805437	green	0.23796947488805437
TRPC4	0.875	9.76351261516289	-0.23417373641393427	green	0.23417373641393427
FLT1	0.875	7.201512516276828	0.23356974617128268	green	0.23356974617128268
ANGPT2	0.875	7.5127334728918775	-0.23242078605866962	green	0.23242078605866962
KRTAP1-5	0.875	8.462442965056107	-0.22881810831537877	green	0.22881810831537877
MYH2	0.875	6.655869736017957	-0.2249633260844418	green	0.2249633260844418
TENT5B	0.875	8.645114517901023	-0.22154540651498453	green	0.22154540651498453
F2RL1	0.875	7.053562265762169	-0.21962693122935983	green	0.21962693122935983
KCNB1	0.875	16.433907899514047	-0.21828015530917966	green	0.21828015530917966
EDN1	0.875	7.604691824042142	-0.21732132878740304	green	0.21732132878740304
RAB27B	0.875	7.27305831658884	0.21647951038759422	green	0.21647951038759422
MAMDC2	0.875	7.027770573962188	0.21629165727235902	green	0.21629165727235902
GPBAR1	0.875	13.373462977290194	-0.21431034984886896	green	0.21431034984886896
CSPG4	0.875	10.404515869107685	-0.2139117702751855	green	0.2139117702751855
BIRC5	0.875	8.103361655004456	0.21370157427723674	green	0.21370157427723674
LINC00968	0.875	9.808462933594885	-0.2136049790856253	green	0.2136049790856253
NPAS1	0.875	8.403993181789247	-0.21219960086607095	green	0.21219960086607095
SULT1B1	0.875	6.656312323566245	0.2118275630576224	green	0.2118275630576224
ANKRD1	0.875	6.682828250986974	-0.21105844783627384	green	0.21105844783627384
KCNK3	0.875	9.476991206203609	-0.20979063431159264	green	0.20979063431159264
GATA3	0.875	6.7466556770878325	-0.20874985119104444	green	0.20874985119104444
FMO2	0.875	11.086151432646158	0.20834682046790098	green	0.20834682046790098
CCDC68	0.875	8.340586401849787	-0.20810013143507627	green	0.20810013143507627
PRKAG2-AS1	0.875	11.186599725846568	-0.20477122847812704	green	0.20477122847812704
TCF19	0.875	8.757007131211228	-0.20450648486138312	green	0.20450648486138312
CLSTN2	0.875	16.698504887538743	-0.20348255351309302	green	0.20348255351309302
GFRA1	0.875	11.299404497215171	-0.20341909229847374	green	0.20341909229847374
NEBL	0.875	7.361074201240125	-0.20095716729614188	green	0.20095716729614188
FANCD2	0.875	7.744260311219383	-0.20085896602786157	green	0.20085896602786157
TMEFF2	0.875	6.741183997970767	0.19915726464881342	green	0.19915726464881342
ATP1B1	0.875	8.889911073461292	-0.19889603667560823	green	0.19889603667560823
CA2	0.875	7.075644508916609	-0.19463057433684344	green	0.19463057433684344
BEX2	0.875	10.5741152932453	-0.19329538891494635	green	0.19329538891494635
TNNT3	0.875	8.01819343291363	-0.1925086795656672	green	0.1925086795656672
KIF18A	0.875	7.594831823389788	-0.19210413254630643	green	0.19210413254630643
TRIB2	0.875	8.352121907747428	-0.1893533329564563	green	0.1893533329564563
IQGAP3	0.875	6.716640123898475	-0.17981710192293804	green	0.17981710192293804
CLMN	0.875	8.835670017446196	-0.17669549031261067	green	0.17669549031261067
PEAR1	0.875	9.242162504880548	-0.17654561266172542	green	0.17654561266172542
LZTS1	0.875	6.8143258194182135	0.1763401946989592	green	0.1763401946989592
ARHGDIB	0.875	8.211781009781905	-0.1757557847011416	green	0.1757557847011416
PRR16	0.875	9.30336241031504	-0.17391821930690962	green	0.17391821930690962
SGK1	0.875	9.112376635622574	-0.1733909597058137	green	0.1733909597058137
IL18	0.875	10.44042856889777	0.17241676641633014	green	0.17241676641633014
MAP2	0.875	14.778965477121359	-0.1720853110709371	green	0.1720853110709371
PLAC1	0.875	6.913627242225784	0.17092091226005088	green	0.17092091226005088
DIRC1	0.875	8.055756156458308	-0.1666168368015511	green	0.1666168368015511
OTULINL	0.875	14.774426816655339	-0.16633205195359893	green	0.16633205195359893
GPD1	0.875	9.889534940958146	-0.16462851677055226	green	0.16462851677055226
TRARG1	0.875	8.009144043301598	-0.16323731063970853	green	0.16323731063970853
AL391883.1	0.875	7.163548426212885	0.16237351119659724	green	0.16237351119659724
AC016831.1	0.875	9.073684815465072	-0.1603499442597721	green	0.1603499442597721
APCDD1L-DT	0.875	7.857215277780666	-0.1579075384707888	green	0.1579075384707888
RASSF9	0.875	8.214630452266926	-0.15762563861695406	green	0.15762563861695406
INHBE	0.875	7.690262886951814	0.15733492243136576	green	0.15733492243136576
FAM167A	0.875	10.14760907774074	-0.15723469290101477	green	0.15723469290101477
MIR503HG	0.875	9.208914994972286	-0.15629102044358364	green	0.15629102044358364
HRH1	0.875	7.926551692713655	0.15508858471433998	green	0.15508858471433998
NHLH1	0.875	7.126161418140533	0.1544315783138616	green	0.1544315783138616
PCDHA10	0.875	10.44212139717514	0.15287398569826033	green	0.15287398569826033
SERTAD4-AS1	0.875	7.891929907301201	0.14970277882746771	green	0.14970277882746771
CTXN1	0.875	7.985009697865079	-0.14635059189566457	green	0.14635059189566457
SFN	0.875	7.258003666072149	0.14456108165238732	green	0.14456108165238732
RGS4	0.875	9.924547837062443	-0.14050995424301208	green	0.14050995424301208
PPP1R14A	0.875	8.274912255470568	-0.1397913221149745	green	0.1397913221149745
APCDD1L	0.875	7.921563571342412	-0.13711976337583695	green	0.13711976337583695
ULBP1	0.875	7.985508943719501	-0.13591173440917456	green	0.13591173440917456
AL158071.1	0.875	8.292699097542043	-0.13479680241773775	green	0.13479680241773775
UBE2C	0.875	8.669527971421966	-0.13126657398486583	green	0.13126657398486583
AL355916.1	0.875	8.1647367284644	-0.13112502954221905	green	0.13112502954221905
CCNB2	0.875	8.035230906683141	-0.13017977897011135	green	0.13017977897011135
ITIH5	0.875	7.169071766741805	-0.1286290588996717	green	0.1286290588996717
ACE	0.875	7.90116655203023	-0.12705052132258068	green	0.12705052132258068
ZSCAN31	0.875	8.760200178267036	-0.12673355071641143	green	0.12673355071641143
AL512308.1	0.875	8.213705897643008	-0.12460887214056825	green	0.12460887214056825
COL21A1	0.875	7.617428936699607	-0.12192560273423354	green	0.12192560273423354
DIAPH3	0.875	9.137862388184837	-0.11264304686533813	green	0.11264304686533813
HSD11B2	0.875	7.9948007804880294	-0.11211096944456897	green	0.11211096944456897
FNDC1	0.875	8.037660528847445	0.11179257852146886	green	0.11179257852146886
SPC24	0.875	7.744968104714664	0.11127287412298587	green	0.11127287412298587
MRAP	0.875	8.636390875110711	-0.10654033806429221	green	0.10654033806429221
AF165147.1	0.875	8.431348660980827	-0.10631945096754901	green	0.10631945096754901
AC244153.1	0.875	7.538488827769509	0.10349153113979641	green	0.10349153113979641
ADGRD1	0.875	7.229511144125979	-0.10311482384439173	green	0.10311482384439173
ACHE	0.875	8.0666407386458	0.10277900102788372	green	0.10277900102788372
PROX1	0.875	14.966713828900991	-0.10260132242148882	green	0.10260132242148882
SAA1	0.875	8.541549931954366	-0.10246968242392007	green	0.10246968242392007
NTS	0.875	7.99617612798675	0.10160581450317646	green	0.10160581450317646
IL20RB	0.875	8.188808225796347	-0.10040717980875027	green	0.10040717980875027
LRRC15	0.875	8.204805877384828	-0.10016167760575118	green	0.10016167760575118
PLIN1	0.875	8.640152256711426	-0.09798800680613934	green	0.09798800680613934
STAC	0.875	8.807090589940175	-0.09421996310547581	green	0.09421996310547581
GAL	0.875	11.041756629213719	0.09126812032630638	green	0.09126812032630638
SERPINB7	0.875	9.271477046506103	-0.09103102604427721	green	0.09103102604427721
FGF1	0.875	8.568450402731035	0.0885742598118265	green	0.0885742598118265
LINC02158	0.875	7.292399342752277	-0.08524457507420223	green	0.08524457507420223
PDGFRL	0.875	7.812393111829428	-0.0847948943351102	green	0.0847948943351102
NTM	0.875	7.501069248089387	0.08441389509643214	green	0.08441389509643214
GREM1	0.875	9.696810791479196	-0.08285133043142569	green	0.08285133043142569
NCEH1	0.875	9.725235216397834	0.08169734622766348	green	0.08169734622766348
OLFML1	0.875	8.202872950680316	-0.08119105703937238	green	0.08119105703937238
LGALS12	0.875	15.875093926419137	-0.07911676458215579	green	0.07911676458215579
GLDN	0.875	11.246285428388557	-0.07811313842050903	green	0.07811313842050903
CIT	0.875	7.7721593418875115	0.07572457715304852	green	0.07572457715304852
IL32	0.875	8.991341061615271	-0.07419561585077049	green	0.07419561585077049
RTKN2	0.875	7.284162107433395	-0.07389995167716204	green	0.07389995167716204
FENDRR	0.875	8.4515452015394	-0.07185805631756466	green	0.07185805631756466
LAMA3	0.875	8.245769905028041	0.07025984638685082	green	0.07025984638685082
PKMYT1	0.875	6.836611685850537	-0.06930730541728271	green	0.06930730541728271
TMEM173	0.875	8.730756884879517	-0.06795904067679598	green	0.06795904067679598
CREB5	0.875	8.348176332543414	-0.06725127492292017	green	0.06725127492292017
GPRC5A	0.875	7.772360920806606	0.06533746379559974	green	0.06533746379559974
SLC7A4	0.875	10.354123417150488	0.06386285322290254	green	0.06386285322290254
OXTR	0.875	8.784977210404872	0.06101748566794958	green	0.06101748566794958
MXRA5	0.875	8.19930807526528	-0.060827282100045926	green	0.060827282100045926
PTPRE	0.875	7.267999695353568	-0.06080585266347512	green	0.06080585266347512
CCL11	0.875	7.350828245714265	-0.05984450969998082	green	0.05984450969998082
NR4A3	0.875	7.950369307538995	-0.057174945224769284	green	0.057174945224769284
IGSF10	0.875	7.552036475174257	-0.05353805925122883	green	0.05353805925122883
AC109466.1	0.875	7.066226281501233	-0.04948894134475173	green	0.04948894134475173
STMN2	0.875	8.291378177087719	0.04799136674371879	green	0.04799136674371879
CYP1A1	0.875	6.615414507095503	0.04452376616828432	green	0.04452376616828432
RAD51	0.875	7.550152693542429	-0.04152693273845593	green	0.04152693273845593
UHRF1	0.875	8.33722459795143	-0.036617046120830006	green	0.036617046120830006
ALDH1L1	0.875	15.898854424039838	0.03610313570715545	green	0.03610313570715545
ASPN	0.875	7.7928594166167375	0.035050089931239196	green	0.035050089931239196
AC134312.5	0.875	7.511453020086087	0.03355722327543003	green	0.03355722327543003
E2F7	0.875	7.61279313141311	0.031152914859393522	green	0.031152914859393522
CXCL6	0.875	8.821612545996654	0.030622764319004823	green	0.030622764319004823
SNX10	0.875	12.357388856703446	0.026413376637647923	green	0.026413376637647923
CMKLR1	0.875	8.777308833935031	0.026274029922965226	green	0.026274029922965226
KLB	0.875	15.956633668440807	-0.0241662259266206	green	0.0241662259266206
MX1	0.875	7.451718858997535	-0.024035234133296834	green	0.024035234133296834
GPR1	0.875	8.613273549868062	0.019780021266123885	green	0.019780021266123885
WDR76	0.875	7.738457943022519	0.017783001168469283	green	0.017783001168469283
PRC1-AS1	0.875	10.433122405308202	0.01625145234469253	green	0.01625145234469253
LIMCH1	0.875	11.666218355734657	0.012035191286877316	green	0.012035191286877316
VCAM1	0.875	7.298980243783633	-0.0061513873779842675	green	0.0061513873779842675
EVA1A	0.875	8.71928430235798	-0.004031349114732652	green	0.004031349114732652
PPL	0.875	7.74491207135856	-0.003926212721617776	green	0.003926212721617776
ICAM1	0.875	8.098311357232292	0.0012883835703437977	green	0.0012883835703437977
BLM	0.875	6.844755306508238	0.0	green	0.0
ADCYAP1	0.875	6.460576185601614	0.0	green	0.0
VASH2	0.8824	13.378890053277438	-0.7192647460728347	green	0.7192647460728347
AC011407.1	0.8824	14.295848077935178	-0.41797346184398276	green	0.41797346184398276
AC004083.1	0.8824	14.40441243033515	-0.2050098876894324	green	0.2050098876894324
F11R	0.8824	19.632692659152166	-0.16505749204551448	green	0.16505749204551448
DLK1	0.9	26.282409135426526	0.16875258562515044	green	0.16875258562515044
ARC	0.9167000000000001	19.861182623494873	-0.10756244660255151	green	0.10756244660255151
AC119396.1	0.9375	14.552202078376892	-0.4852080670025625	green	0.4852080670025625
NRG2	0.9375	15.574682221232232	-0.27161747359906124	green	0.27161747359906124
PDPN	0.9375	14.48508308220769	-0.1887590270246126	green	0.1887590270246126
MMP8	0.9375	10.466814181570683	-0.10742664934162954	green	0.10742664934162954
OIP5	0.9375	10.605511951088257	-0.05875338116808577	green	0.05875338116808577
LRATD1	0.9473999999999999	17.069862586443225	-0.671666964747114	green	0.671666964747114
KIF23	0.9473999999999999	18.492384710492356	-0.11776815763207404	green	0.11776815763207404
SHROOM3	0.9473999999999999	19.620776137014172	0.1086799963613845	green	0.1086799963613845
ANLN	0.9473999999999999	18.84847910755417	0.05508092266077982	green	0.05508092266077982
MRVI1	0.9473999999999999	20.955809696761577	0.02122059785953172	green	0.02122059785953172
MBP	0.9473999999999999	17.73749132838759	-0.0009303886642066274	green	0.0009303886642066274
DTL	0.95	19.23038166766259	0.38006265608409767	green	0.38006265608409767
PDLIM3	0.95	18.680988761219066	0.363490120966949	green	0.363490120966949
DERL3	0.95	26.41503598713377	-0.2251316997580173	green	0.2251316997580173
METTL7B	0.95	26.00191429589106	-0.21398486875104827	green	0.21398486875104827
ANK3	0.95	18.293614804927564	-0.1053342707038574	green	0.1053342707038574
ADH4	0.9523999999999999	18.27111417478364	-0.8845425996134294	green	0.8845425996134294
EME1	0.9523999999999999	21.12703714628574	-0.06799018959288496	green	0.06799018959288496
ANGPTL7	1.0	-1.3707867238525941	inf	green	inf
SH2D5	1.0	-1.3707867238525941	-inf	green	inf
C1QB	1.0	-1.3707867238525941	-inf	green	inf
AL354864.1	1.0	-1.3707867238525941	-inf	green	inf
TCTEX1D4	1.0	-1.3707867238525941	inf	green	inf
DMBX1	1.0	-1.3707867238525941	-inf	green	inf
LINC00298	1.0	-1.3707867238525941	-inf	green	inf
GKN2	1.0	-1.3707867238525941	inf	green	inf
IL36G	1.0	-1.3707867238525941	-inf	green	inf
AC012363.2	1.0	-1.3707867238525941	inf	green	inf
SCN7A	1.0	-2.3855163093934566	-inf	green	inf
HS3ST1	1.0	-1.3707867238525941	-inf	green	inf
FGFBP1	1.0	-1.3707867238525941	-inf	green	inf
EPHA5	1.0	-2.3210165992902807	inf	green	inf
AC093772.1	1.0	-1.3707867238525941	inf	green	inf
GYPA	1.0	-1.3707867238525941	-inf	green	inf
FGG	1.0	-1.3707867238525941	inf	green	inf
AC097526.1	1.0	-1.3707867238525941	-inf	green	inf
HSPB3	1.0	-1.3707867238525941	-inf	green	inf
AC113418.1	1.0	-1.3707867238525941	inf	green	inf
SPINK6	1.0	-1.3707867238525941	-inf	green	inf
FLT4	1.0	-1.3707867238525941	-inf	green	inf
NPY	1.0	-1.3707867238525941	inf	green	inf
ADCYAP1R1	1.0	-1.3707867238525941	inf	green	inf
PPDPFL	1.0	-1.3707867238525941	-inf	green	inf
PI15	1.0	-1.3707867238525941	-inf	green	inf
AP003472.1	1.0	-1.3707867238525941	-inf	green	inf
AL158828.1	1.0	-1.3707867238525941	-inf	green	inf
TNFSF15	1.0	-2.386973075850477	-inf	green	inf
AP004247.2	1.0	-1.3707867238525941	inf	green	inf
CNTN5	1.0	-1.3707867238525941	inf	green	inf
CD4	1.0	-1.9484370595593739	-inf	green	inf
KLRC2	1.0	-1.3707867238525941	-inf	green	inf
PDE6H	1.0	-1.3707867238525941	-inf	green	inf
MYF5	1.0	-1.3707867238525941	-inf	green	inf
SVOP	1.0	-1.3707867238525941	-inf	green	inf
LINC02327	1.0	-1.3707867238525941	-inf	green	inf
AL355835.1	1.0	-1.3707867238525941	inf	green	inf
RDH12	1.0	-1.3707867238525941	-inf	green	inf
AC004816.1	1.0	-1.3707867238525941	-inf	green	inf
SERPINA4	1.0	-1.3707867238525941	-inf	green	inf
SLC25A47	1.0	-1.3707867238525941	-inf	green	inf
GOLGA8G	1.0	-1.3707867238525941	inf	green	inf
AC108861.1	1.0	-1.3707867238525941	-inf	green	inf
LINC01229	1.0	-1.3707867238525941	-inf	green	inf
AC005703.3	1.0	-1.3707867238525941	inf	green	inf
AC007923.1	1.0	-1.3707867238525941	-inf	green	inf
SMIM5	1.0	-1.3707867238525941	-inf	green	inf
AP000894.2	1.0	-1.3707867238525941	inf	green	inf
CDH19	1.0	-1.3707867238525941	inf	green	inf
NCAN	1.0	-1.3707867238525941	-inf	green	inf
UMODL1	1.0	-1.3707867238525941	inf	green	inf
LINC02554	1.0	-1.3707867238525941	inf	green	inf
RASL10A	1.0	-1.3707867238525941	-inf	green	inf
SEC14L4	1.0	-1.3707867238525941	inf	green	inf
PNPLA5	1.0	-1.3707867238525941	inf	green	inf
SHOX	1.0	-1.3707867238525941	inf	green	inf
BMX	1.0	-2.3395593986647714	-inf	green	inf
KLHL4	1.0	-1.3707867238525941	inf	green	inf
ESX1	1.0	-1.3707867238525941	-inf	green	inf
ARHGAP36	1.0	-1.3707867238525941	-inf	green	inf
RGS9BP	1.0	-2.0051350657743825	-3.2206283846265347	green	3.2206283846265347
LINC02324	1.0	-2.2947982235929874	-2.989180305155709	green	2.989180305155709
GRP	1.0	-2.3081323775834686	-2.755931742693467	green	2.755931742693467
CRYBA1	1.0	-2.0035009781795954	-2.584962500721156	green	2.584962500721156
TREM2	1.0	-2.4217733299982642	2.56239889135207	green	2.56239889135207
WNT16	1.0	-2.3072174327773896	-2.5341814692488205	green	2.5341814692488205
CGA	1.0	-2.4436975746607397	2.411949018092148	green	2.411949018092148
ANO1	1.0	-2.4480441966038327	2.370143351946001	green	2.370143351946001
SIRLNT	1.0	-2.38112327097476	2.3493378939546163	green	2.3493378939546163
DIO3	1.0	-1.3707867238525941	-2.321928094887362	green	2.321928094887362
CST11	1.0	-2.356444248852758	-2.321928094887362	green	2.321928094887362
UGT2A1	1.0	-1.3707867238525941	-2.2948091053306148	green	2.2948091053306148
ZNF208	1.0	-2.292474256459046	2.281447271105542	green	2.281447271105542
AC124254.2	1.0	-2.3347850810103625	-2.260772787644135	green	2.260772787644135
HAPLN1	1.0	-1.3707867238525941	2.1969099344212326	green	2.1969099344212326
LINC01602	1.0	-2.369011316484849	2.1300886405533364	green	2.1300886405533364
UGT1A8	1.0	-1.3707867238525941	2.0	green	2.0
AC078881.1	1.0	-2.3627560190858587	-2.0	green	2.0
AC004585.1	1.0	-2.362609788426225	-2.0	green	2.0
SLC16A10	1.0	-1.9748727473096797	-1.9887623064464073	green	1.9887623064464073
GNLY	1.0	-1.3707867238525941	-1.9287890643643861	green	1.9287890643643861
TTC9	1.0	-2.143145828156318	-1.8772171966270437	green	1.8772171966270437
VAV3	1.0	-1.3707867238525941	1.8419580281861558	green	1.8419580281861558
FOXD4L1	1.0	-1.3707867238525941	1.8419580281861558	green	1.8419580281861558
SOX17	1.0	-1.3707867238525941	1.8419580281861558	green	1.8419580281861558
AL355474.1	1.0	-1.3707867238525941	1.8419580281861558	green	1.8419580281861558
LINC02269	1.0	-1.9902015571169664	-1.8189817524942826	green	1.8189817524942826
PGLYRP2	1.0	-2.3064059472959717	-1.807354922057604	green	1.807354922057604
C2CD4B	1.0	-1.3707867238525941	1.7905350238931244	green	1.7905350238931244
LCE2A	1.0	-1.3707867238525941	-1.7191752248131995	green	1.7191752248131995
CRHBP	1.0	-1.3707867238525941	-1.6644487074538896	green	1.6644487074538896
RNF175	1.0	-2.414281972114844	1.6603646262358684	green	1.6603646262358684
LINC00989	1.0	-2.3653700537531828	1.657479387433473	green	1.657479387433473
GNRH2	1.0	-2.2849790244134573	1.6356658839053786	green	1.6356658839053786
TLL1	1.0	-2.382556692639847	1.6298566480539987	green	1.6298566480539987
FXYD7	1.0	-1.9155221053469558	-1.6174735904511415	green	1.6174735904511415
LINC02349	1.0	-1.981097693883254	-1.5849625007211563	green	1.5849625007211563
CXCL13	1.0	-1.3707867238525941	1.584962500721156	green	1.584962500721156
ENPP6	1.0	-1.3707867238525941	1.584962500721156	green	1.584962500721156
MACC1	1.0	-1.3707867238525941	1.584962500721156	green	1.584962500721156
CRYBA2	1.0	-2.326758395533545	-1.504279106718034	green	1.504279106718034
CCL13	1.0	-2.4865287697215925	-1.481547594011142	green	1.481547594011142
AC096586.2	1.0	-2.328960425699955	-1.4799700667012063	green	1.4799700667012063
AL162582.1	1.0	-1.3707867238525941	-1.4472263624269268	green	1.4472263624269268
SST	1.0	-1.3707867238525941	-1.4399867754033648	green	1.4399867754033648
ONECUT1	1.0	-2.197728360117672	-1.4372115701116028	green	1.4372115701116028
PCSK2	1.0	-2.284251819580771	-1.3940267243189504	green	1.3940267243189504
EOMES	1.0	-1.3707867238525941	-1.3701433519460013	green	1.3701433519460013
AC093772.2	1.0	-1.3707867238525941	-1.3701433519460013	green	1.3701433519460013
GNGT1	1.0	-1.3707867238525941	-1.3701433519460013	green	1.3701433519460013
AC136297.1	1.0	-1.3707867238525941	-1.3701433519460013	green	1.3701433519460013
LINC01483	1.0	-1.3707867238525941	-1.3701433519460013	green	1.3701433519460013
AL109946.1	1.0	-1.3707867238525941	-1.3701433519460013	green	1.3701433519460013
HAND1	1.0	-1.3707867238525941	1.3701433519460011	green	1.3701433519460011
LINC00589	1.0	-1.3707867238525941	1.3701433519460011	green	1.3701433519460011
FBXO39	1.0	-1.3707867238525941	1.3701433519460011	green	1.3701433519460011
AC103808.4	1.0	-1.3707867238525941	1.3701433519460011	green	1.3701433519460011
AC138649.1	1.0	-2.3697663591447253	-1.338179547232055	green	1.338179547232055
AC005609.5	1.0	-2.4667294477902297	-1.3355512925461108	green	1.3355512925461108
ADGRF5	1.0	-2.2528513894896056	-1.3326286202112656	green	1.3326286202112656
LYVE1	1.0	-2.3823253761411443	1.3071726974737514	green	1.3071726974737514
ETNPPL	1.0	-2.3719711049413355	1.2598538043357466	green	1.2598538043357466
MMP9	1.0	-2.3690311064074265	-1.2220888261709468	green	1.2220888261709468
AL354919.1	1.0	-2.4257090035082527	1.2148191487751547	green	1.2148191487751547
AL031599.1	1.0	-2.3378033072777162	1.2148191487751547	green	1.2148191487751547
NETO1	1.0	-1.3707867238525941	-1.1969099344212326	green	1.1969099344212326
PCDHB11	1.0	-2.314215304682957	1.1950846164874065	green	1.1950846164874065
AC084212.1	1.0	-2.45626088597416	1.1699250014423124	green	1.1699250014423124
KCNN1	1.0	-2.3627573896709713	-1.1580419718138442	green	1.1580419718138442
AL691403.2	1.0	-2.093420808284765	-1.1580419718138437	green	1.1580419718138437
MT1H	1.0	-2.362083557642493	-1.1427078363217003	green	1.1427078363217003
NTF3	1.0	-2.364513429672143	-1.1411524346244069	green	1.1411524346244069
C6orf141	1.0	-2.387179538690803	-1.1375035237499347	green	1.1375035237499347
SIX3	1.0	-2.4166619631843735	1.1034149067100139	green	1.1034149067100139
CXCL10	1.0	-2.4865287697239387	-1.1018118325219022	green	1.1018118325219022
LINC02605	1.0	-2.3627573896680434	1.0874628412503398	green	1.0874628412503398
E2F8	1.0	-1.9127749840256865	-1.0534511121144559	green	1.0534511121144559
AC103702.2	1.0	-2.335028292352853	1.0433649378902206	green	1.0433649378902206
MMP12	1.0	-2.416661963196176	1.0409919565906476	green	1.0409919565906476
SEL1L2	1.0	-1.8098617251215687	1.038940730605247	green	1.038940730605247
LINC01779	1.0	-1.3707867238525941	-1.0	green	1.0
TNNT2	1.0	-1.3707867238525941	-1.0	green	1.0
AC109361.1	1.0	-2.3987883774535357	-1.0	green	1.0
NKX2-6	1.0	-1.3707867238525941	-1.0	green	1.0
ADRB3	1.0	-1.3707867238525941	-1.0	green	1.0
ZNF488	1.0	-1.3707867238525941	-1.0	green	1.0
CYP17A1	1.0	-1.3707867238525941	-1.0	green	1.0
MRGPRX3	1.0	-1.3707867238525941	1.0	green	1.0
HS3ST2	1.0	-1.3707867238525941	-1.0	green	1.0
AC139769.2	1.0	-1.3707867238525941	1.0	green	1.0
PKD2L1	1.0	-2.3318745275127504	-0.9774363906309137	green	0.9774363906309137
AC114803.1	1.0	-2.382787098564828	-0.9653968938714482	green	0.9653968938714482
LINC01176	1.0	-2.3818578167475706	-0.9653968938714482	green	0.9653968938714482
TRPC6	1.0	-2.3211713144005937	-0.9517847429413611	green	0.9517847429413611
AL121839.2	1.0	-2.4332579340516003	-0.9517847429413611	green	0.9517847429413611
HID1	1.0	-2.136868623732538	-0.9517847429413611	green	0.9517847429413611
NR0B1	1.0	-2.433257934047611	-0.9517847429413611	green	0.9517847429413611
CPNE9	1.0	-1.3707867238525941	-0.9205137932672668	green	0.9205137932672668
KRT79	1.0	-1.3707867238525941	0.9205137932672668	green	0.9205137932672668
ITGA9	1.0	-2.2925431592540515	-0.9145356527399452	green	0.9145356527399452
CCL20	1.0	-2.236190930519855	-0.8941357772457722	green	0.8941357772457722
CKMT1B	1.0	-0.9630430067714887	0.8842128741043931	green	0.8842128741043931
CRTAC1	1.0	-2.311165458036205	0.8625807666033382	green	0.8625807666033382
SAA2	1.0	-2.1889721139007885	0.8494491960133534	green	0.8494491960133534
MIR924HG	1.0	-2.122004064975888	0.8493166294993862	green	0.8493166294993862
LINC02397	1.0	-1.3707867238525941	0.841958028186156	green	0.841958028186156
AC005726.5	1.0	-1.3707867238525941	0.841958028186156	green	0.841958028186156
AC107294.3	1.0	-1.3707867238525941	0.8419580281861557	green	0.8419580281861557
AC016876.3	1.0	-1.3707867238525941	0.8419580281861557	green	0.8419580281861557
NRK	1.0	-2.466055634843182	-0.8334129003091045	green	0.8334129003091045
HTR7	1.0	-1.8991052231399732	-0.8235877770311484	green	0.8235877770311484
SULT1E1	1.0	-2.2668375807211185	-0.8019621610082054	green	0.8019621610082054
AC007423.1	1.0	-2.4261709830899503	-0.7851808512248452	green	0.7851808512248452
OMG	1.0	-2.1910707043194178	-0.7818724808487391	green	0.7818724808487391
CNKSR2	1.0	-0.4505356726552938	-0.7776962656939663	green	0.7776962656939663
SERPINB2	1.0	16.289170497828263	-0.7684979452068069	green	0.7684979452068069
OSBP2	1.0	-2.300705599169506	0.7600028821507914	green	0.7600028821507914
ZMAT1	1.0	-2.1665679687761705	-0.743004472535	green	0.743004472535
AC011611.3	1.0	2.7086655400354465	-0.7404039228054091	green	0.7404039228054091
FOXG1	1.0	-1.3707867238525941	-0.7320208456446191	green	0.7320208456446191
SOX18	1.0	-1.6583190401528194	0.7311124522939497	green	0.7311124522939497
CYP4B1	1.0	-2.294366997877728	-0.7262321135319781	green	0.7262321135319781
AC068707.1	1.0	-1.3707867238525941	-0.7056946444921123	green	0.7056946444921123
LINC00189	1.0	-1.3707867238525941	-0.7056946444921123	green	0.7056946444921123
DIAPH2-AS1	1.0	-1.3707867238525941	-0.7056946444921123	green	0.7056946444921123
ADH7	1.0	-2.227563507123223	-0.6824327983837455	green	0.6824327983837455
MTRNR2L12	1.0	1.5658233191723294	-0.6819341052591543	green	0.6819341052591543
LINC01698	1.0	-1.3707867238525941	-0.6644487074538892	green	0.6644487074538892
LINC02037	1.0	-1.3707867238525941	-0.6644487074538892	green	0.6644487074538892
AC097518.2	1.0	-1.3707867238525941	-0.6644487074538892	green	0.6644487074538892
SLC6A3	1.0	-1.3707867238525941	-0.6644487074538892	green	0.6644487074538892
AL161668.1	1.0	-1.3707867238525941	-0.6644487074538892	green	0.6644487074538892
LINC02331	1.0	-1.3707867238525941	-0.6644487074538892	green	0.6644487074538892
AC098820.2	1.0	-1.3707867238525941	0.6644487074538891	green	0.6644487074538891
KLRG2	1.0	-1.3707867238525941	0.6644487074538891	green	0.6644487074538891
AC073896.4	1.0	-1.3707867238525941	0.6644487074538891	green	0.6644487074538891
EPB42	1.0	-1.3707867238525941	0.6644487074538891	green	0.6644487074538891
ANKRD30B	1.0	-1.3707867238525941	0.6644487074538891	green	0.6644487074538891
PSG7	1.0	-1.3707867238525941	0.6644487074538891	green	0.6644487074538891
GP6	1.0	-1.3707867238525941	0.6644487074538891	green	0.6644487074538891
AL035427.2	1.0	-1.3707867238525941	0.6644487074538891	green	0.6644487074538891
GCG	1.0	-1.3707867238525941	0.6457708491580569	green	0.6457708491580569
SLC22A3	1.0	2.8175318906876434	-0.6448802880435728	green	0.6448802880435728
FGF10	1.0	-2.4108322255667662	-0.6395895658249864	green	0.6395895658249864
LINC02692	1.0	-2.4166619631947777	-0.6395895658249864	green	0.6395895658249864
GJD3	1.0	0.7861309724202883	-0.6341482885786117	green	0.6341482885786117
AC020637.1	1.0	-2.389561565195027	-0.6298566480539988	green	0.6298566480539988
BATF	1.0	-2.3988415864503176	0.6298566480539987	green	0.6298566480539987
AC100756.4	1.0	-2.2307537008179987	-0.6194294949326845	green	0.6194294949326845
SCGN	1.0	-1.3707867238525941	0.6119474337000766	green	0.6119474337000766
DUSP15	1.0	-2.2369688990537715	-0.5955665426400293	green	0.5955665426400293
PM20D1	1.0	-0.4859335540488069	-0.5909892062921269	green	0.5909892062921269
WNT11	1.0	3.8519484622440827	-0.5856591324419436	green	0.5856591324419436
CXCL11	1.0	-1.3707867238525941	-0.5849625007211561	green	0.5849625007211561
EXOC3L2	1.0	-2.4865287695923444	-0.5849625007211561	green	0.5849625007211561
PRSS35	1.0	-0.4278911078260432	-0.5703580836433242	green	0.5703580836433242
HIST1H2AB	1.0	1.301273192256986	-0.5637188085226579	green	0.5637188085226579
HIST1H3I	1.0	1.4998334105332194	-0.5584835569269833	green	0.5584835569269833
CACNB4	1.0	-0.23905417503393667	-0.55558995215955	green	0.55558995215955
CA3	1.0	-0.9426420950762845	-0.5540400142630327	green	0.5540400142630327
RHCG	1.0	-2.328715979143819	0.5451261398321803	green	0.5451261398321803
HIST1H3H	1.0	1.417306768026733	-0.5434964807325539	green	0.5434964807325539
POLQ	1.0	-2.0816831093720007	-0.539464741191333	green	0.539464741191333
AC090197.1	1.0	4.1678432177872935	-0.5327223925541038	green	0.5327223925541038
HOPX	1.0	-2.352807432851083	-0.5291238697520616	green	0.5291238697520616
IGF2	1.0	0.9119464958255238	-0.5268415836145252	green	0.5268415836145252
EPPK1	1.0	-1.3707867238525941	-0.5267125691596599	green	0.5267125691596599
DOC2B	1.0	-1.3707867238525941	-0.5267125691596599	green	0.5267125691596599
BHLHA9	1.0	-1.3707867238525941	-0.5267125691596599	green	0.5267125691596599
HIST1H2AM	1.0	1.0590196653025825	-0.5187519678564299	green	0.5187519678564299
DAB1	1.0	-0.8572831230936498	-0.5157821681925662	green	0.5157821681925662
CRTAM	1.0	-2.382787098563699	0.5145731728297582	green	0.5145731728297582
MMP11	1.0	1.9149888497483492	-0.5142976954286397	green	0.5142976954286397
FLVCR2	1.0	1.2603991071219443	-0.5140835172643634	green	0.5140835172643634
DNMBP-AS1	1.0	0.9702637109237995	-0.5074353579527945	green	0.5074353579527945
TMEM176B	1.0	-2.3361419786020603	-0.4931596427065061	green	0.4931596427065061
CCL5	1.0	-2.1742921097890338	0.4889296757570787	green	0.4889296757570787
NAT8L	1.0	-1.8724230971063398	-0.4873172590269974	green	0.4873172590269974
ADGRG1	1.0	17.417798530929733	0.48691013245306775	green	0.48691013245306775
HBG2	1.0	-2.416661804079789	-0.4815475940111421	green	0.4815475940111421
PRRG4	1.0	-2.433251534632053	-0.4799700667012067	green	0.4799700667012067
RSPO4	1.0	-2.2007727076227313	-0.4799700667012067	green	0.4799700667012067
PKN2-AS1	1.0	-2.220251946352874	-0.47997006670120645	green	0.47997006670120645
SOX11	1.0	-2.3560413968133638	-0.47997006670120645	green	0.47997006670120645
IL18RAP	1.0	-2.4323578863534214	-0.47997006670120645	green	0.47997006670120645
PCLO	1.0	-2.0525014307740173	-0.47997006670120645	green	0.47997006670120645
EDNRB-AS1	1.0	-2.431468636461176	-0.47997006670120645	green	0.47997006670120645
KIF18B	1.0	-2.1886242651503314	-0.47821328952980824	green	0.47821328952980824
TAC1	1.0	-1.3707867238525941	-0.47505893546190886	green	0.47505893546190886
NPPB	1.0	-1.3707867238525941	-0.47181467624015455	green	0.47181467624015455
AL121929.2	1.0	-1.3707867238525941	-0.47181467624015455	green	0.47181467624015455
CILP2	1.0	3.6212389492282178	-0.46473908144124715	green	0.46473908144124715
AL662797.1	1.0	2.140480590466266	-0.45392630708849246	green	0.45392630708849246
NPTX2	1.0	-2.0887876292255187	-0.4531049520357217	green	0.4531049520357217
OAS1	1.0	4.496560881909119	-0.4489680513214062	green	0.4489680513214062
ARHGEF26	1.0	6.023958068521784	-0.44808914013600826	green	0.44808914013600826
NBPF20	1.0	1.4810897455786294	-0.44542141239885735	green	0.44542141239885735
RNF144A	1.0	1.8474849968385505	-0.43414801813634213	green	0.43414801813634213
NEFH	1.0	1.4098679276134354	-0.4295539123145071	green	0.4295539123145071
DLX2	1.0	1.523630913635298	-0.429421617561278	green	0.429421617561278
ABLIM1	1.0	0.9856359286958519	-0.42625774760313156	green	0.42625774760313156
ASB13	1.0	4.111589726928694	-0.4258493433201543	green	0.4258493433201543
RASSF2	1.0	-1.0407254741433696	-0.42345092802248996	green	0.42345092802248996
PRELP	1.0	3.021373538986108	-0.42078062691526047	green	0.42078062691526047
ADAMTS18	1.0	-0.5387640552922032	-0.42019311563110595	green	0.42019311563110595
AL355075.4	1.0	2.6530275523471354	-0.41987194360075636	green	0.41987194360075636
HCLS1	1.0	0.2048242735747211	-0.41652450376453815	green	0.41652450376453815
AL590705.1	1.0	17.667689676583464	-0.41458042948487933	green	0.41458042948487933
FPR1	1.0	3.80422148058317	-0.4144818329515828	green	0.4144818329515828
C5orf46	1.0	-1.820996651557656	0.4139642608867004	green	0.4139642608867004
ISG20	1.0	-0.29815816086662805	-0.4105464711935707	green	0.4105464711935707
CCNF	1.0	0.1452581009370718	-0.41018923214548153	green	0.41018923214548153
PCK1	1.0	-0.2046680156790467	-0.40992846555571083	green	0.40992846555571083
KLF5	1.0	16.4694531685893	-0.40821486528731016	green	0.40821486528731016
LIF	1.0	16.53391526506269	0.4076857123635114	green	0.4076857123635114
SCD5	1.0	2.5418885007209844	-0.4046566894009155	green	0.4046566894009155
FMO3	1.0	-1.931399324687135	-0.4022125350544788	green	0.4022125350544788
CDH20	1.0	0.8105068167993791	-0.4017683994484064	green	0.4017683994484064
AL627171.2	1.0	4.5073447071313835	-0.40117998168857544	green	0.40117998168857544
CHST1	1.0	0.07020377873533296	-0.39913833476949995	green	0.39913833476949995
SNAI1	1.0	8.719355096617774	-0.39897683350915975	green	0.39897683350915975
ZNF627	1.0	3.3167660383988764	-0.3969005714358136	green	0.3969005714358136
SLC2A13	1.0	4.787618113694201	-0.3950323862948196	green	0.3950323862948196
IL1A	1.0	-1.1423971964315327	0.3935112990732502	green	0.3935112990732502
GASK1A	1.0	1.0527337123990175	-0.39157780324038244	green	0.39157780324038244
CPS1	1.0	0.9856253362889366	-0.3913976118976176	green	0.3913976118976176
GALM	1.0	5.0621303286856385	-0.3880562455261975	green	0.3880562455261975
HIST1H1B	1.0	3.833198670602606	-0.3868734000576567	green	0.3868734000576567
SPON1	1.0	1.33402463680997	-0.3848730611700849	green	0.3848730611700849
FIBCD1	1.0	2.7979595873668983	-0.3840251240893892	green	0.3840251240893892
TMEM164	1.0	0.7514544299998432	-0.3827291197512414	green	0.3827291197512414
TMEM176A	1.0	-2.3521718019570463	-0.38263660770870256	green	0.38263660770870256
CACNA1C	1.0	1.9113120857574513	-0.382619758439778	green	0.382619758439778
IL18R1	1.0	2.3447652702666226	-0.38184923604706195	green	0.38184923604706195
WDR62	1.0	-2.0707547746782504	-0.3814925658800477	green	0.3814925658800477
GZF1	1.0	3.312256499373516	-0.3814621733968622	green	0.3814621733968622
TBX21	1.0	-1.3707867238525941	-0.38105835567502083	green	0.38105835567502083
Z95114.1	1.0	-2.009347024614313	0.3790997298838103	green	0.3790997298838103
PER1	1.0	5.767975705320031	-0.378802686055469	green	0.378802686055469
FAM180A	1.0	0.1429152647844173	0.3748418358294985	green	0.3748418358294985
AL033397.2	1.0	-2.171525145081123	-0.3747983828197947	green	0.3747983828197947
CFI	1.0	0.3484827051696341	-0.3720258736323598	green	0.3720258736323598
EHD3	1.0	0.7089481306647288	-0.37162844614620894	green	0.37162844614620894
PXYLP1	1.0	0.4245129956186019	-0.37145112725770374	green	0.37145112725770374
AL357079.2	1.0	-1.3707867238525941	-0.3701433519460013	green	0.3701433519460013
FAM189A1	1.0	-1.3707867238525941	-0.3701433519460013	green	0.3701433519460013
SDR42E1	1.0	-1.3707867238525941	-0.3701433519460013	green	0.3701433519460013
MIA	1.0	-1.3707867238525941	-0.3701433519460013	green	0.3701433519460013
Z82246.1	1.0	-1.3707867238525941	-0.3701433519460013	green	0.3701433519460013
KIAA0040	1.0	-1.3707867238525941	0.3701433519460012	green	0.3701433519460012
POU3F3	1.0	-1.3707867238525941	0.3701433519460012	green	0.3701433519460012
NPSR1-AS1	1.0	-1.3707867238525941	0.3701433519460012	green	0.3701433519460012
AC005537.1	1.0	-1.3707867238525941	0.3701433519460012	green	0.3701433519460012
INSL4	1.0	-1.3707867238525941	0.3701433519460012	green	0.3701433519460012
ASCL1	1.0	-1.3707867238525941	0.3701433519460012	green	0.3701433519460012
PCDH17	1.0	-1.3707867238525941	0.3701433519460012	green	0.3701433519460012
AC023421.1	1.0	-1.3707867238525941	0.3701433519460012	green	0.3701433519460012
ODAPH	1.0	-2.416661963196229	-0.3698725241303263	green	0.3698725241303263
ETV1	1.0	2.0495061551069	-0.36620107499400706	green	0.36620107499400706
CPNE7	1.0	0.17715308146561132	-0.3660369693349991	green	0.3660369693349991
WNK4	1.0	2.584039114304762	-0.3617808517952919	green	0.3617808517952919
ABTB2	1.0	0.8265852081792683	-0.3592266493033827	green	0.3592266493033827
AC006064.4	1.0	3.1025212772443678	-0.35877939835505024	green	0.35877939835505024
SLC6A8	1.0	3.290426795711207	-0.3566876760918648	green	0.3566876760918648
RGMA	1.0	1.035564824735277	-0.35485124160995773	green	0.35485124160995773
SH3BP5-AS1	1.0	1.0704568987256993	-0.35370121888543343	green	0.35370121888543343
HIST1H4F	1.0	1.7027969563197813	-0.35257625749448096	green	0.35257625749448096
PIK3R3	1.0	1.2854482205975752	-0.35119695663769357	green	0.35119695663769357
FJX1	1.0	1.662513079685397	-0.34460356858623475	green	0.34460356858623475
PKNOX2	1.0	17.196427037845083	-0.3425268146350355	green	0.3425268146350355
HIST1H1D	1.0	2.5572347239658395	-0.34090171015745435	green	0.34090171015745435
FOXF2	1.0	1.0296684788416626	-0.3408447093133165	green	0.3408447093133165
AR	1.0	2.9349689133255525	-0.34009450059846374	green	0.34009450059846374
NHS	1.0	1.2422777300119554	-0.33941987021978076	green	0.33941987021978076
LINC01592	1.0	-2.433257934063217	0.33843653134850626	green	0.33843653134850626
SYCE1	1.0	0.7126124648480548	-0.3381649481054009	green	0.3381649481054009
DCC	1.0	-2.2676859611993962	-0.3378731544153434	green	0.3378731544153434
TYROBP	1.0	-2.4117546278133144	-0.33774259810473023	green	0.33774259810473023
CDCA7	1.0	0.6784918483597228	-0.33734271527848175	green	0.33734271527848175
MIS12	1.0	5.383746288609709	-0.33685186991303573	green	0.33685186991303573
GLUD2	1.0	0.29162525034710796	-0.3367390565811872	green	0.3367390565811872
GPSM2	1.0	0.299107343689395	-0.33608701583918504	green	0.33608701583918504
AL365181.3	1.0	-1.3707867238525941	-0.33555129254611094	green	0.33555129254611094
AC012073.1	1.0	-1.3707867238525941	-0.33555129254611094	green	0.33555129254611094
MKX-AS1	1.0	-1.3707867238525941	-0.33555129254611094	green	0.33555129254611094
AL138960.1	1.0	-1.3707867238525941	-0.33555129254611094	green	0.33555129254611094
NOXO1	1.0	-1.3707867238525941	-0.33555129254611094	green	0.33555129254611094
PI3	1.0	-1.3707867238525941	-0.33555129254611094	green	0.33555129254611094
PNMA3	1.0	-1.3707867238525941	-0.33555129254611094	green	0.33555129254611094
TBX20	1.0	-1.3707867238525941	0.3355512925461108	green	0.3355512925461108
ADAMTS4	1.0	4.724487506264596	-0.3343261962581847	green	0.3343261962581847
NCAM1	1.0	16.121749002261996	-0.33206074077509395	green	0.33206074077509395
ZNRF3	1.0	0.15145545806074046	-0.3314094379069201	green	0.3314094379069201
RGS3	1.0	4.578778580084194	-0.3311055115880719	green	0.3311055115880719
EFNB1	1.0	5.173800058028469	-0.3303341751282064	green	0.3303341751282064
KIF24	1.0	-1.6121386638043844	0.32972430059528474	green	0.32972430059528474
SLC7A8	1.0	1.0892054967740479	-0.3296247817783634	green	0.3296247817783634
RORB	1.0	-2.1765863614744236	0.3290252353127499	green	0.3290252353127499
AC015712.2	1.0	3.056575746193125	-0.3285309262471279	green	0.3285309262471279
ARHGEF19	1.0	0.5785341631268054	-0.3273573586119861	green	0.3273573586119861
ITM2A	1.0	0.42373700803967307	-0.32667275900939835	green	0.32667275900939835
ATOH8	1.0	1.9236183671309943	-0.3255141545656048	green	0.3255141545656048
EZR	1.0	3.7618184262342425	-0.3251441246291217	green	0.3251441246291217
ITPR1	1.0	1.2395349333545607	-0.32439245221487795	green	0.32439245221487795
RFC3	1.0	0.6679657271085674	-0.324184383194066	green	0.324184383194066
GPT	1.0	-0.8110360275748026	-0.32354464174463843	green	0.32354464174463843
LAMC2	1.0	1.4083017565569833	-0.323413089417731	green	0.323413089417731
AC022966.1	1.0	1.917842982611178	-0.3233408773830504	green	0.3233408773830504
KLF15	1.0	6.612504927163937	-0.3224281874755687	green	0.3224281874755687
MYOC	1.0	-2.4667294667603317	0.32192809488736235	green	0.32192809488736235
GABBR2	1.0	-2.453007855841146	0.32192809488736235	green	0.32192809488736235
MFSD6	1.0	0.034194465791449725	-0.3198530928238405	green	0.3198530928238405
SLC1A3	1.0	1.5942580600221639	-0.3190903324800614	green	0.3190903324800614
APLN	1.0	0.97732578684494	-0.31854130435470457	green	0.31854130435470457
DLG5	1.0	1.2525220001871729	-0.31827031454460625	green	0.31827031454460625
CHRDL1	1.0	3.9997021731881692	0.3168009844140279	green	0.3168009844140279
SEMA3G	1.0	-0.4005528305905617	-0.31672966505039324	green	0.31672966505039324
SLC6A12	1.0	-2.2528567919550015	-0.3152309715977608	green	0.3152309715977608
TOP2A	1.0	0.06747197450431897	-0.31514518039768463	green	0.31514518039768463
SPRY4	1.0	1.2561451914360797	-0.31483750770998364	green	0.31483750770998364
FPR2	1.0	-2.2897981055007945	0.31480136413557064	green	0.31480136413557064
FOXO1	1.0	4.0584624340508295	-0.31453962124862433	green	0.31453962124862433
SPC25	1.0	-1.9765419108093136	-0.31410757022580954	green	0.31410757022580954
TTC39B	1.0	2.4607101755260925	-0.31329832147895775	green	0.31329832147895775
CERS6	1.0	4.572549458011397	-0.31240552636992014	green	0.31240552636992014
AFF1	1.0	2.1951127762842106	-0.31225520443936666	green	0.31225520443936666
N4BP2	1.0	2.7608425483580405	-0.31196968771762057	green	0.31196968771762057
EYA2	1.0	2.7172655868580216	-0.3119565432347653	green	0.3119565432347653
CHST2	1.0	1.947623389611376	-0.31108877997512596	green	0.31108877997512596
VWCE	1.0	0.4867105916843212	-0.3099269594336639	green	0.3099269594336639
IFIT1	1.0	2.5432632401051265	-0.3071514547036124	green	0.3071514547036124
FBXO5	1.0	1.2168481015775008	-0.30648238523887705	green	0.30648238523887705
ADAMTSL4	1.0	1.1268019724694631	-0.3064648556170737	green	0.3064648556170737
ABLIM3	1.0	1.9806171479215438	-0.30596785115773656	green	0.30596785115773656
PCSK9	1.0	1.3096168455685842	-0.305917275331973	green	0.305917275331973
DDIT4-AS1	1.0	2.3417597376256967	-0.30541279611353156	green	0.30541279611353156
PPP1R16A	1.0	2.053235353131545	-0.30433322291081144	green	0.30433322291081144
NGFR	1.0	-1.0970761221278245	0.3037293698116539	green	0.3037293698116539
PLPPR4	1.0	-0.5416087738943266	-0.3034492243392083	green	0.3034492243392083
SCIN	1.0	-2.294058022550793	-0.3033248579063163	green	0.3033248579063163
ZNF436	1.0	1.7195933023494583	-0.3025103573742802	green	0.3025103573742802
APOA1	1.0	-1.4072301813363919	0.30234311146516946	green	0.30234311146516946
PTPRN	1.0	3.887974668520625	-0.30216085598429615	green	0.30216085598429615
SIGLEC15	1.0	-1.195031499779704	0.30168571231323693	green	0.30168571231323693
E2F1	1.0	0.42714653163004723	-0.30123374007679077	green	0.30123374007679077
ZNF804A	1.0	2.711760857673299	-0.30110957586487924	green	0.30110957586487924
NDNF	1.0	1.2574500943038853	-0.2988049702512153	green	0.2988049702512153
PPP1R14C	1.0	-2.238532790105647	-0.29788909515953227	green	0.29788909515953227
SLITRK4	1.0	-2.4215199214633105	-0.29788909515953227	green	0.29788909515953227
NANOS1	1.0	0.9704716259506837	-0.29757912880778375	green	0.29757912880778375
NPPC	1.0	-2.13205415016488	-0.29690385556506904	green	0.29690385556506904
AGL	1.0	1.2832690703649243	-0.29523084415716716	green	0.29523084415716716
VWA1	1.0	2.1109576662114606	-0.29507598865155255	green	0.29507598865155255
CCNE2	1.0	-1.8349605883218907	0.29489308100929024	green	0.29489308100929024
SMC2	1.0	3.6023869195685103	-0.2944782261177521	green	0.2944782261177521
TTC29	1.0	-2.382787098570021	0.29445691046429806	green	0.29445691046429806
ANGPT4	1.0	-2.0263426488475127	-0.294456910464298	green	0.294456910464298
JADE1	1.0	4.446961971769028	-0.2930876598976535	green	0.2930876598976535
HIST1H2AE	1.0	0.7231622151239631	-0.2930605516699865	green	0.2930605516699865
PDE4B	1.0	1.5043445605380326	-0.2929414688535751	green	0.2929414688535751
DOCK5	1.0	1.1134173942698458	-0.2928254604492852	green	0.2928254604492852
MFSD2A	1.0	0.11252489078771666	-0.29260752121996486	green	0.29260752121996486
CELF2	1.0	1.9616287630605542	-0.29154911732751937	green	0.29154911732751937
HBQ1	1.0	-2.0664351813678574	-0.2911402287124857	green	0.2911402287124857
ZNF844	1.0	1.9766800480030788	-0.29100992679457643	green	0.29100992679457643
SMAD9	1.0	0.8133425704196166	-0.29096815457135544	green	0.29096815457135544
ACSS2	1.0	4.1075548331219185	-0.2893922044321583	green	0.2893922044321583
SERTAD4	1.0	-0.6234845361059234	-0.28912339778714347	green	0.28912339778714347
HIST1H3C	1.0	0.8918877029788513	-0.28782982318928	green	0.28782982318928
HLX	1.0	2.7411071280985078	-0.28749556810999444	green	0.28749556810999444
CD200	1.0	-1.4367617353765194	-0.28737413794233624	green	0.28737413794233624
SEC23B	1.0	5.390065673985094	-0.28712214897149774	green	0.28712214897149774
TMPO	1.0	3.616396508932048	-0.28695532741116836	green	0.28695532741116836
POMGNT2	1.0	3.898343531323177	-0.28427466903521836	green	0.28427466903521836
PRRG1	1.0	1.9427117840779495	-0.2840141400561695	green	0.2840141400561695
CHST11	1.0	3.542186350187623	-0.2839352196505748	green	0.2839352196505748
AL139393.3	1.0	2.9572523275530833	-0.28232532757856366	green	0.28232532757856366
TPX2	1.0	3.126974885875525	-0.28231809801993246	green	0.28231809801993246
SLC1A4	1.0	4.895913978016388	-0.28212491441692694	green	0.28212491441692694
HIST1H2BJ	1.0	0.7248629826843503	-0.28133257402503037	green	0.28133257402503037
AC018618.1	1.0	-2.3627573694265624	-0.28082477518680043	green	0.28082477518680043
ESM1	1.0	-2.242552055984954	-0.28077466396061795	green	0.28077466396061795
AFAP1L1	1.0	4.25665145631733	-0.2802380993115146	green	0.2802380993115146
C2CD2	1.0	4.061643678608023	-0.2795513859451447	green	0.2795513859451447
VWA8	1.0	2.173098792544684	-0.27782728519162014	green	0.27782728519162014
MCM7	1.0	4.736553286306822	-0.2774749353258844	green	0.2774749353258844
CHN1	1.0	1.1532681789655326	-0.2771963499161822	green	0.2771963499161822
BCAM	1.0	0.6658247753497589	-0.2771247595061301	green	0.2771247595061301
HIST2H2BF	1.0	-0.027633460868042546	-0.27710438213294547	green	0.27710438213294547
KAZN	1.0	1.2583537062133687	-0.27681126802262257	green	0.27681126802262257
ACSF2	1.0	2.134451634250062	-0.2763807655017439	green	0.2763807655017439
TSHZ3	1.0	1.154374031347566	-0.27481367684653274	green	0.27481367684653274
SCN9A	1.0	3.723016486310232	-0.2747897853975	green	0.2747897853975
ALPL	1.0	2.868774000106462	-0.2747436071272168	green	0.2747436071272168
TUBB2B	1.0	1.0315560735899207	-0.2738816123571303	green	0.2738816123571303
DEPP1	1.0	4.811690030682478	-0.27379845148788307	green	0.27379845148788307
RNASEH2A	1.0	1.1625687381020033	-0.2735647926813085	green	0.2735647926813085
PTK2B	1.0	1.5305711294047597	-0.2733170004336207	green	0.2733170004336207
FOXC2	1.0	0.7727241844274279	-0.2730974940813305	green	0.2730974940813305
AC126175.2	1.0	-2.2284127698938927	0.2724270065725539	green	0.2724270065725539
EPHB1	1.0	0.08831396883199413	-0.27237374146736376	green	0.27237374146736376
EXPH5	1.0	-2.347919642018221	-0.2722804765794965	green	0.2722804765794965
AEN	1.0	4.0234203722528825	-0.27192791506679354	green	0.27192791506679354
TRANK1	1.0	1.5603919821629306	-0.27166676550863333	green	0.27166676550863333
ZNF703	1.0	2.743211039960583	-0.2713249094732845	green	0.2713249094732845
MCM6	1.0	0.7234951779578896	-0.27111074112175687	green	0.27111074112175687
DIRAS3	1.0	1.105077357469009	-0.2702663068015545	green	0.2702663068015545
HAS1	1.0	0.7036709086817062	-0.2701247346461541	green	0.2701247346461541
GCH1	1.0	0.6993031914818669	-0.27000981482770414	green	0.27000981482770414
SMOX	1.0	2.1146138584248195	-0.269718981474127	green	0.269718981474127
SCARB1	1.0	4.2240761857265445	-0.26801963777022664	green	0.26801963777022664
ITPRIP	1.0	0.9282372476532995	-0.26754235521118935	green	0.26754235521118935
HIST1H2AG	1.0	0.3626717150872039	-0.26726756301331817	green	0.26726756301331817
FAM43A	1.0	0.7844627665544254	-0.2665468142907789	green	0.2665468142907789
FSTL3	1.0	1.3673499249314625	-0.26630043534240977	green	0.26630043534240977
KCNG1	1.0	1.893044592803921	-0.26581543357635135	green	0.26581543357635135
ZNF618	1.0	0.4298082530663493	-0.26564140536923136	green	0.26564140536923136
HIST2H2AB	1.0	3.364090196456823	-0.2654072263166982	green	0.2654072263166982
NEK2	1.0	-2.028581536125207	-0.26498283477455636	green	0.26498283477455636
MTHFD1	1.0	3.0221719339844975	-0.26346079337620687	green	0.26346079337620687
ADAM19	1.0	2.1049131694960654	-0.26335951198156676	green	0.26335951198156676
APOL4	1.0	0.8192377340434934	-0.2631126780271577	green	0.2631126780271577
IFIT2	1.0	0.4880651825751362	-0.26292974432685495	green	0.26292974432685495
PECR	1.0	1.640582400110138	-0.26249249404182673	green	0.26249249404182673
THBS3	1.0	0.42656637572444345	-0.2624280568188051	green	0.2624280568188051
AMMECR1	1.0	0.16813815577822808	-0.2623222414896147	green	0.2623222414896147
KCNK2	1.0	1.4682054611645876	-0.2610585957160465	green	0.2610585957160465
PDE7B	1.0	2.0674525017915575	-0.2608898365125019	green	0.2608898365125019
RPP25	1.0	0.4450257842598401	-0.2601297698102575	green	0.2601297698102575
ITGA7	1.0	3.078008252382691	-0.26000987046441204	green	0.26000987046441204
DKK2	1.0	-1.3211682056895033	-0.2600033060332158	green	0.2600033060332158
COL11A1	1.0	0.46745333973099046	-0.2596865384695359	green	0.2596865384695359
NETO2	1.0	0.4388071000261077	-0.25925089588792527	green	0.25925089588792527
CLGN	1.0	3.2101397946902552	-0.25922407016541255	green	0.25922407016541255
IRX1	1.0	0.9641333703102349	-0.2592105055358611	green	0.2592105055358611
ADAMTS9	1.0	3.28595237588663	-0.25881427881469415	green	0.25881427881469415
SV2A	1.0	0.7452873955558449	-0.25854138180371256	green	0.25854138180371256
RBP1	1.0	-0.18224867865175554	-0.2583126675489668	green	0.2583126675489668
STC1	1.0	0.6175603264096111	-0.2576350959544727	green	0.2576350959544727
ADIPOQ-AS1	1.0	-0.22256518435701056	-0.2572803887896303	green	0.2572803887896303
AC011603.2	1.0	4.320175995834806	-0.2572161599893237	green	0.2572161599893237
AC018647.1	1.0	-1.3707867238525941	0.256995527465	green	0.256995527465
ENTPD2	1.0	-1.3707867238525941	0.256995527465	green	0.256995527465
AL139815.1	1.0	-1.3707867238525941	0.256995527465	green	0.256995527465
LINC02154	1.0	-1.3707867238525941	0.25699552746499976	green	0.25699552746499976
FBXL7	1.0	2.1622523948905914	-0.2569168404538249	green	0.2569168404538249
MAP3K5	1.0	0.4936676952192039	-0.2568009555734143	green	0.2568009555734143
GPD1L	1.0	2.824577764499445	-0.2567198231307498	green	0.2567198231307498
TRABD2B	1.0	-0.45205928147172747	-0.2565989123329869	green	0.2565989123329869
PNPLA3	1.0	1.94907591389051	-0.25652426605921963	green	0.25652426605921963
IQCJ-SCHIP1	1.0	1.182442655962649	-0.25649918091919705	green	0.25649918091919705
MALL	1.0	-0.24500738302385783	0.2560241628722051	green	0.2560241628722051
DSN1	1.0	1.2033076537579679	-0.2559995492830918	green	0.2559995492830918
AURKA	1.0	1.6750522873712343	-0.2554855339334341	green	0.2554855339334341
MCM2	1.0	0.03960938883537556	-0.2553391608715049	green	0.2553391608715049
SEC14L2	1.0	-0.07476266947256202	-0.25495194620985456	green	0.25495194620985456
MATN2	1.0	0.8582676047666321	-0.2548616082814889	green	0.2548616082814889
PRDM1	1.0	0.2510940218354692	-0.2547046025487503	green	0.2547046025487503
RACGAP1	1.0	-0.06503902003339448	-0.25416342690031174	green	0.25416342690031174
GPC4	1.0	1.309117507639784	-0.253474567351086	green	0.253474567351086
LPCAT3	1.0	6.557346614326007	-0.2533550618508347	green	0.2533550618508347
PLCB1	1.0	1.1757904941729265	-0.25238464458041016	green	0.25238464458041016
HIP1	1.0	0.9222964486461297	-0.25160601985294934	green	0.25160601985294934
CADPS2	1.0	3.3678022065076894	-0.25052560019133147	green	0.25052560019133147
AC125611.3	1.0	0.09480502729951079	-0.2499183421231001	green	0.2499183421231001
LIPE	1.0	1.925609975633731	-0.2498702280631145	green	0.2498702280631145
PTGFR	1.0	0.5846060846920734	-0.24969708694675416	green	0.24969708694675416
DRAM1	1.0	1.5671592487906687	-0.2489597551405219	green	0.2489597551405219
HPGD	1.0	-0.38690714268799076	-0.24835761633115885	green	0.24835761633115885
DNMBP	1.0	1.5260308874472983	-0.24822195090909357	green	0.24822195090909357
APOL2	1.0	2.7933921924631187	-0.24818996739041763	green	0.24818996739041763
LIFR	1.0	0.4544606388758382	-0.248057687804526	green	0.248057687804526
VMO1	1.0	-0.4095445484793009	-0.2476660385310733	green	0.2476660385310733
MSX1	1.0	6.5989813394139984	-0.24744496384385678	green	0.24744496384385678
ARG2	1.0	-0.20211989655008758	-0.24518739063403608	green	0.24518739063403608
AL133415.1	1.0	1.5058034764159518	-0.2450589415586662	green	0.2450589415586662
FGD4	1.0	1.1227723452091243	-0.2449952569473623	green	0.2449952569473623
SUSD6	1.0	1.821591454413057	-0.244897134502864	green	0.244897134502864
DCK	1.0	0.6281261948467606	-0.2446009363154966	green	0.2446009363154966
EVA1C	1.0	0.42657301693559424	-0.2443366038393853	green	0.2443366038393853
PLSCR1	1.0	2.404337748243325	-0.24421370985068225	green	0.24421370985068225
SOCS2	1.0	1.3988743577412284	-0.2441268056207755	green	0.2441268056207755
P2RY6	1.0	-1.3723927296787506	0.24392425120663017	green	0.24392425120663017
SESN1	1.0	1.758270098687256	-0.24314037661032042	green	0.24314037661032042
RARRES2	1.0	2.4531252313981073	-0.24305941100413814	green	0.24305941100413814
COL18A1	1.0	6.61088090370399	-0.2430173694311619	green	0.2430173694311619
CDC25B	1.0	0.2447937657841038	-0.24254590211366633	green	0.24254590211366633
NR4A2	1.0	1.7889151229932287	-0.24233641028300323	green	0.24233641028300323
ATP9A	1.0	2.0618642413981783	-0.24227516759824508	green	0.24227516759824508
RTN4RL1	1.0	1.357943967852941	-0.24192569950470333	green	0.24192569950470333
XPNPEP2	1.0	1.3466003671421376	-0.24092678990468977	green	0.24092678990468977
FAM20C	1.0	3.1024178159846323	-0.23985683863201798	green	0.23985683863201798
CHST7	1.0	1.257403191991174	-0.23892200080463205	green	0.23892200080463205
MAD2L1	1.0	0.5277105381374533	-0.23879629869581365	green	0.23879629869581365
GPAT2	1.0	1.519168627432828	-0.2387533583743844	green	0.2387533583743844
PHC2	1.0	4.636951768684597	-0.23855538346940466	green	0.23855538346940466
MAP2K6	1.0	0.3057768058432529	-0.23838362632297302	green	0.23838362632297302
RUNX2	1.0	1.3776673755827147	-0.23820638809839564	green	0.23820638809839564
HS6ST1	1.0	1.4710463230338424	-0.23800054060915982	green	0.23800054060915982
FMOD	1.0	0.6236400160193392	-0.23774729853964469	green	0.23774729853964469
C3	1.0	3.753314340590254	-0.2372774818231289	green	0.2372774818231289
LRIG1	1.0	0.7688412409295641	-0.23663025555645537	green	0.23663025555645537
TIMELESS	1.0	0.6362727429267793	-0.23630720805470734	green	0.23630720805470734
PTN	1.0	-0.23165278687645896	-0.23619075021096467	green	0.23619075021096467
AGPAT4	1.0	2.2607563757488323	-0.2358386399636767	green	0.2358386399636767
AQP1	1.0	-1.4638302874865183	-0.2357728825395302	green	0.2357728825395302
PMAIP1	1.0	2.2878128233844586	-0.23568665774817232	green	0.23568665774817232
HIST1H1E	1.0	4.069526602730414	-0.2355731988450154	green	0.2355731988450154
PTGS1	1.0	0.5640958204177938	-0.23556887172297486	green	0.23556887172297486
HYOU1	1.0	11.35858930815405	-0.23501385486070678	green	0.23501385486070678
PCDHGA12	1.0	2.7111822195525686	-0.2349600260896053	green	0.2349600260896053
ZBED3	1.0	1.584468338285149	-0.2349486234696465	green	0.2349486234696465
RGS2	1.0	1.5930347466645944	-0.23487188330872427	green	0.23487188330872427
MCM3	1.0	0.33911524484973443	-0.2347627627353524	green	0.2347627627353524
NEFL	1.0	1.4144758490374112	-0.23462486171242122	green	0.23462486171242122
NEDD4	1.0	0.3751766390618979	-0.23462263955483653	green	0.23462263955483653
PRIM2	1.0	0.8584871792598708	-0.2344582285042982	green	0.2344582285042982
TMEM158	1.0	2.9617259237134954	-0.23440656804780124	green	0.23440656804780124
EPB41L1	1.0	0.39585131594592815	-0.23397389142619443	green	0.23397389142619443
PIM3	1.0	3.3316467095414173	-0.23391802347829022	green	0.23391802347829022
RPS10-NUDT3	1.0	3.664807364754666	-0.2336986262767718	green	0.2336986262767718
MT1A	1.0	1.3490119002818437	-0.23355474377427712	green	0.23355474377427712
BEST1	1.0	2.250780039678634	-0.23168516173108594	green	0.23168516173108594
SOCS3	1.0	-0.004083929787255143	-0.23163060577984462	green	0.23163060577984462
ZBTB16	1.0	5.455667726138384	-0.23141625287781994	green	0.23141625287781994
RMRP	1.0	0.6625447958608707	-0.23137294633459185	green	0.23137294633459185
FABP3	1.0	1.0003255552992427	0.2312994398023769	green	0.2312994398023769
PCDH9	1.0	2.624699199220201	-0.23094141414231784	green	0.23094141414231784
CSRNP1	1.0	5.754689841375986	-0.23087463067505806	green	0.23087463067505806
GLYCTK	1.0	0.5735485085851574	-0.23050224653273002	green	0.23050224653273002
RASGRP1	1.0	-1.0279011903183004	-0.23048442310741826	green	0.23048442310741826
AL157394.3	1.0	1.1062497617788487	-0.23026924557539336	green	0.23026924557539336
RASAL2	1.0	0.4268364593776758	-0.22977094670524198	green	0.22977094670524198
KIF21A	1.0	0.9179275283676412	-0.2294778544007716	green	0.2294778544007716
NAV2	1.0	0.9216876645849906	-0.22922511813690458	green	0.22922511813690458
ANKRD9	1.0	1.6848346528800393	-0.22880308660183146	green	0.22880308660183146
SGO1	1.0	-1.8737507750845595	-0.22855794607077334	green	0.22855794607077334
GSR	1.0	4.639440186697319	-0.22837676190023434	green	0.22837676190023434
APOL3	1.0	1.904100267791098	-0.2276726263194781	green	0.2276726263194781
RASD2	1.0	-2.10272284039115	0.22724856205540894	green	0.22724856205540894
SWAP70	1.0	1.8736243160762331	-0.2271842522184162	green	0.2271842522184162
INCENP	1.0	0.030890546760260137	-0.22666519799419713	green	0.22666519799419713
SEPTIN6	1.0	1.050530688834423	-0.226184090345536	green	0.226184090345536
CABP1	1.0	-1.9855419417519482	0.2259609627092364	green	0.2259609627092364
VEGFD	1.0	1.7148341212558544	-0.22533772264386545	green	0.22533772264386545
CPM	1.0	2.1839312004414477	-0.22531422371566068	green	0.22531422371566068
APBB1IP	1.0	2.9401031538366493	-0.22462791674822402	green	0.22462791674822402
BX322234.1	1.0	1.2840303641963968	-0.22406637367431673	green	0.22406637367431673
SPTLC2	1.0	1.74362621549637	-0.2237060139177476	green	0.2237060139177476
KIAA1217	1.0	0.7600630557352283	-0.2232557594142608	green	0.2232557594142608
MAOA	1.0	1.7407519820897384	-0.22298412314464272	green	0.22298412314464272
KRBOX1	1.0	0.009065065839700973	-0.2225467915764128	green	0.2225467915764128
TLE2	1.0	4.286346503010642	-0.222492973799004	green	0.222492973799004
CDON	1.0	3.620884132074519	-0.22212898434101705	green	0.22212898434101705
P4HA3	1.0	0.4130557684275994	-0.22212867316816778	green	0.22212867316816778
AC109479.1	1.0	4.67441870926256	0.22146343834206336	green	0.22146343834206336
ABCD2	1.0	3.454257445830911	-0.22138353070448036	green	0.22138353070448036
KNSTRN	1.0	2.3964966811994706	-0.22126730676965298	green	0.22126730676965298
AL162586.1	1.0	0.6051551840463182	-0.22075394470819057	green	0.22075394470819057
SLC39A8	1.0	0.9328748761249203	-0.22066343839824334	green	0.22066343839824334
SH3PXD2B	1.0	2.6516613408315974	-0.22049067752500964	green	0.22049067752500964
SMOC1	1.0	-0.14783050713482776	0.21992364302846312	green	0.21992364302846312
IFNGR1	1.0	10.39625163067832	-0.2199069562381951	green	0.2199069562381951
OLFML2B	1.0	2.673505043200803	-0.21975614232935967	green	0.21975614232935967
NSDHL	1.0	3.6196524584740892	-0.21964770864387223	green	0.21964770864387223
MBD4	1.0	6.035645665140765	-0.21896701743435934	green	0.21896701743435934
FOXO3	1.0	3.330950012951564	-0.2187891259887739	green	0.2187891259887739
CLEC2B	1.0	1.5615340758862088	-0.21847796096148656	green	0.21847796096148656
MAST4	1.0	1.5776910031193219	-0.21818338492827105	green	0.21818338492827105
PTPRF	1.0	1.559898160784055	-0.2180308873388721	green	0.2180308873388721
MMD	1.0	0.8571989445807718	-0.21796671707734142	green	0.21796671707734142
LOXL4	1.0	0.793356156951349	-0.21675807827037	green	0.21675807827037
BCL3	1.0	1.7459748992960242	-0.21605159718379197	green	0.21605159718379197
AMIGO2	1.0	1.850643954076739	-0.21535306299240956	green	0.21535306299240956
PDZRN4	1.0	-1.3707867238525941	0.21532329573678752	green	0.21532329573678752
THEM5	1.0	-1.3707867238525941	0.21481914877515482	green	0.21481914877515482
DCST1-AS1	1.0	-1.3707867238525941	0.21481914877515482	green	0.21481914877515482
AC068025.1	1.0	-1.3707867238525941	0.21481914877515482	green	0.21481914877515482
AC006262.2	1.0	-1.3707867238525941	0.21481914877515482	green	0.21481914877515482
CDH22	1.0	-1.3707867238525941	0.21481914877515482	green	0.21481914877515482
PHF21B	1.0	-1.3707867238525941	0.21481914877515482	green	0.21481914877515482
ELF3	1.0	-1.3707867238525941	-0.21481914877515468	green	0.21481914877515468
AP002833.2	1.0	-1.3707867238525941	-0.21481914877515468	green	0.21481914877515468
AC011500.3	1.0	-1.3707867238525941	-0.21481914877515468	green	0.21481914877515468
GYG2	1.0	0.36982623383438507	-0.21447885271354541	green	0.21447885271354541
NR4A1	1.0	0.1834258167942343	-0.21446237040673147	green	0.21446237040673147
MAB21L1	1.0	0.24492460053148477	-0.21407115132666613	green	0.21407115132666613
HJURP	1.0	-1.8942058327060345	-0.2140701708149155	green	0.2140701708149155
SORD	1.0	-0.3004396675661973	-0.21331656982283637	green	0.21331656982283637
PTTG1	1.0	1.732947637412816	-0.2132354076847676	green	0.2132354076847676
TNFRSF21	1.0	4.5108961819267	-0.21307766402091557	green	0.21307766402091557
LMO3	1.0	3.843956536412744	-0.21302013795920935	green	0.21302013795920935
CENPN	1.0	0.9816469943861957	-0.21297726270526482	green	0.21297726270526482
MAFB	1.0	2.410965346803605	-0.21279894838531585	green	0.21279894838531585
AOC3	1.0	3.496257233808938	-0.21271547395829488	green	0.21271547395829488
EZH2	1.0	1.001505512337736	-0.21268470907167253	green	0.21268470907167253
GALNT15	1.0	0.8813454899575556	-0.2123327102593569	green	0.2123327102593569
CD34	1.0	0.7779515258958775	-0.21225284531655572	green	0.21225284531655572
NOTCH3	1.0	2.610065493256459	-0.21218671006083334	green	0.21218671006083334
NPR1	1.0	0.8322559649522804	-0.2116518513042467	green	0.2116518513042467
ATP1A1	1.0	2.2471852308826707	-0.21127801259687673	green	0.21127801259687673
MASTL	1.0	-0.04824731550568589	-0.2111046131823417	green	0.2111046131823417
KRT17	1.0	-0.9596686996183456	0.21109093103003465	green	0.21109093103003465
CPXM1	1.0	2.5181109704340447	-0.21078159096120921	green	0.21078159096120921
RASL11A	1.0	2.2490456248009236	-0.21038155511178797	green	0.21038155511178797
MINDY2	1.0	2.330368508981379	-0.21037300156468097	green	0.21037300156468097
FGF14	1.0	0.15251050805971295	-0.21032177686221348	green	0.21032177686221348
ITGA1	1.0	0.3325642729760282	-0.21020204210563279	green	0.21020204210563279
CPD	1.0	1.9306494474525278	-0.20987984983531202	green	0.20987984983531202
SULF2	1.0	2.069098133755754	-0.20942133666557378	green	0.20942133666557378
KIF14	1.0	-1.9013899250397612	-0.20936347261143062	green	0.20936347261143062
C2	1.0	0.09307163835397389	-0.20904076296788884	green	0.20904076296788884
FDXR	1.0	0.9233599142368473	-0.20877131459102577	green	0.20877131459102577
PDE1A	1.0	0.32284002295057374	-0.20871771842545558	green	0.20871771842545558
AMPH	1.0	0.8921777221728954	-0.20834511527287874	green	0.20834511527287874
DPT	1.0	1.1586384068756446	-0.20805756449617557	green	0.20805756449617557
GHR	1.0	0.3386538441902941	-0.2078736959565243	green	0.2078736959565243
AL603756.1	1.0	-2.150088427457193	-0.20784222288385476	green	0.20784222288385476
DUSP5	1.0	0.7167673408778402	-0.20747265736328968	green	0.20747265736328968
CLDN15	1.0	0.6266464509392456	-0.2074376834847908	green	0.2074376834847908
TMEM100	1.0	3.303498278416227	-0.20721627725115727	green	0.20721627725115727
SMURF2	1.0	1.9080526090117105	-0.20718955841643422	green	0.20718955841643422
NR2F1	1.0	1.0809269986046064	-0.2070932366666482	green	0.2070932366666482
CORO1C	1.0	5.297998068208195	-0.2070114258815941	green	0.2070114258815941
CEBPA	1.0	1.4499370777286749	-0.20688203858595142	green	0.20688203858595142
SIM1	1.0	1.0463914375634968	-0.20684536272282894	green	0.20684536272282894
ENC1	1.0	5.745245534022059	-0.20676722805360556	green	0.20676722805360556
RSPO3	1.0	1.5807599699573398	-0.20676680191615077	green	0.20676680191615077
NCAPH	1.0	-1.9149102896173946	-0.20662567727688336	green	0.20662567727688336
C1orf21	1.0	3.7923386299307067	-0.20635541004513402	green	0.20635541004513402
HIPK2	1.0	2.4758313568108177	-0.2058544312895793	green	0.2058544312895793
MBOAT2	1.0	2.181456757616027	-0.20578526332656485	green	0.20578526332656485
F3	1.0	5.214210006449718	-0.20577772681459672	green	0.20577772681459672
CENPU	1.0	0.14840891715864546	-0.2057733514099477	green	0.2057733514099477
SYNPO	1.0	0.7830797407305005	-0.20486003718342388	green	0.20486003718342388
NCAPD2	1.0	0.5858078755757902	-0.2046626229346158	green	0.2046626229346158
HIST1H2AH	1.0	0.39485499765620224	-0.2045896900482694	green	0.2045896900482694
PALM	1.0	-0.07512389998023347	-0.2045025853480596	green	0.2045025853480596
PID1	1.0	1.6946608246113555	-0.20428827069817923	green	0.20428827069817923
UCK2	1.0	3.1154593888815825	-0.20418507434324584	green	0.20418507434324584
CD74	1.0	0.08394988650832469	-0.20375491722300515	green	0.20375491722300515
AKAP13	1.0	1.77920248893534	-0.20314985084880113	green	0.20314985084880113
ACVRL1	1.0	-0.2265799282569278	-0.20294643563278958	green	0.20294643563278958
ACSL5	1.0	2.118089377528944	-0.20278888622506336	green	0.20278888622506336
HIST1H1C	1.0	3.4229162339214274	-0.20240157036667178	green	0.20240157036667178
CPZ	1.0	1.7106783840383533	-0.2019921768648598	green	0.2019921768648598
CHEK2	1.0	0.8834007227138662	-0.20199172951398986	green	0.20199172951398986
ITGA4	1.0	1.3275601342100367	-0.2018625225711124	green	0.2018625225711124
SLC19A2	1.0	1.204225320221809	-0.20152075045982476	green	0.20152075045982476
KLF9	1.0	3.210181381394422	-0.20112761845860144	green	0.20112761845860144
OGFRL1	1.0	1.659751282672124	-0.2008952328044103	green	0.2008952328044103
H2AFX	1.0	1.3590661434703728	-0.2008830217202957	green	0.2008830217202957
PLXNA4	1.0	3.414029545177104	-0.20086170359935002	green	0.20086170359935002
ANKRD33B	1.0	0.6855970205947296	-0.200498861570995	green	0.200498861570995
ADAMTS15	1.0	6.346755565396567	-0.20044791494949213	green	0.20044791494949213
SNRPD3	1.0	4.347803525480414	-0.20039818205893947	green	0.20039818205893947
LMNB1	1.0	0.48294699904983907	-0.20034808719480496	green	0.20034808719480496
VIM-AS1	1.0	3.6583642665292913	-0.20027371948859263	green	0.20027371948859263
RAD54L	1.0	-2.0620690059282323	-0.19999371772036517	green	0.19999371772036517
COL16A1	1.0	5.174786874289704	-0.1999547258635599	green	0.1999547258635599
DHCR24	1.0	4.3799631155684775	-0.19958532665171663	green	0.19958532665171663
PCSK7	1.0	3.577589779630272	-0.19945961938615572	green	0.19945961938615572
CAVIN2	1.0	-0.3291963052864476	-0.19933844447558607	green	0.19933844447558607
TMTC1	1.0	-0.1173973018483915	-0.19920037581317482	green	0.19920037581317482
PPP2R5A	1.0	1.627358644961871	-0.19893494231078834	green	0.19893494231078834
ZFHX3	1.0	2.7351575617972093	-0.19840348768443708	green	0.19840348768443708
MN1	1.0	0.6084677431129931	-0.19828507561150915	green	0.19828507561150915
GREB1L	1.0	0.6001834734371615	-0.19824201753936227	green	0.19824201753936227
AC025370.1	1.0	-1.097447307015287	-0.19823849117345907	green	0.19823849117345907
TM7SF2	1.0	0.5284419601317851	-0.19815310531233296	green	0.19815310531233296
PCDH7	1.0	2.0276942110463003	-0.1977885270185644	green	0.1977885270185644
TSC22D1	1.0	6.216450711053268	-0.1977620790893047	green	0.1977620790893047
SLC38A1	1.0	3.320135193000695	-0.19769241248531888	green	0.19769241248531888
MYOCD	1.0	-1.8091424317189584	-0.19769098658302361	green	0.19769098658302361
PHLDA1	1.0	2.127795858748186	-0.19755942945915927	green	0.19755942945915927
PVR	1.0	1.7624778071252454	-0.19743822461365046	green	0.19743822461365046
KRT81	1.0	-1.9428388394096217	0.19735305033697756	green	0.19735305033697756
AZGP1	1.0	-0.6153953759003944	-0.19723824619047503	green	0.19723824619047503
CCDC71L	1.0	3.506023845479392	-0.197155537912028	green	0.197155537912028
DUSP4	1.0	2.1509495736484356	-0.19701822576173836	green	0.19701822576173836
SRPX2	1.0	5.192366939123921	-0.19695003706910647	green	0.19695003706910647
MEGF6	1.0	-0.9707766900090886	0.19680262502745735	green	0.19680262502745735
CFB	1.0	2.432081772003103	-0.19645579946788097	green	0.19645579946788097
WNT5A	1.0	1.4847627525588596	-0.19624071362574771	green	0.19624071362574771
KCNJ8	1.0	1.2040393858652203	-0.1961165217802134	green	0.1961165217802134
ACTA2	1.0	5.716590510999437	-0.1957355147646728	green	0.1957355147646728
KIF20B	1.0	0.3035838600216284	-0.19556876354044328	green	0.19556876354044328
CDH13	1.0	0.7716889335236422	-0.19513020016619326	green	0.19513020016619326
ALAS1	1.0	3.1415331673902034	-0.19484083380835485	green	0.19484083380835485
DOCK10	1.0	1.5455741073844402	-0.19464356774897856	green	0.19464356774897856
TMEM64	1.0	2.1986750966075377	-0.19462908498935078	green	0.19462908498935078
PKDCC	1.0	13.088931977479442	-0.19454117670825893	green	0.19454117670825893
PTGS2	1.0	1.4843126212615538	-0.1943670578432028	green	0.1943670578432028
SLC20A1	1.0	1.1976169041161548	-0.19434691981624574	green	0.19434691981624574
TMEM87A	1.0	1.3190410399147767	-0.19434378701127555	green	0.19434378701127555
LINC01579	1.0	-2.314989327497257	0.19419739397230076	green	0.19419739397230076
EHD4	1.0	1.0408050193425256	-0.19390764639440175	green	0.19390764639440175
FHOD3	1.0	0.4551514945346954	-0.19335300933218919	green	0.19335300933218919
MLPH	1.0	0.27374591829707795	-0.1928533342628572	green	0.1928533342628572
LHX9	1.0	-2.382556692571623	0.1926450779423961	green	0.1926450779423961
SPOCK3	1.0	-2.3827824826160158	0.1926450779423961	green	0.1926450779423961
NCAPG2	1.0	0.3125977725076249	-0.19262210686880127	green	0.19262210686880127
DSP	1.0	1.7684098078846	-0.19260835442172222	green	0.19260835442172222
MAP9	1.0	0.3381210265351108	-0.1925363949621466	green	0.1925363949621466
FAM83D	1.0	0.7054308333093046	-0.19252404207154314	green	0.19252404207154314
PFKFB3	1.0	0.7981213786659908	-0.19247335872836713	green	0.19247335872836713
ACOT1	1.0	1.6955303699425097	-0.19222547963914274	green	0.19222547963914274
TCEAL1	1.0	0.8839097710073377	-0.19204518617893526	green	0.19204518617893526
PITPNC1	1.0	2.4655953108122635	-0.19090922677851926	green	0.19090922677851926
STAMBPL1	1.0	1.4101471159214771	-0.19056922007848529	green	0.19056922007848529
CDC6	1.0	4.625814264598004	-0.19049335883522475	green	0.19049335883522475
FAM91A1	1.0	-0.06276636809401417	-0.1904877378082608	green	0.1904877378082608
ACAT2	1.0	2.788814852704672	-0.1904766602085944	green	0.1904766602085944
UNG	1.0	4.376015322850154	-0.19028287585082984	green	0.19028287585082984
HIST1H2BD	1.0	0.92264624991804	-0.19010761817378732	green	0.19010761817378732
LARP1B	1.0	4.867960778837945	-0.18998549914937388	green	0.18998549914937388
PCK2	1.0	4.433956840230595	-0.18989398103054903	green	0.18989398103054903
GAREM1	1.0	1.7231689037916378	-0.18987593687323082	green	0.18987593687323082
ATP2A2	1.0	5.540938464282224	-0.18985952658754035	green	0.18985952658754035
FAM111A	1.0	0.07618452891620606	-0.18960364992069523	green	0.18960364992069523
NT5DC3	1.0	0.4618167795071916	-0.18955870159695093	green	0.18955870159695093
IL17RC	1.0	9.141012842710913	-0.18942559888540117	green	0.18942559888540117
IRS2	1.0	4.952864806793358	-0.18918518110461555	green	0.18918518110461555
KANK4	1.0	16.373705941170066	0.1891390519538395	green	0.1891390519538395
HSPA1B	1.0	4.8959815432494205	-0.1891164194213642	green	0.1891164194213642
NSD2	1.0	1.2310813624307888	-0.1890675544340811	green	0.1890675544340811
ARL4C	1.0	0.0368166367306234	-0.18894472235248683	green	0.18894472235248683
GLUD1	1.0	4.796399022429885	-0.18887862119710339	green	0.18887862119710339
UPP1	1.0	0.3573413177389694	-0.18825328080999112	green	0.18825328080999112
CNTFR	1.0	-0.9493795151661172	-0.18806519063985183	green	0.18806519063985183
ACKR4	1.0	0.43662398268827973	-0.18784572298032143	green	0.18784572298032143
C3orf70	1.0	-0.6752614944612579	-0.187483679773598	green	0.187483679773598
EXT1	1.0	2.5884146603493443	-0.1874727207777355	green	0.1874727207777355
SMILR	1.0	-1.3470689970933816	-0.1863806953731834	green	0.1863806953731834
CENPK	1.0	1.2199971743766922	-0.18605670078659806	green	0.18605670078659806
CCDC69	1.0	2.364075622906929	-0.18586515120282276	green	0.18586515120282276
MT1G	1.0	1.0376556416090366	-0.18578719371885385	green	0.18578719371885385
TTLL7	1.0	5.260260804350002	-0.18570942673413263	green	0.18570942673413263
POLR3G	1.0	0.5203173704611809	-0.18550072908664272	green	0.18550072908664272
SH3BP5	1.0	2.7026155255312085	-0.18537632690874403	green	0.18537632690874403
KPNA2	1.0	3.6213280891968194	-0.18524883339672882	green	0.18524883339672882
ERV3-1	1.0	0.9922641939159457	-0.18519209650275623	green	0.18519209650275623
LBH	1.0	-0.11026680881786588	-0.18513659212056802	green	0.18513659212056802
STXBP6	1.0	-0.1696142123316524	-0.18507940992924524	green	0.18507940992924524
FZD7	1.0	1.0550617488580187	-0.18497823009933986	green	0.18497823009933986
SRXN1	1.0	1.744197356445083	-0.18493871294340217	green	0.18493871294340217
PAX9	1.0	-1.5157605839841508	-0.1848627873642189	green	0.1848627873642189
PLIN4	1.0	3.0983014175865233	-0.18469496285204642	green	0.18469496285204642
MMP28	1.0	1.226403577412707	-0.1841181129753987	green	0.1841181129753987
TBX2	1.0	1.4554543886336764	-0.18399468285158255	green	0.18399468285158255
S100A3	1.0	1.6193190477666586	-0.18366921393415286	green	0.18366921393415286
SERINC2	1.0	2.955189756041036	-0.18365097685443577	green	0.18365097685443577
AMOTL2	1.0	2.4076657536116164	-0.18358828983157063	green	0.18358828983157063
INKA2	1.0	0.24355936336048653	-0.18346110701714557	green	0.18346110701714557
TENM3	1.0	1.5246844790719931	-0.18335182935714817	green	0.18335182935714817
NR1H3	1.0	1.9759618890245294	-0.1832119175201843	green	0.1832119175201843
VLDLR	1.0	-0.23583339758626337	-0.18300986647665377	green	0.18300986647665377
FBXO32	1.0	1.3547263480566367	-0.1824471579698276	green	0.1824471579698276
CHMP1B	1.0	0.9524407057678738	-0.18238845208797286	green	0.18238845208797286
ST3GAL1	1.0	3.0849322259332608	-0.18191619613860419	green	0.18191619613860419
ERO1B	1.0	4.164812834302779	-0.181834252432891	green	0.181834252432891
NXN	1.0	2.96107362777148	-0.18165444301362083	green	0.18165444301362083
CARMIL1	1.0	-0.25655905123599554	-0.18164663981448753	green	0.18164663981448753
ITGA5	1.0	1.9411590331384228	-0.18158706770694832	green	0.18158706770694832
MRAS	1.0	5.604298447494498	-0.18144280239488392	green	0.18144280239488392
CRISPLD2	1.0	2.0902771564245626	-0.18135463882981853	green	0.18135463882981853
TSC22D3	1.0	4.882842513456059	-0.18134559423603414	green	0.18134559423603414
WNT2B	1.0	0.19188208860022204	-0.1808866404613898	green	0.1808866404613898
NXPH4	1.0	-0.25196235892908303	-0.18066009945769804	green	0.18066009945769804
SLC27A3	1.0	3.4378125862045934	-0.18058493160532707	green	0.18058493160532707
WARS	1.0	4.870897364694941	-0.18005258860893958	green	0.18005258860893958
DHFR	1.0	1.2875881910818965	-0.1799456040287563	green	0.1799456040287563
PYGB	1.0	10.302578900174103	-0.1797642477427755	green	0.1797642477427755
CCDC102B	1.0	-0.006164112916279392	-0.1793876252597662	green	0.1793876252597662
PPP1R13L	1.0	1.0473003552454374	-0.1793181988654225	green	0.1793181988654225
CCNB1	1.0	0.34310163662201054	-0.17900132969245627	green	0.17900132969245627
STK32A	1.0	-1.9764410971624387	0.17897617738540256	green	0.17897617738540256
AGTR1	1.0	2.3915476262914757	-0.17873241268847584	green	0.17873241268847584
FAM241A	1.0	2.1107028812890607	-0.17872317875880064	green	0.17872317875880064
SCT	1.0	-2.370748469698626	0.17866978456869112	green	0.17866978456869112
AC025164.1	1.0	0.26064113461578897	-0.1786240582919277	green	0.1786240582919277
RORA	1.0	1.4356785465090898	-0.17859425730830558	green	0.17859425730830558
TSPYL2	1.0	2.295557236532443	-0.17854589374713956	green	0.17854589374713956
FBXL22	1.0	1.9468518629012013	-0.17841621775371216	green	0.17841621775371216
RDH10	1.0	1.9541426654640492	-0.17762892036743788	green	0.17762892036743788
HAMP	1.0	-1.3707867238525941	-0.17750932073226638	green	0.17750932073226638
FAM89A	1.0	0.2760690309221415	-0.17743440632918245	green	0.17743440632918245
SIX2	1.0	0.10940343816602877	-0.17725701199592592	green	0.17725701199592592
FGF2	1.0	5.196150259976241	-0.17704041798309428	green	0.17704041798309428
MCU	1.0	1.343263299587973	-0.17698485506832906	green	0.17698485506832906
PAPPA	1.0	3.4398426521674756	-0.17696689284258788	green	0.17696689284258788
MVD	1.0	2.1751458130509573	-0.17694684317861398	green	0.17694684317861398
MAN2A1	1.0	2.1592854159666475	-0.17658415447026501	green	0.17658415447026501
MCM4	1.0	1.106278589003033	-0.17650405792516152	green	0.17650405792516152
TNFRSF10D	1.0	0.30089173133288905	-0.17650172975244335	green	0.17650172975244335
SECTM1	1.0	1.69839151200617	-0.17577453352803	green	0.17577453352803
C9orf116	1.0	2.544009116688498	-0.17577025382980438	green	0.17577025382980438
GMNN	1.0	0.22272771585415152	-0.1757583914596331	green	0.1757583914596331
HLA-DPA1	1.0	0.8993593422665157	-0.1755400714551417	green	0.1755400714551417
CRIM1	1.0	4.828520067523388	-0.17550809008733328	green	0.17550809008733328
RCAN1	1.0	3.541952739762545	-0.17486322141594507	green	0.17486322141594507
ZNF367	1.0	-2.0473343123047143	-0.1748551284334716	green	0.1748551284334716
BMP2	1.0	0.8301214468348325	0.17474746905129013	green	0.17474746905129013
LTBP2	1.0	1.5046636934864641	-0.17471435401988988	green	0.17471435401988988
PISD	1.0	0.8261922956974269	-0.17445918747008798	green	0.17445918747008798
GATA2	1.0	0.6030548543602873	-0.17424658737757043	green	0.17424658737757043
SORT1	1.0	0.5083125813893807	-0.17419199558400547	green	0.17419199558400547
ELL2	1.0	3.879349756524565	-0.17411802274050056	green	0.17411802274050056
APOL1	1.0	-0.22616635471708013	-0.17379941611893243	green	0.17379941611893243
EDNRB	1.0	3.890486940200547	-0.17377610432748503	green	0.17377610432748503
DLAT	1.0	1.2737511435698645	-0.17372725702844385	green	0.17372725702844385
STBD1	1.0	1.1418120299613674	-0.1736278217509868	green	0.1736278217509868
CROT	1.0	0.399703364428842	-0.17361806381651598	green	0.17361806381651598
TBX18	1.0	0.5055620409069596	-0.17349137534182651	green	0.17349137534182651
MID1	1.0	0.2190038890701992	-0.173373701118343	green	0.173373701118343
CDKN2B	1.0	1.7943579350048677	-0.17303591000075766	green	0.17303591000075766
SPRY2	1.0	3.0284276712891356	-0.17275486256836556	green	0.17275486256836556
RAB20	1.0	-0.005237927155035051	-0.17250323352321137	green	0.17250323352321137
HSPA2	1.0	0.8862705799991059	-0.17179820841341548	green	0.17179820841341548
PRPS1	1.0	2.950073786454072	-0.17137771498825283	green	0.17137771498825283
FRAS1	1.0	1.9103863581760827	-0.17107754821990545	green	0.17107754821990545
SOX9	1.0	5.269766697430106	-0.170979899800643	green	0.170979899800643
SPAG4	1.0	0.1613057638096299	-0.17097088287505052	green	0.17097088287505052
UNC5B	1.0	3.4576723168135635	-0.1709225023160071	green	0.1709225023160071
AACS	1.0	1.4954603750967952	-0.17090012281902883	green	0.17090012281902883
ETV5	1.0	0.5761047119195984	-0.17083079434246248	green	0.17083079434246248
SYNE3	1.0	0.3221351333636596	-0.17077368994417633	green	0.17077368994417633
STK17B	1.0	1.206661193601054	-0.1702616220876228	green	0.1702616220876228
FUOM	1.0	1.1560475644679777	-0.17023821634227101	green	0.17023821634227101
C11orf87	1.0	-0.16533333615817747	-0.16966669695968598	green	0.16966669695968598
ECHDC3	1.0	1.7296278166768433	-0.16962760105175012	green	0.16962760105175012
NEDD9	1.0	1.193473294738725	-0.16958781952566682	green	0.16958781952566682
TLCD4	1.0	0.5776671933436571	-0.16955713879598322	green	0.16955713879598322
PHLDB1	1.0	6.9158718745073395	-0.1694038308550092	green	0.1694038308550092
VEGFC	1.0	1.8553767704245319	-0.16936358728672482	green	0.16936358728672482
MAFF	1.0	1.248656896128045	-0.16935823817147888	green	0.16935823817147888
FANCI	1.0	-0.24508170073763702	-0.16911021704440993	green	0.16911021704440993
SESN3	1.0	3.5932633647279846	-0.16882574598937167	green	0.16882574598937167
PODNL1	1.0	0.3636589672129068	-0.1687953421216499	green	0.1687953421216499
GRB14	1.0	0.34198233647304177	-0.1687762129100418	green	0.1687762129100418
SEMA5A	1.0	0.8560479929000425	-0.16868590263618222	green	0.16868590263618222
SVEP1	1.0	0.3270588849882664	-0.1684852609696085	green	0.1684852609696085
SNHG12	1.0	6.157676332348231	-0.168281259233118	green	0.168281259233118
PFKP	1.0	2.4736727052370875	-0.16827678079446667	green	0.16827678079446667
PCSK6	1.0	-1.0445764063543161	0.16815774498210903	green	0.16815774498210903
FZD8	1.0	0.27326507558873697	-0.16814935990849875	green	0.16814935990849875
SULF1	1.0	0.5119029935099665	-0.168021642781582	green	0.168021642781582
ANP32E	1.0	2.783885876649633	-0.16798384718679116	green	0.16798384718679116
BRCA2	1.0	-0.29709626356400987	-0.16792953019272897	green	0.16792953019272897
GAS1	1.0	0.6419874894832193	-0.16784328992446226	green	0.16784328992446226
HK2	1.0	3.5235338526972986	-0.16751881352199227	green	0.16751881352199227
SLIT2	1.0	1.9388528317121434	-0.1674082077145519	green	0.1674082077145519
HES1	1.0	4.099253140658462	-0.16714672693040755	green	0.16714672693040755
FAM162B	1.0	2.7832328054846287	-0.16712280483534625	green	0.16712280483534625
COL5A3	1.0	3.045038094917586	-0.16708348742533133	green	0.16708348742533133
FAT1	1.0	1.4866927989619376	-0.1669798167943928	green	0.1669798167943928
EPHB6	1.0	0.3190058725152106	-0.16684561232529901	green	0.16684561232529901
ALDH1B1	1.0	3.948039292003041	-0.1667672576641617	green	0.1667672576641617
AGPAT2	1.0	2.129122621031469	-0.16661094709745278	green	0.16661094709745278
KIF26B	1.0	0.7351500112553279	-0.1665810571722024	green	0.1665810571722024
XG	1.0	0.8469531859239178	-0.16656047076971833	green	0.16656047076971833
PLTP	1.0	3.2470086129093914	-0.16645903299492665	green	0.16645903299492665
NGF	1.0	0.635258124606828	-0.16640470567004692	green	0.16640470567004692
PSAT1	1.0	4.4202901593347965	-0.1663942093241121	green	0.1663942093241121
ABCC9	1.0	1.674940980567691	-0.16628659474744253	green	0.16628659474744253
CDH2	1.0	3.534049387528859	-0.16613350003769758	green	0.16613350003769758
NCAPG	1.0	0.5845237516448406	-0.1660708226841813	green	0.1660708226841813
DGAT2	1.0	2.1959171908752073	-0.1659601718489665	green	0.1659601718489665
GUCY1B1	1.0	0.1818799001493941	-0.1656167817311019	green	0.1656167817311019
NFIL3	1.0	6.984730001105949	-0.165581142471146	green	0.165581142471146
PCGF5	1.0	1.015051195485102	-0.1654852138186296	green	0.1654852138186296
BICC1	1.0	0.9216720779062212	-0.16529536307051584	green	0.16529536307051584
BAMBI	1.0	0.44221930343848526	-0.16526869261918034	green	0.16526869261918034
HMGCR	1.0	1.826019843320897	-0.16485889139287802	green	0.16485889139287802
DUSP10	1.0	1.5525880190058068	-0.16462280669453647	green	0.16462280669453647
DDIT4L	1.0	1.6035286598102405	0.16444119128664653	green	0.16444119128664653
KLF10	1.0	1.285346416433796	-0.16415107609920201	green	0.16415107609920201
MCM10	1.0	-1.8903050091466898	0.16391290078119725	green	0.16391290078119725
ACSL1	1.0	3.0718601277546442	-0.16367964868407378	green	0.16367964868407378
GK	1.0	1.0801286609270444	-0.16362123121656144	green	0.16362123121656144
HADH	1.0	2.72628818555472	-0.1634733173549113	green	0.1634733173549113
CA12	1.0	1.2979347324404813	-0.1632706348254393	green	0.1632706348254393
IGF1	1.0	0.3371975626895344	-0.16311215718082386	green	0.16311215718082386
DNM1	1.0	-0.1684374227164542	-0.16288648101937955	green	0.16288648101937955
KIF11	1.0	1.2805731752634009	-0.16267879417807463	green	0.16267879417807463
TMEM171	1.0	-0.2855588695687894	-0.16256162607766156	green	0.16256162607766156
AIFM2	1.0	1.4913432309593748	-0.16226182207161868	green	0.16226182207161868
GCHFR	1.0	2.0587656171804896	-0.16217129912141467	green	0.16217129912141467
NOVA1	1.0	2.436544357198691	-0.16197493552057673	green	0.16197493552057673
AOX1	1.0	2.831233377823695	-0.16196190724343984	green	0.16196190724343984
FASN	1.0	5.0069707562642085	-0.16175577062751006	green	0.16175577062751006
ANKRD28	1.0	1.507103820953846	-0.16140565342115257	green	0.16140565342115257
KIF2C	1.0	-1.9895785414173632	-0.16082677437559392	green	0.16082677437559392
BST2	1.0	0.5841836225793046	-0.1606506841430164	green	0.1606506841430164
RHOU	1.0	1.301268203417409	-0.1604911735232551	green	0.1604911735232551
GCNT1	1.0	0.9194750468415176	-0.1604289622928657	green	0.1604289622928657
AK5	1.0	1.3310896884750667	-0.16040990439299646	green	0.16040990439299646
SVIL	1.0	1.1486421481079305	-0.15984047639443913	green	0.15984047639443913
TUBB4B	1.0	9.298487197550484	-0.15980582367509186	green	0.15980582367509186
SLC39A14	1.0	3.4409087494987904	-0.15970614250748338	green	0.15970614250748338
ANTXR1	1.0	1.3477955012571232	-0.15958137931390132	green	0.15958137931390132
FBLIM1	1.0	2.3934242745899654	-0.15955607817408948	green	0.15955607817408948
LINC00632	1.0	1.904234456395879	-0.15948055050732127	green	0.15948055050732127
FZD4	1.0	2.786971886822165	-0.15939695007020474	green	0.15939695007020474
ZNF503	1.0	1.519447654490183	-0.15934940980733917	green	0.15934940980733917
PLCE1	1.0	0.14382098637511886	-0.1592352887618475	green	0.1592352887618475
NUDT16	1.0	2.467783955762171	-0.15904147214472258	green	0.15904147214472258
GADD45B	1.0	2.118121624765568	-0.15898090188605923	green	0.15898090188605923
LINC02731	1.0	-2.3554436042621374	0.158960955122233	green	0.158960955122233
LOXL3	1.0	0.1295978687544853	-0.15893003033876796	green	0.15893003033876796
PRKAR2B	1.0	0.9856017550106936	-0.15882167666249122	green	0.15882167666249122
TIMP4	1.0	0.6535689637725405	-0.15873307213807963	green	0.15873307213807963
AC007563.2	1.0	0.009892706631762303	-0.1586057756170343	green	0.1586057756170343
PRICKLE1	1.0	0.36823837972505	-0.15842276673282818	green	0.15842276673282818
TNFAIP3	1.0	0.6959071266129749	-0.15816796646440548	green	0.15816796646440548
IFI44	1.0	0.5410638289273081	-0.15809390993307987	green	0.15809390993307987
TNFSF11	1.0	-1.3707867238525941	0.1580419718138442	green	0.1580419718138442
PEG13	1.0	-2.4653272208664094	-0.15804197181384408	green	0.15804197181384408
AL669970.3	1.0	-2.4667294667557425	-0.15804197181384408	green	0.15804197181384408
HSD17B2	1.0	-2.4667294667557185	-0.15804197181384408	green	0.15804197181384408
C19orf33	1.0	-2.4667294667603383	-0.15804197181384408	green	0.15804197181384408
AL354766.2	1.0	-2.4667294667602517	-0.15804197181384408	green	0.15804197181384408
GRIK1-AS1	1.0	-1.3707867238525941	-0.15804197181384408	green	0.15804197181384408
CHI3L2	1.0	0.6105550915445136	-0.15750012214819342	green	0.15750012214819342
MTHFD2	1.0	4.61146256346886	-0.15718418132716244	green	0.15718418132716244
APCDD1	1.0	2.8506790089813303	-0.15698773109923198	green	0.15698773109923198
WDR1	1.0	7.4182795747945525	-0.1569572422504883	green	0.1569572422504883
HIST1H2AC	1.0	4.051879265320759	-0.15672004341976498	green	0.15672004341976498
PLK4	1.0	-2.1458976292014023	-0.15661948234871023	green	0.15661948234871023
TYMS	1.0	0.37070389234897727	-0.15656382205654595	green	0.15656382205654595
MSN	1.0	5.396127843176942	-0.15637477025132684	green	0.15637477025132684
ZFHX4	1.0	1.590218822812657	-0.15633880688693924	green	0.15633880688693924
ATP1A2	1.0	-1.5726135042271256	-0.15626670010667335	green	0.15626670010667335
CDC42EP2	1.0	4.894228760331997	-0.1562574324314138	green	0.1562574324314138
AC092691.1	1.0	-0.21747423536461896	-0.15622252507684625	green	0.15622252507684625
FICD	1.0	7.891704734823601	-0.15612172781087993	green	0.15612172781087993
UBASH3B	1.0	1.004385274653631	-0.15612108280386353	green	0.15612108280386353
MDM2	1.0	2.068153437941141	-0.15583664898768518	green	0.15583664898768518
RCAN2	1.0	-1.1292188555085805	-0.15581602363394995	green	0.15581602363394995
IRX3	1.0	0.639606128235403	-0.15579857998604527	green	0.15579857998604527
AUXG01000058.1	1.0	-0.21124454466902473	-0.1556713612816703	green	0.1556713612816703
SLC25A37	1.0	0.6286187143275465	-0.15552944987286288	green	0.15552944987286288
SMPDL3A	1.0	1.6631613450143188	-0.15542159554844553	green	0.15542159554844553
PLEC	1.0	2.5753615891014054	-0.15518662219957843	green	0.15518662219957843
CPE	1.0	-0.6348670236995287	-0.15503177311052027	green	0.15503177311052027
PALM2-AKAP2	1.0	2.5109607107276264	-0.1549749253712394	green	0.1549749253712394
LAMA2	1.0	1.6079042687164882	-0.15464825617470565	green	0.15464825617470565
DPYSL3	1.0	0.43765216254859995	-0.15410466010228177	green	0.15410466010228177
AADAC	1.0	0.9686648301199107	-0.15409422830259642	green	0.15409422830259642
CDC42EP4	1.0	1.0684338732320788	-0.15407664706310564	green	0.15407664706310564
PDE4D	1.0	1.8151815754039275	-0.15393450091029146	green	0.15393450091029146
RAI14	1.0	2.7771608428459147	-0.15375292220547165	green	0.15375292220547165
PSMC3IP	1.0	0.8096586874883479	-0.15358420015116	green	0.15358420015116
ACTN4	1.0	5.785232269041842	-0.15348032985716914	green	0.15348032985716914
NID2	1.0	1.8212873406166068	-0.15337718523039906	green	0.15337718523039906
ERRFI1	1.0	1.39179994397819	-0.1533346624944056	green	0.1533346624944056
WDR86-AS1	1.0	-2.2749815498599664	0.1530483808889703	green	0.1530483808889703
DMKN	1.0	-0.381883907495124	-0.15285560570797713	green	0.15285560570797713
SCG5	1.0	-0.38428761416999035	-0.15244351776138854	green	0.15244351776138854
SLC44A1	1.0	2.6525985536965146	-0.15236954362677857	green	0.15236954362677857
SLFN11	1.0	3.6029088171151464	-0.15235684840439115	green	0.15235684840439115
DDAH1	1.0	1.989580472293296	-0.15214168283904772	green	0.15214168283904772
RRM2	1.0	-0.2000656615129648	0.15210788949049203	green	0.15210788949049203
ZFAND5	1.0	2.5960229350965776	-0.15209731947721694	green	0.15209731947721694
ACACB	1.0	1.303195466395151	-0.15204126110439745	green	0.15204126110439745
PTGDS	1.0	7.231282521702971	-0.15203376591739082	green	0.15203376591739082
HOXB6	1.0	0.30658871251472203	-0.15195787021154697	green	0.15195787021154697
NEK7	1.0	3.2665655393532163	-0.15162499885033578	green	0.15162499885033578
HOXB-AS3	1.0	0.3419540350053959	-0.15129988936739647	green	0.15129988936739647
HIST1H3G	1.0	-2.055372603012609	-0.15116380920523115	green	0.15116380920523115
GDF10	1.0	16.178581243279073	0.15111888943170276	green	0.15111888943170276
APOD	1.0	0.5025717413200019	-0.15106530114396186	green	0.15106530114396186
H19	1.0	3.3527045869453618	-0.15093216460698872	green	0.15093216460698872
FOXQ1	1.0	-0.895437422037541	0.15083983265175016	green	0.15083983265175016
DNAJB9	1.0	7.834742042201965	-0.15054652549963873	green	0.15054652549963873
SEC11C	1.0	7.8911748430368025	-0.1504040309655466	green	0.1504040309655466
ISYNA1	1.0	0.6327753188123492	-0.15033919654663508	green	0.15033919654663508
GPT2	1.0	0.005516667053537434	-0.1496415400145815	green	0.1496415400145815
ANXA4	1.0	1.9517261902011396	-0.14955056305835032	green	0.14955056305835032
IDI1	1.0	2.3213968203866298	-0.14909365324695315	green	0.14909365324695315
STMN1	1.0	2.1987102241990355	-0.14835816477046346	green	0.14835816477046346
GLUL	1.0	3.9999464832677942	-0.14815693777760225	green	0.14815693777760225
SYDE2	1.0	0.09867814908937833	-0.14808513504524023	green	0.14808513504524023
ID4	1.0	1.7850931432644306	-0.14803939804083593	green	0.14803939804083593
GASK1B	1.0	1.193672766690687	-0.14800127431548682	green	0.14800127431548682
TMEM91	1.0	1.7571749566284556	-0.14787368537812687	green	0.14787368537812687
A2M	1.0	0.5365254493799855	-0.14762773377578983	green	0.14762773377578983
MYO1D	1.0	1.076730797517859	-0.1474495873438725	green	0.1474495873438725
LRRN4CL	1.0	2.7064731309490617	-0.14736705544135167	green	0.14736705544135167
HMGB2	1.0	2.9435044354802393	-0.1473050404602989	green	0.1473050404602989
UBE2S	1.0	2.808072471537129	-0.14696398297559898	green	0.14696398297559898
GPAT3	1.0	0.2837858164753154	-0.14685788095495592	green	0.14685788095495592
GPNMB	1.0	1.9896191496848972	-0.14659238251372286	green	0.14659238251372286
TGFB1I1	1.0	3.8820631393652887	-0.14658622542669317	green	0.14658622542669317
DEPTOR	1.0	0.9915732939890106	-0.14643022150609766	green	0.14643022150609766
CKAP2	1.0	0.7328320626745081	-0.14637976582104092	green	0.14637976582104092
SLC2A3	1.0	1.337506221299852	-0.14636371031148898	green	0.14636371031148898
LIG1	1.0	-0.6162174387567817	-0.1462950716133005	green	0.1462950716133005
MAMLD1	1.0	1.063079562364536	-0.14600166231778372	green	0.14600166231778372
ECT2	1.0	1.2327043838482905	-0.14592911971567513	green	0.14592911971567513
TCEA3	1.0	0.6811808005531731	-0.1456942590657931	green	0.1456942590657931
RFLNB	1.0	-0.24249694852913833	-0.14563540514958054	green	0.14563540514958054
HLA-DMA	1.0	-0.2364687432493694	-0.14560872850969234	green	0.14560872850969234
CTH	1.0	2.3703510400952434	-0.1455706190950937	green	0.1455706190950937
FOSL1	1.0	2.2138171709687637	-0.14553942640308862	green	0.14553942640308862
SHOX2	1.0	0.04812452242172026	-0.1455272811541341	green	0.1455272811541341
EMP2	1.0	1.0560966363790039	-0.1453780098723724	green	0.1453780098723724
PALMD	1.0	0.732154060630435	-0.14514517212390773	green	0.14514517212390773
ANKH	1.0	0.28564005535306036	-0.14512460752314585	green	0.14512460752314585
PITX2	1.0	1.0463299313932262	-0.14512237797054323	green	0.14512237797054323
TRPV2	1.0	2.047729125875348	-0.14508736620879092	green	0.14508736620879092
AQP3	1.0	0.4839987148193817	-0.14479718144949502	green	0.14479718144949502
RRM1	1.0	1.0801770583373274	-0.14479615131876186	green	0.14479615131876186
NET1	1.0	0.6166943299832411	-0.144694421164355	green	0.144694421164355
RECK	1.0	3.1008416493610085	-0.14455028855775914	green	0.14455028855775914
ZNF106	1.0	2.8136394999634717	-0.14451833386306553	green	0.14451833386306553
HAND2-AS1	1.0	-0.032746690855037904	-0.14444627812472752	green	0.14444627812472752
RBBP7	1.0	1.5215218067595657	-0.1443251085161439	green	0.1443251085161439
TJP2	1.0	0.37211277842499124	-0.14415626376477605	green	0.14415626376477605
ENPP2	1.0	1.1665050286883916	-0.1441443489353538	green	0.1441443489353538
SIPA1L1	1.0	0.8227097637318833	-0.14385603267186475	green	0.14385603267186475
TAGLN3	1.0	-1.605782496343904	-0.1437004954431681	green	0.1437004954431681
EDNRA	1.0	0.8423472774586204	-0.143563724647094	green	0.143563724647094
RGCC	1.0	2.7808597770603365	-0.1435524203848674	green	0.1435524203848674
ERCC6L	1.0	-2.13895511635935	-0.14351110011687176	green	0.14351110011687176
AHR	1.0	1.3285803936007854	-0.14349884485629272	green	0.14349884485629272
CTSC	1.0	0.6122078225524806	-0.14345143183257236	green	0.14345143183257236
HGD	1.0	-1.3072380489326214	0.14344335177290002	green	0.14344335177290002
UGDH	1.0	2.8710611853277994	-0.14322262035765088	green	0.14322262035765088
LUZP2	1.0	-2.3554436029023877	-0.1431714655713034	green	0.1431714655713034
F2R	1.0	1.0861160205977307	-0.14292796657007417	green	0.14292796657007417
SNED1	1.0	0.8545561897780819	-0.1426625430454137	green	0.1426625430454137
SYNM	1.0	0.8957093776495523	-0.142561543962108	green	0.142561543962108
RND3	1.0	3.0163406400855073	-0.1422563056404657	green	0.1422563056404657
ABCA9	1.0	0.385234140484232	-0.14199536478880664	green	0.14199536478880664
AXL	1.0	2.37537951110726	-0.1419580066456419	green	0.1419580066456419
C11orf96	1.0	1.4430373075126701	-0.14177559031593504	green	0.14177559031593504
FADS2	1.0	3.9233581514993903	-0.14169857035199399	green	0.14169857035199399
LINC01030	1.0	-2.332489189042088	-0.14160852276041797	green	0.14160852276041797
CAMK1	1.0	1.684190689761853	-0.14127675230983971	green	0.14127675230983971
ATP2B4	1.0	1.0017406409994458	-0.14108252543220265	green	0.14108252543220265
MYH10	1.0	2.3217372307249446	-0.14107899545817787	green	0.14107899545817787
CRIP2	1.0	1.7215841449829679	-0.14050487567256367	green	0.14050487567256367
AQP11	1.0	-0.5094649357349862	-0.1404685884333195	green	0.1404685884333195
PLN	1.0	-2.106002799452215	-0.14039526923654144	green	0.14039526923654144
EPAS1	1.0	0.515785584827667	-0.1402021511579866	green	0.1402021511579866
ALPK2	1.0	0.772003757311413	-0.13995729251593772	green	0.13995729251593772
DCBLD1	1.0	-0.06018100399357127	-0.1399206205923617	green	0.1399206205923617
NPR3	1.0	-0.3731496888498883	-0.13985758017770522	green	0.13985758017770522
CTSK	1.0	1.9032212220177294	-0.13969361980268172	green	0.13969361980268172
TGFB1	1.0	1.6470943122214252	-0.13954643345012527	green	0.13954643345012527
HHIP	1.0	-0.5771651218058663	0.1395346499999951	green	0.1395346499999951
ITGA8	1.0	-0.19981182626573218	-0.13951842551883228	green	0.13951842551883228
ANGPTL1	1.0	1.4191365346184044	-0.13946933510876672	green	0.13946933510876672
RDH5	1.0	1.2713479812113806	-0.13938047616051077	green	0.13938047616051077
TRIB3	1.0	6.969308864044665	-0.13897889201620803	green	0.13897889201620803
MELTF	1.0	1.3227208097936134	-0.1384804438026613	green	0.1384804438026613
HSD3B7	1.0	-0.05729669900602411	-0.1381740094012026	green	0.1381740094012026
TMEM119	1.0	3.0765571793781867	-0.13790977150987904	green	0.13790977150987904
LTBP1	1.0	-0.10475752426050494	-0.13777786851198717	green	0.13777786851198717
TM4SF1	1.0	0.9433043008749965	0.13755562818507608	green	0.13755562818507608
CDK2AP2	1.0	9.598452063159568	-0.13746457922116254	green	0.13746457922116254
EPS8L2	1.0	0.1828793913111305	-0.1374337300302963	green	0.1374337300302963
PCOLCE2	1.0	1.9016368403399841	-0.13736933462810824	green	0.13736933462810824
PLPP2	1.0	1.7807783031280962	-0.13725483349862597	green	0.13725483349862597
YWHAH	1.0	4.928236070519171	-0.13719325822068557	green	0.13719325822068557
VEPH1	1.0	0.9646285188308538	-0.1371189438245902	green	0.1371189438245902
ARHGAP6	1.0	-0.39683382189707783	-0.13702798376911635	green	0.13702798376911635
NES	1.0	0.6747508658305664	-0.1370000685929639	green	0.1370000685929639
ELOVL3	1.0	0.3809632382295721	-0.1368168970785868	green	0.1368168970785868
DNAJB11	1.0	8.29061444488668	-0.13659601982691474	green	0.13659601982691474
BEX1	1.0	-1.2587992615966728	-0.13630918058423128	green	0.13630918058423128
CFH	1.0	1.111452900422364	-0.13618580119291215	green	0.13618580119291215
FAM20A	1.0	1.0215502329932504	-0.1360072874007965	green	0.1360072874007965
CSRP2	1.0	0.8259585226088776	-0.13584368479457046	green	0.13584368479457046
PRPS2	1.0	-0.132934075465155	-0.13572412903882555	green	0.13572412903882555
SLC29A1	1.0	0.24978880802481884	-0.13565520782001922	green	0.13565520782001922
CUL4B	1.0	1.9031738935003275	-0.1355551281775092	green	0.1355551281775092
SLC3A2	1.0	14.025906943598779	-0.1355165879345395	green	0.1355165879345395
LOXL1	1.0	2.0994613336661434	-0.13547992885921153	green	0.13547992885921153
VIT	1.0	0.5365850821489447	-0.1353144428313785	green	0.1353144428313785
CKS2	1.0	0.16361001591304586	-0.13519219604466992	green	0.13519219604466992
AP000331.1	1.0	1.1470200801747015	-0.1345985917708522	green	0.1345985917708522
PHF19	1.0	3.0223975828146155	-0.13438337087592292	green	0.13438337087592292
NPY2R	1.0	-2.324021135584958	-0.1342127240920434	green	0.1342127240920434
TXNIP	1.0	3.901071058124173	-0.13419838950580384	green	0.13419838950580384
CKB	1.0	2.7378541118137156	-0.13414998850318027	green	0.13414998850318027
CCDC92	1.0	3.4380082975886377	-0.13391100245011084	green	0.13391100245011084
WEE1	1.0	0.1603944950238324	-0.133836452181068	green	0.133836452181068
HOXA11	1.0	0.6993581811857622	-0.1338034934990983	green	0.1338034934990983
H1F0	1.0	1.564723506565607	-0.1336850288344332	green	0.1336850288344332
IER3	1.0	1.394813181380584	-0.13333233982296197	green	0.13333233982296197
POU2F2	1.0	-0.5827850036772019	-0.13323801635489327	green	0.13323801635489327
KRT8	1.0	0.8417979203457829	-0.13274973898194534	green	0.13274973898194534
CDO1	1.0	0.8201627208637877	-0.1326600282874965	green	0.1326600282874965
HEG1	1.0	0.42109953596345273	-0.13245774275390723	green	0.13245774275390723
FLNA	1.0	4.875842358168925	-0.13206891728666265	green	0.13206891728666265
CREB3L1	1.0	1.5205158752134702	-0.13206736159643917	green	0.13206736159643917
TNXB	1.0	1.4036769817712949	-0.13195580835508985	green	0.13195580835508985
ARL4A	1.0	-0.0986543466687792	-0.1318719771824583	green	0.1318719771824583
THRSP	1.0	-0.6481833860669807	-0.13180907217776863	green	0.13180907217776863
MDK	1.0	3.4081488447979846	-0.131175579588592	green	0.131175579588592
GBP2	1.0	0.1731956737951711	-0.13096783217348537	green	0.13096783217348537
GAS6	1.0	2.2354574990128087	-0.13092231288172107	green	0.13092231288172107
GATA6	1.0	2.1143041837507517	-0.1308544570448748	green	0.1308544570448748
STARD10	1.0	0.22154385635208626	-0.13080392110701797	green	0.13080392110701797
TUBA1A	1.0	4.004112012441559	-0.13064611908169532	green	0.13064611908169532
LMCD1	1.0	0.7416245429593863	-0.13054921076736267	green	0.13054921076736267
HMCN1	1.0	-0.11773162844127721	-0.13045775954193367	green	0.13045775954193367
CAV2	1.0	3.6875139599114486	-0.13044550042661762	green	0.13044550042661762
FKBP5	1.0	1.4769030792646363	-0.13026047686176123	green	0.13026047686176123
CSTA	1.0	0.5263814453663663	-0.13023512727097042	green	0.13023512727097042
TUBA4A	1.0	0.5523479993306314	-0.13012780256585407	green	0.13012780256585407
DNM3OS	1.0	-0.3000340412491557	-0.13000827381233052	green	0.13000827381233052
SMOC2	1.0	-2.122037690309622	-0.1299829262789875	green	0.1299829262789875
HILPDA	1.0	1.3270667753641683	-0.12992295859276387	green	0.12992295859276387
FAM111B	1.0	-1.978947619331662	0.12989943414140537	green	0.12989943414140537
PRUNE2	1.0	0.9266032657436872	-0.12985351128782419	green	0.12985351128782419
IFITM1	1.0	0.9672377943479716	-0.1298298579210476	green	0.1298298579210476
AP1S2	1.0	1.6103685057459163	-0.1297848756262212	green	0.1297848756262212
VASN	1.0	0.8536020157536488	-0.12963014918330895	green	0.12963014918330895
FBLN5	1.0	1.0908516187732806	-0.12955796870508626	green	0.12955796870508626
RHOB	1.0	6.425521091701805	-0.12948997515167973	green	0.12948997515167973
TUBB2A	1.0	4.3103184489364885	-0.12937401646631852	green	0.12937401646631852
LGMN	1.0	1.478423599448848	-0.12932177878273157	green	0.12932177878273157
STAT1	1.0	2.3600056475864006	-0.12889275954009669	green	0.12889275954009669
DOCK11	1.0	1.685523727178325	-0.12883458009502202	green	0.12883458009502202
FADS3	1.0	7.2349851610631575	-0.12867293124697105	green	0.12867293124697105
XBP1	1.0	5.988379164644855	-0.127975233193631	green	0.127975233193631
LINC01436	1.0	0.01141012413982042	-0.12784903672599965	green	0.12784903672599965
GADD45A	1.0	3.4078784225264624	-0.12766639850524097	green	0.12766639850524097
BAALC	1.0	1.7757900561757851	-0.12761227374007542	green	0.12761227374007542
C1QTNF1	1.0	3.233022976176077	-0.12735273952739157	green	0.12735273952739157
RNF150	1.0	1.9489054809911077	-0.12702667784266564	green	0.12702667784266564
GPATCH11	1.0	0.8410978086030051	-0.12665727010991717	green	0.12665727010991717
TRNP1	1.0	0.28819268028676037	-0.1263618237059956	green	0.1263618237059956
TGIF1	1.0	1.9112311239923796	-0.1262480612275863	green	0.1262480612275863
FOXD1	1.0	3.855326436149994	-0.12596386835164597	green	0.12596386835164597
CCNG2	1.0	2.2964850529082437	-0.1257995125292748	green	0.1257995125292748
CITED2	1.0	6.399779806869483	-0.12573095082683755	green	0.12573095082683755
HMGA1	1.0	5.924438017983052	-0.12520701343447452	green	0.12520701343447452
BHLHE40	1.0	0.07791925434661862	-0.12520483992918455	green	0.12520483992918455
FHL1	1.0	4.054752117385359	-0.1251050425931794	green	0.1251050425931794
C2CD4A	1.0	-2.3779251488992434	-0.12501816046612957	green	0.12501816046612957
NR2F2	1.0	3.4263618490605263	-0.12500512085258564	green	0.12500512085258564
TUBA1B	1.0	11.878168079591427	-0.1247776758592727	green	0.1247776758592727
CRACR2B	1.0	-0.2405019310896529	-0.12453792898324127	green	0.12453792898324127
ID2	1.0	1.6220456448204292	-0.12451671699497767	green	0.12451671699497767
S1PR3	1.0	1.1221395570643922	-0.12450167824971455	green	0.12450167824971455
PLAUR	1.0	0.9200501753389841	-0.12449566185162303	green	0.12449566185162303
GALNT12	1.0	-0.2793280215602318	-0.12444054113621356	green	0.12444054113621356
TNFAIP6	1.0	1.7187411218152817	-0.1244018191715697	green	0.1244018191715697
RAMP1	1.0	0.8404024684735281	-0.1243697234865391	green	0.1243697234865391
TUBB3	1.0	2.998208319429841	-0.12431472142883887	green	0.12431472142883887
GBP3	1.0	1.2758803037011333	-0.1241810289314416	green	0.1241810289314416
AEBP1	1.0	0.43381578960230327	-0.1240923189623766	green	0.1240923189623766
CALB2	1.0	-1.678906532042356	-0.1240803074984112	green	0.1240803074984112
NABP1	1.0	0.6633051615763123	-0.12403536263682713	green	0.12403536263682713
THBD	1.0	-0.9693433931884581	-0.1239282454282667	green	0.1239282454282667
ARMC9	1.0	0.06684253207014965	-0.12348165452149665	green	0.12348165452149665
SYNPO2	1.0	1.1646672501629614	-0.1232535267652195	green	0.1232535267652195
FGFBP2	1.0	-2.2103552112324407	0.12317765802806564	green	0.12317765802806564
THBS2	1.0	2.394023898006016	-0.12301373442351521	green	0.12301373442351521
MT1F	1.0	2.3914867187798703	-0.12239255316061563	green	0.12239255316061563
CENPE	1.0	-0.6518159533558946	-0.1223188288175934	green	0.1223188288175934
NUSAP1	1.0	2.6969404369793817	-0.12230385140285907	green	0.12230385140285907
ID1	1.0	2.273374200090077	-0.12219295757583445	green	0.12219295757583445
IFIT3	1.0	0.569937605630182	-0.12211441012732092	green	0.12211441012732092
PTGES	1.0	1.7017893816101588	-0.12202983563113155	green	0.12202983563113155
DUSP6	1.0	0.9683065376862872	-0.1219818590377841	green	0.1219818590377841
NREP	1.0	1.8510198873032158	-0.12187110039067232	green	0.12187110039067232
DBF4	1.0	0.17176017698909046	-0.1214969236837645	green	0.1214969236837645
ASS1	1.0	5.861354335713202	-0.12141752991219189	green	0.12141752991219189
MYH9	1.0	4.274469015234963	-0.12096294446391534	green	0.12096294446391534
SOD2	1.0	4.008476608889823	-0.12096138263564896	green	0.12096138263564896
MND1	1.0	-0.36149931276909497	-0.12092948083691585	green	0.12092948083691585
TUBB6	1.0	6.486467475556141	-0.12054738557771451	green	0.12054738557771451
RASSF4	1.0	1.6140165715014436	-0.12052555152127982	green	0.12052555152127982
VGLL3	1.0	1.2824224255813998	-0.12049037155899892	green	0.12049037155899892
EMP1	1.0	1.0796935534660084	-0.12003339864495251	green	0.12003339864495251
DCLK1	1.0	-0.4839826263702557	-0.12000927886630454	green	0.12000927886630454
TUBA1C	1.0	4.551275288906706	-0.11980567877417686	green	0.11980567877417686
FOXC1	1.0	-0.06318753544756323	-0.11970981128168204	green	0.11970981128168204
FZD1	1.0	-0.11761164451437658	-0.11934549391598195	green	0.11934549391598195
LOXL2	1.0	3.987823808471525	-0.1191189644852595	green	0.1191189644852595
SSX2IP	1.0	0.7995940857435212	-0.11879699508355991	green	0.11879699508355991
LINC00472	1.0	0.10459995336870842	-0.11873125878071883	green	0.11873125878071883
ZFP36L2	1.0	3.4865365099486394	-0.1186928276002158	green	0.1186928276002158
AC007952.4	1.0	2.1673628846078166	-0.1185816830214382	green	0.1185816830214382
HMGA2	1.0	0.7183892766732344	-0.11856874025311269	green	0.11856874025311269
PIM1	1.0	0.599397583584914	-0.11853597032804747	green	0.11853597032804747
GRAMD2B	1.0	1.6834213315396973	-0.11849510080643229	green	0.11849510080643229
HTRA3	1.0	1.496255635791478	-0.1182117318569158	green	0.1182117318569158
RASD1	1.0	4.398528828453493	-0.11788664294539497	green	0.11788664294539497
LMO7	1.0	2.8907593219717613	-0.11785585453848756	green	0.11785585453848756
COL4A2	1.0	4.354959555151922	-0.11782028870879026	green	0.11782028870879026
TIPARP	1.0	1.9668027454947365	-0.11780550275717593	green	0.11780550275717593
CDKN2C	1.0	0.07619442175253571	-0.11773983036449241	green	0.11773983036449241
NFXL1	1.0	0.5318383054273396	-0.11770499608724515	green	0.11770499608724515
DDIT4	1.0	3.9507029958291544	-0.1177021635872496	green	0.1177021635872496
SCRG1	1.0	0.3867467659462195	-0.1176831679903173	green	0.1176831679903173
GLS	1.0	3.1685252881010353	-0.11765995484194285	green	0.11765995484194285
ZNF189	1.0	0.9174806486221426	-0.11755423287134562	green	0.11755423287134562
MME	1.0	1.9656788783405075	-0.11754959951979721	green	0.11754959951979721
EGR3	1.0	-0.01650183743738632	-0.117542956830681	green	0.117542956830681
GJB2	1.0	-2.309992904342773	-0.11733298812507882	green	0.11733298812507882
COBLL1	1.0	1.255305981725475	-0.11715049340426185	green	0.11715049340426185
C5orf30	1.0	-0.14270289248117632	-0.11706638307179902	green	0.11706638307179902
SLC7A11	1.0	3.0297200407352776	-0.11698639547934088	green	0.11698639547934088
U2AF1	1.0	1.6219301464773155	-0.11696562379644047	green	0.11696562379644047
RNF212	1.0	-0.2741383274833419	-0.11686619157738751	green	0.11686619157738751
ABHD5	1.0	1.491867887630653	-0.11677507073464687	green	0.11677507073464687
TOB1	1.0	0.6739963409933912	-0.11667219461442598	green	0.11667219461442598
ATAD2	1.0	-0.4262628178162874	-0.1166715025984927	green	0.1166715025984927
FLNC	1.0	1.9576816217621487	-0.11656558534611086	green	0.11656558534611086
ELOVL5	1.0	3.3948944206537157	-0.1161265736813336	green	0.1161265736813336
COL8A1	1.0	0.44585408653542	-0.11588980056787394	green	0.11588980056787394
ENAH	1.0	1.8890173928187972	-0.11522835875095472	green	0.11522835875095472
XAF1	1.0	0.17486178306748512	-0.11516796715007051	green	0.11516796715007051
CSRP1	1.0	5.958908159392949	-0.11514787529838551	green	0.11514787529838551
LINC01133	1.0	0.041689816301915365	-0.11452493830911298	green	0.11452493830911298
NBL1	1.0	1.4686748213374559	-0.11424542942517585	green	0.11424542942517585
SDC1	1.0	1.8129440918495088	-0.11420607210490767	green	0.11420607210490767
PDIA4	1.0	10.290231798692064	-0.11402006140138934	green	0.11402006140138934
INSC	1.0	-2.2226361246755544	0.11392685262034596	green	0.11392685262034596
MCM5	1.0	0.5543866493424195	-0.11391764891431835	green	0.11391764891431835
COL5A1	1.0	3.7157150196075985	-0.11356934669973648	green	0.11356934669973648
MANF	1.0	10.954064619720603	-0.11348743314499873	green	0.11348743314499873
ITGA11	1.0	0.056118722806628545	-0.11324265212643023	green	0.11324265212643023
EPB41L3	1.0	3.6081644450398964	-0.11280392738074342	green	0.11280392738074342
HMOX1	1.0	3.2395157858875465	-0.11274251765314226	green	0.11274251765314226
PODN	1.0	0.33713863697540136	-0.11249341676712345	green	0.11249341676712345
ZNF117	1.0	2.1626481594261233	-0.11237344587938643	green	0.11237344587938643
FST	1.0	-0.07138348528350888	-0.1123730724488284	green	0.1123730724488284
CENPW	1.0	0.1386417283302116	0.11204970512037028	green	0.11204970512037028
TSHZ2	1.0	4.119728253417952	-0.11194129017550816	green	0.11194129017550816
KCTD12	1.0	0.8540647088190699	-0.1117957608376555	green	0.1117957608376555
MT-ND6	1.0	4.614732487511844	-0.11171293775463373	green	0.11171293775463373
LIX1	1.0	-2.4865287696359317	-0.11167506988081588	green	0.11167506988081588
ALDH1A3	1.0	4.923028971635223	-0.11140487463749534	green	0.11140487463749534
ACKR3	1.0	1.3699412454641475	0.11138722119357877	green	0.11138722119357877
CALCRL	1.0	0.3328511328928677	-0.1113670188531478	green	0.1113670188531478
PDLIM7	1.0	2.882471806065373	-0.11131615051166151	green	0.11131615051166151
KITLG	1.0	0.39511604693113844	-0.11125505622795924	green	0.11125505622795924
INHBB	1.0	-1.0646049856526933	-0.1112400592645699	green	0.1112400592645699
PHLDB2	1.0	2.197688094493779	-0.11105928171911682	green	0.11105928171911682
HIST1H3D	1.0	0.47905030825969386	-0.11082860825222363	green	0.11082860825222363
CHCHD10	1.0	3.578875397771193	-0.11068756859935573	green	0.11068756859935573
UCP2	1.0	1.162305301933522	-0.11040498495779891	green	0.11040498495779891
TENT5A	1.0	0.8581220513926369	-0.11037028239808923	green	0.11037028239808923
TRAF5	1.0	0.8055034346024282	-0.11036345246762562	green	0.11036345246762562
GAS7	1.0	-0.5748427467827527	-0.11029643718420769	green	0.11029643718420769
CDH11	1.0	0.9657181030287633	-0.1100908314904799	green	0.1100908314904799
ACSL4	1.0	1.2827285309824936	-0.11008530114971854	green	0.11008530114971854
SYNE1	1.0	1.6667381179321124	-0.10973574258296703	green	0.10973574258296703
AC079601.1	1.0	-0.07977637881362243	-0.10957014161269357	green	0.10957014161269357
SPESP1	1.0	2.78223871955737	-0.109396951363515	green	0.109396951363515
PRC1	1.0	-0.029943320041399338	-0.10937556986854541	green	0.10937556986854541
PNPLA2	1.0	4.035623982324935	-0.10937348687396993	green	0.10937348687396993
TSLP	1.0	0.3863001965788261	-0.10934348300890644	green	0.10934348300890644
EGFL6	1.0	-2.2778638709007875	-0.10910974458727436	green	0.10910974458727436
PLK2	1.0	0.41816985186263234	-0.10869034839691152	green	0.10869034839691152
GLRX	1.0	2.241949106912046	-0.10820640385466945	green	0.10820640385466945
SPDL1	1.0	1.118952966831848	-0.10819269206676319	green	0.10819269206676319
SMC4	1.0	0.029757523981473015	-0.10803760965313831	green	0.10803760965313831
HSPB2	1.0	0.6668986074557163	-0.1079693018334219	green	0.1079693018334219
RRAD	1.0	-1.1563788316255112	0.10765264177737432	green	0.10765264177737432
HMGCS1	1.0	1.4198193094562304	-0.10752427547000154	green	0.10752427547000154
CAPG	1.0	1.5634176957256696	-0.1075178245733248	green	0.1075178245733248
COLEC12	1.0	0.6107352114620493	-0.10730252182905886	green	0.10730252182905886
SQOR	1.0	-0.3028763849949486	-0.10719285538853796	green	0.10719285538853796
HIST1H4H	1.0	1.487511206262229	-0.1071583561446847	green	0.1071583561446847
PNMT	1.0	-2.0680883188632317	0.10706212293608447	green	0.10706212293608447
ACTN1	1.0	6.66888799745809	-0.10700153972544602	green	0.10700153972544602
NUAK1	1.0	0.9620761274251391	-0.10698468015605965	green	0.10698468015605965
AC007405.3	1.0	2.933279819813539	-0.10647964318304784	green	0.10647964318304784
GEM	1.0	0.06672602802804625	-0.1064479737874071	green	0.1064479737874071
CHI3L1	1.0	1.3805098280990165	-0.10640908247604712	green	0.10640908247604712
MANEA-DT	1.0	1.5597906968262696	-0.10636769225426286	green	0.10636769225426286
IL1R1	1.0	3.232596543473196	-0.10633855569842494	green	0.10633855569842494
MIR222HG	1.0	0.816236890379035	-0.10598514300787343	green	0.10598514300787343
ALCAM	1.0	0.8674562597291372	-0.105940066658909	green	0.105940066658909
PLS3	1.0	2.4156588740879625	-0.1057779257977834	green	0.1057779257977834
CDT1	1.0	-0.05949496630715113	-0.10557558784385818	green	0.10557558784385818
AOPEP	1.0	2.1472902260836113	-0.1054295115002836	green	0.1054295115002836
C1orf198	1.0	0.9682418291616203	-0.10532983698854974	green	0.10532983698854974
MCAM	1.0	0.050460895677554164	-0.10514631194309683	green	0.10514631194309683
OSBPL8	1.0	1.762263485070951	-0.10506342730458434	green	0.10506342730458434
BDKRB2	1.0	0.14626086525074344	-0.10496379920727775	green	0.10496379920727775
HSPB7	1.0	0.8927406632884278	-0.10492681330226718	green	0.10492681330226718
CRLF1	1.0	7.45666319450611	-0.10492489067052692	green	0.10492489067052692
TNFRSF12A	1.0	2.524745751277279	-0.1047401898695097	green	0.1047401898695097
COTL1	1.0	3.129180048710558	-0.10455665658398362	green	0.10455665658398362
SCARA5	1.0	1.558671258273884	-0.10455171125931607	green	0.10455171125931607
ST3GAL5	1.0	-0.22004478636954017	-0.10452831772974942	green	0.10452831772974942
GPRC5B	1.0	-0.0864029298055721	-0.10407130536389866	green	0.10407130536389866
ELN	1.0	0.6835906200119984	-0.1039607357036874	green	0.1039607357036874
OSR2	1.0	0.16398022566148251	-0.10365111048680675	green	0.10365111048680675
OSTN	1.0	-2.405909700533679	-0.10341490671001384	green	0.10341490671001384
TES	1.0	0.5521377367738133	-0.10340521996848424	green	0.10340521996848424
HIST1H4C	1.0	3.1183679540570273	-0.10268075736743201	green	0.10268075736743201
CYGB	1.0	1.4860909252012293	-0.10267483152593729	green	0.10267483152593729
LRRC17	1.0	-0.17637593736366278	-0.10251404539595184	green	0.10251404539595184
FRMD3	1.0	0.9679434980399307	0.10229497714862738	green	0.10229497714862738
THBS1	1.0	2.113968072884475	-0.1022932143638753	green	0.1022932143638753
CCND1	1.0	3.4272351780936283	-0.10215143604510245	green	0.10215143604510245
PDK4	1.0	2.8468828020830372	-0.10198906509346518	green	0.10198906509346518
IFI6	1.0	3.2468696853688574	-0.10164868604534354	green	0.10164868604534354
SPHK1	1.0	2.297313273480425	-0.10156609907426054	green	0.10156609907426054
SFRP4	1.0	-0.14332187616835715	-0.10146192246420313	green	0.10146192246420313
MEDAG	1.0	3.0610189919024235	-0.10129970958140544	green	0.10129970958140544
TCEAL3	1.0	2.9870930117114964	-0.10123480444486456	green	0.10123480444486456
ATF5	1.0	2.636820636284563	-0.10121106598599998	green	0.10121106598599998
METRNL	1.0	0.6295684145274004	-0.10116485260134904	green	0.10116485260134904
NID1	1.0	5.172337689936894	-0.10097231577011369	green	0.10097231577011369
SFRP1	1.0	1.9648033449794369	-0.10090656019623377	green	0.10090656019623377
ABI3BP	1.0	0.65899628217653	-0.10086902893114337	green	0.10086902893114337
MYADM	1.0	3.0248719967990887	-0.10070269526212523	green	0.10070269526212523
ADAMTSL1	1.0	0.5150125317971025	-0.10056373304444147	green	0.10056373304444147
MLLT11	1.0	-0.01540581671829995	-0.10052919415468815	green	0.10052919415468815
DUSP2	1.0	-0.3158293699190663	0.10048140296019856	green	0.10048140296019856
NFKBIZ	1.0	1.3887844082634095	-0.10014582623042405	green	0.10014582623042405
NT5E	1.0	0.5343278110572204	-0.1001118840603176	green	0.1001118840603176
LPL	1.0	-0.7657367278387074	0.10006450648390734	green	0.10006450648390734
EHBP1L1	1.0	1.2362937300011831	-0.1000160914960362	green	0.1000160914960362
MYO1B	1.0	1.6805245386106797	-0.09974247547158394	green	0.09974247547158394
UACA	1.0	1.628083393610666	-0.09968206281963368	green	0.09968206281963368
MORF4L2	1.0	2.15499426851292	-0.09933990949049941	green	0.09933990949049941
CHAF1A	1.0	-0.08925948442635556	-0.09923286561321397	green	0.09923286561321397
F10	1.0	0.19473888111617443	-0.09913120841171752	green	0.09913120841171752
TRIB1	1.0	-0.0935242762467853	-0.09905204562158627	green	0.09905204562158627
DDIT3	1.0	6.951363796416373	-0.09854112338553535	green	0.09854112338553535
CAVIN1	1.0	7.269355195503294	-0.09828376502955022	green	0.09828376502955022
PLPP4	1.0	0.8088919771317155	-0.09810840242615036	green	0.09810840242615036
PTGR1	1.0	1.6757574614887802	-0.09785584266157753	green	0.09785584266157753
HIST1H2BC	1.0	1.074502234099641	-0.09782236821096836	green	0.09782236821096836
AHNAK2	1.0	0.14858067688783339	-0.0978042376874126	green	0.0978042376874126
SNAI2	1.0	1.5311401518991312	-0.09768848472204758	green	0.09768848472204758
HERPUD1	1.0	6.282173642965727	-0.09752699009612291	green	0.09752699009612291
GSN	1.0	12.669234476482044	-0.09731669184385411	green	0.09731669184385411
CTNNAL1	1.0	1.9775257689080086	-0.09729085874109752	green	0.09729085874109752
KIFC3	1.0	1.8982866468006507	-0.09682217624340612	green	0.09682217624340612
DCBLD2	1.0	1.2741933916289017	-0.09677629457011444	green	0.09677629457011444
NMB	1.0	-0.07078570423011446	-0.09676124068942686	green	0.09676124068942686
GULP1	1.0	0.6242990270075982	-0.09669587576247411	green	0.09669587576247411
KHDRBS3	1.0	3.2604604024762183	-0.09645810519584198	green	0.09645810519584198
TSTD1	1.0	2.761243373029702	0.096403497531277	green	0.096403497531277
IMPA2	1.0	0.501394634020223	-0.09628896852920558	green	0.09628896852920558
MARCKSL1	1.0	2.7111974040308224	-0.09604256972505584	green	0.09604256972505584
NUAK2	1.0	-0.6979778372209102	-0.09592251019005904	green	0.09592251019005904
GOPC	1.0	2.7001488000315863	-0.09576163002740277	green	0.09576163002740277
NUDT4	1.0	1.1880761717927402	-0.09569712033072335	green	0.09569712033072335
MAPK10	1.0	1.301808749260887	-0.09569426743624496	green	0.09569426743624496
PROSER2	1.0	-0.15777349495672321	-0.09558885183330565	green	0.09558885183330565
PEMT	1.0	1.7540465654549142	-0.09542291709428012	green	0.09542291709428012
BDNF	1.0	0.4769744740731131	-0.09529223348230126	green	0.09529223348230126
INSIG1	1.0	2.845322898188328	-0.09514757173028185	green	0.09514757173028185
FIBIN	1.0	3.281833319014855	-0.09437207494594008	green	0.09437207494594008
SCARA3	1.0	1.2181343517416616	-0.09430230615007888	green	0.09430230615007888
SPRY1	1.0	0.6311127989418909	-0.09423018798390424	green	0.09423018798390424
SKIL	1.0	-0.12648272897171822	-0.09414765025299136	green	0.09414765025299136
HACD2	1.0	0.22575959123605893	-0.0938631041976577	green	0.0938631041976577
ABCA8	1.0	-0.2881251371308554	-0.09378523125228169	green	0.09378523125228169
DKK3	1.0	0.009341574848349951	-0.09371123021758242	green	0.09371123021758242
KCNE4	1.0	0.4329304980946742	-0.09349882859680343	green	0.09349882859680343
STEAP2	1.0	0.5217269289223815	-0.09346044416186053	green	0.09346044416186053
RBP4	1.0	0.03530794365221954	0.09318810022494355	green	0.09318810022494355
RBM3	1.0	2.5800322767454857	-0.09295118327119836	green	0.09295118327119836
CD83	1.0	1.0199924969231247	0.09282615304037567	green	0.09282615304037567
NIBAN1	1.0	2.4653011644210556	-0.09266670283807862	green	0.09266670283807862
FLNB	1.0	1.1313150156650318	-0.09253900166184553	green	0.09253900166184553
SEMA3C	1.0	0.9014385703251936	-0.09253018671750585	green	0.09253018671750585
GCLM	1.0	0.2869139545980671	-0.09193133222288917	green	0.09193133222288917
NRP2	1.0	3.457677622808933	-0.0918861786732841	green	0.0918861786732841
USP53	1.0	0.3174966877064188	-0.0917810813047551	green	0.0917810813047551
PSG5	1.0	1.1791454703484687	-0.09144594801206758	green	0.09144594801206758
HSD11B1	1.0	3.738070119555794	-0.0911520269969091	green	0.0911520269969091
NEXN	1.0	2.574705743505495	-0.09111075399452365	green	0.09111075399452365
SOX4	1.0	3.900591777050643	-0.09101690794433936	green	0.09101690794433936
DNAJC3	1.0	6.223582018489312	-0.09099749361421951	green	0.09099749361421951
SAMHD1	1.0	1.3597290479590152	-0.09089092813789505	green	0.09089092813789505
AC024132.3	1.0	-2.3450899343264378	0.0908477862018232	green	0.0908477862018232
PRG4	1.0	1.0989597178244774	-0.09054006125886327	green	0.09054006125886327
GGH	1.0	0.3586346695975552	-0.0903780937787719	green	0.0903780937787719
BHLHE41	1.0	0.8901062622231622	-0.09024269572309564	green	0.09024269572309564
PDLIM1	1.0	1.0200315869432113	-0.09013006975977092	green	0.09013006975977092
ARHGAP18	1.0	0.5950707215642194	-0.09009645097706265	green	0.09009645097706265
H1FX	1.0	1.0527507774426725	-0.08913481255401219	green	0.08913481255401219
AKAP12	1.0	1.8378193707740709	-0.08906434836683144	green	0.08906434836683144
CRELD2	1.0	9.57691118239514	-0.08904432762470443	green	0.08904432762470443
SNHG15	1.0	0.8419922265165788	-0.08885833201575441	green	0.08885833201575441
ENPP1	1.0	1.8987795835417915	-0.08878265421670183	green	0.08878265421670183
FEN1	1.0	0.2557523498388111	-0.08870458726540435	green	0.08870458726540435
PEG10	1.0	2.083334667157962	-0.08845909230857704	green	0.08845909230857704
BEGAIN	1.0	-2.3825942243731633	-0.08817969724440454	green	0.08817969724440454
SUSD2	1.0	-0.005401679464536548	-0.08806989647618534	green	0.08806989647618534
MGLL	1.0	2.762708266028727	-0.08769817760662563	green	0.08769817760662563
SH2D4A	1.0	0.6436207733383889	-0.0876690529224574	green	0.0876690529224574
TFPI	1.0	0.11771314112336884	-0.08756543277002425	green	0.08756543277002425
RAC2	1.0	0.9487132891638047	-0.08717275783640328	green	0.08717275783640328
JAG1	1.0	0.14792572851625752	-0.08712886015030319	green	0.08712886015030319
COL4A1	1.0	2.3405250818349024	-0.08690365398968457	green	0.08690365398968457
ANK2	1.0	0.17878290860423418	-0.08666908239540182	green	0.08666908239540182
LDB2	1.0	0.4648905427438349	-0.08665555234507241	green	0.08665555234507241
TGFBR3	1.0	1.6126819179354541	-0.08646686286579529	green	0.08646686286579529
AGT	1.0	-0.03784424838767946	-0.08645434289015813	green	0.08645434289015813
MARCKS	1.0	2.2056531481447963	-0.08617911573690903	green	0.08617911573690903
VSIR	1.0	0.3658312882427893	-0.08578771135150354	green	0.08578771135150354
TGFBI	1.0	1.373213469910716	-0.08560436124411384	green	0.08560436124411384
ANGPTL4	1.0	3.1208314452510253	-0.08547547464639481	green	0.08547547464639481
TNC	1.0	0.11413889544691591	-0.08533639442565177	green	0.08533639442565177
SOCS1	1.0	-0.11069148423379929	0.08528121776093092	green	0.08528121776093092
ANKRD37	1.0	0.5863263520865495	-0.08507872742018137	green	0.08507872742018137
BRCA1	1.0	-0.46189156985413093	-0.08500243827626747	green	0.08500243827626747
KLF2	1.0	1.4914897715150648	-0.08427370086314757	green	0.08427370086314757
ARSJ	1.0	0.6768603954766729	-0.08424990820412402	green	0.08424990820412402
PDGFD	1.0	0.5758384763716787	-0.0841920338091031	green	0.0841920338091031
SDF2L1	1.0	9.278277837468393	-0.08404952144492935	green	0.08404952144492935
VKORC1L1	1.0	1.0123103665682218	-0.08403609041815485	green	0.08403609041815485
DUSP1	1.0	0.8320217170401994	-0.08380111192597245	green	0.08380111192597245
CES1	1.0	0.6495787455424514	-0.0837375721064376	green	0.0837375721064376
SP9	1.0	1.3599000980116585	-0.08364469241475515	green	0.08364469241475515
COMP	1.0	2.9004873928330692	-0.08328197743157129	green	0.08328197743157129
RMI2	1.0	-1.1280715493407487	0.08322661840953108	green	0.08322661840953108
FHL2	1.0	1.4361900106113814	-0.08312235133938295	green	0.08312235133938295
NCKAP5	1.0	-1.1637867260090826	0.08304276838271638	green	0.08304276838271638
ABCC2	1.0	0.19301154933187725	-0.08294263371507819	green	0.08294263371507819
PRSS23	1.0	0.24910321661917095	-0.0827965771516981	green	0.0827965771516981
ACSL3	1.0	1.8480259926002895	-0.08278967507527109	green	0.08278967507527109
CYTOR	1.0	1.9155282268459044	-0.08252503649572107	green	0.08252503649572107
PDLIM5	1.0	1.503089505569096	-0.08239297875465844	green	0.08239297875465844
ME1	1.0	1.046608130670498	-0.08165792084021703	green	0.08165792084021703
CFHR1	1.0	-0.9399674540741783	-0.0812057640268069	green	0.0812057640268069
TK1	1.0	1.1097531890255536	0.08095481358571519	green	0.08095481358571519
DAB2	1.0	1.8886577043592208	-0.08069553879407519	green	0.08069553879407519
CCN2	1.0	1.0847684368343096	-0.08043815407673621	green	0.08043815407673621
TINAGL1	1.0	18.015013398162168	0.08037135196175117	green	0.08037135196175117
POSTN	1.0	0.10505250702083802	-0.08016353814706424	green	0.08016353814706424
TMEM45A	1.0	0.692912509059601	-0.07937029923284143	green	0.07937029923284143
LURAP1L	1.0	1.298724641412159	-0.07880771326326484	green	0.07880771326326484
PRIM1	1.0	-0.29367995975364936	-0.0784381185074309	green	0.0784381185074309
ADAMTS1	1.0	-0.06602703207351138	-0.07799452786866647	green	0.07799452786866647
BASP1	1.0	1.7968102027379274	-0.07704564961438437	green	0.07704564961438437
STOM	1.0	1.8322937386053715	-0.07657530472783852	green	0.07657530472783852
COL12A1	1.0	1.4105585583277092	-0.07646687930444004	green	0.07646687930444004
FOXF1	1.0	0.8419745501681702	-0.07627931557824212	green	0.07627931557824212
IGLON5	1.0	-1.9963557947610588	-0.07621514581338014	green	0.07621514581338014
ARHGAP29	1.0	-0.0905769771930233	-0.07619717249308293	green	0.07619717249308293
ID3	1.0	3.183896962200335	-0.07618154472791717	green	0.07618154472791717
MSC	1.0	1.6132835419595626	-0.07580401709574877	green	0.07580401709574877
FLRT3	1.0	1.6086812517366593	0.07562002243218152	green	0.07562002243218152
COL6A2	1.0	10.019723010677188	-0.07541324882655617	green	0.07541324882655617
ANGPT1	1.0	1.4783173936760867	-0.07537791930912587	green	0.07537791930912587
TFPI2	1.0	-0.35050736294519635	-0.07536296787543116	green	0.07536296787543116
RARRES1	1.0	0.3532165356283366	-0.0751815958567546	green	0.0751815958567546
PLK3	1.0	0.12261586805327485	-0.07502059663900469	green	0.07502059663900469
PAFAH1B3	1.0	0.12335603438009246	-0.07468468240814649	green	0.07468468240814649
PROCR	1.0	1.188939923494399	-0.07399766395329244	green	0.07399766395329244
CXCL12	1.0	1.5113531538739646	-0.07395490048644505	green	0.07395490048644505
DACT1	1.0	0.742792032512385	-0.07363390003154059	green	0.07363390003154059
TGM2	1.0	0.7062125963718101	-0.07330649967008467	green	0.07330649967008467
ADIRF	1.0	0.7906693103448325	-0.07289845779114892	green	0.07289845779114892
PTGER3	1.0	0.597415821047434	-0.07266077755284776	green	0.07266077755284776
TPM1	1.0	2.2104450424018727	-0.07218715858112565	green	0.07218715858112565
HSPA5	1.0	9.517344632519032	-0.07211414985196016	green	0.07211414985196016
SOD3	1.0	1.0692151561910586	-0.07194592801104611	green	0.07194592801104611
BRINP1	1.0	-2.2824350531574895	-0.07106690294403228	green	0.07106690294403228
LVRN	1.0	-1.411093869860231	-0.07099449877369522	green	0.07099449877369522
KCNMA1	1.0	0.35925024113033077	-0.07052223927544556	green	0.07052223927544556
PHLDA2	1.0	2.16528291647934	-0.07051239584813686	green	0.07051239584813686
TRPA1	1.0	-1.285966037026786	0.0703337282203868	green	0.0703337282203868
PTGER2	1.0	0.9641749277059471	-0.07021957411225484	green	0.07021957411225484
STC2	1.0	0.33949203347621515	-0.06957498009844887	green	0.06957498009844887
LPIN1	1.0	-0.060916454694114504	-0.06947257058600848	green	0.06947257058600848
HIST1H3F	1.0	-1.764700233177818	0.06936245715689031	green	0.06936245715689031
KIF22	1.0	-0.2084106175673076	-0.06934186190576386	green	0.06934186190576386
CAMP	1.0	-0.17119260122212443	0.0692954910871232	green	0.0692954910871232
CDC42EP5	1.0	0.12373996733589415	-0.0692755726032906	green	0.0692755726032906
MYO10	1.0	1.0172960516300613	-0.06925472023498479	green	0.06925472023498479
COL6A3	1.0	4.319165405385427	-0.06923753539456919	green	0.06923753539456919
MFAP2	1.0	0.10507596803520122	-0.06915710693883326	green	0.06915710693883326
PLAAT4	1.0	-0.6012585302149412	-0.06914720515521493	green	0.06914720515521493
KRT23	1.0	-2.3555761137515208	-0.06906924602865241	green	0.06906924602865241
SERPINE1	1.0	2.9575466788452216	-0.06902239295006003	green	0.06902239295006003
PIK3R1	1.0	1.8561164048657366	-0.06873870969901665	green	0.06873870969901665
MARCH3	1.0	0.18404447921104128	-0.06860542306083252	green	0.06860542306083252
STEAP4	1.0	-1.443803835685008	-0.06839961153758403	green	0.06839961153758403
PALLD	1.0	2.8016251737169107	-0.06834652548278276	green	0.06834652548278276
GLIPR1	1.0	2.22385691817757	-0.06823423102656007	green	0.06823423102656007
CYB5A	1.0	1.262930954368173	-0.06815422177814266	green	0.06815422177814266
L1TD1	1.0	-2.3719711049414665	-0.06811316892041003	green	0.06811316892041003
JAM2	1.0	-1.37254199660622	-0.06807858154448737	green	0.06807858154448737
PLAAT3	1.0	0.6377810152646394	-0.0677262856449322	green	0.0677262856449322
IGFBP4	1.0	5.996128896459728	-0.0676242421118469	green	0.0676242421118469
SPON2	1.0	0.0551066838035995	-0.06757377703786134	green	0.06757377703786134
SLC25A4	1.0	0.8818047110834103	-0.06741413092422942	green	0.06741413092422942
SNCG	1.0	0.14511131344582714	-0.06740465748176723	green	0.06740465748176723
LDHA	1.0	10.358383556182632	-0.06737741997623485	green	0.06737741997623485
GPX3	1.0	3.9626089362678547	-0.0673364515051301	green	0.0673364515051301
CIDEC	1.0	0.7658258402127377	-0.06725096524886943	green	0.06725096524886943
NGEF	1.0	-1.3985761902781524	0.06724629975264633	green	0.06724629975264633
PENK	1.0	-0.22197738231873426	-0.06718706888055198	green	0.06718706888055198
ADM	1.0	1.3505130981290554	-0.0671696876995587	green	0.0671696876995587
FGF5	1.0	2.0578127933913026	-0.06716617407247875	green	0.06716617407247875
FADS1	1.0	2.261057395439988	-0.06686377828253771	green	0.06686377828253771
SCD	1.0	1.0046959396748358	-0.0668260439211412	green	0.0668260439211412
AURKB	1.0	-1.0085398920276658	0.06638338681713442	green	0.06638338681713442
ADAMTS5	1.0	0.6286941137451866	-0.06636865075265477	green	0.06636865075265477
UBE2T	1.0	0.00981875380372143	-0.06631837845391789	green	0.06631837845391789
INMT	1.0	-1.9672062646344575	-0.06629182568820681	green	0.06629182568820681
MOXD1	1.0	0.44433118398037463	-0.06583738755122645	green	0.06583738755122645
RALGPS2	1.0	0.7227825930317687	-0.06575862189096714	green	0.06575862189096714
TMX4	1.0	0.08114960122350254	-0.06556428867230073	green	0.06556428867230073
LINC01503	1.0	-0.37825946351230966	-0.06552395137307938	green	0.06552395137307938
OSR1	1.0	0.5157891000342373	-0.06551569093699654	green	0.06551569093699654
C1QTNF3	1.0	-0.9395786364048021	0.065501929438146	green	0.065501929438146
TP53I11	1.0	1.0788624866714378	-0.06500667983674596	green	0.06500667983674596
ITGBL1	1.0	-0.10337260909420057	-0.06497876798416229	green	0.06497876798416229
LACC1	1.0	-0.4290509443147309	-0.06442280526894639	green	0.06442280526894639
FAR2	1.0	0.9405503388355095	-0.06428829843309115	green	0.06428829843309115
CAMK2N1	1.0	1.5679923058070426	-0.06410142755980387	green	0.06410142755980387
EGFLAM	1.0	-0.5917924974487766	-0.06408080162268434	green	0.06408080162268434
CPA4	1.0	-1.0214158390255534	-0.06394448724550095	green	0.06394448724550095
HAS2	1.0	4.474776494042991	-0.06392514120476453	green	0.06392514120476453
SERPINA3	1.0	-0.33070873895794717	-0.06356682893303578	green	0.06356682893303578
MT1M	1.0	1.3886227186646616	-0.06345334485311482	green	0.06345334485311482
KCNK6	1.0	0.12143388705562741	-0.0632508748546724	green	0.0632508748546724
ITGA6	1.0	1.2955706102882751	-0.06267138447459922	green	0.06267138447459922
NFASC	1.0	-0.3412016606530658	-0.06260798546748321	green	0.06260798546748321
LOX	1.0	0.8509830961778683	-0.06256292914404535	green	0.06256292914404535
RAMP2	1.0	-0.013325608790704463	-0.062480299619367456	green	0.062480299619367456
COL3A1	1.0	2.379389640970441	-0.06247533912690179	green	0.06247533912690179
COL6A1	1.0	10.925975108937203	-0.062395835751619035	green	0.062395835751619035
CCN1	1.0	1.2294597549825226	-0.061823033940151484	green	0.061823033940151484
SPOCD1	1.0	2.1617479017491177	-0.061676187982369755	green	0.061676187982369755
NRCAM	1.0	1.4530866853869229	-0.06162946147227096	green	0.06162946147227096
IL1B	1.0	0.06308308093429688	-0.061600320842319006	green	0.061600320842319006
BST1	1.0	0.5157809491625068	-0.06129625247368501	green	0.06129625247368501
CYP1B1	1.0	3.1980735056638006	-0.061274835907765474	green	0.061274835907765474
CLU	1.0	4.264936954539538	-0.06127332093835281	green	0.06127332093835281
PRSS3	1.0	-0.7634763506052827	0.06124995930546473	green	0.06124995930546473
NR1D1	1.0	-0.25356058882858823	-0.06122738269352541	green	0.06122738269352541
CLDN11	1.0	1.0697096206480572	-0.0611732460352456	green	0.0611732460352456
CD82	1.0	0.23733073330353316	-0.06113298173654886	green	0.06113298173654886
DLGAP1	1.0	-2.2968046597478247	0.06082153916280499	green	0.06082153916280499
RHOQ	1.0	1.1983107690832449	-0.060779059761776395	green	0.060779059761776395
GAS2L3	1.0	-0.9192190423739176	-0.060539108929214804	green	0.060539108929214804
FRMD6	1.0	1.4073916243291196	-0.060479996420559116	green	0.060479996420559116
GALNT14	1.0	-1.3707867238525941	0.060021436183064804	green	0.060021436183064804
HAND2	1.0	0.09399250579451529	-0.059952788420430246	green	0.059952788420430246
PAX8	1.0	-0.25617688935115923	-0.059724741290857024	green	0.059724741290857024
COL1A1	1.0	1.9071265195182847	-0.059642918605061025	green	0.059642918605061025
SEMA7A	1.0	1.27688119938753	-0.059387549022086344	green	0.059387549022086344
TAFA5	1.0	-0.5051606990986814	0.059072381047489936	green	0.059072381047489936
SLC2A5	1.0	-0.049731615589875384	-0.058922110925462505	green	0.058922110925462505
ACTG1	1.0	2.870699003391325	-0.05821593281170633	green	0.05821593281170633
IL17RE	1.0	3.127319110740839	-0.05776517917867641	green	0.05776517917867641
C12orf75	1.0	2.07058743635108	-0.057717437740032386	green	0.057717437740032386
CDKN1C	1.0	1.8171136481690007	-0.057683811491276084	green	0.057683811491276084
ASPM	1.0	-0.9303786460781123	-0.05738495244928387	green	0.05738495244928387
CTHRC1	1.0	0.7492405467251123	-0.05732645673882172	green	0.05732645673882172
BEND5	1.0	-2.1166667678400914	0.05713284532464499	green	0.05713284532464499
MYLK	1.0	2.5304261668554022	-0.056909798993472496	green	0.056909798993472496
NEFM	1.0	-0.024955138639386823	-0.056240871873225705	green	0.056240871873225705
TPM2	1.0	3.396941517213527	-0.055296715157381875	green	0.055296715157381875
JCAD	1.0	-0.7883956045171471	-0.055213741604772555	green	0.055213741604772555
ANXA2	1.0	3.526261109557591	-0.05477201463339648	green	0.05477201463339648
KLF4	1.0	0.9714477598194758	-0.05470767812340022	green	0.05470767812340022
CXCL2	1.0	1.8366346205847766	0.05455229849451061	green	0.05455229849451061
HSP90B1	1.0	7.138974937463303	-0.054514336281285956	green	0.054514336281285956
ISLR	1.0	-0.06928816265277007	-0.05436707631109757	green	0.05436707631109757
G0S2	1.0	0.6840822116754947	-0.05408889384781581	green	0.05408889384781581
SLC6A6	1.0	-0.6095864595384816	-0.05394218507328234	green	0.05394218507328234
CCND2	1.0	2.162757397145745	0.05386555685973562	green	0.05386555685973562
MGST1	1.0	3.8474983578420803	-0.05384184889487815	green	0.05384184889487815
ACTB	1.0	5.466022942258008	-0.05350034645047925	green	0.05350034645047925
PIMREG	1.0	-1.9396854582183756	-0.05347210204542483	green	0.05347210204542483
SPARC	1.0	6.752703904776193	-0.053447325448990765	green	0.053447325448990765
ORC6	1.0	2.1262431556033268	-0.05342075590680362	green	0.05342075590680362
EFEMP1	1.0	0.5774085099359644	-0.05315724484179289	green	0.05315724484179289
DBP	1.0	-0.09236793595483789	0.053026132084797305	green	0.053026132084797305
POC1A	1.0	0.7675610787605228	-0.05287764276466085	green	0.05287764276466085
MYL9	1.0	3.192945445960592	-0.05273157971653738	green	0.05273157971653738
PRR11	1.0	-0.8430517724014693	-0.05245136409383357	green	0.05245136409383357
IRF1	1.0	1.5684676455393207	-0.05244032205485906	green	0.05244032205485906
TPD52L1	1.0	1.4015519110350043	-0.051998201989403636	green	0.051998201989403636
PRSS12	1.0	0.4542532673731122	-0.05193452582815285	green	0.05193452582815285
MEST	1.0	0.19319070856099305	-0.05177270826011572	green	0.05177270826011572
ARNTL2	1.0	0.3111062929877001	-0.05158049056349915	green	0.05158049056349915
DNAJC9	1.0	-0.14645560938489266	-0.051350684449712185	green	0.051350684449712185
CCL2	1.0	-0.1045165639374343	-0.05115424792371536	green	0.05115424792371536
DPP4	1.0	-0.46329938208748567	-0.05093516504705513	green	0.05093516504705513
MAGI1	1.0	0.7160985418467091	-0.05050101140522399	green	0.05050101140522399
STEAP3	1.0	0.8973135538408311	-0.050433700981486244	green	0.050433700981486244
GPAM	1.0	0.34123173940150464	-0.0503883878404274	green	0.0503883878404274
DAAM2	1.0	0.04053196898472726	-0.05035134240078573	green	0.05035134240078573
COL15A1	1.0	-0.05080121096750769	-0.05019466709342405	green	0.05019466709342405
SGO2	1.0	0.5582391550827218	-0.04996638607582799	green	0.04996638607582799
TNFAIP2	1.0	0.1711078202046613	-0.049746560827455974	green	0.049746560827455974
REN	1.0	-1.9860361246165772	0.04970221128386507	green	0.04970221128386507
CDC42EP3	1.0	2.09531522924988	-0.04966057880045892	green	0.04966057880045892
TGFB2	1.0	-0.023462120944855683	-0.049640437684645836	green	0.049640437684645836
SLC14A1	1.0	-1.4901276365039693	-0.04962314509330514	green	0.04962314509330514
CD9	1.0	0.6796892606300805	-0.04953198699530328	green	0.04953198699530328
PI16	1.0	1.21920180615895	-0.04950842415502815	green	0.04950842415502815
BMP4	1.0	0.6764104638123088	-0.04924636469853276	green	0.04924636469853276
MASP1	1.0	-0.4349985701859479	-0.04913536277053718	green	0.04913536277053718
GGT5	1.0	-0.07496682800003585	-0.04898851339974526	green	0.04898851339974526
CRABP2	1.0	3.010679328913704	-0.04874281315182297	green	0.04874281315182297
DBNDD2	1.0	0.24950517897425295	0.04855478506481847	green	0.04855478506481847
OGN	1.0	0.3694838161017181	-0.04855366590027452	green	0.04855366590027452
PLIN2	1.0	3.871629408734248	-0.04820206003990586	green	0.04820206003990586
IER2	1.0	0.32704298552742955	-0.04806880544973079	green	0.04806880544973079
TIMP3	1.0	2.4656854842059888	-0.04790410357082017	green	0.04790410357082017
RASL10B	1.0	1.8217151506641511	-0.04738469930046334	green	0.04738469930046334
MIR4435-2HG	1.0	2.1416977457454687	-0.04713037621647141	green	0.04713037621647141
DCN	1.0	5.103830911109831	-0.045879939700946365	green	0.045879939700946365
KIAA0408	1.0	1.699728798919558	-0.045757773329490235	green	0.045757773329490235
IL33	1.0	-0.36667957181154376	-0.04489137682173846	green	0.04489137682173846
ARHGAP22	1.0	-0.22811678818888514	-0.044841204748300625	green	0.044841204748300625
KAZALD1	1.0	-0.29216930535166913	-0.044432991390730064	green	0.044432991390730064
PLAU	1.0	0.3328422557598488	-0.04424144649734451	green	0.04424144649734451
FN1	1.0	0.9952203155362921	-0.04413995374140558	green	0.04413995374140558
CHAC1	1.0	2.2066593782259276	-0.04413156085764919	green	0.04413156085764919
AKR1C1	1.0	5.442863012650788	-0.044034291019730894	green	0.044034291019730894
SLC27A2	1.0	-2.257917970382564	0.04368161025941238	green	0.04368161025941238
FILIP1L	1.0	2.2539330828739765	-0.04346786636706291	green	0.04346786636706291
CITED4	1.0	0.5207765771903162	-0.042883207388948304	green	0.042883207388948304
STAR	1.0	2.413609292770897	0.04266840454631619	green	0.04266840454631619
FLRT2	1.0	-0.3242408923443513	-0.04176772992256382	green	0.04176772992256382
COL14A1	1.0	0.544263981648364	-0.041516042742461366	green	0.041516042742461366
MT1E	1.0	1.220198806217828	-0.041022007435569885	green	0.041022007435569885
MT1X	1.0	1.7551206779509156	-0.040545943728243224	green	0.040545943728243224
C3orf80	1.0	-1.217605207798455	0.04043286232361428	green	0.04043286232361428
PTGIS	1.0	-0.37927186903499377	-0.040326122279961414	green	0.040326122279961414
SSPN	1.0	0.2905582877510767	0.04005272736447861	green	0.04005272736447861
SLC16A4	1.0	0.2534272735777479	-0.03997299103685052	green	0.03997299103685052
KDR	1.0	-2.3270167352529985	-0.039543337918742046	green	0.039543337918742046
VIM	1.0	6.952854908038221	-0.03911698247875344	green	0.03911698247875344
C21orf58	1.0	-0.4225098441026919	-0.038946929487398786	green	0.038946929487398786
AKR1C2	1.0	1.9538963088638397	-0.038638079270380404	green	0.038638079270380404
APOE	1.0	-9.910121553109719e-05	0.03823268888948179	green	0.03823268888948179
DKK1	1.0	0.38773047457970705	0.03639370188593978	green	0.03639370188593978
IFI30	1.0	0.7765540226283122	-0.036249737955095535	green	0.036249737955095535
MET	1.0	0.8772010064490333	0.03596597628847917	green	0.03596597628847917
LINC01914	1.0	1.2505451021697302	-0.03585968613048716	green	0.03585968613048716
LY6K	1.0	0.08159958873076487	-0.0357983269133145	green	0.0357983269133145
NYNRIN	1.0	0.13024897508405395	0.03480352904534165	green	0.03480352904534165
MMP23B	1.0	-0.3253323103707716	-0.03408792282556411	green	0.03408792282556411
CDK1	1.0	2.2986273014795855	0.03366266661434832	green	0.03366266661434832
FAM107B	1.0	0.2579301668486945	0.033290362971377274	green	0.033290362971377274
EGR2	1.0	-0.254139739142038	-0.032661230870627285	green	0.032661230870627285
LINC00842	1.0	-0.6452489623651511	-0.032594494142875526	green	0.032594494142875526
IFI27	1.0	-0.2899830325462304	-0.03258691356634771	green	0.03258691356634771
RPL41	1.0	2.578081361330477	-0.03237375694856221	green	0.03237375694856221
CFD	1.0	2.817006259137566	-0.03235951997470437	green	0.03235951997470437
SLC40A1	1.0	-0.14348946454210712	-0.03227423297153905	green	0.03227423297153905
NUF2	1.0	-1.9836207413045284	0.03225360267069759	green	0.03225360267069759
LIMS2	1.0	-0.6942272781654498	-0.031417995747566076	green	0.031417995747566076
ADH1C	1.0	-1.8539166394515003	0.0314001517828991	green	0.0314001517828991
IGFBP7	1.0	1.268117112147026	-0.031177521596517273	green	0.031177521596517273
GDF15	1.0	6.580126352663357	-0.031129202731015992	green	0.031129202731015992
SH3RF1	1.0	0.7522803400012817	-0.030567157828706244	green	0.030567157828706244
UCHL1	1.0	1.2781324317407923	0.03041951933378072	green	0.03041951933378072
SPECC1	1.0	1.537497436093576	0.030017370127096304	green	0.030017370127096304
HIST1H2BL	1.0	18.370210440609586	-0.029909059736046087	green	0.029909059736046087
LPXN	1.0	0.5136823397231366	-0.02973384900554265	green	0.02973384900554265
PPP1R14B-AS1	1.0	-0.2827910485712536	-0.02924510933129358	green	0.02924510933129358
C14orf180	1.0	-1.7240773965630907	0.029201481106135886	green	0.029201481106135886
TMEM233	1.0	-1.0121324188781793	0.029151088953735277	green	0.029151088953735277
SBSN	1.0	0.1578887436627282	-0.028721761233305512	green	0.028721761233305512
KRT34	1.0	-2.3690311064771303	0.028276808031433818	green	0.028276808031433818
TEK	1.0	-1.2394341554549178	0.02811790092213468	green	0.02811790092213468
MT2A	1.0	2.9658179762591432	-0.02800334167990955	green	0.02800334167990955
LXN	1.0	-0.5073209470057808	-0.02797990493965235	green	0.02797990493965235
IGFBP3	1.0	-0.4760416004961531	-0.027796927137690206	green	0.027796927137690206
IGFBP2	1.0	1.1823195343073185	0.027630026062646584	green	0.027630026062646584
SEMA3B	1.0	0.6667439090311077	-0.027381346251693837	green	0.027381346251693837
FTH1	1.0	5.862901667680489	-0.02725156631407307	green	0.02725156631407307
HBEGF	1.0	0.3663384109906934	-0.02709896810402708	green	0.02709896810402708
CBR3	1.0	0.9458376523140736	-0.027088806101935082	green	0.027088806101935082
VTN	1.0	-0.7516067944313581	0.026711931940096276	green	0.026711931940096276
ZNF385D	1.0	-1.0032133526668452	-0.026370420862767394	green	0.026370420862767394
HTR2A	1.0	0.08169385278763841	0.026326567537492167	green	0.026326567537492167
ATF3	1.0	1.2911416960302127	-0.02590807691983151	green	0.02590807691983151
LSP1	1.0	1.1558138931950823	-0.025854721502624637	green	0.025854721502624637
CCN5	1.0	1.4454989403883785	-0.02544221313132749	green	0.02544221313132749
S100A4	1.0	1.7806094888969275	-0.024800334488624093	green	0.024800334488624093
FABP4	1.0	0.25703824362896877	0.02462261526251694	green	0.02462261526251694
SERPINE2	1.0	0.2815004996510805	-0.024558596790957517	green	0.024558596790957517
LRRC32	1.0	0.061039602247636375	-0.0244170526396053	green	0.0244170526396053
FMN2	1.0	2.449925634091499	-0.024224360470814655	green	0.024224360470814655
TIMP1	1.0	2.640930217397713	-0.02410075793404401	green	0.02410075793404401
SGCA	1.0	-0.17765881337030576	0.023589064591144564	green	0.023589064591144564
CCDC34	1.0	0.10252110673911258	-0.023300047460312646	green	0.023300047460312646
POLA2	1.0	0.24245207629012946	-0.022773739104114704	green	0.022773739104114704
S100A1	1.0	-1.6712301261102556	0.022527641197619557	green	0.022527641197619557
LYPD1	1.0	-1.3243511331115547	-0.02220481440507079	green	0.02220481440507079
DOK5	1.0	0.5868936717060361	-0.022194242727243168	green	0.022194242727243168
BDKRB1	1.0	-0.3533340674146016	-0.021930614813420696	green	0.021930614813420696
P3H2	1.0	0.8971539873608925	-0.02169408541028724	green	0.02169408541028724
TSPAN13	1.0	0.9378693772350198	-0.02155136211162709	green	0.02155136211162709
MGP	1.0	1.337494123901684	0.0210231008920024	green	0.0210231008920024
TAGLN	1.0	0.9936602443333163	0.020845507405133114	green	0.020845507405133114
CRYAB	1.0	0.6443256495947655	-0.020781252468807312	green	0.020781252468807312
SYNE2	1.0	-0.2977050097831432	-0.020117346103452786	green	0.020117346103452786
TACC3	1.0	0.23970324858655898	0.01925110213548366	green	0.01925110213548366
GAP43	1.0	0.02087937248622939	-0.01894476445859786	green	0.01894476445859786
HPD	1.0	0.5439780923859884	0.018752573348306222	green	0.018752573348306222
PTX3	1.0	1.18600949605846	-0.018708964334934446	green	0.018708964334934446
NPW	1.0	-0.14430265756695826	-0.01869074165385583	green	0.01869074165385583
BTG2	1.0	-0.6171191041588878	0.01866634832523939	green	0.01866634832523939
KIAA2012-AS1	1.0	-1.405503078401708	-0.01828738192124943	green	0.01828738192124943
MEOX2	1.0	-1.1712472217229613	-0.017939509181298326	green	0.017939509181298326
CRIP1	1.0	0.3311846425262447	-0.017887333827446818	green	0.017887333827446818
TSPAN18	1.0	-1.6058437309015523	-0.016533273341752638	green	0.016533273341752638
PTHLH	1.0	0.06395692069315483	0.01629741869961954	green	0.01629741869961954
PLCL1	1.0	0.01863270455240073	0.01616821209060395	green	0.01616821209060395
AC090204.1	1.0	2.012553217203982	-0.015973504391176604	green	0.015973504391176604
GTSE1	1.0	-1.960799278415301	0.015508075381597366	green	0.015508075381597366
QPRT	1.0	0.6241660594388524	-0.015113026353646922	green	0.015113026353646922
LGR4	1.0	1.7633590043346001	-0.014864239689090548	green	0.014864239689090548
RECQL4	1.0	0.0329076992028755	0.01458398739681971	green	0.01458398739681971
TNNT1	1.0	-1.2252172488795574	-0.013771837090134426	green	0.013771837090134426
CDKN3	1.0	0.42778346625150176	-0.01367564841225945	green	0.01367564841225945
OLFM2	1.0	1.0068659710175063	-0.01354676577306622	green	0.01354676577306622
EDIL3	1.0	-0.38441049228113255	-0.013498913908714025	green	0.013498913908714025
SRGN	1.0	0.8716131476136445	-0.013279461691601156	green	0.013279461691601156
CD36	1.0	1.0764433352000498	-0.013200419662408916	green	0.013200419662408916
PLIN5	1.0	-0.7911040253316503	-0.01278823161374442	green	0.01278823161374442
CXCL1	1.0	0.5087959886915009	-0.012755437268214233	green	0.012755437268214233
PLA2G2A	1.0	0.2044614532639214	0.011768418053777718	green	0.011768418053777718
ARHGAP20	1.0	0.27860775295514323	0.011619012517644132	green	0.011619012517644132
HYMAI	1.0	0.05904050440972648	0.011062801958432724	green	0.011062801958432724
SORBS2	1.0	0.7124629272222155	-0.011016011463164915	green	0.011016011463164915
LYPLAL1-AS1	1.0	-0.29858619705620126	-0.010193148531282921	green	0.010193148531282921
SYNGR2	1.0	0.6925145583858608	-0.0094888014981006	green	0.0094888014981006
HSPB8	1.0	0.5932294010882059	0.009425805508259992	green	0.009425805508259992
AC020558.1	1.0	0.8055230860977027	-0.009098606193787063	green	0.009098606193787063
AC005100.1	1.0	-2.258175207164084	-0.008882206652604682	green	0.008882206652604682
ZWINT	1.0	-0.39944419921599283	-0.008758756273821123	green	0.008758756273821123
PRXL2A	1.0	-0.5254923759720634	0.008681251070063211	green	0.008681251070063211
CARMN	1.0	2.4513524452088444	-0.008380193962627387	green	0.008380193962627387
KRT19	1.0	2.3711040222676827	0.00836045801319711	green	0.00836045801319711
SCUBE3	1.0	2.0746215727901585	-0.008266967106745913	green	0.008266967106745913
ADH1B	1.0	0.5459619567638173	0.00813322360869143	green	0.00813322360869143
BUB1B	1.0	-2.0014030401204432	-0.007926319048785924	green	0.007926319048785924
HELLS	1.0	0.026978597025782362	-0.007814204415108153	green	0.007814204415108153
LMOD1	1.0	0.8006998644942188	0.006666791531112255	green	0.006666791531112255
LINC02055	1.0	-0.45387453476592776	-0.006512029310764903	green	0.006512029310764903
FABP5	1.0	0.06738670664117535	-0.006242997830466292	green	0.006242997830466292
SELENOP	1.0	-0.6252406403905096	-0.00598139114224474	green	0.00598139114224474
CCBE1	1.0	-0.7379990535458515	-0.00527196495519645	green	0.00527196495519645
GPC3	1.0	-0.3930330869252966	-0.005259188514539915	green	0.005259188514539915
CH25H	1.0	-0.3486089869774499	-0.004980594861420793	green	0.004980594861420793
MTSS1	1.0	0.3026264374048987	0.003425379995062338	green	0.003425379995062338
IGFBP5	1.0	0.1857259911798611	0.0032423444191500865	green	0.0032423444191500865
LINC01140	1.0	-0.14673525312113564	-0.0029223266555235754	green	0.0029223266555235754
PER3	1.0	-0.6180465419170339	0.0028386599544831114	green	0.0028386599544831114
CXCL3	1.0	2.599294130683658	-0.002187053838953947	green	0.002187053838953947
NDUFA4L2	1.0	-0.5506363732661569	0.002124279684045665	green	0.002124279684045665
TMEM106C	1.0	0.5732524507224218	-0.001350809814749906	green	0.001350809814749906
APOC1	1.0	2.553598532084284	-5.879381028956215e-05	green	5.879381028956215e-05
CLEC3B	1.0	0.608266904123148	2.4879604762093594e-05	green	2.4879604762093594e-05
CASZ1	1.0	-2.3240674445391303	0.0	green	0.0
IL22RA1	1.0	-2.4025762101839963	0.0	green	0.0
PRPH	1.0	-1.3707867238525941	0.0	green	0.0
PTPRR	1.0	-1.3707867238525941	0.0	green	0.0
KLK1	1.0	-1.3707867238525941	0.0	green	0.0
