orig.ident	nCount_RNA	nFeature_RNA	sample	condition	time	rep	percent.mt	RNA_snn_res.0.5	seurat_clusters	cond.time	time.rep	initial_clusters	fastmnn_clusters	progen_clusters	if_progen_cluster	time.progen_clusters	raw_pseudotime	monocle_pseudotime	pscondition	sample_or_progen_cluster
asc_day0	33416	5329	asc_day0	asc	day0	rep1	1.18206847019392	3	2	asc.day0	day0.rep1	3	2	0	p0	p0	37.6441756172228	0.0339514932741038	white	p0
asc_day0	48183	7213	asc_day0	asc	day0	rep1	0.960919826494822	8	7	asc.day0	day0.rep1	8	7	5	p5	p5	38.9447202961375	0.000576097893655758	white	p5
asc_day0	23530	5020	asc_day0	asc	day0	rep1	0.32299192520187	8	7	asc.day0	day0.rep1	8	7	4	p4	p4	38.7642575464479	0.00520724645777793	white	p4
asc_day0	29176	5090	asc_day0	asc	day0	rep1	0.0651220180970661	3	0	asc.day0	day0.rep1	3	0	2	p2	p2	22.1710964300202	0.431031381415148	white	p2
asc_day0	28929	4542	asc_day0	asc	day0	rep1	0.594559092951709	3	0	asc.day0	day0.rep1	3	0	1	p1	p1	22.4558229070996	0.423724551513895	white	p1
asc_day0	51858	6495	asc_day0	asc	day0	rep1	0.908249450422307	3	2	asc.day0	day0.rep1	3	2	0	p0	p0	36.2787372096094	0.068992232327973	white	p0
asc_day0	50325	6457	asc_day0	asc	day0	rep1	0.206656731246895	3	2	asc.day0	day0.rep1	3	2	0	p0	p0	37.638431315089	0.0340989071676882	white	p0
asc_day0	12129	2564	asc_day0	asc	day0	rep1	2.81144364745651	3	9	asc.day0	day0.rep1	3	9	NA	t3	day0	24.4602016495418	0.372286923798561	white	day0
asc_day0	26794	4673	asc_day0	asc	day0	rep1	0.283645592296783	3	2	asc.day0	day0.rep1	3	2	0	p0	p0	35.2250770659478	0.0960319215147145	white	p0
asc_day0	18614	3912	asc_day0	asc	day0	rep1	1.090576985065	3	4	asc.day0	day0.rep1	3	4	2	p2	p2	25.4627579859275	0.346558692650078	white	p2
asc_day0	10646	3133	asc_day0	asc	day0	rep1	1.57805748637986	3	2	asc.day0	day0.rep1	3	2	3	p3	p3	28.2463472959885	0.275124473352356	white	p3
asc_day0	25417	4643	asc_day0	asc	day0	rep1	0.605893693197466	3	0	asc.day0	day0.rep1	3	0	1	p1	p1	23.2880242165359	0.402368078192469	white	p1
asc_day0	31678	5033	asc_day0	asc	day0	rep1	0.744996527558558	3	2	asc.day0	day0.rep1	3	2	0	p0	p0	35.5789404455566	0.0869508569449378	white	p0
asc_day0	41592	5609	asc_day0	asc	day0	rep1	0.103385266397384	3	2	asc.day0	day0.rep1	3	2	0	p0	p0	34.1410951739604	0.123849746474423	white	p0
asc_day0	19172	4151	asc_day0	asc	day0	rep1	0.959732943876486	3	0	asc.day0	day0.rep1	3	0	1	p1	p1	26.2126550147225	0.327314363534416	white	p1
asc_day0	31668	5234	asc_day0	asc	day0	rep1	0.590501452570418	3	2	asc.day0	day0.rep1	3	2	1	p1	p1	37.6441786217445	0.0339514161701783	white	p1
asc_day0	29939	5444	asc_day0	asc	day0	rep1	0.988676976518922	3	2	asc.day0	day0.rep1	3	2	1	p1	p1	28.4411593550407	0.270125083787999	white	p1
asc_day0	30524	5701	asc_day0	asc	day0	rep1	0.861617088192897	3	4	asc.day0	day0.rep1	3	4	1	p1	p1	24.0427848105833	0.382998937206915	white	p1
asc_day0	29700	5040	asc_day0	asc	day0	rep1	0.198653198653199	3	2	asc.day0	day0.rep1	3	2	0	p0	p0	34.1151752465226	0.12451491995173	white	p0
asc_day0	43879	5925	asc_day0	asc	day0	rep1	0.120786708904032	3	2	asc.day0	day0.rep1	3	2	0	p0	p0	30.312338454344	0.22210570907571	white	p0
asc_day0	27628	4765	asc_day0	asc	day0	rep1	0.63703489213841	3	0	asc.day0	day0.rep1	3	0	2	p2	p2	23.8585100029468	0.387727913199231	white	p2
asc_day0	47256	6278	asc_day0	asc	day0	rep1	0.323768410360589	3	2	asc.day0	day0.rep1	3	2	0	p0	p0	32.8631171075312	0.156646023254554	white	p0
asc_day0	33575	5364	asc_day0	asc	day0	rep1	0.643335815338794	3	2	asc.day0	day0.rep1	3	2	1	p1	p1	37.6441793728749	0.0339513968941968	white	p1
asc_day0	34357	5503	asc_day0	asc	day0	rep1	1.20208400034927	3	4	asc.day0	day0.rep1	3	4	1	p1	p1	23.8585111296424	0.387727884285259	white	p1
asc_day0	27092	5506	asc_day0	asc	day0	rep1	0.01476450612727	3	4	asc.day0	day0.rep1	3	4	1	p1	p1	22.2181842212465	0.42982298490617	white	p1
asc_day0	29601	5352	asc_day0	asc	day0	rep1	0.942535725144421	3	2	asc.day0	day0.rep1	3	2	0	p0	p0	32.333098913031	0.170247683456677	white	p0
asc_day0	46409	6362	asc_day0	asc	day0	rep1	0.187463638518391	3	2	asc.day0	day0.rep1	3	2	0	p0	p0	35.4091022197897	0.0913093522950668	white	p0
asc_day0	22524	5004	asc_day0	asc	day0	rep1	0.865743207245605	3	2	asc.day0	day0.rep1	3	2	0	p0	p0	31.1937084473065	0.199487438078564	white	p0
asc_day0	53301	7032	asc_day0	asc	day0	rep1	0.15384326748091	3	0	asc.day0	day0.rep1	3	0	2	p2	p2	26.2680956941582	0.325891609955606	white	p2
asc_day0	27117	4922	asc_day0	asc	day0	rep1	0.247077479072169	3	2	asc.day0	day0.rep1	3	2	1	p1	p1	37.6441808751358	0.033951358342234	white	p1
asc_day0	25610	4671	asc_day0	asc	day0	rep1	1.35103475204998	3	0	asc.day0	day0.rep1	3	0	1	p1	p1	25.026697958384	0.357749139287419	white	p1
asc_day0	35073	5741	asc_day0	asc	day0	rep1	0.530322470276281	3	2	asc.day0	day0.rep1	3	2	1	p1	p1	37.6025854429214	0.0350188064804517	white	p1
asc_day0	30193	5257	asc_day0	asc	day0	rep1	0.851190673334879	3	2	asc.day0	day0.rep1	3	2	0	p0	p0	33.0980409910564	0.150617258826786	white	p0
asc_day0	16646	3960	asc_day0	asc	day0	rep1	1.19548239817374	3	2	asc.day0	day0.rep1	3	2	3	p3	p3	28.318365995271	0.273276284203373	white	p3
asc_day0	20901	4482	asc_day0	asc	day0	rep1	0.244007463757715	3	0	asc.day0	day0.rep1	3	0	1	p1	p1	25.7353963465782	0.339562075594071	white	p1
asc_day0	27268	5031	asc_day0	asc	day0	rep1	0.440076279888514	3	2	asc.day0	day0.rep1	3	2	0	p0	p0	28.9994305714031	0.255798376772315	white	p0
asc_day0	29689	4977	asc_day0	asc	day0	rep1	0.643335915658998	3	2	asc.day0	day0.rep1	3	2	0	p0	p0	30.4664313025017	0.218151281507058	white	p0
asc_day0	22471	4698	asc_day0	asc	day0	rep1	0.102354145342886	3	0	asc.day0	day0.rep1	3	0	1	p1	p1	23.8585122563381	0.387727855371287	white	p1
asc_day0	29476	4985	asc_day0	asc	day0	rep1	0.729406975166237	3	2	asc.day0	day0.rep1	3	2	0	p0	p0	38.2645748517942	0.0180304179867645	white	p0
asc_day0	15659	3783	asc_day0	asc	day0	rep1	0.0638610383804841	3	0	asc.day0	day0.rep1	3	0	1	p1	p1	24.2062852207851	0.378803086865268	white	p1
asc_day0	31207	5529	asc_day0	asc	day0	rep1	0.483865799339892	3	2	asc.day0	day0.rep1	3	2	4	p4	p4	38.9527342026064	0.000370439986412952	white	p4
asc_day0	15222	3861	asc_day0	asc	day0	rep1	1.2613322822231	3	0	asc.day0	day0.rep1	3	0	1	p1	p1	23.8585126319033	0.387727845733297	white	p1
asc_day0	56169	6997	asc_day0	asc	day0	rep1	1.02191600348947	3	2	asc.day0	day0.rep1	3	2	1	p1	p1	37.6441838796575	0.0339512812383084	white	p1
asc_day0	24035	4674	asc_day0	asc	day0	rep1	0.170584564177242	3	2	asc.day0	day0.rep1	3	2	4	p4	p4	38.957223277258	0.000255238529807578	white	p4
asc_day0	19547	4233	asc_day0	asc	day0	rep1	0.608789072491942	3	2	asc.day0	day0.rep1	3	2	3	p3	p3	28.7983991406742	0.260957371763608	white	p3
asc_day0	19020	4146	asc_day0	asc	day0	rep1	0.378548895899054	3	2	asc.day0	day0.rep1	3	2	0	p0	p0	37.1390364007977	0.0469146934960493	white	p0
asc_day0	22694	4325	asc_day0	asc	day0	rep1	1.1280514673482	3	0	asc.day0	day0.rep1	3	0	1	p1	p1	24.13291594509	0.380685935355444	white	p1
asc_day0	28466	5123	asc_day0	asc	day0	rep1	0.695566640904939	8	2	asc.day0	day0.rep1	8	2	4	p4	p4	37.379821556426	0.040735513417788	white	p4
asc_day0	31098	5401	asc_day0	asc	day0	rep1	1.10939610264326	3	2	asc.day0	day0.rep1	3	2	0	p0	p0	35.8057572678817	0.0811301410197028	white	p0
asc_day0	21251	4972	asc_day0	asc	day0	rep1	0.945837842925039	3	4	asc.day0	day0.rep1	3	4	2	p2	p2	23.8585137585989	0.387727816819324	white	p2
asc_day0	37095	6072	asc_day0	asc	day0	rep1	0.388192478770724	3	2	asc.day0	day0.rep1	3	2	3	p3	p3	28.7983998918046	0.260957352487627	white	p3
asc_day0	51065	6980	asc_day0	asc	day0	rep1	0.659943209634779	3	2	asc.day0	day0.rep1	3	2	3	p3	p3	28.8702224734786	0.259114196232038	white	p3
asc_day0	14017	3334	asc_day0	asc	day0	rep1	0.271099379325105	3	0	asc.day0	day0.rep1	3	0	1	p1	p1	23.0170825248443	0.409321154262721	white	p1
asc_day0	47046	6393	asc_day0	asc	day0	rep1	1.25621731921949	3	0	asc.day0	day0.rep1	3	0	2	p2	p2	26.619292307976	0.316878981606517	white	p2
asc_day0	27303	4686	asc_day0	asc	day0	rep1	0.92297549719811	3	2	asc.day0	day0.rep1	3	2	0	p0	p0	33.1425239828696	0.14947570831834	white	p0
asc_day0	18958	4028	asc_day0	asc	day0	rep1	1.06551323979323	3	0	asc.day0	day0.rep1	3	0	1	p1	p1	23.4131224486896	0.39915772869259	white	p1
asc_day0	69362	7220	asc_day0	asc	day0	rep1	0.472881404803783	3	2	asc.day0	day0.rep1	3	2	0	p0	p0	33.8749397361884	0.130679994686816	white	p0
asc_day0	30663	5033	asc_day0	asc	day0	rep1	0.427224994292796	3	2	asc.day0	day0.rep1	3	2	0	p0	p0	38.2645756029247	0.0180303987107832	white	p0
asc_day0	31359	5511	asc_day0	asc	day0	rep1	1.08740712395166	3	2	asc.day0	day0.rep1	3	2	3	p3	p3	30.2514478711007	0.223668321513128	white	p3
asc_day0	47674	7250	asc_day0	asc	day0	rep1	1.36552418509041	8	7	asc.day0	day0.rep1	8	7	5	p5	p5	38.7642613021	0.00520715007787087	white	p5
asc_day0	42587	6001	asc_day0	asc	day0	rep1	0.80541010167422	3	2	asc.day0	day0.rep1	3	2	0	p0	p0	37.0348198588805	0.0495891639299096	white	p0
asc_day0	85495	8587	asc_day0	asc	day0	rep1	0.0994210187730277	8	7	asc.day0	day0.rep1	8	7	4	p4	p4	38.7642620532305	0.0052071308018895	white	p4
asc_day0	38342	5811	asc_day0	asc	day0	rep1	1.2388503468781	3	2	asc.day0	day0.rep1	3	2	0	p0	p0	37.8224051768645	0.0293776542373025	white	p0
asc_day0	41190	5570	asc_day0	asc	day0	rep1	0.298616168973052	3	2	asc.day0	day0.rep1	3	2	0	p0	p0	33.8749404873188	0.130679975410835	white	p0
asc_day0	17917	4153	asc_day0	asc	day0	rep1	1.01579505497572	3	0	asc.day0	day0.rep1	3	0	1	p1	p1	23.8585152608598	0.387727778267362	white	p1
asc_day0	22611	4766	asc_day0	asc	day0	rep1	1.53465127592765	3	0	asc.day0	day0.rep1	3	0	1	p1	p1	23.8585160119902	0.38772775899138	white	p1
asc_day0	31105	5173	asc_day0	asc	day0	rep1	0.295772383861116	3	2	asc.day0	day0.rep1	3	2	2	p2	p2	37.6441872597444	0.0339511944963921	white	p2
asc_day0	13925	3668	asc_day0	asc	day0	rep1	1.29263913824057	3	0	asc.day0	day0.rep1	3	0	1	p1	p1	25.1921881929994	0.353502224820396	white	p1
asc_day0	29115	3942	asc_day0	asc	day0	rep1	0	3	2	asc.day0	day0.rep1	3	2	0	p0	p0	37.4953200487637	0.0377715184777367	white	p0
asc_day0	32991	5582	asc_day0	asc	day0	rep1	1.02149070958746	3	2	asc.day0	day0.rep1	3	2	1	p1	p1	37.6441876353097	0.0339511848584013	white	p1
asc_day0	33401	5844	asc_day0	asc	day0	rep1	0.712553516361786	3	2	asc.day0	day0.rep1	3	2	0	p0	p0	29.6950914656056	0.237945889448234	white	p0
asc_day0	36105	6143	asc_day0	asc	day0	rep1	1.33222545353829	3	4	asc.day0	day0.rep1	3	4	2	p2	p2	23.8585171386859	0.387727730077408	white	p2
asc_day0	23189	4700	asc_day0	asc	day0	rep1	0.409677002026823	3	2	asc.day0	day0.rep1	3	2	0	p0	p0	37.6441883864401	0.03395116558242	white	p0
asc_day0	35913	5721	asc_day0	asc	day0	rep1	0.428814078467407	3	2	asc.day0	day0.rep1	3	2	3	p3	p3	31.874444962875	0.182017949543986	white	p3
asc_day0	20410	4636	asc_day0	asc	day0	rep1	0.587947084762371	3	0	asc.day0	day0.rep1	3	0	1	p1	p1	22.7204148110875	0.416934427688675	white	p1
asc_day0	35727	5714	asc_day0	asc	day0	rep1	0.570996725165841	3	2	asc.day0	day0.rep1	3	2	1	p1	p1	37.6441891375705	0.0339511463064386	white	p1
asc_day0	35181	5713	asc_day0	asc	day0	rep1	0.588385776413405	3	2	asc.day0	day0.rep1	3	2	0	p0	p0	36.7200764687685	0.0576663067291373	white	p0
asc_day0	20043	4217	asc_day0	asc	day0	rep1	0.593723494486853	3	0	asc.day0	day0.rep1	3	0	2	p2	p2	26.3216189630636	0.324518062171563	white	p2
asc_day0	17185	4254	asc_day0	asc	day0	rep1	0.803025894675589	3	0	asc.day0	day0.rep1	3	0	2	p2	p2	23.7527646121495	0.390441617914446	white	p2
asc_day0	17228	4188	asc_day0	asc	day0	rep1	0.417924309263989	3	4	asc.day0	day0.rep1	3	4	1	p1	p1	24.0662724433152	0.382396182805863	white	p1
asc_day0	34149	5445	asc_day0	asc	day0	rep1	0.568098626606928	3	2	asc.day0	day0.rep1	3	2	1	p1	p1	38.2645763540551	0.0180303794348018	white	p1
asc_day0	44437	5994	asc_day0	asc	day0	rep1	1.0239215068524	3	0	asc.day0	day0.rep1	3	0	1	p1	p1	24.934439059056	0.360116745177749	white	p1
asc_day0	37810	5222	asc_day0	asc	day0	rep1	0.346469188045491	3	2	asc.day0	day0.rep1	3	2	0	p0	p0	35.3522828325833	0.0927674871396695	white	p0
asc_day0	8339	2414	asc_day0	asc	day0	rep1	1.5109725386737	3	0	asc.day0	day0.rep1	3	0	1	p1	p1	20.917016054227	0.463214380630435	white	p1
asc_day0	40778	5814	asc_day0	asc	day0	rep1	0.085830594928638	3	2	asc.day0	day0.rep1	3	2	0	p0	p0	35.7206538317501	0.0833141189138719	white	p0
asc_day0	46394	6096	asc_day0	asc	day0	rep1	0.413846618097168	3	2	asc.day0	day0.rep1	3	2	0	p0	p0	35.479580930249	0.0895006833076655	white	p0
asc_day0	37662	6265	asc_day0	asc	day0	rep1	0.775317295948171	3	0	asc.day0	day0.rep1	3	0	1	p1	p1	24.0603401951504	0.382548419888683	white	p1
asc_day0	26712	4937	asc_day0	asc	day0	rep1	1.07067984426475	3	2	asc.day0	day0.rep1	3	2	0	p0	p0	28.3308162897228	0.27295677691795	white	p0
asc_day0	44377	6200	asc_day0	asc	day0	rep1	0.243369312932375	3	2	asc.day0	day0.rep1	3	2	0	p0	p0	38.2645771051855	0.0180303601588203	white	p0
asc_day0	31667	5131	asc_day0	asc	day0	rep1	0.419995578993905	3	2	asc.day0	day0.rep1	3	2	0	p0	p0	33.0980421177521	0.150617229912814	white	p0
asc_day0	27388	5169	asc_day0	asc	day0	rep1	1.25602453629327	3	4	asc.day0	day0.rep1	3	4	1	p1	p1	24.185724555447	0.379330727588473	white	p1
asc_day0	35064	5634	asc_day0	asc	day0	rep1	0.866986082591832	3	2	asc.day0	day0.rep1	3	2	0	p0	p0	31.9238192955522	0.180750874370436	white	p0
asc_day0	66762	7318	asc_day0	asc	day0	rep1	0.683023276714299	3	2	asc.day0	day0.rep1	3	2	0	p0	p0	31.1168221130416	0.201460543537415	white	p0
asc_day0	40782	5796	asc_day0	asc	day0	rep1	0.674317100681673	3	2	asc.day0	day0.rep1	3	2	0	p0	p0	34.9280085030129	0.103655481784347	white	p0
asc_day0	51673	6373	asc_day0	asc	day0	rep1	0.385114082789852	3	2	asc.day0	day0.rep1	3	2	0	p0	p0	31.037806963818	0.203488279984412	white	p0
asc_day0	30521	5260	asc_day0	asc	day0	rep1	0.0884636807444055	3	2	asc.day0	day0.rep1	3	2	1	p1	p1	37.6441962733096	0.0339509631846152	white	p1
asc_day0	63812	7122	asc_day0	asc	day0	rep1	0.687958377734595	3	2	asc.day0	day0.rep1	3	2	0	p0	p0	33.0980432444477	0.150617200998842	white	p0
asc_day0	21058	4390	asc_day0	asc	day0	rep1	0.484376483996581	3	0	asc.day0	day0.rep1	3	0	1	p1	p1	28.2113613548275	0.276022304574872	white	p1
asc_day0	46976	6185	asc_day0	asc	day0	rep1	0.104308583106267	3	2	asc.day0	day0.rep1	3	2	1	p1	p1	37.64419702444	0.0339509439086337	white	p1
asc_day0	32050	5343	asc_day0	asc	day0	rep1	1.05148205928237	3	2	asc.day0	day0.rep1	3	2	0	p0	p0	37.9139220278969	0.0270290912569591	white	p0
asc_day0	34532	5261	asc_day0	asc	day0	rep1	1.12359550561798	3	2	asc.day0	day0.rep1	3	2	0	p0	p0	28.9223524086796	0.257776405053698	white	p0
asc_day0	47581	6462	asc_day0	asc	day0	rep1	0.691452470523949	3	2	asc.day0	day0.rep1	3	2	0	p0	p0	37.6441981511357	0.0339509149946616	white	p0
asc_day0	50659	6716	asc_day0	asc	day0	rep1	0.797489093744448	3	2	asc.day0	day0.rep1	3	2	0	p0	p0	37.5687960885972	0.0358859301391034	white	p0
asc_day0	34058	5503	asc_day0	asc	day0	rep1	0.933701333020142	3	2	asc.day0	day0.rep1	3	2	1	p1	p1	27.8275113350387	0.285872905161648	white	p1
asc_day0	38491	5917	asc_day0	asc	day0	rep1	0.91969551323686	3	2	asc.day0	day0.rep1	3	2	0	p0	p0	29.697811453155	0.237876087417313	white	p0
asc_day0	26946	5275	asc_day0	asc	day0	rep1	1.73309582127217	11	8	asc.day0	day0.rep1	11	8	6	p6	p6	30.2672628920285	0.223262466501014	white	p6
asc_day0	15744	4184	asc_day0	asc	day0	rep1	1.37830284552846	3	0	asc.day0	day0.rep1	3	0	1	p1	p1	23.8585197676424	0.387727662611473	white	p1
asc_day0	23037	4932	asc_day0	asc	day0	rep1	2.2702608846638	3	4	asc.day0	day0.rep1	3	4	2	p2	p2	28.4174456268086	0.270733640393953	white	p2
asc_day0	54601	7350	asc_day0	asc	day0	rep1	1.27653339682423	3	2	asc.day0	day0.rep1	3	2	4	p4	p4	38.9574923897004	0.000248332397084328	white	p4
asc_day0	51499	6766	asc_day0	asc	day0	rep1	1.3864346880522	3	2	asc.day0	day0.rep1	3	2	2	p2	p2	37.4096687959873	0.0399695547871299	white	p2
asc_day0	31604	5600	asc_day0	asc	day0	rep1	0.585368940640425	3	2	asc.day0	day0.rep1	3	2	3	p3	p3	28.8356827894911	0.260000575322344	white	p3
asc_day0	49265	6427	asc_day0	asc	day0	rep1	0.249670151222978	3	0	asc.day0	day0.rep1	3	0	2	p2	p2	23.8070415530243	0.389048728926389	white	p2
asc_day0	26710	5121	asc_day0	asc	day0	rep1	0.419318607263197	3	2	asc.day0	day0.rep1	3	2	3	p3	p3	28.3092482243463	0.27351027017443	white	p3
asc_day0	31722	5251	asc_day0	asc	day0	rep1	0.573734316877877	3	2	asc.day0	day0.rep1	3	2	0	p0	p0	36.4884690544216	0.0636099618393335	white	p0
asc_day0	33525	6167	asc_day0	asc	day0	rep1	1.37509321401939	8	7	asc.day0	day0.rep1	8	7	4	p4	p4	38.9447323142243	0.000575789477953337	white	p4
asc_day0	45132	5826	asc_day0	asc	day0	rep1	0.589382256492068	3	2	asc.day0	day0.rep1	3	2	1	p1	p1	37.6442000289617	0.0339508668047082	white	p1
asc_day0	19194	4444	asc_day0	asc	day0	rep1	1.05762217359592	3	2	asc.day0	day0.rep1	3	2	1	p1	p1	27.5289080958378	0.293535849258677	white	p1
asc_day0	57472	6767	asc_day0	asc	day0	rep1	0.382795100222717	3	2	asc.day0	day0.rep1	3	2	0	p0	p0	37.6442004045269	0.0339508571667174	white	p0
asc_day0	44516	6214	asc_day0	asc	day0	rep1	0.458262197861443	3	2	asc.day0	day0.rep1	3	2	1	p1	p1	37.6442011556574	0.0339508378907361	white	p1
asc_day0	49155	6407	asc_day0	asc	day0	rep1	0.238022581629539	3	2	asc.day0	day0.rep1	3	2	0	p0	p0	35.7875091470063	0.081598435772696	white	p0
asc_day0	37767	5677	asc_day0	asc	day0	rep1	1.24712050202558	3	2	asc.day0	day0.rep1	3	2	0	p0	p0	35.9811008732197	0.0766303631570375	white	p0
asc_day0	40695	6128	asc_day0	asc	day0	rep1	0.0368595650571323	3	2	asc.day0	day0.rep1	3	2	4	p4	p4	37.7588833580906	0.0310077910955256	white	p4
asc_day0	47609	6524	asc_day0	asc	day0	rep1	0.661639605956857	3	2	asc.day0	day0.rep1	3	2	0	p0	p0	37.7919796590388	0.030158453008426	white	p0
asc_day0	38045	5708	asc_day0	asc	day0	rep1	0.772769089236431	3	2	asc.day0	day0.rep1	3	2	0	p0	p0	34.9094543344794	0.104131630524793	white	p0
asc_day0	22518	4662	asc_day0	asc	day0	rep1	0.195399236166622	3	0	asc.day0	day0.rep1	3	0	1	p1	p1	28.2113628570883	0.276022266022909	white	p1
asc_day0	47848	6357	asc_day0	asc	day0	rep1	0.257064036114362	3	2	asc.day0	day0.rep1	3	2	0	p0	p0	37.0253465546799	0.0498322738194648	white	p0
asc_day0	51673	6906	asc_day0	asc	day0	rep1	0.752810945755036	3	2	asc.day0	day0.rep1	3	2	0	p0	p0	37.2978342931455	0.0428395221246889	white	p0
asc_day0	7502	2460	asc_day0	asc	day0	rep1	2.8792322047454	3	2	asc.day0	day0.rep1	3	2	NA	t3	day0	35.7875095225715	0.0815984261347054	white	day0
asc_day0	47020	6426	asc_day0	asc	day0	rep1	0.435984687367078	3	2	asc.day0	day0.rep1	3	2	4	p4	p4	31.1858343677462	0.199689507659751	white	p4
asc_day0	49902	6992	asc_day0	asc	day0	rep1	0.72542182678049	8	7	asc.day0	day0.rep1	8	7	5	p5	p5	38.7218506279357	0.00629551946766116	white	p5
asc_day0	16765	3734	asc_day0	asc	day0	rep1	1.49120190873844	3	2	asc.day0	day0.rep1	3	2	1	p1	p1	28.2113632326536	0.276022256384919	white	p1
asc_day0	32993	5528	asc_day0	asc	day0	rep1	0.121237838329343	3	2	asc.day0	day0.rep1	3	2	3	p3	p3	29.7110038752403	0.237537535185883	white	p3
asc_day0	11488	3279	asc_day0	asc	day0	rep1	1.93245125348189	3	0	asc.day0	day0.rep1	3	0	1	p1	p1	24.0105887773269	0.383825172058384	white	p1
asc_day0	31615	5506	asc_day0	asc	day0	rep1	0.208761663767199	3	0	asc.day0	day0.rep1	3	0	1	p1	p1	25.9740013675171	0.333438843503157	white	p1
asc_day0	39833	5393	asc_day0	asc	day0	rep1	0.391635076444154	3	2	asc.day0	day0.rep1	3	2	0	p0	p0	34.9094547100447	0.104131620886802	white	p0
asc_day0	30352	4930	asc_day0	asc	day0	rep1	0.247100685292567	3	2	asc.day0	day0.rep1	3	2	0	p0	p0	35.8844863784166	0.0791097450774069	white	p0
asc_day0	38553	5693	asc_day0	asc	day0	rep1	0.440951417529116	3	0	asc.day0	day0.rep1	3	0	2	p2	p2	23.8694964464454	0.387445972177493	white	p2
asc_day0	20681	4382	asc_day0	asc	day0	rep1	0.469029544025918	3	2	asc.day0	day0.rep1	3	2	1	p1	p1	27.1982549821925	0.302021277387835	white	p1
asc_day0	40152	5785	asc_day0	asc	day0	rep1	0.734708109185097	3	0	asc.day0	day0.rep1	3	0	1	p1	p1	23.865197293224	0.387556299750925	white	p1
asc_day0	33082	5479	asc_day0	asc	day0	rep1	1.30584607943897	11	8	asc.day0	day0.rep1	11	8	6	p6	p6	37.4627178323517	0.0386081770567674	white	p6
asc_day0	37782	5546	asc_day0	asc	day0	rep1	0.312318035043142	3	2	asc.day0	day0.rep1	3	2	0	p0	p0	35.4396252580298	0.0905260508937432	white	p0
asc_day0	22243	4557	asc_day0	asc	day0	rep1	0.17084026435283	3	2	asc.day0	day0.rep1	3	2	1	p1	p1	26.0751295085424	0.330843629555087	white	p1
asc_day0	30200	5927	asc_day0	asc	day0	rep1	1.51324503311258	8	7	asc.day0	day0.rep1	8	7	4	p4	p4	38.9447349431808	0.000575722012018387	white	p4
asc_day0	35773	6078	asc_day0	asc	day0	rep1	0.928074245939675	3	2	asc.day0	day0.rep1	3	2	1	p1	p1	25.9732884389948	0.333457139123211	white	p1
asc_day0	23715	4904	asc_day0	asc	day0	rep1	0.387940122285473	3	0	asc.day0	day0.rep1	3	0	1	p1	p1	25.3576744074702	0.349255413520851	white	p1
asc_day0	20131	4546	asc_day0	asc	day0	rep1	1.47036908250956	3	0	asc.day0	day0.rep1	3	0	1	p1	p1	21.9358823311897	0.437067593530578	white	p1
asc_day0	32559	5250	asc_day0	asc	day0	rep1	0.635768911821616	3	2	asc.day0	day0.rep1	3	2	0	p0	p0	35.3591959839543	0.0925900775019446	white	p0
asc_day0	39240	5468	asc_day0	asc	day0	rep1	0.155453618756371	3	2	asc.day0	day0.rep1	3	2	0	p0	p0	36.0102224322649	0.075883027396117	white	p0
asc_day0	23396	4833	asc_day0	asc	day0	rep1	1.03863908360403	3	2	asc.day0	day0.rep1	3	2	3	p3	p3	28.9305318648303	0.257566498706418	white	p3
asc_day0	31172	4990	asc_day0	asc	day0	rep1	0.628769408443475	3	2	asc.day0	day0.rep1	3	2	0	p0	p0	37.1403950422629	0.0468798271844066	white	p0
asc_day0	46454	6809	asc_day0	asc	day0	rep1	0.734059499720153	3	2	asc.day0	day0.rep1	3	2	0	p0	p0	33.0980447467086	0.150617162446879	white	p0
asc_day0	38445	5642	asc_day0	asc	day0	rep1	0.663285212641436	3	2	asc.day0	day0.rep1	3	2	0	p0	p0	33.1115669497143	0.15027014717009	white	p0
asc_day0	20526	4466	asc_day0	asc	day0	rep1	0.652830556367534	3	0	asc.day0	day0.rep1	3	0	1	p1	p1	23.8585231477293	0.387727575869557	white	p1
asc_day0	31604	5302	asc_day0	asc	day0	rep1	0.610682192127579	3	0	asc.day0	day0.rep1	3	0	1	p1	p1	24.102782969493	0.381459226723932	white	p1
asc_day0	19769	4288	asc_day0	asc	day0	rep1	1.15837928069199	3	2	asc.day0	day0.rep1	3	2	1	p1	p1	29.690283940871	0.238069263171121	white	p1
asc_day0	17835	4080	asc_day0	asc	day0	rep1	0.16260162601626	3	2	asc.day0	day0.rep1	3	2	3	p3	p3	28.9051257988987	0.258218485146617	white	p3
asc_day0	8751	2725	asc_day0	asc	day0	rep1	0.52565421094732	3	0	asc.day0	day0.rep1	3	0	1	p1	p1	24.9344398101864	0.360116725901768	white	p1
asc_day0	24710	5085	asc_day0	asc	day0	rep1	0.785107244030757	3	0	asc.day0	day0.rep1	3	0	1	p1	p1	26.0858417950537	0.330568724122354	white	p1
asc_day0	55489	7372	asc_day0	asc	day0	rep1	1.18582061309449	8	7	asc.day0	day0.rep1	8	7	5	p5	p5	38.9447356943113	0.00057570273603702	white	p5
asc_day0	27244	4941	asc_day0	asc	day0	rep1	0.403758625752459	3	0	asc.day0	day0.rep1	3	0	1	p1	p1	26.3201670505952	0.324555322062344	white	p1
asc_day0	42158	5645	asc_day0	asc	day0	rep1	0.713980739124247	3	2	asc.day0	day0.rep1	3	2	0	p0	p0	33.8749408628841	0.130679965772844	white	p0
asc_day0	36366	5493	asc_day0	asc	day0	rep1	0.745201561898477	3	2	asc.day0	day0.rep1	3	2	0	p0	p0	31.1293139206059	0.201139970916393	white	p0
asc_day0	63589	7330	asc_day0	asc	day0	rep1	0.3900045605372	3	2	asc.day0	day0.rep1	3	2	2	p2	p2	29.7110042508055	0.237537525547892	white	p2
asc_day0	13062	3925	asc_day0	asc	day0	rep1	2.98576022048691	8	2	asc.day0	day0.rep1	8	2	NA	t8	day0	38.9513992910304	0.000404697326715997	white	day0
asc_day0	50387	6399	asc_day0	asc	day0	rep1	0.259987695238851	3	2	asc.day0	day0.rep1	3	2	0	p0	p0	34.917247310541	0.103931642272592	white	p0
asc_day0	18294	4045	asc_day0	asc	day0	rep1	0.0218650923800153	3	2	asc.day0	day0.rep1	3	2	0	p0	p0	28.3399447476769	0.272722516689623	white	p0
asc_day0	19797	4525	asc_day0	asc	day0	rep1	0.41925544274385	3	0	asc.day0	day0.rep1	3	0	1	p1	p1	23.8585242744249	0.387727546955585	white	p1
asc_day0	36678	5517	asc_day0	asc	day0	rep1	0.747041823436392	3	2	asc.day0	day0.rep1	3	2	0	p0	p0	33.0980462489694	0.150617123894916	white	p0
asc_day0	30249	5544	asc_day0	asc	day0	rep1	0.604978676981057	3	2	asc.day0	day0.rep1	3	2	3	p3	p3	28.7984077786741	0.260957150089822	white	p3
asc_day0	26289	5071	asc_day0	asc	day0	rep1	0.186389744760166	3	2	asc.day0	day0.rep1	3	2	1	p1	p1	37.6442097936573	0.0339506162169498	white	p1
asc_day0	70671	7565	asc_day0	asc	day0	rep1	0.0863154617877206	3	2	asc.day0	day0.rep1	3	2	0	p0	p0	31.0743913767089	0.202549427775187	white	p0
asc_day0	24560	5541	asc_day0	asc	day0	rep1	1.62459283387622	3	2	asc.day0	day0.rep1	3	2	1	p1	p1	29.7746806705844	0.235903421221459	white	p1
asc_day0	41563	6048	asc_day0	asc	day0	rep1	0.659240189591704	3	2	asc.day0	day0.rep1	3	2	0	p0	p0	37.8201013764814	0.0294367758114463	white	p0
asc_day0	28788	5189	asc_day0	asc	day0	rep1	1.03862720578019	3	2	asc.day0	day0.rep1	3	2	2	p2	p2	28.7984081542393	0.260957140451831	white	p2
asc_day0	79304	7765	asc_day0	asc	day0	rep1	0.00504388177141128	3	2	asc.day0	day0.rep1	3	2	1	p1	p1	37.6442105447877	0.0339505969409685	white	p1
asc_day0	35708	5588	asc_day0	asc	day0	rep1	0.509689705388148	3	2	asc.day0	day0.rep1	3	2	0	p0	p0	34.976683646365	0.102406349646932	white	p0
asc_day0	26305	4811	asc_day0	asc	day0	rep1	1.06063486029272	3	2	asc.day0	day0.rep1	3	2	1	p1	p1	27.752704963482	0.287792633309523	white	p1
asc_day0	32643	5337	asc_day0	asc	day0	rep1	0.796495420151334	3	2	asc.day0	day0.rep1	3	2	0	p0	p0	28.2113681150013	0.27602213109104	white	p0
asc_day0	16661	4595	asc_day0	asc	day0	rep1	1.72858771982474	8	2	asc.day0	day0.rep1	8	2	5	p5	p5	38.7449245040138	0.00570338315004626	white	p5
asc_day0	29614	4979	asc_day0	asc	day0	rep1	0.256635375160397	3	2	asc.day0	day0.rep1	3	2	0	p0	p0	31.9030437539383	0.181284029383753	white	p0
asc_day0	40568	5763	asc_day0	asc	day0	rep1	0.00739499112601065	3	2	asc.day0	day0.rep1	3	2	0	p0	p0	31.8744487185272	0.182017853164079	white	p0
asc_day0	20548	4355	asc_day0	asc	day0	rep1	1.0365972357407	3	2	asc.day0	day0.rep1	3	2	0	p0	p0	27.6532329516049	0.290345346629958	white	p0
asc_day0	34574	5639	asc_day0	asc	day0	rep1	0.598715797998496	3	2	asc.day0	day0.rep1	3	2	0	p0	p0	34.9566523361909	0.10292040572504	white	p0
asc_day0	22168	4298	asc_day0	asc	day0	rep1	0.329303500541321	3	2	asc.day0	day0.rep1	3	2	0	p0	p0	33.5181557516805	0.1398360096561	white	p0
asc_day0	21671	4613	asc_day0	asc	day0	rep1	0.669096949840801	3	4	asc.day0	day0.rep1	3	4	1	p1	p1	25.2222400879744	0.352731014193816	white	p1
asc_day0	35284	5506	asc_day0	asc	day0	rep1	0.83890715338397	3	2	asc.day0	day0.rep1	3	2	0	p0	p0	32.121390986124	0.175680665406664	white	p0
asc_day0	23725	4945	asc_day0	asc	day0	rep1	1.11275026343519	3	4	asc.day0	day0.rep1	3	4	2	p2	p2	18.5697359453839	0.523451758839292	white	p2
asc_day0	45141	6020	asc_day0	asc	day0	rep1	0.717751046720276	3	2	asc.day0	day0.rep1	3	2	0	p0	p0	34.6650545817746	0.110403570666222	white	p0
asc_day0	18510	4079	asc_day0	asc	day0	rep1	1.48568341437061	3	2	asc.day0	day0.rep1	3	2	2	p2	p2	28.7984089053698	0.26095712117585	white	p2
asc_day0	19182	4286	asc_day0	asc	day0	rep1	0.312793243665937	3	2	asc.day0	day0.rep1	3	2	1	p1	p1	27.6975981535935	0.28920681891806	white	p1
asc_day0	30837	5520	asc_day0	asc	day0	rep1	0.324285760612252	3	2	asc.day0	day0.rep1	3	2	1	p1	p1	24.6136983399409	0.368347795205197	white	p1
asc_day0	29858	5246	asc_day0	asc	day0	rep1	1.43010248509612	3	2	asc.day0	day0.rep1	3	2	4	p4	p4	38.1504938134239	0.0209580373317599	white	p4
asc_day0	33409	5760	asc_day0	asc	day0	rep1	0.987757789817115	3	2	asc.day0	day0.rep1	3	2	3	p3	p3	38.9447409522243	0.000575567804167121	white	p3
asc_day0	41894	6382	asc_day0	asc	day0	rep1	1.09084833150332	8	7	asc.day0	day0.rep1	8	7	4	p4	p4	38.7642673111435	0.0052069958700196	white	p4
asc_day0	30078	4898	asc_day0	asc	day0	rep1	0.701509408870271	3	2	asc.day0	day0.rep1	3	2	1	p1	p1	37.6442150515703	0.03395048128508	white	p1
asc_day0	39606	5538	asc_day0	asc	day0	rep1	0.209564207443317	3	2	asc.day0	day0.rep1	3	2	0	p0	p0	35.8911546726081	0.0789386191185989	white	p0
asc_day0	32562	5799	asc_day0	asc	day0	rep1	1.22535470794177	3	2	asc.day0	day0.rep1	3	2	1	p1	p1	27.5320271181681	0.293455806946281	white	p1
asc_day0	31808	5566	asc_day0	asc	day0	rep1	0.179200201207243	3	2	asc.day0	day0.rep1	3	2	2	p2	p2	28.3459332771359	0.272568835280838	white	p2
asc_day0	23651	4505	asc_day0	asc	day0	rep1	1.13314447592068	3	4	asc.day0	day0.rep1	3	4	2	p2	p2	23.6263736109132	0.393685143267466	white	p2
asc_day0	36412	5415	asc_day0	asc	day0	rep1	0.205976051851038	3	2	asc.day0	day0.rep1	3	2	0	p0	p0	35.6067115322109	0.0862381778557392	white	p0
asc_day0	29594	5512	asc_day0	asc	day0	rep1	1.08467932689059	8	2	asc.day0	day0.rep1	8	2	5	p5	p5	28.8392063608743	0.259910151217758	white	p5
asc_day0	21091	4645	asc_day0	asc	day0	rep1	0.184912996064672	3	4	asc.day0	day0.rep1	3	4	1	p1	p1	24.168071436357	0.37978375303149	white	p1
asc_day0	19370	4334	asc_day0	asc	day0	rep1	1.38358286009293	3	0	asc.day0	day0.rep1	3	0	2	p2	p2	23.6775375656573	0.392372141687052	white	p2
asc_day0	31651	5338	asc_day0	asc	day0	rep1	1.56393162933241	3	2	asc.day0	day0.rep1	3	2	0	p0	p0	28.5733429458284	0.266732905359322	white	p0
asc_day0	27393	5012	asc_day0	asc	day0	rep1	0.339502792684262	3	4	asc.day0	day0.rep1	3	4	1	p1	p1	24.9704955921576	0.359191439751626	white	p1
asc_day0	38371	5673	asc_day0	asc	day0	rep1	0.320554585494253	3	2	asc.day0	day0.rep1	3	2	3	p3	p3	28.4707238610229	0.26936638084424	white	p3
asc_day0	23473	4865	asc_day0	asc	day0	rep1	0.545307374430196	3	2	asc.day0	day0.rep1	3	2	1	p1	p1	28.2113703683926	0.276022073263095	white	p1
asc_day0	56739	7240	asc_day0	asc	day0	rep1	0.84421650011456	3	2	asc.day0	day0.rep1	3	2	2	p2	p2	30.2559226603046	0.223553486658668	white	p2
asc_day0	40316	5683	asc_day0	asc	day0	rep1	0.761484274233555	3	2	asc.day0	day0.rep1	3	2	1	p1	p1	37.644218056092	0.0339504041811544	white	p1
asc_day0	37498	5973	asc_day0	asc	day0	rep1	0.248013227372127	3	2	asc.day0	day0.rep1	3	2	0	p0	p0	35.523277759746	0.088379307790946	white	p0
asc_day0	40885	5995	asc_day0	asc	day0	rep1	0.572337042925278	3	2	asc.day0	day0.rep1	3	2	0	p0	p0	34.9094565878707	0.104131572696849	white	p0
asc_day0	38966	6149	asc_day0	asc	day0	rep1	1.67068726582149	3	2	asc.day0	day0.rep1	3	2	0	p0	p0	31.1628775559098	0.200278639801181	white	p0
asc_day0	82050	7903	asc_day0	asc	day0	rep1	0.0536258379037172	3	2	asc.day0	day0.rep1	3	2	0	p0	p0	37.637082523491	0.0341335207058473	white	p0
asc_day0	30052	5394	asc_day0	asc	day0	rep1	0.306136030879808	3	2	asc.day0	day0.rep1	3	2	0	p0	p0	33.1109356043712	0.150286349151298	white	p0
asc_day0	48332	6142	asc_day0	asc	day0	rep1	0.0351733840933543	3	2	asc.day0	day0.rep1	3	2	1	p1	p1	37.6442206850485	0.0339503367152194	white	p1
asc_day0	22223	4496	asc_day0	asc	day0	rep1	0.805471808486703	3	2	asc.day0	day0.rep1	3	2	0	p0	p0	36.1401562452736	0.0725485841795442	white	p0
asc_day0	10429	3299	asc_day0	asc	day0	rep1	0.671205292933167	3	2	asc.day0	day0.rep1	3	2	1	p1	p1	28.4357164193126	0.270264763827372	white	p1
asc_day0	40078	6247	asc_day0	asc	day0	rep1	1.0055391985628	3	2	asc.day0	day0.rep1	3	2	0	p0	p0	36.0662158160707	0.0744460899702016	white	p0
asc_day0	28186	5154	asc_day0	asc	day0	rep1	0.606684169445824	3	2	asc.day0	day0.rep1	3	2	3	p3	p3	28.7984100320654	0.260957092261877	white	p3
asc_day0	18987	4321	asc_day0	asc	day0	rep1	0.874282403749934	3	0	asc.day0	day0.rep1	3	0	1	p1	p1	25.9732903168209	0.333457090933258	white	p1
asc_day0	28776	5225	asc_day0	asc	day0	rep1	0.257158743397276	3	2	asc.day0	day0.rep1	3	2	0	p0	p0	33.2840559407809	0.145843626213942	white	p0
asc_day0	46942	6317	asc_day0	asc	day0	rep1	0.547484129351114	3	2	asc.day0	day0.rep1	3	2	0	p0	p0	36.6934762362045	0.0583489386243949	white	p0
asc_day0	39645	6401	asc_day0	asc	day0	rep1	0.885357548240636	8	7	asc.day0	day0.rep1	8	7	4	p4	p4	38.7642714423608	0.00520688985212192	white	p4
asc_day0	24764	5166	asc_day0	asc	day0	rep1	0.654175415926345	3	0	asc.day0	day0.rep1	3	0	1	p1	p1	22.1029850557242	0.432779298333258	white	p1
asc_day0	27960	5305	asc_day0	asc	day0	rep1	0.393419170243205	3	2	asc.day0	day0.rep1	3	2	3	p3	p3	29.7110053775011	0.23753749663392	white	p3
asc_day0	27725	5217	asc_day0	asc	day0	rep1	0.378719567177637	3	2	asc.day0	day0.rep1	3	2	0	p0	p0	27.3830649220184	0.297278568496762	white	p0
asc_day0	33752	5777	asc_day0	asc	day0	rep1	0.853282768428538	3	2	asc.day0	day0.rep1	3	2	0	p0	p0	36.6603635950762	0.0591986960434716	white	p0
asc_day0	36080	5859	asc_day0	asc	day0	rep1	1.26662971175166	3	2	asc.day0	day0.rep1	3	2	0	p0	p0	30.327434893227	0.2217182947679	white	p0
asc_day0	24802	4829	asc_day0	asc	day0	rep1	0.9636319651641	3	2	asc.day0	day0.rep1	3	2	2	p2	p2	28.7984111587611	0.260957063347905	white	p2
asc_day0	20292	4703	asc_day0	asc	day0	rep1	0.0344963532426572	3	0	asc.day0	day0.rep1	3	0	1	p1	p1	25.3217203966265	0.350178087956322	white	p1
asc_day0	27917	5177	asc_day0	asc	day0	rep1	1.54744420962138	3	2	asc.day0	day0.rep1	3	2	3	p3	p3	31.874450220788	0.182017814612117	white	p3
asc_day0	19809	4831	asc_day0	asc	day0	rep1	1.7921146953405	3	0	asc.day0	day0.rep1	3	0	1	p1	p1	23.2448022251753	0.403477268114337	white	p1
asc_day0	44565	6045	asc_day0	asc	day0	rep1	0.623807921014249	3	2	asc.day0	day0.rep1	3	2	0	p0	p0	35.2555131515805	0.0952508515458828	white	p0
asc_day0	26934	4677	asc_day0	asc	day0	rep1	1.35887725551348	3	2	asc.day0	day0.rep1	3	2	0	p0	p0	31.426422625837	0.193515380489916	white	p0
asc_day0	25825	4854	asc_day0	asc	day0	rep1	0.371732817037754	3	0	asc.day0	day0.rep1	3	0	1	p1	p1	25.231147479685	0.352502427106443	white	p1
asc_day0	18495	4046	asc_day0	asc	day0	rep1	0.286563936198973	3	2	asc.day0	day0.rep1	3	2	1	p1	p1	37.6442248162659	0.0339502306973217	white	p1
asc_day0	8808	2178	asc_day0	asc	day0	rep1	2.28201634877384	3	9	asc.day0	day0.rep1	3	9	1	p1	p1	24.6652677241177	0.367024389239734	white	p1
asc_day0	27202	4810	asc_day0	asc	day0	rep1	1.09918388353798	3	0	asc.day0	day0.rep1	3	0	1	p1	p1	23.8792862406187	0.387194740323236	white	p1
asc_day0	42357	6410	asc_day0	asc	day0	rep1	0.597303869490285	3	2	asc.day0	day0.rep1	3	2	1	p1	p1	27.5384433662364	0.29329114915358	white	p1
asc_day0	22660	4628	asc_day0	asc	day0	rep1	0.675198587819947	3	2	asc.day0	day0.rep1	3	2	1	p1	p1	24.5453688139108	0.37010131047029	white	p1
asc_day0	18378	3986	asc_day0	asc	day0	rep1	0.544128849711612	3	2	asc.day0	day0.rep1	3	2	0	p0	p0	28.9627891557378	0.256738691822582	white	p0
asc_day0	36304	5758	asc_day0	asc	day0	rep1	0.283715293080652	3	2	asc.day0	day0.rep1	3	2	5	p5	p5	31.8744509719184	0.182017795336135	white	p5
asc_day0	54073	7242	asc_day0	asc	day0	rep1	0.963512288942726	3	2	asc.day0	day0.rep1	3	2	3	p3	p3	28.5487056200407	0.267365163906539	white	p3
asc_day0	39182	5427	asc_day0	asc	day0	rep1	0.201623194323924	3	2	asc.day0	day0.rep1	3	2	0	p0	p0	35.4638616230708	0.0899040820533478	white	p0
asc_day0	42269	6299	asc_day0	asc	day0	rep1	0.307553999384892	3	2	asc.day0	day0.rep1	3	2	3	p3	p3	38.9447465857025	0.000575423234306593	white	p3
asc_day0	82177	8481	asc_day0	asc	day0	rep1	0.204436764544824	3	2	asc.day0	day0.rep1	3	2	0	p0	p0	37.6244528820469	0.0344576305065653	white	p0
asc_day0	28219	5212	asc_day0	asc	day0	rep1	1.33597930472377	3	2	asc.day0	day0.rep1	3	2	1	p1	p1	37.6442270696572	0.0339501728693775	white	p1
asc_day0	36240	5564	asc_day0	asc	day0	rep1	0.858167770419426	3	2	asc.day0	day0.rep1	3	2	0	p0	p0	32.1870534389874	0.173995594250328	white	p0
asc_day0	20476	4564	asc_day0	asc	day0	rep1	1.03535846845087	3	0	asc.day0	day0.rep1	3	0	1	p1	p1	26.0760584932421	0.330819789365544	white	p1
asc_day0	58045	7254	asc_day0	asc	day0	rep1	0.733913343095874	3	2	asc.day0	day0.rep1	3	2	0	p0	p0	37.6312863039504	0.0342822669365715	white	p0
asc_day0	11307	2772	asc_day0	asc	day0	rep1	0.229946051118776	3	2	asc.day0	day0.rep1	3	2	2	p2	p2	28.8361447439399	0.259988720356785	white	p2
asc_day0	34661	5461	asc_day0	asc	day0	rep1	0.225036784859063	3	2	asc.day0	day0.rep1	3	2	2	p2	p2	34.0917194832701	0.125116856498159	white	p2
asc_day0	21736	4632	asc_day0	asc	day0	rep1	1.25598086124402	3	4	asc.day0	day0.rep1	3	4	1	p1	p1	22.427812373916	0.424443375430501	white	p1
asc_day0	31485	5457	asc_day0	asc	day0	rep1	0.416071144989678	3	2	asc.day0	day0.rep1	3	2	3	p3	p3	28.7984119098915	0.260957044071924	white	p3
asc_day0	23601	4866	asc_day0	asc	day0	rep1	1.43637981441464	3	0	asc.day0	day0.rep1	3	0	1	p1	p1	23.9466701531936	0.385465491985266	white	p1
asc_day0	7672	2469	asc_day0	asc	day0	rep1	1.72054223149114	3	0	asc.day0	day0.rep1	3	0	1	p1	p1	23.8585336635553	0.387727306005817	white	p1
asc_day0	37407	6048	asc_day0	asc	day0	rep1	0.919613975993798	3	2	asc.day0	day0.rep1	3	2	0	p0	p0	37.6442315764398	0.0339500572134891	white	p0
asc_day0	29166	5335	asc_day0	asc	day0	rep1	0.0480010971679353	3	2	asc.day0	day0.rep1	3	2	2	p2	p2	33.8875832038525	0.130355530068945	white	p2
asc_day0	47148	6602	asc_day0	asc	day0	rep1	0.377534571986086	3	2	asc.day0	day0.rep1	3	2	0	p0	p0	30.2672696522024	0.223262293017182	white	p0
asc_day0	48734	6362	asc_day0	asc	day0	rep1	0.496573234292281	3	0	asc.day0	day0.rep1	3	0	2	p2	p2	26.2184498000592	0.327165654109132	white	p2
asc_day0	32033	5218	asc_day0	asc	day0	rep1	1.00521337370836	3	0	asc.day0	day0.rep1	3	0	1	p1	p1	25.0934000565429	0.356037388099741	white	p1
asc_day0	22095	4499	asc_day0	asc	day0	rep1	1.09527042317266	3	0	asc.day0	day0.rep1	3	0	1	p1	p1	26.1986419535773	0.327673975521449	white	p1
asc_day0	25889	4616	asc_day0	asc	day0	rep1	0.942485225385299	3	2	asc.day0	day0.rep1	3	2	2	p2	p2	37.6442327031354	0.033950028299517	white	p2
asc_day0	66573	7687	asc_day0	asc	day0	rep1	0.522734441890857	3	2	asc.day0	day0.rep1	3	2	0	p0	p0	37.417256578532	0.0397748323399905	white	p0
asc_day0	36660	5851	asc_day0	asc	day0	rep1	0.981996726677578	3	2	asc.day0	day0.rep1	3	2	2	p2	p2	37.6442330787006	0.0339500186615262	white	p2
asc_day0	63021	7036	asc_day0	asc	day0	rep1	0.166611129623459	3	2	asc.day0	day0.rep1	3	2	0	p0	p0	37.6348523516258	0.0341907527786642	white	p0
asc_day0	26502	4921	asc_day0	asc	day0	rep1	0.267904309108747	3	2	asc.day0	day0.rep1	3	2	0	p0	p0	38.2645864943159	0.0180301192090527	white	p0
asc_day0	28336	4995	asc_day0	asc	day0	rep1	0.839920948616601	3	2	asc.day0	day0.rep1	3	2	0	p0	p0	27.372060416101	0.297560973047649	white	p0
asc_day0	26862	2482	asc_day0	asc	day0	rep1	4.52684089047725	3	2	asc.day0	day0.rep1	3	2	NA	t3	day0	31.426424503663	0.193515332299962	white	day0
asc_day0	27439	4708	asc_day0	asc	day0	rep1	0.266044680928605	3	0	asc.day0	day0.rep1	3	0	1	p1	p1	25.2311478552502	0.352502417468453	white	p1
asc_day0	31852	5446	asc_day0	asc	day0	rep1	1.15848298380008	3	2	asc.day0	day0.rep1	3	2	1	p1	p1	37.6442364587875	0.0339499319196099	white	p1
asc_day0	58113	6575	asc_day0	asc	day0	rep1	0.37341042451775	3	2	asc.day0	day0.rep1	3	2	0	p0	p0	33.9753244471046	0.128103859109702	white	p0
asc_day0	51524	6535	asc_day0	asc	day0	rep1	0.403695365266672	3	2	asc.day0	day0.rep1	3	2	0	p0	p0	29.6999581527754	0.23782099746173	white	p0
asc_day0	6664	2511	asc_day0	asc	day0	rep1	0.735294117647059	3	2	asc.day0	day0.rep1	3	2	1	p1	p1	27.6541392849719	0.290322087733158	white	p1
asc_day0	54896	7411	asc_day0	asc	day0	rep1	0.628461090061207	8	7	asc.day0	day0.rep1	8	7	4	p4	p4	38.9447525947459	0.000575269026455327	white	p4
asc_day0	29402	5037	asc_day0	asc	day0	rep1	0.421740017685872	3	2	asc.day0	day0.rep1	3	2	1	p1	p1	37.6158500117629	0.0346784027735951	white	p1
asc_day0	19219	3934	asc_day0	asc	day0	rep1	0	3	0	asc.day0	day0.rep1	3	0	1	p1	p1	20.8484579103517	0.464973762830435	white	p1
asc_day0	55256	7175	asc_day0	asc	day0	rep1	0.287751556392066	3	2	asc.day0	day0.rep1	3	2	1	p1	p1	26.3554073425516	0.323650963529772	white	p1
asc_day0	32127	5410	asc_day0	asc	day0	rep1	1.15167927288573	3	2	asc.day0	day0.rep1	3	2	3	p3	p3	38.9447537214416	0.000575240112483222	white	p3
asc_day0	43925	6117	asc_day0	asc	day0	rep1	0.749003984063745	3	2	asc.day0	day0.rep1	3	2	0	p0	p0	35.2872833638717	0.0944355443797944	white	p0
asc_day0	23372	4769	asc_day0	asc	day0	rep1	1.33065206229677	3	4	asc.day0	day0.rep1	3	4	2	p2	p2	28.2113737484796	0.276021986521179	white	p2
asc_day0	26079	4384	asc_day0	asc	day0	rep1	0.322098239963189	3	0	asc.day0	day0.rep1	3	0	1	p1	p1	25.3727852967192	0.348867628378665	white	p1
asc_day0	44421	6857	asc_day0	asc	day0	rep1	1.56457531347786	3	2	asc.day0	day0.rep1	3	2	0	p0	p0	35.8875163090863	0.0790319890912304	white	p0
asc_day0	23446	4679	asc_day0	asc	day0	rep1	0.375330546788365	3	2	asc.day0	day0.rep1	3	2	1	p1	p1	27.3679717447927	0.29766589910187	white	p1
asc_day0	28171	5212	asc_day0	asc	day0	rep1	0.149089489191012	3	2	asc.day0	day0.rep1	3	2	3	p3	p3	38.9447548481372	0.000575211198511116	white	p3
asc_day0	79283	7754	asc_day0	asc	day0	rep1	0.215683059420052	3	2	asc.day0	day0.rep1	3	2	0	p0	p0	38.2645872454463	0.0180300999330714	white	p0
asc_day0	47688	6158	asc_day0	asc	day0	rep1	0.979281999664486	3	2	asc.day0	day0.rep1	3	2	0	p0	p0	36.0528861434975	0.0747881644099611	white	p0
asc_day0	7365	2141	asc_day0	asc	day0	rep1	2.51188051595384	3	9	asc.day0	day0.rep1	3	9	NA	t3	day0	24.6943489011725	0.366278089786842	white	day0
asc_day0	25372	4937	asc_day0	asc	day0	rep1	0.461138262651742	3	0	asc.day0	day0.rep1	3	0	1	p1	p1	23.8585355413814	0.387727257815864	white	p1
asc_day0	33171	5600	asc_day0	asc	day0	rep1	0.476319676826143	3	2	asc.day0	day0.rep1	3	2	0	p0	p0	29.7110061286316	0.237537477357939	white	p0
asc_day0	36081	5574	asc_day0	asc	day0	rep1	0.332585017044982	3	2	asc.day0	day0.rep1	3	2	0	p0	p0	35.9543127175423	0.0773178176534034	white	p0
asc_day0	49287	6118	asc_day0	asc	day0	rep1	0.284050560999858	3	2	asc.day0	day0.rep1	3	2	0	p0	p0	31.4264256303587	0.19351530338599	white	p0
asc_day0	34880	5398	asc_day0	asc	day0	rep1	0.0315366972477064	3	2	asc.day0	day0.rep1	3	2	0	p0	p0	33.4739658088148	0.140970039758173	white	p0
asc_day0	41053	5919	asc_day0	asc	day0	rep1	1.11563101356783	3	2	asc.day0	day0.rep1	3	2	0	p0	p0	35.1531957538345	0.0978765849477705	white	p0
asc_day0	44181	6199	asc_day0	asc	day0	rep1	0.61338584459383	3	2	asc.day0	day0.rep1	3	2	1	p1	p1	37.6442402144397	0.0339498355397029	white	p1
asc_day0	21588	4160	asc_day0	asc	day0	rep1	1.03761348897536	3	2	asc.day0	day0.rep1	3	2	0	p0	p0	36.4970771179647	0.0633890562996263	white	p0
asc_day0	16066	4189	asc_day0	asc	day0	rep1	1.54363251587203	3	4	asc.day0	day0.rep1	3	4	2	p2	p2	23.2448029763058	0.403477248838355	white	p2
asc_day0	26290	4792	asc_day0	asc	day0	rep1	0.665652339292507	3	2	asc.day0	day0.rep1	3	2	1	p1	p1	37.6442409655701	0.0339498162637215	white	p1
asc_day0	26397	4683	asc_day0	asc	day0	rep1	0.13259082471493	3	2	asc.day0	day0.rep1	3	2	0	p0	p0	34.7257181022211	0.108846785257081	white	p0
asc_day0	29008	5105	asc_day0	asc	day0	rep1	0.28957528957529	3	2	asc.day0	day0.rep1	3	2	1	p1	p1	37.6442413411353	0.0339498066257308	white	p1
asc_day0	57731	7131	asc_day0	asc	day0	rep1	1.13457241343472	3	2	asc.day0	day0.rep1	3	2	1	p1	p1	27.6252698061283	0.291062954453427	white	p1
asc_day0	11789	3315	asc_day0	asc	day0	rep1	0.958520654847739	3	2	asc.day0	day0.rep1	3	2	0	p0	p0	30.2672715300285	0.223262244827228	white	p0
asc_day0	35659	5757	asc_day0	asc	day0	rep1	0.818867607055722	3	2	asc.day0	day0.rep1	3	2	0	p0	p0	35.9220446966439	0.0781458998970134	white	p0
asc_day0	39837	5963	asc_day0	asc	day0	rep1	0.951376860707383	3	2	asc.day0	day0.rep1	3	2	0	p0	p0	34.0078946648484	0.127268021700615	white	p0
asc_day0	18192	4330	asc_day0	asc	day0	rep1	1.3797273526825	3	0	asc.day0	day0.rep1	3	0	1	p1	p1	24.2765097691687	0.37700094034488	white	p1
asc_day0	29729	5347	asc_day0	asc	day0	rep1	0.958659894379226	3	2	asc.day0	day0.rep1	3	2	0	p0	p0	32.3901491871395	0.168783623447201	white	p0
asc_day0	66478	7222	asc_day0	asc	day0	rep1	0.377568518908511	3	2	asc.day0	day0.rep1	3	2	3	p3	p3	31.1042351313935	0.201783558575624	white	p3
asc_day0	16080	4099	asc_day0	asc	day0	rep1	1.93407960199005	3	2	asc.day0	day0.rep1	3	2	0	p0	p0	37.5590788773615	0.0361352993243719	white	p0
asc_day0	24383	4700	asc_day0	asc	day0	rep1	0.873559447155805	3	2	asc.day0	day0.rep1	3	2	0	p0	p0	28.2113756263056	0.276021938331226	white	p0
asc_day0	46830	6912	asc_day0	asc	day0	rep1	0.71108263933376	3	2	asc.day0	day0.rep1	3	2	3	p3	p3	28.7984160411089	0.260956938054026	white	p3
asc_day0	38549	5513	asc_day0	asc	day0	rep1	0.184181172014838	3	2	asc.day0	day0.rep1	3	2	0	p0	p0	36.0294811208263	0.0753887988196832	white	p0
asc_day0	28355	5149	asc_day0	asc	day0	rep1	1.40010580144595	3	2	asc.day0	day0.rep1	3	2	1	p1	p1	37.6347324222146	0.0341938304826298	white	p1
asc_day0	21001	4597	asc_day0	asc	day0	rep1	0.604733107947241	11	8	asc.day0	day0.rep1	11	8	6	p6	p6	26.1440781794764	0.329074225404126	white	p6
asc_day0	19042	4018	asc_day0	asc	day0	rep1	0.325596050834996	3	0	asc.day0	day0.rep1	3	0	1	p1	p1	24.094037749375	0.381683652061916	white	p1
asc_day0	24641	4554	asc_day0	asc	day0	rep1	0.779189156284242	3	0	asc.day0	day0.rep1	3	0	1	p1	p1	24.3514451579987	0.375077901274605	white	p1
asc_day0	13611	3615	asc_day0	asc	day0	rep1	1.95430166776872	3	2	asc.day0	day0.rep1	3	2	1	p1	p1	28.5926093805781	0.266238477995334	white	p1
asc_day0	41245	6111	asc_day0	asc	day0	rep1	0.712813674384774	3	2	asc.day0	day0.rep1	3	2	0	p0	p0	29.7109153269161	0.237539807568659	white	p0
asc_day0	21685	4569	asc_day0	asc	day0	rep1	0.894627622780724	3	2	asc.day0	day0.rep1	3	2	2	p2	p2	27.8275135884299	0.285872847333704	white	p2
asc_day0	16497	3703	asc_day0	asc	day0	rep1	0.200036370249136	3	0	asc.day0	day0.rep1	3	0	1	p1	p1	24.0162912851521	0.383678830716629	white	p1
asc_day0	29720	5053	asc_day0	asc	day0	rep1	0.659488559892328	3	2	asc.day0	day0.rep1	3	2	1	p1	p1	27.6066718256287	0.291540227524101	white	p1
asc_day0	26127	4375	asc_day0	asc	day0	rep1	0.57029126956788	3	2	asc.day0	day0.rep1	3	2	1	p1	p1	37.6442450967875	0.0339497102458237	white	p1
asc_day0	55746	6756	asc_day0	asc	day0	rep1	0.523804398521867	3	2	asc.day0	day0.rep1	3	2	0	p0	p0	37.6442458479179	0.0339496909698423	white	p0
asc_day0	9476	3140	asc_day0	asc	day0	rep1	3.47192908400169	3	9	asc.day0	day0.rep1	3	9	NA	t3	day0	24.0102481782282	0.383833912726637	white	day0
asc_day0	29421	5348	asc_day0	asc	day0	rep1	0.0441861255565752	8	7	asc.day0	day0.rep1	8	7	4	p4	p4	38.764275198013	0.00520679347221487	white	p4
asc_day0	32667	5578	asc_day0	asc	day0	rep1	0.220405914225365	3	2	asc.day0	day0.rep1	3	2	0	p0	p0	28.7382601905694	0.262500695318773	white	p0
asc_day0	27658	4583	asc_day0	asc	day0	rep1	0.936437920312387	3	2	asc.day0	day0.rep1	3	2	1	p1	p1	37.6442469746135	0.0339496620558702	white	p1
asc_day0	22257	4489	asc_day0	asc	day0	rep1	0.723367929190816	3	2	asc.day0	day0.rep1	3	2	3	p3	p3	28.3374002561242	0.272787815031918	white	p3
asc_day0	18672	3943	asc_day0	asc	day0	rep1	0.44987146529563	3	0	asc.day0	day0.rep1	3	0	1	p1	p1	20.8739693487489	0.46431907225576	white	p1
asc_day0	32204	5288	asc_day0	asc	day0	rep1	0.530989939137995	3	2	asc.day0	day0.rep1	3	2	3	p3	p3	28.9511108382254	0.257038388150339	white	p3
asc_day0	33171	5633	asc_day0	asc	day0	rep1	0.880286997678695	3	2	asc.day0	day0.rep1	3	2	3	p3	p3	38.9447616083111	0.000575037714678484	white	p3
asc_day0	15944	3945	asc_day0	asc	day0	rep1	0.508028098344205	3	4	asc.day0	day0.rep1	3	4	2	p2	p2	23.9370005640403	0.385713639062711	white	p2
asc_day0	13177	3658	asc_day0	asc	day0	rep1	1.86688927677013	3	0	asc.day0	day0.rep1	3	0	1	p1	p1	24.1161869758029	0.381115244685079	white	p1
asc_day0	36094	5550	asc_day0	asc	day0	rep1	0.667701002936776	3	2	asc.day0	day0.rep1	3	2	1	p1	p1	26.3714378709191	0.323239578030222	white	p1
asc_day0	39967	5979	asc_day0	asc	day0	rep1	0.547952060449871	3	2	asc.day0	day0.rep1	3	2	2	p2	p2	31.1960756741454	0.199426688814826	white	p2
asc_day0	15992	3842	asc_day0	asc	day0	rep1	0.525262631315658	3	0	asc.day0	day0.rep1	3	0	1	p1	p1	24.2535663714527	0.377589728244715	white	p1
asc_day0	46333	6230	asc_day0	asc	day0	rep1	0.086331556342132	3	2	asc.day0	day0.rep1	3	2	1	p1	p1	37.6442484768744	0.0339496235039074	white	p1
asc_day0	25248	4650	asc_day0	asc	day0	rep1	0.633713561470215	3	2	asc.day0	day0.rep1	3	2	2	p2	p2	28.2357445111681	0.275396568683836	white	p2
asc_day0	48489	6202	asc_day0	asc	day0	rep1	0.760997339602796	3	2	asc.day0	day0.rep1	3	2	0	p0	p0	31.0378133484266	0.20348811613857	white	p0
asc_day0	31501	5227	asc_day0	asc	day0	rep1	0.165074124630964	3	2	asc.day0	day0.rep1	3	2	0	p0	p0	33.5655111066749	0.138620746757451	white	p0
asc_day0	39724	6011	asc_day0	asc	day0	rep1	1.15799013191018	3	2	asc.day0	day0.rep1	3	2	1	p1	p1	28.2994908008548	0.273760671311894	white	p1
asc_day0	14634	3275	asc_day0	asc	day0	rep1	0.1093344266776	3	4	asc.day0	day0.rep1	3	4	1	p1	p1	23.6219595294716	0.393798420201155	white	p1
asc_day0	30624	4487	asc_day0	asc	day0	rep1	0.359195402298851	3	2	asc.day0	day0.rep1	3	2	0	p0	p0	33.2416129908755	0.146932823884097	white	p0
asc_day0	11130	2811	asc_day0	asc	day0	rep1	1.16801437556155	3	2	asc.day0	day0.rep1	3	2	2	p2	p2	27.9379717615234	0.283038200235633	white	p2
asc_day0	18945	3861	asc_day0	asc	day0	rep1	0.643969385062022	3	4	asc.day0	day0.rep1	3	4	1	p1	p1	27.9379721370886	0.283038190597642	white	p1
asc_day0	18671	3825	asc_day0	asc	day0	rep1	0.771249531358792	3	2	asc.day0	day0.rep1	3	2	0	p0	p0	30.3794641209056	0.220383088009327	white	p0
asc_day0	23159	4694	asc_day0	asc	day0	rep1	0.20294485944989	3	2	asc.day0	day0.rep1	3	2	1	p1	p1	27.8275139639952	0.285872837695713	white	p1
asc_day0	36259	5565	asc_day0	asc	day0	rep1	0.248214236465429	3	2	asc.day0	day0.rep1	3	2	2	p2	p2	37.64424960357	0.0339495945899353	white	p2
asc_day0	57591	6795	asc_day0	asc	day0	rep1	0.531333020784498	3	2	asc.day0	day0.rep1	3	2	0	p0	p0	35.6041075635996	0.0863050025357124	white	p0
asc_day0	17328	3938	asc_day0	asc	day0	rep1	1.39081255771006	3	2	asc.day0	day0.rep1	3	2	0	p0	p0	37.2501092126133	0.0440642731525837	white	p0
asc_day0	34508	5590	asc_day0	asc	day0	rep1	0.872261504578648	3	2	asc.day0	day0.rep1	3	2	3	p3	p3	28.7984175433697	0.260956899502063	white	p3
asc_day0	18953	4071	asc_day0	asc	day0	rep1	0.801983854798713	3	2	asc.day0	day0.rep1	3	2	1	p1	p1	37.6442507302657	0.0339495656759632	white	p1
asc_day0	31854	5707	asc_day0	asc	day0	rep1	0.52426696804169	3	0	asc.day0	day0.rep1	3	0	1	p1	p1	23.8651086086724	0.387558575629657	white	p1
asc_day0	21886	4543	asc_day0	asc	day0	rep1	0.959517499771543	3	4	asc.day0	day0.rep1	3	4	3	p3	p3	28.2942056104726	0.273896303191003	white	p3
asc_day0	28306	4987	asc_day0	asc	day0	rep1	1.25061824348195	3	2	asc.day0	day0.rep1	3	2	1	p1	p1	28.2113775041317	0.276021890141272	white	p1
asc_day0	27157	4620	asc_day0	asc	day0	rep1	0.788010457708878	3	2	asc.day0	day0.rep1	3	2	0	p0	p0	37.6442514813961	0.0339495463999818	white	p0
asc_day0	24565	4634	asc_day0	asc	day0	rep1	0.496641563199674	3	2	asc.day0	day0.rep1	3	2	3	p3	p3	30.2672737834197	0.223262186999284	white	p3
asc_day0	28174	5447	asc_day0	asc	day0	rep1	0.546603251224533	3	2	asc.day0	day0.rep1	3	2	6	p6	p6	38.9447627350067	0.000575008800706378	white	p6
asc_day0	26300	4862	asc_day0	asc	day0	rep1	0.35361216730038	3	2	asc.day0	day0.rep1	3	2	0	p0	p0	29.6994262427562	0.237834647671128	white	p0
asc_day0	23973	4721	asc_day0	asc	day0	rep1	0.525591290201477	3	4	asc.day0	day0.rep1	3	4	1	p1	p1	23.8585407992944	0.387727122883994	white	p1
asc_day0	34703	5521	asc_day0	asc	day0	rep1	0.461055240180964	3	2	asc.day0	day0.rep1	3	2	0	p0	p0	32.8465751204388	0.157070534129528	white	p0
asc_day0	42756	6000	asc_day0	asc	day0	rep1	0.381233043315558	3	2	asc.day0	day0.rep1	3	2	0	p0	p0	37.6442533592222	0.0339494982100282	white	p0
asc_day0	37556	5684	asc_day0	asc	day0	rep1	2.42038555756737	3	0	asc.day0	day0.rep1	3	0	1	p1	p1	26.6192934346717	0.316878952692544	white	p1
asc_day0	20362	4368	asc_day0	asc	day0	rep1	1.08535507317552	3	2	asc.day0	day0.rep1	3	2	1	p1	p1	27.1409701410338	0.303491357004454	white	p1
asc_day0	16272	4003	asc_day0	asc	day0	rep1	0.952556538839725	3	0	asc.day0	day0.rep1	3	0	2	p2	p2	26.4539617389251	0.321121798635419	white	p2
asc_day0	36299	5552	asc_day0	asc	day0	rep1	0.537204881677181	3	2	asc.day0	day0.rep1	3	2	0	p0	p0	31.8744547275706	0.182017698956228	white	p0
asc_day0	27357	4662	asc_day0	asc	day0	rep1	0.285118982344555	3	2	asc.day0	day0.rep1	3	2	1	p1	p1	37.6442541103526	0.0339494789340469	white	p1
asc_day0	35492	5332	asc_day0	asc	day0	rep1	0.0112701453848755	3	2	asc.day0	day0.rep1	3	2	1	p1	p1	37.644254861483	0.0339494596580655	white	p1
asc_day0	25386	5199	asc_day0	asc	day0	rep1	0.326951863231702	3	2	asc.day0	day0.rep1	3	2	1	p1	p1	27.9379725126538	0.283038180959652	white	p1
asc_day0	26391	4827	asc_day0	asc	day0	rep1	0.390284566708348	3	2	asc.day0	day0.rep1	3	2	0	p0	p0	37.6442552370483	0.0339494500200748	white	p0
asc_day0	16903	3767	asc_day0	asc	day0	rep1	1.18322191326983	3	2	asc.day0	day0.rep1	3	2	1	p1	p1	37.6442556126135	0.033949440382084	white	p1
asc_day0	47480	6524	asc_day0	asc	day0	rep1	1.71440606571188	3	2	asc.day0	day0.rep1	3	2	0	p0	p0	37.4242256617674	0.0395959873435894	white	p0
asc_day0	43965	6014	asc_day0	asc	day0	rep1	0.625497554873195	3	2	asc.day0	day0.rep1	3	2	0	p0	p0	36.014423070791	0.0757752279687445	white	p0
asc_day0	36590	5932	asc_day0	asc	day0	rep1	1.48674501229844	3	2	asc.day0	day0.rep1	3	2	3	p3	p3	38.9447646128328	0.000574960610752795	white	p3
asc_day0	25343	4704	asc_day0	asc	day0	rep1	0.473503531547173	3	0	asc.day0	day0.rep1	3	0	1	p1	p1	28.2113790063926	0.276021851589309	white	p1
asc_day0	32924	5572	asc_day0	asc	day0	rep1	0.674280160369335	3	2	asc.day0	day0.rep1	3	2	0	p0	p0	33.3611499424256	0.143865191464204	white	p0
asc_day0	26738	5141	asc_day0	asc	day0	rep1	0.273019672376393	3	0	asc.day0	day0.rep1	3	0	1	p1	p1	25.2311486063807	0.352502398192471	white	p1
asc_day0	31572	5568	asc_day0	asc	day0	rep1	1.14025085518814	3	2	asc.day0	day0.rep1	3	2	0	p0	p0	36.8236333626625	0.0550087645976602	white	p0
asc_day0	31661	5586	asc_day0	asc	day0	rep1	1.34550393228262	3	2	asc.day0	day0.rep1	3	2	2	p2	p2	27.1368050445006	0.303598244330855	white	p2
asc_day0	30630	5448	asc_day0	asc	day0	rep1	0.685602350636631	3	2	asc.day0	day0.rep1	3	2	0	p0	p0	28.862673100033	0.259307933000722	white	p0
asc_day0	44313	6678	asc_day0	asc	day0	rep1	0.577708573104958	3	2	asc.day0	day0.rep1	3	2	4	p4	p4	37.9334856316226	0.0265270377558402	white	p4
asc_day0	24488	5338	asc_day0	asc	day0	rep1	1.07399542633126	3	0	asc.day0	day0.rep1	3	0	2	p2	p2	22.2342611113797	0.429410409641833	white	p2
asc_day0	20956	3744	asc_day0	asc	day0	rep1	0.920977285741554	3	2	asc.day0	day0.rep1	3	2	0	p0	p0	29.7034136606969	0.237732320044501	white	p0
asc_day0	34212	5513	asc_day0	asc	day0	rep1	0.374137729451654	3	2	asc.day0	day0.rep1	3	2	3	p3	p3	30.157969430127	0.226067224048065	white	p3
asc_day0	45268	6295	asc_day0	asc	day0	rep1	0.503667049571441	3	2	asc.day0	day0.rep1	3	2	0	p0	p0	36.5140522760991	0.0629534291169791	white	p0
asc_day0	31400	5430	asc_day0	asc	day0	rep1	1.0796178343949	3	0	asc.day0	day0.rep1	3	0	2	p2	p2	26.3179242417432	0.324612878433464	white	p2
asc_day0	23767	4776	asc_day0	asc	day0	rep1	0.555391929986957	3	2	asc.day0	day0.rep1	3	2	1	p1	p1	28.8193213660004	0.260420452460624	white	p1
asc_day0	16905	3912	asc_day0	asc	day0	rep1	0.769003253475303	3	0	asc.day0	day0.rep1	3	0	1	p1	p1	24.064991515894	0.38242905477084	white	p1
asc_day0	19730	4530	asc_day0	asc	day0	rep1	0.0760263558033452	11	8	asc.day0	day0.rep1	11	8	6	p6	p6	30.1482569828101	0.226316470978653	white	p6
asc_day0	25447	4781	asc_day0	asc	day0	rep1	0.852752780288443	3	4	asc.day0	day0.rep1	3	4	3	p3	p3	28.211379757523	0.276021832313328	white	p3
asc_day0	17726	4013	asc_day0	asc	day0	rep1	1.04930610402798	3	4	asc.day0	day0.rep1	3	4	1	p1	p1	23.8585430526857	0.38772706505605	white	p1
asc_day0	72967	7846	asc_day0	asc	day0	rep1	1.05116011347595	3	2	asc.day0	day0.rep1	3	2	0	p0	p0	32.1261034656769	0.175559730792998	white	p0
asc_day0	50609	6146	asc_day0	asc	day0	rep1	0.0256871307474955	3	2	asc.day0	day0.rep1	3	2	0	p0	p0	36.0662176938967	0.0744460417802482	white	p0
asc_day0	38568	5530	asc_day0	asc	day0	rep1	0.292989006430201	3	2	asc.day0	day0.rep1	3	2	0	p0	p0	35.1610402957856	0.0976752733792862	white	p0
asc_day0	42220	5823	asc_day0	asc	day0	rep1	0.682141165324491	3	2	asc.day0	day0.rep1	3	2	1	p1	p1	37.6442593682656	0.033949344002177	white	p1
asc_day0	28772	4962	asc_day0	asc	day0	rep1	0.667315445572084	3	2	asc.day0	day0.rep1	3	2	0	p0	p0	37.1374700253966	0.046954890806586	white	p0
asc_day0	27797	5043	asc_day0	asc	day0	rep1	0.525236536316869	3	2	asc.day0	day0.rep1	3	2	0	p0	p0	35.4914995782153	0.0891948194686706	white	p0
asc_day0	47729	7052	asc_day0	asc	day0	rep1	1.72012822393094	3	2	asc.day0	day0.rep1	3	2	4	p4	p4	31.8744558542662	0.182017670042256	white	p4
asc_day0	31798	5069	asc_day0	asc	day0	rep1	0.308195483992704	3	2	asc.day0	day0.rep1	3	2	0	p0	p0	36.2259209219767	0.0703476371140193	white	p0
asc_day0	35867	5360	asc_day0	asc	day0	rep1	1.14590013103967	3	2	asc.day0	day0.rep1	3	2	2	p2	p2	28.798419796761	0.260956841674119	white	p2
asc_day0	27860	4491	asc_day0	asc	day0	rep1	0.509691313711414	3	2	asc.day0	day0.rep1	3	2	1	p1	p1	37.6442638750482	0.0339492283462886	white	p1
asc_day0	23957	5228	asc_day0	asc	day0	rep1	1.56947864924657	8	2	asc.day0	day0.rep1	8	2	5	p5	p5	38.764277075839	0.00520674528226139	white	p5
asc_day0	51069	6360	asc_day0	asc	day0	rep1	0.612896277585228	3	2	asc.day0	day0.rep1	3	2	0	p0	p0	38.2645928789245	0.0180299553632108	white	p0
asc_day0	26178	4505	asc_day0	asc	day0	rep1	0.599740239896096	3	2	asc.day0	day0.rep1	3	2	0	p0	p0	36.4812575649463	0.063795027617099	white	p0
asc_day0	50105	6928	asc_day0	asc	day0	rep1	0.644646242889931	3	0	asc.day0	day0.rep1	3	0	2	p2	p2	23.858545306077	0.387727007228105	white	p2
asc_day0	26522	4891	asc_day0	asc	day0	rep1	0.85212276600558	3	2	asc.day0	day0.rep1	3	2	2	p2	p2	30.2626363108444	0.223381196736725	white	p2
asc_day0	21947	4322	asc_day0	asc	day0	rep1	0.797375495511915	3	2	asc.day0	day0.rep1	3	2	0	p0	p0	36.5517074445062	0.0619870985063665	white	p0
asc_day0	17179	4017	asc_day0	asc	day0	rep1	0.884801210780604	3	4	asc.day0	day0.rep1	3	4	1	p1	p1	23.8585456816422	0.387726997590115	white	p1
asc_day0	70785	7096	asc_day0	asc	day0	rep1	0.0240163876527513	3	2	asc.day0	day0.rep1	3	2	0	p0	p0	34.1908152210211	0.122573799360963	white	p0
asc_day0	33977	5659	asc_day0	asc	day0	rep1	0.132442534655797	3	0	asc.day0	day0.rep1	3	0	1	p1	p1	23.8585460572074	0.387726987952124	white	p1
asc_day0	34640	5684	asc_day0	asc	day0	rep1	0.701501154734411	3	2	asc.day0	day0.rep1	3	2	0	p0	p0	29.6902861942623	0.238069205343177	white	p0
asc_day0	23369	4831	asc_day0	asc	day0	rep1	0.706063588514699	3	0	asc.day0	day0.rep1	3	0	1	p1	p1	25.0028042212843	0.358362315394128	white	p1
asc_day0	32651	5474	asc_day0	asc	day0	rep1	0.667667146488622	3	2	asc.day0	day0.rep1	3	2	0	p0	p0	32.8541854749603	0.156875232426127	white	p0
asc_day0	38642	5903	asc_day0	asc	day0	rep1	0.78153304694374	3	0	asc.day0	day0.rep1	3	0	1	p1	p1	26.0707832540567	0.330955165870781	white	p1
asc_day0	11679	3145	asc_day0	asc	day0	rep1	0.282558438222451	3	0	asc.day0	day0.rep1	3	0	1	p1	p1	26.4821043718691	0.320399584691693	white	p1
asc_day0	19164	4038	asc_day0	asc	day0	rep1	0.563556668753914	3	2	asc.day0	day0.rep1	3	2	1	p1	p1	26.2730679414068	0.325764009019983	white	p1
asc_day0	23164	4631	asc_day0	asc	day0	rep1	0.436021412536695	3	0	asc.day0	day0.rep1	3	0	1	p1	p1	24.0563110205886	0.382651819099982	white	p1
asc_day0	30672	4803	asc_day0	asc	day0	rep1	0.22170057381325	3	2	asc.day0	day0.rep1	3	2	1	p1	p1	37.1384912582637	0.0469286832865624	white	p1
asc_day0	20441	4327	asc_day0	asc	day0	rep1	0.772956313291913	3	0	asc.day0	day0.rep1	3	0	1	p1	p1	24.9516170914778	0.359675911707566	white	p1
asc_day0	18863	4024	asc_day0	asc	day0	rep1	0.111329056883847	3	2	asc.day0	day0.rep1	3	2	0	p0	p0	34.6888529718765	0.109792841414128	white	p0
asc_day0	17501	4238	asc_day0	asc	day0	rep1	0.382835266556197	3	4	asc.day0	day0.rep1	3	4	1	p1	p1	20.7807442228469	0.466711474060031	white	p1
asc_day0	32882	5347	asc_day0	asc	day0	rep1	0.444011921415972	3	0	asc.day0	day0.rep1	3	0	1	p1	p1	22.9538257312595	0.410944489877885	white	p1
asc_day0	23019	4803	asc_day0	asc	day0	rep1	0.616881706416439	3	0	asc.day0	day0.rep1	3	0	1	p1	p1	26.1559797988738	0.328768798562977	white	p1
asc_day0	26096	4905	asc_day0	asc	day0	rep1	1.10744941753525	3	2	asc.day0	day0.rep1	3	2	1	p1	p1	28.592058210212	0.266252622475865	white	p1
asc_day0	21184	4222	asc_day0	asc	day0	rep1	0.23130664652568	3	2	asc.day0	day0.rep1	3	2	0	p0	p0	35.6067164145587	0.08623805256186	white	p0
asc_day0	54310	6619	asc_day0	asc	day0	rep1	0.44006628613515	3	2	asc.day0	day0.rep1	3	2	3	p3	p3	29.7110080064576	0.237537429167985	white	p3
asc_day0	30292	5186	asc_day0	asc	day0	rep1	0.831902812623795	3	2	asc.day0	day0.rep1	3	2	0	p0	p0	37.6442680062656	0.0339491223283909	white	p0
asc_day0	28472	5088	asc_day0	asc	day0	rep1	0.533857825231807	3	2	asc.day0	day0.rep1	3	2	1	p1	p1	27.3699770016616	0.297614438939119	white	p1
asc_day0	19171	4143	asc_day0	asc	day0	rep1	0.578999530540921	3	4	asc.day0	day0.rep1	3	4	1	p1	p1	22.0324245705864	0.434590065873881	white	p1
asc_day0	22038	4556	asc_day0	asc	day0	rep1	0.23141845902532	3	2	asc.day0	day0.rep1	3	2	0	p0	p0	31.1160050407042	0.201481511761541	white	p0
asc_day0	37623	5555	asc_day0	asc	day0	rep1	0.699040480557106	3	2	asc.day0	day0.rep1	3	2	0	p0	p0	37.6442698840916	0.0339490741384373	white	p0
asc_day0	29164	5335	asc_day0	asc	day0	rep1	0.620628171718557	3	2	asc.day0	day0.rep1	3	2	3	p3	p3	38.9447717485719	0.000574777488929423	white	p3
asc_day0	42637	6262	asc_day0	asc	day0	rep1	0.157140511762085	3	2	asc.day0	day0.rep1	3	2	0	p0	p0	36.0662184450272	0.0744460225042668	white	p0
asc_day0	85449	7955	asc_day0	asc	day0	rep1	0.300764198527777	8	2	asc.day0	day0.rep1	8	2	4	p4	p4	33.5655118578053	0.138620727481469	white	p4
asc_day0	31733	5473	asc_day0	asc	day0	rep1	1.41493082910535	3	4	asc.day0	day0.rep1	3	4	1	p1	p1	28.2113853910012	0.276021687743467	white	p1
asc_day0	79238	7830	asc_day0	asc	day0	rep1	0.461899593629319	3	2	asc.day0	day0.rep1	3	2	0	p0	p0	33.8815476240095	0.130510418914269	white	p0
asc_day0	50862	6717	asc_day0	asc	day0	rep1	1.04400141559514	3	2	asc.day0	day0.rep1	3	2	0	p0	p0	31.0378148506875	0.203488077586607	white	p0
asc_day0	36520	5099	asc_day0	asc	day0	rep1	0.509309967141293	3	2	asc.day0	day0.rep1	3	2	0	p0	p0	32.4007442124057	0.168511727246282	white	p0
asc_day0	15830	3805	asc_day0	asc	day0	rep1	2.40682248894504	3	2	asc.day0	day0.rep1	3	2	2	p2	p2	34.0995149612649	0.124916804039774	white	p2
asc_day0	52124	6580	asc_day0	asc	day0	rep1	0.439336965697184	3	2	asc.day0	day0.rep1	3	2	1	p1	p1	26.0309146633522	0.331978298716271	white	p1
asc_day0	19804	3856	asc_day0	asc	day0	rep1	0.186830943243789	3	2	asc.day0	day0.rep1	3	2	1	p1	p1	37.6442710107873	0.0339490452244652	white	p1
asc_day0	22959	4691	asc_day0	asc	day0	rep1	1.14987586567359	3	0	asc.day0	day0.rep1	3	0	1	p1	p1	23.85855056399	0.387726872296235	white	p1
asc_day0	23988	4438	asc_day0	asc	day0	rep1	1.15057528764382	3	2	asc.day0	day0.rep1	3	2	3	p3	p3	28.8112901820346	0.260626553753859	white	p3
asc_day0	29487	5549	asc_day0	asc	day0	rep1	0.189914199477736	3	2	asc.day0	day0.rep1	3	2	3	p3	p3	30.1879874190411	0.225296883540138	white	p3
asc_day0	23171	4965	asc_day0	asc	day0	rep1	2.15355401147987	8	2	asc.day0	day0.rep1	8	2	4	p4	p4	38.9447743775284	0.000574710022994585	white	p4
asc_day0	24665	4889	asc_day0	asc	day0	rep1	0.21082505574701	3	2	asc.day0	day0.rep1	3	2	2	p2	p2	28.4524093170238	0.2698363801892	white	p2
asc_day0	28944	5264	asc_day0	asc	day0	rep1	0.228026533996683	3	2	asc.day0	day0.rep1	3	2	0	p0	p0	29.7110083820229	0.237537419529994	white	p0
asc_day0	27839	5263	asc_day0	asc	day0	rep1	1.31829447896835	3	4	asc.day0	day0.rep1	3	4	1	p1	p1	18.3158140829273	0.529968061349023	white	p1
asc_day0	21778	4327	asc_day0	asc	day0	rep1	0.505096886766462	3	2	asc.day0	day0.rep1	3	2	1	p1	p1	26.3447912615046	0.323923400077381	white	p1
asc_day0	33306	5151	asc_day0	asc	day0	rep1	0.117096018735363	3	2	asc.day0	day0.rep1	3	2	0	p0	p0	37.6442732641786	0.033948987396521	white	p0
asc_day0	36308	5209	asc_day0	asc	day0	rep1	0	3	2	asc.day0	day0.rep1	3	2	0	p0	p0	32.0174917470987	0.178346993014179	white	p0
asc_day0	33442	5339	asc_day0	asc	day0	rep1	0.0956880569343939	3	2	asc.day0	day0.rep1	3	2	0	p0	p0	35.1610406713508	0.0976752637412955	white	p0
asc_day0	19993	4561	asc_day0	asc	day0	rep1	0.845295853548742	3	2	asc.day0	day0.rep1	3	2	1	p1	p1	33.9032835328476	0.12995261835333	white	p1
asc_day0	63528	7695	asc_day0	asc	day0	rep1	0.925576123913865	3	2	asc.day0	day0.rep1	3	2	4	p4	p4	38.9447762553544	0.000574661833041001	white	p4
asc_day0	24806	4539	asc_day0	asc	day0	rep1	0.205595420462791	3	2	asc.day0	day0.rep1	3	2	0	p0	p0	35.6967994677166	0.083926284604198	white	p0
asc_day0	58568	6917	asc_day0	asc	day0	rep1	0.966398033055593	3	2	asc.day0	day0.rep1	3	2	4	p4	p4	38.6552144717505	0.0080055784109434	white	p4
asc_day0	27873	5141	asc_day0	asc	day0	rep1	0.383884045492053	3	2	asc.day0	day0.rep1	3	2	0	p0	p0	35.6067179168195	0.0862380140098973	white	p0
asc_day0	30121	5202	asc_day0	asc	day0	rep1	0.4282726337107	3	2	asc.day0	day0.rep1	3	2	0	p0	p0	31.4264305127065	0.193515178092111	white	p0
asc_day0	23274	4522	asc_day0	asc	day0	rep1	0.876514565609693	3	0	asc.day0	day0.rep1	3	0	2	p2	p2	23.2880283477533	0.402367972174572	white	p2
asc_day0	28566	5504	asc_day0	asc	day0	rep1	0.644122383252818	3	2	asc.day0	day0.rep1	3	2	3	p3	p3	38.9447770064849	0.000574642557059635	white	p3
asc_day0	31500	5250	asc_day0	asc	day0	rep1	0.59047619047619	3	2	asc.day0	day0.rep1	3	2	2	p2	p2	38.2645958834462	0.0180298782592851	white	p2
asc_day0	29043	5743	asc_day0	asc	day0	rep1	2.57204834211342	3	0	asc.day0	day0.rep1	3	0	NA	t3	day0	26.5444066177893	0.318800745278955	white	day0
asc_day0	37359	5901	asc_day0	asc	day0	rep1	1.19917556679783	3	2	asc.day0	day0.rep1	3	2	0	p0	p0	28.2113872688273	0.276021639553514	white	p0
asc_day0	23018	4744	asc_day0	asc	day0	rep1	0.860196368059779	3	2	asc.day0	day0.rep1	3	2	0	p0	p0	29.6980549637301	0.237869838295808	white	p0
asc_day0	33196	5979	asc_day0	asc	day0	rep1	0.515122303892035	8	7	asc.day0	day0.rep1	8	7	4	p4	p4	38.9447777576153	0.000574623281078157	white	p4
asc_day0	23418	4742	asc_day0	asc	day0	rep1	1.29387650525237	3	2	asc.day0	day0.rep1	3	2	3	p3	p3	28.3118555965567	0.273443358149157	white	p3
asc_day0	32692	5124	asc_day0	asc	day0	rep1	0.321179493454056	3	2	asc.day0	day0.rep1	3	2	0	p0	p0	37.6442755175698	0.0339489295685768	white	p0
asc_day0	25303	5142	asc_day0	asc	day0	rep1	0.83389321424337	3	2	asc.day0	day0.rep1	3	2	0	p0	p0	32.8362230949964	0.157336194316162	white	p0
asc_day0	36563	5878	asc_day0	asc	day0	rep1	0.678281322648579	3	2	asc.day0	day0.rep1	3	2	0	p0	p0	35.5559137688149	0.0875417820035006	white	p0
asc_day0	22285	4739	asc_day0	asc	day0	rep1	0.44873233116446	3	2	asc.day0	day0.rep1	3	2	1	p1	p1	28.4791365122823	0.269150490097437	white	p1
asc_day0	35307	5579	asc_day0	asc	day0	rep1	1.2830316934319	3	2	asc.day0	day0.rep1	3	2	3	p3	p3	27.6901561049577	0.289397801449987	white	p3
asc_day0	24270	4748	asc_day0	asc	day0	rep1	0.716934487021014	3	2	asc.day0	day0.rep1	3	2	1	p1	p1	37.6442785220916	0.0339488524646512	white	p1
asc_day0	50810	6989	asc_day0	asc	day0	rep1	0.826608935248967	3	2	asc.day0	day0.rep1	3	2	0	p0	p0	35.863564364895	0.0796466589449268	white	p0
asc_day0	42669	6075	asc_day0	asc	day0	rep1	0.972603060770114	3	2	asc.day0	day0.rep1	3	2	0	p0	p0	34.687181826296	0.109835727402893	white	p0
asc_day0	40364	5994	asc_day0	asc	day0	rep1	0.0768011098999108	3	2	asc.day0	day0.rep1	3	2	0	p0	p0	37.6442788976568	0.0339488428266604	white	p0
asc_day0	21668	4335	asc_day0	asc	day0	rep1	0.521506368838841	11	8	asc.day0	day0.rep1	11	8	6	p6	p6	38.9447796354414	0.000574575091124685	white	p6
asc_day0	18692	4500	asc_day0	asc	day0	rep1	1.12347528354376	3	2	asc.day0	day0.rep1	3	2	3	p3	p3	28.7984246791088	0.26095671638024	white	p3
asc_day0	56671	6466	asc_day0	asc	day0	rep1	0.0899931181733162	3	2	asc.day0	day0.rep1	3	2	0	p0	p0	36.1518098305173	0.0722495225468207	white	p0
asc_day0	32292	5565	asc_day0	asc	day0	rep1	1.43069490895578	3	2	asc.day0	day0.rep1	3	2	2	p2	p2	37.0084098766255	0.0502669135021	white	p2
asc_day0	30521	5348	asc_day0	asc	day0	rep1	0.386619049179254	3	2	asc.day0	day0.rep1	3	2	1	p1	p1	32.7618890637497	0.159243800969977	white	p1
asc_day0	19020	4132	asc_day0	asc	day0	rep1	0.930599369085173	3	4	asc.day0	day0.rep1	3	4	1	p1	p1	23.8585539440769	0.387726785554319	white	p1
asc_day0	19398	4241	asc_day0	asc	day0	rep1	0.649551500154655	3	0	asc.day0	day0.rep1	3	0	1	p1	p1	23.8585543196421	0.387726775916328	white	p1
asc_day0	30922	4615	asc_day0	asc	day0	rep1	0	3	2	asc.day0	day0.rep1	3	2	0	p0	p0	31.4264316394021	0.193515149178139	white	p0
asc_day0	28579	5243	asc_day0	asc	day0	rep1	1.47310962594912	3	2	asc.day0	day0.rep1	3	2	0	p0	p0	28.5098216532517	0.26836302871394	white	p0
asc_day0	37009	5612	asc_day0	asc	day0	rep1	0.156718636007458	3	2	asc.day0	day0.rep1	3	2	1	p1	p1	37.6442830288741	0.0339487368087628	white	p1
asc_day0	27911	5340	asc_day0	asc	day0	rep1	0.616244491419154	3	4	asc.day0	day0.rep1	3	4	0	p0	p0	28.2113891466534	0.27602159136356	white	p0
asc_day0	43679	6409	asc_day0	asc	day0	rep1	0.760090661416241	3	2	asc.day0	day0.rep1	3	2	0	p0	p0	29.6933893036282	0.23798957139928	white	p0
asc_day0	30692	5400	asc_day0	asc	day0	rep1	1.3684347712759	3	2	asc.day0	day0.rep1	3	2	0	p0	p0	31.4264320149673	0.193515139540148	white	p0
asc_day0	32921	5501	asc_day0	asc	day0	rep1	0.543725889250023	3	0	asc.day0	day0.rep1	3	0	1	p1	p1	25.1461412100414	0.354683911453094	white	p1
asc_day0	44921	6437	asc_day0	asc	day0	rep1	0.0934974733420894	8	2	asc.day0	day0.rep1	8	2	5	p5	p5	38.9447815132674	0.000574526901171213	white	p5
asc_day0	28920	5518	asc_day0	asc	day0	rep1	0.919778699861687	3	0	asc.day0	day0.rep1	3	0	1	p1	p1	22.4428845607509	0.424056583494003	white	p1
asc_day0	25614	4986	asc_day0	asc	day0	rep1	1.22198797532599	3	0	asc.day0	day0.rep1	3	0	1	p1	p1	24.5221631496457	0.370696828819231	white	p1
asc_day0	32150	5657	asc_day0	asc	day0	rep1	0.889580093312597	3	0	asc.day0	day0.rep1	3	0	1	p1	p1	23.3214110887348	0.401511283283214	white	p1
asc_day0	32949	5033	asc_day0	asc	day0	rep1	0.106224771616741	3	2	asc.day0	day0.rep1	3	2	0	p0	p0	34.6900220412527	0.109762840020642	white	p0
asc_day0	45209	6306	asc_day0	asc	day0	rep1	0.2057112521843	3	4	asc.day0	day0.rep1	3	4	0	p0	p0	23.8585546952073	0.387726766278338	white	p0
asc_day0	28456	5390	asc_day0	asc	day0	rep1	0.368990722518977	8	7	asc.day0	day0.rep1	8	7	4	p4	p4	38.7642819581868	0.00520661998838223	white	p4
asc_day0	43893	6520	asc_day0	asc	day0	rep1	0.118469915476272	8	2	asc.day0	day0.rep1	8	2	5	p5	p5	38.9447822643979	0.000574507625189735	white	p5
asc_day0	34961	5343	asc_day0	asc	day0	rep1	0.637853608306399	3	2	asc.day0	day0.rep1	3	2	3	p3	p3	29.0012646070222	0.255751310596949	white	p3
asc_day0	47229	6464	asc_day0	asc	day0	rep1	0.243494463147642	3	2	asc.day0	day0.rep1	3	2	0	p0	p0	37.634757673951	0.034193182456692	white	p0
asc_day0	19558	4540	asc_day0	asc	day0	rep1	1.81511401983843	3	4	asc.day0	day0.rep1	3	4	1	p1	p1	21.5160570545152	0.447841413782113	white	p1
asc_day0	30719	5129	asc_day0	asc	day0	rep1	0.58595657410723	3	2	asc.day0	day0.rep1	3	2	0	p0	p0	35.6067194190804	0.0862379754579344	white	p0
asc_day0	21642	4862	asc_day0	asc	day0	rep1	0.854819332778856	3	4	asc.day0	day0.rep1	3	4	1	p1	p1	21.5160574300804	0.447841404144122	white	p1
asc_day0	34073	5856	asc_day0	asc	day0	rep1	1.27960555278373	3	2	asc.day0	day0.rep1	3	2	0	p0	p0	28.5386553393695	0.267623080529107	white	p0
asc_day0	47504	6194	asc_day0	asc	day0	rep1	0.0842034355001684	3	2	asc.day0	day0.rep1	3	2	0	p0	p0	31.2495220318273	0.198055114774967	white	p0
asc_day0	41801	5786	asc_day0	asc	day0	rep1	0.0526303198488074	3	2	asc.day0	day0.rep1	3	2	0	p0	p0	37.7938111950326	0.0301114509800166	white	p0
asc_day0	44319	6265	asc_day0	asc	day0	rep1	0.315891604052438	3	2	asc.day0	day0.rep1	3	2	3	p3	p3	30.2672824214197	0.223261965325498	white	p3
asc_day0	25652	5013	asc_day0	asc	day0	rep1	1.23187275845938	3	0	asc.day0	day0.rep1	3	0	2	p2	p2	24.2630241864116	0.377347015849819	white	p2
asc_day0	17333	3851	asc_day0	asc	day0	rep1	0.825015865689725	3	4	asc.day0	day0.rep1	3	4	1	p1	p1	28.2113910244794	0.276021543173607	white	p1
asc_day0	56529	7055	asc_day0	asc	day0	rep1	0.962337915052451	8	2	asc.day0	day0.rep1	8	2	5	p5	p5	38.9671692002355	0	white	p5
asc_day0	38416	6230	asc_day0	asc	day0	rep1	0.205643481882549	3	2	asc.day0	day0.rep1	3	2	0	p0	p0	28.429534863848	0.270423398790893	white	p0
asc_day0	38496	5973	asc_day0	asc	day0	rep1	0.878013300083126	8	2	asc.day0	day0.rep1	8	2	5	p5	p5	35.6830680301579	0.0842786693896594	white	p5
asc_day0	31430	5506	asc_day0	asc	day0	rep1	0.416799236398345	3	2	asc.day0	day0.rep1	3	2	0	p0	p0	28.6817295666851	0.263951419737419	white	p0
asc_day0	36286	5748	asc_day0	asc	day0	rep1	0.603538554814529	3	0	asc.day0	day0.rep1	3	0	1	p1	p1	24.1437961051648	0.380406721845761	white	p1
asc_day0	30455	5572	asc_day0	asc	day0	rep1	1.60236414381875	3	2	asc.day0	day0.rep1	3	2	0	p0	p0	32.0792172490839	0.176762954366979	white	p0
asc_day0	41697	6013	asc_day0	asc	day0	rep1	0.280595726311245	3	2	asc.day0	day0.rep1	3	2	1	p1	p1	37.6442890379176	0.0339485826009115	white	p1
asc_day0	27694	5064	asc_day0	asc	day0	rep1	0.657182061096266	3	2	asc.day0	day0.rep1	3	2	0	p0	p0	31.4264338927934	0.193515091350195	white	p0
asc_day0	25386	4961	asc_day0	asc	day0	rep1	0.256046639880249	3	2	asc.day0	day0.rep1	3	2	1	p1	p1	37.6442894134828	0.0339485729629208	white	p1
asc_day0	24584	4838	asc_day0	asc	day0	rep1	0.492190042303938	3	2	asc.day0	day0.rep1	3	2	1	p1	p1	27.4614663701548	0.295266581232981	white	p1
asc_day0	15489	3768	asc_day0	asc	day0	rep1	1.74317257408483	3	2	asc.day0	day0.rep1	3	2	0	p0	p0	27.1368084245875	0.303598157588938	white	p0
asc_day0	43258	6779	asc_day0	asc	day0	rep1	1.90947339220491	3	2	asc.day0	day0.rep1	3	2	0	p0	p0	30.2310898687547	0.22419076137119	white	p0
asc_day0	25576	4667	asc_day0	asc	day0	rep1	0.250234594932749	3	2	asc.day0	day0.rep1	3	2	0	p0	p0	30.4086456047251	0.219634214421165	white	p0
asc_day0	41806	6209	asc_day0	asc	day0	rep1	0.509496244558197	3	2	asc.day0	day0.rep1	3	2	2	p2	p2	37.1388841940362	0.0469185995216761	white	p2
asc_day0	32016	5460	asc_day0	asc	day0	rep1	0.43415792103948	3	0	asc.day0	day0.rep1	3	0	1	p1	p1	21.9823345121189	0.43587550845274	white	p1
asc_day0	14455	3529	asc_day0	asc	day0	rep1	0.25596679349706	3	2	asc.day0	day0.rep1	3	2	1	p1	p1	28.3869712133164	0.271515693956416	white	p1
asc_day0	39277	6190	asc_day0	asc	day0	rep1	1.29592382310258	11	8	asc.day0	day0.rep1	11	8	6	p6	p6	37.6086257687171	0.0348637958415039	white	p6
asc_day0	35327	5401	asc_day0	asc	day0	rep1	0.591615478246101	3	2	asc.day0	day0.rep1	3	2	0	p0	p0	35.6067201702108	0.086237956181953	white	p0
asc_day0	28399	5062	asc_day0	asc	day0	rep1	0.542272615232931	3	0	asc.day0	day0.rep1	3	0	1	p1	p1	23.807044557546	0.389048651822464	white	p1
asc_day0	50789	6538	asc_day0	asc	day0	rep1	0.675343086101321	3	2	asc.day0	day0.rep1	3	2	0	p0	p0	34.0256299274438	0.126812888239309	white	p0
asc_day0	40800	6160	asc_day0	asc	day0	rep1	0.786764705882353	3	2	asc.day0	day0.rep1	3	2	0	p0	p0	33.5655137356314	0.138620679291516	white	p0
asc_day0	56082	6607	asc_day0	asc	day0	rep1	0.294212046645983	3	2	asc.day0	day0.rep1	3	2	0	p0	p0	36.7200798488554	0.057666219987221	white	p0
asc_day0	18816	4315	asc_day0	asc	day0	rep1	0.77593537414966	3	0	asc.day0	day0.rep1	3	0	1	p1	p1	24.0097955150074	0.383845529254859	white	p1
asc_day0	31468	5687	asc_day0	asc	day0	rep1	1.18533113003686	3	2	asc.day0	day0.rep1	3	2	0	p0	p0	28.7984265569349	0.260956668190287	white	p0
asc_day0	25754	4857	asc_day0	asc	day0	rep1	1.77448163392094	3	2	asc.day0	day0.rep1	3	2	1	p1	p1	37.6442912913089	0.0339485247729673	white	p1
asc_day0	27873	5356	asc_day0	asc	day0	rep1	0.441287267247874	3	2	asc.day0	day0.rep1	3	2	1	p1	p1	37.6442916668741	0.0339485151349765	white	p1
asc_day0	27065	5140	asc_day0	asc	day0	rep1	1.33382597450582	3	2	asc.day0	day0.rep1	3	2	0	p0	p0	38.264600765794	0.0180297529654061	white	p0
asc_day0	35879	5590	asc_day0	asc	day0	rep1	1.29044845174057	3	2	asc.day0	day0.rep1	3	2	2	p2	p2	38.2646011413592	0.0180297433274154	white	p2
asc_day0	33175	5458	asc_day0	asc	day0	rep1	0.298417483044461	3	2	asc.day0	day0.rep1	3	2	3	p3	p3	30.2672827969849	0.223261955687507	white	p3
asc_day0	21823	4705	asc_day0	asc	day0	rep1	0.549878568482793	3	4	asc.day0	day0.rep1	3	4	3	p3	p3	28.2113925267403	0.276021504621644	white	p3
asc_day0	21320	4613	asc_day0	asc	day0	rep1	1.53846153846154	3	0	asc.day0	day0.rep1	3	0	1	p1	p1	27.8275158418212	0.28587278950576	white	p1
asc_day0	9378	2817	asc_day0	asc	day0	rep1	0.703774792066539	3	0	asc.day0	day0.rep1	3	0	1	p1	p1	28.2113929023055	0.276021494983653	white	p1
asc_day0	32953	6100	asc_day0	asc	day0	rep1	0.946803022486572	3	2	asc.day0	day0.rep1	3	2	0	p0	p0	27.1368088001528	0.303598147950948	white	p0
asc_day0	26246	4824	asc_day0	asc	day0	rep1	0.190505219843024	3	2	asc.day0	day0.rep1	3	2	1	p1	p1	27.1368095512832	0.303598128674966	white	p1
asc_day0	20364	4146	asc_day0	asc	day0	rep1	1.13926537026125	3	4	asc.day0	day0.rep1	3	4	2	p2	p2	28.2113936534359	0.276021475707672	white	p2
asc_day0	48494	6806	asc_day0	asc	day0	rep1	1.01043428052955	3	2	asc.day0	day0.rep1	3	2	0	p0	p0	38.2633629878209	0.0180615176021116	white	p0
asc_day0	24868	4964	asc_day0	asc	day0	rep1	0.800225188997909	3	0	asc.day0	day0.rep1	3	0	1	p1	p1	24.9344450680994	0.360116590969898	white	p1
asc_day0	31862	5618	asc_day0	asc	day0	rep1	0.891343920657837	3	2	asc.day0	day0.rep1	3	2	3	p3	p3	29.0486400390492	0.254535532468863	white	p3
asc_day0	18114	4155	asc_day0	asc	day0	rep1	0.31467373302418	3	0	asc.day0	day0.rep1	3	0	1	p1	p1	24.4435199267578	0.372715020658721	white	p1
asc_day0	87191	8742	asc_day0	asc	day0	rep1	0.389948503859343	8	7	asc.day0	day0.rep1	8	7	4	p4	p4	38.9447901512674	0.000574305227384997	white	p4
asc_day0	31679	5569	asc_day0	asc	day0	rep1	0.280943211591275	3	0	asc.day0	day0.rep1	3	0	2	p2	p2	22.4428849363161	0.424056573856012	white	p2
asc_day0	58336	6993	asc_day0	asc	day0	rep1	0.531404278661547	3	2	asc.day0	day0.rep1	3	2	4	p4	p4	38.9447905268326	0.000574295589394258	white	p4
asc_day0	34342	5630	asc_day0	asc	day0	rep1	0.966746258226079	3	2	asc.day0	day0.rep1	3	2	1	p1	p1	27.2896703804774	0.299675317951696	white	p1
asc_day0	38871	5716	asc_day0	asc	day0	rep1	0.828381055285431	3	2	asc.day0	day0.rep1	3	2	2	p2	p2	34.1005445120673	0.124890383059664	white	p2
asc_day0	28466	5354	asc_day0	asc	day0	rep1	0.895805522377573	3	2	asc.day0	day0.rep1	3	2	3	p3	p3	28.3207359839906	0.273215464062515	white	p3
asc_day0	25904	5163	asc_day0	asc	day0	rep1	1.14268066707844	3	2	asc.day0	day0.rep1	3	2	0	p0	p0	32.2485111377669	0.172418428137396	white	p0
asc_day0	27152	5307	asc_day0	asc	day0	rep1	1.88199764289923	8	7	asc.day0	day0.rep1	8	7	4	p4	p4	38.7642842115781	0.00520656216043802	white	p4
asc_day0	15667	3816	asc_day0	asc	day0	rep1	0.440416161358269	3	0	asc.day0	day0.rep1	3	0	1	p1	p1	23.8467780946885	0.388028984806409	white	p1
asc_day0	33493	5481	asc_day0	asc	day0	rep1	0.588182605320515	3	2	asc.day0	day0.rep1	3	2	0	p0	p0	35.8919024922335	0.0789194281011159	white	p0
asc_day0	28091	5368	asc_day0	asc	day0	rep1	1.33850699512299	3	2	asc.day0	day0.rep1	3	2	0	p0	p0	30.3215223047823	0.221870027330622	white	p0
asc_day0	80190	8463	asc_day0	asc	day0	rep1	0.337947374984412	8	7	asc.day0	day0.rep1	8	7	4	p4	p4	38.7642845871433	0.00520655252244728	white	p4
asc_day0	51702	6591	asc_day0	asc	day0	rep1	0.338478202003791	3	2	asc.day0	day0.rep1	3	2	1	p1	p1	37.6442957980914	0.0339484091170789	white	p1
asc_day0	43861	6002	asc_day0	asc	day0	rep1	0.164154944027724	3	2	asc.day0	day0.rep1	3	2	0	p0	p0	36.0866306613847	0.0739221913721504	white	p0
asc_day0	38641	6642	asc_day0	asc	day0	rep1	0.546052120804327	3	2	asc.day0	day0.rep1	3	2	4	p4	p4	38.7458604663479	0.00567936389606272	white	p4
asc_day0	27680	5162	asc_day0	asc	day0	rep1	1.26083815028902	3	2	asc.day0	day0.rep1	3	2	3	p3	p3	38.944791277963	0.000574276313412891	white	p3
asc_day0	12811	3301	asc_day0	asc	day0	rep1	2.5368823667161	3	2	asc.day0	day0.rep1	3	2	NA	t3	day0	35.7875129026584	0.081598339392789	white	day0
asc_day0	22704	4785	asc_day0	asc	day0	rep1	0.0132135306553911	3	0	asc.day0	day0.rep1	3	0	1	p1	p1	23.8585580752943	0.387726679536421	white	p1
asc_day0	10610	3018	asc_day0	asc	day0	rep1	1.46088595664467	3	2	asc.day0	day0.rep1	3	2	1	p1	p1	37.6442969247871	0.0339483802031068	white	p1
asc_day0	18758	4220	asc_day0	asc	day0	rep1	0.357180936133916	3	2	asc.day0	day0.rep1	3	2	1	p1	p1	25.973292194647	0.333457042743304	white	p1
asc_day0	47611	6107	asc_day0	asc	day0	rep1	0.581798323916742	3	2	asc.day0	day0.rep1	3	2	0	p0	p0	32.7566870647043	0.159377297940689	white	p0
asc_day0	28392	4946	asc_day0	asc	day0	rep1	0.313468582699352	3	0	asc.day0	day0.rep1	3	0	1	p1	p1	24.2039430817992	0.378863192308745	white	p1
asc_day0	27472	5151	asc_day0	asc	day0	rep1	1.11386138613861	3	2	asc.day0	day0.rep1	3	2	0	p0	p0	29.8794426976774	0.233214952204	white	p0
asc_day0	38773	5708	asc_day0	asc	day0	rep1	0.956851417223326	3	0	asc.day0	day0.rep1	3	0	1	p1	p1	26.5344382548016	0.319056559678417	white	p1
asc_day0	25959	5396	asc_day0	asc	day0	rep1	1.22500866751416	3	2	asc.day0	day0.rep1	3	2	3	p3	p3	28.7984284347609	0.260956620000333	white	p3
asc_day0	28689	5031	asc_day0	asc	day0	rep1	0.57513332636202	3	2	asc.day0	day0.rep1	3	2	1	p1	p1	37.6442984270479	0.0339483416511439	white	p1
asc_day0	60556	6831	asc_day0	asc	day0	rep1	0.16678776669529	3	2	asc.day0	day0.rep1	3	2	0	p0	p0	36.6060378263033	0.0605928380837548	white	p0
asc_day0	34251	5306	asc_day0	asc	day0	rep1	0.899243817698753	3	2	asc.day0	day0.rep1	3	2	1	p1	p1	29.6996695373028	0.237828404093481	white	p1
asc_day0	19417	4222	asc_day0	asc	day0	rep1	0.947623216768811	3	2	asc.day0	day0.rep1	3	2	0	p0	p0	30.0869625822214	0.227889446430726	white	p0
asc_day0	35545	6192	asc_day0	asc	day0	rep1	0.672387114924743	3	2	asc.day0	day0.rep1	3	2	3	p3	p3	38.9447935313543	0.00057421848546868	white	p3
asc_day0	49130	6576	asc_day0	asc	day0	rep1	0.905760227966619	3	2	asc.day0	day0.rep1	3	2	1	p1	p1	27.1368106779788	0.303598099760994	white	p1
asc_day0	25873	4960	asc_day0	asc	day0	rep1	1.39527692961775	3	2	asc.day0	day0.rep1	3	2	1	p1	p1	37.6442999293088	0.0339483030991811	white	p1
asc_day0	30232	4938	asc_day0	asc	day0	rep1	0.645011907912146	3	2	asc.day0	day0.rep1	3	2	0	p0	p0	38.2646033947505	0.0180296854994711	white	p0
asc_day0	29210	5016	asc_day0	asc	day0	rep1	0.205409106470387	3	2	asc.day0	day0.rep1	3	2	0	p0	p0	35.2789375948373	0.0946497187528805	white	p0
asc_day0	37149	5426	asc_day0	asc	day0	rep1	0.0807558749899055	3	2	asc.day0	day0.rep1	3	2	2	p2	p2	37.6443018071349	0.0339482549092276	white	p2
asc_day0	26374	4938	asc_day0	asc	day0	rep1	0.212330325320391	3	0	asc.day0	day0.rep1	3	0	1	p1	p1	26.0437747582995	0.331648274872834	white	p1
asc_day0	35928	5319	asc_day0	asc	day0	rep1	0.225450901803607	11	8	asc.day0	day0.rep1	11	8	6	p6	p6	37.4138279891961	0.0398628189555529	white	p6
asc_day0	46131	6347	asc_day0	asc	day0	rep1	0.429212460167783	3	2	asc.day0	day0.rep1	3	2	1	p1	p1	38.2646037703157	0.0180296758614804	white	p1
asc_day0	27719	4919	asc_day0	asc	day0	rep1	0.33550993903099	3	2	asc.day0	day0.rep1	3	2	0	p0	p0	31.4264357706195	0.193515043160241	white	p0
asc_day0	21480	4603	asc_day0	asc	day0	rep1	0.651769087523277	3	2	asc.day0	day0.rep1	3	2	3	p3	p3	28.7984291858914	0.260956600724352	white	p3
asc_day0	33976	5528	asc_day0	asc	day0	rep1	0.597480574523193	3	2	asc.day0	day0.rep1	3	2	0	p0	p0	31.0642677044576	0.202809227818635	white	p0
asc_day0	28344	5353	asc_day0	asc	day0	rep1	1.78521027377928	3	2	asc.day0	day0.rep1	3	2	0	p0	p0	28.88997937496	0.258607182202359	white	p0
asc_day0	37094	5703	asc_day0	asc	day0	rep1	0.657788321561439	3	2	asc.day0	day0.rep1	3	2	0	p0	p0	37.6385335448672	0.0340962836828353	white	p0
asc_day0	55607	7034	asc_day0	asc	day0	rep1	0.325498588307227	3	2	asc.day0	day0.rep1	3	2	3	p3	p3	31.038650752686	0.203466626143875	white	p3
asc_day0	29280	5389	asc_day0	asc	day0	rep1	1.19535519125683	3	2	asc.day0	day0.rep1	3	2	2	p2	p2	28.4962908760353	0.268710264027517	white	p2
asc_day0	28311	5178	asc_day0	asc	day0	rep1	0.402670340150472	3	0	asc.day0	day0.rep1	3	0	1	p1	p1	26.3492462158771	0.323809074236836	white	p1
asc_day0	14659	3931	asc_day0	asc	day0	rep1	1.18698410532778	3	0	asc.day0	day0.rep1	3	0	1	p1	p1	23.9496139380348	0.385389946727511	white	p1
asc_day0	56919	7015	asc_day0	asc	day0	rep1	0.504225302623026	3	2	asc.day0	day0.rep1	3	2	0	p0	p0	35.7141392252801	0.0834813008417273	white	p0
asc_day0	26596	4861	asc_day0	asc	day0	rep1	1.31222740261693	3	4	asc.day0	day0.rep1	3	4	1	p1	p1	21.2169042572711	0.455518460983229	white	p1
asc_day0	25829	4739	asc_day0	asc	day0	rep1	0.642688450965968	3	2	asc.day0	day0.rep1	3	2	1	p1	p1	37.6443033093957	0.0339482163572647	white	p1
asc_day0	30186	5097	asc_day0	asc	day0	rep1	1.22573378387332	3	4	asc.day0	day0.rep1	3	4	1	p1	p1	16.8844110733687	0.566701625498969	white	p1
asc_day0	36012	5535	asc_day0	asc	day0	rep1	0.294346329001444	3	0	asc.day0	day0.rep1	3	0	1	p1	p1	37.6443048116566	0.0339481778053019	white	p1
asc_day0	39960	5994	asc_day0	asc	day0	rep1	0.342842842842843	3	2	asc.day0	day0.rep1	3	2	4	p4	p4	38.9519328003477	0.000391006075125655	white	p4
asc_day0	29457	5186	asc_day0	asc	day0	rep1	0.763825236785823	3	2	asc.day0	day0.rep1	3	2	1	p1	p1	37.6443059383522	0.0339481488913298	white	p1
asc_day0	49438	6033	asc_day0	asc	day0	rep1	0.25081920789676	3	0	asc.day0	day0.rep1	3	0	2	p2	p2	25.1235854325083	0.355262752000048	white	p2
asc_day0	40190	5605	asc_day0	asc	day0	rep1	0.619557103757153	3	2	asc.day0	day0.rep1	3	2	0	p0	p0	37.625178996012	0.0344389965133869	white	p0
asc_day0	23230	4687	asc_day0	asc	day0	rep1	0.473525613430908	3	2	asc.day0	day0.rep1	3	2	1	p1	p1	28.2113974090881	0.276021379327765	white	p1
asc_day0	38109	5648	asc_day0	asc	day0	rep1	0.0760975097745939	3	2	asc.day0	day0.rep1	3	2	0	p0	p0	31.9838924294007	0.179209239833427	white	p0
asc_day0	23768	4549	asc_day0	asc	day0	rep1	1.41787277011107	3	2	asc.day0	day0.rep1	3	2	3	p3	p3	30.2672858015066	0.223261878583581	white	p3
asc_day0	19971	4397	asc_day0	asc	day0	rep1	0.836212508136798	3	0	asc.day0	day0.rep1	3	0	1	p1	p1	22.0756380291896	0.433481094925002	white	p1
asc_day0	47675	6000	asc_day0	asc	day0	rep1	0.528578919769271	3	2	asc.day0	day0.rep1	3	2	0	p0	p0	32.0227426575325	0.178212240848663	white	p0
asc_day0	60592	7084	asc_day0	asc	day0	rep1	0.0544626353313969	3	2	asc.day0	day0.rep1	3	2	0	p0	p0	38.2646048970114	0.0180296469475083	white	p0
asc_day0	37529	5776	asc_day0	asc	day0	rep1	0.293106664179701	3	2	asc.day0	day0.rep1	3	2	0	p0	p0	32.8774102909311	0.15627922259407	white	p0
asc_day0	19900	4153	asc_day0	asc	day0	rep1	1.41708542713568	3	0	asc.day0	day0.rep1	3	0	1	p1	p1	22.0938498674297	0.433013731279813	white	p1
asc_day0	19166	4402	asc_day0	asc	day0	rep1	1.15308358551602	11	0	asc.day0	day0.rep1	11	0	6	p6	p6	25.6069583488179	0.342858132259112	white	p6
asc_day0	18052	4072	asc_day0	asc	day0	rep1	0.758918679370707	3	2	asc.day0	day0.rep1	3	2	1	p1	p1	27.6553589950444	0.290290786766279	white	p1
asc_day0	25302	4852	asc_day0	asc	day0	rep1	1.10267963006877	3	2	asc.day0	day0.rep1	3	2	0	p0	p0	34.680198939849	0.110014926625991	white	p0
asc_day0	30401	5177	asc_day0	asc	day0	rep1	0.499983553172593	3	4	asc.day0	day0.rep1	3	4	1	p1	p1	28.4444124999527	0.270041599537572	white	p1
asc_day0	33863	5791	asc_day0	asc	day0	rep1	0.744175058323244	3	2	asc.day0	day0.rep1	3	2	3	p3	p3	28.4921252185003	0.268817165750696	white	p3
asc_day0	20784	4320	asc_day0	asc	day0	rep1	0.721709006928406	3	4	asc.day0	day0.rep1	3	4	1	p1	p1	28.2113981602185	0.276021360051783	white	p1
asc_day0	28111	5391	asc_day0	asc	day0	rep1	1.78577780939846	3	2	asc.day0	day0.rep1	3	2	0	p0	p0	37.8252617803017	0.0293043462835595	white	p0
asc_day0	47550	6474	asc_day0	asc	day0	rep1	1.00736067297581	3	2	asc.day0	day0.rep1	3	2	0	p0	p0	37.5741360213361	0.0357488934272124	white	p0
asc_day0	20465	4406	asc_day0	asc	day0	rep1	1.45125824578549	3	2	asc.day0	day0.rep1	3	2	0	p0	p0	33.5655152378922	0.138620640739553	white	p0
asc_day0	35778	5797	asc_day0	asc	day0	rep1	0.662418245849405	3	2	asc.day0	day0.rep1	3	2	0	p0	p0	31.1224262744905	0.20131672602221	white	p0
asc_day0	33873	5605	asc_day0	asc	day0	rep1	0.811856050541729	3	2	asc.day0	day0.rep1	3	2	0	p0	p0	37.0000369454377	0.0504817849274485	white	p0
asc_day0	27882	4704	asc_day0	asc	day0	rep1	0.559500753174091	3	2	asc.day0	day0.rep1	3	2	1	p1	p1	37.6443138252217	0.0339479464935251	white	p1
asc_day0	28677	5705	asc_day0	asc	day0	rep1	1.6494054468738	3	2	asc.day0	day0.rep1	3	2	4	p4	p4	38.7637262052524	0.00522088206966376	white	p4
asc_day0	40488	5495	asc_day0	asc	day0	rep1	0.269215570045446	3	2	asc.day0	day0.rep1	3	2	0	p0	p0	36.0686415920921	0.0743838381805217	white	p0
asc_day0	22103	4491	asc_day0	asc	day0	rep1	0.674116635750803	3	0	asc.day0	day0.rep1	3	0	1	p1	p1	25.1292166248673	0.355118240800631	white	p1
asc_day0	18754	3846	asc_day0	asc	day0	rep1	0.869147915111443	3	0	asc.day0	day0.rep1	3	0	1	p1	p1	28.2113992869141	0.276021331137811	white	p1
asc_day0	43183	5798	asc_day0	asc	day0	rep1	0.0277887131510085	3	2	asc.day0	day0.rep1	3	2	0	p0	p0	36.5900369795083	0.0610034618761278	white	p0
asc_day0	36186	5597	asc_day0	asc	day0	rep1	0.961697894213232	3	2	asc.day0	day0.rep1	3	2	1	p1	p1	37.6222111746301	0.034515158611964	white	p1
asc_day0	29505	5603	asc_day0	asc	day0	rep1	1.06422640230469	3	0	asc.day0	day0.rep1	3	0	2	p2	p2	27.7813501140245	0.287057523443179	white	p2
asc_day0	28890	5218	asc_day0	asc	day0	rep1	0.9865005192108	3	2	asc.day0	day0.rep1	3	2	0	p0	p0	28.2357456378638	0.275396539769864	white	p0
asc_day0	25426	4576	asc_day0	asc	day0	rep1	1.16809565012192	3	2	asc.day0	day0.rep1	3	2	1	p1	p1	30.4295900151992	0.219096725788968	white	p1
asc_day0	19827	4641	asc_day0	asc	day0	rep1	0.42366469965199	3	2	asc.day0	day0.rep1	3	2	1	p1	p1	27.4647997423787	0.295181038138826	white	p1
asc_day0	26260	5208	asc_day0	asc	day0	rep1	0.262757044935263	3	0	asc.day0	day0.rep1	3	0	1	p1	p1	24.3499087968172	0.375117328341365	white	p1
asc_day0	28403	5054	asc_day0	asc	day0	rep1	0.397845298031898	3	4	asc.day0	day0.rep1	3	4	1	p1	p1	20.9132608627819	0.463310748714701	white	p1
asc_day0	18850	4356	asc_day0	asc	day0	rep1	1.0079575596817	3	0	asc.day0	day0.rep1	3	0	1	p1	p1	23.8585637087725	0.387726534966561	white	p1
asc_day0	33778	5385	asc_day0	asc	day0	rep1	0.213156492391497	3	2	asc.day0	day0.rep1	3	2	1	p1	p1	37.6443183320043	0.0339478308376366	white	p1
asc_day0	33349	5287	asc_day0	asc	day0	rep1	0.209901346367207	3	2	asc.day0	day0.rep1	3	2	3	p3	p3	31.8829350726606	0.181800071007778	white	p3
asc_day0	20988	4660	asc_day0	asc	day0	rep1	0.957690108633505	3	0	asc.day0	day0.rep1	3	0	1	p1	p1	24.9344465703603	0.360116552417935	white	p1
asc_day0	36890	6365	asc_day0	asc	day0	rep1	1.04093250203307	8	7	asc.day0	day0.rep1	8	7	5	p5	p5	38.7642879672303	0.00520646578053097	white	p5
asc_day0	35214	5351	asc_day0	asc	day0	rep1	0.445845402396774	3	2	asc.day0	day0.rep1	3	2	1	p1	p1	37.6382219607203	0.0341042797511483	white	p1
asc_day0	22041	4524	asc_day0	asc	day0	rep1	0.635179892019418	3	4	asc.day0	day0.rep1	3	4	1	p1	p1	19.1136682052699	0.509493027141566	white	p1
asc_day0	29409	5307	asc_day0	asc	day0	rep1	0.822877350470944	3	2	asc.day0	day0.rep1	3	2	3	p3	p3	28.879633823838	0.258872676240914	white	p3
asc_day0	35115	5446	asc_day0	asc	day0	rep1	1.04513740566709	3	2	asc.day0	day0.rep1	3	2	0	p0	p0	37.1351426114821	0.0470146183660246	white	p0
asc_day0	36157	5706	asc_day0	asc	day0	rep1	0.766103382470891	3	2	asc.day0	day0.rep1	3	2	2	p2	p2	37.9949960624241	0.0249485184005996	white	p2
asc_day0	25993	4894	asc_day0	asc	day0	rep1	0.865617666294772	3	2	asc.day0	day0.rep1	3	2	0	p0	p0	37.7848804318985	0.0303406378395529	white	p0
asc_day0	27308	4601	asc_day0	asc	day0	rep1	0.424783946096382	3	2	asc.day0	day0.rep1	3	2	3	p3	p3	28.7984314392826	0.260956542896407	white	p3
asc_day0	33185	5508	asc_day0	asc	day0	rep1	0.343528702727136	3	2	asc.day0	day0.rep1	3	2	1	p1	p1	31.1982208464017	0.199371638055422	white	p1
asc_day0	14505	3413	asc_day0	asc	day0	rep1	0.83419510513616	3	2	asc.day0	day0.rep1	3	2	1	p1	p1	27.1415554445386	0.303476336577854	white	p1
asc_day0	47130	6400	asc_day0	asc	day0	rep1	0.23976235943136	3	0	asc.day0	day0.rep1	3	0	2	p2	p2	24.0570891852673	0.382631849348658	white	p2
asc_day0	60469	7384	asc_day0	asc	day0	rep1	0.277828308720171	3	2	asc.day0	day0.rep1	3	2	3	p3	p3	29.7072976656779	0.237632646266272	white	p3
asc_day0	21602	4551	asc_day0	asc	day0	rep1	1.09249143597815	3	2	asc.day0	day0.rep1	3	2	0	p0	p0	31.1982215975322	0.199371618779441	white	p0
asc_day0	16974	3982	asc_day0	asc	day0	rep1	0.229763167196889	3	2	asc.day0	day0.rep1	3	2	0	p0	p0	38.264606023707	0.0180296180335362	white	p0
asc_day0	19520	4316	asc_day0	asc	day0	rep1	0.814549180327869	3	2	asc.day0	day0.rep1	3	2	0	p0	p0	32.2505526389937	0.172366037849142	white	p0
asc_day0	42070	6741	asc_day0	asc	day0	rep1	1.27644402186831	3	2	asc.day0	day0.rep1	3	2	0	p0	p0	28.5771337565325	0.266635623191231	white	p0
asc_day0	30182	5023	asc_day0	asc	day0	rep1	0.284938042541912	3	2	asc.day0	day0.rep1	3	2	0	p0	p0	35.2665550032287	0.0949674886053656	white	p0
asc_day0	27528	5282	asc_day0	asc	day0	rep1	1.84176111595466	3	2	asc.day0	day0.rep1	3	2	3	p3	p3	30.1871537926456	0.225318276584916	white	p3
asc_day0	26958	5438	asc_day0	asc	day0	rep1	0.649157949402775	3	2	asc.day0	day0.rep1	3	2	3	p3	p3	28.7984329415435	0.260956504344445	white	p3
asc_day0	22724	4205	asc_day0	asc	day0	rep1	0.616088716775216	3	0	asc.day0	day0.rep1	3	0	2	p2	p2	27.6618294214984	0.290124738613776	white	p2
asc_day0	36996	5467	asc_day0	asc	day0	rep1	0.591955887122932	3	2	asc.day0	day0.rep1	3	2	0	p0	p0	36.127035303097	0.0728853020486098	white	p0
asc_day0	23527	4748	asc_day0	asc	day0	rep1	1.04560717473541	3	0	asc.day0	day0.rep1	3	0	1	p1	p1	37.6443235899173	0.0339476959057667	white	p1
asc_day0	20317	3954	asc_day0	asc	day0	rep1	0.644780233302161	3	2	asc.day0	day0.rep1	3	2	0	p0	p0	31.426438399576	0.193514975694306	white	p0
asc_day0	28935	5141	asc_day0	asc	day0	rep1	0.604803870744773	3	2	asc.day0	day0.rep1	3	2	0	p0	p0	29.7084979445671	0.237601843954639	white	p0
asc_day0	31554	5255	asc_day0	asc	day0	rep1	2.84591493946885	3	2	asc.day0	day0.rep1	3	2	NA	t3	day0	30.2672884304631	0.223261811117646	white	day0
asc_day0	30080	5404	asc_day0	asc	day0	rep1	0.628324468085106	3	0	asc.day0	day0.rep1	3	0	2	p2	p2	24.5094377543946	0.371023395914361	white	p2
asc_day0	27029	5136	asc_day0	asc	day0	rep1	0.773243553220615	3	4	asc.day0	day0.rep1	3	4	1	p1	p1	25.4100265777089	0.347911919207225	white	p1
asc_day0	35990	5378	asc_day0	asc	day0	rep1	0.905807168657961	3	2	asc.day0	day0.rep1	3	2	0	p0	p0	36.431468303463	0.0650727509545949	white	p0
asc_day0	32792	5959	asc_day0	asc	day0	rep1	0.146377165162235	3	2	asc.day0	day0.rep1	3	2	3	p3	p3	38.9448032960499	0.000573967897710359	white	p3
asc_day0	34479	5772	asc_day0	asc	day0	rep1	0.997708750253778	3	0	asc.day0	day0.rep1	3	0	1	p1	p1	22.6127312118111	0.419697871928698	white	p1
asc_day0	41147	6315	asc_day0	asc	day0	rep1	0.809293508639755	8	2	asc.day0	day0.rep1	8	2	5	p5	p5	38.7642890939259	0.00520643686655886	white	p5
asc_day0	40681	5798	asc_day0	asc	day0	rep1	0.326933949509599	3	0	asc.day0	day0.rep1	3	0	1	p1	p1	25.231152737598	0.352502292174574	white	p1
asc_day0	26978	5027	asc_day0	asc	day0	rep1	1.15649788716732	3	2	asc.day0	day0.rep1	3	2	0	p0	p0	31.4264387751412	0.193514966056316	white	p0
asc_day0	44720	6116	asc_day0	asc	day0	rep1	0.518783542039356	3	2	asc.day0	day0.rep1	3	2	0	p0	p0	30.3127279202613	0.22209571435643	white	p0
asc_day0	22649	4179	asc_day0	asc	day0	rep1	0.534239922292375	3	0	asc.day0	day0.rep1	3	0	1	p1	p1	24.6933109687429	0.366304725861543	white	p1
asc_day0	18138	4027	asc_day0	asc	day0	rep1	0.121292314477892	3	0	asc.day0	day0.rep1	3	0	2	p2	p2	23.8585674644246	0.387726438586654	white	p2
asc_day0	16754	4008	asc_day0	asc	day0	rep1	0.871433687477617	3	2	asc.day0	day0.rep1	3	2	0	p0	p0	31.1982227242278	0.199371589865469	white	p0
asc_day0	16826	3674	asc_day0	asc	day0	rep1	0.944966123855937	3	0	asc.day0	day0.rep1	3	0	1	p1	p1	25.3768594754027	0.348763074243294	white	p1
asc_day0	27387	5267	asc_day0	asc	day0	rep1	1.15748347756235	11	8	asc.day0	day0.rep1	11	8	6	p6	p6	37.4054975314464	0.0400766004008217	white	p6
asc_day0	21930	4644	asc_day0	asc	day0	rep1	0.948472412220702	3	0	asc.day0	day0.rep1	3	0	1	p1	p1	24.0008862329988	0.384074164852248	white	p1
asc_day0	20725	4286	asc_day0	asc	day0	rep1	0.0772014475271411	3	2	asc.day0	day0.rep1	3	2	1	p1	p1	29.6989449209875	0.237846999653029	white	p1
asc_day0	34944	5388	asc_day0	asc	day0	rep1	1.00446428571429	3	2	asc.day0	day0.rep1	3	2	0	p0	p0	28.533370788321	0.267758696001234	white	p0
asc_day0	49176	6481	asc_day0	asc	day0	rep1	0.366032210834553	3	0	asc.day0	day0.rep1	3	0	1	p1	p1	24.0579446204667	0.382609896632641	white	p1
asc_day0	27075	5074	asc_day0	asc	day0	rep1	0.982456140350877	8	2	asc.day0	day0.rep1	8	2	5	p5	p5	28.7984340682391	0.260956475430473	white	p5
asc_day0	36541	5734	asc_day0	asc	day0	rep1	0.399551189075285	3	2	asc.day0	day0.rep1	3	2	3	p3	p3	31.0796714704612	0.202413926688997	white	p3
asc_day0	27732	5639	asc_day0	asc	day0	rep1	0.905091590941872	3	2	asc.day0	day0.rep1	3	2	3	p3	p3	28.8882879323931	0.258650589065153	white	p3
asc_day0	23874	4557	asc_day0	asc	day0	rep1	0.707883052693307	3	4	asc.day0	day0.rep1	3	4	1	p1	p1	18.592296584416	0.522872793533495	white	p1
asc_day0	27903	4902	asc_day0	asc	day0	rep1	0.80278106296814	3	2	asc.day0	day0.rep1	3	2	0	p0	p0	34.184088154679	0.12274643356766	white	p0
asc_day0	18335	4086	asc_day0	asc	day0	rep1	0.769020998091083	3	4	asc.day0	day0.rep1	3	4	1	p1	p1	28.2114011647402	0.276021282947858	white	p1
asc_day0	37642	5457	asc_day0	asc	day0	rep1	0.310823016842888	3	2	asc.day0	day0.rep1	3	2	0	p0	p0	29.7110117621098	0.237537332788078	white	p0
asc_day0	34117	5462	asc_day0	asc	day0	rep1	0.712254887592696	3	2	asc.day0	day0.rep1	3	2	0	p0	p0	37.6443307256564	0.0339475127839434	white	p0
asc_day0	24234	4642	asc_day0	asc	day0	rep1	0.165057357431708	3	2	asc.day0	day0.rep1	3	2	2	p2	p2	30.3460833591119	0.221239726109523	white	p2
asc_day0	39844	6249	asc_day0	asc	day0	rep1	1.70414617006325	3	2	asc.day0	day0.rep1	3	2	3	p3	p3	29.7110125132402	0.237537313512097	white	p3
asc_day0	35064	5593	asc_day0	asc	day0	rep1	0.561829796942733	3	2	asc.day0	day0.rep1	3	2	3	p3	p3	38.9448078028324	0.000573852241821937	white	p3
asc_day0	55968	6824	asc_day0	asc	day0	rep1	0.645011435105775	3	2	asc.day0	day0.rep1	3	2	0	p0	p0	31.1699086961647	0.200098202258522	white	p0
asc_day0	65729	7278	asc_day0	asc	day0	rep1	0.401649195940909	8	2	asc.day0	day0.rep1	8	2	4	p4	p4	37.3700331632639	0.0409867093184144	white	p4
asc_day0	12914	3523	asc_day0	asc	day0	rep1	1.19250425894378	3	0	asc.day0	day0.rep1	3	0	1	p1	p1	23.8585700933811	0.387726371120719	white	p1
asc_day0	22424	4666	asc_day0	asc	day0	rep1	1.123795932929	3	4	asc.day0	day0.rep1	3	4	1	p1	p1	23.8585708445115	0.387726351844737	white	p1
asc_day0	23187	4542	asc_day0	asc	day0	rep1	1.26363910812093	3	2	asc.day0	day0.rep1	3	2	0	p0	p0	28.7984366971956	0.260956407964538	white	p0
asc_day0	21085	4487	asc_day0	asc	day0	rep1	0.564382262271757	3	4	asc.day0	day0.rep1	3	4	1	p1	p1	23.8585719712072	0.387726322930765	white	p1
asc_day0	49012	6404	asc_day0	asc	day0	rep1	0.197910715743083	3	2	asc.day0	day0.rep1	3	2	2	p2	p2	34.1410985540473	0.123849659732507	white	p2
asc_day0	38075	5579	asc_day0	asc	day0	rep1	0.472751149047932	3	2	asc.day0	day0.rep1	3	2	0	p0	p0	29.690289198784	0.238069128239252	white	p0
asc_day0	18827	4030	asc_day0	asc	day0	rep1	0.802039623944335	3	4	asc.day0	day0.rep1	3	4	1	p1	p1	22.0363635113682	0.43448898229859	white	p1
asc_day0	27091	5509	asc_day0	asc	day0	rep1	1.01878852755528	3	2	asc.day0	day0.rep1	3	2	3	p3	p3	28.7984378238913	0.260956379050565	white	p3
asc_day0	29670	5300	asc_day0	asc	day0	rep1	0.121334681496461	3	2	asc.day0	day0.rep1	3	2	0	p0	p0	33.0980635249693	0.150616680547344	white	p0
asc_day0	22354	4656	asc_day0	asc	day0	rep1	0.0626286123288897	3	0	asc.day0	day0.rep1	3	0	1	p1	p1	26.571391672483	0.318108237836214	white	p1
asc_day0	22142	4562	asc_day0	asc	day0	rep1	0.501309728118508	3	2	asc.day0	day0.rep1	3	2	1	p1	p1	27.5426699491155	0.293182683925906	white	p1
asc_day0	49110	6872	asc_day0	asc	day0	rep1	0.30543677458766	8	2	asc.day0	day0.rep1	8	2	5	p5	p5	38.9448096806585	0.000573804051868465	white	p5
asc_day0	20062	4652	asc_day0	asc	day0	rep1	0.772604924733327	3	4	asc.day0	day0.rep1	3	4	2	p2	p2	18.9912701287405	0.512634083549857	white	p2
asc_day0	11552	2425	asc_day0	asc	day0	rep1	1.69667590027701	3	9	asc.day0	day0.rep1	3	9	0	p0	p0	24.4909275217763	0.371498417143724	white	p0
asc_day0	52395	6189	asc_day0	asc	day0	rep1	0.412253077583739	3	2	asc.day0	day0.rep1	3	2	0	p0	p0	35.787514029354	0.0815983104788169	white	p0
asc_day0	18130	4341	asc_day0	asc	day0	rep1	0.397131825703254	3	2	asc.day0	day0.rep1	3	2	1	p1	p1	27.1368155603266	0.303597974467115	white	p1
asc_day0	25064	4736	asc_day0	asc	day0	rep1	0.805936801787424	3	4	asc.day0	day0.rep1	3	4	1	p1	p1	28.2114034181315	0.276021225119913	white	p1
asc_day0	31881	5424	asc_day0	asc	day0	rep1	0.865719393996424	3	2	asc.day0	day0.rep1	3	2	0	p0	p0	30.3238573368398	0.221810104269607	white	p0
asc_day0	28077	4789	asc_day0	asc	day0	rep1	0.292053994372618	3	2	asc.day0	day0.rep1	3	2	1	p1	p1	27.1654958678651	0.302861962379834	white	p1
asc_day0	42927	6308	asc_day0	asc	day0	rep1	0.416986977892702	3	2	asc.day0	day0.rep1	3	2	2	p2	p2	28.9630731686206	0.256731403305385	white	p2
asc_day0	59372	6888	asc_day0	asc	day0	rep1	0.67371825102742	3	2	asc.day0	day0.rep1	3	2	0	p0	p0	31.2800114714248	0.197272675603138	white	p0
asc_day0	29764	4913	asc_day0	asc	day0	rep1	2.05953500873539	3	2	asc.day0	day0.rep1	3	2	1	p1	p1	37.6443344813085	0.0339474164040364	white	p1
asc_day0	17198	4102	asc_day0	asc	day0	rep1	0.930340737295034	3	4	asc.day0	day0.rep1	3	4	1	p1	p1	19.0739533498929	0.510512214734406	white	p1
asc_day0	33575	4842	asc_day0	asc	day0	rep1	0.318689501116902	3	2	asc.day0	day0.rep1	3	2	0	p0	p0	36.1429439230198	0.0724770450402273	white	p0
asc_day0	16689	4118	asc_day0	asc	day0	rep1	1.09053867817125	3	0	asc.day0	day0.rep1	3	0	1	p1	p1	26.4961977134225	0.320037912498341	white	p1
asc_day0	27958	4822	asc_day0	asc	day0	rep1	0.990771872093855	3	2	asc.day0	day0.rep1	3	2	1	p1	p1	30.3012762057196	0.222389595456256	white	p1
asc_day0	60847	7103	asc_day0	asc	day0	rep1	0.435518595822308	3	2	asc.day0	day0.rep1	3	2	0	p0	p0	36.8236341137929	0.0550087453216788	white	p0
asc_day0	15082	3862	asc_day0	asc	day0	rep1	1.02108473677231	3	2	asc.day0	day0.rep1	3	2	1	p1	p1	28.2114045448271	0.276021196205941	white	p1
asc_day0	33526	5348	asc_day0	asc	day0	rep1	0.83517270178369	3	2	asc.day0	day0.rep1	3	2	0	p0	p0	38.9607695608805	0.000164231569453221	white	p0
asc_day0	22642	4342	asc_day0	asc	day0	rep1	0.220828548714778	3	2	asc.day0	day0.rep1	3	2	1	p1	p1	37.6443359835694	0.0339473778520736	white	p1
asc_day0	21774	4410	asc_day0	asc	day0	rep1	0.43630017452007	3	2	asc.day0	day0.rep1	3	2	1	p1	p1	27.7174536970012	0.288697273477239	white	p1
asc_day0	25034	4669	asc_day0	asc	day0	rep1	0.738994966845091	3	4	asc.day0	day0.rep1	3	4	1	p1	p1	25.3495524232714	0.349463844986762	white	p1
asc_day0	21626	4259	asc_day0	asc	day0	rep1	0.73060205308425	3	2	asc.day0	day0.rep1	3	2	0	p0	p0	35.8941716841286	0.0788611946717512	white	p0
asc_day0	51428	6771	asc_day0	asc	day0	rep1	0.867231858131757	3	2	asc.day0	day0.rep1	3	2	1	p1	p1	27.817060979972	0.286141088744934	white	p1
asc_day0	28595	4761	asc_day0	asc	day0	rep1	0.178352858891415	3	2	asc.day0	day0.rep1	3	2	0	p0	p0	34.9974064913975	0.101874546966423	white	p0
asc_day0	43539	6592	asc_day0	asc	day0	rep1	1.22878338960472	8	2	asc.day0	day0.rep1	8	2	4	p4	p4	31.8744678723531	0.182017361626554	white	p4
asc_day0	30635	5224	asc_day0	asc	day0	rep1	0.244818018606169	3	2	asc.day0	day0.rep1	3	2	1	p1	p1	37.6443386125259	0.0339473103861386	white	p1
asc_day0	37911	5851	asc_day0	asc	day0	rep1	0.440505394212761	3	2	asc.day0	day0.rep1	3	2	0	p0	p0	36.0004569525207	0.0761336352782019	white	p0
asc_day0	53216	7177	asc_day0	asc	day0	rep1	0.791115453998797	8	7	asc.day0	day0.rep1	8	7	5	p5	p5	38.7642920984476	0.00520635976263328	white	p5
asc_day0	33493	5114	asc_day0	asc	day0	rep1	0.179141910249903	3	2	asc.day0	day0.rep1	3	2	0	p0	p0	34.1410996807429	0.123849630818535	white	p0
asc_day0	27024	4970	asc_day0	asc	day0	rep1	0.747483718176436	3	0	asc.day0	day0.rep1	3	0	2	p2	p2	24.934447697056	0.360116523503963	white	p2
asc_day0	25361	5322	asc_day0	asc	day0	rep1	1.28938133354363	3	0	asc.day0	day0.rep1	3	0	1	p1	p1	28.2114056715228	0.276021167291969	white	p1
asc_day0	37854	5388	asc_day0	asc	day0	rep1	0.731758862999947	3	2	asc.day0	day0.rep1	3	2	0	p0	p0	37.1074257078564	0.047725906976272	white	p0
asc_day0	33496	6102	asc_day0	asc	day0	rep1	0.674707427752568	8	2	asc.day0	day0.rep1	8	2	5	p5	p5	38.7642924740128	0.00520635012464254	white	p5
asc_day0	27490	4945	asc_day0	asc	day0	rep1	1.8915969443434	3	2	asc.day0	day0.rep1	3	2	0	p0	p0	37.6443401147867	0.0339472718341758	white	p0
asc_day0	27228	4988	asc_day0	asc	day0	rep1	0.282797120611136	3	2	asc.day0	day0.rep1	3	2	0	p0	p0	36.6904597616516	0.0584263492912406	white	p0
asc_day0	28790	5564	asc_day0	asc	day0	rep1	0.646057658909344	3	2	asc.day0	day0.rep1	3	2	3	p3	p3	38.944812309615	0.000573736585933515	white	p3
asc_day0	25840	4801	asc_day0	asc	day0	rep1	1.18808049535604	3	0	asc.day0	day0.rep1	3	0	1	p1	p1	22.5724474351835	0.420731659536432	white	p1
asc_day0	41240	5998	asc_day0	asc	day0	rep1	0.458292919495635	3	2	asc.day0	day0.rep1	3	2	0	p0	p0	32.0156473339495	0.17839432550425	white	p0
asc_day0	24939	4844	asc_day0	asc	day0	rep1	0.517262119571755	3	0	asc.day0	day0.rep1	3	0	1	p1	p1	26.2181068794553	0.32717445435331	white	p1
asc_day0	35060	5408	asc_day0	asc	day0	rep1	0.995436394751854	3	2	asc.day0	day0.rep1	3	2	0	p0	p0	34.0236337889402	0.126864114400831	white	p0
asc_day0	21435	4458	asc_day0	asc	day0	rep1	0.85840914392349	3	2	asc.day0	day0.rep1	3	2	1	p1	p1	27.6321624751294	0.29088607044716	white	p1
asc_day0	16920	3852	asc_day0	asc	day0	rep1	0.709219858156028	3	4	asc.day0	day0.rep1	3	4	3	p3	p3	23.8585749757289	0.38772624582684	white	p3
asc_day0	23131	4421	asc_day0	asc	day0	rep1	0.851670917815918	3	2	asc.day0	day0.rep1	3	2	1	p1	p1	37.644342368178	0.0339472140062316	white	p1
asc_day0	30586	5268	asc_day0	asc	day0	rep1	0.755247498855686	3	2	asc.day0	day0.rep1	3	2	1	p1	p1	28.2114071737836	0.276021128740007	white	p1
asc_day0	17475	4204	asc_day0	asc	day0	rep1	0.915593705293276	3	0	asc.day0	day0.rep1	3	0	1	p1	p1	26.5503112348936	0.318649217281784	white	p1
asc_day0	19833	4290	asc_day0	asc	day0	rep1	0.277315585135885	3	2	asc.day0	day0.rep1	3	2	1	p1	p1	28.5438573416546	0.267489583475256	white	p1
asc_day0	36853	5137	asc_day0	asc	day0	rep1	0.200797764089762	3	2	asc.day0	day0.rep1	3	2	0	p0	p0	35.6067291837759	0.0862377248701761	white	p0
asc_day0	27370	5020	asc_day0	asc	day0	rep1	0.580928023383266	3	2	asc.day0	day0.rep1	3	2	0	p0	p0	34.9646002496993	0.10271644137065	white	p0
asc_day0	24895	4758	asc_day0	asc	day0	rep1	0.4177545691906	3	4	asc.day0	day0.rep1	3	4	1	p1	p1	28.2114079249141	0.276021109464025	white	p1
asc_day0	52127	6920	asc_day0	asc	day0	rep1	0.387515107334011	3	2	asc.day0	day0.rep1	3	2	1	p1	p1	37.9380118932708	0.0264108819831455	white	p1
asc_day0	31634	4982	asc_day0	asc	day0	rep1	0.195991654548903	3	2	asc.day0	day0.rep1	3	2	0	p0	p0	35.3924706877499	0.0917361611287886	white	p0
asc_day0	54315	6727	asc_day0	asc	day0	rep1	0.491576912455123	3	2	asc.day0	day0.rep1	3	2	2	p2	p2	37.8414664269327	0.0288884924516388	white	p2
asc_day0	23411	4533	asc_day0	asc	day0	rep1	0.24774678569903	3	2	asc.day0	day0.rep1	3	2	0	p0	p0	32.7401535068782	0.159801592498528	white	p0
asc_day0	53599	6842	asc_day0	asc	day0	rep1	0.391798354446911	3	2	asc.day0	day0.rep1	3	2	4	p4	p4	38.9448138118759	0.000573698033970671	white	p4
asc_day0	24912	4860	asc_day0	asc	day0	rep1	1.15606936416185	3	0	asc.day0	day0.rep1	3	0	1	p1	p1	25.2491635729269	0.352040086792491	white	p1
asc_day0	43243	5971	asc_day0	asc	day0	rep1	0.0925005203154268	3	2	asc.day0	day0.rep1	3	2	0	p0	p0	35.6067299349064	0.0862377055941947	white	p0
asc_day0	36284	6306	asc_day0	asc	day0	rep1	0.915003858450006	3	2	asc.day0	day0.rep1	3	2	5	p5	p5	38.9448141874411	0.000573688395980043	white	p5
asc_day0	19772	4308	asc_day0	asc	day0	rep1	0.976127857576371	3	4	asc.day0	day0.rep1	3	4	2	p2	p2	24.1222446409592	0.380959789072554	white	p2
asc_day0	15286	3880	asc_day0	asc	day0	rep1	1.62239958131624	3	4	asc.day0	day0.rep1	3	4	2	p2	p2	20.7559315756088	0.467348231816558	white	p2
asc_day0	28962	5117	asc_day0	asc	day0	rep1	0.904633657896554	3	2	asc.day0	day0.rep1	3	2	2	p2	p2	31.1982238509234	0.199371560951496	white	p2
asc_day0	18699	4128	asc_day0	asc	day0	rep1	1.29418685491203	3	2	asc.day0	day0.rep1	3	2	4	p4	p4	38.9593260392297	0.000201276129797368	white	p4
asc_day0	19116	4226	asc_day0	asc	day0	rep1	1.03578154425612	3	4	asc.day0	day0.rep1	3	4	1	p1	p1	23.2880309767098	0.402367904708637	white	p1
asc_day0	45816	6223	asc_day0	asc	day0	rep1	0.903614457831325	3	2	asc.day0	day0.rep1	3	2	4	p4	p4	38.6054379073753	0.00928297590726668	white	p4
asc_day0	59425	6719	asc_day0	asc	day0	rep1	0.0858224652923854	3	2	asc.day0	day0.rep1	3	2	0	p0	p0	37.1407694683579	0.0468702184265026	white	p0
asc_day0	25924	4948	asc_day0	asc	day0	rep1	0.74448387594507	3	2	asc.day0	day0.rep1	3	2	0	p0	p0	28.798440828413	0.26095630194664	white	p0
asc_day0	39172	6304	asc_day0	asc	day0	rep1	0.906259573164505	3	2	asc.day0	day0.rep1	3	2	0	p0	p0	29.7110143910663	0.237537265322143	white	p0
asc_day0	22345	4428	asc_day0	asc	day0	rep1	0.912955918550011	3	2	asc.day0	day0.rep1	3	2	2	p2	p2	28.5634772122598	0.266986086018093	white	p2
asc_day0	40580	5889	asc_day0	asc	day0	rep1	0.253819615574174	3	2	asc.day0	day0.rep1	3	2	1	p1	p1	37.6443464993954	0.0339471079883339	white	p1
asc_day0	32747	4963	asc_day0	asc	day0	rep1	0.424466363330992	3	2	asc.day0	day0.rep1	3	2	0	p0	p0	34.2222348873892	0.121767488124788	white	p0
asc_day0	27064	5376	asc_day0	asc	day0	rep1	1.25628140703518	3	4	asc.day0	day0.rep1	3	4	1	p1	p1	20.7728227473985	0.466914759944302	white	p1
asc_day0	31328	4991	asc_day0	asc	day0	rep1	0.328779366700715	3	0	asc.day0	day0.rep1	3	0	1	p1	p1	22.4428871897074	0.424056516028068	white	p1
asc_day0	69019	6819	asc_day0	asc	day0	rep1	0.195598313507875	3	2	asc.day0	day0.rep1	3	2	0	p0	p0	34.6779054142256	0.110073784522791	white	p0
asc_day0	36635	5276	asc_day0	asc	day0	rep1	0.215640780674219	3	2	asc.day0	day0.rep1	3	2	0	p0	p0	36.964064250868	0.0514049388364441	white	p0
asc_day0	24771	4566	asc_day0	asc	day0	rep1	0.738767106697348	3	2	asc.day0	day0.rep1	3	2	0	p0	p0	34.1411000563081	0.123849621180544	white	p0
asc_day0	49013	6617	asc_day0	asc	day0	rep1	0.210148327994614	3	0	asc.day0	day0.rep1	3	0	1	p1	p1	24.5291953308852	0.370516364562171	white	p1
asc_day0	34660	6138	asc_day0	asc	day0	rep1	0.409694171956145	3	4	asc.day0	day0.rep1	3	4	1	p1	p1	18.991270879871	0.512634064273875	white	p1
asc_day0	70204	7274	asc_day0	asc	day0	rep1	0.665204261865421	3	2	asc.day0	day0.rep1	3	2	0	p0	p0	35.9597023003919	0.0771795067891519	white	p0
asc_day0	37011	5407	asc_day0	asc	day0	rep1	0.543081786495907	3	2	asc.day0	day0.rep1	3	2	1	p1	p1	37.644347626091	0.0339470790743618	white	p1
asc_day0	35226	5476	asc_day0	asc	day0	rep1	0.686992562311929	3	2	asc.day0	day0.rep1	3	2	3	p3	p3	30.2672921861153	0.223261714737739	white	p3
asc_day0	23341	4799	asc_day0	asc	day0	rep1	0.861145623580823	3	0	asc.day0	day0.rep1	3	0	1	p1	p1	22.729923563904	0.416690408094446	white	p1
asc_day0	21209	4553	asc_day0	asc	day0	rep1	0.999575651845914	3	0	asc.day0	day0.rep1	3	0	1	p1	p1	25.466403778552	0.34646513202714	white	p1
asc_day0	23944	4604	asc_day0	asc	day0	rep1	1.12763113932509	3	2	asc.day0	day0.rep1	3	2	1	p1	p1	27.2121010755739	0.301665950232549	white	p1
asc_day0	69209	7486	asc_day0	asc	day0	rep1	0.0505714574694043	3	2	asc.day0	day0.rep1	3	2	0	p0	p0	31.364750743735	0.195098043109956	white	p0
asc_day0	39915	5488	asc_day0	asc	day0	rep1	0.541149943630214	3	2	asc.day0	day0.rep1	3	2	1	p1	p1	30.4751069016846	0.217928642825292	white	p1
asc_day0	28158	4551	asc_day0	asc	day0	rep1	0.142055543717594	3	2	asc.day0	day0.rep1	3	2	0	p0	p0	27.4188259169095	0.296360847358042	white	p0
asc_day0	26680	4996	asc_day0	asc	day0	rep1	1.30809595202399	8	2	asc.day0	day0.rep1	8	2	4	p4	p4	38.9448179430932	0.000573592016072988	white	p4
asc_day0	34660	5595	asc_day0	asc	day0	rep1	0.438545874206578	11	8	asc.day0	day0.rep1	11	8	6	p6	p6	36.2018314573269	0.0709658361042014	white	p6
asc_day0	22877	4582	asc_day0	asc	day0	rep1	0.14862088560563	3	2	asc.day0	day0.rep1	3	2	0	p0	p0	37.6443483772215	0.0339470597983803	white	p0
asc_day0	26347	4366	asc_day0	asc	day0	rep1	0.812236687288875	3	2	asc.day0	day0.rep1	3	2	0	p0	p0	35.7002767190601	0.083837049193598	white	p0
asc_day0	75015	7984	asc_day0	asc	day0	rep1	0.755848830233953	3	2	asc.day0	day0.rep1	3	2	5	p5	p5	29.7110151421967	0.237537246046162	white	p5
asc_day0	33001	5400	asc_day0	asc	day0	rep1	0.127268870640284	3	2	asc.day0	day0.rep1	3	2	0	p0	p0	37.4347289989866	0.0393264440989888	white	p0
asc_day0	34977	5661	asc_day0	asc	day0	rep1	0.777653886839923	3	2	asc.day0	day0.rep1	3	2	1	p1	p1	24.1163409399128	0.381111293561271	white	p1
asc_day0	43759	5983	asc_day0	asc	day0	rep1	0.70385520692886	3	2	asc.day0	day0.rep1	3	2	0	p0	p0	36.0597244898808	0.0746126744648705	white	p0
asc_day0	18969	3935	asc_day0	asc	day0	rep1	0.537719436976119	3	2	asc.day0	day0.rep1	3	2	1	p1	p1	37.6443491283519	0.0339470405223989	white	p1
asc_day0	42663	6046	asc_day0	asc	day0	rep1	1.12978459086328	3	2	asc.day0	day0.rep1	3	2	2	p2	p2	37.1354620646698	0.0470064203574384	white	p2
asc_day0	6908	2451	asc_day0	asc	day0	rep1	5.21134916039375	3	2	asc.day0	day0.rep1	3	2	NA	t3	day0	35.7875144049193	0.0815983008408262	white	day0
asc_day0	51917	7116	asc_day0	asc	day0	rep1	0.496947050099197	8	7	asc.day0	day0.rep1	8	7	5	p5	p5	38.9448194453541	0.000573553464110144	white	p5
asc_day0	24011	4913	asc_day0	asc	day0	rep1	0.174919828411978	11	8	asc.day0	day0.rep1	11	8	6	p6	p6	37.3692206546683	0.0410075604249315	white	p6
asc_day0	17970	4471	asc_day0	asc	day0	rep1	1.12409571508069	3	0	asc.day0	day0.rep1	3	0	1	p1	p1	23.8585802336419	0.38772611089497	white	p1
asc_day0	49108	6535	asc_day0	asc	day0	rep1	0.769732019222937	3	2	asc.day0	day0.rep1	3	2	0	p0	p0	36.2498687869918	0.0697330719427081	white	p0
asc_day0	18397	4391	asc_day0	asc	day0	rep1	1.28281785073653	3	4	asc.day0	day0.rep1	3	4	1	p1	p1	22.4428879408378	0.424056496752087	white	p1
asc_day0	33299	5544	asc_day0	asc	day0	rep1	1.38742905192348	3	2	asc.day0	day0.rep1	3	2	0	p0	p0	28.7984438329347	0.260956224842714	white	p0
asc_day0	57742	6771	asc_day0	asc	day0	rep1	0.313463336912473	3	2	asc.day0	day0.rep1	3	2	0	p0	p0	33.5655178668487	0.138620573273618	white	p0
asc_day0	43337	6045	asc_day0	asc	day0	rep1	0.542261808616194	3	2	asc.day0	day0.rep1	3	2	0	p0	p0	33.0980669050562	0.150616593805428	white	p0
asc_day0	19001	4328	asc_day0	asc	day0	rep1	1.34729751065733	3	0	asc.day0	day0.rep1	3	0	1	p1	p1	26.41881386024	0.32202378560051	white	p1
asc_day0	12747	3311	asc_day0	asc	day0	rep1	1.27873225072566	3	2	asc.day0	day0.rep1	3	2	1	p1	p1	37.644352884004	0.0339469441424919	white	p1
asc_day0	47452	6431	asc_day0	asc	day0	rep1	0.655399140183765	3	2	asc.day0	day0.rep1	3	2	0	p0	p0	36.6674576292973	0.0590166444762998	white	p0
asc_day0	23424	4360	asc_day0	asc	day0	rep1	0.328722677595628	3	2	asc.day0	day0.rep1	3	2	2	p2	p2	31.4264462864455	0.193514773296501	white	p2
asc_day0	29091	4938	asc_day0	asc	day0	rep1	0.986559417001822	3	2	asc.day0	day0.rep1	3	2	0	p0	p0	32.729086660382	0.160085596872553	white	p0
asc_day0	27827	5021	asc_day0	asc	day0	rep1	0.233586085456571	3	0	asc.day0	day0.rep1	3	0	2	p2	p2	26.5147289326273	0.319562352697995	white	p2
asc_day0	45998	6220	asc_day0	asc	day0	rep1	0.334797165094135	3	2	asc.day0	day0.rep1	3	2	0	p0	p0	38.2646124083157	0.0180294541876943	white	p0
asc_day0	27856	4756	asc_day0	asc	day0	rep1	1.63340034462952	3	2	asc.day0	day0.rep1	3	2	0	p0	p0	36.6259413061127	0.0600820624688486	white	p0
asc_day0	18398	4427	asc_day0	asc	day0	rep1	0.815306011522992	3	2	asc.day0	day0.rep1	3	2	1	p1	p1	27.6824308984413	0.289596050557504	white	p1
asc_day0	34287	5610	asc_day0	asc	day0	rep1	0.659141948843585	3	2	asc.day0	day0.rep1	3	2	3	p3	p3	28.925587248155	0.257693390568894	white	p3
asc_day0	20570	4217	asc_day0	asc	day0	rep1	0.505590666018473	3	0	asc.day0	day0.rep1	3	0	1	p1	p1	26.0967144997365	0.330289701937629	white	p1
asc_day0	31361	5589	asc_day0	asc	day0	rep1	0.778036414655145	3	2	asc.day0	day0.rep1	3	2	3	p3	p3	30.2672933128109	0.223261685823767	white	p3
asc_day0	18090	4262	asc_day0	asc	day0	rep1	1.37645107794362	3	0	asc.day0	day0.rep1	3	0	1	p1	p1	24.0932128648297	0.381704820767834	white	p1
asc_day0	33417	5830	asc_day0	asc	day0	rep1	0.200496753149595	3	2	asc.day0	day0.rep1	3	2	3	p3	p3	38.9448247032671	0.000573418532240244	white	p3
asc_day0	42782	6120	asc_day0	asc	day0	rep1	0.371651629189846	3	2	asc.day0	day0.rep1	3	2	0	p0	p0	32.2296350232472	0.172902838858194	white	p0
asc_day0	41584	6371	asc_day0	asc	day0	rep1	0.430454020777222	8	2	asc.day0	day0.rep1	8	2	4	p4	p4	38.9448250788323	0.000573408894249616	white	p4
asc_day0	19039	3881	asc_day0	asc	day0	rep1	1.07148484689322	3	2	asc.day0	day0.rep1	3	2	0	p0	p0	35.6067329394281	0.0862376284902691	white	p0
asc_day0	34677	4814	asc_day0	asc	day0	rep1	0.325864405802117	3	0	asc.day0	day0.rep1	3	0	1	p1	p1	26.327471158605	0.324367879449506	white	p1
asc_day0	49659	6613	asc_day0	asc	day0	rep1	0.493364747578485	3	2	asc.day0	day0.rep1	3	2	3	p3	p3	30.1891254250965	0.225267679313125	white	p3
asc_day0	22787	4555	asc_day0	asc	day0	rep1	0.684600868916488	3	0	asc.day0	day0.rep1	3	0	1	p1	p1	22.0619666318669	0.433831938920172	white	p1
asc_day0	31977	5204	asc_day0	asc	day0	rep1	0.566031835381681	3	2	asc.day0	day0.rep1	3	2	1	p1	p1	37.6443588930475	0.0339467899346406	white	p1
asc_day0	42668	5600	asc_day0	asc	day0	rep1	0.499203149901566	3	2	asc.day0	day0.rep1	3	2	1	p1	p1	37.6232322225475	0.034488955838234	white	p1
asc_day0	26252	5191	asc_day0	asc	day0	rep1	0.636142008227945	3	0	asc.day0	day0.rep1	3	0	1	p1	p1	26.4266445302231	0.321822830023191	white	p1
asc_day0	20480	4352	asc_day0	asc	day0	rep1	1.11328125	3	2	asc.day0	day0.rep1	3	2	1	p1	p1	26.124304696433	0.329581664960278	white	p1
asc_day0	43561	6364	asc_day0	asc	day0	rep1	0.601455430316108	8	7	asc.day0	day0.rep1	8	7	4	p4	p4	38.9448258299627	0.000573389618268139	white	p4
asc_day0	40176	6031	asc_day0	asc	day0	rep1	0.0746714456391876	3	2	asc.day0	day0.rep1	3	2	0	p0	p0	36.6476471996253	0.0595250321800679	white	p0
asc_day0	37931	5894	asc_day0	asc	day0	rep1	1.12836466214969	3	2	asc.day0	day0.rep1	3	2	2	p2	p2	31.8744708768748	0.182017284522628	white	p2
asc_day0	51050	6912	asc_day0	asc	day0	rep1	0.544564152791381	3	0	asc.day0	day0.rep1	3	0	1	p1	p1	23.8344581521293	0.388345146919596	white	p1
asc_day0	22181	4714	asc_day0	asc	day0	rep1	0.27951850683017	3	0	asc.day0	day0.rep1	3	0	1	p1	p1	23.8585836137288	0.387726024153054	white	p1
asc_day0	33118	5239	asc_day0	asc	day0	rep1	1.77245002717555	3	2	asc.day0	day0.rep1	3	2	0	p0	p0	37.6325371042962	0.03425016811155	white	p0
asc_day0	25171	5097	asc_day0	asc	day0	rep1	0.937586905565929	3	2	asc.day0	day0.rep1	3	2	1	p1	p1	27.2895411036666	0.299678635534508	white	p1
asc_day0	42752	6206	asc_day0	asc	day0	rep1	0.93562874251497	3	2	asc.day0	day0.rep1	3	2	1	p1	p1	37.6443618975692	0.033946712830715	white	p1
asc_day0	37700	5667	asc_day0	asc	day0	rep1	0.554376657824934	3	2	asc.day0	day0.rep1	3	2	0	p0	p0	35.0950176954126	0.0993695868674881	white	p0
asc_day0	21874	4277	asc_day0	asc	day0	rep1	0.74060528481302	3	2	asc.day0	day0.rep1	3	2	0	p0	p0	36.5671029388508	0.0615920096492447	white	p0
asc_day0	44771	6233	asc_day0	asc	day0	rep1	0.241227580353354	3	0	asc.day0	day0.rep1	3	0	1	p1	p1	25.2311546154241	0.35250224398462	white	p1
asc_day0	29549	5103	asc_day0	asc	day0	rep1	0.741141832210904	3	2	asc.day0	day0.rep1	3	2	0	p0	p0	36.6879174350845	0.0584915920743153	white	p0
asc_day0	23233	4369	asc_day0	asc	day0	rep1	1.13631472474497	3	2	asc.day0	day0.rep1	3	2	0	p0	p0	34.3100378970066	0.119514232078237	white	p0
asc_day0	39576	6015	asc_day0	asc	day0	rep1	1.07893672933091	3	2	asc.day0	day0.rep1	3	2	0	p0	p0	36.1131978829727	0.0732404066253176	white	p0
asc_day0	22320	3838	asc_day0	asc	day0	rep1	0.403225806451613	3	2	asc.day0	day0.rep1	3	2	0	p0	p0	35.8542487551744	0.0798857219795751	white	p0
asc_day0	34402	5568	asc_day0	asc	day0	rep1	0.967966978664031	3	2	asc.day0	day0.rep1	3	2	0	p0	p0	36.4960895097314	0.0634144009231533	white	p0
asc_day0	37110	5708	asc_day0	asc	day0	rep1	0.503907302613851	3	2	asc.day0	day0.rep1	3	2	0	p0	p0	38.2646157884026	0.0180293674457779	white	p0
asc_day0	32989	5094	asc_day0	asc	day0	rep1	1.33377792597533	3	0	asc.day0	day0.rep1	3	0	2	p2	p2	22.93134483663	0.411521408732676	white	p2
asc_day0	29596	5213	asc_day0	asc	day0	rep1	0.601432626030545	3	2	asc.day0	day0.rep1	3	2	3	p3	p3	28.6099620559816	0.265793162727132	white	p3
asc_day0	36015	5660	asc_day0	asc	day0	rep1	0.905178397889768	3	2	asc.day0	day0.rep1	3	2	0	p0	p0	29.7110155177619	0.237537236408171	white	p0
asc_day0	33699	5230	asc_day0	asc	day0	rep1	0.278940027894003	3	2	asc.day0	day0.rep1	3	2	0	p0	p0	38.2646161639678	0.0180293578077872	white	p0
asc_day0	22704	4656	asc_day0	asc	day0	rep1	1.52396053558844	3	2	asc.day0	day0.rep1	3	2	1	p1	p1	28.2114158117836	0.27602090706622	white	p1
asc_day0	46349	6460	asc_day0	asc	day0	rep1	0.604112278582062	3	2	asc.day0	day0.rep1	3	2	1	p1	p1	37.6443652776561	0.0339466260887987	white	p1
asc_day0	34599	5340	asc_day0	asc	day0	rep1	0.661868840139888	3	2	asc.day0	day0.rep1	3	2	0	p0	p0	38.264616539533	0.0180293481697965	white	p0
asc_day0	28948	5477	asc_day0	asc	day0	rep1	1.12961171756253	3	2	asc.day0	day0.rep1	3	2	2	p2	p2	27.9379758927408	0.283038094217735	white	p2
asc_day0	27885	5280	asc_day0	asc	day0	rep1	1.62452931683701	3	2	asc.day0	day0.rep1	3	2	4	p4	p4	37.9288436559071	0.0266461630556963	white	p4
asc_day0	26567	4940	asc_day0	asc	day0	rep1	0.606014980991456	3	2	asc.day0	day0.rep1	3	2	0	p0	p0	31.4025291496804	0.194128549900139	white	p0
asc_day0	36223	5570	asc_day0	asc	day0	rep1	0.507964552908373	3	2	asc.day0	day0.rep1	3	2	3	p3	p3	28.7984494664129	0.260956080272854	white	p3
asc_day0	19716	4179	asc_day0	asc	day0	rep1	0.9028200446338	3	0	asc.day0	day0.rep1	3	0	1	p1	p1	23.2880317278402	0.402367885432655	white	p1
asc_day0	35420	5173	asc_day0	asc	day0	rep1	0.18068887634105	3	2	asc.day0	day0.rep1	3	2	0	p0	p0	35.5275511928986	0.0882696402620924	white	p0
asc_day0	15967	4086	asc_day0	asc	day0	rep1	0.645080478486879	3	0	asc.day0	day0.rep1	3	0	1	p1	p1	28.2114173140444	0.276020868514257	white	p1
asc_day0	26758	4753	asc_day0	asc	day0	rep1	0.179385604305254	3	2	asc.day0	day0.rep1	3	2	0	p0	p0	29.8634572539849	0.233625180712268	white	p0
asc_day0	29880	5521	asc_day0	asc	day0	rep1	0.599062918340027	3	4	asc.day0	day0.rep1	3	4	2	p2	p2	18.457751636028	0.52632557060582	white	p2
asc_day0	39761	5908	asc_day0	asc	day0	rep1	0.138326500842534	3	2	asc.day0	day0.rep1	3	2	0	p0	p0	32.3731461291895	0.169219966612461	white	p0
asc_day0	29102	4979	asc_day0	asc	day0	rep1	0.71129132018418	3	2	asc.day0	day0.rep1	3	2	1	p1	p1	31.1748983734837	0.19997015402147	white	p1
asc_day0	62894	7330	asc_day0	asc	day0	rep1	1.03189493433396	8	7	asc.day0	day0.rep1	8	7	5	p5	p5	38.7642992341867	0.00520617664080991	white	p5
asc_day0	25972	5118	asc_day0	asc	day0	rep1	0.962575080856307	3	0	asc.day0	day0.rep1	3	0	1	p1	p1	24.934449574882	0.36011647531401	white	p1
asc_day0	35656	5525	asc_day0	asc	day0	rep1	0.207538703163563	3	2	asc.day0	day0.rep1	3	2	2	p2	p2	37.0834113084775	0.0483421795942675	white	p2
asc_day0	21238	4649	asc_day0	asc	day0	rep1	1.37489405782089	3	2	asc.day0	day0.rep1	3	2	0	p0	p0	35.1749666883055	0.0973178855370147	white	p0
asc_day0	25737	5035	asc_day0	asc	day0	rep1	1.65520456929712	3	2	asc.day0	day0.rep1	3	2	0	p0	p0	31.9622038478061	0.179765825852883	white	p0
asc_day0	28049	4889	asc_day0	asc	day0	rep1	0.556169560412136	3	2	asc.day0	day0.rep1	3	2	0	p0	p0	30.2553724901229	0.223567605471836	white	p0
asc_day0	39410	6160	asc_day0	asc	day0	rep1	0.426287744227353	3	2	asc.day0	day0.rep1	3	2	4	p4	p4	38.1240363930725	0.0216370042902125	white	p4
asc_day0	33904	5864	asc_day0	asc	day0	rep1	0.274303916941954	3	2	asc.day0	day0.rep1	3	2	0	p0	p0	36.2787439697832	0.0689920588441404	white	p0
asc_day0	14779	4026	asc_day0	asc	day0	rep1	1.24500981121862	3	2	asc.day0	day0.rep1	3	2	0	p0	p0	31.0465212908576	0.203264647444034	white	p0
asc_day0	46035	6322	asc_day0	asc	day0	rep1	0.134680134680135	3	2	asc.day0	day0.rep1	3	2	0	p0	p0	29.6902922033057	0.238069051135326	white	p0
asc_day0	22078	4750	asc_day0	asc	day0	rep1	0.53446870187517	3	4	asc.day0	day0.rep1	3	4	1	p1	p1	28.2388769519566	0.27531618201853	white	p1
asc_day0	40686	6020	asc_day0	asc	day0	rep1	0.963476380081601	3	2	asc.day0	day0.rep1	3	2	0	p0	p0	36.0662225762445	0.074445916486369	white	p0
asc_day0	47374	6612	asc_day0	asc	day0	rep1	0.0928779499303415	3	0	asc.day0	day0.rep1	3	0	1	p1	p1	26.2372652495685	0.326682800211981	white	p1
asc_day0	27384	5091	asc_day0	asc	day0	rep1	0.774174700555069	3	2	asc.day0	day0.rep1	3	2	0	p0	p0	37.6443705355691	0.0339464911569288	white	p0
asc_day0	21991	4738	asc_day0	asc	day0	rep1	0.941294165795098	3	2	asc.day0	day0.rep1	3	2	0	p0	p0	28.2114191918705	0.276020820324304	white	p0
asc_day0	57929	7272	asc_day0	asc	day0	rep1	0.605914136270262	8	7	asc.day0	day0.rep1	8	7	5	p5	p5	38.9448303367453	0.000573273962379717	white	p5
asc_day0	38974	5826	asc_day0	asc	day0	rep1	0.877508082311284	3	2	asc.day0	day0.rep1	3	2	0	p0	p0	38.5897313774223	0.00968604675576079	white	p0
asc_day0	63147	7698	asc_day0	asc	day0	rep1	0.494085229702124	8	7	asc.day0	day0.rep1	8	7	4	p4	p4	38.9448307123105	0.000573264324389089	white	p4
asc_day0	67507	7643	asc_day0	asc	day0	rep1	0.1747966877509	3	2	asc.day0	day0.rep1	3	2	0	p0	p0	32.7500378253766	0.159547934901602	white	p0
asc_day0	39583	5934	asc_day0	asc	day0	rep1	0.922113028320238	3	2	asc.day0	day0.rep1	3	2	0	p0	p0	35.3078921941871	0.0939066676166529	white	p0
asc_day0	17327	3945	asc_day0	asc	day0	rep1	0.825301552490333	3	4	asc.day0	day0.rep1	3	4	1	p1	p1	20.8446751651641	0.46507083801617	white	p1
asc_day0	16992	4279	asc_day0	asc	day0	rep1	1.594868173258	3	0	asc.day0	day0.rep1	3	0	1	p1	p1	23.8585892472071	0.387725879583193	white	p1
asc_day0	32294	5269	asc_day0	asc	day0	rep1	0.263206787638571	3	2	asc.day0	day0.rep1	3	2	0	p0	p0	28.5082182706868	0.268404175725585	white	p0
asc_day0	26541	5071	asc_day0	asc	day0	rep1	0.730944576315889	3	2	asc.day0	day0.rep1	3	2	4	p4	p4	38.9448310878757	0.00057325468639835	white	p4
asc_day0	43196	6109	asc_day0	asc	day0	rep1	0.379664783776276	3	2	asc.day0	day0.rep1	3	2	0	p0	p0	36.0662229518097	0.0744459068483784	white	p0
asc_day0	32825	5325	asc_day0	asc	day0	rep1	1.5049504950495	3	2	asc.day0	day0.rep1	3	2	0	p0	p0	35.2482859161408	0.0954363214064888	white	p0
asc_day0	38496	5683	asc_day0	asc	day0	rep1	0.264962593516209	3	2	asc.day0	day0.rep1	3	2	1	p1	p1	37.644373915656	0.0339464044150125	white	p1
asc_day0	29432	5254	asc_day0	asc	day0	rep1	1.24014677901604	3	0	asc.day0	day0.rep1	3	0	1	p1	p1	26.5315468532124	0.319130760644217	white	p1
asc_day0	26504	4929	asc_day0	asc	day0	rep1	0.290522185330516	3	0	asc.day0	day0.rep1	3	0	1	p1	p1	22.0312648007431	0.434619828616907	white	p1
asc_day0	38030	5733	asc_day0	asc	day0	rep1	0.286615829608204	3	0	asc.day0	day0.rep1	3	0	1	p1	p1	25.4156458461993	0.347767714005622	white	p1
asc_day0	31374	5521	asc_day0	asc	day0	rep1	1.25262956588258	3	2	asc.day0	day0.rep1	3	2	4	p4	p4	38.9455680864203	0.00055434136629573	white	p4
asc_day0	29187	5367	asc_day0	asc	day0	rep1	0.198718607599274	3	2	asc.day0	day0.rep1	3	2	0	p0	p0	30.2862735603089	0.222774602777	white	p0
asc_day0	32101	5691	asc_day0	asc	day0	rep1	0.588766705087069	3	2	asc.day0	day0.rep1	3	2	0	p0	p0	37.6507549408724	0.0337826505332878	white	p0
asc_day0	15466	3932	asc_day0	asc	day0	rep1	1.13151428940903	3	4	asc.day0	day0.rep1	3	4	1	p1	p1	23.2448089853492	0.403477094630504	white	p1
asc_day0	46933	6184	asc_day0	asc	day0	rep1	0.343042209106599	3	2	asc.day0	day0.rep1	3	2	3	p3	p3	38.9448322145714	0.000573225772426245	white	p3
asc_day0	41750	5740	asc_day0	asc	day0	rep1	0.912574850299401	3	2	asc.day0	day0.rep1	3	2	0	p0	p0	35.9833478242393	0.0765727004870081	white	p0
asc_day0	26796	4986	asc_day0	asc	day0	rep1	0.190326914464846	3	2	asc.day0	day0.rep1	3	2	1	p1	p1	27.63556672181	0.290798708528127	white	p1
asc_day0	57272	6447	asc_day0	asc	day0	rep1	0.209526470177399	3	2	asc.day0	day0.rep1	3	2	0	p0	p0	33.9520836544637	0.128700278945115	white	p0
asc_day0	28318	4875	asc_day0	asc	day0	rep1	0.11300233067307	3	2	asc.day0	day0.rep1	3	2	1	p1	p1	29.6993321144805	0.237837063250131	white	p1
asc_day0	24923	4495	asc_day0	asc	day0	rep1	0.910805280263211	3	2	asc.day0	day0.rep1	3	2	0	p0	p0	35.6067355683846	0.0862375610243342	white	p0
asc_day0	27995	5098	asc_day0	asc	day0	rep1	1.17878192534381	3	2	asc.day0	day0.rep1	3	2	0	p0	p0	33.8749476230579	0.130679792289011	white	p0
asc_day0	21369	4389	asc_day0	asc	day0	rep1	0.332257007815059	3	2	asc.day0	day0.rep1	3	2	0	p0	p0	27.4686599440915	0.295081975215034	white	p0
asc_day0	24865	5033	asc_day0	asc	day0	rep1	0.530866680072391	3	2	asc.day0	day0.rep1	3	2	0	p0	p0	31.2447414871143	0.198177796119572	white	p0
asc_day0	33057	5317	asc_day0	asc	day0	rep1	0.995250627703663	3	2	asc.day0	day0.rep1	3	2	0	p0	p0	34.8319023236919	0.106121818993169	white	p0
asc_day0	42517	6439	asc_day0	asc	day0	rep1	0.999600159936026	3	2	asc.day0	day0.rep1	3	2	4	p4	p4	38.9493826011341	0.000456450891004101	white	p4
asc_day0	31721	5626	asc_day0	asc	day0	rep1	0.860628605655559	3	2	asc.day0	day0.rep1	3	2	3	p3	p3	29.7110166444576	0.237537207494199	white	p3
asc_day0	67840	7566	asc_day0	asc	day0	rep1	0.852004716981132	3	2	asc.day0	day0.rep1	3	2	3	p3	p3	28.9679902292499	0.25660521860349	white	p3
asc_day0	21060	4759	asc_day0	asc	day0	rep1	0.868945868945869	3	2	asc.day0	day0.rep1	3	2	3	p3	p3	28.7984517198042	0.260956022444909	white	p3
asc_day0	34648	5942	asc_day0	asc	day0	rep1	1.33341029785269	3	2	asc.day0	day0.rep1	3	2	3	p3	p3	38.9448340923975	0.000573177582472773	white	p3
asc_day0	35355	5600	asc_day0	asc	day0	rep1	0.387498232216094	3	2	asc.day0	day0.rep1	3	2	0	p0	p0	35.3490363105712	0.0928508014290756	white	p0
asc_day0	31864	5471	asc_day0	asc	day0	rep1	0.568039166457444	3	2	asc.day0	day0.rep1	3	2	0	p0	p0	35.1881787497585	0.0969788293077791	white	p0
asc_day0	25383	4583	asc_day0	asc	day0	rep1	0.453059134066107	3	2	asc.day0	day0.rep1	3	2	0	p0	p0	31.4264496665324	0.193514686554585	white	p0
asc_day0	22067	4515	asc_day0	asc	day0	rep1	0.960710563284543	3	2	asc.day0	day0.rep1	3	2	3	p3	p3	30.11666185107	0.227127285117543	white	p3
asc_day0	47196	6755	asc_day0	asc	day0	rep1	0.307229426222561	8	7	asc.day0	day0.rep1	8	7	5	p5	p5	38.7643048676649	0.00520603207094927	white	p5
asc_day0	48992	6671	asc_day0	asc	day0	rep1	0.495999346832136	3	2	asc.day0	day0.rep1	3	2	0	p0	p0	26.3470550834771	0.323865304454349	white	p0
asc_day0	23705	5018	asc_day0	asc	day0	rep1	0.409196372073402	3	0	asc.day0	day0.rep1	3	0	1	p1	p1	25.9732948236035	0.333456975277369	white	p1
asc_day0	30988	6006	asc_day0	asc	day0	rep1	0.613140570543436	3	0	asc.day0	day0.rep1	3	0	1	p1	p1	23.8585933784244	0.387725773565295	white	p1
asc_day0	36449	5827	asc_day0	asc	day0	rep1	0.0384098329172268	3	2	asc.day0	day0.rep1	3	2	3	p3	p3	28.8183441381133	0.260445530697182	white	p3
asc_day0	27904	5280	asc_day0	asc	day0	rep1	1.28297018348624	3	2	asc.day0	day0.rep1	3	2	0	p0	p0	33.0980706607084	0.150616497425521	white	p0
asc_day0	30989	5291	asc_day0	asc	day0	rep1	0.509858336829197	3	0	asc.day0	day0.rep1	3	0	1	p1	p1	26.1962002001007	0.327736637334632	white	p1
asc_day0	41317	5892	asc_day0	asc	day0	rep1	0.786601156908779	3	2	asc.day0	day0.rep1	3	2	0	p0	p0	37.9154149711078	0.0269907784094645	white	p0
asc_day0	24677	4647	asc_day0	asc	day0	rep1	0.826680714835677	3	0	asc.day0	day0.rep1	3	0	2	p2	p2	27.2765876131198	0.300011056154548	white	p2
asc_day0	19095	4447	asc_day0	asc	day0	rep1	0.319455354804923	3	0	asc.day0	day0.rep1	3	0	1	p1	p1	23.3719707902496	0.400213788429147	white	p1
asc_day0	27243	5473	asc_day0	asc	day0	rep1	0.462504129501156	3	2	asc.day0	day0.rep1	3	2	0	p0	p0	31.4264515443585	0.193514638364632	white	p0
asc_day0	29560	4885	asc_day0	asc	day0	rep1	0.740866035182679	3	2	asc.day0	day0.rep1	3	2	0	p0	p0	35.6067366950802	0.0862375321103621	white	p0
asc_day0	27897	4822	asc_day0	asc	day0	rep1	0.75993834462487	3	2	asc.day0	day0.rep1	3	2	0	p0	p0	27.136819691544	0.303597868449217	white	p0
asc_day0	43751	6271	asc_day0	asc	day0	rep1	0.8296953212498	3	2	asc.day0	day0.rep1	3	2	2	p2	p2	28.7984520953694	0.260956012806919	white	p2
asc_day0	79685	7535	asc_day0	asc	day0	rep1	0.219614733011232	3	2	asc.day0	day0.rep1	3	2	0	p0	p0	31.2432843852495	0.198215189183907	white	p0
asc_day0	28245	4694	asc_day0	asc	day0	rep1	0.477960701009028	3	2	asc.day0	day0.rep1	3	2	1	p1	p1	37.644382553656	0.0339461827412264	white	p1
asc_day0	67908	6390	asc_day0	asc	day0	rep1	0.288625787830594	3	2	asc.day0	day0.rep1	3	2	1	p1	p1	37.6062265618351	0.0349253657972195	white	p1
asc_day0	19446	4075	asc_day0	asc	day0	rep1	0.642805718399671	3	2	asc.day0	day0.rep1	3	2	0	p0	p0	30.4113055450364	0.219565953360228	white	p0
asc_day0	59753	7708	asc_day0	asc	day0	rep1	0.200826736732884	8	2	asc.day0	day0.rep1	8	2	5	p5	p5	31.0378268687743	0.203487769170905	white	p5
asc_day0	30941	5431	asc_day0	asc	day0	rep1	0.804757441582366	11	2	asc.day0	day0.rep1	11	2	6	p6	p6	28.8064449796135	0.26075089438523	white	p6
asc_day0	31380	5277	asc_day0	asc	day0	rep1	0.812619502868069	3	0	asc.day0	day0.rep1	3	0	1	p1	p1	24.4367108517187	0.372889759424172	white	p1
asc_day0	28176	5301	asc_day0	asc	day0	rep1	1.32027257240204	3	2	asc.day0	day0.rep1	3	2	0	p0	p0	36.0100573778494	0.0758872631263181	white	p0
asc_day0	28660	5237	asc_day0	asc	day0	rep1	0.554780181437544	3	0	asc.day0	day0.rep1	3	0	1	p1	p1	23.4974171199796	0.39699450583037	white	p1
asc_day0	23370	4783	asc_day0	asc	day0	rep1	0.380830124090715	3	0	asc.day0	day0.rep1	3	0	1	p1	p1	25.2311572443806	0.352502176518685	white	p1
asc_day0	42477	5691	asc_day0	asc	day0	rep1	0.522635779362949	3	2	asc.day0	day0.rep1	3	2	1	p1	p1	37.6443840559168	0.0339461441892636	white	p1
asc_day0	24930	4873	asc_day0	asc	day0	rep1	1.05495387083835	3	2	asc.day0	day0.rep1	3	2	0	p0	p0	30.358296138032	0.220926314097034	white	p0
asc_day0	81142	7622	asc_day0	asc	day0	rep1	0.719725912597668	3	2	asc.day0	day0.rep1	3	2	0	p0	p0	37.3348233107473	0.0418902866949422	white	p0
asc_day0	36949	5919	asc_day0	asc	day0	rep1	0.993260981352675	3	2	asc.day0	day0.rep1	3	2	3	p3	p3	28.7984532220651	0.260955983892947	white	p3
asc_day0	10038	2544	asc_day0	asc	day0	rep1	0.169356445507073	3	2	asc.day0	day0.rep1	3	2	0	p0	p0	28.7984535976303	0.260955974254956	white	p0
asc_day0	28490	5018	asc_day0	asc	day0	rep1	0.965250965250965	3	2	asc.day0	day0.rep1	3	2	0	p0	p0	36.2787458476093	0.0689920106541868	white	p0
asc_day0	28538	5031	asc_day0	asc	day0	rep1	0.20674188800897	3	2	asc.day0	day0.rep1	3	2	0	p0	p0	35.9149225560597	0.0783286727473463	white	p0
asc_day0	38190	5689	asc_day0	asc	day0	rep1	0.848389630793401	11	8	asc.day0	day0.rep1	11	8	6	p6	p6	37.4308797737565	0.0394252253373762	white	p6
asc_day0	54047	6782	asc_day0	asc	day0	rep1	0.414454086258257	3	2	asc.day0	day0.rep1	3	2	0	p0	p0	32.7860322570733	0.158624223160784	white	p0
asc_day0	18372	4224	asc_day0	asc	day0	rep1	1.3825386457653	3	2	asc.day0	day0.rep1	3	2	1	p1	p1	28.2466367140948	0.275117046122917	white	p1
asc_day0	34738	5964	asc_day0	asc	day0	rep1	0.627554839081122	8	2	asc.day0	day0.rep1	8	2	4	p4	p4	38.7643059943606	0.00520600315697717	white	p4
asc_day0	49180	7011	asc_day0	asc	day0	rep1	1.07360715738105	8	2	asc.day0	day0.rep1	8	2	5	p5	p5	38.7643063699258	0.00520599351898654	white	p5
asc_day0	18129	4113	asc_day0	asc	day0	rep1	1.80373986430581	11	2	asc.day0	day0.rep1	11	2	0	p0	p0	37.2777139283993	0.0433558635772289	white	p0
asc_day0	40638	6014	asc_day0	asc	day0	rep1	1.59210591072395	3	2	asc.day0	day0.rep1	3	2	2	p2	p2	31.0378276199048	0.203487749894923	white	p2
asc_day0	30492	5609	asc_day0	asc	day0	rep1	0.52472779745507	3	0	asc.day0	day0.rep1	3	0	1	p1	p1	25.5628013730756	0.343991316338136	white	p1
asc_day0	43744	5926	asc_day0	asc	day0	rep1	0.886978785662034	3	2	asc.day0	day0.rep1	3	2	0	p0	p0	36.1873750011341	0.0713368267737691	white	p0
asc_day0	32809	2940	asc_day0	asc	day0	rep1	0.338321801944588	3	2	asc.day0	day0.rep1	3	2	0	p0	p0	31.0378283710352	0.203487730618942	white	p0
asc_day0	22780	5057	asc_day0	asc	day0	rep1	1.02721685689201	3	0	asc.day0	day0.rep1	3	0	1	p1	p1	24.2199833196628	0.378451557638	white	p1
asc_day0	36844	5838	asc_day0	asc	day0	rep1	1.03408967538812	3	0	asc.day0	day0.rep1	3	0	1	p1	p1	25.2893461653775	0.351008895836737	white	p1
asc_day0	29546	5334	asc_day0	asc	day0	rep1	0.666756921410682	3	0	asc.day0	day0.rep1	3	0	1	p1	p1	26.2127806102026	0.327311140424226	white	p1
asc_day0	36903	6117	asc_day0	asc	day0	rep1	1.10289136384576	3	2	asc.day0	day0.rep1	3	2	4	p4	p4	38.6589760694111	0.00790904592634711	white	p4
asc_day0	29719	4821	asc_day0	asc	day0	rep1	0.545105824556681	3	2	asc.day0	day0.rep1	3	2	0	p0	p0	34.0519785434816	0.126136713485571	white	p0
asc_day0	45192	6625	asc_day0	asc	day0	rep1	0.427066737475659	3	2	asc.day0	day0.rep1	3	2	3	p3	p3	28.4358632862002	0.270260994836946	white	p3
asc_day0	37487	5936	asc_day0	asc	day0	rep1	0.224077680262491	3	2	asc.day0	day0.rep1	3	2	3	p3	p3	29.7110192734141	0.237537140028264	white	p3
asc_day0	24363	5080	asc_day0	asc	day0	rep1	0.31605303123589	3	4	asc.day0	day0.rep1	3	4	2	p2	p2	26.537934961704	0.318966824987028	white	p2
asc_day0	31619	5766	asc_day0	asc	day0	rep1	1.11009203327113	3	2	asc.day0	day0.rep1	3	2	0	p0	p0	32.0278346003321	0.17808156821054	white	p0
asc_day0	45595	6637	asc_day0	asc	day0	rep1	1.06590634938041	3	2	asc.day0	day0.rep1	3	2	0	p0	p0	35.8709500641946	0.0794571224851038	white	p0
asc_day0	35705	5820	asc_day0	asc	day0	rep1	0.165242963170424	3	2	asc.day0	day0.rep1	3	2	3	p3	p3	29.699662753094	0.237828578194115	white	p3
asc_day0	17579	4226	asc_day0	asc	day0	rep1	0.392513794868878	3	0	asc.day0	day0.rep1	3	0	1	p1	p1	23.8585982607722	0.387725648271416	white	p1
asc_day0	26302	5372	asc_day0	asc	day0	rep1	0.817428332446202	3	0	asc.day0	day0.rep1	3	0	1	p1	p1	25.5969005593298	0.343116241577664	white	p1
asc_day0	25296	4816	asc_day0	asc	day0	rep1	0.38741302972802	3	2	asc.day0	day0.rep1	3	2	3	p3	p3	29.0508101404382	0.25447984196238	white	p3
asc_day0	27204	5015	asc_day0	asc	day0	rep1	0.496250551389502	3	2	asc.day0	day0.rep1	3	2	0	p0	p0	29.6954550516984	0.237936558873284	white	p0
asc_day0	35089	6090	asc_day0	asc	day0	rep1	1.61304112399897	3	2	asc.day0	day0.rep1	3	2	0	p0	p0	31.1982298599669	0.199371406743645	white	p0
asc_day0	32501	5370	asc_day0	asc	day0	rep1	0.363065751823021	3	2	asc.day0	day0.rep1	3	2	0	p0	p0	29.9878748986791	0.230432296875753	white	p0
asc_day0	22007	4895	asc_day0	asc	day0	rep1	0.945153814695324	3	2	asc.day0	day0.rep1	3	2	0	p0	p0	28.7984562265868	0.260955906789021	white	p0
asc_day0	36181	5951	asc_day0	asc	day0	rep1	0.143721842956248	3	2	asc.day0	day0.rep1	3	2	0	p0	p0	33.0980729140996	0.150616439597577	white	p0
asc_day0	15002	3819	asc_day0	asc	day0	rep1	1.61978402879616	3	2	asc.day0	day0.rep1	3	2	1	p1	p1	30.394549107178	0.219995967605614	white	p1
asc_day0	32464	5414	asc_day0	asc	day0	rep1	0.194061113849187	3	2	asc.day0	day0.rep1	3	2	0	p0	p0	31.2468412471981	0.198123910755895	white	p0
asc_day0	28164	4992	asc_day0	asc	day0	rep1	0.752733986649624	3	2	asc.day0	day0.rep1	3	2	0	p0	p0	32.8227891918878	0.157680943585465	white	p0
asc_day0	37501	5709	asc_day0	asc	day0	rep1	0.0479987200341324	3	2	asc.day0	day0.rep1	3	2	0	p0	p0	34.5707834291827	0.112822816265191	white	p0
asc_day0	37844	5444	asc_day0	asc	day0	rep1	0.594546031074939	3	2	asc.day0	day0.rep1	3	2	0	p0	p0	35.8055316333886	0.0811359313939516	white	p0
asc_day0	27138	5386	asc_day0	asc	day0	rep1	0.917532611098828	8	2	asc.day0	day0.rep1	8	2	4	p4	p4	38.9448412281365	0.000572994460649401	white	p4
asc_day0	27008	5084	asc_day0	asc	day0	rep1	0.425799763033175	3	0	asc.day0	day0.rep1	3	0	1	p1	p1	23.2880324789707	0.402367866156674	white	p1
asc_day0	55759	6882	asc_day0	asc	day0	rep1	0.640255384780932	8	2	asc.day0	day0.rep1	8	2	5	p5	p5	38.944841979267	0.000572975184667923	white	p5
asc_day0	27357	4825	asc_day0	asc	day0	rep1	1.14413130094674	3	2	asc.day0	day0.rep1	3	2	1	p1	p1	27.804121828886	0.286473141376715	white	p1
asc_day0	31566	5475	asc_day0	asc	day0	rep1	0.896534245707407	3	0	asc.day0	day0.rep1	3	0	1	p1	p1	24.3286337115652	0.375663302957656	white	p1
asc_day0	20134	4320	asc_day0	asc	day0	rep1	0.670507599086123	3	2	asc.day0	day0.rep1	3	2	0	p0	p0	37.1399739835849	0.0468906326569773	white	p0
asc_day0	20175	4059	asc_day0	asc	day0	rep1	0.971499380421314	3	0	asc.day0	day0.rep1	3	0	1	p1	p1	26.1117189285603	0.329904648849818	white	p1
asc_day0	32788	5368	asc_day0	asc	day0	rep1	0.457484445528852	3	2	asc.day0	day0.rep1	3	2	0	p0	p0	35.959423808457	0.0771866536243097	white	p0
asc_day0	66356	7422	asc_day0	asc	day0	rep1	0.895171499186208	11	8	asc.day0	day0.rep1	11	8	6	p6	p6	36.8853158378515	0.0534258301311593	white	p6
asc_day0	21188	4364	asc_day0	asc	day0	rep1	0.868416084576175	3	0	asc.day0	day0.rep1	3	0	1	p1	p1	25.3890387367017	0.348450522381075	white	p1
asc_day0	50053	6087	asc_day0	asc	day0	rep1	0.139851757137434	3	2	asc.day0	day0.rep1	3	2	0	p0	p0	36.1833301303939	0.0714406287902681	white	p0
asc_day0	40474	6095	asc_day0	asc	day0	rep1	0.753570193210456	3	2	asc.day0	day0.rep1	3	2	0	p0	p0	37.6443964495689	0.0339458261355704	white	p0
asc_day0	54889	7469	asc_day0	asc	day0	rep1	0.785221082548416	3	0	asc.day0	day0.rep1	3	0	1	p1	p1	25.9732955747339	0.333456956001388	white	p1
asc_day0	67547	7814	asc_day0	asc	day0	rep1	0.461900602543414	3	2	asc.day0	day0.rep1	3	2	4	p4	p4	38.5754326026453	0.0100529909056812	white	p4
white_day1	28392	4956	white_day1	white	day1	rep1	1.10594533671457	0	4	white.day1	day1.rep1	0	4	NA	t0	day1	16.8844129511948	0.566701577309015	white	white.day1
white_day1	63334	6730	white_day1	white	day1	rep1	1.76998136861717	6	2	white.day1	day1.rep1	6	2	NA	t6	day1	27.1368234471961	0.30359777206931	white	white.day1
white_day1	41100	5506	white_day1	white	day1	rep1	0.588807785888078	0	4	white.day1	day1.rep1	0	4	NA	t0	day1	13.0084891314049	0.666167971695354	white	white.day1
white_day1	35978	5320	white_day1	white	day1	rep1	0.633720607037634	7	5	white.day1	day1.rep1	7	5	NA	t7	day1	9.59395530394166	0.753793885959679	white	white.day1
white_day1	33569	5295	white_day1	white	day1	rep1	0.762608358902559	0	1	white.day1	day1.rep1	0	1	NA	t0	day1	10.2492184454727	0.736978111168241	white	white.day1
white_day1	31727	5099	white_day1	white	day1	rep1	0.390834305165947	0	0	white.day1	day1.rep1	0	0	NA	t0	day1	23.9028106746226	0.386591041504802	white	white.day1
white_day1	27725	4501	white_day1	white	day1	rep1	1.91884580703336	0	0	white.day1	day1.rep1	0	0	NA	t0	day1	20.6718481351816	0.469506033939548	white	white.day1
white_day1	32771	5352	white_day1	white	day1	rep1	0.738457782795765	0	4	white.day1	day1.rep1	0	4	NA	t0	day1	16.88441332676	0.566701567671024	white	white.day1
white_day1	42065	5096	white_day1	white	day1	rep1	0.606204683228337	0	0	white.day1	day1.rep1	0	0	NA	t0	day1	20.6718485107468	0.469506024301558	white	white.day1
white_day1	54541	6393	white_day1	white	day1	rep1	0.489539979098293	9	7	white.day1	day1.rep1	9	7	NA	t9	day1	38.9448434815278	0.00057293663270519	white	white.day1
white_day1	44367	5318	white_day1	white	day1	rep1	0.286248788513986	0	2	white.day1	day1.rep1	0	2	NA	t0	day1	37.6443975762646	0.0339457972215982	white	white.day1
white_day1	24228	4055	white_day1	white	day1	rep1	1.15156017830609	0	0	white.day1	day1.rep1	0	0	NA	t0	day1	22.0310378876449	0.434625651803524	white	white.day1
white_day1	50228	5886	white_day1	white	day1	rep1	1.44739985665366	0	0	white.day1	day1.rep1	0	0	NA	t0	day1	25.3162941371418	0.350317340039449	white	white.day1
white_day1	27602	4492	white_day1	white	day1	rep1	1.257155278603	0	4	white.day1	day1.rep1	0	4	NA	t0	day1	18.5939216665065	0.522831089654977	white	white.day1
white_day1	28231	4808	white_day1	white	day1	rep1	0.821791647479721	7	5	white.day1	day1.rep1	7	5	NA	t7	day1	23.8586072743373	0.387725416959639	white	white.day1
white_day1	29054	4957	white_day1	white	day1	rep1	0.93618778825635	0	0	white.day1	day1.rep1	0	0	NA	t0	day1	18.3846696255289	0.528201047115893	white	white.day1
white_day1	54335	6409	white_day1	white	day1	rep1	0.320235575595841	7	2	white.day1	day1.rep1	7	2	NA	t7	day1	33.2136426446697	0.147650616497208	white	white.day1
white_day1	51070	6028	white_day1	white	day1	rep1	0.189935382807911	0	0	white.day1	day1.rep1	0	0	NA	t0	day1	25.081863156394	0.356333455286189	white	white.day1
white_day1	30736	5087	white_day1	white	day1	rep1	0.878448724622592	7	5	white.day1	day1.rep1	7	5	NA	t7	day1	23.8586080254678	0.387725397683658	white	white.day1
white_day1	23825	4463	white_day1	white	day1	rep1	1.04092339979014	0	4	white.day1	day1.rep1	0	4	NA	t0	day1	17.916682513153	0.540210826681124	white	white.day1
white_day1	42760	5243	white_day1	white	day1	rep1	0.287652011225444	0	2	white.day1	day1.rep1	0	2	NA	t0	day1	28.8456277483152	0.259745361535245	white	white.day1
white_day1	48813	5846	white_day1	white	day1	rep1	1.27629934648557	0	2	white.day1	day1.rep1	0	2	NA	t0	day1	27.4110167037649	0.296561252296477	white	white.day1
white_day1	109144	8180	white_day1	white	day1	rep1	0.215311881550979	6	2	white.day1	day1.rep1	6	2	NA	t6	day1	27.2072310207732	0.301790928641315	white	white.day1
white_day1	25420	4805	white_day1	white	day1	rep1	1.55389457120378	0	1	white.day1	day1.rep1	0	1	NA	t0	day1	10.3756330428957	0.733733980275041	white	white.day1
white_day1	20884	4571	white_day1	white	day1	rep1	0.493200536295729	0	4	white.day1	day1.rep1	0	4	NA	t0	day1	23.2448108631753	0.40347704644055	white	white.day1
white_day1	32636	5395	white_day1	white	day1	rep1	1.17048657923765	7	5	white.day1	day1.rep1	7	5	NA	t7	day1	23.8586110299895	0.387725320579732	white	white.day1
white_day1	42061	5438	white_day1	white	day1	rep1	1.44551960248211	1	4	white.day1	day1.rep1	1	4	NA	t1	day1	15.4734265790677	0.602911196870462	white	white.day1
white_day1	28093	4678	white_day1	white	day1	rep1	0.647848218417399	0	0	white.day1	day1.rep1	0	0	NA	t0	day1	23.9649766944145	0.384995698012632	white	white.day1
white_day1	72146	6427	white_day1	white	day1	rep1	0.693039115127658	0	0	white.day1	day1.rep1	0	0	NA	t0	day1	25.2311602489023	0.35250209941476	white	white.day1
white_day1	32223	4405	white_day1	white	day1	rep1	0.813083822114639	6	4	white.day1	day1.rep1	6	4	NA	t6	day1	12.2301051981082	0.686143349667948	white	white.day1
white_day1	26179	4357	white_day1	white	day1	rep1	0.473662095572787	1	4	white.day1	day1.rep1	1	4	NA	t1	day1	15.6290979944424	0.598916259117227	white	white.day1
white_day1	30045	4535	white_day1	white	day1	rep1	0.988517224163754	7	5	white.day1	day1.rep1	7	5	NA	t7	day1	23.8586114055547	0.387725310941742	white	white.day1
white_day1	52177	7711	white_day1	white	day1	rep1	0.703375050309523	7	5	white.day1	day1.rep1	7	5	NA	t7	day1	9.59395718176773	0.753793837769726	white	white.day1
white_day1	32496	4898	white_day1	white	day1	rep1	1.08321024126046	0	0	white.day1	day1.rep1	0	0	NA	t0	day1	20.6718503885729	0.469505976111604	white	white.day1
white_day1	36085	4867	white_day1	white	day1	rep1	2.1449355687959	0	0	white.day1	day1.rep1	0	0	NA	t0	day1	19.3669701594566	0.502992633107679	white	white.day1
white_day1	28729	5144	white_day1	white	day1	rep1	1.39232134776706	0	1	white.day1	day1.rep1	0	1	NA	t0	day1	10.2492191966031	0.736978091892259	white	white.day1
white_day1	34929	5428	white_day1	white	day1	rep1	1.67196312519683	0	0	white.day1	day1.rep1	0	0	NA	t0	day1	20.6718511397033	0.469505956835623	white	white.day1
white_day1	40335	5184	white_day1	white	day1	rep1	0.818148010412793	0	4	white.day1	day1.rep1	0	4	NA	t0	day1	16.8844163312817	0.566701490567099	white	white.day1
white_day1	25431	5013	white_day1	white	day1	rep1	0.640950021627148	0	5	white.day1	day1.rep1	0	5	NA	t0	day1	24.0898705919865	0.38179059227528	white	white.day1
white_day1	67405	6891	white_day1	white	day1	rep1	0.462873674059788	0	4	white.day1	day1.rep1	0	4	NA	t0	day1	15.5643782865368	0.600577136959623	white	white.day1
white_day1	38055	5890	white_day1	white	day1	rep1	1.57929312836684	0	0	white.day1	day1.rep1	0	0	NA	t0	day1	23.6425418191632	0.393270224540191	white	white.day1
white_day1	34694	5532	white_day1	white	day1	rep1	1.56222978036548	0	4	white.day1	day1.rep1	0	4	NA	t0	day1	19.6649798721715	0.495344920460565	white	white.day1
white_day1	70270	7782	white_day1	white	day1	rep1	1.62800626156254	0	4	white.day1	day1.rep1	0	4	NA	t0	day1	15.6429108726469	0.598561784350698	white	white.day1
white_day1	35008	5333	white_day1	white	day1	rep1	1.33683729433272	0	0	white.day1	day1.rep1	0	0	NA	t0	day1	21.9394207351384	0.436976788783368	white	white.day1
white_day1	26213	4743	white_day1	white	day1	rep1	0.900316636783276	10	2	white.day1	day1.rep1	10	2	NA	t10	day1	28.2492793375439	0.275049229458186	white	white.day1
white_day1	39605	5485	white_day1	white	day1	rep1	1.13874510794092	0	0	white.day1	day1.rep1	0	0	NA	t0	day1	24.2340513700551	0.378090534482328	white	white.day1
white_day1	29507	4488	white_day1	white	day1	rep1	0.599857660894025	1	1	white.day1	day1.rep1	1	1	NA	t1	day1	12.380357645351	0.68228747688256	white	white.day1
white_day1	85298	7416	white_day1	white	day1	rep1	0.4689441721963	0	0	white.day1	day1.rep1	0	0	NA	t0	day1	24.1388942306286	0.380532516832588	white	white.day1
white_day1	38549	5808	white_day1	white	day1	rep1	1.38265584061843	0	4	white.day1	day1.rep1	0	4	NA	t0	day1	23.8906698169922	0.386902607827928	white	white.day1
white_day1	22234	4192	white_day1	white	day1	rep1	2.18584150400288	0	4	white.day1	day1.rep1	0	4	NA	t0	day1	15.7142086599344	0.596732095698666	white	white.day1
white_day1	53176	5866	white_day1	white	day1	rep1	0.635625094027381	0	0	white.day1	day1.rep1	0	0	NA	t0	day1	20.8595999819955	0.46468782798137	white	white.day1
white_day1	61805	7324	white_day1	white	day1	rep1	0.980503195534342	0	0	white.day1	day1.rep1	0	0	NA	t0	day1	20.8184165490393	0.465744703135544	white	white.day1
white_day1	49245	5967	white_day1	white	day1	rep1	0.316783429789826	6	2	white.day1	day1.rep1	6	2	NA	t6	day1	29.6993007660403	0.237837867733517	white	white.day1
white_day1	47549	5848	white_day1	white	day1	rep1	1.16090769521967	6	2	white.day1	day1.rep1	6	2	NA	t6	day1	31.2334662872525	0.198467147388684	white	white.day1
white_day1	36025	5198	white_day1	white	day1	rep1	0.527411519777932	6	2	white.day1	day1.rep1	6	2	NA	t6	day1	18.6410980936652	0.521620418514964	white	white.day1
white_day1	45365	5916	white_day1	white	day1	rep1	0.817811087843051	0	0	white.day1	day1.rep1	0	0	NA	t0	day1	22.5875953653376	0.420342923827244	white	white.day1
white_day1	50813	5815	white_day1	white	day1	rep1	0.848208135713302	6	2	white.day1	day1.rep1	6	2	NA	t6	day1	27.5777798522982	0.29228167151204	white	white.day1
white_day1	32880	4944	white_day1	white	day1	rep1	0.529197080291971	7	5	white.day1	day1.rep1	7	5	NA	t7	day1	23.8586174145981	0.38772515673389	white	white.day1
white_day1	24030	4426	white_day1	white	day1	rep1	0.628381190178943	0	4	white.day1	day1.rep1	0	4	NA	t0	day1	24.0427911951919	0.382998773361073	white	white.day1
white_day1	40165	5752	white_day1	white	day1	rep1	1.24237520229055	6	2	white.day1	day1.rep1	6	2	NA	t6	day1	29.6940261807288	0.237973227458634	white	white.day1
white_day1	49926	5878	white_day1	white	day1	rep1	0.600889316187958	0	0	white.day1	day1.rep1	0	0	NA	t0	day1	24.081431752356	0.38200715508453	white	white.day1
white_day1	39291	5658	white_day1	white	day1	rep1	2.56801812119824	0	4	white.day1	day1.rep1	0	4	NA	t0	day1	18.991272757697	0.512634016083922	white	white.day1
white_day1	71338	6271	white_day1	white	day1	rep1	0.615380302223219	0	0	white.day1	day1.rep1	0	0	NA	t0	day1	20.8902410641646	0.463901497262511	white	white.day1
white_day1	21675	4807	white_day1	white	day1	rep1	1.54555940023068	0	4	white.day1	day1.rep1	0	4	NA	t0	day1	23.2448112387405	0.40347703680256	white	white.day1
white_day1	33834	4470	white_day1	white	day1	rep1	0.64136667257788	0	0	white.day1	day1.rep1	0	0	NA	t0	day1	20.6718552709207	0.469505850817725	white	white.day1
white_day1	30190	5001	white_day1	white	day1	rep1	1.29181848294137	0	0	white.day1	day1.rep1	0	0	NA	t0	day1	20.812869646644	0.465887051232907	white	white.day1
white_day1	32603	5617	white_day1	white	day1	rep1	2.33107382756188	1	1	white.day1	day1.rep1	1	1	NA	t1	day1	12.1147468020552	0.689103749369045	white	white.day1
white_day1	36038	5606	white_day1	white	day1	rep1	0.97397191853044	0	0	white.day1	day1.rep1	0	0	NA	t0	day1	25.2311636289892	0.352502012672843	white	white.day1
white_day1	49001	5895	white_day1	white	day1	rep1	0.522438317585355	6	2	white.day1	day1.rep1	6	2	NA	t6	day1	27.816914571131	0.28614484598068	white	white.day1
white_day1	36251	5281	white_day1	white	day1	rep1	0.855148823480732	0	0	white.day1	day1.rep1	0	0	NA	t0	day1	20.6718556464859	0.469505841179734	white	white.day1
white_day1	29219	5018	white_day1	white	day1	rep1	0.359355214073035	0	4	white.day1	day1.rep1	0	4	NA	t0	day1	16.9432507800566	0.56519164394538	white	white.day1
white_day1	34175	5287	white_day1	white	day1	rep1	0.731528895391368	0	0	white.day1	day1.rep1	0	0	NA	t0	day1	18.5832146837148	0.52310585898032	white	white.day1
white_day1	35632	5329	white_day1	white	day1	rep1	3.76347103726987	0	4	white.day1	day1.rep1	0	4	NA	t0	day1	17.1511421667442	0.559856604450483	white	white.day1
white_day1	27238	4788	white_day1	white	day1	rep1	1.31801160143917	0	1	white.day1	day1.rep1	0	1	NA	t0	day1	13.3710852204825	0.65686280284374	white	white.day1
white_day1	80979	7393	white_day1	white	day1	rep1	0.421096827572581	0	0	white.day1	day1.rep1	0	0	NA	t0	day1	25.3999701016109	0.348169994820732	white	white.day1
white_day1	45871	6047	white_day1	white	day1	rep1	0.902531010878333	0	0	white.day1	day1.rep1	0	0	NA	t0	day1	26.0022432753976	0.332714081903582	white	white.day1
white_day1	85157	7690	white_day1	white	day1	rep1	0.684617823549444	0	0	white.day1	day1.rep1	0	0	NA	t0	day1	22.4628343253245	0.423544620090372	white	white.day1
white_day1	46614	6725	white_day1	white	day1	rep1	0.386150083665851	7	5	white.day1	day1.rep1	7	5	NA	t7	day1	23.8586181657286	0.387725137457909	white	white.day1
white_day1	28042	4862	white_day1	white	day1	rep1	2.05049568504386	0	4	white.day1	day1.rep1	0	4	NA	t0	day1	17.9166847665443	0.54021076885318	white	white.day1
white_day1	36968	5654	white_day1	white	day1	rep1	1.7447522181346	0	0	white.day1	day1.rep1	0	0	NA	t0	day1	23.8454620773251	0.388062757271549	white	white.day1
white_day1	36706	5309	white_day1	white	day1	rep1	0.482209992916689	0	0	white.day1	day1.rep1	0	0	NA	t0	day1	22.0064427925243	0.435256826600805	white	white.day1
white_day1	38542	5282	white_day1	white	day1	rep1	1.31804265476623	0	0	white.day1	day1.rep1	0	0	NA	t0	day1	26.3457636890353	0.323898445030591	white	white.day1
white_day1	33896	4819	white_day1	white	day1	rep1	1.35709228227519	0	4	white.day1	day1.rep1	0	4	NA	t0	day1	17.9166855176747	0.540210749577199	white	white.day1
white_day1	29032	4653	white_day1	white	day1	rep1	0.527004684486084	0	0	white.day1	day1.rep1	0	0	NA	t0	day1	20.6718575243119	0.469505792989781	white	white.day1
white_day1	70736	6991	white_day1	white	day1	rep1	1.07441755258991	6	2	white.day1	day1.rep1	6	2	NA	t6	day1	31.4264545488802	0.193514561260706	white	white.day1
white_day1	56009	7072	white_day1	white	day1	rep1	1.84613187166348	0	0	white.day1	day1.rep1	0	0	NA	t0	day1	22.5643141225215	0.420940381720487	white	white.day1
white_day1	30184	4833	white_day1	white	day1	rep1	0.99059104161145	0	4	white.day1	day1.rep1	0	4	NA	t0	day1	16.8844200869338	0.566701394187192	white	white.day1
white_day1	24728	5042	white_day1	white	day1	rep1	2.66095114849563	0	4	white.day1	day1.rep1	0	4	NA	t0	day1	23.2448119898709	0.403477017526578	white	white.day1
white_day1	44324	6338	white_day1	white	day1	rep1	1.35141232740727	0	4	white.day1	day1.rep1	0	4	NA	t0	day1	23.5717586552484	0.39508670660362	white	white.day1
white_day1	49455	6237	white_day1	white	day1	rep1	0.418562329390355	0	0	white.day1	day1.rep1	0	0	NA	t0	day1	20.7455123779851	0.46761561581795	white	white.day1
white_day1	32121	5048	white_day1	white	day1	rep1	1.17680022415242	0	4	white.day1	day1.rep1	0	4	NA	t0	day1	16.8844208380643	0.56670137491121	white	white.day1
white_day1	41738	5781	white_day1	white	day1	rep1	1.04461162489817	0	0	white.day1	day1.rep1	0	0	NA	t0	day1	22.5601889607287	0.421046244216469	white	white.day1
white_day1	27049	4942	white_day1	white	day1	rep1	0.672852970534955	0	0	white.day1	day1.rep1	0	0	NA	t0	day1	25.1973519735412	0.353369708636959	white	white.day1
white_day1	51293	6388	white_day1	white	day1	rep1	0.937749790419745	0	0	white.day1	day1.rep1	0	0	NA	t0	day1	20.8242853565267	0.46559409410728	white	white.day1
white_day1	53643	6038	white_day1	white	day1	rep1	0.494006673750536	0	0	white.day1	day1.rep1	0	0	NA	t0	day1	24.4250275491503	0.373189583681571	white	white.day1
white_day1	77269	7518	white_day1	white	day1	rep1	0.736388461090476	0	1	white.day1	day1.rep1	0	1	NA	t0	day1	11.919768349966	0.694107409016151	white	white.day1
white_day1	32739	5446	white_day1	white	day1	rep1	2.81315861816183	0	0	white.day1	day1.rep1	0	0	NA	t0	day1	22.3640754733137	0.426079031853857	white	white.day1
white_day1	50300	6264	white_day1	white	day1	rep1	0.964214711729622	6	2	white.day1	day1.rep1	6	2	NA	t6	day1	31.1982321133582	0.199371348915701	white	white.day1
white_day1	32955	4864	white_day1	white	day1	rep1	0.788954635108481	0	0	white.day1	day1.rep1	0	0	NA	t0	day1	20.9062103819505	0.463491682587398	white	white.day1
white_day1	45314	6059	white_day1	white	day1	rep1	1.37043739241735	0	0	white.day1	day1.rep1	0	0	NA	t0	day1	21.9724330734859	0.436129605397326	white	white.day1
white_day1	42318	5664	white_day1	white	day1	rep1	0.470249066591049	7	5	white.day1	day1.rep1	7	5	NA	t7	day1	23.8586230480764	0.38772501216403	white	white.day1
white_day1	70005	7051	white_day1	white	day1	rep1	0.399971430612099	0	2	white.day1	day1.rep1	0	2	NA	t0	day1	28.5062229637413	0.268455380547145	white	white.day1
white_day1	39066	5216	white_day1	white	day1	rep1	1.43859110223724	0	0	white.day1	day1.rep1	0	0	NA	t0	day1	18.3158178385795	0.529967964969116	white	white.day1
white_day1	25370	4139	white_day1	white	day1	rep1	1.35199054000788	0	4	white.day1	day1.rep1	0	4	NA	t0	day1	23.858624174772	0.387724983250058	white	white.day1
white_day1	21258	3866	white_day1	white	day1	rep1	0.922005833098128	0	0	white.day1	day1.rep1	0	0	NA	t0	day1	21.9394214862688	0.436976769507387	white	white.day1
white_day1	45731	5515	white_day1	white	day1	rep1	0.225230150226323	0	0	white.day1	day1.rep1	0	0	NA	t0	day1	25.5037199858554	0.345507500049521	white	white.day1
white_day1	43440	5912	white_day1	white	day1	rep1	0.644567219152855	7	5	white.day1	day1.rep1	7	5	NA	t7	day1	23.8586245503372	0.387724973612067	white	white.day1
white_day1	30522	4973	white_day1	white	day1	rep1	1.82163685210668	0	0	white.day1	day1.rep1	0	0	NA	t0	day1	22.1172276974643	0.432413794704629	white	white.day1
white_day1	63371	6749	white_day1	white	day1	rep1	0.98941156049297	6	2	white.day1	day1.rep1	6	2	NA	t6	day1	27.7410293392446	0.288092260520763	white	white.day1
white_day1	33362	6247	white_day1	white	day1	rep1	0.782327198609196	5	5	white.day1	day1.rep1	5	5	NA	t5	day1	9.59396394194155	0.753793664285894	white	white.day1
white_day1	54995	6620	white_day1	white	day1	rep1	0.865533230293663	7	0	white.day1	day1.rep1	7	0	NA	t7	day1	23.8635953509497	0.387597409800928	white	white.day1
white_day1	58942	6424	white_day1	white	day1	rep1	1.05527467680092	6	2	white.day1	day1.rep1	6	2	NA	t6	day1	27.8275203486038	0.285872673849871	white	white.day1
white_day1	28280	5274	white_day1	white	day1	rep1	0.604667609618105	0	4	white.day1	day1.rep1	0	4	NA	t0	day1	16.8844219647599	0.566701345997238	white	white.day1
white_day1	42343	4976	white_day1	white	day1	rep1	0.602224688850577	0	0	white.day1	day1.rep1	0	0	NA	t0	day1	21.3166075988842	0.452959811133641	white	white.day1
white_day1	46124	6024	white_day1	white	day1	rep1	0.73931142138583	0	0	white.day1	day1.rep1	0	0	NA	t0	day1	26.1520678468699	0.32886918953528	white	white.day1
white_day1	89779	7878	white_day1	white	day1	rep1	0.378707715612782	0	4	white.day1	day1.rep1	0	4	NA	t0	day1	16.8844223403251	0.566701336359247	white	white.day1
white_day1	25756	5088	white_day1	white	day1	rep1	1.51809287156391	0	0	white.day1	day1.rep1	0	0	NA	t0	day1	23.8586268037285	0.387724915784123	white	white.day1
white_day1	44567	5566	white_day1	white	day1	rep1	0.998496645500034	0	0	white.day1	day1.rep1	0	0	NA	t0	day1	25.2311658823805	0.352501954844899	white	white.day1
white_day1	22738	4665	white_day1	white	day1	rep1	0.527750901574457	0	4	white.day1	day1.rep1	0	4	NA	t0	day1	18.3158185897099	0.529967945693134	white	white.day1
white_day1	37403	4969	white_day1	white	day1	rep1	0.75395021789696	0	0	white.day1	day1.rep1	0	0	NA	t0	day1	22.5196560033954	0.422086426456163	white	white.day1
white_day1	25112	4200	white_day1	white	day1	rep1	1.01545078050335	0	4	white.day1	day1.rep1	0	4	NA	t0	day1	23.4949729555309	0.397057229515431	white	white.day1
white_day1	36105	5452	white_day1	white	day1	rep1	1.26298296634815	0	0	white.day1	day1.rep1	0	0	NA	t0	day1	25.3899415544527	0.348427353704224	white	white.day1
white_day1	12853	3131	white_day1	white	day1	rep1	1.26818641562281	0	4	white.day1	day1.rep1	0	4	NA	t0	day1	13.992130575096	0.640925146417578	white	white.day1
white_day1	16310	3113	white_day1	white	day1	rep1	1.82096873083998	0	2	white.day1	day1.rep1	0	2	NA	t0	day1	28.7984607333694	0.260955791133132	white	white.day1
white_day1	21241	4209	white_day1	white	day1	rep1	1.62421731556895	0	4	white.day1	day1.rep1	0	4	NA	t0	day1	23.2448134921318	0.403476978974616	white	white.day1
white_day1	28227	4720	white_day1	white	day1	rep1	1.92369008396216	0	4	white.day1	day1.rep1	0	4	NA	t0	day1	17.9166881466312	0.540210682111264	white	white.day1
white_day1	23430	4251	white_day1	white	day1	rep1	1.19078104993598	5	5	white.day1	day1.rep1	5	5	NA	t5	day1	9.59396619533283	0.75379360645795	white	white.day1
white_day1	50592	5890	white_day1	white	day1	rep1	0.521821631878558	0	0	white.day1	day1.rep1	0	0	NA	t0	day1	24.4923708256686	0.371461378171637	white	white.day1
white_day1	25922	4984	white_day1	white	day1	rep1	1.99058714605355	0	0	white.day1	day1.rep1	0	0	NA	t0	day1	19.7859492079111	0.492240529296863	white	white.day1
white_day1	45290	5688	white_day1	white	day1	rep1	1.96511371163612	0	0	white.day1	day1.rep1	0	0	NA	t0	day1	20.6718654111814	0.469505590591976	white	white.day1
white_day1	43132	5030	white_day1	white	day1	rep1	0.41732356487063	0	0	white.day1	day1.rep1	0	0	NA	t0	day1	20.6718657867467	0.469505580953985	white	white.day1
white_day1	57038	6353	white_day1	white	day1	rep1	0.93095830849609	6	2	white.day1	day1.rep1	6	2	NA	t6	day1	26.2072221141085	0.327453786046379	white	white.day1
white_day1	37922	5455	white_day1	white	day1	rep1	1.04952270449871	0	4	white.day1	day1.rep1	0	4	NA	t0	day1	16.8844249692816	0.566701268893312	white	white.day1
white_day1	96981	7138	white_day1	white	day1	rep1	0.258813582041843	0	0	white.day1	day1.rep1	0	0	NA	t0	day1	25.1539337255553	0.354483935019758	white	white.day1
white_day1	35649	5291	white_day1	white	day1	rep1	0.359056355016971	0	4	white.day1	day1.rep1	0	4	NA	t0	day1	20.3088676167542	0.478821068258879	white	white.day1
white_day1	31754	4916	white_day1	white	day1	rep1	0.815645273036468	0	4	white.day1	day1.rep1	0	4	NA	t0	day1	15.3804153482195	0.605298109565359	white	white.day1
white_day1	20807	4160	white_day1	white	day1	rep1	1.46104676310857	0	4	white.day1	day1.rep1	0	4	NA	t0	day1	19.4976579036361	0.499638842035301	white	white.day1
white_day1	23805	4000	white_day1	white	day1	rep1	0.49569418189456	0	4	white.day1	day1.rep1	0	4	NA	t0	day1	16.6499268565101	0.572719106924259	white	white.day1
white_day1	77254	6933	white_day1	white	day1	rep1	0.524244699303596	6	2	white.day1	day1.rep1	6	2	NA	t6	day1	38.9448483638756	0.000572811338826029	white	white.day1
white_day1	38790	5224	white_day1	white	day1	rep1	0.598092291827791	6	0	white.day1	day1.rep1	6	0	NA	t6	day1	23.816248133379	0.388812463871893	white	white.day1
white_day1	28919	5037	white_day1	white	day1	rep1	1.93298523462084	1	4	white.day1	day1.rep1	1	4	NA	t1	day1	14.8349994241418	0.619294915986555	white	white.day1
white_day1	35765	5492	white_day1	white	day1	rep1	0.525653571927862	0	4	white.day1	day1.rep1	0	4	NA	t0	day1	16.8844264715425	0.56670123034135	white	white.day1
white_day1	30543	4769	white_day1	white	day1	rep1	0.874177389254494	0	0	white.day1	day1.rep1	0	0	NA	t0	day1	22.3386282988329	0.426732073247499	white	white.day1
white_day1	57792	5857	white_day1	white	day1	rep1	0.46546234772979	0	0	white.day1	day1.rep1	0	0	NA	t0	day1	23.2880463748836	0.402367509551018	white	white.day1
white_day1	38427	4979	white_day1	white	day1	rep1	1.05394644390663	0	0	white.day1	day1.rep1	0	0	NA	t0	day1	22.4428939498812	0.424056342544235	white	white.day1
white_day1	31551	4877	white_day1	white	day1	rep1	0.228201958733479	0	0	white.day1	day1.rep1	0	0	NA	t0	day1	20.7829791881367	0.466654118975336	white	white.day1
white_day1	33812	4679	white_day1	white	day1	rep1	1.69762214598367	0	4	white.day1	day1.rep1	0	4	NA	t0	day1	20.1621542091277	0.482586119984157	white	white.day1
white_day1	37680	5250	white_day1	white	day1	rep1	0.530785562632696	0	0	white.day1	day1.rep1	0	0	NA	t0	day1	19.6774501498333	0.49502490035344	white	white.day1
white_day1	92028	6985	white_day1	white	day1	rep1	0.496587994958056	0	0	white.day1	day1.rep1	0	0	NA	t0	day1	25.3058348077898	0.35058575392649	white	white.day1
white_day1	28069	4236	white_day1	white	day1	rep1	0.562898571377677	0	4	white.day1	day1.rep1	0	4	NA	t0	day1	15.5957794132153	0.599771301500623	white	white.day1
white_day1	30421	4810	white_day1	white	day1	rep1	1.1899674566911	0	4	white.day1	day1.rep1	0	4	NA	t0	day1	28.2114360923052	0.276020386614722	white	white.day1
white_day1	16759	3536	white_day1	white	day1	rep1	1.44400023867773	0	0	white.day1	day1.rep1	0	0	NA	t0	day1	20.6718684157032	0.469505513488051	white	white.day1
white_day1	47681	6044	white_day1	white	day1	rep1	1.37161552819781	0	0	white.day1	day1.rep1	0	0	NA	t0	day1	20.8699161945362	0.464423086847938	white	white.day1
white_day1	46642	5497	white_day1	white	day1	rep1	0.814716350070752	0	0	white.day1	day1.rep1	0	0	NA	t0	day1	20.8711111505757	0.464392421134621	white	white.day1
white_day1	64346	7157	white_day1	white	day1	rep1	0.545488453050695	0	4	white.day1	day1.rep1	0	4	NA	t0	day1	23.8586343150328	0.387724723024309	white	white.day1
white_day1	36224	5287	white_day1	white	day1	rep1	0.281581272084806	0	0	white.day1	day1.rep1	0	0	NA	t0	day1	21.9582815558415	0.436492770542111	white	white.day1
white_day1	38974	5497	white_day1	white	day1	rep1	2.77620978087956	0	4	white.day1	day1.rep1	0	4	NA	t0	day1	15.480673418728	0.602725223914022	white	white.day1
white_day1	38638	5355	white_day1	white	day1	rep1	0.892903359387132	0	0	white.day1	day1.rep1	0	0	NA	t0	day1	23.2880486282749	0.402367451723074	white	white.day1
white_day1	66886	6775	white_day1	white	day1	rep1	0.357324402715067	0	0	white.day1	day1.rep1	0	0	NA	t0	day1	20.4992227902538	0.473936054094227	white	white.day1
white_day1	44481	6018	white_day1	white	day1	rep1	0.375441199613318	0	0	white.day1	day1.rep1	0	0	NA	t0	day1	23.2880490038401	0.402367442085083	white	white.day1
white_day1	48986	6232	white_day1	white	day1	rep1	0.794104438002695	0	0	white.day1	day1.rep1	0	0	NA	t0	day1	23.9332233837279	0.385810571439116	white	white.day1
white_day1	27908	4399	white_day1	white	day1	rep1	0.831302852228752	0	4	white.day1	day1.rep1	0	4	NA	t0	day1	17.7000106610462	0.545771196001087	white	white.day1
white_day1	43391	5712	white_day1	white	day1	rep1	0.689082989560047	6	2	white.day1	day1.rep1	6	2	NA	t6	day1	29.6953223306195	0.237939964845072	white	white.day1
white_day1	28859	4758	white_day1	white	day1	rep1	0.800443535812052	0	4	white.day1	day1.rep1	0	4	NA	t0	day1	22.143689203064	0.431734722907966	white	white.day1
white_day1	22832	4441	white_day1	white	day1	rep1	1.83514365802383	0	0	white.day1	day1.rep1	0	0	NA	t0	day1	18.7223179926415	0.519536102393388	white	white.day1
white_day1	41935	5232	white_day1	white	day1	rep1	0.538929295338023	0	0	white.day1	day1.rep1	0	0	NA	t0	day1	23.2880497549705	0.402367422809101	white	white.day1
white_day1	41459	6028	white_day1	white	day1	rep1	0.342507055162932	7	5	white.day1	day1.rep1	7	5	NA	t7	day1	9.59397070211538	0.753793490802062	white	white.day1
white_day1	50686	6146	white_day1	white	day1	rep1	0.29199384445409	0	0	white.day1	day1.rep1	0	0	NA	t0	day1	20.6718702935292	0.469505465298097	white	white.day1
white_day1	32550	5608	white_day1	white	day1	rep1	1.27803379416283	0	0	white.day1	day1.rep1	0	0	NA	t0	day1	20.75002464833	0.467499819098877	white	white.day1
white_day1	35669	5898	white_day1	white	day1	rep1	1.59241918752979	7	5	white.day1	day1.rep1	7	5	NA	t7	day1	9.5939710776806	0.753793481164071	white	white.day1
white_day1	45174	6000	white_day1	white	day1	rep1	0.535706379775977	0	0	white.day1	day1.rep1	0	0	NA	t0	day1	22.064786626172	0.433759570453	white	white.day1
white_day1	55015	6537	white_day1	white	day1	rep1	1.97400708897573	0	0	white.day1	day1.rep1	0	0	NA	t0	day1	24.9851932058279	0.358814260347222	white	white.day1
white_day1	5285	2002	white_day1	white	day1	rep1	2.66792809839167	6	2	white.day1	day1.rep1	6	2	NA	t6	day1	37.6025933297909	0.035018604082647	white	white.day1
white_day1	39543	5002	white_day1	white	day1	rep1	0.338871608122803	0	0	white.day1	day1.rep1	0	0	NA	t0	day1	20.8983803773141	0.46369262109017	white	white.day1
white_day1	25899	4784	white_day1	white	day1	rep1	1.35140352909379	0	4	white.day1	day1.rep1	0	4	NA	t0	day1	16.9251484490085	0.565656197348145	white	white.day1
white_day1	42378	5590	white_day1	white	day1	rep1	0.80230308178772	0	4	white.day1	day1.rep1	0	4	NA	t0	day1	23.2880508816662	0.402367393895129	white	white.day1
white_day1	28785	5302	white_day1	white	day1	rep1	1.6362688900469	0	4	white.day1	day1.rep1	0	4	NA	t0	day1	23.9786710577263	0.384644264649807	white	white.day1
white_day1	77932	7394	white_day1	white	day1	rep1	0.309243956269568	0	0	white.day1	day1.rep1	0	0	NA	t0	day1	26.1661902408877	0.328506771779316	white	white.day1
white_day1	40518	5674	white_day1	white	day1	rep1	0.770028135643418	0	0	white.day1	day1.rep1	0	0	NA	t0	day1	20.8795639362072	0.464175500434324	white	white.day1
white_day1	56044	6675	white_day1	white	day1	rep1	1.19370494611377	6	2	white.day1	day1.rep1	6	2	NA	t6	day1	27.1813767827471	0.302454416355632	white	white.day1
white_day1	37443	5449	white_day1	white	day1	rep1	0.475389258339342	0	4	white.day1	day1.rep1	0	4	NA	t0	day1	16.3826378936184	0.579578444371078	white	white.day1
white_day1	105840	8417	white_day1	white	day1	rep1	1.38038548752834	6	2	white.day1	day1.rep1	6	2	NA	t6	day1	26.231882253443	0.326820942043579	white	white.day1
white_day1	49015	5924	white_day1	white	day1	rep1	2.06671427114149	0	0	white.day1	day1.rep1	0	0	NA	t0	day1	22.4956835163036	0.422701623494691	white	white.day1
white_day1	35624	5403	white_day1	white	day1	rep1	1.05546822366944	0	2	white.day1	day1.rep1	0	2	NA	t0	day1	28.798461860065	0.26095576221916	white	white.day1
white_day1	57228	6805	white_day1	white	day1	rep1	0.477039211574754	0	2	white.day1	day1.rep1	0	2	NA	t0	day1	26.0889023224134	0.330490182944678	white	white.day1
white_day1	33744	5023	white_day1	white	day1	rep1	0.530464675201517	0	0	white.day1	day1.rep1	0	0	NA	t0	day1	23.9605402590443	0.385109548606894	white	white.day1
white_day1	26427	5125	white_day1	white	day1	rep1	2.31959738146592	1	1	white.day1	day1.rep1	1	1	NA	t1	day1	13.3710874738738	0.656862745015796	white	white.day1
white_day1	34097	5126	white_day1	white	day1	rep1	0.627621198345895	0	4	white.day1	day1.rep1	0	4	NA	t0	day1	16.903862802844	0.566202442985212	white	white.day1
white_day1	30364	4853	white_day1	white	day1	rep1	1.22842840205507	0	4	white.day1	day1.rep1	0	4	NA	t0	day1	17.9166900244573	0.54021063392131	white	white.day1
white_day1	55300	5835	white_day1	white	day1	rep1	0.374321880650995	0	0	white.day1	day1.rep1	0	0	NA	t0	day1	25.2311703891631	0.35250183918901	white	white.day1
white_day1	39310	5624	white_day1	white	day1	rep1	1.24141439837192	0	2	white.day1	day1.rep1	0	2	NA	t0	day1	28.7984626111954	0.260955742943179	white	white.day1
white_day1	31633	4915	white_day1	white	day1	rep1	1.24553472639332	0	4	white.day1	day1.rep1	0	4	NA	t0	day1	18.5477266661004	0.524016574804506	white	white.day1
white_day1	32644	5234	white_day1	white	day1	rep1	0.7934076706286	0	0	white.day1	day1.rep1	0	0	NA	t0	day1	20.7862545101919	0.466570065601114	white	white.day1
white_day1	25744	4757	white_day1	white	day1	rep1	2.33840894965817	0	0	white.day1	day1.rep1	0	0	NA	t0	day1	19.8188187435686	0.491397010603254	white	white.day1
white_day1	45676	6097	white_day1	white	day1	rep1	1.52815482966985	0	0	white.day1	day1.rep1	0	0	NA	t0	day1	20.7465398897284	0.467589247165456	white	white.day1
white_day1	62509	6837	white_day1	white	day1	rep1	1.45739013582044	0	0	white.day1	day1.rep1	0	0	NA	t0	day1	20.7570849044316	0.467318634367052	white	white.day1
white_day1	38192	5159	white_day1	white	day1	rep1	0.62316715542522	0	4	white.day1	day1.rep1	0	4	NA	t0	day1	24.0029594888108	0.384020959657862	white	white.day1
white_day1	31738	4813	white_day1	white	day1	rep1	1.2225092948516	0	0	white.day1	day1.rep1	0	0	NA	t0	day1	22.4647462125896	0.42349555603711	white	white.day1
white_day1	48357	6103	white_day1	white	day1	rep1	0.814773455756147	0	0	white.day1	day1.rep1	0	0	NA	t0	day1	26.3464189329806	0.323881629748423	white	white.day1
white_day1	73597	6981	white_day1	white	day1	rep1	0.270391456173485	6	0	white.day1	day1.rep1	6	0	NA	t6	day1	22.4428958277073	0.424056294354282	white	white.day1
white_day1	49433	6101	white_day1	white	day1	rep1	0.772763133938867	0	0	white.day1	day1.rep1	0	0	NA	t0	day1	24.1149881229727	0.38114601040029	white	white.day1
white_day1	30883	4861	white_day1	white	day1	rep1	0.955218081144966	0	4	white.day1	day1.rep1	0	4	NA	t0	day1	28.490839125711	0.268850170272597	white	white.day1
white_day1	32077	5105	white_day1	white	day1	rep1	0.929014558718084	0	0	white.day1	day1.rep1	0	0	NA	t0	day1	18.4805551659396	0.525740372081535	white	white.day1
white_day1	46948	6526	white_day1	white	day1	rep1	1.4058106841612	0	4	white.day1	day1.rep1	0	4	NA	t0	day1	15.6841579457322	0.597503276023513	white	white.day1
white_day1	45052	6227	white_day1	white	day1	rep1	0.916718458669981	0	0	white.day1	day1.rep1	0	0	NA	t0	day1	22.6850975946757	0.417840760304994	white	white.day1
white_day1	30413	4628	white_day1	white	day1	rep1	1.28563443264394	0	0	white.day1	day1.rep1	0	0	NA	t0	day1	20.8896309929125	0.463917153294619	white	white.day1
white_day1	72720	7337	white_day1	white	day1	rep1	0.141639163916392	0	0	white.day1	day1.rep1	0	0	NA	t0	day1	22.0303983620132	0.434642063712441	white	white.day1
white_day1	38006	5425	white_day1	white	day1	rep1	0.355207072567489	7	5	white.day1	day1.rep1	7	5	NA	t7	day1	26.4939427517168	0.320095780743635	white	white.day1
white_day1	37753	5121	white_day1	white	day1	rep1	0.561544777898445	6	2	white.day1	day1.rep1	6	2	NA	t6	day1	26.3384597506165	0.324085883291276	white	white.day1
white_day1	34191	5231	white_day1	white	day1	rep1	0.962241525547659	0	4	white.day1	day1.rep1	0	4	NA	t0	day1	17.9166904000225	0.540210624283319	white	white.day1
white_day1	29884	4935	white_day1	white	day1	rep1	0.83656806317762	0	0	white.day1	day1.rep1	0	0	NA	t0	day1	20.797327914063	0.466285892947612	white	white.day1
white_day1	30639	4799	white_day1	white	day1	rep1	0.780051568262672	0	0	white.day1	day1.rep1	0	0	NA	t0	day1	20.9525334017688	0.462302912123208	white	white.day1
white_day1	45577	5796	white_day1	white	day1	rep1	1.15847905741931	0	0	white.day1	day1.rep1	0	0	NA	t0	day1	16.8844313538903	0.566701105047471	white	white.day1
white_day1	36133	5644	white_day1	white	day1	rep1	1.05443777156616	0	0	white.day1	day1.rep1	0	0	NA	t0	day1	22.6527716409834	0.418670329256391	white	white.day1
white_day1	40052	5910	white_day1	white	day1	rep1	0.751523020073904	0	0	white.day1	day1.rep1	0	0	NA	t0	day1	18.5800600197556	0.52318681595061	white	white.day1
white_day1	31650	5284	white_day1	white	day1	rep1	0.872037914691943	0	4	white.day1	day1.rep1	0	4	NA	t0	day1	19.7137903801154	0.49409231451187	white	white.day1
white_day1	30801	4780	white_day1	white	day1	rep1	1.41553845654362	0	4	white.day1	day1.rep1	0	4	NA	t0	day1	16.8844324805859	0.566701076133498	white	white.day1
white_day1	46253	5545	white_day1	white	day1	rep1	0.307007113052126	0	0	white.day1	day1.rep1	0	0	NA	t0	day1	20.9084720549643	0.463433642112294	white	white.day1
white_day1	18978	4077	white_day1	white	day1	rep1	1.08546738328591	0	4	white.day1	day1.rep1	0	4	NA	t0	day1	24.0427979553658	0.38299859987724	white	white.day1
white_day1	24688	4356	white_day1	white	day1	rep1	1.24351911860013	0	4	white.day1	day1.rep1	0	4	NA	t0	day1	18.5513862156763	0.523922661142032	white	white.day1
white_day1	56105	6190	white_day1	white	day1	rep1	0.545405935299884	6	0	white.day1	day1.rep1	6	0	NA	t6	day1	25.0933372836542	0.356038999017086	white	white.day1
white_day1	42958	5903	white_day1	white	day1	rep1	1.27799245774943	6	0	white.day1	day1.rep1	6	0	NA	t6	day1	26.33101722703	0.324276878011685	white	white.day1
white_day1	25373	4364	white_day1	white	day1	rep1	0.906475387222638	2	5	white.day1	day1.rep1	2	5	NA	t2	day1	10.0318767007199	0.742555671694537	white	white.day1
white_day1	50030	5543	white_day1	white	day1	rep1	0.471716969818109	0	0	white.day1	day1.rep1	0	0	NA	t0	day1	20.6718823116161	0.469505156882394	white	white.day1
white_day1	20786	4404	white_day1	white	day1	rep1	0.500336765130376	1	4	white.day1	day1.rep1	1	4	NA	t1	day1	14.0277339667492	0.640011469792257	white	white.day1
white_day1	24616	4576	white_day1	white	day1	rep1	1.23903152421189	0	0	white.day1	day1.rep1	0	0	NA	t0	day1	20.6718826871813	0.469505147244404	white	white.day1
white_day1	32217	4840	white_day1	white	day1	rep1	0.748052270540398	7	5	white.day1	day1.rep1	7	5	NA	t7	day1	23.8586455819892	0.387724433884588	white	white.day1
white_day1	33368	4770	white_day1	white	day1	rep1	0.542435866698633	0	0	white.day1	day1.rep1	0	0	NA	t0	day1	21.9998662618931	0.435425597665427	white	white.day1
white_day1	31711	4872	white_day1	white	day1	rep1	0.838825644098262	0	0	white.day1	day1.rep1	0	0	NA	t0	day1	22.1215715590536	0.432302319796945	white	white.day1
white_day1	42722	5644	white_day1	white	day1	rep1	0.889471466691634	0	2	white.day1	day1.rep1	0	2	NA	t0	day1	27.6152679867291	0.291319627432361	white	white.day1
white_day1	41152	5637	white_day1	white	day1	rep1	0.493293157076205	7	5	white.day1	day1.rep1	7	5	NA	t7	day1	9.59397858898485	0.753793288404258	white	white.day1
white_day1	86561	7692	white_day1	white	day1	rep1	0.797125726366378	0	0	white.day1	day1.rep1	0	0	NA	t0	day1	26.3570575317332	0.323608615337294	white	white.day1
white_day1	27629	4292	white_day1	white	day1	rep1	1.00256976365413	0	4	white.day1	day1.rep1	0	4	NA	t0	day1	16.601690246931	0.573956985132225	white	white.day1
white_day1	31178	4775	white_day1	white	day1	rep1	1.33106677785618	0	4	white.day1	day1.rep1	0	4	NA	t0	day1	15.6876329616839	0.597414097978944	white	white.day1
white_day1	57147	6441	white_day1	white	day1	rep1	0.811941134267765	6	2	white.day1	day1.rep1	6	2	NA	t6	day1	30.2726453998411	0.22312433720081	white	white.day1
white_day1	87771	7520	white_day1	white	day1	rep1	0.364585113534083	0	0	white.day1	day1.rep1	0	0	NA	t0	day1	22.5386531890824	0.421598908730937	white	white.day1
white_day1	45327	5587	white_day1	white	day1	rep1	1.19575528934189	0	0	white.day1	day1.rep1	0	0	NA	t0	day1	25.1723942341956	0.354010189838385	white	white.day1
white_day1	32706	5107	white_day1	white	day1	rep1	0.464746529688742	0	0	white.day1	day1.rep1	0	0	NA	t0	day1	18.721098146682	0.519567406847484	white	white.day1
white_day1	36783	5485	white_day1	white	day1	rep1	0.666068564282413	0	4	white.day1	day1.rep1	0	4	NA	t0	day1	28.2114398479573	0.276020290234815	white	white.day1
white_day1	78091	7584	white_day1	white	day1	rep1	0.471245085861367	6	2	white.day1	day1.rep1	6	2	NA	t6	day1	26.196125880945	0.327738544559538	white	white.day1
white_day1	34172	5184	white_day1	white	day1	rep1	0.945218307386164	10	2	white.day1	day1.rep1	10	2	NA	t10	day1	28.5197550621475	0.268108111328366	white	white.day1
white_day1	32692	4947	white_day1	white	day1	rep1	1.06753945919491	0	0	white.day1	day1.rep1	0	0	NA	t0	day1	20.826014120312	0.465549729483913	white	white.day1
white_day1	44758	5813	white_day1	white	day1	rep1	0.632289199696144	0	0	white.day1	day1.rep1	0	0	NA	t0	day1	25.0725435263703	0.356572621492381	white	white.day1
white_day1	50727	5908	white_day1	white	day1	rep1	0.883158870029767	6	2	white.day1	day1.rep1	6	2	NA	t6	day1	30.2499609660603	0.223706479405296	white	white.day1
white_day1	57578	6513	white_day1	white	day1	rep1	0.571398798152072	0	0	white.day1	day1.rep1	0	0	NA	t0	day1	13.3710893516999	0.656862696825843	white	white.day1
white_day1	25151	4654	white_day1	white	day1	rep1	1.43930658820723	0	4	white.day1	day1.rep1	0	4	NA	t0	day1	23.5767666827754	0.39495818745199	white	white.day1
white_day1	65976	6510	white_day1	white	day1	rep1	0.39559839941797	0	0	white.day1	day1.rep1	0	0	NA	t0	day1	18.9912753866535	0.512633948617987	white	white.day1
white_day1	30376	4845	white_day1	white	day1	rep1	0.974453515933632	0	4	white.day1	day1.rep1	0	4	NA	t0	day1	17.4560993431564	0.552030601621149	white	white.day1
white_day1	60448	6683	white_day1	white	day1	rep1	1.27878507146638	6	2	white.day1	day1.rep1	6	2	NA	t6	day1	27.1368272028483	0.303597675689403	white	white.day1
white_day1	41809	5161	white_day1	white	day1	rep1	0.480757731588892	0	0	white.day1	day1.rep1	0	0	NA	t0	day1	20.6581674971824	0.469857115074771	white	white.day1
white_day1	26205	4849	white_day1	white	day1	rep1	0.816638046174394	1	1	white.day1	day1.rep1	1	1	NA	t1	day1	12.2626563817445	0.685308000724095	white	white.day1
white_day1	44203	6111	white_day1	white	day1	rep1	1.1877021921589	0	0	white.day1	day1.rep1	0	0	NA	t0	day1	23.8586493376414	0.38772433750468	white	white.day1
white_day1	35369	5246	white_day1	white	day1	rep1	0.692696994543244	0	4	white.day1	day1.rep1	0	4	NA	t0	day1	24.0427987064962	0.382998580601259	white	white.day1
white_day1	16422	3633	white_day1	white	day1	rep1	1.5649738156132	0	4	white.day1	day1.rep1	0	4	NA	t0	day1	16.884434358412	0.566701027943545	white	white.day1
white_day1	65913	7006	white_day1	white	day1	rep1	0.534037291581327	0	0	white.day1	day1.rep1	0	0	NA	t0	day1	21.9860571131461	0.435779976724271	white	white.day1
white_day1	57478	6296	white_day1	white	day1	rep1	0.739413340756463	6	2	white.day1	day1.rep1	6	2	NA	t6	day1	35.4091055998766	0.0913092655531504	white	white.day1
white_day1	65848	7083	white_day1	white	day1	rep1	1.83756530190742	6	2	white.day1	day1.rep1	6	2	NA	t6	day1	26.407546753396	0.32231292918151	white	white.day1
white_day1	38956	6023	white_day1	white	day1	rep1	1.15258240065715	7	5	white.day1	day1.rep1	7	5	NA	t7	day1	23.8586527177283	0.387724250762764	white	white.day1
white_day1	32012	5235	white_day1	white	day1	rep1	1.44633262526553	0	0	white.day1	day1.rep1	0	0	NA	t0	day1	19.8285058676384	0.491148413533754	white	white.day1
white_day1	71662	6656	white_day1	white	day1	rep1	0.329323769919902	0	2	white.day1	day1.rep1	0	2	NA	t0	day1	26.0925948324879	0.330395423429162	white	white.day1
white_day1	27734	4468	white_day1	white	day1	rep1	0.962717242373981	0	4	white.day1	day1.rep1	0	4	NA	t0	day1	17.0236439004626	0.563128545135381	white	white.day1
white_day1	32218	4580	white_day1	white	day1	rep1	0.251412254019492	0	0	white.day1	day1.rep1	0	0	NA	t0	day1	20.6718864428335	0.469505050864497	white	white.day1
white_day1	19907	4298	white_day1	white	day1	rep1	1.13527904757121	7	5	white.day1	day1.rep1	7	5	NA	t7	day1	9.59398234463698	0.753793192024351	white	white.day1
white_day1	33059	5646	white_day1	white	day1	rep1	2.3110196920657	0	4	white.day1	day1.rep1	0	4	NA	t0	day1	16.8844358606728	0.566700989391582	white	white.day1
white_day1	105590	8055	white_day1	white	day1	rep1	0.184676579221517	7	0	white.day1	day1.rep1	7	0	NA	t7	day1	22.4428980810986	0.424056236526338	white	white.day1
white_day1	19982	4698	white_day1	white	day1	rep1	1.87668902011811	0	4	white.day1	day1.rep1	0	4	NA	t0	day1	24.14514547231	0.380372093537549	white	white.day1
white_day1	66792	7194	white_day1	white	day1	rep1	1.06749311294766	6	2	white.day1	day1.rep1	6	2	NA	t6	day1	33.5490336904067	0.139043600575327	white	white.day1
white_day1	37011	5458	white_day1	white	day1	rep1	1.0780578746859	0	0	white.day1	day1.rep1	0	0	NA	t0	day1	20.9222748277339	0.463079426677791	white	white.day1
white_day1	77791	7013	white_day1	white	day1	rep1	0.660744816238382	0	0	white.day1	day1.rep1	0	0	NA	t0	day1	20.6718879450943	0.469505012312534	white	white.day1
white_day1	33085	5084	white_day1	white	day1	rep1	1.3299078132084	0	4	white.day1	day1.rep1	0	4	NA	t0	day1	16.7216344317229	0.570878902036798	white	white.day1
white_day1	33507	4961	white_day1	white	day1	rep1	0.59987465305757	0	0	white.day1	day1.rep1	0	0	NA	t0	day1	26.4016532125067	0.322464172933888	white	white.day1
white_day1	43934	5861	white_day1	white	day1	rep1	0.742022124095234	0	0	white.day1	day1.rep1	0	0	NA	t0	day1	23.28805764184	0.402367220411297	white	white.day1
white_day1	28168	4914	white_day1	white	day1	rep1	0.301760863391082	0	4	white.day1	day1.rep1	0	4	NA	t0	day1	19.8372766465158	0.490923332290817	white	white.day1
white_day1	29497	4955	white_day1	white	day1	rep1	1.51879852188358	0	0	white.day1	day1.rep1	0	0	NA	t0	day1	24.0427998331918	0.382998551687286	white	white.day1
white_day1	89797	8183	white_day1	white	day1	rep1	0.514493802688286	7	5	white.day1	day1.rep1	7	5	NA	t7	day1	23.8586545955544	0.387724202572811	white	white.day1
white_day1	23837	4367	white_day1	white	day1	rep1	1.92138272433612	0	4	white.day1	day1.rep1	0	4	NA	t0	day1	18.3164695507223	0.529951240322286	white	white.day1
white_day1	49859	6922	white_day1	white	day1	rep1	0.541527106440161	9	7	white.day1	day1.rep1	9	7	NA	t9	day1	38.9448521195278	0.000572714958918974	white	white.day1
white_day1	58258	6883	white_day1	white	day1	rep1	1.35775344158742	0	0	white.day1	day1.rep1	0	0	NA	t0	day1	21.4056893761974	0.450673738546344	white	white.day1
white_day1	38948	4899	white_day1	white	day1	rep1	0.824175824175824	0	0	white.day1	day1.rep1	0	0	NA	t0	day1	23.2880580174052	0.402367210773306	white	white.day1
white_day1	106250	8148	white_day1	white	day1	rep1	0.328470588235294	0	0	white.day1	day1.rep1	0	0	NA	t0	day1	21.168776490614	0.456753545995686	white	white.day1
white_day1	37642	5718	white_day1	white	day1	rep1	1.17422028585091	0	4	white.day1	day1.rep1	0	4	NA	t0	day1	16.8844369873685	0.56670096047761	white	white.day1
white_day1	45083	6029	white_day1	white	day1	rep1	0.987068296253577	0	0	white.day1	day1.rep1	0	0	NA	t0	day1	21.955628193492	0.436560862795255	white	white.day1
white_day1	31419	4697	white_day1	white	day1	rep1	1.37814698112607	0	0	white.day1	day1.rep1	0	0	NA	t0	day1	20.8765522579752	0.464252788014968	white	white.day1
white_day1	22817	4127	white_day1	white	day1	rep1	0.53907174475172	0	4	white.day1	day1.rep1	0	4	NA	t0	day1	17.0236442760279	0.56312853549739	white	white.day1
white_day1	53653	6304	white_day1	white	day1	rep1	1.05865468846104	6	2	white.day1	day1.rep1	6	2	NA	t6	day1	31.3041376797884	0.196653533672669	white	white.day1
white_day1	33674	5425	white_day1	white	day1	rep1	0.472174377858288	0	0	white.day1	day1.rep1	0	0	NA	t0	day1	23.4060767338673	0.399338540256964	white	white.day1
white_day1	29449	5086	white_day1	white	day1	rep1	2.22418418282454	0	0	white.day1	day1.rep1	0	0	NA	t0	day1	21.2009223732078	0.455928598142057	white	white.day1
white_day1	32864	4851	white_day1	white	day1	rep1	0.712025316455696	0	0	white.day1	day1.rep1	0	0	NA	t0	day1	25.384912084391	0.348556423127662	white	white.day1
white_day1	103330	7668	white_day1	white	day1	rep1	0.36097938643182	0	0	white.day1	day1.rep1	0	0	NA	t0	day1	23.2880591441009	0.402367181859334	white	white.day1
white_day1	28420	4787	white_day1	white	day1	rep1	2.20971147079521	0	4	white.day1	day1.rep1	0	4	NA	t0	day1	13.1765085642016	0.661856151354152	white	white.day1
white_day1	37205	5748	white_day1	white	day1	rep1	1.37078349684182	0	0	white.day1	day1.rep1	0	0	NA	t0	day1	25.3480352243539	0.349502780299455	white	white.day1
white_day1	42751	6246	white_day1	white	day1	rep1	1.30991087927768	7	5	white.day1	day1.rep1	7	5	NA	t7	day1	23.8586606045978	0.387724048364959	white	white.day1
white_day1	25387	3662	white_day1	white	day1	rep1	0.232402410682633	0	4	white.day1	day1.rep1	0	4	NA	t0	day1	19.8169878925956	0.491443995052228	white	white.day1
white_day1	81303	7009	white_day1	white	day1	rep1	1.69366444042655	0	0	white.day1	day1.rep1	0	0	NA	t0	day1	22.594471432315	0.420166465872545	white	white.day1
white_day1	52501	6245	white_day1	white	day1	rep1	1.87615473990972	6	2	white.day1	day1.rep1	6	2	NA	t6	day1	31.8744768859182	0.182017130314777	white	white.day1
white_day1	64684	6178	white_day1	white	day1	rep1	0.84874157442335	0	0	white.day1	day1.rep1	0	0	NA	t0	day1	18.9912765133492	0.512633919704015	white	white.day1
white_day1	52916	6517	white_day1	white	day1	rep1	0.241892811248016	0	0	white.day1	day1.rep1	0	0	NA	t0	day1	16.9036973366264	0.566206689283341	white	white.day1
white_day1	31845	5367	white_day1	white	day1	rep1	0.4364892447794	0	1	white.day1	day1.rep1	0	1	NA	t0	day1	9.8940931188728	0.746091560615262	white	white.day1
white_day1	32301	5269	white_day1	white	day1	rep1	1.34670753227454	0	0	white.day1	day1.rep1	0	0	NA	t0	day1	22.1477999393651	0.431629230608025	white	white.day1
white_day1	41363	5118	white_day1	white	day1	rep1	0.476271063510867	0	4	white.day1	day1.rep1	0	4	NA	t0	day1	28.211440974653	0.276020261320843	white	white.day1
white_day1	55940	5669	white_day1	white	day1	rep1	0.430818734358241	0	0	white.day1	day1.rep1	0	0	NA	t0	day1	23.2880595196661	0.402367172221343	white	white.day1
white_day1	57850	6567	white_day1	white	day1	rep1	1.35868625756266	0	0	white.day1	day1.rep1	0	0	NA	t0	day1	23.8506315293965	0.387930095541751	white	white.day1
white_day1	39348	5398	white_day1	white	day1	rep1	1.0318186438955	0	0	white.day1	day1.rep1	0	0	NA	t0	day1	20.6718947052682	0.469504838828701	white	white.day1
white_day1	98690	7699	white_day1	white	day1	rep1	0.59985814165569	0	4	white.day1	day1.rep1	0	4	NA	t0	day1	23.8586628579891	0.387723990537015	white	white.day1
white_day1	78241	6977	white_day1	white	day1	rep1	0.444779591262893	6	2	white.day1	day1.rep1	6	2	NA	t6	day1	27.2096146916121	0.301729757381307	white	white.day1
white_day1	36784	4856	white_day1	white	day1	rep1	0.815571987820792	0	0	white.day1	day1.rep1	0	0	NA	t0	day1	22.0570430302855	0.433958291480095	white	white.day1
white_day1	42860	5656	white_day1	white	day1	rep1	0.650956602893141	0	0	white.day1	day1.rep1	0	0	NA	t0	day1	19.8127011885379	0.491554003147393	white	white.day1
white_day1	41390	5666	white_day1	white	day1	rep1	0.292341145204156	9	7	white.day1	day1.rep1	9	7	NA	t9	day1	38.9448532462234	0.000572686044946868	white	white.day1
white_day1	24228	4070	white_day1	white	day1	rep1	1.76242364206703	0	0	white.day1	day1.rep1	0	0	NA	t0	day1	22.7091957930815	0.417222337183676	white	white.day1
white_day1	31377	4735	white_day1	white	day1	rep1	0.344201166459509	7	5	white.day1	day1.rep1	7	5	NA	t7	day1	25.0513179145932	0.357117326489247	white	white.day1
white_day1	46481	5925	white_day1	white	day1	rep1	1.13164518835653	0	0	white.day1	day1.rep1	0	0	NA	t0	day1	23.2838052199793	0.402476348735165	white	white.day1
white_day1	34773	5158	white_day1	white	day1	rep1	0.362350099214908	6	2	white.day1	day1.rep1	6	2	NA	t6	day1	27.1368287051091	0.30359763713744	white	white.day1
white_day1	42941	4910	white_day1	white	day1	rep1	0.724249551710486	0	0	white.day1	day1.rep1	0	0	NA	t0	day1	25.2311752715109	0.352501713895131	white	white.day1
white_day1	51443	6145	white_day1	white	day1	rep1	0.806718115195459	6	2	white.day1	day1.rep1	6	2	NA	t6	day1	31.1982362445755	0.199371242897803	white	white.day1
white_day1	24688	4542	white_day1	white	day1	rep1	1.55136098509397	0	4	white.day1	day1.rep1	0	4	NA	t0	day1	23.4426156735477	0.398400855009862	white	white.day1
white_day1	52731	5920	white_day1	white	day1	rep1	0.771841990479983	0	0	white.day1	day1.rep1	0	0	NA	t0	day1	23.288062899753	0.402367085479427	white	white.day1
white_day1	22455	4369	white_day1	white	day1	rep1	1.07325762636384	0	4	white.day1	day1.rep1	0	4	NA	t0	day1	24.0428009598875	0.382998522773314	white	white.day1
white_day1	6875	2693	white_day1	white	day1	rep1	1.06181818181818	7	5	white.day1	day1.rep1	7	5	NA	t7	day1	9.59398872924559	0.75379302817851	white	white.day1
white_day1	78591	8020	white_day1	white	day1	rep1	0.325737043681847	9	0	white.day1	day1.rep1	9	0	NA	t9	day1	24.0313604004942	0.383292117602707	white	white.day1
white_day1	24100	4981	white_day1	white	day1	rep1	1.15352697095436	0	0	white.day1	day1.rep1	0	0	NA	t0	day1	24.0779385867561	0.382096798896784	white	white.day1
white_day1	53264	6096	white_day1	white	day1	rep1	0.540702913787924	0	4	white.day1	day1.rep1	0	4	NA	t0	day1	18.4172581631766	0.527364739569911	white	white.day1
white_day1	38003	5449	white_day1	white	day1	rep1	1.51830118674841	0	0	white.day1	day1.rep1	0	0	NA	t0	day1	23.2880640264487	0.402367056565455	white	white.day1
white_day1	32915	5176	white_day1	white	day1	rep1	1.18183199149324	6	0	white.day1	day1.rep1	6	0	NA	t6	day1	25.0071962308993	0.358249604881531	white	white.day1
white_day1	37232	5100	white_day1	white	day1	rep1	0.829931241942415	0	0	white.day1	day1.rep1	0	0	NA	t0	day1	22.4203013378807	0.424636128360455	white	white.day1
white_day1	27976	4804	white_day1	white	day1	rep1	1.23677437803832	0	4	white.day1	day1.rep1	0	4	NA	t0	day1	16.8844403674554	0.566700873735694	white	white.day1
white_day1	45848	7745	white_day1	white	day1	rep1	0.922613854475659	7	5	white.day1	day1.rep1	7	5	NA	t7	day1	9.59398910481081	0.75379301854052	white	white.day1
white_day1	89439	7764	white_day1	white	day1	rep1	0.390210087322085	0	0	white.day1	day1.rep1	0	0	NA	t0	day1	26.6192971903238	0.316878856312637	white	white.day1
white_day1	43104	5691	white_day1	white	day1	rep1	0.904788418708241	0	2	white.day1	day1.rep1	0	2	NA	t0	day1	37.6444013319167	0.0339457008416912	white	white.day1
white_day1	33447	5207	white_day1	white	day1	rep1	0.887972015427393	0	5	white.day1	day1.rep1	0	5	NA	t0	day1	23.8586654869456	0.38772392307108	white	white.day1
white_day1	53704	6108	white_day1	white	day1	rep1	0.342618799344555	0	0	white.day1	day1.rep1	0	0	NA	t0	day1	22.6828790307113	0.417897694488562	white	white.day1
white_day1	27021	4704	white_day1	white	day1	rep1	1.63946560082898	0	4	white.day1	day1.rep1	0	4	NA	t0	day1	16.8844411185858	0.566700854459712	white	white.day1
white_day1	51422	5930	white_day1	white	day1	rep1	0.861498969312745	0	2	white.day1	day1.rep1	0	2	NA	t0	day1	38.9448539973538	0.000572666768965502	white	white.day1
white_day1	95615	7594	white_day1	white	day1	rep1	0.28029074935941	0	0	white.day1	day1.rep1	0	0	NA	t0	day1	20.9369082042937	0.462703895766511	white	white.day1
white_day1	34608	4903	white_day1	white	day1	rep1	0.647249190938511	0	0	white.day1	day1.rep1	0	0	NA	t0	day1	22.016680179212	0.434994108345983	white	white.day1
white_day1	18060	4275	white_day1	white	day1	rep1	0.343300110741971	0	0	white.day1	day1.rep1	0	0	NA	t0	day1	24.3752457367052	0.374467115857164	white	white.day1
white_day1	36093	5134	white_day1	white	day1	rep1	1.02790014684288	0	4	white.day1	day1.rep1	0	4	NA	t0	day1	15.3804172260455	0.605298061375406	white	white.day1
white_day1	52234	6264	white_day1	white	day1	rep1	0.181873875253666	6	2	white.day1	day1.rep1	6	2	NA	t6	day1	29.6972593133281	0.237890256776757	white	white.day1
white_day1	40839	5237	white_day1	white	day1	rep1	0.188545263106344	0	0	white.day1	day1.rep1	0	0	NA	t0	day1	22.570687002776	0.420776836859897	white	white.day1
white_day3	17567	3687	white_day3	white	day3	rep1	1.03603347185063	5	5	white.day3	day3.rep1	5	5	NA	t5	day3	7.76051919549975	0.800844676306308	white	white.day3
white_day3	22436	3953	white_day3	white	day3	rep1	3.25815653414156	1	4	white.day3	day3.rep1	1	4	NA	t1	day3	16.7001528833693	0.571430175039034	white	white.day3
white_day3	35307	5091	white_day3	white	day3	rep1	2.33381482425581	4	3	white.day3	day3.rep1	4	3	NA	t4	day3	1.81869984824663	0.953327380829202	white	white.day3
white_day3	22380	3825	white_day3	white	day3	rep1	1.92135835567471	1	0	white.day3	day3.rep1	1	0	NA	t1	day3	22.5962884618906	0.420119836116962	white	white.day3
white_day3	21707	3933	white_day3	white	day3	rep1	1.18855668678307	2	1	white.day3	day3.rep1	2	1	NA	t2	day3	11.8077534353587	0.696982006193886	white	white.day3
white_day3	18048	3397	white_day3	white	day3	rep1	1.90602836879433	1	1	white.day3	day3.rep1	1	1	NA	t1	day3	8.44895765744257	0.783177535580606	white	white.day3
white_day3	15333	2917	white_day3	white	day3	rep1	2.11961129589774	1	1	white.day3	day3.rep1	1	1	NA	t1	day3	12.3803614010031	0.682287380502654	white	white.day3
white_day3	29674	4379	white_day3	white	day3	rep1	1.93098335242974	2	3	white.day3	day3.rep1	2	3	NA	t2	day3	2.53277821312298	0.935002252791109	white	white.day3
white_day3	25592	4466	white_day3	white	day3	rep1	2.60628321350422	4	3	white.day3	day3.rep1	4	3	NA	t4	day3	1.9311581436215	0.950441405335396	white	white.day3
white_day3	34505	5072	white_day3	white	day3	rep1	0.965077524996377	5	5	white.day3	day3.rep1	5	5	NA	t5	day3	8.21613056834336	0.789152490751273	white	white.day3
white_day3	23358	4234	white_day3	white	day3	rep1	2.24762394040586	1	1	white.day3	day3.rep1	1	1	NA	t1	day3	12.0872706382354	0.689808859963009	white	white.day3
white_day3	27166	4343	white_day3	white	day3	rep1	1.32886696606052	4	6	white.day3	day3.rep1	4	6	NA	t4	day3	0.00702892407818093	0.999819619330261	white	white.day3
white_day3	16062	3597	white_day3	white	day3	rep1	1.60627568173328	1	1	white.day3	day3.rep1	1	1	NA	t1	day3	12.3803625276988	0.682287351588682	white	white.day3
white_day3	17130	3577	white_day3	white	day3	rep1	2.34092235843549	2	1	white.day3	day3.rep1	2	1	NA	t2	day3	7.8260038431873	0.799164168098205	white	white.day3
white_day3	17966	4937	white_day3	white	day3	rep1	2.59935433596794	5	5	white.day3	day3.rep1	5	5	NA	t5	day3	9.59399135820208	0.753792960712576	white	white.day3
white_day3	24436	4394	white_day3	white	day3	rep1	2.81551808806679	5	5	white.day3	day3.rep1	5	5	NA	t5	day3	9.59399173376729	0.753792951074585	white	white.day3
white_day3	32038	5061	white_day3	white	day3	rep1	1.42018852612523	1	2	white.day3	day3.rep1	1	2	NA	t1	day3	38.944854372919	0.000572657130974763	white	white.day3
white_day3	17685	4205	white_day3	white	day3	rep1	2.36358495900481	1	1	white.day3	day3.rep1	1	1	NA	t1	day3	10.2492210744292	0.736978043702306	white	white.day3
white_day3	33198	4916	white_day3	white	day3	rep1	1.39165009940358	1	4	white.day3	day3.rep1	1	4	NA	t1	day3	12.987488335409	0.666706907328271	white	white.day3
white_day3	23988	4494	white_day3	white	day3	rep1	1.29648157412039	1	1	white.day3	day3.rep1	1	1	NA	t1	day3	12.2934571124475	0.684517573004167	white	white.day3
white_day3	27137	4088	white_day3	white	day3	rep1	2.69742418100748	1	4	white.day3	day3.rep1	1	4	NA	t1	day3	19.2690288140305	0.505506065503109	white	white.day3
white_day3	15805	3593	white_day3	white	day3	rep1	4.62511863334388	1	4	white.day3	day3.rep1	1	4	NA	t1	day3	12.7313144983545	0.673281001426259	white	white.day3
white_day3	14631	3402	white_day3	white	day3	rep1	1.58567425329779	5	5	white.day3	day3.rep1	5	5	NA	t5	day3	9.59399436272378	0.75379288360865	white	white.day3
white_day3	57616	6950	white_day3	white	day3	rep1	2.82039711191336	1	1	white.day3	day3.rep1	1	1	NA	t1	day3	11.5366292005233	0.703939766801084	white	white.day3
white_day3	52193	6397	white_day3	white	day3	rep1	1.20705841779549	2	1	white.day3	day3.rep1	2	1	NA	t2	day3	8.02283809509885	0.794112883749062	white	white.day3
white_day3	21510	4051	white_day3	white	day3	rep1	2.53370525337053	2	1	white.day3	day3.rep1	2	1	NA	t2	day3	6.00393878341207	0.845923147443418	white	white.day3
white_day3	34402	5401	white_day3	white	day3	rep1	2.73239927911168	2	1	white.day3	day3.rep1	2	1	NA	t2	day3	12.2965479171782	0.684438254829559	white	white.day3
white_day3	28534	4407	white_day3	white	day3	rep1	3.55715987944207	4	6	white.day3	day3.rep1	4	6	NA	t4	day3	0.00703418199116931	0.999819484398391	white	white.day3
white_day3	55896	7045	white_day3	white	day3	rep1	1.48311149277229	5	5	white.day3	day3.rep1	5	5	NA	t5	day3	8.21613207060421	0.78915245219931	white	white.day3
white_day3	69232	6325	white_day3	white	day3	rep1	0.999537785994916	2	1	white.day3	day3.rep1	2	1	NA	t2	day3	12.38036478109	0.682287293760738	white	white.day3
white_day3	26782	4463	white_day3	white	day3	rep1	2.16563363453065	1	4	white.day3	day3.rep1	1	4	NA	t1	day3	15.3804176016107	0.605298051737415	white	white.day3
white_day3	15689	3234	white_day3	white	day3	rep1	1.74007266237491	5	5	white.day3	day3.rep1	5	5	NA	t5	day3	9.59399548941942	0.753792854694678	white	white.day3
white_day3	24407	4583	white_day3	white	day3	rep1	2.87622403408858	1	1	white.day3	day3.rep1	1	1	NA	t1	day3	11.8077564398804	0.696981929089961	white	white.day3
white_day3	17155	3674	white_day3	white	day3	rep1	4.33692800932673	2	3	white.day3	day3.rep1	2	3	NA	t2	day3	6.65109649697795	0.829315379241411	white	white.day3
white_day3	27094	4598	white_day3	white	day3	rep1	3.59489185797594	1	1	white.day3	day3.rep1	1	1	NA	t1	day3	11.7522570809258	0.698406188539485	white	white.day3
white_day3	13420	2974	white_day3	white	day3	rep1	2.30253353204173	2	1	white.day3	day3.rep1	2	1	NA	t2	day3	7.91792359232578	0.796805265693307	white	white.day3
white_day3	25652	3958	white_day3	white	day3	rep1	0.842039607048183	1	4	white.day3	day3.rep1	1	4	NA	t1	day3	12.961142108309	0.667383020775584	white	white.day3
white_day3	16359	3525	white_day3	white	day3	rep1	4.65798642948836	4	6	white.day3	day3.rep1	4	6	NA	t4	day3	0.00703681094766351	0.999819416932457	white	white.day3
white_day3	42828	5290	white_day3	white	day3	rep1	2.0267114971514	2	1	white.day3	day3.rep1	2	1	NA	t2	day3	11.8077571910109	0.696981909813979	white	white.day3
white_day3	20808	3867	white_day3	white	day3	rep1	0.720876585928489	4	6	white.day3	day3.rep1	4	6	NA	t4	day3	0.00703793764330388	0.999819388018484	white	white.day3
white_day3	14921	3945	white_day3	white	day3	rep1	3.08290329066416	5	5	white.day3	day3.rep1	5	5	NA	t5	day3	8.21613282173464	0.789152432923329	white	white.day3
white_day3	40902	5529	white_day3	white	day3	rep1	2.33973888807393	2	3	white.day3	day3.rep1	2	3	NA	t2	day3	1.81870247720313	0.953327313363267	white	white.day3
white_day3	20514	4109	white_day3	white	day3	rep1	1.86701764648533	1	4	white.day3	day3.rep1	1	4	NA	t1	day3	16.6459945261328	0.572820020859194	white	white.day3
white_day3	15996	3790	white_day3	white	day3	rep1	4.32608152038009	2	3	white.day3	day3.rep1	2	3	NA	t2	day3	5.50484685988412	0.858731158232278	white	white.day3
white_day3	17698	3677	white_day3	white	day3	rep1	3.20375183636569	2	1	white.day3	day3.rep1	2	1	NA	t2	day3	9.76706165842571	0.749351521835292	white	white.day3
white_day3	20162	4084	white_day3	white	day3	rep1	3.99761928380121	4	3	white.day3	day3.rep1	4	3	NA	t4	day3	1.93116227483885	0.950441299317499	white	white.day3
white_day3	14143	3345	white_day3	white	day3	rep1	2.11412005939334	2	3	white.day3	day3.rep1	2	3	NA	t2	day3	6.78501498797924	0.825878678712483	white	white.day3
white_day3	17041	3690	white_day3	white	day3	rep1	3.61481133736283	1	4	white.day3	day3.rep1	1	4	NA	t1	day3	23.24481912561	0.403476834404755	white	white.day3
white_day3	33518	4825	white_day3	white	day3	rep1	2.87308311951787	4	6	white.day3	day3.rep1	4	6	NA	t4	day3	0.00704056659979807	0.99981932055255	white	white.day3
white_day3	23446	4170	white_day3	white	day3	rep1	2.08137848673548	2	3	white.day3	day3.rep1	2	3	NA	t2	day3	6.63018659157775	0.829851982382706	white	white.day3
white_day3	35840	5139	white_day3	white	day3	rep1	2.51953125	2	3	white.day3	day3.rep1	2	3	NA	t2	day3	6.7850164902401	0.82587864016052	white	white.day3
white_day3	14434	3190	white_day3	white	day3	rep1	1.98143272828045	1	4	white.day3	day3.rep1	1	4	NA	t1	day3	15.6935256939801	0.597262874977194	white	white.day3
white_day3	17082	3729	white_day3	white	day3	rep1	1.17667720407446	4	6	white.day3	day3.rep1	4	6	NA	t4	day3	0.437026765952543	0.988784744313685	white	white.day3
white_day3	24305	4017	white_day3	white	day3	rep1	2.65377494342728	4	6	white.day3	day3.rep1	4	6	NA	t4	day3	0.00704169329543844	0.999819291638578	white	white.day3
white_day3	16646	3646	white_day3	white	day3	rep1	4.90207857743602	2	3	white.day3	day3.rep1	2	3	NA	t2	day3	5.49758594933868	0.858917492284621	white	white.day3
white_day3	25572	3943	white_day3	white	day3	rep1	2.29547943062725	2	1	white.day3	day3.rep1	2	1	NA	t2	day3	10.4329336392791	0.732263496337935	white	white.day3
white_day3	30776	4497	white_day3	white	day3	rep1	2.9113595009098	5	5	white.day3	day3.rep1	5	5	NA	t5	day3	8.25754748279434	0.788089623848159	white	white.day3
white_day3	18751	4116	white_day3	white	day3	rep1	2.47453469148312	1	4	white.day3	day3.rep1	1	4	NA	t1	day3	18.3158242231881	0.529967801123274	white	white.day3
white_day3	12393	2997	white_day3	white	day3	rep1	3.7763253449528	4	6	white.day3	day3.rep1	4	6	NA	t4	day3	0.00704281999107881	0.999819262724606	white	white.day3
white_day3	23382	4714	white_day3	white	day3	rep1	1.48832435206569	5	5	white.day3	day3.rep1	5	5	NA	t5	day3	9.59400037176719	0.7537927294008	white	white.day3
white_day3	23525	4156	white_day3	white	day3	rep1	2.99681190223167	2	3	white.day3	day3.rep1	2	3	NA	t2	day3	5.56642246815298	0.857150966251884	white	white.day3
white_day3	28789	4559	white_day3	white	day3	rep1	2.29948938830803	2	3	white.day3	day3.rep1	2	3	NA	t2	day3	4.81691142773812	0.876385389891011	white	white.day3
white_day3	24360	4118	white_day3	white	day3	rep1	1.5311986863711	2	6	white.day3	day3.rep1	2	6	NA	t2	day3	1.76528242169679	0.954698212420159	white	white.day3
white_day3	30111	4821	white_day3	white	day3	rep1	3.55019760220517	2	1	white.day3	day3.rep1	2	1	NA	t2	day3	6.04670572685091	0.844825635247469	white	white.day3
white_day3	19422	3719	white_day3	white	day3	rep1	2.80094737926063	2	3	white.day3	day3.rep1	2	3	NA	t2	day3	7.90090131931218	0.797242101967611	white	white.day3
white_day3	27987	4760	white_day3	white	day3	rep1	2.48686890341944	0	2	white.day3	day3.rep1	0	2	NA	t0	day3	31.1982369957059	0.199371223621822	white	white.day3
white_day3	41723	5134	white_day3	white	day3	rep1	1.84790163698679	1	4	white.day3	day3.rep1	1	4	NA	t1	day3	15.4136680312081	0.604444758303998	white	white.day3
white_day3	66444	6944	white_day3	white	day3	rep1	2.4968394437421	4	6	white.day3	day3.rep1	4	6	NA	t4	day3	0.00704507338235955	0.999819204896662	white	white.day3
white_day3	22651	4415	white_day3	white	day3	rep1	1.02423734051477	1	4	white.day3	day3.rep1	1	4	NA	t1	day3	14.8310875584261	0.619395304744474	white	white.day3
white_day3	30853	4567	white_day3	white	day3	rep1	2.06138787151979	1	4	white.day3	day3.rep1	1	4	NA	t1	day3	15.6951835866196	0.597220329093735	white	white.day3
white_day3	30377	4983	white_day3	white	day3	rep1	0.941501794120552	1	1	white.day3	day3.rep1	1	1	NA	t1	day3	12.3513463746219	0.68303198235536	white	white.day3
white_day3	30855	5154	white_day3	white	day3	rep1	2.7807486631016	5	5	white.day3	day3.rep1	5	5	NA	t5	day3	8.27807699953141	0.78756278247994	white	white.day3
white_day3	15851	3374	white_day3	white	day3	rep1	4.19531890732446	2	1	white.day3	day3.rep1	2	1	NA	t2	day3	8.85457180033205	0.772768410380743	white	white.day3
white_day3	52687	6329	white_day3	white	day3	rep1	4.00668096494391	4	3	white.day3	day3.rep1	4	3	NA	t4	day3	1.93116340153449	0.950441270403527	white	white.day3
white_day3	39679	5597	white_day3	white	day3	rep1	2.94110234632929	1	1	white.day3	day3.rep1	1	1	NA	t1	day3	11.8077598199674	0.696981842348045	white	white.day3
white_day3	22207	4203	white_day3	white	day3	rep1	3.14765614445895	1	1	white.day3	day3.rep1	1	1	NA	t1	day3	9.36535499809759	0.759660370760496	white	white.day3
white_day3	17582	3716	white_day3	white	day3	rep1	1.2171539074053	5	5	white.day3	day3.rep1	5	5	NA	t5	day3	9.61199485297073	0.753330943708566	white	white.day3
white_day3	16030	3291	white_day3	white	day3	rep1	2.63256394260761	5	5	white.day3	day3.rep1	5	5	NA	t5	day3	9.59400525411495	0.753792604106921	white	white.day3
white_day3	24919	4317	white_day3	white	day3	rep1	0.842730446647137	1	4	white.day3	day3.rep1	1	4	NA	t1	day3	22.2385786001823	0.429299611529186	white	white.day3
white_day3	40773	5566	white_day3	white	day3	rep1	0.995756996051309	1	1	white.day3	day3.rep1	1	1	NA	t1	day3	12.3803737946551	0.682287062448962	white	white.day3
white_day3	17033	3168	white_day3	white	day3	rep1	2.31902776962367	2	3	white.day3	day3.rep1	2	3	NA	t2	day3	4.83317954737398	0.875967907174926	white	white.day3
white_day3	25054	4590	white_day3	white	day3	rep1	1.50874111918257	1	4	white.day3	day3.rep1	1	4	NA	t1	day3	15.5756361104598	0.60028823160278	white	white.day3
white_day3	58029	6571	white_day3	white	day3	rep1	2.76930500267108	2	3	white.day3	day3.rep1	2	3	NA	t2	day3	3.11505006966157	0.920059626254741	white	white.day3
white_day3	18630	3684	white_day3	white	day3	rep1	2.94149221685454	2	1	white.day3	day3.rep1	2	1	NA	t2	day3	8.44897230448587	0.78317715969897	white	white.day3
white_day3	19235	4024	white_day3	white	day3	rep1	3.50402911359501	4	6	white.day3	day3.rep1	4	6	NA	t4	day3	0.437025639256903	0.988784773227657	white	white.day3
white_day3	55050	6067	white_day3	white	day3	rep1	1.69482288828338	5	3	white.day3	day3.rep1	5	3	NA	t5	day3	5.87440603512229	0.849247298284968	white	white.day3
white_day3	30264	4860	white_day3	white	day3	rep1	0.855802273328047	5	5	white.day3	day3.rep1	5	5	NA	t5	day3	9.59400825863665	0.753792527002996	white	white.day3
white_day3	31393	5045	white_day3	white	day3	rep1	3.17586723154843	5	5	white.day3	day3.rep1	5	5	NA	t5	day3	9.59400863420187	0.753792517365005	white	white.day3
white_day3	16936	3242	white_day3	white	day3	rep1	2.59801606046292	5	4	white.day3	day3.rep1	5	4	NA	t5	day3	16.6378174683095	0.573029865659089	white	white.day3
white_day3	20556	3422	white_day3	white	day3	rep1	2.49562171628722	2	3	white.day3	day3.rep1	2	3	NA	t2	day3	4.05951218315007	0.895822245586022	white	white.day3
white_day3	16908	3675	white_day3	white	day3	rep1	3.32978471729359	1	1	white.day3	day3.rep1	1	1	NA	t1	day3	12.7825034275272	0.671967358936353	white	white.day3
white_day3	27031	4339	white_day3	white	day3	rep1	2.12718730346639	2	1	white.day3	day3.rep1	2	1	NA	t2	day3	11.864106618497	0.695535835371245	white	white.day3
white_day3	26749	5020	white_day3	white	day3	rep1	2.2655052525328	1	4	white.day3	day3.rep1	1	4	NA	t1	day3	15.5646995842835	0.600568891614805	white	white.day3
white_day3	28446	4719	white_day3	white	day3	rep1	0.854250158194474	1	1	white.day3	day3.rep1	1	1	NA	t1	day3	12.3803760480464	0.682287004621018	white	white.day3
white_day3	24619	4194	white_day3	white	day3	rep1	2.12843738575897	5	5	white.day3	day3.rep1	5	5	NA	t5	day3	9.5940097608975	0.753792488451033	white	white.day3
white_day3	21590	4003	white_day3	white	day3	rep1	2.96433534043539	1	4	white.day3	day3.rep1	1	4	NA	t1	day3	15.3804183527412	0.605298032461434	white	white.day3
white_day3	33551	4802	white_day3	white	day3	rep1	2.30395517272212	2	1	white.day3	day3.rep1	2	1	NA	t2	day3	9.03413631665971	0.768160312845996	white	white.day3
white_day3	24049	4422	white_day3	white	day3	rep1	3.41386336230197	1	2	white.day3	day3.rep1	1	2	NA	t1	day3	28.211442852479	0.27602021313089	white	white.day3
white_day3	18746	3508	white_day3	white	day3	rep1	3.39805825242718	2	3	white.day3	day3.rep1	2	3	NA	t2	day3	6.78501874363138	0.825878582332576	white	white.day3
white_day3	16340	3281	white_day3	white	day3	rep1	2.63769889840881	5	5	white.day3	day3.rep1	5	5	NA	t5	day3	9.59401013646272	0.753792478813043	white	white.day3
white_day3	23223	3861	white_day3	white	day3	rep1	1.48990225207768	2	3	white.day3	day3.rep1	2	3	NA	t2	day3	6.60573739434888	0.830479413056544	white	white.day3
white_day3	22703	3952	white_day3	white	day3	rep1	0.58582566180681	2	3	white.day3	day3.rep1	2	3	NA	t2	day3	4.19106036851314	0.892446373330916	white	white.day3
white_day3	20734	4051	white_day3	white	day3	rep1	2.13176425195331	1	4	white.day3	day3.rep1	1	4	NA	t1	day3	16.5274376972322	0.57586250075532	white	white.day3
white_day3	21011	4278	white_day3	white	day3	rep1	3.57431821426872	2	1	white.day3	day3.rep1	2	1	NA	t2	day3	8.44897681126842	0.783177044043082	white	white.day3
white_day3	29148	4354	white_day3	white	day3	rep1	2.94359818855496	4	3	white.day3	day3.rep1	4	3	NA	t4	day3	1.81870473059441	0.953327255535323	white	white.day3
white_day3	18787	3600	white_day3	white	day3	rep1	2.44317879384681	1	1	white.day3	day3.rep1	1	1	NA	t1	day3	11.8077632000543	0.696981755606129	white	white.day3
white_day3	17184	3529	white_day3	white	day3	rep1	2.68854748603352	4	3	white.day3	day3.rep1	4	3	NA	t4	day3	6.78502024589223	0.825878543780613	white	white.day3
white_day3	16450	3365	white_day3	white	day3	rep1	2.55927051671733	1	4	white.day3	day3.rep1	1	4	NA	t1	day3	18.5150495492469	0.52485515552577	white	white.day3
white_day3	26802	4555	white_day3	white	day3	rep1	2.98858294157152	4	6	white.day3	day3.rep1	4	6	NA	t4	day3	0.00705521364312287	0.999818944670913	white	white.day3
white_day3	44203	5366	white_day3	white	day3	rep1	1.04744021898966	2	3	white.day3	day3.rep1	2	3	NA	t2	day3	5.98320647780912	0.846455192907034	white	white.day3
white_day3	28627	4439	white_day3	white	day3	rep1	2.53606734900618	4	6	white.day3	day3.rep1	4	6	NA	t4	day3	0.00285065809004398	0.999926844619495	white	white.day3
white_day3	25582	4266	white_day3	white	day3	rep1	2.45094206864201	4	6	white.day3	day3.rep1	4	6	NA	t4	day3	1.77695424567884	0.954398682733461	white	white.day3
white_day3	17082	3372	white_day3	white	day3	rep1	1.5630488233228	1	1	white.day3	day3.rep1	1	1	NA	t1	day3	12.3502183787487	0.683060929694783	white	white.day3
white_day3	39878	5855	white_day3	white	day3	rep1	1.44942073323637	1	1	white.day3	day3.rep1	1	1	NA	t1	day3	11.8077647023151	0.696981717054166	white	white.day3
white_day3	25999	4086	white_day3	white	day3	rep1	1.76545251740452	1	4	white.day3	day3.rep1	1	4	NA	t1	day3	12.2397839589632	0.685894967220529	white	white.day3
white_day3	9941	2742	white_day3	white	day3	rep1	4.40599537269892	1	4	white.day3	day3.rep1	1	4	NA	t1	day3	23.2448225056969	0.403476747662839	white	white.day3
white_day3	21625	3997	white_day3	white	day3	rep1	1.10520231213873	2	3	white.day3	day3.rep1	2	3	NA	t2	day3	6.72274597506416	0.827476665278946	white	white.day3
white_day3	14330	3599	white_day3	white	day3	rep1	3.69155617585485	2	3	white.day3	day3.rep1	2	3	NA	t2	day3	7.78611090178583	0.800187925846592	white	white.day3
white_day3	11187	2636	white_day3	white	day3	rep1	2.61911146866899	2	3	white.day3	day3.rep1	2	3	NA	t2	day3	5.49758970499081	0.858917395904715	white	white.day3
white_day3	21614	4284	white_day3	white	day3	rep1	2.00795780512631	1	4	white.day3	day3.rep1	1	4	NA	t1	day3	15.5455488806526	0.601060349014044	white	white.day3
white_day3	11873	3011	white_day3	white	day3	rep1	3.60481765349954	2	3	white.day3	day3.rep1	2	3	NA	t2	day3	6.39325369211792	0.835932303440731	white	white.day3
white_day3	72731	6641	white_day3	white	day3	rep1	1.52479685416122	1	1	white.day3	day3.rep1	1	1	NA	t1	day3	12.3803839349159	0.682286802223214	white	white.day3
white_day3	24647	4569	white_day3	white	day3	rep1	0.937233740414655	2	3	white.day3	day3.rep1	2	3	NA	t2	day3	5.88307655034419	0.849024790071006	white	white.day3
white_day3	15624	3743	white_day3	white	day3	rep1	3.821044546851	2	1	white.day3	day3.rep1	2	1	NA	t2	day3	11.2941719324574	0.710161857680206	white	white.day3
white_day3	35728	5157	white_day3	white	day3	rep1	2.35669502910882	2	3	white.day3	day3.rep1	2	3	NA	t2	day3	2.97970791410197	0.923532861758817	white	white.day3
white_day3	18393	3559	white_day3	white	day3	rep1	2.63687272331865	1	4	white.day3	day3.rep1	1	4	NA	t1	day3	12.7425276789733	0.672993241733959	white	white.day3
white_day3	24187	4153	white_day3	white	day3	rep1	2.72873857857527	2	1	white.day3	day3.rep1	2	1	NA	t2	day3	8.44898357144225	0.78317687055925	white	white.day3
white_day3	30421	5132	white_day3	white	day3	rep1	3.49758390585451	4	6	white.day3	day3.rep1	4	6	NA	t4	day3	0.00706272494739199	0.9998187519111	white	white.day3
white_day3	17616	3772	white_day3	white	day3	rep1	3.54223433242507	2	3	white.day3	day3.rep1	2	3	NA	t2	day3	5.49759120725167	0.858917357352752	white	white.day3
white_day3	22482	3986	white_day3	white	day3	rep1	3.00684992438395	4	3	white.day3	day3.rep1	4	3	NA	t4	day3	0.00706460277345927	0.999818703721146	white	white.day3
white_day3	20744	4172	white_day3	white	day3	rep1	1.87524103355187	1	1	white.day3	day3.rep1	1	1	NA	t1	day3	13.3711017453519	0.656862378772151	white	white.day3
white_day3	19078	3980	white_day3	white	day3	rep1	1.68256630674075	1	1	white.day3	day3.rep1	1	1	NA	t1	day3	10.1345743023262	0.739920181262104	white	white.day3
white_day3	28295	4846	white_day3	white	day3	rep1	3.7462449195971	4	3	white.day3	day3.rep1	4	3	NA	t4	day3	0.00706685616474001	0.999818645893202	white	white.day3
white_day3	9793	2554	white_day3	white	day3	rep1	3.83947717757582	2	3	white.day3	day3.rep1	2	3	NA	t2	day3	2.06214619952377	0.947079907474744	white	white.day3
white_day3	35109	4582	white_day3	white	day3	rep1	2.97074824119172	4	3	white.day3	day3.rep1	4	3	NA	t4	day3	6.78502249928352	0.825878485952669	white	white.day3
white_day3	17696	3813	white_day3	white	day3	rep1	2.26039783001808	1	1	white.day3	day3.rep1	1	1	NA	t1	day3	9.76706240955613	0.74935150255931	white	white.day3
white_day3	24562	4346	white_day3	white	day3	rep1	1.03411774285482	1	1	white.day3	day3.rep1	1	1	NA	t1	day3	12.3803873150028	0.682286715481298	white	white.day3
white_day3	24210	4020	white_day3	white	day3	rep1	1.27220156959934	2	1	white.day3	day3.rep1	2	1	NA	t2	day3	9.02964923510502	0.768275463154494	white	white.day3
white_day3	16155	3791	white_day3	white	day3	rep1	2.04890126895698	1	4	white.day3	day3.rep1	1	4	NA	t1	day3	16.8844463764988	0.566700719527842	white	white.day3
white_day3	15650	3356	white_day3	white	day3	rep1	2.69648562300319	1	4	white.day3	day3.rep1	1	4	NA	t1	day3	14.8339378118682	0.619322159748301	white	white.day3
white_day3	38572	5027	white_day3	white	day3	rep1	2.43959348750389	2	3	white.day3	day3.rep1	2	3	NA	t2	day3	6.69473966853818	0.828195380728408	white	white.day3
white_day3	18030	3778	white_day3	white	day3	rep1	2.0687742651137	1	1	white.day3	day3.rep1	1	1	NA	t1	day3	12.8618895355885	0.669930102710393	white	white.day3
white_day3	25399	4258	white_day3	white	day3	rep1	1.44887593999764	1	1	white.day3	day3.rep1	1	1	NA	t1	day3	12.3803891928289	0.682286667291345	white	white.day3
white_day3	22836	3598	white_day3	white	day3	rep1	3.87108074969347	2	3	white.day3	day3.rep1	2	3	NA	t2	day3	5.9832087312004	0.84645513507909	white	white.day3
white_day3	16391	3431	white_day3	white	day3	rep1	1.68385089378317	1	3	white.day3	day3.rep1	1	3	NA	t1	day3	8.44898920492044	0.78317672598939	white	white.day3
white_day3	30669	4754	white_day3	white	day3	rep1	3.75949656004434	4	6	white.day3	day3.rep1	4	6	NA	t4	day3	0.00707361633858222	0.99981847240937	white	white.day3
white_day3	18050	3636	white_day3	white	day3	rep1	1.9612188365651	1	1	white.day3	day3.rep1	1	1	NA	t1	day3	13.4344006710331	0.655237961936636	white	white.day3
white_day3	15572	2971	white_day3	white	day3	rep1	1.29720010274852	5	5	white.day3	day3.rep1	5	5	NA	t5	day3	9.59402177898431	0.753792180035332	white	white.day3
white_day3	29073	4639	white_day3	white	day3	rep1	2.36989646751281	2	3	white.day3	day3.rep1	2	3	NA	t2	day3	5.98320948233083	0.846455115803108	white	white.day3
white_day3	22508	4375	white_day3	white	day3	rep1	2.83899058112671	1	4	white.day3	day3.rep1	1	4	NA	t1	day3	23.9166622972695	0.386235572454028	white	white.day3
white_day3	13897	3106	white_day3	white	day3	rep1	4.66287687990214	4	6	white.day3	day3.rep1	4	6	NA	t4	day3	0.00707474303422259	0.999818443495398	white	white.day3
white_day3	16294	3691	white_day3	white	day3	rep1	1.45452313735117	2	3	white.day3	day3.rep1	2	3	NA	t2	day3	5.7152703670603	0.853331137869112	white	white.day3
white_day3	27172	4007	white_day3	white	day3	rep1	0.478433681731194	1	1	white.day3	day3.rep1	1	1	NA	t1	day3	9.76706316068656	0.749351483283329	white	white.day3
white_day3	20572	3729	white_day3	white	day3	rep1	2.83394905697064	2	1	white.day3	day3.rep1	2	1	NA	t2	day3	8.44898995605086	0.783176706713409	white	white.day3
white_day3	9048	2983	white_day3	white	day3	rep1	5.02873563218391	5	5	white.day3	day3.rep1	5	5	NA	t5	day3	2.3276714543509	0.940265831413362	white	white.day3
white_day3	37392	4675	white_day3	white	day3	rep1	1.78380402225075	2	3	white.day3	day3.rep1	2	3	NA	t2	day3	5.78308072433261	0.851590945839154	white	white.day3
white_day3	26549	4315	white_day3	white	day3	rep1	3.59712230215827	2	3	white.day3	day3.rep1	2	3	NA	t2	day3	6.78502512824001	0.825878418486734	white	white.day3
white_day3	13208	3238	white_day3	white	day3	rep1	1.99121744397335	2	1	white.day3	day3.rep1	2	1	NA	t2	day3	8.19061209469337	0.78980736186903	white	white.day3
white_day3	19841	4301	white_day3	white	day3	rep1	1.54730104329419	2	3	white.day3	day3.rep1	2	3	NA	t2	day3	5.62579468409758	0.855627319110889	white	white.day3
white_day3	17907	3933	white_day3	white	day3	rep1	3.37298263249009	2	3	white.day3	day3.rep1	2	3	NA	t2	day3	6.4150453293876	0.835373072741737	white	white.day3
white_day3	34810	4842	white_day3	white	day3	rep1	1.23240448147084	2	3	white.day3	day3.rep1	2	3	NA	t2	day3	7.97999476942881	0.795212356113859	white	white.day3
white_day3	23729	4261	white_day3	white	day3	rep1	2.84883475915546	2	1	white.day3	day3.rep1	2	1	NA	t2	day3	12.3803952018723	0.682286513083495	white	white.day3
white_day3	37345	5226	white_day3	white	day3	rep1	1.96545722318918	1	1	white.day3	day3.rep1	1	1	NA	t1	day3	11.8077744670107	0.696981466466409	white	white.day3
white_day3	28140	4430	white_day3	white	day3	rep1	2.67945984363895	4	6	white.day3	day3.rep1	4	6	NA	t4	day3	0.391841091754063	0.989944327499374	white	white.day3
white_day3	24122	4367	white_day3	white	day3	rep1	0.795953901003234	4	6	white.day3	day3.rep1	4	6	NA	t4	day3	0.0070815032080648	0.999818270011566	white	white.day3
white_day3	32005	4894	white_day3	white	day3	rep1	3.04952351195126	2	1	white.day3	day3.rep1	2	1	NA	t2	day3	8.96307763655357	0.769983865379182	white	white.day3
white_day3	21258	4108	white_day3	white	day3	rep1	2.42732147897262	1	4	white.day3	day3.rep1	1	4	NA	t1	day3	15.6327325975336	0.59882298564713	white	white.day3
white_day3	73525	6371	white_day3	white	day3	rep1	1.60353621217273	2	3	white.day3	day3.rep1	2	3	NA	t2	day3	1.81870811068133	0.953327168793407	white	white.day3
white_day3	19893	3652	white_day3	white	day3	rep1	2.77987231689539	2	1	white.day3	day3.rep1	2	1	NA	t2	day3	8.44899634065948	0.783176542867568	white	white.day3
white_day3	40398	5547	white_day3	white	day3	rep1	2.30952027328086	2	3	white.day3	day3.rep1	2	3	NA	t2	day3	4.0595185677587	0.89582208174018	white	white.day3
white_day3	16729	3550	white_day3	white	day3	rep1	1.27921573315799	2	1	white.day3	day3.rep1	2	1	NA	t2	day3	8.44899746735512	0.783176513953596	white	white.day3
white_day3	27692	4326	white_day3	white	day3	rep1	2.50975010833454	1	1	white.day3	day3.rep1	1	1	NA	t1	day3	12.3803963285679	0.682286484169522	white	white.day3
white_day3	29682	5143	white_day3	white	day3	rep1	1.39141567279833	1	1	white.day3	day3.rep1	1	1	NA	t1	day3	8.44899784292033	0.783176504315605	white	white.day3
white_day3	14995	3152	white_day3	white	day3	rep1	2.92764254751584	2	3	white.day3	day3.rep1	2	3	NA	t2	day3	1.81870848624654	0.953327159155417	white	white.day3
white_day3	26354	4225	white_day3	white	day3	rep1	1.74546558397207	2	3	white.day3	day3.rep1	2	3	NA	t2	day3	5.62579543522801	0.855627299834908	white	white.day3
white_day3	16586	3208	white_day3	white	day3	rep1	3.46075003014591	5	3	white.day3	day3.rep1	5	3	NA	t5	day3	6.78502625493565	0.825878389572762	white	white.day3
white_day3	14590	3419	white_day3	white	day3	rep1	2.83755997258396	1	4	white.day3	day3.rep1	1	4	NA	t1	day3	16.6040393333386	0.573896701399643	white	white.day3
white_day3	16436	3589	white_day3	white	day3	rep1	2.70747140423461	1	1	white.day3	day3.rep1	1	1	NA	t1	day3	7.72720534085763	0.801699597393106	white	white.day3
white_day3	33911	4757	white_day3	white	day3	rep1	1.65727934888384	2	1	white.day3	day3.rep1	2	1	NA	t2	day3	8.20990213998031	0.789312328596589	white	white.day3
white_day3	20970	3868	white_day3	white	day3	rep1	3.09966618979495	4	6	white.day3	day3.rep1	4	6	NA	t4	day3	0.0747646471922974	0.998081342609002	white	white.day3
white_day3	14880	2982	white_day3	white	day3	rep1	2.6008064516129	1	1	white.day3	day3.rep1	1	1	NA	t1	day3	12.3803970796983	0.682286464893541	white	white.day3
white_day3	80457	6846	white_day3	white	day3	rep1	1.70898740942367	2	3	white.day3	day3.rep1	2	3	NA	t2	day3	6.03554226705198	0.845112118972822	white	white.day3
white_day3	13245	3312	white_day3	white	day3	rep1	4.00151000377501	1	4	white.day3	day3.rep1	1	4	NA	t1	day3	15.2030351422754	0.609850151953466	white	white.day3
white_day3	13741	2988	white_day3	white	day3	rep1	3.81340513790845	1	1	white.day3	day3.rep1	1	1	NA	t1	day3	12.3803974552635	0.682286455255551	white	white.day3
white_day3	28187	4173	white_day3	white	day3	rep1	2.43374605314507	2	1	white.day3	day3.rep1	2	1	NA	t2	day3	11.8077763448367	0.696981418276456	white	white.day3
white_day3	34201	5072	white_day3	white	day3	rep1	1.58182509283354	2	3	white.day3	day3.rep1	2	3	NA	t2	day3	6.78502738163129	0.82587836065879	white	white.day3
white_day3	22431	4135	white_day3	white	day3	rep1	4.19062904016763	2	3	white.day3	day3.rep1	2	3	NA	t2	day3	6.7146107526794	0.82768543647151	white	white.day3
white_day3	32199	4706	white_day3	white	day3	rep1	2.64293922171496	2	3	white.day3	day3.rep1	2	3	NA	t2	day3	5.49759421177338	0.858917280248827	white	white.day3
white_day3	10349	2733	white_day3	white	day3	rep1	3.78780558508068	5	5	white.day3	day3.rep1	5	5	NA	t5	day3	9.59403267037548	0.753791900533603	white	white.day3
white_day3	36788	5088	white_day3	white	day3	rep1	1.82124605849734	1	4	white.day3	day3.rep1	1	4	NA	t1	day3	16.8844486298901	0.566700661699898	white	white.day3
white_day3	10137	2584	white_day3	white	day3	rep1	3.40337377922462	1	4	white.day3	day3.rep1	1	4	NA	t1	day3	23.2448273880447	0.403476622368959	white	white.day3
white_day3	26581	4472	white_day3	white	day3	rep1	1.58760016553177	1	1	white.day3	day3.rep1	1	1	NA	t1	day3	12.3803997086548	0.682286397427607	white	white.day3
white_day3	23581	4082	white_day3	white	day3	rep1	2.09914761884568	1	0	white.day3	day3.rep1	1	0	NA	t1	day3	24.133718428801	0.380665341513822	white	white.day3
white_day3	24533	4091	white_day3	white	day3	rep1	1.08017771980598	1	1	white.day3	day3.rep1	1	1	NA	t1	day3	12.4740319088055	0.679883549027982	white	white.day3
white_day3	22760	4138	white_day3	white	day3	rep1	2.56590509666081	4	6	white.day3	day3.rep1	4	6	NA	t4	day3	0.00708826338190702	0.999818096527734	white	white.day3
white_day3	22575	4233	white_day3	white	day3	rep1	2.47176079734219	1	0	white.day3	day3.rep1	1	0	NA	t1	day3	24.5811442950699	0.369183217575852	white	white.day3
white_day3	18376	3537	white_day3	white	day3	rep1	3.05833696125381	4	6	white.day3	day3.rep1	4	6	NA	t4	day3	0.170538436654177	0.995623535397764	white	white.day3
white_day3	18863	3729	white_day3	white	day3	rep1	1.30944176430048	4	3	white.day3	day3.rep1	4	3	NA	t4	day3	1.81871036407261	0.953327110965463	white	white.day3
white_day3	19641	3710	white_day3	white	day3	rep1	2.04164757395245	4	3	white.day3	day3.rep1	4	3	NA	t4	day3	1.9311720395344	0.950441048729741	white	white.day3
white_day3	15686	4462	white_day3	white	day3	rep1	1.42164987887288	5	5	white.day3	day3.rep1	5	5	NA	t5	day3	9.59403755272325	0.753791775239725	white	white.day3
white_day3	27583	4423	white_day3	white	day3	rep1	1.3377805169851	5	5	white.day3	day3.rep1	5	5	NA	t5	day3	7.64129620733432	0.803904251600392	white	white.day3
white_day3	48946	6427	white_day3	white	day3	rep1	0.882605320148735	1	1	white.day3	day3.rep1	1	1	NA	t1	day3	13.2507611466608	0.65995063489034	white	white.day3
white_day3	10534	2700	white_day3	white	day3	rep1	3.55040820201253	1	1	white.day3	day3.rep1	1	1	NA	t1	day3	12.3804042154374	0.682286281771719	white	white.day3
white_day3	19802	4167	white_day3	white	day3	rep1	0.696899303100697	1	1	white.day3	day3.rep1	1	1	NA	t1	day3	12.3374259260636	0.683389217659951	white	white.day3
white_day3	17513	3629	white_day3	white	day3	rep1	1.21623936504311	1	1	white.day3	day3.rep1	1	1	NA	t1	day3	10.2492312146899	0.736977783476559	white	white.day3
white_day3	41574	5712	white_day3	white	day3	rep1	2.46307788521672	4	6	white.day3	day3.rep1	4	6	NA	t4	day3	0.00709089233840121	0.999818029061799	white	white.day3
white_day3	26887	4404	white_day3	white	day3	rep1	3.15765983560829	4	3	white.day3	day3.rep1	4	3	NA	t4	day3	0.00709126790361467	0.999818019423808	white	white.day3
white_day3	28723	4722	white_day3	white	day3	rep1	0.65452773039028	4	3	white.day3	day3.rep1	4	3	NA	t4	day3	1.81871111520303	0.953327091689482	white	white.day3
white_day3	11862	3093	white_day3	white	day3	rep1	3.34682178384758	1	1	white.day3	day3.rep1	1	1	NA	t1	day3	12.2111036421672	0.68663097954538	white	white.day3
white_day3	14351	3439	white_day3	white	day3	rep1	1.60964392725246	1	1	white.day3	day3.rep1	1	1	NA	t1	day3	10.3530374041037	0.734313843766687	white	white.day3
white_day3	35212	4909	white_day3	white	day3	rep1	2.49062819493355	2	3	white.day3	day3.rep1	2	3	NA	t2	day3	1.79118196236609	0.954033562120923	white	white.day3
white_day3	13011	3307	white_day3	white	day3	rep1	5.05725924217969	2	3	white.day3	day3.rep1	2	3	NA	t2	day3	2.93497970530494	0.924680705179703	white	white.day3
white_day3	15420	2935	white_day3	white	day3	rep1	0.830090791180285	5	5	white.day3	day3.rep1	5	5	NA	t5	day3	9.59403943054931	0.753791727049771	white	white.day3
white_day3	62005	6556	white_day3	white	day3	rep1	1.62890089508911	2	3	white.day3	day3.rep1	2	3	NA	t2	day3	6.16029497556999	0.841910636517759	white	white.day3
white_day3	16472	3396	white_day3	white	day3	rep1	1.88198154443905	1	4	white.day3	day3.rep1	1	4	NA	t1	day3	17.0066064316219	0.563565771374556	white	white.day3
white_day3	18422	3586	white_day3	white	day3	rep1	3.25697535555314	2	1	white.day3	day3.rep1	2	1	NA	t2	day3	8.44900385196373	0.783176350107755	white	white.day3
white_day3	19734	4188	white_day3	white	day3	rep1	2.7059896625114	2	5	white.day3	day3.rep1	2	5	NA	t2	day3	5.49759834299073	0.858917174230929	white	white.day3
white_day3	35874	5246	white_day3	white	day3	rep1	1.95127390310531	1	1	white.day3	day3.rep1	1	1	NA	t1	day3	10.2492327169508	0.736977744924596	white	white.day3
white_day3	16151	3020	white_day3	white	day3	rep1	1.54789177140734	1	4	white.day3	day3.rep1	1	4	NA	t1	day3	15.4940770590071	0.602381251268479	white	white.day3
white_day3	35684	5378	white_day3	white	day3	rep1	0.62492994058962	2	1	white.day3	day3.rep1	2	1	NA	t2	day3	8.44900610535501	0.783176292279811	white	white.day3
white_day3	10074	2778	white_day3	white	day3	rep1	2.97796307325789	1	1	white.day3	day3.rep1	1	1	NA	t1	day3	12.0845271101199	0.689879266106739	white	white.day3
white_day3	29089	4711	white_day3	white	day3	rep1	2.96331946784008	4	3	white.day3	day3.rep1	4	3	NA	t4	day3	0.00709539912096269	0.999817913405911	white	white.day3
white_day3	49999	6468	white_day3	white	day3	rep1	1.28002560051201	1	1	white.day3	day3.rep1	1	1	NA	t1	day3	10.2492334680812	0.736977725648615	white	white.day3
white_day3	21717	4169	white_day3	white	day3	rep1	2.08592347009255	1	1	white.day3	day3.rep1	1	1	NA	t1	day3	12.2558576393518	0.685482474326676	white	white.day3
white_day3	40833	6085	white_day3	white	day3	rep1	2.84573751622462	2	3	white.day3	day3.rep1	2	3	NA	t2	day3	6.31741778158351	0.837878452265264	white	white.day3
white_day3	9690	2671	white_day3	white	day3	rep1	1.68214654282766	5	5	white.day3	day3.rep1	5	5	NA	t5	day3	9.59404243507101	0.753791649945846	white	white.day3
white_day3	41259	5399	white_day3	white	day3	rep1	2.04076686298747	2	3	white.day3	day3.rep1	2	3	NA	t2	day3	1.58452268594431	0.959336982427383	white	white.day3
white_day3	33071	4838	white_day3	white	day3	rep1	1.650993317408	2	1	white.day3	day3.rep1	2	1	NA	t2	day3	8.4490087343115	0.783176224813876	white	white.day3
white_day3	23832	4017	white_day3	white	day3	rep1	2.11480362537764	1	1	white.day3	day3.rep1	1	1	NA	t1	day3	11.3838634551967	0.707860137422353	white	white.day3
white_day3	14140	3017	white_day3	white	day3	rep1	1.94483734087694	1	4	white.day3	day3.rep1	1	4	NA	t1	day3	16.8844508832814	0.566700603871954	white	white.day3
white_day3	33200	5109	white_day3	white	day3	rep1	3.04518072289157	5	1	white.day3	day3.rep1	5	1	NA	t5	day3	11.8077834805758	0.696981235154633	white	white.day3
white_day3	17129	3463	white_day3	white	day3	rep1	4.13917916982895	1	1	white.day3	day3.rep1	1	1	NA	t1	day3	12.380412477872	0.682286069735924	white	white.day3
white_day3	21840	3764	white_day3	white	day3	rep1	3.4478021978022	2	3	white.day3	day3.rep1	2	3	NA	t2	day3	6.17196394743376	0.841611180023914	white	white.day3
white_day3	50825	6373	white_day3	white	day3	rep1	2.06787998032464	2	3	white.day3	day3.rep1	2	3	NA	t2	day3	4.05952570349776	0.895821898618357	white	white.day3
white_day3	14561	3194	white_day3	white	day3	rep1	1.86113591099512	5	5	white.day3	day3.rep1	5	5	NA	t5	day3	9.59404581515792	0.75379156320393	white	white.day3
white_day3	8728	2460	white_day3	white	day3	rep1	3.48304307974335	5	5	white.day3	day3.rep1	5	5	NA	t5	day3	9.59404656628835	0.753791543927949	white	white.day3
white_day3	20758	3895	white_day3	white	day3	rep1	2.06185567010309	1	4	white.day3	day3.rep1	1	4	NA	t1	day3	23.3001075133372	0.402057989031536	white	white.day3
white_day3	20554	3826	white_day3	white	day3	rep1	2.34990756057215	4	3	white.day3	day3.rep1	4	3	NA	t4	day3	1.90306787464503	0.951162275482061	white	white.day3
white_day3	18064	3551	white_day3	white	day3	rep1	2.70150575730735	2	3	white.day3	day3.rep1	2	3	NA	t2	day3	4.62286721239973	0.881365074567136	white	white.day3
white_day3	28654	4343	white_day3	white	day3	rep1	3.22119075870734	5	5	white.day3	day3.rep1	5	5	NA	t5	day3	9.1711324968584	0.764644630721521	white	white.day3
white_day3	46951	5204	white_day3	white	day3	rep1	1.45044833975847	1	1	white.day3	day3.rep1	1	1	NA	t1	day3	12.3804147312633	0.68228601190798	white	white.day3
white_day3	17188	3722	white_day3	white	day3	rep1	3.11845473586223	2	1	white.day3	day3.rep1	2	1	NA	t2	day3	9.11958457093708	0.765967486011738	white	white.day3
white_day3	19367	3948	white_day3	white	day3	rep1	3.70217380079517	2	3	white.day3	day3.rep1	2	3	NA	t2	day3	5.49760097194722	0.858917106764994	white	white.day3
white_day3	11741	2982	white_day3	white	day3	rep1	0.902819180649008	2	3	white.day3	day3.rep1	2	3	NA	t2	day3	5.98623059711347	0.846377586055769	white	white.day3
white_day3	12305	2850	white_day3	white	day3	rep1	3.17757009345794	1	4	white.day3	day3.rep1	1	4	NA	t1	day3	23.8160595995891	0.388817302144565	white	white.day3
white_day3	16891	3530	white_day3	white	day3	rep1	2.81806879403233	1	1	white.day3	day3.rep1	1	1	NA	t1	day3	11.8077861095322	0.696981167688699	white	white.day3
white_day3	25303	6099	white_day3	white	day3	rep1	1.22515116784571	5	5	white.day3	day3.rep1	5	5	NA	t5	day3	9.5940480685492	0.753791505375986	white	white.day3
white_day3	21671	3876	white_day3	white	day3	rep1	2.45027917493424	2	1	white.day3	day3.rep1	2	1	NA	t2	day3	6.10464433467938	0.843338778259456	white	white.day3
white_day3	12725	2923	white_day3	white	day3	rep1	2.5147347740668	2	3	white.day3	day3.rep1	2	3	NA	t2	day3	3.71821376772922	0.904580860143499	white	white.day3
white_day3	7967	2277	white_day3	white	day3	rep1	3.53960085352077	5	5	white.day3	day3.rep1	5	5	NA	t5	day3	8.26629817921351	0.787865057973892	white	white.day3
white_day3	15009	3532	white_day3	white	day3	rep1	3.13145446065694	5	5	white.day3	day3.rep1	5	5	NA	t5	day3	8.26489919562399	0.787900959570498	white	white.day3
white_day3	18244	3497	white_day3	white	day3	rep1	2.36790177592633	5	5	white.day3	day3.rep1	5	5	NA	t5	day3	8.24505285219919	0.788410268915573	white	white.day3
white_day3	16095	3349	white_day3	white	day3	rep1	0.714507611059335	5	5	white.day3	day3.rep1	5	5	NA	t5	day3	9.59405144863612	0.75379141863407	white	white.day3
white_day3	18921	3754	white_day3	white	day3	rep1	0.729348343110829	1	1	white.day3	day3.rep1	1	1	NA	t1	day3	12.380417735785	0.682285934804055	white	white.day3
white_day3	32283	5472	white_day3	white	day3	rep1	1.9638819192764	1	1	white.day3	day3.rep1	1	1	NA	t1	day3	13.0579371257618	0.664899006169458	white	white.day3
white_day3	51387	6334	white_day3	white	day3	rep1	1.83704049662366	2	3	white.day3	day3.rep1	2	3	NA	t2	day3	5.29774389583053	0.864045964729752	white	white.day3
white_day3	12723	3338	white_day3	white	day3	rep1	1.90206712253399	1	4	white.day3	day3.rep1	1	4	NA	t1	day3	23.2448303925664	0.403476545265034	white	white.day3
white_day3	21145	3870	white_day3	white	day3	rep1	3.47599905414992	1	1	white.day3	day3.rep1	1	1	NA	t1	day3	8.44901812344182	0.78317598386411	white	white.day3
white_day3	52467	6540	white_day3	white	day3	rep1	1.58575866735281	4	6	white.day3	day3.rep1	4	6	NA	t4	day3	1.76528617734892	0.954698116040252	white	white.day3
white_day3	18411	3938	white_day3	white	day3	rep1	2.42789636630275	2	3	white.day3	day3.rep1	2	3	NA	t2	day3	8.4145672931617	0.784060082734702	white	white.day3
white_day3	33381	5126	white_day3	white	day3	rep1	1.83337826907522	4	6	white.day3	day3.rep1	4	6	NA	t4	day3	0.00710891946864711	0.999817566438247	white	white.day3
white_day3	36719	5345	white_day3	white	day3	rep1	2.30398431329829	2	3	white.day3	day3.rep1	2	3	NA	t2	day3	0.863475190802667	0.977840956668789	white	white.day3
white_day3	40587	5698	white_day3	white	day3	rep1	1.95875526646463	5	6	white.day3	day3.rep1	5	6	NA	t5	day3	8.21614333756059	0.789152163059591	white	white.day3
white_day3	22501	4479	white_day3	white	day3	rep1	2.91098173414515	4	6	white.day3	day3.rep1	4	6	NA	t4	day3	0.00711079729471439	0.999817518248293	white	white.day3
white_day3	24967	4325	white_day3	white	day3	rep1	2.19890255136781	4	6	white.day3	day3.rep1	4	6	NA	t4	day3	1.76528692847935	0.954698096764271	white	white.day3
white_day3	23185	4338	white_day3	white	day3	rep1	3.0882035799008	2	3	white.day3	day3.rep1	2	3	NA	t2	day3	5.5422129631404	0.85777224579334	white	white.day3
white_day3	30276	4537	white_day3	white	day3	rep1	2.31206235962479	2	1	white.day3	day3.rep1	2	1	NA	t2	day3	6.20682850317807	0.840716463870294	white	white.day3
white_day3	17670	3180	white_day3	white	day3	rep1	2.52405206564799	1	1	white.day3	day3.rep1	1	1	NA	t1	day3	12.3804207403067	0.68228585770013	white	white.day3
white_day3	11356	2520	white_day3	white	day3	rep1	4.6759422331807	1	1	white.day3	day3.rep1	1	1	NA	t1	day3	11.3648730982549	0.708347479904027	white	white.day3
white_day3	31946	4845	white_day3	white	day3	rep1	2.84229637513304	1	4	white.day3	day3.rep1	1	4	NA	t1	day3	12.0915917748964	0.689697968236724	white	white.day3
white_day3	28037	4482	white_day3	white	day3	rep1	1.04148090023897	4	3	white.day3	day3.rep1	4	3	NA	t4	day3	1.81871637311602	0.953326956757612	white	white.day3
white_day3	18160	3453	white_day3	white	day3	rep1	0.401982378854626	1	2	white.day3	day3.rep1	1	2	NA	t1	day3	12.2650561310643	0.685246416848	white	white.day3
white_day3	20625	3444	white_day3	white	day3	rep1	1.45939393939394	1	1	white.day3	day3.rep1	1	1	NA	t1	day3	13.3277089846475	0.657975951084306	white	white.day3
white_day3	22934	4597	white_day3	white	day3	rep1	2.59876166390512	5	1	white.day3	day3.rep1	5	1	NA	t5	day3	11.8077906163148	0.696981052032811	white	white.day3
white_day3	11962	2713	white_day3	white	day3	rep1	3.9374686507273	2	1	white.day3	day3.rep1	2	1	NA	t2	day3	9.68278008780213	0.751514408499973	white	white.day3
white_day3	21273	3850	white_day3	white	day3	rep1	2.59013773327692	2	3	white.day3	day3.rep1	2	3	NA	t2	day3	6.14161839268471	0.842389926732281	white	white.day3
white_day3	21403	4428	white_day3	white	day3	rep1	3.6350044386301	4	6	white.day3	day3.rep1	4	6	NA	t4	day3	0.00711718190334315	0.999817354402452	white	white.day3
white_day3	23036	4480	white_day3	white	day3	rep1	2.07935405452335	4	3	white.day3	day3.rep1	4	3	NA	t4	day3	6.50872013646656	0.832969130936326	white	white.day3
white_day3	25344	4083	white_day3	white	day3	rep1	0.903566919191919	1	4	white.day3	day3.rep1	1	4	NA	t1	day3	19.7260726907651	0.493777118132412	white	white.day3
white_day3	13538	2720	white_day3	white	day3	rep1	4.45412911803812	2	3	white.day3	day3.rep1	2	3	NA	t2	day3	1.5852990452613	0.959317059006387	white	white.day3
white_day3	11072	2630	white_day3	white	day3	rep1	3.45014450867052	1	4	white.day3	day3.rep1	1	4	NA	t1	day3	18.3158264765794	0.529967743295329	white	white.day3
white_day3	23134	4198	white_day3	white	day3	rep1	3.46675888302931	2	3	white.day3	day3.rep1	2	3	NA	t2	day3	2.77728823833627	0.928727482767224	white	white.day3
white_day3	23195	3992	white_day3	white	day3	rep1	2.25048501832291	2	1	white.day3	day3.rep1	2	1	NA	t2	day3	6.17456629590065	0.841544396921105	white	white.day3
white_day3	36907	5692	white_day3	white	day3	rep1	1.4983607445742	1	1	white.day3	day3.rep1	1	1	NA	t1	day3	9.63163575567317	0.752826906512496	white	white.day3
white_day3	21854	4322	white_day3	white	day3	rep1	1.47341447789878	2	1	white.day3	day3.rep1	2	1	NA	t2	day3	8.44902751257214	0.783175742914343	white	white.day3
white_day3	19379	3955	white_day3	white	day3	rep1	2.88456576706744	4	3	white.day3	day3.rep1	4	3	NA	t4	day3	0.00712093755547771	0.999817258022545	white	white.day3
white_day3	29460	4647	white_day3	white	day3	rep1	3.30278343516633	2	3	white.day3	day3.rep1	2	3	NA	t2	day3	4.81108501644738	0.876534910921415	white	white.day3
white_day3	29605	4470	white_day3	white	day3	rep1	2.89140347914204	4	6	white.day3	day3.rep1	4	6	NA	t4	day3	0.00712243981633154	0.999817219470582	white	white.day3
white_day3	33252	4474	white_day3	white	day3	rep1	2.70058943822928	2	3	white.day3	day3.rep1	2	3	NA	t2	day3	1.81871937763773	0.953326879653687	white	white.day3
white_day3	27661	4311	white_day3	white	day3	rep1	3.36213441307256	2	1	white.day3	day3.rep1	2	1	NA	t2	day3	8.44902976596341	0.783175685086399	white	white.day3
white_day3	26783	4481	white_day3	white	day3	rep1	3.18858977709741	2	1	white.day3	day3.rep1	2	1	NA	t2	day3	9.87977137518357	0.746459094207852	white	white.day3
white_day3	27451	4395	white_day3	white	day3	rep1	2.56821245127682	4	6	white.day3	day3.rep1	4	6	NA	t4	day3	0.00712431764239882	0.999817171280629	white	white.day3
white_day3	56970	6317	white_day3	white	day3	rep1	1.36563103387748	2	3	white.day3	day3.rep1	2	3	NA	t2	day3	1.81871975320294	0.953326870015696	white	white.day3
white_day3	13751	3344	white_day3	white	day3	rep1	4.13788088139044	2	3	white.day3	day3.rep1	2	3	NA	t2	day3	6.78503827302249	0.825878081157061	white	white.day3
white_day3	10398	2592	white_day3	white	day3	rep1	4.5489517214849	1	4	white.day3	day3.rep1	1	4	NA	t1	day3	16.8844576434553	0.566700430388121	white	white.day3
white_day3	8598	2510	white_day3	white	day3	rep1	3.84973249592929	2	3	white.day3	day3.rep1	2	3	NA	t2	day3	6.78356703536537	0.825915836982986	white	white.day3
white_day3	10292	2747	white_day3	white	day3	rep1	4.31403031480762	1	4	white.day3	day3.rep1	1	4	NA	t1	day3	23.2448326459577	0.40347648743709	white	white.day3
white_day3	71366	6600	white_day3	white	day3	rep1	1.58338704705322	2	3	white.day3	day3.rep1	2	3	NA	t2	day3	6.63976788116615	0.829606101304222	white	white.day3
white_day3	49905	6119	white_day3	white	day3	rep1	1.87556357078449	5	5	white.day3	day3.rep1	5	5	NA	t5	day3	9.75284108282126	0.749716459188872	white	white.day3
white_day3	20071	3836	white_day3	white	day3	rep1	1.85342035773006	1	4	white.day3	day3.rep1	1	4	NA	t1	day3	15.7267798731217	0.596409485320616	white	white.day3
white_day3	40475	6166	white_day3	white	day3	rep1	1.14144533662755	5	5	white.day3	day3.rep1	5	5	NA	t5	day3	9.59406910020111	0.75379096564851	white	white.day3
white_day3	17770	3639	white_day3	white	day3	rep1	2.62802476083286	1	1	white.day3	day3.rep1	1	1	NA	t1	day3	12.3472525232188	0.683137041344429	white	white.day3
white_day3	18063	3745	white_day3	white	day3	rep1	3.21098377899574	1	1	white.day3	day3.rep1	1	1	NA	t1	day3	14.0277384735318	0.640011354136369	white	white.day3
white_day3	28831	4607	white_day3	white	day3	rep1	2.25451770663522	5	3	white.day3	day3.rep1	5	3	NA	t5	day3	6.55979751410886	0.831658351151943	white	white.day3
white_day3	40911	5637	white_day3	white	day3	rep1	2.2463396152624	2	3	white.day3	day3.rep1	2	3	NA	t2	day3	5.96255474237938	0.8469851707282	white	white.day3
white_day3	54368	5919	white_day3	white	day3	rep1	1.72344025897587	2	3	white.day3	day3.rep1	2	3	NA	t2	day3	6.2199128167283	0.840380685988072	white	white.day3
white_day3	14100	3206	white_day3	white	day3	rep1	4.41843971631206	2	3	white.day3	day3.rep1	2	3	NA	t2	day3	6.10189347839176	0.843409372463348	white	white.day3
white_day3	24354	4517	white_day3	white	day3	rep1	2.4390243902439	4	6	white.day3	day3.rep1	4	6	NA	t4	day3	0.00712769772931993	0.999817084538713	white	white.day3
white_day3	29298	4882	white_day3	white	day3	rep1	1.45743736773841	1	4	white.day3	day3.rep1	1	4	NA	t1	day3	13.3711197724821	0.6568619161486	white	white.day3
white_day3	22670	4436	white_day3	white	day3	rep1	2.81870313189237	1	1	white.day3	day3.rep1	1	1	NA	t1	day3	12.3804338850892	0.682285520370457	white	white.day3
white_day3	20022	3556	white_day3	white	day3	rep1	1.55828588552592	1	4	white.day3	day3.rep1	1	4	NA	t1	day3	13.3711201480473	0.656861906510609	white	white.day3
white_day3	23819	4611	white_day3	white	day3	rep1	2.08237121625593	2	1	white.day3	day3.rep1	2	1	NA	t2	day3	8.44036331701076	0.783398088949203	white	white.day3
white_day3	17449	3506	white_day3	white	day3	rep1	1.73648919708866	1	1	white.day3	day3.rep1	1	1	NA	t1	day3	12.3578690082079	0.682864594430606	white	white.day3
white_day3	16771	3482	white_day3	white	day3	rep1	1.24023612187705	5	5	white.day3	day3.rep1	5	5	NA	t5	day3	9.59407285585324	0.753790869268603	white	white.day3
white_day3	16389	3615	white_day3	white	day3	rep1	2.47116968698517	5	1	white.day3	day3.rep1	5	1	NA	t5	day3	11.8077985031843	0.696980849635007	white	white.day3
white_day3	78976	6906	white_day3	white	day3	rep1	1.17504051863857	2	3	white.day3	day3.rep1	2	3	NA	t2	day3	5.49760622986021	0.858916971833125	white	white.day3
white_day3	10118	2761	white_day3	white	day3	rep1	4.77367068590631	1	1	white.day3	day3.rep1	1	1	NA	t1	day3	8.44903464831118	0.783175559792521	white	white.day3
white_day3	73987	6683	white_day3	white	day3	rep1	1.03126224877343	2	3	white.day3	day3.rep1	2	3	NA	t2	day3	5.86679175611852	0.8494427007009	white	white.day3
white_day3	26090	4796	white_day3	white	day3	rep1	2.18474511307014	4	6	white.day3	day3.rep1	4	6	NA	t4	day3	0.00713070225102758	0.999817007434787	white	white.day3
white_day3	19000	3398	white_day3	white	day3	rep1	0.757894736842105	2	1	white.day3	day3.rep1	2	1	NA	t2	day3	8.4490353994416	0.783175540516539	white	white.day3
white_day3	30628	4934	white_day3	white	day3	rep1	1.92960689565104	1	4	white.day3	day3.rep1	1	4	NA	t1	day3	15.0335368289619	0.614199924256468	white	white.day3
white_day3	20074	3778	white_day3	white	day3	rep1	3.28285344226362	4	6	white.day3	day3.rep1	4	6	NA	t4	day3	0.00713145338145449	0.999816988158806	white	white.day3
white_day3	45957	5839	white_day3	white	day3	rep1	2.09108514480928	2	1	white.day3	day3.rep1	2	1	NA	t2	day3	5.98322074928724	0.846454826663388	white	white.day3
white_day3	39951	5039	white_day3	white	day3	rep1	2.01747140246802	2	3	white.day3	day3.rep1	2	3	NA	t2	day3	6.65178873013824	0.82929761471875	white	white.day3
white_day3	18969	4160	white_day3	white	day3	rep1	2.15614950709052	2	3	white.day3	day3.rep1	2	3	NA	t2	day3	4.72244291433701	0.878809700287172	white	white.day3
white_day3	31497	5175	white_day3	white	day3	rep1	1.4604565514176	5	5	white.day3	day3.rep1	5	5	NA	t5	day3	9.68389569514131	0.7514857790829	white	white.day3
white_day3	42130	5372	white_day3	white	day3	rep1	1.14645145976739	4	3	white.day3	day3.rep1	4	3	NA	t4	day3	6.78504202867462	0.825877984777154	white	white.day3
white_day3	25567	4200	white_day3	white	day3	rep1	2.65576719990613	4	3	white.day3	day3.rep1	4	3	NA	t4	day3	6.78504240423984	0.825877975139163	white	white.day3
white_day3	12897	2989	white_day3	white	day3	rep1	4.08622160192293	2	3	white.day3	day3.rep1	2	3	NA	t2	day3	6.73701684197795	0.827110437318161	white	white.day3
white_day3	14767	3383	white_day3	white	day3	rep1	1.90289158258279	2	6	white.day3	day3.rep1	2	6	NA	t2	day3	1.97656727637245	0.949276087615815	white	white.day3
white_day3	14195	3288	white_day3	white	day3	rep1	1.80345191969003	2	3	white.day3	day3.rep1	2	3	NA	t2	day3	6.78504277980505	0.825877965501172	white	white.day3
white_day3	32383	4602	white_day3	white	day3	rep1	0.352036562393849	2	1	white.day3	day3.rep1	2	1	NA	t2	day3	10.0656353074387	0.741689337100272	white	white.day3
white_day3	30265	4970	white_day3	white	day3	rep1	1.75780604658847	2	3	white.day3	day3.rep1	2	3	NA	t2	day3	6.78504315537026	0.825877955863182	white	white.day3
white_day3	39877	5496	white_day3	white	day3	rep1	2.00867668079344	2	3	white.day3	day3.rep1	2	3	NA	t2	day3	0.645342974630095	0.983438802769738	white	white.day3
white_day3	23895	4034	white_day3	white	day3	rep1	2.38962125967776	1	1	white.day3	day3.rep1	1	1	NA	t1	day3	10.3809574166785	0.733597342846866	white	white.day3
white_day3	27431	4594	white_day3	white	day3	rep1	2.55185738762714	1	1	white.day3	day3.rep1	1	1	NA	t1	day3	10.2492447350376	0.736977436508895	white	white.day3
white_day3	31638	5061	white_day3	white	day3	rep1	2.67716037676212	5	5	white.day3	day3.rep1	5	5	NA	t5	day3	9.67935782396395	0.751602232786633	white	white.day3
white_day3	29672	4727	white_day3	white	day3	rep1	2.70962523591264	5	5	white.day3	day3.rep1	5	5	NA	t5	day3	8.24947104105859	0.788296886574744	white	white.day3
white_day3	10858	2973	white_day3	white	day3	rep1	3.61945109596611	5	5	white.day3	day3.rep1	5	5	NA	t5	day3	8.26692376766667	0.787849003729613	white	white.day3
white_day3	23683	3752	white_day3	white	day3	rep1	1.73964447071739	5	5	white.day3	day3.rep1	5	5	NA	t5	day3	9.59408111828792	0.753790657232808	white	white.day3
white_day3	20049	4584	white_day3	white	day3	rep1	2.79315676592349	1	4	white.day3	day3.rep1	1	4	NA	t1	day3	15.3804224839585	0.605297926443536	white	white.day3
white_day3	28042	4418	white_day3	white	day3	rep1	2.7494472576849	4	3	white.day3	day3.rep1	4	3	NA	t4	day3	1.81872388442029	0.953326763997799	white	white.day3
white_day3	30816	4806	white_day3	white	day3	rep1	2.05088265835929	2	1	white.day3	day3.rep1	2	1	NA	t2	day3	10.2492469884288	0.736977378680951	white	white.day3
white_day3	6947	2420	white_day3	white	day3	rep1	1.29552324744494	1	4	white.day3	day3.rep1	1	4	NA	t1	day3	15.4208783544834	0.604259722453992	white	white.day3
white_day3	12271	2748	white_day3	white	day3	rep1	3.78127291989243	1	4	white.day3	day3.rep1	1	4	NA	t1	day3	15.4683907851654	0.603040428580275	white	white.day3
white_day3	34115	5236	white_day3	white	day3	rep1	2.14861497874835	2	3	white.day3	day3.rep1	2	3	NA	t2	day3	2.78292217809185	0.928582901062389	white	white.day3
white_day3	32886	5148	white_day3	white	day3	rep1	2.3535851122058	2	1	white.day3	day3.rep1	2	1	NA	t2	day3	8.26258347293455	0.787960387102365	white	white.day3
white_day3	22135	4205	white_day3	white	day3	rep1	2.52992997515247	2	3	white.day3	day3.rep1	2	3	NA	t2	day3	6.55795470488719	0.831705642481015	white	white.day3
white_day3	33876	5049	white_day3	white	day3	rep1	0.611052072263549	2	3	white.day3	day3.rep1	2	3	NA	t2	day3	6.30379362792724	0.838228083863758	white	white.day3
white_day3	34094	5108	white_day3	white	day3	rep1	2.45204434797912	2	1	white.day3	day3.rep1	2	1	NA	t2	day3	9.49265562547386	0.756393502009468	white	white.day3
white_day3	22216	3946	white_day3	white	day3	rep1	2.03006841915736	5	5	white.day3	day3.rep1	5	5	NA	t5	day3	9.59408374724441	0.753790589766874	white	white.day3
white_day3	17902	3446	white_day3	white	day3	rep1	2.06122220980896	5	5	white.day3	day3.rep1	5	5	NA	t5	day3	9.59408412280962	0.753790580128883	white	white.day3
white_day3	17768	3513	white_day3	white	day3	rep1	1.39576767221972	2	1	white.day3	day3.rep1	2	1	NA	t2	day3	7.26747099320896	0.813497589320267	white	white.day3
white_day3	32552	4718	white_day3	white	day3	rep1	2.62042270828213	4	6	white.day3	day3.rep1	4	6	NA	t4	day3	0.831092105202136	0.97867199177514	white	white.day3
white_day3	18943	3925	white_day3	white	day3	rep1	2.45473261890936	5	5	white.day3	day3.rep1	5	5	NA	t5	day3	9.59408449837483	0.753790570490893	white	white.day3
white_day3	43522	5401	white_day3	white	day3	rep1	2.20578098432976	2	3	white.day3	day3.rep1	2	3	NA	t2	day3	6.66863900365621	0.828865192403663	white	white.day3
white_day3	20017	4010	white_day3	white	day3	rep1	2.28305939951042	2	3	white.day3	day3.rep1	2	3	NA	t2	day3	2.70429330760486	0.93060072458154	white	white.day3
white_day3	25972	4868	white_day3	white	day3	rep1	1.13968889573387	2	3	white.day3	day3.rep1	2	3	NA	t2	day3	7.72721097433584	0.801699452823246	white	white.day3
white_day3	20385	3604	white_day3	white	day3	rep1	1.3980868285504	1	1	white.day3	day3.rep1	1	1	NA	t1	day3	12.1982884634084	0.686959850721343	white	white.day3
white_day3	25973	4031	white_day3	white	day3	rep1	2.33704231317137	1	1	white.day3	day3.rep1	1	1	NA	t1	day3	8.4490470419632	0.783175241738829	white	white.day3
white_day3	26582	4572	white_day3	white	day3	rep1	2.45278760063201	4	6	white.day3	day3.rep1	4	6	NA	t4	day3	0.00714647598999274	0.999816602639179	white	white.day3
white_day3	19090	4032	white_day3	white	day3	rep1	4.62022001047669	5	3	white.day3	day3.rep1	5	3	NA	t5	day3	2.76389560433574	0.929071172962725	white	white.day3
white_day3	19093	3838	white_day3	white	day3	rep1	2.54019797831666	1	3	white.day3	day3.rep1	1	3	NA	t1	day3	8.44602117185124	0.78325289352042	white	white.day3
white_day3	26175	3948	white_day3	white	day3	rep1	2.60171919770774	2	3	white.day3	day3.rep1	2	3	NA	t2	day3	1.79511512404705	0.953932626852551	white	white.day3
white_day3	12603	3061	white_day3	white	day3	rep1	2.48353566611124	2	3	white.day3	day3.rep1	2	3	NA	t2	day3	8.44904816865883	0.783175212824857	white	white.day3
white_day3	22813	3872	white_day3	white	day3	rep1	1.78407048612633	5	6	white.day3	day3.rep1	5	6	NA	t5	day3	8.21615310225612	0.789151912471833	white	white.day3
white_day3	51789	5832	white_day3	white	day3	rep1	2.81333873988685	2	1	white.day3	day3.rep1	2	1	NA	t2	day3	8.44904891978926	0.783175193548876	white	white.day3
white_day3	26202	4335	white_day3	white	day3	rep1	1.5609495458362	5	5	white.day3	day3.rep1	5	5	NA	t5	day3	9.59408712733132	0.753790503024958	white	white.day3
white_day3	34254	5249	white_day3	white	day3	rep1	3.09744847317102	4	6	white.day3	day3.rep1	4	6	NA	t4	day3	0.437013245604858	0.988785091281349	white	white.day3
white_day3	23335	4322	white_day3	white	day3	rep1	1.41847010927791	1	1	white.day3	day3.rep1	1	1	NA	t1	day3	8.03095666861769	0.793904539810165	white	white.day3
white_day3	17196	3843	white_day3	white	day3	rep1	3.08211211909746	2	3	white.day3	day3.rep1	2	3	NA	t2	day3	5.62579956644536	0.85562719381701	white	white.day3
white_day3	22116	4190	white_day3	white	day3	rep1	0.605896183758365	1	4	white.day3	day3.rep1	1	4	NA	t1	day3	12.8768986299595	0.669544929892374	white	white.day3
white_day3	19861	3884	white_day3	white	day3	rep1	1.81763254619606	2	1	white.day3	day3.rep1	2	1	NA	t2	day3	8.44905154874575	0.783175126082941	white	white.day3
white_day3	22352	4092	white_day3	white	day3	rep1	2.65748031496063	1	1	white.day3	day3.rep1	1	1	NA	t1	day3	9.50322294342735	0.756122316851029	white	white.day3
white_day3	14320	3274	white_day3	white	day3	rep1	3.24022346368715	2	3	white.day3	day3.rep1	2	3	NA	t2	day3	5.98500355870248	0.846409075087078	white	white.day3
white_day3	32436	4980	white_day3	white	day3	rep1	1.32877050191146	1	1	white.day3	day3.rep1	1	1	NA	t1	day3	12.380447781002	0.682285163764802	white	white.day3
white_day3	22351	3688	white_day3	white	day3	rep1	1.77620688112389	2	3	white.day3	day3.rep1	2	3	NA	t2	day3	4.08135012864389	0.895261826496259	white	white.day3
white_day3	11269	3082	white_day3	white	day3	rep1	2.58230543970184	1	1	white.day3	day3.rep1	1	1	NA	t1	day3	11.9476564529567	0.693391726980145	white	white.day3
white_day3	13010	3581	white_day3	white	day3	rep1	2.95157571099154	1	4	white.day3	day3.rep1	1	4	NA	t1	day3	16.4711460250816	0.577307093044314	white	white.day3
white_day3	15780	3079	white_day3	white	day3	rep1	1.41318124207858	1	4	white.day3	day3.rep1	1	4	NA	t1	day3	23.6882355729574	0.392097602696418	white	white.day3
white_day3	49175	5729	white_day3	white	day3	rep1	2.78393492628368	4	3	white.day3	day3.rep1	4	3	NA	t4	day3	1.82073494939641	0.953275154783751	white	white.day3
white_day3	21131	3901	white_day3	white	day3	rep1	2.7779092328806	2	1	white.day3	day3.rep1	2	1	NA	t2	day3	8.81390449854404	0.773812040252316	white	white.day3
white_day3	18969	3976	white_day3	white	day3	rep1	2.07707311929991	1	4	white.day3	day3.rep1	1	4	NA	t1	day3	15.4045800123866	0.604677980757875	white	white.day3
white_day3	23938	4410	white_day3	white	day3	rep1	2.0469546328014	1	1	white.day3	day3.rep1	1	1	NA	t1	day3	8.44905342657181	0.783175077892988	white	white.day3
white_day3	18367	3557	white_day3	white	day3	rep1	2.27582076550335	2	3	white.day3	day3.rep1	2	3	NA	t2	day3	6.20518499838289	0.840758640523844	white	white.day3
white_day3	31642	5118	white_day3	white	day3	rep1	1.99102458757348	2	1	white.day3	day3.rep1	2	1	NA	t2	day3	7.72721172546626	0.801699433547265	white	white.day3
white_day3	9946	2723	white_day3	white	day3	rep1	4.36356324150412	1	1	white.day3	day3.rep1	1	1	NA	t1	day3	13.3711280349168	0.656861704112806	white	white.day3
white_day3	12900	3161	white_day3	white	day3	rep1	5.2093023255814	1	4	white.day3	day3.rep1	1	4	NA	t1	day3	13.2553320045053	0.659833334662011	white	white.day3
white_day3	8496	2508	white_day3	white	day3	rep1	3.48399246704331	5	5	white.day3	day3.rep1	5	5	NA	t5	day3	9.59409426307036	0.753790319903135	white	white.day3
white_day3	23552	4615	white_day3	white	day3	rep1	2.3734714673913	5	5	white.day3	day3.rep1	5	5	NA	t5	day3	9.59409463863558	0.753790310265145	white	white.day3
white_day3	20674	3591	white_day3	white	day3	rep1	2.04121118312857	2	1	white.day3	day3.rep1	2	1	NA	t2	day3	8.4490560555283	0.783175010427053	white	white.day3
white_day3	29801	4416	white_day3	white	day3	rep1	1.84893124391799	2	1	white.day3	day3.rep1	2	1	NA	t2	day3	6.45584471551127	0.834326053238883	white	white.day3
white_day3	20909	4225	white_day3	white	day3	rep1	2.4056626333158	2	3	white.day3	day3.rep1	2	3	NA	t2	day3	4.05954373062801	0.895821435994804	white	white.day3
white_day3	13979	3354	white_day3	white	day3	rep1	1.50225338007011	1	1	white.day3	day3.rep1	1	1	NA	t1	day3	12.7313175028762	0.673280924322334	white	white.day3
white_day3	45545	6016	white_day3	white	day3	rep1	1.25590075749259	5	5	white.day3	day3.rep1	5	5	NA	t5	day3	9.59409726759207	0.75379024279921	white	white.day3
white_day3	45937	6516	white_day3	white	day3	rep1	2.04628077584518	5	5	white.day3	day3.rep1	5	5	NA	t5	day3	9.59409801872249	0.753790223523229	white	white.day3
white_day3	19557	3813	white_day3	white	day3	rep1	1.34990029145574	2	3	white.day3	day3.rep1	2	3	NA	t2	day3	5.86515601511176	0.849484678115229	white	white.day3
white_day3	43486	6191	white_day3	white	day3	rep1	0.99112358000276	5	5	white.day3	day3.rep1	5	5	NA	t5	day3	7.63085930163859	0.804172090037465	white	white.day3
white_day3	13587	3040	white_day3	white	day3	rep1	1.42047545447855	1	1	white.day3	day3.rep1	1	1	NA	t1	day3	12.3804560434367	0.682284951729008	white	white.day3
white_day3	8078	2362	white_day3	white	day3	rep1	1.34934389700421	2	3	white.day3	day3.rep1	2	3	NA	t2	day3	5.49761561899055	0.858916730883358	white	white.day3
white_day3	16724	3649	white_day3	white	day3	rep1	1.79382922745755	2	3	white.day3	day3.rep1	2	3	NA	t2	day3	5.65255169693149	0.854940663821755	white	white.day3
white_day3	15452	3186	white_day3	white	day3	rep1	2.6274915868496	2	1	white.day3	day3.rep1	2	1	NA	t2	day3	8.34067713983246	0.785956298314273	white	white.day3
white_day3	19554	3713	white_day3	white	day3	rep1	1.75923084790836	1	1	white.day3	day3.rep1	1	1	NA	t1	day3	12.3804586723932	0.682284884263073	white	white.day3
white_day3	33578	4972	white_day3	white	day3	rep1	1.8315563761987	4	6	white.day3	day3.rep1	4	6	NA	t4	day3	0.00715849407682334	0.999816294223477	white	white.day3
white_day3	13728	2942	white_day3	white	day3	rep1	1.53700466200466	1	1	white.day3	day3.rep1	1	1	NA	t1	day3	9.47871575702476	0.756751235679509	white	white.day3
white_day3	12528	3114	white_day3	white	day3	rep1	3.21679438058748	1	1	white.day3	day3.rep1	1	1	NA	t1	day3	11.8078120235319	0.696980502667343	white	white.day3
white_day3	19809	3693	white_day3	white	day3	rep1	2.80680498763188	4	6	white.day3	day3.rep1	4	6	NA	t4	day3	0.437012494474431	0.988785110557331	white	white.day3
white_day3	14687	3052	white_day3	white	day3	rep1	0.57193436372302	2	3	white.day3	day3.rep1	2	3	NA	t2	day3	6.59758245583348	0.83068869021685	white	white.day3
white_day3	9499	2492	white_day3	white	day3	rep1	1.10537951363301	5	5	white.day3	day3.rep1	5	5	NA	t5	day3	9.59410177437462	0.753790127143322	white	white.day3
white_day3	14192	3056	white_day3	white	day3	rep1	3.17080045095829	2	1	white.day3	day3.rep1	2	1	NA	t2	day3	6.12206870577035	0.842891623091437	white	white.day3
white_day3	8190	2404	white_day3	white	day3	rep1	3.15018315018315	5	3	white.day3	day3.rep1	5	3	NA	t5	day3	8.26466220304144	0.787907041423181	white	white.day3
white_day3	16442	3330	white_day3	white	day3	rep1	1.53266026030896	1	2	white.day3	day3.rep1	1	2	NA	t1	day3	12.2096518455399	0.686668236463373	white	white.day3
white_day3	13230	4485	white_day3	white	day3	rep1	1.40589569160998	5	5	white.day3	day3.rep1	5	5	NA	t5	day3	9.59410290107026	0.75379009822935	white	white.day3
white_day3	26055	4552	white_day3	white	day3	rep1	0.863557858376511	5	5	white.day3	day3.rep1	5	5	NA	t5	day3	9.59410365220068	0.753790078953369	white	white.day3
white_day3	28850	4464	white_day3	white	day3	rep1	0.939341421143848	1	1	white.day3	day3.rep1	1	1	NA	t1	day3	12.3804620524801	0.682284797521157	white	white.day3
white_day3	14787	3694	white_day3	white	day3	rep1	2.42780820991411	1	1	white.day3	day3.rep1	1	1	NA	t1	day3	12.9972377238675	0.666456712390877	white	white.day3
white_day3	16511	3268	white_day3	white	day3	rep1	3.50069650536006	4	6	white.day3	day3.rep1	4	6	NA	t4	day3	0.00716262529417136	0.99981618820558	white	white.day3
white_day3	17807	3620	white_day3	white	day3	rep1	2.80788453978772	2	3	white.day3	day3.rep1	2	3	NA	t2	day3	6.6191776305852	0.830134501262534	white	white.day3
white_day3	38402	5945	white_day3	white	day3	rep1	0.684860163533149	5	5	white.day3	day3.rep1	5	5	NA	t5	day3	9.59410665672238	0.753790001849444	white	white.day3
white_day3	15217	3576	white_day3	white	day3	rep1	1.87290530327923	2	3	white.day3	day3.rep1	2	3	NA	t2	day3	6.67511672740664	0.828698956983349	white	white.day3
white_day3	15711	3137	white_day3	white	day3	rep1	2.59054165871046	5	5	white.day3	day3.rep1	5	5	NA	t5	day3	9.5941070322876	0.753789992211453	white	white.day3
white_day3	30142	4195	white_day3	white	day3	rep1	2.30575277022095	1	1	white.day3	day3.rep1	1	1	NA	t1	day3	11.8078161547493	0.696980396649446	white	white.day3
white_day3	39937	5971	white_day3	white	day3	rep1	3.87360092145129	2	3	white.day3	day3.rep1	2	3	NA	t2	day3	6.78505329563103	0.825877695637433	white	white.day3
white_day3	21730	3895	white_day3	white	day3	rep1	3.08789691670502	2	3	white.day3	day3.rep1	2	3	NA	t2	day3	6.56154591761088	0.831613482521814	white	white.day3
white_day3	18840	3478	white_day3	white	day3	rep1	3.27494692144374	4	6	white.day3	day3.rep1	4	6	NA	t4	day3	0.00716638094630592	0.999816091825673	white	white.day3
white_day3	13269	3197	white_day3	white	day3	rep1	2.23076343356696	1	1	white.day3	day3.rep1	1	1	NA	t1	day3	10.2492533730375	0.73697721483511	white	white.day3
white_day3	12756	3151	white_day3	white	day3	rep1	2.6497334587645	5	5	white.day3	day3.rep1	5	5	NA	t5	day3	9.59410853454845	0.753789953659491	white	white.day3
white_day3	19044	4269	white_day3	white	day3	rep1	0.992438563327032	5	5	white.day3	day3.rep1	5	5	NA	t5	day3	9.59410891011366	0.7537899440215	white	white.day3
white_day3	14011	3821	white_day3	white	day3	rep1	1.99842980515309	5	5	white.day3	day3.rep1	5	5	NA	t5	day3	8.2161553556474	0.789151854643889	white	white.day3
white_day3	18955	3488	white_day3	white	day3	rep1	2.89105776839884	2	1	white.day3	day3.rep1	2	1	NA	t2	day3	12.3804676859583	0.682284652951298	white	white.day3
white_day3	7349	2318	white_day3	white	day3	rep1	1.86419921077698	10	4	white.day3	day3.rep1	10	4	NA	t10	day3	28.2114458570007	0.276020136026964	white	white.day3
white_day3	15127	3608	white_day3	white	day3	rep1	2.0030409202089	1	1	white.day3	day3.rep1	1	1	NA	t1	day3	10.2492537486027	0.736977205197119	white	white.day3
white_day3	20124	4305	white_day3	white	day3	rep1	3.25482011528523	1	4	white.day3	day3.rep1	1	4	NA	t1	day3	14.0155947291344	0.640322994541525	white	white.day3
white_day3	28527	4408	white_day3	white	day3	rep1	3.07428050618712	4	6	white.day3	day3.rep1	4	6	NA	t4	day3	0.00716938546801357	0.999816014721748	white	white.day3
white_day3	29317	4633	white_day3	white	day3	rep1	1.72937203670225	1	1	white.day3	day3.rep1	1	1	NA	t1	day3	9.72054595476505	0.75054523707341	white	white.day3
white_day3	33535	5149	white_day3	white	day3	rep1	2.06947964812882	2	3	white.day3	day3.rep1	2	3	NA	t2	day3	2.69623251391372	0.930807585738165	white	white.day3
white_day3	38686	5639	white_day3	white	day3	rep1	2.24112081890089	2	6	white.day3	day3.rep1	2	6	NA	t2	day3	0.437010992213577	0.988785149109293	white	white.day3
white_day3	12232	2952	white_day3	white	day3	rep1	3.59712230215827	1	1	white.day3	day3.rep1	1	1	NA	t1	day3	11.8078184081405	0.696980338821502	white	white.day3
white_day3	16250	3247	white_day3	white	day3	rep1	3.03384615384615	1	1	white.day3	day3.rep1	1	1	NA	t1	day3	13.7951624409904	0.645979866535776	white	white.day3
white_day3	18846	3500	white_day3	white	day3	rep1	3.17839329300647	1	4	white.day3	day3.rep1	1	4	NA	t1	day3	18.5024061634121	0.525179618043687	white	white.day3
white_day3	21595	4010	white_day3	white	day3	rep1	1.47719379485992	1	4	white.day3	day3.rep1	1	4	NA	t1	day3	15.3804243617846	0.605297878253583	white	white.day3
white_day3	17294	4007	white_day3	white	day3	rep1	0.792182259743264	5	5	white.day3	day3.rep1	5	5	NA	t5	day3	8.21615573121261	0.789151845005899	white	white.day3
white_day3	30561	4642	white_day3	white	day3	rep1	2.24141880174078	4	6	white.day3	day3.rep1	4	6	NA	t4	day3	0.00717163885929431	0.999815956893804	white	white.day3
white_day3	10701	2740	white_day3	white	day3	rep1	4.56966638631904	2	3	white.day3	day3.rep1	2	3	NA	t2	day3	5.12411171372672	0.868501822973177	white	white.day3
white_day3	26763	4210	white_day3	white	day3	rep1	2.34278668310728	4	3	white.day3	day3.rep1	4	3	NA	t4	day3	1.81873102015934	0.953326580875976	white	white.day3
white_day3	16253	3139	white_day3	white	day3	rep1	1.56894111856273	1	1	white.day3	day3.rep1	1	1	NA	t1	day3	13.0796571734305	0.664341612647821	white	white.day3
white_day3	24067	4012	white_day3	white	day3	rep1	1.62047617069016	2	1	white.day3	day3.rep1	2	1	NA	t2	day3	8.44907107813681	0.783174624907427	white	white.day3
white_day3	30193	4425	white_day3	white	day3	rep1	0.877686881065147	1	1	white.day3	day3.rep1	1	1	NA	t1	day3	12.2720422285172	0.685067135222051	white	white.day3
white_day3	29611	4620	white_day3	white	day3	rep1	2.76586403701327	4	6	white.day3	day3.rep1	4	6	NA	t4	day3	0.277000522189552	0.992891438411495	white	white.day3
white_day3	19845	3887	white_day3	white	day3	rep1	2.98815822625346	2	3	white.day3	day3.rep1	2	3	NA	t2	day3	5.49762012577311	0.85891661522747	white	white.day3
white_day3	38194	4973	white_day3	white	day3	rep1	2.88003351311724	2	3	white.day3	day3.rep1	2	3	NA	t2	day3	5.65118239111181	0.85497580380877	white	white.day3
white_day3	11616	2972	white_day3	white	day3	rep1	4.75206611570248	2	3	white.day3	day3.rep1	2	3	NA	t2	day3	6.78505592458753	0.825877628171499	white	white.day3
white_day3	24198	4038	white_day3	white	day3	rep1	2.01256302173733	1	1	white.day3	day3.rep1	1	1	NA	t1	day3	12.3804733194365	0.682284508381438	white	white.day3
white_day3	20626	4204	white_day3	white	day3	rep1	2.50654513720547	2	1	white.day3	day3.rep1	2	1	NA	t2	day3	7.84294650504943	0.798729374855332	white	white.day3
white_day3	19934	3885	white_day3	white	day3	rep1	2.85441958462928	2	1	white.day3	day3.rep1	2	1	NA	t2	day3	8.44907295596287	0.783174576717474	white	white.day3
white_day3	13294	2977	white_day3	white	day3	rep1	4.72393561004965	2	3	white.day3	day3.rep1	2	3	NA	t2	day3	5.09034369984705	0.869368398979921	white	white.day3
white_day3	36210	5713	white_day3	white	day3	rep1	2.26456779895057	5	5	white.day3	day3.rep1	5	5	NA	t5	day3	9.61254620520745	0.753316794560756	white	white.day3
white_day3	23360	4035	white_day3	white	day3	rep1	2.48287671232877	1	1	white.day3	day3.rep1	1	1	NA	t1	day3	11.4175298622065	0.706996168914998	white	white.day3
white_day3	41501	5687	white_day3	white	day3	rep1	2.08187754511939	1	1	white.day3	day3.rep1	1	1	NA	t1	day3	9.14980582249577	0.765191929250009	white	white.day3
white_day3	12845	3457	white_day3	white	day3	rep1	3.81471389645777	1	1	white.day3	day3.rep1	1	1	NA	t1	day3	12.3804740705669	0.682284489105456	white	white.day3
white_day3	18122	3453	white_day3	white	day3	rep1	1.94239046462863	2	1	white.day3	day3.rep1	2	1	NA	t2	day3	7.72721472998797	0.801699356443339	white	white.day3
white_day3	9146	2620	white_day3	white	day3	rep1	4.19855674611852	5	5	white.day3	day3.rep1	5	5	NA	t5	day3	9.5941190503744	0.753789683795752	white	white.day3
white_day3	7334	2084	white_day3	white	day3	rep1	4.56776656667576	1	4	white.day3	day3.rep1	1	4	NA	t1	day3	16.9478373507874	0.565073940483082	white	white.day3
white_day3	30992	4523	white_day3	white	day3	rep1	1.80369127516779	4	6	white.day3	day3.rep1	4	6	NA	t4	day3	0.43701024108315	0.988785168385275	white	white.day3
white_day3	10465	2894	white_day3	white	day3	rep1	3.38270425226947	1	4	white.day3	day3.rep1	1	4	NA	t1	day3	15.4013228773649	0.604761567405007	white	white.day3
white_day3	39321	5192	white_day3	white	day3	rep1	2.4058391190458	2	3	white.day3	day3.rep1	2	3	NA	t2	day3	5.8526358984739	0.849805977221498	white	white.day3
white_day3	12066	3041	white_day3	white	day3	rep1	4.11901210011603	5	1	white.day3	day3.rep1	5	1	NA	t5	day3	8.44907596048457	0.783174499613548	white	white.day3
white_day3	38347	5747	white_day3	white	day3	rep1	1.00138211594127	5	5	white.day3	day3.rep1	5	5	NA	t5	day3	9.59412055263525	0.753789645243789	white	white.day3
white_day3	17194	3737	white_day3	white	day3	rep1	4.08281958822845	1	1	white.day3	day3.rep1	1	1	NA	t1	day3	12.3804774506538	0.68228440236354	white	white.day3
white_day3	22044	4273	white_day3	white	day3	rep1	2.34984576301942	1	4	white.day3	day3.rep1	1	4	NA	t1	day3	23.4653240433115	0.397818098545128	white	white.day3
white_day3	30398	4391	white_day3	white	day3	rep1	1.91459964471347	4	3	white.day3	day3.rep1	4	3	NA	t4	day3	6.78505705128317	0.825877599257527	white	white.day3
white_day3	18727	3797	white_day3	white	day3	rep1	2.89421690607145	2	3	white.day3	day3.rep1	2	3	NA	t2	day3	4.18775754984269	0.892531132340571	white	white.day3
white_day3	18258	3956	white_day3	white	day3	rep1	3.39029466535217	1	1	white.day3	day3.rep1	1	1	NA	t1	day3	11.4834090545861	0.705305535652902	white	white.day3
white_day3	25910	4305	white_day3	white	day3	rep1	3.3963720571208	4	6	white.day3	day3.rep1	4	6	NA	t4	day3	0.007182905815698	0.999815667754083	white	white.day3
white_day3	21182	4163	white_day3	white	day3	rep1	1.88839580776131	1	1	white.day3	day3.rep1	1	1	NA	t1	day3	10.0565259837405	0.741923106293291	white	white.day3
white_day3	18375	4023	white_day3	white	day3	rep1	2.92789115646258	4	3	white.day3	day3.rep1	4	3	NA	t4	day3	1.62614059202343	0.958268957550717	white	white.day3
white_day3	19370	3698	white_day3	white	day3	rep1	0.619514713474445	1	1	white.day3	day3.rep1	1	1	NA	t1	day3	8.87622534980548	0.772212723377611	white	white.day3
white_day3	14512	3232	white_day3	white	day3	rep1	2.14994487320838	5	5	white.day3	day3.rep1	5	5	NA	t5	day3	10.2492567531244	0.736977128093194	white	white.day3
white_day3	39545	5701	white_day3	white	day3	rep1	1.99266658237451	2	3	white.day3	day3.rep1	2	3	NA	t2	day3	4.77067731948131	0.877571878650798	white	white.day3
white_day3	29183	4497	white_day3	white	day3	rep1	3.01888085529246	4	6	white.day3	day3.rep1	4	6	NA	t4	day3	0.318100365099216	0.991836708397661	white	white.day3
white_day3	37823	5720	white_day3	white	day3	rep1	1.3245908574148	2	3	white.day3	day3.rep1	2	3	NA	t2	day3	5.49927304336305	0.858874197016862	white	white.day3
white_day3	24117	4971	white_day3	white	day3	rep1	2.45470000414645	1	4	white.day3	day3.rep1	1	4	NA	t1	day3	24.0127065637733	0.383770824090856	white	white.day3
white_day3	43329	5462	white_day3	white	day3	rep1	2.52255994830252	4	3	white.day3	day3.rep1	4	3	NA	t4	day3	1.39948379843305	0.964085566717928	white	white.day3
white_day3	22415	4030	white_day3	white	day3	rep1	2.89984385456168	4	3	white.day3	day3.rep1	4	3	NA	t4	day3	1.58908357278182	0.959219938081306	white	white.day3
white_day3	17123	3779	white_day3	white	day3	rep1	3.54493955498452	2	3	white.day3	day3.rep1	2	3	NA	t2	day3	1.8187355269419	0.953326465220088	white	white.day3
white_day3	18342	3640	white_day3	white	day3	rep1	2.8404754116236	4	6	white.day3	day3.rep1	4	6	NA	t4	day3	0.00718703703304602	0.999815561736186	white	white.day3
white_day3	28137	4597	white_day3	white	day3	rep1	1.80900593524541	1	4	white.day3	day3.rep1	1	4	NA	t1	day3	13.1931859612359	0.661428165504099	white	white.day3
white_day3	25428	4271	white_day3	white	day3	rep1	2.56016989145823	4	6	white.day3	day3.rep1	4	6	NA	t4	day3	1.93119156892549	0.950440547554226	white	white.day3
white_day3	13446	2975	white_day3	white	day3	rep1	5.07957756953741	2	3	white.day3	day3.rep1	2	3	NA	t2	day3	5.98322938728715	0.846454604989602	white	white.day3
white_day3	16762	3889	white_day3	white	day3	rep1	3.81219424889631	2	1	white.day3	day3.rep1	2	1	NA	t2	day3	8.44908121839755	0.783174364681679	white	white.day3
white_day3	25388	4623	white_day3	white	day3	rep1	2.52481487316843	4	6	white.day3	day3.rep1	4	6	NA	t4	day3	0.00718778816347293	0.999815542460204	white	white.day3
white_day3	12641	3025	white_day3	white	day3	rep1	3.33834348548374	2	3	white.day3	day3.rep1	2	3	NA	t2	day3	2.1792753796915	0.94407406479816	white	white.day3
white_day3	34598	5468	white_day3	white	day3	rep1	1.69373952251575	5	1	white.day3	day3.rep1	5	1	NA	t5	day3	8.4490827206584	0.783174326129717	white	white.day3
white_day3	27181	4414	white_day3	white	day3	rep1	1.95724954931754	2	3	white.day3	day3.rep1	2	3	NA	t2	day3	5.06306731570086	0.870068382702271	white	white.day3
white_day3	30889	5192	white_day3	white	day3	rep1	2.62876752241898	4	3	white.day3	day3.rep1	4	3	NA	t4	day3	1.81873590250712	0.953326455582097	white	white.day3
white_day3	21664	3777	white_day3	white	day3	rep1	1.1216765140325	1	4	white.day3	day3.rep1	1	4	NA	t1	day3	15.3804258640454	0.60529783970162	white	white.day3
white_day3	22641	4084	white_day3	white	day3	rep1	2.92389912106356	1	1	white.day3	day3.rep1	1	1	NA	t1	day3	12.2728180171637	0.685047226445961	white	white.day3
white_day3	16355	3443	white_day3	white	day3	rep1	3.41791501070009	1	4	white.day3	day3.rep1	1	4	NA	t1	day3	16.8844726660639	0.566700044868493	white	white.day3
white_day3	68258	6753	white_day3	white	day3	rep1	0.605057282662838	2	3	white.day3	day3.rep1	2	3	NA	t2	day3	6.76217886223153	0.826464713731613	white	white.day3
white_day3	27278	4126	white_day3	white	day3	rep1	3.500989808637	2	3	white.day3	day3.rep1	2	3	NA	t2	day3	6.7788185528801	0.826037695526542	white	white.day3
white_day3	11565	2788	white_day3	white	day3	rep1	3.60570687418936	1	4	white.day3	day3.rep1	1	4	NA	t1	day3	15.7519385880278	0.595763846557974	white	white.day3
white_day3	25265	4525	white_day3	white	day3	rep1	3.1466455570948	5	5	white.day3	day3.rep1	5	5	NA	t5	day3	9.59412806393951	0.753789452483976	white	white.day3
white_day3	30626	4558	white_day3	white	day3	rep1	2.07340168484294	2	1	white.day3	day3.rep1	2	1	NA	t2	day3	10.2211219974066	0.737699139886587	white	white.day3
white_day3	26473	4204	white_day3	white	day3	rep1	3.55834246213123	4	6	white.day3	day3.rep1	4	6	NA	t4	day3	0.00719116825039404	0.999815455718288	white	white.day3
white_day3	58900	6029	white_day3	white	day3	rep1	1.56706281833616	2	3	white.day3	day3.rep1	2	3	NA	t2	day3	3.89851003371766	0.899953983988806	white	white.day3
white_day3	16495	3433	white_day3	white	day3	rep1	1.71567141558048	5	5	white.day3	day3.rep1	5	5	NA	t5	day3	9.59413031733078	0.753789394656032	white	white.day3
white_day3	19990	3905	white_day3	white	day3	rep1	0.760380190095048	4	6	white.day3	day3.rep1	4	6	NA	t4	day3	0.00719154381560749	0.999815446080298	white	white.day3
white_day3	16097	3493	white_day3	white	day3	rep1	2.27371559917997	1	1	white.day3	day3.rep1	1	1	NA	t1	day3	12.2905999105893	0.684590896314967	white	white.day3
white_day3	45139	5679	white_day3	white	day3	rep1	2.90214670240812	2	3	white.day3	day3.rep1	2	3	NA	t2	day3	1.93119344675156	0.950440499364273	white	white.day3
white_day3	11903	2776	white_day3	white	day3	rep1	4.93152986642023	1	3	white.day3	day3.rep1	1	3	NA	t1	day3	6.06595456480383	0.844331659463547	white	white.day3
white_day3	17204	3477	white_day3	white	day3	rep1	2.72029760520809	2	3	white.day3	day3.rep1	2	3	NA	t2	day3	2.5935458943826	0.933442794341681	white	white.day3
white_day3	38073	5666	white_day3	white	day3	rep1	3.59047093740971	2	1	white.day3	day3.rep1	2	1	NA	t2	day3	8.44908872970181	0.783174171921866	white	white.day3
white_day3	19575	3856	white_day3	white	day3	rep1	3.88761174968072	1	4	white.day3	day3.rep1	1	4	NA	t1	day3	16.8844734171943	0.566700025592512	white	white.day3
white_day3	17750	3424	white_day3	white	day3	rep1	3.14929577464789	5	5	white.day3	day3.rep1	5	5	NA	t5	day3	9.59413294628727	0.753789327190098	white	white.day3
white_day3	20160	3927	white_day3	white	day3	rep1	1.26984126984127	2	1	white.day3	day3.rep1	2	1	NA	t2	day3	8.44908910526702	0.783174162283875	white	white.day3
white_day3	32439	5222	white_day3	white	day3	rep1	1.70782083294799	5	1	white.day3	day3.rep1	5	1	NA	t5	day3	9.76706691633868	0.749351386903423	white	white.day3
white_day3	32682	5018	white_day3	white	day3	rep1	1.17801848112111	1	1	white.day3	day3.rep1	1	1	NA	t1	day3	10.3035453980773	0.735583938747722	white	white.day3
white_day3	39129	5174	white_day3	white	day3	rep1	1.3800506018554	4	6	white.day3	day3.rep1	4	6	NA	t4	day3	0.0071949239025286	0.999815359338382	white	white.day3
white_day3	18062	3768	white_day3	white	day3	rep1	3.57656959362197	1	4	white.day3	day3.rep1	1	4	NA	t1	day3	16.7527853142109	0.570079488501576	white	white.day3
white_day3	26627	4717	white_day3	white	day3	rep1	2.97818004281369	4	6	white.day3	day3.rep1	4	6	NA	t4	day3	0.00719642616338242	0.999815320786419	white	white.day3
white_day3	28017	4513	white_day3	white	day3	rep1	3.19805832173323	2	1	white.day3	day3.rep1	2	1	NA	t2	day3	7.72721585668361	0.801699327529367	white	white.day3
white_day3	9615	2473	white_day3	white	day3	rep1	4.33697347893916	2	1	white.day3	day3.rep1	2	1	NA	t2	day3	8.44909098309308	0.783174114093922	white	white.day3
white_day3	15564	3404	white_day3	white	day3	rep1	1.88897455666924	2	1	white.day3	day3.rep1	2	1	NA	t2	day3	9.61934921299069	0.753142211497042	white	white.day3
white_day3	13903	3173	white_day3	white	day3	rep1	2.4167445874991	1	1	white.day3	day3.rep1	1	1	NA	t1	day3	10.2492601332113	0.736977041351278	white	white.day3
white_day3	29279	4500	white_day3	white	day3	rep1	1.83407903275385	2	3	white.day3	day3.rep1	2	3	NA	t2	day3	4.05955349532357	0.895821185407047	white	white.day3
white_day3	20458	4048	white_day3	white	day3	rep1	3.02571121321732	4	6	white.day3	day3.rep1	4	6	NA	t4	day3	0.00719905511987662	0.999815253320484	white	white.day3
white_day3	30227	4567	white_day3	white	day3	rep1	0.664968405729977	4	6	white.day3	day3.rep1	4	6	NA	t4	day3	0.00719943068509007	0.999815243682493	white	white.day3
white_day3	67735	6903	white_day3	white	day3	rep1	0.995054255554735	5	5	white.day3	day3.rep1	5	5	NA	t5	day3	9.622587126601	0.753059118121856	white	white.day3
white_day3	10048	2504	white_day3	white	day3	rep1	3.34394904458599	1	4	white.day3	day3.rep1	1	4	NA	t1	day3	23.266040844236	0.40293222931638	white	white.day3
white_day3	14523	3801	white_day3	white	day3	rep1	2.88507884045996	1	4	white.day3	day3.rep1	1	4	NA	t1	day3	23.2448420350881	0.403476246487322	white	white.day3
white_day3	67784	6487	white_day3	white	day3	rep1	1.09022778236752	2	1	white.day3	day3.rep1	2	1	NA	t2	day3	8.44909210978872	0.78317408517995	white	white.day3
white_day3	18464	3439	white_day3	white	day3	rep1	1.52188041594454	2	1	white.day3	day3.rep1	2	1	NA	t2	day3	8.44909248535393	0.78317407554196	white	white.day3
white_day3	42359	5515	white_day3	white	day3	rep1	1.57227507731533	2	3	white.day3	day3.rep1	2	3	NA	t2	day3	3.87802040909558	0.900479801620484	white	white.day3
white_day3	28603	4857	white_day3	white	day3	rep1	4.83865328811663	4	6	white.day3	day3.rep1	4	6	NA	t4	day3	0.262817400005344	0.993255414611853	white	white.day3
white_day3	15411	3205	white_day3	white	day3	rep1	1.99208357666602	1	1	white.day3	day3.rep1	1	1	NA	t1	day3	11.8078300506621	0.696980040043792	white	white.day3
white_day3	34690	4984	white_day3	white	day3	rep1	2.44739117901413	5	5	white.day3	day3.rep1	5	5	NA	t5	day3	9.63266090487805	0.752800598488949	white	white.day3
white_day3	32979	5160	white_day3	white	day3	rep1	2.92307225810364	2	3	white.day3	day3.rep1	2	3	NA	t2	day3	1.93119870466455	0.950440364432403	white	white.day3
white_day3	33719	4819	white_day3	white	day3	rep1	3.89394703283015	2	3	white.day3	day3.rep1	2	3	NA	t2	day3	1.93119908022976	0.950440354794413	white	white.day3
white_day3	22217	3555	white_day3	white	day3	rep1	1.3458162668227	2	3	white.day3	day3.rep1	2	3	NA	t2	day3	1.81873890702882	0.953326378478172	white	white.day3
white_day3	20524	3809	white_day3	white	day3	rep1	1.35938413564607	1	1	white.day3	day3.rep1	1	1	NA	t1	day3	12.3804943510884	0.682283968653961	white	white.day3
white_day3	18542	3495	white_day3	white	day3	rep1	2.9716319706612	2	3	white.day3	day3.rep1	2	3	NA	t2	day3	5.98323389406972	0.846454489333714	white	white.day3
white_day3	7586	2085	white_day3	white	day3	rep1	5.24650672291062	2	3	white.day3	day3.rep1	2	3	NA	t2	day3	6.39912853191067	0.835781539607655	white	white.day3
white_day3	86576	7006	white_day3	white	day3	rep1	0.965625577527259	2	1	white.day3	day3.rep1	2	1	NA	t2	day3	8.44909624100606	0.783173979162053	white	white.day3
white_day3	14149	3080	white_day3	white	day3	rep1	1.34991872217118	4	6	white.day3	day3.rep1	4	6	NA	t4	day3	0.335846068872737	0.991381306988276	white	white.day3
white_day3	15980	3257	white_day3	white	day3	rep1	3.44806007509387	1	1	white.day3	day3.rep1	1	1	NA	t1	day3	9.71266242628262	0.750747549138778	white	white.day3
white_day3	18282	3160	white_day3	white	day3	rep1	0.743901104911935	5	5	white.day3	day3.rep1	5	5	NA	t5	day3	9.61135597112222	0.753347339096314	white	white.day3
white_day3	16472	3577	white_day3	white	day3	rep1	0.619232637202526	1	4	white.day3	day3.rep1	1	4	NA	t1	day3	15.3832875053269	0.60522440246355	white	white.day3
white_day3	7761	2156	white_day3	white	day3	rep1	5.29570931580982	1	1	white.day3	day3.rep1	1	1	NA	t1	day3	11.7045015631889	0.69963172066607	white	white.day3
white_day3	12906	3015	white_day3	white	day3	rep1	4.53277545327755	2	3	white.day3	day3.rep1	2	3	NA	t2	day3	5.61684465509123	0.855857000383356	white	white.day3
white_day3	25157	4108	white_day3	white	day3	rep1	2.82625114282307	2	1	white.day3	day3.rep1	2	1	NA	t2	day3	8.44909924552776	0.783173902058128	white	white.day3
white_day3	41593	5561	white_day3	white	day3	rep1	2.25999567234871	2	1	white.day3	day3.rep1	2	1	NA	t2	day3	11.8078330551838	0.696979962939867	white	white.day3
white_day3	10702	2652	white_day3	white	day3	rep1	3.79368342365913	1	4	white.day3	day3.rep1	1	4	NA	t1	day3	16.8844760461508	0.566699958126577	white	white.day3
white_day3	55736	6224	white_day3	white	day3	rep1	2.5441366441797	2	3	white.day3	day3.rep1	2	3	NA	t2	day3	4.71262263754762	0.879061714405491	white	white.day3
white_day3	18090	3847	white_day3	white	day3	rep1	3.510226644555	1	1	white.day3	day3.rep1	1	1	NA	t1	day3	11.2154749044552	0.71218143030037	white	white.day3
white_day3	11099	2628	white_day3	white	day3	rep1	4.56797909721597	2	3	white.day3	day3.rep1	2	3	NA	t2	day3	6.62087558924726	0.83009092717961	white	white.day3
white_day3	43217	5913	white_day3	white	day3	rep1	2.50364439919476	5	3	white.day3	day3.rep1	5	3	NA	t5	day3	3.39270550713563	0.912934257818371	white	white.day3
white_day3	9833	2708	white_day3	white	day3	rep1	3.20349842367538	1	4	white.day3	day3.rep1	1	4	NA	t1	day3	12.9229370350814	0.668363463389501	white	white.day3
white_day3	42265	5836	white_day3	white	day3	rep1	2.80847036555069	4	3	white.day3	day3.rep1	4	3	NA	t4	day3	1.81874040928968	0.953326339926209	white	white.day3
white_day3	13174	3047	white_day3	white	day3	rep1	2.3607104903598	1	1	white.day3	day3.rep1	1	1	NA	t1	day3	11.807833430749	0.696979953301876	white	white.day3
white_day3	18275	4040	white_day3	white	day3	rep1	1.85499316005472	5	5	white.day3	day3.rep1	5	5	NA	t5	day3	9.59414496437408	0.753789018774397	white	white.day3
white_day3	25033	4436	white_day3	white	day3	rep1	2.59657252426797	2	3	white.day3	day3.rep1	2	3	NA	t2	day3	5.13720227372379	0.868165884790709	white	white.day3
white_day3	13654	4278	white_day3	white	day3	rep1	1.10590303207851	5	5	white.day3	day3.rep1	5	5	NA	t5	day3	9.59414533993929	0.753789009136406	white	white.day3
white_day3	24604	4315	white_day3	white	day3	rep1	3.07267111038855	2	1	white.day3	day3.rep1	2	1	NA	t2	day3	9.76706916972996	0.749351329075479	white	white.day3
white_day3	11298	2927	white_day3	white	day3	rep1	2.90316870242521	1	1	white.day3	day3.rep1	1	1	NA	t1	day3	12.3804984823058	0.682283862636064	white	white.day3
white_day3	36224	4872	white_day3	white	day3	rep1	0.897195229681979	2	1	white.day3	day3.rep1	2	1	NA	t2	day3	8.44910225004946	0.783173824954202	white	white.day3
white_day3	18142	3652	white_day3	white	day3	rep1	2.48594421783706	1	1	white.day3	day3.rep1	1	1	NA	t1	day3	10.4830149646896	0.73097827787228	white	white.day3
white_day3	22224	4052	white_day3	white	day3	rep1	3.20374370050396	1	1	white.day3	day3.rep1	1	1	NA	t1	day3	11.8078341818795	0.696979934025895	white	white.day3
white_day3	14618	3057	white_day3	white	day3	rep1	2.72267067998358	1	1	white.day3	day3.rep1	1	1	NA	t1	day3	10.4850305682378	0.730926552186539	white	white.day3
white_day3	26092	4580	white_day3	white	day3	rep1	3.38034646634984	4	6	white.day3	day3.rep1	4	6	NA	t4	day3	0.00721257546756104	0.99981490635282	white	white.day3
white_day3	17802	4026	white_day3	white	day3	rep1	2.98281092012133	2	3	white.day3	day3.rep1	2	3	NA	t2	day3	1.64335035911078	0.957827309685589	white	white.day3
white_day3	34319	5219	white_day3	white	day3	rep1	1.71916431131443	1	1	white.day3	day3.rep1	1	1	NA	t1	day3	11.6599284295851	0.700775584449828	white	white.day3
white_day3	17571	3843	white_day3	white	day3	rep1	2.83421546866997	2	3	white.day3	day3.rep1	2	3	NA	t2	day3	5.88172222463889	0.849059545628905	white	white.day3
white_day3	20371	4526	white_day3	white	day3	rep1	4.01060330862501	1	1	white.day3	day3.rep1	1	1	NA	t1	day3	13.3253842456714	0.658035609997792	white	white.day3
white_day3	55006	6046	white_day3	white	day3	rep1	1.33803585063448	1	1	white.day3	day3.rep1	1	1	NA	t1	day3	12.380498857871	0.682283852998073	white	white.day3
white_day3	53310	6800	white_day3	white	day3	rep1	0.637779028324892	4	6	white.day3	day3.rep1	4	6	NA	t4	day3	0.356760805899265	0.990844579854748	white	white.day3
white_day3	23575	4449	white_day3	white	day3	rep1	3.62248144220573	4	3	white.day3	day3.rep1	4	3	NA	t4	day3	1.8187411604201	0.953326320650228	white	white.day3
white_day3	15207	3542	white_day3	white	day3	rep1	0.460314328927468	1	4	white.day3	day3.rep1	1	4	NA	t1	day3	15.5289704675203	0.601485794676958	white	white.day3
white_day3	27713	4808	white_day3	white	day3	rep1	3.72388409771587	2	3	white.day3	day3.rep1	2	3	NA	t2	day3	6.05043454482668	0.844729943975758	white	white.day3
white_day3	25105	4605	white_day3	white	day3	rep1	2.27046405098586	1	1	white.day3	day3.rep1	1	1	NA	t1	day3	10.3756514455911	0.733733508013499	white	white.day3
white_day3	20771	3693	white_day3	white	day3	rep1	2.72495305955419	1	1	white.day3	day3.rep1	1	1	NA	t1	day3	12.3804996090014	0.682283833722092	white	white.day3
white_day3	41146	5378	white_day3	white	day3	rep1	1.26865308900015	2	3	white.day3	day3.rep1	2	3	NA	t2	day3	4.05955875323656	0.895821050475177	white	white.day3
white_day3	23341	4054	white_day3	white	day3	rep1	2.98616168973052	2	3	white.day3	day3.rep1	2	3	NA	t2	day3	5.52584168738686	0.858192375766586	white	white.day3
white_day3	16124	3696	white_day3	white	day3	rep1	3.16298685189779	2	3	white.day3	day3.rep1	2	3	NA	t2	day3	1.93120133362104	0.950440296966469	white	white.day3
white_day3	14740	3650	white_day3	white	day3	rep1	1.97421981004071	1	4	white.day3	day3.rep1	1	4	NA	t1	day3	23.3230768426096	0.401468535659792	white	white.day3
white_day3	12828	3086	white_day3	white	day3	rep1	5.16838166510758	2	1	white.day3	day3.rep1	2	1	NA	t2	day3	7.72721735894447	0.801699288977405	white	white.day3
white_day3	15035	3608	white_day3	white	day3	rep1	3.13934153641503	4	6	white.day3	day3.rep1	4	6	NA	t4	day3	0.00721933564140326	0.999814732868988	white	white.day3
white_day3	18831	3919	white_day3	white	day3	rep1	2.16132972226648	4	3	white.day3	day3.rep1	4	3	NA	t4	day3	6.78506869380479	0.825877300479815	white	white.day3
white_day3	42190	5425	white_day3	white	day3	rep1	5.21450580706329	2	3	white.day3	day3.rep1	2	3	NA	t2	day3	6.20592890846163	0.840739549835605	white	white.day3
white_day3	30674	4339	white_day3	white	day3	rep1	0.994327443437439	1	1	white.day3	day3.rep1	1	1	NA	t1	day3	11.807836810836	0.69697986655996	white	white.day3
white_day3	27371	5018	white_day3	white	day3	rep1	1.16912060209711	1	1	white.day3	day3.rep1	1	1	NA	t1	day3	13.3711494421339	0.656861154747338	white	white.day3
white_day3	27549	4464	white_day3	white	day3	rep1	1.62256343242949	5	5	white.day3	day3.rep1	5	5	NA	t5	day3	8.25578155167146	0.788134942283116	white	white.day3
white_day3	14974	3370	white_day3	white	day3	rep1	2.89167891011086	2	1	white.day3	day3.rep1	2	1	NA	t2	day3	8.44910863465808	0.783173661108361	white	white.day3
white_day3	15207	3426	white_day3	white	day3	rep1	2.97889130005918	5	5	white.day3	day3.rep1	5	5	NA	t5	day3	9.59415322680876	0.753788806738602	white	white.day3
white_day3	15449	3195	white_day3	white	day3	rep1	2.67978509935918	5	5	white.day3	day3.rep1	5	5	NA	t5	day3	9.59415472906961	0.75378876818664	white	white.day3
white_day3	15174	3390	white_day3	white	day3	rep1	2.34611836035324	2	3	white.day3	day3.rep1	2	3	NA	t2	day3	6.55081207587455	0.831888941118285	white	white.day3
white_day3	28382	4368	white_day3	white	day3	rep1	1.72292297935311	4	6	white.day3	day3.rep1	4	6	NA	t4	day3	0.105985679488312	0.997280128845293	white	white.day3
white_day3	11819	2724	white_day3	white	day3	rep1	2.30984008799391	1	1	white.day3	day3.rep1	1	1	NA	t1	day3	13.2297619133686	0.660489530420171	white	white.day3
white_day3	24016	3775	white_day3	white	day3	rep1	1.29497001998668	2	1	white.day3	day3.rep1	2	1	NA	t2	day3	11.8078383130968	0.696979828007997	white	white.day3
white_day3	16363	3479	white_day3	white	day3	rep1	1.03281794292	10	4	white.day3	day3.rep1	10	4	NA	t10	day3	24.0390040186027	0.383095962268221	white	white.day3
white_day3	18279	3812	white_day3	white	day3	rep1	3.27698451775261	5	5	white.day3	day3.rep1	5	5	NA	t5	day3	9.59415585576525	0.753788739272668	white	white.day3
white_day3	28786	4865	white_day3	white	day3	rep1	3.16820676717849	2	1	white.day3	day3.rep1	2	1	NA	t2	day3	8.44911088804936	0.783173603280417	white	white.day3
white_day3	11621	3005	white_day3	white	day3	rep1	2.65037432234747	2	3	white.day3	day3.rep1	2	3	NA	t2	day3	5.49762951490345	0.858916374277703	white	white.day3
white_day3	65858	6933	white_day3	white	day3	rep1	1.9390203164384	4	3	white.day3	day3.rep1	4	3	NA	t4	day3	1.93120321144711	0.950440248776515	white	white.day3
white_day3	12663	3117	white_day3	white	day3	rep1	2.88241333017452	1	1	white.day3	day3.rep1	1	1	NA	t1	day3	13.3089536760197	0.658457261608336	white	white.day3
white_day3	51504	6373	white_day3	white	day3	rep1	1.64647406026716	2	3	white.day3	day3.rep1	2	3	NA	t2	day3	6.61092330057879	0.830346329069784	white	white.day3
white_day3	16678	3594	white_day3	white	day3	rep1	3.39968821201583	4	3	white.day3	day3.rep1	4	3	NA	t4	day3	0.0072249691196051	0.999814588299127	white	white.day3
white_day3	41094	5377	white_day3	white	day3	rep1	2.53078308268847	4	3	white.day3	day3.rep1	4	3	NA	t4	day3	1.81874266268096	0.953326282098265	white	white.day3
white_day3	27394	4362	white_day3	white	day3	rep1	1.04402423888443	2	3	white.day3	day3.rep1	2	3	NA	t2	day3	4.05956138219305	0.895820983009243	white	white.day3
white_day3	8835	2475	white_day3	white	day3	rep1	4.35766836445954	1	1	white.day3	day3.rep1	1	1	NA	t1	day3	10.2492672689503	0.736976858229455	white	white.day3
white_day3	12220	3172	white_day3	white	day3	rep1	2.71685761047463	1	5	white.day3	day3.rep1	1	5	NA	t1	day3	10.375652947852	0.733733469461536	white	white.day3
white_day3	46480	6039	white_day3	white	day3	rep1	2.11488812392427	2	3	white.day3	day3.rep1	2	3	NA	t2	day3	1.81874416494181	0.953326243546303	white	white.day3
white_day3	34935	5470	white_day3	white	day3	rep1	1.01903535136682	0	4	white.day3	day3.rep1	0	4	NA	t0	day3	17.9166967846312	0.540210460437477	white	white.day3
white_day3	38012	5716	white_day3	white	day3	rep1	1.95201515310954	1	4	white.day3	day3.rep1	1	4	NA	t1	day3	12.8370597943348	0.670567299144295	white	white.day3
white_day3	17448	3448	white_day3	white	day3	rep1	1.98876662081614	5	5	white.day3	day3.rep1	5	5	NA	t5	day3	9.59415886028695	0.753788662168742	white	white.day3
white_day3	18889	3612	white_day3	white	day3	rep1	2.49880883053629	5	5	white.day3	day3.rep1	5	5	NA	t5	day3	9.59415961141737	0.753788642892761	white	white.day3
white_day3	24782	4596	white_day3	white	day3	rep1	3.73658300379308	4	6	white.day3	day3.rep1	4	6	NA	t4	day3	0.00722910033695312	0.99981448228123	white	white.day3
white_day3	31136	5002	white_day3	white	day3	rep1	2.18075539568345	1	1	white.day3	day3.rep1	1	1	NA	t1	day3	11.7373434975549	0.698788910294157	white	white.day3
white_day3	22693	3692	white_day3	white	day3	rep1	2.38840170977835	1	1	white.day3	day3.rep1	1	1	NA	t1	day3	12.3805127537838	0.682283496392419	white	white.day3
white_day3	33932	4732	white_day3	white	day3	rep1	2.19851467641165	2	1	white.day3	day3.rep1	2	1	NA	t2	day3	7.72721811007489	0.801699269701423	white	white.day3
white_day3	38647	5626	white_day3	white	day3	rep1	1.79832846016508	5	1	white.day3	day3.rep1	5	1	NA	t5	day3	11.8078405664881	0.696979770180053	white	white.day3
white_day3	29729	5061	white_day3	white	day3	rep1	2.48578828753069	2	3	white.day3	day3.rep1	2	3	NA	t2	day3	6.64321816402868	0.82951755797574	white	white.day3
white_day3	11232	2827	white_day3	white	day3	rep1	4.37143874643875	1	1	white.day3	day3.rep1	1	1	NA	t1	day3	12.3805138804795	0.682283467478447	white	white.day3
white_day3	35712	5041	white_day3	white	day3	rep1	2.81698028673835	2	3	white.day3	day3.rep1	2	3	NA	t2	day3	6.7850716983265	0.82587722337589	white	white.day3
white_day3	19312	3629	white_day3	white	day3	rep1	2.73405136702568	5	5	white.day3	day3.rep1	5	5	NA	t5	day3	8.21616474477772	0.789151613694123	white	white.day3
white_day3	11803	2993	white_day3	white	day3	rep1	1.42336694060832	1	1	white.day3	day3.rep1	1	1	NA	t1	day3	13.0640597093235	0.664741884579993	white	white.day3
white_day3	17963	3272	white_day3	white	day3	rep1	1.91504759784	1	4	white.day3	day3.rep1	1	4	NA	t1	day3	15.7476012306749	0.595875154549851	white	white.day3
white_day3	12623	3431	white_day3	white	day3	rep1	2.53505505822705	1	1	white.day3	day3.rep1	1	1	NA	t1	day3	13.3711547000469	0.656861019815469	white	white.day3
white_day3	20946	3794	white_day3	white	day3	rep1	2.68308985009071	2	3	white.day3	day3.rep1	2	3	NA	t2	day3	6.52250413044728	0.832615397414912	white	white.day3
white_day3	69089	6529	white_day3	white	day3	rep1	1.3127994326159	5	5	white.day3	day3.rep1	5	5	NA	t5	day3	9.59416524489557	0.753788498322901	white	white.day3
white_day3	13660	3028	white_day3	white	day3	rep1	2.03513909224012	5	5	white.day3	day3.rep1	5	5	NA	t5	day3	9.59416599602599	0.75378847904692	white	white.day3
white_day3	20681	3810	white_day3	white	day3	rep1	1.83743532711184	2	1	white.day3	day3.rep1	2	1	NA	t2	day3	5.49763139272952	0.858916326087749	white	white.day3
white_day3	38610	5499	white_day3	white	day3	rep1	2.57187257187257	2	1	white.day3	day3.rep1	2	1	NA	t2	day3	9.81834607349645	0.748035428926227	white	white.day3
white_day3	62183	7074	white_day3	white	day3	rep1	1.53739768103823	5	5	white.day3	day3.rep1	5	5	NA	t5	day3	8.23324101325452	0.788713391754288	white	white.day3
white_day3	16904	3137	white_day3	white	day3	rep1	2.68575485092286	2	3	white.day3	day3.rep1	2	3	NA	t2	day3	2.53468719062926	0.934953263409908	white	white.day3
white_day3	37695	5655	white_day3	white	day3	rep1	3.37710571693859	5	1	white.day3	day3.rep1	5	1	NA	t5	day3	10.2492691467764	0.736976810039502	white	white.day3
white_day3	25203	3920	white_day3	white	day3	rep1	2.3647978415268	2	3	white.day3	day3.rep1	2	3	NA	t2	day3	6.34717375697038	0.837114835713239	white	white.day3
white_day3	20981	3836	white_day3	white	day3	rep1	1.26304751918402	1	4	white.day3	day3.rep1	1	4	NA	t1	day3	15.3961062147614	0.604895440681167	white	white.day3
white_day3	28665	3751	white_day3	white	day3	rep1	0.80237223094366	5	0	white.day3	day3.rep1	5	0	NA	t5	day3	20.6719025921377	0.469504636430897	white	white.day3
white_day3	15067	3780	white_day3	white	day3	rep1	2.32295745669344	1	1	white.day3	day3.rep1	1	1	NA	t1	day3	11.8078446977054	0.696979664162156	white	white.day3
white_day3	13174	3087	white_day3	white	day3	rep1	3.80294519508122	2	3	white.day3	day3.rep1	2	3	NA	t2	day3	5.98323727415664	0.846454402591798	white	white.day3
white_day3	14145	3415	white_day3	white	day3	rep1	1.93001060445387	1	4	white.day3	day3.rep1	1	4	NA	t1	day3	23.3987009215064	0.39952782299195	white	white.day3
white_day3	9340	2488	white_day3	white	day3	rep1	4.48608137044968	5	3	white.day3	day3.rep1	5	3	NA	t5	day3	7.77138763964955	0.80056576345806	white	white.day3
white_day3	23361	4307	white_day3	white	day3	rep1	1.75934249390009	1	1	white.day3	day3.rep1	1	1	NA	t1	day3	13.0745966017256	0.664471480221186	white	white.day3
white_day3	41481	5567	white_day3	white	day3	rep1	1.19572816470191	1	4	white.day3	day3.rep1	1	4	NA	t1	day3	14.8356078396532	0.619279302445105	white	white.day3
white_day3	33442	4891	white_day3	white	day3	rep1	1.93768315292148	4	6	white.day3	day3.rep1	4	6	NA	t4	day3	0.00723661164122225	0.999814289521416	white	white.day3
white_day3	19344	3843	white_day3	white	day3	rep1	1.56637717121588	2	1	white.day3	day3.rep1	2	1	NA	t2	day3	8.44912290613616	0.783173294864716	white	white.day3
white_day3	29498	4447	white_day3	white	day3	rep1	1.80351210251542	1	4	white.day3	day3.rep1	1	4	NA	t1	day3	11.9346854641739	0.693724596650923	white	white.day3
white_day3	15968	3357	white_day3	white	day3	rep1	3.0874248496994	2	3	white.day3	day3.rep1	2	3	NA	t2	day3	6.63810289350265	0.829648829264648	white	white.day3
white_day3	24017	4197	white_day3	white	day3	rep1	1.09505766748553	1	1	white.day3	day3.rep1	1	1	NA	t1	day3	13.3711565778729	0.656860971625515	white	white.day3
white_day3	12658	2758	white_day3	white	day3	rep1	2.98625375256755	1	1	white.day3	day3.rep1	1	1	NA	t1	day3	12.5036269187112	0.679124063273354	white	white.day3
white_day3	11400	3150	white_day3	white	day3	rep1	2.89473684210526	1	1	white.day3	day3.rep1	1	1	NA	t1	day3	13.2448017418463	0.660103568884181	white	white.day3
white_day3	48025	6463	white_day3	white	day3	rep1	1.60957834461218	2	3	white.day3	day3.rep1	2	3	NA	t2	day3	1.7869612634618	0.954141876350336	white	white.day3
white_day3	14345	3588	white_day3	white	day3	rep1	3.28337399790868	1	4	white.day3	day3.rep1	1	4	NA	t1	day3	16.8844839330203	0.566699755728772	white	white.day3
white_day3	20080	3805	white_day3	white	day3	rep1	1.04581673306773	2	3	white.day3	day3.rep1	2	3	NA	t2	day3	5.49763552394687	0.858916220069852	white	white.day3
white_day3	29185	5265	white_day3	white	day3	rep1	2.02158643138599	5	5	white.day3	day3.rep1	5	5	NA	t5	day3	23.2448465418706	0.403476130831434	white	white.day3
white_day3	31738	4975	white_day3	white	day3	rep1	1.76444640494045	5	5	white.day3	day3.rep1	5	5	NA	t5	day3	23.8586831385107	0.387723470085517	white	white.day3
white_day3	32006	4942	white_day3	white	day3	rep1	2.71511591576579	1	1	white.day3	day3.rep1	1	1	NA	t1	day3	11.8078495800532	0.696979538868278	white	white.day3
white_day3	39285	5620	white_day3	white	day3	rep1	3.04187348860888	2	3	white.day3	day3.rep1	2	3	NA	t2	day3	4.0595655134104	0.895820876991345	white	white.day3
white_day3	16290	3222	white_day3	white	day3	rep1	1.89686924493554	1	1	white.day3	day3.rep1	1	1	NA	t1	day3	12.3805255230011	0.682283168700736	white	white.day3
white_day3	7872	2283	white_day3	white	day3	rep1	2.70579268292683	1	1	white.day3	day3.rep1	1	1	NA	t1	day3	12.7313208829631	0.673280837580418	white	white.day3
white_day3	34700	5018	white_day3	white	day3	rep1	2.80403458213256	2	1	white.day3	day3.rep1	2	1	NA	t2	day3	11.8078507067488	0.696979509954306	white	white.day3
white_day3	9931	2256	white_day3	white	day3	rep1	2.74896787836069	5	5	white.day3	day3.rep1	5	5	NA	t5	day3	13.3711592068294	0.656860904159581	white	white.day3
white_day3	33298	5168	white_day3	white	day3	rep1	2.75391915430356	5	5	white.day3	day3.rep1	5	5	NA	t5	day3	9.59417388289546	0.753788276649116	white	white.day3
white_day3	17595	3318	white_day3	white	day3	rep1	2.14833759590793	1	1	white.day3	day3.rep1	1	1	NA	t1	day3	11.8078518334445	0.696979481040334	white	white.day3
white_day3	20045	3636	white_day3	white	day3	rep1	1.57645298079322	2	3	white.day3	day3.rep1	2	3	NA	t2	day3	7.72721923677054	0.801699240787451	white	white.day3
white_day3	15880	3402	white_day3	white	day3	rep1	2.49370277078086	1	3	white.day3	day3.rep1	1	3	NA	t1	day3	6.04544400368523	0.844858014380765	white	white.day3
white_day3	14123	3163	white_day3	white	day3	rep1	4.99893790271189	2	3	white.day3	day3.rep1	2	3	NA	t2	day3	6.58020734049318	0.831134581352822	white	white.day3
white_day3	21767	5201	white_day3	white	day3	rep1	1.82845591951119	5	5	white.day3	day3.rep1	5	5	NA	t5	day3	9.59417463402588	0.753788257373135	white	white.day3
white_day3	24975	4653	white_day3	white	day3	rep1	5.1011011011011	2	3	white.day3	day3.rep1	2	3	NA	t2	day3	2.96367591562435	0.923944284985258	white	white.day3
white_day3	32467	4679	white_day3	white	day3	rep1	1.99587273231281	2	3	white.day3	day3.rep1	2	3	NA	t2	day3	5.87943421560727	0.849118261955458	white	white.day3
white_day3	24562	4364	white_day3	white	day3	rep1	0.911977851966452	2	3	white.day3	day3.rep1	2	3	NA	t2	day3	4.79246713101143	0.87701269480508	white	white.day3
white_day3	28901	4438	white_day3	white	day3	rep1	2.50164354174596	4	6	white.day3	day3.rep1	4	6	NA	t4	day3	0.00724487407591828	0.999814077485622	white	white.day3
white_day3	10586	2812	white_day3	white	day3	rep1	2.90950311732477	5	5	white.day3	day3.rep1	5	5	NA	t5	day3	9.59417538515631	0.753788238097153	white	white.day3
white_day3	30271	4553	white_day3	white	day3	rep1	2.08450332000925	5	4	white.day3	day3.rep1	5	4	NA	t5	day3	13.1160023383028	0.663408900171697	white	white.day3
white_day3	14621	3018	white_day3	white	day3	rep1	3.34450447985774	2	3	white.day3	day3.rep1	2	3	NA	t2	day3	5.98324102980877	0.846454306211891	white	white.day3
white_day3	16554	3579	white_day3	white	day3	rep1	1.24441222665217	1	4	white.day3	day3.rep1	1	4	NA	t1	day3	13.3711599579598	0.6568608848836	white	white.day3
white_day3	18116	3230	white_day3	white	day3	rep1	2.12519319938176	5	5	white.day3	day3.rep1	5	5	NA	t5	day3	9.59417613628673	0.753788218821172	white	white.day3
white_day3	9381	2487	white_day3	white	day3	rep1	2.54770280353907	1	1	white.day3	day3.rep1	1	1	NA	t1	day3	13.3711603335251	0.656860875245609	white	white.day3
white_day3	20443	3754	white_day3	white	day3	rep1	2.68062417453407	4	3	white.day3	day3.rep1	4	3	NA	t4	day3	0.0072456252063452	0.99981405820964	white	white.day3
white_day3	13470	3295	white_day3	white	day3	rep1	2.271714922049	1	1	white.day3	day3.rep1	1	1	NA	t1	day3	11.8078537112705	0.69697943285038	white	white.day3
white_day3	18801	3225	white_day3	white	day3	rep1	1.12228072974842	1	4	white.day3	day3.rep1	1	4	NA	t1	day3	18.4845684071211	0.525637381762661	white	white.day3
white_day3	32155	4723	white_day3	white	day3	rep1	0.472710309438657	2	3	white.day3	day3.rep1	2	3	NA	t2	day3	5.56096900634269	0.857290916418196	white	white.day3
white_day3	26318	4282	white_day3	white	day3	rep1	2.29120753856676	1	1	white.day3	day3.rep1	1	1	NA	t1	day3	11.2009851042287	0.7125532766655	white	white.day3
white_day3	34883	5058	white_day3	white	day3	rep1	2.69758908350773	2	3	white.day3	day3.rep1	2	3	NA	t2	day3	4.04651344879812	0.896155827281042	white	white.day3
white_day3	57098	6279	white_day3	white	day3	rep1	1.87221969245858	5	3	white.day3	day3.rep1	5	3	NA	t5	day3	7.73025272979899	0.801621393381784	white	white.day3
white_day3	17598	3653	white_day3	white	day3	rep1	2.9605637004205	5	1	white.day3	day3.rep1	5	1	NA	t5	day3	8.44913454865776	0.783172996087006	white	white.day3
white_day3	30074	4655	white_day3	white	day3	rep1	0.821307441643945	4	6	white.day3	day3.rep1	4	6	NA	t4	day3	0.00724825416283939	0.999813990743705	white	white.day3
white_day3	11226	2650	white_day3	white	day3	rep1	3.31373597006948	5	5	white.day3	day3.rep1	5	5	NA	t5	day3	8.24564239514763	0.788395139693704	white	white.day3
white_day3	18862	3953	white_day3	white	day3	rep1	2.3115258191072	4	6	white.day3	day3.rep1	4	6	NA	t4	day3	0.00724938085847976	0.999813961829733	white	white.day3
white_day3	21328	4267	white_day3	white	day3	rep1	2.92104276069017	1	1	white.day3	day3.rep1	1	1	NA	t1	day3	12.2517887424494	0.685586892917658	white	white.day3
white_day3	21176	4139	white_day3	white	day3	rep1	3.1072912731394	2	3	white.day3	day3.rep1	2	3	NA	t2	day3	6.78507770736991	0.825877069168039	white	white.day3
white_day3	15429	3417	white_day3	white	day3	rep1	2.64437098969473	1	4	white.day3	day3.rep1	1	4	NA	t1	day3	23.6476657019903	0.393138732236998	white	white.day3
white_day3	13193	3129	white_day3	white	day3	rep1	4.8283180474494	1	1	white.day3	day3.rep1	1	1	NA	t1	day3	8.44913642648382	0.783172947897053	white	white.day3
white_day3	22814	3774	white_day3	white	day3	rep1	1.60866134829491	2	6	white.day3	day3.rep1	2	6	NA	t2	day3	0.00725050755412013	0.999813932915761	white	white.day3
white_day3	14375	3051	white_day3	white	day3	rep1	2.1704347826087	5	5	white.day3	day3.rep1	5	5	NA	t5	day3	9.59418139419971	0.753788083889303	white	white.day3
white_day3	36185	5082	white_day3	white	day3	rep1	2.29100455990051	1	4	white.day3	day3.rep1	1	4	NA	t1	day3	14.0581384808264	0.639231210032534	white	white.day3
white_day3	12158	2867	white_day3	white	day3	rep1	3.91511761802928	1	1	white.day3	day3.rep1	1	1	NA	t1	day3	12.2134841318213	0.686569889922939	white	white.day3
white_day3	24770	4053	white_day3	white	day3	rep1	1.91360516754138	1	4	white.day3	day3.rep1	1	4	NA	t1	day3	20.2623126760719	0.480015790422121	white	white.day3
white_day3	23011	4436	white_day3	white	day3	rep1	1.94254921559254	4	6	white.day3	day3.rep1	4	6	NA	t4	day3	0.00725200981497395	0.999813894363799	white	white.day3
white_day3	13460	3166	white_day3	white	day3	rep1	2.67459138187221	2	3	white.day3	day3.rep1	2	3	NA	t2	day3	7.88113840779149	0.797749270230698	white	white.day3
white_day3	30342	4339	white_day3	white	day3	rep1	1.6248104937051	2	1	white.day3	day3.rep1	2	1	NA	t2	day3	11.8078570913574	0.696979346108465	white	white.day3
white_day3	14717	3140	white_day3	white	day3	rep1	2.39179180539512	2	3	white.day3	day3.rep1	2	3	NA	t2	day3	6.2094205207289	0.840649945885949	white	white.day3
white_day3	31189	4706	white_day3	white	day3	rep1	0.641251723364006	2	1	white.day3	day3.rep1	2	1	NA	t2	day3	11.8078574669227	0.696979336470474	white	white.day3
white_day3	36353	5264	white_day3	white	day3	rep1	2.28041702197893	2	1	white.day3	day3.rep1	2	1	NA	t2	day3	8.44913792874467	0.78317290934509	white	white.day3
white_day3	8310	2562	white_day3	white	day3	rep1	4.50060168471721	1	4	white.day3	day3.rep1	1	4	NA	t1	day3	15.3804296196975	0.605297743321714	white	white.day3
white_day3	21983	3849	white_day3	white	day3	rep1	4.32152117545376	4	6	white.day3	day3.rep1	4	6	NA	t4	day3	0.00725351207582778	0.999813855811836	white	white.day3
white_day3	19264	3899	white_day3	white	day3	rep1	1.95701827242525	1	4	white.day3	day3.rep1	1	4	NA	t1	day3	13.3119160094465	0.658381240345115	white	white.day3
white_day3	23244	4057	white_day3	white	day3	rep1	1.24763379796937	2	3	white.day3	day3.rep1	2	3	NA	t2	day3	5.51035119140842	0.858589902615376	white	white.day3
white_day3	48132	5712	white_day3	white	day3	rep1	2.07554225878833	2	1	white.day3	day3.rep1	2	1	NA	t2	day3	7.86194461986881	0.798241833286127	white	white.day3
white_day3	13185	2786	white_day3	white	day3	rep1	2.97307546454304	4	6	white.day3	day3.rep1	4	6	NA	t4	day3	0.00725463877146815	0.999813826897864	white	white.day3
white_day3	24741	4505	white_day3	white	day3	rep1	2.67572046400711	4	6	white.day3	day3.rep1	4	6	NA	t4	day3	0.179058336876764	0.995404892360626	white	white.day3
white_day3	36697	5477	white_day3	white	day3	rep1	2.04103877701174	2	3	white.day3	day3.rep1	2	3	NA	t2	day3	1.70901777214232	0.956142111238299	white	white.day3
white_day3	13665	3031	white_day3	white	day3	rep1	2.68569337724113	2	1	white.day3	day3.rep1	2	1	NA	t2	day3	11.8078585936183	0.696979307556502	white	white.day3
white_day3	23669	4275	white_day3	white	day3	rep1	3.8531412395961	2	3	white.day3	day3.rep1	2	3	NA	t2	day3	5.98324290763484	0.846454258021938	white	white.day3
white_day3	17229	3668	white_day3	white	day3	rep1	1.73544605026409	5	5	white.day3	day3.rep1	5	5	NA	t5	day3	23.2448499219576	0.403476044089517	white	white.day3
white_day3	20746	3998	white_day3	white	day3	rep1	2.05340788585751	2	3	white.day3	day3.rep1	2	3	NA	t2	day3	5.29775591391737	0.86404565631405	white	white.day3
white_day3	25040	4197	white_day3	white	day3	rep1	1.48961661341853	2	3	white.day3	day3.rep1	2	3	NA	t2	day3	7.89573218369161	0.797374755576448	white	white.day3
white_day3	13193	3407	white_day3	white	day3	rep1	2.54680512392936	1	1	white.day3	day3.rep1	1	1	NA	t1	day3	10.2492751558198	0.736976655831652	white	white.day3
white_day3	20675	3562	white_day3	white	day3	rep1	1.10761789600967	0	0	white.day3	day3.rep1	0	0	NA	t0	day3	21.1428463931462	0.457418980462702	white	white.day3
white_day3	34305	5228	white_day3	white	day3	rep1	1.0027692756158	5	4	white.day3	day3.rep1	5	4	NA	t5	day3	24.3604276049418	0.37484738807266	white	white.day3
white_day3	42242	5181	white_day3	white	day3	rep1	0.856966999668576	2	3	white.day3	day3.rep1	2	3	NA	t2	day3	6.21975548801611	0.840384723456418	white	white.day3
white_day3	14929	3036	white_day3	white	day3	rep1	2.7463326411682	1	1	white.day3	day3.rep1	1	1	NA	t1	day3	12.3805401700444	0.682282792819101	white	white.day3
white_day3	14140	2816	white_day3	white	day3	rep1	0.7001414427157	1	1	white.day3	day3.rep1	1	1	NA	t1	day3	12.3805405456096	0.68228278318111	white	white.day3
white_day3	19435	3855	white_day3	white	day3	rep1	1.97067146899923	4	6	white.day3	day3.rep1	4	6	NA	t4	day3	0.00725914555402962	0.999813711241976	white	white.day3
white_day3	27043	4633	white_day3	white	day3	rep1	0.954036164626706	1	1	white.day3	day3.rep1	1	1	NA	t1	day3	9.76707142312124	0.749351271247535	white	white.day3
white_day3	15920	3251	white_day3	white	day3	rep1	2.46231155778894	2	1	white.day3	day3.rep1	2	1	NA	t2	day3	6.12576553579704	0.84279675271459	white	white.day3
white_day3	46767	5766	white_day3	white	day3	rep1	2.24303461842752	1	1	white.day3	day3.rep1	1	1	NA	t1	day3	8.44914281109244	0.783172784051211	white	white.day3
white_day3	22424	4299	white_day3	white	day3	rep1	3.72368890474492	2	3	white.day3	day3.rep1	2	3	NA	t2	day3	6.56379571990773	0.831555746680514	white	white.day3
white_day3	10741	2897	white_day3	white	day3	rep1	4.55264872916861	1	1	white.day3	day3.rep1	1	1	NA	t1	day3	12.3805420478704	0.682282744629147	white	white.day3
white_day3	12029	3130	white_day3	white	day3	rep1	3.5663812453238	5	5	white.day3	day3.rep1	5	5	NA	t5	day3	9.59418890550397	0.75378789112949	white	white.day3
white_day3	15310	3593	white_day3	white	day3	rep1	3.06335728282169	2	3	white.day3	day3.rep1	2	3	NA	t2	day3	6.70442512048265	0.827946826570042	white	white.day3
white_day3	11688	3064	white_day3	white	day3	rep1	2.53251197809719	2	3	white.day3	day3.rep1	2	3	NA	t2	day3	7.77360080232748	0.800508967885701	white	white.day3
white_day3	22486	3862	white_day3	white	day3	rep1	2.90402917370809	2	3	white.day3	day3.rep1	2	3	NA	t2	day3	6.02019674107196	0.84550592551035	white	white.day3
white_day3	10555	3092	white_day3	white	day3	rep1	3.67598294647087	1	1	white.day3	day3.rep1	1	1	NA	t1	day3	12.3805435501313	0.682282706077185	white	white.day3
white_day3	18342	3818	white_day3	white	day3	rep1	0.866862937520445	2	1	white.day3	day3.rep1	2	1	NA	t2	day3	8.44914356222286	0.78317276477523	white	white.day3
white_day3	30246	4814	white_day3	white	day3	rep1	2.12259472326919	1	1	white.day3	day3.rep1	1	1	NA	t1	day3	12.3805446768269	0.682282677163213	white	white.day3
white_day3	20804	4036	white_day3	white	day3	rep1	1.40357623533936	1	4	white.day3	day3.rep1	1	4	NA	t1	day3	23.8958112522758	0.386770665082559	white	white.day3
white_day3	14559	3307	white_day3	white	day3	rep1	2.8916821210248	1	4	white.day3	day3.rep1	1	4	NA	t1	day3	15.39253246872	0.604987152399384	white	white.day3
white_day3	17732	3525	white_day3	white	day3	rep1	2.83103992781412	2	3	white.day3	day3.rep1	2	3	NA	t2	day3	5.49764303525114	0.858916027310038	white	white.day3
white_day3	10472	2433	white_day3	white	day3	rep1	2.08174178762414	5	5	white.day3	day3.rep1	5	5	NA	t5	day3	9.59418965663439	0.753787871853508	white	white.day3
white_day3	21588	3971	white_day3	white	day3	rep1	2.89512692236428	1	1	white.day3	day3.rep1	1	1	NA	t1	day3	11.5726534745057	0.703015289228765	white	white.day3
white_day3	15503	3633	white_day3	white	day3	rep1	2.58014577823647	1	4	white.day3	day3.rep1	1	4	NA	t1	day3	13.0104863871915	0.666116716861412	white	white.day3
white_day3	16484	3382	white_day3	white	day3	rep1	2.46906090754671	2	3	white.day3	day3.rep1	2	3	NA	t2	day3	1.48587979470053	0.961868418332745	white	white.day3
white_day3	26325	4963	white_day3	white	day3	rep1	0.934472934472935	5	5	white.day3	day3.rep1	5	5	NA	t5	day3	9.5941900321996	0.753787862215518	white	white.day3
white_day3	24819	4395	white_day3	white	day3	rep1	2.65522382046013	2	3	white.day3	day3.rep1	2	3	NA	t2	day3	4.66478150282722	0.880289443688944	white	white.day3
white_day3	21561	3709	white_day3	white	day3	rep1	2.28189787115625	1	2	white.day3	day3.rep1	1	2	NA	t1	day3	28.4833497097128	0.269042368375563	white	white.day3
white_day3	47997	5732	white_day3	white	day3	rep1	1.45217409421422	2	3	white.day3	day3.rep1	2	3	NA	t2	day3	1.93121260057744	0.950440007826748	white	white.day3
white_day3	31061	4851	white_day3	white	day3	rep1	1.54212678278227	1	1	white.day3	day3.rep1	1	1	NA	t1	day3	12.0293013197795	0.691296505066455	white	white.day3
white_day3	9600	2636	white_day3	white	day3	rep1	4.60416666666667	1	1	white.day3	day3.rep1	1	1	NA	t1	day3	12.3048608785384	0.684224922387637	white	white.day3
white_day3	15155	3190	white_day3	white	day3	rep1	2.21709006928406	2	3	white.day3	day3.rep1	2	3	NA	t2	day3	2.66097578120637	0.931712366183626	white	white.day3
white_day3	21315	4147	white_day3	white	day3	rep1	2.26131832043162	1	1	white.day3	day3.rep1	1	1	NA	t1	day3	9.11673151970228	0.766040702806629	white	white.day3
white_day3	18253	3514	white_day3	white	day3	rep1	1.20528132361804	1	1	white.day3	day3.rep1	1	1	NA	t1	day3	12.6190086556274	0.67616306458435	white	white.day3
white_day3	24735	4388	white_day3	white	day3	rep1	3.1493834647261	4	3	white.day3	day3.rep1	4	3	NA	t4	day3	0.00726327677137764	0.999813605224078	white	white.day3
white_day3	21861	3773	white_day3	white	day3	rep1	2.64397786011619	2	3	white.day3	day3.rep1	2	3	NA	t2	day3	6.47699440920302	0.833783296499663	white	white.day3
white_day3	32676	4586	white_day3	white	day3	rep1	1.47202840004897	1	2	white.day3	day3.rep1	1	2	NA	t1	day3	10.2492766580806	0.736976617279689	white	white.day3
white_day3	22189	4195	white_day3	white	day3	rep1	0.928387939970256	2	3	white.day3	day3.rep1	2	3	NA	t2	day3	7.72722224129224	0.801699163683526	white	white.day3
white_day3	12681	3317	white_day3	white	day3	rep1	3.21741187603501	2	3	white.day3	day3.rep1	2	3	NA	t2	day3	6.387415359454	0.83608213040491	white	white.day3
white_day3	38973	5734	white_day3	white	day3	rep1	1.41379929694917	5	5	white.day3	day3.rep1	5	5	NA	t5	day3	9.59419191002567	0.753787814025564	white	white.day3
white_day3	21452	3986	white_day3	white	day3	rep1	2.84355771023681	2	1	white.day3	day3.rep1	2	1	NA	t2	day3	11.8078649782269	0.696979143710661	white	white.day3
white_day3	12650	3129	white_day3	white	day3	rep1	4.40316205533597	1	4	white.day3	day3.rep1	1	4	NA	t1	day3	15.2437004580986	0.608806573046972	white	white.day3
white_day3	23901	4372	white_day3	white	day3	rep1	1.61917911384461	5	5	white.day3	day3.rep1	5	5	NA	t5	day3	8.21617188051676	0.789151430572301	white	white.day3
white_day3	10789	2843	white_day3	white	day3	rep1	5.03290388358513	4	6	white.day3	day3.rep1	4	6	NA	t4	day3	0.00109760546155688	0.999971832558431	white	white.day3
white_day3	12670	3000	white_day3	white	day3	rep1	4.42778216258879	4	6	white.day3	day3.rep1	4	6	NA	t4	day3	0.00726590572787184	0.999813537758144	white	white.day3
white_day3	7870	2161	white_day3	white	day3	rep1	2.38881829733164	0	4	white.day3	day3.rep1	0	4	NA	t0	day3	23.3241157074789	0.40144187565624	white	white.day3
white_day3	7473	2277	white_day3	white	day3	rep1	4.42927873678576	2	1	white.day3	day3.rep1	2	1	NA	t2	day3	11.8078653537921	0.69697913407267	white	white.day3
white_day3	17413	3539	white_day3	white	day3	rep1	2.9518176075346	4	6	white.day3	day3.rep1	4	6	NA	t4	day3	0.202345686870447	0.99480727774115	white	white.day3
white_day3	17547	4086	white_day3	white	day3	rep1	1.21388271499402	5	5	white.day3	day3.rep1	5	5	NA	t5	day3	9.59419416341694	0.753787756197621	white	white.day3
white_day3	37149	5491	white_day3	white	day3	rep1	1.26517537484185	2	3	white.day3	day3.rep1	2	3	NA	t2	day3	6.07694081712846	0.844049723347835	white	white.day3
white_day3	26198	4165	white_day3	white	day3	rep1	0.797770822200168	5	1	white.day3	day3.rep1	5	1	NA	t5	day3	7.96208289915053	0.795672021792581	white	white.day3
white_day3	18654	3768	white_day3	white	day3	rep1	3.731103248633	2	3	white.day3	day3.rep1	2	3	NA	t2	day3	1.81875280294172	0.953326021872517	white	white.day3
white_day3	19022	3807	white_day3	white	day3	rep1	3.17001366838398	2	3	white.day3	day3.rep1	2	3	NA	t2	day3	5.497644537512	0.858915988758075	white	white.day3
white_day3	31910	4894	white_day3	white	day3	rep1	2.1905358821686	1	4	white.day3	day3.rep1	1	4	NA	t1	day3	16.8844895664985	0.566699611158912	white	white.day3
white_day3	40034	5276	white_day3	white	day3	rep1	2.2805615227057	2	1	white.day3	day3.rep1	2	1	NA	t2	day3	8.43363067093341	0.783570866346574	white	white.day3
white_day3	11593	2679	white_day3	white	day3	rep1	2.45838005693091	1	1	white.day3	day3.rep1	1	1	NA	t1	day3	11.2551268792397	0.711163856388837	white	white.day3
white_day3	13056	2953	white_day3	white	day3	rep1	2.84160539215686	2	3	white.day3	day3.rep1	2	3	NA	t2	day3	5.62580670218441	0.855627010695187	white	white.day3
white_day3	10407	3488	white_day3	white	day3	rep1	2.15239742481022	5	5	white.day3	day3.rep1	5	5	NA	t5	day3	9.59419566567779	0.753787717645658	white	white.day3
white_day3	20418	3431	white_day3	white	day3	rep1	2.49289842296013	5	5	white.day3	day3.rep1	5	5	NA	t5	day3	8.84256522060038	0.773076530779994	white	white.day3
white_day3	24547	4403	white_day3	white	day3	rep1	3.3160875056015	2	1	white.day3	day3.rep1	2	1	NA	t2	day3	7.29509808610134	0.812788605489534	white	white.day3
white_day3	17776	3380	white_day3	white	day3	rep1	1.24324932493249	5	5	white.day3	day3.rep1	5	5	NA	t5	day3	9.62649273225091	0.75295889001368	white	white.day3
white_day3	14113	3391	white_day3	white	day3	rep1	2.8696946078084	2	3	white.day3	day3.rep1	2	3	NA	t2	day3	6.7850855942394	0.825876866770235	white	white.day3
white_day3	21088	4059	white_day3	white	day3	rep1	3.39055386949924	2	3	white.day3	day3.rep1	2	3	NA	t2	day3	3.00834355187795	0.922797996015072	white	white.day3
white_day3	34543	4610	white_day3	white	day3	rep1	2.06988391280433	4	6	white.day3	day3.rep1	4	6	NA	t4	day3	0.00726853468436603	0.999813470292209	white	white.day3
white_day3	13891	2948	white_day3	white	day3	rep1	2.27485422215823	1	4	white.day3	day3.rep1	1	4	NA	t1	day3	16.7765189806396	0.569470420229084	white	white.day3
white_day3	38615	5381	white_day3	white	day3	rep1	1.68069403081704	2	1	white.day3	day3.rep1	2	1	NA	t2	day3	11.8078676071834	0.696979076244726	white	white.day3
white_day3	18350	3863	white_day3	white	day3	rep1	1.97820163487738	1	1	white.day3	day3.rep1	1	1	NA	t1	day3	8.44915220022275	0.783172543101445	white	white.day3
white_day3	16088	3360	white_day3	white	day3	rep1	2.23769269020388	1	1	white.day3	day3.rep1	1	1	NA	t1	day3	12.3805514370008	0.682282503679381	white	white.day3
white_day3	16662	3258	white_day3	white	day3	rep1	2.37666546633057	1	1	white.day3	day3.rep1	1	1	NA	t1	day3	11.3141444218701	0.709649311097462	white	white.day3
white_day3	37066	5762	white_day3	white	day3	rep1	2.91372146981061	1	1	white.day3	day3.rep1	1	1	NA	t1	day3	11.7331260777358	0.698897140373622	white	white.day3
white_day3	50060	6063	white_day3	white	day3	rep1	2.48302037554934	2	3	white.day3	day3.rep1	2	3	NA	t2	day3	6.78508709650025	0.825876828218272	white	white.day3
white_day3	25739	4851	white_day3	white	day3	rep1	1.11115427949804	1	1	white.day3	day3.rep1	1	1	NA	t1	day3	11.8078694850095	0.696979028054773	white	white.day3
white_day3	18415	3366	white_day3	white	day3	rep1	1.55851208254141	5	1	white.day3	day3.rep1	5	1	NA	t5	day3	13.4627875258629	0.6545094806173	white	white.day3
white_day3	24790	3983	white_day3	white	day3	rep1	3.69907220653489	4	6	white.day3	day3.rep1	4	6	NA	t4	day3	0.436992965083329	0.988785611732846	white	white.day3
white_day3	13803	2931	white_day3	white	day3	rep1	2.90516554372238	1	1	white.day3	day3.rep1	1	1	NA	t1	day3	12.3805525636964	0.682282474765409	white	white.day3
white_day3	13264	3358	white_day3	white	day3	rep1	1.35705669481303	1	5	white.day3	day3.rep1	1	5	NA	t1	day3	9.59419904576471	0.753787630903742	white	white.day3
white_day3	50225	5737	white_day3	white	day3	rep1	0.985564957690393	2	3	white.day3	day3.rep1	2	3	NA	t2	day3	5.11154721043207	0.868824261157745	white	white.day3
white_day3	25971	4337	white_day3	white	day3	rep1	0.604520426629702	5	5	white.day3	day3.rep1	5	5	NA	t5	day3	8.23391344128221	0.788696135483394	white	white.day3
white_day3	21074	4010	white_day3	white	day3	rep1	3.3453544652178	2	3	white.day3	day3.rep1	2	3	NA	t2	day3	5.29775779174344	0.864045608124097	white	white.day3
white_day3	26829	4449	white_day3	white	day3	rep1	1.83383652018338	1	1	white.day3	day3.rep1	1	1	NA	t1	day3	13.371170849351	0.65686060538187	white	white.day3
white_day3	22291	3955	white_day3	white	day3	rep1	2.14436319590866	5	5	white.day3	day3.rep1	5	5	NA	t5	day3	9.59420092359077	0.753787582713789	white	white.day3
white_day3	18853	3580	white_day3	white	day3	rep1	2.66801039622341	2	3	white.day3	day3.rep1	2	3	NA	t2	day3	2.41785084592733	0.937951591158623	white	white.day3
white_day3	28408	4788	white_day3	white	day3	rep1	1.86215150661785	4	6	white.day3	day3.rep1	4	6	NA	t4	day3	0.00727379259735442	0.999813335360339	white	white.day3
white_day3	16801	3474	white_day3	white	day3	rep1	2.52961133265877	2	1	white.day3	day3.rep1	2	1	NA	t2	day3	8.44915783370094	0.783172398531585	white	white.day3
white_day3	18433	3722	white_day3	white	day3	rep1	1.68176639722237	1	4	white.day3	day3.rep1	1	4	NA	t1	day3	13.6168908216908	0.650554784933967	white	white.day3
white_day3	18154	3859	white_day3	white	day3	rep1	2.67158752891925	2	3	white.day3	day3.rep1	2	3	NA	t2	day3	6.78508972545675	0.825876760752337	white	white.day3
white_day3	26792	4199	white_day3	white	day3	rep1	1.48925052254404	1	1	white.day3	day3.rep1	1	1	NA	t1	day3	12.3805566949137	0.682282368747512	white	white.day3
white_day3	10147	2758	white_day3	white	day3	rep1	2.40465162116882	5	5	white.day3	day3.rep1	5	5	NA	t5	day3	9.59420280141684	0.753787534523835	white	white.day3
white_day3	31388	5118	white_day3	white	day3	rep1	3.94418249012361	2	6	white.day3	day3.rep1	2	6	NA	t2	day3	1.76530007326182	0.954697759434597	white	white.day3
white_day3	12707	3727	white_day3	white	day3	rep1	2.2822066577477	1	1	white.day3	day3.rep1	1	1	NA	t1	day3	7.72722524581395	0.8016990865796	white	white.day3
white_day3	7377	2472	white_day3	white	day3	rep1	4.62247526094618	5	5	white.day3	day3.rep1	5	5	NA	t5	day3	7.65713812598894	0.803497706321898	white	white.day3
white_day3	30066	5215	white_day3	white	day3	rep1	2.40138362269673	2	3	white.day3	day3.rep1	2	3	NA	t2	day3	6.25193262960439	0.839558973414815	white	white.day3
white_day3	15159	3818	white_day3	white	day3	rep1	2.34184312949403	1	3	white.day3	day3.rep1	1	3	NA	t1	day3	8.44245708957488	0.783344357241022	white	white.day3
white_day3	17857	3850	white_day3	white	day3	rep1	4.8328386627093	1	1	white.day3	day3.rep1	1	1	NA	t1	day3	12.88313017291	0.669385012118558	white	white.day3
white_day3	36917	5008	white_day3	white	day3	rep1	1.09705555706043	1	4	white.day3	day3.rep1	1	4	NA	t1	day3	13.1925256612213	0.661445110538295	white	white.day3
white_day3	56767	6174	white_day3	white	day3	rep1	1.67703066922684	4	3	white.day3	day3.rep1	4	3	NA	t4	day3	1.81875730972428	0.953325906216629	white	white.day3
white_day3	20294	3956	white_day3	white	day3	rep1	3.16842416477777	2	1	white.day3	day3.rep1	2	1	NA	t2	day3	7.72722562137917	0.80169907694161	white	white.day3
white_day3	30737	5030	white_day3	white	day3	rep1	2.88251943911247	2	3	white.day3	day3.rep1	2	3	NA	t2	day3	7.72722599694438	0.801699067303619	white	white.day3
white_day3	24519	4712	white_day3	white	day3	rep1	2.11672580447816	2	3	white.day3	day3.rep1	2	3	NA	t2	day3	6.78509197884803	0.825876702924393	white	white.day3
white_day3	32250	4887	white_day3	white	day3	rep1	2.13023255813953	4	6	white.day3	day3.rep1	4	6	NA	t4	day3	0.00728243059726391	0.999813113686554	white	white.day3
white_day3	21828	4140	white_day3	white	day3	rep1	5.27304379695804	2	3	white.day3	day3.rep1	2	3	NA	t2	day3	1.81875768528949	0.953325896578638	white	white.day3
white_day3	21013	3813	white_day3	white	day3	rep1	2.44134583353162	1	1	white.day3	day3.rep1	1	1	NA	t1	day3	10.485807080958	0.730906624828814	white	white.day3
white_day3	21817	3876	white_day3	white	day3	rep1	1.04505660723289	5	5	white.day3	day3.rep1	5	5	NA	t5	day3	9.59420805932981	0.753787399591966	white	white.day3
white_day3	15498	3660	white_day3	white	day3	rep1	1.09691573106207	1	1	white.day3	day3.rep1	1	1	NA	t1	day3	12.3805604505659	0.682282272367605	white	white.day3
white_day3	81193	6922	white_day3	white	day3	rep1	1.35849149557228	2	3	white.day3	day3.rep1	2	3	NA	t2	day3	4.05957678036681	0.895820587851625	white	white.day3
white_day3	20505	3586	white_day3	white	day3	rep1	2.63838088271153	1	1	white.day3	day3.rep1	1	1	NA	t1	day3	12.962617172279	0.667345166756411	white	white.day3
white_day3	15406	3393	white_day3	white	day3	rep1	0.571206023627158	1	4	white.day3	day3.rep1	1	4	NA	t1	day3	14.8381657604697	0.6192136594726	white	white.day3
white_day3	24100	4319	white_day3	white	day3	rep1	2.74273858921162	2	3	white.day3	day3.rep1	2	3	NA	t2	day3	5.5750094870641	0.856930600772755	white	white.day3
white_day3	19577	3663	white_day3	white	day3	rep1	3.4377075139194	4	3	white.day3	day3.rep1	4	3	NA	t4	day3	1.93121860962086	0.950439853618897	white	white.day3
white_day3	14069	2738	white_day3	white	day3	rep1	1.70587817186723	5	4	white.day3	day3.rep1	5	4	NA	t5	day3	16.8844929465854	0.566699524416995	white	white.day3
white_day3	32835	4933	white_day3	white	day3	rep1	2.57042789706106	5	5	white.day3	day3.rep1	5	5	NA	t5	day3	9.59420993715588	0.753787351402013	white	white.day3
white_day3	20834	3968	white_day3	white	day3	rep1	2.18393011423634	1	4	white.day3	day3.rep1	1	4	NA	t1	day3	15.3804318730888	0.60529768549377	white	white.day3
white_day3	39551	5579	white_day3	white	day3	rep1	2.63710146393264	5	5	white.day3	day3.rep1	5	5	NA	t5	day3	7.74200882743289	0.801319701011638	white	white.day3
white_day3	17359	3539	white_day3	white	day3	rep1	2.58655452503024	2	3	white.day3	day3.rep1	2	3	NA	t2	day3	2.82005045629489	0.927630091839521	white	white.day3
white_day3	18600	3465	white_day3	white	day3	rep1	2.98924731182796	2	1	white.day3	day3.rep1	2	1	NA	t2	day3	11.8078762451833	0.696978854570941	white	white.day3
white_day3	28620	4268	white_day3	white	day3	rep1	0.415793151642208	2	1	white.day3	day3.rep1	2	1	NA	t2	day3	11.8078769963137	0.69697883529496	white	white.day3
white_day3	22905	4001	white_day3	white	day3	rep1	0.873171796550971	2	1	white.day3	day3.rep1	2	1	NA	t2	day3	12.3805630795223	0.68228220490167	white	white.day3
white_day3	9251	2402	white_day3	white	day3	rep1	4.23737974273052	5	5	white.day3	day3.rep1	5	5	NA	t5	day3	9.59421294167758	0.753787274298088	white	white.day3
white_day3	8316	2332	white_day3	white	day3	rep1	0.817700817700818	2	3	white.day3	day3.rep1	2	3	NA	t2	day3	6.78509535893495	0.825876616182477	white	white.day3
white_day3	27286	4527	white_day3	white	day3	rep1	1.1214542256102	2	1	white.day3	day3.rep1	2	1	NA	t2	day3	6.23134838255378	0.840087219306756	white	white.day3
white_day3	24083	3874	white_day3	white	day3	rep1	1.52804883112569	1	0	white.day3	day3.rep1	1	0	NA	t1	day3	22.0448082231611	0.434272268794215	white	white.day3
white_day3	23755	4085	white_day3	white	day3	rep1	1.00610397810987	1	4	white.day3	day3.rep1	1	4	NA	t1	day3	15.5325548829026	0.601393809155407	white	white.day3
white_day3	18869	3711	white_day3	white	day3	rep1	1.00694260427156	5	5	white.day3	day3.rep1	5	5	NA	t5	day3	9.59421481950364	0.753787226108134	white	white.day3
white_day3	19140	4067	white_day3	white	day3	rep1	0.856844305120167	1	1	white.day3	day3.rep1	1	1	NA	t1	day3	12.1001291581227	0.68947887653975	white	white.day3
white_day3	27956	4545	white_day3	white	day3	rep1	2.86521676920876	1	1	white.day3	day3.rep1	1	1	NA	t1	day3	13.2050843379912	0.661122821877668	white	white.day3
white_day3	40727	5899	white_day3	white	day3	rep1	1.76050286051023	2	3	white.day3	day3.rep1	2	3	NA	t2	day3	5.2977596695695	0.864045559934143	white	white.day3
white_day3	32410	4925	white_day3	white	day3	rep1	2.48071582844801	2	1	white.day3	day3.rep1	2	1	NA	t2	day3	8.44917022735296	0.783172080477893	white	white.day3
white_day3	8888	2437	white_day3	white	day3	rep1	4.14041404140414	5	1	white.day3	day3.rep1	5	1	NA	t5	day3	10.2492800381676	0.736976530537773	white	white.day3
white_day3	18540	3579	white_day3	white	day3	rep1	1.0302049622438	1	1	white.day3	day3.rep1	1	1	NA	t1	day3	12.3805675863049	0.682282089245783	white	white.day3
white_day3	12076	2933	white_day3	white	day3	rep1	1.3083802583637	1	4	white.day3	day3.rep1	1	4	NA	t1	day3	13.9901947913201	0.640974823718128	white	white.day3
white_day3	24494	4263	white_day3	white	day3	rep1	2.8374295745897	2	3	white.day3	day3.rep1	2	3	NA	t2	day3	6.78509723676102	0.825876567992524	white	white.day3
white_day3	18401	3617	white_day3	white	day3	rep1	2.58138144666051	2	5	white.day3	day3.rep1	2	5	NA	t2	day3	9.85108714562559	0.747195206944464	white	white.day3
white_day3	23581	4146	white_day3	white	day3	rep1	2.56138416521776	5	5	white.day3	day3.rep1	5	5	NA	t5	day3	9.59421782402534	0.753787149004209	white	white.day3
white_day3	21940	3975	white_day3	white	day3	rep1	2.97174111212397	4	6	white.day3	day3.rep1	4	6	NA	t4	day3	0.398537782974167	0.989772472798158	white	white.day3
white_day3	36469	4844	white_day3	white	day3	rep1	1.81524034111163	5	5	white.day3	day3.rep1	5	5	NA	t5	day3	9.59421819959056	0.753787139366218	white	white.day3
white_day3	26488	6036	white_day3	white	day3	rep1	0.800362428269405	5	5	white.day3	day3.rep1	5	5	NA	t5	day3	9.59421895072098	0.753787120090237	white	white.day3
white_day3	31321	5004	white_day3	white	day3	rep1	1.46547045113502	2	1	white.day3	day3.rep1	2	1	NA	t2	day3	9.13027837598638	0.765693054861907	white	white.day3
white_day3	95395	7827	white_day3	white	day3	rep1	0.33020598563866	2	1	white.day3	day3.rep1	2	1	NA	t2	day3	8.4491713540486	0.783172051563921	white	white.day3
white_day3	20586	3958	white_day3	white	day3	rep1	2.5162731953755	2	3	white.day3	day3.rep1	2	3	NA	t2	day3	5.49966867957332	0.858864043951643	white	white.day3
white_day3	15904	3324	white_day3	white	day3	rep1	2.19441649899396	1	4	white.day3	day3.rep1	1	4	NA	t1	day3	15.380432248654	0.605297675855779	white	white.day3
white_day3	23241	3986	white_day3	white	day3	rep1	0.86054816918377	1	1	white.day3	day3.rep1	1	1	NA	t1	day3	9.76741852088644	0.749342363806416	white	white.day3
white_day3	24519	4032	white_day3	white	day3	rep1	2.1901382601248	1	4	white.day3	day3.rep1	1	4	NA	t1	day3	14.8374433829894	0.619232197577755	white	white.day3
white_day3	15643	3292	white_day3	white	day3	rep1	3.17713993479512	1	4	white.day3	day3.rep1	1	4	NA	t1	day3	23.2448544287401	0.403475928433629	white	white.day3
white_day3	13984	3261	white_day3	white	day3	rep1	3.22511441647597	1	1	white.day3	day3.rep1	1	1	NA	t1	day3	9.76707367651251	0.749351213419591	white	white.day3
white_day3	19399	3712	white_day3	white	day3	rep1	1.35058508170524	1	1	white.day3	day3.rep1	1	1	NA	t1	day3	12.380569464131	0.682282041055829	white	white.day3
white_day3	9487	2502	white_day3	white	day3	rep1	3.65763676610098	5	5	white.day3	day3.rep1	5	5	NA	t5	day3	8.59688093939957	0.779381435299446	white	white.day3
white_day3	19025	3407	white_day3	white	day3	rep1	2.2969776609724	1	1	white.day3	day3.rep1	1	1	NA	t1	day3	10.2461799309186	0.737056087439457	white	white.day3
white_day3	33171	4323	white_day3	white	day3	rep1	1.42594434897953	2	1	white.day3	day3.rep1	2	1	NA	t2	day3	11.8078811275311	0.696978729277062	white	white.day3
white_day3	16776	3287	white_day3	white	day3	rep1	2.60491177873152	1	1	white.day3	day3.rep1	1	1	NA	t1	day3	12.3805705908266	0.682282012141857	white	white.day3
white_day3	13566	2843	white_day3	white	day3	rep1	2.24089635854342	1	1	white.day3	day3.rep1	1	1	NA	t1	day3	12.380571341957	0.682281992865876	white	white.day3
white_day3	10264	2633	white_day3	white	day3	rep1	4.94933749025721	4	3	white.day3	day3.rep1	4	3	NA	t4	day3	0.00729820433622907	0.999812708890945	white	white.day3
white_day3	29531	3914	white_day3	white	day3	rep1	1.23937557143341	2	1	white.day3	day3.rep1	2	1	NA	t2	day3	9.66449577529522	0.751983632025371	white	white.day3
white_day3	9691	2484	white_day3	white	day3	rep1	4.05530904963368	4	6	white.day3	day3.rep1	4	6	NA	t4	day3	0.00729895546665599	0.999812689614964	white	white.day3
white_day3	16834	3652	white_day3	white	day3	rep1	3.6533206605679	1	4	white.day3	day3.rep1	1	4	NA	t1	day3	28.4688493112421	0.2694144867195	white	white.day3
white_day3	21605	4085	white_day3	white	day3	rep1	1.67090951168711	1	4	white.day3	day3.rep1	1	4	NA	t1	day3	18.7263039221587	0.519433812963619	white	white.day3
white_day3	17326	3051	white_day3	white	day3	rep1	0.975412674593097	1	4	white.day3	day3.rep1	1	4	NA	t1	day3	14.8510434732205	0.618883183510011	white	white.day3
white_day3	25230	4269	white_day3	white	day3	rep1	2.86563614744352	4	6	white.day3	day3.rep1	4	6	NA	t4	day3	0.528410876480936	0.986439587803629	white	white.day3
white_day3	20897	3570	white_day3	white	day3	rep1	3.18706034358999	2	3	white.day3	day3.rep1	2	3	NA	t2	day3	6.07256813914157	0.844161937760034	white	white.day3
white_day3	16009	3296	white_day3	white	day3	rep1	2.47985508151665	2	1	white.day3	day3.rep1	2	1	NA	t2	day3	8.44917473413552	0.783171964822005	white	white.day3
white_day3	32442	5381	white_day3	white	day3	rep1	2.76493434436841	1	1	white.day3	day3.rep1	1	1	NA	t1	day3	11.8078815030963	0.696978719639072	white	white.day3
white_day3	22055	3738	white_day3	white	day3	rep1	2.00861482656994	1	2	white.day3	day3.rep1	1	2	NA	t1	day3	30.4151927419739	0.219466197668007	white	white.day3
white_day3	32418	4808	white_day3	white	day3	rep1	4.68875316182368	2	3	white.day3	day3.rep1	2	3	NA	t2	day3	4.05957903375809	0.895820530023681	white	white.day3
white_day3	54385	6221	white_day3	white	day3	rep1	2.69559621219086	4	6	white.day3	day3.rep1	4	6	NA	t4	day3	0.852691805956892	0.978117686671688	white	white.day3
white_day3	9333	2614	white_day3	white	day3	rep1	3.02153648344584	1	4	white.day3	day3.rep1	1	4	NA	t1	day3	14.1399180645584	0.637132530928807	white	white.day3
white_day3	16258	3512	white_day3	white	day3	rep1	2.82937630704884	4	3	white.day3	day3.rep1	4	3	NA	t4	day3	1.93122198970778	0.950439766876982	white	white.day3
white_day3	19918	3821	white_day3	white	day3	rep1	2.13876895270609	1	1	white.day3	day3.rep1	1	1	NA	t1	day3	12.223594710891	0.686310425884949	white	white.day3
white_day3	18591	3794	white_day3	white	day3	rep1	3.45866279382497	4	6	white.day3	day3.rep1	4	6	NA	t4	day3	0.00730233555357709	0.999812602873048	white	white.day3
white_day3	34965	7178	white_day3	white	day3	rep1	1.07822107822108	5	5	white.day3	day3.rep1	5	5	NA	t5	day3	9.59422270637311	0.753787023710331	white	white.day3
white_day3	11833	3303	white_day3	white	day3	rep1	4.24237302459224	2	3	white.day3	day3.rep1	2	3	NA	t2	day3	6.36215426129698	0.836730396590919	white	white.day3
white_day3	34457	4946	white_day3	white	day3	rep1	2.60034245581449	2	3	white.day3	day3.rep1	2	3	NA	t2	day3	5.49765430220755	0.858915738170318	white	white.day3
white_day3	25390	3979	white_day3	white	day3	rep1	1.74478141000394	2	1	white.day3	day3.rep1	2	1	NA	t2	day3	6.15983152058693	0.841922529990972	white	white.day3
white_day3	13200	3140	white_day3	white	day3	rep1	2.31818181818182	1	1	white.day3	day3.rep1	1	1	NA	t1	day3	11.570628892249	0.703067245331768	white	white.day3
white_day3	53769	6707	white_day3	white	day3	rep1	2.20573192731872	1	1	white.day3	day3.rep1	1	1	NA	t1	day3	10.2152503193738	0.737849822580593	white	white.day3
white_day3	14005	3090	white_day3	white	day3	rep1	4.27704391288825	2	1	white.day3	day3.rep1	2	1	NA	t2	day3	5.49765467777277	0.858915728532327	white	white.day3
white_day3	14510	3162	white_day3	white	day3	rep1	3.45968297725706	2	1	white.day3	day3.rep1	2	1	NA	t2	day3	8.44917811422243	0.78317187808009	white	white.day3
white_day3	10233	2832	white_day3	white	day3	rep1	4.63207270595133	1	1	white.day3	day3.rep1	1	1	NA	t1	day3	8.88335132233106	0.772029852189587	white	white.day3
white_day3	21508	4268	white_day3	white	day3	rep1	1.31114004091501	5	5	white.day3	day3.rep1	5	5	NA	t5	day3	9.59422420863396	0.753786985158368	white	white.day3
white_day3	32720	4734	white_day3	white	day3	rep1	1.27444987775061	4	3	white.day3	day3.rep1	4	3	NA	t4	day3	1.93122311640342	0.950439737963009	white	white.day3
white_day3	22832	3822	white_day3	white	day3	rep1	2.36072179397337	1	4	white.day3	day3.rep1	1	4	NA	t1	day3	14.8185421454297	0.619717253021804	white	white.day3
white_day3	28445	4392	white_day3	white	day3	rep1	0.822640182808929	2	3	white.day3	day3.rep1	2	3	NA	t2	day3	8.32453136673045	0.78637064129667	white	white.day3
white_day3	8536	2058	white_day3	white	day3	rep1	4.87347703842549	2	5	white.day3	day3.rep1	2	5	NA	t2	day3	9.67632695770263	0.751680012782551	white	white.day3
white_day3	19160	4234	white_day3	white	day3	rep1	2.25991649269311	4	3	white.day3	day3.rep1	4	3	NA	t4	day3	1.81876031424599	0.953325829112704	white	white.day3
white_day3	26333	4768	white_day3	white	day3	rep1	3.26586412486234	2	3	white.day3	day3.rep1	2	3	NA	t2	day3	4.0595794093233	0.89582052038569	white	white.day3
white_day3	24970	4803	white_day3	white	day3	rep1	0.468562274729676	1	1	white.day3	day3.rep1	1	1	NA	t1	day3	8.91619857701821	0.771186905284248	white	white.day3
white_day3	20164	3816	white_day3	white	day3	rep1	3.4318587581829	4	6	white.day3	day3.rep1	4	6	NA	t4	day3	0.00730646677092511	0.999812496855151	white	white.day3
white_day3	14909	3288	white_day3	white	day3	rep1	0.992688979810852	1	1	white.day3	day3.rep1	1	1	NA	t1	day3	12.3805773510004	0.682281838658025	white	white.day3
white_day3	11278	3246	white_day3	white	day3	rep1	1.80883135307679	5	5	white.day3	day3.rep1	5	5	NA	t5	day3	9.59422721315566	0.753786908054443	white	white.day3
white_day3	24251	4391	white_day3	white	day3	rep1	1.9339408684178	2	1	white.day3	day3.rep1	2	1	NA	t2	day3	8.2384988611947	0.78857846155412	white	white.day3
white_day3	19284	3354	white_day3	white	day3	rep1	1.96017423771002	2	1	white.day3	day3.rep1	2	1	NA	t2	day3	11.8078860098788	0.696978603983184	white	white.day3
white_day3	27408	4549	white_day3	white	day3	rep1	1.37551079976649	2	3	white.day3	day3.rep1	2	3	NA	t2	day3	5.29776079626514	0.864045531020171	white	white.day3
white_day3	20846	3660	white_day3	white	day3	rep1	1.73174709776456	1	1	white.day3	day3.rep1	1	1	NA	t1	day3	12.3805777265656	0.682281829020035	white	white.day3
white_day3	33668	4978	white_day3	white	day3	rep1	2.33159082808602	4	6	white.day3	day3.rep1	4	6	NA	t4	day3	0.237596477155873	0.993902649793857	white	white.day3
white_day3	32932	5428	white_day3	white	day3	rep1	1.15692943034131	5	5	white.day3	day3.rep1	5	5	NA	t5	day3	9.59422796428609	0.753786888778461	white	white.day3
white_day3	33026	5000	white_day3	white	day3	rep1	1.70774541270514	4	6	white.day3	day3.rep1	4	6	NA	t4	day3	0.00730909572741931	0.999812429389216	white	white.day3
white_day3	14734	3630	white_day3	white	day3	rep1	4.59481471426632	1	4	white.day3	day3.rep1	1	4	NA	t1	day3	15.6962942214594	0.597191827284069	white	white.day3
white_day3	19464	3373	white_day3	white	day3	rep1	2.33251130291821	2	3	white.day3	day3.rep1	2	3	NA	t2	day3	4.07998903858864	0.89529675564516	white	white.day3
white_day3	13003	3153	white_day3	white	day3	rep1	2.31485041913405	1	1	white.day3	day3.rep1	1	1	NA	t1	day3	11.7754016437063	0.697812238215262	white	white.day3
white_day3	14433	3091	white_day3	white	day3	rep1	2.2379269729093	5	5	white.day3	day3.rep1	5	5	NA	t5	day3	9.66785236607104	0.751897493082135	white	white.day3
white_day3	28512	4776	white_day3	white	day3	rep1	1.35732323232323	4	6	white.day3	day3.rep1	4	6	NA	t4	day3	0.00730984685784622	0.999812410113234	white	white.day3
white_day3	26844	4541	white_day3	white	day3	rep1	2.72314111160781	2	1	white.day3	day3.rep1	2	1	NA	t2	day3	5.89716367378559	0.848663277450753	white	white.day3
white_day3	12389	3094	white_day3	white	day3	rep1	2.78472838808621	1	1	white.day3	day3.rep1	1	1	NA	t1	day3	12.3805796043917	0.682281780830082	white	white.day3
white_day3	11996	3362	white_day3	white	day3	rep1	2.70090030010003	1	4	white.day3	day3.rep1	1	4	NA	t1	day3	23.244855931001	0.403475889881666	white	white.day3
white_day3	20255	3478	white_day3	white	day3	rep1	2.30560355467786	1	1	white.day3	day3.rep1	1	1	NA	t1	day3	11.8078878877049	0.696978555793231	white	white.day3
white_day3	23001	5340	white_day3	white	day3	rep1	0.539106995348028	5	5	white.day3	day3.rep1	5	5	NA	t5	day3	9.59423059324258	0.753786821312527	white	white.day3
white_day3	32197	4792	white_day3	white	day3	rep1	1.37590458738392	2	1	white.day3	day3.rep1	2	1	NA	t2	day3	8.44918262100498	0.783171762424202	white	white.day3
white_day3	11085	2536	white_day3	white	day3	rep1	3.87911592241768	1	1	white.day3	day3.rep1	1	1	NA	t1	day3	9.12179804951699	0.765910682332504	white	white.day3
white_day3	21775	3846	white_day3	white	day3	rep1	1.70378874856487	5	5	white.day3	day3.rep1	5	5	NA	t5	day3	9.594231344373	0.753786802036545	white	white.day3
white_day3	26281	3960	white_day3	white	day3	rep1	0.62402496099844	1	0	white.day3	day3.rep1	1	0	NA	t1	day3	25.2311767737717	0.352501675343169	white	white.day3
white_day3	14544	3526	white_day3	white	day3	rep1	1.498899889989	1	4	white.day3	day3.rep1	1	4	NA	t1	day3	23.6024120559655	0.394300059758436	white	white.day3
white_day3	22021	4089	white_day3	white	day3	rep1	1.35325371236547	2	3	white.day3	day3.rep1	2	3	NA	t2	day3	4.87439611221082	0.874910181769597	white	white.day3
white_day3	15409	3376	white_day3	white	day3	rep1	2.69972094230644	1	4	white.day3	day3.rep1	1	4	NA	t1	day3	15.3804333753497	0.605297646941807	white	white.day3
white_day3	10481	2759	white_day3	white	day3	rep1	4.26486022326114	2	3	white.day3	day3.rep1	2	3	NA	t2	day3	4.05958091158416	0.895820481833727	white	white.day3
white_day3	8006	2459	white_day3	white	day3	rep1	1.0866849862603	1	3	white.day3	day3.rep1	1	3	NA	t1	day3	7.66836371975441	0.803209628075624	white	white.day3
white_day3	17308	3328	white_day3	white	day3	rep1	2.70972960480703	1	4	white.day3	day3.rep1	1	4	NA	t1	day3	13.3711854963943	0.656860229500235	white	white.day3
white_day3	38321	5125	white_day3	white	day3	rep1	2.43730591581639	4	6	white.day3	day3.rep1	4	6	NA	t4	day3	0.163374609174593	0.995807378043422	white	white.day3
white_day3	29337	4871	white_day3	white	day3	rep1	2.99280771721717	1	2	white.day3	day3.rep1	1	2	NA	t1	day3	10.2492867983414	0.736976357053941	white	white.day3
white_day3	21050	3842	white_day3	white	day3	rep1	2.02375296912114	1	4	white.day3	day3.rep1	1	4	NA	t1	day3	18.6818873250689	0.520573659608919	white	white.day3
white_day3	15626	3497	white_day3	white	day3	rep1	1.27991808524254	2	3	white.day3	day3.rep1	2	3	NA	t2	day3	6.10045354164772	0.843446325025559	white	white.day3
white_day3	24844	4724	white_day3	white	day3	rep1	2.10111093221703	5	5	white.day3	day3.rep1	5	5	NA	t5	day3	9.59423547559034	0.753786696018648	white	white.day3
white_day3	38955	4974	white_day3	white	day3	rep1	1.65318957771788	2	1	white.day3	day3.rep1	2	1	NA	t2	day3	6.03402083830196	0.845151162834135	white	white.day3
white_day3	9349	2780	white_day3	white	day3	rep1	3.87207187934538	5	5	white.day3	day3.rep1	5	5	NA	t5	day3	9.59423660228598	0.753786667104676	white	white.day3
white_day3	19361	3872	white_day3	white	day3	rep1	3.25396415474407	2	3	white.day3	day3.rep1	2	3	NA	t2	day3	4.82962574397577	0.876059107112492	white	white.day3
white_day3	27320	5004	white_day3	white	day3	rep1	2.69033674963397	1	1	white.day3	day3.rep1	1	1	NA	t1	day3	11.9727621656565	0.692747448393451	white	white.day3
white_day3	17625	3229	white_day3	white	day3	rep1	2.10496453900709	5	5	white.day3	day3.rep1	5	5	NA	t5	day3	9.59423772898162	0.753786638190704	white	white.day3
white_day3	20551	3950	white_day3	white	day3	rep1	3.06067831249088	1	1	white.day3	day3.rep1	1	1	NA	t1	day3	11.5536834812254	0.70350210912535	white	white.day3
white_day3	22658	3984	white_day3	white	day3	rep1	1.61973695824874	4	6	white.day3	day3.rep1	4	6	NA	t4	day3	0.00731623146647498	0.999812246267393	white	white.day3
white_day3	20894	4436	white_day3	white	day3	rep1	3.11094093998277	2	3	white.day3	day3.rep1	2	3	NA	t2	day3	8.44918863004839	0.783171608216351	white	white.day3
white_day3	14731	2906	white_day3	white	day3	rep1	2.50492159391759	5	5	white.day3	day3.rep1	5	5	NA	t5	day3	9.59423923124247	0.753786599638742	white	white.day3
white_day3	38855	5392	white_day3	white	day3	rep1	2.80787543430704	2	3	white.day3	day3.rep1	2	3	NA	t2	day3	5.49765880899012	0.858915622514429	white	white.day3
white_day3	26613	4307	white_day3	white	day3	rep1	3.02483748543945	2	3	white.day3	day3.rep1	2	3	NA	t2	day3	1.93122574535991	0.950439670497075	white	white.day3
white_day3	37313	5124	white_day3	white	day3	rep1	1.8170610779085	2	3	white.day3	day3.rep1	2	3	NA	t2	day3	5.84287035494537	0.850056586740459	white	white.day3
white_day3	28392	4815	white_day3	white	day3	rep1	1.38067061143984	5	5	white.day3	day3.rep1	5	5	NA	t5	day3	9.59423998237289	0.75378658036276	white	white.day3
white_day3	9522	2268	white_day3	white	day3	rep1	3.80172232724218	5	5	white.day3	day3.rep1	5	5	NA	t5	day3	9.59424035793811	0.75378657072477	white	white.day3
white_day3	18744	4109	white_day3	white	day3	rep1	1.18971404182672	2	3	white.day3	day3.rep1	2	3	NA	t2	day3	7.44402894395558	0.8089666481621	white	white.day3
white_day3	21081	4565	white_day3	white	day3	rep1	1.58436506807077	5	5	white.day3	day3.rep1	5	5	NA	t5	day3	9.59424073350332	0.753786561086779	white	white.day3
white_day3	16440	3652	white_day3	white	day3	rep1	1.24695863746959	1	1	white.day3	day3.rep1	1	1	NA	t1	day3	10.3756623369823	0.73373322851177	white	white.day3
white_day3	25022	4499	white_day3	white	day3	rep1	1.15498361441931	1	1	white.day3	day3.rep1	1	1	NA	t1	day3	10.2146411923687	0.737865454380838	white	white.day3
white_day3	40116	5252	white_day3	white	day3	rep1	2.54013361252368	2	3	white.day3	day3.rep1	2	3	NA	t2	day3	4.05958316497544	0.895820424005783	white	white.day3
white_day3	21003	4403	white_day3	white	day3	rep1	2.9043469980479	2	1	white.day3	day3.rep1	2	1	NA	t2	day3	11.8078938967483	0.69697840158538	white	white.day3
white_day3	17930	3991	white_day3	white	day3	rep1	2.61572783045176	1	1	white.day3	day3.rep1	1	1	NA	t1	day3	11.8078942723135	0.696978391947389	white	white.day3
white_day3	17066	3807	white_day3	white	day3	rep1	1.79303879057776	1	1	white.day3	day3.rep1	1	1	NA	t1	day3	12.3805897446524	0.682281520604334	white	white.day3
white_day3	15613	3267	white_day3	white	day3	rep1	4.15038749759816	1	1	white.day3	day3.rep1	1	1	NA	t1	day3	12.4853566215739	0.679592927127525	white	white.day3
white_day3	18430	3779	white_day3	white	day3	rep1	1.69289202387412	1	1	white.day3	day3.rep1	1	1	NA	t1	day3	9.49410557628764	0.756356292459903	white	white.day3
white_day3	30072	4926	white_day3	white	day3	rep1	2.92963554136738	2	3	white.day3	day3.rep1	2	3	NA	t2	day3	6.78510700145657	0.825876317404766	white	white.day3
white_day3	35435	5253	white_day3	white	day3	rep1	2.96317200507972	4	6	white.day3	day3.rep1	4	6	NA	t4	day3	0.22640589079632	0.994189829658066	white	white.day3
white_day3	24059	4149	white_day3	white	day3	rep1	1.58776341493828	10	2	white.day3	day3.rep1	10	2	NA	t10	day3	28.5088302430293	0.268388470906504	white	white.day3
white_day3	43582	5777	white_day3	white	day3	rep1	2.27616906062136	1	1	white.day3	day3.rep1	1	1	NA	t1	day3	10.2492913051239	0.736976241398053	white	white.day3
white_day3	23150	4428	white_day3	white	day3	rep1	3.23110151187905	4	6	white.day3	day3.rep1	4	6	NA	t4	day3	0.007320362683823	0.999812140249495	white	white.day3
white_day3	16064	3559	white_day3	white	day3	rep1	4.8804780876494	2	1	white.day3	day3.rep1	2	1	NA	t2	day3	8.44919313683094	0.783171492560463	white	white.day3
white_day3	9641	2477	white_day3	white	day3	rep1	3.5888393320195	1	4	white.day3	day3.rep1	1	4	NA	t1	day3	15.2766631633006	0.607960663377921	white	white.day3
white_day3	27441	4877	white_day3	white	day3	rep1	2.27761378958493	1	1	white.day3	day3.rep1	1	1	NA	t1	day3	10.2492916806892	0.736976231760063	white	white.day3
white_day3	35144	4777	white_day3	white	day3	rep1	2.17675847939904	4	6	white.day3	day3.rep1	4	6	NA	t4	day3	1.93122612092512	0.950439660859084	white	white.day3
white_day3	9920	2609	white_day3	white	day3	rep1	4.29435483870968	1	1	white.day3	day3.rep1	1	1	NA	t1	day3	13.3711877497856	0.656860171672291	white	white.day3
white_day3	15281	3228	white_day3	white	day3	rep1	1.72109155160003	1	1	white.day3	day3.rep1	1	1	NA	t1	day3	10.2492920562544	0.736976222122072	white	white.day3
white_day3	11794	2580	white_day3	white	day3	rep1	2.31473630659657	1	1	white.day3	day3.rep1	1	1	NA	t1	day3	11.80789690127	0.696978324481455	white	white.day3
white_day3	11218	2598	white_day3	white	day3	rep1	1.74719201283651	4	6	white.day3	day3.rep1	4	6	NA	t4	day3	0.00732148937946336	0.999812111335524	white	white.day3
white_day3	8161	2207	white_day3	white	day3	rep1	1.45815463791202	2	3	white.day3	day3.rep1	2	3	NA	t2	day3	6.78510812815222	0.825876288490794	white	white.day3
white_day3	9997	2523	white_day3	white	day3	rep1	1.68050415124537	1	4	white.day3	day3.rep1	1	4	NA	t1	day3	23.6436776734603	0.393241075532954	white	white.day3
white_day3	14198	3219	white_day3	white	day3	rep1	4.47246090998732	4	3	white.day3	day3.rep1	4	3	NA	t4	day3	0.00732224050989028	0.999812092059542	white	white.day3
white_day3	13185	3012	white_day3	white	day3	rep1	2.1160409556314	1	1	white.day3	day3.rep1	1	1	NA	t1	day3	10.2492924318196	0.736976212484081	white	white.day3
white_day3	18471	3698	white_day3	white	day3	rep1	2.40376806886471	2	1	white.day3	day3.rep1	2	1	NA	t2	day3	7.58234186279452	0.805417175062624	white	white.day3
white_day3	23166	4448	white_day3	white	day3	rep1	2.99576966243633	5	6	white.day3	day3.rep1	5	6	NA	t5	day3	2.46183305425576	0.936822892070875	white	white.day3
white_day3	13800	3409	white_day3	white	day3	rep1	2.19565217391304	2	3	white.day3	day3.rep1	2	3	NA	t2	day3	8.05842906643223	0.793199525861798	white	white.day3
white_day3	25795	4476	white_day3	white	day3	rep1	2.63229308005427	5	1	white.day3	day3.rep1	5	1	NA	t5	day3	8.00272047502586	0.794629154766072	white	white.day3
white_day3	22168	3912	white_day3	white	day3	rep1	1.02850956333454	1	1	white.day3	day3.rep1	1	1	NA	t1	day3	12.3805916224785	0.68228147241438	white	white.day3
white_day3	14765	3276	white_day3	white	day3	rep1	2.90551981036234	1	4	white.day3	day3.rep1	1	4	NA	t1	day3	18.4278148505714	0.527093827219554	white	white.day3
white_day3	34073	4832	white_day3	white	day3	rep1	1.08296891967247	4	6	white.day3	day3.rep1	4	6	NA	t4	day3	1.7296359283706	0.955612995147717	white	white.day3
white_day3	31855	4565	white_day3	white	day3	rep1	2.51765813843981	4	6	white.day3	day3.rep1	4	6	NA	t4	day3	0.00732449390117101	0.999812034231598	white	white.day3
white_day3	19231	3953	white_day3	white	day3	rep1	4.53434558785295	4	3	white.day3	day3.rep1	4	3	NA	t4	day3	1.81876444546333	0.953325723094806	white	white.day3
white_day3	27730	4380	white_day3	white	day3	rep1	2.445005409304	4	3	white.day3	day3.rep1	4	3	NA	t4	day3	1.93122762318598	0.950439622307121	white	white.day3
white_day3	26777	4597	white_day3	white	day3	rep1	2.03906337528476	1	1	white.day3	day3.rep1	1	1	NA	t1	day3	12.3805927491741	0.682281443500409	white	white.day3
white_day3	13130	3261	white_day3	white	day3	rep1	2.81797410510282	1	1	white.day3	day3.rep1	1	1	NA	t1	day3	13.3711892520464	0.656860133120328	white	white.day3
white_day3	18649	3511	white_day3	white	day3	rep1	1.96793393747654	2	3	white.day3	day3.rep1	2	3	NA	t2	day3	4.10160585028465	0.894742011429974	white	white.day3
white_day3	47263	6178	white_day3	white	day3	rep1	0.793432494763346	5	5	white.day3	day3.rep1	5	5	NA	t5	day3	23.8586917765106	0.387723248411731	white	white.day3
white_day3	30840	4924	white_day3	white	day3	rep1	0.972762645914397	1	4	white.day3	day3.rep1	1	4	NA	t1	day3	13.1566105240419	0.662366787373346	white	white.day3
white_day3	12980	3053	white_day3	white	day3	rep1	2.3959938366718	1	4	white.day3	day3.rep1	1	4	NA	t1	day3	15.506871487777	0.602052912591781	white	white.day3
white_day3	15753	3450	white_day3	white	day3	rep1	2.59633085761442	1	1	white.day3	day3.rep1	1	1	NA	t1	day3	13.3711900031769	0.656860113844347	white	white.day3
white_day3	17965	3826	white_day3	white	day3	rep1	1.58641803506819	1	1	white.day3	day3.rep1	1	1	NA	t1	day3	13.2191559915765	0.660761706254591	white	white.day3
white_day3	38976	5290	white_day3	white	day3	rep1	1.27001231527094	4	3	white.day3	day3.rep1	4	3	NA	t4	day3	1.58126310555224	0.959420631829148	white	white.day3
white_day3	34911	5419	white_day3	white	day3	rep1	1.27753430150955	1	0	white.day3	day3.rep1	1	0	NA	t1	day3	19.3682868311382	0.502958843851014	white	white.day3
white_day3	13693	2774	white_day3	white	day3	rep1	2.5049295260352	1	4	white.day3	day3.rep1	1	4	NA	t1	day3	14.8230620282042	0.619601260947778	white	white.day3
white_day3	16790	2817	white_day3	white	day3	rep1	0.512209648600357	1	4	white.day3	day3.rep1	1	4	NA	t1	day3	23.865407213093	0.38755091265524	white	white.day3
asc_day0	33416	5329	asc_day0	asc	day0	rep1	1.18206847019392	3	2	asc.day0	day0.rep1	3	2	0	p0	p0	36.1879413870468	0.000926426037952122	beige	p0
asc_day0	48183	7213	asc_day0	asc	day0	rep1	0.960919826494822	8	7	asc.day0	day0.rep1	8	7	5	p5	p5	35.1344458907304	0.0300166257360045	beige	p5
asc_day0	23530	5020	asc_day0	asc	day0	rep1	0.32299192520187	8	7	asc.day0	day0.rep1	8	7	4	p4	p4	34.9597815133142	0.03483963792442	beige	p4
asc_day0	29176	5090	asc_day0	asc	day0	rep1	0.0651220180970661	3	0	asc.day0	day0.rep1	3	0	2	p2	p2	19.7805833742528	0.45398324761763	beige	p2
asc_day0	28929	4542	asc_day0	asc	day0	rep1	0.594559092951709	3	0	asc.day0	day0.rep1	3	0	1	p1	p1	19.7805837271431	0.453983237873263	beige	p1
asc_day0	51858	6495	asc_day0	asc	day0	rep1	0.908249450422307	3	2	asc.day0	day0.rep1	3	2	0	p0	p0	30.471437441603	0.158776404447086	beige	p0
asc_day0	50325	6457	asc_day0	asc	day0	rep1	0.206656731246895	3	2	asc.day0	day0.rep1	3	2	0	p0	p0	34.8364350402831	0.0382456074279158	beige	p0
asc_day0	12129	2564	asc_day0	asc	day0	rep1	2.81144364745651	3	9	asc.day0	day0.rep1	3	9	NA	t3	day0	36.2212492766253	6.69438010847401e-06	beige	day0
asc_day0	26794	4673	asc_day0	asc	day0	rep1	0.283645592296783	3	2	asc.day0	day0.rep1	3	2	0	p0	p0	32.421210790136	0.104937260119383	beige	p0
asc_day0	18614	3912	asc_day0	asc	day0	rep1	1.090576985065	3	4	asc.day0	day0.rep1	3	4	2	p2	p2	21.9120793656401	0.395126191026635	beige	p2
asc_day0	10646	3133	asc_day0	asc	day0	rep1	1.57805748637986	3	2	asc.day0	day0.rep1	3	2	3	p3	p3	23.3749900619319	0.354730798313191	beige	p3
asc_day0	25417	4643	asc_day0	asc	day0	rep1	0.605893693197466	3	0	asc.day0	day0.rep1	3	0	1	p1	p1	21.9120797185303	0.395126181282268	beige	p1
asc_day0	31678	5033	asc_day0	asc	day0	rep1	0.744996527558558	3	2	asc.day0	day0.rep1	3	2	0	p0	p0	32.7853646519021	0.0948818696629143	beige	p0
asc_day0	41592	5609	asc_day0	asc	day0	rep1	0.103385266397384	3	2	asc.day0	day0.rep1	3	2	0	p0	p0	31.3554975176115	0.13436482960307	beige	p0
asc_day0	19172	4151	asc_day0	asc	day0	rep1	0.959732943876486	3	0	asc.day0	day0.rep1	3	0	1	p1	p1	36.2212506881861	6.65540264055409e-06	beige	p1
asc_day0	31668	5234	asc_day0	asc	day0	rep1	0.590501452570418	3	2	asc.day0	day0.rep1	3	2	1	p1	p1	34.836436451844	0.0382455684504479	beige	p1
asc_day0	29939	5444	asc_day0	asc	day0	rep1	0.988676976518922	3	2	asc.day0	day0.rep1	3	2	1	p1	p1	23.9949355944276	0.33761222551884	beige	p1
asc_day0	30524	5701	asc_day0	asc	day0	rep1	0.861617088192897	3	4	asc.day0	day0.rep1	3	4	1	p1	p1	18.0944526753883	0.500542420313186	beige	p1
asc_day0	29700	5040	asc_day0	asc	day0	rep1	0.198653198653199	3	2	asc.day0	day0.rep1	3	2	0	p0	p0	31.3531732101227	0.134429010768767	beige	p0
asc_day0	43879	5925	asc_day0	asc	day0	rep1	0.120786708904032	3	2	asc.day0	day0.rep1	3	2	0	p0	p0	26.8578737613897	0.258557836305683	beige	p0
asc_day0	27628	4765	asc_day0	asc	day0	rep1	0.63703489213841	3	0	asc.day0	day0.rep1	3	0	2	p2	p2	20.3435970616361	0.438436735405681	beige	p2
asc_day0	47256	6278	asc_day0	asc	day0	rep1	0.323768410360589	3	2	asc.day0	day0.rep1	3	2	0	p0	p0	29.6754254382669	0.180756705473585	beige	p0
asc_day0	33575	5364	asc_day0	asc	day0	rep1	0.643335815338794	3	2	asc.day0	day0.rep1	3	2	1	p1	p1	36.2212517468568	6.62616953972517e-06	beige	p1
asc_day0	34357	5503	asc_day0	asc	day0	rep1	1.20208400034927	3	4	asc.day0	day0.rep1	3	4	1	p1	p1	20.0018407390635	0.447873662005245	beige	p1
asc_day0	27092	5506	asc_day0	asc	day0	rep1	0.01476450612727	3	4	asc.day0	day0.rep1	3	4	1	p1	p1	19.020888346499	0.47496072701289	beige	p1
asc_day0	29601	5352	asc_day0	asc	day0	rep1	0.942535725144421	3	2	asc.day0	day0.rep1	3	2	0	p0	p0	29.6726577348885	0.180833130141999	beige	p0
asc_day0	46409	6362	asc_day0	asc	day0	rep1	0.187463638518391	3	2	asc.day0	day0.rep1	3	2	0	p0	p0	30.4487660717145	0.159402429598395	beige	p0
asc_day0	22524	5004	asc_day0	asc	day0	rep1	0.865743207245605	3	2	asc.day0	day0.rep1	3	2	0	p0	p0	35.7971656887131	0.0117169259892291	beige	p0
asc_day0	53301	7032	asc_day0	asc	day0	rep1	0.15384326748091	3	0	asc.day0	day0.rep1	3	0	2	p2	p2	21.5028235488883	0.406426982988753	beige	p2
asc_day0	27117	4922	asc_day0	asc	day0	rep1	0.247077479072169	3	2	asc.day0	day0.rep1	3	2	1	p1	p1	36.2212524526372	6.60668080576521e-06	beige	p1
asc_day0	25610	4671	asc_day0	asc	day0	rep1	1.35103475204998	3	0	asc.day0	day0.rep1	3	0	1	p1	p1	21.5222558709847	0.405890397751931	beige	p1
asc_day0	35073	5741	asc_day0	asc	day0	rep1	0.530322470276281	3	2	asc.day0	day0.rep1	3	2	1	p1	p1	34.8364378634048	0.0382455294729801	beige	p1
asc_day0	30193	5257	asc_day0	asc	day0	rep1	0.851190673334879	3	2	asc.day0	day0.rep1	3	2	0	p0	p0	30.3536498689825	0.162028875882853	beige	p0
asc_day0	16646	3960	asc_day0	asc	day0	rep1	1.19548239817374	3	2	asc.day0	day0.rep1	3	2	3	p3	p3	23.8849930191005	0.340648072831681	beige	p3
asc_day0	20901	4482	asc_day0	asc	day0	rep1	0.244007463757715	3	0	asc.day0	day0.rep1	3	0	1	p1	p1	21.9120811300911	0.395126142304801	beige	p1
asc_day0	27268	5031	asc_day0	asc	day0	rep1	0.440076279888514	3	2	asc.day0	day0.rep1	3	2	0	p0	p0	25.1967989336473	0.304425140552726	beige	p0
asc_day0	29689	4977	asc_day0	asc	day0	rep1	0.643335915658998	3	2	asc.day0	day0.rep1	3	2	0	p0	p0	26.8578741142799	0.258557826561316	beige	p0
asc_day0	22471	4698	asc_day0	asc	day0	rep1	0.102354145342886	3	0	asc.day0	day0.rep1	3	0	1	p1	p1	21.6184182504808	0.403235063360125	beige	p1
asc_day0	29476	4985	asc_day0	asc	day0	rep1	0.729406975166237	3	2	asc.day0	day0.rep1	3	2	0	p0	p0	34.4752460996988	0.0482191274354192	beige	p0
asc_day0	15659	3783	asc_day0	asc	day0	rep1	0.0638610383804841	3	0	asc.day0	day0.rep1	3	0	1	p1	p1	19.7807575223859	0.453978438860511	beige	p1
asc_day0	31207	5529	asc_day0	asc	day0	rep1	0.483865799339892	3	2	asc.day0	day0.rep1	3	2	4	p4	p4	33.1411211857886	0.0850583548488211	beige	p4
asc_day0	15222	3861	asc_day0	asc	day0	rep1	1.2613322822231	3	0	asc.day0	day0.rep1	3	0	1	p1	p1	20.2852604422982	0.440047586056856	beige	p1
asc_day0	56169	6997	asc_day0	asc	day0	rep1	1.02191600348947	3	2	asc.day0	day0.rep1	3	2	1	p1	p1	34.9486298767472	0.0351475683672442	beige	p1
asc_day0	24035	4674	asc_day0	asc	day0	rep1	0.170584564177242	3	2	asc.day0	day0.rep1	3	2	4	p4	p4	33.144119193384	0.0849755707838193	beige	p4
asc_day0	19547	4233	asc_day0	asc	day0	rep1	0.608789072491942	3	2	asc.day0	day0.rep1	3	2	3	p3	p3	24.9820665299407	0.310354552237266	beige	p3
asc_day0	19020	4146	asc_day0	asc	day0	rep1	0.378548895899054	3	2	asc.day0	day0.rep1	3	2	0	p0	p0	34.3974496832756	0.0503673219910258	beige	p0
asc_day0	22694	4325	asc_day0	asc	day0	rep1	1.1280514673482	3	0	asc.day0	day0.rep1	3	0	1	p1	p1	19.8640255994567	0.451679155191115	beige	p1
asc_day0	28466	5123	asc_day0	asc	day0	rep1	0.695566640904939	8	2	asc.day0	day0.rep1	8	2	4	p4	p4	32.165423147814	0.112000331220738	beige	p4
asc_day0	31098	5401	asc_day0	asc	day0	rep1	1.10939610264326	3	2	asc.day0	day0.rep1	3	2	0	p0	p0	31.6998293547259	0.124856785250646	beige	p0
asc_day0	21251	4972	asc_day0	asc	day0	rep1	0.945837842925039	3	4	asc.day0	day0.rep1	3	4	2	p2	p2	20.2852607951884	0.440047576312489	beige	p2
asc_day0	37095	6072	asc_day0	asc	day0	rep1	0.388192478770724	3	2	asc.day0	day0.rep1	3	2	3	p3	p3	24.9820668828309	0.3103545424929	beige	p3
asc_day0	51065	6980	asc_day0	asc	day0	rep1	0.659943209634779	3	2	asc.day0	day0.rep1	3	2	3	p3	p3	33.849434352615	0.0654996841722134	beige	p3
asc_day0	14017	3334	asc_day0	asc	day0	rep1	0.271099379325105	3	0	asc.day0	day0.rep1	3	0	1	p1	p1	21.912082541652	0.395126103327333	beige	p1
asc_day0	47046	6393	asc_day0	asc	day0	rep1	1.25621731921949	3	0	asc.day0	day0.rep1	3	0	2	p2	p2	36.2212566873197	6.48974840211647e-06	beige	p2
asc_day0	27303	4686	asc_day0	asc	day0	rep1	0.92297549719811	3	2	asc.day0	day0.rep1	3	2	0	p0	p0	30.4130926727323	0.160387480131529	beige	p0
asc_day0	18958	4028	asc_day0	asc	day0	rep1	1.06551323979323	3	0	asc.day0	day0.rep1	3	0	1	p1	p1	19.8425653176565	0.452271738534211	beige	p1
asc_day0	69362	7220	asc_day0	asc	day0	rep1	0.472881404803783	3	2	asc.day0	day0.rep1	3	2	0	p0	p0	31.0924186281454	0.141629234109468	beige	p0
asc_day0	30663	5033	asc_day0	asc	day0	rep1	0.427224994292796	3	2	asc.day0	day0.rep1	3	2	0	p0	p0	34.9269701225275	0.0357456597476672	beige	p0
asc_day0	31359	5511	asc_day0	asc	day0	rep1	1.08740712395166	3	2	asc.day0	day0.rep1	3	2	3	p3	p3	28.1396290515308	0.223164692733058	beige	p3
asc_day0	47674	7250	asc_day0	asc	day0	rep1	1.36552418509041	8	7	asc.day0	day0.rep1	8	7	5	p5	p5	34.9638905398624	0.0347261752629553	beige	p5
asc_day0	42587	6001	asc_day0	asc	day0	rep1	0.80541010167422	3	2	asc.day0	day0.rep1	3	2	0	p0	p0	30.433975384033	0.159810845258292	beige	p0
asc_day0	85495	8587	asc_day0	asc	day0	rep1	0.0994210187730277	8	7	asc.day0	day0.rep1	8	7	4	p4	p4	34.9638912456428	0.0347261557742213	beige	p4
asc_day0	38342	5811	asc_day0	asc	day0	rep1	1.2388503468781	3	2	asc.day0	day0.rep1	3	2	0	p0	p0	31.7377457181713	0.123809799678987	beige	p0
asc_day0	41190	5570	asc_day0	asc	day0	rep1	0.298616168973052	3	2	asc.day0	day0.rep1	3	2	0	p0	p0	31.0924193339258	0.141629214620735	beige	p0
asc_day0	17917	4153	asc_day0	asc	day0	rep1	1.01579505497572	3	0	asc.day0	day0.rep1	3	0	1	p1	p1	20.4165424965592	0.436422491133738	beige	p1
asc_day0	22611	4766	asc_day0	asc	day0	rep1	1.53465127592765	3	0	asc.day0	day0.rep1	3	0	1	p1	p1	20.0167008233469	0.447463330095099	beige	p1
asc_day0	31105	5173	asc_day0	asc	day0	rep1	0.295772383861116	3	2	asc.day0	day0.rep1	3	2	2	p2	p2	34.9478015547209	0.0351704408458087	beige	p2
asc_day0	13925	3668	asc_day0	asc	day0	rep1	1.29263913824057	3	0	asc.day0	day0.rep1	3	0	1	p1	p1	21.4784319847319	0.407100507911012	beige	p1
asc_day0	29115	3942	asc_day0	asc	day0	rep1	0	3	2	asc.day0	day0.rep1	3	2	0	p0	p0	31.786383239094	0.122466770495277	beige	p0
asc_day0	32991	5582	asc_day0	asc	day0	rep1	1.02149070958746	3	2	asc.day0	day0.rep1	3	2	1	p1	p1	36.0102476113417	0.00583308908344016	beige	p1
asc_day0	33401	5844	asc_day0	asc	day0	rep1	0.712553516361786	3	2	asc.day0	day0.rep1	3	2	0	p0	p0	36.0220679495622	0.00550669376373003	beige	p0
asc_day0	36105	6143	asc_day0	asc	day0	rep1	1.33222545353829	3	4	asc.day0	day0.rep1	3	4	2	p2	p2	20.0699295895306	0.445993522731539	beige	p2
asc_day0	23189	4700	asc_day0	asc	day0	rep1	0.409677002026823	3	2	asc.day0	day0.rep1	3	2	0	p0	p0	34.9248826788104	0.0358033003876134	beige	p0
asc_day0	35913	5721	asc_day0	asc	day0	rep1	0.428814078467407	3	2	asc.day0	day0.rep1	3	2	3	p3	p3	29.2016242011515	0.193839791877907	beige	p3
asc_day0	20410	4636	asc_day0	asc	day0	rep1	0.587947084762371	3	0	asc.day0	day0.rep1	3	0	1	p1	p1	21.9120839532128	0.395126064349866	beige	p1
asc_day0	35727	5714	asc_day0	asc	day0	rep1	0.570996725165841	3	2	asc.day0	day0.rep1	3	2	1	p1	p1	34.8364403336363	0.0382454612624112	beige	p1
asc_day0	35181	5713	asc_day0	asc	day0	rep1	0.588385776413405	3	2	asc.day0	day0.rep1	3	2	0	p0	p0	35.0139379719868	0.0333442141630135	beige	p0
asc_day0	20043	4217	asc_day0	asc	day0	rep1	0.593723494486853	3	0	asc.day0	day0.rep1	3	0	2	p2	p2	21.5817143161106	0.404248570094863	beige	p2
asc_day0	17185	4254	asc_day0	asc	day0	rep1	0.803025894675589	3	0	asc.day0	day0.rep1	3	0	2	p2	p2	19.9391284369782	0.449605338502738	beige	p2
asc_day0	17228	4188	asc_day0	asc	day0	rep1	0.417924309263989	3	4	asc.day0	day0.rep1	3	4	1	p1	p1	18.9011958485648	0.478265799202985	beige	p1
asc_day0	34149	5445	asc_day0	asc	day0	rep1	0.568098626606928	3	2	asc.day0	day0.rep1	3	2	1	p1	p1	34.5877786070746	0.0451117642587077	beige	p1
asc_day0	44437	5994	asc_day0	asc	day0	rep1	1.0239215068524	3	0	asc.day0	day0.rep1	3	0	1	p1	p1	21.478433749183	0.407100459189177	beige	p1
asc_day0	37810	5222	asc_day0	asc	day0	rep1	0.346469188045491	3	2	asc.day0	day0.rep1	3	2	0	p0	p0	32.5481905807842	0.101430963718032	beige	p0
asc_day0	8339	2414	asc_day0	asc	day0	rep1	1.5109725386737	3	0	asc.day0	day0.rep1	3	0	1	p1	p1	21.9634279360991	0.393708301558589	beige	p1
asc_day0	40778	5814	asc_day0	asc	day0	rep1	0.085830594928638	3	2	asc.day0	day0.rep1	3	2	0	p0	p0	31.6998304133965	0.124856756017545	beige	p0
asc_day0	46394	6096	asc_day0	asc	day0	rep1	0.413846618097168	3	2	asc.day0	day0.rep1	3	2	0	p0	p0	32.680060502946	0.0977896359826348	beige	p0
asc_day0	37662	6265	asc_day0	asc	day0	rep1	0.775317295948171	3	0	asc.day0	day0.rep1	3	0	1	p1	p1	21.9120860705541	0.395126005883665	beige	p1
asc_day0	26712	4937	asc_day0	asc	day0	rep1	1.07067984426475	3	2	asc.day0	day0.rep1	3	2	0	p0	p0	23.8987529367884	0.340268119851559	beige	p0
asc_day0	44377	6200	asc_day0	asc	day0	rep1	0.243369312932375	3	2	asc.day0	day0.rep1	3	2	0	p0	p0	34.8881712064254	0.0368170152697597	beige	p0
asc_day0	31667	5131	asc_day0	asc	day0	rep1	0.419995578993905	3	2	asc.day0	day0.rep1	3	2	0	p0	p0	30.3536509276532	0.162028846649753	beige	p0
asc_day0	27388	5169	asc_day0	asc	day0	rep1	1.25602453629327	3	4	asc.day0	day0.rep1	3	4	1	p1	p1	19.9605023252763	0.449015140745758	beige	p1
asc_day0	35064	5634	asc_day0	asc	day0	rep1	0.866986082591832	3	2	asc.day0	day0.rep1	3	2	0	p0	p0	28.9697446483962	0.200242688253953	beige	p0
asc_day0	66762	7318	asc_day0	asc	day0	rep1	0.683023276714299	3	2	asc.day0	day0.rep1	3	2	0	p0	p0	27.6351212475873	0.237095680399603	beige	p0
asc_day0	40782	5796	asc_day0	asc	day0	rep1	0.674317100681673	3	2	asc.day0	day0.rep1	3	2	0	p0	p0	31.8299562143266	0.121263588748998	beige	p0
asc_day0	51673	6373	asc_day0	asc	day0	rep1	0.385114082789852	3	2	asc.day0	day0.rep1	3	2	0	p0	p0	27.5657234284906	0.239011964259563	beige	p0
asc_day0	30521	5260	asc_day0	asc	day0	rep1	0.0884636807444055	3	2	asc.day0	day0.rep1	3	2	1	p1	p1	36.2212669211358	6.20716175991909e-06	beige	p1
asc_day0	63812	7122	asc_day0	asc	day0	rep1	0.687958377734595	3	2	asc.day0	day0.rep1	3	2	0	p0	p0	30.3536519863238	0.162028817416652	beige	p0
asc_day0	21058	4390	asc_day0	asc	day0	rep1	0.484376483996581	3	0	asc.day0	day0.rep1	3	0	1	p1	p1	21.9821557547337	0.393191169794954	beige	p1
asc_day0	46976	6185	asc_day0	asc	day0	rep1	0.104308583106267	3	2	asc.day0	day0.rep1	3	2	1	p1	p1	34.8364424509775	0.0382454027962095	beige	p1
asc_day0	32050	5343	asc_day0	asc	day0	rep1	1.05148205928237	3	2	asc.day0	day0.rep1	3	2	0	p0	p0	31.8088951630955	0.121845148127568	beige	p0
asc_day0	34532	5261	asc_day0	asc	day0	rep1	1.12359550561798	3	2	asc.day0	day0.rep1	3	2	0	p0	p0	24.5017273476841	0.323618171098003	beige	p0
asc_day0	47581	6462	asc_day0	asc	day0	rep1	0.691452470523949	3	2	asc.day0	day0.rep1	3	2	0	p0	p0	36.0116105290154	0.00579545480076982	beige	p0
asc_day0	50659	6716	asc_day0	asc	day0	rep1	0.797489093744448	3	2	asc.day0	day0.rep1	3	2	0	p0	p0	31.9906768485215	0.116825605520145	beige	p0
asc_day0	34058	5503	asc_day0	asc	day0	rep1	0.933701333020142	3	2	asc.day0	day0.rep1	3	2	1	p1	p1	36.2212676269163	6.18767302607015e-06	beige	p1
asc_day0	38491	5917	asc_day0	asc	day0	rep1	0.91969551323686	3	2	asc.day0	day0.rep1	3	2	0	p0	p0	25.9355254490172	0.284026665258341	beige	p0
asc_day0	26946	5275	asc_day0	asc	day0	rep1	1.73309582127217	11	8	asc.day0	day0.rep1	11	8	6	p6	p6	33.8494371757367	0.0654996062172777	beige	p6
asc_day0	15744	4184	asc_day0	asc	day0	rep1	1.37830284552846	3	0	asc.day0	day0.rep1	3	0	1	p1	p1	19.9828220594201	0.4483988253218	beige	p1
asc_day0	23037	4932	asc_day0	asc	day0	rep1	2.2702608846638	3	4	asc.day0	day0.rep1	3	4	2	p2	p2	23.3498109460115	0.355426069923659	beige	p2
asc_day0	54601	7350	asc_day0	asc	day0	rep1	1.27653339682423	3	2	asc.day0	day0.rep1	3	2	4	p4	p4	34.3195306127071	0.0525189033988723	beige	p4
asc_day0	51499	6766	asc_day0	asc	day0	rep1	1.3864346880522	3	2	asc.day0	day0.rep1	3	2	2	p2	p2	32.1173374788015	0.113328122102691	beige	p2
asc_day0	31604	5600	asc_day0	asc	day0	rep1	0.585368940640425	3	2	asc.day0	day0.rep1	3	2	3	p3	p3	24.5017277005743	0.323618161353636	beige	p3
asc_day0	49265	6427	asc_day0	asc	day0	rep1	0.249670151222978	3	0	asc.day0	day0.rep1	3	0	2	p2	p2	36.2212690384771	6.14869555815023e-06	beige	p2
asc_day0	26710	5121	asc_day0	asc	day0	rep1	0.419318607263197	3	2	asc.day0	day0.rep1	3	2	3	p3	p3	23.8995553731268	0.340245962155196	beige	p3
asc_day0	31722	5251	asc_day0	asc	day0	rep1	0.573734316877877	3	2	asc.day0	day0.rep1	3	2	0	p0	p0	33.7395691163969	0.068533395918142	beige	p0
asc_day0	33525	6167	asc_day0	asc	day0	rep1	1.37509321401939	8	7	asc.day0	day0.rep1	8	7	4	p4	p4	35.1089713314042	0.0307200554332453	beige	p4
asc_day0	45132	5826	asc_day0	asc	day0	rep1	0.589382256492068	3	2	asc.day0	day0.rep1	3	2	1	p1	p1	36.2212697442575	6.12920682419027e-06	beige	p1
asc_day0	19194	4444	asc_day0	asc	day0	rep1	1.05762217359592	3	2	asc.day0	day0.rep1	3	2	1	p1	p1	24.0937208463813	0.334884465678762	beige	p1
asc_day0	57472	6767	asc_day0	asc	day0	rep1	0.382795100222717	3	2	asc.day0	day0.rep1	3	2	0	p0	p0	35.9156613058044	0.00844490330229675	beige	p0
asc_day0	44516	6214	asc_day0	asc	day0	rep1	0.458262197861443	3	2	asc.day0	day0.rep1	3	2	1	p1	p1	36.2212708029282	6.09997372325033e-06	beige	p1
asc_day0	49155	6407	asc_day0	asc	day0	rep1	0.238022581629539	3	2	asc.day0	day0.rep1	3	2	0	p0	p0	32.9805698706485	0.0894916626660265	beige	p0
asc_day0	37767	5677	asc_day0	asc	day0	rep1	1.24712050202558	3	2	asc.day0	day0.rep1	3	2	0	p0	p0	33.164475178306	0.0844134804203552	beige	p0
asc_day0	40695	6128	asc_day0	asc	day0	rep1	0.0368595650571323	3	2	asc.day0	day0.rep1	3	2	4	p4	p4	32.5739917394594	0.100718515624114	beige	p4
asc_day0	47609	6524	asc_day0	asc	day0	rep1	0.661639605956857	3	2	asc.day0	day0.rep1	3	2	0	p0	p0	31.7048679050794	0.124717655623149	beige	p0
asc_day0	38045	5708	asc_day0	asc	day0	rep1	0.772769089236431	3	2	asc.day0	day0.rep1	3	2	0	p0	p0	32.7976199219824	0.0945434645579706	beige	p0
asc_day0	22518	4662	asc_day0	asc	day0	rep1	0.195399236166622	3	0	asc.day0	day0.rep1	3	0	1	p1	p1	21.8063426772407	0.39804590106973	beige	p1
asc_day0	47848	6357	asc_day0	asc	day0	rep1	0.257064036114362	3	2	asc.day0	day0.rep1	3	2	0	p0	p0	30.4527348220308	0.159292840388326	beige	p0
asc_day0	51673	6906	asc_day0	asc	day0	rep1	0.752810945755036	3	2	asc.day0	day0.rep1	3	2	0	p0	p0	30.4458471966678	0.159483028574187	beige	p0
asc_day0	7502	2460	asc_day0	asc	day0	rep1	2.8792322047454	3	2	asc.day0	day0.rep1	3	2	NA	t3	day0	32.9805702235387	0.0894916529216595	beige	day0
asc_day0	47020	6426	asc_day0	asc	day0	rep1	0.435984687367078	3	2	asc.day0	day0.rep1	3	2	4	p4	p4	27.0979235093895	0.251929336106871	beige	p4
asc_day0	49902	6992	asc_day0	asc	day0	rep1	0.72542182678049	8	7	asc.day0	day0.rep1	8	7	5	p5	p5	34.9097843164275	0.036220211877381	beige	p5
asc_day0	16765	3734	asc_day0	asc	day0	rep1	1.49120190873844	3	2	asc.day0	day0.rep1	3	2	1	p1	p1	23.3808019756921	0.354570313780981	beige	p1
asc_day0	32993	5528	asc_day0	asc	day0	rep1	0.121237838329343	3	2	asc.day0	day0.rep1	3	2	3	p3	p3	28.1396297573113	0.223164673244324	beige	p3
asc_day0	11488	3279	asc_day0	asc	day0	rep1	1.93245125348189	3	0	asc.day0	day0.rep1	3	0	1	p1	p1	19.8827541559132	0.451162003053986	beige	p1
asc_day0	31615	5506	asc_day0	asc	day0	rep1	0.208761663767199	3	0	asc.day0	day0.rep1	3	0	1	p1	p1	21.8614705294608	0.396523654191963	beige	p1
asc_day0	39833	5393	asc_day0	asc	day0	rep1	0.391635076444154	3	2	asc.day0	day0.rep1	3	2	0	p0	p0	32.7976202748726	0.0945434548136036	beige	p0
asc_day0	30352	4930	asc_day0	asc	day0	rep1	0.247100685292567	3	2	asc.day0	day0.rep1	3	2	0	p0	p0	33.070429147709	0.0870103760126403	beige	p0
asc_day0	38553	5693	asc_day0	asc	day0	rep1	0.440951417529116	3	0	asc.day0	day0.rep1	3	0	2	p2	p2	21.6511210296593	0.40233204063216	beige	p2
asc_day0	20681	4382	asc_day0	asc	day0	rep1	0.469029544025918	3	2	asc.day0	day0.rep1	3	2	1	p1	p1	23.8685894217819	0.341101025809111	beige	p1
asc_day0	40152	5785	asc_day0	asc	day0	rep1	0.734708109185097	3	0	asc.day0	day0.rep1	3	0	1	p1	p1	36.2212750376107	5.98304131960159e-06	beige	p1
asc_day0	33082	5479	asc_day0	asc	day0	rep1	1.30584607943897	11	8	asc.day0	day0.rep1	11	8	6	p6	p6	32.1844490114346	0.111474969532827	beige	p6
asc_day0	37782	5546	asc_day0	asc	day0	rep1	0.312318035043142	3	2	asc.day0	day0.rep1	3	2	0	p0	p0	32.6374363628883	0.0989666175175079	beige	p0
asc_day0	22243	4557	asc_day0	asc	day0	rep1	0.17084026435283	3	2	asc.day0	day0.rep1	3	2	1	p1	p1	21.7651873060274	0.399182325450687	beige	p1
asc_day0	30200	5927	asc_day0	asc	day0	rep1	1.51324503311258	8	7	asc.day0	day0.rep1	8	7	4	p4	p4	35.1089727429651	0.0307200164557774	beige	p4
asc_day0	35773	6078	asc_day0	asc	day0	rep1	0.928074245939675	3	2	asc.day0	day0.rep1	3	2	1	p1	p1	21.9455282438242	0.394202566246603	beige	p1
asc_day0	23715	4904	asc_day0	asc	day0	rep1	0.387940122285473	3	0	asc.day0	day0.rep1	3	0	1	p1	p1	21.4784379838655	0.407100342256775	beige	p1
asc_day0	20131	4546	asc_day0	asc	day0	rep1	1.47036908250956	3	0	asc.day0	day0.rep1	3	0	1	p1	p1	21.9120913639072	0.395125859718161	beige	p1
asc_day0	32559	5250	asc_day0	asc	day0	rep1	0.635768911821616	3	2	asc.day0	day0.rep1	3	2	0	p0	p0	31.7597710145666	0.12320161457256	beige	p0
asc_day0	39240	5468	asc_day0	asc	day0	rep1	0.155453618756371	3	2	asc.day0	day0.rep1	3	2	0	p0	p0	35.0139386777672	0.0333441946742795	beige	p0
asc_day0	23396	4833	asc_day0	asc	day0	rep1	1.03863908360403	3	2	asc.day0	day0.rep1	3	2	3	p3	p3	25.1239586163382	0.306436482209146	beige	p3
asc_day0	31172	4990	asc_day0	asc	day0	rep1	0.628769408443475	3	2	asc.day0	day0.rep1	3	2	0	p0	p0	34.3981532641826	0.0503478939923672	beige	p0
asc_day0	46454	6809	asc_day0	asc	day0	rep1	0.734059499720153	3	2	asc.day0	day0.rep1	3	2	0	p0	p0	30.3536530449944	0.162028788183552	beige	p0
asc_day0	38445	5642	asc_day0	asc	day0	rep1	0.663285212641436	3	2	asc.day0	day0.rep1	3	2	0	p0	p0	30.3938913143066	0.160917687762252	beige	p0
asc_day0	20526	4466	asc_day0	asc	day0	rep1	0.652830556367534	3	0	asc.day0	day0.rep1	3	0	1	p1	p1	20.2852625596394	0.440047527590655	beige	p1
asc_day0	31604	5302	asc_day0	asc	day0	rep1	0.610682192127579	3	0	asc.day0	day0.rep1	3	0	1	p1	p1	21.4784386896459	0.407100322768041	beige	p1
asc_day0	19769	4288	asc_day0	asc	day0	rep1	1.15837928069199	3	2	asc.day0	day0.rep1	3	2	1	p1	p1	25.9154011413933	0.284582358310291	beige	p1
asc_day0	17835	4080	asc_day0	asc	day0	rep1	0.16260162601626	3	2	asc.day0	day0.rep1	3	2	3	p3	p3	25.0980360181975	0.307152283614318	beige	p3
asc_day0	8751	2725	asc_day0	asc	day0	rep1	0.52565421094732	3	0	asc.day0	day0.rep1	3	0	1	p1	p1	21.4784390425361	0.407100313023674	beige	p1
asc_day0	24710	5085	asc_day0	asc	day0	rep1	0.785107244030757	3	0	asc.day0	day0.rep1	3	0	1	p1	p1	22.7670204823974	0.371518678793782	beige	p1
asc_day0	55489	7372	asc_day0	asc	day0	rep1	1.18582061309449	8	7	asc.day0	day0.rep1	8	7	5	p5	p5	34.9638947745449	0.0347260583305516	beige	p5
asc_day0	27244	4941	asc_day0	asc	day0	rep1	0.403758625752459	3	0	asc.day0	day0.rep1	3	0	1	p1	p1	21.6470350961276	0.402444865625533	beige	p1
asc_day0	42158	5645	asc_day0	asc	day0	rep1	0.713980739124247	3	2	asc.day0	day0.rep1	3	2	0	p0	p0	31.092419686816	0.141629204876368	beige	p0
asc_day0	36366	5493	asc_day0	asc	day0	rep1	0.745201561898477	3	2	asc.day0	day0.rep1	3	2	0	p0	p0	27.6288407055567	0.237269105176947	beige	p0
asc_day0	63589	7330	asc_day0	asc	day0	rep1	0.3900045605372	3	2	asc.day0	day0.rep1	3	2	2	p2	p2	25.960218908047	0.283344804104759	beige	p2
asc_day0	13062	3925	asc_day0	asc	day0	rep1	2.98576022048691	8	2	asc.day0	day0.rep1	8	2	NA	t8	day0	34.9638951274352	0.0347260485861847	beige	day0
asc_day0	50387	6399	asc_day0	asc	day0	rep1	0.259987695238851	3	2	asc.day0	day0.rep1	3	2	0	p0	p0	31.7353421641169	0.123876169082246	beige	p0
asc_day0	18294	4045	asc_day0	asc	day0	rep1	0.0218650923800153	3	2	asc.day0	day0.rep1	3	2	0	p0	p0	24.1066022478147	0.33452877119179	beige	p0
asc_day0	19797	4525	asc_day0	asc	day0	rep1	0.41925544274385	3	0	asc.day0	day0.rep1	3	0	1	p1	p1	19.8637441621488	0.451686926527127	beige	p1
asc_day0	36678	5517	asc_day0	asc	day0	rep1	0.747041823436392	3	2	asc.day0	day0.rep1	3	2	0	p0	p0	30.3536544565552	0.162028749206084	beige	p0
asc_day0	30249	5544	asc_day0	asc	day0	rep1	0.604978676981057	3	2	asc.day0	day0.rep1	3	2	3	p3	p3	24.9820700588428	0.310354454793598	beige	p3
asc_day0	26289	5071	asc_day0	asc	day0	rep1	0.186389744760166	3	2	asc.day0	day0.rep1	3	2	1	p1	p1	36.2212799780737	5.84662018210391e-06	beige	p1
asc_day0	70671	7565	asc_day0	asc	day0	rep1	0.0863154617877206	3	2	asc.day0	day0.rep1	3	2	0	p0	p0	27.6126486335581	0.237716217299979	beige	p0
asc_day0	24560	5541	asc_day0	asc	day0	rep1	1.62459283387622	3	2	asc.day0	day0.rep1	3	2	1	p1	p1	25.9873916688365	0.282594481924476	beige	p1
asc_day0	41563	6048	asc_day0	asc	day0	rep1	0.659240189591704	3	2	asc.day0	day0.rep1	3	2	0	p0	p0	32.4946417556449	0.10290960887821	beige	p0
asc_day0	28788	5189	asc_day0	asc	day0	rep1	1.03862720578019	3	2	asc.day0	day0.rep1	3	2	2	p2	p2	25.1634800334782	0.305345176246307	beige	p2
asc_day0	79304	7765	asc_day0	asc	day0	rep1	0.00504388177141128	3	2	asc.day0	day0.rep1	3	2	1	p1	p1	34.8364477443307	0.0382452566307049	beige	p1
asc_day0	35708	5588	asc_day0	asc	day0	rep1	0.509689705388148	3	2	asc.day0	day0.rep1	3	2	0	p0	p0	31.9050751122998	0.119189328582934	beige	p0
asc_day0	26305	4811	asc_day0	asc	day0	rep1	1.06063486029272	3	2	asc.day0	day0.rep1	3	2	1	p1	p1	36.2212810367443	5.81738708116397e-06	beige	p1
asc_day0	32643	5337	asc_day0	asc	day0	rep1	0.796495420151334	3	2	asc.day0	day0.rep1	3	2	0	p0	p0	22.8087246882372	0.370367099427404	beige	p0
asc_day0	16661	4595	asc_day0	asc	day0	rep1	1.72858771982474	8	2	asc.day0	day0.rep1	8	2	5	p5	p5	34.8291839097321	0.0384458330923861	beige	p5
asc_day0	29614	4979	asc_day0	asc	day0	rep1	0.256635375160397	3	2	asc.day0	day0.rep1	3	2	0	p0	p0	29.0294305462016	0.198594579939881	beige	p0
asc_day0	40568	5763	asc_day0	asc	day0	rep1	0.00739499112601065	3	2	asc.day0	day0.rep1	3	2	0	p0	p0	28.8280655032696	0.204154878328989	beige	p0
asc_day0	20548	4355	asc_day0	asc	day0	rep1	1.0365972357407	3	2	asc.day0	day0.rep1	3	2	0	p0	p0	24.0605288533789	0.335800997081308	beige	p0
asc_day0	34574	5639	asc_day0	asc	day0	rep1	0.598715797998496	3	2	asc.day0	day0.rep1	3	2	0	p0	p0	30.5339356013497	0.157050641067795	beige	p0
asc_day0	22168	4298	asc_day0	asc	day0	rep1	0.329303500541321	3	2	asc.day0	day0.rep1	3	2	0	p0	p0	30.7973842142015	0.149776027379524	beige	p0
asc_day0	21671	4613	asc_day0	asc	day0	rep1	0.669096949840801	3	4	asc.day0	day0.rep1	3	4	1	p1	p1	21.4926897971474	0.40670680655028	beige	p1
asc_day0	35284	5506	asc_day0	asc	day0	rep1	0.83890715338397	3	2	asc.day0	day0.rep1	3	2	0	p0	p0	29.7364133715993	0.179072644017208	beige	p0
asc_day0	23725	4945	asc_day0	asc	day0	rep1	1.11275026343519	3	4	asc.day0	day0.rep1	3	4	2	p2	p2	18.449344806584	0.490742774274026	beige	p2
asc_day0	45141	6020	asc_day0	asc	day0	rep1	0.717751046720276	3	2	asc.day0	day0.rep1	3	2	0	p0	p0	31.8389424612004	0.121015451270472	beige	p0
asc_day0	18510	4079	asc_day0	asc	day0	rep1	1.48568341437061	3	2	asc.day0	day0.rep1	3	2	2	p2	p2	25.1021623039889	0.307038344372903	beige	p2
asc_day0	19182	4286	asc_day0	asc	day0	rep1	0.312793243665937	3	2	asc.day0	day0.rep1	3	2	1	p1	p1	36.2212835069758	5.74917651241513e-06	beige	p1
asc_day0	30837	5520	asc_day0	asc	day0	rep1	0.324285760612252	3	2	asc.day0	day0.rep1	3	2	1	p1	p1	36.2212845656464	5.71994341147519e-06	beige	p1
asc_day0	29858	5246	asc_day0	asc	day0	rep1	1.43010248509612	3	2	asc.day0	day0.rep1	3	2	4	p4	p4	33.1940474124583	0.0835969015170608	beige	p4
asc_day0	33409	5760	asc_day0	asc	day0	rep1	0.987757789817115	3	2	asc.day0	day0.rep1	3	2	3	p3	p3	28.9550752898183	0.200647753650024	beige	p3
asc_day0	41894	6382	asc_day0	asc	day0	rep1	1.09084833150332	8	7	asc.day0	day0.rep1	8	7	4	p4	p4	34.9638958332156	0.0347260290974507	beige	p4
asc_day0	30078	4898	asc_day0	asc	day0	rep1	0.701509408870271	3	2	asc.day0	day0.rep1	3	2	1	p1	p1	34.8364488030013	0.0382452273976039	beige	p1
asc_day0	39606	5538	asc_day0	asc	day0	rep1	0.209564207443317	3	2	asc.day0	day0.rep1	3	2	0	p0	p0	31.6998350009692	0.124856629340776	beige	p0
asc_day0	32562	5799	asc_day0	asc	day0	rep1	1.22535470794177	3	2	asc.day0	day0.rep1	3	2	1	p1	p1	24.0937229637225	0.33488440721256	beige	p1
asc_day0	31808	5566	asc_day0	asc	day0	rep1	0.179200201207243	3	2	asc.day0	day0.rep1	3	2	2	p2	p2	23.9304700909797	0.339392313213083	beige	p2
asc_day0	23651	4505	asc_day0	asc	day0	rep1	1.13314447592068	3	4	asc.day0	day0.rep1	3	4	2	p2	p2	19.1924036013161	0.470224671632174	beige	p2
asc_day0	36412	5415	asc_day0	asc	day0	rep1	0.205976051851038	3	2	asc.day0	day0.rep1	3	2	0	p0	p0	32.797622745104	0.0945433866030349	beige	p0
asc_day0	29594	5512	asc_day0	asc	day0	rep1	1.08467932689059	8	2	asc.day0	day0.rep1	8	2	5	p5	p5	33.8494417633095	0.0654994795405071	beige	p5
asc_day0	21091	4645	asc_day0	asc	day0	rep1	0.184912996064672	3	4	asc.day0	day0.rep1	3	4	1	p1	p1	19.7805851387039	0.453983198895796	beige	p1
asc_day0	19370	4334	asc_day0	asc	day0	rep1	1.38358286009293	3	0	asc.day0	day0.rep1	3	0	2	p2	p2	19.7805854915941	0.453983189151429	beige	p2
asc_day0	31651	5338	asc_day0	asc	day0	rep1	1.56393162933241	3	2	asc.day0	day0.rep1	3	2	0	p0	p0	24.5017329939274	0.323618015188133	beige	p0
asc_day0	27393	5012	asc_day0	asc	day0	rep1	0.339502792684262	3	4	asc.day0	day0.rep1	3	4	1	p1	p1	21.5845188694948	0.404171127886239	beige	p1
asc_day0	38371	5673	asc_day0	asc	day0	rep1	0.320554585494253	3	2	asc.day0	day0.rep1	3	2	3	p3	p3	24.5017333468176	0.323618005443766	beige	p3
asc_day0	23473	4865	asc_day0	asc	day0	rep1	0.545307374430196	3	2	asc.day0	day0.rep1	3	2	1	p1	p1	24.0068502068486	0.337283227003076	beige	p1
asc_day0	56739	7240	asc_day0	asc	day0	rep1	0.84421650011456	3	2	asc.day0	day0.rep1	3	2	2	p2	p2	26.4967070840998	0.268530741556233	beige	p2
asc_day0	40316	5683	asc_day0	asc	day0	rep1	0.761484274233555	3	2	asc.day0	day0.rep1	3	2	1	p1	p1	36.2212880945485	5.62249974178641e-06	beige	p1
asc_day0	37498	5973	asc_day0	asc	day0	rep1	0.248013227372127	3	2	asc.day0	day0.rep1	3	2	0	p0	p0	32.7278035723055	0.0964713053141857	beige	p0
asc_day0	40885	5995	asc_day0	asc	day0	rep1	0.572337042925278	3	2	asc.day0	day0.rep1	3	2	0	p0	p0	32.7976238037747	0.0945433573699339	beige	p0
asc_day0	38966	6149	asc_day0	asc	day0	rep1	1.67068726582149	3	2	asc.day0	day0.rep1	3	2	0	p0	p0	26.9529140813345	0.255933485374684	beige	p0
asc_day0	82050	7903	asc_day0	asc	day0	rep1	0.0536258379037172	3	2	asc.day0	day0.rep1	3	2	0	p0	p0	34.8364509203426	0.0382451689314022	beige	p0
asc_day0	30052	5394	asc_day0	asc	day0	rep1	0.306136030879808	3	2	asc.day0	day0.rep1	3	2	0	p0	p0	30.3536558681161	0.162028710228617	beige	p0
asc_day0	48332	6142	asc_day0	asc	day0	rep1	0.0351733840933543	3	2	asc.day0	day0.rep1	3	2	1	p1	p1	36.2212902118898	5.56403353990653e-06	beige	p1
asc_day0	22223	4496	asc_day0	asc	day0	rep1	0.805471808486703	3	2	asc.day0	day0.rep1	3	2	0	p0	p0	33.333178382946	0.079755074257407	beige	p0
asc_day0	10429	3299	asc_day0	asc	day0	rep1	0.671205292933167	3	2	asc.day0	day0.rep1	3	2	1	p1	p1	23.4912621729408	0.351520173359986	beige	p1
asc_day0	40078	6247	asc_day0	asc	day0	rep1	1.0055391985628	3	2	asc.day0	day0.rep1	3	2	0	p0	p0	31.4405082505359	0.132017425930349	beige	p0
asc_day0	28186	5154	asc_day0	asc	day0	rep1	0.606684169445824	3	2	asc.day0	day0.rep1	3	2	3	p3	p3	24.9820711175134	0.310354425560497	beige	p3
asc_day0	18987	4321	asc_day0	asc	day0	rep1	0.874282403749934	3	0	asc.day0	day0.rep1	3	0	1	p1	p1	21.9504445351724	0.394066812560332	beige	p1
asc_day0	28776	5225	asc_day0	asc	day0	rep1	0.257158743397276	3	2	asc.day0	day0.rep1	3	2	0	p0	p0	30.5856383061194	0.155622972879427	beige	p0
asc_day0	46942	6317	asc_day0	asc	day0	rep1	0.547484129351114	3	2	asc.day0	day0.rep1	3	2	0	p0	p0	33.2810977476703	0.0811931782510807	beige	p0
asc_day0	39645	6401	asc_day0	asc	day0	rep1	0.885357548240636	8	7	asc.day0	day0.rep1	8	7	4	p4	p4	34.9638990092275	0.034725941398148	beige	p4
asc_day0	24764	5166	asc_day0	asc	day0	rep1	0.654175415926345	3	0	asc.day0	day0.rep1	3	0	1	p1	p1	19.0208886993892	0.474960717268524	beige	p1
asc_day0	27960	5305	asc_day0	asc	day0	rep1	0.393419170243205	3	2	asc.day0	day0.rep1	3	2	3	p3	p3	25.9602199667176	0.283344774871659	beige	p3
asc_day0	27725	5217	asc_day0	asc	day0	rep1	0.378719567177637	3	2	asc.day0	day0.rep1	3	2	0	p0	p0	24.0839915771972	0.335153120252484	beige	p0
asc_day0	33752	5777	asc_day0	asc	day0	rep1	0.853282768428538	3	2	asc.day0	day0.rep1	3	2	0	p0	p0	33.8969665014877	0.0641871776568853	beige	p0
asc_day0	36080	5859	asc_day0	asc	day0	rep1	1.26662971175166	3	2	asc.day0	day0.rep1	3	2	0	p0	p0	26.8407738241777	0.259030017335466	beige	p0
asc_day0	24802	4829	asc_day0	asc	day0	rep1	0.9636319651641	3	2	asc.day0	day0.rep1	3	2	2	p2	p2	24.9820718232938	0.310354406071763	beige	p2
asc_day0	20292	4703	asc_day0	asc	day0	rep1	0.0344963532426572	3	0	asc.day0	day0.rep1	3	0	1	p1	p1	21.4784453945598	0.407100137625071	beige	p1
asc_day0	27917	5177	asc_day0	asc	day0	rep1	1.54744420962138	3	2	asc.day0	day0.rep1	3	2	3	p3	p3	28.9099905008108	0.201892681151051	beige	p3
asc_day0	19809	4831	asc_day0	asc	day0	rep1	1.7921146953405	3	0	asc.day0	day0.rep1	3	0	1	p1	p1	19.977772340621	0.448538263343887	beige	p1
asc_day0	44565	6045	asc_day0	asc	day0	rep1	0.623807921014249	3	2	asc.day0	day0.rep1	3	2	0	p0	p0	32.4431189401535	0.104332309779062	beige	p0
asc_day0	26934	4677	asc_day0	asc	day0	rep1	1.35887725551348	3	2	asc.day0	day0.rep1	3	2	0	p0	p0	27.5574937985178	0.23923920925509	beige	p0
asc_day0	25825	4854	asc_day0	asc	day0	rep1	0.371732817037754	3	0	asc.day0	day0.rep1	3	0	1	p1	p1	21.9121015977232	0.395125577131522	beige	p1
asc_day0	18495	4046	asc_day0	asc	day0	rep1	0.286563936198973	3	2	asc.day0	day0.rep1	3	2	1	p1	p1	36.2212937407919	5.46658987021775e-06	beige	p1
asc_day0	8808	2178	asc_day0	asc	day0	rep1	2.28201634877384	3	9	asc.day0	day0.rep1	3	9	1	p1	p1	36.2212940936821	5.45684550323777e-06	beige	p1
asc_day0	27202	4810	asc_day0	asc	day0	rep1	1.09918388353798	3	0	asc.day0	day0.rep1	3	0	1	p1	p1	21.47844574745	0.407100127880704	beige	p1
asc_day0	42357	6410	asc_day0	asc	day0	rep1	0.597303869490285	3	2	asc.day0	day0.rep1	3	2	1	p1	p1	36.2212944465723	5.44710113625779e-06	beige	p1
asc_day0	22660	4628	asc_day0	asc	day0	rep1	0.675198587819947	3	2	asc.day0	day0.rep1	3	2	1	p1	p1	36.2212947994625	5.43735676927781e-06	beige	p1
asc_day0	18378	3986	asc_day0	asc	day0	rep1	0.544128849711612	3	2	asc.day0	day0.rep1	3	2	0	p0	p0	25.1564306114416	0.305539832128101	beige	p0
asc_day0	36304	5758	asc_day0	asc	day0	rep1	0.283715293080652	3	2	asc.day0	day0.rep1	3	2	5	p5	p5	28.3895493241915	0.216263637469215	beige	p5
asc_day0	54073	7242	asc_day0	asc	day0	rep1	0.963512288942726	3	2	asc.day0	day0.rep1	3	2	3	p3	p3	25.1530037770416	0.305634457399283	beige	p3
asc_day0	39182	5427	asc_day0	asc	day0	rep1	0.201623194323924	3	2	asc.day0	day0.rep1	3	2	0	p0	p0	32.6624265062654	0.0982765640109994	beige	p0
asc_day0	42269	6299	asc_day0	asc	day0	rep1	0.307553999384892	3	2	asc.day0	day0.rep1	3	2	3	p3	p3	33.8497146456683	0.0654919444325343	beige	p3
asc_day0	82177	8481	asc_day0	asc	day0	rep1	0.204436764544824	3	2	asc.day0	day0.rep1	3	2	0	p0	p0	34.8364544492447	0.0382450714877325	beige	p0
asc_day0	28219	5212	asc_day0	asc	day0	rep1	1.33597930472377	3	2	asc.day0	day0.rep1	3	2	1	p1	p1	36.0466919641151	0.00482675018236944	beige	p1
asc_day0	36240	5564	asc_day0	asc	day0	rep1	0.858167770419426	3	2	asc.day0	day0.rep1	3	2	0	p0	p0	29.7795858994768	0.177880519834603	beige	p0
asc_day0	20476	4564	asc_day0	asc	day0	rep1	1.03535846845087	3	0	asc.day0	day0.rep1	3	0	1	p1	p1	22.7940637894598	0.370771931222776	beige	p1
asc_day0	58045	7254	asc_day0	asc	day0	rep1	0.733913343095874	3	2	asc.day0	day0.rep1	3	2	0	p0	p0	34.8364548021349	0.0382450617433655	beige	p0
asc_day0	11307	2772	asc_day0	asc	day0	rep1	0.229946051118776	3	2	asc.day0	day0.rep1	3	2	2	p2	p2	25.0290347551016	0.309057617362679	beige	p2
asc_day0	34661	5461	asc_day0	asc	day0	rep1	0.225036784859063	3	2	asc.day0	day0.rep1	3	2	2	p2	p2	31.3247591571271	0.135213608784384	beige	p2
asc_day0	21736	4632	asc_day0	asc	day0	rep1	1.25598086124402	3	4	asc.day0	day0.rep1	3	4	1	p1	p1	19.4398258189239	0.463392595230221	beige	p1
asc_day0	31485	5457	asc_day0	asc	day0	rep1	0.416071144989678	3	2	asc.day0	day0.rep1	3	2	3	p3	p3	24.9820725290742	0.310354386583029	beige	p3
asc_day0	23601	4866	asc_day0	asc	day0	rep1	1.43637981441464	3	0	asc.day0	day0.rep1	3	0	1	p1	p1	36.221297269694	5.36914620052897e-06	beige	p1
asc_day0	7672	2469	asc_day0	asc	day0	rep1	1.72054223149114	3	0	asc.day0	day0.rep1	3	0	1	p1	p1	20.5007839006961	0.43409633095768	beige	p1
asc_day0	37407	6048	asc_day0	asc	day0	rep1	0.919613975993798	3	2	asc.day0	day0.rep1	3	2	0	p0	p0	36.2212986812549	5.33016873260905e-06	beige	p0
asc_day0	29166	5335	asc_day0	asc	day0	rep1	0.0480010971679353	3	2	asc.day0	day0.rep1	3	2	2	p2	p2	30.367946085383	0.161634114071845	beige	p2
asc_day0	47148	6602	asc_day0	asc	day0	rep1	0.377534571986086	3	2	asc.day0	day0.rep1	3	2	0	p0	p0	26.5189622558083	0.267916208896551	beige	p0
asc_day0	48734	6362	asc_day0	asc	day0	rep1	0.496573234292281	3	0	asc.day0	day0.rep1	3	0	2	p2	p2	24.0937243752833	0.334884368235093	beige	p2
asc_day0	32033	5218	asc_day0	asc	day0	rep1	1.00521337370836	3	0	asc.day0	day0.rep1	3	0	1	p1	p1	21.4784482176815	0.407100059670136	beige	p1
asc_day0	22095	4499	asc_day0	asc	day0	rep1	1.09527042317266	3	0	asc.day0	day0.rep1	3	0	1	p1	p1	21.9121040679546	0.395125508920954	beige	p1
asc_day0	25889	4616	asc_day0	asc	day0	rep1	0.942485225385299	3	2	asc.day0	day0.rep1	3	2	2	p2	p2	36.0912904422354	0.00359525119705395	beige	p2
asc_day0	66573	7687	asc_day0	asc	day0	rep1	0.522734441890857	3	2	asc.day0	day0.rep1	3	2	0	p0	p0	28.7648275178423	0.205901070534853	beige	p0
asc_day0	36660	5851	asc_day0	asc	day0	rep1	0.981996726677578	3	2	asc.day0	day0.rep1	3	2	2	p2	p2	36.2212997399255	5.30093563178013e-06	beige	p2
asc_day0	63021	7036	asc_day0	asc	day0	rep1	0.166611129623459	3	2	asc.day0	day0.rep1	3	2	0	p0	p0	34.8364569194762	0.0382450032771636	beige	p0
asc_day0	26502	4921	asc_day0	asc	day0	rep1	0.267904309108747	3	2	asc.day0	day0.rep1	3	2	0	p0	p0	34.8168529711529	0.0387863276336406	beige	p0
asc_day0	28336	4995	asc_day0	asc	day0	rep1	0.839920948616601	3	2	asc.day0	day0.rep1	3	2	0	p0	p0	36.2213011514863	5.26195816386021e-06	beige	p0
asc_day0	26862	2482	asc_day0	asc	day0	rep1	4.52684089047725	3	2	asc.day0	day0.rep1	3	2	NA	t3	day0	27.557494151408	0.239239199510723	beige	day0
asc_day0	27439	4708	asc_day0	asc	day0	rep1	0.266044680928605	3	0	asc.day0	day0.rep1	3	0	1	p1	p1	21.9121051266253	0.395125479687853	beige	p1
asc_day0	31852	5446	asc_day0	asc	day0	rep1	1.15848298380008	3	2	asc.day0	day0.rep1	3	2	1	p1	p1	36.1499286867955	0.00197607176044334	beige	p1
asc_day0	58113	6575	asc_day0	asc	day0	rep1	0.37341042451775	3	2	asc.day0	day0.rep1	3	2	0	p0	p0	31.2117725326696	0.138333511508381	beige	p0
asc_day0	51524	6535	asc_day0	asc	day0	rep1	0.403695365266672	3	2	asc.day0	day0.rep1	3	2	0	p0	p0	35.9141627503763	0.00848628295395459	beige	p0
asc_day0	6664	2511	asc_day0	asc	day0	rep1	0.735294117647059	3	2	asc.day0	day0.rep1	3	2	1	p1	p1	23.5521320505385	0.349839371779813	beige	p1
asc_day0	54896	7411	asc_day0	asc	day0	rep1	0.628461090061207	8	7	asc.day0	day0.rep1	8	7	4	p4	p4	35.1222316094023	0.0303538990174251	beige	p4
asc_day0	29402	5037	asc_day0	asc	day0	rep1	0.421740017685872	3	2	asc.day0	day0.rep1	3	2	1	p1	p1	34.8364593897077	0.0382449350665949	beige	p1
asc_day0	19219	3934	asc_day0	asc	day0	rep1	0	3	0	asc.day0	day0.rep1	3	0	1	p1	p1	20.7213797276333	0.428005012408529	beige	p1
asc_day0	55256	7175	asc_day0	asc	day0	rep1	0.287751556392066	3	2	asc.day0	day0.rep1	3	2	1	p1	p1	22.76335884406	0.371619787712453	beige	p1
asc_day0	32127	5410	asc_day0	asc	day0	rep1	1.15167927288573	3	2	asc.day0	day0.rep1	3	2	3	p3	p3	33.849445997992	0.0654993626081034	beige	p3
asc_day0	43925	6117	asc_day0	asc	day0	rep1	0.749003984063745	3	2	asc.day0	day0.rep1	3	2	0	p0	p0	32.4748233912141	0.103456853912476	beige	p0
asc_day0	23372	4769	asc_day0	asc	day0	rep1	1.33065206229677	3	4	asc.day0	day0.rep1	3	4	2	p2	p2	22.8031989201531	0.370519682611305	beige	p2
asc_day0	26079	4384	asc_day0	asc	day0	rep1	0.322098239963189	3	0	asc.day0	day0.rep1	3	0	1	p1	p1	21.9121061852959	0.395125450454753	beige	p1
asc_day0	44421	6857	asc_day0	asc	day0	rep1	1.56457531347786	3	2	asc.day0	day0.rep1	3	2	0	p0	p0	35.0139404422183	0.0333441459524447	beige	p0
asc_day0	23446	4679	asc_day0	asc	day0	rep1	0.375330546788365	3	2	asc.day0	day0.rep1	3	2	1	p1	p1	23.72487564403	0.345069398249981	beige	p1
asc_day0	28171	5212	asc_day0	asc	day0	rep1	0.149089489191012	3	2	asc.day0	day0.rep1	3	2	3	p3	p3	35.1089769776476	0.0307198995233737	beige	p3
asc_day0	79283	7754	asc_day0	asc	day0	rep1	0.215683059420052	3	2	asc.day0	day0.rep1	3	2	0	p0	p0	34.7842154736557	0.0396875477367714	beige	p0
asc_day0	47688	6158	asc_day0	asc	day0	rep1	0.979281999664486	3	2	asc.day0	day0.rep1	3	2	0	p0	p0	31.6998395885419	0.124856502664007	beige	p0
asc_day0	7365	2141	asc_day0	asc	day0	rep1	2.51188051595384	3	9	asc.day0	day0.rep1	3	9	NA	t3	day0	36.2213036217178	5.19374759511138e-06	beige	day0
asc_day0	25372	4937	asc_day0	asc	day0	rep1	0.461138262651742	3	0	asc.day0	day0.rep1	3	0	1	p1	p1	20.5590632691904	0.432487061175603	beige	p1
asc_day0	33171	5600	asc_day0	asc	day0	rep1	0.476319676826143	3	2	asc.day0	day0.rep1	3	2	0	p0	p0	25.960220672498	0.283344755382925	beige	p0
asc_day0	36081	5574	asc_day0	asc	day0	rep1	0.332585017044982	3	2	asc.day0	day0.rep1	3	2	0	p0	p0	33.1363364813541	0.0851904750220738	beige	p0
asc_day0	49287	6118	asc_day0	asc	day0	rep1	0.284050560999858	3	2	asc.day0	day0.rep1	3	2	0	p0	p0	34.822607132973	0.038627437807317	beige	p0
asc_day0	34880	5398	asc_day0	asc	day0	rep1	0.0315366972477064	3	2	asc.day0	day0.rep1	3	2	0	p0	p0	30.7346875973705	0.151507270759667	beige	p0
asc_day0	41053	5919	asc_day0	asc	day0	rep1	1.11563101356783	3	2	asc.day0	day0.rep1	3	2	0	p0	p0	31.8027913990458	0.122013691529734	beige	p0
asc_day0	44181	6199	asc_day0	asc	day0	rep1	0.61338584459383	3	2	asc.day0	day0.rep1	3	2	1	p1	p1	36.2213043274982	5.17425886115142e-06	beige	p1
asc_day0	21588	4160	asc_day0	asc	day0	rep1	1.03761348897536	3	2	asc.day0	day0.rep1	3	2	0	p0	p0	33.6584373934459	0.0707736883833158	beige	p0
asc_day0	16066	4189	asc_day0	asc	day0	rep1	1.54363251587203	3	4	asc.day0	day0.rep1	3	4	2	p2	p2	17.8609423909523	0.50699034612734	beige	p2
asc_day0	26290	4792	asc_day0	asc	day0	rep1	0.665652339292507	3	2	asc.day0	day0.rep1	3	2	1	p1	p1	36.1688043326006	0.00145485804114465	beige	p1
asc_day0	26397	4683	asc_day0	asc	day0	rep1	0.13259082471493	3	2	asc.day0	day0.rep1	3	2	0	p0	p0	31.8942521342481	0.119488183769267	beige	p0
asc_day0	29008	5105	asc_day0	asc	day0	rep1	0.28957528957529	3	2	asc.day0	day0.rep1	3	2	1	p1	p1	36.2213053861689	5.14502576021147e-06	beige	p1
asc_day0	57731	7131	asc_day0	asc	day0	rep1	1.13457241343472	3	2	asc.day0	day0.rep1	3	2	1	p1	p1	24.0937250810637	0.334884348746359	beige	p1
asc_day0	11789	3315	asc_day0	asc	day0	rep1	0.958520654847739	3	2	asc.day0	day0.rep1	3	2	0	p0	p0	25.2919017131734	0.301799064923616	beige	p0
asc_day0	35659	5757	asc_day0	asc	day0	rep1	0.818867607055722	3	2	asc.day0	day0.rep1	3	2	0	p0	p0	33.1171621930273	0.0857199351654216	beige	p0
asc_day0	39837	5963	asc_day0	asc	day0	rep1	0.951376860707383	3	2	asc.day0	day0.rep1	3	2	0	p0	p0	31.2189423279748	0.13813553175626	beige	p0
asc_day0	18192	4330	asc_day0	asc	day0	rep1	1.3797273526825	3	0	asc.day0	day0.rep1	3	0	1	p1	p1	19.7805861973745	0.453983169662695	beige	p1
asc_day0	29729	5347	asc_day0	asc	day0	rep1	0.958659894379226	3	2	asc.day0	day0.rep1	3	2	0	p0	p0	27.5574948571885	0.23923918002199	beige	p0
asc_day0	66478	7222	asc_day0	asc	day0	rep1	0.377568518908511	3	2	asc.day0	day0.rep1	3	2	3	p3	p3	28.1396318746525	0.223164614778123	beige	p3
asc_day0	16080	4099	asc_day0	asc	day0	rep1	1.93407960199005	3	2	asc.day0	day0.rep1	3	2	0	p0	p0	32.9103518382024	0.0914305950994373	beige	p0
asc_day0	24383	4700	asc_day0	asc	day0	rep1	0.873559447155805	3	2	asc.day0	day0.rep1	3	2	0	p0	p0	22.7926652034788	0.37081055041538	beige	p0
asc_day0	46830	6912	asc_day0	asc	day0	rep1	0.71108263933376	3	2	asc.day0	day0.rep1	3	2	3	p3	p3	24.9820749993057	0.310354318372461	beige	p3
asc_day0	38549	5513	asc_day0	asc	day0	rep1	0.184181172014838	3	2	asc.day0	day0.rep1	3	2	0	p0	p0	33.2083359044987	0.0832023529990152	beige	p0
asc_day0	28355	5149	asc_day0	asc	day0	rep1	1.40010580144595	3	2	asc.day0	day0.rep1	3	2	1	p1	p1	34.8364618599392	0.0382448668560261	beige	p1
asc_day0	21001	4597	asc_day0	asc	day0	rep1	0.604733107947241	11	8	asc.day0	day0.rep1	11	8	6	p6	p6	21.5935624755539	0.403921406546974	beige	p6
asc_day0	19042	4018	asc_day0	asc	day0	rep1	0.325596050834996	3	0	asc.day0	day0.rep1	3	0	1	p1	p1	21.912111478649	0.39512530428925	beige	p1
asc_day0	24641	4554	asc_day0	asc	day0	rep1	0.779189156284242	3	0	asc.day0	day0.rep1	3	0	1	p1	p1	21.4784538639248	0.407099903760266	beige	p1
asc_day0	13611	3615	asc_day0	asc	day0	rep1	1.95430166776872	3	2	asc.day0	day0.rep1	3	2	1	p1	p1	24.1377941525899	0.333667468279677	beige	p1
asc_day0	41245	6111	asc_day0	asc	day0	rep1	0.712813674384774	3	2	asc.day0	day0.rep1	3	2	0	p0	p0	25.9602210253882	0.283344745638558	beige	p0
asc_day0	21685	4569	asc_day0	asc	day0	rep1	0.894627622780724	3	2	asc.day0	day0.rep1	3	2	2	p2	p2	36.2213103266318	5.00860462260277e-06	beige	p2
asc_day0	16497	3703	asc_day0	asc	day0	rep1	0.200036370249136	3	0	asc.day0	day0.rep1	3	0	1	p1	p1	19.901997935251	0.450630624053469	beige	p1
asc_day0	29720	5053	asc_day0	asc	day0	rep1	0.659488559892328	3	2	asc.day0	day0.rep1	3	2	1	p1	p1	24.0983813413289	0.334755775305436	beige	p1
asc_day0	26127	4375	asc_day0	asc	day0	rep1	0.57029126956788	3	2	asc.day0	day0.rep1	3	2	1	p1	p1	36.2213113853025	4.97937152177386e-06	beige	p1
asc_day0	55746	6756	asc_day0	asc	day0	rep1	0.523804398521867	3	2	asc.day0	day0.rep1	3	2	0	p0	p0	34.8364632715	0.0382448278785582	beige	p0
asc_day0	9476	3140	asc_day0	asc	day0	rep1	3.47192908400169	3	9	asc.day0	day0.rep1	3	9	NA	t3	day0	36.2213117381927	4.96962715479388e-06	beige	day0
asc_day0	29421	5348	asc_day0	asc	day0	rep1	0.0441861255565752	8	7	asc.day0	day0.rep1	8	7	4	p4	p4	34.9639021852394	0.0347258536988453	beige	p4
asc_day0	32667	5578	asc_day0	asc	day0	rep1	0.220405914225365	3	2	asc.day0	day0.rep1	3	2	0	p0	p0	25.0836125132906	0.307550560246306	beige	p0
asc_day0	27658	4583	asc_day0	asc	day0	rep1	0.936437920312387	3	2	asc.day0	day0.rep1	3	2	1	p1	p1	34.9517115464204	0.0350624741390183	beige	p1
asc_day0	22257	4489	asc_day0	asc	day0	rep1	0.723367929190816	3	2	asc.day0	day0.rep1	3	2	3	p3	p3	23.9221646813722	0.339621650713718	beige	p3
asc_day0	18672	3943	asc_day0	asc	day0	rep1	0.44987146529563	3	0	asc.day0	day0.rep1	3	0	1	p1	p1	21.9469020182421	0.39416463217636	beige	p1
asc_day0	32204	5288	asc_day0	asc	day0	rep1	0.530989939137995	3	2	asc.day0	day0.rep1	3	2	3	p3	p3	25.144041607572	0.305881930027796	beige	p3
asc_day0	33171	5633	asc_day0	asc	day0	rep1	0.880286997678695	3	2	asc.day0	day0.rep1	3	2	3	p3	p3	33.8494491740039	0.0654992749088007	beige	p3
asc_day0	15944	3945	asc_day0	asc	day0	rep1	0.508028098344205	3	4	asc.day0	day0.rep1	3	4	2	p2	p2	19.9053960529402	0.450536791737601	beige	p2
asc_day0	13177	3658	asc_day0	asc	day0	rep1	1.86688927677013	3	0	asc.day0	day0.rep1	3	0	1	p1	p1	21.4784549225954	0.407099874527165	beige	p1
asc_day0	36094	5550	asc_day0	asc	day0	rep1	0.667701002936776	3	2	asc.day0	day0.rep1	3	2	1	p1	p1	36.2213138555339	4.911160952914e-06	beige	p1
asc_day0	39967	5979	asc_day0	asc	day0	rep1	0.547952060449871	3	2	asc.day0	day0.rep1	3	2	2	p2	p2	26.9226569694719	0.25676897582476	beige	p2
asc_day0	15992	3842	asc_day0	asc	day0	rep1	0.525262631315658	3	0	asc.day0	day0.rep1	3	0	1	p1	p1	21.9121132431	0.395125255567415	beige	p1
asc_day0	46333	6230	asc_day0	asc	day0	rep1	0.086331556342132	3	2	asc.day0	day0.rep1	3	2	1	p1	p1	34.8914323084207	0.0367269663719599	beige	p1
asc_day0	25248	4650	asc_day0	asc	day0	rep1	0.633713561470215	3	2	asc.day0	day0.rep1	3	2	2	p2	p2	23.8849969008928	0.340647965643645	beige	p2
asc_day0	48489	6202	asc_day0	asc	day0	rep1	0.760997339602796	3	2	asc.day0	day0.rep1	3	2	0	p0	p0	28.0082396556962	0.226792751681959	beige	p0
asc_day0	31501	5227	asc_day0	asc	day0	rep1	0.165074124630964	3	2	asc.day0	day0.rep1	3	2	0	p0	p0	30.4303948825889	0.159909713741729	beige	p0
asc_day0	39724	6011	asc_day0	asc	day0	rep1	1.15799013191018	3	2	asc.day0	day0.rep1	3	2	1	p1	p1	23.7361824204672	0.344757183925716	beige	p1
asc_day0	14634	3275	asc_day0	asc	day0	rep1	0.1093344266776	3	4	asc.day0	day0.rep1	3	4	1	p1	p1	19.7805869031549	0.453983150173962	beige	p1
asc_day0	30624	4487	asc_day0	asc	day0	rep1	0.359195402298851	3	2	asc.day0	day0.rep1	3	2	0	p0	p0	30.465670392331	0.158935650134968	beige	p0
asc_day0	11130	2811	asc_day0	asc	day0	rep1	1.16801437556155	3	2	asc.day0	day0.rep1	3	2	2	p2	p2	24.5017375815001	0.323617888511363	beige	p2
asc_day0	18945	3861	asc_day0	asc	day0	rep1	0.643969385062022	3	4	asc.day0	day0.rep1	3	4	1	p1	p1	24.5017379343903	0.323617878766997	beige	p1
asc_day0	18671	3825	asc_day0	asc	day0	rep1	0.771249531358792	3	2	asc.day0	day0.rep1	3	2	0	p0	p0	26.8343298585796	0.259207954732209	beige	p0
asc_day0	23159	4694	asc_day0	asc	day0	rep1	0.20294485944989	3	2	asc.day0	day0.rep1	3	2	1	p1	p1	24.0937264926246	0.334884309768891	beige	p1
asc_day0	36259	5565	asc_day0	asc	day0	rep1	0.248214236465429	3	2	asc.day0	day0.rep1	3	2	2	p2	p2	34.9517122522008	0.0350624546502843	beige	p2
asc_day0	57591	6795	asc_day0	asc	day0	rep1	0.531333020784498	3	2	asc.day0	day0.rep1	3	2	0	p0	p0	32.7976287442376	0.0945432209487963	beige	p0
asc_day0	17328	3938	asc_day0	asc	day0	rep1	1.39081255771006	3	2	asc.day0	day0.rep1	3	2	0	p0	p0	31.5767291167412	0.128255955459131	beige	p0
asc_day0	34508	5590	asc_day0	asc	day0	rep1	0.872261504578648	3	2	asc.day0	day0.rep1	3	2	3	p3	p3	24.9820764108665	0.310354279394994	beige	p3
asc_day0	18953	4071	asc_day0	asc	day0	rep1	0.801983854798713	3	2	asc.day0	day0.rep1	3	2	1	p1	p1	34.8364643301706	0.0382447986454573	beige	p1
asc_day0	31854	5707	asc_day0	asc	day0	rep1	0.52426696804169	3	0	asc.day0	day0.rep1	3	0	1	p1	p1	19.9904039790871	0.448189465568504	beige	p1
asc_day0	21886	4543	asc_day0	asc	day0	rep1	0.959517499771543	3	4	asc.day0	day0.rep1	3	4	3	p3	p3	24.5017382872805	0.32361786902263	beige	p3
asc_day0	28306	4987	asc_day0	asc	day0	rep1	1.25061824348195	3	2	asc.day0	day0.rep1	3	2	1	p1	p1	22.7875889448453	0.370950721282637	beige	p1
asc_day0	27157	4620	asc_day0	asc	day0	rep1	0.788010457708878	3	2	asc.day0	day0.rep1	3	2	0	p0	p0	36.0665993274153	0.00427704761991088	beige	p0
asc_day0	24565	4634	asc_day0	asc	day0	rep1	0.496641563199674	3	2	asc.day0	day0.rep1	3	2	3	p3	p3	26.5189654318202	0.267916121197249	beige	p3
asc_day0	28174	5447	asc_day0	asc	day0	rep1	0.546603251224533	3	2	asc.day0	day0.rep1	3	2	6	p6	p6	28.9550770542693	0.200647704928189	beige	p6
asc_day0	26300	4862	asc_day0	asc	day0	rep1	0.35361216730038	3	2	asc.day0	day0.rep1	3	2	0	p0	p0	25.933759213272	0.284075436373852	beige	p0
asc_day0	23973	4721	asc_day0	asc	day0	rep1	0.525591290201477	3	4	asc.day0	day0.rep1	3	4	1	p1	p1	20.3783324714321	0.437477585593374	beige	p1
asc_day0	34703	5521	asc_day0	asc	day0	rep1	0.461055240180964	3	2	asc.day0	day0.rep1	3	2	0	p0	p0	29.6741303411796	0.180792467024565	beige	p0
asc_day0	42756	6000	asc_day0	asc	day0	rep1	0.381233043315558	3	2	asc.day0	day0.rep1	3	2	0	p0	p0	35.8702639813159	0.0096984608540327	beige	p0
asc_day0	37556	5684	asc_day0	asc	day0	rep1	2.42038555756737	3	0	asc.day0	day0.rep1	3	0	1	p1	p1	36.2213173844361	4.81371728322522e-06	beige	p1
asc_day0	20362	4368	asc_day0	asc	day0	rep1	1.08535507317552	3	2	asc.day0	day0.rep1	3	2	1	p1	p1	23.7425611921251	0.344581046731009	beige	p1
asc_day0	16272	4003	asc_day0	asc	day0	rep1	0.952556538839725	3	0	asc.day0	day0.rep1	3	0	2	p2	p2	21.4961047512515	0.406612509330032	beige	p2
asc_day0	36299	5552	asc_day0	asc	day0	rep1	0.537204881677181	3	2	asc.day0	day0.rep1	3	2	0	p0	p0	29.3190248195852	0.190598005418587	beige	p0
asc_day0	27357	4662	asc_day0	asc	day0	rep1	0.285118982344555	3	2	asc.day0	day0.rep1	3	2	1	p1	p1	36.2213177373263	4.80397291624524e-06	beige	p1
asc_day0	35492	5332	asc_day0	asc	day0	rep1	0.0112701453848755	3	2	asc.day0	day0.rep1	3	2	1	p1	p1	36.2213180902165	4.79422854926526e-06	beige	p1
asc_day0	25386	5199	asc_day0	asc	day0	rep1	0.326951863231702	3	2	asc.day0	day0.rep1	3	2	1	p1	p1	24.1348223204466	0.333749529561211	beige	p1
asc_day0	26391	4827	asc_day0	asc	day0	rep1	0.390284566708348	3	2	asc.day0	day0.rep1	3	2	0	p0	p0	35.9469077675926	0.00758209390590514	beige	p0
asc_day0	16903	3767	asc_day0	asc	day0	rep1	1.18322191326983	3	2	asc.day0	day0.rep1	3	2	1	p1	p1	35.9547758017827	0.00736483366452712	beige	p1
asc_day0	47480	6524	asc_day0	asc	day0	rep1	1.71440606571188	3	2	asc.day0	day0.rep1	3	2	0	p0	p0	31.9267222451455	0.118591585716854	beige	p0
asc_day0	43965	6014	asc_day0	asc	day0	rep1	0.625497554873195	3	2	asc.day0	day0.rep1	3	2	0	p0	p0	33.2066953871404	0.0832476526493015	beige	p0
asc_day0	36590	5932	asc_day0	asc	day0	rep1	1.48674501229844	3	2	asc.day0	day0.rep1	3	2	3	p3	p3	33.8494505855648	0.0654992359313328	beige	p3
asc_day0	25343	4704	asc_day0	asc	day0	rep1	0.473503531547173	3	0	asc.day0	day0.rep1	3	0	1	p1	p1	21.9748443306664	0.393393060345926	beige	p1
asc_day0	32924	5572	asc_day0	asc	day0	rep1	0.674280160369335	3	2	asc.day0	day0.rep1	3	2	0	p0	p0	30.5954139086878	0.155353038900707	beige	p0
asc_day0	26738	5141	asc_day0	asc	day0	rep1	0.273019672376393	3	0	asc.day0	day0.rep1	3	0	1	p1	p1	21.9121153604413	0.395125197101214	beige	p1
asc_day0	31572	5568	asc_day0	asc	day0	rep1	1.14025085518814	3	2	asc.day0	day0.rep1	3	2	0	p0	p0	30.5413406989901	0.156846163905913	beige	p0
asc_day0	31661	5586	asc_day0	asc	day0	rep1	1.34550393228262	3	2	asc.day0	day0.rep1	3	2	2	p2	p2	36.205199362157	0.000449881103403382	beige	p2
asc_day0	30630	5448	asc_day0	asc	day0	rep1	0.685602350636631	3	2	asc.day0	day0.rep1	3	2	0	p0	p0	25.0565320456574	0.308298333933162	beige	p0
asc_day0	44313	6678	asc_day0	asc	day0	rep1	0.577708573104958	3	2	asc.day0	day0.rep1	3	2	4	p4	p4	33.3588069324429	0.0790473924254071	beige	p4
asc_day0	24488	5338	asc_day0	asc	day0	rep1	1.07399542633126	3	0	asc.day0	day0.rep1	3	0	2	p2	p2	19.0208890522794	0.474960707524157	beige	p2
asc_day0	20956	3744	asc_day0	asc	day0	rep1	0.920977285741554	3	2	asc.day0	day0.rep1	3	2	0	p0	p0	25.9511876729654	0.283594183843885	beige	p0
asc_day0	34212	5513	asc_day0	asc	day0	rep1	0.374137729451654	3	2	asc.day0	day0.rep1	3	2	3	p3	p3	26.4142635256922	0.27080725776943	beige	p3
asc_day0	45268	6295	asc_day0	asc	day0	rep1	0.503667049571441	3	2	asc.day0	day0.rep1	3	2	0	p0	p0	33.7643224570115	0.0678498812527366	beige	p0
asc_day0	31400	5430	asc_day0	asc	day0	rep1	1.0796178343949	3	0	asc.day0	day0.rep1	3	0	2	p2	p2	21.5406569833652	0.405382287336949	beige	p2
asc_day0	23767	4776	asc_day0	asc	day0	rep1	0.555391929986957	3	2	asc.day0	day0.rep1	3	2	1	p1	p1	25.0081253190921	0.309634990186024	beige	p1
asc_day0	16905	3912	asc_day0	asc	day0	rep1	0.769003253475303	3	0	asc.day0	day0.rep1	3	0	1	p1	p1	21.4784584514975	0.407099777083496	beige	p1
asc_day0	19730	4530	asc_day0	asc	day0	rep1	0.0760263558033452	11	8	asc.day0	day0.rep1	11	8	6	p6	p6	26.4340572303018	0.270260693667478	beige	p6
asc_day0	25447	4781	asc_day0	asc	day0	rep1	0.852752780288443	3	4	asc.day0	day0.rep1	3	4	3	p3	p3	22.7901164745084	0.370880928537531	beige	p3
asc_day0	17726	4013	asc_day0	asc	day0	rep1	1.04930610402798	3	4	asc.day0	day0.rep1	3	4	1	p1	p1	20.3868058696749	0.437243609417996	beige	p1
asc_day0	72967	7846	asc_day0	asc	day0	rep1	1.05116011347595	3	2	asc.day0	day0.rep1	3	2	0	p0	p0	29.981628144877	0.172301521835384	beige	p0
asc_day0	50609	6146	asc_day0	asc	day0	rep1	0.0256871307474955	3	2	asc.day0	day0.rep1	3	2	0	p0	p0	31.1786541469889	0.139248010389961	beige	p0
asc_day0	38568	5530	asc_day0	asc	day0	rep1	0.292989006430201	3	2	asc.day0	day0.rep1	3	2	0	p0	p0	32.3513512449014	0.106866293635707	beige	p0
asc_day0	42220	5823	asc_day0	asc	day0	rep1	0.682141165324491	3	2	asc.day0	day0.rep1	3	2	1	p1	p1	34.8364689177434	0.0382446719686866	beige	p1
asc_day0	28772	4962	asc_day0	asc	day0	rep1	0.667315445572084	3	2	asc.day0	day0.rep1	3	2	0	p0	p0	34.4234309198928	0.0496499014000127	beige	p0
asc_day0	27797	5043	asc_day0	asc	day0	rep1	0.525236536316869	3	2	asc.day0	day0.rep1	3	2	0	p0	p0	32.6824538322897	0.0977235489145879	beige	p0
asc_day0	47729	7052	asc_day0	asc	day0	rep1	1.72012822393094	3	2	asc.day0	day0.rep1	3	2	4	p4	p4	28.8318674356781	0.204049895466329	beige	p4
asc_day0	31798	5069	asc_day0	asc	day0	rep1	0.308195483992704	3	2	asc.day0	day0.rep1	3	2	0	p0	p0	31.6998438232244	0.124856385731604	beige	p0
asc_day0	35867	5360	asc_day0	asc	day0	rep1	1.14590013103967	3	2	asc.day0	day0.rep1	3	2	2	p2	p2	25.0788423169629	0.307682279806815	beige	p2
asc_day0	27860	4491	asc_day0	asc	day0	rep1	0.509691313711414	3	2	asc.day0	day0.rep1	3	2	1	p1	p1	36.2213219720088	4.6870405125965e-06	beige	p1
asc_day0	23957	5228	asc_day0	asc	day0	rep1	1.56947864924657	8	2	asc.day0	day0.rep1	8	2	5	p5	p5	34.8524058199902	0.0378046058549274	beige	p5
asc_day0	51069	6360	asc_day0	asc	day0	rep1	0.612896277585228	3	2	asc.day0	day0.rep1	3	2	0	p0	p0	34.6504368351096	0.0433815809094318	beige	p0
asc_day0	26178	4505	asc_day0	asc	day0	rep1	0.599740239896096	3	2	asc.day0	day0.rep1	3	2	0	p0	p0	33.7337237411498	0.0686948044232998	beige	p0
asc_day0	50105	6928	asc_day0	asc	day0	rep1	0.644646242889931	3	0	asc.day0	day0.rep1	3	0	2	p2	p2	21.6282926551738	0.402962401155662	beige	p2
asc_day0	26522	4891	asc_day0	asc	day0	rep1	0.85212276600558	3	2	asc.day0	day0.rep1	3	2	2	p2	p2	26.4481935209808	0.269870347889749	beige	p2
asc_day0	21947	4322	asc_day0	asc	day0	rep1	0.797375495511915	3	2	asc.day0	day0.rep1	3	2	0	p0	p0	33.7691492740082	0.067716598224159	beige	p0
asc_day0	17179	4017	asc_day0	asc	day0	rep1	0.884801210780604	3	4	asc.day0	day0.rep1	3	4	1	p1	p1	20.2852653827611	0.44004744963572	beige	p1
asc_day0	70785	7096	asc_day0	asc	day0	rep1	0.0240163876527513	3	2	asc.day0	day0.rep1	3	2	0	p0	p0	31.4180408375281	0.132637819214783	beige	p0
asc_day0	33977	5659	asc_day0	asc	day0	rep1	0.132442534655797	3	0	asc.day0	day0.rep1	3	0	1	p1	p1	21.5901928953202	0.40401445085731	beige	p1
asc_day0	34640	5684	asc_day0	asc	day0	rep1	0.701501154734411	3	2	asc.day0	day0.rep1	3	2	0	p0	p0	25.9154036116248	0.284582290099723	beige	p0
asc_day0	23369	4831	asc_day0	asc	day0	rep1	0.706063588514699	3	0	asc.day0	day0.rep1	3	0	1	p1	p1	21.4936905456778	0.406679172853983	beige	p1
asc_day0	32651	5474	asc_day0	asc	day0	rep1	0.667667146488622	3	2	asc.day0	day0.rep1	3	2	0	p0	p0	29.6786493345324	0.180667683938612	beige	p0
asc_day0	38642	5903	asc_day0	asc	day0	rep1	0.78153304694374	3	0	asc.day0	day0.rep1	3	0	1	p1	p1	22.7633044527475	0.37162128962124	beige	p1
asc_day0	11679	3145	asc_day0	asc	day0	rep1	0.282558438222451	3	0	asc.day0	day0.rep1	3	0	1	p1	p1	36.2213244422403	4.61882994384766e-06	beige	p1
asc_day0	19164	4038	asc_day0	asc	day0	rep1	0.563556668753914	3	2	asc.day0	day0.rep1	3	2	1	p1	p1	36.2213247951305	4.60908557686768e-06	beige	p1
asc_day0	23164	4631	asc_day0	asc	day0	rep1	0.436021412536695	3	0	asc.day0	day0.rep1	3	0	1	p1	p1	21.4784616275094	0.407099689384194	beige	p1
asc_day0	30672	4803	asc_day0	asc	day0	rep1	0.22170057381325	3	2	asc.day0	day0.rep1	3	2	1	p1	p1	34.3926795985773	0.0504990384691069	beige	p1
asc_day0	20441	4327	asc_day0	asc	day0	rep1	0.772956313291913	3	0	asc.day0	day0.rep1	3	0	1	p1	p1	21.4862535479154	0.4068845308748	beige	p1
asc_day0	18863	4024	asc_day0	asc	day0	rep1	0.111329056883847	3	2	asc.day0	day0.rep1	3	2	0	p0	p0	31.8731202981119	0.120071697733339	beige	p0
asc_day0	17501	4238	asc_day0	asc	day0	rep1	0.382835266556197	3	4	asc.day0	day0.rep1	3	4	1	p1	p1	22.2674171523778	0.385314239088913	beige	p1
asc_day0	32882	5347	asc_day0	asc	day0	rep1	0.444011921415972	3	0	asc.day0	day0.rep1	3	0	1	p1	p1	21.912119948014	0.395125070424445	beige	p1
asc_day0	23019	4803	asc_day0	asc	day0	rep1	0.616881706416439	3	0	asc.day0	day0.rep1	3	0	1	p1	p1	36.2213269124718	4.55061937509882e-06	beige	p1
asc_day0	26096	4905	asc_day0	asc	day0	rep1	1.10744941753525	3	2	asc.day0	day0.rep1	3	2	1	p1	p1	25.1223155726755	0.306481851618344	beige	p1
asc_day0	21184	4222	asc_day0	asc	day0	rep1	0.23130664652568	3	2	asc.day0	day0.rep1	3	2	0	p0	p0	32.7976308615789	0.0945431624825945	beige	p0
asc_day0	54310	6619	asc_day0	asc	day0	rep1	0.44006628613515	3	2	asc.day0	day0.rep1	3	2	3	p3	p3	25.9602227898392	0.283344696916724	beige	p3
asc_day0	30292	5186	asc_day0	asc	day0	rep1	0.831902812623795	3	2	asc.day0	day0.rep1	3	2	0	p0	p0	36.1571278551362	0.0017772809298966	beige	p0
asc_day0	28472	5088	asc_day0	asc	day0	rep1	0.533857825231807	3	2	asc.day0	day0.rep1	3	2	1	p1	p1	36.2213293827032	4.48240880623896e-06	beige	p1
asc_day0	19171	4143	asc_day0	asc	day0	rep1	0.578999530540921	3	4	asc.day0	day0.rep1	3	4	1	p1	p1	21.9121203009042	0.395125060680078	beige	p1
asc_day0	22038	4556	asc_day0	asc	day0	rep1	0.23141845902532	3	2	asc.day0	day0.rep1	3	2	0	p0	p0	27.6300636215941	0.237235336763254	beige	p0
asc_day0	37623	5555	asc_day0	asc	day0	rep1	0.699040480557106	3	2	asc.day0	day0.rep1	3	2	0	p0	p0	34.9517133108715	0.0350624254171834	beige	p0
asc_day0	29164	5335	asc_day0	asc	day0	rep1	0.620628171718557	3	2	asc.day0	day0.rep1	3	2	3	p3	p3	33.8494530557962	0.065499167720764	beige	p3
asc_day0	42637	6262	asc_day0	asc	day0	rep1	0.157140511762085	3	2	asc.day0	day0.rep1	3	2	0	p0	p0	31.4188558181544	0.132615315132655	beige	p0
asc_day0	85449	7955	asc_day0	asc	day0	rep1	0.300764198527777	8	2	asc.day0	day0.rep1	8	2	4	p4	p4	30.8215556894832	0.149108579777327	beige	p4
asc_day0	31733	5473	asc_day0	asc	day0	rep1	1.41493082910535	3	4	asc.day0	day0.rep1	3	4	1	p1	p1	23.4128568172823	0.353685182571206	beige	p1
asc_day0	79238	7830	asc_day0	asc	day0	rep1	0.461899593629319	3	2	asc.day0	day0.rep1	3	2	0	p0	p0	31.0981694169396	0.1414704374226	beige	p0
asc_day0	50862	6717	asc_day0	asc	day0	rep1	1.04400141559514	3	2	asc.day0	day0.rep1	3	2	0	p0	p0	27.6506748321997	0.23666619884607	beige	p0
asc_day0	36520	5099	asc_day0	asc	day0	rep1	0.509309967141293	3	2	asc.day0	day0.rep1	3	2	0	p0	p0	27.5574983860905	0.239239082578321	beige	p0
asc_day0	15830	3805	asc_day0	asc	day0	rep1	2.40682248894504	3	2	asc.day0	day0.rep1	3	2	2	p2	p2	31.3148382486735	0.13548755509845	beige	p2
asc_day0	52124	6580	asc_day0	asc	day0	rep1	0.439336965697184	3	2	asc.day0	day0.rep1	3	2	1	p1	p1	22.7741060776809	0.37132302405914	beige	p1
asc_day0	19804	3856	asc_day0	asc	day0	rep1	0.186830943243789	3	2	asc.day0	day0.rep1	3	2	1	p1	p1	36.1311473528178	0.00249468124469598	beige	p1
asc_day0	22959	4691	asc_day0	asc	day0	rep1	1.14987586567359	3	0	asc.day0	day0.rep1	3	0	1	p1	p1	21.6326269426328	0.402842718358562	beige	p1
asc_day0	23988	4438	asc_day0	asc	day0	rep1	1.15057528764382	3	2	asc.day0	day0.rep1	3	2	3	p3	p3	24.9973712093175	0.309931943710753	beige	p3
asc_day0	29487	5549	asc_day0	asc	day0	rep1	0.189914199477736	3	2	asc.day0	day0.rep1	3	2	3	p3	p3	28.4711211702301	0.214011191873291	beige	p3
asc_day0	23171	4965	asc_day0	asc	day0	rep1	2.15355401147987	8	2	asc.day0	day0.rep1	8	2	4	p4	p4	35.1089801536595	0.030719811824071	beige	p4
asc_day0	24665	4889	asc_day0	asc	day0	rep1	0.21082505574701	3	2	asc.day0	day0.rep1	3	2	2	p2	p2	24.2485595447769	0.330608900502579	beige	p2
asc_day0	28944	5264	asc_day0	asc	day0	rep1	0.228026533996683	3	2	asc.day0	day0.rep1	3	2	0	p0	p0	28.1396336391035	0.223164566056289	beige	p0
asc_day0	27839	5263	asc_day0	asc	day0	rep1	1.31829447896835	3	4	asc.day0	day0.rep1	3	4	1	p1	p1	17.3517059222111	0.521051906543126	beige	p1
asc_day0	21778	4327	asc_day0	asc	day0	rep1	0.505096886766462	3	2	asc.day0	day0.rep1	3	2	1	p1	p1	36.2213350289466	4.32649893478132e-06	beige	p1
asc_day0	33306	5151	asc_day0	asc	day0	rep1	0.117096018735363	3	2	asc.day0	day0.rep1	3	2	0	p0	p0	35.907548864433	0.00866891236579814	beige	p0
asc_day0	36308	5209	asc_day0	asc	day0	rep1	0	3	2	asc.day0	day0.rep1	3	2	0	p0	p0	29.8491469893586	0.175959727574026	beige	p0
asc_day0	33442	5339	asc_day0	asc	day0	rep1	0.0956880569343939	3	2	asc.day0	day0.rep1	3	2	0	p0	p0	32.3513515977916	0.10686628389134	beige	p0
asc_day0	19993	4561	asc_day0	asc	day0	rep1	0.845295853548742	3	2	asc.day0	day0.rep1	3	2	1	p1	p1	31.1362762361165	0.140418192791666	beige	p1
asc_day0	63528	7695	asc_day0	asc	day0	rep1	0.925576123913865	3	2	asc.day0	day0.rep1	3	2	4	p4	p4	28.95507811294	0.200647675695089	beige	p4
asc_day0	24806	4539	asc_day0	asc	day0	rep1	0.205595420462791	3	2	asc.day0	day0.rep1	3	2	0	p0	p0	31.6998459405657	0.124856327265403	beige	p0
asc_day0	58568	6917	asc_day0	asc	day0	rep1	0.966398033055593	3	2	asc.day0	day0.rep1	3	2	4	p4	p4	32.9629762904809	0.0899774746721222	beige	p4
asc_day0	27873	5141	asc_day0	asc	day0	rep1	0.383884045492053	3	2	asc.day0	day0.rep1	3	2	0	p0	p0	32.79763262603	0.0945431137607596	beige	p0
asc_day0	30121	5202	asc_day0	asc	day0	rep1	0.4282726337107	3	2	asc.day0	day0.rep1	3	2	0	p0	p0	29.5982521347164	0.182887693996546	beige	p0
asc_day0	23274	4522	asc_day0	asc	day0	rep1	0.876514565609693	3	0	asc.day0	day0.rep1	3	0	2	p2	p2	21.9121224182454	0.395125002213877	beige	p2
asc_day0	28566	5504	asc_day0	asc	day0	rep1	0.644122383252818	3	2	asc.day0	day0.rep1	3	2	3	p3	p3	35.1089808594399	0.0307197923353371	beige	p3
asc_day0	31500	5250	asc_day0	asc	day0	rep1	0.59047619047619	3	2	asc.day0	day0.rep1	3	2	2	p2	p2	34.8284392724607	0.0384663947815461	beige	p2
asc_day0	29043	5743	asc_day0	asc	day0	rep1	2.57204834211342	3	0	asc.day0	day0.rep1	3	0	NA	t3	day0	21.4784665679723	0.407099552963058	beige	day0
asc_day0	37359	5901	asc_day0	asc	day0	rep1	1.19917556679783	3	2	asc.day0	day0.rep1	3	2	0	p0	p0	22.8087285700295	0.370366992239369	beige	p0
asc_day0	23018	4744	asc_day0	asc	day0	rep1	0.860196368059779	3	2	asc.day0	day0.rep1	3	2	0	p0	p0	26.8242473417902	0.259486363541632	beige	p0
asc_day0	33196	5979	asc_day0	asc	day0	rep1	0.515122303892035	8	7	asc.day0	day0.rep1	8	7	4	p4	p4	35.1089812123302	0.0307197825909701	beige	p4
asc_day0	23418	4742	asc_day0	asc	day0	rep1	1.29387650525237	3	2	asc.day0	day0.rep1	3	2	3	p3	p3	24.1536181729006	0.33323051917788	beige	p3
asc_day0	32692	5124	asc_day0	asc	day0	rep1	0.321179493454056	3	2	asc.day0	day0.rep1	3	2	0	p0	p0	34.9115853822843	0.0361704789970531	beige	p0
asc_day0	25303	5142	asc_day0	asc	day0	rep1	0.83389321424337	3	2	asc.day0	day0.rep1	3	2	0	p0	p0	30.0876519651285	0.169373883212675	beige	p0
asc_day0	36563	5878	asc_day0	asc	day0	rep1	0.678281322648579	3	2	asc.day0	day0.rep1	3	2	0	p0	p0	32.7555583942357	0.0957049106638477	beige	p0
asc_day0	22285	4739	asc_day0	asc	day0	rep1	0.44873233116446	3	2	asc.day0	day0.rep1	3	2	1	p1	p1	23.3498144749136	0.35542597247999	beige	p1
asc_day0	35307	5579	asc_day0	asc	day0	rep1	1.2830316934319	3	2	asc.day0	day0.rep1	3	2	3	p3	p3	24.0282354948391	0.33669271446608	beige	p3
asc_day0	24270	4748	asc_day0	asc	day0	rep1	0.716934487021014	3	2	asc.day0	day0.rep1	3	2	1	p1	p1	36.1673134411886	0.00149602606611987	beige	p1
asc_day0	50810	6989	asc_day0	asc	day0	rep1	0.826608935248967	3	2	asc.day0	day0.rep1	3	2	0	p0	p0	35.0139411479987	0.0333441264637108	beige	p0
asc_day0	42669	6075	asc_day0	asc	day0	rep1	0.972603060770114	3	2	asc.day0	day0.rep1	3	2	0	p0	p0	31.8765022407722	0.119978312058982	beige	p0
asc_day0	40364	5994	asc_day0	asc	day0	rep1	0.0768011098999108	3	2	asc.day0	day0.rep1	3	2	0	p0	p0	36.2213403222998	4.18033343019264e-06	beige	p0
asc_day0	21668	4335	asc_day0	asc	day0	rep1	0.521506368838841	11	8	asc.day0	day0.rep1	11	8	6	p6	p6	28.9539343674873	0.200679257969277	beige	p6
asc_day0	18692	4500	asc_day0	asc	day0	rep1	1.12347528354376	3	2	asc.day0	day0.rep1	3	2	3	p3	p3	25.0030325537072	0.309775616854653	beige	p3
asc_day0	56671	6466	asc_day0	asc	day0	rep1	0.0899931181733162	3	2	asc.day0	day0.rep1	3	2	0	p0	p0	33.3465371844899	0.0793861973082421	beige	p0
asc_day0	32292	5565	asc_day0	asc	day0	rep1	1.43069490895578	3	2	asc.day0	day0.rep1	3	2	2	p2	p2	30.4986682828294	0.158024478490125	beige	p2
asc_day0	30521	5348	asc_day0	asc	day0	rep1	0.386619049179254	3	2	asc.day0	day0.rep1	3	2	1	p1	p1	30.5057196327037	0.157829769374898	beige	p1
asc_day0	19020	4132	asc_day0	asc	day0	rep1	0.930599369085173	3	4	asc.day0	day0.rep1	3	4	1	p1	p1	18.8248488317958	0.48037397144665	beige	p1
asc_day0	19398	4241	asc_day0	asc	day0	rep1	0.649551500154655	3	0	asc.day0	day0.rep1	3	0	1	p1	p1	20.4396586203747	0.435784184980186	beige	p1
asc_day0	30922	4615	asc_day0	asc	day0	rep1	0	3	2	asc.day0	day0.rep1	3	2	0	p0	p0	29.5982524876066	0.182887684252179	beige	p0
asc_day0	28579	5243	asc_day0	asc	day0	rep1	1.47310962594912	3	2	asc.day0	day0.rep1	3	2	0	p0	p0	24.5017421690728	0.323617761834594	beige	p0
asc_day0	37009	5612	asc_day0	asc	day0	rep1	0.156718636007458	3	2	asc.day0	day0.rep1	3	2	1	p1	p1	36.2213438512019	4.08288976050386e-06	beige	p1
asc_day0	27911	5340	asc_day0	asc	day0	rep1	0.616244491419154	3	4	asc.day0	day0.rep1	3	4	0	p0	p0	22.8087292758099	0.370366972750635	beige	p0
asc_day0	43679	6409	asc_day0	asc	day0	rep1	0.760090661416241	3	2	asc.day0	day0.rep1	3	2	0	p0	p0	25.9246292688337	0.284327541777124	beige	p0
asc_day0	30692	5400	asc_day0	asc	day0	rep1	1.3684347712759	3	2	asc.day0	day0.rep1	3	2	0	p0	p0	30.3536622201398	0.162028534830013	beige	p0
asc_day0	32921	5501	asc_day0	asc	day0	rep1	0.543725889250023	3	0	asc.day0	day0.rep1	3	0	1	p1	p1	21.5751057671023	0.404431052137776	beige	p1
asc_day0	44921	6437	asc_day0	asc	day0	rep1	0.0934974733420894	8	2	asc.day0	day0.rep1	8	2	5	p5	p5	33.8494562318081	0.0654990800214613	beige	p5
asc_day0	28920	5518	asc_day0	asc	day0	rep1	0.919778699861687	3	0	asc.day0	day0.rep1	3	0	1	p1	p1	21.5420689985651	0.405343297322957	beige	p1
asc_day0	25614	4986	asc_day0	asc	day0	rep1	1.22198797532599	3	0	asc.day0	day0.rep1	3	0	1	p1	p1	36.2213452627627	4.04391229258394e-06	beige	p1
asc_day0	32150	5657	asc_day0	asc	day0	rep1	0.889580093312597	3	0	asc.day0	day0.rep1	3	0	1	p1	p1	19.1924043070965	0.47022465214344	beige	p1
asc_day0	32949	5033	asc_day0	asc	day0	rep1	0.106224771616741	3	2	asc.day0	day0.rep1	3	2	0	p0	p0	31.8735975058385	0.120058520583449	beige	p0
asc_day0	45209	6306	asc_day0	asc	day0	rep1	0.2057112521843	3	4	asc.day0	day0.rep1	3	4	0	p0	p0	20.3010957740187	0.439610324612791	beige	p0
asc_day0	28456	5390	asc_day0	asc	day0	rep1	0.368990722518977	8	7	asc.day0	day0.rep1	8	7	4	p4	p4	34.9639092430436	0.0347256588115059	beige	p4
asc_day0	43893	6520	asc_day0	asc	day0	rep1	0.118469915476272	8	2	asc.day0	day0.rep1	8	2	5	p5	p5	34.0807060960857	0.0591135712504191	beige	p5
asc_day0	34961	5343	asc_day0	asc	day0	rep1	0.637853608306399	3	2	asc.day0	day0.rep1	3	2	3	p3	p3	25.1923423992157	0.304548198958793	beige	p3
asc_day0	47229	6464	asc_day0	asc	day0	rep1	0.243494463147642	3	2	asc.day0	day0.rep1	3	2	0	p0	p0	34.8364763284378	0.0382444673369803	beige	p0
asc_day0	19558	4540	asc_day0	asc	day0	rep1	1.81511401983843	3	4	asc.day0	day0.rep1	3	4	1	p1	p1	20.6012252339955	0.431322841698511	beige	p1
asc_day0	30719	5129	asc_day0	asc	day0	rep1	0.58595657410723	3	2	asc.day0	day0.rep1	3	2	0	p0	p0	32.7976340375908	0.0945430747832918	beige	p0
asc_day0	21642	4862	asc_day0	asc	day0	rep1	0.854819332778856	3	4	asc.day0	day0.rep1	3	4	1	p1	p1	20.1430660220921	0.443974004436628	beige	p1
asc_day0	34073	5856	asc_day0	asc	day0	rep1	1.27960555278373	3	2	asc.day0	day0.rep1	3	2	0	p0	p0	25.151301012979	0.305681475869503	beige	p0
asc_day0	47504	6194	asc_day0	asc	day0	rep1	0.0842034355001684	3	2	asc.day0	day0.rep1	3	2	0	p0	p0	27.557500856322	0.239239014367753	beige	p0
asc_day0	41801	5786	asc_day0	asc	day0	rep1	0.0526303198488074	3	2	asc.day0	day0.rep1	3	2	0	p0	p0	31.7791271403041	0.122667133347863	beige	p0
asc_day0	44319	6265	asc_day0	asc	day0	rep1	0.315891604052438	3	2	asc.day0	day0.rep1	3	2	3	p3	p3	26.5189714309537	0.267915955543013	beige	p3
asc_day0	25652	5013	asc_day0	asc	day0	rep1	1.23187275845938	3	0	asc.day0	day0.rep1	3	0	2	p2	p2	19.9154528088742	0.450259094263375	beige	p2
asc_day0	17333	3851	asc_day0	asc	day0	rep1	0.825015865689725	3	4	asc.day0	day0.rep1	3	4	1	p1	p1	22.8087296287001	0.370366963006268	beige	p1
asc_day0	56529	7055	asc_day0	asc	day0	rep1	0.962337915052451	8	2	asc.day0	day0.rep1	8	2	5	p5	p5	28.7891132604607	0.205230467665591	beige	p5
asc_day0	38416	6230	asc_day0	asc	day0	rep1	0.205643481882549	3	2	asc.day0	day0.rep1	3	2	0	p0	p0	24.1916098917486	0.332181452815447	beige	p0
asc_day0	38496	5973	asc_day0	asc	day0	rep1	0.878013300083126	8	2	asc.day0	day0.rep1	8	2	5	p5	p5	31.6998477050167	0.124856278543569	beige	p5
asc_day0	31430	5506	asc_day0	asc	day0	rep1	0.416799236398345	3	2	asc.day0	day0.rep1	3	2	0	p0	p0	25.074412433071	0.307804602310806	beige	p0
asc_day0	36286	5748	asc_day0	asc	day0	rep1	0.603538554814529	3	0	asc.day0	day0.rep1	3	0	1	p1	p1	21.9121266529279	0.395124885281474	beige	p1
asc_day0	30455	5572	asc_day0	asc	day0	rep1	1.60236414381875	3	2	asc.day0	day0.rep1	3	2	0	p0	p0	29.8630962824037	0.175574545367033	beige	p0
asc_day0	41697	6013	asc_day0	asc	day0	rep1	0.280595726311245	3	2	asc.day0	day0.rep1	3	2	1	p1	p1	34.9517143695421	0.0350623961840825	beige	p1
asc_day0	27694	5064	asc_day0	asc	day0	rep1	0.657182061096266	3	2	asc.day0	day0.rep1	3	2	0	p0	p0	34.8342185884491	0.0383068103724907	beige	p0
asc_day0	25386	4961	asc_day0	asc	day0	rep1	0.256046639880249	3	2	asc.day0	day0.rep1	3	2	1	p1	p1	36.2213509090061	3.8880024211263e-06	beige	p1
asc_day0	24584	4838	asc_day0	asc	day0	rep1	0.492190042303938	3	2	asc.day0	day0.rep1	3	2	1	p1	p1	36.2213512618963	3.87825805414632e-06	beige	p1
asc_day0	15489	3768	asc_day0	asc	day0	rep1	1.74317257408483	3	2	asc.day0	day0.rep1	3	2	0	p0	p0	23.9134136221574	0.339863293949041	beige	p0
asc_day0	43258	6779	asc_day0	asc	day0	rep1	1.90947339220491	3	2	asc.day0	day0.rep1	3	2	0	p0	p0	28.1396346977742	0.223164536823188	beige	p0
asc_day0	25576	4667	asc_day0	asc	day0	rep1	0.250234594932749	3	2	asc.day0	day0.rep1	3	2	0	p0	p0	27.2163570145452	0.248659028518499	beige	p0
asc_day0	41806	6209	asc_day0	asc	day0	rep1	0.509496244558197	3	2	asc.day0	day0.rep1	3	2	2	p2	p2	34.3940624349467	0.0504608541709525	beige	p2
asc_day0	32016	5460	asc_day0	asc	day0	rep1	0.43415792103948	3	0	asc.day0	day0.rep1	3	0	1	p1	p1	21.9121273587084	0.395124865792741	beige	p1
asc_day0	14455	3529	asc_day0	asc	day0	rep1	0.25596679349706	3	2	asc.day0	day0.rep1	3	2	1	p1	p1	23.9670016353926	0.338383566686908	beige	p1
asc_day0	39277	6190	asc_day0	asc	day0	rep1	1.29592382310258	11	8	asc.day0	day0.rep1	11	8	6	p6	p6	32.8257041540324	0.093767973897063	beige	p6
asc_day0	35327	5401	asc_day0	asc	day0	rep1	0.591615478246101	3	2	asc.day0	day0.rep1	3	2	0	p0	p0	32.7976347433712	0.0945430552945579	beige	p0
asc_day0	28399	5062	asc_day0	asc	day0	rep1	0.542272615232931	3	0	asc.day0	day0.rep1	3	0	1	p1	p1	21.4784736257764	0.407099358075721	beige	p1
asc_day0	50789	6538	asc_day0	asc	day0	rep1	0.675343086101321	3	2	asc.day0	day0.rep1	3	2	0	p0	p0	31.2366332749397	0.13764703115815	beige	p0
asc_day0	40800	6160	asc_day0	asc	day0	rep1	0.786764705882353	3	2	asc.day0	day0.rep1	3	2	0	p0	p0	30.8215567481539	0.149108550544226	beige	p0
asc_day0	56082	6607	asc_day0	asc	day0	rep1	0.294212046645983	3	2	asc.day0	day0.rep1	3	2	0	p0	p0	34.6465897338483	0.0434878110208458	beige	p0
asc_day0	18816	4315	asc_day0	asc	day0	rep1	0.77593537414966	3	0	asc.day0	day0.rep1	3	0	1	p1	p1	21.9121280644888	0.395124846304007	beige	p1
asc_day0	31468	5687	asc_day0	asc	day0	rep1	1.18533113003686	3	2	asc.day0	day0.rep1	3	2	0	p0	p0	24.9820802926588	0.310354172206958	beige	p0
asc_day0	25754	4857	asc_day0	asc	day0	rep1	1.77448163392094	3	2	asc.day0	day0.rep1	3	2	1	p1	p1	36.2213533792376	3.81979185226644e-06	beige	p1
asc_day0	27873	5356	asc_day0	asc	day0	rep1	0.441287267247874	3	2	asc.day0	day0.rep1	3	2	1	p1	p1	34.8364784457791	0.0382444088707785	beige	p1
asc_day0	27065	5140	asc_day0	asc	day0	rep1	1.33382597450582	3	2	asc.day0	day0.rep1	3	2	0	p0	p0	34.6136277859134	0.0443979901827105	beige	p0
asc_day0	35879	5590	asc_day0	asc	day0	rep1	1.29044845174057	3	2	asc.day0	day0.rep1	3	2	2	p2	p2	34.6672268785162	0.0429179569856969	beige	p2
asc_day0	33175	5458	asc_day0	asc	day0	rep1	0.298417483044461	3	2	asc.day0	day0.rep1	3	2	3	p3	p3	26.5189717838439	0.267915945798646	beige	p3
asc_day0	21823	4705	asc_day0	asc	day0	rep1	0.549878568482793	3	4	asc.day0	day0.rep1	3	4	3	p3	p3	22.0507009600844	0.391298429181477	beige	p3
asc_day0	21320	4613	asc_day0	asc	day0	rep1	1.53846153846154	3	0	asc.day0	day0.rep1	3	0	1	p1	p1	36.2213537321278	3.81004748528646e-06	beige	p1
asc_day0	9378	2817	asc_day0	asc	day0	rep1	0.703774792066539	3	0	asc.day0	day0.rep1	3	0	1	p1	p1	21.892970396475	0.3956538475102	beige	p1
asc_day0	32953	6100	asc_day0	asc	day0	rep1	0.946803022486572	3	2	asc.day0	day0.rep1	3	2	0	p0	p0	25.9154050231856	0.284582251122256	beige	p0
asc_day0	26246	4824	asc_day0	asc	day0	rep1	0.190505219843024	3	2	asc.day0	day0.rep1	3	2	1	p1	p1	23.9680811236864	0.33835375874739	beige	p1
asc_day0	20364	4146	asc_day0	asc	day0	rep1	1.13926537026125	3	4	asc.day0	day0.rep1	3	4	2	p2	p2	22.7965455354901	0.370703402702364	beige	p2
asc_day0	48494	6806	asc_day0	asc	day0	rep1	1.01043428052955	3	2	asc.day0	day0.rep1	3	2	0	p0	p0	34.5910784328792	0.0450206460793141	beige	p0
asc_day0	24868	4964	asc_day0	asc	day0	rep1	0.800225188997909	3	0	asc.day0	day0.rep1	3	0	1	p1	p1	21.5045699893093	0.406378758482064	beige	p1
asc_day0	31862	5618	asc_day0	asc	day0	rep1	0.891343920657837	3	2	asc.day0	day0.rep1	3	2	3	p3	p3	25.2436480205695	0.303131495445555	beige	p3
asc_day0	18114	4155	asc_day0	asc	day0	rep1	0.31467373302418	3	0	asc.day0	day0.rep1	3	0	1	p1	p1	21.4784760960079	0.407099289865153	beige	p1
asc_day0	87191	8742	asc_day0	asc	day0	rep1	0.389948503859343	8	7	asc.day0	day0.rep1	8	7	4	p4	p4	28.9550802302812	0.200647617228887	beige	p4
asc_day0	31679	5569	asc_day0	asc	day0	rep1	0.280943211591275	3	0	asc.day0	day0.rep1	3	0	2	p2	p2	21.5013555400016	0.406467519157936	beige	p2
asc_day0	58336	6993	asc_day0	asc	day0	rep1	0.531404278661547	3	2	asc.day0	day0.rep1	3	2	4	p4	p4	33.8494572904788	0.0654990507883604	beige	p4
asc_day0	34342	5630	asc_day0	asc	day0	rep1	0.966746258226079	3	2	asc.day0	day0.rep1	3	2	1	p1	p1	36.2213562023593	3.74183691653762e-06	beige	p1
asc_day0	38871	5716	asc_day0	asc	day0	rep1	0.828381055285431	3	2	asc.day0	day0.rep1	3	2	2	p2	p2	31.3411358900497	0.134761397614251	beige	p2
asc_day0	28466	5354	asc_day0	asc	day0	rep1	0.895805522377573	3	2	asc.day0	day0.rep1	3	2	3	p3	p3	24.0929777538687	0.334904984712455	beige	p3
asc_day0	25904	5163	asc_day0	asc	day0	rep1	1.14268066707844	3	2	asc.day0	day0.rep1	3	2	0	p0	p0	29.6475985728493	0.181525089462694	beige	p0
asc_day0	27152	5307	asc_day0	asc	day0	rep1	1.88199764289923	8	7	asc.day0	day0.rep1	8	7	4	p4	p4	32.9200126840654	0.0911638299007348	beige	p4
asc_day0	15667	3816	asc_day0	asc	day0	rep1	0.440416161358269	3	0	asc.day0	day0.rep1	3	0	1	p1	p1	19.0924788794161	0.472983895686766	beige	p1
asc_day0	33493	5481	asc_day0	asc	day0	rep1	0.588182605320515	3	2	asc.day0	day0.rep1	3	2	0	p0	p0	33.0778333527104	0.0868059234992213	beige	p0
asc_day0	28091	5368	asc_day0	asc	day0	rep1	1.33850699512299	3	2	asc.day0	day0.rep1	3	2	0	p0	p0	27.6374298650933	0.237031932481827	beige	p0
asc_day0	80190	8463	asc_day0	asc	day0	rep1	0.337947374984412	8	7	asc.day0	day0.rep1	8	7	4	p4	p4	34.9639103017142	0.034725629578405	beige	p4
asc_day0	51702	6591	asc_day0	asc	day0	rep1	0.338478202003791	3	2	asc.day0	day0.rep1	3	2	1	p1	p1	36.2213593783712	3.65413761382882e-06	beige	p1
asc_day0	43861	6002	asc_day0	asc	day0	rep1	0.164154944027724	3	2	asc.day0	day0.rep1	3	2	0	p0	p0	31.6998505281384	0.124856200588634	beige	p0
asc_day0	38641	6642	asc_day0	asc	day0	rep1	0.546052120804327	3	2	asc.day0	day0.rep1	3	2	4	p4	p4	34.9639106546045	0.034725619834038	beige	p4
asc_day0	27680	5162	asc_day0	asc	day0	rep1	1.26083815028902	3	2	asc.day0	day0.rep1	3	2	3	p3	p3	33.849457643369	0.0654990410439934	beige	p3
asc_day0	12811	3301	asc_day0	asc	day0	rep1	2.5368823667161	3	2	asc.day0	day0.rep1	3	2	NA	t3	day0	32.9805726937702	0.0894915847110906	beige	day0
asc_day0	22704	4785	asc_day0	asc	day0	rep1	0.0132135306553911	3	0	asc.day0	day0.rep1	3	0	1	p1	p1	21.6143772440714	0.403346647779653	beige	p1
asc_day0	10610	3018	asc_day0	asc	day0	rep1	1.46088595664467	3	2	asc.day0	day0.rep1	3	2	1	p1	p1	34.9517150753225	0.0350623766953485	beige	p1
asc_day0	18758	4220	asc_day0	asc	day0	rep1	0.357180936133916	3	2	asc.day0	day0.rep1	3	2	1	p1	p1	21.8513565168733	0.396802932695715	beige	p1
asc_day0	47611	6107	asc_day0	asc	day0	rep1	0.581798323916742	3	2	asc.day0	day0.rep1	3	2	0	p0	p0	29.8073172719176	0.17711477269565	beige	p0
asc_day0	28392	4946	asc_day0	asc	day0	rep1	0.313468582699352	3	0	asc.day0	day0.rep1	3	0	1	p1	p1	36.221360789932	3.6151601459089e-06	beige	p1
asc_day0	27472	5151	asc_day0	asc	day0	rep1	1.11386138613861	3	2	asc.day0	day0.rep1	3	2	0	p0	p0	26.1244678486389	0.278809393655715	beige	p0
asc_day0	38773	5708	asc_day0	asc	day0	rep1	0.956851417223326	3	0	asc.day0	day0.rep1	3	0	1	p1	p1	21.4784775075687	0.407099250887685	beige	p1
asc_day0	25959	5396	asc_day0	asc	day0	rep1	1.22500866751416	3	2	asc.day0	day0.rep1	3	2	3	p3	p3	24.9820817042196	0.310354133229491	beige	p3
asc_day0	28689	5031	asc_day0	asc	day0	rep1	0.57513332636202	3	2	asc.day0	day0.rep1	3	2	1	p1	p1	34.8755874695411	0.0371644903374656	beige	p1
asc_day0	60556	6831	asc_day0	asc	day0	rep1	0.16678776669529	3	2	asc.day0	day0.rep1	3	2	0	p0	p0	33.7956151505803	0.066985795256934	beige	p0
asc_day0	34251	5306	asc_day0	asc	day0	rep1	0.899243817698753	3	2	asc.day0	day0.rep1	3	2	1	p1	p1	35.9217131320617	0.00827779405980078	beige	p1
asc_day0	19417	4222	asc_day0	asc	day0	rep1	0.947623216768811	3	2	asc.day0	day0.rep1	3	2	0	p0	p0	26.3087293834955	0.27372137489874	beige	p0
asc_day0	35545	6192	asc_day0	asc	day0	rep1	0.672387114924743	3	2	asc.day0	day0.rep1	3	2	3	p3	p3	35.1089836825616	0.0307197143804013	beige	p3
asc_day0	49130	6576	asc_day0	asc	day0	rep1	0.905760227966619	3	2	asc.day0	day0.rep1	3	2	1	p1	p1	36.2213632601635	3.54694957716006e-06	beige	p1
asc_day0	25873	4960	asc_day0	asc	day0	rep1	1.39527692961775	3	2	asc.day0	day0.rep1	3	2	1	p1	p1	34.8534210910617	0.0377765711473064	beige	p1
asc_day0	30232	4938	asc_day0	asc	day0	rep1	0.645011907912146	3	2	asc.day0	day0.rep1	3	2	0	p0	p0	36.0012751526134	0.00608084582953028	beige	p0
asc_day0	29210	5016	asc_day0	asc	day0	rep1	0.205409106470387	3	2	asc.day0	day0.rep1	3	2	0	p0	p0	31.7353478103603	0.123876013172376	beige	p0
asc_day0	37149	5426	asc_day0	asc	day0	rep1	0.0807558749899055	3	2	asc.day0	day0.rep1	3	2	2	p2	p2	34.9314305874793	0.0356224928080381	beige	p2
asc_day0	26374	4938	asc_day0	asc	day0	rep1	0.212330325320391	3	0	asc.day0	day0.rep1	3	0	1	p1	p1	21.7898280599077	0.398501919645825	beige	p1
asc_day0	35928	5319	asc_day0	asc	day0	rep1	0.225450901803607	11	8	asc.day0	day0.rep1	11	8	6	p6	p6	32.1844535990074	0.111474842856057	beige	p6
asc_day0	46131	6347	asc_day0	asc	day0	rep1	0.429212460167783	3	2	asc.day0	day0.rep1	3	2	1	p1	p1	36.0071862967817	0.0059176212453701	beige	p1
asc_day0	27719	4919	asc_day0	asc	day0	rep1	0.33550993903099	3	2	asc.day0	day0.rep1	3	2	0	p0	p0	35.8898197057995	0.0091584681037491	beige	p0
asc_day0	21480	4603	asc_day0	asc	day0	rep1	0.651769087523277	3	2	asc.day0	day0.rep1	3	2	3	p3	p3	24.98208241	0.310354113740757	beige	p3
asc_day0	33976	5528	asc_day0	asc	day0	rep1	0.597480574523193	3	2	asc.day0	day0.rep1	3	2	0	p0	p0	28.6488387025632	0.209103872835391	beige	p0
asc_day0	28344	5353	asc_day0	asc	day0	rep1	1.78521027377928	3	2	asc.day0	day0.rep1	3	2	0	p0	p0	25.0851892063323	0.307507022978604	beige	p0
asc_day0	37094	5703	asc_day0	asc	day0	rep1	0.657788321561439	3	2	asc.day0	day0.rep1	3	2	0	p0	p0	34.5274860648851	0.0467766238606034	beige	p0
asc_day0	55607	7034	asc_day0	asc	day0	rep1	0.325498588307227	3	2	asc.day0	day0.rep1	3	2	3	p3	p3	28.139636109335	0.223164497845721	beige	p3
asc_day0	29280	5389	asc_day0	asc	day0	rep1	1.19535519125683	3	2	asc.day0	day0.rep1	3	2	2	p2	p2	24.5017439335239	0.32361771311276	beige	p2
asc_day0	28311	5178	asc_day0	asc	day0	rep1	0.402670340150472	3	0	asc.day0	day0.rep1	3	0	1	p1	p1	21.5745567444697	0.404446212314613	beige	p1
asc_day0	14659	3931	asc_day0	asc	day0	rep1	1.18698410532778	3	0	asc.day0	day0.rep1	3	0	1	p1	p1	21.47847962491	0.407099192421484	beige	p1
asc_day0	56919	7015	asc_day0	asc	day0	rep1	0.504225302623026	3	2	asc.day0	day0.rep1	3	2	0	p0	p0	31.6998522925894	0.124856151866799	beige	p0
asc_day0	26596	4861	asc_day0	asc	day0	rep1	1.31222740261693	3	4	asc.day0	day0.rep1	3	4	1	p1	p1	21.9121308876104	0.395124768349072	beige	p1
asc_day0	25829	4739	asc_day0	asc	day0	rep1	0.642688450965968	3	2	asc.day0	day0.rep1	3	2	1	p1	p1	34.8364830333518	0.0382442821940079	beige	p1
asc_day0	30186	5097	asc_day0	asc	day0	rep1	1.22573378387332	3	4	asc.day0	day0.rep1	3	4	1	p1	p1	17.3350963751222	0.521510546417147	beige	p1
asc_day0	36012	5535	asc_day0	asc	day0	rep1	0.294346329001444	3	0	asc.day0	day0.rep1	3	0	1	p1	p1	36.2213660832852	3.46899464132022e-06	beige	p1
asc_day0	39960	5994	asc_day0	asc	day0	rep1	0.342842842842843	3	2	asc.day0	day0.rep1	3	2	4	p4	p4	33.9319219152292	0.0632219528696656	beige	p4
asc_day0	29457	5186	asc_day0	asc	day0	rep1	0.763825236785823	3	2	asc.day0	day0.rep1	3	2	1	p1	p1	35.9166407615528	0.00841785756416435	beige	p1
asc_day0	49438	6033	asc_day0	asc	day0	rep1	0.25081920789676	3	0	asc.day0	day0.rep1	3	0	2	p2	p2	21.4784810364708	0.407099153444017	beige	p2
asc_day0	40190	5605	asc_day0	asc	day0	rep1	0.619557103757153	3	2	asc.day0	day0.rep1	3	2	0	p0	p0	34.8364837391323	0.0382442627052739	beige	p0
asc_day0	23230	4687	asc_day0	asc	day0	rep1	0.473525613430908	3	2	asc.day0	day0.rep1	3	2	1	p1	p1	23.9307577788039	0.339384369281396	beige	p1
asc_day0	38109	5648	asc_day0	asc	day0	rep1	0.0760975097745939	3	2	asc.day0	day0.rep1	3	2	0	p0	p0	30.0366507350985	0.17078218156004	beige	p0
asc_day0	23768	4549	asc_day0	asc	day0	rep1	1.41787277011107	3	2	asc.day0	day0.rep1	3	2	3	p3	p3	33.84945940782	0.0654989923221585	beige	p3
asc_day0	19971	4397	asc_day0	asc	day0	rep1	0.836212508136798	3	0	asc.day0	day0.rep1	3	0	1	p1	p1	21.9121326520615	0.395124719627237	beige	p1
asc_day0	47675	6000	asc_day0	asc	day0	rep1	0.528578919769271	3	2	asc.day0	day0.rep1	3	2	0	p0	p0	29.3190265840363	0.190597956696753	beige	p0
asc_day0	60592	7084	asc_day0	asc	day0	rep1	0.0544626353313969	3	2	asc.day0	day0.rep1	3	2	0	p0	p0	34.7775974893194	0.0398702903176501	beige	p0
asc_day0	37529	5776	asc_day0	asc	day0	rep1	0.293106664179701	3	2	asc.day0	day0.rep1	3	2	0	p0	p0	29.6525460554121	0.181388474492571	beige	p0
asc_day0	19900	4153	asc_day0	asc	day0	rep1	1.41708542713568	3	0	asc.day0	day0.rep1	3	0	1	p1	p1	21.9121337107321	0.395124690394137	beige	p1
asc_day0	19166	4402	asc_day0	asc	day0	rep1	1.15308358551602	11	0	asc.day0	day0.rep1	11	0	6	p6	p6	21.4784817422512	0.407099133955283	beige	p6
asc_day0	18052	4072	asc_day0	asc	day0	rep1	0.758918679370707	3	2	asc.day0	day0.rep1	3	2	1	p1	p1	23.4796395640257	0.351841108775026	beige	p1
asc_day0	25302	4852	asc_day0	asc	day0	rep1	1.10267963006877	3	2	asc.day0	day0.rep1	3	2	0	p0	p0	31.8484776583742	0.120752155612431	beige	p0
asc_day0	30401	5177	asc_day0	asc	day0	rep1	0.499983553172593	3	4	asc.day0	day0.rep1	3	4	1	p1	p1	23.3498148278038	0.355425962735623	beige	p1
asc_day0	33863	5791	asc_day0	asc	day0	rep1	0.744175058323244	3	2	asc.day0	day0.rep1	3	2	3	p3	p3	24.5017442864141	0.323617703368393	beige	p3
asc_day0	20784	4320	asc_day0	asc	day0	rep1	0.721709006928406	3	4	asc.day0	day0.rep1	3	4	1	p1	p1	22.8087313931512	0.370366914284434	beige	p1
asc_day0	28111	5391	asc_day0	asc	day0	rep1	1.78577780939846	3	2	asc.day0	day0.rep1	3	2	0	p0	p0	31.6114715791999	0.127296610901457	beige	p0
asc_day0	47550	6474	asc_day0	asc	day0	rep1	1.00736067297581	3	2	asc.day0	day0.rep1	3	2	0	p0	p0	31.8318936661514	0.121210089839242	beige	p0
asc_day0	20465	4406	asc_day0	asc	day0	rep1	1.45125824578549	3	2	asc.day0	day0.rep1	3	2	0	p0	p0	30.4566609791222	0.15918442730613	beige	p0
asc_day0	35778	5797	asc_day0	asc	day0	rep1	0.662418245849405	3	2	asc.day0	day0.rep1	3	2	0	p0	p0	27.6486124539247	0.236723147353285	beige	p0
asc_day0	33873	5605	asc_day0	asc	day0	rep1	0.811856050541729	3	2	asc.day0	day0.rep1	3	2	0	p0	p0	30.4509548452414	0.159341990935663	beige	p0
asc_day0	27882	4704	asc_day0	asc	day0	rep1	0.559500753174091	3	2	asc.day0	day0.rep1	3	2	1	p1	p1	36.0301545215583	0.00528339903198993	beige	p1
asc_day0	28677	5705	asc_day0	asc	day0	rep1	1.6494054468738	3	2	asc.day0	day0.rep1	3	2	4	p4	p4	34.9639134777261	0.0347255418791023	beige	p4
asc_day0	40488	5495	asc_day0	asc	day0	rep1	0.269215570045446	3	2	asc.day0	day0.rep1	3	2	0	p0	p0	33.24773294637	0.0821144814138416	beige	p0
asc_day0	22103	4491	asc_day0	asc	day0	rep1	0.674116635750803	3	0	asc.day0	day0.rep1	3	0	1	p1	p1	21.4784842124827	0.407099065744715	beige	p1
asc_day0	18754	3846	asc_day0	asc	day0	rep1	0.869147915111443	3	0	asc.day0	day0.rep1	3	0	1	p1	p1	22.8087317460414	0.370366904540067	beige	p1
asc_day0	43183	5798	asc_day0	asc	day0	rep1	0.0277887131510085	3	2	asc.day0	day0.rep1	3	2	0	p0	p0	33.7737914074156	0.0675884148685432	beige	p0
asc_day0	36186	5597	asc_day0	asc	day0	rep1	0.961697894213232	3	2	asc.day0	day0.rep1	3	2	1	p1	p1	34.8364872680344	0.0382441652616042	beige	p1
asc_day0	29505	5603	asc_day0	asc	day0	rep1	1.06422640230469	3	0	asc.day0	day0.rep1	3	0	2	p2	p2	36.2213759642111	3.19615236621384e-06	beige	p2
asc_day0	28890	5218	asc_day0	asc	day0	rep1	0.9865005192108	3	2	asc.day0	day0.rep1	3	2	0	p0	p0	23.8850011355753	0.340647848711243	beige	p0
asc_day0	25426	4576	asc_day0	asc	day0	rep1	1.16809565012192	3	2	asc.day0	day0.rep1	3	2	1	p1	p1	26.8578772902918	0.258557738862014	beige	p1
asc_day0	19827	4641	asc_day0	asc	day0	rep1	0.42366469965199	3	2	asc.day0	day0.rep1	3	2	1	p1	p1	23.5992077597585	0.348539468944988	beige	p1
asc_day0	26260	5208	asc_day0	asc	day0	rep1	0.262757044935263	3	0	asc.day0	day0.rep1	3	0	1	p1	p1	36.221377375772	3.15717489829392e-06	beige	p1
asc_day0	28403	5054	asc_day0	asc	day0	rep1	0.397845298031898	3	4	asc.day0	day0.rep1	3	4	1	p1	p1	21.9390153338673	0.394382407405795	beige	p1
asc_day0	18850	4356	asc_day0	asc	day0	rep1	1.0079575596817	3	0	asc.day0	day0.rep1	3	0	1	p1	p1	20.0626476873463	0.446194598093951	beige	p1
asc_day0	33778	5385	asc_day0	asc	day0	rep1	0.213156492391497	3	2	asc.day0	day0.rep1	3	2	1	p1	p1	34.8364890324854	0.0382441165397694	beige	p1
asc_day0	33349	5287	asc_day0	asc	day0	rep1	0.209901346367207	3	2	asc.day0	day0.rep1	3	2	3	p3	p3	29.2643586277959	0.192107504454363	beige	p3
asc_day0	20988	4660	asc_day0	asc	day0	rep1	0.957690108633505	3	0	asc.day0	day0.rep1	3	0	1	p1	p1	21.5965435338168	0.403839090504351	beige	p1
asc_day0	36890	6365	asc_day0	asc	day0	rep1	1.04093250203307	8	7	asc.day0	day0.rep1	8	7	5	p5	p5	34.9639141835066	0.0347255223903683	beige	p5
asc_day0	35214	5351	asc_day0	asc	day0	rep1	0.445845402396774	3	2	asc.day0	day0.rep1	3	2	1	p1	p1	34.9402672849296	0.0353784848417972	beige	p1
asc_day0	22041	4524	asc_day0	asc	day0	rep1	0.635179892019418	3	4	asc.day0	day0.rep1	3	4	1	p1	p1	20.3394297874756	0.438551806460042	beige	p1
asc_day0	29409	5307	asc_day0	asc	day0	rep1	0.822877350470944	3	2	asc.day0	day0.rep1	3	2	3	p3	p3	33.8494608193809	0.0654989533446907	beige	p3
asc_day0	35115	5446	asc_day0	asc	day0	rep1	1.04513740566709	3	2	asc.day0	day0.rep1	3	2	0	p0	p0	34.5326696220509	0.0466334901560681	beige	p0
asc_day0	36157	5706	asc_day0	asc	day0	rep1	0.766103382470891	3	2	asc.day0	day0.rep1	3	2	2	p2	p2	30.0876530237991	0.169373853979575	beige	p2
asc_day0	25993	4894	asc_day0	asc	day0	rep1	0.865617666294772	3	2	asc.day0	day0.rep1	3	2	0	p0	p0	34.9099936456021	0.0362144316652067	beige	p0
asc_day0	27308	4601	asc_day0	asc	day0	rep1	0.424783946096382	3	2	asc.day0	day0.rep1	3	2	3	p3	p3	24.9820838215609	0.31035407476329	beige	p3
asc_day0	33185	5508	asc_day0	asc	day0	rep1	0.343528702727136	3	2	asc.day0	day0.rep1	3	2	1	p1	p1	35.7727642383525	0.0123907238995158	beige	p1
asc_day0	14505	3413	asc_day0	asc	day0	rep1	0.83419510513616	3	2	asc.day0	day0.rep1	3	2	1	p1	p1	36.221379140223	3.10845306350505e-06	beige	p1
asc_day0	47130	6400	asc_day0	asc	day0	rep1	0.23976235943136	3	0	asc.day0	day0.rep1	3	0	2	p2	p2	21.4784863298239	0.407099007278513	beige	p2
asc_day0	60469	7384	asc_day0	asc	day0	rep1	0.277828308720171	3	2	asc.day0	day0.rep1	3	2	3	p3	p3	25.9586573684321	0.283387922940474	beige	p3
asc_day0	21602	4551	asc_day0	asc	day0	rep1	1.09249143597815	3	2	asc.day0	day0.rep1	3	2	0	p0	p0	36.012925179961	0.00575915330857069	beige	p0
asc_day0	16974	3982	asc_day0	asc	day0	rep1	0.229763167196889	3	2	asc.day0	day0.rep1	3	2	0	p0	p0	34.8551990156935	0.0377274772662536	beige	p0
asc_day0	19520	4316	asc_day0	asc	day0	rep1	0.814549180327869	3	2	asc.day0	day0.rep1	3	2	0	p0	p0	29.720448087617	0.179513493836601	beige	p0
asc_day0	42070	6741	asc_day0	asc	day0	rep1	1.27644402186831	3	2	asc.day0	day0.rep1	3	2	0	p0	p0	24.5017456979749	0.323617664390925	beige	p0
asc_day0	30182	5023	asc_day0	asc	day0	rep1	0.284938042541912	3	2	asc.day0	day0.rep1	3	2	0	p0	p0	30.5339426591538	0.157050446180457	beige	p0
asc_day0	27528	5282	asc_day0	asc	day0	rep1	1.84176111595466	3	2	asc.day0	day0.rep1	3	2	3	p3	p3	28.1396375208958	0.223164458868253	beige	p3
asc_day0	26958	5438	asc_day0	asc	day0	rep1	0.649157949402775	3	2	asc.day0	day0.rep1	3	2	3	p3	p3	24.9820852331217	0.310354035785822	beige	p3
asc_day0	22724	4205	asc_day0	asc	day0	rep1	0.616088716775216	3	0	asc.day0	day0.rep1	3	0	2	p2	p2	24.0937342562091	0.33488409539282	beige	p2
asc_day0	36996	5467	asc_day0	asc	day0	rep1	0.591955887122932	3	2	asc.day0	day0.rep1	3	2	0	p0	p0	31.4074063747038	0.13293146892503	beige	p0
asc_day0	23527	4748	asc_day0	asc	day0	rep1	1.04560717473541	3	0	asc.day0	day0.rep1	3	0	1	p1	p1	36.2213833749056	2.99152065985631e-06	beige	p1
asc_day0	20317	3954	asc_day0	asc	day0	rep1	0.644780233302161	3	2	asc.day0	day0.rep1	3	2	0	p0	p0	35.9801375459745	0.00666451913464983	beige	p0
asc_day0	28935	5141	asc_day0	asc	day0	rep1	0.604803870744773	3	2	asc.day0	day0.rep1	3	2	0	p0	p0	25.9602259658511	0.283344609217422	beige	p0
asc_day0	31554	5255	asc_day0	asc	day0	rep1	2.84591493946885	3	2	asc.day0	day0.rep1	3	2	NA	t3	day0	25.2901829763231	0.301846524450855	beige	day0
asc_day0	30080	5404	asc_day0	asc	day0	rep1	0.628324468085106	3	0	asc.day0	day0.rep1	3	0	2	p2	p2	21.9121390040852	0.395124544228634	beige	p2
asc_day0	27029	5136	asc_day0	asc	day0	rep1	0.773243553220615	3	4	asc.day0	day0.rep1	3	4	1	p1	p1	21.9121393569754	0.395124534484267	beige	p1
asc_day0	35990	5378	asc_day0	asc	day0	rep1	0.905807168657961	3	2	asc.day0	day0.rep1	3	2	0	p0	p0	33.6584402165676	0.0707736104283799	beige	p0
asc_day0	32792	5959	asc_day0	asc	day0	rep1	0.146377165162235	3	2	asc.day0	day0.rep1	3	2	3	p3	p3	35.1089865056833	0.0307196364254656	beige	p3
asc_day0	34479	5772	asc_day0	asc	day0	rep1	0.997708750253778	3	0	asc.day0	day0.rep1	3	0	1	p1	p1	21.9121397098656	0.3951245247399	beige	p1
asc_day0	41147	6315	asc_day0	asc	day0	rep1	0.809293508639755	8	2	asc.day0	day0.rep1	8	2	5	p5	p5	32.9200130369556	0.0911638201563678	beige	p5
asc_day0	40681	5798	asc_day0	asc	day0	rep1	0.326933949509599	3	0	asc.day0	day0.rep1	3	0	1	p1	p1	36.2213851393566	2.94279882495641e-06	beige	p1
asc_day0	26978	5027	asc_day0	asc	day0	rep1	1.15649788716732	3	2	asc.day0	day0.rep1	3	2	0	p0	p0	34.8825945679259	0.0369710031398173	beige	p0
asc_day0	44720	6116	asc_day0	asc	day0	rep1	0.518783542039356	3	2	asc.day0	day0.rep1	3	2	0	p0	p0	27.6374312766541	0.237031893504359	beige	p0
asc_day0	22649	4179	asc_day0	asc	day0	rep1	0.534239922292375	3	0	asc.day0	day0.rep1	3	0	1	p1	p1	36.221385845137	2.92331009099644e-06	beige	p1
asc_day0	18138	4027	asc_day0	asc	day0	rep1	0.121292314477892	3	0	asc.day0	day0.rep1	3	0	2	p2	p2	20.43274288256	0.435975149435937	beige	p2
asc_day0	16754	4008	asc_day0	asc	day0	rep1	0.871433687477617	3	2	asc.day0	day0.rep1	3	2	0	p0	p0	35.9077909156106	0.00866222860007049	beige	p0
asc_day0	16826	3674	asc_day0	asc	day0	rep1	0.944966123855937	3	0	asc.day0	day0.rep1	3	0	1	p1	p1	21.478488094275	0.407098958556679	beige	p1
asc_day0	27387	5267	asc_day0	asc	day0	rep1	1.15748347756235	11	8	asc.day0	day0.rep1	11	8	6	p6	p6	32.1844543047878	0.111474823367323	beige	p6
asc_day0	21930	4644	asc_day0	asc	day0	rep1	0.948472412220702	3	0	asc.day0	day0.rep1	3	0	1	p1	p1	19.8829286576706	0.451157184532229	beige	p1
asc_day0	20725	4286	asc_day0	asc	day0	rep1	0.0772014475271411	3	2	asc.day0	day0.rep1	3	2	1	p1	p1	35.9352496693013	0.00790400929005175	beige	p1
asc_day0	34944	5388	asc_day0	asc	day0	rep1	1.00446428571429	3	2	asc.day0	day0.rep1	3	2	0	p0	p0	24.5017467566455	0.323617635157825	beige	p0
asc_day0	49176	6481	asc_day0	asc	day0	rep1	0.366032210834553	3	0	asc.day0	day0.rep1	3	0	1	p1	p1	21.9121414743167	0.395124476018066	beige	p1
asc_day0	27075	5074	asc_day0	asc	day0	rep1	0.982456140350877	8	2	asc.day0	day0.rep1	8	2	5	p5	p5	24.9820859389021	0.310354016297088	beige	p5
asc_day0	36541	5734	asc_day0	asc	day0	rep1	0.399551189075285	3	2	asc.day0	day0.rep1	3	2	3	p3	p3	27.6066398547478	0.237882137872157	beige	p3
asc_day0	27732	5639	asc_day0	asc	day0	rep1	0.905091590941872	3	2	asc.day0	day0.rep1	3	2	3	p3	p3	25.0781917324369	0.307700244414967	beige	p3
asc_day0	23874	4557	asc_day0	asc	day0	rep1	0.707883052693307	3	4	asc.day0	day0.rep1	3	4	1	p1	p1	20.0886839584659	0.445475657833731	beige	p1
asc_day0	27903	4902	asc_day0	asc	day0	rep1	0.80278106296814	3	2	asc.day0	day0.rep1	3	2	0	p0	p0	31.4212989685489	0.132547852354583	beige	p0
asc_day0	18335	4086	asc_day0	asc	day0	rep1	0.769020998091083	3	4	asc.day0	day0.rep1	3	4	1	p1	p1	22.8087320989316	0.3703668947957	beige	p1
asc_day0	37642	5457	asc_day0	asc	day0	rep1	0.310823016842888	3	2	asc.day0	day0.rep1	3	2	0	p0	p0	25.9602266716315	0.283344589728688	beige	p0
asc_day0	34117	5462	asc_day0	asc	day0	rep1	0.712254887592696	3	2	asc.day0	day0.rep1	3	2	0	p0	p0	35.9065835536824	0.0086955675177226	beige	p0
asc_day0	24234	4642	asc_day0	asc	day0	rep1	0.165057357431708	3	2	asc.day0	day0.rep1	3	2	2	p2	p2	26.8578790547428	0.25855769014018	beige	p2
asc_day0	39844	6249	asc_day0	asc	day0	rep1	1.70414617006325	3	2	asc.day0	day0.rep1	3	2	3	p3	p3	28.5696866589934	0.211289500360146	beige	p3
asc_day0	35064	5593	asc_day0	asc	day0	rep1	0.561829796942733	3	2	asc.day0	day0.rep1	3	2	3	p3	p3	33.8494625838319	0.0654989046228558	beige	p3
asc_day0	55968	6824	asc_day0	asc	day0	rep1	0.645011435105775	3	2	asc.day0	day0.rep1	3	2	0	p0	p0	27.5575029736632	0.239238955901552	beige	p0
asc_day0	65729	7278	asc_day0	asc	day0	rep1	0.401649195940909	8	2	asc.day0	day0.rep1	8	2	4	p4	p4	32.0367039691178	0.11555465739141	beige	p4
asc_day0	12914	3523	asc_day0	asc	day0	rep1	1.19250425894378	3	0	asc.day0	day0.rep1	3	0	1	p1	p1	20.4880683053489	0.434447447036698	beige	p1
asc_day0	22424	4666	asc_day0	asc	day0	rep1	1.123795932929	3	4	asc.day0	day0.rep1	3	4	1	p1	p1	20.2852671472121	0.440047400913885	beige	p1
asc_day0	23187	4542	asc_day0	asc	day0	rep1	1.26363910812093	3	2	asc.day0	day0.rep1	3	2	0	p0	p0	24.9820873504629	0.310353977319621	beige	p0
asc_day0	21085	4487	asc_day0	asc	day0	rep1	0.564382262271757	3	4	asc.day0	day0.rep1	3	4	1	p1	p1	20.4674787131949	0.435015988002993	beige	p1
asc_day0	49012	6404	asc_day0	asc	day0	rep1	0.197910715743083	3	2	asc.day0	day0.rep1	3	2	2	p2	p2	31.3555010465136	0.134364732159401	beige	p2
asc_day0	38075	5579	asc_day0	asc	day0	rep1	0.472751149047932	3	2	asc.day0	day0.rep1	3	2	0	p0	p0	25.9154085520877	0.284582153678587	beige	p0
asc_day0	18827	4030	asc_day0	asc	day0	rep1	0.802039623944335	3	4	asc.day0	day0.rep1	3	4	1	p1	p1	21.9121442974383	0.395124398063131	beige	p1
asc_day0	27091	5509	asc_day0	asc	day0	rep1	1.01878852755528	3	2	asc.day0	day0.rep1	3	2	3	p3	p3	24.9820880562433	0.310353957830887	beige	p3
asc_day0	29670	5300	asc_day0	asc	day0	rep1	0.121334681496461	3	2	asc.day0	day0.rep1	3	2	0	p0	p0	30.3536696308342	0.162028330198309	beige	p0
asc_day0	22354	4656	asc_day0	asc	day0	rep1	0.0626286123288897	3	0	asc.day0	day0.rep1	3	0	1	p1	p1	21.4784905645064	0.407098890346111	beige	p1
asc_day0	22142	4562	asc_day0	asc	day0	rep1	0.501309728118508	3	2	asc.day0	day0.rep1	3	2	1	p1	p1	24.0937360206602	0.334884046670986	beige	p1
asc_day0	49110	6872	asc_day0	asc	day0	rep1	0.30543677458766	8	2	asc.day0	day0.rep1	8	2	5	p5	p5	33.8544419095047	0.0653614103680739	beige	p5
asc_day0	20062	4652	asc_day0	asc	day0	rep1	0.772604924733327	3	4	asc.day0	day0.rep1	3	4	2	p2	p2	20.2922807086501	0.439853735251773	beige	p2
asc_day0	11552	2425	asc_day0	asc	day0	rep1	1.69667590027701	3	9	asc.day0	day0.rep1	3	9	0	p0	p0	36.2213953731727	2.66021218287005e-06	beige	p0
asc_day0	52395	6189	asc_day0	asc	day0	rep1	0.412253077583739	3	2	asc.day0	day0.rep1	3	2	0	p0	p0	32.9805737524408	0.0894915554779898	beige	p0
asc_day0	18130	4341	asc_day0	asc	day0	rep1	0.397131825703254	3	2	asc.day0	day0.rep1	3	2	1	p1	p1	36.221395726063	2.65046781589007e-06	beige	p1
asc_day0	25064	4736	asc_day0	asc	day0	rep1	0.805936801787424	3	4	asc.day0	day0.rep1	3	4	1	p1	p1	21.8977701843682	0.39552131083699	beige	p1
asc_day0	31881	5424	asc_day0	asc	day0	rep1	0.865719393996424	3	2	asc.day0	day0.rep1	3	2	0	p0	p0	27.1169896940063	0.251402861034198	beige	p0
asc_day0	28077	4789	asc_day0	asc	day0	rep1	0.292053994372618	3	2	asc.day0	day0.rep1	3	2	1	p1	p1	36.2213964318434	2.63097908193011e-06	beige	p1
asc_day0	42927	6308	asc_day0	asc	day0	rep1	0.416986977892702	3	2	asc.day0	day0.rep1	3	2	2	p2	p2	24.990512092204	0.310121344697547	beige	p2
asc_day0	59372	6888	asc_day0	asc	day0	rep1	0.67371825102742	3	2	asc.day0	day0.rep1	3	2	0	p0	p0	27.5620386392443	0.239113712444909	beige	p0
asc_day0	29764	4913	asc_day0	asc	day0	rep1	2.05953500873539	3	2	asc.day0	day0.rep1	3	2	1	p1	p1	36.0120600326412	0.00578304264496421	beige	p1
asc_day0	17198	4102	asc_day0	asc	day0	rep1	0.930340737295034	3	4	asc.day0	day0.rep1	3	4	1	p1	p1	20.437103741228	0.435854732927321	beige	p1
asc_day0	33575	4842	asc_day0	asc	day0	rep1	0.318689501116902	3	2	asc.day0	day0.rep1	3	2	0	p0	p0	33.3342669336337	0.0797250160777587	beige	p0
asc_day0	16689	4118	asc_day0	asc	day0	rep1	1.09053867817125	3	0	asc.day0	day0.rep1	3	0	1	p1	p1	21.4788690861825	0.407088438216807	beige	p1
asc_day0	27958	4822	asc_day0	asc	day0	rep1	0.990771872093855	3	2	asc.day0	day0.rep1	3	2	1	p1	p1	26.6777766582952	0.263530862495523	beige	p1
asc_day0	60847	7103	asc_day0	asc	day0	rep1	0.435518595822308	3	2	asc.day0	day0.rep1	3	2	0	p0	p0	31.7762663680597	0.122746127929397	beige	p0
asc_day0	15082	3862	asc_day0	asc	day0	rep1	1.02108473677231	3	2	asc.day0	day0.rep1	3	2	1	p1	p1	22.0311438534741	0.391838460096463	beige	p1
asc_day0	33526	5348	asc_day0	asc	day0	rep1	0.83517270178369	3	2	asc.day0	day0.rep1	3	2	0	p0	p0	28.8328940817129	0.204021546661538	beige	p0
asc_day0	22642	4342	asc_day0	asc	day0	rep1	0.220828548714778	3	2	asc.day0	day0.rep1	3	2	1	p1	p1	36.2213981962944	2.58225724703021e-06	beige	p1
asc_day0	21774	4410	asc_day0	asc	day0	rep1	0.43630017452007	3	2	asc.day0	day0.rep1	3	2	1	p1	p1	24.0937367264406	0.334884027182252	beige	p1
asc_day0	25034	4669	asc_day0	asc	day0	rep1	0.738994966845091	3	4	asc.day0	day0.rep1	3	4	1	p1	p1	21.9121474734502	0.395124310363829	beige	p1
asc_day0	21626	4259	asc_day0	asc	day0	rep1	0.73060205308425	3	2	asc.day0	day0.rep1	3	2	0	p0	p0	31.6998575859425	0.124856005701296	beige	p0
asc_day0	51428	6771	asc_day0	asc	day0	rep1	0.867231858131757	3	2	asc.day0	day0.rep1	3	2	1	p1	p1	36.2214013723063	2.49455794432141e-06	beige	p1
asc_day0	28595	4761	asc_day0	asc	day0	rep1	0.178352858891415	3	2	asc.day0	day0.rep1	3	2	0	p0	p0	31.7353506334819	0.123875935217441	beige	p0
asc_day0	43539	6592	asc_day0	asc	day0	rep1	1.22878338960472	8	2	asc.day0	day0.rep1	8	2	4	p4	p4	28.8332447580798	0.204011863425514	beige	p4
asc_day0	30635	5224	asc_day0	asc	day0	rep1	0.244818018606169	3	2	asc.day0	day0.rep1	3	2	1	p1	p1	36.221402430977	2.46532484349249e-06	beige	p1
asc_day0	37911	5851	asc_day0	asc	day0	rep1	0.440505394212761	3	2	asc.day0	day0.rep1	3	2	0	p0	p0	31.6998579388327	0.124855995956929	beige	p0
asc_day0	53216	7177	asc_day0	asc	day0	rep1	0.791115453998797	8	7	asc.day0	day0.rep1	8	7	5	p5	p5	34.9639180652989	0.0347254152023316	beige	p5
asc_day0	33493	5114	asc_day0	asc	day0	rep1	0.179141910249903	3	2	asc.day0	day0.rep1	3	2	0	p0	p0	31.3555021051842	0.134364702926301	beige	p0
asc_day0	27024	4970	asc_day0	asc	day0	rep1	0.747483718176436	3	0	asc.day0	day0.rep1	3	0	2	p2	p2	21.4784923289574	0.407098841624277	beige	p2
asc_day0	25361	5322	asc_day0	asc	day0	rep1	1.28938133354363	3	0	asc.day0	day0.rep1	3	0	1	p1	p1	22.808732804712	0.370366875306966	beige	p1
asc_day0	37854	5388	asc_day0	asc	day0	rep1	0.731758862999947	3	2	asc.day0	day0.rep1	3	2	0	p0	p0	31.4253697082051	0.132435446910106	beige	p0
asc_day0	33496	6102	asc_day0	asc	day0	rep1	0.674707427752568	8	2	asc.day0	day0.rep1	8	2	5	p5	p5	34.9639184181891	0.0347254054579647	beige	p5
asc_day0	27490	4945	asc_day0	asc	day0	rep1	1.8915969443434	3	2	asc.day0	day0.rep1	3	2	0	p0	p0	36.0115320192261	0.0057976226937102	beige	p0
asc_day0	27228	4988	asc_day0	asc	day0	rep1	0.282797120611136	3	2	asc.day0	day0.rep1	3	2	0	p0	p0	33.9256187463579	0.0633960024425769	beige	p0
asc_day0	28790	5564	asc_day0	asc	day0	rep1	0.646057658909344	3	2	asc.day0	day0.rep1	3	2	3	p3	p3	35.1089882701344	0.0307195877036307	beige	p3
asc_day0	25840	4801	asc_day0	asc	day0	rep1	1.18808049535604	3	0	asc.day0	day0.rep1	3	0	1	p1	p1	21.9121481792306	0.395124290875095	beige	p1
asc_day0	41240	5998	asc_day0	asc	day0	rep1	0.458292919495635	3	2	asc.day0	day0.rep1	3	2	0	p0	p0	29.8503016579834	0.175927843677989	beige	p0
asc_day0	24939	4844	asc_day0	asc	day0	rep1	0.517262119571755	3	0	asc.day0	day0.rep1	3	0	1	p1	p1	21.5707881439215	0.404550274783711	beige	p1
asc_day0	35060	5408	asc_day0	asc	day0	rep1	0.995436394751854	3	2	asc.day0	day0.rep1	3	2	0	p0	p0	31.2375330370585	0.137622186002373	beige	p0
asc_day0	21435	4458	asc_day0	asc	day0	rep1	0.85840914392349	3	2	asc.day0	day0.rep1	3	2	1	p1	p1	24.0937370793308	0.334884017437885	beige	p1
asc_day0	16920	3852	asc_day0	asc	day0	rep1	0.709219858156028	3	4	asc.day0	day0.rep1	3	4	3	p3	p3	20.2852678529925	0.440047381425151	beige	p3
asc_day0	23131	4421	asc_day0	asc	day0	rep1	0.851670917815918	3	2	asc.day0	day0.rep1	3	2	1	p1	p1	36.2214077243301	2.31915933890381e-06	beige	p1
asc_day0	30586	5268	asc_day0	asc	day0	rep1	0.755247498855686	3	2	asc.day0	day0.rep1	3	2	1	p1	p1	23.5084182677903	0.351046441647837	beige	p1
asc_day0	17475	4204	asc_day0	asc	day0	rep1	0.915593705293276	3	0	asc.day0	day0.rep1	3	0	1	p1	p1	21.5061757362202	0.406334418949086	beige	p1
asc_day0	19833	4290	asc_day0	asc	day0	rep1	0.277315585135885	3	2	asc.day0	day0.rep1	3	2	1	p1	p1	24.1531377955405	0.333243783850945	beige	p1
asc_day0	36853	5137	asc_day0	asc	day0	rep1	0.200797764089762	3	2	asc.day0	day0.rep1	3	2	0	p0	p0	32.7976439185167	0.0945428019410166	beige	p0
asc_day0	27370	5020	asc_day0	asc	day0	rep1	0.580928023383266	3	2	asc.day0	day0.rep1	3	2	0	p0	p0	31.7353513392623	0.123875915728707	beige	p0
asc_day0	24895	4758	asc_day0	asc	day0	rep1	0.4177545691906	3	4	asc.day0	day0.rep1	3	4	1	p1	p1	22.7766048540641	0.371254025279134	beige	p1
asc_day0	52127	6920	asc_day0	asc	day0	rep1	0.387515107334011	3	2	asc.day0	day0.rep1	3	2	1	p1	p1	34.3516427067338	0.0516321912760134	beige	p1
asc_day0	31634	4982	asc_day0	asc	day0	rep1	0.195991654548903	3	2	asc.day0	day0.rep1	3	2	0	p0	p0	32.5902379896006	0.100269907478559	beige	p0
asc_day0	54315	6727	asc_day0	asc	day0	rep1	0.491576912455123	3	2	asc.day0	day0.rep1	3	2	2	p2	p2	31.6191758196421	0.127083873501279	beige	p2
asc_day0	23411	4533	asc_day0	asc	day0	rep1	0.24774678569903	3	2	asc.day0	day0.rep1	3	2	0	p0	p0	30.4868401561062	0.15835108887397	beige	p0
asc_day0	53599	6842	asc_day0	asc	day0	rep1	0.391798354446911	3	2	asc.day0	day0.rep1	3	2	4	p4	p4	33.9338762257011	0.0631679884416277	beige	p4
asc_day0	24912	4860	asc_day0	asc	day0	rep1	1.15606936416185	3	0	asc.day0	day0.rep1	3	0	1	p1	p1	21.4784937405183	0.407098802646809	beige	p1
asc_day0	43243	5971	asc_day0	asc	day0	rep1	0.0925005203154268	3	2	asc.day0	day0.rep1	3	2	0	p0	p0	32.7976446242971	0.0945427824522826	beige	p0
asc_day0	36284	6306	asc_day0	asc	day0	rep1	0.915003858450006	3	2	asc.day0	day0.rep1	3	2	5	p5	p5	33.849466112734	0.0654988071791861	beige	p5
asc_day0	19772	4308	asc_day0	asc	day0	rep1	0.976127857576371	3	4	asc.day0	day0.rep1	3	4	2	p2	p2	19.9433470053295	0.449488851060498	beige	p2
asc_day0	15286	3880	asc_day0	asc	day0	rep1	1.62239958131624	3	4	asc.day0	day0.rep1	3	4	2	p2	p2	22.1606405584332	0.388262664072017	beige	p2
asc_day0	28962	5117	asc_day0	asc	day0	rep1	0.904633657896554	3	2	asc.day0	day0.rep1	3	2	2	p2	p2	35.8118606930724	0.0113111524355018	beige	p2
asc_day0	18699	4128	asc_day0	asc	day0	rep1	1.29418685491203	3	2	asc.day0	day0.rep1	3	2	4	p4	p4	33.1024001353117	0.0861275602652931	beige	p4
asc_day0	19116	4226	asc_day0	asc	day0	rep1	1.03578154425612	3	4	asc.day0	day0.rep1	3	4	1	p1	p1	21.9121506494621	0.395124222664527	beige	p1
asc_day0	45816	6223	asc_day0	asc	day0	rep1	0.903614457831325	3	2	asc.day0	day0.rep1	3	2	4	p4	p4	33.0111492619264	0.0886472731057183	beige	p4
asc_day0	59425	6719	asc_day0	asc	day0	rep1	0.0858224652923854	3	2	asc.day0	day0.rep1	3	2	0	p0	p0	34.4026607423849	0.0502234288745775	beige	p0
asc_day0	25924	4948	asc_day0	asc	day0	rep1	0.74448387594507	3	2	asc.day0	day0.rep1	3	2	0	p0	p0	25.1305568746517	0.306254284323468	beige	p0
asc_day0	39172	6304	asc_day0	asc	day0	rep1	0.906259573164505	3	2	asc.day0	day0.rep1	3	2	0	p0	p0	25.9602284360826	0.283344541006854	beige	p0
asc_day0	22345	4428	asc_day0	asc	day0	rep1	0.912955918550011	3	2	asc.day0	day0.rep1	3	2	2	p2	p2	24.5017502855476	0.323617537714156	beige	p2
asc_day0	40580	5889	asc_day0	asc	day0	rep1	0.253819615574174	3	2	asc.day0	day0.rep1	3	2	1	p1	p1	34.8364971489603	0.0382438924193291	beige	p1
asc_day0	32747	4963	asc_day0	asc	day0	rep1	0.424466363330992	3	2	asc.day0	day0.rep1	3	2	0	p0	p0	31.4526594316981	0.131681895035522	beige	p0
asc_day0	27064	5376	asc_day0	asc	day0	rep1	1.25628140703518	3	4	asc.day0	day0.rep1	3	4	1	p1	p1	22.1856752310771	0.387571380977658	beige	p1
asc_day0	31328	4991	asc_day0	asc	day0	rep1	0.328779366700715	3	0	asc.day0	day0.rep1	3	0	1	p1	p1	21.5092550583413	0.40624938954388	beige	p1
asc_day0	69019	6819	asc_day0	asc	day0	rep1	0.195598313507875	3	2	asc.day0	day0.rep1	3	2	0	p0	p0	31.8498152903854	0.120715219543446	beige	p0
asc_day0	36635	5276	asc_day0	asc	day0	rep1	0.215640780674219	3	2	asc.day0	day0.rep1	3	2	0	p0	p0	31.232314723048	0.137766279448604	beige	p0
asc_day0	24771	4566	asc_day0	asc	day0	rep1	0.738767106697348	3	2	asc.day0	day0.rep1	3	2	0	p0	p0	31.3555024580744	0.134364693181934	beige	p0
asc_day0	49013	6617	asc_day0	asc	day0	rep1	0.210148327994614	3	0	asc.day0	day0.rep1	3	0	1	p1	p1	36.2214137234637	2.15350510035517e-06	beige	p1
asc_day0	34660	6138	asc_day0	asc	day0	rep1	0.409694171956145	3	4	asc.day0	day0.rep1	3	4	1	p1	p1	20.2868967639922	0.440002402261562	beige	p1
asc_day0	70204	7274	asc_day0	asc	day0	rep1	0.665204261865421	3	2	asc.day0	day0.rep1	3	2	0	p0	p0	33.1440442300042	0.0849776407496565	beige	p0
asc_day0	37011	5407	asc_day0	asc	day0	rep1	0.543081786495907	3	2	asc.day0	day0.rep1	3	2	1	p1	p1	34.8364975018505	0.0382438826749621	beige	p1
asc_day0	35226	5476	asc_day0	asc	day0	rep1	0.686992562311929	3	2	asc.day0	day0.rep1	3	2	3	p3	p3	33.8494671714047	0.0654987779460852	beige	p3
asc_day0	23341	4799	asc_day0	asc	day0	rep1	0.861145623580823	3	0	asc.day0	day0.rep1	3	0	1	p1	p1	21.9121534725837	0.395124144709592	beige	p1
asc_day0	21209	4553	asc_day0	asc	day0	rep1	0.999575651845914	3	0	asc.day0	day0.rep1	3	0	1	p1	p1	21.4784965636399	0.407098724691874	beige	p1
asc_day0	23944	4604	asc_day0	asc	day0	rep1	1.12763113932509	3	2	asc.day0	day0.rep1	3	2	1	p1	p1	23.9158308275771	0.339796547590261	beige	p1
asc_day0	69209	7486	asc_day0	asc	day0	rep1	0.0505714574694043	3	2	asc.day0	day0.rep1	3	2	0	p0	p0	27.5575057967849	0.239238877946617	beige	p0
asc_day0	39915	5488	asc_day0	asc	day0	rep1	0.541149943630214	3	2	asc.day0	day0.rep1	3	2	1	p1	p1	26.9960594681125	0.254742110639994	beige	p1
asc_day0	28158	4551	asc_day0	asc	day0	rep1	0.142055543717594	3	2	asc.day0	day0.rep1	3	2	0	p0	p0	24.0937384908916	0.334883978460418	beige	p0
asc_day0	26680	4996	asc_day0	asc	day0	rep1	1.30809595202399	8	2	asc.day0	day0.rep1	8	2	4	p4	p4	35.1089900345854	0.0307195389817959	beige	p4
asc_day0	34660	5595	asc_day0	asc	day0	rep1	0.438545874206578	11	8	asc.day0	day0.rep1	11	8	6	p6	p6	31.6266614207961	0.126877173393694	beige	p6
asc_day0	22877	4582	asc_day0	asc	day0	rep1	0.14862088560563	3	2	asc.day0	day0.rep1	3	2	0	p0	p0	34.8364978547407	0.0382438729305952	beige	p0
asc_day0	26347	4366	asc_day0	asc	day0	rep1	0.812236687288875	3	2	asc.day0	day0.rep1	3	2	0	p0	p0	31.6998593503936	0.124855956979462	beige	p0
asc_day0	75015	7984	asc_day0	asc	day0	rep1	0.755848830233953	3	2	asc.day0	day0.rep1	3	2	5	p5	p5	28.6583105391367	0.208842326755323	beige	p5
asc_day0	33001	5400	asc_day0	asc	day0	rep1	0.127268870640284	3	2	asc.day0	day0.rep1	3	2	0	p0	p0	31.6935033858754	0.125031464399999	beige	p0
asc_day0	34977	5661	asc_day0	asc	day0	rep1	0.777653886839923	3	2	asc.day0	day0.rep1	3	2	1	p1	p1	36.2214161936952	2.08529453160633e-06	beige	p1
asc_day0	43759	5983	asc_day0	asc	day0	rep1	0.70385520692886	3	2	asc.day0	day0.rep1	3	2	0	p0	p0	31.6998604090642	0.124855927746361	beige	p0
asc_day0	18969	3935	asc_day0	asc	day0	rep1	0.537719436976119	3	2	asc.day0	day0.rep1	3	2	1	p1	p1	36.2214172523658	2.05606143066639e-06	beige	p1
asc_day0	42663	6046	asc_day0	asc	day0	rep1	1.12978459086328	3	2	asc.day0	day0.rep1	3	2	2	p2	p2	34.3651417032354	0.0512594431196826	beige	p2
asc_day0	6908	2451	asc_day0	asc	day0	rep1	5.21134916039375	3	2	asc.day0	day0.rep1	3	2	NA	t3	day0	32.980574105331	0.0894915457336228	beige	day0
asc_day0	51917	7116	asc_day0	asc	day0	rep1	0.496947050099197	8	7	asc.day0	day0.rep1	8	7	5	p5	p5	35.1148999235663	0.0305563490571608	beige	p5
asc_day0	24011	4913	asc_day0	asc	day0	rep1	0.174919828411978	11	8	asc.day0	day0.rep1	11	8	6	p6	p6	32.1844581865801	0.111474716179286	beige	p6
asc_day0	17970	4471	asc_day0	asc	day0	rep1	1.12409571508069	3	0	asc.day0	day0.rep1	3	0	1	p1	p1	20.0781793002334	0.445765723246266	beige	p1
asc_day0	49108	6535	asc_day0	asc	day0	rep1	0.769732019222937	3	2	asc.day0	day0.rep1	3	2	0	p0	p0	31.6998607619544	0.124855918001994	beige	p0
asc_day0	18397	4391	asc_day0	asc	day0	rep1	1.28281785073653	3	4	asc.day0	day0.rep1	3	4	1	p1	p1	21.5804028373474	0.404284783993505	beige	p1
asc_day0	33299	5544	asc_day0	asc	day0	rep1	1.38742905192348	3	2	asc.day0	day0.rep1	3	2	0	p0	p0	24.9829024973643	0.310331468646136	beige	p0
asc_day0	57742	6771	asc_day0	asc	day0	rep1	0.313463336912473	3	2	asc.day0	day0.rep1	3	2	0	p0	p0	30.4461386567342	0.159474980479471	beige	p0
asc_day0	43337	6045	asc_day0	asc	day0	rep1	0.542261808616194	3	2	asc.day0	day0.rep1	3	2	0	p0	p0	30.3536731597362	0.16202823275464	beige	p0
asc_day0	19001	4328	asc_day0	asc	day0	rep1	1.34729751065733	3	0	asc.day0	day0.rep1	3	0	1	p1	p1	21.4784976223106	0.407098695458774	beige	p1
asc_day0	12747	3311	asc_day0	asc	day0	rep1	1.27873225072566	3	2	asc.day0	day0.rep1	3	2	1	p1	p1	36.2214214870484	1.93912902701765e-06	beige	p1
asc_day0	47452	6431	asc_day0	asc	day0	rep1	0.655399140183765	3	2	asc.day0	day0.rep1	3	2	0	p0	p0	34.4854855032148	0.0479363865085607	beige	p0
asc_day0	23424	4360	asc_day0	asc	day0	rep1	0.328722677595628	3	2	asc.day0	day0.rep1	3	2	2	p2	p2	34.8393916603012	0.0381639661992084	beige	p2
asc_day0	29091	4938	asc_day0	asc	day0	rep1	0.986559417001822	3	2	asc.day0	day0.rep1	3	2	0	p0	p0	29.8322850685042	0.176425336251675	beige	p0
asc_day0	27827	5021	asc_day0	asc	day0	rep1	0.233586085456571	3	0	asc.day0	day0.rep1	3	0	2	p2	p2	21.478498328091	0.40709867597004	beige	p2
asc_day0	45998	6220	asc_day0	asc	day0	rep1	0.334797165094135	3	2	asc.day0	day0.rep1	3	2	0	p0	p0	34.8553111420152	0.0377243811190928	beige	p0
asc_day0	27856	4756	asc_day0	asc	day0	rep1	1.63340034462952	3	2	asc.day0	day0.rep1	3	2	0	p0	p0	34.4779154504582	0.0481454185805392	beige	p0
asc_day0	18398	4427	asc_day0	asc	day0	rep1	0.815306011522992	3	2	asc.day0	day0.rep1	3	2	1	p1	p1	24.071318479541	0.335503062841607	beige	p1
asc_day0	34287	5610	asc_day0	asc	day0	rep1	0.659141948843585	3	2	asc.day0	day0.rep1	3	2	3	p3	p3	25.1214260165725	0.306506414955129	beige	p3
asc_day0	20570	4217	asc_day0	asc	day0	rep1	0.505590666018473	3	0	asc.day0	day0.rep1	3	0	1	p1	p1	21.7083014808177	0.400753115284268	beige	p1
asc_day0	31361	5589	asc_day0	asc	day0	rep1	0.778036414655145	3	2	asc.day0	day0.rep1	3	2	3	p3	p3	26.5189788416481	0.267915750911308	beige	p3
asc_day0	18090	4262	asc_day0	asc	day0	rep1	1.37645107794362	3	0	asc.day0	day0.rep1	3	0	1	p1	p1	21.4784997396518	0.407098636992572	beige	p1
asc_day0	33417	5830	asc_day0	asc	day0	rep1	0.200496753149595	3	2	asc.day0	day0.rep1	3	2	3	p3	p3	28.9550823476224	0.200647558762686	beige	p3
asc_day0	42782	6120	asc_day0	asc	day0	rep1	0.371651629189846	3	2	asc.day0	day0.rep1	3	2	0	p0	p0	29.8495427389024	0.175948799731147	beige	p0
asc_day0	41584	6371	asc_day0	asc	day0	rep1	0.430454020777222	8	2	asc.day0	day0.rep1	8	2	4	p4	p4	33.8494699945264	0.0654986999911494	beige	p4
asc_day0	19039	3881	asc_day0	asc	day0	rep1	1.07148484689322	3	2	asc.day0	day0.rep1	3	2	0	p0	p0	32.797647800309	0.0945426947529799	beige	p0
asc_day0	34677	4814	asc_day0	asc	day0	rep1	0.325864405802117	3	0	asc.day0	day0.rep1	3	0	1	p1	p1	36.2214285448526	1.74424168764009e-06	beige	p1
asc_day0	49659	6613	asc_day0	asc	day0	rep1	0.493364747578485	3	2	asc.day0	day0.rep1	3	2	3	p3	p3	25.9602294947532	0.283344511773753	beige	p3
asc_day0	22787	4555	asc_day0	asc	day0	rep1	0.684600868916488	3	0	asc.day0	day0.rep1	3	0	1	p1	p1	21.9121580601564	0.395124018032823	beige	p1
asc_day0	31977	5204	asc_day0	asc	day0	rep1	0.566031835381681	3	2	asc.day0	day0.rep1	3	2	1	p1	p1	34.8365010307526	0.0382437852312925	beige	p1
asc_day0	42668	5600	asc_day0	asc	day0	rep1	0.499203149901566	3	2	asc.day0	day0.rep1	3	2	1	p1	p1	34.8365013836428	0.0382437754869255	beige	p1
asc_day0	26252	5191	asc_day0	asc	day0	rep1	0.636142008227945	3	0	asc.day0	day0.rep1	3	0	1	p1	p1	21.4785007983224	0.407098607759472	beige	p1
asc_day0	20480	4352	asc_day0	asc	day0	rep1	1.11328125	3	2	asc.day0	day0.rep1	3	2	1	p1	p1	22.7626827149279	0.371638457684504	beige	p1
asc_day0	43561	6364	asc_day0	asc	day0	rep1	0.601455430316108	8	7	asc.day0	day0.rep1	8	7	4	p4	p4	35.1181313872859	0.0304671185618723	beige	p4
asc_day0	40176	6031	asc_day0	asc	day0	rep1	0.0746714456391876	3	2	asc.day0	day0.rep1	3	2	0	p0	p0	34.631939559963	0.0438923466694808	beige	p0
asc_day0	37931	5894	asc_day0	asc	day0	rep1	1.12836466214969	3	2	asc.day0	day0.rep1	3	2	2	p2	p2	29.2552973756261	0.192357713056159	beige	p2
asc_day0	51050	6912	asc_day0	asc	day0	rep1	0.544564152791381	3	0	asc.day0	day0.rep1	3	0	1	p1	p1	36.2214299564135	1.70526421972017e-06	beige	p1
asc_day0	22181	4714	asc_day0	asc	day0	rep1	0.27951850683017	3	0	asc.day0	day0.rep1	3	0	1	p1	p1	20.3932262155626	0.437066324232957	beige	p1
asc_day0	33118	5239	asc_day0	asc	day0	rep1	1.77245002717555	3	2	asc.day0	day0.rep1	3	2	0	p0	p0	34.8365024423135	0.0382437462538245	beige	p0
asc_day0	25171	5097	asc_day0	asc	day0	rep1	0.937586905565929	3	2	asc.day0	day0.rep1	3	2	1	p1	p1	36.2214317208645	1.65654238493129e-06	beige	p1
asc_day0	42752	6206	asc_day0	asc	day0	rep1	0.93562874251497	3	2	asc.day0	day0.rep1	3	2	1	p1	p1	34.9310531587999	0.0356329147563923	beige	p1
asc_day0	37700	5667	asc_day0	asc	day0	rep1	0.554376657824934	3	2	asc.day0	day0.rep1	3	2	0	p0	p0	31.7403230509462	0.123738631719208	beige	p0
asc_day0	21874	4277	asc_day0	asc	day0	rep1	0.74060528481302	3	2	asc.day0	day0.rep1	3	2	0	p0	p0	33.7688248359672	0.0677255569405808	beige	p0
asc_day0	44771	6233	asc_day0	asc	day0	rep1	0.241227580353354	3	0	asc.day0	day0.rep1	3	0	1	p1	p1	36.2214327795351	1.62730928399135e-06	beige	p1
asc_day0	29549	5103	asc_day0	asc	day0	rep1	0.741141832210904	3	2	asc.day0	day0.rep1	3	2	0	p0	p0	34.714024061608	0.0416257451004013	beige	p0
asc_day0	23233	4369	asc_day0	asc	day0	rep1	1.13631472474497	3	2	asc.day0	day0.rep1	3	2	0	p0	p0	31.5506318811312	0.128976579133477	beige	p0
asc_day0	39576	6015	asc_day0	asc	day0	rep1	1.07893672933091	3	2	asc.day0	day0.rep1	3	2	0	p0	p0	31.4479964520974	0.13181065401764	beige	p0
asc_day0	22320	3838	asc_day0	asc	day0	rep1	0.403225806451613	3	2	asc.day0	day0.rep1	3	2	0	p0	p0	31.6998632321858	0.124855849791426	beige	p0
asc_day0	34402	5568	asc_day0	asc	day0	rep1	0.967966978664031	3	2	asc.day0	day0.rep1	3	2	0	p0	p0	33.6584423339089	0.0707735519621782	beige	p0
asc_day0	37110	5708	asc_day0	asc	day0	rep1	0.503907302613851	3	2	asc.day0	day0.rep1	3	2	0	p0	p0	34.5196830180308	0.0469920896049167	beige	p0
asc_day0	32989	5094	asc_day0	asc	day0	rep1	1.33377792597533	3	0	asc.day0	day0.rep1	3	0	2	p2	p2	21.9121594717173	0.395123979055355	beige	p2
asc_day0	29596	5213	asc_day0	asc	day0	rep1	0.601432626030545	3	2	asc.day0	day0.rep1	3	2	3	p3	p3	24.5017520499986	0.323617488992322	beige	p3
asc_day0	36015	5660	asc_day0	asc	day0	rep1	0.905178397889768	3	2	asc.day0	day0.rep1	3	2	0	p0	p0	28.1396406969077	0.223164371168951	beige	p0
asc_day0	33699	5230	asc_day0	asc	day0	rep1	0.278940027894003	3	2	asc.day0	day0.rep1	3	2	0	p0	p0	34.4000887838812	0.050294448434463	beige	p0
asc_day0	22704	4656	asc_day0	asc	day0	rep1	1.52396053558844	3	2	asc.day0	day0.rep1	3	2	1	p1	p1	23.7388869389087	0.344682503984676	beige	p1
asc_day0	46349	6460	asc_day0	asc	day0	rep1	0.604112278582062	3	2	asc.day0	day0.rep1	3	2	1	p1	p1	35.9198748215503	0.00832855537778465	beige	p1
asc_day0	34599	5340	asc_day0	asc	day0	rep1	0.661868840139888	3	2	asc.day0	day0.rep1	3	2	0	p0	p0	34.5532920062435	0.046064043702323	beige	p0
asc_day0	28948	5477	asc_day0	asc	day0	rep1	1.12961171756253	3	2	asc.day0	day0.rep1	3	2	2	p2	p2	24.5017527557791	0.323617469503588	beige	p2
asc_day0	27885	5280	asc_day0	asc	day0	rep1	1.62452931683701	3	2	asc.day0	day0.rep1	3	2	4	p4	p4	33.2833300929352	0.0811315364407661	beige	p4
asc_day0	26567	4940	asc_day0	asc	day0	rep1	0.606014980991456	3	2	asc.day0	day0.rep1	3	2	0	p0	p0	27.5575072083457	0.239238838969149	beige	p0
asc_day0	36223	5570	asc_day0	asc	day0	rep1	0.507964552908373	3	2	asc.day0	day0.rep1	3	2	3	p3	p3	24.9820940553769	0.31035379217665	beige	p3
asc_day0	19716	4179	asc_day0	asc	day0	rep1	0.9028200446338	3	0	asc.day0	day0.rep1	3	0	1	p1	p1	21.9121598246075	0.395123969310988	beige	p1
asc_day0	35420	5173	asc_day0	asc	day0	rep1	0.18068887634105	3	2	asc.day0	day0.rep1	3	2	0	p0	p0	32.7339261101805	0.0963022435098726	beige	p0
asc_day0	15967	4086	asc_day0	asc	day0	rep1	0.645080478486879	3	0	asc.day0	day0.rep1	3	0	1	p1	p1	21.741446472291	0.399837881736218	beige	p1
asc_day0	26758	4753	asc_day0	asc	day0	rep1	0.179385604305254	3	2	asc.day0	day0.rep1	3	2	0	p0	p0	26.096421437791	0.279583839958744	beige	p0
asc_day0	29880	5521	asc_day0	asc	day0	rep1	0.599062918340027	3	4	asc.day0	day0.rep1	3	4	2	p2	p2	20.0886846642464	0.445475638344997	beige	p2
asc_day0	39761	5908	asc_day0	asc	day0	rep1	0.138326500842534	3	2	asc.day0	day0.rep1	3	2	0	p0	p0	29.5982563693989	0.182887577064143	beige	p0
asc_day0	29102	4979	asc_day0	asc	day0	rep1	0.71129132018418	3	2	asc.day0	day0.rep1	3	2	1	p1	p1	26.8352056942119	0.259183770259152	beige	p1
asc_day0	62894	7330	asc_day0	asc	day0	rep1	1.03189493433396	8	7	asc.day0	day0.rep1	8	7	5	p5	p5	32.9200155071871	0.091163751945799	beige	p5
asc_day0	25972	5118	asc_day0	asc	day0	rep1	0.962575080856307	3	0	asc.day0	day0.rep1	3	0	1	p1	p1	21.4791050469244	0.407081922626445	beige	p1
asc_day0	35656	5525	asc_day0	asc	day0	rep1	0.207538703163563	3	2	asc.day0	day0.rep1	3	2	2	p2	p2	30.4388386267029	0.159676556406615	beige	p2
asc_day0	21238	4649	asc_day0	asc	day0	rep1	1.37489405782089	3	2	asc.day0	day0.rep1	3	2	0	p0	p0	32.3666415168091	0.106444082943027	beige	p0
asc_day0	25737	5035	asc_day0	asc	day0	rep1	1.65520456929712	3	2	asc.day0	day0.rep1	3	2	0	p0	p0	29.9161144118618	0.174110554321085	beige	p0
asc_day0	28049	4889	asc_day0	asc	day0	rep1	0.556169560412136	3	2	asc.day0	day0.rep1	3	2	0	p0	p0	26.5638881305185	0.266675669500325	beige	p0
asc_day0	39410	6160	asc_day0	asc	day0	rep1	0.426287744227353	3	2	asc.day0	day0.rep1	3	2	4	p4	p4	33.1932357634298	0.083619313603686	beige	p4
asc_day0	33904	5864	asc_day0	asc	day0	rep1	0.274303916941954	3	2	asc.day0	day0.rep1	3	2	0	p0	p0	30.4668538407495	0.158902971541706	beige	p0
asc_day0	14779	4026	asc_day0	asc	day0	rep1	1.24500981121862	3	2	asc.day0	day0.rep1	3	2	0	p0	p0	27.5800706058113	0.238615795263281	beige	p0
asc_day0	46035	6322	asc_day0	asc	day0	rep1	0.134680134680135	3	2	asc.day0	day0.rep1	3	2	0	p0	p0	25.9154127867702	0.284582036746184	beige	p0
asc_day0	22078	4750	asc_day0	asc	day0	rep1	0.53446870187517	3	4	asc.day0	day0.rep1	3	4	1	p1	p1	23.7607701233694	0.344078243018952	beige	p1
asc_day0	40686	6020	asc_day0	asc	day0	rep1	0.963476380081601	3	2	asc.day0	day0.rep1	3	2	0	p0	p0	31.5495974960597	0.129005141636497	beige	p0
asc_day0	47374	6612	asc_day0	asc	day0	rep1	0.0928779499303415	3	0	asc.day0	day0.rep1	3	0	1	p1	p1	36.2214398373394	1.43242194461379e-06	beige	p1
asc_day0	27384	5091	asc_day0	asc	day0	rep1	0.774174700555069	3	2	asc.day0	day0.rep1	3	2	0	p0	p0	36.2214401902296	1.42267757763381e-06	beige	p0
asc_day0	21991	4738	asc_day0	asc	day0	rep1	0.941294165795098	3	2	asc.day0	day0.rep1	3	2	0	p0	p0	24.5017538144497	0.323617440270487	beige	p0
asc_day0	57929	7272	asc_day0	asc	day0	rep1	0.605914136270262	8	7	asc.day0	day0.rep1	8	7	5	p5	p5	34.349919469912	0.0516797750610889	beige	p5
asc_day0	38974	5826	asc_day0	asc	day0	rep1	0.877508082311284	3	2	asc.day0	day0.rep1	3	2	0	p0	p0	33.2321722315342	0.0825441598544249	beige	p0
asc_day0	63147	7698	asc_day0	asc	day0	rep1	0.494085229702124	8	7	asc.day0	day0.rep1	8	7	4	p4	p4	35.1459865548669	0.0296979530643583	beige	p4
asc_day0	67507	7643	asc_day0	asc	day0	rep1	0.1747966877509	3	2	asc.day0	day0.rep1	3	2	0	p0	p0	30.4950454506908	0.158124515852177	beige	p0
asc_day0	39583	5934	asc_day0	asc	day0	rep1	0.922113028320238	3	2	asc.day0	day0.rep1	3	2	0	p0	p0	31.6998649966369	0.124855801069592	beige	p0
asc_day0	17327	3945	asc_day0	asc	day0	rep1	0.825301552490333	3	4	asc.day0	day0.rep1	3	4	1	p1	p1	20.9482917087891	0.42173928572172	beige	p1
asc_day0	16992	4279	asc_day0	asc	day0	rep1	1.594868173258	3	0	asc.day0	day0.rep1	3	0	1	p1	p1	21.6339772481005	0.402805432337077	beige	p1
asc_day0	32294	5269	asc_day0	asc	day0	rep1	0.263206787638571	3	2	asc.day0	day0.rep1	3	2	0	p0	p0	24.5017545202301	0.323617420781753	beige	p0
asc_day0	26541	5071	asc_day0	asc	day0	rep1	0.730944576315889	3	2	asc.day0	day0.rep1	3	2	4	p4	p4	33.8494728176481	0.0654986220362137	beige	p4
asc_day0	43196	6109	asc_day0	asc	day0	rep1	0.379664783776276	3	2	asc.day0	day0.rep1	3	2	0	p0	p0	31.6066805549602	0.127428905583663	beige	p0
asc_day0	32825	5325	asc_day0	asc	day0	rep1	1.5049504950495	3	2	asc.day0	day0.rep1	3	2	0	p0	p0	32.4369794978224	0.104501838366578	beige	p0
asc_day0	38496	5683	asc_day0	asc	day0	rep1	0.264962593516209	3	2	asc.day0	day0.rep1	3	2	1	p1	p1	34.8365070298862	0.0382436195770539	beige	p1
asc_day0	29432	5254	asc_day0	asc	day0	rep1	1.24014677901604	3	0	asc.day0	day0.rep1	3	0	1	p1	p1	36.2214437191317	1.32523390794503e-06	beige	p1
asc_day0	26504	4929	asc_day0	asc	day0	rep1	0.290522185330516	3	0	asc.day0	day0.rep1	3	0	1	p1	p1	21.9121630006193	0.395123881611686	beige	p1
asc_day0	38030	5733	asc_day0	asc	day0	rep1	0.286615829608204	3	0	asc.day0	day0.rep1	3	0	1	p1	p1	36.2214451306925	1.28625644002511e-06	beige	p1
asc_day0	31374	5521	asc_day0	asc	day0	rep1	1.25262956588258	3	2	asc.day0	day0.rep1	3	2	4	p4	p4	33.913181029085	0.0637394454667969	beige	p4
asc_day0	29187	5367	asc_day0	asc	day0	rep1	0.198718607599274	3	2	asc.day0	day0.rep1	3	2	0	p0	p0	26.7065178684497	0.262737230680408	beige	p0
asc_day0	32101	5691	asc_day0	asc	day0	rep1	0.588766705087069	3	2	asc.day0	day0.rep1	3	2	0	p0	p0	32.7105284694524	0.0969483231975635	beige	p0
asc_day0	15466	3932	asc_day0	asc	day0	rep1	1.13151428940903	3	4	asc.day0	day0.rep1	3	4	1	p1	p1	18.7351602482179	0.482850544736274	beige	p1
asc_day0	46933	6184	asc_day0	asc	day0	rep1	0.343042209106599	3	2	asc.day0	day0.rep1	3	2	3	p3	p3	33.8722494046383	0.0648696915222232	beige	p3
asc_day0	41750	5740	asc_day0	asc	day0	rep1	0.912574850299401	3	2	asc.day0	day0.rep1	3	2	0	p0	p0	33.1623655193879	0.0844717344892483	beige	p0
asc_day0	26796	4986	asc_day0	asc	day0	rep1	0.190326914464846	3	2	asc.day0	day0.rep1	3	2	1	p1	p1	36.2214468951436	1.23753460523623e-06	beige	p1
asc_day0	57272	6447	asc_day0	asc	day0	rep1	0.209526470177399	3	2	asc.day0	day0.rep1	3	2	0	p0	p0	31.1625012522717	0.13969404070966	beige	p0
asc_day0	28318	4875	asc_day0	asc	day0	rep1	0.11300233067307	3	2	asc.day0	day0.rep1	3	2	1	p1	p1	25.9336165885519	0.284079374674115	beige	p1
asc_day0	24923	4495	asc_day0	asc	day0	rep1	0.910805280263211	3	2	asc.day0	day0.rep1	3	2	0	p0	p0	32.7976509763209	0.0945426070536772	beige	p0
asc_day0	27995	5098	asc_day0	asc	day0	rep1	1.17878192534381	3	2	asc.day0	day0.rep1	3	2	0	p0	p0	31.0924246272789	0.141629068455231	beige	p0
asc_day0	21369	4389	asc_day0	asc	day0	rep1	0.332257007815059	3	2	asc.day0	day0.rep1	3	2	0	p0	p0	23.9409993669297	0.339101568030847	beige	p0
asc_day0	24865	5033	asc_day0	asc	day0	rep1	0.530866680072391	3	2	asc.day0	day0.rep1	3	2	0	p0	p0	27.5575079141261	0.239238819480415	beige	p0
asc_day0	33057	5317	asc_day0	asc	day0	rep1	0.995250627703663	3	2	asc.day0	day0.rep1	3	2	0	p0	p0	32.0035945108769	0.11646890975935	beige	p0
asc_day0	42517	6439	asc_day0	asc	day0	rep1	0.999600159936026	3	2	asc.day0	day0.rep1	3	2	4	p4	p4	34.3979290188985	0.0503540860834766	beige	p4
asc_day0	31721	5626	asc_day0	asc	day0	rep1	0.860628605655559	3	2	asc.day0	day0.rep1	3	2	3	p3	p3	25.960230906314	0.283344472796286	beige	p3
asc_day0	67840	7566	asc_day0	asc	day0	rep1	0.852004716981132	3	2	asc.day0	day0.rep1	3	2	3	p3	p3	25.1605349165634	0.305426499839512	beige	p3
asc_day0	21060	4759	asc_day0	asc	day0	rep1	0.868945868945869	3	2	asc.day0	day0.rep1	3	2	3	p3	p3	25.0478659468499	0.308537631154453	beige	p3
asc_day0	34648	5942	asc_day0	asc	day0	rep1	1.33341029785269	3	2	asc.day0	day0.rep1	3	2	3	p3	p3	35.1089921519267	0.030719480515594	beige	p3
asc_day0	35355	5600	asc_day0	asc	day0	rep1	0.387498232216094	3	2	asc.day0	day0.rep1	3	2	0	p0	p0	31.6998660553075	0.124855771836491	beige	p0
asc_day0	31864	5471	asc_day0	asc	day0	rep1	0.568039166457444	3	2	asc.day0	day0.rep1	3	2	0	p0	p0	31.7353538094938	0.123875847518139	beige	p0
asc_day0	25383	4583	asc_day0	asc	day0	rep1	0.453059134066107	3	2	asc.day0	day0.rep1	3	2	0	p0	p0	36.0289468697669	0.00531674595364262	beige	p0
asc_day0	22067	4515	asc_day0	asc	day0	rep1	0.960710563284543	3	2	asc.day0	day0.rep1	3	2	3	p3	p3	26.3955682517274	0.271323490876216	beige	p3
asc_day0	47196	6755	asc_day0	asc	day0	rep1	0.307229426222561	8	7	asc.day0	day0.rep1	8	7	5	p5	p5	34.9639290048954	0.0347251131269556	beige	p5
asc_day0	48992	6671	asc_day0	asc	day0	rep1	0.495999346832136	3	2	asc.day0	day0.rep1	3	2	0	p0	p0	24.0937423726839	0.334883871272382	beige	p0
asc_day0	23705	5018	asc_day0	asc	day0	rep1	0.409196372073402	3	0	asc.day0	day0.rep1	3	0	1	p1	p1	21.7515439344432	0.399559060240086	beige	p1
asc_day0	30988	6006	asc_day0	asc	day0	rep1	0.613140570543436	3	0	asc.day0	day0.rep1	3	0	1	p1	p1	20.4298435388964	0.436055209091116	beige	p1
asc_day0	36449	5827	asc_day0	asc	day0	rep1	0.0384098329172268	3	2	asc.day0	day0.rep1	3	2	3	p3	p3	25.0079949624323	0.309638589728005	beige	p3
asc_day0	27904	5280	asc_day0	asc	day0	rep1	1.28297018348624	3	2	asc.day0	day0.rep1	3	2	0	p0	p0	34.7775985479901	0.0398702610845492	beige	p0
asc_day0	30989	5291	asc_day0	asc	day0	rep1	0.509858336829197	3	0	asc.day0	day0.rep1	3	0	1	p1	p1	36.2214528942772	1.07188036668759e-06	beige	p1
asc_day0	41317	5892	asc_day0	asc	day0	rep1	0.786601156908779	3	2	asc.day0	day0.rep1	3	2	0	p0	p0	33.3172843111396	0.0801939576930542	beige	p0
asc_day0	24677	4647	asc_day0	asc	day0	rep1	0.826680714835677	3	0	asc.day0	day0.rep1	3	0	2	p2	p2	36.2214532471674	1.06213599970761e-06	beige	p2
asc_day0	19095	4447	asc_day0	asc	day0	rep1	0.319455354804923	3	0	asc.day0	day0.rep1	3	0	1	p1	p1	19.7805890204962	0.45398309170776	beige	p1
asc_day0	27243	5473	asc_day0	asc	day0	rep1	0.462504129501156	3	2	asc.day0	day0.rep1	3	2	0	p0	p0	27.5575086199066	0.239238799991682	beige	p0
asc_day0	29560	4885	asc_day0	asc	day0	rep1	0.740866035182679	3	2	asc.day0	day0.rep1	3	2	0	p0	p0	32.7976523878818	0.0945425680762093	beige	p0
asc_day0	27897	4822	asc_day0	asc	day0	rep1	0.75993834462487	3	2	asc.day0	day0.rep1	3	2	0	p0	p0	36.2214536000576	1.05239163272763e-06	beige	p0
asc_day0	43751	6271	asc_day0	asc	day0	rep1	0.8296953212498	3	2	asc.day0	day0.rep1	3	2	2	p2	p2	25.0292855813034	0.309050691291969	beige	p2
asc_day0	79685	7535	asc_day0	asc	day0	rep1	0.219614733011232	3	2	asc.day0	day0.rep1	3	2	0	p0	p0	27.5575089727968	0.239238790247315	beige	p0
asc_day0	28245	4694	asc_day0	asc	day0	rep1	0.477960701009028	3	2	asc.day0	day0.rep1	3	2	1	p1	p1	34.8365084414471	0.038243580599586	beige	p1
asc_day0	67908	6390	asc_day0	asc	day0	rep1	0.288625787830594	3	2	asc.day0	day0.rep1	3	2	1	p1	p1	34.8365087943373	0.038243570855219	beige	p1
asc_day0	19446	4075	asc_day0	asc	day0	rep1	0.642805718399671	3	2	asc.day0	day0.rep1	3	2	0	p0	p0	27.6374337468856	0.237031825293791	beige	p0
asc_day0	59753	7708	asc_day0	asc	day0	rep1	0.200826736732884	8	2	asc.day0	day0.rep1	8	2	5	p5	p5	28.6408907635814	0.209323339489949	beige	p5
asc_day0	30941	5431	asc_day0	asc	day0	rep1	0.804757441582366	11	2	asc.day0	day0.rep1	11	2	6	p6	p6	24.9986856227464	0.309895648777109	beige	p6
asc_day0	31380	5277	asc_day0	asc	day0	rep1	0.812619502868069	3	0	asc.day0	day0.rep1	3	0	1	p1	p1	36.2214550116185	1.01341416491874e-06	beige	p1
asc_day0	28176	5301	asc_day0	asc	day0	rep1	1.32027257240204	3	2	asc.day0	day0.rep1	3	2	0	p0	p0	33.1894686916896	0.0837233338577651	beige	p0
asc_day0	28660	5237	asc_day0	asc	day0	rep1	0.554780181437544	3	0	asc.day0	day0.rep1	3	0	1	p1	p1	19.7805893733864	0.453983081963394	beige	p1
asc_day0	23370	4783	asc_day0	asc	day0	rep1	0.380830124090715	3	0	asc.day0	day0.rep1	3	0	1	p1	p1	21.9121682939724	0.395123735446183	beige	p1
asc_day0	42477	5691	asc_day0	asc	day0	rep1	0.522635779362949	3	2	asc.day0	day0.rep1	3	2	1	p1	p1	36.2214557173989	9.93925430958775e-07	beige	p1
asc_day0	24930	4873	asc_day0	asc	day0	rep1	1.05495387083835	3	2	asc.day0	day0.rep1	3	2	0	p0	p0	26.7538498357106	0.261430251785351	beige	p0
asc_day0	81142	7622	asc_day0	asc	day0	rep1	0.719725912597668	3	2	asc.day0	day0.rep1	3	2	0	p0	p0	30.4681226917846	0.158867934723678	beige	p0
asc_day0	36949	5919	asc_day0	asc	day0	rep1	0.993260981352675	3	2	asc.day0	day0.rep1	3	2	3	p3	p3	24.9864864743331	0.310232504192943	beige	p3
asc_day0	10038	2544	asc_day0	asc	day0	rep1	0.169356445507073	3	2	asc.day0	day0.rep1	3	2	0	p0	p0	24.9820958198279	0.310353743454816	beige	p0
asc_day0	28490	5018	asc_day0	asc	day0	rep1	0.965250965250965	3	2	asc.day0	day0.rep1	3	2	0	p0	p0	31.699868525539	0.124855703625923	beige	p0
asc_day0	28538	5031	asc_day0	asc	day0	rep1	0.20674188800897	3	2	asc.day0	day0.rep1	3	2	0	p0	p0	31.6998688784292	0.124855693881556	beige	p0
asc_day0	38190	5689	asc_day0	asc	day0	rep1	0.848389630793401	11	8	asc.day0	day0.rep1	11	8	6	p6	p6	32.1844610097018	0.11147463822435	beige	p6
asc_day0	54047	6782	asc_day0	asc	day0	rep1	0.414454086258257	3	2	asc.day0	day0.rep1	3	2	0	p0	p0	29.7747000863006	0.178015431926281	beige	p0
asc_day0	18372	4224	asc_day0	asc	day0	rep1	1.3825386457653	3	2	asc.day0	day0.rep1	3	2	1	p1	p1	23.6942919063828	0.3459139078267	beige	p1
asc_day0	34738	5964	asc_day0	asc	day0	rep1	0.627554839081122	8	2	asc.day0	day0.rep1	8	2	4	p4	p4	33.0472892114346	0.0876493397002636	beige	p4
asc_day0	49180	7011	asc_day0	asc	day0	rep1	1.07360715738105	8	2	asc.day0	day0.rep1	8	2	5	p5	p5	34.9639307693465	0.0347250644051207	beige	p5
asc_day0	18129	4113	asc_day0	asc	day0	rep1	1.80373986430581	11	2	asc.day0	day0.rep1	11	2	0	p0	p0	30.4329103483515	0.159840254117436	beige	p0
asc_day0	40638	6014	asc_day0	asc	day0	rep1	1.59210591072395	3	2	asc.day0	day0.rep1	3	2	2	p2	p2	28.5103839275484	0.212927028291124	beige	p2
asc_day0	30492	5609	asc_day0	asc	day0	rep1	0.52472779745507	3	0	asc.day0	day0.rep1	3	0	1	p1	p1	21.9121704113137	0.395123676979982	beige	p1
asc_day0	43744	5926	asc_day0	asc	day0	rep1	0.886978785662034	3	2	asc.day0	day0.rep1	3	2	0	p0	p0	31.6971157561067	0.12493171592288	beige	p0
asc_day0	32809	2940	asc_day0	asc	day0	rep1	0.338321801944588	3	2	asc.day0	day0.rep1	3	2	0	p0	p0	28.4438045048533	0.214765487694846	beige	p0
asc_day0	22780	5057	asc_day0	asc	day0	rep1	1.02721685689201	3	0	asc.day0	day0.rep1	3	0	1	p1	p1	19.8835349629885	0.45114044260705	beige	p1
asc_day0	36844	5838	asc_day0	asc	day0	rep1	1.03408967538812	3	0	asc.day0	day0.rep1	3	0	1	p1	p1	21.478510326358	0.407098344661566	beige	p1
asc_day0	29546	5334	asc_day0	asc	day0	rep1	0.666756921410682	3	0	asc.day0	day0.rep1	3	0	1	p1	p1	36.2214617165325	8.28271192410135e-07	beige	p1
asc_day0	36903	6117	asc_day0	asc	day0	rep1	1.10289136384576	3	2	asc.day0	day0.rep1	3	2	4	p4	p4	33.0231500563613	0.0883158948436706	beige	p4
asc_day0	29719	4821	asc_day0	asc	day0	rep1	0.545105824556681	3	2	asc.day0	day0.rep1	3	2	0	p0	p0	31.263092186169	0.136916420525125	beige	p0
asc_day0	45192	6625	asc_day0	asc	day0	rep1	0.427066737475659	3	2	asc.day0	day0.rep1	3	2	3	p3	p3	24.5017573433518	0.323617342826819	beige	p3
asc_day0	37487	5936	asc_day0	asc	day0	rep1	0.224077680262491	3	2	asc.day0	day0.rep1	3	2	3	p3	p3	25.9602319649846	0.283344443563185	beige	p3
asc_day0	24363	5080	asc_day0	asc	day0	rep1	0.31605303123589	3	4	asc.day0	day0.rep1	3	4	2	p2	p2	21.4785110321385	0.407098325172832	beige	p2
asc_day0	31619	5766	asc_day0	asc	day0	rep1	1.11009203327113	3	2	asc.day0	day0.rep1	3	2	0	p0	p0	30.0876547882501	0.16937380525774	beige	p0
asc_day0	45595	6637	asc_day0	asc	day0	rep1	1.06590634938041	3	2	asc.day0	day0.rep1	3	2	0	p0	p0	31.6998699370998	0.124855664648456	beige	p0
asc_day0	35705	5820	asc_day0	asc	day0	rep1	0.165242963170424	3	2	asc.day0	day0.rep1	3	2	3	p3	p3	25.9409111258739	0.283877950417302	beige	p3
asc_day0	17579	4226	asc_day0	asc	day0	rep1	0.392513794868878	3	0	asc.day0	day0.rep1	3	0	1	p1	p1	21.6334165053519	0.402820916141794	beige	p1
asc_day0	26302	5372	asc_day0	asc	day0	rep1	0.817428332446202	3	0	asc.day0	day0.rep1	3	0	1	p1	p1	21.4785117379189	0.407098305684099	beige	p1
asc_day0	25296	4816	asc_day0	asc	day0	rep1	0.38741302972802	3	2	asc.day0	day0.rep1	3	2	3	p3	p3	25.2487281377256	0.302991218032811	beige	p3
asc_day0	27204	5015	asc_day0	asc	day0	rep1	0.496250551389502	3	2	asc.day0	day0.rep1	3	2	0	p0	p0	25.9268874989836	0.284265185206776	beige	p0
asc_day0	35089	6090	asc_day0	asc	day0	rep1	1.61304112399897	3	2	asc.day0	day0.rep1	3	2	0	p0	p0	35.7139359180077	0.0140151519039208	beige	p0
asc_day0	32501	5370	asc_day0	asc	day0	rep1	0.363065751823021	3	2	asc.day0	day0.rep1	3	2	0	p0	p0	26.2116394552554	0.276402321719158	beige	p0
asc_day0	22007	4895	asc_day0	asc	day0	rep1	0.945153814695324	3	2	asc.day0	day0.rep1	3	2	0	p0	p0	24.9955114937368	0.309983296087496	beige	p0
asc_day0	36181	5951	asc_day0	asc	day0	rep1	0.143721842956248	3	2	asc.day0	day0.rep1	3	2	0	p0	p0	30.3536791588698	0.162028067100403	beige	p0
asc_day0	15002	3819	asc_day0	asc	day0	rep1	1.61978402879616	3	2	asc.day0	day0.rep1	3	2	1	p1	p1	35.9194550371487	0.00834014689584561	beige	p1
asc_day0	32464	5414	asc_day0	asc	day0	rep1	0.194061113849187	3	2	asc.day0	day0.rep1	3	2	0	p0	p0	27.5575100314674	0.239238761014214	beige	p0
asc_day0	28164	4992	asc_day0	asc	day0	rep1	0.752733986649624	3	2	asc.day0	day0.rep1	3	2	0	p0	p0	29.7026335543021	0.180005407027944	beige	p0
asc_day0	37501	5709	asc_day0	asc	day0	rep1	0.0479987200341324	3	2	asc.day0	day0.rep1	3	2	0	p0	p0	31.7579349409055	0.123252314124338	beige	p0
asc_day0	37844	5444	asc_day0	asc	day0	rep1	0.594546031074939	3	2	asc.day0	day0.rep1	3	2	0	p0	p0	31.6998713486606	0.124855625670988	beige	p0
asc_day0	27138	5386	asc_day0	asc	day0	rep1	0.917532611098828	8	2	asc.day0	day0.rep1	8	2	4	p4	p4	35.1210257816002	0.0303871955732115	beige	p4
asc_day0	27008	5084	asc_day0	asc	day0	rep1	0.425799763033175	3	0	asc.day0	day0.rep1	3	0	1	p1	p1	21.9121728815451	0.395123608769414	beige	p1
asc_day0	55759	6882	asc_day0	asc	day0	rep1	0.640255384780932	8	2	asc.day0	day0.rep1	8	2	5	p5	p5	33.8494774052208	0.0654984953594431	beige	p5
asc_day0	27357	4825	asc_day0	asc	day0	rep1	1.14413130094674	3	2	asc.day0	day0.rep1	3	2	1	p1	p1	24.0937455486958	0.33488378357308	beige	p1
asc_day0	31566	5475	asc_day0	asc	day0	rep1	0.896534245707407	3	0	asc.day0	day0.rep1	3	0	1	p1	p1	36.2214648925444	7.40571889701336e-07	beige	p1
asc_day0	20134	4320	asc_day0	asc	day0	rep1	0.670507599086123	3	2	asc.day0	day0.rep1	3	2	0	p0	p0	34.4128640833095	0.0499416837450352	beige	p0
asc_day0	20175	4059	asc_day0	asc	day0	rep1	0.971499380421314	3	0	asc.day0	day0.rep1	3	0	1	p1	p1	24.0937462544762	0.334883764084347	beige	p1
asc_day0	32788	5368	asc_day0	asc	day0	rep1	0.457484445528852	3	2	asc.day0	day0.rep1	3	2	0	p0	p0	35.0139453826812	0.0333440095313071	beige	p0
asc_day0	66356	7422	asc_day0	asc	day0	rep1	0.895171499186208	11	8	asc.day0	day0.rep1	11	8	6	p6	p6	31.1786562643301	0.139247951923759	beige	p6
asc_day0	21188	4364	asc_day0	asc	day0	rep1	0.868416084576175	3	0	asc.day0	day0.rep1	3	0	1	p1	p1	21.4785135023699	0.407098256962264	beige	p1
asc_day0	50053	6087	asc_day0	asc	day0	rep1	0.139851757137434	3	2	asc.day0	day0.rep1	3	2	0	p0	p0	31.6607447038186	0.125936030775659	beige	p0
asc_day0	40474	6095	asc_day0	asc	day0	rep1	0.753570193210456	3	2	asc.day0	day0.rep1	3	2	0	p0	p0	36.1914763647774	0.000828814602050754	beige	p0
asc_day0	54889	7469	asc_day0	asc	day0	rep1	0.785221082548416	3	0	asc.day0	day0.rep1	3	0	1	p1	p1	21.9327991210198	0.394554055859662	beige	p1
asc_day0	67547	7814	asc_day0	asc	day0	rep1	0.461900602543414	3	2	asc.day0	day0.rep1	3	2	4	p4	p4	33.0854895464295	0.086594512814512	beige	p4
beige_day1	28642	4386	beige_day1	beige	day1	rep1	4.75874589763285	0	0	beige.day1	day1.rep1	0	0	NA	t0	day1	21.9121749988864	0.395123550303213	beige	beige.day1
beige_day1	27133	3956	beige_day1	beige	day1	rep1	5.35141709357609	0	0	beige.day1	day1.rep1	0	0	NA	t0	day1	20.1525121580983	0.443713168027022	beige	beige.day1
beige_day1	52980	6120	beige_day1	beige	day1	rep1	0.653076632691582	0	0	beige.day1	day1.rep1	0	0	NA	t0	day1	22.2674178581582	0.385314219600179	beige	beige.day1
beige_day1	45216	5851	beige_day1	beige	day1	rep1	0.442321302193914	0	0	beige.day1	day1.rep1	0	0	NA	t0	day1	20.8189802464149	0.425309966637648	beige	beige.day1
beige_day1	31983	5187	beige_day1	beige	day1	rep1	1.86348997905137	0	0	beige.day1	day1.rep1	0	0	NA	t0	day1	19.2661620132159	0.468187978604931	beige	beige.day1
beige_day1	47636	5773	beige_day1	beige	day1	rep1	0.505919892518264	0	0	beige.day1	day1.rep1	0	0	NA	t0	day1	21.9121774691179	0.395123482092645	beige	beige.day1
beige_day1	44718	6754	beige_day1	beige	day1	rep1	1.18073259090299	7	5	beige.day1	day1.rep1	7	5	NA	t7	day1	18.5134900383693	0.488971530249882	beige	beige.day1
beige_day1	47075	6344	beige_day1	beige	day1	rep1	0.460966542750929	7	5	beige.day1	day1.rep1	7	5	NA	t7	day1	12.4548067034858	0.656270117415451	beige	beige.day1
beige_day1	70331	7096	beige_day1	beige	day1	rep1	0.678221552373775	7	5	beige.day1	day1.rep1	7	5	NA	t7	day1	18.5758204569794	0.487250398711143	beige	beige.day1
beige_day1	36362	5285	beige_day1	beige	day1	rep1	1.4190638578736	0	4	beige.day1	day1.rep1	0	4	NA	t0	day1	20.088687487368	0.445475560390062	beige	beige.day1
beige_day1	66178	7146	beige_day1	beige	day1	rep1	0.219106047326906	0	0	beige.day1	day1.rep1	0	0	NA	t0	day1	21.9121792335689	0.39512343337081	beige	beige.day1
beige_day1	50352	6241	beige_day1	beige	day1	rep1	0.617651731808071	0	0	beige.day1	day1.rep1	0	0	NA	t0	day1	20.9591586266732	0.421439217223604	beige	beige.day1
beige_day1	55758	6811	beige_day1	beige	day1	rep1	1.25004483661537	0	0	beige.day1	day1.rep1	0	0	NA	t0	day1	19.7805911378374	0.453983033241559	beige	beige.day1
beige_day1	54947	6696	beige_day1	beige	day1	rep1	0.933626949605984	7	5	beige.day1	day1.rep1	7	5	NA	t7	day1	18.4488912893481	0.490755297257755	beige	beige.day1
beige_day1	26983	5428	beige_day1	beige	day1	rep1	2.00126005262573	0	4	beige.day1	day1.rep1	0	4	NA	t0	day1	18.6702562531009	0.484642740512863	beige	beige.day1
beige_day1	73945	6633	beige_day1	beige	day1	rep1	0.81276624518223	0	0	beige.day1	day1.rep1	0	0	NA	t0	day1	21.9121806451297	0.395123394393343	beige	beige.day1
beige_day1	49670	5506	beige_day1	beige	day1	rep1	1.14958727602174	0	0	beige.day1	day1.rep1	0	0	NA	t0	day1	21.9121809980199	0.395123384648976	beige	beige.day1
beige_day1	56279	6705	beige_day1	beige	day1	rep1	0.575703193020487	7	5	beige.day1	day1.rep1	7	5	NA	t7	day1	12.4548081150466	0.656270078437984	beige	beige.day1
beige_day1	55012	6862	beige_day1	beige	day1	rep1	1.35424998182215	0	0	beige.day1	day1.rep1	0	0	NA	t0	day1	21.485209646726	0.406913356146641	beige	beige.day1
beige_day1	55827	6228	beige_day1	beige	day1	rep1	1.10519999283501	0	0	beige.day1	day1.rep1	0	0	NA	t0	day1	20.1525125109885	0.443713158282656	beige	beige.day1
beige_day1	43924	5286	beige_day1	beige	day1	rep1	0.710317821692013	0	0	beige.day1	day1.rep1	0	0	NA	t0	day1	21.1015738304812	0.417506702340249	beige	beige.day1
beige_day1	58383	6554	beige_day1	beige	day1	rep1	1.77106349451039	0	0	beige.day1	day1.rep1	0	0	NA	t0	day1	22.2674203283897	0.385314151389611	beige	beige.day1
beige_day1	41867	6475	beige_day1	beige	day1	rep1	3.70458833926481	0	0	beige.day1	day1.rep1	0	0	NA	t0	day1	21.9121824095808	0.395123345671508	beige	beige.day1
beige_day1	54169	6546	beige_day1	beige	day1	rep1	1.95499270800642	0	5	beige.day1	day1.rep1	0	5	NA	t0	day1	18.6996915254153	0.483829943540512	beige	beige.day1
beige_day1	37052	5109	beige_day1	beige	day1	rep1	1.87574220015114	0	4	beige.day1	day1.rep1	0	4	NA	t0	day1	17.3350991982438	0.521510468462212	beige	beige.day1
beige_day1	40152	6113	beige_day1	beige	day1	rep1	0.622633990834828	0	4	beige.day1	day1.rep1	0	4	NA	t0	day1	15.0981368602098	0.583279770142157	beige	beige.day1
beige_day1	72671	7207	beige_day1	beige	day1	rep1	1.81778150844216	0	0	beige.day1	day1.rep1	0	0	NA	t0	day1	21.4785149139307	0.407098217984797	beige	beige.day1
beige_day1	79730	6956	beige_day1	beige	day1	rep1	1.75843471717045	0	0	beige.day1	day1.rep1	0	0	NA	t0	day1	22.1888472294259	0.387483792501266	beige	beige.day1
beige_day1	88385	7835	beige_day1	beige	day1	rep1	0.461616790179329	6	2	beige.day1	day1.rep1	6	2	NA	t6	day1	36.0671491244756	0.00426186605877987	beige	beige.day1
beige_day1	73368	6967	beige_day1	beige	day1	rep1	1.19807000327118	0	0	beige.day1	day1.rep1	0	0	NA	t0	day1	22.7983303066104	0.370654119769038	beige	beige.day1
beige_day1	54430	6096	beige_day1	beige	day1	rep1	1.45140547492192	0	0	beige.day1	day1.rep1	0	0	NA	t0	day1	21.4785156197112	0.407098198496063	beige	beige.day1
beige_day1	53493	6459	beige_day1	beige	day1	rep1	2.11803413530742	0	4	beige.day1	day1.rep1	0	4	NA	t0	day1	15.0981375659902	0.583279750653424	beige	beige.day1
beige_day1	116412	8353	beige_day1	beige	day1	rep1	0.53602721368931	0	0	beige.day1	day1.rep1	0	0	NA	t0	day1	21.9121894673849	0.395123150784171	beige	beige.day1
beige_day1	53743	6289	beige_day1	beige	day1	rep1	1.33784865005675	0	4	beige.day1	day1.rep1	0	4	NA	t0	day1	15.0981379188804	0.583279740909057	beige	beige.day1
beige_day1	58241	6240	beige_day1	beige	day1	rep1	0.817293659106128	0	0	beige.day1	day1.rep1	0	0	NA	t0	day1	20.7987857741316	0.425867597148241	beige	beige.day1
beige_day1	59667	6681	beige_day1	beige	day1	rep1	0.822900430723851	7	5	beige.day1	day1.rep1	7	5	NA	t7	day1	12.4548091737172	0.656270049204883	beige	beige.day1
beige_day1	40957	5941	beige_day1	beige	day1	rep1	0.900944893424811	0	5	beige.day1	day1.rep1	0	5	NA	t0	day1	12.4548095266074	0.656270039460516	beige	beige.day1
beige_day1	60259	6578	beige_day1	beige	day1	rep1	1.97646824540733	0	0	beige.day1	day1.rep1	0	0	NA	t0	day1	19.7805932551787	0.453982974775358	beige	beige.day1
beige_day1	65303	7828	beige_day1	beige	day1	rep1	2.10250677610523	7	5	beige.day1	day1.rep1	7	5	NA	t7	day1	12.4548098794977	0.656270029716149	beige	beige.day1
beige_day1	71305	7403	beige_day1	beige	day1	rep1	1.35053642802048	0	0	beige.day1	day1.rep1	0	0	NA	t0	day1	21.9121915847262	0.39512309231797	beige	beige.day1
beige_day1	52283	6350	beige_day1	beige	day1	rep1	1.1915919132414	0	4	beige.day1	day1.rep1	0	4	NA	t0	day1	22.2674224457309	0.38531409292341	beige	beige.day1
beige_day1	23554	4383	beige_day1	beige	day1	rep1	4.15216099176361	0	0	beige.day1	day1.rep1	0	0	NA	t0	day1	19.0208992860954	0.474960424937517	beige	beige.day1
beige_day1	55379	5597	beige_day1	beige	day1	rep1	0.579642102602069	0	0	beige.day1	day1.rep1	0	0	NA	t0	day1	20.1309297513727	0.444309123608993	beige	beige.day1
beige_day1	39651	5729	beige_day1	beige	day1	rep1	1.82340924566846	0	4	beige.day1	day1.rep1	0	4	NA	t0	day1	18.0041770872571	0.503035202575453	beige	beige.day1
beige_day1	67283	6350	beige_day1	beige	day1	rep1	0.542484728683323	0	2	beige.day1	day1.rep1	0	2	NA	t0	day1	24.5017591078028	0.323617294104984	beige	beige.day1
beige_day1	35220	5498	beige_day1	beige	day1	rep1	0.971039182282794	0	4	beige.day1	day1.rep1	0	4	NA	t0	day1	18.4484945307722	0.490766252963066	beige	beige.day1
beige_day1	76494	7057	beige_day1	beige	day1	rep1	0.90595340811044	6	2	beige.day1	day1.rep1	6	2	NA	t6	day1	26.4589539512149	0.269573219838	beige	beige.day1
beige_day1	86333	8174	beige_day1	beige	day1	rep1	1.48147290143977	7	5	beige.day1	day1.rep1	7	5	NA	t7	day1	18.4583167619051	0.490495031428532	beige	beige.day1
beige_day1	34743	5384	beige_day1	beige	day1	rep1	0.803039461186426	0	4	beige.day1	day1.rep1	0	4	NA	t0	day1	20.0886924278309	0.445475423968926	beige	beige.day1
beige_day1	46843	6072	beige_day1	beige	day1	rep1	1.28941357299917	0	0	beige.day1	day1.rep1	0	0	NA	t0	day1	21.9945580274647	0.392848705501833	beige	beige.day1
beige_day1	37479	5732	beige_day1	beige	day1	rep1	0.530964006510312	0	4	beige.day1	day1.rep1	0	4	NA	t0	day1	14.2666107080941	0.606240724321627	beige	beige.day1
beige_day1	69545	7068	beige_day1	beige	day1	rep1	0.65569056006902	10	2	beige.day1	day1.rep1	10	2	NA	t10	day1	24.501759460693	0.323617284360617	beige	beige.day1
beige_day1	16221	3319	beige_day1	beige	day1	rep1	1.11583749460576	0	0	beige.day1	day1.rep1	0	0	NA	t0	day1	19.401692026042	0.464445584686804	beige	beige.day1
beige_day1	58569	6194	beige_day1	beige	day1	rep1	0.763202376683911	0	0	beige.day1	day1.rep1	0	0	NA	t0	day1	21.9121997012009	0.395122868197532	beige	beige.day1
beige_day1	35357	4991	beige_day1	beige	day1	rep1	1.80445173515853	0	4	beige.day1	day1.rep1	0	4	NA	t0	day1	17.3651188510142	0.520681534976488	beige	beige.day1
beige_day1	47113	6289	beige_day1	beige	day1	rep1	2.52796468066139	0	0	beige.day1	day1.rep1	0	0	NA	t0	day1	21.6112206250485	0.4034338115863	beige	beige.day1
beige_day1	72813	7449	beige_day1	beige	day1	rep1	0.839135868594894	6	2	beige.day1	day1.rep1	6	2	NA	t6	day1	36.2214691272269	6.23639486052596e-07	beige	beige.day1
beige_day1	55075	6677	beige_day1	beige	day1	rep1	1.28007262823423	6	2	beige.day1	day1.rep1	6	2	NA	t6	day1	22.7791279958472	0.371184353696679	beige	beige.day1
beige_day1	79766	7470	beige_day1	beige	day1	rep1	0.619311486096833	7	5	beige.day1	day1.rep1	7	5	NA	t7	day1	12.4548116439487	0.656269980994314	beige	beige.day1
beige_day1	44172	5646	beige_day1	beige	day1	rep1	1.45793715475867	0	0	beige.day1	day1.rep1	0	0	NA	t0	day1	19.2656901645744	0.46820100777426	beige	beige.day1
beige_day1	54804	6907	beige_day1	beige	day1	rep1	0.350339391285308	0	4	beige.day1	day1.rep1	0	4	NA	t0	day1	15.0981396833315	0.583279692187222	beige	beige.day1
beige_day1	65043	6607	beige_day1	beige	day1	rep1	1.66658979444368	0	0	beige.day1	day1.rep1	0	0	NA	t0	day1	19.7805946667395	0.45398293579789	beige	beige.day1
beige_day1	64874	6648	beige_day1	beige	day1	rep1	0.764558991275395	6	0	beige.day1	day1.rep1	6	0	NA	t6	day1	21.4785177370524	0.407098140029862	beige	beige.day1
beige_day1	52823	6344	beige_day1	beige	day1	rep1	0.846222289532969	0	0	beige.day1	day1.rep1	0	0	NA	t0	day1	21.491677612483	0.406734756032856	beige	beige.day1
beige_day1	39795	5446	beige_day1	beige	day1	rep1	1.7087573815806	0	0	beige.day1	day1.rep1	0	0	NA	t0	day1	21.1724314721563	0.415550108359856	beige	beige.day1
beige_day1	74407	6958	beige_day1	beige	day1	rep1	0.55774322308385	6	2	beige.day1	day1.rep1	6	2	NA	t6	day1	36.0523889689047	0.0046694386346805	beige	beige.day1
beige_day1	79887	7359	beige_day1	beige	day1	rep1	1.23925044124826	0	0	beige.day1	day1.rep1	0	0	NA	t0	day1	21.6511249114515	0.402331933444125	beige	beige.day1
beige_day1	75463	7392	beige_day1	beige	day1	rep1	0.860024117779574	6	2	beige.day1	day1.rep1	6	2	NA	t6	day1	36.2214698330073	6.04150752092636e-07	beige	beige.day1
beige_day1	49692	6403	beige_day1	beige	day1	rep1	1.75078483458102	0	0	beige.day1	day1.rep1	0	0	NA	t0	day1	21.0868911294455	0.417912136161967	beige	beige.day1
beige_day1	63883	6465	beige_day1	beige	day1	rep1	0.721631733011912	6	2	beige.day1	day1.rep1	6	2	NA	t6	day1	24.0937483718175	0.334883705618146	beige	beige.day1
beige_day1	80951	6626	beige_day1	beige	day1	rep1	0.369359242010599	6	0	beige.day1	day1.rep1	6	0	NA	t6	day1	22.7616051693932	0.371668211978566	beige	beige.day1
beige_day1	61041	6823	beige_day1	beige	day1	rep1	1.80862043544503	0	0	beige.day1	day1.rep1	0	0	NA	t0	day1	21.9122060532247	0.395122692798928	beige	beige.day1
beige_day1	71667	7030	beige_day1	beige	day1	rep1	0.826042669568979	6	0	beige.day1	day1.rep1	6	0	NA	t6	day1	24.0937487247077	0.334883695873779	beige	beige.day1
beige_day1	65792	7002	beige_day1	beige	day1	rep1	1.08979815175097	0	0	beige.day1	day1.rep1	0	0	NA	t0	day1	17.3872768217914	0.520069686328757	beige	beige.day1
beige_day1	62968	7010	beige_day1	beige	day1	rep1	1.56905094651251	0	0	beige.day1	day1.rep1	0	0	NA	t0	day1	19.0209021092171	0.474960346982582	beige	beige.day1
beige_day1	44833	5466	beige_day1	beige	day1	rep1	0.771752949836058	0	0	beige.day1	day1.rep1	0	0	NA	t0	day1	19.7838735477427	0.453892395967865	beige	beige.day1
beige_day1	80456	7595	beige_day1	beige	day1	rep1	0.361688376255345	0	0	beige.day1	day1.rep1	0	0	NA	t0	day1	21.4785198543936	0.407098081563661	beige	beige.day1
beige_day1	56651	6855	beige_day1	beige	day1	rep1	1.56925738292351	0	0	beige.day1	day1.rep1	0	0	NA	t0	day1	22.2674263275232	0.385313985735374	beige	beige.day1
beige_day1	48804	6246	beige_day1	beige	day1	rep1	0.90156544545529	0	0	beige.day1	day1.rep1	0	0	NA	t0	day1	21.9122106407974	0.395122566122159	beige	beige.day1
beige_day1	83705	7368	beige_day1	beige	day1	rep1	0.935427991159429	0	0	beige.day1	day1.rep1	0	0	NA	t0	day1	22.2674266804134	0.385313975991007	beige	beige.day1
beige_day1	68547	6582	beige_day1	beige	day1	rep1	0.704626023020701	0	0	beige.day1	day1.rep1	0	0	NA	t0	day1	21.9122120523582	0.395122527144691	beige	beige.day1
beige_day1	47043	6032	beige_day1	beige	day1	rep1	1.68356609910082	7	5	beige.day1	day1.rep1	7	5	NA	t7	day1	18.5329977678488	0.488432862786949	beige	beige.day1
beige_day1	51157	6130	beige_day1	beige	day1	rep1	2.21475066950759	0	0	beige.day1	day1.rep1	0	0	NA	t0	day1	17.3591518272955	0.520846302564187	beige	beige.day1
beige_day1	64520	7126	beige_day1	beige	day1	rep1	0.533168009919405	0	0	beige.day1	day1.rep1	0	0	NA	t0	day1	21.9122155812603	0.395122429701023	beige	beige.day1
beige_day1	52475	6027	beige_day1	beige	day1	rep1	2.01429252024774	2	1	beige.day1	day1.rep1	2	1	NA	t2	day1	9.07319756508812	0.749646582223044	beige	beige.day1
beige_day1	43815	6254	beige_day1	beige	day1	rep1	1.85096428163871	0	0	beige.day1	day1.rep1	0	0	NA	t0	day1	21.4785209130643	0.40709805233056	beige	beige.day1
beige_day1	107419	8296	beige_day1	beige	day1	rep1	0.249490313631667	0	0	beige.day1	day1.rep1	0	0	NA	t0	day1	21.4785212659545	0.407098042586193	beige	beige.day1
beige_day1	66625	7011	beige_day1	beige	day1	rep1	1.08217636022514	0	0	beige.day1	day1.rep1	0	0	NA	t0	day1	20.1525142754395	0.443713109560821	beige	beige.day1
beige_day1	54315	6876	beige_day1	beige	day1	rep1	1.97919543404216	0	0	beige.day1	day1.rep1	0	0	NA	t0	day1	20.0936988617072	0.445337181174587	beige	beige.day1
beige_day1	35381	5592	beige_day1	beige	day1	rep1	1.94737288375117	0	0	beige.day1	day1.rep1	0	0	NA	t0	day1	22.2656352011873	0.385363444155442	beige	beige.day1
beige_day1	51934	6164	beige_day1	beige	day1	rep1	1.74644741402549	0	0	beige.day1	day1.rep1	0	0	NA	t0	day1	20.1525146283297	0.443713099816454	beige	beige.day1
beige_day1	56644	6751	beige_day1	beige	day1	rep1	1.10161711743521	0	0	beige.day1	day1.rep1	0	0	NA	t0	day1	21.9684035994395	0.393570908431888	beige	beige.day1
beige_day1	77072	6687	beige_day1	beige	day1	rep1	0.952356238322608	0	0	beige.day1	day1.rep1	0	0	NA	t0	day1	21.9122198159428	0.39512231276862	beige	beige.day1
beige_day1	97503	7841	beige_day1	beige	day1	rep1	1.26765330297529	6	2	beige.day1	day1.rep1	6	2	NA	t6	day1	29.3083084642644	0.190893916428561	beige	beige.day1
beige_day1	109130	7956	beige_day1	beige	day1	rep1	0.541555942453954	0	4	beige.day1	day1.rep1	0	4	NA	t0	day1	23.3498194153765	0.355425836058854	beige	beige.day1
beige_day1	61787	6872	beige_day1	beige	day1	rep1	0.867496398918866	9	5	beige.day1	day1.rep1	9	5	NA	t9	day1	18.518577925023	0.488831038297792	beige	beige.day1
beige_day1	55355	6317	beige_day1	beige	day1	rep1	2.30512148857375	0	0	beige.day1	day1.rep1	0	0	NA	t0	day1	21.9122222861742	0.395122244558052	beige	beige.day1
beige_day1	48440	5970	beige_day1	beige	day1	rep1	0.864987613542527	0	0	beige.day1	day1.rep1	0	0	NA	t0	day1	21.9122236977351	0.395122205580584	beige	beige.day1
beige_day1	65926	7180	beige_day1	beige	day1	rep1	1.90820010314595	6	2	beige.day1	day1.rep1	6	2	NA	t6	day1	28.9550834062931	0.200647529529586	beige	beige.day1
beige_day1	88352	7303	beige_day1	beige	day1	rep1	0.675706265845708	0	0	beige.day1	day1.rep1	0	0	NA	t0	day1	22.2674295035351	0.385313898036072	beige	beige.day1
beige_day1	83177	7522	beige_day1	beige	day1	rep1	1.72162977746252	6	2	beige.day1	day1.rep1	6	2	NA	t6	day1	36.156043100532	0.00180723428818863	beige	beige.day1
beige_day1	43177	5687	beige_day1	beige	day1	rep1	1.35488801908423	0	4	beige.day1	day1.rep1	0	4	NA	t0	day1	17.3351006098046	0.521510429484744	beige	beige.day1
beige_day1	93148	7857	beige_day1	beige	day1	rep1	1.37523081547645	0	0	beige.day1	day1.rep1	0	0	NA	t0	day1	21.9122258150763	0.395122147114383	beige	beige.day1
beige_day1	50462	5854	beige_day1	beige	day1	rep1	1.39114581269074	0	0	beige.day1	day1.rep1	0	0	NA	t0	day1	22.2674309150959	0.385313859058605	beige	beige.day1
beige_day1	74629	6862	beige_day1	beige	day1	rep1	1.4525184579721	6	2	beige.day1	day1.rep1	6	2	NA	t6	day1	33.8568753652499	0.0652942152886153	beige	beige.day1
beige_day1	35807	5683	beige_day1	beige	day1	rep1	0.798726505990449	0	4	beige.day1	day1.rep1	0	4	NA	t0	day1	15.57113395427	0.570218888561817	beige	beige.day1
beige_day1	50186	6081	beige_day1	beige	day1	rep1	1.37488542621448	0	0	beige.day1	day1.rep1	0	0	NA	t0	day1	21.1697228278233	0.415624902229249	beige	beige.day1
beige_day1	32397	5958	beige_day1	beige	day1	rep1	1.33654350711486	0	0	beige.day1	day1.rep1	0	0	NA	t0	day1	18.4016623891961	0.492059430157939	beige	beige.day1
beige_day1	51349	6447	beige_day1	beige	day1	rep1	1.31648133361896	0	0	beige.day1	day1.rep1	0	0	NA	t0	day1	21.9122314613196	0.395121991204513	beige	beige.day1
beige_day1	48264	6155	beige_day1	beige	day1	rep1	1.05254433946627	0	0	beige.day1	day1.rep1	0	0	NA	t0	day1	22.2674323266567	0.385313820081137	beige	beige.day1
beige_day1	46959	5835	beige_day1	beige	day1	rep1	1.27558082582679	0	4	beige.day1	day1.rep1	0	4	NA	t0	day1	22.0073888933641	0.392494406453933	beige	beige.day1
beige_day1	47069	5832	beige_day1	beige	day1	rep1	1.55091461471457	0	0	beige.day1	day1.rep1	0	0	NA	t0	day1	19.8739575720639	0.451404903362277	beige	beige.day1
beige_day1	39628	5381	beige_day1	beige	day1	rep1	0.784798627233269	0	0	beige.day1	day1.rep1	0	0	NA	t0	day1	22.1012261398659	0.389903276022527	beige	beige.day1
beige_day1	40862	5812	beige_day1	beige	day1	rep1	1.41941167833195	0	0	beige.day1	day1.rep1	0	0	NA	t0	day1	20.9408553135913	0.421944627103903	beige	beige.day1
beige_day1	61766	6688	beige_day1	beige	day1	rep1	0.856458245636758	7	5	beige.day1	day1.rep1	7	5	NA	t7	day1	18.4488976413718	0.490755121859151	beige	beige.day1
beige_day1	32390	4397	beige_day1	beige	day1	rep1	0.870639086137697	0	0	beige.day1	day1.rep1	0	0	NA	t0	day1	22.2674326795469	0.385313810336771	beige	beige.day1
beige_day1	71117	6974	beige_day1	beige	day1	rep1	0.815557461647707	0	0	beige.day1	day1.rep1	0	0	NA	t0	day1	21.9122332257707	0.395121942482679	beige	beige.day1
beige_day1	52616	7142	beige_day1	beige	day1	rep1	0.646191272616695	7	5	beige.day1	day1.rep1	7	5	NA	t7	day1	12.4548194075333	0.656269766618242	beige	beige.day1
beige_day1	52451	6319	beige_day1	beige	day1	rep1	0.581495109721454	0	4	beige.day1	day1.rep1	0	4	NA	t0	day1	20.0886994856351	0.445475229081589	beige	beige.day1
beige_day1	49345	6781	beige_day1	beige	day1	rep1	1.81376025939812	0	0	beige.day1	day1.rep1	0	0	NA	t0	day1	19.7805964311905	0.453982887076056	beige	beige.day1
beige_day1	55133	6684	beige_day1	beige	day1	rep1	1.15720167594725	0	0	beige.day1	day1.rep1	0	0	NA	t0	day1	21.6255120720132	0.40303918147385	beige	beige.day1
beige_day1	83473	7842	beige_day1	beige	day1	rep1	1.80297820852252	0	0	beige.day1	day1.rep1	0	0	NA	t0	day1	20.5486797882216	0.432773780517072	beige	beige.day1
beige_day1	37451	5349	beige_day1	beige	day1	rep1	1.27099409895597	0	0	beige.day1	day1.rep1	0	0	NA	t0	day1	21.9122353431119	0.395121884016478	beige	beige.day1
beige_day1	34121	5459	beige_day1	beige	day1	rep1	0.363412561179332	0	0	beige.day1	day1.rep1	0	0	NA	t0	day1	22.7930018286044	0.370801255176661	beige	beige.day1
beige_day1	86231	7679	beige_day1	beige	day1	rep1	0.975287309668217	0	4	beige.day1	day1.rep1	0	4	NA	t0	day1	22.8087402154064	0.370366670675262	beige	beige.day1
beige_day1	60902	7027	beige_day1	beige	day1	rep1	1.01967094676694	7	5	beige.day1	day1.rep1	7	5	NA	t7	day1	12.4548204662039	0.656269737385141	beige	beige.day1
beige_day1	98094	7841	beige_day1	beige	day1	rep1	0.751320162293311	0	4	beige.day1	day1.rep1	0	4	NA	t0	day1	20.0887001914155	0.445475209592855	beige	beige.day1
beige_day1	47851	6341	beige_day1	beige	day1	rep1	1.54437733798667	0	0	beige.day1	day1.rep1	0	0	NA	t0	day1	20.0887005443057	0.445475199848488	beige	beige.day1
beige_day1	65650	6866	beige_day1	beige	day1	rep1	0.787509520182788	0	4	beige.day1	day1.rep1	0	4	NA	t0	day1	17.2444493193135	0.524013586026462	beige	beige.day1
beige_day1	63818	6798	beige_day1	beige	day1	rep1	0.482622457613839	0	4	beige.day1	day1.rep1	0	4	NA	t0	day1	20.7666035341916	0.426756246212102	beige	beige.day1
beige_day1	57421	6240	beige_day1	beige	day1	rep1	0.89862593824559	0	0	beige.day1	day1.rep1	0	0	NA	t0	day1	21.9122378133434	0.39512181580591	beige	beige.day1
beige_day1	44520	5772	beige_day1	beige	day1	rep1	0.952380952380952	0	0	beige.day1	day1.rep1	0	0	NA	t0	day1	22.2674340911078	0.385313771359303	beige	beige.day1
beige_day1	50351	6331	beige_day1	beige	day1	rep1	0.943377490020059	0	0	beige.day1	day1.rep1	0	0	NA	t0	day1	22.1105872248337	0.389644788129551	beige	beige.day1
beige_day1	37707	5837	beige_day1	beige	day1	rep1	1.63099689712785	0	0	beige.day1	day1.rep1	0	0	NA	t0	day1	19.078874320727	0.473359558734643	beige	beige.day1
beige_day1	39527	5254	beige_day1	beige	day1	rep1	1.27760771118476	0	0	beige.day1	day1.rep1	0	0	NA	t0	day1	19.1924078359985	0.470224554699771	beige	beige.day1
beige_day1	46040	5786	beige_day1	beige	day1	rep1	0.827541268462207	0	0	beige.day1	day1.rep1	0	0	NA	t0	day1	22.2674351497784	0.385313742126203	beige	beige.day1
beige_day1	41109	5590	beige_day1	beige	day1	rep1	0.63976258240288	0	0	beige.day1	day1.rep1	0	0	NA	t0	day1	19.7805978427514	0.453982848098589	beige	beige.day1
beige_day1	45251	6393	beige_day1	beige	day1	rep1	1.99995580208172	0	4	beige.day1	day1.rep1	0	4	NA	t0	day1	15.0981449766846	0.583279546021718	beige	beige.day1
beige_day1	45358	5924	beige_day1	beige	day1	rep1	0.970060408307245	0	0	beige.day1	day1.rep1	0	0	NA	t0	day1	20.1525156870003	0.443713070583354	beige	beige.day1
beige_day1	31999	5815	beige_day1	beige	day1	rep1	2.28132129129035	0	4	beige.day1	day1.rep1	0	4	NA	t0	day1	19.0716346482141	0.473559468007994	beige	beige.day1
beige_day1	49482	6311	beige_day1	beige	day1	rep1	0.84475162685421	0	0	beige.day1	day1.rep1	0	0	NA	t0	day1	21.912240636465	0.395121737850975	beige	beige.day1
beige_day1	52957	5941	beige_day1	beige	day1	rep1	0.904507430556867	6	2	beige.day1	day1.rep1	6	2	NA	t6	day1	35.7986184859443	0.011676809859902	beige	beige.day1
beige_day1	74667	7133	beige_day1	beige	day1	rep1	1.29776206356222	6	0	beige.day1	day1.rep1	6	0	NA	t6	day1	21.6265005890644	0.403011885525721	beige	beige.day1
beige_day1	29054	5268	beige_day1	beige	day1	rep1	0.967164590073656	0	4	beige.day1	day1.rep1	0	4	NA	t0	day1	15.0981460353552	0.583279516788617	beige	beige.day1
beige_day1	60350	6317	beige_day1	beige	day1	rep1	0.924606462303231	0	0	beige.day1	day1.rep1	0	0	NA	t0	day1	21.9122438124769	0.395121650151673	beige	beige.day1
beige_day1	45155	6306	beige_day1	beige	day1	rep1	2.63979625733584	0	0	beige.day1	day1.rep1	0	0	NA	t0	day1	19.8580193164372	0.451845006846953	beige	beige.day1
beige_day1	46923	5756	beige_day1	beige	day1	rep1	1.38524817253799	0	0	beige.day1	day1.rep1	0	0	NA	t0	day1	21.9122448711475	0.395121620918572	beige	beige.day1
beige_day1	56953	5801	beige_day1	beige	day1	rep1	0.876161045072252	0	0	beige.day1	day1.rep1	0	0	NA	t0	day1	19.0906141654637	0.473035386083684	beige	beige.day1
beige_day1	43469	6496	beige_day1	beige	day1	rep1	1.78748073339621	0	4	beige.day1	day1.rep1	0	4	NA	t0	day1	16.0967518593563	0.555704987100164	beige	beige.day1
beige_day1	59952	6930	beige_day1	beige	day1	rep1	0.275220176140913	7	5	beige.day1	day1.rep1	7	5	NA	t7	day1	12.4548236422158	0.656269649685839	beige	beige.day1
beige_day1	35726	5875	beige_day1	beige	day1	rep1	0.797738341823882	0	4	beige.day1	day1.rep1	0	4	NA	t0	day1	16.7539113345394	0.537558824697583	beige	beige.day1
beige_day1	58973	6863	beige_day1	beige	day1	rep1	1.68212571854917	0	0	beige.day1	day1.rep1	0	0	NA	t0	day1	21.4785304410999	0.407097789232654	beige	beige.day1
beige_day1	50569	7021	beige_day1	beige	day1	rep1	0.607091300994681	7	5	beige.day1	day1.rep1	7	5	NA	t7	day1	12.4548243479962	0.656269630197105	beige	beige.day1
beige_day1	86037	7901	beige_day1	beige	day1	rep1	0.869393400513732	0	0	beige.day1	day1.rep1	0	0	NA	t0	day1	21.9122484000496	0.395121523474903	beige	beige.day1
beige_day1	60009	6831	beige_day1	beige	day1	rep1	1.30313786265394	0	2	beige.day1	day1.rep1	0	2	NA	t0	day1	36.2214761850311	4.28752146675038e-07	beige	beige.day1
beige_day1	44876	6020	beige_day1	beige	day1	rep1	1.19217399055174	0	2	beige.day1	day1.rep1	0	2	NA	t0	day1	23.4927111076776	0.35148016388582	beige	beige.day1
beige_day1	38143	5588	beige_day1	beige	day1	rep1	1.2846393833731	0	4	beige.day1	day1.rep1	0	4	NA	t0	day1	18.1986638170318	0.497664835234019	beige	beige.day1
beige_day1	55959	6398	beige_day1	beige	day1	rep1	0.729105237763362	0	4	beige.day1	day1.rep1	0	4	NA	t0	day1	14.682884859167	0.594746134903648	beige	beige.day1
beige_day1	70004	7092	beige_day1	beige	day1	rep1	0.671390206273927	6	2	beige.day1	day1.rep1	6	2	NA	t6	day1	36.2214768908116	4.09263412715077e-07	beige	beige.day1
beige_day1	54837	6207	beige_day1	beige	day1	rep1	1.52087094480004	0	0	beige.day1	day1.rep1	0	0	NA	t0	day1	21.4785311468803	0.407097769743921	beige	beige.day1
beige_day1	76965	7473	beige_day1	beige	day1	rep1	0.592477099980511	0	4	beige.day1	day1.rep1	0	4	NA	t0	day1	21.5226070614151	0.405880700321055	beige	beige.day1
beige_day1	116130	8500	beige_day1	beige	day1	rep1	1.03590803409972	6	2	beige.day1	day1.rep1	6	2	NA	t6	day1	29.0826781938864	0.197124251200918	beige	beige.day1
beige_day1	62496	6206	beige_day1	beige	day1	rep1	0.836853558627752	0	0	beige.day1	day1.rep1	0	0	NA	t0	day1	21.9122498116104	0.395121484497436	beige	beige.day1
beige_day1	70321	7685	beige_day1	beige	day1	rep1	0.846119935723326	0	0	beige.day1	day1.rep1	0	0	NA	t0	day1	21.9122508702811	0.395121455264335	beige	beige.day1
beige_day1	67088	6932	beige_day1	beige	day1	rep1	0.691628905318388	0	0	beige.day1	day1.rep1	0	0	NA	t0	day1	22.1450147826066	0.388694139043502	beige	beige.day1
beige_day1	52233	6607	beige_day1	beige	day1	rep1	1.78239810081749	7	5	beige.day1	day1.rep1	7	5	NA	t7	day1	18.4488997587131	0.49075506339295	beige	beige.day1
beige_day1	48563	7171	beige_day1	beige	day1	rep1	1.52379383481251	10	4	beige.day1	day1.rep1	10	4	NA	t10	day1	20.2852742050163	0.440047206026548	beige	beige.day1
beige_day1	46662	6216	beige_day1	beige	day1	rep1	0.572200077150572	0	0	beige.day1	day1.rep1	0	0	NA	t0	day1	22.2433752125586	0.385978109824873	beige	beige.day1
beige_day1	47379	6611	beige_day1	beige	day1	rep1	1.11863905949893	0	4	beige.day1	day1.rep1	0	4	NA	t0	day1	19.1924081888888	0.470224544955404	beige	beige.day1
beige_day1	44387	6312	beige_day1	beige	day1	rep1	0.473111496609368	0	0	beige.day1	day1.rep1	0	0	NA	t0	day1	19.3140100380115	0.466866749799181	beige	beige.day1
beige_day1	74010	7414	beige_day1	beige	day1	rep1	1.2174030536414	0	0	beige.day1	day1.rep1	0	0	NA	t0	day1	36.2214786552626	3.60541577926199e-07	beige	beige.day1
beige_day1	101898	7964	beige_day1	beige	day1	rep1	0.881273430293038	0	0	beige.day1	day1.rep1	0	0	NA	t0	day1	19.780598901422	0.453982818865488	beige	beige.day1
beige_day1	20607	3811	beige_day1	beige	day1	rep1	4.8963944290775	0	0	beige.day1	day1.rep1	0	0	NA	t0	day1	22.1562187419441	0.388384763810597	beige	beige.day1
beige_day1	77486	7353	beige_day1	beige	day1	rep1	0.567844513847663	7	0	beige.day1	day1.rep1	7	0	NA	t7	day1	36.2214797139332	3.31308476986258e-07	beige	beige.day1
beige_day1	47430	6619	beige_day1	beige	day1	rep1	0.706304026987139	0	4	beige.day1	day1.rep1	0	4	NA	t0	day1	14.8311146865145	0.590653060662871	beige	beige.day1
beige_day1	24915	4884	beige_day1	beige	day1	rep1	1.79008629339755	0	0	beige.day1	day1.rep1	0	0	NA	t0	day1	19.0639107533171	0.473772748127165	beige	beige.day1
beige_day1	47346	5946	beige_day1	beige	day1	rep1	1.9346935327166	0	0	beige.day1	day1.rep1	0	0	NA	t0	day1	19.7909889042794	0.453695919434933	beige	beige.day1
beige_day1	87277	8013	beige_day1	beige	day1	rep1	0.696632560697549	9	7	beige.day1	day1.rep1	9	7	NA	t9	day1	35.1089935634876	0.0307194415381262	beige	beige.day1
beige_day1	74545	7907	beige_day1	beige	day1	rep1	1.39781340130123	9	7	beige.day1	day1.rep1	9	7	NA	t9	day1	35.1089939163778	0.0307194317937592	beige	beige.day1
beige_day1	30554	5186	beige_day1	beige	day1	rep1	1.05714472736794	0	0	beige.day1	day1.rep1	0	0	NA	t0	day1	20.7204285700673	0.428031276748182	beige	beige.day1
beige_day1	51859	7082	beige_day1	beige	day1	rep1	0.690333404037872	7	5	beige.day1	day1.rep1	7	5	NA	t7	day1	18.5205936858651	0.488775377039014	beige	beige.day1
beige_day1	89800	6949	beige_day1	beige	day1	rep1	0.325167037861915	6	2	beige.day1	day1.rep1	6	2	NA	t6	day1	36.0648019862304	0.00432667765077077	beige	beige.day1
beige_day1	70943	6619	beige_day1	beige	day1	rep1	0.882398545311024	6	2	beige.day1	day1.rep1	6	2	NA	t6	day1	22.7670964373676	0.371516581447129	beige	beige.day1
beige_day1	38764	4807	beige_day1	beige	day1	rep1	0.539160045402951	0	0	beige.day1	day1.rep1	0	0	NA	t0	day1	22.237124755515	0.386150703864654	beige	beige.day1
beige_day1	42982	6751	beige_day1	beige	day1	rep1	0.902703457261179	7	5	beige.day1	day1.rep1	7	5	NA	t7	day1	12.4548275240081	0.656269542497803	beige	beige.day1
beige_day1	41995	6226	beige_day1	beige	day1	rep1	1.814501726396	0	4	beige.day1	day1.rep1	0	4	NA	t0	day1	17.3563534837334	0.520923573300825	beige	beige.day1
beige_day1	38872	5486	beige_day1	beige	day1	rep1	0.586540440419839	0	0	beige.day1	day1.rep1	0	0	NA	t0	day1	19.0209123430331	0.474960064395943	beige	beige.day1
beige_day1	39749	5581	beige_day1	beige	day1	rep1	2.1359027900073	0	4	beige.day1	day1.rep1	0	4	NA	t0	day1	17.3610607763497	0.520793590702205	beige	beige.day1
beige_day1	53520	6945	beige_day1	beige	day1	rep1	0.594170403587444	0	0	beige.day1	day1.rep1	0	0	NA	t0	day1	19.4001313603698	0.464488679390316	beige	beige.day1
beige_day1	69072	7352	beige_day1	beige	day1	rep1	0.406821867037294	7	5	beige.day1	day1.rep1	7	5	NA	t7	day1	12.4548278768983	0.656269532753436	beige	beige.day1
beige_day1	46322	5409	beige_day1	beige	day1	rep1	1.33413928586849	0	0	beige.day1	day1.rep1	0	0	NA	t0	day1	20.4145361069958	0.436477893623141	beige	beige.day1
beige_day1	82426	7166	beige_day1	beige	day1	rep1	0.649067041952782	0	0	beige.day1	day1.rep1	0	0	NA	t0	day1	21.4785346757824	0.407097672300252	beige	beige.day1
beige_day1	52984	6203	beige_day1	beige	day1	rep1	1.05692284463234	0	0	beige.day1	day1.rep1	0	0	NA	t0	day1	21.9122596925362	0.395121211655163	beige	beige.day1
beige_day1	33495	4674	beige_day1	beige	day1	rep1	0.677713091506195	0	0	beige.day1	day1.rep1	0	0	NA	t0	day1	20.7644361170543	0.42681609516027	beige	beige.day1
beige_day1	29374	4695	beige_day1	beige	day1	rep1	0.820453462245523	6	0	beige.day1	day1.rep1	6	0	NA	t6	day1	21.5048928689031	0.406369842799088	beige	beige.day1
beige_day1	37863	4870	beige_day1	beige	day1	rep1	2.06534083405964	0	0	beige.day1	day1.rep1	0	0	NA	t0	day1	19.3061844821092	0.467082837086447	beige	beige.day1
beige_day1	83297	7252	beige_day1	beige	day1	rep1	0.720314056928821	6	2	beige.day1	day1.rep1	6	2	NA	t6	day1	36.2214804197137	3.11819743026298e-07	beige	beige.day1
beige_day1	37100	5470	beige_day1	beige	day1	rep1	1.14824797843666	0	0	beige.day1	day1.rep1	0	0	NA	t0	day1	21.9657100781775	0.393645284707512	beige	beige.day1
beige_day1	52498	6629	beige_day1	beige	day1	rep1	2.37342374947617	0	0	beige.day1	day1.rep1	0	0	NA	t0	day1	22.2674411489119	0.385313576471966	beige	beige.day1
beige_day1	44789	6284	beige_day1	beige	day1	rep1	3.46290383799594	0	0	beige.day1	day1.rep1	0	0	NA	t0	day1	17.3351027271459	0.521510371018543	beige	beige.day1
beige_day1	46199	5549	beige_day1	beige	day1	rep1	1.13422368449534	0	4	beige.day1	day1.rep1	0	4	NA	t0	day1	15.5586532236031	0.570563519316052	beige	beige.day1
beige_day1	43822	6198	beige_day1	beige	day1	rep1	0.759892291543061	10	4	beige.day1	day1.rep1	10	4	NA	t10	day1	20.2852752636869	0.440047176793447	beige	beige.day1
beige_day1	50380	6227	beige_day1	beige	day1	rep1	0.915045653036919	0	0	beige.day1	day1.rep1	0	0	NA	t0	day1	21.9122625156579	0.395121133700228	beige	beige.day1
beige_day1	44986	5352	beige_day1	beige	day1	rep1	0.749121949050816	0	0	beige.day1	day1.rep1	0	0	NA	t0	day1	22.2674422075825	0.385313547238865	beige	beige.day1
beige_day1	43011	6629	beige_day1	beige	day1	rep1	0.92069470600544	0	4	beige.day1	day1.rep1	0	4	NA	t0	day1	18.49997172737	0.489344811737963	beige	beige.day1
beige_day1	80798	8096	beige_day1	beige	day1	rep1	0.191836431594841	7	2	beige.day1	day1.rep1	7	2	NA	t7	day1	35.9844530012337	0.0065453563515957	beige	beige.day1
beige_day1	76709	8418	beige_day1	beige	day1	rep1	1.13285272914521	7	5	beige.day1	day1.rep1	7	5	NA	t7	day1	12.4548299942396	0.656269474287234	beige	beige.day1
beige_day1	39892	5910	beige_day1	beige	day1	rep1	1.40128346535646	0	4	beige.day1	day1.rep1	0	4	NA	t0	day1	17.3469051415873	0.521184470628632	beige	beige.day1
beige_day1	46382	6082	beige_day1	beige	day1	rep1	0.676986762105989	7	5	beige.day1	day1.rep1	7	5	NA	t7	day1	21.9122646329992	0.395121075234027	beige	beige.day1
beige_day1	45756	6718	beige_day1	beige	day1	rep1	1.22606871230003	0	4	beige.day1	day1.rep1	0	4	NA	t0	day1	19.9874711105208	0.44827045094773	beige	beige.day1
beige_day1	48829	5945	beige_day1	beige	day1	rep1	1.2205861270966	0	0	beige.day1	day1.rep1	0	0	NA	t0	day1	19.9630297579313	0.448945350679341	beige	beige.day1
beige_day1	73284	6856	beige_day1	beige	day1	rep1	0.293379182359042	0	0	beige.day1	day1.rep1	0	0	NA	t0	day1	36.2214814783843	2.82586642086358e-07	beige	beige.day1
beige_day1	61302	6778	beige_day1	beige	day1	rep1	1.09294965906496	0	0	beige.day1	day1.rep1	0	0	NA	t0	day1	21.4785364402334	0.407097623578418	beige	beige.day1
beige_day1	64003	6909	beige_day1	beige	day1	rep1	1.06869990469197	0	0	beige.day1	day1.rep1	0	0	NA	t0	day1	19.3908419461701	0.464745188236432	beige	beige.day1
beige_day1	25731	3909	beige_day1	beige	day1	rep1	3.68427188993821	6	2	beige.day1	day1.rep1	6	2	NA	t6	day1	29.6339500095956	0.181901967609806	beige	beige.day1
beige_day1	46218	6225	beige_day1	beige	day1	rep1	1.540525336449	0	0	beige.day1	day1.rep1	0	0	NA	t0	day1	21.912267809011	0.395120987534725	beige	beige.day1
beige_day1	66875	6177	beige_day1	beige	day1	rep1	0.511401869158879	0	0	beige.day1	day1.rep1	0	0	NA	t0	day1	21.4785367931236	0.407097613834051	beige	beige.day1
beige_day1	92952	7974	beige_day1	beige	day1	rep1	0.5142439108357	0	0	beige.day1	day1.rep1	0	0	NA	t0	day1	20.8691714180707	0.423924036454128	beige	beige.day1
beige_day1	50905	6316	beige_day1	beige	day1	rep1	1.42029270209213	0	0	beige.day1	day1.rep1	0	0	NA	t0	day1	20.2852759694673	0.440047157304713	beige	beige.day1
beige_day1	52079	6264	beige_day1	beige	day1	rep1	1.12329345801571	0	4	beige.day1	day1.rep1	0	4	NA	t0	day1	20.0887100723413	0.445474936750582	beige	beige.day1
beige_day1	50054	5935	beige_day1	beige	day1	rep1	2.31549926079834	0	4	beige.day1	day1.rep1	0	4	NA	t0	day1	19.9515821086828	0.449261454928364	beige	beige.day1
beige_day1	61414	7045	beige_day1	beige	day1	rep1	2.04676458136581	0	0	beige.day1	day1.rep1	0	0	NA	t0	day1	21.9122738081446	0.395120821880489	beige	beige.day1
beige_day1	77731	7529	beige_day1	beige	day1	rep1	1.19257439116955	0	0	beige.day1	day1.rep1	0	0	NA	t0	day1	21.9122741610348	0.395120812136122	beige	beige.day1
beige_day1	41737	5939	beige_day1	beige	day1	rep1	1.58133071375518	0	4	beige.day1	day1.rep1	0	4	NA	t0	day1	20.0887111310119	0.445474907517482	beige	beige.day1
beige_day1	64737	7012	beige_day1	beige	day1	rep1	1.54625639124457	7	0	beige.day1	day1.rep1	7	0	NA	t7	day1	21.6851437799395	0.401392569506381	beige	beige.day1
beige_day1	135302	8647	beige_day1	beige	day1	rep1	0.789345316403305	0	0	beige.day1	day1.rep1	0	0	NA	t0	day1	21.9122748668152	0.395120792647388	beige	beige.day1
beige_day1	78055	7622	beige_day1	beige	day1	rep1	1.24015117545321	0	0	beige.day1	day1.rep1	0	0	NA	t0	day1	21.9122752197054	0.395120782903021	beige	beige.day1
beige_day1	49391	5792	beige_day1	beige	day1	rep1	0.461622562815088	0	0	beige.day1	day1.rep1	0	0	NA	t0	day1	22.2367473627348	0.386161124821724	beige	beige.day1
beige_day1	60401	6388	beige_day1	beige	day1	rep1	0.670518700021523	6	2	beige.day1	day1.rep1	6	2	NA	t6	day1	36.2214821841647	2.6309790823742e-07	beige	beige.day1
beige_day1	42099	6064	beige_day1	beige	day1	rep1	2.41098363381553	0	4	beige.day1	day1.rep1	0	4	NA	t0	day1	19.138881200259	0.471702587143452	beige	beige.day1
beige_day1	51116	6614	beige_day1	beige	day1	rep1	0.356052899287894	0	0	beige.day1	day1.rep1	0	0	NA	t0	day1	19.0971842685572	0.472853965648861	beige	beige.day1
beige_day1	47279	6918	beige_day1	beige	day1	rep1	0.526660885382517	7	5	beige.day1	day1.rep1	7	5	NA	t7	day1	12.4548331702515	0.656269386587932	beige	beige.day1
beige_day1	58648	6863	beige_day1	beige	day1	rep1	1.49365707270495	0	0	beige.day1	day1.rep1	0	0	NA	t0	day1	21.9122759254858	0.395120763414287	beige	beige.day1
beige_day1	70226	7457	beige_day1	beige	day1	rep1	1.79847919573947	0	4	beige.day1	day1.rep1	0	4	NA	t0	day1	20.8691721238511	0.423924016965394	beige	beige.day1
beige_day1	58965	6934	beige_day1	beige	day1	rep1	1.13796319850759	0	0	beige.day1	day1.rep1	0	0	NA	t0	day1	21.9220206989574	0.394851680720254	beige	beige.day1
beige_day1	60816	6976	beige_day1	beige	day1	rep1	0.39956590370955	0	4	beige.day1	day1.rep1	0	4	NA	t0	day1	22.8087405682966	0.370366660930895	beige	beige.day1
beige_day1	55498	5963	beige_day1	beige	day1	rep1	1.30635338210386	0	0	beige.day1	day1.rep1	0	0	NA	t0	day1	22.2674475009357	0.385313401073362	beige	beige.day1
beige_day1	46032	6289	beige_day1	beige	day1	rep1	2.33533194299618	0	4	beige.day1	day1.rep1	0	4	NA	t0	day1	14.4963193607095	0.59989777306999	beige	beige.day1
beige_day1	89249	7946	beige_day1	beige	day1	rep1	0.43922060751381	7	5	beige.day1	day1.rep1	7	5	NA	t7	day1	18.4489039933956	0.490754946460548	beige	beige.day1
beige_day1	54506	6355	beige_day1	beige	day1	rep1	0.484350346750816	0	0	beige.day1	day1.rep1	0	0	NA	t0	day1	19.020915519045	0.474959976696641	beige	beige.day1
beige_day1	137592	8505	beige_day1	beige	day1	rep1	0.919384847956277	0	0	beige.day1	day1.rep1	0	0	NA	t0	day1	22.2114613469802	0.386859348260211	beige	beige.day1
beige_day1	60450	6675	beige_day1	beige	day1	rep1	1.06203473945409	0	4	beige.day1	day1.rep1	0	4	NA	t0	day1	20.8691724767413	0.423924007221027	beige	beige.day1
beige_day1	42713	6065	beige_day1	beige	day1	rep1	0.779622129094187	0	0	beige.day1	day1.rep1	0	0	NA	t0	day1	22.2640490749063	0.385407241903437	beige	beige.day1
beige_day1	71966	7033	beige_day1	beige	day1	rep1	1.16443876274908	0	0	beige.day1	day1.rep1	0	0	NA	t0	day1	22.2674482067161	0.385313381584628	beige	beige.day1
beige_day1	66204	6704	beige_day1	beige	day1	rep1	0.892695305419612	0	0	beige.day1	day1.rep1	0	0	NA	t0	day1	21.9122815717291	0.395120607504417	beige	beige.day1
beige_day1	40062	5698	beige_day1	beige	day1	rep1	0.801258050022465	0	0	beige.day1	day1.rep1	0	0	NA	t0	day1	19.0438494751903	0.474326700743905	beige	beige.day1
beige_day1	83407	7172	beige_day1	beige	day1	rep1	0.865634778855492	0	0	beige.day1	day1.rep1	0	0	NA	t0	day1	20.1525170985612	0.443713031605886	beige	beige.day1
beige_day1	52764	6323	beige_day1	beige	day1	rep1	1.30012887574862	0	0	beige.day1	day1.rep1	0	0	NA	t0	day1	21.9122822775095	0.395120588015684	beige	beige.day1
beige_day1	53181	6371	beige_day1	beige	day1	rep1	0.885654651097196	0	0	beige.day1	day1.rep1	0	0	NA	t0	day1	21.9161552030949	0.395013644816508	beige	beige.day1
beige_day1	41921	5444	beige_day1	beige	day1	rep1	1.04243696476706	0	0	beige.day1	day1.rep1	0	0	NA	t0	day1	19.7806010187632	0.453982760399287	beige	beige.day1
beige_day1	61497	6811	beige_day1	beige	day1	rep1	1.45047725905329	0	0	beige.day1	day1.rep1	0	0	NA	t0	day1	21.9122826303998	0.395120578271317	beige	beige.day1
beige_day1	62989	6530	beige_day1	beige	day1	rep1	1.41612027496865	0	0	beige.day1	day1.rep1	0	0	NA	t0	day1	22.0350881143089	0.391729547115109	beige	beige.day1
beige_day1	43413	5924	beige_day1	beige	day1	rep1	1.76675189459379	0	0	beige.day1	day1.rep1	0	0	NA	t0	day1	19.2360386050808	0.469019777090356	beige	beige.day1
beige_day1	47127	5823	beige_day1	beige	day1	rep1	0.600505018354659	0	4	beige.day1	day1.rep1	0	4	NA	t0	day1	20.0887136012434	0.445474839306914	beige	beige.day1
beige_day1	49452	5778	beige_day1	beige	day1	rep1	1.25576316428051	0	4	beige.day1	day1.rep1	0	4	NA	t0	day1	18.6698918224089	0.484652803547442	beige	beige.day1
beige_day1	68126	6711	beige_day1	beige	day1	rep1	1.06567243049643	6	2	beige.day1	day1.rep1	6	2	NA	t6	day1	22.759191408197	0.371734863231907	beige	beige.day1
beige_day1	43270	5540	beige_day1	beige	day1	rep1	2.53062167783684	0	0	beige.day1	day1.rep1	0	0	NA	t0	day1	21.4785413806963	0.407097487157281	beige	beige.day1
beige_day1	52275	5971	beige_day1	beige	day1	rep1	1.51889048302248	0	0	beige.day1	day1.rep1	0	0	NA	t0	day1	21.9122851006312	0.395120510060749	beige	beige.day1
beige_day1	40627	6092	beige_day1	beige	day1	rep1	0.519359046939228	0	4	beige.day1	day1.rep1	0	4	NA	t0	day1	20.0887153656944	0.445474790585079	beige	beige.day1
beige_day1	52492	6058	beige_day1	beige	day1	rep1	1.32972643450431	0	4	beige.day1	day1.rep1	0	4	NA	t0	day1	17.3351048444871	0.521510312552342	beige	beige.day1
beige_day1	50699	5790	beige_day1	beige	day1	rep1	1.2682695911162	0	4	beige.day1	day1.rep1	0	4	NA	t0	day1	20.1525174514514	0.443713021861519	beige	beige.day1
beige_day1	70192	7884	beige_day1	beige	day1	rep1	1.49304764075678	7	5	beige.day1	day1.rep1	7	5	NA	t7	day1	12.4548370520438	0.656269279399896	beige	beige.day1
beige_day1	36401	5129	beige_day1	beige	day1	rep1	1.48347572868877	0	4	beige.day1	day1.rep1	0	4	NA	t0	day1	20.8691745940826	0.423923948754826	beige	beige.day1
beige_day1	25655	4863	beige_day1	beige	day1	rep1	3.21964529331514	0	0	beige.day1	day1.rep1	0	0	NA	t0	day1	22.1858790943537	0.387565751695474	beige	beige.day1
beige_day1	96685	7539	beige_day1	beige	day1	rep1	2.39333919429074	0	0	beige.day1	day1.rep1	0	0	NA	t0	day1	21.9122882766431	0.395120422361447	beige	beige.day1
beige_day1	64730	7260	beige_day1	beige	day1	rep1	1.73953344662444	0	2	beige.day1	day1.rep1	0	2	NA	t0	day1	25.0021714000546	0.309799395913806	beige	beige.day1
beige_day1	58115	6556	beige_day1	beige	day1	rep1	1.04792222317818	0	0	beige.day1	day1.rep1	0	0	NA	t0	day1	21.9122886295333	0.39512041261708	beige	beige.day1
beige_day1	41167	6185	beige_day1	beige	day1	rep1	1.23156897515	0	4	beige.day1	day1.rep1	0	4	NA	t0	day1	15.0981509758182	0.583279380367481	beige	beige.day1
beige_day1	57794	6534	beige_day1	beige	day1	rep1	1.37557531923729	0	0	beige.day1	day1.rep1	0	0	NA	t0	day1	21.9122896882039	0.395120383383979	beige	beige.day1
beige_day1	55138	6331	beige_day1	beige	day1	rep1	0.776234176067322	7	5	beige.day1	day1.rep1	7	5	NA	t7	day1	18.4489043462858	0.490754936716181	beige	beige.day1
beige_day1	41926	6192	beige_day1	beige	day1	rep1	2.08462529218146	0	0	beige.day1	day1.rep1	0	0	NA	t0	day1	18.4032079421548	0.492016752762192	beige	beige.day1
beige_day1	54018	5825	beige_day1	beige	day1	rep1	2.37883668406827	0	4	beige.day1	day1.rep1	0	4	NA	t0	day1	20.2439064016427	0.441189496302504	beige	beige.day1
beige_day1	57987	6503	beige_day1	beige	day1	rep1	2.0107955231345	0	0	beige.day1	day1.rep1	0	0	NA	t0	day1	19.0533752647016	0.474063664859903	beige	beige.day1
beige_day1	48944	5997	beige_day1	beige	day1	rep1	0.984798953906505	0	4	beige.day1	day1.rep1	0	4	NA	t0	day1	24.5017633424853	0.323617177172582	beige	beige.day1
beige_day1	59748	8146	beige_day1	beige	day1	rep1	1.00923880297248	7	5	beige.day1	day1.rep1	7	5	NA	t7	day1	12.454837404934	0.656269269655529	beige	beige.day1
beige_day1	48976	6078	beige_day1	beige	day1	rep1	0.765681149950996	7	5	beige.day1	day1.rep1	7	5	NA	t7	day1	12.4548377578242	0.656269259911162	beige	beige.day1
beige_day1	62307	6966	beige_day1	beige	day1	rep1	1.63384531433065	0	0	beige.day1	day1.rep1	0	0	NA	t0	day1	21.9122925113256	0.395120305429044	beige	beige.day1
beige_day1	52740	6726	beige_day1	beige	day1	rep1	1.08456579446341	0	0	beige.day1	day1.rep1	0	0	NA	t0	day1	21.4785431451474	0.407097438435447	beige	beige.day1
beige_day1	38058	5366	beige_day1	beige	day1	rep1	1.55026538441326	0	4	beige.day1	day1.rep1	0	4	NA	t0	day1	17.3351055502676	0.521510293063608	beige	beige.day1
beige_day1	34490	4654	beige_day1	beige	day1	rep1	1.78022615250797	0	4	beige.day1	day1.rep1	0	4	NA	t0	day1	18.49604656584	0.489453197329695	beige	beige.day1
beige_day1	40038	5358	beige_day1	beige	day1	rep1	1.85573704980269	0	0	beige.day1	day1.rep1	0	0	NA	t0	day1	19.3938383118078	0.464662449510852	beige	beige.day1
beige_day1	57465	7420	beige_day1	beige	day1	rep1	0.435047420168798	7	5	beige.day1	day1.rep1	7	5	NA	t7	day1	18.4489050520662	0.490754917227447	beige	beige.day1
beige_day1	71952	6967	beige_day1	beige	day1	rep1	1.10629308427841	6	2	beige.day1	day1.rep1	6	2	NA	t6	day1	36.2001675549383	0.000588824532537835	beige	beige.day1
beige_day1	115667	9913	beige_day1	beige	day1	rep1	0.96483871804404	7	5	beige.day1	day1.rep1	7	5	NA	t7	day1	12.454839169385	0.656269220933695	beige	beige.day1
beige_day1	41713	5552	beige_day1	beige	day1	rep1	1.07400570565531	0	0	beige.day1	day1.rep1	0	0	NA	t0	day1	21.9122978046787	0.395120159263541	beige	beige.day1
beige_day1	32453	5536	beige_day1	beige	day1	rep1	1.59615443872677	0	4	beige.day1	day1.rep1	0	4	NA	t0	day1	15.0981520344888	0.58327935113438	beige	beige.day1
beige_day1	62242	8486	beige_day1	beige	day1	rep1	1.11982262780759	7	5	beige.day1	day1.rep1	7	5	NA	t7	day1	12.4548398751655	0.656269201444961	beige	beige.day1
beige_day1	24438	4249	beige_day1	beige	day1	rep1	4.37842703985596	0	0	beige.day1	day1.rep1	0	0	NA	t0	day1	22.2674545587398	0.385313206186024	beige	beige.day1
beige_day1	28216	4968	beige_day1	beige	day1	rep1	1.84292599943295	0	4	beige.day1	day1.rep1	0	4	NA	t0	day1	16.8141350549062	0.535895865474543	beige	beige.day1
beige_day1	50058	5743	beige_day1	beige	day1	rep1	0.493427623956211	0	4	beige.day1	day1.rep1	0	4	NA	t0	day1	20.0887181888161	0.445474712630144	beige	beige.day1
beige_day1	50234	6327	beige_day1	beige	day1	rep1	1.18047537524386	0	0	beige.day1	day1.rep1	0	0	NA	t0	day1	22.0230327330357	0.392062432685004	beige	beige.day1
beige_day1	109532	8074	beige_day1	beige	day1	rep1	0.786984625497572	0	0	beige.day1	day1.rep1	0	0	NA	t0	day1	21.9122999220199	0.39512010079734	beige	beige.day1
beige_day1	42471	6492	beige_day1	beige	day1	rep1	2.56881165972075	0	4	beige.day1	day1.rep1	0	4	NA	t0	day1	19.0928698986123	0.472973098463102	beige	beige.day1
beige_day1	90526	7529	beige_day1	beige	day1	rep1	0.353489605196297	0	0	beige.day1	day1.rep1	0	0	NA	t0	day1	20.8691760056434	0.423923909777358	beige	beige.day1
beige_day1	60003	6986	beige_day1	beige	day1	rep1	2.07822942186224	0	4	beige.day1	day1.rep1	0	4	NA	t0	day1	18.6793842586703	0.484390688647633	beige	beige.day1
beige_day1	68995	8059	beige_day1	beige	day1	rep1	0.853685049641278	7	5	beige.day1	day1.rep1	7	5	NA	t7	day1	12.4548405809459	0.656269181956227	beige	beige.day1
beige_day1	41285	6330	beige_day1	beige	day1	rep1	2.25263412861814	0	0	beige.day1	day1.rep1	0	0	NA	t0	day1	20.2537459712625	0.44091779599986	beige	beige.day1
beige_day1	52957	6595	beige_day1	beige	day1	rep1	0.604263836697698	1	4	beige.day1	day1.rep1	1	4	NA	t1	day1	20.0887199532671	0.44547466390831	beige	beige.day1
beige_day1	32787	5540	beige_day1	beige	day1	rep1	0.719797480708818	0	0	beige.day1	day1.rep1	0	0	NA	t0	day1	18.6440146789454	0.485367349811381	beige	beige.day1
beige_day1	32511	5122	beige_day1	beige	day1	rep1	4.60151948571253	0	0	beige.day1	day1.rep1	0	0	NA	t0	day1	19.0209186950569	0.47495988899734	beige	beige.day1
beige_day1	67230	6793	beige_day1	beige	day1	rep1	0.462591105161386	0	0	beige.day1	day1.rep1	0	0	NA	t0	day1	21.9123048624828	0.395119964376204	beige	beige.day1
beige_day1	53862	6663	beige_day1	beige	day1	rep1	1.20864431324496	0	0	beige.day1	day1.rep1	0	0	NA	t0	day1	21.9123055682633	0.39511994488747	beige	beige.day1
beige_day1	43772	6464	beige_day1	beige	day1	rep1	1.28849492826464	0	0	beige.day1	day1.rep1	0	0	NA	t0	day1	19.9669406445904	0.448837359260006	beige	beige.day1
beige_day1	113460	7775	beige_day1	beige	day1	rep1	0.61872025383395	0	0	beige.day1	day1.rep1	0	0	NA	t0	day1	21.4785487913907	0.407097282525577	beige	beige.day1
beige_day1	77419	8216	beige_day1	beige	day1	rep1	0.986837856340175	7	5	beige.day1	day1.rep1	7	5	NA	t7	day1	12.4548416396165	0.656269152723126	beige	beige.day1
beige_day1	68825	7159	beige_day1	beige	day1	rep1	0.804940065383218	0	0	beige.day1	day1.rep1	0	0	NA	t0	day1	21.051781344685	0.418881623600317	beige	beige.day1
beige_day1	25728	4955	beige_day1	beige	day1	rep1	4.83519900497512	0	0	beige.day1	day1.rep1	0	0	NA	t0	day1	20.152518510122	0.443712992628419	beige	beige.day1
beige_day1	48299	7044	beige_day1	beige	day1	rep1	0.6356239259612	7	5	beige.day1	day1.rep1	7	5	NA	t7	day1	12.4548423453969	0.656269133234392	beige	beige.day1
beige_day1	44995	5601	beige_day1	beige	day1	rep1	1.59795532836982	0	0	beige.day1	day1.rep1	0	0	NA	t0	day1	20.088721364828	0.445474624930843	beige	beige.day1
beige_day1	20939	4209	beige_day1	beige	day1	rep1	4.53698839486126	7	5	beige.day1	day1.rep1	7	5	NA	t7	day1	12.4548430511773	0.656269113745658	beige	beige.day1
beige_day1	25801	4445	beige_day1	beige	day1	rep1	4.44168830665478	0	0	beige.day1	day1.rep1	0	0	NA	t0	day1	22.2674584405321	0.385313098997989	beige	beige.day1
beige_day1	57530	6179	beige_day1	beige	day1	rep1	0.983834521119416	0	4	beige.day1	day1.rep1	0	4	NA	t0	day1	20.0887217177182	0.445474615186476	beige	beige.day1
beige_day1	32524	4620	beige_day1	beige	day1	rep1	1.91550854753413	0	4	beige.day1	day1.rep1	0	4	NA	t0	day1	20.7069377413578	0.428403799367048	beige	beige.day1
beige_day1	57951	6725	beige_day1	beige	day1	rep1	1.27176407654743	6	2	beige.day1	day1.rep1	6	2	NA	t6	day1	36.2214903006396	3.89774679199206e-08	beige	beige.day1
beige_day1	47262	6128	beige_day1	beige	day1	rep1	1.25893952858533	0	4	beige.day1	day1.rep1	0	4	NA	t0	day1	13.6675466005855	0.622782697761755	beige	beige.day1
beige_day1	68262	6954	beige_day1	beige	day1	rep1	0.527379801353608	6	2	beige.day1	day1.rep1	6	2	NA	t6	day1	24.0937536651706	0.334883559452642	beige	beige.day1
beige_day1	65498	6861	beige_day1	beige	day1	rep1	0.998503771107515	0	0	beige.day1	day1.rep1	0	0	NA	t0	day1	21.912310155836	0.395119818210701	beige	beige.day1
beige_day1	53405	6497	beige_day1	beige	day1	rep1	0.572980058046999	0	0	beige.day1	day1.rep1	0	0	NA	t0	day1	21.9123105087262	0.395119808466334	beige	beige.day1
beige_day1	50141	5883	beige_day1	beige	day1	rep1	1.11884485750184	0	4	beige.day1	day1.rep1	0	4	NA	t0	day1	20.0400316637615	0.446819094966277	beige	beige.day1
beige_day1	61270	6227	beige_day1	beige	day1	rep1	0.721397094826179	0	0	beige.day1	day1.rep1	0	0	NA	t0	day1	21.9123112145066	0.3951197889776	beige	beige.day1
beige_day1	48213	6219	beige_day1	beige	day1	rep1	0.67409204986207	0	5	beige.day1	day1.rep1	0	5	NA	t0	day1	20.0887234821692	0.445474566464641	beige	beige.day1
beige_day1	39485	6090	beige_day1	beige	day1	rep1	1.84373812840319	0	4	beige.day1	day1.rep1	0	4	NA	t0	day1	20.0887238350594	0.445474556720274	beige	beige.day1
beige_day1	50507	6855	beige_day1	beige	day1	rep1	1.92448571485141	0	0	beige.day1	day1.rep1	0	0	NA	t0	day1	20.2852773810281	0.440047118327246	beige	beige.day1
beige_day1	63032	6327	beige_day1	beige	day1	rep1	0.496573169183907	0	0	beige.day1	day1.rep1	0	0	NA	t0	day1	21.9123129789576	0.395119740255766	beige	beige.day1
beige_day1	47653	5911	beige_day1	beige	day1	rep1	0.946425198833232	0	4	beige.day1	day1.rep1	0	4	NA	t0	day1	20.8691774172042	0.423923870799891	beige	beige.day1
beige_day1	40907	6014	beige_day1	beige	day1	rep1	0.374019116532623	0	4	beige.day1	day1.rep1	0	4	NA	t0	day1	15.8492655158391	0.56253883421259	beige	beige.day1
beige_day1	50228	6789	beige_day1	beige	day1	rep1	1.12686151150753	7	2	beige.day1	day1.rep1	7	2	NA	t7	day1	36.2214917122004	0	beige	beige.day1
beige_day1	47756	6075	beige_day1	beige	day1	rep1	1.11609012480107	0	4	beige.day1	day1.rep1	0	4	NA	t0	day1	16.0967539766975	0.555704928633962	beige	beige.day1
beige_day1	78293	7118	beige_day1	beige	day1	rep1	0.970712579668681	0	0	beige.day1	day1.rep1	0	0	NA	t0	day1	21.912313684738	0.395119720767032	beige	beige.day1
beige_day1	56482	6263	beige_day1	beige	day1	rep1	1.26589001805885	0	0	beige.day1	day1.rep1	0	0	NA	t0	day1	21.9131439917335	0.395096793477459	beige	beige.day1
beige_day1	52058	6190	beige_day1	beige	day1	rep1	1.2063467670675	0	2	beige.day1	day1.rep1	0	2	NA	t0	day1	24.0937540180608	0.334883549708275	beige	beige.day1
beige_day1	56037	6436	beige_day1	beige	day1	rep1	0.712029551903207	0	0	beige.day1	day1.rep1	0	0	NA	t0	day1	21.9123161549695	0.395119652556464	beige	beige.day1
beige_day1	43228	5830	beige_day1	beige	day1	rep1	1.34172295734246	0	4	beige.day1	day1.rep1	0	4	NA	t0	day1	20.851508232035	0.424411770488947	beige	beige.day1
beige_day1	96734	8109	beige_day1	beige	day1	rep1	1.44933529059069	6	0	beige.day1	day1.rep1	6	0	NA	t6	day1	22.7682213698156	0.371485518656948	beige	beige.day1
beige_day3	31072	5172	beige_day3	beige	day3	rep1	3.4725798146241	4	6	beige.day3	day3.rep1	4	6	NA	t4	day3	0.0328130526381001	0.999278964833027	beige	beige.day3
beige_day3	16533	3393	beige_day3	beige	day3	rep1	2.6190044154116	2	3	beige.day3	day3.rep1	2	3	NA	t2	day3	2.43772134954132	0.93287216683813	beige	beige.day3
beige_day3	15573	3314	beige_day3	beige	day3	rep1	1.39985872985295	1	5	beige.day3	day3.rep1	1	5	NA	t1	day3	10.6223720893816	0.706869184088541	beige	beige.day3
beige_day3	21991	4323	beige_day3	beige	day3	rep1	2.15997453503706	1	1	beige.day3	day3.rep1	1	1	NA	t1	day3	12.9053291835355	0.643829827961028	beige	beige.day3
beige_day3	13471	3351	beige_day3	beige	day3	rep1	3.5409397966001	1	4	beige.day3	day3.rep1	1	4	NA	t1	day3	18.7185425542377	0.483309409570623	beige	beige.day3
beige_day3	24115	4435	beige_day3	beige	day3	rep1	1.67530582624922	5	5	beige.day3	day3.rep1	5	5	NA	t5	day3	12.4548451685186	0.656269055279457	beige	beige.day3
beige_day3	18323	3491	beige_day3	beige	day3	rep1	3.41647110189379	1	1	beige.day3	day3.rep1	1	1	NA	t1	day3	10.496765878589	0.710337551792103	beige	beige.day3
beige_day3	25089	4591	beige_day3	beige	day3	rep1	2.68245047630436	2	3	beige.day3	day3.rep1	2	3	NA	t2	day3	5.69249993127239	0.842997877629907	beige	beige.day3
beige_day3	24955	4273	beige_day3	beige	day3	rep1	3.10158284912843	2	3	beige.day3	day3.rep1	2	3	NA	t2	day3	5.90822934477403	0.837040935486871	beige	beige.day3
beige_day3	17443	3875	beige_day3	beige	day3	rep1	4.25958837355959	2	3	beige.day3	day3.rep1	2	3	NA	t2	day3	5.90822969766424	0.837040925742504	beige	beige.day3
beige_day3	22951	3589	beige_day3	beige	day3	rep1	0.814779312448259	2	3	beige.day3	day3.rep1	2	3	NA	t2	day3	3.58405957424799	0.901218298364246	beige	beige.day3
beige_day3	36163	4721	beige_day3	beige	day3	rep1	2.73207421950613	4	6	beige.day3	day3.rep1	4	6	NA	t4	day3	0.0328102295164259	0.999279042787962	beige	beige.day3
beige_day3	31273	4696	beige_day3	beige	day3	rep1	1.68196207591213	5	5	beige.day3	day3.rep1	5	5	NA	t5	day3	12.4820315815578	0.655518356119235	beige	beige.day3
beige_day3	29098	4495	beige_day3	beige	day3	rep1	1.63585126125507	2	3	beige.day3	day3.rep1	2	3	NA	t2	day3	4.08203693936895	0.887467635881938	beige	beige.day3
beige_day3	29504	4421	beige_day3	beige	day3	rep1	2.13869305856833	2	1	beige.day3	day3.rep1	2	1	NA	t2	day3	6.97299904451322	0.807639420904082	beige	beige.day3
beige_day3	27098	4040	beige_day3	beige	day3	rep1	1.20304081482028	5	5	beige.day3	day3.rep1	5	5	NA	t5	day3	12.6944330854785	0.649653307633669	beige	beige.day3
beige_day3	31214	4794	beige_day3	beige	day3	rep1	1.2526430447876	4	3	beige.day3	day3.rep1	4	3	NA	t4	day3	3.16115004288771	0.912896110717974	beige	beige.day3
beige_day3	12101	3186	beige_day3	beige	day3	rep1	1.32220477646475	1	1	beige.day3	day3.rep1	1	1	NA	t1	day3	12.7452190689073	0.648250952896537	beige	beige.day3
beige_day3	12729	2904	beige_day3	beige	day3	rep1	2.08971639563202	5	5	beige.day3	day3.rep1	5	5	NA	t5	day3	12.4548476387501	0.656268987068888	beige	beige.day3
beige_day3	22224	4050	beige_day3	beige	day3	rep1	3.06875449964003	2	3	beige.day3	day3.rep1	2	3	NA	t2	day3	4.20268451911483	0.884136190991888	beige	beige.day3
beige_day3	41618	5974	beige_day3	beige	day3	rep1	1.37921091835264	1	4	beige.day3	day3.rep1	1	4	NA	t1	day3	20.0887252466202	0.445474517742807	beige	beige.day3
beige_day3	25898	4660	beige_day3	beige	day3	rep1	1.88817669318094	1	4	beige.day3	day3.rep1	1	4	NA	t1	day3	15.0981562691713	0.583279234201977	beige	beige.day3
beige_day3	25299	4692	beige_day3	beige	day3	rep1	2.00007905450808	1	1	beige.day3	day3.rep1	1	1	NA	t1	day3	8.08325726218766	0.776981830642441	beige	beige.day3
beige_day3	24123	4261	beige_day3	beige	day3	rep1	3.20026530696845	1	4	beige.day3	day3.rep1	1	4	NA	t1	day3	12.9053323595473	0.643829740261726	beige	beige.day3
beige_day3	21612	3926	beige_day3	beige	day3	rep1	1.67499537294096	1	0	beige.day3	day3.rep1	1	0	NA	t1	day3	19.2970209522608	0.467335869884557	beige	beige.day3
beige_day3	21748	3934	beige_day3	beige	day3	rep1	1.76567960272209	1	1	beige.day3	day3.rep1	1	1	NA	t1	day3	10.4967711719422	0.7103374056266	beige	beige.day3
beige_day3	19044	3864	beige_day3	beige	day3	rep1	3.59168241965974	4	3	beige.day3	day3.rep1	4	3	NA	t4	day3	1.98936218980376	0.94525272047013	beige	beige.day3
beige_day3	24427	4213	beige_day3	beige	day3	rep1	2.81655545093544	4	6	beige.day3	day3.rep1	4	6	NA	t4	day3	0.0328042303828682	0.9992792084422	beige	beige.day3
beige_day3	17856	3603	beige_day3	beige	day3	rep1	2.9961917562724	1	1	beige.day3	day3.rep1	1	1	NA	t1	day3	12.905335182669	0.64382966230679	beige	beige.day3
beige_day3	38058	5185	beige_day3	beige	day3	rep1	1.69740921751012	4	6	beige.day3	day3.rep1	4	6	NA	t4	day3	0.0328031717122403	0.999279237675301	beige	beige.day3
beige_day3	30889	5153	beige_day3	beige	day3	rep1	1.55718864320632	10	4	beige.day3	day3.rep1	10	4	NA	t10	day3	20.2852777339183	0.440047108582879	beige	beige.day3
beige_day3	24865	4430	beige_day3	beige	day3	rep1	1.6207520611301	5	5	beige.day3	day3.rep1	5	5	NA	t5	day3	12.5626212281402	0.653293032023522	beige	beige.day3
beige_day3	16322	3183	beige_day3	beige	day3	rep1	1.17019973042519	5	5	beige.day3	day3.rep1	5	5	NA	t5	day3	12.4548518734326	0.656268870136485	beige	beige.day3
beige_day3	15743	3369	beige_day3	beige	day3	rep1	2.2359143746427	2	3	beige.day3	day3.rep1	2	3	NA	t2	day3	2.90198668652986	0.920052395502511	beige	beige.day3
beige_day3	20663	3959	beige_day3	beige	day3	rep1	2.99569278420365	2	3	beige.day3	day3.rep1	2	3	NA	t2	day3	4.16832488272741	0.885084964562878	beige	beige.day3
beige_day3	18211	3776	beige_day3	beige	day3	rep1	2.84443468233485	2	3	beige.day3	day3.rep1	2	3	NA	t2	day3	5.92296569316759	0.836634020299205	beige	beige.day3
beige_day3	30771	4673	beige_day3	beige	day3	rep1	1.18943160768256	1	1	beige.day3	day3.rep1	1	1	NA	t1	day3	10.4967729363932	0.710337356904765	beige	beige.day3
beige_day3	8396	2733	beige_day3	beige	day3	rep1	1.59599809433063	1	1	beige.day3	day3.rep1	1	1	NA	t1	day3	9.99691071308187	0.724140066027379	beige	beige.day3
beige_day3	22841	4327	beige_day3	beige	day3	rep1	1.56297885381551	1	1	beige.day3	day3.rep1	1	1	NA	t1	day3	11.3113597410078	0.687844149387036	beige	beige.day3
beige_day3	16978	3685	beige_day3	beige	day3	rep1	2.50912946165626	1	4	beige.day3	day3.rep1	1	4	NA	t1	day3	15.0981583865126	0.583279175735775	beige	beige.day3
beige_day3	18878	3953	beige_day3	beige	day3	rep1	1.35607585549317	1	1	beige.day3	day3.rep1	1	1	NA	t1	day3	10.4967739950638	0.710337327671664	beige	beige.day3
beige_day3	32503	5057	beige_day3	beige	day3	rep1	1.00913761806602	1	1	beige.day3	day3.rep1	1	1	NA	t1	day3	10.496774347954	0.710337317927297	beige	beige.day3
beige_day3	29289	4607	beige_day3	beige	day3	rep1	2.54361705759842	2	3	beige.day3	day3.rep1	2	3	NA	t2	day3	6.95757110117832	0.808065433121612	beige	beige.day3
beige_day3	16756	3760	beige_day3	beige	day3	rep1	0.972785867748866	5	5	beige.day3	day3.rep1	5	5	NA	t5	day3	12.4548550494445	0.656268782437183	beige	beige.day3
beige_day3	36329	5312	beige_day3	beige	day3	rep1	4.00231220237276	4	6	beige.day3	day3.rep1	4	6	NA	t4	day3	0.0328003485905661	0.999279315630236	beige	beige.day3
beige_day3	26123	4151	beige_day3	beige	day3	rep1	1.65754316119894	5	5	beige.day3	day3.rep1	5	5	NA	t5	day3	12.4512097512807	0.656369440154196	beige	beige.day3
beige_day3	85412	7347	beige_day3	beige	day3	rep1	1.48808130005151	2	3	beige.day3	day3.rep1	2	3	NA	t2	day3	3.16115180733876	0.912896061996139	beige	beige.day3
beige_day3	16752	3987	beige_day3	beige	day3	rep1	2.1251193887297	2	3	beige.day3	day3.rep1	2	3	NA	t2	day3	6.95757180695874	0.808065413632878	beige	beige.day3
beige_day3	6257	2024	beige_day3	beige	day3	rep1	3.21240210963721	5	5	beige.day3	day3.rep1	5	5	NA	t5	day3	12.4407146837115	0.656659240739486	beige	beige.day3
beige_day3	32691	5181	beige_day3	beige	day3	rep1	2.72246183965006	2	1	beige.day3	day3.rep1	2	1	NA	t2	day3	6.95757251273916	0.808065394144144	beige	beige.day3
beige_day3	28543	4183	beige_day3	beige	day3	rep1	2.39288091651193	4	6	beige.day3	day3.rep1	4	6	NA	t4	day3	0.572559889082936	0.984374920806761	beige	beige.day3
beige_day3	21069	3932	beige_day3	beige	day3	rep1	1.06791969243913	5	5	beige.day3	day3.rep1	5	5	NA	t5	day3	12.4548582254564	0.656268694737881	beige	beige.day3
beige_day3	18966	3801	beige_day3	beige	day3	rep1	1.31287567225562	5	5	beige.day3	day3.rep1	5	5	NA	t5	day3	12.6459863272208	0.650991069282739	beige	beige.day3
beige_day3	23523	4222	beige_day3	beige	day3	rep1	1.61118904901586	2	3	beige.day3	day3.rep1	2	3	NA	t2	day3	5.66108521953304	0.843865332916759	beige	beige.day3
beige_day3	34399	4953	beige_day3	beige	day3	rep1	0.790720660484316	2	6	beige.day3	day3.rep1	2	6	NA	t2	day3	1.4843044949836	0.959198892288357	beige	beige.day3
beige_day3	22127	4393	beige_day3	beige	day3	rep1	1.38744520269354	1	1	beige.day3	day3.rep1	1	1	NA	t1	day3	12.9053383586809	0.643829574607488	beige	beige.day3
beige_day3	40682	5188	beige_day3	beige	day3	rep1	2.20982252593285	4	6	beige.day3	day3.rep1	4	6	NA	t4	day3	1.76228859931731	0.951522909679768	beige	beige.day3
beige_day3	52844	6517	beige_day3	beige	day3	rep1	1.62364696086594	5	1	beige.day3	day3.rep1	5	1	NA	t5	day3	7.55757848531614	0.79149741295835	beige	beige.day3
beige_day3	43764	5489	beige_day3	beige	day3	rep1	1.49437894159583	5	5	beige.day3	day3.rep1	5	5	NA	t5	day3	9.91305996038323	0.726455439134681	beige	beige.day3
beige_day3	24040	4338	beige_day3	beige	day3	rep1	1.73460898502496	5	5	beige.day3	day3.rep1	5	5	NA	t5	day3	11.2563601336091	0.689362855037071	beige	beige.day3
beige_day3	34744	5281	beige_day3	beige	day3	rep1	0.676375777112595	5	5	beige.day3	day3.rep1	5	5	NA	t5	day3	12.4407160952723	0.656659201762019	beige	beige.day3
beige_day3	23002	4079	beige_day3	beige	day3	rep1	2.2867576732458	2	3	beige.day3	day3.rep1	2	3	NA	t2	day3	2.90198809809069	0.920052356525044	beige	beige.day3
beige_day3	17913	3843	beige_day3	beige	day3	rep1	3.13738625579188	1	1	beige.day3	day3.rep1	1	1	NA	t1	day3	10.4967778768561	0.710337220483628	beige	beige.day3
beige_day3	16577	3137	beige_day3	beige	day3	rep1	2.82318875550461	2	3	beige.day3	day3.rep1	2	3	NA	t2	day3	3.16115251311918	0.912896042507406	beige	beige.day3
beige_day3	16816	3646	beige_day3	beige	day3	rep1	2.06351094196004	1	1	beige.day3	day3.rep1	1	1	NA	t1	day3	10.5024658028551	0.710180159628831	beige	beige.day3
beige_day3	24741	4599	beige_day3	beige	day3	rep1	3.67406329574391	4	6	beige.day3	day3.rep1	4	6	NA	t4	day3	0.0327975254688919	0.999279393585171	beige	beige.day3
beige_day3	37156	5461	beige_day3	beige	day3	rep1	0.839702874367531	2	1	beige.day3	day3.rep1	2	1	NA	t2	day3	6.95757498297062	0.808065325933575	beige	beige.day3
beige_day3	27663	4196	beige_day3	beige	day3	rep1	3.318512091964	2	3	beige.day3	day3.rep1	2	3	NA	t2	day3	3.91127642293766	0.892182850651149	beige	beige.day3
beige_day3	38164	5069	beige_day3	beige	day3	rep1	2.58882716696363	4	3	beige.day3	day3.rep1	4	3	NA	t4	day3	1.98936466003523	0.945252652259562	beige	beige.day3
beige_day3	32056	5461	beige_day3	beige	day3	rep1	2.480034938857	1	4	beige.day3	day3.rep1	1	4	NA	t1	day3	15.8730639723375	0.561881686788168	beige	beige.day3
beige_day3	21674	3806	beige_day3	beige	day3	rep1	1.70250069207345	1	1	beige.day3	day3.rep1	1	1	NA	t1	day3	10.4967796413072	0.710337171761793	beige	beige.day3
beige_day3	27454	4958	beige_day3	beige	day3	rep1	0.648357252130837	10	2	beige.day3	day3.rep1	10	2	NA	t10	day3	24.5017647540461	0.323617138195114	beige	beige.day3
beige_day3	37967	4814	beige_day3	beige	day3	rep1	1.63036321015619	5	5	beige.day3	day3.rep1	5	5	NA	t5	day3	2.90198880387111	0.92005233703631	beige	beige.day3
beige_day3	19283	4259	beige_day3	beige	day3	rep1	1.56096043146813	1	4	beige.day3	day3.rep1	1	4	NA	t1	day3	15.5479119972534	0.570860117090419	beige	beige.day3
beige_day3	12137	2908	beige_day3	beige	day3	rep1	1.77968196424158	1	4	beige.day3	day3.rep1	1	4	NA	t1	day3	15.0981640327559	0.583279019825904	beige	beige.day3
beige_day3	24783	4099	beige_day3	beige	day3	rep1	2.99802283823589	2	3	beige.day3	day3.rep1	2	3	NA	t2	day3	3.0417984142195	0.916191770475786	beige	beige.day3
beige_day3	47232	6046	beige_day3	beige	day3	rep1	0.736788617886179	1	4	beige.day3	day3.rep1	1	4	NA	t1	day3	20.0909994088725	0.445411721238886	beige	beige.day3
beige_day3	24482	4415	beige_day3	beige	day3	rep1	2.44669553141083	1	1	beige.day3	day3.rep1	1	1	NA	t1	day3	15.0116889095586	0.585666859746928	beige	beige.day3
beige_day3	37801	5188	beige_day3	beige	day3	rep1	2.76712256289516	2	3	beige.day3	day3.rep1	2	3	NA	t2	day3	4.67872255243917	0.870991339873214	beige	beige.day3
beige_day3	27705	5014	beige_day3	beige	day3	rep1	2.8695181375203	1	1	beige.day3	day3.rep1	1	1	NA	t1	day3	12.3014596240188	0.660504494477721	beige	beige.day3
beige_day3	35658	4704	beige_day3	beige	day3	rep1	2.57726176454092	2	3	beige.day3	day3.rep1	2	3	NA	t2	day3	1.98936642448628	0.945252603537727	beige	beige.day3
beige_day3	29757	4800	beige_day3	beige	day3	rep1	1.01488725341936	1	1	beige.day3	day3.rep1	1	1	NA	t1	day3	10.496781052868	0.710337132784326	beige	beige.day3
beige_day3	47481	5877	beige_day3	beige	day3	rep1	1.24470840967966	4	3	beige.day3	day3.rep1	4	3	NA	t4	day3	3.05099667981607	0.91593777851852	beige	beige.day3
beige_day3	14240	3190	beige_day3	beige	day3	rep1	2.01544943820225	1	4	beige.day3	day3.rep1	1	4	NA	t1	day3	18.8917986744135	0.478525283627565	beige	beige.day3
beige_day3	40373	5033	beige_day3	beige	day3	rep1	1.20625170287073	4	6	beige.day3	day3.rep1	4	6	NA	t4	day3	0.0327922321157528	0.999279539750675	beige	beige.day3
beige_day3	41176	5604	beige_day3	beige	day3	rep1	2.05945210802409	1	4	beige.day3	day3.rep1	1	4	NA	t1	day3	17.3351090791696	0.521510195619939	beige	beige.day3
beige_day3	5476	2001	beige_day3	beige	day3	rep1	3.14097881665449	5	5	beige.day3	day3.rep1	5	5	NA	t5	day3	12.4548642245899	0.656268529083643	beige	beige.day3
beige_day3	17730	3642	beige_day3	beige	day3	rep1	3.72814438804287	2	3	beige.day3	day3.rep1	2	3	NA	t2	day3	3.1611532188996	0.912896023018672	beige	beige.day3
beige_day3	19990	4092	beige_day3	beige	day3	rep1	1.82591295647824	1	1	beige.day3	day3.rep1	1	1	NA	t1	day3	10.4967817586484	0.710337113295592	beige	beige.day3
beige_day3	70937	6595	beige_day3	beige	day3	rep1	1.56053963375953	2	3	beige.day3	day3.rep1	2	3	NA	t2	day3	1.98936677737648	0.94525259379336	beige	beige.day3
beige_day3	15837	3439	beige_day3	beige	day3	rep1	1.25023678727032	1	1	beige.day3	day3.rep1	1	1	NA	t1	day3	12.6215065433813	0.6516670302175	beige	beige.day3
beige_day3	25794	4137	beige_day3	beige	day3	rep1	0.872295882763433	4	6	beige.day3	day3.rep1	4	6	NA	t4	day3	0.120567372561018	0.996855802418142	beige	beige.day3
beige_day3	25720	4291	beige_day3	beige	day3	rep1	1.13919129082426	1	1	beige.day3	day3.rep1	1	1	NA	t1	day3	10.4967831702093	0.710337074318124	beige	beige.day3
beige_day3	25407	3904	beige_day3	beige	day3	rep1	1.49565080489629	1	1	beige.day3	day3.rep1	1	1	NA	t1	day3	10.4967835230995	0.710337064573757	beige	beige.day3
beige_day3	19296	3831	beige_day3	beige	day3	rep1	4.21849087893864	4	3	beige.day3	day3.rep1	4	3	NA	t4	day3	1.98936713026669	0.945252584048993	beige	beige.day3
beige_day3	20253	3828	beige_day3	beige	day3	rep1	1.49607465560658	1	1	beige.day3	day3.rep1	1	1	NA	t1	day3	12.4350900872001	0.656814552875427	beige	beige.day3
beige_day3	20579	4025	beige_day3	beige	day3	rep1	2.88157830798387	5	1	beige.day3	day3.rep1	5	1	NA	t5	day3	10.578307874582	0.7080859304463	beige	beige.day3
beige_day3	22631	4185	beige_day3	beige	day3	rep1	2.87216649728249	1	1	beige.day3	day3.rep1	1	1	NA	t1	day3	8.49167833900836	0.765704088376669	beige	beige.day3
beige_day3	29681	4554	beige_day3	beige	day3	rep1	1.43189245645362	2	3	beige.day3	day3.rep1	2	3	NA	t2	day3	6.95758133499439	0.808065150534971	beige	beige.day3
beige_day3	24511	3958	beige_day3	beige	day3	rep1	0.632369140385949	2	1	beige.day3	day3.rep1	2	1	NA	t2	day3	6.9575816878846	0.808065140790604	beige	beige.day3
beige_day3	23408	3943	beige_day3	beige	day3	rep1	1.05092276144908	5	5	beige.day3	day3.rep1	5	5	NA	t5	day3	12.4407199770646	0.656659094573983	beige	beige.day3
beige_day3	14050	3358	beige_day3	beige	day3	rep1	1.22419928825623	2	1	beige.day3	day3.rep1	2	1	NA	t2	day3	7.81138118930517	0.784489152012991	beige	beige.day3
beige_day3	20414	3559	beige_day3	beige	day3	rep1	1.24424414617419	1	1	beige.day3	day3.rep1	1	1	NA	t1	day3	12.9053432991438	0.643829438186351	beige	beige.day3
beige_day3	28204	4592	beige_day3	beige	day3	rep1	1.43596652957027	5	5	beige.day3	day3.rep1	5	5	NA	t5	day3	12.4548684592724	0.65626841215124	beige	beige.day3
beige_day3	11896	2804	beige_day3	beige	day3	rep1	2.06792199058507	5	5	beige.day3	day3.rep1	5	5	NA	t5	day3	12.4548688121626	0.656268402406873	beige	beige.day3
beige_day3	14240	3271	beige_day3	beige	day3	rep1	1.33426966292135	10	4	beige.day3	day3.rep1	10	4	NA	t10	day3	18.4489075222977	0.490754849016879	beige	beige.day3
beige_day3	22436	4514	beige_day3	beige	day3	rep1	2.30433232305224	4	6	beige.day3	day3.rep1	4	6	NA	t4	day3	0.0327872916528229	0.999279676171812	beige	beige.day3
beige_day3	5998	2001	beige_day3	beige	day3	rep1	2.21740580193398	5	5	beige.day3	day3.rep1	5	5	NA	t5	day3	12.4407210357353	0.656659065340882	beige	beige.day3
beige_day3	24860	4234	beige_day3	beige	day3	rep1	2.21238938053097	1	1	beige.day3	day3.rep1	1	1	NA	t1	day3	12.7180779938222	0.649000400138604	beige	beige.day3
beige_day3	26712	4346	beige_day3	beige	day3	rep1	2.22371967654987	1	1	beige.day3	day3.rep1	1	1	NA	t1	day3	10.3281669093895	0.714993079699007	beige	beige.day3
beige_day3	24037	4288	beige_day3	beige	day3	rep1	1.31463993010775	1	1	beige.day3	day3.rep1	1	1	NA	t1	day3	11.3113622112393	0.687844081176468	beige	beige.day3
beige_day3	30516	4420	beige_day3	beige	day3	rep1	1.30423384454057	4	3	beige.day3	day3.rep1	4	3	NA	t4	day3	1.9893674831569	0.945252574304627	beige	beige.day3
beige_day3	24506	4048	beige_day3	beige	day3	rep1	1.46494735983025	1	1	beige.day3	day3.rep1	1	1	NA	t1	day3	10.4967863462212	0.710336986618822	beige	beige.day3
beige_day3	19443	3766	beige_day3	beige	day3	rep1	2.43275214730237	2	1	beige.day3	day3.rep1	2	1	NA	t2	day3	7.0420390919779	0.805733016201896	beige	beige.day3
beige_day3	19978	3772	beige_day3	beige	day3	rep1	0.805886475122635	4	3	beige.day3	day3.rep1	4	3	NA	t4	day3	1.98936783604711	0.94525256456026	beige	beige.day3
beige_day3	17265	4100	beige_day3	beige	day3	rep1	2.41529105125977	1	1	beige.day3	day3.rep1	1	1	NA	t1	day3	7.62816233129228	0.789548379306017	beige	beige.day3
beige_day3	29884	4967	beige_day3	beige	day3	rep1	1.90068263953955	1	4	beige.day3	day3.rep1	1	4	NA	t1	day3	22.8059047976631	0.370444965142268	beige	beige.day3
beige_day3	41776	6331	beige_day3	beige	day3	rep1	1.1585599387208	5	5	beige.day3	day3.rep1	5	5	NA	t5	day3	12.4548705766137	0.656268353685039	beige	beige.day3
beige_day3	22656	4145	beige_day3	beige	day3	rep1	1.03283898305085	1	4	beige.day3	day3.rep1	1	4	NA	t1	day3	15.0981668558776	0.583278941870969	beige	beige.day3
beige_day3	25158	4568	beige_day3	beige	day3	rep1	1.12489069083393	2	1	beige.day3	day3.rep1	2	1	NA	t2	day3	6.95758451100628	0.808065062835669	beige	beige.day3
beige_day3	22435	4362	beige_day3	beige	day3	rep1	2.35792288834411	2	1	beige.day3	day3.rep1	2	1	NA	t2	day3	7.33766411508121	0.797569914425109	beige	beige.day3
beige_day3	23881	4226	beige_day3	beige	day3	rep1	1.40278882793853	5	5	beige.day3	day3.rep1	5	5	NA	t5	day3	12.6875845606367	0.649842416135777	beige	beige.day3
beige_day3	28625	4591	beige_day3	beige	day3	rep1	1.80262008733624	2	1	beige.day3	day3.rep1	2	1	NA	t2	day3	6.9575852167867	0.808065043346935	beige	beige.day3
beige_day3	47760	5825	beige_day3	beige	day3	rep1	1.02805695142379	2	1	beige.day3	day3.rep1	2	1	NA	t2	day3	7.80604109343459	0.784636608225025	beige	beige.day3
beige_day3	14825	3026	beige_day3	beige	day3	rep1	1.90893760539629	1	1	beige.day3	day3.rep1	1	1	NA	t1	day3	10.0911603268769	0.721537548886728	beige	beige.day3
beige_day3	29713	4690	beige_day3	beige	day3	rep1	2.66886547975634	5	5	beige.day3	day3.rep1	5	5	NA	t5	day3	12.4407228001863	0.656659016619047	beige	beige.day3
beige_day3	24889	4334	beige_day3	beige	day3	rep1	1.25356583229539	5	5	beige.day3	day3.rep1	5	5	NA	t5	day3	12.4617221102122	0.65607916210205	beige	beige.day3
beige_day3	21873	4296	beige_day3	beige	day3	rep1	1.94760663832122	5	3	beige.day3	day3.rep1	5	3	NA	t5	day3	6.33367450672887	0.825293106696799	beige	beige.day3
beige_day3	25378	4346	beige_day3	beige	day3	rep1	1.84805737252739	1	4	beige.day3	day3.rep1	1	4	NA	t1	day3	12.9053464751557	0.643829350487049	beige	beige.day3
beige_day3	32835	4842	beige_day3	beige	day3	rep1	2.15014466270748	4	6	beige.day3	day3.rep1	4	6	NA	t4	day3	0.0327805867388467	0.999279861314783	beige	beige.day3
beige_day3	10073	2927	beige_day3	beige	day3	rep1	2.22376650451703	1	1	beige.day3	day3.rep1	1	1	NA	t1	day3	10.4967905809037	0.710336869686419	beige	beige.day3
beige_day3	17606	3905	beige_day3	beige	day3	rep1	4.21447233897535	4	6	beige.day3	day3.rep1	4	6	NA	t4	day3	0.0327795280682188	0.999279890547884	beige	beige.day3
beige_day3	24554	4550	beige_day3	beige	day3	rep1	2.09741793597785	4	3	beige.day3	day3.rep1	4	3	NA	t4	day3	0.180536113137975	0.995199883958952	beige	beige.day3
beige_day3	16605	3635	beige_day3	beige	day3	rep1	2.05359831376092	5	5	beige.day3	day3.rep1	5	5	NA	t5	day3	12.4548741055158	0.656268256241369	beige	beige.day3
beige_day3	20328	4174	beige_day3	beige	day3	rep1	2.83844942935852	1	1	beige.day3	day3.rep1	1	1	NA	t1	day3	12.7451104727957	0.648253951563911	beige	beige.day3
beige_day3	20554	4208	beige_day3	beige	day3	rep1	1.64444876909604	5	5	beige.day3	day3.rep1	5	5	NA	t5	day3	12.4925107155998	0.655228995506862	beige	beige.day3
beige_day3	23261	4257	beige_day3	beige	day3	rep1	1.84858776492842	1	4	beige.day3	day3.rep1	1	4	NA	t1	day3	15.0981682674384	0.583278902893501	beige	beige.day3
beige_day3	28852	4600	beige_day3	beige	day3	rep1	3.26147234160543	4	3	beige.day3	day3.rep1	4	3	NA	t4	day3	1.98937065916879	0.945252486605324	beige	beige.day3
beige_day3	26549	4555	beige_day3	beige	day3	rep1	1.1337526837169	1	1	beige.day3	day3.rep1	1	1	NA	t1	day3	10.4967919924645	0.710336830708951	beige	beige.day3
beige_day3	25894	4483	beige_day3	beige	day3	rep1	2.74194794160809	1	1	beige.day3	day3.rep1	1	1	NA	t1	day3	10.4967923453547	0.710336820964584	beige	beige.day3
beige_day3	45524	5669	beige_day3	beige	day3	rep1	2.43388102978649	4	3	beige.day3	day3.rep1	4	3	NA	t4	day3	1.69858541769091	0.95328194736089	beige	beige.day3
beige_day3	19241	3783	beige_day3	beige	day3	rep1	2.28158619614365	2	3	beige.day3	day3.rep1	2	3	NA	t2	day3	5.73123152637056	0.841928381044521	beige	beige.day3
beige_day3	21554	3609	beige_day3	beige	day3	rep1	1.586712443166	2	1	beige.day3	day3.rep1	2	1	NA	t2	day3	6.95758803990837	0.808064965391999	beige	beige.day3
beige_day3	31984	4752	beige_day3	beige	day3	rep1	1.64457228614307	4	6	beige.day3	day3.rep1	4	6	NA	t4	day3	0.0327759991661261	0.999279987991553	beige	beige.day3
beige_day3	22569	4480	beige_day3	beige	day3	rep1	1.81665115866897	2	3	beige.day3	day3.rep1	2	3	NA	t2	day3	6.08318004787433	0.83221001697958	beige	beige.day3
beige_day3	22263	3946	beige_day3	beige	day3	rep1	2.1246013565108	1	1	beige.day3	day3.rep1	1	1	NA	t1	day3	8.59873960838086	0.762747802643258	beige	beige.day3
beige_day3	24177	3920	beige_day3	beige	day3	rep1	1.64619266244778	2	3	beige.day3	day3.rep1	2	3	NA	t2	day3	4.43906135979122	0.877609110882562	beige	beige.day3
beige_day3	32817	4654	beige_day3	beige	day3	rep1	2.45299692232684	4	6	beige.day3	day3.rep1	4	6	NA	t4	day3	0.200824936026647	0.994639648142535	beige	beige.day3
beige_day3	25343	4863	beige_day3	beige	day3	rep1	2.4030304226019	1	4	beige.day3	day3.rep1	1	4	NA	t1	day3	15.7439849318494	0.565445949832255	beige	beige.day3
beige_day3	19265	4356	beige_day3	beige	day3	rep1	0.726706462496756	1	4	beige.day3	day3.rep1	1	4	NA	t1	day3	14.9625848527394	0.587022771398996	beige	beige.day3
beige_day3	19783	3716	beige_day3	beige	day3	rep1	2.9773037456402	1	1	beige.day3	day3.rep1	1	1	NA	t1	day3	10.4967965800372	0.710336704032181	beige	beige.day3
beige_day3	24745	4538	beige_day3	beige	day3	rep1	1.16791270963831	4	6	beige.day3	day3.rep1	4	6	NA	t4	day3	0.0327714115934055	0.999280114668323	beige	beige.day3
beige_day3	26527	4733	beige_day3	beige	day3	rep1	2.92155162664455	2	3	beige.day3	day3.rep1	2	3	NA	t2	day3	5.77361955757588	0.840757919189789	beige	beige.day3
beige_day3	8901	2409	beige_day3	beige	day3	rep1	2.26940793169307	1	1	beige.day3	day3.rep1	1	1	NA	t1	day3	10.4967969329274	0.710336694287814	beige	beige.day3
beige_day3	31196	4697	beige_day3	beige	day3	rep1	1.07385562251571	1	4	beige.day3	day3.rep1	1	4	NA	t1	day3	12.9053517685089	0.643829204321545	beige	beige.day3
beige_day3	18165	3689	beige_day3	beige	day3	rep1	1.32672722268098	1	4	beige.day3	day3.rep1	1	4	NA	t1	day3	14.4691625611385	0.600647654512714	beige	beige.day3
beige_day3	27232	4117	beige_day3	beige	day3	rep1	1.56066392479436	2	1	beige.day3	day3.rep1	2	1	NA	t2	day3	8.83636113659251	0.75618635294328	beige	beige.day3
beige_day3	16668	3892	beige_day3	beige	day3	rep1	1.24190064794816	2	3	beige.day3	day3.rep1	2	3	NA	t2	day3	7.55758377866928	0.791497266792846	beige	beige.day3
beige_day3	34312	4585	beige_day3	beige	day3	rep1	1.23863371415248	2	1	beige.day3	day3.rep1	2	1	NA	t2	day3	10.4967976387079	0.710336674799081	beige	beige.day3
beige_day3	30190	4567	beige_day3	beige	day3	rep1	2.33521033454786	4	6	beige.day3	day3.rep1	4	6	NA	t4	day3	0.0327696471423591	0.999280163390157	beige	beige.day3
beige_day3	7551	2257	beige_day3	beige	day3	rep1	3.90676731558734	2	3	beige.day3	day3.rep1	2	3	NA	t2	day3	4.09654979200344	0.887066892088726	beige	beige.day3
beige_day3	20290	3883	beige_day3	beige	day3	rep1	1.73977328733366	2	1	beige.day3	day3.rep1	2	1	NA	t2	day3	7.13797268255333	0.803083999364758	beige	beige.day3
beige_day3	33578	5280	beige_day3	beige	day3	rep1	1.09595568527012	4	6	beige.day3	day3.rep1	4	6	NA	t4	day3	0.0327678826913127	0.999280212111992	beige	beige.day3
beige_day3	29149	5013	beige_day3	beige	day3	rep1	3.84575800198978	4	6	beige.day3	day3.rep1	4	6	NA	t4	day3	0.0327664711304756	0.99928025108946	beige	beige.day3
beige_day3	14667	3418	beige_day3	beige	day3	rep1	0.831799277289152	5	5	beige.day3	day3.rep1	5	5	NA	t5	day3	12.45488116332	0.656268061354031	beige	beige.day3
beige_day3	20925	3670	beige_day3	beige	day3	rep1	0.645161290322581	1	1	beige.day3	day3.rep1	1	1	NA	t1	day3	11.311365034361	0.687844003221532	beige	beige.day3
beige_day3	24182	4130	beige_day3	beige	day3	rep1	0.905632288479034	5	5	beige.day3	day3.rep1	5	5	NA	t5	day3	12.4548822219906	0.65626803212093	beige	beige.day3
beige_day3	62297	6644	beige_day3	beige	day3	rep1	1.65979100117181	5	5	beige.day3	day3.rep1	5	5	NA	t5	day3	12.4407316224415	0.656658773009874	beige	beige.day3
beige_day3	27058	4418	beige_day3	beige	day3	rep1	1.72961785793481	6	0	beige.day3	day3.rep1	6	0	NA	t6	day3	19.9273701260947	0.449930021059912	beige	beige.day3
beige_day3	29636	4532	beige_day3	beige	day3	rep1	2.16290997435551	5	5	beige.day3	day3.rep1	5	5	NA	t5	day3	12.4407319753318	0.656658763265507	beige	beige.day3
beige_day3	17802	3910	beige_day3	beige	day3	rep1	2.45478036175711	1	1	beige.day3	day3.rep1	1	1	NA	t1	day3	8.49168680837339	0.765703854511863	beige	beige.day3
beige_day3	14244	3358	beige_day3	beige	day3	rep1	2.59056444818871	1	4	beige.day3	day3.rep1	1	4	NA	t1	day3	15.0981725021209	0.583278785961098	beige	beige.day3
beige_day3	18019	3970	beige_day3	beige	day3	rep1	1.82585049114823	2	3	beige.day3	day3.rep1	2	3	NA	t2	day3	4.67872572845105	0.870991252173911	beige	beige.day3
beige_day3	15195	3327	beige_day3	beige	day3	rep1	2.95491938137545	2	3	beige.day3	day3.rep1	2	3	NA	t2	day3	2.9019958616753	0.920052142148971	beige	beige.day3
beige_day3	22228	3894	beige_day3	beige	day3	rep1	3.18967068562174	5	5	beige.day3	day3.rep1	5	5	NA	t5	day3	12.4407333868926	0.65665872428804	beige	beige.day3
beige_day3	16868	3512	beige_day3	beige	day3	rep1	2.67370168366137	1	1	beige.day3	day3.rep1	1	1	NA	t1	day3	7.61325459196419	0.789960027116204	beige	beige.day3
beige_day3	31508	4966	beige_day3	beige	day3	rep1	3.16427573949473	4	6	beige.day3	day3.rep1	4	6	NA	t4	day3	0.0327647066794292	0.999280299811294	beige	beige.day3
beige_day3	30266	5079	beige_day3	beige	day3	rep1	1.2092777373951	2	1	beige.day3	day3.rep1	2	1	NA	t2	day3	8.49168786704402	0.765703825278762	beige	beige.day3
beige_day3	42168	5659	beige_day3	beige	day3	rep1	1.97543160690571	2	3	beige.day3	day3.rep1	2	3	NA	t2	day3	2.23762629232868	0.93839739707714	beige	beige.day3
beige_day3	19186	3821	beige_day3	beige	day3	rep1	2.17345981444804	2	3	beige.day3	day3.rep1	2	3	NA	t2	day3	7.3213305676673	0.798020933112621	beige	beige.day3
beige_day3	55164	6235	beige_day3	beige	day3	rep1	2.06475237473715	2	3	beige.day3	day3.rep1	2	3	NA	t2	day3	3.99840092779721	0.889777079336683	beige	beige.day3
beige_day3	29061	4667	beige_day3	beige	day3	rep1	1.33512267299818	5	5	beige.day3	day3.rep1	5	5	NA	t5	day3	12.4548846922221	0.656267963910362	beige	beige.day3
beige_day3	36198	4867	beige_day3	beige	day3	rep1	2.21835460522681	1	1	beige.day3	day3.rep1	1	1	NA	t1	day3	10.4968015205002	0.710336567611044	beige	beige.day3
beige_day3	23271	4170	beige_day3	beige	day3	rep1	2.66426023806454	2	3	beige.day3	day3.rep1	2	3	NA	t2	day3	5.87374266281467	0.837993217170683	beige	beige.day3
beige_day3	21271	3969	beige_day3	beige	day3	rep1	1.75356118659207	1	1	beige.day3	day3.rep1	1	1	NA	t1	day3	12.9053549445208	0.643829116622243	beige	beige.day3
beige_day3	18077	3572	beige_day3	beige	day3	rep1	2.85998782983902	1	1	beige.day3	day3.rep1	1	1	NA	t1	day3	10.4968036378414	0.710336509144843	beige	beige.day3
beige_day3	22279	3609	beige_day3	beige	day3	rep1	1.24332330894564	5	1	beige.day3	day3.rep1	5	1	NA	t5	day3	10.4968043436218	0.710336489656109	beige	beige.day3
beige_day3	25546	5384	beige_day3	beige	day3	rep1	0.990370312377672	5	5	beige.day3	day3.rep1	5	5	NA	t5	day3	12.4548864566731	0.656267915188527	beige	beige.day3
beige_day3	13525	3183	beige_day3	beige	day3	rep1	1.72273567467652	1	1	beige.day3	day3.rep1	1	1	NA	t1	day3	12.7452215391388	0.648250884685968	beige	beige.day3
beige_day3	22312	4398	beige_day3	beige	day3	rep1	1.44765148798853	1	4	beige.day3	day3.rep1	1	4	NA	t1	day3	16.8334567522065	0.535362334923218	beige	beige.day3
beige_day3	18528	3462	beige_day3	beige	day3	rep1	2.14270293609672	2	1	beige.day3	day3.rep1	2	1	NA	t2	day3	6.95759439193214	0.808064789993395	beige	beige.day3
beige_day3	38447	5455	beige_day3	beige	day3	rep1	1.56058990298333	2	1	beige.day3	day3.rep1	2	1	NA	t2	day3	8.49168821993423	0.765703815534395	beige	beige.day3
beige_day3	22098	4320	beige_day3	beige	day3	rep1	3.02289799981899	1	1	beige.day3	day3.rep1	1	1	NA	t1	day3	10.4968046965121	0.710336479911742	beige	beige.day3
beige_day3	11557	2980	beige_day3	beige	day3	rep1	1.721900147097	1	4	beige.day3	day3.rep1	1	4	NA	t1	day3	15.7550915463976	0.565139262583657	beige	beige.day3
beige_day3	16468	3927	beige_day3	beige	day3	rep1	1.72455671605538	5	5	beige.day3	day3.rep1	5	5	NA	t5	day3	12.4875495873381	0.65536598727604	beige	beige.day3
beige_day3	23018	4199	beige_day3	beige	day3	rep1	2.40681206012686	4	6	beige.day3	day3.rep1	4	6	NA	t4	day3	0.0327604719969179	0.999280416743697	beige	beige.day3
beige_day3	34955	5570	beige_day3	beige	day3	rep1	2.1971105707338	1	3	beige.day3	day3.rep1	1	3	NA	t1	day3	6.95759615638319	0.80806474127156	beige	beige.day3
beige_day3	19086	3467	beige_day3	beige	day3	rep1	2.25819972754899	1	4	beige.day3	day3.rep1	1	4	NA	t1	day3	16.8567244537624	0.534719843249411	beige	beige.day3
beige_day3	27066	4465	beige_day3	beige	day3	rep1	1.85472548584941	2	3	beige.day3	day3.rep1	2	3	NA	t2	day3	3.43341063741728	0.90537817154076	beige	beige.day3
beige_day3	47541	5978	beige_day3	beige	day3	rep1	1.34620643234261	1	1	beige.day3	day3.rep1	1	1	NA	t1	day3	12.9053556503012	0.643829097133509	beige	beige.day3
beige_day3	8752	2767	beige_day3	beige	day3	rep1	2.69652650822669	5	5	beige.day3	day3.rep1	5	5	NA	t5	day3	12.4548899855752	0.656267817744858	beige	beige.day3
beige_day3	6268	2011	beige_day3	beige	day3	rep1	2.93554562858966	2	3	beige.day3	day3.rep1	2	3	NA	t2	day3	6.95759686216361	0.808064721782826	beige	beige.day3
beige_day3	23300	4243	beige_day3	beige	day3	rep1	1.33047210300429	5	5	beige.day3	day3.rep1	5	5	NA	t5	day3	12.4570458134574	0.656208288811107	beige	beige.day3
beige_day3	16894	3109	beige_day3	beige	day3	rep1	1.84680951817213	1	1	beige.day3	day3.rep1	1	1	NA	t1	day3	8.49168927860486	0.765703786301295	beige	beige.day3
beige_day3	33172	4953	beige_day3	beige	day3	rep1	2.72217532859038	2	3	beige.day3	day3.rep1	2	3	NA	t2	day3	2.9019993905774	0.920052044705302	beige	beige.day3
beige_day3	21278	3759	beige_day3	beige	day3	rep1	2.34044553059498	2	1	beige.day3	day3.rep1	2	1	NA	t2	day3	8.49168998438528	0.765703766812561	beige	beige.day3
beige_day3	21998	4682	beige_day3	beige	day3	rep1	1.35012273843077	10	4	beige.day3	day3.rep1	10	4	NA	t10	day3	18.4554693438714	0.490573657259884	beige	beige.day3
beige_day3	22898	4100	beige_day3	beige	day3	rep1	3.22298890732815	1	4	beige.day3	day3.rep1	1	4	NA	t1	day3	13.3392289102184	0.631848543045932	beige	beige.day3
beige_day3	43935	5822	beige_day3	beige	day3	rep1	2.52645954250597	2	3	beige.day3	day3.rep1	2	3	NA	t2	day3	4.41540351374952	0.878262375626631	beige	beige.day3
beige_day3	19358	3674	beige_day3	beige	day3	rep1	1.45159623928092	1	1	beige.day3	day3.rep1	1	1	NA	t1	day3	8.4916910430559	0.76570373757946	beige	beige.day3
beige_day3	28663	4755	beige_day3	beige	day3	rep1	0.89313749433067	1	4	beige.day3	day3.rep1	1	4	NA	t1	day3	15.7875392683694	0.564243282757252	beige	beige.day3
beige_day3	28517	5068	beige_day3	beige	day3	rep1	1.07655082932987	1	4	beige.day3	day3.rep1	1	4	NA	t1	day3	12.745221892029	0.648250874941602	beige	beige.day3
beige_day3	30464	4354	beige_day3	beige	day3	rep1	1.20141806722689	5	5	beige.day3	day3.rep1	5	5	NA	t5	day3	12.5247458756692	0.654338885158031	beige	beige.day3
beige_day3	25134	4996	beige_day3	beige	day3	rep1	2.78507201400493	5	5	beige.day3	day3.rep1	5	5	NA	t5	day3	12.4548931615871	0.656267730045556	beige	beige.day3
beige_day3	20487	4014	beige_day3	beige	day3	rep1	2.13305998926148	2	3	beige.day3	day3.rep1	2	3	NA	t2	day3	1.98937665830234	0.945252320951087	beige	beige.day3
beige_day3	46526	5323	beige_day3	beige	day3	rep1	1.08541460688647	1	4	beige.day3	day3.rep1	1	4	NA	t1	day3	20.8691788287651	0.423923831822424	beige	beige.day3
beige_day3	16611	3495	beige_day3	beige	day3	rep1	3.21473722232256	2	1	beige.day3	day3.rep1	2	1	NA	t2	day3	9.05481047794457	0.750154305358778	beige	beige.day3
beige_day3	42459	5671	beige_day3	beige	day3	rep1	1.4531665842342	5	5	beige.day3	day3.rep1	5	5	NA	t5	day3	12.4407386802457	0.656658578122536	beige	beige.day3
beige_day3	17358	3637	beige_day3	beige	day3	rep1	1.79168106924761	2	3	beige.day3	day3.rep1	2	3	NA	t2	day3	5.96734208463896	0.835408653798546	beige	beige.day3
beige_day3	17588	3250	beige_day3	beige	day3	rep1	1.72845121673869	1	1	beige.day3	day3.rep1	1	1	NA	t1	day3	8.85865962100087	0.755570624288843	beige	beige.day3
beige_day3	18342	3641	beige_day3	beige	day3	rep1	2.70962817577145	2	3	beige.day3	day3.rep1	2	3	NA	t2	day3	3.36223453373112	0.907343559221296	beige	beige.day3
beige_day3	39289	5539	beige_day3	beige	day3	rep1	2.56560360406221	2	3	beige.day3	day3.rep1	2	3	NA	t2	day3	1.76229636290192	0.951522695303695	beige	beige.day3
beige_day3	27214	4702	beige_day3	beige	day3	rep1	3.38796207834203	4	6	beige.day3	day3.rep1	4	6	NA	t4	day3	0.0327548257535695	0.999280572653568	beige	beige.day3
beige_day3	13627	3143	beige_day3	beige	day3	rep1	3.70587803625156	2	3	beige.day3	day3.rep1	2	3	NA	t2	day3	4.37405717397698	0.879404073227591	beige	beige.day3
beige_day3	31322	5178	beige_day3	beige	day3	rep1	1.28982823574484	2	1	beige.day3	day3.rep1	2	1	NA	t2	day3	6.95760109684613	0.808064604850423	beige	beige.day3
beige_day3	19540	3978	beige_day3	beige	day3	rep1	3.31115660184237	2	3	beige.day3	day3.rep1	2	3	NA	t2	day3	4.88724342868443	0.865233447264847	beige	beige.day3
beige_day3	10995	2950	beige_day3	beige	day3	rep1	2.31923601637108	1	1	beige.day3	day3.rep1	1	1	NA	t1	day3	10.4968159889988	0.710336168092001	beige	beige.day3
beige_day3	16040	3949	beige_day3	beige	day3	rep1	2.14463840399003	1	1	beige.day3	day3.rep1	1	1	NA	t1	day3	10.496816341889	0.710336158347634	beige	beige.day3
beige_day3	27216	4885	beige_day3	beige	day3	rep1	1.22721928277484	2	1	beige.day3	day3.rep1	2	1	NA	t2	day3	5.90824063726073	0.837040623667129	beige	beige.day3
beige_day3	12959	3209	beige_day3	beige	day3	rep1	3.17925765876997	1	1	beige.day3	day3.rep1	1	1	NA	t1	day3	8.8850542387131	0.754841788994447	beige	beige.day3
beige_day3	30450	4437	beige_day3	beige	day3	rep1	2.02298850574713	5	5	beige.day3	day3.rep1	5	5	NA	t5	day3	18.7185510236027	0.483309175705818	beige	beige.day3
beige_day3	33069	5053	beige_day3	beige	day3	rep1	1.95349118509783	1	1	beige.day3	day3.rep1	1	1	NA	t1	day3	13.8064576065018	0.618946944389774	beige	beige.day3
beige_day3	24788	4367	beige_day3	beige	day3	rep1	2.5012102630305	1	3	beige.day3	day3.rep1	1	3	NA	t1	day3	6.95760180262654	0.808064585361689	beige	beige.day3
beige_day3	29058	4737	beige_day3	beige	day3	rep1	1.99944937710785	2	3	beige.day3	day3.rep1	2	3	NA	t2	day3	2.9438699818406	0.918895870933719	beige	beige.day3
beige_day3	27947	4877	beige_day3	beige	day3	rep1	1.32393459047483	1	4	beige.day3	day3.rep1	1	4	NA	t1	day3	16.743298143232	0.53785188703686	beige	beige.day3
beige_day3	31990	5123	beige_day3	beige	day3	rep1	1.61300406376993	1	1	beige.day3	day3.rep1	1	1	NA	t1	day3	12.5554477684046	0.653491112961659	beige	beige.day3
beige_day3	17419	3766	beige_day3	beige	day3	rep1	0.92427808714622	1	1	beige.day3	day3.rep1	1	1	NA	t1	day3	12.9053584734228	0.643829019178574	beige	beige.day3
beige_day3	24488	4407	beige_day3	beige	day3	rep1	2.33583796145051	1	1	beige.day3	day3.rep1	1	1	NA	t1	day3	10.4968188121204	0.710336090137065	beige	beige.day3
beige_day3	30770	4686	beige_day3	beige	day3	rep1	1.95970100747481	2	3	beige.day3	day3.rep1	2	3	NA	t2	day3	2.25134190530095	0.938018667484333	beige	beige.day3
beige_day3	30860	4839	beige_day3	beige	day3	rep1	1.46791963707064	1	4	beige.day3	day3.rep1	1	4	NA	t1	day3	22.8006010822508	0.370591416779725	beige	beige.day3
beige_day3	19497	3540	beige_day3	beige	day3	rep1	2.0772426527158	5	5	beige.day3	day3.rep1	5	5	NA	t5	day3	12.4548988078304	0.656267574135685	beige	beige.day3
beige_day3	37168	5113	beige_day3	beige	day3	rep1	2.32458028411537	4	6	beige.day3	day3.rep1	4	6	NA	t4	day3	0.0327477679493839	0.999280767540906	beige	beige.day3
beige_day3	6340	2040	beige_day3	beige	day3	rep1	4.4794952681388	4	3	beige.day3	day3.rep1	4	3	NA	t4	day3	1.98937912853381	0.945252252740518	beige	beige.day3
beige_day3	22236	4265	beige_day3	beige	day3	rep1	0.998381003777658	2	3	beige.day3	day3.rep1	2	3	NA	t2	day3	6.95760321418738	0.808064546384222	beige	beige.day3
beige_day3	27715	4323	beige_day3	beige	day3	rep1	1.75356305249865	1	4	beige.day3	day3.rep1	1	4	NA	t1	day3	15.0981830888272	0.583278493630091	beige	beige.day3
beige_day3	31936	5396	beige_day3	beige	day3	rep1	2.63652304609218	5	5	beige.day3	day3.rep1	5	5	NA	t5	day3	12.440740797587	0.656658519656334	beige	beige.day3
beige_day3	47727	5857	beige_day3	beige	day3	rep1	1.52324679950552	2	3	beige.day3	day3.rep1	2	3	NA	t2	day3	1.98937948142402	0.945252242996151	beige	beige.day3
beige_day3	25809	4220	beige_day3	beige	day3	rep1	2.04967259483126	1	4	beige.day3	day3.rep1	1	4	NA	t1	day3	15.0981837946076	0.583278474141357	beige	beige.day3
beige_day3	22253	4020	beige_day3	beige	day3	rep1	2.46708308992046	4	3	beige.day3	day3.rep1	4	3	NA	t4	day3	4.08204329139273	0.887467460483333	beige	beige.day3
beige_day3	21305	3845	beige_day3	beige	day3	rep1	1.10302745834311	1	1	beige.day3	day3.rep1	1	1	NA	t1	day3	6.95760462574822	0.808064507406754	beige	beige.day3
beige_day3	32662	4942	beige_day3	beige	day3	rep1	1.50633764007103	5	5	beige.day3	day3.rep1	5	5	NA	t5	day3	5.87418413881149	0.837981026682015	beige	beige.day3
beige_day3	21505	4137	beige_day3	beige	day3	rep1	2.00418507323878	1	1	beige.day3	day3.rep1	1	1	NA	t1	day3	10.4968209294617	0.710336031670864	beige	beige.day3
beige_day3	27027	4690	beige_day3	beige	day3	rep1	2.86750286750287	1	1	beige.day3	day3.rep1	1	1	NA	t1	day3	14.2666117667647	0.606240695088526	beige	beige.day3
beige_day3	12548	2993	beige_day3	beige	day3	rep1	2.78928912974179	1	1	beige.day3	day3.rep1	1	1	NA	t1	day3	12.9053598849837	0.643828980201106	beige	beige.day3
beige_day3	24838	4362	beige_day3	beige	day3	rep1	2.35526209839762	4	3	beige.day3	day3.rep1	4	3	NA	t4	day3	1.92532367197816	0.947021017798812	beige	beige.day3
beige_day3	20243	3616	beige_day3	beige	day3	rep1	1.74381267598676	1	1	beige.day3	day3.rep1	1	1	NA	t1	day3	10.4968219881323	0.710336002437763	beige	beige.day3
beige_day3	28753	4729	beige_day3	beige	day3	rep1	1.67634681598442	1	1	beige.day3	day3.rep1	1	1	NA	t1	day3	8.67348115591214	0.760683962265175	beige	beige.day3
beige_day3	17778	3804	beige_day3	beige	day3	rep1	1.90685116436045	5	5	beige.day3	day3.rep1	5	5	NA	t5	day3	12.4407432678185	0.656658451445766	beige	beige.day3
beige_day3	19115	3491	beige_day3	beige	day3	rep1	1.78393931467434	2	5	beige.day3	day3.rep1	2	5	NA	t2	day3	12.4407439735989	0.656658431957032	beige	beige.day3
beige_day3	17052	3707	beige_day3	beige	day3	rep1	1.23152709359606	1	1	beige.day3	day3.rep1	1	1	NA	t1	day3	11.0096980072338	0.696173943019218	beige	beige.day3
beige_day3	62811	6873	beige_day3	beige	day3	rep1	1.12559901928006	1	4	beige.day3	day3.rep1	1	4	NA	t1	day3	12.9053612965445	0.643828941223638	beige	beige.day3
beige_day3	25285	4641	beige_day3	beige	day3	rep1	2.38085821633379	2	3	beige.day3	day3.rep1	2	3	NA	t2	day3	2.90200433104033	0.920051908284165	beige	beige.day3
beige_day3	25949	4624	beige_day3	beige	day3	rep1	0.701375775559752	5	5	beige.day3	day3.rep1	5	5	NA	t5	day3	12.4549044540738	0.656267418225814	beige	beige.day3
beige_day3	17225	3601	beige_day3	beige	day3	rep1	2.76923076923077	1	1	beige.day3	day3.rep1	1	1	NA	t1	day3	10.4968244583638	0.710335934227195	beige	beige.day3
beige_day3	20221	4210	beige_day3	beige	day3	rep1	1.88417981306562	1	1	beige.day3	day3.rep1	1	1	NA	t1	day3	12.9053634138858	0.643828882757437	beige	beige.day3
beige_day3	20166	3790	beige_day3	beige	day3	rep1	1.58682931667163	2	1	beige.day3	day3.rep1	2	1	NA	t2	day3	7.98406601061508	0.779720801361002	beige	beige.day3
beige_day3	40782	5822	beige_day3	beige	day3	rep1	1.97145799617478	2	3	beige.day3	day3.rep1	2	3	NA	t2	day3	7.55758871913222	0.791497130371709	beige	beige.day3
beige_day3	27778	4559	beige_day3	beige	day3	rep1	2.07358341133271	2	3	beige.day3	day3.rep1	2	3	NA	t2	day3	5.90824275460199	0.837040565200928	beige	beige.day3
beige_day3	18059	3786	beige_day3	beige	day3	rep1	1.74982003433191	1	1	beige.day3	day3.rep1	1	1	NA	t1	day3	10.4968258699246	0.710335895249727	beige	beige.day3
beige_day3	26752	4633	beige_day3	beige	day3	rep1	2.21665669856459	0	0	beige.day3	day3.rep1	0	0	NA	t0	day3	22.2674619694342	0.38531300155432	beige	beige.day3
beige_day3	22168	4082	beige_day3	beige	day3	rep1	2.8915553951642	1	1	beige.day3	day3.rep1	1	1	NA	t1	day3	8.93083054012077	0.753577766742768	beige	beige.day3
beige_day3	35739	5204	beige_day3	beige	day3	rep1	2.0957497411791	4	3	beige.day3	day3.rep1	4	3	NA	t4	day3	0.0511753386180847	0.998771926532495	beige	beige.day3
beige_day3	19286	3981	beige_day3	beige	day3	rep1	3.44809706522866	5	5	beige.day3	day3.rep1	5	5	NA	t5	day3	12.4844166932145	0.655452495966401	beige	beige.day3
beige_day3	22937	4396	beige_day3	beige	day3	rep1	2.07524959672145	1	4	beige.day3	day3.rep1	1	4	NA	t1	day3	13.4860376811712	0.627794708473904	beige	beige.day3
beige_day3	20215	3756	beige_day3	beige	day3	rep1	1.84021766015335	5	5	beige.day3	day3.rep1	5	5	NA	t5	day3	12.4549083358661	0.656267311037778	beige	beige.day3
beige_day3	24572	4207	beige_day3	beige	day3	rep1	2.08367247273319	2	3	beige.day3	day3.rep1	2	3	NA	t2	day3	4.67873066891398	0.870991115752774	beige	beige.day3
beige_day3	16358	3886	beige_day3	beige	day3	rep1	3.57011859640543	2	3	beige.day3	day3.rep1	2	3	NA	t2	day3	6.00261604720493	0.834434632914001	beige	beige.day3
beige_day3	30086	4740	beige_day3	beige	day3	rep1	2.36322542046134	4	6	beige.day3	day3.rep1	4	6	NA	t4	day3	0.0327325936703851	0.999281186548683	beige	beige.day3
beige_day3	36299	5593	beige_day3	beige	day3	rep1	2.43257390010744	2	1	beige.day3	day3.rep1	2	1	NA	t2	day3	7.10322492351106	0.804043490177138	beige	beige.day3
beige_day3	24118	4663	beige_day3	beige	day3	rep1	2.26801559001576	1	4	beige.day3	day3.rep1	1	4	NA	t1	day3	15.0981883821804	0.583278347464587	beige	beige.day3
beige_day3	26263	4492	beige_day3	beige	day3	rep1	1.39740319080075	2	1	beige.day3	day3.rep1	2	1	NA	t2	day3	5.7027430889971	0.842715033037982	beige	beige.day3
beige_day3	34631	4884	beige_day3	beige	day3	rep1	1.63437382691808	4	3	beige.day3	day3.rep1	4	3	NA	t4	day3	0.62709349648269	0.982869082827329	beige	beige.day3
beige_day3	20415	3610	beige_day3	beige	day3	rep1	2.56184178300269	4	3	beige.day3	day3.rep1	4	3	NA	t4	day3	1.98938230454569	0.945252165041216	beige	beige.day3
beige_day3	15634	3864	beige_day3	beige	day3	rep1	2.75681207624408	2	3	beige.day3	day3.rep1	2	3	NA	t2	day3	4.52363734697058	0.875273711855884	beige	beige.day3
beige_day3	23440	4424	beige_day3	beige	day3	rep1	3.05460750853242	2	3	beige.day3	day3.rep1	2	3	NA	t2	day3	3.73779881345063	0.896973092584564	beige	beige.day3
beige_day3	24077	4219	beige_day3	beige	day3	rep1	1.55750301117249	4	3	beige.day3	day3.rep1	4	3	NA	t4	day3	2.28460468219785	0.937100181524188	beige	beige.day3
beige_day3	16146	3804	beige_day3	beige	day3	rep1	2.63223089310046	1	1	beige.day3	day3.rep1	1	1	NA	t1	day3	8.64732725598376	0.76140615061288	beige	beige.day3
beige_day3	26388	4282	beige_day3	beige	day3	rep1	1.90237986963771	2	3	beige.day3	day3.rep1	2	3	NA	t2	day3	5.90824522483346	0.837040496990359	beige	beige.day3
beige_day3	20717	3839	beige_day3	beige	day3	rep1	0.791620408360284	1	1	beige.day3	day3.rep1	1	1	NA	t1	day3	10.4968339863994	0.710335671129288	beige	beige.day3
beige_day3	27653	4715	beige_day3	beige	day3	rep1	3.27631721693849	1	1	beige.day3	day3.rep1	1	1	NA	t1	day3	10.4968343392897	0.710335661384921	beige	beige.day3
beige_day3	34000	4420	beige_day3	beige	day3	rep1	1	2	3	beige.day3	day3.rep1	2	3	NA	t2	day3	3.98755410669402	0.890076592901842	beige	beige.day3
beige_day3	16282	3273	beige_day3	beige	day3	rep1	3.2919788723744	0	0	beige.day3	day3.rep1	0	0	NA	t0	day3	20.0887326573146	0.445474313111103	beige	beige.day3
beige_day3	24475	4291	beige_day3	beige	day3	rep1	4.14708886618999	4	6	beige.day3	day3.rep1	4	6	NA	t4	day3	0.0327283589878737	0.999281303481086	beige	beige.day3
beige_day3	24014	3885	beige_day3	beige	day3	rep1	2.33197301574082	2	3	beige.day3	day3.rep1	2	3	NA	t2	day3	4.67873172758461	0.870991086519674	beige	beige.day3
beige_day3	21124	4217	beige_day3	beige	day3	rep1	1.97405794357129	1	1	beige.day3	day3.rep1	1	1	NA	t1	day3	12.6218682917812	0.651657041249125	beige	beige.day3
beige_day3	45716	6346	beige_day3	beige	day3	rep1	1.58587802957389	1	4	beige.day3	day3.rep1	1	4	NA	t1	day3	18.5702312659794	0.487404733193738	beige	beige.day3
beige_day3	34518	4970	beige_day3	beige	day3	rep1	3.04478822643259	2	3	beige.day3	day3.rep1	2	3	NA	t2	day3	5.85647200067766	0.838470112432447	beige	beige.day3
beige_day3	28505	4587	beige_day3	beige	day3	rep1	2.52587265392037	2	1	beige.day3	day3.rep1	2	1	NA	t2	day3	7.87835895047623	0.782639693278134	beige	beige.day3
beige_day3	28411	4372	beige_day3	beige	day3	rep1	0.78842701770441	1	4	beige.day3	day3.rep1	1	4	NA	t1	day3	12.9053690601291	0.643828726847566	beige	beige.day3
beige_day3	44456	6086	beige_day3	beige	day3	rep1	2.51934497030772	4	3	beige.day3	day3.rep1	4	3	NA	t4	day3	3.42149543436007	0.905707186365777	beige	beige.day3
beige_day3	23079	3782	beige_day3	beige	day3	rep1	2.73408726547944	2	3	beige.day3	day3.rep1	2	3	NA	t2	day3	2.93669083647055	0.919094108869435	beige	beige.day3
beige_day3	11909	2908	beige_day3	beige	day3	rep1	3.22445209505416	1	4	beige.day3	day3.rep1	1	4	NA	t1	day3	15.0981904995216	0.583278288998385	beige	beige.day3
beige_day3	27239	5741	beige_day3	beige	day3	rep1	0.976540989023092	5	5	beige.day3	day3.rep1	5	5	NA	t5	day3	12.4549171581213	0.656267067428605	beige	beige.day3
beige_day3	32339	5136	beige_day3	beige	day3	rep1	1.05754661554161	10	2	beige.day3	day3.rep1	10	2	NA	t10	day3	25.1772652982246	0.304964523357173	beige	beige.day3
beige_day3	30277	5112	beige_day3	beige	day3	rep1	1.33764904052581	1	1	beige.day3	day3.rep1	1	1	NA	t1	day3	9.05908879735728	0.750036168008858	beige	beige.day3
beige_day3	14775	3429	beige_day3	beige	day3	rep1	3.54653130287648	1	3	beige.day3	day3.rep1	1	3	NA	t1	day3	7.55759048358327	0.791497081649875	beige	beige.day3
beige_day3	18586	3621	beige_day3	beige	day3	rep1	1.20520822124179	2	3	beige.day3	day3.rep1	2	3	NA	t2	day3	6.05611350802444	0.832957406078178	beige	beige.day3
beige_day3	15692	3307	beige_day3	beige	day3	rep1	3.11623757328575	1	1	beige.day3	day3.rep1	1	1	NA	t1	day3	8.84538457446534	0.755937188508689	beige	beige.day3
beige_day3	33099	4452	beige_day3	beige	day3	rep1	2.31124807395994	2	3	beige.day3	day3.rep1	2	3	NA	t2	day3	1.98938548055758	0.945252077341914	beige	beige.day3
beige_day3	33981	5022	beige_day3	beige	day3	rep1	1.6626938583326	1	4	beige.day3	day3.rep1	1	4	NA	t1	day3	15.098191205302	0.583278269509652	beige	beige.day3
beige_day3	35856	5632	beige_day3	beige	day3	rep1	2.41242748772869	1	1	beige.day3	day3.rep1	1	1	NA	t1	day3	10.7914893101332	0.702199345687479	beige	beige.day3
beige_day3	35850	5174	beige_day3	beige	day3	rep1	2.50488145048815	4	6	beige.day3	day3.rep1	4	6	NA	t4	day3	0.81146765590649	0.977777954165125	beige	beige.day3
beige_day3	42621	5346	beige_day3	beige	day3	rep1	1.31156002909364	2	3	beige.day3	day3.rep1	2	3	NA	t2	day3	4.67873455070629	0.870991008564738	beige	beige.day3
beige_day3	32981	4825	beige_day3	beige	day3	rep1	2.83799763500197	4	6	beige.day3	day3.rep1	4	6	NA	t4	day3	0.0327213011836882	0.999281498368425	beige	beige.day3
beige_day3	25974	4690	beige_day3	beige	day3	rep1	1.83260183260183	2	4	beige.day3	day3.rep1	2	4	NA	t2	day3	10.291339657165	0.716009991613001	beige	beige.day3
beige_day3	16863	3694	beige_day3	beige	day3	rep1	3.83680246693945	2	5	beige.day3	day3.rep1	2	5	NA	t2	day3	7.89586996285458	0.78215616121864	beige	beige.day3
beige_day3	27409	4876	beige_day3	beige	day3	rep1	2.01393702798351	1	1	beige.day3	day3.rep1	1	1	NA	t1	day3	9.02537009419154	0.750967243473424	beige	beige.day3
beige_day3	17586	3576	beige_day3	beige	day3	rep1	2.68963948595474	1	1	beige.day3	day3.rep1	1	1	NA	t1	day3	12.9053715303606	0.643828658636997	beige	beige.day3
beige_day3	39658	5817	beige_day3	beige	day3	rep1	1.71466034595794	1	1	beige.day3	day3.rep1	1	1	NA	t1	day3	10.4968424557645	0.710335437264482	beige	beige.day3
beige_day3	16937	3778	beige_day3	beige	day3	rep1	2.5152034008384	1	1	beige.day3	day3.rep1	1	1	NA	t1	day3	10.4968428086547	0.710335427520115	beige	beige.day3
beige_day3	17078	3541	beige_day3	beige	day3	rep1	2.16067455205528	1	4	beige.day3	day3.rep1	1	4	NA	t1	day3	14.9229286965856	0.588117797913872	beige	beige.day3
beige_day3	19793	4039	beige_day3	beige	day3	rep1	1.05592886373971	2	1	beige.day3	day3.rep1	2	1	NA	t2	day3	7.55759118936368	0.791497062161141	beige	beige.day3
beige_day3	18314	3626	beige_day3	beige	day3	rep1	1.7800589712788	5	5	beige.day3	day3.rep1	5	5	NA	t5	day3	12.4549235101451	0.65626689203	beige	beige.day3
beige_day3	33009	5395	beige_day3	beige	day3	rep1	1.53291526553364	2	3	beige.day3	day3.rep1	2	3	NA	t2	day3	4.08204717318503	0.887467353295297	beige	beige.day3
beige_day3	6600	2122	beige_day3	beige	day3	rep1	2.98484848484848	2	3	beige.day3	day3.rep1	2	3	NA	t2	day3	4.00897431313554	0.889485116160711	beige	beige.day3
beige_day3	38506	5452	beige_day3	beige	day3	rep1	2.06461330701709	2	3	beige.day3	day3.rep1	2	3	NA	t2	day3	4.60483852933838	0.873031501405951	beige	beige.day3
beige_day3	23631	4538	beige_day3	beige	day3	rep1	1.48956878676315	1	4	beige.day3	day3.rep1	1	4	NA	t1	day3	18.017176005737	0.502676263087091	beige	beige.day3
beige_day3	48698	5955	beige_day3	beige	day3	rep1	2.06168631155284	2	3	beige.day3	day3.rep1	2	3	NA	t2	day3	4.31601937736085	0.881006672478847	beige	beige.day3
beige_day3	34791	5426	beige_day3	beige	day3	rep1	0.847920439194044	2	3	beige.day3	day3.rep1	2	3	NA	t2	day3	4.6063787974768	0.872988969940092	beige	beige.day3
beige_day3	20030	4138	beige_day3	beige	day3	rep1	1.65751372940589	1	4	beige.day3	day3.rep1	1	4	NA	t1	day3	12.9053732948116	0.643828609915163	beige	beige.day3
beige_day3	14640	3200	beige_day3	beige	day3	rep1	1.73497267759563	5	5	beige.day3	day3.rep1	5	5	NA	t5	day3	18.7185538467244	0.483309097750883	beige	beige.day3
beige_day3	20281	4191	beige_day3	beige	day3	rep1	2.42098515852276	1	4	beige.day3	day3.rep1	1	4	NA	t1	day3	15.8175937169972	0.563413388452573	beige	beige.day3
beige_day3	6454	2165	beige_day3	beige	day3	rep1	3.470715835141	5	3	beige.day3	day3.rep1	5	3	NA	t5	day3	1.52888775111776	0.957967813628157	beige	beige.day3
beige_day3	32146	4978	beige_day3	beige	day3	rep1	1.18521744540534	5	5	beige.day3	day3.rep1	5	5	NA	t5	day3	12.4549273919374	0.656266784841964	beige	beige.day3
beige_day3	27562	4450	beige_day3	beige	day3	rep1	2.12611566649735	2	3	beige.day3	day3.rep1	2	3	NA	t2	day3	4.08204752607524	0.88746734355093	beige	beige.day3
beige_day3	24348	4170	beige_day3	beige	day3	rep1	0.862493839329719	5	5	beige.day3	day3.rep1	5	5	NA	t5	day3	12.4549277448276	0.656266775097597	beige	beige.day3
beige_day3	21948	3859	beige_day3	beige	day3	rep1	0.847457627118644	1	4	beige.day3	day3.rep1	1	4	NA	t1	day3	20.8691795345455	0.42392381233369	beige	beige.day3
beige_day3	27430	4675	beige_day3	beige	day3	rep1	2.55924170616114	1	4	beige.day3	day3.rep1	1	4	NA	t1	day3	15.0981964986552	0.583278123344148	beige	beige.day3
beige_day3	16990	3101	beige_day3	beige	day3	rep1	0.953502060035315	2	3	beige.day3	day3.rep1	2	3	NA	t2	day3	5.90824981240618	0.837040370313589	beige	beige.day3
beige_day3	17358	3614	beige_day3	beige	day3	rep1	2.11429888235972	4	6	beige.day3	day3.rep1	4	6	NA	t4	day3	1.46418782088062	0.959754374555687	beige	beige.day3
beige_day3	51217	6470	beige_day3	beige	day3	rep1	0.89032938282211	2	3	beige.day3	day3.rep1	2	3	NA	t2	day3	3.55838106768669	0.901927359662019	beige	beige.day3
beige_day3	26745	4503	beige_day3	beige	day3	rep1	2.56496541409609	4	6	beige.day3	day3.rep1	4	6	NA	t4	day3	0.912313898906369	0.974993284123419	beige	beige.day3
beige_day3	15669	2816	beige_day3	beige	day3	rep1	1.53806879826409	1	1	beige.day3	day3.rep1	1	1	NA	t1	day3	11.3113745623966	0.687843740123625	beige	beige.day3
beige_day3	22789	4268	beige_day3	beige	day3	rep1	1.44806704989249	1	4	beige.day3	day3.rep1	1	4	NA	t1	day3	15.8888287047808	0.56144637480386	beige	beige.day3
beige_day3	23491	4328	beige_day3	beige	day3	rep1	2.61802392405602	2	3	beige.day3	day3.rep1	2	3	NA	t2	day3	6.43629642253118	0.822459404953864	beige	beige.day3
beige_day3	51135	6196	beige_day3	beige	day3	rep1	1.83436002737851	4	6	beige.day3	day3.rep1	4	6	NA	t4	day3	1.64969754821884	0.95463188942588	beige	beige.day3
beige_day3	26477	4483	beige_day3	beige	day3	rep1	2.40586169127922	2	1	beige.day3	day3.rep1	2	1	NA	t2	day3	7.40431468571766	0.795729490411354	beige	beige.day3
beige_day3	24317	3946	beige_day3	beige	day3	rep1	2.45507258296665	2	3	beige.day3	day3.rep1	2	3	NA	t2	day3	4.75556638066216	0.868869449161401	beige	beige.day3
beige_day3	22239	3876	beige_day3	beige	day3	rep1	2.54507846575835	2	3	beige.day3	day3.rep1	2	3	NA	t2	day3	5.9082505181866	0.837040350824855	beige	beige.day3
beige_day3	39729	5648	beige_day3	beige	day3	rep1	1.20818545646757	1	1	beige.day3	day3.rep1	1	1	NA	t1	day3	12.9053747063725	0.643828570937695	beige	beige.day3
beige_day3	42439	5563	beige_day3	beige	day3	rep1	2.30212775984354	2	3	beige.day3	day3.rep1	2	3	NA	t2	day3	4.08204893763608	0.887467304573463	beige	beige.day3
beige_day3	15636	3454	beige_day3	beige	day3	rep1	3.71578408800205	4	6	beige.day3	day3.rep1	4	6	NA	t4	day3	0.142313690191321	0.996255320759915	beige	beige.day3
beige_day3	25004	4341	beige_day3	beige	day3	rep1	2.17965125579907	1	1	beige.day3	day3.rep1	1	1	NA	t1	day3	11.3113749152868	0.687843730379259	beige	beige.day3
beige_day3	21499	4039	beige_day3	beige	day3	rep1	2.05125819805572	1	1	beige.day3	day3.rep1	1	1	NA	t1	day3	6.95762932806289	0.80806382530107	beige	beige.day3
beige_day3	10574	2831	beige_day3	beige	day3	rep1	1.91980329109136	1	4	beige.day3	day3.rep1	1	4	NA	t1	day3	16.7724868179006	0.537045899371985	beige	beige.day3
beige_day3	22706	4045	beige_day3	beige	day3	rep1	2.83625473443143	2	3	beige.day3	day3.rep1	2	3	NA	t2	day3	2.9020142119662	0.920051635441891	beige	beige.day3
beige_day3	14809	3635	beige_day3	beige	day3	rep1	2.24187993787562	1	4	beige.day3	day3.rep1	1	4	NA	t1	day3	18.4406585154998	0.490982629065203	beige	beige.day3
beige_day3	15887	3554	beige_day3	beige	day3	rep1	1.86945301189652	5	5	beige.day3	day3.rep1	5	5	NA	t5	day3	12.4549312737297	0.656266677653928	beige	beige.day3
beige_day3	55010	6429	beige_day3	beige	day3	rep1	1.88874750045446	4	6	beige.day3	day3.rep1	4	6	NA	t4	day3	0.0327093029165728	0.9992818296769	beige	beige.day3
beige_day3	14595	3200	beige_day3	beige	day3	rep1	1.74032202809181	2	3	beige.day3	day3.rep1	2	3	NA	t2	day3	4.6787387853888	0.870990891632335	beige	beige.day3
beige_day3	7501	2465	beige_day3	beige	day3	rep1	2.06639114784695	1	4	beige.day3	day3.rep1	1	4	NA	t1	day3	15.8948982492725	0.561278776307275	beige	beige.day3
beige_day3	24854	4524	beige_day3	beige	day3	rep1	1.58525790617204	1	1	beige.day3	day3.rep1	1	1	NA	t1	day3	10.496848454898	0.710335271610244	beige	beige.day3
beige_day3	29245	5005	beige_day3	beige	day3	rep1	1.64814498204821	2	1	beige.day3	day3.rep1	2	1	NA	t2	day3	12.725943458991	0.648783210835683	beige	beige.day3
beige_day3	17128	3668	beige_day3	beige	day3	rep1	0.648061653432975	1	4	beige.day3	day3.rep1	1	4	NA	t1	day3	14.4862633937315	0.600175448758753	beige	beige.day3
beige_day3	13217	2977	beige_day3	beige	day3	rep1	2.54218052508133	2	3	beige.day3	day3.rep1	2	3	NA	t2	day3	3.14388506499288	0.913372849020605	beige	beige.day3
beige_day3	40192	5004	beige_day3	beige	day3	rep1	0.840963375796178	2	3	beige.day3	day3.rep1	2	3	NA	t2	day3	3.41092519563448	0.905999062654246	beige	beige.day3
beige_day3	21200	3968	beige_day3	beige	day3	rep1	2.2877358490566	4	6	beige.day3	day3.rep1	4	6	NA	t4	day3	0.0327085971361543	0.999281849165634	beige	beige.day3
beige_day3	40962	5702	beige_day3	beige	day3	rep1	2.32410526829745	4	6	beige.day3	day3.rep1	4	6	NA	t4	day3	0.0304963105270699	0.999342937095741	beige	beige.day3
beige_day3	33291	4848	beige_day3	beige	day3	rep1	0.687873599471329	5	5	beige.day3	day3.rep1	5	5	NA	t5	day3	12.4549330381808	0.656266628932094	beige	beige.day3
beige_day3	20589	3575	beige_day3	beige	day3	rep1	1.41823303705862	1	4	beige.day3	day3.rep1	1	4	NA	t1	day3	22.7759229731051	0.37127285407654	beige	beige.day3
beige_day3	18476	3742	beige_day3	beige	day3	rep1	3.09590820523923	4	3	beige.day3	day3.rep1	4	3	NA	t4	day3	0.627094555153318	0.982869053594228	beige	beige.day3
beige_day3	50370	6227	beige_day3	beige	day3	rep1	1.49692277149097	2	3	beige.day3	day3.rep1	2	3	NA	t2	day3	3.44549771653057	0.905044410697547	beige	beige.day3
beige_day3	47523	6114	beige_day3	beige	day3	rep1	2.34412810639059	2	1	beige.day3	day3.rep1	2	1	NA	t2	day3	7.44741622775767	0.794539326362602	beige	beige.day3
beige_day3	19156	3995	beige_day3	beige	day3	rep1	1.42514094800585	5	5	beige.day3	day3.rep1	5	5	NA	t5	day3	12.4549355084122	0.656266560721525	beige	beige.day3
beige_day3	32797	5057	beige_day3	beige	day3	rep1	2.43619843278349	4	6	beige.day3	day3.rep1	4	6	NA	t4	day3	0.0327043624536429	0.999281966098037	beige	beige.day3
beige_day3	26710	4660	beige_day3	beige	day3	rep1	1.68101834518907	5	5	beige.day3	day3.rep1	5	5	NA	t5	day3	12.4549358613024	0.656266550977158	beige	beige.day3
beige_day3	18769	3668	beige_day3	beige	day3	rep1	1.619692045394	1	4	beige.day3	day3.rep1	1	4	NA	t1	day3	14.8075758894293	0.591303038104875	beige	beige.day3
beige_day3	21241	3871	beige_day3	beige	day3	rep1	1.20050845063792	5	5	beige.day3	day3.rep1	5	5	NA	t5	day3	12.4549362141927	0.656266541232791	beige	beige.day3
beige_day3	21017	4417	beige_day3	beige	day3	rep1	2.5883808345625	2	3	beige.day3	day3.rep1	2	3	NA	t2	day3	4.88724907492778	0.865233291354976	beige	beige.day3
beige_day3	27519	4230	beige_day3	beige	day3	rep1	1.47897816054362	1	1	beige.day3	day3.rep1	1	1	NA	t1	day3	10.925763060349	0.698491640982865	beige	beige.day3
beige_day3	22621	4363	beige_day3	beige	day3	rep1	1.9450952654613	1	4	beige.day3	day3.rep1	1	4	NA	t1	day3	12.7143599785851	0.649103065794136	beige	beige.day3
beige_day3	30205	4986	beige_day3	beige	day3	rep1	2.61215030624069	4	6	beige.day3	day3.rep1	4	6	NA	t4	day3	0.0327015393319687	0.999282044052972	beige	beige.day3
beige_day3	9544	2304	beige_day3	beige	day3	rep1	1.36211232187762	1	4	beige.day3	day3.rep1	1	4	NA	t1	day3	18.5897257944232	0.486866430251361	beige	beige.day3
beige_day3	29906	5028	beige_day3	beige	day3	rep1	1.939410151809	1	1	beige.day3	day3.rep1	1	1	NA	t1	day3	6.95763462141603	0.808063679135566	beige	beige.day3
beige_day3	22136	4091	beige_day3	beige	day3	rep1	1.88832670762559	4	6	beige.day3	day3.rep1	4	6	NA	t4	day3	0.703023217109807	0.980772433393342	beige	beige.day3
beige_day3	20864	4351	beige_day3	beige	day3	rep1	2.4635736196319	1	4	beige.day3	day3.rep1	1	4	NA	t1	day3	17.3715959063719	0.520502683871315	beige	beige.day3
beige_day3	27026	4546	beige_day3	beige	day3	rep1	1.63546214756161	2	3	beige.day3	day3.rep1	2	3	NA	t2	day3	2.96253758524431	0.918380401894889	beige	beige.day3
beige_day3	41050	5408	beige_day3	beige	day3	rep1	1.17904993909866	2	1	beige.day3	day3.rep1	2	1	NA	t2	day3	8.91404029095752	0.754041396348065	beige	beige.day3
beige_day3	17769	3238	beige_day3	beige	day3	rep1	1.4857335809556	1	1	beige.day3	day3.rep1	1	1	NA	t1	day3	10.4968544540316	0.710335105956006	beige	beige.day3
beige_day3	69598	6811	beige_day3	beige	day3	rep1	1.47849076122877	2	3	beige.day3	day3.rep1	2	3	NA	t2	day3	2.19752566152073	0.939504696882692	beige	beige.day3
beige_day3	20066	4025	beige_day3	beige	day3	rep1	2.87551081431277	1	1	beige.day3	day3.rep1	1	1	NA	t1	day3	10.4968548069218	0.710335096211639	beige	beige.day3
beige_day3	21762	3775	beige_day3	beige	day3	rep1	1.11203014428821	1	4	beige.day3	day3.rep1	1	4	NA	t1	day3	15.036118585494	0.584992282443082	beige	beige.day3
beige_day3	19988	4060	beige_day3	beige	day3	rep1	1.57094256553932	1	1	beige.day3	day3.rep1	1	1	NA	t1	day3	12.9053831757375	0.643828337072889	beige	beige.day3
beige_day3	16036	3841	beige_day3	beige	day3	rep1	1.57146420553754	1	1	beige.day3	day3.rep1	1	1	NA	t1	day3	10.9918491935845	0.696666802794361	beige	beige.day3
beige_day3	26854	4283	beige_day3	beige	day3	rep1	3.18388322037685	4	6	beige.day3	day3.rep1	4	6	NA	t4	day3	0.0326983633200852	0.999282131752274	beige	beige.day3
beige_day3	28456	4485	beige_day3	beige	day3	rep1	1.52516165307844	4	3	beige.day3	day3.rep1	4	3	NA	t4	day3	1.98939183258134	0.945251901943309	beige	beige.day3
beige_day3	44782	5464	beige_day3	beige	day3	rep1	1.27283283462105	1	4	beige.day3	day3.rep1	1	4	NA	t1	day3	12.9053845872984	0.643828298095421	beige	beige.day3
beige_day3	17637	3982	beige_day3	beige	day3	rep1	1.67828995860974	1	1	beige.day3	day3.rep1	1	1	NA	t1	day3	12.9053849401886	0.643828288351055	beige	beige.day3
beige_day3	25345	3952	beige_day3	beige	day3	rep1	2.67113829157625	1	4	beige.day3	day3.rep1	1	4	NA	t1	day3	15.098202850679	0.583277947945543	beige	beige.day3
beige_day3	18969	3810	beige_day3	beige	day3	rep1	1.28103748220781	2	1	beige.day3	day3.rep1	2	1	NA	t2	day3	8.53831786537463	0.764416229870808	beige	beige.day3
beige_day3	11574	3020	beige_day3	beige	day3	rep1	2.28961465353378	5	3	beige.day3	day3.rep1	5	3	NA	t5	day3	2.90201774086829	0.920051537998222	beige	beige.day3
beige_day3	22236	4247	beige_day3	beige	day3	rep1	0.863464651915812	1	1	beige.day3	day3.rep1	1	1	NA	t1	day3	12.7007035045931	0.649480162380679	beige	beige.day3
beige_day3	17424	3641	beige_day3	beige	day3	rep1	1.69880624426079	2	1	beige.day3	day3.rep1	2	1	NA	t2	day3	10.4968572771533	0.710335028001071	beige	beige.day3
beige_day3	19034	3794	beige_day3	beige	day3	rep1	2.70043080802774	1	1	beige.day3	day3.rep1	1	1	NA	t1	day3	10.4968579829337	0.710335008512337	beige	beige.day3
beige_day3	25793	4034	beige_day3	beige	day3	rep1	1.33369518861707	5	5	beige.day3	day3.rep1	5	5	NA	t5	day3	11.5707998932394	0.680680221430533	beige	beige.day3
beige_day3	41392	5423	beige_day3	beige	day3	rep1	1.69597989949749	2	3	beige.day3	day3.rep1	2	3	NA	t2	day3	4.44758609979637	0.87737371700571	beige	beige.day3
beige_day3	32204	4961	beige_day3	beige	day3	rep1	1.57433859147932	2	1	beige.day3	day3.rep1	2	1	NA	t2	day3	8.4917058644447	0.765703328316049	beige	beige.day3
beige_day3	30771	4810	beige_day3	beige	day3	rep1	0.867700107243834	5	5	beige.day3	day3.rep1	5	5	NA	t5	day3	12.4549408017654	0.656266414556021	beige	beige.day3
beige_day3	7141	2284	beige_day3	beige	day3	rep1	2.82873547122252	5	3	beige.day3	day3.rep1	5	3	NA	t5	day3	7.55759683560704	0.79149690625127	beige	beige.day3
beige_day3	21739	3467	beige_day3	beige	day3	rep1	1.2834077004462	5	5	beige.day3	day3.rep1	5	5	NA	t5	day3	12.440764441231	0.656657866783751	beige	beige.day3
beige_day3	53533	6549	beige_day3	beige	day3	rep1	1.43649711392973	2	3	beige.day3	day3.rep1	2	3	NA	t2	day3	3.73564858864924	0.897032466800294	beige	beige.day3
beige_day3	29033	4424	beige_day3	beige	day3	rep1	1.07119484724279	2	3	beige.day3	day3.rep1	2	3	NA	t2	day3	4.54619539993831	0.87465081572778	beige	beige.day3
beige_day3	19956	3841	beige_day3	beige	day3	rep1	0.771697735017038	1	1	beige.day3	day3.rep1	1	1	NA	t1	day3	10.9363429875362	0.698199497166642	beige	beige.day3
beige_day3	26537	4669	beige_day3	beige	day3	rep1	2.46448355126804	1	1	beige.day3	day3.rep1	1	1	NA	t1	day3	8.49170727600554	0.765703289338582	beige	beige.day3
beige_day3	54673	6599	beige_day3	beige	day3	rep1	2.1308506941269	4	6	beige.day3	day3.rep1	4	6	NA	t4	day3	0.0326909526256904	0.999282336383979	beige	beige.day3
beige_day3	24564	4210	beige_day3	beige	day3	rep1	0.72463768115942	5	5	beige.day3	day3.rep1	5	5	NA	t5	day3	12.4549422133262	0.656266375578554	beige	beige.day3
beige_day3	31586	5144	beige_day3	beige	day3	rep1	2.88735515734819	4	3	beige.day3	day3.rep1	4	3	NA	t4	day3	1.66315592069222	0.954260263021941	beige	beige.day3
beige_day3	23351	4290	beige_day3	beige	day3	rep1	2.5266583872211	1	1	beige.day3	day3.rep1	1	1	NA	t1	day3	12.9053891748711	0.643828171418651	beige	beige.day3
beige_day3	16551	3560	beige_day3	beige	day3	rep1	3.23847501661531	2	3	beige.day3	day3.rep1	2	3	NA	t2	day3	5.90825298841807	0.837040282614287	beige	beige.day3
beige_day3	42871	5388	beige_day3	beige	day3	rep1	1.4368687457722	5	5	beige.day3	day3.rep1	5	5	NA	t5	day3	12.4407665585723	0.656657808317549	beige	beige.day3
beige_day3	34458	4804	beige_day3	beige	day3	rep1	1.79929189157815	2	1	beige.day3	day3.rep1	2	1	NA	t2	day3	6.95764273789085	0.808063455015127	beige	beige.day3
beige_day3	20092	3717	beige_day3	beige	day3	rep1	1.87139159864623	2	3	beige.day3	day3.rep1	2	3	NA	t2	day3	5.90825334130828	0.83704027286992	beige	beige.day3
beige_day3	38498	5065	beige_day3	beige	day3	rep1	1.87801963738376	4	6	beige.day3	day3.rep1	4	6	NA	t4	day3	0.14196782698728	0.996264871089944	beige	beige.day3
beige_day3	31000	5094	beige_day3	beige	day3	rep1	1.91935483870968	2	1	beige.day3	day3.rep1	2	1	NA	t2	day3	6.95764309078106	0.80806344527076	beige	beige.day3
beige_day3	28219	4754	beige_day3	beige	day3	rep1	1.67263191466742	1	4	beige.day3	day3.rep1	1	4	NA	t1	day3	15.0982042622398	0.583277908968075	beige	beige.day3
beige_day3	13208	3187	beige_day3	beige	day3	rep1	1.52180496668686	2	3	beige.day3	day3.rep1	2	3	NA	t2	day3	6.08194259421854	0.832244186820922	beige	beige.day3
beige_day3	37476	4876	beige_day3	beige	day3	rep1	1.42758031807023	2	3	beige.day3	day3.rep1	2	3	NA	t2	day3	3.54907351463185	0.902184369376833	beige	beige.day3
beige_day3	19538	3850	beige_day3	beige	day3	rep1	2.22131231446412	2	3	beige.day3	day3.rep1	2	3	NA	t2	day3	6.9576448552321	0.808063396548925	beige	beige.day3
beige_day3	15979	3481	beige_day3	beige	day3	rep1	2.15282558357845	1	4	beige.day3	day3.rep1	1	4	NA	t1	day3	15.7356066963083	0.565677298277368	beige	beige.day3
beige_day3	16924	3813	beige_day3	beige	day3	rep1	1.80217442684944	5	5	beige.day3	day3.rep1	5	5	NA	t5	day3	12.4549446835577	0.656266307367985	beige	beige.day3
beige_day3	58088	6264	beige_day3	beige	day3	rep1	1.42025891750448	2	3	beige.day3	day3.rep1	2	3	NA	t2	day3	3.1171426295817	0.91411128861455	beige	beige.day3
beige_day3	20012	4035	beige_day3	beige	day3	rep1	3.34799120527683	4	6	beige.day3	day3.rep1	4	6	NA	t4	day3	0.627095966714155	0.982869014616761	beige	beige.day3
beige_day3	18528	3448	beige_day3	beige	day3	rep1	2.18588082901554	1	1	beige.day3	day3.rep1	1	1	NA	t1	day3	9.03887069181295	0.750594451105328	beige	beige.day3
beige_day3	19380	3707	beige_day3	beige	day3	rep1	1.83694530443756	2	3	beige.day3	day3.rep1	2	3	NA	t2	day3	2.99254683768777	0.917551755593674	beige	beige.day3
beige_day3	25374	4637	beige_day3	beige	day3	rep1	2.3094506187436	2	3	beige.day3	day3.rep1	2	3	NA	t2	day3	4.8872497807082	0.865233271866243	beige	beige.day3
beige_day3	19621	3864	beige_day3	beige	day3	rep1	1.08047500127415	2	3	beige.day3	day3.rep1	2	3	NA	t2	day3	5.9082543999789	0.837040243636819	beige	beige.day3
beige_day3	20244	4045	beige_day3	beige	day3	rep1	2.87492590397155	4	6	beige.day3	day3.rep1	4	6	NA	t4	day3	0.803942451830502	0.97798574782927	beige	beige.day3
beige_day3	33805	4509	beige_day3	beige	day3	rep1	1.48794557018193	4	6	beige.day3	day3.rep1	4	6	NA	t4	day3	0.0326849534921327	0.999282502038217	beige	beige.day3
beige_day3	22304	4138	beige_day3	beige	day3	rep1	1.4392037302726	1	1	beige.day3	day3.rep1	1	1	NA	t1	day3	10.9306922492334	0.698355531156579	beige	beige.day3
beige_day3	26033	5917	beige_day3	beige	day3	rep1	0.73752544846925	5	5	beige.day3	day3.rep1	5	5	NA	t5	day3	12.4549471537891	0.656266239157417	beige	beige.day3
beige_day3	17042	3637	beige_day3	beige	day3	rep1	1.47283182725032	5	5	beige.day3	day3.rep1	5	5	NA	t5	day3	12.4549478595696	0.656266219668683	beige	beige.day3
beige_day3	53639	6174	beige_day3	beige	day3	rep1	0.706575439512295	5	4	beige.day3	day3.rep1	5	4	NA	t5	day3	10.5178143028537	0.709756341082299	beige	beige.day3
beige_day3	18659	3965	beige_day3	beige	day3	rep1	2.35811136716866	2	3	beige.day3	day3.rep1	2	3	NA	t2	day3	6.95764661968315	0.80806334782709	beige	beige.day3
beige_day3	21661	4242	beige_day3	beige	day3	rep1	1.43576012187803	5	5	beige.day3	day3.rep1	5	5	NA	t5	day3	18.7185559640656	0.483309039284682	beige	beige.day3
beige_day3	16826	3311	beige_day3	beige	day3	rep1	1.49173897539522	2	3	beige.day3	day3.rep1	2	3	NA	t2	day3	4.63050190880237	0.872322857813127	beige	beige.day3
beige_day3	11061	2393	beige_day3	beige	day3	rep1	1.0035259018172	1	1	beige.day3	day3.rep1	1	1	NA	t1	day3	8.78333524363812	0.757650558362861	beige	beige.day3
beige_day3	34412	5161	beige_day3	beige	day3	rep1	1.57793792862955	2	3	beige.day3	day3.rep1	2	3	NA	t2	day3	3.05810567884667	0.915741477535577	beige	beige.day3
beige_day3	14812	3017	beige_day3	beige	day3	rep1	1.18147448015123	2	1	beige.day3	day3.rep1	2	1	NA	t2	day3	7.55759965872871	0.791496828296335	beige	beige.day3
beige_day3	14151	2951	beige_day3	beige	day3	rep1	2.55812310084093	4	3	beige.day3	day3.rep1	4	3	NA	t4	day3	1.98939642015406	0.94525177526654	beige	beige.day3
beige_day3	25791	4218	beige_day3	beige	day3	rep1	2.08212167035012	4	6	beige.day3	day3.rep1	4	6	NA	t4	day3	0.0326817774802493	0.999282589737519	beige	beige.day3
beige_day3	7892	2493	beige_day3	beige	day3	rep1	3.90268626457172	2	3	beige.day3	day3.rep1	2	3	NA	t2	day3	5.90524376648137	0.837123376341199	beige	beige.day3
beige_day3	13278	3028	beige_day3	beige	day3	rep1	2.26690766681729	1	4	beige.day3	day3.rep1	1	4	NA	t1	day3	18.7185570227362	0.483309010051581	beige	beige.day3
beige_day3	22236	3976	beige_day3	beige	day3	rep1	1.56952689332614	1	4	beige.day3	day3.rep1	1	4	NA	t1	day3	15.0982070853615	0.58327783101314	beige	beige.day3
beige_day3	17550	3835	beige_day3	beige	day3	rep1	1.43589743589744	1	1	beige.day3	day3.rep1	1	1	NA	t1	day3	10.5110486456799	0.709943161357245	beige	beige.day3
beige_day3	27296	4740	beige_day3	beige	day3	rep1	2.96380422039859	4	6	beige.day3	day3.rep1	4	6	NA	t4	day3	0.0326796601389936	0.999282648203721	beige	beige.day3
beige_day3	8814	2691	beige_day3	beige	day3	rep1	3.63058770138416	2	3	beige.day3	day3.rep1	2	3	NA	t2	day3	4.88725154515925	0.865233223144408	beige	beige.day3
beige_day3	20216	3899	beige_day3	beige	day3	rep1	2.19628017411951	2	1	beige.day3	day3.rep1	2	1	NA	t2	day3	9.07375146374766	0.749631287404343	beige	beige.day3
beige_day3	53863	6223	beige_day3	beige	day3	rep1	1.10651096299872	1	1	beige.day3	day3.rep1	1	1	NA	t1	day3	8.49171221646847	0.765703152917445	beige	beige.day3
beige_day3	30863	4967	beige_day3	beige	day3	rep1	1.2118070181123	5	3	beige.day3	day3.rep1	5	3	NA	t5	day3	4.88725189804946	0.865233213400041	beige	beige.day3
beige_day3	24811	4362	beige_day3	beige	day3	rep1	2.14824069968965	2	3	beige.day3	day3.rep1	2	3	NA	t2	day3	3.80645854148308	0.895077189653169	beige	beige.day3
beige_day3	29130	4217	beige_day3	beige	day3	rep1	1.41778235496052	2	3	beige.day3	day3.rep1	2	3	NA	t2	day3	2.9020216226606	0.920051430810186	beige	beige.day3
beige_day3	25213	4358	beige_day3	beige	day3	rep1	1.3881727680165	5	5	beige.day3	day3.rep1	5	5	NA	t5	day3	12.4725479556185	0.655780227739377	beige	beige.day3
beige_day3	30212	4629	beige_day3	beige	day3	rep1	1.54905335628227	1	4	beige.day3	day3.rep1	1	4	NA	t1	day3	12.3835961328753	0.658236456832103	beige	beige.day3
beige_day3	37886	5034	beige_day3	beige	day3	rep1	1.93475162329093	2	3	beige.day3	day3.rep1	2	3	NA	t2	day3	3.82282567897749	0.894625243441854	beige	beige.day3
beige_day3	27852	4299	beige_day3	beige	day3	rep1	1.50078988941548	5	5	beige.day3	day3.rep1	5	5	NA	t5	day3	12.4549531529227	0.656266073503179	beige	beige.day3
beige_day3	18930	3662	beige_day3	beige	day3	rep1	1.58478605388273	1	1	beige.day3	day3.rep1	1	1	NA	t1	day3	12.9053944682242	0.643828025253148	beige	beige.day3
beige_day3	15158	3494	beige_day3	beige	day3	rep1	3.08747855917667	2	1	beige.day3	day3.rep1	2	1	NA	t2	day3	6.95764944280483	0.808063269872155	beige	beige.day3
beige_day3	24570	4265	beige_day3	beige	day3	rep1	1.93325193325193	1	1	beige.day3	day3.rep1	1	1	NA	t1	day3	8.94991686428174	0.753050735556317	beige	beige.day3
beige_day3	17916	4231	beige_day3	beige	day3	rep1	1.6856441169904	1	1	beige.day3	day3.rep1	1	1	NA	t1	day3	9.7259472459987	0.731622187589253	beige	beige.day3
beige_day3	29490	5363	beige_day3	beige	day3	rep1	1.40386571719227	10	2	beige.day3	day3.rep1	10	2	NA	t10	day3	24.5017668713874	0.323617079728913	beige	beige.day3
beige_day3	43710	6148	beige_day3	beige	day3	rep1	0.903683367650423	5	6	beige.day3	day3.rep1	5	6	NA	t5	day3	1.76230977272987	0.951522325017753	beige	beige.day3
beige_day3	35218	5350	beige_day3	beige	day3	rep1	1.35726049179397	2	1	beige.day3	day3.rep1	2	1	NA	t2	day3	7.06392251462158	0.805128748659217	beige	beige.day3
beige_day3	28124	4701	beige_day3	beige	day3	rep1	2.80543308206514	4	6	beige.day3	day3.rep1	4	6	NA	t4	day3	0.0326771899075287	0.999282716414289	beige	beige.day3
beige_day3	23561	4215	beige_day3	beige	day3	rep1	2.24099146895293	2	1	beige.day3	day3.rep1	2	1	NA	t2	day3	5.90825581153974	0.837040204659351	beige	beige.day3
beige_day3	23877	4173	beige_day3	beige	day3	rep1	1.47003392385978	4	6	beige.day3	day3.rep1	4	6	NA	t4	day3	0.0326761312369008	0.99928274564739	beige	beige.day3
beige_day3	43715	5723	beige_day3	beige	day3	rep1	1.75912158298067	4	6	beige.day3	day3.rep1	4	6	NA	t4	day3	0.0949587682711845	0.997562933502598	beige	beige.day3
beige_day3	33687	4992	beige_day3	beige	day3	rep1	1.55252768130139	1	1	beige.day3	day3.rep1	1	1	NA	t1	day3	11.3113830317616	0.687843506258819	beige	beige.day3
beige_day3	46335	6268	beige_day3	beige	day3	rep1	0.4683284773929	5	5	beige.day3	day3.rep1	5	5	NA	t5	day3	12.454955270264	0.656266015036978	beige	beige.day3
beige_day3	6318	2237	beige_day3	beige	day3	rep1	3.03893637226971	2	1	beige.day3	day3.rep1	2	1	NA	t2	day3	7.16982521633674	0.802204454485935	beige	beige.day3
beige_day3	13254	4023	beige_day3	beige	day3	rep1	2.03712086917157	5	5	beige.day3	day3.rep1	5	5	NA	t5	day3	12.454957034715	0.656265966315143	beige	beige.day3
beige_day3	24646	5514	beige_day3	beige	day3	rep1	0.791203440720604	5	5	beige.day3	day3.rep1	5	5	NA	t5	day3	12.4549573876052	0.656265956570776	beige	beige.day3
beige_day3	16084	3515	beige_day3	beige	day3	rep1	1.37403630937578	5	5	beige.day3	day3.rep1	5	5	NA	t5	day3	12.4549580933856	0.656265937082042	beige	beige.day3
beige_day3	22442	3809	beige_day3	beige	day3	rep1	1.74672489082969	1	1	beige.day3	day3.rep1	1	1	NA	t1	day3	11.3113840904323	0.687843477025719	beige	beige.day3
beige_day3	34961	5547	beige_day3	beige	day3	rep1	1.38153942965018	2	3	beige.day3	day3.rep1	2	3	NA	t2	day3	5.69221967797772	0.84300561627173	beige	beige.day3
beige_day3	7490	2198	beige_day3	beige	day3	rep1	2.0694259012016	5	5	beige.day3	day3.rep1	5	5	NA	t5	day3	12.4407760866079	0.656657545219642	beige	beige.day3
beige_day3	27561	5064	beige_day3	beige	day3	rep1	2.33663510032292	1	3	beige.day3	day3.rep1	1	3	NA	t1	day3	7.90459790118667	0.781915156420878	beige	beige.day3
beige_day3	33291	4810	beige_day3	beige	day3	rep1	1.3216785317353	1	1	beige.day3	day3.rep1	1	1	NA	t1	day3	10.496875274554	0.710334531038358	beige	beige.day3
beige_day3	8245	2288	beige_day3	beige	day3	rep1	3.42025469981807	2	3	beige.day3	day3.rep1	2	3	NA	t2	day3	6.09565210214561	0.831865625806893	beige	beige.day3
beige_day3	6847	2108	beige_day3	beige	day3	rep1	3.47597487950927	5	5	beige.day3	day3.rep1	5	5	NA	t5	day3	12.4407764394981	0.656657535475275	beige	beige.day3
beige_day3	27107	4687	beige_day3	beige	day3	rep1	3.21688124838603	2	6	beige.day3	day3.rep1	2	6	NA	t2	day3	1.76231153718092	0.951522276295918	beige	beige.day3
beige_day3	21557	4119	beige_day3	beige	day3	rep1	1.63751913531567	2	5	beige.day3	day3.rep1	2	5	NA	t2	day3	6.36191913078734	0.824513187127014	beige	beige.day3
beige_day3	32035	4965	beige_day3	beige	day3	rep1	1.97596378960512	1	4	beige.day3	day3.rep1	1	4	NA	t1	day3	15.0982137902755	0.583277645870169	beige	beige.day3
beige_day3	18004	3799	beige_day3	beige	day3	rep1	2.09397911575206	2	3	beige.day3	day3.rep1	2	3	NA	t2	day3	5.90614184673614	0.837098577626779	beige	beige.day3
beige_day3	21820	4443	beige_day3	beige	day3	rep1	2.35563703024748	1	4	beige.day3	day3.rep1	1	4	NA	t1	day3	18.7705236072525	0.481874055344617	beige	beige.day3
beige_day3	24964	4460	beige_day3	beige	day3	rep1	0.877263259093094	2	1	beige.day3	day3.rep1	2	1	NA	t2	day3	9.02553589408921	0.750962665236355	beige	beige.day3
beige_day3	36093	6438	beige_day3	beige	day3	rep1	1.77319701881251	5	5	beige.day3	day3.rep1	5	5	NA	t5	day3	12.4549598578367	0.656265888360207	beige	beige.day3
beige_day3	29162	4613	beige_day3	beige	day3	rep1	2.3146560592552	5	5	beige.day3	day3.rep1	5	5	NA	t5	day3	12.4407774981688	0.656657506242174	beige	beige.day3
beige_day3	14786	3200	beige_day3	beige	day3	rep1	1.29176247801975	1	1	beige.day3	day3.rep1	1	1	NA	t1	day3	12.9053958797851	0.64382798627568	beige	beige.day3
beige_day3	17575	3350	beige_day3	beige	day3	rep1	2.0597439544808	2	3	beige.day3	day3.rep1	2	3	NA	t2	day3	4.52963889834934	0.875107990854971	beige	beige.day3
beige_day3	15752	3535	beige_day3	beige	day3	rep1	2.50126968004063	1	4	beige.day3	day3.rep1	1	4	NA	t1	day3	18.474367247512	0.49005182893437	beige	beige.day3
beige_day3	27811	4706	beige_day3	beige	day3	rep1	1.03556146848369	4	6	beige.day3	day3.rep1	4	6	NA	t4	day3	0.0326666032012504	0.999283008745297	beige	beige.day3
beige_day3	25380	4449	beige_day3	beige	day3	rep1	2.57683215130024	4	3	beige.day3	day3.rep1	4	3	NA	t4	day3	1.9894017135072	0.945251629101036	beige	beige.day3
beige_day3	39845	5173	beige_day3	beige	day3	rep1	2.16087338436441	4	6	beige.day3	day3.rep1	4	6	NA	t4	day3	0.0326662503110411	0.999283018489663	beige	beige.day3
beige_day3	26652	4510	beige_day3	beige	day3	rep1	1.87227975386463	2	3	beige.day3	day3.rep1	2	3	NA	t2	day3	6.95765367748734	0.808063152939752	beige	beige.day3
beige_day3	18859	3991	beige_day3	beige	day3	rep1	2.17933082347951	2	3	beige.day3	day3.rep1	2	3	NA	t2	day3	2.92060228838705	0.919538362383795	beige	beige.day3
beige_day3	30554	4707	beige_day3	beige	day3	rep1	0.487661190024219	1	1	beige.day3	day3.rep1	1	1	NA	t1	day3	9.08136275261952	0.749421116678397	beige	beige.day3
beige_day3	14988	3473	beige_day3	beige	day3	rep1	2.03496130237523	2	3	beige.day3	day3.rep1	2	3	NA	t2	day3	4.6787497249853	0.870990589556961	beige	beige.day3
beige_day3	26497	4611	beige_day3	beige	day3	rep1	1.97380835566291	1	1	beige.day3	day3.rep1	1	1	NA	t1	day3	8.49171892138246	0.765702967774473	beige	beige.day3
beige_day3	25132	4541	beige_day3	beige	day3	rep1	3.64873468088493	4	3	beige.day3	day3.rep1	4	3	NA	t4	day3	3.44983606368274	0.90492461580003	beige	beige.day3
beige_day3	35123	5384	beige_day3	beige	day3	rep1	1.13316060700965	2	3	beige.day3	day3.rep1	2	3	NA	t2	day3	4.67875007787551	0.870990579812594	beige	beige.day3
beige_day3	20748	4133	beige_day3	beige	day3	rep1	0.8627337574706	1	1	beige.day3	day3.rep1	1	1	NA	t1	day3	9.025372564423	0.750967175262855	beige	beige.day3
beige_day3	29533	4712	beige_day3	beige	day3	rep1	0.758473571936478	4	3	beige.day3	day3.rep1	4	3	NA	t4	day3	3.57488119506613	0.901471741197404	beige	beige.day3
beige_day3	14029	3311	beige_day3	beige	day3	rep1	1.8675600541735	1	1	beige.day3	day3.rep1	1	1	NA	t1	day3	11.4474313426456	0.684086800562368	beige	beige.day3
beige_day3	26393	4596	beige_day3	beige	day3	rep1	2.79619596105028	1	1	beige.day3	day3.rep1	1	1	NA	t1	day3	8.525394878039	0.764773072670425	beige	beige.day3
beige_day3	43015	6096	beige_day3	beige	day3	rep1	1.28792281762176	1	2	beige.day3	day3.rep1	1	2	NA	t1	day3	10.4540649969234	0.711516652395075	beige	beige.day3
beige_day3	23599	4481	beige_day3	beige	day3	rep1	1.89838552481037	1	1	beige.day3	day3.rep1	1	1	NA	t1	day3	14.5378897816325	0.598749887910148	beige	beige.day3
beige_day3	25578	5085	beige_day3	beige	day3	rep1	2.81100946125577	1	4	beige.day3	day3.rep1	1	4	NA	t1	day3	15.0982166133971	0.583277567915233	beige	beige.day3
beige_day3	22902	4570	beige_day3	beige	day3	rep1	1.62431228713649	1	1	beige.day3	day3.rep1	1	1	NA	t1	day3	10.4968823323581	0.710334336151019	beige	beige.day3
beige_day3	23478	4240	beige_day3	beige	day3	rep1	2.38947099412216	2	3	beige.day3	day3.rep1	2	3	NA	t2	day3	4.54315793288457	0.874734689387875	beige	beige.day3
beige_day3	31652	4885	beige_day3	beige	day3	rep1	2.76443826614432	4	6	beige.day3	day3.rep1	4	6	NA	t4	day3	0.032658486726437	0.999283232865736	beige	beige.day3
beige_day3	27765	4471	beige_day3	beige	day3	rep1	1.37943453988835	4	6	beige.day3	day3.rep1	4	6	NA	t4	day3	0.0326574280558092	0.999283262098836	beige	beige.day3
beige_day3	21147	4086	beige_day3	beige	day3	rep1	1.80640279945146	1	1	beige.day3	day3.rep1	1	1	NA	t1	day3	10.3458149311875	0.714505764394696	beige	beige.day3
beige_day3	20332	4188	beige_day3	beige	day3	rep1	2.94609482589022	4	3	beige.day3	day3.rep1	4	3	NA	t4	day3	1.98940453662888	0.9452515511461	beige	beige.day3
beige_day3	7328	2359	beige_day3	beige	day3	rep1	4.06659388646288	2	3	beige.day3	day3.rep1	2	3	NA	t2	day3	4.54852609329996	0.874586458228804	beige	beige.day3
beige_day3	25572	4775	beige_day3	beige	day3	rep1	3.65243234788049	1	1	beige.day3	day3.rep1	1	1	NA	t1	day3	10.9446321378771	0.697970608633574	beige	beige.day3
beige_day3	18211	3407	beige_day3	beige	day3	rep1	2.41612212399099	4	6	beige.day3	day3.rep1	4	6	NA	t4	day3	0.226483755244887	0.9939311304719	beige	beige.day3
beige_day3	28820	4855	beige_day3	beige	day3	rep1	2.49479528105482	5	5	beige.day3	day3.rep1	5	5	NA	t5	day3	1.76231506608301	0.951522178852249	beige	beige.day3
beige_day3	28782	4923	beige_day3	beige	day3	rep1	1.54610520464179	1	1	beige.day3	day3.rep1	1	1	NA	t1	day3	12.7158526507229	0.649061848597932	beige	beige.day3
beige_day3	26890	4471	beige_day3	beige	day3	rep1	2.41725548531052	2	3	beige.day3	day3.rep1	2	3	NA	t2	day3	3.85151255768061	0.893833111882578	beige	beige.day3
beige_day3	21141	3788	beige_day3	beige	day3	rep1	1.93462939312237	2	1	beige.day3	day3.rep1	2	1	NA	t2	day3	8.49172209739434	0.765702880075171	beige	beige.day3
beige_day3	43651	5718	beige_day3	beige	day3	rep1	1.36079356715768	2	1	beige.day3	day3.rep1	2	1	NA	t2	day3	5.72240027082283	0.842172238743359	beige	beige.day3
beige_day3	19382	3911	beige_day3	beige	day3	rep1	1.57878443917036	2	1	beige.day3	day3.rep1	2	1	NA	t2	day3	7.11361565964296	0.803756570498655	beige	beige.day3
beige_day3	28131	5435	beige_day3	beige	day3	rep1	2.06889196971313	5	5	beige.day3	day3.rep1	5	5	NA	t5	day3	12.454970444543	0.6562655960292	beige	beige.day3
beige_day3	27993	4414	beige_day3	beige	day3	rep1	2.0898081663273	2	1	beige.day3	day3.rep1	2	1	NA	t2	day3	6.03416899418388	0.833563360533731	beige	beige.day3
beige_day3	26777	4538	beige_day3	beige	day3	rep1	2.30048175673152	2	3	beige.day3	day3.rep1	2	3	NA	t2	day3	5.90825898755163	0.837040116960049	beige	beige.day3
beige_day3	14888	3373	beige_day3	beige	day3	rep1	0.537345513164965	1	4	beige.day3	day3.rep1	1	4	NA	t1	day3	17.1313660513271	0.527136157370843	beige	beige.day3
beige_day3	37802	5123	beige_day3	beige	day3	rep1	1.63747949843924	2	1	beige.day3	day3.rep1	2	1	NA	t2	day3	6.95766179396216	0.808062928819313	beige	beige.day3
beige_day3	15483	3250	beige_day3	beige	day3	rep1	1.55654588903959	1	4	beige.day3	day3.rep1	1	4	NA	t1	day3	16.8952467417337	0.533656126267392	beige	beige.day3
beige_day3	18111	3651	beige_day3	beige	day3	rep1	1.4908066920656	5	5	beige.day3	day3.rep1	5	5	NA	t5	day3	12.4407817328513	0.656657389309771	beige	beige.day3
beige_day3	18631	3746	beige_day3	beige	day3	rep1	2.30261392303151	5	5	beige.day3	day3.rep1	5	5	NA	t5	day3	12.4549715032136	0.656265566796099	beige	beige.day3
beige_day3	29284	4608	beige_day3	beige	day3	rep1	1.03810954787597	5	5	beige.day3	day3.rep1	5	5	NA	t5	day3	12.4407820857415	0.656657379565405	beige	beige.day3
beige_day3	22223	3961	beige_day3	beige	day3	rep1	1.83143589974351	2	1	beige.day3	day3.rep1	2	1	NA	t2	day3	8.55707580842618	0.763898266280834	beige	beige.day3
beige_day3	28663	5960	beige_day3	beige	day3	rep1	1.51414715835746	5	5	beige.day3	day3.rep1	5	5	NA	t5	day3	12.4549725618842	0.656265537562998	beige	beige.day3
beige_day3	38034	5091	beige_day3	beige	day3	rep1	2.2138086974812	2	3	beige.day3	day3.rep1	2	3	NA	t2	day3	1.75135414925393	0.95182484294578	beige	beige.day3
beige_day3	40215	5744	beige_day3	beige	day3	rep1	1.34775581250777	5	6	beige.day3	day3.rep1	5	6	NA	t5	day3	0.0326528404830886	0.999283388775606	beige	beige.day3
beige_day3	23962	4495	beige_day3	beige	day3	rep1	0.767882480594274	2	3	beige.day3	day3.rep1	2	3	NA	t2	day3	6.2771524454737	0.826853851906444	beige	beige.day3
beige_day3	32899	5068	beige_day3	beige	day3	rep1	2.57758594486155	4	3	beige.day3	day3.rep1	4	3	NA	t4	day3	1.9894052424093	0.945251531657367	beige	beige.day3
beige_day3	42836	4973	beige_day3	beige	day3	rep1	1.24894948174433	5	5	beige.day3	day3.rep1	5	5	NA	t5	day3	2.90202868046479	0.920051235922848	beige	beige.day3
beige_day3	22808	4309	beige_day3	beige	day3	rep1	1.04349351104875	5	5	beige.day3	day3.rep1	5	5	NA	t5	day3	12.4549743263353	0.656265488841164	beige	beige.day3
beige_day3	28200	4575	beige_day3	beige	day3	rep1	1.49645390070922	1	4	beige.day3	day3.rep1	1	4	NA	t1	day3	15.0982194365188	0.583277489960298	beige	beige.day3
beige_day3	20839	3701	beige_day3	beige	day3	rep1	2.02504918662124	5	5	beige.day3	day3.rep1	5	5	NA	t5	day3	12.4549750321157	0.65626546935243	beige	beige.day3
beige_day3	29010	4755	beige_day3	beige	day3	rep1	2.6714925887625	1	1	beige.day3	day3.rep1	1	1	NA	t1	day3	8.49172350895518	0.765702841097703	beige	beige.day3
beige_day3	17567	3695	beige_day3	beige	day3	rep1	2.20868674218706	1	1	beige.day3	day3.rep1	1	1	NA	t1	day3	12.5177613505654	0.65453174903906	beige	beige.day3
beige_day3	31349	4990	beige_day3	beige	day3	rep1	2.96979169989473	2	3	beige.day3	day3.rep1	2	3	NA	t2	day3	3.02312605457597	0.916707370848795	beige	beige.day3
beige_day3	22246	3771	beige_day3	beige	day3	rep1	1.38901375528185	1	4	beige.day3	day3.rep1	1	4	NA	t1	day3	20.4010030860269	0.436851581298011	beige	beige.day3
beige_day3	23133	4223	beige_day3	beige	day3	rep1	1.11961267453422	2	1	beige.day3	day3.rep1	2	1	NA	t2	day3	5.90826039911247	0.837040077982582	beige	beige.day3
beige_day3	30501	4747	beige_day3	beige	day3	rep1	1.20323923805777	2	1	beige.day3	day3.rep1	2	1	NA	t2	day3	8.54749160673993	0.764162915101805	beige	beige.day3
beige_day3	10648	2874	beige_day3	beige	day3	rep1	4.01953418482344	4	6	beige.day3	day3.rep1	4	6	NA	t4	day3	0.0326493115809958	0.999283486219275	beige	beige.day3
beige_day3	25421	4288	beige_day3	beige	day3	rep1	0.546792022343732	1	1	beige.day3	day3.rep1	1	1	NA	t1	day3	11.3113900895658	0.687843311371481	beige	beige.day3
beige_day3	17086	3682	beige_day3	beige	day3	rep1	0.655507432986071	1	1	beige.day3	day3.rep1	1	1	NA	t1	day3	12.3964546415248	0.657881394484193	beige	beige.day3
beige_day3	25001	4588	beige_day3	beige	day3	rep1	1.94792208311668	2	3	beige.day3	day3.rep1	2	3	NA	t2	day3	4.88725613273197	0.865233096467638	beige	beige.day3
beige_day3	25440	4703	beige_day3	beige	day3	rep1	2.49606918238994	2	3	beige.day3	day3.rep1	2	3	NA	t2	day3	5.9439754362598	0.836053877693665	beige	beige.day3
beige_day3	39185	5277	beige_day3	beige	day3	rep1	2.19471736633916	4	6	beige.day3	day3.rep1	4	6	NA	t4	day3	1.76231683053406	0.951522130130414	beige	beige.day3
beige_day3	32632	5428	beige_day3	beige	day3	rep1	1.70384898259377	5	5	beige.day3	day3.rep1	5	5	NA	t5	day3	12.4549760907863	0.656265440119329	beige	beige.day3
beige_day3	35352	5729	beige_day3	beige	day3	rep1	1.69721656483367	5	5	beige.day3	day3.rep1	5	5	NA	t5	day3	12.4910717746752	0.65526872902162	beige	beige.day3
beige_day3	22744	4317	beige_day3	beige	day3	rep1	3.01618009145269	1	1	beige.day3	day3.rep1	1	1	NA	t1	day3	9.02537362309363	0.750967146029754	beige	beige.day3
beige_day3	22482	4086	beige_day3	beige	day3	rep1	2.69993772796015	2	3	beige.day3	day3.rep1	2	3	NA	t2	day3	4.88725648562218	0.865233086723271	beige	beige.day3
beige_day3	21467	3844	beige_day3	beige	day3	rep1	2.83225415754414	4	3	beige.day3	day3.rep1	4	3	NA	t4	day3	1.98940630107992	0.945251502424266	beige	beige.day3
beige_day3	34673	4689	beige_day3	beige	day3	rep1	0.91714013785943	2	3	beige.day3	day3.rep1	2	3	NA	t2	day3	1.98940771264076	0.945251463446798	beige	beige.day3
beige_day3	49198	5879	beige_day3	beige	day3	rep1	1.15858368226351	2	3	beige.day3	day3.rep1	2	3	NA	t2	day3	4.60990050775984	0.872891724858579	beige	beige.day3
beige_day3	20237	3867	beige_day3	beige	day3	rep1	2.46083905717251	1	1	beige.day3	day3.rep1	1	1	NA	t1	day3	8.61923808150707	0.762181777749149	beige	beige.day3
beige_day3	33014	5009	beige_day3	beige	day3	rep1	1.26612952080935	5	6	beige.day3	day3.rep1	5	6	NA	t5	day3	1.76231788920468	0.951522100897314	beige	beige.day3
beige_day3	34792	5186	beige_day3	beige	day3	rep1	1.43998620372499	2	3	beige.day3	day3.rep1	2	3	NA	t2	day3	4.67875572411886	0.870990423902723	beige	beige.day3
beige_day3	28531	4699	beige_day3	beige	day3	rep1	1.50362763310084	2	3	beige.day3	day3.rep1	2	3	NA	t2	day3	3.54304129075411	0.902350937338291	beige	beige.day3
beige_day3	19715	3642	beige_day3	beige	day3	rep1	0.989094598021811	1	4	beige.day3	day3.rep1	1	4	NA	t1	day3	15.0982212009699	0.583277441238463	beige	beige.day3
beige_day3	18650	3807	beige_day3	beige	day3	rep1	2.16621983914209	2	3	beige.day3	day3.rep1	2	3	NA	t2	day3	4.48576745880125	0.876319414104484	beige	beige.day3
beige_day3	24146	4463	beige_day3	beige	day3	rep1	2.88246500455562	4	6	beige.day3	day3.rep1	4	6	NA	t4	day3	0.257909153255078	0.993063380104761	beige	beige.day3
beige_day3	19323	3709	beige_day3	beige	day3	rep1	1.45422553433732	0	4	beige.day3	day3.rep1	0	4	NA	t0	day3	17.3290806908165	0.521676657670953	beige	beige.day3
beige_day3	27481	4435	beige_day3	beige	day3	rep1	2.51446453913613	4	6	beige.day3	day3.rep1	4	6	NA	t4	day3	0.0326394306551361	0.999283759061549	beige	beige.day3
beige_day3	36999	4901	beige_day3	beige	day3	rep1	1.01894645801238	1	1	beige.day3	day3.rep1	1	1	NA	t1	day3	10.4968978595274	0.710333907398875	beige	beige.day3
beige_day3	30645	4986	beige_day3	beige	day3	rep1	1.55000815793767	4	6	beige.day3	day3.rep1	4	6	NA	t4	day3	0.0326390777649268	0.999283768805916	beige	beige.day3
beige_day3	24067	4498	beige_day3	beige	day3	rep1	2.54705613495658	1	1	beige.day3	day3.rep1	1	1	NA	t1	day3	9.19449794107491	0.746297111652698	beige	beige.day3
beige_day3	32157	4658	beige_day3	beige	day3	rep1	1.27499455795006	2	1	beige.day3	day3.rep1	2	1	NA	t2	day3	6.98830344104274	0.80721682018784	beige	beige.day3
beige_day3	38328	5540	beige_day3	beige	day3	rep1	1.72719682738468	1	2	beige.day3	day3.rep1	1	2	NA	t1	day3	23.3498208269373	0.355425797081387	beige	beige.day3
beige_day3	25961	4348	beige_day3	beige	day3	rep1	1.81040791957167	1	1	beige.day3	day3.rep1	1	1	NA	t1	day3	13.3890840455025	0.630471891843854	beige	beige.day3
beige_day3	29063	4616	beige_day3	beige	day3	rep1	2.48769913635894	2	1	beige.day3	day3.rep1	2	1	NA	t2	day3	8.91107335446731	0.754123322445797	beige	beige.day3
beige_day3	18528	3939	beige_day3	beige	day3	rep1	4.52828151986183	1	1	beige.day3	day3.rep1	1	1	NA	t1	day3	14.5817123195487	0.597539814982722	beige	beige.day3
beige_day3	12852	3261	beige_day3	beige	day3	rep1	2.52878929349518	1	1	beige.day3	day3.rep1	1	1	NA	t1	day3	12.6723040214653	0.650264358078141	beige	beige.day3
beige_day3	23562	4235	beige_day3	beige	day3	rep1	3.97674221203633	2	3	beige.day3	day3.rep1	2	3	NA	t2	day3	4.67875854724053	0.870990345947788	beige	beige.day3
beige_day3	27959	4273	beige_day3	beige	day3	rep1	1.5808862977932	5	5	beige.day3	day3.rep1	5	5	NA	t5	day3	12.532114903333	0.654135403997391	beige	beige.day3
beige_day3	48975	5640	beige_day3	beige	day3	rep1	2.18683001531394	4	6	beige.day3	day3.rep1	4	6	NA	t4	day3	0.0326366075334619	0.999283837016484	beige	beige.day3
beige_day3	23144	3940	beige_day3	beige	day3	rep1	1.34808157621846	1	1	beige.day3	day3.rep1	1	1	NA	t1	day3	10.4969027999903	0.710333770977738	beige	beige.day3
beige_day3	19257	3976	beige_day3	beige	day3	rep1	1.55268214155891	1	4	beige.day3	day3.rep1	1	4	NA	t1	day3	15.0982226125307	0.583277402260995	beige	beige.day3
beige_day3	43406	5901	beige_day3	beige	day3	rep1	1.99972354052435	2	1	beige.day3	day3.rep1	2	1	NA	t2	day3	7.79078358230748	0.78505791429338	beige	beige.day3
beige_day3	16400	3340	beige_day3	beige	day3	rep1	2.9390243902439	1	4	beige.day3	day3.rep1	1	4	NA	t1	day3	17.3351210774367	0.521509864311466	beige	beige.day3
beige_day3	23216	4213	beige_day3	beige	day3	rep1	2.06323225361819	4	6	beige.day3	day3.rep1	4	6	NA	t4	day3	0.0326359017530433	0.999283856505218	beige	beige.day3
beige_day3	17584	3609	beige_day3	beige	day3	rep1	1.01797088262056	1	1	beige.day3	day3.rep1	1	1	NA	t1	day3	10.4969035057707	0.710333751489004	beige	beige.day3
beige_day3	22276	4503	beige_day3	beige	day3	rep1	3.06159094990124	1	1	beige.day3	day3.rep1	1	1	NA	t1	day3	7.14488624474574	0.802893094984526	beige	beige.day3
beige_day3	39010	5723	beige_day3	beige	day3	rep1	1.36375288387593	4	3	beige.day3	day3.rep1	4	3	NA	t4	day3	1.8544602837848	0.948977770457967	beige	beige.day3
beige_day3	17080	3441	beige_day3	beige	day3	rep1	1.84426229508197	1	4	beige.day3	day3.rep1	1	4	NA	t1	day3	15.0982233183111	0.583277382772262	beige	beige.day3
beige_day3	24681	4368	beige_day3	beige	day3	rep1	0.680685547587213	2	1	beige.day3	day3.rep1	2	1	NA	t2	day3	8.49172915519853	0.765702685187833	beige	beige.day3
beige_day3	30518	4972	beige_day3	beige	day3	rep1	3.37178058850514	4	3	beige.day3	day3.rep1	4	3	NA	t4	day3	1.76793455215249	0.951367007831079	beige	beige.day3
beige_day3	31034	4765	beige_day3	beige	day3	rep1	1.24057485338661	1	4	beige.day3	day3.rep1	1	4	NA	t1	day3	20.7085382384386	0.428359604797771	beige	beige.day3
beige_day3	22241	4651	beige_day3	beige	day3	rep1	2.76066723618542	1	1	beige.day3	day3.rep1	1	1	NA	t1	day3	10.4969045644413	0.710333722255903	beige	beige.day3
beige_day3	20925	4247	beige_day3	beige	day3	rep1	1.64396654719235	1	1	beige.day3	day3.rep1	1	1	NA	t1	day3	12.3757930541323	0.65845192345696	beige	beige.day3
beige_day3	46334	6799	beige_day3	beige	day3	rep1	1.11149479863599	1	4	beige.day3	day3.rep1	1	4	NA	t1	day3	16.8274370948811	0.535528555884124	beige	beige.day3
beige_day3	23897	4446	beige_day3	beige	day3	rep1	2.26806712139599	2	3	beige.day3	day3.rep1	2	3	NA	t2	day3	2.90203397381793	0.920051089757344	beige	beige.day3
beige_day3	33501	4829	beige_day3	beige	day3	rep1	1.57308737052625	1	4	beige.day3	day3.rep1	1	4	NA	t1	day3	20.9925434831785	0.420517360275923	beige	beige.day3
beige_day3	52003	6256	beige_day3	beige	day3	rep1	1.63259811933927	2	3	beige.day3	day3.rep1	2	3	NA	t2	day3	2.90203432670814	0.920051080012977	beige	beige.day3
beige_day3	27942	4567	beige_day3	beige	day3	rep1	2.39424522224608	4	6	beige.day3	day3.rep1	4	6	NA	t4	day3	0.337715931112573	0.990859673384372	beige	beige.day3
beige_day3	38760	5027	beige_day3	beige	day3	rep1	0.882352941176471	2	3	beige.day3	day3.rep1	2	3	NA	t2	day3	4.66024927367665	0.871501443020458	beige	beige.day3
beige_day3	27934	4739	beige_day3	beige	day3	rep1	1.92596835397723	1	1	beige.day3	day3.rep1	1	1	NA	t1	day3	10.4969070346728	0.710333654045335	beige	beige.day3
beige_day3	24019	4576	beige_day3	beige	day3	rep1	1.04500603688746	1	1	beige.day3	day3.rep1	1	1	NA	t1	day3	6.99414789047722	0.807055437247174	beige	beige.day3
beige_day3	23923	3852	beige_day3	beige	day3	rep1	1.93537599799356	2	3	beige.day3	day3.rep1	2	3	NA	t2	day3	5.66592393286367	0.843731721394392	beige	beige.day3
beige_day3	49799	6430	beige_day3	beige	day3	rep1	1.84943472760497	2	3	beige.day3	day3.rep1	2	3	NA	t2	day3	5.57837565343785	0.846149194407445	beige	beige.day3
beige_day3	15243	3487	beige_day3	beige	day3	rep1	1.56793282162304	1	1	beige.day3	day3.rep1	1	1	NA	t1	day3	9.0863062142403	0.749284612738654	beige	beige.day3
beige_day3	20142	3465	beige_day3	beige	day3	rep1	2.24903187369675	4	3	beige.day3	day3.rep1	4	3	NA	t4	day3	0.0789195381563552	0.998005825198552	beige	beige.day3
beige_day3	33713	5213	beige_day3	beige	day3	rep1	3.43784296858778	4	3	beige.day3	day3.rep1	4	3	NA	t4	day3	1.98941265310369	0.945251327025662	beige	beige.day3
beige_day3	30024	4691	beige_day3	beige	day3	rep1	1.03250732747136	5	5	beige.day3	day3.rep1	5	5	NA	t5	day3	12.4754666918516	0.655699632596653	beige	beige.day3
beige_day3	17534	3483	beige_day3	beige	day3	rep1	3.10824683472111	2	3	beige.day3	day3.rep1	2	3	NA	t2	day3	7.25816891404663	0.799765017566242	beige	beige.day3
beige_day3	18321	3951	beige_day3	beige	day3	rep1	2.86556410676273	1	3	beige.day3	day3.rep1	1	3	NA	t1	day3	6.95767732113138	0.808062500067168	beige	beige.day3
beige_day3	18369	3737	beige_day3	beige	day3	rep1	2.79274865262126	1	1	beige.day3	day3.rep1	1	1	NA	t1	day3	12.5864334995758	0.652635503126865	beige	beige.day3
beige_day3	21796	3835	beige_day3	beige	day3	rep1	0.844191594788035	1	1	beige.day3	day3.rep1	1	1	NA	t1	day3	10.4969098577945	0.7103335760904	beige	beige.day3
beige_day3	46864	6306	beige_day3	beige	day3	rep1	2.31094230112666	1	1	beige.day3	day3.rep1	1	1	NA	t1	day3	6.95767873269221	0.808062461089701	beige	beige.day3
beige_day3	19947	3966	beige_day3	beige	day3	rep1	1.45886599488645	1	1	beige.day3	day3.rep1	1	1	NA	t1	day3	13.8105891647536	0.618832859559769	beige	beige.day3
beige_day3	22288	4108	beige_day3	beige	day3	rep1	1.01399856424982	1	1	beige.day3	day3.rep1	1	1	NA	t1	day3	8.49173127253979	0.765702626721631	beige	beige.day3
beige_day3	49893	6709	beige_day3	beige	day3	rep1	0.659411139839256	5	1	beige.day3	day3.rep1	5	1	NA	t5	day3	12.4407926724478	0.656657087234397	beige	beige.day3
beige_day3	9502	2819	beige_day3	beige	day3	rep1	3.11513365607241	2	3	beige.day3	day3.rep1	2	3	NA	t2	day3	4.88726036741448	0.865232979535235	beige	beige.day3
beige_day3	40373	5294	beige_day3	beige	day3	rep1	1.87006167488173	2	3	beige.day3	day3.rep1	2	3	NA	t2	day3	3.9767829714314	0.890374016551833	beige	beige.day3
beige_day3	26375	4203	beige_day3	beige	day3	rep1	1.8085308056872	4	3	beige.day3	day3.rep1	4	3	NA	t4	day3	2.39433807506062	0.934070110372404	beige	beige.day3
beige_day3	35634	4495	beige_day3	beige	day3	rep1	1.93074030420385	4	3	beige.day3	day3.rep1	4	3	NA	t4	day3	2.2157252676064	0.939002150666492	beige	beige.day3
beige_day3	26684	4363	beige_day3	beige	day3	rep1	2.00869434867336	4	3	beige.day3	day3.rep1	4	3	NA	t4	day3	1.9894130059939	0.945251317281295	beige	beige.day3
beige_day3	26416	4257	beige_day3	beige	day3	rep1	2.24485160508783	4	3	beige.day3	day3.rep1	4	3	NA	t4	day3	4.08205846567173	0.887467041475556	beige	beige.day3
beige_day3	14245	3374	beige_day3	beige	day3	rep1	2.34468234468235	5	5	beige.day3	day3.rep1	5	5	NA	t5	day3	11.5870050328323	0.680232748471665	beige	beige.day3
beige_day3	19344	3681	beige_day3	beige	day3	rep1	0.558312655086849	2	1	beige.day3	day3.rep1	2	1	NA	t2	day3	6.95767979136284	0.8080624318566	beige	beige.day3
beige_day3	20765	3673	beige_day3	beige	day3	rep1	1.96002889477486	2	3	beige.day3	day3.rep1	2	3	NA	t2	day3	2.90203573826898	0.920051041035509	beige	beige.day3
beige_day3	19839	3794	beige_day3	beige	day3	rep1	2.41947678814456	1	4	beige.day3	day3.rep1	1	4	NA	t1	day3	15.0982261414328	0.583277304817326	beige	beige.day3
beige_day3	15621	3115	beige_day3	beige	day3	rep1	1.24831956980987	1	1	beige.day3	day3.rep1	1	1	NA	t1	day3	12.9054128185151	0.643827518546068	beige	beige.day3
beige_day3	13898	3441	beige_day3	beige	day3	rep1	2.55432436321773	1	4	beige.day3	day3.rep1	1	4	NA	t1	day3	12.9054131714053	0.643827508801701	beige	beige.day3
beige_day3	44525	5589	beige_day3	beige	day3	rep1	2.38966872543515	4	3	beige.day3	day3.rep1	4	3	NA	t4	day3	1.98941441755474	0.945251278303827	beige	beige.day3
beige_day3	26674	4262	beige_day3	beige	day3	rep1	0.888505660943241	1	1	beige.day3	day3.rep1	1	1	NA	t1	day3	8.83573403032578	0.756203669245623	beige	beige.day3
beige_day3	62164	7011	beige_day3	beige	day3	rep1	1.40756708062544	1	1	beige.day3	day3.rep1	1	1	NA	t1	day3	10.4969147982574	0.710333439669263	beige	beige.day3
beige_day3	15269	3314	beige_day3	beige	day3	rep1	1.48012312528653	2	3	beige.day3	day3.rep1	2	3	NA	t2	day3	6.95768226159431	0.808062363646031	beige	beige.day3
beige_day3	41864	6173	beige_day3	beige	day3	rep1	2.19520351614752	2	1	beige.day3	day3.rep1	2	1	NA	t2	day3	6.95768261448452	0.808062353901664	beige	beige.day3
beige_day3	22548	3534	beige_day3	beige	day3	rep1	1.70746851161966	5	5	beige.day3	day3.rep1	5	5	NA	t5	day3	13.3670771050672	0.631079570086662	beige	beige.day3
beige_day3	21987	3886	beige_day3	beige	day3	rep1	1.58275344521763	1	1	beige.day3	day3.rep1	1	1	NA	t1	day3	12.9054156416368	0.643827440591132	beige	beige.day3
beige_day3	20957	3672	beige_day3	beige	day3	rep1	2.03273369279954	1	1	beige.day3	day3.rep1	1	1	NA	t1	day3	11.3113929126875	0.687843233416546	beige	beige.day3
beige_day3	20542	4072	beige_day3	beige	day3	rep1	1.28517184305326	1	1	beige.day3	day3.rep1	1	1	NA	t1	day3	12.1890840679115	0.663607523754801	beige	beige.day3
beige_day3	9408	2689	beige_day3	beige	day3	rep1	3.41198979591837	5	5	beige.day3	day3.rep1	5	5	NA	t5	day3	7.55761271566646	0.791496467754759	beige	beige.day3
beige_day3	19553	3897	beige_day3	beige	day3	rep1	2.24006546310029	4	6	beige.day3	day3.rep1	4	6	NA	t4	day3	0.0326249621565557	0.999284158580593	beige	beige.day3
beige_day3	13346	3783	beige_day3	beige	day3	rep1	1.19886108197213	2	3	beige.day3	day3.rep1	2	3	NA	t2	day3	5.65559810367463	0.844016848795703	beige	beige.day3
beige_day3	24240	4277	beige_day3	beige	day3	rep1	1.58003300330033	2	1	beige.day3	day3.rep1	2	1	NA	t2	day3	9.08315329898999	0.749371674272931	beige	beige.day3
beige_day3	27416	4394	beige_day3	beige	day3	rep1	0.696673475342866	1	1	beige.day3	day3.rep1	1	1	NA	t1	day3	8.49173586011251	0.765702500044861	beige	beige.day3
beige_day3	24715	4319	beige_day3	beige	day3	rep1	3.17216265425855	4	6	beige.day3	day3.rep1	4	6	NA	t4	day3	0.0326235505957186	0.99928419755806	beige	beige.day3
beige_day3	10110	2895	beige_day3	beige	day3	rep1	2.69040553907023	2	1	beige.day3	day3.rep1	2	1	NA	t2	day3	6.95768649627682	0.808062246713628	beige	beige.day3
beige_day3	26997	4310	beige_day3	beige	day3	rep1	1.89280290402637	2	3	beige.day3	day3.rep1	2	3	NA	t2	day3	1.73959202068954	0.952149630920678	beige	beige.day3
beige_day3	22764	3999	beige_day3	beige	day3	rep1	1.33544192584783	1	1	beige.day3	day3.rep1	1	1	NA	t1	day3	11.3113946771386	0.687843184694711	beige	beige.day3
beige_day3	35270	5299	beige_day3	beige	day3	rep1	2.20584065778282	5	5	beige.day3	day3.rep1	5	5	NA	t5	day3	12.4407972600205	0.656656960557627	beige	beige.day3
beige_day3	23328	4434	beige_day3	beige	day3	rep1	2.50342935528121	2	1	beige.day3	day3.rep1	2	1	NA	t2	day3	6.99598948253565	0.807004585315742	beige	beige.day3
beige_day3	28028	4484	beige_day3	beige	day3	rep1	2.0586556300842	1	4	beige.day3	day3.rep1	1	4	NA	t1	day3	17.3351228418877	0.521509815589631	beige	beige.day3
beige_day3	22449	4064	beige_day3	beige	day3	rep1	1.1359080582654	1	1	beige.day3	day3.rep1	1	1	NA	t1	day3	13.3767044858634	0.630813728959755	beige	beige.day3
beige_day3	19211	3899	beige_day3	beige	day3	rep1	2.25912237780438	2	3	beige.day3	day3.rep1	2	3	NA	t2	day3	4.21797524761484	0.883713967691314	beige	beige.day3
beige_day3	30688	4833	beige_day3	beige	day3	rep1	2.36248696558916	2	3	beige.day3	day3.rep1	2	3	NA	t2	day3	4.85885603165817	0.866017309228462	beige	beige.day3
beige_day3	14585	3051	beige_day3	beige	day3	rep1	2.74940006856359	5	5	beige.day3	day3.rep1	5	5	NA	t5	day3	2.90203926717107	0.92005094359184	beige	beige.day3
beige_day3	15841	3770	beige_day3	beige	day3	rep1	1.82437977400417	5	5	beige.day3	day3.rep1	5	5	NA	t5	day3	12.8979375655336	0.644033932909286	beige	beige.day3
beige_day3	45481	5772	beige_day3	beige	day3	rep1	1.60286713132957	2	3	beige.day3	day3.rep1	2	3	NA	t2	day3	2.90203962006128	0.920050933847473	beige	beige.day3
beige_day3	24039	3877	beige_day3	beige	day3	rep1	1.42684803860394	1	4	beige.day3	day3.rep1	1	4	NA	t1	day3	12.9054205820997	0.643827304169995	beige	beige.day3
beige_day3	23233	4041	beige_day3	beige	day3	rep1	1.25683295312702	2	3	beige.day3	day3.rep1	2	3	NA	t2	day3	4.38625171727915	0.879067344972817	beige	beige.day3
beige_day3	28928	4388	beige_day3	beige	day3	rep1	3.13537057522124	2	1	beige.day3	day3.rep1	2	1	NA	t2	day3	6.95768826072787	0.808062197991794	beige	beige.day3
beige_day3	20360	4185	beige_day3	beige	day3	rep1	1.59626719056974	2	3	beige.day3	day3.rep1	2	3	NA	t2	day3	5.9082653395754	0.837039941561445	beige	beige.day3
beige_day3	25504	4423	beige_day3	beige	day3	rep1	1.14883939774153	1	1	beige.day3	day3.rep1	1	1	NA	t1	day3	12.9054216407703	0.643827274936895	beige	beige.day3
beige_day3	22776	4344	beige_day3	beige	day3	rep1	1.53670530382859	1	4	beige.day3	day3.rep1	1	4	NA	t1	day3	15.6931773119898	0.566848902016736	beige	beige.day3
beige_day3	32376	4802	beige_day3	beige	day3	rep1	0.6548060291574	5	5	beige.day3	day3.rep1	5	5	NA	t5	day3	12.4589025286078	0.656157019285327	beige	beige.day3
beige_day3	34369	5327	beige_day3	beige	day3	rep1	2.32185981553144	4	6	beige.day3	day3.rep1	4	6	NA	t4	day3	0.0326175514621609	0.999284363212298	beige	beige.day3
beige_day3	23452	3862	beige_day3	beige	day3	rep1	1.68002728978339	4	6	beige.day3	day3.rep1	4	6	NA	t4	day3	0.627099495616248	0.982868917173092	beige	beige.day3
beige_day3	6495	2109	beige_day3	beige	day3	rep1	2.58660508083141	5	3	beige.day3	day3.rep1	5	3	NA	t5	day3	2.90204173740254	0.920050875381272	beige	beige.day3
beige_day3	25460	4394	beige_day3	beige	day3	rep1	1.38648860958366	1	4	beige.day3	day3.rep1	1	4	NA	t1	day3	15.0982307290055	0.583277178140556	beige	beige.day3
beige_day3	27783	4686	beige_day3	beige	day3	rep1	2.0372170032034	1	4	beige.day3	day3.rep1	1	4	NA	t1	day3	15.0982324934566	0.583277129418722	beige	beige.day3
beige_day3	15129	3318	beige_day3	beige	day3	rep1	3.12644589860533	5	5	beige.day3	day3.rep1	5	5	NA	t5	day3	2.90204279607317	0.920050846148171	beige	beige.day3
beige_day3	25318	4343	beige_day3	beige	day3	rep1	3.55083339916265	4	3	beige.day3	day3.rep1	4	3	NA	t4	day3	1.98941971090788	0.945251132138323	beige	beige.day3
beige_day3	17112	3865	beige_day3	beige	day3	rep1	2.64142122487144	1	1	beige.day3	day3.rep1	1	1	NA	t1	day3	12.9054241110018	0.643827206726326	beige	beige.day3
beige_day3	29406	5023	beige_day3	beige	day3	rep1	3.27484186900633	2	3	beige.day3	day3.rep1	2	3	NA	t2	day3	4.50518123711342	0.87578334091768	beige	beige.day3
beige_day3	27379	4674	beige_day3	beige	day3	rep1	1.5778516381168	5	5	beige.day3	day3.rep1	5	5	NA	t5	day3	5.55088487519869	0.846908298012186	beige	beige.day3
beige_day3	24121	4257	beige_day3	beige	day3	rep1	2.19310973840222	5	5	beige.day3	day3.rep1	5	5	NA	t5	day3	11.462405857017	0.683673308891101	beige	beige.day3
beige_day3	6979	2219	beige_day3	beige	day3	rep1	2.56483736925061	5	5	beige.day3	day3.rep1	5	5	NA	t5	day3	12.4408022004834	0.65665682413649	beige	beige.day3
beige_day3	36489	5170	beige_day3	beige	day3	rep1	1.08525857107621	1	1	beige.day3	day3.rep1	1	1	NA	t1	day3	12.9054251696724	0.643827177493226	beige	beige.day3
beige_day3	17891	3747	beige_day3	beige	day3	rep1	2.03454250740596	1	0	beige.day3	day3.rep1	1	0	NA	t1	day3	18.4489135214312	0.490754683362642	beige	beige.day3
beige_day3	32456	4727	beige_day3	beige	day3	rep1	2.14752280009859	2	1	beige.day3	day3.rep1	2	1	NA	t2	day3	6.9576932011908	0.808062061570657	beige	beige.day3
beige_day3	18814	3742	beige_day3	beige	day3	rep1	2.04634846390985	1	1	beige.day3	day3.rep1	1	1	NA	t1	day3	10.0122652823156	0.723716079890894	beige	beige.day3
beige_day3	19751	4103	beige_day3	beige	day3	rep1	2.09103336539922	1	4	beige.day3	day3.rep1	1	4	NA	t1	day3	15.0982346107978	0.58327707095252	beige	beige.day3
beige_day3	28250	4479	beige_day3	beige	day3	rep1	2.16283185840708	4	3	beige.day3	day3.rep1	4	3	NA	t4	day3	0.29114874982579	0.992145534223592	beige	beige.day3
beige_day3	23064	4496	beige_day3	beige	day3	rep1	1.80801248699272	5	5	beige.day3	day3.rep1	5	5	NA	t5	day3	12.4408029062639	0.656656804647756	beige	beige.day3
beige_day3	24902	4397	beige_day3	beige	day3	rep1	1.42558830616015	5	5	beige.day3	day3.rep1	5	5	NA	t5	day3	12.4408032591541	0.656656794903389	beige	beige.day3
beige_day3	18901	4593	beige_day3	beige	day3	rep1	1.84117242473943	1	4	beige.day3	day3.rep1	1	4	NA	t1	day3	14.9424657357186	0.587578321122683	beige	beige.day3
beige_day3	15474	3628	beige_day3	beige	day3	rep1	2.49450691482487	2	3	beige.day3	day3.rep1	2	3	NA	t2	day3	4.67876631082514	0.870990131571715	beige	beige.day3
beige_day3	18596	3169	beige_day3	beige	day3	rep1	1.20456012045601	5	0	beige.day3	day3.rep1	5	0	NA	t5	day3	18.1264556024894	0.499658722619605	beige	beige.day3
beige_day3	18802	3491	beige_day3	beige	day3	rep1	2.65929156472716	5	5	beige.day3	day3.rep1	5	5	NA	t5	day3	7.55761553878814	0.791496389799824	beige	beige.day3
beige_day3	25925	4038	beige_day3	beige	day3	rep1	1.09546769527483	5	5	beige.day3	day3.rep1	5	5	NA	t5	day3	12.4549969113087	0.656264865201681	beige	beige.day3
beige_day3	17102	3354	beige_day3	beige	day3	rep1	1.52613729388376	1	4	beige.day3	day3.rep1	1	4	NA	t1	day3	18.5153184094381	0.488921043389997	beige	beige.day3
beige_day3	23169	4211	beige_day3	beige	day3	rep1	1.3941041909448	2	1	beige.day3	day3.rep1	2	1	NA	t2	day3	8.07813836536298	0.777123178879225	beige	beige.day3
beige_day3	7469	2220	beige_day3	beige	day3	rep1	3.38733431516937	5	5	beige.day3	day3.rep1	5	5	NA	t5	day3	9.02537503465447	0.750967107052287	beige	beige.day3
beige_day3	35959	5402	beige_day3	beige	day3	rep1	0.764759865402264	1	1	beige.day3	day3.rep1	1	1	NA	t1	day3	11.3754152325728	0.686075383362029	beige	beige.day3
beige_day3	32443	4866	beige_day3	beige	day3	rep1	1.48876491076658	2	3	beige.day3	day3.rep1	2	3	NA	t2	day3	2.9860918794058	0.917729996531695	beige	beige.day3
beige_day3	28603	4410	beige_day3	beige	day3	rep1	1.08729853511869	2	3	beige.day3	day3.rep1	2	3	NA	t2	day3	5.48940010518529	0.848606078633302	beige	beige.day3
beige_day3	23348	4329	beige_day3	beige	day3	rep1	1.6532465307521	1	4	beige.day3	day3.rep1	1	4	NA	t1	day3	15.7187068261569	0.566143954849984	beige	beige.day3
beige_day3	26931	4537	beige_day3	beige	day3	rep1	0.504994244550889	1	4	beige.day3	day3.rep1	1	4	NA	t1	day3	22.8087444500889	0.37036655374286	beige	beige.day3
beige_day3	31250	4784	beige_day3	beige	day3	rep1	2.1376	4	6	beige.day3	day3.rep1	4	6	NA	t4	day3	0.0326101407677661	0.999284567844003	beige	beige.day3
beige_day3	21424	4146	beige_day3	beige	day3	rep1	2.11911874533234	2	1	beige.day3	day3.rep1	2	1	NA	t2	day3	6.95769778876353	0.808061934893887	beige	beige.day3
beige_day3	35250	5127	beige_day3	beige	day3	rep1	2.80567375886525	2	3	beige.day3	day3.rep1	2	3	NA	t2	day3	6.95769884743416	0.808061905660786	beige	beige.day3
beige_day3	27977	4322	beige_day3	beige	day3	rep1	1.74071558780427	4	6	beige.day3	day3.rep1	4	6	NA	t4	day3	1.04243598762571	0.971400219360248	beige	beige.day3
beige_day3	15784	3490	beige_day3	beige	day3	rep1	1.27977698935631	2	1	beige.day3	day3.rep1	2	1	NA	t2	day3	5.65437230373941	0.844050696842543	beige	beige.day3
beige_day3	21799	3884	beige_day3	beige	day3	rep1	3.45428689389422	2	3	beige.day3	day3.rep1	2	3	NA	t2	day3	4.04882917421384	0.888384602801366	beige	beige.day3
beige_day3	16834	3935	beige_day3	beige	day3	rep1	2.37614351906855	2	1	beige.day3	day3.rep1	2	1	NA	t2	day3	11.048405090077	0.695105123291391	beige	beige.day3
beige_day3	27255	4518	beige_day3	beige	day3	rep1	1.63272793982755	2	1	beige.day3	day3.rep1	2	1	NA	t2	day3	6.95770025899499	0.808061866683318	beige	beige.day3
beige_day3	20668	3898	beige_day3	beige	day3	rep1	2.78691697309851	1	1	beige.day3	day3.rep1	1	1	NA	t1	day3	7.924093519526	0.781376823383185	beige	beige.day3
beige_day3	10406	2839	beige_day3	beige	day3	rep1	1.89313857389967	1	4	beige.day3	day3.rep1	1	4	NA	t1	day3	16.7154604008334	0.538620571372339	beige	beige.day3
beige_day3	34125	5092	beige_day3	beige	day3	rep1	2.16849816849817	2	3	beige.day3	day3.rep1	2	3	NA	t2	day3	4.88726424920679	0.865232872347199	beige	beige.day3
beige_day3	23310	3957	beige_day3	beige	day3	rep1	1.87473187473187	2	1	beige.day3	day3.rep1	2	1	NA	t2	day3	8.49174150635586	0.76570234413499	beige	beige.day3
beige_day3	29252	4327	beige_day3	beige	day3	rep1	1.4460549706003	2	1	beige.day3	day3.rep1	2	1	NA	t2	day3	6.96755586025788	0.80778972369848	beige	beige.day3
beige_day3	15813	3628	beige_day3	beige	day3	rep1	2.08689053310567	2	3	beige.day3	day3.rep1	2	3	NA	t2	day3	7.55761730323919	0.791496341077989	beige	beige.day3
beige_day3	20651	4363	beige_day3	beige	day3	rep1	1.55440414507772	2	3	beige.day3	day3.rep1	2	3	NA	t2	day3	1.46419134978272	0.959754277112018	beige	beige.day3
beige_day3	34050	5271	beige_day3	beige	day3	rep1	2.34067547723935	2	3	beige.day3	day3.rep1	2	3	NA	t2	day3	5.90826886847749	0.837039844117775	beige	beige.day3
beige_day3	42761	5901	beige_day3	beige	day3	rep1	1.89892659198803	2	3	beige.day3	day3.rep1	2	3	NA	t2	day3	2.90204561919484	0.920050768193236	beige	beige.day3
beige_day3	20122	3803	beige_day3	beige	day3	rep1	2.15684325613756	1	4	beige.day3	day3.rep1	1	4	NA	t1	day3	15.8373198419334	0.562868690429972	beige	beige.day3
beige_day3	22639	4116	beige_day3	beige	day3	rep1	1.78011396263086	4	3	beige.day3	day3.rep1	4	3	NA	t4	day3	3.16117086341007	0.912895535800326	beige	beige.day3
beige_day3	13800	3128	beige_day3	beige	day3	rep1	1.61594202898551	1	4	beige.day3	day3.rep1	1	4	NA	t1	day3	16.0967652691842	0.555704616814223	beige	beige.day3
beige_day3	29397	5077	beige_day3	beige	day3	rep1	1.98659727183046	2	3	beige.day3	day3.rep1	2	3	NA	t2	day3	2.96302356344028	0.91836698256579	beige	beige.day3
beige_day3	22234	4195	beige_day3	beige	day3	rep1	3.58460016191419	4	6	beige.day3	day3.rep1	4	6	NA	t4	day3	0.521704959805811	0.985779179347471	beige	beige.day3
beige_day3	25625	4542	beige_day3	beige	day3	rep1	1.87707317073171	2	3	beige.day3	day3.rep1	2	3	NA	t2	day3	4.19750699821428	0.884279158016867	beige	beige.day3
beige_day3	18459	3835	beige_day3	beige	day3	rep1	1.75524134568503	5	5	beige.day3	day3.rep1	5	5	NA	t5	day3	12.4408067880562	0.65665669745972	beige	beige.day3
beige_day3	20572	3987	beige_day3	beige	day3	rep1	0.680536651759673	2	1	beige.day3	day3.rep1	2	1	NA	t2	day3	10.4969331485483	0.710332932962183	beige	beige.day3
beige_day3	34653	5129	beige_day3	beige	day3	rep1	1.44576227166479	1	1	beige.day3	day3.rep1	1	1	NA	t1	day3	12.905431168806	0.643827011838988	beige	beige.day3
beige_day3	23671	4253	beige_day3	beige	day3	rep1	2.04892062016814	4	6	beige.day3	day3.rep1	4	6	NA	t4	day3	0.0326037887439992	0.999284743242608	beige	beige.day3
beige_day3	45332	6186	beige_day3	beige	day3	rep1	1.64122474190417	1	1	beige.day3	day3.rep1	1	1	NA	t1	day3	9.99691706510564	0.724139890628774	beige	beige.day3
beige_day3	21705	3944	beige_day3	beige	day3	rep1	1.27159640635798	1	4	beige.day3	day3.rep1	1	4	NA	t1	day3	15.0982374339195	0.583276992997585	beige	beige.day3
beige_day3	38442	5427	beige_day3	beige	day3	rep1	1.78970917225951	2	3	beige.day3	day3.rep1	2	3	NA	t2	day3	4.16928946865709	0.885058329425454	beige	beige.day3
beige_day3	22270	4035	beige_day3	beige	day3	rep1	1.54916928603502	1	1	beige.day3	day3.rep1	1	1	NA	t1	day3	12.3800872421771	0.65833334792607	beige	beige.day3
beige_day3	16321	3540	beige_day3	beige	day3	rep1	3.17995220881073	4	6	beige.day3	day3.rep1	4	6	NA	t4	day3	0.0326016714027435	0.999284801708809	beige	beige.day3
beige_day3	41177	5589	beige_day3	beige	day3	rep1	1.59069383393642	4	6	beige.day3	day3.rep1	4	6	NA	t4	day3	0.0326013185125342	0.999284811453176	beige	beige.day3
beige_day3	17559	4418	beige_day3	beige	day3	rep1	1.28139415684264	1	4	beige.day3	day3.rep1	1	4	NA	t1	day3	18.718565139211	0.483308785931143	beige	beige.day3
beige_day3	37409	5081	beige_day3	beige	day3	rep1	1.20559223716218	4	6	beige.day3	day3.rep1	4	6	NA	t4	day3	0.237950833663209	0.993614489724684	beige	beige.day3
beige_day3	15583	3124	beige_day3	beige	day3	rep1	1.86741962394918	1	4	beige.day3	day3.rep1	1	4	NA	t1	day3	14.5998609968449	0.597038675064566	beige	beige.day3
beige_day3	38008	5337	beige_day3	beige	day3	rep1	1.78120395706167	5	5	beige.day3	day3.rep1	5	5	NA	t5	day3	12.4550057335639	0.656264621592508	beige	beige.day3
beige_day3	29258	4298	beige_day3	beige	day3	rep1	1.79438102399344	2	3	beige.day3	day3.rep1	2	3	NA	t2	day3	1.98942323980997	0.945251034694654	beige	beige.day3
beige_day3	61300	7214	beige_day3	beige	day3	rep1	1.3278955954323	5	3	beige.day3	day3.rep1	5	3	NA	t5	day3	2.90204632497526	0.920050748704502	beige	beige.day3
beige_day3	31678	4784	beige_day3	beige	day3	rep1	2.76532609381905	2	3	beige.day3	day3.rep1	2	3	NA	t2	day3	7.25193962643004	0.799937027054063	beige	beige.day3
beige_day3	15571	3509	beige_day3	beige	day3	rep1	1.62481536189069	1	1	beige.day3	day3.rep1	1	1	NA	t1	day3	10.4969342072189	0.710332903729082	beige	beige.day3
beige_day3	35340	5612	beige_day3	beige	day3	rep1	2.32597623089983	2	3	beige.day3	day3.rep1	2	3	NA	t2	day3	1.79875676936296	0.950515913111714	beige	beige.day3
beige_day3	18697	3862	beige_day3	beige	day3	rep1	3.09140503824143	1	1	beige.day3	day3.rep1	1	1	NA	t1	day3	12.6946824322976	0.649646422413194	beige	beige.day3
beige_day3	22648	4218	beige_day3	beige	day3	rep1	1.16125044154009	1	4	beige.day3	day3.rep1	1	4	NA	t1	day3	17.3351246063388	0.521509766867797	beige	beige.day3
beige_day3	18117	3637	beige_day3	beige	day3	rep1	2.10851686261522	1	1	beige.day3	day3.rep1	1	1	NA	t1	day3	10.4969363245602	0.710332845262881	beige	beige.day3
beige_day3	22891	3949	beige_day3	beige	day3	rep1	2.27163514044821	1	1	beige.day3	day3.rep1	1	1	NA	t1	day3	10.4969370303406	0.710332825774147	beige	beige.day3
beige_day3	31851	4718	beige_day3	beige	day3	rep1	3.01403409626071	4	3	beige.day3	day3.rep1	4	3	NA	t4	day3	1.56322881212795	0.957019552979561	beige	beige.day3
beige_day3	18078	3408	beige_day3	beige	day3	rep1	0.61400597411218	1	4	beige.day3	day3.rep1	1	4	NA	t1	day3	14.6626614203357	0.595304565268315	beige	beige.day3
beige_day3	32505	5101	beige_day3	beige	day3	rep1	1.55053068758653	2	3	beige.day3	day3.rep1	2	3	NA	t2	day3	5.80930857067018	0.839772437503755	beige	beige.day3
beige_day3	25136	4223	beige_day3	beige	day3	rep1	2.13637810311903	4	6	beige.day3	day3.rep1	4	6	NA	t4	day3	0.0325963780496044	0.999284947874313	beige	beige.day3
beige_day3	24899	4261	beige_day3	beige	day3	rep1	2.22900518093096	4	6	beige.day3	day3.rep1	4	6	NA	t4	day3	0.00670091490867986	1	beige	beige.day3
beige_day3	33342	4709	beige_day3	beige	day3	rep1	1.46062023873793	1	1	beige.day3	day3.rep1	1	1	NA	t1	day3	8.49174503525796	0.765702246691321	beige	beige.day3
beige_day3	16617	3875	beige_day3	beige	day3	rep1	2.8404645844617	1	4	beige.day3	day3.rep1	1	4	NA	t1	day3	13.2927176757444	0.633132859024296	beige	beige.day3
beige_day3	22705	3847	beige_day3	beige	day3	rep1	1.81898260295089	1	1	beige.day3	day3.rep1	1	1	NA	t1	day3	12.9054350505983	0.643826904650952	beige	beige.day3
beige_day3	40023	5940	beige_day3	beige	day3	rep1	1.76898283486995	2	3	beige.day3	day3.rep1	2	3	NA	t2	day3	4.88726601365784	0.865232823625364	beige	beige.day3
beige_day3	31669	4616	beige_day3	beige	day3	rep1	1.01360952350879	2	1	beige.day3	day3.rep1	2	1	NA	t2	day3	6.9577080225796	0.808061652307246	beige	beige.day3
beige_day3	18012	3954	beige_day3	beige	day3	rep1	3.01465689540306	1	1	beige.day3	day3.rep1	1	1	NA	t1	day3	10.4969416179133	0.710332699097377	beige	beige.day3
beige_day3	21434	3895	beige_day3	beige	day3	rep1	2.69665018195391	5	3	beige.day3	day3.rep1	5	3	NA	t5	day3	5.85140102130422	0.838610137523351	beige	beige.day3
beige_day3	12788	3256	beige_day3	beige	day3	rep1	1.93149827963716	1	1	beige.day3	day3.rep1	1	1	NA	t1	day3	10.4969423236938	0.710332679608643	beige	beige.day3
beige_day3	28215	4164	beige_day3	beige	day3	rep1	2.25412014885699	1	4	beige.day3	day3.rep1	1	4	NA	t1	day3	14.9958682299896	0.586103716600736	beige	beige.day3
beige_day3	20596	3865	beige_day3	beige	day3	rep1	2.34997086812973	2	3	beige.day3	day3.rep1	2	3	NA	t2	day3	3.40134609213171	0.906263570698939	beige	beige.day3
beige_day3	25347	4734	beige_day3	beige	day3	rep1	1.29009350218961	5	6	beige.day3	day3.rep1	5	6	NA	t5	day3	0.0325910846964652	0.999285094039816	beige	beige.day3
beige_day3	22283	4227	beige_day3	beige	day3	rep1	1.06359107840057	5	5	beige.day3	day3.rep1	5	5	NA	t5	day3	12.4550149087094	0.656264368238968	beige	beige.day3
beige_day3	47949	6123	beige_day3	beige	day3	rep1	1.25967173455129	1	1	beige.day3	day3.rep1	1	1	NA	t1	day3	10.4969440881448	0.710332630886808	beige	beige.day3
beige_day3	21399	3907	beige_day3	beige	day3	rep1	0.794429646245152	4	3	beige.day3	day3.rep1	4	3	NA	t4	day3	4.02292941785986	0.889099773475662	beige	beige.day3
beige_day3	22859	4030	beige_day3	beige	day3	rep1	2.46729953191303	1	1	beige.day3	day3.rep1	1	1	NA	t1	day3	12.497772928644	0.655083689875425	beige	beige.day3
beige_day3	16763	3381	beige_day3	beige	day3	rep1	1.38400047724154	4	6	beige.day3	day3.rep1	4	6	NA	t4	day3	0.0325903789160467	0.99928511352855	beige	beige.day3
beige_day3	15671	3651	beige_day3	beige	day3	rep1	1.3974858017995	1	4	beige.day3	day3.rep1	1	4	NA	t1	day3	18.5522061769647	0.487902460465326	beige	beige.day3
beige_day3	20092	3942	beige_day3	beige	day3	rep1	3.01114871590683	2	3	beige.day3	day3.rep1	2	3	NA	t2	day3	4.08206340613467	0.887466905054419	beige	beige.day3
beige_day3	15627	3887	beige_day3	beige	day3	rep1	4.10187496000512	1	4	beige.day3	day3.rep1	1	4	NA	t1	day3	12.7452342431863	0.648250533888759	beige	beige.day3
beige_day3	29104	4770	beige_day3	beige	day3	rep1	2.06157229246839	2	1	beige.day3	day3.rep1	2	1	NA	t2	day3	8.9225232757287	0.75380715545962	beige	beige.day3
beige_day3	28062	4798	beige_day3	beige	day3	rep1	2.17732164492909	2	5	beige.day3	day3.rep1	2	5	NA	t2	day3	12.4408131400799	0.656656522061116	beige	beige.day3
beige_day3	22411	3548	beige_day3	beige	day3	rep1	1.3386283521485	1	1	beige.day3	day3.rep1	1	1	NA	t1	day3	10.4969465583763	0.71033256267624	beige	beige.day3
beige_day3	18137	3714	beige_day3	beige	day3	rep1	2.56381981584606	2	3	beige.day3	day3.rep1	2	3	NA	t2	day3	2.94482820309478	0.918869411544252	beige	beige.day3
beige_day3	18428	3602	beige_day3	beige	day3	rep1	2.54504015628392	2	3	beige.day3	day3.rep1	2	3	NA	t2	day3	1.47366761396989	0.959492608772134	beige	beige.day3
beige_day3	33497	4921	beige_day3	beige	day3	rep1	1.89867749350688	4	6	beige.day3	day3.rep1	4	6	NA	t4	day3	0.832013576317585	0.977210619107853	beige	beige.day3
beige_day3	14591	3028	beige_day3	beige	day3	rep1	2.17942567336029	1	4	beige.day3	day3.rep1	1	4	NA	t1	day3	20.0887453613621	0.445473962313895	beige	beige.day3
beige_day3	28575	4443	beige_day3	beige	day3	rep1	1.29483814523185	2	3	beige.day3	day3.rep1	2	3	NA	t2	day3	3.08113042930457	0.915105694477025	beige	beige.day3
beige_day3	30715	4553	beige_day3	beige	day3	rep1	1.82321341364154	4	3	beige.day3	day3.rep1	4	3	NA	t4	day3	1.98942641582185	0.945250946995352	beige	beige.day3
beige_day3	36360	5664	beige_day3	beige	day3	rep1	1.15236523652365	5	5	beige.day3	day3.rep1	5	5	NA	t5	day3	12.4550187905017	0.656264261050932	beige	beige.day3
beige_day3	32221	4849	beige_day3	beige	day3	rep1	0.775891499332733	2	1	beige.day3	day3.rep1	2	1	NA	t2	day3	8.49174891705026	0.765702139503285	beige	beige.day3
beige_day3	21606	4096	beige_day3	beige	day3	rep1	2.73535129130797	2	3	beige.day3	day3.rep1	2	3	NA	t2	day3	5.76067368138163	0.84111539402008	beige	beige.day3
beige_day3	42866	6026	beige_day3	beige	day3	rep1	1.19441981990389	2	3	beige.day3	day3.rep1	2	3	NA	t2	day3	5.52673164843424	0.847575241717581	beige	beige.day3
beige_day3	21892	4015	beige_day3	beige	day3	rep1	1.63073268773981	2	3	beige.day3	day3.rep1	2	3	NA	t2	day3	3.06563310614076	0.915533622481651	beige	beige.day3
beige_day3	16258	3534	beige_day3	beige	day3	rep1	1.63611760364128	1	1	beige.day3	day3.rep1	1	1	NA	t1	day3	10.4969500872784	0.710332465232571	beige	beige.day3
beige_day3	28927	4460	beige_day3	beige	day3	rep1	2.16061119369447	4	6	beige.day3	day3.rep1	4	6	NA	t4	day3	0.0325886144650003	0.999285162250385	beige	beige.day3
beige_day3	27837	4119	beige_day3	beige	day3	rep1	0.937601034594245	4	6	beige.day3	day3.rep1	4	6	NA	t4	day3	0.0325875557943724	0.999285191483486	beige	beige.day3
beige_day3	63618	6846	beige_day3	beige	day3	rep1	1.16319280706718	2	5	beige.day3	day3.rep1	2	5	NA	t2	day3	7.55762118503149	0.791496233889953	beige	beige.day3
beige_day3	21926	4088	beige_day3	beige	day3	rep1	1.78783179786555	5	5	beige.day3	day3.rep1	5	5	NA	t5	day3	10.368748082698	0.713872510660361	beige	beige.day3
beige_day3	16170	3658	beige_day3	beige	day3	rep1	2.30674087816945	1	4	beige.day3	day3.rep1	1	4	NA	t1	day3	14.9003375117184	0.588741608914016	beige	beige.day3
beige_day3	30810	5340	beige_day3	beige	day3	rep1	2.11295034079844	1	0	beige.day3	day3.rep1	1	0	NA	t1	day3	21.8648637052527	0.396429958336839	beige	beige.day3
beige_day3	9152	2304	beige_day3	beige	day3	rep1	2.29458041958042	1	1	beige.day3	day3.rep1	1	1	NA	t1	day3	8.49174926994047	0.765702129758918	beige	beige.day3
beige_day3	26754	4811	beige_day3	beige	day3	rep1	3.82372729311505	2	3	beige.day3	day3.rep1	2	3	NA	t2	day3	4.08206411191509	0.887466885565685	beige	beige.day3
beige_day3	39311	5580	beige_day3	beige	day3	rep1	1.83663605606573	1	1	beige.day3	day3.rep1	1	1	NA	t1	day3	8.6706282887051	0.760762738564699	beige	beige.day3
beige_day3	23009	4702	beige_day3	beige	day3	rep1	0.234690773175714	5	5	beige.day3	day3.rep1	5	5	NA	t5	day3	12.4550212607331	0.656264192840363	beige	beige.day3
beige_day3	28913	4652	beige_day3	beige	day3	rep1	1.14481375159963	5	3	beige.day3	day3.rep1	5	3	NA	t5	day3	7.5576215379217	0.791496224145586	beige	beige.day3
beige_day3	28267	4471	beige_day3	beige	day3	rep1	1.36908762868362	1	4	beige.day3	day3.rep1	1	4	NA	t1	day3	14.4287372603529	0.601763919439161	beige	beige.day3
beige_day3	29035	4795	beige_day3	beige	day3	rep1	1.27432409161357	1	0	beige.day3	day3.rep1	1	0	NA	t1	day3	21.6036901957606	0.403641749534364	beige	beige.day3
beige_day3	6063	2043	beige_day3	beige	day3	rep1	3.00181428335807	1	1	beige.day3	day3.rep1	1	1	NA	t1	day3	10.4969522046196	0.710332406766369	beige	beige.day3
beige_day3	18085	3622	beige_day3	beige	day3	rep1	1.82471661598009	2	1	beige.day3	day3.rep1	2	1	NA	t2	day3	10.4969532632903	0.710332377533268	beige	beige.day3
beige_day3	25197	5671	beige_day3	beige	day3	rep1	1.47636623407549	5	5	beige.day3	day3.rep1	5	5	NA	t5	day3	12.455022672294	0.656264153862896	beige	beige.day3
beige_day3	17635	3494	beige_day3	beige	day3	rep1	1.06606180890275	1	1	beige.day3	day3.rep1	1	1	NA	t1	day3	12.9054414026221	0.643826729252347	beige	beige.day3
beige_day3	18820	3619	beige_day3	beige	day3	rep1	2.51328374070138	1	1	beige.day3	day3.rep1	1	1	NA	t1	day3	12.8297199664073	0.645917627323211	beige	beige.day3
beige_day3	19073	3521	beige_day3	beige	day3	rep1	1.87175588528286	1	1	beige.day3	day3.rep1	1	1	NA	t1	day3	8.49175174017194	0.76570206154835	beige	beige.day3
beige_day3	29074	4592	beige_day3	beige	day3	rep1	2.47299993121002	4	6	beige.day3	day3.rep1	4	6	NA	t4	day3	0.0325850855629075	0.999285259694054	beige	beige.day3
beige_day3	12504	2925	beige_day3	beige	day3	rep1	1.24760076775432	1	1	beige.day3	day3.rep1	1	1	NA	t1	day3	6.27855491166408	0.826815125569511	beige	beige.day3
beige_day3	12851	3370	beige_day3	beige	day3	rep1	2.36557466345032	1	1	beige.day3	day3.rep1	1	1	NA	t1	day3	10.1802027696202	0.719078817501486	beige	beige.day3
beige_day3	20256	3987	beige_day3	beige	day3	rep1	3.7272906793049	5	5	beige.day3	day3.rep1	5	5	NA	t5	day3	12.4408163160918	0.656656434361813	beige	beige.day3
beige_day3	21745	4434	beige_day3	beige	day3	rep1	1.91768222579903	1	1	beige.day3	day3.rep1	1	1	NA	t1	day3	12.6162353521693	0.651812583763328	beige	beige.day3
beige_day3	29978	4704	beige_day3	beige	day3	rep1	0.640469677763693	1	1	beige.day3	day3.rep1	1	1	NA	t1	day3	12.9054424612927	0.643826700019246	beige	beige.day3
beige_day3	28263	4693	beige_day3	beige	day3	rep1	2.64303152531578	1	1	beige.day3	day3.rep1	1	1	NA	t1	day3	8.49175279884257	0.765702032315249	beige	beige.day3
beige_day3	27451	4520	beige_day3	beige	day3	rep1	2.90335506903209	4	6	beige.day3	day3.rep1	4	6	NA	t4	day3	0.0325829682216519	0.999285318160255	beige	beige.day3
beige_day3	15809	3443	beige_day3	beige	day3	rep1	1.55607565310899	1	1	beige.day3	day3.rep1	1	1	NA	t1	day3	12.2394482193432	0.662216817076042	beige	beige.day3
beige_day3	26107	4674	beige_day3	beige	day3	rep1	1.78879227793312	1	1	beige.day3	day3.rep1	1	1	NA	t1	day3	10.496957850863	0.710332250856498	beige	beige.day3
beige_day3	23283	4228	beige_day3	beige	day3	rep1	1.98857535540953	1	1	beige.day3	day3.rep1	1	1	NA	t1	day3	8.49175350462299	0.765702012826515	beige	beige.day3
beige_day3	28207	4391	beige_day3	beige	day3	rep1	2.48519870954019	4	6	beige.day3	day3.rep1	4	6	NA	t4	day3	0.0325804979901869	0.999285386370824	beige	beige.day3
beige_day3	26034	4854	beige_day3	beige	day3	rep1	2.30467849734962	5	5	beige.day3	day3.rep1	5	5	NA	t5	day3	12.5672742842356	0.653164547059424	beige	beige.day3
beige_day3	56294	7107	beige_day3	beige	day3	rep1	1.49749529257114	5	5	beige.day3	day3.rep1	5	5	NA	t5	day3	12.4408177276527	0.656656395384346	beige	beige.day3
beige_day3	27439	4385	beige_day3	beige	day3	rep1	1.11884543897372	2	1	beige.day3	day3.rep1	2	1	NA	t2	day3	6.95772037373694	0.808061311254404	beige	beige.day3
beige_day3	36726	4959	beige_day3	beige	day3	rep1	2.77460110003812	4	6	beige.day3	day3.rep1	4	6	NA	t4	day3	0.0325797922097684	0.999285405859558	beige	beige.day3
beige_day3	33037	4896	beige_day3	beige	day3	rep1	0.938341859127645	1	4	beige.day3	day3.rep1	1	4	NA	t1	day3	15.8789366500598	0.561719524379026	beige	beige.day3
beige_day3	12199	3385	beige_day3	beige	day3	rep1	2.45921796868596	1	4	beige.day3	day3.rep1	1	4	NA	t1	day3	13.8413898543166	0.617982359283917	beige	beige.day3
beige_day3	8619	2398	beige_day3	beige	day3	rep1	3.56189813203388	2	3	beige.day3	day3.rep1	2	3	NA	t2	day3	5.81459629875044	0.839626427324934	beige	beige.day3
beige_day3	20990	4043	beige_day3	beige	day3	rep1	1.20057170080991	1	1	beige.day3	day3.rep1	1	1	NA	t1	day3	12.4910219620218	0.65527010449977	beige	beige.day3
beige_day3	28425	4429	beige_day3	beige	day3	rep1	1.92436235708004	4	6	beige.day3	day3.rep1	4	6	NA	t4	day3	0.0325783806489313	0.999285444837025	beige	beige.day3
beige_day3	22417	3887	beige_day3	beige	day3	rep1	2.98880314047375	4	6	beige.day3	day3.rep1	4	6	NA	t4	day3	0.0325773219783034	0.999285474070126	beige	beige.day3
beige_day3	33818	5166	beige_day3	beige	day3	rep1	1.92501034951801	1	1	beige.day3	day3.rep1	1	1	NA	t1	day3	9.06635162312337	0.749835619404097	beige	beige.day3
beige_day3	27548	4075	beige_day3	beige	day3	rep1	1.1652388558153	1	1	beige.day3	day3.rep1	1	1	NA	t1	day3	10.4969610268749	0.710332163157196	beige	beige.day3
beige_day3	31751	4715	beige_day3	beige	day3	rep1	1.41097918175805	2	3	beige.day3	day3.rep1	2	3	NA	t2	day3	5.90827557339147	0.837039658974804	beige	beige.day3
beige_day3	40678	5357	beige_day3	beige	day3	rep1	1.93962338364718	4	6	beige.day3	day3.rep1	4	6	NA	t4	day3	0.032575557527257	0.999285522791961	beige	beige.day3
beige_day3	22928	3935	beige_day3	beige	day3	rep1	1.61374738311235	5	5	beige.day3	day3.rep1	5	5	NA	t5	day3	12.4550283185373	0.656263997953025	beige	beige.day3
beige_day3	32492	5274	beige_day3	beige	day3	rep1	1.38803397759448	5	3	beige.day3	day3.rep1	5	3	NA	t5	day3	5.42378074184595	0.850418027892008	beige	beige.day3
beige_day3	20531	3750	beige_day3	beige	day3	rep1	1.78754079197311	1	4	beige.day3	day3.rep1	1	4	NA	t1	day3	15.0982529610887	0.58327656424544	beige	beige.day3
beige_day3	20736	3734	beige_day3	beige	day3	rep1	2.61863425925926	4	6	beige.day3	day3.rep1	4	6	NA	t4	day3	0.674750922937495	0.98155311701873	beige	beige.day3
beige_day3	13597	3170	beige_day3	beige	day3	rep1	3.33897183202177	1	1	beige.day3	day3.rep1	1	1	NA	t1	day3	8.89734294683484	0.754502460563958	beige	beige.day3
beige_day3	23443	4310	beige_day3	beige	day3	rep1	2.57219639124685	2	1	beige.day3	day3.rep1	2	1	NA	t2	day3	6.95772354974882	0.808061223555102	beige	beige.day3
beige_day3	21409	4064	beige_day3	beige	day3	rep1	1.8450184501845	1	1	beige.day3	day3.rep1	1	1	NA	t1	day3	10.4540657027039	0.711516632906341	beige	beige.day3
beige_day3	33757	4736	beige_day3	beige	day3	rep1	1.09014426637438	2	1	beige.day3	day3.rep1	2	1	NA	t2	day3	4.67877407440975	0.870989917195643	beige	beige.day3
beige_day3	21851	4243	beige_day3	beige	day3	rep1	2.5353530730859	4	3	beige.day3	day3.rep1	4	3	NA	t4	day3	1.98943276784562	0.945250771596747	beige	beige.day3
beige_day3	31168	5059	beige_day3	beige	day3	rep1	2.46085728952772	5	5	beige.day3	day3.rep1	5	5	NA	t5	day3	12.4408205507743	0.65665631742941	beige	beige.day3
beige_day3	18549	3412	beige_day3	beige	day3	rep1	3.19693784031484	1	4	beige.day3	day3.rep1	1	4	NA	t1	day3	18.5116172075265	0.489023244778715	beige	beige.day3
beige_day3	31078	5475	beige_day3	beige	day3	rep1	2.37467018469657	2	1	beige.day3	day3.rep1	2	1	NA	t2	day3	7.89150028678889	0.782276821202296	beige	beige.day3
beige_day3	46047	5734	beige_day3	beige	day3	rep1	3.66581970595261	4	6	beige.day3	day3.rep1	4	6	NA	t4	day3	0.0325737930762107	0.999285571513795	beige	beige.day3
beige_day3	25065	4512	beige_day3	beige	day3	rep1	1.70357071613804	2	3	beige.day3	day3.rep1	2	3	NA	t2	day3	3.10908722698396	0.914333722664849	beige	beige.day3
beige_day3	30576	4754	beige_day3	beige	day3	rep1	1.0989010989011	1	4	beige.day3	day3.rep1	1	4	NA	t1	day3	14.9428820643343	0.587566825029332	beige	beige.day3
beige_day3	22783	3983	beige_day3	beige	day3	rep1	2.01904929113813	2	3	beige.day3	day3.rep1	2	3	NA	t2	day3	4.66086438316235	0.871484457985556	beige	beige.day3
beige_day3	18883	3397	beige_day3	beige	day3	rep1	2.06005401684054	1	1	beige.day3	day3.rep1	1	1	NA	t1	day3	10.4969652615574	0.710332046224793	beige	beige.day3
beige_day3	16420	3350	beige_day3	beige	day3	rep1	1.78440925700365	1	1	beige.day3	day3.rep1	1	1	NA	t1	day3	12.9054516364382	0.643826446665706	beige	beige.day3
beige_day3	18956	3631	beige_day3	beige	day3	rep1	1.66174298375185	2	1	beige.day3	day3.rep1	2	1	NA	t2	day3	6.96431891266158	0.807879105620204	beige	beige.day3
beige_day3	18142	3501	beige_day3	beige	day3	rep1	2.41979936059971	4	6	beige.day3	day3.rep1	4	6	NA	t4	day3	1.7623337692641	0.951521662400802	beige	beige.day3
beige_day3	30746	4342	beige_day3	beige	day3	rep1	1.91569635074481	1	1	beige.day3	day3.rep1	1	1	NA	t1	day3	8.84825687885496	0.755857875489716	beige	beige.day3
beige_day3	29614	4344	beige_day3	beige	day3	rep1	0.918484500574053	2	3	beige.day3	day3.rep1	2	3	NA	t2	day3	5.9155488960821	0.836838820518182	beige	beige.day3
beige_day3	21294	4140	beige_day3	beige	day3	rep1	0.953320184089415	1	1	beige.day3	day3.rep1	1	1	NA	t1	day3	10.4969659673378	0.710332026736059	beige	beige.day3
beige_day3	30059	4745	beige_day3	beige	day3	rep1	2.44519112412256	2	1	beige.day3	day3.rep1	2	1	NA	t2	day3	4.46579067883418	0.876871033471248	beige	beige.day3
beige_day3	16845	4001	beige_day3	beige	day3	rep1	1.92935589195607	5	5	beige.day3	day3.rep1	5	5	NA	t5	day3	12.4550343176709	0.656263832298787	beige	beige.day3
beige_day3	14844	3793	beige_day3	beige	day3	rep1	2.96416060361089	1	4	beige.day3	day3.rep1	1	4	NA	t1	day3	12.9054541066696	0.643826378455138	beige	beige.day3
beige_day3	19467	4024	beige_day3	beige	day3	rep1	1.17121282169826	2	3	beige.day3	day3.rep1	2	3	NA	t2	day3	5.53580758248066	0.847324627704726	beige	beige.day3
beige_day3	34073	5342	beige_day3	beige	day3	rep1	1.34710768056819	2	3	beige.day3	day3.rep1	2	3	NA	t2	day3	3.54951741114924	0.902172112050265	beige	beige.day3
beige_day3	21194	4569	beige_day3	beige	day3	rep1	2.7130319901859	1	1	beige.day3	day3.rep1	1	1	NA	t1	day3	12.8072125890758	0.646539124143597	beige	beige.day3
beige_day3	30130	5179	beige_day3	beige	day3	rep1	2.75141055426485	4	6	beige.day3	day3.rep1	4	6	NA	t4	day3	0.0325646179307695	0.999285824867335	beige	beige.day3
beige_day3	38394	5946	beige_day3	beige	day3	rep1	1.45074751263218	1	1	beige.day3	day3.rep1	1	1	NA	t1	day3	8.75916341545094	0.758318015709846	beige	beige.day3
beige_day3	20669	4530	beige_day3	beige	day3	rep1	2.8738690792975	1	4	beige.day3	day3.rep1	1	4	NA	t1	day3	18.7185676094425	0.483308717720575	beige	beige.day3
beige_day3	34320	5472	beige_day3	beige	day3	rep1	1.497668997669	1	1	beige.day3	day3.rep1	1	1	NA	t1	day3	11.3114066754057	0.687842853386236	beige	beige.day3
beige_day3	27537	4666	beige_day3	beige	day3	rep1	1.63416494171478	2	1	beige.day3	day3.rep1	2	1	NA	t2	day3	7.07094259498402	0.804934902989868	beige	beige.day3
beige_day3	13840	3309	beige_day3	beige	day3	rep1	2.57947976878613	1	5	beige.day3	day3.rep1	1	5	NA	t1	day3	10.4052365999687	0.712864952243832	beige	beige.day3
beige_day3	21912	4149	beige_day3	beige	day3	rep1	1.68400876232202	1	1	beige.day3	day3.rep1	1	1	NA	t1	day3	11.3114070282959	0.687842843641869	beige	beige.day3
beige_day3	18903	3473	beige_day3	beige	day3	rep1	0.931069142464159	5	5	beige.day3	day3.rep1	5	5	NA	t5	day3	12.4408247854568	0.656656200497007	beige	beige.day3
beige_day3	28247	4349	beige_day3	beige	day3	rep1	1.84090345877438	2	1	beige.day3	day3.rep1	2	1	NA	t2	day3	7.01982533788433	0.806346405195854	beige	beige.day3
beige_day3	24615	3963	beige_day3	beige	day3	rep1	1.13345521023766	2	3	beige.day3	day3.rep1	2	3	NA	t2	day3	4.82943148509861	0.866829810030255	beige	beige.day3
beige_day3	22233	5146	beige_day3	beige	day3	rep1	1.83960779022174	5	5	beige.day3	day3.rep1	5	5	NA	t5	day3	12.4550371407926	0.656263754343852	beige	beige.day3
beige_day3	17394	3537	beige_day3	beige	day3	rep1	2.2651489019202	4	6	beige.day3	day3.rep1	4	6	NA	t4	day3	0.0325625005895138	0.999285883333537	beige	beige.day3
beige_day3	17393	3431	beige_day3	beige	day3	rep1	2.73673316851607	1	4	beige.day3	day3.rep1	1	4	NA	t1	day3	14.3340605129033	0.604378231032994	beige	beige.day3
beige_day3	20548	4013	beige_day3	beige	day3	rep1	2.64745960677438	2	3	beige.day3	day3.rep1	2	3	NA	t2	day3	4.88726989545014	0.865232716437328	beige	beige.day3
beige_day3	26486	4250	beige_day3	beige	day3	rep1	1.44982254776108	4	6	beige.day3	day3.rep1	4	6	NA	t4	day3	0.874760685495917	0.976030242023318	beige	beige.day3
beige_day3	31251	4877	beige_day3	beige	day3	rep1	1.44955361428434	4	3	beige.day3	day3.rep1	4	3	NA	t4	day3	2.13729879779687	0.941167742903335	beige	beige.day3
beige_day3	19019	3843	beige_day3	beige	day3	rep1	2.66575529733424	1	1	beige.day3	day3.rep1	1	1	NA	t1	day3	9.98222170762383	0.724545673933283	beige	beige.day3
beige_day3	20620	3570	beige_day3	beige	day3	rep1	1.81862269641125	2	3	beige.day3	day3.rep1	2	3	NA	t2	day3	2.90206044058364	0.920050358929825	beige	beige.day3
beige_day3	21010	4063	beige_day3	beige	day3	rep1	2.87958115183246	2	3	beige.day3	day3.rep1	2	3	NA	t2	day3	4.5375138131415	0.874890540619341	beige	beige.day3
beige_day3	13664	3075	beige_day3	beige	day3	rep1	2.24677985948478	2	3	beige.day3	day3.rep1	2	3	NA	t2	day3	5.90827874940336	0.837039571275502	beige	beige.day3
beige_day3	14714	3144	beige_day3	beige	day3	rep1	1.47478591817317	2	1	beige.day3	day3.rep1	2	1	NA	t2	day3	6.95773131333343	0.808061009179029	beige	beige.day3
beige_day3	20946	3792	beige_day3	beige	day3	rep1	2.2629619020338	4	6	beige.day3	day3.rep1	4	6	NA	t4	day3	1.03411511680423	0.971629983791805	beige	beige.day3
beige_day3	30406	4862	beige_day3	beige	day3	rep1	1.64112346247451	2	3	beige.day3	day3.rep1	2	3	NA	t2	day3	5.62783218563603	0.844783549843184	beige	beige.day3
beige_day3	46929	5874	beige_day3	beige	day3	rep1	2.34396641735388	2	3	beige.day3	day3.rep1	2	3	NA	t2	day3	5.57348953903067	0.846284114817024	beige	beige.day3
beige_day3	21795	3772	beige_day3	beige	day3	rep1	1.92704748795595	1	1	beige.day3	day3.rep1	1	1	NA	t1	day3	12.9054576355717	0.643826281011469	beige	beige.day3
beige_day3	34129	5551	beige_day3	beige	day3	rep1	1.32438688505377	1	4	beige.day3	day3.rep1	1	4	NA	t1	day3	18.4557605223899	0.49056561693956	beige	beige.day3
beige_day3	26847	4337	beige_day3	beige	day3	rep1	1.73203709911722	2	1	beige.day3	day3.rep1	2	1	NA	t2	day3	8.49176091531739	0.76570180819481	beige	beige.day3
beige_day3	16586	3412	beige_day3	beige	day3	rep1	2.34535150126613	1	1	beige.day3	day3.rep1	1	1	NA	t1	day3	11.0949424775346	0.693820085149985	beige	beige.day3
beige_day3	19027	3835	beige_day3	beige	day3	rep1	2.19687812056551	1	4	beige.day3	day3.rep1	1	4	NA	t1	day3	15.0982607246733	0.583276349869368	beige	beige.day3
beige_day3	18437	3784	beige_day3	beige	day3	rep1	3.19466290611271	1	1	beige.day3	day3.rep1	1	1	NA	t1	day3	13.6715811290541	0.622671292217782	beige	beige.day3
beige_day3	24682	4387	beige_day3	beige	day3	rep1	2.60108581152257	1	1	beige.day3	day3.rep1	1	1	NA	t1	day3	8.49176232687822	0.765701769217342	beige	beige.day3
beige_day3	34817	4941	beige_day3	beige	day3	rep1	1.84105465720769	2	5	beige.day3	day3.rep1	2	5	NA	t2	day3	5.57624530800467	0.846208019693641	beige	beige.day3
beige_day3	16064	3184	beige_day3	beige	day3	rep1	1.45044820717131	1	4	beige.day3	day3.rep1	1	4	NA	t1	day3	15.0982610775635	0.583276340125001	beige	beige.day3
beige_day3	13691	3009	beige_day3	beige	day3	rep1	2.00861880067197	5	5	beige.day3	day3.rep1	5	5	NA	t5	day3	12.4550381994632	0.656263725110751	beige	beige.day3
beige_day3	29699	4620	beige_day3	beige	day3	rep1	2.01690292602445	2	3	beige.day3	day3.rep1	2	3	NA	t2	day3	1.73570865049405	0.952256862527156	beige	beige.day3
beige_day3	20716	3877	beige_day3	beige	day3	rep1	2.08534466113149	2	1	beige.day3	day3.rep1	2	1	NA	t2	day3	6.95773307778448	0.808060960457195	beige	beige.day3
beige_day3	18043	3539	beige_day3	beige	day3	rep1	1.8067948789004	5	5	beige.day3	day3.rep1	5	5	NA	t5	day3	12.4408283143589	0.656656103053338	beige	beige.day3
beige_day3	13180	3139	beige_day3	beige	day3	rep1	1.5402124430956	1	4	beige.day3	day3.rep1	1	4	NA	t1	day3	15.0982614304537	0.583276330380634	beige	beige.day3
beige_day3	24277	4535	beige_day3	beige	day3	rep1	1.92775054578408	2	3	beige.day3	day3.rep1	2	3	NA	t2	day3	4.88727130701098	0.86523267745986	beige	beige.day3
beige_day3	20009	3822	beige_day3	beige	day3	rep1	1.58428707081813	1	1	beige.day3	day3.rep1	1	1	NA	t1	day3	12.9054601058032	0.6438262128009	beige	beige.day3
beige_day3	29857	5063	beige_day3	beige	day3	rep1	1.58086880798473	5	5	beige.day3	day3.rep1	5	5	NA	t5	day3	1.76233729816619	0.951521564957133	beige	beige.day3
beige_day3	23758	4548	beige_day3	beige	day3	rep1	2.47495580436064	4	6	beige.day3	day3.rep1	4	6	NA	t4	day3	0.0325561485657468	0.999286058732141	beige	beige.day3
beige_day3	29163	4621	beige_day3	beige	day3	rep1	1.47790007886706	5	5	beige.day3	day3.rep1	5	5	NA	t5	day3	12.4822773130333	0.655511570729339	beige	beige.day3
beige_day3	44074	5987	beige_day3	beige	day3	rep1	1.42487634432999	2	3	beige.day3	day3.rep1	2	3	NA	t2	day3	5.94724574326469	0.835963574617687	beige	beige.day3
beige_day3	19547	3775	beige_day3	beige	day3	rep1	1.45290837468665	1	1	beige.day3	day3.rep1	1	1	NA	t1	day3	10.4969754953735	0.710331763638152	beige	beige.day3
beige_day3	24006	4490	beige_day3	beige	day3	rep1	2.72848454553028	2	3	beige.day3	day3.rep1	2	3	NA	t2	day3	4.49431856573955	0.876083292156793	beige	beige.day3
beige_day3	24932	4343	beige_day3	beige	day3	rep1	3.2929568426119	4	6	beige.day3	day3.rep1	4	6	NA	t4	day3	0.0209202182505757	0.999607361991362	beige	beige.day3
beige_day3	20813	3931	beige_day3	beige	day3	rep1	1.15312545043963	1	1	beige.day3	day3.rep1	1	1	NA	t1	day3	9.9969191824469	0.724139832162573	beige	beige.day3
beige_day3	35952	5156	beige_day3	beige	day3	rep1	1.91922563417891	5	5	beige.day3	day3.rep1	5	5	NA	t5	day3	12.4408311374806	0.656656025098403	beige	beige.day3
beige_day3	23512	4125	beige_day3	beige	day3	rep1	1.78206873086084	2	3	beige.day3	day3.rep1	2	3	NA	t2	day3	4.6156151435562	0.872733926465421	beige	beige.day3
beige_day3	26242	4304	beige_day3	beige	day3	rep1	0.666869903208597	4	6	beige.day3	day3.rep1	4	6	NA	t4	day3	1.58971959664343	0.95628806222862	beige	beige.day3
beige_day3	30642	4992	beige_day3	beige	day3	rep1	1.98094119182821	4	6	beige.day3	day3.rep1	4	6	NA	t4	day3	0.265511916502537	0.992853444797113	beige	beige.day3
beige_day3	17502	3354	beige_day3	beige	day3	rep1	0.95417666552394	1	1	beige.day3	day3.rep1	1	1	NA	t1	day3	10.4969776127147	0.710331705171951	beige	beige.day3
beige_day3	19714	3945	beige_day3	beige	day3	rep1	1.5521964086436	1	1	beige.day3	day3.rep1	1	1	NA	t1	day3	11.06940082665	0.694525367448248	beige	beige.day3
beige_day3	11875	3103	beige_day3	beige	day3	rep1	1.52421052631579	1	4	beige.day3	day3.rep1	1	4	NA	t1	day3	15.0982646064656	0.583276242681332	beige	beige.day3
beige_day3	27887	3884	beige_day3	beige	day3	rep1	1.20127658048553	2	3	beige.day3	day3.rep1	2	3	NA	t2	day3	4.10670379687012	0.886786509277087	beige	beige.day3
beige_day3	19280	3589	beige_day3	beige	day3	rep1	1.89315352697095	4	3	beige.day3	day3.rep1	4	3	NA	t4	day3	1.76233800394661	0.9515215454684	beige	beige.day3
beige_day3	37572	5790	beige_day3	beige	day3	rep1	1.10986905142127	5	5	beige.day3	day3.rep1	5	5	NA	t5	day3	12.4550424341457	0.656263608178348	beige	beige.day3
beige_day3	8678	2900	beige_day3	beige	day3	rep1	1.01405853883383	1	4	beige.day3	day3.rep1	1	4	NA	t1	day3	13.8342560465055	0.618179345312389	beige	beige.day3
beige_day3	6417	2206	beige_day3	beige	day3	rep1	3.67773102695964	2	3	beige.day3	day3.rep1	2	3	NA	t2	day3	6.03028756906947	0.833670538430634	beige	beige.day3
beige_day3	21400	4264	beige_day3	beige	day3	rep1	1.49065420560748	1	4	beige.day3	day3.rep1	1	4	NA	t1	day3	18.7185683152229	0.483308698231841	beige	beige.day3
beige_day3	30620	4655	beige_day3	beige	day3	rep1	3.14173742651862	4	6	beige.day3	day3.rep1	4	6	NA	t4	day3	0.0325497965419799	0.999286234130745	beige	beige.day3
beige_day3	19752	4112	beige_day3	beige	day3	rep1	2.01498582422033	1	4	beige.day3	day3.rep1	1	4	NA	t1	day3	14.652900422348	0.595574095970353	beige	beige.day3
beige_day3	26152	5134	beige_day3	beige	day3	rep1	1.49892933618844	2	3	beige.day3	day3.rep1	2	3	NA	t2	day3	5.66714801344222	0.843697920824194	beige	beige.day3
beige_day3	36346	5901	beige_day3	beige	day3	rep1	0.759368293622407	5	5	beige.day3	day3.rep1	5	5	NA	t5	day3	12.4550452572674	0.656263530223413	beige	beige.day3
beige_day3	24446	4493	beige_day3	beige	day3	rep1	1.2312852818457	1	4	beige.day3	day3.rep1	1	4	NA	t1	day3	10.2466851321594	0.717243038222479	beige	beige.day3
beige_day3	26520	4465	beige_day3	beige	day3	rep1	1.25188536953243	1	1	beige.day3	day3.rep1	1	1	NA	t1	day3	8.96019626818607	0.752766890097652	beige	beige.day3
beige_day3	7767	2217	beige_day3	beige	day3	rep1	1.18449851937685	2	1	beige.day3	day3.rep1	2	1	NA	t2	day3	6.95774154714951	0.808060726592389	beige	beige.day3
beige_day3	33909	4747	beige_day3	beige	day3	rep1	1.32708130584801	4	3	beige.day3	day3.rep1	4	3	NA	t4	day3	0.32175178210469	0.991300491863684	beige	beige.day3
beige_day3	18954	3924	beige_day3	beige	day3	rep1	1.403397699694	1	4	beige.day3	day3.rep1	1	4	NA	t1	day3	12.9054636347053	0.643826115357231	beige	beige.day3
beige_day3	24717	4570	beige_day3	beige	day3	rep1	2.86847109277016	4	3	beige.day3	day3.rep1	4	3	NA	t4	day3	2.269211292524	0.937525239610537	beige	beige.day3
beige_day3	17413	3747	beige_day3	beige	day3	rep1	0.884396715097915	1	1	beige.day3	day3.rep1	1	1	NA	t1	day3	10.4969839647385	0.710331529773346	beige	beige.day3
beige_day3	18374	4463	beige_day3	beige	day3	rep1	4.47915532818113	5	5	beige.day3	day3.rep1	5	5	NA	t5	day3	12.4550456101576	0.656263520479046	beige	beige.day3
beige_day3	18388	3707	beige_day3	beige	day3	rep1	2.36567326517294	1	1	beige.day3	day3.rep1	1	1	NA	t1	day3	10.4969843176287	0.710331520028979	beige	beige.day3
beige_day3	23425	4023	beige_day3	beige	day3	rep1	2.77481323372465	2	3	beige.day3	day3.rep1	2	3	NA	t2	day3	5.79881798037284	0.840062114458015	beige	beige.day3
beige_day3	25371	4323	beige_day3	beige	day3	rep1	2.24271806393126	1	4	beige.day3	day3.rep1	1	4	NA	t1	day3	12.9054653991563	0.643826066635397	beige	beige.day3
beige_day3	35300	5209	beige_day3	beige	day3	rep1	1.06798866855524	1	1	beige.day3	day3.rep1	1	1	NA	t1	day3	12.449267488958	0.656423071896364	beige	beige.day3
beige_day3	26225	4401	beige_day3	beige	day3	rep1	1.09818875119161	5	5	beige.day3	day3.rep1	5	5	NA	t5	day3	12.455046315938	0.656263500990312	beige	beige.day3
beige_day3	21871	4139	beige_day3	beige	day3	rep1	1.64144300672123	1	1	beige.day3	day3.rep1	1	1	NA	t1	day3	12.9054657520465	0.64382605689103	beige	beige.day3
beige_day3	34411	4960	beige_day3	beige	day3	rep1	1.5721716892854	1	4	beige.day3	day3.rep1	1	4	NA	t1	day3	15.0982684882579	0.583276135493296	beige	beige.day3
beige_day3	13986	3000	beige_day3	beige	day3	rep1	2.95295295295295	1	1	beige.day3	day3.rep1	1	1	NA	t1	day3	8.49176691445095	0.765701642540572	beige	beige.day3
beige_day3	15394	3165	beige_day3	beige	day3	rep1	1.24074314668052	5	5	beige.day3	day3.rep1	5	5	NA	t5	day3	12.4550473746086	0.656263471757211	beige	beige.day3
beige_day3	25931	4324	beige_day3	beige	day3	rep1	0.929389533762678	4	3	beige.day3	day3.rep1	4	3	NA	t4	day3	3.5398216530734	0.902439841280847	beige	beige.day3
beige_day3	30970	4879	beige_day3	beige	day3	rep1	1.15918630933161	2	3	beige.day3	day3.rep1	2	3	NA	t2	day3	6.42095190942607	0.822883113410196	beige	beige.day3
beige_day3	20644	4212	beige_day3	beige	day3	rep1	2.73202867661306	1	4	beige.day3	day3.rep1	1	4	NA	t1	day3	12.9054668107172	0.643826027657929	beige	beige.day3
beige_day3	37126	5126	beige_day3	beige	day3	rep1	2.09556644938857	4	3	beige.day3	day3.rep1	4	3	NA	t4	day3	0.996028599112412	0.972681667837283	beige	beige.day3
beige_day3	22006	4079	beige_day3	beige	day3	rep1	2.10397164409706	1	4	beige.day3	day3.rep1	1	4	NA	t1	day3	15.0982698998188	0.583276096515828	beige	beige.day3
beige_day3	17554	3709	beige_day3	beige	day3	rep1	2.20462572633018	2	1	beige.day3	day3.rep1	2	1	NA	t2	day3	8.97318309335837	0.75240828454212	beige	beige.day3
beige_day3	20261	4294	beige_day3	beige	day3	rep1	1.70771432801935	5	5	beige.day3	day3.rep1	5	5	NA	t5	day3	12.4572840136422	0.656201711382948	beige	beige.day3
beige_day3	9913	2803	beige_day3	beige	day3	rep1	1.9671138908504	1	4	beige.day3	day3.rep1	1	4	NA	t1	day3	18.6058518502941	0.48642114103345	beige	beige.day3
beige_day3	17768	3491	beige_day3	beige	day3	rep1	1.90792435839712	1	0	beige.day3	day3.rep1	1	0	NA	t1	day3	20.1097813316931	0.444893095494898	beige	beige.day3
beige_day3	23274	4050	beige_day3	beige	day3	rep1	2.64673025693907	2	3	beige.day3	day3.rep1	2	3	NA	t2	day3	3.57865192903581	0.901367619818081	beige	beige.day3
beige_day3	39692	5633	beige_day3	beige	day3	rep1	0.859115186939434	1	4	beige.day3	day3.rep1	1	4	NA	t1	day3	13.2884053822405	0.633251934501716	beige	beige.day3
beige_day3	20441	3313	beige_day3	beige	day3	rep1	0.944180813071768	2	3	beige.day3	day3.rep1	2	3	NA	t2	day3	5.57522936934984	0.846236072835257	beige	beige.day3
beige_day3	26983	4502	beige_day3	beige	day3	rep1	1.46388466812437	1	4	beige.day3	day3.rep1	1	4	NA	t1	day3	18.5134178143327	0.488973524574163	beige	beige.day3
beige_day3	28625	4759	beige_day3	beige	day3	rep1	2.50829694323144	4	6	beige.day3	day3.rep1	4	6	NA	t4	day3	0.10273795737451	0.997348126543009	beige	beige.day3
beige_day3	22985	4578	beige_day3	beige	day3	rep1	0.891886012616924	1	1	beige.day3	day3.rep1	1	1	NA	t1	day3	12.3294221289885	0.659732365069981	beige	beige.day3
beige_day3	11865	2706	beige_day3	beige	day3	rep1	1.44121365360303	5	5	beige.day3	day3.rep1	5	5	NA	t5	day3	12.4550498448401	0.656263403546643	beige	beige.day3
beige_day3	9993	2557	beige_day3	beige	day3	rep1	3.88271790253177	2	3	beige.day3	day3.rep1	2	3	NA	t2	day3	4.27970175822451	0.882009511880561	beige	beige.day3
beige_day3	23520	3799	beige_day3	beige	day3	rep1	2.22789115646259	5	1	beige.day3	day3.rep1	5	1	NA	t5	day3	10.544115760453	0.709030078220628	beige	beige.day3
beige_day3	16727	3517	beige_day3	beige	day3	rep1	1.16577987684582	1	4	beige.day3	day3.rep1	1	4	NA	t1	day3	15.0982727229404	0.583276018560893	beige	beige.day3
beige_day3	14159	3315	beige_day3	beige	day3	rep1	3.24881700685077	1	1	beige.day3	day3.rep1	1	1	NA	t1	day3	9.06293058419289	0.749930084644822	beige	beige.day3
beige_day3	21723	3977	beige_day3	beige	day3	rep1	1.80914238364867	2	3	beige.day3	day3.rep1	2	3	NA	t2	day3	6.95774542894181	0.808060619404353	beige	beige.day3
beige_day3	43074	5433	beige_day3	beige	day3	rep1	1.07721595393973	1	4	beige.day3	day3.rep1	1	4	NA	t1	day3	15.0982737816111	0.583275989327792	beige	beige.day3
beige_day3	25080	4718	beige_day3	beige	day3	rep1	3.0103668261563	2	3	beige.day3	day3.rep1	2	3	NA	t2	day3	4.67878219088457	0.870989693075204	beige	beige.day3
beige_day3	43892	6103	beige_day3	beige	day3	rep1	1.45128952884353	2	1	beige.day3	day3.rep1	2	1	NA	t2	day3	6.95774719339286	0.808060570682518	beige	beige.day3
beige_day3	40466	6012	beige_day3	beige	day3	rep1	1.90036079671823	2	1	beige.day3	day3.rep1	2	1	NA	t2	day3	6.95774754628307	0.808060560938151	beige	beige.day3
beige_day3	25372	4580	beige_day3	beige	day3	rep1	0.472962320668453	5	5	beige.day3	day3.rep1	5	5	NA	t5	day3	12.455053020852	0.65626331584734	beige	beige.day3
beige_day3	38987	5508	beige_day3	beige	day3	rep1	2.29563700720753	2	3	beige.day3	day3.rep1	2	3	NA	t2	day3	1.9894433545519	0.94525047926574	beige	beige.day3
beige_day3	25311	4314	beige_day3	beige	day3	rep1	1.26427245071313	1	1	beige.day3	day3.rep1	1	1	NA	t1	day3	12.9054738685214	0.64382583277059	beige	beige.day3
beige_day3	7630	2307	beige_day3	beige	day3	rep1	2.56880733944954	5	5	beige.day3	day3.rep1	5	5	NA	t5	day3	12.4408406655163	0.656655762000496	beige	beige.day3
beige_day3	37392	5539	beige_day3	beige	day3	rep1	2.267864783911	2	1	beige.day3	day3.rep1	2	1	NA	t2	day3	8.0584170859529	0.777667743102182	beige	beige.day3
beige_day3	36737	5550	beige_day3	beige	day3	rep1	2.47706671747829	4	6	beige.day3	day3.rep1	4	6	NA	t4	day3	1.76234082706829	0.951521467513464	beige	beige.day3
beige_day3	26908	4849	beige_day3	beige	day3	rep1	1.98825628066003	1	1	beige.day3	day3.rep1	1	1	NA	t1	day3	6.95774966362432	0.808060502471949	beige	beige.day3
beige_day3	25585	4325	beige_day3	beige	day3	rep1	1.23509869063905	2	1	beige.day3	day3.rep1	2	1	NA	t2	day3	10.1971223340381	0.718611617110555	beige	beige.day3
beige_day3	42226	5653	beige_day3	beige	day3	rep1	0.767299767915502	2	1	beige.day3	day3.rep1	2	1	NA	t2	day3	7.02994001568505	0.806067108323553	beige	beige.day3
beige_day3	40424	5824	beige_day3	beige	day3	rep1	2.36493172372848	2	3	beige.day3	day3.rep1	2	3	NA	t2	day3	1.98944370744211	0.945250469521373	beige	beige.day3
beige_day3	27149	4130	beige_day3	beige	day3	rep1	1.88957235993959	1	4	beige.day3	day3.rep1	1	4	NA	t1	day3	14.3728073488863	0.603308313600641	beige	beige.day3
beige_day3	20689	4210	beige_day3	beige	day3	rep1	1.02469911547199	10	4	beige.day3	day3.rep1	10	4	NA	t10	day3	20.2852883206246	0.440046816251873	beige	beige.day3
beige_day3	25527	4492	beige_day3	beige	day3	rep1	2.06448074587691	1	4	beige.day3	day3.rep1	1	4	NA	t1	day3	15.0982755460621	0.583275940605957	beige	beige.day3
beige_day3	23138	3929	beige_day3	beige	day3	rep1	2.26899472728844	1	4	beige.day3	day3.rep1	1	4	NA	t1	day3	15.0982758989523	0.58327593086159	beige	beige.day3
beige_day3	24860	4772	beige_day3	beige	day3	rep1	1.84633950120676	2	3	beige.day3	day3.rep1	2	3	NA	t2	day3	2.90206608682699	0.920050203019954	beige	beige.day3
beige_day3	27941	4623	beige_day3	beige	day3	rep1	1.73580043663434	2	1	beige.day3	day3.rep1	2	1	NA	t2	day3	9.04658969511004	0.750381306058038	beige	beige.day3
beige_day3	25218	4523	beige_day3	beige	day3	rep1	3.02561662304703	2	3	beige.day3	day3.rep1	2	3	NA	t2	day3	2.9020664397172	0.920050193275587	beige	beige.day3
beige_day3	24288	4613	beige_day3	beige	day3	rep1	2.2068511198946	5	5	beige.day3	day3.rep1	5	5	NA	t5	day3	12.4876634375284	0.655362843527648	beige	beige.day3
beige_day3	21468	3809	beige_day3	beige	day3	rep1	1.49524874231414	2	3	beige.day3	day3.rep1	2	3	NA	t2	day3	4.88727518880328	0.865232570271824	beige	beige.day3
beige_day3	20337	3852	beige_day3	beige	day3	rep1	1.59807247873334	1	4	beige.day3	day3.rep1	1	4	NA	t1	day3	17.3351298996919	0.521509620702294	beige	beige.day3
beige_day3	22936	4381	beige_day3	beige	day3	rep1	2.28461806766655	2	3	beige.day3	day3.rep1	2	3	NA	t2	day3	2.90206714549762	0.920050173786853	beige	beige.day3
beige_day3	49897	6580	beige_day3	beige	day3	rep1	1.53315830611059	2	1	beige.day3	day3.rep1	2	1	NA	t2	day3	6.95775354541663	0.808060395283913	beige	beige.day3
beige_day3	37284	5085	beige_day3	beige	day3	rep1	1.08625683939491	5	5	beige.day3	day3.rep1	5	5	NA	t5	day3	8.49177009046283	0.76570155484127	beige	beige.day3
beige_day3	29042	4908	beige_day3	beige	day3	rep1	2.12450933131327	1	1	beige.day3	day3.rep1	1	1	NA	t1	day3	8.49177044335304	0.765701545096903	beige	beige.day3
beige_day3	36072	5610	beige_day3	beige	day3	rep1	1.33898868928809	1	1	beige.day3	day3.rep1	1	1	NA	t1	day3	12.711093445025	0.64919326467388	beige	beige.day3
beige_day3	10163	2628	beige_day3	beige	day3	rep1	4.26055298632294	2	3	beige.day3	day3.rep1	2	3	NA	t2	day3	4.08206905237802	0.887466749144548	beige	beige.day3
beige_day3	19694	3277	beige_day3	beige	day3	rep1	1.86351172946075	1	4	beige.day3	day3.rep1	1	4	NA	t1	day3	20.0887488902642	0.445473864870227	beige	beige.day3
beige_day3	26401	4576	beige_day3	beige	day3	rep1	1.74235824400591	2	1	beige.day3	day3.rep1	2	1	NA	t2	day3	6.95775425119705	0.80806037579518	beige	beige.day3
