"p_val"	"avg_log2FC"	"pct.1"	"pct.2"	"p_val_adj"	"cluster"	"gene"
0	0.501129570561281	1	1	0	"0"	"PPIB"
0	0.501832977575813	0.969	0.877	0	"2"	"PSMD2"
0	0.502050687673353	1	1	0	"6"	"ATP5F1E"
0	0.502382994610151	0.999	0.996	0	"3"	"COX7A2"
0	0.503954333105037	0.995	0.97	0	"0"	"TMED10"
0	0.504547372382277	0.944	0.802	0	"2"	"LARP6"
0	0.504838193735438	0.95	0.827	0	"0"	"LOXL2"
0	0.504972550147847	1	0.999	0	"3"	"COX7C"
0	0.505309561535322	0.947	0.803	0	"2"	"P3H1"
0	0.505796886822211	0.751	0.458	0	"1"	"NR1H3"
0	0.507056077106121	0.997	0.967	0	"0"	"DDOST"
0	0.508263047350827	0.99	0.924	0	"0"	"LAMP1"
0	0.509179523505871	0.964	0.853	0	"2"	"RSU1"
0	0.509322921413102	0.999	0.998	0	"1"	"MMP2"
0	0.510474925252366	0.94	0.772	0	"2"	"NAV1"
0	0.511121705375551	0.929	0.783	0	"2"	"SUMO3"
0	0.511405331666726	0.994	0.963	0	"2"	"TRAPPC1"
0	0.511467805924586	0.985	0.918	0	"0"	"LRPAP1"
0	0.512292263080829	0.884	0.684	0	"1"	"ANGPTL4"
0	0.51287538997146	1	0.999	0	"3"	"UQCRH"
0	0.513167028228244	0.997	0.964	0	"1"	"MT-ND5"
0	0.513295182605129	0.998	0.979	0	"2"	"YWHAB"
0	0.513922430579572	0.979	0.886	0	"0"	"TGFBR2"
0	0.514389931182691	0.976	0.85	0	"0"	"PIGT"
0	0.514848577638388	0.977	0.9	0	"0"	"EIF4EBP1"
0	0.515060939049278	0.931	0.753	0	"2"	"UGP2"
0	0.517111974691011	0.989	0.939	0	"2"	"COPE"
0	0.517359221272282	0.956	0.835	0	"0"	"FKBP7"
0	0.517516136924165	0.999	0.995	0	"3"	"CD151"
0	0.519883742956929	1	0.996	0	"3"	"MT-CYB"
0	0.520960868423068	0.996	0.995	0	"3"	"UQCR10"
0	0.522408388469542	0.94	0.925	0	"1"	"COX14"
0	0.522515681260932	0.974	0.875	0	"2"	"EIF4H"
0	0.522740942192572	0.964	0.936	0	"3"	"TIMM8B"
0	0.523382567702501	1	0.992	0	"0"	"CALD1"
0	0.524218753606915	0.996	0.934	0	"2"	"CTSA"
0	0.525842015809163	0.948	0.858	0	"3"	"POR"
0	0.526355795462947	0.99	0.946	0	"2"	"TRAM1"
0	0.528168868785576	0.985	0.966	0	"3"	"PPA1"
0	0.529356182728372	0.999	0.998	0	"5"	"MGST1"
0	0.531471090901416	0.976	0.891	0	"2"	"TMED3"
0	0.53182620367176	1	0.995	0	"6"	"CD151"
0	0.531897121544455	0.967	0.859	0	"2"	"CHMP2A"
0	0.532133341774693	0.971	0.964	0	"1"	"HEBP2"
0	0.532801846515968	0.968	0.871	0	"2"	"SPTAN1"
0	0.533828724579376	0.998	0.897	0	"0"	"OLFML3"
0	0.534101814223009	0.996	0.957	0	"4"	"FBN1"
0	0.534485344589737	0.996	0.93	0	"2"	"LAMP1"
0	0.535219921071919	0.999	0.988	0	"3"	"MT-ND4L"
0	0.535703633615469	0.953	0.817	0	"2"	"STT3A"
0	0.536354106411772	0.915	0.78	0	"0"	"MPZL1"
0	0.53715890453227	0.851	0.676	0	"0"	"TM2D2"
0	0.537262696778659	0.958	0.743	0	"2"	"HERPUD1"
0	0.538767350556473	0.993	0.986	0	"1"	"ETFB"
0	0.540541153171098	0.973	0.88	0	"2"	"KHDRBS1"
0	0.541013603428061	0.963	0.843	0	"2"	"SNX17"
0	0.541742370971451	1	0.987	0	"0"	"PCOLCE"
0	0.542393989408161	0.978	0.821	0	"2"	"QSOX1"
0	0.542993697513565	0.981	0.914	0	"2"	"TAX1BP3"
0	0.543793835187308	0.686	0.397	0	"0"	"HEG1"
0	0.543825534861326	0.988	0.918	0	"2"	"METTL26"
0	0.544423873990188	0.963	0.822	0	"0"	"SHMT2"
0	0.545036004855435	0.933	0.868	0	"3"	"VEGFB"
0	0.546241362987549	0.909	0.726	0	"0"	"MAZ"
0	0.546264807220751	0.816	0.514	0	"1"	"APOE"
0	0.546530643816551	0.926	0.737	0	"0"	"FYN"
0	0.547371868537375	1	1	0	"3"	"CD63"
0	0.547728091980822	0.831	0.631	0	"0"	"GADD45B"
0	0.548244753385116	0.975	0.87	0	"2"	"ANKRD11"
0	0.549415491655106	0.996	0.975	0	"2"	"PTMS"
0	0.550129793880537	0.928	0.775	0	"2"	"DARS"
0	0.550667897016328	0.981	0.835	0	"0"	"LPAR1"
0	0.550945855740345	0.954	0.846	0	"2"	"LRRC59"
0	0.551752543997551	0.997	0.91	0	"2"	"IGFBP6"
0	0.553138802800766	0.999	0.99	0	"2"	"MZT2B"
0	0.553250367525764	0.51	0.249	0	"2"	"KCNMA1"
0	0.553259054316145	1	0.998	0	"6"	"UQCRB"
0	0.553926191267759	0.985	0.888	0	"0"	"P4HA1"
0	0.55465717693467	0.815	0.588	0	"0"	"P3H4"
0	0.555238311034554	0.935	0.858	0	"1"	"POR"
0	0.555469223297388	1	0.999	0	"6"	"COX6A1"
0	0.556161719200326	0.995	0.991	0	"3"	"TOMM5"
0	0.556295110518091	0.977	0.892	0	"0"	"MAP4K4"
0	0.556344847016842	0.994	0.937	0	"2"	"SDF4"
0	0.557433916225447	0.934	0.805	0	"0"	"NFIL3"
0	0.55760143683388	1	0.985	0	"3"	"MT-ATP6"
0	0.557915225943954	0.977	0.46	0	"1"	"FABP4"
0	0.558981535294111	0.965	0.844	0	"2"	"PRR13"
0	0.559589203897414	0.951	0.803	0	"2"	"HAX1"
0	0.559590256565221	0.995	0.957	0	"2"	"EIF2S2"
0	0.560097696999409	0.925	0.77	0	"2"	"SHISA5"
0	0.560495733833922	0.801	0.464	0	"0"	"CDH11"
0	0.560573273685167	0.997	0.98	0	"2"	"MORF4L1"
0	0.560581731710958	0.929	0.74	0	"0"	"RBCK1"
0	0.561032655500526	0.995	0.797	0	"3"	"RASD1"
0	0.561908559241367	0.998	0.991	0	"6"	"PSMB1"
0	0.562238584839449	1	0.997	0	"3"	"SRPX"
0	0.562376340398732	0.939	0.801	0	"2"	"HNRNPD"
0	0.562637825309257	0.926	0.786	0	"0"	"MXD4"
0	0.562767352599498	0.936	0.888	0	"3"	"MRPL34"
0	0.56277127600463	0.942	0.87	0	"0"	"PIK3R1"
0	0.562888952438274	0.993	0.972	0	"0"	"SAT1"
0	0.563183667002345	1	0.995	0	"0"	"COL6A3"
0	0.563906540998035	0.998	0.988	0	"0"	"BEX3"
0	0.563952064529132	0.871	0.631	0	"0"	"ENAH"
0	0.564475180586167	0.989	0.941	0	"2"	"RRAS"
0	0.564545022244169	0.976	0.839	0	"0"	"PLPP3"
0	0.564882212048889	0.994	0.99	0	"3"	"COX5A"
0	0.565084490554598	0.978	0.956	0	"1"	"PGRMC1"
0	0.565763728399257	0.997	0.974	0	"3"	"MT-ND1"
0	0.565797645737032	0.9	0.74	0	"2"	"C11orf24"
0	0.566013672144652	1	0.995	0	"6"	"NDUFB2"
0	0.566017767034853	0.999	0.988	0	"2"	"ARPC2"
0	0.567530847216595	0.999	0.987	0	"6"	"EIF5A"
0	0.57038166812204	0.998	0.994	0	"3"	"HSPD1"
0	0.570414578865744	0.96	0.846	0	"0"	"NBDY"
0	0.570457545204077	0.98	0.959	0	"3"	"NDUFAB1"
0	0.571539676220409	0.746	0.519	0	"0"	"PHF14"
0	0.571740453294176	0.98	0.922	0	"0"	"RCN2"
0	0.571803270540456	0.978	0.882	0	"2"	"PPP4C"
0	0.572442066966525	0.917	0.774	0	"2"	"SRA1"
0	0.572867649680074	0.994	0.913	0	"3"	"AKR1C3"
0	0.573234777672474	0.946	0.92	0	"1"	"PCYOX1"
0	0.574053218776054	0.999	0.997	0	"2"	"CALU"
0	0.574379219256392	1	0.997	0	"0"	"CD99"
0	0.575525530578199	1	0.993	0	"1"	"SERPINF1"
0	0.57598035382951	1	1	0	"6"	"PTMA"
0	0.576297763109219	0.871	0.686	0	"1"	"PPARG"
0	0.576508045424868	0.993	0.984	0	"3"	"TBCA"
0	0.576716392188177	0.981	0.956	0	"3"	"PGRMC1"
0	0.577210991793776	0.529	0.265	0	"0"	"DPYSL3"
0	0.577293605402907	0.973	0.812	0	"3"	"PKDCC"
0	0.578094356753805	0.981	0.931	0	"1"	"ELOVL5"
0	0.57825536364518	1	0.999	0	"6"	"GPX4"
0	0.578437283455515	0.93	0.76	0	"0"	"FUCA2"
0	0.578519908869956	1	0.979	0	"3"	"PGD"
0	0.578591408329595	0.871	0.67	0	"2"	"ARL3"
0	0.579630555514627	0.996	0.993	0	"3"	"ATP5PF"
0	0.580100688172498	0.981	0.874	0	"2"	"MCFD2"
0	0.580291990480741	0.993	0.951	0	"4"	"ZFP36L1"
0	0.580521835411728	0.996	0.986	0	"3"	"ETFB"
0	0.580540856013869	0.795	0.571	0	"0"	"HTATIP2"
0	0.580688682911926	0.896	0.707	0	"2"	"POLE4"
0	0.580782532105011	1	1	0	"4"	"CST3"
0	0.581950740783642	0.971	0.905	0	"0"	"SSR1"
0	0.583395981713685	0.937	0.759	0	"2"	"RBCK1"
0	0.58480775893859	0.978	0.894	0	"0"	"PLPP1"
0	0.586884042411144	0.964	0.919	0	"3"	"DECR1"
0	0.586916101281574	0.898	0.859	0	"1"	"A1BG"
0	0.586950758325884	0.907	0.669	0	"1"	"COL4A1"
0	0.587888052131963	0.885	0.704	0	"2"	"ADAM12"
0	0.588079519039154	0.998	0.99	0	"2"	"GUK1"
0	0.588651365891004	1	0.998	0	"3"	"ATP5MC3"
0	0.589302957048681	0.978	0.912	0	"4"	"PLAC9"
0	0.589497637019645	0.822	0.644	0	"0"	"DEXI"
0	0.589640492569685	0.964	0.867	0	"2"	"EIF4G1"
0	0.593635767732089	0.794	0.56	0	"0"	"GAA"
0	0.593825822346978	0.96	0.843	0	"2"	"KPNB1"
0	0.595765598238907	1	0.994	0	"2"	"PDIA3"
0	0.596010043058557	0.856	0.662	0	"0"	"NBL1"
0	0.597542742761279	0.873	0.726	0	"0"	"BAG3"
0	0.598169964635381	1	0.998	0	"3"	"HSPA8"
0	0.598832581350949	0.999	0.994	0	"2"	"SELENOM"
0	0.599104281393395	0.974	0.918	0	"3"	"TMED5"
0	0.599666796387985	0.847	0.593	0	"0"	"TPBG"
0	0.600141139998747	0.964	0.934	0	"1"	"EMC3"
0	0.601381789907613	0.913	0.694	0	"0"	"MEG3"
0	0.60144049732778	0.744	0.517	0	"0"	"TACC1"
0	0.601792679893399	0.999	0.999	0	"6"	"MT-CO2"
0	0.6019846163743	0.996	0.958	0	"0"	"APP"
0	0.60200071550218	1	1	0	"2"	"S100A6"
0	0.603091812016088	0.994	0.967	0	"2"	"PPP1R14B"
0	0.603642191102894	0.865	0.716	0	"0"	"GCLM"
0	0.603963326381444	0.92	0.846	0	"1"	"ZEB2"
0	0.604086430888809	0.991	0.953	0	"2"	"TCEA1"
0	0.604428494444658	0.959	0.926	0	"3"	"TSPAN3"
0	0.604496517244101	0.999	0.996	0	"2"	"HDLBP"
0	0.604931289597304	1	1	0	"2"	"COL6A2"
0	0.606894723805369	0.915	0.581	0	"0"	"CTHRC1"
0	0.607671421792072	0.704	0.452	0	"0"	"TGIF1"
0	0.608274028489842	0.73	0.497	0	"0"	"TCTN1"
0	0.608394897758056	0.972	0.895	0	"0"	"DDIT4"
0	0.609317789010978	0.993	0.896	0	"0"	"PLAC9"
0	0.609896289287029	0.88	0.711	0	"3"	"ADAM12"
0	0.610623851367577	0.945	0.818	0	"2"	"TMEM263"
0	0.61074582633112	0.949	0.702	0	"0"	"PDGFRA"
0	0.61180994204954	0.729	0.512	0	"0"	"MAN2A1"
0	0.612229780027862	1	0.999	0	"6"	"UQCR11"
0	0.612544907756218	0.832	0.66	0	"0"	"ZCCHC24"
0	0.614726107132836	0.928	0.715	0	"2"	"TMEM119"
0	0.6158793143173	0.967	0.925	0	"1"	"JUND"
0	0.616288538675147	0.998	0.982	0	"6"	"MDH2"
0	0.616899886134361	0.813	0.601	0	"0"	"ANTXR2"
0	0.61767077207201	0.998	0.958	0	"0"	"GRN"
0	0.618212982129603	0.877	0.753	0	"1"	"ABHD5"
0	0.618358087441229	1	1	0	"1"	"CST3"
0	0.618901466323053	1	0.997	0	"6"	"NDUFA4"
0	0.618932024459981	0.993	0.778	0	"1"	"FABP5"
0	0.620279771932871	0.994	0.973	0	"3"	"MT-ATP8"
0	0.620834148464979	0.999	0.996	0	"0"	"MT2A"
0	0.621440632250878	0.823	0.62	0	"0"	"GSR"
0	0.622073102176353	0.449	0.205	0	"0"	"SULF1"
0	0.622081626655173	0.998	0.986	0	"3"	"MT-ND3"
0	0.623599654465418	0.72	0.422	0	"0"	"PLAUR"
0	0.6240868481085	0.999	0.97	0	"2"	"DDOST"
0	0.624276224063633	0.955	0.787	0	"2"	"UFC1"
0	0.624522942290919	0.965	0.858	0	"2"	"IGFBP7"
0	0.624694355708878	0.994	0.99	0	"3"	"RAB2A"
0	0.625667902246031	0.956	0.772	0	"2"	"TUSC3"
0	0.625714299288929	0.929	0.878	0	"1"	"FDPS"
0	0.626860442063455	0.633	0.397	0	"0"	"NFYB"
0	0.628026939335473	0.823	0.617	0	"0"	"TMEM189"
0	0.62842443636658	0.894	0.636	0	"0"	"MTHFD2"
0	0.628429823580464	0.881	0.692	0	"2"	"NARS"
0	0.628446263282336	0.742	0.511	0	"0"	"PON2"
0	0.628476766139427	0.959	0.918	0	"3"	"PFDN2"
0	0.629698233134908	0.982	0.966	0	"1"	"PPA1"
0	0.629738330128208	0.995	0.982	0	"6"	"MRPL41"
0	0.629945895504984	0.999	0.993	0	"2"	"LY6E"
0	0.630050665939859	0.917	0.651	0	"0"	"PTX3"
0	0.630186216872396	0.909	0.744	0	"2"	"NT5DC2"
0	0.631205067145112	0.971	0.932	0	"4"	"NFE2L2"
0	0.631787467275718	0.983	0.972	0	"4"	"CTSL"
0	0.632087550635619	0.858	0.64	0	"2"	"CHIC2"
0	0.632957459893104	0.967	0.869	0	"0"	"IARS"
0	0.633500650727813	1	0.999	0	"3"	"GPX4"
0	0.63424843786888	0.922	0.732	0	"0"	"GLB1"
0	0.63492752752397	0.899	0.718	0	"2"	"KDM5B"
0	0.635033632812207	1	0.997	0	"4"	"IGFBP4"
0	0.635395641933622	0.998	0.985	0	"2"	"TSPO"
0	0.636183309296253	0.994	0.912	0	"0"	"COL5A2"
0	0.637448745718417	0.997	0.968	0	"2"	"RCN3"
0	0.637838072559076	1	0.998	0	"0"	"FN1"
0	0.637899866773217	1	0.987	0	"0"	"HLA-A"
0	0.638100562858187	0.833	0.608	0	"2"	"P3H4"
0	0.63822579274402	0.999	0.993	0	"3"	"RTN4"
0	0.638386741931711	0.977	0.864	0	"2"	"TBCB"
0	0.638858100743762	0.88	0.66	0	"2"	"PTRHD1"
0	0.639379162841367	0.874	0.648	0	"2"	"GLT8D1"
0	0.639407820616341	0.994	0.97	0	"6"	"NDUFA2"
0	0.639875063558496	0.445	0.24	0	"0"	"SUSD2"
0	0.642464122082958	0.942	0.786	0	"0"	"TCEAL9"
0	0.642634847539214	0.972	0.892	0	"2"	"FAM114A1"
0	0.643968552640118	0.912	0.745	0	"2"	"TEAD1"
0	0.644043001221649	0.999	0.991	0	"6"	"TOMM5"
0	0.644198858863782	1	0.999	0	"3"	"HSPB6"
0	0.644222230168602	0.994	0.968	0	"2"	"C4orf3"
0	0.644292758910917	0.996	0.951	0	"2"	"GNB2"
0	0.644755338675521	1	0.996	0	"0"	"NNMT"
0	0.646763944678354	0.957	0.912	0	"3"	"ETFA"
0	0.647115465735566	0.999	0.983	0	"3"	"MT-ND4"
0	0.64781043664169	0.992	0.981	0	"3"	"COX7B"
0	0.648340742103907	0.991	0.94	0	"3"	"MT-ND2"
0	0.64838451364371	0.964	0.919	0	"4"	"C1R"
0	0.648599941291831	0.999	0.995	0	"6"	"EIF3K"
0	0.649004012605903	0.888	0.81	0	"3"	"NDUFV3"
0	0.649371031485808	0.776	0.521	0	"0"	"TFPI"
0	0.650053093173243	0.808	0.539	0	"2"	"ID2"
0	0.650106691124454	0.754	0.57	0	"1"	"TMEM135"
0	0.650524900422332	0.998	0.994	0	"3"	"ATP5MD"
0	0.651333281424081	0.965	0.917	0	"1"	"C1R"
0	0.65183782026781	0.984	0.928	0	"2"	"PTTG1IP"
0	0.652338608846658	0.997	0.989	0	"3"	"SLC25A5"
0	0.652973583336279	0.694	0.412	0	"2"	"SCRG1"
0	0.653584876549498	0.999	0.993	0	"2"	"SEC61G"
0	0.653989143898849	0.952	0.823	0	"0"	"SMIM14"
0	0.654093978366862	0.911	0.755	0	"2"	"VAMP5"
0	0.654131898401166	0.999	0.982	0	"2"	"MYDGF"
0	0.654255474038348	0.917	0.717	0	"0"	"ENG"
0	0.654718825181894	0.964	0.847	0	"2"	"COPG1"
0	0.655252008872954	0.749	0.491	0	"0"	"SSBP2"
0	0.657446901501215	0.999	0.999	0	"6"	"MT-CO1"
0	0.65833957090591	1	0.998	0	"4"	"IFITM3"
0	0.658695572215294	0.949	0.785	0	"2"	"PFN2"
0	0.658924313690576	1	0.997	0	"2"	"HSPB1"
0	0.659329084657361	0.983	0.966	0	"3"	"UQCRFS1"
0	0.660232783789875	0.991	0.93	0	"2"	"SEC31A"
0	0.660944053667869	0.929	0.769	0	"2"	"PSMC3"
0	0.66263996442718	0.675	0.452	0	"0"	"SRGN"
0	0.662649470044901	0.993	0.965	0	"0"	"RPN2"
0	0.663006771695008	0.973	0.877	0	"1"	"TSKU"
0	0.664416549432583	0.999	0.989	0	"6"	"MT-ND4L"
0	0.664747566652317	0.993	0.966	0	"3"	"ANXA6"
0	0.665192328865053	0.649	0.411	0	"0"	"SESN2"
0	0.667530343894183	0.996	0.933	0	"4"	"AKR1C1"
0	0.667533358161308	0.821	0.587	0	"2"	"ASAP1"
0	0.667866329262242	0.91	0.84	0	"1"	"CCDC92"
0	0.668004846631478	0.992	0.955	0	"0"	"LAMB1"
0	0.668268862828508	0.961	0.905	0	"3"	"ARL6IP1"
0	0.668855666732803	1	0.999	0	"3"	"MT-CO1"
0	0.668938755144892	0.999	0.985	0	"2"	"ARF4"
0	0.669472416135999	0.989	0.94	0	"2"	"TMED9"
0	0.669845962448078	0.841	0.665	0	"0"	"ZBTB16"
0	0.670053171191228	1	0.997	0	"6"	"NDUFS5"
0	0.670105923132517	0.999	0.994	0	"3"	"TALDO1"
0	0.671983497250645	0.655	0.329	0	"0"	"COL8A1"
0	0.671986462333974	0.855	0.625	0	"2"	"TRAF7"
0	0.672331622487297	0.787	0.538	0	"2"	"PFDN4"
0	0.672890561457189	0.838	0.576	0	"2"	"PPP1R15A"
0	0.672936519000263	0.967	0.822	0	"2"	"GPX8"
0	0.67345924044264	0.847	0.621	0	"0"	"TP53TG1"
0	0.673695394206024	0.805	0.58	0	"0"	"EDNRB"
0	0.673810545501666	0.906	0.814	0	"3"	"EIF4EBP2"
0	0.675844033978835	0.79	0.55	0	"2"	"COMMD4"
0	0.675920240003019	0.851	0.629	0	"2"	"BCKDK"
0	0.676010667975498	0.997	0.964	0	"2"	"FXYD5"
0	0.676116534985845	0.952	0.729	0	"2"	"MRC2"
0	0.676398195257129	0.891	0.71	0	"2"	"YIF1B"
0	0.676964268205721	0.979	0.754	0	"2"	"TGFB1"
0	0.677283043954894	0.764	0.55	0	"0"	"PDZRN3"
0	0.677398891390356	0.911	0.697	0	"2"	"CHCHD5"
0	0.677895789672383	0.977	0.835	0	"2"	"SHMT2"
0	0.677912682541394	0.997	0.977	0	"3"	"RBPMS"
0	0.677922517447006	0.942	0.878	0	"3"	"ROCK2"
0	0.678074834895676	0.844	0.572	0	"0"	"PRRX2"
0	0.67841014050164	0.852	0.655	0	"0"	"CUX1"
0	0.679393703424795	0.824	0.591	0	"2"	"ZBTB38"
0	0.679833836482504	0.909	0.76	0	"0"	"BRD4"
0	0.68154280084795	0.821	0.563	0	"2"	"TMEM9"
0	0.681944987872165	0.862	0.77	0	"3"	"MDFIC"
0	0.68315401472994	0.725	0.48	0	"0"	"SAP30"
0	0.683516796876117	0.78	0.538	0	"2"	"PSMB10"
0	0.683802351513362	0.646	0.408	0	"0"	"RPS6KA2"
0	0.684270921620307	0.819	0.419	0	"1"	"AOC3"
0	0.684641089828163	0.663	0.408	0	"0"	"PXN"
0	0.685132596661915	1	0.999	0	"1"	"HSPB6"
0	0.68532258760651	0.453	0.236	0	"0"	"NDUFA4L2"
0	0.686007925504232	1	0.998	0	"1"	"MGST1"
0	0.6860477617864	0.652	0.367	0	"0"	"TNFAIP6"
0	0.686967450078607	0.982	0.951	0	"4"	"NID1"
0	0.687080373473573	0.88	0.731	0	"1"	"IL17RC"
0	0.688066862469707	0.855	0.592	0	"2"	"BMP1"
0	0.688251349444304	0.969	0.867	0	"2"	"CD44"
0	0.688802700966377	0.968	0.804	0	"3"	"FADS2"
0	0.688911251623671	0.823	0.658	0	"1"	"LINC00632"
0	0.689695460105798	0.992	0.975	0	"3"	"ACADVL"
0	0.689771731236392	0.997	0.959	0	"2"	"FKBP10"
0	0.689903472185856	0.857	0.611	0	"0"	"B4GALT1"
0	0.690081628987551	0.895	0.731	0	"2"	"MAP1A"
0	0.690305588042853	0.999	0.985	0	"1"	"MT-ND3"
0	0.690710530733058	0.785	0.584	0	"0"	"CA12"
0	0.690845080691347	0.872	0.652	0	"2"	"PRMT2"
0	0.691513715249121	0.806	0.632	0	"0"	"PPP1CB"
0	0.692892108752462	0.917	0.81	0	"2"	"PLOD2"
0	0.692914436791537	0.886	0.629	0	"3"	"GPX3"
0	0.693250541091145	1	0.995	0	"6"	"ATP5F1D"
0	0.693764904668499	0.585	0.348	0	"0"	"BNC2"
0	0.695401405435351	0.852	0.64	0	"0"	"MFAP2"
0	0.695627687537246	0.93	0.833	0	"3"	"HSD17B4"
0	0.695934640791497	1	0.985	0	"2"	"COL3A1"
0	0.696229541356315	0.784	0.532	0	"2"	"DPYD"
0	0.69633651966328	0.978	0.929	0	"4"	"NQO1"
0	0.696342911290807	0.848	0.77	0	"1"	"ZMIZ1"
0	0.696535193573352	0.974	0.95	0	"0"	"DUSP1"
0	0.69656839352631	0.995	0.975	0	"6"	"ATP5F1C"
0	0.69707686927749	0.977	0.934	0	"3"	"NDUFA3"
0	0.697395216589065	0.937	0.756	0	"2"	"EWSR1"
0	0.69739672283177	0.956	0.757	0	"2"	"PLOD3"
0	0.697734777342294	0.69	0.449	0	"0"	"SCARF2"
0	0.698442134829329	0.932	0.915	0	"2"	"BGN"
0	0.698816376365967	0.844	0.631	0	"2"	"GDI1"
0	0.699000604260166	0.814	0.712	0	"3"	"ACO2"
0	0.699129957337193	0.962	0.818	0	"2"	"PPP1CA"
0	0.699191053986742	1	0.998	0	"3"	"MGST1"
0	0.699388209601817	0.996	0.975	0	"3"	"RHOBTB3"
0	0.700594365183456	0.776	0.502	0	"0"	"TRNP1"
0	0.701227853979949	0.947	0.822	0	"3"	"C1GALT1C1"
0	0.701603189705466	0.558	0.338	0	"0"	"SESN3"
0	0.701663266083095	0.961	0.807	0	"2"	"PFKL"
0	0.702381510192177	0.912	0.798	0	"4"	"RAB31"
0	0.702530106901934	0.888	0.648	0	"0"	"LTBP3"
0	0.702920591468386	0.95	0.79	0	"2"	"FNDC3B"
0	0.702996596348183	0.945	0.72	0	"0"	"PHGDH"
0	0.704017143916628	0.579	0.351	0	"0"	"TSPYL2"
0	0.705491936667811	0.964	0.804	0	"2"	"GNG12"
0	0.705763743371901	0.945	0.889	0	"3"	"H2AFJ"
0	0.706228025771495	0.956	0.783	0	"0"	"P3H1"
0	0.706457126758123	0.996	0.977	0	"6"	"RHOBTB3"
0	0.706677910073128	0.797	0.553	0	"2"	"ARHGAP21"
0	0.7068683596804	0.996	0.977	0	"1"	"RBPMS"
0	0.707830894980361	0.997	0.989	0	"6"	"ATP5PO"
0	0.708050298513974	0.999	0.998	0	"6"	"LGALS3"
0	0.708766196783456	0.894	0.692	0	"2"	"RNF187"
0	0.709436048480015	0.998	0.965	0	"3"	"MT-ND5"
0	0.709685682956704	0.936	0.74	0	"0"	"ZEB1"
0	0.711642932943807	0.818	0.478	0	"0"	"LTBP2"
0	0.71188136008769	0.813	0.559	0	"2"	"NT5C"
0	0.712500889883966	1	0.998	0	"3"	"HSP90AA1"
0	0.712905952561555	0.612	0.344	0	"0"	"LTBP1"
0	0.713398332961434	0.821	0.577	0	"2"	"MAP4K5"
0	0.714103603147178	0.892	0.668	0	"2"	"AARS"
0	0.714118499487437	0.993	0.971	0	"3"	"GSN"
0	0.714434601303819	0.707	0.405	0	"0"	"CAMTA2"
0	0.714628933658235	0.96	0.904	0	"3"	"MPC2"
0	0.71467569200127	0.942	0.831	0	"2"	"TUBB4B"
0	0.714948604829507	0.881	0.662	0	"2"	"MRPL54"
0	0.715040793736784	0.837	0.744	0	"3"	"NRN1"
0	0.715364351997186	0.956	0.908	0	"3"	"SCP2"
0	0.715482449458523	0.999	0.961	0	"3"	"DCXR"
0	0.715925937828015	0.978	0.883	0	"2"	"NDUFC1"
0	0.716372918277037	0.831	0.602	0	"0"	"INAFM1"
0	0.71650911789595	0.924	0.869	0	"3"	"PHLDA3"
0	0.717379241858566	0.865	0.693	0	"1"	"CUL4B"
0	0.717881009463966	0.987	0.957	0	"3"	"TMEM256"
0	0.71935559819506	0.962	0.875	0	"1"	"GBE1"
0	0.720650841990558	1	0.992	0	"6"	"ATP5F1A"
0	0.720831443275162	0.985	0.88	0	"2"	"REXO2"
0	0.720853293522206	0.994	0.977	0	"6"	"NDUFA1"
0	0.721526970081607	0.735	0.571	0	"1"	"TSPAN14"
0	0.722465298285517	0.93	0.873	0	"4"	"ADD3"
0	0.722660757427258	0.957	0.936	0	"0"	"MT1X"
0	0.722689796327947	0.891	0.661	0	"2"	"RNPEP"
0	0.723628492240185	0.585	0.355	0	"0"	"CCNG2"
0	0.723794770610521	0.581	0.354	0	"0"	"MRTFA"
0	0.724316209372482	0.939	0.739	0	"0"	"PLOD3"
0	0.724346211545101	0.998	0.981	0	"0"	"YBX3"
0	0.725113509019078	0.86	0.636	0	"0"	"PHC2"
0	0.725172889710171	0.999	0.992	0	"6"	"PSMA7"
0	0.725739034635389	0.765	0.521	0	"2"	"BAG6"
0	0.726029051957752	0.654	0.411	0	"0"	"STIM1"
0	0.726230934969869	0.881	0.637	0	"2"	"CARS"
0	0.726670697795075	0.97	0.853	0	"0"	"CRLF1"
0	0.727154090701533	0.999	0.994	0	"2"	"PRDX5"
0	0.727512505387014	0.706	0.427	0	"0"	"SMPDL3A"
0	0.728174485406397	0.973	0.962	0	"3"	"AP3S1"
0	0.728262506316311	0.779	0.528	0	"2"	"SIGIRR"
0	0.728320933632509	0.998	0.969	0	"0"	"FBLN2"
0	0.729367510386735	0.976	0.858	0	"2"	"EPRS"
0	0.729740300433015	0.929	0.86	0	"3"	"GOLGA4"
0	0.730031028538333	0.85	0.626	0	"2"	"PGM3"
0	0.730508224028084	0.912	0.769	0	"0"	"SAMHD1"
0	0.730807039590214	0.907	0.71	0	"2"	"AP1S1"
0	0.73194639125615	0.986	0.861	0	"2"	"POLD4"
0	0.732868009997055	1	0.986	0	"4"	"DCN"
0	0.733469201397374	0.998	0.968	0	"3"	"EPHX1"
0	0.733653744995235	0.959	0.629	0	"0"	"ISLR"
0	0.73370929798797	0.995	0.963	0	"3"	"SPTBN1"
0	0.734072836617473	0.983	0.771	0	"2"	"P4HA2"
0	0.73413190710388	0.804	0.562	0	"2"	"RIC8A"
0	0.734622385068316	0.991	0.922	0	"6"	"TMED5"
0	0.734784032043956	0.986	0.949	0	"6"	"MDH1"
0	0.735757009445948	1	0.998	0	"2"	"GNAS"
0	0.735873716414817	0.746	0.491	0	"2"	"EGFR"
0	0.735945666491088	0.865	0.631	0	"2"	"XPOT"
0	0.735998595220842	0.962	0.818	0	"0"	"ADAMTS2"
0	0.736051785930927	0.811	0.56	0	"2"	"B4GALT2"
0	0.737694861536706	0.997	0.97	0	"2"	"DRAP1"
0	0.737827551024633	0.929	0.877	0	"3"	"KIF5B"
0	0.738022716062821	1	0.994	0	"6"	"ATP5MPL"
0	0.738806520711607	0.826	0.723	0	"1"	"PLTP"
0	0.738937432556957	0.988	0.935	0	"2"	"NUPR1"
0	0.739564590885631	0.788	0.451	0	"0"	"COL14A1"
0	0.739726969547221	0.831	0.578	0	"2"	"EXT2"
0	0.739801722552489	0.999	0.985	0	"4"	"C1S"
0	0.740214137867837	0.99	0.968	0	"3"	"TECR"
0	0.740321755330032	1	1	0	"6"	"LDHB"
0	0.740525176472478	0.842	0.624	0	"0"	"GPX7"
0	0.74086836123755	0.749	0.503	0	"2"	"EGLN1"
0	0.741147755583782	0.972	0.816	0	"2"	"RAB34"
0	0.741582110808519	0.891	0.679	0	"0"	"IP6K2"
0	0.741932715523144	0.98	0.922	0	"0"	"COPS8"
0	0.743383317924017	0.525	0.296	0	"0"	"POGLUT2"
0	0.743452760185998	0.994	0.976	0	"3"	"HADHA"
0	0.744694724065438	0.786	0.527	0	"2"	"FTSJ1"
0	0.744707205833355	0.794	0.572	0	"2"	"CEP170"
0	0.746085214480524	0.731	0.472	0	"2"	"SNX7"
0	0.747179533913789	0.902	0.7	0	"2"	"HDGF"
0	0.747604909061167	0.876	0.686	0	"2"	"COX20"
0	0.747866295418899	0.914	0.769	0	"2"	"OPTN"
0	0.748920522606099	0.777	0.624	0	"1"	"METTL7A"
0	0.749373450967757	0.991	0.956	0	"6"	"TIMM13"
0	0.750230394881065	0.904	0.874	0	"0"	"PDLIM1"
0	0.750722301941457	0.954	0.794	0	"0"	"DNAJC1"
0	0.75110110241774	0.874	0.755	0	"3"	"CD302"
0	0.751182154997913	0.978	0.935	0	"6"	"NDUFA12"
0	0.751622554638029	0.999	0.984	0	"6"	"MT-ND4"
0	0.752643914353851	0.771	0.558	0	"0"	"CFB"
0	0.753138291726965	0.989	0.929	0	"2"	"YWHAZ"
0	0.75328936698888	1	0.983	0	"0"	"HLA-C"
0	0.753347058926865	0.951	0.902	0	"3"	"GLRX5"
0	0.754131636214971	0.829	0.589	0	"2"	"MBOAT7"
0	0.754216510988247	0.802	0.534	0	"2"	"IFT43"
0	0.754677211044962	0.92	0.827	0	"4"	"RBMS1"
0	0.755058320385526	0.636	0.379	0	"2"	"PACSIN2"
0	0.755428561601982	1	0.997	0	"6"	"COX6B1"
0	0.755945126436383	0.975	0.856	0	"2"	"GNB1"
0	0.756708813151374	0.989	0.96	0	"6"	"ZNHIT1"
0	0.757060939775986	0.983	0.711	0	"0"	"LOX"
0	0.75757783523275	0.808	0.562	0	"2"	"STK17A"
0	0.757618185040525	0.96	0.909	0	"4"	"PLPP1"
0	0.758046614542456	0.898	0.527	0	"1"	"ACACB"
0	0.758105366600712	0.837	0.559	0	"0"	"ALDH1L2"
0	0.758211249671426	0.602	0.375	0	"0"	"IRAK1"
0	0.758576754972847	0.899	0.789	0	"3"	"LIMS1"
0	0.758836229876689	0.911	0.703	0	"2"	"WSB1"
0	0.759292149944513	0.993	0.931	0	"6"	"NME1"
0	0.760933808245129	0.864	0.759	0	"1"	"ALDH1A3"
0	0.761415953140328	0.994	0.858	0	"0"	"LUM"
0	0.762374534466619	0.714	0.467	0	"2"	"DLST"
0	0.762958289227144	0.971	0.845	0	"0"	"PABPC4"
0	0.763443117211167	0.619	0.366	0	"0"	"JADE1"
0	0.765285096806428	0.473	0.267	0	"0"	"CERS6"
0	0.765997626607835	0.658	0.413	0	"2"	"ORMDL2"
0	0.766002579879693	0.735	0.461	0	"2"	"IFT22"
0	0.766521552505075	0.966	0.916	0	"1"	"PDGFRB"
0	0.766548530423758	0.998	0.967	0	"6"	"MT-ND5"
0	0.766725502014763	0.902	0.691	0	"2"	"NFIX"
0	0.766779328274636	0.916	0.727	0	"2"	"TWSG1"
0	0.767327322916141	1	1	0	"2"	"S100A11"
0	0.767567636261712	0.941	0.9	0	"4"	"PTGR1"
0	0.768404169691872	0.982	0.94	0	"6"	"NDUFB6"
0	0.768859212272912	0.985	0.951	0	"3"	"ECH1"
0	0.769534029747576	0.999	0.907	0	"2"	"OLFML3"
0	0.769875334662668	0.94	0.796	0	"0"	"MARCKSL1"
0	0.770536680258677	0.993	0.939	0	"2"	"CERCAM"
0	0.771373787295645	0.98	0.919	0	"4"	"REV3L"
0	0.771384061605387	0.996	0.935	0	"2"	"COL5A1"
0	0.771420356742475	0.772	0.524	0	"2"	"PKN1"
0	0.771477696631645	0.998	0.988	0	"6"	"VDAC2"
0	0.771511983462117	0.972	0.806	0	"1"	"PKDCC"
0	0.771600701658878	0.887	0.635	0	"2"	"ITGAV"
0	0.772120827319347	0.537	0.293	0	"0"	"MEIS3"
0	0.772817284704544	0.969	0.879	0	"2"	"TPM3"
0	0.77294522457481	0.979	0.925	0	"6"	"SDHD"
0	0.773242884947289	1	0.995	0	"0"	"TIMP1"
0	0.773424556479762	0.539	0.314	0	"0"	"TRIM38"
0	0.77344174135555	0.67	0.416	0	"2"	"TP53BP1"
0	0.774015814569923	0.999	0.993	0	"2"	"MYL12B"
0	0.774051269803134	0.7	0.434	0	"2"	"AKIP1"
0	0.774087487400378	0.79	0.553	0	"2"	"PXDC1"
0	0.775727852582544	1	1	0	"6"	"CD63"
0	0.776125461132205	0.704	0.456	0	"2"	"CHMP4B"
0	0.776291253253378	0.963	0.855	0	"2"	"ACTR2"
0	0.777154619078918	1	0.999	0	"6"	"PRDX6"
0	0.77716591070517	0.467	0.23	0	"0"	"PI16"
0	0.777623675873745	0.988	0.951	0	"3"	"HSPG2"
0	0.778268943498602	0.894	0.629	0	"2"	"B4GALT1"
0	0.779056857846362	0.988	0.943	0	"6"	"NDUFS6"
0	0.779929186695079	0.999	0.993	0	"3"	"MGST3"
0	0.780181658701429	0.631	0.374	0	"2"	"DALRD3"
0	0.780927643031085	1	0.996	0	"6"	"COX6C"
0	0.781105329729931	0.669	0.409	0	"2"	"ABI2"
0	0.782079328300088	0.995	0.983	0	"3"	"BCAP31"
0	0.782734858163824	0.995	0.929	0	"2"	"MMP24OS"
0	0.782924784199825	0.938	0.887	0	"0"	"FADS3"
0	0.782956265541175	0.974	0.884	0	"6"	"LARS"
0	0.784216049425736	1	0.985	0	"6"	"NDUFB9"
0	0.785531427323468	0.732	0.475	0	"0"	"SPATS2"
0	0.785737769882729	0.668	0.396	0	"0"	"GABARAPL1"
0	0.785805673231064	0.703	0.465	0	"2"	"ANKLE2"
0	0.786060406917537	0.852	0.731	0	"0"	"HSD11B1"
0	0.786129190628417	0.899	0.675	0	"2"	"UBA1"
0	0.78615583836134	1	0.999	0	"6"	"UQCRQ"
0	0.786210447869257	0.947	0.728	0	"2"	"PDGFRA"
0	0.786274156514864	0.639	0.346	0	"0"	"GLT8D2"
0	0.786509347091967	0.866	0.743	0	"3"	"CCDC50"
0	0.786525247468058	0.964	0.904	0	"3"	"HADHB"
0	0.786825521121214	0.709	0.566	0	"1"	"LBR"
0	0.787475290865866	0.994	0.984	0	"5"	"MYDGF"
0	0.788047491339572	0.505	0.284	0	"0"	"OSBPL5"
0	0.788233579784911	0.99	0.729	0	"1"	"CIDEC"
0	0.788534822934981	1	0.991	0	"6"	"UBB"
0	0.788816830918803	0.887	0.612	0	"2"	"TPBG"
0	0.789166179526209	0.674	0.392	0	"0"	"GALNS"
0	0.790402213196185	0.712	0.453	0	"2"	"TNIP1"
0	0.790517691223458	0.676	0.417	0	"2"	"AP2A2"
0	0.790717482344829	0.828	0.683	0	"3"	"FOXN3"
0	0.790937893207381	0.879	0.643	0	"2"	"TRIP6"
0	0.79208839540107	0.934	0.79	0	"2"	"SERPINB6"
0	0.793029605594219	0.808	0.548	0	"2"	"SMARCB1"
0	0.793041357416242	0.883	0.658	0	"2"	"DAP"
0	0.793412040514778	0.866	0.791	0	"3"	"C20orf27"
0	0.79454074162149	0.976	0.858	0	"2"	"SARS"
0	0.795517680460859	0.652	0.399	0	"2"	"VOPP1"
0	0.795587423617706	0.999	0.995	0	"6"	"ATP5MF"
0	0.796802259744422	0.888	0.637	0	"2"	"RBFOX2"
0	0.796973756947733	0.93	0.813	0	"0"	"RBBP7"
0	0.797454048320473	0.936	0.863	0	"3"	"SHC1"
0	0.797630617163386	0.845	0.509	0	"0"	"VASN"
0	0.798558482837674	0.774	0.581	0	"3"	"CYSTM1"
0	0.799012709677709	0.861	0.645	0	"2"	"RAB1B"
0	0.799171837179841	0.995	0.976	0	"6"	"ATP5PB"
0	0.79958522487881	0.996	0.975	0	"6"	"MT-ATP8"
0	0.799878737643698	0.718	0.454	0	"2"	"KLC1"
0	0.801292733556463	1	1	0	"3"	"RPLP2"
0	0.801329521922332	0.976	0.864	0	"2"	"GTF2H5"
0	0.801435406489416	0.938	0.85	0	"3"	"CYP51A1"
0	0.801514390201946	0.919	0.697	0	"2"	"GSTO1"
0	0.802219716849162	1	0.994	0	"3"	"SERPINF1"
0	0.802503852447646	0.997	0.968	0	"2"	"SEPTIN11"
0	0.803445623465861	0.716	0.455	0	"2"	"DOCK7"
0	0.80353173428233	0.587	0.34	0	"0"	"PMS2"
0	0.804123073992298	0.784	0.522	0	"2"	"SLC39A13"
0	0.804124373108902	0.987	0.896	0	"6"	"MPST"
0	0.804135399116097	0.875	0.649	0	"2"	"DCTN1"
0	0.804636549675187	0.683	0.388	0	"0"	"MTHFD1L"
0	0.805151853055229	0.917	0.78	0	"4"	"SLC44A1"
0	0.805340333830085	0.917	0.68	0	"2"	"TADA3"
0	0.806345016688499	0.868	0.621	0	"2"	"PDXK"
0	0.806980662578604	0.785	0.511	0	"2"	"CLSTN1"
0	0.807392997488544	0.79	0.638	0	"3"	"KYAT3"
0	0.807936990613283	0.702	0.416	0	"2"	"GALNS"
0	0.808468050666332	0.993	0.959	0	"6"	"TMEM256"
0	0.808752958994722	1	0.999	0	"6"	"COX7C"
0	0.809088549487326	1	1	0	"0"	"FTH1"
0	0.809487523327859	0.92	0.664	0	"2"	"DDR2"
0	0.811270690676658	0.966	0.941	0	"5"	"SPCS2"
0	0.811795001442472	0.608	0.359	0	"2"	"RALB"
0	0.812091415492413	0.788	0.5	0	"1"	"DUSP6"
0	0.812237397758744	0.963	0.82	0	"2"	"ARID5B"
0	0.813282862905372	0.857	0.735	0	"3"	"MPC1"
0	0.813357856468912	0.982	0.921	0	"5"	"TMED5"
0	0.814204860587541	0.968	0.903	0	"3"	"GCSH"
0	0.814720441913939	0.984	0.912	0	"2"	"MAP4"
0	0.81498891482524	0.999	0.988	0	"2"	"AP2M1"
0	0.815154964720776	0.701	0.424	0	"2"	"TSPAN5"
0	0.815327743782747	0.953	0.813	0	"4"	"FGF7"
0	0.816167272504026	0.944	0.705	0	"0"	"MRC2"
0	0.816318832948052	0.997	0.96	0	"6"	"ATP5ME"
0	0.816655209766352	0.673	0.405	0	"0"	"FAM110B"
0	0.816663222733826	0.778	0.525	0	"2"	"EML4"
0	0.81858582528238	0.902	0.663	0	"2"	"ECM1"
0	0.81862702207681	0.772	0.532	0	"2"	"TRNP1"
0	0.819602849611328	0.967	0.89	0	"3"	"MPST"
0	0.820057877435956	0.609	0.344	0	"2"	"WDR54"
0	0.820490905813291	0.947	0.871	0	"5"	"VEGFB"
0	0.820698903895112	0.927	0.74	0	"4"	"PDGFRA"
0	0.820706281321522	1	0.996	0	"6"	"ATP5MG"
0	0.820987716462404	0.917	0.818	0	"4"	"ZFP36L2"
0	0.82141767243738	0.771	0.601	0	"3"	"SCRN2"
0	0.821927782922398	0.97	0.803	0	"2"	"FGF7"
0	0.822092067553978	0.642	0.379	0	"2"	"HDGFL3"
0	0.8220940382345	0.94	0.776	0	"2"	"ARPC4"
0	0.822248372185824	0.999	0.965	0	"6"	"SPTBN1"
0	0.822914690550105	0.717	0.46	0	"2"	"LONP1"
0	0.823400686094034	0.903	0.747	0	"0"	"TSC22D3"
0	0.82440651174378	0.727	0.464	0	"2"	"CD109"
0	0.825085748774273	0.689	0.462	0	"1"	"DOCK11"
0	0.826180304637614	0.697	0.436	0	"2"	"LRP11"
0	0.826266143987111	0.82	0.682	0	"3"	"PRKAR2A"
0	0.82672053576783	0.591	0.342	0	"0"	"SLC7A11"
0	0.826910681504286	0.972	0.839	0	"0"	"MFAP4"
0	0.827095004540896	0.947	0.708	0	"0"	"COL16A1"
0	0.827271665610368	0.998	0.949	0	"0"	"HLA-B"
0	0.82816988605212	0.99	0.941	0	"6"	"NDUFS8"
0	0.828244030445921	0.992	0.897	0	"2"	"P4HA1"
0	0.830087549043626	0.996	0.971	0	"6"	"C1QBP"
0	0.830620743707229	0.825	0.506	0	"0"	"AEBP1"
0	0.831378457239633	0.957	0.797	0	"2"	"MAGED2"
0	0.832115245306374	0.993	0.953	0	"6"	"HSPG2"
0	0.832680811320531	0.988	0.909	0	"2"	"SNX6"
0	0.833111365537773	0.549	0.329	0	"0"	"KCNE4"
0	0.834311205904254	0.862	0.729	0	"3"	"AC002398.2"
0	0.834982577422776	0.887	0.676	0	"2"	"IFI16"
0	0.835205750629534	0.972	0.9	0	"4"	"TGFBR2"
0	0.835535303949176	0.982	0.978	0	"5"	"SNHG8"
0	0.835830040085404	0.708	0.473	0	"2"	"DUSP14"
0	0.836025853746351	0.976	0.865	0	"2"	"RAD23B"
0	0.836492520725349	0.994	0.967	0	"6"	"PRDX2"
0	0.838803790635857	0.998	0.987	0	"3"	"HSPE1"
0	0.838825179135802	1	0.929	0	"1"	"AKR1C1"
0	0.838835200385716	0.909	0.709	0	"2"	"PPP1R12A"
0	0.839325123472509	0.909	0.718	0	"2"	"MEG3"
0	0.840198205062532	0.585	0.317	0	"0"	"SEMA5A"
0	0.840444137814373	0.609	0.351	0	"2"	"POFUT2"
0	0.841394936906522	0.699	0.449	0	"2"	"SERTAD2"
0	0.841476783213949	0.999	0.957	0	"2"	"TIMP2"
0	0.841745629480516	0.879	0.67	0	"1"	"DHCR24"
0	0.842110353373736	0.85	0.788	0	"1"	"OAF"
0	0.842330726092672	0.628	0.361	0	"0"	"FSTL3"
0	0.843174945178484	0.738	0.467	0	"2"	"ZMYM4"
0	0.843248476573997	0.958	0.752	0	"2"	"SH3BGRL"
0	0.843335039904833	0.711	0.459	0	"2"	"MICU1"
0	0.843602756762167	0.667	0.401	0	"2"	"LRRC42"
0	0.843745392873572	0.984	0.917	0	"6"	"PHB"
0	0.844241545096621	1	1	0	"0"	"SPARC"
0	0.844468141866791	0.966	0.799	0	"2"	"LRP10"
0	0.844499476026123	0.662	0.416	0	"2"	"CNST"
0	0.845082960518245	0.627	0.365	0	"2"	"MCRS1"
0	0.845459860957239	0.718	0.448	0	"2"	"TSEN15"
0	0.846136930281631	0.76	0.511	0	"0"	"NFKBIZ"
0	0.847913650539937	0.789	0.562	0	"2"	"CAMK2D"
0	0.848323700671076	0.739	0.457	0	"0"	"FOSL2"
0	0.848478288362956	1	1	0	"2"	"GAPDH"
0	0.849804335327739	0.993	0.954	0	"6"	"ECH1"
0	0.852103139788127	1	0.964	0	"6"	"DCXR"
0	0.852397714033406	0.96	0.843	0	"2"	"JUNB"
0	0.852895629878704	0.975	0.856	0	"4"	"LPAR1"
0	0.852958529025906	0.834	0.55	0	"2"	"CHMP3"
0	0.853386336632437	0.995	0.865	0	"0"	"EFEMP2"
0	0.853510663143174	1	0.967	0	"0"	"HTRA1"
0	0.854206054440889	0.983	0.879	0	"2"	"CTSZ"
0	0.854394100200924	0.85	0.609	0	"2"	"RBM4"
0	0.85660234128833	0.998	0.982	0	"2"	"ARPC3"
0	0.857155707726758	0.998	0.978	0	"6"	"HADHA"
0	0.857428950985989	0.358	0.173	0	"0"	"WDR81"
0	0.857778052006994	0.702	0.354	0	"0"	"STC2"
0	0.858070984399039	0.879	0.62	0	"2"	"ARF3"
0	0.858106324400147	0.947	0.749	0	"2"	"BCL7C"
0	0.858116533533412	0.902	0.672	0	"2"	"LAMB2"
0	0.858411129869946	0.572	0.323	0	"2"	"COMMD7"
0	0.858533363632519	0.736	0.592	0	"1"	"COX7A1"
0	0.861421918444295	0.809	0.519	0	"2"	"SHISA4"
0	0.861516529614262	1	0.977	0	"3"	"CAV1"
0	0.861833961147961	0.831	0.562	0	"2"	"LDOC1"
0	0.862922807852791	0.58	0.329	0	"0"	"PITX2"
0	0.863405538494385	0.884	0.579	0	"2"	"ALDH1L2"
0	0.863951094867428	0.968	0.82	0	"2"	"ARHGDIA"
0	0.865201160855332	0.853	0.585	0	"0"	"KLF9"
0	0.865833029539687	1	0.994	0	"6"	"RTN4"
0	0.865834556904464	0.999	0.946	0	"1"	"NID1"
0	0.866446990528789	0.969	0.901	0	"0"	"DANCR"
0	0.866570471955741	0.813	0.67	0	"3"	"CCNH"
0	0.866616368456581	0.595	0.336	0	"2"	"VPS35L"
0	0.867160636251006	0.651	0.387	0	"2"	"PMF1"
0	0.867424982648511	0.564	0.307	0	"0"	"MAN2B2"
0	0.867511327578963	0.908	0.875	0	"3"	"TWF2"
0	0.867842238991584	1	0.999	0	"2"	"TMSB4X"
0	0.867924246187793	0.661	0.394	0	"2"	"CDC42BPA"
0	0.867981944196693	0.86	0.606	0	"0"	"HIPK2"
0	0.869039593215275	0.999	0.95	0	"0"	"FBN1"
0	0.869167825924248	0.439	0.229	0	"0"	"NIPAL2"
0	0.869331956325661	0.824	0.506	0	"0"	"PTK7"
0	0.869478682354286	0.988	0.96	0	"5"	"RPN1"
0	0.870127472066912	0.937	0.729	0	"2"	"TPD52L2"
0	0.870252424748326	0.57	0.327	0	"2"	"WDFY1"
0	0.872087307023929	0.757	0.524	0	"0"	"ID2"
0	0.872650787496839	0.88	0.641	0	"0"	"TMEM45A"
0	0.873197702625087	0.835	0.689	0	"3"	"NFU1"
0	0.873407502058495	0.982	0.933	0	"3"	"RTN3"
0	0.873862418642243	0.999	0.997	0	"2"	"RHOA"
0	0.874593468635876	0.4	0.198	0	"0"	"WDFY3-AS2"
0	0.874613647640305	0.583	0.324	0	"2"	"LHPP"
0	0.875092073047006	0.481	0.268	0	"0"	"BACE2"
0	0.875142502978661	0.839	0.712	0	"4"	"PTGES"
0	0.876109419453032	0.989	0.972	0	"4"	"CLU"
0	0.876629811467085	0.77	0.496	0	"2"	"YAP1"
0	0.876929726447656	0.989	0.895	0	"0"	"PPIC"
0	0.876961936772622	0.957	0.865	0	"3"	"CYCS"
0	0.877580832762576	0.601	0.401	0	"1"	"CSAD"
0	0.878485470553376	0.98	0.859	0	"2"	"LINC02802"
0	0.87851054650363	0.935	0.777	0	"2"	"DDB1"
0	0.878517886369119	0.524	0.285	0	"2"	"SKA2"
0	0.879093680755557	0.667	0.408	0	"2"	"MYO9B"
0	0.879763881357834	0.471	0.243	0	"0"	"PTGFR"
0	0.880283908005573	0.963	0.88	0	"6"	"MTCH2"
0	0.881032465783266	0.479	0.242	0	"2"	"UNC5B"
0	0.881713709976776	0.623	0.365	0	"2"	"PHLDB2"
0	0.881805342637636	0.734	0.609	0	"1"	"PTPRS"
0	0.881889433641159	0.988	0.971	0	"5"	"SNHG6"
0	0.881993380834458	0.628	0.357	0	"2"	"GBA"
0	0.882399052258018	0.524	0.268	0	"2"	"PLSCR1"
0	0.882554377636429	0.609	0.359	0	"2"	"PIP5K1A"
0	0.882715923024519	0.995	0.93	0	"2"	"CKAP4"
0	0.884889863073343	0.999	0.989	0	"2"	"CALR"
0	0.88511596384096	0.793	0.461	0	"2"	"TGIF1"
0	0.885490685906592	0.995	0.988	0	"5"	"SARAF"
0	0.885535234805405	0.437	0.233	0	"0"	"SLC25A28"
0	0.886104669815969	0.845	0.579	0	"2"	"MRPL28"
0	0.886190000945853	0.86	0.559	0	"0"	"BMP1"
0	0.886270793615384	0.861	0.721	0	"3"	"PLTP"
0	0.886893813374154	0.743	0.486	0	"2"	"KRAS"
0	0.887043691230814	0.99	0.981	0	"5"	"SERP1"
0	0.88734192582385	0.989	0.894	0	"0"	"BGN"
0	0.888030857076976	0.812	0.535	0	"0"	"SH3BP5"
0	0.888216163613301	0.424	0.217	0	"0"	"AGA"
0	0.888279470303209	0.897	0.501	0	"2"	"ITGBL1"
0	0.888569274134745	0.947	0.744	0	"2"	"MZT2A"
0	0.888689027666974	0.991	0.911	0	"1"	"AKR1C3"
0	0.888861277611185	0.893	0.778	0	"5"	"ALG5"
0	0.888952397380356	0.952	0.801	0	"1"	"FADS2"
0	0.889119002339248	0.621	0.347	0	"2"	"DNASE2"
0	0.889680867536774	0.88	0.642	0	"1"	"LPCAT3"
0	0.890065351591436	0.926	0.711	0	"2"	"CTTN"
0	0.890265379197953	0.651	0.403	0	"2"	"DDX41"
0	0.890431560951627	1	0.998	0	"6"	"COX5B"
0	0.890730161314426	0.973	0.906	0	"6"	"GLRX5"
0	0.891244560640974	0.978	0.839	0	"0"	"IL1R1"
0	0.891289619398132	0.953	0.841	0	"3"	"MT-ND6"
0	0.89152008720033	0.906	0.681	0	"2"	"DSE"
0	0.892111414631248	0.999	0.996	0	"3"	"NDUFC2"
0	0.892734753774869	0.611	0.37	0	"2"	"GGH"
0	0.892773872159888	0.52	0.262	0	"2"	"JAZF1"
0	0.893444806284101	0.791	0.559	0	"0"	"CPD"
0	0.894494127302452	0.898	0.626	0	"2"	"YARS"
0	0.895609690031329	0.718	0.467	0	"0"	"BCL3"
0	0.896852220896825	0.619	0.386	0	"0"	"RORA"
0	0.896860006883131	0.981	0.855	0	"2"	"COPZ2"
0	0.897378883493809	0.996	0.973	0	"2"	"AHNAK"
0	0.897794158175287	1	0.997	0	"1"	"SRPX"
0	0.897946728163583	0.985	0.981	0	"5"	"HM13"
0	0.898078883408658	0.989	0.877	0	"3"	"TSKU"
0	0.898482097351122	0.999	0.936	0	"2"	"THY1"
0	0.898591714878071	0.992	0.922	0	"6"	"DECR1"
0	0.899172626745728	0.725	0.453	0	"2"	"SLC39A14"
0	0.899410651465899	0.961	0.842	0	"3"	"ZEB2"
0	0.899431817180192	0.988	0.928	0	"6"	"NDUFA7"
0	0.900188051709598	0.955	0.816	0	"6"	"DDX21"
0	0.900264617725431	0.782	0.523	0	"2"	"SYNC"
0	0.900709936424226	0.956	0.732	0	"2"	"PLSCR3"
0	0.900946496365228	0.915	0.794	0	"3"	"YWHAG"
0	0.901069370994707	0.968	0.86	0	"4"	"PLPP3"
0	0.901910104622419	0.994	0.97	0	"6"	"NDUFA6"
0	0.902469808346463	0.739	0.431	0	"2"	"CAMTA2"
0	0.902722929991188	0.815	0.532	0	"0"	"ANTXR1"
0	0.902930117809451	0.975	0.803	0	"0"	"QSOX1"
0	0.90376238422976	1	0.989	0	"6"	"PEBP1"
0	0.903855115459912	0.813	0.536	0	"0"	"RNF115"
0	0.904106267613787	0.864	0.724	0	"3"	"ST6GALNAC4"
0	0.904522395602613	0.744	0.451	0	"2"	"IL13RA1"
0	0.904741412395779	0.486	0.251	0	"0"	"PLSCR1"
0	0.905850542441507	0.995	0.939	0	"2"	"EHD2"
0	0.906116328670636	0.786	0.594	0	"3"	"CKB"
0	0.906434196778281	0.538	0.32	0	"0"	"HS6ST1"
0	0.907319244921189	0.861	0.612	0	"4"	"CLDN11"
0	0.909226364860801	0.824	0.473	0	"2"	"BCL3"
0	0.909371634701559	0.94	0.888	0	"5"	"MCFD2"
0	0.909545351368785	0.573	0.318	0	"2"	"TNFSF12"
0	0.909624987634607	0.546	0.305	0	"2"	"ACOT7"
0	0.90976583028966	0.991	0.885	0	"1"	"FADS1"
0	0.910563561043774	0.998	0.979	0	"1"	"PGD"
0	0.911172309418945	0.992	0.866	0	"2"	"PLOD1"
0	0.911639734216443	0.98	0.909	0	"6"	"HADHB"
0	0.912613037068441	0.814	0.587	0	"2"	"ATP2A2"
0	0.913041913436052	0.976	0.944	0	"5"	"OS9"
0	0.913159940555922	1	0.894	0	"1"	"AKR1C2"
0	0.913540052357105	0.934	0.702	0	"2"	"FLOT1"
0	0.914143564214097	0.605	0.341	0	"2"	"KCNE4"
0	0.914260115723872	0.838	0.533	0	"2"	"CNPY3"
0	0.914686076087913	0.731	0.45	0	"2"	"ANKRD13A"
0	0.914730325383315	0.986	0.904	0	"2"	"MTCH1"
0	0.915071639634111	0.851	0.537	0	"2"	"IER5L"
0	0.915923123804817	0.921	0.667	0	"2"	"PAM"
0	0.917165203999725	0.688	0.406	0	"2"	"GLTP"
0	0.917552532289633	0.691	0.448	0	"0"	"ANGPT1"
0	0.918636982622474	0.888	0.594	0	"2"	"PDIA5"
0	0.918964291093553	0.665	0.383	0	"2"	"PEF1"
0	0.919905926813915	0.618	0.354	0	"2"	"WIPF1"
0	0.920659136944345	0.765	0.501	0	"2"	"PPP1R18"
0	0.921207549976693	1	0.996	0	"2"	"P4HB"
0	0.921320381703627	0.629	0.369	0	"2"	"LTBP1"
0	0.9218749584135	0.93	0.698	0	"2"	"TARS"
0	0.922257593604534	0.985	0.909	0	"6"	"ARL6IP1"
0	0.922422882025214	0.868	0.7	0	"3"	"GLIPR2"
0	0.924403674485583	0.875	0.682	0	"2"	"PDLIM5"
0	0.926157869866028	0.973	0.79	0	"0"	"SPOCK1"
0	0.927248463299765	0.99	0.916	0	"2"	"GNAI2"
0	0.928158099070687	0.978	0.936	0	"5"	"SNHG32"
0	0.928439093055579	0.872	0.611	0	"0"	"ITGAV"
0	0.92884179107332	0.853	0.737	0	"1"	"LIPA"
0	0.929737524153762	0.603	0.327	0	"2"	"SCRN1"
0	0.929934836476839	0.518	0.275	0	"2"	"CTTNBP2NL"
0	0.93004268333362	1	0.995	0	"6"	"ATP5F1B"
0	0.9305600058018	0.901	0.805	0	"3"	"IMPAD1"
0	0.930588676639458	1	0.99	0	"6"	"RAB2A"
0	0.930689075788774	0.983	0.875	0	"3"	"GBE1"
0	0.930951868088936	0.97	0.835	0	"2"	"ILK"
0	0.931083048316574	0.749	0.513	0	"3"	"NET1"
0	0.931568745251223	0.802	0.564	0	"0"	"MOXD1"
0	0.931759199482032	0.893	0.645	0	"2"	"TMOD3"
0	0.932008161187377	0.739	0.541	0	"3"	"SLC66A1L"
0	0.932707823144218	0.467	0.238	0	"2"	"NBPF15"
0	0.933201207922257	0.667	0.395	0	"2"	"XG"
0	0.933560566889916	0.494	0.259	0	"2"	"CFAP410"
0	0.934588668247303	0.987	0.915	0	"0"	"TCEAL4"
0	0.935902775911131	0.516	0.231	0	"0"	"DPP4"
0	0.936423974062089	0.783	0.618	0	"3"	"BLCAP"
0	0.936627598618218	0.39	0.19	0	"0"	"GRB10"
0	0.937123811911202	0.767	0.559	0	"2"	"DCBLD2"
0	0.937165661551787	0.703	0.426	0	"2"	"SNAPC1"
0	0.938645475363258	0.971	0.868	0	"6"	"HSPA9"
0	0.939174332340123	1	0.995	0	"6"	"UQCR10"
0	0.939322429300855	0.54	0.314	0	"0"	"AC015871.1"
0	0.941353499315733	0.904	0.642	0	"2"	"TRIOBP"
0	0.941383187347827	0.608	0.39	0	"1"	"CITED4"
0	0.941553983502616	1	0.999	0	"2"	"ALDOA"
0	0.94201181862111	0.985	0.848	0	"2"	"ANXA11"
0	0.942322637351892	0.905	0.761	0	"3"	"TMEM120A"
0	0.94250512482952	0.733	0.431	0	"2"	"SPATA20"
0	0.942859562789043	1	0.998	0	"2"	"TPI1"
0	0.943115257834227	1	0.994	0	"6"	"COX8A"
0	0.943519577045505	0.998	0.943	0	"2"	"EMP3"
0	0.943567725413491	0.866	0.584	0	"0"	"CUTC"
0	0.944520466508829	0.75	0.481	0	"0"	"BEST1"
0	0.945513694809278	0.604	0.349	0	"2"	"C11orf98"
0	0.946044064923189	0.612	0.341	0	"2"	"CTDSP1"
0	0.947391490717514	0.981	0.924	0	"6"	"COX14"
0	0.948511993357385	0.539	0.271	0	"2"	"ETS1"
0	0.950202048938537	0.491	0.257	0	"2"	"SYT11"
0	0.950713989219707	0.743	0.488	0	"2"	"MEIS2"
0	0.951010440017703	0.409	0.214	0	"0"	"AGPAT4"
0	0.951026120394329	0.496	0.258	0	"2"	"CCDC122"
0	0.951738838944742	1	0.906	0	"6"	"AKR1C2"
0	0.951945299651015	0.477	0.246	0	"0"	"NCS1"
0	0.952514757127168	0.998	0.913	0	"2"	"ZYX"
0	0.952854516285846	0.461	0.228	0	"2"	"CPT1A"
0	0.953256496231575	0.996	0.936	0	"2"	"CLIC4"
0	0.954047764013174	1	0.998	0	"0"	"COL1A2"
0	0.955352242377577	0.72	0.427	0	"2"	"CTNND1"
0	0.95552095152269	0.832	0.566	0	"2"	"DBNL"
0	0.956234280577087	0.999	0.988	0	"2"	"PGAM1"
0	0.956756289064963	0.944	0.768	0	"2"	"CTNNA1"
0	0.957262672955705	0.881	0.63	0	"0"	"EMP1"
0	0.958014093772543	1	0.998	0	"6"	"HSPA8"
0	0.958544516379981	0.991	0.908	0	"2"	"CAPNS1"
0	0.95857867627454	0.771	0.513	0	"0"	"VGLL4"
0	0.958701237581198	1	0.967	0	"1"	"CYB5A"
0	0.959051238467012	0.524	0.269	0	"0"	"DNMBP"
0	0.959663616628434	0.998	0.942	0	"0"	"ZFP36L1"
0	0.959733845333379	0.85	0.666	0	"3"	"PCYT2"
0	0.961255591599776	1	0.998	0	"6"	"ATP5MC3"
0	0.961583628526032	0.765	0.462	0	"2"	"FAS"
0	0.961993998041315	0.571	0.292	0	"2"	"C11orf49"
0	0.962389333820002	0.411	0.214	0	"0"	"AFF1"
0	0.96244199358658	0.939	0.745	0	"2"	"IPO5"
0	0.963106664907053	0.781	0.306	0	"0"	"TNC"
0	0.963261971534516	0.994	0.79	0	"1"	"RASD1"
0	0.963554285993732	0.899	0.749	0	"0"	"NR2F2"
0	0.963919609112822	0.985	0.817	0	"2"	"IFI27L2"
0	0.964529810827172	0.922	0.777	0	"6"	"SDHB"
0	0.965215534882225	0.99	0.933	0	"6"	"TCP1"
0	0.965714482165815	0.512	0.276	0	"2"	"SLC16A7"
0	0.966291882529062	0.975	0.89	0	"6"	"NDUFB5"
0	0.966612110635453	0.835	0.568	0	"3"	"RNASE4"
0	0.966878839096285	1	0.897	0	"3"	"AKR1C2"
0	0.967144183841755	0.973	0.863	0	"6"	"GOLGA4"
0	0.967157111443659	0.525	0.28	0	"0"	"FBXO42"
0	0.967590184297211	0.451	0.245	0	"0"	"TNFAIP3"
0	0.967808980066444	0.467	0.225	0	"0"	"GGT5"
0	0.968304784508932	0.755	0.442	0	"2"	"ARMCX2"
0	0.969318896226073	0.864	0.675	0	"0"	"SPON2"
0	0.970070155724644	0.683	0.343	0	"0"	"TFPI2"
0	0.970709938138411	0.67	0.381	0	"2"	"PRKCI"
0	0.970839828634669	0.999	0.979	0	"0"	"PNRC1"
0	0.97116094952376	0.875	0.62	0	"2"	"PLP2"
0	0.971760694352502	0.885	0.731	0	"0"	"ID3"
0	0.97603978622707	0.917	0.579	0	"3"	"IL17RE"
0	0.976096697376487	0.442	0.218	0	"1"	"LYPLAL1-AS1"
0	0.976108825706986	0.895	0.633	0	"2"	"CLIP3"
0	0.97611163888514	0.477	0.215	0	"0"	"PODNL1"
0	0.97654632751609	0.588	0.313	0	"2"	"SMYD2"
0	0.976829040738301	0.634	0.374	0	"0"	"OSR2"
0	0.97687211249621	0.983	0.966	0	"5"	"TMED2"
0	0.97742743693555	0.957	0.824	0	"2"	"SLIT3"
0	0.977497551099899	0.793	0.49	0	"2"	"HOMER3"
0	0.97770251954311	1	1	0	"2"	"LGALS1"
0	0.978504677891495	0.905	0.731	0	"3"	"FHL1"
0	0.978919933906627	0.914	0.65	0	"2"	"TP53I3"
0	0.979042471604606	0.997	0.987	0	"5"	"CANX"
0	0.980131787707817	0.973	0.92	0	"1"	"SERPING1"
0	0.980331328124514	0.706	0.522	0	"3"	"ME2"
0	0.9816513482316	0.448	0.218	0	"0"	"STXBP5"
0	0.981847234991592	0.91	0.766	0	"3"	"HSDL2"
0	0.982079451524979	1	0.999	0	"2"	"CFL1"
0	0.983785196483363	1	0.999	0	"3"	"PRDX6"
0	0.984023168491238	0.971	0.855	0	"6"	"CYP51A1"
0	0.984180904635571	0.896	0.754	0	"3"	"CHP1"
0	0.984205997078247	0.602	0.278	0	"0"	"HMCN1"
0	0.984622807631451	0.501	0.279	0	"0"	"CACNA2D1"
0	0.984692532151206	0.924	0.806	0	"3"	"SH3PXD2A"
0	0.984816249995035	0.56	0.283	0	"2"	"TRIB3"
0	0.984998401951151	0.725	0.409	0	"2"	"NTAN1"
0	0.985261345150612	0.958	0.69	0	"6"	"DHCR24"
0	0.986280585970136	1	0.993	0	"6"	"MGST3"
0	0.986364590506037	0.914	0.771	0	"0"	"FAM177A1"
0	0.986393247614707	0.989	0.921	0	"2"	"CNN3"
0	0.986991103392024	1	1	0	"2"	"TMSB10"
0	0.987057432699689	0.81	0.594	0	"3"	"MSMO1"
0	0.988109350708314	0.739	0.388	0	"2"	"ALCAM"
0	0.98887528088728	0.465	0.23	0	"2"	"AGA"
0	0.988965868230253	0.527	0.262	0	"0"	"YPEL2"
0	0.989588593489193	0.662	0.46	0	"1"	"DHCR7"
0	0.989668226428156	0.552	0.296	0	"2"	"CTIF"
0	0.990377254540607	0.919	0.667	0	"2"	"ADAM10"
0	0.990625089636306	0.93	0.704	0	"0"	"ATF5"
0	0.992182933355056	0.999	0.951	0	"2"	"CD59"
0	0.992337507052862	0.53	0.266	0	"2"	"PEX10"
0	0.992618557036949	0.813	0.534	0	"0"	"ANGPTL1"
0	0.993143106911805	0.797	0.519	0	"2"	"PCDH18"
0	0.994266291812238	0.453	0.229	0	"2"	"ACTR1B"
0	0.994703515636373	0.686	0.433	0	"3"	"NOVA1"
0	0.995222084813759	0.912	0.714	0	"2"	"YWHAH"
0	0.995739455413336	0.977	0.729	0	"1"	"PDK4"
0	0.995830143792391	0.77	0.45	0	"2"	"HDAC1"
0	0.996405510587476	0.681	0.457	0	"3"	"LSS"
0	0.997507567675015	1	0.984	0	"0"	"DCN"
0	0.997538845775888	0.975	0.879	0	"6"	"MRPS36"
0	0.997855662626632	0.989	0.937	0	"6"	"TIMM8B"
0	0.998681957844156	0.517	0.26	0	"2"	"RPGRIP1L"
0	0.998736445555985	0.437	0.213	0	"2"	"SMG6"
0	0.998788404115036	0.612	0.345	0	"0"	"MAP9"
0	0.999640677337941	0.995	0.93	0	"3"	"ELOVL5"
0	0.999782414533977	0.553	0.291	0	"2"	"NAV3"
0	0.999789216306623	1	1	0	"2"	"PFN1"
0	1.00004834078672	0.995	0.944	0	"2"	"S100A13"
0	1.00064004342298	0.963	0.741	0	"0"	"SLC44A1"
0	1.00084184150611	0.759	0.468	0	"2"	"YIPF2"
0	1.0020317626556	0.999	0.976	0	"6"	"ACADVL"
0	1.00437083005439	0.931	0.765	0	"2"	"OSBPL8"
0	1.00469165216398	0.665	0.363	0	"2"	"SHKBP1"
0	1.0050298092424	0.773	0.595	0	"3"	"TOB2"
0	1.00537566340489	0.611	0.322	0	"2"	"ARHGAP24"
0	1.00569540033628	0.637	0.424	0	"3"	"MMD"
0	1.00654645695294	0.547	0.278	0	"0"	"BAIAP2"
0	1.00737774989943	0.521	0.264	0	"2"	"BEND6"
0	1.00874966835566	0.453	0.217	0	"2"	"ZNF414"
0	1.00892618974159	0.484	0.239	0	"2"	"PNPLA6"
0	1.00894550035342	0.993	0.962	0	"6"	"AP3S1"
0	1.00941437846777	0.979	0.878	0	"6"	"ECHS1"
0	1.00965062091101	0.742	0.513	0	"3"	"TLE1"
0	1.01016518212487	0.833	0.715	0	"5"	"CLPTM1L"
0	1.01022253900754	0.421	0.201	0	"2"	"PAK1"
0	1.01059811118053	0.953	0.846	0	"6"	"CCDC92"
0	1.0112045022929	0.751	0.493	0	"2"	"SMARCA2"
0	1.01378109238708	0.739	0.418	0	"2"	"P3H3"
0	1.0144155535128	0.914	0.732	0	"6"	"FKBP4"
0	1.01447607413098	0.44	0.202	0	"2"	"SMAD7"
0	1.01532453022562	0.495	0.241	0	"2"	"KLF7"
0	1.01613289220523	1	1	0	"2"	"MYL6"
0	1.01688329615769	0.979	0.889	0	"3"	"CAT"
0	1.01704575111094	0.972	0.919	0	"5"	"FKBP11"
0	1.01732460598432	0.663	0.361	0	"1"	"SPRY1"
0	1.01830740966479	0.971	0.879	0	"6"	"UQCRC2"
0	1.01845191707669	0.7	0.409	0	"2"	"NFYB"
0	1.01867186041489	0.868	0.634	0	"0"	"ATP1A1"
0	1.01922552477563	0.587	0.366	0	"3"	"TMEM53"
0	1.02133481318358	0.572	0.301	0	"2"	"BABAM2"
0	1.02174367219612	0.925	0.689	0	"0"	"LGMN"
0	1.02203321568072	0.687	0.503	0	"3"	"APIP"
0	1.02218816845507	0.53	0.267	0	"2"	"CASP4"
0	1.02254381260649	0.942	0.74	0	"2"	"NPTN"
0	1.02299965963305	0.511	0.258	0	"0"	"TMEM132A"
0	1.02347396034472	0.744	0.583	0	"1"	"SRPX2"
0	1.02358363202239	0.571	0.293	0	"2"	"EMX2"
0	1.0235867023291	0.948	0.727	0	"2"	"RAB32"
0	1.02369633954196	0.962	0.824	0	"6"	"MRPL12"
0	1.02405657623686	0.878	0.575	0	"1"	"IL17RE"
0	1.02461126848406	0.709	0.451	0	"2"	"NABP1"
0	1.02482931748608	0.936	0.571	0	"0"	"ITGA5"
0	1.02496821555471	0.85	0.534	0	"2"	"PTK7"
0	1.02525356160327	0.503	0.257	0	"0"	"RYBP"
0	1.02586212963109	0.974	0.85	0	"6"	"MT-ND6"
0	1.02696626653034	1	0.999	0	"6"	"UQCRH"
0	1.02697959131701	0.922	0.669	0	"2"	"SORBS3"
0	1.02721279619287	1	0.996	0	"6"	"COX7A2"
0	1.02724008269931	0.72	0.42	0	"0"	"CD55"
0	1.0276907465478	0.764	0.548	0	"3"	"SIAH1"
0	1.02843780206711	0.937	0.816	0	"6"	"SUCLG1"
0	1.02884438195803	0.579	0.303	0	"2"	"HYI"
0	1.02895698592985	0.817	0.489	0	"2"	"SGCE"
0	1.02905361455823	1	1	0	"6"	"RPLP2"
0	1.03017232963255	0.355	0.174	0	"0"	"ZNF618"
0	1.03044384523767	1	0.998	0	"2"	"ITGB1"
0	1.03064047045496	0.891	0.59	0	"0"	"ZNF503"
0	1.03129337255523	0.874	0.583	0	"6"	"TSPAN14"
0	1.03140301229041	0.987	0.883	0	"2"	"VCAN"
0	1.03243461343208	0.843	0.672	0	"3"	"HSPA1A"
0	1.03244648721137	0.484	0.244	0	"2"	"WASHC2A"
0	1.03268133390341	0.995	0.96	0	"6"	"SLIRP"
0	1.03287604687408	0.965	0.761	0	"0"	"RAB31"
0	1.0332686326926	0.483	0.223	0	"0"	"GALNT15"
0	1.03451598618975	0.996	0.907	0	"2"	"MXRA7"
0	1.0350750193885	0.913	0.604	0	"2"	"WARS"
0	1.03581314185686	0.907	0.588	0	"2"	"PRRX2"
0	1.03659419920972	0.387	0.175	0	"2"	"TMEM204"
0	1.03687441832559	0.895	0.734	0	"2"	"ATF5"
0	1.0384156968197	0.357	0.176	0	"0"	"FAM43A"
0	1.0385391485111	0.903	0.691	0	"2"	"KDELR3"
0	1.03892941329162	0.966	0.763	0	"6"	"ABHD5"
0	1.03935048629651	0.988	0.896	0	"6"	"CAT"
0	1.04007210766604	0.491	0.252	0	"2"	"JMJD6"
0	1.04037555890473	0.866	0.568	0	"2"	"MARS"
0	1.04039184015185	0.799	0.477	0	"2"	"TMEM47"
0	1.04130437995318	0.393	0.18	0	"2"	"AP4M1"
0	1.04131556057182	0.73	0.532	0	"3"	"PCBD1"
0	1.04210528732292	0.728	0.502	0	"3"	"SLC25A51"
0	1.04226074997312	0.387	0.184	0	"0"	"GANC"
0	1.04322862770353	0.403	0.188	0	"2"	"CAMK2G"
0	1.0437549144784	0.446	0.213	0	"2"	"PRKCA"
0	1.04530344770714	0.707	0.403	0	"2"	"IDS"
0	1.04560395416876	0.953	0.742	0	"2"	"PHGDH"
0	1.04590888940998	0.987	0.937	0	"6"	"CYC1"
0	1.0461608516363	0.814	0.603	0	"1"	"UNG"
0	1.04632988577906	0.929	0.837	0	"5"	"TWIST1"
0	1.04640918022823	0.702	0.473	0	"3"	"SLC5A3"
0	1.04766573817099	0.665	0.419	0	"2"	"SERINC2"
0	1.0494189759084	0.692	0.472	0	"3"	"ACACA"
0	1.04953099839491	0.949	0.789	0	"0"	"GOPC"
0	1.0498448436291	0.956	0.731	0	"2"	"ENG"
0	1.04986752061853	0.979	0.835	0	"2"	"LIMA1"
0	1.05011831582726	1	0.984	0	"0"	"COL3A1"
0	1.05048186775574	0.711	0.433	0	"1"	"AP000331.1"
0	1.05062536222821	0.816	0.578	0	"3"	"RXRA"
0	1.05063903041573	0.733	0.424	0	"2"	"PSMB9"
0	1.05190601377991	0.994	0.919	0	"6"	"PFDN2"
0	1.05209665019895	0.67	0.307	0	"1"	"UCP2"
0	1.05225049766085	0.753	0.417	0	"2"	"PXN"
0	1.05258439279246	0.955	0.837	0	"3"	"HSD17B12"
0	1.05287971178923	0.812	0.563	0	"1"	"RNASE4"
0	1.05303405527739	0.381	0.181	0	"0"	"MLLT11"
0	1.05316963687653	0.908	0.82	0	"0"	"AKAP12"
0	1.05405808359485	0.976	0.868	0	"4"	"CRLF1"
0	1.05432595857476	0.903	0.723	0	"3"	"TNS1"
0	1.05452686687481	0.76	0.487	0	"2"	"CCND1"
0	1.05487168010612	0.653	0.397	0	"0"	"SPTLC2"
0	1.05540361781486	0.894	0.571	0	"2"	"MOXD1"
0	1.05616666385421	0.417	0.203	0	"2"	"AUTS2"
0	1.05676445358482	0.67	0.429	0	"2"	"MIR22HG"
0	1.05700856023998	0.851	0.604	0	"3"	"UNG"
0	1.05844386449056	0.998	0.937	0	"6"	"NDUFA3"
0	1.05853529098146	1	0.998	0	"2"	"COL1A2"
0	1.05873025076131	0.979	0.919	0	"3"	"COX14"
0	1.05892132507167	0.959	0.815	0	"1"	"C1GALT1C1"
0	1.05900072073097	0.997	0.983	0	"2"	"LMNA"
0	1.06024360875678	0.603	0.312	0	"2"	"ANP32E"
0	1.06067504424649	0.964	0.892	0	"3"	"ACAA2"
0	1.06109277896522	0.947	0.733	0	"2"	"COL16A1"
0	1.06144725801076	0.976	0.843	0	"2"	"SLC38A2"
0	1.06196967266921	1	0.995	0	"6"	"HSPD1"
0	1.06274552773255	0.69	0.383	0	"2"	"IRF9"
0	1.06318532832108	0.936	0.773	0	"6"	"MDFIC"
0	1.06343562856149	0.911	0.659	0	"2"	"PRRX1"
0	1.06372981537341	0.991	0.923	0	"6"	"STOM"
0	1.06431592764422	0.709	0.514	0	"2"	"UCHL1"
0	1.06470629906175	0.957	0.806	0	"3"	"GFPT1"
0	1.06621162524123	0.76	0.43	0	"2"	"FAM20C"
0	1.06641890723586	0.991	0.95	0	"2"	"BNIP3"
0	1.06673130702645	0.388	0.179	0	"0"	"UST"
0	1.06721793841994	0.847	0.594	0	"2"	"VEGFA"
0	1.06756191113782	0.998	0.888	0	"3"	"FADS1"
0	1.06777098184668	0.456	0.217	0	"2"	"CABIN1"
0	1.06817368778264	0.67	0.357	0	"2"	"BNC2"
0	1.06862686888174	0.773	0.459	0	"2"	"GIPC1"
0	1.07112986898593	0.754	0.541	0	"3"	"ACOX1"
0	1.07149612186554	0.572	0.314	0	"2"	"MSC"
0	1.07187410957594	0.88	0.68	0	"6"	"AFG3L2"
0	1.07264818075273	0.719	0.448	0	"1"	"MGLL"
0	1.07281596622894	0.698	0.491	0	"3"	"HMGCR"
0	1.07283724214011	0.954	0.761	0	"6"	"CD302"
0	1.07286468639859	0.781	0.485	0	"2"	"CCDC71L"
0	1.07465906587409	0.738	0.434	0	"0"	"RBMS3"
0	1.07485796130953	0.871	0.647	0	"6"	"KYAT3"
0	1.07595342734976	0.991	0.907	0	"6"	"GCSH"
0	1.07626508528106	0.88	0.647	0	"0"	"TCEAL3"
0	1.07672546398728	0.996	0.92	0	"2"	"COL5A2"
0	1.07795842155227	0.984	0.907	0	"6"	"MPC2"
0	1.07822954706203	0.429	0.202	0	"2"	"HOXD-AS2"
0	1.07840112227065	0.934	0.762	0	"6"	"ISOC2"
0	1.07849200806453	1	0.994	0	"6"	"TALDO1"
0	1.0785256221436	0.871	0.56	0	"2"	"TPGS2"
0	1.07899362900879	0.885	0.608	0	"6"	"MSMO1"
0	1.07968205065013	0.875	0.615	0	"2"	"MYO1C"
0	1.08052913252815	0.501	0.275	0	"0"	"JAK2"
0	1.08342588846634	0.438	0.224	0	"2"	"NR1D2"
0	1.08486005365764	0.494	0.249	0	"2"	"CDK7"
0	1.08604810517228	1	0.969	0	"2"	"CTSB"
0	1.08640202447401	0.449	0.214	0	"2"	"RPS6KA4"
0	1.08756150228266	1	0.995	0	"6"	"ATP5MD"
0	1.08777052028281	0.996	0.94	0	"2"	"CAPZB"
0	1.08847488856629	0.53	0.277	0	"2"	"ARHGAP29"
0	1.0891534204918	0.835	0.416	0	"3"	"APCDD1"
0	1.08959888113853	0.836	0.642	0	"4"	"IFITM1"
0	1.09040558069797	0.305	0.141	0	"0"	"MT1G"
0	1.09105184306416	0.911	0.66	0	"2"	"MTHFD2"
0	1.09107788297571	0.738	0.396	0	"3"	"PTGER3"
0	1.0920370478793	0.97	0.851	0	"6"	"CACYBP"
0	1.09345152671366	0.981	0.874	0	"2"	"LUM"
0	1.09357888806135	0.862	0.525	0	"2"	"MBNL2"
0	1.09401011381326	1	0.998	0	"2"	"CD99"
0	1.09509288212206	0.977	0.837	0	"2"	"MAGED1"
0	1.09581322834999	0.894	0.708	0	"3"	"TMBIM1"
0	1.09589467841228	0.859	0.54	0	"0"	"SERPINE2"
0	1.09692280220486	0.944	0.671	0	"0"	"JDP2"
0	1.09796538275218	1	0.998	0	"5"	"GAS5"
0	1.09815421488462	0.713	0.405	0	"0"	"ROBO1"
0	1.09908992847593	0.945	0.834	0	"6"	"IDH1"
0	1.10125428116565	0.946	0.692	0	"2"	"CARHSP1"
0	1.10210412003136	0.955	0.848	0	"2"	"CITED2"
0	1.10213633535673	0.991	0.937	0	"4"	"FBLN1"
0	1.10215110762608	0.55	0.273	0	"2"	"NIPSNAP3A"
0	1.10413785517304	0.836	0.556	0	"2"	"SMS"
0	1.10428484319992	0.959	0.812	0	"6"	"NDUFV3"
0	1.10432090322959	0.675	0.368	0	"2"	"PTPN14"
0	1.10441082387525	0.414	0.18	0	"2"	"TBL1X"
0	1.10587363505461	0.992	0.986	0	"0"	"MT1E"
0	1.1079485573865	0.966	0.752	0	"2"	"DST"
0	1.1082819235662	0.627	0.432	0	"3"	"MTHFD1"
0	1.10914458914747	0.486	0.247	0	"2"	"SPDL1"
0	1.10917756177663	0.365	0.159	0	"2"	"CHMP6"
0	1.10942248516195	0.526	0.241	0	"2"	"PEG10"
0	1.11116482964426	0.353	0.152	0	"2"	"OSBPL10"
0	1.11322521246895	0.573	0.353	0	"3"	"MOSPD2"
0	1.11344823520289	0.861	0.434	0	"0"	"FAP"
0	1.11727614340769	0.955	0.558	0	"2"	"FBLN5"
0	1.11757901332804	0.543	0.322	0	"0"	"GULP1"
0	1.11776471991976	0.617	0.347	0	"3"	"RAC3"
0	1.11831408420517	0.865	0.69	0	"3"	"ANO6"
0	1.11886739825696	0.415	0.183	0	"0"	"GATA6"
0	1.11889637753686	0.866	0.712	0	"0"	"GLUD1"
0	1.1189163497568	0.968	0.874	0	"3"	"FDPS"
0	1.11912357683919	0.537	0.278	0	"0"	"FMNL2"
0	1.11967802212548	0.991	0.879	0	"2"	"MXRA8"
0	1.12045199977005	0.77	0.468	0	"2"	"CLIP1"
0	1.12063365414538	0.362	0.159	0	"2"	"RIN2"
0	1.12167983499949	0.998	0.878	0	"2"	"EFEMP2"
0	1.1217894209134	0.692	0.427	0	"2"	"UGCG"
0	1.12193516495558	0.442	0.198	0	"0"	"ITPRIP"
0	1.12230404276053	0.953	0.709	0	"2"	"LGMN"
0	1.12314685869461	0.524	0.247	0	"2"	"NIBAN1"
0	1.12336619774779	0.522	0.27	0	"0"	"ARL4A"
0	1.12346414582619	0.804	0.467	0	"2"	"NID2"
0	1.12366292420121	0.869	0.59	0	"2"	"PSAT1"
0	1.12416904169229	0.999	0.927	0	"0"	"COL5A1"
0	1.12492821195788	0.368	0.186	0	"0"	"FOXC2"
0	1.12506859821623	0.38	0.169	0	"0"	"NR2F1-AS1"
0	1.12563105078208	0.991	0.881	0	"6"	"FDPS"
0	1.12731460273945	0.982	0.843	0	"2"	"SELENOW"
0	1.12806763588432	0.967	0.802	0	"6"	"YWHAG"
0	1.12826434289972	1	0.99	0	"6"	"COX5A"
0	1.13146156319594	0.558	0.283	0	"2"	"GALNT10"
0	1.13161896019745	0.463	0.209	0	"2"	"CUEDC1"
0	1.13212444539558	0.999	0.984	0	"6"	"BCAP31"
0	1.13224260311378	0.998	0.978	0	"6"	"SUB1"
0	1.13743992088528	0.904	0.678	0	"2"	"MBNL1"
0	1.13758629751564	0.588	0.339	0	"3"	"APBB1IP"
0	1.13829449817845	0.609	0.305	0	"2"	"FAM20A"
0	1.13897395390303	0.968	0.845	0	"0"	"IGFBP7"
0	1.13984632615907	0.921	0.732	0	"3"	"ACO1"
0	1.14041750125225	0.554	0.275	0	"2"	"NDST1"
0	1.14065628937104	1	0.993	0	"2"	"S100A10"
0	1.14068051082335	0.999	0.987	0	"2"	"DSTN"
0	1.14087632569792	0.999	0.969	0	"2"	"CLIC1"
0	1.14288901606704	0.925	0.837	0	"3"	"APMAP"
0	1.14310380568294	0.996	0.943	0	"2"	"RHOC"
0	1.14349955560197	0.894	0.699	0	"3"	"ZNF664"
0	1.14392275151328	0.492	0.221	0	"2"	"ORAI2"
0	1.1440771945176	0.557	0.229	0	"2"	"AL133415.1"
0	1.14443854728335	0.999	0.985	0	"6"	"TBCA"
0	1.1447112331854	0.999	0.99	0	"6"	"SLC25A5"
0	1.14488991156175	0.488	0.242	0	"2"	"ENOX1"
0	1.14494615350148	0.406	0.183	0	"2"	"DIAPH1"
0	1.14537629322158	0.634	0.329	0	"2"	"PACS1"
0	1.14554304050541	0.647	0.426	0	"3"	"CCND3"
0	1.14559103087022	0.991	0.97	0	"0"	"MORF4L2"
0	1.14630744775318	0.955	0.717	0	"2"	"MVP"
0	1.14691259353291	0.819	0.6	0	"3"	"PTPRS"
0	1.14914080459626	0.81	0.553	0	"3"	"CKS1B"
0	1.15042360040888	0.389	0.152	0	"2"	"SQOR"
0	1.15209034165314	0.77	0.451	0	"2"	"MAPK3"
0	1.15321055951325	0.889	0.562	0	"2"	"METRNL"
0	1.15367706032859	0.751	0.427	0	"2"	"NIBAN2"
0	1.15444202322283	1	0.999	0	"2"	"ANXA2"
0	1.15446778514524	0.8	0.48	0	"0"	"ZFHX3"
0	1.1553707661645	0.999	0.969	0	"2"	"CCDC80"
0	1.15617630702505	0.859	0.636	0	"6"	"PPIF"
0	1.15663915395928	0.993	0.914	0	"6"	"ETFA"
0	1.15753097766857	0.41	0.183	0	"2"	"CHD1L"
0	1.15824668953378	0.735	0.588	0	"4"	"CTSK"
0	1.15833959874329	0.371	0.158	0	"2"	"IFT88"
0	1.15943051789455	0.511	0.242	0	"2"	"GGT5"
0	1.1612400736407	0.379	0.164	0	"2"	"BCAS4"
0	1.16387561314257	0.37	0.154	0	"2"	"PARP14"
0	1.16398408482728	0.997	0.943	0	"2"	"RNH1"
0	1.16553924807256	0.428	0.196	0	"2"	"SBNO2"
0	1.16555147406136	0.94	0.667	0	"3"	"DHCR24"
0	1.1661388594039	0.53	0.253	0	"2"	"SLC7A1"
0	1.16704797214267	0.662	0.366	0	"2"	"ZNF281"
0	1.16759412152033	0.687	0.378	0	"2"	"PPFIBP1"
0	1.1681058779144	0.612	0.393	0	"3"	"CDC42EP4"
0	1.17046059076793	0.937	0.825	0	"3"	"LMO4"
0	1.17170768526093	0.977	0.83	0	"2"	"CAP1"
0	1.17294318483694	0.683	0.375	0	"2"	"PLEKHO1"
0	1.17307169137366	0.322	0.136	0	"2"	"RABEP2"
0	1.1733623225777	0.896	0.631	0	"0"	"C1orf21"
0	1.17390124603759	1	0.914	0	"3"	"CFD"
0	1.17597933637587	0.606	0.298	0	"2"	"SMAD3"
0	1.17616345344055	0.969	0.803	0	"3"	"ACSL1"
0	1.1771384773585	0.693	0.373	0	"3"	"ZBED3"
0	1.17758087612977	0.894	0.685	0	"6"	"DLD"
0	1.17777318195695	0.605	0.295	0	"2"	"SYDE1"
0	1.17837907539235	0.986	0.851	0	"2"	"SLC1A5"
0	1.17851198265865	0.998	0.96	0	"6"	"NDUFAB1"
0	1.17986475506149	0.619	0.31	0	"2"	"GSDME"
0	1.18183372008269	0.986	0.927	0	"6"	"TSPAN3"
0	1.18267675672282	0.954	0.846	0	"3"	"PEMT"
0	1.18269898559785	0.635	0.362	0	"0"	"DCBLD1"
0	1.18347138514308	0.677	0.347	0	"2"	"TMEM87B"
0	1.18359058511946	0.81	0.497	0	"0"	"GAS1"
0	1.18390254479978	0.843	0.522	0	"2"	"PALM2-AKAP2"
0	1.18390338274619	0.484	0.222	0	"2"	"EHD1"
0	1.18429333421393	0.992	0.91	0	"2"	"TLN1"
0	1.1847010165684	0.974	0.771	0	"2"	"FKBP9"
0	1.18504747617581	0.625	0.303	0	"2"	"DOCK1"
0	1.18532624143206	0.416	0.184	0	"0"	"MT1F"
0	1.18605268904816	0.724	0.459	0	"0"	"COMP"
0	1.18662712056387	0.992	0.907	0	"2"	"RRBP1"
0	1.18662736823536	0.784	0.576	0	"0"	"TIPARP"
0	1.18674076420542	0.345	0.147	0	"0"	"GALM"
0	1.18734537346268	0.915	0.748	0	"6"	"NRN1"
0	1.18762605596788	0.968	0.795	0	"3"	"FZD4"
0	1.18820035683239	0.393	0.17	0	"2"	"MAP4K3-DT"
0	1.18951515265435	0.45	0.238	0	"1"	"AOC2"
0	1.1896642637689	0.889	0.655	0	"2"	"MFAP2"
0	1.19000576578939	0.848	0.699	0	"0"	"ID1"
0	1.19111166108812	0.857	0.554	0	"2"	"SEC24D"
0	1.19364436950437	0.735	0.368	0	"2"	"HDAC7"
0	1.19365790441572	0.584	0.303	0	"2"	"MAP2K3"
0	1.19377890583192	0.826	0.341	0	"6"	"UCP2"
0	1.19382722710922	0.946	0.766	0	"2"	"TUBB6"
0	1.19500068625284	0.566	0.263	0	"2"	"GOT2"
0	1.19639916252341	0.958	0.771	0	"2"	"PEA15"
0	1.19906118827027	0.999	0.97	0	"2"	"PGK1"
0	1.19987195147962	0.91	0.693	0	"6"	"NOP16"
0	1.20009013813521	0.944	0.679	0	"2"	"BCAT1"
0	1.20165384241338	0.671	0.326	0	"0"	"SMOX"
0	1.20213017615439	0.521	0.238	0	"2"	"MED16"
0	1.20231415401463	0.547	0.267	0	"2"	"BCAR1"
0	1.202811365908	0.877	0.621	0	"1"	"GPX3"
0	1.20285120352353	0.376	0.157	0	"2"	"CCDC34"
0	1.20316374312006	0.848	0.62	0	"3"	"TOB1"
0	1.20413007101964	0.846	0.573	0	"2"	"NT5E"
0	1.20438197487707	0.846	0.602	0	"3"	"LNPEP"
0	1.20466160294411	0.871	0.536	0	"6"	"NRCAM"
0	1.20484257230565	0.85	0.559	0	"3"	"TSPAN14"
0	1.20484667958835	0.449	0.201	0	"2"	"POMZP3"
0	1.20560657743737	0.378	0.165	0	"2"	"SLC1A4"
0	1.20575439049907	0.922	0.678	0	"6"	"PCYT2"
0	1.20707111339274	0.983	0.814	0	"2"	"PARVA"
0	1.20738270442641	0.494	0.245	0	"1"	"RDH5"
0	1.2075810058398	0.823	0.492	0	"2"	"CAPN1"
0	1.2078991806209	0.839	0.509	0	"3"	"NRCAM"
0	1.20848635327736	0.749	0.439	0	"2"	"AFAP1"
0	1.20860174050608	0.986	0.972	0	"1"	"GSN"
0	1.20893393754313	0.941	0.801	0	"6"	"NQO2"
0	1.20916117472293	0.537	0.248	0	"2"	"RBBP8"
0	1.20956803480916	0.911	0.677	0	"6"	"CCNH"
0	1.20995861695292	0.289	0.124	0	"0"	"SERPINA3"
0	1.2100568152991	0.818	0.539	0	"0"	"TENT5A"
0	1.21045985775706	1	0.994	0	"2"	"ENO1"
0	1.21050703187857	0.899	0.607	0	"2"	"CDC42EP1"
0	1.21055642272833	0.555	0.278	0	"2"	"SACS"
0	1.21111356551228	0.407	0.173	0	"2"	"MOV10"
0	1.2116188294815	0.488	0.219	0	"0"	"SLC7A8"
0	1.21172273679081	0.743	0.455	0	"3"	"DHCR7"
0	1.21223744565106	0.999	0.999	0	"2"	"SH3BGRL3"
0	1.21423067567352	0.79	0.502	0	"0"	"AKAP13"
0	1.214859809083	0.396	0.168	0	"2"	"ARHGEF10"
0	1.21712523194247	0.853	0.534	0	"2"	"CHD3"
0	1.21788680234709	0.998	0.967	0	"1"	"EPHX1"
0	1.21817887046721	0.982	0.747	0	"0"	"P4HA2"
0	1.218913988369	0.358	0.149	0	"2"	"DOK4"
0	1.21942422140442	0.954	0.745	0	"3"	"ABHD5"
0	1.21977730261767	0.844	0.643	0	"0"	"C1QTNF1"
0	1.22261553074788	0.481	0.206	0	"2"	"APBB2"
0	1.22407186814386	0.69	0.37	0	"2"	"STX2"
0	1.22419040271337	0.596	0.29	0	"2"	"IRX3"
0	1.2265369700987	0.942	0.796	0	"6"	"BOLA3"
0	1.22693219938496	0.996	0.972	0	"2"	"CALM2"
0	1.22732706442302	0.501	0.26	0	"2"	"PRICKLE1"
0	1.2280492477075	0.567	0.269	0	"2"	"IFI35"
0	1.22813119730036	0.598	0.281	0	"2"	"SRGAP1"
0	1.22897240419248	0.446	0.19	0	"2"	"SNX24"
0	1.22957570073748	0.993	0.916	0	"3"	"STOM"
0	1.22964858852313	1	0.993	0	"6"	"ATP5PF"
0	1.23096272113177	0.997	0.967	0	"6"	"UQCRFS1"
0	1.23150188281806	0.983	0.88	0	"2"	"S100A16"
0	1.2332916682912	0.747	0.448	0	"0"	"APOL2"
0	1.23387816950525	0.831	0.533	0	"3"	"SIK2"
0	1.2340346198852	0.861	0.711	0	"0"	"NUDT16"
0	1.2345826347614	0.413	0.201	0	"2"	"GEM"
0	1.23579182454684	0.749	0.401	0	"0"	"ANKRD28"
0	1.23689626140273	0.451	0.212	0	"2"	"SLC38A5"
0	1.23805376948576	0.381	0.161	0	"2"	"CYB5R2"
0	1.24418355207171	0.865	0.742	0	"5"	"CCPG1"
0	1.2451841393676	0.692	0.339	0	"0"	"PID1"
0	1.24559855894789	0.74	0.39	0	"2"	"LAYN"
0	1.24627570046446	0.527	0.259	0	"2"	"RAB23"
0	1.24743135073603	0.539	0.271	0	"2"	"AC006064.4"
0	1.24834600340902	0.801	0.452	0	"2"	"TCF4"
0	1.24854300768885	0.983	0.833	0	"2"	"PLIN3"
0	1.24903931124984	0.867	0.648	0	"6"	"CHCHD3"
0	1.24921222906446	0.978	0.902	0	"3"	"ACLY"
0	1.24968720527732	0.57	0.274	0	"0"	"FAM171B"
0	1.24996002467172	1	0.998	0	"2"	"FN1"
0	1.253720642308	0.95	0.761	0	"2"	"ACTN4"
0	1.25567104738296	0.851	0.419	0	"6"	"PTGER3"
0	1.25582374992705	0.999	0.996	0	"6"	"NDUFC2"
0	1.2563708889331	0.89	0.665	0	"3"	"IDI1"
0	1.25802057267001	0.647	0.421	0	"4"	"S1PR3"
0	1.25803125609686	0.744	0.409	0	"0"	"SESN1"
0	1.25823996083768	0.372	0.159	0	"2"	"SPAG4"
0	1.26030869353093	0.315	0.124	0	"2"	"NFASC"
0	1.26146458440158	0.899	0.61	0	"2"	"IQGAP1"
0	1.2621354370523	0.835	0.714	0	"5"	"DERL2"
0	1.26228037509236	0.937	0.642	0	"2"	"GAS6"
0	1.26284682162244	0.357	0.151	0	"2"	"PRKD1"
0	1.26504657132418	0.813	0.435	0	"2"	"PLAUR"
0	1.26617893695561	0.745	0.381	0	"2"	"AGTRAP"
0	1.26824623489245	0.536	0.271	0	"3"	"TRHDE"
0	1.26877498118645	0.543	0.246	0	"2"	"PDCL3"
0	1.27024220958116	0.277	0.105	0	"2"	"SHB"
0	1.27089405249499	0.799	0.493	0	"2"	"CORO1C"
0	1.27217946887527	0.996	0.918	0	"2"	"TAGLN2"
0	1.27222091341145	0.997	0.895	0	"2"	"IFITM2"
0	1.27232634644658	0.996	0.913	0	"2"	"ARPC1B"
0	1.27252991043774	1	0.988	0	"6"	"HSPE1"
0	1.27392440588138	0.456	0.195	0	"0"	"MOCOS"
0	1.27414483233977	0.987	0.854	0	"2"	"VAT1"
0	1.27427941782473	0.999	0.883	0	"0"	"TGFBI"
0	1.27498581990333	0.547	0.302	0	"3"	"GPD1L"
0	1.27588965904636	1	0.97	0	"2"	"COL1A1"
0	1.27656756382587	0.591	0.272	0	"2"	"NIPSNAP1"
0	1.27728317496577	0.657	0.265	0	"6"	"RDH5"
0	1.27748252571411	0.368	0.15	0	"2"	"ABCC4"
0	1.27750229561702	0.512	0.217	0	"2"	"WDR34"
0	1.27754512677707	0.7	0.359	0	"2"	"GNB4"
0	1.27800560175155	0.439	0.196	0	"2"	"PSPH"
0	1.27916025469857	0.547	0.296	0	"2"	"FST"
0	1.28170152120906	0.534	0.228	0	"2"	"HACD4"
0	1.28181627232886	0.885	0.588	0	"2"	"LRRFIP1"
0	1.28205971422781	0.654	0.388	0	"3"	"APOL6"
0	1.28216682503986	0.783	0.447	0	"3"	"MGLL"
0	1.28398537577343	0.56	0.291	0	"0"	"DLG5"
0	1.2850712978119	0.639	0.288	0	"2"	"CALHM2"
0	1.28537974288535	0.838	0.579	0	"0"	"ADAMTS1"
0	1.28621382593364	0.508	0.279	0	"3"	"KLHDC8B"
0	1.28768566297779	0.626	0.286	0	"2"	"HIC1"
0	1.28860456550507	0.976	0.728	0	"0"	"TGFB1"
0	1.28871488208355	0.999	0.994	0	"5"	"PDIA3"
0	1.28883215973819	0.712	0.37	0	"2"	"DAPK3"
0	1.28884359946087	0.919	0.649	0	"3"	"LINC00632"
0	1.28958220059686	0.686	0.39	0	"2"	"TNFAIP6"
0	1.29002552333474	0.953	0.679	0	"3"	"PPARG"
0	1.29041147999524	0.375	0.164	0	"2"	"VEPH1"
0	1.29049581038599	0.301	0.118	0	"2"	"TTC7A"
0	1.29056352835745	0.973	0.727	0	"3"	"COL4A2"
0	1.29152603167381	0.523	0.229	0	"2"	"ABRACL"
0	1.29179620903615	0.827	0.388	0	"6"	"SPRY1"
0	1.29318511095312	0.995	0.871	0	"2"	"MAP1B"
0	1.29377508186343	0.669	0.363	0	"0"	"B3GALNT2"
0	1.29513259092395	0.359	0.156	0	"2"	"SSX2IP"
0	1.29643570850924	0.998	0.983	0	"5"	"PLIN2"
0	1.2967375298369	0.952	0.606	0	"2"	"ITGA5"
0	1.29731700691276	0.531	0.246	0	"2"	"RARG"
0	1.29733234694721	0.999	0.978	0	"2"	"TUBB"
0	1.29880432662699	0.333	0.103	0	"2"	"BDKRB1"
0	1.29919181822032	0.948	0.717	0	"2"	"VCL"
0	1.29965646213445	0.809	0.517	0	"6"	"SLC25A51"
0	1.30280970381886	0.468	0.225	0	"2"	"KLF4"
0	1.30307594463834	0.726	0.368	0	"2"	"LINC01116"
0	1.30487363726648	0.615	0.361	0	"3"	"EFNB1"
0	1.3060719614986	0.966	0.826	0	"3"	"CHCHD10"
0	1.30652960450839	0.401	0.16	0	"2"	"FZD1"
0	1.30665399362852	0.678	0.368	0	"0"	"ALCAM"
0	1.30763623264224	0.444	0.196	0	"0"	"UQCRHL"
0	1.30795150500084	0.996	0.891	0	"2"	"FKBP8"
0	1.30843884752958	0.999	0.895	0	"2"	"TGFBI"
0	1.30865374175616	0.365	0.153	0	"0"	"HAND2-AS1"
0	1.30899777617081	0.868	0.63	0	"0"	"AOX1"
0	1.30920944829761	0.282	0.105	0	"2"	"ST3GAL2"
0	1.30927950171988	0.901	0.571	0	"2"	"ADAM9"
0	1.31063495698879	0.862	0.533	0	"2"	"AEBP1"
0	1.31092210706555	0.578	0.261	0	"2"	"SH3BP4"
0	1.31176101586856	0.453	0.206	0	"0"	"AMMECR1"
0	1.31191201872257	0.887	0.649	0	"6"	"NDUFAF4"
0	1.31350392973529	0.317	0.119	0	"2"	"GBP2"
0	1.31496284142482	0.9	0.528	0	"2"	"ITGB5"
0	1.31547509346094	0.968	0.775	0	"6"	"HSDL2"
0	1.31649224714632	0.316	0.126	0	"2"	"SLC6A9"
0	1.31674348508997	0.467	0.199	0	"2"	"ARHGEF17"
0	1.31681934831613	0.806	0.489	0	"2"	"CFL2"
0	1.31682308900718	0.384	0.165	0	"0"	"ARL4C"
0	1.31799862128767	0.536	0.252	0	"0"	"MIOS"
0	1.31842197915524	0.341	0.146	0	"0"	"COL15A1"
0	1.32018383279925	0.424	0.212	0	"0"	"SIX2"
0	1.3204456849379	0.63	0.294	0	"2"	"ANAPC15"
0	1.32067700314598	0.994	0.942	0	"3"	"SLC25A1"
0	1.3211274278329	0.438	0.191	0	"2"	"PVR"
0	1.32117377600281	0.482	0.206	0	"0"	"SCD5"
0	1.32147895266326	0.498	0.238	0	"2"	"CD9"
0	1.32195782579287	0.786	0.411	0	"1"	"APCDD1"
0	1.3226260866394	0.989	0.845	0	"6"	"HSD17B12"
0	1.32305891031133	0.594	0.289	0	"2"	"B4GALT4"
0	1.32376396735457	0.556	0.274	0	"2"	"PLK2"
0	1.32407182895947	0.49	0.203	0	"2"	"IFT81"
0	1.32629513290692	0.888	0.555	0	"6"	"SIK2"
0	1.32702910999341	0.517	0.295	0	"0"	"PENK"
0	1.32715344748105	0.999	0.982	0	"5"	"PDIA6"
0	1.32723341759135	0.85	0.582	0	"6"	"C12orf45"
0	1.32742304921732	0.82	0.498	0	"3"	"SLC27A3"
0	1.32748428221403	0.971	0.794	0	"6"	"LIMS1"
0	1.32863988523815	0.647	0.306	0	"2"	"MBOAT2"
0	1.32905665631312	0.89	0.627	0	"6"	"BLCAP"
0	1.32924566464535	0.987	0.883	0	"3"	"MKNK2"
0	1.33097734149471	0.288	0.107	0	"2"	"CCDC142"
0	1.33109293462882	0.337	0.136	0	"0"	"CACNA1C"
0	1.3317411470863	0.728	0.465	0	"5"	"ANG"
0	1.33241754663939	0.961	0.746	0	"2"	"HCFC1R1"
0	1.33368888584225	1	0.992	0	"2"	"CALD1"
0	1.33383608794025	0.549	0.235	0	"2"	"PRKG1"
0	1.3354471416744	0.72	0.389	0	"3"	"CSAD"
0	1.33680724178686	0.917	0.694	0	"3"	"CS"
0	1.33695909931347	0.92	0.523	0	"0"	"FBLN5"
0	1.3370014415225	0.777	0.526	0	"0"	"CTSC"
0	1.33721077802193	0.763	0.403	0	"2"	"BMERB1"
0	1.33794826257924	0.685	0.32	0	"2"	"SLC2A3"
0	1.3382834967448	0.73	0.404	0	"2"	"MATR3.1"
0	1.33837610211449	0.405	0.202	0	"1"	"SLC40A1"
0	1.34004670151171	0.523	0.241	0	"0"	"NAV2"
0	1.3409467970333	0.471	0.182	0	"2"	"MIR210HG"
0	1.34113756639529	0.432	0.203	0	"0"	"ATAD2"
0	1.34191128511044	0.372	0.163	0	"0"	"PTGER2"
0	1.34231250893853	0.513	0.271	0	"0"	"CHST7"
0	1.34247066513296	0.525	0.243	0	"2"	"SLC9A3R2"
0	1.34253676864384	0.485	0.24	0	"2"	"SNX25"
0	1.34316631182917	0.991	0.908	0	"6"	"ACLY"
0	1.34348956529077	0.844	0.597	0	"1"	"MEDAG"
0	1.3440524646908	0.789	0.543	0	"3"	"RETSAT"
0	1.35128274444739	0.706	0.37	0	"2"	"TENM3"
0	1.35429434104021	0.353	0.138	0	"0"	"MROH1"
0	1.35527253094152	0.276	0.104	0	"2"	"AC008771.1"
0	1.35606570385335	0.408	0.16	0	"2"	"FLOT2"
0	1.35904443764125	0.994	0.675	0	"3"	"IGFBP5"
0	1.36105010887147	0.88	0.606	0	"6"	"CKB"
0	1.36120956584159	0.81	0.441	0	"2"	"PML"
0	1.36266899122422	0.981	0.878	0	"6"	"KIF5B"
0	1.36305119915583	0.359	0.142	0	"3"	"AC007563.2"
0	1.36370582740547	0.283	0.116	0	"0"	"GREB1L"
0	1.36471814157244	0.293	0.121	0	"0"	"ITPR1"
0	1.36529235076383	0.644	0.295	0	"2"	"NXN"
0	1.36571506253337	0.598	0.379	0	"3"	"HOXB6"
0	1.36610119006354	0.37	0.131	0	"2"	"BDNF"
0	1.36669509302964	0.889	0.473	0	"2"	"FAP"
0	1.36695869986983	0.389	0.168	0	"2"	"RUSC2"
0	1.36711138418282	0.974	0.813	0	"6"	"SH3PXD2A"
0	1.36711768395766	0.782	0.535	0	"0"	"TMEM87A"
0	1.36724762653239	0.465	0.2	0	"3"	"AC009951.6"
0	1.36733772036489	0.943	0.711	0	"2"	"STAT1"
0	1.36774310113147	0.901	0.688	0	"3"	"HSPA1B"
0	1.36776352927896	0.988	0.86	0	"2"	"ARPC5"
0	1.36824560109114	0.731	0.353	0	"2"	"FARP1"
0	1.36891029128321	0.643	0.303	0	"2"	"FIBIN"
0	1.37063945639671	0.945	0.642	0	"2"	"ENAH"
0	1.37078690748316	0.802	0.561	0	"4"	"CXCL12"
0	1.37088772600209	0.43	0.181	0	"2"	"MIR31HG"
0	1.37265862488337	0.405	0.155	0	"2"	"NMI"
0	1.37398872828211	0.499	0.193	0	"2"	"YDJC"
0	1.37462161208741	0.347	0.127	0	"0"	"FAM198B-AS1"
0	1.37493524068963	0.844	0.547	0	"3"	"SREBF1"
0	1.37508029625887	0.958	0.67	0	"6"	"LINC00632"
0	1.37678207634521	0.45	0.236	0	"1"	"RAMP2"
0	1.37759883899142	0.351	0.132	0	"2"	"AC027031.2"
0	1.37783129632924	0.852	0.538	0	"6"	"MMAB"
0	1.37918193866831	0.356	0.136	0	"2"	"MEAK7"
0	1.37927245671096	0.434	0.172	0	"0"	"TMEM91"
0	1.37957773941603	1	0.998	0	"6"	"HSP90AA1"
0	1.37994196496547	0.716	0.46	0	"3"	"DGAT1"
0	1.38001381241039	1	0.911	0	"1"	"CFD"
0	1.38083350213046	0.81	0.496	0	"2"	"CAPG"
0	1.38252036262965	0.988	0.871	0	"6"	"PHLDA3"
0	1.38270271582977	0.277	0.106	0	"2"	"DOCK10"
0	1.38501725773702	0.69	0.327	0	"2"	"RUNX1"
0	1.38527542202494	0.545	0.287	0	"2"	"PRPS1"
0	1.38563043653976	0.947	0.524	0	"2"	"VASN"
0	1.38591348273578	0.655	0.286	0	"2"	"LXN"
0	1.38600078341174	0.522	0.207	0	"2"	"SIRPA"
0	1.38659993349329	0.456	0.207	0	"0"	"SFRP4"
0	1.38961322618773	0.453	0.175	0	"0"	"THBS3"
0	1.39024263322294	0.928	0.714	0	"6"	"ACO2"
0	1.39365046219929	0.994	0.809	0	"6"	"FZD4"
0	1.39500397134398	0.747	0.409	0	"2"	"CTNNAL1"
0	1.39527893812586	0.987	0.824	0	"2"	"GARS"
0	1.39728637596292	0.503	0.212	0	"2"	"CYB561"
0	1.398267645682	1	0.966	0	"0"	"COL1A1"
0	1.39879947486347	0.925	0.775	0	"5"	"TSC22D3"
0	1.40000927885643	0.839	0.54	0	"6"	"MCRIP2"
0	1.40043945521795	0.984	0.83	0	"3"	"CAV2"
0	1.40301852428937	0.949	0.525	0	"6"	"DUSP6"
0	1.40323766107368	0.874	0.534	0	"2"	"TUBB3"
0	1.40352388858225	0.595	0.285	0	"0"	"PCGF5"
0	1.40412466255404	0.978	0.702	0	"6"	"PPARG"
0	1.4044089375773	0.972	0.806	0	"2"	"TUBA1C"
0	1.40624969157316	0.643	0.283	0	"2"	"PTPA"
0	1.40904235177142	0.888	0.67	0	"6"	"TFRC"
0	1.40945327585843	0.969	0.746	0	"6"	"ACO1"
0	1.41135450160504	0.902	0.566	0	"0"	"SH3PXD2B"
0	1.41251711740007	0.349	0.147	0	"2"	"SVEP1"
0	1.41261008120582	0.356	0.135	0	"2"	"CBWD5"
0	1.41277860947215	0.277	0.099	0	"2"	"SDSL"
0	1.41285836298893	0.968	0.763	0	"6"	"CHP1"
0	1.41387415821421	0.375	0.163	0	"3"	"ABHD15"
0	1.41465531834141	0.837	0.493	0	"2"	"MSRB3"
0	1.41510186775947	0.891	0.831	0	"5"	"SELENOK"
0	1.41596338773013	1	0.989	0	"2"	"SERPINH1"
0	1.4165525153431	0.315	0.123	0	"2"	"HSD3B7"
0	1.41753926586916	0.981	0.892	0	"6"	"H2AFJ"
0	1.41796594600208	0.534	0.25	0	"2"	"DAAM1"
0	1.41850861987972	0.621	0.347	0	"2"	"PITX2"
0	1.4190960742679	0.842	0.572	0	"3"	"MRAS"
0	1.41984148946982	0.47	0.218	0	"3"	"PDP2"
0	1.41984266264159	0.927	0.706	0	"6"	"GGCT"
0	1.42100361384737	1	0.997	0	"5"	"ZFAS1"
0	1.42130636171906	0.267	0.093	0	"2"	"SEC22A"
0	1.4226165273762	0.978	0.664	0	"6"	"LPCAT3"
0	1.42265295628106	0.498	0.224	0	"2"	"SNED1"
0	1.42267980615019	0.286	0.109	0	"0"	"S1PR1"
0	1.4239465204803	0.884	0.64	0	"6"	"PDHA1"
0	1.42421400131512	0.839	0.417	0	"1"	"ADH1B"
0	1.42444826899512	0.795	0.478	0	"6"	"VANGL1"
0	1.42725995298696	0.844	0.639	0	"3"	"HILPDA"
0	1.42774063115868	0.819	0.393	0	"2"	"MTHFD1L"
0	1.42778824057313	0.791	0.498	0	"6"	"CCDC88A"
0	1.42877702606856	0.277	0.103	0	"2"	"SPECC1"
0	1.42952968692691	0.492	0.21	0	"0"	"UNC5B"
0	1.4298230771817	0.897	0.575	0	"2"	"PYCR1"
0	1.43043872225034	0.9	0.594	0	"3"	"C19orf12"
0	1.43065412710933	1	0.963	0	"6"	"HEBP2"
0	1.43147966821859	0.507	0.248	0	"3"	"LRRN4CL"
0	1.43181854493285	0.976	0.736	0	"0"	"SNAI2"
0	1.43335668194975	0.361	0.131	0	"2"	"CCDC102A"
0	1.43364783857387	0.64	0.328	0	"3"	"SLC25A4"
0	1.43377582279229	0.305	0.108	0	"2"	"ARHGAP31"
0	1.43445802901107	0.734	0.377	0	"2"	"C1GALT1"
0	1.4353385803918	0.432	0.158	0	"2"	"SAMD11"
0	1.43547222637907	0.305	0.113	0	"2"	"TEAD4"
0	1.43572117371921	0.518	0.188	0	"2"	"GATA6"
0	1.43719555049371	0.977	0.745	0	"2"	"ANXA1"
0	1.43854420539499	0.366	0.14	0	"2"	"CYGB"
0	1.43938386823417	0.808	0.485	0	"6"	"ACACA"
0	1.43981197410588	0.955	0.645	0	"2"	"DBN1"
0	1.44007829779122	0.543	0.29	0	"3"	"MEGF9"
0	1.44148749655095	0.476	0.231	0	"2"	"AC011603.2"
0	1.44170479417169	0.294	0.107	0	"0"	"IFI44"
0	1.44385218422141	0.523	0.251	0	"3"	"STAT5A"
0	1.44547385506187	0.895	0.554	0	"3"	"TMEM135"
0	1.44759821240131	0.457	0.19	0	"2"	"ENO2"
0	1.44840961545318	0.561	0.227	0	"2"	"SPRED2"
0	1.44891277542562	0.918	0.609	0	"2"	"PLEC"
0	1.44945230610835	0.517	0.203	0	"0"	"AL133415.1"
0	1.45028700815002	0.874	0.401	0	"6"	"CITED4"
0	1.45102459123067	0.973	0.801	0	"2"	"ACTR3"
0	1.45151939085766	0.957	0.7	0	"6"	"ANO6"
0	1.45248644058141	0.388	0.176	0	"3"	"PCSK9"
0	1.45272701169058	0.418	0.156	0	"2"	"SSPN"
0	1.4534530302464	0.433	0.188	0	"3"	"ATP9A"
0	1.45436651139772	0.632	0.306	0	"0"	"PITPNC1"
0	1.45566736698068	0.624	0.308	0	"2"	"HMCN1"
0	1.45638396434684	0.731	0.391	0	"6"	"EBP"
0	1.45689315445559	0.913	0.49	0	"3"	"DUSP6"
0	1.45831782771059	0.774	0.429	0	"3"	"AIFM2"
0	1.45933751720734	0.898	0.571	0	"6"	"CKS1B"
0	1.46064754909982	0.75	0.388	0	"2"	"PHACTR2"
0	1.46066851886847	0.758	0.398	0	"6"	"FNDC4"
0	1.46356238652122	0.84	0.597	0	"0"	"RASSF4"
0	1.46486144080055	0.999	0.96	0	"3"	"HEBP2"
0	1.46519078959864	0.692	0.315	0	"2"	"ADGRA2"
0	1.46722369941971	0.854	0.52	0	"0"	"FOXO3"
0	1.46745429160442	1	0.971	0	"6"	"CYB5A"
0	1.46900585556052	0.945	0.691	0	"2"	"CAPN2"
0	1.47068449147034	0.815	0.493	0	"3"	"MVD"
0	1.47159950037377	0.282	0.11	0	"2"	"CDH13"
0	1.47213269245449	0.815	0.482	0	"0"	"ITGBL1"
0	1.47293412691153	0.944	0.748	0	"6"	"GLRX2"
0	1.47294099648443	0.559	0.256	0	"2"	"SCUBE3"
0	1.47768531017264	0.591	0.286	0	"2"	"SMURF2"
0	1.48015453879271	0.373	0.135	0	"2"	"TRPV2"
0	1.48047884048085	0.852	0.459	0	"0"	"ELN"
0	1.48085472444384	0.981	0.801	0	"2"	"CAVIN3"
0	1.48113260044171	0.555	0.227	0	"2"	"MCUB"
0	1.4811950935565	0.786	0.677	0	"5"	"SEL1L"
0	1.48401495577335	0.816	0.472	0	"3"	"TXLNG"
0	1.48748339280314	1	0.996	0	"3"	"DBI"
0	1.48752185295158	0.868	0.55	0	"2"	"LASP1"
0	1.48881065363444	0.962	0.77	0	"6"	"TMEM120A"
0	1.48905318819494	0.289	0.098	0	"2"	"STEAP3"
0	1.49255016709281	0.944	0.695	0	"6"	"NFU1"
0	1.49303746062118	0.755	0.363	0	"2"	"PEAK1"
0	1.49341064228094	0.881	0.499	0	"6"	"TXLNG"
0	1.49357748764671	0.524	0.241	0	"3"	"ERV3-1"
0	1.49365227731059	0.585	0.224	0	"6"	"NPR1"
0	1.49462920756409	0.816	0.534	0	"6"	"ACY1"
0	1.49672114912505	0.931	0.645	0	"6"	"COX17"
0	1.49880034126045	0.893	0.54	0	"3"	"SLC7A6"
0	1.49905405162571	0.878	0.462	0	"2"	"MYO1E"
0	1.49920047462836	0.504	0.211	0	"2"	"GRAMD2B"
0	1.49920847943942	0.779	0.427	0	"2"	"PCK2"
0	1.49944469616601	0.938	0.658	0	"2"	"MSN"
0	1.50086962167748	0.895	0.477	0	"6"	"DOCK11"
0	1.50197068473635	0.999	0.972	0	"2"	"MYL12A"
0	1.50240675834427	0.327	0.111	0	"2"	"NAALADL1"
0	1.50244274096556	0.881	0.571	0	"3"	"LPIN1"
0	1.50418132372054	0.322	0.13	0	"3"	"ARRB1"
0	1.50564754803527	1	0.982	0	"6"	"COX7B"
0	1.50628678512636	0.552	0.265	0	"3"	"STBD1"
0	1.50640601396869	0.919	0.569	0	"6"	"SREBF1"
0	1.50688584132156	0.946	0.581	0	"6"	"TMEM135"
0	1.50819059988247	0.46	0.179	0	"2"	"TMEM237"
0	1.50886260855751	0.681	0.314	0	"2"	"ZFHX4"
0	1.50895877239966	0.423	0.185	0	"0"	"UBASH3B"
0	1.50984340137805	0.687	0.365	0	"3"	"EBP"
0	1.51140680423089	0.865	0.56	0	"3"	"ACAT2"
0	1.51242480302836	0.95	0.657	0	"2"	"FSCN1"
0	1.5129259972452	0.574	0.262	0	"3"	"APOL4"
0	1.51362811508447	1	0.969	0	"6"	"TECR"
0	1.51589280205898	0.94	0.682	0	"3"	"ACOT2"
0	1.51738041911033	0.301	0.107	0	"0"	"CNTROB"
0	1.51781042044771	0.975	0.785	0	"3"	"INSIG1"
0	1.51965729819769	0.894	0.423	0	"3"	"ADH1B"
0	1.52065413427839	0.386	0.154	0	"2"	"KAZALD1"
0	1.52225330417597	0.396	0.126	0	"2"	"TMEM106C"
0	1.52380931406463	0.294	0.099	0	"2"	"PLK3"
0	1.52662426403503	0.323	0.136	0	"0"	"VTN"
0	1.52760595761255	0.44	0.183	0	"2"	"TMEM200A"
0	1.53020602141034	0.973	0.742	0	"6"	"FHL1"
0	1.53102048490986	0.301	0.11	0	"0"	"TMEM164"
0	1.53192729112769	0.895	0.522	0	"6"	"SLC27A3"
0	1.53291002893855	0.419	0.202	0	"0"	"RARRES2"
0	1.53429136619761	0.789	0.453	0	"3"	"HMGCS1"
0	1.53524835173234	0.577	0.247	0	"0"	"PRRG1"
0	1.53618262301534	0.988	0.832	0	"2"	"LOXL2"
0	1.53626524430604	0.957	0.638	0	"3"	"LPCAT3"
0	1.53752124353792	0.78	0.46	0	"0"	"CHMP1B"
0	1.53799897301506	0.418	0.142	0	"2"	"RUNX1T1"
0	1.53902765339798	0.816	0.489	0	"0"	"IMPA2"
0	1.54005714489479	0.968	0.696	0	"2"	"CALM3"
0	1.54129372470147	0.837	0.519	0	"0"	"TMEM64"
0	1.54282543251853	0.507	0.201	0	"2"	"ERCC2"
0	1.54317744235848	0.549	0.248	0	"3"	"PECR"
0	1.54646922294999	0.53	0.214	0	"2"	"PAWR"
0	1.54743699652691	0.915	0.418	0	"0"	"POSTN"
0	1.54897609930038	0.969	0.833	0	"3"	"CCDC92"
0	1.54904395579457	0.988	0.832	0	"6"	"LMO4"
0	1.54907592582899	0.73	0.368	0	"3"	"FNDC4"
0	1.54981047210426	0.924	0.569	0	"6"	"SLC7A6"
0	1.55063441827892	0.63	0.269	0	"2"	"SKIL"
0	1.5506986598639	0.745	0.37	0	"2"	"EPB41L2"
0	1.55203199768505	0.799	0.614	0	"5"	"TSC22D1"
0	1.55228159388167	0.655	0.329	0	"6"	"PPP2R1B"
0	1.55405619425431	0.678	0.294	0	"2"	"EFHD2"
0	1.55504970088084	0.25	0.087	0	"2"	"ECM2"
0	1.55716544489737	0.892	0.76	0	"0"	"ZFAND5"
0	1.55828223278696	0.832	0.492	0	"3"	"NSDHL"
0	1.55831124022079	0.971	0.65	0	"2"	"TSPAN4"
0	1.56515552642357	0.789	0.42	0	"6"	"HAGH"
0	1.56529287295561	0.677	0.341	0	"2"	"CRIP2"
0	1.56565148266712	0.298	0.097	0	"2"	"IQCK"
0	1.56586848888886	0.655	0.298	0	"3"	"SHMT1"
0	1.56667539486339	0.871	0.581	0	"2"	"NAA10"
0	1.56744742012445	0.783	0.354	0	"2"	"MASP1"
0	1.56802730121949	0.343	0.124	0	"0"	"AC090197.1"
0	1.56919262827223	0.577	0.219	0	"2"	"BST1"
0	1.56961434630948	0.315	0.111	0	"2"	"LINC01436"
0	1.57023638671679	0.391	0.139	0	"0"	"SAMD11"
0	1.57106522162417	0.259	0.085	0	"2"	"OSBPL3"
0	1.57327850972504	0.758	0.454	0	"3"	"VANGL1"
0	1.57952533112013	0.455	0.208	0	"3"	"GPT2"
0	1.5797507171049	0.96	0.884	0	"2"	"S100A4"
0	1.57981260028077	0.875	0.62	0	"2"	"HMGA1"
0	1.58149152319866	0.355	0.13	0	"0"	"SMAD9"
0	1.58155514688776	0.98	0.666	0	"3"	"COL4A1"
0	1.58167708335674	0.288	0.091	0	"2"	"LINC02614"
0	1.58328038152966	0.71	0.329	0	"2"	"LURAP1L"
0	1.58401631288642	0.597	0.244	0	"2"	"GPR176"
0	1.58418834391178	0.97	0.708	0	"6"	"GLIPR2"
0	1.58705346863626	0.271	0.104	0	"2"	"BAMBI"
0	1.5874810716346	0.895	0.594	0	"2"	"CLDN11"
0	1.58989272757373	0.251	0.079	0	"0"	"ABCC2"
0	1.59046988734313	0.252	0.087	0	"3"	"CHRDL1"
0	1.59145993321859	0.956	0.617	0	"6"	"C19orf12"
0	1.59318569380423	0.364	0.152	0	"3"	"ZNF589"
0	1.59517471055979	0.793	0.46	0	"3"	"HACD2"
0	1.59586347180684	0.98	0.666	0	"1"	"IGFBP5"
0	1.59730074186898	0.957	0.681	0	"6"	"IDI1"
0	1.59858120455507	0.282	0.106	0	"0"	"COL11A1"
0	1.59875666212629	0.626	0.357	0	"2"	"ALDH1B1"
0	1.59930380068449	0.327	0.116	0	"0"	"PIK3R3"
0	1.59980354891899	0.449	0.167	0	"0"	"HAS1"
0	1.60076634426103	0.329	0.116	0	"2"	"CXCL3"
0	1.60253389141641	0.842	0.488	0	"0"	"SLC25A37"
0	1.60410637244492	0.607	0.235	0	"6"	"LYPLAL1-AS1"
0	1.60412074693071	0.857	0.478	0	"6"	"HMGCS1"
0	1.60604682173535	0.359	0.144	0	"3"	"TLCD4"
0	1.60607954009548	0.989	0.77	0	"2"	"COTL1"
0	1.60802334237918	0.895	0.474	0	"2"	"POSTN"
0	1.60955169230105	0.998	0.94	0	"2"	"HIF1A"
0	1.61158816224317	0.466	0.17	0	"2"	"NBPF26"
0	1.61346580445741	0.987	0.897	0	"6"	"ACAA2"
0	1.61446131542098	0.485	0.181	0	"2"	"GBP1"
0	1.61531024693042	0.293	0.096	0	"0"	"GPR1"
0	1.6161650735835	0.287	0.098	0	"2"	"HSD17B1"
0	1.61768227267038	0.633	0.305	0	"0"	"CPM"
0	1.61845428108707	0.954	0.829	0	"5"	"SNHG5"
0	1.61896362461738	0.993	0.817	0	"6"	"GFPT1"
0	1.6190715810834	0.732	0.414	0	"1"	"NOVA1"
0	1.62101325126753	0.668	0.359	0	"0"	"IRS2"
0	1.62162906048794	0.901	0.505	0	"0"	"GASK1B"
0	1.62424051723947	0.846	0.445	0	"3"	"DOCK11"
0	1.62592508562158	0.821	0.449	0	"2"	"FOXP1"
0	1.62675398706777	0.428	0.157	0	"2"	"FZD7"
0	1.62781197669434	0.257	0.093	0	"2"	"NUAK1"
0	1.63196071840521	0.892	0.559	0	"6"	"SIAH1"
0	1.63223261702426	1	0.969	0	"3"	"CYB5A"
0	1.63424837762716	0.345	0.132	0	"0"	"RUNX2"
0	1.63531952431551	0.568	0.243	0	"0"	"CLGN"
0	1.63533572877416	0.822	0.346	0	"3"	"SPRY1"
0	1.63673421658484	1	1	0	"2"	"VIM"
0	1.63789914742753	0.95	0.684	0	"3"	"HADH"
0	1.64033877776429	0.852	0.646	0	"5"	"TMEM50B"
0	1.64137039385664	0.338	0.109	0	"2"	"FZD6"
0	1.64142410011987	0.722	0.323	0	"2"	"MINDY2"
0	1.64197955358768	0.929	0.583	0	"6"	"ACAT2"
0	1.64203499507928	0.467	0.199	0	"0"	"PTPRN"
0	1.64291643871856	0.315	0.115	0	"3"	"ZNF117"
0	1.64667468006275	0.822	0.397	0	"6"	"C2CD2"
0	1.64833627337824	0.626	0.231	0	"2"	"MSANTD3"
0	1.64931260456785	0.781	0.408	0	"2"	"VASP"
0	1.65324920432818	0.996	0.747	0	"6"	"COL4A2"
0	1.6585154238597	0.312	0.098	0	"0"	"EVA1C"
0	1.6585449805345	0.861	0.573	0	"3"	"ALAS1"
0	1.65877595169851	0.365	0.115	0	"2"	"MAFF"
0	1.65982000898386	0.386	0.125	0	"2"	"GBP3"
0	1.66069310477593	0.683	0.305	0	"2"	"VEGFC"
0	1.66084891821626	0.961	0.739	0	"6"	"MPC1"
0	1.66155766744592	0.886	0.54	0	"6"	"PCBD1"
0	1.66181494952017	0.277	0.074	0	"2"	"ATF3"
0	1.66413408618753	0.999	0.936	0	"6"	"RTN3"
0	1.664495923354	0.566	0.211	0	"2"	"ADAM33"
0	1.66717040188728	0.97	0.819	0	"2"	"ACTN1"
0	1.66742083116427	0.929	0.782	0	"5"	"EPB41L4A-AS1"
0	1.66835672193383	0.743	0.422	0	"3"	"PPP2R5A"
0	1.67224284749557	0.348	0.136	0	"1"	"AC007563.2"
0	1.67477241406313	0.772	0.447	0	"6"	"LETM1"
0	1.67529574471108	1	0.99	0	"5"	"CALR"
0	1.67560579255576	0.816	0.523	0	"2"	"FKBP2"
0	1.67617720939246	0.34	0.117	0	"3"	"SYNGR2"
0	1.67739917776468	0.635	0.311	0	"6"	"NUDT8"
0	1.68018535777286	0.874	0.685	0	"6"	"HSPA1A"
0	1.68182394350325	0.507	0.183	0	"2"	"SLC7A5"
0	1.68196050297351	0.804	0.344	0	"2"	"GLT8D2"
0	1.68440547589171	0.318	0.099	0	"2"	"CLCF1"
0	1.68890134904709	0.617	0.269	0	"6"	"STAT5A"
0	1.69005388878876	0.314	0.098	0	"2"	"RASA4"
0	1.69184446993854	0.814	0.517	0	"6"	"FAM241A"
0	1.69210415779984	0.989	0.92	0	"2"	"TUBA1B"
0	1.69307669020272	0.542	0.221	0	"6"	"MCAM"
0	1.69326983856729	0.894	0.489	0	"2"	"NEXN"
0	1.69493185875013	0.994	0.801	0	"6"	"INSIG1"
0	1.69577035908376	0.682	0.344	0	"6"	"ACER3"
0	1.69647203614399	0.825	0.4	0	"2"	"HEG1"
0	1.69913358335411	1	0.996	0	"2"	"ANXA5"
0	1.70183225479231	0.748	0.507	0	"3"	"ADIRF"
0	1.70334566460118	0.789	0.371	0	"2"	"FHL3"
0	1.70473578548102	0.522	0.207	0	"0"	"NPR3"
0	1.70774652552577	0.731	0.352	0	"6"	"APBB1IP"
0	1.7108898687122	0.899	0.482	0	"2"	"MYOF"
0	1.71176753381547	0.922	0.566	0	"2"	"SLC16A3"
0	1.71531289472945	0.393	0.125	0	"2"	"ATXN1"
0	1.7172621296252	0.538	0.204	0	"6"	"ATP9A"
0	1.72010670484816	0.996	0.843	0	"6"	"CAV2"
0	1.72438002297663	0.371	0.116	0	"2"	"AK5"
0	1.72768543478196	0.957	0.634	0	"2"	"MIR100HG"
0	1.72783094159214	1	0.946	0	"6"	"SLC25A1"
0	1.72888705785374	0.759	0.367	0	"3"	"C2CD2"
0	1.72919068929094	0.897	0.516	0	"6"	"MVD"
0	1.72989879064421	0.397	0.13	0	"2"	"GCNT1"
0	1.73170157016876	0.746	0.356	0	"3"	"ACSS2"
0	1.73568494086772	0.291	0.09	0	"2"	"MBNL1-AS1"
0	1.73622017347241	0.434	0.163	0	"2"	"AC022966.1"
0	1.73637247581667	0.338	0.121	0	"3"	"PTPRF"
0	1.73823268915452	0.993	0.753	0	"3"	"PLAAT3"
0	1.73823466405245	0.925	0.652	0	"6"	"HILPDA"
0	1.74032387694691	0.719	0.326	0	"2"	"IFI30"
0	1.74342520654608	0.994	0.871	0	"6"	"CYCS"
0	1.74460420269572	0.989	0.711	0	"3"	"G0S2"
0	1.74507370668767	0.669	0.22	0	"6"	"AQP3"
0	1.7459288619845	0.554	0.211	0	"3"	"SYNM"
0	1.74603468319424	0.554	0.22	0	"0"	"SULF2"
0	1.74852708098226	0.471	0.188	0	"2"	"MYLK"
0	1.75100848912601	0.831	0.6	0	"0"	"ST3GAL1"
0	1.75264892477011	0.276	0.044	0	"2"	"PCLAF"
0	1.75352327003928	0.824	0.478	0	"3"	"MEST"
0	1.7553987541808	0.983	0.735	0	"3"	"VKORC1L1"
0	1.75619006739604	0.993	0.868	0	"2"	"PDLIM2"
0	1.75695822072676	0.271	0.09	0	"3"	"MRAP"
0	1.7573675495134	0.835	0.468	0	"3"	"DLAT"
0	1.75848886216716	0.69	0.294	0	"2"	"CDC42EP5"
0	1.76007881814949	0.743	0.369	0	"3"	"PIM3"
0	1.76184308789176	0.89	0.499	0	"2"	"LTBP2"
0	1.76312709330071	0.939	0.563	0	"3"	"CAMK1"
0	1.76622821694431	0.766	0.492	0	"6"	"OSBPL1A"
0	1.76743138886266	0.281	0.084	0	"2"	"MAGI1"
0	1.76953718092879	0.268	0.076	0	"2"	"CNTNAP1"
0	1.76967107888157	0.317	0.096	0	"2"	"FUOM"
0	1.77188318450446	0.309	0.081	0	"2"	"STARD10"
0	1.77274722729669	0.602	0.223	0	"2"	"GATD3B"
0	1.77337539745961	0.632	0.269	0	"2"	"FILIP1L"
0	1.77435919257706	0.7	0.364	0	"6"	"VSIR"
0	1.77689496290466	0.631	0.235	0	"2"	"SOCS5"
0	1.7788507607141	0.962	0.792	0	"6"	"C20orf27"
0	1.77917946286172	0.269	0.078	0	"2"	"NEGR1"
0	1.78035966361563	0.926	0.837	0	"5"	"DNAJC3"
0	1.78169281239602	0.674	0.268	0	"3"	"DUSP4"
0	1.78345661672003	0.567	0.256	0	"3"	"HK2"
0	1.78599385248259	0.861	0.48	0	"2"	"BAG2"
0	1.78637971407829	0.998	0.892	0	"6"	"MKNK2"
0	1.78849350993706	0.309	0.105	0	"3"	"PPP1R1B"
0	1.78948863158191	0.678	0.33	0	"0"	"HAND2"
0	1.78995538906163	0.914	0.517	0	"6"	"NSDHL"
0	1.79042036654934	0.608	0.22	0	"3"	"AOC2"
0	1.79091684894764	0.283	0.088	0	"0"	"CPNE7"
0	1.79097189246386	0.302	0.066	0	"3"	"LPL"
0	1.79136595970482	0.998	0.692	0	"6"	"COL4A1"
0	1.79339532893374	0.618	0.241	0	"2"	"DPP4"
0	1.79351585893644	0.457	0.151	0	"2"	"MCU"
0	1.79501913097049	0.261	0.072	0	"2"	"RAB27A"
0	1.795629327007	0.955	0.881	0	"5"	"TAF1D"
0	1.79606792049041	0.984	0.716	0	"2"	"COL12A1"
0	1.80100459313357	0.271	0.093	0	"3"	"THEMIS2"
0	1.80117719994522	1	0.76	0	"6"	"CIDEC"
0	1.802588023703	0.33	0.096	0	"2"	"IQSEC2"
0	1.80287173825305	0.55	0.201	0	"2"	"MYO10"
0	1.80306334058476	0.924	0.536	0	"0"	"CRISPLD2"
0	1.80487065299276	0.994	0.566	0	"6"	"ACACB"
0	1.80497848247821	0.317	0.114	0	"0"	"RGCC"
0	1.80592637822109	0.641	0.279	0	"6"	"HK2"
0	1.80602568903006	0.557	0.194	0	"3"	"NPR1"
0	1.81562829502521	0.259	0.074	0	"2"	"RHOBTB1"
0	1.82069297125277	0.553	0.187	0	"2"	"KITLG"
0	1.82323371179626	0.823	0.362	0	"3"	"DGAT2"
0	1.82373231245771	0.616	0.211	0	"2"	"ST5"
0	1.82742662087418	0.318	0.087	0	"2"	"NOTCH2NLA"
0	1.83016250630787	0.981	0.738	0	"2"	"RBM3"
0	1.83103021079941	0.679	0.299	0	"0"	"FBXO32"
0	1.83175022271423	0.335	0.086	0	"3"	"RETREG1"
0	1.83202647532568	0.263	0.069	0	"2"	"ATP1B1"
0	1.83341357832565	0.961	0.656	0	"2"	"THBS2"
0	1.83398979710482	0.644	0.251	0	"0"	"HIP1"
0	1.8354117878772	0.448	0.126	0	"2"	"CARMN"
0	1.83610009297817	0.984	0.526	0	"3"	"ACACB"
0	1.83843379373836	0.416	0.124	0	"2"	"ARSJ"
0	1.83912855277173	0.98	0.748	0	"2"	"WDR1"
0	1.83919947790399	0.277	0.078	0	"2"	"STAMBPL1"
0	1.84329337516025	1	0.957	0	"2"	"PKM"
0	1.84386798883852	0.981	0.841	0	"6"	"APMAP"
0	1.84492424013226	0.353	0.101	0	"0"	"RNF144A"
0	1.84495253978498	0.395	0.173	0	"4"	"BDKRB2"
0	1.84535813545472	1	0.869	0	"3"	"FASN"
0	1.84690787397905	0.408	0.135	0	"3"	"LRIG1"
0	1.85142088630676	0.326	0.093	0	"0"	"IL18R1"
0	1.85379971997287	0.379	0.126	0	"0"	"AL139393.3"
0	1.85455479508935	0.261	0.087	0	"3"	"SLC25A18"
0	1.85757771733876	0.709	0.333	0	"2"	"SEMA3C"
0	1.85791482653485	1	0.994	0	"2"	"TPM2"
0	1.85798663978494	0.56	0.236	0	"6"	"ISOC1"
0	1.86127268721771	0.315	0.09	0	"3"	"GAS2L3"
0	1.86393919061391	0.773	0.348	0	"2"	"RALGPS2"
0	1.86562821536102	0.869	0.409	0	"2"	"FLNC"
0	1.86731274166777	1	0.737	0	"3"	"CIDEC"
0	1.86747056863061	0.394	0.114	0	"2"	"SH3RF1"
0	1.86763974420998	0.677	0.305	0	"6"	"MEGF9"
0	1.8683339113876	0.667	0.265	0	"3"	"ACOT1"
0	1.8730711569926	0.624	0.234	0	"0"	"WNT5A"
0	1.87515081812515	0.886	0.472	0	"2"	"RECK"
0	1.87619891624558	0.49	0.222	0	"3"	"PPP1R16A"
0	1.87754624466057	0.757	0.381	0	"0"	"TCEAL1"
0	1.87845580005019	0.872	0.443	0	"2"	"ENPP2"
0	1.87885509140229	0.264	0.074	0	"2"	"SORCS2"
0	1.88154570585037	0.799	0.427	0	"3"	"GPATCH11"
0	1.88224733314347	0.658	0.281	0	"3"	"CDO1"
0	1.88555883836943	0.371	0.111	0	"2"	"LOXL3"
0	1.88829676928605	1	0.997	0	"6"	"DBI"
0	1.89049074181834	0.588	0.234	0	"2"	"SUSD2"
0	1.8910507526487	0.775	0.374	0	"6"	"EFNB1"
0	1.89127607397843	0.432	0.126	0	"2"	"PAFAH1B3"
0	1.8917751191556	0.617	0.233	0	"2"	"PPP1R14B-AS1"
0	1.89203798885446	0.256	0.101	0	"0"	"PGF"
0	1.89331514472117	0.577	0.246	0	"2"	"LACC1"
0	1.8941891531432	0.431	0.142	0	"2"	"SLIT2"
0	1.89836514778001	0.909	0.557	0	"6"	"RETSAT"
0	1.89861183682298	0.604	0.217	0	"2"	"DNM3OS"
0	1.89889140934838	0.286	0.085	0	"2"	"LBH"
0	1.90037843509492	0.792	0.297	0	"6"	"DUSP4"
0	1.90155439132198	0.997	0.816	0	"6"	"ACSL1"
0	1.90400155727325	0.811	0.365	0	"3"	"CITED4"
0	1.9046722487701	0.676	0.261	0	"3"	"ACSF2"
0	1.90596700603734	0.898	0.769	0	"5"	"CDK2AP2"
0	1.90699797086433	0.969	0.538	0	"2"	"BASP1"
0	1.9146131873452	0.954	0.594	0	"6"	"LPIN1"
0	1.91758560251559	0.907	0.482	0	"6"	"HACD2"
0	1.91923951664438	0.552	0.246	0	"2"	"RCAN1"
0	1.91939864578647	0.93	0.705	0	"6"	"HSPA1B"
0	1.92271212972633	0.276	0.101	0	"3"	"SLC29A1"
0	1.92346906058857	0.635	0.211	0	"2"	"PODNL1"
0	1.92355673832633	0.774	0.291	0	"3"	"SORT1"
0	1.92572629462741	0.615	0.207	0	"2"	"DEPTOR"
0	1.92811014712331	0.665	0.225	0	"3"	"ZBED3-AS1"
0	1.93241873786439	0.857	0.475	0	"6"	"DGAT1"
0	1.9333190494421	0.397	0.111	0	"2"	"FLRT2"
0	1.93662146580171	0.304	0.082	0	"2"	"ARMC9"
0	1.94278422907153	0.497	0.175	0	"6"	"GPC4"
0	1.94436545255136	0.976	0.846	0	"5"	"NUCB2"
0	1.94914506405088	0.28	0.072	0	"2"	"NGF"
0	1.96188200579928	0.996	0.9	0	"2"	"CAVIN1"
0	1.96196413159969	0.274	0.088	0	"3"	"OAS1"
0	1.96275535255823	0.776	0.322	0	"6"	"SHMT1"
0	1.96307191591837	0.661	0.29	0	"6"	"KLHDC8B"
0	1.96639118056981	0.647	0.233	0	"2"	"AXL"
0	1.96647514913429	0.382	0.101	0	"2"	"DNM1"
0	1.97200118514599	0.831	0.545	0	"0"	"TMX4"
0	1.97635131961171	0.31	0.073	0	"2"	"ETV5"
0	1.97653674111303	0.924	0.607	0	"3"	"GPAM"
0	1.97689055342233	0.737	0.219	0	"3"	"RBP4"
0	1.97777250280865	0.393	0.12	0	"3"	"PNPLA3"
0	1.9784834402604	0.352	0.107	0	"2"	"MARCH3"
0	1.97902196210427	0.784	0.236	0	"6"	"ITGA7"
0	1.97967252727366	0.995	0.806	0	"2"	"MARCKS"
0	1.98071386472691	0.547	0.204	0	"2"	"LDB2"
0	1.98148622986895	0.889	0.56	0	"2"	"ADM"
0	1.98210448425368	0.408	0.118	0	"2"	"BX322234.1"
0	1.98227718392553	0.58	0.203	0	"3"	"GYG2"
0	1.98238361178405	0.525	0.153	0	"2"	"SLC38A1"
0	1.98346412603608	0.622	0.197	0	"3"	"LYPLAL1-AS1"
0	1.98522439072329	0.69	0.223	0	"3"	"RDH5"
0	1.98585391288631	0.435	0.119	0	"2"	"EPS8L2"
0	1.98925321493937	0.322	0.081	0	"2"	"APCDD1L"
0	1.99280707849532	0.457	0.135	0	"2"	"EHBP1L1"
0	1.99308475909131	0.546	0.297	0	"3"	"TIMP4"
0	1.99351048331036	0.691	0.31	0	"2"	"FGF2"
0	1.99966816707071	0.988	0.658	0	"2"	"ISLR"
0	2.00044238781822	0.546	0.169	0	"2"	"DKK3"
0	2.00078927208922	0.952	0.652	0	"3"	"AGPAT2"
0	2.00254286703225	0.664	0.256	0	"2"	"SYNE1"
0	2.00419777985754	0.548	0.183	0	"2"	"F2R"
0	2.00474755895243	0.508	0.187	0	"6"	"PCSK9"
0	2.00820673793379	1	0.756	0	"6"	"VKORC1L1"
0	2.01498569498604	0.985	0.834	0	"2"	"CNN2"
0	2.02001638826757	0.937	0.605	0	"2"	"MYADM"
0	2.02165943801708	0.952	0.593	0	"6"	"ALAS1"
0	2.02396300077694	0.601	0.211	0	"6"	"THEM6"
0	2.02605023931323	0.576	0.195	0	"2"	"DRAM1"
0	2.02615482245039	0.414	0.155	0	"0"	"KCNG1"
0	2.02646683788381	1	0.972	0	"3"	"PNPLA2"
0	2.02654055963349	0.355	0.112	0	"0"	"MMP23B"
0	2.03533643782053	0.416	0.133	0	"6"	"OLMALINC"
0	2.03710904503774	0.837	0.371	0	"2"	"AMOTL2"
0	2.03889997869442	0.953	0.589	0	"6"	"MRAS"
0	2.04299414202969	0.372	0.113	0	"6"	"FCRLB"
0	2.04326887732227	0.305	0.072	0	"3"	"AL356218.2"
0	2.0435294873486	0.823	0.335	0	"0"	"SCRG1"
0	2.04398080414067	0.635	0.196	0	"0"	"PDE7B"
0	2.04597454421531	0.998	0.737	0	"2"	"LOX"
0	2.0493465886365	0.269	0.077	0	"2"	"GALNT12"
0	2.05257627092417	0.777	0.313	0	"2"	"BICC1"
0	2.05268654114318	0.439	0.117	0	"2"	"SIPA1L1"
0	2.05306007624689	0.463	0.117	0	"2"	"TNFAIP2"
0	2.05423951552796	0.851	0.361	0	"2"	"STC2"
0	2.06271722708743	0.933	0.473	0	"2"	"CDH11"
0	2.06286365134731	0.837	0.434	0	"6"	"CCND3"
0	2.06522790549464	0.854	0.384	0	"6"	"ACSS2"
0	2.06789613564507	0.986	0.702	0	"6"	"ACOT2"
0	2.07107625883622	0.664	0.3	0	"2"	"CDH2"
0	2.07198828734309	0.758	0.366	0	"2"	"LMCD1"
0	2.07233124247537	1	0.784	0	"3"	"FABP5"
0	2.07370851372729	0.465	0.153	0	"3"	"CHI3L2"
0	2.07416203710144	0.806	0.254	0	"3"	"PALMD"
0	2.07754345292945	0.679	0.324	0	"5"	"CRELD1"
0	2.07877705365537	0.696	0.287	0	"0"	"NEDD4"
0	2.08463786003182	0.872	0.571	0	"2"	"SERPINE2"
0	2.08467198526817	0.945	0.438	0	"3"	"NR1H3"
0	2.08763459558178	0.285	0.072	0	"2"	"BCAM"
0	2.08852959102486	0.715	0.282	0	"2"	"SCARA3"
0	2.0890460468906	0.515	0.151	0	"3"	"LINC01140"
0	2.08933583792996	0.978	0.667	0	"2"	"PTX3"
0	2.08999001352629	0.302	0.075	0	"2"	"ADM2"
0	2.09122434893014	0.804	0.255	0	"6"	"ZBED3-AS1"
0	2.09129568494025	0.651	0.209	0	"2"	"SPOCD1"
0	2.0924682176004	0.99	0.771	0	"2"	"CCN1"
0	2.0964189586954	0.983	0.48	0	"6"	"NR1H3"
0	2.09765568601145	0.379	0.101	0	"3"	"AGT"
0	2.09832766887886	1	0.923	0	"2"	"TPM4"
0	2.10127735314923	0.469	0.13	0	"0"	"P4HA3"
0	2.10385838034364	0.253	0.063	0	"2"	"NPAS1"
0	2.10505728767414	0.286	0.066	0	"2"	"EHD4"
0	2.10508749466523	0.415	0.103	0	"2"	"XAF1"
0	2.10512269208934	0.372	0.095	0	"2"	"ASNS"
0	2.10549347047264	0.824	0.332	0	"2"	"PFKP"
0	2.11167147259651	0.755	0.293	0	"2"	"EXT1"
0	2.11289952113611	0.809	0.319	0	"2"	"VGLL3"
0	2.11928088342344	0.654	0.195	0	"2"	"TES"
0	2.11967221351591	0.909	0.506	0	"6"	"APIP"
0	2.1247855497621	0.282	0.071	0	"2"	"ADAM19"
0	2.12871001766044	0.999	0.456	0	"6"	"AOC3"
0	2.12998978555226	0.85	0.436	0	"6"	"MTHFD1"
0	2.13016443733062	0.613	0.195	0	"2"	"CHAC1"
0	2.13158917989403	0.295	0.069	0	"2"	"TRAF5"
0	2.13306181180469	0.939	0.505	0	"3"	"APOE"
0	2.13966991989909	0.712	0.269	0	"6"	"ACSL5"
0	2.14018734679297	0.595	0.239	0	"6"	"PPP1R16A"
0	2.14097710028115	0.996	0.474	0	"3"	"FABP4"
0	2.1411284917242	0.351	0.079	0	"3"	"NNAT"
0	2.14155968519272	0.446	0.092	0	"3"	"PPP1R1A"
0	2.14417348156425	0.92	0.452	0	"6"	"GPATCH11"
0	2.15060294844987	0.985	0.406	0	"3"	"AOC3"
0	2.15201625497335	0.617	0.15	0	"3"	"TM7SF2"
0	2.1557050279623	0.701	0.232	0	"2"	"LINC01133"
0	2.15777455371842	0.803	0.391	0	"2"	"DYNLRB1"
0	2.15936393231112	1	0.808	0	"3"	"SCD"
0	2.15941483628084	0.889	0.474	0	"3"	"CDKN2C"
0	2.16027033844063	0.932	0.724	0	"5"	"DNAJB11"
0	2.16092516809322	0.527	0.171	0	"2"	"CSRP2"
0	2.16416544565881	0.423	0.116	0	"0"	"CARMIL1"
0	2.16503180320672	1	0.995	0	"5"	"HSP90B1"
0	2.16673660801219	0.646	0.167	0	"3"	"MESP1"
0	2.17351738028571	0.553	0.204	0	"0"	"KCNMA1"
0	2.18904747760406	0.908	0.506	0	"2"	"MYO1B"
0	2.19036197287097	0.803	0.292	0	"6"	"ACOT1"
0	2.1904655552451	0.637	0.152	0	"3"	"CLMN"
0	2.19062247819607	0.419	0.101	0	"2"	"LINC01503"
0	2.19157674117879	0.834	0.344	0	"6"	"SLC25A4"
0	2.19160722974581	0.377	0.099	0	"2"	"PPP1R3C"
0	2.19611632311919	0.991	0.709	0	"6"	"CS"
0	2.19669303891387	1	0.774	0	"6"	"PLAAT3"
0	2.19838069133694	0.374	0.084	0	"0"	"IFI44L"
0	2.19944233079013	0.654	0.139	0	"3"	"LGALS12"
0	2.19974770561486	0.368	0.11	0	"0"	"SEC14L2"
0	2.20152937525558	0.657	0.179	0	"3"	"AQP3"
0	2.20629348822427	0.717	0.274	0	"2"	"SPHK1"
0	2.20664130331642	0.266	0.058	0	"2"	"SPEG"
0	2.20728474834446	0.728	0.331	0	"2"	"MYH10"
0	2.20905065439581	1	0.99	0	"2"	"ACTG1"
0	2.20916353652085	0.852	0.277	0	"3"	"PDE3B"
0	2.21311008355984	0.314	0.082	0	"6"	"AC036108.2"
0	2.21361528747133	0.825	0.282	0	"3"	"CEBPA"
0	2.21403120628941	1	0.88	0	"6"	"FASN"
0	2.21621093792356	0.538	0.161	0	"2"	"FBLIM1"
0	2.22050108540462	0.509	0.129	0	"3"	"CRACR2B"
0	2.22232849132915	0.342	0.079	0	"2"	"ZNF469"
0	2.22507342041891	0.972	0.605	0	"2"	"CTHRC1"
0	2.2252855070425	0.46	0.257	0	"2"	"PI16"
0	2.2261952533066	0.995	0.944	0	"5"	"SLC3A2"
0	2.22916172950662	0.352	0.098	0	"6"	"AC093512.2"
0	2.23167833396432	0.431	0.093	0	"2"	"LRRC32"
0	2.23295978007176	0.29	0.072	0	"2"	"IL33"
0	2.23817765481495	0.961	0.542	0	"6"	"APOE"
0	2.2418227999323	0.696	0.327	0	"2"	"EFEMP1"
0	2.24360546992181	0.731	0.215	0	"3"	"PRXL2A"
0	2.24393449807136	0.69	0.256	0	"6"	"ERV3-1"
0	2.24786279986714	0.816	0.497	0	"2"	"CRABP2"
0	2.2480907950818	0.98	0.383	0	"3"	"PLIN4"
0	2.24844194688638	0.629	0.148	0	"0"	"MTRNR2L12"
0	2.24954833058252	0.586	0.154	0	"2"	"RAC2"
0	2.25416408945492	0.461	0.124	0	"6"	"ZNF117"
0	2.25729169468615	0.603	0.188	0	"2"	"SYNPO2"
0	2.26439809608438	0.754	0.308	0	"2"	"SNRPD3"
0	2.26755303522913	0.274	0.063	0	"2"	"SERAC1"
0	2.26947502204982	1	0.803	0	"6"	"FABP5"
0	2.26978464430039	0.254	0.049	0	"3"	"PLIN5"
0	2.27664812205241	0.703	0.233	0	"6"	"SYNM"
0	2.27670439933647	0.349	0.085	0	"2"	"AHNAK2"
0	2.2806225116817	0.708	0.257	0	"2"	"PTGIS"
0	2.28068580220487	0.95	0.321	0	"6"	"PDE3B"
0	2.28156477650301	0.39	0.101	0	"6"	"THEMIS2"
0	2.28432935526276	0.775	0.383	0	"2"	"IFI27"
0	2.28496000111971	0.892	0.335	0	"2"	"TNC"
0	2.28656668971703	0.992	0.593	0	"6"	"CAMK1"
0	2.28738180600009	0.342	0.066	0	"2"	"SYNJ2"
0	2.28756687226395	0.733	0.192	0	"3"	"ITGA7"
0	2.29599888280943	0.362	0.096	0	"6"	"TENM4"
0	2.29913641566595	0.66	0.229	0	"2"	"SWAP70"
0	2.29935745902661	1	0.974	0	"6"	"PNPLA2"
0	2.30199333810968	0.426	0.118	0	"6"	"TSLP"
0	2.30229760024462	0.82	0.314	0	"2"	"RAI14"
0	2.30271051054419	0.668	0.34	0	"2"	"PRSS23"
0	2.30787279431728	0.922	0.229	0	"3"	"AQP7"
0	2.30837073397983	0.819	0.135	0	"3"	"ADIPOQ"
0	2.30961215969189	0.47	0.132	0	"6"	"PTPRF"
0	2.30997452911772	0.292	0.067	0	"3"	"HP"
0	2.31141011411883	0.755	0.248	0	"2"	"DPYSL3"
0	2.3131514125941	0.297	0.059	0	"2"	"STAC"
0	2.31337790876821	0.916	0.586	0	"2"	"CSRP1"
0	2.31968344425659	0.925	0.295	0	"6"	"PALMD"
0	2.3240373451134	0.564	0.208	0	"2"	"SULF1"
0	2.32643873363445	0.613	0.09	0	"3"	"ADIPOQ-AS1"
0	2.33019826713347	0.543	0.191	0	"6"	"MOCS1"
0	2.33304841880197	0.96	0.58	0	"2"	"TUBA1A"
0	2.33568929824319	0.306	0.062	0	"0"	"CDH20"
0	2.33765916832915	0.996	0.434	0	"6"	"PLIN4"
0	2.33794158504325	0.996	0.802	0	"2"	"FLNA"
0	2.33835338961588	0.437	0.117	0	"0"	"DIRAS3"
0	2.34599394318739	0.523	0.139	0	"2"	"KIF26B"
0	2.35147642943159	0.505	0.107	0	"3"	"KLB"
0	2.35469796697146	0.343	0.073	0	"3"	"ALDH1L1"
0	2.35806209760568	0.623	0.122	0	"3"	"MLXIPL"
0	2.36010363490589	0.508	0.108	0	"2"	"IL32"
0	2.36311638358962	0.558	0.192	0	"0"	"RGS2"
0	2.3637265350566	0.517	0.126	0	"6"	"SYNGR2"
0	2.36397133660637	0.432	0.095	0	"3"	"KCNK3"
0	2.36566283493587	0.904	0.326	0	"6"	"SORT1"
0	2.36599682617406	0.844	0.325	0	"2"	"COL8A1"
0	2.37414853046183	0.364	0.072	0	"2"	"CARD9"
0	2.38857926581103	1	0.52	0	"6"	"FABP4"
0	2.39281570052849	0.378	0.114	0	"0"	"NEFL"
0	2.39448689166018	0.313	0.059	0	"2"	"TRIM59"
0	2.39468081642561	0.361	0.076	0	"3"	"AZGP1"
0	2.39599314217455	0.404	0.079	0	"3"	"TRARG1"
0	2.39751448227775	0.918	0.338	0	"3"	"PRKAR2B"
0	2.39790355005327	0.885	0.285	0	"3"	"UCP2"
0	2.40455838683195	0.955	0.467	0	"2"	"CREB3L1"
0	2.40754092511103	0.337	0.099	0	"5"	"ERO1B"
0	2.41542449591639	0.891	0.393	0	"6"	"PIM3"
0	2.41787630509697	0.293	0.058	0	"2"	"IQCJ-SCHIP1"
0	2.42774573526791	0.95	0.585	0	"2"	"DAB2"
0	2.43028259543611	0.737	0.239	0	"2"	"ADAMTSL1"
0	2.43408716461898	0.78	0.32	0	"2"	"CRIM1"
0	2.43449182373058	0.822	0.273	0	"2"	"FLNB"
0	2.4351324363785	0.4	0.123	0	"6"	"FAM89A"
0	2.43705639322711	0.512	0.116	0	"2"	"SGK1"
0	2.44074344055228	0.494	0.101	0	"2"	"PAMR1"
0	2.44332398237411	0.998	0.704	0	"6"	"HADH"
0	2.45075593021567	0.462	0.101	0	"6"	"GAS2L3"
0	2.45109196921859	0.498	0.185	0	"4"	"SCARA5"
0	2.45192101646725	0.368	0.095	0	"2"	"KRT8"
0	2.45293244214539	0.363	0.106	0	"1"	"FABP3"
0	2.45676893612609	0.783	0.261	0	"6"	"PECR"
0	2.46427532223169	0.606	0.162	0	"2"	"AC079781.5"
0	2.466478916817	0.254	0.044	0	"2"	"UPP1"
0	2.46710855218583	0.997	0.837	0	"6"	"CHCHD10"
0	2.46739050133886	0.444	0.214	0	"4"	"APOD"
0	2.47643835936452	0.946	0.322	0	"6"	"CEBPA"
0	2.47727618090292	0.853	0.303	0	"2"	"GLIPR1"
0	2.47783244871515	0.959	0.449	0	"6"	"AIFM2"
0	2.49039375434817	0.832	0.193	0	"3"	"LIPE"
0	2.49260774724588	0.428	0.126	0	"2"	"CXCL1"
0	2.4952956052087	0.946	0.501	0	"6"	"MEST"
0	2.49831136713451	0.783	0.271	0	"2"	"FRMD6"
0	2.50014715683915	0.518	0.114	0	"2"	"EPSTI1"
0	2.50071725737433	0.997	0.905	0	"2"	"MYL9"
0	2.5019918900782	0.433	0.102	0	"2"	"WEE1"
0	2.50318749276222	0.91	0.471	0	"2"	"CDC42EP3"
0	2.51927743665297	0.93	0.435	0	"2"	"TGFB1I1"
0	2.519742064944	0.677	0.217	0	"6"	"GPT2"
0	2.52333153746701	0.685	0.298	0	"0"	"DKK1"
0	2.52342085705088	0.567	0.134	0	"6"	"PNPLA3"
0	2.52572497319506	0.761	0.278	0	"6"	"STBD1"
0	2.52968628663726	0.704	0.228	0	"3"	"ACSL5"
0	2.53600312333753	0.993	0.893	0	"5"	"PDIA4"
0	2.53725979696521	0.749	0.24	0	"0"	"STXBP6"
0	2.53881926427054	0.424	0.091	0	"2"	"PRSS12"
0	2.53935674982846	0.295	0.073	0	"2"	"DSP"
0	2.54249198315153	0.814	0.399	0	"2"	"NEK7"
0	2.54640608213955	0.555	0.143	0	"3"	"GPBAR1"
0	2.54946553695415	0.406	0.089	0	"2"	"LMOD1"
0	2.56157202367487	0.95	0.264	0	"3"	"PLIN1"
0	2.56559813455365	0.453	0.111	0	"2"	"KRT19"
0	2.56655231831733	0.521	0.12	0	"6"	"KCNK3"
0	2.56674454891571	0.632	0.174	0	"0"	"LRRC17"
0	2.56920075652759	0.936	0.567	0	"2"	"GLS"
0	2.57097120846068	0.694	0.198	0	"2"	"UACA"
0	2.57506570448319	0.792	0.2	0	"6"	"MESP1"
0	2.57677952240486	0.776	0.224	0	"6"	"GYG2"
0	2.57765043451369	0.959	0.257	0	"3"	"GPD1"
0	2.58160722089478	0.963	0.517	0	"2"	"FHL2"
0	2.58381747147455	0.352	0.059	0	"3"	"SEMA3G"
0	2.58648632388464	0.462	0.083	0	"2"	"AL157394.3"
0	2.5899880528354	0.502	0.102	0	"6"	"TRARG1"
0	2.59337082277991	0.445	0.084	0	"6"	"AL356218.2"
0	2.59583620950862	0.254	0.036	0	"2"	"ICAM1"
0	2.60405528186217	0.841	0.303	0	"2"	"LOXL1"
0	2.60532659019751	0.981	0.714	0	"2"	"MYH9"
0	2.61425101194857	0.397	0.099	0	"6"	"MRAP"
0	2.62105620017496	0.967	0.507	0	"2"	"PDLIM7"
0	2.62105643162111	0.636	0.156	0	"2"	"RPS10-NUDT3"
0	2.62152335268686	0.462	0.103	0	"0"	"AL138963.4"
0	2.6235766414004	0.334	0.077	0	"6"	"AQP11"
0	2.62514456385574	0.711	0.103	0	"3"	"THRSP"
0	2.63086568229642	0.553	0.189	0	"2"	"CLEC3B"
0	2.63123241977436	0.596	0.157	0	"6"	"CRACR2B"
0	2.63229250562216	0.255	0.048	0	"6"	"GKAP1"
0	2.63333257079255	1	1	0	"2"	"ACTB"
0	2.63801544587379	0.268	0.053	0	"2"	"LIMCH1"
0	2.6382359467656	0.991	0.316	0	"6"	"GPD1"
0	2.6408399877545	0.307	0.051	0	"2"	"RIN3"
0	2.64101736376598	0.382	0.061	0	"3"	"CNTFR"
0	2.64329091101673	0.37	0.067	0	"2"	"AL162586.1"
0	2.64846340071723	0.414	0.099	0	"2"	"PLAT"
0	2.65188694682091	0.443	0.098	0	"2"	"SEMA7A"
0	2.65465450521841	0.927	0.383	0	"2"	"TNFRSF12A"
0	2.65833758214053	0.903	0.441	0	"6"	"PPP2R5A"
0	2.6587811856937	0.801	0.306	0	"6"	"CDO1"
0	2.66193072402048	0.993	0.384	0	"6"	"PRKAR2B"
0	2.66834135187687	0.665	0.163	0	"2"	"CCL2"
0	2.68506372854748	0.477	0.163	0	"6"	"HLA-DMA"
0	2.69108492258365	0.607	0.283	0	"6"	"NMB"
0	2.7048299519531	0.3	0.077	0	"5"	"CDC6"
0	2.70600066002239	0.781	0.447	0	"5"	"SNHG12"
0	2.70942659434413	0.621	0.146	0	"6"	"LRIG1"
0	2.71201531967916	0.586	0.132	0	"2"	"DDAH1"
0	2.71257326056267	0.429	0.086	0	"2"	"CH25H"
0	2.72572770345856	0.989	0.322	0	"6"	"PLIN1"
0	2.72931757495201	0.485	0.09	0	"2"	"BHLHE40"
0	2.7357384127454	0.881	0.384	0	"2"	"PALLD"
0	2.75019085114645	0.988	0.286	0	"6"	"AQP7"
0	2.75696432800552	0.812	0.342	0	"2"	"PCSK7"
0	2.75753262403797	0.316	0.049	0	"2"	"VDR"
0	2.75894621579578	0.639	0.16	0	"0"	"ARHGEF19"
0	2.76085780380452	0.686	0.181	0	"2"	"COLEC12"
0	2.76900595281698	0.382	0.064	0	"2"	"KCNK2"
0	2.77938300589059	0.573	0.141	0	"2"	"SH2D4A"
0	2.78521576025977	0.575	0.107	0	"2"	"CXCL6"
0	2.78986199742167	0.504	0.088	0	"6"	"ALDH1L1"
0	2.79509128169807	0.306	0.054	0	"6"	"TMEM170B"
0	2.79919176151935	0.951	0.395	0	"6"	"DGAT2"
0	2.80132119629953	0.943	0.67	0	"5"	"CRELD2"
0	2.80748129269619	0.496	0.092	0	"2"	"DOK5"
0	2.80836579753066	0.999	0.987	0	"5"	"HSPA5"
0	2.81955355162278	0.619	0.279	0	"5"	"SEC11C"
0	2.82158833747809	0.524	0.229	0	"0"	"SOCS1"
0	2.82365798175422	0.291	0.044	0	"6"	"ACVR1C"
0	2.82731078314349	0.701	0.121	0	"7"	"VRK1"
0	2.83267329177438	0.763	0.221	0	"2"	"IER3"
0	2.83348816127699	0.489	0.093	0	"6"	"AZGP1"
0	2.83400520010876	0.644	0.128	0	"2"	"HSPB7"
0	2.83714021510834	0.991	0.631	0	"6"	"GPAM"
0	2.8513086589637	0.972	0.492	0	"6"	"DLAT"
0	2.86016002261048	0.85	0.186	0	"7"	"CCDC34"
0	2.86917098220359	0.373	0.058	0	"2"	"GALNT5"
0	2.8751774435976	0.455	0.087	0	"2"	"AOPEP"
0	2.8796917241644	1	0.734	0	"6"	"G0S2"
0	2.8845157179999	0.804	0.517	0	"5"	"HYOU1"
0	2.89090743153233	0.869	0.286	0	"6"	"ACSF2"
0	2.89382142990373	0.274	0.044	0	"6"	"PLEKHG6"
0	2.89628358485017	0.299	0.048	0	"6"	"PPARGC1B"
0	2.89743958930824	0.744	0.485	0	"5"	"DNAJB9"
0	2.91045736083859	0.427	0.092	0	"6"	"CHRDL1"
0	2.91155288674246	0.567	0.174	0	"6"	"CHI3L2"
0	2.9124108404133	0.876	0.197	0	"7"	"NSD2"
0	2.9126707532446	0.922	0.259	0	"7"	"WDR34"
0	2.91606426823894	0.678	0.132	0	"6"	"KLB"
0	2.91672913767969	0.557	0.092	0	"2"	"U2AF1"
0	2.92072993893045	0.55	0.163	0	"6"	"GPAT3"
0	2.93346009929223	0.354	0.061	0	"2"	"MXRA5"
0	2.94069566364921	0.843	0.333	0	"2"	"PLS3"
0	2.95897873865627	0.843	0.153	0	"6"	"MLXIPL"
0	2.96088959912675	0.7	0.174	0	"2"	"ITGA11"
0	2.9619998327442	0.508	0.11	0	"0"	"SORBS2"
0	2.98749838302734	0.842	0.183	0	"6"	"CLMN"
0	2.9890466324275	0.854	0.199	0	"7"	"RACGAP1"
0	2.99537462557251	0.424	0.079	0	"6"	"HP"
0	2.99610857247606	0.7	0.172	0	"6"	"LINC01140"
0	3.01988576881113	0.928	0.224	0	"7"	"CENPN"
0	3.0384973647623	0.402	0.131	0	"5"	"FICD"
0	3.04639729862316	0.322	0.053	0	"2"	"PPP1R13L"
0	3.04925812813893	0.573	0.117	0	"2"	"C1orf198"
0	3.05251677931937	0.964	0.39	0	"2"	"C12orf75"
0	3.06275337628682	0.912	0.25	0	"6"	"PRXL2A"
0	3.06667518598038	0.472	0.067	0	"2"	"TMEM173"
0	3.0766711925971	0.661	0.114	0	"7"	"BARD1"
0	3.08299513930842	0.764	0.127	0	"7"	"MIS18A"
0	3.08546671606	0.846	0.177	0	"6"	"TM7SF2"
0	3.08596432758172	0.285	0.042	0	"2"	"STARD4-AS1"
0	3.08759970880106	0.387	0.052	0	"2"	"PRR16"
0	3.09261852700392	1	0.675	0	"6"	"AGPAT2"
0	3.09262092506518	0.882	0.52	0	"6"	"ADIRF"
0	3.09326972526928	0.965	0.762	0	"5"	"MANF"
0	3.09666305106848	0.483	0.075	0	"2"	"BAALC"
0	3.09776666038826	0.548	0.095	0	"6"	"RETREG1"
0	3.12638374071978	0.964	0.321	0	"7"	"RRM1"
0	3.13446861754759	0.283	0.041	0	"6"	"AKAP5"
0	3.13467611878812	1	0.825	0	"6"	"SCD"
0	3.16805905329849	0.421	0.058	0	"6"	"PLIN5"
0	3.19701406073564	0.957	0.241	0	"6"	"LIPE"
0	3.20054380045795	0.589	0.076	0	"7"	"WDHD1"
0	3.20086269876356	0.578	0.078	0	"6"	"CNTFR"
0	3.20960181876592	0.93	0.41	0	"2"	"NREP"
0	3.21256954219028	0.998	0.742	0	"2"	"TPM1"
0	3.21373140608539	0.354	0.04	0	"2"	"KIFC3"
0	3.2282367967159	0.332	0.044	0	"2"	"SYTL2"
0	3.23434360430627	0.986	0.505	0	"6"	"CDKN2C"
0	3.24428237767572	0.536	0.1	0	"2"	"MIR503HG"
0	3.24826297234862	0.94	0.221	0	"7"	"SMC2"
0	3.25395165622847	0.274	0.032	0	"2"	"ATP8B1"
0	3.25907426917248	0.336	0.043	0	"2"	"S100A3"
0	3.25999943273686	0.405	0.06	0	"2"	"DACT1"
0	3.28810008083601	0.605	0.078	0	"7"	"POLA2"
0	3.30223449832189	0.665	0.095	0	"7"	"TRIM59"
0	3.34538658998217	0.611	0.09	0	"7"	"PSRC1"
0	3.36606380960711	0.882	0.185	0	"7"	"DNAJC9"
0	3.37032325723974	0.94	0.236	0	"7"	"KIF22"
0	3.37209800735725	0.47	0.076	0	"6"	"MARC1"
0	3.37307779030045	0.966	0.605	0	"2"	"THBS1"
0	3.37415895664762	0.593	0.071	0	"6"	"SEMA3G"
0	3.39472882055509	0.495	0.051	0	"7"	"MCM8"
0	3.39945191050281	0.537	0.054	0	"7"	"GEN1"
0	3.40648146616291	0.623	0.089	0	"7"	"CDC6"
0	3.42145116415359	0.787	0.297	0	"2"	"IGFBP3"
0	3.43668572647594	0.501	0.055	0	"7"	"PRIM1"
0	3.45088812839067	0.894	0.162	0	"7"	"TMEM106C"
0	3.45123903441581	0.645	0.066	0	"7"	"PARPBP"
0	3.47089662603417	0.581	0.057	0	"7"	"MNS1"
0	3.49112187639868	0.837	0.194	0	"2"	"CYTOR"
0	3.49933679233315	0.406	0.048	0	"2"	"P3H2"
0	3.50152281568134	0.9	0.215	0	"7"	"NCAPD2"
0	3.51257507634244	0.376	0.05	0	"2"	"LIMS2"
0	3.51384441689066	0.671	0.079	0	"7"	"EZH2"
0	3.51865408270258	0.474	0.063	0	"2"	"ALPK2"
0	3.51880045704097	0.877	0.546	0	"5"	"SDF2L1"
0	3.5250726458592	0.953	0.505	0	"2"	"SERPINE1"
0	3.5296170737746	0.367	0.03	0	"7"	"FANCB"
0	3.54821209410401	0.253	0.033	0	"6"	"ACHE"
0	3.55275226775331	0.735	0.085	0	"7"	"ZWILCH"
0	3.55894955237296	0.751	0.146	0	"2"	"PSG5"
0	3.57695755512707	0.461	0.051	0	"6"	"KCNIP2"
0	3.58426599198383	0.743	0.094	0	"7"	"TIMELESS"
0	3.59409263486353	0.94	0.143	0	"6"	"THRSP"
0	3.59908796732626	0.469	0.067	0	"2"	"CLIC3"
0	3.60636831383968	0.516	0.099	0	"2"	"KLF2"
0	3.61489940563368	0.651	0.087	0	"7"	"CHAF1A"
0	3.61494470819279	0.864	0.168	0	"7"	"SGO2"
0	3.61981857816997	0.402	0.042	0	"6"	"DTX1"
0	3.62146251379046	0.717	0.076	0	"7"	"CENPH"
0	3.62564470212925	0.747	0.105	0	"6"	"PPP1R1A"
0	3.63377041674433	0.485	0.048	0	"2"	"EVA1A"
0	3.64366228330539	0.385	0.03	0	"7"	"KNTC1"
0	3.66382961338332	0.875	0.172	0	"6"	"LGALS12"
0	3.68146476981958	0.918	0.319	0	"2"	"CCN2"
0	3.6852647900516	0.99	0.326	0	"7"	"SMC4"
0	3.71263114535764	0.43	0.065	0	"2"	"TPD52L1"
0	3.72416600758597	0.629	0.068	0	"7"	"C21orf58"
0	3.74046072015232	0.974	0.271	0	"7"	"TMPO"
0	3.74332937132048	0.431	0.038	0	"7"	"E2F1"
0	3.74696818045069	0.904	0.153	0	"7"	"RNASEH2A"
0	3.7476494675587	0.633	0.081	0	"7"	"INCENP"
0	3.76408242360185	0.517	0.042	0	"7"	"CENPO"
0	3.76608859210817	0.511	0.093	0	"6"	"NNAT"
0	3.79442019060995	0.954	0.221	0	"7"	"DHFR"
0	3.82597380687607	0.866	0.132	0	"7"	"PHF19"
0	3.83307810344437	0.299	0.019	0	"7"	"CCDC15"
0	3.84293610378395	0.357	0.049	0	"2"	"KRT7"
0	3.85020811934904	0.613	0.068	0	"2"	"GREM1"
0	3.86818557112605	0.269	0.016	0	"7"	"ZGRF1"
0	3.87355071592711	0.423	0.044	0	"2"	"MICAL2"
0	3.87456001557046	0.381	0.044	0	"2"	"GREM2"
0	3.87653112751386	0.904	0.185	0	"7"	"MCM7"
0	3.88075747737806	0.932	0.239	0	"7"	"CKAP2"
0	3.88564853329801	0.573	0.045	0	"7"	"RFC3"
0	3.89213726239619	0.271	0.017	0	"7"	"DNA2"
0	3.90936472719168	0.822	0.111	0	"7"	"ECT2"
0	3.92187379103174	0.988	0.484	0	"2"	"TAGLN"
0	3.92334727497668	0.349	0.026	0	"2"	"WNT2"
0	3.93101626122823	0.511	0.036	0	"7"	"CHTF18"
0	3.93903905291074	0.369	0.022	0	"7"	"RAD54B"
0	3.94149652721887	0.448	0.041	0	"6"	"GPT"
0	3.94992091370857	0.685	0.089	0	"7"	"FBXO5"
0	3.95736771298923	0.998	0.536	0	"7"	"STMN1"
0	3.96997260366923	0.936	0.221	0	"7"	"UBE2T"
0	3.98605856541176	0.917	0.118	0	"6"	"ADIPOQ-AS1"
0	3.99116437864641	0.76	0.072	0	"7"	"LIG1"
0	3.99156922018172	0.405	0.028	0	"7"	"WDR76"
0	3.99844371130699	0.736	0.104	0	"2"	"MIR4435-2HG"
0	4.00126964622411	0.472	0.054	0	"2"	"INHBA"
0	4.00711711455046	0.985	0.185	0	"6"	"ADIPOQ"
0	4.01805530514378	0.513	0.046	0	"7"	"CCNF"
0	4.01886035099461	0.359	0.024	0	"7"	"POLE2"
0	4.02142148900688	0.38	0.027	0	"2"	"MRVI1"
0	4.0282491778112	0.309	0.017	0	"7"	"TRAIP"
0	4.03498666786871	0.435	0.032	0	"7"	"CHAF1B"
0	4.05847545414622	0.647	0.11	0	"6"	"AGT"
0	4.06574697498044	0.796	0.118	0	"7"	"FEN1"
0	4.08128049931314	0.341	0.028	0	"2"	"IL6"
0	4.08188445345512	0.972	0.4	0	"7"	"PTTG1"
0	4.09510270463328	0.768	0.133	0	"2"	"LMO7"
0	4.09616516344673	0.583	0.044	0	"7"	"CENPP"
0	4.10364947219668	0.998	0.415	0	"7"	"TYMS"
0	4.11654289385141	0.519	0.055	0	"0"	"ALOX15B"
0	4.14951316532848	0.726	0.39	0	"2"	"ACTA2"
0	4.15287497135891	0.958	0.252	0	"6"	"RBP4"
0	4.16023153417588	0.417	0.021	0	"7"	"CEP128"
0	4.16702738228424	0.479	0.027	0	"7"	"TEDC1"
0	4.19496758458619	0.421	0.031	0	"2"	"RAB3B"
0	4.24971556088942	0.501	0.027	0	"7"	"MYBL1"
0	4.27008353103171	0.467	0.027	0	"7"	"E2F7"
0	4.28138731815972	0.627	0.044	0	"7"	"MASTL"
0	4.28183907679787	0.531	0.028	0	"7"	"GINS4"
0	4.31624412066015	0.944	0.117	0	"7"	"CENPW"
0	4.35805824613837	0.537	0.033	0	"7"	"PSMC3IP"
0	4.3843918295791	0.84	0.067	0	"7"	"NCAPG2"
0	4.39636905511796	0.505	0.027	0	"7"	"ATAD5"
0	4.39695465076661	0.689	0.054	0	"7"	"BRCA1"
0	4.41734387954497	0.902	0.123	0	"7"	"KIF20B"
0	4.42608897800586	0.343	0.015	0	"7"	"TICRR"
0	4.43865632995564	0.64	0.067	0	"6"	"LPL"
0	4.50938712342416	0.479	0.024	0	"7"	"RECQL4"
0	4.51563595002433	0.547	0.036	0	"7"	"MCM2"
0	4.53213689964991	0.405	0.017	0	"7"	"ARHGEF39"
0	4.57234164478906	0.812	0.072	0	"7"	"ORC6"
0	4.60744479576968	0.382	0.031	0	"2"	"CEMIP"
0	4.63497529074793	0.391	0.035	0	"2"	"CNN1"
0	4.6390333352393	0.687	0.039	0	"7"	"CIP2A"
0	4.64144573622885	0.411	0.017	0	"7"	"GINS1"
0	4.64561747812812	0.752	0.067	0	"7"	"MCM5"
0	4.65192222388598	0.431	0.018	0	"7"	"FANCA"
0	4.69386921923996	0.786	0.071	0	"7"	"HELLS"
0	4.75362070638938	0.77	0.058	0	"7"	"CDT1"
0	4.76937291069344	0.956	0.108	0	"7"	"MAD2L1"
0	4.78973896760659	0.283	0.009	0	"7"	"XRCC2"
0	4.82272054282439	0.743	0.043	0	"7"	"BRCA2"
0	4.83464635739665	0.342	0.033	0	"2"	"KRT18"
0	4.84137839504204	0.391	0.015	0	"7"	"HASPIN"
0	4.8652389253484	0.758	0.04	0	"7"	"FANCI"
0	4.90802003564218	0.417	0.026	0	"7"	"HIST1H2AL"
0	4.95192526401562	0.257	0.008	0	"7"	"ORC1"
0	4.99991567925936	0.786	0.039	0	"7"	"POC1A"
0	5.02399882095963	0.91	0.073	0	"7"	"CENPK"
0	5.05112254784389	0.411	0.014	0	"7"	"BRIP1"
0	5.10168793837701	0.311	0.008	0	"7"	"ESPL1"
0	5.11469821555031	0.535	0.025	0	"7"	"MXD3"
0	5.12983758727476	0.537	0.032	0	"6"	"PCK1"
0	5.16320599970891	0.319	0.007	0	"7"	"EME1"
0	5.17366730999914	0.85	0.057	0	"7"	"CDCA2"
0	5.20843222509769	0.649	0.029	0	"7"	"TCF19"
0	5.21321172560127	0.713	0.052	0	"7"	"FAM83D"
0	5.21463469472199	0.794	0.039	0	"7"	"CENPU"
0	5.29943276956186	0.529	0.016	0	"7"	"STIL"
0	5.32314408821879	0.938	0.085	0	"7"	"CDKN3"
0	5.34931846313417	0.389	0.01	0	"7"	"DDIAS"
0	5.3900441903975	0.455	0.013	0	"7"	"TMPO-AS1"
0	5.44022800583729	0.403	0.009	0	"7"	"DEPDC1B"
0	5.50880099561133	0.709	0.033	0	"7"	"UHRF1"
0	5.52724007469485	0.316	0.013	0	"5"	"DERL3"
0	5.56207519628532	0.731	0.03	0	"7"	"ARHGAP11A"
0	5.60780464243249	0.425	0.009	0	"7"	"FANCD2"
0	5.61283578650095	0.822	0.039	0	"7"	"KIF11"
0	5.6474870038833	0.573	0.014	0	"7"	"RAD51"
0	5.66892631427319	0.878	0.047	0	"7"	"ZWINT"
0	5.72371929513084	0.345	0.017	0	"7"	"HIST1H1A"
0	5.77790501931069	0.998	0.072	0	"7"	"PCLAF"
0	5.81409773178038	0.834	0.036	0	"7"	"CLSPN"
0	5.86771224917373	0.922	0.037	0	"7"	"FOXM1"
0	5.86993194466522	0.285	0.005	0	"7"	"NRGN"
0	5.87263480747631	0.729	0.084	0	"7"	"HIST1H1B"
0	5.87744928975795	0.774	0.024	0	"7"	"MELK"
0	5.88419755251573	0.384	0.011	0	"8"	"MEOX2"
0	5.89679114583278	0.982	0.043	0	"7"	"TK1"
0	5.91883448579574	0.555	0.012	0	"7"	"RMI2"
0	5.95343554595095	0.766	0.042	0	"7"	"AURKA"
0	5.9594428164175	0.693	0.019	0	"7"	"GINS2"
0	5.96656376963829	0.832	0.025	0	"7"	"TRIP13"
0	5.97749811727232	0.942	0.043	0	"7"	"DIAPH3"
0	6.01422533747597	0.357	0.006	0	"7"	"MTFR2"
0	6.08756361542179	0.862	0.039	0	"7"	"NDC80"
0	6.10030281659472	0.725	0.016	0	"7"	"RAD51AP1"
0	6.12655608034491	0.467	0.009	0	"7"	"DTL"
0	6.16226795555674	0.363	0.005	0	"7"	"BLM"
0	6.19250199065222	0.743	0.016	0	"7"	"PRR11"
0	6.20727327238277	0.882	0.032	0	"7"	"TACC3"
0	6.20743656353329	0.675	0.013	0	"7"	"CIT"
0	6.21789367752313	0.934	0.103	0	"7"	"TOP2A"
0	6.27965201807914	0.914	0.092	0	"7"	"CCNB1"
0	6.29256557226992	0.908	0.033	0	"7"	"LMNB1"
0	6.33486199488921	0.555	0.011	0	"7"	"KIF18A"
0	6.34390856089329	0.681	0.012	0	"7"	"MND1"
0	6.35504284505379	0.84	0.039	0	"7"	"CENPE"
0	6.39316784031791	0.878	0.032	0	"7"	"NCAPG"
0	6.5001953511825	0.427	0.005	0	"7"	"POLQ"
0	6.54759598114761	0.321	0.004	0	"7"	"WDR62"
0	6.6166223965316	0.754	0.012	0	"7"	"SPC24"
0	6.64019761615691	0.329	0.016	0	"7"	"HIST1H2AI"
0	6.70373281883773	0.926	0.023	0	"7"	"CENPM"
0	6.74225618589145	0.697	0.011	0	"7"	"ASF1B"
0	6.77478790687382	0.764	0.011	0	"7"	"SPAG5"
0	6.7922344648895	0.683	0.01	0	"7"	"OIP5"
0	6.79567604796272	0.423	0.005	0	"7"	"EXO1"
0	6.82310444705768	0.974	0.063	0	"7"	"TPX2"
0	6.85854476583518	0.635	0.008	0	"7"	"KIF15"
0	6.92126170997057	0.615	0.007	0	"7"	"SKA3"
0	6.93796933307243	0.788	0.031	0	"7"	"CDK1"
0	7.02357038033891	0.968	0.031	0	"7"	"PRC1"
0	7.08499389892886	0.956	0.035	0	"7"	"NUSAP1"
0	7.09269971128116	0.876	0.023	0	"7"	"KIF23"
0	7.13293246151684	0.647	0.007	0	"7"	"CDCA5"
0	7.14542855566084	0.375	0.003	0	"7"	"PLK4"
0	7.1505956437514	0.926	0.023	0	"7"	"CCNB2"
0	7.20984341755339	0.946	0.034	0	"7"	"CCNA2"
0	7.25190770786057	0.721	0.007	0	"7"	"NCAPH"
0	7.27781903953108	0.419	0.003	0	"7"	"RAD54L"
0	7.32521996476822	0.784	0.015	0	"7"	"CDCA8"
0	7.41831145273296	0.479	0.003	0	"7"	"MCM10"
0	7.46583455418288	0.797	0.029	0	"8"	"TINAGL1"
0	7.46928228969678	0.876	0.02	0	"7"	"CDCA3"
0	7.51200452893498	0.651	0.005	0	"7"	"APOBEC3B"
0	7.54563534170934	0.591	0.005	0	"7"	"CDC45"
0	7.57567157694689	0.693	0.006	0	"7"	"TROAP"
0	7.58497503199042	0.739	0.006	0	"7"	"MYBL2"
0	7.5955889289711	0.76	0.008	0	"7"	"BUB1"
0	7.61348599520766	0.98	0.016	0	"7"	"BIRC5"
0	7.69111130638603	0.333	0.002	0	"7"	"FAM111B"
0	7.70916753571303	0.713	0.007	0	"7"	"HJURP"
0	7.72373971998451	0.631	0.006	0	"7"	"KIF14"
0	7.74488751236104	0.888	0.012	0	"7"	"KNL1"
0	7.76327703962394	0.683	0.005	0	"7"	"ESCO2"
0	7.85192087555725	0.741	0.007	0	"7"	"AURKB"
0	7.89208072113715	0.603	0.004	0	"7"	"TTK"
0	7.93660791509939	0.643	0.005	0	"7"	"NEIL3"
0	7.93736656043483	0.657	0.01	0	"7"	"HIST1H3B"
0	7.98648532417311	0.886	0.008	0	"7"	"SHCBP1"
0	8.01110866644768	0.954	0.02	0	"7"	"CDC20"
0	8.03867707162893	0.796	0.006	0	"7"	"KIF20A"
0	8.05347029037906	0.882	0.011	0	"7"	"HMMR"
0	8.07515416397931	0.451	0.002	0	"7"	"IQGAP3"
0	8.10595411537679	0.812	0.006	0	"7"	"KIF4A"
0	8.11590164098201	0.962	0.029	0	"7"	"CENPF"
0	8.14531487596078	0.866	0.006	0	"7"	"PBK"
0	8.17522210477055	0.762	0.005	0	"7"	"PKMYT1"
0	8.18641146663837	0.978	0.019	0	"7"	"ANLN"
0	8.1912999095865	0.259	0.003	0	"7"	"HIST1H2AJ"
0	8.19224579206424	0.737	0.008	0	"7"	"CENPA"
0	8.19971162409207	0.425	0.002	0	"7"	"ERCC6L"
0	8.22028943955442	0.655	0.003	0	"7"	"SGO1"
0	8.26545659047167	0.37	0.006	0	"8"	"ACTG2"
0	8.29571582725987	0.92	0.013	0	"7"	"ASPM"
0	8.36857362982372	0.862	0.013	0	"7"	"PLK1"
0	8.4117913129453	0.439	0.001	0	"7"	"CDC25C"
0	8.42724160942909	0.601	0.002	0	"7"	"SKA1"
0	8.43259904764456	0.707	0.004	0	"7"	"PIMREG"
0	8.51030431526178	0.912	0.007	0	"7"	"CEP55"
0	8.54917512867247	0.776	0.005	0	"7"	"CKAP2L"
0	8.572552334724	0.749	0.004	0	"7"	"KIF2C"
0	8.64664939802913	0.705	0.004	0	"7"	"NUF2"
0	8.66612222558099	0.99	0.015	0	"7"	"RRM2"
0	8.67012770823555	0.792	0.006	0	"7"	"KIFC1"
0	8.78062506041756	0.507	0.001	0	"8"	"ADGRF5"
0	8.83547454559278	0.896	0.006	0	"7"	"DEPDC1"
0	8.9478891827981	0.844	0.004	0	"7"	"DLGAP5"
0	8.9841886554095	0.703	0.003	0	"7"	"BUB1B"
0	9.02053985625338	0.377	0.001	0	"8"	"LINC01197"
0	9.02422343096007	0.834	0.004	0	"7"	"GTSE1"
0	9.54502538186816	0.411	0.001	0	"7"	"HIST1H3G"
0	9.55459771480424	0.974	0.008	0	"7"	"MKI67"
0	9.59691469384636	0.786	0.002	0	"7"	"SPC25"
0	9.77408843275332	0.425	0.001	0	"7"	"KIF18B"
0	10.0282951021579	0.922	0.01	0	"7"	"UBE2C"
0	10.2809233670311	0.505	0.001	0	"7"	"NEK2"
4.94065645841247e-324	0.564085295227385	0.866	0.713	1.80832967034355e-319	"0"	"DHX36"
4.94065645841247e-324	0.638576815254388	0.88	0.767	1.80832967034355e-319	"3"	"ZMIZ1"
4.94065645841247e-324	0.677641353737202	0.999	0.987	1.80832967034355e-319	"6"	"MT-ATP6"
4.94065645841247e-324	1.00480917354203	0.434	0.218	1.80832967034355e-319	"2"	"RELB"
4.94065645841247e-324	1.09047020959129	0.373	0.171	1.80832967034355e-319	"2"	"ERF"
1.48219693752374e-323	0.883923104143515	0.66	0.447	5.42498901103064e-319	"3"	"MANEA"
1.48219693752374e-323	1.17837003422891	0.528	0.318	5.42498901103064e-319	"3"	"SUOX"
2.47032822920623e-323	0.598530426870019	0.858	0.67	9.04164835171773e-319	"2"	"ARFGAP3"
2.96439387504748e-323	1.15303904354997	0.354	0.159	1.08499780220613e-318	"2"	"PDP1"
7.90505033345994e-323	1.31310025657305	0.276	0.107	2.89332747254967e-318	"2"	"ZNF841"
1.43279037293961e-322	0.573439035459546	0.735	0.514	5.24415604399628e-318	"0"	"EMC1"
1.53160350210786e-322	0.770011550431565	0.727	0.5	5.60582197806499e-318	"3"	"KLF15"
2.02566914794911e-322	0.619464599587305	0.817	0.582	7.41415164840854e-318	"2"	"UPF3A"
3.45845952088873e-322	0.836120631257313	0.563	0.321	1.26583076924048e-317	"2"	"KIF13A"
3.90311860214585e-322	0.649450093869759	0.963	0.924	1.4285804395714e-317	"4"	"SERPING1"
1.67488253940183e-321	0.623173868609778	0.788	0.584	6.13023758246462e-317	"0"	"TCF12"
2.2974052531618e-321	0.731927101736948	0.682	0.426	8.40873296709749e-317	"2"	"RPS6KA2"
2.62348857941702e-321	1.10454893235836	0.559	0.377	9.60223054952423e-317	"1"	"KCTD12"
2.88040271525447e-321	1.13274572159638	0.311	0.128	1.05425619781029e-316	"2"	"RHNO1"
5.1531046861242e-321	1.14748226915678	0.268	0.115	1.88608784616832e-316	"0"	"GPR161"
7.49497584741171e-321	1.34158762373076	0.284	0.113	2.74323610991116e-316	"2"	"SECTM1"
9.31807808056591e-321	0.580541544256638	0.808	0.604	3.41050975826793e-316	"0"	"CTSF"
1.14722042964337e-320	0.50500615264483	1	0.996	4.19894149453771e-316	"6"	"HNRNPA2B1"
1.40166423725162e-320	0.991631063398041	0.503	0.276	5.13023127476464e-316	"2"	"TGFBR1"
3.45154260184695e-320	0.62329710095816	0.867	0.8	1.263299107702e-315	"1"	"NRP1"
4.11951935502431e-320	2.7971327290887	0.591	0.088	1.50778527913245e-315	"7"	"NRM"
4.35568273373643e-320	0.95885925686267	0.385	0.2	1.59422343737487e-315	"0"	"SUSD6"
4.50044396796791e-320	0.668962531743127	0.765	0.529	1.64720749671594e-315	"2"	"DNM1L"
7.783510184583e-320	0.557788926013593	0.913	0.869	2.84884256265922e-315	"1"	"GPC1"
1.59439924569429e-319	1.71186575223003	0.684	0.394	5.83566067916566e-315	"6"	"HOXB6"
1.94765618247078e-319	0.671508920775782	0.844	0.725	7.12861639346129e-315	"3"	"FKBP4"
2.20086482596442e-319	0.9864519783262	0.42	0.206	8.05538534951236e-315	"2"	"HDAC5"
2.99779271270635e-319	0.720415500885202	0.697	0.447	1.09722211077765e-314	"2"	"SELENON"
1.00070526236915e-318	0.941057584159236	0.902	0.745	3.66268133079734e-314	"6"	"RPAIN"
1.07483487187117e-318	4.25670204619518	0.495	0.066	3.93400311453568e-314	"7"	"HIST1H3C"
1.10662799618106e-318	0.519993788338897	0.906	0.726	4.05036912882229e-314	"2"	"ADSL"
1.23499119162707e-318	3.13558974681056	0.98	0.431	4.52019126047425e-314	"7"	"H2AFX"
2.28760299074831e-318	0.994661444785209	0.404	0.194	8.37285570643788e-314	"2"	"NFATC4"
5.38194107130849e-318	1.14927405685925	0.338	0.148	1.96984425150962e-313	"2"	"DOCK5"
6.32201459762001e-318	0.726985745891661	0.975	0.924	2.3139205628749e-313	"6"	"NDUFS7"
9.34067664320669e-318	0.845955600100523	0.43	0.235	3.41878105818008e-313	"0"	"ETV6"
2.17494120152713e-317	1.16658011351964	0.363	0.167	7.96050229170944e-313	"2"	"CHN1"
3.02636551713664e-317	0.514960163728029	0.925	0.767	1.10768004292718e-312	"2"	"GANAB"
4.03350796080546e-317	2.33305194329618	1	0.985	1.47630424873441e-312	"7"	"H2AFZ"
4.04130234043425e-317	0.762044061768773	0.742	0.517	1.47915706962234e-312	"2"	"EHBP1"
6.44055823835493e-317	1.12889362693283	0.334	0.145	2.35730872082029e-312	"2"	"PDK1"
6.78342695086196e-317	0.88943964866465	0.52	0.283	2.48280209828499e-312	"2"	"APOBEC3C"
7.33667326195901e-317	0.748516207233453	0.9	0.816	2.68529578060962e-312	"4"	"LAMA2"
1.72534324244792e-316	0.698111420385074	0.98	0.925	6.31492880168362e-312	"6"	"NDUFB3"
2.22673020006206e-316	0.557771105071298	0.801	0.602	8.15005520524715e-312	"0"	"GABPB1-AS1"
3.01755118838857e-316	0.826454984479004	0.622	0.377	1.1044539104621e-311	"2"	"PIM1"
5.55214298080846e-316	0.710253885472889	0.962	0.941	2.0321398524057e-311	"5"	"ATP6V0B"
9.18322340600575e-316	0.566917415823071	0.887	0.827	3.36115159883217e-311	"1"	"ITSN1"
1.70170004222754e-315	0.680021939351304	0.534	0.315	6.22839232455702e-311	"0"	"PROS1"
2.29581033020652e-315	0.931022313050962	0.483	0.258	8.40289538958887e-311	"2"	"CCDC8"
4.17202309856646e-315	1.28771260992106	0.402	0.215	1.52700217430631e-310	"1"	"MANEA-DT"
8.55275717890179e-315	1.59240417938273	0.275	0.104	3.13039465504985e-310	"3"	"FCRLB"
6.35645741871556e-314	1.24605133716472	0.3	0.124	2.32652697982408e-309	"2"	"FBLN7"
7.83103958676507e-314	0.747013675019413	0.857	0.754	2.86623879915188e-309	"3"	"EPB41L3"
1.42058376604849e-313	0.734589046201235	0.777	0.644	5.19947864211408e-309	"3"	"NDUFAF4"
1.46676629093278e-313	0.717159726064019	0.617	0.403	5.36851130144305e-309	"0"	"FAM91A1"
5.79374827620876e-313	0.836141780025316	0.455	0.261	2.12056980657517e-308	"0"	"ABI3BP"
1.03428973579238e-312	2.26926547735153	0.36	0.112	3.78560386197368e-308	"6"	"SLC29A1"
1.74258728356885e-312	0.513527940419656	0.923	0.879	6.37804371659034e-308	"3"	"CPNE3"
1.74757267012217e-312	1.24853932395745	0.313	0.134	6.39629072991414e-308	"2"	"EOGT"
1.99209253897885e-312	0.616623393153217	0.753	0.484	7.29125790191648e-308	"2"	"FOSL2"
5.37893955105823e-312	0.810689004891944	0.601	0.405	1.96874566508282e-307	"0"	"GLIS3"
6.15407149195018e-312	0.938934380195064	0.322	0.151	2.25245170676869e-307	"0"	"CMC4"
7.55990283582348e-312	1.29230833179368	0.27	0.105	2.76700003693975e-307	"2"	"ATL1"
1.01070656916205e-311	0.926554611109913	0.915	0.723	3.69928711379002e-307	"6"	"TMBIM1"
1.07956300945543e-311	2.14957763754898	0.672	0.508	3.95130857090781e-307	"5"	"DDIT3"
2.98359701532378e-311	3.58112618706256	0.273	0.02	1.09202634357866e-306	"7"	"GINS3"
1.404478756001e-310	3.43925059215637	1	0.93	5.14053269483924e-306	"7"	"TUBA1B"
2.95732481296131e-310	0.860372862049492	0.398	0.211	1.08241045479197e-305	"0"	"ASPHD1"
4.29465018444848e-310	0.655372195306557	0.835	0.698	1.57188491400999e-305	"1"	"SFRP1"
5.98200495319885e-310	0.622263365113094	0.582	0.358	2.18947363292031e-305	"0"	"GABPB1-IT1"
6.49433816507315e-310	0.611937437304699	0.868	0.742	2.37699271179842e-305	"3"	"DLC1"
6.96633432043675e-310	0.552475222858909	0.883	0.708	2.54974802462305e-305	"2"	"TJP1"
1.11788795941167e-309	2.36326269227734	0.815	0.776	4.09158172024266e-305	"5"	"HERPUD1"
1.93449950479126e-309	0.57176488151952	0.995	0.973	7.08046163748648e-305	"6"	"CCT6A"
2.28666202608029e-309	1.13645992665372	0.498	0.315	8.36941168165645e-305	"1"	"LINC01426"
2.55888549402524e-309	0.886790721782417	0.391	0.193	9.36577679668177e-305	"1"	"SCARA5"
4.01196250043444e-309	1.10326762126202	0.339	0.151	1.46841839478401e-304	"2"	"FCHSD2"
6.29700128069648e-309	0.730222903676545	0.82	0.733	2.30476543874772e-304	"3"	"HOOK3"
8.76391832366293e-309	0.89573790234669	0.912	0.768	3.20768174564387e-304	"6"	"NDUFAF2"
8.81012947885479e-309	2.68558614423078	0.826	0.2	3.22459549055564e-304	"7"	"LRR1"
1.03276592322898e-308	1.36698628372772	0.345	0.153	3.7800265556104e-304	"3"	"AC004816.2"
1.76930026898219e-308	1.78191711424889	0.252	0.097	6.4758159145017e-304	"2"	"AMIGO2"
1.94156750315281e-308	0.56526431876037	0.865	0.674	7.10633121828962e-304	"2"	"GOLIM4"
2.01130059487245e-308	0.599320241431958	0.99	0.963	7.36156130729265e-304	"6"	"RSL1D1"
2.63334454593516e-308	0.605299452503745	0.818	0.598	9.63830437257728e-304	"2"	"HRAS"
5.38914674967216e-308	2.49691597295328	1	0.981	1.97248160184751e-303	"7"	"TUBB"
1.13576754590841e-307	0.825719259391068	0.724	0.546	4.15702279477937e-303	"3"	"ST3GAL4"
1.18260281815578e-307	0.592414804839641	0.846	0.779	4.32844457473196e-303	"1"	"WASF3"
1.5666757296781e-307	1.05804768265615	0.387	0.186	5.73418983819482e-303	"2"	"DYRK2"
3.39279673910595e-307	0.9239222704809	0.345	0.17	1.24179753448017e-302	"0"	"NAPEPLD"
5.09134912567898e-307	3.04980673872418	0.792	0.19	1.86348469348977e-302	"7"	"MCM4"
7.13262169769588e-307	0.650961770020114	0.986	0.94	2.61061086757367e-302	"6"	"CCT5"
9.88714875348053e-307	1.26703803512963	0.552	0.356	3.61879531526141e-302	"3"	"VSIR"
1.06906611444607e-306	2.77100127111914	0.914	0.284	3.91288888548405e-302	"7"	"RPL39L"
1.84761937564282e-306	0.669662606271489	0.998	0.936	6.76247167679029e-302	"6"	"ELOVL5"
1.90116105329345e-306	0.644894467742251	0.856	0.686	6.95843957115934e-302	"2"	"SNX9"
6.25564183861064e-306	0.693441030741557	0.485	0.275	2.28962746934988e-301	"0"	"SLC22A18"
6.99660265394711e-306	2.73522411121883	0.635	0.107	2.56082653737118e-301	"7"	"FANCG"
7.43751266550654e-306	0.524817149255931	0.931	0.891	2.72220401070205e-301	"3"	"FDFT1"
9.10300481357783e-306	0.552730089357717	0.908	0.754	3.33179079181762e-301	"2"	"YIPF5"
9.390764589825e-306	0.772835180029585	0.467	0.267	3.43711374752185e-301	"0"	"C8orf88"
2.01223771889495e-305	0.89232368849299	0.385	0.202	7.36499127492739e-301	"0"	"APOL1"
5.92790507489647e-305	0.665736763087605	0.853	0.741	2.16967253646286e-300	"3"	"LIPA"
6.49782318438889e-305	2.96551183555639	0.954	0.354	2.37826826371818e-300	"7"	"ANP32E"
7.05356582062136e-305	2.60929497294325	0.994	0.55	2.58167562600562e-300	"7"	"DTYMK"
7.28792572744493e-305	0.535156113059082	0.88	0.685	2.66745369550212e-300	"2"	"TXNDC15"
7.30937380653072e-305	1.01236647211721	0.323	0.157	2.67530390692831e-300	"0"	"FBXL7"
1.50083498232331e-304	0.787145664790677	0.569	0.329	5.49320611880153e-300	"2"	"DYNC2H1"
1.52136887039447e-304	1.34870873784247	0.362	0.166	5.56836220253079e-300	"3"	"AC025164.1"
1.58045212639742e-304	3.0210913314704	1	0.848	5.78461282782721e-300	"7"	"TUBB4B"
2.14911316311467e-304	0.884741476026697	0.944	0.722	7.86596908831601e-300	"6"	"ADAM12"
2.4023495246746e-304	1.26820218921645	0.973	0.854	8.79283949526149e-300	"6"	"PEMT"
2.52911762766769e-304	0.531708933224249	0.879	0.686	9.25682342902651e-300	"2"	"MRPL27"
2.61532888184355e-304	0.886747699064184	0.505	0.278	9.57236524043556e-300	"2"	"PIP4K2A"
3.15990506084296e-304	0.94946723131314	0.818	0.586	1.15655685131913e-299	"5"	"RNASE4"
4.98315394431953e-304	0.645637952045697	0.776	0.531	1.82388417516039e-299	"2"	"CTDSP2"
1.88208445625294e-303	1.26780233977068	0.406	0.205	6.8886173183314e-299	"3"	"THEM6"
2.3261000788779e-303	0.754758474954718	0.642	0.401	8.51375889870101e-299	"2"	"ARHGAP35"
4.40971659210754e-303	3.04046350458197	0.874	0.254	1.61400036987728e-298	"7"	"ATAD2"
7.1983008619635e-303	0.849403947827045	0.494	0.265	2.63465009848726e-298	"2"	"HSBP1L1"
1.30999836992852e-302	1.07882754230117	0.687	0.506	4.79472503377536e-298	"2"	"COL14A1"
1.43255080681604e-302	0.90115833254067	0.871	0.763	5.24327920802739e-298	"5"	"ISOC2"
3.56808044985646e-302	3.07393319722984	0.477	0.062	1.30595312545196e-297	"7"	"CENPL"
3.6270221610004e-302	1.06083499839676	0.366	0.171	1.32752638114776e-297	"2"	"METTL27"
6.47407582620865e-302	0.879294665072994	0.737	0.564	2.36957649315063e-297	"4"	"TFPI"
8.72566305502818e-302	0.680385734384267	0.466	0.26	3.19367993477087e-297	"0"	"MICAL1"
1.07076172218532e-301	1.03049243156427	0.371	0.174	3.91909497937048e-297	"2"	"ELL"
1.40390665295024e-301	3.75547275072318	0.986	0.523	5.13843874046317e-297	"7"	"CKS2"
2.34748372711152e-301	0.589410704803087	0.969	0.937	8.59202518960086e-297	"5"	"AUP1"
4.47484166250436e-301	0.717894203224906	0.803	0.704	1.63783679689322e-296	"3"	"GGCT"
5.63964065630898e-301	0.606521367396791	0.823	0.61	2.06416487661565e-296	"2"	"NECTIN2"
6.70538158764359e-301	0.922828208328302	0.611	0.449	2.45423671489343e-296	"1"	"MANEA"
6.72811622365878e-301	2.37297725474315	0.258	0.061	2.46255781902135e-296	"6"	"ACOT4"
8.8853116706933e-301	0.571240809631654	0.843	0.644	3.25211292459045e-296	"2"	"LMF2"
1.67391838717397e-300	1.10322351128231	0.891	0.709	6.12670868889546e-296	"6"	"WWTR1"
1.91802789647395e-300	0.550939640968932	0.885	0.702	7.02017390388431e-296	"2"	"HNRNPUL1"
1.94383653030307e-300	0.995416262185149	0.361	0.167	7.11463608456226e-296	"2"	"FBXL7"
3.86912364767031e-300	0.53897742379098	0.912	0.764	1.41613794628381e-295	"2"	"DEK"
4.23857921970741e-300	1.72757793341705	1	0.993	1.55136238020511e-295	"7"	"HMGB1"
4.27542993000681e-300	0.704722407889494	0.751	0.532	1.56485010868179e-295	"2"	"TRIM8"
4.27886749809429e-300	0.872685118799045	0.534	0.305	1.56610829297749e-295	"2"	"ADAMTS12"
8.01092593643539e-300	0.748488014488197	0.972	0.89	2.93207900199472e-295	"6"	"MRPL34"
8.68758242433785e-300	0.937648986989788	0.607	0.413	3.1797420431319e-295	"3"	"HAGH"
1.02172163918511e-299	0.808169121299923	0.526	0.295	3.73960337158141e-295	"2"	"PSD3"
1.68122835405554e-299	1.06003661625325	0.851	0.655	6.15346389867868e-295	"6"	"SLC25A11"
3.28272492399222e-299	3.36129532625368	0.882	0.264	1.20151014943039e-294	"7"	"AC011603.2"
5.47410848875256e-299	0.625288796183682	0.975	0.969	2.00357844796832e-294	"5"	"SNHG7"
6.80786290067494e-299	0.589499681787916	0.999	0.997	2.49174590027603e-294	"6"	"MT-CYB"
8.21479454223583e-299	0.886658552933894	0.715	0.588	3.00669695040374e-294	"1"	"MSX1"
9.0402868838491e-299	1.03304634495917	0.861	0.622	3.30883540235761e-294	"6"	"LNPEP"
1.1309252915412e-298	0.678372181694417	0.756	0.557	4.13929965956993e-294	"2"	"CYP1B1"
1.81087331703704e-298	0.711799883603321	0.82	0.714	6.62797742768725e-294	"3"	"SDC2"
1.81165107574003e-298	0.815217766117743	0.955	0.866	6.63082410231608e-294	"6"	"RSU1"
2.52484557482068e-298	0.50373447229648	0.921	0.879	9.24118728840117e-294	"3"	"MRPS36"
3.30577534888536e-298	0.727868679177591	0.986	0.884	1.20994683544553e-293	"6"	"GBE1"
3.68428307142483e-298	0.599544665112791	0.795	0.563	1.3484844469722e-293	"2"	"GCC2"
1.27771280290211e-297	0.530390613518378	0.762	0.55	4.67655662990203e-293	"0"	"FDX1"
1.85118372977602e-297	0.599780308470765	0.824	0.598	6.77551756935323e-293	"2"	"SSRP1"
2.27554037066673e-297	0.868274925080282	0.474	0.252	8.3287053106773e-293	"2"	"RIN1"
2.93959617753243e-297	0.712329126540131	0.69	0.446	1.07592159693864e-292	"3"	"AP000331.1"
7.11180829713831e-297	0.573961305193992	0.816	0.578	2.60299295483559e-292	"2"	"IFT57"
7.6357195177472e-297	1.05699579813443	0.486	0.3	2.79474970069065e-292	"1"	"TIMP4"
7.9712369486203e-297	1.24882351489985	0.263	0.103	2.91755243556452e-292	"2"	"FGF14"
1.16240125706412e-296	0.730736639807673	0.972	0.889	4.25450484098039e-292	"6"	"NDUFAF3"
1.6176576013416e-296	1.04309010497755	0.362	0.169	5.9207885866704e-292	"2"	"ODF3B"
1.73367644572359e-296	1.87456175387853	1	0.982	6.34542915899292e-292	"7"	"HMGN2"
1.90164816557869e-296	0.712036286127348	0.977	0.871	6.96022245083457e-292	"6"	"VEGFB"
1.913844415956e-296	0.608641803642343	0.562	0.352	7.00486194684056e-292	"0"	"LSP1"
3.16181477403857e-296	0.5296179161603	0.761	0.56	1.15725582544586e-291	"0"	"MICA"
1.13276524961511e-295	2.84244144954807	0.585	0.093	4.14603409011625e-291	"7"	"SDC1"
1.2730312538251e-295	0.678031514384245	0.725	0.492	4.65942169212525e-291	"2"	"DTD1"
4.5202848046764e-295	1.0454001687167	0.352	0.163	1.65446944135961e-290	"2"	"KATNAL1"
6.5132700768028e-295	0.682148562324936	0.727	0.52	2.38392198081059e-290	"1"	"NRCAM"
7.20003433790865e-295	0.902021917358667	0.454	0.238	2.63528456801795e-290	"2"	"MUS81"
7.54363292617624e-295	0.772308402857829	0.826	0.706	2.76104508730976e-290	"4"	"CUL4B"
1.35722388422549e-294	0.815917433280592	0.444	0.23	4.96757513865371e-290	"1"	"ITGA7"
1.67351552489239e-294	0.556014665398103	0.538	0.306	6.12523417265865e-290	"2"	"GDF15"
1.90724317555107e-294	0.802607231533654	0.6	0.367	6.98070074683447e-290	"2"	"MSC-AS1"
2.73285597432816e-294	0.679714080567767	0.691	0.512	1.00025261516385e-289	"1"	"SLC27A3"
5.60989688345233e-294	0.541989647004337	0.999	0.98	2.05327835831239e-289	"5"	"BTG1"
5.78821657302147e-294	0.553621157291879	0.678	0.458	2.11854514789159e-289	"0"	"TMEM80"
7.4625174969273e-294	0.680302030839571	0.781	0.642	2.73135602905036e-289	"3"	"COX17"
7.6865675199706e-294	0.542955029506542	1	0.994	2.81336057798444e-289	"6"	"SERPINF1"
8.78051519062229e-294	1.03053944275272	0.416	0.213	3.21375636491966e-289	"2"	"TRIM47"
1.07556843984184e-293	0.788794196302922	0.536	0.303	3.93668804666511e-289	"2"	"DMWD"
1.17464539337217e-293	0.57110293047031	0.845	0.742	4.29931960428149e-289	"1"	"DLC1"
3.13340246521878e-293	0.527558555433477	0.993	0.969	1.14685663629473e-288	"4"	"EPHX1"
4.06216824868764e-293	0.707266696179219	0.662	0.423	1.48679420070216e-288	"2"	"CHRAC1"
7.42267619572628e-293	1.64427852765345	0.615	0.32	2.71677371439778e-288	"6"	"OSBPL11"
7.63532542035339e-293	0.717975225761371	0.63	0.386	2.79460545710354e-288	"2"	"SHFL"
1.09520631820554e-292	0.522370425508097	0.915	0.827	4.0085646452641e-288	"0"	"NR3C1"
1.15734162969746e-292	2.89837510244418	0.669	0.127	4.23598609885569e-288	"7"	"GPSM2"
1.5433439023773e-292	0.808943964156198	0.666	0.457	5.64879301709116e-288	"3"	"ANG"
2.29309718278535e-292	1.07107273821977	0.32	0.14	8.39296499871268e-288	"2"	"CC2D1A"
2.50544379306779e-292	0.741679254855123	0.645	0.449	9.17017482700743e-288	"0"	"ARL4D"
4.4793199142299e-292	0.601687602162772	0.814	0.593	1.63947588180729e-287	"2"	"DSEL"
5.89849803417499e-292	0.618672315573309	0.874	0.786	2.15890926548839e-287	"3"	"OAF"
9.38050052287439e-292	0.917504923384076	0.443	0.231	3.43335699637726e-287	"2"	"PCIF1"
1.48389604220993e-291	0.901267210095025	0.413	0.21	5.43120790409256e-287	"1"	"AQP3"
1.68644950284961e-291	1.09100193618529	0.821	0.742	6.17257382537985e-287	"5"	"CISD2"
3.79770966900092e-291	0.515122708553246	0.92	0.859	1.38999971595103e-286	"3"	"FERMT2"
4.47415916871113e-291	1.29489916581236	0.376	0.181	1.63758699733996e-286	"3"	"AC007952.4"
6.09286096768648e-291	1.29394686064894	0.791	0.562	2.23004804278293e-286	"6"	"CETN2"
6.6281205302336e-291	0.572265216943535	0.891	0.814	2.4259583952708e-286	"1"	"LAMA2"
1.20619604822525e-290	0.55271262663172	0.907	0.751	4.41479815610923e-286	"2"	"MACF1"
1.4500467929636e-290	0.888968574655189	0.92	0.775	5.30731626692608e-286	"6"	"PAM16"
1.79202726581364e-290	1.0877452025771	0.314	0.137	6.5589989956045e-286	"2"	"DENND1A"
1.83404838777669e-290	3.54594219197598	0.976	0.559	6.71280050410145e-286	"7"	"HMGB2"
2.27553053583225e-290	1.17758299523598	0.503	0.302	8.32866931419964e-286	"3"	"GCLC"
3.58884070537736e-290	0.89330551932748	0.676	0.51	1.31355158657517e-285	"3"	"FAM241A"
7.93636679566238e-290	2.37478636022586	0.407	0.149	2.90478961088039e-285	"6"	"CD36"
8.1295669745813e-290	1.53627164736906	0.539	0.236	2.9755028083665e-285	"6"	"PDP2"
1.27508071464787e-289	0.91988125185904	0.914	0.751	4.66692292368266e-285	"6"	"CCDC50"
1.60709700193647e-289	0.835303931716143	0.571	0.348	5.88213573678769e-285	"2"	"SEMA5A"
2.06098250310834e-289	1.10820328920796	0.353	0.186	7.54340205962685e-285	"0"	"ATOH8"
2.41167014699766e-289	0.503335434383366	0.999	0.992	8.82695390502613e-285	"6"	"GNG5"
2.89100618893455e-289	0.87199843183716	0.382	0.186	1.05813717521194e-284	"2"	"NR4A1"
2.98420084197203e-289	3.28077227288829	0.319	0.029	1.09224735017018e-284	"7"	"LIN9"
9.17866833861121e-289	0.723107008352976	0.581	0.375	3.35948439861509e-284	"0"	"GSPT2"
1.02597442922252e-288	0.556036931918843	0.969	0.89	3.75516900839734e-284	"2"	"IL6ST"
1.0488261465483e-288	0.705136352399346	0.603	0.361	3.83880857898145e-284	"2"	"DYRK4"
1.37115642195714e-288	0.998982454038732	0.496	0.317	5.01856962000532e-284	"0"	"RHOU"
1.40751677888203e-288	1.52011317791391	0.481	0.183	5.15165216238614e-284	"6"	"GPBAR1"
1.65118525251545e-288	0.807609421089357	0.696	0.533	6.0435031427318e-284	"3"	"MMAB"
1.69638337151258e-288	0.680011127706204	0.719	0.487	6.2089327780732e-284	"2"	"ARHGEF12"
1.78516171403133e-288	0.949528349523731	0.446	0.237	6.53387038952607e-284	"2"	"FZD2"
1.92699723266413e-288	0.69577936719599	0.954	0.864	7.05300257127397e-284	"5"	"POR"
2.90016412556184e-288	0.547454161216542	0.996	0.966	1.06148907159689e-283	"6"	"TXNL4A"
3.76775196151062e-288	0.590645473671507	0.858	0.774	1.3790348954325e-283	"3"	"CD46"
4.66554825328308e-288	0.793512899934624	0.676	0.549	1.70763731618414e-283	"1"	"ST3GAL4"
1.48716371467263e-287	0.566871725102428	0.812	0.576	5.4431679120733e-283	"2"	"NCOR2"
1.74281030819782e-287	1.11341158608279	0.927	0.917	6.37886000903485e-283	"5"	"SELENOS"
1.82769675007361e-287	0.685440748266841	0.725	0.495	6.6895528749444e-283	"2"	"SSBP4"
2.08209328957362e-287	1.63624965201422	0.267	0.11	7.62066964916842e-283	"2"	"FGF5"
3.71925675356625e-287	0.585906051601004	0.836	0.635	1.36128516437278e-282	"2"	"RIOK3"
4.08226312589322e-287	1.49755589410525	0.65	0.361	1.49414912670818e-282	"6"	"PIK3CA"
5.22285145804258e-287	0.955168791372142	0.428	0.222	1.91161586215817e-282	"2"	"MAP3K8"
6.71548962414969e-287	1.03153410669997	0.331	0.149	2.45793635733503e-282	"2"	"RBM43"
7.68498040341127e-287	1.07531250083195	0.315	0.139	2.81277967745256e-282	"2"	"NAGPA"
1.51671689746303e-286	1.25292316145652	0.29	0.14	5.55133551640443e-282	"0"	"EPHB1"
1.71360029848968e-286	2.24619788548615	0.998	0.786	6.27194845250209e-282	"7"	"DEK"
1.71973330610293e-286	0.891510392579446	0.753	0.598	6.29439587366734e-282	"4"	"NT5E"
1.89551901418118e-286	0.89196296694031	0.588	0.358	6.93778914380453e-282	"2"	"AP1S2"
2.05679423132472e-286	0.730596737239288	0.827	0.732	7.52807256607161e-282	"1"	"AC002398.2"
2.56957531354964e-286	0.729715151854764	0.642	0.406	9.40490260512303e-282	"2"	"KIFAP3"
3.80949073882829e-286	0.946204661293669	0.53	0.316	1.39431170531854e-281	"2"	"PENK"
8.94374437352771e-286	1.25827650469044	0.363	0.179	3.27349987815488e-281	"2"	"LGR4"
9.90070541649067e-286	0.604762321932087	0.867	0.697	3.62375718948975e-281	"2"	"DDAH2"
1.36719844196482e-285	0.979271919181008	0.417	0.213	5.00408301743545e-281	"2"	"PDGFC"
1.38544583170796e-285	0.502725309022501	0.919	0.76	5.07087028863431e-281	"2"	"SEPTIN9"
1.89846536594701e-285	1.67217503171182	0.484	0.197	6.94857308590264e-281	"6"	"FAM107B"
7.2639567188021e-285	0.593010287132942	0.702	0.496	2.65868079864876e-280	"0"	"OSBPL9"
1.11677057171948e-284	0.54782244041208	0.852	0.66	4.08749196955045e-280	"2"	"LSM12"
1.19274888990697e-284	0.588177138633944	0.808	0.598	4.36558021194852e-280	"2"	"CYFIP1"
1.24457687269352e-284	0.748795242580696	0.8	0.651	4.55527581174555e-280	"4"	"HIPK2"
1.76498967523964e-284	1.23544254271394	0.781	0.504	6.46003871034462e-280	"6"	"HMGCR"
2.41087461739867e-284	0.971663888279798	0.811	0.708	8.82404218714087e-280	"1"	"CRYAB"
2.69616320480847e-284	0.628991538055556	0.737	0.495	9.86822694591949e-280	"2"	"CD2BP2"
3.53996620545635e-284	1.28746328163071	0.283	0.119	1.29566303085908e-279	"2"	"HMGA2"
4.88869119563582e-284	0.789191311921444	0.52	0.293	1.78930986451467e-279	"2"	"AKT3"
4.98131544988283e-284	0.774728222277803	0.509	0.279	1.82321126781162e-279	"2"	"LMBR1L"
5.09821085349008e-284	0.895785905446723	0.469	0.255	1.8659961544859e-279	"2"	"ADAMTS6"
9.32813335424297e-284	0.550226053810202	0.891	0.813	3.41419008898647e-279	"3"	"DDX21"
1.07008389469693e-283	0.641390432835668	0.998	0.976	3.91661406298024e-279	"6"	"MT-ND1"
2.50692426009055e-283	0.699251980848552	0.993	0.944	9.17559348435741e-279	"6"	"MT-ND2"
6.83473838289808e-283	1.1784318037194	0.303	0.135	2.50158259552453e-278	"2"	"CXCL2"
2.09206317383699e-282	0.557178294170993	0.686	0.463	7.65716042256075e-278	"0"	"FUT8"
3.85639475403673e-282	0.614174050983739	0.836	0.715	1.41147904392499e-277	"3"	"TST"
4.79548174728426e-282	0.789045493814361	0.949	0.839	1.75519427432351e-277	"6"	"DDT"
7.89555321592589e-282	1.74257179354481	0.368	0.195	2.88985143256104e-277	"2"	"TNXB"
1.77689787625692e-281	0.55786464569098	0.992	0.974	6.50362391688796e-277	"6"	"AURKAIP1"
2.06443535973805e-281	0.841487716683858	0.436	0.223	7.55603986017723e-277	"2"	"SH3GLB2"
2.0881613222684e-281	2.50209979644441	0.94	0.335	7.64287925563458e-277	"7"	"DDX39A"
2.35447098164062e-281	0.865434820969279	0.357	0.186	8.61759923990283e-277	"0"	"NCOA1"
5.04983367027628e-281	0.586062495709372	0.772	0.535	1.84828962165782e-276	"2"	"TACC1"
1.74903757185906e-280	0.735763378107201	0.578	0.339	6.40165241676136e-276	"3"	"IGFBP2"
2.20173264605495e-280	0.809723741442389	0.503	0.281	8.05856165782572e-276	"2"	"SSH1"
2.22330086222838e-280	0.571476840238428	0.815	0.605	8.13750348584209e-276	"2"	"IDH2"
2.54745216614256e-280	0.859903682081054	0.478	0.264	9.32392967329838e-276	"2"	"ARFGAP1"
3.12825439058289e-280	1.1892801714976	1	0.997	1.14497238949724e-275	"7"	"RAN"
4.84721451594386e-280	2.97208251205871	0.996	0.809	1.77412898498061e-275	"7"	"UBE2S"
4.9139458834587e-280	2.54401112291274	0.902	0.281	1.79855333280472e-275	"7"	"BCL2L12"
5.40047221231962e-280	1.20473943084581	0.257	0.102	1.9766268344311e-275	"2"	"ANK2"
1.10091876905829e-279	2.83606336183244	1	0.831	4.02947278663023e-275	"7"	"TUBA1C"
1.60892554124999e-279	0.689726152263622	0.807	0.695	5.88882837352908e-275	"3"	"DNAJB1"
2.42924150770469e-279	1.14755853829241	0.609	0.415	8.89126684234994e-275	"4"	"OSR2"
3.95940637614912e-279	0.979415172150916	0.548	0.374	1.44918232773434e-274	"1"	"BMPER"
6.9585012904273e-279	1.04618351782477	0.307	0.134	2.5468810573093e-274	"2"	"MAP3K6"
7.48601705208856e-279	1.60949880131343	0.457	0.177	2.73995710123493e-274	"6"	"ABHD15"
1.28612244163432e-278	0.63695326132315	0.727	0.497	4.70733674862576e-274	"2"	"DAZAP1"
1.88210746715468e-278	2.62673891550587	0.898	0.279	6.88870154053284e-274	"7"	"SPDL1"
2.20899500230423e-278	0.715830130817309	0.666	0.436	8.0851426079337e-274	"2"	"TCTA"
3.81219326406198e-278	0.660470102694032	0.707	0.471	1.39530085657933e-273	"2"	"MED13L"
4.3383688010767e-278	0.509107508030165	0.998	0.987	1.58788636488208e-273	"6"	"ETFB"
9.39010325234087e-278	0.684475288095701	0.442	0.247	3.43687169138928e-273	"0"	"SLC26A6"
2.80016479370604e-277	0.66853863975415	0.656	0.411	1.02488831614435e-272	"2"	"RNASEH2B"
2.84598691741496e-277	0.902603050893908	0.902	0.722	1.04165967164305e-272	"6"	"TST"
3.12125295227997e-277	0.643526929149462	0.75	0.616	1.14240979306399e-272	"1"	"SELENBP1"
3.82342949952436e-277	3.01465557930115	0.389	0.044	1.39941343112091e-272	"7"	"CEP152"
4.92661795262895e-277	1.19701014320871	0.271	0.112	1.80319143684172e-272	"2"	"CCDC85C"
5.37596888558375e-277	0.644981434780993	0.69	0.45	1.96765837181251e-272	"2"	"GALK1"
6.88461278470348e-277	1.98663243203212	0.4	0.182	2.51983712532932e-272	"5"	"MIS12"
6.88535458375988e-277	0.664628854702344	0.696	0.461	2.52010863120196e-272	"2"	"RELA"
7.46100768575202e-277	0.71853721132547	0.741	0.633	2.7308034230621e-272	"1"	"TOB1"
1.17944476232337e-276	0.929403584007767	0.38	0.188	4.31688577457977e-272	"2"	"EZR"
1.95863400329618e-276	0.544220867440626	0.851	0.643	7.16879631546433e-272	"2"	"PSMB8"
4.13473907193697e-276	0.52375655615823	0.88	0.749	1.51335584771965e-271	"0"	"UGP2"
4.70354623150134e-276	0.83092002502436	0.533	0.313	1.7215449561918e-271	"2"	"PARP3"
5.27219843832987e-276	0.538687910783758	0.894	0.747	1.92967735041312e-271	"2"	"EEA1"
5.57549627415423e-276	0.575335692106263	0.882	0.827	2.04068739130319e-271	"1"	"PAPSS2"
5.80690323283358e-276	0.681780444916123	0.813	0.704	2.12538465224942e-271	"3"	"WWTR1"
7.63631539174497e-276	0.804567632212497	0.506	0.286	2.79496779653258e-271	"2"	"LIMK1"
8.15837252154083e-276	0.594562005972698	0.847	0.759	2.98604592660916e-271	"3"	"ISOC2"
1.02755454717841e-275	0.54047768282687	0.866	0.685	3.76095239812769e-271	"2"	"GOLGA2"
1.05030224497741e-275	0.885275730654607	0.443	0.235	3.84421124684181e-271	"2"	"MALT1"
1.83171634065657e-275	1.3903193115558	0.679	0.398	6.70426497843712e-271	"6"	"AK4"
2.09842096939636e-275	0.691475086478907	0.682	0.452	7.68043059008761e-271	"2"	"TAPBP"
2.27743810579749e-275	1.40058195148545	0.632	0.343	8.33565121102941e-271	"6"	"BOK"
3.06542475777979e-275	0.98859805833916	0.354	0.168	1.12197611559498e-270	"2"	"FLT3LG"
3.11666364429138e-275	0.823010573434024	0.476	0.26	1.14073006044709e-270	"2"	"CUL7"
3.33206323232086e-275	0.60719298289593	0.845	0.69	1.21956846366176e-270	"0"	"RDX"
3.78859583759558e-275	0.600726545415569	0.918	0.866	1.38666396251836e-270	"4"	"CYBRD1"
4.64035067693276e-275	1.35140270704611	0.368	0.181	1.69841475126416e-270	"3"	"SYNE3"
8.32224011175319e-275	2.54341285070905	0.818	0.208	3.04602310330278e-270	"7"	"NCAPD3"
9.33386542342548e-275	0.696087734740398	0.633	0.395	3.41628808362796e-270	"2"	"NECAP2"
1.16166885522913e-274	0.767167045046074	0.538	0.313	4.25182417702413e-270	"2"	"DPCD"
1.21488283516159e-274	3.13410003266139	0.343	0.035	4.44659266497494e-270	"7"	"C1orf112"
1.54923748475326e-274	2.42927439058642	0.954	0.36	5.67036411794542e-270	"7"	"MZT1"
1.70256127502636e-274	0.890454383884805	0.41	0.208	6.231544522724e-270	"2"	"TBC1D22A"
1.73142045312006e-274	1.00063093410351	0.477	0.29	6.33717200046472e-270	"1"	"HTRA3"
2.04408123431164e-274	1.02183886411651	0.364	0.176	7.48154172570402e-270	"2"	"ABL2"
2.16161971528477e-274	0.538965260910323	0.856	0.657	7.9117443199138e-270	"2"	"SMPD1"
2.93507383043452e-274	0.546506320012839	0.89	0.729	1.07426637267734e-269	"2"	"LPP"
8.92692662133379e-274	2.69468815167582	0.778	0.19	3.26734441267438e-269	"7"	"RFC4"
1.36803842445264e-273	0.50337490230644	0.874	0.68	5.0071574373391e-269	"2"	"SEPTIN10"
2.20145701677095e-273	0.788602576982974	0.939	0.82	8.05755282708336e-269	"6"	"EIF4EBP2"
2.31118847005617e-273	2.77857685667585	0.579	0.098	8.45918091925257e-269	"7"	"SYNE2"
1.24585325998757e-272	0.981303345166967	0.339	0.157	4.55994751688051e-268	"2"	"CACNA1C"
1.8686977039092e-272	0.913349143122776	0.534	0.32	6.83962046607805e-268	"2"	"TP53I11"
3.45599311625706e-272	0.979800031756319	0.339	0.158	1.26492804048125e-267	"2"	"CFAP300"
3.55941723994475e-272	0.833283251983965	0.28	0.131	1.30278230399218e-267	"0"	"OGN"
4.3536605186803e-272	0.94270633859738	0.411	0.212	1.59348328644218e-267	"2"	"THBS3"
7.24069397889036e-272	3.4080113770348	0.331	0.033	2.65016640321366e-267	"7"	"BORA"
8.57155918398944e-272	0.772691480866112	0.519	0.297	3.13727637693197e-267	"2"	"ERBIN"
1.36346001378491e-271	0.589700200454423	0.795	0.577	4.99039999645417e-267	"2"	"PTBP1"
2.13843455672497e-271	0.568542365888769	0.726	0.577	7.82688432106907e-267	"1"	"ACAT2"
3.802893358025e-271	0.517849813454659	0.814	0.642	1.39189699797073e-266	"0"	"FGFR1"
4.68488028535397e-271	0.518187751466544	0.954	0.883	1.71471303324241e-266	"2"	"FAM162A"
8.58888353261058e-271	0.982057949725633	0.425	0.226	3.1436172617708e-266	"2"	"FOSL1"
9.60649737309361e-271	0.548204918547063	0.681	0.469	3.51607410352599e-266	"0"	"OGFOD3"
1.44912957444204e-270	0.919047051473236	0.906	0.715	5.3039591554153e-266	"6"	"ZNF664"
1.82848771448317e-270	0.832539257907985	0.431	0.254	6.69244788377987e-266	"0"	"CSTA"
2.23383514349867e-270	1.42358202988167	0.686	0.408	8.17606000871948e-266	"6"	"CDC42EP4"
3.05002593479035e-270	0.727381107174022	0.776	0.642	1.11633999239262e-265	"3"	"WDR41"
3.89708968829277e-270	2.75451077876613	0.621	0.116	1.42637379681204e-265	"7"	"DCK"
4.20147756550828e-270	1.1356733887999	0.841	0.667	1.53778280375169e-265	"6"	"PAPSS1"
4.4741251175326e-270	1.12336974903923	0.782	0.533	1.63757453426811e-265	"6"	"ME2"
4.50048168625812e-270	0.830428716983622	0.412	0.234	1.64722130198733e-265	"0"	"MAPRE2"
4.8683980019686e-270	0.556033834089825	0.841	0.632	1.78188235270053e-265	"2"	"IFITM1"
5.8209881914738e-270	2.85077777307018	0.679	0.145	2.13053988796132e-265	"7"	"CDCA4"
1.09896577726924e-269	0.669471936351951	0.797	0.68	4.02232464138316e-265	"3"	"DLD"
1.2110196096505e-269	2.54477892913654	0.713	0.152	4.43245287328178e-265	"7"	"RHNO1"
2.60127698383141e-269	0.534635363336773	0.876	0.709	9.52093388852134e-265	"2"	"IFNGR2"
2.82065236503432e-269	0.895577089731267	0.411	0.232	1.03238697212621e-264	"0"	"CCN5"
3.0473488642561e-269	1.11078089759392	0.267	0.11	1.11536015780638e-264	"2"	"RNLS"
4.46324711022768e-269	0.529621472126561	0.902	0.844	1.63359307481443e-264	"3"	"MRPS6"
6.38074596800836e-269	1.13086269806414	0.293	0.128	2.33541683175074e-264	"2"	"SYNGR1"
6.48021308533604e-269	1.10996576856955	0.893	0.748	2.37182279136384e-264	"6"	"ELOVL1"
7.3521620770103e-269	0.906704955780289	0.535	0.321	2.69096484180654e-264	"2"	"SLC20A1"
1.27644066490534e-268	0.793038061179065	0.515	0.295	4.67190047762003e-264	"2"	"KCTD10"
1.33172780930019e-268	0.653077692017139	0.543	0.343	4.87425695481962e-264	"0"	"AC093849.2"
1.42470411143933e-268	3.31963058953912	0.297	0.027	5.21455951827908e-264	"7"	"DBF4B"
2.11860540236617e-268	0.988644312794428	0.313	0.141	7.75430763320042e-264	"2"	"GAS7"
2.2826895240403e-268	0.83667762757189	0.426	0.222	8.3548719269399e-264	"2"	"PCDHGC3"
2.71323105991738e-268	0.899634015705908	0.772	0.669	9.93069700240362e-264	"4"	"COL18A1"
3.1360695310484e-268	1.0786894378313	0.448	0.244	1.14783280905902e-263	"3"	"RAMP2"
5.88791412134207e-268	0.863677738202035	0.939	0.811	2.15503544755241e-263	"6"	"IMPAD1"
8.37168843131492e-268	0.634672148825915	0.698	0.455	3.06412168274557e-263	"2"	"SPIN1"
1.27638372924133e-267	0.782640430451862	0.783	0.666	4.67169208739619e-263	"3"	"TFRC"
1.48440610631317e-267	1.04452771043667	0.326	0.151	5.43307478971684e-263	"2"	"ZNF395"
1.49818798759805e-267	0.831127268671666	0.309	0.152	5.48351785340763e-263	"0"	"KAZALD1"
1.63669020103537e-267	2.39692225465092	0.956	0.404	5.99044980480957e-263	"7"	"GGH"
2.12904587540952e-267	1.25903409430921	0.673	0.38	7.79252080858638e-263	"6"	"TMEM53"
2.5303997207531e-267	3.275621445838	0.329	0.033	9.26151601792843e-263	"7"	"ARHGAP19"
2.98875112783205e-267	0.909427786698022	0.899	0.734	1.09391280029781e-262	"6"	"ST6GALNAC4"
3.35308561033374e-267	0.748149951463803	0.322	0.162	1.22726286423825e-262	"0"	"KIF26B"
5.30761109751693e-267	1.17842552837326	0.695	0.52	1.94263873780217e-262	"5"	"MAGT1"
6.50765961090727e-267	0.675997073490002	0.755	0.538	2.38186849418817e-262	"2"	"NFKBIZ"
6.89057974950602e-267	3.28603249430327	0.459	0.065	2.5220210941167e-262	"7"	"AC125611.3"
9.85712392074278e-267	0.746820254718426	0.474	0.287	3.60780592623107e-262	"0"	"SLC6A8"
1.09600080494886e-266	0.9285554871252	0.375	0.185	4.01147254619332e-262	"2"	"SPACA9"
1.33927357604901e-266	0.883031690489712	0.433	0.231	4.90187521569698e-262	"2"	"SMTN"
1.70672746907492e-266	2.54864353565441	0.703	0.151	6.24679320956113e-262	"7"	"WEE1"
2.12003684069758e-266	1.18594619879754	0.578	0.41	7.75954684063722e-262	"4"	"VIT"
2.25214324329609e-266	2.21882096178215	0.986	0.568	8.24306948478803e-262	"7"	"RPA3"
2.4272938361174e-266	2.71386581045145	0.752	0.18	8.88413816957329e-262	"7"	"FAM111A"
2.7113819992897e-266	0.564399523106233	0.831	0.768	9.92392925560023e-262	"1"	"CMBL"
6.46695830304052e-266	0.67276152046358	0.995	0.979	2.36697140849586e-261	"6"	"CCDC85B"
7.27917157254939e-266	0.627352280100001	0.902	0.831	2.6642495872688e-261	"4"	"TGFBR3"
9.3097632185776e-266	0.71286660036705	0.585	0.352	3.40746643563159e-261	"2"	"WASHC5"
1.16460462896699e-265	1.20610583811746	0.389	0.226	4.26256940248207e-261	"0"	"DPT"
3.50959067514819e-265	0.903155396177805	0.406	0.209	1.28454528301099e-260	"2"	"GTF2IRD2B"
3.58601490949109e-265	0.591188563155566	0.518	0.31	1.31251731702283e-260	"0"	"MBOAT2"
3.92550833107444e-265	0.868598018771878	0.439	0.237	1.43677530425655e-260	"2"	"HEPH"
4.52011465180707e-265	0.701564226195757	0.647	0.419	1.6544071637079e-260	"2"	"KIF1C"
4.55763277426906e-265	0.594841635766673	0.74	0.501	1.66813917171022e-260	"2"	"GNL1"
8.22645404125589e-265	0.6849311994641	0.627	0.394	3.01096444364007e-260	"2"	"UBL3"
1.0611687112587e-264	0.846259028766267	0.446	0.24	3.88398360007797e-260	"2"	"NRAS"
1.21599317667163e-264	3.06469014402304	0.415	0.053	4.45065662593583e-260	"7"	"TEDC2"
1.40298487759701e-264	0.619571257379696	0.64	0.431	5.13506495049283e-260	"0"	"FAM20C"
1.74560504921141e-264	0.536218033342251	0.904	0.836	6.38908904061869e-260	"3"	"SIGMAR1"
1.96885735619896e-264	0.504151954146029	0.735	0.519	7.2062148094238e-260	"0"	"DPYD"
2.03011736181714e-264	0.698619144018259	0.565	0.336	7.4304325559869e-260	"2"	"RHBDD2"
4.6773987239943e-264	0.604353582991979	0.909	0.743	1.71197470696915e-259	"2"	"ID3"
7.5499725619831e-264	1.17774731352663	0.366	0.193	2.76336545741143e-259	"1"	"TMEM100"
9.88036526392408e-264	0.63204594798888	0.518	0.297	3.61631249024885e-259	"2"	"SMC4"
1.12022737291178e-263	0.916835670303391	0.377	0.212	4.10014420759442e-259	"0"	"CD74"
1.52374360564613e-263	0.718395572070068	0.964	0.852	5.5770539710254e-259	"6"	"ZEB2"
2.14704357153569e-263	0.67007949171179	0.63	0.394	7.85839417617779e-259	"2"	"IRAK1"
4.4927137931873e-263	0.568348287240005	0.811	0.603	1.64437817544448e-258	"2"	"DYNC1I2"
5.78385857441774e-263	0.661460860163267	0.663	0.431	2.11695007682264e-258	"2"	"EXOC7"
5.81719305966856e-263	2.58448751166214	0.842	0.242	2.12915083176929e-258	"7"	"DBF4"
7.87103778034471e-263	0.682544551252571	0.671	0.441	2.88087853798397e-258	"2"	"SFT2D2"
8.01368893609649e-263	0.887234988824541	0.413	0.215	2.93309028750068e-258	"2"	"RASAL2"
1.08243379849614e-262	0.787702541392044	0.347	0.18	3.96181594587573e-258	"0"	"NXPE3"
1.27029926266865e-262	0.769615348303931	0.35	0.183	4.64942233129351e-258	"0"	"GTF2IRD1"
1.39296932924148e-262	0.944095625138024	0.844	0.699	5.09840704195675e-258	"5"	"HIST1H1C"
2.59979547874212e-262	0.57804426739726	0.759	0.533	9.51551143174403e-258	"2"	"PON2"
3.89385547365848e-262	1.38455876791997	0.723	0.477	1.42519004191374e-257	"6"	"SLC25A33"
4.60389743422724e-262	1.06606733798821	0.785	0.476	1.68507249990151e-257	"6"	"MGLL"
6.56550855142389e-262	0.914025316452241	0.373	0.185	2.40304178490666e-257	"2"	"CHCHD6"
6.73536752711075e-262	0.753128758593941	0.484	0.269	2.46521186859781e-257	"2"	"NCS1"
1.02739526037506e-261	0.541248478146449	1	0.996	3.76036939249876e-257	"4"	"TIMP1"
1.51380360795882e-261	1.44249280853087	0.525	0.297	5.54067258549007e-257	"5"	"ALG12"
2.05154576446889e-261	0.905418140903867	0.392	0.2	7.50886265253258e-257	"2"	"UST"
4.22422287335647e-261	2.61320773693005	0.926	0.346	1.5461078138772e-256	"7"	"LMNB2"
4.32126867132284e-261	1.00610090155567	0.513	0.32	1.58162754639087e-256	"3"	"PPP2R1B"
4.74166636153051e-261	0.982808776874201	0.353	0.171	1.73549730498378e-256	"2"	"SLC39A10"
9.31533883599878e-261	1.10544136421695	0.591	0.41	3.40950716736391e-256	"3"	"ID4"
9.66063735443866e-261	1.42933535714679	0.289	0.126	3.53588987809809e-256	"3"	"OLMALINC"
1.51969711900164e-260	0.598441604056683	0.982	0.946	5.56224342525789e-256	"6"	"NDUFB7"
1.97141911419691e-260	0.86565275179978	0.844	0.775	7.2155910998721e-256	"5"	"TMED7"
2.18630529691947e-260	0.801111035214599	0.874	0.799	8.00209601725495e-256	"5"	"SRPRB"
2.52942794907594e-260	2.21283905849029	0.517	0.313	9.25795923641283e-256	"5"	"TRIB3"
2.65164071926457e-260	0.941065327249965	0.884	0.719	9.70527019658024e-256	"6"	"SDC2"
2.72664546398062e-260	0.756458212388006	0.54	0.321	9.97979506271546e-256	"2"	"CREBBP"
2.82411288815567e-260	0.805543618080239	0.357	0.19	1.03365355819386e-255	"0"	"RAB11FIP3"
4.87842436687868e-260	1.08790199687618	0.834	0.618	1.78555210252126e-255	"6"	"DSEL"
1.45468272042312e-259	1.01602926320238	0.321	0.149	5.32428422502066e-255	"2"	"RABL2B"
1.91184117521979e-259	1.0091925757731	0.319	0.147	6.99752988542195e-255	"2"	"EIF5A2"
2.49165619391757e-259	0.635269439976798	0.973	0.921	9.1197108353577e-255	"6"	"PA2G4"
4.02652702251218e-259	1.29215520462105	0.408	0.235	1.47374915550968e-254	"1"	"CES1"
4.30916694760684e-259	0.739273680029811	0.536	0.316	1.57719819449358e-254	"2"	"LMNB2"
5.02743424062032e-259	0.584507901310356	0.999	0.997	1.84009120640944e-254	"4"	"MT2A"
9.49997451691673e-259	1.25278684679255	0.363	0.185	3.47708567293669e-254	"2"	"ANKH"
1.38678495704038e-258	0.534034710493528	0.683	0.482	5.07577162126348e-254	"0"	"GALNT1"
1.52398710144819e-258	1.06464849005936	0.732	0.418	5.57794519001051e-254	"6"	"CSAD"
2.11718241986404e-258	0.543333626523784	0.617	0.403	7.74909937494437e-254	"0"	"CHST14"
2.5073327133924e-258	0.958113561927303	0.89	0.736	9.17708846428753e-254	"6"	"HOOK3"
2.69468380920622e-258	0.598700903970522	0.761	0.547	9.86281221007567e-254	"2"	"RRP7A"
1.18851309046265e-257	3.67719622653108	0.551	0.099	4.35007676240235e-253	"7"	"HIST1H3D"
1.36850796992787e-257	1.26149471807462	0.899	0.875	5.008876020733e-253	"5"	"XBP1"
1.39440957004766e-257	3.18040389370898	0.355	0.04	5.10367846733143e-253	"7"	"TONSL"
1.50609934578739e-257	0.900523904002318	0.272	0.13	5.51247421551643e-253	"0"	"SCG5"
3.02260295875693e-257	1.73192345372239	1	0.922	1.10630290893463e-252	"7"	"H2AFV"
8.82368336010041e-257	1.24169311730179	0.396	0.214	3.22955634663035e-252	"3"	"ATL2"
1.47689219992876e-256	0.558165126222592	0.779	0.582	5.40557314095926e-252	"2"	"TUBB2A"
1.75233750058401e-256	0.968557928896311	0.879	0.7	6.41373048588754e-252	"6"	"DNAJB1"
2.36224992899802e-256	0.781659879999599	0.491	0.277	8.64607096512564e-252	"2"	"MICAL1"
2.4808863793248e-256	0.54643809966412	0.817	0.605	9.0802922369667e-252	"2"	"SP100"
3.06938591907852e-256	2.23317165558982	0.848	0.231	1.12342594024193e-251	"7"	"LMO7"
5.87685516802235e-256	0.718408131513311	0.97	0.937	2.15098776004786e-251	"4"	"MT1X"
6.45221291116672e-256	0.57718752627483	0.629	0.426	2.36157444761613e-251	"0"	"CFH"
9.93123394244311e-256	0.503461704362996	0.874	0.702	3.6349309352736e-251	"2"	"ATL3"
1.69182378432879e-255	1.52211429635668	0.254	0.103	6.19224423302179e-251	"3"	"RTN4RL1"
1.80065124153431e-255	1.29411279752967	0.642	0.36	6.59056360913974e-251	"6"	"ANKRD9"
2.0086995573851e-255	0.710983318621152	0.596	0.374	7.35204124998521e-251	"2"	"UXS1"
3.39597077915066e-255	0.799048886810866	0.913	0.776	1.24295926487693e-250	"6"	"BCCIP"
3.56747208208219e-255	0.64883752382555	0.448	0.259	1.3057304567629e-250	"0"	"BEND6"
5.79036420399452e-255	0.78742806654863	0.476	0.265	2.11933120230403e-250	"2"	"FAM160B2"
6.49903017498676e-255	0.647818029784425	0.819	0.757	2.3787100343469e-250	"1"	"EPB41L3"
6.73671644640995e-255	0.63801772651298	0.507	0.311	2.46570558655051e-250	"0"	"NPRL3"
8.2960445971045e-255	0.764501845226929	0.531	0.315	3.03643528298622e-250	"2"	"NCOA3"
1.38039942125918e-254	1.12592895330027	0.493	0.311	5.05239992175071e-250	"3"	"OSBPL11"
1.99702991414031e-254	0.560185961390282	0.998	0.991	7.30932918874496e-250	"6"	"ASPH"
3.07054922809489e-254	0.80005117102832	0.92	0.795	1.12385172297501e-249	"6"	"RABGGTB"
4.10579770739815e-254	2.90486555867334	0.421	0.056	1.5027630188848e-249	"7"	"SASS6"
4.91204899841592e-254	0.7529121826036	0.97	0.867	1.79785905391021e-249	"6"	"MME"
1.71109677212349e-253	0.542153647010053	0.56	0.353	6.2627852956492e-249	"0"	"ELK3"
1.7198338887394e-253	1.59027695599019	0.257	0.117	6.29476401617508e-249	"1"	"CDON"
1.88427323520155e-253	1.35863072414314	0.301	0.14	6.89662846816119e-249	"2"	"SCG5"
2.60146932646256e-253	0.624135840550151	0.787	0.702	9.52163788178561e-249	"1"	"PLXND1"
2.98416144104621e-253	0.661669742237576	0.96	0.898	1.09223292903732e-248	"6"	"COA3"
6.43801830117748e-253	0.998295000363714	0.733	0.568	2.35637907841397e-248	"4"	"CYP1B1"
8.55063371977441e-253	1.29161543877501	0.278	0.123	3.12961744777463e-248	"2"	"PRIM2"
1.05207517835416e-252	0.820567218888888	0.555	0.344	3.85070036029405e-248	"2"	"PODN"
1.49286901649286e-252	0.87263341963374	0.396	0.205	5.46404988726551e-248	"2"	"TSPAN17"
1.67748851843699e-252	1.00188749567886	0.261	0.123	6.13977572633122e-248	"0"	"CSMD2"
1.67752689444852e-252	0.820516027420552	0.48	0.272	6.13991618637103e-248	"2"	"SRF"
2.57526375908846e-252	1.86615343907225	0.359	0.127	9.42572288463967e-248	"6"	"HIVEP3"
2.91945435453391e-252	0.799619869397689	0.397	0.227	1.06854948830296e-247	"0"	"HEPH"
6.53165299949999e-252	0.563288354840798	0.993	0.977	2.39065031434699e-247	"6"	"PSMA6"
1.23441350922445e-251	0.892515514199437	0.64	0.493	4.51807688511243e-247	"3"	"CCDC88A"
1.99278889809915e-251	0.74247826154102	0.558	0.339	7.29380664593271e-247	"2"	"HS6ST1"
3.02702084476942e-251	0.610462604664884	0.708	0.482	1.10791989939405e-246	"2"	"SAE1"
3.08480083807023e-251	1.01585295201993	0.31	0.144	1.12906795474209e-246	"2"	"DNAJC17"
3.09503061635643e-251	0.582937979933976	0.82	0.737	1.13281215589262e-246	"3"	"SMIM4"
3.8712676007769e-251	1.44738796317069	0.633	0.458	1.41692265456035e-246	"5"	"TMEM41B"
4.53767483877216e-251	0.680248031762335	0.547	0.324	1.660834367739e-246	"2"	"CDR2"
4.91052005575299e-251	0.530662009774456	0.995	0.981	1.79729944560615e-246	"6"	"MLF2"
5.53120729916016e-251	2.69434426884572	0.79	0.213	2.02447718356561e-246	"7"	"EZR"
5.88715169098678e-251	1.34835633038582	0.695	0.42	2.15475639041807e-246	"6"	"ID4"
7.77553480433804e-251	0.838496922206738	0.285	0.138	2.84592349373577e-246	"0"	"SGO2"
9.36785776226001e-251	0.906220810000075	0.861	0.691	3.42872961956479e-246	"6"	"PRKAR2A"
1.68132143409943e-250	1.80612205655118	0.344	0.117	6.15380458094732e-246	"6"	"MARC2"
1.78017824549875e-250	0.563019544103623	0.62	0.416	6.51563039634997e-246	"0"	"METTL22"
3.29319313760699e-250	0.881533155031641	0.322	0.167	1.20534162029554e-245	"0"	"RACGAP1"
3.9390117048547e-250	2.44797627826828	0.715	0.164	1.44171767409387e-245	"7"	"CEP78"
4.99889095717212e-250	0.51358825646901	0.863	0.835	1.82964407923457e-245	"1"	"CCDC107"
8.96834057674996e-250	0.96209826206438	0.324	0.152	3.28250233449625e-245	"2"	"RABL3"
9.50385140672324e-250	0.630132632413536	0.695	0.467	3.47850465337477e-245	"2"	"CCNK"
1.12642065770882e-249	0.67828965550949	0.976	0.927	4.12281224928006e-245	"6"	"ATP5MC1"
1.27540949901864e-249	0.545896583381707	0.795	0.575	4.66812630735811e-245	"2"	"DCAF6"
1.28487741069816e-249	3.27394025206497	0.279	0.026	4.70277981089632e-245	"7"	"ZNF695"
1.34028085944221e-249	1.48597629788967	0.451	0.277	4.90556197364444e-245	"3"	"NMB"
1.50870036486716e-249	0.698687417143167	0.517	0.33	5.52199420545028e-245	"0"	"ABCD3"
2.12513023233555e-249	0.925154540977742	0.343	0.166	7.77818916337133e-245	"2"	"FAAP100"
3.54028382392049e-249	1.62275839921835	0.998	0.907	1.29577928239314e-244	"7"	"RANBP1"
1.05290363470265e-248	0.958737237373338	0.354	0.176	3.85373259337516e-244	"2"	"TEAD3"
2.36753263274479e-248	0.781573737855047	0.845	0.645	8.66540618910921e-244	"5"	"CCDC69"
2.98725490166765e-248	0.842839011273978	0.429	0.232	1.09336516655938e-243	"2"	"RPS6KA3"
5.57114043534323e-248	0.802387561933413	0.443	0.24	2.03909311073998e-243	"2"	"B9D1"
6.92387291612866e-248	1.01662816286685	0.291	0.13	2.53420672603225e-243	"2"	"LRRC8D"
7.67576672973503e-248	0.611246057780847	0.995	0.964	2.80940738075032e-243	"6"	"RPL22L1"
1.02273752379744e-247	1.28396941097542	0.685	0.409	3.74332161085101e-243	"6"	"APOL6"
1.318710612839e-247	0.896633013762843	0.389	0.202	4.82661271405204e-243	"2"	"MRPL30"
1.33483913673051e-247	1.16962365325195	0.251	0.105	4.88564472434734e-243	"2"	"C8orf58"
2.80052014373745e-247	0.558476997376459	0.999	0.979	1.02501837780935e-242	"6"	"CAV1"
3.52365980275376e-247	0.729590367305835	0.377	0.208	1.2896947244059e-242	"0"	"TNFRSF10D"
4.59245884194428e-247	2.90947823384282	0.733	0.184	1.68088586074003e-242	"7"	"KNSTRN"
5.08304272018083e-247	0.993877864924751	0.322	0.154	1.86044446601339e-242	"2"	"TCP11L2"
5.12745040488221e-247	0.844702427170345	0.475	0.295	1.87669812269094e-242	"0"	"IRX3"
5.62609519375098e-247	0.894051508234126	0.375	0.191	2.0592071018648e-242	"2"	"NTNG1"
6.64710633345492e-247	0.68076455519784	0.616	0.389	2.43290738910784e-242	"2"	"TCIRG1"
7.17473666001215e-247	0.723139398892045	0.634	0.414	2.62602536493105e-242	"2"	"CYB561A3"
1.64285935311528e-246	0.688691526340109	0.574	0.35	6.01302951833723e-242	"2"	"GSDMD"
1.92743901300867e-246	0.570429077047675	0.835	0.746	7.05461953151304e-242	"3"	"ABHD14A"
3.36889701502327e-246	0.666811159611457	0.848	0.467	1.23304999646867e-241	"6"	"ADH1B"
3.80579719336446e-246	0.886107928433665	0.972	0.888	1.39295983074333e-241	"2"	"TIMP3"
4.9888770889633e-246	3.15441821553541	0.299	0.03	1.82597890333146e-241	"7"	"RFX8"
5.18350656359001e-246	0.617815864750937	0.977	0.915	1.89721523733958e-241	"6"	"NDUFB1"
7.94727660349605e-246	2.12885822850266	0.998	0.793	2.90878270964559e-241	"7"	"TUBB6"
8.39002721930115e-246	0.872728252451718	0.652	0.49	3.07083386253641e-241	"3"	"AACS"
1.43226605462909e-245	0.615666546506737	0.686	0.464	5.24223698654793e-241	"2"	"ALDH18A1"
1.65720274255148e-245	0.534992881010171	0.99	0.961	6.06552775801265e-241	"6"	"NDUFAF8"
1.72374691757925e-245	0.606146432769583	0.725	0.502	6.30908609303181e-241	"2"	"WDR13"
1.76627841603589e-245	0.627604061569397	0.7	0.474	6.46475563053296e-241	"2"	"ATF6B"
1.90206594197755e-245	0.552916391510274	0.988	0.963	6.96175155423204e-241	"6"	"NDUFB8"
2.29322127642769e-245	0.920075292429415	0.86	0.675	8.39341919385298e-241	"6"	"WBP2"
4.57782899262825e-245	0.634690270227422	0.672	0.448	1.67553118959187e-240	"2"	"RANBP9"
7.51129830777599e-245	0.58822610863634	0.571	0.374	2.74921029362909e-240	"0"	"PTPN12"
7.74984278137766e-245	0.656990671324328	0.667	0.444	2.83651995641204e-240	"2"	"AHR"
1.25229961172842e-244	0.919983575000863	0.291	0.146	4.58354180888718e-240	"0"	"CHEK2"
1.50084033480658e-244	0.805454684116664	0.664	0.492	5.49322570942556e-240	"3"	"PC"
1.90023719695715e-244	1.22915536262106	0.682	0.543	6.95505816458285e-240	"5"	"SLC35B1"
1.98288159244583e-244	2.51891019350077	0.988	0.479	7.25754491651099e-240	"7"	"C12orf75"
2.01110991404347e-244	0.777591085564951	0.85	0.754	7.36086339639051e-240	"5"	"SPCS3"
3.78086095119652e-244	0.642369583844706	0.668	0.448	1.38383291674744e-239	"2"	"DPH1"
4.31212107697529e-244	0.837060467584479	0.731	0.586	1.57827943538373e-239	"4"	"ANGPTL1"
6.01547814275325e-244	0.721383978993773	0.426	0.249	2.20172515502912e-239	"0"	"BMP2K"
1.15934915975891e-243	0.885280374300038	0.4	0.212	4.2433338596336e-239	"2"	"MCC"
1.19973413615664e-243	0.620579625481985	0.672	0.444	4.39114691174693e-239	"2"	"BET1L"
1.42280442620278e-243	0.670393553029323	0.399	0.224	5.2076064803448e-239	"0"	"CPT1C"
1.96034088826819e-243	0.991254133825578	0.303	0.14	7.17504368515042e-239	"2"	"RAB30"
2.58382447779965e-243	0.664825543633987	0.441	0.261	9.45705597119451e-239	"0"	"PCDH9"
2.87856454002401e-243	0.535383715599673	0.991	0.966	1.05358340729419e-238	"6"	"HIGD2A"
3.42541137809422e-243	0.869036201004991	0.343	0.186	1.25373481849626e-238	"0"	"SHOX2"
3.9836999669144e-243	0.753931252637176	0.495	0.286	1.45807402489034e-238	"2"	"DPP3"
4.16002726708833e-243	0.672432506957683	0.657	0.44	1.522611580027e-238	"2"	"STX7"
5.5382092655224e-243	0.782694515045841	0.365	0.202	2.02703997327385e-238	"0"	"TBC1D1"
6.26694527401825e-243	0.501154660099651	0.783	0.61	2.29376463974342e-238	"0"	"TNFRSF21"
6.28527223989613e-243	1.6736300841481	1	0.937	2.30047249252438e-238	"7"	"DUT"
1.11556510336234e-242	0.522973661400831	0.885	0.871	4.0830798348165e-238	"1"	"SHC1"
1.27997338597075e-242	2.65758993313275	0.535	0.092	4.68483058999153e-238	"7"	"POLD1"
1.56887314189653e-242	2.19569622603821	0.978	0.6	5.7422325866555e-238	"7"	"DNMT1"
1.99075052861202e-242	1.09426531002377	0.27	0.118	7.28634600977287e-238	"2"	"EML1"
2.32693416821262e-242	1.37272325630121	0.501	0.33	8.51681174907503e-238	"3"	"NOTCH3"
2.97568808301502e-242	0.884103212732891	0.365	0.184	1.08913159526433e-237	"2"	"TSHZ3"
4.03014109358834e-242	0.893408172258331	0.667	0.526	1.47507194166427e-237	"4"	"CBLB"
4.21303940841913e-242	1.9470894213451	0.396	0.155	1.54201455387548e-237	"6"	"EGFLAM"
4.64438005656522e-242	0.511232780120593	0.878	0.824	1.69988954450343e-237	"3"	"MRPL12"
4.86945317657733e-242	0.937392530064455	0.873	0.722	1.78226855715907e-237	"6"	"LRPPRC"
5.3794301707545e-242	0.543326420826422	0.99	0.985	1.96892523679785e-237	"5"	"SQSTM1"
6.38586503664682e-242	0.757280583220841	0.434	0.246	2.3372904620631e-237	"2"	"CCN5"
6.79203315639425e-242	1.04162250123754	0.284	0.127	2.48595205557186e-237	"2"	"AGBL5"
7.74322772178876e-242	0.674499477356829	0.66	0.507	2.8340987784519e-237	"0"	"UCHL1"
7.9626675786373e-242	0.715871395844072	0.946	0.855	2.91441596045704e-237	"6"	"MRPL4"
1.42521688228108e-241	0.721951207722268	0.444	0.247	5.21643631083696e-237	"2"	"TMPO"
1.92243549605309e-241	0.739130214020671	0.678	0.537	7.0363061591039e-237	"3"	"MCRIP2"
2.05052280325599e-241	0.556172177274805	0.758	0.545	7.50511851219726e-237	"2"	"HK1"
2.10725228140807e-241	0.804186025258199	0.467	0.266	7.71275407518168e-237	"2"	"CDK6"
2.16621788285965e-241	0.576877547781367	0.754	0.545	7.9285740730546e-237	"2"	"PRRC1"
4.87786481615465e-241	1.83837336507304	0.342	0.118	1.78534730136076e-236	"6"	"KIAA1958"
7.73980969736719e-241	0.714582185451934	0.565	0.352	2.83284774733336e-236	"2"	"PLPPR2"
1.19955597939606e-240	1.95682828905567	0.994	0.744	4.39049484018753e-236	"7"	"YWHAH"
1.86255721277462e-240	1.76505387894308	0.387	0.149	6.81714565447639e-236	"6"	"PRRT3-AS1"
2.08345409727644e-240	0.655435115950073	0.609	0.388	7.62565034144148e-236	"2"	"PLXNB2"
2.55982087630368e-240	1.09585091045731	0.28	0.127	9.36920038935908e-236	"2"	"DNASE1L1"
3.50619998599804e-240	0.507044208969688	0.849	0.736	1.28330425687514e-235	"0"	"MT1M"
3.64174573302144e-240	0.802238278992272	0.906	0.774	1.33291535574318e-235	"6"	"SAMM50"
3.67973050051763e-240	0.507333770110288	0.675	0.49	1.34681816049446e-235	"0"	"LINC00960"
3.74136590730582e-240	0.908102056096364	0.293	0.149	1.369377335733e-235	"0"	"OSBPL10"
4.21839940711781e-240	0.802426494377495	0.431	0.235	1.54397636699919e-235	"2"	"VPS52"
4.50505917077899e-240	0.648715197590012	0.899	0.786	1.64889670709682e-235	"2"	"IER2"
4.52240248824829e-240	1.85340380427567	0.996	0.865	1.65524453472376e-235	"7"	"JPT1"
7.19824250364369e-240	2.13255224657328	0.335	0.144	2.63462873875863e-235	"5"	"C9orf116"
7.8538786407026e-240	0.552351949154599	0.587	0.39	2.87459812128356e-235	"0"	"XG"
1.27492584569915e-239	1.39514879581144	0.26	0.109	4.66635608784345e-235	"3"	"PTH1R"
1.73033676693219e-239	0.771901273978507	0.434	0.236	6.33320560064851e-235	"2"	"CCDC186"
2.18001726855156e-239	0.50451157067675	0.753	0.569	7.97908120462555e-235	"0"	"NCOR2"
3.08133033315143e-239	0.830132846846044	0.922	0.75	1.12779771523675e-234	"6"	"DLC1"
3.2338216218348e-239	0.721214421062731	0.936	0.853	1.18361105180776e-234	"6"	"NDUFA8"
3.34658987373029e-239	0.879368178972743	0.347	0.17	1.22488535968402e-234	"2"	"NAAA"
3.77353533699755e-239	0.565084741244261	0.733	0.512	1.38115166869447e-234	"2"	"CDC42EP2"
4.11674919645657e-239	0.779650512796526	0.75	0.618	1.50677137339507e-234	"4"	"CA12"
4.22792025232766e-239	1.02683864804082	0.287	0.131	1.54746109155445e-234	"2"	"ZNF668"
4.26392326767561e-239	0.668822113208367	0.556	0.357	1.56063855520195e-234	"1"	"MAOA"
7.70445002751789e-239	0.885773897803866	0.518	0.357	2.81990575457182e-234	"1"	"RAC3"
1.50984399400558e-238	2.69569076463944	0.493	0.08	5.52618000245981e-234	"7"	"HAUS8"
1.73908985130389e-238	0.947951334561446	0.829	0.598	6.36524276475736e-234	"6"	"RXRA"
2.29689056675092e-238	0.701749299321266	0.763	0.619	8.40684916336504e-234	"3"	"SELENBP1"
2.36675236653117e-238	0.792677993596386	0.438	0.24	8.66255033674075e-234	"2"	"SGTB"
2.80602556741299e-238	0.558458308358043	0.848	0.77	1.02703341792883e-233	"3"	"SAMM50"
3.56227211579598e-238	1.4813514562827	0.492	0.224	1.30382721710249e-233	"6"	"ATL2"
4.45635058829385e-238	1.14702675618653	1	1	1.63106887882143e-233	"7"	"PFN1"
6.68456929835062e-238	0.77949208229757	0.448	0.248	2.44661920888931e-233	"2"	"CD2AP"
1.33277694946764e-237	2.45064690695284	0.874	0.297	4.87809691274652e-233	"7"	"HMGB3"
2.78351514663319e-237	1.05925524667668	0.406	0.22	1.01879437881921e-232	"3"	"MANEA-DT"
2.79074794416271e-237	0.558705657822804	0.824	0.649	1.02144165504299e-232	"2"	"CXXC5"
2.86144976863946e-237	0.570133192964117	0.714	0.485	1.04731922981973e-232	"2"	"OGFOD3"
3.28302199876447e-237	0.673857491840625	0.673	0.519	1.20161888176778e-232	"1"	"F3"
5.68063366451184e-237	0.536399412625711	0.6	0.399	2.07916872754798e-232	"0"	"MPPE1"
7.44764818117195e-237	1.36778946286143	0.343	0.174	2.72591371079074e-232	"3"	"GCHFR"
1.38880370956201e-236	2.89940184579869	0.407	0.056	5.0831604573679e-232	"7"	"MMS22L"
1.48315511119018e-236	1.30832050315974	0.616	0.353	5.42849602246719e-232	"6"	"ETFDH"
3.28971117855942e-236	0.939000821549728	0.439	0.25	1.20406718846453e-231	"2"	"PTGS1"
4.90144511411536e-236	0.795693205162961	0.49	0.289	1.79397792621736e-231	"2"	"BACE2"
5.65246076546112e-236	0.538707785003737	0.81	0.615	2.06885716476642e-231	"2"	"FLII"
9.04348211647054e-236	0.763862757986061	0.442	0.245	3.31000488944938e-231	"2"	"RAB11FIP5"
1.01768285589176e-235	1.08992576958988	0.483	0.306	3.72482102084944e-231	"3"	"ECHDC2"
2.35912273458639e-235	1.33667434537761	0.589	0.322	8.63462512085964e-231	"6"	"MIEF1"
3.74152797927906e-235	0.672322649739672	0.571	0.353	1.36943665569593e-230	"2"	"KMT5A"
7.08505335010415e-235	1.04064228846594	0.806	0.603	2.59320037667162e-230	"6"	"TOMM40"
7.16701890176129e-235	0.687284641660217	0.629	0.414	2.62320058823365e-230	"2"	"WWC2"
1.02549792541957e-234	0.973728538309432	0.426	0.255	3.75342495682815e-230	"1"	"LRRN4CL"
1.60259661007344e-234	0.79298091083697	0.717	0.609	5.86566385252981e-230	"3"	"FAH"
1.98694526041515e-234	0.551626396921927	0.764	0.548	7.27241834764549e-230	"2"	"PPP1R11"
3.29827416511272e-234	0.891789559687694	0.565	0.389	1.20720132717291e-229	"3"	"MAPRE3"
4.47207482041659e-234	0.582648459986289	0.727	0.503	1.63682410502068e-229	"2"	"APPL2"
4.7274317196787e-234	1.10800469041276	0.417	0.238	1.7302872837196e-229	"3"	"SLC25A20"
4.81861784675091e-234	0.815477712434394	0.949	0.755	1.7636623180893e-229	"5"	"PDK4"
5.08038130466698e-234	1.22081834195471	0.641	0.368	1.85947036132116e-229	"6"	"MOSPD2"
5.14489215453449e-234	0.519757399040769	0.796	0.584	1.88308197748117e-229	"2"	"MAN1B1"
6.36960901563953e-234	3.6107181494107	0.273	0.026	2.33134059581422e-229	"7"	"HIST1H2AB"
8.11156953546989e-234	0.624112123922441	0.763	0.614	2.96891556567733e-229	"3"	"LDLR"
8.84811328136549e-234	0.601482311658996	0.699	0.473	3.23849794211258e-229	"2"	"DAXX"
1.40081348068297e-233	0.615970243511031	0.466	0.283	5.12711742064775e-229	"0"	"PKD1"
2.5058583672139e-233	0.865109520135961	0.29	0.148	9.17169220983961e-229	"0"	"FGGY"
5.54601851270075e-233	1.00239422854411	0.674	0.527	2.0298982358336e-228	"4"	"TMEM59L"
7.94041822616904e-233	0.740115654430971	0.456	0.256	2.90627247496013e-228	"2"	"DMAP1"
8.38791773743225e-233	2.61048759623367	0.439	0.064	3.07006177107758e-228	"7"	"POLA1"
9.78725790613909e-233	0.815395465280502	0.436	0.245	3.58223426622597e-228	"2"	"LATS2"
1.00383408270494e-232	0.505787278009609	0.989	0.97	3.67413312610834e-228	"6"	"CCT3"
1.06340229667165e-232	0.589328638304959	0.716	0.498	3.8921587460479e-228	"2"	"KIAA1191"
1.09869115327102e-232	0.794788755521598	0.903	0.783	4.02131949008724e-228	"6"	"MRPS18C"
1.69860435205659e-232	0.556299601573726	0.744	0.534	6.21706178896233e-228	"2"	"SLC38A10"
2.43561462276065e-232	0.51872220885207	0.712	0.563	8.91459308076626e-228	"1"	"SLC7A6"
3.33692654778641e-232	0.855084483127779	0.38	0.199	1.2213484857553e-227	"2"	"ROGDI"
3.82778505400495e-232	1.01313123859255	0.627	0.495	1.40100760761635e-227	"4"	"ABCC1"
4.51465122969174e-232	1.32440474738383	0.499	0.221	1.65240749657947e-227	"6"	"AC009951.6"
1.26976259448272e-231	0.574197982370216	0.37	0.191	4.6474580720662e-227	"2"	"KCNG1"
1.33213329024168e-231	0.595999426756505	0.701	0.481	4.87574105561359e-227	"2"	"SNX18"
1.4277140834196e-231	0.597738165888394	0.693	0.471	5.22557631672409e-227	"2"	"CSNK1G3"
1.60157652905354e-231	0.60261907006504	0.68	0.458	5.86193025398885e-227	"2"	"SUMF1"
1.7508646351578e-231	0.602761313153735	0.566	0.378	6.40833965114105e-227	"0"	"CHST11"
1.95061102116842e-231	0.827816188700828	0.591	0.395	7.13943139857853e-227	"2"	"LY6K"
2.74729729567999e-231	0.50123211074206	0.609	0.403	1.00553828319183e-226	"0"	"TCFL5"
4.0340234801358e-231	0.501934214673523	0.969	0.946	1.4764929339645e-226	"4"	"JUN"
6.99700688173807e-231	0.534294181398333	0.828	0.748	2.56097448878495e-226	"3"	"GLRX2"
1.20361365789306e-230	0.661096349656864	0.532	0.317	4.40534634925439e-226	"2"	"FBXO17"
1.29818033050301e-230	0.986189929526416	0.282	0.128	4.75146982767408e-226	"2"	"FAM102A"
1.6582324401649e-230	1.26597347439759	0.376	0.209	6.06929655424756e-226	"3"	"ITPK1"
1.65952944594124e-230	0.792241111353964	0.417	0.227	6.07404372508953e-226	"2"	"BRD3OS"
2.37401736220737e-230	0.936783384010915	0.79	0.699	8.6891409474152e-226	"4"	"NBL1"
2.57780665505876e-230	0.715501280385146	0.52	0.312	9.43503013818058e-226	"2"	"TNRC18"
2.89447350551567e-230	0.587123221377399	0.965	0.914	1.05940624775379e-225	"6"	"MRPS15"
3.21018992748917e-230	0.629601580499447	0.592	0.369	1.17496161536031e-225	"2"	"ELK3"
3.52676745108322e-230	0.57545829270915	0.566	0.372	1.29083215477097e-225	"0"	"PACSIN2"
5.63317075935687e-230	1.15768672179477	0.725	0.489	2.06179682963221e-225	"6"	"NAPRT"
8.50786226498794e-230	2.76866420760603	0.549	0.105	3.11396266760823e-225	"7"	"CDK2"
1.25802148551112e-229	0.926181523443729	0.306	0.144	4.60448443911926e-225	"2"	"ADARB1"
2.14397428450504e-229	0.681330709270998	0.54	0.33	7.8471602787169e-225	"2"	"MORC4"
3.64319079727171e-229	0.588655605738173	0.669	0.449	1.33344426370942e-224	"2"	"RNF141"
3.72662046013862e-229	2.48624823843456	0.802	0.236	1.36398035461534e-224	"7"	"CDC25B"
6.71308246216323e-229	2.0505748153041	0.97	0.491	2.45705531197637e-224	"7"	"NUDT1"
7.05859343021232e-229	3.13987018199655	0.966	0.564	2.58351578139201e-224	"7"	"KPNA2"
7.74636283148334e-229	0.82245323296519	0.325	0.158	2.83524625995122e-224	"2"	"RUNX2"
1.50842772080757e-228	0.66809450110216	0.587	0.372	5.52099630092779e-224	"2"	"ZNFX1"
5.61301099158499e-228	0.812743585300925	0.39	0.206	2.05441815303002e-223	"2"	"KCTD17"
6.540641331946e-228	4.62088719069159	0.63	0.048	2.39394013390555e-223	"8"	"DAAM2"
6.64266090021531e-228	0.918087647167592	0.321	0.156	2.4312803160878e-223	"2"	"COG7"
6.70028655834127e-228	0.867234922272909	0.862	0.694	2.45237188321849e-223	"6"	"PDHB"
1.26063713570455e-227	0.93434930963978	0.281	0.128	4.61405798039221e-223	"2"	"TTLL7"
2.18154304853267e-227	0.825476458197256	0.824	0.732	7.98466571193441e-223	"5"	"DERL1"
2.27170071791211e-227	0.689675678869667	0.529	0.317	8.3146517976301e-223	"2"	"ARFRP1"
2.47364757798151e-227	0.602783896270451	0.873	0.802	9.05379750017012e-223	"3"	"EMILIN1"
2.90766492810753e-227	0.763923494916183	0.911	0.793	1.06423444033664e-222	"6"	"DMAC1"
3.22436092183776e-227	0.514367782828531	0.401	0.226	1.18014834100184e-222	"0"	"TES"
1.30548726244288e-226	1.06532829674314	0.258	0.115	4.77821392926718e-222	"2"	"ZNF521"
1.46556093122973e-226	0.913320603812855	0.346	0.176	5.36409956439393e-222	"2"	"SMAGP"
1.5304619871398e-226	0.543755678273592	0.981	0.943	5.60164391913037e-222	"6"	"CCT2"
2.39516795538545e-226	3.01015268682697	0.252	0.075	8.76655423350628e-222	"6"	"GLYCTK"
3.50917362007163e-226	0.535636747743624	0.98	0.945	1.28439263668242e-221	"6"	"SMIM26"
3.62593184447241e-226	0.535909785430157	0.739	0.518	1.32712731439535e-221	"2"	"ZFPL1"
5.47345694086774e-226	0.594500798063897	0.681	0.461	2.003339974927e-221	"2"	"SCAF1"
6.21617446211374e-226	0.652646865585758	0.558	0.342	2.27518201487825e-221	"2"	"WASHC2C"
6.55930966965214e-226	0.983471781618846	0.787	0.558	2.40077293218938e-221	"6"	"ACOX1"
1.29215319657362e-225	0.902879908245846	0.346	0.176	4.7294099147791e-221	"2"	"NBPF9"
1.49396213776181e-225	1.26877776506674	0.444	0.266	5.46805082042202e-221	"4"	"GALNT15"
1.59719546499847e-225	1.47110752393322	0.545	0.359	5.84589512144088e-221	"5"	"SLC33A1"
1.70180790859236e-225	0.578466384799497	0.562	0.374	6.22878712623889e-221	"0"	"WDYHV1"
2.34574639261604e-225	0.962947506218441	0.383	0.216	8.58566637161395e-221	"1"	"NPR1"
2.43091489444781e-225	0.503931551944121	0.967	0.954	8.89739160516842e-221	"4"	"TWIST2"
2.78298291089437e-225	0.676925775568661	0.679	0.479	1.01859957521645e-220	"2"	"NDFIP2"
6.11979699788074e-225	0.857765174045884	0.36	0.185	2.23990689919433e-220	"2"	"ATG7"
1.56730275944959e-224	0.803897497578797	0.415	0.232	5.73648482986144e-220	"2"	"ABCA8"
1.90129333711144e-224	0.756799355432966	0.278	0.139	6.95892374316159e-220	"0"	"GCNT1"
2.1991213286275e-224	1.21216967616649	0.844	0.788	8.0490039749095e-220	"4"	"ANXA4"
2.57608517413475e-224	0.520323534201631	0.753	0.543	9.42872934585061e-220	"2"	"GSS"
2.61790757980156e-224	0.661556494176714	0.558	0.347	9.58180353283169e-220	"2"	"MPRIP"
8.82054094945274e-224	1.27713051818798	0.358	0.188	3.2284061929092e-219	"3"	"MAFB"
1.01660143273114e-223	0.721915385093459	0.477	0.293	3.72086290393923e-219	"1"	"DUSP4"
1.16857676157477e-223	0.856633824537508	0.271	0.136	4.27710780503982e-219	"0"	"TANC2"
1.96983590816772e-223	0.626760376678116	0.595	0.378	7.20979640748466e-219	"2"	"ITPRIPL2"
2.37733435496901e-223	0.681984119912054	0.504	0.297	8.70128147262207e-219	"2"	"RASSF1"
3.39009249783244e-223	0.646154782798356	0.365	0.203	1.24080775513165e-218	"0"	"YDJC"
4.02753688637858e-223	2.54412635117063	0.727	0.193	1.47411877578342e-218	"7"	"RFC2"
6.34916736854003e-223	0.830144447031815	0.392	0.212	2.32385874855934e-218	"2"	"MEG8"
6.6415499256354e-223	2.50326190860836	0.541	0.1	2.43087368828181e-218	"7"	"RFC5"
6.68712339344915e-223	1.03079768894899	0.5	0.326	2.44755403323632e-218	"3"	"FHOD1"
1.36969534321182e-222	1.40103207244186	0.262	0.115	5.0132219256896e-218	"3"	"GHR"
1.53953562191181e-222	0.770906379283158	0.433	0.241	5.63485432975941e-218	"2"	"NACC1"
1.61947051543071e-222	0.50750651574931	0.819	0.627	5.92742403352796e-218	"2"	"COPS7A"
1.71332098281492e-222	0.605815532931754	0.671	0.453	6.27092612920089e-218	"2"	"SNRPN"
2.34572146231322e-222	0.513612520808544	0.791	0.587	8.58557512421263e-218	"2"	"AKT1S1"
2.57180280505098e-222	0.559349238641878	0.79	0.597	9.4130554467671e-218	"2"	"RBPJ"
2.74272240021027e-222	0.984022928605246	0.269	0.121	1.00386382570096e-217	"2"	"TRIM2"
2.8735500799583e-222	0.560334142401581	0.737	0.526	1.05174806476554e-217	"2"	"CRAT"
4.3943678895726e-222	0.663661597853377	0.466	0.29	1.60838259126247e-217	"0"	"CASTOR1"
4.77074794923364e-222	0.930464514971695	0.553	0.372	1.746141456899e-217	"3"	"FXYD1"
5.31858620146849e-222	2.55007756745634	0.657	0.15	1.94665573559948e-217	"7"	"DSN1"
5.48658484050335e-222	2.71926649890592	0.409	0.059	2.00814491747263e-217	"7"	"CDC7"
8.54725008009181e-222	0.69497274511104	0.928	0.905	3.1283790018144e-217	"5"	"C15orf61"
1.06746750315302e-221	0.579011516835979	0.649	0.433	3.90703780829036e-217	"2"	"SDC4"
1.20878774403035e-221	0.922990576458574	0.528	0.371	4.42428402192549e-217	"0"	"NR2F1"
1.38936292243239e-221	0.641513949301689	0.684	0.474	5.08520723239479e-217	"2"	"EMX2OS"
2.27110031442935e-221	2.93980273230232	0.749	0.223	8.31245426084285e-217	"7"	"MCM3"
2.66272932240962e-221	1.18314047410853	0.732	0.509	9.74585559295146e-217	"6"	"DDIT3"
2.98737891911064e-221	0.631758936532278	0.598	0.389	1.09341055818368e-216	"2"	"MKKS"
3.23292321947063e-221	0.695255560061621	0.507	0.304	1.18328222755845e-216	"2"	"RBM23"
4.30783487034034e-221	0.725929158885936	0.592	0.413	1.57671064089327e-216	"1"	"PTGER3"
5.65480433491388e-221	0.51699198623535	0.54	0.342	2.06971493462183e-216	"0"	"DNASE2"
1.27169537059563e-220	0.523833751163431	0.775	0.574	4.65453222591707e-216	"2"	"CSNK2A1"
1.31697346167119e-220	0.63206855569138	0.467	0.291	4.82025456706271e-216	"0"	"ASAP2"
1.44539295122813e-220	0.576371274732187	0.709	0.501	5.29028274079007e-216	"2"	"U2AF2"
2.9444358614555e-220	1.43771934197544	0.321	0.164	1.07769296965133e-215	"3"	"FJX1"
3.767611984643e-220	0.61513694410347	0.686	0.551	1.37898366249919e-215	"1"	"SIK2"
4.38572080606028e-220	0.914861346123809	0.307	0.149	1.60521767222612e-215	"2"	"PRR7"
7.21519475641395e-220	3.9253944527177	0.259	0.026	2.64083343279507e-215	"7"	"HHIP"
1.07565295609866e-219	0.612627301266813	0.611	0.405	3.93699738461671e-215	"2"	"FAT1"
1.21406410393044e-219	0.507252539305865	0.787	0.587	4.44359602679582e-215	"2"	"ATG101"
1.78251605774394e-219	0.501747425428912	0.757	0.579	6.52418702294858e-215	"0"	"ELL2"
2.27047935794708e-219	2.48530366051633	0.262	0.099	8.31018149802211e-215	"5"	"AC007405.3"
2.82703417865808e-219	0.505220195403035	0.999	0.898	1.03472277973064e-214	"6"	"FADS1"
3.25344123213174e-219	0.572015570977602	0.718	0.619	1.19079202537254e-214	"1"	"LNPEP"
3.47160781626416e-219	3.41197621718392	0.355	0.047	1.27064317683084e-214	"7"	"HIST1H3H"
4.68079236298424e-219	0.999244326678564	0.284	0.133	1.71321681277586e-214	"2"	"ZC3H12A"
4.77750045830377e-219	0.842444431620003	0.892	0.788	1.74861294274376e-214	"6"	"BSCL2"
1.05259061685519e-218	0.700035131527677	0.725	0.601	3.85258691675169e-214	"3"	"KIRREL1"
1.46046977093093e-218	0.884450632447744	0.351	0.204	5.34546540858431e-214	"0"	"SMAD7"
1.86570148219907e-218	0.954029349300473	0.307	0.15	6.82865399499682e-214	"2"	"ARRDC4"
2.06478460759208e-218	0.594315608466945	0.769	0.678	7.55731814224779e-214	"3"	"AFG3L2"
2.06922584028224e-218	0.574094483309947	0.694	0.485	7.57357349801701e-214	"2"	"R3HDM4"
2.98229301083859e-218	0.781774794572264	0.914	0.789	1.09154906489703e-213	"6"	"SLTM"
5.01140922001294e-218	0.841892933894846	0.277	0.142	1.83422588861694e-213	"0"	"HDAC4"
5.41820791485704e-218	0.89332507157534	0.912	0.857	1.98311827891683e-213	"5"	"AKR1B1"
1.10641695314889e-217	2.00986126272994	0.992	0.658	4.04959669022026e-213	"7"	"PLP2"
1.17130009034692e-217	0.937514195930497	0.811	0.617	4.28707546067876e-213	"6"	"PRELID3B"
1.64521681489949e-217	0.516737598688259	0.774	0.568	6.02165806421364e-213	"2"	"TMEM18"
1.99677865417044e-217	2.263655389086	0.808	0.244	7.30840955212922e-213	"7"	"C9orf40"
2.29514740928382e-217	0.572463174782927	0.474	0.292	8.40046903271972e-213	"0"	"CTIF"
3.35391026431317e-217	0.62044232241944	0.807	0.743	1.22756469584126e-212	"4"	"SCPEP1"
3.94147449050655e-217	0.954526497851308	0.277	0.128	1.4426190782703e-212	"2"	"COPG2"
1.0263653664463e-216	0.565354036056579	0.795	0.604	3.7565998777301e-212	"2"	"ALDH7A1"
1.52030331379677e-216	0.674421537543796	0.889	0.818	5.56446215882755e-212	"5"	"ERP44"
1.70120626930737e-216	1.19787263635641	0.355	0.189	6.22658506629189e-212	"3"	"ZNF385A"
2.09190880870099e-216	2.78254613078911	0.335	0.041	7.65659543072651e-212	"7"	"SUV39H1"
2.45539486343607e-216	0.576994188316755	0.427	0.253	8.98699073966237e-212	"0"	"CCDC122"
3.13609940912418e-216	0.965977639903185	0.506	0.335	1.14784374473354e-211	"3"	"BOK"
3.6290711563347e-216	0.533710308749785	0.718	0.501	1.32827633393007e-211	"2"	"GNAI1"
4.15767006040174e-216	1.06996269270302	0.736	0.511	1.52174881880764e-211	"6"	"AKT2"
4.16002720628626e-216	0.82072320455934	0.749	0.653	1.52261155777283e-211	"3"	"ACSL4"
4.57759313662817e-216	0.615955806169827	0.422	0.251	1.67544486393728e-211	"0"	"HOXD8"
4.88157132292857e-216	0.914760895437879	0.836	0.65	1.78670391990509e-211	"6"	"WDR41"
6.89351310985797e-216	0.579191941958546	0.747	0.558	2.52309473333912e-211	"2"	"GSTM2"
9.77321616102817e-216	0.552582496650497	0.883	0.802	3.57709484709792e-211	"4"	"WIPI1"
1.01071963392076e-215	0.863930264346712	0.267	0.122	3.69933493211339e-211	"2"	"GPR1"
1.05242125678187e-215	0.604577616445133	0.617	0.399	3.85196704194734e-211	"2"	"SPAG16"
1.48713217080024e-215	0.857494290791733	0.357	0.187	5.44305245834597e-211	"2"	"ZFPM2"
1.53282726376682e-215	0.696815698348479	0.601	0.463	5.61030106811293e-211	"1"	"ANG"
1.60463924091763e-215	0.990089408893447	0.267	0.122	5.87314008568262e-211	"2"	"EXOG"
2.2190797148498e-215	0.989712478889535	0.45	0.275	8.12205366432176e-211	"3"	"TLCD2"
3.03007396711769e-215	1.87381261447256	0.527	0.328	1.10903737270475e-210	"5"	"GDF15"
3.57227178164918e-215	0.861889221507084	0.879	0.737	1.30748719480142e-210	"6"	"LSM6"
4.53095728316428e-215	1.05631462561328	0.365	0.21	1.65837567521096e-210	"1"	"AC009951.6"
5.05966405072829e-215	0.986397346335069	0.255	0.114	1.85188763920706e-210	"2"	"RFLNB"
6.00759024266067e-215	0.56005316819003	0.716	0.504	2.19883810471623e-210	"2"	"L3HYPDH"
6.12314291974887e-215	0.509749900089856	0.559	0.367	2.24113154005728e-210	"0"	"TCTEX1D2"
6.77580707355904e-215	0.942503479978925	0.309	0.153	2.48001314699334e-210	"2"	"HLA-F"
7.10679673740346e-215	1.16489007228981	0.998	0.996	2.60115867385704e-210	"7"	"HNRNPA2B1"
7.44797018318077e-215	3.15305945189706	0.275	0.029	2.726031566746e-210	"7"	"DPF1"
9.07973663440426e-215	1.12908769574754	0.355	0.19	3.3232744055583e-210	"3"	"FAM107B"
9.24660235462603e-215	2.0805800638486	0.377	0.152	3.38434892781667e-210	"6"	"CLDN15"
1.48506352418373e-214	1.50237364973763	0.471	0.222	5.43548100486487e-210	"6"	"MTMR10"
1.51008506308829e-214	0.731583697725376	0.84	0.75	5.52706233940946e-210	"4"	"HSD11B1"
3.91408652446394e-214	1.19059531486119	0.637	0.382	1.43259480881905e-209	"6"	"MACROD1"
5.28885859050224e-214	0.572832378057728	0.462	0.284	1.93577513270972e-209	"0"	"ZBTB25"
5.95510289707076e-214	1.29269251410625	0.585	0.332	2.17962721135687e-209	"6"	"CEPT1"
7.33482027634331e-214	0.501422223115824	0.828	0.741	2.68461756934441e-209	"1"	"NFIA"
9.81405870851118e-214	0.538295954395031	0.721	0.51	3.59204362790218e-209	"2"	"RFNG"
1.1092569647926e-213	2.29071630396401	0.762	0.214	4.05999141683739e-209	"7"	"DIAPH1"
1.66305924279786e-213	0.514013480140393	0.789	0.599	6.08696313456445e-209	"2"	"EMC10"
2.47446916978266e-213	0.735638907530462	0.397	0.215	9.05680460832151e-209	"2"	"ALDOC"
2.56160189242523e-213	0.861651733200847	0.356	0.188	9.3757190864656e-209	"2"	"NOMO1"
2.59766006264261e-213	0.549629603213295	0.628	0.408	9.50769559527821e-209	"2"	"TMEM54"
2.72768541537568e-213	0.837945471234319	0.612	0.483	9.98360138881654e-209	"1"	"SLC5A3"
3.72268586765596e-213	0.566891714049436	0.579	0.395	1.36254025442076e-208	"0"	"MTHFS"
4.43208402401377e-213	0.536943970445299	0.595	0.377	1.62218707362928e-208	"2"	"AK4"
4.9135388104178e-213	0.850748076843211	0.308	0.168	1.79840434000102e-208	"0"	"NPW"
5.23173638749702e-213	0.560621503890371	0.72	0.514	1.91486783518778e-208	"2"	"ITM2C"
7.3314227218974e-213	0.508042658399538	0.998	0.986	2.68337403044167e-208	"4"	"MT1E"
7.93589011205011e-213	0.507939819248032	0.767	0.556	2.90461513991146e-208	"2"	"HPS1"
8.00605534669595e-213	1.5756457040523	0.992	0.786	2.93029631744419e-208	"7"	"ALYREF"
1.76971510622485e-212	0.701028037306503	0.476	0.279	6.47733426029359e-208	"2"	"AP1B1"
1.89731540407414e-212	0.667524032749129	0.485	0.286	6.94436411045177e-208	"2"	"TTC8"
2.56307053071848e-212	0.505595248425124	0.769	0.56	9.3810944494827e-208	"2"	"SRPK2"
2.73257715938015e-212	0.73124019492599	0.59	0.388	1.00015056610473e-207	"2"	"SMYD3"
4.8278720648217e-212	0.669623621025274	0.514	0.309	1.76704945444539e-207	"2"	"GEMIN8"
5.15321949436512e-212	0.919210762013535	0.453	0.267	1.88612986713258e-207	"3"	"PLXNA4"
6.82392892744768e-212	0.642867514961072	0.406	0.241	2.49762622673513e-207	"0"	"PRKAB2"
7.79696342363473e-212	0.759661700963384	0.376	0.199	2.85376658268455e-207	"2"	"ARMC6"
8.47089092213247e-212	1.23196246500139	0.689	0.44	3.1004307864097e-207	"6"	"MMD"
1.11942210497559e-211	0.573643963072037	0.451	0.275	4.09719684642116e-207	"0"	"ARNTL"
1.69558275628351e-211	0.641804786363456	0.54	0.332	6.20600244627327e-207	"2"	"MTMR2"
2.17964088040533e-211	0.637680989218124	0.476	0.278	7.97770358637156e-207	"2"	"TNFAIP8"
2.35108956182395e-211	2.21339159015143	0.864	0.318	8.60522290523185e-207	"7"	"SKA2"
5.71550375122376e-211	0.561897857864141	0.863	0.774	2.09193152798541e-206	"4"	"FYN"
6.56733782469982e-211	0.636581709095099	0.567	0.359	2.40371131721838e-206	"2"	"DCTPP1"
1.03635983681156e-210	0.529213321149973	0.501	0.315	3.79318063871399e-206	"0"	"MMP17"
1.17230684925593e-210	0.514370384968203	0.782	0.637	4.29076029896163e-206	"1"	"CCDC69"
1.52281813591188e-210	0.878183442068952	0.31	0.153	5.57366665925107e-206	"2"	"SPRED1"
2.1289629729528e-210	0.934346771274257	0.798	0.58	7.79221737730454e-206	"6"	"CERT1"
2.23115477933766e-210	0.556038112014429	0.46	0.281	8.16624960785379e-206	"0"	"RMND5A"
2.55285966689646e-210	0.624598742272731	0.426	0.259	9.34372166680775e-206	"0"	"IGF1R"
3.30727860121686e-210	0.609106190331449	0.611	0.402	1.21049704083138e-205	"2"	"COMMD8"
3.61260727307378e-210	1.51099170629593	0.994	0.827	1.32225038801774e-205	"7"	"LSM4"
4.03763928362764e-210	0.798300079504477	0.252	0.124	1.47781635420055e-205	"0"	"LINC01089"
6.80790023834213e-210	0.97576489513036	0.502	0.34	2.4917595662356e-205	"3"	"ACER3"
9.86521488757944e-210	0.701905539630596	0.595	0.4	3.61076730100295e-205	"2"	"SLC4A7"
1.01002588601555e-209	0.754486821614491	0.43	0.243	3.6967957454055e-205	"2"	"DOK1"
1.24262357450915e-209	0.558390334100575	0.729	0.535	4.54812654506095e-205	"2"	"AVEN"
1.35564944628576e-209	3.81111878575293	0.427	0.07	4.9618125383505e-205	"7"	"HIST1H2AH"
1.5380210506654e-209	1.67813339990846	0.358	0.139	5.62931084754042e-205	"6"	"SLC1A3"
2.13544871433816e-209	0.799670748265786	0.293	0.154	7.81595583934909e-205	"0"	"FOXF2"
2.33234303693455e-209	0.936349511339875	0.272	0.126	8.53660874948415e-205	"2"	"CLIP2"
2.62573208456255e-209	0.542471410641437	0.478	0.298	9.6104420027074e-205	"0"	"MOSMO"
5.53737192272697e-209	1.55668215856707	0.483	0.293	2.0267334974373e-204	"5"	"MSTO1"
8.55333936761023e-209	0.739906035289803	0.411	0.229	3.13060774193902e-204	"2"	"APBB1"
9.27876966536235e-209	0.502723439157524	0.797	0.603	3.39612248521928e-204	"2"	"VPS51"
1.01546624416338e-208	0.689890716119552	0.46	0.267	3.71670800026239e-204	"2"	"GNPTAB"
1.20566427335778e-208	1.51421022510832	0.769	0.679	4.41285180691681e-204	"5"	"GADD45A"
1.29785183841995e-208	2.5771632243686	0.467	0.08	4.75026751380085e-204	"7"	"RBL1"
1.45407750550889e-208	0.955787997685173	0.266	0.123	5.3220690779131e-204	"2"	"LDLRAP1"
1.64727228259894e-208	0.508485085344795	0.797	0.605	6.02918128154039e-204	"2"	"IGF2BP2"
2.58228190650163e-208	0.834123216541816	0.405	0.252	9.45141000598661e-204	"0"	"DIPK1A"
2.63745174215393e-208	2.25760158575727	0.868	0.339	9.65333712145761e-204	"7"	"USP1"
2.84996259866641e-208	0.527364993502448	0.73	0.518	1.04311481073789e-203	"2"	"SMARCA4"
3.0841192901745e-208	2.4716918430057	0.549	0.11	1.12881850139677e-203	"7"	"CENPJ"
3.70966186651266e-208	1.10645050982583	1	0.999	1.3577733397623e-203	"7"	"CFL1"
4.32736621361481e-208	0.647818453934366	0.745	0.632	1.58385930784516e-203	"3"	"PPIF"
5.4821487842635e-208	1.03961674608584	0.446	0.281	2.00652127652828e-203	"3"	"RREB1"
5.7244818020044e-208	0.547332213130282	0.678	0.461	2.09521758435163e-203	"2"	"CNOT2"
5.94517516392252e-208	0.576289830015805	0.442	0.27	2.17599356174728e-203	"0"	"LYST"
1.40960413818392e-207	0.571204184528929	0.734	0.533	5.15929210616696e-203	"2"	"FIP1L1"
1.94426805325829e-207	0.502330664715041	0.87	0.707	7.11621550173067e-203	"2"	"UROD"
2.00205411082038e-207	0.589445663823341	0.808	0.742	7.32771825101366e-203	"3"	"ATG12"
2.04229212676816e-207	0.683370342279045	0.498	0.3	7.47499341318415e-203	"2"	"ELK1"
2.29062393485985e-207	1.62170531297338	0.368	0.144	8.38391266398054e-203	"6"	"ARRB1"
2.41657920624749e-207	0.770954416106654	0.408	0.229	8.84492155278645e-203	"2"	"MLXIP"
3.41911213901559e-207	0.78219509082036	0.895	0.764	1.2514292340011e-202	"6"	"STIP1"
3.86639974821149e-207	2.03850212022634	0.9	0.339	1.41514097184289e-202	"7"	"ACOT7"
6.88711017083297e-207	5.07234430484476	0.993	0.161	2.52075119362658e-202	"8"	"CD36"
8.41365221447469e-207	1.70934895636318	0.539	0.293	3.07948084701988e-202	"6"	"SCUBE3"
9.20157614128735e-207	0.521244140425712	0.596	0.409	3.36786888347258e-202	"0"	"KDM4B"
1.40595746451577e-206	0.593929720067016	0.869	0.762	5.14594491587415e-202	"3"	"ALDH1A3"
3.48302756895701e-206	0.705174981049425	0.453	0.263	1.27482292051395e-201	"2"	"AGAP2-AS1"
4.22734952380092e-206	2.92319379483716	0.271	0.029	1.54725219920638e-201	"7"	"SPIN4"
5.2976750808279e-206	2.21836741307192	0.802	0.24	1.93900205633382e-201	"7"	"PSG5"
5.75240570848958e-206	2.9549232609964	0.485	0.091	2.10543801336427e-201	"7"	"RAB3B"
5.89196444596587e-206	0.73207923171651	0.363	0.191	2.15651790686797e-201	"2"	"LZTFL1"
6.14656454321576e-206	0.658627172417349	0.952	0.876	2.2497040884624e-201	"6"	"MTLN"
6.45491288444385e-206	0.520043408291454	0.733	0.528	2.36256266483529e-201	"2"	"GMPPA"
1.01306111215542e-205	0.894094062005533	0.299	0.147	3.70790497660006e-201	"2"	"AGRN"
1.48561980717691e-205	1.19306368544501	0.368	0.199	5.43751705624819e-201	"3"	"TMEM100"
1.65626230099284e-205	0.598405457506659	0.461	0.29	6.06208564786391e-201	"0"	"ERBIN"
1.90958711532528e-205	0.641108772314191	0.509	0.308	6.98927980080207e-201	"2"	"ADPRHL2"
2.75438945455917e-205	0.783144431476898	0.808	0.737	1.0081340842632e-200	"4"	"GNG11"
3.13545667805104e-205	0.572147226749191	0.527	0.321	1.14760849873346e-200	"2"	"ITGA4"
5.05771239169272e-205	1.51914768649984	0.4	0.167	1.85117331248345e-200	"6"	"AC004816.2"
1.10057200064195e-204	0.568214671670328	0.592	0.376	4.02820357954959e-200	"2"	"MRTFA"
1.38089355795355e-204	1.31634681483851	0.606	0.369	5.0542085114658e-200	"6"	"SLC36A4"
1.59796204331701e-204	1.18427968177719	0.648	0.399	5.8487008747446e-200	"6"	"MAPRE3"
1.62156892732648e-204	0.540502351634591	0.484	0.306	5.93510443090765e-200	"0"	"TAP2"
1.85004312702578e-204	1.32043191280464	0.551	0.297	6.77134284922707e-200	"6"	"TNFAIP8"
1.95651970078333e-204	0.72941821923644	0.391	0.213	7.16105775683708e-200	"2"	"ERBB2"
2.17518450415042e-204	0.632064003377132	0.959	0.893	7.96139280364095e-200	"6"	"FDFT1"
2.36037463087851e-204	0.85611929194973	0.874	0.744	8.63920718647844e-200	"6"	"ATG12"
2.97209245530142e-204	0.556014217518771	0.459	0.284	1.08781555956487e-199	"0"	"LINC00963"
3.28327042335571e-204	0.619411238989211	0.617	0.442	1.20170980765242e-199	"0"	"OLFML2B"
9.57994186872941e-204	0.55314191827072	0.668	0.451	3.50635452337365e-199	"2"	"RAB8A"
2.03832374278082e-203	0.692435749357068	0.787	0.689	7.46046873095207e-199	"4"	"TMEM45A"
2.29632412825765e-203	0.597531170807696	0.661	0.456	8.40477594183581e-199	"2"	"ARHGAP17"
2.66643967825582e-203	0.708313928626776	0.885	0.852	9.75943586638413e-199	"5"	"SEC63"
3.07433576374383e-203	0.973074253291873	0.547	0.258	1.12523763288788e-198	"6"	"AOC2"
3.11552634508098e-203	0.534638208313741	0.773	0.571	1.14031379756309e-198	"2"	"ANTXR1"
4.03868275465704e-203	0.63821140061327	0.954	0.862	1.47819827503202e-198	"6"	"FERMT2"
5.18146871591422e-203	0.878935002159945	0.815	0.637	1.89646936471176e-198	"6"	"TRAP1"
7.51326105744688e-203	0.745316306949652	0.383	0.206	2.74992867963613e-198	"2"	"MARCH2"
7.86791744554372e-203	0.881805887285521	0.378	0.208	2.87973646424346e-198	"2"	"SAMD9"
8.1378052043606e-203	1.02739685534607	0.419	0.272	2.97851808284802e-198	"1"	"TRABD2A"
1.05225899586856e-202	0.701442439029586	0.3	0.16	3.8513731507785e-198	"0"	"PCYOX1L"
1.07215084074327e-202	0.578900244819966	0.647	0.515	3.92417929220446e-198	"1"	"MVD"
1.23045440648939e-202	0.658809814871283	0.506	0.31	4.50358617319183e-198	"2"	"CPPED1"
2.54131018624023e-202	0.759189914230634	0.381	0.207	9.30144941265787e-198	"2"	"NAGA"
2.99620733962802e-202	0.589729433604722	0.715	0.623	1.09664184837725e-197	"1"	"ZNF358"
3.062287641118e-202	0.539482266193744	0.698	0.488	1.1208278995256e-197	"2"	"WDR45B"
3.1572903421928e-202	0.536196061747278	0.458	0.285	1.15559983814599e-197	"0"	"SKIL"
5.00347854874412e-202	1.0441970709926	0.453	0.285	1.83132318362584e-197	"3"	"PFKFB3"
5.44277536571076e-202	0.676217039907391	0.5	0.303	1.99211021160379e-197	"2"	"ASAP2"
1.04054738721196e-201	0.855809117030198	0.409	0.259	3.8085074919345e-197	"0"	"OSR1"
1.52335298853862e-201	0.562866865773823	0.671	0.465	5.5756242733502e-197	"2"	"TRIO"
1.83249436382033e-201	0.724587494556802	0.424	0.241	6.7071126210188e-197	"2"	"VPS37B"
1.95217443835391e-201	1.01558145908072	0.795	0.614	7.14515366181913e-197	"6"	"FAH"
2.13321239841294e-201	0.506159493352679	0.842	0.789	7.8077706994312e-197	"3"	"SLTM"
3.01717433813885e-201	0.766711123643069	0.373	0.202	1.1043159795022e-196	"2"	"WTIP"
3.19221737915448e-201	0.835180026791995	0.459	0.281	1.16838348294433e-196	"2"	"ABI3BP"
3.52281229960001e-201	1.44520152702278	0.99	0.855	1.2893845297766e-196	"7"	"SNRPB"
3.54385072798371e-201	1.1491684001282	0.645	0.412	1.29708480494932e-196	"6"	"MRPL35"
8.3516424204681e-201	1.18978268948833	0.672	0.453	3.05678464231553e-196	"6"	"ACADM"
2.03639017645315e-200	0.676473607177473	0.471	0.279	7.45339168483619e-196	"2"	"FER"
2.33585151905366e-200	0.808138429943165	0.874	0.727	8.54945014488831e-196	"6"	"FMC1"
3.63183677481103e-200	1.19080939716316	0.257	0.116	1.32928857794859e-195	"3"	"TSLP"
5.51193455523169e-200	1.00637066640575	0.272	0.13	2.01742316656035e-195	"2"	"DNAJB5"
6.39793398869871e-200	0.659675229697557	0.491	0.296	2.34170781920362e-195	"2"	"KMT5B"
7.26350795671345e-200	0.710278325656719	0.61	0.423	2.65851654723669e-195	"2"	"PHLDA2"
7.80916089984475e-200	0.583968979653456	0.501	0.298	2.85823098095218e-195	"2"	"CDK14"
7.89024102600761e-200	0.654541454179015	0.38	0.224	2.88790711792904e-195	"0"	"TMEM65"
8.05903838497909e-200	0.712725363576991	0.407	0.227	2.9496886392862e-195	"2"	"SLC35D2"
8.91505926038845e-200	0.901051734685419	0.282	0.136	3.26300083989478e-195	"2"	"TPCN1"
1.32829389651789e-199	1.91179096912781	0.297	0.103	4.86168849064514e-195	"6"	"OAS1"
2.12283290124375e-199	0.500290579920512	0.656	0.438	7.76978070184223e-195	"2"	"RFTN1"
2.23205917986815e-199	0.546087068158412	0.675	0.476	8.1695598042354e-195	"2"	"STK38"
2.23994612266493e-199	0.512652224399768	0.565	0.38	8.19842680356592e-195	"0"	"SEC14L1"
3.94918650802157e-199	1.3861871846274	0.438	0.195	1.44544175380098e-194	"6"	"AC007952.4"
4.18124688945519e-199	0.61725753220814	0.579	0.376	1.53037817400949e-194	"2"	"DLG1"
4.51966784609552e-199	0.504543894175913	0.894	0.862	1.65424362834942e-194	"4"	"FKBP7"
4.98187910281603e-199	1.44940426858398	0.998	0.976	1.8234175704217e-194	"7"	"CALM2"
8.65167888454538e-199	0.827985886978001	0.324	0.166	3.16660098853245e-194	"2"	"TRIT1"
9.03082950303143e-199	1.13412747647969	0.275	0.129	3.30537390640453e-194	"3"	"FABP3"
1.00811353523413e-198	0.565377416259292	0.901	0.791	3.68979635031045e-194	"4"	"SAMHD1"
1.14386128193733e-198	0.584928702297794	0.948	0.858	4.18664667801884e-194	"6"	"TOP1"
1.41499272980027e-198	1.50024582120085	0.551	0.365	5.17901489034196e-194	"5"	"IRF1"
1.58962041174819e-198	0.959821005882607	0.757	0.555	5.81816966903954e-194	"6"	"DRAM2"
1.73449580525615e-198	0.626917236290865	0.69	0.611	6.34842809681802e-194	"1"	"SCRN2"
1.92448741866708e-198	1.79515333178824	1	1	7.0438164010634e-194	"7"	"ACTB"
1.98845591462781e-198	0.718682015426203	0.456	0.271	7.27794749312924e-194	"2"	"BACH1"
2.11858701937529e-198	0.677578679791575	0.929	0.815	7.75424034961551e-194	"6"	"COPRS"
2.39317732309384e-198	0.605730673222257	0.521	0.32	8.75926832025577e-194	"2"	"USB1"
2.60979989969127e-198	0.677746488336962	0.431	0.246	9.55212861286002e-194	"2"	"SNX12"
2.88950995781338e-198	0.68124257507086	0.468	0.279	1.05758953965927e-193	"2"	"TFPT"
3.58356877755534e-198	2.32904730335565	0.617	0.144	1.31162200827303e-193	"7"	"NDC1"
5.0986131162397e-198	0.581219801405648	0.96	0.904	1.86614338667489e-193	"6"	"MRPS16"
5.67497621151513e-198	0.592380725144174	0.434	0.268	2.07709804317665e-193	"0"	"TFPT"
1.01473491443104e-197	0.540199884654216	0.729	0.534	3.71403126030904e-193	"2"	"STX12"
1.14048231995353e-197	0.564520836863672	0.874	0.858	4.17427933926193e-193	"1"	"AKR1B1"
1.44233110053882e-197	0.664922017894942	0.979	0.893	5.27907606108214e-193	"6"	"ASS1"
1.66890184456305e-197	0.591700060647673	1	1	6.10834764128522e-193	"7"	"PPIA"
1.77244492885003e-197	0.981210105067407	0.508	0.356	6.487325684084e-193	"3"	"GPR180"
2.27902186542132e-197	0.687433472203297	0.297	0.159	8.34144792962857e-193	"0"	"TBX2-AS1"
2.32847648729977e-197	1.78461608928684	0.992	0.738	8.52245679116589e-193	"7"	"CALM3"
2.81277800275854e-197	2.88320417936281	0.473	0.089	1.02950487678965e-192	"7"	"AL662797.1"
4.98804617528696e-197	2.89861627992074	0.279	0.032	1.82567478061678e-192	"7"	"C17orf53"
5.52911779244611e-197	3.51651261226939	0.527	0.11	2.0237124032132e-192	"7"	"HIST1H2AG"
5.54127026907959e-197	0.934920837442012	0.774	0.561	2.02816033118582e-192	"6"	"PEX19"
7.047771595524e-197	2.37254513099495	0.507	0.097	2.57955488167774e-192	"7"	"RAD18"
1.57831303212569e-196	1.10323536234067	0.7	0.463	5.77678352888323e-192	"6"	"TMEM97"
1.75468084718317e-196	0.585774770961203	0.418	0.255	6.42230736877512e-192	"0"	"NNT-AS1"
2.62806754722422e-196	0.885859464395084	0.257	0.118	9.61899002959538e-192	"2"	"TNFRSF14"
3.46064698509989e-196	0.760528323476608	0.892	0.74	1.26663140301641e-191	"6"	"TNS1"
3.62936750230932e-196	0.846407408785481	0.719	0.566	1.32838479952023e-191	"2"	"CXCL12"
5.04605782921732e-196	1.1673104728218	0.595	0.341	1.84690762607183e-191	"6"	"TP53I11"
5.73594598513304e-196	0.596246209280372	0.622	0.451	2.09941359001854e-191	"0"	"MAP2K1"
7.46832592641288e-196	0.722299565285211	0.368	0.198	2.73348197232638e-191	"2"	"SMCO4"
1.61304022114516e-195	0.877952116999798	0.371	0.208	5.90388851341338e-191	"2"	"MYO1D"
1.8098573255141e-195	0.519737987742597	0.808	0.723	6.62425879711414e-191	"3"	"FMC1"
2.46774579207744e-195	0.902262564323631	0.517	0.359	9.03219637358264e-191	"3"	"GDF11"
2.71426437272198e-195	1.2738898511905	0.552	0.303	9.93447903059972e-191	"6"	"ACADS"
2.85727014664629e-195	0.512908000367289	0.69	0.483	1.04578944637401e-190	"2"	"CARS2"
3.25721957529389e-195	0.749458515757776	0.833	0.62	1.19217493675332e-190	"5"	"EDNRB"
3.36680129582258e-195	0.763028329045451	0.369	0.201	1.23228294228402e-190	"2"	"SRGAP2"
4.72595271548677e-195	0.682397562560015	0.362	0.213	1.72974595339531e-190	"0"	"TBX2"
7.22224411189701e-195	0.939776522680836	0.812	0.655	2.64341356739542e-190	"6"	"SHOC2"
1.01342176419858e-194	0.625755381105997	0.945	0.847	3.7092249991432e-190	"6"	"MRPS6"
1.0561574293473e-194	0.689394971783834	0.382	0.23	3.86564180715404e-190	"0"	"DDIT4-AS1"
2.31177552760179e-194	2.35366009035524	0.629	0.153	8.46132960857531e-190	"7"	"DONSON"
3.63458164745925e-194	0.593066840166692	0.576	0.371	1.33029322878656e-189	"2"	"B3GNT9"
3.88824132659478e-194	0.582974240891345	0.588	0.385	1.42313520794695e-189	"2"	"PIP5K1C"
4.82444141069988e-194	0.569687686674526	0.625	0.415	1.76579380073026e-189	"2"	"EXOC4"
4.84790189939252e-194	0.822516604985157	0.368	0.202	1.77438057419666e-189	"2"	"KCTD11"
5.73338650042995e-194	0.806384702263092	0.26	0.135	2.09847679302237e-189	"0"	"PGM2"
6.26816202045676e-194	0.542380970784498	0.618	0.406	2.29420998110738e-189	"2"	"NRSN2"
8.75989440343249e-194	0.798319411460442	0.33	0.172	3.20620895060033e-189	"2"	"PRKAR1B"
9.22688970237209e-194	0.549611423895747	0.959	0.947	3.37713389996521e-189	"5"	"TMED9"
1.22969678239712e-193	0.976049402730617	0.757	0.568	4.50081319325169e-189	"6"	"UBE2E2"
2.31829604082934e-193	0.620049931526106	0.757	0.64	8.48519533903947e-189	"4"	"CUTC"
3.19376935272885e-193	0.69844613301002	0.43	0.249	1.16895152079229e-188	"2"	"MAPRE2"
3.74080357208139e-193	0.506250150801538	0.749	0.557	1.36917151541751e-188	"2"	"ALKBH5"
4.631141131234e-193	0.595139155427208	0.546	0.344	1.69504396544296e-188	"2"	"CHMP1A"
4.74900899530929e-193	0.660163927724844	0.949	0.87	1.73818478237315e-188	"6"	"ALDH9A1"
7.62330619722303e-193	0.525851848215171	0.394	0.234	2.7902063012456e-188	"0"	"DEPTOR"
9.89456137757386e-193	0.679448894959224	0.853	0.784	3.62150840980581e-188	"5"	"ORMDL1"
9.96666895034629e-193	3.45729704884337	0.293	0.036	3.64790050251625e-188	"7"	"HIST2H2AB"
1.06655599481129e-192	0.607543217620787	0.946	0.887	3.90370159660882e-188	"6"	"PSMA3"
1.11178687020886e-192	1.95788304447262	0.942	0.529	4.06925112365144e-188	"7"	"SMC1A"
2.01254726645704e-192	0.833764758817783	0.305	0.154	7.3661242499594e-188	"2"	"CYTH3"
2.21242007730135e-192	0.552326508485644	0.925	0.852	8.09767872493066e-188	"5"	"RHOQ"
2.53705202683996e-192	0.751125425838045	0.272	0.143	9.28586412343694e-188	"0"	"ZNF516"
3.24694929389235e-192	0.68574529168561	0.685	0.555	1.18841591105754e-187	"3"	"PEX19"
3.74486393077128e-192	1.20413954452771	0.901	0.878	1.3706576473016e-187	"6"	"TWF2"
5.02433718401462e-192	0.766750540405185	0.295	0.161	1.83895765272119e-187	"0"	"TCEAL7"
6.30800175082866e-192	1.95050629584061	0.922	0.477	2.3087917208208e-187	"7"	"CBX5"
8.73430878681728e-192	0.6816191743626	0.332	0.189	3.19684435906299e-187	"0"	"EEF2K"
8.75533122141272e-192	0.556213029608486	0.963	0.915	3.20453878034927e-187	"6"	"RAD23A"
1.02094170777496e-191	1.63746136760131	0.31	0.113	3.73674874462712e-187	"6"	"RTN4RL1"
1.15751583713902e-191	0.540653271624445	0.673	0.469	4.23662371551251e-187	"2"	"LZTS2"
1.23725839290605e-191	0.590299687721306	0.455	0.288	4.52848944387542e-187	"0"	"PANX1"
1.74554362612632e-191	0.647332762182975	0.454	0.267	6.38886422598496e-187	"2"	"SSBP3"
2.08852520215194e-191	0.743585702321992	0.35	0.186	7.64421109239633e-187	"2"	"GPSM1"
2.1262996604569e-191	0.533213133123267	0.674	0.5	7.78246938723831e-187	"0"	"ITPRID2"
2.96055170097236e-191	0.917154879854015	0.426	0.257	1.08359152807289e-186	"2"	"STK38L"
3.40788155741506e-191	0.504866033796169	0.702	0.492	1.24731872882949e-186	"2"	"RFXANK"
3.40805241586084e-191	0.520879541792044	0.441	0.256	1.24738126472923e-186	"2"	"NPR3"
4.39173292461456e-191	0.931432702282113	0.716	0.445	1.60741816773818e-186	"6"	"FOXO1"
5.34556807112944e-191	0.987042130908494	0.408	0.242	1.95653136971409e-186	"3"	"FITM2"
9.73948676604253e-191	0.903191284790816	0.462	0.294	3.56474955123923e-186	"3"	"ACADS"
1.51453489304426e-190	0.862012284945707	0.792	0.606	5.5433491620313e-186	"6"	"EIF2B3"
2.06372306705543e-190	0.678429702639255	0.673	0.55	7.5534327977296e-186	"3"	"PRADC1"
2.0896601013908e-190	0.643131940945584	0.45	0.263	7.64836493710046e-186	"2"	"CEP89"
2.21501791585536e-190	0.845941201280097	0.31	0.158	8.10718707382219e-186	"2"	"DGCR8"
2.4385540508811e-190	0.503207984140384	0.546	0.366	8.92535168162991e-186	"0"	"ENOSF1"
4.1225357468246e-190	0.55960934628996	0.39	0.232	1.50888930869527e-185	"0"	"AC006213.2"
4.66954392303337e-190	0.538323876097982	0.606	0.4	1.70909977126944e-185	"2"	"SASH1"
6.26612221616395e-190	1.0298257538141	0.724	0.514	2.29346339233817e-185	"6"	"PRKACA"
6.91339521754005e-190	2.81471915596132	0.361	0.054	2.53037178357183e-185	"7"	"NCEH1"
7.13096961184398e-190	0.556196584194519	0.668	0.47	2.61000618763102e-185	"2"	"TOM1"
7.57588296152659e-190	0.733180707484938	0.878	0.741	2.77284892274835e-185	"6"	"SMIM4"
7.6011770912761e-190	0.616394953033575	0.351	0.203	2.78210682717797e-185	"0"	"LINC01410"
1.25339366683177e-189	0.671611745801705	0.305	0.168	4.58754615997096e-185	"0"	"STON1"
1.52058143270346e-189	0.590574816234831	0.768	0.665	5.56548010183792e-185	"3"	"RERE"
1.75633823088943e-189	0.682994932482046	0.915	0.808	6.42837355887842e-185	"6"	"SLC25A39"
3.00329218054429e-189	1.8435915098977	0.958	0.515	1.09923497100102e-184	"7"	"SAE1"
4.93222736084723e-189	0.814812202882842	0.33	0.174	1.8052445363437e-184	"2"	"MYO5A"
6.68062939619757e-189	0.923803954692831	0.303	0.155	2.44517716530227e-184	"2"	"VWA1"
1.07906500912672e-188	0.644339984699442	0.446	0.285	3.9494858399047e-184	"0"	"IRX2"
1.36763985672256e-188	1.22924691306633	0.285	0.144	5.00569863959025e-184	"3"	"CD36"
1.55852238216984e-188	0.588045078525972	0.557	0.357	5.70434777097983e-184	"2"	"PPP4R1"
1.82934785454797e-188	0.913860319471664	0.509	0.355	6.69559608243101e-184	"3"	"PIK3CA"
2.26828872263219e-188	1.80492698935868	0.956	0.531	8.30216355370609e-184	"7"	"CSE1L"
2.52969856331692e-188	0.920347363308351	0.278	0.137	9.25894971159627e-184	"2"	"ZNF532"
3.48746284012134e-188	1.43851752071912	0.309	0.161	1.27644627411281e-183	"3"	"APOC1"
3.82194938967163e-188	0.829327772222927	0.27	0.13	1.39887169611371e-183	"2"	"LCA5"
6.2994159686389e-188	0.504199128504233	0.657	0.449	2.30564923868152e-183	"2"	"UBXN6"
7.83774148342758e-188	0.684926453486259	0.978	0.973	2.86869176034933e-183	"4"	"GSN"
1.06678286243057e-187	0.56914637932412	0.623	0.424	3.90453195478214e-183	"2"	"UFSP2"
1.19545257093923e-187	2.90488563505525	0.305	0.04	4.37547595489467e-183	"7"	"ARNTL2"
1.3254314910403e-187	1.11495281970531	0.998	0.958	4.85121180035661e-183	"7"	"SNRPG"
1.34172197223825e-187	0.5758025412427	0.392	0.236	4.91083659058923e-183	"0"	"MAP3K3"
1.55239926823636e-187	0.570054274392836	0.559	0.356	5.68193656167192e-183	"2"	"LPGAT1"
1.8143565510703e-187	0.750680264924639	0.457	0.278	6.64072641257239e-183	"2"	"BMT2"
1.93544861074216e-187	0.602833861466746	0.862	0.838	7.08393546017739e-183	"4"	"SPTSSA"
2.04675794080325e-187	0.662924767238965	0.465	0.28	7.49133873913396e-183	"2"	"TICAM1"
2.7951002894503e-187	0.579036991893537	0.816	0.756	1.02303465694171e-182	"4"	"CREG1"
3.67794275852708e-187	0.620968990136886	0.62	0.434	1.3461638290485e-182	"3"	"FOXO1"
4.05868662664824e-187	0.729765124546573	0.374	0.207	1.48551989221952e-182	"2"	"SKI"
4.78483711854298e-187	0.673657373806244	0.42	0.266	1.75129823375792e-182	"0"	"RCL1"
6.5551004953481e-187	0.557651003351405	0.381	0.227	2.39923233230236e-182	"0"	"TLE2"
1.19235017531775e-186	0.678640941350504	0.688	0.572	4.3641208766805e-182	"3"	"PCNX1"
1.57885985521399e-186	2.32482383023268	0.659	0.171	5.77878495606871e-182	"7"	"PAFAH1B3"
1.74954976463811e-186	0.521103914233392	0.708	0.508	6.40352709355196e-182	"2"	"MAP3K20"
2.99775657004794e-186	0.823748078635098	0.652	0.547	1.09720888220325e-181	"4"	"ABL1"
3.29327031844461e-186	1.2288008608009	0.564	0.316	1.20536986925391e-181	"6"	"GCLC"
3.78220681283955e-186	0.756939411393451	0.375	0.209	1.3843255155674e-181	"2"	"TOMM34"
3.99591653914791e-186	0.51007086677312	0.693	0.492	1.46254541249353e-181	"2"	"YKT6"
6.21027241834048e-186	0.579086817154175	0.556	0.354	2.2730218078368e-181	"2"	"DEDD"
6.71469098515095e-186	0.516567906203107	0.493	0.32	2.4576440474751e-181	"0"	"DCAF12"
7.44161053812282e-186	0.6970089150506	0.597	0.476	2.72370387305833e-181	"1"	"PCOLCE2"
9.08679686931938e-186	0.52974937321944	0.801	0.736	3.32585852213958e-181	"3"	"LSM6"
1.14004079738997e-185	1.28842762726931	0.448	0.25	4.17266332252703e-181	"5"	"TLE2"
2.08406294714332e-185	0.618407147734893	0.939	0.862	7.62787879283925e-181	"6"	"SAR1A"
2.73870460372585e-185	0.70978319567089	0.345	0.183	1.0023932720097e-180	"2"	"SLC16A2"
3.7006580181796e-185	1.16634979365412	0.617	0.377	1.35447784123392e-180	"6"	"RGMB"
5.07533307052914e-185	0.806796028402203	0.575	0.447	1.85762265714437e-180	"3"	"LETM1"
5.32669901495203e-185	0.606477486605402	0.521	0.329	1.94962510646259e-180	"2"	"NAA60"
5.61410402330225e-185	0.572350351080475	0.318	0.179	2.05481821356886e-180	"0"	"SLC38A1"
6.48879554688369e-185	1.98607567221279	0.864	0.335	2.3749640581149e-180	"7"	"OXCT1"
1.39304081678781e-184	0.828726106566609	0.308	0.159	5.09866869352508e-180	"2"	"C15orf41"
1.53957549682002e-184	0.549298855212962	0.605	0.406	5.63500027591096e-180	"2"	"PPP3CB"
1.7565522767404e-184	0.686658810179766	0.458	0.276	6.42915698809753e-180	"2"	"NOMO2"
1.84119640584882e-184	0.682912561026853	0.311	0.175	6.73896296504725e-180	"0"	"TMEM204"
2.19783676571612e-184	1.50016275008311	0.284	0.145	8.04430234619758e-180	"3"	"CLDN15"
2.28771461440828e-184	0.53500873821903	0.644	0.439	8.37326426019574e-180	"2"	"DNAJB12"
2.43615288682605e-184	0.521607299235534	0.869	0.73	8.91656318107204e-180	"2"	"CD68"
2.50503864716979e-184	0.568093993602793	0.393	0.238	9.16869195250616e-180	"0"	"C3orf14"
3.04627219229482e-184	0.76897811001689	0.325	0.171	1.11496608510183e-179	"2"	"ZC3H11A"
3.62630112035903e-184	1.12784100880852	0.667	0.534	1.32726247306261e-179	"5"	"PLPP5"
3.65449263928345e-184	0.608586726556064	0.489	0.298	1.33758085090413e-179	"2"	"JAM3"
4.96990413097967e-184	0.589809743150444	0.827	0.737	1.81903461097987e-179	"0"	"PHLDB1"
5.22882391526631e-184	0.604715900875328	0.438	0.283	1.91380184122662e-179	"0"	"SEZ6L2"
7.45815568399836e-184	0.682702633914464	0.456	0.275	2.72975956190024e-179	"2"	"YEATS2"
7.77788939560286e-184	0.83954113734259	0.266	0.129	2.8467852976846e-179	"2"	"SLC43A3"
8.48971926985258e-184	2.40101265708114	0.375	0.058	3.10732214995874e-179	"7"	"FIGNL1"
1.41869205926435e-183	0.560776582244276	0.686	0.592	5.19255480611343e-179	"1"	"CYSTM1"
1.7538321531853e-183	1.75620071682262	0.944	0.472	6.41920106387351e-179	"7"	"PPIH"
1.76241428737443e-183	0.751036032095049	0.345	0.186	6.45061253321914e-179	"2"	"SEPTIN8"
1.82419259266478e-183	1.51986894239802	0.38	0.161	6.67672730841238e-179	"6"	"TLCD4"
1.99985664029144e-183	0.689969555654946	0.402	0.231	7.31967528913071e-179	"2"	"RAPH1"
2.05427082903117e-183	0.839609542079494	0.399	0.231	7.51883666133699e-179	"2"	"ERCC6"
2.71344744028589e-183	0.802944946271452	0.323	0.171	9.9314889761904e-179	"2"	"MICALL1"
2.99695816111715e-183	1.23299121103755	0.307	0.165	1.09691665655049e-178	"3"	"GPAT3"
3.40856143778195e-183	0.588453083032597	0.537	0.34	1.24756757184257e-178	"2"	"BORCS8"
4.96900010732417e-183	0.631829723479381	0.523	0.333	1.81870372928172e-178	"2"	"SBF2"
7.28897429392133e-183	0.521814894472896	0.967	0.936	2.66783748131814e-178	"6"	"SDHC"
8.38304309943509e-183	1.5270341489846	0.984	0.717	3.06827760482424e-178	"7"	"CKLF"
8.43041724181531e-183	0.740954198553768	0.869	0.749	3.08561701467682e-178	"6"	"MRPS7"
8.77615003555564e-183	0.850074480647825	0.309	0.161	3.21215867451372e-178	"2"	"LIMD2"
9.69806619567312e-183	0.791307784632272	0.333	0.178	3.54958920827832e-178	"2"	"MIRLET7BHG"
9.7031536370644e-183	1.42252668486277	0.994	0.886	3.55145126270194e-178	"7"	"NUCKS1"
9.96993921549136e-183	0.540259792085008	0.594	0.393	3.64909745226199e-178	"2"	"SEC14L1"
1.18521252038908e-182	2.7682776993743	0.303	0.04	4.33799634587608e-178	"7"	"CDC25A"
1.30761854289748e-182	2.30416230730637	0.796	0.28	4.78601462885907e-178	"7"	"RANGAP1"
1.91774348852786e-182	0.87707077466917	0.707	0.516	7.01913294236081e-178	"5"	"KLF15"
2.73832752951576e-182	0.639450197113638	0.501	0.312	1.00225525907806e-177	"2"	"THOC6"
2.89228411940393e-182	1.52667676053816	1	0.93	1.05860491054303e-177	"7"	"TAGLN2"
3.07276887132636e-182	0.974625325379811	0.719	0.616	1.12466413459416e-177	"5"	"ATP2A2"
5.38084638592436e-182	1.57893675156336	0.986	0.812	1.96944358571217e-177	"7"	"RAD21"
5.46130236776053e-182	0.825787340856169	0.263	0.14	1.99889127962403e-177	"0"	"ZNRF3"
7.17400870345607e-182	1.14972369128585	0.598	0.365	2.62575892555195e-177	"6"	"RHOT1"
7.19462399163801e-182	0.628515877238103	0.637	0.508	2.63330432717943e-177	"1"	"ENC1"
8.660585636172e-182	0.528238529950257	0.429	0.265	3.16986094869531e-177	"0"	"THNSL2"
9.69395261847708e-182	0.754618907491706	0.355	0.195	3.5480835978888e-177	"2"	"PBX2"
1.16127775883997e-181	0.743705827666584	0.346	0.188	4.25039272513018e-177	"2"	"DTX2"
1.29389640446098e-181	0.723443361538665	0.4	0.232	4.73579022996763e-177	"2"	"PLCB3"
1.52746211657479e-181	0.750064536669705	0.455	0.279	5.59066409287539e-177	"2"	"SCFD2"
1.66274569572288e-181	1.13714881245395	0.572	0.322	6.08581552091533e-177	"6"	"GPD1L"
1.77636240589491e-181	0.562986738890167	0.575	0.376	6.50166404181598e-177	"2"	"TMEM250"
2.41244726836496e-181	1.65205432584688	0.958	0.585	8.8297982469426e-177	"7"	"COMMD4"
2.56897369854904e-181	0.732113895919315	0.371	0.207	9.40270063405935e-177	"2"	"HIVEP2"
2.80168198944151e-181	1.27186346291748	0.276	0.138	1.02544362495549e-176	"3"	"HOXB-AS1"
3.33717531077536e-181	2.17614110544649	0.786	0.275	1.22143953549689e-176	"7"	"GMNN"
4.20399245151946e-181	0.570802361422313	0.512	0.316	1.53870327718064e-176	"2"	"CNPY4"
5.56753908679333e-181	0.600787314823502	0.503	0.312	2.03777498115723e-176	"2"	"PWWP3A"
6.59417139276501e-181	0.657217625745518	0.421	0.245	2.41353267146592e-176	"2"	"PHF21A"
6.87599795981959e-181	2.1693749241913	0.938	0.552	2.51668401327357e-176	"7"	"PCNA"
7.37806785598507e-181	2.27983635664096	0.679	0.184	2.70044661596909e-176	"7"	"SSX2IP"
8.00846893312848e-181	0.520650852252038	0.64	0.435	2.93117971421436e-176	"2"	"TTYH3"
1.1097791524298e-180	0.544277863364726	0.952	0.904	4.0619026758083e-176	"6"	"TOMM22"
1.46580575222028e-180	0.695262809816449	0.278	0.151	5.36499563370146e-176	"0"	"PCGF2"
1.84024574639784e-180	0.764778884878446	0.58	0.431	6.73548345639074e-176	"3"	"ERAP1"
3.06470058000419e-180	0.608502673391367	0.459	0.277	1.12171105928733e-175	"2"	"ABCC3"
3.64174568183686e-180	0.684929518950156	0.907	0.81	1.33291533700911e-175	"6"	"MRPS35"
4.62663345039704e-180	0.590593848410714	0.514	0.322	1.69339410917982e-175	"2"	"GSTZ1"
4.87907534259061e-180	1.99758908779353	0.974	0.598	1.78579036614159e-175	"7"	"SMS"
5.20759940029389e-180	0.509753430423078	0.687	0.484	1.90603345650157e-175	"2"	"ACOT9"
7.42211468826135e-180	0.831947832883158	0.264	0.128	2.71656819705054e-175	"2"	"DLGAP1-AS1"
7.81631673042104e-180	0.640300327804145	0.72	0.6	2.86085008650141e-175	"3"	"COX7A1"
1.59201127862895e-179	0.504754718441217	0.776	0.725	5.82692048090982e-175	"1"	"TMBIM1"
1.71432310207563e-179	0.565943923707269	0.977	0.938	6.27459398590699e-175	"6"	"SDCBP"
2.84747904046563e-179	0.68547078199422	0.445	0.268	1.04220580360082e-174	"2"	"PPRC1"
2.86576560268453e-179	0.818607673277398	0.307	0.161	1.04889886823856e-174	"2"	"MLF1"
3.15031717437473e-179	0.594036806596951	0.507	0.314	1.1530475889929e-174	"2"	"ARHGEF40"
3.98776454813296e-179	0.600247484436102	0.939	0.841	1.45956170226214e-174	"6"	"HSD17B4"
4.03825074169131e-179	0.533759089247527	0.737	0.55	1.47804015396644e-174	"2"	"KCNQ1OT1"
4.22958202842944e-179	0.900206383912148	0.758	0.556	1.54806931822546e-174	"6"	"PRADC1"
4.73568176142916e-179	0.589490868456336	0.581	0.421	1.73330688150069e-174	"0"	"ADAMTS5"
5.99420640160521e-179	0.645230233527466	0.416	0.241	2.19393948505152e-174	"2"	"SGSH"
6.85090535115182e-179	0.53163350254428	0.429	0.267	2.50749986757508e-174	"0"	"PVT1"
8.93669226557028e-179	1.59116194704072	0.994	0.893	3.27091873612138e-174	"7"	"TPM3"
1.03308132550577e-178	0.986371054591893	1	0.962	3.78118095948368e-174	"7"	"ANP32B"
1.37495916865732e-178	2.83654994518173	0.399	0.069	5.03248805320265e-174	"7"	"BAIAP2L2"
1.53488818294643e-178	0.583820292644304	0.504	0.314	5.61784423840224e-174	"2"	"ARNT"
1.53515310235982e-178	1.16434126497139	0.456	0.302	5.61881386994717e-174	"4"	"HTRA3"
1.71343426569378e-178	0.540238577698277	0.608	0.406	6.2713407558658e-174	"2"	"NBPF1"
2.22172073482124e-178	0.563715994389476	0.714	0.57	8.13172006151924e-174	"3"	"LBR"
2.68050311541656e-178	0.589546140267313	0.35	0.207	9.81090945273616e-174	"0"	"PTER"
3.80358244285352e-178	0.574067010820239	0.942	0.854	1.39214920990882e-173	"6"	"LSM5"
3.93604879633435e-178	0.511668325676619	0.697	0.498	1.44063321994633e-173	"2"	"HDHD5"
5.32857852477257e-178	0.804470573428852	0.309	0.162	1.95031302585201e-173	"2"	"AP5S1"
6.3902817879873e-178	0.648230995774274	0.417	0.243	2.33890703722123e-173	"2"	"SLC35C1"
1.00336149991991e-177	0.850865530457102	0.318	0.187	3.67240342585687e-173	"0"	"EZR"
1.20722533274546e-177	0.711734570530773	0.584	0.469	4.41856544038165e-173	"1"	"LSS"
1.21947316324883e-177	0.781035544598464	0.438	0.269	4.46339372480706e-173	"2"	"CBR3"
1.3543537652412e-177	2.19443349992141	0.948	0.468	4.95707021615933e-173	"7"	"TNFRSF12A"
1.5792576543856e-177	0.854021872495618	0.267	0.131	5.78024094081674e-173	"2"	"UBA7"
2.73087507945586e-177	0.563710420976632	0.392	0.239	9.99527587831639e-173	"0"	"IRAK4"
3.19924817465425e-177	0.945815488216738	0.727	0.535	1.1709568244052e-172	"6"	"POLR3K"
3.40323757407332e-177	0.970406741986785	0.696	0.486	1.24561898448658e-172	"6"	"FAM219B"
5.35816509274841e-177	0.762051404137399	0.312	0.163	1.96114200559685e-172	"2"	"DTNBP1"
5.66955391638539e-177	2.56353306590445	0.345	0.051	2.07511342893622e-172	"7"	"NEMP1"
7.25782532119511e-177	0.765890333982582	0.341	0.186	2.65643664581062e-172	"2"	"NEDD1"
9.62322350661937e-177	0.542714112261098	0.578	0.38	3.52219603565776e-172	"2"	"STAG1"
1.16123324940049e-176	1.78764184483317	0.978	0.584	4.25022981613074e-172	"7"	"CKS1B"
1.33820287488453e-176	0.860018631709643	0.29	0.149	4.89795634236487e-172	"2"	"C1QTNF6"
2.39234863322433e-176	0.55446287615065	0.687	0.595	8.75623523246437e-172	"1"	"RXRA"
2.41862400834061e-176	0.577860434761273	0.809	0.676	8.85240573292748e-172	"4"	"EMP1"
4.89549826918511e-176	0.791273491196907	0.303	0.157	1.79180132150444e-171	"2"	"TXNRD2"
5.52541300644845e-176	2.15033366103148	0.794	0.276	2.0223564144902e-171	"7"	"REEP4"
7.38223803519365e-176	0.502935788155241	0.464	0.299	2.70197294326123e-171	"0"	"TSHZ1"
7.61325044852943e-176	4.47558727688593	0.717	0.082	2.78652579666626e-171	"8"	"ALPL"
7.87621004018132e-176	0.699711423190559	0.44	0.269	2.88277163680676e-171	"2"	"SLC2A1"
8.03312997882754e-176	0.584212733960238	0.455	0.271	2.94020590355067e-171	"2"	"KCTD9"
8.52189630322294e-176	0.503349474398919	0.637	0.471	3.11909926594263e-171	"0"	"RSRC1"
9.83255127519217e-176	0.753025252115258	0.942	0.955	3.59881209223309e-171	"5"	"CIRBP"
9.91649898017313e-176	0.68735168467731	0.389	0.223	3.62953779173317e-171	"2"	"MAP4K3"
1.48885364528253e-175	0.515883100310287	0.663	0.464	5.44935322709859e-171	"2"	"TBC1D9B"
2.2380851949264e-175	2.37773325150191	0.483	0.098	8.1916156219501e-171	"7"	"SPA17"
2.34534321759911e-175	0.785845410663538	0.413	0.245	8.58419071073449e-171	"2"	"STEAP2"
2.83930934691762e-175	0.625293339085922	0.504	0.319	1.03921561406532e-170	"2"	"TNFAIP1"
3.06601845589888e-175	0.657968429632126	0.674	0.547	1.12219341504355e-170	"3"	"ALDH3A2"
3.09258148888663e-175	0.53655235562711	0.78	0.693	1.1319157507474e-170	"3"	"NOP16"
4.44422579714999e-175	0.573235048176934	0.762	0.597	1.62663108401487e-170	"2"	"ELL2"
4.92389098014331e-175	0.876514479941707	0.752	0.532	1.80219333764225e-170	"6"	"TLE1"
5.33539950506904e-175	1.02148393938148	1	0.967	1.95280957285032e-170	"7"	"PTGES3"
6.00273217168141e-175	0.569854367308624	0.613	0.424	2.19706000215711e-170	"2"	"EN1"
6.33845436384155e-175	0.604835227304297	0.491	0.305	2.31993768170965e-170	"2"	"TLCD3A"
7.78380925300164e-175	0.645342655138829	0.508	0.326	2.84895202469113e-170	"2"	"RAD1"
8.95069403119587e-175	0.958557923237796	0.799	0.654	3.276043522358e-170	"6"	"PDXK"
1.15604082275074e-174	0.517517925615835	0.608	0.405	4.23122501534998e-170	"2"	"MRGBP"
1.50012493206249e-174	2.29618654725069	0.529	0.116	5.49060726384194e-170	"7"	"MDC1"
2.10717835232887e-174	0.796763864019151	0.808	0.76	7.71248348735891e-170	"5"	"ALG2"
2.40635598891583e-174	2.15122702651553	0.87	0.347	8.80750355503084e-170	"7"	"SCARA3"
2.46032710595501e-174	0.520425157349332	0.343	0.2	9.00504324050594e-170	"0"	"SAMD9"
3.07163998124051e-174	0.959031067390911	0.263	0.132	1.12425094953384e-169	"2"	"MOK"
3.13334145644412e-174	0.725101384127995	0.857	0.707	1.14683430647311e-169	"6"	"MRPS25"
3.19818309890766e-174	0.736995783693569	0.883	0.769	1.17056699603119e-169	"6"	"ECHDC1"
3.51191923183448e-174	0.635234378330224	0.676	0.606	1.28539755804374e-169	"1"	"KIRREL1"
3.70878196798445e-174	0.502762117220341	0.97	0.928	1.35745128810199e-169	"6"	"TMEM167A"
3.9975886939131e-174	1.34171211289607	0.464	0.24	1.46315743785913e-169	"6"	"CLUH"
4.11381064857059e-174	0.643047165966855	0.438	0.262	1.50569583548332e-169	"2"	"SGMS1"
5.24526189468835e-174	0.504556700190502	0.33	0.19	1.91981830607488e-169	"0"	"TMEM200A"
5.31594590887853e-174	1.65627911552325	0.982	0.743	1.94568936210863e-169	"7"	"BUB3"
6.93519708881606e-174	1.31857379052717	0.494	0.272	2.53835148647756e-169	"6"	"PDHX"
7.18728226288547e-174	0.643018785999059	0.319	0.168	2.63061718103871e-169	"2"	"BOC"
9.08462002791464e-174	0.635984725215477	0.314	0.18	3.32506177641704e-169	"0"	"TSHZ3"
1.11520893518966e-173	0.854334797951964	0.264	0.13	4.08177622368767e-169	"2"	"HIVEP1"
1.11941567246013e-173	0.556726364069334	0.75	0.66	4.09717330277132e-169	"3"	"TRMT10C"
1.15600850714964e-173	1.01102868242043	0.625	0.37	4.23110673701838e-169	"6"	"RAC3"
1.92712088617091e-173	0.661758838009769	0.314	0.18	7.05345515547414e-169	"0"	"AC016747.1"
2.31307535028444e-173	0.560563605396257	0.948	0.89	8.46608708957607e-169	"6"	"GRHPR"
4.25053186864554e-173	0.669356648855805	0.372	0.208	1.55573716924295e-168	"2"	"ZNF880"
4.31723867859994e-173	0.82951594969052	0.339	0.189	1.58015252875436e-168	"2"	"MN1"
4.36723682519502e-173	0.579455391612108	0.508	0.32	1.59845235038963e-168	"2"	"SLC35A2"
4.59634696939196e-173	0.738132167431226	0.673	0.572	1.68230895426715e-168	"4"	"PBX1"
4.86129880664656e-173	0.903145407413183	0.416	0.256	1.77928397622071e-168	"3"	"HSD17B7"
5.36968619878541e-173	0.772472817424017	0.277	0.155	1.96535884561745e-168	"0"	"LIMD2"
5.62603736636821e-173	0.525004221082463	0.336	0.195	2.05918593646443e-168	"0"	"DKK3"
6.39988912326828e-173	0.519079912649041	0.645	0.444	2.34242341800742e-168	"2"	"ESYT2"
6.61428520090522e-173	2.03708617503598	0.659	0.178	2.42089452638332e-168	"7"	"NUP205"
7.49879392794858e-173	0.650095352253058	0.42	0.248	2.74463356556846e-168	"2"	"RAVER1"
9.18927358599625e-173	0.640943051694974	1	0.999	3.36336602521049e-168	"7"	"YBX1"
9.42956991863059e-173	0.792405896096979	0.825	0.688	3.45131688591798e-168	"6"	"MRPL47"
1.38671799716475e-172	0.505061060046875	0.63	0.43	5.0755265414227e-168	"2"	"TNRC6A"
1.68858043955919e-172	0.5712035024769	0.535	0.345	6.1803732668306e-168	"2"	"NUP58"
1.74527845340064e-172	0.508977998799675	0.436	0.277	6.38789366729167e-168	"0"	"LMBR1L"
2.12896577549842e-172	2.68911001605312	0.309	0.043	7.79222763490177e-168	"7"	"MSH5"
2.33368916414215e-172	0.93026258838382	0.74	0.539	8.54153570967668e-168	"6"	"CHORDC1"
2.78437127822771e-172	0.680397441976699	0.872	0.842	1.01910773154413e-167	"5"	"MIA3"
3.04607384973026e-172	0.889229230281118	0.26	0.129	1.11489348973977e-167	"2"	"PPARD"
3.28363955371152e-172	0.518482561410992	0.62	0.421	1.20184491305395e-167	"2"	"C1RL"
3.7357594266628e-172	1.24915048327715	0.627	0.426	1.36732530775285e-167	"6"	"WDR77"
4.14439039990085e-172	0.888983393537428	0.259	0.127	1.51688833026771e-167	"2"	"PLEKHA4"
5.47848386505382e-172	1.1230381846256	0.513	0.39	2.00517987944835e-167	"1"	"MT1A"
6.01425823034432e-172	0.703747636683987	0.878	0.772	2.20127865488832e-167	"6"	"IMMT"
6.32235895564994e-172	0.579483678344131	0.952	0.953	2.31404660135743e-167	"5"	"TRAM1"
7.74054504723549e-172	1.38409829383204	0.469	0.297	2.83311689273866e-167	"5"	"APTR"
7.79002523269932e-172	1.86762239609236	0.952	0.587	2.85122713542028e-167	"7"	"CKAP5"
1.12789652784115e-171	1.17224092069798	0.552	0.318	4.12821408155138e-167	"6"	"ECHDC2"
1.22389589323169e-171	0.567778500675628	0.568	0.379	4.4795813588173e-167	"2"	"PPT1"
1.60539367241932e-171	1.06577749074222	0.998	0.94	5.87590138042197e-167	"7"	"CKAP4"
1.6116343212572e-171	1.68164066387204	0.958	0.59	5.89874277923348e-167	"7"	"TUBG1"
1.69564128786368e-171	1.01103705996969	0.32	0.173	6.20621667770987e-167	"3"	"TRHDE-AS1"
2.40110865714402e-171	1.03796431468808	0.603	0.482	8.78829779601282e-167	"4"	"SMPDL3A"
2.44579324939605e-171	0.623664533110224	0.663	0.525	8.95184787211449e-167	"1"	"LMO3"
2.62123501388895e-171	0.502169915016257	0.827	0.764	9.59398227433496e-167	"3"	"NAA50"
2.74684333042421e-171	0.701870437146783	0.882	0.766	1.00537212736856e-166	"6"	"GAMT"
2.78855529976151e-171	0.717913333012487	0.366	0.207	1.02063912526571e-166	"2"	"PHACTR4"
4.03491144757254e-171	0.584045105433146	0.453	0.299	1.47681793892602e-166	"0"	"FST"
5.00797672387329e-171	1.53551830638607	0.492	0.328	1.83296956070486e-166	"5"	"GMPPB"
8.4627701865658e-171	1.93286953956916	0.912	0.436	3.09745851598495e-166	"7"	"MIS18BP1"
1.08722524479097e-170	0.855942006867572	0.254	0.124	3.97935311845944e-166	"2"	"VPS37C"
1.13661416990652e-170	0.528451190347934	0.429	0.272	4.16012152327485e-166	"0"	"SOGA1"
1.43464430243e-170	0.534007156984248	0.609	0.414	5.25094161132404e-166	"2"	"AIG1"
2.70449373734841e-170	0.855892704466996	0.538	0.397	9.89871752806891e-166	"3"	"TBC1D10A"
3.23979639817353e-170	2.34925985899187	0.603	0.154	1.18579787969549e-165	"7"	"NDE1"
3.52169828842912e-170	0.591143032020188	0.39	0.244	1.28897679054794e-165	"0"	"PTGS1"
3.63703266705163e-170	0.544563469805796	0.377	0.228	1.33119032646757e-165	"0"	"STN1"
3.940902508235e-170	0.524239502616311	0.525	0.369	1.44240972703909e-165	"0"	"PDE4D"
5.7092289652415e-170	1.23632145744301	0.517	0.287	2.08963489356804e-165	"6"	"TLCD2"
7.88613290706107e-170	0.549598821300562	0.607	0.412	2.88640350531342e-165	"2"	"FAM126A"
8.49722466275148e-170	1.06492095903058	1	0.999	3.11006919881367e-165	"7"	"ANXA2"
1.10199654450147e-169	0.588190907984384	0.488	0.305	4.03341755252982e-165	"2"	"DHX40"
1.21867545771039e-169	0.512515847482745	0.65	0.45	4.46047404276581e-165	"2"	"STX4"
1.50869854646043e-169	0.508108446086831	0.381	0.23	5.52198754989981e-165	"0"	"RNF103"
2.15245839778974e-169	2.54767412187951	0.567	0.142	7.87821298175022e-165	"7"	"HMGA2"
2.75528634066036e-169	0.623864686504814	0.421	0.251	1.0084623535451e-164	"2"	"IFT80"
3.58471325598251e-169	1.40329262109669	0.407	0.191	1.31204089882216e-164	"6"	"TYSND1"
4.37145159750825e-169	1.35101432972488	1	0.964	1.59999499920399e-164	"7"	"PKM"
4.4420529435294e-169	0.579970281281077	0.325	0.188	1.6258357978612e-164	"0"	"ZBTB47"
4.71893443338741e-169	0.569158059343629	0.939	0.862	1.72717719196412e-164	"6"	"SNRPF"
6.31941401006104e-169	0.774970712762256	0.842	0.697	2.31296872182244e-164	"6"	"PSMD14"
9.02374674341858e-169	0.694987893641148	0.358	0.202	3.30278154555863e-164	"2"	"IFFO1"
9.21600884857193e-169	0.501465609123856	0.71	0.52	3.37315139866581e-164	"2"	"NBR1"
1.11721143418549e-168	1.39256163030336	0.46	0.243	4.0891055702623e-164	"6"	"FOXP4"
1.20559692454462e-168	0.534591270520615	0.966	0.865	4.41260530352575e-164	"6"	"POR"
1.86402303436644e-168	0.854751314292491	0.539	0.385	6.8225107080846e-164	"4"	"LSP1"
2.23150902644825e-168	2.15983938025197	0.667	0.187	8.16754618770324e-164	"7"	"JPT2"
3.38389838156739e-168	2.44701067126974	0.349	0.055	1.23854064663748e-163	"7"	"HAUS5"
3.73015520100857e-168	1.27641560287075	0.992	0.88	1.36527410512115e-163	"7"	"ARPC5"
6.99887721460377e-168	0.616700318675613	0.42	0.248	2.56165904931712e-163	"2"	"PLSCR4"
7.26228224737278e-168	2.03109458044374	0.798	0.29	2.65806792536091e-163	"7"	"RBBP8"
7.59404353767784e-168	0.768522708419692	1	0.994	2.77949587522547e-163	"7"	"COX8A"
9.97715015204688e-168	0.568925345962819	0.542	0.355	3.65173672715068e-163	"2"	"MSH3"
1.14313342167215e-167	0.530003317978553	0.53	0.339	4.18398263666222e-163	"2"	"STK19"
1.16057096045833e-167	1.55811363016954	0.315	0.125	4.24780577237354e-163	"6"	"GHR"
1.20250133558797e-167	0.982265402638499	0.329	0.181	4.40127513838555e-163	"3"	"SYNPO"
1.29471254556815e-167	2.06883908296001	0.605	0.151	4.73877738803397e-163	"7"	"NCAPH2"
1.39811923757867e-167	0.869398690280521	0.747	0.554	5.1172562214617e-163	"6"	"PPID"
1.40645420158163e-167	0.653036764535404	0.413	0.245	5.14776302320891e-163	"2"	"TTC28"
1.94488668943027e-167	0.593984815349369	0.35	0.195	7.11847977198372e-163	"2"	"ARL4C"
4.24960571812511e-167	1.24829830602796	0.421	0.283	1.55539818889097e-162	"4"	"PTGFR"
4.56719123496638e-167	1.38324624672261	0.616	0.51	1.67163766391005e-162	"5"	"HSPA13"
5.45638473538201e-167	0.533134466230156	0.463	0.301	1.99709137699717e-162	"0"	"HEXD"
5.76766495771732e-167	2.20583755303168	0.601	0.155	2.11102305117412e-162	"7"	"MGME1"
6.48838557026182e-167	0.613651192445974	0.443	0.27	2.37481400257153e-162	"2"	"LITAF"
8.8589046493772e-167	0.672941995762709	0.421	0.252	3.24244769071855e-162	"2"	"PRXL2C"
8.88176574695164e-167	1.41169826861574	0.437	0.22	3.25081508104177e-162	"6"	"ITPK1"
9.84908447818744e-167	0.676089879212746	0.647	0.534	3.60486340986139e-162	"3"	"ACY1"
1.11770370943684e-166	0.591063329643021	0.939	0.861	4.09090734690977e-162	"6"	"NDUFS3"
1.60171283208053e-166	0.62985933191087	0.84	0.735	5.86242913669794e-162	"5"	"ST6GALNAC4"
2.01295775983791e-166	0.778161120011177	0.565	0.426	7.36762669678273e-162	"3"	"WDR3"
2.13901049204545e-166	0.579468422014462	0.505	0.321	7.82899230193554e-162	"2"	"AMPD2"
2.69346275534145e-166	1.11754980949182	0.536	0.295	9.85834303082523e-162	"6"	"TRHDE"
2.7701606089169e-166	0.654166776334387	0.435	0.265	1.01390648446967e-161	"2"	"ARAP1"
3.80707435960646e-166	2.62954990206171	0.439	0.087	1.39342728635956e-161	"7"	"S100A3"
4.37049568002738e-166	0.630288990004082	0.977	0.916	1.59964512384682e-161	"6"	"EIF4EBP1"
4.4997803812955e-166	0.514543612594881	0.604	0.408	1.64696461735797e-161	"2"	"MAGOHB"
6.47258048596065e-166	0.994463473409881	0.566	0.402	2.36902918366646e-161	"2"	"TFPI2"
6.60520654153146e-166	0.758102886873449	0.844	0.685	2.41757164626593e-161	"6"	"GRPEL1"
6.78069176220039e-166	1.40870693923902	0.375	0.168	2.48180099188296e-161	"6"	"TJP2"
8.6748256374291e-166	0.702861105986374	0.343	0.192	3.17507293155543e-161	"2"	"SOCS3"
1.18675357388361e-165	2.54089378844842	0.743	0.254	4.3436367557714e-161	"7"	"FOSL1"
1.19556634836564e-165	0.662193530886102	0.901	0.799	4.37589239165309e-161	"6"	"AHSA1"
1.32447565661116e-165	2.07774563860868	0.589	0.146	4.84771335076249e-161	"7"	"HIRIP3"
1.36193515348384e-165	1.83521289123051	0.826	0.311	4.9848188552662e-161	"7"	"NUDT15"
1.47720349259371e-165	0.595224862390487	0.494	0.314	5.40671250324224e-161	"2"	"IPO4"
1.52611726349063e-165	0.630925040616311	0.35	0.213	5.58574179610206e-161	"0"	"RASAL2"
2.1611567638391e-165	6.27692486380248	0.254	0.01	7.91004987132749e-161	"8"	"COL25A1"
2.53030063341452e-165	1.22804289611433	0.55	0.396	9.26115334836049e-161	"5"	"SYVN1"
3.45724718917504e-165	0.564081328280311	0.482	0.301	1.26538704370996e-160	"2"	"PANX1"
3.74302651385105e-165	0.639393276203624	0.47	0.296	1.36998513433462e-160	"2"	"AJM1"
5.2112729581158e-165	0.805184213631797	0.332	0.185	1.90737801539997e-160	"2"	"AMACR"
5.64795893884807e-165	0.536493044849469	0.615	0.426	2.06720945120778e-160	"2"	"EVI5"
9.97010473857431e-165	0.759168709698657	0.593	0.481	3.64915803536558e-160	"1"	"SOX9"
1.1332103123114e-164	0.897123904487209	0.265	0.141	4.14766306409097e-160	"1"	"CILP"
1.15515558916644e-164	0.714436072581429	0.635	0.502	4.22798497190807e-160	"3"	"PYGL"
1.25981013811372e-164	0.7585380040484	0.323	0.177	4.61103108651003e-160	"2"	"APLP1"
1.54635707294578e-164	0.874612271182978	0.251	0.125	5.65982152268886e-160	"2"	"TMEM268"
1.97659211841455e-164	0.609438637724522	0.329	0.195	7.2345248126091e-160	"0"	"RSPH3"
2.02634451285907e-164	0.855705968947089	0.261	0.131	7.41662355151549e-160	"2"	"EPG5"
2.55231300906219e-164	0.866084742845049	0.7	0.599	9.34172084446853e-160	"4"	"CFB"
3.02376094039369e-164	0.778595203567276	0.281	0.145	1.10672674179349e-159	"2"	"UBXN8"
3.3494482636072e-164	1.38241307141317	0.313	0.122	1.22593155896287e-159	"6"	"PPP1R1B"
3.74783302395555e-164	0.809428308590875	0.834	0.69	1.37174436509797e-159	"6"	"AKIRIN2"
4.46024086224461e-164	1.58331075645514	0.974	0.651	1.63249275799015e-159	"7"	"PSIP1"
4.52979608103105e-164	1.31823830478789	0.283	0.15	1.65795066361818e-159	"3"	"EGFLAM"
4.89599628751351e-164	1.00750872786512	1	0.945	1.79198360119282e-159	"7"	"XRCC5"
6.95852121979952e-164	0.576766584302066	0.985	0.958	2.54688835165882e-159	"6"	"PGRMC1"
7.74979261953738e-164	0.579466605951414	0.508	0.326	2.83650159667688e-159	"2"	"EFTUD2"
8.7004403518244e-164	0.711651665843502	0.354	0.2	3.18444817317125e-159	"2"	"PARP9"
9.41455186674584e-164	0.81181571764168	0.262	0.132	3.44582012874764e-159	"2"	"IQCE"
9.97963952921232e-164	0.728215926261085	0.26	0.142	3.652647864087e-159	"0"	"ST20-AS1"
1.09970738798093e-163	0.997855710263352	0.641	0.483	4.02503901074901e-159	"5"	"FOXD1"
1.13905505006756e-163	1.02679585284889	0.378	0.234	4.16905538875229e-159	"3"	"ISOC1"
1.37359218588662e-163	0.586062175252473	0.759	0.619	5.02748475956363e-159	"4"	"EDNRB"
1.87944812270087e-163	2.24691272158424	0.497	0.108	6.87896807389745e-159	"7"	"ETV5"
2.63970506242209e-163	1.04179939953604	0.677	0.496	9.6615844989711e-159	"6"	"BAG4"
2.84618602035254e-163	0.574955167637642	0.943	0.824	1.04173254530923e-158	"6"	"ODC1"
3.03355258726406e-163	1.51619806861265	0.414	0.2	1.11031058246452e-158	"6"	"MAFB"
3.17781584151269e-163	0.529074423824545	0.603	0.478	1.16311237615206e-158	"1"	"HMGCS1"
4.79543801321707e-163	1.68863751405219	0.376	0.175	1.75517826721758e-158	"6"	"FJX1"
5.40493075619209e-163	0.788314509388788	0.289	0.152	1.97825870607387e-158	"2"	"PLXNA1"
6.23497791094762e-163	0.669525455858142	0.363	0.206	2.28206426518594e-158	"2"	"OFD1"
8.40228962894328e-163	2.41626062463502	0.547	0.134	3.07532202708953e-158	"7"	"MSH2"
8.80896601973588e-163	0.51414059039358	0.561	0.369	3.22416965288353e-158	"2"	"CHTF8"
8.92403486585434e-163	0.794928788497801	0.927	0.918	3.26628600125135e-158	"5"	"EIF1B"
8.98584363809315e-163	2.09167274538887	0.585	0.144	3.28890862997847e-158	"7"	"PRIM2"
1.23670587166077e-162	0.629897110380779	0.279	0.155	4.52646716086558e-158	"0"	"CMTM8"
2.28723597203641e-162	0.591077508292795	0.338	0.202	8.37151238125046e-158	"0"	"ARSD"
3.28983715980893e-162	5.9376367320508	0.514	0.045	1.20411329886167e-157	"8"	"PPP1R14A"
3.79900974637927e-162	0.946107544814295	0.752	0.651	1.39047555727228e-157	"4"	"GPX3"
4.75914297454053e-162	1.53217490851208	0.314	0.127	1.74189392011158e-157	"6"	"SNTB1"
6.07123404699241e-162	2.01581083528813	0.731	0.24	2.22213237353969e-157	"7"	"EXOSC9"
6.77354915976798e-162	1.17056107816444	1	0.997	2.47918672796668e-157	"7"	"ANXA5"
6.92740255789305e-162	0.777993428486956	0.302	0.161	2.53549861021443e-157	"2"	"CMIP"
1.06218348867752e-161	1.20842070526516	0.56	0.347	3.88769778690859e-157	"6"	"DIP2C"
1.12496231264819e-161	0.60686852088867	0.314	0.184	4.11747456052365e-157	"0"	"GOLGA8A"
1.3986906574236e-161	0.614284138226867	0.385	0.223	5.11934767523613e-157	"2"	"RTN2"
2.30828298945851e-161	0.765246133519483	0.96	0.943	8.4485465697171e-157	"6"	"NUPR1"
2.79875033548573e-161	1.06459935163023	0.994	0.94	1.02437061029113e-156	"7"	"PRKDC"
3.35371628164969e-161	1.31698005102784	0.407	0.193	1.2274936962466e-156	"6"	"MVK"
3.65478260212046e-161	0.622940893115854	0.377	0.217	1.33768698020211e-156	"2"	"TBC1D1"
4.87742041335913e-161	0.997321000841668	1	0.934	1.78518464549357e-156	"7"	"BANF1"
7.06644185102209e-161	0.508522852137704	0.378	0.232	2.58638838189259e-156	"0"	"ACYP1"
7.14787054119465e-161	0.616439784497137	0.458	0.309	2.61619209678266e-156	"0"	"CTPS1"
1.20668795870503e-160	0.614577609149989	0.648	0.552	4.4165985976563e-156	"1"	"SLC66A1L"
1.53069628038136e-160	0.777708419390816	0.3	0.161	5.6025014558238e-156	"2"	"MAPKAPK3"
1.6039489310713e-160	0.77922683351156	0.272	0.14	5.87061348261405e-156	"2"	"TRANK1"
2.17347649552992e-160	0.605590202355029	0.442	0.271	7.95514132128907e-156	"2"	"NUMBL"
2.73804939434665e-160	0.560033762873378	0.487	0.307	1.00215345882482e-155	"2"	"CNTLN"
3.17411159740253e-160	0.70070393001899	0.848	0.701	1.1617565857653e-155	"6"	"CMC2"
3.89324423592169e-160	0.627347377162096	0.385	0.243	1.4249663227897e-155	"0"	"IFT80"
4.20475709869294e-160	0.608035260697429	0.426	0.256	1.5389831456926e-155	"2"	"DXO"
7.04779305656028e-160	0.60480795042471	0.551	0.369	2.57956273663163e-155	"2"	"LPCAT4"
8.26154652252007e-160	0.509115787316014	0.418	0.266	3.02380864270757e-155	"0"	"SNHG14"
9.20947057288331e-160	0.749904193249402	0.955	0.92	3.37075832438102e-155	"4"	"IGFBP6"
1.07591883888358e-159	0.971334324828415	0.544	0.343	3.93797054219781e-155	"5"	"FIBIN"
1.14087203466856e-159	0.93589356518025	0.708	0.529	4.17570573409041e-155	"6"	"QDPR"
1.33609006987151e-159	0.672797466033245	0.396	0.236	4.89022326473673e-155	"2"	"TPMT"
1.5403883329838e-159	0.565649662490621	0.537	0.354	5.63797533755399e-155	"2"	"PTBP3"
1.61865521285131e-159	0.748265604797313	0.822	0.672	5.92443994455708e-155	"6"	"MRPL15"
1.91918124163011e-159	1.07040734215477	0.607	0.396	7.02439526249037e-155	"6"	"SPR"
2.71510033060849e-159	0.617429945338994	0.435	0.266	9.93753872006014e-155	"2"	"MLH1"
4.94318635926387e-159	1.58785530492339	0.958	0.535	1.80925563935417e-154	"7"	"THOC3"
5.95287230835765e-159	0.641697937245404	0.359	0.205	2.17881079358198e-154	"2"	"HNMT"
6.17262560110398e-159	0.514019769522958	0.831	0.785	2.25924269626007e-154	"4"	"TMEM35B"
6.52928076968778e-159	0.707889598624391	0.429	0.266	2.38978205451342e-154	"2"	"SKP2"
7.87996051025052e-159	2.32060882124951	0.435	0.085	2.88414434635679e-154	"7"	"SVIP"
8.89184489821891e-159	0.599603447758804	0.405	0.24	3.2545041511971e-154	"2"	"DGKZ"
9.34268917047325e-159	0.90273489335994	0.695	0.476	3.41951766328492e-154	"6"	"LSS"
9.71147451643628e-159	0.760510973400609	0.287	0.152	3.55449678776084e-154	"2"	"RASSF8"
1.16331751137897e-158	0.667461555170359	0.391	0.232	4.25785842339815e-154	"2"	"FAM168A"
1.47804239137372e-158	1.2313339354343	0.511	0.292	5.40978295666696e-154	"6"	"RREB1"
1.48948578286343e-158	0.557501286585373	0.49	0.311	5.45166691385844e-154	"2"	"TLCD5"
2.09615144822174e-158	1.72918754904914	0.972	0.586	7.67212391563641e-154	"7"	"TUBB3"
2.36395159654838e-158	1.14592187988566	0.544	0.387	8.65229923852674e-154	"5"	"MTFR1"
3.27984713480771e-158	0.895702543822581	0.404	0.27	1.20045684981097e-153	"1"	"PLXNA4"
3.55647211395575e-158	3.65494940597002	0.263	0.035	1.30170435842894e-153	"7"	"HIST1H2AM"
3.82237771294423e-158	0.731908766556844	0.313	0.171	1.39902846671472e-153	"2"	"DTX3L"
4.33004075516753e-158	0.545212581843352	0.545	0.36	1.58483821679887e-153	"2"	"UTRN"
4.36844423900412e-158	0.612306189588381	0.286	0.163	1.5988942759179e-153	"0"	"SPAG4"
5.86836424038351e-158	0.618788931457149	0.399	0.236	2.14787999562277e-153	"2"	"TMEM39B"
6.67588728242044e-158	0.549943575863632	0.514	0.334	2.44344150423871e-153	"2"	"EPN2"
8.69903915687534e-158	1.03633059918627	0.325	0.186	3.18393532180794e-153	"3"	"MVK"
9.11159515113556e-158	0.513664443212755	0.622	0.43	3.33493494126713e-153	"2"	"SPTLC2"
1.12810869807937e-157	0.507422873271014	0.448	0.294	4.12899064584029e-153	"0"	"PSD3"
1.16031764366258e-157	0.613605735384791	0.362	0.206	4.2468786075694e-153	"2"	"TMEM234"
1.30943136753441e-157	0.67060693325516	0.798	0.694	4.7926497483127e-153	"5"	"TTC17"
1.5520736594149e-157	1.05614460835104	0.284	0.149	5.68074480082446e-153	"3"	"ABCD2"
1.56950299515565e-157	0.561641144112573	0.594	0.415	5.74453791256921e-153	"2"	"MXI1"
1.97574020950737e-157	0.613513873211682	0.881	0.831	7.23140674081791e-153	"5"	"DNAJC1"
2.63446395142359e-157	0.514118937629029	0.958	0.897	9.64240150860547e-153	"6"	"MRPL14"
3.02514544765463e-157	0.743349900818724	0.293	0.156	1.10723348529607e-152	"2"	"S1PR2"
3.08475653165327e-157	2.02716591039447	0.567	0.138	1.12905173815042e-152	"7"	"PPP2R3B"
3.70072034085291e-157	0.637033175045314	0.749	0.691	1.35450065195557e-152	"3"	"ME1"
4.50699658642443e-157	2.53043531612701	0.469	0.103	1.6496058205972e-152	"7"	"P3H2"
4.70462402673138e-157	0.916238181864289	0.698	0.507	1.72193944002395e-152	"6"	"COQ9"
4.84889712002478e-157	2.12904223621768	0.461	0.095	1.77474483490027e-152	"7"	"LRRCC1"
5.82799809380195e-157	1.74751157791759	0.794	0.283	2.13310558231245e-152	"7"	"PEG10"
6.85630885105277e-157	0.636485952138058	0.278	0.159	2.50947760257383e-152	"0"	"SSX2IP"
7.37911820029699e-157	2.25502303191262	0.419	0.081	2.7008310524907e-152	"7"	"RFWD3"
7.81060835260891e-157	0.51522634117321	0.698	0.608	2.85876076313839e-152	"1"	"MSMO1"
9.36382475610408e-157	1.63706103649766	0.276	0.105	3.42725349898165e-152	"6"	"ATP6V0E2"
1.10137561263725e-156	0.63760079867534	0.38	0.223	4.03114487981359e-152	"2"	"DSTYK"
2.10417271964306e-156	0.597658651543698	0.355	0.22	7.70148257116556e-152	"0"	"EGFL7"
2.8214212200593e-156	0.60963198084662	0.455	0.287	1.03266838075391e-151	"2"	"SMAD1"
3.04805421941317e-156	1.12624928931397	0.99	0.835	1.11561832484741e-151	"7"	"LSM3"
3.28281916443756e-156	0.872055361015736	0.446	0.298	1.20154464237579e-151	"3"	"TCF7L1"
3.72807133029081e-156	0.965827490387364	0.376	0.249	1.36451138759974e-151	"1"	"ZNF436"
4.13244736127431e-156	0.828183812801591	0.265	0.137	1.51251705870001e-151	"2"	"CCDC9"
4.8220472801288e-156	0.659751481778216	0.352	0.201	1.76491752499994e-151	"2"	"KIF3A"
5.7604180854267e-156	2.3870368514116	0.341	0.056	2.10837062344703e-151	"7"	"C5orf34"
6.26428217702023e-156	1.21488168584977	0.801	0.693	2.29278991961117e-151	"6"	"ME1"
8.33347823070842e-156	0.85486144689002	0.452	0.309	3.05013636722159e-151	"3"	"NUDT8"
9.03044692079752e-156	0.539705667810406	0.394	0.249	3.3052338774811e-151	"0"	"GMDS"
1.05371293770752e-155	0.968488767733019	0.663	0.465	3.85669472330328e-151	"6"	"ZYG11B"
1.45064703763751e-155	1.28841220980492	0.992	0.793	5.30951322245704e-151	"7"	"PSMC3"
1.64986727545384e-155	0.786152449686066	0.252	0.126	6.03867921488859e-151	"2"	"RGL2"
1.75601587533809e-155	1.26909543489883	0.455	0.242	6.42719370532496e-151	"6"	"SELENOI"
1.76370342179097e-155	0.583244844221955	0.451	0.279	6.45533089409712e-151	"2"	"PUS7L"
2.06332254616759e-155	1.29172292011762	0.375	0.17	7.551966851228e-151	"6"	"ZNF589"
2.14734116449385e-155	0.7888295418287	0.794	0.643	7.85948339616396e-151	"6"	"MRPS17"
2.23238040911799e-155	0.799839865869793	0.805	0.671	8.17073553541276e-151	"6"	"CRLS1"
2.71404787168207e-155	0.73077787087869	0.322	0.179	9.93368661514354e-151	"2"	"CTF1"
3.04505750710925e-155	0.574558073362754	0.705	0.652	1.11452149817705e-150	"1"	"CREB3L2"
3.09109441110452e-155	0.612905794942983	0.661	0.538	1.13137146540837e-150	"3"	"SESTD1"
3.968062129019e-155	0.737111273756758	0.824	0.696	1.45235041984224e-150	"6"	"FH"
4.38629487397749e-155	0.656244186703255	0.399	0.242	1.6054277868245e-150	"3"	"CES1"
4.77206570719091e-155	2.30577261182579	0.395	0.073	1.74662376948894e-150	"7"	"ZNF714"
5.12812984965701e-155	0.563843310056885	0.453	0.279	1.87694680627296e-150	"2"	"SLC41A3"
5.56935805972233e-155	2.18825124963655	0.607	0.167	2.03844074343897e-150	"7"	"ARSJ"
6.09497813507588e-155	0.692945195485433	0.337	0.191	2.23082294721912e-150	"2"	"CYLD"
9.97185222959611e-155	0.734579567823492	1	0.992	3.64979763455447e-150	"7"	"MZT2B"
1.04031416786689e-154	0.568746089226722	0.915	0.824	3.80765388580962e-150	"6"	"LSM4"
1.32460042535934e-154	0.7632219511886	0.299	0.161	4.84817001685771e-150	"2"	"OPN3"
1.38796981250617e-154	1.78926633823986	0.792	0.28	5.08010831075384e-150	"7"	"CENPS"
1.82603835168896e-154	0.555865350787572	0.454	0.28	6.68348297101677e-150	"2"	"SLC25A43"
2.08126148005961e-154	1.31912897526054	0.992	0.861	7.61762514316618e-150	"7"	"KPNB1"
2.17365841531781e-154	0.812526768820667	0.491	0.347	7.95580716590471e-150	"3"	"ETFDH"
2.1835029739901e-154	0.784744254950661	0.787	0.603	7.99183923510117e-150	"6"	"ZSCAN16-AS1"
2.21969494572879e-154	0.52876192930451	0.537	0.355	8.12430547086194e-150	"2"	"ASB1"
2.84243028080176e-154	0.562547539161348	0.938	0.889	1.04035790707625e-149	"6"	"NDUFV1"
4.19762865470765e-154	0.92146036976824	0.778	0.654	1.53637406390955e-149	"5"	"GPX3"
4.68837254980296e-154	2.75284462061745	0.255	0.033	1.71599123695338e-149	"7"	"XRCC3"
5.32841537824011e-154	0.688997315269514	0.84	0.707	1.95025331258966e-149	"5"	"ANGPTL4"
6.66766871199718e-154	0.720041527243931	0.307	0.168	2.44043342527809e-149	"2"	"EFL1"
8.50938982064766e-154	0.520297780621709	0.59	0.406	3.11452176825525e-149	"2"	"TRIM25"
8.76599188040457e-154	0.962291942292874	0.452	0.316	3.20844068814688e-149	"3"	"FAM49B"
8.86241225123145e-154	0.686529075686306	0.328	0.183	3.24373150807322e-149	"2"	"MICAL3"
1.24684061504349e-153	0.550628894581045	0.331	0.199	4.56356133512067e-149	"0"	"SNX24"
1.4527758644134e-153	0.978191409887492	0.596	0.47	5.3173049413395e-149	"4"	"OLFML2B"
1.73625460601678e-153	0.559634878599864	0.537	0.358	6.35486548348201e-149	"2"	"NFKB1"
3.12496146607716e-153	0.517489296622451	0.378	0.236	1.1437671461989e-148	"0"	"LRFN4"
4.0296691698329e-153	1.03030640654412	0.366	0.228	1.47489921285054e-148	"3"	"ZDHHC18"
4.0970609971813e-153	0.840639268639837	0.255	0.131	1.49956529557833e-148	"2"	"SLC1A3"
4.22119302905282e-153	0.671791294242972	0.348	0.199	1.54499886056362e-148	"2"	"SARS2"
4.55688076626344e-153	0.74387489615973	0.292	0.157	1.66786392926008e-148	"2"	"GTF2H2C"
5.09385828620578e-153	1.10132794416071	0.325	0.192	1.86440307133418e-148	"3"	"MOCS1"
6.15539151471469e-153	1.8055567425303	0.796	0.295	2.25293484830072e-148	"7"	"NUP107"
7.04988156493595e-153	1.3816270467557	0.507	0.301	2.58032715158221e-148	"6"	"EMILIN2"
7.2443283645849e-153	0.530684579139697	0.457	0.283	2.65149662472172e-148	"2"	"C14orf132"
1.32651763376221e-152	0.599311068991526	0.914	0.829	4.85518719133307e-148	"6"	"UBE2M"
1.38143231414338e-152	0.710729567493763	0.589	0.458	5.05618041299617e-148	"3"	"TMEM97"
1.85437707820526e-152	0.656125912567133	0.379	0.225	6.78720554393906e-148	"2"	"IRX5"
5.1336969776922e-152	0.537937592730881	0.485	0.309	1.87898443080512e-147	"2"	"SYMPK"
6.76570751153067e-152	1.4954129518524	0.998	0.804	2.47631660629534e-147	"7"	"COTL1"
8.57779390825293e-152	2.18131056714822	0.876	0.389	3.13955834835965e-147	"7"	"GLIPR1"
1.0076812289513e-151	0.631783009478295	0.371	0.217	3.68821406608466e-147	"2"	"TAF1B"
1.03881455926254e-151	0.708568641606937	0.297	0.161	3.80216516835683e-147	"2"	"FGGY"
1.07306135694078e-151	2.91691391224493	0.99	0.94	3.92751187253893e-147	"7"	"HIST1H4C"
1.11355089883298e-151	0.805550719163751	0.713	0.481	4.07570764481858e-147	"6"	"DHCR7"
1.29624269661715e-151	0.544595760803555	0.971	0.901	4.74437789388845e-147	"6"	"LAMA4"
2.35704487449143e-151	0.581176957227695	0.447	0.279	8.62701994512607e-147	"2"	"ZBED1"
2.46081125629841e-151	0.762877548701353	0.526	0.423	9.0068152791778e-147	"1"	"KIF7"
3.00746406509904e-151	0.77647624749359	0.499	0.379	1.1007619224669e-146	"1"	"MRGPRF"
3.4284179610834e-151	1.86812494076728	0.904	0.46	1.25483525793614e-146	"7"	"CTNNAL1"
3.79859088272559e-151	0.536343019436993	0.341	0.208	1.39032224898639e-146	"0"	"LRIG3"
3.98879949829229e-151	1.95046101935938	0.707	0.225	1.45994050436996e-146	"7"	"PARP2"
5.08194616619483e-151	0.500270123550537	0.58	0.396	1.86004311628897e-146	"2"	"HOOK2"
5.62770157488802e-151	0.778327038637066	0.501	0.387	2.05979505342477e-146	"1"	"PLEKHF1"
1.19043968610389e-150	0.677886957408815	0.654	0.519	4.35712829510886e-146	"4"	"COL14A1"
1.20186758639251e-150	0.835265042178283	0.469	0.313	4.39895555295523e-146	"2"	"TGM2"
1.79803467490445e-150	2.17430318827749	0.429	0.086	6.58098671361779e-146	"7"	"POLE"
2.1370848300281e-150	1.12482163466635	0.272	0.145	7.82194418638585e-146	"3"	"PRRT3-AS1"
2.43252128311995e-150	0.932222042225015	0.609	0.438	8.90327114834734e-146	"5"	"ERAP1"
2.79304678446087e-150	0.646762185865351	1	0.996	1.02228305358052e-145	"7"	"SUMO2"
3.93431447534226e-150	2.39844910677511	0.453	0.099	1.43999844112002e-145	"7"	"EHD4"
4.65891438627017e-150	0.814370182575362	0.561	0.445	1.70520925451875e-145	"4"	"CORO2B"
5.62594764470106e-150	1.11939826331665	0.582	0.384	2.05915309743704e-145	"6"	"PIEZO1"
7.1311168405529e-150	0.521906594488049	0.803	0.748	2.61006007481077e-145	"3"	"ELOVL1"
1.06564043251168e-149	0.540444385985522	0.334	0.202	3.900350547036e-145	"0"	"ULK1"
1.15894012290717e-149	1.17430149680737	1	0.909	4.24183674385252e-145	"7"	"HNRNPAB"
1.24875398156237e-149	0.562016370252899	0.928	0.84	4.57056444791645e-145	"6"	"SIGMAR1"
1.2914447827004e-149	0.644082707732988	0.868	0.751	4.72681704916175e-145	"6"	"TIMM23"
2.17921084638816e-149	0.626246663312124	0.377	0.223	7.97612961886529e-145	"2"	"FAIM"
2.46927182641899e-149	0.676492398834672	0.855	0.743	9.03778181187616e-145	"6"	"MRPL21"
3.08902912886428e-149	0.685234800090941	0.335	0.192	1.13061555145562e-144	"2"	"KANSL3"
4.25208983812047e-149	0.571332732247687	0.913	0.838	1.55630740165047e-144	"6"	"MRPS33"
4.56185775589834e-149	0.656398723220039	0.34	0.194	1.66968555723635e-144	"2"	"TCEA3"
5.70355436794914e-149	0.607254124934139	0.559	0.41	2.08755793421306e-144	"0"	"C5orf30"
6.47240786739482e-149	0.519626165758742	0.521	0.34	2.36896600354518e-144	"2"	"NLN"
8.90664539283785e-149	0.555751083450271	0.511	0.337	3.25992128023258e-144	"2"	"PARP4"
9.12701440410581e-149	1.49003516360162	0.952	0.632	3.34057854204677e-144	"7"	"SSRP1"
9.93435304133594e-149	0.680748824159313	0.845	0.701	3.63607255665937e-144	"6"	"EIF3J"
1.24354874214157e-148	0.54767623762243	0.487	0.312	4.55151275111236e-144	"2"	"POGLUT3"
1.34256426599149e-148	0.662720283840958	0.84	0.698	4.91391946995544e-144	"6"	"TMEM126A"
1.47032351397999e-148	0.654250144919874	0.604	0.486	5.38153109351817e-144	"3"	"NAPRT"
1.54717735136985e-148	0.717251228730959	0.535	0.382	5.66282382374877e-144	"3"	"BMPER"
2.81716983392508e-148	1.14598225274384	0.518	0.307	1.03111233091492e-143	"6"	"CHCHD4"
3.50655140672607e-148	0.613425333443818	0.538	0.404	1.28343288037581e-143	"0"	"USP53"
3.53407620565809e-148	0.670717583271275	0.854	0.723	1.29350723203292e-143	"6"	"MRPL2"
3.54697910020024e-148	0.593901357295836	0.391	0.233	1.29822982046429e-143	"2"	"WDFY2"
5.60376311010344e-148	0.970296827206004	0.635	0.429	2.05103333592896e-143	"6"	"LTV1"
8.35691720215777e-148	1.05338682958331	1	0.991	3.05871526516177e-143	"7"	"CALR"
1.19123124294041e-147	0.657832357230786	0.325	0.182	4.36002547228619e-143	"2"	"NOL12"
2.72166911187975e-147	0.510871494644426	0.536	0.355	9.96158111639108e-143	"2"	"PHF11"
2.87024541280976e-147	0.52658919650882	0.753	0.674	1.0505385235425e-142	"3"	"WBP2"
2.9146886706306e-147	1.9203826466231	0.739	0.254	1.06680520033751e-142	"7"	"G2E3"
2.91978056230476e-147	0.51803152181962	0.884	0.825	1.06866888360916e-142	"4"	"MARCKSL1"
3.08875737616727e-147	0.789413798104251	0.268	0.142	1.13051608725098e-142	"2"	"PTPN21"
4.73710489719193e-147	0.520466602286566	0.96	0.907	1.73382776342122e-142	"6"	"UQCRC1"
5.15569042433844e-147	0.553166976340351	0.763	0.695	1.88703425221211e-142	"4"	"ZCCHC24"
5.70299295905223e-147	0.655239735286092	0.651	0.542	2.08735245294271e-142	"3"	"POLR1E"
5.92010201500466e-147	0.947123272772018	1	0.995	2.16681653851186e-142	"7"	"ENO1"
6.19870129476935e-147	3.23454924567639	0.265	0.038	2.26878666089853e-142	"7"	"RGS4"
8.75288347843363e-147	0.771853188501339	0.49	0.348	3.20364288194149e-142	"1"	"IGFBP2"
9.16653373339028e-147	0.73386808020417	0.259	0.134	3.35504301175818e-142	"2"	"AC145124.1"
1.03052062794177e-146	0.547199458453032	0.324	0.195	3.77180855032966e-142	"0"	"TBX18"
1.18207262866589e-146	1.22749132849763	0.288	0.163	4.32650402818002e-142	"3"	"HLA-DMA"
1.39189417947982e-146	0.563681581996633	0.499	0.34	5.0944718863141e-142	"0"	"SLC2A3"
2.04219892180492e-146	0.800876090872758	0.767	0.721	7.47465227369817e-142	"5"	"TMEM243"
2.78299133149507e-146	0.728898627404408	0.421	0.282	1.01860265724051e-141	"1"	"APOL4"
4.16770028074784e-146	1.18434760855848	0.739	0.73	1.52541997975652e-141	"5"	"NANS"
4.39626220088418e-146	4.80590242024312	0.652	0.083	1.60907592814562e-141	"8"	"EDIL3"
6.03263442863942e-146	0.765889656471241	0.77	0.609	2.20800452722631e-141	"6"	"TFAM"
6.30600009650759e-146	1.08707516696771	0.597	0.464	2.30805909532274e-141	"5"	"SNHG1"
7.2433636921477e-146	0.757810559368762	0.289	0.158	2.65114354496298e-141	"2"	"TRAK1"
9.30783901450279e-146	0.626604182967601	0.352	0.205	3.40676215769817e-141	"2"	"TICAM2"
1.11215768655645e-145	2.0486865645875	0.571	0.152	4.07060834856527e-141	"7"	"MYO19"
1.13162515340513e-145	0.93060192585449	0.639	0.486	4.14186122397812e-141	"5"	"ADAM17"
1.13902843748348e-145	0.835567587809345	0.77	0.621	4.16895798403328e-141	"6"	"DESI1"
1.19595739266587e-145	1.25222227388332	0.371	0.24	4.37732365289634e-141	"4"	"CLEC2B"
1.34628882695089e-145	0.627584168559355	0.388	0.234	4.92755173552296e-141	"2"	"NDST2"
1.96165381601845e-145	0.566176221619843	0.913	0.824	7.17984913200912e-141	"6"	"TAF9"
2.06537628368446e-145	0.99787814883863	0.681	0.592	7.55948373591351e-141	"5"	"BET1"
2.41355478410159e-145	2.59748844173188	0.319	0.053	8.83385186529024e-141	"7"	"ZNF93"
4.89290396001684e-145	1.61080582980193	0.32	0.165	1.79085177840576e-140	"5"	"SLFN11"
8.37555083520986e-145	2.00732062501165	0.525	0.129	3.06553536119516e-140	"7"	"WRAP53"
9.13619486659369e-145	1.55206795692724	0.928	0.537	3.34393868312196e-140	"7"	"EXOSC8"
1.55097875769575e-144	1.36588965264411	0.998	0.782	5.67673735104222e-140	"7"	"TPM1"
1.91298055392716e-144	0.544410285766903	0.448	0.28	7.0017001254288e-140	"2"	"TCF3"
1.990836160298e-144	1.26539388002384	0.782	0.659	7.28665943030671e-140	"6"	"ACSL4"
2.42430029977867e-144	1.68119471552748	0.89	0.408	8.87318152721991e-140	"7"	"PFKP"
4.24171427614135e-144	0.560929365540387	0.29	0.169	1.55250984221049e-139	"0"	"FNDC10"
4.25575487746875e-144	0.756910869559565	0.521	0.414	1.55764884270234e-139	"1"	"VIT"
4.52751646822534e-144	0.935806050632985	0.659	0.469	1.65711630253516e-139	"6"	"UCHL5"
4.61929869490575e-144	1.10925379649824	0.986	0.885	1.69070951532245e-139	"7"	"SRSF3"
5.5664735747414e-144	0.756490582008891	0.256	0.146	2.0373849930911e-139	"0"	"IL32"
6.6086625087263e-144	0.642117346186775	0.317	0.178	2.41883656481891e-139	"2"	"TCP11L1"
7.49983628755307e-144	2.10317941786716	0.625	0.184	2.7450150796073e-139	"7"	"HYLS1"
7.504556389842e-144	0.524805027000669	0.321	0.194	2.74674268424607e-139	"0"	"UNKL"
8.0410872921924e-144	0.591327077829517	0.893	0.779	2.94311835981534e-139	"6"	"CD46"
1.08126107806234e-143	0.514770357147895	0.515	0.34	3.95752367181595e-139	"2"	"FNBP1"
1.24572839504753e-143	1.1069442349301	0.986	0.868	4.55949049871346e-139	"7"	"SNRPD1"
1.34130699590214e-143	0.578140369993419	0.41	0.251	4.90931773570142e-139	"2"	"TTLL1"
1.73530143372718e-143	0.532280494400624	0.438	0.272	6.35137677758485e-139	"2"	"PHF1"
1.88720101989185e-143	1.62897867081614	0.27	0.107	6.90734445290616e-139	"6"	"JAG1"
1.91250294872547e-143	0.74448481816202	0.811	0.672	6.99995204263011e-139	"6"	"TMX2"
2.31766706494446e-143	1.74068719023018	0.481	0.345	8.48289322440323e-139	"2"	"ANKRD37"
2.74310870233272e-143	1.22249039242217	0.504	0.294	1.0040052161408e-138	"6"	"RAB20"
3.13307947174758e-143	2.11096090614407	0.407	0.081	1.14673841745433e-138	"7"	"FANCM"
4.535901882301e-143	0.73159521006077	0.833	0.711	1.66018544794099e-138	"6"	"ZFAND6"
4.84181836876185e-143	1.90564881509063	0.707	0.238	1.77215394115053e-138	"7"	"CCDC18"
5.87518374606885e-143	0.677579311828904	0.305	0.17	2.15037600289866e-138	"2"	"KLHL5"
6.07714228768516e-143	0.585995785061267	0.895	0.801	2.22429484871565e-138	"6"	"SPAG7"
6.39985876884545e-143	0.730271813036149	0.283	0.154	2.34241230798512e-138	"2"	"STARD13"
7.14348293428816e-143	1.40754954977536	1	0.985	2.61458618877881e-138	"7"	"LMNA"
8.54595318373409e-143	1.52400844640629	0.808	0.294	3.12790432477851e-138	"7"	"CYTOR"
8.92551144471371e-143	0.520546192478754	0.542	0.365	3.26682644387967e-138	"2"	"RABGEF1"
1.13961638707664e-142	0.979507313248604	0.344	0.206	4.1711099383392e-138	"4"	"TNXB"
1.65431163331889e-142	1.22901874995358	1	0.974	6.05494600911045e-138	"7"	"DRAP1"
1.76155932951756e-142	0.636010079883867	0.381	0.231	6.44748330196721e-138	"2"	"BAZ2B"
1.86477664882388e-142	0.732441611889902	0.728	0.621	6.82526901236027e-138	"5"	"EDEM2"
1.90001486589233e-142	1.29124092370345	0.984	0.759	6.95424441065252e-138	"7"	"CENPX"
2.32111705354233e-142	0.518768019757632	0.583	0.404	8.49552052767029e-138	"2"	"LACTB"
6.3862037104565e-142	0.591443433852467	0.96	0.96	2.33741442006418e-137	"5"	"TCEA1"
7.8410683974686e-142	0.52014134147857	0.755	0.636	2.86990944415748e-137	"4"	"SH3PXD2B"
8.55531609164543e-142	0.510839035549576	0.532	0.356	3.13133124270314e-137	"2"	"POLDIP3"
8.98933354826015e-142	0.853959735572463	0.782	0.667	3.2901859719987e-137	"5"	"H1F0"
9.76891005082305e-142	1.26030246598471	1	0.974	3.57551876770174e-137	"7"	"CLIC1"
1.146303474897e-141	0.51578437419738	0.524	0.349	4.19558534847052e-137	"2"	"DPP9"
1.34434357111233e-141	0.669608838235132	0.295	0.162	4.92043190462824e-137	"2"	"GABRE"
1.36894724040726e-141	1.50891883626916	0.968	0.539	5.01048379461462e-137	"7"	"CDC42EP3"
1.71175977427605e-141	0.578645769838855	0.871	0.837	6.26521194982778e-137	"5"	"STT3A"
2.51001547385835e-141	0.540287851078494	0.528	0.399	9.18690763586893e-137	"1"	"C2CD2"
2.67930040054705e-141	1.377760017926	0.994	0.866	9.80650739604226e-137	"7"	"FUS"
2.9850606478029e-141	1.36642231006356	0.347	0.158	1.09256204770234e-136	"6"	"ABCD2"
3.67284403424915e-141	0.558405240743818	0.404	0.248	1.34429764497553e-136	"2"	"TP53BP2"
4.30566909911794e-141	0.540034115851031	0.458	0.292	1.57591794696816e-136	"2"	"THG1L"
4.49729982106097e-141	0.569513701417579	0.902	0.803	1.64605670750653e-136	"6"	"MRPL24"
6.38406643471213e-141	0.551913945890006	0.494	0.323	2.33663215576899e-136	"2"	"ANKRD50"
8.19668155634861e-141	0.577917868871185	0.675	0.569	3.00006741643916e-136	"3"	"PPM1B"
8.43248313258043e-141	1.03968152295305	0.992	0.901	3.08637315135576e-136	"7"	"SIVA1"
9.27423197134896e-141	0.748114803937356	0.683	0.576	3.39446164383343e-136	"4"	"CTSC"
1.03040060903257e-140	0.526117361585003	0.288	0.169	3.77136926912012e-136	"0"	"CHN1"
1.15273595558102e-140	0.687731592180266	0.305	0.178	4.2191288710221e-136	"1"	"GPBAR1"
1.38105339884656e-140	0.9669254508393	0.996	0.974	5.05479354511831e-136	"7"	"YWHAQ"
1.44747243322753e-140	0.504828322455962	0.549	0.371	5.29789385285607e-136	"2"	"MGRN1"
2.09297010318878e-140	0.707525206421655	1	0.992	7.66047987468127e-136	"7"	"RAC1"
3.45447623285126e-140	0.82104720702055	0.711	0.525	1.26437284598589e-135	"6"	"DAZAP1"
3.91388538670114e-140	0.690670100845947	0.279	0.15	1.43252119038648e-135	"2"	"FYCO1"
4.59116629676125e-140	1.01824643079071	0.538	0.408	1.68041277627759e-135	"4"	"MASP1"
4.66840184430946e-140	0.632998100278762	0.845	0.694	1.70868175903571e-135	"6"	"FOXN3"
4.77539765055464e-140	1.20651535596683	0.998	0.891	1.7478432940795e-135	"7"	"PSMD2"
5.34601331196116e-140	1.43630827276698	0.679	0.572	1.95669433231091e-135	"4"	"MGP"
6.36036901102372e-140	0.719394081734646	0.291	0.161	2.32795866172479e-135	"2"	"CAPRIN2"
7.03427749697286e-140	0.510702938098329	0.289	0.155	2.57461590666704e-135	"2"	"SLFN11"
7.37802281103982e-140	0.740087743673702	0.252	0.132	2.70043012906869e-135	"2"	"NEIL2"
8.73567815893671e-140	0.53314198605411	0.471	0.303	3.19734556295243e-135	"2"	"MMS19"
1.50636189763948e-139	0.775651459988083	0.395	0.25	5.51343518155024e-135	"3"	"ZNF436"
1.63576959099272e-139	0.873479952564625	0.27	0.148	5.98708027999244e-135	"2"	"HSPA2"
1.63917854862359e-139	0.534263155541273	0.466	0.301	5.99955740581721e-135	"2"	"BRD9"
2.08068768838711e-139	0.885376703894279	0.863	0.866	7.61552500826566e-135	"5"	"SRP19"
2.12961881118791e-139	0.776762299319671	0.745	0.578	7.79461781082887e-135	"6"	"HIBCH"
2.15394933443492e-139	0.533732217890872	0.948	0.894	7.88366995896525e-135	"6"	"ADRM1"
2.59780153993869e-139	1.68725951480041	0.89	0.437	9.50821341632958e-135	"7"	"HAT1"
2.60524813514133e-139	2.35872732872438	0.361	0.068	9.53546869943076e-135	"7"	"DCLRE1B"
4.47003743455402e-139	2.07763086194073	0.623	0.189	1.63607840142112e-134	"7"	"NES"
5.02437119280426e-139	1.38505074351373	0.99	0.822	1.83897010027829e-134	"7"	"HNRNPD"
5.75633913372169e-139	1.27277211656507	0.378	0.183	2.10687768633348e-134	"6"	"TRHDE-AS1"
7.53976526470023e-139	0.900609781390095	0.743	0.58	2.75962948453293e-134	"6"	"MID1IP1"
7.97753595211182e-139	0.527732993288523	0.469	0.323	2.91985793383245e-134	"0"	"LIFR"
8.42025381106013e-139	0.590465852633697	0.414	0.258	3.08189709738612e-134	"2"	"MPDZ"
9.05881379572343e-139	0.667812932558238	0.269	0.144	3.31561643737273e-134	"2"	"DNAJC18"
1.00958431506337e-138	1.35382568819444	0.481	0.292	3.69517955156344e-134	"6"	"ASH2L"
1.14313760368403e-138	0.948087178282353	0.882	0.834	4.18399794324392e-134	"5"	"NFIL3"
1.41105441466988e-138	1.69896083457856	0.846	0.377	5.16460026313322e-134	"7"	"TEX30"
1.6526976484076e-138	0.615654783510092	0.354	0.225	6.04903866293664e-134	"0"	"HPD"
2.07397032448452e-138	0.53873253846722	0.424	0.264	7.59093878464579e-134	"2"	"SLC1A1"
2.3394252358514e-138	0.984111292529713	0.578	0.434	8.56253030573971e-134	"5"	"WFS1"
3.18064380793918e-138	0.740337953485843	0.27	0.146	1.16414744014382e-133	"2"	"PGM2"
4.06273087925223e-138	0.91254320269717	0.656	0.466	1.48700012911511e-133	"6"	"POM121"
4.95928198499263e-138	0.563803179653304	0.651	0.541	1.81514679932715e-133	"3"	"SAC3D1"
6.26559680873074e-138	0.534665300090661	0.53	0.36	2.29327108796354e-133	"2"	"KLF10"
1.06238995466226e-137	1.53486977421983	0.934	0.525	3.88845347305934e-133	"7"	"MAD2L2"
1.20246800754276e-137	1.50061345520081	0.9	0.441	4.40115315440724e-133	"7"	"ALCAM"
1.37436135045693e-137	0.999894342368097	0.651	0.544	5.03029997880739e-133	"5"	"PREB"
1.6509826050306e-137	0.888625020091825	0.679	0.497	6.0427614326725e-133	"6"	"TIMM21"
2.20512525829205e-137	0.550323824176316	0.759	0.668	8.07097895787475e-133	"4"	"PYCARD"
3.6468856268792e-137	0.811702798302851	0.453	0.319	1.33479660829405e-132	"3"	"STARD4"
4.41404780874256e-137	0.681244987253188	0.796	0.621	1.61558563847786e-132	"6"	"PTPRS"
5.39502206913499e-137	0.649389159685312	0.319	0.183	1.9746320275241e-132	"2"	"SNX8"
5.76853748443409e-137	0.650121272210089	0.296	0.164	2.11134240467772e-132	"2"	"FAM98C"
5.9016832280165e-137	0.607449315908552	0.362	0.215	2.16007507828632e-132	"2"	"BICD1"
7.22195272262128e-137	0.598190901747707	0.344	0.22	2.64330691600661e-132	"0"	"EPHB6"
9.79340832633466e-137	0.592290001146259	0.375	0.227	3.58448538152175e-132	"2"	"TNFRSF10D"
1.09682751557649e-136	1.42879719428029	0.96	0.564	4.01449838976153e-132	"7"	"EMP2"
1.11146306057727e-136	0.696349474693751	0.783	0.597	4.06806594801888e-132	"6"	"CYSTM1"
1.83197770532924e-136	1.25696536020475	0.996	0.833	6.70522159927553e-132	"7"	"FLNA"
1.87375544181099e-136	1.63312589255698	0.894	0.424	6.8581322925724e-132	"7"	"TFPI2"
2.02131907667396e-136	0.869297025245384	0.819	0.626	7.39822995253436e-132	"6"	"PSAT1"
2.82763987975075e-136	1.25254738829759	0.438	0.238	1.03494447238757e-131	"6"	"SLC2A6"
3.00514462358753e-136	1.34629867989704	0.98	0.746	1.09991298367927e-131	"7"	"NASP"
4.32656439905199e-136	0.924733076504133	0.618	0.417	1.58356583569702e-131	"6"	"MCCC2"
5.26025688714361e-136	0.618229038102238	0.878	0.748	1.92530662326343e-131	"6"	"CHCHD7"
1.00396077399012e-135	0.658772769192035	0.504	0.39	3.67459682888125e-131	"1"	"EBP"
1.14077711584692e-135	0.651866165503383	0.986	0.937	4.1753583217113e-131	"5"	"AKR1C1"
1.26839015839059e-135	1.82817774415416	0.671	0.214	4.64243481872541e-131	"7"	"CHEK1"
1.29689132363018e-135	0.559851626233622	0.908	0.818	4.74675193361884e-131	"6"	"UROS"
1.31552424356382e-135	0.654965335369918	0.28	0.152	4.81495028386794e-131	"2"	"TANGO2"
1.42300070548883e-135	0.885863797887759	1	0.99	5.20832488215966e-131	"7"	"PGAM1"
1.63429319199525e-135	1.46346061998354	0.749	0.259	5.98167651202181e-131	"7"	"COLEC12"
1.73855054566006e-135	1.3011360908082	0.982	0.731	6.36326885217039e-131	"7"	"CARHSP1"
1.76079667646512e-135	0.544491288963971	0.931	0.877	6.44469191553e-131	"6"	"PSMB7"
1.81776960961493e-135	0.653736909481068	0.321	0.185	6.65321854815162e-131	"2"	"TBC1D19"
1.97461881074483e-135	0.524466468496082	0.887	0.843	7.22730230920717e-131	"5"	"HSD17B4"
2.29357562109933e-135	0.546412231509469	0.379	0.252	8.39471613078566e-131	"0"	"HLA-DPA1"
3.14051757909222e-135	0.704053415893231	0.256	0.135	1.14946083912354e-130	"2"	"ZNF827"
3.58451409664858e-135	0.506320156729883	0.794	0.687	1.31196800451435e-130	"4"	"PRRX1"
3.89990304851599e-135	2.40294722850547	0.345	0.064	1.42740351478734e-130	"7"	"DDX11"
3.92806324041853e-135	1.10863490768045	0.996	0.923	1.43771042662559e-130	"7"	"HNRNPA3"
3.93334773276921e-135	0.508540050493312	0.955	0.887	1.43964460367086e-130	"5"	"TSKU"
4.41480541082059e-135	0.696434648906603	0.267	0.144	1.61586292841444e-130	"2"	"SUPT3H"
6.55397959251609e-135	0.594709655637658	0.272	0.16	2.39882207065681e-130	"0"	"ULK2"
7.73173508400876e-135	1.07511781412638	0.438	0.264	2.82989235809805e-130	"5"	"HSD17B7"
8.70206116198465e-135	0.697796482931635	0.861	0.823	3.185041405898e-130	"5"	"LARP6"
8.93557006448738e-135	1.04032430349865	0.998	0.926	3.27050799930303e-130	"7"	"ARPC1B"
1.48154428044622e-134	0.747317068373162	0.258	0.139	5.42260022086122e-130	"2"	"AC010618.3"
1.55961647072436e-134	1.33094451805764	0.954	0.607	5.70835224449822e-130	"7"	"TPGS2"
1.86289839172991e-134	1.2277353454873	0.54	0.339	6.81839440357064e-130	"6"	"OLFM2"
2.00495031819538e-134	0.676869214564116	0.264	0.142	7.33831865962691e-130	"2"	"RALGDS"
2.37014221803916e-134	1.05066107754333	0.564	0.366	8.67495753224511e-130	"6"	"GPR180"
2.44901412409963e-134	1.05285255821333	0.302	0.176	8.96363659561704e-130	"3"	"GPC4"
2.50445815341194e-134	0.501418758753017	0.937	0.871	9.16656728730304e-130	"6"	"COA4"
2.60947277987334e-134	0.687915665484983	0.256	0.136	9.5509313216144e-130	"2"	"DCAF15"
2.62288059859653e-134	1.05348698091066	0.438	0.337	9.60000527892316e-130	"1"	"NOTCH3"
3.05554464633963e-134	1.99689176971896	0.717	0.259	1.11835989600677e-129	"7"	"SMTN"
3.23136894958691e-134	0.646645308863629	0.677	0.605	1.1827133492383e-129	"4"	"SP3"
4.15409094485822e-134	0.613906097487318	0.816	0.749	1.52043882672756e-129	"5"	"PTRH2"
7.04648538749247e-134	0.503855929061795	0.957	0.875	2.57908411667612e-129	"5"	"PDLIM1"
7.4324677633462e-134	1.87499323931935	0.262	0.126	2.72035752606234e-129	"5"	"N4BP2"
8.18654542210245e-134	0.91235941774446	0.657	0.484	2.99635748994372e-129	"6"	"AIFM1"
8.69447480439284e-134	1.37663826213193	0.976	0.773	3.18226472315582e-129	"7"	"SRSF2"
9.14372450772404e-134	0.536184685620239	0.461	0.324	3.34669460707207e-129	"1"	"SHMT1"
1.25088930575724e-133	0.879337913438374	0.369	0.235	4.57837994800209e-129	"3"	"SELENOI"
1.37961050410981e-133	0.607420293509224	0.588	0.464	5.04951240609232e-129	"3"	"TMEM38B"
1.74467437834471e-133	0.645294359766996	1	1	6.38568269217948e-129	"7"	"GAPDH"
1.86334188237525e-133	0.529173630510675	0.378	0.228	6.82001762368165e-129	"2"	"STK10"
1.88881127623038e-133	0.517734801879935	0.793	0.7	6.9132381521308e-129	"3"	"HIST1H1E"
1.98300103366166e-133	1.78158726253114	0.848	0.387	7.25798208330503e-129	"7"	"LOXL1"
2.04990033313878e-133	0.770454273602559	0.723	0.631	7.50284020932126e-129	"5"	"DNAJC10"
2.12891531627139e-133	0.523424913802682	0.557	0.387	7.79204294908492e-129	"2"	"ATP13A3"
2.42144477478521e-133	0.524710875443027	0.923	0.827	8.86273002019135e-129	"6"	"ANP32A"
2.66487460078012e-133	0.609824283220318	0.331	0.193	9.75370752631533e-129	"2"	"SMARCAL1"
2.70324940567364e-133	0.528629018911502	0.94	0.865	9.89416314970608e-129	"6"	"SMDT1"
3.12807619162939e-133	1.45227426052925	0.934	0.512	1.14490716689827e-128	"7"	"TMEM160"
3.54361786712028e-133	0.606408313454982	0.375	0.229	1.29699957554469e-128	"2"	"ZC3H7B"
4.1288876291344e-133	0.715086657139494	1	0.994	1.51121416113948e-128	"7"	"MYL12B"
4.64690291176564e-133	0.593260410684149	0.666	0.574	1.70081293473534e-128	"3"	"HIBCH"
7.12164652316154e-133	2.90582265648288	0.377	0.079	2.60659384394235e-128	"7"	"TM4SF1"
7.32155183133423e-133	1.36019397740192	0.96	0.645	2.67976118578664e-128	"7"	"HPRT1"
7.9313058206812e-133	0.989712601250903	0.998	0.933	2.90293724342753e-128	"7"	"NME1"
1.00428956552851e-132	1.01820869215892	0.565	0.373	3.67580023879091e-128	"6"	"KLHDC10"
1.09418272916258e-132	2.30923782151588	0.309	0.053	4.00481820700796e-128	"7"	"CENPQ"
1.12922738653631e-132	1.2144266841352	0.516	0.325	4.13308515746153e-128	"6"	"GOT1"
1.24523366108394e-132	0.635517921433658	0.332	0.194	4.55767972293331e-128	"2"	"KDM3A"
1.45383808610507e-132	0.554911833178477	0.709	0.615	5.32119277895317e-128	"3"	"STK39"
1.92141866393531e-132	0.606019028928984	0.691	0.574	7.03258445186964e-128	"4"	"IER5L"
1.98097928833131e-132	1.05630585750348	0.996	0.84	7.25058229322145e-128	"7"	"PPP1CA"
2.86615489983995e-132	0.763209579498651	0.699	0.494	1.04904135489042e-127	"6"	"SLC5A3"
6.09638939874749e-132	0.71394587535015	0.912	0.862	2.23133948383557e-127	"5"	"CITED2"
6.57012915170317e-132	1.68204719937717	0.816	0.343	2.40473297081488e-127	"7"	"CDK5RAP2"
7.20761998885511e-132	0.689764645009821	0.272	0.149	2.63806099212086e-127	"2"	"PYROXD1"
7.7877975158497e-132	1.78319816766635	0.816	0.352	2.85041176877615e-127	"7"	"EFHD2"
8.1837673532343e-132	1.09664920046978	0.424	0.255	2.99534068895729e-127	"5"	"TMEM140"
1.10805302875776e-131	1.05916946753694	0.525	0.324	4.05558489055628e-127	"6"	"BPHL"
1.46464722831085e-131	1.97992108525946	0.349	0.2	5.36075532034055e-127	"5"	"HIST1H4H"
1.87145706643703e-131	0.569157289443625	0.258	0.149	6.84972000886616e-127	"0"	"WDR37"
2.10613669483275e-131	0.685854452326173	0.506	0.393	7.70867091675737e-127	"1"	"ADAMTS15"
2.20245575281355e-131	0.9956323260128	0.566	0.369	8.06120830087286e-127	"6"	"PDE8A"
2.20672731099181e-131	0.500969512101935	0.503	0.339	8.07684263096112e-127	"2"	"PCDH7"
2.26264179076097e-131	0.706324708003724	0.254	0.135	8.28149521836424e-127	"2"	"TTC27"
3.18501924402139e-131	2.35351075394946	0.585	0.184	1.16574889350427e-126	"7"	"MCM6"
3.98986758592267e-131	0.672393773390356	0.639	0.544	1.46033143512356e-126	"4"	"SSBP2"
4.7443365507289e-131	1.0798988565728	0.986	0.886	1.73647462093229e-126	"7"	"HNRNPL"
5.28247771204978e-131	0.86086207487572	0.66	0.479	1.93343966738734e-126	"6"	"IDH3A"
7.2350893868024e-131	0.963300623128374	0.597	0.402	2.64811506646355e-126	"6"	"SCML1"
7.61803209332526e-131	0.687059691165848	0.748	0.659	2.78827592647798e-126	"5"	"STT3B"
9.40272815360742e-131	1.15905190255402	0.461	0.259	3.44149253150185e-126	"6"	"AR"
1.00656491419695e-130	0.576633521909433	0.334	0.195	3.68412824245226e-126	"2"	"PPIL2"
1.05070918493121e-130	0.58173783719854	0.357	0.215	3.84570068776673e-126	"2"	"TMEM267"
1.05408360940154e-130	0.814694329452601	0.463	0.329	3.85805141877059e-126	"4"	"CALHM2"
1.39246409362587e-130	0.586970931339113	0.88	0.799	5.09655782908005e-126	"6"	"GLO1"
1.79882741053541e-130	0.998374626980332	0.459	0.33	6.58388820530064e-126	"4"	"LXN"
2.47893263925379e-130	2.58791478220147	0.269	0.042	9.07314135293279e-126	"7"	"FAM180A"
3.16071864460109e-130	0.518618531089225	0.261	0.151	1.15685463111044e-125	"0"	"SERP2"
3.98173155818509e-130	1.03233803091117	0.992	0.93	1.45735356761133e-125	"7"	"HNRNPDL"
4.57195858615637e-130	1.23005407705257	0.277	0.113	1.67338256211909e-125	"6"	"DDIT4L"
4.97041804234618e-130	0.582135208081645	0.99	0.972	1.81922270767912e-125	"5"	"CEBPD"
5.31990064473615e-130	0.77807412293832	0.62	0.487	1.94713683497988e-125	"2"	"SRGN"
6.56239502461703e-130	0.895440012599442	0.599	0.466	2.40190220296008e-125	"5"	"UGGT1"
1.05910769677527e-129	0.501222052989425	0.948	0.945	3.87644008096715e-125	"5"	"GHITM"
1.21188037808868e-129	0.684513286493028	0.827	0.692	4.43560337184237e-125	"6"	"GTPBP4"
1.42493324833018e-129	0.941321602463489	0.426	0.301	5.21539818221328e-125	"3"	"ELOVL6"
1.77123603111714e-129	0.543020929483106	0.385	0.235	6.48290099749183e-125	"2"	"FBXW8"
2.27574194335602e-129	0.621001478305824	0.3	0.186	8.32944308687739e-125	"0"	"DUSP10"
2.47396149523128e-129	3.3254003468034	0.481	0.132	9.054946468696e-125	"7"	"FGF5"
3.89189096757012e-129	0.537005220546918	0.332	0.209	1.42447101304034e-124	"0"	"CROT"
4.07836413057973e-129	1.57612327546652	0.986	0.784	1.49272205543349e-124	"7"	"WDR1"
5.48561396281491e-129	0.899144581672902	0.287	0.174	2.00778956652989e-124	"1"	"PRG4"
6.08207806921188e-129	0.536482356227959	0.517	0.397	2.22610139411224e-124	"1"	"FNDC4"
7.04825891339682e-129	0.587076285797491	0.54	0.392	2.57973324489237e-124	"3"	"ADAMTS15"
7.7909198086498e-129	1.41305389822254	0.966	0.655	2.85155455916391e-124	"7"	"IQGAP1"
9.89691018929283e-129	0.875992516345959	0.668	0.485	3.62236809838307e-124	"6"	"FOXD1"
1.0055518350077e-128	0.860097528176577	0.715	0.667	3.68042027131167e-124	"5"	"UBE2J1"
1.17332866291453e-128	0.690681918872084	0.274	0.155	4.29450023913346e-124	"2"	"BST2"
1.19739456701441e-128	0.85999192687133	0.555	0.376	4.38258385472946e-124	"5"	"MAOA"
1.36798433217029e-128	0.618438751824898	0.301	0.171	5.00695945417647e-124	"2"	"JPT2"
1.39529094315043e-128	0.56493170047747	0.678	0.582	5.10690438102488e-124	"3"	"TMEM214"
1.54797570360103e-128	0.524757299504651	0.405	0.253	5.66574587275011e-124	"2"	"DUSP3"
1.70696037270174e-128	0.911726176508013	0.429	0.303	6.24764566012564e-124	"3"	"MRTFB"
1.71412313778507e-128	0.572700509578776	0.349	0.209	6.27386209660713e-124	"2"	"APAF1"
2.68163663045988e-128	0.703846516803449	0.276	0.153	9.81505823114619e-124	"2"	"INPP5B"
2.80959384616152e-128	0.921603171692776	1	0.958	1.02833944363358e-123	"7"	"CD59"
3.97072120216002e-128	0.606257493429005	0.265	0.157	1.45332366720259e-123	"0"	"ADAMTS7"
4.03091293560449e-128	1.503826142563	0.9	0.435	1.4753544435606e-123	"7"	"MAGOHB"
4.10263569350459e-128	0.566075207860695	0.868	0.808	1.50160569017961e-123	"5"	"NAMPT"
4.5170510226315e-128	0.759360315824722	1	0.972	1.65328584479336e-123	"7"	"PRELID1"
4.54477439044765e-128	0.587463686741426	0.307	0.176	1.66343287464775e-123	"2"	"GABPB1"
4.64130993506234e-128	0.508895034868687	0.472	0.309	1.69876584933217e-123	"2"	"USP5"
5.38100541616776e-128	0.727710353122087	0.269	0.149	1.96950179237156e-123	"2"	"CACNA1A"
5.55221784739965e-128	0.600522828985468	0.319	0.185	2.03216725432675e-123	"2"	"PTPN9"
6.06258539489133e-128	1.04244340799418	0.611	0.489	2.21896688038418e-123	"5"	"SLC39A14"
7.22657282523103e-128	0.501997493360296	0.919	0.917	2.64499791976281e-123	"4"	"MFAP5"
1.03230502024117e-127	0.530386260415955	0.312	0.193	3.7783396045847e-123	"0"	"SLC9B2"
1.50924479540399e-127	0.668310180589869	0.678	0.59	5.52398687565816e-123	"4"	"SH3D19"
1.61298686509854e-127	0.890640022963494	0.468	0.339	5.90369322494715e-123	"4"	"FAM20A"
1.74320437007631e-127	0.503027362057758	0.381	0.249	6.38030231491628e-123	"0"	"ENOX1"
1.99482386645266e-127	0.554048951448957	0.87	0.853	7.30125483360338e-123	"4"	"SOD3"
2.35268775807522e-127	0.5508642016122	0.664	0.581	8.61107246333111e-123	"3"	"CERT1"
2.51271268015198e-127	0.587912790913596	0.61	0.543	9.19677968062427e-123	"1"	"SESTD1"
2.79478227593592e-127	1.57095630257952	0.838	0.374	1.02291826081531e-122	"7"	"THOP1"
3.19960294808393e-127	0.620020404813491	0.329	0.194	1.1710866750282e-122	"2"	"ACOX3"
3.44822453831787e-127	2.63941541368082	0.429	0.105	1.26208466326972e-122	"7"	"GPAT2"
4.69129105117929e-127	1.08694983308314	0.45	0.251	1.71705943764213e-122	"6"	"SLC25A20"
5.07147648518779e-127	0.692324240819856	0.288	0.164	1.85621110834358e-122	"2"	"ADAMTS7"
5.22654253590965e-127	0.964169636849992	0.508	0.293	1.91296683356829e-122	"6"	"APOL4"
7.89349563454515e-127	2.12831209142529	0.421	0.096	2.88909833719987e-122	"7"	"C4orf46"
8.113435745288e-127	1.34748590236275	0.958	0.626	2.96959861713286e-122	"7"	"HSPB11"
9.38519615455907e-127	0.519518137552495	0.302	0.185	3.43507564453017e-122	"0"	"PAQR3"
1.00381750906809e-126	0.713875494042822	0.368	0.251	3.67407246494012e-122	"0"	"PTGDS"
1.17491741882847e-126	0.605630683705724	0.346	0.209	4.30031524465407e-122	"2"	"NFKB2"
1.22521648648783e-126	0.568252889466129	0.324	0.188	4.48441486219411e-122	"2"	"MSRA"
1.30153999899187e-126	1.0045123832653	0.99	0.856	4.76376655031013e-122	"7"	"CACYBP"
1.41652459819954e-126	0.719454149168413	1	0.975	5.18462168187015e-122	"7"	"AURKAIP1"
1.94045921393277e-126	1.05909670108067	0.518	0.328	7.10227476891533e-122	"6"	"PCCB"
2.64480710608928e-126	2.01416232623996	0.593	0.184	9.68025848899738e-122	"7"	"POLD3"
3.24968074301795e-126	0.656640433364579	0.284	0.16	1.189415648752e-121	"2"	"KBTBD4"
3.58229019858782e-126	0.581924568523361	0.341	0.203	1.31115403558513e-121	"2"	"DECR2"
4.93767889490958e-126	0.559922178306534	0.374	0.23	1.80723985232586e-121	"2"	"NUBP1"
5.32843748722385e-126	0.564141668900554	0.259	0.152	1.9502614046988e-121	"0"	"RBM43"
5.69592204119597e-126	0.8273748607309	0.402	0.269	2.08476442629814e-121	"3"	"SLC25A23"
5.74974775991291e-126	1.13275628534936	0.433	0.24	2.10446517760572e-121	"6"	"SLC5A6"
6.81579137538209e-126	1.81025312150878	0.75	0.278	2.4946478013036e-121	"7"	"AL133415.1"
7.89281996009876e-126	0.803045112899521	0.7	0.62	2.88885103359575e-121	"5"	"MCUR1"
1.09965122536066e-125	0.867497730677091	0.647	0.547	4.02483344994254e-121	"5"	"SETX"
1.23120962370797e-125	0.504081451499363	0.409	0.256	4.50635034373355e-121	"2"	"FECH"
1.55569766082456e-125	1.46580064127225	0.904	0.461	5.69400900838396e-121	"7"	"PALLD"
1.71162839586955e-125	0.728094790401443	1	0.999	6.26473109172214e-121	"7"	"TPI1"
2.00125384840325e-125	1.25485836764552	0.962	0.673	7.32478921054075e-121	"7"	"SNRPA"
2.06867747567728e-125	0.530625443107085	0.415	0.265	7.57156642872643e-121	"2"	"AC018521.5"
2.13577063382947e-125	0.645141910689919	0.329	0.197	7.81713409687924e-121	"2"	"ISYNA1"
2.14624656487505e-125	0.663323445289839	0.568	0.461	7.85547705209916e-121	"3"	"ZYG11B"
2.86145623878205e-125	0.538007421799024	0.902	0.826	1.04732159795662e-120	"6"	"SCAMP3"
2.97938242002728e-125	0.626437304748887	0.768	0.676	1.09048375955418e-120	"5"	"LETMD1"
3.28592558675735e-125	1.01167615396767	0.532	0.335	1.20268162400906e-120	"6"	"SLC35G2"
3.53803751647857e-125	0.705922387834018	1	0.982	1.29495711140632e-120	"7"	"YWHAB"
9.33399195048416e-125	0.929626484434599	0.633	0.505	3.41633439379671e-120	"5"	"BLVRA"
9.33783050607876e-125	0.652023910146355	0.487	0.358	3.41773934352989e-120	"3"	"ANKRD9"
1.00516100202527e-124	1.63441960927626	0.745	0.276	3.67898978351268e-120	"7"	"MCUB"
1.05376091047834e-124	0.922866008201166	0.617	0.435	3.85687030844178e-120	"6"	"WDR3"
1.41324205639566e-124	0.622930324141197	0.831	0.711	5.17260725061377e-120	"6"	"GTF2E2"
1.8360073930259e-124	0.528767850687554	0.411	0.261	6.71997065921408e-120	"2"	"GMDS"
2.17043186312795e-124	2.20888762338513	0.287	0.048	7.94399766223462e-120	"7"	"CHRNA5"
2.18298059683362e-124	0.885757991082664	0.36	0.25	7.98992728247075e-120	"1"	"TMEM140"
2.67921899663727e-124	1.27502639608127	1	0.935	9.80620944959206e-120	"7"	"TPM4"
2.90800434824936e-124	0.542157100840797	0.425	0.275	1.06435867150275e-119	"2"	"NAB2"
3.01782084751114e-124	0.806561674191958	0.518	0.383	1.10455260839755e-119	"2"	"LSP1"
3.23662714729665e-124	0.610185086104591	0.296	0.169	1.18463790218205e-119	"2"	"TRPM4"
3.30189048762012e-124	0.669508928852774	0.639	0.546	1.20852493737384e-119	"4"	"GFPT2"
3.83979770994553e-124	0.762321276996286	0.733	0.577	1.40540435981716e-119	"6"	"LEPROTL1"
4.43624409365665e-124	0.71722958868882	0.775	0.62	1.62370970071927e-119	"6"	"STK39"
5.94605834116344e-124	0.515769353241049	0.488	0.328	2.17631681344923e-119	"2"	"ZNF217"
6.14559967872167e-124	1.02070221458856	0.97	0.562	2.24935093840892e-119	"7"	"TAGLN"
6.32572957813745e-124	0.994394053327999	0.996	0.894	2.31528028289409e-119	"7"	"KHDRBS1"
8.23064891736165e-124	1.14154062536979	0.431	0.24	3.01249981024354e-119	"6"	"CENPV"
8.45381017341637e-124	0.613346632450749	0.32	0.191	3.09417906157212e-119	"2"	"QPRT"
9.12581221866095e-124	0.733106312390771	0.76	0.608	3.34013853015209e-119	"6"	"ZPR1"
1.07891763470354e-123	1.06246306754426	0.515	0.324	3.94894643477843e-119	"6"	"FAM49B"
1.96369750539131e-123	1.51651184086212	0.408	0.233	7.18732923948275e-119	"6"	"TTC39B"
2.41015144337205e-123	0.90918943340933	1	0.924	8.82139529788606e-119	"7"	"ILF2"
2.87371118430303e-123	1.15397842194879	0.978	0.729	1.05180703056675e-118	"7"	"NAP1L4"
3.02108417467467e-123	1.42074051194008	0.288	0.149	1.10574701877268e-118	"5"	"ENPP1"
3.06339153783968e-123	1.4696431923244	0.894	0.46	1.1212319367647e-118	"7"	"ACTL6A"
3.53910090105629e-123	2.3211506679876	0.307	0.055	1.29534632079561e-118	"7"	"ZNF724"
3.9075425162622e-123	0.995332834640725	0.546	0.351	1.43019963637713e-118	"6"	"ORMDL3"
5.67727116035653e-123	0.596075811848123	0.851	0.729	2.07793801740209e-118	"6"	"TOMM70"
6.41457431972575e-123	0.667147213316255	0.555	0.467	2.34779834676282e-118	"1"	"ZNF703"
6.9343924903268e-123	0.96975347237043	0.452	0.341	2.53805699538451e-118	"4"	"ITGA4"
7.45642021672215e-123	0.516335575433686	0.746	0.598	2.72912436352247e-118	"2"	"PAPPA"
7.47344495633299e-123	2.36026140734061	0.271	0.044	2.73535558846744e-118	"7"	"APOLD1"
8.48704751037229e-123	1.0903943194517	0.998	0.864	3.10634425927136e-118	"7"	"SELENOW"
9.94866457846601e-123	2.00314378344888	0.477	0.122	3.64131072236434e-118	"7"	"RMI1"
1.40314245931431e-122	0.613670972836084	0.275	0.155	5.13564171533631e-118	"2"	"PLCB1"
1.53056574299629e-122	0.520005108743714	0.413	0.263	5.60202367594072e-118	"2"	"PCBP4"
2.21301712792745e-122	0.6755842350255	0.801	0.642	8.09986398992727e-118	"6"	"TOB1"
2.46461071132865e-122	0.539639382205661	0.36	0.219	9.02072166453401e-118	"2"	"GET4"
2.49448926451493e-122	0.67804264163338	0.799	0.671	9.1300801570511e-118	"6"	"NDUFA9"
2.73891444497004e-122	0.545786699397314	0.263	0.156	1.00247007600348e-117	"0"	"SMPD2"
2.89781493722691e-122	0.664466486025155	0.503	0.373	1.06062924517442e-117	"3"	"UTRN"
3.09414490263877e-122	0.945564256678123	0.998	0.971	1.13248797581482e-117	"7"	"PPP1R14B"
3.12002277446901e-122	0.618136282138922	0.834	0.696	1.1419595356834e-117	"6"	"EIF4E"
4.35748272016304e-122	0.539138522283074	0.677	0.553	1.59488225040687e-117	"0"	"TUT4"
4.35757520947373e-122	0.51068364143508	0.385	0.238	1.59491610241948e-117	"2"	"DDX19B"
6.3383638385006e-122	1.18949827201145	0.988	0.73	2.3199045485296e-117	"7"	"GSTO1"
7.45185458997145e-122	0.885466662310741	0.996	0.945	2.72745329847545e-117	"7"	"SET"
7.50439563003882e-122	1.03057188239935	0.523	0.377	2.74668384455051e-117	"5"	"CCDC167"
9.49020670142094e-122	1.19905604359146	0.387	0.261	3.47351055478708e-117	"4"	"CCN5"
1.09569128042112e-121	0.629175145201013	0.823	0.701	4.01033965546935e-117	"6"	"AK6"
1.46651971749755e-121	0.613597717399016	0.83	0.706	5.3676088180128e-117	"6"	"MRPS14"
1.52064079159747e-121	1.70977258217445	0.739	0.296	5.56569736132591e-117	"7"	"TCOF1"
1.56281373442185e-121	1.95466762708119	0.569	0.17	5.72005454935742e-117	"7"	"GCNT1"
1.88566140965179e-121	0.748650574408298	1	0.996	6.90170932546651e-117	"7"	"HNRNPA1"
2.4878771789094e-121	0.67664398366862	0.847	0.85	9.10587926252629e-117	"5"	"UFM1"
2.63434250858319e-121	0.762063094300509	1	0.982	9.64195701566534e-117	"7"	"CALM1"
2.96840362888539e-121	0.901752795193707	0.996	0.934	1.08646541220834e-116	"7"	"XRCC6"
3.04276493083862e-121	0.766427218569382	1	0.985	1.11368239233624e-116	"7"	"MYDGF"
4.21465140037075e-121	0.683938073684015	0.505	0.378	1.5426045590497e-116	"3"	"MACROD1"
4.98041023644736e-121	0.500476238539215	0.301	0.187	1.8228799506421e-116	"0"	"MAST2"
5.75143851231364e-121	0.651869075859719	0.836	0.731	2.10508400989192e-116	"6"	"AAMDC"
8.07248281108554e-121	0.536542910483435	0.386	0.242	2.95460943368542e-116	"2"	"ZNF518B"
8.24009353081664e-121	0.56317947778388	0.307	0.195	3.0159566332142e-116	"0"	"MGST2"
8.4477120589406e-121	1.42013430412618	0.976	0.756	3.09194709069285e-116	"7"	"MYH9"
9.48674404243654e-121	1.51056441869582	0.922	0.531	3.4722431869722e-116	"7"	"DAZAP1"
9.63723161493572e-121	1.22745755248827	0.978	0.737	3.52732314338262e-116	"7"	"ILF3"
1.07164696202619e-120	0.856080373617635	0.367	0.239	3.92233504571205e-116	"3"	"SLC25A29"
1.11194186747933e-120	0.645810333827218	0.773	0.678	4.06981842916108e-116	"5"	"BCL6"
1.13414153959554e-120	0.599497925421116	0.267	0.148	4.15107144907363e-116	"2"	"POMT1"
1.14312190669653e-120	0.528148987661448	0.389	0.245	4.18394049069998e-116	"2"	"DCAF11"
1.16701544104316e-120	1.13317481435614	0.972	0.711	4.27139321576206e-116	"7"	"NUDT21"
1.29755632115592e-120	0.939763605239441	0.587	0.408	4.74918589106279e-116	"6"	"ESRRA"
1.33283703176346e-120	1.31480632238029	0.318	0.148	4.87831681995744e-116	"6"	"HOXB-AS1"
1.46709028886538e-120	1.33497104706594	0.95	0.635	5.36969716627618e-116	"7"	"PGP"
1.69268800119902e-120	1.55458546554185	0.25	0.12	6.19540735318854e-116	"5"	"CADPS2"
2.27912118990746e-120	0.748536034078809	0.73	0.559	8.34181146718028e-116	"6"	"SLC66A1L"
2.68334397661784e-120	0.544527245032279	0.371	0.23	9.82130728881894e-116	"2"	"FAM171A1"
3.11704386158542e-120	2.05775736406098	0.417	0.097	1.14086922377888e-115	"7"	"ATP1B1"
4.3151208235545e-120	0.887645638068909	0.451	0.334	1.57937737262918e-115	"4"	"SMAD3"
4.39053778182699e-120	1.29983953963851	0.956	0.649	1.6069807335265e-115	"7"	"CBX1"
4.42295213766734e-120	0.550340336551933	0.666	0.585	1.61884471190762e-115	"3"	"C12orf45"
4.59463436440022e-120	1.66497836355911	0.627	0.204	1.68168212371412e-115	"7"	"MIR4435-2HG"
4.69458371966464e-120	0.806581881669945	0.646	0.457	1.71826458723446e-115	"6"	"CMSS1"
5.73255789801609e-120	2.33885744405113	0.339	0.069	2.09817351625287e-115	"7"	"ATP8B1"
6.12551406176297e-120	1.18371260902588	0.368	0.183	2.24199940174586e-115	"6"	"AC025164.1"
7.06959685886057e-120	0.787781707693467	0.998	0.945	2.58754314631156e-115	"7"	"ARPC1A"
7.74339051059018e-120	1.9666523427997	0.441	0.108	2.83415836078111e-115	"7"	"SYNJ2"
8.16638810528405e-120	0.523102988704409	0.774	0.725	2.98897971041502e-115	"4"	"TPST1"
8.46983715310339e-120	1.5835704183912	0.804	0.33	3.10004509640737e-115	"7"	"ODF2"
9.13503196815074e-120	0.693250623529421	0.602	0.39	3.34351305066285e-115	"6"	"ALDH1B1"
9.54894755569201e-120	0.591368992793017	0.607	0.513	3.49501029485883e-115	"3"	"UVRAG"
1.0074817773778e-119	2.6961184308832	0.253	0.041	3.68748405338049e-115	"7"	"PLEK2"
1.23166753555026e-119	0.8534284611818	0.386	0.283	4.50802634686751e-115	"1"	"TRIM35"
1.42599178143855e-119	2.11904299787691	0.453	0.116	5.21927251924322e-115	"7"	"EVA1A"
1.44296790095482e-119	0.515897438142273	0.496	0.336	5.28140681428474e-115	"2"	"TRAF3IP2"
1.63024322266554e-119	0.882243563077102	0.379	0.255	5.96685321927815e-115	"3"	"RBMXL1"
1.71956792296403e-119	0.780159144385188	1	0.998	6.29379055484066e-115	"7"	"HSP90AA1"
2.51556977995883e-119	0.648924757223995	0.806	0.673	9.20723695162732e-115	"6"	"TIMM50"
2.80096925321279e-119	0.725293909384179	0.478	0.351	1.02518275636841e-114	"3"	"C11orf54"
3.02053115868252e-119	1.77306243510083	0.529	0.148	1.10554460938939e-114	"7"	"SLC43A3"
3.30305985290694e-119	1.43157897106661	1	0.992	1.20895293676247e-114	"7"	"ACTG1"
3.85431106391193e-119	2.22988003914135	0.311	0.059	1.41071639250241e-114	"7"	"CCBE1"
3.97359131347293e-119	0.940726983181646	0.992	0.893	1.45437415664423e-114	"7"	"DDX39B"
4.40790982091448e-119	1.42479948489118	0.288	0.13	1.61333907355291e-114	"6"	"UHRF1BP1"
5.63639160598485e-119	0.693539138300217	0.769	0.631	2.06297569170651e-114	"6"	"PGP"
5.68099028623777e-119	0.656809697943281	0.835	0.721	2.07929925466589e-114	"6"	"BAG1"
6.59200008960913e-119	1.05647607607508	0.471	0.282	2.41273795279784e-114	"6"	"SFXN4"
8.644345195234e-119	0.883451308716257	0.358	0.235	3.1639167849076e-114	"3"	"CLUH"
1.0050582532981e-118	0.997501562662901	0.984	0.828	3.67861371289639e-114	"7"	"LSM2"
1.14887418310634e-118	1.82476675183215	0.527	0.148	4.20499439758753e-114	"7"	"EFCAB11"
1.157733073547e-118	0.686897613208763	0.725	0.621	4.23741882248938e-114	"5"	"ERO1A"
1.23598486167799e-118	0.601206412600818	0.648	0.403	4.52382819222761e-114	"6"	"ZBED3"
1.41734661000794e-118	1.38691331917158	0.268	0.114	5.18763032729007e-114	"6"	"EPB41"
1.54082302998639e-118	1.49327636627385	0.286	0.149	5.63956637205318e-114	"5"	"C5orf56"
1.69383316245508e-118	0.832366331926997	0.996	0.914	6.19959875790182e-114	"7"	"UQCC2"
1.72284294837676e-118	0.619242528892759	0.298	0.174	6.30577747535378e-114	"2"	"TOX2"
1.74516888748238e-118	1.62721675465592	0.786	0.326	6.38749264507428e-114	"7"	"RASSF1"
2.12582622737502e-118	0.520550382157682	0.747	0.654	7.7807365748153e-114	"4"	"ZNF503"
2.40992946603666e-118	0.522227636088482	0.4	0.273	8.82058283864076e-114	"0"	"JAZF1"
2.47763672345953e-118	0.829349511594426	0.408	0.279	9.06839817153422e-114	"2"	"HAS2"
2.52698635457887e-118	2.28273981786882	0.286	0.154	9.24902275639413e-114	"5"	"DEPP1"
3.23770899097595e-118	0.533029743563747	0.499	0.342	1.18503386778711e-113	"2"	"ZADH2"
4.75520130030543e-118	0.539390285919663	0.905	0.833	1.74045122792479e-113	"6"	"NCOA4"
8.98890669747261e-118	1.25161636419038	0.402	0.255	3.29002974034195e-113	"5"	"LARP1B"
9.65532710662461e-118	0.879857445107211	0.619	0.451	3.53394627429567e-113	"6"	"YARS2"
9.70221002193215e-118	0.598693692650016	0.297	0.173	3.55110589012739e-113	"2"	"NES"
1.17789172711494e-117	0.829689545300823	0.361	0.234	4.31120151041338e-113	"3"	"RILP"
1.29893682221828e-117	0.967680701927748	0.671	0.512	4.75423866300114e-113	"6"	"PYGL"
1.46227157333974e-117	0.58536626073144	0.313	0.186	5.35206018558079e-113	"2"	"FBXO25"
1.46304968566907e-117	0.680820344932678	0.326	0.198	5.35490815451738e-113	"2"	"VWA8"
1.5729382357386e-117	1.38658444580784	0.274	0.119	5.75711123662687e-113	"6"	"GAB2"
1.89457047300793e-117	0.57809423385219	0.63	0.537	6.93431738825632e-113	"3"	"CHORDC1"
2.52565309547359e-117	1.20348299892146	0.986	0.806	9.24414289474287e-113	"7"	"SRSF7"
2.63799254330016e-117	0.621782008255007	0.305	0.18	9.65531650773292e-113	"2"	"RRP12"
2.8690287250849e-117	0.554838148684855	0.958	0.926	1.05009320366832e-112	"6"	"SCARB2"
4.71884762310727e-117	0.547952411950147	0.629	0.525	1.72714541853349e-112	"3"	"TLN2"
4.73963653191431e-117	0.617649767776786	0.301	0.176	1.73475436704596e-112	"2"	"DNAJC5"
4.80360250927281e-117	0.609511800027182	0.673	0.472	1.75816655441894e-112	"5"	"ADH1B"
6.94174875857489e-117	0.571529193675497	0.848	0.749	2.54074946312599e-112	"6"	"ISCA1"
6.94176401415586e-117	1.17030925517547	0.978	0.784	2.54075504682119e-112	"7"	"EWSR1"
7.22406111580649e-117	0.52303947685063	0.72	0.643	2.64407860899633e-112	"4"	"KLF9"
7.28034630551682e-117	1.33634061066091	0.486	0.319	2.66467955128221e-112	"6"	"APEX2"
7.78551933524783e-117	0.942719980756668	0.581	0.402	2.84957793189406e-112	"6"	"PAXBP1"
8.06496702066915e-117	0.520799241390053	0.801	0.739	2.95185857923512e-112	"4"	"DPYSL2"
8.44075154004754e-117	0.511364045386453	0.773	0.737	3.0893994711728e-112	"4"	"DHRS7"
9.62982579640954e-117	0.573515387879492	0.317	0.204	3.52461253974386e-112	"0"	"EPB41L1"
1.00722818140756e-116	0.999251096742146	0.518	0.327	3.68655586676982e-112	"6"	"STARD4"
1.31959873034607e-116	0.599919504675555	0.285	0.164	4.82986331293963e-112	"2"	"CTSO"
1.70256651942632e-116	0.578580588597916	0.342	0.224	6.23156371775226e-112	"0"	"AGL"
1.79722370569062e-116	0.71478517663123	0.708	0.541	6.57801848519823e-112	"6"	"LYPLAL1"
1.83126235801057e-116	0.505738661494904	0.911	0.833	6.70260335655449e-112	"6"	"SFT2D1"
1.88665674683003e-116	1.12106884714514	0.392	0.242	6.9053523590726e-112	"5"	"MTMR4"
2.258982595992e-116	0.542993884628542	0.688	0.605	8.26810219959033e-112	"3"	"ZPR1"
2.29695619645297e-116	1.6833405790873	0.988	0.912	8.4070893746375e-112	"7"	"ARL6IP1"
2.77251562081359e-116	0.854495227011244	0.744	0.706	1.01476844237398e-111	"5"	"GNL3"
2.90861417545708e-116	0.830859993066387	0.252	0.141	1.06458187435905e-111	"2"	"ENPP1"
3.41204141986658e-116	0.514008946634052	0.908	0.838	1.24884128008537e-111	"6"	"PSMD6"
3.79427867998635e-116	0.620337342108374	0.679	0.608	1.3887439396618e-111	"4"	"WLS"
4.23780771842725e-116	0.57738632591142	1	0.993	1.55108000302156e-111	"7"	"AP2S1"
4.40580111205909e-116	0.525569066634873	0.887	0.797	1.61256726502475e-111	"6"	"RPL26L1"
4.51471624876186e-116	1.45197478557988	0.952	0.656	1.65243129420933e-111	"7"	"PLEC"
5.09312065400898e-116	0.797204343978948	1	1	1.86413309057383e-111	"7"	"TMSB10"
5.32343035235083e-116	1.46792614115219	0.848	0.393	1.94842874326393e-111	"7"	"NUP50"
6.03227776633356e-116	0.935332704197091	0.994	0.896	2.20787398525575e-111	"7"	"SNRPE"
6.26477984222405e-116	1.07865623768953	0.472	0.29	2.29297207005243e-111	"6"	"SLC25A16"
7.26220237016978e-116	0.576944955393016	0.75	0.629	2.65803868950584e-111	"5"	"ZNF358"
9.15153813353746e-116	1.71110081209805	0.635	0.214	3.34955447225604e-111	"7"	"NUP62"
9.45188910500686e-116	0.533164359826378	0.574	0.424	3.45948593132356e-111	"2"	"EPAS1"
1.09670652752327e-115	1.40299953808748	0.86	0.392	4.01405556138791e-111	"7"	"MYH10"
1.09708826838839e-115	0.896464705291974	0.354	0.235	4.01545277112834e-111	"3"	"SLC5A6"
1.3988161591538e-115	0.581114146942577	1	1	5.11980702411883e-111	"7"	"PTMA"
1.44413816881369e-115	0.57238919929174	0.308	0.182	5.28569011167498e-111	"2"	"PPP2R3A"
1.47122172438239e-115	0.575859035331113	0.776	0.707	5.384818633412e-111	"5"	"MAN1A2"
1.63733566292084e-115	0.651581918399225	0.771	0.611	5.99281225985658e-111	"6"	"TOB2"
1.6650605278385e-115	2.35938041774584	0.279	0.049	6.0942880379417e-111	"7"	"ITPR3"
1.83299296335692e-115	0.57561477791775	0.325	0.196	6.70893754518265e-111	"2"	"FAM98B"
2.08132955235949e-115	1.52815774635904	0.693	0.243	7.61787429459095e-111	"7"	"KITLG"
2.3291223277417e-115	1.30832059611237	0.294	0.133	8.52482063176738e-111	"6"	"CLDN23"
2.56277655004223e-115	1.25134316965962	0.409	0.255	9.38001845080958e-111	"5"	"AGTR1"
2.97360082280521e-115	0.609667024237264	0.602	0.511	1.08836763715494e-110	"3"	"AKT2"
3.67633464247445e-115	1.34763710920386	0.356	0.186	1.34557524249207e-110	"6"	"TMEM131L"
4.21373564349698e-115	0.572433363209996	0.257	0.156	1.54226938287633e-110	"0"	"POMC"
5.58181227564766e-115	1.24149571340281	0.98	0.66	2.0429991110098e-110	"7"	"ITGA5"
5.9167087234931e-115	1.62504004093637	0.741	0.293	2.16557455988571e-110	"7"	"PCNT"
1.08780727006606e-114	0.773620610262681	0.747	0.608	3.98148338916877e-110	"6"	"NR2F6"
1.29746566257266e-114	0.535526868718063	0.696	0.596	4.7488540715822e-110	"3"	"MSX1"
1.39072474327217e-114	1.0344609995725	0.44	0.252	5.09019163285048e-110	"6"	"TCAIM"
1.46899585930639e-114	1.68425917441948	0.659	0.226	5.37667174464732e-110	"7"	"SCLT1"
1.48236792700604e-114	0.525937292833209	0.36	0.223	5.42561484963481e-110	"2"	"EXOSC9"
1.77745072713853e-114	0.512420079273192	0.387	0.245	6.50564740639974e-110	"2"	"ATP8B2"
2.4878474750513e-114	0.64063531218149	0.265	0.151	9.10577054343526e-110	"2"	"TANC2"
3.02368956495088e-114	0.948352518308273	0.32	0.203	1.10670061766767e-109	"3"	"LSR"
3.049505948454e-114	1.00539881259331	0.399	0.282	1.11614967219365e-109	"4"	"OSR1"
5.24232525993058e-114	0.951267951576547	0.358	0.24	1.91874346838719e-109	"3"	"GNG2"
5.69516659032704e-114	0.511178208091337	0.371	0.232	2.0844879237256e-109	"2"	"CSNK1G1"
6.20265186743776e-114	1.92863697618865	0.443	0.112	2.27023261000089e-109	"7"	"SUV39H2"
7.82849782240138e-114	0.737941707934912	0.549	0.45	2.86530848797713e-109	"4"	"A4GALT"
1.13679619729613e-113	0.548091198081718	0.278	0.174	4.16078776172358e-109	"0"	"APLP1"
1.28878693785515e-113	0.575590750745004	0.463	0.317	4.71708907124364e-109	"2"	"TSHZ1"
1.3537567771807e-113	1.83328982285036	0.459	0.117	4.95488518015906e-109	"7"	"GAS2L3"
1.68505483568561e-113	1.08707675171673	0.375	0.26	6.16746920409289e-109	"4"	"GPNMB"
1.70763113942399e-113	0.810707919464648	0.623	0.439	6.25010073340576e-109	"6"	"EPAS1"
1.87738212932934e-113	0.502700540943187	0.425	0.278	6.87140633155833e-109	"2"	"HCFC1"
1.9030675222246e-113	1.24508448387664	0.996	0.909	6.96541743809428e-109	"7"	"SFPQ"
1.94351734290881e-113	0.544985556886337	0.881	0.805	7.11346782678055e-109	"5"	"H1FX"
2.34144753168137e-113	1.01576116133434	0.443	0.255	8.569932110707e-109	"6"	"FITM2"
2.34614206657579e-113	0.623318332687208	1	0.992	8.58711457787403e-109	"7"	"GNG5"
2.66440967514365e-113	0.683658643105726	0.715	0.598	9.75200585199326e-109	"5"	"CYSTM1"
4.38511659907063e-113	0.866389125627951	0.687	0.596	1.60499652642584e-108	"5"	"NCOA7"
4.71896253696726e-113	0.63902241040384	0.81	0.711	1.72718747815539e-108	"6"	"ELP5"
5.55036131896938e-113	1.15692787270587	0.37	0.192	2.03148774635598e-108	"6"	"SYNPO"
6.64053325501478e-113	0.92933640511944	0.338	0.219	2.43050157666796e-108	"3"	"MTMR10"
7.64304027847313e-113	1.13080504813225	0.487	0.297	2.79742917232395e-108	"6"	"PFKFB3"
1.21560189349848e-112	0.655308486226104	0.563	0.458	4.44922449039379e-108	"3"	"ACP2"
1.28366010054538e-112	0.551828101043967	0.315	0.188	4.69832433400613e-108	"2"	"KAT5"
1.7098556307304e-112	0.666286637397435	0.783	0.645	6.25824259403635e-108	"6"	"UTP11"
1.90364981259564e-112	0.535320082451503	0.361	0.226	6.96754867908129e-108	"2"	"SRGAP2C"
2.13419862646092e-112	0.783607052030097	1	0.939	7.8113803927096e-108	"7"	"IKBIP"
2.23929777832189e-112	1.12477525218078	0.998	0.778	8.19605379843594e-108	"7"	"LOX"
2.29762939605943e-112	0.581516233925549	0.765	0.666	8.40955335251712e-108	"5"	"BIN1"
2.76784063824982e-112	0.661081712688289	1	0.99	1.01305735200582e-107	"7"	"SLC25A5"
3.19560201423459e-112	0.900187680684003	0.986	0.878	1.16962229323e-107	"7"	"TRIM28"
4.10843848638736e-112	1.65580280083391	0.741	0.299	1.50372957040264e-107	"7"	"EMC9"
4.13627918597372e-112	0.58252988156835	0.305	0.181	1.51391954485824e-107	"2"	"ZFP64"
7.66766284578775e-112	1.72513935985047	0.537	0.156	2.80644127818677e-107	"7"	"MPHOSPH9"
8.24974902196867e-112	0.57259541276839	0.283	0.164	3.01949063953075e-107	"2"	"ERAP2"
8.40915631721483e-112	0.592333797351684	0.633	0.551	3.0778353036638e-107	"3"	"CACUL1"
1.0442001002549e-111	0.505343282869723	0.801	0.758	3.82187678694295e-107	"4"	"MAP1LC3A"
1.45524475127958e-111	0.764786538346727	0.79	0.759	5.32634131415837e-107	"5"	"PJA2"
2.22786820192066e-111	0.603836626392139	0.845	0.803	8.1542204058498e-107	"5"	"NUDT4"
2.92261359322589e-111	0.568163997354271	1	0.996	1.06970580125661e-106	"7"	"ANAPC11"
3.04742208786306e-111	1.95878942334663	0.693	0.276	1.11538695837876e-106	"7"	"UACA"
3.13036148181448e-111	1.13336634397758	0.974	0.745	1.14574360595892e-106	"7"	"HNRNPM"
3.90762247458289e-111	4.1519000991951	0.297	0.021	1.43022890192208e-106	"8"	"DMD"
4.81006957480882e-111	0.515724789821216	0.335	0.204	1.76053356507577e-106	"2"	"EPC2"
5.09787255469155e-111	1.1570209191672	0.532	0.417	1.86587233374265e-106	"5"	"SNHG17"
5.14748168141945e-111	0.526229331895515	0.274	0.171	1.88402977021633e-106	"0"	"HLA-DPB1"
6.84793825860247e-111	1.58994781162991	0.784	0.344	2.50641388203109e-106	"7"	"ANAPC15"
7.52432312542257e-111	1.06364977353612	0.994	0.843	2.75397750713592e-106	"7"	"ARHGDIA"
8.54698905246233e-111	1.72665783935371	0.657	0.239	3.12828346309174e-106	"7"	"F2R"
9.34553879475086e-111	1.67830507775576	0.641	0.22	3.42056065426676e-106	"7"	"TMEM237"
1.35718924110288e-110	1.53613229780891	0.768	0.318	4.96744834136064e-106	"7"	"COQ2"
1.79958199075063e-110	0.57514989604219	0.952	0.908	6.58665004434639e-106	"6"	"ATF4"
1.97748108630489e-110	0.617257492033343	0.796	0.665	7.23777852398453e-106	"6"	"TRMT10C"
2.02862485683605e-110	1.58471137132147	0.76	0.315	7.42496983850564e-106	"7"	"FN3KRP"
2.21327937318482e-110	0.621323740246645	0.556	0.451	8.10082383379377e-106	"3"	"PMVK"
2.3105553825143e-110	0.865281424372359	0.996	0.898	8.4568637555406e-106	"7"	"PPM1G"
4.14394033140445e-110	0.958182644410606	0.998	0.923	1.51672360069734e-105	"7"	"PA2G4"
5.26511807645769e-110	0.512403959029133	0.355	0.221	1.92708586716428e-105	"2"	"EDC4"
5.87093654855937e-110	2.33453359414685	0.305	0.061	2.14882148613821e-105	"7"	"PRSS3"
8.80216409503134e-110	0.510563185265739	0.916	0.851	3.22168008042242e-105	"6"	"NRDC"
1.003922170426e-109	0.712052293852658	0.751	0.615	3.67445553597619e-105	"6"	"CCDC59"
1.41277436073395e-109	1.60543367666614	0.804	0.385	5.17089543772234e-105	"7"	"KMT5A"
1.42401884695898e-109	1.86118520275772	0.443	0.113	5.21205138175455e-105	"7"	"NR2C2AP"
1.43975940124333e-109	3.45064411212848	0.819	0.173	5.26966338449072e-105	"8"	"BST2"
1.47375133245472e-109	0.746130295439636	0.714	0.556	5.3940772519175e-105	"6"	"ALDH3A2"
1.81988018280681e-109	2.05032450152633	0.411	0.103	6.6609434570912e-105	"7"	"MICAL2"
1.85314065856177e-109	1.11179971676271	0.976	0.764	6.78268012440195e-105	"7"	"PAICS"
2.17523941489877e-109	0.626537537866837	0.418	0.286	7.96159378247101e-105	"3"	"ADAMTS4"
2.92468018585609e-109	0.606111116847488	0.787	0.651	1.07046219482519e-104	"6"	"MRPL50"
3.03041511327551e-109	0.561583360252856	0.289	0.169	1.10916223560997e-104	"2"	"TRIP4"
3.87327644080543e-109	0.677870918218092	0.616	0.532	1.41765791009919e-104	"3"	"ESYT1"
5.01185901361124e-109	0.613242801538183	1	0.983	1.83439051757185e-104	"7"	"ERH"
5.41216120516284e-109	0.706260105142509	0.765	0.631	1.98090512270165e-104	"6"	"HSPH1"
6.28603719670464e-109	0.55149156895275	0.858	0.748	2.30075247436586e-104	"6"	"NIT2"
6.47317764272972e-109	0.729184812743062	0.365	0.24	2.36924774901551e-104	"3"	"AL136454.1"
7.03211488337855e-109	1.18174667399403	0.986	0.828	2.57382436846538e-104	"7"	"ACTR3"
8.84044251097286e-109	0.66438309929235	1	0.984	3.23569036344118e-104	"7"	"PDIA6"
1.06911483900352e-108	2.43020246509191	0.361	0.084	3.91306722223679e-104	"7"	"TCF7"
1.21418582869236e-108	0.631126242109927	0.272	0.159	4.44404155159691e-104	"2"	"ZNF575"
1.53413388689015e-108	1.37449884608952	0.673	0.245	5.61508343940664e-104	"7"	"CLEC3B"
2.42846445043521e-108	0.516780392224804	0.809	0.741	8.88842273503791e-104	"4"	"TMEM119"
2.79403488893103e-108	0.867671854125486	0.339	0.224	1.02264470969764e-103	"3"	"PPTC7"
4.4232933210874e-108	1.35757438015682	0.834	0.383	1.6189695884512e-103	"7"	"WDR54"
4.85072839599578e-108	0.54796342196016	0.345	0.215	1.77541510021841e-103	"2"	"MPP5"
5.55446752767392e-108	0.506695696310855	0.39	0.252	2.03299065980393e-103	"2"	"WARS2"
6.34023355182894e-108	0.751899012434609	0.512	0.398	2.32058888230491e-103	"4"	"LTBP1"
6.79517387673585e-108	1.85401810905054	0.397	0.096	2.48710159062409e-103	"7"	"GREM2"
1.05362438135201e-107	0.50948159991423	0.346	0.215	3.85637059818649e-103	"2"	"AP5Z1"
1.06649860112769e-107	1.02603272869961	0.475	0.301	3.90349152998747e-103	"6"	"FGFRL1"
1.6122438102673e-107	1.08090518532797	0.583	0.18	5.90097356995936e-103	"7"	"CXCL6"
1.6675529682614e-107	1.03050346362566	0.994	0.891	6.10341061913356e-103	"7"	"MAP1B"
2.15647019031355e-107	1.02501073106681	0.297	0.187	7.89289654356663e-103	"3"	"PRKCD"
2.19693147288843e-107	1.38034903887235	0.356	0.188	8.04098888391892e-103	"6"	"GCHFR"
2.79568024074996e-107	1.23737978472465	0.361	0.196	1.02324692491689e-102	"6"	"USP6NL"
2.8209147985269e-107	1.50552456987156	0.842	0.413	1.03248302540883e-102	"7"	"RALGPS2"
3.59824583007394e-107	0.830744774716304	0.575	0.499	1.31699395626536e-102	"4"	"EMX2OS"
4.04512422776541e-107	0.541735249013081	0.503	0.366	1.48055591860442e-102	"2"	"TSHZ2"
4.33797425959474e-107	1.63789496317877	0.581	0.185	1.58774195875427e-102	"7"	"TELO2"
6.29718523351667e-107	0.563231828474285	0.306	0.185	2.30483276731944e-102	"2"	"ANKRD27"
9.22746786037828e-107	0.993316241332074	0.506	0.331	3.37734551157706e-102	"6"	"USP25"
1.16564067918324e-106	0.550591626631643	0.307	0.185	4.26636144987856e-102	"2"	"FRS2"
1.24883130280004e-106	1.41081017706654	0.822	0.383	4.57084745137843e-102	"7"	"RPA1"
1.30906518392187e-106	1.74200483511482	0.529	0.161	4.79130947967242e-102	"7"	"YEATS4"
1.47012532644807e-106	0.522223807294956	0.878	0.787	5.38080570733257e-102	"6"	"MRPS26"
1.61864563357045e-106	1.23840222367175	0.93	0.609	5.92440488343122e-102	"7"	"SRRT"
1.6861226142023e-106	0.591166275589987	0.804	0.687	6.17137738024183e-102	"6"	"MRPS10"
1.69825439810977e-106	1.26789637662864	0.982	0.79	6.21578092252155e-102	"7"	"ACTN4"
1.86991842848672e-106	1.18982200288347	0.469	0.349	6.84408844010424e-102	"5"	"ZFAND2A"
1.98852787991419e-106	0.919809365781044	0.556	0.382	7.27821089327394e-102	"6"	"CASP7"
2.01118898777026e-106	0.576134005451216	0.279	0.163	7.36115281413794e-102	"2"	"UTP25"
2.19308695173872e-106	1.21556387008295	0.982	0.776	8.02691755205888e-102	"7"	"RBM3"
3.40114121315026e-106	0.550033103785968	0.839	0.83	1.24485169542513e-101	"5"	"TIMM17A"
5.88882260481205e-106	1.51210251265348	0.8	0.359	2.15536796158726e-101	"7"	"FLNB"
6.53550658460048e-106	0.77408621145331	0.99	0.917	2.39206076502962e-101	"7"	"RAD23A"
6.96936385861205e-106	0.565456063033974	0.601	0.538	2.55085686589059e-101	"1"	"CMTM3"
7.21947213775148e-106	0.506592105087022	0.343	0.213	2.64239899713842e-101	"2"	"KDM4C"
7.25734272566075e-106	0.664204903557274	0.763	0.641	2.65626001101909e-101	"6"	"MRPS5"
9.56262409802012e-106	1.75359128381947	0.515	0.152	3.50001604611634e-101	"7"	"DCAF15"
1.00186676371764e-105	0.800549577017241	0.994	0.926	3.66693254188293e-101	"7"	"SF3B2"
1.00408418686915e-105	0.538045797912865	0.63	0.525	3.67504853235979e-101	"3"	"SUN2"
1.20564327351563e-105	1.63265916063818	0.703	0.284	4.41277494539455e-101	"7"	"TOPBP1"
1.86910626126222e-105	0.935735748186203	0.53	0.355	6.84111582684584e-101	"6"	"TTC38"
1.88812633606663e-105	0.876526144030348	0.589	0.421	6.91073120263746e-101	"6"	"GFM1"
2.12927916829048e-105	1.20698467965833	0.253	0.148	7.79337468385997e-101	"4"	"CILP"
2.23567491653062e-105	1.68827346344891	0.531	0.16	8.18279376199374e-101	"7"	"TTF2"
2.41609802170178e-105	0.880307147636429	0.676	0.53	8.8431603692307e-101	"6"	"ARHGEF2"
2.6133283955673e-105	0.507839120520278	0.297	0.192	9.56504326061587e-101	"0"	"TBL1X"
3.29010639349248e-105	1.74433225530393	0.445	0.116	1.20421184108218e-100	"7"	"PRTFDC1"
4.24951407524296e-105	0.797017021195911	0.645	0.559	1.55536464667968e-100	"5"	"CEP57"
4.39183479742092e-105	1.1183415668072	0.976	0.7	1.60745545420403e-100	"7"	"TSPAN4"
4.84871775288984e-105	0.57091802963025	0.799	0.629	1.77467918473521e-100	"6"	"UNG"
5.73361823914311e-105	0.828829057306262	0.996	0.926	2.09856161170877e-100	"7"	"EIF1AX"
5.98037258648567e-105	0.85344685526344	1	0.976	2.18887617037962e-100	"7"	"MYL12A"
6.03685508576732e-105	0.581917062574078	0.262	0.151	2.2095493299417e-100	"2"	"RGS19"
6.1553850771662e-105	0.942670653741282	0.288	0.19	2.2529324920936e-100	"1"	"SYNE3"
6.44789252945474e-105	1.72288861326607	0.8	0.392	2.35999314470573e-100	"7"	"CRIM1"
7.41846058707916e-105	0.582279493346058	0.347	0.221	2.71523075947684e-100	"2"	"LRIG3"
8.62788508405351e-105	0.523146342167471	0.285	0.167	3.15789221961443e-100	"2"	"OGFRL1"
1.11749307504057e-104	0.588040097844285	0.568	0.488	4.09013640395599e-100	"1"	"PIR"
1.53195117209018e-104	0.750673314555059	0.362	0.261	5.60709448496726e-100	"1"	"HSD17B7"
1.60156728392734e-104	0.964026789990386	1	0.952	5.86189641590246e-100	"7"	"EMP3"
1.8898211105435e-104	3.80175396141587	0.732	0.14	6.91693424670028e-100	"8"	"LMOD1"
2.05973124494516e-104	0.527055879901017	1	0.999	7.53882232962378e-100	"7"	"HINT1"
2.26193804843711e-104	0.551844939876545	0.835	0.714	8.27891945108468e-100	"6"	"STARD7"
2.51385956651533e-104	1.36493175723021	0.842	0.411	9.20097739940277e-100	"7"	"GNB4"
2.69181105502638e-104	0.602821514369835	0.559	0.458	9.85229764250204e-100	"3"	"SMARCD1"
2.73138909591778e-104	1.36826915023065	0.92	0.57	9.99715722996868e-100	"7"	"TACC1"
2.76251267747535e-104	0.557990715648248	0.719	0.669	1.01110726508275e-99	"3"	"PAPSS1"
2.935487651542e-104	0.601492122874285	0.799	0.683	1.07441783534089e-99	"6"	"COA6"
3.15527884903975e-104	0.81334590772284	0.994	0.874	1.15486361153704e-99	"7"	"FIBP"
3.2327189087157e-104	0.541588201429049	0.368	0.239	1.18320744777903e-99	"2"	"NPAS2"
3.4393278954321e-104	0.534317519551762	0.625	0.538	1.2588284030071e-99	"3"	"LYPLAL1"
3.76716451810231e-104	0.510036286191999	0.884	0.79	1.37881988527062e-99	"6"	"AK2"
3.7818192647974e-104	0.504079420978294	0.36	0.229	1.3841836691085e-99	"2"	"CC2D2A"
3.93579264668719e-104	1.57886775514318	0.551	0.169	1.44053946661398e-99	"7"	"NUP85"
4.56082566535666e-104	1.15740297946991	0.992	0.853	1.66930780177719e-99	"7"	"CAP1"
4.92002705470181e-104	0.828604792054682	0.32	0.204	1.80077910229141e-99	"3"	"KIF21A"
6.13960406010167e-104	1.07059177174304	0.498	0.333	2.24715648203781e-99	"6"	"ADIPOR2"
7.034118148975e-104	0.756638687734091	0.671	0.517	2.57455758370634e-99	"6"	"UVRAG"
7.05251278234736e-104	0.503882733207251	0.664	0.631	2.58129020346696e-99	"1"	"MTURN"
8.70241132375668e-104	1.28610566580815	0.914	0.578	3.18516956860818e-99	"7"	"RRP7A"
1.06577590702817e-103	0.846602495768576	0.399	0.27	3.9008463973138e-99	"2"	"NDUFA4L2"
1.11036295607551e-103	0.79496728950348	0.689	0.535	4.06403945553199e-99	"6"	"ESYT1"
1.15401834728632e-103	0.799522229686435	0.998	0.926	4.22382255290267e-99	"7"	"RBM8A"
1.40504141415415e-103	1.59456394275256	0.563	0.178	5.14259207994559e-99	"7"	"CHEK2"
1.4333098854704e-103	0.638673176607848	0.783	0.657	5.2460575118102e-99	"6"	"UBQLN1"
1.49366786993291e-103	0.52840445995039	0.861	0.787	5.46697377074144e-99	"5"	"OPTN"
2.1735473005007e-103	0.536501683579415	0.674	0.605	7.95540047456261e-99	"4"	"FEZ1"
2.28843368960771e-103	3.70287400366733	0.514	0.065	8.37589614733317e-99	"8"	"OLFML1"
2.57020780682442e-103	1.06126966003204	0.964	0.706	9.40721759375807e-99	"7"	"CMC2"
2.83412126251565e-103	0.506857597385166	0.896	0.895	1.03731672329335e-98	"5"	"SEC61A1"
2.8571774473398e-103	0.876120564781643	0.685	0.63	1.04575551750084e-98	"5"	"OSBP"
3.09873805537034e-103	0.526092249696417	0.871	0.767	1.1341691156461e-98	"6"	"NAA50"
3.34178351062825e-103	1.72854388411619	0.591	0.203	1.22312618272505e-98	"7"	"DDAH1"
3.83724128908186e-103	0.877463067009704	0.99	0.883	1.40446868421685e-98	"7"	"SNRPC"
3.87303949613456e-103	0.538858360258381	0.304	0.185	1.41757118598021e-98	"2"	"POP1"
4.57360172399421e-103	1.04400083493013	0.437	0.262	1.67398396699912e-98	"6"	"RBMXL1"
4.86360767921529e-103	1.27334430969746	0.93	0.609	1.78012904666959e-98	"7"	"PTBP1"
5.76731629524173e-103	1.20507170844075	0.434	0.303	2.11089543722143e-98	"5"	"MPV17L2"
5.82723575262577e-103	2.03452615956	0.579	0.199	2.13282655781856e-98	"7"	"CDKN2D"
6.64370627187981e-103	0.716091935488316	0.707	0.563	2.43166293257073e-98	"6"	"MPDU1"
9.3677053836781e-103	1.28382821879759	0.794	0.326	3.42867384748002e-98	"7"	"DPYSL3"
9.92072871281806e-103	1.00643003423743	0.348	0.239	3.63108591617854e-98	"4"	"ABCA6"
1.13593349415843e-102	1.70606099975713	0.563	0.181	4.15763018196928e-98	"7"	"CLN6"
1.16287512103916e-102	1.06681970726906	0.972	0.729	4.25623923051541e-98	"7"	"HNRNPUL1"
1.28404976696252e-102	0.926812603425302	0.297	0.188	4.69975055205951e-98	"3"	"TYSND1"
1.34268721625943e-102	1.94871427598769	0.497	0.148	4.91436948023113e-98	"7"	"PLAT"
2.34665433745452e-102	0.578963117308664	0.274	0.162	8.5889895405173e-98	"2"	"SLC38A7"
2.81090448597511e-102	1.32425363386937	0.892	0.509	1.02881915091175e-97	"7"	"SMC3"
2.87118718034882e-102	0.843382965133072	0.294	0.195	1.05088321987947e-97	"1"	"RIPOR3"
3.29793803364126e-102	0.832487653624413	0.584	0.472	1.20707829969304e-97	"5"	"NUS1"
3.86116738850958e-102	0.622091813101008	0.564	0.428	1.41322587586839e-97	"2"	"VIM-AS1"
4.03411639198476e-102	0.789799815824816	0.932	0.568	1.47652694063034e-97	"7"	"SDF2L1"
4.96370335311145e-102	2.13545984691801	0.285	0.056	1.81676506427232e-97	"7"	"CEP85"
5.44809518217827e-102	0.667512507162656	0.708	0.548	1.99405731762907e-97	"6"	"SAC3D1"
5.6600022107991e-102	1.28081823388023	0.95	0.59	2.07161740917458e-97	"7"	"VASN"
6.66142033019746e-102	0.514813736884153	0.867	0.778	2.43814645505557e-97	"6"	"LONP2"
7.53943566794097e-102	1.5230596763954	0.76	0.336	2.75950884882307e-97	"7"	"POGLUT3"
7.71242902853369e-102	0.606414210665597	0.521	0.44	2.82282614873361e-97	"1"	"LINC02202"
1.1148129049508e-101	0.875186105755801	0.515	0.333	4.08032671341043e-97	"6"	"ADAMTS12"
1.1445966229877e-101	1.07737637678903	0.982	0.785	4.18933809979727e-97	"7"	"DST"
1.29872305714846e-101	0.656416382047578	0.762	0.634	4.75345626146907e-97	"6"	"SUCLA2"
1.62320237614824e-101	0.583517407854831	0.515	0.39	5.94108301694016e-97	"3"	"KCTD12"
1.79490501635246e-101	0.861081246886996	0.334	0.219	6.56953185035163e-97	"3"	"MYLK"
1.95525550287444e-101	0.714939917621808	0.672	0.51	7.15643066607075e-97	"6"	"PITPNA-AS1"
2.02837326805601e-101	0.738457707682752	0.459	0.35	7.42404899841178e-97	"3"	"TTC38"
2.15703885898485e-101	1.43421831414921	0.912	0.59	7.89497792777043e-97	"7"	"DCBLD2"
2.30138929697981e-101	1.67205225920098	0.499	0.145	8.42331496587579e-97	"7"	"DSCC1"
2.48456705025885e-101	0.733047659488974	0.393	0.291	9.0937638606524e-97	"1"	"TRHDE"
2.98294811008759e-101	4.01756767270833	0.601	0.092	1.09178883777316e-96	"8"	"CNN1"
3.70062713634026e-101	0.563834233300491	0.264	0.155	1.3544665381719e-96	"2"	"PLA2R1"
4.38424249547208e-101	0.597612973913139	0.73	0.52	1.60467659576774e-96	"6"	"KLF15"
4.88978852913228e-101	1.58749441087275	0.641	0.233	1.7897114995477e-96	"7"	"PAK1"
5.08415221018955e-101	0.659743818242406	0.748	0.624	1.86085055045148e-96	"6"	"PLA2G12A"
5.72176348415889e-101	0.79279487560752	0.623	0.464	2.094222652837e-96	"6"	"ACP2"
6.01991199018156e-101	1.04546975248514	0.992	0.836	2.20334798752635e-96	"7"	"MARCKS"
7.22254157542682e-101	0.532941104215461	0.298	0.181	2.64352244202197e-96	"2"	"PCDHGA12"
9.18455142782812e-101	0.530537533687869	0.759	0.674	3.36163766809937e-96	"5"	"CCNB1IP1"
9.44374538314125e-101	0.894402657164979	0.874	0.39	3.45650524768353e-96	"7"	"DKK1"
1.13126479795464e-100	0.518743009918482	0.892	0.874	4.14054228699379e-96	"5"	"PCMT1"
1.14472478935597e-100	0.555696363382639	0.278	0.165	4.1898072015218e-96	"2"	"C17orf75"
1.51463092846364e-100	4.13832503460682	0.435	0.048	5.54370066126975e-96	"8"	"A2M"
1.74172722467218e-100	1.57062191697508	0.595	0.2	6.37489581502266e-96	"7"	"POP1"
1.79981127424977e-100	2.30561851371757	0.343	0.08	6.58748924488159e-96	"7"	"CDCA7"
2.09204777480111e-100	0.586152730256229	0.269	0.159	7.65710406054954e-96	"2"	"XYLT2"
2.18468876717662e-100	1.58890551562327	0.95	0.575	7.99617935674316e-96	"7"	"SERPINE1"
2.96787659694769e-100	1.71832711912787	0.493	0.146	1.08627251324882e-95	"7"	"FAM122B"
3.17915356619484e-100	1.13670431687598	0.942	0.645	1.16360199676297e-95	"7"	"PSMG1"
3.65867977260588e-100	2.16663958129867	0.293	0.06	1.33911338357148e-95	"7"	"FAM110A"
3.89385615278484e-100	1.46925414780684	0.944	0.64	1.42519029048078e-95	"7"	"TUBA1A"
4.13492086417111e-100	0.789992970612498	0.609	0.446	1.51342238549527e-95	"6"	"DCTN6"
4.67941622960755e-100	1.31348497879148	0.47	0.309	1.71271313419866e-95	"6"	"ELOVL6"
5.13088019629341e-100	1.004620058065	0.98	0.763	1.87795346064535e-95	"7"	"RUVBL2"
6.73060273016696e-100	2.22465416887765	0.341	0.079	2.46346790526841e-95	"7"	"FMN2"
1.12721460687177e-99	1.0990040085993	0.281	0.179	4.12571818261137e-95	"2"	"COL15A1"
1.1947606926341e-99	0.632757956328513	0.443	0.315	4.37294361111009e-95	"4"	"PTGIS"
1.33077919285955e-99	0.764544276717771	0.988	0.912	4.87078492378525e-95	"7"	"MEA1"
1.33605552701818e-99	0.976236956633058	0.97	0.766	4.89009683443925e-95	"7"	"PIN1"
1.57193019930607e-99	2.61475799005945	0.475	0.152	5.75342172248015e-95	"7"	"SEMA7A"
1.76708224558849e-99	0.670071049668228	0.41	0.289	6.46769772707845e-95	"3"	"HIST2H2AC"
2.54115802451711e-99	1.08568216687441	0.984	0.862	9.30089248553506e-95	"7"	"LRRC59"
3.68785379427894e-99	0.718622793878425	0.702	0.562	1.34979136724403e-94	"6"	"ZHX1"
4.10194843837328e-99	0.723977729250769	0.402	0.284	1.501354147929e-94	"3"	"TRIM35"
6.2001815340334e-99	1.16081997131799	0.964	0.74	2.26932844327156e-94	"7"	"HNRNPH3"
7.2046022840471e-99	1.81661329157872	0.663	0.265	2.63695648198408e-94	"7"	"ACYP1"
8.92018055969382e-99	0.596610793638822	0.258	0.151	3.26487528665354e-94	"2"	"DPH6"
9.13268526734717e-99	0.58479838773766	0.582	0.464	3.34265413470174e-94	"4"	"AP000331.1"
9.63872882479879e-99	0.763964112947358	0.639	0.488	3.52787113716461e-94	"6"	"MRPL46"
1.31474014361937e-98	1.18642144978307	0.32	0.163	4.81208039966127e-94	"6"	"HSPA4L"
1.36678606776467e-98	0.634752030345333	0.488	0.375	5.00257368662547e-94	"3"	"RGMB"
1.77177630737583e-98	0.838424251249781	0.988	0.892	6.48487846262626e-94	"7"	"MRPL17"
2.6422003262455e-98	1.95623393932856	0.299	0.062	9.67071741409117e-94	"7"	"GSTCD"
2.73772255795632e-98	1.65686526642923	0.501	0.149	1.00203383343759e-93	"7"	"FBLN7"
2.88506308085355e-98	0.859377076775361	0.251	0.147	1.05596193822321e-93	"3"	"ADAMTS9"
3.00019955838258e-98	1.56153778978055	0.599	0.207	1.09810304036361e-93	"7"	"NEDD1"
3.16443137816325e-98	0.79405771295836	0.988	0.899	1.15821352872153e-93	"7"	"TPR"
3.74326884098321e-98	1.52987029061954	0.665	0.247	1.37007382848826e-93	"7"	"USP13"
4.1893187521639e-98	0.740500825342878	0.663	0.507	1.53333255647951e-93	"6"	"RRP9"
5.2866433774424e-98	1.15716568811383	0.942	0.579	1.93496434257769e-93	"7"	"PDLIM7"
6.56638582591881e-98	0.534686764927651	0.312	0.193	2.40336287614454e-93	"2"	"ZBTB17"
6.71596009490815e-98	0.562285652907438	0.255	0.149	2.45810855433733e-93	"2"	"SSH3"
7.79975455386239e-98	0.677633022611166	0.998	0.998	2.85478816425917e-93	"7"	"RHOA"
8.57854500039155e-98	0.738550159284023	0.639	0.473	3.13983325559331e-93	"6"	"MNAT1"
8.71897658792077e-98	1.44897380110411	0.776	0.351	3.19123262094488e-93	"7"	"RNF26"
1.06660133258811e-97	0.928319420746689	0.325	0.22	3.90386753740576e-93	"3"	"FRMD8"
1.06798974982466e-97	1.25979981823694	0.862	0.454	3.90894928333322e-93	"7"	"MTHFD1"
1.15740641300121e-97	1.13061428163214	0.922	0.512	4.23622321222572e-93	"7"	"TGFB1I1"
1.18903881023477e-97	0.611316412886391	0.782	0.653	4.35200094934027e-93	"6"	"PUM3"
1.21987879889097e-97	0.69312009446789	0.998	0.941	4.46487839182085e-93	"7"	"NDUFB6"
1.28024140599637e-97	0.58752747368441	0.996	0.979	4.68581157008732e-93	"7"	"SRSF9"
1.40100903772734e-97	0.957657430686443	0.99	0.876	5.12783317898583e-93	"7"	"PSME2"
1.97188344835934e-97	0.584192083209033	1	0.996	7.21729060934003e-93	"7"	"HSP90B1"
2.29586058309489e-97	0.52086745905044	0.801	0.75	8.40307932018561e-93	"5"	"RPAIN"
3.93011174481669e-97	0.883271690327271	0.352	0.244	1.43846019972036e-92	"3"	"ABCD1"
4.00809137085849e-97	1.48940404663496	0.97	0.73	1.46700152264792e-92	"7"	"CAPN2"
4.13988293188118e-97	1.04186875301204	0.46	0.294	1.51523855189783e-92	"6"	"HSBP1L1"
4.40403992023656e-97	0.506096485629952	0.878	0.796	1.61192265120578e-92	"6"	"HSD17B10"
4.50089533428462e-97	0.591799492542856	0.789	0.66	1.64737270130151e-92	"6"	"ENSA"
4.9982780281046e-97	0.642459955039753	0.994	0.971	1.82941974106657e-92	"7"	"PSMB3"
6.08919039339602e-97	0.955226395205996	0.982	0.775	2.22870457588688e-92	"7"	"MZT2A"
7.15053792398333e-97	0.555749744530442	0.645	0.459	2.61716838555714e-92	"5"	"APCDD1"
9.45213584424844e-97	1.97961962057338	0.295	0.061	3.45957624035337e-92	"7"	"RTTN"
1.09382836700874e-96	0.529356477851117	0.265	0.156	4.00352120608868e-92	"2"	"CCDC22"
1.42561148066511e-96	0.685498822347803	0.723	0.644	5.21788058038237e-92	"5"	"RRAS2"
1.44406493600243e-96	0.852626992119708	0.27	0.164	5.2854220722625e-92	"3"	"SLC22A23"
1.48749921835266e-96	0.681582532820619	0.996	0.935	5.44439588909258e-92	"7"	"RER1"
1.7806617944152e-96	0.515819064238019	1	0.998	6.51740023373908e-92	"7"	"PRDX1"
1.89567793712812e-96	0.942200876062757	0.974	0.804	6.93837081768263e-92	"7"	"BCLAF1"
2.83689830831966e-96	1.03171797526986	0.639	0.225	1.03833314982808e-91	"7"	"CSRP2"
3.08001046058236e-96	0.926977898583897	0.984	0.856	1.12731462867775e-91	"7"	"LSM8"
3.50935444096769e-96	0.513883511047334	0.633	0.554	1.28445881893859e-91	"3"	"PPID"
3.92744393962558e-96	1.42375597863772	0.774	0.355	1.43748375634236e-91	"7"	"FUBP1"
4.13758998098818e-96	1.33176656855108	0.966	0.701	1.51439930894148e-91	"7"	"MSN"
4.24606569879521e-96	0.540225160229421	0.264	0.156	1.55410250641603e-91	"2"	"TRIM21"
5.82639932743031e-96	0.56086928335496	0.271	0.163	2.13252041783277e-91	"2"	"PPP2R5B"
6.59142613927384e-96	1.19553305427889	0.964	0.73	2.41252788123562e-91	"7"	"HDGF"
7.73228062426786e-96	0.89746440578513	0.525	0.359	2.83009203128828e-91	"6"	"HDDC3"
1.06313642363024e-95	0.836661086266071	0.345	0.251	3.89118562412904e-91	"1"	"AGTR1"
1.46525185666004e-95	0.51982157552583	0.298	0.184	5.3629683205614e-91	"2"	"POLR3B"
1.47034176715415e-95	1.2400806608474	0.884	0.475	5.3815979019609e-91	"7"	"UCHL5"
2.11130291315759e-95	0.546589504420106	1	0.997	7.7275797924481e-91	"7"	"CALU"
2.82884032926732e-95	0.524309033393716	0.27	0.162	1.03538384891513e-90	"2"	"ZNF862"
3.62325627612275e-95	0.554494134557559	0.258	0.153	1.32614802962369e-90	"2"	"AP3M2"
3.8358462370393e-95	1.15857040004947	0.405	0.247	1.40395808121876e-90	"6"	"FAM199X"
4.69695845175279e-95	1.64631752510374	0.715	0.314	1.71913376292604e-90	"7"	"ARHGAP29"
5.2281872541358e-95	1.35553293306438	0.707	0.292	1.91356881688625e-90	"7"	"CBR3"
5.44979145517415e-95	0.689325998737303	0.411	0.297	1.99467817050829e-90	"3"	"DIXDC1"
6.01271515567933e-95	0.861535893090835	0.988	0.801	2.20071387413019e-90	"7"	"BOLA3"
6.3913971011616e-95	0.516770039122062	0.598	0.507	2.33931525299616e-90	"3"	"PITPNA-AS1"
7.01382063763217e-95	0.645235608422155	0.268	0.162	2.56712849157975e-90	"2"	"AC090197.1"
7.49155223882324e-95	0.515480358236326	0.851	0.752	2.7419830349317e-90	"2"	"HMOX1"
8.17764325559918e-95	1.01434320316207	0.477	0.311	2.99309920798186e-90	"6"	"MRTFB"
1.07436954626522e-94	0.612560925309466	0.501	0.398	3.93229997628533e-90	"3"	"SCML1"
1.38197447595493e-94	0.517739183049415	0.631	0.556	5.05816477944265e-90	"3"	"DRAM2"
1.4028215356329e-94	0.622199238482464	0.445	0.326	5.13446710256997e-90	"3"	"ADAMTS12"
1.5369858412553e-94	0.643164151726805	0.47	0.382	5.62552187757854e-90	"1"	"CDKN2B"
1.73592786609303e-94	0.584839779983575	0.563	0.502	6.35366958268712e-90	"1"	"AACS"
1.80565184346941e-94	0.6282268534118	0.747	0.623	6.60886631228238e-90	"6"	"MRPL42"
1.86747161963562e-94	0.645814192641278	0.859	0.86	6.83513287502833e-90	"5"	"ARMCX3"
1.87192354192583e-94	0.824343943861823	0.984	0.857	6.85142735580273e-90	"7"	"LSM5"
1.91221885272521e-94	0.709672976387487	0.469	0.368	6.99891222285954e-90	"3"	"SLC36A4"
1.99573063188663e-94	1.42886976476987	0.294	0.148	7.30457368576825e-90	"6"	"STAR"
2.45107212420856e-94	0.530057954246931	0.277	0.168	8.97116908181576e-90	"2"	"ZBTB22"
3.29948910254604e-94	1.94007718857711	0.311	0.068	1.20764600642287e-89	"7"	"LCLAT1"
3.48787943760479e-94	0.799588083979058	0.776	0.717	1.27659875295773e-89	"3"	"CRYAB"
3.54335062527531e-94	1.39159519660933	0.878	0.533	1.29690176235701e-89	"7"	"SNRPA1"
4.22512207405814e-94	1.12186859167276	0.347	0.189	1.54643693032602e-89	"6"	"HOXB8"
4.6383473230369e-94	1.03123119561634	0.972	0.738	1.69768150370474e-89	"7"	"FLOT1"
5.4906609784782e-94	0.520238721294838	0.413	0.283	2.00963682473281e-89	"2"	"ROR1"
5.53152928208132e-94	1.06524030738947	0.956	0.611	2.02459503253459e-89	"7"	"TUBB2A"
6.87763375950627e-94	0.713140781842575	0.451	0.347	2.51728273231689e-89	"3"	"ORMDL3"
7.3245771687294e-94	0.645110112739027	0.722	0.585	2.68086848952665e-89	"6"	"MTRES1"
7.57633885714733e-94	0.634678604094398	0.517	0.42	2.77301578510449e-89	"3"	"DAG1"
8.2538611144109e-94	0.514194160724487	0.263	0.169	3.02099570648553e-89	"0"	"KLHL5"
8.36300155953464e-94	1.01192500151867	0.677	0.594	3.06094220080527e-89	"2"	"CRIP1"
8.45249004678285e-94	1.78690830753801	0.661	0.276	3.09369588202299e-89	"7"	"CD9"
9.96923198274505e-94	0.620804490758923	1	0.989	3.64883859800452e-89	"7"	"ARPC2"
9.99932081446512e-94	0.74379050482806	0.394	0.303	3.65985141130238e-89	"1"	"TCF7L1"
1.22171125032554e-93	1.31155425681343	0.265	0.126	4.47158534731653e-89	"6"	"PHOSPHO2"
1.36158352926147e-93	0.72211643065899	0.436	0.331	4.98353187544989e-89	"3"	"CEPT1"
1.36526673337539e-93	0.938823366974185	0.966	0.754	4.99701277082728e-89	"7"	"MRPL11"
1.36642072216312e-93	0.737369471768165	1	1	5.00123648518925e-89	"7"	"LGALS1"
1.60230122728531e-93	0.685998457166735	0.996	0.945	5.86458272198695e-89	"7"	"TXNDC17"
1.61636584051016e-93	1.41562058764707	0.914	0.618	5.91606061285122e-89	"7"	"SERPINE2"
1.98952263831776e-93	1.08841020244666	0.422	0.294	7.28185180850684e-89	"5"	"EMC9"
2.24180649188666e-93	0.505034847276372	0.759	0.628	8.20523594095435e-89	"5"	"UNG"
2.30679643717363e-93	1.55855727122621	0.671	0.273	8.4431056396992e-89	"7"	"C3orf14"
2.32976798996105e-93	0.884218463916917	0.98	0.833	8.52718382005644e-89	"7"	"THRAP3"
2.54134639451604e-93	0.620793818194687	0.753	0.626	9.30158193856817e-89	"6"	"PSMD10"
2.65594528226618e-93	1.28067674067228	0.723	0.296	9.72102532762243e-89	"7"	"SWAP70"
3.16781425332366e-93	0.695024487686187	0.466	0.383	1.15945169485899e-88	"1"	"FXYD1"
3.71544963257189e-93	1.36871757494383	0.737	0.317	1.35989172001764e-88	"7"	"ADAMTSL1"
3.76170858803432e-93	1.12496460840442	0.948	0.585	1.37682296030644e-88	"7"	"ITGB5"
3.87085054072467e-93	1.82431764336204	0.485	0.15	1.41677000641064e-88	"7"	"PAK4"
4.53458633114977e-93	1.90122900748925	0.447	0.131	1.65970394306413e-88	"7"	"DOCK10"
5.14967801623131e-93	1.29312336625721	0.84	0.421	1.88483365072082e-88	"7"	"PAGR1"
5.50663711535741e-93	1.35306855952735	0.758	0.326	2.01548425059197e-88	"7"	"ALDH16A1"
5.61714592783087e-93	1.33711656068862	0.808	0.393	2.05593158104538e-88	"7"	"RAI14"
6.14945232324448e-93	1.751069582641	0.405	0.108	2.25076104483071e-88	"7"	"TOE1"
8.17022741503094e-93	1.76897837402095	0.377	0.096	2.99038493617547e-88	"7"	"CEP135"
1.00126194877694e-92	1.02676823348602	0.394	0.231	3.66471885871846e-88	"6"	"PPTC7"
1.00649765776398e-92	0.598763714168752	0.579	0.534	3.68388207718193e-88	"1"	"RNF19A"
1.06627391366749e-92	0.928748032316755	0.618	0.548	3.90266915141439e-88	"5"	"STX5"
1.34398810324642e-92	1.39119440627963	0.262	0.144	4.91913085669223e-88	"5"	"TTLL7"
1.3774723867092e-92	0.543917014529465	0.68	0.63	5.04168668259435e-88	"3"	"PTPRA"
1.74438464728802e-92	0.985171236890857	0.452	0.326	6.38462224753888e-88	"5"	"CGRRF1"
1.75793554985309e-92	0.516666702144709	0.84	0.735	6.43421990601729e-88	"6"	"PLTP"
2.18233658533977e-92	0.552965790959221	0.879	0.868	7.98757013600208e-88	"5"	"GOLGA4"
2.18559703633701e-92	2.12244379577738	0.349	0.086	7.99950371269708e-88	"7"	"PMAIP1"
3.10449292936414e-92	0.709262944796847	0.998	0.958	1.13627545707657e-87	"7"	"GNB2"
3.23407769150321e-92	0.607576389803734	1	1	1.18370477586709e-87	"7"	"MYL6"
3.6112773261172e-92	0.83010788595735	0.683	0.636	1.32176361413215e-87	"5"	"TRIM27"
5.80379049222819e-92	0.649724230815059	0.725	0.594	2.12424535806044e-87	"6"	"NDUFS1"
6.13357586149312e-92	0.940059231764804	0.447	0.28	2.2449501010651e-87	"6"	"LRP5"
7.47473654377849e-92	1.10810297326698	0.974	0.752	2.73582832238837e-87	"7"	"VCL"
7.68503667369962e-92	0.741631830216869	0.994	0.906	2.8128002729408e-87	"7"	"MRPS16"
8.16762425731701e-92	3.502668849903	0.551	0.084	2.9894321544206e-87	"8"	"MRVI1"
8.24897354466369e-92	0.587646689282718	0.846	0.846	3.01920680708236e-87	"5"	"GORASP2"
8.30240826836334e-92	0.619633920806698	0.747	0.619	3.03876445030367e-87	"6"	"MRPL19"
9.03273527192257e-92	0.77232395267996	0.996	0.929	3.30607143687638e-87	"7"	"ATP5MC1"
1.41153076344952e-91	0.883830853027613	0.998	0.709	5.16634374730158e-87	"7"	"ISLR"
1.53874325090174e-91	0.528599837839452	0.817	0.726	5.63195417262547e-87	"6"	"MRPS11"
1.96280122991864e-91	1.49209076534395	0.719	0.308	7.18404878162521e-87	"7"	"NAV2"
3.09866902662364e-91	0.995288622735999	0.972	0.77	1.13414385043452e-86	"7"	"ITGB1BP1"
3.1154893866039e-91	3.67112634249859	0.384	0.041	1.1403002703909e-86	"8"	"HCLS1"
5.8602389019745e-91	1.61713300027288	0.475	0.144	2.14490604051169e-86	"7"	"AOPEP"
6.05116139472885e-91	0.817222327635011	0.984	0.87	2.21478558208471e-86	"7"	"NUDC"
6.0563569897887e-91	0.52614626873943	0.259	0.155	2.21668722183256e-86	"2"	"CRTC1"
6.47342231764603e-91	1.82361070129438	0.383	0.1	2.36933730248162e-86	"7"	"RAB27A"
6.87059057699151e-91	1.06807619885208	0.946	0.683	2.51470485708466e-86	"7"	"TFDP1"
9.9403966292152e-91	0.864651603865907	0.996	0.988	3.63828457025906e-86	"7"	"EIF5A"
2.46538946086802e-90	1.39683036524692	0.752	0.348	9.02357196572303e-86	"7"	"NXN"
2.64055336381831e-90	0.65970915290877	0.541	0.451	9.6646893669114e-86	"4"	"BMERB1"
4.21458476216154e-90	0.581032669181453	0.277	0.17	1.54258016879874e-85	"2"	"MCM6"
4.83811907219912e-90	0.790756491220756	0.477	0.387	1.7707999616156e-85	"4"	"NDRG1"
6.17718913178038e-90	1.48454763421768	0.581	0.201	2.26091299412294e-85	"7"	"MRE11"
6.51864800997333e-90	1.93718475728479	0.733	0.333	2.38589035813034e-85	"7"	"FST"
6.56242582270524e-90	0.740775664903818	0.362	0.253	2.40191347536834e-85	"3"	"AKNA"
7.43080909181448e-90	0.843769715827249	0.986	0.865	2.71975043569502e-85	"7"	"SNRPF"
8.65110576948713e-90	1.18588991121192	0.334	0.185	3.16639122268998e-85	"6"	"CAMSAP1"
1.02748599718381e-89	0.73349564232519	0.994	0.934	3.76070149829246e-85	"7"	"MLEC"
1.16346364406301e-89	1.07496002390574	0.96	0.682	4.25839328363504e-85	"7"	"TRIOBP"
2.13642512133563e-89	1.19648873654263	0.886	0.53	7.81952958660053e-85	"7"	"SUZ12"
2.24558749277195e-89	1.37331440205525	0.982	0.915	8.2190747822946e-85	"7"	"CAVIN1"
2.6188968810358e-89	0.52906330869417	0.266	0.161	9.58542447427915e-85	"2"	"GTPBP2"
3.30983812084452e-89	1.24989603659417	0.735	0.306	1.2114338506103e-84	"7"	"PLSCR1"
3.94798139165494e-89	1.60423436369362	0.693	0.308	1.44500066915962e-84	"7"	"SOGA1"
4.11834555613608e-89	0.55035897368716	0.606	0.569	1.50735565700137e-84	"1"	"IL11RA"
4.30150943572032e-89	1.11018387386175	0.946	0.622	1.57439546856799e-84	"7"	"ADAM9"
4.31741188935931e-89	1.24870683339796	0.842	0.429	1.5802159256244e-84	"7"	"HAUS1"
4.39425074831215e-89	0.518325525202872	0.255	0.152	1.60833971638973e-84	"2"	"FAM214B"
5.23939090424699e-89	0.904245153145345	0.476	0.312	1.91766946486344e-84	"6"	"LIAS"
6.25517775889662e-89	0.508966293423958	0.586	0.482	2.28945761153375e-84	"3"	"IRF2BPL"
6.4354254260302e-89	0.539150858079998	0.759	0.616	2.35543006018131e-84	"6"	"SCRN2"
7.21350859494649e-89	3.94422165789963	0.848	0.248	2.64021628083636e-84	"8"	"CLEC3B"
7.45357871849631e-89	1.76289127015584	0.395	0.106	2.72808434675683e-84	"7"	"SPATA5"
8.19560240522487e-89	0.590845118926463	0.736	0.609	2.99967243633635e-84	"6"	"LARP4"
8.5344507931106e-89	0.583898159865417	0.754	0.703	3.12369433478641e-84	"5"	"SLC52A2"
1.03638193849701e-88	2.15744790330106	0.343	0.086	3.79326153309291e-84	"7"	"ARHGAP22"
1.0421003738256e-88	1.53733783562785	0.709	0.319	3.8141915782391e-84	"7"	"SACS"
1.07918323052385e-88	0.722353404788535	0.425	0.321	3.94991854204036e-84	"3"	"CLK4"
1.15420334307483e-88	0.948978130054921	0.958	0.709	4.22449965598819e-84	"7"	"RABL6"
1.19138827098006e-88	1.39800421709174	0.272	0.18	4.36060021061413e-84	"4"	"SQOR"
1.57296288629378e-88	1.55908846775496	0.643	0.254	5.75720146012388e-84	"7"	"MYO10"
1.88853878250858e-88	1.61405165502522	0.599	0.228	6.91224079785966e-84	"7"	"FOXC2"
2.18964698830429e-88	1.25520196123982	0.812	0.402	8.01432694189253e-84	"7"	"NUP37"
2.49826571188336e-88	1.72516181700783	0.401	0.111	9.14390233206428e-84	"7"	"OSBPL3"
2.56252457233842e-88	0.611252665377441	0.493	0.394	9.37909618721586e-84	"3"	"SPR"
2.63101261224632e-88	0.659100553845023	0.992	0.955	9.62976926208274e-84	"7"	"GADD45GIP1"
3.12857189827589e-88	0.600042481560443	0.697	0.613	1.14508860048796e-83	"5"	"SPSB3"
3.21299521795065e-88	0.5971581236521	0.984	0.776	1.17598837972212e-83	"7"	"MANF"
4.25618818657025e-88	3.57233014751081	0.891	0.289	1.55780743816658e-83	"8"	"NDUFA4L2"
4.79971195000924e-88	0.630341416024802	0.719	0.586	1.75674257082288e-83	"6"	"RAP1GDS1"
5.28893307274081e-88	1.01679891247525	0.974	0.791	1.93580239395386e-83	"7"	"SYNCRIP"
5.46325101800893e-88	0.548521806314257	0.88	0.875	1.99960450510145e-83	"5"	"TFG"
6.21647262526988e-88	1.80519586321427	0.677	0.297	2.27529114557503e-83	"7"	"AXL"
6.7846407981667e-88	1.50743923447671	0.469	0.141	2.483246378537e-83	"7"	"DARS2"
7.11186500379527e-88	0.513998593566796	0.267	0.163	2.60301371003911e-83	"2"	"ZMIZ2"
7.20672452069621e-88	0.749031355364926	0.614	0.457	2.63773324182002e-83	"6"	"PMVK"
7.47304195197839e-88	0.736011120346057	0.998	0.978	2.73520808484361e-83	"7"	"PTMS"
8.94004250027456e-88	0.67710249751908	0.689	0.633	3.27214495552549e-83	"5"	"SLC50A1"
9.05050356454686e-88	0.695195035824923	0.992	0.928	3.3125748096598e-83	"7"	"UBE2I"
9.6727307847739e-88	0.513056658305022	0.378	0.274	3.54031619453509e-83	"0"	"HAS2"
1.50229761412227e-87	1.08448934830144	0.368	0.212	5.49855949744894e-83	"6"	"KIF21A"
1.55361180611556e-87	0.547294243694054	0.842	0.825	5.68637457156357e-83	"5"	"GFPT1"
2.07189349158492e-87	0.947293672898057	0.964	0.799	7.58333736854996e-83	"7"	"SUPT16H"
2.0918859020124e-87	0.853450479328612	1	0.999	7.65651158995559e-83	"7"	"SH3BGRL3"
2.17460722381055e-87	1.42121779094365	0.685	0.281	7.95927989986901e-83	"7"	"HAUS6"
3.41868321655595e-87	1.4351673889767	0.717	0.316	1.25127224409164e-82	"7"	"ACD"
4.53331602719365e-87	0.932360524063792	0.972	0.77	1.65923899911315e-82	"7"	"MAZ"
4.66172435859363e-87	0.566543931761063	0.564	0.487	1.70623773248885e-82	"3"	"FAM219B"
4.67200934056396e-87	1.00598877720049	0.97	0.698	1.71000213873981e-82	"7"	"PRRX1"
4.85398792779485e-87	0.609071855966209	0.469	0.365	1.77660812145219e-82	"3"	"PDE8A"
5.18482300267421e-87	0.669177728772045	0.67	0.53	1.89769706720879e-82	"6"	"RMDN3"
5.4746343413701e-87	0.635854853521427	0.689	0.603	2.00377091528487e-82	"5"	"ALDH6A1"
5.84545173444648e-87	1.45552258650688	0.623	0.231	2.13949378932476e-82	"7"	"FGFR1OP"
6.5359265717441e-87	1.02103794415193	0.95	0.702	2.39221448452406e-82	"7"	"PARP1"
8.70097233035242e-87	0.895506632900473	0.466	0.304	3.18464288263229e-82	"6"	"NKIRAS1"
9.6534987213089e-87	0.510746984184199	0.651	0.59	3.53327706698627e-82	"4"	"BDH2"
1.01849779403488e-86	4.50895537812062	0.297	0.026	3.72780377594706e-82	"8"	"CYFIP2"
1.28574320933995e-86	1.01811245501854	0.958	0.728	4.70594872050514e-82	"7"	"ATL3"
1.65605277303802e-86	1.01199394231956	0.962	0.714	6.06131875459646e-82	"7"	"TRA2B"
1.7659887628664e-86	1.39918361340403	0.687	0.289	6.46369547096732e-82	"7"	"SKP2"
1.90633778496069e-86	2.24115242434684	0.253	0.052	6.97738692673462e-82	"7"	"HIST1H2AK"
2.01739701730284e-86	0.508387566881485	0.792	0.626	7.38387482303013e-82	"6"	"LDLR"
3.29886137062225e-86	0.795501958756357	0.996	0.945	1.20741625026145e-81	"7"	"CLIC4"
3.86893249333728e-86	0.861099629434523	0.256	0.159	1.41606798188638e-81	"3"	"HSPA4L"
4.30080400000646e-86	0.703538979574138	0.996	0.974	1.57413727204236e-81	"7"	"CCT6A"
4.43978024138296e-86	0.56721039267736	0.55	0.464	1.62500396614858e-81	"3"	"POM121"
4.60520070363262e-86	0.828937243204587	0.996	0.948	1.68554950953658e-81	"7"	"TMED9"
4.70912365145465e-86	0.530816908187835	0.811	0.703	1.72358634766892e-81	"6"	"GNL3"
5.2786132800572e-86	1.03946678369457	0.986	0.842	1.93202524663374e-81	"7"	"ACTN1"
5.32823336950451e-86	0.799385214530324	0.611	0.53	1.95018669557235e-81	"5"	"LINC00960"
5.90503026175731e-86	1.12995454555956	0.934	0.614	2.16130012610579e-81	"7"	"NT5E"
6.73920693353888e-86	1.60324113216801	0.539	0.188	2.46661712974457e-81	"7"	"KAZALD1"
8.59585683113971e-86	0.646189021415473	0.998	0.954	3.14616955876545e-81	"7"	"SRP9"
9.0941978862354e-86	0.864517361059418	0.988	0.882	3.32856736834102e-81	"7"	"EIF4G1"
9.47194869254344e-86	0.611408542354777	0.51	0.415	3.46682794095783e-81	"3"	"SAMD8"
9.48749254290887e-86	0.887136300875995	0.976	0.801	3.47251714563008e-81	"7"	"RNPS1"
1.46746434296895e-85	0.849785338854199	0.85	0.413	5.37106624170064e-81	"7"	"CCN2"
1.48349444615239e-85	0.689413703068598	0.756	0.736	5.42973802236237e-81	"5"	"KRCC1"
1.52124476081102e-85	1.49156198008777	0.497	0.157	5.5679079490444e-81	"7"	"KIAA1841"
1.63099538801396e-85	1.36535929714218	0.675	0.273	5.96960621966989e-81	"7"	"TMEM107"
1.72821051684813e-85	4.47843463332532	0.275	0.023	6.32542331271583e-81	"8"	"TRPC4"
1.95069317163398e-85	0.621871847088311	0.998	0.96	7.13973207749755e-81	"7"	"NHP2"
1.97771980699856e-85	0.702841121360744	0.637	0.547	7.23865226559543e-81	"5"	"RAB8B"
2.63316294026209e-85	0.734255702847408	0.994	0.942	9.63763967765326e-81	"7"	"CCT5"
2.68801589524082e-85	0.821620892253246	0.337	0.235	9.83840697817094e-81	"3"	"SLC2A6"
2.71156657493391e-85	1.10333493106429	0.924	0.609	9.92460482091562e-81	"7"	"PAXX"
3.07929391578467e-85	1.33033059773936	0.256	0.141	1.12705236611635e-80	"5"	"COL11A1"
3.14434350111296e-85	1.26121878475149	0.328	0.185	1.15086116484236e-80	"6"	"GLCCI1"
3.59093635877426e-85	1.21236848361076	0.311	0.167	1.31431861667497e-80	"6"	"ECHDC3"
3.77275244974545e-85	0.585596070888298	0.721	0.653	1.38086512413133e-80	"5"	"TIMM9"
3.83988006879188e-85	1.51479632595025	0.503	0.163	1.40543450397852e-80	"7"	"CCHCR1"
4.02272379499057e-85	0.929201204698035	0.968	0.78	1.4723571362045e-80	"7"	"BCL7C"
4.16093585849133e-85	0.643935088487085	0.468	0.369	1.52294413356641e-80	"3"	"ING1"
4.36035869905716e-85	0.569506029147688	0.623	0.577	1.59593488744191e-80	"4"	"SNX21"
4.86107583886008e-85	1.55510464401314	0.563	0.203	1.77920236778118e-80	"7"	"GALE"
4.89691972772912e-85	0.67348853671016	0.65	0.505	1.79232158954614e-80	"6"	"RPF2"
5.80444587605138e-85	1.32469135229575	0.697	0.288	2.12448523509357e-80	"7"	"NIBAN1"
6.31628037505617e-85	0.937691443253439	0.998	0.939	2.31182178007431e-80	"7"	"YWHAZ"
7.42831979509353e-85	0.764488066847757	0.553	0.395	2.71883932820218e-80	"6"	"RRN3"
7.75344683681586e-85	1.80849511699377	0.287	0.064	2.83783907674297e-80	"7"	"NTM"
8.36068441296692e-85	1.54220883900634	0.515	0.171	3.06009410199002e-80	"7"	"CCP110"
9.10802740176227e-85	0.938277573174328	0.972	0.759	3.33362910931901e-80	"7"	"SPCS3"
1.01280493403518e-84	0.537265241702262	0.257	0.157	3.70696733906215e-80	"2"	"GATA2"
1.12806273459399e-84	0.650228586534549	0.666	0.522	4.12882241488747e-80	"6"	"MRPL39"
1.17751536580751e-84	0.977818830131362	0.406	0.251	4.30982399039205e-80	"6"	"ABCD1"
1.27237937355047e-84	0.813764929153537	0.996	0.896	4.65703574513206e-80	"7"	"HNRNPR"
1.38487764157963e-84	0.95322330421615	0.964	0.715	5.06879065594561e-80	"7"	"MRPL27"
1.44059726449169e-84	1.15651454657669	0.866	0.458	5.27273004776603e-80	"7"	"MTHFD1L"
1.45236496601733e-84	0.908323484589197	0.966	0.81	5.31580101212004e-80	"7"	"PFN2"
1.4889563175825e-84	0.613393503747793	1	0.947	5.44972901798371e-80	"7"	"COPE"
1.50094256517225e-84	1.65615127783622	0.563	0.208	5.49359988278697e-80	"7"	"CDCA7L"
1.68277218580886e-84	1.37426125739019	0.671	0.272	6.15911447727899e-80	"7"	"SEPHS1"
1.70774887673196e-84	1.34286177203684	0.661	0.262	6.25053166372663e-80	"7"	"CPT1A"
1.73192776873492e-84	1.30668321095283	0.756	0.345	6.33902882634666e-80	"7"	"KHSRP"
2.18484393450287e-84	0.619277270905291	0.722	0.589	7.99674728467394e-80	"6"	"IFRD2"
2.19417036301816e-84	0.600192637991521	0.475	0.378	8.03088294568276e-80	"3"	"CASP7"
2.22046902173305e-84	0.738693200505892	0.616	0.471	8.12713866644515e-80	"6"	"ATP6V1A"
2.66657225690374e-84	0.744856413205096	0.626	0.558	9.75992111749337e-80	"5"	"NCK1"
2.90896579609765e-84	0.828359370244775	0.994	0.927	1.0647105710297e-79	"7"	"GNAI2"
3.15203024008932e-84	0.582935549761858	0.998	0.966	1.15367458817509e-79	"7"	"PRDX3"
3.31468204692048e-84	0.897106616501571	0.25	0.165	1.21320677599337e-79	"1"	"AC004816.2"
4.93029288869357e-84	1.3078485393339	0.287	0.151	1.80453650019073e-79	"6"	"AKAP1"
7.51260383414825e-84	0.509488797139484	0.934	0.9	2.7496881293366e-79	"2"	"SOD2"
7.54627397436017e-84	1.68595185804945	0.387	0.108	2.76201173735556e-79	"7"	"STAMBPL1"
8.06806626556972e-84	0.613590320979538	0.732	0.693	2.95299293386117e-79	"5"	"FARSA"
8.86525155060882e-84	1.10789003074897	0.812	0.407	3.24477072003833e-79	"7"	"COL8A1"
1.0021473390464e-83	0.516026476475659	0.795	0.672	3.66795947564373e-79	"6"	"RERE"
1.05467188231103e-83	1.09057702933214	0.91	0.537	3.8602045564466e-79	"7"	"MAP3K20"
1.15309996105365e-83	1.34807048356416	0.547	0.183	4.22046116745245e-79	"7"	"PI4K2B"
1.19908696495294e-83	1.32061518901883	0.822	0.427	4.38877820042425e-79	"7"	"EPB41L2"
1.39302778868199e-83	1.94381071655773	0.257	0.054	5.09862100935495e-79	"7"	"COL13A1"
1.6390580019721e-83	1.47362525757545	0.435	0.127	5.99911619301807e-79	"7"	"NUP35"
1.77148260045751e-83	0.509826393941202	0.588	0.545	6.48380346593452e-79	"1"	"SSH2"
2.13538907744099e-83	0.578457127980499	0.76	0.644	7.81573756234175e-79	"6"	"PFDN6"
2.47272774336168e-83	1.13831511927947	0.84	0.417	9.05043081347809e-79	"7"	"DCPS"
2.47816684725761e-83	1.12540040754246	0.312	0.168	9.07033847764757e-79	"6"	"KANK1"
3.63209704506272e-83	0.893803352461062	0.966	0.738	1.32938383946341e-78	"7"	"YIF1B"
3.88788057186299e-83	0.723769800365402	0.328	0.224	1.42300316810757e-78	"3"	"CHST2"
3.94424171525386e-83	1.12497267779696	0.352	0.232	1.44363191020007e-78	"5"	"EDEM1"
4.07508939601431e-83	0.797608274517924	0.528	0.396	1.4915234698352e-78	"5"	"PLEKHF1"
4.31366750643275e-83	0.557568341264639	0.254	0.166	1.57884544402945e-78	"0"	"SORD"
4.66957042850995e-83	0.672396163272918	0.988	0.912	1.70910947253893e-78	"7"	"EMD"
4.68191648376251e-83	0.953121054076	0.436	0.284	1.71362825222192e-78	"6"	"COA7"
4.72120856679769e-83	1.01047249902362	0.934	0.587	1.72800954753362e-78	"7"	"BCAP29"
5.47375167058599e-83	0.717259792376373	0.538	0.45	2.00344784895118e-78	"4"	"ADAMTS5"
8.67475572636741e-83	1.435678683221	0.691	0.299	3.17504734340774e-78	"7"	"TARBP2"
1.19832373179118e-82	0.53659884608438	0.835	0.731	4.38598469072889e-78	"6"	"TARS"
1.21611601422803e-82	1.27425000363775	0.756	0.351	4.45110622367601e-78	"7"	"RAD1"
3.10213944607313e-82	1.11681687722617	0.363	0.233	1.13541405865723e-77	"5"	"MT1F"
3.31072202973405e-82	0.796168885103388	0.986	0.883	1.21175737010296e-77	"7"	"KIF5B"
5.3643083126082e-82	1.8660079200623	0.445	0.143	1.96339048549773e-77	"7"	"ADGRE5"
5.39720435348706e-82	0.845384023391218	0.97	0.662	1.9754307654198e-77	"7"	"CTHRC1"
5.58090256492836e-82	1.30250423551253	0.671	0.269	2.04266614778943e-77	"7"	"APOO"
6.37737702429928e-82	0.543451582123478	0.998	0.984	2.33418376466378e-77	"7"	"HMGN1"
7.21002231132106e-82	1.02690210465078	0.91	0.597	2.63894026616662e-77	"7"	"TPRKB"
1.03965251991614e-81	1.10698305751049	0.918	0.587	3.80523218814507e-77	"7"	"CDC27"
1.04944785614571e-81	1.09950536659682	0.331	0.189	3.8410840982789e-77	"6"	"NDUFAF5"
1.09646826392231e-81	0.853600941752962	0.298	0.198	4.01318349278205e-77	"4"	"RIPOR3"
1.10012268889849e-81	0.586833502558259	0.745	0.643	4.02655905363737e-77	"5"	"TOB1"
1.44264276973738e-81	1.76293005865197	0.367	0.1	5.28021680151579e-77	"7"	"ETS2"
1.64613408329184e-81	1.57973323204704	0.477	0.155	6.02501535825647e-77	"7"	"AK5"
1.98256118326591e-81	0.812782937869464	0.57	0.425	7.25637218687157e-77	"6"	"DAG1"
2.47006986376105e-81	1.15808927455984	0.846	0.447	9.04070270835183e-77	"7"	"RNASEH2B"
2.94540421507877e-81	0.946427624183854	0.256	0.163	1.07804739676098e-76	"3"	"KANK1"
3.03627854945928e-81	0.761583403222391	0.489	0.416	1.11130831188759e-76	"4"	"TDP2"
3.18369056604487e-81	0.991373089553916	0.96	0.763	1.16526258407808e-76	"7"	"ARPC5L"
3.72285953793421e-81	0.643397068133037	0.419	0.311	1.3626038194793e-76	"3"	"LINC01914"
3.85977816805505e-81	0.664757376561214	0.41	0.334	1.41271740728983e-76	"1"	"SUOX"
4.13632508584177e-81	2.89484501461187	0.92	0.367	1.51393634466895e-76	"8"	"COL5A3"
5.16936263080227e-81	0.638179746556516	0.565	0.492	1.89203841649994e-76	"4"	"PIR"
5.4660210221643e-81	1.65801520425685	0.317	0.077	2.00061835432236e-76	"7"	"SLC25A10"
6.37191914343077e-81	0.86260968018709	0.346	0.251	2.3321861256871e-76	"3"	"LONRF1"
6.38421353898057e-81	1.5984266532002	0.489	0.165	2.33668599740228e-76	"7"	"CCDC77"
6.99619422321358e-81	1.24601230198653	0.93	0.657	2.5606770476384e-76	"7"	"MYADM"
7.7226710917999e-81	0.703316767249319	0.598	0.443	2.82657484630968e-76	"6"	"ERAP1"
8.66433271582373e-81	1.33018719088287	0.442	0.349	3.17123241731864e-76	"5"	"SEC23B"
8.84854663992628e-81	0.503802904109585	0.996	0.993	3.23865655567942e-76	"7"	"PSMA7"
9.83790910304324e-81	0.547687505043583	0.763	0.651	3.60077311080486e-76	"6"	"MRPL38"
1.00992690594925e-80	0.906254190107272	0.866	0.422	3.69643346846486e-76	"7"	"TNC"
1.05057129754423e-80	0.842727503034038	0.972	0.8	3.84519600614163e-76	"7"	"POLD2"
1.25171618867354e-80	0.569008707902863	0.523	0.437	4.58140642216403e-76	"3"	"AGPS"
1.2892284740512e-80	1.6013358934214	0.537	0.194	4.7187051378748e-76	"7"	"MET"
1.47614872748353e-80	0.697277704283121	0.665	0.534	5.40285195746245e-76	"6"	"EXOSC8"
1.61639371865646e-80	0.559002611659224	0.796	0.704	5.9161626496545e-76	"6"	"MED8"
1.65778967256954e-80	0.638825277215024	0.433	0.332	6.06767598057176e-76	"3"	"TARSL2"
2.07131178278257e-80	1.42967406904407	0.868	0.539	7.58120825616247e-76	"7"	"SAP30"
2.09771650599662e-80	1.8919220158137	0.303	0.073	7.67785218359824e-76	"7"	"PLCE1"
3.07424399590973e-80	2.44933884967837	0.269	0.062	1.12520404494292e-75	"7"	"NRG1"
4.15823136882783e-80	1.39737632986172	0.635	0.252	1.52195426330467e-75	"7"	"NUP93"
4.48022741796145e-80	0.522063851297216	0.592	0.514	1.63980803724807e-75	"3"	"PRKACA"
4.88872689084179e-80	0.890644447825836	0.437	0.279	1.789322929317e-75	"6"	"SLC25A23"
5.21233641808662e-80	1.37586858370896	0.617	0.242	1.90776725238388e-75	"7"	"GRK6"
6.65115399618207e-80	0.513806851494906	0.797	0.69	2.4343888741426e-75	"6"	"FARSA"
7.17947681559275e-80	1.37290429572471	0.579	0.214	2.6277603092751e-75	"7"	"NUP155"
7.41430470579778e-80	0.580472094770578	0.774	0.732	2.71370966536905e-75	"5"	"MBD4"
8.29518447610037e-80	0.742062194209336	1	0.995	3.0361204700975e-75	"7"	"TPM2"
9.43950332813454e-80	0.546327275974846	0.443	0.33	3.45495261313052e-75	"3"	"LINC01426"
9.95891478429431e-80	0.970115145631068	0.928	0.587	3.64506240019956e-75	"7"	"FHL2"
1.29929441785818e-79	0.758602405284132	0.779	0.735	4.75554749880271e-75	"5"	"HIST1H2AC"
1.58758654005888e-79	1.07280435285154	0.346	0.201	5.81072549526951e-75	"6"	"DENND4A"
1.65727711253833e-79	0.90448967951527	0.968	0.763	6.06579995960155e-75	"7"	"SF3B4"
1.65982149989579e-79	0.664679796107609	0.479	0.387	6.07511267176859e-75	"4"	"MRGPRF"
2.02996343904587e-79	1.03821477621994	0.429	0.31	7.4298691832518e-75	"5"	"CERS6"
2.12156251041362e-79	0.535824519210778	0.65	0.565	7.76513094436489e-75	"4"	"GAS1"
2.77427291023223e-79	1.30121594692525	0.252	0.126	1.0154116278741e-74	"6"	"SLC9A6"
3.83846264718052e-79	1.02192892004388	0.311	0.22	1.40491571349454e-74	"4"	"ABCC9"
4.82497605410224e-79	0.752504288808359	0.342	0.243	1.76598948556196e-74	"3"	"FAM219A"
5.15811667142794e-79	0.728213944275758	0.998	0.952	1.88792228290934e-74	"7"	"RNH1"
5.37024526045637e-79	0.52668867053349	0.771	0.74	1.96556346777964e-74	"5"	"YIPF4"
5.76987593177677e-79	0.651558254307399	0.655	0.52	2.11183228978961e-74	"6"	"ARPP19"
6.92901404581688e-79	1.13305347360794	0.972	0.782	2.53608843090944e-74	"7"	"ANXA1"
7.21028609586084e-79	0.509823473713862	0.562	0.479	2.63903681394603e-74	"3"	"SLC25A33"
8.19088026774071e-79	0.661628181417096	0.539	0.469	2.99794408679578e-74	"4"	"CFH"
8.4137897711043e-79	1.3504039701747	0.611	0.239	3.07953119412188e-74	"7"	"TBC1D1"
8.93846226038805e-79	0.852007488456999	0.337	0.26	3.27156657192463e-74	"1"	"PRRT3"
9.12248729020101e-79	0.885749219479563	0.346	0.268	3.33892157308647e-74	"1"	"EBF2"
1.05435646711217e-78	0.74716138147894	0.597	0.514	3.85905010527726e-74	"5"	"DPAGT1"
1.08602887449516e-78	0.725613631340426	0.992	0.844	3.97497428353973e-74	"7"	"MRPL37"
1.09904264290038e-78	1.64450742926351	0.545	0.208	4.0226059772797e-74	"7"	"SH2D4A"
1.16300950511812e-78	0.647015992393228	1	0.977	4.25673108968284e-74	"7"	"ARF1"
1.34523622966353e-78	0.664328490815774	0.992	0.937	4.92369912419149e-74	"7"	"ELOC"
1.43251148421933e-78	1.261926106701	0.786	0.411	5.24313528339115e-74	"7"	"TCTEX1D2"
1.65326674161311e-78	0.538574167109741	0.774	0.654	6.05112160097815e-74	"6"	"TIMM17B"
1.66952695072435e-78	1.42908152081832	0.593	0.231	6.1106355923462e-74	"7"	"ARPIN"
2.04280636651363e-78	1.30011842993197	0.671	0.276	7.47687558207654e-74	"7"	"SMPD4"
2.18996519700736e-78	0.550078628099091	0.33	0.224	8.01549161756663e-74	"3"	"MCAM"
3.51530052984288e-78	0.833158478161006	0.978	0.777	1.28663514692779e-73	"7"	"GTF3C6"
3.73781599845337e-78	1.49128877832675	0.727	0.351	1.36807803359392e-73	"7"	"FRMD6"
4.57420242232097e-78	0.956766604819115	0.936	0.681	1.6742038285937e-73	"7"	"COPS3"
4.62205887980767e-78	1.56682630171826	0.465	0.152	1.69171977059841e-73	"7"	"FANCL"
4.70316836701205e-78	0.968862116213828	0.836	0.42	1.72140665401008e-73	"7"	"MASP1"
4.83306529488507e-78	0.533569625784743	0.784	0.676	1.76895022858089e-73	"6"	"LYPLA1"
5.09599003786217e-78	1.05268619802815	0.876	0.498	1.86518331375793e-73	"7"	"HDAC1"
7.10499295221362e-78	0.560642726243776	0.998	0.989	2.60049847043971e-73	"7"	"AP2M1"
8.04344040586651e-78	0.940182216744281	0.411	0.261	2.9439796229512e-73	"6"	"GNE"
9.71947165378027e-78	1.71948523365742	0.395	0.12	3.55742382000011e-73	"7"	"INHBA"
1.14900109701241e-77	0.542509444297065	1	0.999	4.20545891517514e-73	"7"	"ITGB1"
1.19868404842244e-77	1.14486735877989	0.974	0.716	4.38730348563097e-73	"7"	"PTX3"
1.27611083180854e-77	0.513829834197412	0.813	0.734	4.67069325550244e-73	"5"	"PLTP"
1.44018995999966e-77	0.955050904885997	0.413	0.296	5.27123927259476e-73	"5"	"TMEM170A"
1.56981599220145e-77	1.65039987649384	0.359	0.098	5.74568351305654e-73	"7"	"AMDHD2"
1.59546706518264e-77	1.65572239987038	0.535	0.201	5.83956900527498e-73	"7"	"SMAGP"
1.73667483726393e-77	1.31516085903165	0.679	0.289	6.35640357186972e-73	"7"	"MLH1"
2.31148366403334e-77	0.600135154042474	0.998	0.994	8.46026135872844e-73	"7"	"CALD1"
2.44306201467651e-77	2.15867417607793	0.25	0.055	8.9418512799175e-73	"7"	"TAFA5"
2.5339957328814e-77	0.72683942698312	0.576	0.437	9.27467778191921e-73	"6"	"FAM174A"
2.55087254642048e-77	1.26493966804358	0.687	0.297	9.3364486071536e-73	"7"	"KCTD9"
2.59670123979325e-77	1.77378355724455	0.349	0.095	9.50418620776726e-73	"7"	"CCDC152"
2.66339331770595e-77	3.32174062061686	1	0.566	9.74828588213553e-73	"8"	"TAGLN"
2.83526190599315e-77	0.66622785603162	0.992	0.92	1.03773421021255e-72	"7"	"PHB"
2.94842944742346e-77	0.943786242315191	0.934	0.543	1.07915466205146e-72	"7"	"CREB3L1"
3.12408502261978e-77	1.17409471322674	0.84	0.45	1.14344635912907e-72	"7"	"ICMT"
3.62846225653494e-77	0.663763864646594	0.655	0.578	1.32805347051435e-72	"5"	"BTG3"
3.93806130963028e-77	1.98989415785113	0.465	0.164	1.44136981993778e-72	"7"	"KRT19"
4.61269861041994e-77	1.36478643146532	0.764	0.389	1.6882938183998e-72	"7"	"DCTPP1"
4.62091658815229e-77	3.78510276343683	0.268	0.024	1.69130168042962e-72	"8"	"PLPPR4"
4.78374357316825e-77	1.33606059453721	0.461	0.324	1.75089798521531e-72	"6"	"TIMP4"
5.04694958834221e-77	1.58342296912862	0.415	0.281	1.84723401882913e-72	"6"	"PEG10"
5.0535302639243e-77	1.03793538178732	0.9	0.554	1.84964261189893e-72	"7"	"FARSB"
5.18902855081814e-77	1.04887057147418	0.902	0.563	1.89923633988495e-72	"7"	"EML4"
5.59729920901969e-77	1.31022538948384	0.673	0.289	2.0486674834933e-72	"7"	"CEP89"
5.6033294188373e-77	0.575258101238825	0.809	0.755	2.05087460058864e-72	"5"	"DLC1"
5.98798660789868e-77	0.638001180039027	0.631	0.56	2.191662978357e-72	"5"	"C8orf76"
6.07088167442569e-77	0.58060036750825	0.727	0.635	2.22200340165655e-72	"5"	"NRP2"
7.19092207897753e-77	1.52184190158036	0.457	0.148	2.63194939012657e-72	"7"	"ABHD11"
7.27422855703414e-77	0.92541812302866	0.96	0.703	2.66244039416007e-72	"7"	"GOLIM4"
1.02670052025031e-76	0.926216964659846	0.964	0.7	3.75782657416816e-72	"7"	"ARL3"
1.17063074467393e-76	1.32452914955336	0.679	0.293	4.28462558858104e-72	"7"	"RCC1"
1.39927615586565e-76	0.949453033152303	0.482	0.383	5.12149065808388e-72	"5"	"RIPK2"
1.60594877640634e-76	0.803884220848649	0.523	0.372	5.87793311652484e-72	"6"	"GDF11"
2.08513743431885e-76	1.59219231345239	0.431	0.135	7.63181152335043e-72	"7"	"PPIL1"
2.12151105576428e-76	0.793172829887757	0.537	0.39	7.76494261520283e-72	"6"	"SAMD1"
2.23387624379355e-76	1.09985198324749	0.369	0.231	8.17621043990877e-72	"6"	"TOM1L2"
2.40625639644367e-76	1.34434915240003	0.565	0.212	8.80713903662347e-72	"7"	"PTGER2"
2.42487861928526e-76	0.513256568435928	0.848	0.768	8.87529823444596e-72	"6"	"PSMD11"
2.44366638949932e-76	0.645143356010407	0.621	0.473	8.94406335220646e-72	"6"	"TMEM38B"
2.48302633007606e-76	2.35766801441876	1	0.876	9.0881246707114e-72	"8"	"IGFBP7"
2.58670859203269e-76	1.085511198317	0.866	0.508	9.46761211769884e-72	"7"	"MYCBP"
2.98966059640339e-76	1.26199204526267	0.677	0.292	1.0942456748896e-71	"7"	"MSANTD3"
3.15470755199026e-76	1.33081236147109	0.346	0.252	1.15465451110396e-71	"4"	"CES1"
3.81424511391822e-76	1.15327180419051	0.838	0.457	1.39605185414521e-71	"7"	"NTAN1"
4.1920936104418e-76	0.659842118484572	0.63	0.589	1.5343481823578e-71	"4"	"SRXN1"
4.56783141787682e-76	0.710086396849165	0.966	0.688	1.67187197725709e-71	"7"	"CRELD2"
4.84932940521976e-76	0.753541861839329	0.579	0.443	1.77490305560448e-71	"6"	"HCCS"
4.885451152535e-76	0.61231845381209	0.996	0.985	1.78812397633933e-71	"7"	"ARPC3"
5.50813267827504e-76	1.70874444786414	0.363	0.102	2.01603164157545e-71	"7"	"PKP4"
5.94744415579521e-76	0.513666267788786	0.495	0.392	2.17682403546261e-71	"3"	"PLEKHF1"
6.4783014929095e-76	0.969447972865714	0.366	0.221	2.3711231294198e-71	"6"	"LRP3"
7.01810482349284e-76	1.45965584025502	0.433	0.135	2.56869654644662e-71	"7"	"TDP1"
9.87180525211055e-76	0.938134961331261	0.393	0.247	3.61317944032498e-71	"6"	"CHKA"
1.01433601156523e-75	0.713868913545191	0.992	0.897	3.7125712359299e-71	"7"	"PPP4C"
1.1211847071962e-75	1.21886041701382	0.691	0.3	4.1036481468088e-71	"7"	"NCS1"
1.23645536875232e-75	0.513912496688217	0.806	0.716	4.52555029517036e-71	"6"	"NDUFA5"
1.25206147163316e-75	0.700268636388729	0.601	0.47	4.58267019232455e-71	"6"	"RPE"
1.51264060192512e-75	0.968112306474562	0.95	0.663	5.53641586710613e-71	"7"	"SF3A2"
1.57171526542862e-75	1.07392278859561	0.914	0.547	5.75263504299528e-71	"7"	"MYOF"
3.28698094260349e-75	0.706379355430812	0.567	0.415	1.2030678948023e-70	"6"	"MKKS"
3.30835874885844e-75	1.07820754653373	0.924	0.603	1.21089238566968e-70	"7"	"RNF115"
3.32567301166572e-75	0.717160102438152	0.264	0.179	1.21722957899977e-70	"1"	"AC025164.1"
3.58898077680293e-75	1.47674405675091	0.451	0.145	1.31360285411764e-70	"7"	"PFAS"
3.72523108131672e-75	0.535563697057805	0.747	0.63	1.36347182807273e-70	"6"	"PARVB"
4.57318746745882e-75	0.984448444283277	0.954	0.688	1.6738323449646e-70	"7"	"GAS6"
5.46797945890884e-75	0.575239734343151	0.738	0.677	2.00133516175522e-70	"5"	"CSF1"
7.39477418369246e-75	1.15629820853785	0.339	0.204	2.70656129897328e-70	"6"	"SLC41A1"
7.45759375017999e-75	2.62990915304522	0.499	0.195	2.72955388850338e-70	"7"	"HIST1H1D"
8.49291501250066e-75	1.21471592043045	0.253	0.146	3.10849182372537e-70	"5"	"BORCS6"
8.96520925629891e-75	1.12714298303341	0.84	0.457	3.28135623989796e-70	"7"	"WBP11"
9.8696802354917e-75	0.561438664768833	0.78	0.728	3.61240166299232e-70	"5"	"MDM2"
1.09787187909029e-74	2.66691429216167	0.303	0.082	4.01832086465836e-70	"7"	"KRT18"
1.29598828487311e-74	0.591841282389047	0.724	0.621	4.74344672146408e-70	"6"	"DCAF8"
1.37037828564217e-74	0.541979722424112	0.751	0.691	5.01572156327892e-70	"5"	"DAP"
1.42880036969021e-74	1.41929821023372	0.653	0.287	5.22955223310313e-70	"7"	"ATAD3A"
1.58254198737315e-74	1.31978858626923	0.549	0.201	5.79226192798448e-70	"7"	"SNX8"
1.62950221095958e-74	1.60649853220412	0.463	0.157	5.96414104233315e-70	"7"	"SH3RF1"
1.68764254183296e-74	1.74644884875142	0.307	0.078	6.17694046736281e-70	"7"	"ITGA2"
2.00906903083333e-74	1.23702815967894	0.395	0.286	7.35339355975307e-70	"5"	"CPSF4"
2.04298109636407e-74	0.825324176192736	0.453	0.322	7.47751511080212e-70	"5"	"CHST7"
2.36149720611637e-74	1.38332232898517	0.527	0.19	8.64331592410654e-70	"7"	"KATNAL1"
2.45513307811184e-74	1.57041032522257	0.844	0.54	8.98603257919715e-70	"7"	"CORO1C"
2.72118614061208e-74	0.897366043347085	0.349	0.261	9.95981339325428e-70	"4"	"SVIL"
3.05577000922107e-74	0.50930394694984	0.662	0.602	1.118442381075e-69	"4"	"MSX1"
3.17464162762357e-74	0.822519255726556	0.283	0.19	1.1619505821265e-69	"3"	"NOCT"
4.12994725917644e-74	1.60972763599841	0.461	0.156	1.51160199633117e-69	"7"	"TIPIN"
4.79205208692202e-74	2.76167905618806	1	0.542	1.75393898433433e-69	"8"	"POSTN"
4.83536441146266e-74	1.42786393216915	0.611	0.253	1.76979172823945e-69	"7"	"CABIN1"
5.71627934079838e-74	0.621259324429839	0.75	0.662	2.09221540152561e-69	"6"	"IMPDH1"
5.88297984290998e-74	0.74019479728193	0.683	0.587	2.15322945230348e-69	"6"	"PTPN13"
6.30836579056504e-74	1.27385000264382	0.729	0.352	2.30892496300471e-69	"7"	"SLC20A1"
6.70867759224533e-74	0.540093914847444	0.755	0.654	2.45544308553771e-69	"6"	"FAM136A"
8.1322085563544e-74	0.821081775892002	0.978	0.769	2.97646965371127e-69	"7"	"SNX5"
9.16599198728464e-74	0.536605381793156	0.861	0.863	3.35484472726605e-69	"5"	"TOP1"
1.0604502793777e-73	0.626639662607721	0.72	0.617	3.8813540675503e-69	"6"	"THYN1"
1.37045964956633e-73	0.713593778466742	0.485	0.415	5.01601936337773e-69	"4"	"PLEKHA5"
1.53861011309337e-73	1.03045860372513	0.972	0.775	5.63146687493306e-69	"7"	"PHGDH"
2.17063726318704e-73	0.98159445753454	0.934	0.605	7.94474944699089e-69	"7"	"BASP1"
2.39092713207729e-73	1.61764213299129	0.697	0.332	8.7510323961161e-69	"7"	"SMURF2"
2.44590371846186e-73	1.16782809787148	0.868	0.553	8.95225219994224e-69	"7"	"SAC3D1"
3.22785024202274e-73	1.65811816721944	0.273	0.065	1.18142546708274e-68	"7"	"CCDC138"
3.41085917882392e-73	2.25148595533687	1	0.857	1.24840856804134e-68	"8"	"LOXL2"
3.53835943875575e-73	0.738079864877443	0.354	0.26	1.29507493817899e-68	"3"	"PRRT3"
3.56224440255529e-73	0.691168491991669	0.988	0.923	1.30381707377926e-68	"7"	"TLN1"
3.58197650811594e-73	1.06638412833143	0.862	0.479	1.31103922173552e-68	"7"	"ERLIN1"
4.26719201217789e-73	0.959188180957441	0.888	0.539	1.56183494837723e-68	"7"	"BAG2"
4.32331332780967e-73	0.906197815833812	0.946	0.689	1.58237591111162e-68	"7"	"ENAH"
4.71326746553831e-73	1.17189186246128	0.81	0.434	1.72510302506168e-68	"7"	"ZDHHC12"
4.76468307833498e-73	0.596673642907482	0.996	0.969	1.74392165350139e-68	"7"	"FXYD5"
6.38594353920631e-73	0.834082403923956	0.976	0.781	2.3373191947849e-68	"7"	"USP14"
8.84822856073299e-73	0.687557124001164	0.986	0.888	3.23854013551388e-68	"7"	"PSMB2"
8.91717043190213e-73	1.26359083744385	0.643	0.273	3.2637735497805e-68	"7"	"TTL"
1.00545080077599e-72	0.573470294675878	0.992	0.984	3.68005047592019e-68	"7"	"SRM"
1.07159694151194e-72	1.10192112821347	0.806	0.418	3.92215196562786e-68	"7"	"HDGFL3"
1.2758969839438e-72	1.35224712612471	0.607	0.249	4.66991055093269e-68	"7"	"RPS6KA4"
1.32219176465729e-72	0.948061512333689	0.922	0.623	4.83935407782213e-68	"7"	"MCUR1"
1.5766384713227e-72	0.743636357528739	0.321	0.237	5.7706544688882e-68	"1"	"EPHB6"
1.8080710942975e-72	1.33911687369056	0.8	0.466	6.61772101223828e-68	"7"	"VASP"
1.91556291515289e-72	1.1713835437409	0.594	0.517	7.01115182575111e-68	"4"	"COMP"
2.04528305183869e-72	1.17227913124181	0.745	0.358	7.48594049803478e-68	"7"	"MBOAT2"
2.45342708985452e-72	4.11546199315104	0.304	0.032	8.97978849157652e-68	"8"	"PDE1C"
3.72300662788704e-72	3.01083420679072	0.906	0.348	1.36265765587294e-67	"8"	"OLFM2"
3.77873886634494e-72	0.60548237407514	0.392	0.291	1.38305621247091e-67	"3"	"RAB20"
4.06600616056622e-72	0.992114059939527	0.486	0.392	1.48819891482884e-67	"5"	"AKAP17A"
4.32828893470543e-72	1.57498028568591	0.665	0.297	1.58419703299154e-67	"7"	"HAS2"
5.33068705924565e-72	0.658097330467777	0.354	0.255	1.9510847705545e-67	"3"	"TMEM140"
5.33289024998286e-72	0.99961317100194	0.397	0.284	1.95189116039623e-67	"5"	"NIBAN1"
6.539289349784e-72	0.764081743887911	0.334	0.242	2.39344529491444e-67	"3"	"FOXP4"
6.66546319673259e-72	0.618295109644969	0.651	0.508	2.43962618463609e-67	"6"	"PC"
7.28509270124107e-72	0.765698096135936	0.554	0.452	2.66641677958124e-67	"5"	"PER1"
7.3973194967009e-72	0.765199109819374	0.339	0.248	2.7074929089875e-67	"3"	"ZNF354A"
7.68510667721221e-72	0.538622622310229	0.998	0.969	2.81282589492644e-67	"7"	"NDUFV2"
1.04889380456455e-71	1.88391286906911	0.265	0.063	3.83905621408672e-67	"7"	"SLC8A1"
1.08048706847064e-71	1.26382421880324	0.541	0.196	3.95469071930938e-67	"7"	"DLEU2"
1.09335520111794e-71	1.39567037655268	0.453	0.15	4.00178937161179e-67	"7"	"TTLL7"
1.5029283752635e-71	1.12551527835824	0.731	0.332	5.50086814630195e-67	"7"	"CNTLN"
1.51476960417863e-71	0.990291951190002	0.926	0.631	5.5442082282542e-67	"7"	"HRAS"
1.73192253336925e-71	1.29009898405189	0.645	0.277	6.3390096643848e-67	"7"	"CBFB"
1.98961703031212e-71	1.34300814779296	0.543	0.202	7.28219729264539e-67	"7"	"NOL12"
2.11360792743957e-71	0.828075372018854	0.724	0.714	7.73601637522156e-67	"5"	"SMAP1"
2.21045685731467e-71	0.733791792496451	0.986	0.914	8.09049314345741e-67	"7"	"GSPT1"
2.22615553213743e-71	1.83552402513743	0.331	0.092	8.14795186317622e-67	"7"	"NPAS1"
2.56233252546222e-71	1.4130817291972	0.437	0.14	9.37839327644426e-67	"7"	"CCSAP"
2.95435815470029e-71	0.981980102342175	0.9	0.536	1.08132462820185e-66	"7"	"RECK"
3.06256643811644e-71	1.4654623363404	0.527	0.2	1.120929942015e-66	"7"	"MIRLET7BHG"
3.3713993008864e-71	0.683001148681973	1	0.979	1.23396585811743e-66	"7"	"HNRNPU"
3.50969381445969e-71	0.59908175545354	0.71	0.605	1.28458303303039e-66	"6"	"BAG5"
3.6082400773848e-71	1.0535785064695	0.84	0.467	1.32065195072361e-66	"7"	"POLE3"
3.98695764784993e-71	0.996471896403205	0.928	0.687	1.45926636868955e-66	"7"	"PRRC2A"
4.24216928988666e-71	1.96760141542158	0.445	0.166	1.55267638179142e-66	"7"	"U2AF1"
4.6956614874237e-71	1.37747714990015	0.762	0.408	1.71865906101195e-66	"7"	"LTBP1"
4.86315186484309e-71	1.13987820179011	0.715	0.332	1.77996221405122e-66	"7"	"ASAP2"
4.98118851019932e-71	1.09743825481893	0.874	0.549	1.82316480661805e-66	"7"	"SMARCA4"
5.08539429175306e-71	1.09687152325441	0.814	0.441	1.86130516472454e-66	"7"	"KIF1BP"
5.58581681225991e-71	1.04777074974849	0.856	0.489	2.04446481145525e-66	"7"	"TSEN15"
6.05041853797496e-71	0.749610580116093	1	1	2.21451368908421e-66	"7"	"VIM"
6.19887825124831e-71	1.86580161966624	0.347	0.101	2.26885142873939e-66	"7"	"PLAU"
6.29951701820467e-71	0.976407792015494	0.335	0.197	2.30568622383309e-66	"6"	"NSD2"
6.33210323978943e-71	0.548097083901171	0.721	0.613	2.31761310679533e-66	"6"	"SLC31A1"
6.77423317789981e-71	0.861469062676146	0.99	0.883	2.47943708544311e-66	"7"	"CD44"
6.86388669246437e-71	0.973604106711313	0.918	0.626	2.51225116830889e-66	"7"	"SNRNP40"
7.91082718859743e-71	1.33970230308729	0.483	0.167	2.89544185929854e-66	"7"	"SIPA1L1"
8.10442958078426e-71	0.65327626381788	0.996	0.882	2.96630227086285e-66	"7"	"TBCB"
8.43039851039975e-71	0.603536188493607	0.674	0.548	3.08561015879141e-66	"6"	"EEF1E1"
8.48973801927076e-71	1.11569254858131	0.301	0.214	3.10732901243329e-66	"4"	"RARRES1"
9.35045462452713e-71	0.501538936343195	0.763	0.723	3.42235989712318e-66	"5"	"MRPS2"
1.00120204328729e-70	3.57454728008669	0.775	0.233	3.66449959863581e-66	"8"	"MYLK"
1.32470516187458e-70	0.732339894258913	0.653	0.571	4.84855336297714e-66	"5"	"SIAH1"
1.36062500222681e-70	1.27126409576254	0.517	0.443	4.98002357065034e-66	"4"	"H19"
1.53683831189933e-70	0.992804276423728	0.852	0.472	5.62498190538274e-66	"7"	"RPP30"
1.55905624907133e-70	2.03420055537814	0.265	0.065	5.70630177722596e-66	"7"	"HIST1H3I"
1.58515130338668e-70	0.775246140806518	0.258	0.132	5.80181228552559e-66	"6"	"ITGA6"
1.91466589566251e-70	1.14282825193288	0.864	0.532	7.00786864471436e-66	"7"	"U2AF2"
2.15414098446196e-70	0.51685575658973	1	0.991	7.88437141722922e-66	"7"	"GUK1"
2.33447096257782e-70	0.626330152154493	0.677	0.556	8.54439717013106e-66	"6"	"CACUL1"
2.37354145548528e-70	0.818550475885069	0.463	0.322	8.68739908122166e-66	"6"	"MRS2"
2.39403175598445e-70	0.622511085391514	0.848	0.829	8.76239563007869e-66	"5"	"TXNIP"
2.40815816007129e-70	0.503930315938377	1	0.978	8.81409968167693e-66	"7"	"PDCD5"
2.49877352143943e-70	1.60090358819844	0.551	0.222	9.14576096582048e-66	"7"	"RAC2"
2.51765201071266e-70	0.548055461184289	0.998	0.96	9.2148581244094e-66	"7"	"DYNLT1"
3.08689424850323e-70	0.532198971415904	0.757	0.663	1.12983416389467e-65	"6"	"CDC73"
3.19710463409591e-70	1.41327999432549	0.515	0.188	1.17017226712544e-65	"7"	"UBR7"
3.41053161236858e-70	1.2815491931377	0.665	0.291	1.24828867544302e-65	"7"	"PDCL3"
3.62712251016781e-70	0.737524450785898	0.994	0.889	1.32756310994652e-65	"7"	"PDAP1"
3.86276701455069e-70	0.676204085293747	0.996	0.944	1.4138113549957e-65	"7"	"CCT2"
4.26751314963034e-70	1.12881204498151	0.788	0.419	1.5619524878962e-65	"7"	"STX2"
4.29797357435114e-70	1.22838967749498	0.471	0.163	1.57310130794826e-65	"7"	"PAMR1"
4.38812405332761e-70	2.61504328479957	0.63	0.132	1.60609728475844e-65	"8"	"PDE1A"
5.00667909722658e-70	0.949722542689603	0.888	0.592	1.8324946163759e-65	"7"	"VBP1"
5.64013032432054e-70	1.34051182956312	0.589	0.24	2.06434410000456e-65	"7"	"YDJC"
5.67705169940016e-70	0.575430381424831	0.429	0.332	2.07785769249745e-65	"3"	"SLC35G2"
6.26171159917612e-70	0.568815323328401	0.505	0.421	2.29184906241445e-65	"3"	"RARA"
6.37312191589562e-70	0.614137234147791	0.691	0.65	2.33262635243695e-65	"5"	"PNPLA8"
6.67095932899156e-70	0.529539734155564	0.998	0.962	2.4416378240042e-65	"7"	"RPN1"
7.53400374382752e-70	1.34969778296293	0.647	0.295	2.75752071027831e-65	"7"	"SLC7A1"
7.98117258245508e-70	0.703816745172658	0.438	0.361	2.92118897690438e-65	"4"	"PROS1"
9.24441731153169e-70	0.992526399089136	0.54	0.461	3.38354918019371e-65	"5"	"SNHG15"
9.51726037955997e-70	1.40418885991771	0.655	0.289	3.48341247152274e-65	"7"	"KCNMA1"
9.87694793242134e-70	0.593315566919755	0.994	0.959	3.61506171274553e-65	"7"	"CCT4"
1.15030315330633e-69	1.14593883106339	0.741	0.351	4.2102245714165e-65	"7"	"ITGA4"
1.24587342024629e-69	0.587149486985087	1	0.975	4.56002130544345e-65	"7"	"PGK1"
1.48565048042382e-69	0.597809259627962	0.453	0.366	5.43762932339924e-65	"3"	"RHOT1"
1.52267513925713e-69	0.544579864130069	0.495	0.4	5.57314327719502e-65	"3"	"AK4"
1.56162289599467e-69	0.581352820248963	0.884	0.492	5.7156959616301e-65	"7"	"NREP"
1.63564727224266e-69	0.628963808593531	0.609	0.511	5.98663258113536e-65	"5"	"PITPNA-AS1"
1.831415703502e-69	0.601777012933091	0.998	0.96	6.70316461638766e-65	"7"	"POLR2E"
1.93421231562457e-69	2.38963228538724	0.267	0.067	7.07941049641751e-65	"7"	"HIST1H2AE"
2.04654336129973e-69	0.6021362288297	0.666	0.548	7.49055335669315e-65	"6"	"MRPL58"
2.40914900660677e-69	1.12562724034091	0.253	0.149	8.81772627908145e-65	"5"	"SLC6A9"
2.50947106841373e-69	1.32048523969062	0.561	0.218	9.18491505750109e-65	"7"	"SAAL1"
2.76376675258576e-69	0.555726509316525	1	0.999	1.01156626911391e-64	"7"	"TMSB4X"
2.91487515306838e-69	0.783662651903437	0.986	0.828	1.06687345477456e-64	"7"	"ODC1"
3.12945604336699e-69	1.69762852511607	0.735	0.374	1.14541220643275e-64	"7"	"IGFBP3"
3.19097193415763e-69	0.505520192952846	0.763	0.67	1.16792763762103e-64	"6"	"TIMM10"
3.32499521673666e-69	0.968473801830033	0.792	0.415	1.21698149927779e-64	"7"	"PCSK7"
3.5767428920733e-69	0.566929094339615	0.45	0.315	1.30912366592775e-64	"5"	"CLGN"
3.62909391224777e-69	0.566177294979646	0.718	0.603	1.32828466282181e-64	"6"	"OIP5-AS1"
3.8278929266264e-69	1.28049404398393	0.511	0.182	1.40104709007453e-64	"7"	"CEP295"
4.34246686797224e-69	0.988931113369529	0.794	0.396	1.58938629834652e-64	"7"	"VGLL3"
4.82208116415942e-69	0.750991186943093	0.986	0.875	1.76492992689399e-64	"7"	"GNB1"
4.92408848175025e-69	1.35904140905333	0.663	0.309	1.80226562520541e-64	"7"	"GOT2"
4.99060852944006e-69	0.800710873278125	0.968	0.762	1.82661262786036e-64	"7"	"RAB32"
7.20245962242509e-69	1.38437103638289	0.475	0.165	2.63617224640381e-64	"7"	"SLF1"
7.66220996307758e-69	0.689183106036838	0.481	0.398	2.80444546858602e-64	"4"	"PDE4D"
8.16223167522236e-69	0.632836643678012	0.412	0.323	2.98745841544813e-64	"3"	"BPHL"
8.4866702190815e-69	0.529360182557695	0.75	0.655	3.10620616688602e-64	"6"	"CISD1"
8.71115195007334e-69	0.670290472612719	0.98	0.939	3.18836872524634e-64	"7"	"HNRNPF"
9.05040972436207e-69	0.703285936431865	0.996	0.966	3.31254046321376e-64	"7"	"RPL22L1"
9.69459846123412e-69	0.638544024893069	0.611	0.479	3.5483199827963e-64	"6"	"ESF1"
9.97945097800642e-69	1.25187738524222	0.575	0.228	3.65257885246013e-64	"7"	"APAF1"
1.31691133365132e-68	0.69546671205661	0.98	0.876	4.82002717229719e-64	"7"	"EPRS"
1.37358701412866e-68	1.13822376111412	0.788	0.423	5.02746583041232e-64	"7"	"NIN"
1.61852407102682e-68	0.530255477202512	0.687	0.611	5.92395995236526e-64	"5"	"C19orf48"
1.65848911587885e-68	1.25777899684833	0.888	0.568	6.0702360130282e-64	"7"	"TRNP1"
1.8341114552386e-68	0.923698605755316	0.93	0.637	6.71303133731882e-64	"7"	"IDH2"
2.30480769241824e-68	0.518186628118683	0.467	0.402	8.43582663502001e-64	"1"	"MAPRE3"
2.45595126055441e-68	1.255051190792	0.673	0.315	8.98902720875521e-64	"7"	"POLH"
2.53735564508537e-68	0.512673383571395	0.712	0.588	9.28697539657696e-64	"6"	"TUBG1"
2.68115744428229e-68	0.631568427354144	0.635	0.517	9.8133043618176e-64	"6"	"MMGT1"
2.70869641606398e-68	1.28608517921779	0.667	0.311	9.91409975243578e-64	"7"	"CRYBG1"
2.71763410335033e-68	0.539383990557603	0.346	0.246	9.94681258167256e-64	"3"	"FRMD4A"
3.10025785694721e-68	1.13675466638203	0.826	0.472	1.13472537822125e-63	"7"	"TMEM97"
3.28414045031965e-68	0.634054379493217	0.62	0.538	1.2020282462215e-63	"5"	"RFNG"
3.62562099887921e-68	0.925457363694499	0.986	0.919	1.32701354179978e-63	"7"	"MYL9"
3.96928612566632e-68	1.00931677088103	0.331	0.2	1.45279841485513e-63	"6"	"GALE"
4.01245845028188e-68	1.4362771411183	0.685	0.326	1.46859991738767e-63	"7"	"PRPS1"
4.01354934092287e-68	0.568343225234029	0.504	0.428	1.46899919427118e-63	"3"	"KLHL20"
4.51341007936975e-68	0.846536288909884	1	0.994	1.65195322315012e-63	"7"	"S100A10"
4.514565100043e-68	1.24674053741084	0.737	0.365	1.65237597226674e-63	"7"	"EXT1"
8.66832917247505e-68	1.13973000642499	0.725	0.346	3.17269516041759e-63	"7"	"ITGB3BP"
9.16571575833155e-68	0.79572881338828	0.944	0.562	3.35474362470693e-63	"7"	"ITGBL1"
9.47518816609995e-68	0.894134284736413	0.91	0.579	3.46801362067424e-63	"7"	"CNPY3"
1.09710238206154e-67	0.528768038044489	0.385	0.281	4.01550442858345e-63	"3"	"CALCRL"
1.12069457197917e-67	0.678554024337149	0.366	0.277	4.10185420290094e-63	"3"	"LRP5"
1.1331852575079e-67	0.773310589636302	0.942	0.728	4.14757136100467e-63	"7"	"NANS"
1.34399751887564e-67	0.573617180534338	0.634	0.489	4.91916531883673e-63	"6"	"IRF2BPL"
1.55954569419052e-67	0.988656403928302	0.345	0.256	5.70809319530671e-63	"2"	"SFRP4"
1.67051392467635e-67	0.661120958646515	0.984	0.899	6.1142480157079e-63	"7"	"NONO"
1.67570120535214e-67	1.16792884672784	0.78	0.418	6.13323398170937e-63	"7"	"ARHGAP18"
1.77043605755314e-67	0.623476596167356	0.364	0.281	6.47997301425026e-63	"1"	"CALCRL"
1.88728884558406e-67	0.755824585847816	0.497	0.421	6.90766590372221e-63	"4"	"C3"
1.9468142555464e-67	0.805710718952671	0.315	0.243	7.12553485672539e-63	"1"	"MELTF"
2.48287244615392e-67	0.933992923625732	0.305	0.171	9.08756144016796e-63	"6"	"SLC22A23"
2.68888849012806e-67	0.534616076100616	1	0.969	9.84160076271771e-63	"7"	"PSMB6"
3.60959881660318e-67	0.944814178923683	0.938	0.662	1.32114926286493e-62	"7"	"THBS1"
3.88846504702636e-67	1.26401195108449	0.92	0.703	1.42321709186212e-62	"7"	"FSCN1"
5.01476810713866e-67	1.27618812546738	0.671	0.305	1.83545527489382e-62	"7"	"GAS2L1"
5.18890688741492e-67	1.43515087156008	0.415	0.135	1.89919180986274e-62	"7"	"CEP97"
5.40709297141865e-67	0.894792436387007	0.938	0.683	1.97905009846894e-62	"7"	"ELAVL1"
6.1944065145304e-67	1.30464422153937	0.495	0.181	2.26721472838327e-62	"7"	"GPD2"
6.21604305954364e-67	0.510046892566386	0.742	0.644	2.27513392022357e-62	"6"	"ACAT1"
6.48529338926195e-67	0.803702870299459	0.964	0.762	2.37368223340377e-62	"7"	"UBE2N"
8.06305600902846e-67	0.738392792374305	0.335	0.247	2.9511591298645e-62	"3"	"C16orf87"
9.14124353438614e-67	1.67150057022401	0.317	0.089	3.34578654602067e-62	"7"	"SYTL2"
9.21010643482846e-67	1.25918509679548	0.489	0.178	3.37099105621157e-62	"7"	"SGK1"
9.59330781779947e-67	0.747492589456061	0.998	0.949	3.51124659439278e-62	"7"	"CAPZB"
1.22654524476035e-66	1.10703279964355	0.545	0.496	4.48927825034735e-62	"5"	"TULP3"
1.25612523984898e-66	1.1284836590898	0.804	0.441	4.59754399037125e-62	"7"	"IPO9"
1.27744140201993e-66	0.875544086724183	0.934	0.683	4.67556327553315e-62	"7"	"TMOD3"
1.37818548999113e-66	0.643354851641341	0.454	0.39	5.04429671191655e-62	"1"	"HSPB2"
1.48264567259018e-66	0.542465168288082	0.823	0.756	5.42663142624731e-62	"4"	"MT1M"
1.53122005497091e-66	0.650703071467471	0.988	0.894	5.60441852319903e-62	"7"	"UBE2L3"
1.56809115484299e-66	0.564500855717082	0.439	0.359	5.73937043584084e-62	"1"	"HES1"
1.83960483392637e-66	0.701397237603955	0.553	0.423	6.73313765265389e-62	"6"	"CIAPIN1"
1.86821029979139e-66	0.576235281193877	0.707	0.606	6.83783651826646e-62	"6"	"ATP6V1D"
1.97725728349042e-66	1.80780899323027	0.409	0.14	7.23695938330329e-62	"7"	"KRBOX1"
2.13180975092435e-66	0.672162520025707	0.988	0.89	7.80263686935821e-62	"7"	"AKR7A2"
2.24564160872234e-66	1.08216244457636	0.82	0.465	8.21927285208463e-62	"7"	"RIF1"
2.44714712405046e-66	0.535944156934985	0.623	0.583	8.95680318873708e-62	"4"	"KANK2"
2.59587497839285e-66	0.626582340504694	0.396	0.305	9.50116200841565e-62	"3"	"DHDDS"
3.09292800810518e-66	1.26658563134155	0.655	0.298	1.13204258024658e-61	"7"	"HCFC1"
3.36450792709839e-66	0.543981310520931	0.726	0.631	1.23144354639728e-61	"6"	"MTURN"
3.48804742726239e-66	1.3957526957726	0.657	0.306	1.27666023885231e-61	"7"	"LINC01133"
3.53835827181158e-66	1.65900975621462	0.309	0.085	1.29507451106576e-61	"7"	"CHAC2"
3.55648747815379e-66	1.31803265207223	0.537	0.208	1.30170998187907e-61	"7"	"EXOSC2"
3.674632266569e-66	1.69622336929394	0.285	0.074	1.34495215588692e-61	"7"	"NDOR1"
3.78651689974932e-66	2.1164735144199	1	0.995	1.38590305047725e-61	"8"	"TPM2"
3.82647072932792e-66	0.723576868344273	0.337	0.25	1.40052655164131e-61	"3"	"TCAIM"
4.30610652491669e-66	0.563562496845135	0.724	0.685	1.57607804918476e-61	"4"	"PROCR"
4.63578233675583e-66	0.667776578710718	0.362	0.272	1.696742693076e-61	"3"	"HOXA7"
4.70389656877195e-66	1.20662824137395	0.737	0.383	1.72167318313622e-61	"7"	"ARL6IP6"
4.87854019715596e-66	1.16556281131641	0.651	0.286	1.78559449756105e-61	"7"	"NIF3L1"
5.22993114858842e-66	0.559594879590645	0.551	0.491	1.91420709969485e-61	"4"	"RNF24"
5.26584530072323e-66	1.42766475227968	0.477	0.176	1.92735203851771e-61	"7"	"DOCK5"
5.51973617534278e-66	0.989254072816237	0.864	0.51	2.02027863753721e-61	"7"	"CCDC88A"
5.7304580541415e-66	0.840435935286009	0.417	0.276	2.09740495239633e-61	"6"	"HOXA7"
6.09822510998299e-66	0.621419979652302	1	0.921	2.23201137250487e-61	"7"	"CAPNS1"
6.61374342962711e-66	1.03428250106156	0.81	0.435	2.42069623267782e-61	"7"	"CHAMP1"
6.98510470846735e-66	0.993485019452727	0.904	0.611	2.55661817434613e-61	"7"	"TOMM40"
7.49241793537304e-66	0.792292179398696	0.954	0.727	2.74229988852588e-61	"7"	"RDX"
7.66404652738448e-66	1.84820910110097	0.277	0.072	2.80511766948799e-61	"7"	"RCAN3"
8.07905631356685e-66	3.15970976024411	0.42	0.065	2.9570154013286e-61	"8"	"PEAR1"
9.68401009437953e-66	1.18702606221293	0.625	0.268	3.54444453464385e-61	"7"	"IER5"
1.72627032614551e-65	0.84463361804332	0.95	0.709	6.31832202072519e-61	"7"	"SEPTIN10"
1.78818595534795e-65	1.53344192256026	0.491	0.186	6.54493941516903e-61	"7"	"SLIT2"
2.17731916400115e-65	0.512732918250955	0.996	0.963	7.96920587216062e-61	"7"	"PSMA2"
2.25770500327051e-65	0.588765747514837	0.383	0.293	8.26342608247038e-61	"0"	"CDKN1C"
2.44740373245702e-65	1.08429577662784	0.711	0.337	8.95774240116596e-61	"7"	"GMPPB"
2.49252348069291e-65	1.30830114355849	0.623	0.274	9.12288519168413e-61	"7"	"ABRACL"
2.71675727184104e-65	1.0050011712962	0.471	0.172	9.94360329066538e-61	"7"	"CXCL1"
2.76906338135571e-65	0.879490559813075	0.387	0.252	1.01350488821e-60	"6"	"C16orf87"
3.017941937737e-65	0.735611025352212	0.554	0.459	1.10459692863112e-60	"5"	"CMSS1"
3.2880873261422e-65	1.18011049224382	0.756	0.387	1.20347284224131e-60	"7"	"IFI30"
3.30577678490981e-65	1.40230907501681	0.493	0.184	1.20994736104484e-60	"7"	"EHBP1L1"
3.3770366110252e-65	0.522057375867638	0.593	0.546	1.23602917000133e-60	"4"	"SSH2"
3.59443001334208e-65	0.818668832836781	0.407	0.285	1.31559732918333e-60	"5"	"CALCRL"
3.76070160518396e-65	0.66360520154172	0.522	0.461	1.37645439451338e-60	"4"	"PKIG"
4.27156322944626e-65	0.924219042572375	0.928	0.655	1.56343485760962e-60	"7"	"GMPS"
5.32740413717781e-65	0.72289837538384	0.978	0.813	1.94988318824845e-60	"7"	"PUF60"
5.44445917690174e-65	1.07149990893737	0.798	0.44	1.99272650333781e-60	"7"	"SMC6"
5.52480317359108e-65	1.67841322984104	0.337	0.1	2.02213320956607e-60	"7"	"WNT5B"
6.12737911470881e-65	0.815110238950532	0.5	0.397	2.24268202977457e-60	"5"	"SLC7A11"
6.85555711883976e-65	1.06999775952108	0.78	0.409	2.50920246106654e-60	"7"	"CPSF3"
7.04741599165129e-65	0.545628041380579	0.704	0.596	2.57942472710429e-60	"6"	"GTPBP6"
7.34445994138854e-65	1.21210327160893	0.76	0.414	2.68814578314762e-60	"7"	"PLS3"
7.39719686436363e-65	0.520425237880013	0.695	0.611	2.70744802432573e-60	"5"	"ORAI3"
9.29918523653733e-65	1.62662784834539	0.397	0.131	3.40359478842503e-60	"7"	"TMEM173"
9.71459816047411e-65	0.501180069274213	0.643	0.605	3.55564007271513e-60	"4"	"SRPX2"
1.20383333809479e-64	1.44133609035993	0.355	0.108	4.40615040076075e-60	"7"	"GALNT5"
1.23269868735294e-64	0.982030852535003	0.924	0.638	4.51180046558048e-60	"7"	"PRRX2"
1.44022403379816e-64	1.35222550681627	0.413	0.135	5.27136398610465e-60	"7"	"LIN54"
1.7096241957617e-64	1.12824419202466	0.749	0.376	6.25739551890741e-60	"7"	"TSR2"
1.74353629580974e-64	1.80699097074298	0.435	0.16	6.38151719629324e-60	"7"	"PIF1"
2.00486092974083e-64	1.11312474004011	0.719	0.347	7.3379914889444e-60	"7"	"HIP1"
2.43846978337162e-64	1.78663500384361	0.297	0.082	8.92504325411848e-60	"7"	"MIR222HG"
2.72607942498298e-64	0.771179526349711	0.271	0.186	9.97772330338021e-60	"3"	"HOXB8"
3.24917502853422e-64	1.15875589085748	0.585	0.236	1.18923055219381e-59	"7"	"NOM1"
3.3424122497651e-64	1.27819749564907	0.603	0.259	1.22335630753653e-59	"7"	"TPMT"
3.54443771587353e-64	0.825077880344066	0.996	0.977	1.29729964838687e-59	"7"	"AHNAK"
3.5542898205896e-64	1.09153468078989	0.733	0.359	1.300905617234e-59	"7"	"XRCC1"
3.70546483711475e-64	0.600140668883759	0.607	0.478	1.35623718503237e-59	"6"	"NADK"
3.83054080418306e-64	1.26296640431709	0.525	0.204	1.40201623973904e-59	"7"	"CEP192"
4.06075309283868e-64	0.595028274877759	0.699	0.658	1.48627623950989e-59	"5"	"RAB5A"
4.49100954543807e-64	0.691628896559445	0.529	0.396	1.64375440372579e-59	"6"	"PNO1"
4.78184430382341e-64	0.676414108130629	0.994	0.891	1.7502028336424e-59	"7"	"MCFD2"
5.16862882364032e-64	1.51024531362909	0.351	0.107	1.8917698357406e-59	"7"	"LRRC45"
5.33900521297109e-64	0.543388847509805	0.555	0.503	1.95412929799955e-59	"4"	"STAT6"
5.58761605243429e-64	0.719178910121107	0.988	0.82	2.04512335135147e-59	"7"	"SSNA1"
6.33127117655415e-64	0.612993812036864	0.665	0.541	2.31730856333059e-59	"6"	"CAPG"
7.29316422812166e-64	0.711607724147125	0.986	0.874	2.66937103913481e-59	"7"	"FBL"
7.41351113039072e-64	0.543158938255291	0.71	0.677	2.71341920883431e-59	"5"	"AP3D1"
7.52188703993547e-64	0.791844572866103	0.425	0.31	2.75308587548678e-59	"5"	"PEX11A"
7.81956926505395e-64	1.51492767190802	0.339	0.1	2.8620405467024e-59	"7"	"WDR4"
8.24467084854705e-64	1.0859435798655	0.826	0.483	3.01763197727671e-59	"7"	"RAB8A"
8.33906010250846e-64	1.04028645123553	0.75	0.384	3.05217938811912e-59	"7"	"CCDC167"
9.24744394266462e-64	0.698248561710465	0.552	0.425	3.38465695745468e-59	"6"	"FXN"
9.54315425493617e-64	1.09828196728691	0.727	0.351	3.49288988884919e-59	"7"	"TRNAU1AP"
9.54592829442481e-64	1.10719724577505	0.749	0.374	3.49390521504243e-59	"7"	"LYAR"
9.94555584563971e-64	0.860973673353064	0.946	0.709	3.64017289506259e-59	"7"	"UBA1"
1.2730088021619e-63	0.592666636279234	0.655	0.532	4.65933951679279e-59	"6"	"TLN2"
1.39467871712479e-63	0.681441294581352	0.994	0.905	5.10466357254845e-59	"7"	"EIF6"
1.48199158145786e-63	0.810407442125331	0.968	0.771	5.42423738729392e-59	"7"	"NPTN"
1.54538299045248e-63	0.826799340078525	0.938	0.675	5.65625628335513e-59	"7"	"RECQL"
1.61172332794931e-63	0.509559984704913	0.477	0.384	5.89906855262728e-59	"4"	"FBXO32"
1.62482350813878e-63	0.67893907817769	0.992	0.903	5.94701652213877e-59	"7"	"COPS6"
1.87359666045205e-63	0.651440398053837	0.99	0.9	6.85755113692054e-59	"7"	"EIF5"
1.96685615554531e-63	0.945273345457434	0.356	0.227	7.19889021491138e-59	"6"	"FURIN"
2.22784876081598e-63	1.1538500086081	0.645	0.28	8.15414924946257e-59	"7"	"ENDOD1"
2.23092334309764e-63	0.867007037842683	0.984	0.829	8.16540252807168e-59	"7"	"CAVIN3"
2.56807734938495e-63	0.842546790167836	0.457	0.355	9.39941990648386e-59	"5"	"UBALD2"
3.06931774928259e-63	0.828995936126075	0.952	0.681	1.12340098941492e-58	"7"	"ARF6"
3.35823061668483e-63	0.720130017310682	0.43	0.362	1.22914598801282e-58	"4"	"TTPAL"
3.73186912568179e-63	0.922719215913791	0.325	0.197	1.36590141869079e-58	"6"	"SETD9"
4.1390433981289e-63	2.90403774782459	0.551	0.113	1.51493127414916e-58	"8"	"ECM2"
4.67756738189976e-63	0.820996404356611	0.377	0.304	1.71203643744913e-58	"4"	"LYST"
5.5521783314588e-63	1.32211302536351	0.609	0.271	2.03215279109724e-58	"7"	"NRAS"
5.57126312802624e-63	1.13717556281897	0.896	0.634	2.03913801748889e-58	"7"	"LRRFIP1"
5.63602993645509e-63	0.799668438776122	0.717	0.609	2.06284331704193e-58	"6"	"TUBB2A"
5.97996358657644e-63	1.84417505102832	0.261	0.067	2.18872647232284e-58	"7"	"STEAP1B"
5.98664767158765e-63	0.58668886543826	0.483	0.405	2.1911729142778e-58	"3"	"ABHD10"
6.45677075929902e-63	3.78060307753328	0.478	0.091	2.36324266561103e-58	"8"	"SYTL2"
7.00303877260846e-63	0.962127123258379	0.842	0.485	2.56318222116242e-58	"7"	"ANKRD28"
7.52205520297667e-63	0.897652772640429	0.964	0.775	2.75314742484149e-58	"7"	"IPO5"
7.59005014249191e-63	0.9925810304677	0.467	0.168	2.77803425265346e-58	"7"	"MIR503HG"
7.71822376372893e-63	0.717665076849346	0.331	0.245	2.82494707976243e-58	"3"	"SIDT2"
9.32334126973038e-63	0.882579363025694	0.982	0.805	3.41243613813402e-58	"7"	"CCN1"
9.51297824319156e-63	0.775468779075616	0.96	0.755	3.48184516679054e-58	"7"	"MAGOH"
9.81792162790031e-63	0.780880349192614	0.966	0.784	3.59345749502779e-58	"7"	"BAZ1B"
1.11037635024766e-62	1.06835969110503	0.798	0.456	4.06408847954146e-58	"7"	"CTCF"
1.11678517635613e-62	1.19576998220228	0.501	0.185	4.08754542398106e-58	"7"	"ZW10"
1.37655582097756e-62	0.994745674396253	0.832	0.474	5.03833196035996e-58	"7"	"PAF1"
1.47466482190943e-62	0.591620272297305	0.996	0.908	5.39742071467069e-58	"7"	"TMEM14B"
1.52914278832991e-62	0.568731071500449	0.624	0.491	5.5968155195663e-58	"6"	"CBWD2"
1.54113949161503e-62	0.772592231369712	0.986	0.92	5.64072465326016e-58	"7"	"RRBP1"
1.97630982069785e-62	2.61488131883589	1	0.92	7.23349157473621e-58	"8"	"MYL9"
2.09639027061803e-62	0.681242958833606	0.994	0.842	7.67299802948906e-58	"7"	"VPS29"
2.12395135100066e-62	0.612615547764133	0.609	0.531	7.77387433979751e-58	"5"	"TNFRSF10B"
2.13197888835786e-62	0.605208982313001	0.996	0.926	7.80325592927859e-58	"7"	"NUTF2"
2.46811395672925e-62	0.932787565903415	0.279	0.155	9.03354389302472e-58	"6"	"FLVCR2"
2.53018785930784e-62	0.53914109570736	0.998	0.998	9.26074058385264e-58	"7"	"HSPB1"
2.6029683712325e-62	1.15345139591351	0.619	0.273	9.52712453554808e-58	"7"	"CEP57L1"
3.14910383461011e-62	1.66895346378368	0.323	0.096	1.15260349450565e-57	"7"	"CNTRL"
3.19089586259564e-62	1.17694248466926	0.605	0.256	1.16789979466863e-57	"7"	"C2orf69"
3.49818437549532e-62	0.869672299970967	0.962	0.74	1.28037046327504e-57	"7"	"PPP1R12A"
3.57551587103684e-62	0.531643945528541	0.64	0.508	1.30867456395819e-57	"6"	"BLVRA"
3.76902893231713e-62	0.840004187636869	0.327	0.245	1.37950227951739e-57	"4"	"PCDHGC3"
4.85850038086498e-62	0.942035364535269	0.928	0.705	1.77825972440039e-57	"7"	"EBNA1BP2"
4.86186432242465e-62	0.844010814512499	0.926	0.673	1.77949096065065e-57	"7"	"TIMM10"
4.93802771117558e-62	0.907576025466422	0.916	0.632	1.80736752256738e-57	"7"	"GPN3"
7.41051849455189e-62	0.660696074296179	0.684	0.652	2.71232387419094e-57	"5"	"PSIP1"
7.74897792662852e-62	0.875951614263261	0.256	0.186	2.8362034109253e-57	"1"	"MET"
8.02740274149235e-62	0.707109467367708	0.485	0.349	2.93810967741362e-57	"6"	"B4GALT5"
1.07374906802848e-61	1.03130963904048	0.876	0.543	3.93002896389103e-57	"7"	"ADK"
1.27837241827656e-61	0.732751618263637	0.489	0.354	4.67897088813404e-57	"6"	"PANK3"
1.38877629219207e-61	0.730406674792477	0.306	0.223	5.08306010705219e-57	"3"	"FURIN"
1.46115294480293e-61	0.511373701683138	0.729	0.623	5.34796589327321e-57	"6"	"CDC40"
1.54047339229375e-61	0.909315136310469	0.912	0.661	5.63828666313434e-57	"7"	"ATP2B1"
1.62156480122478e-61	0.919771644290622	0.344	0.216	5.9350893289628e-57	"6"	"METTL21A"
1.84306721635422e-61	1.65731955910429	0.287	0.079	6.74581031857807e-57	"7"	"B3GLCT"
2.32061691444186e-61	0.711392468750097	0.473	0.335	8.49368996854864e-57	"6"	"REPIN1"
2.41750661267881e-61	1.18245023235945	0.591	0.252	8.84831595306571e-57	"7"	"NUP188"
2.43904260499074e-61	1.07522288685204	0.792	0.437	8.92713983852659e-57	"7"	"CENPT"
2.47185203785417e-61	0.582710405662077	0.645	0.526	9.04722564375004e-57	"6"	"NCLN"
2.48189990192925e-61	0.914486153694189	0.896	0.561	9.08400183105125e-57	"7"	"SNRNP25"
2.55679558681788e-61	0.678188244781296	0.3	0.211	9.35812752731211e-57	"4"	"TMEM100"
2.56757334095851e-61	0.968750724849216	0.385	0.257	9.39757518524225e-57	"6"	"LONRF1"
2.57536799519355e-61	1.17682039308289	0.603	0.267	9.42610439920791e-57	"7"	"TES"
2.74560949965803e-61	0.716838509353665	0.539	0.462	1.00492053296984e-56	"5"	"CTBP2"
2.89121171222612e-61	1.05036352844556	0.77	0.405	1.05821239879188e-56	"7"	"EXOSC10"
3.11671224682155e-61	0.871941257483399	0.687	0.328	1.14074784945916e-56	"7"	"PTGIS"
3.23426065119232e-61	0.649631510386186	0.328	0.24	1.1837717409429e-56	"3"	"INSR"
3.38313332519807e-61	0.786773066149722	0.279	0.198	1.23826062835575e-56	"3"	"DENND4A"
3.40902994388388e-61	0.954849718785475	0.83	0.474	1.24773904976094e-56	"7"	"AKIP1"
3.53190263152959e-61	1.00054110621896	0.896	0.622	1.29271168216614e-56	"7"	"NTMT1"
3.59335408830097e-61	1.17778236636894	0.631	0.285	1.31520352985904e-56	"7"	"TBCD"
3.78969768291453e-61	0.56349939086375	0.672	0.56	1.38706724892355e-56	"6"	"LNPK"
4.20309007127519e-61	0.88890116987337	0.946	0.781	1.53837299698743e-56	"7"	"KLF6"
4.55427544967217e-61	0.705381851723546	0.966	0.813	1.66691035733451e-56	"7"	"PSMD1"
5.07729126157871e-61	1.28869047061528	0.465	0.169	1.85833937465042e-56	"7"	"TYMSOS"
5.5705112076562e-61	1.03131600098091	0.366	0.266	2.03886280711425e-56	"5"	"CBX4"
6.03705013329079e-61	0.862114482857772	0.928	0.699	2.20962071928576e-56	"7"	"LRRFIP2"
6.42328218115693e-61	0.958131882552945	0.292	0.217	2.35098551112525e-56	"4"	"F10"
6.86067889946967e-61	1.77761586787562	0.661	0.378	2.5110770839949e-56	"7"	"SNRPD3"
6.99893811237175e-61	0.73919851349593	0.966	0.793	2.56168133850919e-56	"7"	"RALY"
8.45170681377786e-61	0.699676539151801	0.317	0.246	3.09340921091084e-56	"1"	"AL136454.1"
8.54666951205481e-61	0.571079264961452	0.59	0.505	3.12816650810718e-56	"5"	"DPH5"
8.65833938348316e-61	0.923006019989777	0.332	0.252	3.16903879774867e-56	"4"	"RASL11A"
9.17769190882829e-61	0.542104549712563	0.998	0.943	3.35912701555024e-56	"7"	"NDUFS8"
9.6141894356049e-61	1.07170601037062	0.687	0.317	3.51888947532575e-56	"7"	"NSMCE4A"
1.08098725538545e-60	1.1648387453263	0.671	0.314	3.9565214534363e-56	"7"	"RPA2"
1.093739976032e-60	1.36012947946278	0.425	0.148	4.00319768627472e-56	"7"	"IMMP1L"
1.09762349341747e-60	2.7938573694495	0.899	0.386	4.0174117482573e-56	"8"	"EFEMP1"
1.15761499503739e-60	0.614749340593488	0.387	0.298	4.23698664333635e-56	"3"	"TNFAIP8"
1.39817112306801e-60	1.45626822767922	0.369	0.119	5.11744612754122e-56	"7"	"PDSS1"
1.40024984764394e-60	0.548912493658909	0.99	0.909	5.12505446736158e-56	"7"	"UQCRC1"
1.45906089352036e-60	0.782773376493313	0.944	0.674	5.34030877637387e-56	"7"	"LMF2"
1.61804658637893e-60	0.878386259090975	0.94	0.701	5.92221231080551e-56	"7"	"RBMX"
1.7711191682911e-60	0.823689360941929	0.379	0.244	6.48247326786224e-56	"6"	"RILP"
1.79664603969413e-60	0.528784244825779	0.708	0.609	6.57590416988447e-56	"6"	"PTGES2"
1.80102586884064e-60	0.723018917617539	0.27	0.186	6.59193478254361e-56	"3"	"MET"
1.91996195312867e-60	0.515627417942171	0.521	0.456	7.02725274464623e-56	"3"	"ACADM"
2.20439407502353e-60	0.917124319681754	0.858	0.53	8.06830275399362e-56	"7"	"PPP5C"
2.28941734137377e-60	1.25750024090254	0.415	0.143	8.37949641116213e-56	"7"	"PRSS12"
2.60535133177306e-60	1.29505303332914	0.297	0.175	9.53584640942257e-56	"6"	"APOC1"
2.69561433919145e-60	1.36771140748206	0.717	0.393	9.86621804287462e-56	"7"	"CRIP2"
2.91197566929584e-60	0.603453039277509	0.581	0.506	1.06581221471897e-55	"5"	"TRABD"
2.95687825014754e-60	1.12310746384783	0.585	0.241	1.0822470083365e-55	"7"	"DUS3L"
2.99005730191859e-60	1.2725881196058	0.453	0.163	1.09439087307522e-55	"7"	"PGM2"
3.04103926695133e-60	1.41750398116672	0.359	0.114	1.11305078209685e-55	"7"	"KCNK2"
3.17518798209475e-60	0.726531131744574	0.391	0.252	1.1621505533265e-55	"6"	"FRMD4A"
3.7618014209219e-60	0.87696018613483	0.53	0.42	1.37685693807162e-55	"6"	"HOOK2"
4.10977422439707e-60	0.895815810641566	0.402	0.278	1.50421846387157e-55	"6"	"WWP1"
4.11052329822062e-60	0.949563547222983	0.844	0.475	1.50449263238173e-55	"7"	"LRP11"
5.52376426411719e-60	0.764750440994281	0.442	0.31	2.02175295830953e-55	"6"	"RRP15"
6.45371557697022e-60	1.38528969030353	0.397	0.136	2.36212443832687e-55	"7"	"ITGA6"
6.7022884886661e-60	0.952530856397164	0.856	0.526	2.45310460973668e-55	"7"	"PXMP2"
6.92305787796242e-60	0.853993123911641	0.437	0.338	2.53390841391303e-55	"5"	"WHAMM"
6.98434740400108e-60	0.63044934434961	0.465	0.397	2.55634099333844e-55	"4"	"ELK3"
8.46025579788368e-60	0.950845634932272	0.482	0.402	3.09653822458341e-55	"5"	"TSPYL2"
9.42570948317849e-60	1.09812103191806	0.866	0.544	3.44990392793816e-55	"7"	"CAPG"
1.19185560517685e-59	1.25060879089015	0.511	0.202	4.3623107005078e-55	"7"	"ERI1"
1.23491181648051e-59	1.49451315358273	0.363	0.116	4.51990073950033e-55	"7"	"RAD51D"
1.26879822637216e-59	0.954858229401353	0.872	0.587	4.64392838834474e-55	"7"	"SMARCB1"
1.3611717458267e-59	1.28724109285888	0.511	0.203	4.98202470690029e-55	"7"	"GJC1"
1.43171403300271e-59	0.715760275020212	0.53	0.413	5.24021653219321e-55	"6"	"MECR"
1.55378766307587e-59	1.66705992827407	0.297	0.085	5.68701822562398e-55	"7"	"TMEM171"
1.64811322424649e-59	0.502331564238244	0.751	0.652	6.03225921206459e-55	"6"	"MLST8"
1.65569349699853e-59	0.694275730653257	0.962	0.82	6.06000376836434e-55	"7"	"TGOLN2"
1.73741576429966e-59	0.635942731083917	0.958	0.738	6.35911543891317e-55	"7"	"DNAJB11"
1.84249893070891e-59	0.523684311063548	0.992	0.948	6.74373033628767e-55	"7"	"NFIC"
1.84862469557954e-59	0.567094799837434	1	0.998	6.76615124829069e-55	"7"	"TXN"
1.85940047224893e-59	0.944986242172507	0.882	0.567	6.8055916684783e-55	"7"	"PTS"
2.01299589105563e-59	1.13714890903485	0.613	0.271	7.36776626085271e-55	"7"	"CCDC14"
2.06575685744113e-59	1.58367115390683	0.699	0.39	7.5608766739203e-55	"7"	"PRSS23"
2.09556742077672e-59	0.521349096551731	0.712	0.621	7.66998631678488e-55	"6"	"ILVBL"
2.16425817179053e-59	1.40645483917001	0.459	0.171	7.92140133457051e-55	"7"	"GATA2"
2.17897415403948e-59	0.876230363671064	0.884	0.567	7.97526330119988e-55	"7"	"DERA"
2.3954156423129e-59	0.726515878584029	0.496	0.37	8.76746079242946e-55	"6"	"TIMM44"
2.45167085566782e-59	1.0519762307713	0.754	0.397	8.97336049882981e-55	"7"	"HAUS4"
2.47934483990619e-59	0.904645924421005	0.335	0.23	9.07465004854065e-55	"5"	"CHST2"
2.88238465772994e-59	1.04227653250689	0.792	0.436	1.05498160857573e-54	"7"	"CYB5B"
3.16639130007172e-59	1.61899702892779	0.529	0.233	1.15893087973925e-54	"7"	"TOMM34"
3.18752646846301e-59	2.61076019949485	0.674	0.178	1.16666656272215e-54	"8"	"CARMN"
3.51233034959449e-59	1.33841201504124	0.437	0.158	1.28554803125508e-54	"7"	"TUBGCP3"
3.53742760523774e-59	1.68608327202994	0.271	0.075	1.29473387779307e-54	"7"	"CXCL5"
3.7696988982917e-59	0.98127640510573	0.774	0.411	1.37974749376375e-54	"7"	"FARP1"
3.98820631778307e-59	0.925143251966164	0.352	0.228	1.45972339437178e-54	"6"	"FRMD8"
4.14795677467163e-59	0.578615257112646	1	0.994	1.51819365909756e-54	"7"	"DYNLL1"
4.28955668915354e-59	0.539782031064643	1	0.997	1.57002064379709e-54	"7"	"NCL"
4.38438709348411e-59	0.673722637851752	0.984	0.801	1.60472952008612e-54	"7"	"FUCA2"
4.68632235008784e-59	1.00626212989809	0.792	0.422	1.71524084335565e-54	"7"	"LZIC"
4.96829518550817e-59	1.06366356631812	0.266	0.168	1.81844572084785e-54	"5"	"ECHDC3"
5.8356721074877e-59	2.21628733677403	1	0.786	2.13591434806157e-54	"8"	"NR2F2"
6.23324399721613e-59	0.581904630525401	0.511	0.454	2.28142963542108e-54	"4"	"POPDC3"
6.96410288315746e-59	0.572924792050541	0.998	0.974	2.54893129626446e-54	"7"	"HNRNPK"
7.11026970006196e-59	0.545957934536709	0.618	0.559	2.60242981291968e-54	"5"	"HMGB2"
7.87236357229616e-59	0.901424767229142	0.856	0.508	2.88136379109612e-54	"7"	"FAS"
8.28670888000137e-59	0.511149537831074	0.373	0.278	3.0330183171693e-54	"2"	"CPZ"
9.6506538774307e-59	0.548791913349087	0.994	0.92	3.53223582567841e-54	"7"	"PSMC5"
1.05640986323481e-58	1.05835042662793	0.282	0.165	3.86656574042573e-54	"6"	"HSPA12A"
1.05828064687614e-58	0.878437578862057	0.92	0.654	3.87341299563135e-54	"7"	"SF3B3"
1.15111071530886e-58	1.41391677790967	0.329	0.1	4.21318032910197e-54	"7"	"ZNF85"
1.2166662322435e-58	0.850567902263949	0.469	0.386	4.45312007663443e-54	"5"	"RNF113A"
1.22518238553391e-58	0.938981395070483	0.864	0.525	4.48429004929266e-54	"7"	"ASXL1"
1.23549527376838e-58	0.527447379467464	0.992	0.953	4.52203625151965e-54	"7"	"LSM7"
1.69277450599365e-58	1.06596736197721	0.77	0.404	6.19572396938734e-54	"7"	"MCRS1"
1.76707348296997e-58	0.812000321692128	0.936	0.731	6.46766565501839e-54	"7"	"EIF2S1"
1.85394323736331e-58	0.600006368810028	0.994	0.957	6.78561764307345e-54	"7"	"HP1BP3"
1.9289530732896e-58	0.952828136909459	0.858	0.54	7.06016114354726e-54	"7"	"MAPRE1"
2.21648714888442e-58	0.608292743159622	0.982	0.877	8.11256461363187e-54	"7"	"PSMD9"
2.25563199320936e-58	0.709770319460268	0.968	0.791	8.25583865834556e-54	"7"	"SGCB"
2.42835752794742e-58	0.668897770990118	0.736	0.699	8.88803138804035e-54	"5"	"MTHFD2"
2.45809377724408e-58	0.528077545252466	0.676	0.62	8.99686903409105e-54	"5"	"AHCTF1"
2.67508668117894e-58	0.604145786994512	0.569	0.476	9.79108476178303e-54	"5"	"AC012146.1"
2.80649922848346e-58	1.13298365170324	0.764	0.45	1.02720678261723e-53	"7"	"PHLDA2"
3.13713007345271e-58	0.503919342821124	0.466	0.387	1.14822097818443e-53	"3"	"SAMD1"
3.65382587595432e-58	0.694075741006166	0.645	0.586	1.33733680885804e-53	"5"	"BCAP29"
4.42136018485944e-58	0.666635254564754	0.984	0.801	1.61826204126041e-53	"7"	"TUSC3"
4.53743118128049e-58	2.43581045283572	0.79	0.267	1.66074518666047e-53	"8"	"PRUNE2"
4.55613994269361e-58	0.588329242421527	0.403	0.34	1.66759278042529e-53	"1"	"FHOD1"
4.93802288405385e-58	1.91066300195811	0.313	0.097	1.80736575579255e-53	"7"	"OLFM1"
5.26437566873551e-58	1.0063303380872	0.806	0.471	1.92681413851389e-53	"7"	"PSMB9"
6.0872790346072e-58	1.11178190004016	0.607	0.262	2.22800499945658e-53	"7"	"TCHP"
7.00821390289388e-58	0.899089149112545	0.964	0.8	2.56507637059819e-53	"7"	"PEA15"
7.10922391325363e-58	1.67944170793622	0.255	0.067	2.60204704448996e-53	"7"	"ATP23"
8.88618956898335e-58	0.799532730432994	0.457	0.358	3.25243424414359e-53	"2"	"TMEM158"
9.32770761457671e-58	1.23291153639754	0.505	0.197	3.41403426401122e-53	"7"	"CEP83"
1.02252019551943e-57	0.576092750426511	0.647	0.541	3.74252616762066e-53	"6"	"VMA21"
1.08222404063325e-57	0.824133096176597	0.854	0.51	3.96104821112177e-53	"7"	"ENPP2"
1.164526861569e-57	0.646150117900788	0.988	0.789	4.26228476602869e-53	"7"	"TGFB1"
1.22491354450149e-57	0.914792004986262	0.864	0.549	4.48330606422991e-53	"7"	"ABHD12"
1.27017994643782e-57	1.12382844562762	0.619	0.274	4.64898562195708e-53	"7"	"HAUS2"
1.43727129793706e-57	1.00448016383017	0.778	0.417	5.26055667757942e-53	"7"	"PACSIN2"
1.51973536490743e-57	0.742840541305285	0.582	0.506	5.56238340909767e-53	"5"	"DUSP14"
1.54247038811097e-57	0.63144925649487	0.99	0.845	5.64559586752495e-53	"7"	"MESD"
1.61998608551446e-57	0.772472350255317	0.93	0.669	5.92931107159147e-53	"7"	"SMCHD1"
1.84074353992792e-57	0.652375684897852	0.341	0.259	6.73730543049019e-53	"3"	"ETV3"
1.84670114131172e-57	1.27320783275104	0.491	0.194	6.75911084731503e-53	"7"	"CYB5R2"
1.88971229573423e-57	1.09876396601446	0.277	0.162	6.91653597361687e-53	"6"	"VSTM4"
2.2696325168997e-57	1.60590489200223	0.309	0.095	8.3070819751046e-53	"7"	"IQCJ-SCHIP1"
2.30129332891999e-57	0.882020938653521	0.968	0.82	8.42296371318004e-53	"7"	"COPRS"
2.31172130891518e-57	0.838238036026575	0.438	0.347	8.46113116276044e-53	"5"	"CSGALNACT2"
2.33393296053149e-57	0.892190989574635	0.337	0.26	8.5424280288413e-53	"4"	"SNED1"
2.46619419785124e-57	0.537273429366196	0.661	0.552	9.02651738355532e-53	"6"	"FARSB"
2.69803502222668e-57	1.13103835801776	0.589	0.25	9.87507798485189e-53	"7"	"CSTF3"
2.91766145460444e-57	0.7672482521193	0.396	0.331	1.06789326899977e-52	"4"	"KIAA0930"
2.9396813620901e-57	0.520601528446838	0.705	0.596	1.0759527753386e-52	"6"	"PBRM1"
3.01348024508124e-57	1.11559418034029	0.277	0.165	1.10296390450218e-52	"6"	"CPEB4"
3.35842167683813e-57	1.82791644694456	0.265	0.074	1.22921591793953e-52	"7"	"HAPLN3"
3.37203022776055e-57	0.735369346940006	0.474	0.345	1.23419678366264e-52	"6"	"EML2"
3.42390619606893e-57	1.12507708160919	0.557	0.231	1.25318390682319e-52	"7"	"ATRIP"
3.52260126123564e-57	0.585092928887822	0.428	0.335	1.28930728762486e-52	"2"	"OLFM2"
3.55592830632644e-57	0.727799262250634	0.499	0.41	1.30150531939854e-52	"5"	"CCDC82"
3.75606376547845e-57	0.556573597933161	0.657	0.547	1.37475689880277e-52	"6"	"ABHD12"
3.85871598789887e-57	2.85154064463129	0.594	0.147	1.41232863873087e-52	"8"	"AOPEP"
3.96300103914102e-57	0.81714064856363	0.388	0.263	1.45049801033601e-52	"6"	"PCCA-DT"
4.22506874582783e-57	0.618533547548531	0.74	0.709	1.54641741166045e-52	"5"	"PGM1"
4.55100474846406e-57	1.43506410784934	0.403	0.142	1.66571324798533e-52	"7"	"TEAD4"
4.98197996138232e-57	1.86832194721508	0.729	0.396	1.82345448566554e-52	"7"	"CAMK2N1"
5.13254002810179e-57	0.689188219793773	0.501	0.376	1.87856097568553e-52	"6"	"PPP2R2D"
5.2643525124962e-57	1.1383051748571	0.806	0.473	1.92680566309874e-52	"7"	"BRD8"
5.54111664022669e-57	0.937969572178841	0.832	0.504	2.02810410148937e-52	"7"	"RNF126"
5.72128140681348e-57	0.603793336012687	0.423	0.348	2.0940462077078e-52	"3"	"DIP2C"
5.75229269302876e-57	1.0897489015036	0.681	0.333	2.10539664857546e-52	"7"	"PHTF2"
6.0594214785707e-57	1.07115012420591	0.711	0.354	2.21780885537166e-52	"7"	"CNOT9"
6.39345463732389e-57	1.03273248455244	0.737	0.378	2.34006833180692e-52	"7"	"MPRIP"
6.39934081773043e-57	0.990612880432667	0.727	0.372	2.34222273269751e-52	"7"	"PRPF4"
6.52487849030905e-57	0.946411446881252	0.82	0.49	2.38817077623801e-52	"7"	"NPM3"
6.79928358475569e-57	1.21816970899782	0.505	0.203	2.48860578485643e-52	"7"	"CSTF2"
6.97824620295558e-57	0.775467356657608	0.301	0.222	2.55410789274377e-52	"3"	"SGMS2"
8.10120109527454e-57	0.897647362200081	0.928	0.655	2.96512061288144e-52	"7"	"MYO1C"
8.59931407432369e-57	0.804508060132308	0.952	0.769	3.14743494434321e-52	"7"	"STIP1"
8.64148367357346e-57	0.869147113212551	0.368	0.245	3.16286943936462e-52	"6"	"OCRL"
9.36241576851878e-57	1.0068673155244	0.77	0.407	3.42673779543556e-52	"7"	"UXS1"
1.11615505991391e-56	0.723015973921554	0.968	0.69	4.0852391347909e-52	"7"	"EMP1"
1.56717808465673e-56	1.14372394193275	0.273	0.178	5.73602850765209e-52	"5"	"NFXL1"
1.66210263444585e-56	0.707579231279159	0.465	0.333	6.08346185233527e-52	"6"	"VPS13A"
1.67020849683929e-56	1.20660463426078	0.411	0.143	6.11313011928149e-52	"7"	"CEP41"
1.77147007543996e-56	2.40407404659466	0.993	0.758	6.48375762311779e-52	"8"	"MYH9"
1.80002638912233e-56	2.9979053027949	0.833	0.354	6.58827658682665e-52	"8"	"TP53I11"
2.01587554368131e-56	1.08437268675847	1	0.995	7.37830607742797e-52	"8"	"CYB5R3"
2.03327265670911e-56	1.08264256681057	0.691	0.343	7.44198125082101e-52	"7"	"CTPS1"
2.05702121378671e-56	0.55689468317457	0.992	0.949	7.52890334458075e-52	"7"	"HIF1A"
2.24560044947737e-56	0.714582968548698	0.968	0.769	8.21912220513212e-52	"7"	"NT5DC2"
2.48808489489666e-56	0.929254576955094	0.804	0.442	9.10663952381125e-52	"7"	"CDKN2AIPNL"
3.18686011587501e-56	0.541901770371717	0.992	0.929	1.16642267101141e-51	"7"	"METTL26"
3.3885905699937e-56	0.741348452466016	0.448	0.328	1.24025803452339e-51	"6"	"MRPL1"
3.6427947118649e-56	1.00626526528018	0.99	0.951	1.33329929248967e-51	"7"	"RHOC"
3.70478564493724e-56	0.756500834404121	0.948	0.753	1.35598859390348e-51	"7"	"UBA2"
3.76500097288697e-56	0.761252294116859	0.972	0.805	1.37802800608636e-51	"7"	"SUMO3"
4.08249816678744e-56	1.14754228990442	0.601	0.264	1.49423515402587e-51	"7"	"C16orf95"
4.27623162134275e-56	1.43675435303779	0.315	0.097	1.56514353572766e-51	"7"	"TBC1D31"
4.35942533714829e-56	0.574657122879751	0.603	0.487	1.59559326764965e-51	"6"	"HMBS"
4.63754587147409e-56	1.03975466865611	0.703	0.349	1.69738816441823e-51	"7"	"GNA11"
5.86616262973426e-56	0.751163453123965	0.962	0.756	2.14707418410904e-51	"7"	"TWSG1"
5.92058011588989e-56	0.912265716646634	0.86	0.547	2.16699152821686e-51	"7"	"MSRB3"
8.23025587669049e-56	1.16721615600077	0.623	0.291	3.01235595342748e-51	"7"	"KIAA0586"
8.45426954608076e-56	0.726076364667499	0.938	0.706	3.09434719656102e-51	"7"	"ADAM10"
9.9040875970588e-56	1.16971578530968	0.529	0.216	3.62499510139949e-51	"7"	"SCRIB"
1.02893947882092e-55	1.45102225182833	0.407	0.148	3.76602138643244e-51	"7"	"ATAD3B"
1.03171302723735e-55	0.630045589614795	0.369	0.289	3.77617285099144e-51	"3"	"SLC25A16"
1.04166403109491e-55	1.37192858455666	0.437	0.163	3.81259452021048e-51	"7"	"FZR1"
1.20045421410382e-55	0.708512766506243	0.345	0.286	4.39378246904139e-51	"1"	"SNRK"
1.57167671519683e-55	0.984587646791815	0.89	0.638	5.75249394529192e-51	"7"	"CSRP1"
1.59225523697049e-55	0.699257869140632	0.323	0.245	5.82781339283567e-51	"3"	"FAM199X"
1.71010945175451e-55	0.654746712269284	0.526	0.486	6.2591716043667e-51	"4"	"SAV1"
1.71654300890178e-55	0.606089932605584	0.611	0.497	6.2827190668814e-51	"6"	"LONP1"
1.75133461725774e-55	0.550247016512379	0.99	0.927	6.41005983262507e-51	"7"	"SELENOH"
1.80306632978029e-55	0.545052751821387	0.992	0.924	6.59940307362885e-51	"7"	"CCT8"
1.83473498766273e-55	1.17401204653153	0.601	0.268	6.71531352834436e-51	"7"	"CEP250"
2.21984279356713e-55	1.34547203821542	0.371	0.127	8.12484660873504e-51	"7"	"STEAP3"
2.22894471298634e-55	0.553926182481446	0.427	0.349	8.15816054400131e-51	"3"	"FOXN2"
2.33586668831532e-55	0.600112844025729	0.502	0.451	8.54950566590289e-51	"4"	"ADA"
2.53642064938025e-55	0.877867125526302	0.928	0.672	9.28355321879664e-51	"7"	"SRSF1"
2.69657436307391e-55	2.10843908013137	0.993	0.76	9.86973182628681e-51	"8"	"COL4A2"
3.05721918024785e-55	1.30407144988951	0.371	0.125	1.11897279216251e-50	"7"	"ERI2"
3.25059277476012e-55	0.73635962501242	0.26	0.183	1.18974946148995e-50	"3"	"CAMSAP1"
3.33573039203062e-55	0.506135978799954	1	0.968	1.22091068078713e-50	"7"	"SEPTIN7"
3.42207508847628e-55	0.676521573233487	0.95	0.746	1.2525137031332e-50	"7"	"CISD2"
3.49106114463909e-55	1.06056542438994	0.641	0.299	1.27776328954935e-50	"7"	"RPGRIP1L"
3.57637193837316e-55	0.881006639057187	0.345	0.276	1.30898789316396e-50	"4"	"SLC25A28"
3.58033699104803e-55	1.07637387966307	0.747	0.426	1.31043914209349e-50	"7"	"PPFIBP1"
3.69661145446909e-55	1.02890021481138	0.735	0.389	1.35299675845023e-50	"7"	"QSER1"
3.81401219134006e-55	0.701712607650069	0.379	0.315	1.39596660215237e-50	"1"	"LINC01914"
3.86757429840713e-55	1.15415930622362	0.517	0.209	1.41557086895999e-50	"7"	"SLF2"
4.44121807243782e-55	0.70714080530278	0.96	0.779	1.62553022669296e-50	"7"	"VDAC3"
4.60035657548736e-55	1.13118463941059	0.521	0.212	1.68377651019413e-50	"7"	"LRWD1"
4.725070365522e-55	0.733268174617841	0.468	0.34	1.72942300448471e-50	"6"	"SUOX"
4.76655584785591e-55	0.703483526857508	0.486	0.363	1.74460710587374e-50	"6"	"SNAPC5"
4.84283569967362e-55	0.980981348558445	0.796	0.441	1.77252629443754e-50	"7"	"NUP98"
4.9483991489866e-55	1.28711433089733	0.657	0.344	1.81116357252059e-50	"7"	"SPHK1"
5.67011002586923e-55	3.28906191651758	0.413	0.073	2.0753169705684e-50	"8"	"ASPN"
6.38713738357307e-55	1.34129010758997	0.553	0.247	2.33775615376158e-50	"7"	"TBX2"
6.4170455277252e-55	1.03653846827159	0.288	0.192	2.3487028336027e-50	"5"	"SLC1A4"
6.48232848755625e-55	1.01425680660555	0.76	0.427	2.37259704973046e-50	"7"	"PMF1"
6.647861073514e-55	1.0291365854365	0.647	0.31	2.43318363151686e-50	"7"	"SH3BP4"
6.80336859667227e-55	0.841452919331459	0.357	0.235	2.49010094006802e-50	"6"	"SLC25A22"
6.95902861097221e-55	0.915152513801581	0.321	0.204	2.54707406190194e-50	"6"	"MSRA"
7.81691052484786e-55	0.789401159616069	0.33	0.224	2.86106742119956e-50	"5"	"ABCC9"
8.55865309826797e-55	0.567220292838778	0.382	0.302	3.13255262049706e-50	"3"	"NKIRAS1"
8.77753760067159e-55	1.59949830541604	0.277	0.08	3.21266653722181e-50	"7"	"CGAS"
8.94153284944188e-55	1.07945738007742	0.647	0.304	3.27269043822422e-50	"7"	"TCF3"
9.53813387634452e-55	1.28120565598891	0.499	0.204	3.49105238008086e-50	"7"	"ABL2"
9.57414284111673e-55	0.535131938561698	0.557	0.433	3.50423202127713e-50	"5"	"PTGER3"
1.0057238499165e-54	0.985508811248233	0.637	0.295	3.68104986307938e-50	"7"	"HACD1"
1.0057937991556e-54	0.986075888782706	0.802	0.464	3.68130588428942e-50	"7"	"NEK7"
1.02745299097929e-54	0.542703888291328	0.61	0.538	3.76058069228331e-50	"5"	"MAPKAPK5-AS1"
1.05238632988268e-54	1.13432103312351	0.549	0.232	3.8518392060036e-50	"7"	"NAGA"
1.1083179880039e-54	1.55134616942783	0.854	0.605	4.05655466789307e-50	"7"	"CRIP1"
1.18143134580046e-54	0.969217657269317	0.35	0.252	4.32415686876427e-50	"5"	"RAPH1"
1.23410999929378e-54	1.11391395369774	0.731	0.392	4.51696600841518e-50	"7"	"AP1S2"
1.2669248140129e-54	0.894041155079961	0.406	0.31	4.6370715117686e-50	"5"	"C8orf88"
1.27582029985828e-54	1.11548578211538	0.651	0.307	4.6696298795113e-50	"7"	"AP1B1"
1.28459517733137e-54	0.816812552651202	0.908	0.614	4.70174680855055e-50	"7"	"TFAM"
1.36635182023162e-54	0.504329409858642	0.488	0.418	5.00098429722975e-50	"3"	"MCCC2"
1.39395876032172e-54	0.624348969206932	0.976	0.84	5.10202845865354e-50	"7"	"MRPL18"
1.45770524234988e-54	0.704588622081457	0.601	0.563	5.33534695752481e-50	"5"	"SIAH2"
1.52510033378233e-54	1.41401257423592	0.307	0.094	5.58201973167669e-50	"7"	"COQ3"
1.54598700761177e-54	0.953285760330868	0.295	0.181	5.65846704655983e-50	"6"	"MRPL23"
1.66682364624836e-54	2.77990767448927	0.42	0.075	6.10074122763362e-50	"8"	"SELENOP"
1.75515804566254e-54	1.00956729648232	0.808	0.468	6.42405396292945e-50	"7"	"PXN"
1.76522255889456e-54	1.79799421050674	0.986	0.767	6.46089108780998e-50	"8"	"ENG"
1.78516878483612e-54	0.877776532290865	0.333	0.213	6.53389626937868e-50	"6"	"ACAD8"
1.83522018064921e-54	1.15171527816878	0.299	0.091	6.71708938319417e-50	"7"	"CNN1"
2.11931005015495e-54	2.98951651158804	0.746	0.255	7.75688671457212e-50	"8"	"SYNPO2"
2.19636792986473e-54	0.537405943514981	0.585	0.46	8.03892626009791e-50	"6"	"SNHG15"
2.24859376856364e-54	1.00880721309053	0.792	0.437	8.23007805231978e-50	"7"	"VOPP1"
2.39272662432217e-54	0.610711543629908	0.4	0.327	8.75761871768158e-50	"3"	"MIEF1"
2.46081620121887e-54	0.777045310432052	0.306	0.239	9.0068333780812e-50	"1"	"PLAAT4"
2.69965686906491e-54	2.0357427546626	1	0.994	9.88101410646447e-50	"8"	"CALD1"
2.73230097369045e-54	1.24057785972976	0.485	0.195	1.00004947938044e-49	"7"	"GABPB1"
2.75879722308926e-54	0.530424549858598	0.424	0.346	1.0097473716229e-49	"3"	"B4GALT5"
2.91329078532507e-54	0.984300020277752	0.75	0.39	1.06629356033683e-49	"7"	"PIEZO1"
3.21194910703485e-54	1.18578438189989	0.507	0.21	1.17560549266583e-49	"7"	"HSPB7"
3.31275777932662e-54	1.23938100184828	0.902	0.641	1.21250247481134e-49	"7"	"CLDN11"
3.74480115129862e-54	1.00116573596233	0.754	0.408	1.37063466938681e-49	"7"	"ENOSF1"
3.80351750095814e-54	0.93797880238643	0.822	0.495	1.39212544052569e-49	"7"	"TRIO"
4.28785611393608e-54	3.05309074680969	0.435	0.082	1.56939821626175e-49	"8"	"SNCG"
4.88791000886332e-54	1.36414475946227	0.321	0.102	1.78902394234406e-49	"7"	"LIMS2"
5.14837669722311e-54	0.504432641160249	0.713	0.691	1.88435735495063e-49	"5"	"PRKRA"
5.32773914710099e-54	0.897105464264331	0.868	0.581	1.95000580523043e-49	"7"	"BTG3"
5.36013342157067e-54	0.657883311759189	0.481	0.352	1.96186243362908e-49	"6"	"FUBP1"
5.9205771559249e-54	0.842306127270401	0.375	0.255	2.16699044484007e-49	"6"	"NAA25"
5.93954760796613e-54	0.888259180745281	0.822	0.467	2.17393381999168e-49	"7"	"P3H3"
6.06299328510455e-54	0.573612949170338	0.656	0.621	2.21911617228112e-49	"5"	"FNDC3A"
6.26106370372516e-54	1.05575101468862	0.898	0.696	2.29161192620045e-49	"7"	"SLBP"
6.5328513941383e-54	0.810115395693275	0.92	0.667	2.39108893876856e-49	"7"	"POP7"
6.58734124253781e-54	0.544174271033782	0.644	0.538	2.41103276818126e-49	"6"	"ANTKMT"
6.82365799645003e-54	1.04664471052812	0.79	0.477	2.49752706328068e-49	"7"	"NIBAN2"
7.06917679448498e-54	1.75241366383272	0.379	0.14	2.58738939854945e-49	"7"	"BAALC"
8.61518435875001e-54	0.915791952762169	0.332	0.213	3.15324362714609e-49	"6"	"LSR"
9.17744555155812e-54	1.08699582732045	0.595	0.272	3.35903684632579e-49	"7"	"TRMT6"
9.24215474226187e-54	0.856334965671851	0.325	0.253	3.38272105721527e-49	"4"	"ABCA8"
9.29360018996763e-54	0.530124575683118	0.984	0.909	3.40155060553005e-49	"7"	"MTPN"
1.06046735536887e-53	0.538474209025447	1	0.946	3.88141656738561e-49	"7"	"THY1"
1.3190465675366e-53	0.526838513147939	0.771	0.719	4.82784234184069e-49	"5"	"BCAT1"
1.36579437064821e-53	0.985879539233506	0.671	0.325	4.99894397600951e-49	"7"	"GALNT10"
1.37911508486829e-53	0.794689423677393	0.448	0.362	5.04769912212641e-49	"5"	"TRIM5"
1.47917791209156e-53	0.734382786283146	0.438	0.337	5.41393907604632e-49	"5"	"SLC35G2"
1.60728995562228e-53	0.908141099799592	0.838	0.525	5.88284196657311e-49	"7"	"KRAS"
1.61777875112933e-53	0.569336987602355	0.396	0.336	5.92123200700848e-49	"1"	"PPP2R1B"
1.62093590891458e-53	0.605095246506062	0.512	0.42	5.93278752021825e-49	"5"	"NDUFAF1"
1.64520174179694e-53	1.27233910625944	0.359	0.12	6.02160289515098e-49	"7"	"ALMS1"
2.02500732732479e-53	0.964705058591287	0.784	0.435	7.41172931874146e-49	"7"	"RUSC1"
2.1149022646949e-53	0.646777753309691	0.323	0.244	7.74075377900981e-49	"3"	"CHKA"
2.13192847743524e-53	1.09298201206102	0.617	0.293	7.80307142026073e-49	"7"	"PPP1R14B-AS1"
2.26019586471458e-53	1.85355623841773	0.852	0.66	8.27254288444182e-49	"7"	"HMGA1"
2.31855643337204e-53	0.604928797288069	0.368	0.289	8.486148401785e-49	"3"	"BRI3BP"
2.3336617213278e-53	0.636777857408333	0.609	0.568	8.54143526623187e-49	"5"	"TMEM39A"
2.44003425345472e-53	1.52354950587331	0.355	0.123	8.93076937106961e-49	"7"	"NOTCH2NLA"
2.52358407960946e-53	0.822866614564443	0.872	0.562	9.23657008977857e-49	"7"	"CEP57"
2.69254290155893e-53	0.540541896596548	0.992	0.955	9.85497627399583e-49	"7"	"CDC37"
2.76447612800418e-53	0.785017946866827	0.918	0.659	1.01182590761081e-48	"7"	"PDXK"
2.81952815974486e-53	3.00044445066734	0.862	0.418	1.03197550174822e-48	"8"	"PCSK7"
2.84913786376268e-53	0.807347949850298	0.628	0.577	1.04281294951578e-48	"1"	"MGP"
3.39957290199075e-53	1.13232326505735	0.491	0.193	1.24427767785763e-48	"7"	"HLA-DPB1"
4.82466556447197e-53	1.00085526139065	0.762	0.417	1.76587584325239e-48	"7"	"AAAS"
4.98784484010826e-53	0.50543819350258	0.684	0.58	1.82560108992802e-48	"6"	"TTC1"
5.08994133114591e-53	0.744918006091453	0.405	0.282	1.86296942661272e-48	"6"	"FBXO33"
6.00151780048274e-53	1.45881595007249	0.285	0.085	2.19661553015469e-48	"7"	"SFR1"
6.35095826635884e-53	0.673348055636367	0.484	0.359	2.32451423507e-48	"6"	"PAK1IP1"
6.77209194976219e-53	0.689401573040477	0.521	0.434	2.47865337453246e-48	"5"	"MIS18BP1"
7.01601768321264e-53	3.437197617509	0.326	0.049	2.56793263223266e-48	"8"	"ARHGDIB"
7.09769987532568e-53	0.843035434481632	0.898	0.62	2.59782913136795e-48	"7"	"MRPL28"
9.37113814429821e-53	1.06128755947575	0.703	0.374	3.42993027219459e-48	"7"	"DPP9"
1.11936621874779e-52	0.750737118399813	0.447	0.331	4.09699229723879e-48	"6"	"DMAC2L"
1.15601230429028e-52	0.727954272953558	0.457	0.334	4.23112063493287e-48	"6"	"PDXP"
1.3237942527328e-52	0.728210077124621	0.319	0.244	4.84521934442734e-48	"3"	"ALDH4A1"
1.3454978815821e-52	1.05034448661157	0.253	0.146	4.92465679637866e-48	"6"	"TMEM104"
1.57875847506762e-52	1.1349299927445	0.271	0.164	5.778413894595e-48	"6"	"REEP6"
1.61510380610322e-52	0.677535097789945	0.954	0.789	5.91144144071838e-48	"7"	"MRPL13"
1.63727292165898e-52	0.836108959331202	0.437	0.346	5.99258262056402e-48	"5"	"CDKN2AIP"
1.82294394711765e-52	0.70026372497754	0.514	0.434	6.6721571408453e-48	"5"	"HAGH"
1.82435263881721e-52	0.575287554401321	0.992	0.908	6.67731309333487e-48	"7"	"DCTN3"
1.89324817244925e-52	0.609844627036592	0.492	0.361	6.92947763598148e-48	"6"	"C11orf54"
1.89594874359999e-52	0.82713379324634	0.892	0.574	6.93936199645032e-48	"7"	"GSS"
2.05227369125207e-52	0.642098048461286	0.518	0.395	7.5115269373517e-48	"6"	"SMAP2"
2.6999731282605e-52	0.819186378034382	0.888	0.57	9.88217164674626e-48	"7"	"SRPK1"
2.76285913167872e-52	0.562835204083712	0.607	0.5	1.01123407078573e-47	"6"	"MRPS18A"
3.04961838163606e-52	0.944771630370314	0.39	0.301	1.11619082386261e-47	"5"	"LYSMD3"
3.25534472525506e-52	1.20980991016351	0.437	0.165	1.19148872289061e-47	"7"	"TOP3A"
3.32099673784816e-52	0.946350763242656	0.854	0.569	1.21551801601981e-47	"7"	"MYO1B"
3.44060117314394e-52	0.593752042141719	0.992	0.896	1.25929443538241e-47	"7"	"ADRM1"
3.54565233495015e-52	1.09083623403749	0.834	0.493	1.2977442111151e-47	"7"	"PLAUR"
3.67797004772993e-52	0.833426392225352	0.92	0.664	1.34617381716963e-47	"7"	"ATIC"
3.97612712523245e-52	0.728949362527188	0.948	0.751	1.45530228910633e-47	"7"	"ROCK1"
4.21371524069232e-52	0.783219999590252	0.924	0.693	1.5422619152458e-47	"7"	"NOP58"
4.25927750724823e-52	1.28027953535142	0.365	0.125	1.55893816042792e-47	"7"	"DOT1L"
4.46308358139765e-52	0.603065009771635	0.502	0.452	1.63353322162735e-47	"4"	"SLC2A10"
4.59963979016435e-52	1.06767539236772	0.477	0.188	1.68351415959805e-47	"7"	"SQOR"
4.69641973930638e-52	0.859591705368684	0.84	0.511	1.71893658878353e-47	"7"	"SNX7"
5.50930830862072e-52	0.597774890825294	0.966	0.838	2.01646193403827e-47	"7"	"RBM17"
6.11041766557664e-52	0.58025301768536	0.575	0.507	2.23647396977771e-47	"5"	"SUCO"
7.6757260405568e-52	3.5992704687551	0.29	0.04	2.8093924881042e-47	"8"	"RGS4"
7.72708352957396e-52	1.01705800383951	0.625	0.287	2.82818984265936e-47	"7"	"SPATA33"
8.1737078248777e-52	0.756161403509456	0.934	0.662	2.99165880098349e-47	"7"	"CNOT7"
8.18136312567869e-52	1.16296207443414	0.551	0.248	2.99446071762966e-47	"7"	"SLC38A5"
8.46487972092637e-52	0.909286046221382	0.405	0.317	3.09823062665626e-47	"5"	"JMY"
9.71217984205484e-52	0.514783409265343	0.986	0.841	3.55475494399049e-47	"7"	"RBBP7"
1.00106108034308e-51	1.13259241713331	0.571	0.255	3.66398366016373e-47	"7"	"RCCD1"
1.11663215072972e-51	0.586194796282507	0.561	0.438	4.08698533488586e-47	"6"	"WDR12"
1.1635725319397e-51	0.811528088831503	0.902	0.626	4.25879182415251e-47	"7"	"MBOAT7"
1.16693535599002e-51	0.87147773970316	0.872	0.59	4.27110009645906e-47	"7"	"ARHGAP21"
1.2830533777345e-51	0.92055845281487	0.814	0.477	4.69610366784604e-47	"7"	"AHR"
1.34193700963539e-51	0.672233504884506	0.982	0.81	4.91162364896649e-47	"7"	"PPP2CA"
1.48634112250268e-51	1.004476596531	0.687	0.351	5.44015714247207e-47	"7"	"NFATC2IP"
1.69155795657791e-51	1.03058308377671	0.681	0.352	6.1912712768708e-47	"7"	"EFTUD2"
1.83738968981634e-51	0.560521356892971	0.56	0.442	6.7250300036968e-47	"6"	"AGPS"
1.89354967788622e-51	0.631112538994444	0.966	0.817	6.93058117603135e-47	"7"	"GLRX3"
1.97709838872642e-51	0.548801142401764	0.613	0.504	7.23637781257757e-47	"6"	"TIMM22"
2.37945009961696e-51	1.97277978273563	0.964	0.507	8.70902530960802e-47	"8"	"SRGN"
2.40852512050228e-51	0.771831755578618	0.43	0.313	8.81544279355039e-47	"6"	"LIN7C"
2.42756151974942e-51	0.939856087396777	0.768	0.431	8.88511791843485e-47	"7"	"GLOD4"
3.37687106063784e-51	0.974853518929098	0.262	0.171	1.23596857690406e-46	"5"	"MXD1"
3.43906607358586e-51	1.00498600666289	0.643	0.314	1.25873257359316e-46	"7"	"C8orf88"
3.63109849875673e-51	0.711561286565368	0.469	0.357	1.32901836152995e-46	"6"	"GCDH"
4.60592455581484e-51	0.573575093269122	0.31	0.241	1.68581444667379e-46	"1"	"PDP2"
5.22976994133347e-51	0.575356079718691	0.459	0.401	1.91414809622746e-46	"4"	"GPR137B"
7.33930586109494e-51	1.02329403612031	0.75	0.411	2.68625933821936e-46	"7"	"PLEKHB2"
7.80036313732954e-51	0.854485829179412	0.844	0.504	2.85501091189398e-46	"7"	"CD109"
8.28670487367283e-51	0.604677937102387	0.766	0.787	3.03301685081299e-46	"5"	"RALA"
9.17004399124196e-51	0.566785074240884	0.988	0.874	3.35632780123447e-46	"7"	"PCMT1"
9.27862189958784e-51	0.91122558060002	0.713	0.358	3.39606840146815e-46	"7"	"NUDCD1"
9.31753268320658e-51	0.65744824848992	0.954	0.776	3.41031013738044e-46	"7"	"IMMT"
9.74399049699943e-51	0.613801685848727	0.976	0.854	3.56639796180676e-46	"7"	"SNRNP70"
9.9221577849356e-51	1.47612277525334	0.289	0.089	3.63160897086428e-46	"7"	"JADE2"
1.0110844033102e-50	1.38420903012991	1	0.948	3.70067002455567e-46	"8"	"EHD2"
1.11418197530193e-50	0.720119941281323	0.938	0.697	4.07801744780259e-46	"7"	"RNPEP"
1.14802743462224e-50	0.977208538430365	0.707	0.355	4.20189521346087e-46	"7"	"SMYD2"
1.24672092471468e-50	1.10325256506828	0.691	0.364	4.56312325654821e-46	"7"	"VEGFC"
1.26537651327867e-50	1.08352995063266	0.635	0.306	4.63140457625125e-46	"7"	"CAD"
1.31439851165789e-50	1.2053751182726	0.401	0.145	4.81082999251904e-46	"7"	"SLC25A40"
1.3359828902793e-50	0.867463509089431	0.42	0.337	4.88983097671128e-46	"5"	"KIZ"
1.39045177497858e-50	2.85448517124366	0.478	0.103	5.08919254159908e-46	"8"	"LIMS2"
1.41064225221008e-50	1.13024257516043	0.974	0.895	5.1630917073141e-46	"7"	"S100A4"
1.62817322404909e-50	0.618263257296826	0.502	0.405	5.95927681734207e-46	"5"	"MAPRE3"
1.99137180307623e-50	0.8834533784165	0.834	0.529	7.2886199364393e-46	"7"	"NCLN"
2.04236530623045e-50	0.574745805609741	0.334	0.253	7.47526125733409e-46	"3"	"PIGZ"
2.0939782072614e-50	1.45148824915583	0.403	0.156	7.66416963639746e-46	"7"	"DOK5"
2.14927614420054e-50	1.09832563240483	0.533	0.23	7.8665656153884e-46	"7"	"PHACTR4"
2.17070951019393e-50	1.51686489241944	0.325	0.109	7.94501387826082e-46	"7"	"ATP2A1-AS1"
2.38593067815395e-50	0.590200921474612	0.986	0.893	8.73274487511127e-46	"7"	"NOL7"
2.61977573513141e-50	1.07624544679154	0.587	0.271	9.58864116815446e-46	"7"	"UTP20"
2.63773171263666e-50	0.520619564890233	0.668	0.573	9.65436184142143e-46	"6"	"FPGS"
2.66449828305454e-50	1.01143399881827	0.681	0.345	9.75233016580792e-46	"7"	"SMAD3"
2.68395080460456e-50	0.908764479043211	0.36	0.269	9.82352833993314e-46	"5"	"ARL5B"
2.9011434684717e-50	0.950558308479467	0.643	0.304	1.06184752089533e-45	"7"	"MSTO1"
3.17557213306198e-50	0.916445966733598	0.29	0.196	1.16229115642201e-45	"5"	"ARHGEF26"
3.2727191509314e-50	0.578886470569934	0.986	0.895	1.1978479364324e-45	"7"	"CTSZ"
3.65289869034441e-50	0.971138095403777	0.834	0.545	1.33699744965296e-45	"7"	"GNPNAT1"
3.72430950774557e-50	0.534465812934075	0.415	0.339	1.36313452292996e-45	"3"	"USP24"
3.99672170213723e-50	0.672715189561992	0.307	0.242	1.46284011019925e-45	"1"	"ARHGAP6"
4.07722630132348e-50	0.941993312742489	0.836	0.521	1.49230559854741e-45	"7"	"YKT6"
4.28273292501203e-50	0.66904531052099	0.964	0.755	1.56752307788365e-45	"7"	"CDK16"
4.28417791311591e-50	1.06473634542145	0.597	0.278	1.56805195797955e-45	"7"	"PKNOX1"
5.17921158125834e-50	1.31053918121109	0.301	0.095	1.89564323085636e-45	"7"	"ZDHHC13"
5.86975827383493e-50	0.623940806135573	0.974	0.832	2.14839022580632e-45	"7"	"PRPF8"
6.10888880928875e-50	0.731883673784793	0.461	0.35	2.23591439308778e-45	"6"	"OGDH"
8.65717850969191e-50	0.556458935959244	0.982	0.888	3.16861390633234e-45	"7"	"EMC6"
9.10733599540758e-50	0.712363098724892	0.364	0.299	3.33337604767913e-45	"4"	"ABCC3"
9.4118413569143e-50	0.505438051918466	0.638	0.585	3.4448280550442e-45	"5"	"TVP23B"
1.01448893833091e-49	0.731517524796144	0.428	0.306	3.71313096318497e-45	"6"	"DIXDC1"
1.2279549118678e-49	1.13118544454459	0.489	0.203	4.49443777292735e-45	"7"	"ARHGEF10"
1.26950023817912e-49	1.46785552321628	0.319	0.107	4.64649782175939e-45	"7"	"NEGR1"
1.40942013789105e-49	0.570295327464966	0.986	0.892	5.15861864669503e-45	"7"	"MRPL57"
1.43413835377866e-49	1.66105899472023	0.399	0.157	5.24908978866528e-45	"7"	"ENPP1"
1.73972369470976e-49	0.681128846806712	0.388	0.262	6.3675626950072e-45	"6"	"PRUNE2"
1.80717831593582e-49	0.548622960671426	0.619	0.516	6.61445335415669e-45	"6"	"CELF1"
1.81655158137565e-49	0.68423784197495	0.448	0.328	6.64876044299302e-45	"6"	"TBX15"
1.91531070324543e-49	0.501820376117504	0.653	0.559	7.0102287049486e-45	"6"	"GART"
2.09055067858387e-49	0.902409931168895	0.326	0.216	7.65162453868481e-45	"6"	"GRPEL2"
2.12870019787678e-49	0.7805870787046	0.922	0.66	7.79125559424879e-45	"7"	"ARF3"
2.12980127276867e-49	0.837988293890232	0.333	0.238	7.7952856384606e-45	"5"	"EIF2AK3"
2.19642136004641e-49	0.673432470828279	0.461	0.348	8.03912181990588e-45	"6"	"GUF1"
2.36010679966807e-49	1.15312266708939	0.435	0.17	8.6382268974651e-45	"7"	"BUD13"
2.40103515489402e-49	0.67710174701636	0.956	0.754	8.7880287704276e-45	"7"	"ADSL"
2.40243372393819e-49	1.00355653525082	0.695	0.362	8.79314767298617e-45	"7"	"NF2"
2.52197333957719e-49	2.32869799849327	0.667	0.204	9.23067462018647e-45	"8"	"C11orf96"
2.59046575157505e-49	1.0326773953962	0.822	0.508	9.48136369733985e-45	"7"	"GIPC1"
2.61833246101731e-49	0.558596732518281	0.982	0.877	9.58335864056946e-45	"7"	"PSMD7"
2.81584527370553e-49	0.593783568144769	0.982	0.825	1.03062752862896e-44	"7"	"FKBP3"
3.01030568036467e-49	0.66785124608802	0.468	0.38	1.10180198207027e-44	"5"	"ARL6IP6"
3.01690769264212e-49	0.678257360692052	0.96	0.775	1.10421838458394e-44	"7"	"KXD1"
3.19960626822492e-49	0.564875176914163	0.353	0.275	1.171087890233e-44	"3"	"IGFLR1"
3.25517524308887e-49	0.553335730835887	0.566	0.494	1.19142669072296e-44	"5"	"SLC25A38"
3.26148230125303e-49	0.620310416830284	0.431	0.329	1.19373513708162e-44	"5"	"STARD4"
3.27943480872248e-49	0.838007470185757	0.878	0.539	1.20030593434051e-44	"7"	"NIPA2"
3.55614968105492e-49	2.98509097116439	0.348	0.058	1.30158634476291e-44	"8"	"PDE5A"
3.74438571235641e-49	0.99311729237979	0.737	0.41	1.37048261457957e-44	"7"	"SHKBP1"
3.82437524097023e-49	0.636810194532961	0.43	0.364	1.39975958194751e-44	"4"	"HES1"
4.0064400001813e-49	1.20136038654606	0.479	0.199	1.46639710446636e-44	"7"	"MCU"
4.06887237223293e-49	0.655285836265853	0.492	0.378	1.48924797696097e-44	"6"	"RRS1"
4.12370865239716e-49	0.538247061081398	0.468	0.433	1.50931860386388e-44	"1"	"RAP2B"
4.44466109772101e-49	0.66862123737908	0.978	0.824	1.62679040837687e-44	"7"	"TAF15"
4.81237971311531e-49	0.784819254236389	0.92	0.665	1.76137909879733e-44	"7"	"DHX9"
5.02612164203598e-49	0.576621037712085	0.978	0.895	1.83961078220159e-44	"7"	"SRRM1"
5.26884357206609e-49	1.36206702051121	0.421	0.165	1.92844943581191e-44	"7"	"CEP70"
5.66905437150736e-49	0.861226597924912	0.317	0.203	2.07493059051541e-44	"6"	"SCARB1"
5.71603154839283e-49	1.82285036849566	0.862	0.711	2.09212470702726e-44	"7"	"HIST1H1E"
6.10716434214674e-49	0.854556444520235	0.96	0.856	2.23528322086913e-44	"7"	"PLIN3"
6.48071853846238e-49	0.937109518930497	0.908	0.678	2.37200779226262e-44	"7"	"RAB1B"
6.81861609141047e-49	0.724646428930646	0.946	0.727	2.49568167561715e-44	"7"	"ECI2"
7.51052559293909e-49	0.860579031275074	0.86	0.551	2.74892747227164e-44	"7"	"KPNA3"
7.6554934063127e-49	1.00326146307467	0.741	0.422	2.80198714164451e-44	"7"	"UCK2"
8.57942626010075e-49	1.29590481634256	0.325	0.108	3.14015580545948e-44	"7"	"POC5"
8.67321313124959e-49	0.777903523700787	0.904	0.614	3.17448273816866e-44	"7"	"MARS"
8.93022034146817e-49	1.02414136264404	0.796	0.49	3.26854994718076e-44	"7"	"MRTO4"
9.20591845339815e-49	1.35667246955231	0.329	0.111	3.36945821312826e-44	"7"	"B9D2"
9.35532647807262e-49	0.766805266515068	0.976	0.768	3.42414304423936e-44	"7"	"ID3"
9.69108270441922e-49	0.67853553332245	0.942	0.747	3.54703318064448e-44	"7"	"SDHA"
9.95810567529829e-49	1.21044320229374	0.497	0.221	3.64476625821593e-44	"7"	"TNXB"
1.10438648031897e-48	0.624051929734077	0.475	0.353	4.04216495661548e-44	"6"	"FOXN2"
1.15607249273293e-48	0.763108155589795	0.912	0.632	4.23134093065181e-44	"7"	"ALDH7A1"
1.2007773958465e-48	0.561585299817771	0.988	0.883	4.39496534653778e-44	"7"	"MTCH2"
1.20193934781091e-48	0.876092483693396	0.828	0.534	4.3992182069227e-44	"7"	"DCAF7"
1.25059586076749e-48	0.524028924047551	0.612	0.508	4.57730590999508e-44	"6"	"WDR36"
1.26776559915508e-48	0.64378415841435	0.446	0.348	4.6401488694675e-44	"5"	"LINC02609"
1.49644344545888e-48	0.546025295329894	0.599	0.487	5.47713265472405e-44	"6"	"GPATCH4"
1.53265754119277e-48	1.06654335224671	0.497	0.209	5.60967986651966e-44	"7"	"MOV10"
1.55515973803427e-48	0.622965644483865	0.966	0.829	5.69204015717923e-44	"7"	"GNG12"
1.68728548280151e-48	0.954333275877274	0.691	0.356	6.1756335956018e-44	"7"	"GAR1"
1.76345867107824e-48	0.882799694250934	0.81	0.496	6.45443508201348e-44	"7"	"INO80E"
1.79319328521832e-48	0.853031454784202	0.818	0.492	6.56326674322756e-44	"7"	"NSL1"
1.79693709510011e-48	0.903444828713784	0.784	0.449	6.5769694617759e-44	"7"	"HMGXB4"
1.90770085642257e-48	0.617717343430855	0.97	0.827	6.98237590459225e-44	"7"	"RALBP1"
2.01514750215966e-48	1.25349919465377	0.549	0.262	7.37564137265456e-44	"7"	"EHD1"
2.07562180728141e-48	1.1297368573967	0.401	0.153	7.59698337683069e-44	"7"	"BHLHE40"
2.18416053249401e-48	0.577442918530889	0.583	0.464	7.99424596498132e-44	"6"	"UGCG"
2.37297942606853e-48	0.695353178814797	0.361	0.24	8.68534199735344e-44	"6"	"PDGFC"
2.43886935448333e-48	0.72382182673122	0.41	0.293	8.92650572434444e-44	"6"	"BRI3BP"
2.45747742188793e-48	0.680695424792724	0.95	0.736	8.994613111852e-44	"7"	"POLE4"
2.49822802981967e-48	0.974004093728264	0.599	0.28	9.14376441194299e-44	"7"	"PHRF1"
2.5293753489499e-48	0.938616509375112	0.685	0.348	9.25776671469153e-44	"7"	"BBS7"
2.68318760676689e-48	1.07191344918229	0.437	0.168	9.8207349595275e-44	"7"	"DNAJC17"
2.75371002972388e-48	0.714407988124979	0.93	0.773	1.00788540797924e-43	"7"	"XPO1"
2.93340869301987e-48	0.712914018916486	0.335	0.223	1.0736569157322e-43	"6"	"DHFR"
3.0822588652224e-48	0.533193077606362	0.996	0.982	1.12813756726005e-43	"7"	"YWHAE"
3.27597305141221e-48	2.91608224022625	0.536	0.136	1.19903889654738e-43	"8"	"SNTB1"
3.27598373618657e-48	0.675887684028938	0.97	0.784	1.19904280728165e-43	"7"	"HNRNPUL2"
3.27777306983058e-48	0.792271205804645	0.353	0.255	1.19969772128869e-43	"5"	"RASL11A"
3.32747122727546e-48	0.732081847560161	0.319	0.2	1.21788774389509e-43	"6"	"SYNE3"
3.60409237844255e-48	0.642964474514073	0.396	0.292	1.31913385143376e-43	"5"	"TRIM35"
3.73574006590089e-48	1.15955708354313	0.405	0.152	1.36731822152038e-43	"7"	"FAM102B"
3.84936015763535e-48	0.654443108222379	0.499	0.391	1.40890431129612e-43	"6"	"COQ6"
4.12648862616051e-48	0.636315403233303	0.962	0.77	1.51033610206101e-43	"7"	"TEAD1"
4.13846294739025e-48	1.19714999871601	0.511	0.225	1.51471882337431e-43	"7"	"ARMC6"
4.14716855721129e-48	1.07421486851338	0.647	0.333	1.5179051636249e-43	"7"	"USP5"
4.2205373259122e-48	0.529108500620812	0.984	0.917	1.54475886665712e-43	"7"	"PRRC2C"
4.44906934290833e-48	0.840957398926636	0.365	0.131	1.62840387019788e-43	"7"	"CLIC3"
4.55589402595272e-48	1.33476708351007	0.341	0.118	1.66750277243896e-43	"7"	"CPNE2"
4.58965879246395e-48	1.00885713304847	0.593	0.271	1.67986101462973e-43	"7"	"SLC35E3"
4.62880489585476e-48	0.631578761809919	0.974	0.791	1.6941888799318e-43	"7"	"SRSF10"
4.77752676558609e-48	0.912316335639882	0.695	0.355	1.74862257147217e-43	"7"	"RBM10"
5.0560502719224e-48	0.794288492458564	0.902	0.657	1.85056496002632e-43	"7"	"SF3A3"
5.06199425182918e-48	0.688962923078885	0.954	0.69	1.852740516112e-43	"7"	"ATP1A1"
5.2208066562517e-48	0.820605440278482	0.488	0.421	1.91086744425468e-43	"5"	"CCDC174"
5.40682501023829e-48	1.22842399017743	0.657	0.359	1.97895202199732e-43	"7"	"UBALD2"
5.60090871290392e-48	1.05387215500892	0.443	0.174	2.04998859800996e-43	"7"	"SLFN11"
5.63570578018216e-48	0.832535171132045	0.868	0.601	2.06272467260447e-43	"7"	"HLTF"
6.20245420397309e-48	0.675206493039847	0.964	0.77	2.27016026319619e-43	"7"	"PSMD11"
6.85352051504911e-48	0.715001412421727	0.426	0.311	2.50845704371312e-43	"6"	"DHDDS"
7.03598849007166e-48	1.05673319332969	0.551	0.25	2.57524214725113e-43	"7"	"SMIM10"
7.22881346100276e-48	0.723575529268633	0.361	0.292	2.64581801486162e-43	"3"	"ALG9"
7.60373178735582e-48	0.680610745095611	0.954	0.744	2.7830418714901e-43	"7"	"GNG11"
7.72213305550566e-48	0.524455555933311	0.63	0.523	2.82637791964563e-43	"6"	"GYS1"
8.25330088255244e-48	0.989619827415938	0.587	0.273	3.02079065602302e-43	"7"	"RAVER1"
8.90122333543649e-48	0.785468603137585	0.382	0.273	3.25793675300311e-43	"6"	"COX10"
9.62661448569132e-48	0.907551384896012	0.707	0.373	3.52343716790788e-43	"7"	"NUP58"
9.85908548589817e-48	0.856709703416343	0.363	0.25	3.60852387869359e-43	"6"	"GNG2"
1.09135063843047e-47	1.03348110205902	0.567	0.26	3.99445247171936e-43	"7"	"PRIMPOL"
1.28873580708727e-47	0.515138641994778	0.651	0.558	4.71690192752013e-43	"6"	"RNF41"
1.37647958382847e-47	0.828483725993642	0.361	0.27	5.0380529247706e-43	"5"	"WDR25"
1.4207066760912e-47	0.773622787866321	0.904	0.638	5.1999285051614e-43	"7"	"SNRNP200"
1.77929939293256e-47	1.43538601674558	0.483	0.233	6.51241370807248e-43	"7"	"RPS10-NUDT3"
1.78200162690921e-47	0.715271132780158	0.864	0.527	6.52230415465041e-43	"7"	"MYO1E"
1.89163217568261e-47	1.03049692973082	0.573	0.264	6.92356292621591e-43	"7"	"DGKZ"
1.90787346571182e-47	0.589151394691988	0.482	0.439	6.98300767185183e-43	"4"	"MAPK7"
2.11232947794659e-47	1.29884339373528	0.415	0.165	7.73133712223232e-43	"7"	"GBP3"
2.16025441856308e-47	0.605757932330191	0.288	0.212	7.90674719738273e-43	"3"	"COBLL1"
2.20594419195725e-47	1.06287004666297	0.659	0.335	8.07397633698271e-43	"7"	"PNP"
2.25842999986208e-47	3.08400514229234	0.5	0.122	8.26607964249521e-43	"8"	"INHBA"
2.54880310900513e-47	0.909776286732797	0.735	0.398	9.32887425926968e-43	"7"	"GLA"
3.15233417388191e-47	0.927604872206264	0.78	0.466	1.15378583098252e-42	"7"	"TSPAN5"
3.4322734120352e-47	0.640617710958973	0.702	0.636	1.256246391539e-42	"6"	"IDH2"
4.20193624721276e-47	0.546294760545456	0.606	0.534	1.53795068584234e-42	"5"	"PTPRM"
4.25932091510763e-47	0.810989899036704	0.848	0.531	1.55895404813854e-42	"7"	"CD2BP2"
5.15029488892809e-47	0.63372178175106	0.968	0.776	1.88505943229657e-42	"7"	"CLPP"
5.1555264963972e-47	0.917792120408948	0.657	0.328	1.88697425294634e-42	"7"	"WDR5"
5.67443880559227e-47	0.63330233525867	0.964	0.768	2.07690134723483e-42	"7"	"VPS35"
8.05607525123611e-47	0.882380639306635	0.796	0.476	2.94860410270493e-42	"7"	"EMG1"
8.47687144040856e-47	0.90580761966568	0.747	0.427	3.10261971590394e-42	"7"	"JADE1"
9.0867932299621e-47	2.52445706601254	0.58	0.157	3.32585719009843e-42	"8"	"GREM1"
1.06850716802792e-46	0.674414486006199	0.443	0.33	3.91084308569899e-42	"6"	"LYRM7"
1.07305794319964e-46	1.11051025259167	0.595	0.294	3.92749937790501e-42	"7"	"PPRC1"
1.09766358416436e-46	1.1155309793155	0.469	0.198	4.01755848439997e-42	"7"	"APLP1"
1.11679012960858e-46	0.574652165023204	0.553	0.473	4.08756355338036e-42	"5"	"TMEM205"
1.12015012993893e-46	0.875314305693448	0.35	0.262	4.09986149058949e-42	"5"	"CTH"
1.15396210302306e-46	1.12521700377969	0.473	0.201	4.22361669327468e-42	"7"	"ERF"
1.23051051319013e-46	0.520386613304302	0.702	0.699	4.5037915293272e-42	"5"	"SEPHS2"
1.24055035185911e-46	0.637257106263353	0.479	0.368	4.54053834283952e-42	"6"	"DNAJC11"
1.28464067612018e-46	0.900670820756903	0.864	0.614	4.70191333866746e-42	"7"	"C19orf48"
1.49493298469921e-46	1.26636280388362	0.397	0.154	5.47160421729759e-42	"7"	"CD3EAP"
1.52048573328225e-46	0.519375398585221	0.986	0.888	5.56512983238638e-42	"7"	"GPAA1"
1.62844115210997e-46	1.13093148845451	0.395	0.148	5.96025746083771e-42	"7"	"MIPEP"
1.67286984183715e-46	1.07295800428906	0.523	0.232	6.12287090810816e-42	"7"	"DOHH"
1.67387542544948e-46	0.921441044310376	0.711	0.392	6.12655144468764e-42	"7"	"SEMA3C"
1.77365041731968e-46	0.564314299717531	0.556	0.45	6.49173789243174e-42	"6"	"BCKDHB"
1.78442502426034e-46	0.988187165590852	0.389	0.144	6.53117403129525e-42	"7"	"MARCH3"
1.99083832772877e-46	0.582532116394766	0.538	0.434	7.28666736332006e-42	"6"	"CYB5B"
2.0641315139353e-46	0.717579452150391	0.261	0.191	7.55492775415457e-42	"3"	"CCDC36"
2.08957994039696e-46	0.557837179775847	0.361	0.283	7.64807153984692e-42	"3"	"SOBP"
2.19490083310001e-46	0.746410689607798	0.324	0.209	8.03355653922934e-42	"6"	"MYLIP"
2.26682481976059e-46	0.742873878919878	0.311	0.244	8.29680552280573e-42	"4"	"ARHGAP6"
2.67967020850288e-46	0.517614091403673	0.278	0.212	9.8078609301414e-42	"0"	"SNAI1"
2.82422683877738e-46	0.851586518889295	0.729	0.394	1.03369526526091e-41	"7"	"WIPF1"
3.02271249900165e-46	1.00040020834483	0.515	0.223	1.10634300175959e-41	"7"	"AEN"
3.03959708287782e-46	0.651973662128638	0.445	0.332	1.11252292830411e-41	"6"	"TMEM161B-AS1"
3.2008783129329e-46	0.887507597737492	0.701	0.372	1.17155347131657e-41	"7"	"DDX23"
3.67845009246421e-46	1.14420367683359	0.365	0.132	1.34634951834282e-41	"7"	"AARS2"
3.78406641109196e-46	0.729699353522629	0.399	0.287	1.38500614712377e-41	"6"	"GFM2"
4.10579143320505e-46	0.663407479413826	0.602	0.567	1.50276072246738e-41	"5"	"GOLGA5"
4.13963374824523e-46	0.526196521766096	0.974	0.862	1.51514734819524e-41	"7"	"UBE2A"
4.74277400326815e-46	0.769903061917615	0.858	0.572	1.73590271293617e-41	"7"	"PALM2-AKAP2"
4.8114050220095e-46	0.95865759439424	0.651	0.339	1.7610223521057e-41	"7"	"PTPA"
4.96026831427783e-46	0.960022379780435	0.754	0.433	1.81550780570883e-41	"7"	"WDR77"
5.62891791061076e-46	0.924921907980862	0.766	0.444	2.06024024446264e-41	"7"	"PHACTR2"
5.8520441504846e-46	0.602339727563721	0.492	0.376	2.14190667951887e-41	"6"	"ING1"
5.93095781740753e-46	0.79865938058522	0.735	0.387	2.17078987074933e-41	"7"	"NEDD4"
7.29624133443335e-46	1.0730212897811	0.745	0.456	2.67049729081595e-41	"7"	"SERINC2"
7.77153798375114e-46	0.95197490462421	0.743	0.425	2.84446061743276e-41	"7"	"NSUN2"
7.88723088066175e-46	1.33661345930328	0.345	0.124	2.88680537463101e-41	"7"	"LIG3"
8.2207459043331e-46	0.808190117694862	0.876	0.588	3.00887520844496e-41	"7"	"TCERG1"
8.32794211116573e-46	0.895254211306004	0.749	0.423	3.04811009210777e-41	"7"	"TCIRG1"
9.13542060707263e-46	0.538341493792036	0.655	0.626	3.34365529639465e-41	"5"	"AGFG1"
9.3790799511094e-46	0.910671806750728	0.77	0.45	3.43283705290555e-41	"7"	"ORMDL2"
9.5668365865294e-46	0.758842271751468	0.32	0.206	3.50155785903562e-41	"6"	"ZNF385A"
9.71919872523616e-46	0.84583374318925	0.782	0.469	3.55732392542369e-41	"7"	"ARHGAP10"
1.00709452322041e-45	0.916173585097882	0.729	0.407	3.68606666443901e-41	"7"	"PPT1"
1.12955108109664e-45	0.677979712570325	0.329	0.256	4.1342699119218e-41	"4"	"SIX2"
1.14913809402071e-45	1.00434987491937	0.513	0.223	4.20596033792521e-41	"7"	"IPO11"
1.34774568992664e-45	0.864708844700675	0.794	0.494	4.93288399970048e-41	"7"	"SCAF1"
1.39540372367387e-45	1.41450061503179	0.285	0.093	5.10731716901872e-41	"7"	"NRF1"
1.52351642437517e-45	0.801938411306766	0.83	0.522	5.57622246485555e-41	"7"	"EXOSC3"
1.58398557524531e-45	0.866966890573558	0.78	0.459	5.79754560395535e-41	"7"	"CHRAC1"
1.65266320241678e-45	1.0329225440754	0.497	0.214	6.04891258716564e-41	"7"	"FAM98B"
1.93675754518899e-45	0.805733344368436	0.858	0.572	7.08872629114623e-41	"7"	"HPF1"
1.95888799374237e-45	0.891733979412419	0.338	0.231	7.16972594589643e-41	"6"	"NPC1"
2.13149715397259e-45	2.11007943494803	0.993	0.708	7.80149273325507e-41	"8"	"COL4A1"
2.15866093725048e-45	0.856918930537444	0.786	0.454	7.90091489643049e-41	"7"	"FAF1"
2.26039838657035e-45	0.77461823170204	0.884	0.589	8.27328413468614e-41	"7"	"SZRD1"
2.31367171135564e-45	0.823640978529113	0.83	0.537	8.46826983073277e-41	"7"	"OSTF1"
2.67960269448669e-45	1.00051874222904	0.679	0.365	9.80761382209075e-41	"7"	"ZADH2"
2.99416697150763e-45	0.851956260128842	0.291	0.201	1.09589505324151e-40	"5"	"ACAD11"
3.05373160598537e-45	0.99542207572573	0.535	0.24	1.1176963051067e-40	"7"	"EDC4"
3.19364870509133e-45	2.15493452543967	0.732	0.277	1.16890736255048e-40	"8"	"BST1"
3.28461144259655e-45	0.552027217004387	0.456	0.403	1.20220063410476e-40	"4"	"HSD17B11"
3.44195903398497e-45	0.596083315793984	0.964	0.833	1.25979142602884e-40	"7"	"PSMD12"
3.89684775212613e-45	3.07200566971748	0.348	0.062	1.42628524575569e-40	"8"	"PDE3A"
4.03675247764013e-45	0.5048558798292	0.426	0.359	1.47749177434107e-40	"3"	"HDDC3"
4.83770432710647e-45	0.928770650219172	0.635	0.318	1.77064816076424e-40	"7"	"UBA6"
4.94033427239806e-45	1.08938627015123	0.275	0.191	1.80821174704041e-40	"5"	"GALM"
5.4642370047447e-45	0.901393682419746	0.75	0.439	1.99996538610661e-40	"7"	"STC2"
5.46686903738375e-45	0.631118372552943	0.978	0.883	2.00092873637283e-40	"7"	"SURF4"
5.50911751663172e-45	0.633562071042418	0.469	0.36	2.01639210226237e-40	"6"	"SEH1L"
5.6006635955967e-45	0.841910135724762	0.776	0.448	2.04989888262435e-40	"7"	"ABI2"
5.97083651734418e-45	0.862064943606565	0.665	0.346	2.18538587371314e-40	"7"	"LAS1L"
6.0263863326653e-45	1.27180703773853	0.311	0.107	2.20571766161883e-40	"7"	"SFXN5"
6.09843005436543e-45	0.889433892591125	0.693	0.361	2.23208638419829e-40	"7"	"MORC4"
6.2782578155837e-45	0.706090446374711	0.938	0.699	2.29790514308179e-40	"7"	"MTHFD2"
6.49015019903811e-45	1.5164869344773	0.289	0.098	2.37545987434994e-40	"7"	"KRT7"
6.94344008019986e-45	0.682058278586584	0.602	0.567	2.54136850375395e-40	"5"	"FTSJ1"
7.16642991478359e-45	1.87181171474335	0.768	0.28	2.62298501310994e-40	"8"	"SPOCD1"
8.96907469072785e-45	0.686728541762061	0.956	0.798	3.2827710275533e-40	"7"	"HINT2"
9.08930943142885e-45	0.810657512911178	0.824	0.515	3.32677814499727e-40	"7"	"NABP2"
9.97213697959454e-45	0.909891216528839	0.693	0.371	3.6499018559014e-40	"7"	"ZFHX4"
1.00082032325137e-44	1.04075057158526	0.517	0.229	3.66310246513233e-40	"7"	"NUP88"
1.00791697632157e-44	2.23640398403214	0.848	0.39	3.68907692503459e-40	"8"	"IFI30"
1.07669319942858e-44	0.595318833700762	0.352	0.297	3.94080477922854e-40	"1"	"HIST2H2AC"
1.09753380696936e-44	1.39245134619026	0.707	0.424	4.01708348688855e-40	"7"	"LY6K"
1.11199348543267e-44	0.718655157008288	0.894	0.598	4.07000735603212e-40	"7"	"NT5C"
1.11239885294462e-44	1.584576436502	0.583	0.303	4.07149104166259e-40	"7"	"SCUBE3"
1.14089284411054e-44	1.38797799624847	0.279	0.09	4.175781898729e-40	"7"	"KIFC3"
1.16087383553554e-44	0.874929126762047	0.631	0.301	4.24891432544364e-40	"7"	"HABP4"
1.18731716455144e-44	0.558338131552617	0.966	0.832	4.34569955397474e-40	"7"	"UBE2M"
1.19509490094947e-44	1.29841375588799	0.289	0.095	4.37416684696515e-40	"7"	"ZRANB3"
1.21017332390608e-44	0.706723917844924	0.984	0.923	4.42935538282864e-40	"7"	"MAP4"
1.26718309474076e-44	0.8941806619362	0.258	0.173	4.63801684506064e-40	"5"	"TPRN"
1.51879784509301e-44	1.04401121488654	0.587	0.286	5.55895199282491e-40	"7"	"RIN1"
1.52748203236182e-44	0.612585882515756	0.313	0.256	5.59073698664749e-40	"1"	"FITM2"
1.52957750277507e-44	0.560151691844138	0.354	0.282	5.59840661790703e-40	"3"	"COA7"
1.69369796291584e-44	0.531960837261906	0.437	0.375	6.19910391406826e-40	"3"	"KLHDC10"
1.72639721410615e-44	2.91474547098529	0.464	0.109	6.31878644334993e-40	"8"	"GALNT5"
1.77379970629269e-44	0.549759380580886	0.978	0.852	6.49228430500188e-40	"7"	"EPN1"
1.7908921949603e-44	0.560652875804736	0.988	0.866	6.5548445227742e-40	"7"	"ZNF706"
1.92097416706991e-44	0.821031388662518	0.878	0.599	7.03095754889257e-40	"7"	"RIC8A"
1.92480381858912e-44	2.10546140865128	0.739	0.28	7.04497445641805e-40	"8"	"EBF2"
1.9481715549955e-44	1.42040448866855	1	0.865	7.13050270843904e-40	"8"	"SELENOW"
2.12228597560614e-44	0.735763614944055	0.906	0.626	7.76777889931604e-40	"7"	"ERO1A"
2.17147914866036e-44	1.15066705401892	0.968	0.896	7.94783083201177e-40	"7"	"S100A16"
2.23266491465177e-44	0.550364111923657	0.986	0.85	8.17177685411693e-40	"7"	"GARS"
2.26341149710187e-44	1.31735705274558	0.283	0.093	8.28431242054256e-40	"7"	"OSBPL6"
2.27618495145121e-44	0.989448458436365	0.567	0.287	8.33106454080659e-40	"7"	"PI16"
2.48286959892328e-44	0.903668121535209	0.824	0.541	9.08755101901911e-40	"7"	"PPP1R18"
2.61963314037833e-44	0.841143203880834	0.721	0.385	9.58811925709874e-40	"7"	"MINDY2"
2.96340106880789e-44	1.05175002460669	0.547	0.256	1.08463442519438e-39	"7"	"PLCB3"
3.12723374473777e-44	0.659197695956066	0.946	0.753	1.14459882291147e-39	"7"	"RBM42"
3.15378969527579e-44	0.583621759953243	0.978	0.882	1.15431856636789e-39	"7"	"RAD23B"
3.36784936389277e-44	0.601539402247765	0.952	0.747	1.23266654567839e-39	"7"	"STAT1"
3.43202112501702e-44	0.862971289219084	0.725	0.392	1.25615405196748e-39	"7"	"TM7SF3"
3.44865797004467e-44	0.632722279531586	0.517	0.411	1.26224330361605e-39	"6"	"TBC1D10A"
3.63653474705541e-44	0.706325982505466	0.253	0.195	1.33100808276975e-39	"1"	"PKIA"
3.77659005070152e-44	0.837330314002127	0.324	0.22	1.38226972445726e-39	"6"	"KLHL18"
3.80997875830441e-44	0.596927080255552	0.544	0.48	1.394490325327e-39	"5"	"RNF146"
3.91965407468259e-44	0.771818486395826	0.876	0.6	1.43463258787458e-39	"7"	"STK17A"
4.06813295200825e-44	0.776420840661334	0.45	0.366	1.48897734176454e-39	"5"	"SPRY2"
4.26847750467805e-44	0.53316221093947	0.974	0.826	1.56230545148721e-39	"7"	"HAX1"
4.36992182415698e-44	0.649129067840157	0.284	0.215	1.5994350868597e-39	"3"	"SLC25A44"
4.92877108247725e-44	0.950256806059292	0.627	0.31	1.8039795038975e-39	"7"	"ORC3"
5.14623199687691e-44	2.61685673522201	0.5	0.124	1.88357237317692e-39	"8"	"TPD52L1"
5.24950655993539e-44	0.586131026901632	0.266	0.195	1.92137189600195e-39	"3"	"NSD2"
5.39406184727649e-44	0.518500198438086	0.57	0.466	1.97428057672167e-39	"6"	"SMARCD1"
5.5783928666734e-44	0.750880647766883	0.948	0.812	2.04174757313113e-39	"7"	"SERPINB6"
6.09461145544836e-44	0.68148544295082	0.678	0.653	2.23068873880865e-39	"5"	"WARS"
6.3026958370062e-44	0.500371661332152	0.633	0.579	2.30684970330264e-39	"5"	"PPM1B"
6.82998020930803e-44	1.47413219988706	0.443	0.195	2.49984105640883e-39	"7"	"DIRAS3"
7.29795316815148e-44	0.731429087351333	0.912	0.677	2.67112383907512e-39	"7"	"CHD4"
7.57576636839681e-44	0.5063968454833	0.62	0.53	2.77280624849692e-39	"6"	"SLC66A2"
8.31883121157247e-44	0.996752546581453	0.537	0.245	3.04477541174764e-39	"7"	"FAIM"
8.39591477672859e-44	0.707826304109064	0.443	0.362	3.07298876743043e-39	"5"	"PCBP3"
9.87018491884351e-44	0.581916833819863	0.493	0.386	3.61258638214591e-39	"6"	"PJA1"
1.03353917063447e-43	1.19793556571043	0.507	0.238	3.78285671843924e-39	"7"	"NETO2"
1.03811303271275e-43	0.67442414664318	0.968	0.872	3.79959751103194e-39	"7"	"ACTR2"
1.08761645519665e-43	0.884634827121923	0.611	0.3	3.98078498766527e-39	"7"	"RAB23"
1.09131677426914e-43	0.5405826946916	0.99	0.917	3.99432852550249e-39	"7"	"MTCH1"
1.1020926499673e-43	0.829263331955008	0.407	0.329	4.03376930814533e-39	"5"	"GOT1"
1.17638284521377e-43	0.746197434254205	0.854	0.557	4.30567885176692e-39	"7"	"TAF6"
1.26938151098692e-43	0.75030317291302	0.944	0.765	4.64606326836323e-39	"7"	"C11orf24"
1.37286898608118e-43	1.0465207976543	0.513	0.234	5.02483777595571e-39	"7"	"SLC7A5"
1.47804109212772e-43	0.987345680432115	0.733	0.419	5.40977820129666e-39	"7"	"FDXR"
1.56886386470476e-43	0.917115261383669	0.657	0.335	5.74219863120589e-39	"7"	"B4GALT4"
1.63898119848878e-43	0.594843263851913	0.327	0.258	5.99883508458878e-39	"3"	"PCCA"
1.67298332205878e-43	1.35425306168641	0.993	0.785	6.12328625706733e-39	"8"	"SH3BGRL"
1.6835850296955e-43	0.916464877888485	0.82	0.527	6.16208956718852e-39	"7"	"DTD1"
1.72097832194262e-43	0.503106677173042	0.607	0.545	6.29895275614218e-39	"5"	"LYPLAL1"
1.74053800518656e-43	1.22809913028958	0.321	0.113	6.37054315278331e-39	"7"	"PCBD2"
1.82527295365997e-43	1.00076633004801	0.459	0.191	6.68068153769085e-39	"7"	"CLASP2"
1.97118504311549e-43	1.88943029608572	0.928	0.59	7.21473437630699e-39	"8"	"FHL2"
2.08470648696502e-43	0.658547568842456	0.522	0.457	7.63023421294066e-39	"5"	"ZC3H7A"
2.13574288160849e-43	0.85109330750129	0.756	0.44	7.81703252097524e-39	"7"	"TMEM54"
2.37811899445201e-43	0.965999156099382	0.401	0.156	8.70415333159382e-39	"7"	"FLRT2"
2.43626128051756e-43	0.708494569628093	0.892	0.658	8.91695991282232e-39	"7"	"COX17"
2.60057427151482e-43	0.850598703353864	0.337	0.251	9.5183618911714e-39	"5"	"GALK2"
2.61329140651819e-43	0.972912898237599	0.543	0.253	9.56490787699723e-39	"7"	"CLEC2B"
2.61410211237441e-43	0.879245795437571	0.756	0.445	9.56787514150156e-39	"7"	"LAYN"
2.72688726056977e-43	0.548302410471601	0.551	0.453	9.98068006241143e-39	"6"	"TBRG4"
2.73922987455104e-43	0.568091974133228	0.536	0.43	1.00258552638442e-38	"6"	"AP1AR"
2.93225056791194e-43	1.00645685154436	0.768	0.466	1.07323303036145e-38	"7"	"SDC4"
2.97413380825168e-43	1.58622271689002	0.255	0.081	1.0885627151582e-38	"7"	"LPXN"
3.59335072524659e-43	0.74030306511268	0.922	0.713	1.31520229894751e-38	"7"	"MBNL1"
3.66753015320079e-43	0.579257851339181	0.715	0.704	1.34235271137302e-38	"5"	"AARS"
3.74116500144806e-43	0.777110119741091	0.778	0.43	1.36930380218e-38	"7"	"PNKP"
3.89042846756047e-43	1.03398089047239	0.545	0.263	1.42393572341181e-38	"7"	"ZMYM1"
3.91090340783668e-43	0.900139941854002	0.613	0.299	1.4314297563023e-38	"7"	"METTL3"
4.0968100219985e-43	0.817272289247405	0.818	0.494	1.49947343615167e-38	"7"	"KLC1"
4.25680294737112e-43	0.686824831995881	0.856	0.553	1.5580324467673e-38	"7"	"NEXN"
4.28083887648102e-43	0.518320469370446	0.567	0.49	1.56682983718082e-38	"5"	"RRM2B"
4.31047856684227e-43	0.7539061645948	0.868	0.555	1.57767826024994e-38	"7"	"DKC1"
4.3475340261312e-43	0.773015194838536	0.852	0.549	1.59124092890428e-38	"7"	"SEC22C"
4.42420256306667e-43	0.531173997754993	0.612	0.511	1.61930238010803e-38	"6"	"ARMC8"
5.82245745013804e-43	0.909183244056076	0.655	0.329	2.13107765132502e-38	"7"	"EEF1AKMT2"
6.73543864365301e-43	0.974183374218824	0.449	0.184	2.46523789796344e-38	"7"	"DTNBP1"
7.10066428598431e-43	0.511882355655783	0.99	0.917	2.59891413531312e-38	"7"	"DYNC1H1"
7.11432318643151e-43	1.20378638330865	1	0.927	2.6039134294658e-38	"8"	"ZYX"
7.49333802984379e-43	1.00506166824265	0.511	0.226	2.74263665230312e-38	"7"	"FOXRED1"
7.74702965733471e-43	0.874446141099096	0.679	0.355	2.83549032488108e-38	"7"	"MBD3"
7.7553485228567e-43	0.575434981950866	0.98	0.898	2.83853511285078e-38	"7"	"NDUFC1"
8.02700424915279e-43	1.02754922859015	0.461	0.197	2.93796382523241e-38	"7"	"CEP120"
8.29001639968648e-43	0.918592491867633	0.545	0.247	3.03422890244925e-38	"7"	"IFT81"
8.30790188440312e-43	0.88247537461715	0.683	0.372	3.04077516871038e-38	"7"	"ANKRD9"
8.42715213997391e-43	1.2516968017738	0.353	0.133	3.08442195475185e-38	"7"	"SH2B3"
8.91871314624283e-43	0.686193711992702	0.932	0.696	3.26433819865634e-38	"7"	"MRPL54"
8.93969014009844e-43	0.834257689135022	0.758	0.425	3.27201598817743e-38	"7"	"PLGRKT"
9.86126425108345e-43	0.933274411393929	0.521	0.229	3.60932132853905e-38	"7"	"SNX24"
1.0079626633693e-42	0.89403070468865	0.747	0.445	3.68924414419796e-38	"7"	"AMOTL2"
1.1259772832225e-42	0.950800184067151	0.649	0.346	4.12118945432266e-38	"7"	"HYI"
1.13807325691218e-42	0.816009264244052	0.713	0.376	4.16546192762426e-38	"7"	"NUP214"
1.1486149445801e-42	0.554330599437509	0.739	0.386	4.20404555865763e-38	"7"	"BICC1"
1.22504319521803e-42	0.703579813380408	0.389	0.3	4.48378059881752e-38	"5"	"HIST3H2A"
1.3169014269446e-42	0.957610177909612	0.293	0.207	4.81999091275995e-38	"5"	"HLX"
1.34056707918037e-42	1.92779815799904	0.667	0.212	4.90660956650809e-38	"8"	"HSPB7"
1.35041781462452e-42	0.870307740473485	0.267	0.168	4.9426642433072e-38	"6"	"COQ8A"
1.57641576208977e-42	0.525438759023106	0.562	0.464	5.76983933082476e-38	"6"	"SCO1"
1.68852291203061e-42	0.702289939798524	0.928	0.718	6.18016271032323e-38	"7"	"PCM1"
1.86858326390104e-42	0.840547539859551	0.888	0.652	6.83920160420418e-38	"7"	"HNRNPH1"
1.97084544163347e-42	0.621011475286943	0.454	0.344	7.21349140092267e-38	"6"	"USP24"
2.0150498477125e-42	0.739523983837708	0.886	0.615	7.37528394761252e-38	"7"	"MAP4K5"
2.04407936914768e-42	0.875673663137408	0.717	0.389	7.48153489901742e-38	"7"	"PITX2"
2.1193808321716e-42	0.851147533452224	0.745	0.434	7.75714578383128e-38	"7"	"ZC3H18"
2.12993659970213e-42	0.685840037736713	0.475	0.404	7.79578094856978e-38	"5"	"C12orf29"
2.22615627210458e-42	0.716136762982808	0.896	0.64	8.14795457152997e-38	"7"	"ADSS"
2.28233953434231e-42	1.03309041715073	0.439	0.182	8.35359092964631e-38	"7"	"ADAT1"
2.50935427273516e-42	1.27074561059016	0.301	0.105	9.18448757363797e-38	"7"	"PRR16"
2.58775669491232e-42	0.647461532528871	0.918	0.678	9.47144827904857e-38	"7"	"TIMM50"
2.68821891786728e-42	0.512233542941025	0.495	0.462	9.83915006128604e-38	"4"	"GALNT11"
2.82764489942737e-42	0.979777429166325	0.701	0.397	1.03494630963941e-37	"7"	"RALB"
2.86121714119705e-42	2.25015294374394	0.659	0.24	1.04723408584953e-37	"8"	"NXPH4"
3.87881641410914e-42	0.716939163054846	0.944	0.709	1.41968559572808e-37	"7"	"SORBS3"
4.48078931159723e-42	0.752301033401568	0.333	0.229	1.6400136959377e-37	"6"	"QRSL1"
4.56335644264986e-42	1.55400605688745	0.343	0.133	1.67023409157427e-37	"7"	"SOCS2"
4.633682856322e-42	0.648592852489613	0.261	0.202	1.69597426224241e-37	"1"	"ZNF385A"
5.12227477484153e-42	1.07979235557017	0.435	0.181	1.87480379033975e-37	"7"	"C15orf41"
5.22385950046255e-42	0.722430380522126	0.355	0.246	1.9119848157643e-37	"6"	"INSR"
5.48765316851929e-42	0.823110287949264	0.293	0.227	2.00853593620975e-37	"4"	"GEM"
5.7531990795762e-42	0.622787491540616	0.976	0.856	2.10572839511569e-37	"7"	"ILK"
5.98592927954125e-42	1.33043522247699	0.766	0.529	2.19090997560489e-37	"7"	"CCND1"
6.35099255359129e-42	0.534513617437284	0.98	0.845	2.32452678453995e-37	"7"	"CAMTA1"
6.57035129869856e-42	0.52779173350385	0.515	0.483	2.40481427883666e-37	"4"	"LTBP4"
6.76748853626101e-42	0.602399205058941	0.447	0.34	2.47696847915689e-37	"6"	"WHAMM"
7.16217009993641e-42	1.90373884245103	0.993	0.834	2.62142587827773e-37	"8"	"FLNA"
7.567114923447e-42	0.700250969196409	0.932	0.664	2.76963973313084e-37	"7"	"GDI1"
7.66876097664392e-42	0.519669916257038	0.49	0.379	2.80684320506144e-37	"6"	"AL627171.2"
8.26614432821828e-42	0.59404570778606	0.289	0.22	3.02549148557117e-37	"3"	"LRP3"
9.76582874434145e-42	0.612054051938297	0.387	0.328	3.57439097871641e-37	"4"	"ABLIM3"
9.99509996793492e-42	0.912443170883357	0.531	0.239	3.65830653926386e-37	"7"	"GET4"
1.03155246851589e-41	0.615367856115671	0.968	0.81	3.77558519001501e-37	"7"	"CAPZA1"
1.03693789910061e-41	0.64009723257136	0.934	0.64	3.79529640449815e-37	"7"	"PDIA5"
1.0794527274947e-41	0.674661699455492	0.301	0.248	3.95090492790336e-37	"1"	"SLC25A29"
1.08299001129496e-41	0.654426297164646	0.938	0.742	3.96385174034068e-37	"7"	"SLC2A4RG"
1.08662250273411e-41	0.91780072085378	0.816	0.527	3.9771470222571e-37	"7"	"MEIS2"
1.13732316589999e-41	0.783415397719028	0.772	0.431	4.16271651951056e-37	"7"	"VARS"
1.16509309602074e-41	0.680192764918139	0.958	0.772	4.26435724074553e-37	"7"	"ANXA7"
1.22492813469335e-41	0.692865145933963	0.91	0.682	4.48335946579115e-37	"7"	"ZNRD2"
1.23100771876272e-41	0.740849568080098	0.283	0.194	4.50561135144343e-37	"5"	"SYNPO"
1.24231499203943e-41	0.588516402580361	0.342	0.275	4.54699710236351e-37	"3"	"PDHX"
1.2620728059194e-41	0.57443011457792	1	0.98	4.61931267694561e-37	"7"	"CAV1"
1.32085275337678e-41	0.546421443886165	0.556	0.451	4.83445316263436e-37	"6"	"PPP1R15B"
1.34431648804765e-41	0.790425777565225	0.922	0.715	4.9203327779032e-37	"7"	"COX20"
1.36035226722318e-41	0.857336535373127	0.709	0.387	4.97902533326355e-37	"7"	"PELP1"
1.36523940557399e-41	1.26154088373427	0.275	0.091	4.99691274834137e-37	"7"	"RIN3"
1.36685305694929e-41	0.501831879869213	0.599	0.508	5.00281887374009e-37	"6"	"DNAJC30"
1.38457721368776e-41	0.971591829536616	0.571	0.28	5.06769105981856e-37	"7"	"XPO6"
1.39991817365555e-41	0.753674159634733	0.36	0.255	5.12384050739668e-37	"6"	"ZNF354A"
1.54375020724899e-41	0.598749129511245	0.874	0.625	5.65028013355202e-37	"7"	"GLS"
1.75447656677599e-41	0.833509891894	0.441	0.372	6.42155968205679e-37	"5"	"GIHCG"
1.78849639518721e-41	1.02168570391428	0.421	0.172	6.54607565602471e-37	"7"	"EIF5A2"
1.86869871088792e-41	0.578753614071023	0.488	0.384	6.83962415172086e-37	"6"	"ATP11B"
1.90406208425986e-41	2.70079663237959	0.812	0.395	6.96905763459951e-37	"8"	"CRIM1"
1.95978143393355e-41	1.04074859770306	0.393	0.155	7.1729960263402e-37	"7"	"CCDC9"
2.16933846503712e-41	0.704883880755726	0.886	0.653	7.93999571588236e-37	"7"	"RNASEH1"
2.3101450295718e-41	0.8532762590381	0.272	0.187	8.45536182273575e-37	"5"	"TRHDE-AS1"
2.38860353444142e-41	0.745406973763652	0.842	0.56	8.74252779640904e-37	"7"	"PSMG3"
2.39245283835673e-41	2.69579888738076	0.522	0.14	8.75661663366946e-37	"8"	"SECTM1"
2.41837548961063e-41	0.515240673826712	0.984	0.888	8.85149612952387e-37	"7"	"DNAJC8"
2.47758165058267e-41	0.533836545144054	0.375	0.309	9.06819659929764e-37	"3"	"CHCHD4"
2.48051514508055e-41	0.543928766215425	0.964	0.831	9.07893348250932e-37	"7"	"NAA20"
2.94589527875788e-41	0.515975353417761	0.573	0.471	1.07822713097817e-36	"6"	"ATF7IP"
2.99081134275907e-41	2.07796003947479	0.565	0.158	1.09466685956325e-36	"8"	"FAM162B"
3.18751014842211e-41	0.703249372719568	0.866	0.584	1.16666058942398e-36	"7"	"AEBP1"
3.46480720739073e-41	0.510751291319058	0.976	0.831	1.26815408597708e-36	"7"	"PFKL"
3.50387071691118e-41	0.500503666200074	0.986	0.899	1.28245172109666e-36	"7"	"MRPL14"
3.53341200220517e-41	0.736266212310908	0.884	0.628	1.29326412692711e-36	"7"	"BUD23"
3.53799268652414e-41	0.833739404043317	0.735	0.42	1.2949407031947e-36	"7"	"POFUT1"
3.61308318648594e-41	0.742200698501	0.832	0.537	1.32242457708572e-36	"7"	"GNL1"
3.74927439575815e-41	1.12288582551215	1	1	1.37227192159144e-36	"8"	"MYL6"
3.80025332580334e-41	0.895701067982389	0.633	0.319	1.39093071977728e-36	"7"	"APOBEC3C"
3.86698547413444e-41	0.798933690019364	0.774	0.449	1.41535535338794e-36	"7"	"POLR2D"
4.04505517222265e-41	0.879715271359145	0.647	0.341	1.48053064358521e-36	"7"	"C1orf35"
4.1560292450674e-41	0.684528464833274	0.908	0.654	1.52114826398712e-36	"7"	"NAE1"
4.89550979583754e-41	2.08641517660613	0.369	0.156	1.7918055403745e-36	"7"	"HIST1H2BC"
4.97935124969303e-41	0.956218498608002	0.609	0.62	1.82249235090014e-36	"5"	"PPP1R15A"
5.01694168519958e-41	0.674295426051812	0.9	0.695	1.8362508261999e-36	"7"	"SMARCC1"
5.52246235061354e-41	2.56643033137984	0.674	0.242	2.02127644494806e-36	"8"	"F2R"
5.63150513493186e-41	0.615352540717168	0.416	0.307	2.06118719443641e-36	"6"	"MPV17L2"
5.8546104405238e-41	1.09555146081817	0.535	0.262	2.14284596733612e-36	"7"	"KLF4"
6.60409911305006e-41	0.939591132526199	0.345	0.129	2.41716631636745e-36	"7"	"ALPK2"
8.15861538920633e-41	0.735568148427701	0.356	0.251	2.98613481860341e-36	"6"	"FAM219A"
8.43073403974564e-41	1.00077115861363	0.529	0.249	3.0857329658873e-36	"7"	"ERCC2"
8.89128985358211e-41	1.90337897804526	0.928	0.582	3.25430099930959e-36	"8"	"PDLIM7"
9.24887808651934e-41	2.36905366509907	0.572	0.167	3.38518186844694e-36	"8"	"KLF2"
9.31311565424107e-41	0.711762716207536	0.902	0.676	3.40869346060877e-36	"7"	"DPM2"
9.38427115649385e-41	0.875770512026678	0.776	0.467	3.43473708598831e-36	"7"	"DDX54"
9.63560307774197e-41	0.748659387123488	0.842	0.526	3.52672708248434e-36	"7"	"MRPL39"
1.02623884030717e-40	1.1408620759775	0.309	0.11	3.75613677940828e-36	"7"	"FRMD6-AS1"
1.06730435018255e-40	0.562854866213442	0.515	0.444	3.90644065210315e-36	"5"	"UPF2"
1.0780626979711e-40	0.519868216818403	0.535	0.461	3.94581728084404e-36	"5"	"LYRM1"
1.12618138936354e-40	1.05646168956355	0.752	0.482	4.12193650320948e-36	"7"	"FLNC"
1.17771421873992e-40	1.17340161240568	0.343	0.13	4.31055181200999e-36	"7"	"ATL1"
1.26278632038591e-40	0.981920513929702	0.543	0.256	4.62192421124445e-36	"7"	"WDFY2"
1.4399464553425e-40	0.500101159667181	0.984	0.886	5.27034802119908e-36	"7"	"ANKRD11"
1.48141088459777e-40	0.527077951438658	0.986	0.877	5.42211197871631e-36	"7"	"CD320"
1.48545550809504e-40	0.908675239458068	0.723	0.422	5.43691570517867e-36	"7"	"TENM3"
1.4866385044941e-40	0.92434675355839	0.33	0.25	5.44124559029887e-36	"5"	"THAP5"
1.56927423093611e-40	0.724749447379632	0.772	0.458	5.74370061264927e-36	"7"	"SPTLC2"
1.74617959740517e-40	0.923214322040577	0.637	0.332	6.39119194446266e-36	"7"	"TLCD3A"
1.74806458538563e-40	0.535150754756191	0.5	0.466	6.39809118896996e-36	"4"	"TLK1"
1.76486363502741e-40	0.90271372805505	0.834	0.6	6.45957739056381e-36	"7"	"LASP1"
1.7709876214457e-40	0.885542777894849	0.675	0.367	6.48199179325342e-36	"7"	"NLN"
1.78855789561421e-40	1.22657731505249	0.495	0.239	6.54630075373759e-36	"7"	"POMZP3"
1.80602840859305e-40	0.862272741781719	0.693	0.377	6.61024457829142e-36	"7"	"PDF"
1.82600017081114e-40	0.805914941268762	0.661	0.332	6.68334322518584e-36	"7"	"CACNA2D1"
1.85525537295153e-40	0.584795378210374	0.439	0.353	6.7904201905399e-36	"5"	"TESK1"
1.85819057476561e-40	1.01187433424406	0.421	0.174	6.80116332269962e-36	"7"	"NEK4"
1.93806748962325e-40	0.50818314854191	0.564	0.463	7.09352081877005e-36	"6"	"CMTM7"
1.95210547366196e-40	2.84497204337613	0.471	0.12	7.14490124415015e-36	"8"	"ITGA1"
2.08648704219152e-40	0.633264560845423	0.421	0.314	7.63675122312517e-36	"6"	"LHFPL2"
2.13322517052162e-40	0.663034852492784	0.844	0.514	7.80781744662618e-36	"7"	"HSPA13"
2.15594655786716e-40	0.563296088410956	0.52	0.418	7.89097999644959e-36	"6"	"TMEM69"
2.15737116620465e-40	0.68350719097112	0.429	0.33	7.89619420542566e-36	"6"	"SLC35A4"
2.24349864672318e-40	2.66332075969802	0.906	0.64	8.21142939687152e-36	"8"	"CSRP1"
2.25399144340456e-40	0.81081684087106	0.264	0.165	8.24983408200505e-36	"6"	"LINC01003"
2.3814594678796e-40	0.847054062833472	0.607	0.303	8.71637979838613e-36	"7"	"BEND6"
2.53853677497511e-40	0.886977405479421	0.715	0.398	9.29129845008639e-36	"7"	"CANT1"
2.55211551102845e-40	0.768177769615026	0.806	0.505	9.34099798191524e-36	"7"	"DLST"
2.58496766679975e-40	0.634057920313434	0.926	0.7	9.46124015725377e-36	"7"	"NOP56"
2.73212609100242e-40	0.94967016368251	0.585	0.288	9.99985470567797e-36	"7"	"SGMS1"
2.79325182843692e-40	0.674775075873801	0.92	0.69	1.0223581017262e-35	"7"	"MRPS10"
2.95018696497963e-40	0.602589819942612	0.55	0.502	1.0797979310522e-35	"5"	"RNF4"
3.03542441694348e-40	0.999600638417066	0.541	0.263	1.11099569084548e-35	"7"	"ACTR1B"
3.13206157310604e-40	0.639927607549095	0.392	0.3	1.14636585637254e-35	"5"	"TRHDE"
3.25449482618185e-40	0.598510758404158	0.274	0.206	1.19117765133082e-35	"3"	"PTPN4"
3.40285529101992e-40	1.36115693232782	0.299	0.106	1.2454790650662e-35	"7"	"GALNT12"
3.40673815120858e-40	0.91546836478676	0.651	0.344	1.24690023072385e-35	"7"	"INF2"
3.83299964805041e-40	1.09540707704838	0.449	0.197	1.40291620118293e-35	"7"	"FZD1"
3.85320190167201e-40	0.541945733976209	0.345	0.28	1.41031042803097e-35	"3"	"FBXO33"
3.89861316441006e-40	1.31102009793049	0.269	0.091	1.42693140430573e-35	"7"	"THAP10"
4.02352653573896e-40	0.701269866038916	0.605	0.3	1.47265094734582e-35	"7"	"DPP4"
4.04680297112967e-40	0.59340627736124	0.474	0.375	1.48117035546317e-35	"6"	"PDF"
4.07379206508497e-40	0.546027655942875	0.577	0.539	1.49104863374175e-35	"5"	"UBA5"
4.08158051440129e-40	0.935839310412678	0.441	0.183	1.49389928407602e-35	"7"	"SRR"
4.20802481548088e-40	1.00818824668048	0.367	0.141	1.54017916271416e-35	"7"	"EML1"
4.29676191291345e-40	0.896332657949972	1	0.999	1.57265782774545e-35	"8"	"ITGB1"
4.39919096278948e-40	0.79637713023295	0.756	0.433	1.61014788429058e-35	"7"	"COMMD8"
4.73704375563821e-40	0.706165778479065	0.842	0.536	1.73380538500114e-35	"7"	"ZDHHC16"
5.83513955394142e-40	1.2546262613085	0.267	0.089	2.1357194281381e-35	"7"	"CCDC74A"
5.90754980400802e-40	0.660304593837644	0.451	0.37	2.16222230376498e-35	"5"	"PIK3CA"
6.39608480685322e-40	0.958693944688828	0.443	0.188	2.34103100015635e-35	"7"	"EFL1"
6.88704680029857e-40	1.223604325309	0.311	0.113	2.52072799937728e-35	"7"	"DZIP1L"
7.19430287449606e-40	0.761804480925282	0.762	0.447	2.6331867950943e-35	"7"	"MYO9B"
7.25486868734818e-40	1.12945628173258	0.355	0.137	2.65535448825631e-35	"7"	"UBL7-AS1"
7.47209260853233e-40	0.895819873562866	0.647	0.35	2.73486061564892e-35	"7"	"ABCB8"
8.58670425765562e-40	0.594400181242494	0.633	0.563	3.14281962534454e-35	"6"	"PDCD4"
9.33736043568062e-40	0.834090950526522	0.679	0.364	3.41756729306346e-35	"7"	"RAD51C"
9.60275814609435e-40	0.844477346512383	0.693	0.382	3.51470550905199e-35	"7"	"TOR3A"
9.90766140740149e-40	0.622304130155121	0.924	0.708	3.62630315172302e-35	"7"	"CD47"
1.05230582165582e-39	0.561337934889756	0.5	0.398	3.85154453784248e-35	"6"	"UBE2W"
1.13936070625676e-39	0.949534007862144	0.573	0.286	4.17017412097037e-35	"7"	"DMAP1"
1.14587951212137e-39	1.09071300348486	0.475	0.218	4.19403360231542e-35	"7"	"CHD1L"
1.17370198760049e-39	0.806451097744457	0.924	0.747	4.29586664481656e-35	"7"	"UGDH"
1.20067937912754e-39	1.61069024679983	0.978	0.706	4.39460659554469e-35	"8"	"THBS2"
1.24770326173587e-39	2.17008599754566	0.971	0.725	4.56671870827947e-35	"8"	"CRYAB"
1.26252913253779e-39	0.508560323136398	0.516	0.482	4.62098287800156e-35	"4"	"SOAT1"
1.42281088894606e-39	0.816138503921448	0.926	0.735	5.20763013463149e-35	"7"	"ID1"
1.43544375818042e-39	0.971063983076121	0.28	0.202	5.25386769931616e-35	"5"	"TRIM11"
1.55464001016652e-39	0.876334957322704	0.643	0.343	5.69013790121048e-35	"7"	"TIMM8A"
1.59970340472165e-39	0.521331034573197	0.978	0.838	5.85507443162173e-35	"7"	"STT3A"
1.771537558261e-39	0.676579073946664	0.926	0.695	6.48400461699108e-35	"7"	"PPP1R7"
1.81429493547692e-39	0.680025788043499	0.428	0.393	6.64050089333906e-35	"1"	"NDRG1"
1.83934411464075e-39	0.667364642149129	0.273	0.186	6.7321833939966e-35	"5"	"AC025164.1"
1.89068830045198e-39	0.764147798558221	0.356	0.273	6.9201082484843e-35	"5"	"RELL1"
2.13622909247483e-39	0.669955741786494	0.394	0.293	7.81881210136711e-35	"6"	"BYSL"
2.20610657633704e-39	1.34354615036832	0.259	0.086	8.07457068005121e-35	"7"	"PROSER3"
2.22433077936503e-39	0.827199559456253	0.703	0.384	8.14127308555393e-35	"7"	"ELP6"
2.26418771042239e-39	0.814949670628911	0.709	0.386	8.287153438917e-35	"7"	"PPP4R1"
2.41433298935472e-39	0.541404712708072	0.978	0.788	8.83670017433719e-35	"7"	"PLOD3"
2.61251422679024e-39	0.78352521979859	0.798	0.493	9.56206332147496e-35	"7"	"TSN"
2.64594620960398e-39	0.716165952787724	0.878	0.61	9.68442772177151e-35	"7"	"RUVBL1"
2.70056563548102e-39	0.625569872977102	0.468	0.368	9.88434028242409e-35	"6"	"FBXO8"
2.7943789597825e-39	0.932199342149156	0.806	0.538	1.02277064306999e-34	"7"	"CFL2"
2.82070653831872e-39	0.861120762148603	0.551	0.269	1.03240680009004e-34	"7"	"SVIL"
2.82120182575729e-39	0.502358386616481	0.503	0.459	1.03258808024543e-34	"4"	"GABARAPL1"
2.89919260387572e-39	0.584943158609886	0.603	0.576	1.06113348494455e-34	"5"	"CHD1"
3.25026477552967e-39	0.817224978156835	0.645	0.343	1.18962941049162e-34	"7"	"SYDE1"
3.38748406166951e-39	1.07607707964206	0.343	0.131	1.23985304141166e-34	"7"	"XRCC4"
3.41474998883995e-39	0.557937868139637	0.325	0.26	1.24983264341531e-34	"3"	"GNE"
3.50280751828932e-39	0.684445200483149	0.281	0.218	1.28206257976907e-34	"4"	"SHOX2"
3.67970089373767e-39	0.816169232010557	0.541	0.25	1.34680732411693e-34	"7"	"HPS3"
3.76093326590396e-39	0.715679981132373	0.351	0.251	1.37653918465351e-34	"6"	"RMND5B"
3.9611709572305e-39	0.868537667363895	0.599	0.296	1.44982818205594e-34	"7"	"PPP1R35"
3.9751066124174e-39	1.00451190380074	0.411	0.171	1.45492877121089e-34	"7"	"NUP43"
3.99466126676461e-39	0.77227310105204	0.745	0.423	1.46208597024851e-34	"7"	"LINC01116"
4.11061238829337e-39	0.588355904549941	0.938	0.717	1.50452524023926e-34	"7"	"ATG3"
4.18233466787642e-39	0.883411308499807	0.483	0.214	1.53077631178945e-34	"7"	"PGAM5"
4.59096329233866e-39	1.95985267135155	0.993	0.754	1.68033847462887e-34	"8"	"FHL1"
5.00762836363438e-39	0.611316748910155	0.429	0.34	1.83284205737382e-34	"5"	"AC008267.5"
5.79407586947345e-39	0.745075054796885	0.866	0.612	2.12068970898598e-34	"7"	"ADM"
6.33637562906513e-39	0.870792179325568	0.82	0.572	2.31917684399413e-34	"7"	"KPNA4"
6.68973743062885e-39	1.11221506371623	1	0.989	2.44851079698446e-34	"8"	"DSTN"
6.83867162781395e-39	0.772528263989293	0.818	0.502	2.50302220249619e-34	"7"	"ERAL1"
7.1777826310564e-39	0.665093069757425	0.912	0.684	2.62714022079295e-34	"7"	"DCTN1"
7.29987971266595e-39	1.24349662783146	0.263	0.088	2.67182897363287e-34	"7"	"DHRS11"
7.43525475760139e-39	0.76697130340898	0.31	0.211	2.72137759382968e-34	"6"	"PGAM5"
7.53150414446794e-39	0.78852943285569	0.764	0.449	2.75660583191671e-34	"7"	"R3HDM1"
7.56027749100804e-39	0.743523881519276	0.808	0.514	2.76713716448385e-34	"7"	"RBM27"
7.59991447953153e-39	0.611854056038007	0.962	0.781	2.78164469865334e-34	"7"	"DDX46"
7.79938977269837e-39	0.893487889313158	1	0.997	2.85465465070533e-34	"8"	"IGFBP4"
8.77935555351674e-39	0.539138900612411	0.874	0.561	3.21333192614266e-34	"7"	"LTBP2"
8.79682347027125e-39	2.13136087915189	0.739	0.305	3.21972535835398e-34	"8"	"SCUBE3"
9.02180094043158e-39	0.943401554458468	0.555	0.27	3.30206936220736e-34	"7"	"MUS81"
9.34025686125433e-39	1.03955951183555	0.389	0.159	3.4186274137877e-34	"7"	"METTL4"
9.44375811503841e-39	0.554696331490879	0.454	0.344	3.45650990768521e-34	"6"	"FHOD1"
9.71724979816603e-39	0.881778429100565	0.593	0.296	3.55661059862675e-34	"7"	"FBXO4"
9.72212096579602e-39	1.29883653227391	0.279	0.098	3.558393494691e-34	"7"	"HERC3"
1.09823754376641e-38	0.579954214310108	0.457	0.354	4.01965923393942e-34	"6"	"AP3M1"
1.20740412273073e-38	0.761458568685624	0.792	0.505	4.41921982960674e-34	"7"	"COA1"
1.23854097158197e-38	0.726825403302013	0.852	0.593	4.53318381008718e-34	"7"	"IFRD2"
1.25632036584441e-38	0.789010689643404	0.309	0.209	4.59825817102711e-34	"6"	"MEF2C"
1.31152293826786e-38	0.836110774552468	0.285	0.189	4.80030510635419e-34	"6"	"BOLA2B"
1.37208587312791e-38	0.50357080831316	0.384	0.322	5.02197150423547e-34	"3"	"CCDC106"
1.52021579157742e-38	0.568181753915711	0.962	0.801	5.56414181875251e-34	"7"	"GLO1"
1.5582632776143e-38	0.68965556694081	0.356	0.253	5.7033994223961e-34	"6"	"SDHAF4"
1.61595569614572e-38	0.735523985940121	0.85	0.559	5.91455944346294e-34	"7"	"GMPPA"
1.64692819142133e-38	0.748191021535167	0.826	0.514	6.0279218734212e-34	"7"	"CARS2"
1.68854968137085e-38	0.535318237780932	0.519	0.419	6.18026068878543e-34	"6"	"RNFT1"
1.70869090706465e-38	4.3979636341766	0.79	0.445	6.25397958894731e-34	"8"	"ACTA2"
1.72288776578767e-38	0.570945468460385	0.309	0.243	6.30594151155945e-34	"3"	"GTDC1"
1.83007519045299e-38	0.776511819155885	0.747	0.435	6.69825820457699e-34	"7"	"NELFB"
1.91311332525342e-38	0.551482475788393	0.511	0.411	7.00218608176006e-34	"6"	"ABHD10"
1.91688270550984e-38	0.790552061394311	0.904	0.694	7.01598239043658e-34	"7"	"DBN1"
2.05877522093899e-38	0.537678112806561	0.988	0.869	7.53532318615881e-34	"7"	"ANXA11"
2.1322765770816e-38	0.686893592433463	0.524	0.473	7.80434549977637e-34	"5"	"RPE"
2.20434347393305e-38	1.94134865571571	0.833	0.395	8.06811754894236e-34	"8"	"CRIP2"
2.28435348755362e-38	0.770861665305747	0.369	0.287	8.36096219979501e-34	"5"	"ZC3H6"
2.46480467974412e-38	0.694733105937809	0.858	0.564	9.02143160833146e-34	"7"	"TSFM"
2.50434337652299e-38	1.22079996603542	0.293	0.105	9.16614719241179e-34	"7"	"PRXL2B"
2.53661222150426e-38	1.11829967332786	0.343	0.132	9.28425439192772e-34	"7"	"INO80C"
2.67414039045573e-38	1.04623481441943	0.417	0.176	9.78762124310703e-34	"7"	"RBM15"
3.47841925600671e-38	0.547256582793925	0.357	0.311	1.27313623189102e-33	"1"	"PEX11A"
3.49870348127799e-38	0.510450137737477	0.331	0.261	1.28056046118256e-33	"3"	"AR"
3.5321242414831e-38	0.731116817005573	0.906	0.689	1.29279279362523e-33	"7"	"LSM12"
3.62208566510849e-38	0.644698177510902	0.399	0.298	1.32571957428636e-33	"6"	"C2orf76"
3.74389154260648e-38	0.668113181687418	0.377	0.289	1.3703017435094e-33	"5"	"TRABD2A"
3.82729693755982e-38	0.547443765562975	0.96	0.824	1.40082895211627e-33	"7"	"TRAPPC2L"
3.88324674494594e-38	2.59699120111142	0.449	0.114	1.42130714111766e-33	"8"	"NEDD9"
4.00398069879858e-38	0.631827087559926	0.918	0.698	1.46549697556727e-33	"7"	"CIAO2A"
4.10545785880526e-38	0.804244575329603	0.822	0.552	1.50263863090131e-33	"7"	"EEF1E1"
4.18447120249486e-38	0.772754388299354	0.756	0.432	1.53155830482514e-33	"7"	"C1GALT1"
4.28758585536784e-38	0.629073640807213	0.844	0.53	1.56929929892318e-33	"7"	"EGFR"
4.54747038807892e-38	0.796212772610591	0.756	0.457	1.66441963674077e-33	"7"	"NUP54"
4.67891075386424e-38	3.22745417811211	0.355	0.076	1.71252812502185e-33	"8"	"NTN4"
4.7198615644927e-38	0.563728588935206	0.52	0.425	1.72751653121997e-33	"6"	"CCDC58"
4.7750109585297e-38	0.720851182659545	0.892	0.632	1.74770176093145e-33	"7"	"TCF12"
5.16953864576142e-38	0.736214163088457	0.369	0.292	1.89210283973514e-33	"5"	"TXNDC11"
5.23678462803404e-38	0.784230268214458	0.641	0.332	1.91671554170674e-33	"7"	"GOT1"
5.27646175415157e-38	0.590685728193618	0.475	0.381	1.93123776663702e-33	"6"	"DNAJA3"
5.31161234648446e-38	1.0440678837964	0.415	0.18	1.94410323493678e-33	"7"	"GLE1"
5.66886319515223e-38	0.802163342928722	0.293	0.197	2.07486061805767e-33	"6"	"PRKCD"
6.02279532038694e-38	1.14274052870902	0.355	0.141	2.20440331521482e-33	"7"	"CCDC61"
6.37338471160609e-38	0.814977228059392	0.713	0.415	2.33272253829495e-33	"7"	"PTPN14"
6.38670487203729e-38	0.761001703635939	0.747	0.423	2.33759785021437e-33	"7"	"VEZF1"
6.64264019396173e-38	0.607091053902806	0.924	0.62	2.43127273739193e-33	"7"	"FBLN5"
6.89529104504408e-38	0.702782225664198	0.874	0.567	2.52374547539658e-33	"7"	"PON2"
6.90474257028103e-38	0.65319255319978	0.928	0.681	2.52720482814856e-33	"7"	"NELFE"
7.16482624068026e-38	1.54407472164291	1	0.935	2.62239805235138e-33	"8"	"TPM4"
7.3821817022865e-38	0.824634348700055	0.721	0.417	2.70195232485388e-33	"7"	"CCDC137"
7.38903672596322e-38	0.634785271857617	0.426	0.329	2.7044613320698e-33	"6"	"GTF3C3"
7.43356658010968e-38	0.586114757238591	0.952	0.76	2.72075970398594e-33	"7"	"MOB1A"
7.62148609813956e-38	0.882005623147513	0.675	0.364	2.78954012678006e-33	"7"	"WDFY1"
7.90424247368792e-38	0.681371733157605	0.876	0.642	2.89303178779451e-33	"7"	"FBXL5"
7.91387613759675e-38	0.908320406817902	0.525	0.248	2.89655780512179e-33	"7"	"DROSHA"
8.80624578779832e-38	0.739089772658956	0.81	0.501	3.22317402079206e-33	"7"	"CCNK"
9.13606401583022e-38	0.606396524265668	0.93	0.703	3.34389079043402e-33	"7"	"PSMD14"
9.5218549004528e-38	0.671389401638392	0.33	0.245	3.48509411211473e-33	"5"	"INSR"
1.07191050249054e-37	1.3037429363381	0.325	0.127	3.92329963016561e-33	"7"	"AHNAK2"
1.11249521758285e-37	0.519605367456153	0.986	0.914	4.07184374587497e-33	"7"	"PRMT1"
1.15116467114025e-37	0.779414251786359	0.727	0.423	4.21337781284043e-33	"7"	"MAPK9"
1.16327923890217e-37	0.987504460048015	0.419	0.179	4.25771834230584e-33	"7"	"TXNRD2"
1.25296211460842e-37	1.1477787346176	0.297	0.108	4.58596663567826e-33	"7"	"TRERF1"
1.27044969356715e-37	0.971984190257552	0.503	0.236	4.64997292342513e-33	"7"	"ANKRD52"
1.29416621219282e-37	0.686968094524189	0.402	0.306	4.73677775324694e-33	"6"	"APOOL"
1.31222400662372e-37	0.784467491629856	0.565	0.276	4.80287108664349e-33	"7"	"HACD4"
1.45041553156673e-37	0.870940836110034	0.639	0.345	5.30866588708739e-33	"7"	"RB1"
1.65810544606567e-37	1.10900127611622	1	0.854	6.06883174314496e-33	"8"	"ADAMTS2"
1.69635150264344e-37	0.671255181118113	0.405	0.303	6.20881613482527e-33	"6"	"NT5DC1"
1.70158687536183e-37	0.52220123707316	0.52	0.454	6.22797812251183e-33	"5"	"TMEM222"
1.73239722814795e-37	1.03405880583308	0.485	0.229	6.34074709474431e-33	"7"	"PVR"
1.90352114152299e-37	0.751859385206279	1	1	6.9670777300883e-33	"8"	"TMSB10"
1.92577654192915e-37	0.88741437523012	0.449	0.197	7.04853472111488e-33	"7"	"NAAA"
1.94389335720715e-37	0.565832523059159	0.443	0.342	7.11484407671389e-33	"6"	"AC008267.5"
1.99037180800605e-37	0.551416732933229	0.473	0.372	7.28495985448296e-33	"6"	"MAIP1"
2.01801789113661e-37	0.900502224561314	0.547	0.266	7.38614728334912e-33	"7"	"MALT1"
2.02027244254756e-37	1.20980596813812	0.289	0.104	7.39439916696834e-33	"7"	"CEP112"
2.19770774902892e-37	0.907110618484016	0.563	0.278	8.04383013222074e-33	"7"	"CCAR2"
2.26779810193358e-37	0.831841027382458	0.567	0.277	8.30036783288711e-33	"7"	"PRXL2C"
2.29429453454509e-37	0.796512405226043	0.731	0.423	8.39734742588849e-33	"7"	"SEC14L1"
2.32157625256971e-37	0.773143137367719	0.338	0.241	8.4972012420304e-33	"6"	"ERCC8"
2.48474916054474e-37	0.60436702773721	0.93	0.728	9.09443040250979e-33	"7"	"PHAX"
2.51177975275472e-37	0.841549030657634	0.651	0.359	9.19336507305754e-33	"7"	"NAA15"
2.52176741736907e-37	0.611737622220187	0.928	0.717	9.22992092431252e-33	"7"	"AIMP2"
2.6220652995235e-37	0.550467775150579	0.268	0.202	9.59702120278595e-33	"3"	"SLC9A3R1"
2.87871526936482e-37	0.750326602679304	0.308	0.21	1.05363857574022e-32	"6"	"PTPN4"
2.94119472837504e-37	1.02812994381895	0.439	0.197	1.07650668253255e-32	"7"	"SLC1A4"
3.0937200636998e-37	0.852675930158159	0.263	0.172	1.13233248051476e-32	"6"	"DCAF1"
3.17203453109103e-37	0.515038873172104	0.442	0.396	1.16099635872463e-32	"4"	"GLA"
3.28754854567992e-37	0.877331293785571	0.569	0.282	1.20327564320431e-32	"7"	"MED16"
3.54227589465115e-37	0.943502294173359	0.437	0.191	1.29650840020127e-32	"7"	"IFT88"
3.76738613081647e-37	0.515462830461794	0.309	0.241	1.37890099774014e-32	"3"	"CENPV"
4.02571679673219e-37	0.674298590881256	0.341	0.24	1.47345260477195e-32	"6"	"MTMR12"
4.22542143968408e-37	0.574072416403206	0.92	0.635	1.54654650113877e-32	"7"	"DNAJC10"
4.43352904163357e-37	0.715305915425794	0.834	0.565	1.6227159645283e-32	"7"	"DNM1L"
4.5751053130863e-37	0.780598121479359	0.752	0.453	1.67453429564272e-32	"7"	"KIF1C"
4.73354791308509e-37	0.756519221773929	0.78	0.479	1.73252587166827e-32	"7"	"HSPBP1"
4.95160265549766e-37	1.79306829156494	0.92	0.713	1.8123360879387e-32	"8"	"PDLIM5"
5.32724353083908e-37	0.863406846984393	0.735	0.44	1.94982440472241e-32	"7"	"SMIM29"
5.34802598425397e-37	1.89478153558852	0.841	0.426	1.95743099049679e-32	"8"	"LY6K"
5.50351082382339e-37	0.759882925714896	0.725	0.413	2.0143399966276e-32	"7"	"IKBKG"
5.53069255163638e-37	0.651595444594332	0.88	0.622	2.02428878082443e-32	"7"	"CCM2"
5.88101647049459e-37	0.791220962197614	0.749	0.441	2.15251083836573e-32	"7"	"RPS6KB2"
5.96026327264164e-37	0.741603251496647	0.786	0.482	2.18151596041957e-32	"7"	"RNF141"
6.75130660247074e-37	1.88043769614814	0.964	0.783	2.47104572957031e-32	"8"	"TPM1"
6.81860223991662e-37	0.877030129425134	0.271	0.211	2.49567660583188e-32	"4"	"NR4A1"
6.88718492071056e-37	1.23040442737063	0.311	0.118	2.52077855282927e-32	"7"	"CARD9"
7.03200150825355e-37	0.524139988670337	0.964	0.825	2.57378287203588e-32	"7"	"HDAC2"
7.93790092704421e-37	0.559006764242534	0.443	0.337	2.90535111830745e-32	"6"	"AMOTL1"
8.92335610301098e-37	0.852741759253934	0.561	0.277	3.26603756726305e-32	"7"	"EED"
9.13331152143504e-37	1.00298217585446	0.435	0.193	3.34288334996044e-32	"7"	"MICALL1"
9.97364938561703e-37	1.21164076662198	0.557	0.293	3.65045541162969e-32	"7"	"RCAN1"
1.00219658409018e-36	0.974243380376936	0.483	0.226	3.66813971742847e-32	"7"	"DHX33"
1.06322247344472e-36	0.554700751255724	0.504	0.434	3.891500575055e-32	"5"	"PKD2"
1.07668086268623e-36	0.833330607128985	0.745	0.45	3.94075962551787e-32	"7"	"GLTP"
1.08413804788448e-36	0.56548834206595	0.942	0.765	3.968053669062e-32	"7"	"PAFAH1B1"
1.1909553767868e-36	0.582282690351698	0.439	0.34	4.35901577457737e-32	"6"	"MLYCD"
1.19233404948636e-36	0.759458975354494	0.292	0.212	4.36406185452504e-32	"5"	"ABHD8"
1.21302339897459e-36	0.632689370159729	0.888	0.618	4.43978694258689e-32	"7"	"UPF3A"
1.23088150546042e-36	0.582469190487999	0.952	0.79	4.50514939813569e-32	"7"	"CDC123"
1.24792850021312e-36	0.953477369704467	0.503	0.24	4.56754310363006e-32	"7"	"ZMYND8"
1.33348825706758e-36	0.845336677627767	0.623	0.325	4.88070036969305e-32	"7"	"RBM14"
1.40703799454602e-36	2.47825051052253	0.58	0.191	5.1498997638379e-32	"8"	"C1orf198"
1.40738867742516e-36	0.565083654178716	0.982	0.933	5.15118329824381e-32	"7"	"CDC42"
1.4219996548487e-36	0.748407358865323	0.76	0.459	5.20466093671173e-32	"7"	"BMERB1"
1.42759793398926e-36	0.782888399212464	0.611	0.313	5.22515119819409e-32	"7"	"DCP2"
1.45641780991933e-36	0.596190200070362	0.483	0.394	5.33063482608575e-32	"6"	"FAM210A"
1.47381670087605e-36	0.740976688964684	0.832	0.567	5.39431650687645e-32	"7"	"FTSJ1"
1.49130230031466e-36	0.972895618820437	0.449	0.2	5.45831554938168e-32	"7"	"SMG9"
1.49617112640382e-36	0.564187657429214	0.978	0.83	5.47613593975062e-32	"7"	"MRPL12"
1.53331895379066e-36	0.893151101483487	0.338	0.258	5.6121007027692e-32	"5"	"CHAC1"
1.6377994038557e-36	0.572139429130426	0.299	0.237	5.99450959805225e-32	"3"	"MTMR12"
1.75900857867893e-36	0.551226490045705	0.518	0.454	6.43814729882275e-32	"5"	"SLC2A10"
1.814180823201e-36	1.09415210387749	0.357	0.145	6.64008323099797e-32	"7"	"FZD6"
1.8391742717121e-36	0.871437113075629	0.467	0.208	6.73156175189344e-32	"7"	"PXMP4"
1.88046584509121e-36	0.722505656504004	0.85	0.603	6.88269303961833e-32	"7"	"PRPF31"
1.88153894514851e-36	0.959621759281457	0.507	0.247	6.88662069313805e-32	"7"	"KBTBD2"
1.92077311593155e-36	0.689985188148168	0.874	0.623	7.03022168162106e-32	"7"	"ASAP1"
1.98084577384858e-36	1.14172639895969	0.605	0.346	7.2500936168632e-32	"7"	"MAP2K3"
2.09218169998661e-36	0.955606108454985	1	0.998	7.657594240121e-32	"8"	"HSPB1"
2.11580505613624e-36	0.61614566219086	0.308	0.26	7.74405808596426e-32	"1"	"AKNA"
2.13160638262595e-36	1.22960858625031	0.359	0.15	7.80189252104924e-32	"7"	"MAGI3"
2.14907583421579e-36	0.725772509033427	0.834	0.544	7.8658324608132e-32	"7"	"CHTOP"
2.19521836783345e-36	0.528320553052781	0.966	0.813	8.03471874810722e-32	"7"	"SLC25A39"
2.21818116413368e-36	0.639928653842225	0.471	0.382	8.11876487884567e-32	"6"	"GLI4"
2.28668185881455e-36	0.503930239962455	0.537	0.439	8.36948427144712e-32	"6"	"NOP2"
2.31617515718531e-36	0.747439988905611	0.87	0.613	8.47743269281394e-32	"7"	"METRNL"
2.32556728374823e-36	0.720370942306229	0.854	0.602	8.51180881524691e-32	"7"	"TSR1"
2.38755775416589e-36	0.722195442500641	0.525	0.478	8.73870013602259e-32	"5"	"CAMTA2"
2.57327185645725e-36	0.787679356167512	0.617	0.32	9.41843232181918e-32	"7"	"MPHOSPH6"
2.72053267078904e-36	0.549547563323291	0.497	0.4	9.95742162835495e-32	"6"	"PTPRK"
3.08818776220119e-36	1.0941175344909	1	0.904	1.13030760284326e-31	"8"	"LAMA4"
3.09715738916981e-36	0.743615292533315	0.745	0.439	1.13359057601004e-31	"7"	"DNAJC13"
3.17392340767839e-36	0.793359824856211	0.619	0.32	1.16168770644437e-31	"7"	"ABHD2"
3.67132840259583e-36	1.0519924510245	0.335	0.131	1.3437429086341e-31	"7"	"STOML1"
3.67326498405664e-36	0.635370620509451	0.908	0.708	1.34445171681457e-31	"7"	"ACTR1A"
3.67765143421098e-36	0.797688461534093	0.691	0.391	1.34605720143556e-31	"7"	"DDB2"
3.86821573101194e-36	0.581486726848731	0.345	0.287	1.41580563970768e-31	"4"	"CPZ"
3.94778032264187e-36	0.780478107988523	0.29	0.196	1.44492707589015e-31	"6"	"CCDC36"
4.116439611203e-36	0.704501804415442	0.36	0.262	1.50665806209641e-31	"6"	"MAK16"
4.12174612619592e-36	1.1849595923779	0.681	0.456	1.50860029964897e-31	"7"	"DYNLRB1"
4.25436258155464e-36	2.28562138568574	0.348	0.072	1.55713924847481e-31	"8"	"CAVIN2"
5.48667114065705e-36	0.538976555761464	0.633	0.619	2.00817650419189e-31	"5"	"ATG101"
5.61781012359413e-36	2.96552139765205	0.333	0.069	2.05617468333669e-31	"8"	"PTN"
6.0247068815493e-36	0.6834178146612	0.441	0.369	2.20510296571586e-31	"5"	"RHBDD2"
6.13709435747658e-36	0.572429971275366	0.265	0.201	2.24623790578e-31	"3"	"SCARB1"
6.16599210798446e-36	0.574936065183595	0.358	0.252	2.25681477144339e-31	"6"	"AL136454.1"
6.54513164377363e-36	1.07210810596944	0.575	0.31	2.39558363293759e-31	"7"	"BCAR1"
7.09013451288947e-36	0.828323110522208	0.675	0.387	2.59506013306268e-31	"7"	"ENOPH1"
7.20209863496992e-36	0.636505686244645	0.363	0.263	2.63604012138534e-31	"6"	"SLC25A13"
7.22866085580655e-36	0.502226017861236	0.383	0.341	2.64576215983376e-31	"1"	"EPHA4"
7.2754994255659e-36	0.724925647173511	0.322	0.227	2.66290554475137e-31	"6"	"NUP88"
7.39208153828475e-36	0.803536032154851	0.579	0.287	2.7055757638276e-31	"7"	"ACAD9"
7.55087608417018e-36	0.628847796213497	0.449	0.382	2.76369615556713e-31	"5"	"ATF2"
8.71708921279397e-36	0.901935198672033	0.475	0.219	3.19054182277472e-31	"7"	"SRBD1"
9.70739507052225e-36	0.566773042699237	0.487	0.397	3.55300366976185e-31	"6"	"RBM28"
9.75620399602213e-36	0.974353618299332	0.363	0.148	3.57086822458406e-31	"7"	"TAF5"
9.98438146618949e-36	1.64207835726913	0.884	0.474	3.65438346044001e-31	"8"	"PSMB9"
1.00929594683151e-35	0.6451731142607	0.576	0.557	3.694124094998e-31	"5"	"IFRD1"
1.03586873178327e-35	0.52907106799107	0.552	0.463	3.79138314519995e-31	"6"	"AAK1"
1.03594092838722e-35	0.764912396127214	0.78	0.493	3.79164739199006e-31	"7"	"BRIX1"
1.04180848210045e-35	0.577955454321937	0.942	0.734	3.81312322533584e-31	"7"	"TARS"
1.05763707806288e-35	0.543085015189395	0.342	0.241	3.87105746941795e-31	"6"	"CKAP2"
1.09380762652398e-35	0.849223359734354	0.627	0.34	4.00344529384043e-31	"7"	"THOC6"
1.1028759352002e-35	0.599207125371132	0.318	0.274	4.03663621042626e-31	"1"	"SLC17A5"
1.15649140226611e-35	0.671820357282045	0.892	0.641	4.23287418143417e-31	"7"	"ZFP91"
1.26448158815803e-35	0.558299365694299	0.944	0.724	4.62812906081719e-31	"7"	"NFIX"
1.27877444414921e-35	0.807577787463979	0.352	0.259	4.68044234303052e-31	"6"	"AGPAT4"
1.36712240849476e-35	0.610284611418282	0.419	0.324	5.00380472733167e-31	"6"	"TRIB3"
1.44397170930682e-35	2.27380761436474	0.42	0.102	5.28508085323388e-31	"8"	"MAPK10"
1.44859321641148e-35	0.902752055301367	0.467	0.213	5.30199603138764e-31	"7"	"HAUS3"
1.50396373487012e-35	0.80878703703916	0.663	0.362	5.50465766599813e-31	"7"	"PSPC1"
1.51748480351557e-35	0.679954681988197	0.862	0.618	5.55414612934735e-31	"7"	"TMEM109"
1.52998778820459e-35	0.764559735029838	0.786	0.498	5.59990830360763e-31	"7"	"PML"
1.56833262461378e-35	2.09792215329624	0.435	0.107	5.74025423934888e-31	"8"	"PALM"
1.58211941502612e-35	0.599097367385848	0.946	0.74	5.79071527093712e-31	"7"	"AP1S1"
1.60791424987487e-35	0.878107685704492	0.521	0.253	5.88512694596702e-31	"7"	"NUP153"
1.6171061696869e-35	0.683051023643733	0.8	0.492	5.91877029167102e-31	"7"	"SPIN1"
1.6278088545244e-35	0.902661668401368	0.413	0.177	5.95794318844475e-31	"7"	"ST3GAL3"
1.69304683102656e-35	2.19233215747128	0.457	0.119	6.19672070624031e-31	"8"	"EVA1A"
1.83485707737615e-35	0.725324292589963	0.747	0.435	6.71576038890443e-31	"7"	"MRGBP"
1.87961359611503e-35	0.591760497328295	0.934	0.685	6.87957372314061e-31	"7"	"UBE2Z"
1.94633492959692e-35	0.923179101891955	0.373	0.154	7.12378047581767e-31	"7"	"CNTROB"
2.04695499107133e-35	1.26070392586418	0.257	0.09	7.49205996282018e-31	"7"	"TANGO6"
2.18966947516723e-35	1.23765931554798	0.299	0.115	8.01440924605959e-31	"7"	"AL162586.1"
2.20010269636784e-35	0.780641566058787	0.573	0.279	8.05259587897594e-31	"7"	"AL445524.1"
2.25691832606535e-35	0.646915284896286	0.888	0.646	8.26054676523179e-31	"7"	"DHX15"
2.326810754525e-35	0.6111704744289	0.463	0.364	8.51636004263694e-31	"6"	"COL5A3"
2.3595850852534e-35	0.537812176606434	0.956	0.798	8.63631737053596e-31	"7"	"UFD1"
2.37192032206437e-35	0.862627122323324	0.405	0.173	8.68146557078781e-31	"7"	"PLCB1"
2.398657463095e-35	0.707799185568917	0.79	0.498	8.77932618067402e-31	"7"	"GEMIN6"
2.45398120236259e-35	0.926322000044521	0.413	0.179	8.9818165987673e-31	"7"	"QTRT2"
2.47908682194718e-35	0.544359362411052	0.96	0.766	9.07370567700886e-31	"7"	"ENG"
2.58820369673147e-35	0.611563176195942	0.281	0.23	9.47308435040685e-31	"1"	"CHST2"
2.80604952412247e-35	0.544026065377517	0.434	0.356	1.02704218632407e-30	"5"	"SLC35F6"
2.82291330244039e-35	0.972112121120924	0.499	0.242	1.03321449782621e-30	"7"	"CLPB"
2.83551324394003e-35	0.665079009487037	0.38	0.283	1.03782620241449e-30	"6"	"MFN2"
2.85057577391169e-35	1.13700066778851	0.313	0.121	1.04333923900942e-30	"7"	"ADORA2B"
3.47590382859409e-35	0.540602547915473	0.513	0.42	1.27221556030372e-30	"6"	"RPRD1A"
3.7559979958884e-35	1.15563172251224	0.269	0.097	1.37473282647511e-30	"7"	"ULBP2"
3.98072751561458e-35	0.988768457376397	0.521	0.257	1.45698607799009e-30	"7"	"LDB2"
4.23202697378209e-35	0.762785860337291	0.715	0.438	1.54896419267398e-30	"7"	"ARHGAP35"
4.31117504704498e-35	0.762017932880851	0.695	0.39	1.57793317896893e-30	"7"	"UTP18"
4.44793814243555e-35	0.909868844964591	0.679	0.396	1.62798983951283e-30	"7"	"LPCAT4"
4.44936459381132e-35	0.785045758816924	0.356	0.264	1.62851193498088e-30	"6"	"CTH"
4.4719826758154e-35	0.535756638831321	0.471	0.397	1.63679037917519e-30	"5"	"PIGH"
4.60041188128095e-35	0.597475719194394	0.37	0.313	1.68379675266764e-30	"4"	"ARHGAP20"
4.66059614425586e-35	0.866867616339176	0.499	0.235	1.70582479475909e-30	"7"	"INIP"
4.78809015793524e-35	0.679310045447463	0.832	0.551	1.75248887870588e-30	"7"	"LYRM2"
5.03205871904701e-35	2.64174477668766	0.435	0.116	1.8417838117584e-30	"8"	"AL162586.1"
5.09131289060745e-35	0.787861206383194	0.818	0.544	1.86347143109123e-30	"7"	"CAPN1"
5.5417318801056e-35	1.16284607075618	0.337	0.137	2.02832928543745e-30	"7"	"CCDC85C"
5.54878497630273e-35	1.29650492192745	1	0.992	2.03091078917656e-30	"8"	"ACTG1"
5.94842440140717e-35	1.13101956179683	0.521	0.279	2.17718281515904e-30	"7"	"SPOCD1"
6.2587278737891e-35	0.703861957276452	0.842	0.591	2.29075698908555e-30	"7"	"PLEKHJ1"
6.30420805038329e-35	2.57438150600101	0.406	0.1	2.30740318852079e-30	"8"	"ATP1B1"
6.3681316888329e-35	0.858441268277254	0.253	0.166	2.33079987942973e-30	"6"	"KPTN"
6.56247815735212e-35	0.870964366727807	0.485	0.233	2.40193263037245e-30	"7"	"AC079781.5"
6.71569382869301e-35	1.09015059961708	0.349	0.144	2.45801109823993e-30	"7"	"EXOG"
6.87007997513449e-35	0.789608722940909	0.683	0.384	2.51451797169898e-30	"7"	"CEP290"
7.26648040527146e-35	0.853421051535117	0.599	0.313	2.65960449313341e-30	"7"	"PNPT1"
7.86213519178195e-35	1.03931314316621	0.389	0.168	2.87762010154411e-30	"7"	"AP3M2"
8.18166247525371e-35	0.51101582688788	0.413	0.3	2.99457028256761e-30	"6"	"HIST2H2AC"
8.24808312445172e-35	0.759240429681114	0.625	0.339	3.01888090438057e-30	"7"	"HIC1"
8.25732661962876e-35	0.674868771959618	0.846	0.599	3.02226411605032e-30	"7"	"TMEM18"
8.4243656079606e-35	0.838658624098731	0.613	0.334	3.08340205616966e-30	"7"	"CTDSPL"
9.20789262895309e-35	0.575366512872673	0.293	0.234	3.37018078112312e-30	"3"	"SLC25A22"
9.92264689974345e-35	0.524249961772834	0.608	0.581	3.6317879917751e-30	"5"	"MED19"
9.98855015133821e-35	0.737256275017323	0.834	0.607	3.6559092408913e-30	"7"	"DBNL"
1.02817413788928e-34	0.511888780240236	0.382	0.278	3.76322016208856e-30	"6"	"SMAD6"
1.08820871264075e-34	0.516588467455407	0.519	0.425	3.98295270913642e-30	"6"	"SC5D"
1.12667599075692e-34	0.831331889710402	0.605	0.317	4.12374679376939e-30	"7"	"DPP3"
1.1640111692606e-34	0.671966172916102	0.864	0.595	4.26039728061074e-30	"7"	"MAPK1"
1.17625825705725e-34	0.603349855086444	0.43	0.355	4.30522284665525e-30	"5"	"FEM1C"
1.19988179437039e-34	0.869403999567868	0.417	0.181	4.39168735557505e-30	"7"	"C17orf75"
1.21706931903591e-34	0.826594080760626	0.659	0.36	4.45459541460334e-30	"7"	"PPP2R5D"
1.24935612654349e-34	0.546342153542244	0.48	0.38	4.57276835876182e-30	"6"	"SOS1"
1.26368782908284e-34	0.871571610064895	0.479	0.228	4.62522382322612e-30	"7"	"DKK3"
1.27080462593966e-34	1.78946987045645	0.277	0.108	4.65127201140176e-30	"7"	"DSP"
1.32586735252194e-34	0.816916650635354	0.637	0.343	4.85280709696556e-30	"7"	"TNRC18"
1.49642123012908e-34	0.999883126877974	0.571	0.312	5.47705134439545e-30	"7"	"AC006064.4"
1.52001327125914e-34	0.967435198750807	0.439	0.198	5.56340057413558e-30	"7"	"FLOT2"
1.52830540044885e-34	0.897122294563626	0.645	0.368	5.59375059618282e-30	"7"	"MTA2"
1.56295714620972e-34	0.520968207947968	0.998	0.952	5.72057945084218e-30	"7"	"S100A13"
1.60144665599856e-34	1.20066213259127	0.299	0.115	5.86145490562034e-30	"7"	"NIPAL3"
1.60838509374097e-34	0.634140181625849	0.874	0.591	5.88685028160133e-30	"7"	"TOR1A"
1.68528590202069e-34	0.567275465735963	0.916	0.738	6.16831492998592e-30	"7"	"ABCE1"
1.70646344051152e-34	0.938157852944834	0.315	0.23	6.24582683861622e-30	"6"	"CA5B"
1.83135877502306e-34	0.676664659961054	0.514	0.431	6.70295625246191e-30	"5"	"IRS2"
1.83217985516841e-34	0.850939398842956	0.465	0.213	6.7059614879019e-30	"7"	"CHCHD6"
1.86278374504123e-34	0.86725079552033	0.337	0.138	6.8179747852254e-30	"7"	"BDKRB1"
1.96201838398285e-34	0.66125869359679	0.894	0.701	7.18118348721564e-30	"7"	"FH"
2.03599415163189e-34	0.728183546635671	0.359	0.145	7.45194219438787e-30	"7"	"DNM1"
2.05245884442536e-34	1.02780076137898	0.429	0.197	7.51220461648126e-30	"7"	"MYO5A"
2.17334027976864e-34	0.521843298172063	0.962	0.784	7.95464275798121e-30	"7"	"RALA"
2.22069918007572e-34	0.551153809935258	0.892	0.622	8.12798106899516e-30	"7"	"MOXD1"
2.36071253792582e-34	0.676929946439215	0.361	0.265	8.64044396006231e-30	"6"	"ETV3"
2.48173904059358e-34	1.22665024114809	0.319	0.128	9.08341306247656e-30	"7"	"HRCT1"
2.55425292635872e-34	0.525085371207249	0.984	0.871	9.34882113576554e-30	"7"	"EPS8"
2.55929332035173e-34	0.588934030170688	0.353	0.315	9.36726948181935e-30	"1"	"HMCES"
2.72696983739065e-34	0.541566053565092	0.394	0.362	9.9809823018335e-30	"1"	"DCUN1D3"
2.93244529720526e-34	0.860616723202694	0.621	0.342	1.0733043032301e-29	"7"	"MFSD11"
3.20909026167919e-34	0.620556288702189	0.904	0.668	1.1745591266772e-29	"7"	"WDR18"
3.30239688137517e-34	0.691758721086444	0.818	0.525	1.20871028255213e-29	"7"	"CDC5L"
3.50142305409399e-34	0.570189429192693	0.924	0.726	1.28155585202894e-29	"7"	"ZNF207"
3.65158057538743e-34	1.08620854591652	1	0.875	1.33651500639755e-29	"8"	"VAT1"
3.68962732925971e-34	0.601761766962258	0.896	0.641	1.35044049878235e-29	"7"	"BRD7"
3.75159852374004e-34	0.61608263221335	0.904	0.656	1.37312257567409e-29	"7"	"DEF8"
4.10112320253982e-34	1.2353568869523	0.273	0.101	1.5010521033616e-29	"7"	"PHLPP2"
4.11464668378216e-34	0.910471293525636	0.611	0.341	1.50600183273111e-29	"7"	"IPO4"
4.12043181291511e-34	0.683766172206389	0.699	0.392	1.50811924784506e-29	"7"	"WBP4"
4.2071748076471e-34	1.02695126576484	0.289	0.107	1.53986805134692e-29	"7"	"UBXN11"
4.35014604742786e-34	0.984016547142867	0.405	0.177	1.59219695481907e-29	"7"	"MUTYH"
4.41535555525228e-34	0.714553070395841	0.812	0.514	1.61606428677789e-29	"7"	"ACOT9"
4.4479899882385e-34	0.885723456306679	0.601	0.316	1.62800881559517e-29	"7"	"NIPSNAP3A"
4.49529129170533e-34	0.507187995908027	0.495	0.422	1.64532156567707e-29	"5"	"SAMD8"
4.50111314857195e-34	0.603495377644468	0.808	0.507	1.64745242350882e-29	"7"	"TCF4"
4.76312178655465e-34	0.587632800657182	0.441	0.377	1.74335020509687e-29	"5"	"ALKBH3"
4.88777172012958e-34	1.09478574924346	0.281	0.106	1.78897332728463e-29	"7"	"IL33"
5.05024898309672e-34	0.701138742165255	0.386	0.299	1.84844163030323e-29	"6"	"ALG14"
5.16397051000035e-34	0.590632238690125	0.413	0.318	1.89006484636523e-29	"6"	"THAP3"
5.25829717120703e-34	0.796743399745321	0.459	0.208	1.92458934763348e-29	"7"	"MSRA"
5.26961458609421e-34	0.952502751673628	0.377	0.159	1.92873163465634e-29	"7"	"GMEB1"
5.31291579184485e-34	1.06138736764121	1	0.974	1.94458030897313e-29	"8"	"CCDC80"
5.61249224590375e-34	1.13533965456421	0.283	0.106	2.05422828692323e-29	"7"	"SIPA1L3"
5.6367723569507e-34	0.731872909855844	0.79	0.511	2.06311505036752e-29	"7"	"PRPF19"
5.73619852209521e-34	0.618774581896461	0.432	0.342	2.09950602107207e-29	"6"	"TIMM8A"
5.96094574721491e-34	0.51529098947572	0.964	0.811	2.18176575293813e-29	"7"	"MRPS12"
6.3605811984476e-34	0.76709469381095	0.703	0.427	2.32803632444381e-29	"7"	"PEF1"
6.64400295874511e-34	1.20591602965629	0.283	0.106	2.4317715229303e-29	"7"	"SLC25A15"
6.99530852378367e-34	0.77278625756195	0.651	0.35	2.56035287279006e-29	"7"	"USB1"
7.26068372346356e-34	0.89763045555697	0.355	0.145	2.6574828496249e-29	"7"	"CAPN15"
7.62577912159727e-34	0.637764692378566	0.868	0.605	2.79111141629582e-29	"7"	"PYCR2"
7.85241485766595e-34	0.834167094798687	0.483	0.226	2.87406236205431e-29	"7"	"SRGAP2"
7.98453734148292e-34	0.741607266957143	0.745	0.458	2.92242051235616e-29	"7"	"NOL9"
7.99810073176705e-34	0.590153682696292	0.274	0.215	2.92738484883406e-29	"3"	"METTL21A"
8.99166845042238e-34	0.658420189304984	0.836	0.535	3.2910405695391e-29	"7"	"RRP1B"
9.4381949968659e-34	1.15282629610924	0.263	0.095	3.45447375080289e-29	"7"	"BOLA2"
9.71588291151436e-34	0.622195498414971	0.914	0.664	3.55611030444337e-29	"7"	"BABAM1"
9.85042624646982e-34	0.801328159830101	0.573	0.292	3.60535451047042e-29	"7"	"DNAAF5"
1.20114722395135e-33	0.607737279110631	0.397	0.323	4.39631895438434e-29	"5"	"RRNAD1"
1.32840200629588e-33	1.72200825109238	0.87	0.483	4.86208418324354e-29	"8"	"C12orf75"
1.37229551328926e-33	0.720211411527642	0.717	0.416	5.02273880819001e-29	"7"	"SCAF4"
1.38422396846071e-33	0.965404337339343	0.375	0.159	5.06639814696303e-29	"7"	"PTPDC1"
1.49729283273161e-33	0.547277172178834	0.482	0.42	5.48024149708098e-29	"5"	"EBAG9"
1.51235020540016e-33	0.947659406157312	0.419	0.189	5.53535298678513e-29	"7"	"PDP1"
1.64315635560601e-33	0.588263239957884	0.617	0.613	6.01411657715356e-29	"5"	"IBTK"
1.64765476644694e-33	0.878708429148945	0.302	0.229	6.03058121067246e-29	"5"	"TGDS"
1.69796835392197e-33	0.624699446395287	0.431	0.389	6.21473397218981e-29	"4"	"SESN3"
1.82080185653257e-33	2.57452857373238	0.304	0.06	6.66431687509485e-29	"8"	"CSPG4"
1.84585913553865e-33	0.521121996377342	0.722	0.724	6.75602902198502e-29	"5"	"SLFN5"
1.87264617305957e-33	0.953401588981717	1	0.964	6.85407225801534e-29	"8"	"TIMP2"
1.872881066974e-33	2.18129365386582	0.79	0.394	6.85493199323152e-29	"8"	"SEMA3C"
1.91130616981714e-33	0.810209394940518	0.269	0.183	6.99557171214773e-29	"6"	"C11orf71"
2.00175665075375e-33	0.686664799095335	0.958	0.858	7.3266295174238e-29	"7"	"CNN2"
2.12578608008353e-33	0.763060038477592	0.711	0.42	7.78058963171373e-29	"7"	"KCTD3"
2.15917383538581e-33	0.592387233019737	0.908	0.667	7.90279215489559e-29	"7"	"USP48"
2.19712299976685e-33	0.836009448233289	0.768	0.496	8.04168989144665e-29	"7"	"PHLDA1"
2.24371997326032e-33	0.632600489855787	0.415	0.325	8.21223947413009e-29	"6"	"CCDC106"
2.26594274858768e-33	1.15217648721176	0.295	0.114	8.29357705410577e-29	"7"	"SLC19A1"
2.30448736177496e-33	0.999323753823083	0.275	0.101	8.43465419283252e-29	"7"	"TUBD1"
2.30752591913006e-33	0.761611917037731	0.649	0.359	8.44577561660792e-29	"7"	"STRN"
2.33790046482847e-33	0.980304574863758	0.449	0.216	8.5569494913187e-29	"7"	"NBPF26"
2.38136286648793e-33	0.570674479926019	0.926	0.721	8.71602622763247e-29	"7"	"FAM120A"
2.38496715676998e-33	0.558979007782362	0.269	0.207	8.7292182904938e-29	"3"	"MYLIP"
2.40447673422743e-33	0.856790047347938	0.431	0.194	8.80062529494581e-29	"7"	"TAF9B"
2.52599433997677e-33	0.730709650288699	0.675	0.38	9.24539188374898e-29	"7"	"UMPS"
2.6275709165758e-33	0.629586789534835	0.98	0.926	9.61717231175909e-29	"7"	"ZYX"
2.65710424887534e-33	0.835446115461997	0.421	0.184	9.72526726130862e-29	"7"	"AP5S1"
2.69969153884903e-33	0.563149539339006	0.405	0.308	9.88114100134134e-29	"6"	"COG2"
2.81359419746504e-33	0.60044184892554	0.254	0.196	1.02980361221418e-28	"3"	"SETD9"
2.91332707701862e-33	0.65834924484592	0.557	0.494	1.06630684345959e-28	"5"	"PHLDA1"
2.98013056292634e-33	0.816734408375027	0.487	0.232	1.09075758733667e-28	"7"	"SKI"
2.98548713034648e-33	0.623866730692619	0.263	0.206	1.09271814457812e-28	"3"	"DMPK"
3.09182829893976e-33	0.608380751044015	0.333	0.251	1.13164007569494e-28	"5"	"AL136454.1"
3.14591403241521e-33	0.680572172793951	0.844	0.565	1.15143599500429e-28	"7"	"PPP2R5E"
3.35718181945323e-33	0.69512344187619	0.77	0.469	1.22876211773808e-28	"7"	"SNAPC1"
3.5913349333525e-33	0.812054709353949	0.585	0.312	1.31446449895635e-28	"7"	"PIP4K2A"
3.72478738957606e-33	0.593942033037795	0.5	0.441	1.36330943245873e-28	"5"	"RRAGC"
3.98112611621447e-33	0.694237387470555	0.342	0.249	1.45713196979566e-28	"6"	"JARID2"
4.06480425251052e-33	0.939617041211447	0.413	0.185	1.48775900446137e-28	"7"	"ATPSCKMT"
4.20772225834076e-33	0.677998069135217	0.774	0.463	1.5400684237753e-28	"7"	"CMSS1"
4.23932981688609e-33	0.777976610638063	0.772	0.504	1.55163710627848e-28	"7"	"AP1M1"
4.44087131329895e-33	0.554035974100704	0.302	0.254	1.62540330938055e-28	"1"	"SLC25A20"
4.47111630745274e-33	0.504333307610514	0.604	0.56	1.63647327969078e-28	"5"	"PXK"
4.54075376722479e-33	0.693377622358597	0.516	0.455	1.66196128634194e-28	"2"	"RDH10"
4.73532435424494e-33	0.767617564791204	0.619	0.332	1.73317606689719e-28	"7"	"NOC4L"
5.52240402953595e-33	0.551326579868242	0.908	0.705	2.02125509885045e-28	"7"	"RRP36"
5.69364827273734e-33	0.58971741737433	0.884	0.615	2.08393220430459e-28	"7"	"CNRIP1"
6.18159051655371e-33	0.81792455416175	0.461	0.213	2.26252394496382e-28	"7"	"UTP15"
6.35077670835813e-33	1.56538837494122	0.884	0.495	2.32444778302616e-28	"8"	"NREP"
6.67796361578226e-33	0.619230741893751	0.868	0.621	2.44420146301247e-28	"7"	"CPSF6"
6.93301049525897e-33	0.566722221861241	0.906	0.657	2.53755117136974e-28	"7"	"CHCHD3"
6.96184528787755e-33	2.41420636926427	0.377	0.091	2.54810499381606e-28	"8"	"SPEG"
7.16034922097685e-33	0.691549796251317	0.848	0.605	2.62075941836974e-28	"7"	"AIDA"
7.65797378128643e-33	0.52712714401042	0.571	0.308	2.80289498368865e-28	"7"	"IER3"
7.67437697701723e-33	0.504183521129182	0.348	0.305	2.80889871735808e-28	"1"	"DIXDC1"
8.02650470015184e-33	1.61228300329021	0.826	0.414	2.93778098530258e-28	"8"	"FARP1"
8.15682786652253e-33	0.571260287279418	0.418	0.345	2.98548056742591e-28	"5"	"MOB2"
8.27001197670041e-33	1.22695849851625	0.271	0.101	3.02690708359212e-28	"7"	"CEP131"
8.32446721037965e-33	0.794672613051708	0.583	0.313	3.04683824367106e-28	"7"	"ETS1"
8.75019132123838e-33	0.710778309805489	0.396	0.33	3.20265752548646e-28	"5"	"TBX15"
8.94911451830772e-33	0.574271403426923	0.928	0.712	3.27546540484581e-28	"7"	"KIF2A"
9.32453659556174e-33	0.7945394959307	0.561	0.293	3.41287363934155e-28	"7"	"ARL13B"
9.40578754263227e-33	0.993692447661033	0.423	0.201	3.44261229847884e-28	"7"	"SAMD11"
1.00324588988303e-32	0.729161801233199	0.711	0.412	3.67198028156088e-28	"7"	"NCBP1"
1.04302162363909e-32	0.513075862661281	0.49	0.404	3.81756344468145e-28	"6"	"CAAP1"
1.05209196967404e-32	0.995996004361064	0.447	0.215	3.85076181820396e-28	"7"	"CCNYL1"
1.07470392661271e-32	0.505034576255806	0.605	0.577	3.93352384179518e-28	"5"	"SRP68"
1.12176568042426e-32	0.649111042345796	0.834	0.57	4.10577456692085e-28	"7"	"TXNDC9"
1.15733606895404e-32	0.625470526717376	0.882	0.657	4.23596574597869e-28	"7"	"FAM136A"
1.16335576779227e-32	0.75487520338543	0.611	0.327	4.25799844569648e-28	"7"	"AKT3"
1.22238354302725e-32	0.764670341110856	0.942	0.802	4.47404600583404e-28	"7"	"ARPC4"
1.23534546560012e-32	0.826863600649605	0.595	0.319	4.52148793864302e-28	"7"	"ENTPD6"
1.25639613095833e-32	0.6689626536172	0.348	0.273	4.59853547892057e-28	"5"	"SPSB1"
1.30913431933051e-32	0.542506337667826	0.902	0.703	4.79156252218161e-28	"7"	"AARS"
1.44229728324827e-32	0.720539891218474	0.75	0.455	5.27895228641698e-28	"7"	"MCMBP"
1.53904124981416e-32	0.679971490369094	0.339	0.247	5.6330448784448e-28	"6"	"GTDC1"
1.60467843979022e-32	0.75612259857294	0.631	0.342	5.87328355747619e-28	"7"	"CDK11B"
1.69864330234196e-32	0.936850002817219	0.525	0.27	6.21720435090179e-28	"7"	"NACC1"
1.70718201009206e-32	0.884137419525226	0.469	0.226	6.24845687513794e-28	"7"	"ATOH8"
1.76488250846388e-32	0.786875958854492	0.29	0.218	6.45964646922864e-28	"5"	"SNHG11"
1.84483228688686e-32	0.627222973858116	0.884	0.635	6.75227065323459e-28	"7"	"DYNC1I2"
1.95963742120138e-32	0.762686715021156	1	1	7.17246892533919e-28	"8"	"SPARC"
2.26885369327004e-32	0.571426663996856	0.433	0.362	8.30423140273767e-28	"5"	"CLCC1"
2.34545648122303e-32	0.920071864231382	0.671	0.42	8.58460526692441e-28	"7"	"MKKS"
2.37028366252335e-32	2.03643862636658	0.696	0.299	8.67547523320172e-28	"8"	"CYTOR"
2.43449588060735e-32	0.914258256964056	0.433	0.2	8.91049837261097e-28	"7"	"L3MBTL2"
2.46677925422334e-32	0.824340614755222	0.467	0.219	9.02865874838285e-28	"7"	"ZFYVE19"
2.58016851488521e-32	0.521951892310254	0.488	0.398	9.44367478133136e-28	"6"	"ARHGEF7"
2.76364939154611e-32	0.610249643835127	0.824	0.537	1.01152331379979e-27	"7"	"PHIP"
2.83570149351613e-32	1.02842685464946	0.325	0.132	1.03789510364184e-27	"7"	"ST3GAL2"
2.90774761116979e-32	0.767446484578632	0.721	0.451	1.06426470316425e-27	"7"	"NOL11"
2.95388655691587e-32	0.600271022767783	0.357	0.262	1.08115201869678e-27	"6"	"PCCA"
2.96619766988274e-32	0.823351202993937	0.256	0.183	1.08565800915378e-27	"5"	"ZW10"
3.04377063082545e-32	0.901731497610531	0.387	0.169	1.11405048858842e-27	"7"	"REXO1"
3.08075183660771e-32	0.59894604305507	0.914	0.689	1.12758597971679e-27	"7"	"SF3A1"
3.14807197593077e-32	1.80806669955342	0.978	0.916	1.15222582391042e-27	"8"	"CAVIN1"
3.32547713696391e-32	0.76387979264624	0.595	0.317	1.21715788690016e-27	"7"	"TRAK2"
3.4152155464735e-32	0.781783833900602	0.659	0.382	1.25000304216476e-27	"7"	"POLDIP3"
3.43851054235733e-32	1.09915750782321	0.289	0.112	1.25852924360821e-27	"7"	"ATP6V0E2"
3.90229217537338e-32	0.618774804449316	0.334	0.284	1.42827795910841e-27	"4"	"ADAMTS6"
4.09661905111455e-32	0.73493538769157	0.715	0.42	1.49940353889844e-27	"7"	"CPSF2"
4.11336375244964e-32	0.610067117851714	0.745	0.438	1.50553226703409e-27	"7"	"AGTRAP"
4.11999959091522e-32	0.680953710580637	0.707	0.445	1.50796105027088e-27	"7"	"IFI27"
4.3156976379523e-32	0.611913494417409	0.496	0.452	1.57958849246692e-27	"5"	"CCDC130"
4.39150723562615e-32	0.701949079568354	0.601	0.314	1.60733556331153e-27	"7"	"AGPAT5"
4.40354391451189e-32	0.576446810076386	0.926	0.717	1.6117411081505e-27	"7"	"TADA3"
4.44950369745851e-32	1.11934877666521	0.299	0.119	1.62856284830679e-27	"7"	"SEC22A"
5.01870201778441e-32	0.826674665578078	0.459	0.218	1.83689512552927e-27	"7"	"VRK2"
5.03279680760626e-32	0.705417834683981	0.362	0.273	1.84205395955197e-27	"6"	"SLC7A6OS"
5.47398285353379e-32	0.966989177011976	0.993	0.949	2.0035324642219e-27	"8"	"RRAS"
5.57860121767999e-32	0.52897451320199	0.498	0.409	2.04182383168305e-27	"6"	"UBR3"
5.67542568325333e-32	0.662185595406375	0.655	0.358	2.07726255432755e-27	"7"	"CDR2"
5.83851746852869e-32	0.674454579464639	0.788	0.503	2.13695577865618e-27	"7"	"IFT22"
5.92858391679843e-32	0.825514644295687	0.559	0.295	2.16992099938739e-27	"7"	"CASP8AP2"
6.16058662615108e-32	0.573182933245078	0.926	0.692	2.25483631103756e-27	"7"	"ERGIC2"
6.52109958231714e-32	0.721750164942685	0.727	0.43	2.3867876581239e-27	"7"	"IRAK1"
6.54344940388741e-32	1.00938107281532	0.297	0.116	2.39496791631683e-27	"7"	"C2CD3"
6.61661313627074e-32	1.11249824630945	0.303	0.122	2.42174657400645e-27	"7"	"MBNL1-AS1"
6.89562724806594e-32	0.906986248905963	0.329	0.135	2.52386852906462e-27	"7"	"CPNE7"
7.12703562887857e-32	0.753093686668733	0.309	0.238	2.60856631052585e-27	"5"	"DYRK3"
7.36861460974936e-32	1.11743639095587	0.317	0.13	2.69698663331436e-27	"7"	"FUOM"
7.93957700049053e-32	0.74995798122259	0.605	0.324	2.90596457794954e-27	"7"	"CDC23"
8.2761941630053e-32	1.14902246407233	0.287	0.113	3.02916982560157e-27	"7"	"NUP50-DT"
8.94573348515702e-32	0.925129559716752	0.413	0.188	3.27422791290232e-27	"7"	"DNAL1"
8.96368637455905e-32	0.722135737965209	0.531	0.26	3.28079884995236e-27	"7"	"GON7"
9.00356483997661e-32	0.683836443111016	0.525	0.257	3.29539476707984e-27	"7"	"ITPRIP"
1.04548330949457e-31	0.86798990434886	0.453	0.214	3.82657346108107e-27	"7"	"MAST2"
1.04836967641691e-31	0.804431686142738	0.603	0.331	3.83713785265354e-27	"7"	"MFSD14B"
1.06281616752983e-31	1.12919892000489	0.323	0.135	3.89001345477594e-27	"7"	"CCDC142"
1.07658083597229e-31	0.667562422184618	0.709	0.409	3.94039351774217e-27	"7"	"STAG1"
1.11286116233887e-31	0.601773792408757	0.406	0.334	4.07318314027651e-27	"5"	"ATG13"
1.1365738881581e-31	0.88182218213731	0.483	0.234	4.15997408804746e-27	"7"	"MPP5"
1.14250114280652e-31	0.556951591994626	0.436	0.348	4.18166843278614e-27	"6"	"SUPV3L1"
1.15379440150597e-31	0.641023915277194	0.868	0.643	4.22300288895199e-27	"7"	"DAB2"
1.15995593006682e-31	0.812913466576572	0.361	0.153	4.24555469963757e-27	"7"	"NFASC"
1.2616642366644e-31	0.572023000266626	0.309	0.254	4.61781727261538e-27	"3"	"NAA25"
1.30468961679624e-31	1.60658854081001	0.877	0.522	4.77529446643591e-27	"8"	"NID2"
1.33495084636414e-31	0.826429060108155	0.415	0.191	4.8860535927774e-27	"7"	"CARMIL1"
1.34233200949442e-31	0.691391809725347	0.762	0.472	4.91306938795052e-27	"7"	"CTNND1"
1.3825929976842e-31	0.677605241898449	0.723	0.421	5.06042863082394e-27	"7"	"RAF1"
1.39766615513774e-31	1.04391642764918	0.451	0.223	5.11559789441966e-27	"7"	"TMEM200A"
1.43866220155289e-31	0.548507551782671	0.283	0.226	5.26564752390374e-27	"3"	"BCDIN3D"
1.48442296271233e-31	0.764214568676049	0.549	0.28	5.43313648582342e-27	"7"	"MAD1L1"
1.5575557723506e-31	0.897837232282988	0.495	0.248	5.70080988238043e-27	"7"	"PRKCA"
1.61954375484154e-31	1.00743053134923	0.275	0.104	5.92769209709552e-27	"7"	"KIAA0556"
1.66533568700074e-31	0.518592381906285	0.478	0.414	6.0952951479914e-27	"5"	"RNF135"
2.0375385077119e-31	0.617628815517094	0.862	0.601	7.45759469207632e-27	"7"	"POP4"
2.19547697789396e-31	0.745806137969655	0.471	0.229	8.03566528678968e-27	"7"	"MLLT11"
2.20128564285483e-31	0.643586692568761	0.331	0.256	8.05692558141297e-27	"5"	"AC091729.3"
2.20602856086869e-31	0.759581613844833	0.535	0.268	8.07428513563548e-27	"7"	"VPS37B"
2.21864830829891e-31	0.585199987960483	0.341	0.262	8.12047467320486e-27	"5"	"AKNA"
2.23604323071059e-31	0.76771170208494	0.288	0.203	8.18414182872385e-27	"6"	"TMCC1-AS1"
2.31981057719309e-31	1.74299416075108	0.703	0.291	8.49073869358444e-27	"8"	"SUSD2"
2.35099306809903e-31	0.549646447397569	1	0.998	8.60486972854927e-27	"8"	"GNAS"
2.45956924983329e-31	0.552570380542851	0.458	0.372	9.00226941131482e-27	"6"	"BCAR3"
2.71732656035418e-31	0.876718243081328	1	0.932	9.94568694355235e-27	"8"	"COL5A2"
2.77379343865198e-31	0.57918464962633	0.503	0.242	1.01523613648101e-26	"7"	"UBASH3B"
2.99967390451619e-31	1.53277604263783	0.877	0.549	1.09791064579197e-26	"8"	"MSRB3"
3.08427237065328e-31	0.632699559421778	0.838	0.551	1.12887453038281e-26	"7"	"MRPL58"
3.11289608732138e-31	0.583538738238015	0.302	0.259	1.1393510969205e-26	"1"	"GSEC"
3.61238703639365e-31	1.04865534850607	0.986	0.759	1.32216977919044e-26	"8"	"COL12A1"
3.63888577141744e-31	0.856920113957176	0.405	0.182	1.3318685811965e-26	"7"	"MTFP1"
3.66416385607286e-31	0.534497633627611	0.485	0.399	1.34112061296123e-26	"6"	"CASK"
3.73801430216441e-31	0.66833308890185	0.313	0.224	1.3681506147352e-26	"6"	"STAT5B"
4.06653337395184e-31	1.03429201455296	0.986	0.83	1.48839188020011e-26	"8"	"GNG12"
4.20283399069573e-31	0.683962067995868	0.735	0.447	1.53827926893454e-26	"7"	"EP400"
4.22521748044791e-31	0.669765838615762	0.29	0.216	1.54647185001874e-26	"5"	"ZBTB21"
4.29796398074248e-31	0.556292753509943	0.88	0.682	1.57309779659156e-26	"7"	"PWP1"
4.32120151109058e-31	0.729416159501415	0.661	0.369	1.58160296507426e-26	"7"	"BORCS8"
4.52469877193088e-31	0.845309107095028	0.519	0.264	1.65608499751442e-26	"7"	"GEMIN4"
4.93929202223624e-31	0.512862547456193	0.96	0.798	1.80783027305869e-26	"7"	"RBM25"
5.00670997590487e-31	0.579323370775557	1	1	1.83250591828094e-26	"8"	"GAPDH"
5.20287271382536e-31	0.785661649478416	0.286	0.216	1.90430344198722e-26	"5"	"GZF1"
5.26379552756379e-31	0.749516420921219	0.655	0.37	1.92660180104362e-26	"7"	"SCRN1"
5.27425129277844e-31	0.739210286295866	0.641	0.363	1.93042871566984e-26	"7"	"SRFBP1"
5.46988502557292e-31	0.686634285705268	0.647	0.353	2.00203261820994e-26	"7"	"RPIA"
5.53078278888611e-31	0.785418493937629	0.473	0.226	2.0243218085602e-26	"7"	"ZCCHC8"
5.54334345647184e-31	0.744405719638874	0.737	0.442	2.02891913850326e-26	"7"	"LRRC42"
5.62249209422399e-31	0.63412778115078	0.786	0.493	2.05788833140692e-26	"7"	"BTBD6"
5.79583268861429e-31	0.676512129791196	0.685	0.398	2.12133272235971e-26	"7"	"GBA"
5.90002855763183e-31	0.627014586355053	0.417	0.33	2.15946945237883e-26	"6"	"BTD"
6.00238723948055e-31	0.703818178707957	0.615	0.321	2.19693375352227e-26	"7"	"RNF34"
6.29977498513935e-31	0.922854242284233	0.393	0.177	2.30578064231085e-26	"7"	"TTI1"
6.36593339775953e-31	0.530718181240946	0.918	0.737	2.32999528291397e-26	"7"	"EIF2AK4"
6.70669776147542e-31	0.865051022759082	0.363	0.155	2.45471844767762e-26	"7"	"COQ7"
7.13273890831861e-31	0.550579553052852	0.954	0.777	2.61065376783369e-26	"7"	"YIPF5"
7.310127701299e-31	0.809306125099588	0.405	0.185	2.67557983995245e-26	"7"	"SMAD9"
8.12505021962042e-31	0.773587404504821	0.485	0.234	2.97384963088327e-26	"7"	"TRMT61A"
8.8672449279563e-31	0.730448190037781	0.649	0.361	3.24550031608129e-26	"7"	"RCC1L"
9.05806534186945e-31	0.704072103341302	0.735	0.436	3.31534249577764e-26	"7"	"XG"
9.15704241913229e-31	1.316731618498	0.964	0.664	3.35156909582661e-26	"8"	"THBS1"
9.63713105369405e-31	0.839712975461042	0.467	0.227	3.52728633696256e-26	"7"	"KAT7"
9.64854372815575e-31	0.55996177777907	0.403	0.31	3.53146348994228e-26	"6"	"SLC16A7"
9.82796587467182e-31	0.50212508754493	0.25	0.199	3.59713378978863e-26	"1"	"AC007952.4"
9.92924822599586e-31	0.873716443207242	0.417	0.196	3.63420414319674e-26	"7"	"VEPH1"
9.94080004985536e-31	1.01127579960999	1	0.98	3.63843222624756e-26	"8"	"CAV1"
1.01581804424892e-30	0.632959857513692	0.864	0.622	3.71799562375549e-26	"7"	"HARS"
1.01824024661492e-30	0.704801580623394	0.707	0.418	3.72686112663527e-26	"7"	"SUGP2"
1.02810076605258e-30	0.893175864434318	0.379	0.166	3.76295161382904e-26	"7"	"MEPCE"
1.09309203437486e-30	0.809003473997986	0.419	0.19	4.00082615501542e-26	"7"	"RNF138"
1.09890007151771e-30	0.628246819603989	0.81	0.527	4.02208415176196e-26	"7"	"DFFA"
1.1214465950653e-30	3.78616625367987	0.261	0.049	4.10460668259852e-26	"8"	"HLA-DRA"
1.14676764874124e-30	0.610042028873587	0.944	0.762	4.19728427115783e-26	"7"	"TPD52L2"
1.20328941848367e-30	0.955107000437886	0.993	0.952	4.40415960059208e-26	"8"	"RHOC"
1.22783836847361e-30	0.531973497942404	0.38	0.299	4.49401121245027e-26	"5"	"HIST2H2AC"
1.24989749000341e-30	0.566754403492335	0.878	0.631	4.57474980316149e-26	"7"	"FGD5-AS1"
1.26628036590439e-30	0.630689520818126	0.878	0.637	4.63471276724664e-26	"7"	"MOCS2"
1.26935261281241e-30	0.982447112229075	0.287	0.112	4.64595749815469e-26	"7"	"SP2"
1.28098441799914e-30	0.884619880318827	0.327	0.136	4.68853106831867e-26	"7"	"RFLNB"
1.34243816546641e-30	1.57882050924921	0.819	0.448	4.91345792942361e-26	"8"	"EPAS1"
1.45531539606085e-30	0.709415770974329	0.583	0.303	5.3265998811223e-26	"7"	"PSME4"
1.71243875520844e-30	0.74429673594184	0.541	0.274	6.26769708793841e-26	"7"	"HUS1"
1.79305702468937e-30	0.557313001615651	0.407	0.32	6.56276801606556e-26	"6"	"AGPAT3"
1.86219103896967e-30	0.527161318975709	0.603	0.581	6.8158054217329e-26	"5"	"ANKHD1"
1.88009080975903e-30	2.32600599369391	0.377	0.095	6.88132037279904e-26	"8"	"RAB3B"
1.90694354414421e-30	0.538646025399562	0.94	0.75	6.97960406592222e-26	"7"	"PNRC2"
1.92412908875299e-30	0.713369274052567	0.701	0.414	7.04250487774481e-26	"7"	"NPLOC4"
1.98919520233102e-30	0.727846384996414	0.655	0.376	7.28065336005176e-26	"7"	"PACS1"
2.08410372066981e-30	0.625415596926898	0.86	0.645	7.62802802802359e-26	"7"	"FLII"
2.36788941750637e-30	0.744890745635932	0.679	0.398	8.66671205701508e-26	"7"	"CHTF8"
2.46351593203326e-30	0.549140099446342	0.916	0.734	9.01671466283493e-26	"7"	"TIAL1"
2.49761088555423e-30	0.792570087274793	0.655	0.375	9.14150560221702e-26	"7"	"CHMP1A"
2.52319013658715e-30	0.649442709545434	0.806	0.537	9.23512821892262e-26	"7"	"SLC25A24"
2.57206413194776e-30	0.61886079460054	0.81	0.515	9.41401192934198e-26	"7"	"PRPSAP1"
2.74206114253688e-30	0.679279313709233	0.286	0.248	1.00362179877992e-25	"1"	"ALDH4A1"
2.75905913443254e-30	0.73824356542826	0.595	0.322	1.00984323379366e-25	"7"	"TNPO3"
2.76404652135205e-30	1.05755644760866	0.251	0.093	1.01166866728006e-25	"7"	"FANCE"
2.78242686112404e-30	0.790355986896648	1	0.979	1.01839605544001e-25	"8"	"PTMS"
2.80554161636151e-30	0.572715270070154	0.924	0.721	1.02685628700448e-25	"7"	"SH3GL1"
2.94101026240923e-30	0.630348449717094	0.85	0.585	1.0764391661444e-25	"7"	"RNF5"
2.9430337909827e-30	0.718874045175414	0.537	0.275	1.07717979783758e-25	"7"	"ST5"
2.97328357180885e-30	0.741906802247831	0.535	0.272	1.08825152011776e-25	"7"	"SMIM13"
3.09636027816143e-30	0.609719466939532	0.76	0.453	1.13329882540987e-25	"7"	"NFYB"
3.1135840323292e-30	1.08388822380139	0.267	0.103	1.13960289167281e-25	"7"	"DHX34"
3.12689274917948e-30	0.697930686961612	0.79	0.513	1.14447401512718e-25	"7"	"POLR2C"
3.13570306206724e-30	0.649358473428615	0.267	0.192	1.14769867774723e-25	"5"	"HIST1H1D"
3.2161551567467e-30	0.721501254308448	0.297	0.225	1.17714494892086e-25	"5"	"EFCAB2"
3.24659478407732e-30	0.681767579762201	0.705	0.408	1.18828615692014e-25	"7"	"MCM3AP"
3.51984676357455e-30	0.55379459691937	0.93	0.71	1.28829911393592e-25	"7"	"AKT1"
3.55523235857236e-30	0.696196751337335	0.735	0.465	1.30125059556107e-25	"7"	"FAM192A"
3.80357752444844e-30	0.759899561296821	0.373	0.166	1.39214740972337e-25	"7"	"HSPA2"
3.81930034430088e-30	0.587121888022589	0.838	0.542	1.39790211901757e-25	"7"	"POLR3K"
4.2183026640785e-30	0.732933399841635	0.617	0.347	1.54394095807937e-25	"7"	"C12orf65"
4.59903975003065e-30	0.656755700397935	0.549	0.275	1.68329453890872e-25	"7"	"CDK5RAP1"
4.94112671806105e-30	1.1974737820634	0.367	0.172	1.80850179007752e-25	"7"	"TRPV2"
5.32726391692447e-30	0.539642947850103	0.467	0.387	1.94983186623352e-25	"6"	"FAHD1"
5.93958451298185e-30	0.792545568499529	0.485	0.24	2.17394732759649e-25	"7"	"TAF1B"
5.96627267423697e-30	0.714313247151599	0.597	0.33	2.18371546149747e-25	"7"	"SRGAP1"
6.22462794010519e-30	0.653853269524264	0.685	0.393	2.2782760723579e-25	"7"	"COQ6"
6.56262804854199e-30	0.883111543523245	0.429	0.203	2.40198749204685e-25	"7"	"TFB1M"
6.66425479573516e-30	0.539977401274663	0.338	0.287	2.43918389778703e-25	"4"	"SOBP"
6.80998272421411e-30	0.836674191852179	1	0.991	2.49252177688961e-25	"8"	"SERPINH1"
6.87793116196344e-30	0.557297957040591	0.902	0.669	2.51739158459024e-25	"7"	"YARS"
7.11492188190583e-30	0.548090482984591	0.896	0.648	2.60413255799635e-25	"7"	"FAM3C"
7.36754402289058e-30	0.969577781208342	0.393	0.18	2.69659478781818e-25	"7"	"CAPRIN2"
7.62554229127393e-30	0.591596450977399	0.41	0.344	2.79102473402917e-25	"5"	"PIP4P1"
7.6512821000274e-30	0.562680833631376	0.91	0.709	2.80044576143103e-25	"7"	"LUC7L2"
7.92142215184574e-30	0.835838277199038	0.389	0.175	2.89931972179706e-25	"7"	"LRRC40"
8.00677552531507e-30	0.742221210266834	0.639	0.363	2.93055991002057e-25	"7"	"SEH1L"
8.05199100194354e-30	0.915774800133932	0.713	0.481	2.94710922662135e-25	"7"	"MSH6"
8.12590746010772e-30	0.725474617221092	0.599	0.328	2.97416338947403e-25	"7"	"ANAPC7"
8.52103366906888e-30	0.759640006224702	0.685	0.415	3.1187835332159e-25	"7"	"MYBBP1A"
8.92073929408196e-30	0.551137130810069	0.94	0.783	3.26507978902694e-25	"7"	"PSMD13"
9.14208633488293e-30	0.502788269744272	0.371	0.272	3.3460950194305e-25	"6"	"HSD17B7"
9.40392042193053e-30	1.80455660575455	0.783	0.417	3.44192891363079e-25	"8"	"PLS3"
9.41608993548819e-30	0.802701332833277	0.461	0.221	3.44638307728803e-25	"7"	"SARS2"
9.43014859253882e-30	0.688920889745148	0.76	0.496	3.45152868635514e-25	"7"	"PIGX"
9.49692355721663e-30	1.61404703221829	0.688	0.287	3.47596899117686e-25	"8"	"PEG10"
9.58072850192267e-30	1.17183908339433	0.993	0.891	3.50664243898872e-25	"8"	"MAP1B"
9.58283267302551e-30	0.810301070060947	0.453	0.216	3.50741258665407e-25	"7"	"TBL1X"
9.60140530629372e-30	0.763669031810399	0.617	0.349	3.51421035615657e-25	"7"	"PITRM1"
9.85267033168318e-30	0.717530467776699	0.597	0.327	3.60617586809936e-25	"7"	"JAM3"
1.0047599116161e-29	0.832266796208484	0.284	0.203	3.6775217525061e-25	"6"	"LRBA"
1.0211923546074e-29	1.4945793004883	0.906	0.572	3.73766613709853e-25	"8"	"MYO1B"
1.02293312726293e-29	0.766668014253984	0.601	0.333	3.74403753909505e-25	"7"	"ECD"
1.02376995914932e-29	0.587845695216735	0.892	0.655	3.74710042748243e-25	"7"	"LAPTM4B"
1.07415573318438e-29	1.93681375506141	0.783	0.457	3.93151739902816e-25	"8"	"ADA"
1.08464183151489e-29	2.16337526542109	0.514	0.179	3.96989756752764e-25	"8"	"AC090197.1"
1.1539260527455e-29	0.65684984047056	0.709	0.426	4.22348474565379e-25	"7"	"TACO1"
1.15945097111448e-29	0.661491842707923	0.324	0.238	4.24370649937609e-25	"6"	"SMIM8"
1.25826317465351e-29	0.978723906833582	0.353	0.156	4.60536904554932e-25	"7"	"CXorf38"
1.27361666026195e-29	0.691221388265246	0.255	0.204	4.66156433822476e-25	"4"	"EYA2"
1.30036201520207e-29	0.674544343746109	0.305	0.123	4.75945501184111e-25	"7"	"SLC29A1"
1.34452351903879e-29	0.769410546634913	0.609	0.34	4.92109053203389e-25	"7"	"CPPED1"
1.35798590645958e-29	0.591649067590951	0.824	0.557	4.9703642162327e-25	"7"	"TSTA3"
1.37983799455065e-29	1.66783725036578	0.587	0.207	5.05034504385482e-25	"8"	"MIR4435-2HG"
1.38162276709811e-29	0.567440140759258	0.948	0.762	5.05687748985578e-25	"7"	"BAG3"
1.39243280438948e-29	0.626008289692329	0.361	0.311	5.09644330734593e-25	"3"	"SIX1"
1.50028986561753e-29	0.874374608595875	0.419	0.197	5.49121093714672e-25	"7"	"BCAS4"
1.55877745874895e-29	0.729393239934878	0.499	0.246	5.70528137676702e-25	"7"	"METTL1"
1.565948044039e-29	0.670052143564083	0.351	0.283	5.73152643598715e-25	"5"	"CNOT3"
1.5742117843657e-29	0.71371002728163	0.629	0.351	5.7617725519569e-25	"7"	"PDS5B"
1.61884257293929e-29	0.570433536195077	0.914	0.724	5.92512570121511e-25	"7"	"MRPL22"
1.63625323023816e-29	0.637692658417375	0.79	0.517	5.98885044799471e-25	"7"	"WSB2"
1.73630994015046e-29	1.23383767399259	0.299	0.125	6.35506801194468e-25	"7"	"ADGRL4"
1.75589800216601e-29	0.51643051000446	0.392	0.349	6.42676227772781e-25	"4"	"MEIS3"
1.79561863519263e-29	0.548176455220482	0.834	0.54	6.57214376666856e-25	"7"	"SGCE"
1.81642317253214e-29	0.831265301053886	1	0.973	6.64829045378488e-25	"8"	"JAK1"
1.8538590817252e-29	0.59413623713058	0.854	0.599	6.78530962502239e-25	"7"	"SAFB"
1.86798115256843e-29	0.671359661282045	0.719	0.439	6.83699781651571e-25	"7"	"LACTB2"
1.910519103873e-29	2.05977676339613	0.652	0.279	6.99269097208558e-25	"8"	"UACA"
1.91602837392738e-29	0.713285992605266	0.651	0.382	7.01285545141161e-25	"7"	"ASB1"
1.97587082473784e-29	0.643313706927092	0.526	0.498	7.23188480562297e-25	"5"	"RP9"
2.12481010957444e-29	0.68639719175562	0.701	0.418	7.77701748205341e-25	"7"	"TPP2"
2.16244146858922e-29	0.984081024027466	0.373	0.17	7.91475201918339e-25	"7"	"MEAK7"
2.16281460670416e-29	0.612603694746822	0.836	0.551	7.9161177419979e-25	"7"	"PANK2"
2.22566402517732e-29	0.628891823595944	0.842	0.585	8.14615289855152e-25	"7"	"USP10"
2.62275520155404e-29	0.953741880998358	1	0.974	9.59954631320794e-25	"8"	"CLIC1"
2.63820195658762e-29	0.617087566071589	0.758	0.47	9.65608298130634e-25	"7"	"DNAJB12"
2.68788185043616e-29	0.526977697324526	0.335	0.28	9.83791636078137e-25	"4"	"SLC7A8"
2.78998161673058e-29	2.46315708609077	0.29	0.061	1.02116117153956e-24	"8"	"CCBE1"
2.92515687214907e-29	0.756451135762017	0.443	0.21	1.07063666677528e-24	"7"	"SEPTIN8"
2.92733627245365e-29	0.828605703559347	0.467	0.233	1.07143434908076e-24	"7"	"PSPH"
3.13662512921071e-29	0.604066714566096	0.393	0.31	1.14803616354241e-24	"6"	"EPS15L1"
3.14199107372902e-29	0.790851244789166	0.593	0.329	1.15000015289556e-24	"7"	"EXOSC6"
3.20578933727326e-29	0.598303553208507	0.872	0.644	1.17335095533538e-24	"7"	"TRAP1"
3.46919104156178e-29	2.15200859738882	0.478	0.151	1.26975861312203e-24	"8"	"GBP2"
3.78188382615872e-29	0.669848142512792	0.776	0.516	1.38420729921235e-24	"7"	"SFXN1"
3.83284105430524e-29	1.99269231955753	0.399	0.106	1.40285815428626e-24	"8"	"P3H2"
3.93082483517182e-29	0.90133444558812	0.433	0.213	1.43872119792124e-24	"7"	"ZFPM2"
3.96623471535091e-29	1.94627564343361	0.667	0.301	1.45168156816559e-24	"8"	"AXL"
3.99442563514487e-29	0.591816870971191	0.872	0.648	1.46199972671937e-24	"7"	"TUBGCP2"
4.04927008130819e-29	0.743741093805162	0.511	0.255	1.48207334245961e-24	"7"	"TRRAP"
4.18899536957879e-29	0.60791087188077	0.655	0.382	1.53321419521953e-24	"7"	"KCNE4"
4.21347093828529e-29	0.769503373234	0.357	0.157	1.5421724981218e-24	"7"	"C9orf116"
4.36250542568484e-29	0.838169244065062	0.401	0.19	1.59672061085491e-24	"7"	"C1orf198"
4.66332497409951e-29	0.7261312612227	0.445	0.218	1.70682357377016e-24	"7"	"ARL4C"
4.82291488389137e-29	0.757634161131983	0.283	0.229	1.76523507665308e-24	"4"	"SLC40A1"
4.82550075597982e-29	0.609730746519459	0.858	0.599	1.76618153169617e-24	"7"	"B4GALT2"
5.13074554938563e-29	0.558452126454987	0.924	0.693	1.87790417853063e-24	"7"	"DAP"
5.257738862219e-29	0.89146204321228	0.285	0.113	1.92438500096078e-24	"7"	"TTC31"
5.51693596281706e-29	0.622955053292476	0.778	0.494	2.01925373175067e-24	"7"	"DYNC1LI1"
5.51748444884621e-29	1.11241459883367	0.289	0.119	2.0194544831222e-24	"7"	"NT5DC3"
5.74899760118905e-29	0.663100353018166	0.287	0.24	2.1041906120112e-24	"4"	"MAP3K12"
6.2004100628575e-29	0.822857929433974	0.279	0.11	2.26941208710647e-24	"7"	"KHDRBS3"
6.30497941980734e-29	0.557844820621079	0.972	0.9	2.30768551744369e-24	"7"	"CLTC"
6.48403522415544e-29	0.549780392229221	0.552	0.52	2.37322173239313e-24	"5"	"ZFAND3"
6.93993072211589e-29	0.629422070526664	0.717	0.425	2.54008404360164e-24	"7"	"DUSP12"
7.07746254128712e-29	2.18957669679526	0.638	0.269	2.5904220647365e-24	"8"	"SNED1"
7.26587741059684e-29	0.529657995865076	0.589	0.565	2.65938379105255e-24	"5"	"MGAT2"
7.26978818285319e-29	1.02262233869946	0.665	0.455	2.6608151728061e-24	"7"	"MATR3.1"
7.27019817039644e-29	0.893865263098529	0.613	0.371	2.6609652323468e-24	"7"	"TMEM158"
7.78319078997381e-29	0.603689620134914	0.366	0.28	2.84872566103831e-24	"6"	"C12orf73"
8.1478370249635e-29	0.561611784964002	0.916	0.701	2.98218982950689e-24	"7"	"EIF4E"
8.37578834603675e-29	0.636951310482999	0.922	0.724	3.06562229253291e-24	"7"	"KDELR3"
8.42462113381499e-29	0.717566123392883	0.615	0.338	3.08349558118763e-24	"7"	"NSUN5"
8.66550764925233e-29	0.561813203860036	0.545	0.289	3.17166245470284e-24	"7"	"SUSD2"
9.07958961343291e-29	0.517162213609625	0.916	0.693	3.32322059441258e-24	"7"	"MRPL47"
9.62282762850899e-29	0.829015653123035	0.369	0.165	3.52205114031057e-24	"7"	"RABEP2"
1.00291846158341e-28	0.559111722395046	0.745	0.453	3.67078186124144e-24	"7"	"CCND3"
1.06319488225747e-28	0.750377112305961	0.483	0.241	3.89139958855056e-24	"7"	"MTG2"
1.07773007429202e-28	0.882018588317206	0.415	0.198	3.94459984491623e-24	"7"	"RRP12"
1.09538629974516e-28	0.631381189925431	0.758	0.473	4.00922339569727e-24	"7"	"SPECC1L"
1.16547487735586e-28	0.758395050218966	0.485	0.239	4.26575459861019e-24	"7"	"ZC3HC1"
1.23295458075679e-28	0.690356410395923	0.621	0.345	4.51273706102792e-24	"7"	"CNPY4"
1.27215080256937e-28	0.581071116342402	0.379	0.296	4.65619915248414e-24	"6"	"PRPSAP2"
1.29824437740219e-28	0.524852866026653	0.444	0.394	4.75170424572977e-24	"3"	"HSPB2"
1.46709009827576e-28	0.832800766904826	0.743	0.508	5.36969646869911e-24	"7"	"HERC4"
1.53718446910829e-28	0.841691352869528	0.369	0.168	5.62624887538324e-24	"7"	"BDNF"
1.61597068372767e-28	0.604315166637821	0.766	0.486	5.91461429951164e-24	"7"	"CCNQ"
1.66903580077121e-28	0.812607042606355	0.475	0.237	6.10883793440271e-24	"7"	"HOXD-AS2"
1.71831461364133e-28	0.592990349595117	0.852	0.612	6.28920331738861e-24	"7"	"ARL16"
1.75023422142885e-28	0.824109860448818	0.367	0.163	6.40603227385173e-24	"7"	"SCMH1"
1.80970620056113e-28	0.626119583047098	0.455	0.404	6.62370566467378e-24	"5"	"CAAP1"
1.83195436402123e-28	0.609143779408504	0.808	0.528	6.70513616775411e-24	"7"	"PPIP5K2"
1.86681292641976e-28	0.58902986615901	0.872	0.636	6.83272199198898e-24	"7"	"HSPH1"
1.92429530696545e-28	0.641942045447404	0.707	0.408	7.04311325302426e-24	"7"	"PRKD3"
1.95125770039908e-28	0.925171903642585	0.323	0.139	7.14179830923068e-24	"7"	"SENP1"
1.99944203379613e-28	0.773825652580932	0.441	0.213	7.31815778789721e-24	"7"	"AP4M1"
2.1562366092104e-28	0.623917201704854	0.816	0.549	7.89204161337098e-24	"7"	"TARDBP"
2.2847454305836e-28	0.643688903676269	0.337	0.254	8.36239675047902e-24	"6"	"RCCD1"
2.48043027107848e-28	0.851491423509702	0.447	0.218	9.07862283517435e-24	"7"	"CTDSPL2"
2.51815307948614e-28	1.07009740808133	0.597	0.389	9.21669208622723e-24	"7"	"C11orf98"
2.62705965356474e-28	0.800269258669577	0.443	0.219	9.61530103801229e-24	"7"	"MIR31HG"
2.63107145362905e-28	0.738949712556357	0.521	0.267	9.62998462742769e-24	"7"	"ELP4"
2.63363114388216e-28	0.727605377267596	0.268	0.2	9.63935334972311e-24	"5"	"ERN1"
2.64936302435886e-28	0.611849221694344	0.707	0.425	9.69693360545585e-24	"7"	"HDAC7"
2.66995541874974e-28	0.610415210021458	0.774	0.469	9.77230382816594e-24	"7"	"GFER"
2.69496057532557e-28	1.30628760017355	0.949	0.661	9.86382520174911e-24	"8"	"PLP2"
2.74091045897664e-28	0.508050800517378	0.978	0.858	1.00320063709004e-23	"7"	"MAGED1"
2.74567070309605e-28	0.63771577332241	0.351	0.28	1.00494293404018e-23	"5"	"RMC1"
2.85346416439558e-28	0.705421886027712	1	0.99	1.04439641881043e-23	"8"	"HLA-A"
2.99988489299964e-28	0.560855691797565	0.504	0.47	1.0979878696868e-23	"5"	"RIOK2"
3.07035806293672e-28	0.818924376323284	0.391	0.181	1.12378175461547e-23	"7"	"DOK4"
3.09991229632374e-28	0.638249825114886	0.812	0.573	1.13459889957745e-23	"7"	"DNM2"
3.17551033960775e-28	0.713516643255548	0.493	0.267	1.16226853939983e-23	"7"	"MTRNR2L12"
4.12590871505259e-28	0.947421349852307	0.261	0.101	1.5101238487964e-23	"7"	"LANCL2"
4.12725139571255e-28	0.766597011134511	0.276	0.207	1.51061528334475e-23	"5"	"FAM107B"
4.13857671421137e-28	0.565245798343973	0.858	0.594	1.51476046316851e-23	"7"	"CHMP3"
4.22587083500939e-28	0.719565372442701	0.579	0.322	1.54671098432179e-23	"7"	"PHTF1"
4.61687390680021e-28	0.560432275177683	0.364	0.29	1.68982201862794e-23	"5"	"SNRK"
4.85667092450164e-28	0.960569778291045	0.265	0.104	1.77759012507684e-23	"7"	"PHF7"
5.19510111635523e-28	1.22177859568641	0.978	0.71	1.90145895959718e-23	"8"	"NBL1"
5.19525805966259e-28	0.660194828932734	0.418	0.356	1.90151640241711e-23	"5"	"CDR2"
5.40317713494383e-28	1.33233506118142	0.928	0.677	1.97761686316079e-23	"8"	"CXXC5"
5.43128607316051e-28	0.586699795326963	0.699	0.42	1.98790501563748e-23	"7"	"CENPB"
5.60711149774345e-28	0.548981508095139	0.888	0.645	2.05225887928908e-23	"7"	"NAGK"
5.97040831537107e-28	0.624900109212103	0.697	0.409	2.18522914750897e-23	"7"	"SCML1"
5.98648274487807e-28	0.704472004656362	0.537	0.283	2.19111254945282e-23	"7"	"IGFLR1"
6.0683713965368e-28	0.622249102567948	0.758	0.487	2.22108461484643e-23	"7"	"SERTAD2"
6.14898649448106e-28	0.634075089012957	0.324	0.253	2.25059054684501e-23	"5"	"SDHAF4"
6.50059428099831e-28	0.640675631626013	0.419	0.366	2.37928251278819e-23	"5"	"MIA2"
7.05933182748097e-28	0.616029409894928	0.327	0.243	2.58378604217631e-23	"6"	"ZDHHC18"
7.38778011517414e-28	0.939001364163095	0.335	0.147	2.70400139995489e-23	"7"	"DZIP3"
7.52186832094732e-28	0.742411459994184	0.487	0.247	2.75307902414993e-23	"7"	"BTN2A1"
7.64006174371836e-28	0.546788993919849	0.89	0.647	2.79633899881836e-23	"7"	"DHPS"
7.9647826416314e-28	1.31279632549694	0.862	0.425	2.91519009466351e-23	"8"	"TNC"
8.44841564885171e-28	0.952257141287004	0.303	0.128	3.09220461163622e-23	"7"	"DNASE1"
8.4541528414861e-28	0.728903737150262	0.543	0.289	3.09430448151233e-23	"7"	"JMJD6"
8.67788205114611e-28	0.766006047883474	0.399	0.186	3.17619160953999e-23	"7"	"SORD"
9.00996714092695e-28	0.555504584773644	0.85	0.603	3.29773807325067e-23	"7"	"ZBTB8OS"
9.37476256327404e-28	0.655930746943488	0.766	0.513	3.43125684578393e-23	"7"	"TGIF1"
9.37811888517168e-28	0.840736042291871	0.365	0.164	3.43248529316168e-23	"7"	"PIGU"
9.73192283144103e-28	0.64028572717199	0.599	0.328	3.56198107553573e-23	"7"	"CDK14"
1.0317550979943e-27	0.692065115625494	0.459	0.226	3.77632683416895e-23	"7"	"GNB5"
1.23641653698955e-27	0.558493761825523	0.928	0.795	4.52540816703544e-23	"7"	"CTNNA1"
1.26429343141668e-27	0.648612927591953	0.293	0.221	4.62744038832818e-23	"5"	"UFSP1"
1.3262531504539e-27	0.615087299003384	0.687	0.404	4.85421915597631e-23	"7"	"PHF6"
1.33532928314646e-27	0.601698422623565	0.32	0.234	4.88743870924436e-23	"6"	"CHST2"
1.34137777397925e-27	0.57361735003437	0.399	0.317	4.90957679054146e-23	"6"	"NSMCE4A"
1.35766326625329e-27	0.998041004840797	0.363	0.17	4.96918332081368e-23	"7"	"CBWD5"
1.3722441583233e-27	0.547202962551128	0.908	0.681	5.02255084387911e-23	"7"	"GOLM1"
1.47225933957228e-27	0.724720795746857	0.259	0.181	5.3886164087685e-23	"6"	"MTFP1"
1.47840032578354e-27	0.698466997844383	0.294	0.214	5.41109303240034e-23	"6"	"VSIG10"
1.48796955230397e-27	0.623038408804107	0.79	0.522	5.44611735838778e-23	"7"	"ARHGEF12"
1.60484508284197e-27	0.771523159157649	0.487	0.255	5.87389348770989e-23	"7"	"UHRF2"
1.63216472866304e-27	0.766623762947624	0.535	0.288	5.97388612337959e-23	"7"	"CENPC"
1.75589500608869e-27	1.07620535676876	0.263	0.105	6.4267513117852e-23	"7"	"DGKH"
1.77184131908632e-27	0.574949716397527	0.34	0.27	6.48511641198785e-23	"5"	"ATP6V0A2"
1.77686781855336e-27	0.712011385061425	0.487	0.248	6.50351390268717e-23	"7"	"TUBGCP5"
1.81541993018797e-27	0.700445563004207	0.561	0.305	6.64461848648098e-23	"7"	"PUS7L"
1.8826355883264e-27	0.628826010330314	0.8	0.535	6.89063451683346e-23	"7"	"GTF2H3"
1.89810301570815e-27	0.686841475976222	0.501	0.253	6.9472468477934e-23	"7"	"THAP5"
2.01213640281592e-27	0.699709746863072	0.689	0.424	7.36462044794655e-23	"7"	"DAPK3"
2.02144400003173e-27	0.786536211304051	0.254	0.206	7.39868718451612e-23	"4"	"QPRT"
2.07449655761645e-27	0.886607675749652	0.361	0.164	7.59286485053196e-23	"7"	"MED14"
2.13564558970886e-27	0.855185165160361	0.379	0.175	7.8166764228934e-23	"7"	"SAP130"
2.1446321758283e-27	0.633917574842477	0.727	0.436	7.84956822674916e-23	"7"	"CUL2"
2.18757783763257e-27	0.565579390090487	0.78	0.513	8.00675364351898e-23	"7"	"BAZ1A"
2.22570112969417e-27	0.689004374585785	0.585	0.324	8.14628870479365e-23	"7"	"AQR"
2.23678863194953e-27	0.75564115384947	0.483	0.243	8.18687007179847e-23	"7"	"EIPR1"
2.28448392797508e-27	0.68451352730716	0.529	0.284	8.3614396247816e-23	"7"	"GGT5"
2.3287409994034e-27	1.20904144006806	0.92	0.74	8.52342493191638e-23	"8"	"CALM3"
2.42445749765675e-27	1.0057283432958	0.253	0.099	8.87375688717347e-23	"7"	"NPHP4"
2.4564273120344e-27	0.599026753657788	0.766	0.494	8.99076960477709e-23	"7"	"TMEM126B"
2.5075833299081e-27	0.511162883198005	0.918	0.735	9.17800574579665e-23	"7"	"TJP1"
2.54213144654529e-27	0.8067432322266	0.427	0.208	9.30445530750042e-23	"7"	"CDK19"
2.55784616160553e-27	0.542883577543597	0.902	0.725	9.3619727360924e-23	"7"	"U2SURP"
2.59388596950233e-27	0.597281521984121	0.304	0.23	9.49388203697549e-23	"5"	"SLC40A1"
2.64700125537237e-27	0.919701239147127	0.349	0.157	9.68828929478841e-23	"7"	"FBXL18"
2.66243687176168e-27	0.6653370477526	0.637	0.365	9.74478519433491e-23	"7"	"PRKRIP1"
2.67209581103623e-27	0.633348174275636	0.804	0.546	9.7801378779737e-23	"7"	"CUL4A"
2.74544460215363e-27	0.683876141010909	0.255	0.175	1.00486017883425e-22	"6"	"CARMN"
2.82178822822003e-27	0.695926956066118	0.439	0.41	1.03280270941081e-22	"4"	"SMOX"
2.93113988178301e-27	1.04863534134619	0.986	0.923	1.0728265081314e-22	"8"	"TLN1"
3.04872084917755e-27	0.784049378293843	0.493	0.257	1.11586231800748e-22	"7"	"PUS1"
3.09858288610264e-27	0.760638935424713	0.531	0.283	1.13411232214243e-22	"7"	"GMDS"
3.11310233446971e-27	0.665114701228605	0.772	0.513	1.13942658543926e-22	"7"	"NXT1"
3.2569695768607e-27	0.724836720113917	0.407	0.19	1.19208343482678e-22	"7"	"MAP3K11"
3.31360037228198e-27	0.543042410595264	0.91	0.701	1.21281087225893e-22	"7"	"GPS1"
3.33175760472606e-27	0.757993964783583	0.563	0.305	1.21945660090579e-22	"7"	"LIN7A"
3.34442425406019e-27	0.796527450422975	0.481	0.251	1.22409272122857e-22	"7"	"RBM19"
3.67586380370078e-27	0.734556336498076	0.627	0.359	1.34540291079252e-22	"7"	"GTF3C5"
3.72985400903443e-27	0.622842080365398	0.824	0.571	1.36516386584669e-22	"7"	"E2F4"
3.80867937909605e-27	0.627735151890788	0.627	0.354	1.39401473954295e-22	"7"	"TSC22D2"
4.01034667983469e-27	0.812551129952063	0.519	0.281	1.46782698828629e-22	"7"	"IMPA1"
4.02608609223632e-27	0.905431095188783	0.339	0.151	1.47358777061941e-22	"7"	"PPM1F"
4.0937584339776e-27	0.500649901558626	0.914	0.7	1.49835652442014e-22	"7"	"RWDD4"
4.12513451149224e-27	0.686955553453731	0.583	0.318	1.50984048255128e-22	"7"	"CDK10"
4.2248206988635e-27	0.685206571257965	0.555	0.297	1.54632662399103e-22	"7"	"MFSD14C"
4.35886213793749e-27	0.508474352782992	0.432	0.372	1.5953871311065e-22	"5"	"ST7L"
4.46924607145401e-27	0.741612954758317	0.509	0.265	1.63578875461288e-22	"7"	"PINX1"
4.68465899397636e-27	0.51693673108719	0.924	0.726	1.71463203838529e-22	"7"	"PSMC6"
4.74015221554133e-27	0.949091906462798	0.307	0.133	1.73494311241028e-22	"7"	"ELF4"
5.08403761952365e-27	1.04455573129833	0.273	0.112	1.86080860912185e-22	"7"	"ZNF718"
5.28105995092253e-27	0.683549930779542	0.703	0.445	1.93292075263715e-22	"7"	"SERTAD1"
5.43617848061157e-27	0.538141509832177	0.567	0.552	1.98969568568864e-22	"5"	"ARFIP2"
5.63295637261162e-27	0.598571304489514	0.774	0.504	2.06171836193958e-22	"7"	"TIMM21"
5.71183883315346e-27	0.689553182787068	0.531	0.282	2.0905901313225e-22	"7"	"PUSL1"
6.00374006203139e-27	2.70684969959702	0.261	0.055	2.19742890010411e-22	"8"	"HGF"
6.09968922251884e-27	0.649485501687361	0.282	0.237	2.23254725233412e-22	"4"	"CDC25B"
6.26130810627425e-27	0.66758380660209	0.725	0.465	2.29170137997744e-22	"7"	"RPS6KA2"
6.47847423717449e-27	1.07095597495336	1	0.777	2.37118635554823e-22	"8"	"RBM3"
6.47953286913104e-27	0.532759352856237	0.882	0.658	2.37157382543065e-22	"7"	"CISD1"
6.62470344932746e-27	1.85449552495471	0.645	0.286	2.42470770948834e-22	"8"	"PRKG1"
7.00896824341713e-27	0.68631102467713	0.491	0.249	2.5653524667731e-22	"7"	"ZNF574"
7.11969700407625e-27	0.56020947129172	0.92	0.784	2.60588030046195e-22	"7"	"DENR"
7.23743193537116e-27	0.522141791246335	0.395	0.359	2.6489724626652e-22	"4"	"GM2A"
7.41921519071409e-27	0.506556085538199	0.482	0.432	2.71550695195326e-22	"5"	"AP1AR"
7.52261058011416e-27	0.501522650111985	0.968	0.832	2.75335069842758e-22	"7"	"HSPA4"
7.55845993802844e-27	0.961245523678785	0.986	0.826	2.76647192191779e-22	"8"	"LRP10"
7.87988405415226e-27	0.671882545341464	0.719	0.446	2.88411636266027e-22	"7"	"ELAC2"
8.11390088987275e-27	0.551270730109771	0.976	0.878	2.96976886470232e-22	"7"	"LINC02802"
8.70613025246476e-27	0.606893016876418	0.77	0.494	3.18653073370463e-22	"7"	"TMUB1"
8.77550105548589e-27	0.695182375145088	0.581	0.325	3.21192114131839e-22	"7"	"BRD9"
9.28059291627541e-27	0.735511606445074	0.437	0.211	3.39678981328596e-22	"7"	"ATG7"
9.45203458144111e-27	0.678993194856623	0.457	0.229	3.45953917715326e-22	"7"	"GBP1"
9.97255700156052e-27	0.622690908901348	0.513	0.261	3.65005558814116e-22	"7"	"AFF1"
1.00118508722707e-26	0.70780003297703	0.425	0.203	3.66443753775982e-22	"7"	"NHLRC2"
1.00896589501268e-26	0.589531361922283	0.383	0.301	3.6929160723359e-22	"6"	"ZNF195"
1.03095935691392e-26	0.593816965926203	0.725	0.436	3.77341434224064e-22	"7"	"NT5C3A"
1.05590786790543e-26	0.756205560046403	0.407	0.195	3.86472838732065e-22	"7"	"NCOA5"
1.07023924454641e-26	1.6769090076147	0.681	0.309	3.91718265896433e-22	"8"	"ABI3BP"
1.07245518089677e-26	0.828440743124206	0.335	0.147	3.92529320760026e-22	"7"	"INTS7"
1.08800083939909e-26	0.691902253796427	0.585	0.331	3.9821918722846e-22	"7"	"ARL4A"
1.1090830568636e-26	1.43951316126892	0.804	0.4	4.05935489642646e-22	"8"	"HSPB2"
1.1436081141764e-26	0.811189991959969	0.545	0.307	4.18572005869703e-22	"7"	"ABI3BP"
1.20008736413719e-26	0.668667412234211	0.545	0.286	4.39243976147852e-22	"7"	"PTPN23"
1.2254154402087e-26	0.658212983734044	0.513	0.263	4.48514305270785e-22	"7"	"PCIF1"
1.24496417028254e-26	0.55898195419506	0.858	0.601	4.55669335965114e-22	"7"	"FDX1"
1.28535188027536e-26	0.734395934691375	0.76	0.518	4.70451641699584e-22	"7"	"DNAJB4"
1.29490414150196e-26	0.79345658728207	0.439	0.218	4.73947864831132e-22	"7"	"ZNF618"
1.34232042953045e-26	2.54268922597622	0.268	0.058	4.9130270041244e-22	"8"	"LINC01605"
1.41136127302336e-26	0.727317551815974	0.569	0.315	5.16572339539281e-22	"7"	"RRP15"
1.44295255036599e-26	0.691855314412194	0.603	0.333	5.28135062959455e-22	"7"	"MRM2"
1.45543846701073e-26	1.38026020255057	0.848	0.493	5.32705033310596e-22	"8"	"NABP1"
1.48739935461127e-26	0.569154426728024	0.862	0.606	5.4440303778127e-22	"7"	"UBTF"
1.49207421245424e-26	0.989110502883387	0.792	0.627	5.46114082500378e-22	"7"	"NAA10"
1.52276590787335e-26	1.05911888910483	0.253	0.101	5.57347549940726e-22	"7"	"SLC37A4"
1.52400930245393e-26	0.558505292261749	0.272	0.222	5.57802644791162e-22	"3"	"STAT5B"
1.53443479287244e-26	0.913256043664203	0.993	0.908	5.61618478539241e-22	"8"	"FKBP8"
1.56911322296592e-26	0.501951354999143	0.862	0.622	5.74311130737755e-22	"7"	"ATP2A2"
1.58897913099594e-26	0.602207562753022	0.344	0.263	5.81582251735824e-22	"6"	"PINX1"
1.60985549348515e-26	1.12275420189377	0.261	0.107	5.89223209170499e-22	"7"	"AC092691.1"
1.67917502269694e-26	0.509224755862633	0.892	0.698	6.14594850057306e-22	"7"	"APPL1"
1.71349660994563e-26	0.629597724058566	0.352	0.304	6.27156894206201e-22	"4"	"ABI3BP"
1.71539577761071e-26	0.589124565312547	0.754	0.488	6.27852008563298e-22	"7"	"SMC5"
1.71853546213853e-26	1.00640399402745	0.301	0.13	6.29001164497322e-22	"7"	"C16orf74"
1.72356558459606e-26	0.724856869130198	0.433	0.209	6.30842239618004e-22	"7"	"CASP6"
1.86560586334272e-26	0.519796844313509	0.902	0.676	6.82830402042068e-22	"7"	"NDUFA9"
1.98677277681699e-26	0.516965916908288	0.914	0.727	7.27178704042788e-22	"7"	"GNAI3"
2.09622204324379e-26	0.58078691219644	0.359	0.293	7.6723823004766e-22	"5"	"ITPKC"
2.12959265216767e-26	0.650119179864941	0.681	0.414	7.79452206619889e-22	"7"	"CYB561D2"
2.13402947762288e-26	1.04659948223721	0.263	0.108	7.8107612910475e-22	"7"	"ALDH3B1"
2.20372151323709e-26	0.518310093939317	0.51	0.466	8.06584111059906e-22	"5"	"YAF2"
2.26259881425093e-26	0.621322592488077	0.541	0.287	8.28133792003984e-22	"7"	"GXYLT1"
2.26618651072249e-26	0.617986313891935	0.731	0.454	8.29446924789539e-22	"7"	"SLAIN2"
2.45708195805643e-26	0.544624177787265	0.369	0.301	8.99316567468235e-22	"5"	"ABTB1"
2.4996838952794e-26	0.662104170493414	1	0.999	9.14909302511213e-22	"8"	"TMSB4X"
2.50213575360602e-26	0.581615130033434	0.802	0.517	9.15806707177338e-22	"7"	"HNRNPLL"
2.57045389741494e-26	0.661744024673372	0.288	0.21	9.40811830992841e-22	"6"	"NCAPD3"
2.57249197522304e-26	0.727484512537867	1	0.993	9.41557787851383e-22	"8"	"CD248"
2.63626884987774e-26	0.648561572936108	0.623	0.351	9.64900761743753e-22	"7"	"POGLUT2"
2.68601604910005e-26	0.566800227496807	0.764	0.497	9.8310873413111e-22	"7"	"TULP3"
2.70816148941318e-26	0.615700509370925	0.665	0.386	9.91214186740118e-22	"7"	"GATD1"
2.741981168619e-26	0.710209318815073	0.547	0.3	1.00359252752624e-21	"7"	"GPR176"
2.77103729943825e-26	0.560912705811357	0.318	0.248	1.01422736196739e-21	"5"	"ABCA6"
3.00186446525379e-26	0.563469938962163	1	1	1.09871241292754e-21	"8"	"PFN1"
3.27252222414464e-26	0.796153692316237	0.481	0.254	1.19777585925918e-21	"7"	"METTL2B"
3.30706716952543e-26	0.670042569860771	0.709	0.449	1.210419654718e-21	"7"	"C1orf174"
3.37313669864662e-26	0.675515671903126	0.685	0.417	1.23460176307165e-21	"7"	"APC"
3.47227045737228e-26	1.88222387171663	0.681	0.332	1.27088571010283e-21	"8"	"PSD3"
3.4940167709825e-26	0.510363838189303	0.906	0.712	1.27884507834731e-21	"7"	"PDLIM5"
3.56650765987897e-26	0.601808499642948	0.619	0.337	1.3053774685923e-21	"7"	"PDXP"
3.75003148854569e-26	1.13978531798327	0.25	0.1	1.37254902512261e-21	"7"	"BNC1"
4.06761354677457e-26	0.662245009426002	0.625	0.354	1.48878723425496e-21	"7"	"CREBBP"
4.12007538335816e-26	0.894368882355852	0.305	0.131	1.50798879106292e-21	"7"	"SHB"
4.3772583028431e-26	0.579590025047445	0.83	0.592	1.6021203114236e-21	"7"	"AATF"
4.66595396836949e-26	0.595806958631512	0.822	0.571	1.70778581196292e-21	"7"	"GNL2"
4.89219296962627e-26	0.654455191492167	0.651	0.384	1.79059154881291e-21	"7"	"KATNA1"
4.92485656391441e-26	2.62392454531187	0.283	0.065	1.80254675095831e-21	"8"	"SLC8A1"
5.22663327182017e-26	0.692742546354258	0.641	0.373	1.9130000438189e-21	"7"	"BRMS1"
5.26227049457629e-26	0.672498433423338	0.267	0.223	1.92604362371987e-21	"4"	"NFATC4"
5.3378803791053e-26	0.62160100676715	0.603	0.339	1.95371759755633e-21	"7"	"ZDHHC5"
5.57691849955054e-26	1.32694118792123	0.913	0.625	2.04120794002049e-21	"8"	"ADAM9"
5.61363157209542e-26	0.581533510434526	0.782	0.527	2.05464529170264e-21	"7"	"TMEM47"
5.68734023181708e-26	0.510156560725485	0.294	0.245	2.08162339824737e-21	"3"	"OCRL"
5.70916082641736e-26	0.642777920077917	0.597	0.336	2.08960995407702e-21	"7"	"TRIM37"
6.01893954049837e-26	0.584723293917644	1	0.992	2.20299206121781e-21	"8"	"RAC1"
6.02716804360951e-26	0.576095375535849	0.305	0.26	2.20600377564152e-21	"4"	"GSEC"
6.11571660854347e-26	1.78376936212452	0.746	0.407	2.238413435893e-21	"8"	"PHLDB2"
6.2721158206019e-26	0.839869676193336	0.325	0.143	2.2956571114985e-21	"7"	"OSGEPL1"
6.27960664384671e-26	0.662244958130701	0.589	0.33	2.29839882771433e-21	"7"	"SART3"
6.32989100706717e-26	0.538586018128514	0.46	0.41	2.31680340749665e-21	"5"	"CCNG2"
6.65750399054969e-26	0.855319863232043	0.399	0.196	2.43671303558109e-21	"7"	"PRKAR1B"
6.86483920665995e-26	1.85294056284629	0.855	0.602	2.51259979802961e-21	"8"	"LASP1"
7.30878800904508e-26	0.905202287982461	0.291	0.124	2.67508949919059e-21	"7"	"LRCH1"
7.93409005903295e-26	0.686817929457148	0.356	0.295	2.90395630250665e-21	"5"	"PPP1R35"
8.01588538631196e-26	0.568096285326678	0.82	0.575	2.93389421024404e-21	"7"	"UBE3C"
8.50519829990249e-26	1.21625806433503	0.327	0.155	3.11298762974731e-21	"7"	"IFI44L"
8.6068055552481e-26	0.879848255708277	0.281	0.119	3.15017690127636e-21	"7"	"APCDD1L"
8.77335403762072e-26	0.560795125615488	0.796	0.523	3.21113531130956e-21	"7"	"LARP1"
8.91560623380029e-26	0.704486103373978	0.253	0.189	3.26320103763324e-21	"5"	"TBX2-AS1"
9.41532598414499e-26	0.604656362649608	0.715	0.442	3.44610346345691e-21	"7"	"FAM126A"
9.59594525041123e-26	0.85419096656769	0.262	0.2	3.51221192110302e-21	"5"	"ZDBF2"
9.75904655713566e-26	0.639126896432094	0.671	0.397	3.57190863037722e-21	"7"	"TBL3"
9.95497885167976e-26	0.854911253470211	0.355	0.164	3.64362180950331e-21	"7"	"DENND1A"
1.02749293037109e-25	0.655341209734971	0.599	0.344	3.76072687445122e-21	"7"	"PURB"
1.0798566601582e-25	0.925183378191953	1	0.964	3.95238336184504e-21	"8"	"PKM"
1.09407841846424e-25	0.630835102615492	1	0.995	4.00443641942095e-21	"8"	"CD151"
1.22703030395024e-25	0.903018007510835	0.357	0.166	4.49105361548828e-21	"7"	"TIFA"
1.28943567600585e-25	1.11559986434347	0.258	0.209	4.71946351774903e-21	"3"	"SBSN"
1.28999100224087e-25	0.589451337774256	0.743	0.468	4.72149606730182e-21	"7"	"OGFOD1"
1.38717640199563e-25	0.742081759458164	0.511	0.275	5.0772043489442e-21	"7"	"FBXO45"
1.44176315346225e-25	0.689197021941457	0.499	0.26	5.27699731798717e-21	"7"	"STIM2"
1.44376071062078e-25	0.692107967115177	0.501	0.265	5.2843085769431e-21	"7"	"CEP44"
1.44530040804039e-25	0.663513463022578	0.519	0.274	5.28994402346865e-21	"7"	"SNX12"
1.4570366330723e-25	0.711330823135571	0.276	0.2	5.33289978070793e-21	"6"	"COL27A1"
1.46983447263896e-25	1.53151505063631	0.797	0.469	5.37974115330586e-21	"8"	"VASP"
1.485663254698e-25	0.687701535482902	0.541	0.291	5.43767607852016e-21	"7"	"MED25"
1.60120953317684e-25	0.682167416970657	0.577	0.324	5.86058701238055e-21	"7"	"DHX38"
1.60188545715682e-25	0.86671407837514	0.309	0.134	5.86306096173967e-21	"7"	"ZNF738"
1.62762599333098e-25	0.677148614406053	0.549	0.298	5.95727389819071e-21	"7"	"GATAD2A"
1.63302978099125e-25	0.863235960866195	0.357	0.167	5.97705230140609e-21	"7"	"DPH6"
1.6453894535264e-25	1.71873113633671	0.957	0.792	6.02228993885199e-21	"8"	"ACTN4"
1.66657039635597e-25	0.613379796185907	0.709	0.433	6.09981430770247e-21	"7"	"MED30"
1.67634832541799e-25	0.541344158265569	0.878	0.673	6.13560250586238e-21	"7"	"MRPS23"
1.77700630032162e-25	0.751265947570475	0.487	0.254	6.50402075980718e-21	"7"	"ZNF414"
1.78154650567547e-25	0.558032671146084	0.743	0.46	6.52063836542277e-21	"7"	"TNRC6A"
1.78984309216002e-25	0.639272804766778	0.699	0.417	6.55100470161488e-21	"7"	"MAP1S"
1.7924238445932e-25	0.963634883895601	0.986	0.872	6.56045051359556e-21	"8"	"EPS8"
1.86040658984487e-25	0.631929936936589	0.645	0.374	6.80927415949121e-21	"7"	"GIHCG"
1.88764853242879e-25	0.56725606855905	1	0.998	6.90898239354262e-21	"8"	"IFITM3"
1.90140069166771e-25	1.57823719599273	0.754	0.393	6.95931667157298e-21	"8"	"GLIPR1"
1.96604207212458e-25	0.529951217094404	0.862	0.627	7.19591058818319e-21	"7"	"EMC8"
2.02259071188999e-25	0.697522669541113	1	0.988	7.40288426458856e-21	"8"	"COL3A1"
2.15471145644301e-25	0.827637615301968	0.323	0.144	7.88645940172705e-21	"7"	"SMURF1"
2.3177713261228e-25	0.849807239505925	0.313	0.137	8.48327483074205e-21	"7"	"TTLL5"
2.38920141625392e-25	0.618465963071179	0.599	0.337	8.74471610363096e-21	"7"	"SLC25A17"
2.39141022426777e-25	0.939400289924964	0.283	0.12	8.75280056184245e-21	"7"	"ZNF469"
2.47148420687733e-25	2.13688286245253	0.399	0.118	9.04587934559171e-21	"8"	"STARD10"
2.58630689274483e-25	0.684321462830682	0.437	0.216	9.46614185813536e-21	"7"	"RPUSD2"
2.58636028677823e-25	0.899060053128075	0.317	0.142	9.466337285637e-21	"7"	"SLC20A2"
2.61432265471566e-25	1.04011013333216	1	0.976	9.56868234852478e-21	"8"	"MYL12A"
2.69752969222908e-25	0.622352190986491	0.591	0.328	9.87322842652767e-21	"7"	"PCGF6"
2.78629480153592e-25	0.527826824606505	0.864	0.618	1.01981176031016e-20	"7"	"DR1"
2.84759817200254e-25	0.703528592634566	0.513	0.274	1.04224940693465e-20	"7"	"RAB35"
2.86632705981274e-25	1.4028876792212	0.92	0.7	1.04910436716206e-20	"8"	"PRRX1"
2.96302120566712e-25	0.708502460531583	0.283	0.219	1.08449539148622e-20	"5"	"ZNF181"
3.07879308168073e-25	0.643907128707616	0.727	0.468	1.12686905582596e-20	"7"	"UGCG"
3.14355872916302e-25	0.555593223249296	0.782	0.544	1.15057393046096e-20	"7"	"VMA21"
3.14676021320021e-25	1.82134558754675	0.652	0.288	1.15174570563341e-20	"8"	"SLC9A3R2"
3.1963519515552e-25	0.509619226266735	0.946	0.776	1.16989677778872e-20	"7"	"ACIN1"
3.23625495210316e-25	2.16470692488083	0.457	0.158	1.18450167501928e-20	"8"	"AK5"
3.27627962162658e-25	0.561919474545836	0.752	0.489	1.19915110431154e-20	"7"	"EGLN2"
3.30056502451012e-25	0.830743281370505	0.381	0.181	1.20803980462095e-20	"7"	"MAPKAPK3"
3.34763730509053e-25	0.646789822288149	0.294	0.228	1.22526873003619e-20	"5"	"BCDIN3D"
3.39644881729474e-25	1.04180449893613	0.259	0.106	1.24313423161805e-20	"7"	"CNTNAP1"
3.40963015780113e-25	0.510741495720125	0.844	0.594	1.24795873405679e-20	"7"	"PERP"
3.42348956418422e-25	0.587156236628701	0.796	0.549	1.25303141538707e-20	"7"	"POLR3H"
3.44744562522909e-25	0.511365650216179	0.862	0.601	1.2617995732901e-20	"7"	"SEC24D"
3.50439990631711e-25	0.587415860192402	0.756	0.502	1.28264540971113e-20	"7"	"ANKLE2"
3.55681254861899e-25	0.698336677779886	0.513	0.273	1.30182896092004e-20	"7"	"MAP3K3"
3.55876549848792e-25	0.771601139818593	0.841	0.41	1.30254376010156e-20	"8"	"COL8A1"
3.57490034524116e-25	0.786485467092736	0.381	0.181	1.30844927536172e-20	"7"	"CRLF3"
3.74752021304122e-25	1.09734487966428	0.289	0.127	1.37162987317522e-20	"7"	"HSD17B1"
3.79055297559855e-25	0.643874688608968	0.523	0.279	1.38738029459882e-20	"7"	"TLNRD1"
3.89637768093048e-25	1.80261489627835	0.63	0.283	1.42611319499737e-20	"8"	"ENDOD1"
4.11193436841383e-25	0.644384941985461	0.609	0.355	1.50500909818315e-20	"7"	"OXSR1"
4.12917421571289e-25	0.532276019911326	0.389	0.192	1.51131905469307e-20	"7"	"AL138963.4"
4.16496828983329e-25	0.755143351169683	0.481	0.254	1.52442004376188e-20	"7"	"C12orf49"
4.23755852350636e-25	0.63408574880334	0.294	0.217	1.55098879518856e-20	"6"	"ATAD2B"
4.36857120932193e-25	0.530528865346476	0.886	0.677	1.59894074832392e-20	"7"	"AP3D1"
4.40731873820604e-25	1.3238012979593	0.942	0.773	1.61312273137079e-20	"8"	"NPTN"
4.48821531804423e-25	0.706437369464393	0.318	0.256	1.64273168855737e-20	"5"	"MOCOS"
4.52244073748916e-25	0.660984827933396	0.293	0.228	1.65525853432841e-20	"5"	"IRF7"
4.52377929622937e-25	0.820460162716334	1	0.998	1.65574846021291e-20	"8"	"RHOA"
4.86004500904161e-25	0.510960048399471	0.335	0.303	1.77882507375932e-20	"1"	"LIN7A"
4.88461788076316e-25	0.675564591971713	0.613	0.354	1.78781899053812e-20	"7"	"OGDH"
4.96052482123736e-25	0.576508508091533	0.335	0.269	1.81560168982108e-20	"5"	"CLK1"
5.26964852802269e-25	0.547047555932775	0.844	0.6	1.92874405774159e-20	"7"	"UBR4"
5.49206827890589e-25	0.845282815288045	0.363	0.173	2.01015191076235e-20	"7"	"PRR7"
5.78212696415371e-25	0.54331826395089	0.75	0.472	2.1163162901499e-20	"7"	"ARMT1"
5.83542823709098e-25	0.734165534371929	0.433	0.217	2.13582508905767e-20	"7"	"AKAP8"
5.86197835382413e-25	1.89707864663084	0.739	0.399	2.14554269728317e-20	"8"	"VGLL3"
5.9943017583009e-25	0.708362306749698	0.525	0.287	2.19397438655571e-20	"7"	"CDK7"
6.08788509665739e-25	0.528687712176136	0.882	0.675	2.22822682422757e-20	"7"	"PHF5A"
6.15257766286262e-25	2.65894843209816	0.304	0.077	2.25190495038435e-20	"8"	"TENT5B"
6.54034208960297e-25	0.524152505404252	0.84	0.582	2.39383060821558e-20	"7"	"PITHD1"
6.98437162980778e-25	0.649936594633663	0.495	0.257	2.55634986022595e-20	"7"	"MED7"
7.0481019701359e-25	2.32490771529786	0.261	0.057	2.57967580208944e-20	"8"	"SLC2A5"
7.05842171582724e-25	0.706935548481895	0.655	0.403	2.58345293220993e-20	"7"	"ELK3"
7.12478561316689e-25	0.699382421847003	0.463	0.236	2.60774278227521e-20	"7"	"AUTS2"
7.33919581428734e-25	0.57167361693705	0.76	0.489	2.68621905998731e-20	"7"	"SMIM19"
7.36328376880728e-25	0.601702620078025	0.723	0.446	2.69503549222115e-20	"7"	"ARHGEF1"
7.4018140519568e-25	0.719809687313392	0.445	0.226	2.70913796115671e-20	"7"	"ANKRD39"
7.45967964913656e-25	0.743386142173276	0.271	0.21	2.73031734838047e-20	"5"	"BRPF3"
7.50414782400625e-25	0.702659413927095	0.643	0.385	2.74659314506453e-20	"7"	"POM121C"
7.53684485264481e-25	0.574505992154619	0.357	0.28	2.75856058451653e-20	"6"	"GDAP2"
7.68702735541992e-25	0.513548782339292	0.261	0.211	2.81352888235725e-20	"3"	"VSIG10"
7.80129405665329e-25	0.648839588798621	0.523	0.276	2.85535163767567e-20	"7"	"IFT122"
7.87054396536654e-25	0.763490244564897	0.444	0.406	2.88069779676381e-20	"3"	"MT1A"
8.0409882911302e-25	0.778478056377064	0.323	0.148	2.94308212443657e-20	"7"	"DUSP5"
8.21423185457571e-25	0.567264251087533	0.79	0.522	3.00649100109326e-20	"7"	"WAPL"
8.31962376059361e-25	0.609653388028665	0.697	0.424	3.04506549261487e-20	"7"	"PPP2R5C"
8.73499098466374e-25	0.507592942585859	0.519	0.453	3.19709405029678e-20	"6"	"SERPINB1"
9.42090847651999e-25	0.880291690011986	0.317	0.142	3.44814671149108e-20	"7"	"KLHDC4"
9.70712226669618e-25	0.822089610833764	0.393	0.192	3.55290382083347e-20	"7"	"TOX2"
1.09352672819726e-24	2.24272063266788	0.319	0.082	4.00241717787478e-20	"8"	"TM4SF1"
1.09871727437272e-24	0.986299324830869	0.25	0.102	4.02141509593159e-20	"7"	"DUS2"
1.10520692682064e-24	1.70690097778413	0.768	0.447	4.04516787285622e-20	"8"	"AMOTL2"
1.12621429210515e-24	0.566001909097283	0.86	0.619	4.12205693053405e-20	"7"	"VPS4A"
1.19638433555526e-24	0.780891315739372	0.381	0.183	4.37888630656582e-20	"7"	"TRIM3"
1.21211268068833e-24	0.523731904708733	0.364	0.297	4.43645362258737e-20	"5"	"FOXK2"
1.28006889059291e-24	0.683296013044964	0.465	0.239	4.68518014645909e-20	"7"	"TLK2"
1.28423636109869e-24	0.600253332525347	0.745	0.473	4.7004335052573e-20	"7"	"CNDP2"
1.30193355183858e-24	0.955885881745945	0.271	0.115	4.76520699308439e-20	"7"	"MAGI1"
1.34781957033992e-24	0.729883998734908	0.447	0.227	4.93315440940115e-20	"7"	"NFKBIB"
1.34918906597086e-24	0.547483721302745	0.856	0.609	4.93816690035994e-20	"7"	"PDS5A"
1.3993914587295e-24	0.698101590696234	0.479	0.256	5.12191267809584e-20	"7"	"NR1D2"
1.41535055747621e-24	0.732098894320688	0.427	0.215	5.18032457541868e-20	"7"	"ASB6"
1.41626403154647e-24	0.596902849711854	0.439	0.212	5.18366798186324e-20	"7"	"GRK2"
1.44014156856511e-24	0.680885021087125	0.547	0.305	5.27106215510516e-20	"7"	"SCFD2"
1.45503220501246e-24	0.533526316773592	0.852	0.608	5.32556337356611e-20	"7"	"ATP6V1D"
1.47036820493882e-24	0.579150367299586	0.639	0.366	5.38169466689656e-20	"7"	"POLK"
1.49332610918778e-24	0.585497528012117	0.613	0.344	5.46572289223818e-20	"7"	"MYO9A"
1.50115674045235e-24	0.921030603417327	1	0.949	5.49438378572965e-20	"8"	"CAPZB"
1.50519725175268e-24	0.914118403189902	0.315	0.143	5.50917246113999e-20	"7"	"ABHD3"
1.52475142489157e-24	0.585563968120263	0.579	0.325	5.58074269024563e-20	"7"	"APEX2"
1.62245870413619e-24	0.605376482988579	0.792	0.546	5.93836110300886e-20	"7"	"NUMA1"
1.68614498017909e-24	0.547081203362419	0.846	0.609	6.17145924195347e-20	"7"	"UBAP2L"
1.70851788635614e-24	0.534350077384541	0.818	0.527	6.2533463158521e-20	"7"	"SUCLG2"
1.72849340651617e-24	0.586069446524655	0.711	0.445	6.32645871718983e-20	"7"	"HEATR1"
1.76120493744455e-24	0.682593347966866	0.459	0.237	6.44618619154081e-20	"7"	"BICD1"
1.78017420731657e-24	0.835136304870418	0.283	0.121	6.51561561619939e-20	"7"	"AP4E1"
1.85120722131822e-24	0.749408113643385	0.263	0.19	6.77560355074681e-20	"6"	"C12orf4"
1.91792959397808e-24	0.644510546450783	0.667	0.403	7.01981410691917e-20	"7"	"RRP1"
1.95443501835032e-24	0.890202603529597	0.255	0.108	7.15342761066399e-20	"7"	"MXRA5"
2.02261748964683e-24	0.713682798685633	0.507	0.278	7.40298227385635e-20	"7"	"PRPF3"
2.09367465832528e-24	0.601463607411998	0.669	0.39	7.66305861693637e-20	"7"	"POFUT2"
2.10023326211871e-24	0.633552193793641	0.774	0.498	7.6870637626807e-20	"7"	"ENDOG"
2.18595487271723e-24	0.579032815616427	0.794	0.543	8.00081342963235e-20	"7"	"FOPNL"
2.21391416642671e-24	0.80755455777672	0.367	0.176	8.10314724053839e-20	"7"	"SPRED1"
2.4168676172382e-24	0.516305465785623	0.425	0.35	8.84597716585355e-20	"6"	"ABCB8"
2.52155241194009e-24	1.00872086567817	0.993	0.922	9.22913398294194e-20	"8"	"SNX6"
2.5643345324888e-24	2.22213781966731	0.384	0.114	9.38572082236226e-20	"8"	"INKA2"
2.60724718777903e-24	0.987569736720817	0.253	0.106	9.54278543199002e-20	"7"	"GATA2-AS1"
2.6318461335983e-24	0.525661173543436	0.609	0.357	9.63282003358314e-20	"7"	"CDH2"
2.64853676907774e-24	0.557878999906045	0.808	0.537	9.69390942850145e-20	"7"	"APPL2"
2.68987905179564e-24	0.819602411730125	0.319	0.143	9.84522631747721e-20	"7"	"LRP8"
2.77053719497876e-24	0.642429432796201	0.475	0.247	1.01404431873418e-19	"7"	"MTHFD2L"
2.84131752936459e-24	1.00524876147476	0.303	0.139	1.03995062892273e-19	"7"	"PGF"
2.85173894869518e-24	0.540216169853861	0.762	0.495	1.04376497261192e-19	"7"	"ERC1"
2.8601161569125e-24	1.55348288977731	0.826	0.516	1.04683111459154e-19	"8"	"TGFB1I1"
2.89499938385904e-24	0.588733690480327	0.828	0.573	1.05959872448625e-19	"7"	"TP53I13"
2.94478095010511e-24	0.780628622407076	0.347	0.161	1.07781927554797e-19	"7"	"SNHG10"
3.03410453577101e-24	0.673955588350573	0.533	0.294	1.11051260113755e-19	"7"	"TOP2B"
3.04674324044621e-24	0.512881540052381	0.828	0.58	1.11513849343572e-19	"7"	"ZC3H14"
3.04798655625517e-24	0.787585352705636	0.377	0.183	1.11559355945495e-19	"7"	"TMEM116"
3.13188608205474e-24	0.782638338877227	0.405	0.202	1.14630162489286e-19	"7"	"GTF2H2"
3.25607469447447e-24	0.85654537876848	0.297	0.131	1.1917558989246e-19	"7"	"AC008771.1"
3.30702921240892e-24	0.605083263376155	1	0.989	1.21040576203379e-19	"8"	"AP2M1"
3.38565502608803e-24	0.579330315423611	0.856	0.61	1.23918359609848e-19	"7"	"DDX56"
3.44441036141749e-24	0.613354305039472	0.655	0.392	1.26068863638241e-19	"7"	"ERLIN2"
3.52942501746182e-24	1.73208107300372	0.565	0.229	1.2918048506412e-19	"8"	"HNMT"
3.73492776820774e-24	0.587798770665502	0.657	0.385	1.36702091244172e-19	"7"	"S100PBP"
3.86572734727954e-24	0.519204323366145	0.419	0.344	1.41489486637778e-19	"6"	"ANKRD40"
4.07517402157903e-24	0.556946923376954	0.808	0.556	1.49155444363814e-19	"7"	"IWS1"
4.13647217186191e-24	0.644179134598036	0.579	0.324	1.51399017962318e-19	"7"	"SIN3A"
4.36472326839161e-24	0.772992587923132	0.385	0.19	1.59753236346401e-19	"7"	"RIN2"
4.44012243776173e-24	0.508395232692624	0.862	0.626	1.62512921344517e-19	"7"	"CHMP4A"
4.470294765143e-24	0.542153228823018	0.778	0.525	1.63617258698999e-19	"7"	"BCAS2"
4.48275806908692e-24	0.671029014549946	0.523	0.286	1.6407342808665e-19	"7"	"TTC4"
4.57580078582149e-24	0.52995827284163	0.798	0.541	1.67478884561852e-19	"7"	"NBN"
4.62649470294383e-24	0.569752575279503	0.621	0.353	1.69334332622447e-19	"7"	"CFAP20"
4.96541559783795e-24	0.646567967035918	0.457	0.233	1.81739176296467e-19	"7"	"SLC35A3"
5.1219166435683e-24	0.692607243981717	0.431	0.217	1.87467271071243e-19	"7"	"MTF2"
5.12238063832659e-24	0.608830894855584	0.663	0.395	1.87484253743391e-19	"7"	"BRCC3"
5.19914003518265e-24	0.639666277635921	0.503	0.267	1.9029372442772e-19	"7"	"AGA"
5.54778386147775e-24	0.579633332913096	0.693	0.422	2.03054437113947e-19	"7"	"MRPL35"
5.61508621962054e-24	0.702159642180295	0.503	0.278	2.05517770724332e-19	"7"	"SNX25"
5.91050006005096e-24	0.94582524599262	0.25	0.103	2.16330212697925e-19	"7"	"NHSL1"
6.06425575084196e-24	0.51948008274182	0.367	0.328	2.21957824736567e-19	"4"	"DNMBP"
6.16796368644905e-24	0.624562971785984	0.489	0.256	2.25753638887722e-19	"7"	"THOC1"
6.29694384964964e-24	0.512629916357715	0.414	0.355	2.30474441841026e-19	"5"	"MYL5"
6.40982049326192e-24	0.924119224969323	0.255	0.106	2.3460583987388e-19	"7"	"TRDMT1"
6.45546088909882e-24	0.504698391427143	0.354	0.328	2.36276324001906e-19	"1"	"SDC3"
6.51207182833465e-24	2.35053571177646	0.29	0.072	2.38348340988876e-19	"8"	"IFIT1"
6.92520264175087e-24	0.662395839543973	0.264	0.2	2.53469341890724e-19	"5"	"PKIA"
7.05517282909474e-24	0.559176650637139	0.329	0.252	2.58226380717697e-19	"6"	"RAB30-DT"
7.05816293493156e-24	0.547571063604552	0.776	0.5	2.5833582158143e-19	"7"	"USP39"
7.06266982221136e-24	1.80852151101106	0.609	0.277	2.58500778162758e-19	"8"	"ST5"
7.18313412813989e-24	0.653605713171201	0.274	0.211	2.62909892224048e-19	"5"	"HOXA11"
7.34102620342285e-24	0.64467117011313	0.565	0.322	2.6868890007148e-19	"7"	"MIOS"
7.51248489831788e-24	0.581520400556035	0.703	0.438	2.74964459763333e-19	"7"	"MED27"
7.59482096865061e-24	0.777505454253843	0.419	0.215	2.77978042273581e-19	"7"	"TNPO2"
7.61249779955377e-24	0.764079185612363	0.367	0.176	2.78625031961467e-19	"7"	"ZC3H4"
8.00340808730161e-24	0.787535184406944	0.341	0.159	2.92932739403326e-19	"7"	"TMEM19"
8.2012676219435e-24	2.07120487375403	0.486	0.178	3.00174596230754e-19	"8"	"VWA1"
8.22711203428643e-24	0.658419593760482	0.567	0.315	3.01120527566918e-19	"7"	"SSH1"
8.53802720071591e-24	0.528456967383546	0.447	0.394	3.12500333573403e-19	"5"	"MORC3"
8.69768610515911e-24	1.07283459294426	0.949	0.709	3.18344009134929e-19	"8"	"LAMB2"
8.88429990593267e-24	0.742906984600094	0.345	0.16	3.25174260857042e-19	"7"	"ZNF138"
8.9387538560053e-24	0.51859316721769	0.798	0.527	3.2716732988365e-19	"7"	"KATNBL1"
9.08683767284444e-24	0.618526073969668	0.507	0.27	3.32587345663779e-19	"7"	"DIP2A"
9.71400046032323e-24	0.622719539007035	0.703	0.44	3.5554213084829e-19	"7"	"SPRYD7"
1.04900730987771e-23	0.529252123725333	0.703	0.441	3.83947165488341e-19	"7"	"DDX41"
1.12521678671286e-23	0.590067599693992	0.768	0.535	4.11840596104774e-19	"7"	"DNTTIP1"
1.14114106625622e-23	0.578195172662966	0.856	0.646	4.1766904166044e-19	"7"	"NOC2L"
1.15679935063958e-23	0.587265844397955	0.449	0.225	4.23400130327593e-19	"7"	"NUDT6"
1.19179043193876e-23	0.600495595415308	0.739	0.484	4.36207215993907e-19	"7"	"NIP7"
1.20787574344731e-23	0.77699515442602	0.371	0.18	4.4209460085915e-19	"7"	"FCHSD2"
1.22453311410881e-23	0.563621785763351	0.579	0.33	4.48191365094964e-19	"7"	"WNT5A"
1.25411099070914e-23	0.76883368744676	1	0.897	4.59017163709452e-19	"8"	"EFEMP2"
1.2637303878852e-23	0.671517630789136	0.613	0.605	4.62537959269861e-19	"5"	"SH3BP5"
1.34730153074072e-23	0.943138092251875	0.261	0.111	4.93125833266411e-19	"7"	"ATP13A2"
1.36489402737683e-23	0.538475249394324	0.804	0.539	4.99564862960194e-19	"7"	"MRPS28"
1.37482273559457e-23	0.634715600179196	0.269	0.195	5.03198869454967e-19	"6"	"GCFC2"
1.39100548542794e-23	0.508802586047923	0.84	0.583	5.09121917721482e-19	"7"	"UBAC1"
1.43546172236441e-23	0.511923693826088	0.388	0.311	5.25393345002596e-19	"6"	"MUL1"
1.46354258310331e-23	0.998653789138902	0.309	0.143	5.35671220841642e-19	"7"	"PPP1R3C"
1.55375567133984e-23	0.669171724823083	0.405	0.198	5.68690113267096e-19	"7"	"CCDC36"
1.58712637812235e-23	0.767408861482374	0.337	0.156	5.80904125656562e-19	"7"	"ENKD1"
1.58958014985054e-23	0.837457978175904	0.371	0.184	5.81802230646796e-19	"7"	"ABCC4"
1.59941853874378e-23	0.664689141489445	0.539	0.301	5.85403179365612e-19	"7"	"MTOR"
1.63956708314169e-23	0.600425897653297	0.709	0.449	6.00097948100689e-19	"7"	"TMEM138"
1.70960402365538e-23	0.68862441537941	0.335	0.154	6.25732168698105e-19	"7"	"MFHAS1"
1.75457059674945e-23	0.671458292124683	0.701	0.437	6.42190384116267e-19	"7"	"CSK"
1.75554624446444e-23	0.660314714020104	0.595	0.343	6.4254748093643e-19	"7"	"CALHM2"
1.76362378077886e-23	0.523979954099178	0.868	0.664	6.45503940002871e-19	"7"	"ATP2B4"
1.80944238073702e-23	0.522148006965079	0.309	0.243	6.62274005773558e-19	"5"	"AFAP1L1"
1.88737212447456e-23	0.590940961236932	0.713	0.465	6.90797071278935e-19	"7"	"GCN1"
1.88923141774318e-23	0.622891897376962	0.743	0.49	6.91477591208183e-19	"7"	"GPATCH4"
1.97231174551192e-23	0.609491404398351	0.661	0.404	7.21885821974819e-19	"7"	"CEP164"
1.99294730970679e-23	0.985070580171798	0.971	0.806	7.29438644825781e-19	"8"	"COTL1"
2.00202937646137e-23	0.751854975326612	0.521	0.292	7.32762772078625e-19	"7"	"WDR55"
2.03424615226166e-23	0.50148348194291	0.405	0.344	7.44554434189292e-19	"5"	"CDK5RAP2"
2.06884217273048e-23	0.836460933660851	0.986	0.802	7.57216923641082e-19	"8"	"TUSC3"
2.10738798667088e-23	0.63770548904007	0.265	0.222	7.71325077001408e-19	"4"	"TBX18"
2.17866851489638e-23	0.505884625219801	0.862	0.606	7.97414463137224e-19	"7"	"MTX2"
2.56337734875995e-23	1.40860166143828	0.964	0.843	9.38221743419628e-19	"8"	"ACTN1"
2.70477381138315e-23	0.830535612212157	0.986	0.921	9.89974262704347e-19	"8"	"MXRA7"
2.75723078420387e-23	1.56658369148227	0.841	0.53	1.00917403932646e-18	"8"	"MYO1E"
2.764478912349e-23	0.87101744210521	0.325	0.152	1.01182692670886e-18	"7"	"RP2"
2.7755541734971e-23	1.20760865497519	0.942	0.746	1.01588058304167e-18	"8"	"YWHAH"
2.78885809547829e-23	0.945393414079734	0.295	0.133	1.02074995152601e-18	"7"	"CLCF1"
2.80115436967964e-23	0.665163901690775	0.577	0.339	1.02525051084644e-18	"7"	"ADPRHL2"
2.80687095507359e-23	1.16794479743489	0.848	0.51	1.02734283826648e-18	"8"	"FOXP1"
2.80783920563462e-23	1.20548979856826	0.855	0.605	1.02769722765433e-18	"8"	"TRAM2"
2.86588479043506e-23	0.604190888423308	0.551	0.304	1.04894249214714e-18	"7"	"HPCAL1"
2.86886132193586e-23	0.598089039000011	0.483	0.256	1.05003193244174e-18	"7"	"SIRPA"
2.89416968684434e-23	0.602290511666494	0.473	0.249	1.0592950470819e-18	"7"	"APBB2"
2.94962725719483e-23	1.53808133220399	0.449	0.147	1.07959307240588e-18	"8"	"MAB21L1"
3.02220658666878e-23	0.65683935494314	0.467	0.247	1.10615783278664e-18	"7"	"RAPGEF6"
3.07581638810612e-23	0.865916821785651	1	0.977	1.12577955621072e-18	"8"	"AHNAK"
3.32756500184739e-23	0.632199088042172	0.303	0.232	1.21792206632616e-18	"6"	"UQCC1"
3.6398296392076e-23	0.582894324084597	0.325	0.261	1.33221404624637e-18	"5"	"AFDN"
3.77437742173922e-23	0.664377340857795	0.741	0.494	1.38145988013077e-18	"7"	"BOP1"
3.77998895391427e-23	0.572881167912926	0.577	0.326	1.38351375702216e-18	"7"	"EEF1AKNMT"
3.80439123835543e-23	0.71813769897989	1	0.975	1.39244523715047e-18	"8"	"HTRA1"
3.88151973016854e-23	0.538167995920268	0.846	0.634	1.42067503643899e-18	"7"	"DNTTIP2"
3.91332323530546e-23	0.598014898615382	0.443	0.402	1.43231543735415e-18	"5"	"TUBE1"
3.97682869547286e-23	0.61215834280015	0.304	0.242	1.45555907083002e-18	"5"	"PARP6"
4.0456903497295e-23	0.788919827588677	0.339	0.161	1.4807631249045e-18	"7"	"MAP3K6"
4.09446000419675e-23	0.699981204368772	0.501	0.274	1.49861330613605e-18	"7"	"STXBP5"
4.13464069925645e-23	0.757540696354011	0.359	0.171	1.51331984233485e-18	"7"	"SCLY"
4.26031681767636e-23	0.874833402844405	0.311	0.143	1.55931855843772e-18	"7"	"ENTPD5"
4.33183685324765e-23	0.550012613751193	0.758	0.508	1.58549560665717e-18	"7"	"DAXX"
4.56190255207703e-23	0.843374045539675	0.317	0.146	1.66970195308571e-18	"7"	"PRDM5"
4.64381434264845e-23	0.849315199622428	0.311	0.143	1.69968248755276e-18	"7"	"PLA2G15"
4.71618935236133e-23	0.51261963514934	0.311	0.231	1.72617246485777e-18	"6"	"MARCH2"
4.76538009580515e-23	0.652682898648623	0.533	0.297	1.74417676886564e-18	"7"	"MRPL49"
4.98316322121703e-23	0.561856684127533	0.713	0.446	1.82388757059764e-18	"7"	"HOXB7"
5.01734103597632e-23	0.55423563634544	0.42	0.37	1.83639699257769e-18	"5"	"RPP38"
5.0496051010662e-23	0.521412768394287	0.425	0.37	1.84820596304124e-18	"5"	"CEP63"
5.10506879561083e-23	0.736601422762539	0.475	0.256	1.86850622988152e-18	"7"	"UQCRHL"
5.2454024188164e-23	0.66137722657783	0.377	0.183	1.91986973931099e-18	"7"	"OSBPL10"
5.24811024369949e-23	0.708758756320352	0.591	0.352	1.92086083029645e-18	"7"	"GRWD1"
5.28319425238505e-23	1.04094390790622	0.971	0.883	1.93370192831545e-18	"8"	"RAD23B"
5.58749329352375e-23	0.613512266892571	0.741	0.49	2.04507842036263e-18	"7"	"PRMT5"
5.88422488869992e-23	1.4002582589852	0.949	0.786	2.15368515151306e-18	"8"	"WDR1"
5.89529600197397e-23	0.736416240437352	1	0.918	2.15773728968249e-18	"8"	"BGN"
5.92676460763888e-23	0.528266073779394	0.864	0.631	2.16925511404191e-18	"7"	"FAM207A"
6.03538081210409e-23	0.744042624421338	0.335	0.157	2.20900973103822e-18	"7"	"GALNT7"
6.30693233205975e-23	0.770409949809546	0.365	0.178	2.30840030285719e-18	"7"	"KBTBD4"
6.47927307227719e-23	0.665908488635176	0.348	0.284	2.37147873718417e-18	"5"	"GALNT15"
6.98565390592893e-23	0.65461816543569	0.527	0.297	2.55681918610905e-18	"7"	"NAB2"
7.54461957693366e-23	0.548081209590518	0.313	0.25	2.76140621135349e-18	"5"	"CHKA"
7.59020785671248e-23	2.13437388230225	0.312	0.083	2.77809197763533e-18	"8"	"KRT18"
7.72775635580241e-23	1.66842690086184	0.775	0.465	2.82843610378724e-18	"8"	"PALLD"
7.8828187379142e-23	0.572253439794725	0.579	0.331	2.88519048626398e-18	"7"	"DNMBP"
7.97524248354362e-23	0.5651222312167	0.335	0.297	2.9190185014018e-18	"3"	"ASH2L"
8.03718531772386e-23	0.712097870377631	0.741	0.538	2.94169019814011e-18	"7"	"HOMER3"
8.04711751339037e-23	0.935035049193197	0.971	0.825	2.94532548107601e-18	"8"	"LARP6"
8.05418370549692e-23	0.556114872809014	0.43	0.368	2.94791177804893e-18	"5"	"FGF2"
8.1573426996148e-23	0.588210056457754	0.659	0.403	2.98566900148601e-18	"7"	"NOC3L"
8.65915471096589e-23	0.639841199544011	0.675	0.421	3.16933721576062e-18	"7"	"CWC27"
9.31081186081639e-23	0.661985198097556	0.298	0.238	3.40785024917741e-18	"5"	"PTER"
9.56457581592009e-23	0.513035545019259	0.79	0.534	3.50073039438491e-18	"7"	"ARMC1"
9.60251897872399e-23	0.588074883446302	0.491	0.262	3.51461797140277e-18	"7"	"SHLD2"
9.7441988794563e-23	0.616082536871166	0.607	0.353	3.5664742318698e-18	"7"	"DOCK1"
1.00021362354023e-22	1.53964191366916	1	1	3.6608818835196e-18	"8"	"ACTB"
1.02083628555658e-22	0.56264810209703	0.394	0.325	3.73636288876563e-18	"6"	"VTI1A"
1.02344216716416e-22	0.810557586018219	0.269	0.116	3.74590067603753e-18	"7"	"ZSWIM9"
1.02414440845851e-22	0.734820718321531	0.377	0.185	3.748470949399e-18	"7"	"OGFRL1"
1.03444015800111e-22	0.529335672146689	0.369	0.311	3.78615442229987e-18	"5"	"MUL1"
1.04804696070204e-22	1.15422637256227	0.949	0.888	3.83595668086555e-18	"8"	"PDLIM2"
1.04946830437748e-22	0.561525298287544	0.766	0.523	3.84115894085201e-18	"7"	"CFAP298"
1.05712165085794e-22	0.649306858631013	0.467	0.248	3.86917095430513e-18	"7"	"RNGTT"
1.08518057787609e-22	0.588446287820737	0.613	0.359	3.97186943308426e-18	"7"	"KNOP1"
1.12084463139858e-22	0.756613921966228	0.385	0.191	4.10240343538194e-18	"7"	"CHMP6"
1.13371398496573e-22	0.514974036124615	1	1	4.14950655637305e-18	"8"	"COL6A1"
1.18229666703093e-22	0.595456571231055	0.557	0.318	4.32732403099992e-18	"7"	"OGG1"
1.18835998004976e-22	0.539376368376406	0.685	0.426	4.34951636298011e-18	"7"	"PRKCI"
1.18961223189626e-22	0.638418936875211	0.537	0.296	4.35409972996352e-18	"7"	"ACBD5"
1.1920046083347e-22	0.627049015521546	0.256	0.184	4.36285606696584e-18	"6"	"ABHD6"
1.19848170985589e-22	0.746775661528058	0.272	0.214	4.38656290624355e-18	"5"	"ISYNA1"
1.25036547778874e-22	0.518716590800797	0.824	0.585	4.57646268525457e-18	"7"	"NIPBL"
1.25648244915499e-22	0.631196726251884	0.352	0.295	4.59885141215218e-18	"5"	"MRPL49"
1.26006422764163e-22	1.3691437229609	0.699	0.548	4.61196107959114e-18	"7"	"CRABP2"
1.26041507096152e-22	0.599395306027448	0.647	0.392	4.61324520122628e-18	"7"	"OSGEP"
1.2651000103168e-22	1.91991542946317	0.478	0.183	4.63039254776053e-18	"8"	"ADAMTS7"
1.29639602430154e-22	0.619801217630775	0.681	0.425	4.74493908854607e-18	"7"	"HOXC9"
1.31246295653992e-22	0.570158696422282	0.88	0.683	4.80374566723175e-18	"7"	"NOLC1"
1.35900866591774e-22	0.754383948427926	0.269	0.117	4.97410761812554e-18	"7"	"ARMC9"
1.45480237596069e-22	0.5702076276514	0.327	0.267	5.32472217625374e-18	"5"	"LINC00909"
1.48517815932512e-22	0.659423052187626	0.489	0.265	5.43590058094586e-18	"7"	"VPS52"
1.731312325926e-22	0.538093662140067	0.368	0.295	6.33677624412175e-18	"6"	"SLC7A1"
1.76681451306413e-22	1.6629533813753	0.464	0.163	6.46671779926601e-18	"8"	"DEPP1"
1.76685532866995e-22	0.599888027434178	0.485	0.255	6.4668671884649e-18	"7"	"SH3GLB2"
1.79471546541426e-22	0.571886289077138	0.545	0.299	6.56883807496272e-18	"7"	"MAP3K4"
1.81932893309034e-22	0.673513574236604	0.405	0.205	6.65892582800395e-18	"7"	"TEX10"
1.82838784386218e-22	0.659392759749235	0.465	0.249	6.69208234731996e-18	"7"	"LCOR"
1.83918635973624e-22	0.536281611315555	0.36	0.323	6.73160599527061e-18	"3"	"APEX2"
1.91891002081358e-22	0.503767849908239	0.439	0.384	7.02340256717977e-18	"5"	"AC245297.3"
1.94995821588057e-22	0.583707282065501	0.635	0.383	7.13704206594446e-18	"7"	"MSH3"
2.02127648932775e-22	1.87719773770159	0.406	0.133	7.39807407858849e-18	"8"	"TMEM173"
2.11404752634328e-22	0.601441824670894	0.535	0.301	7.73762535116904e-18	"7"	"ALG14"
2.13191071363936e-22	0.664269457003648	0.661	0.405	7.8030064029914e-18	"7"	"ZNFX1"
2.21204198353464e-22	0.796502319702197	0.333	0.159	8.09629486393515e-18	"7"	"ZNF532"
2.27646223661368e-22	1.53920641705021	0.819	0.509	8.33207943222975e-18	"8"	"TCF4"
2.28984387538061e-22	0.522626039871531	0.571	0.318	8.38105756828056e-18	"7"	"NDST1"
2.29242624990569e-22	0.543073662554284	0.709	0.439	8.3905093172798e-18	"7"	"LPIN2"
2.33264004502009e-22	0.638525824768718	0.551	0.314	8.53769582877803e-18	"7"	"AGO2"
2.33293920711418e-22	0.81823369184221	0.25	0.105	8.53879079195861e-18	"7"	"CEP162"
2.48955995926278e-22	0.704542747730015	0.467	0.251	9.11203840689771e-18	"7"	"STK10"
2.5440847190466e-22	0.803142518989798	0.261	0.112	9.31160448018246e-18	"7"	"PALB2"
2.59429863694678e-22	0.657781419827933	0.749	0.53	9.49539244108892e-18	"7"	"SSBP4"
2.76744524152045e-22	0.610173074384353	0.465	0.243	1.0129126328489e-17	"7"	"LSM14B"
3.00009141878576e-22	0.579662999129229	0.338	0.278	1.09806346018977e-17	"5"	"C7orf26"
3.05869454264958e-22	0.506317362287843	0.844	0.626	1.11951278955517e-17	"7"	"USP16"
3.08373520152777e-22	0.711649071545867	0.295	0.133	1.12867792111118e-17	"7"	"CRY1"
3.14686156688537e-22	0.540221574591178	0.868	0.698	1.15178280209572e-17	"7"	"ADAM15"
3.16857957314514e-22	0.561932751232121	0.774	0.513	1.15973180956685e-17	"7"	"PPHLN1"
3.32470849431851e-22	0.550890255093766	0.571	0.325	1.21687655600552e-17	"7"	"LSG1"
3.43429490442446e-22	0.601598910493564	0.573	0.335	1.2569862779684e-17	"7"	"RBM23"
3.56607638760697e-22	0.649973831544183	0.539	0.304	1.30521961862803e-17	"7"	"SRF"
3.64001795023017e-22	0.58572406933412	0.311	0.24	1.33228296996374e-17	"6"	"CASD1"
3.65034881181693e-22	0.593727847039891	0.327	0.254	1.33606416861311e-17	"6"	"HOXB4"
3.74894340317544e-22	1.16872540016263	0.833	0.569	1.37215077499624e-17	"8"	"PON2"
3.81834802439828e-22	1.53645965775158	0.63	0.296	1.39755356041002e-17	"8"	"CBR3"
4.08509359247374e-22	0.815136739584607	0.309	0.143	1.49518510578131e-17	"7"	"VARS2"
4.38363450852442e-22	0.519323519837484	0.733	0.473	1.60445406646502e-17	"7"	"UGGT1"
4.74246750107199e-22	1.4725925475814	0.877	0.558	1.73579053006736e-17	"8"	"ELN"
4.84089763968315e-22	0.574834954044217	0.715	0.46	1.77181694510043e-17	"7"	"ZC3H7A"
4.86434373082759e-22	0.675949185412093	0.495	0.272	1.78039844892021e-17	"7"	"DOK1"
5.01228245856241e-22	0.584959639941945	0.341	0.283	1.83454550265843e-17	"5"	"TRIM24"
5.09580458299294e-22	0.628092746563244	0.349	0.166	1.86511543542125e-17	"7"	"GABPB2"
5.10462907823508e-22	0.767192174344376	0.387	0.197	1.86834528892482e-17	"7"	"CHN1"
5.44007750623602e-22	0.659051077810632	0.605	0.371	1.99112276805744e-17	"7"	"RCC2"
5.53777580523382e-22	0.940473775571146	0.287	0.135	2.02688132247363e-17	"7"	"FOXF1"
5.85250456404892e-22	0.557625007579678	0.344	0.274	2.14207519548754e-17	"6"	"FBXO45"
6.00386418992364e-22	0.515699545173866	0.703	0.434	2.19747433215395e-17	"7"	"PCNX4"
6.39629464699621e-22	0.58717970509966	0.671	0.418	2.34110780374708e-17	"7"	"GTF2A1"
6.4309050000635e-22	1.21600924800378	0.855	0.589	2.35377553907324e-17	"8"	"TUBB3"
6.71729992747898e-22	0.684567143469888	0.409	0.212	2.45859894645658e-17	"7"	"SLC38A1"
6.87530018425424e-22	0.562063232633927	0.733	0.487	2.51642862043889e-17	"7"	"GALK1"
7.00838833664151e-22	0.524533639007397	0.816	0.577	2.56514021509416e-17	"7"	"PFDN4"
7.18232271554437e-22	0.564035580813393	0.651	0.391	2.6288019371164e-17	"7"	"CPSF1"
7.45338840552242e-22	0.528370058396289	0.824	0.569	2.72801469030526e-17	"7"	"GBF1"
7.56114368668849e-22	0.604563701931575	0.306	0.245	2.76745420076486e-17	"5"	"PLAAT4"
7.88274329307524e-22	0.668471161843536	0.443	0.234	2.88516287269847e-17	"7"	"KCTD17"
7.91571240911103e-22	2.39148759223441	0.348	0.106	2.89722989885873e-17	"8"	"BCAM"
7.91910964773774e-22	0.824348049025606	0.393	0.205	2.89847332216849e-17	"7"	"MICAL3"
8.31866522177625e-22	0.622295389393869	0.332	0.259	3.04471465782233e-17	"6"	"FAM214A"
8.32488478128462e-22	0.776806895254853	0.393	0.199	3.04699107879798e-17	"7"	"TCP11L1"
8.67998313499685e-22	0.993406170141584	0.913	0.635	3.1769606272402e-17	"8"	"BMP1"
8.79719391944606e-22	0.636933022047872	0.485	0.261	3.21986094645645e-17	"7"	"FAM20B"
9.05327127816828e-22	0.646304703225052	0.523	0.298	3.31358782052237e-17	"7"	"SOCS5"
9.13112445382595e-22	0.561000114606679	1	0.998	3.34208286134484e-17	"8"	"FN1"
9.31362659198041e-22	0.538069903316782	0.754	0.513	3.40888046893075e-17	"7"	"YLPM1"
9.8085926838291e-22	0.509432893131668	0.816	0.562	3.59004300820829e-17	"7"	"PKN1"
9.87676885118755e-22	0.511293812049486	0.832	0.561	3.61499616722316e-17	"7"	"GART"
1.00237625047279e-21	0.640058371007694	0.411	0.21	3.66879731435545e-17	"7"	"JOSD1"
1.03344557959851e-21	0.536223417738086	0.709	0.455	3.78251416588852e-17	"7"	"ILKAP"
1.07507039364033e-21	0.649217312594471	0.409	0.209	3.93486514776298e-17	"7"	"SLC9A3R1"
1.15120240356215e-21	0.597640017488964	0.483	0.259	4.21351591727782e-17	"7"	"ZNF384"
1.16318077740534e-21	0.596104257573011	0.364	0.335	4.25735796338128e-17	"4"	"EMX2"
1.24627852899232e-21	0.565058602591006	0.615	0.364	4.56150404396478e-17	"7"	"BCL10"
1.35106369709952e-21	0.514273039956421	0.376	0.319	4.94502823775395e-17	"5"	"FBXL6"
1.37773111325779e-21	0.655825888054745	0.473	0.258	5.04263364763485e-17	"7"	"CYB561"
1.46686145993216e-21	0.527830771213762	0.368	0.317	5.36885962949771e-17	"5"	"COX19"
1.49322532631634e-21	0.583308404103588	0.525	0.296	5.46535401685045e-17	"7"	"CSTF1"
1.49789446949168e-21	0.79753441885626	0.295	0.137	5.48244354778649e-17	"7"	"DCLRE1C"
1.5495327584734e-21	0.564090473109788	0.711	0.47	5.67144484928848e-17	"7"	"GTF2F2"
1.63893144219404e-21	0.580953492528528	0.621	0.376	5.9986529715744e-17	"7"	"VPS35L"
1.71191547959232e-21	0.68406054246817	0.321	0.152	6.26578184685584e-17	"7"	"IFI44"
1.78043998090386e-21	1.12647929739243	0.899	0.588	6.51658837410621e-17	"8"	"IER5L"
1.8762885021138e-21	0.636682268156984	0.257	0.216	6.8674035465867e-17	"4"	"NTNG1"
1.96319863923978e-21	0.62952669303308	0.395	0.199	7.18550333948151e-17	"7"	"SLC39A10"
1.97532081607521e-21	0.811711456845036	0.281	0.128	7.22987171891689e-17	"7"	"FGF14"
2.08636065547038e-21	0.567702133434281	0.641	0.399	7.63628863508713e-17	"7"	"ZNF639"
2.35355044246115e-21	1.43857971715773	0.87	0.555	8.61422997445207e-17	"8"	"NEXN"
2.40432842301552e-21	0.576673723304199	0.293	0.22	8.80008246107909e-17	"6"	"SLC25A44"
2.43957657967333e-21	1.73874337738385	0.681	0.358	8.92909423926237e-17	"8"	"FIBIN"
2.45927260543998e-21	0.632380472962683	0.443	0.234	9.00118366317086e-17	"7"	"SOCS6"
2.53230512882638e-21	0.660056530165273	0.443	0.234	9.26849000201744e-17	"7"	"CNEP1R1"
2.56312153272162e-21	0.552224046020204	0.559	0.317	9.38128112191439e-17	"7"	"CRKL"
2.60878786751986e-21	0.718845674492262	0.415	0.221	9.54842447390944e-17	"7"	"CAMK2G"
2.62341972015459e-21	0.705358463854159	0.367	0.181	9.60197851773781e-17	"7"	"DGCR8"
2.69061338418806e-21	0.761514403366297	0.423	0.224	9.84791404746671e-17	"7"	"UNKL"
2.70234618671906e-21	0.75546013574852	0.778	0.57	9.89085727801044e-17	"7"	"IMPA2"
2.75291887395109e-21	0.889312772913288	0.277	0.126	1.00759583705484e-16	"7"	"MTCL1"
2.79930421393394e-21	0.529016764573665	0.725	0.465	1.02457333534196e-16	"7"	"AAK1"
2.79979418313996e-21	0.993347872791408	0.267	0.121	1.02475266897106e-16	"7"	"STS"
2.81579288627991e-21	0.540056483413523	0.593	0.346	1.03060835430731e-16	"7"	"PDCD11"
2.98686434787271e-21	0.723872073146096	0.445	0.238	1.09322221996489e-16	"7"	"CROT"
3.00879538003583e-21	0.86802344367169	0.285	0.131	1.10124919704691e-16	"7"	"TCEANC2"
3.04324262202403e-21	0.60069523906499	0.315	0.245	1.11385723208702e-16	"6"	"MTHFD2L"
3.08082434086517e-21	0.517958045510829	0.689	0.43	1.12761251700006e-16	"7"	"CDK12"
3.21733349282763e-21	0.905682158714036	0.993	0.912	1.17757623170984e-16	"8"	"IFITM2"
3.24360185522468e-21	0.885098710840678	0.978	0.859	1.18719071503078e-16	"8"	"CNN2"
3.24479081777026e-21	0.549812464582271	0.365	0.311	1.18762588721209e-16	"5"	"PPP1R3F"
3.24503487114425e-21	2.05887814737297	0.457	0.174	1.18771521318751e-16	"8"	"ECHDC3"
3.2483902227832e-21	0.525730754867571	0.745	0.488	1.18894330544088e-16	"7"	"EXOC5"
3.32037037315068e-21	0.810925994454099	0.271	0.121	1.21528876027688e-16	"7"	"IKBKB"
3.50928567174764e-21	0.581102483076212	0.832	0.634	1.28443364871635e-16	"7"	"PSAT1"
3.53363428454074e-21	0.545472035941974	0.577	0.33	1.29334548448476e-16	"7"	"ELK1"
3.63645894630859e-21	0.580889730779607	0.549	0.31	1.33098033893841e-16	"7"	"MICAL1"
3.65040378593096e-21	0.556145559567851	0.621	0.375	1.33608428968859e-16	"7"	"DIDO1"
3.75323544613844e-21	0.588819769317396	0.635	0.388	1.37372170564113e-16	"7"	"WASHC5"
3.95059421918563e-21	0.537451120934642	0.291	0.229	1.44595699016413e-16	"5"	"GIT1"
4.08847842698924e-21	0.531124706949876	0.621	0.363	1.49642398906233e-16	"7"	"PAK1IP1"
4.21172194714631e-21	0.675789879842565	0.285	0.129	1.54153234987502e-16	"7"	"PLK3"
4.25034535206129e-21	0.591829829988857	0.327	0.27	1.55566890230795e-16	"5"	"LEMD2"
4.53984736433669e-21	1.37372474262731	0.935	0.749	1.66162953382087e-16	"8"	"STAT1"
4.54020725301432e-21	0.654118895153212	0.405	0.208	1.66176125667577e-16	"7"	"TAF8"
4.54126749170582e-21	0.53398400010194	0.368	0.3	1.66214931463925e-16	"6"	"HOMEZ"
4.56130507497783e-21	0.550373186650656	0.537	0.305	1.66948327049264e-16	"7"	"OBI1"
4.61095301614363e-21	0.520027421033766	0.651	0.386	1.68765491343873e-16	"7"	"BCS1L"
4.61275678607912e-21	0.522574461513098	0.806	0.564	1.68831511127282e-16	"7"	"UCHL3"
4.72934017515112e-21	2.13382791938115	0.536	0.238	1.73098579750706e-16	"8"	"MCAM"
4.73529816805705e-21	0.644502524186091	0.471	0.26	1.73316648249056e-16	"7"	"PLPBP"
4.79794097200411e-21	0.567115628631461	0.525	0.296	1.75609437516322e-16	"7"	"LITAF"
5.67416648911389e-21	3.68438338979612	0.958	0.323	2.07680167668058e-16	"9"	"SYNE1"
5.83775914401562e-21	0.553239763177566	0.635	0.375	2.13667822430116e-16	"7"	"ABCD3"
5.86463149404792e-21	0.728859362258575	0.317	0.151	2.14651377313648e-16	"7"	"EPG5"
5.94505433704808e-21	0.560997070143367	0.669	0.411	2.17594933790297e-16	"7"	"ITPRIPL2"
5.96236804965451e-21	0.696049751225686	0.341	0.166	2.18228632985405e-16	"7"	"ATXN7L3"
6.05644016050031e-21	0.563535233352046	0.485	0.257	2.21671766314472e-16	"7"	"TMEM209"
6.06581617803901e-21	0.538793089873987	0.671	0.422	2.22014937932406e-16	"7"	"PLXNB2"
6.39772735913897e-21	0.793567875925477	0.313	0.149	2.34163219071845e-16	"7"	"PIGO"
6.67473009882274e-21	0.588966494603705	0.589	0.352	2.44301796347011e-16	"7"	"ZNF217"
6.80172299926699e-21	0.561801815843178	0.585	0.342	2.48949863496171e-16	"7"	"GPANK1"
7.03493462234647e-21	0.887698410028194	0.986	0.837	2.57485642112503e-16	"8"	"MARCKS"
7.03957008032023e-21	0.578468497651319	0.517	0.287	2.57655304509801e-16	"7"	"IPO8"
7.0674044531475e-21	0.530301402414806	0.503	0.277	2.58674070389652e-16	"7"	"RELL1"
7.22729051094056e-21	0.521957545149252	0.509	0.276	2.64526059990936e-16	"7"	"SPINDOC"
7.27259357757942e-21	0.653630588131008	0.457	0.249	2.66184197532984e-16	"7"	"CUEDC1"
7.29292338329259e-21	0.535328288028722	0.374	0.32	2.66928288751892e-16	"5"	"ORC4"
7.70488344480945e-21	1.41068574662841	0.819	0.54	2.82006438963471e-16	"8"	"CFL2"
8.01569679553888e-21	0.55823804308074	0.575	0.334	2.93382518413519e-16	"7"	"ZNF598"
8.14563715664607e-21	0.758869111363552	0.273	0.123	2.98138465570403e-16	"7"	"ATG16L2"
8.17430016432257e-21	2.06696566790661	0.341	0.104	2.9918756031437e-16	"8"	"GRK5"
8.39760566913348e-21	0.564944024055317	0.689	0.432	3.07360765095954e-16	"7"	"SPAG16"
8.5801997730995e-21	1.7431126198003	0.5	0.201	3.14043891895215e-16	"8"	"MCU"
8.69911466972158e-21	0.576307286128714	0.461	0.247	3.1839629602648e-16	"7"	"SMG6"
9.19818904784709e-21	0.638351959593592	0.415	0.216	3.36662917340251e-16	"7"	"PPIL2"
1.00899438280503e-20	0.509905796629692	0.876	0.675	3.69302034050469e-16	"7"	"BACE1"
1.04576081279106e-20	0.703022684130966	0.305	0.142	3.82758915089658e-16	"7"	"EARS2"
1.11176387772934e-20	0.544487259242011	0.655	0.406	4.06916696887716e-16	"7"	"TMEM250"
1.11674573643667e-20	0.51876885327523	0.745	0.49	4.08740106993186e-16	"7"	"HMBS"
1.13704040737907e-20	0.547449764119433	0.499	0.274	4.16168159504815e-16	"7"	"NBPF15"
1.15629588335221e-20	0.826460049012492	0.671	0.448	4.23215856265743e-16	"7"	"VIM-AS1"
1.1731591549214e-20	0.624333437132734	0.28	0.212	4.29387982292781e-16	"6"	"HAUS3"
1.17373005305896e-20	0.600151688975594	0.451	0.24	4.29596936720111e-16	"7"	"EDEM1"
1.21027589201049e-20	0.578339387102191	0.485	0.264	4.42973079234758e-16	"7"	"PRORP"
1.24193728916592e-20	1.56372552299437	0.935	0.754	4.54561467207619e-16	"8"	"VCL"
1.25567552491526e-20	0.590002673686288	0.359	0.33	4.59589798874233e-16	"4"	"SLC2A13"
1.39939107736458e-20	0.556576141875154	0.625	0.377	5.1219112822621e-16	"7"	"DYNLL2"
1.39948274173919e-20	0.519695012449884	0.599	0.351	5.12224678303959e-16	"7"	"STRN4"
1.41448328602326e-20	0.715481439695306	0.313	0.149	5.17715027517375e-16	"7"	"PIDD1"
1.43170462899874e-20	1.57094546825905	0.877	0.642	5.2401821125983e-16	"8"	"TUBA1A"
1.4366569107406e-20	0.836547406808916	0.399	0.212	5.25830795900167e-16	"7"	"ANKH"
1.4384413594755e-20	0.52590459704952	0.683	0.427	5.26483921981629e-16	"7"	"TMTC3"
1.48960655134766e-20	0.85067943732975	0.971	0.857	5.45210893858758e-16	"8"	"PLIN3"
1.49257505350986e-20	0.519176404981594	0.894	0.771	5.46297395335143e-16	"7"	"GAMT"
1.49731856549634e-20	0.697474023090484	0.331	0.162	5.48033568157316e-16	"7"	"EOGT"
1.52853765267692e-20	0.509877674259765	0.846	0.654	5.5946006625628e-16	"7"	"CDC42EP1"
1.57247867671655e-20	0.547056829820438	0.687	0.435	5.75542920465023e-16	"7"	"CNOT11"
1.58067100205959e-20	0.547861453069071	0.557	0.318	5.78541393463832e-16	"7"	"IFT74"
1.59932497456193e-20	0.671364339879419	0.365	0.181	5.85368933939412e-16	"7"	"COG7"
1.62576279917823e-20	0.776240429875807	0.335	0.166	5.95045442127225e-16	"7"	"UBXN8"
1.69024747945127e-20	1.9449663959332	0.362	0.115	6.1864747995396e-16	"8"	"JAG1"
1.70027717874488e-20	0.778295681062473	0.261	0.116	6.22318450192415e-16	"7"	"FMNL3"
1.73213390958662e-20	0.535107482279537	0.703	0.455	6.33978332247799e-16	"7"	"THAP7"
1.7463779364685e-20	0.679898300266061	0.264	0.209	6.39191788526834e-16	"5"	"DDX59"
1.76794500134442e-20	0.512949884959389	0.79	0.556	6.47085549942072e-16	"7"	"RABEP1"
1.78451790706413e-20	0.556731031565264	0.613	0.374	6.53151399164542e-16	"7"	"MTERF3"
1.81312032735898e-20	0.51483955111263	0.615	0.363	6.63620171016659e-16	"7"	"PARP4"
1.83704366363153e-20	1.26335167997191	0.558	0.225	6.72376351325778e-16	"8"	"SHOX2"
1.87421845656014e-20	0.500425789342333	0.635	0.379	6.85982697285576e-16	"7"	"CTNNBL1"
1.90919646892515e-20	0.84694250569409	0.251	0.112	6.98784999591294e-16	"7"	"FOXRED2"
1.9267717631338e-20	0.727876522060517	0.355	0.18	7.05217733024602e-16	"7"	"SRD5A1"
1.93527016147788e-20	0.856390864149008	0.273	0.125	7.08328231802517e-16	"7"	"EID2B"
1.98649388483502e-20	0.679248286924925	0.417	0.221	7.27076626788467e-16	"7"	"ABCB10"
2.00402587357193e-20	0.784543275176071	0.383	0.2	7.33493509986061e-16	"7"	"FZD7"
2.00704449617725e-20	0.72401213220872	0.437	0.234	7.34598356045836e-16	"7"	"TSPAN17"
2.06184640547148e-20	0.549321243780795	0.527	0.299	7.54656402866615e-16	"7"	"ASH2L"
2.12416913972415e-20	0.624068591280168	0.447	0.238	7.77467146830437e-16	"7"	"USP12"
2.14776160960018e-20	0.605126429503452	0.314	0.256	7.86102226729763e-16	"5"	"NPAS2"
2.15854319166488e-20	0.77980182571634	0.321	0.157	7.90048393581262e-16	"7"	"TADA2A"
2.19096749010528e-20	0.632996149133291	0.515	0.299	8.01916011053433e-16	"7"	"FBXW7"
2.25561600198408e-20	0.607828397354121	0.717	0.482	8.25578012886192e-16	"7"	"RIPOR1"
2.28373978412535e-20	0.537827543982508	0.637	0.395	8.3587159838772e-16	"7"	"SLC4A2"
2.29912154060485e-20	0.971105621946569	0.899	0.589	8.41501475076782e-16	"8"	"CYP1B1"
2.30309803024254e-20	0.533719448323605	0.414	0.367	8.42956910049071e-16	"5"	"SPTY2D1"
2.30556067276685e-20	0.705909505775803	0.467	0.264	8.43858261839394e-16	"7"	"ORAI2"
2.36755032482281e-20	0.683635560988185	0.375	0.325	8.66547094388398e-16	"5"	"YPEL2"
2.40898362609336e-20	0.503162418463831	0.551	0.309	8.81712096986429e-16	"7"	"CWC25"
2.41739484814886e-20	1.66658853850079	0.58	0.271	8.84790688370965e-16	"8"	"FZD2"
2.53435627758254e-20	0.727939803973382	0.397	0.208	9.27599741157986e-16	"7"	"VPS33A"
2.55052900591783e-20	0.84596898040586	0.313	0.155	9.33519121455983e-16	"7"	"MAFF"
2.58850991727628e-20	0.527286773040379	0.623	0.372	9.47420514822292e-16	"7"	"ZDHHC6"
2.59011012966673e-20	0.969553540818549	0.899	0.588	9.4800620855932e-16	"8"	"ITGB5"
2.69167745534479e-20	0.779760962965525	0.957	0.867	9.85180865430746e-16	"8"	"FERMT2"
2.73059706124085e-20	0.501597866877009	0.838	0.626	9.99425830384762e-16	"7"	"PYCR1"
2.77308866675047e-20	0.517233849998497	0.309	0.281	1.01497818291734e-15	"1"	"IGFLR1"
2.80319957328544e-20	0.513927108886227	0.733	0.482	1.02599907581821e-15	"7"	"RANBP9"
2.90698851652178e-20	0.530536230000295	0.637	0.385	1.06398686693214e-15	"7"	"STAM"
3.02599631618927e-20	0.528564039876029	0.3	0.239	1.10754491168844e-15	"5"	"CCDC18"
3.04096821203369e-20	0.541391592573594	0.493	0.47	1.11302477528645e-15	"5"	"SESN2"
3.05861328750447e-20	0.655300545778382	0.441	0.237	1.11948304935951e-15	"7"	"PRMT3"
3.07840216718076e-20	0.943773477088846	0.319	0.164	1.12672597720983e-15	"7"	"RGCC"
3.1271399456676e-20	0.562892870086782	0.762	0.52	1.1445644915138e-15	"7"	"NID2"
3.13084160847824e-20	0.632145317595029	0.517	0.299	1.14591933711912e-15	"7"	"NUP133"
3.44111387540328e-20	0.64562898003408	0.269	0.204	1.25948208953636e-15	"6"	"GBA2"
3.51093898676845e-20	0.651934175240299	0.345	0.17	1.28503877854712e-15	"7"	"CIC"
3.53628135730891e-20	0.544055291129123	1	0.998	1.29431433958864e-15	"8"	"COL1A2"
3.55830152355143e-20	0.583023207748256	0.481	0.265	1.30237394063506e-15	"7"	"GPN2"
3.57069401255963e-20	0.608950718817995	0.391	0.202	1.30690971553695e-15	"7"	"NBPF9"
3.63914324358849e-20	0.641808115325405	0.281	0.242	1.33196281858582e-15	"4"	"TRIM47"
3.67794978423687e-20	0.671255019095791	0.375	0.189	1.34616640052854e-15	"7"	"DYRK1A"
3.74197430802356e-20	0.622159502804126	0.389	0.201	1.3696000164797e-15	"7"	"METTL27"
3.92139992586962e-20	0.603747438676754	0.399	0.204	1.43527158686754e-15	"7"	"UBIAD1"
3.93075864237362e-20	0.559868011587072	0.386	0.34	1.43869697069517e-15	"5"	"ZNF410"
3.99558969117696e-20	1.37293557021756	0.63	0.296	1.46242578286768e-15	"8"	"PPP1R14B-AS1"
4.12168175704871e-20	0.535076137296082	0.585	0.344	1.5085767398974e-15	"7"	"BAIAP2"
4.25582780129954e-20	0.557650132193248	0.569	0.34	1.55767553355365e-15	"7"	"XXYLT1"
4.28360937316932e-20	0.717273174991857	0.307	0.147	1.5678438666737e-15	"7"	"BNIP1"
4.33670025737696e-20	0.569022018047265	0.806	0.608	1.58727566120254e-15	"7"	"MICA"
4.43837775328497e-20	0.530116798514484	0.786	0.559	1.62449064147983e-15	"7"	"BAG6"
4.44004021558379e-20	0.501126951215281	0.533	0.294	1.62509911930582e-15	"7"	"RFT1"
4.48429453006268e-20	0.500384182936108	0.974	0.897	1.64129664094824e-15	"7"	"TXNRD1"
4.66219565488037e-20	0.516963649070472	0.555	0.324	1.70641023164277e-15	"7"	"INTS1"
4.74046270793415e-20	0.501137234415878	0.703	0.435	1.73505675573098e-15	"7"	"CDC42BPA"
4.7439584382199e-20	0.579804193788449	0.535	0.305	1.73633622797287e-15	"7"	"ZBED1"
4.86673159283389e-20	0.70096458991337	0.401	0.214	1.78127243029313e-15	"7"	"NOMO1"
4.88637180660511e-20	0.564580362891898	0.727	0.484	1.78846094493553e-15	"7"	"GMFB"
4.90450428211068e-20	2.09316532192176	0.312	0.089	1.79509761229533e-15	"8"	"PARD3B"
5.1578092216754e-20	1.1407674792189	0.836	0.709	1.88780975322542e-15	"7"	"HIST1H1C"
5.17985136313362e-20	0.589410023386955	0.352	0.298	1.89587739742054e-15	"5"	"TBC1D15"
5.24143462757982e-20	0.544135298700374	0.521	0.291	1.91841748804049e-15	"7"	"MARK2"
5.3956355684221e-20	0.509644215135145	0.34	0.27	1.97485657439817e-15	"6"	"ILRUN"
5.58005311101083e-20	0.527300006058228	0.715	0.465	2.04235523916107e-15	"7"	"RAE1"
5.7082645496523e-20	0.569128312332802	0.527	0.298	2.08928190781824e-15	"7"	"FAM193A"
5.82715927623545e-20	0.569145970979499	0.367	0.182	2.13279856669494e-15	"7"	"FGGY"
5.86273698001118e-20	0.617345727940109	0.282	0.224	2.14582036205389e-15	"5"	"ZCCHC8"
5.87633574138187e-20	0.576784943344363	0.561	0.325	2.15079764470318e-15	"7"	"NDUFAF6"
5.89221377006713e-20	1.58411341665016	0.514	0.208	2.15660916198227e-15	"8"	"LGR4"
6.18104746988053e-20	0.685699131901609	0.381	0.195	2.26232518445097e-15	"7"	"RITA1"
6.41423663165913e-20	0.70469118856331	0.315	0.151	2.34767474955356e-15	"7"	"IQCE"
6.48341569910799e-20	0.721774086465193	0.253	0.189	2.37299498003051e-15	"6"	"HEIH"
6.57775544016138e-20	1.90585907557361	0.5	0.207	2.40752426865347e-15	"8"	"AC022966.1"
6.7662075504207e-20	0.647076905825198	0.33	0.279	2.47649962552948e-15	"5"	"FBXO34"
6.8912783866133e-20	0.964152159263489	0.949	0.749	2.52227680228433e-15	"8"	"TMEM119"
6.97849921161326e-20	0.584672584335067	0.425	0.224	2.55420049644257e-15	"7"	"SMCO4"
6.99315195688594e-20	0.562589242559012	0.543	0.312	2.55956354773982e-15	"7"	"GTPBP8"
7.01330407157691e-20	2.29419030840232	0.254	0.065	2.56693942323786e-15	"8"	"LINC01638"
7.01679010886851e-20	0.564829961612885	0.397	0.206	2.56821534774696e-15	"7"	"TRIM11"
7.06338930365302e-20	0.896483310592557	0.986	0.932	2.58527111903004e-15	"8"	"CNN3"
7.14708776726496e-20	0.508147310035183	0.828	0.605	2.61590559369665e-15	"7"	"CSNK2A1"
7.15081022668964e-20	0.63741559786776	0.431	0.233	2.61726805107068e-15	"7"	"TTF1"
7.24480762979197e-20	0.814764495081522	0.291	0.139	2.65167204058016e-15	"7"	"ANKRD36"
7.30336093518153e-20	1.07571423820555	0.949	0.663	2.67310313588579e-15	"8"	"ITGA5"
8.02846051306008e-20	0.652611572544626	0.343	0.17	2.93849683238512e-15	"7"	"CASP2"
8.05500333473989e-20	0.537417182904153	0.619	0.379	2.94821177054815e-15	"7"	"DHX16"
8.11899952987797e-20	0.638191227260032	0.368	0.324	2.97163501793063e-15	"5"	"ZMYM5"
8.22611401723471e-20	0.635394397874637	0.447	0.245	3.01083999144808e-15	"7"	"UCK1"
8.64026036847247e-20	0.570498551439762	0.635	0.395	3.16242169746461e-15	"7"	"C19orf25"
8.70715769541988e-20	0.579773404597127	0.381	0.336	3.18690678810063e-15	"5"	"TRIM23"
9.03904438634427e-20	0.676480940378579	0.427	0.234	3.30838063584587e-15	"7"	"SAMD9"
9.25450280845367e-20	0.521692923335531	0.305	0.235	3.38724057292213e-15	"6"	"HIST1H2BD"
9.6392658462988e-20	0.562930688310606	0.34	0.275	3.52806769240382e-15	"6"	"HAUS2"
9.72090071500535e-20	0.525114875409247	0.551	0.321	3.55794687069911e-15	"7"	"DMAC2"
9.74312313042277e-20	0.579494189991168	0.303	0.142	3.56608049696604e-15	"7"	"ANKRD36C"
9.90524333462236e-20	0.637210512375384	0.329	0.16	3.62541811290513e-15	"7"	"AKAP7"
1.0091645575531e-19	0.560260168709611	0.409	0.211	3.6936431971001e-15	"7"	"DDX59"
1.01811238901386e-19	0.507492557708802	0.784	0.552	3.72639315502963e-15	"7"	"SDAD1"
1.03666210480657e-19	0.801430452302443	0.313	0.154	3.79428696980253e-15	"7"	"SLC27A4"
1.04300036976364e-19	0.729431174201236	0.311	0.148	3.8174856533719e-15	"7"	"USP37"
1.07344380522592e-19	0.503022887639424	0.764	0.514	3.92891167150741e-15	"7"	"YIPF2"
1.10046405631979e-19	0.765702548473019	0.721	0.57	4.02780849253605e-15	"7"	"FKBP2"
1.13226517769988e-19	0.532527502765923	0.625	0.392	4.14420377689934e-15	"7"	"CNOT1"
1.14643799952084e-19	0.583371818940951	0.321	0.256	4.19607772204622e-15	"6"	"TMEM209"
1.16722618873752e-19	0.510689144537833	0.389	0.324	4.2721645733982e-15	"6"	"POLR1A"
1.16962476866837e-19	0.586414845463915	0.467	0.252	4.28094361580309e-15	"7"	"CSNK1G1"
1.17107975090195e-19	0.509919489068779	0.588	0.542	4.28626899627624e-15	"5"	"UCHL1"
1.18330043575896e-19	1.58398773736019	0.471	0.184	4.33099792492136e-15	"8"	"OSBPL10"
1.23976117980819e-19	0.639505926488284	1	0.912	4.53764989421595e-15	"8"	"TGFBI"
1.28234581013755e-19	0.736065091150376	0.349	0.176	4.69351389968447e-15	"7"	"RABL2B"
1.30592495771851e-19	0.514501892237856	0.695	0.45	4.77981593774551e-15	"7"	"ASCC2"
1.39080897157192e-19	0.672761171743619	0.341	0.171	5.09049991685038e-15	"7"	"EMSY"
1.39387036468735e-19	0.745116177610653	0.283	0.133	5.10170492179216e-15	"7"	"IQSEC2"
1.40058600131829e-19	0.566013432180054	0.517	0.295	5.12628482342506e-15	"7"	"CCDC122"
1.43351091238464e-19	0.502990010745514	0.406	0.346	5.24679329041902e-15	"6"	"MRPS9"
1.44539089283442e-19	0.556359316007131	0.259	0.227	5.29027520686325e-15	"1"	"SGMS2"
1.47147221029848e-19	0.718064619463284	1	0.961	5.38573543691346e-15	"8"	"HLA-B"
1.50306520381595e-19	0.689001709669531	0.353	0.179	5.50136895248674e-15	"7"	"TMED8"
1.50761941053147e-19	0.51918346986322	0.557	0.32	5.51803780448623e-15	"7"	"PPP1R8"
1.54033590556411e-19	1.69743430202502	0.558	0.245	5.63778344795519e-15	"8"	"CCL2"
1.54637174774079e-19	0.667758078999416	0.337	0.168	5.65987523390606e-15	"7"	"PYROXD1"
1.58330100893736e-19	1.83071014735488	0.348	0.109	5.79504002281164e-15	"8"	"TMTC1"
1.65095389914279e-19	1.53900194713506	0.543	0.234	6.04265636625252e-15	"8"	"RPS10-NUDT3"
1.70229675754806e-19	1.06222441386353	0.935	0.776	6.23057636230164e-15	"8"	"IPO5"
1.74699097964378e-19	0.558537121322358	0.503	0.281	6.39416168459421e-15	"7"	"CNOT10"
1.77071798802632e-19	0.646532010939143	0.403	0.213	6.48100490797515e-15	"7"	"ANAPC1"
1.81628543730053e-19	0.503488650326162	0.341	0.274	6.64778632906366e-15	"6"	"WDR25"
1.97507683396059e-19	0.523124362541271	0.571	0.33	7.22897871997915e-15	"7"	"RPF1"
1.9834712685713e-19	0.577098703588561	0.603	0.363	7.25970319009782e-15	"7"	"MTRF1L"
1.9931737947798e-19	0.554588330086915	0.477	0.265	7.29521540627354e-15	"7"	"MAK16"
2.13360701006206e-19	0.722328263410354	0.333	0.169	7.80921501752815e-15	"7"	"EPS8L2"
2.17104105424615e-19	0.592402671802454	0.535	0.514	7.94622736264635e-15	"5"	"TGIF1"
2.20864914564638e-19	0.560031523718702	0.359	0.321	8.08387673798032e-15	"4"	"CLGN"
2.2102214168102e-19	1.24842599842266	0.891	0.733	8.08963140766702e-15	"8"	"CAPN2"
2.25294149089271e-19	0.523279851299576	0.784	0.551	8.2459911508164e-15	"7"	"SLK"
2.26095102759602e-19	0.764648826706098	1	0.949	8.27530685610418e-15	"8"	"HIF1A"
2.28328314441873e-19	0.57183232231191	0.669	0.427	8.35704463688699e-15	"7"	"CCDC58"
2.28871915551441e-19	1.00136342459318	0.495	0.304	8.3769409810983e-15	"7"	"HIST2H2AC"
2.2979198765292e-19	0.652937843637877	0.311	0.148	8.41061654008454e-15	"7"	"GTPBP3"
2.33798056307707e-19	0.507017886752492	0.657	0.415	8.55724265891838e-15	"7"	"CCDC82"
2.37125546285049e-19	0.706665557377543	0.351	0.178	8.67903211957907e-15	"7"	"RABL3"
2.40473471871276e-19	0.7776899976285	0.289	0.138	8.80156954396058e-15	"7"	"KLF16"
2.41088297388363e-19	0.511710741671349	0.334	0.277	8.82407277271148e-15	"5"	"SLC31A2"
2.44922083518436e-19	0.561559011399562	0.495	0.278	8.96439317885826e-15	"7"	"SRRD"
2.502398192085e-19	0.558381850180537	0.523	0.307	9.15902762285031e-15	"7"	"UBAP2"
2.54691649889404e-19	0.56467913590003	0.395	0.352	9.32196907760207e-15	"5"	"INTS12"
2.65245157242971e-19	0.581211781454902	0.336	0.281	9.70823800024999e-15	"5"	"BRAP"
2.67487842959103e-19	0.543775764263376	0.663	0.427	9.79032254014612e-15	"7"	"MED1"
2.74148926252689e-19	0.505924842565307	0.344	0.314	1.00341248497747e-14	"4"	"UBTD2"
2.76243283316963e-19	0.622336052094611	0.413	0.223	1.01107804126842e-14	"7"	"CMTR1"
2.7802656587237e-19	0.935060783503503	0.928	0.74	1.01760503374946e-14	"8"	"FLOT1"
2.78555830403625e-19	0.55350504858386	0.501	0.277	1.01954219486031e-14	"7"	"PNPLA6"
2.79810438601892e-19	0.582393102108877	0.405	0.358	1.02413418632679e-14	"5"	"ARID4A"
2.94624191096786e-19	1.055739247823	0.942	0.802	1.07835400183335e-14	"8"	"PEA15"
3.35478881028664e-19	0.838925592427588	0.321	0.162	1.22788625245301e-14	"7"	"PRR34-AS1"
3.37008658964902e-19	0.610608540998397	0.431	0.235	1.23348539267744e-14	"7"	"TYK2"
3.49192756285929e-19	0.760546696581077	0.307	0.149	1.27808040728213e-14	"7"	"PPARD"
3.49556529091695e-19	0.555763614667516	0.645	0.408	1.27941185212851e-14	"7"	"SGTA"
3.50852526852948e-19	0.566434577725728	0.687	0.439	1.28415533353448e-14	"7"	"SAMD4B"
3.67131419014267e-19	2.44496288300978	0.326	0.105	1.34373770673412e-14	"8"	"ADAM19"
3.78064311477648e-19	0.531059572189634	0.469	0.26	1.38375318643934e-14	"7"	"SLC12A2"
4.00250663750288e-19	0.550267388356908	0.577	0.341	1.46495745439243e-14	"7"	"ZNF787"
4.03078683338746e-19	0.587041153199579	0.273	0.206	1.47530828888815e-14	"6"	"SLC16A2"
4.042411673899e-19	0.604715369299291	0.403	0.214	1.47956309676377e-14	"7"	"RBM12"
4.15672978388776e-19	0.540406084505891	0.707	0.47	1.52140466820076e-14	"7"	"WRNIP1"
4.16369280144633e-19	0.531513932892516	0.437	0.233	1.52395320225737e-14	"7"	"DNAJC24"
4.23867547157077e-19	0.536598669901725	0.721	0.487	1.55139760934962e-14	"7"	"NELFCD"
4.25494305234625e-19	0.560643457412226	0.423	0.224	1.55735170658925e-14	"7"	"ANAPC2"
4.35191876802052e-19	0.509594798267427	0.675	0.421	1.59284578828319e-14	"7"	"PHKB"
4.36960691414459e-19	0.64099636749889	0.317	0.265	1.59931982664606e-14	"5"	"KLHL28"
4.40801642753878e-19	0.761584329170354	0.255	0.116	1.61337809264347e-14	"7"	"ZNF473"
4.41446219953004e-19	0.552563866897353	0.645	0.396	1.61573730964999e-14	"7"	"FDX2"
4.54546304347343e-19	0.694508720426506	0.349	0.178	1.66368492854171e-14	"7"	"DDX51"
4.62187164201196e-19	0.533778605063462	0.792	0.555	1.6916512396928e-14	"7"	"EIF2B1"
4.63093898262753e-19	0.580050712738896	0.445	0.242	1.6949699770315e-14	"7"	"ASB3"
4.64818995259476e-19	0.562147726579687	0.383	0.198	1.70128400454921e-14	"7"	"TENT4B"
4.71641734596576e-19	0.519589351807253	0.339	0.308	1.72625591279693e-14	"4"	"C14orf132"
5.17542447792684e-19	1.74979882071245	0.326	0.098	1.894257113166e-14	"8"	"STAC"
5.33040644284979e-19	0.513056829321315	0.647	0.388	1.95098206214745e-14	"7"	"GIT2"
5.44684429129107e-19	0.550029068431311	0.365	0.305	1.99359947905544e-14	"6"	"AVPI1"
5.5447171508383e-19	0.711863878003829	0.325	0.16	2.02942192437832e-14	"7"	"HDAC6"
5.5611239016925e-19	0.59291424057538	0.289	0.226	2.03542695925847e-14	"6"	"FOXRED1"
5.57764818768511e-19	0.529876081708932	0.505	0.285	2.04147501317463e-14	"7"	"CNOT3"
5.6125222814087e-19	0.581048973894944	0.395	0.207	2.0542392802184e-14	"7"	"KAT5"
5.73981048011512e-19	0.579712261173652	0.365	0.185	2.10082803382693e-14	"7"	"TARS2"
5.77223811979385e-19	0.546799330912228	0.661	0.424	2.11269687422575e-14	"7"	"DENND5A"
6.13861933083432e-19	0.607777590833556	0.387	0.203	2.24679606127867e-14	"7"	"ANKRD27"
6.19905992035476e-19	0.555952033927986	0.513	0.291	2.26891792144905e-14	"7"	"GTF3C4"
6.98947047548856e-19	0.693253516421367	0.277	0.13	2.55821608873357e-14	"7"	"ABR"
7.03770300037033e-19	0.502694116491006	0.633	0.392	2.57586967516554e-14	"7"	"MED21"
7.24994862803962e-19	0.530223132987095	0.583	0.343	2.65355369734878e-14	"7"	"NOL10"
7.28632419531418e-19	0.510395665123287	0.487	0.276	2.66686751872694e-14	"7"	"BST1"
7.91926826108558e-19	0.700503851167659	0.495	0.297	2.89853137623993e-14	"7"	"CDK6"
7.97564221567155e-19	0.554870162128454	0.619	0.383	2.91916480735795e-14	"7"	"CTDSP1"
8.19406652094434e-19	1.11239350788872	0.87	0.601	2.99911028733084e-14	"8"	"SH3D19"
8.20668319702946e-19	0.551574635248746	0.485	0.27	3.00372811694475e-14	"7"	"NME6"
8.45905865353725e-19	1.35183169837007	0.739	0.439	3.09610005778117e-14	"8"	"PKD2"
8.85252075690945e-19	0.96376315689501	0.797	0.445	3.24011112223643e-14	"8"	"ALCAM"
9.34025992159605e-19	0.614472006171173	0.342	0.292	3.41862853390337e-14	"5"	"ARL13B"
9.52857453930605e-19	0.773903755578083	0.25	0.113	3.48755356713141e-14	"7"	"ZNF335"
9.77752028425377e-19	0.671874500315686	0.309	0.151	3.57867019923972e-14	"7"	"AGBL5"
9.78054654327184e-19	0.592514714086785	0.413	0.221	3.57977784030293e-14	"7"	"SLC9B2"
9.87776170623286e-19	0.583597266585641	0.399	0.21	3.61535956209829e-14	"7"	"BPGM"
9.98268737851216e-19	1.02040305463765	0.891	0.676	3.65376340740924e-14	"8"	"CLIP3"
1.01115658668476e-18	1.77499783213203	0.623	0.328	3.70093422292489e-14	"8"	"FILIP1L"
1.02855461987733e-18	0.643425587555095	0.274	0.221	3.76461276421301e-14	"5"	"GTF2IRD1"
1.06026568713001e-18	0.70993257469319	0.293	0.141	3.88067844146453e-14	"7"	"ERMARD"
1.09483808257657e-18	0.572239428581341	0.517	0.297	4.00721686603851e-14	"7"	"BRI3BP"
1.12365880972621e-18	0.594166479439649	0.343	0.172	4.11270360947891e-14	"7"	"TANGO2"
1.13139258499732e-18	0.566883764219432	0.993	0.968	4.1410100003487e-14	"8"	"TRAPPC1"
1.16699691173834e-18	1.60980173320454	0.565	0.27	4.2713253966535e-14	"8"	"TES"
1.20204647723727e-18	0.554549674986784	1	0.987	4.39961031133612e-14	"8"	"TSPO"
1.22359635189798e-18	0.520039781932055	0.499	0.285	4.4784850075818e-14	"7"	"ICK"
1.25911583752144e-18	0.597640329219581	0.449	0.248	4.6084898769122e-14	"7"	"KLC2"
1.29398716861812e-18	0.565965008050621	0.549	0.329	4.73612243585917e-14	"7"	"ASPSCR1"
1.35785560663911e-18	0.819110806097364	0.259	0.122	4.96988730585979e-14	"7"	"NRDE2"
1.36405653613587e-18	0.62428234225814	0.369	0.193	4.99258332791089e-14	"7"	"PCYOX1L"
1.37130678341113e-18	0.636432776925504	0.483	0.276	5.01911995796307e-14	"7"	"DUSP3"
1.39572159439032e-18	0.557159774914448	0.539	0.312	5.10848060762801e-14	"7"	"SCAF8"
1.4348626840194e-18	0.635326693439564	0.407	0.222	5.25174090977941e-14	"7"	"RELCH"
1.48620478180301e-18	2.39724808277603	0.326	0.103	5.4396581218772e-14	"8"	"PLAU"
1.4882629292293e-18	0.565138023078658	0.551	0.323	5.44719114727215e-14	"7"	"FRYL"
1.52127887699296e-18	4.78693247308574	0.625	0.116	5.56803281768193e-14	"9"	"ABCA9"
1.54357449627046e-18	0.512486163976681	0.647	0.402	5.6496370137995e-14	"7"	"KRI1"
1.59112058655689e-18	0.542571179150546	0.415	0.218	5.82366045885686e-14	"7"	"ZNF544"
1.63657027311884e-18	0.602359705350032	0.463	0.26	5.99001085664226e-14	"7"	"MED24"
1.68056610845539e-18	0.505900319681382	0.411	0.215	6.15104001355757e-14	"7"	"HARS2"
1.71849081531508e-18	0.522173666108387	0.713	0.494	6.28984823313473e-14	"7"	"ANKRD13A"
1.77992932021293e-18	0.670939135259616	0.307	0.152	6.51471930491136e-14	"7"	"LOXL3"
1.80855777847144e-18	1.54228970586448	0.442	0.17	6.61950232498333e-14	"8"	"BDNF"
1.8376519833367e-18	0.643787353059538	0.383	0.203	6.72599002421066e-14	"7"	"RPAP1"
1.91988986567578e-18	0.562881263357527	0.533	0.307	7.02698889735993e-14	"7"	"PEX10"
1.92382544890148e-18	0.774631511037669	0.277	0.133	7.04139352552429e-14	"7"	"DBR1"
1.98809774871609e-18	0.630542123665811	0.343	0.173	7.27663657007574e-14	"7"	"KCTD5"
2.012528192934e-18	0.621244706957187	0.425	0.237	7.36605443895772e-14	"7"	"ELP1"
2.02248066328994e-18	0.609082166558651	0.399	0.212	7.4024814757075e-14	"7"	"AC016747.1"
2.02820272101447e-18	0.526618841006724	0.651	0.417	7.42342477918507e-14	"7"	"EIF2B2"
2.03192253109882e-18	0.586492070401905	0.531	0.316	7.43703965607481e-14	"7"	"REV1"
2.04095566460147e-18	0.511561860055007	0.685	0.434	7.47010182800783e-14	"7"	"ABT1"
2.05720289543678e-18	0.889168259627544	0.964	0.856	7.52956831758815e-14	"8"	"CHPF"
2.10424389448492e-18	0.805259269738663	0.993	0.923	7.70174307820424e-14	"8"	"MAP4"
2.17754232160425e-18	1.33319710408577	0.616	0.307	7.97002265130372e-14	"8"	"LIN7A"
2.28240628984119e-18	0.501886339657371	0.33	0.263	8.35383526144775e-14	"6"	"AFDN"
2.29601824463315e-18	0.502119309731492	0.419	0.223	8.40365637718181e-14	"7"	"EEF2K"
2.33504682317761e-18	0.692509935986546	0.993	0.928	8.54650487751238e-14	"8"	"GNAI2"
2.37885659476771e-18	0.554860201812514	1	0.998	8.70685302250931e-14	"8"	"CD99"
2.53926376214272e-18	0.510521206896644	0.699	0.468	9.29395929581856e-14	"7"	"MED15"
2.60993647164522e-18	1.59178559073215	0.529	0.231	9.55262847986866e-14	"8"	"GBP1"
2.66947829567878e-18	0.582488936066468	0.461	0.262	9.7705575100139e-14	"7"	"RPS6KA3"
2.75906119943212e-18	0.528280668444288	0.577	0.347	1.00984398960415e-13	"7"	"VPS53"
2.90412486752993e-18	0.688836748506804	0.323	0.162	1.06293874276463e-13	"7"	"DHX57"
2.9088449255252e-18	0.652935714870529	0.465	0.271	1.06466633119148e-13	"7"	"SGTB"
2.93294869365741e-18	0.619197685871286	0.273	0.128	1.07348855136555e-13	"7"	"TRMT10A"
3.04753237965729e-18	0.503594379603333	0.629	0.391	1.11542732627836e-13	"7"	"PPIL3"
3.23658310060742e-18	0.586960231062522	1	0.999	1.18462178065332e-13	"8"	"HSPB6"
3.35577934568322e-18	0.697445797605305	0.303	0.151	1.22824879831351e-13	"7"	"WDR92"
3.40885469063883e-18	0.554592842709934	0.8	0.623	1.24767490532072e-13	"7"	"SLC16A3"
3.6019781038535e-18	0.518287958920679	0.898	0.754	1.31836000579142e-13	"7"	"MVP"
3.64929884044069e-18	0.605811153675135	0.439	0.246	1.3356798685897e-13	"7"	"SRGAP2C"
3.70675127947087e-18	0.627114435082468	0.301	0.147	1.35670803579913e-13	"7"	"TTC7A"
3.81225763161124e-18	0.525984516662036	0.559	0.33	1.39532441574603e-13	"7"	"TP53"
3.91977463654133e-18	0.514778241119496	0.335	0.283	1.43467671472049e-13	"5"	"AP002748.4"
4.05763470778723e-18	0.591852362131086	0.371	0.195	1.48513487939721e-13	"7"	"C16orf70"
4.07443434308555e-18	0.633931562497373	0.291	0.141	1.49128371391274e-13	"7"	"ZNF92"
4.088509315714e-18	0.515690348285685	0.371	0.19	1.49643529464448e-13	"7"	"MROH1"
4.27093359087672e-18	0.63462626791631	0.377	0.203	1.56320440359679e-13	"7"	"PPP1R37"
4.27432837825559e-18	0.605547798734147	0.445	0.247	1.56444692972533e-13	"7"	"TMEM220"
4.28144651341291e-18	0.592836876316216	0.701	0.736	1.56705223837426e-13	"5"	"RSRC2"
4.4486801685568e-18	0.539877585094791	0.441	0.239	1.62826142849348e-13	"7"	"LENG1"
4.47400589414542e-18	0.636325280832546	0.348	0.302	1.63753089731616e-13	"5"	"SDE2"
4.54238782910665e-18	0.572216001320588	0.387	0.202	1.66255936933133e-13	"7"	"C6orf136"
4.56736173395421e-18	0.576331722936011	0.287	0.253	1.67170006824458e-13	"4"	"GRIA3"
5.09780318628387e-18	0.608499648468339	0.274	0.213	1.86584694421176e-13	"6"	"SZT2"
5.12725980216802e-18	0.535080930341069	0.529	0.311	1.87662836019152e-13	"7"	"MPV17L2"
5.31807025973865e-18	0.515205972368555	0.499	0.289	1.94646689576694e-13	"7"	"RPP40"
5.3247099874164e-18	1.9933170900385	0.717	0.452	1.94889710249428e-13	"8"	"H19"
5.33395118782624e-18	0.691006167896437	0.984	0.901	1.95227947425628e-13	"7"	"TIMP3"
5.41093916554599e-18	1.07467959207821	0.826	0.542	1.98045784398149e-13	"8"	"SGCE"
5.50013352435343e-18	0.563151926363162	0.689	0.468	2.0131038712486e-13	"7"	"GYG1"
5.69217420124391e-18	0.502026876432822	0.647	0.406	2.08339267939728e-13	"7"	"RNF8"
5.75826719854768e-18	0.53606197502556	0.609	0.26	2.10758337734044e-13	"8"	"ITGA11"
6.09981541758075e-18	0.617636401241427	0.359	0.186	2.23259344098873e-13	"7"	"LIN37"
6.14994117014827e-18	0.745950119069385	0.255	0.118	2.25093996768597e-13	"7"	"FKBPL"
6.25650102293618e-18	0.526337599240273	0.617	0.384	2.28994193940487e-13	"7"	"FADD"
6.47395595157121e-18	1.4423656563141	0.543	0.252	2.36953261783458e-13	"8"	"ARHGAP6"
6.49374318620868e-18	0.501469742554878	0.393	0.346	2.37677494358424e-13	"5"	"C12orf65"
6.56185033233124e-18	1.09867345376545	0.949	0.666	2.40170284013656e-13	"8"	"IFITM1"
6.73877848424194e-18	0.540479924977575	0.415	0.223	2.46646031301739e-13	"7"	"ZNF749"
6.76044903111079e-18	0.662648990876684	0.431	0.245	2.47439194987686e-13	"7"	"PDGFC"
7.04092277271141e-18	0.516762027758367	0.555	0.332	2.5770481440401e-13	"7"	"RASSF8-AS1"
7.13391168223607e-18	0.642220291297266	0.268	0.215	2.61108301481522e-13	"5"	"LZTFL1"
7.22595383910742e-18	0.53878560118887	0.381	0.201	2.64477136465171e-13	"7"	"NECTIN3"
7.33797340013543e-18	0.513053822448065	0.465	0.258	2.68577164418357e-13	"7"	"SLC16A1-AS1"
7.56509975215252e-18	0.54893973286917	0.471	0.265	2.76890216028534e-13	"7"	"NAT10"
7.67425145265854e-18	0.535546102634909	0.553	0.549	2.80885277418755e-13	"5"	"ZNF622"
7.77283869314862e-18	0.536179051234149	0.617	0.391	2.84493669007933e-13	"7"	"RABGEF1"
8.17983559581543e-18	0.601735745075234	0.367	0.193	2.9939016264244e-13	"7"	"RASA2"
8.27077671137603e-18	0.925677461737112	0.949	0.696	3.02718698413074e-13	"8"	"DBN1"
8.34340174629123e-18	0.50119190209431	0.582	0.59	3.05376847316005e-13	"5"	"CHD2"
8.60887766280471e-18	0.518594299718445	0.593	0.373	3.15093531336315e-13	"7"	"HS6ST1"
8.66845197974124e-18	0.507807141369509	0.593	0.358	3.17274010910509e-13	"7"	"KIF13A"
8.87338320823873e-18	0.966279892461367	0.942	0.711	3.24774698804746e-13	"8"	"SORBS3"
9.55038266134787e-18	0.540000101514823	0.376	0.333	3.49553555787994e-13	"5"	"TRAPPC6B"
9.68102826004821e-18	0.503459501286387	0.312	0.256	3.54335315346024e-13	"5"	"ZNF354A"
9.75559191051717e-18	0.570415552175405	0.317	0.156	3.57064419516839e-13	"7"	"RCBTB1"
9.99050316403678e-18	1.20327138747683	0.906	0.703	3.6566240630691e-13	"8"	"MSN"
1.00154608223121e-17	1.01538848676774	0.884	0.639	3.66575881557444e-13	"8"	"SP100"
1.03041699523372e-17	0.529978492941084	0.515	0.299	3.77142924425492e-13	"7"	"PATL1"
1.056466130997e-17	0.508130783215812	0.715	0.481	3.86677168606213e-13	"7"	"TBC1D7"
1.0573818404673e-17	0.54905538265655	0.377	0.198	3.87012327429437e-13	"7"	"TTI2"
1.09557403553644e-17	0.509206732540052	0.9	0.752	4.00991052746692e-13	"7"	"GCLM"
1.10404397653075e-17	0.541159472475431	0.252	0.198	4.04091135850019e-13	"5"	"NOCT"
1.1649604076337e-17	0.510281100980463	0.334	0.282	4.26387158798012e-13	"5"	"CBLL1"
1.19130922214324e-17	0.541582985515264	0.531	0.313	4.36031088396645e-13	"7"	"N6AMT1"
1.19965164322892e-17	0.690069442189538	0.387	0.212	4.39084497938217e-13	"7"	"DTX2"
1.21626578324089e-17	0.730515376394578	0.291	0.147	4.45165439323997e-13	"7"	"LRRC32"
1.22436150863968e-17	0.548151126266331	0.493	0.286	4.48128555777211e-13	"7"	"MFN2"
1.2272223983723e-17	1.22585305469483	0.667	0.348	4.49175670028246e-13	"8"	"SMAD3"
1.22900699172132e-17	0.539756878021388	0.253	0.189	4.49828849039921e-13	"6"	"TMEM44-AS1"
1.28316573628661e-17	0.658740887081729	0.365	0.195	4.69651491138262e-13	"7"	"DNAJC5"
1.29082944468781e-17	0.988038745434016	0.92	0.655	4.72456485050184e-13	"8"	"CDC42EP1"
1.29290130020339e-17	0.605633996422139	0.429	0.241	4.73214804887444e-13	"7"	"ARHGEF17"
1.34329514066731e-17	0.577422066969571	0.806	0.607	4.91659454435642e-13	"7"	"CEP170"
1.37478849162312e-17	0.59978165979331	0.417	0.23	5.03186335818979e-13	"7"	"TMEM234"
1.42735690551479e-17	0.910357693734083	0.92	0.702	5.22426900987469e-13	"8"	"ECM1"
1.47294736395562e-17	0.531696811666722	0.319	0.271	5.39113464681397e-13	"5"	"MTO1"
1.56746369746203e-17	0.654702491488652	0.303	0.151	5.73707387908076e-13	"7"	"DHX37"
1.57913295098401e-17	0.51449400041679	0.296	0.234	5.77978451389656e-13	"6"	"SCRN3"
1.62844747925371e-17	0.656426939800669	0.345	0.18	5.96028061881651e-13	"7"	"UTP25"
1.69321676264206e-17	0.577926876387055	0.425	0.237	6.19734267294621e-13	"7"	"AP002360.1"
2.01773352987222e-17	0.504001902615165	0.413	0.224	7.38510649268533e-13	"7"	"PRDM4"
2.03033830353921e-17	0.511635511095549	0.517	0.298	7.43124122478385e-13	"7"	"GPAT4"
2.03304335994184e-17	0.985833583864459	0.964	0.776	7.44114200172313e-13	"8"	"YPEL3"
2.04516322805829e-17	0.509889689018646	0.369	0.191	7.48550193101614e-13	"7"	"HPS4"
2.11209167513465e-17	0.563672523031013	0.609	0.387	7.73046674016033e-13	"7"	"LPCAT1"
2.15092889005821e-17	0.502202958623655	0.307	0.253	7.87261483050205e-13	"5"	"CRTC2"
2.24548409184924e-17	0.625981703643536	0.299	0.148	8.21869632457739e-13	"7"	"YJU2"
2.29346469525126e-17	0.523349411694441	0.369	0.192	8.39431013108913e-13	"7"	"DTX3L"
2.30944854589788e-17	0.664317840125771	1	0.94	8.45281262284084e-13	"8"	"MMP24OS"
2.35445034900694e-17	0.580471395506288	0.277	0.225	8.61752372240031e-13	"5"	"NFKBIB"
2.38391633235182e-17	0.5839417686193	0.527	0.317	8.72537216804089e-13	"7"	"MTMR6"
2.49033314332192e-17	0.54942676953724	0.489	0.282	9.11486833787256e-13	"7"	"DXO"
2.63843778777123e-17	2.26931698695126	1	1	9.65694614702148e-13	"9"	"MALAT1"
2.7069035507804e-17	0.585213399268935	0.786	0.578	9.90753768621133e-13	"7"	"HK1"
2.71142202710079e-17	0.717250809021512	0.271	0.222	9.92407576139161e-13	"5"	"AEN"
2.7858081435022e-17	0.516433655568739	0.527	0.308	1.01963363860324e-12	"7"	"NTHL1"
2.91635414441135e-17	0.532700148689789	0.425	0.235	1.067414780396e-12	"7"	"DCAF16"
3.08233794090414e-17	0.559039971861476	0.314	0.255	1.12816650975033e-12	"6"	"ZNF121"
3.09578087343272e-17	2.72519421786015	1	0.998	1.13308675748511e-12	"9"	"COL1A2"
3.21733712728249e-17	0.631211559486667	0.335	0.174	1.17757756195666e-12	"7"	"STARD13"
3.29980051120992e-17	1.05681079730391	0.406	0.151	1.20775998510794e-12	"8"	"PLAT"
3.46334016640758e-17	3.62625309759286	1	0.998	1.26761713430684e-12	"9"	"FN1"
3.68962838146315e-17	0.595539993108717	0.307	0.154	1.35044088389933e-12	"7"	"BRPF1"
3.76894494172239e-17	1.74656157703167	0.406	0.155	1.37947153811981e-12	"8"	"BHLHE40"
3.8171377482141e-17	0.521973064130893	0.461	0.26	1.39711058722384e-12	"7"	"DDX19B"
3.83109841147833e-17	1.73308420686788	0.362	0.129	1.40222032958519e-12	"8"	"STEAP3"
3.92908168483446e-17	0.53869309799893	0.467	0.269	1.43808318746626e-12	"7"	"ENTPD4"
3.99809237090834e-17	3.1548888070833	1	0.945	1.46334178867616e-12	"9"	"COL5A1"
4.09286171088863e-17	1.57271503622504	0.29	0.089	1.49802831480235e-12	"8"	"CEMIP"
4.32875498699593e-17	0.653165724254695	0.331	0.172	1.58436761279038e-12	"7"	"RASSF8"
4.34942613902239e-17	2.66179075539221	1	0.968	1.59193346114358e-12	"9"	"APP"
4.45243952685719e-17	0.772429311245296	0.271	0.133	1.629637391225e-12	"7"	"ZNF841"
4.49302422567043e-17	1.16922042641483	0.775	0.484	1.64449179683763e-12	"8"	"FLNC"
4.54892113096583e-17	2.16379530941433	0.42	0.171	1.6649506231448e-12	"8"	"ARSJ"
4.67371416255726e-17	4.79461550390663	0.917	0.36	1.71062612063758e-12	"9"	"HMCN1"
4.6883237536896e-17	0.505017717764694	0.605	0.388	1.71597337708793e-12	"7"	"UTRN"
4.78474120784333e-17	0.644205466492823	0.317	0.162	1.75126312948274e-12	"7"	"VPS50"
4.81576490259621e-17	0.744561771297413	0.63	0.31	1.76261811199924e-12	"8"	"IER3"
4.93151491584835e-17	0.571155186295678	0.299	0.148	1.80498377434965e-12	"7"	"IGHMBP2"
5.02641540732334e-17	0.529737068201716	0.369	0.323	1.83971830323441e-12	"5"	"IDE"
5.16606149875521e-17	0.61713107949143	0.379	0.208	1.89083016915939e-12	"7"	"SLC16A2"
5.22321934546783e-17	0.52735640410881	0.659	0.43	1.91175051263468e-12	"7"	"PCYT1A"
5.306855045855e-17	1.59057669912411	0.428	0.167	1.94236201533339e-12	"8"	"GBP3"
5.40590978230016e-17	0.582135003204708	0.571	0.364	1.97861703941968e-12	"7"	"PCDH7"
5.50886093874974e-17	0.722766657376456	0.295	0.149	2.01629819219179e-12	"7"	"CLIP2"
5.51773448442601e-17	0.51043775402691	0.367	0.195	2.01954599864477e-12	"7"	"NMI"
5.80927786661759e-17	0.501792133280766	0.415	0.227	2.12625379196071e-12	"7"	"RBSN"
5.96492554641281e-17	0.561010666434673	0.535	0.325	2.18322239924255e-12	"7"	"PPAT"
6.16826982775969e-17	0.521458777270812	0.409	0.223	2.25764843965832e-12	"7"	"BBS4"
6.3024523280966e-17	0.541599020852658	0.419	0.233	2.30676057660664e-12	"7"	"TAOK2"
6.34447644629306e-17	0.57080805020961	0.412	0.375	2.32214182410772e-12	"5"	"GULP1"
6.41640156887211e-17	0.501321952624648	0.254	0.201	2.34846713822288e-12	"5"	"TAPT1"
6.57770034294922e-17	0.508880158419228	0.485	0.278	2.40750410252284e-12	"7"	"SP140L"
6.62166993793489e-17	0.515620592094939	0.419	0.233	2.42359741398355e-12	"7"	"GANC"
6.6781957401697e-17	0.525895287650639	0.315	0.16	2.44428642285951e-12	"7"	"PDE7A"
6.94971584399218e-17	1.40454090842791	0.87	0.659	2.54366549605958e-12	"8"	"MYADM"
7.15894880122172e-17	4.33146055462121	1	0.76	2.62024685073516e-12	"9"	"COL12A1"
7.20789764730236e-17	0.545982759190606	0.727	0.501	2.63816261788914e-12	"7"	"MAPK3"
7.23721199373505e-17	0.678891486103818	0.301	0.151	2.64889196182696e-12	"7"	"IQCG"
7.32408831370428e-17	2.17459988113859	1	0.993	2.6806895636989e-12	"9"	"LRP1"
7.49791474400272e-17	0.620232969516438	0.298	0.249	2.74431177545244e-12	"5"	"MSANTD4"
7.86385335779121e-17	1.40858826131613	0.594	0.3	2.87824896748516e-12	"8"	"SOCS5"
7.92732909837849e-17	1.33228018303826	0.739	0.464	2.90148172329751e-12	"8"	"CTNNAL1"
8.09854358018467e-17	0.617420075254904	0.417	0.236	2.96414793578339e-12	"7"	"MCAM"
8.13432967036795e-17	0.60514790064369	0.405	0.226	2.97724600265137e-12	"7"	"PRR12"
8.27952335536921e-17	0.50045493330583	0.26	0.207	3.03038834329868e-12	"5"	"SLC9A3R1"
8.47708259222702e-17	0.536476918470922	0.549	0.336	3.10269699958101e-12	"7"	"SYMPK"
8.58810904448468e-17	1.34939981846478	0.746	0.461	3.14333379137184e-12	"8"	"BMERB1"
8.66541451374406e-17	0.538127678122277	0.318	0.269	3.17162836617546e-12	"5"	"MEX3C"
8.97021315226864e-17	0.558884063998706	0.423	0.24	3.28318771586185e-12	"7"	"SLC25A22"
9.51091343341336e-17	0.587104204553126	0.323	0.166	3.48108942576362e-12	"7"	"PCNX3"
9.57611043158368e-17	0.691369975821639	0.265	0.129	3.50495217906394e-12	"7"	"IQCK"
9.84815890215083e-17	0.770722788363474	0.335	0.178	3.60452463977623e-12	"7"	"TRAK1"
9.87801024533485e-17	0.750658801505554	0.273	0.135	3.61545052989501e-12	"7"	"EIF3C"
1.0129371848767e-16	0.565392473012003	0.368	0.326	3.70745139036721e-12	"5"	"PPM1D"
1.05089585111245e-16	3.20450234718147	1	0.988	3.84638390465668e-12	"9"	"COL3A1"
1.06341355333853e-16	0.502917581915991	0.613	0.387	3.89219994657435e-12	"7"	"LPGAT1"
1.08231379736958e-16	0.818576641630331	0.964	0.87	3.9613767297524e-12	"8"	"ANXA11"
1.10265264410775e-16	0.674338809920317	0.275	0.135	4.03581894269877e-12	"7"	"C2CD5"
1.13347941491054e-16	0.61772329456758	0.337	0.176	4.14864800651406e-12	"7"	"LRRC57"
1.14769392537023e-16	0.643678857678568	0.271	0.132	4.2006745362476e-12	"7"	"TMEM143"
1.16833384789079e-16	0.532307497044897	0.563	0.35	4.2762187166651e-12	"7"	"ARFRP1"
1.17777067276723e-16	5.15014666860811	0.333	0.035	4.31075843939533e-12	"9"	"SEMA3D"
1.18244697135461e-16	1.04719256719146	0.717	0.395	4.32787415985501e-12	"8"	"AP1S2"
1.20758488570192e-16	3.04808938654864	1	0.865	4.41988144015759e-12	"9"	"SLC38A2"
1.21556707680563e-16	0.526532765326884	0.465	0.265	4.44909705781628e-12	"7"	"CBL"
1.23945643204436e-16	3.08554650025903	1	0.9	4.53653448692556e-12	"9"	"VCAN"
1.25774440335258e-16	0.578335327395325	0.278	0.218	4.60347029071079e-12	"6"	"ZBTB21"
1.28120092649201e-16	0.888730321455249	0.25	0.122	4.6893235110534e-12	"7"	"CDH20"
1.33095393697121e-16	0.696127152258907	0.265	0.129	4.87142450470833e-12	"7"	"OPA3"
1.34506309982896e-16	0.697597203141903	0.255	0.122	4.92306545168398e-12	"7"	"FNTB"
1.34772789613041e-16	3.04893139622078	1	0.933	4.93281887262693e-12	"9"	"COL5A2"
1.37207256149938e-16	0.638903278920198	0.395	0.22	5.02192278234389e-12	"7"	"SP110"
1.38001478238323e-16	2.40937879094604	1	1	5.05099210500088e-12	"9"	"COL6A1"
1.41274846499364e-16	2.61150965592036	1	0.975	5.1708006567232e-12	"9"	"COL1A1"
1.45576862284322e-16	0.674743242115919	0.311	0.161	5.32825873646846e-12	"7"	"BAK1"
1.58459932573848e-16	0.598263921661081	0.343	0.182	5.7997919921354e-12	"7"	"OPN3"
1.61685492635031e-16	2.93396386211329	1	0.891	5.91785071593476e-12	"9"	"GLG1"
1.63936962491124e-16	0.510718554202303	0.491	0.285	6.00025676413762e-12	"7"	"INTS14"
1.66894975257162e-16	0.515350282390821	0.301	0.242	6.10852298938737e-12	"6"	"CLPB"
1.6793618592255e-16	1.18141054913326	0.725	0.468	6.14663234095126e-12	"8"	"TPST2"
1.70061254549374e-16	1.39470286490072	0.558	0.265	6.22441197776164e-12	"8"	"PAWR"
1.72655510616446e-16	0.511135450269429	0.527	0.318	6.31936434407253e-12	"7"	"STK11"
1.72989233621499e-16	0.610475184292328	0.359	0.194	6.33157893978049e-12	"7"	"TRUB1"
1.79885821768236e-16	1.1590688149292	0.768	0.525	6.5840009625392e-12	"8"	"MAML2"
1.8147702834789e-16	3.66074433014879	1	0.787	6.64224071456113e-12	"9"	"DST"
1.94217448676227e-16	0.507341527117856	0.527	0.32	7.10855283899857e-12	"7"	"LIMK1"
1.95336917551681e-16	0.558086752370256	0.296	0.247	7.14952651930907e-12	"5"	"AFTPH"
1.99877766794191e-16	0.539370627026574	0.625	0.417	7.3157261424342e-12	"7"	"HS3ST3A1"
2.03807486535154e-16	0.559923287231929	0.283	0.139	7.45955781467318e-12	"7"	"GPATCH1"
2.08457583822928e-16	0.560625242935975	0.459	0.266	7.62975602550298e-12	"7"	"DCAF11"
2.11145513756452e-16	0.856440194156816	0.841	0.579	7.72813694899989e-12	"8"	"SERPINE1"
2.24140416968536e-16	0.516561701511712	0.437	0.248	8.2037634014654e-12	"7"	"CC2D2A"
2.30036046094464e-16	0.578825092724953	0.313	0.163	8.41954932310346e-12	"7"	"RNF144A"
2.34999880783875e-16	0.552734467785923	0.261	0.202	8.60123063657061e-12	"6"	"NHLRC2"
2.36739938237911e-16	0.896264326064066	0.285	0.148	8.66491847944577e-12	"7"	"KIAA1217"
2.41359516640409e-16	0.571671890101173	0.421	0.239	8.83399966855561e-12	"7"	"SMAD7"
2.42328526177562e-16	1.27569456179423	0.942	0.781	8.86946638662496e-12	"8"	"HCFC1R1"
2.4287473154227e-16	0.52234273473132	0.423	0.237	8.88945804917863e-12	"7"	"EIF1AD"
2.44537396190098e-16	0.700257738682379	0.251	0.121	8.95031323795377e-12	"7"	"WDR53"
2.45221961985581e-16	0.719764855660517	0.271	0.135	8.97536903063427e-12	"7"	"FUT4"
2.47409773834696e-16	2.61603483638851	1	0.999	9.0554451321237e-12	"9"	"ITGB1"
2.49940550636624e-16	1.72471976319398	0.435	0.187	9.14807409385106e-12	"8"	"EHBP1L1"
2.56996747791655e-16	0.530464571694356	0.285	0.14	9.40633796592238e-12	"7"	"PGBD1"
2.62559091859523e-16	0.54174481174741	0.379	0.205	9.60992532115041e-12	"7"	"PDRG1"
2.76411488833691e-16	0.505165319127632	1	0.987	1.01169369028019e-11	"8"	"HLA-C"
2.88844091799271e-16	2.56097878867793	1	0.996	1.05719826039451e-11	"9"	"COL6A3"
2.92000011481815e-16	0.515203088461413	0.445	0.251	1.06874924202459e-11	"7"	"ZC3H7B"
3.00084704522854e-16	0.550806802662787	0.261	0.125	1.0983400270241e-11	"7"	"TNRC6C"
3.03436228806533e-16	0.557343255664147	0.351	0.185	1.11060694105479e-11	"7"	"CACNA1C"
3.10741394552352e-16	1.13550402071183	0.862	0.645	1.13734457820106e-11	"8"	"DAB2"
3.2727788355971e-16	0.61368438026494	0.699	0.488	1.19786978161689e-11	"7"	"AFAP1"
3.30471455207141e-16	0.846289390609363	0.906	0.703	1.20955857320366e-11	"8"	"TSPAN4"
3.36652447798022e-16	0.561992531725313	0.403	0.226	1.23218162418554e-11	"7"	"CD58"
3.40969717649634e-16	0.992928163099486	0.942	0.854	1.24798326356942e-11	"8"	"CAP1"
3.46248149631678e-16	0.516469729179857	0.403	0.222	1.2673028524669e-11	"7"	"SLC35B4"
3.57754277653513e-16	0.901596504200526	0.92	0.757	1.30941643163962e-11	"8"	"MAP1A"
3.6721210923941e-16	0.508760393742919	0.333	0.276	1.34403304102716e-11	"6"	"SPRYD4"
3.7936882394943e-16	0.525049682779693	0.375	0.202	1.38852783253731e-11	"7"	"LRRC23"
3.91470809127253e-16	0.632035092871492	0.458	0.428	1.43282230848666e-11	"5"	"JADE1"
4.0443033727393e-16	0.662193953222213	0.264	0.218	1.48025547745631e-11	"5"	"GRPEL2"
4.15292338195228e-16	0.508846960813129	0.433	0.245	1.52001148702836e-11	"7"	"GATB"
4.29931544225593e-16	0.588959441061877	0.26	0.203	1.57359244502009e-11	"6"	"UBIAD1"
4.60486437761018e-16	0.507211394278274	0.409	0.228	1.6854264108491e-11	"7"	"XPO7"
4.68739059609097e-16	2.0798409597867	0.362	0.14	1.71563183207526e-11	"8"	"KRT8"
4.92875281585532e-16	0.823949141961438	1	0.985	1.80397281813121e-11	"8"	"LMNA"
5.13191225247796e-16	0.607608768383034	0.381	0.344	1.87833120352946e-11	"5"	"COG3"
5.19775045360593e-16	2.08655124540305	0.297	0.098	1.90242864352431e-11	"8"	"PDGFA"
5.32616623641933e-16	0.661534034955242	0.269	0.135	1.94943010419184e-11	"7"	"SLC25A25"
5.32973559581922e-16	2.88159309051898	1	0.962	1.95073652542579e-11	"9"	"FBN1"
5.40200494733563e-16	0.506022330772047	0.379	0.205	1.97718783077431e-11	"7"	"EIF4ENIF1"
5.4176007142528e-16	0.623195300296654	0.343	0.183	1.98289603742367e-11	"7"	"AXIN1"
5.43617014986384e-16	0.513741163898754	0.375	0.202	1.98969263655166e-11	"7"	"ZNF431"
5.47256969695257e-16	0.561849020223162	0.409	0.232	2.00301523478161e-11	"7"	"RNASEH1-AS1"
5.49548332321362e-16	0.559354017291158	0.479	0.29	2.01140185112942e-11	"7"	"POLR3A"
5.58794507877491e-16	0.524926648044748	0.361	0.195	2.04524377828241e-11	"7"	"NDUFAF5"
5.77183895344039e-16	0.503453139740087	0.357	0.193	2.11255077534872e-11	"7"	"TCEAL7"
5.93436372054551e-16	0.712919111477518	0.329	0.178	2.17203646535686e-11	"7"	"GTF2H2C"
6.20149800506419e-16	0.633119639379983	0.993	0.933	2.26981028483354e-11	"8"	"TCEAL4"
6.27116363989141e-16	0.568803135251198	0.525	0.326	2.29530860383666e-11	"7"	"NUDT8"
6.38739132622697e-16	0.556043115423176	0.293	0.148	2.33784909931233e-11	"7"	"ZNF267"
6.48495117985109e-16	0.843388432011272	0.353	0.202	2.3735569813373e-11	"7"	"NPW"
6.93305936434634e-16	1.4601188848778	0.558	0.278	2.53756905794440e-11	"8"	"HACD4"
7.04515328159245e-16	1.71924210161045	0.391	0.154	2.57859655259565e-11	"8"	"XAF1"
7.24711612467879e-16	0.514710822126599	1	0.955	2.65251697279368e-11	"8"	"COMT"
7.46259187919428e-16	1.60510820645227	0.399	0.16	2.7313832537039e-11	"8"	"SH3RF1"
7.56135712770389e-16	1.83658332912594	0.304	0.1	2.7675323223109e-11	"8"	"TRIM59"
8.24023361800031e-16	0.557558765852864	0.389	0.217	3.01600790652429e-11	"7"	"HGH1"
8.60976887438156e-16	0.542095117957059	0.271	0.222	3.1512615057124e-11	"5"	"ZNF768"
8.62693297720759e-16	0.535101238411441	0.325	0.293	3.15754373898775e-11	"4"	"CBR3"
8.73877666278148e-16	0.542415130495964	0.291	0.242	3.19847964634465e-11	"5"	"KLHL8"
8.98802913085659e-16	0.770343809927467	0.727	0.542	3.28970854218482e-11	"7"	"F3"
9.09089847797049e-16	0.545084529513171	0.421	0.238	3.32735975192198e-11	"7"	"ANAPC4"
9.26526795870363e-16	5.75819807558519	0.25	0.021	3.39118072556512e-11	"9"	"IGSF10"
9.36532410691139e-16	1.6046206722592	0.616	0.341	3.42780227637064e-11	"8"	"PTPA"
9.61488493005501e-16	1.28280605958654	0.5	0.223	3.51914403324943e-11	"8"	"MGST2"
9.81796065375646e-16	0.632872284786404	0.321	0.169	3.5934717788814e-11	"7"	"TBC1D4"
1.03764295681247e-15	1.30400254730727	0.71	0.458	3.79787698622932e-11	"8"	"DYNLRB1"
1.04035702878169e-15	1.23681465663766	0.514	0.237	3.80781076104388e-11	"8"	"LMO7"
1.07358664288131e-15	0.520427429183099	0.297	0.15	3.92943447160989e-11	"7"	"ZNF76"
1.07472491449121e-15	0.565319368631886	0.363	0.199	3.93360065952929e-11	"7"	"POLB"
1.08397777006749e-15	0.55886600536945	0.281	0.233	3.96746703622402e-11	"5"	"IQCB1"
1.09228404256287e-15	0.509931197634266	0.571	0.361	3.99786882418438e-11	"7"	"CCDC86"
1.10122905095835e-15	0.541962938324039	0.403	0.227	4.03060844941267e-11	"7"	"TICAM2"
1.14009243031751e-15	1.31230889129483	0.623	0.345	4.17285230420511e-11	"8"	"PRKAG2"
1.17690453978973e-15	1.57070011855358	0.435	0.183	4.3075883060844e-11	"8"	"ERAP2"
1.37010081539117e-15	0.507729086287531	0.385	0.211	5.01470599441322e-11	"7"	"VAC14"
1.38135323057242e-15	0.92770729866603	0.826	0.509	5.05589095921812e-11	"8"	"ANGPT1"
1.49427556490598e-15	1.35758902624704	0.609	0.323	5.46919799511239e-11	"8"	"SYNE1"
1.4960985904589e-15	0.560332217094498	0.353	0.191	5.47587045093861e-11	"7"	"TRIT1"
1.52246303162082e-15	0.540401574316002	1	0.985	5.57236694203535e-11	"8"	"ARPC3"
1.69967245367886e-15	0.813267838612269	0.259	0.131	6.22097114771001e-11	"7"	"SPECC1"
1.74133332599522e-15	2.39876010869643	1	0.916	6.37345410647512e-11	"9"	"PXDN"
1.76750641715315e-15	1.22434216229174	0.565	0.27	6.46925023742224e-11	"8"	"SFRP4"
1.85265099228261e-15	0.63927911716588	0.403	0.231	6.78088789685359e-11	"7"	"MRPL30"
1.90188416511167e-15	1.18374880437772	0.761	0.503	6.96108623272523e-11	"8"	"MAPK3"
1.91773338045251e-15	0.533634141124527	0.355	0.193	7.01909594579423e-11	"7"	"CMC4"
1.93687019781752e-15	0.581522920772819	0.297	0.153	7.0891386110319e-11	"7"	"TTC27"
1.98535806122807e-15	0.554543764745757	0.343	0.185	7.26660903990084e-11	"7"	"ORC2"
2.0314438435163e-15	0.566399372480563	0.277	0.14	7.435287611654e-11	"7"	"WNK4"
2.07415432883225e-15	0.545830229788927	0.385	0.214	7.59161225895893e-11	"7"	"NR2C2"
2.11185542655238e-15	0.689694683671866	0.291	0.152	7.72960204672437e-11	"7"	"NBPF20"
2.218070327231e-15	0.611166366069332	0.321	0.17	8.11835920469817e-11	"7"	"HSPA12A"
2.29486014749378e-15	0.511820844100065	0.461	0.271	8.39941762584197e-11	"7"	"REPS1"
2.30130342122869e-15	0.956352841717986	0.696	0.393	8.42300065203911e-11	"8"	"PRSS23"
2.31451355101891e-15	0.584991387145762	0.279	0.141	8.47135104808431e-11	"7"	"FAM118A"
2.51984621784579e-15	0.504524558199373	0.304	0.276	9.22288914193739e-11	"4"	"RELL1"
2.58078550612104e-15	0.574197502077355	0.251	0.218	9.44593303095363e-11	"4"	"FAM43A"
2.68881982415003e-15	0.525513119383302	0.391	0.22	9.84134943837152e-11	"7"	"PBX2"
2.74712596660398e-15	0.632033988738545	0.327	0.176	1.00547557503672e-10	"7"	"PHF13"
2.81704264628547e-15	3.74766478396919	0.958	0.564	1.03106577896694e-10	"9"	"LTBP2"
2.89089480011186e-15	0.540884623826848	0.337	0.181	1.05809640578894e-10	"7"	"DPH2"
2.91703906584029e-15	1.002540733422	0.855	0.638	1.06766546848821e-10	"8"	"SELENBP1"
2.99140170894331e-15	0.524975802031945	0.465	0.44	1.09488293949034e-10	"5"	"MTHFS"
2.99995042343115e-15	0.665738661324637	0.277	0.142	1.09801185448003e-10	"7"	"PXN-AS1"
3.03602911270849e-15	0.505214883961911	0.731	0.531	1.11121701554243e-10	"7"	"GALNT1"
3.09385356889289e-15	0.506031751613718	0.386	0.347	1.13238134475049e-10	"5"	"ENDOV"
3.12255166367875e-15	0.523917025599235	0.709	0.493	1.14288513442306e-10	"7"	"PCOLCE2"
3.17385922031369e-15	2.00052201064271	1	1	1.16166421322701e-10	"9"	"COL6A2"
3.33950966574113e-15	0.573228098027655	0.288	0.241	1.22229393275791e-10	"5"	"ASB3"
3.34446834254282e-15	2.78223682050175	1	0.811	1.2241088580541e-10	"9"	"NRP1"
3.45071303569696e-15	2.45347245352623	1	0.749	1.26299547819544e-10	"9"	"MEG3"
3.65692210229989e-15	0.679602507100429	0.313	0.17	1.33847005866278e-10	"7"	"RBBP9"
3.70205137012038e-15	0.885609042161432	0.594	0.265	1.35498782197776e-10	"8"	"ITGA7"
3.76067780929982e-15	0.558364854026969	0.369	0.206	1.37644568498183e-10	"7"	"PTPN9"
4.29273286486091e-15	0.511341479748956	0.303	0.247	1.57118315586774e-10	"6"	"RNGTT"
4.36960960618358e-15	3.20439560624388	0.958	0.677	1.59932081195925e-10	"9"	"ITGAV"
4.44933888391392e-15	1.56426359650392	0.319	0.111	1.62850252490133e-10	"8"	"SYNJ2"
4.61185142623094e-15	0.900514259774613	0.899	0.685	1.68798374051478e-10	"8"	"TRIOBP"
4.61262520939009e-15	3.36589842050078	0.875	0.36	1.68826695288887e-10	"9"	"CDH2"
5.5292567721398e-15	1.65695990902598	0.486	0.23	2.02376327117089e-10	"8"	"DKK3"
5.53072311784419e-15	1.98280201693969	0.29	0.098	2.02429996836215e-10	"8"	"C2"
5.57100482193025e-15	0.615967043016096	0.421	0.248	2.03904347487469e-10	"7"	"CENPV"
5.90667781100277e-15	0.517383070087464	0.362	0.324	2.16190314560513e-10	"5"	"ZNHIT2"
6.19865222332868e-15	0.506147454351339	1	0.994	2.26876870026053e-10	"8"	"MYL12B"
6.82238449764192e-15	0.52182605651308	0.533	0.337	2.49706094998192e-10	"7"	"DLEU1"
7.20471853205025e-15	1.57063446630926	0.514	0.263	2.63699902991571e-10	"8"	"SMTN"
7.24396042845648e-15	0.552277403426448	0.279	0.223	2.65136195641936e-10	"6"	"PARP9"
7.31974168058008e-15	0.590863993731297	0.347	0.193	2.67909865250912e-10	"7"	"KDM2B"
7.41213907222963e-15	0.640728300705324	1	0.946	2.71291702182677e-10	"8"	"CLIC4"
7.60169191448039e-15	3.9088347744877	0.958	0.544	2.78229525761897e-10	"9"	"POSTN"
8.03397786821638e-15	0.576534741380222	0.297	0.157	2.94051623954588e-10	"7"	"CSMD2"
8.07630778699903e-15	0.853839134493558	0.833	0.555	2.95600941311951e-10	"8"	"SSBP2"
8.13785056756802e-15	0.50849553883748	0.701	0.534	2.97853468623557e-10	"7"	"COL14A1"
8.28284029138778e-15	0.542099594137107	0.299	0.156	3.03160237505084e-10	"7"	"CCDC84"
8.6113463627031e-15	0.554360178717481	0.275	0.227	3.15183888221296e-10	"5"	"C17orf80"
8.81530717354933e-15	0.545352772001364	0.267	0.135	3.22649057859079e-10	"7"	"BCOR"
8.81764736647987e-15	0.5336048948497	0.431	0.252	3.2273471126053e-10	"7"	"NUBP1"
1.06933315292834e-14	0.516155614750451	0.254	0.197	3.91386627303302e-10	"6"	"LIN52"
1.07034233815633e-14	0.547558736461783	0.274	0.227	3.91755999188599e-10	"5"	"AKTIP"
1.09065306671676e-14	0.54187431138291	1	0.959	3.99189928949002e-10	"8"	"CD59"
1.11910676628627e-14	0.774439303810724	0.935	0.786	4.09604267528438e-10	"8"	"SEPTIN9"
1.19610252658887e-14	0.557715038621876	0.266	0.218	4.37785485756792e-10	"5"	"COBLL1"
1.2095863544199e-14	1.47997296916346	0.486	0.221	4.42720701581228e-10	"8"	"COBLL1"
1.22773073592349e-14	0.782147474826104	0.884	0.636	4.49361726655357e-10	"8"	"LRRFIP1"
1.24376467363823e-14	0.585197723101409	0.297	0.156	4.5523030819833e-10	"7"	"UMAD1"
1.26773798483647e-14	1.15226609130136	0.63	0.341	4.64004779829996e-10	"8"	"HIC1"
1.39426556488198e-14	0.589578625526396	0.277	0.143	5.10315139402452e-10	"7"	"MGAT5"
1.41437243082746e-14	0.803302013765921	0.263	0.139	5.17674453407159e-10	"7"	"KRT8"
1.44754660838708e-14	1.10995976570987	0.812	0.614	5.29816534135757e-10	"8"	"ADM"
1.52590505621443e-14	2.82218063802739	1	0.905	5.58496509625043e-10	"9"	"LAMA4"
1.56651744716115e-14	0.509978218801129	0.359	0.196	5.73361050835453e-10	"7"	"SIMC1"
1.70046246528736e-14	0.7812747816784	0.986	0.952	6.22386266919828e-10	"8"	"EMP3"
1.71383971244471e-14	0.504940319275644	0.303	0.279	6.2728247315189e-10	"4"	"NIPAL2"
1.78545215509033e-14	1.04853948176199	0.761	0.566	6.53493343284611e-10	"8"	"STX12"
1.86680880899991e-14	0.679680059058572	0.259	0.133	6.83270692182055e-10	"7"	"LARS2"
1.96822527561772e-14	0.818388757386118	0.87	0.676	7.20390133128841e-10	"8"	"ITGAV"
2.01113002787106e-14	0.993376995759103	0.79	0.51	7.36093701501086e-10	"8"	"GIPC1"
2.18924108660339e-14	1.24386965705233	0.681	0.439	8.01284130107707e-10	"8"	"FHL3"
2.19627365952918e-14	0.564468357917761	0.307	0.165	8.03858122124275e-10	"7"	"ALG6"
2.22506894198255e-14	0.511473388801188	0.307	0.162	8.14397483455033e-10	"7"	"SENP3"
2.25010464108964e-14	1.33870994822364	0.746	0.551	8.23560799685218e-10	"8"	"MYOF"
2.25974531151783e-14	1.87615710240583	0.319	0.116	8.2708938146864e-10	"8"	"EDNRA"
2.26933519115334e-14	0.634080046233385	0.307	0.166	8.30599373314033e-10	"7"	"INPP5A"
2.28753922462077e-14	0.652904414409519	0.899	0.563	8.37262231603447e-10	"8"	"LTBP2"
2.4803114222555e-14	0.527773940500845	0.258	0.204	9.07818783659735e-10	"6"	"INTS4"
2.50635091034203e-14	1.31118240880459	0.261	0.082	9.17349496694285e-10	"8"	"PCLAF"
2.5544072495388e-14	1.77390748764369	1	1	9.34938597403696e-10	"9"	"PSAP"
2.68605047829782e-14	0.624608905517054	0.259	0.208	9.83121335561784e-10	"6"	"ELMOD3"
2.85721096306403e-14	0.978784433515313	0.848	0.659	1.04576778459107e-09	"8"	"PLEC"
3.13692824681275e-14	1.36261253207356	0.312	0.109	1.14814710761593e-09	"8"	"CHRDL1"
3.1622322734431e-14	0.541682479012715	0.313	0.27	1.15740863440291e-09	"5"	"REPS1"
3.18516810161367e-14	1.13245774969129	0.652	0.382	1.16580337687162e-09	"8"	"VSIR"
3.1865017684339e-14	0.91573881456765	0.87	0.593	1.16629151226449e-09	"8"	"DCBLD2"
3.20022559983389e-14	4.97756999740737	0.542	0.11	1.1713145717952e-09	"9"	"GALNT5"
3.35843272083173e-14	1.43090116326667	0.558	0.302	1.22921996015162e-09	"8"	"GPR176"
3.36833456967286e-14	0.758486156561128	0.884	0.668	1.23284413584596e-09	"8"	"TMEM189"
3.49110380892577e-14	0.549935171860514	0.288	0.245	1.27777890510492e-09	"5"	"ZNF606"
3.54554941089988e-14	1.25529474101238	0.732	0.468	1.29770653988347e-09	"8"	"PKIG"
3.57278609164996e-14	1.07759058659738	0.696	0.435	1.3076754374048e-09	"8"	"C1GALT1"
3.83914740623819e-14	0.528722690003847	0.673	0.507	1.40516634215724e-09	"7"	"SRGN"
3.92886029284549e-14	1.33800505913645	0.783	0.543	1.43800215578438e-09	"8"	"CDC42EP3"
4.01440858305274e-14	1.42709989095711	0.674	0.444	1.46931368548313e-09	"8"	"KIFAP3"
4.06505263029722e-14	0.535426741607426	0.323	0.279	1.48784991321509e-09	"5"	"CREBRF"
4.25673706784929e-14	2.61254532816408	0.958	0.766	1.55800833420352e-09	"9"	"MRC2"
4.2663842486712e-14	1.4281184091557	0.254	0.079	1.56153929885614e-09	"8"	"IL6"
4.56674447811464e-14	1.21546610129855	0.877	0.643	1.67147414643474e-09	"8"	"CLDN11"
4.64559882851851e-14	1.52901929805144	0.362	0.145	1.70033562722606e-09	"8"	"PRSS12"
4.70465901674655e-14	0.504549212131035	0.427	0.398	1.72195224671941e-09	"5"	"DYRK4"
4.97475282669288e-14	0.643991485873188	0.285	0.154	1.82080928209786e-09	"7"	"HSD3B7"
5.28572414227113e-14	0.858391415745814	0.877	0.676	1.93462789331266e-09	"8"	"PSMB8"
5.3220488681756e-14	1.91270289232392	0.326	0.123	1.94792310624095e-09	"8"	"MBNL1-AS1"
5.32791854559642e-14	0.86824295219047	0.281	0.152	1.95007146687375e-09	"7"	"MOK"
5.39300601727794e-14	0.517064188422522	1	0.944	1.9738941323839e-09	"8"	"CTSA"
5.48375875617783e-14	2.72695698212887	1	0.858	2.00711054234865e-09	"9"	"LOXL2"
5.53553626598823e-14	1.10514606021812	0.783	0.548	2.02606162871435e-09	"8"	"CDC42EP2"
5.81829129596629e-14	1.32553503221962	0.399	0.165	2.12955279723662e-09	"8"	"PAMR1"
6.04212529718311e-14	2.59102592254478	0.958	0.708	2.21147828002199e-09	"9"	"ADAM10"
6.04651228594263e-14	0.62394289073028	0.305	0.266	2.21308396177786e-09	"5"	"CCDC66"
6.38455940090481e-14	0.548905255840564	0.349	0.196	2.33681258632517e-09	"7"	"PNPO"
6.43764457611856e-14	0.561441827894335	0.313	0.17	2.35624229130516e-09	"7"	"PPP1R9B"
6.47041881675977e-14	1.02171251573079	0.957	0.857	2.36823799112225e-09	"8"	"ILK"
7.08874371226416e-14	0.526437119982698	0.423	0.249	2.5945510861258e-09	"7"	"TNFRSF10D"
7.18068804673803e-14	1.24237312106171	0.543	0.28	2.62820363198659e-09	"8"	"PTGS1"
7.2477138795724e-14	1.10854346021115	0.696	0.433	2.65273575706229e-09	"8"	"SASH1"
7.36613350872009e-14	2.81360241751131	1	0.769	2.69607852552664e-09	"9"	"COL16A1"
7.41933939108755e-14	1.46686940784162	0.464	0.216	2.71555241053195e-09	"8"	"SOCS3"
7.67639496137063e-14	0.542970449457014	0.449	0.284	2.80963731981127e-09	"7"	"GATD3B"
7.76414391152943e-14	2.49986044919483	1	0.921	2.84175431305889e-09	"9"	"RRBP1"
7.87919831954742e-14	0.612537589177275	0.273	0.144	2.88386537693755e-09	"7"	"AL118516.1"
8.82867147316563e-14	1.5573677646626	1	0.968	3.23138204589335e-09	"9"	"GRN"
9.18826413753198e-14	0.503778316052973	0.357	0.2	3.36299655697808e-09	"7"	"XPO4"
9.53972284304057e-14	0.72586485136805	0.942	0.79	3.49163395778128e-09	"8"	"LHFPL6"
1.02293394602429e-13	2.69824749822821	0.958	0.71	3.7440405358435e-09	"9"	"LAMB2"
1.05915268648262e-13	0.593595835987721	0.355	0.205	3.87660474779502e-09	"7"	"MAP4K3-DT"
1.10888970639134e-13	2.6454648529974	0.958	0.908	4.05864721436293e-09	"9"	"TMEM30A"
1.22465804005247e-13	0.545527534142007	0.333	0.188	4.48237089239605e-09	"7"	"FOXF2"
1.25009649921741e-13	1.00513120341991	0.688	0.394	4.57547819678564e-09	"8"	"GNA12"
1.26343400993405e-13	0.571033703745934	0.321	0.177	4.62429481975963e-09	"7"	"HLA-F"
1.29622445493959e-13	0.589538539892979	0.312	0.299	4.74431112752441e-09	"1"	"ALG9"
1.30201832777895e-13	0.819249947334761	0.833	0.619	4.76551728150372e-09	"8"	"ISG15"
1.30639256562113e-13	2.70001989393729	0.958	0.586	4.7815274294299e-09	"9"	"PTK7"
1.3286340022442e-13	0.812041317117916	0.841	0.625	4.86293331161398e-09	"8"	"ASAP1"
1.4624057148618e-13	0.629720440110756	0.267	0.14	5.35255115696566e-09	"7"	"MAPKBP1"
1.51004049975927e-13	0.504292133345426	0.331	0.183	5.5268992331689e-09	"7"	"MLF1"
1.53604524279175e-13	0.595473480639463	0.349	0.201	5.62207919314209e-09	"7"	"PPP2R3A"
1.55789789989968e-13	0.960205367299128	0.928	0.829	5.70206210342281e-09	"8"	"ACTR3"
1.58481010915685e-13	0.562392253513164	0.347	0.197	5.800563480525e-09	"7"	"SSPN"
1.59131561990329e-13	0.508912886486045	0.445	0.27	5.82437430040802e-09	"7"	"TKFC"
1.59566032466525e-13	0.611536366593768	0.978	0.921	5.8402763543073e-09	"8"	"CAPNS1"
1.69893966538133e-13	1.20899599919147	0.616	0.381	6.21828906926219e-09	"8"	"SNRPD3"
1.73229460116501e-13	1.05353089931932	0.797	0.602	6.34037146972407e-09	"8"	"STK17A"
1.75163890767357e-13	0.510436620090278	0.297	0.158	6.41117356597604e-09	"7"	"SLC25A14"
1.83423159676911e-13	0.512142540438474	0.299	0.161	6.71347106733463e-09	"7"	"AC025171.1"
1.87997789193923e-13	0.786577049988895	0.949	0.783	6.88090708228677e-09	"8"	"ANXA1"
1.88763072441459e-13	3.83040742613669	0.875	0.439	6.90891721442983e-09	"9"	"FAT1"
1.8905593577908e-13	0.604260195998272	0.978	0.896	6.91963630545011e-09	"8"	"CTSZ"
2.08330263099208e-13	0.506914081739456	0.317	0.179	7.62509595969413e-09	"7"	"SVEP1"
2.16778916096208e-13	1.36452251578389	0.413	0.181	7.93432510803732e-09	"8"	"FCHSD2"
2.22254809406907e-13	0.761276100966391	0.942	0.763	8.13474827910220e-09	"8"	"TPD52L2"
2.27439277819135e-13	1.09616098150144	0.42	0.18	8.32450500745816e-09	"8"	"EPSTI1"
2.27519935577492e-13	5.49692670655497	0.375	0.054	8.32745716207178e-09	"9"	"LRRC15"
2.36095961533886e-13	0.507011857285858	0.274	0.229	8.64134828810178e-09	"5"	"COQ10A"
2.38937596806129e-13	1.96641159469333	0.319	0.125	8.74535498070111e-09	"8"	"NOTCH2NLA"
2.52748984483047e-13	0.819237859272295	0.964	0.833	9.25086558106402e-09	"8"	"TUBA1C"
2.5373855129974e-13	3.35634822963946	0.958	0.707	9.28708471612179e-09	"9"	"THBS2"
2.6139452332877e-13	0.894254768374896	0.855	0.626	9.56730094835632e-09	"8"	"ARHGAP1"
2.64454235533965e-13	0.541162974744748	0.309	0.17	9.67928947477865e-09	"7"	"QSOX2"
2.66722198997347e-13	0.533376799343524	0.315	0.174	9.7622992055019e-09	"7"	"KMT2D"
2.70294186874325e-13	0.552770300387999	0.327	0.184	9.89303753378717e-09	"7"	"PRKD1"
2.80015312517011e-13	4.38321903848783	0.875	0.508	1.02488404534351e-08	"9"	"CD109"
2.89413848238553e-13	0.808856753205633	0.906	0.706	1.05928362593793e-08	"8"	"DDR2"
2.9416119030006e-13	0.584587801099068	0.263	0.138	1.07665937261725e-08	"7"	"ALS2"
2.94470661697352e-13	0.802969820425883	0.841	0.609	1.07779206887848e-08	"8"	"SRPX2"
2.95292341024698e-13	0.594682405457552	0.271	0.144	1.0807994973845e-08	"7"	"LPCAT2"
2.98696833735789e-13	0.627646370515167	0.957	0.906	1.09326028115636e-08	"8"	"HEBP1"
3.12266649008403e-13	0.527060322026561	0.266	0.242	1.14292716203565e-08	"4"	"TRPC1"
3.225745594661e-13	0.510035133758666	0.371	0.215	1.18065514510187e-08	"7"	"METTL2A"
3.44302117098582e-13	2.32486505099073	0.958	0.968	1.26018017879252e-08	"9"	"APLP2"
3.52822829339206e-13	0.892354375772278	0.768	0.495	1.29136683766443e-08	"8"	"CPQ"
3.62961043295216e-13	0.932785186521646	0.855	0.657	1.32847371456482e-08	"8"	"IQGAP1"
3.62967107555188e-13	1.77366710801654	0.399	0.178	1.32849591036274e-08	"8"	"HLA-F"
3.83634046107489e-13	0.523701282822917	0.254	0.232	1.40413897215802e-08	"1"	"AC015712.2"
3.93275894211328e-13	0.520313652341529	0.29	0.239	1.43942910040288e-08	"6"	"LENG1"
4.37080691134989e-13	1.26344878064967	0.609	0.345	1.59975903762317e-08	"8"	"CALHM2"
4.46364474305238e-13	0.635522436334118	0.573	0.388	1.6337386124046e-08	"7"	"RGMB"
4.68858637185446e-13	0.944713479250356	0.79	0.536	1.71606949796245e-08	"8"	"GNAI1"
4.83082997043933e-13	0.504128098762957	0.271	0.144	1.7681320774805e-08	"7"	"AL157394.3"
5.12573244573304e-13	0.520509172651575	0.373	0.338	1.87606933246275e-08	"5"	"ADPRHL2"
5.26935451349255e-13	0.592742497080871	0.283	0.153	1.92863644548341e-08	"7"	"CLDN12"
5.36090036362809e-13	0.50518783368889	0.421	0.397	1.96214314209152e-08	"5"	"ZNF12"
6.00160164103308e-13	0.535976948082417	0.257	0.207	2.19664621663452e-08	"6"	"TAF8"
6.14850650925941e-13	4.41964442735385	0.375	0.056	2.25041486745404e-08	"9"	"COL13A1"
6.40486176565475e-13	1.09333689399652	0.725	0.488	2.3442434548473e-08	"8"	"SETD7"
6.57587089991157e-13	2.89019023561364	1	0.764	2.40683450807663e-08	"9"	"PDGFRA"
7.65285653230328e-13	0.537425184675132	0.284	0.244	2.80102201938832e-08	"5"	"OXSM"
7.81360875029422e-13	0.569828202100584	0.443	0.279	2.85985893869519e-08	"7"	"PTGS1"
7.92375447075949e-13	0.509265931967177	0.291	0.159	2.90017337384268e-08	"7"	"ZKSCAN5"
8.02000178878279e-13	0.56232912594823	0.251	0.2	2.93540085471239e-08	"6"	"PLEKHG2"
8.19188796584083e-13	0.663043938219148	0.957	0.875	2.9983129143774e-08	"8"	"COPZ2"
8.63385400218551e-13	0.513923896424639	0.303	0.166	3.16007690333992e-08	"7"	"NAGPA"
8.93753602709562e-13	1.8887372584995	0.275	0.098	3.27122756127727e-08	"8"	"WWP2"
9.92749998161248e-13	0.625278480653597	1	0.946	3.63356426826999e-08	"8"	"THY1"
1.07093273917717e-12	0.506033840770147	0.265	0.214	3.91972091866238e-08	"6"	"METTL2A"
1.0878816949559e-12	0.574325475327299	0.279	0.229	3.9817557917081e-08	"6"	"RPP25"
1.10868432309068e-12	0.601684692926217	0.253	0.133	4.0578954909442e-08	"7"	"PLEKHA2"
1.13337243992661e-12	2.27370915191088	0.958	0.847	4.1482564673754e-08	"9"	"QSOX1"
1.17843666601022e-12	1.38255793232127	0.732	0.549	4.31319604126401e-08	"8"	"CRABP2"
1.18843795355604e-12	1.02196340896974	0.623	0.35	4.34980175381046e-08	"8"	"EPDR1"
1.22071121495361e-12	0.571235422589999	0.336	0.3	4.4679251178517e-08	"5"	"FBXO30"
1.24339631443589e-12	0.541978154748542	0.285	0.155	4.5509548504668e-08	"7"	"ZNF668"
1.33905764997689e-12	1.41357938191257	0.37	0.153	4.9010849046804e-08	"8"	"LINC01503"
1.36686799792534e-12	2.92968284459088	1	0.912	5.00287355920655e-08	"9"	"TGFBI"
1.40953048883395e-12	0.661154652290393	0.267	0.145	5.15902254218113e-08	"7"	"HECTD2"
1.41414804882475e-12	1.96660076348599	1	0.988	5.17592327350347e-08	"9"	"LAMC1"
1.47103814400372e-12	0.504465312763895	1	0.924	5.384146710868e-08	"8"	"IGFBP6"
1.48587700256872e-12	1.8139335332789	0.275	0.1	5.43845841710179e-08	"8"	"PITX1"
1.50846033859823e-12	1.51295794791444	0.377	0.158	5.5211156853034e-08	"8"	"DOK5"
1.51720539388601e-12	3.52889367433167	0.875	0.47	5.55312346216219e-08	"9"	"HEG1"
1.53637624112782e-12	0.908691950529432	0.761	0.511	5.62329068015193e-08	"8"	"DUSP14"
1.53647190938365e-12	1.40424174306143	0.5	0.255	5.6236408355351e-08	"8"	"MAP3K8"
1.64600675639627e-12	0.504865198270659	0.279	0.15	6.02454932908598e-08	"7"	"GNB1L"
1.67087077371616e-12	0.7007218370357	0.942	0.795	6.11555411887851e-08	"8"	"SHISA5"
1.70274800540168e-12	1.20337851058925	0.543	0.288	6.23222797457068e-08	"8"	"LRP5"
1.71960774278019e-12	0.547233803698083	0.259	0.216	6.29393629934977e-08	"5"	"WDR81"
1.79176185152614e-12	1.83235816487313	1	0.995	6.55802755277081e-08	"9"	"PDIA3"
1.91857323152746e-12	1.8576443591874	0.261	0.093	7.02216988471364e-08	"8"	"RIN3"
2.02044166989637e-12	0.504944417249669	0.993	0.887	7.3950185559877e-08	"8"	"PLOD1"
2.0650888416073e-12	0.546568132542548	0.357	0.214	7.55843166916688e-08	"7"	"CYLD"
2.10464346690161e-12	2.3170524049069	1	0.977	7.70320555320658e-08	"9"	"AHNAK"
2.17683521852473e-12	1.11454615843574	0.558	0.286	7.96743458332237e-08	"8"	"RDH5"
2.328622648735e-12	1.07055107822028	0.616	0.358	8.52299175663499e-08	"8"	"SMYD2"
2.3390155472557e-12	2.31306941554691	0.958	0.901	8.56103080451058e-08	"9"	"CLTC"
2.38501343144263e-12	1.72574366792577	0.958	0.988	8.72938766042318e-08	"9"	"CANX"
2.49035185015169e-12	0.623562852540931	0.259	0.14	9.11493680674019e-08	"7"	"LMOD1"
2.51726203649519e-12	1.48329045307733	0.362	0.153	9.21343077977606e-08	"8"	"NRBP2"
2.53217959881429e-12	1.05560998609651	0.659	0.414	9.26803054962018e-08	"8"	"SLC44A2"
2.53455043567141e-12	0.61536783365036	0.291	0.161	9.27670804960092e-08	"7"	"FANCF"
2.63461677569822e-12	2.93592956574487	0.917	0.72	9.64296086073307e-08	"9"	"IGF2R"
2.77810296923731e-12	0.998283591615533	0.768	0.547	1.01681346777055e-07	"8"	"CREB3L1"
2.79902738393844e-12	2.35803793575333	0.917	0.734	1.02447201279531e-07	"9"	"HUWE1"
2.80915148251193e-12	0.857276545473415	0.891	0.733	1.02817753411419e-07	"8"	"UROD"
2.85581829747074e-12	0.921624408766289	0.855	0.756	1.04525805505726e-07	"8"	"LPP"
2.89796315713136e-12	0.502021544051126	0.337	0.194	1.06068349514165e-07	"7"	"FAAP100"
2.95568726467639e-12	0.846950720542566	0.804	0.583	1.08181109574421e-07	"8"	"THRA"
2.98352807209121e-12	0.66067015453169	0.957	0.842	1.0920011096661e-07	"8"	"PARVA"
3.09004216812612e-12	0.597493451994392	0.325	0.187	1.13098633395584e-07	"7"	"NBPF10"
3.16650367134717e-12	2.72933921886816	0.958	0.665	1.15897200874978e-07	"9"	"THBS1"
3.47792702648143e-12	0.513591796174566	0.253	0.135	1.27295607096247e-07	"7"	"N4BP2"
3.54522131518242e-12	1.11125474440012	0.862	0.715	1.29758645356992e-07	"8"	"MBNL1"
3.70786549839503e-12	3.04933328129729	0.875	0.523	1.35711585106756e-07	"9"	"NID2"
3.73080695249712e-12	1.31688966665189	0.37	0.156	1.36551265268347e-07	"8"	"WEE1"
3.92947303741339e-12	0.802164230147412	0.282	0.254	1.43822642642368e-07	"4"	"HPD"
4.08584826371356e-12	2.66959198665238	0.917	0.686	1.4954613230018e-07	"9"	"SEL1L"
4.10616129027096e-12	0.539290574280723	0.266	0.239	1.50289609385207e-07	"3"	"TTC39B"
4.61220335013858e-12	1.08878884211112	0.71	0.48	1.68811254818422e-07	"8"	"NIBAN2"
4.64525630899093e-12	0.580318057008443	0.261	0.141	1.70021026165377e-07	"7"	"THAP9-AS1"
4.75471930370914e-12	0.859809294190418	0.935	0.793	1.74027481235058e-07	"8"	"OPTN"
4.79379900585322e-12	1.68274856447206	0.283	0.106	1.75457837413234e-07	"8"	"MICAL2"
4.81785426335987e-12	0.564972713753844	0.277	0.154	1.76338283893235e-07	"7"	"SPATA5L1"
5.26717171859502e-12	1.0792174684414	0.652	0.417	1.92783752072297e-07	"8"	"PIM1"
5.28527894167847e-12	0.746844016752192	0.833	0.643	1.93446494544374e-07	"8"	"FEZ2"
5.42952970246546e-12	1.27630219963404	0.58	0.348	1.98726216639938e-07	"8"	"HYI"
5.53044449406674e-12	4.3949557164585	0.708	0.261	2.02419798927337e-07	"9"	"ITGA11"
5.53423699422101e-12	0.535113711569196	0.25	0.203	2.02558608225483e-07	"6"	"TRAF3"
5.81199048575282e-12	0.88047617540855	0.725	0.509	2.12724663769039e-07	"8"	"STK38"
5.81983592529434e-12	0.93188935924053	0.884	0.701	2.13011814701698e-07	"8"	"TMEM45A"
5.91500828670246e-12	1.39045789050733	0.384	0.168	2.16495218301597e-07	"8"	"U2AF1"
5.95438461940836e-12	0.512876796051102	0.319	0.181	2.17936431454965e-07	"7"	"FGD1"
6.25345533959494e-12	1.74031366252933	0.958	0.915	2.28882718884514e-07	"9"	"SF3B1"
6.38614902779885e-12	1.05913345538243	0.659	0.431	2.33739440566466e-07	"8"	"EPB41L2"
6.48757612304751e-12	1.92230590302804	0.254	0.09	2.37451773679662e-07	"8"	"IFIT3"
6.50237875361198e-12	1.44245993434855	0.464	0.243	2.37993564760952e-07	"8"	"ARHGEF17"
7.35556128267309e-12	1.28089367426833	0.551	0.313	2.69220898507118e-07	"8"	"SH3BP4"
7.46506811182638e-12	1.88634872035429	0.958	0.844	2.73228957960957e-07	"9"	"MIA3"
7.88795317492439e-12	0.512453014212415	0.256	0.215	2.88706974155408e-07	"5"	"ZNF205"
8.76316735937278e-12	2.56399934511788	1	0.997	3.20740688520403e-07	"9"	"NEAT1"
9.24394053681944e-12	3.15152208684953	0.875	0.542	3.38337467588128e-07	"9"	"FAP"
9.47549660719556e-12	0.549650569788098	1	0.994	3.46812651319965e-07	"8"	"S100A10"
9.90231599528463e-12	2.28932729945544	0.958	0.827	3.62434667743413e-07	"9"	"P3H1"
1.01342966940904e-11	1.47141826149175	0.319	0.13	3.70925393300403e-07	"8"	"CADPS2"
1.04641523692407e-11	2.83503813920299	0.833	0.424	3.82998440866577e-07	"9"	"PLXNB2"
1.06800659395091e-11	2.96898396682725	0.625	0.158	3.90901093451971e-07	"9"	"GREM1"
1.27694123170657e-11	3.01724192074413	0.792	0.368	4.6737326021692e-07	"9"	"DYNC2H1"
1.29295887380519e-11	1.71069639042422	0.362	0.165	4.73235877401437e-07	"8"	"BX322234.1"
1.30721516621768e-11	2.59884673557468	0.958	0.846	4.78453822987331e-07	"9"	"SLIT3"
1.33999447282049e-11	0.604005775190572	0.259	0.143	4.90451376997028e-07	"7"	"ASB16-AS1"
1.3406083966604e-11	1.128379375421	0.529	0.283	4.90676079261674e-07	"8"	"WASHC2A"
1.34262578857249e-11	4.15470430049493	0.5	0.114	4.91414464875417e-07	"9"	"ECM2"
1.44942740260824e-11	1.17190891334681	0.558	0.318	5.30504923628641e-07	"8"	"IFI35"
1.47642051222776e-11	1.10920984726385	0.609	0.366	5.40384671680482e-07	"8"	"MTMR2"
1.51558817892985e-11	1.50239861817877	0.341	0.145	5.54720429370116e-07	"8"	"AL157394.3"
1.57145048022957e-11	0.653048408489039	0.942	0.815	5.75166590268824e-07	"8"	"UFC1"
1.66110929175744e-11	2.36772723303615	1	0.78	6.07982611876141e-07	"9"	"LOX"
1.69056240526442e-11	0.916743259869238	0.754	0.485	6.18762745950831e-07	"8"	"FOSB"
1.69702411325328e-11	2.41001985299045	0.958	0.755	6.21127795691835e-07	"9"	"VCL"
1.75962951859778e-11	1.37090110568646	0.319	0.131	6.44042000101972e-07	"8"	"BAMBI"
1.9737830953459e-11	0.832906368537027	0.616	0.353	7.22424350727551e-07	"8"	"NOTCH3"
2.15546051662093e-11	0.523361685868689	0.309	0.179	7.88920103688428e-07	"7"	"ZNF395"
2.15575014264844e-11	0.670356194336297	0.964	0.905	7.89026109710757e-07	"8"	"FAM114A1"
2.19814946287979e-11	1.02586802270958	0.667	0.426	8.04544684908632e-07	"8"	"LINC01116"
2.36657125756359e-11	2.41253442153583	1	0.977	8.66188745980849e-07	"9"	"FBLN2"
2.41243842233908e-11	0.992267241433045	0.5	0.259	8.82976586960326e-07	"8"	"ITPRIP"
2.44394606193006e-11	0.554762053774796	0.263	0.145	8.94508698127022e-07	"7"	"LDLRAP1"
2.4924259193415e-11	0.813213259869413	0.935	0.843	9.12252810738182e-07	"8"	"ARID5B"
2.50072307131803e-11	1.54008273805122	0.543	0.336	9.15289651333112e-07	"8"	"SMURF2"
2.62990190091358e-11	0.826360100444888	0.92	0.796	9.62570394753378e-07	"8"	"CTNNA1"
2.90957193910461e-11	0.847599930545549	0.638	0.387	1.06493242543168e-06	"8"	"KLF10"
3.00236623935831e-11	2.63878363777473	0.875	0.551	1.09889606726754e-06	"9"	"MYOF"
3.02396157418995e-11	1.65895802744229	0.958	0.923	1.10680017576926e-06	"9"	"TLN1"
3.10879540695137e-11	1.76539809651199	1	0.925	1.13785020689827e-06	"9"	"PRKCSH"
3.25303588111421e-11	0.564267853116496	0.259	0.144	1.19064366284661e-06	"7"	"AC097534.2"
3.26867252851413e-11	0.508999604079143	0.935	0.859	1.19636683216146e-06	"8"	"TLE5"
3.33208367408162e-11	0.676411306209601	0.957	0.83	1.21957594555061e-06	"8"	"TXNIP"
3.44476224769877e-11	0.605868591945349	0.993	0.931	1.26081743028023e-06	"8"	"TAGLN2"
3.62513739609542e-11	0.842272299955585	0.732	0.46	1.32683653834489e-06	"8"	"NTAN1"
3.6966668781571e-11	2.79042327222051	0.875	0.626	1.35301704407428e-06	"9"	"ADAM9"
3.96684258392182e-11	1.19044939469852	0.442	0.214	1.45190405414122e-06	"8"	"MEF2C"
4.20350382831999e-11	1.62363962116665	0.37	0.174	1.5385244362034e-06	"8"	"TRPV2"
4.27521454828669e-11	0.610982010711252	0.971	0.851	1.56477127681841e-06	"8"	"GARS"
4.37714543823803e-11	1.24126253292475	0.471	0.243	1.6020790018495e-06	"8"	"TBC1D1"
4.42145484946341e-11	0.794751515671833	0.949	0.807	1.6182966894521e-06	"8"	"CCN1"
4.93395126123293e-11	1.14532068984517	0.558	0.318	1.80587550112386e-06	"8"	"ARHGAP29"
4.93818750844363e-11	1.41490620528809	1	0.993	1.80742600996545e-06	"9"	"FSTL1"
5.50314981615009e-11	0.53392103086567	0.261	0.145	2.01420786420909e-06	"7"	"SNN"
5.54814576957335e-11	0.897257010846819	0.732	0.489	2.03067683312154e-06	"8"	"TAPBP"
5.60801059466772e-11	1.58562332562386	0.275	0.107	2.05258795775433e-06	"8"	"CNTNAP1"
5.72988631714529e-11	0.966133377759887	0.667	0.427	2.09719569093835e-06	"8"	"PEAK1"
6.52114149091881e-11	1.39195938625746	1	0.968	2.38680299709119e-06	"9"	"ATP6AP2"
6.75793482647376e-11	0.506008711577038	0.993	0.944	2.47347172583766e-06	"8"	"NUPR1"
7.39066009139106e-11	1.24921019990769	0.391	0.18	2.70505550005004e-06	"8"	"HLA-DMA"
7.59439688143166e-11	1.19349934278188	0.442	0.225	2.7796252025728e-06	"8"	"RAC2"
7.65279202303006e-11	0.751620768714714	0.819	0.597	2.80099840834923e-06	"8"	"DLGAP4"
8.09162893773891e-11	0.725703657877081	0.848	0.629	2.96161710750182e-06	"8"	"EMC10"
8.38260724969577e-11	0.869030026604174	0.783	0.577	3.06811807946115e-06	"8"	"PSMB10"
8.43993800430531e-11	0.715537113313377	0.833	0.624	3.08910170895579e-06	"8"	"SLC16A3"
8.59957465124647e-11	2.39790371905123	0.875	0.624	3.14753031810272e-06	"9"	"ATP2A2"
8.88421773993106e-11	0.579223239596403	0.949	0.844	3.25171253499217e-06	"8"	"ARHGDIA"
9.85159621742047e-11	0.531941653113923	0.283	0.163	3.60578273153807e-06	"7"	"MAP3K5"
1.02660136718591e-10	2.81902662918441	0.875	0.706	3.75746366403716e-06	"9"	"DDR2"
1.05615492833028e-10	0.555504639069119	0.595	0.43	3.86563265318167e-06	"7"	"SLC4A7"
1.1312948804926e-10	0.559432714428748	0.928	0.843	4.14065239209096e-06	"8"	"ADD1"
1.15252205522469e-10	0.99657870481017	0.558	0.32	4.21834597432789e-06	"8"	"NDST1"
1.20145824318463e-10	1.3955025424167	0.399	0.193	4.39745731588005e-06	"8"	"NES"
1.2211971365282e-10	0.622366335455607	0.92	0.733	4.46970363940688e-06	"8"	"CARHSP1"
1.23069029322335e-10	0.506770222683507	0.267	0.151	4.50444954222677e-06	"7"	"COPG2"
1.28526227636742e-10	1.4717269848798	1	0.982	4.7041884577324e-06	"9"	"SRRM2"
1.35021969941934e-10	0.60852157867516	0.397	0.258	4.94193912184474e-06	"7"	"FRMD4A"
1.38607187963976e-10	2.04844568077532	0.917	0.709	5.07316168666947e-06	"9"	"LTBP3"
1.42668722940672e-10	0.813499521829392	0.725	0.472	5.22181792835154e-06	"8"	"PXN"
1.48358169205372e-10	1.7535864230721	1	0.998	5.43005735108581e-06	"9"	"MMP2"
1.53038721589502e-10	1.00719622773769	0.652	0.412	5.60137024889737e-06	"8"	"PFKP"
1.57946422553829e-10	0.936005543752611	0.783	0.587	5.78099701189271e-06	"8"	"KANK2"
1.60956359406846e-10	2.47904219068722	0.917	0.903	5.89116371064996e-06	"9"	"IL6ST"
1.66484133949742e-10	0.869775123568941	0.674	0.459	6.09348578669451e-06	"8"	"SERINC2"
1.68301778701793e-10	1.56588599916115	1	0.956	6.16001340226434e-06	"9"	"HSPG2"
1.71894282225801e-10	1.27408073201876	0.37	0.172	6.29150262374654e-06	"8"	"AGRN"
1.73412936807871e-10	3.03036948945356	0.792	0.428	6.34708690010488e-06	"9"	"PEAK1"
1.79308803684026e-10	2.87984075113639	0.917	0.734	6.56288152363905e-06	"9"	"ADAM12"
1.8207469266857e-10	0.763776177225234	0.92	0.819	6.66411582636234e-06	"8"	"CLTB"
1.98633320288708e-10	1.51040151239707	0.341	0.155	7.270178155887e-06	"8"	"SYNGR1"
2.02082247745304e-10	1.39005545667673	1	0.955	7.39641234972586e-06	"9"	"TXNDC5"
2.05937634808864e-10	1.92483426517316	0.958	0.94	7.53752337163922e-06	"9"	"PRKDC"
2.14947877567401e-10	0.882518080531215	0.725	0.481	7.86730726684446e-06	"8"	"SPATA20"
2.25518723632672e-10	0.696346078758463	0.87	0.74	8.25421080367942e-06	"8"	"YIF1B"
2.31358741637828e-10	1.14374921354828	0.507	0.283	8.46796130268615e-06	"8"	"KLF7"
2.35132836281292e-10	0.610016648274088	0.826	0.615	8.60609694073158e-06	"8"	"METRNL"
2.37572477187023e-10	0.930582659168343	0.717	0.501	8.69539023752224e-06	"8"	"PML"
2.49728847711893e-10	2.13286118945164	0.312	0.137	9.140325555103e-06	"8"	"FAM89A"
2.57360223977746e-10	2.5600535470606	0.833	0.518	9.41964155780947e-06	"9"	"CLIP1"
2.75328559765122e-10	1.95050399660121	0.958	0.94	1.00773006159632e-05	"9"	"LAMP1"
2.81152169869096e-10	0.822027597062637	0.819	0.657	1.02904505693788e-05	"8"	"MYO1C"
2.86720678007987e-10	0.588875526527071	0.92	0.76	1.04942635357703e-05	"8"	"CCDC50"
2.89201015513376e-10	1.90413415622883	0.958	0.834	1.05850463688051e-05	"9"	"FLNA"
2.92936120240062e-10	2.39456298630851	0.875	0.604	1.07217549369065e-05	"9"	"ANTXR1"
2.99109727468292e-10	0.515017934789834	0.283	0.167	1.0947715135067e-05	"7"	"KLF2"
3.22113011053739e-10	2.05921640980069	1	0.887	1.17896583175779e-05	"9"	"PLOD1"
3.24314546323409e-10	2.49062508381526	0.958	0.826	1.18702367099831e-05	"9"	"LAMA2"
3.26337068794723e-10	0.506167384550805	0.251	0.141	1.19442630549557e-05	"7"	"EXTL3"
3.38335264639706e-10	1.82862947195971	0.958	0.887	1.23834090210779e-05	"9"	"SPTAN1"
3.43856670725669e-10	1.01691233295601	0.587	0.349	1.25854980052302e-05	"8"	"FHOD1"
3.44086661798759e-10	2.9472396110563	0.792	0.39	1.25939159084964e-05	"9"	"BICC1"
3.56629782106505e-10	0.987228626537487	0.594	0.345	1.30530066548802e-05	"8"	"SYDE1"
3.57838320346382e-10	0.860169721549781	0.797	0.586	1.30972403629979e-05	"8"	"CHD3"
3.58575273893892e-10	0.699756417201737	0.841	0.608	1.31242135997903e-05	"8"	"BASP1"
3.64521272424112e-10	3.50513655794028	0.875	0.536	1.33418430919949e-05	"9"	"COL14A1"
3.73683522764624e-10	3.37833923980054	0.875	0.549	1.3677190616708e-05	"9"	"CDH11"
3.89925217001386e-10	1.51028197465644	0.319	0.141	1.42716528674677e-05	"8"	"TNFRSF14"
3.97120248863401e-10	0.803571099495094	0.696	0.433	1.45349982286493e-05	"8"	"IRF9"
4.08719178022522e-10	0.56187798004836	0.862	0.593	1.49595306348023e-05	"8"	"VASN"
4.27896066960872e-10	0.504682275001515	0.971	0.851	1.56614239468349e-05	"8"	"CAV2"
4.4518977305799e-10	0.645399418857953	0.891	0.772	1.62943908836955e-05	"8"	"ITGB1BP1"
4.4735390364282e-10	1.48934573289822	0.399	0.196	1.63736002272309e-05	"8"	"HLA-DPB1"
4.5971762536907e-10	0.774471226602565	0.935	0.881	1.68261248061333e-05	"8"	"ARPC5"
4.69153768662766e-10	0.977590454487822	0.572	0.342	1.71714970868259e-05	"8"	"ADAMTS12"
4.78177390505657e-10	0.79710417852255	0.877	0.824	1.75017706698975e-05	"8"	"MAGED2"
4.82785929299352e-10	1.84832056469686	0.958	0.803	1.76704477982856e-05	"9"	"DDB1"
4.85072190647616e-10	4.90077031324626	0.542	0.158	1.77541272498934e-05	"9"	"FLRT2"
4.88009984597597e-10	1.69906695470362	0.304	0.134	1.78616534462566e-05	"8"	"IQSEC2"
4.96942644861217e-10	1.35565753857	0.406	0.207	1.81885977445654e-05	"8"	"DDAH1"
5.19570167020949e-10	1.71135390179424	0.917	0.901	1.90167876831338e-05	"9"	"SERINC1"
5.2298504642601e-10	1.4503869326035	0.406	0.206	1.91417756842384e-05	"8"	"GJC1"
5.24159928647889e-10	2.41526295197529	0.875	0.804	1.91847775484414e-05	"9"	"FKBP9"
5.29583324886089e-10	1.32475576954156	0.428	0.222	1.93832792741557e-05	"8"	"FBLIM1"
5.30105777789209e-10	0.851221458902691	0.688	0.441	1.94024015728628e-05	"8"	"NRSN2"
5.32299361113886e-10	1.13562938585264	0.522	0.307	1.94826889161294e-05	"8"	"SLC41A3"
5.63934965076592e-10	1.36745494337176	1	0.99	2.06405836567684e-05	"9"	"PCOLCE"
5.82180588454748e-10	3.0423093045045	0.708	0.313	2.13083917180322e-05	"9"	"PTGFRN"
6.00413603016982e-10	1.40452896430626	1	0.967	2.19757382840246e-05	"9"	"SPTBN1"
6.36083478534831e-10	0.885077850205636	0.877	0.802	2.32812913978534e-05	"8"	"DDB1"
6.37909314826971e-10	1.21397930256135	0.413	0.207	2.33481188319819e-05	"8"	"ABL2"
6.43359697782183e-10	0.578348110035888	0.986	0.933	2.35476082985257e-05	"8"	"PSME1"
6.54656840851579e-10	0.905223074647189	0.601	0.36	2.39610950320086e-05	"8"	"KIF13A"
6.59918042111753e-10	0.501851449167375	0.254	0.219	2.41536602593323e-05	"5"	"ZNF408"
6.75595891897941e-10	2.24738413915797	0.875	0.635	2.47274852393565e-05	"9"	"LNPEP"
6.95426901963662e-10	0.604016735970322	1	0.997	2.5453320038772e-05	"8"	"ANXA5"
6.97658587434837e-10	1.24586578570374	0.42	0.211	2.55350019587025e-05	"8"	"MOV10"
6.97978765245762e-10	1.22543514849167	0.377	0.179	2.55467207867601e-05	"8"	"CYTH3"
7.19813047867271e-10	2.61076230540197	0.917	0.776	2.634587736499e-05	"9"	"MACF1"
7.27000938754466e-10	1.93935255148855	0.958	0.944	2.66089613593522e-05	"9"	"CTSA"
7.94900115436388e-10	1.53012232787834	0.312	0.14	2.90941391250872e-05	"8"	"ARHGAP31"
8.0535066283143e-10	1.21497410706624	0.478	0.265	2.94766396102932e-05	"8"	"EHD1"
8.59834649767978e-10	2.82686355663495	0.833	0.6	3.14708080161578e-05	"9"	"GTF3C1"
8.86311357097744e-10	1.14053056119347	0.457	0.249	3.24398819811345e-05	"8"	"RTN2"
8.89837863039463e-10	1.00422924763822	0.514	0.282	3.25689556251074e-05	"8"	"AL133415.1"
8.97229949193237e-10	1.74722007744123	0.958	0.95	3.28395133704217e-05	"9"	"HIF1A"
9.13565430576878e-10	2.24301177642158	0.875	0.793	3.34374083245443e-05	"9"	"GANAB"
9.2205121042995e-10	1.04352881218222	0.435	0.219	3.37479963529466e-05	"8"	"EZR"
9.43798844426109e-10	0.924624375266132	0.732	0.532	3.454398150484e-05	"8"	"SSBP4"
9.65563798843313e-10	2.6819189820094	0.833	0.617	3.53406006014641e-05	"9"	"CPD"
9.95524977718383e-10	1.46588656786775	0.326	0.148	3.64372097094705e-05	"8"	"TTC7A"
1.09506609486016e-09	0.90943893772354	0.659	0.438	4.00805141379769e-05	"8"	"FAT1"
1.27105817679904e-09	2.38274717515154	0.833	0.603	4.65220003290216e-05	"9"	"UBR4"
1.2954486532452e-09	0.656328484878282	1	0.981	4.74147161574277e-05	"8"	"TUBB"
1.30092885523164e-09	0.786748547831382	0.775	0.544	4.76152970303334e-05	"8"	"PPP1R18"
1.32766028834569e-09	0.811468708215964	0.957	0.846	4.85936942137407e-05	"8"	"SLIT3"
1.36344878159782e-09	1.03029141233452	0.5	0.279	4.99035888552617e-05	"8"	"PNPLA6"
1.37770020713349e-09	0.831622143016881	0.594	0.354	5.04252052812928e-05	"8"	"FRMD6"
1.3815845765377e-09	0.902126610665677	0.486	0.259	5.05673770858563e-05	"8"	"GRAMD2B"
1.39382083950192e-09	0.542127254638354	0.964	0.846	5.10152365466098e-05	"8"	"HLA-E"
1.40138600033471e-09	0.925306232789632	0.514	0.282	5.12921289982508e-05	"8"	"SPRED2"
1.53680965476955e-09	0.5952911090418	0.993	0.952	5.62487701742202e-05	"8"	"S100A13"
1.53705115588448e-09	0.981702356591082	0.616	0.398	5.6257609356528e-05	"8"	"MRGPRF"
1.59211795183806e-09	1.11543539627171	0.471	0.25	5.82731091552247e-05	"8"	"PLAAT4"
1.61352757063722e-09	0.717469298087549	0.833	0.649	5.9056722612893e-05	"8"	"RRAS2"
1.64973642459999e-09	0.660576448306172	0.275	0.239	6.03820028767841e-05	"6"	"NXPH4"
1.67260970827676e-09	0.881178223928204	0.848	0.714	6.12191879326378e-05	"8"	"SNX9"
1.78496087301694e-09	0.913384187026717	0.775	0.628	6.53313529132928e-05	"8"	"GLS"
1.8497059189302e-09	1.01003843347118	0.486	0.266	6.77010863387644e-05	"8"	"CPT1A"
1.85054094479612e-09	1.77003523530994	0.261	0.106	6.7731649120483e-05	"8"	"TRAF5"
1.91967932695913e-09	1.14707554205922	0.958	0.997	7.02621830460313e-05	"9"	"CALU"
1.95972538189484e-09	2.27201737917661	0.875	0.723	7.1727908702733e-05	"9"	"SLFN5"
2.03296537925925e-09	0.762925152044432	0.797	0.611	7.44085658462677e-05	"8"	"TPGS2"
2.04118784397671e-09	1.32685864505082	0.457	0.265	7.47095162773916e-05	"8"	"KLF4"
2.08323342438201e-09	0.934006833914345	0.696	0.48	7.62484265658059e-05	"8"	"AHR"
2.18971064620869e-09	0.638852126856901	0.928	0.756	8.01455993618844e-05	"8"	"MVP"
2.21904556323641e-09	1.04767773001552	0.616	0.408	8.12192866600157e-05	"8"	"BNC2"
2.28378331908884e-09	2.32775557394851	0.792	0.511	8.35887532619708e-05	"9"	"ATF6B"
2.37821474333547e-09	0.926438969654322	0.638	0.428	8.70450378208213e-05	"8"	"FSTL3"
2.41191279093186e-09	0.790402096797752	0.754	0.53	8.82784200608969e-05	"8"	"TMEM47"
2.51594646829232e-09	1.54271134526072	0.319	0.149	9.2086156685967e-05	"8"	"KIAA1217"
2.51990721651854e-09	2.38512418557226	0.833	0.574	9.22311240317951e-05	"9"	"DPYD"
2.63484610216358e-09	1.18778923590669	1	0.988	9.64380021852891e-05	"9"	"HSPA5"
2.64541791932199e-09	2.46616567724806	0.875	0.628	9.68249412651042e-05	"9"	"GLS"
2.65986549291164e-09	1.26730673461683	0.471	0.262	9.73537369060591e-05	"8"	"ABCA8"
2.6681524705423e-09	2.41525449557727	0.833	0.675	9.76570485743188e-05	"9"	"ABCA1"
2.70487638501729e-09	0.614728274276589	0.848	0.666	9.90011805680177e-05	"8"	"ATP2B4"
2.72309087321846e-09	0.846599752399355	0.703	0.509	9.96678490506688e-05	"8"	"ABHD4"
2.74781498339436e-09	0.529176233454256	0.913	0.728	0.000100572776207217	"8"	"ZCRB1"
2.75965172450705e-09	1.23391971982554	0.348	0.167	0.000101006012768683	"8"	"NAGPA"
2.81318148025139e-09	1.22484183287733	0.333	0.154	0.000102965255358681	"8"	"IFI44"
2.84182895745018e-09	0.526977886445395	0.986	0.844	0.000104013781671634	"8"	"IFI27L2"
2.90866748614086e-09	2.72781229867209	0.875	0.709	0.000106460138660242	"9"	"PAM"
2.93530081275484e-09	0.812684741690696	0.783	0.581	0.00010743494504764	"8"	"KMT2E"
2.99104224864206e-09	0.84057900885212	0.659	0.437	0.000109475137342548	"8"	"CDC42BPA"
3.16251030391508e-09	0.573283427973798	0.92	0.796	0.000115751039633596	"8"	"SNTB2"
3.16705334695658e-09	3.33128940750453	0.75	0.395	0.000115917319551958	"9"	"SEMA3C"
3.23355756535767e-09	1.45169124382826	0.319	0.15	0.000118351440449656	"8"	"DLGAP1-AS1"
3.24360269696677e-09	2.27929819115904	1	0.964	0.000118719102311681	"9"	"TIMP2"
3.42212772589663e-09	0.884545520341398	0.616	0.389	0.000125253296895543	"8"	"BICC1"
3.44976730111485e-09	1.4531033112303	0.261	0.107	0.000126264932988105	"8"	"ATF3"
3.56126727992995e-09	1.86915187059817	0.958	0.965	0.000130345943712716	"9"	"LAMB1"
3.56379870331787e-09	0.731504053061859	0.565	0.337	0.000130438596340137	"8"	"FST"
3.58944770389059e-09	0.566982273772155	0.986	0.858	0.0001313773754101	"8"	"LIMA1"
3.61641612541915e-09	1.62160138886176	1	0.991	0.000132364446606466	"9"	"SERPINH1"
3.62026899887657e-09	1.24752156313695	0.355	0.168	0.000132505465627881	"8"	"ATXN1"
3.85751409200024e-09	1.64741923637644	0.917	0.765	0.000141188873281301	"9"	"GGNBP2"
4.45026974189185e-09	0.82970944368533	0.652	0.425	0.000162884322822983	"8"	"SHFL"
4.60481261066218e-09	0.89976366161471	0.616	0.396	0.000168540746362847	"8"	"FXYD1"
4.84780922687843e-09	1.2961491046123	0.261	0.107	0.000177434665512977	"8"	"PRR16"
4.9886725215711e-09	1.36643031998276	1	0.923	0.000182590402962024	"9"	"MAP4"
5.03931802508754e-09	2.48578131341953	0.833	0.585	0.000184444079036229	"9"	"RNF213"
5.79300377597013e-09	0.938820196136486	0.362	0.174	0.000212029731204283	"8"	"TNFAIP2"
5.80377694266912e-09	0.6748290985934	0.797	0.637	0.000212424039878633	"8"	"DYNC1I2"
5.86111330134861e-09	0.51592335213985	0.993	0.937	0.000214522607942661	"8"	"PTTG1IP"
5.929852878964e-09	2.64727813276369	0.708	0.356	0.000217038545222961	"9"	"DOCK1"
6.14864765370441e-09	0.97987429423439	0.565	0.363	0.000225046652773235	"8"	"COMMD7"
6.34211490846156e-09	1.47134788922843	0.319	0.152	0.000232127747764602	"8"	"COPG2"
6.4176566475862e-09	0.69624965893157	0.826	0.716	0.000234892650958303	"8"	"PLXND1"
6.6044469509024e-09	1.17806463986734	0.42	0.222	0.000241729362849979	"8"	"SP110"
6.70242779909755e-09	1.04089767522699	0.558	0.369	0.00024531555987477	"8"	"EXT1"
6.75855340098543e-09	1.7596166714337	0.917	0.917	0.000247369813029468	"9"	"DYNC1H1"
6.86492631337467e-09	1.06650504285926	0.277	0.18	0.000251263167995826	"7"	"NEFL"
6.87398027058578e-09	0.835054277609667	0.688	0.496	0.00025159455188371	"8"	"ANKRD13A"
6.94739156416406e-09	2.00168226552124	0.875	0.816	0.000254281478639969	"9"	"FNDC3B"
7.1293506573318e-09	2.73624559791371	0.875	0.625	0.000260941363409001	"9"	"MOXD1"
7.18011384381413e-09	0.646230735286871	0.841	0.695	0.000262799346797441	"8"	"TCEA2"
7.43252526057430e-09	2.51734596272718	0.833	0.661	0.00027203785706228	"9"	"GNS"
7.47669299171055e-09	1.77556690167315	0.958	0.854	0.000273654440189598	"9"	"ADAMTS2"
7.58593374000629e-09	1.58298312209691	1	0.975	0.00027765276081797	"9"	"HTRA1"
7.80333842906269e-09	1.83656212677235	0.958	0.831	0.000285609989842123	"9"	"FGF7"
7.83518308014344e-09	0.699866582282428	0.739	0.52	0.00028677553591633	"8"	"DNAJB4"
7.90053169810799e-09	2.10201289209387	0.875	0.629	0.00028916736068245	"9"	"DSEL"
8.60934408411662e-09	1.09248105067267	0.594	0.418	0.000315110602822752	"8"	"RALGPS2"
8.67893009237998e-09	1.06566694283379	0.826	0.776	0.0003176575203112	"8"	"MACF1"
8.89608106993106e-09	1.76833735490988	0.958	0.974	0.000325605463240547	"9"	"CCDC80"
8.92735352076703e-09	2.71223391036578	0.667	0.294	0.000326750066213594	"9"	"ZBTB11"
9.14806176935622e-09	2.50053253712245	0.875	0.66	0.000334828208820207	"9"	"PLEC"
9.64087807791889e-09	2.02081841665928	0.917	0.898	0.000352865778529909	"9"	"MXRA8"
9.6666732338455e-09	1.60262066348959	0.341	0.168	0.000353809907031979	"8"	"HSPA2"
1.00070908221029e-08	1.23565253625676	0.435	0.251	0.000366269531179788	"8"	"ERCC2"
1.02402840429302e-08	1.18576736051109	0.42	0.222	0.000374804636255288	"8"	"FAM43A"
1.0649800632629e-08	1.08197048716946	0.428	0.228	0.000389793352954854	"8"	"GNB5"
1.08577806393632e-08	4.25637787659765	0.417	0.103	0.000397405629181334	"9"	"PCDHGB7"
1.08809763314687e-08	0.793446547497436	0.652	0.455	0.000398254614708086	"8"	"EN1"
1.10348292119202e-08	1.24019251542628	0.37	0.189	0.000403885783985492	"8"	"PARP14"
1.10423530095753e-08	1.13961738063644	0.406	0.218	0.000404161162503464	"8"	"TBL1X"
1.12146703084722e-08	0.902603483555925	0.645	0.453	0.000410468147960391	"8"	"PHLDA2"
1.1416253665727e-08	1.00955230715485	0.507	0.296	0.000417846300419275	"8"	"RCAN1"
1.15418490318833e-08	3.02479835906514	0.792	0.533	0.00042244321641596	"9"	"EGFR"
1.16568314553592e-08	1.70319353759408	0.958	0.947	0.000426651688097603	"9"	"OS9"
1.22461251493183e-08	0.841103341596022	0.717	0.516	0.000448220426590199	"8"	"YIPF2"
1.2250702590423e-08	1.20120741982657	0.348	0.172	0.000448387965512073	"8"	"MEAK7"
1.22865477940909e-08	0.733285296863984	0.761	0.533	0.000449699935811521	"8"	"ANKIB1"
1.31088144790734e-08	1.81149994934768	0.875	0.797	0.000479795718748567	"9"	"CTNNA1"
1.3249126399745e-08	1.18103622649257	0.37	0.186	0.000484931275357067	"8"	"OGFRL1"
1.33732598637028e-08	0.819644585113713	0.667	0.45	0.000489474684271386	"8"	"CYB561A3"
1.43025167593861e-08	0.925417692255881	0.543	0.328	0.000523486415910291	"8"	"ELMSAN1"
1.43114035624359e-08	0.975367318629697	0.435	0.231	0.000523811681788716	"8"	"ABCC9"
1.5198983461429e-08	1.25160664829655	0.341	0.166	0.000556297993671764	"8"	"CHSY3"
1.54285021812286e-08	1.48970244448844	0.958	0.953	0.000564698608335149	"9"	"SON"
1.54356454721015e-08	0.793821510440156	0.761	0.564	0.000564960059924388	"8"	"PCDH18"
1.56126785951185e-08	0.709868237656551	0.79	0.609	0.000571439649259931	"8"	"DBNL"
1.57898815370663e-08	0.555184027312144	0.986	0.884	0.000577925454138162	"8"	"CD44"
1.58057668380889e-08	1.98529961902809	0.875	0.864	0.000578506872040893	"9"	"GOLGB1"
1.61738383422242e-08	1.70383139861007	0.875	0.758	0.000591978657163748	"9"	"N4BP2L2"
1.62652037195837e-08	2.33084335088112	0.833	0.673	0.000595322721340484	"9"	"B4GALT1"
1.64055559952345e-08	0.80579509327995	0.768	0.574	0.000600459754981578	"8"	"TACC1"
1.64113914941563e-08	2.24411799075935	0.875	0.772	0.000600673340077615	"9"	"EEA1"
1.64292560911322e-08	0.537491914910074	0.473	0.472	0.00060132720219153	"5"	"SNAPC1"
1.74829236002291e-08	0.622472579264821	0.848	0.628	0.000639892486691984	"8"	"RBPJ"
1.7633837498709e-08	0.958601484859931	0.616	0.407	0.000645416086290248	"8"	"ZNFX1"
1.7683999925615e-08	0.760711475055892	0.645	0.428	0.000647252081277434	"8"	"HDAC7"
1.80351489890441e-08	2.65125023381905	0.792	0.565	0.000660104488148002	"9"	"PCDH18"
1.83926019494863e-08	1.36984028280476	0.275	0.121	0.000673187623953148	"8"	"BTN3A1"
1.86311118458048e-08	3.68899259111927	0.667	0.292	0.000681917324668301	"9"	"SUSD2"
1.92037100031872e-08	1.53624904339842	0.261	0.117	0.000702874989826656	"8"	"NIPAL3"
1.96321417072893e-08	1.788909034643	0.958	0.806	0.000718556018628497	"9"	"P4HA2"
2.04892691248413e-08	1.18708272229311	0.442	0.243	0.000749927739238318	"8"	"MT1F"
2.06188946545671e-08	0.662103361936254	0.739	0.53	0.000754672163251811	"8"	"BCL3"
2.12470661649244e-08	0.681574837605366	0.862	0.747	0.000777663868702399	"8"	"AC002398.2"
2.13362243974517e-08	1.42634220480789	0.917	0.883	0.000780927149171129	"9"	"EIF4G1"
2.14130219046499e-08	0.827821423756259	0.812	0.692	0.000783738014732092	"8"	"ENAH"
2.18477513088744e-08	0.708160541511096	0.703	0.471	0.000799649545656113	"8"	"P3H3"
2.18848170865222e-08	1.14251834851845	0.384	0.198	0.0008010061901838	"8"	"FLT3LG"
2.20459810508112e-08	0.501328813798366	0.884	0.738	0.000806904952440742	"8"	"POLE4"
2.20956839561205e-08	1.02503516166907	0.442	0.251	0.000808724128477966	"8"	"CUEDC1"
2.21477116304878e-08	1.33156374660002	0.297	0.137	0.000810628393387485	"8"	"INAFM2"
2.21586357964922e-08	0.507129667901764	0.935	0.829	0.000811028228787411	"8"	"RALBP1"
2.2531014291742e-08	0.576361928809682	0.899	0.807	0.000824657654092049	"8"	"SUMO3"
2.30365298592015e-08	0.560541117839447	0.884	0.693	0.000843160029376633	"8"	"TP53I3"
2.32770498663699e-08	0.746012993380515	0.652	0.422	0.000851963302159006	"8"	"TUSC1"
2.43053884345957e-08	3.17547377767703	0.667	0.323	0.000889601522094635	"9"	"SACS"
2.45919867184358e-08	1.92031254283748	0.833	0.641	0.000900091305881468	"9"	"SNRNP200"
2.53636720144678e-08	1.01763215024463	0.399	0.212	0.000928335759401537	"8"	"SH2D4A"
2.53668674578027e-08	1.81760836968642	1	0.892	0.000928452715823036	"9"	"MAP1B"
2.54942806395253e-08	2.0493082018239	0.917	0.824	0.000933116165687264	"9"	"MCL1"
2.55162021136761e-08	1.21923787301842	0.348	0.176	0.000933918513562658	"8"	"PAFAH1B3"
2.71554656369229e-08	2.58429555388856	0.792	0.426	0.000993917197777016	"9"	"TNC"
2.75642590849081e-08	0.539640158893704	0.928	0.787	0.00100887944676672	"8"	"DST"
2.78122207771862e-08	0.947355766035521	0.638	0.467	0.00101795509266579	"8"	"NEK7"
2.78201334512003e-08	0.899636493703576	0.717	0.538	0.00101824470444738	"8"	"MAP7D3"
2.87345541276144e-08	2.57178102718578	0.917	0.589	0.00105171341562482	"9"	"CYP1B1"
2.9041417223241e-08	2.01318551502344	0.833	0.705	0.00106294491178784	"9"	"ZNF638"
2.91449995461557e-08	2.50913633626304	0.792	0.486	0.00106673612838884	"9"	"OLFML2B"
2.96932746790314e-08	1.76045343128377	0.875	0.914	0.00108680354652723	"9"	"MMP14"
2.98047828211534e-08	0.802227260396765	0.493	0.274	0.00109088485603704	"8"	"DOK1"
3.10626015229886e-08	0.654273715890199	0.754	0.617	0.00113692227834291	"8"	"MAP4K5"
3.20763837078345e-08	0.676397806289133	0.855	0.727	0.00117402772009045	"8"	"MAP7D1"
3.21994389781918e-08	2.16114783817632	0.833	0.737	0.0011785316660408	"9"	"WSB1"
3.23600852539155e-08	0.601606062213037	0.841	0.679	0.00118441148037856	"8"	"CHD4"
3.2469061645661e-08	0.914251455389298	0.543	0.328	0.00118840012529284	"8"	"SPRYD3"
3.27157153547492e-08	1.02000401371791	0.333	0.159	0.00119742789769918	"8"	"ENPP1"
3.38197842905764e-08	2.08334822654923	0.958	0.768	0.00123783792481939	"9"	"ENG"
3.45034161481627e-08	1.05866840015444	0.486	0.293	0.0012628595344389	"8"	"RARG"
3.4892162238098e-08	1.23524578431414	0.348	0.176	0.00127708803007662	"8"	"ARRDC4"
3.52236292428148e-08	1.02280175533344	0.471	0.276	0.00128922005391626	"8"	"PLSCR4"
3.60593097646839e-08	1.12760583169647	0.442	0.243	0.0013198067966972	"8"	"KIF22"
3.63204229603981e-08	3.71554624631724	0.5	0.16	0.00132936380077353	"9"	"TPCN1"
3.75046969902375e-08	0.955204942606318	0.5	0.29	0.00137270941453968	"8"	"PDK2"
3.92652017568049e-08	1.35909633565312	0.283	0.128	0.00143714564950082	"8"	"KCNK6"
3.93304826290453e-08	0.818873128205149	0.616	0.39	0.00143953499470569	"8"	"RGMB"
4.1399727499789e-08	1.8042552288357	1	0.987	0.00151527142621978	"9"	"C1S"
4.24031631261868e-08	0.619637517576129	0.884	0.693	0.00155199817358156	"8"	"FYTTD1"
4.26057144931799e-08	0.725304386990294	0.739	0.546	0.00155941175616488	"8"	"CAPN1"
4.26193412856088e-08	0.95833291210665	0.609	0.425	0.00155991051039457	"8"	"PLEKHO1"
4.46769309078939e-08	2.53681138547033	0.792	0.604	0.00163522034815982	"9"	"VPS13C"
4.50918451236544e-08	1.74134749098972	1	0.807	0.00165040662337088	"9"	"CCN1"
4.51473310548381e-08	0.958062572416469	0.58	0.387	0.00165243746393813	"8"	"PLPPR2"
4.69464038152232e-08	1.05960884250641	0.478	0.281	0.00171828532604099	"8"	"MCUB"
4.80347002808724e-08	1.43578559133947	0.261	0.116	0.00175811806498021	"8"	"MAGI1"
4.80903533007337e-08	0.872338487805721	0.457	0.256	0.00176015502116015	"8"	"SIDT2"
4.81102376216349e-08	1.09750545140293	0.457	0.269	0.00176088280718946	"8"	"CCDC186"
4.90231762305572e-08	0.742426724778437	0.638	0.404	0.00179429727321462	"8"	"LSP1"
4.9559208742738e-08	1.55388744834436	0.268	0.123	0.00181391659919295	"8"	"LINC02614"
4.95990873094133e-08	1.8827253936037	1	0.918	0.00181537619461183	"9"	"BGN"
5.04137814617265e-08	0.657100138523915	0.79	0.574	0.00184519481528065	"8"	"PINK1"
5.06681665947228e-08	0.554701564016598	0.964	0.875	0.00185450556553345	"8"	"DCTN2"
5.1860924682688e-08	2.43566174579193	0.792	0.631	0.00189816170431106	"9"	"RANBP2"
5.22281461749079e-08	5.03682104802871	0.417	0.109	0.0019116023781478	"9"	"MXRA5"
5.33657316322782e-08	0.591581504688012	0.906	0.771	0.00195323914347302	"8"	"EEA1"
5.35639452448594e-08	0.683177409312661	0.674	0.472	0.0019604939599071	"8"	"TNFRSF12A"
5.42624673643073e-08	1.06687182328596	1	0.996	0.00198606056800101	"9"	"HSP90B1"
5.75910992169106e-08	3.48856736599831	0.542	0.2	0.00210789182243814	"9"	"CCDC144A"
5.83978431644271e-08	0.991112410380908	0.609	0.422	0.0021374194576612	"8"	"STX2"
5.96267810254482e-08	0.724939093043136	0.754	0.564	0.00218239981231243	"8"	"PKN1"
6.05847325710828e-08	0.691633315552381	0.746	0.511	0.0022174617968342	"8"	"FAS"
6.31005999686026e-08	1.07152525321519	0.442	0.259	0.00230954505945082	"8"	"FRMD4A"
6.3647984609372e-08	0.794965874804557	0.529	0.319	0.00232957988468762	"8"	"TRAK2"
6.48683056376365e-08	0.812986786224159	0.638	0.415	0.00237424485464313	"8"	"GNB4"
6.53518610554488e-08	1.23508848809485	0.297	0.138	0.00239194346649048	"8"	"NOL4L"
6.535456061409e-08	1.02336862569331	0.457	0.263	0.00239204227303631	"8"	"AFF1"
6.68062640993487e-08	2.33106234221583	0.792	0.549	0.00244517607230026	"9"	"NUMA1"
7.29390707679392e-08	0.839604491903772	0.572	0.389	0.00266964292917734	"8"	"MINDY2"
7.41717152772323e-08	2.36370609719609	0.792	0.601	0.00271475895086198	"9"	"GCC2"
7.44081097462523e-08	3.83648588327785	0.417	0.112	0.00272341122482258	"9"	"SLC25A27"
7.49578841995086e-08	0.592293563353012	0.862	0.717	0.00274353351958621	"8"	"FAM200B"
7.56133599029882e-08	1.5767729431682	0.917	0.888	0.00276752458580927	"9"	"ANKRD11"
7.72003904569118e-08	1.00656488342076	0.5	0.318	0.00282561149111343	"8"	"NIPSNAP3A"
7.74042894541999e-08	0.815549568871995	0.594	0.393	0.00283307439831317	"8"	"POFUT2"
7.76335769892094e-08	1.16740069037735	0.917	0.928	0.00284146655138205	"9"	"SCARB2"
7.84787333246216e-08	0.644750928523808	0.848	0.66	0.00287240011841448	"8"	"INAFM1"
8.16791042731763e-08	0.851649097584381	0.645	0.457	0.00298953689550253	"8"	"MATR3.1"
8.20368201198683e-08	2.84999371802056	0.667	0.335	0.0030026296532073	"9"	"CACNA2D1"
8.35952184002541e-08	1.61570567475101	0.958	0.877	0.0030596685886677	"9"	"EPRS"
8.38249608123326e-08	1.58915237126977	0.275	0.133	0.00306807739069219	"8"	"RASA4"
8.38752449592726e-08	4.9394380754735	0.25	0.042	0.00306991784075433	"9"	"AVIL"
8.84231113799642e-08	0.936756537444291	0.572	0.381	0.00323637429961807	"8"	"MPRIP"
8.85606422456054e-08	0.787603982395141	0.652	0.457	0.0032414080668314	"8"	"SMARCD3"
8.95581363100058e-08	0.89131284905545	0.58	0.386	0.00327791734708252	"8"	"GSDMD"
9.08874692499284e-08	1.99785980693843	0.917	0.837	0.00332657226201663	"9"	"SPOCK1"
9.09220865823831e-08	1.6302280052679	1	0.931	0.0033278392910018	"9"	"DDX17"
9.43948671401894e-08	3.45238043115395	0.458	0.138	0.00345494653219807	"9"	"ZNF521"
9.48499393819431e-08	0.582279935364792	1	0.901	0.0034716026313185	"8"	"TIMP3"
9.53594233624981e-08	2.38011351996183	0.75	0.517	0.00349025025449079	"9"	"NSD1"
9.92324426340435e-08	1.29911031664041	0.391	0.218	0.00363200663284863	"8"	"ISYNA1"
1.02558105418424e-07	0.629099946256177	0.775	0.629	0.00375372921641974	"8"	"ZBTB38"
1.05472239046373e-07	1.45699259608682	0.875	0.756	0.0038603894213363	"9"	"LPP"
1.07794074957075e-07	0.95970062434348	0.688	0.543	0.00394537093750388	"8"	"CORO1C"
1.08842836712618e-07	4.26220288863579	0.542	0.195	0.00398375666651853	"9"	"COL15A1"
1.09391728159438e-07	1.3383614213076	0.29	0.136	0.00400384664236358	"8"	"ARHGAP28"
1.13262983193366e-07	0.834131467794504	0.536	0.349	0.00414553844786039	"8"	"TNFAIP1"
1.14773678307549e-07	1.44748164091651	0.37	0.218	0.0042008313997346	"8"	"NBPF26"
1.15208337993581e-07	1.56795511022481	0.875	0.831	0.00421674037890307	"9"	"PDE4DIP"
1.1829487686835e-07	0.971314120484597	0.486	0.297	0.00432971078825849	"8"	"CFAP410"
1.19468329690074e-07	2.352959635762	0.792	0.655	0.00437266033498641	"9"	"ANTXR2"
1.19586219935926e-07	1.51744781690003	0.958	0.843	0.00437697523587483	"9"	"ARID5B"
1.29535914767867e-07	0.999313411768892	0.5	0.314	0.00474114401641869	"8"	"AC006064.4"
1.32330538640564e-07	3.32926513025371	0.5	0.166	0.0048434300447833	"9"	"PAMR1"
1.33868159485131e-07	1.21900491417915	1	0.976	0.00489970850531529	"9"	"MT-ATP8"
1.35379117013148e-07	2.41002347729574	0.75	0.446	0.00495501106179825	"9"	"ALCAM"
1.38241877844672e-07	0.794176752676121	0.529	0.33	0.00505979097099283	"8"	"RASSF1"
1.50554491049325e-07	3.07558304097733	0.708	0.425	0.00551044492689635	"9"	"TENM3"
1.60294835523935e-07	1.95370541079395	0.792	0.666	0.00586695127501154	"9"	"STT3B"
1.61533791664506e-07	0.956424068929621	0.428	0.25	0.0059122983087126	"8"	"MAP4K3"
1.64901528776775e-07	1.0610562388949	0.391	0.216	0.00603556085475875	"8"	"SPACA9"
1.74225077977526e-07	0.799137434883711	0.587	0.369	0.00637681207905543	"8"	"FNBP1"
1.76958684100216e-07	1.89127676242831	0.875	0.749	0.00647686479675202	"9"	"STAT1"
1.78533666491678e-07	0.842609800754508	0.507	0.305	0.0065345107272619	"8"	"ABTB1"
1.83174295372382e-07	2.42727063333422	0.708	0.428	0.00670436238492454	"9"	"SLC30A7"
1.85827806646709e-07	0.605246010985974	0.761	0.567	0.0068014835510762	"8"	"SHISA4"
1.85989169758378e-07	3.71252020883961	0.333	0.074	0.0068073896023264	"9"	"ASPN"
1.87087723804838e-07	0.550470622348309	0.935	0.878	0.00684759777898088	"8"	"SARS"
1.88110567723503e-07	1.73995226388564	0.833	0.834	0.00688503488924794	"9"	"PRPF8"
1.88520356971822e-07	3.04686039849238	0.667	0.321	0.00690003358552565	"9"	"ADAMTSL1"
1.92884080034453e-07	1.3221397998361	0.917	0.94	0.00705975021334102	"9"	"SEC31A"
1.93052296562252e-07	3.25681594775346	0.542	0.202	0.007065907106475	"9"	"KIF26B"
2.0157740716569e-07	0.767848808791833	0.609	0.422	0.00737793467967141	"8"	"HDGFL3"
2.2149027018172e-07	1.26810039761381	0.304	0.153	0.00810676537892115	"8"	"UBA7"
2.35871003119134e-07	0.807396433473756	0.754	0.628	0.00863311458516344	"8"	"NAA10"
2.36646727539009e-07	0.730800347559817	0.674	0.5	0.00866150687465527	"8"	"MICU1"
2.42820511021438e-07	1.08532670161377	0.413	0.242	0.00888747352389566	"8"	"POMZP3"
2.43274519909262e-07	2.83184604757524	0.75	0.574	0.00890409070319891	"9"	"NFKBIZ"
2.52439171127641e-07	1.15332356785942	0.471	0.284	0.0092395261024428	"8"	"HLA-DPA1"
2.52512301873999e-07	0.879613566300163	0.543	0.367	0.00924220276089024	"8"	"LHPP"
2.56964932165547e-07	0.748531246020116	0.703	0.528	0.00940517348219119	"8"	"OBSL1"
2.63441525532267e-07	0.746011909337528	0.464	0.266	0.00964222327600652	"8"	"AGTR1"
2.65401802461903e-07	1.47496143478028	0.29	0.145	0.0097139713719081	"8"	"ADGRE5"
2.65957863077465e-07	0.746493330030043	0.609	0.41	0.00973432374649829	"8"	"PPT1"
2.66274053190779e-07	0.63928836429803	0.703	0.498	0.0097458966208357	"8"	"TRIO"
2.74684544990057e-07	0.871851456712824	0.63	0.429	0.0100537290311811	"8"	"PPFIBP1"
2.78321107499985e-07	0.802208826368536	0.507	0.313	0.010186830855607	"8"	"TMEM254"
2.80560163955559e-07	1.02475023167586	0.312	0.155	0.0102687825609374	"8"	"NFASC"
2.81989612790875e-07	3.31895206327566	0.625	0.303	0.0103211018177588	"9"	"DPP4"
2.88754973627187e-07	1.08856188168664	0.399	0.228	0.0105687207897287	"8"	"ROGDI"
3.00587204412753e-07	0.822246915344992	0.529	0.335	0.0110017922687112	"8"	"CACNA2D1"
3.06095790103884e-07	0.53046442675745	0.79	0.623	0.0112034120135922	"8"	"MRPL28"
3.084021200406e-07	1.85193325553074	0.833	0.718	0.011287825995606	"9"	"DSE"
3.09955677923928e-07	0.642218169890207	0.783	0.596	0.0113446877676937	"8"	"CHMP3"
3.19731214330459e-07	1.02280512669123	1	0.997	0.0117024821757091	"9"	"MT-CO3"
3.40726211689647e-07	1.2821319074115	0.457	0.277	0.0124709200740528	"8"	"CCN5"
3.4217113804973e-07	2.23181031524163	0.75	0.574	0.0125238058237582	"9"	"TNRC6B"
3.50668984877289e-07	0.663092858877268	0.681	0.492	0.0128348355154937	"8"	"SKAP2"
3.50983664292182e-07	1.22653359211812	0.29	0.141	0.0128463530967582	"8"	"WNK4"
3.52020027904955e-07	0.62290990932498	0.725	0.556	0.0128842850413492	"8"	"CLSTN1"
3.57071420601825e-07	2.8763279775768	0.708	0.432	0.0130691710654474	"9"	"SLC4A7"
3.59728161151782e-07	0.630748291411503	0.674	0.469	0.0131664104263164	"8"	"HEG1"
3.59875378653509e-07	0.827130519271712	0.457	0.269	0.0131717987340971	"8"	"ADAM33"
3.66748382383943e-07	0.667850520534341	0.754	0.604	0.0134233575436347	"8"	"SEC24D"
3.82286613539693e-07	2.08996717290904	0.833	0.734	0.0139920723421663	"9"	"PRRC2B"
3.84174747131554e-07	1.56714358263929	0.917	0.917	0.014061179919762	"9"	"PRRC2C"
3.89201083758573e-07	1.3009799794717	0.875	0.96	0.0142451488666475	"9"	"KTN1"
3.92156844447754e-07	3.50577574102085	0.5	0.183	0.0143533326636322	"9"	"ERAP2"
3.94965859967916e-07	0.632819373760879	0.841	0.686	0.0144561454406857	"8"	"TMOD3"
3.96580604365541e-07	0.743318417584956	0.725	0.556	0.0145152467003832	"8"	"USP9X"
3.97288817918481e-07	1.8613567564635	0.875	0.758	0.0145411680246343	"9"	"MYH9"
4.0044281955697e-07	1.30592199091587	0.958	0.972	0.0146566076386047	"9"	"NUCB1"
4.07471902221402e-07	0.554508471187774	0.87	0.678	0.0149138790932055	"8"	"AMZ2"
4.12973006829835e-07	1.34841616503054	0.917	0.91	0.0151152250229788	"9"	"SERINC3"
4.15827641194923e-07	1.18531655852263	0.428	0.266	0.0152197074953754	"8"	"WDR34"
4.27967766486037e-07	2.39249564875569	0.75	0.588	0.0156640482211555	"9"	"NIPBL"
4.30911926840713e-07	0.571214780389088	0.855	0.749	0.0157718074342969	"8"	"UGDH"
4.39239500471854e-07	2.92073725037411	0.667	0.356	0.0160766049567703	"9"	"SLC20A1"
4.46278399949394e-07	0.744432032145376	0.63	0.465	0.0163342357165478	"8"	"TAOK3"
4.58378577750619e-07	2.86803640481803	0.708	0.481	0.0167771143242504	"9"	"VIRMA"
4.77220618950558e-07	0.658963956469987	0.36	0.343	0.0174667518742094	"6"	"GDF15"
4.77331970793373e-07	0.605895456338525	0.732	0.519	0.0174708274630082	"8"	"WSB2"
4.84798995517144e-07	0.914484885507816	0.587	0.432	0.017744128034923	"8"	"SLC4A7"
4.86698099167438e-07	0.793593219561879	0.638	0.448	0.0178136371276274	"8"	"LAYN"
4.87107061405901e-07	1.4335647752532	0.917	0.965	0.0178286055545174	"9"	"FKBP10"
4.92697885628122e-07	1.30630503107026	0.917	0.924	0.0180332353118749	"9"	"PCYOX1"
5.07186539622482e-07	1.57799991337198	0.875	0.747	0.0185635345367225	"9"	"MYCBP2"
5.19963939632301e-07	0.514242298225127	0.267	0.242	0.0190312001544819	"5"	"YDJC"
5.21499300717827e-07	0.628541495861128	0.681	0.49	0.0190873959055732	"8"	"BCL9L"
5.22657176480607e-07	0.93437848564856	0.507	0.313	0.0191297753163667	"8"	"BCAR1"
5.25967992540792e-07	1.08319455821625	1	0.984	0.0192509544949855	"9"	"PDIA6"
5.353792676262e-07	3.2310759014978	0.708	0.431	0.0195954165743866	"9"	"C3"
5.42884003018318e-07	3.14586389249856	0.542	0.214	0.0198700973944734	"9"	"SLC38A1"
5.49561763317821e-07	0.729871085553415	0.565	0.378	0.0201145100991956	"8"	"VPS35L"
5.57313127320495e-07	1.98732652332221	0.792	0.605	0.0203982177730574	"9"	"TRAM2"
5.6588289028546e-07	0.855649719027258	0.493	0.312	0.0207118796673381	"8"	"MICAL1"
5.74431260316905e-07	1.13874549222599	0.486	0.322	0.021024758558859	"8"	"APOBEC3C"
5.87126456809803e-07	0.906621382835098	0.703	0.542	0.0214894154456956	"8"	"KCTD20"
5.9907896621594e-07	2.38233097915014	0.708	0.458	0.0219268892424696	"9"	"TP53BP1"
6.02300171166634e-07	0.639457241177086	0.638	0.433	0.02204478856487	"8"	"SNTA1"
6.17290117726047e-07	2.843395718713	0.667	0.387	0.0225934355988911	"9"	"RUNX1"
6.54845482871324e-07	0.84938061712219	0.63	0.471	0.0239679995185733	"8"	"SNAPC1"
6.83144387729833e-07	1.8859580298332	0.833	0.623	0.0250037677352996	"9"	"PAPPA"
6.8628820893791e-07	0.807811021037979	0.522	0.333	0.0251188347353365	"8"	"CCDC28B"
7.43668498094421e-07	2.29863968024034	0.667	0.393	0.0272190106987539	"9"	"POFUT2"
7.44576132019683e-07	0.511338375388182	0.884	0.746	0.0272522310080524	"8"	"GNG11"
7.76915436244704e-07	1.75122149495162	0.875	0.559	0.0284358818819924	"9"	"ELN"
7.80396020954896e-07	0.911211219220777	0.406	0.235	0.0285632747629701	"8"	"AC079781.5"
8.07217946337718e-07	2.63315142873093	0.667	0.402	0.0295449840539068	"9"	"TMEM87B"
8.17206260232204e-07	2.47348996317987	0.875	0.712	0.0299105663307589	"9"	"ISLR"
8.35054576205415e-07	1.23583209782273	1	0.993	0.0305638325436944	"9"	"CD248"
8.56240848217663e-07	1.28581326512466	0.326	0.177	0.0313392712856147	"8"	"CYGB"
8.6858208524141e-07	0.859747613147081	0.681	0.571	0.0317909729019208	"8"	"FKBP2"
8.81104295781724e-07	1.59691631840375	0.833	0.855	0.0322492983299069	"9"	"SEC63"
8.91431403639607e-07	1.66585760621013	0.917	0.913	0.0326272808046133	"9"	"P4HA1"
8.92200483032764e-07	1.11761886197857	0.268	0.128	0.0326554298794822	"8"	"MARC2"
9.19719096275884e-07	1.79490804138874	0.833	0.623	0.0336626386427936	"9"	"FBLN5"
9.51723016147458e-07	0.688840032105578	0.42	0.236	0.0348340141140131	"8"	"SEPTIN6"
9.51918763024775e-07	0.541551409532769	0.993	0.976	0.0348411786454698	"8"	"CALM2"
9.55204153304609e-07	0.647781261119204	0.746	0.575	0.034961427215102	"8"	"PPFIA1"
9.6480632842178e-07	1.27444171337265	0.268	0.132	0.0353128764265656	"8"	"SPECC1"
1.017004710421e-06	2.16133998473779	0.75	0.615	0.0372233894061189	"9"	"EDEM3"
1.02577423962935e-06	1.87014094063761	0.833	0.811	0.0375443629446738	"9"	"EMILIN1"
1.04719650534595e-06	2.56164026402643	0.667	0.393	0.0383284392921671	"9"	"GLI3"
1.0587667310509e-06	3.14620567859911	0.542	0.236	0.0387519211231938	"9"	"SAMD9"
1.07170858546774e-06	1.05673872388824	0.958	0.979	0.0392256059367048	"9"	"HNRNPU"
1.08125870828041e-06	0.514459483361167	0.884	0.711	0.0395751499817712	"8"	"UBA1"
1.08315422329405e-06	2.02915632487109	0.75	0.582	0.0396445277267854	"9"	"KIAA0100"
1.0977418568054e-06	0.629049544835959	0.399	0.223	0.0401784497009346	"8"	"TNXB"
1.10991943018939e-06	2.38709389865136	0.708	0.458	0.0406241610643618	"9"	"MATR3.1"
1.11641894634673e-06	2.40099201472324	0.708	0.504	0.0408620498552366	"9"	"ANKLE2"
1.14595222621926e-06	0.849828334532565	0.464	0.29	0.0419429974318511	"8"	"SLC1A1"
1.15046954178349e-06	2.54687051095804	0.75	0.592	0.0421083356988173	"9"	"PTPN13"
1.16761643598456e-06	3.43618786687722	0.583	0.264	0.042735929173471	"9"	"COLEC12"
1.22313842685128e-06	0.537262182139571	0.841	0.725	0.0447680895611837	"8"	"DDAH2"
1.25420859309954e-06	1.58506245165891	0.833	0.827	0.0459052887160362	"9"	"LRP10"
1.26026552990186e-06	2.44099205722154	0.667	0.408	0.0461269786599381	"9"	"BNC2"
1.27798080022685e-06	0.617847663282438	0.855	0.746	0.046775375269103	"8"	"CTTN"
1.28981700971654e-06	2.8648701057473	0.667	0.332	0.047208592372635	"9"	"PTGIS"
1.3053668203909e-06	2.0656617503328	0.792	0.589	0.0477777309931273	"9"	"ITGB5"
1.30717115775657e-06	1.60143996084444	0.792	0.669	0.0478437715450484	"9"	"SMARCA1"
1.33332714785104e-06	0.660718929689649	0.819	0.688	0.0488011069384957	"8"	"PRMT2"
1.36580655179973e-06	3.45220497929675	0.458	0.161	0.0499898856024219	"9"	"TRANK1"
1.36843043356103e-06	0.520769639850017	0.87	0.742	0.0500859222987671	"8"	"PPP1R12A"
1.38936029984195e-06	0.616933799522439	0.855	0.708	0.050851976334515	"8"	"ADAM10"
1.3946690868709e-06	0.842186235192664	0.522	0.345	0.0510462832485617	"8"	"BABAM2"
1.39885673340483e-06	1.62052586269904	0.833	0.836	0.0511995552993501	"9"	"TM9SF3"
1.43591295644386e-06	0.549398087584486	0.826	0.682	0.0525558501188016	"8"	"TRIP6"
1.44324218955727e-06	3.56991356757119	0.417	0.134	0.0528241073799856	"9"	"ZNF841"
1.56577387678226e-06	0.825773027071023	0.522	0.349	0.0573088896641075	"8"	"PARP3"
1.59796545365147e-06	1.19872347426492	0.917	0.972	0.0584871335690973	"9"	"EIF3A"
1.6342509288661e-06	0.644244624564814	0.667	0.472	0.0598152182474281	"8"	"ABI1"
1.64319228261193e-06	0.778142138684375	0.659	0.474	0.0601424807358792	"8"	"TMEM159"
1.65799834133617e-06	2.79090308447389	0.708	0.378	0.0606843972912453	"9"	"IGFBP3"
1.6584365354422e-06	2.51027331871403	0.458	0.143	0.0607004356337198	"9"	"CH25H"
1.77867618319924e-06	1.22710838018525	0.312	0.168	0.0651013269812754	"8"	"AC027031.2"
1.79438813654241e-06	0.920411322721566	0.413	0.25	0.0656764001855887	"8"	"IFT81"
1.7976613096951e-06	0.736901671271762	0.638	0.463	0.0657962015961503	"8"	"TNRC6A"
1.84053729342362e-06	0.831982010310783	0.696	0.554	0.067365505476598	"8"	"EHBP1"
1.8871940668225e-06	0.631229166970101	0.667	0.456	0.0690731900397704	"8"	"KIF1C"
1.88833684072488e-06	3.05681553038131	0.542	0.242	0.0691150167073712	"9"	"LRIG3"
1.91232642556721e-06	0.609671155408082	0.674	0.484	0.0699930595021856	"8"	"DPH1"
1.92234416834209e-06	0.624949921763378	0.652	0.469	0.070359718905489	"8"	"SVBP"
1.92334516269162e-06	0.882540729548385	0.319	0.164	0.0703963562996762	"8"	"APOL3"
1.92868068188466e-06	1.00322493973506	0.37	0.214	0.0705916416376606	"8"	"HLX"
1.94600957973258e-06	1.29784011680156	0.297	0.155	0.0712258966277922	"8"	"SEMA7A"
1.9818135612017e-06	0.97214911623939	0.42	0.25	0.0725363581535435	"8"	"CC2D2A"
1.98662966643172e-06	0.931377206135767	0.594	0.418	0.0727126324210675	"8"	"PTPN14"
2.0139347022952e-06	0.674972403277488	0.536	0.338	0.0737120240387066	"8"	"PCCB"
2.09581991191745e-06	1.2282862316631	0.29	0.151	0.0767091045960904	"8"	"CPEB2"
2.0958586004975e-06	3.25239830800439	0.708	0.439	0.076710520636809	"9"	"TNFAIP6"
2.11083394759404e-06	1.21367994480861	1	0.997	0.0772586333158894	"9"	"P4HB"
2.11581284879703e-06	2.57430379398931	0.75	0.54	0.0774408660788202	"9"	"RECK"
2.16187669959727e-06	1.12306415326766	0.958	0.991	0.0791268490819595	"9"	"ASPH"
2.1652517618187e-06	0.886410204495315	0.522	0.354	0.0792503797343261	"8"	"MEIS3"
2.25468549177717e-06	2.59430831366533	0.708	0.544	0.0825237436845362	"9"	"KIDINS220"
2.29624621065744e-06	2.38045593491834	0.75	0.661	0.084044907556273	"9"	"MAN1A1"
2.34174030228619e-06	1.8441865673173	0.833	0.79	0.0857100368039768	"9"	"PLOD3"
2.39394724981185e-06	1.78352647361937	0.792	0.748	0.0876208632903635	"9"	"KDM5B"
2.46912929658191e-06	1.68760571618787	0.833	0.822	0.0903726013841945	"9"	"TGOLN2"
2.48793929295336e-06	2.3614371048834	0.708	0.537	0.091061066061386	"9"	"SSC5D"
2.57163915200563e-06	0.797676997764262	0.667	0.492	0.0941245646025582	"8"	"MGLL"
2.63298748765197e-06	1.92904449728534	0.792	0.635	0.0963699750355498	"9"	"BMP1"
2.63481404253456e-06	0.545248684349222	0.942	0.86	0.0964368287708074	"8"	"MAGED1"
2.65324644758524e-06	1.90204494435262	0.792	0.693	0.0971114732280674	"9"	"ATP1A1"
2.65484928419726e-06	0.587627625674188	0.797	0.62	0.097170138650904	"8"	"TMEM109"
2.69637437719955e-06	0.822834571141283	0.587	0.426	0.0986899985798807	"8"	"DAPK3"
2.79114201383414e-06	0.573110174256782	0.681	0.477	0.102158588848343	"8"	"AKIP1"
2.81077797982014e-06	0.811908567613557	0.413	0.241	0.102877284839397	"8"	"SMAD7"
2.8484468984411e-06	3.67010978818532	0.375	0.113	0.104256004929843	"9"	"FAT4"
2.85879077769741e-06	1.53957786805596	0.875	0.87	0.104634601254503	"9"	"PNISR"
2.88358949405839e-06	0.617910856314102	0.703	0.529	0.105542259072031	"8"	"ASXL1"
2.90668921923393e-06	1.18241590447026	0.283	0.145	0.106387732113181	"8"	"SMURF1"
2.93298831432183e-06	0.69305708402187	0.659	0.491	0.107350305292493	"8"	"JMJD1C"
2.98963830062129e-06	1.2985843139517	0.275	0.145	0.10942375144104	"8"	"CACNB3"
3.03118325911571e-06	1.89994515223886	0.792	0.665	0.110944338466894	"9"	"SETD5"
3.04517030199015e-06	1.36510964410349	0.833	0.757	0.111456278223142	"9"	"DTWD1"
3.07905339172445e-06	2.39579692783375	0.75	0.418	0.112696433190506	"9"	"CCN2"
3.10140578511605e-06	0.563335650955346	0.833	0.686	0.113514553141033	"8"	"DCTN1"
3.1040230675382e-06	0.798322350664318	0.507	0.32	0.113610348294966	"8"	"MRTFB"
3.26274927000882e-06	0.839081080047645	0.623	0.474	0.119419886031593	"8"	"TCTA"
3.40532330045508e-06	2.00968768909888	0.5	0.176	0.124638238119956	"9"	"CXCL1"
3.43645107872815e-06	0.909410123403824	0.254	0.12	0.125777545932529	"8"	"NUAK1"
3.48602621269745e-06	1.72625449633151	0.875	0.868	0.127592045410939	"9"	"ARGLU1"
3.63197735362517e-06	0.955491240377005	0.442	0.276	0.132934003120035	"8"	"NBPF15"
3.64170673845437e-06	1.74292040667473	0.792	0.721	0.133290108334168	"9"	"NCKAP1"
3.67920747654304e-06	0.603025047345115	0.529	0.343	0.134662672848952	"8"	"STX17"
3.80178088918468e-06	0.670431043099727	0.565	0.379	0.139148982325048	"8"	"PACS1"
3.82702983202651e-06	0.79801500962478	0.616	0.475	0.140073118882002	"8"	"CTNND1"
3.84846145576703e-06	0.692619938935751	0.659	0.461	0.140857537742529	"8"	"ADAMTS5"
3.90464110524549e-06	2.60525334364769	0.708	0.557	0.14291376909309	"9"	"CLSTN1"
3.960451449923e-06	0.848111935486731	0.29	0.148	0.144956483518632	"8"	"LRRC32"
4.00516347601761e-06	1.37835914898786	1	0.978	0.146592988385721	"9"	"CTSD"
4.01054008236109e-06	2.53263867611974	0.708	0.549	0.146789777554498	"9"	"TMEM131"
4.03653413688112e-06	0.91481351677047	0.587	0.425	0.147741185943986	"8"	"TENM3"
4.05708690993298e-06	2.15968227208461	0.75	0.543	0.148493437990457	"9"	"SGCE"
4.13376703045145e-06	0.877018828040049	0.37	0.209	0.151300007081553	"8"	"SLC16A2"
4.40881347600812e-06	0.863184087462555	0.29	0.146	0.161366982035373	"8"	"LDLRAP1"
4.47963574496674e-06	0.638173640667284	0.565	0.391	0.163959147901527	"8"	"LOXL1"
4.56184511311117e-06	0.869353796414402	0.42	0.256	0.166968092984982	"8"	"ZNF414"
4.57546029686571e-06	2.13310160606976	0.792	0.747	0.167466422325582	"9"	"RSRP1"
4.63887619179154e-06	1.78153557457955	0.917	0.922	0.169787507495762	"9"	"OLFML3"
4.7232682050048e-06	1.67577884961537	0.833	0.847	0.172876339571381	"9"	"ATRX"
4.72539626832665e-06	1.15257732631779	0.268	0.133	0.172954228817024	"8"	"SOX5"
4.76414124965887e-06	0.583096101747162	0.652	0.474	0.174372333878764	"8"	"DVL3"
4.85062689483748e-06	1.67564916018422	0.917	0.827	0.177537794977947	"9"	"PLOD2"
4.87795079674152e-06	1.85656476957686	0.792	0.732	0.178537877111536	"9"	"ASCC3"
4.91970316753355e-06	2.85465558125991	0.5	0.202	0.180066055634895	"9"	"BDKRB2"
4.9905696007092e-06	2.26583249838693	0.708	0.486	0.182659837955557	"9"	"FOSB"
5.00380938100315e-06	1.94397299707914	0.792	0.605	0.183144427154096	"9"	"GASK1B"
5.04674621264019e-06	2.34472638830587	0.708	0.53	0.184715958128844	"9"	"PIGK"
5.11399334372144e-06	0.51641371269084	0.826	0.663	0.187177270373548	"8"	"ARF3"
5.12506788021882e-06	2.05771425518293	0.708	0.411	0.187582609483889	"9"	"COL8A1"
5.17927873667877e-06	0.826489068183196	0.471	0.302	0.18956678104118	"8"	"HSBP1L1"
5.19365620659815e-06	0.761227277677933	0.464	0.293	0.190093010817699	"8"	"SOBP"
5.19670361215739e-06	0.64797718904458	0.601	0.423	0.190204548908573	"8"	"KCTD3"
5.25946436945669e-06	1.99242753994579	0.75	0.694	0.192501655386484	"9"	"KMT2A"
5.3273669623303e-06	1.06696423908484	0.268	0.138	0.194986958188251	"8"	"CDH13"
5.40341706071702e-06	1.13397263427829	0.917	0.856	0.197770467839304	"9"	"CHPF"
5.49249935226799e-06	0.781539817362683	0.616	0.469	0.201030968792361	"8"	"SDC4"
5.69740895913917e-06	1.66639465210158	0.792	0.808	0.208530865313453	"9"	"PDCD6IP"
5.70758876072014e-06	1.40801175679654	0.875	0.79	0.208903456231118	"9"	"ZEB1"
5.73863545623833e-06	1.09670768145739	0.348	0.199	0.210039796333779	"8"	"MYO5A"
5.74546598594833e-06	0.572311928931703	0.652	0.499	0.210289800551695	"8"	"TULP3"
5.76949968384562e-06	3.94465686762207	0.542	0.262	0.211169457928433	"9"	"ABCA8"
5.77304683896751e-06	0.925329109659947	0.435	0.279	0.21129928735305	"8"	"FBXL8"
5.82522139284856e-06	2.18264013231354	0.708	0.579	0.21320892819965	"9"	"BIRC6"
5.98380482614851e-06	0.854153268770457	0.587	0.423	0.219013240441862	"8"	"PHKB"
6.07130877308411e-06	0.924825553712051	0.449	0.289	0.222215972403652	"8"	"RIN1"
6.12218096995985e-06	0.629928828228703	0.529	0.349	0.2240779456815	"8"	"CASTOR2"
6.22999772803241e-06	0.996853886505115	0.917	0.924	0.228024146843714	"9"	"CLMP"
6.32166538876953e-06	0.638853765284449	0.667	0.509	0.231379274894354	"8"	"STAT6"
6.57527520898e-06	2.00521013128691	0.792	0.72	0.240661647923877	"9"	"AKAP9"
6.71235711707926e-06	0.718610807810133	0.428	0.259	0.245678982842218	"8"	"RAPH1"
6.72872376403278e-06	0.619043294243886	0.826	0.714	0.246278018487364	"8"	"SMAP1"
6.82735937572235e-06	0.624691204510004	0.717	0.548	0.249888180510814	"8"	"ITM2C"
7.02301854953744e-06	0.923493721837258	0.428	0.273	0.25704950193162	"8"	"MUS81"
7.31673268501684e-06	1.30680895294919	0.875	0.663	0.267799733004301	"9"	"ITGA5"
7.52580762465158e-06	0.558139859767454	0.761	0.62	0.275452084869873	"8"	"AKT1S1"
7.59335599327114e-06	0.724079846097114	0.558	0.384	0.277924422709717	"8"	"PHF11"
7.68006686000272e-06	1.512035390768	0.792	0.736	0.28109812714296	"9"	"TNPO1"
7.71737109854292e-06	0.918429429316685	0.319	0.174	0.282463499577769	"8"	"TRIM21"
7.74810190283667e-06	2.46516682047298	0.708	0.388	0.283588277745725	"9"	"EFEMP1"
7.79669156223092e-06	0.647994594690779	0.529	0.369	0.285366707869214	"8"	"ARHGAP24"
7.81437372528877e-06	0.792741150196729	0.406	0.24	0.286013892719294	"8"	"NETO2"
7.84335650403951e-06	1.22176781505664	0.261	0.135	0.28707469140435	"8"	"RNLS"
8.17783643047083e-06	2.22361099841085	0.625	0.31	0.299316991191663	"9"	"IER3"
8.31128809663988e-06	1.0465072926504	0.29	0.152	0.304201455625116	"8"	"KIF16B"
8.33301925269208e-06	0.549674102221529	0.696	0.493	0.304996837667783	"8"	"ARMCX2"
8.34886492049305e-06	1.4313135324824	0.875	0.935	0.305576804954966	"9"	"LRPAP1"
8.37509332640653e-06	1.20633448852005	0.917	0.948	0.306536790839805	"9"	"CERCAM"
8.41425761804276e-06	1.1472542681585	0.875	0.835	0.307970243077983	"9"	"THRAP3"
8.44306444436188e-06	0.523309818331799	0.797	0.687	0.309024601728089	"8"	"MIR100HG"
8.51492703944002e-06	0.506837641556679	0.826	0.662	0.311654844570544	"8"	"PDXK"
8.73261119918707e-06	2.09915888022101	0.708	0.51	0.319622302501446	"9"	"TCF4"
8.78642288023077e-06	2.639998610162	0.542	0.253	0.321591863839326	"9"	"ABCA6"
8.81299498762576e-06	0.995910299664156	0.333	0.185	0.32256442954209	"8"	"MLF1"
8.85719922974731e-06	0.746867323836096	0.514	0.336	0.324182349007981	"8"	"CNTLN"
9.08755036197524e-06	0.57373071613199	0.681	0.497	0.332613430798656	"8"	"TBC1D9B"
9.11633620401175e-06	0.646033165590214	0.667	0.517	0.333667021403034	"8"	"CLIP1"
9.12825264369796e-06	1.29753231029262	0.268	0.14	0.334103175011989	"8"	"ZSCAN18"
9.15271137792562e-06	0.944325013793027	0.428	0.267	0.334998389143456	"8"	"LINC01278"
9.22087399617419e-06	0.761599249869875	0.558	0.392	0.337493209133972	"8"	"LURAP1L"
9.25970346690122e-06	1.00137099784199	0.341	0.196	0.338914406592052	"8"	"NMI"
9.26891479608125e-06	1.80265897451069	0.75	0.78	0.33925155045137	"9"	"GLB1"
9.36869095226087e-06	0.863047697106365	0.442	0.285	0.3429034575437	"8"	"PRXL2A"
9.38527604601119e-06	1.13000027047995	0.428	0.281	0.343510488560056	"8"	"CD2AP"
9.41917886642804e-06	3.39983015365398	0.417	0.152	0.344751365690133	"9"	"ZNF334"
9.43292851467624e-06	1.50488839762158	0.833	0.764	0.345254616565665	"9"	"NPEPPS"
9.45545361930181e-06	1.19266558114475	0.275	0.146	0.346079057920066	"8"	"NAALADL1"
9.94761524478985e-06	0.844798572925137	0.341	0.192	0.364092665574553	"8"	"RIN2"
9.9510827972087e-06	0.759424856256894	0.529	0.359	0.364219581460635	"8"	"TNFSF12"
1.00225052451252e-05	1.48476517762275	0.875	0.925	0.366833714476826	"9"	"C1R"
1.00435139071737e-05	1.13293087869926	0.304	0.169	0.367602652516466	"8"	"MLLT3"
1.01320270629075e-05	1.42422967195621	0.833	0.896	0.370842322529478	"9"	"TM9SF2"
1.01374580571569e-05	1.19259431465033	1	0.913	0.371041102350001	"9"	"MAP4K4"
1.02567057737189e-05	0.653153424981642	0.725	0.576	0.375405688023887	"8"	"ANGPTL2"
1.05367156628197e-05	1.06157980012228	0.37	0.217	0.385654329974864	"8"	"TCEA3"
1.05436404096234e-05	1.99836753533339	0.75	0.681	0.385907782632627	"9"	"CEP350"
1.07790509359741e-05	0.771817023132017	0.63	0.474	0.394524043307588	"8"	"RFTN1"
1.08121455987065e-05	1.42507163184779	0.792	0.63	0.395735341058257	"9"	"PTPRS"
1.0904081581743e-05	2.23531086278292	0.708	0.593	0.399100289973374	"9"	"TASOR2"
1.10929098153196e-05	0.518284103761975	0.826	0.696	0.406011592150513	"8"	"PTRHD1"
1.11561623226757e-05	0.93234944503078	0.384	0.238	0.408326697172252	"8"	"TMEM267"
1.11684791369763e-05	1.11744727605032	0.917	0.851	0.408777504892469	"9"	"GARS"
1.11765260733039e-05	0.524724679115027	0.79	0.624	0.409072030808996	"8"	"ATP2A2"
1.12024269811243e-05	1.9192306248354	0.708	0.494	0.410020029936131	"9"	"NABP1"
1.1321607918296e-05	0.746531248436788	0.652	0.489	0.414382171417551	"8"	"ARHGAP17"
1.15187457408109e-05	0.820543264573021	0.471	0.31	0.421597612859421	"8"	"NTHL1"
1.16366992243058e-05	1.62179144795855	0.875	0.842	0.425914828308815	"9"	"ZRANB2"
1.18233689725591e-05	0.626215746550256	0.587	0.404	0.432747127764636	"8"	"CNPPD1"
1.18968910877559e-05	1.26037235335107	0.312	0.184	0.435438110702954	"8"	"OPN3"
1.19921335779081e-05	0.65635992506508	0.587	0.419	0.438924081085016	"8"	"APC"
1.20003604436714e-05	0.654369810426522	0.587	0.415	0.439225192598816	"8"	"ZNF281"
1.22405633771032e-05	0.915092322088782	0.384	0.229	0.448016860165353	"8"	"TICAM2"
1.23855397246958e-05	2.12232876557626	0.708	0.526	0.45332313946359	"9"	"MAML2"
1.24534625262524e-05	1.12966520527517	0.958	0.941	0.455809181923363	"9"	"CKAP4"
1.25165647675688e-05	0.636468377209582	0.761	0.632	0.458118787057786	"8"	"CALCOCO1"
1.29283624698569e-05	0.608126500960944	0.551	0.37	0.473190994759234	"8"	"STK19"
1.30202738834196e-05	0.792253794206428	0.507	0.352	0.476555044407041	"8"	"FBXO17"
1.33170934100663e-05	0.82910225026097	0.391	0.234	0.487418935901835	"8"	"HIVEP2"
1.35269318509373e-05	0.676556659137583	0.594	0.438	0.495099232676157	"8"	"PPP3CB"
1.37712319795048e-05	0.508613330777503	0.71	0.565	0.504040861681854	"8"	"KLF3"
1.38112793480105e-05	1.84412395015059	0.708	0.51	0.505506635416533	"9"	"FOXP1"
1.39033300912433e-05	1.11666386954412	0.917	0.859	0.508875784669597	"9"	"LIMA1"
1.39696002707473e-05	2.29224550423857	0.667	0.503	0.511301339509623	"9"	"XRN1"
1.41717377141507e-05	1.82963613489918	0.75	0.604	0.518699772075629	"9"	"SEC24D"
1.43949475938219e-05	0.882587238210221	0.917	0.987	0.526869476881475	"9"	"RCN1"
1.44343607221581e-05	1.06374707037442	0.29	0.157	0.528312036791709	"8"	"SLC43A2"
1.4942613027834e-05	0.863196492812136	0.413	0.259	0.546914579431752	"8"	"PLCB3"
1.50693953426232e-05	0.826486743676725	0.442	0.286	0.551554938935353	"8"	"GGT5"
1.52575689561129e-05	0.572210988081852	0.594	0.427	0.558442281362687	"8"	"UBE4B"
1.52588408902729e-05	1.28515209805595	0.875	0.942	0.55848883542488	"9"	"RBM39"
1.53008623922503e-05	4.20514380853739	0.25	0.058	0.560026864418755	"9"	"PTPRJ"
1.53196021134754e-05	1.22022451879948	0.833	0.894	0.560712756955312	"9"	"COPA"
1.5354284166865e-05	0.631788458626887	0.37	0.215	0.561982154791426	"8"	"P4HA3"
1.53645494649643e-05	0.97317316750858	0.413	0.259	0.562357874967158	"8"	"APBB1"
1.56756523050222e-05	0.644397392677601	0.63	0.452	0.573744550016118	"8"	"IDS"
1.58632111644802e-05	2.56669598191035	0.667	0.425	0.580609391831141	"9"	"MASP1"
1.68632887748911e-05	2.23368197462111	0.667	0.508	0.617213232449789	"9"	"TM9SF4"
1.6987367721606e-05	3.21604613773509	0.417	0.151	0.621754645978501	"9"	"PLAT"
1.7652798787074e-05	0.62908619274947	0.594	0.424	0.646110088405694	"8"	"PLXNB2"
1.77359951124902e-05	0.642631704748589	0.609	0.446	0.649155157112255	"8"	"AIG1"
1.80694112417709e-05	1.6796589693	0.833	0.567	0.661358520860057	"9"	"ITGBL1"
1.85748645080739e-05	0.925034329833757	0.319	0.181	0.679858615860015	"8"	"TCP11L2"
1.86773000295772e-05	2.39299453374097	0.625	0.406	0.683607858382555	"9"	"RBM5"
1.89322147998582e-05	0.955366258295161	0.319	0.183	0.692937993889611	"8"	"COG7"
1.98199861097713e-05	1.40333186637155	0.792	0.794	0.725431311603741	"9"	"BOD1L1"
1.99967119817243e-05	2.4072912899023	0.625	0.38	0.731899655243093	"9"	"SLC2A3"
2.02116032696134e-05	0.668146952503613	0.638	0.477	0.739764891271122	"8"	"ESYT2"
2.03214996116392e-05	3.16400698206632	0.417	0.155	0.743787207285608	"9"	"SEMA7A"
2.0496114078696e-05	4.20223205196974	0.25	0.059	0.750178271394352	"9"	"Z83843.1"
2.08385743740757e-05	1.2951967539178	0.792	0.579	0.762712660665544	"9"	"SERPINE1"
2.09324841785232e-05	1.72534335247171	0.708	0.532	0.766149853418129	"9"	"NKTR"
2.0985975534819e-05	0.639583724610925	0.587	0.427	0.768107690549909	"8"	"HOXC9"
2.1001233673561e-05	0.842452666250918	0.42	0.265	0.768666153686006	"8"	"ORAI2"
2.10031105742939e-05	0.510393732907018	0.841	0.68	0.768734850129732	"8"	"RAB1B"
2.1086721862476e-05	1.14969490690122	1	1	0.771795106888485	"9"	"SPARC"
2.1888663644531e-05	2.36764881461634	0.625	0.41	0.801146978053478	"9"	"RAB3GAP2"
2.22486433894861e-05	1.25667880979046	0.5	0.184	0.814322596698582	"9"	"CXCL6"
2.2269224743359e-05	0.657299488201549	0.558	0.384	0.815075894831681	"8"	"VPS41"
2.23743211070581e-05	2.09194874122849	0.667	0.468	0.818922526839434	"9"	"AAK1"
2.29743550196565e-05	2.57123437954512	0.583	0.351	0.840884368074447	"9"	"NCOA3"
2.30945574183539e-05	0.809369820596031	0.507	0.337	0.845283896069172	"8"	"STARD4"
2.37650247171327e-05	0.952211651757355	0.442	0.303	0.869823669671775	"8"	"RAB23"
2.38612786399479e-05	2.0579954720457	0.708	0.593	0.873346659500733	"9"	"DCBLD2"
2.47075747782877e-05	0.844828093017812	0.29	0.158	0.904321944460109	"8"	"ZC3H12A"
2.47787473775581e-05	0.656498357080974	0.725	0.568	0.906926932766005	"8"	"TRIM8"
2.47835407305538e-05	0.561164813312235	0.609	0.432	0.907102374278999	"8"	"PRKAA1"
2.49861807316806e-05	0.57208096888013	0.594	0.414	0.914519200960241	"8"	"ITPRIPL2"
2.53043196304377e-05	0.764027275463783	0.522	0.367	0.926163402793652	"8"	"WDFY1"
2.53968228393988e-05	0.598138212182766	0.696	0.507	0.929549112744837	"8"	"CD109"
2.55964942131462e-05	0.548075510924684	0.739	0.583	0.936857284695362	"8"	"CNPY3"
2.62970615784645e-05	0.526818904005408	0.833	0.717	0.962498750833379	"8"	"COX20"
2.64116653698175e-05	2.52771758875104	0.583	0.32	0.96669336420069	"9"	"PLK2"
2.65883379830341e-05	1.3685765114065	0.833	0.9	0.973159758517032	"9"	"TPR"
2.6651631001341e-05	0.677684552825011	0.594	0.444	0.975476346280082	"8"	"FAM126A"
2.7117304402534e-05	1.93128521293926	0.75	0.594	0.992520458437145	"9"	"VASN"
2.72416642669263e-05	0.921353123439673	0.464	0.324	0.99707215383377	"8"	"NIPSNAP1"
0.00331493657526428	0.500228416893945	0.449	0.339	1	"8"	"B4GALT4"
0.000798583347978671	0.500778858611143	0.536	0.383	1	"8"	"PTBP3"
4.85770597534758e-05	0.501256090613326	0.812	0.726	1	"8"	"KDELR3"
0.00499811505719853	0.50187722302282	0.42	0.299	1	"8"	"CCDC93"
3.61176118990394e-05	0.502970407180794	0.703	0.528	1	"8"	"FOSL2"
0.000536314211564007	0.503552340373611	0.558	0.43	1	"8"	"PMF1"
0.00238041595321752	0.50458506667202	0.435	0.312	1	"8"	"RUFY3"
0.00103547735546532	0.504864599067014	0.565	0.426	1	"8"	"HOOK2"
0.00341788837552281	0.505283727181046	0.478	0.366	1	"8"	"TMEM8A"
0.0070473159452308	0.508067757768621	0.442	0.35	1	"8"	"MLLT10"
3.08913017685801e-05	0.508176170198053	0.754	0.611	1	"8"	"DCAF6"
0.00254593921723456	0.508871572209358	0.601	0.487	1	"8"	"NOTCH2"
0.00913088704398944	0.509167032527188	0.391	0.287	1	"8"	"PCBP4"
0.00937099702155579	0.509302371345116	0.457	0.38	1	"8"	"TSR2"
0.000665311171413468	0.511381259350798	0.638	0.47	1	"8"	"GYG1"
0.000447540480728698	0.511723090170668	0.558	0.405	1	"8"	"SHPRH"
0.0054989761623898	0.51224593366955	0.514	0.432	1	"8"	"RARA"
0.00174872664506149	0.512838993186284	0.486	0.359	1	"8"	"CDC42EP5"
3.2170707037438e-05	0.513166612346819	0.696	0.512	1	"8"	"RSRC1"
0.00290465195646239	0.513573864908497	0.355	0.245	1	"8"	"ALDOC"
0.000462509755259422	0.51373428542001	0.594	0.452	1	"8"	"GLTP"
9.58621241123793e-05	0.514052580124171	0.768	0.625	1	"8"	"MAX"
0.00492385101089994	0.515432719143083	0.435	0.337	1	"8"	"MECP2"
0.00512726632762309	0.51574724357485	0.457	0.349	1	"8"	"DPCD"
0.000791248174358326	0.516228664496191	0.558	0.41	1	"8"	"KIAA1143"
0.000426256447399663	0.518427179379265	0.58	0.434	1	"8"	"SPAG16"
6.56120380157889e-05	0.519186093485266	0.855	0.766	1	"8"	"C11orf24"
0.00886032723656535	0.519530618750375	0.341	0.243	1	"8"	"MYSM1"
0.00700671529823512	0.522345977120088	0.572	0.472	1	"8"	"STIM1"
4.0319129839088e-05	0.522460361064762	0.601	0.433	1	"8"	"UBAP1"
7.53396494247902e-05	0.522464620553025	0.522	0.337	1	"8"	"SYMPK"
5.02932793746769e-05	0.522597264269883	0.739	0.59	1	"8"	"SMARCB1"
0.000204219651305171	0.522980037731219	0.855	0.71	1	"8"	"IFI16"
3.07140360244472e-05	0.525687198431955	0.667	0.495	1	"8"	"SPIN1"
0.000117656683987677	0.526449361048998	0.739	0.576	1	"8"	"KLHDC3"
0.00896705159550695	0.526686361610525	0.377	0.278	1	"8"	"SH2B1"
0.000869381938195664	0.527173282440676	0.435	0.298	1	"8"	"SSBP3"
0.00233363910841318	0.527183726131335	0.341	0.228	1	"8"	"ATOH8"
0.000128793072073712	0.528077121626435	0.58	0.414	1	"8"	"PLEKHB2"
0.000149571047164891	0.529770087366415	0.522	0.363	1	"8"	"RHOT2"
0.00752028646875815	0.530475229619133	0.377	0.279	1	"8"	"MAPRE2"
5.66411441651333e-05	0.530664048528777	0.732	0.589	1	"8"	"GSTM2"
0.00157231742228529	0.530774673466405	0.551	0.426	1	"8"	"TCIRG1"
0.00757367448260511	0.531134300634677	0.42	0.309	1	"8"	"PEX10"
0.00247157387935976	0.53203857748913	0.514	0.386	1	"8"	"MSH3"
0.00365502471991592	0.532642787354892	0.529	0.425	1	"8"	"PAGR1"
0.000715041511828201	0.534038782691585	0.572	0.441	1	"8"	"ARHGAP35"
0.00132802553670443	0.534914171048476	0.435	0.307	1	"8"	"ATG14"
0.00560256825786358	0.536498738394668	0.362	0.258	1	"8"	"MLXIP"
0.00211100477274012	0.53659667044744	0.558	0.428	1	"8"	"PRKCI"
0.00892646698583362	0.537596509928394	0.449	0.353	1	"8"	"GSTZ1"
0.00916410426849574	0.538787578926551	0.478	0.387	1	"8"	"DICER1"
0.00863595213906537	0.540158184990347	0.362	0.265	1	"8"	"UBE3B"
0.000533077937942155	0.541994146197992	0.399	0.257	1	"8"	"EXOC6B"
6.64233609609771e-05	0.542605708018154	0.775	0.677	1	"8"	"BACE1"
0.00032294929726076	0.543251560992317	0.659	0.494	1	"8"	"SUMF1"
0.000523786277210001	0.544408893123332	0.645	0.528	1	"8"	"KRAS"
0.00244054961326653	0.545145229572705	0.341	0.23	1	"8"	"AKTIP"
0.00253739123468178	0.545216510437805	0.529	0.397	1	"8"	"MIB2"
0.00034449209234048	0.545675255056887	0.659	0.525	1	"8"	"ARHGEF12"
0.00861284987994105	0.545691189062837	0.304	0.21	1	"8"	"ARMH4"
3.5045330590831e-05	0.546429972350443	0.464	0.3	1	"8"	"PRICKLE1"
0.00020461616244137	0.547046954672823	0.572	0.408	1	"8"	"TMEM250"
0.000177669056511027	0.547129699060577	0.739	0.601	1	"8"	"TMEM18"
0.00770403164096681	0.54778410793376	0.377	0.281	1	"8"	"POLG"
0.00224110655476208	0.54852374064978	0.442	0.333	1	"8"	"PPP6R2"
0.000153227497783236	0.54858203515666	0.507	0.356	1	"8"	"DOCK1"
0.00202037744635654	0.549076111333048	0.413	0.294	1	"8"	"ZBTB11"
0.000192573888215479	0.549099702318696	0.558	0.43	1	"8"	"LMCD1"
0.000148660696155124	0.549338073743191	0.572	0.409	1	"8"	"HSD17B11"
0.00123446160672821	0.549770453732954	0.348	0.225	1	"8"	"BBS4"
0.00526414411870479	0.55032124795317	0.391	0.286	1	"8"	"GMDS"
0.0045307132224699	0.550880520647016	0.493	0.4	1	"8"	"PIP5K1A"
0.000558117959777237	0.550920938330112	0.493	0.361	1	"8"	"ARID4A"
5.77083907798795e-05	0.555022266103808	0.645	0.507	1	"8"	"OSBPL1A"
0.000272143059990246	0.555847902292063	0.594	0.451	1	"8"	"ABI2"
0.00374456859018767	0.555958409583041	0.529	0.419	1	"8"	"RNF135"
0.00095923990450929	0.558158671498814	0.384	0.256	1	"8"	"WIPF2"
0.00605146385872105	0.558515042167798	0.341	0.244	1	"8"	"YDJC"
0.00413738802985192	0.559767265379445	0.319	0.218	1	"8"	"PHETA2"
0.00753969931568335	0.559886624199224	0.449	0.344	1	"8"	"PWWP3A"
0.000602102387541767	0.560420103387008	0.536	0.415	1	"8"	"ATP13A3"
0.00515065842430911	0.5604462636104	0.391	0.296	1	"8"	"NDRG3"
0.00226404568910451	0.56166095420163	0.261	0.16	1	"8"	"C5orf56"
0.00732273054301085	0.563794127666555	0.399	0.306	1	"8"	"PCDH9"
0.0023781509238049	0.563798668252066	0.457	0.349	1	"8"	"FAM171B"
0.0026160765255648	0.563994086713002	0.536	0.416	1	"8"	"DALRD3"
0.00211090434393796	0.564362811593443	0.377	0.261	1	"8"	"SLCO3A1"
0.00411673615390782	0.565956653683953	0.449	0.343	1	"8"	"FBXL4"
0.00758472573971741	0.56842559674437	0.333	0.237	1	"8"	"TXNRD3"
2.8338292607732e-05	0.56867860049987	0.819	0.678	1	"8"	"RBFOX2"
0.000632741588751015	0.568729856447015	0.377	0.251	1	"8"	"MRI1"
0.00011264312818921	0.569801320175368	0.63	0.479	1	"8"	"ERG28"
0.000893844752637204	0.571637188261001	0.442	0.315	1	"8"	"PIP4K2A"
0.00139821056344946	0.572456334346596	0.435	0.31	1	"8"	"MYO6"
0.00662910714356574	0.573585985722133	0.319	0.228	1	"8"	"NFATC4"
4.27975066024745e-05	0.573885794421161	0.703	0.568	1	"8"	"SLC38A10"
0.000778467518311371	0.574402802310817	0.486	0.354	1	"8"	"STRN4"
0.00477799004398453	0.57463818338552	0.507	0.405	1	"8"	"B3GNT9"
0.001067373345323	0.57469133904395	0.471	0.361	1	"8"	"NAA60"
0.00602851710454445	0.575009481983281	0.297	0.203	1	"8"	"PPP2R3A"
0.00134906513513187	0.575260238612924	0.457	0.338	1	"8"	"MTA3"
4.52945126301601e-05	0.575812984796252	0.645	0.506	1	"8"	"IFT22"
0.00469045780452261	0.576729679793448	0.833	0.982	1	"9"	"SEC62"
9.54833566498848e-05	0.577149969546199	0.514	0.358	1	"8"	"ATP6V1B2"
0.00750912259020517	0.577171552390467	0.37	0.267	1	"8"	"DGKZ"
6.39583240524455e-05	0.578385348933019	0.688	0.551	1	"8"	"NBR1"
0.0034838273382495	0.578949035183029	0.471	0.355	1	"8"	"PACS2"
0.00542689212105568	0.579076633823968	0.428	0.331	1	"8"	"KCTD10"
0.00276290449056482	0.579094648077382	0.362	0.253	1	"8"	"AKAP10"
4.77769359992464e-05	0.579241292643076	0.71	0.579	1	"8"	"PFDN4"
0.00626858044148172	0.582734473502752	0.275	0.183	1	"8"	"GGA2"
0.00537195834537898	0.584091872819637	0.333	0.232	1	"8"	"SGMS2"
0.000131388761212607	0.584789930987508	0.659	0.522	1	"8"	"MIDN"
0.000397499218718093	0.585159907578785	0.471	0.342	1	"8"	"XXYLT1"
0.000168658609382692	0.585629642684044	0.319	0.191	1	"8"	"SQOR"
0.00115078469072046	0.587818347680572	0.442	0.313	1	"8"	"GOT2"
0.0033602086220259	0.588419196553964	0.449	0.341	1	"8"	"SBF1"
0.000795266228438195	0.589585290610473	0.42	0.281	1	"8"	"ANKZF1"
0.000925681811320554	0.590324690408778	0.384	0.262	1	"8"	"ITSN2"
8.72087646847495e-05	0.591582772025173	0.594	0.449	1	"8"	"HOXB7"
3.05164901095839e-05	0.593348693838202	0.558	0.398	1	"8"	"SLC4A2"
0.00170607804717741	0.594102047635073	0.413	0.298	1	"8"	"SLC7A1"
9.36911628630584e-05	0.594115665767408	0.514	0.38	1	"8"	"IRF1"
0.000198036412010209	0.594524832361972	0.565	0.413	1	"8"	"SHKBP1"
0.00256362602156075	0.595343196559504	0.413	0.297	1	"8"	"DAAM1"
0.000552932501938268	0.595699135636037	0.471	0.347	1	"8"	"SPHK1"
0.00564735640286225	0.595785860799214	0.406	0.31	1	"8"	"CASP4"
0.0047045500485768	0.595998346767207	0.457	0.355	1	"8"	"CRTC3"
0.0038154309803237	0.597477420100532	0.464	0.358	1	"8"	"PTRH1"
0.00215681079644613	0.59751108030013	0.362	0.252	1	"8"	"RPS6KA4"
0.00128662394857454	0.598872049705689	0.449	0.326	1	"8"	"SNRNP35"
0.00152619064202484	0.599372872602759	0.514	0.401	1	"8"	"SYNJ2BP"
0.00471931965036912	0.601319691525642	0.312	0.217	1	"8"	"KDM3A"
0.00232374996844469	0.601692434346826	0.471	0.36	1	"8"	"ANP32E"
8.81194941463183e-05	0.601940036999301	0.507	0.357	1	"8"	"EFHD2"
0.000182235959278757	0.604863588347754	0.435	0.287	1	"8"	"USF2"
0.00913895946144962	0.605109947950463	0.283	0.195	1	"8"	"ZNF134"
0.000215835456646186	0.605276802374191	0.486	0.33	1	"8"	"AKT3"
3.04867608785782e-05	0.605374181987252	0.63	0.456	1	"8"	"TAP1"
9.45853933208621e-05	0.605731934891339	0.486	0.329	1	"8"	"PPM1D"
9.89970287173227e-05	0.605833118526107	0.406	0.258	1	"8"	"SYNM"
0.00688376848265763	0.606084386678528	0.326	0.23	1	"8"	"GRK4"
0.000116385848311456	0.6061691219981	0.5	0.35	1	"8"	"RHBDF1"
0.000995659561643077	0.606630493034034	0.471	0.338	1	"8"	"FBXO3"
3.92464096420279e-05	0.607797806989518	0.645	0.488	1	"8"	"SELENON"
0.00204836850599465	0.608533572126898	0.312	0.203	1	"8"	"TBC1D12"
0.00246873188511281	0.60854151960756	0.399	0.281	1	"8"	"OTUD7B"
0.000867048149013745	0.608841023005666	0.399	0.277	1	"8"	"C3orf14"
0.00010495168312997	0.60974620467633	0.536	0.366	1	"8"	"DCTN5"
0.00148204064514939	0.610747220264835	0.42	0.31	1	"8"	"TFPT"
0.00010572517689746	0.611060780436101	0.543	0.39	1	"8"	"UTRN"
0.000589819775022309	0.61107568254105	0.471	0.359	1	"8"	"ZFAND2B"
3.05765672511449e-05	0.611523297135295	0.413	0.25	1	"8"	"TBX2"
0.00633811785800211	0.611587476532177	0.29	0.198	1	"8"	"PRKAR1B"
0.000854434831641084	0.61183595933096	0.377	0.256	1	"8"	"BAZ2B"
0.000869266730450572	0.612006709587835	0.558	0.457	1	"8"	"UFSP2"
0.000281238406256959	0.61211203154174	0.449	0.312	1	"8"	"C14orf132"
0.00574297484388436	0.61522414424609	0.355	0.255	1	"8"	"PGGT1B"
6.92756250064708e-05	0.615391457787434	0.522	0.372	1	"8"	"BORCS8"
5.05631849284649e-05	0.616265573254171	0.609	0.447	1	"8"	"TMEM127"
0.00245869145355171	0.616306085145381	0.399	0.293	1	"8"	"MLH1"
0.000104597389527989	0.617954099776671	0.486	0.33	1	"8"	"RRAGB"
0.00529163982052318	0.621206991699479	0.37	0.268	1	"8"	"DCAF11"
0.00066311101552329	0.621870543509552	0.413	0.293	1	"8"	"CEP89"
0.00110856050858101	0.622221460139361	0.377	0.258	1	"8"	"FAM168A"
4.10864237747167e-05	0.622358039889444	0.674	0.469	1	"8"	"TSPAN5"
0.00132330120108888	0.623590769591401	0.348	0.233	1	"8"	"AC090204.1"
0.00615906755796099	0.624511611441364	0.391	0.304	1	"8"	"HABP4"
0.00619373390433029	0.625335205024765	0.391	0.304	1	"8"	"YEATS2"
8.0470956343289e-05	0.625533092120483	0.514	0.358	1	"8"	"OXSR1"
0.00154600838746309	0.626773224257142	0.572	0.468	1	"8"	"CDKN1B"
0.00570276751528165	0.62678192623876	0.348	0.25	1	"8"	"KLC2"
8.79718767389276e-05	0.626931692494021	0.514	0.364	1	"8"	"FLNB"
0.00161858672204733	0.629771729566249	0.478	0.361	1	"8"	"GSDME"
0.00570912133759689	0.630562979735275	0.391	0.289	1	"8"	"AC018521.5"
0.00960688184047113	0.630781871823471	0.333	0.245	1	"8"	"NUDT18"
0.00204568388941891	0.631297070761011	0.442	0.32	1	"8"	"ZNF462"
0.00110559540611728	0.632346273125602	0.79	0.796	1	"8"	"TUBB6"
0.00426634944713213	0.632958068625269	0.355	0.251	1	"8"	"APBB2"
0.00253878358970869	0.633637332927151	0.29	0.187	1	"8"	"CACNA1C"
0.00401275120080533	0.633892074674857	0.275	0.178	1	"8"	"PHYHD1"
0.0025713189086683	0.635770631816726	0.522	0.424	1	"8"	"AEBP2"
0.00280773930836447	0.636521171107868	0.348	0.242	1	"8"	"CDC25B"
0.00527472804619786	0.637169725031465	0.384	0.284	1	"8"	"ETV6"
0.00388694275406017	0.640868641150223	0.312	0.209	1	"8"	"SCARB1"
7.37515888145791e-05	0.643759851506882	0.572	0.43	1	"8"	"JADE1"
0.000374520741354848	0.645061162812472	0.449	0.32	1	"8"	"TMEM218"
8.88193008324377e-05	0.645362839425989	0.493	0.33	1	"8"	"MMS19"
0.00055966478686041	0.645684387542222	0.507	0.364	1	"8"	"SBF2"
0.00132639143715246	0.645967688199892	0.486	0.387	1	"8"	"DEDD"
0.00411513459309035	0.646546398726832	0.792	0.851	1	"9"	"PTPN11"
0.00395963246382439	0.647735609202472	0.333	0.234	1	"8"	"GPKOW"
0.00453428509153946	0.648402761940396	0.399	0.298	1	"8"	"CLOCK"
0.000431988108480257	0.648652455001999	0.428	0.286	1	"8"	"SPDL1"
0.00597167344725353	0.648659530975008	0.399	0.299	1	"8"	"PHF1"
8.27981469353408e-05	0.648748123958371	0.413	0.27	1	"8"	"MTRNR2L12"
0.00533736033450655	0.651272863463945	0.917	0.962	1	"9"	"VCP"
0.00822316769832663	0.651700425347853	0.254	0.169	1	"8"	"RGS19"
0.00105031503124984	0.651959033411459	0.493	0.381	1	"8"	"RC3H2"
0.000482437757817153	0.652241237857089	0.391	0.263	1	"8"	"FAM20B"
0.0048830521556079	0.652774746792035	0.341	0.247	1	"8"	"UCK1"
7.34560056571751e-05	0.653647328573528	0.601	0.438	1	"8"	"ZDHHC12"
0.000239333852571854	0.653760338264688	0.464	0.318	1	"8"	"POLH"
0.000514312870103911	0.654907212119889	0.428	0.305	1	"8"	"JAZF1"
0.00814134856106414	0.654984977347135	0.268	0.181	1	"8"	"BANP"
0.00182159849047253	0.657962417724811	0.312	0.204	1	"8"	"RUSC2"
0.000199231800598036	0.65923707360867	1	0.994	1	"9"	"CALD1"
0.00137698540195162	0.660161515128712	1	0.997	1	"9"	"MT-CYB"
0.000703149495443483	0.663601398878981	0.297	0.185	1	"8"	"GABBR1"
0.000151919268400298	0.664047128085453	0.428	0.289	1	"8"	"RIT1"
3.11537293980257e-05	0.665768805813931	0.594	0.43	1	"8"	"SNUPN"
0.00140679087704156	0.666034551965398	0.348	0.232	1	"8"	"AC005670.3"
0.00172356058394444	0.666322321295221	0.917	0.995	1	"9"	"DDX5"
9.77974603631199e-05	0.667975387901668	0.558	0.408	1	"8"	"MCRS1"
0.00494678119620273	0.668816484593086	0.29	0.2	1	"8"	"POLB"
0.00446489994639741	0.66892360224286	0.319	0.223	1	"8"	"NHEJ1"
0.000108365790925711	0.669484038302834	0.355	0.217	1	"8"	"LDB1"
0.000205593300402357	0.671445452460504	0.478	0.337	1	"8"	"RBM23"
0.00244785573683968	0.673061682472389	0.457	0.348	1	"8"	"SUN1"
0.0015876087430081	0.673331152541824	0.399	0.286	1	"8"	"GATD3B"
0.0095445234369438	0.67352371740348	0.261	0.18	1	"8"	"ZNF395"
0.00223214800118916	0.675321575428748	0.326	0.222	1	"8"	"IP6K1"
0.000246504645984203	0.675617913997322	0.326	0.202	1	"8"	"KIF26B"
0.00013215103016116	0.675691207005101	0.471	0.33	1	"8"	"ALDH16A1"
0.000542734317200585	0.676974060581314	0.406	0.28	1	"8"	"SP140L"
0.00161915280210037	0.678274829282732	0.326	0.215	1	"8"	"NOMO1"
0.00335427368486264	0.679573944813201	0.355	0.246	1	"8"	"PDGFC"
4.43967470971543e-05	0.679870883054913	0.5	0.347	1	"8"	"INF2"
0.00468478778097469	0.684833065728108	0.312	0.214	1	"8"	"ATP6V0A1"
0.000786757354820992	0.685657923356592	0.312	0.196	1	"8"	"MICALL1"
0.000451498158974354	0.686083264980607	0.486	0.347	1	"8"	"LY96"
0.000550771409083103	0.686416188818907	0.428	0.291	1	"8"	"ATP10D"
0.000228066385572373	0.686963795820013	0.42	0.284	1	"8"	"TRAFD1"
0.000436080153467629	0.686997469111194	0.268	0.155	1	"8"	"TP53INP2"
0.00361765544567712	0.687161746523192	0.268	0.176	1	"8"	"CD40"
0.00505970925038012	0.687389776114206	0.333	0.242	1	"8"	"GET4"
0.000781830639077604	0.687467767240523	0.37	0.251	1	"8"	"RILP"
0.00227314676323699	0.688285179657021	0.304	0.201	1	"8"	"SYNPO"
0.00132637484259807	0.689039459663683	0.435	0.323	1	"8"	"SACS"
2.94061442635441e-05	0.6890717555803	0.507	0.349	1	"8"	"ANAPC15"
0.00106312832488184	0.689953285950672	0.275	0.171	1	"8"	"HSPA12A"
0.00157390847672537	0.690019939265857	1	0.996	1	"9"	"HDLBP"
7.11674075131853e-05	0.690451872396257	0.601	0.445	1	"8"	"WFS1"
0.00338782965548761	0.693698839996338	0.312	0.207	1	"8"	"MICAL3"
0.00664119189128972	0.693754986173653	0.355	0.271	1	"8"	"VPS37B"
0.000722134282506636	0.695073007563731	0.399	0.28	1	"8"	"SNX25"
0.00603219049509997	0.695113149656594	0.875	0.898	1	"9"	"EGR1"
0.0002869747869195	0.695294361852258	0.37	0.24	1	"8"	"ANAPC4"
0.00117786707377574	0.697807045550635	0.355	0.242	1	"8"	"ERBB2"
0.00102327181711305	0.698511849601589	0.37	0.251	1	"8"	"MYD88"
0.00303451468133684	0.699447794331448	0.391	0.293	1	"8"	"DHRS1"
0.00173196456197841	0.701553851880232	0.377	0.273	1	"8"	"NCK2"
0.00106306081916004	0.70342038848147	0.399	0.284	1	"8"	"CDK8"
0.00180324229304947	0.705227563105103	0.261	0.163	1	"8"	"PIF1"
0.000108857464883228	0.705261422425143	1	0.999	1	"9"	"MT-CO1"
0.00103894564608012	0.705840871785257	0.355	0.238	1	"8"	"ANKRD52"
0.000812829357242449	0.705962671973908	0.493	0.382	1	"8"	"NF1"
0.00392256156064793	0.706456974136199	0.283	0.19	1	"8"	"POLM"
0.00230669841778789	0.707075857717459	0.341	0.232	1	"8"	"EPB41L1"
0.00100899206067389	0.707887919049315	0.413	0.295	1	"8"	"SYT11"
0.000551381749853513	0.708064415069839	0.304	0.192	1	"8"	"UBR7"
0.00638728332057491	0.709200361466013	0.428	0.34	1	"8"	"TLCD5"
0.000120743090338081	0.709728711057064	0.355	0.219	1	"8"	"BTN3A3"
0.000537485262927238	0.710922853563698	1	0.999	1	"9"	"MT-CO2"
0.00390164755732267	0.711737668880523	0.125	0.503	1	"9"	"RBFA"
3.19224453869256e-05	0.711793466773188	0.558	0.409	1	"8"	"DLG1"
0.000424662612373998	0.714329442718584	0.391	0.259	1	"8"	"ERCC6"
0.00236953385345094	0.714364516887676	0.254	0.159	1	"8"	"GALNT7"
0.00240761744221522	0.716805682412246	0.384	0.279	1	"8"	"ZER1"
0.00755226868285419	0.718283280749648	0.283	0.196	1	"8"	"VPS18"
0.00712982214703413	0.720071265808249	0.283	0.193	1	"8"	"MAP3K11"
0.00105349478593266	0.723293413333095	0.377	0.26	1	"8"	"LDB2"
8.33136564537686e-05	0.724823223983819	0.478	0.337	1	"8"	"C11orf49"
8.45027048138895e-05	0.72509547490691	0.464	0.315	1	"8"	"ETS1"
0.00407613007088949	0.726759392887975	0.37	0.277	1	"8"	"NCKAP5L"
0.000185438965648128	0.729711593141161	0.319	0.192	1	"8"	"KAZALD1"
0.000118931463089589	0.73328888289973	0.391	0.254	1	"8"	"ALDH4A1"
0.00450263812389969	0.735183169809175	0.29	0.195	1	"8"	"FAAP100"
0.00445717577389584	0.736895185687949	0.29	0.202	1	"8"	"CHFR"
0.00133992213465982	0.736923928014267	0.312	0.207	1	"8"	"GOLGA8B"
0.0045630956179442	0.737416660197455	0.268	0.18	1	"8"	"SVEP1"
0.00109258118905066	0.737575554119936	0.297	0.19	1	"8"	"AC068888.1"
0.00195685858550298	0.73897588711566	0.341	0.236	1	"8"	"SAMD9"
0.00127965583854534	0.73998941857312	0.29	0.181	1	"8"	"TXNRD2"
0.000709078854507288	0.740067044983616	0.413	0.29	1	"8"	"TANC1"
0.000362771717965896	0.740228565512311	0.377	0.248	1	"8"	"APOL1"
0.000151370838939129	0.743351509071751	0.507	0.369	1	"8"	"PPP3CC"
0.00317526288965411	0.743450867687355	0.275	0.18	1	"8"	"RABL3"
9.01244113666308e-05	0.743741791396636	0.623	0.499	1	"8"	"RABGAP1"
0.00717172629557956	0.744484360214804	0.312	0.221	1	"8"	"VRK2"
0.00711408061143626	0.746757054067665	0.464	0.367	1	"8"	"VEGFC"
0.00733058303938087	0.746978588077142	0.268	0.187	1	"8"	"PI4K2B"
0.00102456639498152	0.747447981141931	0.37	0.258	1	"8"	"BRD3OS"
0.000797226647062082	0.748251126423094	0.254	0.149	1	"8"	"IGHMBP2"
0.0033502866089219	0.751743437713455	0.37	0.275	1	"8"	"CCDC14"
4.21471621137544e-05	0.755973990446182	0.493	0.35	1	"8"	"NCOA3"
0.000231086790184845	0.756173982090998	0.37	0.238	1	"8"	"MEF2D"
0.00159891235909727	0.756856799136396	0.304	0.201	1	"8"	"ODF3B"
6.17803642571221e-05	0.757687617644218	0.326	0.195	1	"8"	"COL15A1"
0.00681653688599506	0.759278063097163	1	0.977	1	"9"	"MT-ND1"
0.000471825471197223	0.759979276680533	0.413	0.3	1	"8"	"SWAP70"
0.00355226243967938	0.760530422127651	0.261	0.172	1	"8"	"CASP2"
5.89655168984067e-05	0.763111441676109	0.507	0.352	1	"8"	"ARFRP1"
0.000818177820364831	0.766731674143348	0.319	0.205	1	"8"	"TEAD3"
0.00334034415368013	0.766870109885628	0.268	0.176	1	"8"	"PDK1"
0.00107502457036532	0.768126268594713	0.312	0.2	1	"8"	"FLOT2"
0.000117431701787249	0.769549355053503	0.413	0.269	1	"8"	"STXBP3"
0.000313954897291493	0.769866983919307	0.442	0.304	1	"8"	"ROR1"
3.7444343403132e-05	0.771259668760009	0.464	0.315	1	"8"	"CTTNBP2NL"
0.00710791660867512	0.771429072808016	0.304	0.215	1	"8"	"AP4M1"
0.00592001566576864	0.774041115005049	0.75	0.733	1	"9"	"CAPN2"
0.000159940363455668	0.774294247368067	0.435	0.297	1	"8"	"RNF169"
0.000576683742265121	0.77934620321735	0.341	0.228	1	"8"	"ARMC6"
0.00121853620345728	0.779987898908229	0.355	0.242	1	"8"	"GTF2IRD2B"
0.00437143727367753	0.780192307293107	0.326	0.233	1	"8"	"MRPL30"
0.000937752436669561	0.784770232250665	0.333	0.225	1	"8"	"PARP9"
3.41087233140279e-05	0.784877783952553	0.514	0.377	1	"8"	"C1orf54"
0.00304103041508203	0.785363365263893	0.875	0.975	1	"9"	"CSDE1"
5.96035114794354e-05	0.786637879914335	0.319	0.184	1	"8"	"C15orf41"
0.00474711807492694	0.787304541487332	0.75	0.877	1	"9"	"XBP1"
0.00191985568535245	0.791033341118186	0.297	0.197	1	"8"	"LYSMD2"
0.00045430609679825	0.791501506092339	0.37	0.243	1	"8"	"ZMYND8"
0.000130021467491946	0.792207405308813	0.384	0.251	1	"8"	"PRKCA"
6.56678684789766e-05	0.793179092600038	0.384	0.241	1	"8"	"TBC1D22A"
0.00118730276693467	0.793803279837743	0.333	0.225	1	"8"	"ANAPC2"
5.07442587535988e-05	0.793991017037508	0.529	0.385	1	"8"	"CTDSP1"
0.000114721773532014	0.795527930352184	0.957	0.931	1	"8"	"TUBA1B"
0.000529842434247896	0.798350135609059	0.304	0.192	1	"8"	"KLHL5"
0.00128933274120242	0.798361504227981	0.377	0.265	1	"8"	"PCIF1"
0.00105116807523231	0.798550804351613	0.283	0.177	1	"8"	"ZNF575"
0.000103919182078539	0.798600045055742	0.348	0.219	1	"8"	"DIAPH1"
0.000127083378663837	0.800045526433144	0.958	0.925	1	"9"	"CAPRIN1"
0.000348058940477043	0.800696468234205	0.341	0.219	1	"8"	"DYRK2"
5.18099239212486e-05	0.803043594600136	0.471	0.317	1	"8"	"EP300"
0.000791816462289115	0.803872997379702	0.792	0.724	1	"9"	"NFIB"
0.000470617820534463	0.805671260077955	0.261	0.152	1	"8"	"EPG5"
0.000841916237825137	0.806617990525927	0.261	0.156	1	"8"	"CD3EAP"
0.000814596743214916	0.809074398043837	0.261	0.156	1	"8"	"TSPAN9"
5.14822849253907e-05	0.809558581646368	0.362	0.216	1	"8"	"GOLGA8A"
0.00634632593568051	0.809820285926274	0.254	0.172	1	"8"	"CBWD5"
0.00139152685934992	0.810075764589838	0.297	0.194	1	"8"	"EXD3"
6.41095528347557e-05	0.812636554722503	0.341	0.203	1	"8"	"PLEKHG2"
0.000313475955510234	0.812925025623666	0.319	0.199	1	"8"	"DLEU2"
0.00169056925859813	0.813671404493004	0.958	0.991	1	"9"	"CALR"
3.71691437637497e-05	0.814305688394427	1	0.97	1	"9"	"FOS"
0.00304586560840124	0.81527967540681	0.261	0.169	1	"8"	"SPACA6"
3.43188301298419e-05	0.815693636966864	0.384	0.238	1	"8"	"TOM1L2"
0.00284712169906304	0.815872056889102	0.792	0.916	1	"9"	"COPB1"
0.00010932852887685	0.818947766181478	0.442	0.308	1	"8"	"NT5DC1"
0.00114095305251011	0.822178359223639	0.449	0.329	1	"8"	"PRPS1"
7.33114615848153e-05	0.825130279792131	0.391	0.259	1	"8"	"NR1D2"
4.2093121343984e-05	0.825161371526003	0.478	0.328	1	"8"	"KMT5B"
0.000301523505056911	0.825796442714734	1	0.974	1	"9"	"DDOST"
0.0012517379670113	0.826406505002116	0.362	0.253	1	"8"	"ABCA6"
0.000109445790736104	0.827050835860861	0.958	0.977	1	"9"	"CD164"
0.000408250491233005	0.82820382828942	0.297	0.179	1	"8"	"MAST4"
0.00495130650620901	0.828285980394895	0.833	0.923	1	"9"	"DDX24"
0.00088626055523003	0.829268997661783	0.254	0.151	1	"8"	"LRCH4"
0.00961550424968967	0.829465315597832	0.254	0.179	1	"8"	"DOCK5"
0.000422861086262888	0.833727594202838	0.399	0.271	1	"8"	"AC011603.2"
0.000670504115449238	0.834304836151164	0.275	0.168	1	"8"	"MIF4GD"
0.000260672192843056	0.83480076894419	0.413	0.283	1	"8"	"SFXN3"
4.53434579072974e-05	0.835218982161646	0.435	0.295	1	"8"	"PDCL3"
0.00720860674077274	0.835443214171388	0.319	0.227	1	"8"	"IFFO1"
3.36878918549144e-05	0.835883358784116	0.428	0.278	1	"8"	"SPSB1"
5.18151650938911e-05	0.83623786213575	0.384	0.248	1	"8"	"FAIM"
0.000525390769037522	0.837969093532351	0.333	0.217	1	"8"	"ZNF33A"
6.75762122298522e-05	0.839588187344147	0.449	0.307	1	"8"	"HPCAL1"
6.2470121093284e-05	0.840073157121583	0.428	0.296	1	"8"	"MSANTD3"
4.77556090921088e-05	0.840078091055633	0.312	0.179	1	"8"	"ZMIZ2"
0.00127839966588213	0.843270461391866	0.297	0.194	1	"8"	"DTX3L"
0.000103064933527139	0.844913708924024	0.493	0.373	1	"8"	"FGF2"
0.00086761186909254	0.851176145705793	0.792	0.844	1	"9"	"DNAJC3"
0.000121102224140195	0.857058071094602	0.478	0.349	1	"8"	"MAP2K3"
0.000663217665075271	0.857680506879169	0.261	0.153	1	"8"	"TTLL7"
0.000144175427155661	0.857852040407894	0.471	0.328	1	"8"	"SKIL"
0.00101788617900411	0.857872496404898	0.326	0.223	1	"8"	"CAMK2G"
5.88104582203328e-05	0.860522056631479	0.341	0.203	1	"8"	"PPT2"
0.000159316662665559	0.861059618753409	0.362	0.233	1	"8"	"PHACTR4"
0.000854598539456636	0.865540659545756	0.283	0.182	1	"8"	"UTP25"
0.000776047124191036	0.86674041768702	0.341	0.229	1	"8"	"SNAI1"
0.00115003638703892	0.870369686644268	0.268	0.166	1	"8"	"PGM2"
0.00065893995385557	0.874492654448117	0.312	0.202	1	"8"	"CTF1"
0.000104926961244199	0.875981257023523	0.297	0.175	1	"8"	"ADCY3"
0.00031949572322774	0.877547066017645	0.261	0.153	1	"8"	"MOK"
7.54864068280545e-05	0.877941641081987	0.435	0.289	1	"8"	"CDK7"
0.000380397339088957	0.885178643591968	0.304	0.193	1	"8"	"LYRM9"
0.000827006596941681	0.888238418906433	0.268	0.162	1	"8"	"MAP3K6"
4.50903505816052e-05	0.892422638694326	0.333	0.196	1	"8"	"AHDC1"
0.000368832413295661	0.892612770585556	0.917	0.869	1	"9"	"GOLGA4"
0.00403914675898417	0.894932362149828	0.254	0.169	1	"8"	"CC2D1A"
0.000276270411106199	0.89544931730847	0.304	0.19	1	"8"	"KNSTRN"
0.000275917079524499	0.895849849638118	0.377	0.244	1	"8"	"WBP1L"
5.03896299224489e-05	0.896281644626503	0.917	0.901	1	"9"	"PDIA4"
0.000362765640344682	0.899014693446546	0.333	0.213	1	"8"	"BTN3A2"
0.0001340344605391	0.899475992338283	0.319	0.197	1	"8"	"RITA1"
0.00435588926782297	0.903122229612746	0.75	0.845	1	"9"	"PRPF40A"
0.000581713854575766	0.910078743568384	0.319	0.204	1	"8"	"ERF"
0.00333856842264357	0.911948174647731	0.413	0.315	1	"8"	"CDKN1C"
0.000345805743634289	0.915680643485719	0.958	0.971	1	"9"	"LMAN1"
0.000122547280283392	0.919148345861973	0.29	0.17	1	"8"	"SNX33"
2.93068785944568e-05	0.920220988013461	0.348	0.216	1	"8"	"CHCHD6"
0.000116393574465954	0.931293040831225	0.275	0.158	1	"8"	"PSMG3-AS1"
3.53034142108336e-05	0.932323008350956	0.341	0.206	1	"8"	"MAP4K3-DT"
0.000487750703242791	0.94466873171161	0.304	0.196	1	"8"	"ZC3H11A"
0.00737083456639591	0.944718203699298	0.792	0.903	1	"9"	"NORAD"
0.000806918915219033	0.944793640903271	0.268	0.166	1	"8"	"MED14"
4.6417073440489e-05	0.954231052867107	0.71	0.591	1	"8"	"CXCL12"
8.53848927142867e-05	0.954405625123203	0.261	0.146	1	"8"	"EXOG"
0.00159347756245202	0.955979772270376	0.917	0.966	1	"9"	"LGALS3BP"
7.90537957620731e-05	0.962578635301245	0.297	0.175	1	"8"	"STARD13"
0.00211215300707337	0.963267401770355	0.875	0.953	1	"9"	"TRAM1"
0.00047232006513017	0.969470092701185	0.917	0.93	1	"9"	"COPB2"
4.21943286755146e-05	0.97614025250438	0.275	0.153	1	"8"	"FBLN7"
0.00997265616458527	0.978533179564738	0.708	0.841	1	"9"	"ARCN1"
9.45919535162383e-05	0.989710576839044	0.29	0.166	1	"8"	"RAB30"
0.000218451514357661	0.993910735225953	1	0.989	1	"9"	"MT-ND4L"
0.000461204094024491	0.998779994191692	0.261	0.156	1	"8"	"ZSCAN26"
0.00295958459169903	1.00636468312814	0.875	0.909	1	"9"	"TGFBR2"
0.00120133979653035	1.00730348349552	0.268	0.169	1	"8"	"TLE4"
0.000157038179302346	1.01284133632047	0.29	0.174	1	"8"	"GCNT1"
2.73324214858023e-05	1.0147353400553	0.917	0.819	1	"9"	"POLR2A"
0.00262757995956702	1.01731946356358	0.75	0.872	1	"9"	"GTF2I"
0.00564960713225438	1.01956470372364	0.75	0.86	1	"9"	"PRNP"
0.00013745934458252	1.02055443910777	1	0.99	1	"9"	"HLA-A"
0.000427881041234277	1.02907770905173	0.875	0.856	1	"9"	"NUCB2"
0.00351509372623919	1.02952372115525	0.667	0.638	1	"9"	"SRP54"
0.00228069074526499	1.03195792614511	0.261	0.172	1	"8"	"C1QTNF6"
0.000146132182665394	1.03395220276075	0.254	0.142	1	"8"	"CDHR3"
0.00342739197949628	1.04075188018191	0.75	0.873	1	"9"	"HSPA9"
0.00192507567434288	1.04340173114519	0.958	0.972	1	"9"	"RPN2"
0.00275507838185454	1.04895577232867	0.254	0.171	1	"8"	"EPS8L2"
0.000128564307235793	1.04901205338161	0.268	0.153	1	"8"	"FAM102A"
0.00557241423431786	1.06224648060496	0.708	0.748	1	"9"	"TNS1"
3.52858306248364e-05	1.0656817968141	0.312	0.179	1	"8"	"TRAK1"
0.00019419239950794	1.06939309521115	0.268	0.16	1	"8"	"TPCN1"
8.98760359853409e-05	1.07853837358546	0.304	0.179	1	"8"	"TJP2"
0.000121952924971567	1.09999333736775	0.792	0.852	1	"9"	"LUC7L3"
0.000112705120931355	1.10502107780207	0.268	0.151	1	"8"	"ETV2"
0.000185803979040894	1.1105703896034	0.507	0.401	1	"8"	"ALDH1B1"
0.000227144211456653	1.11740489742213	0.75	0.74	1	"9"	"ILF3"
2.9224123927317e-05	1.12080088564526	0.254	0.137	1	"8"	"CCDC142"
7.5618292730738e-05	1.12405470040789	0.283	0.166	1	"8"	"SSH3"
0.00113352539888184	1.13146325736123	0.917	0.944	1	"9"	"FBLN1"
0.00475054186059721	1.14871867484505	0.667	0.756	1	"9"	"MVP"
0.00167018645743537	1.15024297101991	0.708	0.624	1	"9"	"SLC16A3"
3.88938890801299e-05	1.15244076676185	0.875	0.839	1	"9"	"RBMS1"
0.0025972557235786	1.15684003510074	0.667	0.662	1	"9"	"ARID4B"
0.000712566552333605	1.15875329503532	0.75	0.687	1	"9"	"MIR100HG"
5.08690662676751e-05	1.16773995667694	0.958	0.927	1	"9"	"SF3B2"
0.00274725526319515	1.17143823212113	0.792	0.891	1	"9"	"SRPRA"
0.00754773844405209	1.17207778526255	0.792	0.906	1	"9"	"SOD2"
0.00832828505315397	1.17286073174807	0.708	0.796	1	"9"	"SLTM"
0.000535825161388741	1.18897596991203	0.833	0.894	1	"9"	"IARS"
0.000717507788167021	1.19182358927215	0.75	0.841	1	"9"	"ZFR"
0.0016860033496293	1.19219983771273	0.792	0.86	1	"9"	"MAGED1"
0.00597157181241477	1.19472956844572	0.667	0.734	1	"9"	"BPTF"
0.000267291665130642	1.19716943955044	0.75	0.716	1	"9"	"MBNL1"
0.000824126677412551	1.20309306925261	0.75	0.765	1	"9"	"HEXB"
0.00706278475202819	1.20858859974403	0.667	0.776	1	"9"	"C6orf89"
0.00201238257048755	1.21340093629714	0.708	0.777	1	"9"	"ACIN1"
0.00195559940632575	1.21574603044908	1	0.988	1	"9"	"DCN"
0.00110446231130715	1.21775227299703	0.319	0.22	1	"8"	"KIF21A"
0.00055254696574976	1.22402857968194	0.75	0.736	1	"9"	"TIAL1"
0.00482640073477795	1.23269499486008	0.667	0.685	1	"9"	"GLT8D1"
0.000183907015565391	1.23709264184704	0.833	0.882	1	"9"	"PIGT"
0.00941607220876834	1.24011795174036	0.667	0.747	1	"9"	"CTTN"
0.00117089227369439	1.24021655363008	0.75	0.84	1	"9"	"STT3A"
0.00818339532567157	1.2546539970866	0.625	0.686	1	"9"	"ITFG1"
3.1264412108997e-05	1.25688092892923	1	0.988	1	"9"	"MT-ND3"
0.000294839904702036	1.26868504849536	0.792	0.8	1	"9"	"RBM25"
0.00367194101362015	1.27069158121028	0.708	0.764	1	"9"	"PPP3CA"
6.21306249593505e-05	1.27136910841343	0.917	0.925	1	"9"	"PDGFRB"
0.00183133743953837	1.27964558356172	0.75	0.621	1	"9"	"SERPINE2"
0.000696990370485608	1.28005418899969	0.75	0.773	1	"9"	"CTNNB1"
0.00446047673822986	1.28727848224907	0.708	0.762	1	"9"	"CLINT1"
0.0073877363626747	1.29985028679144	0.625	0.604	1	"9"	"PDZRN3"
5.08710446441076e-05	1.30227221622736	0.75	0.701	1	"9"	"CCAR1"
0.00019533847441016	1.31304914512999	0.958	0.973	1	"9"	"RCN3"
0.00843986496155828	1.31553610897021	0.583	0.571	1	"9"	"ARIH1"
3.00884130241778e-05	1.32409170602735	0.875	0.927	1	"9"	"SRSF11"
0.00294252990993999	1.32750204067223	0.75	0.888	1	"9"	"HEXA"
3.28420719288e-05	1.33077657644566	0.792	0.801	1	"9"	"SUPT16H"
0.000136320276541134	1.3337203646885	0.875	0.926	1	"9"	"ANPEP"
0.000282753221941824	1.3376042979215	0.75	0.785	1	"9"	"CD46"
0.00027857518171891	1.33831197392796	0.958	0.898	1	"9"	"EFEMP2"
0.0058212204022445	1.34271673359093	0.625	0.619	1	"9"	"GAA"
0.0028465344930132	1.34480759088374	0.667	0.547	1	"9"	"CREB3L1"
0.00135674977077571	1.35116170891883	0.708	0.721	1	"9"	"PCM1"
0.000269598270791462	1.35816499459843	1	0.974	1	"9"	"CTSB"
0.00862826440334159	1.36971367742491	0.792	0.873	1	"9"	"MFAP4"
0.000267346391669157	1.3738262803958	0.875	0.874	1	"9"	"PLPP3"
0.00150462250448961	1.37525244949571	0.708	0.727	1	"9"	"U2SURP"
2.98337919248686e-05	1.38177704934584	0.917	0.93	1	"9"	"LAMP2"
0.00432577521564317	1.39194492215759	0.667	0.744	1	"9"	"RNF149"
0.0093128030825391	1.39817266447364	0.625	0.586	1	"9"	"TFPI"
0.00333422443499329	1.40060288132914	0.625	0.626	1	"9"	"POLR2J3"
0.000797854539577697	1.4010305090542	0.708	0.79	1	"9"	"YME1L1"
0.00664155077349773	1.40550257262512	0.708	0.772	1	"9"	"TEAD1"
0.00176800799449894	1.41206975744891	0.708	0.682	1	"9"	"CSF1"
0.00030389177262801	1.42504377804318	0.875	0.884	1	"9"	"CD44"
0.00135491237639799	1.42821478759357	0.667	0.636	1	"9"	"VEGFA"
0.007488086921579	1.42936719324359	0.792	0.927	1	"9"	"REV3L"
0.000430830414957492	1.42939403556511	0.75	0.806	1	"9"	"BCLAF1"
0.00750075676162667	1.43449660035648	0.625	0.61	1	"9"	"GOLGA3"
0.00334810695800623	1.43657830547978	0.667	0.685	1	"9"	"FGFR1"
0.00014404950287248	1.43867519974347	0.75	0.704	1	"9"	"MSN"
0.00140248749212858	1.44597064861184	0.667	0.677	1	"9"	"PUM1"
0.00601203087985302	1.44839328102926	0.625	0.595	1	"9"	"TMEM214"
0.00136158330186111	1.44979952786695	0.708	0.726	1	"9"	"NFIX"
0.000446641910791323	1.45185019969684	0.708	0.656	1	"9"	"CTSF"
0.00263773990684523	1.45328785587337	0.833	0.841	1	"9"	"TGFBR3"
0.0048576437986127	1.47003066861567	0.583	0.502	1	"9"	"ACACA"
7.95871473960926e-05	1.4760655837087	0.792	0.873	1	"9"	"CYBRD1"
0.00084619734180916	1.47642277683311	0.75	0.758	1	"9"	"MAP1A"
0.000618301665199058	1.47922749025439	0.667	0.615	1	"9"	"TNKS2"
0.000632819658772836	1.483524875079	0.708	0.702	1	"9"	"TTC17"
0.0046217876634149	1.48667966026198	0.667	0.705	1	"9"	"AARS"
0.00324479084928234	1.49821022407613	0.625	0.58	1	"9"	"MBNL2"
8.29713575664079e-05	1.50592587597609	0.792	0.771	1	"9"	"SCAF11"
0.000124624145841202	1.51329568587904	0.708	0.629	1	"9"	"ALDH1L2"
0.00178293712273079	1.5145114238065	0.625	0.6	1	"9"	"RAB3GAP1"
0.0064503502996351	1.51565867526188	0.583	0.553	1	"9"	"SMARCA4"
0.000105483927712094	1.51762634060182	0.792	0.644	1	"9"	"CLDN11"
0.000180468325710951	1.52131799400204	0.875	0.907	1	"9"	"VMP1"
4.44005836581882e-05	1.52677388061564	0.75	0.731	1	"9"	"PHF3"
4.66709718081066e-05	1.53214217642716	0.875	0.8	1	"9"	"NAV1"
0.00157746425281042	1.53298807184477	0.583	0.488	1	"9"	"TAOK1"
0.0058468198697259	1.54036059922455	0.583	0.558	1	"9"	"LUC7L"
0.00390403414407948	1.54105387844502	0.625	0.629	1	"9"	"CLCN3"
0.00178970717623663	1.54743034399649	0.667	0.638	1	"9"	"DNAJC10"
0.000913068176108257	1.55272343175654	0.268	0.182	1	"8"	"MT1G"
0.000153657161816005	1.55783258080671	0.792	0.806	1	"9"	"PRCP"
4.69673686067933e-05	1.5650330191093	0.75	0.7	1	"9"	"CHD9"
0.000280206417281826	1.56815799028881	0.75	0.642	1	"9"	"NRP2"
5.03558954164489e-05	1.57326913205558	0.792	0.896	1	"9"	"SEC61A1"
0.00489726790495145	1.59173386227304	0.583	0.468	1	"9"	"NEK7"
0.000592213689014092	1.59472656944231	0.708	0.714	1	"9"	"SNX9"
0.00941074440677105	1.60553669545573	0.583	0.572	1	"9"	"GBF1"
0.000850618905838189	1.61182357108149	0.667	0.625	1	"9"	"ATXN2"
0.000335128054340701	1.62105794042532	0.667	0.566	1	"9"	"FIP1L1"
0.00370741752997764	1.62120743474905	0.625	0.639	1	"9"	"CAND1"
0.00544285755589327	1.6229816362289	0.625	0.657	1	"9"	"SF3B3"
0.000507496798111356	1.62708352397069	0.75	0.747	1	"9"	"DPYSL2"
0.00386996996864833	1.6272672044752	0.583	0.498	1	"9"	"RNF24"
0.000109911975262277	1.62900645712927	0.792	0.666	1	"9"	"CTHRC1"
0.00115714154565297	1.62978099128796	0.75	0.792	1	"9"	"OSBPL8"
0.000107842691883284	1.63458489245361	0.667	0.552	1	"9"	"ZNF148"
0.00254408092537551	1.63625515102329	0.542	0.359	1	"9"	"FIBIN"
0.00260830927154767	1.63776921566449	0.625	0.574	1	"9"	"TACC1"
0.00493276390917288	1.64852169928618	0.667	0.744	1	"9"	"SPPL2A"
0.00875003269458016	1.6543135015501	0.625	0.657	1	"9"	"ECPAS"
0.000423493281154258	1.6545041193113	0.708	0.618	1	"9"	"NT5E"
3.21258841623594e-05	1.66085318507874	0.708	0.442	1	"9"	"STC2"
0.000386911793451935	1.66085601887677	0.667	0.591	1	"9"	"CKAP5"
0.00024121663688948	1.66895065675751	0.792	0.873	1	"9"	"SLC1A5"
0.00123797249348205	1.67209927322065	0.667	0.666	1	"9"	"SPTLC1"
0.00109413536858323	1.67518198318209	0.667	0.669	1	"9"	"XPOT"
0.00330755233135145	1.68018177203276	0.542	0.428	1	"9"	"ARHGAP12"
0.000102143102016419	1.68122985913675	0.708	0.586	1	"9"	"CHD3"
9.47507901415407e-05	1.68331361943361	0.75	0.848	1	"9"	"HECTD1"
0.000263540206322209	1.68351544248254	0.667	0.544	1	"9"	"CBLB"
0.0002693617438049	1.69609192480687	0.667	0.588	1	"9"	"PCNX1"
0.00155671209863442	1.70277939372264	0.625	0.589	1	"9"	"CDC42BPB"
0.003125046206407	1.70576059314743	0.583	0.516	1	"9"	"BAZ1A"
0.000721941661991056	1.70662115955114	0.625	0.563	1	"9"	"BMPR2"
0.000242823845894051	1.70953686300527	0.667	0.666	1	"9"	"NCSTN"
0.003826690174244	1.71075689549665	0.542	0.434	1	"9"	"ZBTB20"
0.00677091472905768	1.72295693045889	0.583	0.545	1	"9"	"WASHC4"
0.00764418464698598	1.7243089459998	0.417	0.238	1	"9"	"LMO7"
8.78577684329011e-05	1.72639647526288	0.75	0.716	1	"9"	"EIF4G3"
0.000600390831543049	1.72887347311444	0.708	0.773	1	"9"	"NPTN"
0.00733618685454256	1.73077771352459	0.542	0.479	1	"9"	"LRP11"
0.00694093864002218	1.73240030095242	0.542	0.476	1	"9"	"BRD8"
9.26630688748269e-05	1.7365158941502	0.708	0.64	1	"9"	"SUPT6H"
0.000917065795981668	1.73823962250931	0.708	0.527	1	"9"	"COMP"
4.65727345060617e-05	1.74680974255999	0.708	0.563	1	"9"	"PXK"
0.000659931439877874	1.74767974884064	0.583	0.428	1	"9"	"HDAC7"
0.00589076323759586	1.74930312051905	0.583	0.566	1	"9"	"TRIM22"
0.00444043966894517	1.75288448773564	0.542	0.46	1	"9"	"TNKS"
0.00816287500032718	1.76197484231362	0.542	0.492	1	"9"	"ETNK1"
0.00463392865806787	1.76432168875337	0.625	0.643	1	"9"	"PDIA5"
0.000175957372176871	1.76744614884894	0.708	0.629	1	"9"	"MBOAT7"
0.00293699709610373	1.76836713433388	0.625	0.673	1	"9"	"HERC2"
0.00856774411639037	1.77053086967185	0.542	0.494	1	"9"	"SLC35F5"
0.000465062642529675	1.78466202916746	0.667	0.688	1	"9"	"MBTPS1"
0.000263207307453758	1.78902920699904	0.667	0.622	1	"9"	"TRIP12"
0.000135697152731605	1.7991798865854	0.708	0.662	1	"9"	"TMX3"
0.00159295537170955	1.80439948726935	0.542	0.373	1	"9"	"FGF2"
0.000185483446803599	1.8092670774737	0.708	0.573	1	"9"	"MYO1B"
0.00620095925442168	1.81297663894368	0.583	0.567	1	"9"	"SPG7"
0.000183677855831424	1.82281674833762	0.542	0.277	1	"9"	"CCN5"
0.00475349793708275	1.82515578273427	0.5	0.332	1	"9"	"DPYSL3"
3.35868664880948e-05	1.82637697975531	0.708	0.51	1	"9"	"ANGPT1"
6.47010882413128e-05	1.82673255774857	0.667	0.512	1	"9"	"ABCC1"
0.00905163921834689	1.83085980517945	0.458	0.34	1	"9"	"TK2"
0.00488174092465107	1.83411236426465	0.542	0.42	1	"9"	"GLT8D2"
0.00335464593836038	1.83590797527712	0.625	0.669	1	"9"	"USP34"
0.00024030999828428	1.83789628572171	0.667	0.613	1	"9"	"TOR1AIP2"
0.00465116082762679	1.83929790057592	0.583	0.536	1	"9"	"SMARCA2"
0.00591776406416938	1.84036844779532	0.625	0.657	1	"9"	"TPBG"
6.78165316061415e-05	1.84156878022568	0.708	0.674	1	"9"	"ZC3H13"
0.00668238068432147	1.85677226309807	0.583	0.579	1	"9"	"CHD1"
0.000516727915039046	1.85694816775182	0.625	0.509	1	"9"	"CHPF2"
0.000671263627200164	1.85853636096782	0.583	0.436	1	"9"	"ARID1B"
0.000318125463024399	1.86413131404063	0.667	0.661	1	"9"	"ADAR"
0.00714771174675734	1.87858016482485	0.5	0.389	1	"9"	"ATP11B"
0.000168182596829917	1.88518126340596	0.667	0.561	1	"9"	"SLC16A1"
0.000215575298184595	1.88569191523514	0.667	0.602	1	"9"	"PBRM1"
4.46056744112076e-05	1.89198964768169	0.75	0.68	1	"9"	"CHD4"
0.0001736492501984	1.89443701408009	0.75	0.749	1	"9"	"LGMN"
0.00529173829891342	1.89633643412612	0.542	0.476	1	"9"	"TBCK"
0.00762184050518706	1.90633187531178	0.583	0.568	1	"9"	"STAT2"
0.00122385676879742	1.90874970679147	0.5	0.301	1	"9"	"LACC1"
0.000483121002401907	1.91354265819637	0.667	0.658	1	"9"	"IQGAP1"
0.000496928736477512	1.92009543372619	0.583	0.442	1	"9"	"DDX52"
8.04252596683199e-05	1.96246894422897	0.875	0.892	1	"9"	"LUM"
0.000445760835116091	1.9639829215522	0.583	0.364	1	"9"	"FLNB"
0.000128457327170629	1.96475657853082	0.667	0.567	1	"9"	"MAN2A1"
0.00262458207557985	1.97029332108777	0.542	0.447	1	"9"	"SNX13"
0.00676575798921505	1.97831902418225	0.458	0.323	1	"9"	"ABHD2"
0.00139961777612555	1.97846918887442	0.583	0.498	1	"9"	"DOCK7"
0.00319327726642607	1.98546738364043	0.583	0.506	1	"9"	"AKAP11"
5.44490954030805e-05	1.99007586494033	0.708	0.682	1	"9"	"ASH1L"
0.000173903596933087	1.99873992952622	0.625	0.475	1	"9"	"CTNND1"
0.00409434444078836	1.99883746601524	0.542	0.452	1	"9"	"ERAP1"
0.000615952694440185	2.00492599433096	0.583	0.424	1	"9"	"APOL6"
0.000613193472386684	2.00967538213084	0.583	0.424	1	"9"	"PLEKHA5"
0.00733965626902664	2.01108566466203	0.5	0.398	1	"9"	"MORC3"
0.0051539747425104	2.01426664676428	0.625	0.602	1	"9"	"DNAJB14"
4.43128445833444e-05	2.01614240437045	0.625	0.42	1	"9"	"MANBA"
0.00199283158640326	2.03455318203186	0.583	0.5	1	"9"	"IL13RA1"
0.000585803563211835	2.04090055521227	0.625	0.526	1	"9"	"TPP1"
0.00500747721480125	2.04277922130031	0.458	0.315	1	"9"	"SCAF8"
0.00013824482412382	2.0458855691381	0.583	0.385	1	"9"	"SOS1"
0.000181898563867629	2.04654105905164	0.708	0.752	1	"9"	"CCPG1"
0.00452127596075652	2.0533427673882	0.583	0.512	1	"9"	"FAS"
0.00164944602558611	2.0538009652565	0.625	0.531	1	"9"	"MYO1E"
0.000932353649168196	2.05856307458717	0.583	0.479	1	"9"	"SFT2D2"
0.000647609779754555	2.05874970201479	0.625	0.516	1	"9"	"YLPM1"
0.003742220190513	2.05987480377778	0.5	0.364	1	"9"	"LATS1"
0.00011000187160528	2.06000481084911	0.667	0.555	1	"9"	"SETX"
0.000386687722580919	2.06964407750193	0.625	0.491	1	"9"	"JMJD1C"
0.00331595990367383	2.07855977990675	0.583	0.556	1	"9"	"USP9X"
0.00541641082313075	2.08939592914983	0.458	0.313	1	"9"	"LYST"
0.00142547781526633	2.09559374312792	0.625	0.6	1	"9"	"PLBD2"
0.00833476384588687	2.10165439672977	0.583	0.539	1	"9"	"TLN2"
0.00293479065671418	2.10993679789223	0.583	0.558	1	"9"	"NBAS"
0.00422804050661034	2.11123734358457	0.542	0.441	1	"9"	"ARHGAP35"
0.000115867571129856	2.11692315942655	0.583	0.385	1	"9"	"MEGF8"
0.000313040289673587	2.11824092428628	0.583	0.413	1	"9"	"PIK3C3"
0.00138245371318702	2.1218782722151	0.583	0.486	1	"9"	"CREBZF"
0.000110722457655554	2.12259511373723	0.625	0.445	1	"9"	"NUP98"
0.00393102909782926	2.12407784099787	0.833	0.902	1	"9"	"TIMP3"
0.00020283355585913	2.12459118338136	0.708	0.641	1	"9"	"GJA1"
0.000305731631261137	2.12670386495548	0.75	0.635	1	"9"	"CA12"
0.00825323056816012	2.12954180592802	0.458	0.339	1	"9"	"CPLANE1"
0.00835345707367964	2.13042813163661	0.5	0.405	1	"9"	"PTPRK"
5.41625525620575e-05	2.13114812429546	0.625	0.442	1	"9"	"DNAJC13"
0.000710812872954558	2.13195104780862	0.542	0.369	1	"9"	"EXT1"
9.45502846682815e-05	2.13351382718007	0.625	0.466	1	"9"	"MON2"
0.000856545622658871	2.1342567873934	0.583	0.431	1	"9"	"DCBLD1"
0.00156550049821261	2.13858124087825	0.583	0.499	1	"9"	"TRIO"
0.00327154580214182	2.13909888020164	0.5	0.371	1	"9"	"PROS1"
0.000711200589284861	2.14738230340423	0.583	0.483	1	"9"	"ROBO1"
0.00381379455887945	2.15173588877711	0.5	0.381	1	"9"	"SLC12A4"
0.00045209911292588	2.15315186756175	0.5	0.281	1	"9"	"UNC5B"
0.00513746910642148	2.15804181612449	0.625	0.62	1	"9"	"EXT2"
0.00420627384595818	2.17105680131543	0.583	0.569	1	"9"	"SLC38A10"
0.000183148340558261	2.17882828989256	0.542	0.331	1	"9"	"PANX1"
0.000274324351775292	2.1797742923875	0.708	0.666	1	"9"	"ATP2B4"
0.000592253602868319	2.1860563291655	0.542	0.378	1	"9"	"DPY19L4"
0.000232630228288447	2.18907861253964	0.667	0.554	1	"9"	"EHBP1"
0.00368384447449709	2.18977227799081	0.5	0.378	1	"9"	"DIDO1"
4.92643171488943e-05	2.19323552537815	0.75	0.725	1	"9"	"PTPRG"
2.9194120439188e-05	2.19348860048535	0.625	0.419	1	"9"	"PTPN14"
0.00389361985747185	2.19397482080212	0.5	0.372	1	"9"	"PBXIP1"
0.000133052803383668	2.19594337896552	0.583	0.374	1	"9"	"ZFHX4"
7.78318132165903e-05	2.19641248298674	0.625	0.469	1	"9"	"RIF1"
0.000167255129209978	2.19660639269359	0.625	0.488	1	"9"	"RASA3"
6.66445720146967e-05	2.2009903449849	0.667	0.559	1	"9"	"SMG1"
0.00897046806594668	2.20167823726134	0.417	0.269	1	"9"	"ADAM33"
0.000327732973266065	2.20460726807868	0.583	0.44	1	"9"	"PKD2"
0.000873907846230458	2.20937787024073	0.625	0.586	1	"9"	"ZNF292"
0.00504934431592071	2.20962660520029	0.417	0.258	1	"9"	"TRRAP"
0.000112823088738286	2.21090973308904	0.625	0.475	1	"9"	"ITPR2"
0.00194354030864482	2.21540451930681	0.458	0.281	1	"9"	"DNM3OS"
3.8485042818978e-05	2.2222786945597	0.583	0.364	1	"9"	"ATRN"
0.000567600206675156	2.22367524699626	0.542	0.379	1	"9"	"VPS35L"
7.07468660007329e-05	2.22982196735566	0.542	0.307	1	"9"	"ABCC3"
0.000710836541807496	2.23103758180622	0.667	0.673	1	"9"	"CCNL2"
0.00422446144287028	2.25922421048651	0.458	0.317	1	"9"	"EP300"
4.79290452967843e-05	2.26396584930197	0.667	0.512	1	"9"	"ZMYM4"
0.00767946915709097	2.26504418730677	0.375	0.224	1	"9"	"RICTOR"
0.00326168957671431	2.27375269128937	0.292	0.122	1	"9"	"RMRP"
0.00281495499462582	2.28579987947163	0.417	0.241	1	"9"	"ABCC5"
0.00188322393387865	2.28927135251158	0.542	0.423	1	"9"	"UBR2"
0.000179245143996835	2.29560383398919	0.583	0.418	1	"9"	"KIAA1109"
5.38805488195068e-05	2.30916822660061	0.667	0.569	1	"9"	"TTC14"
4.44145383850218e-05	2.31142100255873	0.667	0.533	1	"9"	"SMC1A"
0.000241738970034775	2.31430325477782	0.667	0.587	1	"9"	"AEBP1"
0.00115035171573417	2.31856586313502	0.542	0.397	1	"9"	"FTX"
4.65135730909364e-05	2.3217710798057	0.5	0.224	1	"9"	"TNXB"
0.00436686120156434	2.32320102169134	0.5	0.388	1	"9"	"SLC30A1"
7.58118060234497e-05	2.32732228442617	0.583	0.382	1	"9"	"NF1"
0.00585154639181819	2.33014219583426	0.458	0.331	1	"9"	"HEATR5A"
3.00462664441445e-05	2.33275154354638	0.667	0.489	1	"9"	"ANKRD28"
0.00518629415365657	2.33458966401736	0.458	0.321	1	"9"	"MDM4"
7.10227438682333e-05	2.34792039537124	0.708	0.713	1	"9"	"CCNL1"
4.67585832251245e-05	2.34919907334163	0.708	0.637	1	"9"	"NRIP1"
0.00854198385701908	2.35477182905965	0.417	0.281	1	"9"	"RALGAPB"
6.59920477928549e-05	2.37306534677111	0.667	0.554	1	"9"	"UBR5"
0.000172641537047044	2.38061737502952	0.667	0.462	1	"9"	"ADAMTS5"
0.0051612278355548	2.38097953013083	0.458	0.32	1	"9"	"LHFPL2"
0.00224232536863382	2.38410977949275	0.583	0.517	1	"9"	"OGT"
8.60398326537687e-05	2.39673527318447	0.625	0.477	1	"9"	"ESYT2"
0.00263198797389028	2.4119857377325	0.292	0.117	1	"9"	"DACT1"
9.51149606745029e-05	2.41305511031257	0.625	0.45	1	"9"	"EXOC4"
0.00201981023883157	2.42321526038724	0.417	0.239	1	"9"	"BRAF"
0.00235501209811634	2.42934187994441	0.542	0.436	1	"9"	"TRPM7"
0.00602638546427912	2.43600423039656	0.458	0.306	1	"9"	"SCUBE3"
3.03635970182066e-05	2.4393897771607	0.667	0.54	1	"9"	"PTPRM"
0.00754687311482465	2.44974551428691	0.333	0.174	1	"9"	"TNFAIP2"
6.75078530152983e-05	2.45560644498006	0.625	0.454	1	"9"	"C1RL"
0.000117727152541049	2.45606571880069	0.583	0.399	1	"9"	"MDN1"
0.000176574932257561	2.46043138499991	0.583	0.414	1	"9"	"ITPRIPL2"
0.00022429400196757	2.46221215845026	0.542	0.333	1	"9"	"PSD3"
0.00590715066726044	2.4634166492857	0.458	0.333	1	"9"	"PPP6R2"
0.00600609151525597	2.47552002624655	0.5	0.385	1	"9"	"SEMA5A"
0.00285055569544168	2.48004512429589	0.375	0.201	1	"9"	"TAPBPL"
0.000122859154214677	2.4839919457336	0.625	0.434	1	"9"	"SASH1"
0.000944511692944586	2.48503840533378	0.542	0.366	1	"9"	"PCDH7"
0.00738798573769771	2.4861495390383	0.375	0.221	1	"9"	"WDFY3"
0.000169306509771199	2.48888141512561	0.625	0.487	1	"9"	"NOTCH2"
0.006939714689669	2.49027781377692	0.458	0.338	1	"9"	"SPPL2B"
0.000769496792479753	2.49534318234853	0.5	0.326	1	"9"	"FRYL"
0.000991088750677356	2.49794939334206	0.375	0.176	1	"9"	"ADCY3"
0.00105684887222072	2.51440650548905	0.542	0.388	1	"9"	"HERC1"
0.000890112615594458	2.51551362699319	0.542	0.355	1	"9"	"FRMD6"
0.000329448458193161	2.53154444126035	0.583	0.436	1	"9"	"C1GALT1"
0.000271323239405582	2.5385165023001	0.542	0.348	1	"9"	"EPHA4"
0.000162193705238765	2.5412501571428	0.667	0.581	1	"9"	"KCNQ1OT1"
0.00449555948967505	2.54305685648563	0.458	0.322	1	"9"	"MGA"
0.000238156451328079	2.55603010690822	0.583	0.431	1	"9"	"H6PD"
0.000735760555315748	2.57929291129715	0.458	0.247	1	"9"	"KITLG"
0.00506188230542507	2.58299782354013	0.5	0.379	1	"9"	"PODN"
0.000576149350381919	2.58573201496918	0.458	0.256	1	"9"	"NUP153"
0.000584303910758064	2.60007546483859	0.542	0.378	1	"9"	"ADGRA2"
0.00444580579768808	2.60447693930358	0.333	0.151	1	"9"	"CXCL3"
4.57716963929934e-05	2.60671828033001	0.292	0.079	1	"9"	"WNT2"
3.50791716523437e-05	2.61254052176183	0.542	0.295	1	"9"	"GPR107"
0.000458843262821457	2.62354291963101	0.458	0.251	1	"9"	"PRKCA"
0.00285764455191815	2.63183775239878	0.458	0.306	1	"9"	"SLC38A6"
3.05459670329761e-05	2.6331122663333	0.625	0.415	1	"9"	"ATP13A3"
0.00207006052547014	2.64677781598192	0.417	0.239	1	"9"	"AUTS2"
0.00157702333650358	2.6545084686743	0.458	0.275	1	"9"	"DEPTOR"
0.00228862571220447	2.65476055990407	0.417	0.243	1	"9"	"ARHGEF17"
0.00238144869014469	2.66816990174308	0.417	0.245	1	"9"	"TRPC1"
0.00555080032634922	2.68186949395135	0.25	0.101	1	"9"	"NR4A2"
0.00128275154671526	2.68207509845257	0.458	0.273	1	"9"	"MBTPS2"
0.00157451362448315	2.68405795460878	0.458	0.276	1	"9"	"STXBP5"
0.00607826759635714	2.68831583741856	0.417	0.273	1	"9"	"TTC28"
0.00865218080701421	2.69607116550561	0.25	0.107	1	"9"	"P3H2"
0.00212710168484162	2.70234624971505	0.375	0.195	1	"9"	"TMEM131L"
0.000393552423538146	2.70460844596148	0.5	0.298	1	"9"	"PCNT"
0.00213299032901704	2.70465133999398	0.417	0.235	1	"9"	"MYO1D"
0.000248927934767697	2.70800561375028	0.458	0.236	1	"9"	"TMEM168"
8.16326766639816e-05	2.70892074636609	0.542	0.326	1	"9"	"VPS13D"
0.000783746040700316	2.72318285250537	0.417	0.209	1	"9"	"LGR4"
0.00534638626504078	2.72564769322439	0.625	0.612	1	"9"	"CFB"
0.0033944645636067	2.72608292127869	0.417	0.251	1	"9"	"APBB2"
0.00651501489528118	2.73089176960016	0.375	0.221	1	"9"	"ATAD2B"
0.000910695671409164	2.75183015707844	0.542	0.391	1	"9"	"UTRN"
0.000792699166973348	2.75445093014407	0.583	0.471	1	"9"	"UGCG"
0.00926140751893977	2.75960562969338	0.333	0.186	1	"9"	"IQSEC1"
0.00606733842023452	2.76168733024762	0.292	0.135	1	"9"	"GALC"
0.000681978760598632	2.774098443607	0.5	0.315	1	"9"	"SLC16A7"
0.000948899582372903	2.77482914763132	0.292	0.108	1	"9"	"GALNT12"
0.000604851274526102	2.78694635778852	0.375	0.171	1	"9"	"IPMK"
0.00423837455131339	2.8062648411579	0.375	0.207	1	"9"	"GOLGA8B"
0.00108202204938588	2.83133340915678	0.333	0.142	1	"9"	"WDR7"
0.000700746806996642	2.83566461265519	0.25	0.077	1	"9"	"MMP3"
0.000176370398804635	2.83921186559056	0.542	0.31	1	"9"	"ABI3BP"
0.000446970676471078	2.8477852830232	0.5	0.307	1	"9"	"PCDH9"
0.00540867600527193	2.85935501089365	0.333	0.173	1	"9"	"PLA2R1"
5.21306305083733e-05	2.87841469026979	0.5	0.253	1	"9"	"UBN2"
0.000366524647661768	2.91555031147624	0.458	0.245	1	"9"	"THBS3"
0.00681848137178609	2.91865072046172	0.292	0.138	1	"9"	"CEP97"
0.000558329461603939	2.92551326176699	0.375	0.169	1	"9"	"ATXN1"
5.96415771016174e-05	2.92569144767877	0.5	0.259	1	"9"	"SIRPA"
0.000103147654805989	2.92694865967528	0.458	0.221	1	"9"	"NTNG1"
0.00242984290646945	2.9324211540785	0.25	0.088	1	"9"	"IL1B"
0.000133484496429482	2.93676245139359	0.5	0.267	1	"9"	"CPT1A"
0.00331554642827797	2.93759912940618	0.375	0.201	1	"9"	"SLC39A10"
0.00571801956579077	2.93867290479381	0.333	0.175	1	"9"	"PLXNA1"
0.000777292210695531	2.97643669706434	0.333	0.139	1	"9"	"CLCN6"
0.000220032002525239	2.98961401330272	0.5	0.287	1	"9"	"PRKG1"
0.00596034639322853	2.99032223106397	0.25	0.104	1	"9"	"SGPL1"
2.97310118726611e-05	2.99734195376995	0.667	0.514	1	"9"	"ENPP2"
7.5251394330703e-05	2.99810551441239	0.5	0.256	1	"9"	"PCDHGC3"
0.00284925912948271	3.00230869427222	0.375	0.2	1	"9"	"FZD1"
0.00191820489088757	3.00412300286023	0.292	0.118	1	"9"	"ARMC9"
0.000170517566218179	3.00912231602644	0.5	0.27	1	"9"	"HEPH"
0.00818240596947028	3.01515222457585	0.292	0.143	1	"9"	"PGAP1"
0.00167164228316881	3.01689053515404	0.375	0.181	1	"9"	"SGK1"
0.00019172864162661	3.02418394824533	0.5	0.267	1	"9"	"SULF1"
0.000593215530582477	3.02918622688275	0.375	0.168	1	"9"	"MEIS1"
0.00034920466784541	3.03126752665854	0.458	0.232	1	"9"	"ABCC9"
0.0072018911818843	3.03893139762922	0.417	0.273	1	"9"	"STEAP2"
0.000210080236213489	3.0419152062549	0.333	0.122	1	"9"	"PTBP2"
4.68138722905914e-05	3.04279862827293	0.458	0.205	1	"9"	"ZDBF2"
0.00562954177111046	3.04705756363767	0.375	0.216	1	"9"	"NOMO1"
0.00270516617279273	3.05581679023325	0.458	0.305	1	"9"	"SNHG14"
0.000244019583185753	3.06045144697362	0.5	0.28	1	"9"	"UACA"
0.00221205966677844	3.06222234539694	0.375	0.189	1	"9"	"PARP14"
0.00650483099451579	3.06434636686519	0.375	0.222	1	"9"	"MIR31HG"
0.00033760510606223	3.08270249786205	0.333	0.123	1	"9"	"INHBA"
0.00250120614136966	3.09357324506795	0.375	0.2	1	"9"	"DLEU2"
0.00612941983019082	3.09544527193087	0.333	0.169	1	"9"	"OGN"
0.00130095454446664	3.10745758885431	0.333	0.147	1	"9"	"PABPC1L"
0.00820171814510085	3.10937335307213	0.25	0.107	1	"9"	"HAS2-AS1"
0.0002122663369431	3.12961948217279	0.333	0.123	1	"9"	"ACVR2A"
0.000718472242651278	3.1416793299883	0.417	0.216	1	"9"	"NR2C2"
0.00162588087674561	3.14679490420509	0.458	0.274	1	"9"	"GPNMB"
0.000594923695133912	3.16538816642702	0.417	0.21	1	"9"	"ARMH4"
0.000732498802004252	3.16719258600704	0.417	0.217	1	"9"	"GOLGA8A"
0.000329876011172488	3.17051410585642	0.5	0.301	1	"9"	"IGF1R"
0.00772974841788857	3.17063627507219	0.25	0.107	1	"9"	"DGKH"
0.00943604643054887	3.213674108068	0.25	0.11	1	"9"	"TENM4"
0.000172224336925678	3.22906895297513	0.292	0.089	1	"9"	"CEMIP"
0.000170807476522082	3.23680925814975	0.333	0.121	1	"9"	"ABCA5"
0.00190125926162763	3.25476353182379	0.25	0.09	1	"9"	"PARD3B"
0.00396161580632553	3.25482099069132	0.292	0.128	1	"9"	"COL7A1"
0.00333650718493609	3.27396565283293	0.292	0.128	1	"9"	"NBPF11"
0.0013709740938851	3.27821973903226	0.333	0.148	1	"9"	"TTC7A"
0.000345121967669661	3.28143048641745	0.333	0.127	1	"9"	"PCDHGA10"
0.00261745750356439	3.31243625041105	0.25	0.093	1	"9"	"TMEM117"
0.00126601148868797	3.32423985299853	0.25	0.085	1	"9"	"ZBTB37"
0.00115010132332823	3.34115404644895	0.25	0.085	1	"9"	"NYNRIN"
0.000174399229462593	3.3545944297195	0.375	0.153	1	"9"	"EPG5"
0.000716842133263488	3.4136008084699	0.333	0.138	1	"9"	"CDH13"
0.000127925601014758	3.42277183636049	0.333	0.117	1	"9"	"AL162586.1"
0.000236796479883316	3.43526388270453	0.333	0.124	1	"9"	"LINC02614"
0.00126794573176477	3.48242663899306	0.292	0.114	1	"9"	"OSBPL3"
0.000758090546127375	3.51275044044861	0.375	0.163	1	"9"	"CXCL2"
8.9088339631379e-05	3.55616288228214	0.333	0.115	1	"9"	"DZIP1L"
0.000359756996511038	3.59747333136779	0.375	0.162	1	"9"	"NEO1"
0.000123636465566854	3.59943024832467	0.292	0.091	1	"9"	"KIAA0753"
0.000426967419537419	3.6589386413358	0.25	0.076	1	"9"	"PER3"
0.00141003764437068	3.76036142602199	0.292	0.116	1	"9"	"KLF12"
4.94499613719015e-05	3.7791724237812	0.292	0.084	1	"9"	"CUL9"
0.0080241561776226	3.84322617563142	0.292	0.141	1	"9"	"CPE"
0.000837557113331283	3.86730633247393	0.25	0.082	1	"9"	"BAHCC1"
8.49528848477506e-05	3.92638967652873	0.25	0.066	1	"9"	"PEAR1"
0.00833785486199304	4.07837477899577	0.333	0.179	1	"9"	"CARMN"
