Gene	alignment_similarity_percentage	opt_alignment_cost	l2fc	color	abs_l2fc
P:r2@BRD4	0.3636	35.940214399194296	-0.5419097456073866	red	0.5419097456073866
D:r1@ADDG03162538738.R	0.3636	36.06300958485249	-0.12581435834356755	red	0.12581435834356755
P:r1@PROX1	0.40740000000000004	58.83592947148446	-0.2969241482923344	red	0.2969241482923344
D:r1@ADDG01067427521.R	0.4286	36.10809783364276	-0.03530739851523671	red	0.03530739851523671
P:r1@ENPP5	0.5	37.033316670132486	-0.5164841482170967	red	0.5164841482170967
D:r1@ADDG21027418460.R	0.5	29.30626650292787	-0.20023370397218138	red	0.20023370397218138
P:r3@EPB41L3	0.5	30.835398518979897	-0.16306482785689244	red	0.16306482785689244
P:r1@PPP1R1A	0.5	30.970391136570942	0.14554304266698068	red	0.14554304266698068
P:r1@SAA2,r1@RNA5SP333,r1@SAA2-SAA4	0.5	30.89172420349823	-0.04655067301519113	red	0.04655067301519113
D:r1@ADDG20052612598.F	0.5	29.518487944745385	0.03675244834733611	red	0.03675244834733611
D:r1@ADDG04141658172.F	0.55	33.568694798768306	-0.0704428161601128	green	0.0704428161601128
P:r2@GREB1L	0.5652	33.90373104793488	0.07679529006924131	green	0.07679529006924131
P:r1@CLDN7	0.5652	40.03215182450031	0.020254357033797955	green	0.020254357033797955
P:r1@PCSK2	0.5714	34.83011827058794	-0.3977221870952513	green	0.3977221870952513
P:r1@KCNB1	0.5789	26.799181767675996	-0.3831031668155331	green	0.3831031668155331
P:r1@TSPAN19	0.5789	26.499151120420404	-0.29377672833358204	green	0.29377672833358204
D:r1@ADDG20013220191.F	0.5789	25.15963980131689	-0.28988610326568154	green	0.28988610326568154
P:r1@GLDN	0.5789	29.39616838507293	-0.20137317585616235	green	0.20137317585616235
P:r1@LIME1,r1@AL121845.2	0.5789	25.77996717533453	-0.19856812302263516	green	0.19856812302263516
P:r1@ALDH1L1	0.5789	28.05815971652246	-0.17079022643296726	green	0.17079022643296726
D:r1@ADDG02046521532.B	0.5789	26.172859610199453	-0.1661062308273933	green	0.1661062308273933
P:r1@CYMP	0.5789	37.11326042612441	0.16427361393447024	green	0.16427361393447024
P:r1@CNR1	0.5789	26.876766232330812	-0.0923323619060357	green	0.0923323619060357
P:r1@RETREG1	0.5789	26.885373966232557	-0.05854697543216089	green	0.05854697543216089
P:r2@UNG	0.5789	23.436090980055777	0.05534041725508408	green	0.05534041725508408
P:r1@LGALS12	0.5789	28.354591554505102	-0.03794936209904648	green	0.03794936209904648
P:r1@STON1-GTF2A1L	0.5789	26.011109661124628	0.03572224822843477	green	0.03572224822843477
P:r1@PLIN1	0.5789	29.720246652486892	-0.02255449623949803	green	0.02255449623949803
P:r1@CAMK1G	0.5909	31.138962967479284	-0.050320987679426034	green	0.050320987679426034
P:r2@CLIC3	0.5909	34.74479054775425	0.021393636902653845	green	0.021393636902653845
P:r1@SULT1B1	0.6	28.43486927884657	0.1500385364951285	green	0.1500385364951285
P:r1@GALNT17	0.6	31.480535390526885	-0.09569535524737094	green	0.09569535524737094
P:r1@CYP4B1	0.619	31.247222115002447	-0.5768155234873704	green	0.5768155234873704
P:r1@NEURL1B	0.619	29.494850331700547	-0.3072728311816569	green	0.3072728311816569
P:r1@FGL2	0.619	30.46938866581066	-0.0420726108425471	green	0.0420726108425471
P:r1@CCL5	0.625	33.637762430262775	0.3857122331936475	green	0.3857122331936475
P:r1@CEP55	0.625	35.272065416100105	0.12483790805885854	green	0.12483790805885854
P:r2@SLCO5A1	0.6315999999999999	29.04033794389692	-0.5971739479580862	green	0.5971739479580862
D:r1@ADDG02227888374.F	0.6315999999999999	28.630072444947288	-0.0682890662614038	green	0.0682890662614038
P:r1@RASD2	0.6364	29.959041455388242	-0.11994997012249124	green	0.11994997012249124
D:r1@ADDG02038029941.R	0.6667000000000001	19.454516194923883	-0.6928283233442121	green	0.6928283233442121
P:r1@C8orf87	0.6667000000000001	31.820255837506092	-0.6719990434048329	green	0.6719990434048329
D:r1@ADDG05016886622.F	0.6667000000000001	23.946939936375518	-0.25840129255382094	green	0.25840129255382094
D:r1@ADDG03042064179.F	0.6667000000000001	21.535086760002173	-0.2155904132653863	green	0.2155904132653863
D:r1@ADDG10088545418.R	0.6667000000000001	19.534604250269624	0.16639425907873806	green	0.16639425907873806
P:r3@PSD3	0.6667000000000001	34.3270314652072	0.1504958981131583	green	0.1504958981131583
P:r1@HHIP	0.6667000000000001	30.01125386720767	-0.027506159387555015	green	0.027506159387555015
P:r1@RRAD	0.6667000000000001	27.334966655691115	0.023829817002234445	green	0.023829817002234445
P:r1@ZNF367	0.6667000000000001	35.59819092208732	0.013599811707467638	green	0.013599811707467638
D:r1@ADDG02130195130.R	0.6667000000000001	20.132959543084446	-0.005491109310294101	green	0.005491109310294101
P:r1@AQP7P1	0.6667000000000001	22.791797968165675	0.0008784434027230528	green	0.0008784434027230528
D:r1@ADDG03017222741.R	0.6818000000000001	27.910858739863215	-0.6200584035428951	green	0.6200584035428951
P:r1@TDO2	0.6818000000000001	32.75726797828689	0.0976753455865245	green	0.0976753455865245
P:r1@ESCO2	0.6818000000000001	33.52768056410043	0.04989542159160035	green	0.04989542159160035
P:r1@WNT4	0.6818000000000001	28.26120325782779	-0.04208985606336656	green	0.04208985606336656
P:r3@FHL1	0.6818000000000001	29.685487779819287	0.0065243971364028625	green	0.0065243971364028625
P:r1@TMEM176B	0.6842	26.111347024996626	0.2042677008026521	green	0.2042677008026521
P:r1@ADH7	0.7	26.969669376930113	-0.5331427962831565	green	0.5331427962831565
P:r1@ADRA2C	0.7	25.29272334792915	-0.2901648027105799	green	0.2901648027105799
D:r1@ADDG0X011309617.R	0.7	22.770858465228244	0.27081197187711215	green	0.27081197187711215
P:r1@CCK	0.7	26.838952450053966	-0.2649752181754104	green	0.2649752181754104
P:r1@GZMM	0.7	24.5050136331436	-0.22531090188981304	green	0.22531090188981304
P:r1@ACE2	0.7	22.986857736904227	0.12470197364212988	green	0.12470197364212988
P:r1@LGALS7B	0.7	31.33398805868369	-0.0978743737244629	green	0.0978743737244629
P:r2@FAM111A	0.7	26.18060225174926	0.06272018359289767	green	0.06272018359289767
P:r1@ABCC2	0.7	27.631090800638805	-0.04952524488413008	green	0.04952524488413008
D:r2@ADDG0X047583314.F	0.7	25.278449130141396	-0.041577126401458164	green	0.041577126401458164
D:r1@ADDG12016618410.R	0.7	22.836175092643543	-0.025699693311905362	green	0.025699693311905362
P:r4@PIK3R1	0.7	25.188473145211866	0.014045863814824991	green	0.014045863814824991
D:r1@ADDG06016675440.B	0.7143	21.4624340358164	0.3615170913645746	green	0.3615170913645746
D:r1@ADDG06039819807.R	0.7143	23.748309259286533	-0.29285140546149924	green	0.29285140546149924
P:r1@RAB38	0.7143	23.97968017311818	-0.22620221657148315	green	0.22620221657148315
P:r1@BIRC5	0.7143	30.62225784945701	0.061209620962420774	green	0.061209620962420774
P:r1@KIF23	0.7143	28.505948490689445	0.0334231840960729	green	0.0334231840960729
P:r1@HSD17B2	0.7143	25.40156506649574	0.02078140003925956	green	0.02078140003925956
P:r1@EXO1	0.7143	26.191902550594147	0.017460290178505082	green	0.017460290178505082
P:r2@CAPG	0.7143	27.12972542060889	0.012875956449477245	green	0.012875956449477245
P:r1@MRVI1	0.7143	25.840176930919807	-0.003559850387134305	green	0.003559850387134305
D:r1@ADDG02190813132.R	0.7143	26.118314557334408	0.00226584761263338	green	0.00226584761263338
P:r1@CRTAC1	0.7368000000000001	24.926039108069933	-0.5509427093749694	green	0.5509427093749694
P:r1@HIST2H3A	0.7368000000000001	22.70874975922034	0.1733910743773451	green	0.1733910743773451
D:r1@ADDG02044942521.B	0.7368000000000001	30.99667505392674	-0.16909186123533398	green	0.16909186123533398
P:r1@SLC1A7	0.7368000000000001	21.412777761272448	-0.16355028639324956	green	0.16355028639324956
P:r1@VASH2	0.75	23.579459115595416	-0.5129999851386978	green	0.5129999851386978
P:r1@GJD3	0.75	22.320936618839404	-0.3923835151991493	green	0.3923835151991493
P:r1@AC126175.2	0.75	19.88549850150356	-0.3434760667768697	green	0.3434760667768697
D:r1@ADDG09107634193.F	0.75	23.92754702875949	-0.3280866136554301	green	0.3280866136554301
P:r1@KRT223P	0.75	26.24308224272671	-0.2413093406296705	green	0.2413093406296705
P:r1@HIST1H3G	0.75	21.38688246909091	0.2347514481369561	green	0.2347514481369561
P:r1@SOX18	0.75	21.779940950258172	0.22868411880673573	green	0.22868411880673573
P:r1@CCN4	0.75	22.67559092785604	-0.16756073564798205	green	0.16756073564798205
P:r1@AP001924.1	0.75	23.07461077888853	-0.16264075757130378	green	0.16264075757130378
P:r1@ADDG22041544839.F	0.75	21.139407050119416	0.15715238913490504	green	0.15715238913490504
P:r1@AL583785.1	0.75	22.818070584561493	0.15520053685206328	green	0.15520053685206328
P:r1@FAM72D	0.75	24.727029232474678	0.15338942967541858	green	0.15338942967541858
P:r1@TRBJ2-2,r1@TRBJ2-2P,r1@TRBJ2-3,r1@TRBJ2-4,r1@TRBJ2-5,r1@TRBJ2-6,r1@TRBJ2-7	0.75	21.441621790270194	0.14535790947774735	green	0.14535790947774735
P:r1@SKA1	0.75	21.898046812898205	0.10860237541393802	green	0.10860237541393802
P:r1@DLGAP5	0.75	24.613269474101376	0.10550732216300397	green	0.10550732216300397
D:r1@ADDG10088943832.F	0.75	22.836899515950222	-0.09631084740872609	green	0.09631084740872609
P:r1@KNL1	0.75	24.006264660312986	0.0709596285109363	green	0.0709596285109363
P:r1@MYOM1	0.75	22.65528574528521	0.06381577861898753	green	0.06381577861898753
P:r1@ANXA10	0.75	23.867842656784898	0.05956959550173266	green	0.05956959550173266
P:r1@GPRC5A	0.75	22.764617338187534	-0.04951911944737423	green	0.04951911944737423
P:r1@OMG	0.75	21.56027959185393	0.046980164715250045	green	0.046980164715250045
P:r2@SYNPO2	0.75	22.829410498909564	-0.046304429942457315	green	0.046304429942457315
P:r1@IL7	0.75	25.864125238589907	-0.04181499545627195	green	0.04181499545627195
D:r1@ADDG08017577092.F	0.75	24.8600540251597	-0.035599122992971334	green	0.035599122992971334
P:r1@PDIA2	0.75	21.29196746412746	-0.03381750534754528	green	0.03381750534754528
P:r1@MXRA5	0.75	23.75807113814668	-0.025113111643917517	green	0.025113111643917517
D:r1@ADDG07040815586.F	0.75	22.528021656354476	-0.02400718780650093	green	0.02400718780650093
D:r1@ADDG02037771042.F	0.75	22.449116512540975	0.022375351129653134	green	0.022375351129653134
P:r1@DHRS9	0.75	25.29857617006701	-0.021035581757897583	green	0.021035581757897583
D:r1@ADDG0X045771354.R	0.75	23.520738657751043	0.01825381396066447	green	0.01825381396066447
P:r1@INHBA	0.75	22.607056592512276	-0.0174571075780968	green	0.0174571075780968
P:r1@RAB3B	0.75	26.213609241892666	-0.01642818614967715	green	0.01642818614967715
P:r1@SOX17	0.75	18.684425194126742	0.015520576122985751	green	0.015520576122985751
P:r2@PLS3	0.75	23.995546141796535	-0.014191834504526189	green	0.014191834504526189
P:r1@CCBE1	0.75	23.67950308795865	0.011698660956247896	green	0.011698660956247896
P:r1@LINC01615	0.75	22.391615953746637	0.006763629831970465	green	0.006763629831970465
P:r2@MAP1B	0.75	23.351952473312487	0.006573259169986307	green	0.006573259169986307
P:r2@CENPA	0.75	26.743108671248475	-0.005785809696546475	green	0.005785809696546475
P:r1@GSTA1	0.7646999999999999	19.111336316449165	1.196371585254174	green	1.196371585254174
P:r1@AGXT	0.7646999999999999	10.619723956997722	1.1855285047384145	green	1.1855285047384145
P:r1@AL391704.2	0.7646999999999999	11.092854750675157	-1.1489233059514719	green	1.1489233059514719
D:r1@ADDG03049182179.R	0.7646999999999999	10.63224713340019	1.0436816102594124	green	1.0436816102594124
P:r1@PKD2L1	0.7646999999999999	11.3804972259972	-0.9231926128920259	green	0.9231926128920259
P:r1@SHISAL2B	0.7646999999999999	11.080435644757225	-0.8169029720034956	green	0.8169029720034956
P:r1@AC005674.1	0.7646999999999999	11.516025612110505	-0.675887351674733	green	0.675887351674733
D:r1@ADDG19051323868.R	0.7646999999999999	11.088732501981875	0.647450968704064	green	0.647450968704064
D:r1@ADDG09087759935.R	0.7646999999999999	11.077535807297837	-0.6442746442864369	green	0.6442746442864369
P:r1@DIO3	0.7646999999999999	11.67279128430205	-0.6417522967114194	green	0.6417522967114194
D:r1@ADDG10110738308.R	0.7646999999999999	11.330827939342301	0.5965302289616973	green	0.5965302289616973
D:r1@ADDG12011231093.F	0.7646999999999999	12.545120179401174	-0.5812266526279822	green	0.5812266526279822
D:r1@ADDG0X136173445.B	0.7646999999999999	12.473776578062367	0.5626135248813473	green	0.5626135248813473
D:r1@ADDG01019818656.F	0.7646999999999999	11.123357368462742	-0.5619563144966266	green	0.5619563144966266
D:r1@ADDG04074446425.F	0.7646999999999999	11.037988539317324	-0.5506189897324544	green	0.5506189897324544
D:r1@ADDG18043787806.R	0.7646999999999999	19.179011044798738	0.5331419473236151	green	0.5331419473236151
P:r1@LINC01030	0.7646999999999999	11.04300533161837	-0.508449206054636	green	0.508449206054636
P:r1@TMEM176A	0.7646999999999999	11.261999774979378	0.5032501950390165	green	0.5032501950390165
P:r2@DNAJC17	0.7646999999999999	11.06931140114827	-0.4939464783479513	green	0.4939464783479513
D:r1@ADDG20058700825.F	0.7646999999999999	13.22910772046179	-0.40530398340996426	green	0.40530398340996426
D:r1@ADDG03133425414.F	0.7646999999999999	14.92303944505167	-0.38141463245654594	green	0.38141463245654594
P:r1@ADDG16086763962.R	0.7646999999999999	11.662741315404363	-0.3711546771634185	green	0.3711546771634185
P:r1@AC018618.1	0.7646999999999999	11.68681042723011	-0.34992563889701356	green	0.34992563889701356
D:r1@ADDG09088402527.R	0.7646999999999999	11.368224011393949	-0.3227165708958773	green	0.3227165708958773
P:r1@CCL20	0.7646999999999999	16.31127374598973	0.3191014220441018	green	0.3191014220441018
P:r1@SMOC2	0.7646999999999999	14.133429003365922	-0.3190696055826251	green	0.3190696055826251
D:r1@ADDG16088304606.B	0.7646999999999999	11.557219635515777	-0.31072275756735956	green	0.31072275756735956
D:r1@ADDG06025004665.R	0.7646999999999999	11.906921968933496	-0.3031640444584198	green	0.3031640444584198
D:r1@ADDG08123914533.F	0.7646999999999999	14.226407183550828	-0.2648500822504514	green	0.2648500822504514
P:r2@FAM167A	0.7646999999999999	12.73840785931871	-0.2581307661327625	green	0.2581307661327625
P:r1@ERCC6L	0.7646999999999999	13.135138823393554	0.25464546310846525	green	0.25464546310846525
D:r1@ADDG07043594244.F	0.7646999999999999	12.062777098712676	-0.2544681124799593	green	0.2544681124799593
D:r1@ADDG01052482677.R	0.7646999999999999	19.37456812757945	0.2523174200270444	green	0.2523174200270444
P:r1@C11orf87	0.7646999999999999	12.520738242632568	-0.25090112182913915	green	0.25090112182913915
P:r1@CNTFR	0.7646999999999999	14.893430854494307	-0.23436737668908092	green	0.23436737668908092
P:r3@SORBS2	0.7646999999999999	12.856470143170577	-0.22315280522630102	green	0.22315280522630102
D:r1@ADDG09115713019.R	0.7646999999999999	14.841956299127856	-0.22239242133644802	green	0.22239242133644802
P:r2@KRT10	0.7646999999999999	11.322542714022974	0.19650661078410248	green	0.19650661078410248
P:r1@RELN	0.7646999999999999	12.107577729005492	-0.1879030001657107	green	0.1879030001657107
P:r1@FABP7	0.7646999999999999	11.45435874056016	-0.1790237836098349	green	0.1790237836098349
P:r1@AL731684.1	0.7646999999999999	11.14671000454978	0.1774372368727583	green	0.1774372368727583
D:r1@ADDG06150414165.F	0.7646999999999999	19.133973449682653	-0.17453665527311635	green	0.17453665527311635
D:r1@ADDG01247218488.F	0.7646999999999999	11.224564695219959	0.1741848741861154	green	0.1741848741861154
P:r1@CA4	0.7646999999999999	20.084250417984876	-0.1648899311605546	green	0.1648899311605546
D:r1@ADDG02040717294.F	0.7646999999999999	12.666049820453287	0.16175697926642246	green	0.16175697926642246
P:r1@SERTM1	0.7646999999999999	12.93941388827414	0.1587763691521352	green	0.1587763691521352
P:r1@YJEFN3	0.7646999999999999	12.812536521046185	-0.1561240233946085	green	0.1561240233946085
D:r2@ADDG09127742491.R	0.7646999999999999	15.114486283626944	-0.1502635736123151	green	0.1502635736123151
P:r1@PEX5L	0.7646999999999999	11.841189035885717	0.14914005521130422	green	0.14914005521130422
P:r1@HIST1H2BM	0.7646999999999999	16.020984882830934	-0.1475724882524946	green	0.1475724882524946
P:r1@EPHA7	0.7646999999999999	11.636501411928105	0.14140059401669325	green	0.14140059401669325
P:r1@OTULINL	0.7646999999999999	12.408700143992414	-0.14133928624614983	green	0.14133928624614983
P:r2@FAM72B	0.7646999999999999	12.551124240284457	0.13618993530360615	green	0.13618993530360615
D:r1@ADDG07116302817.R	0.7646999999999999	11.471433659370849	0.13509116556199935	green	0.13509116556199935
D:r1@ADDG04003929727.R	0.7646999999999999	12.797489276716924	0.13483237355339034	green	0.13483237355339034
P:r1@LIPE	0.7646999999999999	15.488474401031834	-0.12199628913173798	green	0.12199628913173798
P:r1@NDC80	0.7646999999999999	16.465860074815076	0.12103055866899032	green	0.12103055866899032
P:r1@CIT	0.7646999999999999	15.926741088445489	0.11944923310986955	green	0.11944923310986955
D:r1@ADDG07151332482.B	0.7646999999999999	12.133574737592706	-0.11304691382774767	green	0.11304691382774767
D:r1@ADDG06152237306.F	0.7646999999999999	14.929769227786627	0.10124858080702526	green	0.10124858080702526
P:r1@CADM3	0.7646999999999999	15.494095162672638	0.0960177183234955	green	0.0960177183234955
P:r1@B4GALNT2	0.7646999999999999	12.416321961420103	0.0956730067317598	green	0.0956730067317598
P:r1@CDCA3	0.7646999999999999	17.296331967695814	0.09532930697196092	green	0.09532930697196092
P:r1@DEPDC1	0.7646999999999999	16.592166182094644	0.09348787096817786	green	0.09348787096817786
P:r1@PKMYT1	0.7646999999999999	16.06965992486011	0.09224975509886058	green	0.09224975509886058
P:r1@ABCG1	0.7646999999999999	12.213329275691803	-0.08295383411558603	green	0.08295383411558603
P:r2@CHI3L2	0.7646999999999999	12.209693775227647	-0.08042932210748513	green	0.08042932210748513
D:r1@ADDG01115544269.F	0.7646999999999999	12.356574319225919	0.07979351877281698	green	0.07979351877281698
D:r1@ADDG08051395163.F	0.7646999999999999	12.001010861002976	-0.07928713725936574	green	0.07928713725936574
P:r1@SGO1	0.7646999999999999	15.191163333428625	0.07666386261093026	green	0.07666386261093026
P:r1@C1orf158	0.7646999999999999	14.038450229764749	0.063649484635727	green	0.063649484635727
P:r1@UHRF1	0.7646999999999999	15.782193594439958	0.05702895012296154	green	0.05702895012296154
P:r1@FGF16	0.7646999999999999	12.649033147454144	0.05697021036277829	green	0.05697021036277829
D:r1@ADDG09115087199.F	0.7646999999999999	13.138402330681393	-0.05598131508826874	green	0.05598131508826874
D:r1@ADDG04080027505.R	0.7646999999999999	15.092540364691732	-0.05442546399234182	green	0.05442546399234182
P:r1@MYL4	0.7646999999999999	11.79628675298057	0.054350609259367993	green	0.054350609259367993
D:r1@ADDG02224098699.R	0.7646999999999999	12.556493005807207	0.05206632970346439	green	0.05206632970346439
P:r1@LZTS1	0.7646999999999999	12.361277999359466	-0.0509123673550978	green	0.0509123673550978
P:r1@OXTR	0.7646999999999999	12.33082968527913	0.04429597892775825	green	0.04429597892775825
P:r1@ADDG09065878488.B	0.7646999999999999	12.788543697637644	-0.038716613374014996	green	0.038716613374014996
P:r1@THRSP	0.7646999999999999	13.999975983034762	0.03852311409248945	green	0.03852311409248945
P:r1@KIF4A	0.7646999999999999	18.83907209255309	0.03800110880272982	green	0.03800110880272982
P:r1@CYP7B1	0.7646999999999999	14.134907873571109	0.037696773117527844	green	0.037696773117527844
D:r1@ADDG09065144430.B	0.7646999999999999	13.140963983511336	-0.037034481895670816	green	0.037034481895670816
P:r2@FAR2	0.7646999999999999	12.106286783500115	0.03504937683598352	green	0.03504937683598352
D:r1@ADDG05083096120.F	0.7646999999999999	12.350908109260361	-0.03310542277952815	green	0.03310542277952815
P:r1@GPD1	0.7646999999999999	20.84482708868085	-0.03254552526893833	green	0.03254552526893833
P:r1@TACSTD2	0.7646999999999999	16.197991275115747	0.030702977106972233	green	0.030702977106972233
P:r3@ADDG09065144430.B	0.7646999999999999	13.063331024091655	-0.02989398661537036	green	0.02989398661537036
D:r1@ADDG17041108198.F	0.7646999999999999	12.266562453413972	0.02827858957705521	green	0.02827858957705521
D:r1@ADDG01245944086.R	0.7646999999999999	13.112682832216256	0.023349116861313423	green	0.023349116861313423
D:r1@ADDG0X119425622.F	0.7646999999999999	12.044030545895556	-0.0226553740339314	green	0.0226553740339314
P:r1@PLAC1	0.7646999999999999	12.501528930127042	-0.02184792598747269	green	0.02184792598747269
P:r1@KRT17	0.7646999999999999	16.267291254575433	-0.021055433597003178	green	0.021055433597003178
P:r1@RAB40A	0.7646999999999999	12.098320593905427	-0.020005043498266106	green	0.020005043498266106
D:r1@ADDG14059363714.F	0.7646999999999999	16.421882073197057	0.01779697910908886	green	0.01779697910908886
P:r1@BEX1	0.7646999999999999	12.754638919979458	0.015610387726177758	green	0.015610387726177758
P:r1@IL7R	0.7646999999999999	14.090123621958483	0.015159578327498546	green	0.015159578327498546
D:r1@ADDG01115239660.F	0.7646999999999999	14.009355119164322	0.013779765665280762	green	0.013779765665280762
D:r1@ADDG09115116558.F	0.7646999999999999	13.991923112081322	-0.013442942790966047	green	0.013442942790966047
P:r1@COL25A1	0.7646999999999999	12.231416933338842	-0.012611215931620779	green	0.012611215931620779
P:r1@FBXL22	0.7646999999999999	12.514124123042713	0.01175671138811229	green	0.01175671138811229
P:r1@GRPR	0.7646999999999999	12.171288861025515	-0.011386350798115088	green	0.011386350798115088
P:r1@REN	0.7646999999999999	12.903475070440598	0.009903867927555552	green	0.009903867927555552
P:r2@SLC12A8	0.7646999999999999	14.304747297545878	-0.00900200347391716	green	0.00900200347391716
P:r2@KRT8	0.7646999999999999	17.009066264172155	-0.008346538816324918	green	0.008346538816324918
D:r1@ADDG01161074767.R	0.7646999999999999	12.18723227658692	-0.007157292758907032	green	0.007157292758907032
P:r1@KIF15	0.7646999999999999	13.958215244751775	0.005383997977017949	green	0.005383997977017949
P:r1@LIF	0.7646999999999999	12.53615401253129	0.004853273814457978	green	0.004853273814457978
P:r1@AFF2	0.7646999999999999	13.174159038355834	0.0038823702432494943	green	0.0038823702432494943
D:r1@ADDG03014725234.F	0.7646999999999999	12.163609019117988	0.0	green	0.0
D:r1@ADDG03110969835.R	0.7646999999999999	15.014815244707439	0.0	green	0.0
P:r1@ETNPPL	0.7646999999999999	19.250319314159185	0.0	green	0.0
D:r1@ADDG05163761430.F	0.7646999999999999	12.732785738643384	0.0	green	0.0
D:r1@ADDG0X016184003.R	0.7646999999999999	11.417734556341093	0.0	green	0.0
P:r1@SULT1E1	0.7778	17.82462564602608	-0.4189238587073621	green	0.4189238587073621
D:r1@ADDG09038390076.B	0.7778	18.606938375355398	-0.2862801199718624	green	0.2862801199718624
D:r1@ADDG06150884873.F	0.7895	17.78602090858235	-1.6303603273575005	green	1.6303603273575005
D:r1@ADDG11014591849.F	0.7895	16.29259919311003	1.4558149935237084	green	1.4558149935237084
D:r1@ADDG10048448994.B	0.7895	16.377467299391125	0.49285142526572256	green	0.49285142526572256
P:r1@ADDG11062653414.F	0.7895	16.784409313055566	0.42681492615334526	green	0.42681492615334526
D:r1@ADDG03032903981.F	0.7895	16.382932593056744	0.40696012878706356	green	0.40696012878706356
P:r1@VGF	0.7895	18.17902403574486	-0.3537680631865726	green	0.3537680631865726
P:r3@TMEM198B	0.7895	18.932306536764276	-0.2847960980680039	green	0.2847960980680039
P:r1@NEDD4	0.7895	20.49321150992375	-0.24734038285883017	green	0.24734038285883017
P:r1@DISP1	0.7895	18.10257819834092	-0.2274012435356673	green	0.2274012435356673
P:r1@RAD54L	0.7895	19.47496778440355	0.20723149051658904	green	0.20723149051658904
P:r1@NEIL3	0.7895	20.402405713190912	0.193166113882422	green	0.193166113882422
D:r1@ADDG08095122751.F	0.7895	17.78879902314457	0.19155684986274224	green	0.19155684986274224
D:r1@ADDG02058109587.R	0.7895	20.02876689644761	-0.17888011202713727	green	0.17888011202713727
D:r1@ADDG10093591974.F	0.7895	18.179626782480415	0.1741754734993474	green	0.1741754734993474
P:r1@FGFBP2	0.7895	22.624252445610274	0.1421733874508465	green	0.1421733874508465
P:r2@TRIO	0.7895	19.95513803462727	-0.13721323084346534	green	0.13721323084346534
P:r1@ACHE	0.7895	19.94658936644174	-0.13584786472637536	green	0.13584786472637536
D:r1@ADDG08128860668.B	0.7895	19.190699107237855	0.13245526010817515	green	0.13245526010817515
P:r1@GTSE1	0.7895	22.017057600978962	0.1264524893103442	green	0.1264524893103442
D:r1@ADDG03160381675.R	0.7895	21.11451457448531	-0.12252400420216546	green	0.12252400420216546
P:r1@BMP6	0.7895	19.857756215814803	-0.12100510999859523	green	0.12100510999859523
P:r1@MXD3	0.7895	22.771150147983203	0.10121862740859358	green	0.10121862740859358
P:r1@BUB1B	0.7895	20.36527447024885	0.09280461888863141	green	0.09280461888863141
P:r1@NPPC	0.7895	18.38488441224102	0.08261641542774578	green	0.08261641542774578
P:r1@MKI67	0.7895	22.450099448812697	0.07914660177800763	green	0.07914660177800763
P:r1@AC004264.1	0.7895	16.93680383741515	0.07716434486350074	green	0.07716434486350074
P:r1@TCF21	0.7895	19.248557086207352	0.07258936287877403	green	0.07258936287877403
P:r1@KIF20A	0.7895	23.099835785080703	0.07149519769701819	green	0.07149519769701819
D:r1@ADDG12101927203.B	0.7895	18.43758000719213	0.06925589095688434	green	0.06925589095688434
P:r1@ADDG16031443058.F	0.7895	18.852130383169083	0.06295645830430809	green	0.06295645830430809
P:r1@TAGLN3	0.7895	18.99660605378682	-0.06125772760208498	green	0.06125772760208498
P:r1@DKK2	0.7895	19.492934183261987	-0.05878522831247448	green	0.05878522831247448
D:r1@ADDG01151906964.F	0.7895	19.484356235445517	0.05540742853604005	green	0.05540742853604005
P:r3@CD36	0.7895	19.736063481986566	0.049657912975103614	green	0.049657912975103614
P:r1@KIFC1	0.7895	22.75148041727628	0.04948132958410277	green	0.04948132958410277
P:r1@ALDH1A1	0.7895	21.73495918869889	-0.047590673549067736	green	0.047590673549067736
P:r1@HMMR	0.7895	23.5204892630764	0.039688380739643314	green	0.039688380739643314
D:r1@ADDG15050885408.F	0.7895	18.79165591686744	-0.037172570613325136	green	0.037172570613325136
P:r2@PKIB	0.7895	25.9724647586957	0.036099825976336014	green	0.036099825976336014
P:r1@GPRC5C	0.7895	20.57118535105968	-0.03278876717051181	green	0.03278876717051181
P:r1@SLC12A8	0.7895	21.135182761724604	-0.029919517132837133	green	0.029919517132837133
P:r1@PF4V1	0.7895	22.98366566873185	-0.028439257439487275	green	0.028439257439487275
P:r1@TINAGL1	0.7895	20.34894027825376	0.02460270962921061	green	0.02460270962921061
P:r1@ESM1	0.7895	17.94373537182471	-0.021622228914873514	green	0.021622228914873514
P:r1@RMI2	0.7895	23.080342016519243	0.01703297509081036	green	0.01703297509081036
P:r1@HAPLN3	0.7895	19.77289146706656	-0.01611163594439249	green	0.01611163594439249
P:r1@APCDD1L-DT	0.7895	19.89630296715269	0.015689591121297457	green	0.015689591121297457
P:r1@CITED1	0.7895	19.620529516379367	0.013779347420758696	green	0.013779347420758696
P:r1@EDN1	0.7895	18.746462486290763	0.00992933035714925	green	0.00992933035714925
P:r1@TNS3	0.7895	21.086118126261002	-0.009637253968334257	green	0.009637253968334257
P:r1@GREM1	0.7895	23.38721610336179	-0.007320277116267322	green	0.007320277116267322
P:r2@DAB1	0.7895	21.444300285869968	-0.005769149668621028	green	0.005769149668621028
P:r2@CTHRC1	0.7895	21.039497571197785	-0.005429566246857957	green	0.005429566246857957
P:r2@PSD3	0.7895	21.650701828623166	0.004734839825227863	green	0.004734839825227863
D:r1@ADDG09123074335.F	0.7895	19.838195229446438	0.004168432625720976	green	0.004168432625720976
P:r1@MMP3	0.7895	19.787786923040464	-0.004075073665395457	green	0.004075073665395457
P:r1@CLIC3	0.7895	23.46913679302192	0.002060376946505236	green	0.002060376946505236
D:r1@ADDG13031755726.R	0.7895	18.087122900332844	0.0	green	0.0
D:r1@ADDG04088533197.R	0.7895	18.267497474807314	0.0	green	0.0
P:r1@SHCBP1	0.8	32.185272957833746	0.09768306609217019	green	0.09768306609217019
P:r1@SLC6A13	0.8234999999999999	15.785872767865715	-0.6054650033776852	green	0.6054650033776852
P:r1@MT1H	0.8234999999999999	15.211345868210971	-0.44288047294846544	green	0.44288047294846544
D:r1@ADDG04069709233.R	0.8234999999999999	14.730017872048862	-0.4417520645973406	green	0.4417520645973406
D:r1@ADDG02169081752.F	0.8234999999999999	16.18215984868356	0.37445070986652107	green	0.37445070986652107
P:r1@WDR86-AS1	0.8234999999999999	14.868903647727048	-0.2186515253138577	green	0.2186515253138577
D:r1@ADDG01042628584.F	0.8234999999999999	16.994421719057655	0.11288161680222594	green	0.11288161680222594
D:r1@ADDG03156909018.F	0.8234999999999999	15.266658099673036	0.02293666962260564	green	0.02293666962260564
D:r1@ADDG14059739889.R	0.8332999999999999	13.957208181576615	1.32929734057945	green	1.32929734057945
D:r1@ADDG17079054177.F	0.8332999999999999	14.25659911418119	-1.2781837588605118	green	1.2781837588605118
D:r1@ADDG01095092483.F	0.8332999999999999	13.796717565642702	-1.15961949912378	green	1.15961949912378
D:r1@ADDG18022187479.F	0.8332999999999999	18.354215996455704	-0.8587303871891777	green	0.8587303871891777
P:r2@MLIP	0.8332999999999999	14.094951217212923	0.6982317709332704	green	0.6982317709332704
D:r1@ADDG11062424880.F	0.8332999999999999	13.867217796673582	-0.62315611677156	green	0.62315611677156
P:r1@ADDG01044731470.F	0.8332999999999999	16.098512934497155	-0.5962681729633421	green	0.5962681729633421
P:r1@BHLHA9	0.8332999999999999	14.953366561937072	-0.5445141526341932	green	0.5445141526341932
D:r2@ADDG18051198326.B	0.8332999999999999	15.051732461102276	0.537108682877498	green	0.537108682877498
P:r1@C6	0.8332999999999999	15.34930534687102	0.45522166171473577	green	0.45522166171473577
D:r1@ADDG04123657763.R	0.8332999999999999	19.83463080567797	-0.3923680543731279	green	0.3923680543731279
P:r2@DNER	0.8332999999999999	14.639510955421532	-0.3642369538891862	green	0.3642369538891862
D:r1@ADDG09129762112.R	0.8332999999999999	15.533502544859827	-0.36294880266632695	green	0.36294880266632695
P:r1@ADDG19042405393.F	0.8332999999999999	17.976233453385998	-0.3477061510151165	green	0.3477061510151165
P:r1@MMP8	0.8332999999999999	15.917996711548492	-0.21823318822093937	green	0.21823318822093937
D:r1@ADDG12124701284.R	0.8332999999999999	18.328152078920315	-0.20396682314001136	green	0.20396682314001136
P:r1@TMEFF2	0.8332999999999999	16.0165147218643	-0.17362255363636536	green	0.17362255363636536
D:r1@ADDG0X019707147.R	0.8332999999999999	18.37213622431945	-0.14932720048295742	green	0.14932720048295742
D:r1@ADDG09003848703.B	0.8332999999999999	15.092109159529345	-0.1491722649013796	green	0.1491722649013796
D:r1@ADDG17040821608.R	0.8332999999999999	16.36318551462516	-0.14360870886853105	green	0.14360870886853105
P:r1@ADDG02047034370.R	0.8332999999999999	18.82203213585669	-0.12867760360364003	green	0.12867760360364003
D:r1@ADDG18074333499.R	0.8332999999999999	15.750075974993466	0.11584073273384753	green	0.11584073273384753
P:r1@PMCH	0.8332999999999999	18.410447761289515	-0.1142938608238519	green	0.1142938608238519
D:r1@ADDG06084634112.F	0.8332999999999999	15.656204502670382	0.11384392149965687	green	0.11384392149965687
P:r1@ASPM	0.8332999999999999	19.325241180516475	0.08437397040581639	green	0.08437397040581639
D:r1@ADDG05082528308.R	0.8332999999999999	18.365895172122602	0.08401811683663322	green	0.08401811683663322
D:r1@ADDG20062875673.F	0.8332999999999999	18.743304166678072	0.08391473953106685	green	0.08391473953106685
P:r1@TTK	0.8332999999999999	17.939182245639792	0.08253063958984683	green	0.08253063958984683
D:r1@ADDG04174340595.R	0.8332999999999999	15.675657372192038	-0.0768278167190842	green	0.0768278167190842
P:r1@MYOCD	0.8332999999999999	15.44573014690051	0.06548024609079028	green	0.06548024609079028
P:r1@PIMREG	0.8332999999999999	19.7162137272304	0.06269195081451306	green	0.06269195081451306
D:r1@ADDG14083264307.R	0.8332999999999999	15.975183082305103	-0.05841195013675646	green	0.05841195013675646
P:r1@ACTG2	0.8332999999999999	15.816866308741334	0.05822501818314824	green	0.05822501818314824
P:r1@NUF2	0.8332999999999999	18.88350064808418	0.05770947201764952	green	0.05770947201764952
D:r1@ADDG17032393204.F	0.8332999999999999	18.57681524302366	-0.0507033831842224	green	0.0507033831842224
P:r1@NOG	0.8332999999999999	15.67306282514302	-0.04989262115876589	green	0.04989262115876589
D:r1@ADDG03015623679.F	0.8332999999999999	21.83906775096144	-0.046484004147127916	green	0.046484004147127916
P:r1@ACTC1	0.8332999999999999	15.535379663391833	-0.038154216382509515	green	0.038154216382509515
P:r1@MYBL2	0.8332999999999999	19.35984100051557	0.035679867527220785	green	0.035679867527220785
D:r1@ADDG12127205920.R	0.8332999999999999	16.282434439045385	-0.03494813806820991	green	0.03494813806820991
P:r1@INMT,r1@INMT-MINDY4	0.8332999999999999	15.699058548094396	-0.03336111132669631	green	0.03336111132669631
P:r1@NGFR	0.8332999999999999	16.46459476111121	-0.032767685692412514	green	0.032767685692412514
P:r2@ADDG17078379257.B	0.8332999999999999	19.583219373758517	0.029907533150235397	green	0.029907533150235397
P:r1@PDLIM3	0.8332999999999999	16.187287325944084	-0.022804260324884876	green	0.022804260324884876
P:r1@RCAN2	0.8332999999999999	19.821880726027626	-0.01780105201075352	green	0.01780105201075352
D:r1@ADDG01192766276.R	0.8332999999999999	16.046390676548832	0.013397822644014472	green	0.013397822644014472
D:r1@ADDG02215855490.F	0.8332999999999999	16.880049534592036	0.012152263950059578	green	0.012152263950059578
D:r1@ADDG08047845734.R	0.8332999999999999	19.388450333655523	0.011115339144498113	green	0.011115339144498113
P:r2@LAMC2	0.8332999999999999	16.196343432671018	0.009531854919172786	green	0.009531854919172786
D:r1@ADDG0X045353589.F	0.8332999999999999	16.729178545043563	-0.0046676606844970325	green	0.0046676606844970325
D:r1@ADDG12093773330.F	0.8332999999999999	15.847450719341216	0.0034050095409324964	green	0.0034050095409324964
P:r1@KRTAP2-3	0.8332999999999999	16.49135110282681	0.003238453432418155	green	0.003238453432418155
D:r1@ADDG15099123771.R	0.8332999999999999	15.162476964460604	-0.0018752004203545236	green	0.0018752004203545236
P:r1@MYEOV	0.8332999999999999	19.405071613718132	0.0011556261990354844	green	0.0011556261990354844
P:r1@LINC01705	0.8332999999999999	16.159343785691135	-7.478210456392871e-05	green	7.478210456392871e-05
D:r1@ADDG01242790124.R	0.8332999999999999	18.316107521346165	0.0	green	0.0
P:r5@GAS7	0.8332999999999999	15.135904380763092	0.0	green	0.0
D:r1@ADDG17041503316.R	0.8332999999999999	15.404079569133026	0.0	green	0.0
P:r1@SERPINB3	0.8332999999999999	16.252718134877473	0.0	green	0.0
D:r1@ADDG04028376619.R	0.8332999999999999	15.905055226590857	0.0	green	0.0
P:r1@AQP1	0.8332999999999999	16.20370745819148	0.0	green	0.0
P:r1@TNFSF15	0.8332999999999999	15.337952895542577	0.0	green	0.0
P:r1@MMP7	0.8571	20.72544772913369	-0.693356082918985	green	0.693356082918985
P:r1@ASPG	0.875	5.924996902371718	-1.6603646262358684	green	1.6603646262358684
D:r1@ADDG21031088010.R	0.875	6.0867906611156055	-1.3686166080968662	green	1.3686166080968662
P:r1@ADDG02222320189.B	0.875	6.87689153073657	-1.1358120037844726	green	1.1358120037844726
D:r1@ADDG04128309109.R	0.875	5.803753019067386	1.122232451156673	green	1.122232451156673
D:r1@ADDG17061326023.F	0.875	10.146866196655417	-1.0582781153054102	green	1.0582781153054102
P:r1@STON2	0.875	7.261445455854898	-1.0219468283951736	green	1.0219468283951736
P:r1@ADDG19047289677.R	0.875	7.596173340577208	1.0187355066721075	green	1.0187355066721075
P:r1@SCGN	0.875	6.609937177845226	1.0143202191474123	green	1.0143202191474123
D:r1@ADDG13113410896.R	0.875	6.580987093378178	-0.9288761814308639	green	0.9288761814308639
P:r1@MCTP1	0.875	6.401182688165797	-0.8873230342438286	green	0.8873230342438286
D:r3@ADDG14101965769.B	0.875	7.571809248399437	-0.8783691942146217	green	0.8783691942146217
D:r1@ADDG04173844566.F	0.875	6.079940163161479	-0.8462740905519939	green	0.8462740905519939
D:r1@ADDG21045033522.F	0.875	6.59878047921959	-0.844706106897058	green	0.844706106897058
P:r1@ADDG16081181458.F	0.875	6.6243430085449555	-0.788288196070341	green	0.788288196070341
P:r1@SST	0.875	6.453610854303872	-0.73157953719462	green	0.73157953719462
D:r2@ADDG10000970975.F	0.875	5.733328458419122	-0.7268265471912171	green	0.7268265471912171
D:r1@ADDG17077153730.R	0.875	5.8037538601903895	0.7268265471912168	green	0.7268265471912168
P:r1@EPHA5	0.875	10.083473131116845	0.6788131720683268	green	0.6788131720683268
D:r1@ADDG12016332767.R	0.875	6.25150954110446	0.6190681418703076	green	0.6190681418703076
P:r1@FGF12	0.875	8.641131936521191	-0.6135116552429981	green	0.6135116552429981
P:r1@SLCO5A1	0.875	9.982556137374837	-0.5819714530001265	green	0.5819714530001265
D:r1@ADDG05151008282.F	0.875	6.949976137021927	-0.5395897938279897	green	0.5395897938279897
D:r1@ADDG08027977081.R	0.875	8.147073312785922	-0.5121773689772678	green	0.5121773689772678
P:r1@LINC01554	0.875	6.690135404360045	-0.4674685752247738	green	0.4674685752247738
D:r1@ADDG03140228714.R	0.875	8.301681509268526	0.45731478848496554	green	0.45731478848496554
P:r1@SEMA3G	0.875	11.148165640006	-0.45330668006594593	green	0.45330668006594593
D:r1@ADDG10077899164.R	0.875	6.207782551213001	-0.44180332783119924	green	0.44180332783119924
P:r1@SOX7	0.875	5.751915725962981	0.4376011086479301	green	0.4376011086479301
D:r1@ADDG17078425661.R	0.875	7.515255296961856	-0.43200871460344736	green	0.43200871460344736
P:r1@ITGA9	0.875	15.070108796285583	0.41368667246165086	green	0.41368667246165086
P:r1@RHCG	0.875	6.326922095197759	-0.40143613685726826	green	0.40143613685726826
P:r1@PRSS50.2	0.875	5.729314418867152	0.3969509790199704	green	0.3969509790199704
P:r1@LINC02388	0.875	6.9299951599624166	-0.39058023449242874	green	0.39058023449242874
P:r2@DOCK2	0.875	10.075030242290497	-0.3826366077087028	green	0.3826366077087028
P:r1@AC004832.3,r2@SEC14L2	0.875	8.77209948647331	-0.3816429842580504	green	0.3816429842580504
P:r1@SCG2	0.875	7.966839660872749	-0.3758329928601499	green	0.3758329928601499
P:r1@ATP1A2	0.875	6.998171538652031	-0.3751257963764322	green	0.3751257963764322
P:r1@SLCO2A1	0.875	8.018225297452583	-0.3623818485813672	green	0.3623818485813672
P:r1@WNT16	0.875	6.757701744871309	-0.34035556680561274	green	0.34035556680561274
D:r1@ADDG18061472178.F	0.875	6.479360770692534	0.3351869385229842	green	0.3351869385229842
P:r3@TYMP	0.875	10.214573983055928	-0.328189831502746	green	0.328189831502746
P:r1@CYP19A1	0.875	6.972022003389245	-0.3203284468527241	green	0.3203284468527241
P:r1@HBG1	0.875	6.276364528999774	-0.3003595436244209	green	0.3003595436244209
D:r1@ADDG12076004441.F	0.875	6.377951487679981	-0.29979797520471146	green	0.29979797520471146
D:r1@ADDG07095552143.B	0.875	7.053513983060355	-0.2987323058509843	green	0.2987323058509843
D:r1@ADDG10090413391.F	0.875	6.71327730775711	-0.284161798636961	green	0.284161798636961
P:r1@DTX1	0.875	9.177232504436793	-0.2754486952912215	green	0.2754486952912215
D:r1@ADDG11122829478.F	0.875	6.441641248344167	-0.2718734225486841	green	0.2718734225486841
P:r1@HBG2,r1@AC104389.6	0.875	6.227361398493161	-0.27166410633288296	green	0.27166410633288296
D:r1@ADDG10088440744.R	0.875	7.8283104834208235	0.25593776326227785	green	0.25593776326227785
D:r1@ADDG17055441166.R	0.875	6.71932728199601	0.25299810273191126	green	0.25299810273191126
D:r1@ADDG21044731946.R	0.875	6.881741773914975	-0.2496847593941594	green	0.2496847593941594
D:r1@ADDG06088324131.R	0.875	7.547764149512508	0.24718473718606646	green	0.24718473718606646
D:r1@ADDG21028776798.R	0.875	9.567597601499333	-0.24623894557207776	green	0.24623894557207776
P:r1@HTR7	0.875	7.621286657801015	-0.24136714972255435	green	0.24136714972255435
P:r1@ADDG03196503928.F	0.875	7.816795752231954	-0.24135600401263577	green	0.24135600401263577
D:r1@ADDG09022651215.B	0.875	7.305990982674355	0.24130988274681495	green	0.24130988274681495
P:r1@KIF18B	0.875	8.383638937991442	0.23992411341900488	green	0.23992411341900488
P:r1@AC109635.3	0.875	8.349913310580623	-0.23931196001215194	green	0.23931196001215194
D:r1@ADDG18073990314.R	0.875	6.313730652348911	-0.23459984826561564	green	0.23459984826561564
D:r1@ADDG02189130094.R	0.875	7.926678664143877	-0.23162217594231774	green	0.23162217594231774
D:r1@ADDG08133684172.R	0.875	8.317740584695722	0.22590509297278413	green	0.22590509297278413
P:r1@CA2	0.875	7.26663243227743	0.22252252781989088	green	0.22252252781989088
P:r1@CDC25C	0.875	9.133936407173456	0.21968018414563537	green	0.21968018414563537
P:r1@MLXIPL	0.875	11.684253962518031	-0.21856238553192872	green	0.21856238553192872
P:r1@CXCL10	0.875	6.326638758846199	0.21217870732573488	green	0.21217870732573488
D:r1@ADDG01247360521.F	0.875	6.777631499927897	0.21108580231913493	green	0.21108580231913493
P:r1@CYP3A5	0.875	7.736325188928854	-0.20848383023606107	green	0.20848383023606107
P:r1@MMP12	0.875	7.981412324947215	-0.2080999827510072	green	0.2080999827510072
P:r1@ADDG11103849460.R	0.875	8.788197664742858	-0.20622112326947878	green	0.20622112326947878
D:r1@ADDG04158719623.R	0.875	6.316671954426513	-0.2042116196037311	green	0.2042116196037311
P:r1@KIF14	0.875	9.587229397268166	0.2025311895384017	green	0.2025311895384017
D:r1@ADDG01055443548.R	0.875	6.313277740778762	0.19612366841912035	green	0.19612366841912035
P:r1@ADH4	0.875	8.027407744454777	-0.18948520359475357	green	0.18948520359475357
D:r1@ADDG06057821282.R	0.875	8.8344159874269	-0.18935395976444466	green	0.18935395976444466
D:r1@ADDG05148826695.F	0.875	8.937805563737864	-0.1883401428569325	green	0.1883401428569325
P:r1@PCP4L1	0.875	7.447088928617271	-0.18583619209163008	green	0.18583619209163008
D:r1@ADDG10000310840.B	0.875	11.968680981484532	-0.18364356392175074	green	0.18364356392175074
P:r1@FGF18	0.875	8.873961289109344	-0.18058655379432903	green	0.18058655379432903
P:r1@ADGRF5	0.875	6.818895815956832	-0.16465716175543044	green	0.16465716175543044
P:r3@ANK3	0.875	7.3466162939472115	-0.16130076577413396	green	0.16130076577413396
P:r1@ADDG01040981047.R	0.875	6.229705042771709	0.1537259094480061	green	0.1537259094480061
D:r1@ADDG14023584126.R	0.875	7.21633024175361	0.15219440389560096	green	0.15219440389560096
P:r1@SPX	0.875	8.023645752155238	0.15190309725683065	green	0.15190309725683065
P:r1@ITIH1	0.875	7.344938561096502	0.15065690394663792	green	0.15065690394663792
P:r2@DDX10	0.875	7.61144273126191	-0.1488683496231905	green	0.1488683496231905
P:r1@NRK	0.875	7.366318520534549	-0.14762660010016251	green	0.14762660010016251
P:r2@CRACR2B	0.875	6.674990480215609	0.14761935325077102	green	0.14761935325077102
P:r1@TMPO-AS1	0.875	8.675671237034127	0.14739496733755442	green	0.14739496733755442
P:r1@SLC6A4	0.875	6.989203902146732	-0.1445543981257003	green	0.1445543981257003
P:r1@SHISA3	0.875	8.213638874721477	-0.14335645924775114	green	0.14335645924775114
D:r1@ADDG10030779157.F	0.875	10.117148786016614	-0.1431714655713034	green	0.1431714655713034
P:r1@CIDEA	0.875	6.996367861205149	-0.14049259681933007	green	0.14049259681933007
P:r1@AL391883.1	0.875	7.490150096021124	0.1387927538785184	green	0.1387927538785184
P:r2@VSIG10L	0.875	7.660397039727462	-0.1386566876204313	green	0.1386566876204313
P:r1@TYROBP	0.875	7.278844313833883	-0.13790416960649712	green	0.13790416960649712
D:r1@ADDG10089285012.F	0.875	6.747014109337934	0.13497810776996944	green	0.13497810776996944
P:r2@RIMKLB	0.875	6.7375046475514955	0.1299829262789873	green	0.1299829262789873
P:r1@GLYCTK	0.875	7.962499736984431	-0.12899052681976492	green	0.12899052681976492
D:r1@ADDG08027166125.B	0.875	7.289613063843216	0.12792625888788656	green	0.12792625888788656
P:r1@KIAA0040	0.875	7.181273386002497	0.12721820116068253	green	0.12721820116068253
P:r1@NHLH1	0.875	7.153885486323391	0.12697510455524214	green	0.12697510455524214
P:r1@PLK1	0.875	11.035932251940496	0.12680989496289738	green	0.12680989496289738
P:r1@KIF2C	0.875	10.944712944771407	0.1252840296495149	green	0.1252840296495149
P:r1@SCIN	0.875	7.114450958094881	0.12511250369420693	green	0.12511250369420693
D:r1@ADDG01012607486.F	0.875	10.525057740659149	-0.12318393043638015	green	0.12318393043638015
P:r1@LSAMP	0.875	8.615579114102257	-0.12192982506421984	green	0.12192982506421984
P:r1@GPT	0.875	8.704669565609214	-0.1167152597941675	green	0.1167152597941675
P:r1@CD4	0.875	6.674280500046622	-0.11603265842683043	green	0.11603265842683043
P:r1@SPC25	0.875	10.417937895329668	0.11343728937001721	green	0.11343728937001721
P:r1@SERPINA1	0.875	7.800888515647196	-0.11206567580894648	green	0.11206567580894648
P:r1@CABP1	0.875	7.837622844930042	-0.10959134915648798	green	0.10959134915648798
P:r1@AC087482.1	0.875	7.359336082926243	0.10906427326611702	green	0.10906427326611702
D:r1@ADDG01240339096.F	0.875	7.093782783709928	-0.10630974449485978	green	0.10630974449485978
P:r1@RPSAP52	0.875	8.329012223894447	-0.1048343244777868	green	0.1048343244777868
D:r1@ADDG21008217400.B	0.875	24.70456701544643	-0.10371501783248127	green	0.10371501783248127
P:r1@AIF1L	0.875	10.213931045172371	0.10332848372001799	green	0.10332848372001799
P:r1@LPL	0.875	7.987374296767301	0.10087117742615678	green	0.10087117742615678
D:r1@ADDG10005032032.R	0.875	7.108858377921457	-0.0980466198769035	green	0.0980466198769035
D:r1@ADDG18063238355.B	0.875	7.071694047867671	0.09625707876350036	green	0.09625707876350036
P:r1@CA9	0.875	8.119482062256798	-0.09538019845827406	green	0.09538019845827406
P:r1@AC007923.1	0.875	6.827103800298378	-0.09460653176053338	green	0.09460653176053338
D:r1@ADDG04099021597.R	0.875	7.67241390494622	-0.09264992768434704	green	0.09264992768434704
P:r1@CKMT1B	0.875	7.560430725191007	-0.0924379856487941	green	0.0924379856487941
P:r1@ADGRF4	0.875	6.489372627140208	-0.09226171299146087	green	0.09226171299146087
D:r1@ADDG09006237056.F	0.875	7.431232842414356	0.09215304246503378	green	0.09215304246503378
D:r1@ADDG0X011351723.R	0.875	11.86891511435904	-0.09144691759788881	green	0.09144691759788881
P:r1@HGD	0.875	8.272995793495335	0.09100327896596548	green	0.09100327896596548
P:r1@SKA3	0.875	11.007945504289856	0.08840843918021922	green	0.08840843918021922
P:r3@TACC3	0.875	10.948581946709098	0.08727193502987059	green	0.08727193502987059
P:r1@MCM10	0.875	8.89407259773902	0.07925091446622577	green	0.07925091446622577
D:r1@ADDG02067526366.R	0.875	8.37793852052454	-0.07573380546296155	green	0.07573380546296155
D:r1@ADDG02216780433.R	0.875	5.75485827219897	-0.07148899779156512	green	0.07148899779156512
P:r1@ACACB	0.875	11.468338224730187	-0.06815690221134442	green	0.06815690221134442
D:r1@ADDG15039590506.R	0.875	7.984795926038295	-0.06632115478662894	green	0.06632115478662894
P:r1@PBK	0.875	11.774522864969043	0.06539585527363616	green	0.06539585527363616
P:r1@STEAP4	0.875	9.09011152414024	-0.06331793228470235	green	0.06331793228470235
D:r1@ADDG06140664009.B	0.875	7.755627951965554	0.06306201587321393	green	0.06306201587321393
P:r1@TF	0.875	7.08275014724732	0.06287633424235077	green	0.06287633424235077
P:r1@AC137494.1	0.875	6.435657160624976	-0.06232424055991223	green	0.06232424055991223
P:r1@SNCB	0.875	7.302066119214198	0.06203638747878548	green	0.06203638747878548
P:r1@FAM111B	0.875	8.823405502761396	0.060276150002710506	green	0.060276150002710506
D:r1@ADDG01204494028.F	0.875	5.654875120684591	-0.060021436183064616	green	0.060021436183064616
P:r1@LCE2A	0.875	6.794109713354608	0.05934488148155959	green	0.05934488148155959
P:r1@PCK1	0.875	7.905703532332702	0.05875103247354489	green	0.05875103247354489
P:r1@FNDC1	0.875	9.767995969545705	-0.05864771989416486	green	0.05864771989416486
D:r1@ADDG09016226880.R	0.875	8.832429126689117	-0.058542733557584804	green	0.058542733557584804
P:r1@KCNIP2	0.875	7.9899407806413	-0.05769719815044656	green	0.05769719815044656
P:r2@FHOD3	0.875	7.420083347013403	0.05662683405971057	green	0.05662683405971057
P:r2@ADDG15039590506.R	0.875	11.871563907709355	-0.055930371781946396	green	0.055930371781946396
D:r1@ADDG09115082802.B	0.875	8.812227542321171	-0.05542656864064105	green	0.05542656864064105
D:r1@ADDG05163682483.F	0.875	8.880227475705139	-0.05429080513814766	green	0.05429080513814766
P:r1@CCL11	0.875	9.605974844610536	-0.04880277083284569	green	0.04880277083284569
P:r1@WFDC1	0.875	7.596989348042017	-0.048629433195205345	green	0.048629433195205345
P:r1@ADDG21033931041.R	0.875	5.879053201374623	0.048380640416744405	green	0.048380640416744405
D:r1@ADDG09115076563.F	0.875	8.446224819853422	-0.04732916412760552	green	0.04732916412760552
P:r1@LINC02544	0.875	8.159446741674966	0.04701180397624216	green	0.04701180397624216
P:r1@FAM72C	0.875	7.798687270941683	0.04560284196051367	green	0.04560284196051367
P:r1@PLIN5	0.875	7.778498631330518	0.04528621874451503	green	0.04528621874451503
D:r1@ADDG12013223430.B	0.875	7.63058450995605	-0.04286427251300561	green	0.04286427251300561
D:r1@ADDG06071603938.F	0.875	7.409858591486167	-0.04119728911106294	green	0.04119728911106294
P:r1@AC010255.1	0.875	8.714500235298916	-0.04061012887934144	green	0.04061012887934144
D:r1@ADDG02236795242.R	0.875	10.633508608248421	-0.04042533779971278	green	0.04042533779971278
P:r2@DMKN	0.875	7.608151054348577	-0.03994167515850946	green	0.03994167515850946
D:r1@ADDG05043773406.B	0.875	7.380935517309306	-0.03613864322526468	green	0.03613864322526468
P:r1@PNMT	0.875	6.96573662388771	-0.03531382794637212	green	0.03531382794637212
P:r1@IQGAP3	0.875	9.662497107213534	0.03473553502053407	green	0.03473553502053407
D:r1@ADDG09022217073.B	0.875	8.645583374497336	-0.0340440556081661	green	0.0340440556081661
P:r1@SYT1	0.875	7.989917516184725	-0.03160994030057846	green	0.03160994030057846
P:r1@PTGER1	0.875	9.196497167570394	-0.03137703392650668	green	0.03137703392650668
P:r1@ADDG07131556265.F	0.875	10.665209027045417	-0.030635355151695357	green	0.030635355151695357
P:r1@SMIM41	0.875	7.9228801313798805	0.02960099963135618	green	0.02960099963135618
P:r1@CDC45	0.875	13.937558094526047	0.02856839656314647	green	0.02856839656314647
P:r2@MYL12A	0.875	8.679260097950335	0.02811900844347842	green	0.02811900844347842
P:r1@KRT14	0.875	11.366379086236202	-0.028075778862080146	green	0.028075778862080146
D:r1@ADDG09043127517.B	0.875	7.391992979351478	0.027902008170729478	green	0.027902008170729478
D:r1@ADDG06157794180.F	0.875	6.517084344769652	0.025862237423898787	green	0.025862237423898787
P:r1@APOA1	0.875	11.62641356226446	-0.0257691040965652	green	0.0257691040965652
P:r1@S100A2	0.875	8.82277044258078	-0.02566547889735402	green	0.02566547889735402
P:r1@HIST1H2BL	0.875	7.974330411122103	-0.02564313680070361	green	0.02564313680070361
D:r1@ADDG10102435744.F	0.875	7.8475005168903555	-0.02546837953237409	green	0.02546837953237409
D:r1@ADDG21035357626.F	0.875	8.618876298873042	-0.025049579637001742	green	0.025049579637001742
P:r1@ORM2	0.875	7.8535205539097115	-0.024998434204117105	green	0.024998434204117105
P:r3@CALD1	0.875	8.983454597080263	0.024244281865496105	green	0.024244281865496105
P:r1@ADIPOQ	0.875	10.6648394514519	-0.02423133329565783	green	0.02423133329565783
P:r1@ADDG09040499228.R	0.875	8.160054450237796	-0.024064182151957197	green	0.024064182151957197
D:r1@ADDG21038300199.B	0.875	10.36293547722954	-0.02253319851787832	green	0.02253319851787832
P:r1@CCN3	0.875	8.349399443988341	-0.02236778316037264	green	0.02236778316037264
P:r1@RIMS1	0.875	7.85918348373765	-0.021637641072156568	green	0.021637641072156568
P:r2@SMYD3	0.875	8.176980855709415	-0.020260000445490225	green	0.020260000445490225
P:r1@KRT16	0.875	7.861017963564517	-0.018844566436647083	green	0.018844566436647083
P:r1@MARCH10	0.875	7.4953266622822925	0.017791733995153613	green	0.017791733995153613
D:r1@ADDG03143634045.F	0.875	8.15551091758933	0.016128353816588916	green	0.016128353816588916
P:r1@FAM180A	0.875	10.28007767451852	0.016118620797355567	green	0.016118620797355567
P:r1@ADGRD1	0.875	9.154478136349786	-0.015508152961364211	green	0.015508152961364211
P:r1@PDPN	0.875	13.683495755758782	-0.015112163344448155	green	0.015112163344448155
P:r2@NRG2	0.875	7.169849207072286	-0.015043718437403217	green	0.015043718437403217
P:r2@SEPTIN11	0.875	10.117535574187013	-0.014560002513035863	green	0.014560002513035863
P:r1@MEGF6	0.875	8.711655854238522	-0.013603761256861824	green	0.013603761256861824
P:r1@IL1A	0.875	8.64708230618711	0.013357156392698254	green	0.013357156392698254
P:r1@VCAM1	0.875	7.975242034263827	0.013128656961907226	green	0.013128656961907226
P:r1@C3orf80	0.875	8.025602427648819	-0.012766831278934007	green	0.012766831278934007
D:r1@ADDG17082397584.F	0.875	9.965861090474917	-0.011621857376632828	green	0.011621857376632828
D:r1@ADDG02102251222.R	0.875	8.260859184540474	-0.01112973361298126	green	0.01112973361298126
P:r4@CALD1	0.875	8.862838084562764	0.011069841553877267	green	0.011069841553877267
D:r1@ADDG01059736059.F	0.875	9.685645561788165	0.011011467394020239	green	0.011011467394020239
P:r3@SGK1	0.875	7.887224001386546	-0.010481197744693985	green	0.010481197744693985
D:r1@ADDG0X115042435.R	0.875	9.221072675383171	0.01046959422970732	green	0.01046959422970732
P:r2@SFTA1P	0.875	7.628842340816746	-0.010238899208934334	green	0.010238899208934334
P:r2@MAD1L1	0.875	7.9347099915321015	-0.00998393895418771	green	0.00998393895418771
P:r2@LINC01119	0.875	8.326007056101071	-0.009558998362085958	green	0.009558998362085958
P:r1@RORB	0.875	6.750889445387844	0.009017035659587811	green	0.009017035659587811
P:r1@ASPN	0.875	10.26986146064079	-0.008955753806931487	green	0.008955753806931487
P:r1@CCL7	0.875	8.043573259781075	0.008481375578092218	green	0.008481375578092218
P:r1@TRPA1	0.875	8.11828903394896	0.008049256840575017	green	0.008049256840575017
D:r1@ADDG02071156800.F	0.875	7.515927503050332	-0.007546568773014752	green	0.007546568773014752
P:r1@C14orf180	0.875	7.245866705373836	0.007297957344656209	green	0.007297957344656209
P:r1@GJB2	0.875	7.490329031990419	-0.006887101766221042	green	0.006887101766221042
P:r2@CYFIP2	0.875	7.6842678616904285	0.006822264507459613	green	0.006822264507459613
P:r1@MALL	0.875	12.334559255395186	-0.006737606406649817	green	0.006737606406649817
P:r1@C5orf46	0.875	8.107400305979356	0.006465092045461262	green	0.006465092045461262
D:r1@ADDG13041691390.R	0.875	13.373331684016293	-0.006280451327141399	green	0.006280451327141399
P:r2@ELOVL1	0.875	7.877333516060686	0.006097715894013724	green	0.006097715894013724
D:r1@ADDG13042819752.R	0.875	9.124733588255157	-0.0057453213810371075	green	0.0057453213810371075
P:r1@AC104461.1	0.875	7.546621510986054	-0.004885730052821601	green	0.004885730052821601
P:r1@AL359834.1	0.875	8.656689850800635	0.0047954194796066656	green	0.0047954194796066656
P:r1@C1QB	0.875	6.391674004116209	-0.00407307405981585	green	0.00407307405981585
P:r2@SCG5	0.875	9.057777404650865	-0.003504336195293483	green	0.003504336195293483
P:r1@SLC14A1	0.875	8.09171858871329	0.003407938601602676	green	0.003407938601602676
P:r1@LINC01119	0.875	8.568400193452119	-0.0032876092942820748	green	0.0032876092942820748
P:r1@RIMS2	0.875	8.0350678235737	-0.0029566131963602665	green	0.0029566131963602665
D:r1@ADDG01100781725.R	0.875	7.548617775875659	0.002578176592465024	green	0.002578176592465024
D:r1@ADDG04111516224.F	0.875	8.994384424160645	0.0017549773959199806	green	0.0017549773959199806
P:r2@LPP	0.875	8.184589612202927	0.0017479671413391977	green	0.0017479671413391977
P:r1@MAP3K7CL	0.875	8.8740205612848	0.0016067985889818676	green	0.0016067985889818676
P:r1@WNT2	0.875	12.523108191728236	-0.0012621199550627944	green	0.0012621199550627944
P:r1@SERPINB7	0.875	8.498149138186163	-0.0011864429292324592	green	0.0011864429292324592
P:r1@MMP1	0.875	8.121763849407806	6.335626565546416e-05	green	6.335626565546416e-05
P:r1@MAP1LC3C	0.875	7.985805711151434	-3.203426503814918e-16	green	3.203426503814918e-16
P:r1@NPPB	0.875	7.538567903676869	0.0	green	0.0
D:r1@ADDG01115529469.F	0.875	6.894249582112639	0.0	green	0.0
P:r1@LNCAROD	0.875	7.0329635048578805	0.0	green	0.0
P:r1@P2RY6	0.875	7.978767212542338	0.0	green	0.0
D:r1@ADDG15038706965.R	0.875	7.2137001916304495	0.0	green	0.0
P:r1@KRT34	0.875	6.919502056256519	0.0	green	0.0
D:r1@ADDG17068568679.R	0.875	7.261250008759512	0.0	green	0.0
P:r1@SERPINB4	0.875	8.380461611880213	0.0	green	0.0
D:r1@ADDG21035835556.R	0.875	8.271520991071325	0.0	green	0.0
P:r1@CLDN14	0.875	7.54044196865242	0.0	green	0.0
P:r1@CCKAR	0.875	7.655863273118122	0.0	green	0.0
D:r1@ADDG04182814636.F	0.875	10.097058050351327	0.0	green	0.0
P:r1@HAPLN1	0.875	8.473522198523805	0.0	green	0.0
P:r1@ADDG06036947703.R	0.875	6.759945362088601	0.0	green	0.0
P:r1@MYL7	0.875	7.075244643438518	0.0	green	0.0
P:r1@TRIM55	0.875	6.611917517186216	0.0	green	0.0
P:r2@RABGAP1	0.875	6.879130993457952	0.0	green	0.0
P:r1@CYP1A1	0.8824	12.759638204016923	-0.4813755318943023	green	0.4813755318943023
P:r1@SPARCL1	0.8824	12.693543704646869	-0.03736658610515308	green	0.03736658610515308
D:r1@ADDG10069061305.R	0.9091	24.214970482012145	0.30637434985352757	green	0.30637434985352757
D:r1@ADDG02043635030.B	0.9167000000000001	15.254877181775834	0.3398743912842745	green	0.3398743912842745
P:r1@UGT1A7	0.9375	10.666063775659794	-0.4376367324365654	green	0.4376367324365654
P:r1@SLC2A14	0.9375	10.55423240513495	0.10843735351335575	green	0.10843735351335575
D:r1@ADDG20050328337.R	0.9375	9.971945717852014	0.09737212684027519	green	0.09737212684027519
D:r1@ADDG05055232608.R	0.9444	16.665001818548784	-0.06340984000680412	green	0.06340984000680412
D:r1@ADDG16086683271.F	0.9473999999999999	16.943800258377262	0.11904030399942746	green	0.11904030399942746
P:r2@LPXN	0.9473999999999999	19.346957481557805	-0.014513265890831469	green	0.014513265890831469
P:r2@SBF2-AS1	0.9473999999999999	18.143439751610718	0.007735654887191513	green	0.007735654887191513
D:r1@ADDG01240806293.R	0.9473999999999999	17.631029482086486	0.0	green	0.0
P:r1@LINC01013	0.95	17.52936237354752	-0.033295692819797336	green	0.033295692819797336
D:r1@ADDG11027246091.R	0.95	17.124779915824323	0.0	green	0.0
P:r1@ABI3	0.9523999999999999	19.651787345917228	-0.017122853538005457	green	0.017122853538005457
D:r1@ADDG02073982103.R	0.9545	17.39841445996197	0.22595230152136137	green	0.22595230152136137
P:r1@GMFG	0.9545	18.012665568861834	0.02290929009192985	green	0.02290929009192985
P:r1@HIST2H3C	0.9565	23.761730300502343	0.21182834742002862	green	0.21182834742002862
D:r1@ADDG01033933193.F	1.0	-1.3707867238525941	-inf	green	inf
D:r1@ADDG01112590954.R	1.0	-1.3707867238525941	inf	green	inf
P:r1@APOA2	1.0	-1.3707867238525941	inf	green	inf
D:r1@ADDG10026846353.R	1.0	-1.3707867238525941	-inf	green	inf
D:r1@ADDG10073455057.R	1.0	-2.6481983296487095	-inf	green	inf
D:r1@ADDG10074338712.F	1.0	-1.3707867238525941	-inf	green	inf
D:r1@ADDG10091165175.R	1.0	-1.3707867238525941	-inf	green	inf
D:r1@ADDG11047931197.F	1.0	-1.3707867238525941	inf	green	inf
D:r1@ADDG11103486650.R	1.0	-1.3707867238525941	inf	green	inf
D:r1@ADDG12051530018.F	1.0	-1.3707867238525941	-inf	green	inf
D:r1@ADDG13043064972.F	1.0	-1.3707867238525941	-inf	green	inf
D:r1@ADDG14096338493.R	1.0	-1.3707867238525941	inf	green	inf
D:r1@ADDG15041453737.F	1.0	-1.3707867238525941	-inf	green	inf
D:r1@ADDG16031051397.F	1.0	-1.3707867238525941	inf	green	inf
D:r1@ADDG16052397725.R	1.0	-1.3707867238525941	inf	green	inf
P:r1@KRT12	1.0	-1.3707867238525941	inf	green	inf
D:r1@ADDG18010459311.F	1.0	-1.3707867238525941	inf	green	inf
D:r1@ADDG19011071697.F	1.0	-2.739718634519259	inf	green	inf
D:r1@ADDG02046192725.R	1.0	-2.7007558036435255	-inf	green	inf
P:r1@ADDG02047403250.R	1.0	-2.7888712019301036	inf	green	inf
D:r1@ADDG02241476205.F	1.0	-1.3707867238525941	inf	green	inf
D:r1@ADDG20010032509.F	1.0	-1.3707867238525941	-inf	green	inf
D:r1@ADDG20043460241.R	1.0	-2.689661713697537	-inf	green	inf
D:r1@ADDG20047532110.F	1.0	-1.3707867238525941	inf	green	inf
D:r1@ADDG22042803919.R	1.0	-2.303698397104702	inf	green	inf
D:r1@ADDG03111808501.R	1.0	-1.3707867238525941	-inf	green	inf
D:r1@ADDG03113497697.R	1.0	-1.3707867238525941	inf	green	inf
D:r1@ADDG04123824549.R	1.0	-1.3707867238525941	-inf	green	inf
P:r1@MIR1305	1.0	-1.3707867238525941	-inf	green	inf
D:r1@ADDG05168772854.F	1.0	-1.3707867238525941	-inf	green	inf
D:r1@ADDG0X103513840.F	1.0	-1.3707867238525941	inf	green	inf
D:r1@ADDG06035624505.R	1.0	-2.531644926394336	-3.5551888269155145	green	3.5551888269155145
D:r1@ADDG0X136936265.R	1.0	-2.66118772266003	-2.9053226108363597	green	2.9053226108363597
D:r1@ADDG02128636252.R	1.0	-2.609377391343456	-2.8073549220576037	green	2.8073549220576037
D:r1@ADDG12006716983.F	1.0	-2.36930873846354	2.6252529527936783	green	2.6252529527936783
D:r1@ADDG14022717988.R	1.0	-2.694496195029228	-2.584962500721156	green	2.584962500721156
P:r1@GNRH2	1.0	-2.2410339425406653	2.4476957547449727	green	2.4476957547449727
D:r1@ADDG15042282903.R	1.0	-2.5746467795911423	-2.3675271874765182	green	2.3675271874765182
D:r1@ADDG08128556797.R	1.0	-2.793833286601332	2.321928094887362	green	2.321928094887362
D:r1@ADDG21026947885.R	1.0	-2.7434112055879276	2.1429062146037148	green	2.1429062146037148
D:r1@ADDG17059899204.F	1.0	-1.3707867238525941	-2.1116750698808158	green	2.1116750698808158
D:r1@ADDG01055053377.F	1.0	-1.3707867238525941	-2.0600214361830647	green	2.0600214361830647
D:r1@ADDG10097665275.F	1.0	-1.3707867238525941	-2.0600214361830647	green	2.0600214361830647
D:r1@ADDG03012534785.F	1.0	-1.3707867238525941	-2.0600214361830647	green	2.0600214361830647
D:r1@ADDG03029655943.F	1.0	-1.3707867238525941	-2.0600214361830647	green	2.0600214361830647
P:r2@ADDG09092141937.B	1.0	-2.3772218490378387	-2.0569178229179297	green	2.0569178229179297
D:r1@ADDG05041782460.R	1.0	-2.0817778952251165	-2.05472651735931	green	2.05472651735931
D:r1@ADDG10024485104.R	1.0	-1.3707867238525941	-2.0	green	2.0
D:r1@ADDG14056220094.R	1.0	-1.3707867238525941	-2.0	green	2.0
D:r1@ADDG02073636738.F	1.0	-1.3707867238525941	-2.0	green	2.0
D:r1@ADDG04070923959.F	1.0	-1.3707867238525941	-2.0	green	2.0
D:r1@ADDG07026343189.R	1.0	-1.3707867238525941	2.0	green	2.0
D:r3@ADDG09019231047.B	1.0	-2.723383989759861	2.0	green	2.0
P:r1@PDZRN4	1.0	-2.614906806087841	-1.9803075506212449	green	1.9803075506212449
P:r1@SCN7A	1.0	-2.6549984076293094	-1.9648338560264846	green	1.9648338560264846
D:r1@ADDG16073062712.F	1.0	-2.68192516148441	-1.9608042453397891	green	1.9608042453397891
D:r1@ADDG15079955963.F	1.0	-2.6333944236272973	-1.920513793267267	green	1.920513793267267
D:r1@ADDG11068128535.F	1.0	-2.7664959933877786	1.9205137932672667	green	1.9205137932672667
D:r1@ADDG17050653350.F	1.0	-2.540085466252699	-1.8965850932899861	green	1.8965850932899861
D:r1@ADDG20035305740.R	1.0	-2.6242308279459237	-1.8906294356981337	green	1.8906294356981337
P:r3@DGKG	1.0	-2.5504999269515096	1.8772171966270434	green	1.8772171966270434
D:r1@ADDG01147939540.F	1.0	-2.160618613363508	-1.8170988865572528	green	1.8170988865572528
D:r1@ADDG07079420924.F	1.0	-2.512758012271827	1.8170988865572528	green	1.8170988865572528
D:r1@ADDG02233747787.F	1.0	-2.5172099432380897	1.8073549220576042	green	1.8073549220576042
D:r1@ADDG15025791098.R	1.0	-2.123531998403072	-1.807354922057604	green	1.807354922057604
P:r1@ADDG06007590026.R	1.0	-2.1520466607214863	-1.807354922057604	green	1.807354922057604
D:r1@ADDG10079762318.R	1.0	-2.102831957737522	-1.731668480575901	green	1.731668480575901
P:r1@ADDG02231781051.F	1.0	-2.6403656460823375	-1.731668480575901	green	1.731668480575901
P:r1@PWWP3B	1.0	-2.6008471366688797	-1.731668480575901	green	1.731668480575901
D:r1@ADDG06037934842.F	1.0	-2.3482892493117604	-1.7191752248131995	green	1.7191752248131995
D:r1@ADDG08081588031.R	1.0	-2.6194400479323527	-1.7191752248131995	green	1.7191752248131995
D:r1@ADDG12065649345.F	1.0	-2.4163454173831003	1.7191752248131993	green	1.7191752248131993
D:r2@ADDG19014363796.B	1.0	-2.689721256980802	1.7056946444921117	green	1.7056946444921117
D:r1@ADDG04099996673.R	1.0	-2.619918191046557	-1.675810286922979	green	1.675810286922979
D:r1@ADDG12109208211.F	1.0	-1.3707867238525941	1.6644487074538894	green	1.6644487074538894
D:r1@ADDG14095214755.R	1.0	-1.3707867238525941	1.6644487074538894	green	1.6644487074538894
D:r1@ADDG01152623777.R	1.0	-2.6255547080209314	-1.6603646262358684	green	1.6603646262358684
D:r1@ADDG02036531112.R	1.0	-2.5793689332532947	1.657479387433473	green	1.657479387433473
P:r1@ADDG01212414985.F	1.0	-2.6185230555839243	1.6574793874334726	green	1.6574793874334726
D:r1@ADDG19047892488.F	1.0	-2.7938845341467187	1.6574793874334726	green	1.6574793874334726
D:r1@ADDG12007212466.F	1.0	-1.3707867238525941	1.584962500721156	green	1.584962500721156
D:r1@ADDG15100863731.R	1.0	-2.624876888164842	-1.584962500721156	green	1.584962500721156
D:r1@ADDG02041797229.R	1.0	-2.7665363006275467	1.584962500721156	green	1.584962500721156
P:r1@PANTR1	1.0	-2.694054803943669	-1.584962500721156	green	1.584962500721156
D:r1@ADDG07082106535.R	1.0	-1.3707867238525941	-1.584962500721156	green	1.584962500721156
P:r3@MBNL3	1.0	-2.6801310988784004	1.5724181275861364	green	1.5724181275861364
D:r1@ADDG02131479291.F	1.0	-2.1116621017344115	1.5699593726394436	green	1.5699593726394436
D:r1@ADDG14061223317.R	1.0	-2.598233193674268	-1.5529986960072095	green	1.5529986960072095
D:r1@ADDG18070044968.F	1.0	-2.5873367587031804	-1.5529986960072095	green	1.5529986960072095
D:r1@ADDG03159128599.R	1.0	-2.6591026581821517	-1.5529986960072095	green	1.5529986960072095
P:r2@HGD	1.0	-2.721364423882439	1.5444816769393357	green	1.5444816769393357
P:r1@DHRS2	1.0	-2.734647927497655	-1.5341814692488212	green	1.5341814692488212
D:r1@ADDG08037834481.R	1.0	-2.7087036624785124	1.5324612269673437	green	1.5324612269673437
D:r1@ADDG12104574850.F	1.0	-2.5803370424167835	1.5324612269673434	green	1.5324612269673434
P:r2@ADDG15063156600.B	1.0	-1.3707867238525941	1.5324612269673434	green	1.5324612269673434
D:r1@ADDG07143845468.F	1.0	-2.7346334133196755	-1.5324612269673434	green	1.5324612269673434
D:r1@ADDG08144750843.R	1.0	-2.148814478614493	1.5324612269673434	green	1.5324612269673434
D:r1@ADDG15100696182.R	1.0	-2.7308937457012195	-1.5324612269673432	green	1.5324612269673432
D:r1@ADDG06137730219.F	1.0	-2.6634286359591886	-1.5324612269673432	green	1.5324612269673432
D:r1@ADDG10031535077.F	1.0	-2.640758329603145	-1.5168493318007463	green	1.5168493318007463
D:r1@ADDG14089567739.R	1.0	-2.777254745214671	1.4815475940111422	green	1.4815475940111422
D:r1@ADDG11123118668.R	1.0	-2.7046593323684536	-1.481547594011142	green	1.481547594011142
P:r1@TAC3	1.0	-2.3113138393669344	1.4719553221967738	green	1.4719553221967738
P:r1@INSL5	1.0	-1.3707867238525941	1.4487507599991627	green	1.4487507599991627
D:r1@ADDG01244319828.F	1.0	-2.6031619261824654	-1.437211570111603	green	1.437211570111603
P:r1@ADDG17046194220.F	1.0	-2.6086337546081872	-1.437211570111603	green	1.437211570111603
D:r1@ADDG02095693742.F	1.0	-2.6102718195741246	-1.437211570111603	green	1.437211570111603
P:r1@ADDG04108027761.R	1.0	-2.4639243739985606	-1.437211570111603	green	1.437211570111603
D:r1@ADDG05139158986.F	1.0	-2.6102718210888214	-1.437211570111603	green	1.437211570111603
D:r1@ADDG09036209012.F	1.0	-2.610271687692474	-1.437211570111603	green	1.437211570111603
D:r1@ADDG12001983133.R	1.0	-2.729246147609772	-1.4269205289073117	green	1.4269205289073117
D:r1@ADDG17017597669.F	1.0	-2.4853478097238813	-1.4188147594579794	green	1.4188147594579794
D:r1@ADDG12080804552.R	1.0	-2.4452050726387395	1.411949018092148	green	1.411949018092148
D:r1@ADDG02216519420.R	1.0	-2.6695934057999753	1.3972582568529148	green	1.3972582568529148
D:r1@ADDG07112195699.F	1.0	-1.3707867238525941	1.3955727287291755	green	1.3955727287291755
D:r1@ADDG05130024130.F	1.0	-1.3707867238525941	-1.3955727287291753	green	1.3955727287291753
D:r1@ADDG01008023368.R	1.0	-1.3707867238525941	1.3701433519460011	green	1.3701433519460011
D:r1@ADDG01022504775.F	1.0	-1.3707867238525941	1.3701433519460011	green	1.3701433519460011
P:r1@ADDG01040584017.F	1.0	-1.3707867238525941	1.3701433519460011	green	1.3701433519460011
D:r1@ADDG01088817607.F	1.0	-2.556190877281693	1.3701433519460011	green	1.3701433519460011
D:r1@ADDG11009909337.R	1.0	-1.3707867238525941	1.3701433519460011	green	1.3701433519460011
D:r1@ADDG12022065300.R	1.0	-1.3707867238525941	1.3701433519460011	green	1.3701433519460011
D:r1@ADDG13099284461.R	1.0	-1.3707867238525941	1.3701433519460011	green	1.3701433519460011
D:r1@ADDG15049164340.F	1.0	-1.3707867238525941	1.3701433519460011	green	1.3701433519460011
D:r1@ADDG16070288203.F	1.0	-1.3707867238525941	1.3701433519460011	green	1.3701433519460011
D:r1@ADDG17078835493.R	1.0	-1.3707867238525941	1.3701433519460011	green	1.3701433519460011
D:r1@ADDG02025684009.R	1.0	-1.3707867238525941	1.3701433519460011	green	1.3701433519460011
D:r1@ADDG02063884358.F	1.0	-1.3707867238525941	1.3701433519460011	green	1.3701433519460011
D:r1@ADDG02160401513.R	1.0	-1.3707867238525941	1.3701433519460011	green	1.3701433519460011
D:r1@ADDG02201484767.F	1.0	-1.3707867238525941	1.3701433519460011	green	1.3701433519460011
D:r1@ADDG20050127731.F	1.0	-1.3707867238525941	1.3701433519460011	green	1.3701433519460011
D:r1@ADDG20057367080.R	1.0	-1.3707867238525941	1.3701433519460011	green	1.3701433519460011
D:r1@ADDG21033752735.F	1.0	-1.3707867238525941	1.3701433519460011	green	1.3701433519460011
D:r1@ADDG03032940748.F	1.0	-1.3707867238525941	1.3701433519460011	green	1.3701433519460011
D:r1@ADDG04168066938.F	1.0	-1.3707867238525941	1.3701433519460011	green	1.3701433519460011
D:r1@ADDG06112160654.R	1.0	-1.3707867238525941	1.3701433519460011	green	1.3701433519460011
D:r1@ADDG06134913586.R	1.0	-1.3707867238525941	1.3701433519460011	green	1.3701433519460011
D:r1@ADDG07039794100.F	1.0	-2.423828298600643	1.3701433519460011	green	1.3701433519460011
D:r1@ADDG08054466374.F	1.0	-2.7888649307352043	1.3701433519460011	green	1.3701433519460011
D:r1@ADDG09076866809.R	1.0	-1.3707867238525941	1.3701433519460011	green	1.3701433519460011
D:r1@ADDG0X002871380.F	1.0	-1.3707867238525941	1.3701433519460011	green	1.3701433519460011
D:r1@ADDG0X103385849.F	1.0	-1.3707867238525941	1.3701433519460011	green	1.3701433519460011
D:r1@ADDG0X130886109.R	1.0	-2.615765886138306	-1.3681414822403766	green	1.3681414822403766
D:r1@ADDG01037878474.R	1.0	-2.359251235311017	-1.3490318728671982	green	1.3490318728671982
D:r1@ADDG01171785668.F	1.0	-2.6593349410590243	-1.3381795472320548	green	1.3381795472320548
D:r1@ADDG19058145322.R	1.0	-2.7155551887566647	1.3381795472320548	green	1.3381795472320548
D:r1@ADDG05082859007.F	1.0	-2.595464021820172	-1.3381795472320548	green	1.3381795472320548
P:r1@ADDG01091513288.R	1.0	-2.8273515326377514	1.3355512925461108	green	1.3355512925461108
P:r1@AL391839.1	1.0	-2.8072216569988098	1.3355512925461108	green	1.3355512925461108
D:r1@ADDG21041949573.R	1.0	-2.8273560668438518	1.3355512925461108	green	1.3355512925461108
D:r1@ADDG05120616037.R	1.0	-2.827356066841603	1.3355512925461108	green	1.3355512925461108
D:r1@ADDG07019424689.F	1.0	-2.8273560668438518	1.3355512925461108	green	1.3355512925461108
D:r1@ADDG0X014497378.F	1.0	-2.3922268150611745	1.3355512925461108	green	1.3355512925461108
P:r1@ADDG04088158772.F	1.0	-2.694214189843532	-1.3355512925461106	green	1.3355512925461106
P:r2@APOLD1	1.0	-2.480077132783654	-1.324506385446213	green	1.324506385446213
D:r1@ADDG01059653895.R	1.0	-1.3707867238525941	1.3219280948873622	green	1.3219280948873622
P:r1@ADDG12065279339.R	1.0	-2.5490818598255616	-1.3219280948873622	green	1.3219280948873622
D:r1@ADDG16078547140.F	1.0	-2.3576626878765983	-1.3219280948873622	green	1.3219280948873622
P:r2@MRO	1.0	-2.7145734938585324	-1.3219280948873622	green	1.3219280948873622
D:r1@ADDG19011992086.F	1.0	-2.721056994405279	-1.3219280948873622	green	1.3219280948873622
D:r1@ADDG04083546890.R	1.0	-2.6607426502045404	-1.3219280948873622	green	1.3219280948873622
D:r1@ADDG05167442834.R	1.0	-2.2520259401464977	-1.3219280948873622	green	1.3219280948873622
D:r1@ADDG05112219334.F	1.0	-2.721844462242654	-1.321928094887362	green	1.321928094887362
D:r1@ADDG06138917298.R	1.0	-2.2216496893413242	-1.321928094887362	green	1.321928094887362
D:r1@ADDG16080981076.F	1.0	-2.565125823882701	1.2881306123671803	green	1.2881306123671803
D:r1@ADDG13077935287.F	1.0	-2.6713736259240037	-1.222392421336448	green	1.222392421336448
D:r1@ADDG19013186042.R	1.0	-2.6102718216532215	-1.222392421336448	green	1.222392421336448
D:r1@ADDG02190519581.R	1.0	-2.743359362316243	1.222392421336448	green	1.222392421336448
D:r1@ADDG06161222585.R	1.0	-2.6746227737241726	1.222392421336448	green	1.222392421336448
D:r1@ADDG07143296728.F	1.0	-2.4130300153662065	1.222392421336448	green	1.222392421336448
P:r1@AL162582.1	1.0	-2.6284047264424832	-1.2206283846265347	green	1.2206283846265347
D:r1@ADDG18046189215.F	1.0	-1.3707867238525941	-1.2153232957367874	green	1.2153232957367874
D:r1@ADDG12021513090.F	1.0	-2.502188780473374	1.2149597947317736	green	1.2149597947317736
P:r1@MLNR	1.0	-2.6944962257406835	-1.214819148775155	green	1.214819148775155
P:r1@ADDG16090022534.R	1.0	-2.5688619068473892	-1.214819148775155	green	1.214819148775155
D:r1@ADDG07076633026.F	1.0	-2.461514466026356	1.1789761773854028	green	1.1789761773854028
D:r1@ADDG19019598999.R	1.0	-1.3707867238525941	1.1775093207322667	green	1.1775093207322667
D:r1@ADDG19034192645.F	1.0	-1.3707867238525941	-1.1775093207322667	green	1.1775093207322667
P:r1@ADDG19055605260.R	1.0	-1.3707867238525941	-1.1775093207322667	green	1.1775093207322667
D:r1@ADDG19057733963.F	1.0	-1.3707867238525941	1.1775093207322667	green	1.1775093207322667
D:r1@ADDG02065212211.R	1.0	-1.3707867238525941	1.1775093207322667	green	1.1775093207322667
D:r1@ADDG07040012907.F	1.0	-1.3707867238525941	-1.1775093207322667	green	1.1775093207322667
P:r1@ALOX15	1.0	-1.3707867238525941	1.1775093207322664	green	1.1775093207322664
D:r1@ADDG20045961502.R	1.0	-1.3707867238525941	1.1775093207322664	green	1.1775093207322664
D:r1@ADDG0X155354025.F	1.0	-1.3707867238525941	1.1775093207322664	green	1.1775093207322664
D:r1@ADDG08119842391.R	1.0	-2.4279802500816254	1.1699250014423124	green	1.1699250014423124
P:r1@HS3ST6	1.0	-2.7553159944980776	1.1549218733605997	green	1.1549218733605997
D:r1@ADDG15067201281.F	1.0	-2.7087730129289542	-1.1493272004829573	green	1.1493272004829573
P:r1@NOTO	1.0	-2.8068829319636106	-1.1493272004829573	green	1.1493272004829573
D:r1@ADDG02122353546.F	1.0	-2.4277234969768484	1.136888498238168	green	1.136888498238168
D:r1@ADDG10028584285.F	1.0	-2.705248484816049	-1.1114042420651409	green	1.1114042420651409
D:r1@ADDG12062733122.R	1.0	-2.602598154444638	-1.1114042420651409	green	1.1114042420651409
D:r1@ADDG06110167346.R	1.0	-2.183106757152461	-1.1114042420651409	green	1.1114042420651409
D:r1@ADDG07022821451.F	1.0	-2.0905877702012243	-1.1114042420651409	green	1.1114042420651409
D:r1@ADDG05043766602.R	1.0	-2.3577281670045735	-1.1066047991505747	green	1.1066047991505747
D:r1@ADDG14052123073.F	1.0	-2.5970730118974967	-1.0923426077625844	green	1.0923426077625844
D:r1@ADDG02038028941.R	1.0	-2.6936349547593923	1.089215300688135	green	1.089215300688135
D:r1@ADDG12102618283.R	1.0	-2.7211641221880054	1.0820161583280763	green	1.0820161583280763
P:r1@ADDG04015938347.R	1.0	-2.484086926319889	-1.0811840197670548	green	1.0811840197670548
D:r1@ADDG02185777406.R	1.0	-2.5949528440952383	-1.0626972103291894	green	1.0626972103291894
P:r1@ADDG17074837079.R	1.0	-1.3707867238525941	-1.0600214361830647	green	1.0600214361830647
D:r1@ADDG07008099290.F	1.0	-1.3707867238525941	-1.0600214361830647	green	1.0600214361830647
D:r1@ADDG15040096664.F	1.0	-1.3707867238525941	1.0600214361830644	green	1.0600214361830644
D:r1@ADDG08073851205.R	1.0	-1.3707867238525941	1.0600214361830644	green	1.0600214361830644
D:r1@ADDG03170249795.F	1.0	-2.6907613918435733	-1.0567771769613108	green	1.0567771769613108
D:r1@ADDG08144043310.R	1.0	-2.725205010338603	1.0402904520725225	green	1.0402904520725225
D:r1@ADDG06139697372.R	1.0	-2.67899617561945	1.014971510815164	green	1.014971510815164
D:r1@ADDG01115185040.R	1.0	-1.3707867238525941	1.0	green	1.0
D:r1@ADDG10126024844.F	1.0	-2.6907615746874174	1.0	green	1.0
D:r1@ADDG12100281830.F	1.0	-2.7168314218191227	-1.0	green	1.0
D:r1@ADDG12112099296.R	1.0	-2.2253456901207227	1.0	green	1.0
D:r1@ADDG14024840849.R	1.0	-1.3707867238525941	-1.0	green	1.0
P:r2@SEC23A	1.0	-1.3707867238525941	-1.0	green	1.0
P:r3@CLK3	1.0	-2.678310460365943	-1.0	green	1.0
D:r1@ADDG17001549334.R	1.0	-2.134288537496223	-1.0	green	1.0
D:r1@ADDG17055094125.F	1.0	-1.3707867238525941	-1.0	green	1.0
D:r1@ADDG02087403426.F	1.0	-2.4136461619169114	1.0	green	1.0
D:r1@ADDG02088183776.F	1.0	-1.3707867238525941	1.0	green	1.0
D:r1@ADDG02196481357.R	1.0	-2.675826737669959	-1.0	green	1.0
D:r1@ADDG03062092087.F	1.0	-1.3707867238525941	-1.0	green	1.0
P:r1@ADDG04003317946.R	1.0	-1.3707867238525941	-1.0	green	1.0
D:r1@ADDG06111479552.F	1.0	-2.723383253131254	1.0	green	1.0
D:r1@ADDG07075710935.R	1.0	-1.3707867238525941	1.0	green	1.0
D:r1@ADDG08065635264.R	1.0	-2.72338285593701	1.0	green	1.0
D:r1@ADDG09088492099.R	1.0	-2.638290843554351	-1.0	green	1.0
D:r1@ADDG0X100684575.F	1.0	-1.3707867238525941	1.0	green	1.0
D:r1@ADDG06035156254.R	1.0	-2.4199311080178094	0.9999999999999999	green	0.9999999999999999
P:r1@SMPD5	1.0	-2.36545877057052	-0.9960996887242378	green	0.9960996887242378
D:r1@ADDG11066885596.F	1.0	-2.766497233767361	-0.9887623064464073	green	0.9887623064464073
D:r1@ADDG11130272698.R	1.0	-2.697891580777592	-0.9831104628105627	green	0.9831104628105627
D:r1@ADDG11003681603.R	1.0	-2.264065482980591	-0.9777276155029999	green	0.9777276155029999
D:r1@ADDG08018750544.R	1.0	-2.768841979817909	0.9774363906309137	green	0.9774363906309137
D:r1@ADDG20038324625.F	1.0	-2.587089384649541	-0.9703013985472726	green	0.9703013985472726
D:r1@ADDG06129207785.F	1.0	-2.594923477922976	0.9703013985472725	green	0.9703013985472725
D:r1@ADDG11020122072.F	1.0	-2.3270940093642434	-0.9565837560489546	green	0.9565837560489546
D:r1@ADDG02188324216.R	1.0	-2.7218444619731796	-0.9517847429413611	green	0.9517847429413611
D:r1@ADDG07094706324.F	1.0	-2.141922095763664	-0.9517847429413611	green	0.9517847429413611
P:r3@ADDG07151519357.B	1.0	-2.6607426571464043	-0.9517847429413611	green	0.9517847429413611
D:r1@ADDG03179384832.R	1.0	-2.674266846817901	0.9517847429413607	green	0.9517847429413607
D:r1@ADDG09003742833.F	1.0	-2.7218444591146564	-0.9517847429413607	green	0.9517847429413607
D:r1@ADDG13091627286.R	1.0	-1.3707867238525941	-0.9205137932672668	green	0.9205137932672668
P:r1@ADDG14080955255.R	1.0	-1.3707867238525941	-0.9205137932672668	green	0.9205137932672668
D:r1@ADDG17015921093.F	1.0	-1.3707867238525941	-0.9205137932672668	green	0.9205137932672668
D:r1@ADDG22037574574.R	1.0	-1.3707867238525941	-0.9205137932672668	green	0.9205137932672668
D:r1@ADDG13077986117.F	1.0	-1.3707867238525941	0.9205137932672667	green	0.9205137932672667
D:r2@ADDG13097434981.B	1.0	-1.3707867238525941	0.9205137932672667	green	0.9205137932672667
D:r1@ADDG16055840019.F	1.0	-1.3707867238525941	0.9205137932672667	green	0.9205137932672667
D:r1@ADDG02108470269.F	1.0	-1.3707867238525941	0.9205137932672667	green	0.9205137932672667
D:r1@ADDG21033436845.R	1.0	-1.3707867238525941	0.9205137932672667	green	0.9205137932672667
D:r1@ADDG04069735418.R	1.0	-1.3707867238525941	0.9205137932672667	green	0.9205137932672667
D:r1@ADDG05147193415.R	1.0	-1.3707867238525941	0.9205137932672667	green	0.9205137932672667
D:r1@ADDG08122280865.F	1.0	-1.3707867238525941	0.9205137932672667	green	0.9205137932672667
D:r1@ADDG09133377628.R	1.0	-1.3707867238525941	0.9205137932672667	green	0.9205137932672667
P:r3@CPED1	1.0	-2.7313750706476045	-0.9016181693161527	green	0.9016181693161527
P:r1@CGA	1.0	-2.2432113664114355	0.9002529419248634	green	0.9002529419248634
D:r1@ADDG03183101690.F	1.0	-2.7772885632797126	0.8965850932899861	green	0.8965850932899861
D:r1@ADDG04048386085.F	1.0	-2.705247571618648	-0.8965850932899861	green	0.8965850932899861
D:r1@ADDG09110862662.F	1.0	-1.3707867238525941	-0.8963517741440284	green	0.8963517741440284
D:r1@ADDG02054013699.F	1.0	-2.310823394777657	0.8930847960834879	green	0.8930847960834879
D:r1@ADDG02172597404.R	1.0	-1.3707867238525941	0.8809318827078753	green	0.8809318827078753
P:r1@CALCA	1.0	-2.1962328375258875	0.8772171966270437	green	0.8772171966270437
D:r1@ADDG14027529134.F	1.0	-2.6194379829205316	-0.8772171966270436	green	0.8772171966270436
D:r1@ADDG02215505660.F	1.0	-2.633217775696289	-0.8745859345529085	green	0.8745859345529085
D:r1@ADDG14076222933.F	1.0	-2.485575153803731	-0.8744691179161412	green	0.8744691179161412
P:r1@ADDG15043826914.R	1.0	-2.31996218969672	-0.8664097718266979	green	0.8664097718266979
D:r1@ADDG13048505063.R	1.0	-2.2928136715956584	-0.8631206117701462	green	0.8631206117701462
P:r2@ADDG17062479865.B	1.0	-2.748627159643426	-0.862205461943922	green	0.862205461943922
D:r1@ADDG08122096880.F	1.0	-2.2698833010644486	-0.8552467259280923	green	0.8552467259280923
P:r1@BMX	1.0	-2.6440198734919957	-0.8462740905519939	green	0.8462740905519939
D:r1@ADDG11130457222.F	1.0	-1.3707867238525941	0.841958028186156	green	0.841958028186156
D:r1@ADDG21026884245.F	1.0	-1.3707867238525941	0.8419580281861557	green	0.8419580281861557
P:r1@GRP	1.0	-2.5014074316403594	-0.8365117894512007	green	0.8365117894512007
D:r2@ADDG05169413413.B	1.0	-2.7124847996381547	-0.8269865173709919	green	0.8269865173709919
D:r1@ADDG01056077332.R	1.0	-2.671288041778506	-0.8267665824752317	green	0.8267665824752317
D:r1@ADDG16067438295.F	1.0	-2.672366006553364	-0.8267665824752317	green	0.8267665824752317
D:r1@ADDG07142478364.R	1.0	-2.6208786720542947	-0.8267665824752317	green	0.8267665824752317
D:r1@ADDG12064218606.F	1.0	-2.734842856396748	-0.8267665824752314	green	0.8267665824752314
D:r1@ADDG13060043356.R	1.0	-2.7348427034281175	-0.8267665824752314	green	0.8267665824752314
D:r1@ADDG16089977021.F	1.0	-1.3707867238525941	0.8267665824752314	green	0.8267665824752314
P:r1@ADDG17030709438.R	1.0	-2.327695184270347	-0.8267665824752314	green	0.8267665824752314
D:r1@ADDG17075091469.F	1.0	-2.734842856108163	-0.8267665824752314	green	0.8267665824752314
D:r1@ADDG05037396505.B	1.0	-2.7340868646719865	-0.8267665824752314	green	0.8267665824752314
P:r2@ADDG05131796672.B	1.0	-2.2935145930412597	-0.8267665824752314	green	0.8267665824752314
D:r1@ADDG06115960634.F	1.0	-2.68445016071195	-0.8267665824752314	green	0.8267665824752314
P:r1@SHOX	1.0	-2.7348428600595107	-0.8267665824752314	green	0.8267665824752314
P:r1@SEC14L5	1.0	-2.1216599133919356	0.8189817524942825	green	0.8189817524942825
P:r1@ADDG19001169294.F	1.0	-2.7434136986535393	0.8073549220576041	green	0.8073549220576041
D:r2@ADDG02235747326.B	1.0	-2.7553159945186283	0.8073549220576041	green	0.8073549220576041
D:r1@ADDG03047632961.F	1.0	-2.6780061393203165	-0.8045776410982255	green	0.8045776410982255
D:r1@ADDG09040110679.F	1.0	-2.445219828566235	-0.7960956219238474	green	0.7960956219238474
D:r1@ADDG15072742066.F	1.0	-2.5225584035674333	-0.7950940189770687	green	0.7950940189770687
D:r1@ADDG06006657166.R	1.0	-2.469066505298919	-0.7925995246439939	green	0.7925995246439939
D:r1@ADDG02172996063.B	1.0	-2.2473645586238042	-0.7915767953574568	green	0.7915767953574568
P:r1@ADDG01039632956.R	1.0	-2.685159427256863	0.7826780797641333	green	0.7826780797641333
P:r1@SNORC	1.0	-2.7937597106620085	-0.7798837376345402	green	0.7798837376345402
D:r1@ADDG15061118766.R	1.0	-2.6642014947376773	-0.7684069261781442	green	0.7684069261781442
D:r1@ADDG06002531259.R	1.0	-2.310485390927945	0.7676009493179013	green	0.7676009493179013
D:r1@ADDG08116531833.F	1.0	-2.482686694126432	0.7670943309659717	green	0.7670943309659717
D:r1@ADDG16072882188.R	1.0	-2.601080846266755	0.7476471101535214	green	0.7476471101535214
P:r1@MAPK4	1.0	-2.6813821708004277	-0.7462000609108391	green	0.7462000609108391
D:r1@ADDG02069824502.F	1.0	-2.7052484911596744	0.7418517865627486	green	0.7418517865627486
D:r1@ADDG15074738464.R	1.0	-2.7371928743468144	-0.7402563938240977	green	0.7402563938240977
D:r1@ADDG08049062995.F	1.0	-2.717092638541917	0.7380933412957023	green	0.7380933412957023
D:r1@ADDG01014417174.F	1.0	-2.660741606243031	-0.7369655941662062	green	0.7369655941662062
D:r1@ADDG02063493546.F	1.0	-2.7218438234630877	-0.7369655941662062	green	0.7369655941662062
D:r1@ADDG20025198458.F	1.0	-2.7938845341467116	0.7369655941662062	green	0.7369655941662062
D:r1@ADDG03030308120.R	1.0	-2.269937780962901	-0.7369655941662062	green	0.7369655941662062
D:r1@ADDG04107675317.R	1.0	-2.367338804473477	-0.7369655941662062	green	0.7369655941662062
D:r1@ADDG0X103655302.R	1.0	-2.721844461432509	-0.7369655941662062	green	0.7369655941662062
D:r1@ADDG12019297318.F	1.0	-2.5453572374384223	-0.736965594166206	green	0.736965594166206
P:r3@ADDG19004724021.B	1.0	-2.6452381818609987	-0.7349897280305675	green	0.7349897280305675
D:r1@ADDG17017412461.R	1.0	-2.5950433472522842	-0.7341420991636328	green	0.7341420991636328
P:r1@ADDG08069625798.R	1.0	-2.4594722466850167	-0.7279824530034377	green	0.7279824530034377
D:r1@ADDG06043134780.F	1.0	-2.6957746151120756	-0.7083947398429753	green	0.7083947398429753
D:r1@ADDG11102409877.F	1.0	-2.4602093346622698	-0.708025632509622	green	0.708025632509622
D:r1@ADDG01246219475.R	1.0	-1.3707867238525941	0.7056946444921119	green	0.7056946444921119
D:r1@ADDG13023715135.B	1.0	-2.6513439178513907	0.6979161167363505	green	0.6979161167363505
D:r2@ADDG08081332031.R	1.0	-2.610271821653059	-0.6956798521767882	green	0.6956798521767882
D:r1@ADDG09003870539.R	1.0	-2.6069560922612585	0.6934577419598558	green	0.6934577419598558
D:r1@ADDG05009184246.R	1.0	-1.3707867238525941	-0.6898780842370634	green	0.6898780842370634
D:r1@ADDG08105436530.R	1.0	-1.3707867238525941	-0.6898780842370634	green	0.6898780842370634
D:r1@ADDG02065573350.F	1.0	-2.6056795547275144	-0.6887107862333366	green	0.6887107862333366
D:r1@ADDG15067513199.R	1.0	-2.5286889046174634	0.6885421996875954	green	0.6885421996875954
P:r1@GNLY	1.0	-1.3707867238525941	-0.6821516429960626	green	0.6821516429960626
D:r1@ADDG03061908404.F	1.0	-2.2003406097133458	-0.6808768629165142	green	0.6808768629165142
P:r1@LINC02392	1.0	-2.7218444622426317	0.6780719051126377	green	0.6780719051126377
D:r1@ADDG06111518398.F	1.0	-2.4118424722412413	0.6780719051126377	green	0.6780719051126377
D:r1@ADDG14024908029.R	1.0	-1.3707867238525941	0.6644487074538893	green	0.6644487074538893
D:r1@ADDG21033357006.R	1.0	-1.3707867238525941	0.6644487074538893	green	0.6644487074538893
D:r1@ADDG21039304953.F	1.0	-1.3707867238525941	0.6644487074538893	green	0.6644487074538893
D:r1@ADDG01045891151.F	1.0	-1.3707867238525941	-0.6644487074538892	green	0.6644487074538892
P:r1@ADDG01099766726.F	1.0	-1.3707867238525941	-0.6644487074538892	green	0.6644487074538892
D:r1@ADDG11130838671.R	1.0	-1.3707867238525941	-0.6644487074538892	green	0.6644487074538892
D:r1@ADDG13041209414.F	1.0	-1.3707867238525941	-0.6644487074538892	green	0.6644487074538892
D:r1@ADDG13100616072.R	1.0	-1.3707867238525941	-0.6644487074538892	green	0.6644487074538892
D:r1@ADDG18074124497.R	1.0	-1.3707867238525941	-0.6644487074538892	green	0.6644487074538892
D:r1@ADDG02055041094.R	1.0	-1.3707867238525941	-0.6644487074538892	green	0.6644487074538892
D:r1@ADDG22046216412.R	1.0	-1.3707867238525941	-0.6644487074538892	green	0.6644487074538892
P:r2@ADDG06013615960.B	1.0	-1.3707867238525941	-0.6644487074538892	green	0.6644487074538892
D:r2@ADDG06116352955.B	1.0	-1.3707867238525941	-0.6644487074538892	green	0.6644487074538892
D:r1@ADDG08040534504.R	1.0	-1.3707867238525941	-0.6644487074538892	green	0.6644487074538892
D:r1@ADDG08106011474.F	1.0	-1.3707867238525941	-0.6644487074538892	green	0.6644487074538892
D:r1@ADDG07133053394.R	1.0	-2.6864093551957855	0.6615634686514937	green	0.6615634686514937
D:r1@ADDG09133324953.F	1.0	-2.615237507639414	-0.6603646262358684	green	0.6603646262358684
D:r1@ADDG17001558540.R	1.0	-0.6393704354901049	-0.6537298061574407	green	0.6537298061574407
D:r1@ADDG05065765670.F	1.0	-2.645303779535545	-0.6520766965796931	green	0.6520766965796931
D:r1@ADDG10050046239.R	1.0	-0.22614470400855236	-0.6512999621160093	green	0.6512999621160093
D:r1@ADDG02036868885.R	1.0	-2.5507254070754635	-0.6401546836710954	green	0.6401546836710954
D:r1@ADDG02041539017.R	1.0	-2.6440988053131576	-0.6395895658249864	green	0.6395895658249864
D:r1@ADDG11014345000.R	1.0	-2.230093872304367	-0.639589565824986	green	0.639589565824986
D:r1@ADDG06154770364.F	1.0	-2.6417060228010123	-0.639589565824986	green	0.639589565824986
P:r1@PYHIN1	1.0	-2.7552706742099056	-0.6298566480539988	green	0.6298566480539988
D:r1@ADDG19002507209.R	1.0	-2.6295722542804527	-0.6298566480539988	green	0.6298566480539988
P:r1@ADDG19034219755.R	1.0	-2.74484306125461	-0.6298566480539988	green	0.6298566480539988
D:r1@ADDG02216791342.R	1.0	-2.69421151962336	-0.6298566480539988	green	0.6298566480539988
D:r1@ADDG03041229871.F	1.0	-2.6043849550173843	-0.6298566480539988	green	0.6298566480539988
D:r1@ADDG03124396064.R	1.0	-2.694214189843431	-0.6298566480539988	green	0.6298566480539988
D:r1@ADDG04149172265.F	1.0	-2.694214189843532	-0.6298566480539988	green	0.6298566480539988
D:r1@ADDG07084080871.R	1.0	-2.6582421191953416	-0.6298566480539988	green	0.6298566480539988
D:r1@ADDG08076684679.R	1.0	-2.694214189843532	-0.6298566480539988	green	0.6298566480539988
P:r2@ADDG05077491345.B	1.0	-2.546275274078057	0.6231561167715601	green	0.6231561167715601
D:r1@ADDG17013831846.R	1.0	-2.3905580217247397	0.6202642385107601	green	0.6202642385107601
D:r1@ADDG01027724543.R	1.0	-1.3707867238525941	-0.6119474337000766	green	0.6119474337000766
P:r1@SLC6A3	1.0	-2.7665354875859225	-0.6119474337000764	green	0.6119474337000764
P:r1@PRAC1	1.0	-2.560406023511378	-0.6104449876363716	green	0.6104449876363716
P:r1@ADDG06075272607.B	1.0	17.868898058875782	0.6053768837092404	green	0.6053768837092404
D:r1@ADDG13039599764.F	1.0	-2.709401374361198	0.6012139530658488	green	0.6012139530658488
D:r1@ADDG06007243892.F	1.0	-2.3946121232601367	-0.6012139530658487	green	0.6012139530658487
D:r1@ADDG11108803574.F	1.0	-2.609202914717143	-0.5965893311578346	green	0.5965893311578346
P:r1@LGALS7	1.0	-2.5905241490477247	0.5849625007211564	green	0.5849625007211564
D:r1@ADDG03105446614.F	1.0	-1.3707867238525941	-0.5849625007211561	green	0.5849625007211561
P:r1@CLDN3	1.0	-2.725740148313309	-0.5849625007211561	green	0.5849625007211561
D:r1@ADDG10043165366.F	1.0	-2.755315994925484	0.584962500721156	green	0.584962500721156
D:r1@ADDG10091441903.R	1.0	-2.197313368505589	0.584962500721156	green	0.584962500721156
D:r1@ADDG10118722091.R	1.0	-1.3707867238525941	0.584962500721156	green	0.584962500721156
D:r1@ADDG10128064818.F	1.0	-1.3707867238525941	0.584962500721156	green	0.584962500721156
D:r1@ADDG03032301727.F	1.0	-1.3707867238525941	0.584962500721156	green	0.584962500721156
P:r1@ADDG06118574362.F	1.0	-2.6684254580704123	0.584962500721156	green	0.584962500721156
P:r3@FAM167A	1.0	-1.3707867238525941	0.584962500721156	green	0.584962500721156
D:r1@ADDG04087064869.F	1.0	-2.5918024900392975	-0.5759793595583874	green	0.5759793595583874
D:r1@ADDG07135380120.F	1.0	-2.5690094408642787	-0.5737832944945087	green	0.5737832944945087
P:r1@DPEP3	1.0	-2.7250926299797	0.5711614447184148	green	0.5711614447184148
D:r1@ADDG09100222831.R	1.0	-0.8382264454518435	-0.570195136316784	green	0.570195136316784
D:r1@ADDG14051917361.R	1.0	-2.5481803663282765	0.565231516610614	green	0.565231516610614
D:r1@ADDG0X073692765.F	1.0	-2.6903071461133226	-0.565231516610614	green	0.565231516610614
P:r1@PI15	1.0	-1.3707867238525941	-0.5627882596859952	green	0.5627882596859952
D:r1@ADDG11001351709.F	1.0	-2.021506276561044	-0.562382573209387	green	0.562382573209387
D:r1@ADDG16070123996.F	1.0	-2.7334410470480726	0.5590218082722344	green	0.5590218082722344
D:r1@ADDG11074846932.R	1.0	-2.716831421812252	0.5529986960072097	green	0.5529986960072097
D:r1@ADDG07024979404.F	1.0	-2.1861250391631892	0.5471489228555413	green	0.5471489228555413
D:r1@ADDG01051758422.F	1.0	-2.571909894596817	-0.5415975628309355	green	0.5415975628309355
P:r2@GUSBP1	1.0	-2.6544720058980302	-0.5415975628309355	green	0.5415975628309355
D:r1@ADDG06071481724.R	1.0	-2.4761415217426745	0.5351792588903586	green	0.5351792588903586
D:r1@ADDG06100203599.F	1.0	-2.034616903702247	0.5341814692488215	green	0.5341814692488215
D:r1@ADDG07032502060.F	1.0	-2.669923263289205	0.5324612269673435	green	0.5324612269673435
D:r1@ADDG13030900306.R	1.0	-2.7888714937232	0.5281853237598455	green	0.5281853237598455
D:r1@ADDG01040230137.R	1.0	-2.6885471695661036	0.5281853237598453	green	0.5281853237598453
D:r1@ADDG12032370347.F	1.0	-2.7886413114540187	0.5281853237598453	green	0.5281853237598453
D:r1@ADDG02241219743.R	1.0	-2.690761574113313	0.5281853237598453	green	0.5281853237598453
D:r1@ADDG22031690652.R	1.0	-2.3527867224533074	0.5281853237598453	green	0.5281853237598453
D:r1@ADDG04188513497.F	1.0	-2.690761574688015	0.5281853237598453	green	0.5281853237598453
D:r1@ADDG06025297098.R	1.0	-1.3707867238525941	-0.5267125691596599	green	0.5267125691596599
D:r1@ADDG06019824502.R	1.0	-2.115333259310947	-0.5249410645380914	green	0.5249410645380914
D:r1@ADDG20036794781.R	1.0	-2.721844461973175	0.5200299332987935	green	0.5200299332987935
D:r1@ADDG04098924604.R	1.0	-2.2334461914343735	-0.5168493318007463	green	0.5168493318007463
D:r2@ADDG05142512743.B	1.0	-2.766536300627626	-0.5168493318007463	green	0.5168493318007463
D:r1@ADDG01155735098.F	1.0	-2.313775229957255	0.5034365396709511	green	0.5034365396709511
D:r1@ADDG13107757428.R	1.0	-2.537971418464315	-0.5031658904624238	green	0.5031658904624238
P:r1@AC063919.1	1.0	-2.1837459891140396	0.499527668333888	green	0.499527668333888
D:r1@ADDG19039010152.R	1.0	-2.7434122176507407	0.4854268271702421	green	0.4854268271702421
D:r1@ADDG01056255668.R	1.0	-2.7433840349388103	0.4854268271702419	green	0.4854268271702419
D:r1@ADDG0X016824925.F	1.0	-2.6183873790452927	-0.4854268271702417	green	0.4854268271702417
P:r1@INSL4	1.0	-2.7218444622415774	-0.47997006670120623	green	0.47997006670120623
D:r1@ADDG15030762740.F	1.0	-1.3707867238525941	0.47505893546190864	green	0.47505893546190864
D:r1@ADDG16089527931.F	1.0	-1.3707867238525941	0.47505893546190864	green	0.47505893546190864
D:r1@ADDG03029440566.F	1.0	-1.3707867238525941	-0.47505893546190864	green	0.47505893546190864
D:r1@ADDG07030709105.R	1.0	-2.572776782521886	0.4719553221967737	green	0.4719553221967737
D:r1@ADDG12011039558.R	1.0	-1.3707867238525941	-0.4718146762401548	green	0.4718146762401548
D:r1@ADDG13039761766.F	1.0	-1.3707867238525941	-0.4718146762401548	green	0.4718146762401548
D:r1@ADDG14070898290.F	1.0	-1.3707867238525941	-0.4718146762401548	green	0.4718146762401548
D:r1@ADDG14085421506.F	1.0	-1.3707867238525941	-0.4718146762401548	green	0.4718146762401548
D:r1@ADDG16029837762.R	1.0	-2.6907615746855673	-0.4718146762401548	green	0.4718146762401548
D:r1@ADDG02203171798.F	1.0	-1.3707867238525941	-0.4718146762401548	green	0.4718146762401548
D:r1@ADDG20050893898.F	1.0	-1.3707867238525941	-0.4718146762401548	green	0.4718146762401548
D:r1@ADDG03017365581.R	1.0	-1.3707867238525941	-0.4718146762401548	green	0.4718146762401548
D:r1@ADDG03067636818.R	1.0	-1.3707867238525941	-0.4718146762401548	green	0.4718146762401548
D:r1@ADDG05043075606.R	1.0	-1.3707867238525941	-0.4718146762401548	green	0.4718146762401548
P:r1@ADDG07044760423.R	1.0	-1.3707867238525941	-0.4718146762401548	green	0.4718146762401548
P:r6@CD36	1.0	-2.6299418083425308	-0.4718146762401548	green	0.4718146762401548
D:r1@ADDG10063482176.R	1.0	-1.3707867238525941	-0.47181467624015455	green	0.47181467624015455
P:r1@ADDG12091180194.F	1.0	-1.3707867238525941	-0.47181467624015455	green	0.47181467624015455
P:r1@SAMSN1	1.0	-1.3707867238525941	-0.47181467624015455	green	0.47181467624015455
D:r1@ADDG04124199959.R	1.0	-1.3707867238525941	-0.47181467624015455	green	0.47181467624015455
D:r1@ADDG15059673110.F	1.0	-1.3707867238525941	0.4718146762401545	green	0.4718146762401545
D:r1@ADDG03124886360.B	1.0	-2.5088986109092457	-0.4704348811898003	green	0.4704348811898003
D:r1@ADDG19052726736.R	1.0	-2.375677166180313	-0.4672873818591213	green	0.4672873818591213
D:r1@ADDG05148910969.R	1.0	-2.745422288460548	0.4661082768115441	green	0.4661082768115441
D:r1@ADDG17059499731.F	1.0	-2.6252740688448513	-0.4594316186372972	green	0.4594316186372972
P:r1@LONRF2	1.0	0.43666970812897576	-0.4568791798056674	green	0.4568791798056674
P:r1@IRS2	1.0	2.6484782487012892	-0.4553910179769746	green	0.4553910179769746
P:r1@AL669831.3	1.0	7.517590462447812	0.45463980167290985	green	0.45463980167290985
D:r1@ADDG17015524065.R	1.0	-2.2763793431734314	-0.453417865586531	green	0.453417865586531
P:r2@LINC01579	1.0	-2.5824336909772256	0.4530715215858981	green	0.4530715215858981
D:r1@ADDG04022383230.R	1.0	-2.664628056115253	0.4497044891851924	green	0.4497044891851924
P:r1@ADDG15085581151.F	1.0	0.6749468795610398	-0.4481904819415047	green	0.4481904819415047
D:r1@ADDG13048581081.F	1.0	-2.5852613413551104	-0.4453603340091811	green	0.4453603340091811
P:r1@SLC7A8	1.0	2.4340909887195354	-0.4414657560835038	green	0.4414657560835038
D:r1@ADDG02172093633.R	1.0	-2.051573273821984	0.43929858128369265	green	0.43929858128369265
D:r1@ADDG08127375520.F	1.0	-2.3130854966152103	-0.4360125703747716	green	0.4360125703747716
D:r1@ADDG09089315489.F	1.0	-2.5884065959465086	-0.43532337075054145	green	0.43532337075054145
D:r1@ADDG07028095877.R	1.0	-2.614688038145117	-0.4323696367269186	green	0.4323696367269186
D:r1@ADDG17070947778.R	1.0	-0.768748737083668	-0.43011140183576224	green	0.43011140183576224
D:r1@ADDG01035447561.R	1.0	-2.270768855761657	-0.4265604205211625	green	0.4265604205211625
D:r1@ADDG11101905279.R	1.0	-2.6340748735451194	0.4208159640539249	green	0.4208159640539249
D:r1@ADDG03170802893.B	1.0	-2.2640025665144328	-0.4195418814672762	green	0.4195418814672762
P:r1@TREM2	1.0	-2.3459715621562447	0.4195414982292786	green	0.4195414982292786
D:r1@ADDG03195703149.F	1.0	-2.073898191383492	-0.4170261967866927	green	0.4170261967866927
D:r1@ADDG11130657546.F	1.0	-1.3707867238525941	-0.41503749927884404	green	0.41503749927884404
D:r1@ADDG19054020426.F	1.0	-1.3707867238525941	-0.41503749927884404	green	0.41503749927884404
D:r1@ADDG02237180860.F	1.0	-2.766536300627625	-0.41503749927884404	green	0.41503749927884404
D:r1@ADDG21016503267.F	1.0	-1.3707867238525941	-0.41503749927884404	green	0.41503749927884404
P:r1@ADDG04163109172.R	1.0	-1.3707867238525941	-0.41503749927884404	green	0.41503749927884404
D:r1@ADDG06136036014.F	1.0	-1.3707867238525941	-0.41503749927884404	green	0.41503749927884404
D:r1@ADDG11009438060.R	1.0	-2.3977029812086994	0.415037499278844	green	0.415037499278844
D:r1@ADDG18045803385.B	1.0	-2.694496228723564	0.415037499278844	green	0.415037499278844
D:r1@ADDG02157156111.R	1.0	-2.3363169956638172	0.415037499278844	green	0.415037499278844
D:r1@ADDG21015224601.F	1.0	-1.3707867238525941	0.415037499278844	green	0.415037499278844
D:r1@ADDG05115657848.F	1.0	-2.8273560668438518	0.415037499278844	green	0.415037499278844
P:r1@PGAM2	1.0	-2.8273560668438518	0.415037499278844	green	0.415037499278844
D:r1@ADDG02026948576.F	1.0	-2.7233839895974574	0.41503749927884376	green	0.41503749927884376
D:r1@ADDG10030818236.F	1.0	-2.7553159912287177	0.411949018092148	green	0.411949018092148
D:r1@ADDG04056378819.R	1.0	-2.7124847998755204	-0.411949018092148	green	0.411949018092148
D:r1@ADDG08041095670.R	1.0	-2.8273560668438518	-0.411949018092148	green	0.411949018092148
D:r1@ADDG13046297226.B	1.0	-2.045662339884926	-0.4106104314362973	green	0.4106104314362973
D:r1@ADDG01094633400.B	1.0	-2.5969471667573356	0.40870895007553054	green	0.40870895007553054
D:r1@ADDG10087104532.F	1.0	-2.587840745576875	-0.40833843777162077	green	0.40833843777162077
D:r1@ADDG01054854226.B	1.0	8.71496986502868	-0.40640363910744687	green	0.40640363910744687
D:r1@ADDG02152490732.F	1.0	-2.3252007934088494	0.4039442532154386	green	0.4039442532154386
D:r1@ADDG10086835236.F	1.0	-2.306123556486621	-0.4039442532154384	green	0.4039442532154384
D:r1@ADDG09071926914.F	1.0	-2.293821890775836	-0.40379980572525115	green	0.40379980572525115
D:r1@ADDG09015470934.F	1.0	-2.6514123902081352	-0.4034106688421654	green	0.4034106688421654
P:r1@UCP1	1.0	-2.6941680151417793	0.40201326481093813	green	0.40201326481093813
P:r1@KALRN	1.0	1.7943298677598123	-0.4019632376650036	green	0.4019632376650036
D:r1@ADDG01099704656.F	1.0	-2.7127984020608302	-0.3992359286681871	green	0.3992359286681871
P:r1@TMEM150C	1.0	0.7975905140507336	-0.39486071633586856	green	0.39486071633586856
P:r1@CA3	1.0	-1.4759521930566042	0.3924139285435107	green	0.3924139285435107
D:r1@ADDG08133379915.R	1.0	-2.6708006034225407	0.38955501236362866	green	0.38955501236362866
P:r2@CELF2	1.0	0.47130915423297115	-0.3887383510256848	green	0.3887383510256848
P:r1@ROR2	1.0	0.6792680564262459	-0.3866792663373296	green	0.3866792663373296
P:r1@GPM6B	1.0	-1.2356777406058652	-0.3845514842334776	green	0.3845514842334776
P:r1@TGFA	1.0	-2.339590435002529	-0.3826366077087028	green	0.3826366077087028
D:r1@ADDG0X048832139.R	1.0	-2.7525819249323527	-0.3826366077087028	green	0.3826366077087028
P:r1@DIO2	1.0	-2.1185491125750215	0.3797357614892399	green	0.3797357614892399
D:r1@ADDG02071159955.F	1.0	-2.2292586929779215	-0.3792510016095474	green	0.3792510016095474
P:r1@HBA1	1.0	1.1490361824359425	-0.37306061791275436	green	0.37306061791275436
D:r1@ADDG12029725977.R	1.0	-2.6945191055602513	-0.37060131084129727	green	0.37060131084129727
D:r1@ADDG01010131596.F	1.0	-1.3707867238525941	0.3701433519460012	green	0.3701433519460012
D:r1@ADDG01162585783.F	1.0	-1.3707867238525941	0.3701433519460012	green	0.3701433519460012
D:r1@ADDG10005654158.R	1.0	-1.3707867238525941	0.3701433519460012	green	0.3701433519460012
P:r1@ADDG11008671403.F	1.0	-1.3707867238525941	0.3701433519460012	green	0.3701433519460012
D:r1@ADDG12003271457.F	1.0	-1.3707867238525941	0.3701433519460012	green	0.3701433519460012
D:r1@ADDG12101700320.F	1.0	-1.3707867238525941	0.3701433519460012	green	0.3701433519460012
D:r1@ADDG14095468772.F	1.0	-1.3707867238525941	0.3701433519460012	green	0.3701433519460012
D:r2@ADDG15100722068.B	1.0	-1.3707867238525941	0.3701433519460012	green	0.3701433519460012
D:r1@ADDG17064653793.F	1.0	-1.3707867238525941	0.3701433519460012	green	0.3701433519460012
D:r1@ADDG02227594272.R	1.0	-1.3707867238525941	0.3701433519460012	green	0.3701433519460012
D:r1@ADDG03016741488.R	1.0	-1.3707867238525941	0.3701433519460012	green	0.3701433519460012
D:r1@ADDG03119995754.R	1.0	-1.3707867238525941	0.3701433519460012	green	0.3701433519460012
D:r1@ADDG03136314047.R	1.0	-1.3707867238525941	0.3701433519460012	green	0.3701433519460012
D:r1@ADDG05075321048.R	1.0	-1.3707867238525941	0.3701433519460012	green	0.3701433519460012
D:r1@ADDG06005633892.R	1.0	-1.3707867238525941	0.3701433519460012	green	0.3701433519460012
D:r1@ADDG08026456982.F	1.0	-1.3707867238525941	0.3701433519460012	green	0.3701433519460012
D:r1@ADDG09019140553.R	1.0	-1.3707867238525941	0.3701433519460012	green	0.3701433519460012
P:r2@ADDG0X011427902.B	1.0	-1.3707867238525941	0.3701433519460012	green	0.3701433519460012
D:r1@ADDG08023560829.R	1.0	-1.3707867238525941	-0.3696392049843686	green	0.3696392049843686
P:r1@SLC22A31	1.0	0.8647447134380022	-0.36709396843997993	green	0.36709396843997993
D:r1@ADDG03029420946.F	1.0	-2.684254747013561	-0.3644801651495435	green	0.3644801651495435
P:r1@TRABD2B	1.0	0.029052406583256578	-0.3633544604463807	green	0.3633544604463807
D:r1@ADDG19057348194.R	1.0	-2.705716534404585	0.36257007938470837	green	0.36257007938470837
P:r2@CERS4	1.0	-2.645303703900779	-0.36257007938470825	green	0.36257007938470825
D:r1@ADDG17011957566.F	1.0	-2.671373625963034	0.3625700793847081	green	0.3625700793847081
D:r1@ADDG04154303470.F	1.0	-1.8684540229700648	0.3606348838194308	green	0.3606348838194308
D:r1@ADDG01220867709.R	1.0	-2.7764414016073657	-0.36041043417501356	green	0.36041043417501356
D:r1@ADDG06129339992.F	1.0	-2.255541935758368	-0.3558174862241316	green	0.3558174862241316
D:r1@ADDG08069690201.R	1.0	0.8894225238844985	-0.35497926525963824	green	0.35497926525963824
P:r1@KCNK3	1.0	3.6962399821864977	-0.35496349031118873	green	0.35496349031118873
D:r1@ADDG03049385232.R	1.0	-2.8068829310149197	0.3549519062350768	green	0.3549519062350768
P:r1@RNA5-8SN2	1.0	1.4296205002934177	-0.354220821983528	green	0.354220821983528
D:r1@ADDG09116267342.F	1.0	2.224990280364197	-0.3496184440346006	green	0.3496184440346006
P:r1@ADAMTS15	1.0	5.469418715512809	-0.34954815906344827	green	0.34954815906344827
D:r1@ADDG21028867780.F	1.0	-2.690617871436458	-0.3490318728671986	green	0.3490318728671986
P:r1@LRATD1	1.0	0.33461851186319	-0.3487076574961307	green	0.3487076574961307
D:r1@ADDG17015489959.R	1.0	-2.247829993993913	-0.34607368821524975	green	0.34607368821524975
D:r1@ADDG08026601800.R	1.0	-2.6768818282521614	0.34535613014317584	green	0.34535613014317584
P:r1@CDH20	1.0	0.8095515448008844	-0.34391536893853064	green	0.34391536893853064
P:r1@CHST1	1.0	0.3837457544025794	-0.34233368384462426	green	0.34233368384462426
P:r1@AL023754.2	1.0	-0.1473390853816027	-0.34172972985084943	green	0.34172972985084943
P:r1@ADAMTS4	1.0	3.666631710318018	-0.3395704641068784	green	0.3395704641068784
P:r1@GASK1A	1.0	1.8010532122283534	-0.33912317907902956	green	0.33912317907902956
P:r1@FO681492.1	1.0	0.4811826345430673	-0.3390328995130219	green	0.3390328995130219
D:r1@ADDG14102298705.F	1.0	-2.2233478709299535	-0.3381795472320548	green	0.3381795472320548
D:r1@ADDG15052575493.R	1.0	-2.730866137905234	0.3381795472320548	green	0.3381795472320548
D:r1@ADDG22031689927.R	1.0	-2.427675359752588	0.3381795472320548	green	0.3381795472320548
P:r1@EGFL6	1.0	0.7731153803410544	-0.33785646915817236	green	0.33785646915817236
D:r1@ADDG17016012024.R	1.0	-2.219592779109538	0.33727153482758854	green	0.33727153482758854
D:r1@ADDG03187920158.B	1.0	-2.445285795150486	-0.33566858450535003	green	0.33566858450535003
D:r1@ADDG12008675637.R	1.0	-1.3707867238525941	0.3355512925461108	green	0.3355512925461108
D:r1@ADDG17048625172.F	1.0	-2.8273560668438518	0.3355512925461108	green	0.3355512925461108
D:r1@ADDG05129930345.R	1.0	-1.3707867238525941	0.3355512925461108	green	0.3355512925461108
D:r1@ADDG01154432784.R	1.0	-1.3707867238525941	-0.3355512925461107	green	0.3355512925461107
D:r1@ADDG12040243154.F	1.0	-1.3707867238525941	-0.3355512925461107	green	0.3355512925461107
D:r1@ADDG22031887075.F	1.0	-1.3707867238525941	-0.3355512925461107	green	0.3355512925461107
D:r1@ADDG03177530924.F	1.0	-1.3707867238525941	-0.3355512925461107	green	0.3355512925461107
D:r1@ADDG04085090017.F	1.0	-1.3707867238525941	-0.3355512925461107	green	0.3355512925461107
D:r1@ADDG06073768727.R	1.0	-1.3707867238525941	-0.3355512925461107	green	0.3355512925461107
D:r1@ADDG08098211441.R	1.0	-1.3707867238525941	-0.3355512925461107	green	0.3355512925461107
D:r1@ADDG09092268761.R	1.0	-1.3707867238525941	-0.3355512925461107	green	0.3355512925461107
P:r1@PDE10A	1.0	1.639760450568827	-0.3355377008580175	green	0.3355377008580175
P:r1@CLSTN2	1.0	1.357614007894534	-0.3348216885950577	green	0.3348216885950577
P:r3@ADDG05150781129.B	1.0	0.4137212284144588	-0.33374367955197554	green	0.33374367955197554
P:r1@HIST2H3D	1.0	-0.3336525647851384	-0.3336200858307962	green	0.3336200858307962
P:r1@RASL11B	1.0	3.5324953060751385	-0.33333153627805273	green	0.33333153627805273
P:r2@ADDG07095396938.B	1.0	-2.5870497159290675	-0.33279913765580277	green	0.33279913765580277
P:r1@PLPPR4	1.0	0.4101715723618891	-0.33121335825098913	green	0.33121335825098913
P:r1@TAC1	1.0	16.686299026944184	0.33015236375723434	green	0.33015236375723434
D:r1@ADDG02215903251.R	1.0	-2.4707946659667908	0.3298831165892453	green	0.3298831165892453
D:r1@ADDG05107659512.R	1.0	-2.5299222118695135	0.3298528998734789	green	0.3298528998734789
D:r1@ADDG07012931645.F	1.0	0.8635955351268707	-0.3293804418423056	green	0.3293804418423056
P:r1@IRF4	1.0	2.2631139348770617	-0.3283420468977254	green	0.3283420468977254
D:r1@ADDG18039628361.F	1.0	-2.7434136986523456	0.3258073280464619	green	0.3258073280464619
D:r1@ADDG02177246790.R	1.0	-2.6789855480758553	-0.32580732804646184	green	0.32580732804646184
D:r1@ADDG02109559906.R	1.0	-2.676936125167041	0.32510869638541	green	0.32510869638541
P:r2@ATP6V0D1	1.0	-0.31243783417762516	0.32504539181625935	green	0.32504539181625935
D:r1@ADDG09070467205.B	1.0	-2.53393201296362	0.32470158940891664	green	0.32470158940891664
D:r1@ADDG21008400458.B	1.0	20.953376219309302	-0.32465293101075576	green	0.32465293101075576
P:r1@SH3PXD2A	1.0	0.7945500506080457	-0.3244242801973615	green	0.3244242801973615
D:r1@ADDG03023889614.R	1.0	-2.224155832437767	-0.32418971307702094	green	0.32418971307702094
P:r1@GAL	1.0	-0.23770201234968302	-0.3226535748374022	green	0.3226535748374022
P:r1@SLC6A8	1.0	4.0940387291039135	-0.3219489774772295	green	0.3219489774772295
D:r3@ADDG19055494757.B	1.0	-2.6957746149162785	0.32192809488736235	green	0.32192809488736235
D:r1@ADDG10093464197.R	1.0	-2.7292461478080736	-0.3219280948873623	green	0.3219280948873623
D:r1@ADDG02056191833.F	1.0	-2.7218444622422266	-0.3219280948873623	green	0.3219280948873623
D:r1@ADDG11044301307.F	1.0	-2.755315994939789	0.32192809488736207	green	0.32192809488736207
D:r1@ADDG02188542106.F	1.0	-2.7218444622426103	-0.32192809488736207	green	0.32192809488736207
D:r1@ADDG21041621247.F	1.0	-2.7553159945186736	0.32192809488736207	green	0.32192809488736207
P:r1@PTPRN	1.0	1.6228005353741326	-0.3213253975526657	green	0.3213253975526657
D:r1@ADDG16084854824.B	1.0	1.8726478298017106	-0.3203560335722944	green	0.3203560335722944
D:r1@ADDG05109951990.F	1.0	-2.2029201722388296	-0.32015806409024933	green	0.32015806409024933
P:r2@TSC22D3	1.0	3.0427877015694635	-0.316906220537666	green	0.316906220537666
D:r2@ADDG05150781129.B	1.0	0.9616274121586936	-0.3153186625926755	green	0.3153186625926755
P:r1@PCSK9	1.0	3.77143400396644	-0.31378750745262485	green	0.31378750745262485
P:r1@APLN	1.0	0.6455162642244711	-0.3136560941198939	green	0.3136560941198939
D:r1@ADDG17082466836.R	1.0	-2.4643756838886284	-0.31162259256882985	green	0.31162259256882985
D:r1@ADDG03057791359.F	1.0	-2.559453641161694	-0.31012191576293663	green	0.31012191576293663
D:r1@ADDG08123687478.R	1.0	-2.7103896121327606	-0.31012191576293663	green	0.31012191576293663
P:r1@CRHBP	1.0	-1.3707867238525941	-0.3101219157629364	green	0.3101219157629364
D:r1@ADDG02201856936.F	1.0	-2.605284575394595	-0.30843232015604904	green	0.30843232015604904
P:r2@SREBF1	1.0	5.841969263337755	-0.3079919134826707	green	0.3079919134826707
P:r1@GRASP	1.0	0.3028964403028006	-0.3038369921778911	green	0.3038369921778911
P:r1@CPNE7	1.0	1.043208892770352	-0.3029782114869587	green	0.3029782114869587
P:r2@ARC	1.0	-0.45852933752783087	-0.3009048041262793	green	0.3009048041262793
D:r2@ADDG02127069221.B	1.0	-2.7124841585756325	-0.3002739482113322	green	0.3002739482113322
P:r1@FPR1	1.0	0.7881491224856797	-0.299803439378463	green	0.299803439378463
P:r1@GDF5	1.0	0.23452840432318223	-0.2968781427175519	green	0.2968781427175519
P:r1@PLIN4	1.0	13.552542449363091	-0.29464509488508867	green	0.29464509488508867
D:r1@ADDG14088423396.F	1.0	-1.3707867238525941	-0.29430535550788806	green	0.29430535550788806
D:r1@ADDG22029981828.F	1.0	-1.3707867238525941	0.29430535550788806	green	0.29430535550788806
P:r1@SLC22A3	1.0	0.7753193362566851	-0.29354684758446203	green	0.29354684758446203
P:r1@SPON1	1.0	3.0483920431702214	-0.28995593976668677	green	0.28995593976668677
P:r1@HK2	1.0	4.085637240211969	-0.2898456506813092	green	0.2898456506813092
P:r1@RNF144A	1.0	1.13697463511576	-0.2893909969062789	green	0.2893909969062789
D:r1@ADDG12021737032.F	1.0	-1.8221050163912151	-0.2889254577132285	green	0.2889254577132285
P:r1@NPR1	1.0	4.325987371927831	-0.2871430383223403	green	0.2871430383223403
P:r1@CENPB	1.0	3.176566401641327	-0.28632037621671347	green	0.28632037621671347
P:r1@MB21D2	1.0	0.35521972650296496	-0.2862291049994914	green	0.2862291049994914
P:r1@ADDG10017217333.B	1.0	0.18447677982294597	0.28622116001354214	green	0.28622116001354214
D:r1@ADDG06057798589.R	1.0	2.588882552265525	-0.2855735420496864	green	0.2855735420496864
D:r1@ADDG03078987140.R	1.0	-2.705248490832982	-0.2846376595899094	green	0.2846376595899094
D:r1@ADDG05065056217.F	1.0	3.2525670003766787	-0.28344981709791045	green	0.28344981709791045
P:r1@DERL3	1.0	2.2183777407047205	-0.281751719109952	green	0.281751719109952
P:r1@TBX2	1.0	1.478942973475307	-0.27816618653860936	green	0.27816618653860936
P:r1@DLX2	1.0	0.09090996486775593	-0.27759848367674467	green	0.27759848367674467
D:r1@ADDG09129805138.F	1.0	-2.6273814980173547	-0.27438414868232475	green	0.27438414868232475
P:r1@ARHGEF19	1.0	1.3751097752714307	-0.27363233939488074	green	0.27363233939488074
D:r1@ADDG05002008368.F	1.0	-0.5665501912721969	-0.27353751209145927	green	0.27353751209145927
D:r1@ADDG08001701345.R	1.0	-2.4568241375501096	-0.27340868160468607	green	0.27340868160468607
P:r1@TNFSF11	1.0	-2.624230829219797	0.27340868160468584	green	0.27340868160468584
D:r1@ADDG01044782190.F	1.0	-2.066151576669222	-0.2731734528087828	green	0.2731734528087828
P:r1@SCD5	1.0	1.1155100340059367	-0.27237200232828757	green	0.27237200232828757
D:r1@ADDG08128035416.B	1.0	-2.1185387575263976	0.27215398008353703	green	0.27215398008353703
P:r1@PDE3A	1.0	-0.22782077940170078	-0.2712245987713606	green	0.2712245987713606
D:r1@ADDG11061803118.B	1.0	3.172188680849014	-0.2703441449115162	green	0.2703441449115162
D:r1@ADDG10006273756.F	1.0	-2.684864801184624	0.268331519424099	green	0.268331519424099
P:r1@CHST7	1.0	2.2916671188142987	-0.26698922140926845	green	0.26698922140926845
P:r1@ABLIM3	1.0	1.1237787025920487	-0.2660211484378061	green	0.2660211484378061
D:r1@ADDG07096349803.F	1.0	-2.679217160023596	0.2650102719694323	green	0.2650102719694323
P:r1@RSPO2	1.0	0.20954556656048295	-0.2648829756847371	green	0.2648829756847371
P:r2@CPS1	1.0	-2.614024474098947	0.2644387814699444	green	0.2644387814699444
D:r1@ADDG03184229556.F	1.0	-2.7525752376272288	-0.26393523799736346	green	0.26393523799736346
P:r2@LIPE	1.0	6.2510251490563205	-0.263366758614782	green	0.263366758614782
D:r1@ADDG12030993402.R	1.0	-2.695774614267194	-0.26303440583379395	green	0.26303440583379395
D:r1@ADDG10099763310.F	1.0	-2.7218444611643875	0.2630344058337938	green	0.2630344058337938
P:r2@TBC1D4	1.0	-2.6957746151120756	-0.2630344058337938	green	0.2630344058337938
D:r1@ADDG02038031206.F	1.0	-2.7938845341467187	-0.2630344058337938	green	0.2630344058337938
P:r1@AC079753.2	1.0	-2.1913464716605477	0.2630344058337938	green	0.2630344058337938
D:r1@ADDG03011155595.F	1.0	-2.6957746151120765	-0.2630344058337938	green	0.2630344058337938
P:r1@IRX4	1.0	-2.721844364886385	0.2630344058337938	green	0.2630344058337938
D:r1@ADDG08116700701.R	1.0	-2.5540295688517163	-0.2630344058337938	green	0.2630344058337938
P:r1@TRARG1	1.0	2.1745874540685426	-0.2625871924398444	green	0.2625871924398444
D:r1@ADDG16086503837.R	1.0	-2.5951907898436315	0.2607727876441351	green	0.2607727876441351
P:r2@AKAP13	1.0	0.504938895080668	-0.26071959511686454	green	0.26071959511686454
P:r1@ITGA7	1.0	2.928925581977587	-0.26026930882989036	green	0.26026930882989036
D:r1@ADDG03098929322.F	1.0	-2.505874644403127	0.25985380433574645	green	0.25985380433574645
D:r1@ADDG13094305898.F	1.0	0.20425649101162613	-0.2581162336995727	green	0.2581162336995727
P:r1@PCSK1	1.0	-0.0012773708650278895	-0.2573118219186526	green	0.2573118219186526
D:r1@ADDG03028347928.B	1.0	1.8415556373952844	-0.25726724802387957	green	0.25726724802387957
P:r1@HIST1H2BI	1.0	-0.3283985551338028	-0.2570148777789015	green	0.2570148777789015
D:r1@ADDG02203785051.R	1.0	-1.3707867238525941	0.256995527465	green	0.256995527465
D:r1@ADDG06053494604.F	1.0	-2.3943232792920837	-0.2569955274649998	green	0.2569955274649998
D:r1@ADDG10034391213.R	1.0	-1.3707867238525941	0.25699552746499976	green	0.25699552746499976
P:r1@FP236383.5	1.0	6.824597399430522	-0.2566152544063502	green	0.2566152544063502
P:r2@KAZN	1.0	2.346944060429026	-0.25650635161387325	green	0.25650635161387325
P:r1@FP671120.6	1.0	6.837617293629816	-0.2560295391098495	green	0.2560295391098495
P:r1@CR392039.1,r1@MIR3648-2	1.0	-0.023886645474182996	-0.2555068463046395	green	0.2555068463046395
D:r1@ADDG03130047114.F	1.0	-1.4009807698451795	-0.2549028699975231	green	0.2549028699975231
P:r1@AL023754.1	1.0	0.6173417843496202	-0.25366632726791316	green	0.25366632726791316
D:r1@ADDG01161115513.F	1.0	-2.559520040324288	0.2531493374109034	green	0.2531493374109034
P:r1@SYBU	1.0	0.7425982780605219	-0.25119945503251834	green	0.25119945503251834
P:r1@EPHB1	1.0	0.5361295407214378	-0.2504359098941243	green	0.2504359098941243
P:r1@TLE2	1.0	1.5830696313219055	-0.250178581005613	green	0.250178581005613
D:r1@ADDG15065244391.R	1.0	-0.34525623842833475	0.2496604678926883	green	0.2496604678926883
P:r1@C2CD4A	1.0	-2.7330959427917043	-0.24959926252424008	green	0.24959926252424008
D:r1@ADDG21008259835.B	1.0	15.53730123417804	-0.2494817148054466	green	0.2494817148054466
P:r2@BTBD3	1.0	-1.335374977374913	-0.24760458563348414	green	0.24760458563348414
P:r1@SLPI	1.0	0.13757392021095305	0.2460474623230221	green	0.2460474623230221
P:r1@GALNT15	1.0	1.6211391755173594	-0.243811968955614	green	0.243811968955614
D:r1@ADDG01164602697.F	1.0	-2.3680467439997077	0.2435066818537425	green	0.2435066818537425
P:r1@APOL2	1.0	4.506691849712907	-0.2433179764090489	green	0.2433179764090489
P:r1@PDE4B	1.0	1.261587824095512	-0.243132572909149	green	0.243132572909149
D:r1@ADDG20017498933.R	1.0	-2.5535261033660275	0.24290161446266081	green	0.24290161446266081
P:r1@WNT11	1.0	1.6182417120493862	-0.242758149415208	green	0.242758149415208
D:r1@ADDG15048185836.F	1.0	-2.5561413343883816	0.2410080995037947	green	0.2410080995037947
P:r1@ADAMTS18	1.0	-1.228893852889796	-0.24024353525184805	green	0.24024353525184805
P:r1@HEY1	1.0	-0.43013533569130213	-0.23900875483401762	green	0.23900875483401762
P:r1@AREG	1.0	3.15625746808185	-0.23794649387324726	green	0.23794649387324726
P:r1@CILP2	1.0	0.44860909954803596	-0.23765901617624366	green	0.23765901617624366
D:r1@ADDG19015394959.R	1.0	-2.5564911050964056	0.23762763080205726	green	0.23762763080205726
P:r1@FRAS1	1.0	1.0717297212338364	-0.23732641227664258	green	0.23732641227664258
P:r1@ITPKA	1.0	1.4104772282185265	-0.23732212410638193	green	0.23732212410638193
P:r3@PAX8	1.0	-0.8160313625650292	-0.2371428365990313	green	0.2371428365990313
P:r1@AC078850.1	1.0	0.21206472574270852	-0.23614681462328269	green	0.23614681462328269
P:r1@IL18R1	1.0	1.5499213620969015	-0.23613842507126853	green	0.23613842507126853
P:r4@SMYD3	1.0	-1.5217695634776218	-0.23545089134739208	green	0.23545089134739208
P:r1@NAV2	1.0	0.6453759470514169	-0.23523984870369946	green	0.23523984870369946
P:r2@ALG9	1.0	0.18783214421765815	0.2342787114778046	green	0.2342787114778046
P:r1@AC022809.1	1.0	1.9253707289582418	0.2339842852702029	green	0.2339842852702029
P:r1@GPD1L	1.0	3.122601943015391	-0.23253735579481166	green	0.23253735579481166
P:r1@UBASH3B	1.0	1.5478667162557211	-0.23146328093968238	green	0.23146328093968238
P:r1@MCM3	1.0	3.271953932992879	-0.23129141934884914	green	0.23129141934884914
P:r1@S1PR1	1.0	0.28473221453978026	-0.2297654786893981	green	0.2297654786893981
P:r1@ADDG12127060610.F	1.0	-2.3061197424273603	0.22959897527763434	green	0.22959897527763434
P:r1@IGF2	1.0	0.2288524997170912	-0.22935295881679982	green	0.22935295881679982
P:r1@AOC2	1.0	3.6989166142642365	-0.22850456450599513	green	0.22850456450599513
P:r1@ADDG07043889901.F	1.0	-2.3458814900886034	-0.22610379892630292	green	0.22610379892630292
P:r1@FRZB	1.0	-0.225448778310989	-0.22546925040336555	green	0.22546925040336555
D:r1@ADDG21008442539.B	1.0	23.532454932241677	-0.22506022576051932	green	0.22506022576051932
P:r1@E2F1	1.0	1.5816914729603815	-0.22489510434351195	green	0.22489510434351195
P:r1@RNA5-8SN3	1.0	2.5266458863138945	-0.2246697810475897	green	0.2246697810475897
D:r1@ADDG01196404157.R	1.0	-1.6604124767356092	0.22400317533855574	green	0.22400317533855574
D:r1@ADDG0X099372394.F	1.0	-2.5780351470683547	0.2234256293118111	green	0.2234256293118111
P:r1@CDC6	1.0	4.001345212643457	-0.22297016298443215	green	0.22297016298443215
D:r1@ADDG12079822827.R	1.0	-2.647952513012656	-0.22296791267273314	green	0.22296791267273314
D:r1@ADDG21028818988.F	1.0	-2.2742034851031003	0.22260447116950868	green	0.22260447116950868
P:r1@TLL2	1.0	0.7448865340541398	-0.22244822970868547	green	0.22244822970868547
D:r1@ADDG10133428852.F	1.0	-2.6944962287235543	0.22239242133644802	green	0.22239242133644802
D:r1@ADDG16064344798.F	1.0	-2.671373626749473	-0.22239242133644802	green	0.22239242133644802
D:r1@ADDG02166266588.R	1.0	-2.671373626749474	-0.22239242133644802	green	0.22239242133644802
D:r1@ADDG05115526037.R	1.0	-2.2993435343081754	-0.22239242133644802	green	0.22239242133644802
D:r1@ADDG07080443527.F	1.0	-2.766536300627625	-0.22239242133644802	green	0.22239242133644802
D:r1@ADDG09122458529.R	1.0	-2.12604463639263	-0.22239242133644802	green	0.22239242133644802
P:r1@FMO3	1.0	0.13246377971733214	-0.2215137017604431	green	0.2215137017604431
D:r1@ADDG21008260936.B	1.0	21.424243837356034	-0.22078295557840347	green	0.22078295557840347
D:r1@ADDG05043658852.F	1.0	1.8404075264456758	-0.21995884991389433	green	0.21995884991389433
P:r1@HIST1H3I	1.0	0.7878696172958882	-0.21909342558797557	green	0.21909342558797557
D:r1@ADDG01075791845.F	1.0	-1.3707867238525941	-0.2180634079969089	green	0.2180634079969089
D:r1@ADDG12102444258.R	1.0	-1.3707867238525941	0.21806340799690882	green	0.21806340799690882
P:r1@WNT5A	1.0	0.35262378646839976	-0.21750240293857165	green	0.21750240293857165
D:r1@ADDG04044867310.F	1.0	17.26962482420818	-0.21732012151155214	green	0.21732012151155214
P:r1@FAM43A	1.0	0.9877129211447889	-0.2173076600627	green	0.2173076600627
P:r1@IL1RL1	1.0	0.06589164586787982	-0.216410189654733	green	0.216410189654733
P:r1@CCNF	1.0	0.9759496318101176	-0.2159195229093198	green	0.2159195229093198
P:r1@HIP1	1.0	0.7060371428097831	-0.2153463255557657	green	0.2153463255557657
D:r1@ADDG15089498236.R	1.0	-2.544219106061627	-0.21507372986890821	green	0.21507372986890821
P:r1@ADDG01155277793.R	1.0	-1.3707867238525941	-0.21481914877515487	green	0.21481914877515487
D:r1@ADDG01235859866.R	1.0	-1.3707867238525941	-0.21481914877515487	green	0.21481914877515487
P:r3@NAV2	1.0	-1.3707867238525941	-0.21481914877515487	green	0.21481914877515487
D:r1@ADDG11027468489.F	1.0	-1.3707867238525941	-0.21481914877515487	green	0.21481914877515487
D:r1@ADDG11075241734.R	1.0	-1.3707867238525941	-0.21481914877515487	green	0.21481914877515487
D:r1@ADDG12094952581.F	1.0	-1.3707867238525941	-0.21481914877515487	green	0.21481914877515487
D:r1@ADDG13040327015.R	1.0	-1.3707867238525941	-0.21481914877515487	green	0.21481914877515487
D:r1@ADDG14074665804.F	1.0	-1.3707867238525941	-0.21481914877515487	green	0.21481914877515487
D:r1@ADDG16011551256.F	1.0	-1.3707867238525941	-0.21481914877515487	green	0.21481914877515487
D:r1@ADDG16014057100.R	1.0	-1.3707867238525941	-0.21481914877515487	green	0.21481914877515487
D:r1@ADDG02063466061.F	1.0	-1.3707867238525941	-0.21481914877515487	green	0.21481914877515487
D:r1@ADDG02074147031.F	1.0	-1.3707867238525941	-0.21481914877515487	green	0.21481914877515487
D:r1@ADDG02197712180.F	1.0	-1.3707867238525941	-0.21481914877515487	green	0.21481914877515487
D:r1@ADDG21026799354.F	1.0	-1.3707867238525941	-0.21481914877515487	green	0.21481914877515487
D:r1@ADDG03032401692.R	1.0	-1.3707867238525941	-0.21481914877515487	green	0.21481914877515487
D:r1@ADDG03197949198.F	1.0	-1.3707867238525941	-0.21481914877515487	green	0.21481914877515487
D:r1@ADDG05028930070.F	1.0	-1.3707867238525941	-0.21481914877515487	green	0.21481914877515487
D:r1@ADDG06117397937.R	1.0	-1.3707867238525941	-0.21481914877515487	green	0.21481914877515487
D:r1@ADDG07128475737.F	1.0	-1.3707867238525941	-0.21481914877515487	green	0.21481914877515487
D:r1@ADDG07140000450.R	1.0	-1.3707867238525941	-0.21481914877515487	green	0.21481914877515487
D:r1@ADDG08037156668.R	1.0	-1.3707867238525941	-0.21481914877515487	green	0.21481914877515487
P:r1@ADDG09088745778.F	1.0	-1.3707867238525941	-0.21481914877515487	green	0.21481914877515487
D:r1@ADDG0X136191325.R	1.0	-1.3707867238525941	-0.21481914877515487	green	0.21481914877515487
D:r1@ADDG01068028526.R	1.0	-2.5545090164485584	-0.2131296761982049	green	0.2131296761982049
P:r1@MIR3188	1.0	0.1612833559259338	0.21235143278891674	green	0.21235143278891674
P:r1@ADDG01155308639.R	1.0	-0.032619296498330654	0.20960716311738012	green	0.20960716311738012
P:r1@EVA1C	1.0	0.9419759344290638	-0.20854074444488002	green	0.20854074444488002
D:r1@ADDG0X136159969.B	1.0	-2.202543206816566	-0.20853195740761696	green	0.20853195740761696
P:r1@SMOX	1.0	2.3854273811832765	-0.20788723132711898	green	0.20788723132711898
P:r1@CCL8	1.0	0.7805851451852855	0.207620550906282	green	0.207620550906282
P:r1@PISD	1.0	1.5421984405376716	-0.2071006624428857	green	0.2071006624428857
P:r1@DLG5	1.0	0.5240006814963444	-0.20693512860693677	green	0.20693512860693677
P:r1@ATOH8	1.0	0.7200602836407471	-0.20679069058762628	green	0.20679069058762628
P:r2@COL1A1	1.0	0.2976204804194721	-0.2064977955336008	green	0.2064977955336008
P:r1@SAA1,r1@RNA5SP334	1.0	-0.037859228150884876	0.20627844034589043	green	0.20627844034589043
P:r1@DUSP5	1.0	0.4550063354151771	-0.2046195612509665	green	0.2046195612509665
D:r1@ADDG05015714918.F	1.0	-2.6576302966706016	-0.20396682314001136	green	0.20396682314001136
P:r1@SP9	1.0	0.3393978087941806	-0.20372756784296714	green	0.20372756784296714
P:r1@ITPRIP	1.0	-0.07984903640696073	-0.20365720152068537	green	0.20365720152068537
D:r1@ADDG01155091639.F	1.0	-2.343386252794604	-0.20307387097775043	green	0.20307387097775043
P:r1@SULF2	1.0	1.2316088630134983	-0.20282851238102453	green	0.20282851238102453
P:r1@MEGF9	1.0	2.4323496167661482	-0.20176432443812348	green	0.20176432443812348
P:r1@ECHDC3	1.0	1.5241348574105413	-0.20134427263502333	green	0.20134427263502333
P:r1@SNAI1	1.0	0.63162830159756	-0.2012530014161096	green	0.2012530014161096
D:r1@ADDG03013571661.B	1.0	2.313104119936005	-0.20097048878564308	green	0.20097048878564308
D:r1@ADDG11122166211.R	1.0	-2.6560116556029043	-0.19917410997369026	green	0.19917410997369026
D:r1@ADDG21008443541.B	1.0	17.824309814703096	-0.19888452239120313	green	0.19888452239120313
P:r1@JADE1	1.0	0.7041695541029118	-0.1985666193600069	green	0.1985666193600069
P:r2@NCOR2	1.0	0.4736468243222328	-0.19757566491931552	green	0.19757566491931552
P:r1@GYG2	1.0	3.931835967284935	-0.19725399893324255	green	0.19725399893324255
D:r1@ADDG11087137277.R	1.0	-2.7088955010805615	-0.19690993442123314	green	0.19690993442123314
P:r1@TMEM100	1.0	1.8415375247580772	-0.19602189306277346	green	0.19602189306277346
P:r1@LIFR	1.0	0.7407421234377424	-0.19594003316678227	green	0.19594003316678227
P:r1@MAB21L1	1.0	-0.02214786888307109	-0.19450761046095932	green	0.19450761046095932
P:r1@HS6ST1	1.0	0.5234969414545297	-0.1937964100788841	green	0.1937964100788841
P:r2@FBLN2	1.0	0.37602214998933337	-0.1931823812102381	green	0.1931823812102381
D:r1@ADDG03125064223.R	1.0	-2.671373626749475	0.1926450779423961	green	0.1926450779423961
D:r1@ADDG06093788101.F	1.0	-2.3373036458994023	0.1926450779423961	green	0.1926450779423961
P:r2@ADDG01247210473.B	1.0	-2.366567430140013	-0.19264507794239588	green	0.19264507794239588
D:r1@ADDG06121087945.F	1.0	-2.474120867307756	-0.19264507794239571	green	0.19264507794239571
P:r1@RGS2	1.0	1.30005900785966	-0.19255923479151957	green	0.19255923479151957
P:r1@NDNF	1.0	-0.0245344067043866	-0.1920746780344791	green	0.1920746780344791
P:r1@HIST2H2BF	1.0	0.28719771862036547	-0.1913085678934182	green	0.1913085678934182
P:r1@AOX1	1.0	3.663374655161663	-0.1911298187562392	green	0.1911298187562392
P:r1@CERS6	1.0	1.3847749842237778	-0.19110101756103964	green	0.19110101756103964
P:r1@ADDG12054401419.F	1.0	0.28876704647646056	-0.19054148310619143	green	0.19054148310619143
D:r1@ADDG03195568830.F	1.0	1.6260050685485778	-0.19049436789505364	green	0.19049436789505364
P:r1@FABP3	1.0	1.6334513813796019	0.1900207278604462	green	0.1900207278604462
P:r1@TRH	1.0	-0.37172467917240215	-0.18969191209277858	green	0.18969191209277858
P:r1@FJX1	1.0	2.2007855355536194	-0.18913213230423706	green	0.18913213230423706
P:r1@CPXM1	1.0	0.6840378862386954	-0.1883429052556723	green	0.1883429052556723
P:r1@ADDG0X037350167.B,r1@PRRG1,r1@AF241726.2	1.0	1.1255771647892918	-0.18677426376862014	green	0.18677426376862014
D:r1@ADDG02174337074.B	1.0	0.40798325827206805	-0.18624566400543713	green	0.18624566400543713
P:r1@C3	1.0	11.671803394865073	-0.1860185918577196	green	0.1860185918577196
D:r1@ADDG01008013779.B	1.0	1.0395182782503674	-0.18581222458301377	green	0.18581222458301377
P:r1@HIST1H4B	1.0	-0.3966900610007599	-0.18577497633763235	green	0.18577497633763235
P:r2@SSH2	1.0	2.316302463303804	-0.185305536525738	green	0.185305536525738
D:r1@ADDG14068365349.R	1.0	-2.6454260185619085	-0.18469421721575965	green	0.18469421721575965
P:r1@MACF1	1.0	0.8502576767255984	-0.18321506775946048	green	0.18321506775946048
P:r1@DNMBP	1.0	0.26072755455288255	-0.1824719665819712	green	0.1824719665819712
P:r1@HAS1	1.0	1.1324894382196544	-0.18214991224541147	green	0.18214991224541147
D:r1@ADDG06038053030.F	1.0	-2.545702941819792	0.1816688521445696	green	0.1816688521445696
P:r2@ABCC2	1.0	0.3806614980616364	-0.181666784559308	green	0.181666784559308
D:r1@ADDG03154972171.B	1.0	-0.1366051958960418	-0.18108092608808574	green	0.18108092608808574
P:r1@UNC5B	1.0	1.2578293285946616	-0.17987586563932784	green	0.17987586563932784
D:r1@ADDG12029314444.R	1.0	-2.699685655358538	0.17881703222472622	green	0.17881703222472622
P:r1@EHD3	1.0	0.07640125950340393	-0.17849840670186404	green	0.17849840670186404
P:r2@MRTFB	1.0	1.2884602403841003	-0.1777102852024802	green	0.1777102852024802
P:r1@LMNB2	1.0	4.024202772775526	-0.17756883115724043	green	0.17756883115724043
D:r1@ADDG17060811515.F	1.0	-1.3707867238525941	0.1775093207322667	green	0.1775093207322667
P:r2@WNT5A	1.0	0.44742802167462525	-0.1770955948971347	green	0.1770955948971347
P:r1@PDE3B	1.0	5.628279566061564	-0.17601920486911984	green	0.17601920486911984
P:r1@CEBPA	1.0	5.723312925973634	-0.17599514841525923	green	0.17599514841525923
D:r1@ADDG01091387437.B	1.0	6.017892921686075	-0.17582150313288825	green	0.17582150313288825
P:r1@AL139393.3	1.0	0.7940270130906782	-0.17537037072357944	green	0.17537037072357944
P:r2@EPB41L3	1.0	2.134535138512051	-0.17454255897524	green	0.17454255897524
P:r1@CDCA7	1.0	1.9970379306403168	-0.1744435290818332	green	0.1744435290818332
D:r1@ADDG11062533469.F	1.0	0.016488084809802225	-0.17417711140383246	green	0.17417711140383246
P:r1@OSCAR	1.0	-0.6268385227538736	-0.1739615302905767	green	0.1739615302905767
P:r1@RAI2	1.0	0.7241421606797356	-0.1738574207866707	green	0.1738574207866707
D:r1@ADDG04099301889.F	1.0	-2.6844499989588724	0.1732334175247686	green	0.1732334175247686
P:r1@LBHD1	1.0	0.8221524466134317	-0.1728729707413949	green	0.1728729707413949
P:r1@CPSF4	1.0	1.043802311802557	-0.1719784742484233	green	0.1719784742484233
P:r1@SIX2	1.0	1.275495553089574	-0.17186337601588375	green	0.17186337601588375
P:r1@PAPPA-AS2	1.0	2.7460700880253825	-0.17184629044001218	green	0.17184629044001218
P:r1@SCARA5	1.0	1.9948119312514396	-0.17178221610255096	green	0.17178221610255096
P:r1@PMAIP1	1.0	0.2752912813511236	-0.17136575653617475	green	0.17136575653617475
P:r1@FICD	1.0	1.7645546111261377	-0.1712264065572464	green	0.1712264065572464
P:r1@IRX1	1.0	0.16514402138538975	-0.17059708363950182	green	0.17059708363950182
P:r1@WNK4	1.0	1.4928637338849728	-0.16776497026175796	green	0.16776497026175796
P:r1@HYOU1	1.0	3.714728323636634	-0.16706375665504727	green	0.16706375665504727
P:r2@TMBIM6	1.0	0.47755854029189815	-0.16696490393522734	green	0.16696490393522734
D:r1@ADDG04007823409.R	1.0	3.8546084477612803	-0.1666794297175279	green	0.1666794297175279
D:r1@ADDG01236064407.B	1.0	0.8476476734809383	-0.1664783315398622	green	0.1664783315398622
P:r1@SEC14L2	1.0	0.019946838764544603	-0.16610259802132413	green	0.16610259802132413
P:r1@COL5A3	1.0	1.4916409409437805	-0.16481532984954791	green	0.16481532984954791
P:r1@PPL	1.0	0.8517485947421342	-0.16401275733992965	green	0.16401275733992965
P:r3@RABGEF1	1.0	-2.321334082176637	0.16398639789768502	green	0.16398639789768502
P:r1@LIPM	1.0	-0.712984754838616	-0.16338550654127448	green	0.16338550654127448
P:r1@SGO2	1.0	3.1886790132980978	-0.16331883430167315	green	0.16331883430167315
P:r1@DUSP15	1.0	0.34466096725013406	-0.1629189470242063	green	0.1629189470242063
P:r2@C19orf12	1.0	3.1259754031496363	-0.16235221342975104	green	0.16235221342975104
P:r1@PDE7B	1.0	1.820064084017296	-0.1622474825119239	green	0.1622474825119239
P:r1@AF165147.1	1.0	-0.28925394548163463	-0.1621894388160946	green	0.1621894388160946
P:r1@CLGN	1.0	2.426467508731226	-0.16194565194870797	green	0.16194565194870797
P:r1@COL11A1	1.0	0.7715970506100335	-0.1608996934525121	green	0.1608996934525121
P:r1@PLEC	1.0	0.36512351543610644	-0.16082933555698076	green	0.16082933555698076
P:r1@CHMP1B	1.0	2.0247682276431056	-0.1607529456635896	green	0.1607529456635896
P:r2@IGF2	1.0	-0.03703988076638466	-0.16047155605036012	green	0.16047155605036012
P:r1@KCNJ8	1.0	0.49510028991002086	-0.16045186526090136	green	0.16045186526090136
D:r1@ADDG13075717062.F	1.0	-0.11166444043340412	0.16009448833216833	green	0.16009448833216833
P:r1@PITPNC1	1.0	1.2333400024973051	-0.16000938167645987	green	0.16000938167645987
D:r1@ADDG12003102703.R	1.0	-0.4086181904236129	0.15968502606375143	green	0.15968502606375143
P:r2@CCL20	1.0	-2.723558135829566	-0.15961949912378015	green	0.15961949912378015
D:r1@ADDG22037592578.R	1.0	-2.689668170248894	-0.15961949912378015	green	0.15961949912378015
P:r1@INCENP	1.0	1.6654374552115188	-0.1592660321218457	green	0.1592660321218457
D:r1@ADDG08106858460.B	1.0	-2.624125068676252	-0.15896095512223277	green	0.15896095512223277
P:r1@FAM237B	1.0	-1.5339422923875858	-0.15880826312551094	green	0.15880826312551094
P:r1@ADDG15049615483.F	1.0	0.4280452936999335	-0.15840208019999372	green	0.15840208019999372
D:r1@ADDG06112004438.R	1.0	-1.3707867238525941	-0.15804197181384427	green	0.15804197181384427
D:r1@ADDG16089255949.R	1.0	-1.3707867238525941	0.1580419718138442	green	0.1580419718138442
P:r1@HIST1H1B	1.0	2.5091398776733045	-0.15797423891201448	green	0.15797423891201448
P:r3@SEPTIN9	1.0	1.2571636956285273	-0.15661757835327983	green	0.15661757835327983
P:r1@HIST1H3J,r1@HIST1H2AM	1.0	2.1660662381771716	-0.15617772305967148	green	0.15617772305967148
P:r1@OLAH	1.0	0.19071202583486013	-0.15519775723902351	green	0.15519775723902351
D:r1@ADDG10088534361.B	1.0	-2.5741338614248903	-0.15492187336059973	green	0.15492187336059973
P:r1@SOCS2	1.0	-0.14611562606057218	-0.15413307013684616	green	0.15413307013684616
P:r1@ARL4C	1.0	0.3796480838333244	-0.1525855257016719	green	0.1525855257016719
P:r1@GPT2	1.0	3.2282740076429017	-0.15240736345884173	green	0.15240736345884173
D:r1@ADDG17082424753.B	1.0	1.2248517666514447	-0.1523738431014379	green	0.1523738431014379
P:r1@ADDG19049817885.B	1.0	0.31164716709245044	0.1523327308341168	green	0.1523327308341168
P:r1@RHEBP2	1.0	0.9087366819561199	-0.15230597208238467	green	0.15230597208238467
D:r1@ADDG22036220647.F	1.0	0.7295924009204716	-0.15096509249432402	green	0.15096509249432402
P:r1@TMEM64	1.0	2.187918339906103	-0.15065118743735814	green	0.15065118743735814
P:r1@OAS1	1.0	1.2143670968612867	-0.15043868426899426	green	0.15043868426899426
P:r1@MFSD2A	1.0	0.15795607706674508	-0.1500722615131597	green	0.1500722615131597
P:r1@5-8S-rRNA.3	1.0	0.665559420370086	-0.14996474158144923	green	0.14996474158144923
P:r2@ANGPTL1	1.0	3.148871663536847	-0.14996296489182348	green	0.14996296489182348
P:r1@AZGP1	1.0	1.2533913496954734	-0.14993416899279477	green	0.14993416899279477
P:r1@DHFR	1.0	5.03197004905813	-0.14972635922322294	green	0.14972635922322294
P:r1@SNX25	1.0	0.10122754661303246	-0.1495482605768187	green	0.1495482605768187
P:r1@GADD45G	1.0	0.21116464914445265	0.14929289633544238	green	0.14929289633544238
P:r1@LIPG	1.0	1.3600676547551795	-0.1487496134619458	green	0.1487496134619458
P:r1@RBP4	1.0	0.40508162027972594	0.1486955004078923	green	0.1486955004078923
P:r1@AMMECR1	1.0	0.3394782380531872	-0.14861925205872667	green	0.14861925205872667
D:r1@ADDG17001536912.R	1.0	-1.3707867238525941	-0.14705834492346306	green	0.14705834492346306
D:r1@ADDG05042949960.F	1.0	-2.2138645232022176	-0.14701219585875455	green	0.14701219585875455
P:r1@MCM5	1.0	3.8825174841962546	-0.14687031425325356	green	0.14687031425325356
P:r1@HIST2H2AB	1.0	0.0902980569608608	-0.14679431335608464	green	0.14679431335608464
P:r1@ALOX15B	1.0	1.5707459666145795	-0.14657491685245633	green	0.14657491685245633
P:r1@PSRC1	1.0	2.2593582498960774	-0.1465049976603184	green	0.1465049976603184
P:r2@FSTL3	1.0	0.140145611782177	-0.1463245799067436	green	0.1463245799067436
P:r1@PGF	1.0	0.32018080784964253	-0.1459772335180331	green	0.1459772335180331
P:r1@RN7SL2,r1@AL627171.2	1.0	1.7557479528034317	-0.14566178476219593	green	0.14566178476219593
P:r1@AGPAT4	1.0	1.2782990064039805	-0.14519143613911611	green	0.14519143613911611
D:r1@ADDG19048729385.R	1.0	-0.15917209020362302	-0.1447611990769876	green	0.1447611990769876
P:r1@EMILIN2	1.0	1.7145963286965347	-0.14431601482423553	green	0.14431601482423553
P:r1@PDE4D	1.0	1.5958628302058497	-0.14427382495768762	green	0.14427382495768762
P:r1@IFI44L	1.0	0.20813378631460877	-0.14403675188338244	green	0.14403675188338244
P:r1@SCX	1.0	-0.6142859908772426	-0.1440200279461174	green	0.1440200279461174
D:r1@ADDG07043923295.R	1.0	-2.4262629739539303	0.14370535878253612	green	0.14370535878253612
P:r2@SMARCA2	1.0	0.8461855745711784	-0.14353368353961035	green	0.14353368353961035
D:r1@ADDG19015470062.R	1.0	-1.6918037206547614	0.14321701153569352	green	0.14321701153569352
P:r1@ADDG06063807291.F	1.0	-2.2552423530201966	0.14317146557130359	green	0.14317146557130359
P:r1@SYNM	1.0	2.5326234378271333	-0.1431705528881097	green	0.1431705528881097
P:r2@FAH	1.0	-0.2412346092812977	-0.1431306058358776	green	0.1431306058358776
P:r1@MIR1469,r2@NR2F2	1.0	0.24862116066038242	-0.14282288157303147	green	0.14282288157303147
P:r1@PFKFB3	1.0	0.8593643695115404	-0.1427826790408568	green	0.1427826790408568
P:r1@MCM7	1.0	5.463141894375296	-0.14272831411787198	green	0.14272831411787198
P:r1@OASL	1.0	0.6857168910628416	-0.1426964212390802	green	0.1426964212390802
P:r1@ABCD2	1.0	1.3924326529064583	-0.142650334288325	green	0.142650334288325
P:r1@GALM	1.0	1.0121173306052709	-0.14185182732941584	green	0.14185182732941584
P:r1@MAFB	1.0	1.8400322648000977	-0.1413430813847706	green	0.1413430813847706
P:r1@MCM4	1.0	2.8096241268168085	-0.14057440346681474	green	0.14057440346681474
P:r1@OSR2	1.0	1.5101449293592117	-0.14033750125101682	green	0.14033750125101682
P:r1@CXCL14	1.0	-0.29413465878979606	0.1403088610199761	green	0.1403088610199761
P:r1@ADDG17062966789.F	1.0	0.224735284472645	-0.140262462009174	green	0.140262462009174
P:r1@IFIT2	1.0	-0.20767910603528242	-0.14010127509272027	green	0.14010127509272027
P:r1@SAMD11	1.0	0.22358853328444328	-0.13996199330281497	green	0.13996199330281497
P:r1@SLC7A11	1.0	1.3458716459398536	-0.139871922401184	green	0.139871922401184
P:r1@H19	1.0	3.3635731902522186	-0.1397374663796391	green	0.1397374663796391
P:r1@GPAT2	1.0	0.6774995839519952	-0.13958639108904558	green	0.13958639108904558
P:r2@ADDG0X103686527.B	1.0	2.5466804084802734	-0.13956403682282287	green	0.13956403682282287
P:r1@SEMA5A	1.0	1.0744271311668434	-0.13905255046449105	green	0.13905255046449105
P:r1@CRISPLD2	1.0	2.174399289497585	-0.13899702733633598	green	0.13899702733633598
D:r1@ADDG01152655421.F	1.0	-2.312625319160982	0.138735642509029	green	0.138735642509029
P:r1@FOXC2	1.0	1.7062560175421027	-0.13844216867794623	green	0.13844216867794623
P:r1@GPC4	1.0	0.9547795048108952	-0.1384392260123809	green	0.1384392260123809
P:r1@HIST1H2BB	1.0	-0.28719665241933867	-0.1375989436516373	green	0.1375989436516373
P:r1@THBD	1.0	-0.18218915168480523	-0.13711529438935732	green	0.13711529438935732
P:r1@SLC29A1	1.0	0.9871669844297207	-0.13690091326687107	green	0.13690091326687107
P:r1@LNCOG	1.0	0.3491791188044605	-0.13667562925857307	green	0.13667562925857307
P:r1@P4HA3	1.0	0.43614081868519483	-0.1366686513096917	green	0.1366686513096917
D:r1@ADDG12014882029.F	1.0	1.5517412201230945	0.13657966717766548	green	0.13657966717766548
P:r1@FOXF1	1.0	0.04061226763593472	-0.13644988991036142	green	0.13644988991036142
P:r5@COL1A1	1.0	-0.04070711285383179	-0.13607929232859525	green	0.13607929232859525
P:r1@MOCOS	1.0	0.2739751430626335	-0.13535047605954542	green	0.13535047605954542
D:r1@ADDG17040012338.F	1.0	-2.2518375689042096	-0.13531045910695225	green	0.13531045910695225
D:r1@ADDG09018702113.R	1.0	1.3503548198705524	0.13528815883543158	green	0.13528815883543158
P:r2@PDE4D	1.0	0.894336976819818	-0.13527345577153363	green	0.13527345577153363
D:r1@ADDG0X065733275.B	1.0	0.10130474633269115	-0.1343072240257416	green	0.1343072240257416
P:r1@MIOS	1.0	1.3870972967370905	-0.13428999868280364	green	0.13428999868280364
D:r2@ADDG08027932916.B	1.0	-2.752570795411612	0.13421272409204335	green	0.13421272409204335
P:r2@TMEM45A	1.0	0.3836228638075566	-0.13366607267649427	green	0.13366607267649427
D:r1@ADDG17059757591.R	1.0	-2.3227340292920378	0.13359022817330246	green	0.13359022817330246
P:r1@CD36	1.0	0.3036065184738318	0.13353784040961905	green	0.13353784040961905
P:r2@TCF12	1.0	1.5673429168222712	-0.13344700171812424	green	0.13344700171812424
P:r1@HIST1H1D	1.0	2.3285222748031917	-0.1322688912424264	green	0.1322688912424264
D:r1@ADDG05043700187.F	1.0	1.0867092338211004	-0.13211073496536588	green	0.13211073496536588
P:r1@NAV3	1.0	1.226037561103485	-0.13165902318826764	green	0.13165902318826764
P:r1@AC007938.2	1.0	-0.1537334472258202	0.1310024865233664	green	0.1310024865233664
P:r1@RACGAP1	1.0	3.4713453415082296	-0.1306923944975582	green	0.1306923944975582
D:r1@ADDG17058659226.B	1.0	0.08482698640508846	0.13057852511212528	green	0.13057852511212528
P:r1@CENPE	1.0	2.204782848498984	0.13041602816263634	green	0.13041602816263634
P:r1@CPM	1.0	0.9455720186013475	-0.13031277375265754	green	0.13031277375265754
P:r1@GPX3	1.0	5.645134260896655	-0.1302063165744384	green	0.1302063165744384
P:r1@PRXL2A	1.0	0.13812591896936383	0.12955178328242078	green	0.12955178328242078
D:r1@ADDG07037907621.B	1.0	2.2657176651112274	-0.12933382637046478	green	0.12933382637046478
P:r1@ADDG0X107715877.B,r1@TSC22D3	1.0	4.775872207425032	-0.12909243972390136	green	0.12909243972390136
P:r1@CARMIL1	1.0	0.35626021195021995	-0.12895531095237367	green	0.12895531095237367
P:r1@HIST2H4A	1.0	1.462376041669208	-0.12887068819184552	green	0.12887068819184552
P:r1@NR2F1	1.0	1.0525779066168144	-0.12868456798641034	green	0.12868456798641034
P:r1@DPEP1	1.0	0.6985141680879959	-0.12722202025621485	green	0.12722202025621485
P:r2@SULF1	1.0	-0.6783550253392815	-0.12669021183350154	green	0.12669021183350154
P:r1@TSPAN15	1.0	0.8349374516861753	-0.1259920226205726	green	0.1259920226205726
P:r1@FOXQ1	1.0	-0.08282208635780011	-0.12594177140547794	green	0.12594177140547794
P:r1@RDH10	1.0	2.9915847290929936	-0.12582883040461415	green	0.12582883040461415
P:r1@MIR3143,r1@HIST1H2AH	1.0	1.0826303678739115	-0.125710844364167	green	0.125710844364167
P:r1@ALDH1B1	1.0	3.949804553040108	-0.1251692399061438	green	0.1251692399061438
P:r1@ACOT7	1.0	4.554932882671021	-0.12511331462899053	green	0.12511331462899053
P:r1@ADDG05179710030.R	1.0	0.9080550654805182	-0.12491099440113868	green	0.12491099440113868
P:r1@KCNG1	1.0	0.10941605160541776	-0.12477763412137896	green	0.12477763412137896
P:r1@NR4A1	1.0	0.23001093637545156	-0.1245979853918407	green	0.1245979853918407
D:r1@ADDG12127182332.R	1.0	16.482011142840307	0.12458193765742305	green	0.12458193765742305
P:r1@ADDG22029481084.F	1.0	0.004750436853030331	-0.12442035887124801	green	0.12442035887124801
P:r2@CDK5RAP2	1.0	-0.04284368670067752	-0.12437521022997926	green	0.12437521022997926
D:r1@ADDG03008548849.B	1.0	0.35231979229240207	-0.1241776608476511	green	0.1241776608476511
P:r1@SLC7A5	1.0	0.8137468931606474	-0.12411821022040334	green	0.12411821022040334
P:r1@CD52	1.0	-0.3314704518144235	-0.123763221193777	green	0.123763221193777
P:r1@LIG1	1.0	2.408967058152687	-0.12353567105329856	green	0.12353567105329856
P:r1@TLCD4,r1@TLCD4-RWDD3	1.0	1.3641484546979807	-0.12343264289652235	green	0.12343264289652235
P:r1@KIF18A	1.0	1.9232590780115575	0.12315072762788351	green	0.12315072762788351
P:r1@KPNA2	1.0	4.112006329720628	-0.12274818089107103	green	0.12274818089107103
P:r1@GREB1L	1.0	0.5428591430703783	-0.12265487137663543	green	0.12265487137663543
D:r1@ADDG0X047586726.R	1.0	1.5723382210157653	-0.12243445582659802	green	0.12243445582659802
P:r1@ASCL2	1.0	-1.394229318429956	-0.12223911203584936	green	0.12223911203584936
P:r1@HMGA2	1.0	2.216379535191607	-0.1221316261459777	green	0.1221316261459777
P:r1@SECTM1	1.0	4.675353669729743	-0.12191153344646964	green	0.12191153344646964
P:r1@GCLC	1.0	1.4065087771267004	-0.12127222051789602	green	0.12127222051789602
P:r2@HIST1H3J	1.0	0.11690709577551639	-0.12070743585166539	green	0.12070743585166539
D:r1@ADDG09092242662.B	1.0	1.2125323577697307	-0.1204987306537437	green	0.1204987306537437
P:r1@STXBP6	1.0	2.8075508418408086	-0.12049553445468816	green	0.12049553445468816
P:r1@NCAPH	1.0	3.036643436334098	0.12038820882829908	green	0.12038820882829908
P:r1@CILP	1.0	1.1705760814529336	-0.12031107567189263	green	0.12031107567189263
P:r1@ENO2	1.0	0.09102434734994669	-0.12024720879527581	green	0.12024720879527581
P:r1@BDKRB2,r1@AL355102.2	1.0	1.1345491610792446	-0.12017391876799055	green	0.12017391876799055
D:r1@ADDG12016352771.R	1.0	-0.23856544927574666	-0.11964823173581358	green	0.11964823173581358
P:r1@DIPK1A	1.0	0.2575792063016019	-0.11959965377541797	green	0.11959965377541797
P:r1@SOCS3	1.0	0.0744384758932567	-0.11956260562584826	green	0.11956260562584826
P:r2@NR3C1	1.0	0.12452507745424912	-0.11912459974119897	green	0.11912459974119897
D:r1@ADDG22032860256.B	1.0	0.4461505479789697	-0.11902465190086334	green	0.11902465190086334
P:r2@ACSL1	1.0	3.7224426664113808	-0.11902021898601176	green	0.11902021898601176
P:r1@MMP28	1.0	0.9745704643203712	-0.11891302027384665	green	0.11891302027384665
P:r1@FZD7	1.0	0.16791417088755856	-0.11860225845684305	green	0.11860225845684305
P:r1@RHOU	1.0	0.9706232761020902	-0.11812106587193096	green	0.11812106587193096
P:r1@DLX5	1.0	-0.38349145363089476	-0.11774951653928527	green	0.11774951653928527
P:r1@CFB	1.0	13.248399070185476	-0.11716457837028016	green	0.11716457837028016
D:r1@ADDG12016551234.F	1.0	5.113178817465889	-0.11701649522954193	green	0.11701649522954193
P:r1@GCHFR	1.0	1.4952023597722228	-0.11676367779158417	green	0.11676367779158417
P:r1@KNSTRN	1.0	3.0865709655230655	-0.11664698743498043	green	0.11664698743498043
D:r1@ADDG08122429552.R	1.0	-0.5811343486250985	-0.11627401965785028	green	0.11627401965785028
P:r2@RGS5	1.0	-1.7019412053605838	0.11604052468339847	green	0.11604052468339847
D:r1@ADDG15100633207.F	1.0	-2.742698193797922	-0.1157871258956067	green	0.1157871258956067
P:r2@JADE1	1.0	0.020866139046290415	-0.11577473076882071	green	0.11577473076882071
D:r1@ADDG01246769562.F	1.0	0.11074857598429996	0.11546983101080127	green	0.11546983101080127
P:r1@ENPP1	1.0	2.2835691909518383	-0.11499289990103416	green	0.11499289990103416
P:r1@GPRC5B	1.0	0.21337599075177194	-0.11475773679498605	green	0.11475773679498605
D:r1@ADDG02241087469.B	1.0	3.9919308680719694	-0.1144930194388804	green	0.1144930194388804
P:r1@DIRAS3	1.0	1.717472046353931	-0.11430724942807087	green	0.11430724942807087
P:r1@EREG	1.0	0.5167190078289902	-0.11429598454214951	green	0.11429598454214951
P:r1@TMEM158	1.0	1.2374247325914458	-0.11401727754718684	green	0.11401727754718684
D:r1@ADDG13030840607.R	1.0	0.22861170833313127	-0.11371305572328454	green	0.11371305572328454
P:r1@MMP11	1.0	0.1763343889193948	-0.11360615847762111	green	0.11360615847762111
P:r1@PCSK1N	1.0	-0.07009914075722304	-0.11339526107681844	green	0.11339526107681844
P:r1@ADDG16003263724.R	1.0	-0.300585120824269	0.11314850509992253	green	0.11314850509992253
D:r1@ADDG01003619508.F	1.0	2.1471546475658134	-0.11293770299876145	green	0.11293770299876145
P:r1@HJURP	1.0	2.367107223370367	0.11278755140691131	green	0.11278755140691131
P:r1@NIBAN1	1.0	0.6110698457160343	-0.11251555676991816	green	0.11251555676991816
P:r1@ITGA2	1.0	0.3346473456034561	-0.11251518557469863	green	0.11251518557469863
P:r1@SLC1A3	1.0	0.4568740429021011	-0.1122396946345358	green	0.1122396946345358
P:r1@RORA	1.0	1.0536750303573725	-0.11209042607212923	green	0.11209042607212923
P:r2@MKX	1.0	18.76031852669573	0.11198375264381787	green	0.11198375264381787
P:r3@SLC1A2	1.0	-2.31154025855792	-0.11167506988081588	green	0.11167506988081588
P:r1@ADDG0X103629755.B,r1@TCEAL1	1.0	1.4782399191735114	-0.11155759005774685	green	0.11155759005774685
P:r1@ACSL5	1.0	3.0515432850645916	-0.11151472725717783	green	0.11151472725717783
P:r2@NPHP4	1.0	-2.7883454504112746	-0.11140424206514087	green	0.11140424206514087
P:r1@WNT5B	1.0	2.6421323349125063	-0.11116176014380641	green	0.11116176014380641
P:r1@PCGF5	1.0	0.5177820241622101	-0.11114460835001533	green	0.11114460835001533
P:r1@BCL2A1	1.0	1.034209619303713	-0.11075539813711338	green	0.11075539813711338
P:r1@HIST1H3B	1.0	3.514276437922973	0.11037516902058439	green	0.11037516902058439
D:r1@ADDG07100842101.F	1.0	-2.25561199676885	0.11030966549696089	green	0.11030966549696089
P:r1@COL15A1	1.0	3.0307433159861605	-0.11017564480817492	green	0.11017564480817492
P:r1@LINC02432	1.0	0.2492294722022682	0.11007032936775316	green	0.11007032936775316
P:r1@FEN1,r2@FADS2	1.0	3.214742030818185	-0.11001076843278712	green	0.11001076843278712
D:r1@ADDG01196828173.F	1.0	0.9597752335522968	0.10968887668554583	green	0.10968887668554583
P:r1@DNAJB9	1.0	2.8387421664695447	-0.10963792681099346	green	0.10963792681099346
P:r1@ADDG19041531693.B	1.0	-0.4264123032596746	-0.10941324606634331	green	0.10941324606634331
P:r1@PALM	1.0	1.8295325413290786	-0.10901670676611279	green	0.10901670676611279
P:r1@MDFI	1.0	1.6050303329102784	-0.10900266689925606	green	0.10900266689925606
P:r1@HIST1H2AB	1.0	0.4380819924787077	-0.10893418852519032	green	0.10893418852519032
P:r1@FAM171B	1.0	0.34621480717507913	-0.10888423377318941	green	0.10888423377318941
P:r1@TENT5B	1.0	0.5655867542523371	-0.10850957797769455	green	0.10850957797769455
P:r2@USP2	1.0	0.6817401864541829	-0.10826757292623387	green	0.10826757292623387
P:r1@HSPA2	1.0	0.12156915101684138	-0.1079802143752358	green	0.1079802143752358
D:r1@ADDG07030609665.R	1.0	-0.1259939228895041	-0.10784182143417506	green	0.10784182143417506
D:r1@ADDG06022294514.R	1.0	-2.5535261034293013	-0.1076584053783803	green	0.1076584053783803
P:r1@SYCE1	1.0	-0.07292223285175348	-0.10744188056101377	green	0.10744188056101377
P:r1@HSD3B7	1.0	1.2568322533002942	-0.10740419985566861	green	0.10740419985566861
P:r1@CYP1B1	1.0	11.956788105961236	-0.10738130832186765	green	0.10738130832186765
P:r2@SPRYD3	1.0	-0.311469317027519	-0.10636706145721236	green	0.10636706145721236
D:r1@ADDG03074614841.R	1.0	-0.06883785982376922	-0.10624069767917875	green	0.10624069767917875
D:r1@ADDG07150782020.R	1.0	-2.635236368896685	0.10585091428353523	green	0.10585091428353523
P:r1@NEFL	1.0	1.5756142538997369	-0.10563054022905213	green	0.10563054022905213
P:r1@FAM107A	1.0	0.06354164490605874	-0.10539931680841642	green	0.10539931680841642
P:r1@UBE2C	1.0	4.563203083968709	0.10536691870702704	green	0.10536691870702704
P:r1@FBXO5	1.0	1.22277764731953	-0.1051513552342753	green	0.1051513552342753
P:r1@AURKB	1.0	2.472441388786187	0.10475817634475078	green	0.10475817634475078
D:r1@ADDG03134361590.F	1.0	0.21745814161289057	-0.10423226016884993	green	0.10423226016884993
P:r1@CHN1	1.0	0.3239127745274152	-0.10418152946326557	green	0.10418152946326557
P:r1@FBXO32	1.0	2.3278398903116955	-0.10417009781709465	green	0.10417009781709465
P:r1@IMPA2	1.0	0.9824871266161065	-0.10387660743489005	green	0.10387660743489005
D:r1@ADDG17075138413.R	1.0	-2.6893510451525597	-0.10341490671001384	green	0.10341490671001384
P:r1@MCM2	1.0	1.970418848003466	-0.10319024827659312	green	0.10319024827659312
P:r2@RUNX2	1.0	0.29281292615052845	-0.10307688977643577	green	0.10307688977643577
P:r1@TYMS	1.0	6.933918388489199	-0.10301009978425858	green	0.10301009978425858
P:r1@MYO1D	1.0	1.2351262613352396	-0.10288602687956949	green	0.10288602687956949
D:r1@ADDG09134727395.R	1.0	0.9329269629532302	-0.10275927252031881	green	0.10275927252031881
P:r1@MIR612	1.0	0.4439828851545956	-0.10264734422640322	green	0.10264734422640322
P:r1@SNHG12	1.0	2.30311672643555	-0.10262291190893522	green	0.10262291190893522
D:r1@ADDG07128842363.R	1.0	1.0422148068432606	-0.10239674355285389	green	0.10239674355285389
P:r1@AMIGO2	1.0	0.2755069294536906	-0.10227223662657223	green	0.10227223662657223
D:r1@ADDG20008023266.F	1.0	0.5385434420689391	-0.10227114769533274	green	0.10227114769533274
P:r1@TGM2	1.0	2.2958775844793053	-0.10161623822206255	green	0.10161623822206255
P:r1@PTGER2	1.0	0.8445366896424494	-0.10156191610118966	green	0.10156191610118966
P:r1@TNFSF9	1.0	0.5574131267686382	-0.10118095911503831	green	0.10118095911503831
P:r1@CRIM1	1.0	2.2664079709193157	-0.10090607140882496	green	0.10090607140882496
P:r1@GPBAR1	1.0	2.6223314734852656	-0.10082935539661927	green	0.10082935539661927
P:r1@PHLDA1	1.0	1.8345956308393416	-0.10078999339378931	green	0.10078999339378931
P:r1@HIST1H3F	1.0	0.4876793916068065	0.10072833340125972	green	0.10072833340125972
P:r1@SERPINA3	1.0	0.49167284192722394	-0.10071487149690055	green	0.10071487149690055
D:r2@ADDG01209676345.B	1.0	0.44749749499698466	0.10063132289025581	green	0.10063132289025581
P:r1@ADDG11122202626.F	1.0	-2.700752724986802	0.1004652262879895	green	0.1004652262879895
P:r1@LBP	1.0	1.0463612982946024	-0.10041422187279876	green	0.10041422187279876
P:r2@LEPR	1.0	1.244505581401729	-0.09980632823327257	green	0.09980632823327257
D:r1@ADDG04039447187.F	1.0	-1.3321006819995198	0.09975210490050396	green	0.09975210490050396
P:r1@RRM1	1.0	2.8883887718328727	-0.09948126974193286	green	0.09948126974193286
P:r1@DBX2	1.0	-0.06370776665505307	-0.09919971367881007	green	0.09919971367881007
P:r1@CLEC2B	1.0	0.33582082837149285	-0.09899535656611243	green	0.09899535656611243
P:r1@ADAMTS1	1.0	0.21935788305206894	-0.09854554503997061	green	0.09854554503997061
P:r1@MND1	1.0	3.0717842064629397	0.0983320471593603	green	0.0983320471593603
P:r1@SORBS2	1.0	1.4544555704359177	-0.09766303879046939	green	0.09766303879046939
P:r1@AGTR1	1.0	1.4785970846940297	-0.09753791879690196	green	0.09753791879690196
D:r1@ADDG10071970536.F	1.0	-2.560142763359582	0.09728826436502713	green	0.09728826436502713
P:r1@MMP9	1.0	-0.8576015731330845	-0.0971167390267086	green	0.0971167390267086
P:r1@AC112770.1	1.0	-0.2889398793913883	-0.09651605485521451	green	0.09651605485521451
P:r1@TMEM200A	1.0	0.003688999689507186	-0.09651063213233911	green	0.09651063213233911
P:r1@IFIT3	1.0	-0.09432885915136416	-0.09641246185785783	green	0.09641246185785783
P:r2@PITX2	1.0	-0.09133336535307582	-0.09631132550048063	green	0.09631132550048063
P:r1@PIF1	1.0	0.6028492249888637	0.09618384004634446	green	0.09618384004634446
P:r1@PRIM2	1.0	0.3210878699681038	-0.09598808798413018	green	0.09598808798413018
P:r1@CDC20	1.0	4.7278429686152394	0.09573278774803892	green	0.09573278774803892
P:r2@RSRC1	1.0	1.5966488131514482	-0.09551471311537553	green	0.09551471311537553
P:r1@PTTG1	1.0	6.881056924631657	-0.09545325517991674	green	0.09545325517991674
D:r1@ADDG02001722297.B	1.0	-0.622506918470178	0.09523623468316761	green	0.09523623468316761
D:r1@ADDG04002717595.F	1.0	-2.6308269177502495	-0.09509810189933035	green	0.09509810189933035
P:r1@SCN9A	1.0	0.8625740664760333	-0.09507804433755311	green	0.09507804433755311
P:r1@CPE	1.0	1.9059663635201094	-0.09505654143458094	green	0.09505654143458094
P:r1@MYH10	1.0	0.45254580524623533	-0.0949203244677115	green	0.0949203244677115
P:r1@GCNT1	1.0	1.248217887359895	-0.09478034936208711	green	0.09478034936208711
P:r1@AK5	1.0	1.6484640560837183	-0.0938821087683995	green	0.0938821087683995
P:r1@RRM2	1.0	22.93052280355861	0.09373294932736442	green	0.09373294932736442
P:r1@NEK2	1.0	-0.15635578964569974	0.0936849294972792	green	0.0936849294972792
P:r1@AL158071.1	1.0	1.1530431081541903	0.09360956700804891	green	0.09360956700804891
P:r1@PROK1	1.0	-0.49675992383618894	0.09312701779596147	green	0.09312701779596147
P:r2@RTN4	1.0	0.012157354347087944	0.09305556484425341	green	0.09305556484425341
P:r1@FAM13A	1.0	0.9650149731422927	-0.09267430015993787	green	0.09267430015993787
P:r1@DEPP1	1.0	0.8277980713137009	-0.09217681571100651	green	0.09217681571100651
P:r1@MYH9	1.0	2.2377695220818707	-0.09203471535602117	green	0.09203471535602117
P:r1@AC007405.3	1.0	1.1650823910066772	-0.09188957778050907	green	0.09188957778050907
P:r1@OSR1	1.0	1.0909859785599112	-0.09182171504718326	green	0.09182171504718326
D:r1@ADDG04182643812.R	1.0	-2.6035758382596383	-0.09179103815200787	green	0.09179103815200787
P:r1@AC006064.4	1.0	0.10599343867369593	-0.09177101154728991	green	0.09177101154728991
P:r1@UCP2	1.0	5.044763282533869	-0.09129892279882326	green	0.09129892279882326
P:r1@TNXB	1.0	2.5398558999575016	-0.09127704067208509	green	0.09127704067208509
P:r1@CAMP	1.0	-1.0887216644890954	-0.09123811586941724	green	0.09123811586941724
P:r1@C2orf83	1.0	-2.5443837262593436	-0.09121363578881178	green	0.09121363578881178
P:r1@NEDD9	1.0	0.019040393074820736	-0.09118982286149747	green	0.09118982286149747
D:r1@ADDG10088941323.F	1.0	-0.3668775168274333	-0.09117862629319351	green	0.09117862629319351
P:r1@STC1	1.0	0.05964705442248352	-0.0907791869915351	green	0.0907791869915351
P:r1@ITM2A	1.0	-0.1518474608188888	-0.09068647287183595	green	0.09068647287183595
P:r1@TENM3,r1@AC108142.1	1.0	0.7264825323880848	-0.09047803042858794	green	0.09047803042858794
P:r1@ZFAND5	1.0	1.0952399703415003	-0.09030007721806685	green	0.09030007721806685
P:r1@ADAM19	1.0	0.015324822831330402	-0.09002258810020748	green	0.09002258810020748
D:r1@ADDG13072952850.F	1.0	-2.7124847998760337	-0.09002092320478573	green	0.09002092320478573
D:r1@ADDG22036314223.F	1.0	1.2109050221108895	-0.08977512224988207	green	0.08977512224988207
D:r1@ADDG01198319467.R	1.0	0.385526894653189	-0.08911932947731686	green	0.08911932947731686
P:r1@CKAP2L	1.0	19.695068044317942	0.08872611928189988	green	0.08872611928189988
P:r2@MIR100HG	1.0	0.5674019883538733	-0.08869469927869812	green	0.08869469927869812
P:r1@RAB20	1.0	1.1737910794563082	-0.08866939855375573	green	0.08866939855375573
P:r1@EZR	1.0	3.243623905000456	-0.08842395836487907	green	0.08842395836487907
P:r1@NPAS1	1.0	0.07925887964741396	-0.0882563723644786	green	0.0882563723644786
P:r1@NPR3	1.0	0.9058317823785619	-0.0882522040711806	green	0.0882522040711806
P:r1@PIK3R3	1.0	0.41128095765479034	-0.08802497753447484	green	0.08802497753447484
P:r1@ADDG10103855043.B	1.0	-2.3881905981550373	-0.08795950117132434	green	0.08795950117132434
P:r1@JCAD	1.0	0.8321225690548847	-0.08750524388485383	green	0.08750524388485383
D:r1@ADDG01152775128.F	1.0	-1.8734665430780537	0.08749280102954346	green	0.08749280102954346
P:r1@PSMC3IP	1.0	2.3452855241809014	-0.08733891970292139	green	0.08733891970292139
P:r1@CDH13	1.0	-0.17992368612277101	-0.08716514459220955	green	0.08716514459220955
P:r1@CRELD2	1.0	5.463350256614645	-0.0868875134714968	green	0.0868875134714968
P:r1@CCND1	1.0	6.129853507215662	-0.08654372923883909	green	0.08654372923883909
P:r1@HIST1H1E	1.0	2.812230681392802	-0.08646040368825958	green	0.08646040368825958
D:r1@ADDG21008218944.B	1.0	4.337357685079651	-0.08633481448903338	green	0.08633481448903338
P:r1@MARC1,r1@AL445423.3	1.0	0.9884888027864221	-0.0862964614474856	green	0.0862964614474856
D:r1@ADDG19018575201.R	1.0	4.275135120412184	0.08602972515488043	green	0.08602972515488043
P:r1@HBA2	1.0	0.2811963414066462	0.08602599623085076	green	0.08602599623085076
P:r1@CKAP2	1.0	4.336026979541755	-0.08595240777368977	green	0.08595240777368977
P:r1@CDK1	1.0	3.018574640216955	0.08539708868078826	green	0.08539708868078826
P:r1@MANF	1.0	5.817463185525403	-0.08524974681427672	green	0.08524974681427672
P:r1@FAM83D	1.0	2.7876103581081613	-0.08401250267943162	green	0.08401250267943162
P:r1@SCG5	1.0	0.46053491655871837	-0.08393921484560418	green	0.08393921484560418
D:r1@ADDG08013357749.B	1.0	2.394027383740204	-0.08380366949924076	green	0.08380366949924076
P:r1@CLDN15	1.0	0.9439287290485622	-0.08372634505450417	green	0.08372634505450417
P:r1@PRELP	1.0	0.9482358531286108	-0.08335399751199597	green	0.08335399751199597
P:r1@NTN4	1.0	0.0733942478683135	-0.08330507590965813	green	0.08330507590965813
P:r2@TNS1	1.0	1.913016457985946	-0.08304522439795009	green	0.08304522439795009
P:r1@F3	1.0	1.1830073780213244	-0.08262096423502578	green	0.08262096423502578
P:r1@ELN	1.0	4.266683957301423	-0.0825695894093088	green	0.0825695894093088
P:r1@TIPARP	1.0	1.7015335110976584	-0.08199394782103857	green	0.08199394782103857
P:r1@MYLK	1.0	0.8301253406572441	0.08187060834425064	green	0.08187060834425064
P:r1@SLC2A12	1.0	0.9184288937287461	-0.0816260729357959	green	0.0816260729357959
D:r1@ADDG04069762142.B	1.0	1.624352872099907	-0.08143090711065644	green	0.08143090711065644
P:r2@AHNAK	1.0	1.448717645244115	-0.08115987859619962	green	0.08115987859619962
P:r1@GMNN	1.0	3.060143726347541	-0.08114896336442304	green	0.08114896336442304
P:r1@ADDG10068527573.F	1.0	-0.535199937871829	-0.08108363829769004	green	0.08108363829769004
D:r1@ADDG02215432595.F	1.0	-0.08055858613153738	-0.08092367356075746	green	0.08092367356075746
P:r1@AC093772.2	1.0	-0.6469690233450026	-0.08081388978768278	green	0.08081388978768278
P:r1@ARL4A	1.0	0.31415227866723916	-0.08069985007533412	green	0.08069985007533412
P:r1@IGF1	1.0	1.8998643135215083	-0.08058987705859334	green	0.08058987705859334
P:r1@CHI3L1	1.0	0.9214567375159696	-0.08051065940553581	green	0.08051065940553581
P:r1@CTSC	1.0	2.0887436158707158	-0.08027106272393136	green	0.08027106272393136
P:r1@C3orf70	1.0	-0.3525293353378717	-0.08019597167730537	green	0.08019597167730537
P:r1@CDCA5	1.0	1.8294412206815076	0.08007804813623116	green	0.08007804813623116
P:r1@AIM2	1.0	-0.4507537983775317	-0.07995470205918319	green	0.07995470205918319
D:r1@ADDG04043339762.F	1.0	-1.385083637131032	0.07993076177899558	green	0.07993076177899558
P:r1@COMP	1.0	6.130326462708757	-0.07990727268231514	green	0.07990727268231514
P:r1@FMOD	1.0	4.073543165223025	-0.07949006705481193	green	0.07949006705481193
D:r1@ADDG20034919572.F	1.0	-1.3707867238525941	-0.07948620673273332	green	0.07948620673273332
P:r1@KCNE4	1.0	0.3212967087990869	-0.07944948684732983	green	0.07944948684732983
P:r1@POC1A	1.0	2.9846411374764137	-0.07944897081208945	green	0.07944897081208945
P:r1@TROAP	1.0	21.05263860878844	0.07926544947807515	green	0.07926544947807515
P:r1@PTGFR	1.0	1.4995487821763687	-0.07920661192489122	green	0.07920661192489122
P:r1@RARRES1	1.0	3.9868886319599763	-0.07899921841672695	green	0.07899921841672695
P:r1@SESN3	1.0	0.5280756602877391	-0.07897615870007939	green	0.07897615870007939
P:r1@TNFAIP3	1.0	-0.08968856299018438	-0.07890974205599396	green	0.07890974205599396
D:r1@ADDG19035120707.B	1.0	-0.12579387608587203	-0.07873065392751101	green	0.07873065392751101
D:r1@ADDG10004944123.B	1.0	1.0749526229816824	-0.0784250483898032	green	0.0784250483898032
P:r1@CES1	1.0	1.162506773610152	-0.07833688298702685	green	0.07833688298702685
P:r1@CRYBG1	1.0	1.3213209539945001	-0.07811256805693644	green	0.07811256805693644
P:r1@ADDG0X140784354.F,r2@LINC00632	1.0	1.0207439875278568	-0.07801207418788265	green	0.07801207418788265
P:r1@VTRNA1-2	1.0	0.013183262973837644	0.07795725694437265	green	0.07795725694437265
P:r1@SLC40A1	1.0	1.6416635504430157	-0.07775664164828765	green	0.07775664164828765
P:r1@HAND2	1.0	0.755393088215151	-0.07748291733229597	green	0.07748291733229597
P:r1@FAT1	1.0	0.7193142907674576	-0.07728029333731044	green	0.07728029333731044
P:r1@LMO3	1.0	4.89850817728752	-0.07716366437846829	green	0.07716366437846829
P:r1@KIF22	1.0	3.748856033739961	-0.07693843594773704	green	0.07693843594773704
D:r2@ADDG21045986427.B	1.0	0.4151010698140022	-0.07685556680616654	green	0.07685556680616654
P:r1@TUBA4A	1.0	-0.15329707444831744	-0.07651548323727954	green	0.07651548323727954
P:r1@MAD2L1	1.0	4.817379381871606	-0.07567140898314585	green	0.07567140898314585
P:r1@SCUBE3	1.0	3.815594668252572	-0.07554782775017548	green	0.07554782775017548
P:r1@ADDG15039591282.R	1.0	-0.043605560927271095	-0.07528243678104275	green	0.07528243678104275
P:r1@DCLK1	1.0	0.7320938375977551	-0.0751327489260113	green	0.0751327489260113
P:r2@SLC7A6	1.0	1.0189386526616637	-0.07504765736303282	green	0.07504765736303282
P:r1@MT3	1.0	-0.03677421735739635	0.07442972429758302	green	0.07442972429758302
P:r1@TOP2A	1.0	3.098408453486647	-0.0744008087351055	green	0.0744008087351055
D:r1@ADDG16089192412.R	1.0	2.267006789998093	0.07436507239602833	green	0.07436507239602833
D:r1@ADDG21008394320.F	1.0	22.291674350729593	-0.07387115422701143	green	0.07387115422701143
P:r1@ISYNA1	1.0	-0.10702426589132888	-0.07362746558502833	green	0.07362746558502833
P:r3@PEMT	1.0	-1.3963338941126546	-0.07353526572052344	green	0.07353526572052344
D:r1@ADDG13023160538.F	1.0	1.6214116320361978	-0.07324678483601786	green	0.07324678483601786
P:r1@ADRA2A	1.0	-0.10626788030968229	-0.07318228582213254	green	0.07318228582213254
P:r1@GPC3	1.0	0.3667206846040326	-0.0730071459457237	green	0.0730071459457237
P:r1@LINC02158	1.0	-0.4113816306823098	0.07277950615970033	green	0.07277950615970033
P:r2@EZR	1.0	0.9496824309496085	-0.07260044876588406	green	0.07260044876588406
D:r1@ADDG12091353166.R	1.0	2.2877223030902023	-0.0725604565727736	green	0.0725604565727736
P:r1@SLC7A10	1.0	1.2499851403467648	-0.0725501388430982	green	0.0725501388430982
P:r2@CYB5R3	1.0	-0.028392686185224766	-0.0723197756373742	green	0.0723197756373742
D:r1@ADDG03170622060.F	1.0	-0.22215540727240005	0.07215377473806736	green	0.07215377473806736
P:r1@CLMN	1.0	2.148891296757703	-0.07213082422114075	green	0.07213082422114075
P:r1@SEZ6L2	1.0	0.5035058542232426	-0.07166685425415321	green	0.07166685425415321
D:r2@ADDG07128455698.B	1.0	0.8093040635772716	-0.07154935104410266	green	0.07154935104410266
P:r1@LYPLAL1-AS1	1.0	0.7522392931671474	0.07153864523478588	green	0.07153864523478588
P:r1@PLK2	1.0	0.5289988153348505	-0.07146933512161299	green	0.07146933512161299
P:r1@PLAU	1.0	0.4666590754691541	-0.07115835016995817	green	0.07115835016995817
P:r2@MGST1	1.0	1.0332993927730807	-0.07115418619314774	green	0.07115418619314774
P:r1@CENPU	1.0	3.0484632877774596	-0.07078434532287396	green	0.07078434532287396
P:r1@EEF1A2	1.0	1.180035850520529	-0.07075799131607295	green	0.07075799131607295
P:r1@FLNC	1.0	2.2330920594944352	-0.07075040013212057	green	0.07075040013212057
P:r1@NEFM	1.0	0.4630042751742819	-0.07037874194846648	green	0.07037874194846648
P:r2@CYTOR	1.0	0.10635706209535434	0.07024133298825438	green	0.07024133298825438
P:r1@PLPP4	1.0	0.04442868858218107	-0.07010655271067885	green	0.07010655271067885
D:r1@ADDG05150776206.R	1.0	0.31816935614314945	-0.06992402780405599	green	0.06992402780405599
P:r1@DPYSL3	1.0	1.8731265050716353	-0.06985169194542404	green	0.06985169194542404
P:r2@ADDG13042272638.B	1.0	-2.097527558739089	0.06984608599719094	green	0.06984608599719094
P:r1@LRRC17	1.0	1.89666469375224	-0.06955098515082044	green	0.06955098515082044
P:r1@FIBCD1	1.0	1.0756471972822508	-0.06929258376884406	green	0.06929258376884406
P:r1@TUBA1B	1.0	8.398751376878787	-0.06917069492624787	green	0.06917069492624787
P:r1@HIST1H2BF	1.0	0.44561334926103	0.06910769976584048	green	0.06910769976584048
D:r1@ADDG04073721039.R	1.0	0.9859393526727783	-0.06879318467872143	green	0.06879318467872143
P:r1@DGAT2	1.0	3.2862718411434266	-0.06866668668005699	green	0.06866668668005699
P:r1@CES1P1	1.0	0.49718295964520076	-0.06859774929128899	green	0.06859774929128899
P:r1@SERTAD4-AS1	1.0	-0.24184586710297828	-0.06807525847326132	green	0.06807525847326132
P:r1@RNASEH2A	1.0	5.117275250959746	-0.0679995769010452	green	0.0679995769010452
P:r1@ABI3BP	1.0	1.0200617485526582	-0.0678643567546358	green	0.0678643567546358
D:r1@ADDG10058785016.R	1.0	0.5214529923760912	-0.06756443679534695	green	0.06756443679534695
P:r1@ANKH	1.0	0.5139428287384137	-0.06749757307752603	green	0.06749757307752603
P:r1@EPHB6	1.0	0.6736073951219007	-0.06741502737525569	green	0.06741502737525569
P:r1@HGF	1.0	-0.05867910198092952	-0.06740779814855216	green	0.06740779814855216
P:r1@SULF1	1.0	2.501463686108788	-0.06709367679433524	green	0.06709367679433524
P:r1@NR4A2	1.0	0.5179132487337658	-0.06697989297971114	green	0.06697989297971114
P:r1@HIST1H3D	1.0	0.9061316781464006	-0.06663896263267982	green	0.06663896263267982
P:r1@MET	1.0	3.774288399877476	-0.06653320668653563	green	0.06653320668653563
P:r1@NNAT	1.0	0.2755012556042079	0.06639436906904354	green	0.06639436906904354
P:r1@PDGFD	1.0	3.7848330949663915	-0.0663636029605294	green	0.0663636029605294
P:r1@MATN3	1.0	-0.09072097631835155	-0.06629281927443659	green	0.06629281927443659
P:r1@CD82	1.0	0.2274584172608375	-0.0659798802279147	green	0.0659798802279147
P:r1@F11R	1.0	0.1188856366460952	-0.06575557081493869	green	0.06575557081493869
P:r1@STAR	1.0	0.43868172746600165	-0.0656735143577734	green	0.0656735143577734
P:r1@TRIB3	1.0	1.7506745330104057	-0.06566967466427322	green	0.06566967466427322
D:r1@ADDG12080540450.R	1.0	-2.033191154916331	-0.06561264726865138	green	0.06561264726865138
P:r1@ARSJ	1.0	1.1726263368990082	-0.06553973455796094	green	0.06553973455796094
P:r1@AC025164.1	1.0	1.626424730976232	-0.06546362585931051	green	0.06546362585931051
P:r1@THBS1	1.0	1.6872647559027112	-0.06545941627368516	green	0.06545941627368516
P:r1@RAD51	1.0	2.074953082323494	0.06525470869767735	green	0.06525470869767735
P:r1@CENPF	1.0	4.687384428251622	0.06523922538399464	green	0.06523922538399464
P:r1@ADDG21008210877.F	1.0	2.332483191868271	-0.06519886681830661	green	0.06519886681830661
P:r1@DES	1.0	0.08169075651609481	0.0650996489849748	green	0.0650996489849748
P:r1@RGS16	1.0	-0.060818569811328056	-0.06496334498577618	green	0.06496334498577618
P:r1@EPS8L2	1.0	0.5898511967533816	-0.06486300761661183	green	0.06486300761661183
D:r1@ADDG01215086198.F	1.0	-1.0476412531732193	-0.06476522753145172	green	0.06476522753145172
D:r1@ADDG0X129754319.F	1.0	17.845637844023056	0.06473211301992546	green	0.06473211301992546
P:r1@MMP23B	1.0	1.6276195834566003	-0.06451999286529463	green	0.06451999286529463
D:r1@ADDG07094311751.F	1.0	1.1215836378362305	-0.06448069292033598	green	0.06448069292033598
P:r1@ADDG07032980373.R	1.0	0.663952215188648	-0.06430460165578654	green	0.06430460165578654
P:r1@GBP1	1.0	0.3337995974787106	-0.06420612316863199	green	0.06420612316863199
P:r1@AGT	1.0	1.4197001588571223	-0.0640721571052233	green	0.0640721571052233
P:r1@GPR1	1.0	0.771137356357985	-0.06351551198035961	green	0.06351551198035961
P:r1@CLCF1,r1@AP003419.1	1.0	0.4844836161082956	-0.063471641857454	green	0.063471641857454
P:r1@SSX2IP	1.0	2.542222701109108	-0.06338363283072998	green	0.06338363283072998
P:r1@C11orf96	1.0	0.4276596646932115	-0.06329307008323141	green	0.06329307008323141
P:r1@PPP1R16A	1.0	1.3558878656839417	-0.06316348898676645	green	0.06316348898676645
P:r1@SERPINB2	1.0	-0.14680255657413346	0.06280955309856712	green	0.06280955309856712
P:r1@SLC38A1	1.0	0.7165472829386218	-0.0625870921354955	green	0.0625870921354955
P:r1@CCL13	1.0	-1.0697048893545147	-0.06217242407155961	green	0.06217242407155961
P:r1@EFHD1	1.0	-0.04882682902142703	-0.062054312013960194	green	0.062054312013960194
P:r1@DPT	1.0	3.365084930778657	-0.061722777355751914	green	0.061722777355751914
P:r1@PPP1R3C	1.0	0.47434223338390125	-0.06151380857986648	green	0.06151380857986648
P:r1@RSPO4	1.0	-1.76362869591172	-0.06146727077848113	green	0.06146727077848113
P:r1@HERPUD1	1.0	1.2848894453569648	-0.06127744115692268	green	0.06127744115692268
P:r1@SBSN	1.0	0.18081294757808541	0.06089166902854717	green	0.06089166902854717
D:r1@ADDG05122070053.F	1.0	0.7921860003753892	-0.0608588315549249	green	0.0608588315549249
P:r1@SQOR	1.0	0.8915427641954283	-0.060557312968273776	green	0.060557312968273776
P:r1@NCAPG2	1.0	3.7191860171592968	-0.0604046981185455	green	0.0604046981185455
D:r1@ADDG06069695827.R	1.0	-2.2139053639422865	0.0602238981708872	green	0.0602238981708872
P:r2@ADDG04008394496.B	1.0	-2.754628088676522	0.0600214361830645	green	0.0600214361830645
D:r1@ADDG08028659663.R	1.0	-2.694214189843532	0.0600214361830645	green	0.0600214361830645
P:r1@HIST1H3C	1.0	2.090112807311669	-0.059965753013680595	green	0.059965753013680595
P:r1@BMP2	1.0	-0.15083036767970218	-0.05971457906374516	green	0.05971457906374516
P:r1@ID4	1.0	1.3241810201510786	-0.05968922957307992	green	0.05968922957307992
P:r1@HIST1H2AI	1.0	1.5627586718392898	-0.05937934459801234	green	0.05937934459801234
P:r2@AKAP12	1.0	0.5889427717069117	-0.0591881930278103	green	0.0591881930278103
P:r1@OLFML1	1.0	1.227556029789661	-0.05916404368281045	green	0.05916404368281045
P:r1@ID1	1.0	2.248760927421163	-0.0590965719107402	green	0.0590965719107402
P:r1@ANKRD37	1.0	1.3797944317243374	-0.058841026941574115	green	0.058841026941574115
D:r1@ADDG11047932065.F	1.0	0.20656461024549488	0.058263362727764924	green	0.058263362727764924
P:r1@AGPAT2	1.0	4.32603156006579	-0.05806599051347315	green	0.05806599051347315
P:r1@KYNU	1.0	1.0981276635265305	0.05806076221515957	green	0.05806076221515957
D:r1@ADDG07134933162.R	1.0	0.3507577966560783	-0.05796326475184374	green	0.05796326475184374
P:r1@AL355607.2	1.0	-0.34171581725400946	-0.05781103202434891	green	0.05781103202434891
P:r1@BUB1	1.0	3.0307644092264425	0.05763699609288167	green	0.05763699609288167
P:r1@ADDG0X015383855.R,r1@VEGFD	1.0	1.0281028330212907	-0.05752027982891075	green	0.05752027982891075
P:r1@ADDG0X136205538.B,r1@ADDG0X136206307.F,r2@FHL1	1.0	0.527101490568089	0.05749103550227698	green	0.05749103550227698
D:r1@ADDG09107736278.R	1.0	16.888074435331667	0.0573128515757779	green	0.0573128515757779
P:r1@PRUNE2	1.0	0.2912615419789294	-0.057044942389379905	green	0.057044942389379905
P:r1@PTGS2	1.0	-0.2067631024152913	-0.05658863087528434	green	0.05658863087528434
P:r1@MYO10	1.0	0.7035181474648567	-0.05624880697280431	green	0.05624880697280431
P:r1@CLDN4	1.0	16.847752667277067	0.056140248441322566	green	0.056140248441322566
P:r1@DLK1	1.0	-0.038408951121875416	-0.055947927893532104	green	0.055947927893532104
P:r1@ABCA8	1.0	3.088583656237113	-0.05570804813125891	green	0.05570804813125891
P:r1@RMRP,r1@RMRP.2	1.0	2.2394059944824405	-0.055635461019239406	green	0.055635461019239406
P:r1@LINC00475	1.0	2.130821370496502	-0.05562499818270171	green	0.05562499818270171
P:r1@CDT1	1.0	2.737017209861484	-0.055612158669686926	green	0.055612158669686926
P:r1@AQP3	1.0	1.992683899275322	-0.05560592221719733	green	0.05560592221719733
P:r1@AL035446.2	1.0	-1.2875730828380123	-0.05542136979503121	green	0.05542136979503121
P:r1@AL596330.1	1.0	-0.3600864500846289	0.05540336441711842	green	0.05540336441711842
P:r1@TNFAIP6	1.0	11.432813516673956	-0.05527395498788193	green	0.05527395498788193
P:r1@A2M	1.0	-0.2815584718990406	-0.055168694442183315	green	0.055168694442183315
P:r1@AC037198.2	1.0	1.3700595187982334	-0.05509675758464228	green	0.05509675758464228
P:r2@PSPH	1.0	1.1139897801517726	-0.05503421840268296	green	0.05503421840268296
P:r1@RARRES2	1.0	2.034359530634972	-0.05500015403312699	green	0.05500015403312699
P:r1@CYTL1	1.0	0.25104640604604456	0.05489029689182798	green	0.05489029689182798
P:r1@HIST1H4C	1.0	5.633029633005283	-0.0548581099669316	green	0.0548581099669316
D:r2@ADDG17050201405.B	1.0	0.48974271503488487	-0.0547468932705654	green	0.0547468932705654
P:r1@MYBL1	1.0	1.7142170667790555	0.054699206447513866	green	0.054699206447513866
P:r1@GAS7	1.0	1.4886042267104906	-0.054678270668999704	green	0.054678270668999704
P:r2@BRCA1	1.0	1.869531820196963	-0.05466582523180292	green	0.05466582523180292
P:r1@PITX2	1.0	0.40805195678403694	-0.05443895933610203	green	0.05443895933610203
P:r1@PTN	1.0	-0.02009534466717689	-0.05438803509406788	green	0.05438803509406788
P:r1@HOXB-AS3	1.0	-0.061999785232722905	-0.05429016125232764	green	0.05429016125232764
P:r1@PTHLH	1.0	0.18557240383734552	-0.05424268483666723	green	0.05424268483666723
P:r1@SDF2L1	1.0	6.548470466028374	-0.05413356422542868	green	0.05413356422542868
P:r3@MACF1	1.0	0.7648076528889428	-0.05402855219629845	green	0.05402855219629845
P:r1@MAOA	1.0	1.949164219090918	-0.053986883933379616	green	0.053986883933379616
P:r1@CENPK	1.0	4.27523986499923	-0.05378703754127827	green	0.05378703754127827
P:r1@KIF26B	1.0	0.869370561337633	-0.05319566597857976	green	0.05319566597857976
P:r1@HMGB3	1.0	4.6821622899644515	-0.05301643659381114	green	0.05301643659381114
P:r1@GLS	1.0	2.7583195074617044	-0.05297394989214219	green	0.05297394989214219
P:r1@TIMP3	1.0	1.0285751507723846	-0.05267114864663766	green	0.05267114864663766
P:r1@C15orf48	1.0	-0.8577564398598686	-0.05260990350796216	green	0.05260990350796216
P:r1@F2R	1.0	1.389013383498806	-0.052478087319139256	green	0.052478087319139256
D:r1@ADDG03048434427.R	1.0	0.3455797294298334	-0.052458751402937404	green	0.052458751402937404
P:r3@MOK	1.0	-1.6897366848925337	-0.05232733739252408	green	0.05232733739252408
P:r1@GPAM	1.0	1.0193312688548615	0.052182051627922395	green	0.052182051627922395
P:r1@CENPM	1.0	5.147015354060677	0.052108670281795215	green	0.052108670281795215
P:r1@CD70	1.0	0.0799175414929717	0.05205899061571196	green	0.05205899061571196
P:r1@SYTL2	1.0	0.5118208074726606	-0.052035447750392136	green	0.052035447750392136
P:r1@CCNE2	1.0	0.2656840689134131	-0.052009487032421364	green	0.052009487032421364
P:r1@NT5DC3	1.0	0.06280205253844307	-0.05200600901037017	green	0.05200600901037017
P:r1@ATAD2	1.0	3.227819401698588	-0.05187344190663361	green	0.05187344190663361
P:r1@CCNA2	1.0	3.6659550814874033	0.051756430894387195	green	0.051756430894387195
D:r1@ADDG03190424634.F	1.0	-0.08835308600200734	-0.05158639367464546	green	0.05158639367464546
P:r1@NANOS1	1.0	0.6378439616359911	-0.05151626994130307	green	0.05151626994130307
P:r1@C7	1.0	-1.1026989307099055	-0.051184705444727356	green	0.051184705444727356
P:r1@CDCA8	1.0	2.9258176386668553	0.05117004871730684	green	0.05117004871730684
P:r1@IFIT1	1.0	0.23766844241032292	-0.0511636673367689	green	0.0511636673367689
P:r2@INHBA	1.0	0.18342755416910894	-0.051136086594452505	green	0.051136086594452505
P:r1@PPP1R1B	1.0	0.764659884874131	-0.05091157659232161	green	0.05091157659232161
D:r1@ADDG10076284834.F	1.0	0.6751410943305179	-0.05061135355969659	green	0.05061135355969659
P:r1@FGF5	1.0	3.224562110744636	-0.050595500534879975	green	0.050595500534879975
P:r1@DNAJC9	1.0	3.151964902962234	-0.05054567417860417	green	0.05054567417860417
P:r1@RBP1	1.0	0.2040800445994232	-0.050276515104482306	green	0.050276515104482306
P:r1@PPP1R13L	1.0	0.5195355848339084	-0.05008511561245823	green	0.05008511561245823
P:r1@DNM1	1.0	1.7339368918814386	-0.04991814348819759	green	0.04991814348819759
P:r1@CPB1	1.0	0.045606593842715364	0.04953026802180998	green	0.04953026802180998
P:r1@CYP24A1	1.0	0.25982626362189354	-0.049180528545174795	green	0.049180528545174795
P:r1@ANGPTL1	1.0	2.0630418303666223	-0.04912468964710987	green	0.04912468964710987
P:r1@CKS2	1.0	5.924746796064449	-0.04900489036649055	green	0.04900489036649055
P:r1@RASL11A	1.0	1.1048607651409674	-0.049001619641827365	green	0.049001619641827365
P:r1@NRG1	1.0	0.4677634512468286	-0.048777129571505345	green	0.048777129571505345
P:r1@PCLAF,r1@AC087632.2	1.0	6.687322538266826	0.04864870052350637	green	0.04864870052350637
P:r2@SLC39A8	1.0	7.470101752965934	-0.04856451706301389	green	0.04856451706301389
P:r1@MGP	1.0	6.925217351682385	0.04851907083045083	green	0.04851907083045083
P:r1@KCNMA1	1.0	2.134278350156238	-0.04847921662481081	green	0.04847921662481081
D:r1@ADDG0X119231876.R	1.0	-2.4226028529702863	0.04821525705863897	green	0.04821525705863897
P:r1@MYADM	1.0	2.4865983137037966	-0.04809018856666407	green	0.04809018856666407
P:r1@LOXL4	1.0	0.49295515415243696	-0.04801590902483788	green	0.04801590902483788
P:r1@MT1A	1.0	1.87149862831103	-0.04799785354355645	green	0.04799785354355645
P:r1@ECT2	1.0	2.51637590854471	-0.047979483469479334	green	0.047979483469479334
P:r1@DDIT3,r1@AC022506.1	1.0	1.5100781739913292	-0.04792219723750643	green	0.04792219723750643
P:r1@FAM89A	1.0	0.35739753060264656	-0.04781147850704832	green	0.04781147850704832
P:r2@DPYSL3	1.0	1.5682027854624712	-0.04772243846701261	green	0.04772243846701261
P:r1@CCNB1	1.0	3.8631071786444404	-0.04771541669166838	green	0.04771541669166838
P:r1@ANLN	1.0	5.181607469997607	0.047708287504445245	green	0.047708287504445245
P:r1@HIST1H4F	1.0	1.59690594328138	0.047565954092741135	green	0.047565954092741135
D:r1@ADDG02162071047.R	1.0	-0.7503243877533207	0.04702232453645596	green	0.04702232453645596
P:r2@ZNF331	1.0	0.013019990949834186	-0.04682189279602104	green	0.04682189279602104
P:r1@CD74	1.0	0.22496045301548906	-0.04672503363864054	green	0.04672503363864054
D:r1@ADDG09121341182.F	1.0	1.5374280302772694	-0.046490931835992746	green	0.046490931835992746
P:r1@JAK2	1.0	0.21876626752387607	-0.04623612134993818	green	0.04623612134993818
D:r1@ADDG02072149155.B	1.0	0.2015754567647431	-0.046203697868970585	green	0.046203697868970585
P:r1@SEMA7A	1.0	3.1150649158917543	-0.04586502670053171	green	0.04586502670053171
D:r1@ADDG10112792981.F	1.0	-2.6899124570627193	-0.04571248559792721	green	0.04571248559792721
P:r1@ANGPT2	1.0	-0.6822755152421937	0.045642545906886586	green	0.045642545906886586
P:r1@SFN	1.0	0.5439410289886651	0.04563327554658823	green	0.04563327554658823
P:r1@7SK,r1@RN7SK	1.0	1.568660734760684	-0.04558626933636965	green	0.04558626933636965
P:r1@ARHGAP11A	1.0	1.9205271263992179	0.04509745923376757	green	0.04509745923376757
P:r1@CHI3L2	1.0	1.2699903659929075	-0.04492267975850648	green	0.04492267975850648
P:r1@NTF3	1.0	-1.763847070998756	-0.044861054696968924	green	0.044861054696968924
P:r1@ASF1B	1.0	3.185237474847302	-0.04478196378725684	green	0.04478196378725684
P:r2@IL1R1	1.0	6.098151049455903	-0.044732059586383786	green	0.044732059586383786
P:r1@NMB	1.0	0.14004291999262597	0.04442830693767203	green	0.04442830693767203
P:r1@TUBB2B	1.0	0.021901473633987853	-0.04432299446971814	green	0.04432299446971814
P:r1@FLNB	1.0	1.9504442077862238	-0.04425175195269593	green	0.04425175195269593
P:r1@BDNF	1.0	0.21724313326509093	-0.044209167334956126	green	0.044209167334956126
P:r1@ITIH5	1.0	-0.5536740159422945	-0.043969233315993256	green	0.043969233315993256
P:r1@FMO5	1.0	0.3173249992361634	0.043910618064382005	green	0.043910618064382005
P:r1@FN1	1.0	1.4960608812166591	-0.04389396473136141	green	0.04389396473136141
P:r1@SFRP2	1.0	0.5654923613207755	-0.04387236288126465	green	0.04387236288126465
P:r1@ADDG17008377649.F	1.0	3.345987573079204	0.04386455605702745	green	0.04386455605702745
D:r1@ADDG20035153538.B	1.0	0.0039981804769603155	-0.0437997373006781	green	0.0437997373006781
P:r1@KLF4	1.0	0.7530031820794983	-0.04358917460331565	green	0.04358917460331565
P:r1@LMCD1	1.0	2.0412921864605416	-0.043550297754385396	green	0.043550297754385396
P:r1@HLA-DRB1	1.0	-0.11461899210069762	-0.04350792133707472	green	0.04350792133707472
P:r2@LIMS1	1.0	1.511080246998773	-0.0434358740346337	green	0.0434358740346337
P:r2@NCOA7	1.0	0.829401936649052	-0.0433380178712299	green	0.0433380178712299
P:r1@ITGA8	1.0	0.5293442311760758	-0.0433298200306985	green	0.0433298200306985
P:r1@AURKA	1.0	3.024205949969797	-0.04321895230793659	green	0.04321895230793659
P:r1@HIST1H2AG	1.0	1.7690179868387579	-0.043174345374032086	green	0.043174345374032086
P:r1@SCT	1.0	-0.8527456414229898	-0.04303946527551876	green	0.04303946527551876
P:r1@ALPL	1.0	0.1252103548891551	-0.04296587996224021	green	0.04296587996224021
D:r1@ADDG08115462648.R	1.0	-2.1847340352767683	0.04288778212697503	green	0.04288778212697503
P:r1@DDIT4L	1.0	-0.20924435954035603	0.04281801146793682	green	0.04281801146793682
P:r1@ARMC9	1.0	0.3582512588528438	-0.04262043600048536	green	0.04262043600048536
P:r1@APOD	1.0	3.5050603866838226	-0.04257255130983877	green	0.04257255130983877
P:r1@HIST1H1A	1.0	1.053755340245521	0.04232327472598915	green	0.04232327472598915
P:r1@PTGIS	1.0	6.207131160028585	-0.04221737029056888	green	0.04221737029056888
P:r1@TSLP	1.0	0.3771852707046849	-0.04213706306704792	green	0.04213706306704792
D:r1@ADDG07095593738.B	1.0	2.2857836445231574	0.042030636677718926	green	0.042030636677718926
P:r1@ADDG01151060456.F	1.0	1.1331307064241931	-0.041955915303957515	green	0.041955915303957515
P:r1@AADAC	1.0	1.0975749672771387	-0.04179812003433454	green	0.04179812003433454
P:r1@VTN	1.0	2.326415213705704	0.04176708904241066	green	0.04176708904241066
P:r1@LBH	1.0	0.14840109625948872	-0.041708476544564735	green	0.041708476544564735
P:r1@SGK1	1.0	0.7336609224062072	-0.04161223491698961	green	0.04161223491698961
P:r1@TNFSF10	1.0	2.105377424311214	-0.04157494392264314	green	0.04157494392264314
D:r1@ADDG12088419781.R	1.0	0.3392110821069104	-0.04115411560191036	green	0.04115411560191036
P:r1@HIST1H4H	1.0	0.8390485001660203	-0.041139050970076176	green	0.041139050970076176
P:r1@PHF19	1.0	4.131985865340511	-0.041053808391817076	green	0.041053808391817076
P:r2@KCNK2	1.0	0.5054504451570676	-0.04086498933608602	green	0.04086498933608602
P:r2@PLEC	1.0	1.60625857444219	-0.04083796423828526	green	0.04083796423828526
P:r1@PALLD	1.0	2.6353178151657226	-0.04057909766444256	green	0.04057909766444256
P:r1@STMN1,r1@MIR3917	1.0	8.552689424200631	-0.04047227602274569	green	0.04047227602274569
P:r1@LMNB1	1.0	4.053696002333217	-0.040459522225514466	green	0.040459522225514466
D:r1@ADDG02219200859.R	1.0	-2.6102718216532215	-0.040260591091632394	green	0.040260591091632394
P:r1@ADDG0X110796433.R,r1@CHRDL1	1.0	0.09685275118262968	0.04011406428427049	green	0.04011406428427049
P:r1@TIMP4	1.0	1.6021533175716987	-0.04008662252914011	green	0.04008662252914011
P:r1@RGCC	1.0	1.607609799673584	-0.04004630011786472	green	0.04004630011786472
P:r1@NEFH	1.0	-0.6633486011318065	-0.03988790580207692	green	0.03988790580207692
P:r2@NCAPD2	1.0	3.7660511544130486	-0.03978158361103682	green	0.03978158361103682
P:r1@GEM	1.0	1.3249208277261209	-0.039752062001535	green	0.039752062001535
D:r1@ADDG07005527461.B	1.0	2.8781292380406467	-0.03936732179166918	green	0.03936732179166918
P:r1@SUSD2	1.0	0.8603015288285282	-0.03908406347094202	green	0.03908406347094202
P:r1@PPP1R14A	1.0	0.4831464215282063	0.03902595345719833	green	0.03902595345719833
P:r2@SSB	1.0	0.4084461448478304	-0.038989982055134584	green	0.038989982055134584
P:r1@TFPI2	1.0	3.5992042597582192	-0.03883944053610596	green	0.03883944053610596
P:r1@EGFLAM	1.0	0.9133952908468773	-0.03881135657558239	green	0.03881135657558239
P:r1@CPA4	1.0	1.105139767441933	0.03877193093622838	green	0.03877193093622838
P:r1@IL1B	1.0	0.4533510987907038	0.03872544147682257	green	0.03872544147682257
P:r1@DDAH1,r1@AC092807.2,r1@AC092807.3	1.0	1.794711813552544	-0.03792882306694443	green	0.03792882306694443
D:r1@ADDG08143454836.B	1.0	0.02694455701638941	-0.037845775947858866	green	0.037845775947858866
P:r1@TSTD1,r1@AL591806.4	1.0	-0.04475993631562893	0.03772791844931297	green	0.03772791844931297
P:r1@MARCH3	1.0	2.01359160960993	-0.037637006261878124	green	0.037637006261878124
P:r1@ADIRF	1.0	2.904444726102393	0.03722873234346046	green	0.03722873234346046
P:r1@TK1	1.0	9.329910961328805	0.036799033177528036	green	0.036799033177528036
P:r2@SERPINB7	1.0	-0.04624188869869759	0.03675978823151158	green	0.03675978823151158
P:r1@FST	1.0	1.5726109325485556	-0.036610280068387395	green	0.036610280068387395
P:r1@SFRP4	1.0	4.1982694976456925	-0.036579042607085104	green	0.036579042607085104
P:r1@TM4SF1	1.0	2.2859768172899373	0.036411929655313334	green	0.036411929655313334
P:r1@TPX2	1.0	4.499339766107442	-0.03629601687923527	green	0.03629601687923527
P:r1@IER3	1.0	2.566273137103697	-0.0361429919771863	green	0.0361429919771863
P:r1@HIST1H2AJ	1.0	1.9366922147509398	0.03607325911983692	green	0.03607325911983692
P:r1@TNNT3	1.0	3.4890615574424406	-0.036052455226832134	green	0.036052455226832134
P:r1@CDO1	1.0	1.7007698564426772	-0.03582829172544479	green	0.03582829172544479
P:r1@EFEMP1	1.0	1.2852011301436073	-0.035387810554028315	green	0.035387810554028315
D:r2@ADDG18028178279.B	1.0	0.6444181875194316	-0.03537698471538152	green	0.03537698471538152
P:r1@CCND2,r1@AC008012.1	1.0	-0.4083095248913845	-0.03532127338125066	green	0.03532127338125066
D:r1@ADDG10067765085.F	1.0	0.0035110887211194514	0.03525204300020622	green	0.03525204300020622
P:r1@RGS4	1.0	0.007146624508131742	-0.03521096645447373	green	0.03521096645447373
P:r1@GDF15,r1@MIR3189	1.0	1.6507402693051754	-0.035104512059364386	green	0.035104512059364386
P:r1@S100P	1.0	0.5607737987161677	0.03496596102417592	green	0.03496596102417592
P:r1@NCAPG	1.0	3.478482853460438	-0.034869621750029514	green	0.034869621750029514
P:r1@HIST1H2BH	1.0	0.6932243214875476	-0.03485189886448797	green	0.03485189886448797
P:r1@PM20D1	1.0	0.03296286116582846	0.03479090875705698	green	0.03479090875705698
D:r1@ADDG08118893172.R	1.0	16.0768086288105	0.03477427534285824	green	0.03477427534285824
P:r1@DTL	1.0	1.9177946751464083	0.03473296156833265	green	0.03473296156833265
P:r1@TAFA5	1.0	1.1230697654474073	-0.034516645003916935	green	0.034516645003916935
P:r1@APOC1	1.0	0.30764832703972245	0.0344496317539593	green	0.0344496317539593
P:r1@LINC01436	1.0	0.8108328498811309	-0.034254038550783926	green	0.034254038550783926
D:r1@ADDG17055725505.R	1.0	0.13839246306779984	-0.034030736745905836	green	0.034030736745905836
P:r1@TMX4	1.0	1.150661287836663	-0.03401311517341107	green	0.03401311517341107
P:r1@SMC4	1.0	3.5324121139398126	-0.03401231921446306	green	0.03401231921446306
P:r1@BDKRB1	1.0	0.7230373601051193	-0.03384274031803862	green	0.03384274031803862
P:r1@TAGLN	1.0	7.295178205621047	0.03372372209323633	green	0.03372372209323633
P:r3@PDE4DIP	1.0	1.093948620109884	-0.033625862953579444	green	0.033625862953579444
P:r2@PRXL2A	1.0	1.0087156499573535	0.033081512858032576	green	0.033081512858032576
P:r1@PRKAR2B	1.0	3.5691361637561476	-0.03303993121615294	green	0.03303993121615294
P:r1@CDKN3	1.0	6.227508830396763	-0.03298920243295824	green	0.03298920243295824
P:r1@IL18	1.0	-0.46200799611297805	-0.0327887217554986	green	0.0327887217554986
P:r1@ATF3	1.0	0.4674381054036628	-0.032511205549057585	green	0.032511205549057585
P:r1@LINC00968	1.0	1.094161745645766	-0.032430199229479074	green	0.032430199229479074
P:r1@STC2	1.0	2.126053956129556	-0.03241724045795257	green	0.03241724045795257
P:r2@LSP1	1.0	1.1939955462338832	-0.03229367403340974	green	0.03229367403340974
P:r1@GALNT5	1.0	0.9767332304421604	-0.03228965602944883	green	0.03228965602944883
P:r1@SMILR	1.0	0.9546028922989757	-0.0320553178077039	green	0.0320553178077039
P:r1@DSP	1.0	0.40033114532249636	-0.032023814121255774	green	0.032023814121255774
P:r2@HSD17B6	1.0	-0.964599984237282	0.03201355514448889	green	0.03201355514448889
D:r1@ADDG06053431548.F	1.0	-1.2569148771726932	0.03197162170449977	green	0.03197162170449977
P:r1@ZBED3-AS1,r1@AC022414.1	1.0	1.4195502605767454	-0.03173327541095701	green	0.03173327541095701
D:r1@ADDG03052235131.R	1.0	-1.1794074456963561	0.031569833309012654	green	0.031569833309012654
D:r1@ADDG22042662911.B	1.0	-0.11208844910350538	0.03147155470625793	green	0.03147155470625793
P:r1@AHNAK2	1.0	0.9407113580870502	-0.031447345913631644	green	0.031447345913631644
P:r1@IL20RB	1.0	1.3828826758674568	-0.03110291470541734	green	0.03110291470541734
P:r1@PAPPA2	1.0	-0.5229788941940587	0.031042500286184313	green	0.031042500286184313
D:r1@ADDG17069485705.R	1.0	1.0150370602518162	-0.03093699769682587	green	0.03093699769682587
D:r1@ADDG05135995427.F	1.0	0.49334981224303065	-0.0307815857982653	green	0.0307815857982653
P:r1@MRAP	1.0	0.5439398618278523	0.030437103471909654	green	0.030437103471909654
P:r1@CCN5	1.0	9.126447960051193	-0.03033970042566067	green	0.03033970042566067
P:r1@HIST1H2BC	1.0	0.3105436177026212	-0.030234111341338733	green	0.030234111341338733
P:r1@BTG2	1.0	-0.03074332202129286	-0.030226562328804496	green	0.030226562328804496
P:r1@PLAT	1.0	1.46523323926885	-0.03015519923444012	green	0.03015519923444012
P:r1@TMEM173	1.0	1.7577349858038316	-0.029967154508236463	green	0.029967154508236463
P:r1@NREP	1.0	2.9579276825154746	-0.029511293758630413	green	0.029511293758630413
P:r1@LINC01048	1.0	0.07945981429654891	-0.0291770535594009	green	0.0291770535594009
P:r1@HELLS	1.0	3.5667665072929107	-0.02908976020579143	green	0.02908976020579143
P:r4@ACTB	1.0	5.129966008848324	-0.028847738660274777	green	0.028847738660274777
P:r1@AL109918.1	1.0	-0.13040236204603323	-0.028660025896729648	green	0.028660025896729648
P:r1@PRKAG2-AS1	1.0	0.3942409116680864	-0.028459574206390493	green	0.028459574206390493
P:r1@SCD	1.0	5.895390797310493	-0.028264634393932613	green	0.028264634393932613
D:r1@ADDG01240093834.B	1.0	-0.08259092783903901	-0.02822422216969573	green	0.02822422216969573
D:r1@ADDG03125648406.B	1.0	-0.7606812728301154	0.028134367093103817	green	0.028134367093103817
P:r1@OSTN	1.0	-2.068553383371482	-0.028132968890846197	green	0.028132968890846197
P:r1@CSRP2	1.0	1.339694494591732	-0.02801373793641917	green	0.02801373793641917
P:r1@ALPK2	1.0	1.4958046846453181	-0.027866175795156146	green	0.027866175795156146
P:r1@PEMT	1.0	2.9034704936753077	-0.02778300531160762	green	0.02778300531160762
P:r1@CRACR2B	1.0	1.3975328129898412	-0.027422799666496085	green	0.027422799666496085
P:r2@MYLK	1.0	0.14971007818045756	-0.027394488432567428	green	0.027394488432567428
P:r1@TNFRSF11B	1.0	1.363357777559301	-0.02735795912128732	green	0.02735795912128732
P:r1@FABP4	1.0	4.779291904514921	0.027241800927098308	green	0.027241800927098308
P:r1@UBE2T	1.0	4.413530368837627	-0.02723140825236389	green	0.02723140825236389
P:r1@KLB	1.0	0.8139854293983616	-0.026833648314564106	green	0.026833648314564106
P:r1@MT1G	1.0	0.42447742740226213	-0.026751169713866915	green	0.026751169713866915
P:r1@COL8A1	1.0	2.0439679975141645	-0.02673209751863574	green	0.02673209751863574
P:r1@VMO1	1.0	0.08897166351448826	-0.02665483776901723	green	0.02665483776901723
P:r1@F2RL1	1.0	-0.7730448987510922	-0.02663726377042311	green	0.02663726377042311
P:r1@KAZALD1	1.0	1.1196159537098747	-0.026484576147130023	green	0.026484576147130023
D:r1@ADDG17082078784.R	1.0	1.82545661244954	0.026312321138727425	green	0.026312321138727425
D:r1@ADDG22032857272.R	1.0	0.14881250825816847	-0.026310978275288374	green	0.026310978275288374
P:r2@RGMB	1.0	1.2306298412882715	-0.0262920294756582	green	0.0262920294756582
P:r1@TNC	1.0	2.209100286000277	-0.026050576743382677	green	0.026050576743382677
P:r1@RAMP1	1.0	0.5046163686707953	-0.025743831915746182	green	0.025743831915746182
P:r1@HIST1H2AE	1.0	0.4759212395336144	-0.025698543973022833	green	0.025698543973022833
P:r1@SIRLNT	1.0	17.54680804693118	-0.0256415951791483	green	0.0256415951791483
P:r1@BAMBI	1.0	0.5087424524461218	-0.025628441839526214	green	0.025628441839526214
P:r1@NDUFA4L2	1.0	0.9693569228505815	0.025587707197007984	green	0.025587707197007984
D:r1@ADDG12043148025.F	1.0	-0.47948214417525337	-0.025514299971872094	green	0.025514299971872094
P:r1@BST2	1.0	-0.0639399007319689	-0.025449260864262663	green	0.025449260864262663
P:r1@CLSPN	1.0	3.249745161432911	0.025433011520430194	green	0.025433011520430194
P:r1@LINC00578	1.0	0.5543247271693851	-0.025427637817775746	green	0.025427637817775746
P:r1@HACD1	1.0	2.0130148771373046	-0.02532812495418113	green	0.02532812495418113
P:r1@ZWINT	1.0	3.4117260024080243	-0.025208634389346438	green	0.025208634389346438
P:r1@ADDG11065504907.R	1.0	-0.0785509917252204	0.02498859278076728	green	0.02498859278076728
D:r1@ADDG09134172396.R	1.0	0.16396950678135103	-0.024958105094260767	green	0.024958105094260767
P:r1@CHAC1	1.0	2.4644312995608417	-0.02489929402584764	green	0.02489929402584764
P:r1@CXCL5	1.0	0.4795383796324343	-0.02472877438560063	green	0.02472877438560063
D:r1@ADDG14102410689.F	1.0	-2.5917064155680696	-0.024309040016827925	green	0.024309040016827925
P:r2@SVIL	1.0	1.6849287509123463	0.024262656719930786	green	0.024262656719930786
P:r1@ICAM1	1.0	1.2300896404087538	-0.023923668502041008	green	0.023923668502041008
P:r2@ZNF106	1.0	0.44028784273301247	0.023860005224365374	green	0.023860005224365374
P:r1@NPW	1.0	0.16547433661359234	-0.02366904982369846	green	0.02366904982369846
P:r1@EDIL3	1.0	-0.0185955865349169	-0.023639169735601723	green	0.023639169735601723
P:r1@TRIP13	1.0	4.215335466791188	-0.023633616432041628	green	0.023633616432041628
P:r1@PRR16	1.0	0.8796464922581662	-0.0235966157591364	green	0.0235966157591364
P:r1@PLN	1.0	-1.0354398843196448	0.023567859758825093	green	0.023567859758825093
P:r1@DKK3	1.0	0.8381313357425376	-0.023401298259218436	green	0.023401298259218436
P:r1@CD24	1.0	0.13760123474322972	0.02339375900053029	green	0.02339375900053029
D:r1@ADDG04137310726.B	1.0	1.9135734487338687	-0.023137759913205474	green	0.023137759913205474
P:r1@PRSS12	1.0	1.1221979144847531	-0.023089038035902072	green	0.023089038035902072
P:r1@IL13RA2	1.0	0.18167203000451482	-0.02287258271661014	green	0.02287258271661014
D:r2@ADDG06113860585.B	1.0	0.7806329840317817	-0.022610317391204445	green	0.022610317391204445
P:r1@CHL1	1.0	1.3521357833491592	-0.022327477915776696	green	0.022327477915776696
P:r2@CD36	1.0	1.0767355600307638	0.021935277256604806	green	0.021935277256604806
P:r1@AOPEP	1.0	2.5214220806336813	-0.02186246018249005	green	0.02186246018249005
P:r1@CH25H	1.0	1.85571423137902	-0.021846711320863018	green	0.021846711320863018
P:r1@SRGN	1.0	2.188282730155773	-0.02167155339737152	green	0.02167155339737152
P:r1@FLRT2	1.0	1.1845848586467356	-0.021551069515627037	green	0.021551069515627037
P:r1@ORC6	1.0	3.0404361952600936	-0.021534913396842808	green	0.021534913396842808
P:r1@KCNK2	1.0	0.8862611813656367	-0.02150169189713818	green	0.02150169189713818
P:r1@CSF3	1.0	-1.2139937174800741	-0.02127889034237628	green	0.02127889034237628
P:r2@FRMD4A	1.0	1.3785317680945812	-0.021059281642469785	green	0.021059281642469785
P:r1@EPSTI1	1.0	6.285139855872102	-0.0210390791366185	green	0.0210390791366185
P:r1@STEAP2	1.0	1.1012514731366758	-0.02097751134598848	green	0.02097751134598848
P:r1@SCRG1	1.0	3.5775267038664906	0.02095694897571884	green	0.02095694897571884
P:r1@SOCS1	1.0	0.09580246560323996	-0.02095409749559257	green	0.02095409749559257
P:r1@SNCG	1.0	0.6348679312465771	0.020856655018402486	green	0.020856655018402486
D:r1@ADDG05055603165.B	1.0	0.9021993368833893	0.020609626352483115	green	0.020609626352483115
P:r1@CAVIN2	1.0	0.11468856152451645	0.02046379288765449	green	0.02046379288765449
P:r1@METTL7B	1.0	0.10991989462218366	0.02044116383994046	green	0.02044116383994046
P:r1@MGARP	1.0	0.5587708002682304	-0.020391337153910945	green	0.020391337153910945
P:r2@S100A16	1.0	1.6680562660716933	-0.020251537431048756	green	0.020251537431048756
P:r1@CCNB2	1.0	4.061752039404698	0.020178290684872365	green	0.020178290684872365
P:r1@FBN2	1.0	0.039457386880130306	-0.020167044698070614	green	0.020167044698070614
P:r1@DKK1	1.0	2.153647965786837	0.020056852084101864	green	0.020056852084101864
P:r2@CCDC18	1.0	1.8552925410492696	-0.01966775490589159	green	0.01966775490589159
P:r1@PENK	1.0	1.0944540428795686	-0.019663305366409048	green	0.019663305366409048
P:r1@SMOC1	1.0	-0.044222921601862294	-0.01955091991808788	green	0.01955091991808788
P:r1@CRYAB	1.0	1.1549246850055128	0.019458892672049286	green	0.019458892672049286
P:r1@ACTA2	1.0	2.324173259213499	0.018837167963834296	green	0.018837167963834296
P:r1@KRT8	1.0	0.7868271396453481	-0.018766577336503696	green	0.018766577336503696
P:r1@IL11	1.0	0.5289639835352756	-0.018620578893794388	green	0.018620578893794388
P:r1@DUSP2	1.0	0.05088641650088254	0.018599939841748285	green	0.018599939841748285
P:r2@CDKN2A	1.0	0.22284203918556644	-0.018436868806630334	green	0.018436868806630334
D:r1@ADDG09110251110.F	1.0	-0.1866397071557108	-0.0179952253438812	green	0.0179952253438812
P:r2@PMP22	1.0	0.5039054279347616	0.01790124328253368	green	0.01790124328253368
P:r1@GAP43	1.0	0.0941022068651739	-0.017840963878451584	green	0.017840963878451584
P:r1@ITGA11	1.0	6.477987754235396	-0.01783462796367091	green	0.01783462796367091
P:r1@GINS2	1.0	3.5638787150031224	-0.017798400081728012	green	0.017798400081728012
D:r1@ADDG0X115013888.R	1.0	-1.4360226658806001	0.017715775183833687	green	0.017715775183833687
P:r1@ADDG0X134549702.R	1.0	1.1771694463172477	-0.017710998594084086	green	0.017710998594084086
P:r1@TRIM59,r1@AC079594.2	1.0	1.5915262269749293	-0.017669405332524143	green	0.017669405332524143
P:r1@HIST1H3H	1.0	1.1963857765809507	0.017602447149686107	green	0.017602447149686107
P:r1@WEE1	1.0	0.82678202563052	-0.017565614858910276	green	0.017565614858910276
P:r1@FOXM1	1.0	4.943810128842431	0.017498329571481522	green	0.017498329571481522
P:r1@MT1F	1.0	0.8047043992636868	-0.017270567269629652	green	0.017270567269629652
P:r2@PPARG	1.0	1.53419124501432	-0.01718734872149333	green	0.01718734872149333
P:r1@MT1X,r1@AC026461.1	1.0	4.36873846423151	-0.01687117511545339	green	0.01687117511545339
P:r1@ITGA6	1.0	1.6027392314866	0.016859959364414832	green	0.016859959364414832
D:r1@ADDG20036549717.R	1.0	0.3562080241704507	0.016532345237190563	green	0.016532345237190563
P:r1@MT1L	1.0	4.224318845535569	-0.016386219926793264	green	0.016386219926793264
P:r1@PRSS23	1.0	4.248921774634427	0.01625857798622391	green	0.01625857798622391
P:r2@SORBS2	1.0	0.21884802665450576	0.016244933180240922	green	0.016244933180240922
P:r1@CXCL3	1.0	1.487946280248287	-0.016243395955184536	green	0.016243395955184536
P:r1@ACKR4	1.0	6.070587203050505	0.01624208188389408	green	0.01624208188389408
P:r1@PRSS3	1.0	1.418152384699541	-0.016224473617349446	green	0.016224473617349446
P:r1@MEST	1.0	2.2583319164189333	-0.01612999963073321	green	0.01612999963073321
P:r1@CXCL1	1.0	4.104562251040649	-0.016088868112597222	green	0.016088868112597222
P:r1@MELK	1.0	2.5120599324232624	-0.01603069699148366	green	0.01603069699148366
P:r1@NUAK2	1.0	0.06715449265305573	-0.01594442937987834	green	0.01594442937987834
P:r1@IGFBP3	1.0	4.609559249926034	-0.015855292193583937	green	0.015855292193583937
P:r1@APOBEC3B	1.0	3.4375659834962295	0.01573615328556066	green	0.01573615328556066
P:r1@ADDG03123701340.B	1.0	0.33976412282561397	0.0157275105674647	green	0.0157275105674647
P:r3@MIR100HG	1.0	0.8193850281267746	-0.015608768407840442	green	0.015608768407840442
P:r2@CYB5A	1.0	0.9157490831638873	-0.015593344858941626	green	0.015593344858941626
P:r2@LMO4	1.0	2.092490091486836	-0.015578377493287164	green	0.015578377493287164
P:r2@FLNA	1.0	1.9150172762701523	-0.015487770224368067	green	0.015487770224368067
P:r1@CD34	1.0	2.547669885562905	0.015201352383877915	green	0.015201352383877915
D:r1@ADDG01115280643.F	1.0	0.6408151279836632	-0.0151607638776553	green	0.0151607638776553
P:r1@SLC7A4	1.0	-1.7279994745247969	0.015111428191838914	green	0.015111428191838914
P:r1@LYPD1	1.0	0.5195235399294497	0.014919512649634358	green	0.014919512649634358
P:r1@CITED4	1.0	2.2848693097571218	-0.014860560359631967	green	0.014860560359631967
P:r1@DIAPH3	1.0	4.445562037975257	0.01472981090359916	green	0.01472981090359916
P:r1@SYNGR2	1.0	0.6617044154644646	-0.01469631755575853	green	0.01469631755575853
P:r1@P3H2	1.0	3.180199911348871	-0.014678268176910805	green	0.014678268176910805
D:r1@ADDG03157487355.R	1.0	2.6932441886293788	0.014357164451672795	green	0.014357164451672795
P:r1@WFDC21P	1.0	1.3981486684511393	-0.014302681441483554	green	0.014302681441483554
P:r1@SPC24	1.0	3.532153299375149	0.014264241324238685	green	0.014264241324238685
P:r1@NTM	1.0	0.8897715514910962	-0.014154470352714938	green	0.014154470352714938
D:r1@ADDG12052288118.R	1.0	-1.496516198215576	-0.014135833296031845	green	0.014135833296031845
P:r1@HIST1H2AL	1.0	1.467614481785741	0.013949031189245778	green	0.013949031189245778
P:r1@TNF	1.0	-1.053428567131078	-0.013870238460521135	green	0.013870238460521135
P:r1@SGCA	1.0	1.5306131733903852	-0.013576947981850458	green	0.013576947981850458
P:r1@PRC1	1.0	4.9905536402941335	0.013562062529652164	green	0.013562062529652164
P:r1@DBNDD2	1.0	1.1216027403560795	0.013396455183427306	green	0.013396455183427306
P:r1@CDKN1C	1.0	1.401957879756355	-0.013171385860881063	green	0.013171385860881063
P:r1@TMEM106C	1.0	3.143782736899397	-0.0131705631177582	green	0.0131705631177582
P:r1@CTH	1.0	0.509419078530383	-0.013089323606355273	green	0.013089323606355273
P:r1@HAMP	1.0	-2.5607449384347754	-0.013039812313894766	green	0.013039812313894766
P:r1@LINC01140	1.0	0.9432010992668817	-0.01292959995523654	green	0.01292959995523654
P:r2@NRG1	1.0	-0.5338169753535712	-0.012820038798560312	green	0.012820038798560312
P:r1@UCHL1	1.0	1.0305183516129368	0.012747868649373776	green	0.012747868649373776
P:r1@AC020558.1	1.0	0.4126650242169735	-0.012692519849100898	green	0.012692519849100898
P:r1@ARHGAP11B,r1@AC091057.6	1.0	1.1911982281327125	-0.012674868646944382	green	0.012674868646944382
P:r1@PEG10	1.0	1.5230543060977337	-0.012598465079882168	green	0.012598465079882168
P:r1@ADDG0X011427902.B,r1@ARHGAP6	1.0	0.6309784594314959	-0.012514809619972646	green	0.012514809619972646
P:r1@CLEC3B	1.0	4.695578049010833	0.012359576453980649	green	0.012359576453980649
P:r1@MICAL2	1.0	1.827523567246166	-0.012281201704741458	green	0.012281201704741458
D:r1@ADDG01214983822.F	1.0	-0.06137281728948519	0.012061833579043744	green	0.012061833579043744
P:r1@BAIAP2L2	1.0	1.6748106825370461	-0.011936410926702999	green	0.011936410926702999
P:r1@NUSAP1	1.0	4.618959324793581	-0.011269064864080266	green	0.011269064864080266
P:r1@CXCL8	1.0	0.20968732050798533	-0.010972383514208622	green	0.010972383514208622
P:r1@IL32	1.0	1.165021719206735	-0.010863220888699092	green	0.010863220888699092
P:r1@SERPINE2	1.0	4.733745897123782	-0.01067469754679604	green	0.01067469754679604
P:r1@CCDC34	1.0	2.7507067785226877	-0.010541651510659127	green	0.010541651510659127
P:r1@HLA-DMA,r1@AL645941.2	1.0	1.0348124988157505	0.010536248388203072	green	0.010536248388203072
P:r1@RCAN1	1.0	1.3867659234799534	-0.010447800205488418	green	0.010447800205488418
P:r1@AL157402.2	1.0	0.7599802114718045	-0.010172561595271435	green	0.010172561595271435
P:r2@LMO7	1.0	-0.6533785428383082	0.010151090157546776	green	0.010151090157546776
P:r1@CDKN2C	1.0	1.6561205048420533	0.00982207296878173	green	0.00982207296878173
P:r1@UPP1	1.0	0.3119720605558799	-0.009672262295078	green	0.009672262295078
P:r1@HLA-DRA	1.0	0.06902369102766859	-0.009647408732433615	green	0.009647408732433615
P:r1@SELENOP	1.0	1.9113558253825795	-0.009542262744942649	green	0.009542262744942649
D:r1@ADDG13043055745.F	1.0	0.7787918839748035	0.009330399039208608	green	0.009330399039208608
P:r1@CDCA2	1.0	2.6296708271697726	-0.009109775011773699	green	0.009109775011773699
P:r1@KRT19	1.0	3.213274177882205	0.009076913387258469	green	0.009076913387258469
P:r1@CD83	1.0	0.21182130153492962	-0.008864081235567096	green	0.008864081235567096
P:r1@PAFAH1B3	1.0	1.7850341711076987	-0.008818963819543306	green	0.008818963819543306
P:r1@SPAG5	1.0	2.6981200100039935	0.008368307824541137	green	0.008368307824541137
P:r1@C1QTNF3	1.0	1.4113815560366354	0.008259402344119229	green	0.008259402344119229
P:r1@OIP5	1.0	2.9613762852932317	-0.008235150902872858	green	0.008235150902872858
P:r2@PDLIM2	1.0	0.8491113634219853	-0.008086322792494197	green	0.008086322792494197
P:r1@ANKRD1	1.0	-1.5291768745416519	0.007987454807759843	green	0.007987454807759843
P:r1@RSPO3	1.0	0.6674615055740218	-0.00794436744570991	green	0.00794436744570991
P:r1@MYBPH	1.0	-1.0300912750336122	-0.007868799017615067	green	0.007868799017615067
D:r1@ADDG10112172279.F	1.0	1.027510889738741	0.007755623289578234	green	0.007755623289578234
P:r1@PLA2G2A	1.0	5.451666443874286	0.0077081113182682895	green	0.0077081113182682895
P:r1@CCN2	1.0	3.8403457169155004	-0.007689129931658221	green	0.007689129931658221
P:r1@HPD	1.0	0.42293238959937585	0.0076818078811962225	green	0.0076818078811962225
P:r1@RTKN2	1.0	0.22840970734560762	-0.00754223359217408	green	0.00754223359217408
P:r1@SLC2A5	1.0	1.4973542897936098	0.007490684983795903	green	0.007490684983795903
P:r1@GPAT3	1.0	0.6043911978987936	0.007235622741455609	green	0.007235622741455609
P:r1@ADDG06110700981.F	1.0	0.022407090479213403	0.007135029199073739	green	0.007135029199073739
P:r1@AC008840.1	1.0	0.09170021318978402	0.007120425404553317	green	0.007120425404553317
P:r1@HP	1.0	0.4782369273479402	-0.0070735120729124475	green	0.0070735120729124475
P:r4@CELF2	1.0	-2.5587489703729616	-0.007073181681321206	green	0.007073181681321206
P:r1@CXCL2	1.0	2.2563604920502724	-0.007019381704268654	green	0.007019381704268654
P:r1@TSPAN2	1.0	0.700699852323316	0.006984823536879425	green	0.006984823536879425
P:r1@BHLHE41,r1@AC022509.3	1.0	0.2394253179791882	-0.006908410446244487	green	0.006908410446244487
P:r1@CPXM2	1.0	0.4439464242256409	-0.006888217815110693	green	0.006888217815110693
P:r1@BAALC	1.0	1.8152693587291953	-0.0068838622377527465	green	0.0068838622377527465
P:r1@PSG5	1.0	4.4706168047210415	0.006849774514726053	green	0.006849774514726053
P:r1@GLIPR1	1.0	4.075834612467333	-0.006838655110523826	green	0.006838655110523826
P:r1@EVA1A	1.0	2.8222364690537685	-0.006562581645438253	green	0.006562581645438253
P:r1@KRT18	1.0	3.073879983173447	-0.0064344340958903765	green	0.0064344340958903765
P:r1@S100A3	1.0	3.449967897806701	0.006399110827130383	green	0.006399110827130383
P:r1@STMN2	1.0	2.779296640407274	0.006252519371456248	green	0.006252519371456248
D:r1@ADDG02202114027.R	1.0	0.8986581654496925	0.006091200512185523	green	0.006091200512185523
P:r2@ADDG18003450083.B	1.0	0.0078891491464722	0.006057190102053245	green	0.006057190102053245
P:r1@GALNT12	1.0	0.8146115325095383	-0.006011899109602047	green	0.006011899109602047
D:r1@ADDG22027138574.F	1.0	0.6302631922128873	0.005962482367344516	green	0.005962482367344516
P:r1@DOK5	1.0	1.904721362295457	-0.005949099477428636	green	0.005949099477428636
P:r1@LIMCH1	1.0	0.756495581938953	-0.005898205002533584	green	0.005898205002533584
P:r1@RAD51AP1	1.0	2.6527114138825736	-0.00582421879055341	green	0.00582421879055341
P:r1@CEMIP	1.0	2.1224270385705775	-0.00580722090100027	green	0.00580722090100027
P:r1@FPR2	1.0	-1.901615724585269	-0.005790278304473149	green	0.005790278304473149
P:r1@PI16	1.0	4.925659977802223	-0.005775584074614819	green	0.005775584074614819
P:r1@ADDG07040793466.F	1.0	-0.5410023423442322	0.005612031295729107	green	0.005612031295729107
P:r1@IFI27	1.0	3.095550033623553	-0.005594801719778678	green	0.005594801719778678
D:r1@ADDG03123664603.R	1.0	-0.45059968145615714	-0.0055141071860480605	green	0.0055141071860480605
P:r1@CENPW	1.0	5.352086145765253	0.005489983631501332	green	0.005489983631501332
P:r2@EPB41L2	1.0	1.177699376152547	-0.00540193939937154	green	0.00540193939937154
P:r2@AK5	1.0	-0.1057714719241	-0.005395981945201629	green	0.005395981945201629
P:r1@CD9	1.0	2.6339289373541623	-0.0053793726386036625	green	0.0053793726386036625
P:r1@PTGDS,r1@AL807752.7	1.0	0.5386411046559593	0.005184483488878297	green	0.005184483488878297
D:r1@ADDG05173334199.F	1.0	-0.923641152285155	0.005047059383170092	green	0.005047059383170092
P:r2@MIR4435-2HG	1.0	-0.015268342235273194	-0.004969261057389773	green	0.004969261057389773
P:r1@AC110741.1	1.0	-2.096161776258065	-0.0049464704253447565	green	0.0049464704253447565
D:r1@ADDG04114364853.R	1.0	-0.5917751290571585	0.004906090933723869	green	0.004906090933723869
P:r1@ATP8B1	1.0	1.6533849076293088	-0.004817387339023528	green	0.004817387339023528
P:r2@ECHDC1	1.0	0.6849785037244362	0.004433596908483076	green	0.004433596908483076
D:r1@ADDG06085128431.F	1.0	0.34183793820156483	-0.004337698680753241	green	0.004337698680753241
P:r1@ARHGAP29	1.0	0.9041639293828505	0.004220406225967612	green	0.004220406225967612
P:r1@CRIP1,r1@AL928654.3	1.0	1.7760317720152599	0.004154295843670256	green	0.004154295843670256
P:r1@CD200	1.0	0.38481938253168757	0.004047129079216363	green	0.004047129079216363
P:r1@IL6	1.0	1.7568338160214811	-0.0038974624505207496	green	0.0038974624505207496
P:r1@IL33	1.0	1.5464568034982227	0.003886781241249946	green	0.003886781241249946
P:r1@IGFBP2	1.0	1.025100402815648	0.0038864786122255607	green	0.0038864786122255607
P:r1@C12orf75	1.0	6.09969549891918	-0.003862641597107241	green	0.003862641597107241
P:r1@FGF1	1.0	0.6120583884915966	0.0038165770587993415	green	0.0038165770587993415
P:r1@TNFRSF6B	1.0	0.3502666159839435	-0.0037696803345187027	green	0.0037696803345187027
P:r1@KRT7	1.0	1.6071159879784773	0.003662355655936302	green	0.003662355655936302
P:r1@KLF2	1.0	1.6913768467657742	-0.003553264258837408	green	0.003553264258837408
P:r2@LIMCH1	1.0	0.9458258135111091	0.0034785363841163468	green	0.0034785363841163468
P:r1@HCLS1	1.0	-0.26983261248206725	-0.0034564929855395534	green	0.0034564929855395534
P:r2@MX1	1.0	0.06154052418547417	0.0034334931735849382	green	0.0034334931735849382
P:r1@ACAN	1.0	-0.8100255082624872	0.003409225450074337	green	0.003409225450074337
P:r1@IFI30	1.0	2.4667351945700378	0.0033333120478397055	green	0.0033333120478397055
P:r1@FENDRR	1.0	0.35063618085976256	-0.0031780193911863886	green	0.0031780193911863886
P:r1@LMO7	1.0	4.659024880887016	-0.0031404921648125715	green	0.0031404921648125715
P:r2@TPM4	1.0	2.927004365650492	0.0030319082636937294	green	0.0030319082636937294
P:r1@CNN1	1.0	1.340151279652055	0.003005298829257	green	0.003005298829257
P:r1@C1QL1	1.0	-0.4932156548390555	0.0029887901192695676	green	0.0029887901192695676
D:r1@ADDG12068803475.R	1.0	0.14908723237090682	0.002722383734158975	green	0.002722383734158975
P:r1@TCF19	1.0	2.7624771359498217	-0.0024881313326995816	green	0.0024881313326995816
P:r1@PRG4	1.0	0.197228641672489	-0.002371322661706001	green	0.002371322661706001
P:r1@CCL2	1.0	4.822143415438461	0.002274832081993501	green	0.002274832081993501
P:r3@NAV3	1.0	0.978595962794894	-0.002044557103061379	green	0.002044557103061379
P:r1@ACKR3	1.0	2.457028352654106	-0.0016931111057807986	green	0.0016931111057807986
P:r1@KRTAP1-5	1.0	0.5307950302300196	0.0016668292204117237	green	0.0016668292204117237
P:r1@ADDG01156193727.R	1.0	-0.2970475324886993	-0.0015526240088060222	green	0.0015526240088060222
P:r1@HSPB7	1.0	3.418866896184063	0.0013474683868715796	green	0.0013474683868715796
P:r1@NTS	1.0	0.5634879180707709	0.0013370970716814938	green	0.0013370970716814938
P:r1@TPD52L1	1.0	2.1348486780143423	-0.0011592490558220163	green	0.0011592490558220163
P:r1@FUOM	1.0	0.5775074537466184	-0.0010716442456879549	green	0.0010716442456879549
P:r1@OGN	1.0	4.020444294134748	0.0010235543671800408	green	0.0010235543671800408
P:r1@LIMS2	1.0	2.9312601445495865	-0.0009510518325901204	green	0.0009510518325901204
P:r1@LINC01503	1.0	2.906302619793696	-0.0006633399904695426	green	0.0006633399904695426
P:r1@KIF20B	1.0	2.617647809603342	0.0006152714939558779	green	0.0006152714939558779
P:r1@RAB27B	1.0	-0.23739437012646863	-0.00048728963683930337	green	0.00048728963683930337
P:r1@MOXD1	1.0	2.25485447681818	0.0004630813827013086	green	0.0004630813827013086
P:r1@GREM2	1.0	2.8486456041290658	0.0004415212360347408	green	0.0004415212360347408
P:r1@KIF11	1.0	2.698197473468284	-0.0004117989556281174	green	0.0004117989556281174
P:r1@CXCL6	1.0	4.550549020325536	-0.00018640388813482574	green	0.00018640388813482574
P:r1@ADDG12065642631.F	1.0	-2.154033869098645	-3.203426503814918e-16	green	3.203426503814918e-16
P:r1@C2CD4B	1.0	-2.673741049476614	3.203426503814917e-16	green	3.203426503814917e-16
D:r1@ADDG01047946943.R	1.0	-2.6944962287235623	0.0	green	0.0
P:r1@FLG	1.0	-1.5305383540955115	0.0	green	0.0
D:r1@ADDG01173637699.F	1.0	-1.3707867238525941	0.0	green	0.0
P:r1@ADDG10001159607.R	1.0	-2.6453016925226227	0.0	green	0.0
D:r1@ADDG10072518045.R	1.0	-2.6805418524108986	0.0	green	0.0
D:r1@ADDG10117548216.R	1.0	-1.3707867238525941	0.0	green	0.0
D:r1@ADDG10129639191.F	1.0	-1.3707867238525941	0.0	green	0.0
D:r1@ADDG11057723499.F	1.0	-2.5283387892431346	0.0	green	0.0
P:r4@ADDG11065315570.B	1.0	-1.3707867238525941	0.0	green	0.0
D:r1@ADDG11070399831.R	1.0	-1.3707867238525941	0.0	green	0.0
D:r1@ADDG11076614502.R	1.0	-2.6461767918545083	0.0	green	0.0
D:r1@ADDG11096026815.F	1.0	-2.599610306676518	0.0	green	0.0
P:r1@SLN	1.0	-1.3707867238525941	0.0	green	0.0
D:r1@ADDG12002448738.F	1.0	-2.694496228723563	0.0	green	0.0
D:r1@ADDG12043066621.F	1.0	-1.6300730955910039	0.0	green	0.0
D:r1@ADDG12056290222.R	1.0	-1.3707867238525941	0.0	green	0.0
D:r1@ADDG12059452962.F	1.0	-2.6333944236273097	0.0	green	0.0
P:r1@MYF5	1.0	-2.573353883584334	0.0	green	0.0
D:r1@ADDG15038871782.R	1.0	-1.3707867238525941	0.0	green	0.0
P:r1@VWA3A	1.0	-2.6713736263495487	0.0	green	0.0
D:r1@ADDG16085422594.R	1.0	-1.3707867238525941	0.0	green	0.0
P:r1@MYH2	1.0	-1.717159955157415	0.0	green	0.0
P:r1@KRTAP4-12	1.0	-2.172294242905699	0.0	green	0.0
D:r1@ADDG18063828267.F	1.0	-1.5688413154841316	0.0	green	0.0
D:r1@ADDG02055888940.R	1.0	-2.6242306827816066	0.0	green	0.0
D:r1@ADDG02159142763.F	1.0	-2.721844462242429	0.0	green	0.0
D:r1@ADDG02161178459.F	1.0	-1.3707867238525941	0.0	green	0.0
D:r1@ADDG02171776370.F	1.0	-1.3707867238525941	0.0	green	0.0
D:r1@ADDG20008647899.F	1.0	-2.415327816571765	0.0	green	0.0
P:r1@SEL1L2	1.0	-1.4718800613486724	0.0	green	0.0
D:r1@ADDG20023154183.F	1.0	-2.671373626474511	0.0	green	0.0
D:r1@ADDG22028154347.R	1.0	-2.4884209862723408	0.0	green	0.0
D:r1@ADDG03025778898.R	1.0	-1.3707867238525941	0.0	green	0.0
D:r1@ADDG03047648797.R	1.0	-1.3707867238525941	0.0	green	0.0
P:r4@MYLK	1.0	-1.68651254211035	0.0	green	0.0
D:r1@ADDG03189023252.R	1.0	-1.3707867238525941	0.0	green	0.0
P:r1@ODAPH	1.0	-0.7885527045977642	0.0	green	0.0
P:r1@IBSP	1.0	-2.6093449948228424	0.0	green	0.0
P:r2@TSLP	1.0	-2.2485346198303544	0.0	green	0.0
D:r1@ADDG05142936821.F	1.0	-1.3707867238525941	0.0	green	0.0
D:r1@ADDG06017993647.F	1.0	-2.5307206087820533	0.0	green	0.0
D:r1@ADDG06042571723.F	1.0	-1.3707867238525941	0.0	green	0.0
D:r1@ADDG06080176614.F	1.0	-1.3707867238525941	0.0	green	0.0
D:r1@ADDG06107673901.F	1.0	-2.694214189843532	0.0	green	0.0
P:r1@AL355312.4	1.0	16.229589090232473	0.0	green	0.0
D:r1@ADDG06158207249.F	1.0	-1.0305197921202351	0.0	green	0.0
D:r1@ADDG07018787325.R	1.0	-2.5961386138628946	0.0	green	0.0
D:r1@ADDG07078054667.R	1.0	-2.668388514638256	0.0	green	0.0
D:r1@ADDG07134711389.F	1.0	-0.6147674555743768	0.0	green	0.0
D:r1@ADDG07147532740.R	1.0	-1.8501917049115746	0.0	green	0.0
D:r1@ADDG08059117552.F	1.0	-1.3707867238525941	0.0	green	0.0
D:r1@ADDG08099727560.R	1.0	-2.696842214056178	0.0	green	0.0
D:r1@ADDG08116676442.R	1.0	-1.3707867238525941	0.0	green	0.0
D:r1@ADDG09012848026.R	1.0	16.17271588623347	0.0	green	0.0
D:r1@ADDG0X055043421.F	1.0	-2.5887213845980765	0.0	green	0.0
D:r1@ADDG0X063753541.F	1.0	-2.793779449854505	0.0	green	0.0
