p_val	avg_log2FC	pct.1	pct.2	p_val_adj	sig	condition	sig_cond	gene_name
2.62425423252549e-23	-0.779892500724912	0.175	0.226	9.60503291646655e-19	sig	white	white	AL136454.1
3.57159877258192e-186	0.695235500495072	0.779	0.585	1.30724086675271e-181	sig	beige	beige	RPS10
2.13405899743449e-32	0.682909297407424	0.141	0.079	7.81086933650996e-28	sig	beige	beige	AC011611.3
6.11066456802556e-64	0.646255965478726	0.295	0.17	2.23656433854303e-59	sig	beige	beige	MRPL23
2.06616498139654e-44	0.58530842596981	0.219	0.127	7.56237044840947e-40	sig	beige	beige	SMARCA5-AS1
1.73242673922427e-31	0.566109072238686	0.157	0.092	6.34085510823477e-27	sig	beige	beige	RPS10-NUDT3
4.92198881507204e-31	0.525242741491081	0.175	0.106	1.80149712620452e-26	sig	beige	beige	DNMBP-AS1
2.49552095890668e-61	0.520249151959048	0.435	0.294	9.13385626169435e-57	sig	beige	beige	DYNLRB1
1.14691451776989e-42	0.493789398155545	0.267	0.166	4.19782182648959e-38	sig	beige	beige	AC022966.1
3.91138010325822e-68	0.457003368353506	0.542	0.378	1.43160423159354e-63	sig	beige	beige	FAM89B
3.10898138259273e-50	0.456365384303578	0.35	0.224	1.13791827584276e-45	sig	beige	beige	PCGF2
5.91151243191646e-43	0.447395108101281	0.34	0.228	2.16367266520574e-38	sig	beige	beige	SNRPD3
5.47673056483048e-26	0.433859637342515	0.164	0.102	2.0045381540336e-21	sig	beige	beige	EIF3C
1.3401072690292e-30	0.429661697706407	0.479	0.365	4.90492661537378e-26	sig	beige	beige	AL627171.2
1.09573515927779e-12	0.410243897855149	0.141	0.101	4.01050025647265e-08	sig	beige	beige	RMRP
1.74777227202508e-07	0.408804594462699	0.163	0.131	0.006397021292839	sig	beige	beige	C11orf96
1.03748089688573e-66	0.408635636620284	0.869	0.787	3.79728383069148e-62	sig	beige	beige	MT-ND6
1.11699815737603e-18	0.401144175854857	0.15	0.1	4.088324955812e-14	sig	beige	beige	SAMD4A
3.46995489623852e-17	0.39967821427087	0.144	0.097	1.27003819157226e-12	sig	beige	beige	AL662797.1
1.08494349255301e-19	0.398329144538818	0.135	0.086	3.97100167709326e-15	sig	beige	beige	AC026785.2
2.63490859158024e-25	0.394473791624995	0.223	0.151	9.64402893604283e-21	sig	beige	beige	GATD3B
7.75989548995866e-40	0.394314463089726	0.545	0.418	2.84019934827977e-35	sig	beige	beige	VIM-AS1
4.02759423464738e-110	0.37328146104516	0.998	0.996	1.47413976582329e-105	sig	beige	beige	MT-ATP6
3.62026715478204e-34	0.370525548827369	0.284	0.189	1.32505398132177e-29	sig	beige	beige	KMT2D
5.27143892094263e-23	0.370506699175114	0.203	0.137	1.92939935945421e-18	sig	beige	beige	SH3RF3
4.86071529030871e-111	0.370056004051765	0.984	0.957	1.77907040340589e-106	sig	beige	beige	MT-ATP8
4.81578893993731e-26	0.369345909500656	0.173	0.108	1.76262690990646e-21	sig	beige	beige	ELF3-AS1
1.55906057481628e-22	0.368516445887723	0.178	0.117	5.70631760988507e-18	sig	beige	beige	NBPF19
1.56472879513869e-86	0.363607116485085	0.981	0.966	5.72706386308713e-82	sig	beige	beige	MT-ND5
5.30417693556389e-36	0.360878766927042	0.722	0.625	1.94138180018574e-31	sig	beige	beige	AC002398.2
1.55541940319387e-27	0.360235621383939	0.225	0.148	5.6929905576299e-23	sig	beige	beige	TRAK1
8.03673398270731e-36	0.355075173615657	0.503	0.385	2.9415250050107e-31	sig	beige	beige	AC006064.4
4.6923403519185e-29	0.353766455448118	0.232	0.152	1.71744349220569e-24	sig	beige	beige	SNX22
1.84466208408814e-20	0.351949323843594	0.172	0.114	6.75164769397099e-16	sig	beige	beige	UPK3BL1
6.63371084057565e-17	0.345439035271326	0.131	0.086	2.42800450475909e-12	sig	beige	beige	MAST3
2.93909626063132e-32	0.34038762259317	0.355	0.251	1.07573862235367e-27	sig	beige	beige	WDFY3
1.57426830600632e-18	0.339158366124161	0.129	0.082	5.76197942681374e-14	sig	beige	beige	FP565260.1
3.58014774236257e-47	0.339139861617518	0.789	0.678	1.31036987518212e-42	sig	beige	beige	BEST1
3.41008630575833e-23	0.335275307780601	0.265	0.189	1.24812568877061e-18	sig	beige	beige	PPP1R9B
5.91365927620697e-26	0.335073078937611	0.478	0.384	2.16445843168451e-21	sig	beige	beige	FKBP2
5.80178990079283e-20	0.333967643764599	0.207	0.145	2.12351312158919e-15	sig	beige	beige	POMZP3
1.43827164411674e-18	0.333372947877795	0.146	0.096	5.26421804463168e-14	sig	beige	beige	ZNF777
8.04635270041708e-39	0.331704064558533	0.659	0.536	2.94504555187965e-34	sig	beige	beige	HIGD1A
7.17903098470424e-49	0.330934135562419	0.532	0.383	2.6275971307116e-44	sig	beige	beige	TNRC18
2.02678055451439e-38	0.330023616380578	0.448	0.318	7.41821950757814e-34	sig	beige	beige	HCFC1
1.45429160485873e-83	0.327033635237856	0.998	0.999	5.32285270294343e-79	sig	beige	beige	MT-CO3
1.40893334955687e-13	0.325789306746972	0.127	0.087	5.1568369527131e-09	sig	beige	beige	LINC02593
2.66490887911716e-22	0.325783079227481	0.536	0.456	9.75383298845673e-18	sig	beige	beige	AL138963.4
4.35407880525995e-18	0.325385029695518	0.149	0.099	1.5936363835132e-13	sig	beige	beige	CBWD5
3.67548707203315e-34	0.323831843817381	0.302	0.2	1.34526502323485e-29	sig	beige	beige	AC027644.3
4.26143512510712e-33	0.316407740092363	0.353	0.246	1.55972787014046e-28	sig	beige	beige	NOMO1
7.28555246680386e-23	0.312357458735131	0.224	0.153	2.66658505837488e-18	sig	beige	beige	DVL1
1.3828767718415e-11	0.311939614794157	0.161	0.121	5.06146727261708e-07	sig	beige	beige	JCAD
4.27151124160333e-17	0.311548704940015	0.139	0.092	1.56341582953924e-12	sig	beige	beige	GLI2
1.45665003949728e-18	0.310094375246003	0.148	0.097	5.331484809564e-14	sig	beige	beige	MRPL53
3.77973495858713e-18	0.307404317208396	0.708	0.68	1.38342079219248e-13	sig	beige	beige	MTRNR2L12
7.36741204305293e-25	0.306202390957752	0.219	0.147	2.6965464818778e-20	sig	beige	beige	CIC
3.22502596741334e-30	0.306119301570535	0.42	0.314	1.18039175433296e-25	sig	beige	beige	AC090197.1
6.40742312941118e-24	0.30601308941988	0.392	0.3	2.34518093959579e-19	sig	beige	beige	C11orf98
2.41329961071996e-16	0.304965332062837	0.158	0.108	8.83291790519613e-12	sig	beige	beige	FBXL14
4.40283020004765e-16	0.304789785009845	0.133	0.089	1.61147988151944e-11	sig	beige	beige	SYNE3
4.25884667704637e-16	0.302560393514294	0.137	0.092	1.55878047226574e-11	sig	beige	beige	CCZ1
1.123068783028e-39	0.30100524666806	0.588	0.445	4.11054405276079e-35	sig	beige	beige	MPRIP
3.05289943839415e-22	0.300841214474994	0.24	0.168	1.11739172344664e-17	sig	beige	beige	ELF4
8.97506773310398e-113	0.300590940904406	0.999	0.999	3.28496454099339e-108	sig	beige	beige	MT-CO1
4.46418572263122e-22	0.300252612902796	0.436	0.343	1.63393661634025e-17	sig	beige	beige	DDIT4-AS1
9.28159014777795e-46	0.299311968252967	0.679	0.533	3.39715480998821e-41	sig	beige	beige	SNRPN
4.50975377214002e-29	0.29893881853193	0.325	0.229	1.65061497814097e-24	sig	beige	beige	NBPF20
4.71319275186251e-13	0.298520034633442	0.123	0.085	1.7250756791092e-08	sig	beige	beige	CR381653.1
3.37786385658019e-21	0.29686553036753	0.327	0.243	1.23633195014691e-16	sig	beige	beige	AC011603.2
5.88411549863191e-63	0.296640274102604	0.99	0.981	2.15364511365427e-58	sig	beige	beige	MT-ND1
1.72898131865514e-19	0.295591853834041	0.158	0.103	6.32824452440966e-15	sig	beige	beige	RUBCN
2.75452401243879e-14	0.295523721868045	0.121	0.081	1.00818333379272e-09	sig	beige	beige	NPIPB5
1.00705510852047e-20	0.29453911347206	0.428	0.345	3.68592240269578e-16	sig	beige	beige	MATR3.1
2.59858117161558e-59	0.294280685886835	0.996	0.992	9.5110669462302e-55	sig	beige	beige	MT-ND4
2.46064602175421e-22	0.294174069126373	0.208	0.141	9.0062105042226e-18	sig	beige	beige	BRD1
1.03358647035255e-25	0.292276500491564	0.275	0.19	3.78302984013735e-21	sig	beige	beige	SRGAP2
8.75805033044041e-15	0.290825139507165	0.143	0.098	3.20553400144449e-10	sig	beige	beige	AC004943.2
6.5751800198329e-17	0.288735765376039	0.184	0.13	2.40658163905904e-12	sig	beige	beige	NBPF26
2.79856543616802e-23	0.286701464891354	0.286	0.205	1.02430293529186e-18	sig	beige	beige	RASSF8
1.40737753201225e-16	0.28478465465783	0.144	0.097	5.15114250491804e-12	sig	beige	beige	MEX3D
7.10048990951474e-27	0.284496056609249	0.35	0.253	2.59885031178149e-22	sig	beige	beige	SKI
6.96931215935295e-14	0.284210804394967	0.147	0.103	2.55083794344477e-09	sig	beige	beige	AC021054.1
4.73079388454341e-32	0.283738412353303	0.459	0.34	1.73151786968174e-27	sig	beige	beige	STRIP1
1.97570841285904e-13	0.282552923714976	0.166	0.121	7.23129036190539e-09	sig	beige	beige	WNT5B
1.04999948567761e-27	0.282518267145787	0.261	0.176	3.84310311752862e-23	sig	beige	beige	PRKAB1
2.25319903909545e-21	0.28219770498921	0.177	0.117	8.24693380299324e-17	sig	beige	beige	AC010226.1
2.22410322796056e-28	0.281291276777483	0.272	0.184	8.14044022465843e-24	sig	beige	beige	PLXNA1
1.07091255343486e-14	0.279433803163251	0.121	0.08	3.91964703682691e-10	sig	beige	beige	GTF2IRD2
2.07735934561197e-15	0.278305583219043	0.167	0.117	7.60334294087439e-11	sig	beige	beige	RFLNB
1.84463950895792e-12	0.277431473208626	0.145	0.104	6.7515650667369e-08	sig	beige	beige	PLXNA2
2.41653046576951e-44	0.275771722011626	0.787	0.666	8.844743157763e-40	sig	beige	beige	POLR2J
8.59726179937204e-23	0.275533196339883	0.231	0.158	3.14668379118816e-18	sig	beige	beige	AC079781.5
3.24247449423894e-35	0.274416189649448	0.655	0.537	1.18677808963639e-30	sig	beige	beige	NAA10
3.01619705032339e-15	0.273865791325566	0.563	0.469	1.10395828238886e-10	sig	beige	beige	PCSK7
6.00417090080088e-14	0.270878234027806	0.146	0.102	2.19758659140213e-09	sig	beige	beige	ZBTB5
9.02417207215515e-32	0.270321292313527	0.518	0.393	3.30293722012951e-27	sig	beige	beige	KHSRP
6.457653757122e-18	0.269993976759363	0.581	0.506	2.36356585164422e-13	sig	beige	beige	AL133415.1
2.55313553636735e-15	0.269093597375213	0.156	0.109	9.34473137665814e-11	sig	beige	beige	LINC-PINT
6.51360449078613e-20	0.268692619205293	0.203	0.14	2.38404437967263e-15	sig	beige	beige	DLG4
8.24034021111226e-14	0.26863472080603	0.128	0.088	3.0160469206692e-09	sig	beige	beige	ZBTB37
5.38852561212096e-27	0.268003355972982	0.374	0.272	1.97225425929239e-22	sig	beige	beige	USF2
1.14586557158973e-17	0.267272103020382	0.249	0.182	4.19398257857556e-13	sig	beige	beige	SH3BP5-AS1
6.12159308826375e-25	0.266882260969167	0.342	0.249	2.24056428623542e-20	sig	beige	beige	TRRAP
1.2082134229835e-12	0.266846605088002	0.127	0.089	4.42218194946191e-08	sig	beige	beige	KIAA1958
1.0044530498582e-17	0.266770172304335	0.288	0.217	3.67639860778599e-13	sig	beige	beige	NPAS2
1.82830247080954e-07	0.266704329277067	0.118	0.09	0.00669176987341	sig	beige	beige	AF165147.1
3.02827933316423e-27	0.266565996125188	0.395	0.29	1.10838051873144e-22	sig	beige	beige	ZBTB47
8.7780325734093e-10	0.266035311323622	0.128	0.095	3.21284770219354e-05	sig	beige	beige	CDON
7.84390117881449e-22	0.26513643776144	0.244	0.17	2.87094627045789e-17	sig	beige	beige	INPP5A
7.05267846315977e-27	0.265101017508957	0.326	0.231	2.58135084430111e-22	sig	beige	beige	RBM12
7.98500819066515e-26	0.264827103859944	0.401	0.297	2.92259284786535e-21	sig	beige	beige	CMC4
3.28940579570668e-17	0.264294208538365	0.168	0.115	1.2039554152866e-12	sig	beige	beige	ARMH3
8.35464847407243e-28	0.264005511709209	0.987	0.983	3.05788488799525e-23	sig	beige	beige	MT-ND3
7.88672602139292e-12	0.263605846603546	0.126	0.089	2.88662059109002e-07	sig	beige	beige	NBPF12
2.86030493469889e-15	0.263093506454367	0.16	0.111	1.04690020914914e-10	sig	beige	beige	AP003396.5
1.09777660658412e-18	0.262722959480026	0.189	0.131	4.01797215775852e-14	sig	beige	beige	PRH1
3.97739102556242e-15	0.262446894589313	0.179	0.128	1.4557648892661e-10	sig	beige	beige	PLXNB1
3.30073532861485e-15	0.262199067468569	0.131	0.087	1.20810213762632e-10	sig	beige	beige	AL162258.2
1.46793852081672e-14	0.262088747905507	0.175	0.125	5.37280178004127e-10	sig	beige	beige	DOT1L
3.79467759405815e-23	0.261564666262558	0.244	0.168	1.38888994620122e-18	sig	beige	beige	IQSEC1
2.5813157340051e-17	0.261523393518091	0.179	0.124	9.44787371803208e-13	sig	beige	beige	ZBED4
1.72974167826991e-23	0.260589805026207	0.29	0.206	6.33102751663569e-19	sig	beige	beige	NBPF9
7.60998549992837e-17	0.260467851177967	0.153	0.103	2.78533079282878e-12	sig	beige	beige	NPIPA1
1.14767989913955e-15	0.259907080932663	0.156	0.108	4.20062319884065e-11	sig	beige	beige	PILRB
8.28917731657059e-72	0.259563660802199	0.995	0.994	3.033921789638e-67	sig	beige	beige	MT-ND4L
3.02336473416035e-22	0.258609568095012	0.252	0.176	1.10658172635003e-17	sig	beige	beige	DNAJC5
2.35881509954682e-17	0.256615325394506	0.227	0.164	8.63349914585133e-13	sig	beige	beige	MRPL30
1.76421750916722e-11	0.256050502742895	0.128	0.091	6.45721250530293e-07	sig	beige	beige	TCF20
7.9564250183649e-23	0.255149365795288	0.265	0.187	2.91213112097174e-18	sig	beige	beige	HIVEP2
2.02595029054815e-32	0.254700381206219	0.556	0.426	7.41518065843527e-28	sig	beige	beige	PKD1
1.30930570184148e-13	0.254438775260335	0.156	0.111	4.79218979930999e-09	sig	beige	beige	SIPA1L3
9.1485036525929e-38	0.253454849341204	0.849	0.75	3.34844382188553e-33	sig	beige	beige	CPD
1.30536172738442e-25	0.253218258248152	0.613	0.497	4.77775445839972e-21	sig	beige	beige	DLG5
3.32637237885975e-22	0.253103386032597	0.405	0.313	1.21748555438646e-17	sig	beige	beige	MKKS
3.78700217295659e-19	0.253047825201651	0.261	0.19	1.38608066532384e-14	sig	beige	beige	AGRN
6.1896970434864e-21	0.252618115125622	0.317	0.234	2.26549101488646e-16	sig	beige	beige	SCRIB
7.56661213304018e-16	0.252414974632899	0.172	0.121	2.76945570681403e-11	sig	beige	beige	CEMIP2
8.07902140143031e-17	0.252237915344709	0.146	0.097	2.95700262313751e-12	sig	beige	beige	HYPK
4.5086654598743e-17	0.252193941086468	0.18	0.125	1.65021664496859e-12	sig	beige	beige	HIRA
6.35361360293953e-08	1.11003702681648	0.013	0.005	0.0023254861148119	not_sig	beige	not_sig	AC110741.1
2.62038130309022e-07	1.08356241850214	0.012	0.004	0.0095908576074405	not_sig	beige	not_sig	AC010442.1
7.93239896616757e-11	0.976578640461719	0.023	0.01	2.90333734560699e-06	not_sig	beige	not_sig	FP671120.7
3.79295627464721e-17	0.919813022335641	0.043	0.019	1.38825992608363e-12	not_sig	beige	not_sig	ZMYM4-AS1
1.03069070704861e-08	0.853814872925572	0.019	0.008	0.000377243105686861	not_sig	beige	not_sig	ABCC11
1.44679518972984e-07	0.76701231109026	0.017	0.007	0.00529541507393019	not_sig	beige	not_sig	HIST2H4A
9.52468303129188e-09	0.735989352946989	0.028	0.015	0.000348612923628314	not_sig	beige	not_sig	AC079807.1
2.47847557145072e-08	0.720697422910741	0.027	0.014	0.000907146843906676	not_sig	beige	not_sig	HIST2H4B
5.89042540500102e-12	0.708417341345402	0.034	0.016	2.15595460248442e-07	not_sig	beige	not_sig	AC013451.1
9.22807443105907e-10	0.704252436688551	0.028	0.014	3.37756752251193e-05	not_sig	beige	not_sig	AL360178.1
8.2430623493649e-12	0.688245575002097	0.043	0.023	3.01704325049105e-07	not_sig	beige	not_sig	F8A3
9.94758427610859e-08	0.683232557951348	0.02	0.009	0.0036409153208985	not_sig	beige	not_sig	TAS2R4
9.06226483656259e-08	0.636055689937621	0.02	0.01	0.00331687955283027	not_sig	beige	not_sig	ROBO2
9.25560575207404e-08	0.620309843405082	0.023	0.012	0.00338764426131662	not_sig	beige	not_sig	NAV2-AS1
8.7324753017767e-08	0.616861854417775	0.026	0.014	0.00319617328520329	not_sig	beige	not_sig	SLC4A4
1.33899715065895e-19	0.596679127433786	0.066	0.034	4.90086347112683e-15	not_sig	beige	not_sig	HIST2H2AA4
7.20028050482746e-15	0.588444083202151	0.06	0.033	2.6353746675719e-10	not_sig	beige	not_sig	AC009403.1
1.01267671092557e-14	0.583644069604569	0.054	0.029	3.70649802965867e-10	not_sig	beige	not_sig	NPIPB4
6.21901887839959e-08	0.580123451425061	0.028	0.015	0.00227622309968304	not_sig	beige	not_sig	TMEM262
2.42337893691362e-10	0.578275163928464	0.04	0.022	8.86980924699754e-06	not_sig	beige	not_sig	AC011446.2
6.88853638555272e-09	0.568529113033343	0.03	0.016	0.000252127320247615	not_sig	beige	not_sig	AC008608.2
2.43523235028257e-17	0.567075167266252	0.08	0.046	8.91319392526922e-13	not_sig	beige	not_sig	AC025280.3
1.23164277903744e-08	0.564798108839287	0.034	0.019	0.000450793573555495	not_sig	beige	not_sig	HHIP
1.92843258263501e-21	0.563999060509754	0.088	0.048	7.05825609570241e-17	not_sig	beige	not_sig	AL157394.3
5.04255570348031e-15	0.557628768868098	0.07	0.041	1.84562581303083e-10	not_sig	beige	not_sig	TTN
9.22554660230548e-10	0.55428608794502	0.038	0.021	3.37664231190983e-05	not_sig	beige	not_sig	AL354740.1
1.46758447072317e-21	0.551953205017472	0.111	0.065	5.37150592129389e-17	not_sig	beige	not_sig	WNT5A-AS1
2.42472050438774e-08	0.547375829260234	0.035	0.02	0.000887471951810956	not_sig	beige	not_sig	EFCAB5
1.05974116162555e-21	0.546424142641286	0.109	0.064	3.87875862566569e-17	not_sig	beige	not_sig	USP31
4.62936250638633e-12	0.541614514032005	0.047	0.026	1.69439297096246e-07	not_sig	beige	not_sig	AL645941.3
2.13938767476299e-07	0.538722267776096	0.035	0.021	0.00783037282840003	not_sig	beige	not_sig	TTYH2
3.36232686161115e-21	0.537992361678186	0.092	0.051	1.2306452546183e-16	not_sig	beige	not_sig	AC008622.2
6.47084311961486e-08	0.535072426740758	0.028	0.015	0.00236839329021023	not_sig	beige	not_sig	SLX1B
2.69937846928731e-13	0.527937414548988	0.055	0.031	9.8799951354385e-09	not_sig	beige	not_sig	AC138969.1
2.24610604185759e-07	0.521119610428618	0.023	0.012	0.00822097272380298	not_sig	beige	not_sig	TFEB
6.12525385804461e-17	0.52096265971123	0.082	0.048	2.24190416458291e-12	not_sig	beige	not_sig	AP000926.2
3.44113908424371e-08	0.520465503899819	0.067	0.046	0.00125949131622404	not_sig	beige	not_sig	MTRNR2L8
5.77675594635441e-10	0.509984717578036	0.044	0.025	2.11435044392518e-05	not_sig	beige	not_sig	PITPNM2
4.34296828617659e-15	0.500308813991996	0.078	0.047	1.58956982242349e-10	not_sig	beige	not_sig	AL080317.2
2.91062584681389e-12	0.494029562319636	0.054	0.031	1.06531816619235e-07	not_sig	beige	not_sig	TAS2R14
5.37560780796224e-09	0.488633203605735	0.043	0.025	0.000196752621379226	not_sig	beige	not_sig	AP005329.3
3.96307176398247e-09	0.485380271458302	0.035	0.019	0.000145052389633522	not_sig	beige	not_sig	Z97989.1
1.47820705239081e-10	0.484911089129983	0.065	0.041	5.41038563245561e-06	not_sig	beige	not_sig	RNF152
6.96792655579362e-16	0.481788223721041	0.076	0.044	2.55033079868602e-11	not_sig	beige	not_sig	WWTR1-AS1
1.67609496402848e-11	0.480505996702721	0.059	0.035	6.13467517784062e-07	not_sig	beige	not_sig	AC004974.1
5.15247119324554e-11	0.476549034289929	0.053	0.031	1.8858559814398e-06	not_sig	beige	not_sig	LIME1
1.38242796556602e-08	0.470910511562964	0.037	0.021	0.000505982459676818	not_sig	beige	not_sig	AC007262.2
3.40046928108741e-18	0.46904490230959	0.1	0.06	1.2446057615708e-13	not_sig	beige	not_sig	TAF4
6.21743923051207e-10	0.468808339058632	0.048	0.028	2.27564493275972e-05	not_sig	beige	not_sig	AC004771.4
1.31630603493264e-21	0.468670736234952	0.114	0.068	4.81781171845695e-17	not_sig	beige	not_sig	RABL2A
2.41481982762696e-09	0.464961359363993	0.051	0.031	8.83848205109744e-05	not_sig	beige	not_sig	AL355075.4
1.59295302155227e-13	0.463804675048442	0.062	0.036	5.83036735418345e-09	not_sig	beige	not_sig	HIST1H4J
2.59606376757612e-08	0.463308638557414	0.042	0.025	0.000950185299570537	not_sig	beige	not_sig	AC006116.10
3.65228734462437e-09	0.454444973116155	0.043	0.025	0.000133677369100597	not_sig	beige	not_sig	H1FX-AS1
1.91062042318545e-10	0.453502446788366	0.058	0.036	6.99306181090106e-06	not_sig	beige	not_sig	AC003681.1
2.780195842771e-10	0.448783731922966	0.049	0.029	1.01757948041262e-05	not_sig	beige	not_sig	AL121748.1
7.40737233427532e-15	0.446799620188435	0.078	0.046	2.71117234806811e-10	not_sig	beige	not_sig	MAFIP
2.81283561654511e-09	0.445099069417609	0.043	0.025	0.000102952596401168	not_sig	beige	not_sig	ABALON
2.30463529156753e-09	0.443556541647676	0.045	0.027	8.4351956306663e-05	not_sig	beige	not_sig	AL391650.1
2.95607746974294e-08	0.439044029010291	0.033	0.018	0.00108195391470061	not_sig	beige	not_sig	AC034193.1
1.2287312376901e-08	0.438379555097738	0.039	0.023	0.000449727920306955	not_sig	beige	not_sig	AGAP4
1.46988247920145e-12	0.433846798082307	0.098	0.066	5.37991686212522e-08	not_sig	beige	not_sig	HIST1H4F
1.20020561501485e-07	0.427652186088269	0.04	0.025	0.00439287257151586	not_sig	beige	not_sig	LYN
1.99061222178777e-11	0.42738889248918	0.055	0.032	7.28583979296543e-07	not_sig	beige	not_sig	ASAH2B
1.02929429885256e-09	0.424010705032728	0.037	0.02	3.76732006323024e-05	not_sig	beige	not_sig	AC109587.1
1.38076932879201e-11	0.42070441947654	0.06	0.036	5.05375382031162e-07	not_sig	beige	not_sig	AC005523.2
6.94285992571518e-09	0.41382869943804	0.055	0.035	0.000254115616141101	not_sig	beige	not_sig	KCNMB4
5.37596106478722e-14	0.413579582772989	0.07	0.041	1.96765550932277e-09	not_sig	beige	not_sig	FAM156A
7.0762407708439e-12	0.412365958670306	0.066	0.04	2.58997488453658e-07	not_sig	beige	not_sig	CDR1
1.72898971998603e-07	0.402429199083587	0.05	0.033	0.00632827527412088	not_sig	beige	not_sig	GRASP
4.40366708328101e-10	0.402187521749627	0.053	0.032	1.61178618915168e-05	not_sig	beige	not_sig	DGCR6
4.0235210448628e-10	0.402066912426627	0.05	0.03	1.47264893763023e-05	not_sig	beige	not_sig	AP003486.1
1.44270637991096e-12	0.399489613788518	0.09	0.059	5.28044962111212e-08	not_sig	beige	not_sig	PCOLCE-AS1
1.21682688472144e-08	0.38977298518475	0.05	0.031	0.000445370808076894	not_sig	beige	not_sig	SHBG
1.93001456430866e-11	0.385676381719954	0.06	0.036	7.06404630682613e-07	not_sig	beige	not_sig	ZNF607
2.97928124968001e-11	0.380555842455573	0.066	0.041	1.09044673019538e-06	not_sig	beige	not_sig	AC098595.1
2.20304377371215e-07	0.375729735666446	0.043	0.027	0.00806336051616385	not_sig	beige	not_sig	HNRNPA1L2
3.43093400117465e-09	0.373098345102853	0.06	0.038	0.000125575615376993	not_sig	beige	not_sig	ADGRL1
2.50895919359704e-10	0.370158131797868	0.071	0.046	9.18304154448454e-06	not_sig	beige	not_sig	AC135457.1
1.58614563902873e-12	0.369001178013513	0.114	0.079	5.80545165340907e-08	not_sig	beige	not_sig	RCAN3
3.08904027715239e-08	0.366503702310606	0.04	0.024	0.00113061963184055	not_sig	beige	not_sig	LINC01002
3.84409721895638e-15	0.365920929009024	0.103	0.065	1.40697802311022e-10	not_sig	beige	not_sig	CTBP1-AS
1.94558746135184e-07	0.363898653301381	0.05	0.033	0.00712104466729388	not_sig	beige	not_sig	DOCK9
9.64485149342669e-12	0.363174214587903	0.078	0.05	3.5301120951091e-07	not_sig	beige	not_sig	LDLRAD2
1.19615254900853e-15	0.360761192135212	0.105	0.067	4.37803794462612e-11	not_sig	beige	not_sig	AL356124.1
3.67888744963476e-08	0.360370034234283	0.055	0.036	0.00134650959544082	not_sig	beige	not_sig	USP51
9.41410646922928e-09	0.360255609282624	0.043	0.025	0.000344565710880261	not_sig	beige	not_sig	AC145207.5
1.69668523887424e-07	0.359903250233752	0.047	0.03	0.0062100376428036	not_sig	beige	not_sig	FAM72A
3.86931766888906e-09	0.359090639516606	0.06	0.039	0.000141620895999008	not_sig	beige	not_sig	MUC20
2.67640401844414e-12	0.358236494533309	0.09	0.059	9.79590634790739e-08	not_sig	beige	not_sig	AC004889.1
2.18423752235193e-07	0.345170650324005	0.034	0.02	0.00799452775556032	not_sig	beige	not_sig	AP002495.1
9.77539154231851e-13	0.345061690873532	0.084	0.053	3.577891058404e-08	not_sig	beige	not_sig	ZNF341
3.01117983220887e-13	0.343319080053682	0.081	0.051	1.10212193038677e-08	not_sig	beige	not_sig	U2AF1
2.80912756143835e-08	0.34184086569443	0.052	0.034	0.00102816877876205	not_sig	beige	not_sig	FAM106A
1.30809475202978e-08	0.337891652376081	0.065	0.044	0.000478775760190419	not_sig	beige	not_sig	BORA
9.71723998057614e-10	0.335222781088612	0.062	0.039	3.55660700529067e-05	not_sig	beige	not_sig	DNHD1
1.97233999919407e-07	0.333774110451635	0.049	0.032	0.00721896163105022	not_sig	beige	not_sig	AL355388.2
7.05570405945741e-10	0.333224922874171	0.07	0.046	2.58245824280201e-05	not_sig	beige	not_sig	ZNF219
3.58834557504389e-10	0.33089643934464	0.073	0.048	1.31337036392181e-05	not_sig	beige	not_sig	DPYSL4
3.12310128429821e-09	0.329588255897004	0.067	0.045	0.000114308630106599	not_sig	beige	not_sig	PINK1-AS
3.40505240155991e-11	0.32933063130717	0.074	0.047	1.24628322949494e-06	not_sig	beige	not_sig	ATP6V1C2
2.15964579686714e-07	0.328705851086898	0.043	0.027	0.00790451958111343	not_sig	beige	not_sig	IFIT1
5.68958444980251e-09	0.328474017460502	0.069	0.046	0.000208244480447222	not_sig	beige	not_sig	EEPD1
2.484475985433e-07	0.328205065513712	0.037	0.023	0.00909343055428334	not_sig	beige	not_sig	AC011365.2
5.1589051657068e-08	0.327839966628888	0.051	0.033	0.00188821087970035	not_sig	beige	not_sig	AC022087.1
8.16894687550316e-16	0.320473087677058	0.119	0.077	2.98991624590291e-11	not_sig	beige	not_sig	AC008914.1
4.51164520245316e-08	0.31993655002124	0.06	0.04	0.00165130726054988	not_sig	beige	not_sig	CACNA1G
4.79172663238507e-12	0.319518507953688	0.079	0.051	1.75381986471926e-07	not_sig	beige	not_sig	ARMCX5
7.1740368853071e-12	0.319429608471216	0.105	0.072	2.62576924039125e-07	not_sig	beige	not_sig	NCALD
4.15047065279133e-08	0.318924080347525	0.044	0.027	0.00151911376362815	not_sig	beige	not_sig	AC025257.1
3.19568023203868e-08	0.315464436434609	0.04	0.024	0.00116965092172848	not_sig	beige	not_sig	SMN1
4.21289886746464e-14	0.31289553366202	0.105	0.069	1.54196311448073e-09	not_sig	beige	not_sig	BICRAL
1.31729067160078e-08	0.310782808914961	0.049	0.031	0.000482141558712602	not_sig	beige	not_sig	AC008537.4
2.8509027414496e-11	0.308469505609332	0.071	0.045	1.04345891239797e-06	not_sig	beige	not_sig	HDAC9
1.34095734744229e-07	0.307694100305947	0.051	0.033	0.00490803798737354	not_sig	beige	not_sig	PRKG1-AS1
3.24182960811731e-08	0.307617826040762	0.054	0.035	0.00118654205486702	not_sig	beige	not_sig	MAFK
1.5850817168531e-11	0.306522902121352	0.101	0.069	5.80155759185403e-07	not_sig	beige	not_sig	BOLA2
6.72709507765901e-08	0.305791838407235	0.063	0.043	0.00246218406937397	not_sig	beige	not_sig	CAPS
1.02565108715513e-09	0.30563002481501	0.079	0.054	3.75398554409649e-05	not_sig	beige	not_sig	DUSP7
8.2392372543432e-08	0.304542133507595	0.074	0.052	0.00301564322746216	not_sig	beige	not_sig	AC018413.1
6.09493306458765e-11	0.301123540041768	0.071	0.046	2.23080645096973e-06	not_sig	beige	not_sig	AC012459.1
5.98394320933834e-11	0.301052500407045	0.113	0.08	2.19018305404993e-06	not_sig	beige	not_sig	TUB
4.50716588521391e-08	0.300361640565009	0.048	0.03	0.00164966778564714	not_sig	beige	not_sig	AC027682.2
3.24365296439627e-08	0.299181912484313	0.061	0.041	0.00118720942149868	not_sig	beige	not_sig	KCNIP3
4.9479040751405e-11	0.298008299136847	0.091	0.061	1.81098237054217e-06	not_sig	beige	not_sig	AC004951.1
2.06142997489954e-12	0.294933694171138	0.096	0.063	7.54503985112982e-08	not_sig	beige	not_sig	SMN2
9.57179823384016e-14	0.293860942637768	0.095	0.061	3.50337387156784e-09	not_sig	beige	not_sig	NOTCH2NLA
1.07607622705949e-12	0.292382469074656	0.108	0.073	3.93854659866046e-08	not_sig	beige	not_sig	SLX4
4.94225376843377e-10	0.290834852860005	0.08	0.054	1.80891430178444e-05	not_sig	beige	not_sig	FOXO4
1.47629519343413e-09	0.289000621623719	0.075	0.05	5.40338803748825e-05	not_sig	beige	not_sig	MASTL
5.2235952169704e-09	0.287334408683239	0.083	0.057	0.000191188808536334	not_sig	beige	not_sig	FOXL1
8.97773731035491e-09	0.28704504173826	0.055	0.035	0.0003285941632963	not_sig	beige	not_sig	AC093297.2
5.70973269818642e-08	0.285723070384392	0.057	0.038	0.00208981926486321	not_sig	beige	not_sig	ARL17A
3.3043327522674e-08	0.28348256358601	0.067	0.045	0.00120941883065739	not_sig	beige	not_sig	MIR29B2CHG
1.02693683116116e-08	0.28022210581422	0.048	0.029	0.000375869149573295	not_sig	beige	not_sig	CBLN3
7.44884742776919e-11	0.279625039821568	0.105	0.073	2.7263526470378e-06	not_sig	beige	not_sig	AP001528.1
4.83518870443298e-10	0.279504801514391	0.056	0.034	1.76972741770951e-05	not_sig	beige	not_sig	LIMD1
2.01076072326966e-09	0.279284275081344	0.081	0.055	7.35958532323928e-05	not_sig	beige	not_sig	LINC02211
1.27020922541182e-13	0.276910578428281	0.112	0.074	4.64909278592979e-09	not_sig	beige	not_sig	SEC22A
3.42957215766602e-10	0.276784111637592	0.065	0.042	1.25525770542734e-05	not_sig	beige	not_sig	CDYL2
2.91303825403196e-10	0.273205674000942	0.081	0.054	1.06620113135824e-05	not_sig	beige	not_sig	GPR153
2.02170476496667e-10	0.273104529833506	0.072	0.047	7.39964161025451e-06	not_sig	beige	not_sig	GRIN2D
1.19864762538566e-12	0.268738561156245	0.11	0.075	4.38717017367404e-08	not_sig	beige	not_sig	ZNF41
3.58188029121481e-08	0.26713417627228	0.089	0.064	0.00131100400538753	not_sig	beige	not_sig	STARD4-AS1
4.29520498378833e-08	0.266247445117218	0.068	0.046	0.00157208797611637	not_sig	beige	not_sig	ZNF813
5.61497135629087e-09	0.265817593037097	0.099	0.071	0.000205513566611602	not_sig	beige	not_sig	AC240274.1
2.31492712971333e-09	0.265638236578941	0.081	0.056	8.47286478746377e-05	not_sig	beige	not_sig	AL157392.3
1.23894089812025e-10	0.264012707261358	0.095	0.065	4.53464758120993e-06	not_sig	beige	not_sig	BAALC-AS1
7.22836985483806e-12	0.263768752606467	0.099	0.066	2.64565565056928e-07	not_sig	beige	not_sig	AC109322.1
1.0899060430814e-09	0.263115317634599	0.079	0.054	3.98916510828223e-05	not_sig	beige	not_sig	MIR497HG
1.15883710104703e-07	0.263099388701113	0.094	0.07	0.00424145967354225	not_sig	beige	not_sig	NCAM2
3.75201450188192e-09	0.259169889671216	0.083	0.057	0.00013732748278338	not_sig	beige	not_sig	APOBEC3F
6.95775592176107e-10	0.258506248237686	0.078	0.053	2.54660824492377e-05	not_sig	beige	not_sig	ZNF628
3.70704826579804e-08	0.258260965270542	0.094	0.068	0.00135681673576474	not_sig	beige	not_sig	HIST1H3I
9.94284743237253e-09	0.258226786883915	0.06	0.039	0.000363918158872267	not_sig	beige	not_sig	AL136295.17
7.77341054764011e-10	0.257181923169228	0.08	0.054	2.84514599454176e-05	not_sig	beige	not_sig	ACP6
3.00468928779026e-11	0.255877888672009	0.091	0.06	1.09974632622411e-06	not_sig	beige	not_sig	AL359232.1
4.30767765939115e-10	0.255480753670731	0.087	0.059	1.57665310011376e-05	not_sig	beige	not_sig	AC078795.1
7.14252440637846e-10	0.253763896560493	0.084	0.057	2.61423535797858e-05	not_sig	beige	not_sig	AC093484.3
7.89040233092332e-13	0.25323945351511	0.119	0.081	2.88796615714124e-08	not_sig	beige	not_sig	AC005562.1
1.92093433020468e-08	0.250694323831675	0.087	0.062	0.000703081174198215	not_sig	beige	not_sig	NYNRIN
7.2462274853089e-15	0.249934371319896	0.14	0.096	2.65219172189791e-10	not_sig	beige	not_sig	HOXC4
2.72400509795361e-23	0.249246387387426	0.453	0.349	9.97013105902e-19	not_sig	beige	not_sig	NDST1
1.60423889296839e-07	0.248865741452684	0.073	0.052	0.00587167477215361	not_sig	beige	not_sig	NEDD4L
2.94341139375357e-10	0.247676267736407	0.082	0.054	1.07731800422775e-05	not_sig	beige	not_sig	ZNF182
2.86835415703638e-09	0.247276408443475	0.081	0.056	0.000104984630501689	not_sig	beige	not_sig	ADAMTS10
9.62834173184347e-22	0.246822430133947	0.233	0.161	3.52406935727203e-17	not_sig	beige	not_sig	SLC35E2B
9.16426009573353e-17	0.246422123478451	0.258	0.193	3.35421083763943e-12	not_sig	beige	not_sig	FGF14
1.75732390010108e-18	0.246416729031897	0.272	0.199	6.43198120675997e-14	not_sig	beige	not_sig	QSOX2
4.2048909919471e-20	0.245968874719447	0.277	0.201	1.53903215196256e-15	not_sig	beige	not_sig	NAB1
4.26406027043339e-10	0.24494422428079	0.083	0.056	1.56068869958133e-05	not_sig	beige	not_sig	DOCK6
3.02387847710691e-26	0.244931687178508	0.497	0.382	1.1067697614059e-21	not_sig	beige	not_sig	IGF1R
1.67908481722399e-15	0.244809681748092	0.146	0.1	6.14561833952154e-11	not_sig	beige	not_sig	ZNF468
6.25163434606381e-17	0.244440583671556	0.179	0.125	2.28816068700282e-12	not_sig	beige	not_sig	TENT4A
2.54388929207049e-08	0.244357806119726	0.122	0.092	0.000931088919790721	not_sig	beige	not_sig	MXRA5
4.20434906164612e-08	0.244064218323898	0.07	0.048	0.0015388338000531	not_sig	beige	not_sig	ZNF319
1.44615682421973e-15	0.243364739460492	0.291	0.224	5.29307859232662e-11	not_sig	beige	not_sig	AC015712.2
6.13102746039597e-09	0.243263560642059	0.094	0.067	0.000224401736077953	not_sig	beige	not_sig	AC005076.1
5.22838956917354e-17	0.242768994547111	0.202	0.143	1.91364286621321e-12	not_sig	beige	not_sig	AL391422.4
3.32068903256617e-20	0.242652876349247	0.311	0.231	1.21540539280955e-15	not_sig	beige	not_sig	TANC2
1.22347268094865e-12	0.242318040263391	0.093	0.06	4.47803235954014e-08	not_sig	beige	not_sig	F8A1
5.9852014435173e-11	0.242311224491596	0.124	0.088	2.19064358034177e-06	not_sig	beige	not_sig	SH3D21
1.18398107701641e-10	0.242283610018698	0.069	0.044	4.33348913998775e-06	not_sig	beige	not_sig	P2RY11
4.21309141195186e-17	0.242150280773585	0.182	0.127	1.5420335876885e-12	not_sig	beige	not_sig	RAD54L2
3.30859051783352e-10	0.242071176412331	0.104	0.073	1.21097721543225e-05	not_sig	beige	not_sig	AHRR
5.33066465308949e-11	0.241994739657641	0.114	0.08	1.95107656967728e-06	not_sig	beige	not_sig	LAMA5
7.2637504074723e-08	0.241983722215252	0.067	0.046	0.00265860528663894	not_sig	beige	not_sig	HLA-G
1.96264353757742e-27	0.241606829164521	0.501	0.383	7.18347161188712e-23	not_sig	beige	not_sig	PIEZO1
6.57600839647265e-15	0.241296862898276	0.171	0.121	2.40688483319295e-10	not_sig	beige	not_sig	LIPE-AS1
1.19363337667555e-12	0.241130243357443	0.141	0.1	4.36881752197019e-08	not_sig	beige	not_sig	TSIX
1.1050111168965e-08	0.241117276368986	0.075	0.051	0.000404445118895287	not_sig	beige	not_sig	AL109628.2
1.98921978260626e-09	0.241058238046656	0.094	0.066	7.28074332631718e-05	not_sig	beige	not_sig	C1orf159
6.38724214237375e-10	0.240758343621224	0.103	0.073	2.33779449653022e-05	not_sig	beige	not_sig	SFI1
1.9636537803992e-18	0.24043394238941	0.685	0.623	7.18716920163911e-14	not_sig	beige	not_sig	IRS2
4.62080041681081e-13	0.240323900425381	0.109	0.073	1.69125916055693e-08	not_sig	beige	not_sig	FRS3
7.781280742912e-22	0.239628244447695	0.229	0.157	2.84802656471322e-17	not_sig	beige	not_sig	ZNF496
1.02644113353922e-07	0.23953137509079	0.071	0.05	0.00375687719286692	not_sig	beige	not_sig	TRPV1
2.17280859289143e-13	0.239515831415406	0.136	0.094	7.95269673084193e-09	not_sig	beige	not_sig	SNPH
6.61730569277795e-24	0.239347391699412	0.292	0.207	2.42200005661366e-19	not_sig	beige	not_sig	KLHL5
1.08611552232948e-10	0.239248933531658	0.18	0.139	3.97529142327814e-06	not_sig	beige	not_sig	GDF5
2.96949802336971e-27	0.239003632339494	0.501	0.38	1.08686597153355e-22	not_sig	beige	not_sig	PI4KA
2.11241059537852e-31	0.238785102886279	0.675	0.541	7.7316340201449e-27	not_sig	beige	not_sig	LARP1
2.75197420807343e-17	0.237920483816483	0.208	0.149	1.00725007989696e-12	not_sig	beige	not_sig	ZNF521
8.99494346913839e-11	0.237365367546702	0.106	0.073	3.29223925913934e-06	not_sig	beige	not_sig	ABHD17B
1.02027893595638e-17	0.236236660881596	0.326	0.25	3.73432293349396e-13	not_sig	beige	not_sig	SIRPA
3.77940952202362e-08	0.235725035673229	0.086	0.061	0.00138330167915586	not_sig	beige	not_sig	PCDHGB4
2.1075643648279e-14	0.235682887215853	0.187	0.135	7.71389633170658e-10	not_sig	beige	not_sig	KCTD15
4.05220503495526e-26	0.235633130855959	0.411	0.301	1.48314756484397e-21	not_sig	beige	not_sig	PPP1R12C
2.71681571389424e-12	0.23504920508294	0.111	0.076	9.94381719442431e-08	not_sig	beige	not_sig	KIAA0753
4.42736961410951e-37	0.234398285545092	0.787	0.664	1.62046155246022e-32	not_sig	beige	not_sig	GALNT1
2.01433812426356e-07	0.234346732821522	0.161	0.129	0.00737267896861707	not_sig	beige	not_sig	ABTB2
4.79454271361477e-14	0.234273595674391	0.207	0.153	1.75485057861014e-09	not_sig	beige	not_sig	ERAP2
9.24224290131354e-28	0.234019510854643	0.54	0.414	3.38275332430977e-23	not_sig	beige	not_sig	SEC16A
1.68488162275261e-15	0.233950270017748	0.176	0.124	6.16683522743684e-11	not_sig	beige	not_sig	SETD1A
9.89993673113304e-13	0.233926726935945	0.129	0.089	3.623475842962e-08	not_sig	beige	not_sig	ZBTB34
5.16354486114196e-22	0.233235109994422	0.314	0.228	1.88990905462657e-17	not_sig	beige	not_sig	PRR12
1.98105515686189e-62	0.232815956479909	0.998	0.995	7.25085997963021e-58	not_sig	beige	not_sig	COL5A1
2.37238223008789e-21	0.232469298619361	0.302	0.219	8.6831562003447e-17	not_sig	beige	not_sig	PPTC7
5.62706018559763e-10	0.232363085674906	0.089	0.061	2.05956029853059e-05	not_sig	beige	not_sig	FBXL19
2.88572058177627e-16	0.232133753998356	0.183	0.128	1.05620259013593e-11	not_sig	beige	not_sig	ZNF335
6.35202434637715e-19	0.232023676996204	0.191	0.131	2.3249044310175e-14	not_sig	beige	not_sig	CCDC85C
6.14052622753703e-10	0.231973876288366	0.146	0.109	2.24749400454083e-05	not_sig	beige	not_sig	FLRT2
7.78108212292357e-13	0.231086217937976	0.269	0.211	2.84795386781126e-08	not_sig	beige	not_sig	ATP10A
9.65380616606038e-08	0.231055414796368	0.085	0.062	0.00353338959483976	not_sig	beige	not_sig	BAIAP2-DT
1.02935409277875e-38	0.231031308163058	0.831	0.724	3.7675389149795e-34	not_sig	beige	not_sig	PRRC2A
2.22185487509462e-08	0.230751619014462	0.074	0.051	0.000813221102833383	not_sig	beige	not_sig	CLSTN3
7.96881189514266e-22	0.230537902793211	0.244	0.169	2.91666484174117e-17	not_sig	beige	not_sig	SENP3
1.44004861841173e-07	0.230415985718981	0.091	0.067	0.00527072194824879	not_sig	beige	not_sig	AC125611.3
3.45101413863463e-23	0.229847666277544	0.329	0.239	1.26310568488166e-18	not_sig	beige	not_sig	CSRNP2
1.35070870799437e-37	0.229840299586982	0.971	0.946	4.9437289421302e-33	not_sig	beige	not_sig	MT-ND2
1.55183249278574e-15	0.229638673234401	0.138	0.093	5.67986210684508e-11	not_sig	beige	not_sig	CBWD1
1.0258998997224e-17	0.229525718006296	0.177	0.121	3.75489622297396e-13	not_sig	beige	not_sig	TMEM104
1.00152171666695e-13	0.229188826808328	0.314	0.253	3.66566963517269e-09	not_sig	beige	not_sig	GREB1L
1.91664988261715e-07	0.229129252260311	0.049	0.032	0.00701513023536705	not_sig	beige	not_sig	REPS2
1.27943402455466e-13	0.228604166025767	0.192	0.141	4.68285647327252e-09	not_sig	beige	not_sig	SCYL3
1.73991294831476e-21	0.22816370596161	0.38	0.287	6.36825538212684e-17	not_sig	beige	not_sig	TTC28
1.17186378891396e-12	0.22782601963512	0.116	0.079	4.28913865380399e-08	not_sig	beige	not_sig	CBS
6.15456734710075e-11	0.227561333313375	0.094	0.064	2.25263319471235e-06	not_sig	beige	not_sig	ZNF549
3.36191695468006e-15	0.227528476368094	0.211	0.154	1.23049522458245e-10	not_sig	beige	not_sig	IKZF5
7.23254284779786e-22	0.227007992678924	0.351	0.262	2.64718300772249e-17	not_sig	beige	not_sig	ANKRD52
1.7750101220264e-23	0.226710298912109	0.437	0.332	6.49671454762883e-19	not_sig	beige	not_sig	KIF1B
5.94612527630864e-11	0.226707478275052	0.085	0.056	2.17634131238173e-06	not_sig	beige	not_sig	CCZ1B
2.59814343192522e-25	0.22665399623871	0.47	0.355	9.50946477518949e-21	not_sig	beige	not_sig	SSH1
1.14580661993634e-23	0.226281531332789	0.38	0.279	4.19376680962901e-19	not_sig	beige	not_sig	AKAP10
2.53723934219206e-16	0.225767505481243	0.201	0.143	9.28654971635717e-12	not_sig	beige	not_sig	ZNF28
1.11597726213471e-09	0.225705717460149	0.27	0.221	4.08458837713924e-05	not_sig	beige	not_sig	NR4A1
7.2585724081801e-23	0.225685479733861	0.605	0.497	2.656710087118e-18	not_sig	beige	not_sig	DNMBP
2.38850927355966e-10	0.225564441758593	0.126	0.091	8.74218279215571e-06	not_sig	beige	not_sig	POU2F1
9.83823616726488e-17	0.225335298395624	0.198	0.14	3.60089281958062e-12	not_sig	beige	not_sig	RNF44
8.82650357274121e-09	0.224965626184706	0.093	0.066	0.000323058857265901	not_sig	beige	not_sig	NATD1
5.58710046365197e-10	0.224587586537134	0.094	0.065	2.04493464070126e-05	not_sig	beige	not_sig	MAN2A2
3.33820052970621e-15	0.224484193109916	0.188	0.135	1.22181477587777e-10	not_sig	beige	not_sig	EPG5
1.60581348942993e-23	0.22437264125194	0.478	0.367	5.8774379526625e-19	not_sig	beige	not_sig	ADNP
1.30946012765189e-18	0.223885979285192	0.258	0.187	4.79275501321869e-14	not_sig	beige	not_sig	AC005261.1
7.38802958243827e-10	0.223845119584245	0.115	0.083	2.70409270746823e-05	not_sig	beige	not_sig	MTSS2
3.30221071910286e-20	0.223761501477418	0.386	0.293	1.20864214529884e-15	not_sig	beige	not_sig	EDEM1
1.06634215686286e-18	0.223470769241969	0.263	0.193	3.90291892833374e-14	not_sig	beige	not_sig	PLEKHA2
7.08708764961411e-11	0.223397654587433	0.091	0.061	2.59394495063526e-06	not_sig	beige	not_sig	KIFC2
1.78129732089137e-12	0.223185299668977	0.141	0.1	6.51972632419449e-08	not_sig	beige	not_sig	CUL9
7.61469220071221e-18	0.223149524654913	0.203	0.142	2.78705349238268e-13	not_sig	beige	not_sig	HSPA14.1
8.93687176298675e-14	0.222860241856532	0.204	0.151	3.27098443397078e-09	not_sig	beige	not_sig	MAPKBP1
1.77892297740814e-09	0.222848724298315	0.108	0.078	6.51103598961155e-05	not_sig	beige	not_sig	TIAM1
1.07703137236685e-13	0.22269115389733	0.176	0.128	3.94204252599991e-09	not_sig	beige	not_sig	ZNF587B
2.30724287696559e-21	0.222621794163764	0.469	0.372	8.44473965398177e-17	not_sig	beige	not_sig	TLE3
7.21152225918653e-12	0.222617275544457	0.124	0.087	2.63948926208486e-07	not_sig	beige	not_sig	AC007383.2
4.00172708140662e-20	0.222061390327064	0.248	0.175	1.46467212906564e-15	not_sig	beige	not_sig	CHD1L
4.62494551342643e-21	0.221992811784039	0.433	0.337	1.69277630736921e-16	not_sig	beige	not_sig	SUSD6
2.65397104185831e-08	0.221821659315836	0.093	0.067	0.00097137994103056	not_sig	beige	not_sig	AC079922.2
3.52392992225634e-15	0.221784859762571	0.203	0.148	1.28979359084504e-10	not_sig	beige	not_sig	ZNF585B
3.61330453360854e-17	0.221719677672538	0.38	0.302	1.32250559234606e-12	not_sig	beige	not_sig	ITGA11
1.60091429639694e-14	0.221688557528693	0.175	0.125	5.85950641624242e-10	not_sig	beige	not_sig	KSR1
5.74181844193893e-22	0.220713564752493	0.449	0.347	2.10156296793407e-17	not_sig	beige	not_sig	AFF1
1.283396654076e-15	0.220687242326983	0.19	0.135	4.69736009358356e-11	not_sig	beige	not_sig	ZNF142
3.15596928176094e-11	0.220663352110788	0.105	0.073	1.15511631681732e-06	not_sig	beige	not_sig	ZNF697
6.02702793101877e-10	0.220624258814126	0.069	0.045	2.20595249303218e-05	not_sig	beige	not_sig	AC131971.1
1.38773186318356e-14	0.220410568166438	0.222	0.164	5.07923739243815e-10	not_sig	beige	not_sig	CYTH3
7.55566584634058e-16	0.220194001380111	0.192	0.137	2.76544925641912e-11	not_sig	beige	not_sig	KIAA0355
1.56046363101995e-07	0.220161876760296	0.078	0.056	0.00571145293589611	not_sig	beige	not_sig	SP4
1.0260910100235e-08	0.220095049864948	0.075	0.051	0.0003755595705787	not_sig	beige	not_sig	ARMCX5-GPRASP2
1.13071962214545e-10	0.219637391768768	0.103	0.071	4.13854688901458e-06	not_sig	beige	not_sig	PTCH1
1.63603410150897e-25	0.219297343818651	0.52	0.401	5.988048414933e-21	not_sig	beige	not_sig	SOGA1
7.5841987229606e-18	0.21873429192506	0.238	0.172	2.77589257459081e-13	not_sig	beige	not_sig	BCORL1
1.7139913144741e-13	0.218673031810218	0.157	0.112	6.27337961010664e-09	not_sig	beige	not_sig	EID3
1.1966801334544e-15	0.218671669011608	0.212	0.154	4.37996895645646e-11	not_sig	beige	not_sig	LRFN3
1.20402649291369e-51	0.218392950382342	0.997	0.998	4.40685736671338e-47	not_sig	beige	not_sig	MT-CYB
5.12804442490036e-14	0.218245831854541	0.166	0.118	1.87691553995778e-09	not_sig	beige	not_sig	AL450326.1
8.6423547851463e-14	0.218162206465771	0.126	0.085	3.1631882749114e-09	not_sig	beige	not_sig	ANGEL1
2.20244212492949e-24	0.217941085414405	0.702	0.59	8.06115842145443e-20	not_sig	beige	not_sig	BCL9L
1.95411316011504e-09	0.217544917365844	0.103	0.073	7.15224957733705e-05	not_sig	beige	not_sig	MFAP3L
8.81185463626611e-23	0.216976672799727	0.517	0.405	3.22522691541976e-18	not_sig	beige	not_sig	NBPF14
6.10719653524821e-09	0.21665649518991	0.075	0.051	0.00022352950038662	not_sig	beige	not_sig	AC074117.1
1.89503480424181e-14	0.216286422072373	0.291	0.227	6.93601688700544e-10	not_sig	beige	not_sig	DOCK5
1.32716648812957e-15	0.216213123029916	0.215	0.157	4.85756206320303e-11	not_sig	beige	not_sig	ZMYM3
8.05735179820969e-10	0.216082584463294	0.101	0.071	2.94907133166273e-05	not_sig	beige	not_sig	RFFL
4.99130310609391e-16	0.215905290526051	0.21	0.151	1.82686684986143e-11	not_sig	beige	not_sig	RNF217
6.48718467120773e-10	0.215806814991298	0.195	0.153	2.37437446150874e-05	not_sig	beige	not_sig	C3orf70
7.04407426706962e-21	0.215697869225403	0.348	0.259	2.57820162249015e-16	not_sig	beige	not_sig	ELK4
5.96055807159204e-21	0.215583312510596	0.389	0.296	2.1816238597834e-16	not_sig	beige	not_sig	FOXK2
6.39483309434812e-14	0.215568831461568	0.148	0.103	2.34057286086236e-09	not_sig	beige	not_sig	KLHL15
1.17344843920608e-13	0.215553492872911	0.24	0.183	4.29493863233819e-09	not_sig	beige	not_sig	MN1
7.80450302880809e-09	0.214716298469485	0.076	0.052	0.000285652615357405	not_sig	beige	not_sig	YJEFN3
1.47163749528204e-25	0.214685720121902	0.896	0.833	5.3863403964818e-21	not_sig	beige	not_sig	GSR
1.31213969436264e-16	0.214552139516432	0.324	0.249	4.80256249533671e-12	not_sig	beige	not_sig	HDAC4
2.70779156498206e-14	0.214411312524643	0.169	0.12	9.91078790699085e-10	not_sig	beige	not_sig	ZNF589
8.48438118032892e-12	0.21432335211262	0.141	0.101	3.10536835581219e-07	not_sig	beige	not_sig	AC012313.1
4.96644196836425e-11	0.214299340428508	0.111	0.077	1.817767424841e-06	not_sig	beige	not_sig	TTC7B
5.57995605633099e-27	0.214256356621037	0.555	0.427	2.04231971617771e-22	not_sig	beige	not_sig	SRCAP
2.5888221903282e-11	0.21425003220126	0.131	0.093	9.47534809882026e-07	not_sig	beige	not_sig	ZBTB9
1.34713233286943e-29	0.214072507756228	0.755	0.638	4.93063905153539e-25	not_sig	beige	not_sig	UBR4
3.17872220140633e-20	0.213961789811759	0.376	0.287	1.16344411293673e-15	not_sig	beige	not_sig	ABHD2
5.62087817211285e-13	0.213872958406733	0.178	0.13	2.05729761977503e-08	not_sig	beige	not_sig	MDC1
1.93157072405673e-23	0.213256988542206	0.541	0.428	7.06974200712004e-19	not_sig	beige	not_sig	POFUT1
4.73167103780957e-09	0.212861182206298	0.08	0.055	0.000173183891654868	not_sig	beige	not_sig	AL139099.1
1.16087902592111e-20	0.212634949278835	0.324	0.239	4.24893332277386e-16	not_sig	beige	not_sig	ZNF516
1.0336962176724e-09	0.212441758950444	0.105	0.075	3.78343152630275e-05	not_sig	beige	not_sig	MMACHC
1.46126349226382e-11	0.212406073620365	0.162	0.119	5.34837050803481e-07	not_sig	beige	not_sig	NRDE2
4.01556425285973e-13	0.212318133647644	0.161	0.115	1.46973667218919e-08	not_sig	beige	not_sig	ZNF514
3.91497883779354e-21	0.211618699424593	0.383	0.289	1.43292140442082e-16	not_sig	beige	not_sig	TEX2
5.82591388426399e-15	0.211485277740454	0.211	0.155	2.13234274077946e-10	not_sig	beige	not_sig	KLF12
7.07402789293737e-12	0.211294801852386	0.14	0.1	2.58916494909401e-07	not_sig	beige	not_sig	PKP4
7.77730332196297e-17	0.211238594783977	0.198	0.14	2.84657078887167e-12	not_sig	beige	not_sig	SYNGAP1
1.23522285032826e-15	0.211223426196774	0.206	0.148	4.52103915448648e-11	not_sig	beige	not_sig	CLN8
9.63143443463788e-22	0.21122302801612	0.45	0.345	3.52520131742181e-17	not_sig	beige	not_sig	EXT1
2.09323187175513e-19	0.211188756747724	0.527	0.423	7.66143797381096e-15	not_sig	beige	not_sig	CTIF
5.77753923464575e-26	0.211044745305696	0.472	0.352	2.11463713527269e-21	not_sig	beige	not_sig	ZDHHC5
6.59012975318209e-25	0.2109355834154	0.694	0.583	2.41205339096218e-20	not_sig	beige	not_sig	PTPRM
2.72384579619487e-13	0.210919743909236	0.179	0.13	9.96954799865284e-09	not_sig	beige	not_sig	KLHL29
1.66254436689491e-09	0.210873134055611	0.129	0.096	6.08507863727205e-05	not_sig	beige	not_sig	TLE6
9.62476625534522e-13	0.210482182279815	0.162	0.117	3.5227606971189e-08	not_sig	beige	not_sig	TMEM63A
9.2036782642443e-16	0.210328701103154	0.216	0.156	3.36863828149606e-11	not_sig	beige	not_sig	ZCCHC14
6.14532752467724e-08	0.210187274118431	0.102	0.075	0.00224925132730712	not_sig	beige	not_sig	LNCOG
1.09803904365317e-22	0.210127204078592	0.393	0.293	4.01893270367497e-18	not_sig	beige	not_sig	NLGN2
3.41208365888899e-21	0.209986897115336	0.347	0.26	1.24885673998996e-16	not_sig	beige	not_sig	LHFPL2
4.49853779470516e-09	0.209846145835312	0.074	0.05	0.000164650981824003	not_sig	beige	not_sig	ZNF619
1.38744079340335e-18	0.209815737561643	0.332	0.254	5.07817204793561e-14	not_sig	beige	not_sig	TMEM164
2.32563655657706e-21	0.209436894550379	0.303	0.22	8.51206236072769e-17	not_sig	beige	not_sig	RETREG3
3.07368818818558e-08	0.209244348696915	0.077	0.054	0.0011250006137578	not_sig	beige	not_sig	AC008840.1
2.37898248336044e-24	0.209208887647673	0.544	0.422	8.70731378734754e-20	not_sig	beige	not_sig	ARID1A
5.08345253293819e-22	0.209202730716875	0.428	0.325	1.86059446158071e-17	not_sig	beige	not_sig	XPO6
8.43811887958628e-18	0.20887901961146	0.235	0.169	3.08843589111738e-13	not_sig	beige	not_sig	ST3GAL3
5.55281196210507e-19	0.208816568846732	0.252	0.181	2.03238470625008e-14	not_sig	beige	not_sig	CASP2
1.10223532991823e-16	0.208811771190333	0.264	0.196	4.0342915310337e-12	not_sig	beige	not_sig	SAP130
2.28020751273789e-08	0.208789699534768	0.084	0.059	0.000834578751737194	not_sig	beige	not_sig	EXO5
8.32502369504873e-15	0.208560077851798	0.187	0.134	3.04704192262479e-10	not_sig	beige	not_sig	PXN-AS1
5.36351871810085e-15	0.208259788616604	0.263	0.198	1.96310148601209e-10	not_sig	beige	not_sig	CLEC16A
2.84541511522212e-10	0.208239717028821	0.108	0.077	1.04145038632245e-05	not_sig	beige	not_sig	TMEM201
2.45454952123292e-12	0.208214049898877	0.147	0.104	8.98389670266462e-08	not_sig	beige	not_sig	ZSWIM1
1.68928004940496e-07	0.208202996380374	0.079	0.056	0.00618293390882711	not_sig	beige	not_sig	AC004803.1
1.47283654200411e-17	0.208093086739361	0.223	0.16	5.39072902738924e-13	not_sig	beige	not_sig	AMBRA1
3.84126453412038e-19	0.20808206634872	0.248	0.176	1.4059412321334e-14	not_sig	beige	not_sig	UMAD1
9.62084747725965e-20	0.208059187506924	0.337	0.25	3.52132638515181e-15	not_sig	beige	not_sig	ELP1
7.21426268436556e-18	0.207665202702961	0.247	0.179	2.64049228510464e-13	not_sig	beige	not_sig	METTL2A
9.66072702910669e-21	0.207306438625382	0.414	0.316	3.53592269992334e-16	not_sig	beige	not_sig	TPT1-AS1
4.66336160399943e-09	0.20727544113945	0.116	0.085	0.000170683698067983	not_sig	beige	not_sig	DHFR2
4.68378475732481e-20	0.207086450750292	0.712	0.62	1.71431205902846e-15	not_sig	beige	not_sig	HEG1
3.0260458653709e-20	0.207045394414617	0.351	0.262	1.1075630471844e-15	not_sig	beige	not_sig	C5orf22
3.96075218565372e-23	0.206836283637929	0.965	0.931	1.44967490747112e-18	not_sig	beige	not_sig	FLNA
4.78136166713272e-22	0.206723816512603	0.901	0.835	1.75002618378725e-17	not_sig	beige	not_sig	ATP1A1
1.57777966053765e-19	0.206004282162207	0.452	0.35	5.77483133553384e-15	not_sig	beige	not_sig	DHX40
5.48213570513692e-32	0.205966019091858	0.898	0.823	2.00651648943716e-27	not_sig	beige	not_sig	FOXO3
4.39759423119647e-15	0.205795825889981	0.168	0.118	1.60956346456022e-10	not_sig	beige	not_sig	ZNF473
2.58355025359486e-20	0.205696478151957	0.297	0.217	9.45605228318256e-16	not_sig	beige	not_sig	SLC17A5
5.92193108492849e-13	0.205602736770631	0.331	0.264	2.16748599639468e-08	not_sig	beige	not_sig	ITPR1
1.33822573260387e-19	0.205567025791972	0.334	0.248	4.89804000390341e-15	not_sig	beige	not_sig	CTDP1
2.73599042684609e-09	0.205281798739468	0.082	0.056	0.000100139985612994	not_sig	beige	not_sig	NEMP1
8.4404309900477e-09	0.205224081148442	0.107	0.078	0.000308928214666736	not_sig	beige	not_sig	RGS17
1.52152973428722e-25	0.204944562609976	0.425	0.316	5.56895098046464e-21	not_sig	beige	not_sig	CUL7
4.68056885541303e-15	0.20395286235262	0.217	0.16	1.71313500676972e-10	not_sig	beige	not_sig	FAT4
5.56414859623548e-17	0.203836356015866	0.259	0.191	2.03653402770815e-12	not_sig	beige	not_sig	AGO1
8.24028233851137e-10	0.203759708890809	0.118	0.085	3.01602573871855e-05	not_sig	beige	not_sig	ZNF407
6.25002151329782e-14	0.203454042341851	0.198	0.145	2.28757037408213e-09	not_sig	beige	not_sig	GIGYF1
9.40856185226063e-17	0.20316554033344	0.258	0.19	3.44362772354591e-12	not_sig	beige	not_sig	SNX33
7.21126883441417e-14	0.203040932213987	0.645	0.559	2.63939650608393e-09	not_sig	beige	not_sig	FAM20C
1.1909920241975e-19	0.203036119160127	0.348	0.261	4.35914990776527e-15	not_sig	beige	not_sig	ARID3A
1.31400008775317e-11	0.203015129935086	0.141	0.101	4.80937172118536e-07	not_sig	beige	not_sig	ZXDB
4.30068084108126e-24	0.202823236385844	0.574	0.453	1.57409219464415e-19	not_sig	beige	not_sig	PLXNB2
5.34102445866958e-24	0.202690692529349	0.91	0.846	1.95486836211765e-19	not_sig	beige	not_sig	SH3PXD2A
2.21915270284139e-23	0.202530943403783	0.419	0.315	8.12232080766978e-19	not_sig	beige	not_sig	FAM53C
1.80078779437992e-11	0.202422863895057	0.131	0.093	6.59106340620994e-07	not_sig	beige	not_sig	GAB1
3.48456458807191e-09	0.202191127900652	0.378	0.322	0.00012753854848802	not_sig	beige	not_sig	ARL4C
3.1491521368045e-22	0.202158117209277	0.37	0.275	1.15262117359182e-17	not_sig	beige	not_sig	DROSHA
7.3169184780923e-24	0.201722446220448	0.453	0.34	2.67806533216656e-19	not_sig	beige	not_sig	WIZ
8.49781597964872e-18	0.201702005207181	0.332	0.253	3.11028562671123e-13	not_sig	beige	not_sig	RAPGEF1
2.15964114665714e-12	0.20151179180145	0.148	0.105	7.90450256087981e-08	not_sig	beige	not_sig	FMNL3
4.76934548914415e-08	0.201451421399388	0.067	0.046	0.00174562814248165	not_sig	beige	not_sig	ZNF320
6.84125281790725e-21	0.201105524063059	0.536	0.426	2.50396694388223e-16	not_sig	beige	not_sig	GNA11
2.6852173198305e-09	0.200955846444695	0.099	0.07	9.82816391231162e-05	not_sig	beige	not_sig	ZNF440
2.60476405023718e-22	0.200585627424309	0.413	0.31	9.5336969002731e-18	not_sig	beige	not_sig	ZBTB4
2.27372812530151e-15	0.200060894493308	0.185	0.131	8.32207231141604e-11	not_sig	beige	not_sig	ZNF564
6.94326428432544e-18	0.200047375987726	0.274	0.201	2.54130416070596e-13	not_sig	beige	not_sig	MORC2
1.5278945697889e-07	0.200020474749337	0.053	0.035	0.00559224691488436	not_sig	beige	not_sig	FMO4
1.25070367644544e-21	0.199737722298311	0.664	0.553	4.57770052615794e-17	not_sig	beige	not_sig	TRIO
4.25079588680481e-15	0.199494258054544	0.21	0.153	1.55583380252943e-10	not_sig	beige	not_sig	LINC00623
5.0417413931567e-52	0.199445158318855	0.982	0.954	1.84532776730928e-47	not_sig	beige	not_sig	HSPG2
3.72057142129331e-24	0.199402228281653	0.681	0.556	1.36176634590756e-19	not_sig	beige	not_sig	NUMA1
1.87822300100464e-15	0.199353899732689	0.211	0.152	6.8744840059771e-11	not_sig	beige	not_sig	HDAC10
2.1742426163176e-11	0.199229174480237	0.123	0.087	7.95794539998404e-07	not_sig	beige	not_sig	LPIN3
1.08127318253677e-25	0.198980049700997	0.836	0.743	3.95756797540282e-21	not_sig	beige	not_sig	LTBP2
5.06691187989595e-29	0.19894784528509	0.737	0.616	1.85454041716072e-24	not_sig	beige	not_sig	ATXN10
1.40501912904167e-14	0.198814799939188	0.172	0.122	5.14251051420541e-10	not_sig	beige	not_sig	MED26
7.61812852151392e-13	0.198485640163822	0.723	0.652	2.78831122015931e-08	not_sig	beige	not_sig	HIST1H1E
1.1207069552006e-07	0.198476602102089	0.086	0.062	0.00410189952672971	not_sig	beige	not_sig	PCDHGA11
9.31981255728535e-09	0.198416290558082	0.079	0.054	0.000341114459409201	not_sig	beige	not_sig	ZNF404
3.52066148646909e-17	0.1983635534111	0.326	0.247	1.28859731066255e-12	not_sig	beige	not_sig	ZNF282
2.13880066763013e-21	0.197897851355078	0.476	0.368	7.82822432359305e-17	not_sig	beige	not_sig	PCBP1-AS1
1.26032375615741e-11	0.197852208970652	0.101	0.068	4.61291097991173e-07	not_sig	beige	not_sig	LHFPL5
1.70544693640142e-11	0.197759745302628	0.141	0.101	6.24210633192285e-07	not_sig	beige	not_sig	ZBTB7B
3.32612832178696e-19	0.197683759338408	0.253	0.18	1.21739622705725e-14	not_sig	beige	not_sig	EMSY
1.12518164412606e-19	0.197663793808732	0.314	0.231	4.11827733566579e-15	not_sig	beige	not_sig	ZKSCAN8
7.17367240251663e-21	0.197491226412183	0.444	0.342	2.62563583604511e-16	not_sig	beige	not_sig	LIMK1
2.02011626986477e-07	0.19727597753224	0.087	0.064	0.00739382755933204	not_sig	beige	not_sig	LRP4
3.37344606071306e-08	0.19715489747075	0.107	0.079	0.00123471499268159	not_sig	beige	not_sig	KTI12
2.13179740001974e-20	0.196956138053559	0.575	0.466	7.80259166381226e-16	not_sig	beige	not_sig	ARHGAP35
7.83564955091072e-20	0.196810056537964	0.287	0.209	2.86792609212883e-15	not_sig	beige	not_sig	NCOA2
4.25155951300879e-20	0.196677486651598	0.391	0.297	1.55611329735635e-15	not_sig	beige	not_sig	LATS2
9.99506033194678e-17	0.19635675346874	0.324	0.246	3.65829203209584e-12	not_sig	beige	not_sig	TRPM4
1.38473191050915e-11	0.196342490256673	0.231	0.179	5.06825726565453e-07	not_sig	beige	not_sig	DDAH1
2.61254106880873e-10	0.196340135061322	0.154	0.115	9.56216156594682e-06	not_sig	beige	not_sig	LZTS3
5.50842391502464e-22	0.196291339585069	0.337	0.247	2.01613823713817e-17	not_sig	beige	not_sig	MED12
9.43136333081226e-16	0.196276526910582	0.335	0.259	3.4519732927106e-11	not_sig	beige	not_sig	HS3ST3B1
9.90466324045151e-14	0.196101199464032	0.198	0.145	3.62520579263766e-09	not_sig	beige	not_sig	FBXW4
6.29888816604845e-21	0.196002367045927	0.464	0.36	2.30545605765539e-16	not_sig	beige	not_sig	HERC1
1.13023242528661e-10	0.195618970800268	0.092	0.062	4.13676369979153e-06	not_sig	beige	not_sig	AL162586.1
3.54201304621440e-11	0.195459311459134	0.156	0.115	1.29641219504493e-06	not_sig	beige	not_sig	BVES
8.56031106385101e-15	0.195371873192695	0.258	0.195	3.13315945248011e-10	not_sig	beige	not_sig	FZD7
1.69977088607128e-12	0.195236750288379	0.17	0.123	6.22133142010951e-08	not_sig	beige	not_sig	DNASE1
3.19185757986205e-20	0.195233296496713	0.354	0.263	1.16825179280531e-15	not_sig	beige	not_sig	LRP6
1.78320356708269e-52	0.195194475983142	0.999	0.999	6.52670337587936e-48	not_sig	beige	not_sig	MT-CO2
5.70101151702513e-11	0.19488606067684	0.138	0.1	2.08662722534637e-06	not_sig	beige	not_sig	MTHFSD
7.65955457560973e-09	0.194792733270046	0.09	0.063	0.000280347357021892	not_sig	beige	not_sig	SYTL4
1.86318140633672e-12	0.194711404660102	0.287	0.225	6.81943026533304e-08	not_sig	beige	not_sig	ADAMTS12
6.20509944079879e-16	0.194550260878293	0.176	0.123	2.27112844632677e-11	not_sig	beige	not_sig	MAPK11
3.57540440466999e-08	0.194513514046825	0.092	0.066	0.00130863376615326	not_sig	beige	not_sig	AP3B2
1.31783944666269e-16	0.194473383855501	0.241	0.176	4.8234241587301e-12	not_sig	beige	not_sig	PHC1
7.2904877799336e-22	0.19442632796743	0.366	0.271	2.6683914323335e-17	not_sig	beige	not_sig	PRKCA
1.23477742574808e-11	0.194263964262768	0.139	0.099	4.51940885598056e-07	not_sig	beige	not_sig	KIAA1614
1.85845853948856e-12	0.194229033254714	0.154	0.111	6.80214410038206e-08	not_sig	beige	not_sig	CMTM4
3.45140660083884e-11	0.194170925181956	0.195	0.148	1.26324932997302e-06	not_sig	beige	not_sig	SLIT2
1.59645227594742e-16	0.194165962445923	0.432	0.342	5.84317497519517e-12	not_sig	beige	not_sig	COG3
2.42366295322034e-14	0.193951471165459	0.183	0.132	8.87084877508177e-10	not_sig	beige	not_sig	NOP9
9.24280080937604e-09	0.193790149607277	0.11	0.081	0.000338295752423972	not_sig	beige	not_sig	CENPL
2.951481812781e-15	0.193255989356043	0.256	0.192	1.08027185829597e-10	not_sig	beige	not_sig	FBXL18
2.40914586923347e-21	0.193138864315487	0.592	0.48	8.81771479598143e-17	not_sig	beige	not_sig	VARS
3.42768310813499e-14	0.193027869794608	0.224	0.166	1.25456629440849e-09	not_sig	beige	not_sig	MFHAS1
1.57238236361271e-16	0.192418930966569	0.258	0.191	5.75507668905888e-12	not_sig	beige	not_sig	CMIP
3.17729470281703e-18	0.192312493508902	0.388	0.301	1.16292163417806e-13	not_sig	beige	not_sig	KDM6B
1.05083383765712e-07	0.192294454401284	0.081	0.058	0.00384615692920882	not_sig	beige	not_sig	ZHX2
1.86672273156714e-10	0.192084377594986	0.104	0.073	6.8323918698089e-06	not_sig	beige	not_sig	B3GNT5
3.84024125247791e-13	0.191988208520539	0.158	0.113	1.40556670081944e-08	not_sig	beige	not_sig	ZNF316
3.64477166706799e-10	0.191849414147428	0.103	0.072	1.33402287786356e-05	not_sig	beige	not_sig	PRR5L
3.14840896650193e-11	0.191800190290541	0.144	0.105	1.15234916582937e-06	not_sig	beige	not_sig	MAFG-DT
2.46723305496418e-23	0.191605574848669	0.561	0.44	9.0303197044744e-19	not_sig	beige	not_sig	MEGF8
6.2507749170387e-12	0.191556736790382	0.179	0.133	2.28784612738533e-07	not_sig	beige	not_sig	BX322234.1
2.23103054077204e-07	0.19140137103255	0.074	0.053	0.00816579488227973	not_sig	beige	not_sig	TIMM23B
3.20527084905337e-16	0.191114566820191	0.209	0.149	1.17316118346202e-11	not_sig	beige	not_sig	BCR
5.35024329521467e-16	0.190921984244736	0.221	0.16	1.95824254848152e-11	not_sig	beige	not_sig	PAK4
2.63514615039492e-07	0.190892906134732	0.071	0.05	0.00964489842506045	not_sig	beige	not_sig	BACE1-AS
3.42501370662915e-12	0.190815375296682	0.189	0.141	1.25358926676334e-07	not_sig	beige	not_sig	NOL4L
1.90421776565897e-14	0.190805125854512	0.199	0.144	6.9696274440884e-10	not_sig	beige	not_sig	GTF2H2C
6.15607542320161e-12	0.190643397430498	0.343	0.281	2.25318516564602e-07	not_sig	beige	not_sig	SYNPO2
8.00643993797368e-15	0.190485299498158	0.222	0.164	2.93043708169775e-10	not_sig	beige	not_sig	TP53INP2
1.75769256142514e-10	0.190334386099974	0.125	0.09	6.43333054407216e-06	not_sig	beige	not_sig	SGPL1
9.60202693559518e-10	0.190311164635875	0.104	0.073	3.51443787869719e-05	not_sig	beige	not_sig	ZNF449
1.2023742874084e-16	0.190264576342577	0.606	0.515	4.4008101293435e-12	not_sig	beige	not_sig	NAV2
1.69295420834335e-07	0.190143177040049	0.093	0.069	0.00619638169795749	not_sig	beige	not_sig	MAP6
2.02466735746694e-07	0.190101895373596	0.073	0.052	0.00741048499506476	not_sig	beige	not_sig	ACBD4
2.72768945323721e-17	0.190025149889038	0.266	0.195	9.9836161677935e-13	not_sig	beige	not_sig	BOLA2B
2.28229325514103e-20	0.189963216348003	0.635	0.526	8.3534215431417e-16	not_sig	beige	not_sig	MRTFA
3.14370297530677e-20	0.189823361215855	0.556	0.449	1.15062672599203e-15	not_sig	beige	not_sig	TPRG1L
2.25820890423359e-08	0.189772307137341	0.195	0.155	0.000826527041038536	not_sig	beige	not_sig	MFSD6
7.9739129447088e-16	0.18962609204966	0.265	0.197	2.91853187689287e-11	not_sig	beige	not_sig	ZC3H4
7.51004910226473e-11	0.189514085041491	0.125	0.089	2.74875307191991e-06	not_sig	beige	not_sig	POLE
7.11511990062814e-12	0.189435882409458	0.157	0.114	2.60420503482891e-07	not_sig	beige	not_sig	PAXIP1
2.43891806680488e-17	0.189335664044616	0.306	0.229	8.92668401631254e-13	not_sig	beige	not_sig	OCRL
9.49422216755936e-16	0.189289943053941	0.226	0.166	3.4749802555484e-11	not_sig	beige	not_sig	RAI1
1.92538389644462e-20	0.189154870278591	0.741	0.638	7.04709759937696e-16	not_sig	beige	not_sig	ZNF664
1.25224998758813e-09	0.189046726022348	0.114	0.082	4.58336017957131e-05	not_sig	beige	not_sig	IFFO2
1.01575423780699e-23	0.188928339848964	0.844	0.759	3.71776208579735e-19	not_sig	beige	not_sig	LMO3
1.16644524708679e-15	0.188678350434001	0.214	0.154	4.26930624886235e-11	not_sig	beige	not_sig	PPM1F
5.4370325992962e-09	0.188498461640961	0.11	0.08	0.00019900083016684	not_sig	beige	not_sig	TMEM182
4.67239185706103e-20	0.188456850870871	0.368	0.277	1.71014214360291e-15	not_sig	beige	not_sig	NUP188
1.38681008983714e-18	0.188424187968821	0.34	0.256	5.07586360981291e-14	not_sig	beige	not_sig	FAM168A
2.74430392878017e-19	0.18839397645623	0.345	0.258	1.00444268097283e-14	not_sig	beige	not_sig	NCOA6
2.95587042068728e-18	0.188105674467337	0.364	0.278	1.08187813267575e-13	not_sig	beige	not_sig	MEF2D
1.635090083823e-43	0.188054053135822	0.952	0.905	5.98459321580055e-39	not_sig	beige	not_sig	DDT
4.24157846848257e-20	0.187870574242999	0.327	0.241	1.55246013524931e-15	not_sig	beige	not_sig	ZNF761
7.40837248703765e-19	0.187739444452512	0.58	0.484	2.71153841398065e-14	not_sig	beige	not_sig	CHST3
9.88814534525106e-09	0.18771538598953	0.077	0.053	0.000361916007781534	not_sig	beige	not_sig	TBCE.1
1.37584305063705e-14	0.187446182586423	0.197	0.143	5.03572314963665e-10	not_sig	beige	not_sig	C11orf95
1.54244673320517e-18	0.187323418388455	0.306	0.226	5.64550928820426e-14	not_sig	beige	not_sig	TATDN2
3.19030550231919e-11	0.187030894470912	0.349	0.285	1.16768371690385e-06	not_sig	beige	not_sig	SLC7A5
4.90836788332458e-12	0.187027693785594	0.876	0.83	1.79651172897563e-07	not_sig	beige	not_sig	ST3GAL1
5.85450196956056e-16	0.186858973933358	0.262	0.195	2.14280626587886e-11	not_sig	beige	not_sig	THAP9-AS1
7.36672715133217e-19	0.186731983048191	0.347	0.264	2.69629580465909e-14	not_sig	beige	not_sig	AUTS2
2.88817458575234e-22	0.186506261592049	0.404	0.301	1.05710078013121e-17	not_sig	beige	not_sig	USP19
3.89561910427986e-23	0.186488758491782	0.417	0.312	1.42583554835747e-18	not_sig	beige	not_sig	NCKAP5L
8.3883498501169e-08	0.186416972514344	0.077	0.055	0.00307021992864129	not_sig	beige	not_sig	SLC45A4
1.36640987364749e-19	0.186407543695217	0.501	0.399	5.00119677853718e-15	not_sig	beige	not_sig	ZNF460
8.55515874023397e-22	0.186238869056204	0.394	0.293	3.13127365051304e-17	not_sig	beige	not_sig	ZER1
2.26525973440238e-10	0.186124232947138	0.111	0.078	8.29107715388615e-06	not_sig	beige	not_sig	BAHCC1
4.97929433773105e-18	0.185921649891731	0.26	0.188	1.82247152055294e-13	not_sig	beige	not_sig	TBCEL
6.51446336815172e-16	0.185874144302108	0.295	0.223	2.38435873737721e-11	not_sig	beige	not_sig	IRGQ
7.02058953341336e-25	0.185855774721288	0.847	0.76	2.56960597512462e-20	not_sig	beige	not_sig	LAMB2
3.15744840804555e-09	0.18578967875654	0.147	0.111	0.000115565769182875	not_sig	beige	not_sig	CNTNAP1
5.51482013654026e-17	0.1856625460062	0.246	0.18	2.0184793181751e-12	not_sig	beige	not_sig	ZKSCAN5
1.084824603169e-20	0.185563372659441	0.789	0.699	3.97056653005887e-16	not_sig	beige	not_sig	NCOR2
1.85045038321696e-20	0.185098365223562	0.381	0.289	6.77283344761239e-16	not_sig	beige	not_sig	CACNA1C
1.09799657723922e-20	0.185089444418644	0.631	0.514	4.01877727235328e-16	not_sig	beige	not_sig	TAOK1
5.05283383780702e-12	0.184793341896899	0.163	0.119	1.84938771297575e-07	not_sig	beige	not_sig	PHLPP2
3.57876337424011e-13	0.184727525704409	0.227	0.173	1.30986318260562e-08	not_sig	beige	not_sig	ITGA1
1.87998075723319e-19	0.18429185419459	0.444	0.347	6.88091756954918e-15	not_sig	beige	not_sig	HYAL2
8.17680876992353e-13	0.184045871726327	0.187	0.138	2.99279377787971e-08	not_sig	beige	not_sig	ADCY6
1.32057233665388e-07	0.183743389131442	0.107	0.08	0.00483342680938685	not_sig	beige	not_sig	LSAMP
5.38061275585018e-21	0.183702758940151	0.449	0.344	1.96935807476872e-16	not_sig	beige	not_sig	DBT
1.53968546951537e-20	0.183446289872912	0.479	0.372	5.63540278697322e-16	not_sig	beige	not_sig	DCTN6
1.31525765672674e-07	0.183316875265251	0.293	0.249	0.00481397454938552	not_sig	beige	not_sig	COL15A1
9.24886253048601e-10	0.183302551178148	0.125	0.091	3.38517617478319e-05	not_sig	beige	not_sig	C19orf44
2.07688695660858e-14	0.183277798953333	0.179	0.128	7.60161394988305e-10	not_sig	beige	not_sig	NPHP4
2.55236085177732e-07	0.183238896705871	0.083	0.06	0.00934189595359016	not_sig	beige	not_sig	TONSL
5.71273017973334e-10	0.183208348055393	0.133	0.097	2.0909163730842e-05	not_sig	beige	not_sig	PBLD
3.51871547562957e-12	0.18315402491571	0.114	0.078	1.28788505123518e-07	not_sig	beige	not_sig	WWC3
1.29953794776522e-07	0.183143199205273	0.05	0.032	0.00475643884261548	not_sig	beige	not_sig	AC097359.2
1.99700942233971e-20	0.182756873845937	0.443	0.339	7.30925418670558e-16	not_sig	beige	not_sig	DGCR2
7.93958757216812e-20	0.182492305135229	0.28	0.202	2.90596844728925e-15	not_sig	beige	not_sig	PABPC1L
4.5688859165035e-21	0.182435119073289	0.356	0.263	1.67225793429944e-16	not_sig	beige	not_sig	PIP4K2B
2.6914323824987e-07	0.182433190194032	0.086	0.063	0.00985091166318348	not_sig	beige	not_sig	ADCY7
1.98142605939489e-12	0.182301485469377	0.137	0.096	7.25221751999125e-08	not_sig	beige	not_sig	AC110597.3
8.04115641908306e-17	0.182218572817078	0.338	0.259	2.94314366094859e-12	not_sig	beige	not_sig	ZNF121
7.09136993150482e-13	0.182182197685311	0.204	0.153	2.59551230863008e-08	not_sig	beige	not_sig	PIK3C2B
8.97752800597145e-09	0.182157038980781	0.075	0.051	0.000328586502546561	not_sig	beige	not_sig	CNNM4
7.81329808778651e-09	0.182150544445085	0.146	0.111	0.000285974523311074	not_sig	beige	not_sig	SYNPO
1.81875845466326e-16	0.182091477022024	0.279	0.209	6.65683781991301e-12	not_sig	beige	not_sig	NBPF10
3.19364942012473e-17	0.182042653618801	0.244	0.177	1.16890762425985e-12	not_sig	beige	not_sig	SLC35E2A
3.57843956027435e-18	0.181928366208852	0.336	0.252	1.30974466345602e-13	not_sig	beige	not_sig	ARHGEF17
1.11422838149664e-19	0.181913140169946	0.557	0.445	4.07818729911585e-15	not_sig	beige	not_sig	SERTAD2
2.28943151550227e-12	0.181649013967919	0.14	0.099	8.37954828988984e-08	not_sig	beige	not_sig	DENND4B
7.36159707893697e-19	0.181568893051325	0.225	0.158	2.69441814686172e-14	not_sig	beige	not_sig	CLDN12
1.1334840279277e-19	0.181563932730139	0.376	0.287	4.14866489061818e-15	not_sig	beige	not_sig	FAM198B-AS1
2.1704521921858e-13	0.18144752652554	0.302	0.236	7.94407206861926e-09	not_sig	beige	not_sig	SLC1A4
4.20662890291172e-08	0.181249835685305	0.125	0.095	0.00153966824475472	not_sig	beige	not_sig	HIVEP3
3.28790315866189e-20	0.181189651426628	0.473	0.37	1.20340543510184e-15	not_sig	beige	not_sig	NF1
2.44239887161818e-20	0.181186429797168	0.363	0.271	8.93942411000969e-16	not_sig	beige	not_sig	WBP1L
3.5038403207236e-11	0.181107841691758	0.187	0.14	1.28244059578805e-06	not_sig	beige	not_sig	ZSCAN21
1.1179419349402e-19	0.180610851847975	0.396	0.304	4.09177927607463e-15	not_sig	beige	not_sig	AGL
1.56099778037325e-10	0.180556328177739	0.152	0.113	5.71340797594412e-06	not_sig	beige	not_sig	AC008443.5
6.4410298706158e-19	0.180502683841606	0.33	0.246	2.35748134294409e-14	not_sig	beige	not_sig	ZC3H7B
4.43766544104501e-30	0.180407604808735	0.993	0.986	1.62422992807688e-25	not_sig	beige	not_sig	AHNAK
8.3137378552696e-08	0.180341676875817	0.394	0.337	0.00304291119240722	not_sig	beige	not_sig	FAM43A
2.74880459356224e-20	0.180140418976195	0.731	0.615	1.00608996928972e-15	not_sig	beige	not_sig	EPS15
2.27063887107537e-60	0.180011325486786	0.997	0.993	8.31076533202298e-56	not_sig	beige	not_sig	LRP1
8.0054870626977e-21	0.180005031349947	0.446	0.342	2.93008831981798e-16	not_sig	beige	not_sig	EP300
4.60850009710261e-14	0.179943459579284	0.168	0.12	1.68675712054053e-09	not_sig	beige	not_sig	LIG3
1.24210424741547e-21	0.179776932775303	0.412	0.311	4.54622575596536e-17	not_sig	beige	not_sig	INPPL1
4.99831152164346e-14	0.179755535495993	0.162	0.114	1.82943200003672e-09	not_sig	beige	not_sig	AC009133.1
7.95358385703658e-23	0.179278083499259	0.771	0.668	2.91109122751396e-18	not_sig	beige	not_sig	RERE
7.66043508080969e-19	0.17921735678888	0.269	0.194	2.80379584392716e-14	not_sig	beige	not_sig	PLEKHM1
9.50728626509394e-18	0.179202622761847	0.815	0.729	3.47976184588703e-13	not_sig	beige	not_sig	STK24
1.96058525729871e-19	0.179198493456425	0.786	0.69	7.17593810023902e-15	not_sig	beige	not_sig	TNS1
3.6182741287926e-13	0.179033770366381	0.221	0.165	1.32432451387938e-08	not_sig	beige	not_sig	ADNP2
1.18273605628712e-22	0.178966540016415	0.564	0.442	4.32893223961649e-18	not_sig	beige	not_sig	POM121
1.01887718985563e-15	0.178921598618534	0.422	0.338	3.72919240259059e-11	not_sig	beige	not_sig	COL5A3
2.78714244186742e-16	0.17872383788255	0.255	0.188	1.02012200514789e-11	not_sig	beige	not_sig	REXO1
7.02804473497509e-10	0.178673585079009	0.114	0.082	2.57233465344823e-05	not_sig	beige	not_sig	WWP2
5.11292890691609e-19	0.178626784349376	0.39	0.297	1.87138310922036e-14	not_sig	beige	not_sig	POLG
5.30370448604954e-11	0.178510653870783	0.104	0.072	1.94120887893899e-06	not_sig	beige	not_sig	Z83843.1
3.12117728611231e-10	0.178260088821317	0.114	0.081	1.14238209848997e-05	not_sig	beige	not_sig	GMEB2
7.58224012561447e-14	0.178214318007262	0.238	0.179	2.77517570837615e-09	not_sig	beige	not_sig	XYLT2
6.77649757401158e-13	0.178154850659291	0.177	0.129	2.48026587706398e-08	not_sig	beige	not_sig	CNTN3
1.56869357373895e-11	0.178053238733979	0.174	0.128	5.74157534924193e-07	not_sig	beige	not_sig	HOXA11-AS
5.15995682162107e-12	0.178030003350544	0.2	0.15	1.88859579628153e-07	not_sig	beige	not_sig	WDTC1
8.93803486455536e-11	0.177804401732815	0.112	0.079	3.27141014077591e-06	not_sig	beige	not_sig	PYGO1
2.92906502169979e-18	0.177787499881953	0.409	0.318	1.07206708859234e-13	not_sig	beige	not_sig	TESK1
9.22176470177176e-08	0.177754663783105	0.194	0.157	0.00337525809849548	not_sig	beige	not_sig	DLX2
2.78640798943924e-17	0.177647689241779	0.342	0.26	1.01985318821466e-12	not_sig	beige	not_sig	PDPR
6.2835198683186e-12	0.177531884778061	0.505	0.426	2.29983110700329e-07	not_sig	beige	not_sig	ZNF703
3.09381242259662e-09	0.17746916694027	0.112	0.081	0.000113236628479459	not_sig	beige	not_sig	RFX3
1.04589520154535e-16	0.177346696269047	0.664	0.558	3.82808102717615e-12	not_sig	beige	not_sig	ABL1
3.00781790857244e-19	0.177326976069363	0.349	0.262	1.1008914327166e-14	not_sig	beige	not_sig	ZZEF1
3.24458276848787e-16	0.177314238154338	0.541	0.44	1.18754973909424e-11	not_sig	beige	not_sig	PTPN14
3.90964752745391e-14	0.177190977948601	0.17	0.121	1.4309700915234e-09	not_sig	beige	not_sig	BCL2L2
2.62789081870323e-18	0.177111419025085	0.338	0.253	9.6183431855357e-14	not_sig	beige	not_sig	GRK4
5.00731995387377e-19	0.177082208287855	0.864	0.791	1.83272917631734e-14	not_sig	beige	not_sig	PLEC
6.05431383088002e-17	0.176812100556856	0.307	0.23	2.2159394052404e-12	not_sig	beige	not_sig	SEPTIN1
6.75187202597967e-15	0.176809070819292	0.273	0.206	2.47125268022882e-10	not_sig	beige	not_sig	ETV3
8.12028054018407e-24	0.176801958194912	0.598	0.476	2.97210388051277e-19	not_sig	beige	not_sig	IPO9
1.1874586713152e-18	0.176750554488417	0.569	0.462	4.34621748288077e-14	not_sig	beige	not_sig	ATN1
4.7824179128227e-16	0.176238338159337	0.26	0.192	1.75041278027224e-11	not_sig	beige	not_sig	UNK
9.1232882351131e-08	0.17610706807074	0.376	0.323	0.00333921472693375	not_sig	beige	not_sig	PRUNE2
1.56572321108741e-09	-0.17607803091409	0.85	0.818	5.73070352490102e-05	not_sig	white	not_sig	CYP51A1
3.37892169673741e-10	0.175990427030767	0.129	0.093	1.23671913022286e-05	not_sig	beige	not_sig	VAV2
5.97449015781598e-20	0.175928129226309	0.468	0.359	2.18672314266223e-15	not_sig	beige	not_sig	STIMATE
2.49591975561306e-09	0.17588353068236	0.129	0.096	9.13531589751938e-05	not_sig	beige	not_sig	FNIP2
2.35485421679287e-21	0.175858223968471	0.456	0.348	8.61900191888359e-17	not_sig	beige	not_sig	AKT3
1.60597891915965e-16	0.175817815915565	0.316	0.24	5.87804344201623e-12	not_sig	beige	not_sig	ZNF333
1.0235235422657e-16	0.175694800140343	0.247	0.179	3.7461985170467e-12	not_sig	beige	not_sig	ZNF251
1.76172620873292e-19	0.175583077316188	0.455	0.352	6.44809409658338e-15	not_sig	beige	not_sig	GPBP1L1
1.40258154238042e-12	0.175472443292347	0.167	0.122	5.13358870326658e-08	not_sig	beige	not_sig	ABCA2
2.31602250116665e-16	0.17540311529214	0.323	0.244	8.47687395652005e-12	not_sig	beige	not_sig	AC016876.1
5.8643911259739e-08	0.175400488651612	0.101	0.074	0.00214642579601771	not_sig	beige	not_sig	AJUBA
1.2808331566095e-07	0.175204081830981	0.162	0.128	0.00468797743650644	not_sig	beige	not_sig	PDE3A
1.59804689717217e-13	0.175162460950193	0.171	0.123	5.84901144833985e-09	not_sig	beige	not_sig	ACAD10
9.03909550755745e-10	0.175064506319499	0.087	0.059	3.3083993467211e-05	not_sig	beige	not_sig	AC009120.2
5.54494452836865e-24	0.175053926565466	0.835	0.747	2.02950514682821e-19	not_sig	beige	not_sig	NEK9
6.59835052343898e-16	0.175039112914275	0.331	0.258	2.4150622750839e-11	not_sig	beige	not_sig	CPNE7
1.4404410507478e-18	0.174521831600029	0.602	0.491	5.27215828984202e-14	not_sig	beige	not_sig	SIK2
4.5508194264641e-16	0.174383241561412	0.213	0.153	1.66564541828012e-11	not_sig	beige	not_sig	FLCN
5.6835174172128e-24	0.174377219605551	0.861	0.771	2.08022420987406e-19	not_sig	beige	not_sig	NFIX
1.69799197983039e-17	0.174328801963155	0.299	0.223	6.21482044537721e-13	not_sig	beige	not_sig	UNC119B
1.76927873700506e-17	0.17431592313948	0.772	0.69	6.47573710531224e-13	not_sig	beige	not_sig	HIST1H1C
1.86058312893707e-07	0.174219433754251	0.072	0.051	0.00680992031022256	not_sig	beige	not_sig	TLR4
4.38194990756478e-09	0.174184683155445	0.112	0.082	0.000160383748566778	not_sig	beige	not_sig	AGTPBP1
1.54040083857653e-10	0.174118842114158	0.186	0.142	5.63802110927395e-06	not_sig	beige	not_sig	SLC35F2
4.36971050975614e-13	0.174051401610321	0.287	0.223	1.59935774367584e-08	not_sig	beige	not_sig	FZD1
4.14442791557819e-11	0.174046346121463	0.177	0.133	1.51690206138077e-06	not_sig	beige	not_sig	FOXC1
2.4874901476866e-18	0.173958979029142	0.447	0.348	9.10446268954771e-14	not_sig	beige	not_sig	FBRS
2.30080952458615e-16	0.173875880492921	0.328	0.25	8.42119294093776e-12	not_sig	beige	not_sig	ADGRL2
3.16340956216061e-17	0.173757237425958	0.802	0.711	1.15783953384641e-12	not_sig	beige	not_sig	PRKAR1A
1.16313011860646e-10	0.173707815518549	0.188	0.145	4.25717254711149e-06	not_sig	beige	not_sig	ZNF469
2.31618027887621e-16	0.173688150315365	0.194	0.137	8.47745143871483e-12	not_sig	beige	not_sig	CACNB3
8.46581766150636e-13	0.173667479058811	0.199	0.148	3.09857392228794e-08	not_sig	beige	not_sig	SH2B3
3.34006702242333e-09	0.173605218738449	0.113	0.082	0.000122249793087716	not_sig	beige	not_sig	KLHL17
3.74419379502292e-16	0.173541068803859	0.57	0.47	1.37041237091634e-11	not_sig	beige	not_sig	HMCN1
7.07328614394333e-21	0.173495984110702	0.772	0.669	2.5888934615447e-16	not_sig	beige	not_sig	SF3B3
1.12293439901247e-15	0.173380026913097	0.51	0.418	4.11005219382552e-11	not_sig	beige	not_sig	ARRDC3
1.60873144531983e-14	0.172902672879909	0.246	0.184	5.8881179630151e-10	not_sig	beige	not_sig	ZNF264
1.39924097104135e-09	0.172883566489618	0.142	0.107	5.12136187810846e-05	not_sig	beige	not_sig	SLC1A3
1.40068678803668e-07	0.172697081512921	0.08	0.057	0.00512665371289305	not_sig	beige	not_sig	SYNJ2
1.23078863861246e-13	0.172669419968527	0.178	0.129	4.50480949618545e-09	not_sig	beige	not_sig	C2CD3
5.02616205896974e-16	0.172660944933098	0.235	0.172	1.83962557520352e-11	not_sig	beige	not_sig	ZNF438
2.22472407300125e-15	0.172616232006797	0.272	0.205	8.14271257959187e-11	not_sig	beige	not_sig	GTF2IRD2B
4.97759727639569e-12	0.172546912461345	0.214	0.163	1.82185037913359e-07	not_sig	beige	not_sig	AC007405.3
1.09345923380941e-18	0.172540575671271	0.336	0.249	4.00217014166581e-14	not_sig	beige	not_sig	PBX2
3.09834149484572e-16	0.172432545964595	0.366	0.282	1.13402397052848e-11	not_sig	beige	not_sig	ATP8B2
6.373855978766e-10	0.172338153182141	0.146	0.108	2.33289502678814e-05	not_sig	beige	not_sig	KLF11
1.67332109409143e-07	0.172222118038852	0.209	0.171	0.00612452253648403	not_sig	beige	not_sig	TRABD2B
6.80765477333817e-16	0.172042067054743	0.232	0.169	2.4916697235895e-11	not_sig	beige	not_sig	OPN3
2.36262249428269e-19	0.172027576230823	0.346	0.258	8.64743459132406e-15	not_sig	beige	not_sig	PI4K2A
2.03801344659974e-13	0.172008503161836	0.207	0.154	7.45933301589972e-09	not_sig	beige	not_sig	SOWAHC
4.63894285243573e-12	0.172001357726278	0.124	0.086	1.69789947342e-07	not_sig	beige	not_sig	ATP13A2
1.40772277264517e-27	0.171989148218316	0.999	0.998	5.1524061201586e-23	not_sig	beige	not_sig	TGFBI
4.2017834376068e-11	0.171967082399873	0.125	0.089	1.53789475599846e-06	not_sig	beige	not_sig	SRC
2.56504577726034e-19	0.171838419501893	0.931	0.88	9.38832404935059e-15	not_sig	beige	not_sig	BRD4
8.11286583424547e-18	0.171674324494565	0.347	0.263	2.96939002399219e-13	not_sig	beige	not_sig	ARAP1
1.90579029514987e-13	0.1716626565036	0.214	0.159	6.97538305927806e-09	not_sig	beige	not_sig	PPARD
2.82844826546818e-16	0.171652299365578	0.244	0.178	1.03524034964401e-11	not_sig	beige	not_sig	CBFA2T2
9.48821483945672e-17	0.171595694297914	0.376	0.29	3.47278151338955e-12	not_sig	beige	not_sig	PCNT
1.20144467773996e-14	0.171536831022248	0.221	0.162	4.39740766499603e-10	not_sig	beige	not_sig	MED14
5.25102317633758e-13	0.17150065342782	0.142	0.099	1.92192699277132e-08	not_sig	beige	not_sig	ZNF354B
2.27528724396714e-13	0.171489370867149	0.212	0.158	8.32777884164411e-09	not_sig	beige	not_sig	ADCY9
3.94870625716206e-22	0.171439778929249	0.635	0.517	1.44526597718389e-17	not_sig	beige	not_sig	ZDHHC7
2.0143391772818e-21	0.171312143567742	0.451	0.344	7.37268282276912e-17	not_sig	beige	not_sig	C16orf72
1.65630986734905e-15	0.171167674155259	0.195	0.139	6.06225974548427e-11	not_sig	beige	not_sig	LLGL1
5.3499835429584e-08	0.171005728167956	0.075	0.052	0.0019581474765582	not_sig	beige	not_sig	CAPS2
7.14441266098738e-11	0.17091053633552	0.385	0.318	2.61492647804799e-06	not_sig	beige	not_sig	CRYBG1
6.26845597053703e-13	0.1707627415877	0.774	0.705	2.29431756977626e-08	not_sig	beige	not_sig	PAPPA
9.4445099556698e-12	0.170667276804274	0.132	0.094	3.4567850888747e-07	not_sig	beige	not_sig	ZNF765
1.02396749654695e-09	0.170551470607092	0.143	0.106	3.74782343411148e-05	not_sig	beige	not_sig	CLCN5
4.45722884419937e-15	0.170399448303289	0.506	0.415	1.63139032926541e-10	not_sig	beige	not_sig	ITPRIP
2.84571937153257e-14	0.170304690920243	0.21	0.153	1.04156174717464e-09	not_sig	beige	not_sig	BICRA
8.92472443481054e-20	0.170297267930418	0.313	0.228	3.26653839038501e-15	not_sig	beige	not_sig	FOXJ2
2.49229300779156e-20	0.17025429623384	0.932	0.89	9.1220416378179e-16	not_sig	beige	not_sig	SLIT3
7.09384099468647e-09	0.170175096460148	0.079	0.054	0.000259641674246519	not_sig	beige	not_sig	ARHGEF25
1.31488242462558e-07	0.170136925938731	0.136	0.105	0.00481260116237208	not_sig	beige	not_sig	GJD3
7.2427280734539e-13	0.170068496897654	0.183	0.134	2.65091090216486e-08	not_sig	beige	not_sig	GPR89B
2.96903587563265e-17	0.169950318357007	0.29	0.216	1.08669682084031e-12	not_sig	beige	not_sig	BRPF3
1.43700152514044e-25	0.169917166181262	0.963	0.924	5.25956928216653e-21	not_sig	beige	not_sig	C1R
8.74569264594428e-08	0.169857744812943	0.08	0.057	0.00320101096534207	not_sig	beige	not_sig	HLA-F-AS1
7.27171727390418e-17	0.169622061654751	0.285	0.212	2.66152123942167e-12	not_sig	beige	not_sig	AHDC1
5.1073988831456e-08	0.169454597303242	0.092	0.067	0.00186935906522012	not_sig	beige	not_sig	LINC01409
2.54335103964577e-16	0.169394152066292	0.296	0.222	9.30891914020747e-12	not_sig	beige	not_sig	ANKH
1.83213149724227e-18	0.169240060139981	0.396	0.304	6.70578449305644e-14	not_sig	beige	not_sig	BRAP
1.51884403825677e-16	0.169186519005066	0.235	0.17	5.55912106442362e-12	not_sig	beige	not_sig	CAPN15
5.60708084352348e-09	0.169142486655728	0.111	0.081	0.000205224765953803	not_sig	beige	not_sig	EIF4E3
1.46673305578345e-21	0.169088221903873	0.501	0.389	5.36838965747302e-17	not_sig	beige	not_sig	ZBTB44
2.63813581423314e-16	0.169040423026193	0.477	0.381	9.65584089367473e-12	not_sig	beige	not_sig	POGZ
1.80977248978779e-19	0.168802357980265	0.383	0.288	6.62394828987229e-15	not_sig	beige	not_sig	VPS37B
1.85249220296177e-18	0.16878698461322	0.346	0.259	6.78030671206039e-14	not_sig	beige	not_sig	TRIM41
1.97521733734737e-09	0.168758657125241	0.124	0.091	7.22949297642511e-05	not_sig	beige	not_sig	AC125494.1
1.99449999198176e-20	0.168714172888244	0.672	0.565	7.30006942065245e-16	not_sig	beige	not_sig	CORO2B
5.61053367331286e-12	0.168658642429693	0.174	0.129	2.05351142976924e-07	not_sig	beige	not_sig	SATB2
3.44033570870363e-18	0.168342977074174	0.549	0.438	1.25919727274262e-13	not_sig	beige	not_sig	KDM5C
1.08832426173005e-17	0.168203537941733	0.546	0.44	3.98337563035814e-13	not_sig	beige	not_sig	NIN
3.52398807690081e-10	0.167926032739393	0.329	0.274	1.28981487602647e-05	not_sig	beige	not_sig	PLXNA4
4.63526456521905e-14	0.167872253899366	0.621	0.537	1.69655318351582e-09	not_sig	beige	not_sig	PALM2-AKAP2
3.21393460946893e-18	0.167719593523925	0.308	0.229	1.17633220641172e-13	not_sig	beige	not_sig	TENT4B
4.45631355857557e-24	0.167655469352645	0.891	0.822	1.63105532557424e-19	not_sig	beige	not_sig	ZCCHC24
8.45771251062259e-18	0.167549517378441	0.428	0.33	3.09560735601297e-13	not_sig	beige	not_sig	MAML1
9.09573072084816e-10	0.167547614101801	0.093	0.064	3.32912840113764e-05	not_sig	beige	not_sig	SEMA6C
1.5907888453573e-10	0.167518710329155	0.099	0.068	5.82244625289224e-06	not_sig	beige	not_sig	ARMC7
2.86127078383007e-10	0.167471422783518	0.52	0.446	1.04725371958965e-05	not_sig	beige	not_sig	ADAMTS15
1.57993949470496e-18	0.167447834151638	0.4	0.305	5.78273654456964e-14	not_sig	beige	not_sig	ZNF318
4.55668895741726e-22	0.167140639289724	0.948	0.902	1.66779372530429e-17	not_sig	beige	not_sig	HIPK2
9.03466322590843e-19	0.167122472245564	0.567	0.457	3.30677708731475e-14	not_sig	beige	not_sig	QRICH1
6.46730007757866e-15	0.167085026978562	0.408	0.322	2.36709650139457e-10	not_sig	beige	not_sig	YEATS2
1.7048146619841e-14	0.167029800349539	0.328	0.255	6.23979214432802e-10	not_sig	beige	not_sig	PLXNA3
1.74169047195438e-08	0.167001281260389	0.12	0.089	0.000637476129640024	not_sig	beige	not_sig	PTPRU
2.73762843971242e-15	0.166902015183577	0.285	0.213	1.00199938521914e-10	not_sig	beige	not_sig	MAP3K11
3.23608672792407e-08	0.166729287587961	0.1	0.073	0.00118444010328749	not_sig	beige	not_sig	NKX3-1
4.84472208905225e-12	0.166707321453657	0.147	0.106	1.77321673181401e-07	not_sig	beige	not_sig	ERVK13-1
7.17454017450283e-11	0.166693693595724	0.171	0.128	2.62595344926978e-06	not_sig	beige	not_sig	ACTR3B
1.89053851540465e-15	0.166677175668053	0.282	0.21	6.91956002023255e-11	not_sig	beige	not_sig	MNT
7.23858749284057e-18	0.166643492352879	0.427	0.332	2.64939540825458e-13	not_sig	beige	not_sig	CLASP1
7.98509092593934e-13	0.16661038760854	0.208	0.156	2.92262312980306e-08	not_sig	beige	not_sig	UNC13B
1.51963695306838e-16	0.166510949260965	0.357	0.274	5.5620232119256e-12	not_sig	beige	not_sig	MLXIP
3.54555613206965e-16	0.166487632845228	0.553	0.45	1.29770899989881e-11	not_sig	beige	not_sig	MLLT1
2.3558444759014e-16	0.16646226528802	0.522	0.425	8.62262636624673e-12	not_sig	beige	not_sig	GK5
2.36519820079272e-19	0.166315536008387	0.37	0.28	8.65686193472145e-15	not_sig	beige	not_sig	FBXO11
1.21006833804973e-16	0.166283762277764	0.223	0.16	4.42897112409582e-12	not_sig	beige	not_sig	NOL6
4.12664917434124e-14	0.166267843058888	0.2	0.145	1.51039486430064e-09	not_sig	beige	not_sig	ZFYVE26
5.42018095450919e-20	0.166216679925632	0.33	0.242	1.98384043115991e-15	not_sig	beige	not_sig	TNPO2
2.43813375172201e-19	0.166203902429656	0.912	0.864	8.92381334467771e-15	not_sig	beige	not_sig	SH3PXD2B
1.53030328373542e-26	0.165865134782438	0.867	0.768	5.60106304880002e-22	not_sig	beige	not_sig	PRRC2B
4.27340505122969e-12	0.165840687254375	0.185	0.138	1.56410898280058e-07	not_sig	beige	not_sig	DTX3L
3.39652696381048e-09	0.165755409707137	0.089	0.062	0.000124316283402427	not_sig	beige	not_sig	LINC00630
2.13036939636339e-15	0.165727130114766	0.298	0.226	7.79736502762963e-11	not_sig	beige	not_sig	SETD1B
3.92605798516316e-08	0.165720518407447	0.115	0.085	0.00143697648314957	not_sig	beige	not_sig	B3GLCT
4.16509351130131e-16	0.165680543455767	0.297	0.222	1.52446587607139e-11	not_sig	beige	not_sig	GBA2
2.78731652125799e-10	0.165498314550687	0.199	0.154	1.02018571994564e-05	not_sig	beige	not_sig	KIAA0513
1.20204572489076e-07	0.165478421107186	0.065	0.044	0.00439960755767266	not_sig	beige	not_sig	AC096667.1
2.75781056170371e-16	0.16545757375674	0.256	0.188	1.00938624368917e-11	not_sig	beige	not_sig	CCDC144A
1.19147938341334e-07	0.165396562181892	0.079	0.056	0.00436093369123118	not_sig	beige	not_sig	TMEM254-AS1
3.22807922111326e-08	0.165315503923468	0.118	0.088	0.00118150927571966	not_sig	beige	not_sig	ITGA2
8.477000715839e-12	0.165309834609058	0.241	0.186	3.10266703200423e-07	not_sig	beige	not_sig	PLEKHG2
1.93012134993386e-13	0.165204762728844	0.574	0.484	7.06443715289291e-09	not_sig	beige	not_sig	EGFR
2.7457980264866e-18	0.165202046813577	0.46	0.36	1.00498953567436e-13	not_sig	beige	not_sig	DIP2C
1.16269161986431e-14	0.165158969921248	0.309	0.236	4.25556759786537e-10	not_sig	beige	not_sig	IP6K1
9.11668961674663e-09	0.165109369207493	0.105	0.077	0.000333679956662543	not_sig	beige	not_sig	CAPN3
2.00039628330815e-16	0.165050375585673	0.328	0.248	7.32165043653617e-12	not_sig	beige	not_sig	RTL6
1.79023536366362e-09	0.164947699059386	0.123	0.09	6.55244045454522e-05	not_sig	beige	not_sig	ATP11A
3.14519943078193e-20	0.164825566813736	0.479	0.373	1.1511744436605e-15	not_sig	beige	not_sig	TAB2
3.04023352845949e-17	0.164338364530953	0.27	0.198	1.11275587375146e-12	not_sig	beige	not_sig	DYRK1A
4.40358054582169e-08	0.164313095939487	0.148	0.115	0.0016117545155762	not_sig	beige	not_sig	ADM2
2.39267906932801e-14	0.164230227375688	0.277	0.212	8.75744466164745e-10	not_sig	beige	not_sig	SRGAP2C
2.77516749349485e-17	0.164216614395706	0.445	0.348	1.01573905429405e-12	not_sig	beige	not_sig	MECP2
4.97620343251486e-17	0.1642112283106	0.377	0.291	1.82134021833476e-12	not_sig	beige	not_sig	FOXJ3
1.51911076802703e-18	0.164176351407679	0.357	0.269	5.56009732205572e-14	not_sig	beige	not_sig	AGAP3
3.20041590056495e-16	0.164137159700154	0.409	0.321	1.17138422376578e-11	not_sig	beige	not_sig	TAF1
2.30243203332951e-14	0.16400571102922	0.669	0.576	8.42713148518935e-10	not_sig	beige	not_sig	MAP2K1
8.02835447627836e-18	0.163877810540236	0.754	0.655	2.93845802186264e-13	not_sig	beige	not_sig	ROBO1
5.15113820028602e-12	0.163877014201007	0.424	0.352	1.88536809268668e-07	not_sig	beige	not_sig	ATOH8
8.3567637480536e-18	0.163823485955533	0.415	0.322	3.0586590994251e-13	not_sig	beige	not_sig	NCOA1
2.57173129832968e-11	0.163796869714095	0.163	0.12	9.41279372501645e-07	not_sig	beige	not_sig	ENGASE
8.04145018507266e-18	0.163794143270595	0.596	0.485	2.94325118223844e-13	not_sig	beige	not_sig	TNRC6A
2.39271484787922e-16	0.163762000201118	0.461	0.366	8.75757561472272e-12	not_sig	beige	not_sig	POM121C
2.034180085204e-11	0.16353306677088	0.268	0.211	7.44530252985517e-07	not_sig	beige	not_sig	SIPA1L1
3.27251092463405e-10	0.163489335156427	0.13	0.095	1.19777172352531e-05	not_sig	beige	not_sig	SP2
3.84132206101478e-13	0.163467296489318	0.378	0.302	1.40596228755202e-08	not_sig	beige	not_sig	CDC25B
6.96507712583026e-16	0.163249603196597	0.28	0.209	2.54928787882513e-11	not_sig	beige	not_sig	RANBP10
7.56458501837373e-14	0.163242929336345	0.236	0.176	2.76871376257497e-09	not_sig	beige	not_sig	MIR34AHG
1.28926450794154e-14	0.163118838036894	0.542	0.451	4.71883702551681e-10	not_sig	beige	not_sig	SLC7A8
3.27670619699548e-20	0.163113180440807	0.571	0.459	1.19930723516231e-15	not_sig	beige	not_sig	TTYH3
3.7924516783625e-10	0.162896278154784	0.121	0.087	1.38807523879746e-05	not_sig	beige	not_sig	PHETA1
4.36957494617808e-10	0.162867116130302	0.187	0.143	1.59930812605064e-05	not_sig	beige	not_sig	EPB41L5
2.27453390005513e-22	0.16272467915411	0.886	0.812	8.32502152759178e-18	not_sig	beige	not_sig	ACTN4
2.4898333528388e-16	0.162617571881355	0.271	0.2	9.11303905472529e-12	not_sig	beige	not_sig	MBD6
1.82226231933722e-09	0.162606806063098	0.122	0.089	6.66966231500616e-05	not_sig	beige	not_sig	AC015813.1
1.02203896509095e-16	0.162565290817454	0.317	0.24	3.7407648161294e-12	not_sig	beige	not_sig	TMCC1
4.10937729605859e-16	0.162536046893352	0.289	0.216	1.50407318413040e-11	not_sig	beige	not_sig	TOM1L2
7.43150726188605e-14	0.16248622280696	0.421	0.336	2.72000597292291e-09	not_sig	beige	not_sig	SEC24C
1.24327827208676e-16	0.162233394985103	0.318	0.239	4.55052280366473e-12	not_sig	beige	not_sig	PTPN9
1.95601459915069e-22	0.162193660874212	0.798	0.702	7.15920903435145e-18	not_sig	beige	not_sig	C6orf120
7.55223256254124e-17	0.162101029319021	0.585	0.475	2.76419264021572e-12	not_sig	beige	not_sig	RILPL1
8.06425365656433e-14	0.162013622439798	0.19	0.138	2.95159748083911e-09	not_sig	beige	not_sig	AP002490.1
5.48095859446435e-11	0.161995107526137	0.156	0.115	2.0060856551599e-06	not_sig	beige	not_sig	SLC30A4
1.79873785740462e-18	0.161932563420034	0.618	0.504	6.58356043188666e-14	not_sig	beige	not_sig	CELF1
6.29157165291764e-12	0.161874619066988	0.143	0.102	2.30277814068438e-07	not_sig	beige	not_sig	ZNF420
7.47897293295991e-14	0.161690095282877	0.244	0.184	2.73737888319266e-09	not_sig	beige	not_sig	ADCY3
1.90295846928961e-13	0.161648031900694	0.202	0.149	6.9650182934469e-09	not_sig	beige	not_sig	ZDHHC21
4.84805114929575e-20	0.161604418130923	0.573	0.45	1.77443520115374e-15	not_sig	beige	not_sig	EXOC7
1.97574517019557e-17	0.161379406799637	0.551	0.44	7.23142489743281e-13	not_sig	beige	not_sig	GNAQ
1.58473670162688e-20	0.161379129578965	0.418	0.316	5.80029480162454e-16	not_sig	beige	not_sig	MINK1
1.07028717653829e-16	0.161281917742076	0.644	0.535	3.91735809484781e-12	not_sig	beige	not_sig	H6PD
1.73466444245232e-09	0.161189732712568	0.099	0.07	6.34904532581975e-05	not_sig	beige	not_sig	FAM171A2
8.96624604302356e-10	0.161148341412764	0.182	0.139	3.28173571420705e-05	not_sig	beige	not_sig	TRAPPC9
3.97134651475374e-10	0.161074322244409	0.134	0.098	1.45355253786501e-05	not_sig	beige	not_sig	NPR2
1.65767754143606e-15	0.161005332611447	0.578	0.473	6.06726556941011e-11	not_sig	beige	not_sig	WIPF1
1.77074294502084e-19	0.161000743261047	0.674	0.553	6.48109625307079e-15	not_sig	beige	not_sig	KMT2C
6.85680560249301e-11	0.160902117822987	0.159	0.118	2.50965941856847e-06	not_sig	beige	not_sig	TTC26
1.14404032060636e-11	0.16083550252507	0.196	0.149	4.18730197745133e-07	not_sig	beige	not_sig	RGMA
3.58609341087043e-11	0.160371558319129	0.161	0.119	1.31254604931269e-06	not_sig	beige	not_sig	MSI2
4.65294224849203e-18	0.160351083447523	0.502	0.4	1.70302339237057e-13	not_sig	beige	not_sig	RCC2
1.07298929133207e-18	0.160161444219729	0.507	0.399	3.92724810520451e-14	not_sig	beige	not_sig	POLDIP3
4.16993423274578e-08	0.159964778077305	0.085	0.061	0.00152623762852728	not_sig	beige	not_sig	PAFAH2
3.99423723746767e-18	0.159953053512389	0.645	0.536	1.46193077128554e-13	not_sig	beige	not_sig	YLPM1
1.99695848919122e-21	0.159838254046929	0.747	0.628	7.30906776628878e-17	not_sig	beige	not_sig	CTDSP2
1.01900748691557e-10	0.159835910080986	0.142	0.103	3.72966930285969e-06	not_sig	beige	not_sig	SLC24A1
1.88593450398168e-18	0.1598354817398	0.583	0.466	6.90270887802334e-14	not_sig	beige	not_sig	HIPK3
6.40026094128265e-12	0.159755717417403	0.224	0.171	2.34255950711886e-07	not_sig	beige	not_sig	STS
1.02076689239088e-16	0.159629210153675	0.539	0.436	3.73610890283986e-12	not_sig	beige	not_sig	XYLT1
1.36385404592806e-07	0.159605108369148	0.087	0.063	0.0049918421935013	not_sig	beige	not_sig	PPP1R3B
1.73806171505495e-20	0.159568982572969	0.748	0.642	6.36147968327261e-16	not_sig	beige	not_sig	CIZ1
1.7329261855789e-14	0.159517888672959	0.22	0.163	6.34268313183734e-10	not_sig	beige	not_sig	BCOR
1.85566458293472e-25	0.159396985106629	0.869	0.781	6.79191793999939e-21	not_sig	beige	not_sig	FAM120A
2.72198511992405e-13	0.159364651955087	0.262	0.2	9.96273773743401e-09	not_sig	beige	not_sig	BBS5
7.59570846061856e-19	0.159325772169999	0.407	0.311	2.780105253671e-14	not_sig	beige	not_sig	INF2
5.17605070156289e-17	0.15918376187758	0.454	0.354	1.89448631727903e-12	not_sig	beige	not_sig	PPP6R2
2.02938249364246e-11	0.159093280157392	0.16	0.117	7.42774286498077e-07	not_sig	beige	not_sig	TTC32
1.33671501143825e-09	0.159043463347023	0.128	0.094	4.89251061336515e-05	not_sig	beige	not_sig	ZNF81
2.31643141663571e-11	0.159023901704484	0.118	0.082	8.47837062802837e-07	not_sig	beige	not_sig	SNHG4
1.635695346247e-10	0.159001215610595	0.638	0.567	5.98680853679863e-06	not_sig	beige	not_sig	PHLDA1
5.23882533149114e-16	0.158971177509416	0.261	0.192	1.91746245957907e-11	not_sig	beige	not_sig	NUP85
3.86056697103016e-21	0.158557642731271	0.73	0.629	1.41300611706675e-16	not_sig	beige	not_sig	RPS6KA2
1.14644026556354e-13	0.158383809384771	0.229	0.171	4.19608601598912e-09	not_sig	beige	not_sig	INPP5B
1.23998757669764e-30	0.158298584853883	0.976	0.946	4.53847852947104e-26	not_sig	beige	not_sig	PXDN
1.29787517448905e-10	0.15811351467596	0.202	0.156	4.75035292614738e-06	not_sig	beige	not_sig	GABRE
4.70117322717311e-16	0.157991629036265	0.214	0.154	1.72067641287763e-11	not_sig	beige	not_sig	ARL10
8.31477823959076e-15	0.15795906659266	0.25	0.187	3.04329198347261e-10	not_sig	beige	not_sig	ZNF814
2.63307241041851e-08	0.157916813628133	0.105	0.077	0.000963730832937279	not_sig	beige	not_sig	PELI2
1.20313268847115e-08	0.157912084774193	0.095	0.068	0.000440358595307325	not_sig	beige	not_sig	SNURF
7.26773156817764e-14	0.157809918684133	0.333	0.262	2.6600624312687e-09	not_sig	beige	not_sig	ADAMTSL4
9.28443720661751e-14	0.157609345887109	0.237	0.177	3.39819686199407e-09	not_sig	beige	not_sig	ZNF317
8.19116326242114e-13	0.157547844508063	0.189	0.139	2.99804766567876e-08	not_sig	beige	not_sig	ZNF669
5.95884877663555e-18	0.157519687684902	0.432	0.338	2.18099824073638e-13	not_sig	beige	not_sig	FOXK1
1.50809405674929e-07	0.157513845615401	0.079	0.056	0.00551977505710807	not_sig	beige	not_sig	USP49
6.18873804141232e-12	0.157442610686418	0.194	0.145	2.26514001053732e-07	not_sig	beige	not_sig	PDGFC
6.28238200962197e-08	0.15737771873776	0.108	0.08	0.00229941463934174	not_sig	beige	not_sig	GLIS2
4.93499674869994e-20	-0.157347155597	0.954	0.945	1.80625815999167e-15	not_sig	white	not_sig	CNN3
4.71666205477667e-21	0.157334552546306	0.954	0.919	1.72634547866881e-16	not_sig	beige	not_sig	LAMA2
1.52514590442791e-09	0.157307855814104	0.1	0.071	5.5821865247966e-05	not_sig	beige	not_sig	AC058791.1
2.26489631182129e-15	0.157285122283882	0.562	0.464	8.2897469908971e-11	not_sig	beige	not_sig	FBXO42
5.27364937207243e-14	0.157181478082755	0.333	0.26	1.93020840667223e-09	not_sig	beige	not_sig	RAPGEF2
2.84927679279497e-12	0.156885491086958	0.163	0.118	1.04286379893089e-07	not_sig	beige	not_sig	MBTD1
8.04321604989205e-18	0.15676101299405	0.546	0.439	2.94389750642099e-13	not_sig	beige	not_sig	CENPB
4.37614075156787e-10	0.156576149526293	0.146	0.108	1.60171127648135e-05	not_sig	beige	not_sig	ZNF75D
2.25054333668536e-15	0.156571295644665	0.612	0.515	8.23721366660207e-11	not_sig	beige	not_sig	TLN2
5.4681427174296e-15	0.156517277563724	0.378	0.296	2.00139491600641e-10	not_sig	beige	not_sig	PHRF1
5.07334179508658e-09	0.156477540100988	0.858	0.808	0.000185689383041964	not_sig	beige	not_sig	COL18A1
3.82768323650535e-15	0.156322711600225	0.496	0.4	1.40097034139332e-10	not_sig	beige	not_sig	CRIM1
6.32125830926075e-11	0.156240539820443	0.204	0.156	2.31364375377253e-06	not_sig	beige	not_sig	CCSAP
5.37426614108396e-18	0.156094367287361	0.328	0.244	1.96703515029814e-13	not_sig	beige	not_sig	BAP1
2.32542816757335e-17	0.156080767369834	0.442	0.343	8.51129963613522e-13	not_sig	beige	not_sig	INTS1
4.34958080364723e-16	0.155893604992296	0.243	0.177	1.59199006994292e-11	not_sig	beige	not_sig	DYRK1B
3.93520157201362e-16	0.155813425567454	0.341	0.259	1.44032312737271e-11	not_sig	beige	not_sig	GATAD2B
5.67429619685967e-21	0.155770175384986	0.689	0.575	2.07684915101261e-16	not_sig	beige	not_sig	ARHGEF12
8.55615971892171e-11	0.155723337902986	0.172	0.128	3.13164001872254e-06	not_sig	beige	not_sig	ARHGEF11
1.51618532106313e-17	0.155666824520055	0.383	0.293	5.54938989362315e-13	not_sig	beige	not_sig	HTT
1.00588406786626e-22	0.155343622571221	0.979	0.966	3.68163627679728e-18	not_sig	beige	not_sig	CRISPLD2
1.81637989836403e-17	0.155285559884019	0.296	0.219	6.64813206600218e-13	not_sig	beige	not_sig	SLC41A1
2.00851371362643e-14	0.155283026830725	0.358	0.279	7.3513610432441e-10	not_sig	beige	not_sig	DHX33
7.156763180244e-09	0.155223027658698	0.344	0.289	0.000261944689160111	not_sig	beige	not_sig	SCUBE3
1.50144886861275e-16	0.15520146274478	0.368	0.283	5.49545300400951e-12	not_sig	beige	not_sig	MAST2
1.39337927902578e-17	0.155177556178211	0.386	0.295	5.09990749916225e-13	not_sig	beige	not_sig	ZNF592
1.16651751458318e-18	0.155079041693622	0.723	0.618	4.26957075512588e-14	not_sig	beige	not_sig	ATXN2L
1.75374231357485e-16	0.155059319600752	0.307	0.23	6.4188722419153e-12	not_sig	beige	not_sig	ZNF609
6.01812865971839e-13	0.155044710820262	0.181	0.133	2.20269527074353e-08	not_sig	beige	not_sig	VPS9D1
6.40666197628553e-14	0.154962131908277	0.478	0.389	2.34490234994027e-09	not_sig	beige	not_sig	SAMD1
7.54037182476924e-10	0.154959225301051	0.112	0.08	2.75985149158379e-05	not_sig	beige	not_sig	LCAT
4.73058511835828e-15	0.154882138747223	0.511	0.416	1.73144145917032e-10	not_sig	beige	not_sig	UBE2Q1
1.87624484041864e-07	0.154820561962987	0.137	0.106	0.00686724374041625	not_sig	beige	not_sig	EPS8L2
2.03561819625279e-09	0.154788120541544	0.133	0.099	7.45056616010484e-05	not_sig	beige	not_sig	JADE2
7.11587373128657e-13	0.154782116157047	0.22	0.164	2.6044809443882e-08	not_sig	beige	not_sig	COQ8A
1.86159889138696e-16	0.154636047686413	0.532	0.43	6.8136381023654e-12	not_sig	beige	not_sig	UBE4B
1.72554788278008e-12	0.154337837984975	0.824	0.75	6.31567780576336e-08	not_sig	beige	not_sig	AKAP13
6.64492141551752e-16	0.154311832746785	0.525	0.426	2.43210768729357e-11	not_sig	beige	not_sig	POLR2M
8.28881703809255e-10	0.154187781134123	0.123	0.09	3.03378992411225e-05	not_sig	beige	not_sig	AC127502.2
5.16331423848232e-27	0.154162884630661	0.958	0.915	1.88982464442691e-22	not_sig	beige	not_sig	COL16A1
3.03421283439914e-14	0.154125105454205	0.228	0.169	1.11055223951843e-09	not_sig	beige	not_sig	MTX3
7.65917231732667e-08	0.153998034193464	0.087	0.063	0.00280333365986473	not_sig	beige	not_sig	ANKMY1
3.33418033333639e-14	0.153848569678655	0.6	0.505	1.22034334380445e-09	not_sig	beige	not_sig	BNC2
7.61391972385355e-16	0.153788030965142	0.357	0.276	2.78677075812764e-11	not_sig	beige	not_sig	TAOK2
2.65428416136707e-09	0.15377261495105	0.373	0.312	9.71494545901961e-05	not_sig	beige	not_sig	SEC14L2
1.74853256533944e-15	0.153751768285906	0.67	0.577	6.39980404239887e-11	not_sig	beige	not_sig	JADE1
2.37098324988349e-14	0.153697086511619	0.249	0.187	8.67803579289858e-10	not_sig	beige	not_sig	MXD1
4.80489245443629e-10	0.153674332528236	0.154	0.115	1.75863868724823e-05	not_sig	beige	not_sig	SNX30
1.53085998644981e-10	0.153598842886779	0.161	0.12	5.60310063640496e-06	not_sig	beige	not_sig	ZCWPW2
1.20473632177265e-12	0.153559853123716	0.195	0.144	4.40945541132006e-08	not_sig	beige	not_sig	CLIP2
5.7560094754851e-17	0.1534619099088	0.658	0.551	2.1067570281223e-12	not_sig	beige	not_sig	KPNA4
6.99232119113927e-18	0.15339104341432	0.409	0.312	2.55925947916888e-13	not_sig	beige	not_sig	CNOT3
3.66847859977081e-15	0.15335539922193	0.361	0.281	1.34269985230212e-10	not_sig	beige	not_sig	ULK1
6.38944777615954e-16	0.153296245732236	0.405	0.316	2.33860178055215e-11	not_sig	beige	not_sig	ANKRD40
7.48509590487414e-12	0.1531891711384	0.158	0.115	2.73961995214299e-07	not_sig	beige	not_sig	AP4E1
8.49950015649143e-16	0.153093434150914	0.489	0.391	3.11090205227743e-11	not_sig	beige	not_sig	PANK3
9.83202508434746e-17	0.153010085594064	0.327	0.247	3.59861950112201e-12	not_sig	beige	not_sig	PHACTR4
1.10882258478709e-12	0.152993822970562	0.226	0.172	4.05840154257922e-08	not_sig	beige	not_sig	MYO1D
6.52290603327917e-18	0.152962987801715	0.604	0.489	2.38744883724051e-13	not_sig	beige	not_sig	PAFAH1B2
1.0190947483564e-09	0.152959835206421	0.172	0.132	3.72998868845926e-05	not_sig	beige	not_sig	FZD8
4.48633645338862e-14	0.152913075266645	0.379	0.297	1.64204400530477e-09	not_sig	beige	not_sig	SP1
1.3380786229974e-14	0.152875956344391	0.52	0.421	4.89750156803279e-10	not_sig	beige	not_sig	PTPRK
7.40902422995101e-10	0.152840681995734	0.132	0.097	2.71177695840437e-05	not_sig	beige	not_sig	ZKSCAN2
1.04146719499967e-08	0.152814226021776	0.114	0.084	0.00038118740804183	not_sig	beige	not_sig	DISP1
1.92412561417899e-15	0.152794019984976	0.288	0.217	7.04249216045654e-11	not_sig	beige	not_sig	BNC2-AS1
3.93762352423934e-08	0.152695945254179	0.096	0.07	0.00144120958610684	not_sig	beige	not_sig	ZNF202
2.74043744853851e-15	0.152639366142301	0.461	0.369	1.00302751053958e-10	not_sig	beige	not_sig	C14orf132
3.98760212093534e-10	0.152517219164379	0.134	0.098	1.45950225228354e-05	not_sig	beige	not_sig	AP003119.3
1.625022501072e-14	0.152326074770438	0.681	0.58	5.94774485617363e-10	not_sig	beige	not_sig	OGT
6.22886484544671e-16	0.152275500018668	0.274	0.203	2.27982682208195e-11	not_sig	beige	not_sig	DIP2B
3.52601096367326e-09	0.151977173403323	0.129	0.096	0.000129055527281405	not_sig	beige	not_sig	KMT5C
1.4726535990203e-17	0.151960463587847	0.498	0.395	5.39005943777419e-13	not_sig	beige	not_sig	CSGALNACT2
8.03404306870378e-13	0.151948577478882	0.198	0.147	2.94054010357627e-08	not_sig	beige	not_sig	FAM53B
1.23732197250029e-14	0.151937418151348	0.254	0.189	4.52872215154833e-10	not_sig	beige	not_sig	ANKRD13B
1.76959558238022e-11	0.151824043992023	0.135	0.096	6.47689679106986e-07	not_sig	beige	not_sig	MAP3K10
5.77230177435613e-15	0.151802159036199	0.478	0.383	2.11272017243209e-10	not_sig	beige	not_sig	FGFRL1
6.34603883720756e-19	0.15176428187303	0.646	0.534	2.32271367480634e-14	not_sig	beige	not_sig	TASOR
1.47512427816777e-10	-0.151536776391108	0.997	0.996	5.39910237052187e-06	not_sig	white	not_sig	HSPA5
2.87579646726392e-14	0.151409582008897	0.224	0.166	1.05257026498327e-09	not_sig	beige	not_sig	INPP4A
7.5376980932696e-19	0.151335006436584	0.647	0.541	2.75887287911761e-14	not_sig	beige	not_sig	SEMA5A
9.98438969952149e-15	0.150773071298727	0.277	0.207	3.65438647392186e-10	not_sig	beige	not_sig	FOXP4
7.21371646304649e-13	0.150626515782354	0.183	0.134	2.64029236263965e-08	not_sig	beige	not_sig	OTUD6B
4.38903708315189e-12	0.150587106383369	0.189	0.141	1.60643146280442e-07	not_sig	beige	not_sig	NIPAL3
1.28027624226933e-07	0.150493826470896	0.168	0.133	0.00468593907432996	not_sig	beige	not_sig	SLC43A2
2.62304569088148e-16	0.150432764223568	0.429	0.334	9.60060953319531e-12	not_sig	beige	not_sig	ARSB
2.97150584771202e-18	0.150145633190798	0.633	0.525	1.08760085532108e-13	not_sig	beige	not_sig	PTPN12
2.45453219571341e-07	0.15014035870715	0.104	0.078	0.00898383328953064	not_sig	beige	not_sig	ZNF701
9.39182640285851e-09	0.150103345158402	0.536	0.471	0.000343750238171024	not_sig	beige	not_sig	KCNMA1
1.7114495575778e-07	0.150101283707833	0.096	0.071	0.00626407652569049	not_sig	beige	not_sig	AC037198.1
1.2786288233691e-21	0.149956325540336	0.91	0.846	4.67990935641325e-17	not_sig	beige	not_sig	TWSG1
1.40581929854752e-14	0.149783415666741	0.271	0.203	5.14543921461378e-10	not_sig	beige	not_sig	SZT2
2.47959005332796e-16	0.149673743897813	0.657	0.552	9.07554755418565e-12	not_sig	beige	not_sig	PCNX1
2.09276641410421e-13	0.149660402549291	0.239	0.18	7.6597343522628e-09	not_sig	beige	not_sig	SEPTIN8
8.78497393052907e-08	0.149583095617745	0.516	0.462	0.00321538830831294	not_sig	beige	not_sig	SOCS1
3.0569218389312e-16	0.149510285830559	0.552	0.449	1.11886396226721e-11	not_sig	beige	not_sig	RCOR3
1.85751665834124e-17	0.149507958233341	0.499	0.396	6.79869672119477e-13	not_sig	beige	not_sig	CPSF1
2.45164138549437e-13	0.149463493659368	0.257	0.194	8.97325263504793e-09	not_sig	beige	not_sig	AXIN1
5.80995403735075e-11	0.149462306996084	0.267	0.211	2.12650127721075e-06	not_sig	beige	not_sig	MB21D2
4.62240981410672e-11	0.149456204141741	0.336	0.277	1.6918482160612e-06	not_sig	beige	not_sig	SLC38A1
1.41714821198064e-08	0.149355327646319	0.127	0.096	0.000518690417067034	not_sig	beige	not_sig	LIG1
2.61342330826383e-15	0.149326516154515	0.335	0.257	9.56539065057643e-11	not_sig	beige	not_sig	RREB1
6.19161095334244e-18	0.149325186188918	0.607	0.492	2.26619152503286e-13	not_sig	beige	not_sig	LARP4B
4.99189032644359e-17	0.149294226989214	0.462	0.363	1.82708177838162e-12	not_sig	beige	not_sig	AMPD2
2.19755224620224e-19	0.14923992388618	0.719	0.602	8.04326097632482e-15	not_sig	beige	not_sig	RAB5B
3.19603522587642e-12	0.149210785413513	0.258	0.198	1.16978085302303e-07	not_sig	beige	not_sig	TOP3B
1.56711402920708e-21	0.149020430542721	0.815	0.707	5.73579405830083e-17	not_sig	beige	not_sig	RBM15B
4.64340229305433e-18	0.149005970121069	0.543	0.43	1.69953167328081e-13	not_sig	beige	not_sig	SUGP2
4.71478627510219e-13	0.148939495549219	0.4	0.322	1.72565892455015e-08	not_sig	beige	not_sig	PTER
5.86643881954402e-11	0.148902480169545	0.15	0.11	2.14717527234131e-06	not_sig	beige	not_sig	TMEM9B-AS1
3.11392778651676e-18	0.148815213201279	0.552	0.44	1.139728709143e-13	not_sig	beige	not_sig	BSDC1
5.57396501990364e-17	0.148799857915889	0.404	0.311	2.04012693693493e-12	not_sig	beige	not_sig	CAPN5
9.74079113909689e-08	0.148729666713454	0.331	0.28	0.00356522696482085	not_sig	beige	not_sig	IER3
5.3200428851124e-12	0.148654870448377	0.311	0.246	1.94718889637999e-07	not_sig	beige	not_sig	CDK14
6.34579367009666e-13	0.148586277129096	0.265	0.205	2.32262394119208e-08	not_sig	beige	not_sig	MLLT6
6.14810777125407e-16	0.148573947302013	0.713	0.602	2.2502689253567e-11	not_sig	beige	not_sig	AP2B1
3.32273623024753e-16	0.148495729470432	0.816	0.732	1.2161546876329e-11	not_sig	beige	not_sig	TRAM2
1.20474460094007e-09	0.148411358810136	0.22	0.174	4.40948571390074e-05	not_sig	beige	not_sig	TMTC1
9.90431716155345e-14	0.148397947824561	0.427	0.343	3.62507912430018e-09	not_sig	beige	not_sig	PLEKHO2
1.65000006714835e-07	0.148189422924451	0.076	0.054	0.00603916524576968	not_sig	beige	not_sig	CCDC7
2.20038862923126e-09	0.148143615369981	0.169	0.128	8.05364242184932e-05	not_sig	beige	not_sig	SOCS7
7.04461801648007e-15	0.148112804019241	0.291	0.219	2.57840064021187e-10	not_sig	beige	not_sig	MEPCE
1.52623358646048e-08	0.148019743915574	0.121	0.09	0.000558616754980401	not_sig	beige	not_sig	PHKA2
1.48404287168157e-14	0.147975610173283	0.884	0.813	5.43174531464173e-10	not_sig	beige	not_sig	MYH9
6.59023998903387e-13	0.147916473720075	0.195	0.144	2.41209373838629e-08	not_sig	beige	not_sig	EXTL3
1.0194433314783e-10	0.147905080347078	0.288	0.23	3.73126453754373e-06	not_sig	beige	not_sig	LMO7
2.00402114979383e-07	0.147760983614116	0.096	0.071	0.0073349178103604	not_sig	beige	not_sig	FAM122A
1.45982795628238e-19	0.147705511188376	0.765	0.655	5.34311630278915e-15	not_sig	beige	not_sig	PTPMT1
6.78080927401633e-09	0.147625210649243	0.123	0.091	0.000248184400238272	not_sig	beige	not_sig	DARS-AS1
1.10446398207355e-09	0.147589464415882	0.16	0.121	4.04244862078739e-05	not_sig	beige	not_sig	COX10-AS1
1.60135443647746e-13	0.147395482914924	0.489	0.395	5.86111737295114e-09	not_sig	beige	not_sig	STYX
5.04593167369741e-14	0.147375020321709	0.426	0.343	1.84686145188999e-09	not_sig	beige	not_sig	SMAD3
1.48617559905373e-16	0.147360164336467	0.905	0.842	5.43955131009655e-12	not_sig	beige	not_sig	MCL1
2.13132472275395e-16	0.147326247648952	0.575	0.47	7.80086161775173e-12	not_sig	beige	not_sig	DPH1
3.8575622070407e-14	0.147136861751882	0.672	0.565	1.41190634339896e-09	not_sig	beige	not_sig	TRIM56
3.16931989973772e-13	0.147092762869503	0.282	0.217	1.160002776503e-08	not_sig	beige	not_sig	MTMR9
5.76627331531225e-09	0.146886455988875	0.147	0.111	0.000211051369613743	not_sig	beige	not_sig	KANK1
5.02863801348404e-13	0.146861043330924	0.279	0.215	1.84053179931529e-08	not_sig	beige	not_sig	KDM2B
2.1594793171511e-12	0.146807616863242	0.188	0.14	7.90391024870475e-08	not_sig	beige	not_sig	ALMS1
1.22743784780852e-17	0.146787741040496	0.357	0.271	4.49254526676397e-13	not_sig	beige	not_sig	DPY19L3
3.63946161234888e-12	0.146786886464954	0.28	0.216	1.33207934473581e-07	not_sig	beige	not_sig	DYRK2
1.71742036887895e-13	0.146770582284667	0.331	0.257	6.28593029213385e-09	not_sig	beige	not_sig	NCAPD2
4.12019417179483e-15	0.14662037448931	0.331	0.253	1.50803226881862e-10	not_sig	beige	not_sig	CENPBD1
2.50354337979873e-10	0.146577643212753	0.172	0.129	9.16321912440133e-06	not_sig	beige	not_sig	RFX7
8.05920318778476e-18	0.146483163833776	0.609	0.496	2.9497489587611e-13	not_sig	beige	not_sig	AP2A2
2.61213205386435e-13	0.146457772867936	0.371	0.295	9.56066453034893e-09	not_sig	beige	not_sig	TCOF1
2.54221240383312e-08	0.146402618231791	0.167	0.13	0.00093047516192696	not_sig	beige	not_sig	TRIM2
1.79333641581594e-27	0.146360784859477	0.95	0.912	6.56379061552791e-23	not_sig	beige	not_sig	NONO
2.16073891792541e-14	0.146258660471332	0.552	0.452	7.90852051349881e-10	not_sig	beige	not_sig	NEK7
5.2042758603756e-21	0.146255389541005	0.853	0.755	1.90481700765607e-16	not_sig	beige	not_sig	HNRNPUL1
8.46766650198457e-08	0.146246368237911	0.192	0.155	0.00309925061639137	not_sig	beige	not_sig	ADAMTS9
3.7653843682901e-10	0.146141361169241	0.173	0.131	1.37816833263786e-05	not_sig	beige	not_sig	FAM135A
1.60192562582402e-11	0.146095117034167	0.188	0.14	5.86320798307849e-07	not_sig	beige	not_sig	C2orf42
5.40286626879337e-10	0.146019628991376	0.133	0.097	1.97750308304106e-05	not_sig	beige	not_sig	C1orf74
1.72632569821383e-38	0.145957963246212	0.998	0.996	6.31852468803243e-34	not_sig	beige	not_sig	LAMC1
5.5416567997538e-10	0.145955896735863	0.18	0.137	2.02830180527789e-05	not_sig	beige	not_sig	TTC7A
8.16731886898877e-11	0.145909647565933	0.158	0.117	2.98932037923858e-06	not_sig	beige	not_sig	DHX34
1.3877748338897e-13	0.145855639700375	0.242	0.182	5.07939466951967e-09	not_sig	beige	not_sig	ASNSD1
2.98926531769475e-12	0.145827847498119	0.224	0.169	1.09410099892946e-07	not_sig	beige	not_sig	GPD2
4.73548680960415e-18	0.145785786767068	0.649	0.532	1.73323552718321e-13	not_sig	beige	not_sig	GBF1
4.09578249138485e-17	0.145750359328403	0.409	0.314	1.49909734967177e-12	not_sig	beige	not_sig	SRF
5.82371201920401e-16	0.145725252888258	0.606	0.496	2.13153683614886e-11	not_sig	beige	not_sig	MAN2B2
6.04249980241521e-12	0.14572168787201	0.185	0.137	2.21161535268199e-07	not_sig	beige	not_sig	GBP3
6.4302159175641e-18	0.145715712725513	0.514	0.407	2.35352332798764e-13	not_sig	beige	not_sig	PPP6R3
2.52954730724377e-15	0.145666511383898	0.668	0.57	9.25839609924292e-11	not_sig	beige	not_sig	SLC25A32
9.6696590680205e-16	0.145593616199244	0.587	0.482	3.53919191548618e-11	not_sig	beige	not_sig	ISG20L2
3.79767133773674e-14	0.145498797342277	0.321	0.25	1.38998568632502e-09	not_sig	beige	not_sig	EIF2AK3
3.89929833496423e-26	0.145443412642511	0.922	0.85	1.42718218358026e-21	not_sig	beige	not_sig	USP22
3.48300451553878e-32	0.145408900361333	0.612	0.48	1.27481448273235e-27	not_sig	beige	not_sig	ACTA2
1.66398473246242e-12	0.145363313886453	0.33	0.261	6.09035051928572e-08	not_sig	beige	not_sig	CNTROB
7.13257584476177e-12	0.145249511843629	0.346	0.281	2.61059408494126e-07	not_sig	beige	not_sig	KCTD12
4.72313729939034e-16	0.145244863393119	0.52	0.426	1.72871548294986e-11	not_sig	beige	not_sig	PEAK1
1.17918023882135e-11	0.145096131205586	0.198	0.149	4.31591759211003e-07	not_sig	beige	not_sig	DENND1A
6.76117787366786e-16	0.14498720993919	0.588	0.483	2.47465871354117e-11	not_sig	beige	not_sig	C6orf62
3.96273989546298e-18	0.144882479489993	0.608	0.494	1.45040242913841e-13	not_sig	beige	not_sig	KPNA6
1.7757399658351e-10	0.144766300323051	0.117	0.083	6.49938584895306e-06	not_sig	beige	not_sig	AC025423.4
3.70933171504756e-17	0.144618798357324	0.939	0.893	1.35765250102456e-12	not_sig	beige	not_sig	FASN
1.83287160052664e-08	0.14456178506608	0.673	0.604	0.000670849334508756	not_sig	beige	not_sig	WNT5A
5.02140491523066e-14	0.14455741788018	0.375	0.294	1.83788441302358e-09	not_sig	beige	not_sig	PTPN23
1.51649756226868e-15	0.144534991919797	0.862	0.796	5.5505327276596e-11	not_sig	beige	not_sig	ZFHX3
4.1498511555226e-14	0.144521884991857	0.317	0.245	1.51888702143283e-09	not_sig	beige	not_sig	RPTOR
2.28370814614288e-15	0.144461637965342	0.318	0.241	8.35860018569756e-11	not_sig	beige	not_sig	PSKH1
1.45914370637528e-16	0.14445684018502	0.764	0.651	5.34061187970417e-12	not_sig	beige	not_sig	SNRNP200
4.98232918530805e-17	0.14440095811111	0.39	0.298	1.8235823051146e-12	not_sig	beige	not_sig	DCP1B
2.49974009662542e-10	0.14433288846633	0.162	0.122	9.14929872765868e-06	not_sig	beige	not_sig	ACE
5.92118619475613e-10	0.144222520016283	0.131	0.096	2.16721335914269e-05	not_sig	beige	not_sig	SIPA1
5.6755487923581e-14	0.144179351648949	0.634	0.533	2.07730761349099e-09	not_sig	beige	not_sig	TMEM181
1.53819945006245e-13	0.143953378554322	0.192	0.139	5.62996380717358e-09	not_sig	beige	not_sig	ZNF354C
8.44955799042089e-21	0.143932248311953	0.603	0.483	3.09262272007395e-16	not_sig	beige	not_sig	ESYT2
8.67720727266585e-11	0.143923363100827	0.262	0.207	3.17594463386843e-06	not_sig	beige	not_sig	MAST4
3.83544639601163e-09	0.143897043244486	0.133	0.099	0.000140381173540422	not_sig	beige	not_sig	OSBPL3
7.60964068465061e-16	0.143795105108962	0.537	0.432	2.78520458698897e-11	not_sig	beige	not_sig	YY1AP1
1.40371386932133e-17	0.143720808645437	0.436	0.337	5.13773313310302e-13	not_sig	beige	not_sig	CCDC71
1.3229497327677e-13	0.143649086179647	0.286	0.218	4.84212831690305e-09	not_sig	beige	not_sig	XPO7
5.18290229227616e-18	0.143487570478364	0.399	0.305	1.896994067996e-13	not_sig	beige	not_sig	ZNF445
6.01973017967731e-12	0.143347458440702	0.135	0.095	2.20328144306369e-07	not_sig	beige	not_sig	NRF1
9.234443654828e-15	0.143273229765582	0.373	0.292	3.37989872210359e-10	not_sig	beige	not_sig	SLC12A2
4.38880663174906e-18	0.143269326386738	0.443	0.341	1.60634711528648e-13	not_sig	beige	not_sig	TSC2
6.28364200304964e-10	0.143163221004389	0.171	0.13	2.2998758095362e-05	not_sig	beige	not_sig	HSPA4L
2.01895268499415e-15	0.143149330463524	0.505	0.407	7.3895687223471e-11	not_sig	beige	not_sig	DAG1
1.06361151492169e-18	0.143147280405516	0.962	0.934	3.89292450576486e-14	not_sig	beige	not_sig	ITGA5
8.00541957249789e-17	0.143109214090096	0.697	0.586	2.93006361772995e-12	not_sig	beige	not_sig	BMPR2
2.90406850502269e-10	0.143043665900791	0.158	0.118	1.06291811352335e-05	not_sig	beige	not_sig	CARF
1.96532974875672e-16	0.143042044101718	0.633	0.526	7.19330341342447e-12	not_sig	beige	not_sig	CASC3
7.26033755638802e-12	0.143039878689796	0.212	0.161	2.65735614901358e-07	not_sig	beige	not_sig	PIDD1
1.8008035229154e-18	0.142914925117393	0.467	0.361	6.59112097422266e-14	not_sig	beige	not_sig	ZSWIM8
4.20606330377152e-10	0.14288507335809	0.164	0.124	1.53946122981341e-05	not_sig	beige	not_sig	DMGDH
2.1775750515599e-15	0.142798300281113	0.552	0.447	7.9701424462144e-11	not_sig	beige	not_sig	CBX6
1.56956682158936e-16	0.142642012422929	0.629	0.517	5.74477152369922e-12	not_sig	beige	not_sig	SAP30L
8.65687805032332e-09	0.142627418013881	0.159	0.122	0.000316850393519884	not_sig	beige	not_sig	ACSS3
1.27035710382068e-10	0.142588433108835	0.136	0.098	4.64963403569406e-06	not_sig	beige	not_sig	ZNF112
1.74882605905974e-08	0.142509059325588	0.13	0.098	0.000640087825876457	not_sig	beige	not_sig	RGS3
5.88409717445436e-15	0.142483722361591	0.416	0.326	2.15363840682204e-10	not_sig	beige	not_sig	KHDC4
7.7175680873301e-15	0.142346811884058	0.322	0.247	2.82470709564369e-10	not_sig	beige	not_sig	CHSY1
4.99427815339897e-14	0.142281484677708	0.336	0.261	1.82795574692556e-09	not_sig	beige	not_sig	SDC3
2.96729550960559e-15	0.142100279506498	0.407	0.32	1.08605982947074e-10	not_sig	beige	not_sig	B4GALT5
1.32426925319855e-11	0.142070859435584	0.2	0.151	4.84695789363203e-07	not_sig	beige	not_sig	ZNF26
8.70789130004258e-14	0.14203561577841	0.961	0.942	3.18717529472858e-09	not_sig	beige	not_sig	TSC22D3
5.38557062545847e-15	0.141881189374216	0.44	0.35	1.97117270462406e-10	not_sig	beige	not_sig	ARNT
5.3034509070053e-16	0.141815090607732	0.381	0.293	1.94111606647301e-11	not_sig	beige	not_sig	NACC1
8.08114093515719e-12	0.141774761490783	0.169	0.124	2.95777839367688e-07	not_sig	beige	not_sig	CRAMP1
2.8718245480767e-11	0.141731171675533	0.15	0.109	1.05111650284155e-06	not_sig	beige	not_sig	LPAR6
6.5162332819375e-16	0.141685908144402	0.77	0.67	2.38500654352194e-11	not_sig	beige	not_sig	DCTN4
1.84921138158656e-14	0.141596239896177	0.437	0.349	6.76829857774495e-10	not_sig	beige	not_sig	PDE4A
7.42627405770932e-15	0.141514175859215	0.634	0.526	2.71809056786219e-10	not_sig	beige	not_sig	YAP1
3.81368255669021e-09	0.141406867241948	0.182	0.141	0.000139584595257418	not_sig	beige	not_sig	SMURF1
4.63244390975344e-13	0.14140139514352	0.219	0.163	1.69552079540886e-08	not_sig	beige	not_sig	BRPF1
8.2664002367917e-10	-0.141334953349841	0.917	0.894	3.02558515066813e-05	not_sig	white	not_sig	ACAA2
8.01682473400882e-15	0.141313864558363	0.291	0.219	2.93423802089457e-10	not_sig	beige	not_sig	PTCD2
3.81230698239618e-14	0.14128387440255	0.292	0.223	1.39534247862682e-09	not_sig	beige	not_sig	ADAMTS7
5.90678975249729e-19	0.141233575544588	0.411	0.314	2.16194411731153e-14	not_sig	beige	not_sig	AP1B1
8.0212150747581e-10	-0.141142030784242	0.873	0.837	2.93584492951221e-05	not_sig	white	not_sig	DNAJA2
2.46029164821489e-07	0.141106004769762	0.087	0.064	0.0090049134616313	not_sig	beige	not_sig	TRMT9B
2.98103951495064e-23	0.141070707334261	0.951	0.908	1.09109027286708e-18	not_sig	beige	not_sig	EIF4G1
1.02544554391406e-15	0.140998501070856	0.479	0.379	3.75323323527984e-11	not_sig	beige	not_sig	HECTD4
1.30986421077077e-15	0.140913244592352	0.372	0.288	4.79423399784211e-11	not_sig	beige	not_sig	LCOR
3.34360879123459e-10	0.140812255935396	0.192	0.147	1.22379425367977e-05	not_sig	beige	not_sig	ATXN1
1.71496279816648e-13	0.14072210606698	0.303	0.234	6.27693533756913e-09	not_sig	beige	not_sig	S1PR2
5.23008443272952e-16	0.140696773005962	0.649	0.534	1.91426320322333e-11	not_sig	beige	not_sig	WASHC1
2.79678655513747e-14	0.140606774027474	0.25	0.186	1.02365184704587e-09	not_sig	beige	not_sig	ZEB1-AS1
1.31829177066818e-07	0.140600799900976	0.098	0.072	0.00482507970982262	not_sig	beige	not_sig	LINC00545
1.98540741528923e-07	-0.140484476179175	0.875	0.853	0.00726678968070012	not_sig	white	not_sig	FUS
1.06576628561445e-13	0.140455892371058	0.426	0.343	3.90081118197744e-09	not_sig	beige	not_sig	ZNF189
3.78726734416465e-20	0.140431839844135	0.723	0.606	1.3861777206377e-15	not_sig	beige	not_sig	SMG1
2.2248674695752e-16	0.140417595244889	0.843	0.763	8.14323742539219e-12	not_sig	beige	not_sig	XIST
1.66755520542545e-09	0.140324894676948	0.11	0.079	6.1034188073777e-05	not_sig	beige	not_sig	ZNF70
9.13886674254593e-17	0.140289416931854	0.526	0.421	3.34491661643924e-12	not_sig	beige	not_sig	PARD3
9.61254535759316e-15	0.140276334092983	0.398	0.316	3.51828772633267e-10	not_sig	beige	not_sig	TP53INP1
7.79373818558478e-11	0.140271640608399	0.152	0.112	2.85258611330589e-06	not_sig	beige	not_sig	ZFP41
8.78476317647057e-19	0.140177998561446	0.732	0.62	3.21531117021999e-14	not_sig	beige	not_sig	MTA1
4.39912987363895e-15	0.140103042307689	0.681	0.578	1.61012552505059e-10	not_sig	beige	not_sig	SUPT5H
2.24264204138852e-08	0.139843917615073	0.162	0.126	0.000820829413568611	not_sig	beige	not_sig	PLCE1
8.7187988488545e-16	0.139708256814172	0.405	0.313	3.19116756666924e-11	not_sig	beige	not_sig	MR1
8.86379281357397e-16	0.139697244944669	0.762	0.658	3.24423680769621e-11	not_sig	beige	not_sig	GNS
2.59421041161869e-17	0.139630986745459	0.412	0.315	9.49506952756558e-13	not_sig	beige	not_sig	ZDHHC8
5.3034123103804e-14	0.139529089908974	0.495	0.399	1.94110193972233e-09	not_sig	beige	not_sig	POLK
8.99765939884679e-10	0.13949065471365	0.146	0.109	3.29323331657192e-05	not_sig	beige	not_sig	GGPS1
4.90057301669686e-10	0.139478220611287	0.164	0.123	1.79365872984122e-05	not_sig	beige	not_sig	ZNF689
1.08335124176469e-14	0.139379616046687	0.692	0.588	3.96517387998292e-10	not_sig	beige	not_sig	AIDA
9.1435509405219e-20	0.139291327624494	0.955	0.929	3.34663107974042e-15	not_sig	beige	not_sig	C1orf21
7.98443462348682e-08	0.139219128435017	0.093	0.067	0.00292238291654241	not_sig	beige	not_sig	BLOC1S3
9.75382441011549e-13	0.139167078881732	0.251	0.19	3.56999727234637e-08	not_sig	beige	not_sig	TOP3A
1.23374562491686e-18	0.139087178065366	0.355	0.267	4.5156323617582e-14	not_sig	beige	not_sig	HMG20A
1.09101706010269e-11	0.13904124125817	0.224	0.17	3.99323154168185e-07	not_sig	beige	not_sig	SPRED1
2.4288919246504e-17	0.138993058889271	0.519	0.413	8.88998733341292e-13	not_sig	beige	not_sig	ITPRIPL2
1.26425338946325e-07	0.138982724917975	0.155	0.121	0.00462729383077442	not_sig	beige	not_sig	C1orf198
2.21025919369969e-07	0.138865361401773	0.12	0.091	0.00808976967486025	not_sig	beige	not_sig	NR2F2-AS1
1.42710517932667e-11	0.138829727770117	0.255	0.198	5.22334766685356e-07	not_sig	beige	not_sig	SIDT2
1.0305557789694e-09	0.138817299902794	0.124	0.09	3.77193720660591e-05	not_sig	beige	not_sig	AC080112.1
4.30796661352581e-16	0.138754632379712	0.861	0.78	1.57675886021658e-11	not_sig	beige	not_sig	ATL3
8.69973825588468e-15	0.138734852062076	0.601	0.494	3.18419119903635e-10	not_sig	beige	not_sig	DENND5A
2.23122607508576e-14	0.138642806134948	0.457	0.367	8.16651055742138e-10	not_sig	beige	not_sig	PHF10
4.99435118158281e-08	0.13850643451555	0.133	0.102	0.00182798247597112	not_sig	beige	not_sig	IQSEC2
3.42761230934685e-14	0.138498766129026	0.357	0.278	1.25454038134404e-09	not_sig	beige	not_sig	UBE3B
1.12957216196131e-07	0.138475122547567	0.079	0.056	0.0041343470699946	not_sig	beige	not_sig	MOB3C
1.99085291883562e-10	0.138406228515001	0.975	0.966	7.28672076823024e-06	not_sig	beige	not_sig	FBLN1
1.5066031602615e-10	0.138327249602217	0.692	0.619	5.51431822687312e-06	not_sig	beige	not_sig	NID2
3.23222315735608e-08	0.138263573190059	0.101	0.074	0.0011830259978239	not_sig	beige	not_sig	KCNAB3
4.38130543302524e-09	0.138242749052341	0.106	0.076	0.000160360160154157	not_sig	beige	not_sig	AP1G2
3.20790346098736e-16	0.138239264391061	0.494	0.395	1.17412474575598e-11	not_sig	beige	not_sig	HOXC6
7.94973948129919e-17	0.138235336789851	0.748	0.643	2.90968414755032e-12	not_sig	beige	not_sig	R3HDM2
7.96786785424818e-12	0.138200764156432	0.192	0.144	2.91631931333338e-07	not_sig	beige	not_sig	AKAP1
5.21210923601577e-14	0.138146247649155	0.343	0.268	1.90768410147413e-09	not_sig	beige	not_sig	FHOD1
4.03189162636661e-16	0.138091269636106	0.745	0.649	1.47571265416644e-11	not_sig	beige	not_sig	SCARF2
1.01258643241341e-14	0.137812958796534	0.359	0.279	3.70616760127632e-10	not_sig	beige	not_sig	PTGFRN
1.39012608843616e-09	0.137803760179119	0.323	0.266	5.08800049628518e-05	not_sig	beige	not_sig	MMP23B
5.78611745202771e-16	0.137699117123639	0.506	0.404	2.11777684861666e-11	not_sig	beige	not_sig	SYMPK
3.56191629800107e-15	0.137690718898484	0.508	0.406	1.30369698423137e-10	not_sig	beige	not_sig	RC3H2
2.22246214058458e-08	0.137597651832793	0.154	0.119	0.000813443368075362	not_sig	beige	not_sig	CLTCL1
2.5296266439395e-13	0.137554308673207	0.301	0.232	9.25868647948296e-09	not_sig	beige	not_sig	C20orf194
1.24350104685372e-14	0.137548429365628	0.421	0.332	4.55133818158928e-10	not_sig	beige	not_sig	SLC39A9
3.56386413299615e-15	0.137532754282325	0.523	0.418	1.30440991131792e-10	not_sig	beige	not_sig	NXF1
2.30635538990182e-14	0.137484084278002	0.29	0.22	8.44149136257966e-10	not_sig	beige	not_sig	BPGM
3.25305278008966e-13	0.137427593710918	0.786	0.71	1.19064984804062e-08	not_sig	beige	not_sig	ZMIZ1
7.03311164347907e-12	0.13734009859859	0.391	0.315	2.57418919262977e-07	not_sig	beige	not_sig	GTF2IRD1
8.99992230227853e-14	0.137326041225079	0.953	0.929	3.29406156185697e-09	not_sig	beige	not_sig	AOX1
1.02159457398562e-12	0.137252003906192	0.841	0.773	3.73913830024476e-08	not_sig	beige	not_sig	YWHAG
3.91360797041068e-10	0.137200695318202	0.159	0.118	1.43241965325001e-05	not_sig	beige	not_sig	AL158152.1
1.1243952823638e-13	0.137122455440474	0.407	0.322	4.11539917297973e-09	not_sig	beige	not_sig	SMIM13
1.37997080039147e-16	0.137122203850319	0.536	0.427	5.05083112651282e-12	not_sig	beige	not_sig	NOTCH2
4.08626208150394e-14	0.137024246562159	0.346	0.268	1.49561278445126e-09	not_sig	beige	not_sig	SNHG9
4.02097245784886e-12	0.136986273670639	0.174	0.128	1.47171612929726e-07	not_sig	beige	not_sig	HINFP
3.88415790813013e-11	0.13694029767177	0.112	0.078	1.42164063595471e-06	not_sig	beige	not_sig	C19orf47
8.22114184141825e-19	0.136903846592284	0.864	0.781	3.00902012537749e-14	not_sig	beige	not_sig	HUWE1
1.19625702733028e-11	0.136886621782179	0.183	0.135	4.37842034573156e-07	not_sig	beige	not_sig	MOAP1
2.40308163131589e-14	0.136841926106439	0.362	0.281	8.79551907877928e-10	not_sig	beige	not_sig	MEX3C
5.98124883803554e-19	0.136813099286689	0.912	0.85	2.18919688720939e-14	not_sig	beige	not_sig	PTPRG
3.5253740025514e-15	0.136759587976607	0.401	0.313	1.29032213867384e-10	not_sig	beige	not_sig	MTOR
9.37398965651036e-15	0.13673487905916	0.749	0.655	3.43097395417936e-10	not_sig	beige	not_sig	VEGFA
8.13696695644721e-08	0.136567168984466	0.142	0.109	0.00297821127572924	not_sig	beige	not_sig	SMCR8
6.98911216807973e-12	0.136475653143969	0.704	0.614	2.55808494463886e-07	not_sig	beige	not_sig	KANK2
9.57498771922313e-15	0.136438357044456	0.469	0.372	3.50454125511286e-10	not_sig	beige	not_sig	PARP4
1.25893326613082e-09	0.136327861535313	0.126	0.092	4.60782164736541e-05	not_sig	beige	not_sig	ZNF611
9.24769425753695e-16	0.136285548714118	0.713	0.609	3.3847485752011e-11	not_sig	beige	not_sig	SSC5D
4.80133005687115e-14	0.136268567221254	0.467	0.375	1.75733481411541e-09	not_sig	beige	not_sig	TULP4
1.80567119000905e-09	0.136235378301805	0.145	0.109	6.60893712255212e-05	not_sig	beige	not_sig	TMEM231
3.45724945160552e-12	0.135971614654883	0.202	0.151	1.26538787178214e-07	not_sig	beige	not_sig	AGBL5
4.81491577429685e-09	0.135955121106397	0.245	0.196	0.000176230732255039	not_sig	beige	not_sig	ZNF436
4.68833287985308e-14	0.135935541648441	0.675	0.573	1.71597671735503e-09	not_sig	beige	not_sig	MBD2
1.08717649330116e-08	0.135889879847627	0.151	0.115	0.000397917468313156	not_sig	beige	not_sig	SEL1L3
3.16580637842861e-17	0.135830805191044	0.307	0.229	1.15871679256865e-12	not_sig	beige	not_sig	FURIN
3.71047376785107e-19	0.135646598113698	0.468	0.36	1.35807050377117e-14	not_sig	beige	not_sig	PTAR1
1.87760550670333e-15	0.135604723377035	0.342	0.26	6.87222391508484e-11	not_sig	beige	not_sig	PHF12
1.69258149015087e-13	0.135491268409504	0.326	0.257	6.19501751210121e-09	not_sig	beige	not_sig	AKNA
8.410396106026e-09	0.135428928881649	0.096	0.069	0.000307828907876658	not_sig	beige	not_sig	SEC61A2
2.18210201224062e-07	0.135355157962851	0.091	0.066	0.00798671157500188	not_sig	beige	not_sig	FMN2
6.16422939253548e-13	-0.135341818923607	0.905	0.896	2.25616959996191e-08	not_sig	white	not_sig	STT3A
1.12764737332462e-07	0.13522896929531	0.167	0.131	0.00412730215110543	not_sig	beige	not_sig	HLA-DMA
5.49165763719947e-16	0.135108613572259	0.417	0.324	2.01000161179138e-11	not_sig	beige	not_sig	GAK
1.45908598905762e-26	-0.135057299657503	0.989	0.987	5.34040062854978e-22	not_sig	white	not_sig	COX7B
9.5633955257572e-09	0.13504812296209	0.147	0.112	0.000350029839638239	not_sig	beige	not_sig	PXYLP1
3.61371933773448e-08	0.135047228090271	0.188	0.149	0.0013226574148042	not_sig	beige	not_sig	TNFRSF19
1.03623732940661e-08	0.135005035153626	0.147	0.112	0.000379273224936114	not_sig	beige	not_sig	AC025164.1
4.47584118936753e-13	0.134973975039918	0.265	0.202	1.63820263372041e-08	not_sig	beige	not_sig	SLC9A1
5.87131314089678e-13	0.134835271646781	0.247	0.187	2.14895932269963e-08	not_sig	beige	not_sig	ATXN1L
3.12727120580204e-16	0.134810291742068	0.422	0.329	1.14461253403561e-11	not_sig	beige	not_sig	PUM2
2.61629260422296e-14	0.13477559768392	0.411	0.324	9.57589256071645e-10	not_sig	beige	not_sig	MIEF1
1.68607606586328e-07	0.134577696208542	0.115	0.086	0.0061712070086662	not_sig	beige	not_sig	HMGN5
1.08458231888206e-11	0.13449511639793	0.243	0.187	3.96967974534021e-07	not_sig	beige	not_sig	RUSC2
1.23196123203476e-15	0.134431265815465	0.487	0.385	4.50910130537044e-11	not_sig	beige	not_sig	CTDSP1
2.6673535996562e-14	0.134426347166543	0.628	0.522	9.76278091010166e-10	not_sig	beige	not_sig	CORO1C
6.13870615725489e-15	0.134418965593415	0.492	0.395	2.24682784061686e-10	not_sig	beige	not_sig	GDF11
1.15269267596844e-12	0.13435251233745	0.761	0.664	4.21897046331209e-08	not_sig	beige	not_sig	AP3D1
2.49951020428328e-08	0.13430044006028	0.121	0.09	0.000914845729869723	not_sig	beige	not_sig	SLC36A1
1.09086954392247e-14	0.134239602628491	0.439	0.349	3.99269161771062e-10	not_sig	beige	not_sig	GTF3C4
8.16244289198776e-16	0.134216055545604	0.299	0.224	2.98753572289644e-11	not_sig	beige	not_sig	TMEM168
3.55800959252342e-08	0.134161396299051	0.174	0.137	0.0013022670909595	not_sig	beige	not_sig	RBMS3-AS3
9.25768940953658e-13	0.13408860554991	0.841	0.771	3.38840690078448e-08	not_sig	beige	not_sig	AEBP1
1.45162379181314e-08	0.134072862527175	0.106	0.078	0.000531308824041526	not_sig	beige	not_sig	BCL9
9.18974340420469e-11	0.13407144375986	0.146	0.106	3.36353798337296e-06	not_sig	beige	not_sig	USP30
7.98010634086889e-12	0.134067912144356	0.233	0.178	2.92079872182142e-07	not_sig	beige	not_sig	IFT172
8.2625411364952e-12	0.134021502756726	0.183	0.136	3.02417268136861e-07	not_sig	beige	not_sig	CPEB2
3.37259869820897e-13	0.134019626353187	0.423	0.34	1.23440484953147e-08	not_sig	beige	not_sig	CAD
3.4280640158961e-14	0.133979712505029	0.363	0.281	1.25470571045813e-09	not_sig	beige	not_sig	PIKFYVE
1.02047412656215e-13	0.133953211211676	0.257	0.194	3.73503735063013e-09	not_sig	beige	not_sig	NFKB2
5.2417388118951e-17	0.133888040401068	0.476	0.374	1.91852882254172e-12	not_sig	beige	not_sig	CREBBP
3.14103163070885e-11	0.133882667829429	0.228	0.176	1.14964898715575e-06	not_sig	beige	not_sig	CD3EAP
4.8237739550778e-11	0.133828617652303	0.712	0.636	1.76554950529803e-06	not_sig	beige	not_sig	NEDD4
1.16217925786809e-11	0.133790609774353	0.185	0.138	4.25369230172299e-07	not_sig	beige	not_sig	MAP3K6
1.95850761642039e-15	0.133730295414161	0.488	0.388	7.16833372686028e-11	not_sig	beige	not_sig	KIAA0319L
7.38852247987863e-12	0.133699853873033	0.169	0.124	2.70427311286038e-07	not_sig	beige	not_sig	MMP25-AS1
1.08775011177341e-09	0.133606834352998	0.349	0.284	3.98127418410187e-05	not_sig	beige	not_sig	SMTN
1.17984804660229e-09	0.133537618093842	0.101	0.071	4.31836183536904e-05	not_sig	beige	not_sig	AC145207.3
6.69374077024651e-15	0.133418389896516	0.309	0.237	2.44997605931793e-10	not_sig	beige	not_sig	STK10
1.87589321813305e-13	0.1333643109207	0.281	0.216	6.86595676768879e-09	not_sig	beige	not_sig	KATNAL1
2.68731362114899e-14	0.13334050533094	0.492	0.394	9.83583658476743e-10	not_sig	beige	not_sig	CRTC3
1.29077113031253e-11	0.133263577135716	0.189	0.141	4.72435141405688e-07	not_sig	beige	not_sig	TMEM131L
4.45269363991057e-08	0.133240435207009	0.1	0.073	0.00162973039914367	not_sig	beige	not_sig	ZNF235
3.17957202832863e-15	0.133189036227072	0.789	0.694	1.16375515808856e-10	not_sig	beige	not_sig	USP34
5.28434938523505e-17	0.133157442719321	0.419	0.325	1.93412471848988e-12	not_sig	beige	not_sig	TOP2B
7.16108511036288e-11	0.133133572212107	0.177	0.132	2.62102876124392e-06	not_sig	beige	not_sig	C2CD5
6.25646719125204e-11	0.133094182086801	0.571	0.482	2.28992955667016e-06	not_sig	beige	not_sig	NNT
1.64565192699933e-14	0.133079613064274	0.389	0.306	6.02325061801026e-10	not_sig	beige	not_sig	FAM222B
1.4367890451607e-11	0.13306373311705	0.53	0.451	5.25879158419268e-07	not_sig	beige	not_sig	CERS6
2.40999426850461e-14	0.132926151099075	0.674	0.573	8.8208200221537e-10	not_sig	beige	not_sig	RNF213
1.44056567742053e-15	0.132850308220803	0.406	0.314	5.2726144359269e-11	not_sig	beige	not_sig	C12orf49
4.58895617242841e-13	0.132703417547191	0.321	0.251	1.67960384867052e-08	not_sig	beige	not_sig	CDK19
8.28074467683728e-14	0.132635138215316	0.35	0.272	3.03083535916921e-09	not_sig	beige	not_sig	NT5C2
8.60155167109545e-08	0.132523105518566	0.13	0.1	0.00314825392713765	not_sig	beige	not_sig	KIF13B
1.55961093818579e-23	0.132520771570461	0.966	0.932	5.70833199485379e-19	not_sig	beige	not_sig	P3H1
4.64492500966134e-16	0.132488316208072	0.405	0.315	1.70008900278615e-11	not_sig	beige	not_sig	ATP13A3
1.40109994826413e-14	0.132471240306713	0.309	0.238	5.12816592064153e-10	not_sig	beige	not_sig	ZNF395
5.50566651547806e-12	0.132385941301789	0.425	0.344	2.01512900133012e-07	not_sig	beige	not_sig	POLR1A
4.55210896339037e-08	0.132295918209741	0.079	0.055	0.00166611740169051	not_sig	beige	not_sig	ZBTB12
2.56635225563361e-12	0.132241086869819	0.247	0.189	9.39310589084457e-08	not_sig	beige	not_sig	MYO5A
5.18483725666727e-10	0.132198545507266	0.2	0.154	1.89770228431279e-05	not_sig	beige	not_sig	TUBGCP6
1.80265740369694e-12	0.132175295302404	0.335	0.263	6.59790636327116e-08	not_sig	beige	not_sig	JARID2
2.66921422192521e-15	0.132164750027467	0.413	0.324	9.76959097366845e-11	not_sig	beige	not_sig	TBC1D9
1.47562345089856e-13	0.1320235480247	0.286	0.218	5.40092939263382e-09	not_sig	beige	not_sig	CDR2L
1.07250448547432e-14	0.132002074651993	0.301	0.227	3.92547366728456e-10	not_sig	beige	not_sig	CEP192
2.51315558188868e-12	0.131988436553033	0.303	0.237	9.19840074527076e-08	not_sig	beige	not_sig	ZRANB1
1.23434289985626e-15	0.131907543178286	0.535	0.427	4.5178184477639e-11	not_sig	beige	not_sig	WDR26
1.15274976152373e-11	0.131864490896734	0.168	0.123	4.219179402153e-07	not_sig	beige	not_sig	LINC01138
7.23680150375313e-13	0.13180225240724	0.517	0.419	2.64874171838868e-08	not_sig	beige	not_sig	FUBP3
2.03123473294792e-15	0.131790704854358	0.508	0.406	7.4345222460627e-11	not_sig	beige	not_sig	WDR6
1.83564061215253e-12	0.13171323329982	0.287	0.223	6.71862820453949e-08	not_sig	beige	not_sig	MTMR10
2.31689520092243e-12	0.131617222028025	0.301	0.234	8.48006812489617e-08	not_sig	beige	not_sig	ANKRD39
3.43933956347894e-08	0.131534910405309	0.117	0.087	0.00125883267362893	not_sig	beige	not_sig	PGBD4
2.6381325342042e-07	0.131449595156881	0.071	0.05	0.00965582888844079	not_sig	beige	not_sig	PRDM10
5.31373159418029e-16	0.131446004739757	0.316	0.238	1.94487890078593e-11	not_sig	beige	not_sig	FBRSL1
7.95726103434527e-15	0.131436259633309	0.805	0.712	2.91243711118071e-10	not_sig	beige	not_sig	NCKAP1
6.62079872200168e-12	0.131335199232163	0.351	0.282	2.42327854023984e-07	not_sig	beige	not_sig	GPR89A
1.99925940665582e-13	0.131306636090421	0.392	0.312	7.31748935430098e-09	not_sig	beige	not_sig	MROH1
2.40693856203796e-12	0.131261335157711	0.213	0.159	8.80963583091514e-08	not_sig	beige	not_sig	ZNF557
6.65032968612605e-14	0.131253334845828	0.399	0.313	2.43408716841899e-09	not_sig	beige	not_sig	STIM2
4.56717566593651e-08	0.131179778347222	0.239	0.194	0.00167163196548942	not_sig	beige	not_sig	FLVCR2
3.18320818805634e-15	0.131122246825881	0.529	0.426	1.1650860289105e-10	not_sig	beige	not_sig	PIP5K1A
5.7036919599675e-13	0.13103633317909	0.277	0.214	2.0876082942677e-08	not_sig	beige	not_sig	KANSL1L
2.09858639016353e-17	0.130960591876297	0.373	0.283	7.68103604663754e-13	not_sig	beige	not_sig	ZNF384
5.16920600388666e-11	0.130952996442987	0.192	0.144	1.89198108948256e-06	not_sig	beige	not_sig	TMEM120B
2.88493035659828e-29	0.130934144694578	0.999	0.999	1.05591335981854e-24	not_sig	beige	not_sig	FBN1
6.44434124967473e-15	0.130874978864158	0.487	0.384	2.35869334079345e-10	not_sig	beige	not_sig	LYRM7
1.24456319432962e-14	0.130797948617261	0.306	0.233	4.55522574756586e-10	not_sig	beige	not_sig	GPSM1
8.43596281103331e-08	0.130756501569592	0.318	0.268	0.0030876467484663	not_sig	beige	not_sig	KLF4
6.25411235438442e-09	0.130752788506689	0.19	0.148	0.000228906766282824	not_sig	beige	not_sig	TMEM268
2.19940405573093e-11	0.130694172017725	0.225	0.173	8.05003878438077e-07	not_sig	beige	not_sig	ZNF526
6.01693785234212e-32	0.130678153390267	0.999	0.995	2.20225942333574e-27	not_sig	beige	not_sig	LAMB1
1.14936006219437e-11	0.130620979235079	0.178	0.131	4.20677276363762e-07	not_sig	beige	not_sig	MIER3
2.64400775969732e-15	0.130545708473665	0.544	0.44	9.67733280126817e-11	not_sig	beige	not_sig	ZNF652
2.7640660321317e-16	0.130492765178795	0.442	0.345	1.01167580842052e-11	not_sig	beige	not_sig	CRKL
1.94313193684972e-07	0.130426139536376	0.083	0.06	0.00711205720206367	not_sig	beige	not_sig	AC027097.1
8.56195563874103e-11	0.130418680285837	0.163	0.12	3.13376138333561e-06	not_sig	beige	not_sig	EVC2
2.29252923875755e-13	0.130382242571546	0.274	0.207	8.3908862667765e-09	not_sig	beige	not_sig	INTS4
1.35824979122059e-14	0.130358911007346	0.444	0.352	4.97133006084647e-10	not_sig	beige	not_sig	OGDH
1.39742007144804e-12	0.130295260976994	0.634	0.532	5.11469720350697e-08	not_sig	beige	not_sig	SMARCA2
5.96992406868546e-08	0.130273671244056	0.088	0.063	0.00218505190837957	not_sig	beige	not_sig	MEX3A
2.83190615323515e-14	0.130173969563112	0.515	0.416	1.0365059711456e-09	not_sig	beige	not_sig	CARM1
8.7542685119227e-13	0.130118012348912	0.722	0.626	3.20414981804883e-08	not_sig	beige	not_sig	PER1
3.89595467884657e-15	0.129947969077084	0.561	0.458	1.42595837200463e-10	not_sig	beige	not_sig	MCM3AP
9.05036310906336e-15	0.129936746478305	0.317	0.242	3.31252340154828e-10	not_sig	beige	not_sig	FAM171A1
6.04190145432400e-11	0.129931955710093	0.223	0.171	2.21139635129713e-06	not_sig	beige	not_sig	TRIM52
1.65011510801329e-30	0.129807250573721	1	1	6.03958630683946e-26	not_sig	beige	not_sig	COL1A1
4.91459164761118e-09	0.129791385377903	0.113	0.082	0.000179878968894217	not_sig	beige	not_sig	GAN
1.29624964503467e-89	-0.129756670555706	1	1	4.74440332579138e-85	not_sig	white	not_sig	RPS26
1.90737286437292e-15	0.129747063397	0.753	0.645	6.98117542089134e-11	not_sig	beige	not_sig	TRIP12
1.29870772046718e-11	0.129577580283341	0.233	0.179	4.75340012768192e-07	not_sig	beige	not_sig	FAM214B
5.35266444200206e-08	0.129519501943467	0.087	0.062	0.00195912871241717	not_sig	beige	not_sig	ZNF670
7.31321721671146e-11	0.129338147682295	0.368	0.299	2.67671063348856e-06	not_sig	beige	not_sig	ENOX1
3.39017067216224e-13	0.129272937028003	0.761	0.668	1.2408363677181e-08	not_sig	beige	not_sig	CLSTN1
8.34106650306519e-08	0.129258069614894	0.114	0.086	0.00305291375078689	not_sig	beige	not_sig	TAB3
7.07724758237495e-10	0.129197835816058	0.197	0.152	2.59034338762506e-05	not_sig	beige	not_sig	DHRS4L2
2.13819526078012e-08	0.129195451559601	0.13	0.098	0.00078260084739813	not_sig	beige	not_sig	MIR99AHG
1.80395961050867e-17	-0.129079266983966	0.982	0.976	6.6026725704228e-13	not_sig	white	not_sig	TMED2
6.39781777292634e-08	0.128997629155585	0.114	0.086	0.00234166528306877	not_sig	beige	not_sig	MIR222HG
9.86385014548009e-15	0.128968022164931	0.269	0.202	3.61026779174717e-10	not_sig	beige	not_sig	TTC23
7.35796523862239e-11	0.128936255774274	0.127	0.09	2.69308885698818e-06	not_sig	beige	not_sig	ZNF223
3.68122578628114e-11	0.128909220463727	0.882	0.826	1.34736545003676e-06	not_sig	beige	not_sig	PHLDB1
5.82634481459224e-08	0.128736427080644	0.124	0.094	0.00213250046558891	not_sig	beige	not_sig	SERINC5
4.27211897766547e-12	0.128657295121907	0.248	0.19	1.56363826701534e-07	not_sig	beige	not_sig	GABPB2
5.49197826675849e-14	0.128621123724089	0.689	0.591	2.01011896541628e-09	not_sig	beige	not_sig	NFE2L1
1.99426601100257e-16	0.128556621608917	0.514	0.413	7.29921302687051e-12	not_sig	beige	not_sig	STXBP5
7.36803240332997e-14	0.128553423313905	0.219	0.161	2.6967735399428e-09	not_sig	beige	not_sig	EXOG
3.77130527128201e-13	0.128543081331945	0.42	0.334	1.38033544234193e-08	not_sig	beige	not_sig	BIVM
1.96329026664461e-13	0.128461727038433	0.434	0.344	7.18583870494592e-09	not_sig	beige	not_sig	SLC35F6
8.99166415707828e-15	0.128377663000086	0.646	0.535	3.29103899813222e-10	not_sig	beige	not_sig	PPP6R1
2.37695774712921e-14	0.128323078672183	0.209	0.151	8.69990305026761e-10	not_sig	beige	not_sig	CYTH1
5.42864135338482e-14	0.128212983183526	0.506	0.416	1.98693702175238e-09	not_sig	beige	not_sig	FAT1
4.37788647919428e-15	0.12819165159798	0.27	0.202	1.6023502302499e-10	not_sig	beige	not_sig	EDA2R
1.33918506974382e-09	0.128168574474786	0.484	0.412	4.90155127376937e-05	not_sig	beige	not_sig	TNFAIP3
2.03620377333769e-15	0.128122221700575	0.394	0.307	7.45270943079328e-11	not_sig	beige	not_sig	KAT6A
2.42663579448712e-13	0.128112653179893	0.573	0.47	8.8817296714023e-09	not_sig	beige	not_sig	SLC44A2
1.48618872417678e-10	0.128083122056091	0.236	0.183	5.43959934935945e-06	not_sig	beige	not_sig	GTPBP2
5.13468022679625e-10	0.128006245153799	0.36	0.296	1.8793443098097e-05	not_sig	beige	not_sig	MID1
7.30139036331982e-13	0.127963788388605	0.269	0.206	2.67238188687869e-08	not_sig	beige	not_sig	ZNF614
2.81317025049443e-12	0.127924029897063	0.545	0.448	1.02964844338347e-07	not_sig	beige	not_sig	HIF1AN
4.16131425516131e-16	0.127852782159456	0.686	0.577	1.52308263053159e-11	not_sig	beige	not_sig	DNM2
1.38046715384439e-15	0.127811183998122	0.283	0.21	5.05264782978585e-11	not_sig	beige	not_sig	INSR
2.66445988363909e-14	0.127722475965443	0.32	0.245	9.75218962010744e-10	not_sig	beige	not_sig	NUP88
4.00925271649072e-08	0.127711934843979	0.14	0.107	0.00146742658676277	not_sig	beige	not_sig	ZBTB39
7.82392266507926e-08	0.12748972347245	0.25	0.206	0.00286363393464566	not_sig	beige	not_sig	PLCB1
2.45139550292523e-16	0.127484017225253	0.811	0.708	8.97235268025662e-12	not_sig	beige	not_sig	DCTN1
6.58392051805292e-30	0.127397617564179	0.988	0.974	2.40978074881255e-25	not_sig	beige	not_sig	PCBP1
2.27554706882581e-13	0.127359418634935	0.746	0.649	8.32872982660934e-09	not_sig	beige	not_sig	ZFP91
1.93851704700096e-15	0.127256125342737	0.589	0.479	7.09516624372823e-11	not_sig	beige	not_sig	PLEKHB2
6.59470731914943e-14	0.127246375416632	0.593	0.493	2.41372882588188e-09	not_sig	beige	not_sig	RNF145
1.35155073471713e-12	0.127235369330752	0.341	0.269	4.94681084413817e-08	not_sig	beige	not_sig	ZNF263
4.00657614043216e-12	0.127159267321416	0.577	0.478	1.46644693315957e-07	not_sig	beige	not_sig	PIP5K1C
4.53467826306101e-08	0.127146642322147	0.118	0.087	0.00165973759106296	not_sig	beige	not_sig	KANTR
8.00392854966615e-08	0.127102023379368	0.092	0.066	0.00292951788846331	not_sig	beige	not_sig	SMYD5
7.63120026954954e-08	0.127077810235568	0.136	0.104	0.00279309561065783	not_sig	beige	not_sig	SERPINB8
6.97202854332324e-16	0.126983842772957	0.404	0.312	2.55183216714174e-11	not_sig	beige	not_sig	RPRD2
2.51997971155411e-14	0.126978163120324	0.857	0.778	9.22337774225918e-10	not_sig	beige	not_sig	FGFR1
5.75231597857421e-12	0.12691433745105	0.199	0.148	2.10540517131795e-07	not_sig	beige	not_sig	KCTD21
6.46400829933655e-14	0.126894240577181	0.258	0.194	2.36589167764017e-09	not_sig	beige	not_sig	MICALL1
2.98891265086948e-17	0.126870839157174	0.564	0.449	1.09397191934474e-12	not_sig	beige	not_sig	MOSMO
8.68901231691145e-15	0.12682475910864	0.267	0.2	3.18026539811276e-10	not_sig	beige	not_sig	DECR2
5.11095994407453e-13	0.126805143555555	0.273	0.21	1.87066244913072e-08	not_sig	beige	not_sig	PHF2
4.83729357636105e-17	0.126712940588344	0.798	0.706	1.77049782188391e-12	not_sig	beige	not_sig	TFRC
9.57638774539013e-15	0.126622589460381	0.527	0.426	3.50505367869024e-10	not_sig	beige	not_sig	ICE2
9.81128298244212e-14	0.126585421072204	0.213	0.157	3.59102768440364e-09	not_sig	beige	not_sig	LMAN2L
3.190080287783e-15	0.126555837351798	0.339	0.26	1.16760128613146e-10	not_sig	beige	not_sig	FARP2
4.62963073927333e-12	0.126533538654726	0.227	0.171	1.69449114688143e-07	not_sig	beige	not_sig	ATG4A
3.45081912355255e-12	0.126266129710877	0.232	0.176	1.26303430741147e-07	not_sig	beige	not_sig	ZNF577
1.11893178577693e-10	0.126240872870424	0.346	0.278	4.09540222912215e-06	not_sig	beige	not_sig	MCC
2.0266386469927e-15	0.126183729412939	0.427	0.333	7.41770011185798e-11	not_sig	beige	not_sig	TNPO3
1.85380262976131e-14	0.126171342116104	0.44	0.347	6.78510300518938e-10	not_sig	beige	not_sig	GTF3C2
2.73194968297321e-11	0.126099788536169	0.779	0.701	9.99920903465025e-07	not_sig	beige	not_sig	FOSL2
1.36444331613599e-14	0.126096545167359	0.308	0.235	4.99399898138933e-10	not_sig	beige	not_sig	GIT1
2.92713388455751e-14	0.12609648138805	0.355	0.277	1.07136027308689e-09	not_sig	beige	not_sig	ZNF83
1.92783242844945e-16	0.125903031885268	0.967	0.941	7.05605947136782e-12	not_sig	beige	not_sig	SPTAN1
2.13310521762695e-08	0.125832589089228	0.149	0.115	0.000780737840703641	not_sig	beige	not_sig	AC078850.1
9.40865112064107e-14	0.125823790412113	0.936	0.892	3.44366039666584e-09	not_sig	beige	not_sig	GASK1B
1.86499441974326e-15	0.125800188985374	0.598	0.49	6.82606607570231e-11	not_sig	beige	not_sig	POGLUT2
5.75067206019841e-14	0.125676170451011	0.299	0.228	2.10480348075322e-09	not_sig	beige	not_sig	RAB30-DT
8.71718052577042e-14	0.125666162084987	0.351	0.272	3.19057524423723e-09	not_sig	beige	not_sig	GRK2
5.12679718048263e-12	0.125648051571241	0.725	0.637	1.87645903602845e-07	not_sig	beige	not_sig	ARHGAP21
1.34944138401596e-12	0.125595626241267	0.743	0.644	4.9390904096368e-08	not_sig	beige	not_sig	TBL1XR1
4.59052929041125e-12	0.125589213606334	0.436	0.35	1.68017962558342e-07	not_sig	beige	not_sig	ASB8
9.54271204014732e-13	0.125584389844105	0.515	0.419	3.49272803381432e-08	not_sig	beige	not_sig	ZMYM2
9.76424220212519e-11	0.125571865885314	0.19	0.144	3.57381028839984e-06	not_sig	beige	not_sig	ZNF254
4.38116359324958e-13	0.125571711334505	0.219	0.162	1.60354968676528e-08	not_sig	beige	not_sig	GLIS1
1.19967289987523e-10	0.125500172193086	0.687	0.606	4.39092278083332e-06	not_sig	beige	not_sig	HIP1
4.60508799248474e-12	0.125444278422173	0.205	0.154	1.68550825612934e-07	not_sig	beige	not_sig	RBM41
1.03274690112696e-12	0.125366943943847	0.583	0.481	3.7799569328148e-08	not_sig	beige	not_sig	UBAP1
4.64061302481667e-10	0.125354392063763	0.318	0.258	1.69851077321315e-05	not_sig	beige	not_sig	SPRED2
1.88507296114705e-20	0.125342070739786	0.974	0.953	6.89955554509433e-16	not_sig	beige	not_sig	ADAMTS2
4.52115680462738e-14	0.125241350489194	0.321	0.246	1.65478860206167e-09	not_sig	beige	not_sig	URGCP
1.51915641684329e-10	0.125190038040705	0.132	0.095	5.56026440128814e-06	not_sig	beige	not_sig	ZNF487
4.14174653104001e-14	0.125162980762536	0.442	0.353	1.51592064782596e-09	not_sig	beige	not_sig	LMNB2
4.85235921088067e-16	0.125111194537649	0.679	0.56	1.77601199477443e-11	not_sig	beige	not_sig	PMS2
1.51450879765467e-13	0.125092825937349	0.753	0.651	5.54325365029587e-09	not_sig	beige	not_sig	SPEN
1.88420517840128e-12	0.125089198887142	0.329	0.256	6.89637937346654e-08	not_sig	beige	not_sig	ZBTB41
5.55731243054088e-11	0.12488252108257	0.153	0.112	2.03403192270227e-06	not_sig	beige	not_sig	ZNF180
2.75709280838304e-12	0.124819468095817	0.717	0.629	1.00912353879628e-07	not_sig	beige	not_sig	ALDH6A1
8.75929192744299e-20	0.124812636075726	0.929	0.879	3.20598843836341e-15	not_sig	beige	not_sig	PRNP
1.09844862828514e-13	0.124796972914176	0.68	0.578	4.02043182438645e-09	not_sig	beige	not_sig	COLGALT1
3.68321128491636e-10	0.124633429774703	0.258	0.204	1.34809216239224e-05	not_sig	beige	not_sig	CEP78
2.35542227095576e-11	0.124615999193525	0.18	0.133	8.62108105392518e-07	not_sig	beige	not_sig	CLDND2
2.44162934117064e-11	0.12459199806149	0.469	0.392	8.93660755161866e-07	not_sig	beige	not_sig	TBX15
1.39662894946015e-07	0.124591883657493	0.091	0.066	0.00511180161791911	not_sig	beige	not_sig	TBX5
1.81869533984582e-55	0.124491736966288	1	1	6.65660681336967e-51	not_sig	beige	not_sig	RPL4
1.24648983048845e-15	0.124477968503018	0.257	0.19	4.56227742857076e-11	not_sig	beige	not_sig	PCNX3
2.01044554937049e-07	0.124400868685992	0.134	0.103	0.00735843175525094	not_sig	beige	not_sig	SECTM1
1.8230556205145e-08	0.124237465321402	0.108	0.079	0.000667256587664514	not_sig	beige	not_sig	DICER1-AS1
6.60422820118516e-16	0.124226875892022	0.264	0.195	2.41721356391578e-11	not_sig	beige	not_sig	ZNF490
5.45323324399787e-15	0.12419777454138	0.476	0.376	1.99593789963566e-10	not_sig	beige	not_sig	PDCD11
1.32925202651005e-16	0.124123020698544	0.842	0.752	4.86519534222942e-12	not_sig	beige	not_sig	ANKRD17
8.47440640082378e-08	0.123976837451756	0.101	0.075	0.00310171748676551	not_sig	beige	not_sig	CYP27A1
2.98530477312836e-25	0.123944079046746	0.991	0.982	1.09265140001271e-20	not_sig	beige	not_sig	ANPEP
1.92532295865076e-10	0.123914475642476	0.323	0.258	7.04687456095765e-06	not_sig	beige	not_sig	FGFR1OP
9.56248897231416e-12	0.123889475972125	0.208	0.156	3.49996658875671e-07	not_sig	beige	not_sig	NRBP2
5.08425428039389e-12	0.123831783919294	0.312	0.246	1.86088790916697e-07	not_sig	beige	not_sig	LRP5
1.54725319845611e-21	0.123827517366928	0.943	0.889	5.66310143166921e-17	not_sig	beige	not_sig	TGOLN2
1.4037020851738e-12	0.123748980099578	0.246	0.187	5.13769000194463e-08	not_sig	beige	not_sig	GTF2H2
3.24127795774014e-15	0.123741868059212	0.734	0.631	1.18634014531247e-10	not_sig	beige	not_sig	MKRN1
3.47435366719238e-15	0.123708370749532	0.549	0.438	1.27164818572908e-10	not_sig	beige	not_sig	ATP6V1C1
8.4175663544085e-12	0.12367924223912	0.45	0.365	3.08091346137705e-07	not_sig	beige	not_sig	POGLUT3
4.61043207734005e-10	0.123624769498146	0.154	0.115	1.68746424462723e-05	not_sig	beige	not_sig	ZNF45
3.80015401204316e-08	0.123622263131608	0.712	0.651	0.00139089436994792	not_sig	beige	not_sig	HAND2
1.93502047229885e-08	0.123619211675985	0.098	0.071	0.000708236843066101	not_sig	beige	not_sig	DHX35
7.10449925780519e-13	0.123608777380699	0.479	0.389	2.60031777334928e-08	not_sig	beige	not_sig	MTA2
3.15394266046699e-14	0.123534524531247	0.691	0.588	1.15437455315752e-09	not_sig	beige	not_sig	TMEM245
9.90695786470672e-08	0.123375269006878	0.232	0.19	0.00362604564806131	not_sig	beige	not_sig	FMOD
2.92690211276907e-08	0.12336074355335	0.18	0.141	0.00107127544229461	not_sig	beige	not_sig	MRO
7.41829587102367e-10	0.123342751329048	0.4	0.335	2.71517047175337e-05	not_sig	beige	not_sig	FOXC2
1.29376473470779e-13	0.123304573177181	0.369	0.288	4.73530830550397e-09	not_sig	beige	not_sig	WIPF2
1.09377315537277e-12	0.12322430789758	0.302	0.235	4.00331912597988e-08	not_sig	beige	not_sig	SIMC1
1.19337370318123e-12	0.123176153596821	0.5	0.407	4.36786709101363e-08	not_sig	beige	not_sig	URB1
4.54324189112814e-09	0.123050288137661	0.219	0.174	0.000166287196457181	not_sig	beige	not_sig	NFASC
6.01008418456234e-10	0.123017430710026	0.171	0.13	2.19975091239166e-05	not_sig	beige	not_sig	MIF4GD
5.91121685625978e-14	0.122644135659184	0.343	0.266	2.16356448155964e-09	not_sig	beige	not_sig	PPARA
7.08520098524088e-12	0.122625862301665	0.401	0.32	2.59325441260801e-07	not_sig	beige	not_sig	MAPK8
3.03663464320403e-09	0.122588618049603	0.192	0.149	0.000111143864575911	not_sig	beige	not_sig	MGAT5
2.33082213870862e-17	0.12252738585965	0.902	0.84	8.53104210988743e-13	not_sig	beige	not_sig	LTBP3
4.52411318722168e-14	0.122433106150395	0.333	0.255	1.65587066765501e-09	not_sig	beige	not_sig	ANAPC2
1.92383039361558e-12	0.122406073298073	0.238	0.18	7.04141162367237e-08	not_sig	beige	not_sig	RBM12B
5.56787760317067e-12	0.122282531400434	0.512	0.423	2.0378988815365e-07	not_sig	beige	not_sig	MDN1
7.31301722626075e-13	0.122278106047902	0.402	0.318	2.6766374349837e-08	not_sig	beige	not_sig	RAB11FIP3
1.14932395016493e-10	0.122223457093793	0.383	0.313	4.20664058999866e-06	not_sig	beige	not_sig	ZNF618
9.8031206224222e-13	0.122200885435415	0.434	0.348	3.58804017901275e-08	not_sig	beige	not_sig	USP25
3.63304060675943e-08	0.122151844098209	0.136	0.103	0.00132972919248002	not_sig	beige	not_sig	NAPA-AS1
3.48034134950402e-10	0.122150429101145	0.396	0.331	1.27383973733197e-05	not_sig	beige	not_sig	NOTCH3
1.61277867664435e-13	0.1221254824391	0.283	0.216	5.90293123438598e-09	not_sig	beige	not_sig	ACADSB
9.55668548428587e-11	0.122092437322606	0.619	0.533	3.49784245410347e-06	not_sig	beige	not_sig	SERINC2
5.34869157357001e-15	0.121853327328405	0.267	0.198	1.95767460284236e-10	not_sig	beige	not_sig	FAM228B
5.65953736369704e-13	0.121823819808153	0.778	0.687	2.07144727048675e-08	not_sig	beige	not_sig	BCL6
1.89561913998855e-14	0.121814623871871	0.523	0.424	6.93815561427211e-10	not_sig	beige	not_sig	OTUD5
2.05028874455363e-13	0.121797247874892	0.242	0.181	7.50426183394073e-09	not_sig	beige	not_sig	PROSER1
1.81207137648077e-12	0.121704388445983	0.554	0.459	6.63236244505726e-08	not_sig	beige	not_sig	GCN1
8.54393880355115e-08	0.121666619332163	0.161	0.126	0.00312716704148776	not_sig	beige	not_sig	NSD2
3.97051268592614e-15	0.121665632525985	0.621	0.509	1.45324734817583e-10	not_sig	beige	not_sig	SCAF1
4.45755837053559e-15	0.121662232764167	0.261	0.193	1.63151093919973e-10	not_sig	beige	not_sig	PDE7A
3.04196768163228e-09	0.121646425271289	0.149	0.112	0.000111339059115423	not_sig	beige	not_sig	ZNF337-AS1
1.51246853441336e-09	0.121558642677807	0.113	0.081	5.53578608280632e-05	not_sig	beige	not_sig	NOTCH2NLC
1.1071286636879e-10	0.121414033947641	0.191	0.145	4.05220162196408e-06	not_sig	beige	not_sig	HENMT1
2.65623478425473e-13	0.121310189027695	0.301	0.23	9.72208493385075e-09	not_sig	beige	not_sig	ACAP3
6.65585773303473e-11	0.12130722210597	0.183	0.137	2.43611048886804e-06	not_sig	beige	not_sig	ZNF343
6.13631438567887e-15	0.121288704963595	0.5	0.399	2.24595242830232e-10	not_sig	beige	not_sig	RBM5
2.45524719320719e-13	0.121281813056349	0.614	0.511	8.98645025185763e-09	not_sig	beige	not_sig	CCNK
6.23408187270763e-14	0.121280889594567	0.351	0.272	2.28173630622972e-09	not_sig	beige	not_sig	PSMA3-AS1
6.71273876820212e-15	0.12127733859369	0.307	0.232	2.45692951654966e-10	not_sig	beige	not_sig	TBC1D14
9.90860971462529e-09	0.121262889604342	0.104	0.076	0.000362665024165	not_sig	beige	not_sig	PLCXD1
3.69192544707505e-12	0.121249569271723	0.534	0.437	1.35128163288394e-07	not_sig	beige	not_sig	TM7SF3
9.34380395646544e-11	0.121241223598193	0.154	0.113	3.41992568610592e-06	not_sig	beige	not_sig	CKMT2-AS1
5.83831736527797e-16	0.121015840005958	0.417	0.323	2.13688253886539e-11	not_sig	beige	not_sig	CLK2
7.13387705677448e-12	0.120879193875147	0.227	0.172	2.61107034155003e-07	not_sig	beige	not_sig	RGS19
7.17285003868266e-15	0.120748709869049	0.805	0.713	2.62533484265824e-10	not_sig	beige	not_sig	CHP1
2.75469576584638e-13	0.120735243719026	0.488	0.39	1.00824619725743e-08	not_sig	beige	not_sig	DICER1
1.4403264843054e-07	0.120715460790452	0.098	0.072	0.00527173896520619	not_sig	beige	not_sig	GOLGA6L4
8.33394115099429e-10	0.120655362076049	0.659	0.579	3.05030580067542e-05	not_sig	beige	not_sig	KLF15
4.58383643782501e-11	0.120615984649571	0.398	0.319	1.67772997460833e-06	not_sig	beige	not_sig	SHLD2
4.71171014289383e-09	0.120614770678929	0.139	0.104	0.000172453302940057	not_sig	beige	not_sig	HIST2H2BE
3.71286751927507e-102	-0.120598689321175	1	1	1.35894664072987e-97	not_sig	white	not_sig	RPS15A
2.38601373673261e-15	0.120533979185983	0.435	0.34	8.73304887781501e-11	not_sig	beige	not_sig	TAF13
1.44041607217371e-12	0.12046139339802	0.412	0.328	5.27206686576299e-08	not_sig	beige	not_sig	TTL
7.56980769952994e-11	0.120421766475888	0.193	0.147	2.77062531610495e-06	not_sig	beige	not_sig	ZNF43
3.08079603075287e-14	0.120408170440814	0.477	0.384	1.12760215521586e-09	not_sig	beige	not_sig	SNHG14
2.60697972554808e-08	0.120322879101973	0.14	0.107	0.000954180649347853	not_sig	beige	not_sig	BCLAF3
2.3614768219845e-10	0.12025658052977	0.59	0.515	8.64324131614545e-06	not_sig	beige	not_sig	USP53
3.76867706275856e-10	0.120229403759698	0.181	0.137	1.37937349174026e-05	not_sig	beige	not_sig	C15orf39
1.44339117612769e-09	0.12020053857275	0.18	0.137	5.28295604374497e-05	not_sig	beige	not_sig	PRDM5
6.42930833832736e-08	0.120170126628303	0.134	0.102	0.0023531911449112	not_sig	beige	not_sig	HOXD3
1.56973716462388e-12	0.120134941148582	0.445	0.36	5.74539499623987e-08	not_sig	beige	not_sig	DNAJC16
1.1306497881644e-13	0.120096519514397	0.324	0.251	4.13829128966051e-09	not_sig	beige	not_sig	RFX5
1.0756927939239e-07	0.120016135227892	0.07	0.048	0.00393714319504086	not_sig	beige	not_sig	FP236315.1
3.81030914682068e-13	0.120000699038644	0.519	0.423	1.39461125082784e-08	not_sig	beige	not_sig	DHRS4-AS1
1.5836676579537e-12	0.119974972460304	0.261	0.2	5.79638199487634e-08	not_sig	beige	not_sig	MOV10
7.65411086062386e-11	0.119767331524546	0.542	0.456	2.80148111609694e-06	not_sig	beige	not_sig	CMSS1
3.38025735051008e-16	0.119755179141378	0.356	0.272	1.23720799286019e-11	not_sig	beige	not_sig	TGFBR1
1.78786608018444e-07	0.119731018541876	0.093	0.068	0.00654376864008309	not_sig	beige	not_sig	NEU3
1.0601687250676e-10	0.119643870337563	0.16	0.119	3.88032355061994e-06	not_sig	beige	not_sig	ZNF136
1.64851767236651e-19	0.119592123028743	0.947	0.905	6.03373953262868e-15	not_sig	beige	not_sig	KPNB1
2.13929943854406e-12	0.11946755961969	0.425	0.34	7.8300498750151e-08	not_sig	beige	not_sig	RBBP5
2.88069858101391e-13	0.119401936189533	0.342	0.266	1.0543644876369e-08	not_sig	beige	not_sig	SRGAP2B
2.43472263502906e-09	0.119245899362962	0.099	0.07	8.91132831646988e-05	not_sig	beige	not_sig	FBXO36
3.18070339507946e-14	0.119132048087674	0.568	0.465	1.16416924963303e-09	not_sig	beige	not_sig	PRKACA
1.2094330906761e-10	0.119041892431744	0.241	0.188	4.4266460551836e-06	not_sig	beige	not_sig	KIAA1217
9.35335752436736e-12	0.119013112789134	0.284	0.222	3.4234223874937e-07	not_sig	beige	not_sig	ZNF430
1.359408323342e-12	0.119001166728111	0.298	0.23	4.97557040426406e-08	not_sig	beige	not_sig	RICTOR
8.75163056036295e-14	0.118844820841635	0.517	0.421	3.20318430139844e-09	not_sig	beige	not_sig	HS2ST1
2.758862144847e-11	0.118833476092917	0.267	0.208	1.00977113363545e-06	not_sig	beige	not_sig	CCNYL1
1.3457873402624e-12	0.118730027389469	0.266	0.203	4.92571624409443e-08	not_sig	beige	not_sig	ZNF627
2.64734693268768e-08	0.118705467436945	0.09	0.064	0.000968955450833016	not_sig	beige	not_sig	ZNF175
2.43490837042734e-10	0.118677928294544	0.317	0.254	8.91200812660111e-06	not_sig	beige	not_sig	GLCCI1
7.35221158309094e-08	0.118666535187671	0.834	0.789	0.00269098296152712	not_sig	beige	not_sig	TMEM119
8.5468798077317e-13	0.118653001301503	0.239	0.18	3.12824347842788e-08	not_sig	beige	not_sig	MTMR3
3.40504078908632e-12	0.11859761167434	0.356	0.281	1.24627897921349e-07	not_sig	beige	not_sig	CABIN1
2.8861425821887e-14	0.118577904556451	0.544	0.443	1.05635704650689e-09	not_sig	beige	not_sig	SREBF2
4.66735636713185e-12	0.118515255460511	0.367	0.291	1.70829910393393e-07	not_sig	beige	not_sig	SDE2
5.80669802118308e-12	0.11851064022616	0.212	0.161	2.12530954273322e-07	not_sig	beige	not_sig	SLC16A5
1.40405742359268e-09	0.118491120045689	0.493	0.42	5.13899057609155e-05	not_sig	beige	not_sig	ABLIM3
1.4996164842075e-11	0.118438255996804	0.633	0.538	5.48874629384789e-07	not_sig	beige	not_sig	SNX19
1.33029790323276e-12	0.118420649216344	0.23	0.173	4.86902335562223e-08	not_sig	beige	not_sig	FEM1A
1.01348452749558e-11	0.118382883994224	0.223	0.169	3.70945471908656e-07	not_sig	beige	not_sig	LIG4
1.82542720340914e-16	0.118370081401398	0.87	0.781	6.68124610719779e-12	not_sig	beige	not_sig	IGF2R
1.26028325535798e-13	0.118325757808135	0.3	0.231	4.61276274293575e-09	not_sig	beige	not_sig	MRE11
8.51301545492698e-14	0.11822012201756	0.505	0.41	3.11584878665782e-09	not_sig	beige	not_sig	ZFHX4
7.27389346834955e-12	0.118189125901715	0.542	0.447	2.66231774835062e-07	not_sig	beige	not_sig	UBXN7
7.20914819433865e-17	0.118172599131257	0.942	0.887	2.63862033060989e-12	not_sig	beige	not_sig	POLR2A
1.51277220882364e-10	0.118045071542135	0.619	0.533	5.53689756151541e-06	not_sig	beige	not_sig	ARHGEF2
1.40057603626048e-14	0.11803174038331	0.292	0.222	5.12624835031697e-10	not_sig	beige	not_sig	EOGT
3.15813461570231e-15	0.118017002054734	0.387	0.298	1.1559088506932e-10	not_sig	beige	not_sig	ZNF688
5.09850237510837e-12	0.11796479980031	0.275	0.211	1.86610285431342e-07	not_sig	beige	not_sig	C16orf70
7.49192439891288e-16	0.117949041504599	0.548	0.44	2.7421192492461e-11	not_sig	beige	not_sig	ASB1
8.61523148814085e-09	0.117912745719369	0.179	0.139	0.000315326087697443	not_sig	beige	not_sig	AC092040.1
2.53692634022846e-15	0.117809928470459	0.475	0.372	9.28540409787017e-11	not_sig	beige	not_sig	ZNF410
2.39042655906628e-14	0.117795247075523	0.342	0.263	8.74920024883851e-10	not_sig	beige	not_sig	ZNF3
1.34003386152631e-14	-0.117743385188025	0.985	0.976	4.90465793657243e-10	not_sig	white	not_sig	SEPTIN7
1.86785589855079e-08	0.117702976242048	0.135	0.102	0.000683653937428573	not_sig	beige	not_sig	LRSAM1
6.68729893706716e-12	0.117701207566295	0.45	0.365	2.44761828395595e-07	not_sig	beige	not_sig	ZNF462
1.21849282574363e-12	0.117655933490843	0.582	0.48	4.45980559150428e-08	not_sig	beige	not_sig	HAT1
1.24237465514228e-11	0.117652055054352	0.64	0.548	4.54721547528625e-07	not_sig	beige	not_sig	SLC2A10
2.11126980365446e-13	0.117584909441394	0.873	0.807	7.72745860835569e-09	not_sig	beige	not_sig	SEPTIN9
3.00561905651726e-11	0.117519348690225	0.607	0.513	1.10008663087588e-06	not_sig	beige	not_sig	MYO9B
3.24000838027131e-13	0.11751814820045	0.321	0.248	1.1858754672631e-08	not_sig	beige	not_sig	NPC1
1.5178281093879e-12	0.117447604279597	0.331	0.259	5.55540266317065e-08	not_sig	beige	not_sig	RNF185
1.1403203688126e-07	0.117383220590497	0.152	0.118	0.00417368658189099	not_sig	beige	not_sig	SLC12A6
5.90526138246755e-16	0.117372867625782	0.521	0.412	2.16138471859695e-11	not_sig	beige	not_sig	MGRN1
3.24737702440899e-10	0.11730662912033	0.206	0.158	1.18857246470393e-05	not_sig	beige	not_sig	CC2D1A
1.22876077623716e-10	0.117260451794199	0.153	0.112	4.49738731710564e-06	not_sig	beige	not_sig	CCDC74B
6.65303075311277e-12	0.117149628137669	0.616	0.517	2.4350757859468e-07	not_sig	beige	not_sig	DVL3
5.29328562382574e-08	0.11713745956139	0.12	0.09	0.00193739547117646	not_sig	beige	not_sig	ZBTB14
7.53138006837948e-09	-0.117082705166665	0.914	0.88	0.000275656041882757	not_sig	white	not_sig	DCUN1D5
1.28381283079596e-11	0.11702823077496	0.269	0.209	4.69888334199628e-07	not_sig	beige	not_sig	CLUH
1.56842798092339e-11	0.116950051798614	0.438	0.356	5.7406032529777e-07	not_sig	beige	not_sig	AVPI1
1.90549199611239e-09	0.116911552003431	0.18	0.137	6.97429125497097e-05	not_sig	beige	not_sig	PLAGL2
1.20284636060795e-12	0.116909017058969	0.349	0.274	4.40253796446114e-08	not_sig	beige	not_sig	ZNF398
1.69140551935888e-11	0.116838094755822	0.445	0.365	6.19071334140544e-07	not_sig	beige	not_sig	ELMSAN1
3.75985468232811e-11	0.116820235609973	0.321	0.255	1.37614441227891e-06	not_sig	beige	not_sig	DUSP3
2.48858788931643e-13	0.116815664562645	0.669	0.561	9.10848053368707e-09	not_sig	beige	not_sig	CACUL1
2.45892919534634e-10	0.11681154233339	0.197	0.151	8.99992674788713e-06	not_sig	beige	not_sig	ZSCAN30
2.99032459053999e-17	0.116761552065929	0.909	0.841	1.09448870338354e-12	not_sig	beige	not_sig	XPO1
1.65680499181197e-10	0.116760412709105	0.27	0.213	6.06407195053099e-06	not_sig	beige	not_sig	PRKD1
5.05337458110833e-09	0.116732927954171	0.702	0.632	0.000184958563043146	not_sig	beige	not_sig	ALCAM
1.25818375210782e-07	0.116721986324241	0.111	0.083	0.00460507835108983	not_sig	beige	not_sig	NAPB
2.63825799757672e-11	0.116701318032856	0.249	0.193	9.65628809693055e-07	not_sig	beige	not_sig	SPATA18
2.4814359324773e-10	0.11669658625603	0.715	0.624	9.08230365646018e-06	not_sig	beige	not_sig	GTF3C1
2.12864802197428e-13	0.116690387358245	0.309	0.237	7.79106462522805e-09	not_sig	beige	not_sig	DIABLO
5.82423806323621e-11	0.116638183621228	0.166	0.122	2.13172937352508e-06	not_sig	beige	not_sig	ZC3H10
2.49761902868775e-12	0.116618547467489	0.326	0.257	9.14153540690002e-08	not_sig	beige	not_sig	GCNT1
3.68849429094038e-09	0.11656745785364	0.145	0.108	0.000135002579542709	not_sig	beige	not_sig	AC083798.2
2.42260257558884e-11	0.116552691024284	0.316	0.251	8.86696768691272e-07	not_sig	beige	not_sig	AGAP1
1.56766310202568e-14	0.116511038116296	1	0.999	5.7378037197242e-10	not_sig	beige	not_sig	COL6A3
4.26213891684941e-11	0.11619707392627	0.293	0.228	1.55998546495605e-06	not_sig	beige	not_sig	ZCCHC3
1.99609924872467e-09	0.116165114127784	0.323	0.265	7.30592286025717e-05	not_sig	beige	not_sig	PRICKLE1
5.54009603203728e-13	0.116142063918624	0.47	0.381	2.02773054868597e-08	not_sig	beige	not_sig	ANKFY1
2.82856236953895e-10	0.116110443572987	0.15	0.111	1.03528211287495e-05	not_sig	beige	not_sig	ZNF100
8.24086738648643e-13	0.116107996904238	0.549	0.449	3.0162398721279e-08	not_sig	beige	not_sig	PPP2R5C
2.60218017289522e-11	0.116069963249865	0.663	0.562	9.52423965081379e-07	not_sig	beige	not_sig	BAG6
1.08118331840978e-14	0.115944919663362	0.434	0.342	3.95723906371162e-10	not_sig	beige	not_sig	ANAPC7
1.08285531558924e-14	0.115915897654517	0.413	0.323	3.96335874058818e-10	not_sig	beige	not_sig	PLAG1
2.29084900698474e-12	0.115830256951967	0.809	0.725	8.38473645046483e-08	not_sig	beige	not_sig	ADAM9
4.35143767749206e-13	0.115746063793901	0.603	0.511	1.59266970433887e-08	not_sig	beige	not_sig	PRICKLE2
1.10832896434788e-12	0.115661979485857	0.6	0.501	4.05659484240969e-08	not_sig	beige	not_sig	FAM120B
3.63826981584612e-10	0.115592770344151	0.173	0.13	1.33164313529784e-05	not_sig	beige	not_sig	ZNF529
4.05176140997645e-10	0.115553318474231	0.364	0.301	1.48298519366548e-05	not_sig	beige	not_sig	SMAD7
1.17736451321135e-07	0.115529432107454	0.106	0.079	0.00430927185480484	not_sig	beige	not_sig	LINC00863
1.86761964308515e-15	0.115504739185191	0.497	0.394	6.83567465565596e-11	not_sig	beige	not_sig	TRAPPC11
8.10045941215106e-13	0.115434387788341	0.426	0.339	2.96484914944141e-08	not_sig	beige	not_sig	NFATC3
4.84173952143142e-12	0.115431498839248	0.594	0.493	1.77212508223911e-07	not_sig	beige	not_sig	BAIAP2
1.32644146143703e-07	0.115369953848402	0.186	0.147	0.00485490839300568	not_sig	beige	not_sig	ZNF582-AS1
3.18373435471886e-11	0.115367581527977	0.549	0.454	1.16527861117065e-06	not_sig	beige	not_sig	LPCAT1
2.95581731966257e-09	0.115355953033456	0.209	0.164	0.00010818586971697	not_sig	beige	not_sig	IQCH-AS1
1.4305777530798e-07	0.115303016422319	0.195	0.156	0.00523605763404738	not_sig	beige	not_sig	SEMA7A
1.6263849177875e-08	0.115209183692196	0.146	0.111	0.000595273143759402	not_sig	beige	not_sig	PHF8
9.5805199561523e-15	0.115176303458697	0.649	0.537	3.5065661091513e-10	not_sig	beige	not_sig	SFT2D2
2.80640995525939e-14	0.115151998658296	0.44	0.348	1.02717410772449e-09	not_sig	beige	not_sig	LRRC28
8.9041575852083e-15	0.115073411073734	0.362	0.277	3.25901071776209e-10	not_sig	beige	not_sig	TLK2
8.98467919051708e-08	0.114944246138252	0.337	0.284	0.00328848243052116	not_sig	beige	not_sig	AFAP1L1
8.13782534754138e-14	0.114913377710043	0.881	0.814	2.97852545545362e-09	not_sig	beige	not_sig	MACF1
6.21725205278391e-11	0.114903749404556	0.213	0.162	2.27557642383944e-06	not_sig	beige	not_sig	TUBGCP3
2.9764972166179e-13	0.114828884962343	0.232	0.173	1.08942774625432e-08	not_sig	beige	not_sig	ATL2
4.14231893513415e-12	0.114788186362736	0.544	0.449	1.51613015344845e-07	not_sig	beige	not_sig	RLIM
4.90332153990415e-11	0.114725844623527	0.548	0.457	1.79466471682032e-06	not_sig	beige	not_sig	PIAS3
7.25010062704914e-14	0.114725573921176	0.527	0.426	2.65360933050626e-09	not_sig	beige	not_sig	AC245297.3
3.59021306691065e-12	0.114725126392083	0.233	0.177	1.31405388461997e-07	not_sig	beige	not_sig	ZNF780A
2.91480997053446e-10	0.114701228234591	0.178	0.134	1.06684959731532e-05	not_sig	beige	not_sig	ASNS
1.79755943277975e-13	0.114668392741414	0.418	0.332	6.57924727991715e-09	not_sig	beige	not_sig	MOB3A
6.96502928419817e-17	0.114605219355763	0.922	0.852	2.54927036830937e-12	not_sig	beige	not_sig	ZKSCAN1
7.41345594332542e-13	0.114470411166152	0.201	0.148	2.71339900981654e-08	not_sig	beige	not_sig	TBC1D4
3.28311449862448e-11	0.114422387836828	0.242	0.187	1.20165273764155e-06	not_sig	beige	not_sig	OSER1-DT
2.83323966333543e-10	0.114418504923503	0.296	0.236	1.0369940491774e-05	not_sig	beige	not_sig	FAM111A
3.95628982535795e-15	0.114399653007628	0.424	0.33	1.44804163897926e-10	not_sig	beige	not_sig	SIK3
1.02616873871414e-10	0.114340017572889	0.203	0.154	3.75588020056762e-06	not_sig	beige	not_sig	NDE1
9.64208397864033e-12	0.114285280198447	0.499	0.413	3.52909915702215e-07	not_sig	beige	not_sig	GPHN
1.83131280875362e-15	0.114279431484627	0.337	0.255	6.70278801131911e-11	not_sig	beige	not_sig	TFCP2
9.32278491951979e-10	0.114240026785244	0.135	0.1	3.41223250839344e-05	not_sig	beige	not_sig	NFYA
8.72928012895422e-12	0.114197671857077	0.209	0.156	3.19500381999853e-07	not_sig	beige	not_sig	ATG2A
9.56093516111525e-12	0.114189948389869	0.227	0.173	3.49939787831979e-07	not_sig	beige	not_sig	MIGA2
7.94736378982997e-15	0.114183781889863	0.585	0.481	2.90881462071567e-10	not_sig	beige	not_sig	EVI5
2.45562291474014e-14	0.11410726689835	0.812	0.716	8.98782543024039e-10	not_sig	beige	not_sig	AGPAT1
5.44842879618019e-14	0.114097629013888	0.242	0.179	1.99417942368991e-09	not_sig	beige	not_sig	LRCH4
4.92098402147951e-12	0.114028547288711	0.193	0.143	1.80112936170171e-07	not_sig	beige	not_sig	ZNF500
1.40540187727579e-11	0.113956447757712	0.237	0.181	5.14391141101712e-07	not_sig	beige	not_sig	SETMAR
5.95130389070698e-14	0.113881317702291	0.673	0.566	2.17823673703766e-09	not_sig	beige	not_sig	ATF6B
1.45697731540895e-14	0.113861393585008	0.472	0.374	5.3326826721283e-10	not_sig	beige	not_sig	KMT2B
8.99250253637583e-09	0.113838622168985	0.49	0.425	0.000329134585333892	not_sig	beige	not_sig	UNC5B
1.00602818775248e-13	0.113811860028771	0.85	0.771	3.68216376999286e-09	not_sig	beige	not_sig	TBC1D16
9.4362432366409e-13	0.113799812163799	0.346	0.271	3.45375938704294e-08	not_sig	beige	not_sig	SLC35A3
1.95865014429106e-11	0.113777767561479	0.249	0.19	7.16885539311972e-07	not_sig	beige	not_sig	ZMIZ2
4.26916729644474e-13	0.11377299138146	0.442	0.353	1.56255792217174e-08	not_sig	beige	not_sig	SYT11
2.89640031730929e-14	0.113749296880885	0.443	0.351	1.06011148013837e-09	not_sig	beige	not_sig	ACVR1
8.38641584645125e-14	0.113635432823196	0.356	0.278	3.06951206395962e-09	not_sig	beige	not_sig	USP13
5.9050194794134e-14	0.113600807012303	0.313	0.239	2.1612961796601e-09	not_sig	beige	not_sig	WTIP
1.25434214427251e-15	0.113556511266831	0.347	0.264	4.59101768225182e-11	not_sig	beige	not_sig	ZBED6
1.35880366744469e-10	0.113539048464586	0.122	0.087	4.97335730321433e-06	not_sig	beige	not_sig	MYOSLID
1.7430253841166e-09	0.113537877295362	0.16	0.121	6.37964720840516e-05	not_sig	beige	not_sig	TMEM94
2.00295858027673e-10	0.113481894634924	0.565	0.474	7.33102869967086e-06	not_sig	beige	not_sig	WBP11
4.25979445733917e-09	0.113455736924898	0.223	0.177	0.000155912736933071	not_sig	beige	not_sig	TNRC6C
5.50037966051031e-12	0.113417395424541	0.645	0.543	2.01319395954338e-07	not_sig	beige	not_sig	UGGT1
1.504835060582e-07	0.113408799671072	0.166	0.131	0.00550784680523619	not_sig	beige	not_sig	XAF1
1.20664236476589e-13	0.113367470062948	0.599	0.491	4.41643171927964e-09	not_sig	beige	not_sig	RAF1
1.05007112490018e-13	0.11332144871859	0.462	0.37	3.84336532424713e-09	not_sig	beige	not_sig	SH3BP4
3.72673029659358e-13	0.113308852680905	0.72	0.627	1.36402055585622e-08	not_sig	beige	not_sig	DLGAP4
3.2674922796631e-08	0.113079161908341	0.158	0.122	0.00119593484927949	not_sig	beige	not_sig	ZNF446
4.97600035750831e-12	0.113035539441709	0.426	0.34	1.82126589085162e-07	not_sig	beige	not_sig	ZBED1
5.81861094523441e-12	0.112963982784224	0.398	0.319	2.12966979206525e-07	not_sig	beige	not_sig	CLOCK
8.1294337607256e-10	0.112918975813352	0.181	0.138	2.97545405076318e-05	not_sig	beige	not_sig	VPS37C
1.47650354261918e-12	0.112896190388513	0.569	0.473	5.40415061634048e-08	not_sig	beige	not_sig	ASAP3
1.26573755976392e-12	0.112743661444477	0.572	0.474	4.63272604249193e-08	not_sig	beige	not_sig	USP7
1.74828518644671e-11	0.112705985385446	0.859	0.785	6.39889861091359e-07	not_sig	beige	not_sig	ANTXR1
3.05349613486747e-14	0.112672593590737	0.27	0.203	1.11761012032284e-09	not_sig	beige	not_sig	LINC01128
2.27098168625852e-12	0.112654664376138	0.168	0.121	8.3120200698748e-08	not_sig	beige	not_sig	PRKD2
1.26945134126671e-12	0.112627712309685	0.414	0.329	4.6463188541703e-08	not_sig	beige	not_sig	STK11
6.91795043526196e-12	0.112575630539111	0.245	0.186	2.53203903881023e-07	not_sig	beige	not_sig	CCDC97
1.68135088249979e-13	0.112530318173996	0.38	0.297	6.15391236503746e-09	not_sig	beige	not_sig	NACC2
4.53848670543781e-13	0.112400820029445	0.343	0.27	1.66113151905729e-08	not_sig	beige	not_sig	ADAM33
4.39911693705283e-15	0.112400536713791	0.999	0.996	1.61012079013071e-10	not_sig	beige	not_sig	NID1
2.02404360507135e-08	0.112367422757694	0.159	0.122	0.000740820199892164	not_sig	beige	not_sig	ENTPD7
5.06487933765656e-09	0.112364308554768	0.139	0.104	0.000185379648637568	not_sig	beige	not_sig	CCDC159
3.22776428988358e-13	0.112361288273882	0.351	0.275	1.18139400774029e-08	not_sig	beige	not_sig	ZDHHC20
8.24418668916648e-13	0.112357192653386	0.48	0.388	3.01745477010183e-08	not_sig	beige	not_sig	ZNF598
1.33290238005088e-08	0.112262063888666	0.15	0.114	0.000487855600122422	not_sig	beige	not_sig	CLCN6
2.55110642703458e-07	0.112236022962581	0.157	0.123	0.00933730463358927	not_sig	beige	not_sig	HSD17B1
4.58648169139294e-13	0.112167615392191	0.256	0.194	1.67869816386673e-08	not_sig	beige	not_sig	ZNF276
4.04162983523435e-14	0.11213039865252	0.468	0.371	1.47927693599413e-09	not_sig	beige	not_sig	SBF1
2.85004942823193e-11	0.112074114141493	0.171	0.127	1.04314659122717e-06	not_sig	beige	not_sig	SFXN5
1.9021449971251e-13	0.111956513889964	0.779	0.683	6.96204090397758e-09	not_sig	beige	not_sig	POLR2J3
4.95290104122732e-15	0.111951147913815	0.432	0.339	1.81281131009961e-10	not_sig	beige	not_sig	NISCH
2.79831209839975e-12	0.111818884483206	0.307	0.239	1.02421021113529e-07	not_sig	beige	not_sig	SH3GLB2
9.8762504379189e-13	0.111795959128867	0.366	0.289	3.61480642278269e-08	not_sig	beige	not_sig	PEX26
9.82179939976487e-09	0.1117760787639	0.149	0.113	0.000359487679830794	not_sig	beige	not_sig	CYB5D1
1.69905575626585e-11	0.111755993656165	0.278	0.217	6.21871397350863e-07	not_sig	beige	not_sig	MAPK8IP3
6.24571955011673e-08	0.111749183234863	0.169	0.132	0.00228599581253822	not_sig	beige	not_sig	RFXAP
3.53511203970094e-10	0.111686952069978	0.361	0.295	1.29388635765094e-05	not_sig	beige	not_sig	FBXL7
4.24943244179305e-10	0.111670681857119	0.153	0.114	1.55533476802067e-05	not_sig	beige	not_sig	SGSM2
3.56433875205246e-15	0.111470053125049	0.462	0.366	1.30458362663872e-10	not_sig	beige	not_sig	STAG1
7.87442073863341e-08	0.111380813859765	0.11	0.082	0.00288211673454721	not_sig	beige	not_sig	PJVK
1.00924512481774e-09	-0.111361300312791	0.99	0.983	3.69393808134542e-05	not_sig	white	not_sig	PLPP1
9.85158152582889e-18	0.111261979508818	0.952	0.917	3.60577735426863e-13	not_sig	beige	not_sig	MRC2
7.51805510509526e-08	0.111219761459843	0.762	0.691	0.00275168334901592	not_sig	beige	not_sig	SH3D19
2.75987297212422e-10	0.111169880248672	0.448	0.378	1.01014110652719e-05	not_sig	beige	not_sig	PRSS23
2.87160778033556e-12	0.111120419214609	0.484	0.39	1.05103716368062e-07	not_sig	beige	not_sig	DDX23
1.81615174472795e-07	0.111109764238376	0.143	0.111	0.00664729700087878	not_sig	beige	not_sig	PDCD4-AS1
1.67894418411708e-07	0.111050370843714	0.11	0.082	0.00614510360828691	not_sig	beige	not_sig	AP000487.1
1.3862122514033e-13	0.110956135273019	0.278	0.211	5.07367546136122e-09	not_sig	beige	not_sig	SLC38A7
1.25049967577212e-10	0.11092250405422	0.382	0.311	4.57695386329354e-06	not_sig	beige	not_sig	ARSD
4.80715081787067e-09	0.110858523754986	0.117	0.086	0.000175946527084884	not_sig	beige	not_sig	INCENP
1.73719031974418e-14	0.110837532732604	0.469	0.379	6.35829028929566e-10	not_sig	beige	not_sig	LRFN4
1.51716386927133e-10	0.11078546215123	0.145	0.106	5.55297147791999e-06	not_sig	beige	not_sig	ZNF550
3.16606622486513e-11	0.110772187015421	0.386	0.31	1.15881189896289e-06	not_sig	beige	not_sig	PLCG1
2.29911258762592e-08	0.110771144561718	0.149	0.114	0.000841498198196964	not_sig	beige	not_sig	ZRANB3
1.59737095410632e-13	0.110752577386312	0.667	0.561	5.84653742912455e-09	not_sig	beige	not_sig	MED13L
6.67777732769246e-09	0.110751420576444	0.728	0.651	0.000244413327970872	not_sig	beige	not_sig	ABCA1
9.32006122402128e-15	0.1107086276483	0.819	0.725	3.41123560860403e-10	not_sig	beige	not_sig	ASH1L
8.79504342818293e-13	0.110678354395398	0.637	0.535	3.21907384514923e-08	not_sig	beige	not_sig	INTS3
3.60289245253044e-12	0.110575997241347	0.223	0.169	1.31869466655067e-07	not_sig	beige	not_sig	DENND4A
4.34380536976824e-08	0.110550055487066	0.141	0.107	0.00158987620338887	not_sig	beige	not_sig	ZNF841
2.95848192047185e-13	0.110537837478824	0.647	0.539	1.0828339677119e-08	not_sig	beige	not_sig	DCAF10
8.25077574663418e-14	0.11050490949839	0.379	0.296	3.01986643102558e-09	not_sig	beige	not_sig	LEMD2
1.01075065014326e-07	0.110474804586353	0.859	0.812	0.00369944845458934	not_sig	beige	not_sig	ERRFI1
8.9905717696293e-11	0.110360899876087	0.195	0.148	3.29063917340202e-06	not_sig	beige	not_sig	RUNDC1
2.70811148073333e-12	0.110216274154188	0.373	0.294	9.91195883063207e-08	not_sig	beige	not_sig	EPS15L1
1.95772311200737e-08	0.110174506197368	0.141	0.107	0.000716546236225818	not_sig	beige	not_sig	LINC00472
8.05237319766951e-08	0.110171131482458	0.122	0.092	0.00294724911407902	not_sig	beige	not_sig	UBOX5
1.40009725847271e-11	0.110090325689721	0.853	0.775	5.12449597573598e-07	not_sig	beige	not_sig	WNK1
1.89084930000615e-11	0.110075683109645	0.516	0.431	6.92069752295252e-07	not_sig	beige	not_sig	DPP4
4.47018980574792e-08	0.110049399612786	0.104	0.077	0.0016361341708018	not_sig	beige	not_sig	KIF27
7.66933495906396e-13	0.109982786804969	0.477	0.385	2.807053288367e-08	not_sig	beige	not_sig	LRCH3
9.82812385462749e-12	0.109970478951206	0.349	0.277	3.59719161203221e-07	not_sig	beige	not_sig	FAM217B
1.27155248544761e-23	0.109964390948159	0.996	0.991	4.65400925198679e-19	not_sig	beige	not_sig	TIMP2
1.14166789957977e-12	0.109885315367689	0.506	0.411	4.17861867925191e-08	not_sig	beige	not_sig	KIAA1109
8.42236554553345e-12	0.10988485787395	0.285	0.222	3.0826700133207e-07	not_sig	beige	not_sig	COL27A1
1.52947705891315e-12	0.109839618379013	0.46	0.371	5.59803898332801e-08	not_sig	beige	not_sig	CETN3
9.46646292870697e-11	0.109790725143154	0.235	0.181	3.46482009653604e-06	not_sig	beige	not_sig	POLR1B
6.05438769058826e-12	0.109772977137078	0.258	0.197	2.21596643863221e-07	not_sig	beige	not_sig	TGFBRAP1
7.91834576242343e-14	0.109761166353857	0.379	0.295	2.8981937325046e-09	not_sig	beige	not_sig	SETDB1
2.62035358731163e-12	0.109753391279766	0.78	0.691	9.59075616491928e-08	not_sig	beige	not_sig	EMC10
1.26601481089299e-11	0.109753130399216	0.291	0.227	4.63374080934944e-07	not_sig	beige	not_sig	LZTR1
2.40959952552405e-09	0.109751941851922	0.16	0.121	8.81937522337056e-05	not_sig	beige	not_sig	TRIM66
1.42763595461324e-13	0.109746120740639	0.397	0.312	5.22529035747991e-09	not_sig	beige	not_sig	KANSL1
1.78024992101366e-14	0.109699315887561	0.362	0.28	6.51589273590211e-10	not_sig	beige	not_sig	CLK1
2.0789506980614e-15	0.109693895599597	0.328	0.248	7.60916744997452e-11	not_sig	beige	not_sig	FKTN
1.01754427139516e-13	0.10968263102513	0.261	0.196	3.72431378773342e-09	not_sig	beige	not_sig	NVL
1.16093729417373e-11	0.109618879311234	0.38	0.304	4.24914659040528e-07	not_sig	beige	not_sig	EPHB4
3.27332338979028e-13	0.109583582444424	0.788	0.688	1.19806909389714e-08	not_sig	beige	not_sig	ADAR
3.51777052464184e-13	0.109555528309637	0.884	0.824	1.28753918972416e-08	not_sig	beige	not_sig	CUX1
4.64977931170293e-11	0.109497143152727	0.373	0.304	1.70186572587639e-06	not_sig	beige	not_sig	MYO10
4.22833944219431e-11	0.10943104314096	0.582	0.487	1.54761451923754e-06	not_sig	beige	not_sig	MIOS
1.10828152465717e-10	0.1093710364068	0.318	0.252	4.0564212083977e-06	not_sig	beige	not_sig	TTLL3
7.04533020032817e-08	0.109281405600571	0.739	0.659	0.00257866130662211	not_sig	beige	not_sig	EVL
2.16530762499075e-10	0.109221107922641	0.534	0.452	7.92524243822863e-06	not_sig	beige	not_sig	SLC6A8
4.83412849737836e-10	0.109181152225865	0.682	0.592	1.76933937132546e-05	not_sig	beige	not_sig	TNFRSF10B
5.24322183809345e-13	0.109179967376616	0.294	0.226	1.91907162496058e-08	not_sig	beige	not_sig	SMG9
2.38359880773685e-12	0.109158228958273	0.274	0.211	8.72420999619765e-08	not_sig	beige	not_sig	PITPNM1
4.35472619971804e-12	0.109062296730373	0.435	0.348	1.5938733363588e-07	not_sig	beige	not_sig	ZNF426
3.65596227461734e-15	0.109022490792201	0.525	0.417	1.33811875213269e-10	not_sig	beige	not_sig	ARAF
1.01427084178106e-13	0.108934429655238	0.44	0.348	3.71233270800287e-09	not_sig	beige	not_sig	POGK
2.77472218840154e-11	0.108888334743011	0.611	0.515	1.01557606817685e-06	not_sig	beige	not_sig	MSL1
1.70416078174136e-12	0.108881692202044	0.736	0.629	6.23739887725155e-08	not_sig	beige	not_sig	TFDP2
2.88347196867061e-13	0.108840598526887	0.278	0.212	1.05537957525313e-08	not_sig	beige	not_sig	ADGRA3
1.29992454824044e-09	0.108819309052912	0.162	0.122	4.75785383901482e-05	not_sig	beige	not_sig	ZNF646
7.55979575815135e-12	0.108818171856195	0.999	0.998	2.76696084544098e-07	not_sig	beige	not_sig	NEAT1
2.85460533219203e-15	0.108801656201345	0.853	0.76	1.0448140976356e-10	not_sig	beige	not_sig	RNF10
5.61006590377832e-11	0.108705904789182	0.538	0.453	2.0533402214419e-06	not_sig	beige	not_sig	SDC4
6.17982156986497e-14	0.108694925699597	0.505	0.405	2.26187649278628e-09	not_sig	beige	not_sig	PCGF3
1.16756515031969e-14	0.108684868731594	0.394	0.306	4.27340520668508e-10	not_sig	beige	not_sig	FLYWCH1
4.8434682864951e-19	0.108680467667139	0.967	0.931	1.77275782754007e-14	not_sig	beige	not_sig	NUCKS1
6.93880847962451e-20	0.108642655247648	0.948	0.885	2.53967329162737e-15	not_sig	beige	not_sig	CTDNEP1
1.41160854742806e-12	0.10857120899771	0.714	0.613	5.16662844444144e-08	not_sig	beige	not_sig	PTBP1
3.29041145448495e-12	0.108546927318581	0.279	0.215	1.20432349645604e-07	not_sig	beige	not_sig	DNAJC14
3.41124259258283e-08	0.108414016883698	0.927	0.89	0.00124854890131124	not_sig	beige	not_sig	TGFBR3
2.89363078621785e-13	0.108387814520569	0.37	0.291	1.0590978040636e-08	not_sig	beige	not_sig	C2orf68
7.13159956711737e-13	0.108212522279426	0.487	0.399	2.61023675756063e-08	not_sig	beige	not_sig	FAM126A
9.46205099399371e-12	0.108196733363452	0.312	0.245	3.46320528431164e-07	not_sig	beige	not_sig	SIX5
9.77280478633055e-09	0.108158051820708	0.539	0.46	0.000357694427984485	not_sig	beige	not_sig	CDK17
1.80473968301407e-07	0.108072541078074	0.143	0.111	0.0066055277137998	not_sig	beige	not_sig	HACE1
2.00271667671148e-10	0.108045833007893	0.397	0.33	7.3301433084317e-06	not_sig	beige	not_sig	NIBAN1
3.58229573601458e-23	-0.10801776794802	0.998	0.999	1.3111560623387e-18	not_sig	white	not_sig	HSPD1
4.01082799395769e-15	0.107991083157426	0.459	0.364	1.46800315406845e-10	not_sig	beige	not_sig	NUDCD3
2.66115648881753e-14	0.107953730721996	0.451	0.356	9.74009886472105e-10	not_sig	beige	not_sig	ARHGEF7
8.53222141078886e-13	0.107759550954003	0.34	0.265	3.12287835856283e-08	not_sig	beige	not_sig	DMXL1
1.83093441547691e-13	0.107750180378204	0.564	0.46	6.70140305408704e-09	not_sig	beige	not_sig	YTHDF1
1.22253060399205e-12	0.107719621972241	0.808	0.723	4.47458426367132e-08	not_sig	beige	not_sig	TACC1
1.51534816960003e-10	0.107718299370639	0.917	0.88	5.54632583555308e-06	not_sig	beige	not_sig	COL12A1
1.26803761548068e-12	0.107683481835997	0.567	0.473	4.64114447642082e-08	not_sig	beige	not_sig	RYBP
1.58063133227445e-14	0.10763146706201	0.325	0.247	5.7852687392577e-10	not_sig	beige	not_sig	ELMO2
1.71920459010935e-14	0.107576102247773	0.889	0.81	6.29246072025924e-10	not_sig	beige	not_sig	ZBTB7A
5.08315585509118e-13	0.107570228144752	0.435	0.345	1.86048587452192e-08	not_sig	beige	not_sig	CASP7
2.80734600807172e-10	0.107452784435065	0.758	0.676	1.02751671241433e-05	not_sig	beige	not_sig	DDR2
6.53502038490084e-11	0.107417752470178	0.588	0.496	2.39188281107756e-06	not_sig	beige	not_sig	SETD7
2.29983762322255e-12	0.107414885328157	0.598	0.499	8.41763568475687e-08	not_sig	beige	not_sig	DLST
3.20945820342943e-09	0.107367982789919	0.41	0.345	0.00011746937970372	not_sig	beige	not_sig	APOL1
2.76251506373649e-12	0.107280101996529	0.284	0.218	1.01110813847819e-07	not_sig	beige	not_sig	VPS33A
1.05843260538372e-13	0.107014714061162	0.413	0.323	3.87396917896497e-09	not_sig	beige	not_sig	CREM
8.37596166711574e-20	0.106974288475421	0.974	0.944	3.06568572978103e-15	not_sig	beige	not_sig	HEXA
2.81231226580426e-11	0.106957069368644	0.456	0.374	1.02933441240702e-06	not_sig	beige	not_sig	TTLL12
6.5339402011443e-14	0.106937552904567	0.343	0.265	2.39148745302083e-09	not_sig	beige	not_sig	SMG6
2.23974211772776e-07	0.106840706284832	0.099	0.074	0.00819768012509536	not_sig	beige	not_sig	PPP1R26
2.09851122023997e-11	0.106822880218004	0.321	0.252	7.68076091720032e-07	not_sig	beige	not_sig	ZNF875
1.84599588974348e-11	0.106766852664804	0.448	0.365	6.7565295560501e-07	not_sig	beige	not_sig	RIPK1
1.13672023338238e-12	0.106727295722878	0.295	0.227	4.16050972620284e-08	not_sig	beige	not_sig	ZNF544
7.24910091343781e-10	0.106523510063352	0.257	0.203	2.65324342532737e-05	not_sig	beige	not_sig	TPRN
1.73217834982965e-11	-0.106314193913961	0.954	0.93	6.3399459782115e-07	not_sig	white	not_sig	ZNF593
7.24150604895204e-10	0.106304221277109	0.16	0.12	2.65046362897694e-05	not_sig	beige	not_sig	DOCK10
4.78757384649218e-13	0.106190227907267	0.627	0.521	1.7522999035546e-08	not_sig	beige	not_sig	HDAC7
1.6474281024667e-08	0.106150781807966	0.187	0.146	0.000602975159783836	not_sig	beige	not_sig	TTBK2
1.52890190298658e-13	0.106048325146566	0.916	0.858	5.59593385512118e-09	not_sig	beige	not_sig	PRPF8
5.27627916123355e-10	0.105962319638449	0.579	0.489	1.93117093580309e-05	not_sig	beige	not_sig	HDGFL3
4.600616768136e-13	0.105881664857924	0.636	0.53	1.68387174330546e-08	not_sig	beige	not_sig	VASP
1.82888431468903e-12	0.105841460453714	0.31	0.24	6.69389948019331e-08	not_sig	beige	not_sig	NHEJ1
4.78173920277321e-11	0.105840235699693	0.322	0.256	1.75016436560702e-06	not_sig	beige	not_sig	WASHC2A
1.11811238481861e-08	0.105740706442252	0.181	0.14	0.000409240313967458	not_sig	beige	not_sig	TRO
3.96599772491921e-12	0.105673051583219	0.424	0.341	1.45159482729768e-07	not_sig	beige	not_sig	PHTF2
3.30890520901794e-10	0.10565333068816	0.252	0.198	1.21109239555266e-05	not_sig	beige	not_sig	NAAA
3.59710816705388e-10	0.105629453561384	0.421	0.347	1.31657756022339e-05	not_sig	beige	not_sig	WASHC2C
7.06986906829384e-09	0.105627852744807	0.32	0.266	0.000258764277768623	not_sig	beige	not_sig	KIF26B
6.75022986155113e-08	0.10562771999127	0.127	0.097	0.00247065163162633	not_sig	beige	not_sig	ZNF347
3.09884243454884e-16	0.105621319087553	0.982	0.961	1.13420731946922e-11	not_sig	beige	not_sig	MAP4K4
7.63586042330764e-13	0.105609520454514	0.434	0.343	2.79480127353483e-08	not_sig	beige	not_sig	TCF3
1.63004487650171e-07	0.10560769831811	0.929	0.891	0.0059661272524839	not_sig	beige	not_sig	NR2F2
3.43528736110045e-12	0.105599276218396	0.406	0.324	1.25734952703637e-07	not_sig	beige	not_sig	AGO2
3.10012272396896e-10	0.105577253436306	0.338	0.27	1.13467591819988e-05	not_sig	beige	not_sig	CCDC28A
1.76469810421903e-12	0.10552798411488	0.386	0.303	6.45897153125206e-08	not_sig	beige	not_sig	ABCB7
5.51389383639723e-13	0.105482528575061	0.376	0.295	2.01814028305975e-08	not_sig	beige	not_sig	PATL1
1.0916705341208e-13	0.105470733776661	0.942	0.908	3.99562332193553e-09	not_sig	beige	not_sig	TM9SF2
1.02609396291564e-10	0.105435928421549	0.307	0.244	3.75560651366752e-06	not_sig	beige	not_sig	KLHL36
2.22037896211007e-11	0.105292072922443	0.364	0.288	8.12680903921907e-07	not_sig	beige	not_sig	DSTYK
6.33104970683839e-11	0.105274551779812	0.215	0.164	2.31722750319992e-06	not_sig	beige	not_sig	ZNF213-AS1
1.20258747253648e-11	0.105252752923907	0.903	0.845	4.40159040823076e-07	not_sig	beige	not_sig	FNDC3B
2.62308867059309e-13	0.105229789628379	0.763	0.663	9.60076684323776e-09	not_sig	beige	not_sig	TOR1AIP1
5.91498201651381e-14	0.105211812116202	0.899	0.826	2.16494256786422e-09	not_sig	beige	not_sig	EIF4EBP2
1.06778901276408e-11	0.105170095710807	0.274	0.213	3.90821456561779e-07	not_sig	beige	not_sig	CDC14B
4.54236670541498e-13	0.105134973305297	0.375	0.296	1.66255163784894e-08	not_sig	beige	not_sig	FBXL20
1.87530496336304e-09	0.105098271055737	0.138	0.102	6.86380369640507e-05	not_sig	beige	not_sig	PLEKHA4
2.40177910516718e-07	0.105090979921483	0.138	0.107	0.00879075170282238	not_sig	beige	not_sig	MYO18A
2.82634033508299e-08	0.105055931786193	0.124	0.093	0.00103446882604373	not_sig	beige	not_sig	SLC10A7
7.92451545320708e-08	0.105034053258319	0.119	0.089	0.00290045190102832	not_sig	beige	not_sig	RGS14
4.19831155594693e-10	0.105006324439989	0.235	0.184	1.53662401259214e-05	not_sig	beige	not_sig	MEIS1
6.15143512499667e-11	0.104956403287364	0.69	0.589	2.25148677010003e-06	not_sig	beige	not_sig	USP9X
1.4259830334929e-12	0.104936899605034	0.577	0.475	5.21924050088737e-08	not_sig	beige	not_sig	SELENON
3.67823569887617e-13	0.104889982186859	0.38	0.299	1.34627104814567e-08	not_sig	beige	not_sig	ZNF91
3.57679660334108e-09	0.104742717148269	0.191	0.148	0.000130914332478887	not_sig	beige	not_sig	SPATA2
1.10380292433544e-12	0.104739306652371	0.352	0.276	4.04002908336014e-08	not_sig	beige	not_sig	RBM4B
7.90338191807732e-10	0.104701136119779	0.18	0.137	2.89271681583548e-05	not_sig	beige	not_sig	PAN3
4.85613557489827e-08	0.104693860019693	0.1	0.072	0.00177739418176852	not_sig	beige	not_sig	HAUS7
2.07101561972743e-12	0.104652791544964	0.291	0.225	7.58012426976436e-08	not_sig	beige	not_sig	ZBTB17
1.91918007410036e-10	0.104556961268194	0.671	0.572	7.02439098921474e-06	not_sig	beige	not_sig	CUL4A
8.80159199296293e-14	0.104529062895923	0.48	0.384	3.22147068534436e-09	not_sig	beige	not_sig	DPP9
1.56908795807028e-13	0.104502912414161	0.304	0.234	5.74301883533304e-09	not_sig	beige	not_sig	ZNRF3
6.58964980849034e-10	0.104431230018173	0.261	0.206	2.41187772640555e-05	not_sig	beige	not_sig	FAM149B1
2.42342204603668e-10	0.104421430564019	0.146	0.107	8.86996703069886e-06	not_sig	beige	not_sig	ZNF865
1.19342083790591e-07	0.104393323322471	0.158	0.124	0.00436803960881943	not_sig	beige	not_sig	ZC3H12C
7.18185218597927e-11	0.104381830525362	0.735	0.637	2.62862971859027e-06	not_sig	beige	not_sig	PDS5A
1.71176957159403e-09	0.104358751728014	0.148	0.11	6.26524780899133e-05	not_sig	beige	not_sig	KPNA5
2.56361340222203e-12	0.104358075944849	0.547	0.452	9.38308141347284e-08	not_sig	beige	not_sig	KIF1C
4.72586042207204e-09	0.10431168767843	0.303	0.247	0.000172971217308259	not_sig	beige	not_sig	GRAMD2B
3.44620016967308e-09	0.104275445841403	0.142	0.106	0.000126134372410204	not_sig	beige	not_sig	ZNF687
7.45989303455841e-10	0.104220935435365	0.175	0.132	2.73039544957872e-05	not_sig	beige	not_sig	ZNF548
6.04479592126884e-10	0.104198184336103	0.331	0.266	2.21245575514361e-05	not_sig	beige	not_sig	KHNYN
1.87318771504398e-11	0.104195807223504	0.757	0.663	6.85605435583248e-07	not_sig	beige	not_sig	SRRT
1.30691722285519e-12	0.104152300025787	0.416	0.331	4.78344772737227e-08	not_sig	beige	not_sig	SURF6
4.25711829163422e-08	0.104126174632568	0.44	0.374	0.00155814786592104	not_sig	beige	not_sig	CDH2
1.48437640011821e-12	0.10411593887107	0.508	0.41	5.43296606207266e-08	not_sig	beige	not_sig	VPS35L
2.72884003309634e-16	-0.104111779513222	0.997	0.995	9.98782740513592e-12	not_sig	white	not_sig	SEC61G
3.74026264428147e-10	0.104102361941968	0.656	0.557	1.36897353043346e-05	not_sig	beige	not_sig	RNF14
3.00383857372646e-35	-0.104074507246388	1	1	1.09943495636962e-30	not_sig	white	not_sig	LDHB
2.40400040020506e-12	0.104067353051229	0.525	0.429	8.79888186479054e-08	not_sig	beige	not_sig	CNOT1
2.04069319768152e-15	0.103988804633357	0.391	0.302	7.46914117283414e-11	not_sig	beige	not_sig	TBCD
8.9018998592256e-12	0.103942450817218	0.631	0.53	3.25818436747516e-07	not_sig	beige	not_sig	ATP2C1
4.7014095473232e-11	0.103925781740004	0.466	0.383	1.72076290841576e-06	not_sig	beige	not_sig	BMP2K
5.8228006636006e-09	0.103868005814334	0.628	0.548	0.000213120327088446	not_sig	beige	not_sig	TENM3
1.07107294707525e-12	0.103849386637828	0.373	0.294	3.92023409359013e-08	not_sig	beige	not_sig	RALGAPB
1.23283837947717e-11	0.103809064310777	0.831	0.754	4.51231175272439e-07	not_sig	beige	not_sig	PLXND1
1.96908284842314e-13	0.103808592665077	0.386	0.304	7.20704013351352e-09	not_sig	beige	not_sig	MAP3K12
6.0792118173273e-12	0.103731431188776	0.303	0.237	2.22505231725996e-07	not_sig	beige	not_sig	KAT7
2.71239416404529e-12	0.10356301240976	0.653	0.545	9.92763387982216e-08	not_sig	beige	not_sig	SETD2
1.08847696380546e-11	0.103553879816459	0.456	0.367	3.98393453522437e-07	not_sig	beige	not_sig	TP53
3.97802825227613e-11	0.10353059423213	0.491	0.401	1.45599812061559e-06	not_sig	beige	not_sig	KMT5A
1.05048210333771e-10	0.10351617454031	0.722	0.632	3.84486954642635e-06	not_sig	beige	not_sig	UBAP2L
1.44059774905978e-08	0.103479780675537	0.169	0.13	0.000527273182133368	not_sig	beige	not_sig	SORCS2
3.63976382209971e-11	0.103473080335473	0.583	0.486	1.33218995652671e-06	not_sig	beige	not_sig	ABHD4
3.28715472392095e-13	0.103472582378016	0.292	0.225	1.20313150050231e-08	not_sig	beige	not_sig	ZNF512
4.25871996706023e-11	0.103453838018316	0.439	0.357	1.55873409514371e-06	not_sig	beige	not_sig	MAP3K3
1.71944499766377e-22	-0.103362492435763	0.999	0.999	6.29334063594918e-18	not_sig	white	not_sig	POLR2L
2.40186186355618e-12	0.103330596164712	0.475	0.384	8.79105460680196e-08	not_sig	beige	not_sig	LATS1
2.47177983092868e-11	0.103184180415389	0.259	0.199	9.04696135918206e-07	not_sig	beige	not_sig	CLN6
3.30655165533009e-12	0.103151893045569	0.494	0.4	1.21023097136737e-07	not_sig	beige	not_sig	USP40
4.15303952725137e-12	0.10313050048393	0.192	0.142	1.52005399736927e-07	not_sig	beige	not_sig	ATAD3B
1.30308387182181e-10	0.103110896813069	0.423	0.344	4.76941727925499e-06	not_sig	beige	not_sig	FAM193A
1.81191799919899e-11	0.103077826987555	0.194	0.145	6.63180106886824e-07	not_sig	beige	not_sig	ZNF92
1.08623044171394e-12	0.103059875635711	0.458	0.368	3.9757120397172e-08	not_sig	beige	not_sig	RPA1
4.96622945989293e-13	0.103013460543964	0.422	0.337	1.81768964461541e-08	not_sig	beige	not_sig	KDM3B
1.61134277675547e-14	0.10297137601333	0.924	0.859	5.89767569720271e-10	not_sig	beige	not_sig	CYBRD1
2.70612845064611e-10	0.102960188619701	0.32	0.258	9.90470074220982e-06	not_sig	beige	not_sig	SNED1
5.81925806377864e-09	0.102944499479003	0.836	0.778	0.000212990664392362	not_sig	beige	not_sig	NFIB
1.65093649829522e-13	0.102941139560448	0.519	0.417	6.04259267741034e-09	not_sig	beige	not_sig	VEZT
2.54289968857716e-09	0.102925332718979	0.184	0.141	9.30726715016127e-05	not_sig	beige	not_sig	SERPINI1
1.45095299298343e-11	0.102903833216857	0.741	0.641	5.31063304961864e-07	not_sig	beige	not_sig	SZRD1
2.76001498569174e-08	0.102843598921961	0.17	0.133	0.00101019308491303	not_sig	beige	not_sig	ZNF385A
3.33752878673626e-12	0.102813893565251	0.682	0.575	1.22156891123334e-07	not_sig	beige	not_sig	ZFAND3
1.80969712736258e-07	0.10280433469193	0.157	0.124	0.00662367245585978	not_sig	beige	not_sig	FAM161A
4.66343670447235e-12	0.102760020772956	0.572	0.473	1.70686446820392e-07	not_sig	beige	not_sig	ZYG11B
1.0544802991105e-12	0.102745299618862	0.403	0.32	3.85950334277433e-08	not_sig	beige	not_sig	ARFGEF2
2.85779280763958e-11	0.102726009345726	0.207	0.158	1.04598074552416e-06	not_sig	beige	not_sig	COL7A1
1.16990796668117e-11	0.102725775803055	0.244	0.186	4.28198014884975e-07	not_sig	beige	not_sig	HDAC6
2.00547729682236e-11	0.102548928008311	0.728	0.636	7.34024745409952e-07	not_sig	beige	not_sig	MYO1C
2.90578470747462e-13	0.102443331667222	0.605	0.504	1.06354626078279e-08	not_sig	beige	not_sig	UPF1
2.48099802891066e-09	0.102368247533419	0.123	0.09	9.0807008856159e-05	not_sig	beige	not_sig	AL078459.1
4.59488548763747e-12	0.10235973357688	0.583	0.483	1.68177403733019e-07	not_sig	beige	not_sig	PKD2
1.82653597653417e-12	0.102346839868756	0.643	0.537	6.68530432771273e-08	not_sig	beige	not_sig	BTBD2
2.55594115636804e-13	0.102335669094803	0.753	0.653	9.35500022642267e-09	not_sig	beige	not_sig	PLBD2
1.27501407071958e-11	0.102330301283009	0.595	0.494	4.66667900024072e-07	not_sig	beige	not_sig	SNX29
1.60329829850859e-51	0.102327321849398	1	1	5.86823210237128e-47	not_sig	beige	not_sig	TPT1
4.12915779770974e-14	0.102158572078245	0.448	0.356	1.51131304553974e-09	not_sig	beige	not_sig	TRAK2
1.00977517336342e-09	0.102120092564415	0.172	0.13	3.69587811202745e-05	not_sig	beige	not_sig	AREL1
2.71722752630179e-09	0.101991463407679	0.235	0.186	9.94532446901717e-05	not_sig	beige	not_sig	AL139260.1
8.70718046073015e-08	0.101961732382322	0.106	0.078	0.00318691512043184	not_sig	beige	not_sig	SPEGNB
4.12158484525432e-11	0.101935218162135	0.511	0.42	1.50854126921153e-06	not_sig	beige	not_sig	RMND5A
1.17647867682818e-10	0.101784913981481	0.238	0.184	4.30602960505882e-06	not_sig	beige	not_sig	INO80D
9.77476158035187e-11	0.101737203273584	0.543	0.449	3.57766048602459e-06	not_sig	beige	not_sig	GTF2H1
1.44484125802188e-33	-0.10167409070378	0.999	0.998	5.28826348848587e-29	not_sig	white	not_sig	UQCRQ
5.66988485637755e-11	0.101656375782153	0.86	0.79	2.07523455628275e-06	not_sig	beige	not_sig	PGRMC2
2.37858995949198e-07	0.101604407335107	0.096	0.071	0.00870587711073658	not_sig	beige	not_sig	MST1
9.00005189141187e-12	0.101592858702982	0.332	0.263	3.29410899277566e-07	not_sig	beige	not_sig	PRKCE
6.53657974690382e-12	0.101575221466945	0.556	0.457	2.39245355316427e-07	not_sig	beige	not_sig	FTO
1.92558133205535e-08	0.101574263326057	0.164	0.126	0.000704782023345579	not_sig	beige	not_sig	TRPV2
1.9613322790273e-12	0.101572965242108	0.502	0.402	7.17867227446781e-08	not_sig	beige	not_sig	DMWD
2.03984070404872e-12	0.101559729742482	0.376	0.296	7.46602096088873e-08	not_sig	beige	not_sig	RAVER1
1.04481817996851e-07	0.101559609363827	0.675	0.589	0.00382413902050274	not_sig	beige	not_sig	WWTR1
3.57312417132013e-10	0.101511377681869	0.154	0.115	1.30779917794488e-05	not_sig	beige	not_sig	WDPCP
7.63697745013546e-10	0.101509657226232	0.201	0.156	2.79521011652408e-05	not_sig	beige	not_sig	SATB1
6.27089282433277e-08	0.10149030414164	0.237	0.192	0.00229520948263404	not_sig	beige	not_sig	SSPN
1.33468422900735e-07	0.101387392002143	0.107	0.079	0.00488507774658981	not_sig	beige	not_sig	NEMP2
9.11974088887207e-14	0.101362558836338	0.262	0.196	3.33791636273607e-09	not_sig	beige	not_sig	SIRT6
4.47815163843532e-09	0.101180699181147	0.353	0.288	0.000163904828118371	not_sig	beige	not_sig	GAREM1
3.25046858527352e-12	0.10116709764511	0.331	0.259	1.18970400689596e-07	not_sig	beige	not_sig	ANKS6
1.43573510219915e-09	0.101150168333426	0.157	0.118	5.25493404755912e-05	not_sig	beige	not_sig	BDNF-AS
2.32073384238829e-07	0.101110561487103	0.138	0.107	0.00849411793652537	not_sig	beige	not_sig	FBXO44
1.4995690963364e-10	0.101073759483967	0.15	0.109	5.48857284950086e-06	not_sig	beige	not_sig	RHOBTB2
4.91625729587354e-11	0.101059886956716	0.471	0.389	1.79939933286267e-06	not_sig	beige	not_sig	DCUN1D3
6.55865575189164e-08	0.10098195745048	0.098	0.072	0.00240053359174986	not_sig	beige	not_sig	GSTCD
2.10578209156026e-08	0.100939408299423	0.163	0.126	0.00077073730333197	not_sig	beige	not_sig	ZSWIM9
6.26344990477373e-12	0.100825276318257	0.632	0.534	2.29248529964623e-07	not_sig	beige	not_sig	ORAI1
5.70023992729773e-10	0.100803765051377	0.712	0.626	2.08634481579024e-05	not_sig	beige	not_sig	PXN
5.00340885143297e-09	0.100721990102819	0.931	0.896	0.000183129767371298	not_sig	beige	not_sig	ACSL1
1.6631272992362e-10	0.100708027192917	0.445	0.365	6.08721222793442e-06	not_sig	beige	not_sig	DHX8
6.30770692083896e-12	0.100622156756519	0.622	0.521	2.30868381009627e-07	not_sig	beige	not_sig	KIF3B
1.46617558117392e-18	-0.10061733746973	1	1	5.36634924465467e-14	not_sig	white	not_sig	IFITM3
1.70390363158423e-09	0.100612663080689	0.231	0.181	6.23645768196146e-05	not_sig	beige	not_sig	ZNF275
5.41383947322147e-13	0.100461919725615	0.518	0.421	1.98151938559379e-08	not_sig	beige	not_sig	NUMB
1.83862522433252e-13	0.10038169238983	0.922	0.871	6.72955218357944e-09	not_sig	beige	not_sig	DST
2.66020573812248e-07	0.100378402768229	0.092	0.067	0.00973661902210208	not_sig	beige	not_sig	ZNF776
7.74466208630985e-10	0.100361234136068	0.635	0.543	2.83462377021027e-05	not_sig	beige	not_sig	PC
4.19578377940939e-11	0.10034216569949	0.16	0.117	1.53569882110163e-06	not_sig	beige	not_sig	DOP1A
5.21044829954048e-14	0.100334412454298	0.384	0.3	1.90707618211481e-09	not_sig	beige	not_sig	USP24
3.55770428480513e-11	0.100326205896013	0.527	0.44	1.30215534528153e-06	not_sig	beige	not_sig	RUNX1
1.45570275396864e-15	0.10030478633731	0.506	0.406	5.32801764980063e-11	not_sig	beige	not_sig	ADAM17
3.16184060459700e-09	0.100279036719127	0.331	0.269	0.000115726527968855	not_sig	beige	not_sig	IGF2BP1
1.80639296906126e-07	0.100234374225391	0.145	0.112	0.0066115789060611	not_sig	beige	not_sig	AP001453.2
8.17714469764554e-12	0.100199542627224	0.301	0.233	2.99291673078524e-07	not_sig	beige	not_sig	NR2C2
5.3354698135425e-10	0.100189595206796	0.529	0.437	1.95283530645469e-05	not_sig	beige	not_sig	NFX1
2.37711017428934e-08	0.10016318350255	0.719	0.641	0.00087004609489164	not_sig	beige	not_sig	STIM1
4.87549413709365e-09	0.100116855197392	0.295	0.243	0.000178447960911765	not_sig	beige	not_sig	FRAS1
6.30650617346021e-11	0.100068154134171	0.169	0.124	2.30824432454817e-06	not_sig	beige	not_sig	IKBKB
