p_val	avg_log2FC	pct.1	pct.2	p_val_adj	sig	condition	sig_cond	gene_name
5.28444963515261e-11	-0.673775090854403	0.094	0.12	1.93416141096221e-06	sig	white	white	RMRP
3.25508443750949e-50	-0.476676450494962	0.386	0.466	1.19139345497285e-45	sig	white	white	FOSB
1.38836717695803e-111	-0.445267124793344	0.911	0.932	5.0815627043841e-107	sig	white	white	MT-ND6
3.00694782248617e-263	-0.393706434909598	0.996	0.997	1.10057297250816e-258	sig	white	white	MT-ND1
1.20734972817307e-12	0.391316124146961	0.141	0.11	4.41902074008625e-08	sig	beige	beige	PTPRN
8.46029868656635e-171	-0.370931464467759	0.996	0.996	3.09655392227015e-166	sig	white	white	MT-ND5
4.49731990305741e-198	-0.364246677956266	0.982	0.987	1.64606405771804e-193	sig	white	white	MT-ND2
1.3515777756226e-278	-0.359003653238047	0.998	0.999	4.94690981655627e-274	sig	white	white	MT-ND4
2.31761971540114e-67	0.340119391596119	0.76	0.673	8.48271992033973e-63	sig	beige	beige	PTPRS
3.83366228090044e-09	0.334220576852944	0.113	0.089	0.000140315873143237	sig	beige	beige	OPLAH
8.76885423317956e-08	0.331715297168941	0.129	0.106	0.00320948833788605	sig	beige	beige	DUSP5
3.02790808136426e-10	0.32876339248103	0.127	0.1	1.10824463686013e-05	sig	beige	beige	HDAC10
6.40909329952248e-303	-0.327219932296963	1	1	2.34579223855822e-298	sig	white	white	MT-CO1
4.93409337119997e-226	-0.327186988705157	0.999	1	1.8059275147929e-221	sig	white	white	MT-CO3
9.35669459572915e-19	0.326246936593799	0.202	0.155	3.42464378898283e-14	sig	beige	beige	NFKB2
1.6214296970151e-24	0.321223171681811	0.326	0.263	5.93459483404499e-20	sig	beige	beige	DPP9
1.67701874710928e-19	0.318921902775835	0.235	0.184	6.13805631629468e-15	sig	beige	beige	HECTD3
9.50171751456242e-20	0.311121724619157	0.299	0.244	3.47772362750499e-15	sig	beige	beige	LRP5
2.13425881294552e-17	0.310960557013875	0.224	0.177	7.81160068126191e-13	sig	beige	beige	OSBPL5
4.75489060337652e-11	0.306677245156258	0.15	0.12	1.74033750974184e-06	sig	beige	beige	AXIN1
1.00074616438296e-14	0.306519530548131	0.189	0.149	3.66283103625809e-10	sig	beige	beige	TRIM47
1.74981132575558e-10	0.304210482824451	0.17	0.139	6.40448443339799e-06	sig	beige	beige	SLC43A2
7.8866245671956e-173	-0.303145177966616	0.999	0.998	2.88658345783926e-168	sig	white	white	MT-ND3
2.3701269954273e-12	0.300353011815745	0.127	0.097	8.67490181596345e-08	sig	beige	beige	USP20
5.2968219522047e-44	0.300322017481851	0.941	0.898	1.93868980272644e-39	sig	beige	beige	SLC3A2
1.18548741518796e-13	0.296446347438055	0.132	0.099	4.33900248832946e-09	sig	beige	beige	BCR
7.8380506401056e-15	0.295768234771445	0.164	0.126	2.86880491478505e-10	sig	beige	beige	TTI1
1.72982395896006e-23	0.294228305434504	0.336	0.271	6.33132867218971e-19	sig	beige	beige	RNPEPL1
1.17128814886002e-09	0.294166552195289	0.159	0.13	4.28703175364256e-05	sig	beige	beige	LRP8
2.74748892857889e-22	0.293203781637714	0.315	0.254	1.00560842274916e-17	sig	beige	beige	RNF26
1.20376793342927e-17	0.292724050722516	0.412	0.355	4.40591101314448e-13	sig	beige	beige	ITGA5
2.35278070780412e-13	-0.291794249458339	0.318	0.355	8.61141266863385e-09	sig	white	white	AL136454.1
1.00500468052919e-09	-0.289627898753996	0.392	0.417	3.67841763120488e-05	sig	white	white	AL627171.2
8.18204825759681e-15	0.289291021349142	0.189	0.149	2.99471148276301e-10	sig	beige	beige	TGFBRAP1
3.7333429855925e-16	0.287900794397667	0.24	0.193	1.36644086615671e-11	sig	beige	beige	PARP10
1.25012389235796e-11	0.28684898050951	0.161	0.128	4.57557845841936e-07	sig	beige	beige	PPP1R37
2.34685336275139e-19	0.28675081450142	0.306	0.251	8.58971799300637e-15	sig	beige	beige	FAM20C
3.05620694633315e-15	0.286542992476177	0.2	0.158	1.1186023044274e-10	sig	beige	beige	EPHB4
1.35805583685715e-32	0.286122023853302	0.666	0.592	4.97062016848086e-28	sig	beige	beige	COL18A1
5.47420450810654e-16	0.284246363516401	0.249	0.202	2.00361359201207e-11	sig	beige	beige	ALDH16A1
6.51737911319365e-33	0.284158433630729	0.503	0.421	2.38542592922001e-28	sig	beige	beige	PKN1
3.74923494695902e-15	0.28414781000309	0.206	0.163	1.37225748293647e-10	sig	beige	beige	NACC1
1.04336853014887e-17	0.280619677056114	0.211	0.164	3.81883315719789e-13	sig	beige	beige	RAVER1
5.20413516446472e-11	0.27725576585675	0.158	0.127	1.90476551154573e-06	sig	beige	beige	RNF123
1.61462000514712e-16	0.276302522765187	0.27	0.221	5.90967068083897e-12	sig	beige	beige	INTS1
6.87954142564626e-20	0.275174114660798	0.317	0.258	2.51798095720079e-15	sig	beige	beige	PLXNB2
9.72458570325302e-11	0.274766181539446	0.163	0.131	3.55929561324764e-06	sig	beige	beige	RBM15
1.05912942376583e-22	0.274623618089886	0.365	0.3	3.87651960392531e-18	sig	beige	beige	ARHGEF1
3.54164990835738e-28	0.274600427475241	0.422	0.347	1.29627928295789e-23	sig	beige	beige	TBC1D9B
9.12951459459734e-10	0.274399916589068	0.151	0.123	3.34149363676857e-05	sig	beige	beige	PITPNM1
3.7003851139059e-33	0.272836417171568	0.791	0.773	1.3543779555407e-28	sig	beige	beige	AOC3
9.73342429719713e-34	0.27273263689156	0.607	0.526	3.56253062701712e-29	sig	beige	beige	SUN2
3.54949673597626e-10	0.272645543573589	0.124	0.097	1.29915130033467e-05	sig	beige	beige	MIGA2
1.31328503412819e-30	0.272557106811438	0.483	0.403	4.80675455341258e-26	sig	beige	beige	SCAP
7.32652290031555e-10	0.270328985231891	0.143	0.114	2.68158064674449e-05	sig	beige	beige	XYLT2
3.09017456213325e-160	-0.270239284914615	0.999	0.999	1.13103479148639e-155	sig	white	white	MT-ND4L
1.01878577335475e-10	0.270152790887068	0.167	0.136	3.72885780905572e-06	sig	beige	beige	CROCC
2.23305381366851e-21	0.269355612403233	0.307	0.245	8.17320026340811e-17	sig	beige	beige	SEC24C
1.20523153206896e-213	-0.268172103043042	1	1	4.41126793052561e-209	sig	white	white	MT-CO2
1.74500804225446e-10	0.26790066925	0.156	0.126	6.38690393545555e-06	sig	beige	beige	FNDC10
2.36242976200119e-11	0.266508532074261	0.167	0.133	8.64672917190056e-07	sig	beige	beige	RIN1
1.58313767308727e-17	0.265471169893609	0.289	0.237	5.79444219726673e-13	sig	beige	beige	SBF1
2.63875110124123e-17	0.264680049351197	0.289	0.236	9.65809290565302e-13	sig	beige	beige	IRAK1
3.00363914965502e-08	0.264163810390299	0.12	0.096	0.00109936196516523	sig	beige	beige	CYGB
8.14761842014223e-22	0.263807476988474	0.364	0.3	2.98210981795626e-17	sig	beige	beige	TMEM129
6.2374326922079e-08	0.262878754558228	0.14	0.116	0.00228296273967501	sig	beige	beige	SSH3
4.7597687061597e-21	0.262492081942083	0.307	0.247	1.74212294414151e-16	sig	beige	beige	TCIRG1
1.97687580259415e-07	0.262425336241187	0.123	0.1	0.00723556312507485	sig	beige	beige	PLEKHA4
5.84167607043756e-13	0.262103849045364	0.193	0.155	2.13811185854085e-08	sig	beige	beige	PNPLA6
4.77511761002283e-18	0.261729818756521	0.318	0.261	1.74774079644446e-13	sig	beige	beige	ARHGEF40
1.92932647787513e-07	0.26143397630831	0.139	0.116	0.00706152784167078	sig	beige	beige	COLEC12
1.71924183498348e-08	0.261306401034438	0.199	0.17	0.000629259704022302	sig	beige	beige	NXPH4
4.16498275013986e-20	0.260789478796684	0.338	0.277	1.52442533637869e-15	sig	beige	beige	PBXIP1
1.07621639183446e-42	0.260639125152409	0.763	0.686	3.93905961575329e-38	sig	beige	beige	LRP10
1.85919391997018e-07	0.260053810960771	0.12	0.098	0.00680483566648285	sig	beige	beige	OSGIN1
1.19859117661436e-12	0.259526718998743	0.244	0.203	4.3869635655262e-08	sig	beige	beige	GIT1
1.06526985614604e-08	0.259295655276638	0.117	0.092	0.000389899420048012	sig	beige	beige	SLC19A1
2.5070750162443e-10	0.259005539749053	0.143	0.113	9.17614526695577e-06	sig	beige	beige	CCDC22
7.71705530884556e-17	0.25667396046985	0.421	0.363	2.82451941359056e-12	sig	beige	beige	SLC39A14
1.15813472659743e-08	0.256110583901144	0.119	0.095	0.000423888891281926	sig	beige	beige	FLCN
1.68482810423204e-19	0.255706468605907	0.403	0.342	6.16663934429971e-15	sig	beige	beige	SCARF2
2.17178504709503e-14	0.25519464265688	0.213	0.171	7.94895045087253e-10	sig	beige	beige	PCDHGC3
2.58115700227473e-143	-0.255173615089927	0.999	1	9.44729274402575e-139	sig	white	white	MT-ATP6
8.71219595691502e-17	0.254932557295432	0.555	0.506	3.18875084219047e-12	sig	beige	beige	THBS2
5.53024040288024e-10	0.254750536660745	0.144	0.115	2.0241232898582e-05	sig	beige	beige	PFAS
2.14546892152856e-10	0.25461516083506	0.215	0.182	7.85263079968668e-06	sig	beige	beige	SLC16A2
1.00454331495494e-14	0.254208765930765	0.422	0.371	3.67672898706656e-10	sig	beige	beige	ITGB5
2.17769703992656e-15	0.253519404604035	0.26	0.211	7.97058893583521e-11	sig	beige	beige	NOMO2
6.56193632933391e-12	0.253026506695642	0.175	0.141	2.40173431589951e-07	sig	beige	beige	GRK2
1.37348886833644e-13	0.253005895744205	0.325	0.278	5.0271066069982e-09	sig	beige	beige	VASN
5.34268176259906e-21	0.252981294524183	0.401	0.337	1.95547495192888e-16	sig	beige	beige	KIF1C
1.4203236507991e-17	0.252379524994667	0.289	0.235	5.19852659428979e-13	sig	beige	beige	CAD
1.78457434264256e-09	0.251913112171708	0.143	0.115	6.53172055150605e-05	sig	beige	beige	QPCTL
1.16180854592658e-12	0.251772611291472	0.178	0.142	4.25233545894587e-08	sig	beige	beige	RPTOR
3.73099209944201e-11	0.251472675562669	0.17	0.137	1.36558041831677e-06	sig	beige	beige	ANAPC2
9.05182496836002e-29	0.250874838874491	0.518	0.439	3.31305845666945e-24	sig	beige	beige	KLF13
2.5025220441963e-14	0.250869011587516	0.203	0.161	9.15948093396288e-10	sig	beige	beige	SH3GLB2
1.15475137985104e-09	0.250835271580521	0.136	0.109	4.22650552539278e-05	sig	beige	beige	TRIM3
2.63420780320006e-35	0.250320237026731	0.654	0.57	9.64146398049253e-31	sig	beige	beige	MVP
6.73211244439613e-21	-0.984843198046142	0.036	0.063	2.46402047577343e-16	not_sig	white	not_sig	PCOLCE-AS1
2.89330068332877e-09	-0.810623310900904	0.022	0.035	0.000105897698310516	not_sig	white	not_sig	AP000688.1
1.02924316354927e-08	0.578826796184845	0.032	0.02	0.000376713290290668	not_sig	beige	not_sig	AL121748.1
3.5555616076307e-13	-0.555430013473177	0.078	0.105	1.30137110400891e-08	not_sig	white	not_sig	HIST1H4F
4.34893722438608e-08	0.469917981109839	0.052	0.037	0.00159175451349755	not_sig	beige	not_sig	ZSCAN20
2.28826750681344e-17	0.413988449751129	0.106	0.072	8.37528790168787e-13	not_sig	beige	not_sig	AP002490.1
7.65045380762336e-10	0.389518051301163	0.107	0.083	2.80014259812823e-05	not_sig	beige	not_sig	FOXF2
5.49541046076073e-14	0.387870701025915	0.112	0.082	2.01137518274303e-09	not_sig	beige	not_sig	HELZ2
1.13153650689096e-07	0.38207983498484	0.055	0.04	0.00414153676887162	not_sig	beige	not_sig	KLHL17
1.34690872554474e-08	0.379848913244482	0.072	0.054	0.00049298206263663	not_sig	beige	not_sig	CTC1
8.75682835422867e-13	0.377456926097214	0.09	0.064	3.20508674593124e-08	not_sig	beige	not_sig	DLG4
6.75947007607435e-08	0.355943501151122	0.067	0.05	0.00247403364254397	not_sig	beige	not_sig	SIPA1
5.39312796816367e-13	0.352663008562097	0.1	0.072	1.97393876762758e-08	not_sig	beige	not_sig	LLGL1
1.60594933612637e-07	0.322599083398524	0.052	0.037	0.00587793516515614	not_sig	beige	not_sig	RAB3IL1
1.46126308750702e-08	0.310798574758453	0.08	0.06	0.000534836902658443	not_sig	beige	not_sig	TYRO3
1.28719246173452e-07	0.308939252862323	0.08	0.062	0.00471125312919453	not_sig	beige	not_sig	IFT140
1.17408688919184e-07	0.307229756875606	0.076	0.058	0.00429727542313106	not_sig	beige	not_sig	CEP131
3.81884408272945e-08	0.292970236560516	0.092	0.071	0.00139773512271981	not_sig	beige	not_sig	SLC6A6
4.03419631639295e-08	0.285952146718273	0.098	0.076	0.00147655619376298	not_sig	beige	not_sig	KLHL26
5.66586715534828e-08	0.285291807839838	0.109	0.087	0.00207376403752902	not_sig	beige	not_sig	SH3BP1
6.5391971588583e-08	0.281099105926314	0.107	0.085	0.00239341155211373	not_sig	beige	not_sig	KLF16
1.3201159068096e-08	0.275731426524604	0.106	0.083	0.000483175623051383	not_sig	beige	not_sig	PAK4
8.85827002532769e-08	0.275345618870967	0.078	0.059	0.00324221541197019	not_sig	beige	not_sig	STEAP3
8.73819008403787e-08	0.271991591721957	0.084	0.065	0.0031982649526587	not_sig	beige	not_sig	FP565260.1
1.77692204785081e-07	0.262023780596648	0.101	0.08	0.00650371238733875	not_sig	beige	not_sig	TTLL11
1.49916649439382e-07	0.257425839284783	0.091	0.071	0.00548709928613084	not_sig	beige	not_sig	SEMA4C
6.21246718067126e-08	0.253020107704102	0.108	0.086	0.00227382511279749	not_sig	beige	not_sig	COQ8B
1.76231619138256e-14	0.249397805270693	0.289	0.241	6.45025349207931e-10	not_sig	beige	not_sig	C6orf47
6.87515810679543e-16	0.249393194056912	0.444	0.39	2.5163766186682e-11	not_sig	beige	not_sig	ABCC1
2.87950465181435e-09	0.248946384202181	0.17	0.141	0.000105392749761057	not_sig	beige	not_sig	ZNF746
1.43469342915171e-21	0.248463567137742	0.39	0.325	5.25112142003817e-17	not_sig	beige	not_sig	PPP6R1
5.19877133240236e-15	0.247271959240514	0.239	0.193	1.90280229537259e-10	not_sig	beige	not_sig	PTPN23
1.66183165584604e-11	0.247106134080239	0.221	0.183	6.08247004356208e-07	not_sig	beige	not_sig	PIGQ
5.14337741896472e-36	0.247044404557218	0.74	0.669	1.88252756911528e-31	not_sig	beige	not_sig	FLNA
6.52786493968647e-12	0.247033222768293	0.176	0.141	2.38926384657465e-07	not_sig	beige	not_sig	NOL6
1.09474098379657e-07	0.246969002697487	0.165	0.139	0.00400686147479382	not_sig	beige	not_sig	TBX2
5.98834181413249e-10	0.246483752706808	0.123	0.097	2.19179298739063e-05	not_sig	beige	not_sig	WDR24
3.19656570320371e-14	0.245960001574517	0.232	0.188	1.16997501302959e-09	not_sig	beige	not_sig	TCF3
5.42959502796374e-26	0.24586858602766	0.507	0.432	1.98728607618501e-21	not_sig	beige	not_sig	ATP13A1
2.86692165302802e-13	0.245549665056088	0.263	0.219	1.04932199422479e-08	not_sig	beige	not_sig	ELMSAN1
8.56243888515301e-09	0.244854895428467	0.158	0.13	0.000313393825635485	not_sig	beige	not_sig	SBNO2
8.64546469285373e-09	0.244553394055458	0.153	0.126	0.000316432653223139	not_sig	beige	not_sig	LDB1
1.7131785836493e-10	0.244505960985193	0.165	0.134	6.27040493401481e-06	not_sig	beige	not_sig	VWA1
7.03237916799974e-55	-0.244245014190439	0.99	0.989	2.57392109927959e-50	not_sig	white	not_sig	MT-ATP8
3.04341692646637e-29	0.243452687830468	0.688	0.617	1.11392102925596e-24	not_sig	beige	not_sig	TNKS1BP1
4.09766349621695e-19	0.243028165789368	0.299	0.24	1.49978581625036e-14	not_sig	beige	not_sig	MEN1
1.05540811395175e-08	0.242702816690182	0.188	0.159	0.000386289923787481	not_sig	beige	not_sig	SNAI1
4.96909027132621e-08	0.242558824213378	0.112	0.09	0.00181873673020811	not_sig	beige	not_sig	MAPK8IP1
2.29421156455609e-10	0.242420725952198	0.191	0.158	8.39704374743174e-06	not_sig	beige	not_sig	SLC12A9
1.58018869877442e-13	0.242272126668096	0.218	0.177	5.78364865638424e-09	not_sig	beige	not_sig	IRF2BP1
1.10158416907072e-43	0.242079254931343	0.732	0.649	4.03190821721575e-39	not_sig	beige	not_sig	GANAB
4.44491978618096e-45	0.241810084523079	0.818	0.759	1.62688509094009e-40	not_sig	beige	not_sig	SLC1A5
1.74564747976291e-18	0.241760439823949	0.336	0.278	6.38924434068023e-14	not_sig	beige	not_sig	TMEM8A
1.56769826960838e-09	0.241718878908355	0.234	0.2	5.73793243659364e-05	not_sig	beige	not_sig	SCARA3
1.69228395479601e-19	0.241658880997288	0.366	0.306	6.19392850294887e-15	not_sig	beige	not_sig	EML3
1.76220598945631e-15	0.240944608112099	0.249	0.202	6.44985014200904e-11	not_sig	beige	not_sig	SOGA1
1.20606779026356e-81	0.240885074959615	0.948	0.921	4.41432871914367e-77	not_sig	beige	not_sig	POR
2.08034353926388e-08	0.240876636004481	0.113	0.089	0.000761426538805974	not_sig	beige	not_sig	PATZ1
4.95959282001449e-12	0.240868405475249	0.262	0.222	1.8152605680535e-07	not_sig	beige	not_sig	ASB13
1.44726907931729e-19	0.24078520612015	0.38	0.319	5.29714955720923e-15	not_sig	beige	not_sig	PTK7
6.49554272764075e-16	0.240512924662176	0.405	0.351	2.37743359374379e-11	not_sig	beige	not_sig	BOK
2.36639328059796e-08	0.240321534008284	0.148	0.122	0.00086612360463166	not_sig	beige	not_sig	ARHGEF17
2.81553379803433e-08	0.240292308224869	0.135	0.11	0.00103051352541854	not_sig	beige	not_sig	FAAP100
7.61058997968567e-08	0.240027245629552	0.138	0.114	0.00278555203846475	not_sig	beige	not_sig	TEP1
7.73474518570186e-12	0.240002946905563	0.174	0.139	2.83099408541874e-07	not_sig	beige	not_sig	RPS6KA4
1.39839213781501e-08	0.239664270167088	0.279	0.247	0.000511825506361673	not_sig	beige	not_sig	CHST7
1.13777087432668e-15	0.238906501418219	0.297	0.247	4.16435517712306e-11	not_sig	beige	not_sig	ALG12
1.25010123971497e-10	0.238456864407594	0.173	0.141	4.57549554748075e-06	not_sig	beige	not_sig	AKAP8
2.90013280151198e-08	0.238334093487258	0.109	0.086	0.0010614776066814	not_sig	beige	not_sig	BAHD1
6.40314687714146e-23	0.238137412907103	0.452	0.38	2.34361578850255e-18	not_sig	beige	not_sig	PER1
1.10986745332614e-11	0.238016033065484	0.189	0.154	4.06222586591899e-07	not_sig	beige	not_sig	LZTR1
3.7620205021164e-13	0.237514876777243	0.247	0.204	1.37693712397963e-08	not_sig	beige	not_sig	RIOX1
6.40768931514874e-19	0.237174617513699	0.418	0.355	2.34527836623759e-14	not_sig	beige	not_sig	TTYH3
1.52640719419934e-16	0.236909686694038	0.326	0.273	5.58680297148902e-12	not_sig	beige	not_sig	ATG9A
7.48842128047731e-30	0.236210983699334	0.594	0.514	2.7408370728675e-25	not_sig	beige	not_sig	FLII
8.55021098818732e-08	0.236134953383026	0.149	0.124	0.00312946272378644	not_sig	beige	not_sig	GCC1
1.78383713846162e-19	0.236018492322794	0.359	0.297	6.52902231048337e-15	not_sig	beige	not_sig	MAP1S
1.03804476442092e-08	0.235145085110844	0.154	0.127	0.0003799347642257	not_sig	beige	not_sig	SNED1
3.2686560670835e-30	0.235107329928923	0.558	0.475	1.19636080711323e-25	not_sig	beige	not_sig	KIAA2013
1.01595092295738e-20	0.234530733653384	0.421	0.358	3.71848197311631e-16	not_sig	beige	not_sig	TBC1D10B
1.54544451513774e-14	0.234407069298659	0.238	0.194	5.65648146985565e-10	not_sig	beige	not_sig	RCC1
1.05877686851051e-09	0.23429417992533	0.159	0.13	3.87522921643531e-05	not_sig	beige	not_sig	ANKRD13B
1.11516549091065e-42	0.234080752444623	0.787	0.716	4.08161721328207e-38	not_sig	beige	not_sig	PFKL
1.11865617799881e-07	0.233770951091295	0.167	0.141	0.00409439347709345	not_sig	beige	not_sig	IQSEC1
5.89105319471294e-43	0.233520293078358	0.782	0.702	2.15618437979688e-38	not_sig	beige	not_sig	AP2A1
1.1466729181508e-15	0.233305190896688	0.236	0.189	4.19693754772375e-11	not_sig	beige	not_sig	ZBTB45
7.91914206268288e-14	0.232990030318454	0.269	0.224	2.89848518636256e-09	not_sig	beige	not_sig	ZNF598
4.89731302410648e-13	0.232953706803179	0.224	0.182	1.79246553995321e-08	not_sig	beige	not_sig	MED25
2.47796271327527e-09	0.23284534361451	0.136	0.11	9.06959132685882e-05	not_sig	beige	not_sig	BRPF1
9.94149235768062e-126	-0.232729729806444	0.999	1	3.63868561783468e-121	not_sig	white	not_sig	MT-CYB
1.71937500399878e-10	0.232575060880264	0.199	0.165	6.29308445213594e-06	not_sig	beige	not_sig	LSM14B
6.58625581964726e-16	0.231892845918933	0.332	0.278	2.41063549254909e-11	not_sig	beige	not_sig	PLCD1
8.33180304001091e-10	0.231495987490664	0.151	0.122	3.04952323067439e-05	not_sig	beige	not_sig	TELO2
3.60431832325307e-16	0.231358283605606	0.361	0.307	1.31921654949385e-11	not_sig	beige	not_sig	PACSIN3
3.88771611995408e-13	0.230920423911907	0.272	0.228	1.42294297706439e-08	not_sig	beige	not_sig	ZDHHC8
5.66652498958236e-17	0.230416458264904	0.329	0.275	2.07400481143704e-12	not_sig	beige	not_sig	SLC27A1
2.03251720948242e-13	0.230255357001097	0.222	0.18	7.43921623842662e-09	not_sig	beige	not_sig	TMEM132A
9.09525293843441e-11	0.230082087324446	0.22	0.184	3.32895352799638e-06	not_sig	beige	not_sig	TMEM63B
3.13866687927108e-16	0.22974416099031	0.381	0.327	1.14878346448201e-11	not_sig	beige	not_sig	SLC4A2
1.91311002560888e-30	0.229639400555076	0.98	0.968	7.00217400473108e-26	not_sig	beige	not_sig	FASN
1.26646428629271e-20	0.228691677616404	0.501	0.435	4.63538593425994e-16	not_sig	beige	not_sig	PLEC
3.57770633351086e-08	0.228461999358688	0.162	0.135	0.00130947629512831	not_sig	beige	not_sig	L3MBTL2
8.74327232603691e-18	0.228357810328817	0.356	0.298	3.20012510405277e-13	not_sig	beige	not_sig	TAP1
3.53692036719958e-35	0.228220650247024	0.733	0.664	1.29454822359872e-30	not_sig	beige	not_sig	TBC1D16
9.9336538635863e-12	0.22758463745924	0.535	0.491	3.63581665061122e-07	not_sig	beige	not_sig	GAS6
8.68272811544624e-09	0.227431451428474	0.127	0.101	0.000317796531753448	not_sig	beige	not_sig	HDAC6
4.13431058958892e-16	-0.227368412165687	0.553	0.579	1.51319901889544e-11	not_sig	white	not_sig	XIST
4.29878858025027e-09	0.226950442043695	0.144	0.116	0.00015733996082574	not_sig	beige	not_sig	FEM1A
1.51282209402274e-24	0.226238299155095	0.525	0.451	5.53708014633261e-20	not_sig	beige	not_sig	RIC8A
3.00942013936759e-34	0.226145320135102	0.827	0.772	1.10147786520993e-29	not_sig	beige	not_sig	EMILIN1
2.71364952719897e-07	0.22582669302649	0.142	0.118	0.00993222863450095	not_sig	beige	not_sig	MCM4
1.3704938775749e-07	0.225667927845302	0.125	0.102	0.00501614464131188	not_sig	beige	not_sig	LRCH4
2.51942495980814e-20	0.225511722172954	0.477	0.414	9.22134729539375e-16	not_sig	beige	not_sig	SLC38A10
8.80976848756966e-12	0.225481768879848	0.195	0.158	3.22446336413537e-07	not_sig	beige	not_sig	ZNF282
8.47384933306097e-14	0.225121297371339	0.262	0.216	3.10151359439364e-09	not_sig	beige	not_sig	CAPN5
2.02951898830496e-21	0.225076666362955	0.444	0.378	7.42824244909497e-17	not_sig	beige	not_sig	PLEKHM2
3.30292120964842e-10	0.224277712462664	0.235	0.198	1.20890219194342e-05	not_sig	beige	not_sig	AC015712.2
6.13862445048934e-09	0.224001567986763	0.169	0.14	0.00022467979351236	not_sig	beige	not_sig	CDIP1
2.66373310851685e-12	0.223871995668985	0.199	0.16	9.74952955048252e-08	not_sig	beige	not_sig	E4F1
1.11420268429995e-09	0.222964630977108	0.189	0.157	4.07809324480626e-05	not_sig	beige	not_sig	ADCK2
6.88882087687118e-39	0.22249977922042	0.912	0.873	2.52137732914362e-34	not_sig	beige	not_sig	MMP14
7.65847268172497e-08	0.222130635577625	0.109	0.087	0.00280307758623816	not_sig	beige	not_sig	TAF1C
2.71973468634559e-08	0.221631020424682	0.212	0.18	0.00099545009254935	not_sig	beige	not_sig	CPZ
3.42612315165959e-11	0.220711634964208	0.221	0.183	1.25399533473893e-06	not_sig	beige	not_sig	CCAR2
1.5463723160871e-14	0.220396895001331	0.322	0.271	5.65987731411041e-10	not_sig	beige	not_sig	PIP5K1C
1.12147222158547e-15	0.220364448347484	0.336	0.281	4.10470047822498e-11	not_sig	beige	not_sig	VPS16
3.82661126022879e-09	0.220031075003181	0.188	0.158	0.000140057798735634	not_sig	beige	not_sig	SNX25
1.30634919259597e-07	-0.219757847072664	0.276	0.304	0.00478136867982052	not_sig	white	not_sig	AC007952.4
3.56566014903733e-08	0.219702659027264	0.148	0.122	0.00130506727114915	not_sig	beige	not_sig	SIRPA
7.8758826201238e-11	0.219655745111341	0.174	0.14	2.88265179779151e-06	not_sig	beige	not_sig	RPAP1
3.37461898907705e-32	0.219421144281631	0.708	0.628	1.23514429619209e-27	not_sig	beige	not_sig	KEAP1
5.52197357095142e-12	0.219313068469442	0.213	0.175	2.02109754670393e-07	not_sig	beige	not_sig	ZNF574
3.57310231381993e-15	0.219255908130089	0.361	0.308	1.30779117788123e-10	not_sig	beige	not_sig	VARS
3.12983554590941e-15	0.219243591589884	0.345	0.291	1.1455511081583e-10	not_sig	beige	not_sig	HPS6
2.75733690727294e-11	0.219078896880051	0.188	0.152	1.00921288143097e-06	not_sig	beige	not_sig	TPRN
1.00897081592707e-23	0.219072489868015	0.524	0.45	3.69293408337468e-19	not_sig	beige	not_sig	AMFR
3.98654262983826e-08	0.218898864646978	0.167	0.14	0.0014591144679471	not_sig	beige	not_sig	CPT1C
7.24535283326223e-26	0.218649117196492	0.611	0.539	2.65187159050231e-21	not_sig	beige	not_sig	ABCB6
9.37287721953065e-17	0.218622444377645	0.865	0.847	3.43056679112041e-12	not_sig	beige	not_sig	GPX3
1.98233861267931e-33	0.218595719881014	0.683	0.603	7.25555755626754e-29	not_sig	beige	not_sig	ADAM15
5.16861941223764e-09	0.218396926674685	0.171	0.142	0.00018917663910731	not_sig	beige	not_sig	MARS2
3.20304570082216e-09	0.218343149664471	0.149	0.12	0.000117234675695792	not_sig	beige	not_sig	ANKRD16
1.12238366467982e-09	0.217762465908911	0.166	0.135	4.10803645109461e-05	not_sig	beige	not_sig	KCTD17
4.22921518752681e-20	0.217618524368899	0.479	0.414	1.54793505078669e-15	not_sig	beige	not_sig	BAG6
5.22570810713084e-12	0.217389058784588	0.266	0.224	1.91266142429096e-07	not_sig	beige	not_sig	TAP2
3.06648821841388e-09	0.217225187821421	0.341	0.303	0.000112236535282166	not_sig	beige	not_sig	IRF1
4.87251288483665e-50	0.217070850456756	0.949	0.929	1.78338844097906e-45	not_sig	beige	not_sig	PDGFRB
1.42797659954522e-24	0.216724894251439	0.514	0.437	5.22653715199545e-20	not_sig	beige	not_sig	RETREG2
2.58501581355953e-08	0.21672461678527	0.186	0.157	0.000946141637920925	not_sig	beige	not_sig	THTPA
2.30665264128994e-10	0.216546486407712	0.236	0.199	8.4425793323853e-06	not_sig	beige	not_sig	C1orf216
5.21974906543221e-49	0.216440524247335	0.956	0.941	1.91048035543884e-44	not_sig	beige	not_sig	HSPG2
1.13191118824545e-12	0.21624567004202	0.362	0.316	4.14290814009717e-08	not_sig	beige	not_sig	C3
3.35361889281065e-09	0.216202109824881	0.243	0.209	0.000122745805095763	not_sig	beige	not_sig	IRF7
1.44185492151214e-14	0.216171631326794	0.299	0.25	5.27733319822658e-10	not_sig	beige	not_sig	PACS2
1.93668438281919e-24	0.215898770107723	0.568	0.492	7.08845850955651e-20	not_sig	beige	not_sig	TRAF7
1.27257445929377e-07	0.215668270435701	0.167	0.14	0.00465774977846113	not_sig	beige	not_sig	WTIP
7.46582633256816e-10	0.215602606153287	0.172	0.14	2.73256709598327e-05	not_sig	beige	not_sig	PHETA2
4.21236504300096e-08	0.215429028294788	0.187	0.159	0.00154176772938878	not_sig	beige	not_sig	GRK6
8.625330706766e-13	0.21524851581401	0.27	0.226	3.15695729198342e-08	not_sig	beige	not_sig	BBC3
7.70408307723904e-12	0.214947846727669	0.18	0.144	2.81977144710026e-07	not_sig	beige	not_sig	AEN
5.8349510410778e-09	0.214791193421022	0.163	0.134	0.000213565043054489	not_sig	beige	not_sig	BRF1
7.00809520660402e-17	0.214754097844628	0.312	0.257	2.56503292656914e-12	not_sig	beige	not_sig	CHERP
9.90882533755904e-16	0.214349868761729	0.425	0.37	3.62672916179999e-11	not_sig	beige	not_sig	POMGNT1
2.00923146010557e-18	0.213972405763172	0.473	0.409	7.35398806713238e-14	not_sig	beige	not_sig	SREBF2
1.63813365775348e-32	0.213817427502636	0.851	0.81	5.99573300074352e-28	not_sig	beige	not_sig	IL17RC
5.36503455812863e-16	0.213429513329082	0.305	0.252	1.96365629862066e-11	not_sig	beige	not_sig	FOXK1
8.87065838364109e-33	0.213331371103094	0.807	0.747	3.24674967499648e-28	not_sig	beige	not_sig	ST6GALNAC4
1.7888079530493e-07	0.213291818677263	0.174	0.148	0.00654721598895574	not_sig	beige	not_sig	KHNYN
4.53323610881294e-11	0.212661862668303	0.191	0.156	1.65920974818662e-06	not_sig	beige	not_sig	SCRIB
2.238093753342e-27	0.212401749236193	0.653	0.58	8.19164694660707e-23	not_sig	beige	not_sig	AKT1
1.38075455927967e-07	0.212303463445894	0.208	0.179	0.00505369976241952	not_sig	beige	not_sig	PTH1R
2.85146416785711e-09	0.212047619763172	0.179	0.148	0.000104366440007738	not_sig	beige	not_sig	TYK2
6.19466191316609e-08	0.211913804897547	0.142	0.117	0.00226730820683792	not_sig	beige	not_sig	NCAPH2
1.47154198428012e-46	0.211885301848319	0.838	0.769	5.38599081666367e-42	not_sig	beige	not_sig	TRIM28
1.06738482175212e-08	0.211868831083322	0.253	0.22	0.000390673518609494	not_sig	beige	not_sig	IRX2
2.15351863247432e-07	0.211687703471125	0.186	0.159	0.00788209354671926	not_sig	beige	not_sig	LMBR1L
3.06608718262114e-08	0.211323771630804	0.185	0.156	0.00112221856971116	not_sig	beige	not_sig	PRKCE
9.16824345872712e-10	0.21122256141412	0.206	0.173	3.35566878832871e-05	not_sig	beige	not_sig	PDPR
4.74770296508166e-21	0.211221412523691	0.467	0.395	1.73770676224954e-16	not_sig	beige	not_sig	GALNT1
1.99735821476347e-09	0.211197532495043	0.187	0.155	7.31053080185576e-05	not_sig	beige	not_sig	APBB1
3.51050477238565e-17	0.211168079976256	0.552	0.5	1.28487985174087e-12	not_sig	beige	not_sig	ABL1
3.67156000070256e-10	0.211071755054928	0.205	0.17	1.34382767585714e-05	not_sig	beige	not_sig	SYDE1
3.1233404977698e-11	-0.211008897853738	0.809	0.809	1.14317385558872e-06	not_sig	white	not_sig	AC002398.2
6.50607698190517e-15	0.210797509348913	0.307	0.257	2.38128923614711e-10	not_sig	beige	not_sig	RHOT2
2.49462097950285e-07	0.2107375365011	0.119	0.096	0.00913056224707838	not_sig	beige	not_sig	AC092040.1
1.7905048869136e-07	0.210632359920068	0.189	0.162	0.00655342693659247	not_sig	beige	not_sig	PEX6
5.95095197333712e-16	0.210628538612165	0.337	0.283	2.17810793176112e-11	not_sig	beige	not_sig	PELP1
7.73636412281466e-10	0.210618618798506	0.256	0.22	2.83158663259139e-05	not_sig	beige	not_sig	FOXP4
4.42332028165218e-36	0.210321377503131	0.778	0.708	1.61897945628751e-31	not_sig	beige	not_sig	QARS
2.04147838959235e-10	0.209809296706181	0.223	0.187	7.47201505374697e-06	not_sig	beige	not_sig	LIMK1
3.2790377922511e-39	0.209483407578236	0.805	0.733	1.20016062234182e-34	not_sig	beige	not_sig	EPN1
1.36493078994435e-13	0.209475587209721	0.336	0.288	4.99578318427533e-09	not_sig	beige	not_sig	SESN2
4.02047027108162e-16	0.20922520599338	0.343	0.287	1.47153232391858e-11	not_sig	beige	not_sig	PML
2.02239559723901e-20	0.208932352252837	0.462	0.394	7.40217012545449e-16	not_sig	beige	not_sig	CNP
4.13110126351197e-23	0.208917684841785	0.692	0.622	1.51202437345802e-18	not_sig	beige	not_sig	HMGA1
4.83766998055285e-09	0.208894389947849	0.155	0.127	0.000177063558958215	not_sig	beige	not_sig	TARS2
3.02636720090328e-13	0.208358694951086	0.251	0.207	1.10768065920261e-08	not_sig	beige	not_sig	POLRMT
9.83349302872718e-14	0.208321747386719	0.348	0.298	3.59915678344444e-09	not_sig	beige	not_sig	AMOTL1
5.36505487741337e-15	0.20823404668775	0.314	0.262	1.96366373568207e-10	not_sig	beige	not_sig	SKIV2L
1.54978541932684e-09	0.208217182316113	0.19	0.158	5.67236961327817e-05	not_sig	beige	not_sig	ZNF629
3.02198454055793e-08	0.20811996544399	0.261	0.227	0.00110607656168961	not_sig	beige	not_sig	FGFRL1
4.72134723326467e-11	0.2080683890151	0.277	0.236	1.7280603008472e-06	not_sig	beige	not_sig	CPTP
2.83683381736111e-15	0.207935556769328	0.346	0.294	1.03830954549234e-10	not_sig	beige	not_sig	KDM4B
5.03331988835353e-08	0.207850116295872	0.284	0.254	0.00184224541233627	not_sig	beige	not_sig	PCSK9
1.08255888789418e-13	0.207749597454647	0.327	0.278	3.96227378558149e-09	not_sig	beige	not_sig	FOXK2
4.23131381644142e-25	0.207663416051992	0.71	0.642	1.54870316995572e-20	not_sig	beige	not_sig	ECE1
3.09963101257848e-16	0.207083650820136	0.414	0.359	1.13449594691385e-11	not_sig	beige	not_sig	LTBP4
5.36588875193802e-18	0.206989296228778	0.527	0.468	1.96396894209684e-13	not_sig	beige	not_sig	ESYT1
1.46982423138781e-19	0.206754803082014	0.418	0.348	5.37970366930252e-15	not_sig	beige	not_sig	CAPN1
2.43013778894425e-16	0.206539360976396	0.374	0.317	8.89454732131485e-12	not_sig	beige	not_sig	MYBBP1A
1.21951395687897e-07	0.206210328449776	0.118	0.095	0.00446354303357272	not_sig	beige	not_sig	CC2D1A
5.70033583307042e-18	0.206193380970701	0.984	0.975	2.0863799182621e-13	not_sig	beige	not_sig	HSPA5
2.43293398219864e-11	0.205372977803339	0.306	0.263	8.90478166824523e-07	not_sig	beige	not_sig	IGSF8
8.48773071046888e-23	0.205343376362423	0.673	0.61	3.10659431733872e-18	not_sig	beige	not_sig	KLF15
1.67913766897168e-23	0.205015270311978	0.687	0.626	6.14581178220323e-19	not_sig	beige	not_sig	KIRREL1
1.02550113203436e-08	0.204776808292765	0.278	0.242	0.000375343669335895	not_sig	beige	not_sig	AFAP1L1
1.13397654084554e-08	0.2033936488084	0.183	0.153	0.000415046753714875	not_sig	beige	not_sig	APBA3
1.94622264134484e-15	0.203384778106966	0.412	0.355	7.12336948958623e-11	not_sig	beige	not_sig	OBSL1
2.06348548307751e-08	0.202390999026484	0.355	0.32	0.000755256321661198	not_sig	beige	not_sig	ADAMTS4
3.86751966888528e-31	0.202368401787997	0.88	0.841	1.4155508740087e-26	not_sig	beige	not_sig	SHC1
1.64333628286146e-15	0.201995004071167	0.433	0.377	6.01477512890121e-11	not_sig	beige	not_sig	TSC22D4
1.71993149721767e-16	0.201959037818292	0.435	0.377	6.29512127296639e-12	not_sig	beige	not_sig	RNF40
4.81612805841917e-09	0.201651871273174	0.192	0.161	0.0001762751030662	not_sig	beige	not_sig	EVI5L
1.3599094708146e-08	0.201608059346825	0.131	0.106	0.00049774046541285	not_sig	beige	not_sig	FGD1
4.021357526553e-10	0.201606868276795	0.245	0.208	1.47185706829366e-05	not_sig	beige	not_sig	TAF6L
1.11880771809145e-08	0.201572113561356	0.187	0.157	0.000409494812898652	not_sig	beige	not_sig	PI4K2A
7.93608819588385e-125	0.201535628669609	1	1	2.90468764057545e-120	not_sig	beige	not_sig	COL6A2
9.75950340990435e-10	0.201460455205778	0.169	0.138	3.57207584305909e-05	not_sig	beige	not_sig	PRICKLE3
9.67096684482925e-09	0.201445138644099	0.19	0.159	0.000353967057487595	not_sig	beige	not_sig	BTN3A3
7.16558533228349e-23	0.201434006512492	0.631	0.557	2.62267588746908e-18	not_sig	beige	not_sig	ILVBL
1.2482118683685e-13	0.201004446591371	0.296	0.25	4.56858025941553e-09	not_sig	beige	not_sig	ZSWIM8
8.25229905152847e-24	0.20095951486911	0.604	0.533	3.02042397584993e-19	not_sig	beige	not_sig	GPR108
2.94007208789749e-16	0.200851600153482	0.603	0.545	1.07609578489136e-11	not_sig	beige	not_sig	PHC2
5.27784557617863e-13	0.200628313474799	0.33	0.282	1.93174425933714e-08	not_sig	beige	not_sig	CAMKK2
7.57675868899201e-17	0.200391731803022	0.497	0.436	2.77316944775797e-12	not_sig	beige	not_sig	CRAT
1.51087540326517e-17	0.200377055125128	0.454	0.39	5.52995506349084e-13	not_sig	beige	not_sig	SPNS1
3.84029557787164e-14	0.200311604098542	0.407	0.356	1.4055865844568e-09	not_sig	beige	not_sig	ESRRA
4.84917166949776e-10	0.199813125314213	0.191	0.158	1.77484532275288e-05	not_sig	beige	not_sig	EDC4
1.01731080806998e-10	0.199568639708022	0.226	0.188	3.72345928861694e-06	not_sig	beige	not_sig	USP19
8.82526049923899e-14	0.198913480819787	0.413	0.358	3.23013359532646e-09	not_sig	beige	not_sig	TNIP1
5.83701063178083e-25	0.198887661087121	0.762	0.706	2.1364042613381e-20	not_sig	beige	not_sig	PLXND1
5.56184422442402e-12	0.198724298694259	0.314	0.27	2.03569060458144e-07	not_sig	beige	not_sig	CHST14
1.88319194221898e-08	0.198670546209057	0.196	0.165	0.000689267082771568	not_sig	beige	not_sig	MRI1
7.592795668133e-11	0.198613386536588	0.424	0.379	2.77903914249336e-06	not_sig	beige	not_sig	RARA
1.2389934191235e-08	0.198276054252672	0.147	0.12	0.000453483981333392	not_sig	beige	not_sig	GPSM1
1.33017962849404e-09	0.198051607270007	0.168	0.138	4.86859045825104e-05	not_sig	beige	not_sig	HDAC5
4.91814298366163e-15	0.197984882514718	0.406	0.35	1.80008951344999e-10	not_sig	beige	not_sig	TCFL5
7.15300153604846e-10	0.197958375414905	0.285	0.247	2.6180700922091e-05	not_sig	beige	not_sig	ZNF385A
2.48914794334839e-57	0.197704328090933	0.962	0.945	9.11053038744945e-53	not_sig	beige	not_sig	PKDCC
2.86315472337031e-14	0.19756118107331	0.339	0.287	1.04794326030077e-09	not_sig	beige	not_sig	SLC12A4
4.53454276226845e-25	0.197461056538691	0.642	0.569	1.65968799641787e-20	not_sig	beige	not_sig	ENG
1.03891954885526e-13	0.197396528140082	0.416	0.365	3.80254944076513e-09	not_sig	beige	not_sig	ALDH1B1
7.18409072860644e-10	0.197279589021762	0.197	0.163	2.62944904757724e-05	not_sig	beige	not_sig	TIGD5
1.80979143102228e-09	0.197255036693362	0.182	0.151	6.62401761668463e-05	not_sig	beige	not_sig	AP5Z1
2.26435858251658e-09	0.197146354258582	0.201	0.168	8.28777884786895e-05	not_sig	beige	not_sig	PLCB3
1.99523960775663e-12	0.197085410473493	0.222	0.181	7.30277648835006e-08	not_sig	beige	not_sig	LEMD2
8.41272364312693e-19	0.196834543823719	0.451	0.386	3.07914098062089e-14	not_sig	beige	not_sig	SSBP4
3.00980014322386e-25	0.196767733822367	0.764	0.718	1.10161695042136e-20	not_sig	beige	not_sig	PHLDB1
1.21731608978794e-11	0.196202101314861	0.236	0.196	4.45549862023283e-07	not_sig	beige	not_sig	PHRF1
8.57042383297877e-08	0.196093987019817	0.187	0.159	0.00313686082710856	not_sig	beige	not_sig	PLPP7
7.40206565136776e-09	0.196022780717499	0.234	0.2	0.000270923004905711	not_sig	beige	not_sig	SPSB1
2.23717911289847e-15	0.195964904101601	0.333	0.279	8.1882992711197e-11	not_sig	beige	not_sig	PCED1A
1.62868852518694e-07	0.195795233231859	0.149	0.124	0.00596116287103672	not_sig	beige	not_sig	DPH2
1.23997724353377e-13	0.195681153761129	0.321	0.271	4.53844070905795e-09	not_sig	beige	not_sig	AKNA
7.0687750470791e-11	0.195673400642824	0.28	0.24	2.58724235498142e-06	not_sig	beige	not_sig	SHKBP1
3.74897495428863e-10	0.195407161578517	0.245	0.208	1.37216232301918e-05	not_sig	beige	not_sig	PHF1
5.81192551534644e-09	0.195406220833326	0.183	0.152	0.000212722285787195	not_sig	beige	not_sig	INTS4
2.8422703308957e-19	0.195226648215975	0.521	0.453	1.04029936381113e-14	not_sig	beige	not_sig	PINK1
3.07411157773095e-09	0.195019063856698	0.252	0.217	0.000112515557856531	not_sig	beige	not_sig	MRPL49
6.098324746931e-29	0.194905141890583	0.73	0.656	2.23204784062421e-24	not_sig	beige	not_sig	MAN2B1
1.49393453530087e-18	0.194896183538377	0.469	0.406	5.4679497926547e-14	not_sig	beige	not_sig	BOP1
5.19884185029143e-12	0.1948315434448	0.346	0.3	1.90282810562517e-07	not_sig	beige	not_sig	NIBAN2
8.113522630104e-17	0.194230141488507	0.61	0.559	2.96963041784436e-12	not_sig	beige	not_sig	MRC2
6.82759178479983e-11	0.194132902296975	0.214	0.176	2.49896686915459e-06	not_sig	beige	not_sig	RAB11FIP5
2.31959662276798e-17	0.193931481942954	0.496	0.434	8.48995559899309e-13	not_sig	beige	not_sig	NCOR2
1.8225200593428e-13	0.193765625930297	0.374	0.324	6.67060566920059e-09	not_sig	beige	not_sig	MAPK7
8.38334483637122e-08	0.193659743059018	0.166	0.139	0.00306838804356023	not_sig	beige	not_sig	PLCD3
4.53046457375801e-21	0.193231440781078	0.614	0.549	1.65819533864117e-16	not_sig	beige	not_sig	LMF2
2.51939475105895e-11	0.193114146252665	0.302	0.26	9.22123672835088e-07	not_sig	beige	not_sig	CLUH
1.09894504621356e-07	0.193084514679224	0.178	0.151	0.00402224876364624	not_sig	beige	not_sig	RTL6
1.13046247637884e-13	0.19300561900645	0.338	0.288	4.13760570979419e-09	not_sig	beige	not_sig	CPSF1
1.11977239232663e-43	0.192959361210514	0.966	0.949	4.0984789331547e-39	not_sig	beige	not_sig	TSKU
2.04970038565253e-18	0.192719013039699	0.624	0.569	7.50210838152681e-14	not_sig	beige	not_sig	LSS
6.16120680909689e-12	0.192694035118091	0.269	0.226	2.25506330419755e-07	not_sig	beige	not_sig	MMS19
2.06949380932397e-20	0.19201059234662	0.495	0.424	7.57455429150668e-16	not_sig	beige	not_sig	MOGS
1.70269790645397e-22	0.191876686231003	0.726	0.666	6.23204460741217e-18	not_sig	beige	not_sig	CSF1
2.91367897614654e-11	0.191797857490376	0.3	0.256	1.0664356420594e-06	not_sig	beige	not_sig	ZNF787
3.16419622276241e-17	0.191656891685727	0.526	0.464	1.15812745949327e-12	not_sig	beige	not_sig	SLC10A3
8.3554881817452e-19	0.191010910147489	0.617	0.56	3.05819222940056e-14	not_sig	beige	not_sig	COL16A1
1.7964736118352e-09	0.190944360103698	0.255	0.219	6.57527306667802e-05	not_sig	beige	not_sig	RANGAP1
2.76838704792279e-08	0.190917630934886	0.213	0.18	0.00101325734341022	not_sig	beige	not_sig	MAN2C1
1.61473874917456e-11	0.190765857988064	0.344	0.299	5.91010529585382e-07	not_sig	beige	not_sig	TTLL12
5.78649793052708e-13	0.190685979500436	0.321	0.272	2.11791610755222e-08	not_sig	beige	not_sig	CTU2
2.31422984879252e-07	0.190579507146387	0.155	0.13	0.0084703126695655	not_sig	beige	not_sig	TSPAN17
1.73179781652149e-26	0.190242121890534	0.682	0.604	6.33855318825029e-22	not_sig	beige	not_sig	SH3GL1
3.64583662036504e-11	0.190072943339963	0.285	0.244	1.33441266141981e-06	not_sig	beige	not_sig	ADGRA2
5.65520474815004e-14	0.189850013203873	0.335	0.283	2.0698614898704e-09	not_sig	beige	not_sig	SNAP47
1.56610029989093e-08	0.189800269573181	0.185	0.155	0.000573208370763078	not_sig	beige	not_sig	DCAF11
9.31162142326112e-12	0.189775868985887	0.275	0.232	3.4081465571278e-07	not_sig	beige	not_sig	FAM89B
1.20384881200277e-09	0.189688532859778	0.259	0.222	4.40620703681134e-05	not_sig	beige	not_sig	WDR55
1.12152498929432e-19	0.189398978856057	0.604	0.54	4.10489361331613e-15	not_sig	beige	not_sig	PC
3.28238661494105e-22	0.189288007105065	0.682	0.62	1.20138632493457e-17	not_sig	beige	not_sig	SLC2A4RG
2.95287635018881e-10	-0.189264211054387	0.448	0.483	1.08078227293261e-05	not_sig	white	not_sig	RBP4
1.57528706239195e-08	0.189123759563512	0.195	0.164	0.000576570817706078	not_sig	beige	not_sig	PANK4
1.61311268429033e-09	0.189102903487162	0.242	0.207	5.90415373577104e-05	not_sig	beige	not_sig	SNX15
1.49913851865152e-15	0.189075516740109	0.383	0.323	5.48699689211642e-11	not_sig	beige	not_sig	XAB2
9.09886344987861e-08	0.189060093245615	0.193	0.164	0.00333027501129007	not_sig	beige	not_sig	RELB
2.74801160679069e-38	0.188759986421296	0.905	0.865	1.00579972820146e-33	not_sig	beige	not_sig	GPC1
1.32494164803926e-11	0.18874693599411	0.32	0.276	4.84941892598849e-07	not_sig	beige	not_sig	THOP1
1.90272925229154e-09	0.188705898530764	0.495	0.458	6.96417933631227e-05	not_sig	beige	not_sig	CDC42EP2
3.80952876685653e-21	0.188659040984597	0.808	0.761	1.39432562395716e-16	not_sig	beige	not_sig	PYGB
8.86893556092232e-11	0.188596833736947	0.207	0.171	3.24611910465318e-06	not_sig	beige	not_sig	INPPL1
1.22933248951742e-09	0.188171361651617	0.298	0.258	4.49947984488271e-05	not_sig	beige	not_sig	TOR1B
1.45970654147419e-07	0.188133809711267	0.153	0.127	0.0053426719124497	not_sig	beige	not_sig	MAST2
4.13320604922532e-17	0.188129219091906	0.482	0.418	1.51279474607696e-12	not_sig	beige	not_sig	BCKDHA
2.68285056853486e-14	0.187866458492204	0.327	0.276	9.81950136589446e-10	not_sig	beige	not_sig	B3GNT9
2.426878144402e-13	0.187833173267045	0.39	0.337	8.88261669632575e-09	not_sig	beige	not_sig	COG4
1.93888782434875e-18	0.187553919844878	0.549	0.479	7.09652332589886e-14	not_sig	beige	not_sig	CD276
1.77598942450416e-14	0.187286913714735	0.364	0.309	6.50029889262769e-10	not_sig	beige	not_sig	BRAT1
3.18364356754382e-14	0.187192263851268	0.309	0.259	1.16524538215671e-09	not_sig	beige	not_sig	SGSM3
1.66001354485148e-20	0.187114010429362	0.578	0.508	6.07581557551092e-16	not_sig	beige	not_sig	HDGFL2
3.65326072591562e-17	0.186632134928877	0.49	0.429	1.33712995829238e-12	not_sig	beige	not_sig	CIZ1
1.05723521195375e-16	0.186405126282918	0.453	0.392	3.86958659927193e-12	not_sig	beige	not_sig	ATXN2L
5.64245197416218e-09	0.186390006810167	0.227	0.194	0.00020651938470631	not_sig	beige	not_sig	ABHD8
2.02612326219652e-239	0.186294213683051	1	1	7.41581375196549e-235	not_sig	beige	not_sig	EEF2
8.01491915305635e-08	0.186268962877555	0.169	0.142	0.00293354055921015	not_sig	beige	not_sig	CLCN7
1.29001594047943e-09	0.186070320479693	0.219	0.185	4.72158734374876e-05	not_sig	beige	not_sig	PLCG1
2.21857644856396e-13	0.185892004247802	0.414	0.359	8.12021165938894e-09	not_sig	beige	not_sig	SCAF1
4.63703370905672e-14	0.185879866508999	0.341	0.288	1.69720070785185e-09	not_sig	beige	not_sig	SLC44A2
2.16295753389311e-07	0.185738310951363	0.19	0.163	0.00791664086980217	not_sig	beige	not_sig	TAOK2
3.09544878306305e-13	0.185555693705848	0.451	0.402	1.13296520908891e-08	not_sig	beige	not_sig	SLC16A3
2.76229924369332e-08	0.18532857168002	0.272	0.238	0.00101102914618419	not_sig	beige	not_sig	ABCD1
5.43314847025658e-09	0.185087294820498	0.197	0.165	0.000198858667159861	not_sig	beige	not_sig	BAP1
4.7496854266761e-18	0.185013680126371	0.543	0.479	1.73843236301772e-13	not_sig	beige	not_sig	FPGS
5.48136734194695e-08	0.184868253689814	0.273	0.241	0.002006235260826	not_sig	beige	not_sig	SLC6A8
2.33717064790236e-15	0.184802017903948	0.562	0.506	8.55427828838743e-11	not_sig	beige	not_sig	MAPKAPK2
1.75451134817193e-22	0.184617763070253	0.702	0.639	6.42168698544409e-18	not_sig	beige	not_sig	MGAT1
1.18756549681059e-16	0.184360248121501	0.552	0.493	4.34660847487645e-12	not_sig	beige	not_sig	CSRP1
4.28284972182084e-08	0.184308517348513	0.179	0.151	0.00156756582668365	not_sig	beige	not_sig	DNAL4
2.73551735188763e-11	0.184304730541041	0.27	0.229	1.00122670596439e-06	not_sig	beige	not_sig	CRIM1
6.11864461700793e-08	0.18426204061483	0.176	0.148	0.00223948511627107	not_sig	beige	not_sig	ZNF408
1.05077365570078e-17	0.184095768617079	0.425	0.362	3.84593665723044e-13	not_sig	beige	not_sig	SELENON
2.22118293857837e-12	0.18404668684447	0.371	0.322	8.12975167349068e-08	not_sig	beige	not_sig	SLC22A17
3.78306657807886e-15	0.183772145750492	0.384	0.328	1.38464019824264e-10	not_sig	beige	not_sig	GPR137
3.32573262651928e-09	0.183670265880089	0.173	0.143	0.000121725139863232	not_sig	beige	not_sig	PHF2
2.09539541742839e-13	0.18365862852622	0.361	0.31	7.66935676732964e-09	not_sig	beige	not_sig	RPUSD1
1.15875522594531e-07	0.183602774967491	0.86	0.85	0.00424116000248241	not_sig	beige	not_sig	CRLF1
1.10559921002481e-10	0.183531176740966	0.294	0.253	4.04660366861179e-06	not_sig	beige	not_sig	HTT
2.79578359402661e-20	0.183478054922117	0.614	0.548	1.02328475324968e-15	not_sig	beige	not_sig	TMEM259
4.6688821856414e-68	0.183324469691528	0.985	0.976	1.70885756876661e-63	not_sig	beige	not_sig	ANXA6
1.27500886681264e-20	0.183318888151222	0.655	0.589	4.66665995342096e-16	not_sig	beige	not_sig	MYH9
2.00182089841408e-63	0.183127410718089	0.993	0.988	7.32686467028537e-59	not_sig	beige	not_sig	LRP1
3.90958834025491e-10	0.183014568817331	0.274	0.235	1.4309484284167e-05	not_sig	beige	not_sig	ANKRD54
4.41889475753347e-15	0.182735782174531	0.393	0.337	1.61735967020483e-10	not_sig	beige	not_sig	DDX54
1.82189012837651e-09	0.182529326249087	0.214	0.179	6.66830005887086e-05	not_sig	beige	not_sig	TUT1
1.03908010218952e-17	0.182438507608429	0.588	0.528	3.80313708202385e-13	not_sig	beige	not_sig	APEH
9.79315477190641e-10	0.182282115094123	0.421	0.381	3.58439257806546e-05	not_sig	beige	not_sig	FHOD1
1.98820433265539e-19	0.181922093384712	0.73	0.679	7.27702667795201e-15	not_sig	beige	not_sig	SLC27A3
4.18360399173803e-11	0.181851701557122	0.386	0.341	1.53124089701604e-06	not_sig	beige	not_sig	TRIM35
3.1080719170511e-13	0.181488818800615	0.32	0.271	1.13758540235987e-08	not_sig	beige	not_sig	AGPAT3
4.70684900950175e-10	0.181295167719881	0.239	0.202	1.72275380596774e-05	not_sig	beige	not_sig	TNRC18
1.14368215046785e-13	0.180986854522288	0.338	0.287	4.18599103892738e-09	not_sig	beige	not_sig	TRMT2A
3.63871225829844e-44	0.180981821480821	0.947	0.922	1.33180507365981e-39	not_sig	beige	not_sig	FKBP10
1.54221678573503e-12	0.180671105524167	0.321	0.275	5.64466765746878e-08	not_sig	beige	not_sig	SPATA20
3.68133714506873e-08	0.180214125995528	0.162	0.135	0.0013474062084666	not_sig	beige	not_sig	MICAL1
9.68151304945907e-18	0.18010674548441	0.568	0.506	3.54353059123251e-13	not_sig	beige	not_sig	LTBP3
2.23865037161078e-08	0.179934723510004	0.182	0.153	0.000819368422513263	not_sig	beige	not_sig	FYCO1
4.00453143036476e-13	0.17990769379575	0.451	0.398	1.4656985488278e-08	not_sig	beige	not_sig	DAG1
1.10391464485945e-07	0.179760180679204	0.191	0.163	0.00404043799165009	not_sig	beige	not_sig	D2HGDH
2.66930937426299e-20	0.179626179895898	0.585	0.514	9.76993924073997e-16	not_sig	beige	not_sig	SF3A2
1.01157650367561e-25	0.179440098038482	0.79	0.725	3.70247116110311e-21	not_sig	beige	not_sig	HLA-E
3.70112466516266e-10	0.179316604732577	0.427	0.386	1.35464863869619e-05	not_sig	beige	not_sig	PIM1
1.16836524339143e-09	0.179193128009028	0.316	0.277	4.27633362733698e-05	not_sig	beige	not_sig	PRRT3
5.37581927707972e-14	0.179125161189774	0.355	0.303	1.96760361360395e-09	not_sig	beige	not_sig	FDXR
3.50150797843342e-20	0.179121305890759	0.586	0.515	1.28158693518642e-15	not_sig	beige	not_sig	RBM15B
8.48772055163714e-13	0.17897441048341	0.489	0.435	3.10659059910471e-08	not_sig	beige	not_sig	RFNG
1.82668525693502e-16	0.178871921611575	0.427	0.366	6.68585070890786e-12	not_sig	beige	not_sig	EGLN2
4.79604970109902e-10	0.178717631553199	0.274	0.236	1.75540215109925e-05	not_sig	beige	not_sig	MTMR14
4.07781208126739e-17	0.178662689806213	0.562	0.501	1.49251999986468e-12	not_sig	beige	not_sig	ATP1A1
9.10784450485954e-18	0.178485199444281	0.676	0.63	3.33356216722364e-13	not_sig	beige	not_sig	DHCR7
7.61574212133168e-17	0.178260405379936	0.599	0.535	2.78743777382861e-12	not_sig	beige	not_sig	NR2F6
6.50083167652881e-08	0.178226297350319	0.293	0.259	0.00237936940192631	not_sig	beige	not_sig	SLC5A6
2.10008911453728e-09	0.178072529519122	0.243	0.207	7.68653616811791e-05	not_sig	beige	not_sig	SRF
1.2383748681893e-09	0.177998182220313	0.253	0.216	4.53257585505965e-05	not_sig	beige	not_sig	TAZ
4.29970427984484e-09	0.17796617134248	0.221	0.187	0.000157373476346601	not_sig	beige	not_sig	TICAM1
2.07940384055981e-10	0.177915533411765	0.345	0.302	7.61082599683295e-06	not_sig	beige	not_sig	LPCAT1
5.40702397359528e-08	0.177876923415618	0.226	0.195	0.00197902484457561	not_sig	beige	not_sig	P4HTM
2.59750964630626e-08	0.177875155447088	0.197	0.166	0.000950714505644553	not_sig	beige	not_sig	BIN3
1.01549172372915e-17	0.177677998107174	0.524	0.458	3.71680125802107e-13	not_sig	beige	not_sig	GAA
6.15918475554194e-22	0.177522652973861	0.662	0.596	2.25432321237591e-17	not_sig	beige	not_sig	MAP7D1
3.6659933350546e-10	0.177509429686301	0.212	0.177	1.34179022056333e-05	not_sig	beige	not_sig	SH2B1
4.48507562338548e-17	0.177507084868208	0.495	0.434	1.64158252891532e-12	not_sig	beige	not_sig	COLGALT1
2.50067864061171e-09	0.177365003259631	0.271	0.235	9.15273389250293e-05	not_sig	beige	not_sig	ANKRD13D
7.79578143625626e-18	0.177158739952779	0.533	0.467	2.85333396348415e-13	not_sig	beige	not_sig	SIRT2
5.82179652559659e-18	0.176962959957691	0.548	0.482	2.13083574633361e-13	not_sig	beige	not_sig	PTBP1
1.22004857236487e-11	0.17692198958772	0.297	0.253	4.46549977971265e-07	not_sig	beige	not_sig	NF2
9.04645429322028e-19	0.17686873374575	0.637	0.576	3.31109273586155e-14	not_sig	beige	not_sig	LRRC41
2.84932432948079e-15	0.176594746078935	0.449	0.391	1.04288119783326e-10	not_sig	beige	not_sig	UPF1
6.40064905898969e-14	0.1763639101287	0.375	0.322	2.34270156208082e-09	not_sig	beige	not_sig	C16orf58
4.3052384571758e-14	0.176327441764561	0.407	0.353	1.57576032771092e-09	not_sig	beige	not_sig	ASCC2
2.2958301938705e-50	0.17629703289619	0.939	0.9	8.40296809258541e-46	not_sig	beige	not_sig	PTOV1
3.59045339848212e-11	0.175939324852951	0.381	0.334	1.31414184837844e-06	not_sig	beige	not_sig	CTU1
3.61855376801998e-12	0.175937320424964	0.381	0.331	1.32442686463299e-07	not_sig	beige	not_sig	NRSN2
1.76829316351451e-16	0.175789982724096	0.602	0.543	6.47212980777945e-12	not_sig	beige	not_sig	LAMB2
3.44218076160706e-19	0.175773028359331	0.61	0.54	1.2598725805558e-14	not_sig	beige	not_sig	DCTN1
4.43163294197729e-13	0.175770925899205	0.404	0.35	1.62202197309311e-08	not_sig	beige	not_sig	EXOC7
3.28837266835236e-19	0.175686925569626	0.595	0.527	1.20357728034365e-14	not_sig	beige	not_sig	NOC2L
2.08646785181559e-11	0.17547108433468	0.356	0.311	7.63668098443023e-07	not_sig	beige	not_sig	PIK3R2
4.80789014176622e-08	0.175330884746081	0.148	0.122	0.00175973587078785	not_sig	beige	not_sig	ADARB1
1.51826574925971e-09	0.174571108489536	0.274	0.235	5.55700446886546e-05	not_sig	beige	not_sig	GGT7
1.67624077066941e-12	0.174470529178101	0.526	0.475	6.1352088447271e-08	not_sig	beige	not_sig	AKT2
1.52490114192459e-12	0.174453973585605	0.272	0.226	5.58129066955821e-08	not_sig	beige	not_sig	ENTPD6
2.91731924386953e-11	0.174386543856814	0.32	0.275	1.06776801644869e-06	not_sig	beige	not_sig	VASP
5.76973160955304e-08	0.17436984925286	0.579	0.542	0.00211177946641251	not_sig	beige	not_sig	NBL1
4.27246145882289e-08	0.174341875359082	0.183	0.154	0.00156376361854377	not_sig	beige	not_sig	CMTR1
1.08684412387174e-12	0.174274865703939	0.42	0.37	3.97795817778295e-08	not_sig	beige	not_sig	SSC5D
2.61690840881605e-09	0.173784679367096	0.274	0.236	9.57814646710763e-05	not_sig	beige	not_sig	MARK4
1.44770333904741e-28	0.173508659358893	0.767	0.704	5.29873899124743e-24	not_sig	beige	not_sig	DDB1
1.78989570332491e-09	0.173426803522181	0.803	0.793	6.55119726373952e-05	not_sig	beige	not_sig	PLIN4
7.66815094027795e-09	0.173130157911459	0.199	0.167	0.000280661992565113	not_sig	beige	not_sig	SIX5
8.32107224417318e-11	0.173079221035835	0.295	0.252	3.04559565208982e-06	not_sig	beige	not_sig	STRN4
1.96327745530828e-08	0.173070229363538	0.221	0.189	0.000718579181417382	not_sig	beige	not_sig	USP36
6.69891797472364e-09	0.172952604152008	0.254	0.218	0.00024518709679286	not_sig	beige	not_sig	SLC26A6
3.36353435128625e-17	0.172715930869054	0.61	0.544	1.23108720791428e-12	not_sig	beige	not_sig	NCSTN
3.53102122654932e-21	0.172349813875684	0.767	0.713	1.29238907912932e-16	not_sig	beige	not_sig	MAGED2
1.51247381596469e-07	0.172237222458059	0.242	0.212	0.00553580541381236	not_sig	beige	not_sig	PUSL1
2.06962662851999e-10	0.172232728147772	0.249	0.21	7.57504042304601e-06	not_sig	beige	not_sig	AP1B1
6.24606285082097e-12	0.171794385916535	0.423	0.375	2.28612146402898e-07	not_sig	beige	not_sig	MRGPRF
1.65972922837764e-27	0.171729437487963	0.828	0.766	6.07477494878501e-23	not_sig	beige	not_sig	AAMP
1.03321663099813e-10	0.171533629197043	0.42	0.374	3.78167619111624e-06	not_sig	beige	not_sig	ANKRD9
5.44263103318877e-10	0.171513445654516	0.303	0.263	1.99205738445742e-05	not_sig	beige	not_sig	TEAD2
2.68406270587643e-10	0.171411399351271	0.242	0.204	9.82393790977832e-06	not_sig	beige	not_sig	PPRC1
1.98669566327513e-16	0.171401214314196	0.576	0.518	7.27150479715331e-12	not_sig	beige	not_sig	UNC45A
1.52178646073869e-09	0.171357019564828	0.305	0.266	5.56989062494969e-05	not_sig	beige	not_sig	GTF3C2
5.64516717112475e-08	0.171321512091632	0.157	0.13	0.00206618763630337	not_sig	beige	not_sig	KDM2B
5.3510868474743e-11	0.171231855673353	0.216	0.179	1.95855129704407e-06	not_sig	beige	not_sig	BCAR1
3.3890809242361e-10	0.171220825510117	0.267	0.228	1.24043750907965e-05	not_sig	beige	not_sig	DGKA
1.606689050808e-23	0.171154292915776	0.727	0.657	5.88064259486237e-19	not_sig	beige	not_sig	ARSA
9.19839449220406e-09	0.171011430655998	0.2	0.168	0.000336670436809161	not_sig	beige	not_sig	ZNF512B
1.50841314710621e-20	0.170915667956365	0.572	0.5	5.52094295972345e-16	not_sig	beige	not_sig	NADSYN1
2.61280984750333e-09	0.170783154373337	0.247	0.211	9.56314532284695e-05	not_sig	beige	not_sig	UBQLN4
8.97030643482371e-18	0.170668126654734	0.897	0.865	3.28322185820983e-13	not_sig	beige	not_sig	DDIT4
2.5871228475528e-25	0.170632483096189	0.721	0.65	9.46912833432802e-21	not_sig	beige	not_sig	HSF1
8.65671437980957e-18	0.170603062414319	0.615	0.555	3.1684440301541e-13	not_sig	beige	not_sig	AARS
1.06343027319099e-07	0.17037596296173	0.245	0.213	0.00389226114290635	not_sig	beige	not_sig	DLG5
1.30371053870645e-17	0.170119586364959	0.608	0.544	4.77171094271948e-13	not_sig	beige	not_sig	UBA1
7.89681007472063e-16	0.170077976594529	0.589	0.527	2.8903114554485e-11	not_sig	beige	not_sig	ABCF2
2.50996748820482e-17	0.170070337018072	0.561	0.495	9.18673200357846e-13	not_sig	beige	not_sig	TNS2
8.15571473163895e-16	0.170018580337078	0.622	0.562	2.98507314892717e-11	not_sig	beige	not_sig	IMPDH1
1.67686451584238e-17	0.169969456502083	0.628	0.568	6.13749181443471e-13	not_sig	beige	not_sig	FLOT1
1.15246709774633e-09	0.169967412286687	0.272	0.234	4.21814482446134e-05	not_sig	beige	not_sig	IL17RA
1.68371254905271e-16	0.169893177114536	0.906	0.899	6.16255630078782e-12	not_sig	beige	not_sig	COL4A1
3.68604771206938e-08	0.169883031005122	0.544	0.503	0.00134913032309451	not_sig	beige	not_sig	SRXN1
1.621048907827e-07	0.169874509996281	0.216	0.186	0.00593320110753762	not_sig	beige	not_sig	CBX4
4.76100376730512e-11	0.169841755065022	0.33	0.283	1.74257498887135e-06	not_sig	beige	not_sig	EIF2B5
1.11638745363303e-08	0.169801163237496	0.246	0.212	0.000408608971904224	not_sig	beige	not_sig	SMG5
1.62606652696168e-41	0.169762617852759	0.94	0.915	5.95156609533245e-37	not_sig	beige	not_sig	TXNDC5
5.12815559918222e-20	0.169699069763209	0.592	0.523	1.87695623085668e-15	not_sig	beige	not_sig	GRAMD1A
1.53433430502623e-15	0.169442837504474	0.529	0.467	5.6158169898265e-11	not_sig	beige	not_sig	COASY
7.25149628613153e-11	0.169202313461792	0.346	0.3	2.654120155687e-06	not_sig	beige	not_sig	GSDMD
4.19494876150846e-08	0.168936646432322	0.179	0.15	0.00153539319619971	not_sig	beige	not_sig	TMEM39B
2.38374526827063e-13	0.16888833057106	0.461	0.404	8.72474605639732e-09	not_sig	beige	not_sig	TBC1D17
4.71189219843586e-10	0.168744069758878	0.215	0.179	1.72459966354951e-05	not_sig	beige	not_sig	SLC22A18
1.32861040155445e-08	0.168522324268262	0.171	0.142	0.000486284693072945	not_sig	beige	not_sig	ERBB2
1.03758514682585e-12	0.16850663801071	0.407	0.356	3.79766539589729e-08	not_sig	beige	not_sig	CARM1
9.10015744511527e-63	-0.168489809739744	0.997	0.998	3.33074862648664e-58	not_sig	white	not_sig	NEAT1
1.10497038229015e-12	0.168430199451144	0.456	0.404	4.04430209622018e-08	not_sig	beige	not_sig	NCLN
1.54711478336696e-10	0.168421986307656	0.363	0.319	5.66259481860142e-06	not_sig	beige	not_sig	MEGF8
6.00256820993285e-32	0.168318501626905	0.899	0.868	2.19699999051752e-27	not_sig	beige	not_sig	ANPEP
9.43539473525092e-17	0.168257138150122	0.536	0.472	3.45344882704919e-12	not_sig	beige	not_sig	OGFR
1.35365531609952e-07	0.168214073133581	0.324	0.29	0.00495451382245584	not_sig	beige	not_sig	CRELD1
2.81966780607796e-10	0.168197131973258	0.855	0.824	1.03202661370259e-05	not_sig	beige	not_sig	AKR1B1
2.27999255039053e-09	0.168139646001161	0.477	0.438	8.34500073368438e-05	not_sig	beige	not_sig	KIF7
5.05084953346238e-14	0.168112253821536	0.474	0.417	1.84866143774257e-09	not_sig	beige	not_sig	TRABD
2.35048309601831e-09	0.168051855981446	0.248	0.212	8.60300317973663e-05	not_sig	beige	not_sig	SPPL2B
1.36249964093057e-42	0.167929412409569	0.972	0.961	4.98688493576999e-38	not_sig	beige	not_sig	G6PD
1.61776153052756e-09	0.167302117160478	0.318	0.278	5.92116897788393e-05	not_sig	beige	not_sig	CANT1
4.85738508571072e-10	0.167049846534788	0.272	0.234	1.77785151522098e-05	not_sig	beige	not_sig	CERK
1.9474294520894e-08	0.167027401546116	0.198	0.167	0.000712778653759241	not_sig	beige	not_sig	DGKZ
3.47600620933943e-12	0.167015260803103	0.45	0.398	1.27225303268032e-07	not_sig	beige	not_sig	SNX18
1.05599131073681e-17	0.167001903015726	0.532	0.467	3.8650337964278e-13	not_sig	beige	not_sig	DNM2
1.45868590042873e-07	0.166799268290868	0.19	0.161	0.00533893626415921	not_sig	beige	not_sig	RAB40C
1.92650574397765e-13	0.166763984202623	0.378	0.324	7.05120367353259e-09	not_sig	beige	not_sig	TBL3
2.68956479276965e-12	0.166751505584888	0.576	0.531	9.8440760980162e-08	not_sig	beige	not_sig	FSCN1
3.96297125559333e-12	0.166745359753488	0.481	0.432	1.45048710925972e-07	not_sig	beige	not_sig	ARHGEF2
1.28746924165709e-15	0.16665934879981	0.592	0.533	4.71226617138913e-11	not_sig	beige	not_sig	BACE1
1.08173845420905e-11	0.166562538149913	0.343	0.296	3.95927091625054e-07	not_sig	beige	not_sig	SAMD4B
1.5765992321551e-09	0.166489988413202	0.267	0.23	5.7705108496109e-05	not_sig	beige	not_sig	UBE2O
9.4290789054657e-16	0.16639841197412	0.564	0.498	3.4511371701895e-11	not_sig	beige	not_sig	VPS51
9.69767739475544e-08	0.166345751960387	0.226	0.195	0.00354944690325444	not_sig	beige	not_sig	PORCN
3.85195625271565e-10	0.166312685592443	0.278	0.239	1.40985450805646e-05	not_sig	beige	not_sig	STK11
1.52766939173775e-07	0.166259696706038	0.226	0.195	0.00559142274069933	not_sig	beige	not_sig	DMWD
1.93412089169029e-13	0.166072581568907	0.415	0.361	7.07907587567563e-09	not_sig	beige	not_sig	MIDN
4.69167615510393e-14	0.166009503879237	0.49	0.433	1.71720038952959e-09	not_sig	beige	not_sig	UTP4
7.49670256157206e-08	0.165879633703253	0.182	0.154	0.00274386810456099	not_sig	beige	not_sig	ZBTB47
4.8475753451702e-18	0.165538875095195	0.61	0.539	1.77426105208574e-13	not_sig	beige	not_sig	TPRA1
1.59962678143734e-17	0.16538892880405	0.634	0.572	5.8547939827388e-13	not_sig	beige	not_sig	TGFB1
1.43239373792517e-11	0.16538602014661	0.431	0.382	5.24270432017993e-07	not_sig	beige	not_sig	STAT6
1.17398037268384e-13	0.165293539839503	0.351	0.297	4.29688556206012e-09	not_sig	beige	not_sig	NSMF
3.09580122382653e-19	0.165284161845972	0.908	0.89	1.13309420593275e-14	not_sig	beige	not_sig	COL4A2
1.17037760882888e-08	0.165205195999344	0.603	0.557	0.000428369908607459	not_sig	beige	not_sig	CRELD2
8.04505751187516e-18	0.165082164267651	0.576	0.507	2.94457149992143e-13	not_sig	beige	not_sig	TMEM161A
1.40732531080231e-22	0.164749168802198	0.828	0.779	5.15095137006752e-18	not_sig	beige	not_sig	ALDH2
1.11111241236985e-10	0.16461989048832	0.346	0.302	4.06678254051489e-06	not_sig	beige	not_sig	ABHD16A
1.56182693399938e-14	0.164557339501312	0.461	0.403	5.71644276113112e-10	not_sig	beige	not_sig	NUMA1
5.96240314779428e-10	0.164529963981992	0.294	0.254	2.18229917612418e-05	not_sig	beige	not_sig	INTS5
1.0243159177575e-39	0.16443326704857	0.982	0.977	3.74909869058423e-35	not_sig	beige	not_sig	RASD1
2.46378744025132e-08	0.164431583240323	0.244	0.211	0.000901770841006385	not_sig	beige	not_sig	COG1
7.73867224459221e-08	0.164421929737019	0.173	0.145	0.00283243142824319	not_sig	beige	not_sig	FOXJ2
3.67849453877468e-17	0.164156882910205	0.606	0.538	1.34636578613692e-12	not_sig	beige	not_sig	TMEM115
2.72200133709247e-08	0.163671608486664	0.216	0.184	0.000996279709389216	not_sig	beige	not_sig	IPO13
1.62285875041671e-10	0.163535612702287	0.331	0.288	5.93982531240022e-06	not_sig	beige	not_sig	MOB2
7.85776406981467e-10	0.163372389906844	0.276	0.236	2.87602022719287e-05	not_sig	beige	not_sig	TNFAIP1
1.36820499549258e-08	0.163302150347972	0.218	0.185	0.000500776710400238	not_sig	beige	not_sig	SPOUT1
7.91568806675245e-13	0.16328152523737	0.503	0.452	2.89722098931207e-08	not_sig	beige	not_sig	KANK2
9.3319758125931e-08	0.163252623942586	0.181	0.153	0.0034155964671672	not_sig	beige	not_sig	FLYWCH1
2.53272425477582e-10	0.163065327701665	0.246	0.207	9.27002404490499e-06	not_sig	beige	not_sig	ARAP1
1.47557593889782e-20	0.162991417078572	0.725	0.659	5.40075549395992e-16	not_sig	beige	not_sig	PSMD3
4.92906319157847e-11	0.162971644286884	0.327	0.283	1.80408641874964e-06	not_sig	beige	not_sig	INF2
1.18544670557314e-07	0.162953181185664	0.27	0.238	0.00433885348706824	not_sig	beige	not_sig	LRRC8A
5.32782666609317e-10	0.162763312586861	0.254	0.216	1.95003783805676e-05	not_sig	beige	not_sig	RAPGEF1
1.81370057040221e-10	0.162612597363443	0.334	0.29	6.63832545772914e-06	not_sig	beige	not_sig	UBALD1
2.67197295475404e-35	0.162544808263394	0.912	0.867	9.77968821169525e-31	not_sig	beige	not_sig	LTBR
7.84334175719176e-41	0.162516724892368	0.997	0.995	2.87074151654975e-36	not_sig	beige	not_sig	EPHX1
3.91160137631082e-08	0.162470248825069	0.219	0.187	0.00143168521974352	not_sig	beige	not_sig	FAM160B2
1.39263683080035e-10	0.162356418246802	0.636	0.601	5.09719006441235e-06	not_sig	beige	not_sig	PHGDH
8.581272521977e-13	0.162332606217148	0.401	0.349	3.1408315557688e-08	not_sig	beige	not_sig	TRMT1
3.56963644700529e-13	0.162258660042572	0.401	0.347	1.30652263596841e-08	not_sig	beige	not_sig	HIST2H2AC
2.00774879126291e-07	0.161951980208328	0.197	0.168	0.00734856135090137	not_sig	beige	not_sig	ACVR1B
5.85149588728621e-11	0.161930906974569	0.283	0.241	2.14170600970562e-06	not_sig	beige	not_sig	EFTUD2
2.82542945176047e-09	0.16191176017037	0.309	0.269	0.000103413543363885	not_sig	beige	not_sig	TMEM250
1.61158684075013e-16	0.161685622667802	0.604	0.542	5.89856899582955e-12	not_sig	beige	not_sig	IDUA
6.01717481750956e-22	0.161587935719905	0.709	0.639	2.20234615495668e-17	not_sig	beige	not_sig	CTNNB1
2.34445545237872e-24	0.16158483525592	0.778	0.71	8.58094140125136e-20	not_sig	beige	not_sig	CTDNEP1
2.27206836535483e-07	0.161365947096365	0.216	0.187	0.00831599742403522	not_sig	beige	not_sig	CDC42EP5
2.13494625586109e-10	0.1612958341	0.3	0.256	7.81411679107716e-06	not_sig	beige	not_sig	PPP2R5D
1.86990773472723e-16	0.161284712908355	0.579	0.518	6.84404929987513e-12	not_sig	beige	not_sig	TRIP6
8.434565623188e-09	0.161229845576077	0.983	0.976	0.000308713536374304	not_sig	beige	not_sig	GSN
6.38277471268516e-16	0.161179151177957	0.496	0.435	2.3361593725899e-11	not_sig	beige	not_sig	NADK
1.32768311450938e-07	0.161144420669577	0.155	0.129	0.00485945296741579	not_sig	beige	not_sig	TEAD3
9.69390332368965e-12	0.16112373524067	0.383	0.333	3.54806555550365e-07	not_sig	beige	not_sig	SYVN1
6.65660275430797e-10	0.161025201783392	0.475	0.432	2.43638317410426e-05	not_sig	beige	not_sig	TPBG
1.53780416925638e-29	0.160989760514194	0.865	0.809	5.62851703989528e-25	not_sig	beige	not_sig	FKBP8
3.33919127258465e-09	0.16094108339208	0.31	0.272	0.000122217739767871	not_sig	beige	not_sig	MIIP
4.72363148828743e-10	0.160913960248859	0.47	0.421	1.72889636102808e-05	not_sig	beige	not_sig	HYOU1
1.44773133291606e-11	0.160910109671355	0.34	0.291	5.29884145160607e-07	not_sig	beige	not_sig	OGDH
1.24687329578255e-07	0.160788572893752	0.179	0.15	0.00456368094989371	not_sig	beige	not_sig	MED16
2.37507377621107e-14	0.16078463588812	0.467	0.407	8.69300752831015e-10	not_sig	beige	not_sig	TRAPPC12
2.92897862795193e-10	0.160758465186822	0.226	0.188	1.07203546761669e-05	not_sig	beige	not_sig	MAN2B2
9.81682095650678e-08	0.160710072566313	0.226	0.194	0.00359305463829105	not_sig	beige	not_sig	DPP3
5.17505064693162e-26	0.160577085354711	0.829	0.778	1.89412028728344e-21	not_sig	beige	not_sig	VAT1
3.10329978779945e-10	0.160507788728755	0.34	0.297	1.13583875533248e-05	not_sig	beige	not_sig	IKBKG
2.51179943530298e-12	0.160414712765535	0.545	0.491	9.19343711315244e-08	not_sig	beige	not_sig	POMGNT2
2.01600426520634e-17	0.160330646777471	0.809	0.762	7.37877721108174e-13	not_sig	beige	not_sig	CHPF
2.87440593285759e-09	0.160306380049111	0.396	0.354	0.000105206131548521	not_sig	beige	not_sig	STAT5A
7.61774341744704e-15	0.160274984616673	0.991	0.983	2.78817026821979e-10	not_sig	beige	not_sig	PNPLA2
6.77233552181034e-18	0.159710224831518	0.658	0.591	2.4787425243378e-13	not_sig	beige	not_sig	INTS11
8.75001121984323e-13	0.159561040886961	0.371	0.317	3.20259160657482e-08	not_sig	beige	not_sig	PPM1M
3.02360329698877e-18	0.159387575774611	0.988	0.976	1.10666904273086e-13	not_sig	beige	not_sig	CALR
2.97360000736088e-18	0.159291841026069	0.614	0.548	1.08836733869416e-13	not_sig	beige	not_sig	MFSD12
1.12043462389102e-07	0.159289414466021	0.243	0.21	0.00410090276690352	not_sig	beige	not_sig	LMF1
3.73069202400149e-13	0.159225350192192	0.651	0.602	1.36547058770479e-08	not_sig	beige	not_sig	TSC22D1
7.74887089352591e-10	0.159196560480239	0.288	0.247	2.83616423573942e-05	not_sig	beige	not_sig	ZXDC
2.59596270482341e-17	0.159071009801991	0.578	0.51	9.50148309592417e-13	not_sig	beige	not_sig	TMEM109
1.10501314328908e-65	0.159027064094928	0.998	0.996	4.04445860575236e-61	not_sig	beige	not_sig	TKT
3.76964069055954e-32	0.158900907135119	0.996	0.992	1.3797261891517e-27	not_sig	beige	not_sig	IGFBP4
7.16885925437965e-14	0.158796300389427	0.833	0.803	2.6238741756955e-09	not_sig	beige	not_sig	PLTP
6.58478030957602e-09	0.158448666729377	0.52	0.481	0.000241009544110792	not_sig	beige	not_sig	FOXO1
7.0447181872651e-10	0.158269978451939	0.594	0.555	2.5784373037209e-05	not_sig	beige	not_sig	C2CD2
5.12979347144909e-09	0.158267868428706	0.327	0.287	0.000187755570848508	not_sig	beige	not_sig	KLHL22
8.11603900590008e-24	0.158267525410117	0.782	0.722	2.97055143654949e-19	not_sig	beige	not_sig	EIF3B
2.54184686943456e-08	0.15822962022453	0.255	0.22	0.000930341372681743	not_sig	beige	not_sig	PRPS1
5.48377232851107e-45	0.158182178529114	0.981	0.969	2.00711550995834e-40	not_sig	beige	not_sig	ACADVL
7.85234077449164e-09	0.158125315880472	0.255	0.22	0.000287403524687169	not_sig	beige	not_sig	CRKL
1.29136021293916e-50	0.158095782687083	0.968	0.948	4.7265075153786e-46	not_sig	beige	not_sig	NOP53
2.02823806726554e-07	0.157881718964482	0.217	0.187	0.0074235541499986	not_sig	beige	not_sig	INTS14
2.13927688707503e-08	0.157836769805868	0.249	0.215	0.00078299673343833	not_sig	beige	not_sig	MTMR4
5.99323020496444e-09	0.157778954387749	0.279	0.242	0.000219358218731903	not_sig	beige	not_sig	ZNHIT2
1.88565799820753e-07	0.157760326926714	0.202	0.173	0.00690169683923938	not_sig	beige	not_sig	ARHGEF26
1.68704753867062e-09	0.157468281250292	0.243	0.207	6.17476269628835e-05	not_sig	beige	not_sig	ABTB1
2.37270638435714e-08	0.157370853300417	0.243	0.21	0.000868434263738558	not_sig	beige	not_sig	LEMD3
3.47639139248117e-31	0.157326382583513	0.856	0.803	1.27239401356203e-26	not_sig	beige	not_sig	GPAA1
8.45650476543491e-15	0.15697372880223	0.621	0.566	3.09516530919683e-10	not_sig	beige	not_sig	ANGPTL2
7.32170917933595e-20	0.156864610141118	0.748	0.678	2.67981877672875e-15	not_sig	beige	not_sig	CDIPT
7.40749426304314e-08	0.15675552284026	0.24	0.208	0.00271121697521642	not_sig	beige	not_sig	FUZ
2.5327037972956e-07	0.156722726025571	0.125	0.102	0.00926994916848163	not_sig	beige	not_sig	UBA7
6.58155814863522e-15	0.156617626084836	0.624	0.562	2.40891609798198e-10	not_sig	beige	not_sig	STX10
9.66070078117721e-16	0.156558992954691	0.651	0.596	3.53591309291867e-11	not_sig	beige	not_sig	CAPN2
4.81329550785754e-11	0.156456505117416	0.455	0.407	1.76171428883094e-06	not_sig	beige	not_sig	BICD2
3.07692880630527e-10	0.15645339755828	0.405	0.359	1.12618671239579e-05	not_sig	beige	not_sig	RFXANK
1.27944016522753e-07	0.156327233702643	0.187	0.158	0.00468287894874928	not_sig	beige	not_sig	AXL
4.32978737621065e-19	0.156271687936528	0.744	0.686	1.58474547756686e-14	not_sig	beige	not_sig	ACO2
9.81652317470917e-10	0.156256316816387	0.324	0.281	3.5929456471753e-05	not_sig	beige	not_sig	CYB561A3
4.85049968148116e-10	0.156228866102413	0.486	0.44	1.77533138841892e-05	not_sig	beige	not_sig	PLEKHF1
2.7342981385774e-36	0.155918357055307	0.932	0.906	1.00078046170071e-31	not_sig	beige	not_sig	EHD2
1.20891696967014e-08	0.155862937733592	0.213	0.181	0.000442475700068969	not_sig	beige	not_sig	ZER1
5.52570446052429e-16	0.155851423464915	0.633	0.574	2.02246308959649e-11	not_sig	beige	not_sig	TMEM214
1.4345656978567e-08	0.155706979032314	0.225	0.192	0.000525065391072532	not_sig	beige	not_sig	NXN
2.68510571730355e-09	0.155684444596973	0.284	0.246	9.82775543590271e-05	not_sig	beige	not_sig	CDK5RAP2
1.14299403132724e-13	0.155670727925503	0.426	0.368	4.18347245406085e-09	not_sig	beige	not_sig	MED15
6.98168524147723e-09	0.155523593564592	0.352	0.313	0.000255536661523308	not_sig	beige	not_sig	SDC3
3.85804161217676e-17	0.155402993122876	0.689	0.627	1.41208181047282e-12	not_sig	beige	not_sig	SLC52A2
2.02873099592704e-07	0.155279804104258	0.225	0.195	0.00742535831819256	not_sig	beige	not_sig	CHSY1
6.43465558724405e-10	0.1551839450675	0.433	0.388	2.35514829148719e-05	not_sig	beige	not_sig	ITM2C
3.83452399637877e-15	0.155164168185004	0.626	0.57	1.40347412791459e-10	not_sig	beige	not_sig	MGAT4B
3.92334474066678e-11	0.155089576678624	0.506	0.453	1.43598340853145e-06	not_sig	beige	not_sig	C8orf82
2.20406883048343e-17	0.154986681820732	0.821	0.786	8.06711232645241e-13	not_sig	beige	not_sig	ZMIZ1
2.09299055759468e-07	0.154984182498657	0.224	0.194	0.0076605547398523	not_sig	beige	not_sig	SOX12
3.15600381996025e-19	0.154937020183175	0.77	0.712	1.15512895814365e-14	not_sig	beige	not_sig	FBXW5
1.07219391909374e-16	0.15489107852307	0.656	0.595	3.92433696327498e-12	not_sig	beige	not_sig	DNPEP
4.69727221847529e-15	0.154786261022989	0.525	0.459	1.71924860468414e-10	not_sig	beige	not_sig	PLBD2
9.53930329565676e-09	0.154753697485989	0.562	0.524	0.000349148039924333	not_sig	beige	not_sig	DGAT1
4.92957282864432e-11	0.154604391848565	0.371	0.325	1.80427295101211e-06	not_sig	beige	not_sig	CSK
1.26321545406719e-07	0.154529312074898	0.351	0.313	0.00462349488343133	not_sig	beige	not_sig	MAFG
1.25249972464341e-09	0.15439875656642	0.363	0.322	4.58427424216734e-05	not_sig	beige	not_sig	SNRPN
4.74182166402080e-11	0.15419111007057	0.436	0.387	1.73555414724825e-06	not_sig	beige	not_sig	SNTA1
1.17197637834369e-12	0.153953429181172	0.412	0.357	4.28955074237572e-08	not_sig	beige	not_sig	TRADD
4.99609725310349e-17	0.153828273143703	0.632	0.567	1.82862155560841e-12	not_sig	beige	not_sig	FAM234A
1.50839268548632e-11	0.153684167314726	0.311	0.266	5.5208680681485e-07	not_sig	beige	not_sig	MBD3
1.21074567330526e-13	0.153533628584262	0.511	0.454	4.43145023886460e-09	not_sig	beige	not_sig	STX5
9.48317067009295e-43	0.153518936027262	0.985	0.973	3.47093529696072e-38	not_sig	beige	not_sig	GRINA
2.67160352054348e-25	0.153493439463592	0.887	0.857	9.77833604554117e-21	not_sig	beige	not_sig	DHCR24
1.39711668812093e-12	0.153485592666637	0.417	0.364	5.1135867901914e-08	not_sig	beige	not_sig	RIPOR1
1.58211367422004e-15	0.153457520687325	0.62	0.56	5.79069425901277e-11	not_sig	beige	not_sig	SCYL1
1.47626875873025e-14	0.153326602107245	0.439	0.38	5.40329128382859e-10	not_sig	beige	not_sig	CENPB
3.52415221162126e-13	0.153247995980148	0.496	0.441	1.2898749509755e-08	not_sig	beige	not_sig	CDC42EP1
4.66919582890452e-08	0.153158607018189	0.307	0.271	0.00170897236533734	not_sig	beige	not_sig	RPS6KA2
2.11907551191426e-15	0.153102827069101	0.626	0.565	7.75602828115738e-11	not_sig	beige	not_sig	DDX49
1.35238262414657e-07	0.152970728089809	0.242	0.21	0.00494985564263886	not_sig	beige	not_sig	FURIN
1.10759430597595e-07	0.152803027840037	0.23	0.199	0.00405390591930258	not_sig	beige	not_sig	WDR83
1.14179908894497e-10	0.152429537447354	0.357	0.312	4.1790988454475e-06	not_sig	beige	not_sig	NPLOC4
4.05441946769064e-13	0.152421835075599	0.57	0.518	1.48395806936945e-08	not_sig	beige	not_sig	PDXDC1
1.76057996122047e-25	0.15232332961728	0.824	0.769	6.44389871606305e-21	not_sig	beige	not_sig	PLOD1
1.06936920340167e-07	0.152211645958693	0.672	0.637	0.00391399822137044	not_sig	beige	not_sig	MSX1
9.55838867571764e-11	0.152210981040675	0.456	0.408	3.49846583919941e-06	not_sig	beige	not_sig	GFPT2
6.97621075978219e-13	0.152204774170136	0.454	0.398	2.55336290018788e-08	not_sig	beige	not_sig	GCN1
4.66771492010121e-09	0.152108696050918	0.261	0.224	0.000170843033790624	not_sig	beige	not_sig	CLASRP
1.47561048231127e-09	0.152100154249907	0.304	0.263	5.40088192630749e-05	not_sig	beige	not_sig	MIB2
5.73937019486714e-08	0.1520942812985	0.476	0.439	0.00210066688502332	not_sig	beige	not_sig	LETM1
5.62292821915791e-08	0.152072998355739	0.207	0.176	0.00205804795749399	not_sig	beige	not_sig	TRMT61A
1.10144762995591e-08	0.152013287748054	0.222	0.189	0.000403140847040163	not_sig	beige	not_sig	CLPB
4.72721862759615e-09	0.151958615127461	0.277	0.239	0.000173020928988647	not_sig	beige	not_sig	MAP2K7
2.55583081238484e-09	0.151721389411899	0.352	0.309	9.35459635640975e-05	not_sig	beige	not_sig	PRMT7
2.25219676226475e-12	0.151534379353919	0.377	0.325	8.2432653695652e-08	not_sig	beige	not_sig	GUCD1
7.66147821879581e-13	0.151518583858844	0.723	0.685	2.80417764286145e-08	not_sig	beige	not_sig	SEPTIN9
3.62030244654228e-09	0.151402294336402	0.441	0.399	0.000132506689845894	not_sig	beige	not_sig	XYLT1
7.07790426022018e-09	0.151374711195554	0.278	0.24	0.000259058373828319	not_sig	beige	not_sig	PIAS3
8.98726585328447e-32	0.151297033489306	0.929	0.893	3.28942917496065e-27	not_sig	beige	not_sig	NFIC
1.07538715947417e-36	0.151247641870316	0.942	0.906	3.93602454239141e-32	not_sig	beige	not_sig	MAP2K2
1.82050082450656e-12	0.151198317607674	0.446	0.392	6.66321506777648e-08	not_sig	beige	not_sig	RNF126
8.99695502553977e-21	0.151155429020034	0.871	0.848	3.29297550889781e-16	not_sig	beige	not_sig	LPCAT3
2.73079938486735e-07	0.151082675990268	0.198	0.169	0.00999499882855297	not_sig	beige	not_sig	WBP1L
7.3833850615408e-11	0.151070262246411	0.454	0.408	2.70239276637455e-06	not_sig	beige	not_sig	MARS
9.83868932913792e-14	0.151037684646299	0.471	0.412	3.60105868135777e-09	not_sig	beige	not_sig	RSBN1L
8.00761517659042e-10	0.150829841712163	0.23	0.193	2.93086723078386e-05	not_sig	beige	not_sig	VIPAS39
9.98014135079881e-16	0.150757838438266	0.777	0.732	3.65283153580587e-11	not_sig	beige	not_sig	ADAMTS2
1.40688054206352e-08	0.15047545515836	0.183	0.152	0.00051493234720067	not_sig	beige	not_sig	ANKRD52
6.92886413304986e-15	0.150455976724377	0.78	0.728	2.53603356133758e-10	not_sig	beige	not_sig	SHMT2
2.24377651650491e-12	0.150421278887591	0.42	0.367	8.21244642805963e-08	not_sig	beige	not_sig	SELENOO
4.25765793871044e-15	0.15029811855724	0.641	0.58	1.55834538214741e-10	not_sig	beige	not_sig	AP3D1
2.46044389152881e-08	0.150278820600986	0.29	0.254	0.000900547068738461	not_sig	beige	not_sig	SLC25A17
5.76196782409001e-11	0.150266620846824	0.483	0.431	2.10893784329519e-06	not_sig	beige	not_sig	MAN1B1
3.72396853868608e-08	0.150210201961812	0.232	0.199	0.00136300972484449	not_sig	beige	not_sig	CLK2
1.14459593954408e-14	0.150203675676785	0.577	0.515	4.18933559832528e-10	not_sig	beige	not_sig	NR1H2
1.89145428607298e-12	0.150202091569113	0.492	0.436	6.92291183245573e-08	not_sig	beige	not_sig	HGS
4.34567048009857e-13	0.150165876992316	0.498	0.44	1.59055885242088e-08	not_sig	beige	not_sig	ALG1
1.70995362222541e-07	0.149802716373164	0.231	0.2	0.00625860125270721	not_sig	beige	not_sig	FBRS
1.39382005018369e-16	0.149798904870337	0.623	0.557	5.10152076567734e-12	not_sig	beige	not_sig	SORBS3
1.15509285231332e-17	0.149547731081643	0.708	0.646	4.227755348752e-13	not_sig	beige	not_sig	WBP2
1.31254987198377e-08	0.149437872028205	0.43	0.389	0.000480406378644779	not_sig	beige	not_sig	RFTN1
1.50916134773077e-09	0.149087452392877	0.356	0.315	5.52368144882938e-05	not_sig	beige	not_sig	PIEZO1
8.14067176237738e-08	0.149086539258565	0.273	0.239	0.00297956727174774	not_sig	beige	not_sig	CTDSP1
1.82031678506424e-36	0.149035813560165	0.989	0.989	6.66254146501362e-32	not_sig	beige	not_sig	CD248
9.44852109979716e-10	0.148999261368393	0.428	0.382	3.45825320773676e-05	not_sig	beige	not_sig	CHPF2
2.53790888856819e-10	0.148899435695987	0.376	0.33	9.28900032304843e-06	not_sig	beige	not_sig	RRP1
6.97274126719004e-13	0.148720628981217	0.692	0.644	2.55209303120423e-08	not_sig	beige	not_sig	NT5DC2
2.66330439363087e-07	0.148372868066601	0.204	0.175	0.00974796041112834	not_sig	beige	not_sig	APOBEC3C
2.91844882425246e-09	0.148251561156517	0.348	0.305	0.000106818145416464	not_sig	beige	not_sig	SLC35F6
3.40420013883854e-11	0.147860082298826	0.447	0.398	1.24597129281629e-06	not_sig	beige	not_sig	BTBD2
7.7700950267251e-13	0.14762601560722	0.437	0.384	2.84393248073165e-08	not_sig	beige	not_sig	CYBC1
1.21271305958368e-10	0.147377941895681	0.431	0.383	4.43865106938224e-06	not_sig	beige	not_sig	A4GALT
6.21935828560592e-09	0.14730548703932	0.319	0.278	0.000227634732611462	not_sig	beige	not_sig	THOC5
1.00592308288779e-10	0.147220274079816	0.412	0.364	3.68177907567759e-06	not_sig	beige	not_sig	DHRS7B
3.08423751618518e-09	0.147182908298018	0.443	0.402	0.000112886177329894	not_sig	beige	not_sig	IRS1
1.62250722493208e-13	0.147182619596455	0.584	0.53	5.9385386939739e-09	not_sig	beige	not_sig	PNMA1
1.85676770984025e-09	0.147165993083659	0.406	0.361	6.79595549478632e-05	not_sig	beige	not_sig	TMEM127
1.83117398186464e-18	0.147165024136222	0.818	0.768	6.70227989102275e-14	not_sig	beige	not_sig	AHCY
1.05684641847231e-09	0.146972267575296	0.316	0.275	3.86816357625049e-05	not_sig	beige	not_sig	NAT9
8.60418536311025e-14	0.146895525254236	0.888	0.868	3.14921788475198e-09	not_sig	beige	not_sig	ANGPTL4
5.00527295007158e-12	0.146555383594265	0.522	0.469	1.8319799524557e-07	not_sig	beige	not_sig	E2F4
9.56825452100131e-16	0.146389021802545	0.645	0.581	3.50207683723169e-11	not_sig	beige	not_sig	MFSD10
8.42461318644192e-08	0.14625099055999	0.25	0.217	0.00308349267236961	not_sig	beige	not_sig	HOXB4
3.53324984616575e-12	0.146192885895357	0.491	0.438	1.29320477619513e-07	not_sig	beige	not_sig	ZC3HAV1
4.15647145971869e-10	0.146159773084785	0.379	0.333	1.52131011897164e-05	not_sig	beige	not_sig	LRP11
3.35469459883029e-18	0.146063253712412	0.728	0.668	1.22785177011787e-13	not_sig	beige	not_sig	SDHA
1.75143071593655e-10	0.1460422396428	0.36	0.313	6.41041156339935e-06	not_sig	beige	not_sig	SERTAD1
1.55323584931023e-07	0.145909540734745	0.302	0.267	0.00568499853206038	not_sig	beige	not_sig	ITPKC
1.31516426627807e-12	0.145837189401093	0.56	0.506	4.81363273100438e-08	not_sig	beige	not_sig	MFSD5
2.41323444987565e-07	0.145809196646725	0.191	0.163	0.00883267940998989	not_sig	beige	not_sig	ACAP3
1.14811866340662e-12	0.145793217568269	0.488	0.434	4.20222911993458e-08	not_sig	beige	not_sig	SNX19
3.92467017940535e-11	0.145694137876631	0.567	0.517	1.43646853236415e-06	not_sig	beige	not_sig	HK1
2.63571769572556e-30	0.14562831474443	0.932	0.899	9.64699033812514e-26	not_sig	beige	not_sig	RNH1
3.20747313279686e-08	0.145599723319463	0.274	0.239	0.00117396724133498	not_sig	beige	not_sig	OGG1
4.50539041227213e-09	0.145583968068143	0.404	0.359	0.000164901794479572	not_sig	beige	not_sig	CARS2
7.4822191411044e-09	0.145564002441049	0.422	0.382	0.000273856702783562	not_sig	beige	not_sig	SUOX
1.71067104250175e-20	0.145511817167934	0.785	0.728	6.26122708266067e-16	not_sig	beige	not_sig	CLPTM1
8.60207673098511e-08	0.145454633775325	0.58	0.543	0.00314844610430786	not_sig	beige	not_sig	GADD45B
1.91987133406434e-12	0.14543166836905	0.487	0.434	7.02692106980888e-08	not_sig	beige	not_sig	B4GAT1
5.90592495987135e-13	0.145362568507328	0.375	0.322	2.16162759456251e-08	not_sig	beige	not_sig	WRNIP1
1.25797161722034e-14	0.145302631587626	0.596	0.534	4.60430191618818e-10	not_sig	beige	not_sig	WDR18
7.14401346339414e-08	0.145248978201492	0.334	0.296	0.00261478036773689	not_sig	beige	not_sig	TM7SF3
4.60097301938495e-08	0.144887906270573	0.209	0.178	0.00168400213482509	not_sig	beige	not_sig	PSKH1
1.83334373136565e-09	0.144537205506457	0.305	0.264	6.7102213911714e-05	not_sig	beige	not_sig	MTA2
2.62558212180967e-07	0.14443658945594	0.231	0.2	0.00960989312403558	not_sig	beige	not_sig	MAP2K5
1.22407541754257e-12	0.144343853056928	0.451	0.393	4.48023843574755e-08	not_sig	beige	not_sig	PRPF19
1.71545438222316e-08	-0.144201456914213	0.472	0.504	0.000627873458437499	not_sig	white	not_sig	MGP
4.91261635081232e-17	0.144193299631014	0.798	0.753	1.79806671056082e-12	not_sig	beige	not_sig	ZBTB16
5.06934715318099e-08	0.144100523183797	0.199	0.169	0.00185543175153577	not_sig	beige	not_sig	NCKAP5L
2.35051598993674e-13	0.144070400917291	0.634	0.574	8.60312357476745e-09	not_sig	beige	not_sig	RABL6
8.66365974371904e-24	0.143823735130612	0.821	0.766	3.17098610279861e-19	not_sig	beige	not_sig	SNRPB
1.25810968447211e-13	0.143582634234341	0.928	0.904	4.60480725613637e-09	not_sig	beige	not_sig	ACLY
1.25896938846963e-07	0.143484840980722	0.21	0.179	0.00460795385873768	not_sig	beige	not_sig	EHD1
6.88764037063825e-09	0.143281849244656	0.621	0.581	0.00025209452520573	not_sig	beige	not_sig	ENC1
1.95132209543229e-15	0.143279492970751	0.82	0.781	7.14203400149173e-11	not_sig	beige	not_sig	TUBB4B
5.53929670006839e-08	0.143271357659692	0.262	0.225	0.00202743798519203	not_sig	beige	not_sig	USP5
4.01511609344309e-08	0.143248158730734	0.231	0.197	0.00146957264136111	not_sig	beige	not_sig	SYMPK
1.39403637440307e-09	0.142970037556795	0.39	0.345	5.10231253395266e-05	not_sig	beige	not_sig	WASHC1
2.2271061663441e-09	0.142947792558793	0.361	0.318	8.15143127943604e-05	not_sig	beige	not_sig	PTDSS2
2.17094864432851e-16	0.14290721983423	0.676	0.615	7.94588913310677e-12	not_sig	beige	not_sig	MAZ
1.95439168910207e-09	0.142787171275293	0.254	0.216	7.1532690212825e-05	not_sig	beige	not_sig	PGS1
1.1980820596838e-08	0.142675049433012	0.234	0.199	0.000438510014664867	not_sig	beige	not_sig	NUP188
1.33980997322748e-07	0.14251609873481	0.199	0.169	0.00490383848300989	not_sig	beige	not_sig	CUL7
2.31707169878926e-08	0.142435106102674	0.267	0.23	0.000848071412473856	not_sig	beige	not_sig	MARK2
1.64426554320015e-08	0.142257063772371	0.293	0.254	0.000601817631466687	not_sig	beige	not_sig	PARP4
7.33884481105229e-08	0.142214030625013	0.2	0.169	0.00268609058929325	not_sig	beige	not_sig	PRMT6
2.35120375874016e-10	0.141998071546134	0.292	0.249	8.60564087736484e-06	not_sig	beige	not_sig	CHMP1A
2.29752593865498e-13	0.141735186453886	0.521	0.464	8.40917468807107e-09	not_sig	beige	not_sig	THAP11
2.66654615688711e-13	0.141730756969263	0.499	0.442	9.75982558882250e-09	not_sig	beige	not_sig	SLC39A1
2.03203250387734e-10	0.141282327134883	0.351	0.305	7.43744216744144e-06	not_sig	beige	not_sig	PIP4P1
4.70239506396807e-16	0.141152099987098	0.727	0.666	1.72112361736295e-11	not_sig	beige	not_sig	MRPS2
4.77859664633797e-13	0.141045857472734	0.665	0.609	1.74901415852616e-08	not_sig	beige	not_sig	RETSAT
1.91261355531198e-41	0.140990696948442	0.996	0.992	7.00035687379739e-37	not_sig	beige	not_sig	P4HB
1.6647838910702e-09	0.140812244628234	0.399	0.355	6.09327551970604e-05	not_sig	beige	not_sig	ORMDL3
1.13392029438799e-12	0.140756078856162	0.559	0.502	4.15026166948949e-08	not_sig	beige	not_sig	B4GALT2
1.14197073397576e-11	0.140686168520684	0.557	0.503	4.17972708342468e-07	not_sig	beige	not_sig	DBNL
8.39850272477347e-10	0.140635245818063	0.915	0.884	3.07393598229434e-05	not_sig	beige	not_sig	MKNK2
1.25308421611079e-08	0.140400387575971	0.363	0.323	0.000458641353938711	not_sig	beige	not_sig	TNKS
1.15442305786326e-15	0.140348575349056	0.586	0.524	4.22530383408531e-11	not_sig	beige	not_sig	SNRNP200
4.47322393069661e-08	0.140261879677334	0.299	0.262	0.00163724469087427	not_sig	beige	not_sig	RPUSD4
3.39935684388296e-11	0.140213314716699	0.538	0.492	1.2441985984296e-06	not_sig	beige	not_sig	YARS
2.37260560476733e-13	0.140077498501012	0.604	0.544	8.68397377400889e-09	not_sig	beige	not_sig	BCKDK
1.31387325559022e-09	0.13980872700289	0.389	0.344	4.80890750278575e-05	not_sig	beige	not_sig	ORAI1
2.10628347032487e-29	0.139756719343204	0.943	0.92	7.70920812973606e-25	not_sig	beige	not_sig	GPI
1.47700672907785e-08	0.139748618471273	0.363	0.321	0.000540599232909785	not_sig	beige	not_sig	AKAP17A
1.02632514891572e-07	0.139655731814891	0.319	0.282	0.00375645267754643	not_sig	beige	not_sig	PLEKHO2
3.69909906606975e-11	0.139647502502021	0.448	0.399	1.35390724917219e-06	not_sig	beige	not_sig	GSK3A
2.30731122475248e-08	0.139596131161764	0.292	0.255	0.000844498981371656	not_sig	beige	not_sig	DGCR2
2.97237610359182e-08	0.139336656032388	0.269	0.233	0.00108791937767564	not_sig	beige	not_sig	RABGGTA
6.63513081481994e-23	0.139236075998533	0.821	0.761	2.42852422953225e-18	not_sig	beige	not_sig	ADD1
4.07142841976495e-08	0.139226009422015	0.247	0.212	0.00149018351591817	not_sig	beige	not_sig	RHBDF1
2.94849965798832e-08	0.139193994928475	0.502	0.458	0.0010791803598203	not_sig	beige	not_sig	TRIM8
1.58641819422777e-08	0.139181532626659	0.293	0.255	0.000580644923269304	not_sig	beige	not_sig	PTGFRN
5.3996897853687e-16	0.139126186483396	0.703	0.645	1.9763404583428e-11	not_sig	beige	not_sig	BIN1
4.01167572589776e-08	0.139111836926225	0.43	0.386	0.00146831343243584	not_sig	beige	not_sig	IMPA2
8.60757197906174e-24	0.139002917403523	0.929	0.904	3.15045742005639e-19	not_sig	beige	not_sig	OS9
4.63956708540203e-15	0.138788245398401	0.717	0.66	1.698127948928e-10	not_sig	beige	not_sig	CD68
3.26640822310492e-09	0.138711782818025	0.384	0.34	0.000119553807373863	not_sig	beige	not_sig	DYNLRB1
1.31592692926535e-08	0.138625772411817	0.294	0.256	0.000481642415380412	not_sig	beige	not_sig	EPS15L1
1.48984853619352e-16	0.138614864555023	0.778	0.729	5.4529946273219e-12	not_sig	beige	not_sig	FKBP4
9.82714700268456e-08	0.138532795839116	0.281	0.246	0.00359683407445257	not_sig	beige	not_sig	NLE1
1.38212714577134e-11	0.138443067093557	0.449	0.395	5.05872356623769e-07	not_sig	beige	not_sig	BTBD6
1.0614836617187e-11	0.138326733534443	0.521	0.464	3.88513635025662e-07	not_sig	beige	not_sig	NECTIN2
7.05578298263496e-10	0.138287908489179	0.524	0.481	2.58248712947422e-05	not_sig	beige	not_sig	IRF2BPL
1.81078742719088e-12	0.138265413219679	0.583	0.526	6.62766306226135e-08	not_sig	beige	not_sig	VPS4A
2.58363237818878e-08	0.138111774509274	0.239	0.205	0.000945635286740877	not_sig	beige	not_sig	TIMM29
2.7119197891153e-08	0.137997315147379	0.286	0.251	0.00099258976201409	not_sig	beige	not_sig	NCKIPSD
1.62024949568974e-08	0.137976280481693	0.413	0.371	0.000593027517917402	not_sig	beige	not_sig	STIM1
4.76185090371036e-13	0.137958263120714	0.626	0.577	1.74288504926703e-08	not_sig	beige	not_sig	PRRC2A
4.32035846086038e-08	0.137771555555087	0.319	0.284	0.00158129440025951	not_sig	beige	not_sig	MAPK12
1.00542724590816e-13	0.137501291575448	0.575	0.518	3.67996426274846e-09	not_sig	beige	not_sig	TFE3
1.02776615598289e-29	-0.137454546979924	0.948	0.941	3.76172690751296e-25	not_sig	white	not_sig	NDUFB1
1.99702660710586e-19	0.137440514132615	0.924	0.902	7.30931708466816e-15	not_sig	beige	not_sig	FADS3
2.13854065983129e-08	0.137372406583444	0.314	0.276	0.000782727266904851	not_sig	beige	not_sig	FBXL6
2.0994569003883e-10	0.137304639721118	0.511	0.458	7.68422220111123e-06	not_sig	beige	not_sig	CSNK1E
2.0915202962934e-12	0.13727358119947	0.486	0.432	7.65517343646346e-08	not_sig	beige	not_sig	TAF6
3.6118471400123e-12	0.137105521150045	0.604	0.545	1.3219721717159e-07	not_sig	beige	not_sig	PDCD7
1.95646945604832e-07	0.137059864405545	0.379	0.34	0.00716087385608246	not_sig	beige	not_sig	SIN3B
3.95192818027219e-16	0.137009067352905	0.693	0.629	1.44644523326142e-11	not_sig	beige	not_sig	RBM42
5.00070362819212e-08	0.136965165502133	0.347	0.308	0.0018303075349546	not_sig	beige	not_sig	RSAD1
8.89565440152935e-10	0.136748078836158	0.335	0.292	3.25589846750376e-05	not_sig	beige	not_sig	PWWP2A
2.63506049841589e-07	0.136485662890514	0.429	0.395	0.00964458493025201	not_sig	beige	not_sig	IER5L
2.37317798615868e-14	0.136452709561235	0.629	0.571	8.68606874713937e-10	not_sig	beige	not_sig	WLS
3.66472901803952e-11	0.136389088189165	0.423	0.373	1.34132746789264e-06	not_sig	beige	not_sig	SNAPC2
2.19878767875634e-08	0.13635443463223	0.484	0.443	0.000804778278301607	not_sig	beige	not_sig	EFNB1
7.07913464744536e-09	0.136203399006309	0.348	0.308	0.000259103407231148	not_sig	beige	not_sig	REPIN1
2.02666645467755e-10	0.136059979473793	0.41	0.362	7.41780189076531e-06	not_sig	beige	not_sig	PJA1
5.95431636512947e-12	0.136015801558712	0.541	0.487	2.17933933280104e-07	not_sig	beige	not_sig	NAPRT
4.95172206180621e-08	0.135848928994967	0.333	0.296	0.00181237979184169	not_sig	beige	not_sig	ADIPOR2
1.39501135053769e-12	0.135837973275668	0.527	0.474	5.10588104410299e-08	not_sig	beige	not_sig	TNFRSF10B
4.17219728121634e-15	0.135791908126031	0.797	0.761	1.52706592689799e-10	not_sig	beige	not_sig	TMBIM1
2.25312401430438e-10	0.135728587165869	0.37	0.324	8.24665920475545e-06	not_sig	beige	not_sig	NELFB
2.80210955774824e-102	-0.135665946881937	1	1	1.02560011923143e-97	not_sig	white	not_sig	RPS29
3.46581331593761e-09	0.135660719611953	0.438	0.392	0.000126852233176633	not_sig	beige	not_sig	PIGS
6.38786187806393e-10	0.135551127853787	0.469	0.419	2.33802132599018e-05	not_sig	beige	not_sig	TMEM101
9.30127024657828e-10	0.135498795244951	0.505	0.458	3.40435792295012e-05	not_sig	beige	not_sig	USP11
2.23891553247811e-12	0.135403512452419	0.529	0.471	8.19465474042312e-08	not_sig	beige	not_sig	TMEM175
4.1188946743228e-14	0.135057042790983	0.676	0.617	1.50755663974889e-09	not_sig	beige	not_sig	ZBTB7A
1.23967465315075e-15	0.135055401194353	0.646	0.583	4.53733319799705e-11	not_sig	beige	not_sig	GPS1
2.77386800254344e-08	0.135040334656477	0.25	0.215	0.00101526342761092	not_sig	beige	not_sig	TRIM32
6.5677875626471e-11	0.134793641871229	0.468	0.416	2.40387592580446e-06	not_sig	beige	not_sig	EIF2B4
1.82687403877608e-08	0.134683577402252	0.305	0.266	0.000668654166932433	not_sig	beige	not_sig	MYPOP
9.17202875335303e-09	0.134673589302246	0.299	0.26	0.000335705424401474	not_sig	beige	not_sig	EEFSEC
5.26662665659432e-08	0.134524179921337	0.299	0.262	0.00192763802258009	not_sig	beige	not_sig	HEXD
3.69020726751609e-08	0.134288869742269	0.822	0.797	0.00135065276198356	not_sig	beige	not_sig	ZFP36L2
1.3075579965742e-10	0.134087745732167	0.347	0.301	4.78579302326124e-06	not_sig	beige	not_sig	SRCAP
1.59601828861021e-09	0.13401106200546	0.329	0.287	5.84158653814223e-05	not_sig	beige	not_sig	NECAB3
5.30935897975451e-09	-0.134000287501871	0.641	0.644	0.000194327848017995	not_sig	white	not_sig	MTIF3
1.61967648911901e-07	0.133962275609194	0.427	0.392	0.00592817791782448	not_sig	beige	not_sig	TBX3
2.03908269663366e-08	0.133557517990424	0.318	0.279	0.000746324657794886	not_sig	beige	not_sig	ADPRHL2
2.08822390092898e-08	0.133536819989458	0.257	0.221	0.000764310829979016	not_sig	beige	not_sig	MAML1
5.42779926659943e-08	0.133520856053579	0.276	0.241	0.00198662880956806	not_sig	beige	not_sig	KHSRP
7.45061525222729e-14	0.133487378017207	0.965	0.954	2.72699968846771e-09	not_sig	beige	not_sig	CEBPD
7.23599681383207e-08	0.13347379430915	0.336	0.299	0.00264844719383068	not_sig	beige	not_sig	H6PD
2.44589293350343e-09	0.13338047548748	0.445	0.398	8.95221272591589e-05	not_sig	beige	not_sig	WFS1
2.16765662159664e-11	0.133357642525537	0.667	0.616	7.93384000070586e-07	not_sig	beige	not_sig	SNX9
1.97056142811856e-07	0.133299089567735	0.226	0.196	0.00721245188305673	not_sig	beige	not_sig	ESS2
1.11654183588732e-07	0.133205446554593	0.299	0.262	0.00408665477353117	not_sig	beige	not_sig	KMT2B
1.45984422767669e-07	0.13307325073861	0.308	0.272	0.00534317585771945	not_sig	beige	not_sig	CXXC1
8.74822277759656e-15	0.133017729764107	0.677	0.618	3.20193701882812e-10	not_sig	beige	not_sig	ILF3
1.83303256302435e-08	0.13272534779749	0.367	0.326	0.000670908248392542	not_sig	beige	not_sig	ARFGAP2
1.00265112841098e-07	0.132703271775189	0.662	0.626	0.00366980339509704	not_sig	beige	not_sig	PTGES
3.28917524212769e-19	0.132614277479787	0.835	0.784	1.20387103037116e-14	not_sig	beige	not_sig	COPG1
3.59645565554212e-11	0.132391454985763	0.554	0.496	1.31633873448497e-06	not_sig	beige	not_sig	HARS
7.31460005416349e-12	0.132385885242573	0.562	0.504	2.67721676582438e-07	not_sig	beige	not_sig	GUSB
4.04083939520954e-10	0.132363048950712	0.495	0.446	1.47898762704064e-05	not_sig	beige	not_sig	SLC66A2
7.2993362307159e-09	0.132235920003128	0.283	0.245	0.000267163005380433	not_sig	beige	not_sig	FN3KRP
1.06508705344663e-08	0.132172893292298	0.383	0.339	0.000389832512432003	not_sig	beige	not_sig	ACADS
1.33030612488329e-10	0.132079589541456	0.451	0.401	4.86905344768532e-06	not_sig	beige	not_sig	LZTS2
2.45412130321945e-09	0.131935379383669	0.566	0.518	8.98232938191351e-05	not_sig	beige	not_sig	RND3
2.8910187262154e-13	0.131906148132074	0.629	0.57	1.0581417639821e-08	not_sig	beige	not_sig	NFIX
1.29538779039949e-11	0.131903030120386	0.45	0.397	4.74124885164117e-07	not_sig	beige	not_sig	PPP1R18
1.27978900691888e-07	0.131723097141345	0.415	0.378	0.00468415574422378	not_sig	beige	not_sig	ASAP3
2.05340290513702e-10	0.131569332418389	0.407	0.36	7.515659973092e-06	not_sig	beige	not_sig	CSNK1G2
8.07304786417238e-09	0.131553948912947	0.246	0.21	0.000295481624876573	not_sig	beige	not_sig	NAB2
4.15220950112495e-16	0.131520906478978	0.695	0.635	1.51975019950674e-11	not_sig	beige	not_sig	WDR1
1.79665724263142e-13	0.131462449075349	0.759	0.708	6.57594517375526e-09	not_sig	beige	not_sig	LAP3
7.54144013133857e-15	0.131453337172341	0.682	0.623	2.76024250247123e-10	not_sig	beige	not_sig	CDK16
3.19971460545432e-10	0.131409359304903	0.656	0.606	1.17112754274234e-05	not_sig	beige	not_sig	CLPTM1L
1.01953380715335e-09	0.131275645274198	0.717	0.677	3.73159568756196e-05	not_sig	beige	not_sig	LDLR
2.44051322767882e-08	0.131136704272781	0.292	0.253	0.000893252246462723	not_sig	beige	not_sig	DVL2
1.72360446354848e-09	0.131075588123245	0.546	0.5	6.30856469703378e-05	not_sig	beige	not_sig	SNX21
1.06248938782748e-13	0.131007939801043	0.635	0.577	3.88881740838736e-09	not_sig	beige	not_sig	TMEM43
4.98094962554481e-08	0.130985624582296	0.48	0.439	0.00182307737244566	not_sig	beige	not_sig	RASA3
1.75162331182757e-18	0.130877085440763	0.802	0.741	6.4111164836201e-14	not_sig	beige	not_sig	GET3
7.64844957205383e-09	0.130607575258288	0.351	0.309	0.000279940902786742	not_sig	beige	not_sig	EXOC4
1.7736541884296e-10	0.13057256602975	0.581	0.53	6.49175169507119e-06	not_sig	beige	not_sig	THAP4
8.80149583641757e-08	0.130548043692279	0.387	0.348	0.00322143549108719	not_sig	beige	not_sig	BAZ2A
1.72686525909888e-08	0.130433032543682	0.445	0.403	0.000632049953482781	not_sig	beige	not_sig	GDF11
8.68095531941499e-33	0.1303962756318	0.955	0.928	3.17731645645908e-28	not_sig	beige	not_sig	CCT7
1.47599985236429e-07	0.130339462816943	0.261	0.228	0.00540230705963853	not_sig	beige	not_sig	WIZ
2.96634011428554e-08	0.130247419436323	0.328	0.29	0.00108571014522965	not_sig	beige	not_sig	GEMIN5
8.70828997281679e-10	0.130244836927172	0.405	0.357	3.18732121295067e-05	not_sig	beige	not_sig	TESK1
4.15687801027568e-24	0.130142658172705	0.925	0.9	1.521458920541e-19	not_sig	beige	not_sig	CERCAM
1.91793289983074e-13	0.130117817024154	0.601	0.545	7.01982620667048e-09	not_sig	beige	not_sig	MYO1C
1.62399000460183e-09	0.130099261924019	0.472	0.425	5.94396581584315e-05	not_sig	beige	not_sig	U2AF2
4.8423663478038e-08	0.130077471423719	0.442	0.399	0.00177235450695967	not_sig	beige	not_sig	UBTD1
1.42176118539899e-18	0.129974858738309	0.864	0.817	5.20378811467884e-14	not_sig	beige	not_sig	SEC61A1
1.15523394846937e-10	0.129640018371147	0.41	0.363	4.22827177479273e-06	not_sig	beige	not_sig	TAPBP
1.78373806250808e-10	0.129627174035089	0.741	0.695	6.52865968258582e-06	not_sig	beige	not_sig	QSOX1
2.99931169541816e-08	0.129547457775469	0.296	0.258	0.00109777807364	not_sig	beige	not_sig	INSR
6.79774395342449e-11	0.129479763950545	0.392	0.342	2.4880422643929e-06	not_sig	beige	not_sig	KLC1
1.0408108607922e-08	0.12940264627059	0.336	0.296	0.000380947183158554	not_sig	beige	not_sig	SLC25A23
1.42094513039744e-10	0.129400930280364	0.52	0.468	5.20080127176766e-06	not_sig	beige	not_sig	CSNK1D
1.47075840900576e-28	0.12933155438906	0.984	0.981	5.38312285280199e-24	not_sig	beige	not_sig	SQSTM1
2.50290678170863e-10	0.129316705327315	0.423	0.37	9.16088911173174e-06	not_sig	beige	not_sig	PRMT5
6.26257853951833e-30	0.129077007530825	0.971	0.953	2.29216637124911e-25	not_sig	beige	not_sig	CTSD
2.85998145944487e-11	0.129070024270167	0.471	0.415	1.04678181397142e-06	not_sig	beige	not_sig	C11orf68
7.31180100593904e-11	0.128895685565827	0.586	0.53	2.67619228618375e-06	not_sig	beige	not_sig	FAM32A
2.62795442677583e-17	0.128644825786256	0.94	0.923	9.61857599744222e-13	not_sig	beige	not_sig	PKM
1.23044938771267e-34	-0.128601290081944	0.98	0.976	4.50356780396714e-30	not_sig	white	not_sig	ATP5ME
1.20293267397108e-11	0.128564465747544	0.73	0.682	4.40285388000155e-07	not_sig	beige	not_sig	SELENBP1
1.52823890560806e-10	0.128541222347076	0.463	0.412	5.59350721841605e-06	not_sig	beige	not_sig	B3GALT6
9.09044338631007e-12	0.128526510502422	0.592	0.536	3.32719318382335e-07	not_sig	beige	not_sig	SMARCD2
5.05756137325681e-26	0.128416257250481	0.959	0.942	1.85111803822572e-21	not_sig	beige	not_sig	DDOST
1.54711364517181e-08	0.128407283112239	0.347	0.308	0.000566259065269334	not_sig	beige	not_sig	CNOT1
1.95401951307829e-07	0.127974335177736	0.308	0.273	0.00715190681981783	not_sig	beige	not_sig	MUL1
1.02411631319996e-10	0.127832330893378	0.556	0.499	3.74836811794318e-06	not_sig	beige	not_sig	SRRT
2.59256350500683e-35	0.127770029061097	1	1	9.48904168467549e-31	not_sig	beige	not_sig	COL6A1
2.34515981084854e-07	0.12763301519609	0.353	0.316	0.00858351942368674	not_sig	beige	not_sig	UCK2
2.97664528025602e-08	0.127602636134118	0.243	0.209	0.00108948193902651	not_sig	beige	not_sig	RNF169
1.89292750285508e-11	0.127467901886958	0.476	0.421	6.92830395319988e-07	not_sig	beige	not_sig	EIF2D
4.07316623181973e-12	0.127321189921421	0.609	0.553	1.49081957250834e-07	not_sig	beige	not_sig	WDR45
4.23043110409842e-09	0.127093472634954	0.429	0.382	0.000154838008841106	not_sig	beige	not_sig	ASMTL
6.87710613702603e-08	0.127088292211564	0.296	0.259	0.0025170896172129	not_sig	beige	not_sig	GNE
1.88157730497237e-07	0.127034168629622	0.31	0.274	0.00688676109392937	not_sig	beige	not_sig	RCC1L
1.95504455223507e-11	0.12696038376329	0.436	0.384	7.15565856563557e-07	not_sig	beige	not_sig	TOM1
5.93895250693438e-16	0.126845830666497	0.817	0.772	2.17371600706305e-11	not_sig	beige	not_sig	ODC1
2.96793315263371e-08	0.126713907079028	0.397	0.355	0.00108629321319546	not_sig	beige	not_sig	FAM160B1
2.28486441145332e-13	0.126694670836481	0.649	0.592	8.36283223236029e-09	not_sig	beige	not_sig	SF3A1
1.11608414740838e-14	0.126656825560336	0.772	0.723	4.08497958792941e-10	not_sig	beige	not_sig	CPNE1
2.48873697606767e-09	0.12653540503487	0.376	0.332	9.10902620610528e-05	not_sig	beige	not_sig	CCDC86
1.66871459848046e-11	0.126532089329165	0.639	0.582	6.10766230189834e-07	not_sig	beige	not_sig	FAF2
4.30299076338197e-14	0.126507049378467	0.737	0.683	1.57493764930543e-09	not_sig	beige	not_sig	ABHD17A
7.61966086939969e-11	0.126450278329965	0.791	0.758	2.78887207480898e-06	not_sig	beige	not_sig	TXNIP
5.68626711832872e-11	0.126441277157382	0.599	0.544	2.08123062797949e-06	not_sig	beige	not_sig	STK25
5.28849181270138e-09	0.126385421674129	0.457	0.411	0.000193564088836683	not_sig	beige	not_sig	SLC39A13
2.26572802801055e-14	0.126340631589309	0.738	0.679	8.29279115532143e-10	not_sig	beige	not_sig	SHARPIN
5.18665218216278e-10	0.126304560893438	0.388	0.339	1.8983665651934e-05	not_sig	beige	not_sig	CENPT
1.00968965640549e-22	0.126217497270603	0.916	0.88	3.69556511140973e-18	not_sig	beige	not_sig	XRCC6
1.77785098549915e-10	0.126216795581491	0.461	0.414	6.50711239202545e-06	not_sig	beige	not_sig	DEAF1
1.45453567560463e-22	0.126195219068051	0.974	0.96	5.32374602628051e-18	not_sig	beige	not_sig	TUBB
5.50335679599674e-11	0.126184912190883	0.513	0.461	2.01428362090277e-06	not_sig	beige	not_sig	PI4KB
2.4808156207271e-11	0.12608480888769	0.576	0.519	9.08003325342327e-07	not_sig	beige	not_sig	MTA1
1.64830082224598e-11	0.126045589746173	0.644	0.592	6.0329458395025e-07	not_sig	beige	not_sig	FASTK
1.37909070861803e-08	0.126020969161168	0.33	0.289	0.000504760990261287	not_sig	beige	not_sig	ERCC3
3.38236732299238e-08	0.126004770311269	0.291	0.255	0.00123798026388844	not_sig	beige	not_sig	MGA
6.01177969730378e-10	0.126000447304259	0.455	0.403	2.20037148701015e-05	not_sig	beige	not_sig	TBL2
2.71784924690411e-18	0.125942326144011	0.8	0.738	9.94760002859373e-14	not_sig	beige	not_sig	CORO1B
2.10021797646757e-66	0.125765884794429	1	1	7.68700781566895e-62	not_sig	beige	not_sig	UBC
1.21606776636648e-08	0.125572335187361	0.367	0.325	0.000445092963167794	not_sig	beige	not_sig	EP400
9.43804859868269e-08	0.125468107972772	0.276	0.242	0.00345442016760385	not_sig	beige	not_sig	PACSIN2
2.31442482933317e-18	0.125310947092455	0.847	0.801	8.47102631784232e-14	not_sig	beige	not_sig	PSMD2
6.5601483710535e-20	0.125256575163847	0.851	0.802	2.40107990528929e-15	not_sig	beige	not_sig	SND1
1.03532632473011e-14	0.125007907528679	0.839	0.799	3.78939788114469e-10	not_sig	beige	not_sig	SPTAN1
1.96878409176733e-10	0.124952936062365	0.523	0.474	7.20594665427762e-06	not_sig	beige	not_sig	TSPAN4
2.52501024455741e-10	0.124923560421945	0.559	0.507	9.24178999610458e-06	not_sig	beige	not_sig	TSPYL1
1.79966822713606e-13	0.124859775316917	0.672	0.614	6.58696567814068e-09	not_sig	beige	not_sig	FARSA
8.37002766726598e-12	0.124792225550154	0.717	0.661	3.06351382649602e-07	not_sig	beige	not_sig	SF3B4
1.56592382087719e-10	0.124764264880693	0.581	0.526	5.73143777679261e-06	not_sig	beige	not_sig	TADA3
1.30902785918255e-08	0.124721330002179	0.345	0.303	0.000479117286739404	not_sig	beige	not_sig	SEC24B
7.56920674423985e-11	0.124516582912876	0.491	0.436	2.77040536045923e-06	not_sig	beige	not_sig	MTFR1L
1.39552427970255e-12	0.124502978128306	0.479	0.422	5.1077584161393e-08	not_sig	beige	not_sig	KLHDC3
9.60125012928019e-14	0.12430410875707	0.806	0.765	3.51415355981784e-09	not_sig	beige	not_sig	ANXA11
1.81925671994706e-07	0.124200154275117	0.279	0.244	0.00665866152067823	not_sig	beige	not_sig	LMNB2
3.21811567951494e-08	0.124029514091319	0.342	0.302	0.00117786251985926	not_sig	beige	not_sig	ARHGAP35
2.46627318387269e-08	0.123883547942391	0.269	0.232	0.000902680648029242	not_sig	beige	not_sig	PIGG
6.68343830702252e-12	0.123712249566919	0.537	0.481	2.44620525475331e-07	not_sig	beige	not_sig	CPSF6
1.10983275108446e-10	0.123231648879959	0.46	0.409	4.06209885224422e-06	not_sig	beige	not_sig	LRRC47
5.79932733915119e-16	0.123052048121417	0.758	0.706	2.12261179940273e-11	not_sig	beige	not_sig	CTNNA1
6.39701890407141e-48	0.123036842658999	0.991	0.987	2.34137288907918e-43	not_sig	beige	not_sig	EIF3L
6.72859016304763e-19	0.123034144522168	0.905	0.88	2.46273128557706e-14	not_sig	beige	not_sig	CTSA
1.48609396502159e-30	0.123002816046702	0.957	0.946	5.43925252137551e-26	not_sig	beige	not_sig	LGALS3BP
2.66956610366423e-09	0.122911732841841	0.507	0.46	9.77087889602145e-05	not_sig	beige	not_sig	RRP9
1.13471522681339e-12	-0.122836803848113	0.852	0.848	4.15317120165967e-08	not_sig	white	not_sig	PPIC
5.95368584412418e-11	0.122810116144428	0.613	0.565	2.17910855580789e-06	not_sig	beige	not_sig	ZPR1
2.9032187792302e-08	0.12274990074594	0.574	0.534	0.00106260710538604	not_sig	beige	not_sig	AACS
2.36057390476516e-16	0.122655363813113	0.892	0.856	8.63993654883095e-12	not_sig	beige	not_sig	SERINC3
6.19266626986942e-08	0.122491932996735	0.376	0.335	0.00226657778143491	not_sig	beige	not_sig	EEF2KMT
9.30564556557744e-10	0.122409462300678	0.552	0.502	3.405959333457e-05	not_sig	beige	not_sig	ST6GALNAC6
2.51161650984745e-07	-0.12224762391088	0.193	0.222	0.00919276758769265	not_sig	white	not_sig	CD36
3.29624143162282e-36	0.122154164993869	0.996	0.992	1.20645732638827e-31	not_sig	beige	not_sig	HDLBP
4.51613663373423e-10	0.122045884750407	0.653	0.607	1.65295116931307e-05	not_sig	beige	not_sig	ZCCHC24
9.14769766371118e-10	0.121783562558064	0.61	0.561	3.34814882189493e-05	not_sig	beige	not_sig	XPNPEP1
7.09974288270504e-09	0.121768525590958	0.361	0.318	0.000259857689249887	not_sig	beige	not_sig	SLC15A4
3.71072301211364e-17	0.121751441425826	0.846	0.8	1.35816172966371e-12	not_sig	beige	not_sig	SUMF2
9.11690011238255e-10	0.121683309975432	0.397	0.35	3.33687661013314e-05	not_sig	beige	not_sig	DELE1
1.34951254903294e-08	0.121668971469418	0.419	0.374	0.000493935088071547	not_sig	beige	not_sig	TBRG4
2.43440008313538e-08	0.12160621955178	0.407	0.364	0.00089101477442838	not_sig	beige	not_sig	TMEM222
2.7266453913946e-08	0.121589318509282	0.334	0.295	0.000997979479704339	not_sig	beige	not_sig	CYTH2
1.95310835069103e-08	0.121565503525195	0.651	0.616	0.000714857187436425	not_sig	beige	not_sig	SRPX2
1.01012104097759e-07	0.121539176145037	0.394	0.355	0.00369714402208208	not_sig	beige	not_sig	GALK1
4.65627892956889e-10	0.121479136485959	0.422	0.374	1.70424465101151e-05	not_sig	beige	not_sig	ELAC2
9.88859839258187e-11	0.121403140144378	0.679	0.634	3.61932589766889e-06	not_sig	beige	not_sig	IGF2R
1.40090015202062e-55	0.121254704059063	1	1	5.12743464641067e-51	not_sig	beige	not_sig	CD81
5.23482013339844e-11	0.121234169829426	0.573	0.518	1.91599651702516e-06	not_sig	beige	not_sig	RING1
3.24135465076399e-08	0.121070266098217	0.32	0.28	0.00118636821572613	not_sig	beige	not_sig	ZNF460
3.73018196140464e-09	0.120823384925014	0.405	0.359	0.000136528389969371	not_sig	beige	not_sig	SIAE
1.23721695361898e-08	0.120818105836826	0.38	0.338	0.000452833777194082	not_sig	beige	not_sig	KRI1
3.53463812126923e-13	0.120799780788639	0.731	0.67	1.29371289876575e-08	not_sig	beige	not_sig	C6orf89
9.02679111928872e-11	0.120700139323478	0.674	0.62	3.30389581757086e-06	not_sig	beige	not_sig	RBCK1
1.59724166097018e-07	0.120486268480847	0.242	0.209	0.00584606420331697	not_sig	beige	not_sig	POLG
2.5010820490197e-07	0.120426006694229	0.41	0.368	0.00915421040761701	not_sig	beige	not_sig	STARD3
3.82900787192996e-15	0.120372821536147	0.819	0.772	1.40145517120508e-10	not_sig	beige	not_sig	PABPC4
1.15121792093333e-16	0.120332964437652	0.922	0.887	4.21357271240807e-12	not_sig	beige	not_sig	VEGFB
4.8607900960814e-09	0.120309445809853	0.846	0.815	0.000177909778306675	not_sig	beige	not_sig	PDIA4
1.40454268664126e-11	0.120214428187983	0.671	0.615	5.14076668737568e-07	not_sig	beige	not_sig	SLC35B2
2.67946968261856e-16	0.120103630154695	0.897	0.868	9.80712698535218e-12	not_sig	beige	not_sig	CAVIN1
1.47752618885498e-09	0.120001257675271	0.776	0.747	5.40789360382813e-05	not_sig	beige	not_sig	SLIT3
7.84802467134826e-23	0.11998940404102	0.891	0.844	2.87245550996018e-18	not_sig	beige	not_sig	PRKCSH
9.19155176458914e-10	0.119906314118324	0.628	0.578	3.36419986135727e-05	not_sig	beige	not_sig	TRAP1
8.51337931507004e-09	0.119789403754648	0.405	0.361	0.000311598196310878	not_sig	beige	not_sig	CLSTN1
2.72453374729748e-08	0.119591973552668	0.414	0.371	0.00099720659684835	not_sig	beige	not_sig	CCDC130
5.95482042938456e-28	0.119559094748003	0.941	0.914	2.17952382535904e-23	not_sig	beige	not_sig	GNB2
1.30313724872258e-08	0.119405762700053	0.765	0.743	0.000476961264404951	not_sig	beige	not_sig	NAV1
5.09700073773033e-15	0.119357828041026	0.775	0.725	1.86555324001668e-10	not_sig	beige	not_sig	POLR2A
1.03291396606553e-11	0.119117511210334	0.605	0.548	3.78056840719644e-07	not_sig	beige	not_sig	TUBG1
7.87810354144784e-08	0.118992655294421	0.409	0.369	0.00288346467720532	not_sig	beige	not_sig	DYM
7.52599103225662e-25	0.118982937868342	0.945	0.915	2.75458797771625e-20	not_sig	beige	not_sig	AUP1
8.28968252427666e-09	0.118924507573389	0.483	0.437	0.00030341067007105	not_sig	beige	not_sig	EXT2
1.04682953836626e-09	0.118893099100008	0.389	0.342	3.83150079337433e-05	not_sig	beige	not_sig	SART1
6.87888128456181e-09	0.118873975034548	0.479	0.434	0.000251773933896247	not_sig	beige	not_sig	WDR3
8.05020096138208e-08	0.118841351684787	0.314	0.277	0.00294645405387545	not_sig	beige	not_sig	ANKFY1
1.195696866628e-07	0.118723953311471	0.758	0.719	0.00437637010154515	not_sig	beige	not_sig	TUBA1C
1.66731467304269e-08	0.118676321020727	0.399	0.354	0.000610253843480357	not_sig	beige	not_sig	ESYT2
2.83624780244912e-08	0.118601100930948	0.354	0.314	0.0010380950581744	not_sig	beige	not_sig	HGSNAT
1.02410973441461e-15	0.118461854893452	0.974	0.961	3.7483440389309e-11	not_sig	beige	not_sig	CDKN1A
5.85417571980838e-15	0.118446467377948	0.798	0.746	2.14268685520707e-10	not_sig	beige	not_sig	BSCL2
1.13009185798867e-07	0.118298698275808	0.293	0.256	0.00413624920942434	not_sig	beige	not_sig	ALAD
3.51554720471809e-09	0.118281354629226	0.481	0.433	0.000128672543239887	not_sig	beige	not_sig	PPP1R11
8.40572164402877e-23	0.118151800269901	0.962	0.944	3.07657817893097e-18	not_sig	beige	not_sig	NUCB1
1.491035693849e-33	0.118112771518532	0.984	0.977	5.45733974305672e-29	not_sig	beige	not_sig	LMNA
9.27939059526111e-10	0.118064845236628	0.463	0.412	3.39634975177152e-05	not_sig	beige	not_sig	ABCF3
1.9869192292989e-09	0.118023452899374	0.565	0.518	7.2723230711569e-05	not_sig	beige	not_sig	ANTXR2
1.7275098712807e-09	0.117960662671937	0.558	0.507	6.32285887987449e-05	not_sig	beige	not_sig	GTPBP6
5.2927181063294e-08	0.117750747146073	0.4	0.357	0.00193718775409762	not_sig	beige	not_sig	HSPBP1
1.35577094502008e-07	0.117740039239975	0.433	0.391	0.00496225723586801	not_sig	beige	not_sig	RAB4B
1.23021175619397e-12	0.117713424071127	0.881	0.853	4.50269804884555e-08	not_sig	beige	not_sig	ZYX
1.70563024300161e-16	0.117488944505563	0.993	0.986	6.24277725241019e-12	not_sig	beige	not_sig	PDIA3
4.29755687076183e-11	0.117478068685273	0.551	0.495	1.57294879026754e-06	not_sig	beige	not_sig	WIPI2
1.44034884923363e-07	0.117251742374776	0.699	0.659	0.00527182082308001	not_sig	beige	not_sig	YPEL3
1.9375521391924e-08	0.117216199930562	0.376	0.332	0.00070916345846581	not_sig	beige	not_sig	NUP98
6.14488441916448e-08	0.117125271990216	0.439	0.396	0.00224908914625839	not_sig	beige	not_sig	ENTR1
9.67698475645253e-09	0.11707685654951	0.426	0.38	0.000354187319070919	not_sig	beige	not_sig	FBXW2
1.71565474489359e-12	0.117061703165022	0.608	0.545	6.27946793178503e-08	not_sig	beige	not_sig	PURA
1.91990286752952e-10	0.116735081798738	0.59	0.544	7.02703648544479e-06	not_sig	beige	not_sig	TOMM40
3.40306808442539e-33	0.116726658953315	0.973	0.959	1.24555694958054e-28	not_sig	beige	not_sig	TUFM
5.74541614290633e-11	0.116634435025715	0.763	0.72	2.10287976246515e-06	not_sig	beige	not_sig	BLVRB
1.8364302845356e-22	0.116625113599841	0.964	0.949	6.72151848442873e-18	not_sig	beige	not_sig	RCN3
2.41183716167705e-08	0.11659403640492	0.596	0.554	0.000882756519545419	not_sig	beige	not_sig	C19orf48
1.00884346403138e-07	0.116581870482809	0.764	0.73	0.00369246796270127	not_sig	beige	not_sig	ACAT2
2.33931131528847e-10	0.116467936417969	0.617	0.565	8.56211334508734e-06	not_sig	beige	not_sig	CSNK2A2
4.37366787744822e-09	0.116439565285489	0.413	0.367	0.000160080617982482	not_sig	beige	not_sig	INO80B
2.61191431703513e-07	0.116410453798875	0.237	0.206	0.00955986759178028	not_sig	beige	not_sig	ZNF398
5.55112719284725e-11	0.116403686179987	0.55	0.496	2.03176806385402e-06	not_sig	beige	not_sig	SMPD1
1.85722062816736e-09	0.116379147714191	0.642	0.598	6.79761322115535e-05	not_sig	beige	not_sig	DSE
5.27109889383909e-08	0.116368137367128	0.434	0.39	0.00192927490613404	not_sig	beige	not_sig	TCTN3
2.873175531161e-08	0.116301392327024	0.513	0.466	0.00105161097616024	not_sig	beige	not_sig	SZRD1
1.08790666110278e-10	0.116269913805609	0.847	0.827	3.98184717030229e-06	not_sig	beige	not_sig	DLC1
2.58072315467554e-13	0.116035848800722	0.788	0.737	9.44570481842795e-09	not_sig	beige	not_sig	SLC25A39
3.0329744445643e-10	0.115950788415436	0.932	0.907	1.11009897645498e-05	not_sig	beige	not_sig	NFKBIA
5.29387471639573e-08	0.11573915857048	0.294	0.256	0.001937611084948	not_sig	beige	not_sig	DAPK3
2.96507568079542e-09	0.115698016656167	0.415	0.368	0.000108524734992793	not_sig	beige	not_sig	MFSD14A
2.94825945083332e-08	0.115636138257109	0.478	0.434	0.0010790924415995	not_sig	beige	not_sig	TRIP10
1.601949063306e-08	0.115473114978424	0.325	0.285	0.000586329376660629	not_sig	beige	not_sig	MGRN1
7.09158148596181e-11	0.115468945071618	0.733	0.691	2.59558973967688e-06	not_sig	beige	not_sig	RALY
4.35424580610077e-19	0.115446105264587	0.975	0.961	1.59369750749094e-14	not_sig	beige	not_sig	HM13
6.91662832704962e-13	0.115386771045418	0.817	0.77	2.53155513398343e-08	not_sig	beige	not_sig	ILK
1.25111997467193e-13	0.115296048679751	0.997	0.997	4.57922421929672e-09	not_sig	beige	not_sig	MMP2
1.61774911951118e-19	0.115270769513842	0.872	0.824	5.92112355232285e-15	not_sig	beige	not_sig	PPP2R1A
4.14022736773326e-18	0.115269450364292	0.848	0.805	1.51536461886405e-13	not_sig	beige	not_sig	EIF4G1
2.36836885163101e-08	0.115106570574138	0.443	0.399	0.000866846683385468	not_sig	beige	not_sig	NFKBIL1
1.56351356632583e-15	0.114821869172028	0.863	0.823	5.72261600410916e-11	not_sig	beige	not_sig	DPP7
2.57764718240519e-07	0.11456954097396	0.443	0.402	0.00943444645232125	not_sig	beige	not_sig	PEX16
2.70735773699968e-07	0.114432108942207	0.558	0.514	0.00990920005319252	not_sig	beige	not_sig	FKBP2
4.39339622809185e-09	0.114367681439865	0.974	0.965	0.00016080269534439	not_sig	beige	not_sig	PDIA6
8.82235972740496e-20	0.114324563762663	0.956	0.938	3.22907188382749e-15	not_sig	beige	not_sig	CEBPB
4.07795911922377e-09	0.114259850147568	0.629	0.578	0.000149257381722709	not_sig	beige	not_sig	GTF2F1
1.37024412027791e-10	0.114235288887923	0.64	0.583	5.01523050462917e-06	not_sig	beige	not_sig	CDC34
1.67844835851431e-09	0.114163218219544	0.639	0.588	6.14328883699822e-05	not_sig	beige	not_sig	RAB1B
4.58484445083975e-08	0.114140370308226	0.371	0.329	0.00167809891745186	not_sig	beige	not_sig	TBCC
5.90831560477921e-08	0.113979812443356	0.361	0.321	0.00216250259450524	not_sig	beige	not_sig	RPS6KB2
6.16449696831995e-13	0.113936917908016	0.804	0.763	2.25626753537478e-08	not_sig	beige	not_sig	ALG3
4.97416328801438e-08	0.113813270624974	0.405	0.364	0.00182059350504614	not_sig	beige	not_sig	RELA
2.14365662505359e-10	0.113737180020933	0.624	0.571	7.84599761335863e-06	not_sig	beige	not_sig	CERS2
6.71269838832182e-10	0.113553051485602	0.617	0.564	2.45691473710967e-05	not_sig	beige	not_sig	APH1A
1.34106113872245e-07	0.113483785830109	0.395	0.354	0.00490841787383805	not_sig	beige	not_sig	MAPK3
2.41269356276452e-08	0.113328521531643	0.509	0.465	0.000883069970907443	not_sig	beige	not_sig	FAM3A
1.56650672673307e-08	0.113266902276612	0.396	0.351	0.000573357127051573	not_sig	beige	not_sig	DVL3
3.47746768370424e-09	0.11323076553717	0.867	0.825	0.000127278794691259	not_sig	beige	not_sig	TWF2
1.01629456463985e-16	0.113025946455335	0.966	0.956	3.71973973603833e-12	not_sig	beige	not_sig	MYC
4.95324427415658e-08	0.112964912415374	0.453	0.407	0.00181293693678405	not_sig	beige	not_sig	TOLLIP
4.61160257178002e-08	0.11290092008376	0.511	0.467	0.00168789265729721	not_sig	beige	not_sig	PPAN
2.51787780917982e-08	0.112704487927587	0.482	0.438	0.000921568456937908	not_sig	beige	not_sig	GSS
2.85757649724797e-10	0.112669759405863	0.598	0.548	1.04590157375773e-05	not_sig	beige	not_sig	ARHGAP1
3.05492072229543e-12	0.112604848213379	0.67	0.609	1.11813153356735e-07	not_sig	beige	not_sig	TOX4
4.28104245109062e-08	0.112314495053661	0.425	0.381	0.00156690434752368	not_sig	beige	not_sig	CLK3
5.89429236649291e-10	0.112043713691607	0.424	0.374	2.15736994906007e-05	not_sig	beige	not_sig	PFKM
2.63934048382243e-11	0.111891790292372	0.6	0.543	9.66025010483847e-07	not_sig	beige	not_sig	MARVELD1
6.76751152412516e-10	0.111877269815505	0.622	0.569	2.47697689294505e-05	not_sig	beige	not_sig	MLST8
1.80575562023021e-16	0.111660333739586	0.875	0.836	6.60924614560458e-12	not_sig	beige	not_sig	STAT3
2.61850915093e-07	0.111655570290065	0.343	0.306	0.00958400534331888	not_sig	beige	not_sig	HYAL2
2.72964849581173e-14	0.111514639699064	0.962	0.96	9.9907864595205e-10	not_sig	beige	not_sig	LAMB1
7.99669394199198e-08	0.111354881352532	0.424	0.383	0.00292686994970848	not_sig	beige	not_sig	R3HDM4
1.47248916426152e-07	0.111303543154039	0.331	0.295	0.00538945759011358	not_sig	beige	not_sig	TRAF4
1.85049798714353e-09	0.111073262429394	0.546	0.491	6.77300768274404e-05	not_sig	beige	not_sig	PAXX
2.04064975275588e-07	0.110983703680129	0.417	0.377	0.00746898216006181	not_sig	beige	not_sig	ZFAND3
1.62008931642228e-07	0.110863955853526	0.346	0.307	0.00592968890703719	not_sig	beige	not_sig	DCPS
2.48968373903052e-19	0.110569182201028	0.896	0.861	9.11249145322561e-15	not_sig	beige	not_sig	GNAI2
1.48135801409411e-07	0.110558320973301	0.487	0.449	0.00542191846738584	not_sig	beige	not_sig	ACP2
3.04377610398664e-20	0.110437137710879	0.969	0.955	1.11405249182015e-15	not_sig	beige	not_sig	AHNAK
5.06954842322609e-09	0.110282761648874	0.624	0.575	0.000185550541838498	not_sig	beige	not_sig	MRPL38
1.45384683601055e-08	0.110282425544221	0.338	0.296	0.00053212248044822	not_sig	beige	not_sig	EXOC3
9.79332628784347e-11	0.110266089538914	0.543	0.489	3.58445535461359e-06	not_sig	beige	not_sig	PRPF31
8.27188479935323e-10	0.10982119086523	0.882	0.852	3.02759255541128e-05	not_sig	beige	not_sig	PHLDA3
2.03261539927743e-08	0.109746521368606	0.576	0.529	0.000743957562289533	not_sig	beige	not_sig	CLIP3
1.89070321365522e-09	0.109447120574173	0.561	0.511	6.92016283229948e-05	not_sig	beige	not_sig	RBFOX2
1.28710521760643e-11	0.109299063113564	0.919	0.893	4.71093380696131e-07	not_sig	beige	not_sig	TUBA1B
1.1806132391199e-07	0.109250232598029	0.376	0.335	0.00432116251650274	not_sig	beige	not_sig	ZC3H18
5.76607152944551e-21	-0.109133530422548	0.962	0.958	2.11043984049235e-16	not_sig	white	not_sig	NDUFA3
3.1000261310289e-19	0.108978164149306	0.906	0.873	1.13464056421789e-14	not_sig	beige	not_sig	LAMP1
1.33483297926667e-09	0.10863948176204	0.634	0.582	4.88562218741392e-05	not_sig	beige	not_sig	DUS1L
7.68548946885004e-12	0.108611813529329	0.681	0.619	2.8129660004938e-07	not_sig	beige	not_sig	SMARCC2
1.09219474627693e-07	0.10853932793082	0.563	0.517	0.00399754199084819	not_sig	beige	not_sig	SPSB3
1.03168020670936e-08	0.108409838183344	0.688	0.644	0.000377605272457693	not_sig	beige	not_sig	FYN
5.65987067016491e-08	0.108340310401619	0.483	0.437	0.00207156926398706	not_sig	beige	not_sig	B4GALT3
3.23142388909955e-08	0.108228846901919	0.396	0.353	0.00118273345764933	not_sig	beige	not_sig	DAXX
1.9095665981174e-07	0.108130778460574	0.278	0.244	0.00698920470576948	not_sig	beige	not_sig	FKBP15
6.61374306998302e-09	0.108046925534633	0.633	0.585	0.000242069610104449	not_sig	beige	not_sig	PGP
5.07432007496406e-10	0.108037263678467	0.838	0.797	1.85725189063759e-05	not_sig	beige	not_sig	HSPA9
2.89904826569911e-09	0.10796780775364	0.598	0.549	0.000106108065572853	not_sig	beige	not_sig	MSN
3.19874481333131e-44	0.107944584500739	0.998	0.996	1.17077258912739e-39	not_sig	beige	not_sig	BSG
7.24309172391518e-10	0.107801056276118	0.831	0.798	2.6510440018702e-05	not_sig	beige	not_sig	ACTN1
8.97510621489539e-08	0.107761254618038	0.686	0.65	0.00328497862571386	not_sig	beige	not_sig	TNFRSF21
8.26103635936794e-08	0.107718992782671	0.351	0.311	0.00302362191789226	not_sig	beige	not_sig	GCDH
3.84277112629933e-08	0.107660481264746	0.553	0.503	0.00140649265993682	not_sig	beige	not_sig	DDX56
2.64384456775306e-24	-0.107649107933974	0.961	0.972	9.67673550243299e-20	not_sig	white	not_sig	FOS
1.57789801025504e-09	0.107648792402442	0.639	0.584	5.77526450733446e-05	not_sig	beige	not_sig	R3HDM2
2.78397533150277e-08	0.107526809959225	0.524	0.477	0.00101896281108333	not_sig	beige	not_sig	DKC1
6.70107301876074e-08	0.107379364144421	0.43	0.386	0.00245265973559662	not_sig	beige	not_sig	NOA1
1.98922628278828e-09	0.107127044136177	0.543	0.493	7.28076711763338e-05	not_sig	beige	not_sig	CDC42BPB
1.90380010514066e-07	0.107085844553655	0.228	0.196	0.00696809876482533	not_sig	beige	not_sig	NAXD
1.68834033950451e-07	0.107040742701384	0.529	0.485	0.00617949447662044	not_sig	beige	not_sig	MBOAT7
2.11580315325649e-39	-0.106888688040839	0.993	0.993	7.74405112123406e-35	not_sig	white	not_sig	ROMO1
6.16310598488796e-12	0.106863053553409	0.814	0.776	2.25575842152884e-07	not_sig	beige	not_sig	NCOA4
4.31596816694324e-11	0.106807062027219	0.66	0.61	1.5796875087829e-06	not_sig	beige	not_sig	PLOD3
1.95058868784553e-07	0.106675115542884	0.325	0.287	0.00713934965638342	not_sig	beige	not_sig	RABGEF1
2.71347055577421e-07	0.10660303596746	0.461	0.42	0.00993157358118919	not_sig	beige	not_sig	GYS1
3.95424027392947e-08	0.106567544473349	0.71	0.68	0.00144729148266092	not_sig	beige	not_sig	SREBF1
3.50722482453889e-08	0.106282603168677	0.521	0.475	0.00128367935802948	not_sig	beige	not_sig	PIH1D1
2.62175342780683e-12	0.106161304757716	0.804	0.766	9.59587972111576e-08	not_sig	beige	not_sig	KPNB1
2.48080808943495e-09	0.106095200935522	0.528	0.473	9.08000568814087e-05	not_sig	beige	not_sig	ZNF771
1.27845435511763e-16	-0.106003095366185	0.956	0.956	4.67927078516604e-12	not_sig	white	not_sig	CCDC80
1.85522517415986e-08	0.105981124447603	0.498	0.453	0.00067903096599425	not_sig	beige	not_sig	B4GALT1
3.72907917797916e-08	0.105906075200789	0.965	0.953	0.00136488026993215	not_sig	beige	not_sig	FBLN2
4.90448343025981e-14	0.105902921577846	0.987	0.982	1.79508998030939e-09	not_sig	beige	not_sig	LAMC1
2.75382072221161e-09	0.105837208462044	0.479	0.434	0.000100792592253667	not_sig	beige	not_sig	PRICKLE2
5.99529439656477e-08	0.105755779125227	0.543	0.498	0.00219433770208667	not_sig	beige	not_sig	ADPGK
2.88007511738701e-08	0.105719530884551	0.768	0.73	0.00105413629371482	not_sig	beige	not_sig	CCDC69
7.12552262162281e-11	0.105463064097766	0.701	0.649	2.60801253474016e-06	not_sig	beige	not_sig	SCAMP2
4.96380333590803e-19	0.105462017549434	0.912	0.88	1.8168016589757e-14	not_sig	beige	not_sig	COPB2
1.23485295160613e-07	0.105236263774395	0.586	0.541	0.00451968528817358	not_sig	beige	not_sig	NAGK
2.44163322188532e-08	0.104967444946617	0.507	0.462	0.000893662175542244	not_sig	beige	not_sig	KIAA0100
5.68045838545329e-15	0.1049583608879	0.856	0.812	2.07910457365976e-10	not_sig	beige	not_sig	HNRNPL
2.97655364467883e-08	0.104865352687508	0.463	0.419	0.0010894483994889	not_sig	beige	not_sig	INPP1
7.57698246878441e-08	0.104696337661134	0.514	0.47	0.00277325135339978	not_sig	beige	not_sig	MAPRE3
7.47716633504088e-15	0.104687131172114	0.809	0.755	2.73671765028831e-10	not_sig	beige	not_sig	CNN2
2.02308512840123e-07	0.104631660035891	0.77	0.738	0.00740469387846134	not_sig	beige	not_sig	PCYT2
5.50192376747378e-08	0.104621923053681	0.502	0.455	0.00201375911813308	not_sig	beige	not_sig	ZNRF1
7.03736834934413e-08	0.104441478775724	0.633	0.585	0.00257574718954344	not_sig	beige	not_sig	TARS
4.27799002513873e-09	0.104438700276976	0.442	0.393	0.000156578712910103	not_sig	beige	not_sig	USP39
7.42634518700901e-08	0.104406801505155	0.659	0.607	0.00271811660189717	not_sig	beige	not_sig	BCAT2
2.38218567250543e-08	0.104354728999599	0.588	0.542	0.000871903777993711	not_sig	beige	not_sig	CTSF
2.51458515572598e-09	0.104306692815655	0.708	0.657	9.20363312847266e-05	not_sig	beige	not_sig	G6PC3
7.86010167242896e-22	0.104272628951209	0.959	0.94	2.87687581312572e-17	not_sig	beige	not_sig	RPN2
5.00834500513726e-08	0.103985577666161	0.495	0.448	0.00183310435533029	not_sig	beige	not_sig	NIT1
6.37732863583199e-08	0.103963674199498	0.472	0.427	0.00233416605400087	not_sig	beige	not_sig	CDK9
1.57408669630837e-07	0.103950578590803	0.368	0.326	0.00576131471715828	not_sig	beige	not_sig	USP4
2.17257004688252e-07	0.103919622783066	0.33	0.292	0.00795182362859471	not_sig	beige	not_sig	PDXP
8.88646160182335e-10	0.103777975042874	0.429	0.378	3.25253381088336e-05	not_sig	beige	not_sig	KIAA1191
5.98375519354478e-09	0.10376490896429	0.366	0.322	0.000219011423838932	not_sig	beige	not_sig	ARAF
1.08910239746067e-09	-0.103696677235181	0.872	0.863	3.98622368494578e-05	not_sig	white	not_sig	TM9SF2
1.61269969078909e-07	0.103695205440187	0.544	0.502	0.00590264213825716	not_sig	beige	not_sig	NEK6
2.21107137670723e-07	0.103423680997787	0.988	0.982	0.00809274234588612	not_sig	beige	not_sig	FADS1
1.88299931039732e-08	0.103254671782331	0.604	0.551	0.000689196577598522	not_sig	beige	not_sig	SLC39A3
1.22515639817411e-07	0.102895652292396	0.743	0.699	0.00448419493295707	not_sig	beige	not_sig	RDH11
6.08249786810297e-08	0.102825050651438	0.421	0.378	0.00222625504470437	not_sig	beige	not_sig	DLST
1.3161750020584e-27	-0.102822859875482	0.997	0.995	4.81733212503394e-23	not_sig	white	not_sig	CSTB
2.4593065482885e-09	0.102786453946119	0.584	0.53	9.00130789739073e-05	not_sig	beige	not_sig	JMJD8
2.51334864735663e-11	0.102776485093389	0.907	0.876	9.19910738419001e-07	not_sig	beige	not_sig	CKAP4
1.33897750158303e-26	0.102422320887958	0.992	0.988	4.90079155354406e-22	not_sig	beige	not_sig	RBPMS
1.4246153152672e-21	0.10240546516404	0.971	0.96	5.21423451540947e-17	not_sig	beige	not_sig	PLD3
1.38679153577162e-09	0.102356333966212	0.626	0.568	5.07579570007771e-05	not_sig	beige	not_sig	NELFE
1.46809601949694e-08	0.102260575955483	0.415	0.37	0.000537337824096073	not_sig	beige	not_sig	KIAA0319L
2.91458057059105e-12	0.102121029246224	0.91	0.889	1.06676563464203e-07	not_sig	beige	not_sig	PXDN
2.78219190890041e-09	0.102026564453329	0.657	0.608	0.000101831006057664	not_sig	beige	not_sig	SNX1
6.58675362734079e-09	0.101954933790556	0.55	0.501	0.0002410817695143	not_sig	beige	not_sig	IFRD2
1.00257976131194e-08	0.101847230223923	0.578	0.529	0.000366954218437785	not_sig	beige	not_sig	TUBGCP2
1.05912498656494e-10	0.101809418948915	0.839	0.801	3.87650336332634e-06	not_sig	beige	not_sig	TMEM120A
9.6944719795761e-15	0.101788129437954	0.863	0.815	3.54827368924465e-10	not_sig	beige	not_sig	EIF4H
6.5645268258541e-10	0.101687846748057	0.732	0.681	2.40268246353086e-05	not_sig	beige	not_sig	RPUSD3
5.44996937112216e-08	0.101637534655121	0.501	0.455	0.00199474328952442	not_sig	beige	not_sig	TSTA3
6.99044633651365e-08	0.101617520933209	0.378	0.335	0.00255857326362736	not_sig	beige	not_sig	SCAMP4
2.77930542930854e-09	0.101400041053522	0.585	0.537	0.000101725358018122	not_sig	beige	not_sig	ADAR
2.32296080759504e-10	0.101050184845596	0.838	0.801	8.50226885187861e-06	not_sig	beige	not_sig	DCTN2
1.97709282774421e-07	0.101033428258865	0.585	0.54	0.00723635745882658	not_sig	beige	not_sig	NEU1
3.26990281647313e-10	0.100847337646831	0.954	0.943	1.19681712985733e-05	not_sig	beige	not_sig	RHOB
1.14897745865588e-08	0.100721336257719	0.494	0.446	0.000420537239642637	not_sig	beige	not_sig	DCBLD2
6.40671715057695e-15	0.100684559338027	0.831	0.787	2.34492254428267e-10	not_sig	beige	not_sig	DDX3X
1.8749974397015e-08	0.100670073558255	0.809	0.784	0.000686267812905146	not_sig	beige	not_sig	NRP1
1.32909152841085e-07	0.100547821249508	0.519	0.474	0.00486460790313654	not_sig	beige	not_sig	MRPL28
2.39267196472754e-08	0.10054521876661	0.748	0.703	0.000875741865809925	not_sig	beige	not_sig	ELOVL1
2.52790331536358e-07	0.100526992563017	0.378	0.338	0.00925237892456223	not_sig	beige	not_sig	VOPP1
9.08862862552102e-08	0.100512530994953	0.358	0.317	0.00332652896322695	not_sig	beige	not_sig	MAPK14
1.43023863341185e-08	0.100334664354988	0.761	0.723	0.000523481642215071	not_sig	beige	not_sig	HSPA1A
2.41357452279981e-08	0.100273921492526	0.435	0.389	0.000883392411089957	not_sig	beige	not_sig	EMC1
3.49437186375247e-09	0.100022229385379	0.975	0.962	0.000127897504585204	not_sig	beige	not_sig	SLC25A1
1.71283825529788e-08	0.10001770981254	0.717	0.673	0.000626915929821578	not_sig	beige	not_sig	TSR3
