p_val	avg_log2FC	pct.1	pct.2	p_val_adj	tss_id	simple_id	feature_name	best_gene_name	gene_names	proximity	sig	condition	sig_cond
3.20734004644278e-135	1.68706388142074	0.505	0.159	2.40925762268642e-130	P:r1@AL358472.1	P:r1@AL358472.1	P:r1@AL358472.1	AL358472.1	AL358472.1	P	sig	beige	beige
1.34499391032995e-41	1.30274541597557	0.272	0.115	1.01031907562255e-36	P:r1@ADDG01077129603.R	P:r1@ADDG01077129603.R	P:r1@..603.R	..603.R	ADDG01077129603.R	P	sig	beige	beige
7.6539826942603e-28	1.26373242851839	0.152	0.054	5.74944218044751e-23	P:r1@FP236383.4	P:r1@FP236383.4	P:r1@FP236383.4	FP236383.4	FP236383.4	P	sig	beige	beige
9.64388436958968e-139	1.25489319904288	0.929	0.764	7.24419662190468e-134	P:r1@FP236383.5	P:r1@FP236383.5	P:r1@FP236383.5	FP236383.5	FP236383.5	P	sig	beige	beige
1.53916998512371e-45	1.24035637909599	0.249	0.09	1.15617831772538e-40	P:r1@MTCO2P12,r1@MTATP8P1,r1@MTATP6P1	P:r1@MTCO2P12,r1@MTATP8P1,r1@MTATP6P1	P:r1@MTCO2P12,r1@MTATP8P1,r1@MTATP6P1	MTCO2P12	MTCO2P12,MTATP8P1,MTATP6P1	P	sig	beige	beige
2.11814348540954e-137	1.21023905403555	0.931	0.775	1.59108584193508e-132	P:r1@FP671120.6	P:r1@FP671120.6	P:r1@FP671120.6	FP671120.6	FP671120.6	P	sig	beige	beige
8.71684029130253e-48	1.13503377100835	0.501	0.284	6.54782892161772e-43	P:r1@ADDG01000634140.R	P:r1@ADDG01000634140.R	P:r1@..140.R	..140.R	ADDG01000634140.R	P	sig	beige	beige
1.55998777267581e-13	1.08382897293884	0.136	0.07	1.17181601520089e-08	P:r1@AL669831.3	P:r1@AL669831.3	P:r1@AL669831.3	AL669831.3	AL669831.3	P	sig	beige	beige
8.14841844907692e-135	1.02899540554948	0.877	0.599	6.12084748639311e-130	P:r1@MTCO1P12	P:r1@MTCO1P12	P:r1@MTCO1P12	MTCO1P12	MTCO1P12	P	sig	beige	beige
6.04937026738151e-24	1.00078143440953	0.166	0.07	4.54410546374897e-19	P:r1@RPL29P11	P:r1@RPL29P11	P:r1@RPL29P11	RPL29P11	RPL29P11	P	sig	beige	beige
1.39778526277343e-52	0.986811251754123	0.391	0.179	1.04997435583752e-47	D:r1@ADDG02148881813.R	D:r1@ADDG02148881813.R	D:r1@..813.R	..813.R	ADDG02148881813.R	D	sig	beige	beige
0	0.964067529055066	0.994	0.959	0	P:r1@AC243919.1	P:r1@AC243919.1	P:r1@AC243919.1	AC243919.1	AC243919.1	P	sig	beige	beige
9.32383261116786e-34	0.945104915410309	0.287	0.138	7.00378334253096e-29	P:r1@H1FX-AS1	P:r1@H1FX-AS1	P:r1@H1FX-AS1	H1FX-AS1	H1FX-AS1	P	sig	beige	beige
1.4887721945052e-34	0.935047953506613	0.309	0.15	1.11832100934647e-29	D:r1@ADDG08069690201.R	D:r1@ADDG08069690201.R	D:r1@..201.R	..201.R	ADDG08069690201.R	D	sig	beige	beige
3.36588985095065e-120	0.923108548210326	0.983	0.929	2.5283554793386e-115	D:r1@ADDG01091387437.B	D:r1@ADDG01091387437.B	D:r1@..437.B	..437.B	ADDG01091387437.B	D	sig	beige	beige
3.36941484704988e-236	0.917079740714768	0.987	0.907	2.53100335065845e-231	D:r1@ADDG06089721148.F	D:r1@ADDG06089721148.F	D:r1@..148.F	..148.F	ADDG06089721148.F	D	sig	beige	beige
1.68386963774555e-21	0.914355250510877	0.165	0.072	1.26487235578533e-16	D:r1@ADDG13109424256.R	D:r1@ADDG13109424256.R	D:r1@..256.R	..256.R	ADDG13109424256.R	D	sig	beige	beige
6.44382400501703e-19	0.907153977264581	0.152	0.07	4.84040727784864e-14	P:r1@SPCS2P4	P:r1@SPCS2P4	P:r1@SPCS2P4	SPCS2P4	SPCS2P4	P	sig	beige	beige
0	0.900199489715707	0.998	0.962	0	P:r1@RPS2P46	P:r1@RPS2P46	P:r1@RPS2P46	RPS2P46	RPS2P46	P	sig	beige	beige
3.66117993733516e-90	0.874325646406951	0.768	0.481	2.75016853352805e-85	P:r1@RPL14P1	P:r1@RPL14P1	P:r1@RPL14P1	RPL14P1	RPL14P1	P	sig	beige	beige
0	0.871655209677133	0.999	0.989	0	D:r1@ADDG22035839025.R	D:r1@ADDG22035839025.R	D:r1@..025.R	..025.R	ADDG22035839025.R	D	sig	beige	beige
1.17391365556979e-49	0.862177854784219	0.439	0.225	8.81808720654361e-45	P:r1@MRPL23	P:r1@MRPL23	P:r1@MRPL23	MRPL23	MRPL23	P	sig	beige	beige
1.8390257002255e-62	0.84412380303506	0.558	0.295	1.38142093523839e-57	P:r1@AC073861.1	P:r1@AC073861.1	P:r1@AC073861.1	AC073861.1	AC073861.1	P	sig	beige	beige
1.50643595290914e-39	0.8325486936534	0.381	0.193	1.13158949474676e-34	P:r1@AL138785.1	P:r1@AL138785.1	P:r1@AL138785.1	AL138785.1	AL138785.1	P	sig	beige	beige
7.91376201131216e-23	0.824417983870142	0.224	0.114	5.94458061003736e-18	P:r2@ADDG02038482405.B	P:r2@ADDG02038482405.B	P:r2@..405.B	..405.B	ADDG02038482405.B	P	sig	beige	beige
1.72939891062688e-16	0.816903604881129	0.143	0.068	1.2990725796956e-11	D:r1@ADDG07128865503.R	D:r1@ADDG07128865503.R	D:r1@..503.R	..503.R	ADDG07128865503.R	D	sig	beige	beige
2.25548471691911e-37	0.815951814010291	0.593	0.379	1.69425245480813e-32	P:r1@RN7SL2,r1@AL627171.2	P:r1@RN7SL2,r1@AL627171.2	P:r1@RN7SL2,r1@AL627171.2	RN7SL2	RN7SL2,AL627171.2	P	sig	beige	beige
3.39261946461789e-47	0.811507727214671	0.464	0.246	2.54843396323702e-42	P:r1@RPS3AP47	P:r1@RPS3AP47	P:r1@RPS3AP47	RPS3AP47	RPS3AP47	P	sig	beige	beige
1.05315951568036e-97	0.803082481953511	0.85	0.593	7.91101833393613e-93	P:r1@AC113935.1	P:r1@AC113935.1	P:r1@AC113935.1	AC113935.1	AC113935.1	P	sig	beige	beige
2.98057131557832e-65	0.800020641561094	0.897	0.782	2.23891575512297e-60	D:r1@ADDG18049488559.F	D:r1@ADDG18049488559.F	D:r1@..559.F	..559.F	ADDG18049488559.F	D	sig	beige	beige
9.36885418624955e-31	0.792782944125923	0.415	0.252	7.03760219908507e-26	P:r1@ADDG17008377649.F	P:r1@ADDG17008377649.F	P:r1@..649.F	..649.F	ADDG17008377649.F	P	sig	beige	beige
2.60631341216984e-140	0.789948836764335	0.998	0.998	1.95778444581962e-135	D:r1@ADDG21008260936.B	D:r1@ADDG21008260936.B	D:r1@..936.B	..936.B	ADDG21008260936.B	D	sig	beige	beige
1.47019353829737e-34	0.78897268447837	0.534	0.357	1.10436528016284e-29	P:r1@ADDG19055388330.R	P:r1@ADDG19055388330.R	P:r1@..330.R	..330.R	ADDG19055388330.R	P	sig	beige	beige
8.92352502698628e-46	0.786079365709691	0.489	0.27	6.70308429452128e-41	P:r1@AC009245.1	P:r1@AC009245.1	P:r1@AC009245.1	AC009245.1	AC009245.1	P	sig	beige	beige
1.08033476759572e-17	0.784309062281169	0.146	0.068	8.11515067374879e-13	P:r1@AC010468.1	P:r1@AC010468.1	P:r1@AC010468.1	AC010468.1	AC010468.1	P	sig	beige	beige
5.83261739775695e-108	0.77489407824653	1	0.998	4.38128721067309e-103	D:r1@ADDG21008442539.B	D:r1@ADDG21008442539.B	D:r1@..539.B	..539.B	ADDG21008442539.B	D	sig	beige	beige
2.27464476238955e-57	0.77409845035921	0.989	0.978	1.70864490616416e-52	P:r1@7SK,r1@RN7SK	P:r1@7SK,r1@RN7SK	P:r1@7SK,r1@RN7SK	7SK	7SK,RN7SK	P	sig	beige	beige
3.21688265815751e-88	0.773473767530467	0.826	0.566	2.41642574632818e-83	P:r1@RPL13AP5	P:r1@RPL13AP5	P:r1@RPL13AP5	RPL13AP5	RPL13AP5	P	sig	beige	beige
5.25369205269679e-72	0.77338261876187	0.74	0.479	3.94641585922424e-67	P:r1@AC008038.1	P:r1@AC008038.1	P:r1@AC008038.1	AC008038.1	AC008038.1	P	sig	beige	beige
1.25113526197422e-25	0.772347461052666	0.217	0.1	9.39815274737172e-21	P:r2@KIAA0930	P:r2@KIAA0930	P:r2@KIAA0930	KIAA0930	KIAA0930	P	sig	beige	beige
1.82782108177378e-18	0.76766269882464	0.166	0.081	1.37300436199601e-13	P:r1@AC099560.2	P:r1@AC099560.2	P:r1@AC099560.2	AC099560.2	AC099560.2	P	sig	beige	beige
2.09716402822666e-38	0.765820066668463	0.412	0.22	1.57532670308302e-33	P:r1@RPS7P3	P:r1@RPS7P3	P:r1@RPS7P3	RPS7P3	RPS7P3	P	sig	beige	beige
1.34879961295344e-53	0.762405082298973	0.579	0.331	1.01317780526224e-48	P:r1@RPL26P19	P:r1@RPL26P19	P:r1@RPL26P19	RPL26P19	RPL26P19	P	sig	beige	beige
4.6592243329263e-86	0.758719044613743	0.816	0.538	3.49986954216425e-81	P:r1@EEF1A1P13	P:r1@EEF1A1P13	P:r1@EEF1A1P13	EEF1A1P13	EEF1A1P13	P	sig	beige	beige
1.15732925966161e-32	0.758278842980648	0.363	0.194	8.69351019980014e-28	P:r1@AL355472.1	P:r1@AL355472.1	P:r1@AL355472.1	AL355472.1	AL355472.1	P	sig	beige	beige
2.51805835519617e-80	0.758064179381162	0.794	0.53	1.89148989467271e-75	P:r1@RPS18P12	P:r1@RPS18P12	P:r1@RPS18P12	RPS18P12	RPS18P12	P	sig	beige	beige
4.0454170207571e-58	0.754432983778257	0.656	0.402	3.03879590348211e-53	P:r1@RPS3AP6	P:r1@RPS3AP6	P:r1@RPS3AP6	RPS3AP6	RPS3AP6	P	sig	beige	beige
1.63286909587129e-30	0.753460012245729	0.321	0.164	1.22656227874564e-25	P:r1@ADDG0M000007408.R,r1@MT-TS1	P:r1@MT-TS1	P:r1@MT-TS1	MT-TS1	MT-TS1	P	sig	beige	beige
3.56800813692246e-36	0.753431696413533	0.39	0.207	2.68018067221205e-31	P:r1@RPL4P4	P:r1@RPL4P4	P:r1@RPL4P4	RPL4P4	RPL4P4	P	sig	beige	beige
1.93351694811543e-128	0.751524547467812	0.935	0.725	1.45239992591587e-123	P:r1@RPLP0P6	P:r1@RPLP0P6	P:r1@RPLP0P6	RPLP0P6	RPLP0P6	P	sig	beige	beige
5.97951684543759e-69	0.745450913466457	0.746	0.489	4.49163366878736e-64	P:r1@AC136632.1	P:r1@AC136632.1	P:r1@AC136632.1	AC136632.1	AC136632.1	P	sig	beige	beige
2.57952531352966e-114	0.745156329678846	0.999	0.998	1.93766202976407e-109	D:r1@ADDG21008443541.B	D:r1@ADDG21008443541.B	D:r1@..541.B	..541.B	ADDG21008443541.B	D	sig	beige	beige
1.47084509970497e-29	0.739739228426366	0.306	0.157	1.10485471354538e-24	P:r1@RAC1P2	P:r1@RAC1P2	P:r1@RAC1P2	RAC1P2	RAC1P2	P	sig	beige	beige
4.75927075106607e-225	0.737055978614573	0.99	0.932	3.5750214100783e-220	P:r1@AC005912.1	P:r1@AC005912.1	P:r1@AC005912.1	AC005912.1	AC005912.1	P	sig	beige	beige
1.46104298007346e-48	0.736973865512093	0.582	0.347	1.09749165534178e-43	P:r1@RPL24P4	P:r1@RPL24P4	P:r1@RPL24P4	RPL24P4	RPL24P4	P	sig	beige	beige
1.86687645301571e-184	0.735818224613187	0.987	0.881	1.40234158521181e-179	P:r1@RPL18AP3	P:r1@RPL18AP3	P:r1@RPL18AP3	RPL18AP3	RPL18AP3	P	sig	beige	beige
3.19583358084076e-20	0.734742758248182	0.203	0.102	2.40061431092015e-15	D:r1@ADDG03040462254.R	D:r1@ADDG03040462254.R	D:r1@..254.R	..254.R	ADDG03040462254.R	D	sig	beige	beige
3.43700707677639e-19	0.733186102260055	0.19	0.094	2.58177660586212e-14	P:r1@RPL23AP74	P:r1@RPL23AP74	P:r1@RPL23AP74	RPL23AP74	RPL23AP74	P	sig	beige	beige
6.256151164404e-83	0.731579552169476	0.832	0.564	4.69943307016536e-78	P:r1@RPL10P9	P:r1@RPL10P9	P:r1@RPL10P9	RPL10P9	RPL10P9	P	sig	beige	beige
1.11715542430478e-53	0.729633244864256	0.614	0.364	8.3917364007502e-49	P:r1@RPSAP19	P:r1@RPSAP19	P:r1@RPSAP19	RPSAP19	RPSAP19	P	sig	beige	beige
3.84419322463338e-24	0.728848861421911	0.439	0.293	2.88764262454786e-19	P:r2@ADDG0X103686527.B	P:r2@ADDG0X103686527.B	P:r2@..527.B	..527.B	ADDG0X103686527.B	P	sig	beige	beige
1.88287633071148e-14	0.726009926730602	0.181	0.102	1.41436021334054e-09	D:r1@ADDG03012836191.F	D:r1@ADDG03012836191.F	D:r1@..191.F	..191.F	ADDG03012836191.F	D	sig	beige	beige
8.48488841957226e-148	0.72398882001319	0.961	0.83	6.37359363413009e-143	P:r1@AC011979.1	P:r1@AC011979.1	P:r1@AC011979.1	AC011979.1	AC011979.1	P	sig	beige	beige
8.45516160841534e-142	0.714948341908872	0.959	0.818	6.35126374539335e-137	P:r1@RPL15P3	P:r1@RPL15P3	P:r1@RPL15P3	RPL15P3	RPL15P3	P	sig	beige	beige
2.23852340179301e-110	0.712396312113314	0.935	0.773	1.68151162372486e-105	P:r1@RPL7AP6	P:r1@RPL7AP6	P:r1@RPL7AP6	RPL7AP6	RPL7AP6	P	sig	beige	beige
2.45499292727182e-19	0.710038881183698	0.229	0.125	1.84411703717877e-14	P:r1@ADDG0M000008310.R	P:r1@ADDG0M000008310.R	P:r1@..310.R	..310.R	ADDG0M000008310.R	P	sig	beige	beige
2.18977373157985e-61	0.706293261560354	0.7	0.442	1.64489233395084e-56	P:r1@AC079250.1	P:r1@AC079250.1	P:r1@AC079250.1	AC079250.1	AC079250.1	P	sig	beige	beige
2.36943541637038e-28	0.705335501525342	0.285	0.144	1.77984880171494e-23	P:r1@AC090543.2	P:r1@AC090543.2	P:r1@AC090543.2	AC090543.2	AC090543.2	P	sig	beige	beige
1.55641667962803e-23	0.69610540937254	0.255	0.133	1.16913351723619e-18	D:r1@ADDG03005178800.R	D:r1@ADDG03005178800.R	D:r1@..800.R	..800.R	ADDG03005178800.R	D	sig	beige	beige
3.97627706482448e-37	0.696074561129169	0.423	0.229	2.98686004278421e-32	P:r1@RPL7P1	P:r1@RPL7P1	P:r1@RPL7P1	RPL7P1	RPL7P1	P	sig	beige	beige
3.5581775529107e-156	0.695698367502649	0.971	0.882	2.67279623241993e-151	P:r1@RPSAP58	P:r1@RPSAP58	P:r1@RPSAP58	RPSAP58	RPSAP58	P	sig	beige	beige
0	0.695677185496368	1	0.999	0	P:r1@EEF1A1P5	P:r1@EEF1A1P5	P:r1@EEF1A1P5	EEF1A1P5	EEF1A1P5	P	sig	beige	beige
2.74308762987887e-56	0.692604950523091	0.69	0.442	2.06052513493611e-51	P:r1@HNRNPA1P7	P:r1@HNRNPA1P7	P:r1@HNRNPA1P7	HNRNPA1P7	HNRNPA1P7	P	sig	beige	beige
3.42520983021382e-129	0.68789598519749	0.961	0.812	2.57291486816171e-124	P:r1@EEF1A1P6	P:r1@EEF1A1P6	P:r1@EEF1A1P6	EEF1A1P6	EEF1A1P6	P	sig	beige	beige
3.77303133027792e-87	0.68701396058876	0.871	0.639	2.83418794436487e-82	P:r1@AC007969.1	P:r1@AC007969.1	P:r1@AC007969.1	AC007969.1	AC007969.1	P	sig	beige	beige
0	0.685284493341441	0.999	0.998	0	P:r1@RPS2P5	P:r1@RPS2P5	P:r1@RPS2P5	RPS2P5	RPS2P5	P	sig	beige	beige
2.43749766611907e-16	0.685220396728598	0.2	0.11	1.83097512185866e-11	D:r1@ADDG01116393629.R	D:r1@ADDG01116393629.R	D:r1@..629.R	..629.R	ADDG01116393629.R	D	sig	beige	beige
6.39117432564649e-25	0.684288265246079	0.272	0.142	4.80085841819587e-20	P:r1@RNU6-6P	P:r1@RNU6-6P	P:r1@RNU6-6P	RNU6-6P	RNU6-6P	P	sig	beige	beige
3.14294025984891e-47	0.682852215067212	0.638	0.414	2.3608824349907e-42	P:r1@ANXA2P2	P:r1@ANXA2P2	P:r1@ANXA2P2	ANXA2P2	ANXA2P2	P	sig	beige	beige
2.28272460349872e-15	0.680461798698743	0.183	0.1	1.71471424041014e-10	D:r1@ADDG16056467240.R	D:r1@ADDG16056467240.R	D:r1@..240.R	..240.R	ADDG16056467240.R	D	sig	beige	beige
8.32136990218453e-16	0.678666327703696	0.16	0.081	6.25076342942395e-11	P:r1@DLG4	P:r1@DLG4	P:r1@DLG4	DLG4	DLG4	P	sig	beige	beige
2.04355749465437e-191	0.677953133062164	0.993	0.952	1.53505908325952e-186	P:r1@RPS3AP26	P:r1@RPS3AP26	P:r1@RPS3AP26	RPS3AP26	RPS3AP26	P	sig	beige	beige
2.46675770984583e-55	0.677447144743405	0.688	0.43	1.85295438890489e-50	P:r1@AC018738.1	P:r1@AC018738.1	P:r1@AC018738.1	AC018738.1	AC018738.1	P	sig	beige	beige
1.94531773905012e-17	0.677247777855427	0.228	0.13	1.46126432604228e-12	P:r1@ADDG03179618488.R	P:r1@ADDG03179618488.R	P:r1@..488.R	..488.R	ADDG03179618488.R	P	sig	beige	beige
1.77113147796754e-47	0.676323046078377	0.605	0.365	1.33042083230487e-42	P:r1@POLR2J2,r1@AC105052.3	P:r1@POLR2J2,r1@AC105052.3	P:r1@POLR2J2,r1@AC105052.3	POLR2J2	POLR2J2,AC105052.3	P	sig	beige	beige
1.73031247920443e-13	0.674922074944213	0.169	0.094	1.29975882500399e-08	P:r3@ADDG11114299831.B	P:r3@ADDG11114299831.B	P:r3@..831.B	..831.B	ADDG11114299831.B	P	sig	beige	beige
2.03820554961974e-31	0.672098658946349	0.512	0.331	1.53103886270786e-26	D:r1@ADDG19018575201.R	D:r1@ADDG19018575201.R	D:r1@..201.R	..201.R	ADDG19018575201.R	D	sig	beige	beige
7.29382652352254e-15	0.670954796828971	0.15	0.076	5.47890366967443e-10	D:r1@ADDG12121346283.F	D:r1@ADDG12121346283.F	D:r1@..283.F	..283.F	ADDG12121346283.F	D	sig	beige	beige
1.83975528336375e-16	0.667934189324516	0.149	0.071	1.38196897620435e-11	P:r1@AC097658.1	P:r1@AC097658.1	P:r1@AC097658.1	AC097658.1	AC097658.1	P	sig	beige	beige
4.79079140082185e-130	0.667606045281005	0.969	0.852	3.59869877655535e-125	P:r1@RPL6P27	P:r1@RPL6P27	P:r1@RPL6P27	RPL6P27	RPL6P27	P	sig	beige	beige
1.53516204182049e-27	0.66696555512371	0.337	0.186	1.15316767095429e-22	P:r1@RPL7P23	P:r1@RPL7P23	P:r1@RPL7P23	RPL7P23	RPL7P23	P	sig	beige	beige
1.27285391425237e-25	0.666806095370811	0.287	0.151	9.56129674768953e-21	P:r1@MORF4L1P1	P:r1@MORF4L1P1	P:r1@MORF4L1P1	MORF4L1P1	MORF4L1P1	P	sig	beige	beige
8.22506842220536e-211	0.666434231872219	0.995	0.964	6.178424646708e-206	P:r1@RPL10P16	P:r1@RPL10P16	P:r1@RPL10P16	RPL10P16	RPL10P16	P	sig	beige	beige
2.56484117625951e-95	0.664283482777034	0.912	0.702	1.92663174637085e-90	P:r1@AC004453.1	P:r1@AC004453.1	P:r1@AC004453.1	AC004453.1	AC004453.1	P	sig	beige	beige
2.09531557202944e-26	0.663783712198877	0.326	0.181	1.57393819824135e-21	P:r1@GCSHP5	P:r1@GCSHP5	P:r1@GCSHP5	GCSHP5	GCSHP5	P	sig	beige	beige
2.30913337671752e-25	0.658057496672525	0.339	0.193	1.7345517185889e-20	D:r1@ADDG04143517410.R	D:r1@ADDG04143517410.R	D:r1@..410.R	..410.R	ADDG04143517410.R	D	sig	beige	beige
3.61685273143022e-85	0.653418551829515	0.996	0.988	2.71687126626844e-80	D:r1@ADDG21008259835.B	D:r1@ADDG21008259835.B	D:r1@..835.B	..835.B	ADDG21008259835.B	D	sig	beige	beige
2.77370921245104e-70	0.653394281371944	0.845	0.636	2.08352714911685e-65	P:r1@RPL23AP42	P:r1@RPL23AP42	P:r1@RPL23AP42	RPL23AP42	RPL23AP42	P	sig	beige	beige
3.61276205811305e-19	0.650045323320254	0.262	0.151	2.71379847519278e-14	P:r1@FAM3C2	P:r1@FAM3C2	P:r1@FAM3C2	FAM3C2	FAM3C2	P	sig	beige	beige
4.475275132598e-110	0.649205661888064	1	0.999	3.36169242135364e-105	D:r1@ADDG21008209995.F	D:r1@ADDG21008209995.F	D:r1@..995.F	..995.F	ADDG21008209995.F	D	sig	beige	beige
1.51555775902291e-56	0.647145232889023	0.982	0.932	1.13844152184524e-51	D:r1@ADDG21008400458.B	D:r1@ADDG21008400458.B	D:r1@..458.B	..458.B	ADDG21008400458.B	D	sig	beige	beige
1.34121174699992e-217	0.639739270882799	0.997	0.975	1.00747802799393e-212	P:r1@AL450405.1	P:r1@AL450405.1	P:r1@AL450405.1	AL450405.1	AL450405.1	P	sig	beige	beige
4.26110848510127e-42	0.639467733517802	0.597	0.37	3.20081686075352e-37	P:r1@H3F3AP4	P:r1@H3F3AP4	P:r1@H3F3AP4	H3F3AP4	H3F3AP4	P	sig	beige	beige
7.75924224133309e-39	0.638777748114123	0.483	0.27	5.82850999442218e-34	P:r1@AC068522.1	P:r1@AC068522.1	P:r1@AC068522.1	AC068522.1	AC068522.1	P	sig	beige	beige
8.69723572606355e-21	0.638652206677352	0.233	0.123	6.53310256034715e-16	P:r1@PI4KAP2	P:r1@PI4KAP2	P:r1@PI4KAP2	PI4KAP2	PI4KAP2	P	sig	beige	beige
2.54940356188254e-49	0.636672929733902	0.682	0.44	1.91503547357931e-44	P:r1@RPL7AP66	P:r1@RPL7AP66	P:r1@RPL7AP66	RPL7AP66	RPL7AP66	P	sig	beige	beige
2.1825885592807e-12	0.636115396046818	0.145	0.078	1.63949504807488e-07	P:r1@RBM8B	P:r1@RBM8B	P:r1@RBM8B	RBM8B	RBM8B	P	sig	beige	beige
1.09630849086205e-69	0.636042401477147	0.991	0.973	8.23514049080847e-65	P:r1@ADDG0M000002705.F,r1@MT-ND1,r1@MT-TL1	P:r1@MT-ND1,r1@MT-TL1	P:r1@MT-ND1,TL1	MT-ND1	MT-ND1,MT-TL1	P	sig	beige	beige
2.81216683836272e-23	0.631794029496727	0.285	0.157	2.11241536397293e-18	P:r1@RNA5-8SN2	P:r1@RNA5-8SN2	P:r1@RNA5-8SN2	RNA5-8SN2	RNA5-8SN2	P	sig	beige	beige
2.99002381205849e-17	0.630274899671598	0.183	0.094	2.24601618690398e-12	P:r1@F8A3	P:r1@F8A3	P:r1@F8A3	F8A3	F8A3	P	sig	beige	beige
2.04963631293018e-14	0.623715497543912	0.169	0.091	1.53962530918376e-09	P:r1@SUMO2P1	P:r1@SUMO2P1	P:r1@SUMO2P1	SUMO2P1	SUMO2P1	P	sig	beige	beige
4.30549776426504e-12	0.618609296299102	0.187	0.112	3.23416075558297e-07	P:r2@PARP10	P:r2@PARP10	P:r2@PARP10	PARP10	PARP10	P	sig	beige	beige
5.5415574795348e-41	0.618281763845777	0.628	0.397	4.16265173190215e-36	P:r1@AC115223.1	P:r1@AC115223.1	P:r1@AC115223.1	AC115223.1	AC115223.1	P	sig	beige	beige
4.10080526779399e-39	0.615390610912431	0.54	0.327	3.08040189300881e-34	P:r1@HMGN2P3	P:r1@HMGN2P3	P:r1@HMGN2P3	HMGN2P3	HMGN2P3	P	sig	beige	beige
2.96559858724898e-41	0.613260202725489	0.673	0.456	2.22766869078382e-36	P:r1@ADDG19034400315.R	P:r1@ADDG19034400315.R	P:r1@..315.R	..315.R	ADDG19034400315.R	P	sig	beige	beige
2.80300035295192e-83	0.612225217666258	0.92	0.754	2.10552977512689e-78	P:r1@RPS7P1	P:r1@RPS7P1	P:r1@RPS7P1	RPS7P1	RPS7P1	P	sig	beige	beige
2.72757914261285e-13	0.609430652340663	0.141	0.073	2.04887562455649e-08	P:r1@RPL12P4	P:r1@RPL12P4	P:r1@RPL12P4	RPL12P4	RPL12P4	P	sig	beige	beige
3.43575896287033e-58	0.609093417510536	0.815	0.597	2.58083906013931e-53	P:r1@RPL7P9	P:r1@RPL7P9	P:r1@RPL7P9	RPL7P9	RPL7P9	P	sig	beige	beige
3.24490242320336e-37	0.607801701046939	0.814	0.636	2.43747335323767e-32	P:r1@RN7SL1	P:r1@RN7SL1	P:r1@RN7SL1	RN7SL1	RN7SL1	P	sig	beige	beige
1.6909140013525e-45	0.605477243255204	0.753	0.569	1.27016387039596e-40	P:r1@TMSB4XP8	P:r1@TMSB4XP8	P:r1@TMSB4XP8	TMSB4XP8	TMSB4XP8	P	sig	beige	beige
2.09609046752499e-20	0.604919567752253	0.415	0.282	1.57452027649075e-15	D:r1@ADDG02027070577.F	D:r1@ADDG02027070577.F	D:r1@..577.F	..577.F	ADDG02027070577.F	D	sig	beige	beige
5.08422764791722e-13	0.60364819324415	0.179	0.102	3.81911928228598e-08	D:r1@ADDG10058785016.R	D:r1@ADDG10058785016.R	D:r1@..016.R	..016.R	ADDG10058785016.R	D	sig	beige	beige
1.55885241129765e-160	0.59906963353076	0.994	0.945	1.17096316579445e-155	P:r1@RPS28P7	P:r1@RPS28P7	P:r1@RPS28P7	RPS28P7	RPS28P7	P	sig	beige	beige
4.82990801015738e-31	0.595178026281954	0.468	0.282	3.62808199998992e-26	P:r1@AC027309.2	P:r1@AC027309.2	P:r1@AC027309.2	AC027309.2	AC027309.2	P	sig	beige	beige
1.63073309804207e-13	0.594568968974204	0.153	0.083	1.22495778125626e-08	D:r1@ADDG01152032625.F	D:r1@ADDG01152032625.F	D:r1@..625.F	..625.F	ADDG01152032625.F	D	sig	beige	beige
4.95393822833574e-17	0.593565391867733	0.22	0.124	3.72124977897896e-12	P:r1@ADDG01042278432.F	P:r1@ADDG01042278432.F	P:r1@..432.F	..432.F	ADDG01042278432.F	P	sig	beige	beige
1.64933227431329e-203	0.593193544792547	0.997	0.977	1.23892892449592e-198	P:r1@RPS26P6	P:r1@RPS26P6	P:r1@RPS26P6	RPS26P6	RPS26P6	P	sig	beige	beige
0	0.590873897157206	1	0.999	0	P:r1@RPL13P12	P:r1@RPL13P12	P:r1@RPL13P12	RPL13P12	RPL13P12	P	sig	beige	beige
3.70539341985872e-18	0.588379088597484	0.371	0.24	2.78338037519527e-13	P:r1@RMRP,r1@RMRP.2	P:r1@RMRP,r1@RMRP.2	P:r1@RMRP,r1@RMRP.2	RMRP	RMRP,RMRP.2	P	sig	beige	beige
1.23832600171271e-65	0.587538282043811	0.891	0.695	9.30193342706538e-61	P:r1@AC010343.1	P:r1@AC010343.1	P:r1@AC010343.1	AC010343.1	AC010343.1	P	sig	beige	beige
3.78188211034449e-32	0.586513737634542	0.492	0.301	2.84083638482747e-27	D:r1@ADDG20044500253.F	D:r1@ADDG20044500253.F	D:r1@..253.F	..253.F	ADDG20044500253.F	D	sig	beige	beige
2.50102249510105e-187	0.586426988192142	0.994	0.974	1.87869306764505e-182	P:r1@PPIAP22	P:r1@PPIAP22	P:r1@PPIAP22	PPIAP22	PPIAP22	P	sig	beige	beige
6.50441479112855e-36	0.577645013080752	0.586	0.37	4.88592125865203e-31	P:r1@AP001324.1	P:r1@AP001324.1	P:r1@AP001324.1	AP001324.1	AP001324.1	P	sig	beige	beige
8.43622430811839e-22	0.573590935437382	0.29	0.161	6.33703861352929e-17	P:r1@RPS13P2	P:r1@RPS13P2	P:r1@RPS13P2	RPS13P2	RPS13P2	P	sig	beige	beige
1.88170430666808e-17	0.570443561672465	0.231	0.13	1.41347982403986e-12	P:r1@AC007318.1	P:r1@AC007318.1	P:r1@AC007318.1	AC007318.1	AC007318.1	P	sig	beige	beige
1.54436083251896e-11	0.566774922933189	0.181	0.109	1.16007752656327e-06	D:r1@ADDG12048922042.F	D:r1@ADDG12048922042.F	D:r1@..042.F	..042.F	ADDG12048922042.F	D	sig	beige	beige
2.41926421246822e-58	0.561398204817304	0.891	0.739	1.81727869847975e-53	P:r1@AL590867.2	P:r1@AL590867.2	P:r1@AL590867.2	AL590867.2	AL590867.2	P	sig	beige	beige
1.11749915279059e-28	0.559974949132502	0.622	0.436	8.39431838601708e-24	P:r1@ADDG0M000005585.R	P:r1@ADDG0M000005585.R	P:r1@..585.R	..585.R	ADDG0M000005585.R	P	sig	beige	beige
7.31869517262713e-13	0.55712684372654	0.25	0.161	5.49758425282232e-08	P:r1@HIST1H4F	P:r1@HIST1H4F	P:r1@HIST1H4F	HIST1H4F	HIST1H4F	P	sig	beige	beige
3.42647767198238e-38	0.556362365588269	0.633	0.413	2.573867232863e-33	P:r1@EIF3C	P:r1@EIF3C	P:r1@EIF3C	EIF3C	EIF3C	P	sig	beige	beige
3.43033562212649e-130	0.555955664283674	0.989	0.925	2.57676520927276e-125	P:r1@GPX1	P:r1@GPX1	P:r1@GPX1	GPX1	GPX1	P	sig	beige	beige
5.98191176330138e-12	0.554437470242618	0.148	0.082	4.4934326592391e-07	P:r1@ARL17B	P:r1@ARL17B	P:r1@ARL17B	ARL17B	ARL17B	P	sig	beige	beige
4.06182637269858e-19	0.554031882805947	0.512	0.369	3.05112211637999e-14	D:r1@ADDG0X047586726.R	D:r1@ADDG0X047586726.R	D:r1@..726.R	..726.R	ADDG0X047586726.R	D	sig	beige	beige
1.10899552262084e-13	0.55289323098237	0.196	0.113	8.33044166727097e-09	D:r1@ADDG02027309704.F	D:r1@ADDG02027309704.F	D:r1@..704.F	..704.F	ADDG02027309704.F	D	sig	beige	beige
3.48879974956859e-14	0.549111059126196	0.221	0.131	2.62068170788344e-09	P:r1@ADDG07127591402.R	P:r1@ADDG07127591402.R	P:r1@..402.R	..402.R	ADDG07127591402.R	P	sig	beige	beige
8.73879879644424e-14	0.548898896959177	0.16	0.085	6.56432349192502e-09	P:r1@BCR	P:r1@BCR	P:r1@BCR	BCR	BCR	P	sig	beige	beige
3.74496819897609e-19	0.54883495578082	0.301	0.179	2.81310776202487e-14	D:r1@ADDG14066922810.B	D:r1@ADDG14066922810.B	D:r1@..810.B	..810.B	ADDG14066922810.B	D	sig	beige	beige
1.11003322916684e-15	0.547392909836931	0.246	0.143	8.33823660753252e-11	P:r1@ADDG0M000012319.R	P:r1@ADDG0M000012319.R	P:r1@..319.R	..319.R	ADDG0M000012319.R	P	sig	beige	beige
1.73110402685459e-128	0.547035731520776	0.991	0.948	1.30035341185236e-123	P:r1@AC004057.1	P:r1@AC004057.1	P:r1@AC004057.1	AC004057.1	AC004057.1	P	sig	beige	beige
8.9156411862336e-15	0.547007501169617	0.206	0.117	6.69716218986309e-10	D:r1@ADDG01040281474.R	D:r1@ADDG01040281474.R	D:r1@..474.R	..474.R	ADDG01040281474.R	D	sig	beige	beige
5.54403609702363e-101	0.544107666269062	0.975	0.896	4.16451359500124e-96	P:r1@AC116533.1	P:r1@AC116533.1	P:r1@AC116533.1	AC116533.1	AC116533.1	P	sig	beige	beige
4.03264871136601e-20	0.542178105844066	0.449	0.305	3.02920473251681e-15	P:r1@ADDG05179710030.R	P:r1@ADDG05179710030.R	P:r1@..030.R	..030.R	ADDG05179710030.R	P	sig	beige	beige
2.57712693409075e-28	0.541924889026889	0.468	0.287	1.93586043908095e-23	P:r1@AC080023.2	P:r1@AC080023.2	P:r1@AC080023.2	AC080023.2	AC080023.2	P	sig	beige	beige
1.41057280169889e-159	0.539201489805356	0.994	0.976	1.05957997145216e-154	P:r1@RPL39P3	P:r1@RPL39P3	P:r1@RPL39P3	RPL39P3	RPL39P3	P	sig	beige	beige
4.84748174390619e-10	0.537551662757291	0.14	0.081	3.64128286157001e-05	P:r1@AL139100.1	P:r1@AL139100.1	P:r1@AL139100.1	AL139100.1	AL139100.1	P	sig	beige	beige
6.33932164756116e-78	0.535384800956193	1	1	4.76190824199852e-73	D:r1@ADDG21008217400.B	D:r1@ADDG21008217400.B	D:r1@..400.B	..400.B	ADDG21008217400.B	D	sig	beige	beige
8.88542165659327e-12	0.534853784195549	0.477	0.392	6.67446218578317e-07	P:r1@PTPRN	P:r1@PTPRN	P:r1@PTPRN	PTPRN	PTPRN	P	sig	beige	beige
8.42485192065076e-51	0.531067512357321	0.834	0.626	6.32849601723523e-46	P:r1@AL136454.1,r1@MIR4426	P:r1@AL136454.1,r1@MIR4426	P:r1@AL136454.1,r1@MIR4426	MIR4426	AL136454.1,MIR4426	P	sig	beige	beige
1.50383702712429e-23	0.528754008531959	0.576	0.407	1.12963725966495e-18	P:r1@ADDG01092840688.R	P:r1@ADDG01092840688.R	P:r1@..688.R	..688.R	ADDG01092840688.R	P	sig	beige	beige
2.67810448564242e-29	0.526657691810417	0.488	0.3	2.01171174648002e-24	P:r1@SNRPGP2	P:r1@SNRPGP2	P:r1@SNRPGP2	SNRPGP2	SNRPGP2	P	sig	beige	beige
3.24766655263603e-09	0.525416075181967	0.141	0.084	0.000243954968434361	P:r1@TWF1P1	P:r1@TWF1P1	P:r1@TWF1P1	TWF1P1	TWF1P1	P	sig	beige	beige
4.14025140657278e-15	0.517345954245015	0.264	0.164	3.11003264907528e-10	P:r1@PYGO1	P:r1@PYGO1	P:r1@PYGO1	PYGO1	PYGO1	P	sig	beige	beige
1.32768222202558e-97	0.516234592550524	0.98	0.908	9.97315054718955e-93	P:r1@RPL12P16	P:r1@RPL12P16	P:r1@RPL12P16	RPL12P16	RPL12P16	P	sig	beige	beige
5.18115618235532e-13	0.515509123778351	0.224	0.137	3.89192908949985e-08	P:r1@ADDG15060453740.F	P:r1@ADDG15060453740.F	P:r1@..740.F	..740.F	ADDG15060453740.F	P	sig	beige	beige
6.13364982673913e-28	0.514573189324209	0.648	0.462	4.60741374035163e-23	D:r1@ADDG06109368783.F	D:r1@ADDG06109368783.F	D:r1@..783.F	..783.F	ADDG06109368783.F	D	sig	beige	beige
9.00294206675043e-19	0.513305519736844	0.368	0.236	6.76273999228092e-14	P:r1@ADDG03047701380.F	P:r1@ADDG03047701380.F	P:r1@..380.F	..380.F	ADDG03047701380.F	P	sig	beige	beige
4.15949235652999e-57	0.511857881649957	0.997	0.998	3.12448587345463e-52	P:r1@MT-TF,r1@MT-RNR1	P:r1@MT-TF,r1@MT-RNR1	P:r1@MT-TF,RNR1	MT-TF	MT-TF,MT-RNR1	P	sig	beige	beige
6.39130478561609e-12	0.511000065813342	0.177	0.104	4.80095641581124e-07	P:r1@ADDG01151227385.R	P:r1@ADDG01151227385.R	P:r1@..385.R	..385.R	ADDG01151227385.R	P	sig	beige	beige
1.36708308628761e-10	0.508687821638729	0.216	0.14	1.02691180192666e-05	D:r1@ADDG07134933162.R	D:r1@ADDG07134933162.R	D:r1@..162.R	..162.R	ADDG07134933162.R	D	sig	beige	beige
7.67561950045168e-20	0.507947716083757	0.339	0.205	5.76569510015429e-15	P:r1@PRKCA	P:r1@PRKCA	P:r1@PRKCA	PRKCA	PRKCA	P	sig	beige	beige
1.03559868408978e-22	0.507900434104911	0.483	0.318	7.77910663527723e-18	D:r1@ADDG01143424765.R	D:r1@ADDG01143424765.R	D:r1@..765.R	..765.R	ADDG01143424765.R	D	sig	beige	beige
1.28185291461734e-20	0.507309444455829	0.682	0.542	9.62889453873107e-16	P:r1@FAM20C	P:r1@FAM20C	P:r1@FAM20C	FAM20C	FAM20C	P	sig	beige	beige
1.01596508446289e-19	0.506054713370905	0.324	0.194	7.63162492495992e-15	P:r1@GDF11	P:r1@GDF11	P:r1@GDF11	GDF11	GDF11	P	sig	beige	beige
4.53675942175381e-22	0.503827885483413	0.619	0.472	3.40787757483881e-17	D:r1@ADDG12056712824.F	D:r1@ADDG12056712824.F	D:r1@..824.F	..824.F	ADDG12056712824.F	D	sig	beige	beige
2.56770562200253e-16	0.499740894232994	0.248	0.145	1.92878343207964e-11	P:r1@AC135983.2	P:r1@AC135983.2	P:r1@AC135983.2	AC135983.2	AC135983.2	P	sig	beige	beige
1.6084974113776e-75	0.498154614060811	0.996	0.998	1.20825500050451e-70	P:r1@MT-ATP6,r1@MT-CO3,r1@MT-TK,r1@MT-ATP8	P:r1@MT-ATP6,r1@MT-CO3,r1@MT-TK,r1@MT-ATP8	P:r1@MT-ATP6,CO3,TK,ATP8	MT-ATP6	MT-ATP6,MT-CO3,MT-TK,MT-ATP8	P	sig	beige	beige
6.77607739342475e-22	0.495811285224655	0.323	0.187	5.08998605561887e-17	D:r1@ADDG03116645476.F	D:r1@ADDG03116645476.F	D:r1@..476.F	..476.F	ADDG03116645476.F	D	sig	beige	beige
1.77847832741917e-24	0.492812699908411	0.677	0.509	1.33593956520746e-19	D:r1@ADDG17030385212.R	D:r1@ADDG17030385212.R	D:r1@..212.R	..212.R	ADDG17030385212.R	D	sig	beige	beige
2.68199152086478e-22	0.49200845264093	0.382	0.232	2.014631570728e-17	P:r1@AC078819.1	P:r1@AC078819.1	P:r1@AC078819.1	AC078819.1	AC078819.1	P	sig	beige	beige
8.43596202983055e-37	0.491518125750112	0.75	0.54	6.33684159794781e-32	P:r1@AL356966.1,r1@RPS26P47	P:r1@AL356966.1,r1@RPS26P47	P:r1@AL356966.1,r1@RPS26P47	RPS26P47	AL356966.1,RPS26P47	P	sig	beige	beige
1.63178726275457e-09	0.487163473212816	0.128	0.074	0.000122574963816335	D:r1@ADDG01147284446.R	D:r1@ADDG01147284446.R	D:r1@..446.R	..446.R	ADDG01147284446.R	D	sig	beige	beige
5.92759288303705e-58	0.486757745789994	0.998	0.998	4.45262994595094e-53	D:r1@ADDG21008988652.B	D:r1@ADDG21008988652.B	D:r1@..652.B	..652.B	ADDG21008988652.B	D	sig	beige	beige
4.68181066082146e-10	0.486196041076162	0.142	0.082	3.51683571408926e-05	D:r1@ADDG02065004012.R	D:r1@ADDG02065004012.R	D:r1@..012.R	..012.R	ADDG02065004012.R	D	sig	beige	beige
3.14954666897658e-20	0.485216028755074	0.322	0.191	2.36584497133514e-15	P:r1@USF2	P:r1@USF2	P:r1@USF2	USF2	USF2	P	sig	beige	beige
1.30021193403809e-23	0.484666702075092	0.571	0.401	9.76680198491388e-19	P:r1@RBMS3	P:r1@RBMS3	P:r1@RBMS3	RBMS3	RBMS3	P	sig	beige	beige
4.27797842275914e-14	0.482409669759458	0.224	0.135	3.21348905182398e-09	P:r1@AC245140.2	P:r1@AC245140.2	P:r1@AC245140.2	AC245140.2	AC245140.2	P	sig	beige	beige
4.40260028127833e-16	0.482315726968593	0.222	0.124	3.30710125328784e-11	P:r1@CU633967.1	P:r1@CU633967.1	P:r1@CU633967.1	CU633967.1	CU633967.1	P	sig	beige	beige
4.65439812202439e-16	0.481229311711717	0.269	0.162	3.49624423732106e-11	D:r1@ADDG01007780120.R	D:r1@ADDG01007780120.R	D:r1@..120.R	..120.R	ADDG01007780120.R	D	sig	beige	beige
2.88657432983951e-49	0.480730928458292	0.973	0.929	2.16830803934554e-44	P:r1@MT-ND5,r1@MT-TS2,r1@MT-TL2	P:r1@MT-ND5,r1@MT-TS2,r1@MT-TL2	P:r1@MT-ND5,TS2,TL2	MT-ND5	MT-ND5,MT-TS2,MT-TL2	P	sig	beige	beige
1.11895118242376e-17	0.480380026665478	0.253	0.144	8.40522559701256e-13	P:r1@ANKRD13B	P:r1@ANKRD13B	P:r1@ANKRD13B	ANKRD13B	ANKRD13B	P	sig	beige	beige
4.64293474077015e-30	0.478927619260585	0.745	0.588	3.48763328922432e-25	P:r1@ADDG01042762378.F	P:r1@ADDG01042762378.F	P:r1@..378.F	..378.F	ADDG01042762378.F	P	sig	beige	beige
3.62337356497474e-08	0.477263177225653	0.145	0.092	0.00272176952080208	P:r1@CELF2	P:r1@CELF2	P:r1@CELF2	CELF2	CELF2	P	sig	beige	beige
8.59487880822075e-11	0.476455219242554	0.153	0.089	6.45621511437118e-06	P:r1@ANGEL1	P:r1@ANGEL1	P:r1@ANGEL1	ANGEL1	ANGEL1	P	sig	beige	beige
2.30754310257683e-11	0.474545830846783	0.167	0.097	1.73335715236264e-06	D:r1@ADDG19052016741.F	D:r1@ADDG19052016741.F	D:r1@..741.F	..741.F	ADDG19052016741.F	D	sig	beige	beige
2.37978659141874e-71	0.474376822170047	1	1	1.78762429387601e-66	D:r1@ADDG21008254958.B	D:r1@ADDG21008254958.B	D:r1@..958.B	..958.B	ADDG21008254958.B	D	sig	beige	beige
4.94967022186031e-20	0.474098964510314	0.654	0.513	3.71804378055481e-15	P:r1@ADDG0M000016095.B,r1@MT-TP	P:r1@MT-TP	P:r1@MT-TP	MT-TP	MT-TP	P	sig	beige	beige
0	0.47327601762847	1	1	0	P:r1@RPL41P1	P:r1@RPL41P1	P:r1@RPL41P1	RPL41P1	RPL41P1	P	sig	beige	beige
2.60554433428026e-27	0.472794553081525	0.829	0.707	1.9572067375813e-22	D:r1@ADDG12016551234.F	D:r1@ADDG12016551234.F	D:r1@..234.F	..234.F	ADDG12016551234.F	D	sig	beige	beige
8.12553685531372e-15	0.471885898855371	0.269	0.166	6.10365951960601e-10	D:r1@ADDG01184619886.B	D:r1@ADDG01184619886.B	D:r1@..886.B	..886.B	ADDG01184619886.B	D	sig	beige	beige
5.98845719483423e-13	0.469807126953223	0.25	0.158	4.49834939104363e-08	D:r1@ADDG12021517463.R	D:r1@ADDG12021517463.R	D:r1@..463.R	..463.R	ADDG12021517463.R	D	sig	beige	beige
1.99233192320153e-25	0.468080393217114	0.6	0.42	1.49657997075129e-20	P:r1@CBWD3	P:r1@CBWD3	P:r1@CBWD3	CBWD3	CBWD3	P	sig	beige	beige
7.90760263733335e-14	0.465580214438085	0.238	0.145	5.93995387308569e-09	P:r1@TAOK1,r1@MIR4523	P:r1@TAOK1,r1@MIR4523	P:r1@TAOK1,r1@MIR4523	TAOK1	TAOK1,MIR4523	P	sig	beige	beige
6.15928199116191e-17	0.464242265547907	0.298	0.181	4.62666785330109e-12	P:r1@LRFN3	P:r1@LRFN3	P:r1@LRFN3	LRFN3	LRFN3	P	sig	beige	beige
3.85019401243136e-12	0.463271556292771	0.184	0.107	2.89215023631806e-07	P:r1@URB2	P:r1@URB2	P:r1@URB2	URB2	URB2	P	sig	beige	beige
7.76787638613657e-12	0.461348561988129	0.212	0.133	5.83499570497421e-07	P:r1@HIST1H3I	P:r1@HIST1H3I	P:r1@HIST1H3I	HIST1H3I	HIST1H3I	P	sig	beige	beige
5.64886287353562e-20	0.459191933811399	0.34	0.204	4.24325632471376e-15	P:r1@LATS2	P:r1@LATS2	P:r1@LATS2	LATS2	LATS2	P	sig	beige	beige
2.52796558678987e-18	0.459046835260858	0.383	0.247	1.89893190982895e-13	D:r1@ADDG10118730307.F	D:r1@ADDG10118730307.F	D:r1@..307.F	..307.F	ADDG10118730307.F	D	sig	beige	beige
1.16693224561835e-17	0.453999827215941	0.35	0.217	8.76564494941133e-13	P:r1@GRK2	P:r1@GRK2	P:r1@GRK2	GRK2	GRK2	P	sig	beige	beige
5.66430292269804e-17	0.452636129727705	0.301	0.184	4.25485442644309e-12	D:r1@ADDG14060093366.R	D:r1@ADDG14060093366.R	D:r1@..366.R	..366.R	ADDG14060093366.R	D	sig	beige	beige
1.41273243064013e-26	0.452362739235819	0.777	0.653	1.06120221992395e-21	D:r1@ADDG17004945990.B	D:r1@ADDG17004945990.B	D:r1@..990.B	..990.B	ADDG17004945990.B	D	sig	beige	beige
5.58937321333323e-26	0.449241894227263	0.632	0.439	4.19856947665952e-21	P:r1@HMGB1P5	P:r1@HMGB1P5	P:r1@HMGB1P5	HMGB1P5	HMGB1P5	P	sig	beige	beige
1.01201601332988e-14	0.447943092585941	0.425	0.301	7.60196068733006e-10	D:r1@ADDG01092841858.R	D:r1@ADDG01092841858.R	D:r1@..858.R	..858.R	ADDG01092841858.R	D	sig	beige	beige
4.62332156334469e-25	0.443266360735415	0.651	0.47	3.47290045873763e-20	P:r1@WASH3P	P:r1@WASH3P	P:r1@WASH3P	WASH3P	WASH3P	P	sig	beige	beige
7.89455353525554e-13	0.443203060090937	0.247	0.156	5.9301517790779e-08	P:r1@FBXL14	P:r1@FBXL14	P:r1@FBXL14	FBXL14	FBXL14	P	sig	beige	beige
4.95297419611901e-22	0.440284010370044	0.495	0.331	3.72052562689872e-17	D:r1@ADDG09129829300.B	D:r1@ADDG09129829300.B	D:r1@..300.B	..300.B	ADDG09129829300.B	D	sig	beige	beige
2.46758182224503e-12	0.439794239200591	0.182	0.106	1.8535734374158e-07	P:r1@ZNF865	P:r1@ZNF865	P:r1@ZNF865	ZNF865	ZNF865	P	sig	beige	beige
1.16124250587546e-09	0.439667142045062	0.2	0.131	8.72290533138471e-05	P:r1@U2.13	P:r1@U2.13	P:r1@U2.13	U2.13	U2.13	P	sig	beige	beige
2.82331872398316e-14	0.439320927762156	0.246	0.149	2.12079232589443e-09	P:r1@INPP5A	P:r1@INPP5A	P:r1@INPP5A	INPP5A	INPP5A	P	sig	beige	beige
1.13908504342844e-16	0.437491504758956	0.308	0.192	8.5564651207214e-12	P:r1@DUXAP10	P:r1@DUXAP10	P:r1@DUXAP10	DUXAP10	DUXAP10	P	sig	beige	beige
3.62492595243343e-22	0.436589614041671	0.525	0.355	2.72293562768942e-17	P:r1@SNORD58C	P:r1@SNORD58C	P:r1@SNORD58C	SNORD58C	SNORD58C	P	sig	beige	beige
2.3761584145039e-22	0.435544970918189	0.713	0.533	1.78489891622289e-17	P:r1@MAP2K1	P:r1@MAP2K1	P:r1@MAP2K1	MAP2K1	MAP2K1	P	sig	beige	beige
3.82305457676282e-10	0.433865613113788	0.185	0.115	2.87176390642693e-05	P:r1@PLEKHA4	P:r1@PLEKHA4	P:r1@PLEKHA4	PLEKHA4	PLEKHA4	P	sig	beige	beige
1.96841462580406e-17	0.43350752238969	0.335	0.208	1.47861401446524e-12	P:r1@MEX3D	P:r1@MEX3D	P:r1@MEX3D	MEX3D	MEX3D	P	sig	beige	beige
3.48754208308351e-17	0.432862230943534	0.351	0.227	2.61973698654984e-12	D:r1@ADDG0X120558661.B	D:r1@ADDG0X120558661.B	D:r1@..661.B	..661.B	ADDG0X120558661.B	D	sig	beige	beige
8.3487332629739e-72	0.432033985180557	0.997	0.998	6.2713179651481e-67	P:r1@MT-ND2,r1@MT-CO1,r1@MT-TI,r1@MT-TM,r1@MT-TW	P:r1@MT-ND2,r1@MT-CO1,r1@MT-TI,r1@MT-TM,r1@MT-TW	P:r1@MT-ND2,CO1,TI,TM,TW	MT-ND2	MT-ND2,MT-CO1,MT-TI,MT-TM,MT-TW	P	sig	beige	beige
6.38758981624538e-64	0.430858219574705	0.996	0.993	4.79816584226904e-59	P:r1@MT-ND3,r1@MT-ND4,r1@MT-TG,r1@MT-TR,r1@MT-ND4L	P:r1@MT-ND3,r1@MT-ND4,r1@MT-TG,r1@MT-TR,r1@MT-ND4L	P:r1@MT-ND3,ND4,TG,TR,ND4L	MT-ND3	MT-ND3,MT-ND4,MT-TG,MT-TR,MT-ND4L	P	sig	beige	beige
8.00096263763535e-55	0.430532072909583	1	1	6.01008310451255e-50	D:r1@ADDG21008398844.F	D:r1@ADDG21008398844.F	D:r1@..844.F	..844.F	ADDG21008398844.F	D	sig	beige	beige
3.55997709788622e-12	0.428605732978896	0.356	0.253	2.67414799661919e-07	P:r1@SLC7A8	P:r1@SLC7A8	P:r1@SLC7A8	SLC7A8	SLC7A8	P	sig	beige	beige
7.70640472880891e-11	0.426894021427279	0.21	0.133	5.78882004013939e-06	D:r1@ADDG05123023980.F	D:r1@ADDG05123023980.F	D:r1@..980.F	..980.F	ADDG05123023980.F	D	sig	beige	beige
2.57143455742103e-13	0.425704056228906	0.209	0.123	1.93158449649796e-08	D:r1@ADDG14099502989.R	D:r1@ADDG14099502989.R	D:r1@..989.R	..989.R	ADDG14099502989.R	D	sig	beige	beige
5.28003546072061e-16	0.425544658974372	0.344	0.223	3.9662042370295e-11	P:r1@POT1	P:r1@POT1	P:r1@POT1	POT1	POT1	P	sig	beige	beige
1.165940005109e-08	0.424728130817206	0.145	0.089	0.000875819153637729	D:r1@ADDG04024800680.R	D:r1@ADDG04024800680.R	D:r1@..680.R	..680.R	ADDG04024800680.R	D	sig	beige	beige
1.5840960564942e-20	0.424344388192665	0.572	0.4	1.18992543475675e-15	P:r1@WASH8P	P:r1@WASH8P	P:r1@WASH8P	WASH8P	WASH8P	P	sig	beige	beige
3.24002390479508e-21	0.424275822250896	0.655	0.501	2.43380875656492e-16	D:r1@ADDG12043797331.F	D:r1@ADDG12043797331.F	D:r1@..331.F	..331.F	ADDG12043797331.F	D	sig	beige	beige
3.20467849951996e-11	0.423402664138432	0.192	0.117	2.40725834848441e-06	P:r2@CAMTA2	P:r2@CAMTA2	P:r2@CAMTA2	CAMTA2	CAMTA2	P	sig	beige	beige
1.67952269510931e-48	0.422386796013206	0.967	0.914	1.26160706288526e-43	P:r1@C1orf21	P:r1@C1orf21	P:r1@C1orf21	C1orf21	C1orf21	P	sig	beige	beige
3.12770929009159e-48	0.421753384275243	0.996	0.996	2.3494413874381e-43	P:r1@MT-TV,r1@MT-RNR2	P:r1@MT-TV,r1@MT-RNR2	P:r1@MT-TV,RNR2	MT-TV	MT-TV,MT-RNR2	P	sig	beige	beige
2.53117601483096e-16	0.421391352699663	0.307	0.189	1.90134348706058e-11	P:r1@WBP1L	P:r1@WBP1L	P:r1@WBP1L	WBP1L	WBP1L	P	sig	beige	beige
2.8960352167581e-21	0.421039536947244	0.553	0.378	2.17541477377218e-16	P:r1@ISG20L2	P:r1@ISG20L2	P:r1@ISG20L2	ISG20L2	ISG20L2	P	sig	beige	beige
1.87018696707484e-14	0.420710822513022	0.255	0.155	1.40482834405761e-09	P:r1@PPP1R12C	P:r1@PPP1R12C	P:r1@PPP1R12C	PPP1R12C	PPP1R12C	P	sig	beige	beige
2.00816780084972e-09	0.41977651621254	0.164	0.101	0.000150847540696428	D:r1@ADDG10125729454.R	D:r1@ADDG10125729454.R	D:r1@..454.R	..454.R	ADDG10125729454.R	D	sig	beige	beige
1.20734951441194e-08	0.417483532939093	0.132	0.079	0.000906924734740819	P:r2@DOK4	P:r2@DOK4	P:r2@DOK4	DOK4	DOK4	P	sig	beige	beige
7.89497903489207e-08	0.416899795566442	0.146	0.093	0.00593047140163988	D:r1@ADDG05059037673.B	D:r1@ADDG05059037673.B	D:r1@..673.B	..673.B	ADDG05059037673.B	D	sig	beige	beige
4.79011979469185e-20	0.41680428547274	0.418	0.27	3.59819428617868e-15	P:r1@DIP2C	P:r1@DIP2C	P:r1@DIP2C	DIP2C	DIP2C	P	sig	beige	beige
1.81703289934081e-08	0.416152931663721	0.169	0.108	0.00136490060299784	D:r1@ADDG15090629525.B	D:r1@ADDG15090629525.B	D:r1@..525.B	..525.B	ADDG15090629525.B	D	sig	beige	beige
3.6559047021157e-11	0.414951595034251	0.14	0.078	2.74620593508825e-06	P:r1@CCZ1	P:r1@CCZ1	P:r1@CCZ1	CCZ1	CCZ1	P	sig	beige	beige
1.41658836597967e-12	0.413113197348046	0.194	0.113	1.06409868287295e-07	P:r1@ADDG17063831409.R	P:r1@ADDG17063831409.R	P:r1@..409.R	..409.R	ADDG17063831409.R	P	sig	beige	beige
8.09202620377683e-17	0.412503939702825	0.493	0.352	6.07848732349104e-12	P:r1@ADDG14075117314.F	P:r1@ADDG14075117314.F	P:r1@..314.F	..314.F	ADDG14075117314.F	P	sig	beige	beige
1.19227310213286e-18	0.410921582561531	0.437	0.29	8.95599786129144e-14	P:r1@DUXAP9	P:r1@DUXAP9	P:r1@DUXAP9	DUXAP9	DUXAP9	P	sig	beige	beige
2.15106025579963e-13	0.410322235466761	0.214	0.126	1.61581193234901e-08	P:r1@CAPN15	P:r1@CAPN15	P:r1@CAPN15	CAPN15	CAPN15	P	sig	beige	beige
3.65138663926209e-12	0.410092510295451	0.202	0.12	2.74281210181451e-07	P:r1@MED26,r1@AC008764.1	P:r1@MED26,r1@AC008764.1	P:r1@MED26,r1@AC008764.1	MED26	MED26,AC008764.1	P	sig	beige	beige
2.51024246794442e-25	0.408044992821732	0.539	0.349	1.88561883464581e-20	P:r1@TCFL5	P:r1@TCFL5	P:r1@TCFL5	TCFL5	TCFL5	P	sig	beige	beige
9.91542935521973e-11	0.407866417688509	0.183	0.112	7.44817306876041e-06	P:r3@ADDG06031271592.B	P:r3@ADDG06031271592.B	P:r3@..592.B	..592.B	ADDG06031271592.B	P	sig	beige	beige
4.22641357409038e-09	0.406906103608533	0.179	0.114	0.000317475508444947	P:r1@ERAP2	P:r1@ERAP2	P:r1@ERAP2	ERAP2	ERAP2	P	sig	beige	beige
2.23978650109924e-12	0.406892283199242	0.273	0.177	1.68246042603072e-07	P:r1@ADDG02238446480.R	P:r1@ADDG02238446480.R	P:r1@..480.R	..480.R	ADDG02238446480.R	P	sig	beige	beige
7.18833109600838e-12	0.406096230195521	0.279	0.185	5.39965866938862e-07	D:r1@ADDG14022846215.B	D:r1@ADDG14022846215.B	D:r1@..215.B	..215.B	ADDG14022846215.B	D	sig	beige	beige
8.70867137127252e-09	0.40599378695502	0.351	0.269	0.000654169267395877	P:r1@HAS2	P:r1@HAS2	P:r1@HAS2	HAS2	HAS2	P	sig	beige	beige
5.62754760801027e-13	0.405737989050798	0.233	0.141	4.22724493670907e-08	P:r1@QSOX2	P:r1@QSOX2	P:r1@QSOX2	QSOX2	QSOX2	P	sig	beige	beige
6.41746578658793e-14	0.404450591070169	0.337	0.225	4.82060777491126e-09	D:r1@ADDG16001363263.R	D:r1@ADDG16001363263.R	D:r1@..263.R	..263.R	ADDG16001363263.R	D	sig	beige	beige
1.02458295423044e-09	0.404258007794343	0.185	0.117	7.69635977729281e-05	P:r1@TBL1X	P:r1@TBL1X	P:r1@TBL1X	TBL1X	TBL1X	P	sig	beige	beige
3.38908031264255e-10	-0.40424083425302	0.54	0.586	2.54577545844771e-05	P:r1@TAGLN	P:r1@TAGLN	P:r1@TAGLN	TAGLN	TAGLN	P	sig	white	white
6.06120132723212e-10	0.403840798641982	0.425	0.327	4.55299260097695e-05	D:r1@ADDG07095593738.B	D:r1@ADDG07095593738.B	D:r1@..738.B	..738.B	ADDG07095593738.B	D	sig	beige	beige
2.13374350866827e-11	0.403821539373735	0.152	0.085	1.60280411140635e-06	D:r1@ADDG16004316027.B	D:r1@ADDG16004316027.B	D:r1@..027.B	..027.B	ADDG16004316027.B	D	sig	beige	beige
1.63995388863102e-21	0.40272752782517	0.64	0.473	1.23188416252296e-16	P:r1@CBS	P:r1@CBS	P:r1@CBS	CBS	CBS	P	sig	beige	beige
1.74929603620478e-15	0.402290306880392	0.397	0.267	1.31401870351594e-10	D:r1@ADDG01036136906.F	D:r1@ADDG01036136906.F	D:r1@..906.F	..906.F	ADDG01036136906.F	D	sig	beige	beige
8.02635783090025e-11	0.402257442466055	0.534	0.435	6.02915921183734e-06	P:r1@C3	P:r1@C3	P:r1@C3	C3	C3	P	sig	beige	beige
6.0026904550055e-23	0.402184948733387	0.914	0.824	4.50904098908648e-18	P:r1@GSR	P:r1@GSR	P:r1@GSR	GSR	GSR	P	sig	beige	beige
1.94335097853378e-14	0.401093553157877	0.338	0.223	1.45978695454522e-09	D:r1@ADDG22037566714.R	D:r1@ADDG22037566714.R	D:r1@..714.R	..714.R	ADDG22037566714.R	D	sig	beige	beige
3.0125629345909e-13	0.400338438649324	0.388	0.269	2.26294689957665e-08	P:r1@ADDG05087404996.F	P:r1@ADDG05087404996.F	P:r1@..996.F	..996.F	ADDG05087404996.F	P	sig	beige	beige
9.14613290319752e-10	0.399725728058696	0.153	0.091	6.87030065289488e-05	P:r1@MFHAS1	P:r1@MFHAS1	P:r1@MFHAS1	MFHAS1	MFHAS1	P	sig	beige	beige
9.49029410094456e-16	0.399575604218106	0.711	0.577	7.12882421980653e-11	D:r1@ADDG16084854824.B	D:r1@ADDG16084854824.B	D:r1@..824.B	..824.B	ADDG16084854824.B	D	sig	beige	beige
2.46196807790972e-12	0.399069728637185	0.295	0.198	1.84935656108344e-07	P:r1@RGMA	P:r1@RGMA	P:r1@RGMA	RGMA	RGMA	P	sig	beige	beige
2.37077685667663e-12	0.398842749180001	0.224	0.138	1.78085645142979e-07	D:r1@ADDG04042022872.R	D:r1@ADDG04042022872.R	D:r1@..872.R	..872.R	ADDG04042022872.R	D	sig	beige	beige
1.00550601809497e-21	0.398244432968405	0.574	0.39	7.55305955612396e-17	P:r1@BSDC1	P:r1@BSDC1	P:r1@BSDC1	BSDC1	BSDC1	P	sig	beige	beige
1.13101773156345e-14	0.397909857375561	0.327	0.209	8.49586589418519e-10	D:r1@ADDG07102283282.B	D:r1@ADDG07102283282.B	D:r1@..282.B	..282.B	ADDG07102283282.B	D	sig	beige	beige
4.55120707380923e-26	0.396841165417888	0.855	0.724	3.41873021763328e-21	D:r2@ADDG17001777444.B	D:r2@ADDG17001777444.B	D:r2@..444.B	..444.B	ADDG17001777444.B	D	sig	beige	beige
3.83366605500253e-08	0.396792805679316	0.135	0.083	0.00287973493053625	P:r2@ANKRD28	P:r2@ANKRD28	P:r2@ANKRD28	ANKRD28	ANKRD28	P	sig	beige	beige
3.89268138413707e-12	0.396709303785931	0.324	0.222	2.92406547532224e-07	D:r1@ADDG15070832640.F	D:r1@ADDG15070832640.F	D:r1@..640.F	..640.F	ADDG15070832640.F	D	sig	beige	beige
1.55097948001972e-11	0.396225260142715	0.249	0.161	1.16504925600642e-06	D:r1@ADDG05038886121.R	D:r1@ADDG05038886121.R	D:r1@..121.R	..121.R	ADDG05038886121.R	D	sig	beige	beige
5.32873749664174e-08	0.395648856776702	0.164	0.107	0.00400278774535238	P:r1@PKD1,r1@MIR3180-5	P:r1@PKD1,r1@MIR3180-5	P:r1@PKD1,r1@MIR3180-5	PKD1	PKD1,MIR3180-5	P	sig	beige	beige
3.97977795243177e-09	0.393749074189826	0.127	0.074	0.000298948980452817	P:r1@PSMC1P1	P:r1@PSMC1P1	P:r1@PSMC1P1	PSMC1P1	PSMC1P1	P	sig	beige	beige
2.12199946877065e-10	0.392978619954919	0.171	0.103	1.59398234095645e-05	P:r1@ARAP3	P:r1@ARAP3	P:r1@ARAP3	ARAP3	ARAP3	P	sig	beige	beige
3.98001280404944e-10	0.392863094527987	0.185	0.115	2.98966621801782e-05	P:r1@MOAP1	P:r1@MOAP1	P:r1@MOAP1	MOAP1	MOAP1	P	sig	beige	beige
1.89078538670468e-08	0.392637207531687	0.17	0.109	0.00142030125893095	D:r1@ADDG03186583865.R	D:r1@ADDG03186583865.R	D:r1@..865.R	..865.R	ADDG03186583865.R	D	sig	beige	beige
8.6399338292734e-37	0.392558637778469	0.998	0.998	6.4900590945353e-32	D:r1@ADDG21008218944.B	D:r1@ADDG21008218944.B	D:r1@..944.B	..944.B	ADDG21008218944.B	D	sig	beige	beige
1.03822767855563e-08	0.390711786124098	0.133	0.079	0.000779885485300629	P:r1@UBA7	P:r1@UBA7	P:r1@UBA7	UBA7	UBA7	P	sig	beige	beige
9.40718923313556e-16	0.389864065219286	0.33	0.21	7.06639833625444e-11	P:r1@GPBP1L1	P:r1@GPBP1L1	P:r1@GPBP1L1	GPBP1L1	GPBP1L1	P	sig	beige	beige
1.29803704796688e-17	0.389834520945712	0.598	0.441	9.75046489321283e-13	P:r1@TMEM132A	P:r1@TMEM132A	P:r1@TMEM132A	TMEM132A	TMEM132A	P	sig	beige	beige
6.76383333889415e-17	0.389526809437274	0.407	0.268	5.08078868917712e-12	P:r1@GIT1	P:r1@GIT1	P:r1@GIT1	GIT1	GIT1	P	sig	beige	beige
7.20632899005549e-14	0.388999538232202	0.331	0.22	5.41317814745998e-09	D:r1@ADDG0X065733275.B	D:r1@ADDG0X065733275.B	D:r1@..275.B	..275.B	ADDG0X065733275.B	D	sig	beige	beige
8.10473350333651e-23	0.388538182400814	0.911	0.834	6.08803266570129e-18	P:r1@HIST1H1E	P:r1@HIST1H1E	P:r1@HIST1H1E	HIST1H1E	HIST1H1E	P	sig	beige	beige
1.29253739077516e-14	0.388498287250688	0.279	0.172	9.70915311828579e-10	D:r1@ADDG04002513803.R	D:r1@ADDG04002513803.R	D:r1@..803.R	..803.R	ADDG04002513803.R	D	sig	beige	beige
4.95103546997549e-13	0.386993493571739	0.261	0.165	3.71906931398149e-08	P:r1@NFKB2	P:r1@NFKB2	P:r1@NFKB2	NFKB2	NFKB2	P	sig	beige	beige
2.66692735041736e-08	0.386463935552178	0.153	0.096	0.002003315817813	P:r1@GOLGA2P7	P:r1@GOLGA2P7	P:r1@GOLGA2P7	GOLGA2P7	GOLGA2P7	P	sig	beige	beige
5.10414386532735e-09	0.386166837654209	0.172	0.109	0.000383407974731795	D:r1@ADDG03186584552.R	D:r1@ADDG03186584552.R	D:r1@..552.R	..552.R	ADDG03186584552.R	D	sig	beige	beige
1.45297725813458e-11	0.382723588729538	0.21	0.129	1.09143292699295e-06	P:r1@MAP3K6	P:r1@MAP3K6	P:r1@MAP3K6	MAP3K6	MAP3K6	P	sig	beige	beige
9.35397584591296e-14	0.382397823019891	0.281	0.177	7.02642603617444e-09	P:r1@RPS26P8	P:r1@RPS26P8	P:r1@RPS26P8	RPS26P8	RPS26P8	P	sig	beige	beige
1.13328282254544e-12	0.381878994200331	0.257	0.161	8.51288057811459e-08	P:r1@PBX3	P:r1@PBX3	P:r1@PBX3	PBX3	PBX3	P	sig	beige	beige
1.91591794365718e-09	0.380905908313983	0.194	0.124	0.000143918008173697	D:r1@ADDG01198319467.R	D:r1@ADDG01198319467.R	D:r1@..467.R	..467.R	ADDG01198319467.R	D	sig	beige	beige
1.36615883485413e-16	0.380802065026628	0.344	0.219	1.02621753197737e-11	P:r1@SIRT6	P:r1@SIRT6	P:r1@SIRT6	SIRT6	SIRT6	P	sig	beige	beige
6.38134712104092e-14	0.380532374249644	0.225	0.133	4.79347651691231e-09	P:r1@GSE1	P:r1@GSE1	P:r1@GSE1	GSE1	GSE1	P	sig	beige	beige
2.14058047273969e-08	0.379677235274664	0.275	0.201	0.00160793983370787	P:r1@GDF5	P:r1@GDF5	P:r1@GDF5	GDF5	GDF5	P	sig	beige	beige
1.92825836346245e-15	0.379595969500773	0.204	0.115	1.44844983488209e-10	P:r1@RNA5-8SN1	P:r1@RNA5-8SN1	P:r1@RNA5-8SN1	RNA5-8SN1	RNA5-8SN1	P	sig	beige	beige
2.25474439334904e-25	0.37935939482766	0.885	0.779	1.693696345952e-20	P:r1@IRF2BP2	P:r1@IRF2BP2	P:r1@IRF2BP2	IRF2BP2	IRF2BP2	P	sig	beige	beige
2.6242165883451e-15	0.378685770253386	0.416	0.285	1.97123277466719e-10	P:r1@ADDG17081868764.F	P:r1@ADDG17081868764.F	P:r1@..764.F	..764.F	ADDG17081868764.F	P	sig	beige	beige
5.1126584485981e-12	0.376038500831693	0.241	0.154	3.84047564683344e-07	P:r1@ADDG0X052185274.F,r1@MAGED4	P:r1@ADDG0X052185274.F,r1@MAGED4	P:r1@..274.F,r1@MAGED4	..274.F	ADDG0X052185274.F,MAGED4	P	sig	beige	beige
1.48429110369924e-13	0.374376151502999	0.357	0.241	1.11495494836576e-08	D:r1@ADDG10079385956.B	D:r1@ADDG10079385956.B	D:r1@..956.B	..956.B	ADDG10079385956.B	D	sig	beige	beige
5.21024071835225e-11	0.373838300286786	0.221	0.141	3.91377652040466e-06	P:r1@NAB1	P:r1@NAB1	P:r1@NAB1	NAB1	NAB1	P	sig	beige	beige
2.51800752968645e-14	0.373458243674478	0.347	0.229	1.89145171607457e-09	D:r1@ADDG21046280494.F	D:r1@ADDG21046280494.F	D:r1@..494.F	..494.F	ADDG21046280494.F	D	sig	beige	beige
2.21200536764084e-13	0.373397028277191	0.306	0.201	1.66159207201077e-08	D:r1@ADDG02091571618.B	D:r1@ADDG02091571618.B	D:r1@..618.B	..618.B	ADDG02091571618.B	D	sig	beige	beige
4.08037516397809e-24	0.372938740348443	0.746	0.576	3.06505541192542e-19	D:r1@ADDG06169703236.R	D:r1@ADDG06169703236.R	D:r1@..236.R	..236.R	ADDG06169703236.R	D	sig	beige	beige
8.73688952828961e-26	0.37292492201592	0.818	0.646	6.56288930696531e-21	D:r1@ADDG01000200523.B	D:r1@ADDG01000200523.B	D:r1@..523.B	..523.B	ADDG01000200523.B	D	sig	beige	beige
1.95702562982468e-12	0.372550839580512	0.296	0.195	1.4700589423554e-07	D:r1@ADDG01144153202.B	D:r1@ADDG01144153202.B	D:r1@..202.B	..202.B	ADDG01144153202.B	D	sig	beige	beige
3.73050829083906e-11	0.371596670089563	0.247	0.161	2.80224591282957e-06	P:r2@GPBP1L1	P:r2@GPBP1L1	P:r2@GPBP1L1	GPBP1L1	GPBP1L1	P	sig	beige	beige
5.59833018763761e-15	0.371538523688402	0.375	0.25	4.20529768704775e-10	D:r1@ADDG01110041817.R	D:r1@ADDG01110041817.R	D:r1@..817.R	..817.R	ADDG01110041817.R	D	sig	beige	beige
1.92721718261202e-16	0.371267728847266	0.367	0.235	1.44766773106267e-11	P:r1@ACADSB	P:r1@ACADSB	P:r1@ACADSB	ACADSB	ACADSB	P	sig	beige	beige
4.75598676724621e-20	0.370626922198849	0.55	0.38	3.57255457995234e-15	P:r1@PBX1	P:r1@PBX1	P:r1@PBX1	PBX1	PBX1	P	sig	beige	beige
8.97441686849035e-08	0.370508042397805	0.127	0.078	0.00674131271910389	P:r1@RRN3P2,r1@AC009093.9	P:r1@RRN3P2,r1@AC009093.9	P:r1@RRN3P2,r1@AC009093.9	RRN3P2	RRN3P2,AC009093.9	P	sig	beige	beige
1.02492267799974e-08	0.369050962003208	0.22	0.149	0.000769891168033061	P:r1@OTUD1	P:r1@OTUD1	P:r1@OTUD1	OTUD1	OTUD1	P	sig	beige	beige
1.55549368037463e-12	0.367933550962745	0.283	0.183	1.16844018788701e-07	P:r1@ZNF25	P:r1@ZNF25	P:r1@ZNF25	ZNF25	ZNF25	P	sig	beige	beige
2.42139516370342e-12	0.36692773172669	0.268	0.172	1.8188794051191e-07	D:r1@ADDG01215586590.R	D:r1@ADDG01215586590.R	D:r1@..590.R	..590.R	ADDG01215586590.R	D	sig	beige	beige
5.3344240721563e-20	0.366478579274982	0.662	0.49	4.00705933028164e-15	P:r1@POGLUT2	P:r1@POGLUT2	P:r1@POGLUT2	POGLUT2	POGLUT2	P	sig	beige	beige
1.6597655662119e-17	0.366370591547707	0.486	0.336	1.24676610037139e-12	P:r1@DHX40	P:r1@DHX40	P:r1@DHX40	DHX40	DHX40	P	sig	beige	beige
4.58935342943015e-15	0.366365691695213	0.566	0.431	3.44738461558504e-10	P:r1@POFUT1	P:r1@POFUT1	P:r1@POFUT1	POFUT1	POFUT1	P	sig	beige	beige
8.07337321741236e-12	0.364885267998573	0.36	0.255	6.06447575972364e-07	D:r1@ADDG13039343968.F	D:r1@ADDG13039343968.F	D:r1@..968.F	..968.F	ADDG13039343968.F	D	sig	beige	beige
3.9154665619107e-13	0.363809126242054	0.28	0.178	2.94118101731046e-08	P:r1@ZNF251	P:r1@ZNF251	P:r1@ZNF251	ZNF251	ZNF251	P	sig	beige	beige
2.53465462053151e-10	0.360375196892707	0.224	0.147	1.90395651130465e-05	P:r1@AL121928.1	P:r1@AL121928.1	P:r1@AL121928.1	AL121928.1	AL121928.1	P	sig	beige	beige
2.19505106062044e-11	0.360223972116762	0.208	0.128	1.64885650520626e-06	P:r1@ADGRA3	P:r1@ADGRA3	P:r1@ADGRA3	ADGRA3	ADGRA3	P	sig	beige	beige
1.85825049242679e-12	0.360059808249898	0.261	0.168	1.39586202239623e-07	D:r1@ADDG19048913043.R	D:r1@ADDG19048913043.R	D:r1@..043.R	..043.R	ADDG19048913043.R	D	sig	beige	beige
2.89773433261136e-08	0.359996097189162	0.17	0.111	0.00217669109862768	D:r1@ADDG03081759045.B	D:r1@ADDG03081759045.B	D:r1@..045.B	..045.B	ADDG03081759045.B	D	sig	beige	beige
8.31611842259032e-14	0.359873424030606	0.357	0.24	6.24681867549717e-09	P:r1@EOGT	P:r1@EOGT	P:r1@EOGT	EOGT	EOGT	P	sig	beige	beige
1.85036460648231e-09	0.359328444688513	0.149	0.089	0.000138993838145132	P:r2@BX890604.2	P:r2@BX890604.2	P:r2@BX890604.2	BX890604.2	BX890604.2	P	sig	beige	beige
1.11376383942061e-26	0.357945189439252	0.617	0.436	8.36625983257579e-22	P:r1@RNA5-8SN3	P:r1@RNA5-8SN3	P:r1@RNA5-8SN3	RNA5-8SN3	RNA5-8SN3	P	sig	beige	beige
4.32216727859939e-10	0.357792640874095	0.229	0.15	3.2466823946655e-05	D:r1@ADDG0X151406219.R	D:r1@ADDG0X151406219.R	D:r1@..219.R	..219.R	ADDG0X151406219.R	D	sig	beige	beige
1.22776692268366e-08	0.356797877937786	0.137	0.083	0.000922261679312283	P:r1@SLC10A7	P:r1@SLC10A7	P:r1@SLC10A7	SLC10A7	SLC10A7	P	sig	beige	beige
2.40609030502513e-12	0.356113422320092	0.264	0.168	1.80738285442573e-07	P:r1@RNF123	P:r1@RNF123	P:r1@RNF123	RNF123	RNF123	P	sig	beige	beige
2.2817232704854e-27	0.355845488385625	0.841	0.687	1.71396206909052e-22	P:r1@XPO1	P:r1@XPO1	P:r1@XPO1	XPO1	XPO1	P	sig	beige	beige
4.09676749399455e-16	0.355782338401682	0.588	0.44	3.07736883846388e-11	D:r1@ADDG20050082833.B	D:r1@ADDG20050082833.B	D:r1@..833.B	..833.B	ADDG20050082833.B	D	sig	beige	beige
2.78080167192673e-48	0.355697723510293	0.966	0.882	2.08885479190121e-43	P:r1@PCBP1	P:r1@PCBP1	P:r1@PCBP1	PCBP1	PCBP1	P	sig	beige	beige
1.98048573895715e-12	0.354777998606278	0.321	0.215	1.48768147253244e-07	P:r1@ULK1	P:r1@ULK1	P:r1@ULK1	ULK1	ULK1	P	sig	beige	beige
4.19386395655379e-17	0.354511464595453	0.449	0.3	3.15030478824451e-12	D:r1@ADDG17048862911.R	D:r1@ADDG17048862911.R	D:r1@..911.R	..911.R	ADDG17048862911.R	D	sig	beige	beige
1.51304142090778e-08	-0.354094739710224	0.496	0.521	0.0011365513241433	P:r1@ADIRF	P:r1@ADIRF	P:r1@ADIRF	ADIRF	ADIRF	P	sig	white	white
6.68091010238176e-12	0.353088854504721	0.288	0.189	5.01849924160611e-07	D:r1@ADDG13042301112.R	D:r1@ADDG13042301112.R	D:r1@..112.R	..112.R	ADDG13042301112.R	D	sig	beige	beige
3.71477650671438e-09	0.352167062834047	0.272	0.191	0.000279042866854864	P:r1@FBXL7	P:r1@FBXL7	P:r1@FBXL7	FBXL7	FBXL7	P	sig	beige	beige
2.39728352984991e-09	0.351908500966177	0.164	0.101	0.000180076746911736	D:r1@ADDG01044651135.R	D:r1@ADDG01044651135.R	D:r1@..135.R	..135.R	ADDG01044651135.R	D	sig	beige	beige
7.1045532983752e-13	0.35035035608679	0.329	0.219	5.3367273011405e-08	P:r1@RFX7	P:r1@RFX7	P:r1@RFX7	RFX7	RFX7	P	sig	beige	beige
1.53865328066119e-10	0.350201446386043	0.28	0.191	1.15579018483426e-05	P:r1@GPR161	P:r1@GPR161	P:r1@GPR161	GPR161	GPR161	P	sig	beige	beige
1.7615128768834e-20	0.349781175743973	0.704	0.529	1.32319562772851e-15	P:r2@DPH1	P:r2@DPH1	P:r2@DPH1	DPH1	DPH1	P	sig	beige	beige
8.17750963243291e-13	0.349631355963698	0.285	0.181	6.14269991059463e-08	P:r1@ACAP3	P:r1@ACAP3	P:r1@ACAP3	ACAP3	ACAP3	P	sig	beige	beige
6.25955286094316e-09	0.348906181805657	0.194	0.126	0.000470198832255467	D:r1@ADDG02178508430.R	D:r1@ADDG02178508430.R	D:r1@..430.R	..430.R	ADDG02178508430.R	D	sig	beige	beige
7.84046417230388e-10	0.348690592238121	0.219	0.144	5.8895214723095e-05	D:r1@ADDG06052503266.F	D:r1@ADDG06052503266.F	D:r1@..266.F	..266.F	ADDG06052503266.F	D	sig	beige	beige
6.24851900514818e-22	0.348516993752783	0.744	0.568	4.69370002109716e-17	P:r1@CBWD1	P:r1@CBWD1	P:r1@CBWD1	CBWD1	CBWD1	P	sig	beige	beige
5.13843774244029e-10	0.347907275258486	0.204	0.13	3.85984027898887e-05	D:r2@ADDG06031271592.B	D:r2@ADDG06031271592.B	D:r2@..592.B	..592.B	ADDG06031271592.B	D	sig	beige	beige
1.35995757291253e-15	0.347697827865781	0.395	0.259	1.0215593300447e-10	P:r1@ZDHHC8	P:r1@ZDHHC8	P:r1@ZDHHC8	ZDHHC8	ZDHHC8	P	sig	beige	beige
1.14141562759011e-12	0.347380408299307	0.251	0.158	8.57397176976862e-08	P:r1@SENP3	P:r1@SENP3	P:r1@SENP3	SENP3	SENP3	P	sig	beige	beige
1.79575251256951e-14	0.347197045457589	0.408	0.28	1.34891541486684e-09	P:r1@STXBP3	P:r1@STXBP3	P:r1@STXBP3	STXBP3	STXBP3	P	sig	beige	beige
3.86065864385978e-14	0.347114304521849	0.426	0.294	2.90001095350815e-09	P:r1@GTF2IRD1	P:r1@GTF2IRD1	P:r1@GTF2IRD1	GTF2IRD1	GTF2IRD1	P	sig	beige	beige
2.56876793793184e-15	0.346745244369171	0.442	0.304	1.92958141193626e-10	P:r1@FGFRL1	P:r1@FGFRL1	P:r1@FGFRL1	FGFRL1	FGFRL1	P	sig	beige	beige
1.43881060142271e-20	0.346683168065987	0.884	0.782	1.0807913594707e-15	D:r1@ADDG0X038149522.F	D:r1@ADDG0X038149522.F	D:r1@..522.F	..522.F	ADDG0X038149522.F	D	sig	beige	beige
4.78688303406366e-13	0.346534705093061	0.346	0.231	3.5957629286976e-08	P:r1@PI4KA	P:r1@PI4KA	P:r1@PI4KA	PI4KA	PI4KA	P	sig	beige	beige
2.6723636807869e-09	0.346397033260333	0.173	0.108	0.00020073994260967	D:r1@ADDG11065855029.F	D:r1@ADDG11065855029.F	D:r1@..029.F	..029.F	ADDG11065855029.F	D	sig	beige	beige
3.13716495309299e-14	0.344946032018975	0.29	0.182	2.35654419781486e-09	P:r1@GBA2	P:r1@GBA2	P:r1@GBA2	GBA2	GBA2	P	sig	beige	beige
1.42506110768877e-30	0.344602593180012	0.909	0.8	1.07046315226257e-25	P:r1@KPNB1	P:r1@KPNB1	P:r1@KPNB1	KPNB1	KPNB1	P	sig	beige	beige
3.64661344294672e-12	0.344415897390739	0.251	0.158	2.73922661993829e-07	P:r1@FOXP4	P:r1@FOXP4	P:r1@FOXP4	FOXP4	FOXP4	P	sig	beige	beige
2.17146620889409e-71	0.344287556147067	0.997	0.996	1.63114027213497e-66	P:r1@HLA-B	P:r1@HLA-B	P:r1@HLA-B	HLA-B	HLA-B	P	sig	beige	beige
1.90136504289593e-35	0.342987546197724	1	1	1.42824837927214e-30	D:r1@ADDG21008394320.F	D:r1@ADDG21008394320.F	D:r1@..320.F	..320.F	ADDG21008394320.F	D	sig	beige	beige
5.51269657999456e-11	0.342656323947098	0.247	0.161	4.14097228999452e-06	P:r1@AC026273.1	P:r1@AC026273.1	P:r1@AC026273.1	AC026273.1	AC026273.1	P	sig	beige	beige
1.2439869319917e-10	0.34224755519941	0.255	0.168	9.34445663704202e-06	P:r1@ZNF777	P:r1@ZNF777	P:r1@ZNF777	ZNF777	ZNF777	P	sig	beige	beige
5.66677107130833e-10	0.341839408234474	0.325	0.231	4.25670842563468e-05	P:r1@PTER	P:r1@PTER	P:r1@PTER	PTER	PTER	P	sig	beige	beige
6.0643497796709e-09	0.34179475901758	0.136	0.081	0.000455535762399539	P:r1@SRC	P:r1@SRC	P:r1@SRC	SRC	SRC	P	sig	beige	beige
5.2576312526257e-12	0.341788416932785	0.376	0.267	3.94937486803485e-07	P:r1@FHOD1	P:r1@FHOD1	P:r1@FHOD1	FHOD1	FHOD1	P	sig	beige	beige
6.51562467221631e-12	0.341264336099729	0.24	0.15	4.89434178502873e-07	P:r1@DBT	P:r1@DBT	P:r1@DBT	DBT	DBT	P	sig	beige	beige
6.32965787054652e-12	0.341049108061891	0.329	0.224	4.75464910261843e-07	P:r1@WTIP	P:r1@WTIP	P:r1@WTIP	WTIP	WTIP	P	sig	beige	beige
5.75906186247237e-21	0.341045491966071	0.759	0.591	4.32603449923337e-16	P:r1@AMD1	P:r1@AMD1	P:r1@AMD1	AMD1	AMD1	P	sig	beige	beige
2.01343185278843e-11	0.340813336106704	0.211	0.129	1.51242960485908e-06	P:r1@CU638689.1,r1@CU638689.4	P:r1@CU638689.1,r1@CU638689.4	P:r1@CU638689.1,r1@CU638689.4	CU638689.1	CU638689.1,CU638689.4	P	sig	beige	beige
7.50791542344995e-20	0.340810509260162	0.886	0.77	5.6397208286329e-15	P:r1@BRD4	P:r1@BRD4	P:r1@BRD4	BRD4	BRD4	P	sig	beige	beige
3.66439331699377e-46	0.339995696861197	0.997	0.993	2.75258232792621e-41	P:r1@ADDG21008210877.F	P:r1@ADDG21008210877.F	P:r1@..877.F	..877.F	ADDG21008210877.F	P	sig	beige	beige
4.32592837038011e-10	0.339755317421749	0.267	0.178	3.24950761397842e-05	P:r1@AXIN1	P:r1@AXIN1	P:r1@AXIN1	AXIN1	AXIN1	P	sig	beige	beige
9.82720271633585e-10	0.339744277640164	0.434	0.332	7.38189986443e-05	D:r1@ADDG01008013779.B	D:r1@ADDG01008013779.B	D:r1@..779.B	..779.B	ADDG01008013779.B	D	sig	beige	beige
6.2749999945615e-24	0.339405326696074	0.812	0.651	4.71359174591476e-19	P:r1@MAPKAPK2	P:r1@MAPKAPK2	P:r1@MAPKAPK2	MAPKAPK2	MAPKAPK2	P	sig	beige	beige
4.19708083613512e-19	0.339227553677734	0.64	0.457	3.15272121167962e-14	P:r1@WIZ	P:r1@WIZ	P:r1@WIZ	WIZ	WIZ	P	sig	beige	beige
6.35453808654272e-11	0.338618422774941	0.274	0.182	4.77333837446829e-06	P:r1@TATDN2	P:r1@TATDN2	P:r1@TATDN2	TATDN2	TATDN2	P	sig	beige	beige
1.08261751933413e-14	0.338086599137491	0.543	0.399	8.13229801998221e-10	P:r1@LAS1L	P:r1@LAS1L	P:r1@LAS1L	LAS1L	LAS1L	P	sig	beige	beige
2.25485179640704e-32	0.337979467163951	0.933	0.814	1.69377702390707e-27	P:r1@NUCKS1	P:r1@NUCKS1	P:r1@NUCKS1	NUCKS1	NUCKS1	P	sig	beige	beige
5.29351457305658e-10	0.337751877056503	0.185	0.114	3.97632934184291e-05	P:r1@KANSL1L	P:r1@KANSL1L	P:r1@KANSL1L	KANSL1L	KANSL1L	P	sig	beige	beige
5.41528399719697e-23	0.337554774879339	0.716	0.534	4.06779888017445e-18	P:r1@FAM120A	P:r1@FAM120A	P:r1@FAM120A	FAM120A	FAM120A	P	sig	beige	beige
1.02872538803173e-14	0.337171773147946	0.413	0.283	7.72747649727792e-10	P:r1@ADCY3	P:r1@ADCY3	P:r1@ADCY3	ADCY3	ADCY3	P	sig	beige	beige
3.5447113741692e-15	0.337086156276212	0.407	0.276	2.66268084293468e-10	P:r1@AKT3	P:r1@AKT3	P:r1@AKT3	AKT3	AKT3	P	sig	beige	beige
1.91511969295257e-13	0.337065706729081	0.355	0.236	1.43858045975518e-08	P:r1@PBX2	P:r1@PBX2	P:r1@PBX2	PBX2	PBX2	P	sig	beige	beige
5.41213480289074e-12	0.336782101428621	0.255	0.163	4.06543329988743e-07	P:r1@SNORA52,r2@RPLP2	P:r1@SNORA52,r2@RPLP2	P:r1@SNORA52,r2@RPLP2	SNORA52	SNORA52,RPLP2	P	sig	beige	beige
1.12437233054587e-09	0.336347359498459	0.231	0.155	8.44594763536138e-05	P:r1@MAP3K5	P:r1@MAP3K5	P:r1@MAP3K5	MAP3K5	MAP3K5	P	sig	beige	beige
2.5918415524508e-18	0.336240215040287	0.884	0.802	1.94691361895446e-13	D:r1@ADDG09134728802.R	D:r1@ADDG09134728802.R	D:r1@..802.R	..802.R	ADDG09134728802.R	D	sig	beige	beige
5.47814343507345e-08	0.335650413949841	0.178	0.117	0.00411501700412412	P:r1@RAI1	P:r1@RAI1	P:r1@RAI1	RAI1	RAI1	P	sig	beige	beige
1.40773463548807e-11	0.335580344449859	0.265	0.172	1.05744802613957e-06	P:r1@TRAK1	P:r1@TRAK1	P:r1@TRAK1	TRAK1	TRAK1	P	sig	beige	beige
1.32948414034838e-10	0.335479443887244	0.222	0.141	9.98668601705493e-06	D:r1@ADDG01146155715.F	D:r1@ADDG01146155715.F	D:r1@..715.F	..715.F	ADDG01146155715.F	D	sig	beige	beige
8.73032409663713e-10	0.334069503233565	0.198	0.126	6.55795755167092e-05	P:r1@MIR6724-3	P:r1@MIR6724-3	P:r1@MIR6724-3	MIR6724-3	MIR6724-3	P	sig	beige	beige
1.71232822878152e-11	0.33331333649393	0.316	0.215	1.28624959561382e-06	P:r1@TIGD5	P:r1@TIGD5	P:r1@TIGD5	TIGD5	TIGD5	P	sig	beige	beige
1.91955907732228e-15	0.333114142389088	0.562	0.404	1.44191519211218e-10	P:r1@KAT2A	P:r1@KAT2A	P:r1@KAT2A	KAT2A	KAT2A	P	sig	beige	beige
2.4477527507245e-09	0.333076798905084	0.228	0.153	0.000183867843376172	P:r1@SECTM1	P:r1@SECTM1	P:r1@SECTM1	SECTM1	SECTM1	P	sig	beige	beige
2.73321605101849e-12	-0.332767466788544	0.773	0.795	2.05310990104356e-07	P:r1@LIMA1	P:r1@LIMA1	P:r1@LIMA1	LIMA1	LIMA1	P	sig	white	white
1.30463064791319e-07	0.332289628449648	0.556	0.459	0.00979999403792947	P:r1@CXCL12	P:r1@CXCL12	P:r1@CXCL12	CXCL12	CXCL12	P	sig	beige	beige
9.31293109713601e-11	0.33222112630349	0.28	0.187	6.99559445223566e-06	P:r1@ADDG08022102233.R	P:r1@ADDG08022102233.R	P:r1@..233.R	..233.R	ADDG08022102233.R	P	sig	beige	beige
4.75615534637268e-17	0.33127839386226	0.46	0.306	3.57268121153477e-12	P:r1@HMG20A	P:r1@HMG20A	P:r1@HMG20A	HMG20A	HMG20A	P	sig	beige	beige
5.94070279562467e-09	0.331115627424791	0.252	0.176	0.000446247771898938	P:r1@ADDG14070978277.R	P:r1@ADDG14070978277.R	P:r1@..277.R	..277.R	ADDG14070978277.R	P	sig	beige	beige
8.14541941610392e-16	0.330618032598604	0.585	0.434	6.11859470279478e-11	P:r1@WASH7P	P:r1@WASH7P	P:r1@WASH7P	WASH7P	WASH7P	P	sig	beige	beige
7.77934453450947e-11	0.329996827044091	0.396	0.284	5.84361023398748e-06	P:r1@AC009299.2	P:r1@AC009299.2	P:r1@AC009299.2	AC009299.2	AC009299.2	P	sig	beige	beige
3.62770279718571e-08	0.329817294807108	0.137	0.084	0.00272502151016199	P:r1@ZNF689	P:r1@ZNF689	P:r1@ZNF689	ZNF689	ZNF689	P	sig	beige	beige
1.79288000688043e-30	0.329714007937636	0.915	0.806	1.34675767476837e-25	P:r1@U2AF1L5	P:r1@U2AF1L5	P:r1@U2AF1L5	U2AF1L5	U2AF1L5	P	sig	beige	beige
3.55121600024418e-12	0.329510388193327	0.269	0.173	2.66756692290342e-07	P:r1@STAT5B	P:r1@STAT5B	P:r1@STAT5B	STAT5B	STAT5B	P	sig	beige	beige
1.66517250769673e-17	0.329170470960317	0.613	0.45	1.25082763260655e-12	P:r1@YY1AP1	P:r1@YY1AP1	P:r1@YY1AP1	YY1AP1	YY1AP1	P	sig	beige	beige
1.27848837866301e-10	0.329025489100473	0.297	0.204	9.60362115400297e-06	D:r1@ADDG02090245612.R	D:r1@ADDG02090245612.R	D:r1@..612.R	..612.R	ADDG02090245612.R	D	sig	beige	beige
1.84791622554587e-10	0.327943115413745	0.192	0.118	1.38809923114329e-05	P:r1@FAM156B	P:r1@FAM156B	P:r1@FAM156B	FAM156B	FAM156B	P	sig	beige	beige
7.7449673306983e-10	0.327363851691256	0.243	0.159	5.81778710980064e-05	P:r1@RBMS2	P:r1@RBMS2	P:r1@RBMS2	RBMS2	RBMS2	P	sig	beige	beige
9.78585324524613e-16	0.327149077329355	0.375	0.241	7.35083938223154e-11	P:r1@SLC35E2A	P:r1@SLC35E2A	P:r1@SLC35E2A	SLC35E2A	SLC35E2A	P	sig	beige	beige
3.78747447954523e-11	0.327128404893712	0.238	0.152	2.84503720479999e-06	P:r1@HIRIP3	P:r1@HIRIP3	P:r1@HIRIP3	HIRIP3	HIRIP3	P	sig	beige	beige
4.41439836931377e-08	0.326852451072721	0.217	0.148	0.00331596362307742	P:r2@PIAS3	P:r2@PIAS3	P:r2@PIAS3	PIAS3	PIAS3	P	sig	beige	beige
2.00487863451562e-08	0.32632046702501	0.202	0.135	0.0015060046838891	P:r1@ADDG17082036336.F	P:r1@ADDG17082036336.F	P:r1@..336.F	..336.F	ADDG17082036336.F	P	sig	beige	beige
3.04527977679926e-10	0.326288251523434	0.244	0.159	2.2875228099383e-05	P:r1@CLDN12,r1@AC006153.1	P:r1@CLDN12,r1@AC006153.1	P:r1@CLDN12,r1@AC006153.1	CLDN12	CLDN12,AC006153.1	P	sig	beige	beige
2.36093981178296e-09	0.325619740521701	0.241	0.163	0.000177346715841701	D:r1@ADDG03126983033.B	D:r1@ADDG03126983033.B	D:r1@..033.B	..033.B	ADDG03126983033.B	D	sig	beige	beige
4.05450621890792e-22	0.325335549361245	0.765	0.584	3.04562343645706e-17	P:r1@ATF6B	P:r1@ATF6B	P:r1@ATF6B	ATF6B	ATF6B	P	sig	beige	beige
1.92236102539284e-13	0.325124977260384	0.331	0.216	1.44401993144434e-08	P:r1@TMEM63B	P:r1@TMEM63B	P:r1@TMEM63B	TMEM63B	TMEM63B	P	sig	beige	beige
1.14326826124586e-07	0.324879451058378	0.169	0.111	0.00858788819800052	P:r1@AGRN	P:r1@AGRN	P:r1@AGRN	AGRN	AGRN	P	sig	beige	beige
4.05737083361009e-11	0.324602267421215	0.202	0.123	3.04777524908289e-06	D:r1@ADDG01114772673.F	D:r1@ADDG01114772673.F	D:r1@..673.F	..673.F	ADDG01114772673.F	D	sig	beige	beige
7.84170611775614e-19	0.324111763865672	0.74	0.583	5.89045438447488e-14	D:r1@ADDG10075231326.R	D:r1@ADDG10075231326.R	D:r1@..326.R	..326.R	ADDG10075231326.R	D	sig	beige	beige
3.01686603404762e-13	0.324098086877984	0.306	0.198	2.26617925879555e-08	P:r1@SH2B1	P:r1@SH2B1	P:r1@SH2B1	SH2B1	SH2B1	P	sig	beige	beige
3.69397330873825e-08	0.323804835592795	0.137	0.084	0.00277480193032491	D:r1@ADDG04107950350.R	D:r1@ADDG04107950350.R	D:r1@..350.R	..350.R	ADDG04107950350.R	D	sig	beige	beige
2.66998620961394e-24	0.323753710838706	0.825	0.666	2.00561354107571e-19	P:r1@SSRP1	P:r1@SSRP1	P:r1@SSRP1	SSRP1	SSRP1	P	sig	beige	beige
7.20814774672991e-17	0.323353108451721	0.628	0.455	5.41454434291111e-12	P:r1@GTF2H1	P:r1@GTF2H1	P:r1@GTF2H1	GTF2H1	GTF2H1	P	sig	beige	beige
1.24747637750877e-08	0.322529841625734	0.175	0.112	0.000937066830493263	D:r1@ADDG01045511417.B	D:r1@ADDG01045511417.B	D:r1@..417.B	..417.B	ADDG01045511417.B	D	sig	beige	beige
5.83165420907279e-11	0.322195639591499	0.263	0.17	4.3805636922292e-06	P:r1@ZNF577	P:r1@ZNF577	P:r1@ZNF577	ZNF577	ZNF577	P	sig	beige	beige
8.15719697886189e-09	0.322094892357605	0.2	0.131	0.000612744165461168	P:r1@ADDG01045660457.F	P:r1@ADDG01045660457.F	P:r1@..457.F	..457.F	ADDG01045660457.F	P	sig	beige	beige
6.21051778399263e-15	0.321894535284061	0.505	0.351	4.66515464380174e-10	P:r1@STRN4	P:r1@STRN4	P:r1@STRN4	STRN4	STRN4	P	sig	beige	beige
5.42699378477468e-09	0.321244103794862	0.209	0.138	0.00040765949213092	D:r1@ADDG19049014599.R	D:r1@ADDG19049014599.R	D:r1@..599.R	..599.R	ADDG19049014599.R	D	sig	beige	beige
6.56667219275921e-12	0.321113035557802	0.228	0.142	4.93268715103493e-07	P:r1@ZNF354B	P:r1@ZNF354B	P:r1@ZNF354B	ZNF354B	ZNF354B	P	sig	beige	beige
3.55343620617328e-11	0.320740601275834	0.531	0.409	2.66923467499118e-06	P:r1@ZNF703	P:r1@ZNF703	P:r1@ZNF703	ZNF703	ZNF703	P	sig	beige	beige
1.23505141506576e-11	0.319205070096297	0.322	0.217	9.27733571454948e-07	P:r1@UNK	P:r1@UNK	P:r1@UNK	UNK	UNK	P	sig	beige	beige
7.84487030039867e-27	0.318485170136049	0.993	0.986	5.89283122355047e-22	P:r1@FBLN1	P:r1@FBLN1	P:r1@FBLN1	FBLN1	FBLN1	P	sig	beige	beige
4.00964849195095e-08	0.316654767683708	0.141	0.087	0.00301192765769879	P:r1@RNF44	P:r1@RNF44	P:r1@RNF44	RNF44	RNF44	P	sig	beige	beige
1.09491855128099e-10	0.316488951664359	0.284	0.188	8.22469968165741e-06	P:r1@DVL1	P:r1@DVL1	P:r1@DVL1	DVL1	DVL1	P	sig	beige	beige
1.28670161933876e-09	0.316339862370259	0.22	0.144	9.66531655398693e-05	P:r1@ADDG0X154440489.R	P:r1@ADDG0X154440489.R	P:r1@..489.R	..489.R	ADDG0X154440489.R	P	sig	beige	beige
1.14791857145544e-11	0.316314010662642	0.307	0.207	8.62281993320186e-07	P:r1@PSME4	P:r1@PSME4	P:r1@PSME4	PSME4	PSME4	P	sig	beige	beige
5.92512067392314e-14	0.315913328447057	0.509	0.37	4.45077289663084e-09	P:r1@LIMK1	P:r1@LIMK1	P:r1@LIMK1	LIMK1	LIMK1	P	sig	beige	beige
1.99147199051377e-14	0.314438611091772	0.492	0.344	1.49593401511423e-09	P:r1@CTDSP1	P:r1@CTDSP1	P:r1@CTDSP1	CTDSP1	CTDSP1	P	sig	beige	beige
5.23265904568835e-12	0.314347569173575	0.42	0.295	3.93061649534971e-07	P:r1@KLHL11	P:r1@KLHL11	P:r1@KLHL11	KLHL11	KLHL11	P	sig	beige	beige
2.23566143525807e-10	0.313986079078281	0.353	0.242	1.6793618003228e-05	D:r1@ADDG21008437736.F	D:r1@ADDG21008437736.F	D:r1@..736.F	..736.F	ADDG21008437736.F	D	sig	beige	beige
2.42133572062883e-09	0.313704268901664	0.254	0.173	0.000181883475326476	P:r1@CNTROB	P:r1@CNTROB	P:r1@CNTROB	CNTROB	CNTROB	P	sig	beige	beige
3.77601062104693e-15	0.313367552303866	0.553	0.399	2.83642589821182e-10	P:r3@RPL26	P:r3@RPL26	P:r3@RPL26	RPL26	RPL26	P	sig	beige	beige
5.30056879420729e-09	0.312316061160271	0.2	0.13	0.000398162826114469	D:r1@ADDG16028723517.R	D:r1@ADDG16028723517.R	D:r1@..517.R	..517.R	ADDG16028723517.R	D	sig	beige	beige
9.01889781578314e-09	0.312064404991454	0.179	0.114	0.000677472547228182	P:r1@SNORD12,r1@SNORD12B,r1@AL049766.3,r2@ZFAS1	P:r1@SNORD12,r1@SNORD12B,r1@AL049766.3,r2@ZFAS1	P:r1@SNORD12,r1@SNORD12B,r1@AL049766.3,r2@ZFAS1	SNORD12	SNORD12,SNORD12B,AL049766.3,ZFAS1	P	sig	beige	beige
5.12039292468138e-08	0.311657328880845	0.194	0.13	0.00384628555323291	P:r1@SNX11	P:r1@SNX11	P:r1@SNX11	SNX11	SNX11	P	sig	beige	beige
3.01104545744895e-08	0.311541643553183	0.176	0.114	0.00226180701627193	P:r1@ZNF585B,r1@AC012309.1	P:r1@ZNF585B,r1@AC012309.1	P:r1@ZNF585B,r1@AC012309.1	ZNF585B	ZNF585B,AC012309.1	P	sig	beige	beige
8.1844886520235e-08	0.311222521591819	0.153	0.098	0.00614794234074049	P:r1@TEX22	P:r1@TEX22	P:r1@TEX22	TEX22	TEX22	P	sig	beige	beige
4.07414196586177e-10	0.310766534268264	0.233	0.153	3.06037322049638e-05	P:r1@ZNF496	P:r1@ZNF496	P:r1@ZNF496	ZNF496	ZNF496	P	sig	beige	beige
3.29308571781275e-13	0.31069241822362	0.333	0.221	2.4736671986494e-08	P:r1@DPY19L3	P:r1@DPY19L3	P:r1@DPY19L3	DPY19L3	DPY19L3	P	sig	beige	beige
6.54214366240094e-15	0.310017386488969	0.532	0.383	4.91426205488572e-10	P:r1@STYX	P:r1@STYX	P:r1@STYX	STYX	STYX	P	sig	beige	beige
1.30766774414403e-09	0.309886268488326	0.232	0.152	9.82280779368668e-05	D:r1@ADDG14068789720.F	D:r1@ADDG14068789720.F	D:r1@..720.F	..720.F	ADDG14068789720.F	D	sig	beige	beige
3.38102939415869e-08	0.308753392191119	0.201	0.134	0.00253972785001018	P:r1@HOXB6,r2@HOXB3	P:r1@HOXB6,r2@HOXB3	P:r1@HOXB6,r2@HOXB3	HOXB6	HOXB6,HOXB3	P	sig	beige	beige
1.43787751316333e-09	0.308695404493998	0.171	0.105	0.00010800904515629	P:r1@DOP1A	P:r1@DOP1A	P:r1@DOP1A	DOP1A	DOP1A	P	sig	beige	beige
1.75104175070973e-11	0.308342715824894	0.277	0.181	1.31533003188062e-06	P:r1@GTF3C2	P:r1@GTF3C2	P:r1@GTF3C2	GTF3C2	GTF3C2	P	sig	beige	beige
1.67576822044973e-17	0.30770767096559	0.731	0.586	1.25878681415523e-12	D:r1@ADDG01159918602.F	D:r1@ADDG01159918602.F	D:r1@..602.F	..602.F	ADDG01159918602.F	D	sig	beige	beige
1.2747192843907e-08	0.307680025016747	0.166	0.104	0.000957530884855761	P:r1@ARHGEF10	P:r1@ARHGEF10	P:r1@ARHGEF10	ARHGEF10	ARHGEF10	P	sig	beige	beige
6.39795887112575e-08	0.307525603589357	0.183	0.121	0.00480595476522353	P:r1@ZFP1	P:r1@ZFP1	P:r1@ZFP1	ZFP1	ZFP1	P	sig	beige	beige
6.21042677583857e-14	0.30748548564364	0.733	0.614	4.66508628120666e-09	P:r1@PAPPA	P:r1@PAPPA	P:r1@PAPPA	PAPPA	PAPPA	P	sig	beige	beige
1.60710369643227e-09	0.306815894323245	0.196	0.124	0.000120720808364903	P:r1@TBC1D4	P:r1@TBC1D4	P:r1@TBC1D4	TBC1D4	TBC1D4	P	sig	beige	beige
2.91503084575009e-13	0.30649637594101	0.451	0.322	2.18968372040209e-08	P:r1@TMEM65	P:r1@TMEM65	P:r1@TMEM65	TMEM65	TMEM65	P	sig	beige	beige
1.26767344958119e-18	0.306267456384752	0.713	0.541	9.52238265121906e-14	D:r1@ADDG04052023183.F	D:r1@ADDG04052023183.F	D:r1@..183.F	..183.F	ADDG04052023183.F	D	sig	beige	beige
2.02348501762123e-18	0.306082700495323	0.782	0.642	1.51998124068654e-13	P:r1@SCARF2	P:r1@SCARF2	P:r1@SCARF2	SCARF2	SCARF2	P	sig	beige	beige
1.26046238655983e-15	0.305320864343157	0.503	0.357	9.46821530912145e-11	P:r1@SREBF1	P:r1@SREBF1	P:r1@SREBF1	SREBF1	SREBF1	P	sig	beige	beige
3.60870331940165e-11	0.305177805876063	0.257	0.166	2.71074967243494e-06	P:r1@ZNRF2	P:r1@ZNRF2	P:r1@ZNRF2	ZNRF2	ZNRF2	P	sig	beige	beige
3.29690903766627e-13	0.304917584802877	0.546	0.406	2.47653916182377e-08	P:r1@HOXC4,r1@AC012531.2	P:r1@HOXC4,r1@AC012531.2	P:r1@HOXC4,r1@AC012531.2	HOXC4	HOXC4,AC012531.2	P	sig	beige	beige
2.22740879296074e-08	0.304782840052434	0.195	0.129	0.00167316266300832	P:r1@ASTE1	P:r1@ASTE1	P:r1@ASTE1	ASTE1	ASTE1	P	sig	beige	beige
4.80916570491707e-09	0.304429095405773	0.218	0.143	0.000361250100256255	P:r1@CSRNP2	P:r1@CSRNP2	P:r1@CSRNP2	CSRNP2	CSRNP2	P	sig	beige	beige
6.00317595098702e-08	0.304226366981695	0.172	0.112	0.00450940567910292	P:r1@IQSEC1	P:r1@IQSEC1	P:r1@IQSEC1	IQSEC1	IQSEC1	P	sig	beige	beige
2.82728323212331e-12	0.30421338836699	0.366	0.249	2.12377034547407e-07	P:r1@ADDG0X154441765.R	P:r1@ADDG0X154441765.R	P:r1@..765.R	..765.R	ADDG0X154441765.R	P	sig	beige	beige
2.73587716550695e-11	0.304102773313415	0.371	0.261	2.05510885041386e-06	P:r1@MAML1	P:r1@MAML1	P:r1@MAML1	MAML1	MAML1	P	sig	beige	beige
9.30402781622728e-14	0.304046623698418	0.479	0.341	6.98890657471545e-09	P:r1@ADDG04002907823.R	P:r1@ADDG04002907823.R	P:r1@..823.R	..823.R	ADDG04002907823.R	P	sig	beige	beige
2.13378964162912e-08	0.303385720536493	0.217	0.146	0.00160283876510254	P:r1@LINC01004,r1@KMT2E-AS1	P:r1@LINC01004,r1@KMT2E-AS1	P:r1@LINC01004,r1@KMT2E-AS1	KMT2E-AS1	LINC01004,KMT2E-AS1	P	sig	beige	beige
2.32701883826252e-11	0.303345187773674	0.389	0.275	1.74798674073766e-06	P:r1@AASS	P:r1@AASS	P:r1@AASS	AASS	AASS	P	sig	beige	beige
2.50247600758675e-15	0.303313879694037	0.536	0.381	1.87978490261894e-10	D:r1@ADDG0X101625534.R	D:r1@ADDG0X101625534.R	D:r1@..534.R	..534.R	ADDG0X101625534.R	D	sig	beige	beige
2.84302848587265e-09	0.303244641600146	0.512	0.406	0.000213559770773296	D:r2@ADDG06139373959.B	D:r2@ADDG06139373959.B	D:r2@..959.B	..959.B	ADDG06139373959.B	D	sig	beige	beige
3.27626695025494e-18	0.303098186411022	0.84	0.719	2.46103344502301e-13	D:r1@ADDG09105389631.B	D:r1@ADDG09105389631.B	D:r1@..631.B	..631.B	ADDG09105389631.B	D	sig	beige	beige
2.7607358672137e-13	0.302674828091703	0.438	0.305	2.07378196137491e-08	P:r1@SART3	P:r1@SART3	P:r1@SART3	SART3	SART3	P	sig	beige	beige
7.26078530202149e-13	0.301378149556175	0.456	0.32	5.45408409531948e-08	P:r1@DCP1B	P:r1@DCP1B	P:r1@DCP1B	DCP1B	DCP1B	P	sig	beige	beige
2.45282923874324e-10	0.300928558272234	0.272	0.182	1.84249173926676e-05	P:r1@STIM2	P:r1@STIM2	P:r1@STIM2	STIM2	STIM2	P	sig	beige	beige
1.13017998596993e-15	0.300828749023827	0.666	0.494	8.48957300061029e-11	P:r1@BTBD2	P:r1@BTBD2	P:r1@BTBD2	BTBD2	BTBD2	P	sig	beige	beige
4.03882660074283e-13	0.300600607498798	0.563	0.416	3.03384537767999e-08	P:r1@LENG8	P:r1@LENG8	P:r1@LENG8	LENG8	LENG8	P	sig	beige	beige
5.39768632063884e-14	0.300427399264526	0.551	0.403	4.05458003347428e-09	P:r1@MSL1	P:r1@MSL1	P:r1@MSL1	MSL1	MSL1	P	sig	beige	beige
4.1182114581447e-09	0.300412186445254	0.304	0.214	0.000309347690101456	P:r1@TMEM198B	P:r1@TMEM198B	P:r1@TMEM198B	TMEM198B	TMEM198B	P	sig	beige	beige
9.65947165769738e-09	0.300312736935541	0.259	0.181	0.000725590532511254	D:r1@ADDG11125612691.R	D:r1@ADDG11125612691.R	D:r1@..691.R	..691.R	ADDG11125612691.R	D	sig	beige	beige
2.38139533626202e-08	0.300301241902706	0.243	0.17	0.00178883273473994	P:r1@SPATA18	P:r1@SPATA18	P:r1@SPATA18	SPATA18	SPATA18	P	sig	beige	beige
1.19540039819968e-13	0.300273608717264	0.562	0.418	8.9794891711565e-09	P:r1@SCD5	P:r1@SCD5	P:r1@SCD5	SCD5	SCD5	P	sig	beige	beige
1.92474444250964e-22	0.299952315994198	0.784	0.625	1.44581028287997e-17	P:r1@CIZ1	P:r1@CIZ1	P:r1@CIZ1	CIZ1	CIZ1	P	sig	beige	beige
2.88840735207514e-10	0.299699813944601	0.296	0.204	2.16968495065828e-05	P:r1@CACNA1C	P:r1@CACNA1C	P:r1@CACNA1C	CACNA1C	CACNA1C	P	sig	beige	beige
3.96684511281472e-08	0.299105884348217	0.216	0.147	0.00297977504339303	P:r1@SPATA2	P:r1@SPATA2	P:r1@SPATA2	SPATA2	SPATA2	P	sig	beige	beige
1.10125510839773e-17	0.298918400755444	0.629	0.445	8.2722979977512e-13	P:r1@PMS2	P:r1@PMS2	P:r1@PMS2	PMS2	PMS2	P	sig	beige	beige
1.39712785882405e-10	0.298629178619628	0.207	0.129	1.04948053371286e-05	P:r1@GSTT2	P:r1@GSTT2	P:r1@GSTT2	GSTT2	GSTT2	P	sig	beige	beige
9.23391161520088e-18	0.298537643498231	0.747	0.598	6.93623738799045e-13	P:r1@UBA1	P:r1@UBA1	P:r1@UBA1	UBA1	UBA1	P	sig	beige	beige
4.14559663064022e-10	0.298484837125828	0.637	0.525	3.11404782103801e-05	P:r1@OLFML2B	P:r1@OLFML2B	P:r1@OLFML2B	OLFML2B	OLFML2B	P	sig	beige	beige
1.82747024668795e-16	0.298287959240644	0.627	0.457	1.37274082520459e-11	P:r1@COG8	P:r1@COG8	P:r1@COG8	COG8	COG8	P	sig	beige	beige
3.5447919553096e-10	0.298103670361322	0.359	0.255	2.66274137306991e-05	P:r1@ACTR1B	P:r1@ACTR1B	P:r1@ACTR1B	ACTR1B	ACTR1B	P	sig	beige	beige
3.26045681957387e-11	0.298079890763215	0.272	0.178	2.4491573491593e-06	P:r1@NPRL3	P:r1@NPRL3	P:r1@NPRL3	NPRL3	NPRL3	P	sig	beige	beige
1.19126129673154e-08	0.297844156128507	0.247	0.169	0.000894839748265831	P:r1@MDN1	P:r1@MDN1	P:r1@MDN1	MDN1	MDN1	P	sig	beige	beige
4.85035525356718e-12	0.297407756235161	0.259	0.166	3.64344135582206e-07	P:r1@CECR7	P:r1@CECR7	P:r1@CECR7	CECR7	CECR7	P	sig	beige	beige
7.37360179387414e-10	0.296704112896695	0.315	0.221	5.53882845950444e-05	D:r1@ADDG21033432851.R	D:r1@ADDG21033432851.R	D:r1@..851.R	..851.R	ADDG21033432851.R	D	sig	beige	beige
2.76835347132633e-11	0.296681005855086	0.277	0.182	2.0795040770562e-06	P:r1@TTC23	P:r1@TTC23	P:r1@TTC23	TTC23	TTC23	P	sig	beige	beige
2.27137756355997e-14	0.296633123527132	0.494	0.348	1.70619068441934e-09	P:r1@VPS37B	P:r1@VPS37B	P:r1@VPS37B	VPS37B	VPS37B	P	sig	beige	beige
2.066062978195e-13	0.296566513522633	0.596	0.444	1.55196452733074e-08	P:r1@RCOR3	P:r1@RCOR3	P:r1@RCOR3	RCOR3	RCOR3	P	sig	beige	beige
2.85566653314037e-15	0.29607176992262	0.973	0.944	2.14509102969905e-10	P:r1@ADDG0X107715877.B,r1@TSC22D3	P:r1@ADDG0X107715877.B,r1@TSC22D3	P:r1@..877.B,r1@TSC22D3	..877.B	ADDG0X107715877.B,TSC22D3	P	sig	beige	beige
5.06942992191254e-44	0.295773129669648	0.992	0.959	3.80800367444304e-39	P:r1@DDT	P:r1@DDT	P:r1@DDT	DDT	DDT	P	sig	beige	beige
5.27037957785127e-11	0.295771778976473	0.355	0.248	3.95895102749454e-06	P:r1@NCKAP5L	P:r1@NCKAP5L	P:r1@NCKAP5L	NCKAP5L	NCKAP5L	P	sig	beige	beige
3.62093399630111e-11	0.295503492549066	0.32	0.219	2.71993699000151e-06	P:r1@MPP5	P:r1@MPP5	P:r1@MPP5	MPP5	MPP5	P	sig	beige	beige
1.33167611237095e-11	0.295181214007755	0.398	0.284	1.00031514532968e-06	D:r1@ADDG12124012465.R	D:r1@ADDG12124012465.R	D:r1@..465.R	..465.R	ADDG12124012465.R	D	sig	beige	beige
6.21873423080656e-15	0.29504474850675	0.74	0.586	4.67132659215497e-10	P:r1@EPS15	P:r1@EPS15	P:r1@EPS15	EPS15	EPS15	P	sig	beige	beige
2.24160961866294e-09	0.294921829553074	0.222	0.147	0.000168382989725104	D:r1@ADDG01053739412.B	D:r1@ADDG01053739412.B	D:r1@..412.B	..412.B	ADDG01053739412.B	D	sig	beige	beige
2.52120005664462e-13	0.294916876975131	0.324	0.21	1.89384984654974e-08	P:r1@ACSS2	P:r1@ACSS2	P:r1@ACSS2	ACSS2	ACSS2	P	sig	beige	beige
8.42971223443884e-12	0.294880793860973	0.301	0.199	6.33214693914342e-07	P:r1@ADDG17063589235.R	P:r1@ADDG17063589235.R	P:r1@..235.R	..235.R	ADDG17063589235.R	P	sig	beige	beige
1.10694910193645e-15	0.294269119201635	0.489	0.337	8.31506956901605e-11	P:r1@FBH1	P:r1@FBH1	P:r1@FBH1	FBH1	FBH1	P	sig	beige	beige
2.83457120758914e-13	0.293848583091489	0.462	0.331	2.12924485400474e-08	P:r1@BRAP	P:r1@BRAP	P:r1@BRAP	BRAP	BRAP	P	sig	beige	beige
4.63647144397281e-10	0.293610905513353	0.176	0.107	3.48277825456905e-05	D:r1@ADDG08017938871.R	D:r1@ADDG08017938871.R	D:r1@..871.R	..871.R	ADDG08017938871.R	D	sig	beige	beige
1.55992430199323e-10	0.293604608122088	0.284	0.191	1.17176833792825e-05	P:r1@PGBD1	P:r1@PGBD1	P:r1@PGBD1	PGBD1	PGBD1	P	sig	beige	beige
4.36778921104817e-15	0.293479719029874	0.433	0.291	3.28095222166305e-10	P:r1@PEX6	P:r1@PEX6	P:r1@PEX6	PEX6	PEX6	P	sig	beige	beige
7.4927653523002e-09	0.293271591836392	0.861	0.785	0.000562834054968734	P:r1@CFB	P:r1@CFB	P:r1@CFB	CFB	CFB	P	sig	beige	beige
4.04817299491263e-12	0.293011026120378	0.397	0.277	3.04086610858852e-07	P:r1@PLCB3	P:r1@PLCB3	P:r1@PLCB3	PLCB3	PLCB3	P	sig	beige	beige
1.84312711097599e-16	0.293008253009007	0.641	0.478	1.38450179195184e-11	P:r1@TASOR	P:r1@TASOR	P:r1@TASOR	TASOR	TASOR	P	sig	beige	beige
1.69796038745475e-12	0.292984261687364	0.286	0.184	1.27545690424438e-07	P:r1@ADNP	P:r1@ADNP	P:r1@ADNP	ADNP	ADNP	P	sig	beige	beige
3.66182626791312e-15	0.29275887164506	0.519	0.367	2.7506540376683e-10	P:r1@ATXN2L	P:r1@ATXN2L	P:r1@ATXN2L	ATXN2L	ATXN2L	P	sig	beige	beige
3.34862539141333e-14	0.292268967375085	0.65	0.497	2.51538693526795e-09	P:r1@TPRG1L	P:r1@TPRG1L	P:r1@TPRG1L	TPRG1L	TPRG1L	P	sig	beige	beige
8.89254058234630e-11	0.292001415872822	0.32	0.219	6.67980970924107e-06	P:r1@AP5B1	P:r1@AP5B1	P:r1@AP5B1	AP5B1	AP5B1	P	sig	beige	beige
2.29672322721620e-11	0.291026009499705	0.279	0.181	1.725229586588e-06	P:r1@ARL17A	P:r1@ARL17A	P:r1@ARL17A	ARL17A	ARL17A	P	sig	beige	beige
7.00843318686451e-11	0.290323478241961	0.39	0.279	5.26452475697702e-06	D:r1@ADDG07030609665.R	D:r1@ADDG07030609665.R	D:r1@..665.R	..665.R	ADDG07030609665.R	D	sig	beige	beige
6.62863530805999e-10	0.290177170135399	0.268	0.181	4.97923198435543e-05	P:r1@TTL	P:r1@TTL	P:r1@TTL	TTL	TTL	P	sig	beige	beige
9.61170349783789e-12	0.28944075942922	0.3	0.197	7.22002331647089e-07	P:r1@PLEKHM1	P:r1@PLEKHM1	P:r1@PLEKHM1	PLEKHM1	PLEKHM1	P	sig	beige	beige
5.56471261583878e-12	0.289428627065151	0.34	0.229	4.18004517563962e-07	P:r2@SMARCA2	P:r2@SMARCA2	P:r2@SMARCA2	SMARCA2	SMARCA2	P	sig	beige	beige
7.92539287448377e-16	0.289412175636398	0.64	0.473	5.95331736552597e-11	P:r1@AP2A2	P:r1@AP2A2	P:r1@AP2A2	AP2A2	AP2A2	P	sig	beige	beige
3.14520827392852e-14	0.289052351096974	0.802	0.669	2.36258609912688e-09	P:r1@EVL	P:r1@EVL	P:r1@EVL	EVL	EVL	P	sig	beige	beige
1.55457946120371e-10	0.289046699021646	0.386	0.277	1.16775345387239e-05	P:r1@PDE4A	P:r1@PDE4A	P:r1@PDE4A	PDE4A	PDE4A	P	sig	beige	beige
1.47231881958335e-12	0.288417411952249	0.342	0.226	1.10596172770643e-07	P:r1@ATG2B	P:r1@ATG2B	P:r1@ATG2B	ATG2B	ATG2B	P	sig	beige	beige
1.19231478352426e-07	0.288338973441697	0.29	0.213	0.00895631095939922	P:r1@ADDG17028722769.F	P:r1@ADDG17028722769.F	P:r1@..769.F	..769.F	ADDG17028722769.F	P	sig	beige	beige
3.97411070145494e-11	0.288211157138814	0.416	0.297	2.98523273561191e-06	D:r1@ADDG12057162502.B	D:r1@ADDG12057162502.B	D:r1@..502.B	..502.B	ADDG12057162502.B	D	sig	beige	beige
6.5914007493256e-172	0.287593432349093	1	1	4.95126250087091e-167	P:r1@RPS29	P:r1@RPS29	P:r1@RPS29	RPS29	RPS29	P	sig	beige	beige
5.17506288397878e-23	0.287584877956319	0.868	0.699	3.88735198655834e-18	P:r1@RBM15B	P:r1@RBM15B	P:r1@RBM15B	RBM15B	RBM15B	P	sig	beige	beige
4.77688514871179e-10	0.28744995636459	0.234	0.152	3.58825281715784e-05	P:r2@HIRA	P:r2@HIRA	P:r2@HIRA	HIRA	HIRA	P	sig	beige	beige
1.99314093317978e-36	0.287278842723129	0.984	0.946	1.49718767477665e-31	P:r1@HEXA,r1@AC009690.1	P:r1@HEXA,r1@AC009690.1	P:r1@HEXA,r1@AC009690.1	HEXA	HEXA,AC009690.1	P	sig	beige	beige
2.99945617201801e-13	0.287192236387572	0.425	0.294	2.25310149273477e-08	P:r1@CNOT3	P:r1@CNOT3	P:r1@CNOT3	CNOT3	CNOT3	P	sig	beige	beige
2.83057378168504e-09	0.286706581775949	0.256	0.174	0.000212624210758835	D:r1@ADDG11062593987.F	D:r1@ADDG11062593987.F	D:r1@..987.F	..987.F	ADDG11062593987.F	D	sig	beige	beige
2.80909396990782e-11	0.286646426046924	0.327	0.222	2.11010711737565e-06	P:r1@UMAD1,r1@AC007161.3	P:r1@UMAD1,r1@AC007161.3	P:r1@UMAD1,r1@AC007161.3	UMAD1	UMAD1,AC007161.3	P	sig	beige	beige
7.32208452233e-13	0.286011917480943	0.918	0.841	5.50013023063862e-08	P:r1@ATP1A1	P:r1@ATP1A1	P:r1@ATP1A1	ATP1A1	ATP1A1	P	sig	beige	beige
1.81409167828522e-15	0.285826707177264	0.739	0.584	1.36269124597751e-10	P:r1@RAB5B	P:r1@RAB5B	P:r1@RAB5B	RAB5B	RAB5B	P	sig	beige	beige
7.64160958579271e-14	0.285449684795104	0.512	0.362	5.74014787255991e-09	P:r1@AMPD2	P:r1@AMPD2	P:r1@AMPD2	AMPD2	AMPD2	P	sig	beige	beige
1.06737822535651e-11	0.284927000092594	0.443	0.315	8.01782501541051e-07	P:r1@DVL2	P:r1@DVL2	P:r1@DVL2	DVL2	DVL2	P	sig	beige	beige
3.64759894626526e-11	0.284846256151065	0.384	0.27	2.73996690046608e-06	P:r1@THBS3	P:r1@THBS3	P:r1@THBS3	THBS3	THBS3	P	sig	beige	beige
3.67633665817154e-14	0.284752522799413	0.534	0.384	2.76155380751872e-09	P:r1@RHOT2	P:r1@RHOT2	P:r1@RHOT2	RHOT2	RHOT2	P	sig	beige	beige
1.25803675594222e-10	0.284700452363101	0.306	0.209	9.4499946996112e-06	P:r1@RNF138	P:r1@RNF138	P:r1@RNF138	RNF138	RNF138	P	sig	beige	beige
1.0705019365788e-33	0.284023937210184	0.996	0.997	8.04128939699895e-29	P:r1@MT-CYB	P:r1@MT-CYB	P:r1@MT-CYB	MT-CYB	MT-CYB	P	sig	beige	beige
1.12445291438628e-09	0.283966103107321	0.239	0.158	8.44655295699541e-05	P:r1@ZNF595	P:r1@ZNF595	P:r1@ZNF595	ZNF595	ZNF595	P	sig	beige	beige
4.24514986106723e-18	0.283655612872059	0.721	0.555	3.18882922113787e-13	P:r1@ADDG0X154887227.B,r1@F8A1	P:r1@ADDG0X154887227.B,r1@F8A1	P:r1@..227.B,r1@F8A1	..227.B	ADDG0X154887227.B,F8A1	P	sig	beige	beige
5.96719209803638e-19	0.28324242663338	0.834	0.701	4.48237568828199e-14	P:r1@SF3B3	P:r1@SF3B3	P:r1@SF3B3	SF3B3	SF3B3	P	sig	beige	beige
1.30464925872648e-09	0.283101460896716	0.258	0.174	9.80013383677567e-05	P:r1@SETD4	P:r1@SETD4	P:r1@SETD4	SETD4	SETD4	P	sig	beige	beige
6.74780879690729e-08	0.282732445841011	0.156	0.099	0.00506875153397285	P:r1@PRPF40B	P:r1@PRPF40B	P:r1@PRPF40B	PRPF40B	PRPF40B	P	sig	beige	beige
2.26077818783237e-10	0.282482022317026	0.275	0.182	1.69822875135405e-05	P:r1@PIKFYVE	P:r1@PIKFYVE	P:r1@PIKFYVE	PIKFYVE	PIKFYVE	P	sig	beige	beige
7.80019559366744e-14	0.282185323144524	0.446	0.305	5.85927292409517e-09	P:r1@ANAPC2	P:r1@ANAPC2	P:r1@ANAPC2	ANAPC2	ANAPC2	P	sig	beige	beige
1.54866816634785e-13	0.282184442376934	0.464	0.327	1.16331306651552e-08	P:r1@ELP3	P:r1@ELP3	P:r1@ELP3	ELP3	ELP3	P	sig	beige	beige
6.89687820870042e-11	0.282156867351104	0.362	0.254	5.1807280040295e-06	P:r1@HIC2	P:r1@HIC2	P:r1@HIC2	HIC2	HIC2	P	sig	beige	beige
3.20859947930371e-09	0.282031056833521	0.191	0.121	0.000241020367086857	P:r1@ZC3H10,r2@ESYT1	P:r1@ZC3H10,r2@ESYT1	P:r1@ZC3H10,r2@ESYT1	ZC3H10	ZC3H10,ESYT1	P	sig	beige	beige
2.27999466717261e-28	0.282003066268192	1	1	1.71266359414005e-23	P:r2@ADDG21008394320.F	P:r2@ADDG21008394320.F	P:r2@..320.F	..320.F	ADDG21008394320.F	P	sig	beige	beige
8.19962443106064e-12	0.281676453991318	0.427	0.303	6.15931188387982e-07	P:r1@C5orf22	P:r1@C5orf22	P:r1@C5orf22	C5orf22	C5orf22	P	sig	beige	beige
1.33838417702051e-12	0.28120416002846	0.496	0.357	1.00535404225249e-07	P:r1@IRX2	P:r1@IRX2	P:r1@IRX2	IRX2	IRX2	P	sig	beige	beige
1.15177224563991e-07	0.281080509388713	0.216	0.15	0.00865176757757332	D:r1@ADDG01155648566.R	D:r1@ADDG01155648566.R	D:r1@..566.R	..566.R	ADDG01155648566.R	D	sig	beige	beige
5.7222733277524e-08	0.280328405779048	0.176	0.115	0.00429840005560777	P:r3@TNS2	P:r3@TNS2	P:r3@TNS2	TNS2	TNS2	P	sig	beige	beige
9.63084351269361e-08	0.280052772090729	0.186	0.124	0.00723440072143006	P:r1@TRAPPC9	P:r1@TRAPPC9	P:r1@TRAPPC9	TRAPPC9	TRAPPC9	P	sig	beige	beige
7.04627505972998e-13	0.279686443051702	0.617	0.471	5.29295043661737e-08	P:r1@INTS5	P:r1@INTS5	P:r1@INTS5	INTS5	INTS5	P	sig	beige	beige
2.70551728107963e-09	0.279441205764156	0.24	0.161	0.000203230341602859	P:r1@GLIS1	P:r1@GLIS1	P:r1@GLIS1	GLIS1	GLIS1	P	sig	beige	beige
1.07822768005813e-16	0.279426553664861	0.766	0.607	8.09932286429267e-12	P:r1@SERF1B	P:r1@SERF1B	P:r1@SERF1B	SERF1B	SERF1B	P	sig	beige	beige
6.73115352209862e-10	0.278995710426015	0.285	0.194	5.05624059119482e-05	P:r1@MAP3K11	P:r1@MAP3K11	P:r1@MAP3K11	MAP3K11	MAP3K11	P	sig	beige	beige
8.41192314626531e-14	0.27883143303637	0.342	0.222	6.31878430978011e-09	P:r1@ULK3	P:r1@ULK3	P:r1@ULK3	ULK3	ULK3	P	sig	beige	beige
2.82901552401933e-35	0.278742626046008	1	0.998	2.1250715911776e-30	P:r1@COL1A1	P:r1@COL1A1	P:r1@COL1A1	COL1A1	COL1A1	P	sig	beige	beige
1.57686348825788e-08	0.278722525333144	0.22	0.15	0.00118449254647467	P:r1@SLC1A3	P:r1@SLC1A3	P:r1@SLC1A3	SLC1A3	SLC1A3	P	sig	beige	beige
9.11927182082189e-12	0.278507016580299	0.347	0.237	6.85012341364678e-07	P:r1@TCEAL7	P:r1@TCEAL7	P:r1@TCEAL7	TCEAL7	TCEAL7	P	sig	beige	beige
1.89483347186638e-14	0.27828650431201	0.529	0.386	1.42334205906187e-09	P:r1@SAMD1	P:r1@SAMD1	P:r1@SAMD1	SAMD1	SAMD1	P	sig	beige	beige
1.61810882980725e-08	0.278093764441474	0.177	0.114	0.00121547480968632	P:r1@HIST1H4J	P:r1@HIST1H4J	P:r1@HIST1H4J	HIST1H4J	HIST1H4J	P	sig	beige	beige
4.97463939801371e-09	0.278040961810592	0.242	0.164	0.000373679987660596	D:r1@ADDG09016437072.F	D:r1@ADDG09016437072.F	D:r1@..072.F	..072.F	ADDG09016437072.F	D	sig	beige	beige
1.02505269303172e-07	0.277886425311615	0.279	0.204	0.00769988831424637	P:r1@CFI,r1@AC126283.2	P:r1@CFI,r1@AC126283.2	P:r1@CFI,r1@AC126283.2	CFI	CFI,AC126283.2	P	sig	beige	beige
8.47737020567102e-09	0.277589596411233	0.326	0.234	0.00063679461773939	D:r1@ADDG22040423611.F	D:r1@ADDG22040423611.F	D:r1@..611.F	..611.F	ADDG22040423611.F	D	sig	beige	beige
3.0403685697888e-11	0.277232460025929	0.342	0.236	2.28383365856825e-06	P:r1@ZDBF2	P:r1@ZDBF2	P:r1@ZDBF2	ZDBF2	ZDBF2	P	sig	beige	beige
2.24842432178203e-20	0.277097248683601	0.885	0.771	1.68894889779301e-15	P:r1@GAA	P:r1@GAA	P:r1@GAA	GAA	GAA	P	sig	beige	beige
6.80247660990608e-13	0.276731968958523	0.452	0.322	5.10981635506315e-08	P:r1@GEMIN4	P:r1@GEMIN4	P:r1@GEMIN4	GEMIN4	GEMIN4	P	sig	beige	beige
5.10851259088347e-11	0.276662859404539	0.329	0.227	3.83736140289394e-06	P:r1@DNAJB2	P:r1@DNAJB2	P:r1@DNAJB2	DNAJB2	DNAJB2	P	sig	beige	beige
3.42646860774571e-09	0.276563712686932	0.311	0.219	0.000257386042408035	P:r1@BPGM	P:r1@BPGM	P:r1@BPGM	BPGM	BPGM	P	sig	beige	beige
1.33419720716619e-08	0.276198548474188	0.375	0.281	0.00100220891610702	P:r2@SPARC	P:r2@SPARC	P:r2@SPARC	SPARC	SPARC	P	sig	beige	beige
2.60769690749327e-12	-0.276110740996841	0.891	0.875	1.95882368600172e-07	D:r1@ADDG11065439683.F	D:r1@ADDG11065439683.F	D:r1@..683.F	..683.F	ADDG11065439683.F	D	sig	white	white
3.65333849050083e-12	0.275775139067446	0.417	0.292	2.74427827390951e-07	P:r1@NUP93	P:r1@NUP93	P:r1@NUP93	NUP93	NUP93	P	sig	beige	beige
1.0740450901591e-09	0.275617688837377	0.397	0.29	8.06790450374811e-05	P:r1@BCL9L	P:r1@BCL9L	P:r1@BCL9L	BCL9L	BCL9L	P	sig	beige	beige
3.70181180515246e-12	0.275394892361398	0.544	0.4	2.78068997367637e-07	P:r1@CPSF1	P:r1@CPSF1	P:r1@CPSF1	CPSF1	CPSF1	P	sig	beige	beige
1.7047597333269e-11	0.27532799942686	0.291	0.191	1.28056436888316e-06	P:r1@POLR3F	P:r1@POLR3F	P:r1@POLR3F	POLR3F	POLR3F	P	sig	beige	beige
4.88595225682948e-10	0.275280897976675	0.303	0.208	3.6701807567626e-05	P:r1@ADDG11006393244.R	P:r1@ADDG11006393244.R	P:r1@..244.R	..244.R	ADDG11006393244.R	P	sig	beige	beige
7.59384310419118e-13	0.275243691095534	0.414	0.287	5.70426712457529e-08	P:r1@EPHB4	P:r1@EPHB4	P:r1@EPHB4	EPHB4	EPHB4	P	sig	beige	beige
1.18951623799941e-07	0.275149554059651	0.167	0.109	0.00893528912498018	P:r1@WIPF2	P:r1@WIPF2	P:r1@WIPF2	WIPF2	WIPF2	P	sig	beige	beige
1.2416087780453e-10	0.275060239912439	0.333	0.229	9.32659265804291e-06	P:r1@TFCP2	P:r1@TFCP2	P:r1@TFCP2	TFCP2	TFCP2	P	sig	beige	beige
3.07879730782182e-13	0.27436865194987	0.366	0.245	2.31270017371652e-08	P:r1@SUGP1	P:r1@SUGP1	P:r1@SUGP1	SUGP1	SUGP1	P	sig	beige	beige
4.9555635264586e-16	0.274292665895382	0.615	0.454	3.72247065416990e-11	P:r1@ADDG10097715251.R	P:r1@ADDG10097715251.R	P:r1@..251.R	..251.R	ADDG10097715251.R	P	sig	beige	beige
4.52913555189063e-09	0.273666586106961	0.229	0.155	0.000340215075251369	P:r1@TSSC2	P:r1@TSSC2	P:r1@TSSC2	TSSC2	TSSC2	P	sig	beige	beige
6.8478604520186e-14	0.273509539019741	0.579	0.422	5.14390733574281e-09	P:r1@PIAS3	P:r1@PIAS3	P:r1@PIAS3	PIAS3	PIAS3	P	sig	beige	beige
5.66452213198600e-09	0.273475319287619	0.277	0.192	0.000425501908988392	P:r1@LRRC40	P:r1@LRRC40	P:r1@LRRC40	LRRC40	LRRC40	P	sig	beige	beige
2.86882489849005e-09	0.273313980855056	0.18	0.112	0.000215497519899877	P:r1@NOMO1	P:r1@NOMO1	P:r1@NOMO1	NOMO1	NOMO1	P	sig	beige	beige
1.58904227275402e-08	-0.273091708442597	0.644	0.642	0.00119364088402464	P:r2@PAM16	P:r2@PAM16	P:r2@PAM16	PAM16	PAM16	P	sig	white	white
6.7850744208853e-08	0.27286117198084	0.217	0.148	0.00509674435273641	P:r1@ZNF43	P:r1@ZNF43	P:r1@ZNF43	ZNF43	ZNF43	P	sig	beige	beige
1.0632373617627e-08	0.272573307604719	0.299	0.21	0.00079867200903529	P:r2@AFF1	P:r2@AFF1	P:r2@AFF1	AFF1	AFF1	P	sig	beige	beige
1.30266591571856e-08	0.272355624688612	0.193	0.126	0.000978523555910308	D:r1@ADDG08042964467.R	D:r1@ADDG08042964467.R	D:r1@..467.R	..467.R	ADDG08042964467.R	D	sig	beige	beige
4.9952771241293e-08	0.272010901869648	0.198	0.132	0.00375230231733221	P:r1@CDR2L	P:r1@CDR2L	P:r1@CDR2L	CDR2L	CDR2L	P	sig	beige	beige
7.39245412141283e-08	0.271181476874335	0.399	0.311	0.00555298976238167	D:r2@ADDG05150781129.B	D:r2@ADDG05150781129.B	D:r2@..129.B	..129.B	ADDG05150781129.B	D	sig	beige	beige
6.6342026209328e-13	0.271164861560237	0.904	0.828	4.98341398276609e-08	D:r1@ADDG11061966066.B	D:r1@ADDG11061966066.B	D:r1@..066.B	..066.B	ADDG11061966066.B	D	sig	beige	beige
1.41345138020601e-12	0.27070885890851	0.6	0.453	1.06174227326935e-07	P:r1@EML3	P:r1@EML3	P:r1@EML3	EML3	EML3	P	sig	beige	beige
6.9512960337603e-15	0.270660507381453	0.616	0.452	5.22160504167973e-10	P:r1@PIAS1	P:r1@PIAS1	P:r1@PIAS1	PIAS1	PIAS1	P	sig	beige	beige
2.21954364072267e-08	0.27053968126606	0.245	0.168	0.00166725459660165	P:r1@USP42	P:r1@USP42	P:r1@USP42	USP42	USP42	P	sig	beige	beige
2.57120315788389e-10	0.270438078331202	0.432	0.312	1.93141067610764e-05	P:r1@ADDG05119525926.R	P:r1@ADDG05119525926.R	P:r1@..926.R	..926.R	ADDG05119525926.R	P	sig	beige	beige
1.19582366989407e-09	0.27040043756665	0.277	0.189	8.98266866114328e-05	D:r1@ADDG04107654737.F	D:r1@ADDG04107654737.F	D:r1@..737.F	..737.F	ADDG04107654737.F	D	sig	beige	beige
7.02403692618082e-13	0.270029401817943	0.551	0.401	5.27624581783925e-08	P:r1@EFTUD2	P:r1@EFTUD2	P:r1@EFTUD2	EFTUD2	EFTUD2	P	sig	beige	beige
4.77377791665661e-08	-0.269870248358289	0.874	0.84	0.00358591875765495	P:r1@CYP51A1	P:r1@CYP51A1	P:r1@CYP51A1	CYP51A1	CYP51A1	P	sig	white	white
1.75064894951164e-09	0.269558123958972	0.411	0.303	0.000131503497140466	P:r1@FOXK1	P:r1@FOXK1	P:r1@FOXK1	FOXK1	FOXK1	P	sig	beige	beige
5.26894370569733e-23	0.269335108875693	0.874	0.727	3.95787244340866e-18	P:r1@CTBP1	P:r1@CTBP1	P:r1@CTBP1	CTBP1	CTBP1	P	sig	beige	beige
2.4970702280943e-08	0.269271731266588	0.33	0.245	0.00187572424323759	P:r2@NCOR2	P:r2@NCOR2	P:r2@NCOR2	NCOR2	NCOR2	P	sig	beige	beige
1.3034683085283e-12	0.269200652675094	0.466	0.334	9.79126289317201e-08	P:r1@AP1B1	P:r1@AP1B1	P:r1@AP1B1	AP1B1	AP1B1	P	sig	beige	beige
1.1437799080206e-07	0.268820161891618	0.189	0.126	0.00859173153507834	P:r1@ADDG0X057592778.B,r1@ZXDB	P:r1@ADDG0X057592778.B,r1@ZXDB	P:r1@..778.B,r1@ZXDB	..778.B	ADDG0X057592778.B,ZXDB	P	sig	beige	beige
4.167784296265e-08	0.268677259225306	0.167	0.107	0.00313071452982538	D:r1@ADDG13048413282.R	D:r1@ADDG13048413282.R	D:r1@..282.R	..282.R	ADDG13048413282.R	D	sig	beige	beige
1.01752364132329e-10	0.268240869267216	0.386	0.272	7.64333233652814e-06	P:r1@TEX2	P:r1@TEX2	P:r1@TEX2	TEX2	TEX2	P	sig	beige	beige
2.03298159571766e-11	0.26797591878666	0.488	0.361	1.52711478525524e-06	P:r1@RNPEPL1	P:r1@RNPEPL1	P:r1@RNPEPL1	RNPEPL1	RNPEPL1	P	sig	beige	beige
3.57787904483657e-08	0.267796696496822	0.251	0.173	0.00268759540210989	D:r1@ADDG13020002930.R	D:r1@ADDG13020002930.R	D:r1@..930.R	..930.R	ADDG13020002930.R	D	sig	beige	beige
9.4618689190854e-13	0.267783668603604	0.402	0.276	7.10747207594938e-08	P:r1@ATP6V0A2	P:r1@ATP6V0A2	P:r1@ATP6V0A2	ATP6V0A2	ATP6V0A2	P	sig	beige	beige
3.49503083651425e-09	0.267666487992868	0.329	0.238	0.000262536231346441	P:r1@LITAF	P:r1@LITAF	P:r1@LITAF	LITAF	LITAF	P	sig	beige	beige
8.92496701153208e-11	-0.267573942496875	0.865	0.831	6.70416747005255e-06	P:r1@H2AFJ	P:r1@H2AFJ	P:r1@H2AFJ	H2AFJ	H2AFJ	P	sig	white	white
2.5476231326304e-14	0.267166859772978	0.708	0.543	1.91369806853798e-09	P:r1@ZNF460	P:r1@ZNF460	P:r1@ZNF460	ZNF460	ZNF460	P	sig	beige	beige
1.33973141325996e-08	0.266866282128515	0.175	0.111	0.00100636604569849	P:r1@C2CD2L	P:r1@C2CD2L	P:r1@C2CD2L	C2CD2L	C2CD2L	P	sig	beige	beige
3.74603982567576e-08	0.266503913936451	0.217	0.148	0.00281391273585286	P:r1@PDGFC	P:r1@PDGFC	P:r1@PDGFC	PDGFC	PDGFC	P	sig	beige	beige
1.77371734134778e-08	0.266352765932813	0.176	0.112	0.00133236325530021	P:r1@CREBBP	P:r1@CREBBP	P:r1@CREBBP	CREBBP	CREBBP	P	sig	beige	beige
2.16654173170267e-09	0.266206017234382	0.888	0.818	0.00016274411526031	P:r1@GAS1	P:r1@GAS1	P:r1@GAS1	GAS1	GAS1	P	sig	beige	beige
1.9133184781112e-09	0.266187266305744	0.509	0.381	0.000143722744120279	P:r2@VMP1	P:r2@VMP1	P:r2@VMP1	VMP1	VMP1	P	sig	beige	beige
4.47492421165827e-09	0.266073659643261	0.216	0.143	0.000336142882007134	D:r1@ADDG02201392994.F	D:r1@ADDG02201392994.F	D:r1@..994.F	..994.F	ADDG02201392994.F	D	sig	beige	beige
4.04641440562787e-13	0.265685710805708	0.523	0.381	3.03954510907549e-08	P:r1@MLLT1	P:r1@MLLT1	P:r1@MLLT1	MLLT1	MLLT1	P	sig	beige	beige
1.02766656984821e-09	0.265443530282071	0.239	0.158	7.71952297272883e-05	P:r1@ZNF28,r1@ZNF468	P:r1@ZNF28,r1@ZNF468	P:r1@ZNF28,r1@ZNF468	ZNF28	ZNF28,ZNF468	P	sig	beige	beige
6.18936501076965e-10	0.265328772733173	0.439	0.327	4.64926531513984e-05	P:r1@CDK14	P:r1@CDK14	P:r1@CDK14	CDK14	CDK14	P	sig	beige	beige
2.41968137158232e-11	0.265013095641464	0.596	0.462	1.81759205589149e-06	P:r1@SSC5D	P:r1@SSC5D	P:r1@SSC5D	SSC5D	SSC5D	P	sig	beige	beige
2.5021786533689e-11	0.264838477614745	0.669	0.538	1.87956153905112e-06	P:r1@PC	P:r1@PC	P:r1@PC	PC	PC	P	sig	beige	beige
7.59186772873104e-10	0.264818506043238	0.317	0.22	5.7027832817909e-05	P:r1@AC002398.2,r1@LIN37	P:r1@AC002398.2,r1@LIN37	P:r1@AC002398.2,r1@LIN37	AC002398.2	AC002398.2,LIN37	P	sig	beige	beige
1.79120749684202e-11	0.264778099787996	0.482	0.354	1.34550133540282e-06	P:r1@REXO4	P:r1@REXO4	P:r1@REXO4	REXO4	REXO4	P	sig	beige	beige
1.67642503383756e-10	0.264501910185057	0.222	0.14	1.25928019266776e-05	D:r1@ADDG16029844695.R	D:r1@ADDG16029844695.R	D:r1@..695.R	..695.R	ADDG16029844695.R	D	sig	beige	beige
2.14335886350628e-14	0.264421299773053	0.552	0.398	1.61002687750001e-09	P:r1@RBM14,r1@RBM14-RBM4	P:r1@RBM14,r1@RBM14-RBM4	P:r1@RBM14,r1@RBM14-RBM4	RBM14	RBM14,RBM14-RBM4	P	sig	beige	beige
1.09060640294774e-09	0.26430578106566	0.259	0.176	8.1923081170225e-05	P:r1@ERF,r1@AC006486.1	P:r1@ERF,r1@AC006486.1	P:r1@ERF,r1@AC006486.1	ERF	ERF,AC006486.1	P	sig	beige	beige
2.40895527719465e-13	0.264109348653929	0.42	0.288	1.8095349355703e-08	P:r1@PCIF1	P:r1@PCIF1	P:r1@PCIF1	PCIF1	PCIF1	P	sig	beige	beige
6.99335012548252e-09	0.26409291398605	0.353	0.256	0.00052531948137587	D:r1@ADDG08056963839.F	D:r1@ADDG08056963839.F	D:r1@..839.F	..839.F	ADDG08056963839.F	D	sig	beige	beige
5.87620137417451e-11	0.263763852274006	0.369	0.257	4.41402618623867e-06	P:r1@NNT	P:r1@NNT	P:r1@NNT	NNT	NNT	P	sig	beige	beige
4.83805079423301e-10	0.263352026820312	0.327	0.228	3.63419861510401e-05	P:r1@TEX10	P:r1@TEX10	P:r1@TEX10	TEX10	TEX10	P	sig	beige	beige
9.60236700985197e-15	-0.262960775778397	0.985	0.986	7.2130100267905e-10	P:r1@IGFBP6	P:r1@IGFBP6	P:r1@IGFBP6	IGFBP6	IGFBP6	P	sig	white	white
1.07579054718935e-09	0.262685236515016	0.238	0.157	8.08101585332222e-05	P:r1@MAP11	P:r1@MAP11	P:r1@MAP11	MAP11	MAP11	P	sig	beige	beige
4.77497794505534e-08	0.262494675839643	0.31	0.224	0.00358682018298722	P:r1@HS3ST3B1	P:r1@HS3ST3B1	P:r1@HS3ST3B1	HS3ST3B1	HS3ST3B1	P	sig	beige	beige
7.41725088200802e-16	0.262412183720146	0.669	0.501	5.57161634503797e-11	P:r1@QRICH1	P:r1@QRICH1	P:r1@QRICH1	QRICH1	QRICH1	P	sig	beige	beige
1.04976741867444e-11	0.262402215177651	0.333	0.226	7.88553791885681e-07	P:r1@PSKH1	P:r1@PSKH1	P:r1@PSKH1	PSKH1	PSKH1	P	sig	beige	beige
6.83549620971832e-12	0.262360138853721	0.36	0.245	5.13461968785411e-07	P:r1@TAB2	P:r1@TAB2	P:r1@TAB2	TAB2	TAB2	P	sig	beige	beige
1.93467820663015e-09	0.262064135813644	0.293	0.202	0.000145327222847437	P:r1@ZNF484	P:r1@ZNF484	P:r1@ZNF484	ZNF484	ZNF484	P	sig	beige	beige
4.92130564824359e-12	0.261829142180827	0.392	0.275	3.69673716379114e-07	P:r1@EXT1	P:r1@EXT1	P:r1@EXT1	EXT1	EXT1	P	sig	beige	beige
6.06427092950031e-17	0.261087450251356	0.734	0.56	4.55529839411275e-12	P:r1@WDR45B	P:r1@WDR45B	P:r1@WDR45B	WDR45B	WDR45B	P	sig	beige	beige
1.37566881016177e-08	0.261044089065853	0.385	0.288	0.00103336114012921	D:r1@ADDG20046726188.R	D:r1@ADDG20046726188.R	D:r1@..188.R	..188.R	ADDG20046726188.R	D	sig	beige	beige
8.54092697851541e-08	0.260885710947854	0.201	0.135	0.00641568811845142	P:r1@ADDG01062648215.F	P:r1@ADDG01062648215.F	P:r1@..215.F	..215.F	ADDG01062648215.F	P	sig	beige	beige
3.40520458447866e-14	0.260786297971653	0.79	0.656	2.55788752772284e-09	P:r1@ZCCHC24	P:r1@ZCCHC24	P:r1@ZCCHC24	ZCCHC24	ZCCHC24	P	sig	beige	beige
1.2742144046897e-10	0.260714711139411	0.617	0.483	9.57151634370761e-06	P:r1@ELAC2	P:r1@ELAC2	P:r1@ELAC2	ELAC2	ELAC2	P	sig	beige	beige
7.68968029631872e-12	0.260552262576413	0.316	0.212	5.77625714818573e-07	P:r1@SLC17A5	P:r1@SLC17A5	P:r1@SLC17A5	SLC17A5	SLC17A5	P	sig	beige	beige
1.07051136418045e-11	0.260173667778061	0.53	0.399	8.04136021431432e-07	P:r1@GK5	P:r1@GK5	P:r1@GK5	GK5	GK5	P	sig	beige	beige
7.37614469793779e-10	0.259836946131823	0.548	0.434	5.54073861274993e-05	P:r1@MAGED4B	P:r1@MAGED4B	P:r1@MAGED4B	MAGED4B	MAGED4B	P	sig	beige	beige
5.72018200214376e-09	0.259360928603189	0.431	0.329	0.000429682911455033	P:r1@RNF144A	P:r1@RNF144A	P:r1@RNF144A	RNF144A	RNF144A	P	sig	beige	beige
6.57729728157778e-11	0.259314365821548	0.316	0.216	4.94066839900278e-06	P:r1@CRTC1	P:r1@CRTC1	P:r1@CRTC1	CRTC1	CRTC1	P	sig	beige	beige
4.88097708850779e-13	0.25918995604102	0.654	0.506	3.6664435595744e-08	P:r1@LARP4B	P:r1@LARP4B	P:r1@LARP4B	LARP4B	LARP4B	P	sig	beige	beige
9.71821449949972e-90	0.259143963514561	1	1	7.3000311855892e-85	P:r1@RPL4	P:r1@RPL4	P:r1@RPL4	RPL4	RPL4	P	sig	beige	beige
2.00759843801337e-21	-0.259141663649883	0.997	0.994	1.5080477186825e-16	P:r1@S100A10	P:r1@S100A10	P:r1@S100A10	S100A10	S100A10	P	sig	white	white
1.0092362272173e-08	0.259034152275759	0.4	0.3	0.000758107976798816	D:r1@ADDG17015230528.F	D:r1@ADDG17015230528.F	D:r1@..528.F	..528.F	ADDG17015230528.F	D	sig	beige	beige
3.28807749971492e-11	0.258685467728061	0.223	0.138	2.46990517546086e-06	D:r1@ADDG12132490214.F	D:r1@ADDG12132490214.F	D:r1@..214.F	..214.F	ADDG12132490214.F	D	sig	beige	beige
7.12167052451026e-11	0.258644520372168	0.418	0.298	5.34958524789637e-06	P:r1@POLR3E	P:r1@POLR3E	P:r1@POLR3E	POLR3E	POLR3E	P	sig	beige	beige
6.53005705305098e-09	0.258627797489761	0.218	0.144	0.000490518295654031	P:r2@ZFHX3	P:r2@ZFHX3	P:r2@ZFHX3	ZFHX3	ZFHX3	P	sig	beige	beige
2.51447834625102e-15	0.258576798351686	0.781	0.621	1.88880069935338e-10	P:r1@GRAMD1A	P:r1@GRAMD1A	P:r1@GRAMD1A	GRAMD1A	GRAMD1A	P	sig	beige	beige
1.6964562881957e-09	0.258362419926354	0.328	0.233	0.000127432707000396	P:r1@ADAMTSL4	P:r1@ADAMTSL4	P:r1@ADAMTSL4	ADAMTSL4	ADAMTSL4	P	sig	beige	beige
5.33340966026017e-10	0.257717723959089	0.338	0.235	4.00629733449764e-05	P:r1@TRIP4	P:r1@TRIP4	P:r1@TRIP4	TRIP4	TRIP4	P	sig	beige	beige
5.23162693365074e-09	0.257547928837534	0.188	0.12	0.000392984120375042	P:r1@KLHL21	P:r1@KLHL21	P:r1@KLHL21	KLHL21	KLHL21	P	sig	beige	beige
7.56648930223268e-08	0.257488350065368	0.168	0.109	0.00568371976915812	P:r1@ADNP2	P:r1@ADNP2	P:r1@ADNP2	ADNP2	ADNP2	P	sig	beige	beige
1.06324419416783e-24	0.257389803145663	0.963	0.905	7.98677141333049e-20	P:r1@P3H1	P:r1@P3H1	P:r1@P3H1	P3H1	P3H1	P	sig	beige	beige
2.15049130290715e-10	0.257233744228481	0.618	0.479	1.61538455200477e-05	P:r1@WBP11	P:r1@WBP11	P:r1@WBP11	WBP11	WBP11	P	sig	beige	beige
8.38991365608645e-11	0.257136025565015	0.321	0.218	6.30225144104246e-06	P:r1@GATAD2B	P:r1@GATAD2B	P:r1@GATAD2B	GATAD2B	GATAD2B	P	sig	beige	beige
5.11797654008672e-10	-0.25694973148301	0.951	0.951	3.84447043761694e-05	P:r1@IGFBP7	P:r1@IGFBP7	P:r1@IGFBP7	IGFBP7	IGFBP7	P	sig	white	white
5.27129176341536e-11	0.256660782937927	0.366	0.251	3.95963623392472e-06	P:r1@TSC2	P:r1@TSC2	P:r1@TSC2	TSC2	TSC2	P	sig	beige	beige
4.86210338681382e-11	0.256612974320232	0.364	0.254	3.65226620107294e-06	D:r1@ADDG01032672661.R	D:r1@ADDG01032672661.R	D:r1@..661.R	..661.R	ADDG01032672661.R	D	sig	beige	beige
3.65165483091338e-13	0.256195204311052	0.497	0.356	2.74301355933721e-08	D:r1@ADDG14103341534.R	D:r1@ADDG14103341534.R	D:r1@..534.R	..534.R	ADDG14103341534.R	D	sig	beige	beige
2.68514001834898e-13	0.255886742215044	0.942	0.894	2.0169966275832e-08	P:r1@LMO3	P:r1@LMO3	P:r1@LMO3	LMO3	LMO3	P	sig	beige	beige
6.25740240565723e-11	0.255487329365119	0.547	0.41	4.70037296505754e-06	P:r1@RHBDF1	P:r1@RHBDF1	P:r1@RHBDF1	RHBDF1	RHBDF1	P	sig	beige	beige
7.09516398394125e-10	0.255470288520715	0.359	0.255	5.32967432981715e-05	P:r1@EIF2AK3	P:r1@EIF2AK3	P:r1@EIF2AK3	EIF2AK3	EIF2AK3	P	sig	beige	beige
2.86392906195168e-13	0.255406793410407	0.445	0.311	2.15129759346624e-08	P:r1@AP001000.1	P:r1@AP001000.1	P:r1@AP001000.1	AP001000.1	AP001000.1	P	sig	beige	beige
2.99773325328582e-10	0.255378538170056	0.488	0.359	2.25180728787071e-05	D:r1@ADDG01235990309.R	D:r1@ADDG01235990309.R	D:r1@..309.R	..309.R	ADDG01235990309.R	D	sig	beige	beige
8.15378462772959e-11	0.25518565658373	0.489	0.374	6.12487839881163e-06	P:r1@SH3PXD2A	P:r1@SH3PXD2A	P:r1@SH3PXD2A	SH3PXD2A	SH3PXD2A	P	sig	beige	beige
2.54809107869613e-12	0.255045301348289	0.409	0.283	1.91404957558417e-07	P:r1@KPNA6	P:r1@KPNA6	P:r1@KPNA6	KPNA6	KPNA6	P	sig	beige	beige
1.24084599655063e-18	0.254741874421633	0.887	0.758	9.32086287228933e-14	P:r1@C6orf120	P:r1@C6orf120	P:r1@C6orf120	C6orf120	C6orf120	P	sig	beige	beige
5.3788015717208e-11	0.254396709984199	0.549	0.413	4.04039437662951e-06	P:r1@DPP9	P:r1@DPP9	P:r1@DPP9	DPP9	DPP9	P	sig	beige	beige
8.24193483574074e-17	0.25415774331618	0.825	0.677	6.19109419056337e-12	P:r1@MTA1	P:r1@MTA1	P:r1@MTA1	MTA1	MTA1	P	sig	beige	beige
8.60623039086091e-10	0.254056382856415	0.336	0.233	6.46474208270299e-05	P:r1@TSHZ1	P:r1@TSHZ1	P:r1@TSHZ1	TSHZ1	TSHZ1	P	sig	beige	beige
4.23064227434871e-11	0.254038349077821	0.447	0.318	3.17793155722252e-06	P:r1@ZDHHC5	P:r1@ZDHHC5	P:r1@ZDHHC5	ZDHHC5	ZDHHC5	P	sig	beige	beige
1.26415054948005e-11	0.253868439015681	0.556	0.419	9.49591968252933e-07	D:r2@ADDG04054234437.B	D:r2@ADDG04054234437.B	D:r2@..437.B	..437.B	ADDG04054234437.B	D	sig	beige	beige
2.97233695806093e-16	0.253787311504342	0.999	0.997	2.23273035278663e-11	P:r1@TGFBI	P:r1@TGFBI	P:r1@TGFBI	TGFBI	TGFBI	P	sig	beige	beige
1.33702362823932e-14	-0.253656717522631	0.913	0.88	1.00433203882453e-09	P:r1@HINT2	P:r1@HINT2	P:r1@HINT2	HINT2	HINT2	P	sig	white	white
5.969742563848e-11	0.253523105123162	0.349	0.24	4.4842915216857e-06	P:r1@PARP10	P:r1@PARP10	P:r1@PARP10	PARP10	PARP10	P	sig	beige	beige
2.32386748446493e-28	0.25344015593129	0.973	0.923	1.74561953830552e-23	P:r1@TM9SF2	P:r1@TM9SF2	P:r1@TM9SF2	TM9SF2	TM9SF2	P	sig	beige	beige
2.14430553284543e-114	0.253363893110224	0.999	1	1.6107379871075e-109	P:r1@RPL21	P:r1@RPL21	P:r1@RPL21	RPL21	RPL21	P	sig	beige	beige
2.1526070173261e-12	0.252977904998567	0.546	0.407	1.61697381320485e-07	P:r1@TCF7L2	P:r1@TCF7L2	P:r1@TCF7L2	TCF7L2	TCF7L2	P	sig	beige	beige
3.25289031991021e-21	0.252606527280337	0.929	0.836	2.44347362160695e-16	P:r1@MARVELD1	P:r1@MARVELD1	P:r1@MARVELD1	MARVELD1	MARVELD1	P	sig	beige	beige
8.74068832047219e-10	0.252440320751703	0.23	0.15	6.56574284568909e-05	P:r1@GSTT2B	P:r1@GSTT2B	P:r1@GSTT2B	GSTT2B	GSTT2B	P	sig	beige	beige
8.79307968091584e-10	0.252328127593211	0.314	0.22	6.60509766391355e-05	P:r1@ADDG06031628146.R	P:r1@ADDG06031628146.R	P:r1@..146.R	..146.R	ADDG06031628146.R	P	sig	beige	beige
4.47767592237427e-08	0.252268044829743	0.174	0.112	0.00336349582260988	P:r1@TENT4A	P:r1@TENT4A	P:r1@TENT4A	TENT4A	TENT4A	P	sig	beige	beige
1.20975469370405e-07	0.2515820455055	0.165	0.107	0.00908731433269671	P:r1@ADDG14030936580.F	P:r1@ADDG14030936580.F	P:r1@..580.F	..580.F	ADDG14030936580.F	P	sig	beige	beige
1.55111212154933e-12	0.251378536762812	0.471	0.343	1.16514889234421e-07	P:r1@ARRDC3	P:r1@ARRDC3	P:r1@ARRDC3	ARRDC3	ARRDC3	P	sig	beige	beige
1.40339495697102e-09	0.251043809199786	0.373	0.266	0.000105418818982792	P:r1@WDR73	P:r1@WDR73	P:r1@WDR73	WDR73	WDR73	P	sig	beige	beige
3.822026698392e-10	0.250897131120787	0.536	0.412	2.87099179503112e-05	P:r1@BNC2	P:r1@BNC2	P:r1@BNC2	BNC2	BNC2	P	sig	beige	beige
3.82792301532085e-13	0.250886094402275	0.514	0.368	2.87542093141856e-08	P:r1@SLC38A6	P:r1@SLC38A6	P:r1@SLC38A6	SLC38A6	SLC38A6	P	sig	beige	beige
5.89117570417752e-09	0.250784355002239	0.665	0.546	0.000442527445370703	P:r1@PER1	P:r1@PER1	P:r1@PER1	PER1	PER1	P	sig	beige	beige
1.39775375506791e-10	0.250686549094915	0.337	0.233	1.04995068819436e-05	P:r1@ADDG03056647009.F	P:r1@ADDG03056647009.F	P:r1@..009.F	..009.F	ADDG03056647009.F	P	sig	beige	beige
1.47729555410064e-12	0.250544355373961	0.573	0.424	1.10970010137378e-07	P:r1@PIK3R2,r1@AC007192.1	P:r1@PIK3R2,r1@AC007192.1	P:r1@PIK3R2,r1@AC007192.1	PIK3R2	PIK3R2,AC007192.1	P	sig	beige	beige
5.24365777016784e-11	0.250399317923834	0.326	0.222	3.93887840721698e-06	P:r1@POLR3B	P:r1@POLR3B	P:r1@POLR3B	POLR3B	POLR3B	P	sig	beige	beige
1.85356965961227e-08	0.250252347903391	0.378	0.277	0.00139234592121095	D:r1@ADDG01148953824.B	D:r1@ADDG01148953824.B	D:r1@..824.B	..824.B	ADDG01148953824.B	D	sig	beige	beige
1.36644126926172e-09	0.250161191182471	0.396	0.286	0.000102642968823133	P:r1@KCTD10	P:r1@KCTD10	P:r1@KCTD10	KCTD10	KCTD10	P	sig	beige	beige
3.64576975617832e-09	1.5782523983304	0.032	0.008	0.000273859286774847	P:r1@PI4KAP1	P:r1@PI4KAP1	P:r1@PI4KAP1	PI4KAP1	PI4KAP1	P	not_sig	beige	not_sig
3.20112788218126e-08	1.28136152668155	0.031	0.009	0.0024045912312581	P:r1@RPL15P2	P:r1@RPL15P2	P:r1@RPL15P2	RPL15P2	RPL15P2	P	not_sig	beige	not_sig
8.66600324808803e-11	1.23996977084093	0.056	0.02	6.50964165986628e-06	P:r1@ADDG04113214094.F	P:r1@ADDG04113214094.F	P:r1@..094.F	..094.F	ADDG04113214094.F	P	not_sig	beige	not_sig
1.10057313117153e-08	1.22338695877723	0.029	0.007	0.000826717518942115	P:r1@SNRPEP2	P:r1@SNRPEP2	P:r1@SNRPEP2	SNRPEP2	SNRPEP2	P	not_sig	beige	not_sig
8.80945941580278e-09	1.18713237116194	0.039	0.013	0.000661740162936858	P:r1@EIF2S3B	P:r1@EIF2S3B	P:r1@EIF2S3B	EIF2S3B	EIF2S3B	P	not_sig	beige	not_sig
1.28110777752695e-14	1.02161837179578	0.086	0.033	9.62329729244921e-10	P:r1@EIF2S2P4	P:r1@EIF2S2P4	P:r1@EIF2S2P4	EIF2S2P4	EIF2S2P4	P	not_sig	beige	not_sig
8.0337549325865e-08	1.01255191868187	0.05	0.022	0.006034715692711	D:r1@ADDG21008446216.R	D:r1@ADDG21008446216.R	D:r1@..216.R	..216.R	ADDG21008446216.R	D	not_sig	beige	not_sig
9.85964010973835e-08	1.00369884081177	0.044	0.017	0.00740626586123216	P:r1@FGF7P6	P:r1@FGF7P6	P:r1@FGF7P6	FGF7P6	FGF7P6	P	not_sig	beige	not_sig
6.74408827092392e-08	0.971315629258769	0.052	0.022	0.00506595678646992	P:r1@MIR1244-2	P:r1@MIR1244-2	P:r1@MIR1244-2	MIR1244-2	MIR1244-2	P	not_sig	beige	not_sig
2.21421217012866e-11	0.967062477173233	0.075	0.032	1.66324975583555e-06	P:r1@RPSAP47	P:r1@RPSAP47	P:r1@RPSAP47	RPSAP47	RPSAP47	P	not_sig	beige	not_sig
1.27029863243932e-13	0.958486529343031	0.098	0.043	9.54210223729448e-09	P:r1@NPM1P27	P:r1@NPM1P27	P:r1@NPM1P27	NPM1P27	NPM1P27	P	not_sig	beige	not_sig
7.92824303951418e-09	0.930405988807504	0.065	0.03	0.000595545832399186	P:r1@EEF1DP1	P:r1@EEF1DP1	P:r1@EEF1DP1	EEF1DP1	EEF1DP1	P	not_sig	beige	not_sig
2.30913747412424e-11	0.925425686244785	0.074	0.031	1.73455479643791e-06	P:r1@RPL23AP65	P:r1@RPL23AP65	P:r1@RPL23AP65	RPL23AP65	RPL23AP65	P	not_sig	beige	not_sig
1.3282631029535e-08	0.925027008883585	0.047	0.018	0.00099775139504558	P:r1@ADGRL1	P:r1@ADGRL1	P:r1@ADGRL1	ADGRL1	ADGRL1	P	not_sig	beige	not_sig
5.57303134523607e-10	0.913751041953984	0.062	0.025	4.18629395560098e-05	P:r1@AL158801.5	P:r1@AL158801.5	P:r1@AL158801.5	AL158801.5	AL158801.5	P	not_sig	beige	not_sig
9.0692537787831e-14	0.895950495382772	0.104	0.046	6.8125513610085e-09	P:r1@AC007161.1	P:r1@AC007161.1	P:r1@AC007161.1	AC007161.1	AC007161.1	P	not_sig	beige	not_sig
2.47183346874916e-12	0.878352400340732	0.071	0.027	1.85676714672031e-07	P:r1@EIF4A1P10	P:r1@EIF4A1P10	P:r1@EIF4A1P10	EIF4A1P10	EIF4A1P10	P	not_sig	beige	not_sig
1.23627863125467e-11	0.858925827248429	0.092	0.042	9.28655419439567e-07	P:r1@HIST2H4B	P:r1@HIST2H4B	P:r1@HIST2H4B	HIST2H4B	HIST2H4B	P	not_sig	beige	not_sig
8.09697167471255e-11	0.826752053432052	0.099	0.049	6.08220221289382e-06	D:r2@ADDG02188996500.B	D:r2@ADDG02188996500.B	D:r2@..500.B	..500.B	ADDG02188996500.B	D	not_sig	beige	not_sig
7.8676729563857e-08	0.808281021326671	0.049	0.021	0.00590995989464825	P:r1@FP236315.1	P:r1@FP236315.1	P:r1@FP236315.1	FP236315.1	FP236315.1	P	not_sig	beige	not_sig
2.13150710200151e-11	0.791846745506798	0.08	0.034	1.60112418981047e-06	P:r1@AC211486.4,r1@GTF2IP1	P:r1@AC211486.4,r1@GTF2IP1	P:r1@AC211486.4,r1@GTF2IP1	AC211486.4	AC211486.4,GTF2IP1	P	not_sig	beige	not_sig
5.81891746217656e-09	0.788681671814455	0.092	0.048	0.000437099623006317	D:r1@ADDG12014882029.F	D:r1@ADDG12014882029.F	D:r1@..029.F	..029.F	ADDG12014882029.F	D	not_sig	beige	not_sig
3.36266047508933e-10	0.782029441140296	0.058	0.022	2.52592966907285e-05	P:r1@RPL21P28	P:r1@RPL21P28	P:r1@RPL21P28	RPL21P28	RPL21P28	P	not_sig	beige	not_sig
1.35794627046826e-12	0.773055936828913	0.111	0.054	1.02004849998764e-07	P:r1@AC242842.1,r1@AC242842.2,r2@LINC00869	P:r1@AC242842.1,r1@AC242842.2,r2@LINC00869	P:r1@AC242842.1,r1@AC242842.2,r2@LINC00869	AC242842.1	AC242842.1,AC242842.2,LINC00869	P	not_sig	beige	not_sig
2.92275466032829e-09	0.769386407060052	0.097	0.052	0.00021954856181988	D:r1@ADDG01120832969.F	D:r1@ADDG01120832969.F	D:r1@..969.F	..969.F	ADDG01120832969.F	D	not_sig	beige	not_sig
2.60323448877807e-09	0.755834325328123	0.057	0.023	0.000195547165093542	P:r1@PKP4	P:r1@PKP4	P:r1@PKP4	PKP4	PKP4	P	not_sig	beige	not_sig
1.99430950493082e-09	0.753900476559834	0.087	0.044	0.000149806547081888	D:r1@ADDG07135674323.R	D:r1@ADDG07135674323.R	D:r1@..323.R	..323.R	ADDG07135674323.R	D	not_sig	beige	not_sig
9.57153236326595e-10	0.746983927232979	0.094	0.048	7.18984796531449e-05	P:r1@ADDG0M000004321.R,r1@MT-TQ	P:r1@MT-TQ	P:r1@MT-TQ	MT-TQ	MT-TQ	P	not_sig	beige	not_sig
8.08831198627887e-15	0.744001021901511	0.115	0.052	6.0756973147331e-10	D:r1@ADDG06157906262.R	D:r1@ADDG06157906262.R	D:r1@..262.R	..262.R	ADDG06157906262.R	D	not_sig	beige	not_sig
1.12440951805447e-12	0.73355043521591	0.092	0.039	8.44622697676973e-08	P:r1@MTRNR2L12	P:r1@MTRNR2L12	P:r1@MTRNR2L12	MTRNR2L12	MTRNR2L12	P	not_sig	beige	not_sig
1.5145470730196e-08	0.724834189389015	0.063	0.029	0.00113768232484013	D:r1@ADDG09067726953.B	D:r1@ADDG09067726953.B	D:r1@..953.B	..953.B	ADDG09067726953.B	D	not_sig	beige	not_sig
2.81822075589259e-11	0.703992435496102	0.108	0.054	2.11696288520383e-06	P:r1@PTMAP4,r1@MIR1244-3	P:r1@PTMAP4,r1@MIR1244-3	P:r1@PTMAP4,r1@MIR1244-3	PTMAP4	PTMAP4,MIR1244-3	P	not_sig	beige	not_sig
3.24209498626385e-08	0.700927819864821	0.059	0.026	0.00243536449083182	D:r1@ADDG03129436903.F	D:r1@ADDG03129436903.F	D:r1@..903.F	..903.F	ADDG03129436903.F	D	not_sig	beige	not_sig
1.85100569601855e-11	0.699734319373762	0.105	0.052	1.39041994867825e-06	P:r1@FP671120.4	P:r1@FP671120.4	P:r1@FP671120.4	FP671120.4	FP671120.4	P	not_sig	beige	not_sig
6.08146964465589e-12	0.6831628845997	0.112	0.056	4.56821755297616e-07	P:r1@RPL12P12	P:r1@RPL12P12	P:r1@RPL12P12	RPL12P12	RPL12P12	P	not_sig	beige	not_sig
3.89121016450542e-11	0.675858624537745	0.117	0.061	2.92296033927154e-06	P:r1@YBX1P1	P:r1@YBX1P1	P:r1@YBX1P1	YBX1P1	YBX1P1	P	not_sig	beige	not_sig
4.63181799872925e-10	0.65365895121407	0.108	0.057	3.47928272610545e-05	P:r1@STMN3	P:r1@STMN3	P:r1@STMN3	STMN3	STMN3	P	not_sig	beige	not_sig
2.84507030176214e-08	0.652458319882774	0.087	0.046	0.00213713145857466	P:r1@ZNF597	P:r1@ZNF597	P:r1@ZNF597	ZNF597	ZNF597	P	not_sig	beige	not_sig
8.37634482347981e-10	0.650376366819432	0.102	0.054	6.29205894105333e-05	D:r1@ADDG04102888491.R	D:r1@ADDG04102888491.R	D:r1@..491.R	..491.R	ADDG04102888491.R	D	not_sig	beige	not_sig
5.07384637390805e-13	0.648014378681517	0.12	0.058	3.81132118068851e-08	P:r1@AC008026.1	P:r1@AC008026.1	P:r1@AC008026.1	AC008026.1	AC008026.1	P	not_sig	beige	not_sig
5.65119548915636e-08	0.64355134556351	0.085	0.046	0.00424500851558958	P:r1@AC004552.1	P:r1@AC004552.1	P:r1@AC004552.1	AC004552.1	AC004552.1	P	not_sig	beige	not_sig
1.23449209395734e-08	0.639151534396536	0.094	0.05	0.000927313426217936	D:r1@ADDG02074214472.B	D:r1@ADDG02074214472.B	D:r1@..472.B	..472.B	ADDG02074214472.B	D	not_sig	beige	not_sig
1.22965644869513e-08	0.628955720174067	0.1	0.055	0.000923681034566323	P:r1@ADDG21008205581.R	P:r1@ADDG21008205581.R	P:r1@..581.R	..581.R	ADDG21008205581.R	P	not_sig	beige	not_sig
1.09883108065861e-10	0.624009612339544	0.09	0.043	8.25408942858328e-06	P:r1@RPS2P7	P:r1@RPS2P7	P:r1@RPS2P7	RPS2P7	RPS2P7	P	not_sig	beige	not_sig
4.81721957627121e-12	0.621479908383071	0.123	0.063	3.61855082910764e-07	P:r1@PLEKHM1P1	P:r1@PLEKHM1P1	P:r1@PLEKHM1P1	PLEKHM1P1	PLEKHM1P1	P	not_sig	beige	not_sig
4.65183225090306e-11	0.589878753157661	0.118	0.062	3.49431683191085e-06	P:r1@RPL37AP1	P:r1@RPL37AP1	P:r1@RPL37AP1	RPL37AP1	RPL37AP1	P	not_sig	beige	not_sig
4.17526029234785e-11	0.584500794144913	0.123	0.065	3.13633027380294e-06	P:r1@HNRNPA3P6,r1@MIR4444-2,r1@AC117481.1	P:r1@HNRNPA3P6,r1@MIR4444-2,r1@AC117481.1	P:r1@HNRNPA3P6,r1@MIR4444-2,r1@AC117481.1	HNRNPA3P6	HNRNPA3P6,MIR4444-2,AC117481.1	P	not_sig	beige	not_sig
3.86181404352739e-09	0.584402126295584	0.077	0.037	0.000290087885507647	P:r1@RPS26P3	P:r1@RPS26P3	P:r1@RPS26P3	RPS26P3	RPS26P3	P	not_sig	beige	not_sig
5.41281185881886e-10	0.580467113705532	0.102	0.053	4.06594188398896e-05	P:r1@AC107032.1	P:r1@AC107032.1	P:r1@AC107032.1	AC107032.1	AC107032.1	P	not_sig	beige	not_sig
2.10481708137392e-13	0.5769812790845	0.121	0.058	1.58107544701565e-08	P:r1@EIF4BP7	P:r1@EIF4BP7	P:r1@EIF4BP7	EIF4BP7	EIF4BP7	P	not_sig	beige	not_sig
6.82959787096285e-10	0.57057404176029	0.102	0.053	5.13018903273116e-05	P:r1@RGPD5	P:r1@RGPD5	P:r1@RGPD5	RGPD5	RGPD5	P	not_sig	beige	not_sig
2.29883546897038e-11	0.56328485605675	0.103	0.05	1.72681623922648e-06	P:r1@MEX3B	P:r1@MEX3B	P:r1@MEX3B	MEX3B	MEX3B	P	not_sig	beige	not_sig
2.26001655724556e-08	0.56235348992722	0.105	0.059	0.00169765663730615	P:r1@PTPRU	P:r1@PTPRU	P:r1@PTPRU	PTPRU	PTPRU	P	not_sig	beige	not_sig
3.06514649082407e-09	0.560236378136209	0.082	0.04	0.000230244608951232	P:r2@CACNB3	P:r2@CACNB3	P:r2@CACNB3	CACNB3	CACNB3	P	not_sig	beige	not_sig
2.08435046997599e-08	0.555528032779807	0.1	0.056	0.00156570154253186	P:r1@ZHX2	P:r1@ZHX2	P:r1@ZHX2	ZHX2	ZHX2	P	not_sig	beige	not_sig
6.13335319994305e-09	0.547735744915743	0.094	0.05	0.000460719092320122	P:r1@ADDG13047954419.F	P:r1@ADDG13047954419.F	P:r1@..419.F	..419.F	ADDG13047954419.F	P	not_sig	beige	not_sig
1.41663489644219e-09	0.541111705566742	0.107	0.058	0.000106413363516048	D:r1@ADDG01144814027.R	D:r1@ADDG01144814027.R	D:r1@..027.R	..027.R	ADDG01144814027.R	D	not_sig	beige	not_sig
1.20078324119088e-10	0.533699257296671	0.116	0.061	9.0199234728535e-06	P:r1@CREBRF	P:r1@CREBRF	P:r1@CREBRF	CREBRF	CREBRF	P	not_sig	beige	not_sig
6.57873549536759e-11	0.525570246860378	0.124	0.066	4.94174874205527e-06	P:r1@AC012085.1	P:r1@AC012085.1	P:r1@AC012085.1	AC012085.1	AC012085.1	P	not_sig	beige	not_sig
1.23549864837973e-08	0.524367113789749	0.082	0.042	0.000928069519703405	P:r1@FBRSL1	P:r1@FBRSL1	P:r1@FBRSL1	FBRSL1	FBRSL1	P	not_sig	beige	not_sig
2.93791179886087e-09	0.517174547102275	0.099	0.052	0.000220687120595032	P:r1@MT2P1	P:r1@MT2P1	P:r1@MT2P1	MT2P1	MT2P1	P	not_sig	beige	not_sig
7.28274953317131e-11	0.511712746114654	0.129	0.07	5.47058296683229e-06	P:r1@ZCCHC2	P:r1@ZCCHC2	P:r1@ZCCHC2	ZCCHC2	ZCCHC2	P	not_sig	beige	not_sig
1.96752316860806e-09	0.510570098138553	0.111	0.061	0.000147794437856332	D:r1@ADDG10015130149.F	D:r1@ADDG10015130149.F	D:r1@..149.F	..149.F	ADDG10015130149.F	D	not_sig	beige	not_sig
8.73763730402764e-08	0.504708791086893	0.094	0.053	0.00656345101366645	P:r1@SLX4	P:r1@SLX4	P:r1@SLX4	SLX4	SLX4	P	not_sig	beige	not_sig
2.06621139794361e-08	0.503797115458418	0.125	0.074	0.0015520760157933	D:r1@ADDG15049425746.R	D:r1@ADDG15049425746.R	D:r1@..746.R	..746.R	ADDG15049425746.R	D	not_sig	beige	not_sig
2.21054476917747e-08	0.503551542349506	0.105	0.059	0.00166049491426304	P:r1@TYRO3	P:r1@TYRO3	P:r1@TYRO3	TYRO3	TYRO3	P	not_sig	beige	not_sig
2.17959033865262e-08	0.503523208511736	0.096	0.052	0.00163724287468568	P:r1@FAM27C	P:r1@FAM27C	P:r1@FAM27C	FAM27C	FAM27C	P	not_sig	beige	not_sig
1.18991683813397e-07	0.499366330110187	0.112	0.067	0.00893829831301094	P:r1@SLC36A1	P:r1@SLC36A1	P:r1@SLC36A1	SLC36A1	SLC36A1	P	not_sig	beige	not_sig
3.25657157730557e-09	0.497976862407543	0.124	0.072	0.000244623887172462	D:r1@ADDG09063704360.R	D:r1@ADDG09063704360.R	D:r1@..360.R	..360.R	ADDG09063704360.R	D	not_sig	beige	not_sig
1.05012324424252e-10	0.486403851035084	0.129	0.07	7.88821077377651e-06	P:r1@SRP9P1	P:r1@SRP9P1	P:r1@SRP9P1	SRP9P1	SRP9P1	P	not_sig	beige	not_sig
9.34972643753639e-08	0.481461692293092	0.115	0.07	0.00702323400808421	P:r1@CYP27A1	P:r1@CYP27A1	P:r1@CYP27A1	CYP27A1	CYP27A1	P	not_sig	beige	not_sig
4.52770977058183e-10	0.478321753583958	0.128	0.072	3.40107974836795e-05	P:r1@SNRPGP10	P:r1@SNRPGP10	P:r1@SNRPGP10	SNRPGP10	SNRPGP10	P	not_sig	beige	not_sig
2.77216761086979e-09	0.468456612977649	0.126	0.073	0.000208236914425706	P:r1@EIF1AXP1	P:r1@EIF1AXP1	P:r1@EIF1AXP1	EIF1AXP1	EIF1AXP1	P	not_sig	beige	not_sig
3.69382278996057e-08	0.46792056731137	0.121	0.072	0.00277468886513468	P:r1@MINDY1	P:r1@MINDY1	P:r1@MINDY1	MINDY1	MINDY1	P	not_sig	beige	not_sig
1.29641231590133e-07	0.452511536509205	0.111	0.065	0.00973826039335605	P:r1@TPI1P1	P:r1@TPI1P1	P:r1@TPI1P1	TPI1P1	TPI1P1	P	not_sig	beige	not_sig
1.30416135655489e-09	0.441820037037704	0.124	0.07	9.7964688620334e-05	P:r1@ATP13A2	P:r1@ATP13A2	P:r1@ATP13A2	ATP13A2	ATP13A2	P	not_sig	beige	not_sig
8.65407866873553e-08	0.419691748446054	0.118	0.071	0.00650068427359407	D:r1@ADDG07006692666.F	D:r1@ADDG07006692666.F	D:r1@..666.F	..666.F	ADDG07006692666.F	D	not_sig	beige	not_sig
2.51691576587757e-08	0.41496890104765	0.103	0.058	0.00189063161585425	P:r1@TOMM40L	P:r1@TOMM40L	P:r1@TOMM40L	TOMM40L	TOMM40L	P	not_sig	beige	not_sig
9.43851489323047e-08	0.370793647269505	0.11	0.065	0.00708992923234794	P:r1@ARID5A	P:r1@ARID5A	P:r1@ARID5A	ARID5A	ARID5A	P	not_sig	beige	not_sig
2.55215349681442e-08	0.366207824475598	0.113	0.065	0.00191710114220208	P:r1@ZC4H2	P:r1@ZC4H2	P:r1@ZC4H2	ZC4H2	ZC4H2	P	not_sig	beige	not_sig
4.9116960418649e-08	0.364524133315216	0.102	0.057	0.00368951871576765	P:r1@ADDG06030571322.R	P:r1@ADDG06030571322.R	P:r1@..322.R	..322.R	ADDG06030571322.R	P	not_sig	beige	not_sig
1.02242281965524e-07	0.360761343611667	0.115	0.068	0.0076801334944043	D:r1@ADDG21007379393.R	D:r1@ADDG21007379393.R	D:r1@..393.R	..393.R	ADDG21007379393.R	D	not_sig	beige	not_sig
1.06738862780616e-07	0.358201725602626	0.123	0.074	0.00801790315549155	D:r1@ADDG02190673127.R	D:r1@ADDG02190673127.R	D:r1@..127.R	..127.R	ADDG02190673127.R	D	not_sig	beige	not_sig
5.13203819900837e-08	0.34615845595949	0.108	0.062	0.00385503313394912	D:r1@ADDG02179262252.F	D:r1@ADDG02179262252.F	D:r1@..252.F	..252.F	ADDG02179262252.F	D	not_sig	beige	not_sig
5.49945801480713e-09	0.249910881412508	0.34	0.242	0.000413102787698267	P:r1@NLGN2	P:r1@NLGN2	P:r1@NLGN2	NLGN2	NLGN2	P	not_sig	beige	not_sig
7.47957707420469e-12	0.249555859402859	0.638	0.489	5.61843391083033e-07	P:r1@PPT1	P:r1@PPT1	P:r1@PPT1	PPT1	PPT1	P	not_sig	beige	not_sig
1.30373862582846e-11	-0.249491301369634	0.929	0.913	9.79329343563567e-07	P:r1@S100A4	P:r1@S100A4	P:r1@S100A4	S100A4	S100A4	P	not_sig	white	not_sig
1.0696999322068e-13	0.248927608157723	0.748	0.604	8.03526498075782e-09	P:r1@CASP3	P:r1@CASP3	P:r1@CASP3	CASP3	CASP3	P	not_sig	beige	not_sig
1.95337920811023e-08	0.248903878045496	0.218	0.145	0.00146731985975616	P:r1@LRRC45	P:r1@LRRC45	P:r1@LRRC45	LRRC45	LRRC45	P	not_sig	beige	not_sig
1.20049812038635e-08	0.248669308225796	0.527	0.412	0.000901778173090614	P:r1@ASB13	P:r1@ASB13	P:r1@ASB13	ASB13	ASB13	P	not_sig	beige	not_sig
2.51095465444364e-08	0.248628082882752	0.253	0.175	0.00188615380777843	P:r1@TAOK2	P:r1@TAOK2	P:r1@TAOK2	TAOK2	TAOK2	P	not_sig	beige	not_sig
4.64705935223151e-10	0.248618277833139	0.389	0.279	3.49073157361575e-05	P:r1@CHKA	P:r1@CHKA	P:r1@CHKA	CHKA	CHKA	P	not_sig	beige	not_sig
1.90962220328249e-09	0.248610234327152	0.286	0.196	0.000143445091043971	P:r1@WDR24	P:r1@WDR24	P:r1@WDR24	WDR24	WDR24	P	not_sig	beige	not_sig
5.70142723194415e-12	0.248563995454401	0.456	0.322	4.28274109381948e-07	P:r1@POLRMT	P:r1@POLRMT	P:r1@POLRMT	POLRMT	POLRMT	P	not_sig	beige	not_sig
2.32173607378479e-11	0.248515869662496	0.81	0.691	1.74401848654492e-06	P:r1@FOXO3	P:r1@FOXO3	P:r1@FOXO3	FOXO3	FOXO3	P	not_sig	beige	not_sig
7.19884324849643e-12	0.248225292131248	0.475	0.34	5.40755508297306e-07	P:r1@PRPF18	P:r1@PRPF18	P:r1@PRPF18	PRPF18	PRPF18	P	not_sig	beige	not_sig
1.899577708775e-09	0.248154731131874	0.402	0.298	0.000142690578750052	D:r1@ADDG02070277379.B	D:r1@ADDG02070277379.B	D:r1@..379.B	..379.B	ADDG02070277379.B	D	not_sig	beige	not_sig
4.27196177917584e-12	0.248016849666996	0.652	0.512	3.20896952966351e-07	P:r1@NOMO3	P:r1@NOMO3	P:r1@NOMO3	NOMO3	NOMO3	P	not_sig	beige	not_sig
4.90349825613368e-09	0.247799602193956	0.306	0.216	0.000368336078505993	P:r1@NUP85	P:r1@NUP85	P:r1@NUP85	NUP85	NUP85	P	not_sig	beige	not_sig
3.11900089919899e-10	0.247735992317399	0.329	0.229	2.3428999054513e-05	P:r1@ATAT1	P:r1@ATAT1	P:r1@ATAT1	ATAT1	ATAT1	P	not_sig	beige	not_sig
6.62518304189094e-10	0.247201970776532	0.255	0.169	4.97663874557722e-05	P:r1@UTP25	P:r1@UTP25	P:r1@UTP25	UTP25	UTP25	P	not_sig	beige	not_sig
2.07043183391622e-09	0.246952248253502	0.346	0.247	0.000155524628068285	P:r1@LINC00680,r1@AL021368.4	P:r1@LINC00680,r1@AL021368.4	P:r1@LINC00680,r1@AL021368.4	AL021368.4	LINC00680,AL021368.4	P	not_sig	beige	not_sig
3.37693680432913e-10	0.246737857754831	0.288	0.195	2.53665361930791e-05	P:r1@PYGO2	P:r1@PYGO2	P:r1@PYGO2	PYGO2	PYGO2	P	not_sig	beige	not_sig
9.48700131602763e-11	0.246494368132629	0.388	0.275	7.12635077856048e-06	P:r1@ZNF3	P:r1@ZNF3	P:r1@ZNF3	ZNF3	ZNF3	P	not_sig	beige	not_sig
9.96715099395275e-16	-0.246469795612303	0.959	0.962	7.48702481212748e-11	P:r1@FOS	P:r1@FOS	P:r1@FOS	FOS	FOS	P	not_sig	white	not_sig
7.48978689459144e-15	0.246322614394323	0.856	0.754	5.62610322161025e-10	P:r1@LTBP3	P:r1@LTBP3	P:r1@LTBP3	LTBP3	LTBP3	P	not_sig	beige	not_sig
9.94877874834877e-08	0.24629922741181	0.395	0.302	0.00747322413239715	D:r1@ADDG05179114090.B	D:r1@ADDG05179114090.B	D:r1@..090.B	..090.B	ADDG05179114090.B	D	not_sig	beige	not_sig
1.07749373236778e-13	0.24626238159491	0.827	0.719	8.09380966942703e-09	P:r1@POMGNT2	P:r1@POMGNT2	P:r1@POMGNT2	POMGNT2	POMGNT2	P	not_sig	beige	not_sig
1.41988064912965e-11	0.246226963689471	0.495	0.358	1.06657174720672e-06	P:r1@SGSM3	P:r1@SGSM3	P:r1@SGSM3	SGSM3	SGSM3	P	not_sig	beige	not_sig
1.56937694250045e-09	0.24607856672692	0.305	0.21	0.000117886887789807	P:r1@C16orf70	P:r1@C16orf70	P:r1@C16orf70	C16orf70	C16orf70	P	not_sig	beige	not_sig
3.17679807349371e-11	0.245918952934276	0.372	0.257	2.38631540886627e-06	P:r1@CEPT1	P:r1@CEPT1	P:r1@CEPT1	CEPT1	CEPT1	P	not_sig	beige	not_sig
6.99959030635585e-15	0.245876446435792	0.836	0.71	5.25788225042532e-10	P:r1@DPYD	P:r1@DPYD	P:r1@DPYD	DPYD	DPYD	P	not_sig	beige	not_sig
7.25209055614808e-09	0.245732199451112	0.229	0.153	0.000544755286306175	D:r1@ADDG07005397380.R	D:r1@ADDG07005397380.R	D:r1@..380.R	..380.R	ADDG07005397380.R	D	not_sig	beige	not_sig
7.05926426663005e-09	0.245534748933414	0.372	0.273	0.000530270753916449	P:r1@FOXF2	P:r1@FOXF2	P:r1@FOXF2	FOXF2	FOXF2	P	not_sig	beige	not_sig
1.18131506331885e-17	0.2448978949397	0.861	0.73	8.8736843611322e-13	P:r1@RAD21,r1@MIR3610	P:r1@RAD21,r1@MIR3610	P:r1@RAD21,r1@MIR3610	RAD21	RAD21,MIR3610	P	not_sig	beige	not_sig
1.15147382175995e-12	0.244888648405142	0.409	0.281	8.64952590691421e-08	P:r1@CDC25B	P:r1@CDC25B	P:r1@CDC25B	CDC25B	CDC25B	P	not_sig	beige	not_sig
6.15071644152667e-13	0.244742740400786	0.636	0.485	4.62023366938159e-08	P:r1@MIDN	P:r1@MIDN	P:r1@MIDN	MIDN	MIDN	P	not_sig	beige	not_sig
1.09762275891718e-10	0.244702447219791	0.521	0.386	8.2450128781582e-06	P:r1@STIMATE,r1@STIMATE-MUSTN1	P:r1@STIMATE,r1@STIMATE-MUSTN1	P:r1@STIMATE,r1@STIMATE-MUSTN1	STIMATE	STIMATE,STIMATE-MUSTN1	P	not_sig	beige	not_sig
4.84398583027864e-08	0.243140245256328	0.494	0.383	0.00363865683613041	D:r1@ADDG07066286645.B	D:r1@ADDG07066286645.B	D:r1@..645.B	..645.B	ADDG07066286645.B	D	not_sig	beige	not_sig
5.98329121284848e-11	0.243077055456987	0.429	0.307	4.49446886035539e-06	P:r1@MED16	P:r1@MED16	P:r1@MED16	MED16	MED16	P	not_sig	beige	not_sig
6.13930275609533e-08	0.243048974219188	0.305	0.217	0.00461166005129613	P:r1@FBXL20	P:r1@FBXL20	P:r1@FBXL20	FBXL20	FBXL20	P	not_sig	beige	not_sig
1.05354959455315e-09	0.242901376804994	0.477	0.353	7.91394848940492e-05	P:r1@RHOT1	P:r1@RHOT1	P:r1@RHOT1	RHOT1	RHOT1	P	not_sig	beige	not_sig
4.90131079280785e-08	0.242735372085748	0.182	0.118	0.00368171762823347	P:r1@NFYA	P:r1@NFYA	P:r1@NFYA	NFYA	NFYA	P	not_sig	beige	not_sig
3.3537647697682e-19	0.242686379407618	0.921	0.828	2.51924748210678e-14	P:r1@PGRMC2	P:r1@PGRMC2	P:r1@PGRMC2	PGRMC2	PGRMC2	P	not_sig	beige	not_sig
1.62335964600831e-09	0.242682774811822	0.226	0.148	0.000121941906529206	P:r1@AC008758.1,r1@ZNF564	P:r1@AC008758.1,r1@ZNF564	P:r1@AC008758.1,r1@ZNF564	AC008758.1	AC008758.1,ZNF564	P	not_sig	beige	not_sig
8.02196425019512e-13	0.242634627305577	0.693	0.542	6.02585888581907e-08	P:r1@ACVR1	P:r1@ACVR1	P:r1@ACVR1	ACVR1	ACVR1	P	not_sig	beige	not_sig
3.10069882705077e-09	0.24247324652363	0.305	0.214	0.000232915193791573	P:r1@ELF4	P:r1@ELF4	P:r1@ELF4	ELF4	ELF4	P	not_sig	beige	not_sig
2.44545246637928e-10	0.242331927537144	0.422	0.304	1.83695052917013e-05	P:r1@POM121C	P:r1@POM121C	P:r1@POM121C	POM121C	POM121C	P	not_sig	beige	not_sig
7.94279803023817e-13	0.24168520107763	0.755	0.597	5.96639159637401e-08	P:r1@MRPS27	P:r1@MRPS27	P:r1@MRPS27	MRPS27	MRPS27	P	not_sig	beige	not_sig
3.68590190575764e-34	-0.241588951252711	1	1	2.76873893454796e-29	P:r1@ADDG0X002692186.B,r1@CD99	P:r1@ADDG0X002692186.B,r1@CD99	P:r1@..186.B,r1@CD99	..186.B	ADDG0X002692186.B,CD99	P	not_sig	white	not_sig
1.93733883208486e-08	0.241158283845466	0.244	0.168	0.00145527081049718	D:r1@ADDG03187729608.B	D:r1@ADDG03187729608.B	D:r1@..608.B	..608.B	ADDG03187729608.B	D	not_sig	beige	not_sig
1.5111146999632e-12	0.241081381540431	0.764	0.629	1.13510402917135e-07	P:r1@ANKRD17	P:r1@ANKRD17	P:r1@ANKRD17	ANKRD17	ANKRD17	P	not_sig	beige	not_sig
1.46981811256533e-11	-0.241044140782644	0.86	0.827	1.1040832716157e-06	P:r2@RPS14	P:r2@RPS14	P:r2@RPS14	RPS14	RPS14	P	not_sig	white	not_sig
6.68785145803702e-39	0.241019772723182	0.997	0.989	5.02371337973367e-34	P:r1@HNRNPK	P:r1@HNRNPK	P:r1@HNRNPK	HNRNPK	HNRNPK	P	not_sig	beige	not_sig
6.64576886496951e-08	0.240814568792725	0.235	0.161	0.00499210219829914	P:r1@CBFA2T2	P:r1@CBFA2T2	P:r1@CBFA2T2	CBFA2T2	CBFA2T2	P	not_sig	beige	not_sig
1.2607299384903e-11	0.240151666652201	0.602	0.46	9.47022507895758e-07	P:r1@POLDIP3	P:r1@POLDIP3	P:r1@POLDIP3	POLDIP3	POLDIP3	P	not_sig	beige	not_sig
8.71821369669899e-24	0.239736674711673	0.999	0.998	6.54886058254938e-19	P:r1@MMP2	P:r1@MMP2	P:r1@MMP2	MMP2	MMP2	P	not_sig	beige	not_sig
7.84968718569868e-15	0.239562430692039	0.735	0.581	5.89644952328128e-10	P:r1@KPNA4	P:r1@KPNA4	P:r1@KPNA4	KPNA4	KPNA4	P	not_sig	beige	not_sig
2.20077230918172e-08	0.239534425339689	0.208	0.137	0.00165315413548803	P:r1@ZNF473	P:r1@ZNF473	P:r1@ZNF473	ZNF473	ZNF473	P	not_sig	beige	not_sig
7.57440316430657e-12	0.239419485749437	0.275	0.176	5.68966442493217e-07	P:r1@MOV10	P:r1@MOV10	P:r1@MOV10	MOV10	MOV10	P	not_sig	beige	not_sig
1.87466287745187e-09	0.238952812394008	0.275	0.187	0.000140819051365552	P:r1@PITPNM1	P:r1@PITPNM1	P:r1@PITPNM1	PITPNM1	PITPNM1	P	not_sig	beige	not_sig
2.43339762750658e-08	0.23882543900472	0.2	0.132	0.00182789529585412	P:r1@TTLL11	P:r1@TTLL11	P:r1@TTLL11	TTLL11	TTLL11	P	not_sig	beige	not_sig
1.61982582574902e-11	0.238792855818456	0.635	0.496	1.21676456552789e-06	P:r1@NSMF	P:r1@NSMF	P:r1@NSMF	NSMF	NSMF	P	not_sig	beige	not_sig
1.78440853347446e-09	0.238749761553097	0.557	0.423	0.000134039415809001	P:r1@CSGALNACT2	P:r1@CSGALNACT2	P:r1@CSGALNACT2	CSGALNACT2	CSGALNACT2	P	not_sig	beige	not_sig
4.94924789548659e-57	0.238721529900356	0.999	0.996	3.71772654165267e-52	P:r1@RPL41P5	P:r1@RPL41P5	P:r1@RPL41P5	RPL41P5	RPL41P5	P	not_sig	beige	not_sig
3.69329725306437e-09	0.238647266109146	0.268	0.181	0.000277429409758437	P:r1@MCU	P:r1@MCU	P:r1@MCU	MCU	MCU	P	not_sig	beige	not_sig
4.07952452706883e-11	0.238616647261322	0.257	0.166	3.06441643899829e-06	P:r1@PDE7A	P:r1@PDE7A	P:r1@PDE7A	PDE7A	PDE7A	P	not_sig	beige	not_sig
4.539424558207e-13	0.238562794015141	0.425	0.288	3.40987954538836e-08	P:r1@PSPC1	P:r1@PSPC1	P:r1@PSPC1	PSPC1	PSPC1	P	not_sig	beige	not_sig
1.94018805761038e-08	0.238535713702142	0.25	0.17	0.00145741106323519	P:r2@MARK4	P:r2@MARK4	P:r2@MARK4	MARK4	MARK4	P	not_sig	beige	not_sig
1.09772901686996e-09	0.238470154335325	0.306	0.209	8.24581105602205e-05	P:r1@FAM168A	P:r1@FAM168A	P:r1@FAM168A	FAM168A	FAM168A	P	not_sig	beige	not_sig
1.1984830390508e-07	0.238372935448295	0.196	0.132	0.00900264504443788	P:r2@PTPRM	P:r2@PTPRM	P:r2@PTPRM	PTPRM	PTPRM	P	not_sig	beige	not_sig
3.68271974041387e-10	0.238248735327142	0.291	0.196	2.76634858740668e-05	D:r1@ADDG07112821781.F	D:r1@ADDG07112821781.F	D:r1@..781.F	..781.F	ADDG07112821781.F	D	not_sig	beige	not_sig
5.70147471031533e-08	0.238237564750143	0.262	0.183	0.00428277675814757	P:r1@PPP2R5B	P:r1@PPP2R5B	P:r1@PPP2R5B	PPP2R5B	PPP2R5B	P	not_sig	beige	not_sig
4.91972466937091e-09	0.23818089137268	0.262	0.179	0.000369554957989135	P:r1@PFAS	P:r1@PFAS	P:r1@PFAS	PFAS	PFAS	P	not_sig	beige	not_sig
2.55297312745338e-11	0.238103617317088	0.69	0.549	1.91771682414916e-06	P:r1@BAG6	P:r1@BAG6	P:r1@BAG6	BAG6	BAG6	P	not_sig	beige	not_sig
3.69191062768229e-08	0.238099399392631	0.715	0.592	0.00277325250619611	P:r1@FBXO42	P:r1@FBXO42	P:r1@FBXO42	FBXO42	FBXO42	P	not_sig	beige	not_sig
1.17188498684343e-10	0.237769242108098	0.8	0.681	8.80284845567182e-06	P:r1@KLF15	P:r1@KLF15	P:r1@KLF15	KLF15	KLF15	P	not_sig	beige	not_sig
4.3988600262559e-11	0.23771977993262	0.566	0.422	3.30429168592264e-06	P:r1@SELENON	P:r1@SELENON	P:r1@SELENON	SELENON	SELENON	P	not_sig	beige	not_sig
8.25579161203847e-11	0.237679454552204	0.462	0.333	6.20150298521494e-06	P:r1@ATMIN	P:r1@ATMIN	P:r1@ATMIN	ATMIN	ATMIN	P	not_sig	beige	not_sig
7.37429114521825e-09	0.237135892439278	0.336	0.242	0.000553934627955359	P:r1@SNED1	P:r1@SNED1	P:r1@SNED1	SNED1	SNED1	P	not_sig	beige	not_sig
1.95965024405576e-10	0.237000615130516	0.342	0.236	1.47203047382737e-05	P:r1@PPT2,r1@PPT2-EGFL8	P:r1@PPT2,r1@PPT2-EGFL8	P:r1@PPT2,r1@PPT2-EGFL8	PPT2	PPT2,PPT2-EGFL8	P	not_sig	beige	not_sig
1.89223506988961e-11	0.236962114394554	0.547	0.4	1.42139021744898e-06	P:r1@STK3	P:r1@STK3	P:r1@STK3	STK3	STK3	P	not_sig	beige	not_sig
1.90297348581178e-11	0.236845410537371	0.386	0.268	1.42945659333724e-06	P:r1@ADDG20036497031.R	P:r1@ADDG20036497031.R	P:r1@..031.R	..031.R	ADDG20036497031.R	P	not_sig	beige	not_sig
4.39378339458484e-10	0.23684491678838	0.514	0.384	3.3004782725103e-05	D:r1@ADDG19036016070.B	D:r1@ADDG19036016070.B	D:r1@..070.B	..070.B	ADDG19036016070.B	D	not_sig	beige	not_sig
8.83184928487618e-09	0.236836250039548	0.219	0.145	0.000663422022732044	P:r2@MGAT1	P:r2@MGAT1	P:r2@MGAT1	MGAT1	MGAT1	P	not_sig	beige	not_sig
1.88379342137375e-10	0.236822940007281	0.518	0.385	1.41504910433332e-05	P:r1@MMS19	P:r1@MMS19	P:r1@MMS19	MMS19	MMS19	P	not_sig	beige	not_sig
6.76947510980735e-08	0.236817906862241	0.209	0.141	0.00508502661823398	P:r1@ZNF598	P:r1@ZNF598	P:r1@ZNF598	ZNF598	ZNF598	P	not_sig	beige	not_sig
1.08157432181648e-07	0.236689268498258	0.261	0.184	0.00812446183318883	D:r1@ADDG14053091886.F	D:r1@ADDG14053091886.F	D:r1@..886.F	..886.F	ADDG14053091886.F	D	not_sig	beige	not_sig
9.88089773693961e-12	0.236288614067913	0.363	0.245	7.42223395305692e-07	P:r1@PNPLA6	P:r1@PNPLA6	P:r1@PNPLA6	PNPLA6	PNPLA6	P	not_sig	beige	not_sig
5.69559194406735e-11	0.236039932021868	0.458	0.326	4.27835780062507e-06	P:r1@DGCR2	P:r1@DGCR2	P:r1@DGCR2	DGCR2	DGCR2	P	not_sig	beige	not_sig
4.27945833134657e-11	0.235759599639445	0.289	0.192	3.2146007147576e-06	P:r1@SLC25A22	P:r1@SLC25A22	P:r1@SLC25A22	SLC25A22	SLC25A22	P	not_sig	beige	not_sig
2.23872145911063e-11	0.235661484545773	0.915	0.861	1.68166039844014e-06	P:r1@COL18A1	P:r1@COL18A1	P:r1@COL18A1	COL18A1	COL18A1	P	not_sig	beige	not_sig
1.0047480084988e-07	0.235646180647821	0.193	0.129	0.00754736561544047	P:r1@FKRP	P:r1@FKRP	P:r1@FKRP	FKRP	FKRP	P	not_sig	beige	not_sig
2.57652333213988e-08	0.235621418761334	0.298	0.212	0.00193540703140351	P:r1@RFTN2	P:r1@RFTN2	P:r1@RFTN2	RFTN2	RFTN2	P	not_sig	beige	not_sig
1.11602766326639e-08	0.235535449462729	0.215	0.143	0.000838326499815815	P:r1@EARS2	P:r1@EARS2	P:r1@EARS2	EARS2	EARS2	P	not_sig	beige	not_sig
7.65191676679876e-08	0.235477897347882	0.282	0.203	0.00574789031771622	P:r1@FAM219A	P:r1@FAM219A	P:r1@FAM219A	FAM219A	FAM219A	P	not_sig	beige	not_sig
3.30374874651399e-14	0.235455102061442	0.822	0.69	2.48167694591891e-09	P:r1@PRRC2A	P:r1@PRRC2A	P:r1@PRRC2A	PRRC2A	PRRC2A	P	not_sig	beige	not_sig
1.08438614407828e-41	-0.235337574059435	0.998	0.996	8.14558339847284e-37	P:r1@MRPL41	P:r1@MRPL41	P:r1@MRPL41	MRPL41	MRPL41	P	not_sig	white	not_sig
1.17946675620597e-09	0.235208390538027	0.397	0.284	8.85980043259237e-05	P:r1@RAVER1	P:r1@RAVER1	P:r1@RAVER1	RAVER1	RAVER1	P	not_sig	beige	not_sig
1.52342968492845e-08	0.235176940908833	0.309	0.218	0.0011443546764277	P:r1@AGO2	P:r1@AGO2	P:r1@AGO2	AGO2	AGO2	P	not_sig	beige	not_sig
6.03503989464429e-08	0.235089130363298	0.297	0.214	0.00453334091765995	P:r1@ADDG02113584554.B	P:r1@ADDG02113584554.B	P:r1@..554.B	..554.B	ADDG02113584554.B	P	not_sig	beige	not_sig
1.53933282828606e-14	0.23501273721715	0.972	0.968	1.15630064062364e-09	P:r1@BGN	P:r1@BGN	P:r1@BGN	BGN	BGN	P	not_sig	beige	not_sig
7.60953907394954e-09	0.234962552651234	0.213	0.139	0.000571605746617868	P:r1@ZSWIM1	P:r1@ZSWIM1	P:r1@ZSWIM1	ZSWIM1	ZSWIM1	P	not_sig	beige	not_sig
8.04135590790131e-11	0.234939246061403	0.306	0.207	6.04042531733822e-06	D:r1@ADDG13113640397.R	D:r1@ADDG13113640397.R	D:r1@..397.R	..397.R	ADDG13113640397.R	D	not_sig	beige	not_sig
1.80727623287197e-11	0.234839547082176	0.582	0.431	1.35757168784644e-06	P:r1@EXOSC10	P:r1@EXOSC10	P:r1@EXOSC10	EXOSC10	EXOSC10	P	not_sig	beige	not_sig
2.24935704729742e-11	0.234626970395879	0.634	0.492	1.68964953321841e-06	P:r1@HDAC7	P:r1@HDAC7	P:r1@HDAC7	HDAC7	HDAC7	P	not_sig	beige	not_sig
2.03479635881659e-08	0.234422634310065	0.253	0.174	0.00152847798085226	P:r1@SPATA5L1	P:r1@SPATA5L1	P:r1@SPATA5L1	SPATA5L1	SPATA5L1	P	not_sig	beige	not_sig
6.58472783987668e-08	0.23431784184182	0.269	0.189	0.00494625001148017	P:r1@GAREM1	P:r1@GAREM1	P:r1@GAREM1	GAREM1	GAREM1	P	not_sig	beige	not_sig
6.71597085074479e-10	0.234254113408493	0.327	0.226	5.04483582395396e-05	P:r1@VPS11	P:r1@VPS11	P:r1@VPS11	VPS11	VPS11	P	not_sig	beige	not_sig
4.6646698086759e-10	0.23406047011265	0.661	0.527	3.50396002018308e-05	P:r1@SUPT5H	P:r1@SUPT5H	P:r1@SUPT5H	SUPT5H	SUPT5H	P	not_sig	beige	not_sig
2.03587008615216e-11	0.234004698355331	0.554	0.414	1.52928453261492e-06	P:r1@KCTD3	P:r1@KCTD3	P:r1@KCTD3	KCTD3	KCTD3	P	not_sig	beige	not_sig
1.19449399477313e-08	0.233979857642354	0.332	0.236	0.000897268054053731	P:r1@PLCD3	P:r1@PLCD3	P:r1@PLCD3	PLCD3	PLCD3	P	not_sig	beige	not_sig
1.16865719921157e-08	0.233964502889399	0.442	0.336	0.000877860228331752	D:r1@ADDG07139626694.F	D:r1@ADDG07139626694.F	D:r1@..694.F	..694.F	ADDG07139626694.F	D	not_sig	beige	not_sig
7.94473869920824e-15	-0.233929272558495	0.946	0.93	5.96784936868425e-10	P:r1@TLN1	P:r1@TLN1	P:r1@TLN1	TLN1	TLN1	P	not_sig	white	not_sig
4.43822410509775e-12	0.233639774217029	0.606	0.45	3.33386080102628e-07	P:r1@RANBP9	P:r1@RANBP9	P:r1@RANBP9	RANBP9	RANBP9	P	not_sig	beige	not_sig
7.61903317949568e-11	0.233293503167258	0.37	0.257	5.72318915344177e-06	P:r1@PPP1R37	P:r1@PPP1R37	P:r1@PPP1R37	PPP1R37	PPP1R37	P	not_sig	beige	not_sig
4.92595102101148e-08	0.233222888300714	0.263	0.183	0.0037002266284532	P:r1@CLUH	P:r1@CLUH	P:r1@CLUH	CLUH	CLUH	P	not_sig	beige	not_sig
6.614754851293e-08	0.233154760396021	0.216	0.146	0.00496880540164576	P:r1@BRPF1	P:r1@BRPF1	P:r1@BRPF1	BRPF1	BRPF1	P	not_sig	beige	not_sig
1.58340402962546e-08	0.232880656415706	0.417	0.312	0.00118940560493376	P:r1@CCDC66	P:r1@CCDC66	P:r1@CCDC66	CCDC66	CCDC66	P	not_sig	beige	not_sig
4.82814533056185e-08	0.232874030472972	0.383	0.289	0.00362675792795814	D:r1@ADDG14022844800.R	D:r1@ADDG14022844800.R	D:r1@..800.R	..800.R	ADDG14022844800.R	D	not_sig	beige	not_sig
4.05825319543139e-09	0.232546915671456	0.652	0.529	0.000304843805281219	P:r1@CDK17	P:r1@CDK17	P:r1@CDK17	CDK17	CDK17	P	not_sig	beige	not_sig
7.70700549592628e-09	0.232191189536758	0.265	0.181	0.000578927131837494	P:r1@TRIM21	P:r1@TRIM21	P:r1@TRIM21	TRIM21	TRIM21	P	not_sig	beige	not_sig
1.34575957854928e-13	0.232162255120468	0.754	0.593	1.01089422261886e-08	P:r1@RBFOX2	P:r1@RBFOX2	P:r1@RBFOX2	RBFOX2	RBFOX2	P	not_sig	beige	not_sig
9.35218051404495e-12	0.232160821637526	0.286	0.186	7.02507743673515e-07	D:r1@ADDG03051538688.B	D:r1@ADDG03051538688.B	D:r1@..688.B	..688.B	ADDG03051538688.B	D	not_sig	beige	not_sig
9.77997525105892e-10	0.232141879921338	0.325	0.225	7.34642400933793e-05	P:r1@NUP88	P:r1@NUP88	P:r1@NUP88	NUP88	NUP88	P	not_sig	beige	not_sig
2.08075885036618e-21	0.232009844947306	0.952	0.876	1.56300362562956e-16	P:r1@MVP	P:r1@MVP	P:r1@MVP	MVP	MVP	P	not_sig	beige	not_sig
1.11510944446701e-10	0.2318834544819	0.423	0.3	8.37636761400285e-06	P:r1@PDCD11	P:r1@PDCD11	P:r1@PDCD11	PDCD11	PDCD11	P	not_sig	beige	not_sig
4.62023622256853e-08	0.231861107473089	0.269	0.189	0.00347058284330681	P:r1@PACRGL	P:r1@PACRGL	P:r1@PACRGL	PACRGL	PACRGL	P	not_sig	beige	not_sig
3.20556248759459e-30	0.231456566297439	0.991	0.982	2.40792237380643e-25	P:r1@ANPEP	P:r1@ANPEP	P:r1@ANPEP	ANPEP	ANPEP	P	not_sig	beige	not_sig
3.21948762605119e-09	0.231415219591368	0.32	0.222	0.000241838252006088	P:r1@CENPBD1	P:r1@CENPBD1	P:r1@CENPBD1	CENPBD1	CENPBD1	P	not_sig	beige	not_sig
5.36059205785675e-49	-0.231385136312484	1	0.998	4.02671593610025e-44	P:r1@COX8A,r1@AP000721.1	P:r1@COX8A,r1@AP000721.1	P:r1@COX8A,r1@AP000721.1	COX8A	COX8A,AP000721.1	P	not_sig	white	not_sig
2.1582412198109e-08	0.230986481853268	0.215	0.143	0.00162120605708535	P:r1@GGA3	P:r1@GGA3	P:r1@GGA3	GGA3	GGA3	P	not_sig	beige	not_sig
7.40187659996919e-10	0.230982320999055	0.913	0.855	5.56006764559885e-05	P:r1@UGP2	P:r1@UGP2	P:r1@UGP2	UGP2	UGP2	P	not_sig	beige	not_sig
7.88647874273978e-10	0.230728787907561	0.403	0.29	5.92408623718384e-05	P:r1@ASXL2	P:r1@ASXL2	P:r1@ASXL2	ASXL2	ASXL2	P	not_sig	beige	not_sig
3.138222479047e-13	0.230369105820694	0.603	0.437	2.35733857958573e-08	P:r1@CCDC71	P:r1@CCDC71	P:r1@CCDC71	CCDC71	CCDC71	P	not_sig	beige	not_sig
1.15111809847047e-11	0.229989046832288	0.536	0.399	8.64685382028064e-07	P:r1@STX18	P:r1@STX18	P:r1@STX18	STX18	STX18	P	not_sig	beige	not_sig
9.917641962409e-12	0.229917973240105	0.617	0.466	7.44983511290277e-07	D:r1@ADDG02043974219.F	D:r1@ADDG02043974219.F	D:r1@..219.F	..219.F	ADDG02043974219.F	D	not_sig	beige	not_sig
5.59941665687044e-09	0.229873677040559	0.574	0.44	0.000420611381014137	P:r1@TM7SF3	P:r1@TM7SF3	P:r1@TM7SF3	TM7SF3	TM7SF3	P	not_sig	beige	not_sig
4.71080153320755e-08	0.229546196885	0.197	0.131	0.00353861278769951	P:r2@PPP1R16A	P:r2@PPP1R16A	P:r2@PPP1R16A	PPP1R16A	PPP1R16A	P	not_sig	beige	not_sig
6.56375322153513e-10	0.229351920638049	0.514	0.378	4.93049450742054e-05	P:r1@FAM189B	P:r1@FAM189B	P:r1@FAM189B	FAM189B	FAM189B	P	not_sig	beige	not_sig
9.37112987263112e-20	0.229309762036178	1	0.998	7.03931162642432e-15	P:r1@COL3A1	P:r1@COL3A1	P:r1@COL3A1	COL3A1	COL3A1	P	not_sig	beige	not_sig
5.71430052605645e-12	0.22914247980277	0.587	0.439	4.29241112615782e-07	P:r1@TRIM8	P:r1@TRIM8	P:r1@TRIM8	TRIM8	TRIM8	P	not_sig	beige	not_sig
3.23151741870591e-13	0.229084347401792	0.693	0.536	2.42741893940932e-08	P:r1@SETD3	P:r1@SETD3	P:r1@SETD3	SETD3	SETD3	P	not_sig	beige	not_sig
1.00541270087861e-10	0.228930057635328	0.292	0.196	7.55235858518985e-06	P:r1@ZNF267	P:r1@ZNF267	P:r1@ZNF267	ZNF267	ZNF267	P	not_sig	beige	not_sig
7.12435152933133e-09	0.22874301188794	0.403	0.293	0.000535159913828782	P:r1@CDK8	P:r1@CDK8	P:r1@CDK8	CDK8	CDK8	P	not_sig	beige	not_sig
8.36381409967845e-08	0.22867002817084	0.535	0.44	0.00628264623725546	D:r1@ADDG09121341182.F	D:r1@ADDG09121341182.F	D:r1@..182.F	..182.F	ADDG09121341182.F	D	not_sig	beige	not_sig
9.797706820749e-33	0.22865952414732	0.981	0.959	7.35974343254202e-28	P:r1@TRIM28	P:r1@TRIM28	P:r1@TRIM28	TRIM28	TRIM28	P	not_sig	beige	not_sig
2.31344788442249e-08	0.228645964852949	0.321	0.23	0.00173779264734164	P:r1@OSER1-DT	P:r1@OSER1-DT	P:r1@OSER1-DT	OSER1-DT	OSER1-DT	P	not_sig	beige	not_sig
8.72393002189799e-15	0.228217893944617	0.88	0.751	6.55315451454911e-10	P:r1@DNAJC4,r1@VEGFB	P:r1@DNAJC4,r1@VEGFB	P:r1@DNAJC4,r1@VEGFB	DNAJC4	DNAJC4,VEGFB	P	not_sig	beige	not_sig
1.06231654679615e-07	0.22805190823969	0.342	0.252	0.00797980320456865	P:r1@SLC1A4	P:r1@SLC1A4	P:r1@SLC1A4	SLC1A4	SLC1A4	P	not_sig	beige	not_sig
3.46393163520048e-12	0.227997288829126	0.621	0.47	2.60200152641355e-07	P:r1@CSK	P:r1@CSK	P:r1@CSK	CSK	CSK	P	not_sig	beige	not_sig
7.96509316014109e-10	0.227595880382147	0.3	0.203	5.98313902910318e-05	P:r1@TYK2	P:r1@TYK2	P:r1@TYK2	TYK2	TYK2	P	not_sig	beige	not_sig
2.92356031180605e-11	0.227543277018574	0.549	0.399	2.19609079941935e-06	P:r1@ZNF410	P:r1@ZNF410	P:r1@ZNF410	ZNF410	ZNF410	P	not_sig	beige	not_sig
9.24926624031522e-11	0.227460259877654	0.368	0.254	6.94777132173758e-06	D:r1@ADDG03004362124.F	D:r1@ADDG03004362124.F	D:r1@..124.F	..124.F	ADDG03004362124.F	D	not_sig	beige	not_sig
2.08243111782435e-15	0.227367085568916	0.908	0.81	1.56425978277611e-10	P:r1@ACTN4	P:r1@ACTN4	P:r1@ACTN4	ACTN4	ACTN4	P	not_sig	beige	not_sig
1.79090894552347e-11	0.227367049908329	0.436	0.305	1.34527707260887e-06	P:r1@RANBP6	P:r1@RANBP6	P:r1@RANBP6	RANBP6	RANBP6	P	not_sig	beige	not_sig
6.61815998145118e-14	0.227301883872726	0.743	0.588	4.97136323326668e-09	P:r1@DLGAP4	P:r1@DLGAP4	P:r1@DLGAP4	DLGAP4	DLGAP4	P	not_sig	beige	not_sig
1.17456894317823e-10	0.227216567595905	0.538	0.4	8.82300953047192e-06	P:r1@CETN3	P:r1@CETN3	P:r1@CETN3	CETN3	CETN3	P	not_sig	beige	not_sig
2.12495888244776e-10	0.226988241057454	0.532	0.393	1.59620536372828e-05	P:r1@ARNT	P:r1@ARNT	P:r1@ARNT	ARNT	ARNT	P	not_sig	beige	not_sig
7.37366670654587e-09	0.226621017660971	0.451	0.335	0.000553887721995606	P:r1@CCAR2	P:r1@CCAR2	P:r1@CCAR2	CCAR2	CCAR2	P	not_sig	beige	not_sig
2.50119952027229e-09	0.226592670079137	0.383	0.274	0.000187882604364293	P:r1@MED24	P:r1@MED24	P:r1@MED24	MED24	MED24	P	not_sig	beige	not_sig
1.97351825157122e-08	0.226441638791292	0.245	0.167	0.00148244770503275	P:r1@SIMC1	P:r1@SIMC1	P:r1@SIMC1	SIMC1	SIMC1	P	not_sig	beige	not_sig
5.86074592761453e-09	0.226232336202434	0.361	0.259	0.00044024165184462	P:r1@ADDG17001680752.F	P:r1@ADDG17001680752.F	P:r1@..752.F	..752.F	ADDG17001680752.F	P	not_sig	beige	not_sig
6.50349532629325e-11	0.226154064843697	0.512	0.376	4.8852305842517e-06	P:r1@APTX	P:r1@APTX	P:r1@APTX	APTX	APTX	P	not_sig	beige	not_sig
8.99730611756509e-10	0.226049511379796	0.574	0.441	6.75850643633137e-05	P:r1@DCAF12	P:r1@DCAF12	P:r1@DCAF12	DCAF12	DCAF12	P	not_sig	beige	not_sig
9.04003155072085e-08	0.225978516991989	0.244	0.17	0.00679060049995498	P:r1@ADDG03128067483.B	P:r1@ADDG03128067483.B	P:r1@..483.B	..483.B	ADDG03128067483.B	P	not_sig	beige	not_sig
4.61213181266936e-14	0.225703774433855	0.641	0.476	3.46449505372284e-09	P:r1@GPHN	P:r1@GPHN	P:r1@GPHN	GPHN	GPHN	P	not_sig	beige	not_sig
6.89449168488963e-08	0.225670457924931	0.691	0.587	0.00517893531893854	P:r1@ARHGEF19	P:r1@ARHGEF19	P:r1@ARHGEF19	ARHGEF19	ARHGEF19	P	not_sig	beige	not_sig
7.71398744291677e-10	0.225593375255928	0.418	0.301	5.79451594749579e-05	P:r1@COX10	P:r1@COX10	P:r1@COX10	COX10	COX10	P	not_sig	beige	not_sig
3.32296184267172e-09	0.225523641650225	0.607	0.485	0.000249610924735971	P:r1@JADE1	P:r1@JADE1	P:r1@JADE1	JADE1	JADE1	P	not_sig	beige	not_sig
3.76135648829339e-08	0.225397711110825	0.291	0.207	0.00282541815331135	P:r1@RAPGEF1	P:r1@RAPGEF1	P:r1@RAPGEF1	RAPGEF1	RAPGEF1	P	not_sig	beige	not_sig
2.08721063412106e-08	0.225349635252199	0.258	0.179	0.00156785001203272	P:r1@SCRIB	P:r1@SCRIB	P:r1@SCRIB	SCRIB	SCRIB	P	not_sig	beige	not_sig
2.43429731346312e-27	0.225308086656283	0.992	0.97	1.82857111295409e-22	P:r1@SET	P:r1@SET	P:r1@SET	SET	SET	P	not_sig	beige	not_sig
3.49302209994552e-09	0.2251810113094	0.447	0.334	0.000262385341081608	P:r1@NT5C2	P:r1@NT5C2	P:r1@NT5C2	NT5C2	NT5C2	P	not_sig	beige	not_sig
1.65143474598527e-13	0.224933045556909	0.793	0.66	1.24050823814176e-08	P:r1@PRMT5	P:r1@PRMT5	P:r1@PRMT5	PRMT5	PRMT5	P	not_sig	beige	not_sig
5.21746507822317e-14	0.224912899777394	0.92	0.843	3.9192032428089e-09	P:r1@BAG3	P:r1@BAG3	P:r1@BAG3	BAG3	BAG3	P	not_sig	beige	not_sig
2.09305246806107e-10	0.224826612978802	0.864	0.771	1.57223822243343e-05	P:r1@HIPK2	P:r1@HIPK2	P:r1@HIPK2	HIPK2	HIPK2	P	not_sig	beige	not_sig
2.69785166645041e-11	0.224744687392039	0.553	0.419	2.02654523628755e-06	P:r1@STRIP1	P:r1@STRIP1	P:r1@STRIP1	STRIP1	STRIP1	P	not_sig	beige	not_sig
8.84704713226996e-09	0.224740049670332	0.239	0.161	0.000664563639434723	P:r1@PAPOLG	P:r1@PAPOLG	P:r1@PAPOLG	PAPOLG	PAPOLG	P	not_sig	beige	not_sig
2.77694479290764e-10	0.224489093819458	0.389	0.276	2.08595762008843e-05	P:r1@TTC21B	P:r1@TTC21B	P:r1@TTC21B	TTC21B	TTC21B	P	not_sig	beige	not_sig
2.03275299829674e-10	0.224448962597897	0.526	0.394	1.52694306973056e-05	P:r1@PACS2	P:r1@PACS2	P:r1@PACS2	PACS2	PACS2	P	not_sig	beige	not_sig
9.60607549386852e-09	0.223660303244258	0.331	0.238	0.000721579572872921	P:r1@SMTN	P:r1@SMTN	P:r1@SMTN	SMTN	SMTN	P	not_sig	beige	not_sig
1.2978732058857e-08	0.223625634520072	0.372	0.275	0.000974923416065158	P:r1@CCDC144B	P:r1@CCDC144B	P:r1@CCDC144B	CCDC144B	CCDC144B	P	not_sig	beige	not_sig
4.53114985341108e-14	0.223568342166693	0.95	0.895	3.4036638353868e-09	P:r1@PHC2	P:r1@PHC2	P:r1@PHC2	PHC2	PHC2	P	not_sig	beige	not_sig
8.3894830598484e-09	0.223531021514969	0.361	0.258	0.000630192799006632	P:r1@RNF31,r1@AL136295.5	P:r1@RNF31,r1@AL136295.5	P:r1@RNF31,r1@AL136295.5	RNF31	RNF31,AL136295.5	P	not_sig	beige	not_sig
3.1337319181118e-10	0.223487166063483	0.332	0.229	2.35396540492804e-05	P:r1@ACOX2	P:r1@ACOX2	P:r1@ACOX2	ACOX2	ACOX2	P	not_sig	beige	not_sig
7.23083042619098e-09	0.223477102555526	0.689	0.559	0.000543158289124188	P:r1@RNF4	P:r1@RNF4	P:r1@RNF4	RNF4	RNF4	P	not_sig	beige	not_sig
1.39932511778755e-25	0.223271159633132	0.972	0.936	1.05113104872848e-20	P:r1@NONO	P:r1@NONO	P:r1@NONO	NONO	NONO	P	not_sig	beige	not_sig
1.04746176469473e-12	0.223270980932205	0.625	0.46	7.86821853785743e-08	P:r1@ADDG0X047561522.B,r1@ARAF	P:r1@ADDG0X047561522.B,r1@ARAF	P:r1@..522.B,r1@ARAF	..522.B	ADDG0X047561522.B,ARAF	P	not_sig	beige	not_sig
1.01146308811892e-10	0.22326895560929	0.638	0.498	7.59780727902287e-06	P:r1@PPP6R1	P:r1@PPP6R1	P:r1@PPP6R1	PPP6R1	PPP6R1	P	not_sig	beige	not_sig
5.83869959785628e-11	0.223263255862419	0.764	0.647	4.3858559769217e-06	P:r1@NFIB	P:r1@NFIB	P:r1@NFIB	NFIB	NFIB	P	not_sig	beige	not_sig
2.80533526937242e-08	0.223242640869276	0.317	0.228	0.00210728369429448	P:r1@USP36	P:r1@USP36	P:r1@USP36	USP36	USP36	P	not_sig	beige	not_sig
9.89549188795689e-11	0.223190040331383	0.343	0.235	7.43319664147657e-06	P:r1@ZNF629	P:r1@ZNF629	P:r1@ZNF629	ZNF629	ZNF629	P	not_sig	beige	not_sig
5.33521163373637e-10	0.22314626853233	0.588	0.452	4.00765092291375e-05	D:r1@ADDG0X071546227.R	D:r1@ADDG0X071546227.R	D:r1@..227.R	..227.R	ADDG0X071546227.R	D	not_sig	beige	not_sig
1.86781319577848e-09	0.222930381335861	0.359	0.259	0.000140304523827292	P:r1@UTP15	P:r1@UTP15	P:r1@UTP15	UTP15	UTP15	P	not_sig	beige	not_sig
2.63552209817211e-09	0.222802058437001	0.333	0.236	0.000197972513448394	P:r1@MSC-AS1	P:r1@MSC-AS1	P:r1@MSC-AS1	MSC-AS1	MSC-AS1	P	not_sig	beige	not_sig
2.35210723322168e-08	0.222689177822459	0.229	0.156	0.00176683239037913	P:r1@MZF1	P:r1@MZF1	P:r1@MZF1	MZF1	MZF1	P	not_sig	beige	not_sig
6.19291227244005e-09	0.222635276087791	0.358	0.255	0.00046519299116888	P:r1@SMG9	P:r1@SMG9	P:r1@SMG9	SMG9	SMG9	P	not_sig	beige	not_sig
1.46450297689111e-14	0.222589103816549	0.872	0.758	1.10009070115129e-09	P:r1@UBE2R2	P:r1@UBE2R2	P:r1@UBE2R2	UBE2R2	UBE2R2	P	not_sig	beige	not_sig
1.79373608067386e-16	0.222559846621065	0.908	0.808	1.34740073171978e-11	P:r1@SLC2A4RG	P:r1@SLC2A4RG	P:r1@SLC2A4RG	SLC2A4RG	SLC2A4RG	P	not_sig	beige	not_sig
1.28077052823957e-08	0.22238558103235	0.223	0.147	0.000962076397697718	P:r1@TMEM200B	P:r1@TMEM200B	P:r1@TMEM200B	TMEM200B	TMEM200B	P	not_sig	beige	not_sig
8.23207739110042e-08	0.222362238462293	0.264	0.187	0.0061836895738729	P:r1@SCYL2	P:r1@SCYL2	P:r1@SCYL2	SCYL2	SCYL2	P	not_sig	beige	not_sig
1.84869144202735e-10	0.222356157130364	0.54	0.405	1.38868155050769e-05	P:r1@DCAF5	P:r1@DCAF5	P:r1@DCAF5	DCAF5	DCAF5	P	not_sig	beige	not_sig
3.73551759538303e-27	-0.222134772994687	1	1	2.80600875212387e-22	P:r1@S100A6	P:r1@S100A6	P:r1@S100A6	S100A6	S100A6	P	not_sig	white	not_sig
2.71016551815845e-15	0.22206735321273	0.935	0.85	2.03579503227508e-10	P:r1@CREG1	P:r1@CREG1	P:r1@CREG1	CREG1	CREG1	P	not_sig	beige	not_sig
9.68924435241684e-08	0.221782093014346	0.255	0.18	0.00727826968020496	P:r1@BAK1	P:r1@BAK1	P:r1@BAK1	BAK1	BAK1	P	not_sig	beige	not_sig
3.3285412912581e-11	0.221640406726807	0.447	0.32	2.50030036175435e-06	P:r1@ATP6V1B2	P:r1@ATP6V1B2	P:r1@ATP6V1B2	ATP6V1B2	ATP6V1B2	P	not_sig	beige	not_sig
1.91196081521308e-08	0.221521761750917	0.272	0.19	0.00143620760556361	P:r1@EFL1	P:r1@EFL1	P:r1@EFL1	EFL1	EFL1	P	not_sig	beige	not_sig
4.70261596058692e-09	0.221373553063856	0.461	0.349	0.000353246403111408	D:r2@ADDG09086946980.R	D:r2@ADDG09086946980.R	D:r2@..980.R	..980.R	ADDG09086946980.R	D	not_sig	beige	not_sig
4.30103820100183e-09	0.221325862028699	0.273	0.186	0.000323081086544655	P:r1@HDAC5	P:r1@HDAC5	P:r1@HDAC5	HDAC5	HDAC5	P	not_sig	beige	not_sig
6.64185998512867e-08	0.221235344908868	0.218	0.148	0.0049891659650291	P:r1@ZNF71,r1@ZIM2-AS1	P:r1@ZNF71,r1@ZIM2-AS1	P:r1@ZNF71,r1@ZIM2-AS1	ZNF71	ZNF71,ZIM2-AS1	P	not_sig	beige	not_sig
3.86574690177564e-11	0.221130807175702	0.608	0.479	2.9038331002068e-06	P:r1@PTPRM	P:r1@PTPRM	P:r1@PTPRM	PTPRM	PTPRM	P	not_sig	beige	not_sig
1.2143382087267e-10	0.220982903269683	0.341	0.235	9.12174432249233e-06	P:r1@SIRT7	P:r1@SIRT7	P:r1@SIRT7	SIRT7	SIRT7	P	not_sig	beige	not_sig
4.79870790009011e-16	-0.22087507277612	0.967	0.943	3.60464541331068e-11	P:r1@ADDG0X154478703.R,r1@LAGE3	P:r1@ADDG0X154478703.R,r1@LAGE3	P:r1@..703.R,r1@LAGE3	..703.R	ADDG0X154478703.R,LAGE3	P	not_sig	white	not_sig
1.95019810625466e-08	0.220543105999012	0.521	0.4	0.00146493031147531	P:r1@WDR70	P:r1@WDR70	P:r1@WDR70	WDR70	WDR70	P	not_sig	beige	not_sig
2.3512578154084e-08	0.22042191438282	0.327	0.235	0.00176619433320033	P:r1@HEXIM1	P:r1@HEXIM1	P:r1@HEXIM1	HEXIM1	HEXIM1	P	not_sig	beige	not_sig
1.70778033966921e-11	0.220353379918601	0.521	0.379	1.28283335774932e-06	P:r1@TBK1	P:r1@TBK1	P:r1@TBK1	TBK1	TBK1	P	not_sig	beige	not_sig
1.72501917235762e-09	0.220340980644361	0.444	0.324	0.000129578265169988	P:r1@GPAT4	P:r1@GPAT4	P:r1@GPAT4	GPAT4	GPAT4	P	not_sig	beige	not_sig
1.40082915991941e-08	0.220289165668317	0.504	0.387	0.00105226084005666	P:r1@TK2	P:r1@TK2	P:r1@TK2	TK2	TK2	P	not_sig	beige	not_sig
5.09581151348932e-11	0.22003814524389	0.721	0.583	3.82782073458777e-06	P:r1@MOGS	P:r1@MOGS	P:r1@MOGS	MOGS	MOGS	P	not_sig	beige	not_sig
1.19967479146267e-12	0.219673933483501	0.816	0.686	9.01159713103015e-08	P:r1@FAM234A	P:r1@FAM234A	P:r1@FAM234A	FAM234A	FAM234A	P	not_sig	beige	not_sig
1.44100639205304e-29	0.219528872797909	0.996	0.998	1.08244077151848e-24	P:r1@C1R	P:r1@C1R	P:r1@C1R	C1R	C1R	P	not_sig	beige	not_sig
6.02308581073061e-08	0.219451760876163	0.252	0.175	0.00452436136844651	P:r1@TMEM143	P:r1@TMEM143	P:r1@TMEM143	TMEM143	TMEM143	P	not_sig	beige	not_sig
3.12608443629495e-08	0.219150849508813	0.248	0.171	0.00234822084601168	P:r1@PGBD2	P:r1@PGBD2	P:r1@PGBD2	PGBD2	PGBD2	P	not_sig	beige	not_sig
1.11449511918366e-09	0.219071043972536	0.808	0.7	8.37175298677193e-05	P:r1@CPD	P:r1@CPD	P:r1@CPD	CPD	CPD	P	not_sig	beige	not_sig
1.1298081594692e-10	0.219060164618337	0.969	0.948	8.48677995148477e-06	P:r1@CRISPLD2	P:r1@CRISPLD2	P:r1@CRISPLD2	CRISPLD2	CRISPLD2	P	not_sig	beige	not_sig
7.21634829851184e-08	0.218986781527671	0.514	0.409	0.00542070435139314	P:r1@SLC6A8	P:r1@SLC6A8	P:r1@SLC6A8	SLC6A8	SLC6A8	P	not_sig	beige	not_sig
4.90903929192008e-11	0.218705333736998	0.614	0.475	3.6875230449116e-06	P:r1@VARS	P:r1@VARS	P:r1@VARS	VARS	VARS	P	not_sig	beige	not_sig
4.77752479154255e-10	0.218547582273343	0.737	0.61	3.58873329766301e-05	P:r1@GABARAPL1	P:r1@GABARAPL1	P:r1@GABARAPL1	GABARAPL1	GABARAPL1	P	not_sig	beige	not_sig
2.73385904453935e-09	0.218410535742968	0.437	0.318	0.000205359289848662	P:r1@FAM126A	P:r1@FAM126A	P:r1@FAM126A	FAM126A	FAM126A	P	not_sig	beige	not_sig
1.32750058205244e-09	0.218330879743521	0.538	0.402	9.97178612220333e-05	P:r1@RPAP3	P:r1@RPAP3	P:r1@RPAP3	RPAP3	RPAP3	P	not_sig	beige	not_sig
1.74263260804197e-10	0.218308962681336	0.321	0.219	1.30901333618288e-05	P:r1@LDB1	P:r1@LDB1	P:r1@LDB1	LDB1	LDB1	P	not_sig	beige	not_sig
2.45668984572582e-57	0.218273656023996	1	1	1.84539171141387e-52	P:r1@YBX1	P:r1@YBX1	P:r1@YBX1	YBX1	YBX1	P	not_sig	beige	not_sig
1.37033403042003e-08	0.218247233737741	0.259	0.179	0.00102935381363062	P:r1@TOP3B	P:r1@TOP3B	P:r1@TOP3B	TOP3B	TOP3B	P	not_sig	beige	not_sig
1.82539382519196e-08	0.218131456131263	0.259	0.177	0.00137118107966944	P:r1@ADDG02108751369.R	P:r1@ADDG02108751369.R	P:r1@..369.R	..369.R	ADDG02108751369.R	P	not_sig	beige	not_sig
6.17146700820448e-32	-0.218072578153542	1	1	4.63582087255296e-27	P:r1@LGALS1	P:r1@LGALS1	P:r1@LGALS1	LGALS1	LGALS1	P	not_sig	white	not_sig
4.90434925030715e-12	0.217931969210053	0.652	0.501	3.68400002635322e-07	P:r1@UBLCP1	P:r1@UBLCP1	P:r1@UBLCP1	UBLCP1	UBLCP1	P	not_sig	beige	not_sig
7.94901206343648e-08	0.217746430557557	0.194	0.129	0.00597105939169158	P:r1@PPTC7	P:r1@PPTC7	P:r1@PPTC7	PPTC7	PPTC7	P	not_sig	beige	not_sig
1.25167943368371e-07	0.217716065609891	0.329	0.242	0.00940224040200194	P:r1@NUP188	P:r1@NUP188	P:r1@NUP188	NUP188	NUP188	P	not_sig	beige	not_sig
4.87843503818921e-08	0.217657343920811	0.248	0.172	0.00366453404763659	P:r1@RETREG3	P:r1@RETREG3	P:r1@RETREG3	RETREG3	RETREG3	P	not_sig	beige	not_sig
1.29578726088558e-10	0.217520496760319	0.335	0.227	9.7335651675942e-06	P:r1@QSER1	P:r1@QSER1	P:r1@QSER1	QSER1	QSER1	P	not_sig	beige	not_sig
1.06222039014889e-10	0.217263644958122	0.553	0.416	7.97908090468144e-06	P:r1@IPO4	P:r1@IPO4	P:r1@IPO4	IPO4	IPO4	P	not_sig	beige	not_sig
3.54131828799333e-09	0.217062683500351	0.244	0.163	0.000266013205839195	P:r1@ZKSCAN5	P:r1@ZKSCAN5	P:r1@ZKSCAN5	ZKSCAN5	ZKSCAN5	P	not_sig	beige	not_sig
4.01118260334935e-08	0.216815257927069	0.31	0.219	0.00301308003615793	P:r1@PANK4	P:r1@PANK4	P:r1@PANK4	PANK4	PANK4	P	not_sig	beige	not_sig
2.74132376091209e-10	0.216807942854564	0.411	0.29	2.05920016948434e-05	P:r1@PDS5B	P:r1@PDS5B	P:r1@PDS5B	PDS5B	PDS5B	P	not_sig	beige	not_sig
3.55139628632709e-12	0.216633604345131	0.659	0.512	2.66770234840032e-07	P:r1@DEAF1	P:r1@DEAF1	P:r1@DEAF1	DEAF1	DEAF1	P	not_sig	beige	not_sig
1.52035632338395e-12	0.216477842237569	0.807	0.681	1.14204605943632e-07	P:r1@SLC25A32	P:r1@SLC25A32	P:r1@SLC25A32	SLC25A32	SLC25A32	P	not_sig	beige	not_sig
5.20041660357644e-09	0.216385750575216	0.272	0.186	0.000390639694010852	P:r2@RIC8A	P:r2@RIC8A	P:r2@RIC8A	RIC8A	RIC8A	P	not_sig	beige	not_sig
1.46741749608826e-09	0.216333952671221	0.331	0.235	0.000110228000053662	P:r1@KIAA0930	P:r1@KIAA0930	P:r1@KIAA0930	KIAA0930	KIAA0930	P	not_sig	beige	not_sig
2.9032395033919e-10	0.216324269757705	0.715	0.58	2.18082641776289e-05	P:r1@BIRC2	P:r1@BIRC2	P:r1@BIRC2	BIRC2	BIRC2	P	not_sig	beige	not_sig
6.86979429107603e-08	0.215804268065049	0.31	0.222	0.00516038337762758	P:r1@TARS2	P:r1@TARS2	P:r1@TARS2	TARS2	TARS2	P	not_sig	beige	not_sig
2.7253460666284e-09	0.21550109328997	0.275	0.189	0.000204719820486925	P:r1@SLC5A6	P:r1@SLC5A6	P:r1@SLC5A6	SLC5A6	SLC5A6	P	not_sig	beige	not_sig
9.66621260182745e-08	0.215387538788205	0.267	0.188	0.00726096892011472	P:r1@ADDG0X003920117.B,r1@BX890604.2	P:r1@ADDG0X003920117.B,r1@BX890604.2	P:r1@..117.B,r1@BX890604.2	..117.B	ADDG0X003920117.B,BX890604.2	P	not_sig	beige	not_sig
4.12146181079346e-08	0.215235429191893	0.226	0.152	0.00309591846841372	P:r1@VARS2	P:r1@VARS2	P:r1@VARS2	VARS2	VARS2	P	not_sig	beige	not_sig
1.10002746185313e-09	0.215152145049975	0.487	0.362	8.26307628520217e-05	P:r1@HEXD	P:r1@HEXD	P:r1@HEXD	HEXD	HEXD	P	not_sig	beige	not_sig
6.64648346306577e-11	0.215067294857423	0.636	0.485	4.99263898295111e-06	P:r1@SIAE	P:r1@SIAE	P:r1@SIAE	SIAE	SIAE	P	not_sig	beige	not_sig
7.30486060881129e-10	0.214739347871491	0.29	0.194	5.48719214352078e-05	D:r1@ADDG16015133021.F	D:r1@ADDG16015133021.F	D:r1@..021.F	..021.F	ADDG16015133021.F	D	not_sig	beige	not_sig
3.53853049732639e-10	-0.214679926852503	0.937	0.93	2.65803795367666e-05	P:r1@RHOQ	P:r1@RHOQ	P:r1@RHOQ	RHOQ	RHOQ	P	not_sig	white	not_sig
6.52029863036063e-25	0.214336477294591	0.989	0.972	4.89785272216799e-20	P:r1@OS9	P:r1@OS9	P:r1@OS9	OS9	OS9	P	not_sig	beige	not_sig
8.6277121422993e-11	0.21430655890209	0.854	0.749	6.48087852993097e-06	P:r1@STK24	P:r1@STK24	P:r1@STK24	STK24	STK24	P	not_sig	beige	not_sig
2.80305672461585e-08	0.21420304198872	0.238	0.163	0.00210557211982969	P:r1@PHC1	P:r1@PHC1	P:r1@PHC1	PHC1	PHC1	P	not_sig	beige	not_sig
7.31399738123376e-10	0.213958090732106	0.411	0.294	5.49405541286137e-05	P:r1@JMY	P:r1@JMY	P:r1@JMY	JMY	JMY	P	not_sig	beige	not_sig
6.8055222851605e-09	0.213940155588953	0.305	0.212	0.000511210417494401	P:r1@NVL	P:r1@NVL	P:r1@NVL	NVL	NVL	P	not_sig	beige	not_sig
3.65013350211503e-09	0.213933106238866	0.393	0.286	0.000274187078278374	P:r1@ARSB	P:r1@ARSB	P:r1@ARSB	ARSB	ARSB	P	not_sig	beige	not_sig
1.42227666988541e-08	0.213909544641824	0.62	0.492	0.00106837156611782	P:r1@EFCAB14	P:r1@EFCAB14	P:r1@EFCAB14	EFCAB14	EFCAB14	P	not_sig	beige	not_sig
2.21385538153359e-08	0.213784439108595	0.41	0.299	0.00166298174694659	P:r1@KMT2C	P:r1@KMT2C	P:r1@KMT2C	KMT2C	KMT2C	P	not_sig	beige	not_sig
3.5303205522751e-10	0.213774894881154	0.418	0.298	2.65187088925249e-05	P:r1@NCDN	P:r1@NCDN	P:r1@NCDN	NCDN	NCDN	P	not_sig	beige	not_sig
2.06627472323701e-09	0.213447514120307	0.47	0.344	0.000155212358385395	P:r1@KDM5C	P:r1@KDM5C	P:r1@KDM5C	KDM5C	KDM5C	P	not_sig	beige	not_sig
1.10948240167212e-13	0.213407206942867	0.802	0.645	8.33409895664047e-09	P:r1@TOR1AIP1	P:r1@TOR1AIP1	P:r1@TOR1AIP1	TOR1AIP1	TOR1AIP1	P	not_sig	beige	not_sig
1.80239022054819e-09	0.213365906220932	0.431	0.317	0.000135390146196918	P:r1@ZSWIM6	P:r1@ZSWIM6	P:r1@ZSWIM6	ZSWIM6	ZSWIM6	P	not_sig	beige	not_sig
5.24803333781463e-43	-0.213111118092727	1	0.997	3.94216520236621e-38	P:r1@KRTCAP2	P:r1@KRTCAP2	P:r1@KRTCAP2	KRTCAP2	KRTCAP2	P	not_sig	white	not_sig
4.61494446065328e-09	0.213007388739358	0.8	0.697	0.000346660783050893	P:r1@GFPT2	P:r1@GFPT2	P:r1@GFPT2	GFPT2	GFPT2	P	not_sig	beige	not_sig
3.43724891206062e-09	0.212839118488097	0.88	0.82	0.000258195826527257	P:r1@HIST1H1C	P:r1@HIST1H1C	P:r1@HIST1H1C	HIST1H1C	HIST1H1C	P	not_sig	beige	not_sig
3.85700450740273e-09	0.212660337958274	0.643	0.502	0.000289726607582571	P:r1@AIDA	P:r1@AIDA	P:r1@AIDA	AIDA	AIDA	P	not_sig	beige	not_sig
3.48443508038093e-08	0.212598560318803	0.545	0.434	0.00261740309932975	P:r2@TSC22D3	P:r2@TSC22D3	P:r2@TSC22D3	TSC22D3	TSC22D3	P	not_sig	beige	not_sig
2.12279117576767e-09	0.212535108530314	0.297	0.204	0.00015945770475014	P:r1@ZBTB44	P:r1@ZBTB44	P:r1@ZBTB44	ZBTB44	ZBTB44	P	not_sig	beige	not_sig
2.27621422582215e-08	0.212529996853643	0.486	0.375	0.00170982384001082	P:r1@FZD2	P:r1@FZD2	P:r1@FZD2	FZD2	FZD2	P	not_sig	beige	not_sig
5.48649291095239e-10	0.212393404207956	0.559	0.431	4.1212888799201e-05	P:r1@SLC26A6	P:r1@SLC26A6	P:r1@SLC26A6	SLC26A6	SLC26A6	P	not_sig	beige	not_sig
5.17723961509746e-09	0.212372965052377	0.423	0.314	0.000388898708167276	P:r1@RNF145	P:r1@RNF145	P:r1@RNF145	RNF145	RNF145	P	not_sig	beige	not_sig
7.61953416498279e-10	0.212342494088267	0.364	0.258	5.72356547871012e-05	P:r1@PHACTR4	P:r1@PHACTR4	P:r1@PHACTR4	PHACTR4	PHACTR4	P	not_sig	beige	not_sig
5.59906675032429e-25	0.21231753088261	0.997	0.998	4.2058509708411e-20	P:r1@MT-CO2,r1@MT-TD	P:r1@MT-CO2,r1@MT-TD	P:r1@MT-CO2,TD	MT-CO2	MT-CO2,MT-TD	P	not_sig	beige	not_sig
4.90405945372744e-12	0.212220877484959	0.805	0.679	3.68378233985644e-07	P:r1@ALDH6A1	P:r1@ALDH6A1	P:r1@ALDH6A1	ALDH6A1	ALDH6A1	P	not_sig	beige	not_sig
2.72159868631264e-12	0.212075313038117	0.984	0.961	2.04438328519747e-07	P:r1@COL5A1	P:r1@COL5A1	P:r1@COL5A1	COL5A1	COL5A1	P	not_sig	beige	not_sig
1.36988496205673e-09	0.211795335222253	0.462	0.342	0.000102901648694815	P:r1@CEP95	P:r1@CEP95	P:r1@CEP95	CEP95	CEP95	P	not_sig	beige	not_sig
1.65736444142059e-09	0.211775107324923	0.519	0.392	0.00012449624474619	P:r1@UBXN7	P:r1@UBXN7	P:r1@UBXN7	UBXN7	UBXN7	P	not_sig	beige	not_sig
1.2871276237732e-11	0.211696347959291	0.85	0.747	9.66851657149716e-07	P:r1@NEK9	P:r1@NEK9	P:r1@NEK9	NEK9	NEK9	P	not_sig	beige	not_sig
1.73113417405634e-11	0.211554077869641	0.418	0.295	1.3003760575259e-06	P:r1@USP19	P:r1@USP19	P:r1@USP19	USP19	USP19	P	not_sig	beige	not_sig
1.10638924048185e-09	0.211512237639528	0.628	0.493	8.3108640577275e-05	P:r1@VGLL4	P:r1@VGLL4	P:r1@VGLL4	VGLL4	VGLL4	P	not_sig	beige	not_sig
9.96514299700457e-08	0.211381641054323	0.481	0.373	0.00748551646505992	P:r1@SLC2A13	P:r1@SLC2A13	P:r1@SLC2A13	SLC2A13	SLC2A13	P	not_sig	beige	not_sig
9.98469011077746e-15	-0.211297461818189	1	1	7.5001996705127e-10	P:r1@ADDG0X047581818.F,r1@ADDG0X047583314.F,r1@TIMP1	P:r1@ADDG0X047581818.F,r1@ADDG0X047583314.F,r1@TIMP1	P:r1@..818.F,r1@..314.F,r1@TIMP1	..818.F	ADDG0X047581818.F,ADDG0X047583314.F,TIMP1	P	not_sig	white	not_sig
6.86620409418141e-09	0.211223846496397	0.411	0.302	0.000515768652942625	P:r1@EXOC8	P:r1@EXOC8	P:r1@EXOC8	EXOC8	EXOC8	P	not_sig	beige	not_sig
8.73364237140537e-18	0.211038958632156	0.951	0.864	6.56045014012857e-13	P:r1@AC016596.3	P:r1@AC016596.3	P:r1@AC016596.3	AC016596.3	AC016596.3	P	not_sig	beige	not_sig
1.51240740426301e-10	0.210912676172982	0.526	0.39	1.13607506986024e-05	P:r1@PLEKHB2	P:r1@PLEKHB2	P:r1@PLEKHB2	PLEKHB2	PLEKHB2	P	not_sig	beige	not_sig
1.68967635370366e-50	0.210816386895956	1	0.999	1.26923418661158e-45	P:r1@RPL9P7	P:r1@RPL9P7	P:r1@RPL9P7	RPL9P7	RPL9P7	P	not_sig	beige	not_sig
3.1938336654953e-10	0.210545471694441	0.431	0.309	2.39911203451011e-05	P:r1@BLZF1	P:r1@BLZF1	P:r1@BLZF1	BLZF1	BLZF1	P	not_sig	beige	not_sig
4.79271438479877e-08	0.210449625497539	0.256	0.176	0.00360014326442929	P:r1@FAM131A	P:r1@FAM131A	P:r1@FAM131A	FAM131A	FAM131A	P	not_sig	beige	not_sig
6.92602483442789e-08	0.210124226668428	0.301	0.214	0.0052026220748772	P:r1@RANBP10	P:r1@RANBP10	P:r1@RANBP10	RANBP10	RANBP10	P	not_sig	beige	not_sig
4.50092901533889e-08	0.20999374706094	0.217	0.147	0.00338096284845212	P:r1@ZNF616	P:r1@ZNF616	P:r1@ZNF616	ZNF616	ZNF616	P	not_sig	beige	not_sig
7.33770481207214e-23	0.209943503724001	0.996	0.998	5.51186372368423e-18	P:r1@C1S	P:r1@C1S	P:r1@C1S	C1S	C1S	P	not_sig	beige	not_sig
1.21795834400849e-11	0.209928467885763	0.327	0.216	9.14893769268857e-07	P:r1@SDHAP2,r1@MUC20-OT1	P:r1@SDHAP2,r1@MUC20-OT1	P:r1@SDHAP2,r1@MUC20-OT1	SDHAP2	SDHAP2,MUC20-OT1	P	not_sig	beige	not_sig
1.17684857153507e-10	0.20950903725858	0.673	0.525	8.84013341480002e-06	P:r1@SCAP	P:r1@SCAP	P:r1@SCAP	SCAP	SCAP	P	not_sig	beige	not_sig
6.36329387318199e-10	0.209469648811053	0.961	0.952	4.77991545871811e-05	P:r1@SERPING1	P:r1@SERPING1	P:r1@SERPING1	SERPING1	SERPING1	P	not_sig	beige	not_sig
1.01836131699786e-09	0.209403447987724	0.514	0.389	7.64962470489284e-05	P:r1@IPO9	P:r1@IPO9	P:r1@IPO9	IPO9	IPO9	P	not_sig	beige	not_sig
1.62465786350243e-17	-0.209288928132088	0.982	0.965	1.22039424732712e-12	P:r1@PNKD	P:r1@PNKD	P:r1@PNKD	PNKD	PNKD	P	not_sig	white	not_sig
5.39557307425256e-09	0.209215948794385	0.342	0.245	0.00040529926261863	P:r1@DROSHA	P:r1@DROSHA	P:r1@DROSHA	DROSHA	DROSHA	P	not_sig	beige	not_sig
8.36227045774557e-09	0.209111465874602	0.468	0.348	0.000628148669974474	P:r1@PRKAB1	P:r1@PRKAB1	P:r1@PRKAB1	PRKAB1	PRKAB1	P	not_sig	beige	not_sig
5.89893437051811e-18	0.209084575461456	0.462	0.316	4.43110253110209e-13	P:r1@5-8S-rRNA.3	P:r1@5-8S-rRNA.3	P:r1@5-8S-rRNA.3	5-8S-rRNA.3	5-8S-rRNA.3	P	not_sig	beige	not_sig
1.0949634194129e-10	0.208803628266717	0.708	0.575	8.22503671760385e-06	P:r1@MAPK7	P:r1@MAPK7	P:r1@MAPK7	MAPK7	MAPK7	P	not_sig	beige	not_sig
2.3495374970159e-13	0.208602193376261	0.886	0.763	1.76490208163343e-08	P:r1@IDUA	P:r1@IDUA	P:r1@IDUA	IDUA	IDUA	P	not_sig	beige	not_sig
1.49618065699973e-10	0.208225062621502	0.764	0.623	1.12388602411849e-05	P:r1@TRIP10	P:r1@TRIP10	P:r1@TRIP10	TRIP10	TRIP10	P	not_sig	beige	not_sig
1.4519530395968e-08	-0.208161554805558	0.982	0.974	0.00109066356475393	P:r1@RPL22L1	P:r1@RPL22L1	P:r1@RPL22L1	RPL22L1	RPL22L1	P	not_sig	white	not_sig
1.62228856919657e-12	0.207881814377683	0.779	0.628	1.21861450452339e-07	P:r1@EIF2B1	P:r1@EIF2B1	P:r1@EIF2B1	EIF2B1	EIF2B1	P	not_sig	beige	not_sig
5.07513016545748e-10	0.207828270750621	0.478	0.351	3.8122855263867e-05	P:r1@MLH1	P:r1@MLH1	P:r1@MLH1	MLH1	MLH1	P	not_sig	beige	not_sig
7.89070824122898e-08	0.207535734752176	0.224	0.153	0.00592726330956398	P:r1@CYTH1	P:r1@CYTH1	P:r1@CYTH1	CYTH1	CYTH1	P	not_sig	beige	not_sig
4.52400069724952e-11	0.207499226659722	0.492	0.353	3.39829360375292e-06	P:r1@SPTY2D1	P:r1@SPTY2D1	P:r1@SPTY2D1	SPTY2D1	SPTY2D1	P	not_sig	beige	not_sig
4.08697459610395e-13	0.207234099234655	0.747	0.587	3.0700127073554e-08	P:r1@TAP1	P:r1@TAP1	P:r1@TAP1	TAP1	TAP1	P	not_sig	beige	not_sig
1.13321318890082e-08	0.206956695842447	0.506	0.383	0.000851235751106631	P:r1@CDK10	P:r1@CDK10	P:r1@CDK10	CDK10	CDK10	P	not_sig	beige	not_sig
8.10442992911232e-10	0.206848404532723	0.504	0.377	6.0878046298513e-05	P:r1@TNFAIP1	P:r1@TNFAIP1	P:r1@TNFAIP1	TNFAIP1	TNFAIP1	P	not_sig	beige	not_sig
3.62018067641096e-11	0.206765189996433	0.54	0.398	2.71937111869962e-06	P:r1@RNF26	P:r1@RNF26	P:r1@RNF26	RNF26	RNF26	P	not_sig	beige	not_sig
5.20748504469108e-09	0.206697211836377	0.531	0.403	0.00039117065410206	P:r1@BMPR2	P:r1@BMPR2	P:r1@BMPR2	BMPR2	BMPR2	P	not_sig	beige	not_sig
8.68010040703965e-38	-0.206194776301485	1	0.999	6.52023102275597e-33	P:r1@MYL6,r1@MYL6B	P:r1@MYL6,r1@MYL6B	P:r1@MYL6,r1@MYL6B	MYL6	MYL6,MYL6B	P	not_sig	white	not_sig
6.7063772928302e-10	0.206114552241786	0.343	0.239	5.03762943105526e-05	P:r1@TCF4	P:r1@TCF4	P:r1@TCF4	TCF4	TCF4	P	not_sig	beige	not_sig
3.20458212534144e-11	0.206062502030166	0.531	0.393	2.40718595509273e-06	P:r2@FOXN3	P:r2@FOXN3	P:r2@FOXN3	FOXN3	FOXN3	P	not_sig	beige	not_sig
2.31627441139331e-10	0.205929007841978	0.812	0.673	1.73991584960631e-05	P:r1@PFDN1	P:r1@PFDN1	P:r1@PFDN1	PFDN1	PFDN1	P	not_sig	beige	not_sig
8.93687060072795e-11	0.205881343345191	0.749	0.606	6.71310908914881e-06	P:r1@REST	P:r1@REST	P:r1@REST	REST	REST	P	not_sig	beige	not_sig
2.06806581516702e-09	0.205659273207899	0.691	0.552	0.000155346899837901	P:r1@SAP30L	P:r1@SAP30L	P:r1@SAP30L	SAP30L	SAP30L	P	not_sig	beige	not_sig
8.40384657854372e-08	0.205603571719049	0.37	0.278	0.00631271743440468	P:r1@STK38L	P:r1@STK38L	P:r1@STK38L	STK38L	STK38L	P	not_sig	beige	not_sig
4.90187458501555e-09	0.205484062242059	0.721	0.613	0.000368214113202613	P:r1@ZMIZ1	P:r1@ZMIZ1	P:r1@ZMIZ1	ZMIZ1	ZMIZ1	P	not_sig	beige	not_sig
7.41332113338757e-10	0.205272808145951	0.813	0.71	5.56866443576674e-05	P:r1@WLS	P:r1@WLS	P:r1@WLS	WLS	WLS	P	not_sig	beige	not_sig
4.0999983220216e-10	0.204944958510747	0.475	0.35	3.07979573955297e-05	P:r1@PRR14	P:r1@PRR14	P:r1@PRR14	PRR14	PRR14	P	not_sig	beige	not_sig
1.22709580350593e-43	0.204770225989749	1	1	9.21757554719547e-39	P:r1@COL6A2	P:r1@COL6A2	P:r1@COL6A2	COL6A2	COL6A2	P	not_sig	beige	not_sig
9.22713385934582e-09	0.204661428264203	0.523	0.392	0.00069311461411248	P:r1@PIGG	P:r1@PIGG	P:r1@PIGG	PIGG	PIGG	P	not_sig	beige	not_sig
1.92887863761853e-08	0.204411971161727	0.349	0.252	0.00144891576621991	P:r1@TP53	P:r1@TP53	P:r1@TP53	TP53	TP53	P	not_sig	beige	not_sig
1.47783027066144e-23	-0.204328375214861	0.999	0.998	1.11010176441275e-18	P:r1@SELENOM	P:r1@SELENOM	P:r1@SELENOM	SELENOM	SELENOM	P	not_sig	white	not_sig
1.59770513622631e-08	0.204295583593624	0.734	0.608	0.00120014816717912	P:r1@ADDG0X101551288.F,r1@ARMCX1	P:r1@ADDG0X101551288.F,r1@ARMCX1	P:r1@..288.F,r1@ARMCX1	..288.F	ADDG0X101551288.F,ARMCX1	P	not_sig	beige	not_sig
1.33617027089302e-24	0.204177594198381	0.992	0.972	1.00369102238671e-19	P:r1@EIF3CL	P:r1@EIF3CL	P:r1@EIF3CL	EIF3CL	EIF3CL	P	not_sig	beige	not_sig
3.51018789176457e-12	0.203626117956946	0.861	0.744	2.63674783865679e-07	P:r1@BCLAF1	P:r1@BCLAF1	P:r1@BCLAF1	BCLAF1	BCLAF1	P	not_sig	beige	not_sig
1.34289813877273e-10	0.203116665139292	0.595	0.454	1.00874479490191e-05	P:r1@TESK1	P:r1@TESK1	P:r1@TESK1	TESK1	TESK1	P	not_sig	beige	not_sig
4.37035742442831e-10	0.203014188258253	0.533	0.393	3.28288138650781e-05	P:r1@MTRR	P:r1@MTRR	P:r1@MTRR	MTRR	MTRR	P	not_sig	beige	not_sig
2.25962337281475e-10	0.202973478090689	0.845	0.741	1.69736128895726e-05	P:r1@AZI2	P:r1@AZI2	P:r1@AZI2	AZI2	AZI2	P	not_sig	beige	not_sig
4.14790033514984e-08	0.202630552662236	0.517	0.4	0.0031157782947545	P:r1@SLC25A28	P:r1@SLC25A28	P:r1@SLC25A28	SLC25A28	SLC25A28	P	not_sig	beige	not_sig
2.0429150446889e-09	0.202624424924463	0.388	0.279	0.000153457649411896	P:r1@MYH10	P:r1@MYH10	P:r1@MYH10	MYH10	MYH10	P	not_sig	beige	not_sig
2.58964249614154e-09	0.202057795947203	0.349	0.246	0.000194526175382664	P:r1@ZNF490	P:r1@ZNF490	P:r1@ZNF490	ZNF490	ZNF490	P	not_sig	beige	not_sig
4.61147822045277e-11	0.201995070858032	0.748	0.603	3.4640040948575e-06	P:r1@TRABD	P:r1@TRABD	P:r1@TRABD	TRABD	TRABD	P	not_sig	beige	not_sig
1.68311808947326e-10	0.201878806568614	0.296	0.198	1.26430781526963e-05	P:r1@TSEN54	P:r1@TSEN54	P:r1@TSEN54	TSEN54	TSEN54	P	not_sig	beige	not_sig
8.29786064123885e-08	0.201836421269847	0.335	0.25	0.00623310397787939	P:r1@CPNE7	P:r1@CPNE7	P:r1@CPNE7	CPNE7	CPNE7	P	not_sig	beige	not_sig
1.42336386568694e-09	0.201703555038498	0.49	0.365	0.000106918823498806	P:r1@TTC8	P:r1@TTC8	P:r1@TTC8	TTC8	TTC8	P	not_sig	beige	not_sig
4.49097899057113e-08	0.201695871625146	0.251	0.172	0.00337348868834731	P:r1@LLGL1	P:r1@LLGL1	P:r1@LLGL1	LLGL1	LLGL1	P	not_sig	beige	not_sig
1.53683361772995e-09	0.201431807950064	0.338	0.234	0.000115442330863021	P:r1@ZW10	P:r1@ZW10	P:r1@ZW10	ZW10	ZW10	P	not_sig	beige	not_sig
3.3589114560956e-09	0.201318961714562	0.641	0.499	0.000252311351847533	P:r1@CPSF3	P:r1@CPSF3	P:r1@CPSF3	CPSF3	CPSF3	P	not_sig	beige	not_sig
1.18381771363572e-07	-0.20130516773777	0.897	0.852	0.00889248351951741	P:r1@CCDC107	P:r1@CCDC107	P:r1@CCDC107	CCDC107	CCDC107	P	not_sig	white	not_sig
2.2411417664126e-11	0.201296316452068	0.911	0.833	1.68347846067615e-06	P:r1@COL16A1	P:r1@COL16A1	P:r1@COL16A1	COL16A1	COL16A1	P	not_sig	beige	not_sig
1.84867464093209e-09	0.20125033021099	0.468	0.342	0.000138866893002896	P:r1@MEIS3	P:r1@MEIS3	P:r1@MEIS3	MEIS3	MEIS3	P	not_sig	beige	not_sig
2.05809751305331e-10	0.201001633435631	0.395	0.278	1.54598110888025e-05	P:r1@SETDB1	P:r1@SETDB1	P:r1@SETDB1	SETDB1	SETDB1	P	not_sig	beige	not_sig
4.66208246681356e-11	0.200890461108781	0.458	0.328	3.50201648659634e-06	P:r1@ORC4	P:r1@ORC4	P:r1@ORC4	ORC4	ORC4	P	not_sig	beige	not_sig
2.71725483349416e-08	0.200788207572416	0.641	0.506	0.00204112031327581	P:r1@CTNNBL1	P:r1@CTNNBL1	P:r1@CTNNBL1	CTNNBL1	CTNNBL1	P	not_sig	beige	not_sig
1.41560511755732e-10	0.200610604468645	0.536	0.39	1.06336009615553e-05	P:r1@TFIP11	P:r1@TFIP11	P:r1@TFIP11	TFIP11	TFIP11	P	not_sig	beige	not_sig
5.46253543246734e-11	0.200591866797954	0.355	0.244	4.10329274080649e-06	P:r1@PI4K2A	P:r1@PI4K2A	P:r1@PI4K2A	PI4K2A	PI4K2A	P	not_sig	beige	not_sig
2.88382313294358e-08	0.200265963514614	0.758	0.655	0.00216624142277323	P:r1@PCBP3	P:r1@PCBP3	P:r1@PCBP3	PCBP3	PCBP3	P	not_sig	beige	not_sig
8.01354420689392e-08	0.200233751729636	0.24	0.165	0.0060195340018925	P:r1@BORCS6	P:r1@BORCS6	P:r1@BORCS6	BORCS6	BORCS6	P	not_sig	beige	not_sig
1.66491784697934e-12	0.200150478595727	0.852	0.72	1.25063633911547e-07	P:r1@RNF10	P:r1@RNF10	P:r1@RNF10	RNF10	RNF10	P	not_sig	beige	not_sig
1.57920243358585e-15	-0.200111064136778	0.974	0.952	1.18624949203668e-10	P:r1@JOSD2	P:r1@JOSD2	P:r1@JOSD2	JOSD2	JOSD2	P	not_sig	white	not_sig
2.4673984783397e-08	0.200098744606948	0.298	0.213	0.00185343571497443	P:r1@SLC25A23	P:r1@SLC25A23	P:r1@SLC25A23	SLC25A23	SLC25A23	P	not_sig	beige	not_sig
2.22191008722994e-10	0.200053705892867	0.368	0.254	1.66903220022451e-05	P:r1@USPL1	P:r1@USPL1	P:r1@USPL1	USPL1	USPL1	P	not_sig	beige	not_sig
6.01900474036213e-52	-0.200038251466748	1	0.999	4.52129579081782e-47	P:r1@RNASEK-C17orf49,r1@RNASEK	P:r1@RNASEK-C17orf49,r1@RNASEK	P:r1@RNASEK-C17orf49,r1@RNASEK	RNASEK-C17orf49	RNASEK-C17orf49,RNASEK	P	not_sig	white	not_sig
7.34852409444679e-10	0.199949867242515	0.723	0.582	5.5199908440256e-05	P:r1@NFYB	P:r1@NFYB	P:r1@NFYB	NFYB	NFYB	P	not_sig	beige	not_sig
6.45072787556822e-08	-0.199440617649816	0.873	0.826	0.00484559325829058	P:r1@AAMDC	P:r1@AAMDC	P:r1@AAMDC	AAMDC	AAMDC	P	not_sig	white	not_sig
1.1157657616163e-18	-0.199385918154349	0.991	0.987	8.38129767153313e-14	P:r1@TSPO	P:r1@TSPO	P:r1@TSPO	TSPO	TSPO	P	not_sig	white	not_sig
7.62489157988713e-08	0.199318749706872	0.204	0.136	0.00572758980806382	P:r1@BICRA	P:r1@BICRA	P:r1@BICRA	BICRA	BICRA	P	not_sig	beige	not_sig
1.81511080194021e-09	0.199030390477549	0.666	0.531	0.000136345678109343	P:r1@TNIP1	P:r1@TNIP1	P:r1@TNIP1	TNIP1	TNIP1	P	not_sig	beige	not_sig
9.95099376572524e-12	0.198920415573439	0.728	0.601	7.47488798699983e-07	P:r1@PLXND1	P:r1@PLXND1	P:r1@PLXND1	PLXND1	PLXND1	P	not_sig	beige	not_sig
2.63933649808567e-11	0.198847299317913	0.685	0.536	1.98259039726701e-06	P:r1@HAT1	P:r1@HAT1	P:r1@HAT1	HAT1	HAT1	P	not_sig	beige	not_sig
4.8078787041007e-10	0.198846662392576	0.305	0.207	3.61153424615933e-05	P:r1@ERBB2	P:r1@ERBB2	P:r1@ERBB2	ERBB2	ERBB2	P	not_sig	beige	not_sig
5.12425695686414e-10	0.198807793817199	0.488	0.361	3.84918809828763e-05	P:r1@SURF6	P:r1@SURF6	P:r1@SURF6	SURF6	SURF6	P	not_sig	beige	not_sig
6.21249162628708e-10	0.198756441012911	0.414	0.297	4.66663733491806e-05	P:r1@PLXNB2	P:r1@PLXNB2	P:r1@PLXNB2	PLXNB2	PLXNB2	P	not_sig	beige	not_sig
1.23701814561331e-07	0.19870422788478	0.292	0.207	0.00929210920440353	P:r1@FOXJ2	P:r1@FOXJ2	P:r1@FOXJ2	FOXJ2	FOXJ2	P	not_sig	beige	not_sig
9.607355334399e-08	0.198586359976128	0.426	0.326	0.0072167571065405	P:r1@NDUFAF7	P:r1@NDUFAF7	P:r1@NDUFAF7	NDUFAF7	NDUFAF7	P	not_sig	beige	not_sig
2.44717295235993e-08	0.198539804551804	0.393	0.288	0.00183824290662421	P:r1@CLP1	P:r1@CLP1	P:r1@CLP1	CLP1	CLP1	P	not_sig	beige	not_sig
2.31751737839498e-10	0.198532686807456	0.681	0.54	1.74084952912896e-05	P:r1@CHMP4B	P:r1@CHMP4B	P:r1@CHMP4B	CHMP4B	CHMP4B	P	not_sig	beige	not_sig
7.21650718224832e-10	0.197730799745543	0.365	0.255	5.42082370008947e-05	P:r1@ANKRD49	P:r1@ANKRD49	P:r1@ANKRD49	ANKRD49	ANKRD49	P	not_sig	beige	not_sig
1.26745842575707e-09	0.197717071092289	0.551	0.419	9.52076745675941e-05	P:r1@PPP6R3	P:r1@PPP6R3	P:r1@PPP6R3	PPP6R3	PPP6R3	P	not_sig	beige	not_sig
6.70668172399706e-09	0.197630818804782	0.296	0.205	0.000503785811061487	P:r1@SLC25A44	P:r1@SLC25A44	P:r1@SLC25A44	SLC25A44	SLC25A44	P	not_sig	beige	not_sig
4.69525117970054e-10	0.197301156035868	0.771	0.633	3.52693182865565e-05	P:r1@DDX47	P:r1@DDX47	P:r1@DDX47	DDX47	DDX47	P	not_sig	beige	not_sig
7.50699277024884e-10	0.197171907778727	0.307	0.208	5.63902775922782e-05	P:r1@PRDM4	P:r1@PRDM4	P:r1@PRDM4	PRDM4	PRDM4	P	not_sig	beige	not_sig
3.51194474705963e-09	0.197030404114907	0.615	0.479	0.000263806753564878	P:r1@AAR2	P:r1@AAR2	P:r1@AAR2	AAR2	AAR2	P	not_sig	beige	not_sig
1.49225199353604e-09	0.19683312135375	0.474	0.355	0.000112093492998447	P:r1@SDE2	P:r1@SDE2	P:r1@SDE2	SDE2	SDE2	P	not_sig	beige	not_sig
1.68117467627153e-08	0.19679451334247	0.312	0.222	0.00126284798157488	P:r1@FBXO38	P:r1@FBXO38	P:r1@FBXO38	FBXO38	FBXO38	P	not_sig	beige	not_sig
2.12135639366204e-14	0.196704010627922	0.978	0.962	1.59349928222712e-09	P:r1@SLC44A1	P:r1@SLC44A1	P:r1@SLC44A1	SLC44A1	SLC44A1	P	not_sig	beige	not_sig
4.87016134199623e-08	0.196560634581533	0.345	0.248	0.00365831909526731	P:r1@MOCS3	P:r1@MOCS3	P:r1@MOCS3	MOCS3	MOCS3	P	not_sig	beige	not_sig
5.80165742656426e-15	0.196144703083326	0.961	0.911	4.35803100911227e-10	P:r1@MMP14	P:r1@MMP14	P:r1@MMP14	MMP14	MMP14	P	not_sig	beige	not_sig
8.32161681170124e-08	0.196141844766546	0.272	0.194	0.00625094890044562	P:r1@ZNF526	P:r1@ZNF526	P:r1@ZNF526	ZNF526	ZNF526	P	not_sig	beige	not_sig
6.14915858269495e-08	0.19590929134611	0.654	0.523	0.00461906345256296	P:r1@NUP54	P:r1@NUP54	P:r1@NUP54	NUP54	NUP54	P	not_sig	beige	not_sig
1.26009964227785e-08	0.195481896037986	0.368	0.264	0.00094654904828985	P:r1@SH3GLB2	P:r1@SH3GLB2	P:r1@SH3GLB2	SH3GLB2	SH3GLB2	P	not_sig	beige	not_sig
3.63641716984392e-09	0.195237673192607	0.297	0.202	0.000273156748547166	P:r1@TTI1	P:r1@TTI1	P:r1@TTI1	TTI1	TTI1	P	not_sig	beige	not_sig
2.97138338817894e-10	0.195236734525842	0.783	0.659	2.23201405969837e-05	P:r1@RCC1,r1@SNHG3	P:r1@RCC1,r1@SNHG3	P:r1@RCC1,r1@SNHG3	RCC1	RCC1,SNHG3	P	not_sig	beige	not_sig
1.24651223685437e-08	0.19514398943141	0.43	0.318	0.0009363425969579	P:r1@DDX10	P:r1@DDX10	P:r1@DDX10	DDX10	DDX10	P	not_sig	beige	not_sig
2.23466798687046e-10	0.195067165877393	0.423	0.301	1.67861555169748e-05	P:r1@SRF	P:r1@SRF	P:r1@SRF	SRF	SRF	P	not_sig	beige	not_sig
1.52657592838689e-10	0.19496588085693	0.635	0.479	1.14671804012638e-05	P:r1@GLYR1	P:r1@GLYR1	P:r1@GLYR1	GLYR1	GLYR1	P	not_sig	beige	not_sig
5.59473211915471e-11	0.194807733513193	0.52	0.382	4.20259492594545e-06	P:r1@VEZT	P:r1@VEZT	P:r1@VEZT	VEZT	VEZT	P	not_sig	beige	not_sig
1.80271136503957e-14	-0.19470439093049	0.976	0.976	1.35414269607677e-09	P:r1@CYBA	P:r1@CYBA	P:r1@CYBA	CYBA	CYBA	P	not_sig	white	not_sig
3.34867677077163e-09	0.194696283045974	0.479	0.353	0.000251542552990053	P:r1@TRAK2	P:r1@TRAK2	P:r1@TRAK2	TRAK2	TRAK2	P	not_sig	beige	not_sig
8.23148244829824e-08	0.194218887900959	0.272	0.192	0.00618324267068819	P:r1@ZNF672	P:r1@ZNF672	P:r1@ZNF672	ZNF672	ZNF672	P	not_sig	beige	not_sig
2.00169783054799e-08	0.19379847941762	0.266	0.184	0.00150361535937273	P:r1@SLC35E2B	P:r1@SLC35E2B	P:r1@SLC35E2B	SLC35E2B	SLC35E2B	P	not_sig	beige	not_sig
1.39868942496278e-10	0.193543446388153	0.481	0.344	1.05065353534929e-05	P:r1@PPP6R2	P:r1@PPP6R2	P:r1@PPP6R2	PPP6R2	PPP6R2	P	not_sig	beige	not_sig
4.45261680690347e-11	0.193524911506953	0.779	0.621	3.34467216684168e-06	P:r1@SETD5	P:r1@SETD5	P:r1@SETD5	SETD5	SETD5	P	not_sig	beige	not_sig
4.50938776422669e-08	0.193374198745709	0.32	0.229	0.00338731680685416	P:r1@TAF9B	P:r1@TAF9B	P:r1@TAF9B	TAF9B	TAF9B	P	not_sig	beige	not_sig
2.10974267621174e-09	-0.193344409583084	0.945	0.946	0.000158477540608997	P:r1@CAV1	P:r1@CAV1	P:r1@CAV1	CAV1	CAV1	P	not_sig	white	not_sig
1.82108151114694e-10	0.193120132278422	0.538	0.397	1.36794179872825e-05	P:r1@NUMA1	P:r1@NUMA1	P:r1@NUMA1	NUMA1	NUMA1	P	not_sig	beige	not_sig
4.48780196323837e-10	0.192781223534412	0.563	0.423	3.37110220072577e-05	P:r1@PCNX4	P:r1@PCNX4	P:r1@PCNX4	PCNX4	PCNX4	P	not_sig	beige	not_sig
2.75367413335569e-09	0.192598642771279	0.456	0.331	0.000206847739875279	P:r1@SLC35A4	P:r1@SLC35A4	P:r1@SLC35A4	SLC35A4	SLC35A4	P	not_sig	beige	not_sig
1.01128648562269e-07	0.192523656985565	0.332	0.241	0.00759648069405193	P:r1@PTPN23	P:r1@PTPN23	P:r1@PTPN23	PTPN23	PTPN23	P	not_sig	beige	not_sig
3.42531024100217e-09	0.192427407303503	0.453	0.337	0.00025729902937336	P:r1@FAM120C	P:r1@FAM120C	P:r1@FAM120C	FAM120C	FAM120C	P	not_sig	beige	not_sig
2.24376197002625e-08	0.192261943856838	0.418	0.31	0.00168544667902462	P:r1@UBQLN4	P:r1@UBQLN4	P:r1@UBQLN4	UBQLN4	UBQLN4	P	not_sig	beige	not_sig
3.88630691954775e-10	0.192103216668311	0.481	0.353	2.91927716875668e-05	P:r1@RPA2	P:r1@RPA2	P:r1@RPA2	RPA2	RPA2	P	not_sig	beige	not_sig
2.75841064856328e-08	0.192077130797579	0.328	0.235	0.00207203532688128	P:r1@NBPF9	P:r1@NBPF9	P:r1@NBPF9	NBPF9	NBPF9	P	not_sig	beige	not_sig
9.8351598715469e-63	0.192059917436132	1	1	7.38787704070988e-58	P:r1@TPT1	P:r1@TPT1	P:r1@TPT1	TPT1	TPT1	P	not_sig	beige	not_sig
2.96633412232805e-13	0.191960868561733	0.891	0.784	2.22822120266916e-08	P:r1@EIF5B	P:r1@EIF5B	P:r1@EIF5B	EIF5B	EIF5B	P	not_sig	beige	not_sig
6.00789504581878e-09	0.191948431932452	0.364	0.262	0.000451295052156769	P:r1@PARP6	P:r1@PARP6	P:r1@PARP6	PARP6	PARP6	P	not_sig	beige	not_sig
8.74675613453369e-15	-0.19192504748937	0.995	0.991	6.57030080557767e-10	P:r1@MGST3	P:r1@MGST3	P:r1@MGST3	MGST3	MGST3	P	not_sig	white	not_sig
8.5939655977262e-14	-0.19176666093268	0.981	0.978	6.45552913804399e-09	P:r1@JAK1	P:r1@JAK1	P:r1@JAK1	JAK1	JAK1	P	not_sig	white	not_sig
6.97105529982453e-08	0.191713369711755	0.439	0.335	0.00523644760956919	P:r1@AC022966.1	P:r1@AC022966.1	P:r1@AC022966.1	AC022966.1	AC022966.1	P	not_sig	beige	not_sig
5.07475924150493e-09	0.19170781702059	0.355	0.251	0.000381200689944126	P:r1@CMTR1	P:r1@CMTR1	P:r1@CMTR1	CMTR1	CMTR1	P	not_sig	beige	not_sig
5.49812784532306e-11	0.191685540360601	0.845	0.728	4.13002869357133e-06	P:r1@MAX	P:r1@MAX	P:r1@MAX	MAX	MAX	P	not_sig	beige	not_sig
7.18690671848178e-14	0.191170296679589	0.907	0.815	5.39858871972195e-09	P:r1@IK,r1@MIR3655	P:r1@IK,r1@MIR3655	P:r1@IK,r1@MIR3655	IK	IK,MIR3655	P	not_sig	beige	not_sig
9.20848308658954e-08	0.190876905833522	0.536	0.418	0.00691713624015346	P:r1@UPF1	P:r1@UPF1	P:r1@UPF1	UPF1	UPF1	P	not_sig	beige	not_sig
1.73987579565663e-10	0.190851615074382	0.715	0.56	1.30694250142339e-05	P:r1@TBC1D20	P:r1@TBC1D20	P:r1@TBC1D20	TBC1D20	TBC1D20	P	not_sig	beige	not_sig
1.25064940375218e-08	0.190754906018701	0.37	0.266	0.000939450312616523	P:r1@TRIM56	P:r1@TRIM56	P:r1@TRIM56	TRIM56	TRIM56	P	not_sig	beige	not_sig
1.71284607501967e-09	0.190679913578803	0.589	0.449	0.000128663858617253	P:r1@PPP3CB	P:r1@PPP3CB	P:r1@PPP3CB	PPP3CB	PPP3CB	P	not_sig	beige	not_sig
7.43178588463491e-08	0.190621274255753	0.31	0.22	0.0055825346029612	P:r1@TCOF1	P:r1@TCOF1	P:r1@TCOF1	TCOF1	TCOF1	P	not_sig	beige	not_sig
2.38686182320456e-08	0.190435735627942	0.248	0.172	0.00179293899573657	P:r1@FJX1	P:r1@FJX1	P:r1@FJX1	FJX1	FJX1	P	not_sig	beige	not_sig
3.03660279271191e-08	0.190429586325864	0.385	0.283	0.0022810049198014	P:r1@TMEM68	P:r1@TMEM68	P:r1@TMEM68	TMEM68	TMEM68	P	not_sig	beige	not_sig
2.84685095722543e-10	0.190335397647538	0.717	0.575	2.13846903353903e-05	P:r1@TMEM33	P:r1@TMEM33	P:r1@TMEM33	TMEM33	TMEM33	P	not_sig	beige	not_sig
4.55404669775128e-09	0.190333360547511	0.458	0.339	0.000342086325794983	P:r1@ZNF592	P:r1@ZNF592	P:r1@ZNF592	ZNF592	ZNF592	P	not_sig	beige	not_sig
2.12154362231323e-17	0.190147524018362	0.958	0.895	1.59363992277303e-12	P:r1@AP2A1	P:r1@AP2A1	P:r1@AP2A1	AP2A1	AP2A1	P	not_sig	beige	not_sig
2.19628411935284e-08	0.190120742355743	0.514	0.394	0.00164978274193427	P:r1@CHERP	P:r1@CHERP	P:r1@CHERP	CHERP	CHERP	P	not_sig	beige	not_sig
3.40016004657004e-08	0.18996052416388	0.297	0.211	0.00255409822218202	P:r1@CAMK2G	P:r1@CAMK2G	P:r1@CAMK2G	CAMK2G	CAMK2G	P	not_sig	beige	not_sig
1.78287059031876e-08	0.189946471777082	0.633	0.498	0.00133923890132974	P:r1@KARS	P:r1@KARS	P:r1@KARS	KARS	KARS	P	not_sig	beige	not_sig
9.18138927013782e-09	0.189870987754494	0.503	0.381	0.000689678417804943	P:r1@TMEM184B	P:r1@TMEM184B	P:r1@TMEM184B	TMEM184B	TMEM184B	P	not_sig	beige	not_sig
1.52606256051351e-08	0.189718291464578	0.458	0.342	0.00114633241358093	P:r1@DNAL4,r2@SUN2	P:r1@DNAL4,r2@SUN2	P:r1@DNAL4,r2@SUN2	DNAL4	DNAL4,SUN2	P	not_sig	beige	not_sig
1.02699974308254e-09	0.189600595756431	0.401	0.28	7.71451397011315e-05	P:r1@FCF1	P:r1@FCF1	P:r1@FCF1	FCF1	FCF1	P	not_sig	beige	not_sig
8.25667511425957e-09	0.189512497547556	0.415	0.306	0.000620216664557836	P:r1@PDE12	P:r1@PDE12	P:r1@PDE12	PDE12	PDE12	P	not_sig	beige	not_sig
1.04727313545561e-09	0.189420505151754	0.436	0.32	7.86680161160194e-05	P:r1@CELF1	P:r1@CELF1	P:r1@CELF1	CELF1	CELF1	P	not_sig	beige	not_sig
3.12706758054092e-08	0.189392226520678	0.408	0.304	0.00234895935447492	P:r1@IGF2BP3	P:r1@IGF2BP3	P:r1@IGF2BP3	IGF2BP3	IGF2BP3	P	not_sig	beige	not_sig
3.7081831444062e-09	0.189343760627033	0.418	0.305	0.00027854759325836	P:r1@SBF1	P:r1@SBF1	P:r1@SBF1	SBF1	SBF1	P	not_sig	beige	not_sig
5.05233335902821e-10	0.189341771114105	0.44	0.318	3.79516124930122e-05	P:r1@IVNS1ABP	P:r1@IVNS1ABP	P:r1@IVNS1ABP	IVNS1ABP	IVNS1ABP	P	not_sig	beige	not_sig
2.98523955152402e-17	0.189337127619115	0.984	0.953	2.2424223939183e-12	P:r1@SARS	P:r1@SARS	P:r1@SARS	SARS	SARS	P	not_sig	beige	not_sig
2.76795103742255e-37	-0.189324702821167	1	1	2.07920178078069e-32	P:r1@S100A11	P:r1@S100A11	P:r1@S100A11	S100A11	S100A11	P	not_sig	white	not_sig
1.29744344801988e-10	0.189311954730242	0.531	0.388	9.74600594849091e-06	P:r1@NXF1	P:r1@NXF1	P:r1@NXF1	NXF1	NXF1	P	not_sig	beige	not_sig
9.40551541728623e-08	0.189289897194019	0.322	0.233	0.00706514101600289	P:r1@RCC2	P:r1@RCC2	P:r1@RCC2	RCC2	RCC2	P	not_sig	beige	not_sig
3.41237030200704e-08	0.189167864362952	0.313	0.221	0.00256327019975863	P:r1@FAM20B	P:r1@FAM20B	P:r1@FAM20B	FAM20B	FAM20B	P	not_sig	beige	not_sig
5.53873959681254e-08	0.188976278522816	0.772	0.652	0.00416053502293768	P:r1@SUCLG2	P:r1@SUCLG2	P:r1@SUCLG2	SUCLG2	SUCLG2	P	not_sig	beige	not_sig
6.9199781244375e-08	0.188756403503468	0.509	0.387	0.00519807996773372	P:r1@GAS2L1	P:r1@GAS2L1	P:r1@GAS2L1	GAS2L1	GAS2L1	P	not_sig	beige	not_sig
1.39517751791958e-09	0.188295972842688	0.704	0.573	0.000104801549613565	P:r1@CMSS1	P:r1@CMSS1	P:r1@CMSS1	CMSS1	CMSS1	P	not_sig	beige	not_sig
1.04165184411933e-18	0.188038268198299	0.969	0.922	7.82457615747119e-14	P:r1@MATR3	P:r1@MATR3	P:r1@MATR3	MATR3	MATR3	P	not_sig	beige	not_sig
7.55163146934373e-09	0.187577309664155	0.453	0.331	0.000567255901082693	P:r1@ACSF3	P:r1@ACSF3	P:r1@ACSF3	ACSF3	ACSF3	P	not_sig	beige	not_sig
5.05749920502746e-10	0.187563146163606	0.487	0.357	3.79904167784048e-05	P:r1@THAP12	P:r1@THAP12	P:r1@THAP12	THAP12	THAP12	P	not_sig	beige	not_sig
5.65877260714362e-08	0.18738007634217	0.309	0.22	0.00425070021930808	P:r1@WDR26	P:r1@WDR26	P:r1@WDR26	WDR26	WDR26	P	not_sig	beige	not_sig
2.96285380682699e-09	0.187378148188929	0.461	0.34	0.000222560689407423	P:r1@ITPKC	P:r1@ITPKC	P:r1@ITPKC	ITPKC	ITPKC	P	not_sig	beige	not_sig
2.71785075655505e-09	0.187363246469941	0.505	0.38	0.000204156795280145	P:r1@KANSL2	P:r1@KANSL2	P:r1@KANSL2	KANSL2	KANSL2	P	not_sig	beige	not_sig
5.56180061230522e-08	0.187181059779607	0.813	0.699	0.00417785776594531	P:r1@SS18	P:r1@SS18	P:r1@SS18	SS18	SS18	P	not_sig	beige	not_sig
7.20849396203742e-09	0.187167294184039	0.432	0.313	0.000541480440946365	P:r1@AP5Z1	P:r1@AP5Z1	P:r1@AP5Z1	AP5Z1	AP5Z1	P	not_sig	beige	not_sig
1.38017188605859e-10	0.187130252100516	0.894	0.79	1.03674371565063e-05	P:r1@NARS	P:r1@NARS	P:r1@NARS	NARS	NARS	P	not_sig	beige	not_sig
1.28065328715876e-08	0.186985916981996	0.429	0.318	0.000961988329715048	P:r1@ZNF768	P:r1@ZNF768	P:r1@ZNF768	ZNF768	ZNF768	P	not_sig	beige	not_sig
7.29770730868231e-08	0.186805174108628	0.303	0.217	0.00548181879906289	P:r1@FAAP100	P:r1@FAAP100	P:r1@FAAP100	FAAP100	FAAP100	P	not_sig	beige	not_sig
1.7408292318947e-08	0.186661001373053	0.359	0.26	0.00130765869412234	P:r1@EVI5L	P:r1@EVI5L	P:r1@EVI5L	EVI5L	EVI5L	P	not_sig	beige	not_sig
4.38771224159219e-09	0.186537758165853	0.419	0.301	0.000329591780451681	P:r1@BTBD10	P:r1@BTBD10	P:r1@BTBD10	BTBD10	BTBD10	P	not_sig	beige	not_sig
1.0502932673161e-09	0.186473935055669	0.513	0.381	7.88948793609834e-05	P:r1@RBM5	P:r1@RBM5	P:r1@RBM5	RBM5	RBM5	P	not_sig	beige	not_sig
1.20938890949948e-07	0.186466360861019	0.664	0.54	0.00908456667148722	P:r1@CACUL1	P:r1@CACUL1	P:r1@CACUL1	CACUL1	CACUL1	P	not_sig	beige	not_sig
1.66834770218947e-10	0.186227568720911	0.866	0.752	1.25321274345366e-05	P:r1@CHP1	P:r1@CHP1	P:r1@CHP1	CHP1	CHP1	P	not_sig	beige	not_sig
7.4769045233434e-09	0.186214620090587	0.427	0.315	0.000561642637079986	P:r1@MYD88	P:r1@MYD88	P:r1@MYD88	MYD88	MYD88	P	not_sig	beige	not_sig
1.04462669944144e-11	0.185997729558867	0.913	0.82	7.8469223781943e-07	P:r1@NPTN	P:r1@NPTN	P:r1@NPTN	NPTN	NPTN	P	not_sig	beige	not_sig
5.78823501809504e-08	0.185968635933646	0.249	0.171	0.00434794849854245	P:r1@WARS2-AS1	P:r1@WARS2-AS1	P:r1@WARS2-AS1	WARS2-AS1	WARS2-AS1	P	not_sig	beige	not_sig
1.30687591099182e-09	0.18595139620292	0.892	0.819	9.81685978059727e-05	P:r1@CORO2B	P:r1@CORO2B	P:r1@CORO2B	CORO2B	CORO2B	P	not_sig	beige	not_sig
5.30204220156746e-08	0.185867319047527	0.521	0.399	0.00398273504055143	P:r1@MFSD14B	P:r1@MFSD14B	P:r1@MFSD14B	MFSD14B	MFSD14B	P	not_sig	beige	not_sig
2.70997062328068e-16	0.185759936212826	0.972	0.929	2.03564863308975e-11	P:r1@OAT	P:r1@OAT	P:r1@OAT	OAT	OAT	P	not_sig	beige	not_sig
6.04371411321762e-08	0.185705213371752	0.55	0.431	0.00453985673042568	P:r1@GXYLT2	P:r1@GXYLT2	P:r1@GXYLT2	GXYLT2	GXYLT2	P	not_sig	beige	not_sig
4.89336890475457e-08	0.185645546685404	0.442	0.33	0.00367575192018449	P:r1@CLASRP	P:r1@CLASRP	P:r1@CLASRP	CLASRP	CLASRP	P	not_sig	beige	not_sig
2.91399229765818e-10	0.18553008335599	0.652	0.501	2.18890359423189e-05	P:r1@ABHD4	P:r1@ABHD4	P:r1@ABHD4	ABHD4	ABHD4	P	not_sig	beige	not_sig
3.90938758049015e-11	-0.185503933151452	0.936	0.919	2.93661466883679e-06	P:r1@NDUFAF3	P:r1@NDUFAF3	P:r1@NDUFAF3	NDUFAF3	NDUFAF3	P	not_sig	white	not_sig
5.84083878821228e-09	-0.185493022891239	0.938	0.913	0.000438746287254142	P:r1@DCUN1D5	P:r1@DCUN1D5	P:r1@DCUN1D5	DCUN1D5	DCUN1D5	P	not_sig	white	not_sig
5.22807067429925e-29	-0.185434451670178	0.999	0.998	3.92716984841337e-24	P:r1@GNG5	P:r1@GNG5	P:r1@GNG5	GNG5	GNG5	P	not_sig	white	not_sig
3.49198586287219e-11	-0.18534225136271	0.969	0.954	2.62307502061371e-06	P:r1@ARPC5	P:r1@ARPC5	P:r1@ARPC5	ARPC5	ARPC5	P	not_sig	white	not_sig
1.09524415966547e-08	0.185282901688616	0.455	0.338	0.00082271455541591	P:r1@ACAD9	P:r1@ACAD9	P:r1@ACAD9	ACAD9	ACAD9	P	not_sig	beige	not_sig
9.90454987519993e-24	-0.185245422665055	0.998	0.997	7.44000072975393e-19	P:r1@VKORC1,r1@AC135050.2	P:r1@VKORC1,r1@AC135050.2	P:r1@VKORC1,r1@AC135050.2	VKORC1	VKORC1,AC135050.2	P	not_sig	white	not_sig
1.27818236836961e-08	0.185152330174065	0.453	0.338	0.000960132249648198	P:r1@ATF7IP	P:r1@ATF7IP	P:r1@ATF7IP	ATF7IP	ATF7IP	P	not_sig	beige	not_sig
8.25514553691204e-08	0.185121601182916	0.736	0.605	0.00620101767296221	P:r1@U2AF2	P:r1@U2AF2	P:r1@U2AF2	U2AF2	U2AF2	P	not_sig	beige	not_sig
2.35836802788493e-10	0.18506818311616	0.951	0.909	1.77153531150632e-05	P:r1@ITGA5	P:r1@ITGA5	P:r1@ITGA5	ITGA5	ITGA5	P	not_sig	beige	not_sig
7.84157628597532e-12	0.18504424330433	0.786	0.638	5.89035685873608e-07	P:r1@CAPN1	P:r1@CAPN1	P:r1@CAPN1	CAPN1	CAPN1	P	not_sig	beige	not_sig
1.91044157396231e-10	0.184837957602975	0.898	0.802	1.43506639711327e-05	P:r1@SMARCD2	P:r1@SMARCD2	P:r1@SMARCD2	SMARCD2	SMARCD2	P	not_sig	beige	not_sig
2.62701876829597e-09	0.184837111010478	0.741	0.599	0.000197333768818089	P:r1@PKN1	P:r1@PKN1	P:r1@PKN1	PKN1	PKN1	P	not_sig	beige	not_sig
1.33662021793691e-08	0.18472099951526	0.775	0.656	0.00100402900910767	P:r3@RPS14	P:r3@RPS14	P:r3@RPS14	RPS14	RPS14	P	not_sig	beige	not_sig
2.24466878138848e-08	0.184672954028385	0.618	0.489	0.00168612784851558	P:r1@INTS13	P:r1@INTS13	P:r1@INTS13	INTS13	INTS13	P	not_sig	beige	not_sig
3.72232520853461e-09	-0.184450625743996	0.946	0.945	0.000279609902689494	P:r1@SPTBN1	P:r1@SPTBN1	P:r1@SPTBN1	SPTBN1	SPTBN1	P	not_sig	white	not_sig
9.89286540282679e-08	0.184442128495018	0.577	0.457	0.0074312237046414	P:r1@ESYT2	P:r1@ESYT2	P:r1@ESYT2	ESYT2	ESYT2	P	not_sig	beige	not_sig
1.0193162337394e-07	0.184378891752666	0.797	0.696	0.00765679775298027	P:r1@ZDHHC9	P:r1@ZDHHC9	P:r1@ZDHHC9	ZDHHC9	ZDHHC9	P	not_sig	beige	not_sig
7.25198399497502e-08	0.184329075836796	0.432	0.33	0.00544747281750538	P:r1@NDRG1	P:r1@NDRG1	P:r1@NDRG1	NDRG1	NDRG1	P	not_sig	beige	not_sig
1.64192566100711e-08	0.184299710812958	0.702	0.577	0.00123336529877871	P:r1@OGT	P:r1@OGT	P:r1@OGT	OGT	OGT	P	not_sig	beige	not_sig
6.58944240313127e-32	0.184249285209764	0.998	0.998	4.94979144996012e-27	P:r1@RPL21P16	P:r1@RPL21P16	P:r1@RPL21P16	RPL21P16	RPL21P16	P	not_sig	beige	not_sig
5.01554169801783e-08	-0.184123526004739	0.86	0.838	0.00376752445730005	P:r1@POLE4	P:r1@POLE4	P:r1@POLE4	POLE4	POLE4	P	not_sig	white	not_sig
2.3093715889134e-08	0.183844983731304	0.34	0.242	0.00173473065644408	P:r1@PIK3R4	P:r1@PIK3R4	P:r1@PIK3R4	PIK3R4	PIK3R4	P	not_sig	beige	not_sig
1.81839947118999e-09	0.183720851485034	0.854	0.746	0.000136592713077378	P:r1@PTPRG	P:r1@PTPRG	P:r1@PTPRG	PTPRG	PTPRG	P	not_sig	beige	not_sig
9.65830157504843e-08	0.183648692945954	0.251	0.174	0.00725502639412913	P:r1@FEM1A	P:r1@FEM1A	P:r1@FEM1A	FEM1A	FEM1A	P	not_sig	beige	not_sig
1.07711238990387e-09	0.183637463243819	0.379	0.267	8.09094513924088e-05	P:r1@RAB11FIP5	P:r1@RAB11FIP5	P:r1@RAB11FIP5	RAB11FIP5	RAB11FIP5	P	not_sig	beige	not_sig
6.22834517508938e-09	0.18350169280649	0.502	0.385	0.000467854604517189	P:r1@AC006064.4	P:r1@AC006064.4	P:r1@AC006064.4	AC006064.4	AC006064.4	P	not_sig	beige	not_sig
2.03688726489456e-09	0.183312899028163	0.354	0.248	0.000153004860677084	P:r1@ZBTB17	P:r1@ZBTB17	P:r1@ZBTB17	ZBTB17	ZBTB17	P	not_sig	beige	not_sig
8.65440027383226e-09	0.183257705629552	0.819	0.719	0.000650092585369458	P:r1@MAP4K4	P:r1@MAP4K4	P:r1@MAP4K4	MAP4K4	MAP4K4	P	not_sig	beige	not_sig
9.11798689626803e-12	-0.183168586685557	0.958	0.934	6.84915821686966e-07	P:r1@ZNF593	P:r1@ZNF593	P:r1@ZNF593	ZNF593	ZNF593	P	not_sig	white	not_sig
1.02569300593503e-08	0.182978634756223	0.395	0.285	0.000770469815268216	P:r1@ST7,r1@ST7-OT4,r1@AC106873.7	P:r1@ST7,r1@ST7-OT4,r1@AC106873.7	P:r1@ST7,r1@ST7-OT4,r1@AC106873.7	ST7	ST7,ST7-OT4,AC106873.7	P	not_sig	beige	not_sig
4.77549943926861e-08	0.182908516120771	0.292	0.207	0.0035872119137954	P:r1@BICD1	P:r1@BICD1	P:r1@BICD1	BICD1	BICD1	P	not_sig	beige	not_sig
1.66196571225459e-08	0.182785659755162	0.481	0.362	0.00124841878407428	P:r1@SERTAD2	P:r1@SERTAD2	P:r1@SERTAD2	SERTAD2	SERTAD2	P	not_sig	beige	not_sig
2.89279268921359e-08	0.182722912546418	0.44	0.33	0.00217297908435657	D:r1@ADDG06158561025.B	D:r1@ADDG06158561025.B	D:r1@..025.B	..025.B	ADDG06158561025.B	D	not_sig	beige	not_sig
8.47865441942884e-12	0.182623587672256	0.429	0.299	6.36891084024236e-07	P:r1@SPOUT1	P:r1@SPOUT1	P:r1@SPOUT1	SPOUT1	SPOUT1	P	not_sig	beige	not_sig
1.09459057703748e-21	0.182450277154414	0.997	0.998	8.22223603753247e-17	P:r1@DDX5	P:r1@DDX5	P:r1@DDX5	DDX5	DDX5	P	not_sig	beige	not_sig
2.11790991037971e-12	0.182437700676287	0.775	0.641	1.59091038737993e-07	P:r1@ATP13A1	P:r1@ATP13A1	P:r1@ATP13A1	ATP13A1	ATP13A1	P	not_sig	beige	not_sig
2.23908697849208e-08	0.18240908757937	0.746	0.607	0.0016819349656339	P:r1@RARS2	P:r1@RARS2	P:r1@RARS2	RARS2	RARS2	P	not_sig	beige	not_sig
7.40316733609291e-27	-0.182370654732464	0.998	0.997	5.56103720785291e-22	P:r1@NENF	P:r1@NENF	P:r1@NENF	NENF	NENF	P	not_sig	white	not_sig
3.74169062340751e-08	0.182227824306589	0.46	0.342	0.00281064574558502	P:r1@ABCB7	P:r1@ABCB7	P:r1@ABCB7	ABCB7	ABCB7	P	not_sig	beige	not_sig
9.70535395762292e-09	0.182152394874092	0.523	0.398	0.000729037073234761	P:r1@FOXJ3	P:r1@FOXJ3	P:r1@FOXJ3	FOXJ3	FOXJ3	P	not_sig	beige	not_sig
2.40691472037786e-43	-0.182005976268237	1	1	1.80800213050624e-38	P:r1@GSTP1	P:r1@GSTP1	P:r1@GSTP1	GSTP1	GSTP1	P	not_sig	white	not_sig
3.85343641994302e-08	0.181993991203145	0.375	0.278	0.0028945858355686	P:r1@TBCE	P:r1@TBCE	P:r1@TBCE	TBCE	TBCE	P	not_sig	beige	not_sig
4.59546181003864e-08	0.181946825443942	0.455	0.345	0.00345197304784673	P:r1@MECP2	P:r1@MECP2	P:r1@MECP2	MECP2	MECP2	P	not_sig	beige	not_sig
4.21969043933735e-08	-0.181789777516591	0.911	0.875	0.00316970486731704	P:r1@PAK2	P:r1@PAK2	P:r1@PAK2	PAK2	PAK2	P	not_sig	white	not_sig
1.13756788259624e-09	0.181777953660275	0.641	0.503	8.54506866369821e-05	P:r1@BTBD6	P:r1@BTBD6	P:r1@BTBD6	BTBD6	BTBD6	P	not_sig	beige	not_sig
1.91628412035962e-09	0.181737318897939	0.773	0.627	0.000143945514269053	P:r1@CLIP3	P:r1@CLIP3	P:r1@CLIP3	CLIP3	CLIP3	P	not_sig	beige	not_sig
5.08273348475217e-08	0.181405300420857	0.71	0.58	0.00381799691174129	P:r1@CNOT8	P:r1@CNOT8	P:r1@CNOT8	CNOT8	CNOT8	P	not_sig	beige	not_sig
5.46716995733512e-21	0.181132689209454	0.995	0.98	4.10677405685142e-16	P:r1@EIF4A2	P:r1@EIF4A2	P:r1@EIF4A2	EIF4A2	EIF4A2	P	not_sig	beige	not_sig
4.65280214731444e-08	0.18107787325154	0.349	0.253	0.00349504538899819	P:r1@MRE11	P:r1@MRE11	P:r1@MRE11	MRE11	MRE11	P	not_sig	beige	not_sig
9.01659675034726e-08	0.18105738938112	0.277	0.194	0.00677299698095835	P:r1@XYLT2	P:r1@XYLT2	P:r1@XYLT2	XYLT2	XYLT2	P	not_sig	beige	not_sig
7.14771079044127e-08	0.180970329001328	0.209	0.142	0.00536914591445577	P:r1@ADDG0X107118894.B,r1@RBM41	P:r1@ADDG0X107118894.B,r1@RBM41	P:r1@..894.B,r1@RBM41	..894.B	ADDG0X107118894.B,RBM41	P	not_sig	beige	not_sig
3.13961011566272e-25	0.180820591624916	0.996	0.999	2.35838093058237e-20	P:r1@PSAP	P:r1@PSAP	P:r1@PSAP	PSAP	PSAP	P	not_sig	beige	not_sig
4.64618124776529e-09	0.180783770384561	0.645	0.498	0.000349007196788385	P:r1@ATP6V1C1	P:r1@ATP6V1C1	P:r1@ATP6V1C1	ATP6V1C1	ATP6V1C1	P	not_sig	beige	not_sig
9.4372469511585e-09	0.180705269904874	0.609	0.471	0.000708897679230173	P:r1@FBXW2	P:r1@FBXW2	P:r1@FBXW2	FBXW2	FBXW2	P	not_sig	beige	not_sig
4.32738954106059e-08	0.180584236205841	0.582	0.461	0.00325060520155849	P:r1@MPRIP	P:r1@MPRIP	P:r1@MPRIP	MPRIP	MPRIP	P	not_sig	beige	not_sig
9.37077158115725e-08	0.180561335059943	0.388	0.283	0.00703904248861789	P:r1@MRI1	P:r1@MRI1	P:r1@MRI1	MRI1	MRI1	P	not_sig	beige	not_sig
1.50381082227926e-08	0.180489588759598	0.42	0.303	0.00112961757537151	P:r1@ZNF384	P:r1@ZNF384	P:r1@ZNF384	ZNF384	ZNF384	P	not_sig	beige	not_sig
8.30044432210676e-25	-0.180438438855102	1	1	6.23504476143693e-20	P:r1@SH3BGRL3	P:r1@SH3BGRL3	P:r1@SH3BGRL3	SH3BGRL3	SH3BGRL3	P	not_sig	white	not_sig
3.50340163931782e-52	-0.180421862307695	1	1	2.63165020940637e-47	P:r1@PPDPF	P:r1@PPDPF	P:r1@PPDPF	PPDPF	PPDPF	P	not_sig	white	not_sig
5.10588606761572e-13	-0.180393723408579	0.993	0.987	3.8353884374109e-08	P:r1@S100A13	P:r1@S100A13	P:r1@S100A13	S100A13	S100A13	P	not_sig	white	not_sig
1.28744860393952e-09	0.180351453624302	0.407	0.295	9.67092767821252e-05	P:r1@PRMT6	P:r1@PRMT6	P:r1@PRMT6	PRMT6	PRMT6	P	not_sig	beige	not_sig
9.14287519431567e-09	0.180305793461005	0.499	0.377	0.00068678535597141	P:r1@SPIRE1	P:r1@SPIRE1	P:r1@SPIRE1	SPIRE1	SPIRE1	P	not_sig	beige	not_sig
4.30411472616464e-09	0.179989896487903	0.536	0.404	0.000323312185885309	P:r1@ADAM17	P:r1@ADAM17	P:r1@ADAM17	ADAM17	ADAM17	P	not_sig	beige	not_sig
3.28046637018452e-08	0.179877763012189	0.266	0.183	0.00246418792329151	P:r1@FBXW9	P:r1@FBXW9	P:r1@FBXW9	FBXW9	FBXW9	P	not_sig	beige	not_sig
2.87930293841788e-09	0.179843503950891	0.748	0.611	0.000216284598825136	P:r1@NR2F6	P:r1@NR2F6	P:r1@NR2F6	NR2F6	NR2F6	P	not_sig	beige	not_sig
9.89976416690184e-08	0.179359674475957	0.294	0.213	0.00743640584925165	P:r1@NCOA2	P:r1@NCOA2	P:r1@NCOA2	NCOA2	NCOA2	P	not_sig	beige	not_sig
1.30920625091187e-32	-0.178932069266543	1	0.999	9.83436459497471e-28	P:r1@NDUFB2	P:r1@NDUFB2	P:r1@NDUFB2	NDUFB2	NDUFB2	P	not_sig	white	not_sig
1.39780940577712e-10	-0.178361690461413	0.987	0.988	1.0499924913376e-05	P:r1@THY1	P:r1@THY1	P:r1@THY1	THY1	THY1	P	not_sig	white	not_sig
9.53703176276531e-09	0.178269428516818	0.371	0.272	0.000716393214923642	P:r1@TMEM200A	P:r1@TMEM200A	P:r1@TMEM200A	TMEM200A	TMEM200A	P	not_sig	beige	not_sig
5.35761771246061e-08	0.178258156636083	0.386	0.285	0.00402448169706903	P:r1@METTL14	P:r1@METTL14	P:r1@METTL14	METTL14	METTL14	P	not_sig	beige	not_sig
2.00700102378745e-09	0.178158881849121	0.572	0.43	0.000150759895903842	P:r1@CARM1	P:r1@CARM1	P:r1@CARM1	CARM1	CARM1	P	not_sig	beige	not_sig
1.0173503771645e-10	0.178045628028165	0.881	0.776	7.64203082814654e-06	P:r1@MAN2B1	P:r1@MAN2B1	P:r1@MAN2B1	MAN2B1	MAN2B1	P	not_sig	beige	not_sig
2.40321568612867e-08	0.17795713173311	0.314	0.222	0.00180522352694927	P:r1@UBR7	P:r1@UBR7	P:r1@UBR7	UBR7	UBR7	P	not_sig	beige	not_sig
1.07558617226172e-09	-0.177851200613006	0.96	0.935	8.07948065017833e-05	P:r1@CISD3	P:r1@CISD3	P:r1@CISD3	CISD3	CISD3	P	not_sig	white	not_sig
4.73652612615087e-08	0.177800297989665	0.536	0.418	0.00355793633018075	P:r1@CTPS1	P:r1@CTPS1	P:r1@CTPS1	CTPS1	CTPS1	P	not_sig	beige	not_sig
1.14281351559088e-07	0.177756476135944	0.375	0.279	0.008584472285064	P:r1@BCAR1	P:r1@BCAR1	P:r1@BCAR1	BCAR1	BCAR1	P	not_sig	beige	not_sig
1.0485088285682e-12	-0.17760829148252	0.97	0.954	7.87608376755577e-08	P:r1@MRPS16	P:r1@MRPS16	P:r1@MRPS16	MRPS16	MRPS16	P	not_sig	white	not_sig
1.90459595405164e-10	0.177570117538928	0.985	0.964	1.43067534280497e-05	P:r1@TGFB1	P:r1@TGFB1	P:r1@TGFB1	TGFB1	TGFB1	P	not_sig	beige	not_sig
8.76640673857381e-09	0.177545106368283	0.264	0.18	0.000658506174981449	P:r1@SLC11A2	P:r1@SLC11A2	P:r1@SLC11A2	SLC11A2	SLC11A2	P	not_sig	beige	not_sig
2.05985431038879e-09	0.17753023679024	0.675	0.532	0.000154730076233475	P:r1@GBF1	P:r1@GBF1	P:r1@GBF1	GBF1	GBF1	P	not_sig	beige	not_sig
1.99791838197193e-09	0.17750941658089	0.578	0.439	0.000150077635098586	P:r1@SETD2	P:r1@SETD2	P:r1@SETD2	SETD2	SETD2	P	not_sig	beige	not_sig
1.82167392838078e-08	0.177378193069682	0.784	0.656	0.00136838680478179	P:r1@RYK	P:r1@RYK	P:r1@RYK	RYK	RYK	P	not_sig	beige	not_sig
5.64389980278936e-08	0.177288343896289	0.325	0.231	0.00423952821486128	P:r1@ZKSCAN8	P:r1@ZKSCAN8	P:r1@ZKSCAN8	ZKSCAN8	ZKSCAN8	P	not_sig	beige	not_sig
1.54095327154699e-08	0.177093006455005	0.691	0.547	0.00115751786898795	P:r1@ZNF146	P:r1@ZNF146	P:r1@ZNF146	ZNF146	ZNF146	P	not_sig	beige	not_sig
2.65269055748915e-15	0.176982164631937	0.943	0.861	1.99262156606913e-10	P:r1@CTDNEP1	P:r1@CTDNEP1	P:r1@CTDNEP1	CTDNEP1	CTDNEP1	P	not_sig	beige	not_sig
3.4246906989529e-09	0.1769577990946	0.403	0.288	0.000257252491233245	P:r1@MED23	P:r1@MED23	P:r1@MED23	MED23	MED23	P	not_sig	beige	not_sig
6.72299181126924e-09	0.176675420323364	0.464	0.349	0.000505010975887112	P:r1@PLCD1	P:r1@PLCD1	P:r1@PLCD1	PLCD1	PLCD1	P	not_sig	beige	not_sig
1.67003721568612e-18	0.176382180448223	0.996	0.992	1.25448185530694e-13	P:r1@LPAR1	P:r1@LPAR1	P:r1@LPAR1	LPAR1	LPAR1	P	not_sig	beige	not_sig
2.27063704759681e-08	0.175722523212985	0.412	0.307	0.0017056344310433	P:r1@TNPO3	P:r1@TNPO3	P:r1@TNPO3	TNPO3	TNPO3	P	not_sig	beige	not_sig
1.27693630135822e-10	0.175711280067258	0.844	0.72	9.59196241491253e-06	P:r1@CCZ1B	P:r1@CCZ1B	P:r1@CCZ1B	CCZ1B	CCZ1B	P	not_sig	beige	not_sig
4.08886559216623e-53	-0.1756413386973	0.999	0.999	3.0714331668675e-48	P:r1@COX6A1,r1@AL021546.1	P:r1@COX6A1,r1@AL021546.1	P:r1@COX6A1,r1@AL021546.1	COX6A1	COX6A1,AL021546.1	P	not_sig	white	not_sig
1.85755806045246e-10	0.17537035599945	0.598	0.454	1.39534188827007e-05	P:r1@EXOC7	P:r1@EXOC7	P:r1@EXOC7	EXOC7	EXOC7	P	not_sig	beige	not_sig
3.14220700505874e-08	0.175362959767293	0.224	0.15	0.00236033163598998	P:r1@GHDC	P:r1@GHDC	P:r1@GHDC	GHDC	GHDC	P	not_sig	beige	not_sig
2.10459072344762e-10	0.175079132359818	0.401	0.282	1.58090541373215e-05	P:r1@HECTD4	P:r1@HECTD4	P:r1@HECTD4	HECTD4	HECTD4	P	not_sig	beige	not_sig
7.28912306035444e-09	0.175035682284115	0.337	0.238	0.000547537056924645	P:r1@FAM220A,r1@AC009412.1	P:r1@FAM220A,r1@AC009412.1	P:r1@FAM220A,r1@AC009412.1	FAM220A	FAM220A,AC009412.1	P	not_sig	beige	not_sig
2.8463069272378e-08	0.174996043333191	0.505	0.386	0.00213806037453322	P:r1@PSEN1	P:r1@PSEN1	P:r1@PSEN1	PSEN1	PSEN1	P	not_sig	beige	not_sig
6.01958962907975e-08	0.174756258484229	0.253	0.175	0.00452173514167584	P:r1@PAK4	P:r1@PAK4	P:r1@PAK4	PAK4	PAK4	P	not_sig	beige	not_sig
3.29151227320561e-12	-0.174755407725044	0.98	0.959	2.47248527426386e-07	P:r1@EMC6	P:r1@EMC6	P:r1@EMC6	EMC6	EMC6	P	not_sig	white	not_sig
3.11355612325166e-10	0.174733867157464	0.571	0.425	2.33880995310295e-05	P:r1@PIK3C3	P:r1@PIK3C3	P:r1@PIK3C3	PIK3C3	PIK3C3	P	not_sig	beige	not_sig
1.95988221264399e-08	0.174632563861971	0.428	0.312	0.00147220472167178	P:r1@PACS1	P:r1@PACS1	P:r1@PACS1	PACS1	PACS1	P	not_sig	beige	not_sig
9.27194568365851e-08	0.174523427980418	0.319	0.229	0.00696480743919376	P:r2@TCAF1	P:r2@TCAF1	P:r2@TCAF1	TCAF1	TCAF1	P	not_sig	beige	not_sig
3.20697748223326e-08	0.174256226140524	0.614	0.478	0.00240898527532916	P:r1@MOSMO	P:r1@MOSMO	P:r1@MOSMO	MOSMO	MOSMO	P	not_sig	beige	not_sig
7.42444003398935e-09	0.174204141964515	0.745	0.611	0.000557701662033178	P:r1@PHF14	P:r1@PHF14	P:r1@PHF14	PHF14	PHF14	P	not_sig	beige	not_sig
6.34849893433961e-08	0.174180996033473	0.619	0.489	0.00476880194450788	P:r1@CNDP2	P:r1@CNDP2	P:r1@CNDP2	CNDP2	CNDP2	P	not_sig	beige	not_sig
1.09378134530157e-09	0.17414733793779	0.456	0.335	8.21615733150179e-05	P:r1@AC244154.1	P:r1@AC244154.1	P:r1@AC244154.1	AC244154.1	AC244154.1	P	not_sig	beige	not_sig
1.82284320196107e-15	-0.173887909427704	0.991	0.987	1.3692651280171e-10	P:r1@RTL8A	P:r1@RTL8A	P:r1@RTL8A	RTL8A	RTL8A	P	not_sig	white	not_sig
7.60937080083294e-09	0.173851842272411	0.607	0.467	0.000571593106446168	P:r1@CHMP1A	P:r1@CHMP1A	P:r1@CHMP1A	CHMP1A	CHMP1A	P	not_sig	beige	not_sig
1.21631472477633e-07	0.173726374575388	0.258	0.182	0.00913659131810237	P:r1@KBTBD6	P:r1@KBTBD6	P:r1@KBTBD6	KBTBD6	KBTBD6	P	not_sig	beige	not_sig
5.69515845036512e-10	0.173592741769086	0.878	0.793	4.27803217316077e-05	P:r1@MAT2A	P:r1@MAT2A	P:r1@MAT2A	MAT2A	MAT2A	P	not_sig	beige	not_sig
8.47877594613932e-09	0.173472514323153	0.541	0.404	0.000636900212746147	P:r1@CRNKL1	P:r1@CRNKL1	P:r1@CRNKL1	CRNKL1	CRNKL1	P	not_sig	beige	not_sig
2.75963764284671e-09	-0.173439379728149	0.928	0.881	0.000207295700817716	P:r1@TRAPPC2L	P:r1@TRAPPC2L	P:r1@TRAPPC2L	TRAPPC2L	TRAPPC2L	P	not_sig	white	not_sig
5.1819570846685e-08	0.173373071206625	0.305	0.215	0.00389253070329044	P:r1@ZCCHC3	P:r1@ZCCHC3	P:r1@ZCCHC3	ZCCHC3	ZCCHC3	P	not_sig	beige	not_sig
8.38078267484518e-11	0.173316168244339	0.924	0.842	6.29539252186345e-06	P:r1@CAP1	P:r1@CAP1	P:r1@CAP1	CAP1	CAP1	P	not_sig	beige	not_sig
6.28755096076185e-08	0.173312202136628	0.367	0.269	0.00472301965519548	P:r1@KLHL28	P:r1@KLHL28	P:r1@KLHL28	KLHL28	KLHL28	P	not_sig	beige	not_sig
7.97774149753346e-12	0.173094463553422	0.895	0.802	5.99264008070221e-07	P:r1@DDX1	P:r1@DDX1	P:r1@DDX1	DDX1	DDX1	P	not_sig	beige	not_sig
7.70716645092675e-24	0.172924796235117	0.996	0.99	5.78939222294265e-19	P:r1@EIF3L	P:r1@EIF3L	P:r1@EIF3L	EIF3L	EIF3L	P	not_sig	beige	not_sig
5.92987271951528e-10	0.17292273875708	0.523	0.402	4.45434249071829e-05	D:r1@ADDG15049424837.B	D:r1@ADDG15049424837.B	D:r1@..837.B	..837.B	ADDG15049424837.B	D	not_sig	beige	not_sig
2.03799544654871e-08	0.172796842350498	0.605	0.474	0.001530881039584	P:r1@KIZ	P:r1@KIZ	P:r1@KIZ	KIZ	KIZ	P	not_sig	beige	not_sig
5.31660866908332e-08	0.172771474880922	0.676	0.551	0.00399367693395532	P:r1@LAMB2	P:r1@LAMB2	P:r1@LAMB2	LAMB2	LAMB2	P	not_sig	beige	not_sig
5.13570110459891e-09	0.172736253671945	0.585	0.443	0.000385778459874156	P:r1@SART1	P:r1@SART1	P:r1@SART1	SART1	SART1	P	not_sig	beige	not_sig
4.17841386142682e-66	0.172693516304249	1	1	3.13869914028799e-61	P:r1@EEF2	P:r1@EEF2	P:r1@EEF2	EEF2	EEF2	P	not_sig	beige	not_sig
8.35754019533411e-10	0.172667352204394	0.585	0.444	6.27793346852912e-05	P:r1@DCAF10	P:r1@DCAF10	P:r1@DCAF10	DCAF10	DCAF10	P	not_sig	beige	not_sig
2.65829374261612e-08	0.172659085119391	0.334	0.242	0.00199683051064095	P:r1@HEATR5A	P:r1@HEATR5A	P:r1@HEATR5A	HEATR5A	HEATR5A	P	not_sig	beige	not_sig
1.6366957711693e-51	-0.172531756461294	0.999	1	1.22943676242925e-46	P:r1@NDUFA11,r1@AC024592.3	P:r1@NDUFA11,r1@AC024592.3	P:r1@NDUFA11,r1@AC024592.3	NDUFA11	NDUFA11,AC024592.3	P	not_sig	white	not_sig
2.33481190103735e-26	-0.172486981040234	0.996	0.997	1.75384065570223e-21	P:r1@COX5A	P:r1@COX5A	P:r1@COX5A	COX5A	COX5A	P	not_sig	white	not_sig
9.85297316566413e-11	0.172393501328972	0.741	0.596	7.40125785285193e-06	P:r1@CHST14	P:r1@CHST14	P:r1@CHST14	CHST14	CHST14	P	not_sig	beige	not_sig
5.5753871928597e-08	0.172279120198231	0.286	0.202	0.00418806359766042	P:r1@TBC1D13	P:r1@TBC1D13	P:r1@TBC1D13	TBC1D13	TBC1D13	P	not_sig	beige	not_sig
5.3375615627357e-08	0.172208802680362	0.272	0.19	0.00400941611908018	P:r1@GTF2IRD2	P:r1@GTF2IRD2	P:r1@GTF2IRD2	GTF2IRD2	GTF2IRD2	P	not_sig	beige	not_sig
1.46277759065982e-22	-0.172092826081443	1	0.999	1.09879464277594e-17	P:r1@CD63	P:r1@CD63	P:r1@CD63	CD63	CD63	P	not_sig	white	not_sig
4.81078824980242e-16	-0.171869127035522	0.991	0.984	3.61371980960408e-11	P:r1@NDUFAB1	P:r1@NDUFAB1	P:r1@NDUFAB1	NDUFAB1	NDUFAB1	P	not_sig	white	not_sig
1.18280146866925e-12	0.171663036771198	0.937	0.882	8.88484979220279e-08	P:r1@EIF4G1	P:r1@EIF4G1	P:r1@EIF4G1	EIF4G1	EIF4G1	P	not_sig	beige	not_sig
8.89884145322774e-09	0.17166302287294	0.531	0.401	0.000668454273442108	P:r1@HS2ST1	P:r1@HS2ST1	P:r1@HS2ST1	HS2ST1	HS2ST1	P	not_sig	beige	not_sig
8.54360833327077e-09	-0.171645828321316	0.975	0.961	0.000641770227170301	P:r1@UQCC2	P:r1@UQCC2	P:r1@UQCC2	UQCC2	UQCC2	P	not_sig	white	not_sig
3.53760924777899e-10	0.171625581782799	0.533	0.39	2.65734593865414e-05	P:r1@CD99L2	P:r1@CD99L2	P:r1@CD99L2	CD99L2	CD99L2	P	not_sig	beige	not_sig
1.27490776258698e-07	0.171327169030671	0.766	0.643	0.00957672464022461	P:r1@ELP2	P:r1@ELP2	P:r1@ELP2	ELP2	ELP2	P	not_sig	beige	not_sig
3.02866087062951e-14	-0.171260949999933	0.987	0.979	2.27503918619077e-09	P:r1@TMEM14B,r1@AL024498.2	P:r1@TMEM14B,r1@AL024498.2	P:r1@TMEM14B,r1@AL024498.2	TMEM14B	TMEM14B,AL024498.2	P	not_sig	white	not_sig
7.91827843725234e-09	0.171238422331532	0.975	0.937	0.000594797321371084	P:r1@RBBP7	P:r1@RBBP7	P:r1@RBBP7	RBBP7	RBBP7	P	not_sig	beige	not_sig
1.84028169506008e-20	-0.171186111682828	0.999	0.999	1.38236440087828e-15	P:r1@LGALS3	P:r1@LGALS3	P:r1@LGALS3	LGALS3	LGALS3	P	not_sig	white	not_sig
5.12696896970455e-08	0.171152210551882	0.917	0.839	0.00385122528097297	P:r1@NT5DC2	P:r1@NT5DC2	P:r1@NT5DC2	NT5DC2	NT5DC2	P	not_sig	beige	not_sig
1.22281193663603e-07	0.171094473851367	0.486	0.368	0.00918539642442884	P:r1@FOXK2	P:r1@FOXK2	P:r1@FOXK2	FOXK2	FOXK2	P	not_sig	beige	not_sig
7.0050881161372e-10	-0.171083047690863	0.998	0.999	5.26201204019878e-05	P:r1@CALD1	P:r1@CALD1	P:r1@CALD1	CALD1	CALD1	P	not_sig	white	not_sig
1.5746472190627e-15	-0.171063943842226	0.991	0.99	1.18282775154332e-10	P:r1@CIAO2B	P:r1@CIAO2B	P:r1@CIAO2B	CIAO2B	CIAO2B	P	not_sig	white	not_sig
5.8749528053196e-09	0.17105017376542	0.85	0.735	0.000441308829877193	P:r1@KIAA2013	P:r1@KIAA2013	P:r1@KIAA2013	KIAA2013	KIAA2013	P	not_sig	beige	not_sig
2.74161036428858e-09	0.170846397631109	0.52	0.385	0.000205941545734265	P:r1@RPUSD4	P:r1@RPUSD4	P:r1@RPUSD4	RPUSD4	RPUSD4	P	not_sig	beige	not_sig
2.04639654561353e-10	0.170813437729137	0.916	0.837	1.53719169316851e-05	P:r1@SRSF2	P:r1@SRSF2	P:r1@SRSF2	SRSF2	SRSF2	P	not_sig	beige	not_sig
2.65103911731755e-08	0.170810726892977	0.281	0.194	0.00199138105375542	P:r1@GOLPH3L	P:r1@GOLPH3L	P:r1@GOLPH3L	GOLPH3L	GOLPH3L	P	not_sig	beige	not_sig
1.60085681738167e-08	0.170800861657388	0.397	0.29	0.00120251561551259	D:r1@ADDG11061314168.F	D:r1@ADDG11061314168.F	D:r1@..168.F	..168.F	ADDG11061314168.F	D	not_sig	beige	not_sig
3.71804145066942e-21	-0.170749777073148	0.998	0.994	2.79288119649935e-16	P:r1@ATOX1	P:r1@ATOX1	P:r1@ATOX1	ATOX1	ATOX1	P	not_sig	white	not_sig
3.08575218138919e-08	0.170693227279181	0.588	0.453	0.00231792446609412	P:r1@TBC1D10B	P:r1@TBC1D10B	P:r1@TBC1D10B	TBC1D10B	TBC1D10B	P	not_sig	beige	not_sig
4.14643518227642e-09	0.170677065073652	0.954	0.921	0.000311467771587058	P:r1@FYN	P:r1@FYN	P:r1@FYN	FYN	FYN	P	not_sig	beige	not_sig
9.44411768500117e-09	0.170469917445529	0.953	0.9	0.000709413788144233	P:r1@IFNGR1	P:r1@IFNGR1	P:r1@IFNGR1	IFNGR1	IFNGR1	P	not_sig	beige	not_sig
8.10436601285054e-08	0.170377306463575	0.316	0.226	0.00608775661787294	P:r1@IFFO1	P:r1@IFFO1	P:r1@IFFO1	IFFO1	IFFO1	P	not_sig	beige	not_sig
6.65986435642066e-08	0.170369180340976	0.553	0.421	0.00500269030861251	P:r1@FBXL4	P:r1@FBXL4	P:r1@FBXL4	FBXL4	FBXL4	P	not_sig	beige	not_sig
4.39645026686920e-12	0.170317877187996	0.904	0.804	3.30248154696414e-07	P:r1@SRP72	P:r1@SRP72	P:r1@SRP72	SRP72	SRP72	P	not_sig	beige	not_sig
1.25967874055915e-10	0.170161456496497	0.803	0.672	9.46232879545818e-06	P:r1@SND1	P:r1@SND1	P:r1@SND1	SND1	SND1	P	not_sig	beige	not_sig
9.47326780031964e-10	0.170084009502669	0.721	0.599	7.1160345735661e-05	P:r1@LTBP2	P:r1@LTBP2	P:r1@LTBP2	LTBP2	LTBP2	P	not_sig	beige	not_sig
1.59523687226951e-08	0.170033598543172	0.479	0.359	0.00119829408134269	P:r1@BICC1	P:r1@BICC1	P:r1@BICC1	BICC1	BICC1	P	not_sig	beige	not_sig
2.59731378743183e-09	0.170002193736547	0.265	0.178	0.000195102419770517	P:r1@VPS13D	P:r1@VPS13D	P:r1@VPS13D	VPS13D	VPS13D	P	not_sig	beige	not_sig
3.77730055275574e-09	0.169993345270606	0.823	0.712	0.000283739485621353	P:r1@NCSTN	P:r1@NCSTN	P:r1@NCSTN	NCSTN	NCSTN	P	not_sig	beige	not_sig
1.91501271152317e-09	0.169990911448471	0.898	0.824	0.000143850009851486	P:r1@LAPTM4B	P:r1@LAPTM4B	P:r1@LAPTM4B	LAPTM4B	LAPTM4B	P	not_sig	beige	not_sig
3.2031338375997e-08	0.169897786712963	0.539	0.407	0.00240609804478977	P:r1@CHMP7	P:r1@CHMP7	P:r1@CHMP7	CHMP7	CHMP7	P	not_sig	beige	not_sig
1.96510135119789e-11	0.169451706808622	0.885	0.77	1.47612518197932e-06	P:r1@TMEM259	P:r1@TMEM259	P:r1@TMEM259	TMEM259	TMEM259	P	not_sig	beige	not_sig
2.17980251481917e-08	0.169436773530954	0.373	0.27	0.00163740225505672	P:r1@TSPAN17	P:r1@TSPAN17	P:r1@TSPAN17	TSPAN17	TSPAN17	P	not_sig	beige	not_sig
8.29069317789818e-09	0.169407375628443	0.611	0.469	0.000622771999444178	P:r1@DDX52	P:r1@DDX52	P:r1@DDX52	DDX52	DDX52	P	not_sig	beige	not_sig
6.23035825967452e-08	0.169175977419872	0.73	0.599	0.00468005821391971	P:r1@PML	P:r1@PML	P:r1@PML	PML	PML	P	not_sig	beige	not_sig
7.46373168960767e-08	0.169135578167951	0.232	0.158	0.0056065313332826	P:r1@OTUD6B	P:r1@OTUD6B	P:r1@OTUD6B	OTUD6B	OTUD6B	P	not_sig	beige	not_sig
8.27402618590448e-09	0.169051562364442	0.525	0.392	0.000621520025006587	P:r1@ATG9A	P:r1@ATG9A	P:r1@ATG9A	ATG9A	ATG9A	P	not_sig	beige	not_sig
1.04451773985985e-16	-0.168946212222092	0.994	0.989	7.84610390650522e-12	P:r1@TMEM179B	P:r1@TMEM179B	P:r1@TMEM179B	TMEM179B	TMEM179B	P	not_sig	white	not_sig
1.5502995292277e-08	0.168740475430624	0.392	0.287	0.00116453849736997	P:r1@FAM53C	P:r1@FAM53C	P:r1@FAM53C	FAM53C	FAM53C	P	not_sig	beige	not_sig
3.80665568348769e-14	-0.168648103259756	0.996	0.994	2.85944554976545e-09	P:r1@EMP3	P:r1@EMP3	P:r1@EMP3	EMP3	EMP3	P	not_sig	white	not_sig
7.89261362669321e-08	-0.168603024705506	0.931	0.899	0.00592869457796314	P:r1@COPZ2,r1@MIR152	P:r1@COPZ2,r1@MIR152	P:r1@COPZ2,r1@MIR152	COPZ2	COPZ2,MIR152	P	not_sig	white	not_sig
4.81977211559597e-08	0.168560229259552	0.461	0.344	0.00362046822007222	P:r1@PITRM1	P:r1@PITRM1	P:r1@PITRM1	PITRM1	PITRM1	P	not_sig	beige	not_sig
6.67406458541029e-08	0.16849223421204	0.58	0.452	0.00501335709462265	P:r1@SKIV2L	P:r1@SKIV2L	P:r1@SKIV2L	SKIV2L	SKIV2L	P	not_sig	beige	not_sig
1.90147298450555e-08	0.168442157504058	0.473	0.353	0.00142832946177103	P:r1@OGDH	P:r1@OGDH	P:r1@OGDH	OGDH	OGDH	P	not_sig	beige	not_sig
9.98501150861346e-08	0.168428853228987	0.714	0.583	0.00750044109492517	P:r1@WRNIP1	P:r1@WRNIP1	P:r1@WRNIP1	WRNIP1	WRNIP1	P	not_sig	beige	not_sig
1.09052893584821e-12	-0.168294935373084	0.991	0.984	8.191726207411e-08	P:r1@CD59	P:r1@CD59	P:r1@CD59	CD59	CD59	P	not_sig	white	not_sig
5.96290088557139e-08	0.168243902775645	0.561	0.44	0.00447915225821466	P:r1@SYDE1	P:r1@SYDE1	P:r1@SYDE1	SYDE1	SYDE1	P	not_sig	beige	not_sig
6.5455295069449e-08	0.168221375001117	0.351	0.256	0.0049168053997318	P:r1@TRIO	P:r1@TRIO	P:r1@TRIO	TRIO	TRIO	P	not_sig	beige	not_sig
5.94959313655114e-09	0.168077842652215	0.868	0.768	0.000446915587638312	P:r1@HGS	P:r1@HGS	P:r1@HGS	HGS	HGS	P	not_sig	beige	not_sig
5.14579980671078e-08	0.168057396909227	0.306	0.216	0.00386537044080693	P:r1@RIC8B	P:r1@RIC8B	P:r1@RIC8B	RIC8B	RIC8B	P	not_sig	beige	not_sig
4.44850800728853e-08	0.167966581314087	0.452	0.34	0.00334158575983493	P:r1@ZNF281	P:r1@ZNF281	P:r1@ZNF281	ZNF281	ZNF281	P	not_sig	beige	not_sig
5.4554280019549e-10	0.167846557758772	0.671	0.517	4.09795385222846e-05	P:r1@ANKRD10	P:r1@ANKRD10	P:r1@ANKRD10	ANKRD10	ANKRD10	P	not_sig	beige	not_sig
8.82822633566848e-09	0.16777345953458	0.625	0.49	0.000663149877656409	P:r1@SLK	P:r1@SLK	P:r1@SLK	SLK	SLK	P	not_sig	beige	not_sig
7.87701281696792e-09	0.167735951606569	0.417	0.305	0.000591697571772179	P:r1@RIOX2	P:r1@RIOX2	P:r1@RIOX2	RIOX2	RIOX2	P	not_sig	beige	not_sig
7.35521598545932e-13	-0.167618225798155	0.973	0.961	5.52501759179748e-08	P:r1@IFI27L2	P:r1@IFI27L2	P:r1@IFI27L2	IFI27L2	IFI27L2	P	not_sig	white	not_sig
6.54493194007914e-09	-0.167538313675203	0.966	0.939	0.000491635652542925	P:r1@MRPL17	P:r1@MRPL17	P:r1@MRPL17	MRPL17	MRPL17	P	not_sig	white	not_sig
1.88809830971222e-09	0.167470401613163	0.796	0.667	0.000141828280730653	P:r1@MKRN1	P:r1@MKRN1	P:r1@MKRN1	MKRN1	MKRN1	P	not_sig	beige	not_sig
1.16330378726533e-07	0.16726299473377	0.42	0.314	0.00873838905880101	P:r1@MED20	P:r1@MED20	P:r1@MED20	MED20	MED20	P	not_sig	beige	not_sig
5.07983776979352e-08	0.167248496322693	0.39	0.286	0.0038158217375358	P:r1@IFT80	P:r1@IFT80	P:r1@IFT80	IFT80	IFT80	P	not_sig	beige	not_sig
4.05324946521204e-08	0.16719426711101	0.651	0.506	0.00304467940078333	P:r1@USP39	P:r1@USP39	P:r1@USP39	USP39	USP39	P	not_sig	beige	not_sig
1.57887317303682e-08	0.166969335470085	0.375	0.268	0.00118600216139007	P:r1@MFAP3	P:r1@MFAP3	P:r1@MFAP3	MFAP3	MFAP3	P	not_sig	beige	not_sig
3.0561970928266e-08	0.166902069459765	0.733	0.596	0.00229572357021856	P:r1@DLST	P:r1@DLST	P:r1@DLST	DLST	DLST	P	not_sig	beige	not_sig
8.62335814301766e-09	0.166798806910738	0.866	0.779	0.000647760793629058	P:r1@LTA4H	P:r1@LTA4H	P:r1@LTA4H	LTA4H	LTA4H	P	not_sig	beige	not_sig
2.65463114751187e-49	0.166684804629843	1	1	1.99407927907649e-44	P:r1@PABPC1	P:r1@PABPC1	P:r1@PABPC1	PABPC1	PABPC1	P	not_sig	beige	not_sig
8.9172897357928e-10	0.166648003072539	0.329	0.227	6.69840053083547e-05	P:r1@DPH2	P:r1@DPH2	P:r1@DPH2	DPH2	DPH2	P	not_sig	beige	not_sig
1.44421018915727e-08	0.166613955153823	0.841	0.735	0.00108484736778927	P:r1@NOLC1	P:r1@NOLC1	P:r1@NOLC1	NOLC1	NOLC1	P	not_sig	beige	not_sig
1.27662812761664e-08	0.166533521301386	0.618	0.481	0.000958964750621792	P:r1@TMEM250	P:r1@TMEM250	P:r1@TMEM250	TMEM250	TMEM250	P	not_sig	beige	not_sig
4.68433157555097e-08	0.166298668466506	0.468	0.353	0.00351872934960662	P:r1@C16orf58	P:r1@C16orf58	P:r1@C16orf58	C16orf58	C16orf58	P	not_sig	beige	not_sig
4.04871655732943e-08	0.166234977499953	0.747	0.61	0.00304127441636915	P:r1@UBQLN2	P:r1@UBQLN2	P:r1@UBQLN2	UBQLN2	UBQLN2	P	not_sig	beige	not_sig
1.92838207102606e-08	0.165647218786822	0.679	0.554	0.00144854276029264	P:r1@COLGALT1	P:r1@COLGALT1	P:r1@COLGALT1	COLGALT1	COLGALT1	P	not_sig	beige	not_sig
2.12645068759744e-32	-0.165397185526845	0.999	0.998	1.59732596300257e-27	P:r1@NDUFA13,r1@AC011448.1	P:r1@NDUFA13,r1@AC011448.1	P:r1@NDUFA13,r1@AC011448.1	NDUFA13	NDUFA13,AC011448.1	P	not_sig	white	not_sig
1.5148767633782e-08	0.165350114074184	0.407	0.294	0.0011379299783468	P:r1@UBOX5,r1@FASTKD5	P:r1@UBOX5,r1@FASTKD5	P:r1@UBOX5,r1@FASTKD5	UBOX5	UBOX5,FASTKD5	P	not_sig	beige	not_sig
6.95563772578646e-08	0.165329571411254	0.719	0.593	0.00522486639047901	P:r1@TSN	P:r1@TSN	P:r1@TSN	TSN	TSN	P	not_sig	beige	not_sig
2.57744916313174e-09	0.165264074303611	0.344	0.241	0.000193610248786967	P:r1@SEMA4C	P:r1@SEMA4C	P:r1@SEMA4C	SEMA4C	SEMA4C	P	not_sig	beige	not_sig
2.64900559301025e-11	0.164834982565127	0.977	0.965	1.98985353130151e-06	P:r1@PKDCC	P:r1@PKDCC	P:r1@PKDCC	PKDCC	PKDCC	P	not_sig	beige	not_sig
6.1396027876641e-10	0.164514309589667	0.918	0.852	4.61188542600964e-05	P:r1@ENG	P:r1@ENG	P:r1@ENG	ENG	ENG	P	not_sig	beige	not_sig
1.19522891444387e-09	0.164380290852833	0.874	0.776	8.97820103662803e-05	P:r1@HDGF	P:r1@HDGF	P:r1@HDGF	HDGF	HDGF	P	not_sig	beige	not_sig
4.50006745841825e-08	0.164272029940648	0.785	0.655	0.00338031567274003	P:r1@TRAPPC12	P:r1@TRAPPC12	P:r1@TRAPPC12	TRAPPC12	TRAPPC12	P	not_sig	beige	not_sig
1.00487141476148e-07	0.164068766380473	0.346	0.254	0.00754829260626384	D:r1@ADDG16011873035.F	D:r1@ADDG16011873035.F	D:r1@..035.F	..035.F	ADDG16011873035.F	D	not_sig	beige	not_sig
6.53852552487464e-09	0.163741777379686	0.656	0.523	0.000491154421852008	P:r1@SGTA	P:r1@SGTA	P:r1@SGTA	SGTA	SGTA	P	not_sig	beige	not_sig
7.54390046564205e-26	-0.163652823378572	1	1	5.66675171277634e-21	P:r1@SEC61B	P:r1@SEC61B	P:r1@SEC61B	SEC61B	SEC61B	P	not_sig	white	not_sig
2.27642622355796e-28	-0.163650847813807	0.998	0.998	1.70998308635003e-23	P:r1@ANAPC11	P:r1@ANAPC11	P:r1@ANAPC11	ANAPC11	ANAPC11	P	not_sig	white	not_sig
1.29157701133124e-09	-0.163625995423448	0.966	0.943	9.7019390360169e-05	P:r1@SNX6	P:r1@SNX6	P:r1@SNX6	SNX6	SNX6	P	not_sig	white	not_sig
1.18005396307113e-07	0.16316592232112	0.686	0.564	0.00886421135440139	P:r1@TARDBP,r1@AL109811.3	P:r1@TARDBP,r1@AL109811.3	P:r1@TARDBP,r1@AL109811.3	TARDBP	TARDBP,AL109811.3	P	not_sig	beige	not_sig
1.03269010326626e-07	0.163132836611936	0.595	0.461	0.00775725824870519	P:r1@PHC3	P:r1@PHC3	P:r1@PHC3	PHC3	PHC3	P	not_sig	beige	not_sig
2.0451332525142e-09	0.163059375632856	0.523	0.384	0.000153624274529109	P:r1@RRNAD1	P:r1@RRNAD1	P:r1@RRNAD1	RRNAD1	RRNAD1	P	not_sig	beige	not_sig
3.93090240565785e-20	0.162918993988292	0.992	0.983	2.95277596005801e-15	P:r1@CSDE1	P:r1@CSDE1	P:r1@CSDE1	CSDE1	CSDE1	P	not_sig	beige	not_sig
6.87428978497873e-09	0.16250299170442	0.821	0.717	0.000516376025778247	P:r1@RFLNA,r1@ZNF664,r1@AC068790.8	P:r1@RFLNA,r1@ZNF664,r1@AC068790.8	P:r1@RFLNA,r1@ZNF664,r1@AC068790.8	RFLNA	RFLNA,ZNF664,AC068790.8	P	not_sig	beige	not_sig
6.47814733905179e-08	0.162356511161554	0.266	0.185	0.00486618993667553	P:r1@RBM12B	P:r1@RBM12B	P:r1@RBM12B	RBM12B	RBM12B	P	not_sig	beige	not_sig
1.06840574293326e-08	0.162283975918822	0.311	0.219	0.000802554341919175	P:r1@IRX5	P:r1@IRX5	P:r1@IRX5	IRX5	IRX5	P	not_sig	beige	not_sig
9.85919304101559e-08	0.161846588146605	0.267	0.186	0.00740593003661968	D:r1@ADDG07066207512.R	D:r1@ADDG07066207512.R	D:r1@..512.R	..512.R	ADDG07066207512.R	D	not_sig	beige	not_sig
9.5754192339875e-08	0.161777307552988	0.677	0.551	0.00719276766599439	P:r1@ZDHHC7	P:r1@ZDHHC7	P:r1@ZDHHC7	ZDHHC7	ZDHHC7	P	not_sig	beige	not_sig
5.82748676372923e-08	0.161709104787965	0.729	0.599	0.00437743323231048	P:r1@CSTF2T	P:r1@CSTF2T	P:r1@CSTF2T	CSTF2T	CSTF2T	P	not_sig	beige	not_sig
2.90329579700563e-09	-0.161663544260551	0.965	0.944	0.000218086870383672	P:r1@MTPN	P:r1@MTPN	P:r1@MTPN	MTPN	MTPN	P	not_sig	white	not_sig
7.67194003940251e-08	0.161660504788413	0.497	0.383	0.00576293119939798	P:r1@FBXO17	P:r1@FBXO17	P:r1@FBXO17	FBXO17	FBXO17	P	not_sig	beige	not_sig
2.92628554928989e-09	-0.161562302855274	0.976	0.956	0.000219813791606009	P:r2@HSPB1	P:r2@HSPB1	P:r2@HSPB1	HSPB1	HSPB1	P	not_sig	white	not_sig
6.68085963996019e-09	0.161431780536339	0.318	0.222	0.00050184613357489	D:r1@ADDG02219567551.F	D:r1@ADDG02219567551.F	D:r1@..551.F	..551.F	ADDG02219567551.F	D	not_sig	beige	not_sig
3.2722741738512e-08	0.161360888351843	0.307	0.218	0.00245803419117181	P:r1@RBBP9	P:r1@RBBP9	P:r1@RBBP9	RBBP9	RBBP9	P	not_sig	beige	not_sig
1.50953584919145e-08	0.161206916436102	0.424	0.31	0.00113391804383714	P:r1@GNA12	P:r1@GNA12	P:r1@GNA12	GNA12	GNA12	P	not_sig	beige	not_sig
7.6291069660209e-08	0.161201937420533	0.698	0.558	0.00573075627966592	P:r1@BRAT1	P:r1@BRAT1	P:r1@BRAT1	BRAT1	BRAT1	P	not_sig	beige	not_sig
7.92162936075416e-15	-0.161194616092617	0.999	0.997	5.9504903269177e-10	P:r1@CSTB	P:r1@CSTB	P:r1@CSTB	CSTB	CSTB	P	not_sig	white	not_sig
6.53748103878162e-08	0.161107312949771	0.786	0.651	0.00491075963190159	P:r1@PPP5C	P:r1@PPP5C	P:r1@PPP5C	PPP5C	PPP5C	P	not_sig	beige	not_sig
1.73496458502499e-08	0.160999698782868	0.852	0.746	0.00130325334733322	P:r1@MGAT4B	P:r1@MGAT4B	P:r1@MGAT4B	MGAT4B	MGAT4B	P	not_sig	beige	not_sig
1.05818701167611e-08	0.16097702542235	0.731	0.597	0.000794878337560742	P:r1@SNHG1,r1@SNORD25,r1@SNORD26	P:r1@SNHG1,r1@SNORD25,r1@SNORD26	P:r1@SNHG1,r1@SNORD25,r1@SNORD26	SNHG1	SNHG1,SNORD25,SNORD26	P	not_sig	beige	not_sig
6.91589559297168e-08	0.160758977106338	0.279	0.195	0.00519501329257254	P:r1@CPT2	P:r1@CPT2	P:r1@CPT2	CPT2	CPT2	P	not_sig	beige	not_sig
5.88675911232713e-08	0.160616180532944	0.351	0.251	0.00442195684240677	P:r1@GLE1	P:r1@GLE1	P:r1@GLE1	GLE1	GLE1	P	not_sig	beige	not_sig
8.58182026965341e-08	0.160610000116603	0.453	0.339	0.00644640593195555	P:r1@FAM160B2	P:r1@FAM160B2	P:r1@FAM160B2	FAM160B2	FAM160B2	P	not_sig	beige	not_sig
5.74240044723741e-20	0.160481243641684	0.993	0.985	4.31351894395132e-15	P:r1@NDUFB1	P:r1@NDUFB1	P:r1@NDUFB1	NDUFB1	NDUFB1	P	not_sig	beige	not_sig
8.59417128386192e-08	0.160398426042483	0.328	0.235	0.00645568364329856	P:r1@TCP11L1	P:r1@TCP11L1	P:r1@TCP11L1	TCP11L1	TCP11L1	P	not_sig	beige	not_sig
9.363247369332e-08	0.160313718788692	0.409	0.305	0.00703339052642112	P:r2@UBTF	P:r2@UBTF	P:r2@UBTF	UBTF	UBTF	P	not_sig	beige	not_sig
4.7371863816388e-09	0.160266465651343	0.409	0.298	0.000355843229429562	P:r1@WRN	P:r1@WRN	P:r1@WRN	WRN	WRN	P	not_sig	beige	not_sig
2.4179840161976e-17	-0.160019285567341	0.995	0.99	1.81631705344715e-12	P:r1@AURKAIP1	P:r1@AURKAIP1	P:r1@AURKAIP1	AURKAIP1	AURKAIP1	P	not_sig	white	not_sig
8.45119257285814e-13	-0.159920488006392	0.99	0.983	6.34828232495385e-08	P:r1@TMEM147	P:r1@TMEM147	P:r1@TMEM147	TMEM147	TMEM147	P	not_sig	white	not_sig
1.14190059254766e-07	0.159875599957623	0.723	0.593	0.00857761468104025	P:r1@NOA1	P:r1@NOA1	P:r1@NOA1	NOA1	NOA1	P	not_sig	beige	not_sig
8.64168846476639e-10	0.159777439908633	0.917	0.819	6.49137712407857e-05	P:r1@EIF4EBP2	P:r1@EIF4EBP2	P:r1@EIF4EBP2	EIF4EBP2	EIF4EBP2	P	not_sig	beige	not_sig
1.65130585313261e-08	0.159695910984476	0.814	0.668	0.00124041141769762	P:r1@ATAD1	P:r1@ATAD1	P:r1@ATAD1	ATAD1	ATAD1	P	not_sig	beige	not_sig
3.31587039355918e-09	0.159547830409499	0.779	0.647	0.000249078236352985	P:r1@HNRNPUL1	P:r1@HNRNPUL1	P:r1@HNRNPUL1	HNRNPUL1	HNRNPUL1	P	not_sig	beige	not_sig
1.1877368237891e-08	0.159205617897695	0.87	0.771	0.000892192269925658	P:r1@PSME3	P:r1@PSME3	P:r1@PSME3	PSME3	PSME3	P	not_sig	beige	not_sig
4.16942294254475e-09	0.159120413090434	0.449	0.33	0.000313194543175134	P:r1@IRF2BP1	P:r1@IRF2BP1	P:r1@IRF2BP1	IRF2BP1	IRF2BP1	P	not_sig	beige	not_sig
2.69218132977281e-18	-0.159118291829687	1	1	2.02228584948544e-13	P:r1@TXN	P:r1@TXN	P:r1@TXN	TXN	TXN	P	not_sig	white	not_sig
3.16358411499188e-10	0.159000145807576	0.466	0.336	2.37638947965845e-05	P:r1@INTS14	P:r1@INTS14	P:r1@INTS14	INTS14	INTS14	P	not_sig	beige	not_sig
1.59715453746242e-09	-0.158864118467593	0.978	0.965	0.000119973457390565	P:r1@SELENOW	P:r1@SELENOW	P:r1@SELENOW	SELENOW	SELENOW	P	not_sig	white	not_sig
8.45185701771529e-10	0.158780189993263	0.869	0.755	6.3487814359972e-05	P:r1@ABCF2,r1@ABCF2.2	P:r1@ABCF2,r1@ABCF2.2	P:r1@ABCF2,r1@ABCF2.2	ABCF2	ABCF2,ABCF2.2	P	not_sig	beige	not_sig
1.58024500581074e-08	0.158654152061713	0.348	0.248	0.00118703264101485	P:r1@NECTIN3	P:r1@NECTIN3	P:r1@NECTIN3	NECTIN3	NECTIN3	P	not_sig	beige	not_sig
1.85121297107756e-23	-0.158253048977349	0.998	0.998	1.39057564748433e-18	P:r1@ADDG0X047144324.R,r1@NDUFB11	P:r1@ADDG0X047144324.R,r1@NDUFB11	P:r1@..324.R,r1@NDUFB11	..324.R	ADDG0X047144324.R,NDUFB11	P	not_sig	white	not_sig
1.88177968803121e-08	0.158247850775544	0.623	0.492	0.00141353644825841	P:r1@OGFOD1	P:r1@OGFOD1	P:r1@OGFOD1	OGFOD1	OGFOD1	P	not_sig	beige	not_sig
1.74052821063203e-08	0.158125285568726	0.769	0.634	0.00130743257598046	P:r1@MATR3.2,r1@SNHG4	P:r1@MATR3.2,r1@SNHG4	P:r1@MATR3.2,r1@SNHG4	MATR3.2	MATR3.2,SNHG4	P	not_sig	beige	not_sig
2.79858696535672e-08	0.158095550407722	0.534	0.414	0.00210221457076701	P:r1@LRFN4	P:r1@LRFN4	P:r1@LRFN4	LRFN4	LRFN4	P	not_sig	beige	not_sig
8.81400884175077e-08	0.158029296267605	0.571	0.442	0.00662081902165793	P:r1@KLHL20	P:r1@KLHL20	P:r1@KLHL20	KLHL20	KLHL20	P	not_sig	beige	not_sig
2.36207691364474e-08	0.157587440853184	0.593	0.457	0.00177432131522252	P:r2@ZBTB7A	P:r2@ZBTB7A	P:r2@ZBTB7A	ZBTB7A	ZBTB7A	P	not_sig	beige	not_sig
4.28534612658887e-09	0.157361668429176	0.947	0.907	0.000321902344990976	P:r1@ADAMTS2	P:r1@ADAMTS2	P:r1@ADAMTS2	ADAMTS2	ADAMTS2	P	not_sig	beige	not_sig
2.909048676703e-08	0.156934797353321	0.591	0.453	0.00218519009447899	P:r1@MANBA	P:r1@MANBA	P:r1@MANBA	MANBA	MANBA	P	not_sig	beige	not_sig
1.21173415848811e-07	-0.156907147936059	0.951	0.93	0.00910218347831511	P:r1@NDUFC1	P:r1@NDUFC1	P:r1@NDUFC1	NDUFC1	NDUFC1	P	not_sig	white	not_sig
8.35157425550905e-10	0.156787497385179	0.9	0.817	6.27345203351074e-05	P:r1@FKBP4	P:r1@FKBP4	P:r1@FKBP4	FKBP4	FKBP4	P	not_sig	beige	not_sig
2.86109603453052e-10	-0.15660764875161	0.996	0.993	2.14916950825829e-05	P:r1@SNHG7	P:r1@SNHG7	P:r1@SNHG7	SNHG7	SNHG7	P	not_sig	white	not_sig
1.79156226085569e-09	0.1565546352186	0.387	0.275	0.000134576782348697	P:r1@ZNF397	P:r1@ZNF397	P:r1@ZNF397	ZNF397	ZNF397	P	not_sig	beige	not_sig
9.64302241521217e-08	0.155938539943412	0.418	0.31	0.00724354914763492	P:r1@TAZ	P:r1@TAZ	P:r1@TAZ	TAZ	TAZ	P	not_sig	beige	not_sig
1.1875129498983e-11	-0.155774856609341	0.992	0.989	8.92024102575103e-07	P:r1@YIF1A	P:r1@YIF1A	P:r1@YIF1A	YIF1A	YIF1A	P	not_sig	white	not_sig
7.015501894588e-16	-0.155769975677633	0.996	0.99	5.26983455815767e-11	P:r1@PHPT1	P:r1@PHPT1	P:r1@PHPT1	PHPT1	PHPT1	P	not_sig	white	not_sig
1.81663149740749e-08	0.155738357560137	0.962	0.946	0.00136459908190758	P:r1@LAMB1	P:r1@LAMB1	P:r1@LAMB1	LAMB1	LAMB1	P	not_sig	beige	not_sig
6.1116537941035e-17	0.15566463125189	1	0.999	4.59089098051672e-12	P:r1@HTRA1	P:r1@HTRA1	P:r1@HTRA1	HTRA1	HTRA1	P	not_sig	beige	not_sig
1.52010946424369e-18	0.155610229537785	0.996	0.99	1.14186062625593e-13	P:r1@PLD3	P:r1@PLD3	P:r1@PLD3	PLD3	PLD3	P	not_sig	beige	not_sig
3.51410240876993e-09	0.155558625944306	0.384	0.276	0.000263968830639571	P:r1@NCKIPSD	P:r1@NCKIPSD	P:r1@NCKIPSD	NCKIPSD	NCKIPSD	P	not_sig	beige	not_sig
4.9352543109604e-08	0.155514728600021	0.555	0.427	0.00370721498076413	P:r1@MAN2B2	P:r1@MAN2B2	P:r1@MAN2B2	MAN2B2	MAN2B2	P	not_sig	beige	not_sig
1.18072550501542e-35	-0.155300228029829	1	0.999	8.86925577602432e-31	P:r1@ELOB	P:r1@ELOB	P:r1@ELOB	ELOB	ELOB	P	not_sig	white	not_sig
6.04608022797641e-08	0.154665777180647	0.819	0.715	0.00454163408484904	P:r1@KLF9	P:r1@KLF9	P:r1@KLF9	KLF9	KLF9	P	not_sig	beige	not_sig
1.11082973185344e-17	0.1545360464644	0.991	0.979	8.34421969676347e-13	P:r1@XRCC6	P:r1@XRCC6	P:r1@XRCC6	XRCC6	XRCC6	P	not_sig	beige	not_sig
6.60777500603587e-13	0.154482136110325	0.939	0.862	4.96356235128396e-08	P:r1@CLPTM1	P:r1@CLPTM1	P:r1@CLPTM1	CLPTM1	CLPTM1	P	not_sig	beige	not_sig
6.94931093429291e-09	0.15436885193078	0.855	0.742	0.000522011389451281	P:r1@F8A2	P:r1@F8A2	P:r1@F8A2	F8A2	F8A2	P	not_sig	beige	not_sig
1.08344591688777e-07	-0.154295791872108	0.966	0.946	0.00813852069388583	P:r1@PRR13,r1@AC023509.1	P:r1@PRR13,r1@AC023509.1	P:r1@PRR13,r1@AC023509.1	PRR13	PRR13,AC023509.1	P	not_sig	white	not_sig
2.38494714969035e-08	0.153913148164858	0.909	0.827	0.0017915007504329	P:r1@ACTR10	P:r1@ACTR10	P:r1@ACTR10	ACTR10	ACTR10	P	not_sig	beige	not_sig
1.16009480887227e-07	0.15390699982477	0.451	0.338	0.00871428417580584	P:r1@SUGP2	P:r1@SUGP2	P:r1@SUGP2	SUGP2	SUGP2	P	not_sig	beige	not_sig
2.01379964198047e-08	0.153794346583615	0.76	0.637	0.00151270587706647	P:r1@UBAP2L	P:r1@UBAP2L	P:r1@UBAP2L	UBAP2L	UBAP2L	P	not_sig	beige	not_sig
5.69799239949843e-09	0.153712821342819	0.856	0.752	0.000428016095073124	P:r1@EIF3J	P:r1@EIF3J	P:r1@EIF3J	EIF3J	EIF3J	P	not_sig	beige	not_sig
1.97533067720078e-08	0.153570959117611	0.832	0.718	0.00148380914479291	P:r1@PTK7	P:r1@PTK7	P:r1@PTK7	PTK7	PTK7	P	not_sig	beige	not_sig
5.02694142254435e-09	0.153450816089002	0.573	0.436	0.000377608758837264	P:r1@B3GNT9	P:r1@B3GNT9	P:r1@B3GNT9	B3GNT9	B3GNT9	P	not_sig	beige	not_sig
1.14105571744126e-07	0.153363326029679	0.736	0.602	0.00857126823270351	P:r1@MARK3	P:r1@MARK3	P:r1@MARK3	MARK3	MARK3	P	not_sig	beige	not_sig
2.09998175478453e-113	-0.153363053986085	1	1	1.57744329474149e-108	P:r1@RPLP2	P:r1@RPLP2	P:r1@RPLP2	RPLP2	RPLP2	P	not_sig	white	not_sig
4.34850537934515e-08	0.153323606368686	0.627	0.496	0.0032664667858027	P:r1@MCMBP	P:r1@MCMBP	P:r1@MCMBP	MCMBP	MCMBP	P	not_sig	beige	not_sig
1.02850372983218e-07	0.153188559534915	0.686	0.54	0.0077258114673804	P:r1@PHF20	P:r1@PHF20	P:r1@PHF20	PHF20	PHF20	P	not_sig	beige	not_sig
1.23229382248485e-07	0.153072859704376	0.598	0.466	0.00925662150635943	P:r1@SLU7	P:r1@SLU7	P:r1@SLU7	SLU7	SLU7	P	not_sig	beige	not_sig
6.80665134317393e-10	0.152225289013402	0.888	0.795	5.11295228945196e-05	P:r2@NFIC	P:r2@NFIC	P:r2@NFIC	NFIC	NFIC	P	not_sig	beige	not_sig
7.52839297248906e-09	0.151982003844789	0.799	0.66	0.000565510294914461	P:r1@BET1	P:r1@BET1	P:r1@BET1	BET1	BET1	P	not_sig	beige	not_sig
7.80581030694321e-08	0.151883433943356	0.473	0.357	0.00586349052826653	P:r1@AP3M1	P:r1@AP3M1	P:r1@AP3M1	AP3M1	AP3M1	P	not_sig	beige	not_sig
6.41453148415522e-11	0.151722351344976	0.79	0.651	4.81840361495288e-06	P:r1@AMFR	P:r1@AMFR	P:r1@AMFR	AMFR	AMFR	P	not_sig	beige	not_sig
1.44702098390993e-08	0.151673795189796	0.651	0.508	0.00108695875248362	P:r1@ZNF148	P:r1@ZNF148	P:r1@ZNF148	ZNF148	ZNF148	P	not_sig	beige	not_sig
5.98513650179652e-13	0.151512014299881	0.961	0.917	4.49585498605449e-08	P:r1@NRBP1	P:r1@NRBP1	P:r1@NRBP1	NRBP1	NRBP1	P	not_sig	beige	not_sig
3.52987354792539e-10	0.151461125094121	0.847	0.733	2.65153511299512e-05	P:r1@CCNY	P:r1@CCNY	P:r1@CCNY	CCNY	CCNY	P	not_sig	beige	not_sig
1.459572551333e-56	-0.151434602892673	1	1	1.09638711338481e-51	P:r1@NME2	P:r1@NME2	P:r1@NME2	NME2	NME2	P	not_sig	white	not_sig
2.24300515995385e-09	0.151433467263726	0.568	0.427	0.000168487818600253	P:r1@OSBPL5	P:r1@OSBPL5	P:r1@OSBPL5	OSBPL5	OSBPL5	P	not_sig	beige	not_sig
4.36469598275707e-30	-0.151254690400914	1	0.999	3.27862868136763e-25	P:r1@GABARAP	P:r1@GABARAP	P:r1@GABARAP	GABARAP	GABARAP	P	not_sig	white	not_sig
8.87408225501689e-08	0.151138956566408	0.551	0.421	0.00666594436750104	P:r1@FUBP3	P:r1@FUBP3	P:r1@FUBP3	FUBP3	FUBP3	P	not_sig	beige	not_sig
8.49184253865005e-11	-0.151136019695883	0.987	0.976	6.37881735975776e-06	P:r1@METTL26	P:r1@METTL26	P:r1@METTL26	METTL26	METTL26	P	not_sig	white	not_sig
1.06307897033235e-07	0.150957898444715	0.317	0.228	0.00798553030144552	P:r1@PTCD2	P:r1@PTCD2	P:r1@PTCD2	PTCD2	PTCD2	P	not_sig	beige	not_sig
7.02671929675111e-09	0.150828134673203	0.833	0.71	0.000527826073414053	P:r1@PES1	P:r1@PES1	P:r1@PES1	PES1	PES1	P	not_sig	beige	not_sig
1.49676129815391e-44	-0.150739026684477	1	1	1.12432218433427e-39	P:r1@SERF2	P:r1@SERF2	P:r1@SERF2	SERF2	SERF2	P	not_sig	white	not_sig
1.59192515275296e-09	-0.150731526794491	0.99	0.986	0.000119580641699344	P:r1@NAP1L1	P:r1@NAP1L1	P:r1@NAP1L1	NAP1L1	NAP1L1	P	not_sig	white	not_sig
8.20275494775087e-08	0.150345094299192	0.339	0.244	0.00616166343410202	P:r1@MYSM1	P:r1@MYSM1	P:r1@MYSM1	MYSM1	MYSM1	P	not_sig	beige	not_sig
1.28339448677563e-12	0.150294804818008	0.998	0.999	9.64047436631248e-08	P:r1@ZFP36L1	P:r1@ZFP36L1	P:r1@ZFP36L1	ZFP36L1	ZFP36L1	P	not_sig	beige	not_sig
6.90899687595533e-08	0.149862154561404	0.763	0.636	0.00518983118331137	P:r1@SNAP23	P:r1@SNAP23	P:r1@SNAP23	SNAP23	SNAP23	P	not_sig	beige	not_sig
1.09070596072477e-07	0.149580784867714	0.384	0.289	0.00819305596517623	P:r1@SNORD3A	P:r1@SNORD3A	P:r1@SNORD3A	SNORD3A	SNORD3A	P	not_sig	beige	not_sig
7.29586225994956e-11	-0.149576361299356	0.998	0.998	5.48043285380631e-06	P:r1@MYDGF	P:r1@MYDGF	P:r1@MYDGF	MYDGF	MYDGF	P	not_sig	white	not_sig
2.34736705497337e-08	-0.149351316470675	0.956	0.929	0.00176327171068435	P:r1@PDLIM2,r1@AC037459.1	P:r1@PDLIM2,r1@AC037459.1	P:r1@PDLIM2,r1@AC037459.1	PDLIM2	PDLIM2,AC037459.1	P	not_sig	white	not_sig
6.93788988090607e-14	-0.149331354899003	0.991	0.98	5.21153474184021e-09	P:r1@TMEM256,r1@TMEM256-PLSCR3	P:r1@TMEM256,r1@TMEM256-PLSCR3	P:r1@TMEM256,r1@TMEM256-PLSCR3	TMEM256	TMEM256,TMEM256-PLSCR3	P	not_sig	white	not_sig
5.52016381794172e-08	0.149288694258904	0.92	0.826	0.00414658145512328	P:r1@NDUFA5	P:r1@NDUFA5	P:r1@NDUFA5	NDUFA5	NDUFA5	P	not_sig	beige	not_sig
1.05144500639991e-07	0.149087151405922	0.651	0.511	0.0078981394545742	P:r1@CXXC1	P:r1@CXXC1	P:r1@CXXC1	CXXC1	CXXC1	P	not_sig	beige	not_sig
7.43347726016153e-09	0.149046317524272	0.82	0.7	0.000558380511351554	P:r1@DCTN4	P:r1@DCTN4	P:r1@DCTN4	DCTN4	DCTN4	P	not_sig	beige	not_sig
1.42220396008093e-08	0.148872705762297	0.542	0.404	0.00106831694869399	P:r1@AAK1	P:r1@AAK1	P:r1@AAK1	AAK1	AAK1	P	not_sig	beige	not_sig
2.23114340956801e-34	-0.148708548857374	1	1	1.6759679949652e-29	P:r1@OST4	P:r1@OST4	P:r1@OST4	OST4	OST4	P	not_sig	white	not_sig
1.08493372990134e-08	0.148589296318121	0.925	0.844	0.000814969669889986	P:r1@HNRNPH3	P:r1@HNRNPH3	P:r1@HNRNPH3	HNRNPH3	HNRNPH3	P	not_sig	beige	not_sig
5.4767227747292e-14	-0.148519176126853	1	1	4.11394984669333e-09	P:r1@TPI1	P:r1@TPI1	P:r1@TPI1	TPI1	TPI1	P	not_sig	white	not_sig
4.28586615376123e-10	-0.14831866005283	0.983	0.964	3.21941407872082e-05	P:r1@AC010323.1,r1@NDUFA7	P:r1@AC010323.1,r1@NDUFA7	P:r1@AC010323.1,r1@NDUFA7	AC010323.1	AC010323.1,NDUFA7	P	not_sig	white	not_sig
5.32568130230996e-08	0.148265221840673	0.937	0.872	0.00400049202385617	P:r1@PRNP	P:r1@PRNP	P:r1@PRNP	PRNP	PRNP	P	not_sig	beige	not_sig
4.33685554213017e-08	0.148202728145581	0.531	0.401	0.00325771577758192	P:r1@WDR11	P:r1@WDR11	P:r1@WDR11	WDR11	WDR11	P	not_sig	beige	not_sig
7.40059091141869e-08	0.148164780051715	0.524	0.397	0.00555910187493038	P:r1@DMWD	P:r1@DMWD	P:r1@DMWD	DMWD	DMWD	P	not_sig	beige	not_sig
2.38497873085507e-08	0.147718267446827	0.37	0.266	0.0017915244732564	P:r1@FNIP1,r1@AC008695.1	P:r1@FNIP1,r1@AC008695.1	P:r1@FNIP1,r1@AC008695.1	FNIP1	FNIP1,AC008695.1	P	not_sig	beige	not_sig
9.42599565486753e-08	0.147369538395443	0.863	0.767	0.00708052515606684	P:r1@STIP1	P:r1@STIP1	P:r1@STIP1	STIP1	STIP1	P	not_sig	beige	not_sig
6.23905779173782e-08	0.147179934223378	0.655	0.515	0.0046865930414197	P:r1@CLK3	P:r1@CLK3	P:r1@CLK3	CLK3	CLK3	P	not_sig	beige	not_sig
1.63065049809321e-08	0.147158290717572	0.937	0.871	0.00122489573465267	P:r1@NOB1	P:r1@NOB1	P:r1@NOB1	NOB1	NOB1	P	not_sig	beige	not_sig
1.1550520813082e-22	0.147128237688317	0.998	0.996	8.67640471916283e-18	P:r1@ATP5ME	P:r1@ATP5ME	P:r1@ATP5ME	ATP5ME	ATP5ME	P	not_sig	beige	not_sig
1.1646338411274e-07	0.146769683730809	0.711	0.579	0.00874838002439672	P:r1@CTDSP2	P:r1@CTDSP2	P:r1@CTDSP2	CTDSP2	CTDSP2	P	not_sig	beige	not_sig
1.67295969646994e-17	-0.146672823006586	0.998	0.996	1.25667713519733e-12	P:r1@APRT	P:r1@APRT	P:r1@APRT	APRT	APRT	P	not_sig	white	not_sig
1.9323870191313e-115	-0.146397421224556	1	1	1.45155115716086e-110	P:r1@RPLP1	P:r1@RPLP1	P:r1@RPLP1	RPLP1	RPLP1	P	not_sig	white	not_sig
9.82681078817045e-13	-0.146389550127929	0.992	0.983	7.38160545975e-08	P:r1@DRAP1	P:r1@DRAP1	P:r1@DRAP1	DRAP1	DRAP1	P	not_sig	white	not_sig
4.45793014987533e-08	-0.145925636768199	0.99	0.981	0.00334866339068185	P:r1@ATP5MC1	P:r1@ATP5MC1	P:r1@ATP5MC1	ATP5MC1	ATP5MC1	P	not_sig	white	not_sig
3.20215158825453e-08	0.145791807972622	0.424	0.31	0.00240536020854916	P:r1@CLK2	P:r1@CLK2	P:r1@CLK2	CLK2	CLK2	P	not_sig	beige	not_sig
4.41973036555194e-08	0.145753975559815	0.646	0.501	0.00331996885869165	P:r1@MYPOP	P:r1@MYPOP	P:r1@MYPOP	MYPOP	MYPOP	P	not_sig	beige	not_sig
5.58847679398931e-26	-0.145719609488153	0.999	0.999	4.19789611334095e-21	P:r1@COX5B	P:r1@COX5B	P:r1@COX5B	COX5B	COX5B	P	not_sig	white	not_sig
8.5100116745476e-08	0.145535217556131	0.717	0.589	0.00639246546956992	P:r1@CASC3	P:r1@CASC3	P:r1@CASC3	CASC3	CASC3	P	not_sig	beige	not_sig
1.96942628897886e-12	-0.145471115521042	1	0.997	1.47937394549225e-07	P:r1@LY6E	P:r1@LY6E	P:r1@LY6E	LY6E	LY6E	P	not_sig	white	not_sig
4.52650670454487e-11	-0.145373772697173	0.983	0.962	3.40017604125297e-06	P:r1@TMEM219	P:r1@TMEM219	P:r1@TMEM219	TMEM219	TMEM219	P	not_sig	white	not_sig
9.56627499777037e-08	0.145371811956887	0.884	0.787	0.00718589879007517	P:r1@MGAT1	P:r1@MGAT1	P:r1@MGAT1	MGAT1	MGAT1	P	not_sig	beige	not_sig
2.40437489658007e-10	-0.145249583259941	0.991	0.989	1.80609429106405e-05	P:r1@TXNDC17	P:r1@TXNDC17	P:r1@TXNDC17	TXNDC17	TXNDC17	P	not_sig	white	not_sig
1.02973830074858e-09	-0.145109068479037	0.997	0.997	7.73508519373313e-05	P:r1@H2AFZ	P:r1@H2AFZ	P:r1@H2AFZ	H2AFZ	H2AFZ	P	not_sig	white	not_sig
1.25507616396915e-13	-0.144819062548156	0.999	0.998	9.42775562088705e-09	P:r1@ATRAID	P:r1@ATRAID	P:r1@ATRAID	ATRAID	ATRAID	P	not_sig	white	not_sig
8.43251927481683e-09	0.144803030424869	0.519	0.393	0.000633425550366416	P:r1@DVL3	P:r1@DVL3	P:r1@DVL3	DVL3	DVL3	P	not_sig	beige	not_sig
6.65115180032466e-13	0.14468440363441	0.982	0.947	4.99614569784988e-08	P:r1@CD164	P:r1@CD164	P:r1@CD164	CD164	CD164	P	not_sig	beige	not_sig
1.29687253992604e-07	0.144567675742801	0.857	0.759	0.00974171745816242	P:r1@NOC2L	P:r1@NOC2L	P:r1@NOC2L	NOC2L	NOC2L	P	not_sig	beige	not_sig
7.38047677715124e-08	0.144516907305539	0.728	0.603	0.00554399274069269	P:r1@FAM120B	P:r1@FAM120B	P:r1@FAM120B	FAM120B	FAM120B	P	not_sig	beige	not_sig
2.13143822838393e-08	0.143959182819596	0.855	0.746	0.00160107245401515	P:r1@MFSD12	P:r1@MFSD12	P:r1@MFSD12	MFSD12	MFSD12	P	not_sig	beige	not_sig
1.18560151255372e-07	0.143950804784442	0.414	0.304	0.00890588288184976	P:r1@ZC3HC1	P:r1@ZC3HC1	P:r1@ZC3HC1	ZC3HC1	ZC3HC1	P	not_sig	beige	not_sig
2.39652451479526e-08	-0.143923096955356	0.993	0.994	0.00180019731977875	P:r1@CALM1	P:r1@CALM1	P:r1@CALM1	CALM1	CALM1	P	not_sig	white	not_sig
7.7018716701158e-08	-0.143600419729058	0.979	0.97	0.00578541494244089	P:r1@MLEC	P:r1@MLEC	P:r1@MLEC	MLEC	MLEC	P	not_sig	white	not_sig
3.78970061290532e-11	0.143282843723126	0.414	0.294	2.84670940939609e-06	P:r1@TMPO	P:r1@TMPO	P:r1@TMPO	TMPO	TMPO	P	not_sig	beige	not_sig
5.22708204614571e-09	0.142986053734901	0.778	0.65	0.000392642722060327	P:r1@TTC17	P:r1@TTC17	P:r1@TTC17	TTC17	TTC17	P	not_sig	beige	not_sig
7.58705183152075e-08	-0.142950595465909	0.97	0.941	0.00569916572428344	P:r1@GTF2H5	P:r1@GTF2H5	P:r1@GTF2H5	GTF2H5	GTF2H5	P	not_sig	white	not_sig
6.45673538296187e-09	0.142932326826804	0.949	0.898	0.000485010591761947	P:r2@ACTA2	P:r2@ACTA2	P:r2@ACTA2	ACTA2	ACTA2	P	not_sig	beige	not_sig
2.66728043741264e-09	0.142879904748497	0.867	0.765	0.000200358104617125	P:r1@LRRC41	P:r1@LRRC41	P:r1@LRRC41	LRRC41	LRRC41	P	not_sig	beige	not_sig
8.05817695096546e-08	0.142854403782353	0.797	0.665	0.00605306078025672	P:r1@PCBP2	P:r1@PCBP2	P:r1@PCBP2	PCBP2	PCBP2	P	not_sig	beige	not_sig
2.5126052911066e-46	-0.142838134830132	1	1	1.88739371652054e-41	P:r1@RPL12	P:r1@RPL12	P:r1@RPL12	RPL12	RPL12	P	not_sig	white	not_sig
2.86712998888745e-09	0.142198768937862	0.958	0.901	0.000215370203375259	P:r1@NFIC	P:r1@NFIC	P:r1@NFIC	NFIC	NFIC	P	not_sig	beige	not_sig
1.88130624833304e-12	-0.142006982259203	0.995	0.991	1.41318081456033e-07	P:r1@NDUFB8,r1@AL133352.1	P:r1@NDUFB8,r1@AL133352.1	P:r1@NDUFB8,r1@AL133352.1	NDUFB8	NDUFB8,AL133352.1	P	not_sig	white	not_sig
7.77530357995243e-77	-0.141966049255982	1	1	5.84057479015287e-72	P:r1@RPS12	P:r1@RPS12	P:r1@RPS12	RPS12	RPS12	P	not_sig	white	not_sig
9.67794962188074e-09	0.141654140688489	0.861	0.743	0.000726978541746815	P:r1@FBXW5	P:r1@FBXW5	P:r1@FBXW5	FBXW5	FBXW5	P	not_sig	beige	not_sig
5.6137314382441e-08	0.141542279930896	0.641	0.498	0.00421686664446582	P:r1@FRG1	P:r1@FRG1	P:r1@FRG1	FRG1	FRG1	P	not_sig	beige	not_sig
2.902302117149e-08	0.141539748973566	0.456	0.335	0.00218012228133881	P:r1@WDR6	P:r1@WDR6	P:r1@WDR6	WDR6	WDR6	P	not_sig	beige	not_sig
1.73457095273959e-20	-0.141504409239537	1	1	1.3029576625694e-15	P:r1@POLR2L	P:r1@POLR2L	P:r1@POLR2L	POLR2L	POLR2L	P	not_sig	white	not_sig
1.07160988915917e-08	0.141119757116326	0.856	0.747	0.000804961200439692	P:r1@SF3A3	P:r1@SF3A3	P:r1@SF3A3	SF3A3	SF3A3	P	not_sig	beige	not_sig
2.53206325716129e-34	-0.141071379529956	1	1	1.90200995688184e-29	P:r1@UQCR11,r1@AC005943.1	P:r1@UQCR11,r1@AC005943.1	P:r1@UQCR11,r1@AC005943.1	UQCR11	UQCR11,AC005943.1	P	not_sig	white	not_sig
3.48017530330587e-09	0.140838927855063	0.982	0.974	0.000261420328258427	P:r1@NFIL3	P:r1@NFIL3	P:r1@NFIL3	NFIL3	NFIL3	P	not_sig	beige	not_sig
7.78200373215988e-12	0.140833852394862	0.973	0.937	5.84560774348654e-07	P:r1@SERINC3	P:r1@SERINC3	P:r1@SERINC3	SERINC3	SERINC3	P	not_sig	beige	not_sig
3.1128166262381e-10	0.140725552269228	0.931	0.876	2.33825446513127e-05	P:r1@MAZ,r1@AC009133.5	P:r1@MAZ,r1@AC009133.5	P:r1@MAZ,r1@AC009133.5	MAZ	MAZ,AC009133.5	P	not_sig	beige	not_sig
7.0817034659507e-13	-0.140371981327966	0.994	0.989	5.31956319251818e-08	P:r1@ARHGAP4,r1@NAA10	P:r1@ARHGAP4,r1@NAA10	P:r1@ARHGAP4,r1@NAA10	ARHGAP4	ARHGAP4,NAA10	P	not_sig	white	not_sig
4.34338441281568e-09	-0.140362566204541	0.989	0.984	0.000326262006937475	P:r1@FKBP11	P:r1@FKBP11	P:r1@FKBP11	FKBP11	FKBP11	P	not_sig	white	not_sig
2.39086473737013e-08	-0.140334571087815	0.999	0.995	0.00179594586477032	P:r1@HSPB1	P:r1@HSPB1	P:r1@HSPB1	HSPB1	HSPB1	P	not_sig	white	not_sig
5.14040528001018e-09	0.140247296726417	0.67	0.523	0.000386131823418525	P:r1@ABI1	P:r1@ABI1	P:r1@ABI1	ABI1	ABI1	P	not_sig	beige	not_sig
2.96648968088582e-09	0.14018587949948	0.822	0.703	0.0002228338053591	P:r1@DNAJB6	P:r1@DNAJB6	P:r1@DNAJB6	DNAJB6	DNAJB6	P	not_sig	beige	not_sig
1.19395361056084e-13	0.140099946421876	0.989	0.971	8.96862133644988e-09	P:r1@PTP4A2	P:r1@PTP4A2	P:r1@PTP4A2	PTP4A2	PTP4A2	P	not_sig	beige	not_sig
1.29799842423305e-07	0.140066340685886	0.375	0.276	0.00975017476331141	P:r1@UQCC1	P:r1@UQCC1	P:r1@UQCC1	UQCC1	UQCC1	P	not_sig	beige	not_sig
7.42589070357415e-09	-0.139916333467003	0.988	0.979	0.000557810631980379	P:r1@PPIC	P:r1@PPIC	P:r1@PPIC	PPIC	PPIC	P	not_sig	white	not_sig
1.73364264496807e-10	0.139686897277656	1	0.999	1.30226034562066e-05	P:r1@HSPA8	P:r1@HSPA8	P:r1@HSPA8	HSPA8	HSPA8	P	not_sig	beige	not_sig
2.41036998419649e-08	0.139674525498524	0.327	0.233	0.00181059762102887	P:r1@PRPSAP2	P:r1@PRPSAP2	P:r1@PRPSAP2	PRPSAP2	PRPSAP2	P	not_sig	beige	not_sig
8.34283721533002e-08	0.139625466612446	0.493	0.368	0.00626688903103945	P:r1@UBE4B	P:r1@UBE4B	P:r1@UBE4B	UBE4B	UBE4B	P	not_sig	beige	not_sig
5.87643225146063e-22	0.139262829442719	0.998	1	4.41419961432968e-17	P:r1@PCOLCE	P:r1@PCOLCE	P:r1@PCOLCE	PCOLCE	PCOLCE	P	not_sig	beige	not_sig
1.26232494826917e-07	0.139216094593587	0.462	0.349	0.00948220631391352	P:r1@UBR3	P:r1@UBR3	P:r1@UBR3	UBR3	UBR3	P	not_sig	beige	not_sig
3.51580716619957e-24	-0.138972271074203	1	1	2.64096886903413e-19	P:r1@HINT1	P:r1@HINT1	P:r1@HINT1	HINT1	HINT1	P	not_sig	white	not_sig
5.20436919718558e-08	0.138936112404861	0.832	0.73	0.00390936600984989	D:r2@ADDG09070414736.B	D:r2@ADDG09070414736.B	D:r2@..736.B	..736.B	ADDG09070414736.B	D	not_sig	beige	not_sig
1.26353506281031e-07	0.138889053008619	0.275	0.191	0.00949129633131218	P:r1@BUD13	P:r1@BUD13	P:r1@BUD13	BUD13	BUD13	P	not_sig	beige	not_sig
3.74282748382844e-12	-0.138798362942909	0.995	0.993	2.81149972102741e-07	P:r1@TOMM6	P:r1@TOMM6	P:r1@TOMM6	TOMM6	TOMM6	P	not_sig	white	not_sig
5.24484566857478e-10	-0.13861381679397	0.99	0.981	3.93977072086332e-05	P:r1@RWDD1	P:r1@RWDD1	P:r1@RWDD1	RWDD1	RWDD1	P	not_sig	white	not_sig
1.34938066649058e-19	-0.138579032713674	0.998	0.998	1.01361427524773e-14	P:r1@NDUFB4	P:r1@NDUFB4	P:r1@NDUFB4	NDUFB4	NDUFB4	P	not_sig	white	not_sig
2.74459963412971e-10	0.138499347264113	0.975	0.929	2.06166090716921e-05	P:r1@EIF3A	P:r1@EIF3A	P:r1@EIF3A	EIF3A	EIF3A	P	not_sig	beige	not_sig
1.63494590731646e-10	-0.138253273502443	0.991	0.982	1.22812231719891e-05	P:r1@GTF2A2	P:r1@GTF2A2	P:r1@GTF2A2	GTF2A2	GTF2A2	P	not_sig	white	not_sig
3.0682187193588e-11	-0.138005373206842	0.995	0.989	2.30475385542075e-06	P:r1@SCAND1	P:r1@SCAND1	P:r1@SCAND1	SCAND1	SCAND1	P	not_sig	white	not_sig
2.38735611562754e-31	-0.137623381180311	1	0.999	1.79331029337594e-26	P:r1@UQCRQ	P:r1@UQCRQ	P:r1@UQCRQ	UQCRQ	UQCRQ	P	not_sig	white	not_sig
2.17276706842335e-08	0.137468331490467	0.915	0.837	0.00163211743878756	P:r1@USP22	P:r1@USP22	P:r1@USP22	USP22	USP22	P	not_sig	beige	not_sig
2.04868277548643e-11	-0.136389191342868	0.999	0.996	1.53890904046214e-06	P:r1@NBL1,r1@MICOS10,r1@MICOS10-NBL1	P:r1@NBL1,r1@MICOS10,r1@MICOS10-NBL1	P:r1@NBL1,r1@MICOS10,r1@MICOS10-NBL1	NBL1	NBL1,MICOS10,MICOS10-NBL1	P	not_sig	white	not_sig
2.07555114197536e-21	-0.136203016477569	0.999	1	1.55909175131763e-16	P:r1@NDUFS5	P:r1@NDUFS5	P:r1@NDUFS5	NDUFS5	NDUFS5	P	not_sig	white	not_sig
5.63345275542133e-60	-0.135770622293242	1	1	4.23168070628984e-55	P:r1@RPS15	P:r1@RPS15	P:r1@RPS15	RPS15	RPS15	P	not_sig	white	not_sig
7.07864555418495e-12	-0.135399785467549	0.999	0.998	5.31726618093711e-07	P:r1@TOMM5,r1@AL513165.2	P:r1@TOMM5,r1@AL513165.2	P:r1@TOMM5,r1@AL513165.2	TOMM5	TOMM5,AL513165.2	P	not_sig	white	not_sig
3.23748221655759e-11	-0.135180208464746	0.998	0.998	2.43189951661156e-06	P:r1@ADDG0X103377209.F,r1@BEX3	P:r1@ADDG0X103377209.F,r1@BEX3	P:r1@..209.F,r1@BEX3	..209.F	ADDG0X103377209.F,BEX3	P	not_sig	white	not_sig
2.15547097525656e-08	-0.134760822924353	0.989	0.98	0.00161912513248347	P:r1@LSM7	P:r1@LSM7	P:r1@LSM7	LSM7	LSM7	P	not_sig	white	not_sig
1.67120311045951e-08	0.134315274977327	0.272	0.187	0.00125535764048387	P:r1@CAMKMT	P:r1@CAMKMT	P:r1@CAMKMT	CAMKMT	CAMKMT	P	not_sig	beige	not_sig
2.50144711346256e-08	-0.134306774476198	0.982	0.972	0.00187901202821967	P:r1@DGUOK	P:r1@DGUOK	P:r1@DGUOK	DGUOK	DGUOK	P	not_sig	white	not_sig
1.09223696604506e-11	0.134264951918691	0.997	0.993	8.20455641784066e-07	P:r1@ASPH	P:r1@ASPH	P:r1@ASPH	ASPH	ASPH	P	not_sig	beige	not_sig
3.0505529275635e-10	-0.134040477434962	0.989	0.985	2.29148384259787e-05	P:r1@MRPS24	P:r1@MRPS24	P:r1@MRPS24	MRPS24	MRPS24	P	not_sig	white	not_sig
2.03068624044048e-59	-0.133989267264131	1	1	1.52539058323168e-54	P:r1@RPL28	P:r1@RPL28	P:r1@RPL28	RPL28	RPL28	P	not_sig	white	not_sig
1.55023252069272e-08	0.133824328321955	0.735	0.594	0.00116448816256875	P:r1@TRPC4AP	P:r1@TRPC4AP	P:r1@TRPC4AP	TRPC4AP	TRPC4AP	P	not_sig	beige	not_sig
4.35908302193163e-19	-0.13357050625955	0.998	1	3.27441239358438e-14	P:r1@PRDX1	P:r1@PRDX1	P:r1@PRDX1	PRDX1	PRDX1	P	not_sig	white	not_sig
1.33424943620558e-23	-0.133356044310823	1	1	1.00224814899455e-18	P:r1@MIF	P:r1@MIF	P:r1@MIF	MIF	MIF	P	not_sig	white	not_sig
2.25048236846761e-22	-0.133035896787232	1	0.999	1.69049484072181e-17	P:r1@COX7A2	P:r1@COX7A2	P:r1@COX7A2	COX7A2	COX7A2	P	not_sig	white	not_sig
1.19322072670991e-11	0.132889284224256	0.993	0.988	8.96311613282685e-07	P:r1@G6PD	P:r1@G6PD	P:r1@G6PD	G6PD	G6PD	P	not_sig	beige	not_sig
1.2142685334052e-08	0.132847461186529	0.941	0.865	0.000912122094237982	P:r1@METAP2	P:r1@METAP2	P:r1@METAP2	METAP2	METAP2	P	not_sig	beige	not_sig
3.58424055872359e-34	-0.13273845336718	1	1	2.6923739804964e-29	P:r1@SSR4	P:r1@SSR4	P:r1@SSR4	SSR4	SSR4	P	not_sig	white	not_sig
1.37009542469384e-57	0.132686150436939	1	1	1.02917458016727e-52	P:r1@RPS27	P:r1@RPS27	P:r1@RPS27	RPS27	RPS27	P	not_sig	beige	not_sig
2.80295761711323e-10	-0.132557808825846	0.991	0.985	2.10549767324694e-05	P:r1@CNIH4	P:r1@CNIH4	P:r1@CNIH4	CNIH4	CNIH4	P	not_sig	white	not_sig
5.93131810196907e-11	-0.132309877879892	0.999	0.997	4.45542821865611e-06	P:r1@DBI	P:r1@DBI	P:r1@DBI	DBI	DBI	P	not_sig	white	not_sig
4.68855589596696e-12	-0.132150884453765	0.997	0.995	3.5219025323735e-07	P:r1@RAB2A	P:r1@RAB2A	P:r1@RAB2A	RAB2A	RAB2A	P	not_sig	white	not_sig
3.15445214445067e-14	-0.132131651966752	0.998	0.996	2.36952981734701e-09	P:r1@SOD1	P:r1@SOD1	P:r1@SOD1	SOD1	SOD1	P	not_sig	white	not_sig
1.26713292754821e-13	0.132071203741469	0.975	0.932	9.51832241186388e-09	P:r1@EIF4H	P:r1@EIF4H	P:r1@EIF4H	EIF4H	EIF4H	P	not_sig	beige	not_sig
1.43800831220508e-08	-0.13185344952602	0.983	0.975	0.00108018870387909	P:r1@STOML2	P:r1@STOML2	P:r1@STOML2	STOML2	STOML2	P	not_sig	white	not_sig
9.61393843315718e-08	0.131789801926075	0.595	0.472	0.00722170213283468	P:r1@HIP1	P:r1@HIP1	P:r1@HIP1	HIP1	HIP1	P	not_sig	beige	not_sig
6.05168516424213e-11	-0.130788855745581	1	0.998	4.54584434482376e-06	P:r1@KDELR2,r1@DAGLB	P:r1@KDELR2,r1@DAGLB	P:r1@KDELR2,r1@DAGLB	KDELR2	KDELR2,DAGLB	P	not_sig	white	not_sig
3.00314367740964e-20	-0.130621754466418	0.998	0.997	2.2558714361598e-15	P:r1@PRDX5	P:r1@PRDX5	P:r1@PRDX5	PRDX5	PRDX5	P	not_sig	white	not_sig
4.12682693377526e-14	0.129891523210999	0.995	0.985	3.09994858784396e-09	P:r1@GDI2	P:r1@GDI2	P:r1@GDI2	GDI2	GDI2	P	not_sig	beige	not_sig
1.21871484937447e-10	0.129066009830548	0.985	0.959	9.15462033404618e-06	P:r1@PABPC4	P:r1@PABPC4	P:r1@PABPC4	PABPC4	PABPC4	P	not_sig	beige	not_sig
5.40429927095302e-18	-0.1289480309994	0.999	0.998	4.05954748336178e-13	P:r1@ATP5F1D	P:r1@ATP5F1D	P:r1@ATP5F1D	ATP5F1D	ATP5F1D	P	not_sig	white	not_sig
7.47902061790271e-09	-0.128918306260474	0.988	0.983	0.000561801591754998	P:r1@MPG	P:r1@MPG	P:r1@MPG	MPG	MPG	P	not_sig	white	not_sig
6.61686316400527e-16	-0.128875130320374	0.999	1	4.97038910290584e-11	P:r1@ITM2B	P:r1@ITM2B	P:r1@ITM2B	ITM2B	ITM2B	P	not_sig	white	not_sig
5.05127989965771e-08	0.128695520063262	0.774	0.635	0.00379436992222588	P:r1@GUSB	P:r1@GUSB	P:r1@GUSB	GUSB	GUSB	P	not_sig	beige	not_sig
6.80196509355795e-12	0.12866113227788	0.984	0.961	5.10943211932793e-07	P:r1@EIF3D	P:r1@EIF3D	P:r1@EIF3D	EIF3D	EIF3D	P	not_sig	beige	not_sig
6.95580662625777e-16	-0.128504423090091	0.998	0.999	5.22499326344605e-11	P:r1@ATP6V0E1	P:r1@ATP6V0E1	P:r1@ATP6V0E1	ATP6V0E1	ATP6V0E1	P	not_sig	white	not_sig
7.81508144473456e-12	0.12847569545317	1	0.994	5.87045472884126e-07	P:r1@FKBP1A,r1@AL136531.2,r1@MIR6869	P:r1@FKBP1A,r1@AL136531.2,r1@MIR6869	P:r1@FKBP1A,r1@AL136531.2,r1@MIR6869	FKBP1A	FKBP1A,AL136531.2,MIR6869	P	not_sig	beige	not_sig
9.73749795955411e-09	0.128360674224928	0.998	0.998	0.000731451634227826	P:r1@SERPINF1	P:r1@SERPINF1	P:r1@SERPINF1	SERPINF1	SERPINF1	P	not_sig	beige	not_sig
9.1773333567717e-08	0.128175567904306	0.396	0.294	0.0068937374976062	P:r1@TUT1,r1@AP002990.1	P:r1@TUT1,r1@AP002990.1	P:r1@TUT1,r1@AP002990.1	TUT1	TUT1,AP002990.1	P	not_sig	beige	not_sig
4.60701086361543e-18	-0.127853495157846	1	1	3.460648350422e-13	P:r1@PPIB	P:r1@PPIB	P:r1@PPIB	PPIB	PPIB	P	not_sig	white	not_sig
9.9348301662486e-08	0.127303869604388	0.484	0.359	0.00746274637598096	P:r1@PELP1	P:r1@PELP1	P:r1@PELP1	PELP1	PELP1	P	not_sig	beige	not_sig
8.65006270761384e-13	-0.126814688555406	0.996	0.994	6.49766760407829e-08	P:r1@TRAPPC5	P:r1@TRAPPC5	P:r1@TRAPPC5	TRAPPC5	TRAPPC5	P	not_sig	white	not_sig
1.46472917459219e-10	-0.126150893504036	0.997	0.993	1.10026061407842e-05	P:r1@ATP5IF1	P:r1@ATP5IF1	P:r1@ATP5IF1	ATP5IF1	ATP5IF1	P	not_sig	white	not_sig
8.20444035604125e-17	-0.126115082440071	0.999	0.998	6.1629294622475e-12	P:r1@KDELR1	P:r1@KDELR1	P:r1@KDELR1	KDELR1	KDELR1	P	not_sig	white	not_sig
7.82334817346923e-20	-0.125559756439207	1	0.999	5.87666444746488e-15	P:r1@NDUFA4	P:r1@NDUFA4	P:r1@NDUFA4	NDUFA4	NDUFA4	P	not_sig	white	not_sig
4.29380148869755e-08	0.125480684004661	0.922	0.843	0.00322537486426494	P:r1@TWSG1,r1@AP001033.3	P:r1@TWSG1,r1@AP001033.3	P:r1@TWSG1,r1@AP001033.3	TWSG1	TWSG1,AP001033.3	P	not_sig	beige	not_sig
4.13524242603523e-14	0.125175566292294	0.998	1	3.10627005316488e-09	P:r1@HLA-C	P:r1@HLA-C	P:r1@HLA-C	HLA-C	HLA-C	P	not_sig	beige	not_sig
4.53493081937715e-10	-0.125142477219356	0.996	0.994	3.40650398359153e-05	P:r1@PEBP1	P:r1@PEBP1	P:r1@PEBP1	PEBP1	PEBP1	P	not_sig	white	not_sig
1.21159808241286e-07	0.124959032532961	0.299	0.212	0.00910116131566068	P:r1@DIS3L	P:r1@DIS3L	P:r1@DIS3L	DIS3L	DIS3L	P	not_sig	beige	not_sig
8.72654096413388e-09	-0.12492476506847	0.998	0.999	0.000655511577602845	P:r1@PNRC1	P:r1@PNRC1	P:r1@PNRC1	PNRC1	PNRC1	P	not_sig	white	not_sig
6.66291481756259e-09	0.124755295533609	0.959	0.907	0.000500498172350849	P:r1@METTL9	P:r1@METTL9	P:r1@METTL9	METTL9	METTL9	P	not_sig	beige	not_sig
7.48665186743028e-12	-0.124665167530654	1	1	5.6237482832576e-07	P:r1@GPX4	P:r1@GPX4	P:r1@GPX4	GPX4	GPX4	P	not_sig	white	not_sig
2.99627245322685e-09	-0.124235165336661	0.993	0.99	0.000225070997869042	P:r1@PSMB6	P:r1@PSMB6	P:r1@PSMB6	PSMB6	PSMB6	P	not_sig	white	not_sig
9.52936161320419e-08	0.123250674057067	0.527	0.399	0.00715817056299059	P:r1@TTC38	P:r1@TTC38	P:r1@TTC38	TTC38	TTC38	P	not_sig	beige	not_sig
1.14448277935194e-08	-0.123162747245655	0.993	0.983	0.000859701129365796	P:r1@NDUFAF8	P:r1@NDUFAF8	P:r1@NDUFAF8	NDUFAF8	NDUFAF8	P	not_sig	white	not_sig
1.26556266728866e-07	0.123079760969418	0.986	0.976	0.00950652708787223	P:r1@LAMC1	P:r1@LAMC1	P:r1@LAMC1	LAMC1	LAMC1	P	not_sig	beige	not_sig
3.52506670949873e-12	-0.122326454030801	0.999	0.998	2.64792436017416e-07	P:r1@ADDG0X023667874.F,r1@PRDX4	P:r1@ADDG0X023667874.F,r1@PRDX4	P:r1@..874.F,r1@PRDX4	..874.F	ADDG0X023667874.F,PRDX4	P	not_sig	white	not_sig
2.53316416755938e-42	-0.122289170251353	1	1	1.90283692774558e-37	P:r1@RPS15A	P:r1@RPS15A	P:r1@RPS15A	RPS15A	RPS15A	P	not_sig	white	not_sig
1.24447818134999e-07	0.122174938671522	0.969	0.918	0.0093481467548467	P:r1@CYCS	P:r1@CYCS	P:r1@CYCS	CYCS	CYCS	P	not_sig	beige	not_sig
2.65008753413715e-64	-0.122106122745908	1	1	1.9906662530178e-59	P:r1@RPS27A	P:r1@RPS27A	P:r1@RPS27A	RPS27A	RPS27A	P	not_sig	white	not_sig
2.95162670556589e-10	0.121648017562774	0.978	0.962	2.21717343241993e-05	P:r1@QSOX1	P:r1@QSOX1	P:r1@QSOX1	QSOX1	QSOX1	P	not_sig	beige	not_sig
1.2290581600018e-14	-0.121464833531705	1	0.998	9.23231618048553e-10	P:r1@DAD1	P:r1@DAD1	P:r1@DAD1	DAD1	DAD1	P	not_sig	white	not_sig
6.31951501915461e-11	-0.121027786260069	0.996	0.995	4.74703009693837e-06	P:r1@NDUFA6	P:r1@NDUFA6	P:r1@NDUFA6	NDUFA6	NDUFA6	P	not_sig	white	not_sig
7.35257123696975e-08	-0.120865780104065	0.991	0.981	0.00552303093607457	P:r1@MICOS13	P:r1@MICOS13	P:r1@MICOS13	MICOS13	MICOS13	P	not_sig	white	not_sig
5.0219193142899e-17	-0.120714908180413	0.998	0.999	3.77231513131514e-12	P:r1@MZT2B	P:r1@MZT2B	P:r1@MZT2B	MZT2B	MZT2B	P	not_sig	white	not_sig
3.1403613999517e-09	0.120036614161517	0.936	0.865	0.000235894527280172	P:r1@PSMD3	P:r1@PSMD3	P:r1@PSMD3	PSMD3	PSMD3	P	not_sig	beige	not_sig
4.57791970642086e-08	-0.119243999285654	0.992	0.977	0.00343879594587216	P:r1@HIGD2A	P:r1@HIGD2A	P:r1@HIGD2A	HIGD2A	HIGD2A	P	not_sig	white	not_sig
4.24705295054537e-15	-0.11921275028421	0.999	0.999	3.19025876486117e-10	P:r1@ATP5MC3	P:r1@ATP5MC3	P:r1@ATP5MC3	ATP5MC3	ATP5MC3	P	not_sig	white	not_sig
2.39254374438328e-15	-0.119122833973807	0.998	0.999	1.79720708446839e-10	P:r1@GUK1	P:r1@GUK1	P:r1@GUK1	GUK1	GUK1	P	not_sig	white	not_sig
6.5562773825212e-08	-0.119030470612912	0.987	0.974	0.00492487888142845	P:r1@NBDY	P:r1@NBDY	P:r1@NBDY	NBDY	NBDY	P	not_sig	white	not_sig
1.17017899495295e-08	0.118914778885388	0.951	0.899	0.000879003355638806	P:r1@HNRNPF	P:r1@HNRNPF	P:r1@HNRNPF	HNRNPF	HNRNPF	P	not_sig	beige	not_sig
8.77521577345381e-13	0.118791818298145	0.992	0.983	6.5916788325453e-08	P:r1@HNRNPA0	P:r1@HNRNPA0	P:r1@HNRNPA0	HNRNPA0	HNRNPA0	P	not_sig	beige	not_sig
8.50306357499205e-08	0.117991686917791	0.948	0.88	0.00638724626562678	P:r1@HADHB	P:r1@HADHB	P:r1@HADHB	HADHB	HADHB	P	not_sig	beige	not_sig
1.00025215739342e-11	-0.11779568965316	0.997	0.996	7.51359413069218e-07	P:r1@NOP10	P:r1@NOP10	P:r1@NOP10	NOP10	NOP10	P	not_sig	white	not_sig
5.55626475170448e-09	-0.117409784667522	0.996	0.994	0.000417369939353785	P:r1@VDAC1	P:r1@VDAC1	P:r1@VDAC1	VDAC1	VDAC1	P	not_sig	white	not_sig
1.29366605894913e-09	-0.117388193758187	0.99	0.984	9.71763133500821e-05	P:r1@PGLS	P:r1@PGLS	P:r1@PGLS	PGLS	PGLS	P	not_sig	white	not_sig
9.73428000702665e-08	-0.116891621891087	0.986	0.972	0.00731209911287821	P:r1@LAMTOR2	P:r1@LAMTOR2	P:r1@LAMTOR2	LAMTOR2	LAMTOR2	P	not_sig	white	not_sig
6.21343354274656e-12	-0.116201801896914	0.998	0.996	4.66734487430493e-07	P:r1@C9orf16	P:r1@C9orf16	P:r1@C9orf16	C9orf16	C9orf16	P	not_sig	white	not_sig
7.25711511272707e-50	-0.116000604782578	1	1	5.45132715922719e-45	P:r1@RPS14	P:r1@RPS14	P:r1@RPS14	RPS14	RPS14	P	not_sig	white	not_sig
1.11423024016394e-10	0.115696679040624	0.992	0.981	8.36976329503948e-06	P:r1@CCNG1	P:r1@CCNG1	P:r1@CCNG1	CCNG1	CCNG1	P	not_sig	beige	not_sig
5.03668927714051e-09	0.115376337023302	0.976	0.949	0.000378340988430963	P:r1@PET100,r1@AC008763.2	P:r1@PET100,r1@AC008763.2	P:r1@PET100,r1@AC008763.2	PET100	PET100,AC008763.2	P	not_sig	beige	not_sig
2.62652087804024e-08	0.115371622789356	0.992	0.978	0.00197296368795749	P:r1@CKAP4,r1@AC079174.1	P:r1@CKAP4,r1@AC079174.1	P:r1@CKAP4,r1@AC079174.1	CKAP4	CKAP4,AC079174.1	P	not_sig	beige	not_sig
9.62724825217549e-08	-0.11499208258924	0.991	0.987	0.00723170006958666	P:r1@POLR2F	P:r1@POLR2F	P:r1@POLR2F	POLR2F	POLR2F	P	not_sig	white	not_sig
3.29566247996725e-36	-0.114845642517003	1	1	2.475602785077e-31	P:r1@COX4I1	P:r1@COX4I1	P:r1@COX4I1	COX4I1	COX4I1	P	not_sig	white	not_sig
3.10851274260399e-16	-0.114679071521923	0.999	0.998	2.33502151686184e-11	P:r1@RABAC1	P:r1@RABAC1	P:r1@RABAC1	RABAC1	RABAC1	P	not_sig	white	not_sig
4.21306419317447e-08	-0.11462368083345	0.991	0.983	0.00316472742998686	P:r1@TXNL4A	P:r1@TXNL4A	P:r1@TXNL4A	TXNL4A	TXNL4A	P	not_sig	white	not_sig
1.73297265243736e-13	-0.114272769091091	0.996	0.998	1.30175706733138e-08	P:r1@PSMB1	P:r1@PSMB1	P:r1@PSMB1	PSMB1	PSMB1	P	not_sig	white	not_sig
9.65316985498035e-11	-0.114127761268469	0.997	0.996	7.25117159996559e-06	P:r1@COX7B	P:r1@COX7B	P:r1@COX7B	COX7B	COX7B	P	not_sig	white	not_sig
1.94875089356658e-11	-0.113933051879611	0.998	0.998	1.46384320872041e-06	P:r1@SPCS1	P:r1@SPCS1	P:r1@SPCS1	SPCS1	SPCS1	P	not_sig	white	not_sig
3.51734669103071e-19	-0.113696771843468	0.999	1	2.64212531390154e-14	P:r1@ATP5MC2	P:r1@ATP5MC2	P:r1@ATP5MC2	ATP5MC2	ATP5MC2	P	not_sig	white	not_sig
1.0163275200278e-48	-0.113265011781568	1	1	7.63434743219279e-44	P:r1@RPL18A	P:r1@RPL18A	P:r1@RPL18A	RPL18A	RPL18A	P	not_sig	white	not_sig
5.77632942009322e-08	0.113179498217587	0.944	0.872	0.00433900537049142	P:r1@ADIPOR1	P:r1@ADIPOR1	P:r1@ADIPOR1	ADIPOR1	ADIPOR1	P	not_sig	beige	not_sig
1.36467740488878e-12	-0.113080754397206	0.999	0.999	1.02510472623031e-07	P:r1@ATP5PF	P:r1@ATP5PF	P:r1@ATP5PF	ATP5PF	ATP5PF	P	not_sig	white	not_sig
4.05808650834517e-14	-0.113034830721378	0.999	0.998	3.04831284247364e-09	P:r1@UQCR10	P:r1@UQCR10	P:r1@UQCR10	UQCR10	UQCR10	P	not_sig	white	not_sig
2.07827807162583e-28	-0.112100734598092	1	1	1.56114013906318e-23	P:r1@PPIA	P:r1@PPIA	P:r1@PPIA	PPIA	PPIA	P	not_sig	white	not_sig
3.13408627237515e-08	-0.111793154843752	0.996	0.998	0.00235423158522004	P:r1@ERH	P:r1@ERH	P:r1@ERH	ERH	ERH	P	not_sig	white	not_sig
4.04894704744393e-09	0.111059163482118	0.992	0.975	0.000304144755362846	P:r1@TXNDC5	P:r1@TXNDC5	P:r1@TXNDC5	TXNDC5	TXNDC5	P	not_sig	beige	not_sig
1.35200356899212e-14	-0.110932246741749	1	0.998	1.01558452091981e-09	P:r1@COX6C	P:r1@COX6C	P:r1@COX6C	COX6C	COX6C	P	not_sig	white	not_sig
6.72228878190637e-13	0.110901859310073	0.997	0.989	5.0495816643046e-08	P:r1@MAP2K2	P:r1@MAP2K2	P:r1@MAP2K2	MAP2K2	MAP2K2	P	not_sig	beige	not_sig
7.03940822930986e-10	-0.110736263360697	0.998	0.998	5.28779227961069e-05	P:r1@NEDD8,r1@NEDD8-MDP1	P:r1@NEDD8,r1@NEDD8-MDP1	P:r1@NEDD8,r1@NEDD8-MDP1	NEDD8	NEDD8,NEDD8-MDP1	P	not_sig	white	not_sig
2.12730366876315e-08	-0.110492835263287	0.996	0.991	0.00159796669686482	P:r1@CUTA	P:r1@CUTA	P:r1@CUTA	CUTA	CUTA	P	not_sig	white	not_sig
5.76270217858976e-09	0.110458354997341	0.968	0.933	0.000432876899549127	P:r1@EPN1	P:r1@EPN1	P:r1@EPN1	EPN1	EPN1	P	not_sig	beige	not_sig
1.69962170250375e-10	-0.110062216293589	1	1	1.27670483426974e-05	P:r1@TMSB10	P:r1@TMSB10	P:r1@TMSB10	TMSB10	TMSB10	P	not_sig	white	not_sig
3.73812923547614e-11	-0.109961564396735	0.998	0.995	2.80797053781261e-06	P:r1@CSNK2B,r1@AL662899.2	P:r1@CSNK2B,r1@AL662899.2	P:r1@CSNK2B,r1@AL662899.2	CSNK2B	CSNK2B,AL662899.2	P	not_sig	white	not_sig
6.39285285790776e-09	-0.108500395355082	0.998	0.997	0.000480211928127458	P:r1@AC073896.1,r1@CNPY2	P:r1@AC073896.1,r1@CNPY2	P:r1@AC073896.1,r1@CNPY2	AC073896.1	AC073896.1,CNPY2	P	not_sig	white	not_sig
1.01679551567113e-07	-0.108394602179479	0.991	0.978	0.00763786287506684	P:r1@MRPL52	P:r1@MRPL52	P:r1@MRPL52	MRPL52	MRPL52	P	not_sig	white	not_sig
4.59146952399423e-09	-0.108309412876986	0.996	0.99	0.000344897416233874	P:r1@NDUFV2,r1@AP005263.1	P:r1@NDUFV2,r1@AP005263.1	P:r1@NDUFV2,r1@AP005263.1	NDUFV2	NDUFV2,AP005263.1	P	not_sig	white	not_sig
1.66458128224921e-08	0.108306900119397	0.492	0.359	0.00125038352178714	P:r1@SENP2	P:r1@SENP2	P:r1@SENP2	SENP2	SENP2	P	not_sig	beige	not_sig
1.94162592784433e-16	-0.108167097943336	0.999	0.998	1.45849114821883e-11	P:r1@EIF3K	P:r1@EIF3K	P:r1@EIF3K	EIF3K	EIF3K	P	not_sig	white	not_sig
1.3918966922962e-26	-0.108094189845766	1	1	1.04555103835214e-21	P:r1@OAZ1,r1@AC005258.1	P:r1@OAZ1,r1@AC005258.1	P:r1@OAZ1,r1@AC005258.1	OAZ1	OAZ1,AC005258.1	P	not_sig	white	not_sig
2.99765436842664e-09	0.107407780798459	0.99	0.974	0.000225174803193104	P:r1@EIF4B	P:r1@EIF4B	P:r1@EIF4B	EIF4B	EIF4B	P	not_sig	beige	not_sig
9.65968714903553e-08	0.106103662431719	0.99	0.984	0.00725606719574102	P:r1@TNFRSF1A	P:r1@TNFRSF1A	P:r1@TNFRSF1A	TNFRSF1A	TNFRSF1A	P	not_sig	beige	not_sig
1.38951850635076e-08	0.106023147377269	0.983	0.963	0.0010437646164155	P:r1@U2AF1	P:r1@U2AF1	P:r1@U2AF1	U2AF1	U2AF1	P	not_sig	beige	not_sig
2.86070698079258e-43	-0.104917154781742	1	1	2.14887726276196e-38	P:r1@RPS26	P:r1@RPS26	P:r1@RPS26	RPS26	RPS26	P	not_sig	white	not_sig
1.11586547742857e-07	0.104632132232411	0.956	0.905	0.00838204670680018	P:r1@RAB18	P:r1@RAB18	P:r1@RAB18	RAB18	RAB18	P	not_sig	beige	not_sig
4.52076860542877e-29	0.104278914083631	1	1	3.39586575333993e-24	P:r1@RPL9	P:r1@RPL9	P:r1@RPL9	RPL9	RPL9	P	not_sig	beige	not_sig
3.45198780096345e-18	-0.10393679928999	1	1	2.59302967644971e-13	P:r1@PFDN5	P:r1@PFDN5	P:r1@PFDN5	PFDN5	PFDN5	P	not_sig	white	not_sig
1.88513238677585e-31	-0.103771045409231	1	1	1.41605489497442e-26	P:r1@RPS7	P:r1@RPS7	P:r1@RPS7	RPS7	RPS7	P	not_sig	white	not_sig
4.44488599518431e-12	-0.103134858335711	0.999	0.998	3.3388650130026e-07	P:r1@PTCD1,r1@ATP5MF,r1@ATP5MF-PTCD1	P:r1@PTCD1,r1@ATP5MF,r1@ATP5MF-PTCD1	P:r1@PTCD1,r1@ATP5MF,r1@ATP5MF-PTCD1	PTCD1	PTCD1,ATP5MF,ATP5MF-PTCD1	P	not_sig	white	not_sig
4.04274092868753e-11	-0.102590259817904	0.999	0.998	3.03678570340221e-06	P:r1@WDR83OS,r1@AC010422.5	P:r1@WDR83OS,r1@AC010422.5	P:r1@WDR83OS,r1@AC010422.5	WDR83OS	WDR83OS,AC010422.5	P	not_sig	white	not_sig
2.54756444742515e-38	-0.101912189388215	1	1	1.91365398597235e-33	P:r1@RPL8,r1@MIR6850	P:r1@RPL8,r1@MIR6850	P:r1@RPL8,r1@MIR6850	RPL8	RPL8,MIR6850	P	not_sig	white	not_sig
1.43444086782761e-11	0.101089271918963	0.997	0.994	1.07750894668606e-06	P:r1@HNRNPC	P:r1@HNRNPC	P:r1@HNRNPC	HNRNPC	HNRNPC	P	not_sig	beige	not_sig
2.82588033723866e-10	-0.100623001932737	0.999	0.997	2.12271653292356e-05	P:r1@TMEM14C	P:r1@TMEM14C	P:r1@TMEM14C	TMEM14C	TMEM14C	P	not_sig	white	not_sig
1.14695947950042e-07	-0.100110926397309	0.997	0.993	0.00861561552216332	P:r1@PRELID1	P:r1@PRELID1	P:r1@PRELID1	PRELID1	PRELID1	P	not_sig	white	not_sig
6.85145998054518e-14	-0.10008854112498	1	0.998	5.14661119358612e-09	P:r1@UBL5	P:r1@UBL5	P:r1@UBL5	UBL5	UBL5	P	not_sig	white	not_sig
3.4759344595974e-12	-0.100044089382718	0.998	1	2.61101768801578e-07	P:r1@NDUFC2,r1@NDUFC2-KCTD14	P:r1@NDUFC2,r1@NDUFC2-KCTD14	P:r1@NDUFC2,r1@NDUFC2-KCTD14	NDUFC2	NDUFC2,NDUFC2-KCTD14	P	not_sig	white	not_sig
