p_val	avg_log2FC	pct.1	pct.2	p_val_adj	tss_id	simple_id	feature_name	best_gene_name	gene_names	proximity	sig	condition	sig_cond
1.63758960742111e-52	-0.969941833436855	0.083	0.147	1.23010818540652e-47	P:r1@AL669831.3	P:r1@AL669831.3	P:r1@AL669831.3	AL669831.3	AL669831.3	P	sig	white	white
1.80343830645886e-48	-0.722897980863043	0.208	0.284	1.3546887526627e-43	D:r1@ADDG02027070577.F	D:r1@ADDG02027070577.F	D:r1@..577.F	..577.F	ADDG02027070577.F	D	sig	white	white
4.95242249581653e-59	0.714306333041304	0.225	0.14	3.7201112061825e-54	D:r2@ADDG17082088766.B	D:r2@ADDG17082088766.B	D:r2@..766.B	..766.B	ADDG17082088766.B	D	sig	beige	beige
1.92477255715696e-37	-0.667175296318531	0.257	0.323	1.44583140175959e-32	D:r1@ADDG19018575201.R	D:r1@ADDG19018575201.R	D:r1@..201.R	..201.R	ADDG19018575201.R	D	sig	white	white
3.20548047917894e-24	-0.663483928994106	0.15	0.197	2.40786077154484e-19	P:r1@ADDG17008377649.F	P:r1@ADDG17008377649.F	P:r1@..649.F	..649.F	ADDG17008377649.F	P	sig	white	white
4.22728903055854e-15	-0.653855260868356	0.09	0.121	3.17541270108466e-10	P:r1@HIST1H4F	P:r1@HIST1H4F	P:r1@HIST1H4F	HIST1H4F	HIST1H4F	P	sig	white	white
4.91466776145374e-23	-0.650700177646436	0.105	0.147	3.69175098237121e-18	P:r1@ADDG03179618488.R	P:r1@ADDG03179618488.R	P:r1@..488.R	..488.R	ADDG03179618488.R	P	sig	white	white
4.4684824480406e-25	-0.642060801015377	0.086	0.129	3.35658996049465e-20	P:r2@ADDG02038482405.B	P:r2@ADDG02038482405.B	P:r2@..405.B	..405.B	ADDG02038482405.B	P	sig	white	white
3.63410385690726e-167	0.634201812781576	0.886	0.777	2.72982979419303e-162	D:r1@ADDG21008259835.B	D:r1@ADDG21008259835.B	D:r1@..835.B	..835.B	ADDG21008259835.B	D	sig	beige	beige
2.03531304276988e-39	-0.626830952146028	0.247	0.316	1.52886609833745e-34	P:r1@ADDG19055388330.R	P:r1@ADDG19055388330.R	P:r1@..330.R	..330.R	ADDG19055388330.R	P	sig	white	white
3.08585636953867e-45	-0.624090771901768	0.395	0.462	2.31800272910637e-40	P:r1@ADDG01000634140.R	P:r1@ADDG01000634140.R	P:r1@..140.R	..140.R	ADDG01000634140.R	P	sig	white	white
1.52604291461801e-160	0.60001852047568	0.839	0.72	1.14631765617361e-155	D:r1@ADDG21008400458.B	D:r1@ADDG21008400458.B	D:r1@..458.B	..458.B	ADDG21008400458.B	D	sig	beige	beige
1.03185439183102e-31	0.598994009128285	0.143	0.091	7.75098063511706e-27	P:r1@PLXNB2	P:r1@PLXNB2	P:r1@PLXNB2	PLXNB2	PLXNB2	P	sig	beige	beige
2.27425121963428e-115	0.577556341263448	0.579	0.434	1.70834928865268e-110	D:r1@ADDG12057158519.R	D:r1@ADDG12057158519.R	D:r1@..519.R	..519.R	ADDG12057158519.R	D	sig	beige	beige
2.43147171828319e-24	0.566545517653124	0.137	0.093	1.82644861062279e-19	P:r1@NOTCH3	P:r1@NOTCH3	P:r1@NOTCH3	NOTCH3	NOTCH3	P	sig	beige	beige
3.20137738486962e-64	0.550290890926573	0.392	0.285	2.40477865019251e-59	P:r1@ADDG01021879018.F	P:r1@ADDG01021879018.F	P:r1@..018.F	..018.F	ADDG01021879018.F	P	sig	beige	beige
5.66894109526777e-158	0.547614443664166	0.977	0.936	4.25833848253229e-153	D:r1@ADDG21008442539.B	D:r1@ADDG21008442539.B	D:r1@..539.B	..539.B	ADDG21008442539.B	D	sig	beige	beige
2.3753836538631e-48	0.540891065220596	0.277	0.192	1.78431693927235e-43	D:r1@ADDG12057162502.B	D:r1@ADDG12057162502.B	D:r1@..502.B	..502.B	ADDG12057162502.B	D	sig	beige	beige
1.02226605455497e-66	0.533244330654042	0.471	0.362	7.67895592200056e-62	D:r1@ADDG17082088766.B	D:r1@ADDG17082088766.B	D:r1@..766.B	..766.B	ADDG17082088766.B	D	sig	beige	beige
1.29015005596911e-147	0.525819620697394	0.969	0.929	9.69122017542316e-143	D:r1@ADDG21008443541.B	D:r1@ADDG21008443541.B	D:r1@..541.B	..541.B	ADDG21008443541.B	D	sig	beige	beige
4.00822790796852e-10	-0.522847171422077	0.103	0.129	3.01086055762871e-05	P:r1@RMRP,r1@RMRP.2	P:r1@RMRP,r1@RMRP.2	P:r1@RMRP,r1@RMRP.2	RMRP	RMRP,RMRP.2	P	sig	white	white
7.75907576684218e-39	-0.514888564114037	0.645	0.678	5.82838494377884e-34	D:r1@ADDG18049488559.F	D:r1@ADDG18049488559.F	D:r1@..559.F	..559.F	ADDG18049488559.F	D	sig	white	white
1.23764261440324e-51	-0.512219921041705	0.475	0.548	9.29680002661278e-47	P:r1@ADDG0M000005585.R	P:r1@ADDG0M000005585.R	P:r1@..585.R	..585.R	ADDG0M000005585.R	P	sig	white	white
4.34370146467966e-21	0.507875841802745	0.124	0.085	3.26285822922342e-16	P:r1@NFKB2	P:r1@NFKB2	P:r1@NFKB2	NFKB2	NFKB2	P	sig	beige	beige
8.68990626810229e-29	0.494030779099344	0.165	0.112	6.5275968914104e-24	P:r1@SBF1	P:r1@SBF1	P:r1@SBF1	SBF1	SBF1	P	sig	beige	beige
1.02345769304e-125	0.485531591532474	0.931	0.89	7.6879071528086e-121	P:r1@FASN	P:r1@FASN	P:r1@FASN	FASN	FASN	P	sig	beige	beige
1.07386007609354e-12	-0.479755710554989	0.095	0.124	8.06651473359186e-08	P:r2@ADDG0X103686527.B	P:r2@ADDG0X103686527.B	P:r2@..527.B	..527.B	ADDG0X103686527.B	P	sig	white	white
1.04103738605766e-150	0.475899169326854	0.999	0.996	7.8199605328493e-146	D:r1@ADDG21008398844.F	D:r1@ADDG21008398844.F	D:r1@..844.F	..844.F	ADDG21008398844.F	D	sig	beige	beige
1.77102708874316e-10	-0.475805436069121	0.174	0.203	1.3303424182512e-05	P:r1@ADDG0M000012319.R	P:r1@ADDG0M000012319.R	P:r1@..319.R	..319.R	ADDG0M000012319.R	P	sig	white	white
1.5534480264228e-185	0.469738840822978	1	1	1.16690355400802e-180	D:r1@ADDG21008217400.B	D:r1@ADDG21008217400.B	D:r1@..400.B	..400.B	ADDG21008217400.B	D	sig	beige	beige
1.98090583957586e-18	0.464353654893062	0.123	0.086	1.4879970395142e-13	P:r1@PIEZO1	P:r1@PIEZO1	P:r1@PIEZO1	PIEZO1	PIEZO1	P	sig	beige	beige
1.34332043203332e-18	0.453939179771403	0.137	0.097	1.00906200893047e-13	D:r1@ADDG14022846215.B	D:r1@ADDG14022846215.B	D:r1@..215.B	..215.B	ADDG14022846215.B	D	sig	beige	beige
2.25901853952417e-61	0.449034001069923	0.497	0.387	1.69690695633437e-56	P:r1@PLXND1	P:r1@PLXND1	P:r1@PLXND1	PLXND1	PLXND1	P	sig	beige	beige
5.6860669162995e-22	0.44438268406194	0.166	0.12	4.2712028855167e-17	P:r1@INTS1	P:r1@INTS1	P:r1@INTS1	INTS1	INTS1	P	sig	beige	beige
6.18962839902962e-53	0.443795804366442	0.691	0.631	4.64946316449908e-48	P:r1@PLIN4	P:r1@PLIN4	P:r1@PLIN4	PLIN4	PLIN4	P	sig	beige	beige
9.15831232741402e-196	0.443264686789994	0.999	0.998	6.87944947098359e-191	D:r1@ADDG21008209995.F	D:r1@ADDG21008209995.F	D:r1@..995.F	..995.F	ADDG21008209995.F	D	sig	beige	beige
1.41441314264103e-141	0.435958493339886	0.863	0.781	1.06246472035766e-136	P:r1@LRP1	P:r1@LRP1	P:r1@LRP1	LRP1	LRP1	P	sig	beige	beige
6.17996952918867e-22	0.433643683415347	0.189	0.14	4.64220771124065e-17	P:r1@LRP5	P:r1@LRP5	P:r1@LRP5	LRP5	LRP5	P	sig	beige	beige
9.44919060521009e-18	0.433201342988909	0.13	0.093	7.09794850691567e-13	P:r1@NACC1	P:r1@NACC1	P:r1@NACC1	NACC1	NACC1	P	sig	beige	beige
3.85932333172904e-150	0.430607229088219	0.971	0.923	2.8990079070949e-145	D:r1@ADDG21008260936.B	D:r1@ADDG21008260936.B	D:r1@..936.B	..936.B	ADDG21008260936.B	D	sig	beige	beige
5.3382391157044e-19	0.43058088037122	0.151	0.11	4.00992507654367e-14	P:r1@ADCY3	P:r1@ADCY3	P:r1@ADCY3	ADCY3	ADCY3	P	sig	beige	beige
1.60059935915647e-11	0.425452065081547	0.127	0.098	1.20232222061757e-06	P:r1@SEMA3G	P:r1@SEMA3G	P:r1@SEMA3G	SEMA3G	SEMA3G	P	sig	beige	beige
1.29151627059376e-44	0.425090346562894	0.44	0.346	9.70148276981911e-40	D:r1@ADDG01054854226.B	D:r1@ADDG01054854226.B	D:r1@..226.B	..226.B	ADDG01054854226.B	D	sig	beige	beige
7.20739584769241e-20	0.42498019907072	0.128	0.088	5.41397953891111e-15	P:r1@INPPL1	P:r1@INPPL1	P:r1@INPPL1	INPPL1	INPPL1	P	sig	beige	beige
2.42117165819183e-25	0.423175595806368	0.289	0.225	1.81871151448395e-20	P:r1@ITGA5	P:r1@ITGA5	P:r1@ITGA5	ITGA5	ITGA5	P	sig	beige	beige
6.66206787861749e-10	0.416106557363695	0.211	0.18	5.0043455283811e-05	P:r1@KCNK3	P:r1@KCNK3	P:r1@KCNK3	KCNK3	KCNK3	P	sig	beige	beige
1.17433840558572e-20	0.412125858058269	0.163	0.119	8.82127780123822e-16	P:r1@OSBPL5	P:r1@OSBPL5	P:r1@OSBPL5	OSBPL5	OSBPL5	P	sig	beige	beige
4.98543244449361e-89	0.409333291612168	0.797	0.722	3.74490728933027e-84	P:r1@HSPG2	P:r1@HSPG2	P:r1@HSPG2	HSPG2	HSPG2	P	sig	beige	beige
7.56471203426641e-16	0.40532154097055	0.134	0.098	5.6823847387799e-11	P:r1@PLXNA4	P:r1@PLXNA4	P:r1@PLXNA4	PLXNA4	PLXNA4	P	sig	beige	beige
1.61521705188182e-20	0.404932452638209	0.161	0.116	1.21330259286207e-15	P:r1@PTGFRN	P:r1@PTGFRN	P:r1@PTGFRN	PTGFRN	PTGFRN	P	sig	beige	beige
4.31938699939218e-16	0.401272875714108	0.142	0.105	3.24459393233343e-11	D:r1@ADDG04056459702.R	D:r1@ADDG04056459702.R	D:r1@..702.R	..702.R	ADDG04056459702.R	D	sig	beige	beige
6.10888796588672e-30	0.397903978655611	0.287	0.218	4.58881337333512e-25	P:r1@TTYH3	P:r1@TTYH3	P:r1@TTYH3	TTYH3	TTYH3	P	sig	beige	beige
4.50521813394089e-22	0.39720331808628	0.19	0.14	3.38418470567238e-17	D:r1@ADDG17001676673.F	D:r1@ADDG17001676673.F	D:r1@..673.F	..673.F	ADDG17001676673.F	D	sig	beige	beige
1.41623101004431e-18	0.396498172363716	0.144	0.104	1.06383024781499e-13	P:r1@EPHB4	P:r1@EPHB4	P:r1@EPHB4	EPHB4	EPHB4	P	sig	beige	beige
2.03807946141279e-42	0.395783117397011	0.461	0.37	1.53094414902944e-37	P:r1@TNKS1BP1	P:r1@TNKS1BP1	P:r1@TNKS1BP1	TNKS1BP1	TNKS1BP1	P	sig	beige	beige
8.44189005618648e-54	0.39369013403814	0.514	0.41	6.3412945535056e-49	P:r1@KIRREL1	P:r1@KIRREL1	P:r1@KIRREL1	KIRREL1	KIRREL1	P	sig	beige	beige
2.63167395011064e-18	0.393011532578668	0.134	0.095	1.97683452110461e-13	P:r1@RAVER1	P:r1@RAVER1	P:r1@RAVER1	RAVER1	RAVER1	P	sig	beige	beige
4.65519960555305e-12	0.392981392812541	0.123	0.094	3.49684628770329e-07	P:r1@PNPLA6	P:r1@PNPLA6	P:r1@PNPLA6	PNPLA6	PNPLA6	P	sig	beige	beige
1.17730283088638e-22	0.392824561970671	0.218	0.164	8.84354567476924e-18	P:r1@FAM20C	P:r1@FAM20C	P:r1@FAM20C	FAM20C	FAM20C	P	sig	beige	beige
7.42824726903844e-21	0.392727502045807	0.174	0.127	5.57987650108361e-16	P:r1@SEC24C	P:r1@SEC24C	P:r1@SEC24C	SEC24C	SEC24C	P	sig	beige	beige
1.33267499481503e-55	0.392460638988887	0.735	0.693	1.0010654758552e-50	P:r1@AOC3	P:r1@AOC3	P:r1@AOC3	AOC3	AOC3	P	sig	beige	beige
7.76439039303019e-21	0.392085335508253	0.188	0.139	5.83237713153249e-16	P:r1@SSC5D	P:r1@SSC5D	P:r1@SSC5D	SSC5D	SSC5D	P	sig	beige	beige
3.23119292753299e-15	0.391702643634122	0.123	0.089	2.42717519137495e-10	P:r1@ZNF629	P:r1@ZNF629	P:r1@ZNF629	ZNF629	ZNF629	P	sig	beige	beige
1.51743619186562e-23	0.391208052653496	0.211	0.157	1.1398525442437e-18	P:r1@PIP5K1C	P:r1@PIP5K1C	P:r1@PIP5K1C	PIP5K1C	PIP5K1C	P	sig	beige	beige
2.01548304557495e-19	0.39085790333583	0.158	0.114	1.51397039934454e-14	P:r1@LTBP2	P:r1@LTBP2	P:r1@LTBP2	LTBP2	LTBP2	P	sig	beige	beige
2.32762035973436e-13	0.389537692133629	0.126	0.094	1.74843858562166e-08	P:r1@ZNF746	P:r1@ZNF746	P:r1@ZNF746	ZNF746	ZNF746	P	sig	beige	beige
3.243119547568e-19	0.388902109384026	0.169	0.125	2.43613411054665e-14	P:r1@CAD	P:r1@CAD	P:r1@CAD	CAD	CAD	P	sig	beige	beige
3.78967282605091e-26	0.388132183107346	0.248	0.188	2.84668853674466e-21	P:r1@DPP9	P:r1@DPP9	P:r1@DPP9	DPP9	DPP9	P	sig	beige	beige
2.31137860668632e-18	0.387991955549976	0.164	0.121	1.73623826798456e-13	P:r1@PARP10	P:r1@PARP10	P:r1@PARP10	PARP10	PARP10	P	sig	beige	beige
2.54160365445067e-18	0.38629980107147	0.171	0.128	1.90917641711371e-13	P:r1@FOXP4	P:r1@FOXP4	P:r1@FOXP4	FOXP4	FOXP4	P	sig	beige	beige
2.50030709494386e-14	0.381835657444066	0.119	0.087	1.87815568050898e-09	P:r3@PLEC	P:r3@PLEC	P:r3@PLEC	PLEC	PLEC	P	sig	beige	beige
1.14082871754051e-64	0.376508845109799	0.561	0.442	8.56956307754908e-60	P:r1@GANAB	P:r1@GANAB	P:r1@GANAB	GANAB	GANAB	P	sig	beige	beige
1.03483927751861e-16	0.376196458635819	0.139	0.102	7.77340220093654e-12	P:r1@PTPN23	P:r1@PTPN23	P:r1@PTPN23	PTPN23	PTPN23	P	sig	beige	beige
1.74763599967213e-18	0.374514521861737	0.171	0.127	1.31277173387372e-13	P:r1@GIT1	P:r1@GIT1	P:r1@GIT1	GIT1	GIT1	P	sig	beige	beige
1.1570767871266e-11	0.374178150931566	0.118	0.09	8.6916137018589e-07	P:r1@AP5B1	P:r1@AP5B1	P:r1@AP5B1	AP5B1	AP5B1	P	sig	beige	beige
4.25671846252141e-21	0.373454123957847	0.26	0.206	3.19751920749221e-16	P:r1@ADAMTS4	P:r1@ADAMTS4	P:r1@ADAMTS4	ADAMTS4	ADAMTS4	P	sig	beige	beige
4.23265046318594e-14	0.373291048477531	0.133	0.099	3.17944004843138e-09	P:r1@MAN2C1	P:r1@MAN2C1	P:r1@MAN2C1	MAN2C1	MAN2C1	P	sig	beige	beige
3.63517313488589e-12	0.372534992331604	0.132	0.101	2.73063300373223e-07	P:r1@TBX2	P:r1@TBX2	P:r1@TBX2	TBX2	TBX2	P	sig	beige	beige
3.75266155358126e-18	0.372121783215307	0.167	0.124	2.81888677920363e-13	D:r1@ADDG10126017291.F	D:r1@ADDG10126017291.F	D:r1@..291.F	..291.F	ADDG10126017291.F	D	sig	beige	beige
2.90457982603593e-09	-0.371346647683978	0.316	0.342	0.000218183322792341	D:r1@ADDG07095593738.B	D:r1@ADDG07095593738.B	D:r1@..738.B	..738.B	ADDG07095593738.B	D	sig	white	white
3.49887884695613e-13	0.370746957841108	0.142	0.109	2.62825282346804e-08	P:r1@MICALL1	P:r1@MICALL1	P:r1@MICALL1	MICALL1	MICALL1	P	sig	beige	beige
1.97254015586932e-158	0.368841349872117	1	1	1.48171298888435e-153	D:r1@ADDG21008394320.F	D:r1@ADDG21008394320.F	D:r1@..320.F	..320.F	ADDG21008394320.F	D	sig	beige	beige
1.41080218073399e-100	0.366104915199157	0.996	0.995	1.05975227410195e-95	D:r1@ADDG21008988652.B	D:r1@ADDG21008988652.B	D:r1@..652.B	..652.B	ADDG21008988652.B	D	sig	beige	beige
1.27606962148983e-22	0.364969655380589	0.206	0.153	9.58545217574517e-18	P:r1@IRS1	P:r1@IRS1	P:r1@IRS1	IRS1	IRS1	P	sig	beige	beige
5.77217584364397e-17	0.364695624849041	0.178	0.136	4.33588532847004e-12	P:r1@FGFRL1	P:r1@FGFRL1	P:r1@FGFRL1	FGFRL1	FGFRL1	P	sig	beige	beige
1.04372542450381e-12	0.364510176738226	0.14	0.107	7.84015227124526e-08	P:r1@PPP1R37	P:r1@PPP1R37	P:r1@PPP1R37	PPP1R37	PPP1R37	P	sig	beige	beige
2.19677549549397e-13	0.362746781291053	0.168	0.132	1.6501518489502e-08	P:r1@TSC22D2	P:r1@TSC22D2	P:r1@TSC22D2	TSC22D2	TSC22D2	P	sig	beige	beige
1.10066944883529e-17	0.360410711827426	0.15	0.109	8.26789869881605e-13	P:r1@SOGA1	P:r1@SOGA1	P:r1@SOGA1	SOGA1	SOGA1	P	sig	beige	beige
3.74057893909654e-14	0.359146294170107	0.131	0.098	2.80981068168115e-09	P:r1@PI4K2A	P:r1@PI4K2A	P:r1@PI4K2A	PI4K2A	PI4K2A	P	sig	beige	beige
2.42736179282248e-60	0.358630164581348	0.677	0.583	1.82336135791447e-55	P:r1@PTPRS	P:r1@PTPRS	P:r1@PTPRS	PTPRS	PTPRS	P	sig	beige	beige
1.26880830062138e-34	0.357904426444359	0.313	0.231	9.53090731177764e-30	P:r1@UBA1	P:r1@UBA1	P:r1@UBA1	UBA1	UBA1	P	sig	beige	beige
1.0787078343419e-16	0.35750100259603	0.156	0.116	8.10292963922607e-12	P:r1@SLC12A9	P:r1@SLC12A9	P:r1@SLC12A9	SLC12A9	SLC12A9	P	sig	beige	beige
4.64977584646848e-27	0.356415459321067	0.292	0.225	3.49277212259173e-22	P:r1@RNPEPL1	P:r1@RNPEPL1	P:r1@RNPEPL1	RNPEPL1	RNPEPL1	P	sig	beige	beige
2.80839533294422e-10	0.356273260139472	0.122	0.096	2.10958232224771e-05	P:r1@SSH3	P:r1@SSH3	P:r1@SSH3	SSH3	SSH3	P	sig	beige	beige
2.27534027799715e-19	0.356121060300095	0.225	0.176	1.70916735662312e-14	P:r1@ALDH16A1	P:r1@ALDH16A1	P:r1@ALDH16A1	ALDH16A1	ALDH16A1	P	sig	beige	beige
2.15783224779048e-37	0.356002741620223	0.606	0.532	1.62089884957278e-32	D:r1@ADDG17082091629.B	D:r1@ADDG17082091629.B	D:r1@..629.B	..629.B	ADDG17082091629.B	D	sig	beige	beige
2.44996958058381e-12	0.354010671518319	0.133	0.102	1.84034364984714e-07	P:r1@FNDC10	P:r1@FNDC10	P:r1@FNDC10	FNDC10	FNDC10	P	sig	beige	beige
5.18364957050681e-26	0.353995744265091	0.262	0.199	3.8938020478776e-21	P:r1@PPP6R1	P:r1@PPP6R1	P:r1@PPP6R1	PPP6R1	PPP6R1	P	sig	beige	beige
8.93604405582888e-17	0.351159728010982	0.261	0.214	6.71248821341698e-12	P:r1@HK2	P:r1@HK2	P:r1@HK2	HK2	HK2	P	sig	beige	beige
2.18061340560683e-17	0.350400748515151	0.164	0.122	1.63801137188969e-12	P:r1@ZSWIM8	P:r1@ZSWIM8	P:r1@ZSWIM8	ZSWIM8	ZSWIM8	P	sig	beige	beige
5.55960094673608e-16	0.349456785026066	0.196	0.154	4.17620544315974e-11	P:r1@SLC6A8	P:r1@SLC6A8	P:r1@SLC6A8	SLC6A8	SLC6A8	P	sig	beige	beige
7.44508830545693e-28	0.348665777709748	0.323	0.254	5.59252698241009e-23	P:r1@TBC1D9B	P:r1@TBC1D9B	P:r1@TBC1D9B	TBC1D9B	TBC1D9B	P	sig	beige	beige
1.83537708159169e-16	0.347622419958824	0.214	0.17	1.37868020237923e-11	P:r1@AGPAT3	P:r1@AGPAT3	P:r1@AGPAT3	AGPAT3	AGPAT3	P	sig	beige	beige
1.54396889968125e-19	0.347088390679081	0.191	0.144	1.15978311837356e-14	P:r1@PELP1	P:r1@PELP1	P:r1@PELP1	PELP1	PELP1	P	sig	beige	beige
1.1535293281719e-34	0.346739827065968	0.384	0.302	8.66496625442889e-30	P:r1@SCAP	P:r1@SCAP	P:r1@SCAP	SCAP	SCAP	P	sig	beige	beige
1.58345733719316e-23	0.346537381728351	0.232	0.174	1.18944564797939e-18	P:r1@MEN1	P:r1@MEN1	P:r1@MEN1	MEN1	MEN1	P	sig	beige	beige
1.22597943492234e-24	0.346420155753516	0.267	0.206	9.20918972130615e-20	P:r1@PBXIP1	P:r1@PBXIP1	P:r1@PBXIP1	PBXIP1	PBXIP1	P	sig	beige	beige
1.16743220879364e-12	0.346357295787302	0.122	0.091	8.76940052279518e-08	P:r1@NCKAP5L	P:r1@NCKAP5L	P:r1@NCKAP5L	NCKAP5L	NCKAP5L	P	sig	beige	beige
2.40959494222211e-12	0.346292443146341	0.466	0.429	1.81001543274898e-07	P:r1@CYP1B1	P:r1@CYP1B1	P:r1@CYP1B1	CYP1B1	CYP1B1	P	sig	beige	beige
3.34215692398493e-10	-0.346212254481236	0.16	0.191	2.51052801658976e-05	P:r1@SYNE1	P:r1@SYNE1	P:r1@SYNE1	SYNE1	SYNE1	P	sig	white	white
5.63741935349491e-25	0.346048959638974	0.458	0.395	4.23466029576477e-20	P:r1@THBS2	P:r1@THBS2	P:r1@THBS2	THBS2	THBS2	P	sig	beige	beige
4.4080870342243e-16	0.345817042113061	0.164	0.124	3.31122273749827e-11	P:r1@TCF3	P:r1@TCF3	P:r1@TCF3	TCF3	TCF3	P	sig	beige	beige
2.12678794983115e-45	0.345462700524342	0.54	0.448	1.59757930427467e-40	P:r1@FLNA	P:r1@FLNA	P:r1@FLNA	FLNA	FLNA	P	sig	beige	beige
3.0916520156011e-20	0.345461400394171	0.236	0.183	2.32235624455908e-15	P:r1@WIZ	P:r1@WIZ	P:r1@WIZ	WIZ	WIZ	P	sig	beige	beige
3.08488260656377e-22	0.345417471058406	0.252	0.196	2.31727126757251e-17	P:r1@UPF1	P:r1@UPF1	P:r1@UPF1	UPF1	UPF1	P	sig	beige	beige
6.96164332754626e-35	0.343564140610036	0.468	0.388	5.22937761835292e-30	P:r1@LSS	P:r1@LSS	P:r1@LSS	LSS	LSS	P	sig	beige	beige
3.99410142807203e-14	0.342565780147101	0.132	0.098	3.00024916972487e-09	P:r1@ACAP3	P:r1@ACAP3	P:r1@ACAP3	ACAP3	ACAP3	P	sig	beige	beige
7.94198345192871e-26	0.339930694389732	0.3	0.235	5.96577970958529e-21	P:r1@TBC1D10B	P:r1@TBC1D10B	P:r1@TBC1D10B	TBC1D10B	TBC1D10B	P	sig	beige	beige
2.29903227577977e-20	0.339514247758927	0.224	0.172	1.72696407459749e-15	P:r1@ATG9A	P:r1@ATG9A	P:r1@ATG9A	ATG9A	ATG9A	P	sig	beige	beige
4.62452727964682e-15	0.339359549296602	0.179	0.139	3.4738061566523e-10	P:r2@TNS2	P:r2@TNS2	P:r2@TNS2	TNS2	TNS2	P	sig	beige	beige
2.58976050837607e-18	0.338989058554653	0.183	0.137	1.94535040107686e-13	P:r1@CLUH	P:r1@CLUH	P:r1@CLUH	CLUH	CLUH	P	sig	beige	beige
6.51694117047761e-10	0.338930147664999	0.125	0.098	4.89533069902767e-05	P:r1@SLC43A2	P:r1@SLC43A2	P:r1@SLC43A2	SLC43A2	SLC43A2	P	sig	beige	beige
3.25766330748202e-19	0.338627447223129	0.22	0.171	2.44705894668127e-14	P:r1@SLC27A1	P:r1@SLC27A1	P:r1@SLC27A1	SLC27A1	SLC27A1	P	sig	beige	beige
5.37966768811706e-36	0.337137357791474	0.553	0.469	4.04104497728289e-31	P:r1@COL18A1	P:r1@COL18A1	P:r1@COL18A1	COL18A1	COL18A1	P	sig	beige	beige
1.02219198472239e-14	0.336288487011859	0.135	0.1	7.67839953163917e-10	P:r2@UBA1	P:r2@UBA1	P:r2@UBA1	UBA1	UBA1	P	sig	beige	beige
1.69106701076438e-12	0.335270711398478	0.137	0.105	1.27027880647588e-07	P:r1@SIRPA	P:r1@SIRPA	P:r1@SIRPA	SIRPA	SIRPA	P	sig	beige	beige
3.42216241733983e-17	0.333652083268432	0.191	0.147	2.57062574303316e-12	P:r1@ATXN2L	P:r1@ATXN2L	P:r1@ATXN2L	ATXN2L	ATXN2L	P	sig	beige	beige
3.68072799031843e-09	0.333403334644519	0.139	0.112	0.000276485244448749	P:r1@HIC1	P:r1@HIC1	P:r1@HIC1	HIC1	HIC1	P	sig	beige	beige
7.4422548676015e-27	0.333360660906587	0.331	0.262	5.59039858889622e-22	P:r1@LAMB2	P:r1@LAMB2	P:r1@LAMB2	LAMB2	LAMB2	P	sig	beige	beige
1.90464017837247e-22	0.333112065901127	0.294	0.236	1.43070856278805e-17	D:r1@ADDG01235990309.R	D:r1@ADDG01235990309.R	D:r1@..309.R	..309.R	ADDG01235990309.R	D	sig	beige	beige
1.25359958817778e-13	0.332426653921913	0.14	0.106	9.41666402651505e-09	P:r1@RPS6KA4	P:r1@RPS6KA4	P:r1@RPS6KA4	RPS6KA4	RPS6KA4	P	sig	beige	beige
8.86712616389362e-52	0.331317097953335	0.686	0.596	6.66071916053197e-47	P:r1@EMILIN1	P:r1@EMILIN1	P:r1@EMILIN1	EMILIN1	EMILIN1	P	sig	beige	beige
7.05098504397173e-27	0.33088788885193	0.392	0.323	5.29648843548025e-22	P:r1@ESYT1	P:r1@ESYT1	P:r1@ESYT1	ESYT1	ESYT1	P	sig	beige	beige
3.4767952935005e-43	0.330202361481684	0.616	0.538	2.61166432061877e-38	P:r1@PHLDB1	P:r1@PHLDB1	P:r1@PHLDB1	PHLDB1	PHLDB1	P	sig	beige	beige
2.4646249363214e-34	0.329619374166582	0.418	0.332	1.85135231341655e-29	P:r1@PTBP1	P:r1@PTBP1	P:r1@PTBP1	PTBP1	PTBP1	P	sig	beige	beige
6.03465233423276e-12	0.329468420885443	0.164	0.131	4.53304979390562e-07	P:r1@SCARA3	P:r1@SCARA3	P:r1@SCARA3	SCARA3	SCARA3	P	sig	beige	beige
3.29306162281689e-15	0.328825706610427	0.2	0.158	2.47364909921136e-10	P:r1@ADDG09136482953.B	P:r1@ADDG09136482953.B	P:r1@..953.B	..953.B	ADDG09136482953.B	P	sig	beige	beige
7.56746953084047e-10	0.3279429290691	0.126	0.099	5.68445608748143e-05	P:r1@LDB1	P:r1@LDB1	P:r1@LDB1	LDB1	LDB1	P	sig	beige	beige
6.33037017390999e-29	-0.327483812613809	0.561	0.606	4.75518416353597e-24	P:r1@ADDG0M000016095.B,r1@MT-TP	P:r1@MT-TP	P:r1@MT-TP	MT-TP	MT-TP	P	sig	white	white
1.28281189258062e-09	0.326296062227796	0.128	0.101	9.63609809349781e-05	P:r1@SYNPO	P:r1@SYNPO	P:r1@SYNPO	SYNPO	SYNPO	P	sig	beige	beige
2.64142482709412e-26	0.325356619585008	0.353	0.284	1.98415908736829e-21	P:r1@SLC38A10	P:r1@SLC38A10	P:r1@SLC38A10	SLC38A10	SLC38A10	P	sig	beige	beige
3.46426656949852e-20	0.325117295021285	0.239	0.186	2.6022531190102e-15	P:r1@ARHGEF40	P:r1@ARHGEF40	P:r1@ARHGEF40	ARHGEF40	ARHGEF40	P	sig	beige	beige
9.45282027416906e-12	0.324936423318592	0.166	0.132	7.10067500534757e-07	P:r1@JMY	P:r1@JMY	P:r1@JMY	JMY	JMY	P	sig	beige	beige
4.65108929280406e-30	0.323934713006884	0.383	0.305	3.49375874407563e-25	P:r1@CNP	P:r1@CNP	P:r1@CNP	CNP	CNP	P	sig	beige	beige
7.97134334937729e-27	0.323857071910109	0.355	0.285	5.98783398375174e-22	P:r1@SCARF2	P:r1@SCARF2	P:r1@SCARF2	SCARF2	SCARF2	P	sig	beige	beige
6.32430913450153e-08	0.323590722224179	0.121	0.098	0.00475063129256351	D:r2@ADDG02028394148.F	D:r2@ADDG02028394148.F	D:r2@..148.F	..148.F	ADDG02028394148.F	D	sig	beige	beige
1.00299849906974e-11	0.323157349527978	0.16	0.127	7.53422382546215e-07	P:r1@ABHD2	P:r1@ABHD2	P:r1@ABHD2	ABHD2	ABHD2	P	sig	beige	beige
3.71928063907877e-15	0.322888020671524	0.176	0.136	2.7938120376568e-10	D:r1@ADDG01021885439.F	D:r1@ADDG01021885439.F	D:r1@..439.F	..439.F	ADDG01021885439.F	D	sig	beige	beige
2.82260943540674e-37	0.322549766134606	0.522	0.437	2.12025952959448e-32	P:r1@SUN2	P:r1@SUN2	P:r1@SUN2	SUN2	SUN2	P	sig	beige	beige
1.67377676003171e-08	0.322367320237712	0.113	0.089	0.00125729088883302	D:r1@ADDG17072124603.R	D:r1@ADDG17072124603.R	D:r1@..603.R	..603.R	ADDG17072124603.R	D	sig	beige	beige
8.47094835487445e-19	0.322296778442704	0.249	0.198	6.36312227573104e-14	P:r1@CAMKK2	P:r1@CAMKK2	P:r1@CAMKK2	CAMKK2	CAMKK2	P	sig	beige	beige
1.71819352714312e-17	0.321815483086747	0.216	0.17	1.2906554317841e-12	P:r1@H6PD	P:r1@H6PD	P:r1@H6PD	H6PD	H6PD	P	sig	beige	beige
1.24543775085417e-24	0.321714876957727	0.315	0.249	9.35535475309124e-20	P:r1@SREBF2	P:r1@SREBF2	P:r1@SREBF2	SREBF2	SREBF2	P	sig	beige	beige
3.96975899132104e-36	0.320918441348294	0.445	0.359	2.98196386151063e-31	P:r1@PKN1	P:r1@PKN1	P:r1@PKN1	PKN1	PKN1	P	sig	beige	beige
3.50411602092315e-18	0.320590448683138	0.257	0.205	2.63218683143684e-13	P:r1@EML3	P:r1@EML3	P:r1@EML3	EML3	EML3	P	sig	beige	beige
5.73504294838514e-15	0.320452771872023	0.186	0.146	4.30799221153847e-10	P:r1@CBX6	P:r1@CBX6	P:r1@CBX6	CBX6	CBX6	P	sig	beige	beige
3.64390682123845e-19	0.320404870145718	0.244	0.191	2.73719348690968e-14	P:r1@SAMD4B	P:r1@SAMD4B	P:r1@SAMD4B	SAMD4B	SAMD4B	P	sig	beige	beige
3.31122242629294e-15	0.319922829862872	0.225	0.181	2.48729094995846e-10	P:r1@KCTD12	P:r1@KCTD12	P:r1@KCTD12	KCTD12	KCTD12	P	sig	beige	beige
9.90478887241968e-12	0.319575738722631	0.133	0.102	7.44018025729549e-07	P:r1@PSKH1	P:r1@PSKH1	P:r1@PSKH1	PSKH1	PSKH1	P	sig	beige	beige
3.79273997566617e-13	0.319548788252502	0.169	0.133	2.84899248752116e-08	P:r1@RPS6KA2	P:r1@RPS6KA2	P:r1@RPS6KA2	RPS6KA2	RPS6KA2	P	sig	beige	beige
1.55905795915371e-12	0.319425703341843	0.123	0.092	1.17111756717749e-07	P:r1@SH2B1	P:r1@SH2B1	P:r1@SH2B1	SH2B1	SH2B1	P	sig	beige	beige
1.31056967703979e-16	0.319224762502955	0.183	0.14	9.84460624301978e-12	D:r1@ADDG11061314168.F	D:r1@ADDG11061314168.F	D:r1@..168.F	..168.F	ADDG11061314168.F	D	sig	beige	beige
1.14139953316773e-17	0.318482996412946	0.243	0.193	8.57385087329604e-13	P:r1@SKIV2L	P:r1@SKIV2L	P:r1@SKIV2L	SKIV2L	SKIV2L	P	sig	beige	beige
4.05780295066899e-20	0.318375731058807	0.247	0.193	3.04809984245403e-15	P:r1@SRCAP	P:r1@SRCAP	P:r1@SRCAP	SRCAP	SRCAP	P	sig	beige	beige
2.19449876680428e-08	0.317973943297598	0.112	0.089	0.00164844163866037	P:r2@RCC1	P:r2@RCC1	P:r2@RCC1	RCC1	RCC1	P	sig	beige	beige
4.82210423351564e-12	0.317932644246979	0.168	0.134	3.62222003708994e-07	P:r1@CTDSP1	P:r1@CTDSP1	P:r1@CTDSP1	CTDSP1	CTDSP1	P	sig	beige	beige
1.62049971670013e-11	0.317809234019251	0.154	0.123	1.21727077219364e-06	D:r1@ADDG01016914452.B	D:r1@ADDG01016914452.B	D:r1@..452.B	..452.B	ADDG01016914452.B	D	sig	beige	beige
2.22554107855141e-14	0.317796745703867	0.166	0.128	1.67175969197546e-09	P:r1@CRIM1	P:r1@CRIM1	P:r1@CRIM1	CRIM1	CRIM1	P	sig	beige	beige
4.17431378069706e-16	0.317771328850286	0.191	0.148	3.13561928264621e-11	P:r1@CAPN5	P:r1@CAPN5	P:r1@CAPN5	CAPN5	CAPN5	P	sig	beige	beige
2.06479706828871e-51	0.317558879672471	0.672	0.579	1.55101361378643e-46	P:r1@LRP10	P:r1@LRP10	P:r1@LRP10	LRP10	LRP10	P	sig	beige	beige
2.25791575400443e-20	0.317320262918146	0.244	0.19	1.69607857693551e-15	P:r1@GUCD1	P:r1@GUCD1	P:r1@GUCD1	GUCD1	GUCD1	P	sig	beige	beige
8.40856649541134e-10	0.315721943121725	0.116	0.09	6.31626289435814e-05	P:r1@RNF31,r1@AL136295.5	P:r1@RNF31,r1@AL136295.5	P:r1@RNF31,r1@AL136295.5	RNF31	RNF31,AL136295.5	P	sig	beige	beige
6.32354065514933e-11	-0.314899833246004	0.179	0.213	4.75005403392852e-06	P:r1@SCRG1	P:r1@SCRG1	P:r1@SCRG1	SCRG1	SCRG1	P	sig	white	white
1.37365212182609e-41	0.314755234338567	0.916	0.868	1.0318462643521e-36	P:r1@SLC3A2	P:r1@SLC3A2	P:r1@SLC3A2	SLC3A2	SLC3A2	P	sig	beige	beige
3.27358384622391e-22	0.314276267632914	0.302	0.241	2.45901797776801e-17	P:r1@MAP1S	P:r1@MAP1S	P:r1@MAP1S	MAP1S	MAP1S	P	sig	beige	beige
9.73030904523625e-13	0.313712810171804	0.127	0.096	7.30911624551012e-08	D:r1@ADDG21046280494.F	D:r1@ADDG21046280494.F	D:r1@..494.F	..494.F	ADDG21046280494.F	D	sig	beige	beige
9.57941585264616e-66	0.313274986116921	0.865	0.815	7.19576980603221e-61	P:r1@PDGFRB	P:r1@PDGFRB	P:r1@PDGFRB	PDGFRB	PDGFRB	P	sig	beige	beige
1.75997421837629e-10	0.313039342107198	0.158	0.128	1.32203983361772e-05	P:r1@ZDHHC8	P:r1@ZDHHC8	P:r1@ZDHHC8	ZDHHC8	ZDHHC8	P	sig	beige	beige
3.74509130891789e-13	0.312822558416558	0.169	0.133	2.81320023851985e-08	P:r1@TRIM47	P:r1@TRIM47	P:r1@TRIM47	TRIM47	TRIM47	P	sig	beige	beige
2.68567141880442e-88	-0.312793507128832	0.991	0.991	2.01739579966332e-83	P:r1@ADDG0M000002705.F,r1@MT-ND1,r1@MT-TL1	P:r1@MT-ND1,r1@MT-TL1	P:r1@MT-ND1,TL1	MT-ND1	MT-ND1,MT-TL1	P	sig	white	white
6.93502314963715e-12	0.31191596729375	0.146	0.114	5.20938133931293e-07	P:r1@AXL	P:r1@AXL	P:r1@AXL	AXL	AXL	P	sig	beige	beige
1.57513219845541e-19	0.311760293597851	0.262	0.208	1.18319205351375e-14	P:r1@ARHGEF1	P:r1@ARHGEF1	P:r1@ARHGEF1	ARHGEF1	ARHGEF1	P	sig	beige	beige
1.01027034577521e-16	0.310430578546058	0.222	0.175	7.58884775635963e-12	P:r1@SDC3	P:r1@SDC3	P:r1@SDC3	SDC3	SDC3	P	sig	beige	beige
2.74846406539746e-11	0.310338228327635	0.119	0.091	2.06456375200461e-06	D:r1@ADDG11062533469.F	D:r1@ADDG11062533469.F	D:r1@..469.F	..469.F	ADDG11062533469.F	D	sig	beige	beige
2.7432769708578e-10	0.310257536538149	0.156	0.126	2.06066736219926e-05	P:r1@SNAI1	P:r1@SNAI1	P:r1@SNAI1	SNAI1	SNAI1	P	sig	beige	beige
9.7319629865038e-18	0.309718593538622	0.247	0.198	7.31035863657206e-13	P:r1@FOXO3	P:r1@FOXO3	P:r1@FOXO3	FOXO3	FOXO3	P	sig	beige	beige
4.29050979513667e-27	0.308548373002474	0.316	0.247	3.22290224281281e-22	P:r1@PTK7	P:r1@PTK7	P:r1@PTK7	PTK7	PTK7	P	sig	beige	beige
4.37426348124133e-21	0.308490442468305	0.258	0.202	3.28581549920405e-16	P:r1@KDM4B	P:r1@KDM4B	P:r1@KDM4B	KDM4B	KDM4B	P	sig	beige	beige
4.56251077847862e-17	0.308209450956186	0.199	0.154	3.42722122146979e-12	P:r1@ITPRIPL2,r1@AC099518.3	P:r1@ITPRIPL2,r1@AC099518.3	P:r1@ITPRIPL2,r1@AC099518.3	ITPRIPL2	ITPRIPL2,AC099518.3	P	sig	beige	beige
3.61660946281377e-14	0.308091792272513	0.163	0.126	2.71668853018182e-09	P:r1@USP19	P:r1@USP19	P:r1@USP19	USP19	USP19	P	sig	beige	beige
1.35386422443785e-09	-0.30705357144517	0.197	0.228	0.000101698218947098	D:r1@ADDG14075278354.B	D:r1@ADDG14075278354.B	D:r1@..354.B	..354.B	ADDG14075278354.B	D	sig	white	white
1.40821269567576e-12	0.306451367667102	0.17	0.135	1.05780713061076e-07	P:r1@HECTD3	P:r1@HECTD3	P:r1@HECTD3	HECTD3	HECTD3	P	sig	beige	beige
1.63850467301324e-16	0.306416068182916	0.187	0.144	1.23079555522735e-11	P:r1@SH3GLB2	P:r1@SH3GLB2	P:r1@SH3GLB2	SH3GLB2	SH3GLB2	P	sig	beige	beige
9.99413345269324e-22	0.306319155598826	0.281	0.222	7.50729322565958e-17	P:r1@KIF1C	P:r1@KIF1C	P:r1@KIF1C	KIF1C	KIF1C	P	sig	beige	beige
1.01923956887593e-20	0.306255720123026	0.32	0.261	7.65622186952536e-16	P:r1@FHOD1	P:r1@FHOD1	P:r1@FHOD1	FHOD1	FHOD1	P	sig	beige	beige
3.35822789496703e-21	0.306111579560614	0.297	0.238	2.52260004786238e-16	P:r1@BTBD2	P:r1@BTBD2	P:r1@BTBD2	BTBD2	BTBD2	P	sig	beige	beige
1.07310156603114e-15	0.305841998096991	0.172	0.132	8.06081703355612e-11	P:r1@PPRC1	P:r1@PPRC1	P:r1@PPRC1	PPRC1	PPRC1	P	sig	beige	beige
7.19874677418382e-12	0.305364491884672	0.135	0.104	5.40748261436366e-07	P:r1@MAML1	P:r1@MAML1	P:r1@MAML1	MAML1	MAML1	P	sig	beige	beige
8.04233645510057e-21	0.304970571533876	0.262	0.206	6.04116187497789e-16	P:r1@RNF26	P:r1@RNF26	P:r1@RNF26	RNF26	RNF26	P	sig	beige	beige
3.04760357396131e-42	0.304966918776031	0.654	0.577	2.28926837665252e-37	P:r1@ADAMTS2	P:r1@ADAMTS2	P:r1@ADAMTS2	ADAMTS2	ADAMTS2	P	sig	beige	beige
1.36015677600287e-19	0.304819049637854	0.23	0.178	1.02170896543007e-14	P:r1@CHERP	P:r1@CHERP	P:r1@CHERP	CHERP	CHERP	P	sig	beige	beige
1.96480294790253e-10	0.304539686073616	0.115	0.088	1.47590103037594e-05	P:r1@RPTOR	P:r1@RPTOR	P:r1@RPTOR	RPTOR	RPTOR	P	sig	beige	beige
1.12593481482189e-14	0.304161906107689	0.159	0.121	8.45768454849761e-10	P:r1@CLPB	P:r1@CLPB	P:r1@CLPB	CLPB	CLPB	P	sig	beige	beige
5.7479172995562e-11	0.303460448612437	0.126	0.097	4.31766303790763e-06	P:r1@PI4KA	P:r1@PI4KA	P:r1@PI4KA	PI4KA	PI4KA	P	sig	beige	beige
3.32027528778062e-12	0.302617147593346	0.147	0.114	2.49409118792217e-07	P:r1@MTMR4	P:r1@MTMR4	P:r1@MTMR4	MTMR4	MTMR4	P	sig	beige	beige
2.4177053091499e-12	0.302337355325715	0.182	0.145	1.81610769707413e-07	P:r2@ITGA7	P:r2@ITGA7	P:r2@ITGA7	ITGA7	ITGA7	P	sig	beige	beige
6.40791010079894e-34	0.30231676820681	0.469	0.386	4.81342983041714e-29	P:r1@FLII	P:r1@FLII	P:r1@FLII	FLII	FLII	P	sig	beige	beige
3.47504536210547e-26	0.302271617029729	0.3	0.231	2.61034982465276e-21	P:r1@SELENON	P:r1@SELENON	P:r1@SELENON	SELENON	SELENON	P	sig	beige	beige
4.68829938503005e-08	0.302162977515719	0.121	0.098	0.00352170984905302	P:r1@GDF11	P:r1@GDF11	P:r1@GDF11	GDF11	GDF11	P	sig	beige	beige
6.56765199845355e-84	0.301912218713799	1	1	4.93342315167835e-79	D:r1@ADDG21008254958.B	D:r1@ADDG21008254958.B	D:r1@..958.B	..958.B	ADDG21008254958.B	D	sig	beige	beige
3.538190385556e-18	0.301862365298933	0.252	0.199	2.6577824719181e-13	P:r1@MIDN	P:r1@MIDN	P:r1@MIDN	MIDN	MIDN	P	sig	beige	beige
1.17134181876459e-22	0.301550932095494	0.297	0.236	8.798768340014e-18	P:r1@DAG1	P:r1@DAG1	P:r1@DAG1	DAG1	DAG1	P	sig	beige	beige
1.78641983670335e-15	0.301240225714289	0.243	0.198	1.34190498873646e-10	P:r1@C3	P:r1@C3	P:r1@C3	C3	C3	P	sig	beige	beige
3.72119319896806e-14	0.300946379959793	0.13	0.096	2.79524869526883e-09	P:r1@ADDG06031628146.R	P:r1@ADDG06031628146.R	P:r1@..146.R	..146.R	ADDG06031628146.R	P	sig	beige	beige
1.70050789247888e-14	0.300023810916473	0.168	0.129	1.27737051359336e-09	P:r1@HDAC10	P:r1@HDAC10	P:r1@HDAC10	HDAC10	HDAC10	P	sig	beige	beige
6.54127806662557e-34	0.29975308608353	0.557	0.476	4.91361184530713e-29	P:r1@ZBTB16	P:r1@ZBTB16	P:r1@ZBTB16	ZBTB16	ZBTB16	P	sig	beige	beige
3.61764002796804e-17	0.299664527143872	0.216	0.169	2.71746265980875e-12	P:r1@IRAK1,r1@MIR718	P:r1@IRAK1,r1@MIR718	P:r1@IRAK1,r1@MIR718	IRAK1	IRAK1,MIR718	P	sig	beige	beige
1.23121489952423e-17	0.299401786244748	0.259	0.209	9.24851696075614e-13	P:r1@SLC4A2	P:r1@SLC4A2	P:r1@SLC4A2	SLC4A2	SLC4A2	P	sig	beige	beige
2.94982958053088e-11	0.29914115262319	0.131	0.101	2.21582348600738e-06	P:r1@SLC35E2A	P:r1@SLC35E2A	P:r1@SLC35E2A	SLC35E2A	SLC35E2A	P	sig	beige	beige
2.24188693654543e-16	0.298902090883214	0.294	0.243	1.68403821012483e-11	P:r1@VASN	P:r1@VASN	P:r1@VASN	VASN	VASN	P	sig	beige	beige
1.44245214466117e-08	-0.2983789908992	0.235	0.265	0.00108352677750513	D:r1@ADDG17058659226.B	D:r1@ADDG17058659226.B	D:r1@..226.B	..226.B	ADDG17058659226.B	D	sig	white	white
3.82449592698417e-14	0.298304612390985	0.177	0.138	2.8728466054727e-09	P:r1@MED25	P:r1@MED25	P:r1@MED25	MED25	MED25	P	sig	beige	beige
2.93601442176526e-26	0.29797983674203	0.363	0.292	2.20544595319741e-21	P:r1@COLGALT1	P:r1@COLGALT1	P:r1@COLGALT1	COLGALT1	COLGALT1	P	sig	beige	beige
2.34057983069084e-19	0.29786856280028	0.348	0.289	1.75817335142004e-14	P:r1@ITGB5	P:r1@ITGB5	P:r1@ITGB5	ITGB5	ITGB5	P	sig	beige	beige
8.62025251280865e-17	0.297620011185706	0.277	0.227	6.47527508004647e-12	P:r1@ABCC1	P:r1@ABCC1	P:r1@ABCC1	ABCC1	ABCC1	P	sig	beige	beige
1.05491568395288e-10	0.296658983672181	0.115	0.087	7.92421014314883e-06	P:r1@PFAS	P:r1@PFAS	P:r1@PFAS	PFAS	PFAS	P	sig	beige	beige
3.51023958643554e-21	0.294930520934183	0.303	0.242	2.63678667014278e-16	P:r1@TMEM129	P:r1@TMEM129	P:r1@TMEM129	TMEM129	TMEM129	P	sig	beige	beige
1.39726757565351e-52	0.294916871271231	0.754	0.673	1.04958548480365e-47	P:r1@SLC1A5	P:r1@SLC1A5	P:r1@SLC1A5	SLC1A5	SLC1A5	P	sig	beige	beige
5.32778659138516e-25	0.294833667911276	0.449	0.384	4.00207345385079e-20	P:r1@C2CD2	P:r1@C2CD2	P:r1@C2CD2	C2CD2	C2CD2	P	sig	beige	beige
2.48220734055957e-10	0.294633657938644	0.128	0.1	1.86455968800813e-05	D:r1@ADDG09131467646.B	D:r1@ADDG09131467646.B	D:r1@..646.B	..646.B	ADDG09131467646.B	D	sig	beige	beige
9.08565534742381e-19	0.294443504386146	0.264	0.21	6.82487172732435e-14	D:r1@ADDG09105389631.B	D:r1@ADDG09105389631.B	D:r1@..631.B	..631.B	ADDG09105389631.B	D	sig	beige	beige
2.95417612091421e-12	0.292208164035988	0.13	0.099	2.21908847674713e-07	P:r1@TGFBRAP1	P:r1@TGFBRAP1	P:r1@TGFBRAP1	TGFBRAP1	TGFBRAP1	P	sig	beige	beige
1.30653494773511e-28	0.292120414257767	0.434	0.359	9.81429856690184e-24	P:r1@KLF13	P:r1@KLF13	P:r1@KLF13	KLF13	KLF13	P	sig	beige	beige
1.73376232662809e-19	0.29187817536964	0.309	0.252	1.30235024689322e-14	P:r1@OBSL1	P:r1@OBSL1	P:r1@OBSL1	OBSL1	OBSL1	P	sig	beige	beige
5.71251361015606e-11	0.291838651482129	0.128	0.099	4.29106884854093e-06	P:r1@GBA2	P:r1@GBA2	P:r1@GBA2	GBA2	GBA2	P	sig	beige	beige
3.60399937148757e-15	0.290307387468552	0.209	0.166	2.70721620788032e-10	P:r1@SLC5A6	P:r1@SLC5A6	P:r1@SLC5A6	SLC5A6	SLC5A6	P	sig	beige	beige
3.5535346478683e-22	0.290130427819078	0.271	0.212	2.66930862143923e-17	D:r1@ADDG14022844800.R	D:r1@ADDG14022844800.R	D:r1@..800.R	..800.R	ADDG14022844800.R	D	sig	beige	beige
3.38218749307778e-13	0.289964578004156	0.202	0.164	2.54059777917524e-08	P:r1@ADDG0X153724142.F,r1@ABCD1	P:r1@ADDG0X153724142.F,r1@ABCD1	P:r1@..142.F,r1@ABCD1	..142.F	ADDG0X153724142.F,ABCD1	P	sig	beige	beige
3.97352643704735e-10	0.289870006407011	0.142	0.113	2.98479385371686e-05	P:r1@SLC16A2	P:r1@SLC16A2	P:r1@SLC16A2	SLC16A2	SLC16A2	P	sig	beige	beige
3.73209967947226e-39	0.289073882502698	0.65	0.573	2.80344131622918e-34	P:r1@ZMIZ1	P:r1@ZMIZ1	P:r1@ZMIZ1	ZMIZ1	ZMIZ1	P	sig	beige	beige
6.278694502662e-12	-0.289047445645705	0.175	0.212	4.71636694956461e-07	P:r1@MIR3188	P:r1@MIR3188	P:r1@MIR3188	MIR3188	MIR3188	P	sig	white	white
1.52426576699747e-66	0.288873868263172	0.918	0.883	1.14498271619549e-61	P:r1@LAMC1	P:r1@LAMC1	P:r1@LAMC1	LAMC1	LAMC1	P	sig	beige	beige
1.27329019991774e-26	0.288840716964357	0.396	0.32	9.56457399472207e-22	P:r1@ATP13A1	P:r1@ATP13A1	P:r1@ATP13A1	ATP13A1	ATP13A1	P	sig	beige	beige
5.10303039960667e-08	0.288339150045529	0.117	0.094	0.00383324334527254	P:r1@TARS2	P:r1@TARS2	P:r1@TARS2	TARS2	TARS2	P	sig	beige	beige
1.29239051806657e-14	0.288250761342054	0.226	0.183	9.70804985456068e-10	D:r1@ADDG06112178220.F	D:r1@ADDG06112178220.F	D:r1@..220.F	..220.F	ADDG06112178220.F	D	sig	beige	beige
5.12928568420082e-19	0.287937171475876	0.33	0.271	3.85296552740113e-14	P:r1@SLC39A14	P:r1@SLC39A14	P:r1@SLC39A14	SLC39A14	SLC39A14	P	sig	beige	beige
1.73952554602721e-21	0.287881187069007	0.346	0.282	1.30667940440926e-16	P:r1@SNX18	P:r1@SNX18	P:r1@SNX18	SNX18	SNX18	P	sig	beige	beige
1.18712666780021e-16	0.287758983560441	0.198	0.154	8.91733939051483e-12	P:r1@FOXK1	P:r1@FOXK1	P:r1@FOXK1	FOXK1	FOXK1	P	sig	beige	beige
3.33387766822406e-24	0.287652489903879	0.39	0.32	2.50430888803987e-19	P:r1@ADAMTS15	P:r1@ADAMTS15	P:r1@ADAMTS15	ADAMTS15	ADAMTS15	P	sig	beige	beige
1.42002544210333e-50	0.287641501462493	0.858	0.803	1.06668051134476e-45	P:r1@MMP14	P:r1@MMP14	P:r1@MMP14	MMP14	MMP14	P	sig	beige	beige
2.07581157521441e-10	0.287590912201296	0.145	0.116	1.55928738095381e-05	P:r1@WTIP	P:r1@WTIP	P:r1@WTIP	WTIP	WTIP	P	sig	beige	beige
1.63906483002002e-22	0.287453349471397	0.438	0.373	1.23121632836614e-17	P:r1@MRC2	P:r1@MRC2	P:r1@MRC2	MRC2	MRC2	P	sig	beige	beige
1.04790067008856e-24	0.287064864033889	0.307	0.241	7.87151546350421e-20	P:r1@FAM120A	P:r1@FAM120A	P:r1@FAM120A	FAM120A	FAM120A	P	sig	beige	beige
6.47484847874732e-45	0.28686240565328	0.773	0.701	4.86371193178063e-40	P:r1@SHC1	P:r1@SHC1	P:r1@SHC1	SHC1	SHC1	P	sig	beige	beige
3.65040412987819e-18	0.286406972611147	0.28	0.227	2.7420740702406e-13	P:r1@VPS16	P:r1@VPS16	P:r1@VPS16	VPS16	VPS16	P	sig	beige	beige
7.1187352049439e-09	0.28526245119837	0.242	0.21	0.000534738032389771	P:r1@CHST7	P:r1@CHST7	P:r1@CHST7	CHST7	CHST7	P	sig	beige	beige
7.32160551857057e-22	0.285156647328419	0.282	0.222	5.49977041738465e-17	P:r1@BICD2	P:r1@BICD2	P:r1@BICD2	BICD2	BICD2	P	sig	beige	beige
1.04645681769163e-14	0.285041390731163	0.189	0.149	7.86066967745423e-10	P:r1@LRRC8A	P:r1@LRRC8A	P:r1@LRRC8A	LRRC8A	LRRC8A	P	sig	beige	beige
1.53513852210288e-12	0.284820112382234	0.223	0.184	1.15315000364802e-07	P:r1@FOSL2	P:r1@FOSL2	P:r1@FOSL2	FOSL2	FOSL2	P	sig	beige	beige
1.7465359025983e-09	0.284800326243006	0.139	0.112	0.000131194537395476	P:r1@ATOH8	P:r1@ATOH8	P:r1@ATOH8	ATOH8	ATOH8	P	sig	beige	beige
1.17352660417587e-12	0.284432161427401	0.192	0.155	8.81517979258789e-08	P:r1@HOXB3,r1@HOXB4	P:r1@HOXB3,r1@HOXB4	P:r1@HOXB3,r1@HOXB4	HOXB3	HOXB3,HOXB4	P	sig	beige	beige
1.05125117350613e-11	0.284069657582545	0.171	0.136	7.89668344002597e-07	P:r1@SOX12	P:r1@SOX12	P:r1@SOX12	SOX12	SOX12	P	sig	beige	beige
9.85264532453785e-18	0.28379561373335	0.258	0.207	7.40101158843309e-13	P:r1@STK11	P:r1@STK11	P:r1@STK11	STK11	STK11	P	sig	beige	beige
2.66912854928359e-11	0.283727867706363	0.161	0.129	2.00496929236535e-06	P:r1@NDST1	P:r1@NDST1	P:r1@NDST1	NDST1	NDST1	P	sig	beige	beige
8.09651783519142e-13	0.283076727838204	0.174	0.137	6.08186130226074e-08	P:r1@SRF	P:r1@SRF	P:r1@SRF	SRF	SRF	P	sig	beige	beige
9.88311910356062e-23	0.281471387652744	0.408	0.34	7.42390257702163e-18	P:r1@AKT2	P:r1@AKT2	P:r1@AKT2	AKT2	AKT2	P	sig	beige	beige
9.31887568756003e-14	-0.28141249190211	0.48	0.507	7.00005985022447e-09	D:r1@ADDG17004945990.B	D:r1@ADDG17004945990.B	D:r1@..990.B	..990.B	ADDG17004945990.B	D	sig	white	white
4.50775804927271e-13	0.281372492315866	0.169	0.132	3.38609261387218e-08	P:r1@TMEM132A	P:r1@TMEM132A	P:r1@TMEM132A	TMEM132A	TMEM132A	P	sig	beige	beige
2.73890388055499e-17	0.281197547331695	0.28	0.228	2.05738242795649e-12	P:r1@STAT5A	P:r1@STAT5A	P:r1@STAT5A	STAT5A	STAT5A	P	sig	beige	beige
7.35389575818976e-15	0.281062481614736	0.226	0.182	5.5240258766794e-10	P:r1@TAP2,r1@AL669918.1	P:r1@TAP2,r1@AL669918.1	P:r1@TAP2,r1@AL669918.1	TAP2	TAP2,AL669918.1	P	sig	beige	beige
5.75798781054314e-12	0.279952412526806	0.143	0.11	4.32522770364569e-07	P:r1@HGH1	P:r1@HGH1	P:r1@HGH1	HGH1	HGH1	P	sig	beige	beige
1.66608442674138e-10	0.279777875215017	0.132	0.103	1.25151263883533e-05	P:r1@ADDG0X049235709.B,r1@CCDC22	P:r1@ADDG0X049235709.B,r1@CCDC22	P:r1@..709.B,r1@CCDC22	..709.B	ADDG0X049235709.B,CCDC22	P	sig	beige	beige
2.01891625952833e-09	0.279723467545168	0.127	0.101	0.00015165493266699	P:r1@DNAAF5	P:r1@DNAAF5	P:r1@DNAAF5	DNAAF5	DNAAF5	P	sig	beige	beige
4.90127356002353e-22	0.279584650312974	0.351	0.287	3.68168966008288e-17	P:r1@BAG6	P:r1@BAG6	P:r1@BAG6	BAG6	BAG6	P	sig	beige	beige
4.48835047935793e-13	0.278898182229508	0.19	0.152	3.3715142295793e-08	P:r1@POLRMT	P:r1@POLRMT	P:r1@POLRMT	POLRMT	POLRMT	P	sig	beige	beige
4.03575079784018e-25	0.278847937300504	0.442	0.372	3.03153492681361e-20	P:r1@PC	P:r1@PC	P:r1@PC	PC	PC	P	sig	beige	beige
4.94996435726158e-18	0.278674983519704	0.305	0.25	3.71826472624418e-13	P:r1@SCAF1	P:r1@SCAF1	P:r1@SCAF1	SCAF1	SCAF1	P	sig	beige	beige
1.27488630793908e-12	0.278375877785566	0.186	0.149	9.576563479346e-08	P:r1@PIGQ,r1@Z98883.1	P:r1@PIGQ,r1@Z98883.1	P:r1@PIGQ,r1@Z98883.1	PIGQ	PIGQ,Z98883.1	P	sig	beige	beige
2.04082475287745e-15	0.277968777505008	0.203	0.159	1.53300632961895e-10	P:r1@IRF2BP1	P:r1@IRF2BP1	P:r1@IRF2BP1	IRF2BP1	IRF2BP1	P	sig	beige	beige
1.48823980803316e-11	0.27745220410516	0.203	0.166	1.11792109660027e-06	P:r1@AL138895.1	P:r1@AL138895.1	P:r1@AL138895.1	AL138895.1	AL138895.1	P	sig	beige	beige
3.07716301247357e-35	0.276566663227363	0.552	0.467	2.31147254007977e-30	P:r1@KPNB1	P:r1@KPNB1	P:r1@KPNB1	KPNB1	KPNB1	P	sig	beige	beige
2.02127360350203e-21	0.276462763501591	0.315	0.253	1.51832009274262e-16	P:r1@PER1	P:r1@PER1	P:r1@PER1	PER1	PER1	P	sig	beige	beige
2.12987193057587e-26	0.274673191284837	0.528	0.456	1.59989589809068e-21	P:r1@ANGPTL2	P:r1@ANGPTL2	P:r1@ANGPTL2	ANGPTL2	ANGPTL2	P	sig	beige	beige
5.04718739793018e-12	0.27442357430988	0.176	0.141	3.79129575770322e-07	P:r1@DMWD	P:r1@DMWD	P:r1@DMWD	DMWD	DMWD	P	sig	beige	beige
1.0836180348269e-12	0.273714383834649	0.154	0.12	8.13981359220924e-08	P:r1@ZNF282	P:r1@ZNF282	P:r1@ZNF282	ZNF282	ZNF282	P	sig	beige	beige
4.01203739097037e-11	0.273548284335305	0.182	0.147	3.01372212697521e-06	P:r1@TMEM63B	P:r1@TMEM63B	P:r1@TMEM63B	TMEM63B	TMEM63B	P	sig	beige	beige
1.10521806610001e-09	0.273353204149996	0.118	0.092	8.30206654712344e-05	P:r1@DMPK	P:r1@DMPK	P:r1@DMPK	DMPK	DMPK	P	sig	beige	beige
7.23751333890433e-20	0.273238915864354	0.408	0.348	5.43660289478477e-15	P:r1@ABL1	P:r1@ABL1	P:r1@ABL1	ABL1	ABL1	P	sig	beige	beige
8.47330009193251e-17	0.272955975400796	0.221	0.173	6.36488883005695e-12	D:r1@ADDG15048493236.R	D:r1@ADDG15048493236.R	D:r1@..236.R	..236.R	ADDG15048493236.R	D	sig	beige	beige
6.35801516248461e-19	0.27290886411799	0.454	0.398	4.77595024960356e-14	P:r1@NAV1	P:r1@NAV1	P:r1@NAV1	NAV1	NAV1	P	sig	beige	beige
8.92606170676536e-14	0.272173334500913	0.263	0.218	6.70498977227093e-09	P:r1@ATP9A	P:r1@ATP9A	P:r1@ATP9A	ATP9A	ATP9A	P	sig	beige	beige
1.41709544460909e-17	0.271638086193574	0.259	0.208	1.06447958512701e-12	P:r1@RHOT2	P:r1@RHOT2	P:r1@RHOT2	RHOT2	RHOT2	P	sig	beige	beige
1.15480184857895e-10	0.271450586139867	0.147	0.116	8.67452504597052e-06	P:r1@TRIM56	P:r1@TRIM56	P:r1@TRIM56	TRIM56	TRIM56	P	sig	beige	beige
4.4628752892153e-17	0.271371313277715	0.283	0.23	3.35237803099986e-12	P:r1@SYVN1	P:r1@SYVN1	P:r1@SYVN1	SYVN1	SYVN1	P	sig	beige	beige
5.88498563476594e-11	0.271186152361492	0.129	0.099	4.42062465926713e-06	P:r1@AEN	P:r1@AEN	P:r1@AEN	AEN	AEN	P	sig	beige	beige
2.04016025389778e-08	0.270531072308624	0.128	0.103	0.0015325071779204	P:r1@BAP1	P:r1@BAP1	P:r1@BAP1	BAP1	BAP1	P	sig	beige	beige
1.81027917399217e-23	0.270292790985678	0.434	0.365	1.3598274071277e-18	P:r1@AP3D1	P:r1@AP3D1	P:r1@AP3D1	AP3D1	AP3D1	P	sig	beige	beige
9.79802443994294e-12	0.26998714715038	0.209	0.171	7.35998201855194e-07	P:r1@AFAP1L1	P:r1@AFAP1L1	P:r1@AFAP1L1	AFAP1L1	AFAP1L1	P	sig	beige	beige
2.35592692328893e-171	-0.269226167714216	0.998	1	1.76970162696695e-166	P:r1@MT-ND2,r1@MT-CO1,r1@MT-TI,r1@MT-TM,r1@MT-TW	P:r1@MT-ND2,r1@MT-CO1,r1@MT-TI,r1@MT-TM,r1@MT-TW	P:r1@MT-ND2,CO1,TI,TM,TW	MT-ND2	MT-ND2,MT-CO1,MT-TI,MT-TM,MT-TW	P	sig	white	white
1.43111348078493e-78	0.269176045840257	0.914	0.868	1.07500951336121e-73	P:r1@POR,r1@MIR4651	P:r1@POR,r1@MIR4651	P:r1@POR,r1@MIR4651	POR	POR,MIR4651	P	sig	beige	beige
2.85558845205038e-23	0.269042457394111	0.381	0.312	2.14503237752668e-18	P:r1@LTBP3	P:r1@LTBP3	P:r1@LTBP3	LTBP3	LTBP3	P	sig	beige	beige
4.45745932712180e-12	0.26899971917168	0.166	0.131	3.34830972275409e-07	P:r1@ADDG14070978277.R	P:r1@ADDG14070978277.R	P:r1@..277.R	..277.R	ADDG14070978277.R	P	sig	beige	beige
8.80874875857998e-14	0.268779822980419	0.232	0.189	6.61686780498252e-09	P:r2@SHC1	P:r2@SHC1	P:r2@SHC1	SHC1	SHC1	P	sig	beige	beige
2.05516325791034e-11	0.268738708905557	0.158	0.125	1.54377698444451e-06	P:r1@TPRN	P:r1@TPRN	P:r1@TPRN	TPRN	TPRN	P	sig	beige	beige
7.50581409198628e-15	0.268709581781274	0.23	0.185	5.63814237147734e-10	P:r1@NIBAN2	P:r1@NIBAN2	P:r1@NIBAN2	NIBAN2	NIBAN2	P	sig	beige	beige
2.32436451744702e-09	0.268459516310792	0.155	0.127	0.000174599289457068	P:r1@COQ8A	P:r1@COQ8A	P:r1@COQ8A	COQ8A	COQ8A	P	sig	beige	beige
2.4884970328224e-14	0.26814625694347	0.239	0.194	1.8692843161452e-09	P:r1@CLSTN1	P:r1@CLSTN1	P:r1@CLSTN1	CLSTN1	CLSTN1	P	sig	beige	beige
2.62283669146043e-08	0.268112972349235	0.14	0.115	0.00197019623752433	P:r1@SNX25	P:r1@SNX25	P:r1@SNX25	SNX25	SNX25	P	sig	beige	beige
6.1891805126525e-17	0.268019013610286	0.343	0.289	4.64912672568918e-12	P:r1@PACSIN3	P:r1@PACSIN3	P:r1@PACSIN3	PACSIN3	PACSIN3	P	sig	beige	beige
8.67412275054795e-08	0.267806360351907	0.117	0.094	0.00651574078652911	P:r1@TMED8	P:r1@TMED8	P:r1@TMED8	TMED8	TMED8	P	sig	beige	beige
1.36348158376046e-12	0.267061387772282	0.164	0.129	1.02420646127334e-07	P:r1@E4F1	P:r1@E4F1	P:r1@E4F1	E4F1	E4F1	P	sig	beige	beige
2.32682656113945e-20	0.267058912537899	0.504	0.442	1.74784230793112e-15	P:r1@PHC2	P:r1@PHC2	P:r1@PHC2	PHC2	PHC2	P	sig	beige	beige
8.77715848307107e-31	0.26656508064105	0.571	0.493	6.59313813772849e-26	P:r1@MVP	P:r1@MVP	P:r1@MVP	MVP	MVP	P	sig	beige	beige
2.2695479981161e-14	0.266266160383263	0.271	0.225	1.70481636974487e-09	D:r1@ADDG11061865920.R	D:r1@ADDG11061865920.R	D:r1@..920.R	..920.R	ADDG11061865920.R	D	sig	beige	beige
3.82665337267797e-15	0.265928145603667	0.239	0.193	2.87446721395451e-10	P:r1@TTLL12	P:r1@TTLL12	P:r1@TTLL12	TTLL12	TTLL12	P	sig	beige	beige
9.14224808049132e-17	0.265750889771414	0.272	0.221	6.86738249062267e-12	P:r1@ALG12	P:r1@ALG12	P:r1@ALG12	ALG12	ALG12	P	sig	beige	beige
1.3343316374865e-16	0.265705126557867	0.24	0.192	1.00230989613074e-11	P:r1@PACS2	P:r1@PACS2	P:r1@PACS2	PACS2	PACS2	P	sig	beige	beige
1.81155087947571e-14	0.265553571987076	0.256	0.21	1.36078267413577e-09	P:r1@C6orf47	P:r1@C6orf47	P:r1@C6orf47	C6orf47	C6orf47	P	sig	beige	beige
8.69990262994088e-30	0.264911484331977	0.441	0.358	6.53510585853269e-25	P:r1@AMFR	P:r1@AMFR	P:r1@AMFR	AMFR	AMFR	P	sig	beige	beige
1.12980568156394e-11	0.264839292532816	0.151	0.118	8.48676133820382e-07	P:r1@TIGD5	P:r1@TIGD5	P:r1@TIGD5	TIGD5	TIGD5	P	sig	beige	beige
4.54667475215151e-18	0.264834855100983	0.434	0.38	3.41532567357365e-13	P:r1@FOXO1	P:r1@FOXO1	P:r1@FOXO1	FOXO1	FOXO1	P	sig	beige	beige
8.01485468719973e-20	0.264675562400834	0.361	0.301	6.02051839538382e-15	P:r2@SREBF1	P:r2@SREBF1	P:r2@SREBF1	SREBF1	SREBF1	P	sig	beige	beige
1.46860297005973e-13	0.264188171398912	0.225	0.183	1.10317049301976e-08	P:r1@CANT1	P:r1@CANT1	P:r1@CANT1	CANT1	CANT1	P	sig	beige	beige
1.30913263605188e-15	0.263783372533593	0.235	0.188	9.83381162223087e-11	P:r1@PLEKHO2,r1@AC069368.1	P:r1@PLEKHO2,r1@AC069368.1	P:r1@PLEKHO2,r1@AC069368.1	PLEKHO2	PLEKHO2,AC069368.1	P	sig	beige	beige
1.04263648210623e-13	0.263776571872131	0.242	0.197	7.83197246263734e-09	P:r1@NOMO2	P:r1@NOMO2	P:r1@NOMO2	NOMO2	NOMO2	P	sig	beige	beige
4.61118935884815e-16	0.263747766110643	0.369	0.315	3.46378711068596e-11	P:r1@TRIM8	P:r1@TRIM8	P:r1@TRIM8	TRIM8	TRIM8	P	sig	beige	beige
3.4041671141817e-10	0.263693050348427	0.125	0.097	2.55710821115987e-05	P:r1@LZTR1	P:r1@LZTR1	P:r1@LZTR1	LZTR1	LZTR1	P	sig	beige	beige
4.08387872695813e-46	0.263561406775662	1	1	3.06768718332914e-41	P:r2@ADDG21008394320.F	P:r2@ADDG21008394320.F	P:r2@..320.F	..320.F	ADDG21008394320.F	P	sig	beige	beige
5.56383110450888e-17	0.263348762208616	0.238	0.189	4.17938301077394e-12	P:r1@SLC12A4	P:r1@SLC12A4	P:r1@SLC12A4	SLC12A4	SLC12A4	P	sig	beige	beige
8.08711608413276e-12	0.263327004601868	0.169	0.135	6.074798988918e-07	P:r1@LSM14B	P:r1@LSM14B	P:r1@LSM14B	LSM14B	LSM14B	P	sig	beige	beige
6.46115766443464e-12	0.263202027514115	0.208	0.172	4.85342780279337e-07	P:r1@LRFN4	P:r1@LRFN4	P:r1@LRFN4	LRFN4	LRFN4	P	sig	beige	beige
9.57915213685464e-08	0.262634440410297	0.117	0.095	0.0071955717106411	P:r1@PTPA	P:r1@PTPA	P:r1@PTPA	PTPA	PTPA	P	sig	beige	beige
9.01573731172103e-11	0.262572637731053	0.163	0.131	6.77235139644549e-06	P:r1@NOTCH2	P:r1@NOTCH2	P:r1@NOTCH2	NOTCH2	NOTCH2	P	sig	beige	beige
1.32208817923318e-22	0.262306900552192	0.377	0.309	9.93112977594587e-18	P:r1@RIC8A,r1@MIR6743	P:r1@RIC8A,r1@MIR6743	P:r1@RIC8A,r1@MIR6743	RIC8A	RIC8A,MIR6743	P	sig	beige	beige
2.40012917113346e-34	0.262296626616151	0.728	0.662	1.80290502948032e-29	P:r1@PYGB	P:r1@PYGB	P:r1@PYGB	PYGB	PYGB	P	sig	beige	beige
2.96548416082662e-17	0.262268131382667	0.367	0.31	2.22758273708814e-12	P:r1@BOK	P:r1@BOK	P:r1@BOK	BOK	BOK	P	sig	beige	beige
6.96829653907463e-22	0.262093990753117	0.434	0.367	5.23437531125669e-17	P:r1@ATP1A1	P:r1@ATP1A1	P:r1@ATP1A1	ATP1A1	ATP1A1	P	sig	beige	beige
1.84523731511336e-18	0.261821530512364	0.251	0.198	1.3860869139937e-13	P:r1@OGDH	P:r1@OGDH	P:r1@OGDH	OGDH	OGDH	P	sig	beige	beige
6.87491644971131e-09	0.261696217920977	0.141	0.114	0.000516423098952964	P:r1@DCAF11	P:r1@DCAF11	P:r1@DCAF11	DCAF11	DCAF11	P	sig	beige	beige
2.82199511570868e-09	0.261418781012877	0.143	0.115	0.000211979807106689	P:r1@VWA1	P:r1@VWA1	P:r1@VWA1	VWA1	VWA1	P	sig	beige	beige
4.71196907323222e-08	0.261348061323145	0.136	0.111	0.00353948980873985	P:r1@CUEDC1	P:r1@CUEDC1	P:r1@CUEDC1	CUEDC1	CUEDC1	P	sig	beige	beige
7.36030361847489e-10	0.261211737489582	0.226	0.194	5.52883926908978e-05	P:r1@PCSK9	P:r1@PCSK9	P:r1@PCSK9	PCSK9	PCSK9	P	sig	beige	beige
4.28480743530447e-15	0.260658432266758	0.231	0.185	3.21861880117766e-10	P:r1@TNS2	P:r1@TNS2	P:r1@TNS2	TNS2	TNS2	P	sig	beige	beige
1.57741800298841e-16	0.260627447803333	0.328	0.274	1.1849090813048e-11	P:r1@MAPKAPK2	P:r1@MAPKAPK2	P:r1@MAPKAPK2	MAPKAPK2	MAPKAPK2	P	sig	beige	beige
3.18983118520041e-28	0.260350777628574	0.44	0.361	2.39610549138699e-23	P:r1@COL16A1	P:r1@COL16A1	P:r1@COL16A1	COL16A1	COL16A1	P	sig	beige	beige
1.04670770769989e-12	0.260213386810987	0.255	0.213	7.86255428792927e-08	D:r1@ADDG08056963839.F	D:r1@ADDG08056963839.F	D:r1@..839.F	..839.F	ADDG08056963839.F	D	sig	beige	beige
3.2525920328773e-15	0.260191075506523	0.239	0.192	2.44324955733644e-10	P:r1@CPSF1	P:r1@CPSF1	P:r1@CPSF1	CPSF1	CPSF1	P	sig	beige	beige
1.17522881531617e-17	0.260106957650239	0.231	0.182	8.8279662920105e-13	P:r1@PLCD1	P:r1@PLCD1	P:r1@PLCD1	PLCD1	PLCD1	P	sig	beige	beige
3.16083096545456e-15	0.259963302808719	0.258	0.211	2.3743213963205e-10	P:r1@VARS	P:r1@VARS	P:r1@VARS	VARS	VARS	P	sig	beige	beige
4.01986306641633e-49	0.259607133775033	0.739	0.648	3.01960053959996e-44	P:r1@TRIM28	P:r1@TRIM28	P:r1@TRIM28	TRIM28	TRIM28	P	sig	beige	beige
5.10471340216046e-15	0.259095615074219	0.253	0.207	3.83450756630087e-10	P:r1@SESN2	P:r1@SESN2	P:r1@SESN2	SESN2	SESN2	P	sig	beige	beige
5.46841054766634e-15	0.258675948893073	0.227	0.182	4.10770595109053e-10	P:r1@NDRG1	P:r1@NDRG1	P:r1@NDRG1	NDRG1	NDRG1	P	sig	beige	beige
9.19167102661464e-10	0.258566731149339	0.189	0.158	6.90450752506212e-05	P:r2@SLC3A2	P:r2@SLC3A2	P:r2@SLC3A2	SLC3A2	SLC3A2	P	sig	beige	beige
8.14565221326929e-11	0.258513632600963	0.198	0.163	6.11876957304149e-06	P:r1@STRN4	P:r1@STRN4	P:r1@STRN4	STRN4	STRN4	P	sig	beige	beige
2.35700984473959e-08	0.25849081234094	0.14	0.115	0.00177051508507303	P:r1@RAPGEF1	P:r1@RAPGEF1	P:r1@RAPGEF1	RAPGEF1	RAPGEF1	P	sig	beige	beige
4.28708040246968e-08	0.258163711001617	0.116	0.093	0.00322032618592315	P:r1@CYGB	P:r1@CYGB	P:r1@CYGB	CYGB	CYGB	P	sig	beige	beige
1.61231823324775e-12	0.25809595413559	0.218	0.179	1.21112508726872e-07	P:r1@FOXK2	P:r1@FOXK2	P:r1@FOXK2	FOXK2	FOXK2	P	sig	beige	beige
1.78232427682764e-17	0.257932210067507	0.294	0.24	1.33882852702462e-12	P:r1@RNF40	P:r1@RNF40	P:r1@RNF40	RNF40	RNF40	P	sig	beige	beige
2.00432647168907e-181	0.257760452561898	0.999	0.999	1.50558991573868e-176	P:r1@COL6A2	P:r1@COL6A2	P:r1@COL6A2	COL6A2	COL6A2	P	sig	beige	beige
1.85827193133945e-11	0.257090792995265	0.212	0.175	1.39587812666426e-06	P:r1@RIOX1	P:r1@RIOX1	P:r1@RIOX1	RIOX1	RIOX1	P	sig	beige	beige
1.29146206425759e-07	0.25676588053658	0.426	0.398	0.00970107558808374	P:r1@H19	P:r1@H19	P:r1@H19	H19	H19	P	sig	beige	beige
2.09534289301619e-29	0.256736608121313	0.557	0.477	1.57395872094697e-24	P:r1@ENG	P:r1@ENG	P:r1@ENG	ENG	ENG	P	sig	beige	beige
7.95704720261710e-12	0.256558226967592	0.264	0.223	5.97709514718989e-07	P:r1@CPZ	P:r1@CPZ	P:r1@CPZ	CPZ	CPZ	P	sig	beige	beige
2.81818806640791e-11	0.255924998927664	0.182	0.146	2.11693832984363e-06	P:r1@FAM160B2	P:r1@FAM160B2	P:r1@FAM160B2	FAM160B2	FAM160B2	P	sig	beige	beige
2.25810434653981e-11	0.255791862016685	0.227	0.189	1.69622024199031e-06	P:r1@NUMA1	P:r1@NUMA1	P:r1@NUMA1	NUMA1	NUMA1	P	sig	beige	beige
1.32802011445485e-08	0.255636642086398	0.143	0.117	0.000997568869375053	P:r1@PLEKHG2	P:r1@PLEKHG2	P:r1@PLEKHG2	PLEKHG2	PLEKHG2	P	sig	beige	beige
2.17938765030738e-17	0.255621708719809	0.264	0.212	1.63709062128139e-12	P:r1@CARM1	P:r1@CARM1	P:r1@CARM1	CARM1	CARM1	P	sig	beige	beige
3.0072431320943e-17	0.255249226663506	0.286	0.233	2.25895082353528e-12	P:r1@B3GNT9	P:r1@B3GNT9	P:r1@B3GNT9	B3GNT9	B3GNT9	P	sig	beige	beige
3.27772049242516e-54	0.2549089803846	0.852	0.788	2.46212530229501e-49	P:r1@GPC1	P:r1@GPC1	P:r1@GPC1	GPC1	GPC1	P	sig	beige	beige
1.52266614735314e-27	0.254900552810874	0.486	0.409	1.14378112990726e-22	P:r1@NFIX	P:r1@NFIX	P:r1@NFIX	NFIX	NFIX	P	sig	beige	beige
7.48011119128794e-44	0.254805142569428	0.738	0.66	5.61883512355976e-39	P:r1@PFKL	P:r1@PFKL	P:r1@PFKL	PFKL	PFKL	P	sig	beige	beige
9.33230418451715e-20	0.254800831823064	0.286	0.228	7.01014693428375e-15	P:r1@GCN1	P:r1@GCN1	P:r1@GCN1	GCN1	GCN1	P	sig	beige	beige
7.60356270600833e-14	0.254637317805465	0.203	0.162	5.71156819787228e-09	P:r1@KLHL42	P:r1@KLHL42	P:r1@KLHL42	KLHL42	KLHL42	P	sig	beige	beige
7.04301510485421e-23	0.254371203637109	0.446	0.381	5.29050165631334e-18	D:r1@ADDG09134728802.R	D:r1@ADDG09134728802.R	D:r1@..802.R	..802.R	ADDG09134728802.R	D	sig	beige	beige
1.07966383079437e-24	0.253841125371682	0.499	0.425	8.11011079777807e-20	P:r1@TRAF7	P:r1@TRAF7	P:r1@TRAF7	TRAF7	TRAF7	P	sig	beige	beige
4.06858210410083e-11	0.253573067355255	0.195	0.159	3.05619681913742e-06	P:r1@IL17RA	P:r1@IL17RA	P:r1@IL17RA	IL17RA	IL17RA	P	sig	beige	beige
8.70711311649879e-14	0.253540706844597	0.134	0.1	6.54052215972039e-09	P:r1@AC027682.3	P:r1@AC027682.3	P:r1@AC027682.3	AC027682.3	AC027682.3	P	sig	beige	beige
1.57512917416187e-15	0.253489446715796	0.348	0.296	1.18318978175518e-10	P:r1@ALDH1B1	P:r1@ALDH1B1	P:r1@ALDH1B1	ALDH1B1	ALDH1B1	P	sig	beige	beige
3.19855441062694e-09	0.253479935982599	0.134	0.107	0.000240265811663064	P:r1@IER5	P:r1@IER5	P:r1@IER5	IER5	IER5	P	sig	beige	beige
4.36698203571596e-39	0.253455510198146	0.693	0.608	3.28034589576876e-34	P:r1@AP2A1	P:r1@AP2A1	P:r1@AP2A1	AP2A1	AP2A1	P	sig	beige	beige
1.0804388142126e-07	0.253260120660822	0.136	0.111	0.00811593224072079	P:r1@ZNF318	P:r1@ZNF318	P:r1@ZNF318	ZNF318	ZNF318	P	sig	beige	beige
1.04272873234493e-07	0.253051974897327	0.112	0.09	0.00783266541875538	P:r1@TMEM104	P:r1@TMEM104	P:r1@TMEM104	TMEM104	TMEM104	P	sig	beige	beige
3.14254771990686e-25	0.252963849154304	0.843	0.819	2.36058757076243e-20	P:r1@GPX3	P:r1@GPX3	P:r1@GPX3	GPX3	GPX3	P	sig	beige	beige
3.70826839860893e-10	0.252633417803195	0.148	0.118	2.78553997298307e-05	P:r1@RIN1	P:r1@RIN1	P:r1@RIN1	RIN1	RIN1	P	sig	beige	beige
6.09568466079138e-09	0.252385173292405	0.195	0.164	0.000457889544664666	P:r1@PTH1R	P:r1@PTH1R	P:r1@PTH1R	PTH1R	PTH1R	P	sig	beige	beige
8.1587252942437e-09	0.252152965355116	0.177	0.148	0.000612858967927704	P:r1@IRX2	P:r1@IRX2	P:r1@IRX2	IRX2	IRX2	P	sig	beige	beige
4.99130283717449e-16	0.252095758642717	0.275	0.225	3.74931695220036e-11	P:r1@TMEM8A	P:r1@TMEM8A	P:r1@TMEM8A	TMEM8A	TMEM8A	P	sig	beige	beige
7.66733142019426e-08	0.251786624050752	0.117	0.094	0.00575946934290732	P:r1@ADARB1	P:r1@ADARB1	P:r1@ADARB1	ADARB1	ADARB1	P	sig	beige	beige
9.86062130060435e-31	0.25168051870882	0.605	0.53	7.40700290237497e-26	P:r1@KLF15	P:r1@KLF15	P:r1@KLF15	KLF15	KLF15	P	sig	beige	beige
4.17238938452545e-19	0.251655163411311	0.374	0.313	3.13417373397398e-14	P:r1@PLEKHM2	P:r1@PLEKHM2	P:r1@PLEKHM2	PLEKHM2	PLEKHM2	P	sig	beige	beige
7.31197051845336e-13	0.251456908799389	0.315	0.272	5.49253289434661e-08	D:r1@ADDG11061803118.B	D:r1@ADDG11061803118.B	D:r1@..118.B	..118.B	ADDG11061803118.B	D	sig	beige	beige
1.20684565779567e-09	0.25139463294082	0.152	0.123	9.06546252766371e-05	P:r1@KCTD17	P:r1@KCTD17	P:r1@KCTD17	KCTD17	KCTD17	P	sig	beige	beige
2.76543760589596e-18	0.250888342734684	0.327	0.268	2.07731376642087e-13	P:r1@DDX54	P:r1@DDX54	P:r1@DDX54	DDX54	DDX54	P	sig	beige	beige
3.56665575036683e-09	0.250820172637662	0.131	0.104	0.000267916480000305	P:r1@ARAP1	P:r1@ARAP1	P:r1@ARAP1	ARAP1	ARAP1	P	sig	beige	beige
2.22119542339307e-16	0.250713656789247	0.268	0.217	1.66849536619017e-11	P:r1@SLC44A2	P:r1@SLC44A2	P:r1@SLC44A2	SLC44A2	SLC44A2	P	sig	beige	beige
1.65128447235856e-09	0.2505730674788	0.116	0.09	0.000124039535710158	P:r1@ADDG17001474699.F	P:r1@ADDG17001474699.F	P:r1@..699.F	..699.F	ADDG17001474699.F	P	sig	beige	beige
1.30808613448223e-08	0.250139107857734	0.117	0.093	0.000982595061639013	P:r1@MDN1	P:r1@MDN1	P:r1@MDN1	MDN1	MDN1	P	sig	beige	beige
1.94803394068545e-12	-2.03531022017247	0.002	0.01	1.46330465522469e-07	P:r1@PRELID1P1	P:r1@PRELID1P1	P:r1@PRELID1P1	PRELID1P1	PRELID1P1	P	not_sig	white	not_sig
4.86107511370687e-13	1.2666820134237	0.017	0.006	3.65149379316319e-08	D:r1@ADDG12066057664.R	D:r1@ADDG12066057664.R	D:r1@..664.R	..664.R	ADDG12066057664.R	D	not_sig	beige	not_sig
2.37014354332244e-10	-0.805949784301921	0.014	0.025	1.78038072543752e-05	P:r1@ADDG04113214094.F	P:r1@ADDG04113214094.F	P:r1@..094.F	..094.F	ADDG04113214094.F	P	not_sig	white	not_sig
1.75795908778028e-09	-0.803178682277147	0.018	0.03	0.000132052612796791	D:r1@ADDG01151945994.B	D:r1@ADDG01151945994.B	D:r1@..994.B	..994.B	ADDG01151945994.B	D	not_sig	white	not_sig
5.66960613792103e-10	-0.774756190688075	0.021	0.034	4.25883804262214e-05	D:r1@ADDG0X045764645.F	D:r1@ADDG0X045764645.F	D:r1@..645.F	..645.F	ADDG0X045764645.F	D	not_sig	white	not_sig
1.91896877076611e-09	-0.729978656617277	0.028	0.043	0.000144147177153638	D:r1@ADDG07135674323.R	D:r1@ADDG07135674323.R	D:r1@..323.R	..323.R	ADDG07135674323.R	D	not_sig	white	not_sig
2.67570960086842e-18	-0.719187786449552	0.064	0.095	2.00991278088433e-13	D:r1@ADDG03012836191.F	D:r1@ADDG03012836191.F	D:r1@..191.F	..191.F	ADDG03012836191.F	D	not_sig	white	not_sig
4.28013061654356e-08	0.7159102127785	0.032	0.02	0.00321510571522902	P:r1@ABTB2	P:r1@ABTB2	P:r1@ABTB2	ABTB2	ABTB2	P	not_sig	beige	not_sig
6.63977865519823e-15	-0.690478728054623	0.043	0.066	4.98760253242526e-10	D:r1@ADDG07128865503.R	D:r1@ADDG07128865503.R	D:r1@..503.R	..503.R	ADDG07128865503.R	D	not_sig	white	not_sig
2.50604855062258e-10	-0.66445226671914	0.031	0.048	1.88246848977116e-05	D:r1@ADDG11009569224.B	D:r1@ADDG11009569224.B	D:r1@..224.B	..224.B	ADDG11009569224.B	D	not_sig	white	not_sig
8.31422624112097e-12	0.600798795131576	0.049	0.031	6.24539732554284e-07	P:r6@PLEC	P:r6@PLEC	P:r6@PLEC	PLEC	PLEC	P	not_sig	beige	not_sig
2.18069048362738e-08	-0.599916258230043	0.064	0.083	0.00163806927058638	P:r1@ADDG0M000004321.R,r1@MT-TQ	P:r1@MT-TQ	P:r1@MT-TQ	MT-TQ	MT-TQ	P	not_sig	white	not_sig
3.47176803939967e-11	-0.588330882664629	0.058	0.08	2.60788799815585e-06	D:r1@ADDG01152032625.F	D:r1@ADDG01152032625.F	D:r1@..625.F	..625.F	ADDG01152032625.F	D	not_sig	white	not_sig
3.14195551647532e-18	0.579609237375491	0.079	0.05	2.36014272531077e-13	P:r1@WDR81	P:r1@WDR81	P:r1@WDR81	WDR81	WDR81	P	not_sig	beige	not_sig
1.47414154561537e-08	0.57866390795702	0.037	0.023	0.0011073309048199	P:r1@DENND4B	P:r1@DENND4B	P:r1@DENND4B	DENND4B	DENND4B	P	not_sig	beige	not_sig
3.9952290996655e-12	0.567830811782105	0.065	0.043	3.00109624279574e-07	P:r1@ITPRIP	P:r1@ITPRIP	P:r1@ITPRIP	ITPRIP	ITPRIP	P	not_sig	beige	not_sig
1.96060570642836e-12	0.560430891902836	0.058	0.037	1.47274818849779e-07	P:r1@CAPN15	P:r1@CAPN15	P:r1@CAPN15	CAPN15	CAPN15	P	not_sig	beige	not_sig
7.09445658806877e-19	0.550400178749422	0.107	0.073	5.32914295525962e-14	P:r1@IRS2	P:r1@IRS2	P:r1@IRS2	IRS2	IRS2	P	not_sig	beige	not_sig
1.77673153563051e-08	0.548431476742712	0.044	0.03	0.00133462742761957	D:r1@ADDG07005397380.R	D:r1@ADDG07005397380.R	D:r1@..380.R	..380.R	ADDG07005397380.R	D	not_sig	beige	not_sig
1.1478727532102e-08	-0.543248688092178	0.074	0.095	0.000862247576028905	D:r1@ADDG03040462254.R	D:r1@ADDG03040462254.R	D:r1@..254.R	..254.R	ADDG03040462254.R	D	not_sig	white	not_sig
2.04489419084822e-08	-0.537792624844684	0.075	0.096	0.00153606316933945	P:r1@ADDG01077129603.R	P:r1@ADDG01077129603.R	P:r1@..603.R	..603.R	ADDG01077129603.R	P	not_sig	white	not_sig
8.8446817392342e-12	0.533870985437405	0.052	0.033	6.64385958206056e-07	D:r1@ADDG22036314223.F	D:r1@ADDG22036314223.F	D:r1@..223.F	..223.F	ADDG22036314223.F	D	not_sig	beige	not_sig
9.70724921645236e-13	-0.530191598102184	0.082	0.11	7.29179439392252e-08	P:r1@SNORD118	P:r1@SNORD118	P:r1@SNORD118	SNORD118	SNORD118	P	not_sig	white	not_sig
1.15400788468104e-15	0.524715747032402	0.089	0.06	8.66856102735855e-11	P:r1@MIGA2	P:r1@MIGA2	P:r1@MIGA2	MIGA2	MIGA2	P	not_sig	beige	not_sig
2.16081613249611e-09	0.519587380098541	0.052	0.036	0.00016231402542471	P:r1@UNC5B	P:r1@UNC5B	P:r1@UNC5B	UNC5B	UNC5B	P	not_sig	beige	not_sig
3.97592876750364e-12	0.517782747580212	0.062	0.041	2.98659841228571e-07	P:r1@PPP1R12C	P:r1@PPP1R12C	P:r1@PPP1R12C	PPP1R12C	PPP1R12C	P	not_sig	beige	not_sig
1.40291149085707e-09	0.503502698749845	0.047	0.031	0.00010538250245871	P:r1@MFHAS1	P:r1@MFHAS1	P:r1@MFHAS1	MFHAS1	MFHAS1	P	not_sig	beige	not_sig
1.06932539505254e-09	0.500086980443729	0.044	0.028	8.03245157001616e-05	P:r1@MIR1228	P:r1@MIR1228	P:r1@MIR1228	MIR1228	MIR1228	P	not_sig	beige	not_sig
8.37645195441492e-10	0.49945527722736	0.055	0.038	6.29213941459785e-05	P:r1@CSPG4	P:r1@CSPG4	P:r1@CSPG4	CSPG4	CSPG4	P	not_sig	beige	not_sig
8.18221613583426e-10	0.499213075551261	0.051	0.034	6.14623529475462e-05	P:r1@ARID1A	P:r1@ARID1A	P:r1@ARID1A	ARID1A	ARID1A	P	not_sig	beige	not_sig
4.81206103344752e-09	0.497195363359471	0.064	0.046	0.000361467588649477	P:r1@IQSEC1	P:r1@IQSEC1	P:r1@IQSEC1	IQSEC1	IQSEC1	P	not_sig	beige	not_sig
3.47396969549741e-10	0.494636352732533	0.061	0.042	2.60954181616679e-05	P:r1@SLC6A6	P:r1@SLC6A6	P:r1@SLC6A6	SLC6A6	SLC6A6	P	not_sig	beige	not_sig
3.96046430724381e-17	0.491325287029049	0.117	0.083	2.97498197367233e-12	P:r1@GRK2	P:r1@GRK2	P:r1@GRK2	GRK2	GRK2	P	not_sig	beige	not_sig
2.71221365744065e-11	0.482563214099977	0.05	0.032	2.03733353305969e-06	P:r1@ABCA2	P:r1@ABCA2	P:r1@ABCA2	ABCA2	ABCA2	P	not_sig	beige	not_sig
1.13906486790703e-07	0.482108656700365	0.05	0.035	0.0085563135682572	P:r1@CEP170B	P:r1@CEP170B	P:r1@CEP170B	CEP170B	CEP170B	P	not_sig	beige	not_sig
4.22800589176602e-14	0.479350892344346	0.064	0.04	3.17595118571788e-09	P:r1@BCR	P:r1@BCR	P:r1@BCR	BCR	BCR	P	not_sig	beige	not_sig
1.75962883333586e-16	0.47356373162092	0.101	0.069	1.3217803907369e-11	P:r2@PTPRS	P:r2@PTPRS	P:r2@PTPRS	PTPRS	PTPRS	P	not_sig	beige	not_sig
6.59594848074833e-12	0.470890534501772	0.076	0.053	4.95467862028372e-07	D:r1@ADDG03126983033.B	D:r1@ADDG03126983033.B	D:r1@..033.B	..033.B	ADDG03126983033.B	D	not_sig	beige	not_sig
5.65409254332089e-08	-0.466307645562336	0.054	0.072	0.00424718469576635	D:r1@ADDG12014882029.F	D:r1@ADDG12014882029.F	D:r1@..029.F	..029.F	ADDG12014882029.F	D	not_sig	white	not_sig
8.46809143264624e-08	0.464221302360704	0.037	0.025	0.00636097624146088	P:r2@DGKQ	P:r2@DGKQ	P:r2@DGKQ	DGKQ	DGKQ	P	not_sig	beige	not_sig
5.33309526432458e-10	0.459344141826037	0.069	0.049	4.0060611697027e-05	P:r1@MEGF8	P:r1@MEGF8	P:r1@MEGF8	MEGF8	MEGF8	P	not_sig	beige	not_sig
8.22715203917711e-11	0.455210879487058	0.054	0.036	6.17998979726867e-06	D:r1@ADDG07128842363.R	D:r1@ADDG07128842363.R	D:r1@..363.R	..363.R	ADDG07128842363.R	D	not_sig	beige	not_sig
2.02689393973118e-10	0.449333412998138	0.059	0.04	1.52254192070787e-05	P:r1@HELZ2	P:r1@HELZ2	P:r1@HELZ2	HELZ2	HELZ2	P	not_sig	beige	not_sig
9.65977174934705e-09	0.44909841809447	0.056	0.039	0.000725613074495703	P:r1@SNPH	P:r1@SNPH	P:r1@SNPH	SNPH	SNPH	P	not_sig	beige	not_sig
1.30223306388419e-13	0.448016764476328	0.096	0.068	9.78198410597883e-09	P:r1@PITPNM1	P:r1@PITPNM1	P:r1@PITPNM1	PITPNM1	PITPNM1	P	not_sig	beige	not_sig
2.53240129329244e-08	0.446409705682435	0.064	0.046	0.00190226387948248	P:r1@C11orf95	P:r1@C11orf95	P:r1@C11orf95	C11orf95	C11orf95	P	not_sig	beige	not_sig
4.96385972227094e-10	0.439678764881072	0.091	0.068	3.72870250757826e-05	P:r1@OPLAH	P:r1@OPLAH	P:r1@OPLAH	OPLAH	OPLAH	P	not_sig	beige	not_sig
3.0804035313315e-11	0.43888238394195	0.067	0.046	2.31390672063028e-06	P:r1@ADDG0X057592778.B,r1@ZXDB	P:r1@ADDG0X057592778.B,r1@ZXDB	P:r1@..778.B,r1@ZXDB	..778.B	ADDG0X057592778.B,ZXDB	P	not_sig	beige	not_sig
2.27622642041667e-11	0.438184171299658	0.066	0.045	1.70983300022439e-06	D:r1@ADDG20025295670.R	D:r1@ADDG20025295670.R	D:r1@..670.R	..670.R	ADDG20025295670.R	D	not_sig	beige	not_sig
2.73347302527358e-10	0.436059231388984	0.073	0.052	2.05330293239475e-05	P:r1@KLHL26	P:r1@KLHL26	P:r1@KLHL26	KLHL26	KLHL26	P	not_sig	beige	not_sig
8.26867864754896e-10	0.432726413311505	0.069	0.049	6.21118333967935e-05	P:r1@KCTD2	P:r1@KCTD2	P:r1@KCTD2	KCTD2	KCTD2	P	not_sig	beige	not_sig
5.01054895363507e-13	0.432565260774975	0.1	0.072	3.76377405750205e-08	P:r1@RNF123	P:r1@RNF123	P:r1@RNF123	RNF123	RNF123	P	not_sig	beige	not_sig
1.19790597876854e-07	0.430689363436358	0.057	0.042	0.00899831034071563	P:r1@FAM53B	P:r1@FAM53B	P:r1@FAM53B	FAM53B	FAM53B	P	not_sig	beige	not_sig
2.47546799574531e-16	0.429148635229186	0.105	0.073	1.85949729436401e-11	P:r1@ADGRA2	P:r1@ADGRA2	P:r1@ADGRA2	ADGRA2	ADGRA2	P	not_sig	beige	not_sig
1.26130921672244e-07	0.428925964723589	0.052	0.037	0.00947457644325392	P:r1@CTC1	P:r1@CTC1	P:r1@CTC1	CTC1	CTC1	P	not_sig	beige	not_sig
6.40140939289169e-09	-0.428722677791838	0.08	0.103	0.000480854669365845	D:r1@ADDG04151197624.B	D:r1@ADDG04151197624.B	D:r1@..624.B	..624.B	ADDG04151197624.B	D	not_sig	white	not_sig
7.51000651681568e-12	0.424915074957488	0.11	0.082	5.64129159523643e-07	P:r1@PTPRN	P:r1@PTPRN	P:r1@PTPRN	PTPRN	PTPRN	P	not_sig	beige	not_sig
3.60371821071321e-16	0.423718854194288	0.108	0.075	2.70700500834145e-11	P:r1@ADDG22038739873.F	P:r1@ADDG22038739873.F	P:r1@..873.F	..873.F	ADDG22038739873.F	P	not_sig	beige	not_sig
1.7127746753726e-10	0.421061690000254	0.082	0.06	1.28658495289964e-05	P:r1@TP73-AS1	P:r1@TP73-AS1	P:r1@TP73-AS1	TP73-AS1	TP73-AS1	P	not_sig	beige	not_sig
1.06133948692174e-10	0.417162447074504	0.067	0.047	7.97246382391006e-06	D:r1@ADDG16015133021.F	D:r1@ADDG16015133021.F	D:r1@..021.F	..021.F	ADDG16015133021.F	D	not_sig	beige	not_sig
1.80289726924433e-10	0.41708644044706	0.085	0.062	1.35428234173827e-05	D:r1@ADDG03049531872.R	D:r1@ADDG03049531872.R	D:r1@..872.R	..872.R	ADDG03049531872.R	D	not_sig	beige	not_sig
3.96860212840342e-09	0.41341486355021	0.055	0.038	0.00029810948607928	P:r1@ZNF319	P:r1@ZNF319	P:r1@ZNF319	ZNF319	ZNF319	P	not_sig	beige	not_sig
1.04987646553828e-12	0.412943928804349	0.097	0.07	7.88635704618389e-08	P:r1@TYK2	P:r1@TYK2	P:r1@TYK2	TYK2	TYK2	P	not_sig	beige	not_sig
4.45627038005035e-14	0.412446141592968	0.105	0.075	3.34741662138242e-09	P:r2@PER1	P:r2@PER1	P:r2@PER1	PER1	PER1	P	not_sig	beige	not_sig
9.58241451936596e-08	-0.410593695040931	0.074	0.094	0.00719802231451213	D:r1@ADDG10032149636.B	D:r1@ADDG10032149636.B	D:r1@..636.B	..636.B	ADDG10032149636.B	D	not_sig	white	not_sig
9.8414853689897e-08	0.405926202989893	0.047	0.032	0.00739262856462399	P:r1@RAB3IL1	P:r1@RAB3IL1	P:r1@RAB3IL1	RAB3IL1	RAB3IL1	P	not_sig	beige	not_sig
1.33127958451896e-10	0.400260702720577	0.079	0.056	1.00001728550311e-05	P:r1@LLGL1	P:r1@LLGL1	P:r1@LLGL1	LLGL1	LLGL1	P	not_sig	beige	not_sig
9.92038419778439e-10	0.400231780328462	0.065	0.046	7.4518949978497e-05	P:r1@ADDG13110462150.R	P:r1@ADDG13110462150.R	P:r1@..150.R	..150.R	ADDG13110462150.R	P	not_sig	beige	not_sig
4.46956712650151e-09	0.399389324277423	0.058	0.041	0.000335740473841414	P:r1@CNNM3	P:r1@CNNM3	P:r1@CNNM3	CNNM3	CNNM3	P	not_sig	beige	not_sig
6.20887891149844e-09	0.397236601494048	0.063	0.045	0.000466392357195028	P:r1@KLHL21	P:r1@KLHL21	P:r1@KLHL21	KLHL21	KLHL21	P	not_sig	beige	not_sig
3.36724806530005e-08	0.394457274329635	0.085	0.065	0.00252937572921144	P:r1@FOXF2	P:r1@FOXF2	P:r1@FOXF2	FOXF2	FOXF2	P	not_sig	beige	not_sig
1.60021749507455e-08	0.393859986019184	0.067	0.049	0.00120203537577515	P:r1@LRCH4	P:r1@LRCH4	P:r1@LRCH4	LRCH4	LRCH4	P	not_sig	beige	not_sig
5.34057857493404e-09	0.393827019991444	0.071	0.052	0.00040116824081332	P:r1@ZCCHC2	P:r1@ZCCHC2	P:r1@ZCCHC2	ZCCHC2	ZCCHC2	P	not_sig	beige	not_sig
1.50811621529913e-12	0.393703944152608	0.093	0.067	1.13285165744625e-07	P:r1@WDR24	P:r1@WDR24	P:r1@WDR24	WDR24	WDR24	P	not_sig	beige	not_sig
4.56718963912722e-09	0.393414112870236	0.053	0.036	0.00034307358412232	P:r1@PAN2	P:r1@PAN2	P:r1@PAN2	PAN2	PAN2	P	not_sig	beige	not_sig
7.84860804534698e-12	0.39253351752398	0.084	0.059	5.89563890542329e-07	D:r2@ADDG12049061040.B	D:r2@ADDG12049061040.B	D:r2@..040.B	..040.B	ADDG12049061040.B	D	not_sig	beige	not_sig
7.98194531673938e-09	0.391568376589451	0.085	0.065	0.000599579786357512	P:r1@PIK3C2B	P:r1@PIK3C2B	P:r1@PIK3C2B	PIK3C2B	PIK3C2B	P	not_sig	beige	not_sig
1.28952883770496e-10	0.389212090375823	0.108	0.082	9.68655377018831e-06	P:r1@INSR	P:r1@INSR	P:r1@INSR	INSR	INSR	P	not_sig	beige	not_sig
4.88017192080933e-12	0.387206643943934	0.105	0.078	3.66583874175435e-07	P:r1@CLCN7	P:r1@CLCN7	P:r1@CLCN7	CLCN7	CLCN7	P	not_sig	beige	not_sig
6.56125444169863e-08	0.386719054947579	0.049	0.034	0.00492861749897076	D:r1@ADDG12049795480.F	D:r1@ADDG12049795480.F	D:r1@..480.F	..480.F	ADDG12049795480.F	D	not_sig	beige	not_sig
4.68423388211045e-11	0.38490028979693	0.088	0.064	3.51865596522491e-06	D:r1@ADDG11062593987.F	D:r1@ADDG11062593987.F	D:r1@..987.F	..987.F	ADDG11062593987.F	D	not_sig	beige	not_sig
1.34848619567788e-08	0.380454818497596	0.081	0.061	0.00101294237560736	P:r1@FAM43A	P:r1@FAM43A	P:r1@FAM43A	FAM43A	FAM43A	P	not_sig	beige	not_sig
3.91661205712109e-08	0.379595631904796	0.081	0.061	0.00294204147894765	P:r1@AKNA	P:r1@AKNA	P:r1@AKNA	AKNA	AKNA	P	not_sig	beige	not_sig
8.26225226197533e-10	0.379485799116087	0.072	0.052	6.20635603162801e-05	P:r1@GSE1	P:r1@GSE1	P:r1@GSE1	GSE1	GSE1	P	not_sig	beige	not_sig
3.04376625682171e-12	0.377194613198921	0.093	0.067	2.28638589913677e-07	P:r1@SNED1	P:r1@SNED1	P:r1@SNED1	SNED1	SNED1	P	not_sig	beige	not_sig
7.82315571476538e-11	0.376098311143036	0.097	0.072	5.87651987826031e-06	P:r1@FEM1A	P:r1@FEM1A	P:r1@FEM1A	FEM1A	FEM1A	P	not_sig	beige	not_sig
6.23828508236842e-12	0.374031985591626	0.113	0.085	4.68601260532268e-07	P:r1@SEMA4C	P:r1@SEMA4C	P:r1@SEMA4C	SEMA4C	SEMA4C	P	not_sig	beige	not_sig
2.9227983752244e-10	0.373866943243554	0.078	0.056	2.19551845551731e-05	P:r1@EHBP1L1	P:r1@EHBP1L1	P:r1@EHBP1L1	EHBP1L1	EHBP1L1	P	not_sig	beige	not_sig
3.69877893542144e-09	0.373042563374575	0.056	0.039	0.000277841177292053	P:r2@BCAR1	P:r2@BCAR1	P:r2@BCAR1	BCAR1	BCAR1	P	not_sig	beige	not_sig
1.49572209587232e-10	0.370278885803406	0.07	0.049	1.12354156675641e-05	D:r1@ADDG16029844695.R	D:r1@ADDG16029844695.R	D:r1@..695.R	..695.R	ADDG16029844695.R	D	not_sig	beige	not_sig
1.5435456341266e-10	0.37021302092827	0.09	0.066	1.15946517398688e-05	P:r1@NOL6	P:r1@NOL6	P:r1@NOL6	NOL6	NOL6	P	not_sig	beige	not_sig
1.14164511278109e-09	0.369058893507368	0.076	0.055	8.57569559367768e-05	P:r1@GPSM1	P:r1@GPSM1	P:r1@GPSM1	GPSM1	GPSM1	P	not_sig	beige	not_sig
5.64620591585546e-13	0.368926907883671	0.107	0.078	4.24126049781314e-08	P:r1@ADDG08022102233.R	P:r1@ADDG08022102233.R	P:r1@..233.R	..233.R	ADDG08022102233.R	P	not_sig	beige	not_sig
5.74401616780022e-09	0.364733121119471	0.065	0.047	0.000431473262476649	P:r1@TYRO3	P:r1@TYRO3	P:r1@TYRO3	TYRO3	TYRO3	P	not_sig	beige	not_sig
2.94437673114705e-11	0.361411685382414	0.103	0.077	2.21172746913573e-06	P:r1@ADCY6	P:r1@ADCY6	P:r1@ADCY6	ADCY6	ADCY6	P	not_sig	beige	not_sig
9.24277814228915e-10	0.360081634941169	0.088	0.066	6.94289765714334e-05	P:r1@PTPRF	P:r1@PTPRF	P:r1@PTPRF	PTPRF	PTPRF	P	not_sig	beige	not_sig
1.05039653473505e-07	0.357081026644	0.06	0.044	0.00789026364996927	P:r1@RUBCN	P:r1@RUBCN	P:r1@RUBCN	RUBCN	RUBCN	P	not_sig	beige	not_sig
9.76171777828424e-10	0.357041410353376	0.094	0.071	7.33270954351377e-05	P:r2@ECE1	P:r2@ECE1	P:r2@ECE1	ECE1	ECE1	P	not_sig	beige	not_sig
9.91499711386894e-09	0.356183385593172	0.076	0.056	0.000744784838202493	P:r1@CDR2L	P:r1@CDR2L	P:r1@CDR2L	CDR2L	CDR2L	P	not_sig	beige	not_sig
1.74534867905328e-12	0.353936340610563	0.091	0.065	1.31105356724445e-07	P:r1@KMT2D	P:r1@KMT2D	P:r1@KMT2D	KMT2D	KMT2D	P	not_sig	beige	not_sig
8.06824395763416e-10	0.352764978466624	0.112	0.087	6.06062281365605e-05	P:r1@AXIN1	P:r1@AXIN1	P:r1@AXIN1	AXIN1	AXIN1	P	not_sig	beige	not_sig
5.31017129813842e-08	0.352737995048351	0.083	0.063	0.00398884137402264	P:r1@SPRY4	P:r1@SPRY4	P:r1@SPRY4	SPRY4	SPRY4	P	not_sig	beige	not_sig
3.3439474082877e-09	0.350224392606094	0.107	0.083	0.000251187297468347	P:r1@LRP8	P:r1@LRP8	P:r1@LRP8	LRP8	LRP8	P	not_sig	beige	not_sig
2.59773311209319e-08	0.348724597543995	0.082	0.062	0.00195133918181104	P:r1@FAM193A	P:r1@FAM193A	P:r1@FAM193A	FAM193A	FAM193A	P	not_sig	beige	not_sig
9.29946753861197e-08	0.347856861016499	0.055	0.039	0.00698548103097916	P:r1@ADCY9	P:r1@ADCY9	P:r1@ADCY9	ADCY9	ADCY9	P	not_sig	beige	not_sig
1.16060450195906e-10	0.346980746747516	0.092	0.067	8.71811283736584e-06	P:r1@C15orf39	P:r1@C15orf39	P:r1@C15orf39	C15orf39	C15orf39	P	not_sig	beige	not_sig
7.30552010431236e-11	0.342882515863597	0.097	0.072	5.48768753675631e-06	P:r1@PKD1P6,r1@MIR3180-4	P:r1@PKD1P6,r1@MIR3180-4	P:r1@PKD1P6,r1@MIR3180-4	PKD1P6	PKD1P6,MIR3180-4	P	not_sig	beige	not_sig
6.5911967584512e-08	0.341744768988165	0.073	0.055	0.00495110926904579	P:r1@FKRP	P:r1@FKRP	P:r1@FKRP	FKRP	FKRP	P	not_sig	beige	not_sig
1.09094105692434e-09	0.338922061065862	0.092	0.068	8.1948219372986e-05	P:r1@ZCCHC14	P:r1@ZCCHC14	P:r1@ZCCHC14	ZCCHC14	ZCCHC14	P	not_sig	beige	not_sig
2.22193645600292e-09	0.336271880190037	0.103	0.079	0.000166905200765571	P:r1@OSGIN1	P:r1@OSGIN1	P:r1@OSGIN1	OSGIN1	OSGIN1	P	not_sig	beige	not_sig
9.95590735772557e-09	0.32914537776019	0.106	0.083	0.000747857892990271	P:r1@CDC25B	P:r1@CDC25B	P:r1@CDC25B	CDC25B	CDC25B	P	not_sig	beige	not_sig
2.89755288991699e-08	0.328836788803965	0.092	0.072	0.00217655480431894	P:r1@PLEKHA4	P:r1@PLEKHA4	P:r1@PLEKHA4	PLEKHA4	PLEKHA4	P	not_sig	beige	not_sig
8.63285680883615e-10	0.326545681383728	0.105	0.081	6.48474304909345e-05	P:r1@CPT1C	P:r1@CPT1C	P:r1@CPT1C	CPT1C	CPT1C	P	not_sig	beige	not_sig
1.65513166189747e-09	0.326009925413725	0.067	0.048	0.000124328525046753	D:r1@ADDG03184171169.R	D:r1@ADDG03184171169.R	D:r1@..169.R	..169.R	ADDG03184171169.R	D	not_sig	beige	not_sig
1.27787129168072e-07	0.324161672914268	0.089	0.069	0.0095989857817181	P:r1@TTLL11	P:r1@TTLL11	P:r1@TTLL11	TTLL11	TTLL11	P	not_sig	beige	not_sig
3.1300917711541e-12	0.324141831395701	0.098	0.071	2.35123103573782e-07	P:r1@ANKRD13B	P:r1@ANKRD13B	P:r1@ANKRD13B	ANKRD13B	ANKRD13B	P	not_sig	beige	not_sig
4.33766292448903e-08	0.317552972585965	0.066	0.048	0.00325832225898843	D:r1@ADDG22040423611.F	D:r1@ADDG22040423611.F	D:r1@..611.F	..611.F	ADDG22040423611.F	D	not_sig	beige	not_sig
8.00670710332319e-10	0.316609659031251	0.097	0.073	6.01439817480328e-05	P:r1@KCTD21	P:r1@KCTD21	P:r1@KCTD21	KCTD21	KCTD21	P	not_sig	beige	not_sig
1.84590594794709e-09	0.310666151856926	0.1	0.076	0.000138658917091941	P:r1@FAAP100	P:r1@FAAP100	P:r1@FAAP100	FAAP100	FAAP100	P	not_sig	beige	not_sig
1.74429927988431e-08	0.310399824773066	0.078	0.058	0.0013102652900707	P:r1@PLXNA3	P:r1@PLXNA3	P:r1@PLXNA3	PLXNA3	PLXNA3	P	not_sig	beige	not_sig
1.78665915292918e-13	0.310270159277655	0.105	0.076	1.34208475590581e-08	P:r1@SCRIB	P:r1@SCRIB	P:r1@SCRIB	SCRIB	SCRIB	P	not_sig	beige	not_sig
5.41903868101808e-09	0.309183389657537	0.102	0.079	0.000407061928602035	P:r1@RAB11FIP3	P:r1@RAB11FIP3	P:r1@RAB11FIP3	RAB11FIP3	RAB11FIP3	P	not_sig	beige	not_sig
8.44831500317094e-10	0.307693920416773	0.112	0.086	6.34612078093192e-05	P:r1@TTI1	P:r1@TTI1	P:r1@TTI1	TTI1	TTI1	P	not_sig	beige	not_sig
5.14160633025723e-09	0.307597092879297	0.099	0.076	0.000386222042709932	P:r1@ADDG0X119605903.R,r1@NKRF	P:r1@ADDG0X119605903.R,r1@NKRF	P:r1@..903.R,r1@NKRF	..903.R	ADDG0X119605903.R,NKRF	P	not_sig	beige	not_sig
5.26930037479841e-08	0.306998633802395	0.098	0.077	0.00395814036253733	P:r1@KHNYN	P:r1@KHNYN	P:r1@KHNYN	KHNYN	KHNYN	P	not_sig	beige	not_sig
3.34665675292748e-09	0.306574286050213	0.099	0.076	0.000251390815309653	P:r1@ERBB2	P:r1@ERBB2	P:r1@ERBB2	ERBB2	ERBB2	P	not_sig	beige	not_sig
8.86378200195184e-08	0.303615028555289	0.092	0.071	0.00665820712640617	D:r1@ADDG08069690201.R	D:r1@ADDG08069690201.R	D:r1@..201.R	..201.R	ADDG08069690201.R	D	not_sig	beige	not_sig
9.2166062827734e-10	0.303136727960842	0.081	0.06	6.92323814143089e-05	P:r1@ADDG0X054495540.B,r1@FGD1	P:r1@ADDG0X054495540.B,r1@FGD1	P:r1@..540.B,r1@FGD1	..540.B	ADDG0X054495540.B,FGD1	P	not_sig	beige	not_sig
1.01268106940827e-08	0.302250242851036	0.067	0.048	0.00076069563890741	P:r1@COL27A1	P:r1@COL27A1	P:r1@COL27A1	COL27A1	COL27A1	P	not_sig	beige	not_sig
1.30442768102219e-07	0.296249127037025	0.083	0.064	0.00979846941153438	P:r1@FZR1	P:r1@FZR1	P:r1@FZR1	FZR1	FZR1	P	not_sig	beige	not_sig
9.62810879676732e-09	0.295265135678974	0.1	0.077	0.000723234648486771	P:r1@EP300,r1@MIR1281	P:r1@EP300,r1@MIR1281	P:r1@EP300,r1@MIR1281	EP300	EP300,MIR1281	P	not_sig	beige	not_sig
2.66831246807573e-12	0.295092801447593	0.099	0.072	2.00435627664444e-07	P:r1@ADDG12057194637.B	P:r1@ADDG12057194637.B	P:r1@..637.B	..637.B	ADDG12057194637.B	P	not_sig	beige	not_sig
6.40501376497198e-10	0.291268477225743	0.112	0.087	4.811254189834e-05	P:r1@XYLT2	P:r1@XYLT2	P:r1@XYLT2	XYLT2	XYLT2	P	not_sig	beige	not_sig
2.22872020340592e-08	0.291066876653796	0.103	0.081	0.00167414775519243	P:r1@DVL1	P:r1@DVL1	P:r1@DVL1	DVL1	DVL1	P	not_sig	beige	not_sig
7.54082614615323e-08	0.29039286596622	0.056	0.04	0.00566444237620592	P:r1@ATG2A	P:r1@ATG2A	P:r1@ATG2A	ATG2A	ATG2A	P	not_sig	beige	not_sig
4.43242485178122e-08	0.288284488230838	0.073	0.055	0.0033295045759125	P:r1@INAFM2	P:r1@INAFM2	P:r1@INAFM2	INAFM2	INAFM2	P	not_sig	beige	not_sig
9.9338140319841e-08	0.287723756888203	0.109	0.087	0.0074619830864055	P:r1@TRIM3	P:r1@TRIM3	P:r1@TRIM3	TRIM3	TRIM3	P	not_sig	beige	not_sig
7.80513978304728e-08	0.287628272265482	0.087	0.067	0.00586298685083162	D:r1@ADDG02219567551.F	D:r1@ADDG02219567551.F	D:r1@..551.F	..551.F	ADDG02219567551.F	D	not_sig	beige	not_sig
4.57146038200783e-10	0.286338793872679	0.099	0.074	3.43394389515282e-05	P:r1@SLC27A4	P:r1@SLC27A4	P:r1@SLC27A4	SLC27A4	SLC27A4	P	not_sig	beige	not_sig
4.93456142748278e-09	0.285324698406492	0.091	0.069	0.000370669450748224	P:r1@EARS2	P:r1@EARS2	P:r1@EARS2	EARS2	EARS2	P	not_sig	beige	not_sig
5.39814820579012e-08	0.283193659420665	0.098	0.077	0.00405492698774336	P:r1@FBXO46	P:r1@FBXO46	P:r1@FBXO46	FBXO46	FBXO46	P	not_sig	beige	not_sig
1.10720904251802e-07	0.28301204596037	0.1	0.079	0.00831702216468257	P:r2@RIC8A	P:r2@RIC8A	P:r2@RIC8A	RIC8A	RIC8A	P	not_sig	beige	not_sig
5.46559176763627e-08	0.280624261822891	0.073	0.054	0.00410558856809533	P:r1@ZMIZ2	P:r1@ZMIZ2	P:r1@ZMIZ2	ZMIZ2	ZMIZ2	P	not_sig	beige	not_sig
6.42424052642348e-10	0.280522527594063	0.102	0.077	4.82569675623353e-05	P:r1@ADDG17063589235.R	P:r1@ADDG17063589235.R	P:r1@..235.R	..235.R	ADDG17063589235.R	P	not_sig	beige	not_sig
8.28669822213877e-10	0.279649746314519	0.107	0.082	6.22471910352398e-05	D:r1@ADDG05179114090.B	D:r1@ADDG05179114090.B	D:r1@..090.B	..090.B	ADDG05179114090.B	D	not_sig	beige	not_sig
2.69430526534893e-08	0.277182867310379	0.098	0.077	0.00202388128617215	D:r1@ADDG11045900077.F	D:r1@ADDG11045900077.F	D:r1@..077.F	..077.F	ADDG11045900077.F	D	not_sig	beige	not_sig
6.17155736176135e-09	0.274090543701726	0.098	0.075	0.000463588874343428	P:r1@NFYA	P:r1@NFYA	P:r1@NFYA	NFYA	NFYA	P	not_sig	beige	not_sig
7.00127714334105e-08	0.273302235246396	0.068	0.051	0.0052591493517635	P:r1@PATZ1	P:r1@PATZ1	P:r1@PATZ1	PATZ1	PATZ1	P	not_sig	beige	not_sig
1.35838901629752e-08	0.268092620231847	0.096	0.074	0.00102038107737221	P:r1@PDPR	P:r1@PDPR	P:r1@PDPR	PDPR	PDPR	P	not_sig	beige	not_sig
2.56857593833651e-08	0.265568933889901	0.103	0.081	0.00192943718760024	P:r1@TELO2	P:r1@TELO2	P:r1@TELO2	TELO2	TELO2	P	not_sig	beige	not_sig
8.20690094185405e-08	0.254153316238839	0.111	0.088	0.0061647777804925	P:r2@RCC2	P:r2@RCC2	P:r2@RCC2	RCC2	RCC2	P	not_sig	beige	not_sig
5.38275333516177e-08	0.252182968039934	0.101	0.08	0.00404336282277346	P:r2@PPP1R16A	P:r2@PPP1R16A	P:r2@PPP1R16A	PPP1R16A	PPP1R16A	P	not_sig	beige	not_sig
9.23332813905859e-08	0.251513269410816	0.104	0.082	0.00693579909821664	P:r1@SH3BP1,r1@Z83844.3	P:r1@SH3BP1,r1@Z83844.3	P:r1@SH3BP1,r1@Z83844.3	SH3BP1	SH3BP1,Z83844.3	P	not_sig	beige	not_sig
6.25968937098744e-10	0.24990578198593	0.123	0.096	4.70209086480464e-05	P:r1@BAZ2A	P:r1@BAZ2A	P:r1@BAZ2A	BAZ2A	BAZ2A	P	not_sig	beige	not_sig
6.13483700377691e-15	0.249898465295475	0.257	0.209	4.6083055121271e-10	P:r2@KLC1	P:r2@KLC1	P:r2@KLC1	KLC1	KLC1	P	not_sig	beige	not_sig
1.07885082007441e-07	0.249857647409937	0.127	0.103	0.00810400370515298	P:r1@RTN4RL1	P:r1@RTN4RL1	P:r1@RTN4RL1	RTN4RL1	RTN4RL1	P	not_sig	beige	not_sig
4.95311974999867e-15	0.249492189540586	0.311	0.26	3.7206349626065e-10	P:r1@EXOC7	P:r1@EXOC7	P:r1@EXOC7	EXOC7	EXOC7	P	not_sig	beige	not_sig
4.92949203541744e-13	0.249355965940534	0.259	0.216	3.70288653224452e-08	P:r1@CPTP	P:r1@CPTP	P:r1@CPTP	CPTP	CPTP	P	not_sig	beige	not_sig
1.61505289185789e-22	0.248945475378697	0.432	0.363	1.21317928077689e-17	P:r1@BACE1	P:r1@BACE1	P:r1@BACE1	BACE1	BACE1	P	not_sig	beige	not_sig
6.51958387495246e-10	0.248927474844756	0.166	0.135	4.89731581934804e-05	P:r1@LIMK1	P:r1@LIMK1	P:r1@LIMK1	LIMK1	LIMK1	P	not_sig	beige	not_sig
2.33473025762874e-10	0.248459899532882	0.164	0.132	1.75377932762298e-05	P:r1@APBB1	P:r1@APBB1	P:r1@APBB1	APBB1	APBB1	P	not_sig	beige	not_sig
2.93906808224633e-10	0.248200984119287	0.175	0.143	2.20773977134098e-05	P:r1@SFXN3	P:r1@SFXN3	P:r1@SFXN3	SFXN3	SFXN3	P	not_sig	beige	not_sig
2.44438289267067e-22	0.247746510055911	0.406	0.337	1.83614709748743e-17	P:r1@CD276	P:r1@CD276	P:r1@CD276	CD276	CD276	P	not_sig	beige	not_sig
8.27288340768983e-25	0.247624867609327	0.592	0.533	6.21434182935437e-20	P:r1@COL4A2	P:r1@COL4A2	P:r1@COL4A2	COL4A2	COL4A2	P	not_sig	beige	not_sig
2.99303553635756e-28	0.247555592973435	0.525	0.444	2.24827850384571e-23	P:r1@TMEM214	P:r1@TMEM214	P:r1@TMEM214	TMEM214	TMEM214	P	not_sig	beige	not_sig
1.81630232417589e-28	0.247464397005182	0.473	0.391	1.3643518168512e-23	P:r1@KIAA2013	P:r1@KIAA2013	P:r1@KIAA2013	KIAA2013	KIAA2013	P	not_sig	beige	not_sig
4.67599118089086e-25	0.246449245103141	0.623	0.551	3.51246429534979e-20	P:r1@HMGA1	P:r1@HMGA1	P:r1@HMGA1	HMGA1	HMGA1	P	not_sig	beige	not_sig
5.43231359861705e-13	0.246438615929669	0.303	0.259	4.08059100587317e-08	P:r1@NPR1	P:r1@NPR1	P:r1@NPR1	NPR1	NPR1	P	not_sig	beige	not_sig
1.03281645017826e-08	0.246365318578183	0.129	0.103	0.000775820732880407	P:r1@NISCH	P:r1@NISCH	P:r1@NISCH	NISCH	NISCH	P	not_sig	beige	not_sig
2.02918371254428e-26	0.246264355888525	0.55	0.474	1.52426192935189e-21	P:r1@RETSAT	P:r1@RETSAT	P:r1@RETSAT	RETSAT	RETSAT	P	not_sig	beige	not_sig
2.40365724797141e-36	0.245649817429847	0.87	0.846	1.80555521495869e-31	P:r1@COL4A1	P:r1@COL4A1	P:r1@COL4A1	COL4A1	COL4A1	P	not_sig	beige	not_sig
9.57363778528013e-16	0.245223201035795	0.307	0.254	7.19142949516887e-11	P:r1@EPAS1	P:r1@EPAS1	P:r1@EPAS1	EPAS1	EPAS1	P	not_sig	beige	not_sig
3.56911883041087e-11	0.245008930478763	0.189	0.154	2.68101499183973e-06	P:r1@DPP3	P:r1@DPP3	P:r1@DPP3	DPP3	DPP3	P	not_sig	beige	not_sig
3.89998156057556e-36	0.24477514569342	0.621	0.535	2.92954914885754e-31	P:r1@DDB1	P:r1@DDB1	P:r1@DDB1	DDB1	DDB1	P	not_sig	beige	not_sig
1.1215575437257e-09	0.244766989652135	0.221	0.187	8.42480380120435e-05	P:r1@SLC30A1	P:r1@SLC30A1	P:r1@SLC30A1	SLC30A1	SLC30A1	P	not_sig	beige	not_sig
1.04950835115607e-35	-0.244456541915282	0.698	0.75	7.88359188137906e-31	D:r1@ADDG17050186617.R	D:r1@ADDG17050186617.R	D:r1@..617.R	..617.R	ADDG17050186617.R	D	not_sig	white	not_sig
2.49044822767225e-11	0.244107473354041	0.176	0.142	1.87074999518056e-06	P:r1@LEMD2	P:r1@LEMD2	P:r1@LEMD2	LEMD2	LEMD2	P	not_sig	beige	not_sig
1.07554745272349e-08	0.244025328002418	0.126	0.101	0.0008079189800623	P:r1@EDC4	P:r1@EDC4	P:r1@EDC4	EDC4	EDC4	P	not_sig	beige	not_sig
1.29238517872475e-12	0.243970236054174	0.244	0.201	9.70800974702671e-08	P:r1@PIK3R2,r1@AC007192.1	P:r1@PIK3R2,r1@AC007192.1	P:r1@PIK3R2,r1@AC007192.1	PIK3R2	PIK3R2,AC007192.1	P	not_sig	beige	not_sig
2.78392816570268e-12	0.243737164658788	0.355	0.313	2.09120332023088e-07	P:r2@LIPE	P:r2@LIPE	P:r2@LIPE	LIPE	LIPE	P	not_sig	beige	not_sig
2.82126727493784e-29	0.243584399781992	0.555	0.474	2.11925133891505e-24	P:r1@ECE1	P:r1@ECE1	P:r1@ECE1	ECE1	ECE1	P	not_sig	beige	not_sig
2.3454554695906e-08	0.243483512326612	0.128	0.103	0.00176183578509237	P:r1@RBM15	P:r1@RBM15	P:r1@RBM15	RBM15	RBM15	P	not_sig	beige	not_sig
2.28553550965617e-15	0.243465126233428	0.315	0.264	1.71682570878842e-10	P:r1@KANK2	P:r1@KANK2	P:r1@KANK2	KANK2	KANK2	P	not_sig	beige	not_sig
3.2986676201357e-16	0.243009307334969	0.345	0.291	2.47786015621733e-11	P:r2@IMPDH1	P:r2@IMPDH1	P:r2@IMPDH1	IMPDH1	IMPDH1	P	not_sig	beige	not_sig
4.12408013525077e-08	0.242651356171351	0.124	0.1	0.00309788527519632	P:r1@ZFYVE1	P:r1@ZFYVE1	P:r1@ZFYVE1	ZFYVE1	ZFYVE1	P	not_sig	beige	not_sig
1.21164139690071e-138	-0.24239905165964	0.998	0.999	9.10148668109906e-134	P:r1@MT-ND3,r1@MT-ND4,r1@MT-TG,r1@MT-TR,r1@MT-ND4L	P:r1@MT-ND3,r1@MT-ND4,r1@MT-TG,r1@MT-TR,r1@MT-ND4L	P:r1@MT-ND3,ND4,TG,TR,ND4L	MT-ND3	MT-ND3,MT-ND4,MT-TG,MT-TR,MT-ND4L	P	not_sig	white	not_sig
2.44641035623782e-09	0.242269233753393	0.179	0.148	0.000183767006729516	P:r1@CRKL	P:r1@CRKL	P:r1@CRKL	CRKL	CRKL	P	not_sig	beige	not_sig
2.41166628821618e-09	0.241707700801709	0.162	0.132	0.000181157136571935	P:r1@APBA3	P:r1@APBA3	P:r1@APBA3	APBA3	APBA3	P	not_sig	beige	not_sig
1.89823330710289e-12	0.241090339778448	0.178	0.141	1.42589591329648e-07	P:r1@CCAR2	P:r1@CCAR2	P:r1@CCAR2	CCAR2	CCAR2	P	not_sig	beige	not_sig
4.72862543841616e-10	0.241051345475131	0.156	0.126	3.55200157057507e-05	P:r1@ANAPC2	P:r1@ANAPC2	P:r1@ANAPC2	ANAPC2	ANAPC2	P	not_sig	beige	not_sig
8.20490895189336e-10	0.240917358020809	0.153	0.123	6.16328145739374e-05	P:r1@PHF2	P:r1@PHF2	P:r1@PHF2	PHF2	PHF2	P	not_sig	beige	not_sig
9.96469163270317e-08	0.240664422832835	0.119	0.096	0.00748517741373764	P:r1@PLCD3	P:r1@PLCD3	P:r1@PLCD3	PLCD3	PLCD3	P	not_sig	beige	not_sig
3.20296823600285e-08	0.240641875864933	0.134	0.108	0.00240597364983826	P:r1@PRR12	P:r1@PRR12	P:r1@PRR12	PRR12	PRR12	P	not_sig	beige	not_sig
6.27480374691433e-14	0.240382069428091	0.255	0.209	4.71344433056964e-09	P:r1@WNK1	P:r1@WNK1	P:r1@WNK1	WNK1	WNK1	P	not_sig	beige	not_sig
1.27071882075669e-15	0.240369753999889	0.372	0.318	9.54525856587806e-11	P:r1@ZNF703	P:r1@ZNF703	P:r1@ZNF703	ZNF703	ZNF703	P	not_sig	beige	not_sig
2.60228914315393e-13	0.240357884865106	0.216	0.174	1.95476153566294e-08	P:r1@MBD3	P:r1@MBD3	P:r1@MBD3	MBD3	MBD3	P	not_sig	beige	not_sig
3.92363886268765e-10	0.240209596585121	0.156	0.125	2.94731980448508e-05	P:r1@WDR6	P:r1@WDR6	P:r1@WDR6	WDR6	WDR6	P	not_sig	beige	not_sig
2.01076357236992e-15	0.240033976850924	0.318	0.268	1.51042527265711e-10	P:r1@NCOR2	P:r1@NCOR2	P:r1@NCOR2	NCOR2	NCOR2	P	not_sig	beige	not_sig
9.53978685899515e-15	0.239979142277884	0.306	0.257	7.16600169487139e-10	P:r1@EEF1A1P13	P:r1@EEF1A1P13	P:r1@EEF1A1P13	EEF1A1P13	EEF1A1P13	P	not_sig	beige	not_sig
4.89100307514641e-09	0.239879213114683	0.113	0.089	0.000367397477995773	P:r1@HDAC5	P:r1@HDAC5	P:r1@HDAC5	HDAC5	HDAC5	P	not_sig	beige	not_sig
1.79826693827057e-39	0.239829851824371	0.773	0.709	1.35080417602071e-34	P:r1@DHCR24	P:r1@DHCR24	P:r1@DHCR24	DHCR24	DHCR24	P	not_sig	beige	not_sig
8.83534326300792e-17	0.239557855400231	0.305	0.251	6.63684479887366e-12	P:r1@TAP1	P:r1@TAP1	P:r1@TAP1	TAP1	TAP1	P	not_sig	beige	not_sig
2.17717819363227e-12	0.239245300911858	0.214	0.174	1.63543094371075e-07	P:r1@DGKA	P:r1@DGKA	P:r1@DGKA	DGKA	DGKA	P	not_sig	beige	not_sig
9.56129663534161e-15	0.23903979004889	0.251	0.204	7.18215919356955e-10	P:r1@PPP2R5D	P:r1@PPP2R5D	P:r1@PPP2R5D	PPP2R5D	PPP2R5D	P	not_sig	beige	not_sig
1.69626044691603e-19	0.238880343583184	0.384	0.32	1.27417995990991e-14	P:r1@CIZ1	P:r1@CIZ1	P:r1@CIZ1	CIZ1	CIZ1	P	not_sig	beige	not_sig
1.6194862390124e-26	0.238437491478098	0.593	0.521	1.21650947815894e-21	P:r1@MGAT1	P:r1@MGAT1	P:r1@MGAT1	MGAT1	MGAT1	P	not_sig	beige	not_sig
2.00522328301404e-09	0.238307421318667	0.155	0.126	0.000150626357350166	P:r1@ZNF512B	P:r1@ZNF512B	P:r1@ZNF512B	ZNF512B	ZNF512B	P	not_sig	beige	not_sig
2.56331069847842e-12	0.238122367329662	0.23	0.189	1.92548209737604e-07	P:r1@RXRB	P:r1@RXRB	P:r1@RXRB	RXRB	RXRB	P	not_sig	beige	not_sig
1.0107272019255e-12	0.2381182414866	0.206	0.166	7.59227952270375e-08	P:r1@ZBTB45	P:r1@ZBTB45	P:r1@ZBTB45	ZBTB45	ZBTB45	P	not_sig	beige	not_sig
8.56014544536391e-09	0.238113574828951	0.149	0.121	0.000643012445419401	P:r1@FBRS	P:r1@FBRS	P:r1@FBRS	FBRS	FBRS	P	not_sig	beige	not_sig
1.19804113956705e-12	0.238048739172404	0.216	0.176	8.99932562808581e-08	P:r1@EFTUD2	P:r1@EFTUD2	P:r1@EFTUD2	EFTUD2	EFTUD2	P	not_sig	beige	not_sig
1.78278830152028e-17	0.238023583103762	0.254	0.202	1.33917708845299e-12	P:r1@TCIRG1	P:r1@TCIRG1	P:r1@TCIRG1	TCIRG1	TCIRG1	P	not_sig	beige	not_sig
2.5912899621515e-11	0.237816197921999	0.5	0.455	1.94649928086934e-06	P:r1@GAS6	P:r1@GAS6	P:r1@GAS6	GAS6	GAS6	P	not_sig	beige	not_sig
2.0776150528108e-34	0.237718291979401	0.638	0.555	1.56064209921989e-29	P:r1@ADAM15	P:r1@ADAM15	P:r1@ADAM15	ADAM15	ADAM15	P	not_sig	beige	not_sig
2.05303593265258e-19	0.237584313743949	0.365	0.304	1.54217900153064e-14	P:r1@ZBTB7A	P:r1@ZBTB7A	P:r1@ZBTB7A	ZBTB7A	ZBTB7A	P	not_sig	beige	not_sig
1.04379043351898e-10	0.236874706844641	0.164	0.132	7.84064059946456e-06	P:r1@D2HGDH	P:r1@D2HGDH	P:r1@D2HGDH	D2HGDH	D2HGDH	P	not_sig	beige	not_sig
2.77021439645265e-16	0.236575625495803	0.337	0.283	2.08090194818334e-11	P:r1@CENPB	P:r1@CENPB	P:r1@CENPB	CENPB	CENPB	P	not_sig	beige	not_sig
1.2490335305292e-14	0.236505029547996	0.262	0.215	9.38236517127621e-10	P:r2@MYO1C	P:r2@MYO1C	P:r2@MYO1C	MYO1C	MYO1C	P	not_sig	beige	not_sig
4.50524979231533e-23	0.23650478961315	0.43	0.359	3.38420848649351e-18	P:r1@RETREG2	P:r1@RETREG2	P:r1@RETREG2	RETREG2	RETREG2	P	not_sig	beige	not_sig
7.70797132834533e-09	0.236335194641106	0.123	0.097	0.000578999682271316	P:r1@ZNF526	P:r1@ZNF526	P:r1@ZNF526	ZNF526	ZNF526	P	not_sig	beige	not_sig
6.68755635553254e-08	0.236297135789056	0.12	0.096	0.00502349170758538	P:r1@MICAL1	P:r1@MICAL1	P:r1@MICAL1	MICAL1	MICAL1	P	not_sig	beige	not_sig
1.10862175603744e-35	0.236128386675725	0.704	0.624	8.3276340448264e-31	P:r1@QARS	P:r1@QARS	P:r1@QARS	QARS	QARS	P	not_sig	beige	not_sig
8.77709209152713e-09	0.235770938745784	0.177	0.148	0.000659308826639244	P:r1@PGAM5	P:r1@PGAM5	P:r1@PGAM5	PGAM5	PGAM5	P	not_sig	beige	not_sig
1.88393987466063e-15	0.235725506187039	0.369	0.314	1.41515911564883e-10	P:r1@TSC22D4	P:r1@TSC22D4	P:r1@TSC22D4	TSC22D4	TSC22D4	P	not_sig	beige	not_sig
3.46398773037269e-08	0.235574675041496	0.259	0.226	0.00260204366342406	P:r1@SEC23B	P:r1@SEC23B	P:r1@SEC23B	SEC23B	SEC23B	P	not_sig	beige	not_sig
9.46945369714061e-12	0.235516577332021	0.218	0.18	7.11316953368112e-07	P:r1@RANGAP1	P:r1@RANGAP1	P:r1@RANGAP1	RANGAP1	RANGAP1	P	not_sig	beige	not_sig
1.01291506494799e-08	0.235177572563371	0.168	0.139	0.000760871409336984	P:r1@RAB40C	P:r1@RAB40C	P:r1@RAB40C	RAB40C	RAB40C	P	not_sig	beige	not_sig
1.33986615148352e-22	0.234885601216848	0.421	0.35	1.00646725700987e-17	P:r1@MOGS	P:r1@MOGS	P:r1@MOGS	MOGS	MOGS	P	not_sig	beige	not_sig
1.37431044217502e-29	0.234627771716013	0.596	0.516	1.03234077484861e-24	P:r1@SH3GL1	P:r1@SH3GL1	P:r1@SH3GL1	SH3GL1	SH3GL1	P	not_sig	beige	not_sig
1.24835039757475e-11	0.234606432899322	0.236	0.197	9.37723368146223e-07	D:r1@ADDG19036016070.B	D:r1@ADDG19036016070.B	D:r1@..070.B	..070.B	ADDG19036016070.B	D	not_sig	beige	not_sig
3.03171686703171e-12	0.234531241973329	0.181	0.144	2.27733475900821e-07	P:r1@ZNF574	P:r1@ZNF574	P:r1@ZNF574	ZNF574	ZNF574	P	not_sig	beige	not_sig
1.57576888639545e-21	0.234423241189917	0.606	0.547	1.18367031439367e-16	D:r1@ADDG10103662286.B	D:r1@ADDG10103662286.B	D:r1@..286.B	..286.B	ADDG10103662286.B	D	not_sig	beige	not_sig
9.86853983430499e-09	0.23430652487974	0.202	0.171	0.000741295106733488	P:r1@C1orf216	P:r1@C1orf216	P:r1@C1orf216	C1orf216	C1orf216	P	not_sig	beige	not_sig
1.4273076073389e-09	0.234236832322495	0.187	0.155	0.000107215065540476	P:r1@TCFL5	P:r1@TCFL5	P:r1@TCFL5	TCFL5	TCFL5	P	not_sig	beige	not_sig
2.73215861587952e-09	0.234175859246665	0.156	0.126	0.000205231558749022	P:r1@CHSY1	P:r1@CHSY1	P:r1@CHSY1	CHSY1	CHSY1	P	not_sig	beige	not_sig
3.02471734389823e-08	0.234043269873396	0.141	0.115	0.00227207692721603	P:r1@TMEM200B	P:r1@TMEM200B	P:r1@TMEM200B	TMEM200B	TMEM200B	P	not_sig	beige	not_sig
2.25696064018377e-09	0.233925500768936	0.14	0.112	0.000169536112408684	P:r1@CDIP1	P:r1@CDIP1	P:r1@CDIP1	CDIP1	CDIP1	P	not_sig	beige	not_sig
5.69617101232563e-15	0.233686420127649	0.32	0.268	4.27879277932864e-10	P:r1@RIPOR1	P:r1@RIPOR1	P:r1@RIPOR1	RIPOR1	RIPOR1	P	not_sig	beige	not_sig
2.06985896265885e-14	0.233371342517444	0.308	0.258	1.55481595698045e-09	P:r1@HPS6	P:r1@HPS6	P:r1@HPS6	HPS6	HPS6	P	not_sig	beige	not_sig
1.93003481613973e-08	0.233286770606895	0.138	0.111	0.00144978425283968	P:r1@CMTR1	P:r1@CMTR1	P:r1@CMTR1	CMTR1	CMTR1	P	not_sig	beige	not_sig
3.68832812457098e-23	0.233209238262956	0.603	0.54	2.77056143733398e-18	P:r1@DHCR7	P:r1@DHCR7	P:r1@DHCR7	DHCR7	DHCR7	P	not_sig	beige	not_sig
1.29473499441763e-08	0.232912007608075	0.128	0.103	0.00097256608575669	P:r1@ASB6	P:r1@ASB6	P:r1@ASB6	ASB6	ASB6	P	not_sig	beige	not_sig
3.92940305053524e-152	-0.232767553589177	0.998	1	2.95164968947056e-147	P:r1@MT-CO2,r1@MT-TD	P:r1@MT-CO2,r1@MT-TD	P:r1@MT-CO2,TD	MT-CO2	MT-CO2,MT-TD	P	not_sig	white	not_sig
1.57328801837459e-09	0.232412113102439	0.222	0.187	0.000118180676076244	P:r1@SMOX	P:r1@SMOX	P:r1@SMOX	SMOX	SMOX	P	not_sig	beige	not_sig
1.31453624855811e-07	0.232255600266198	0.103	0.082	0.00987440193829393	P:r1@FOXJ2	P:r1@FOXJ2	P:r1@FOXJ2	FOXJ2	FOXJ2	P	not_sig	beige	not_sig
9.38668010424022e-09	0.232194340717217	0.16	0.131	0.000705099249390213	P:r1@ADCK2	P:r1@ADCK2	P:r1@ADCK2	ADCK2	ADCK2	P	not_sig	beige	not_sig
7.00458591340317e-15	0.232087388771832	0.356	0.302	5.26163480057106e-10	P:r1@TNIP1	P:r1@TNIP1	P:r1@TNIP1	TNIP1	TNIP1	P	not_sig	beige	not_sig
3.26436628491218e-11	0.232080178554657	0.211	0.175	2.45209402223748e-06	P:r1@NF2	P:r1@NF2	P:r1@NF2	NF2	NF2	P	not_sig	beige	not_sig
3.39369114546217e-09	0.231769863043577	0.146	0.118	0.000254923897773682	P:r1@DTX2	P:r1@DTX2	P:r1@DTX2	DTX2	DTX2	P	not_sig	beige	not_sig
3.99361360225181e-25	0.23173545222789	0.577	0.505	2.9998827296035e-20	P:r1@MAP7D1	P:r1@MAP7D1	P:r1@MAP7D1	MAP7D1	MAP7D1	P	not_sig	beige	not_sig
1.8798962722177e-08	0.23151046145388	0.204	0.173	0.00141212168280177	P:r1@TLE2	P:r1@TLE2	P:r1@TLE2	TLE2	TLE2	P	not_sig	beige	not_sig
3.48822145189695e-11	0.231382636081124	0.196	0.16	2.62024730802143e-06	P:r1@DGCR2	P:r1@DGCR2	P:r1@DGCR2	DGCR2	DGCR2	P	not_sig	beige	not_sig
2.29930080226239e-13	0.231325994977552	0.245	0.201	1.72716578363544e-08	D:r1@ADDG09128581871.R	D:r1@ADDG09128581871.R	D:r1@..871.R	..871.R	ADDG09128581871.R	D	not_sig	beige	not_sig
8.4471871798103e-09	0.231233542454815	0.177	0.148	0.00063452735938581	P:r1@TACC1	P:r1@TACC1	P:r1@TACC1	TACC1	TACC1	P	not_sig	beige	not_sig
6.51044147045373e-57	0.231167986088111	0.961	0.94	4.89044831936073e-52	P:r1@NID1	P:r1@NID1	P:r1@NID1	NID1	NID1	P	not_sig	beige	not_sig
4.60675094038209e-17	0.231083479738813	0.37	0.312	3.46045310388681e-12	P:r1@TNFRSF10B	P:r1@TNFRSF10B	P:r1@TNFRSF10B	TNFRSF10B	TNFRSF10B	P	not_sig	beige	not_sig
1.93192473898829e-14	0.230972911784557	0.279	0.231	1.45120390618584e-09	P:r1@MYBBP1A	P:r1@MYBBP1A	P:r1@MYBBP1A	MYBBP1A	MYBBP1A	P	not_sig	beige	not_sig
6.90593284032318e-10	0.230921965700399	0.163	0.132	5.18752957166557e-05	P:r1@SYDE1	P:r1@SYDE1	P:r1@SYDE1	SYDE1	SYDE1	P	not_sig	beige	not_sig
7.47377467555841e-09	0.230431270822366	0.133	0.106	0.000561407532303921	P:r1@IPO13	P:r1@IPO13	P:r1@IPO13	IPO13	IPO13	P	not_sig	beige	not_sig
6.67293614560231e-12	0.230400886473344	0.16	0.126	5.01250944449209e-07	P:r1@MAN2B2	P:r1@MAN2B2	P:r1@MAN2B2	MAN2B2	MAN2B2	P	not_sig	beige	not_sig
1.49951134192477e-08	0.230170939265394	0.135	0.109	0.00112638793471363	P:r1@IGF2BP1	P:r1@IGF2BP1	P:r1@IGF2BP1	IGF2BP1	IGF2BP1	P	not_sig	beige	not_sig
4.75871544629073e-11	0.229932859645095	0.771	0.748	3.57460428179021e-06	P:r1@ALDH1A3	P:r1@ALDH1A3	P:r1@ALDH1A3	ALDH1A3	ALDH1A3	P	not_sig	beige	not_sig
1.71636979093006e-14	0.229501731769953	0.278	0.23	1.28928549585293e-09	D:r1@ADDG0X154532271.B	D:r1@ADDG0X154532271.B	D:r1@..271.B	..271.B	ADDG0X154532271.B	D	not_sig	beige	not_sig
9.07413420099573e-32	0.229491810751801	0.819	0.774	6.81621738776196e-27	P:r1@IL17RC	P:r1@IL17RC	P:r1@IL17RC	IL17RC	IL17RC	P	not_sig	beige	not_sig
5.35589404331043e-14	0.229245019740756	0.298	0.249	4.02318692851349e-09	P:r1@TAPBP	P:r1@TAPBP	P:r1@TAPBP	TAPBP	TAPBP	P	not_sig	beige	not_sig
7.35871035820662e-09	0.22876436278022	0.143	0.116	0.000552764245977406	P:r1@MCM3	P:r1@MCM3	P:r1@MCM3	MCM3	MCM3	P	not_sig	beige	not_sig
3.16040208834089e-17	0.228639753331507	0.354	0.297	2.37399923669903e-12	P:r1@GPR137	P:r1@GPR137	P:r1@GPR137	GPR137	GPR137	P	not_sig	beige	not_sig
1.21813706025382e-29	0.227788086504816	0.873	0.833	9.15028015550864e-25	P:r1@ACLY	P:r1@ACLY	P:r1@ACLY	ACLY	ACLY	P	not_sig	beige	not_sig
3.29661745426605e-13	0.227631453843793	0.232	0.189	2.47632013312103e-08	P:r1@ADDG04002907823.R	P:r1@ADDG04002907823.R	P:r1@..823.R	..823.R	ADDG04002907823.R	P	not_sig	beige	not_sig
2.17273865129313e-10	0.227278725091414	0.225	0.188	1.63209609269186e-05	P:r1@ABLIM3	P:r1@ABLIM3	P:r1@ABLIM3	ABLIM3	ABLIM3	P	not_sig	beige	not_sig
7.55773825104708e-13	0.22724387075163	0.31	0.264	5.67714624203904e-08	P:r1@ATP2A2	P:r1@ATP2A2	P:r1@ATP2A2	ATP2A2	ATP2A2	P	not_sig	beige	not_sig
1.5992082405712e-27	0.227110875354165	0.625	0.547	1.20127725406987e-22	P:r1@CSF1	P:r1@CSF1	P:r1@CSF1	CSF1	CSF1	P	not_sig	beige	not_sig
2.94697648716347e-33	0.226956006158636	0.672	0.596	2.21368032786258e-28	P:r1@TBC1D16	P:r1@TBC1D16	P:r1@TBC1D16	TBC1D16	TBC1D16	P	not_sig	beige	not_sig
1.23491912422391e-08	0.226822593313747	0.168	0.139	0.000927634198543276	P:r1@LEMD3	P:r1@LEMD3	P:r1@LEMD3	LEMD3	LEMD3	P	not_sig	beige	not_sig
2.72396300924561e-55	0.226782054714088	0.881	0.831	2.04615929365502e-50	P:r1@EHD2	P:r1@EHD2	P:r1@EHD2	EHD2	EHD2	P	not_sig	beige	not_sig
8.02588858938311e-09	0.226697586995474	0.195	0.164	0.000602880673168691	P:r1@PEX5	P:r1@PEX5	P:r1@PEX5	PEX5	PEX5	P	not_sig	beige	not_sig
5.79694671627756e-12	0.226690530999746	0.236	0.195	4.35449246486621e-07	P:r1@AMOTL1	P:r1@AMOTL1	P:r1@AMOTL1	AMOTL1	AMOTL1	P	not_sig	beige	not_sig
2.05517886351902e-11	0.226584829607418	0.237	0.197	1.54378870690958e-06	P:r1@SREBF1	P:r1@SREBF1	P:r1@SREBF1	SREBF1	SREBF1	P	not_sig	beige	not_sig
2.49017243252186e-68	0.226458364607589	0.946	0.923	1.87054282613745e-63	P:r1@PKDCC	P:r1@PKDCC	P:r1@PKDCC	PKDCC	PKDCC	P	not_sig	beige	not_sig
9.70976722519615e-27	0.226431869505966	0.583	0.507	7.29368584655059e-22	P:r1@MFSD12	P:r1@MFSD12	P:r1@MFSD12	MFSD12	MFSD12	P	not_sig	beige	not_sig
1.13484106268916e-07	0.226295118597492	0.136	0.111	0.00852458561060216	P:r1@TSPAN17	P:r1@TSPAN17	P:r1@TSPAN17	TSPAN17	TSPAN17	P	not_sig	beige	not_sig
6.71920358097364e-11	0.226212302180738	0.181	0.147	5.04726415391997e-06	P:r1@COG1	P:r1@COG1	P:r1@COG1	COG1	COG1	P	not_sig	beige	not_sig
1.8828431526392e-22	0.226200403794363	0.358	0.29	1.41433529096799e-17	P:r1@SNX19	P:r1@SNX19	P:r1@SNX19	SNX19	SNX19	P	not_sig	beige	not_sig
5.25935238823101e-13	0.226127874988689	0.296	0.248	3.95066773346749e-08	P:r1@CHPF2	P:r1@CHPF2	P:r1@CHPF2	CHPF2	CHPF2	P	not_sig	beige	not_sig
1.47530288637531e-10	0.225975333081053	0.235	0.197	1.10820326915854e-05	P:r2@ZBTB7A	P:r2@ZBTB7A	P:r2@ZBTB7A	ZBTB7A	ZBTB7A	P	not_sig	beige	not_sig
3.51102325088272e-13	0.225596827262917	0.388	0.34	2.63737533536557e-08	P:r1@CDC42EP4	P:r1@CDC42EP4	P:r1@CDC42EP4	CDC42EP4	CDC42EP4	P	not_sig	beige	not_sig
3.88292557578945e-11	0.225250482092555	0.219	0.181	2.91673720476577e-06	P:r1@MYO1C	P:r1@MYO1C	P:r1@MYO1C	MYO1C	MYO1C	P	not_sig	beige	not_sig
3.78006207994397e-42	0.224827485054728	0.778	0.701	2.83946923259151e-37	P:r1@EPN1	P:r1@EPN1	P:r1@EPN1	EPN1	EPN1	P	not_sig	beige	not_sig
8.01915330199832e-27	0.224825280904924	0.511	0.43	6.02374738586208e-22	P:r1@GRAMD1A	P:r1@GRAMD1A	P:r1@GRAMD1A	GRAMD1A	GRAMD1A	P	not_sig	beige	not_sig
9.27147599046136e-10	0.224787323414292	0.161	0.13	6.96445461975486e-05	P:r1@FZD2	P:r1@FZD2	P:r1@FZD2	FZD2	FZD2	P	not_sig	beige	not_sig
8.2454117886954e-11	0.224720862049927	0.248	0.209	6.19370597331432e-06	P:r1@CYB561A3	P:r1@CYB561A3	P:r1@CYB561A3	CYB561A3	CYB561A3	P	not_sig	beige	not_sig
1.07929530078306e-08	0.224636841994043	0.186	0.155	0.000810734251089213	P:r1@ZNF385A	P:r1@ZNF385A	P:r1@ZNF385A	ZNF385A	ZNF385A	P	not_sig	beige	not_sig
7.43275568751132e-11	0.224285480469383	0.302	0.26	5.58326308978788e-06	P:r1@TRIM35	P:r1@TRIM35	P:r1@TRIM35	TRIM35	TRIM35	P	not_sig	beige	not_sig
7.96212967906815e-24	0.223766956832625	0.544	0.473	5.98091295102562e-19	P:r1@ABCB6	P:r1@ABCB6	P:r1@ABCB6	ABCB6	ABCB6	P	not_sig	beige	not_sig
9.6837096717533e-08	0.223387050303661	0.106	0.084	0.00727411219413093	P:r1@ATG7	P:r1@ATG7	P:r1@ATG7	ATG7	ATG7	P	not_sig	beige	not_sig
8.60401750937308e-43	0.222744125894736	0.955	0.943	6.46307983251578e-38	P:r1@COL6A3	P:r1@COL6A3	P:r1@COL6A3	COL6A3	COL6A3	P	not_sig	beige	not_sig
3.00253704960936e-08	0.222581615113105	0.15	0.124	0.00225541575555506	P:r1@PRKCE	P:r1@PRKCE	P:r1@PRKCE	PRKCE	PRKCE	P	not_sig	beige	not_sig
2.64920824568099e-09	0.222580557289833	0.236	0.202	0.000199000575790819	P:r1@ANKRD13D	P:r1@ANKRD13D	P:r1@ANKRD13D	ANKRD13D	ANKRD13D	P	not_sig	beige	not_sig
1.33506918357891e-19	0.222495918603318	0.971	0.959	1.00286391862897e-14	P:r1@HSPA5	P:r1@HSPA5	P:r1@HSPA5	HSPA5	HSPA5	P	not_sig	beige	not_sig
8.39333054854366e-20	0.222356686657413	0.46	0.393	6.30481810814954e-15	P:r1@BCKDHA	P:r1@BCKDHA	P:r1@BCKDHA	BCKDHA	BCKDHA	P	not_sig	beige	not_sig
3.63998990201965e-11	0.222354832394652	0.357	0.316	2.7342512147001e-06	P:r1@RDH10	P:r1@RDH10	P:r1@RDH10	RDH10	RDH10	P	not_sig	beige	not_sig
4.66943592380313e-08	0.222262489717867	0.14	0.115	0.0035075401828832	D:r2@ADDG02226797925.B	D:r2@ADDG02226797925.B	D:r2@..925.B	..925.B	ADDG02226797925.B	D	not_sig	beige	not_sig
4.4042353183355e-20	0.222162385527263	0.443	0.374	3.30832944407408e-15	P:r1@GAA	P:r1@GAA	P:r1@GAA	GAA	GAA	P	not_sig	beige	not_sig
1.55914609567808e-14	0.222144247411806	0.363	0.311	1.1711837726905e-09	P:r1@GFPT2	P:r1@GFPT2	P:r1@GFPT2	GFPT2	GFPT2	P	not_sig	beige	not_sig
1.60756288910341e-09	0.222115376425953	0.179	0.147	0.000120755301540781	P:r1@ABCD4	P:r1@ABCD4	P:r1@ABCD4	ABCD4	ABCD4	P	not_sig	beige	not_sig
4.47311593895355e-19	0.22189586830986	0.287	0.229	3.36007049986374e-14	P:r1@NOMO3	P:r1@NOMO3	P:r1@NOMO3	NOMO3	NOMO3	P	not_sig	beige	not_sig
1.07120750636696e-16	0.2216517450698	0.495	0.441	8.04658942557668e-12	P:r1@SEPTIN9	P:r1@SEPTIN9	P:r1@SEPTIN9	SEPTIN9	SEPTIN9	P	not_sig	beige	not_sig
3.42713848294235e-25	0.221457826427809	0.579	0.502	2.5743636142318e-20	P:r1@ILVBL	P:r1@ILVBL	P:r1@ILVBL	ILVBL	ILVBL	P	not_sig	beige	not_sig
1.21366915965826e-07	0.221335152981032	0.3	0.269	0.00911671862660496	P:r1@TGM2	P:r1@TGM2	P:r1@TGM2	TGM2	TGM2	P	not_sig	beige	not_sig
9.1796099300618e-09	0.221011428465178	0.205	0.174	0.000689544759116452	P:r1@FLNC	P:r1@FLNC	P:r1@FLNC	FLNC	FLNC	P	not_sig	beige	not_sig
7.95538758196191e-19	0.220951268357688	0.45	0.386	5.97584848994233e-14	P:r1@CRAT	P:r1@CRAT	P:r1@CRAT	CRAT	CRAT	P	not_sig	beige	not_sig
2.43329680001552e-23	0.220404614643473	0.506	0.431	1.82781955726766e-18	P:r1@NCSTN	P:r1@NCSTN	P:r1@NCSTN	NCSTN	NCSTN	P	not_sig	beige	not_sig
1.09957010730177e-13	0.220340240549683	0.649	0.608	8.2596407750187e-09	P:r1@VCAN	P:r1@VCAN	P:r1@VCAN	VCAN	VCAN	P	not_sig	beige	not_sig
3.7173337371221e-14	0.220272210817648	0.488	0.433	2.79234958331401e-09	P:r1@RND3	P:r1@RND3	P:r1@RND3	RND3	RND3	P	not_sig	beige	not_sig
1.36906358510696e-16	0.220214009175731	0.285	0.23	1.02839949322479e-11	P:r1@OGT	P:r1@OGT	P:r1@OGT	OGT	OGT	P	not_sig	beige	not_sig
5.97907496522435e-09	0.219912311747222	0.155	0.127	0.000449130174162757	P:r1@EVI5L	P:r1@EVI5L	P:r1@EVI5L	EVI5L	EVI5L	P	not_sig	beige	not_sig
4.76945861607483e-18	0.219879477935424	0.395	0.335	3.58267422863693e-13	P:r1@AKT1	P:r1@AKT1	P:r1@AKT1	AKT1	AKT1	P	not_sig	beige	not_sig
1.29931611648531e-09	0.219806944554076	0.152	0.122	9.76007287220271e-05	P:r1@ROBO1	P:r1@ROBO1	P:r1@ROBO1	ROBO1	ROBO1	P	not_sig	beige	not_sig
6.72395564354989e-28	0.219798297096878	0.658	0.584	5.05083376076537e-23	P:r1@KEAP1	P:r1@KEAP1	P:r1@KEAP1	KEAP1	KEAP1	P	not_sig	beige	not_sig
2.09652290525165e-08	0.219702943169616	0.132	0.106	0.00157484511073789	P:r1@USP36	P:r1@USP36	P:r1@USP36	USP36	USP36	P	not_sig	beige	not_sig
2.10133579773021e-14	0.219658067010571	0.341	0.288	1.578460411181e-09	P:r1@COG4	P:r1@COG4	P:r1@COG4	COG4	COG4	P	not_sig	beige	not_sig
1.85846568523742e-10	0.219503313909274	0.329	0.287	1.39602366877979e-05	P:r1@RARA	P:r1@RARA	P:r1@RARA	RARA	RARA	P	not_sig	beige	not_sig
5.53818197630177e-39	-0.219423843052367	0.956	0.962	4.1601161551386e-34	P:r1@MT-ND5,r1@MT-TS2,r1@MT-TL2	P:r1@MT-ND5,r1@MT-TS2,r1@MT-TL2	P:r1@MT-ND5,TS2,TL2	MT-ND5	MT-ND5,MT-TS2,MT-TL2	P	not_sig	white	not_sig
2.67844047951096e-21	0.219392305573464	0.495	0.425	2.01196413499425e-16	P:r1@UNC45A	P:r1@UNC45A	P:r1@UNC45A	UNC45A	UNC45A	P	not_sig	beige	not_sig
7.61131483452328e-08	0.219329035193182	0.167	0.14	0.00571739136424885	P:r1@AL358472.1	P:r1@AL358472.1	P:r1@AL358472.1	AL358472.1	AL358472.1	P	not_sig	beige	not_sig
4.87143515791416e-12	0.21920673182478	0.28	0.237	3.65927594757038e-07	P:r1@GDE1	P:r1@GDE1	P:r1@GDE1	GDE1	GDE1	P	not_sig	beige	not_sig
1.6110063820751e-13	0.219096691423008	0.295	0.248	1.21013966402336e-08	P:r1@RGMB	P:r1@RGMB	P:r1@RGMB	RGMB	RGMB	P	not_sig	beige	not_sig
2.80740832594837e-09	0.21906328821828	0.127	0.1	0.000210884091220264	P:r1@FYCO1	P:r1@FYCO1	P:r1@FYCO1	FYCO1	FYCO1	P	not_sig	beige	not_sig
6.56241693726245e-09	0.219056276358909	0.171	0.141	0.000492949073076343	P:r1@PRMT6	P:r1@PRMT6	P:r1@PRMT6	PRMT6	PRMT6	P	not_sig	beige	not_sig
2.27768372755553e-18	-0.219013203800037	0.898	0.909	1.71092768562788e-13	P:r1@7SK,r1@RN7SK	P:r1@7SK,r1@RN7SK	P:r1@7SK,r1@RN7SK	7SK	7SK,RN7SK	P	not_sig	white	not_sig
2.19448638893955e-18	0.218777133760393	0.535	0.473	1.64843234077972e-13	P:r1@NR2F6	P:r1@NR2F6	P:r1@NR2F6	NR2F6	NR2F6	P	not_sig	beige	not_sig
5.48354339819876e-11	0.218644776926172	0.371	0.328	4.11907329442496e-06	P:r1@PIM1	P:r1@PIM1	P:r1@PIM1	PIM1	PIM1	P	not_sig	beige	not_sig
7.59258842697905e-09	0.218299561771699	0.197	0.165	0.000570332464869385	P:r1@PANX1	P:r1@PANX1	P:r1@PANX1	PANX1	PANX1	P	not_sig	beige	not_sig
5.67789386665263e-14	0.218204279577979	0.326	0.278	4.26506353581346e-09	P:r1@LTBP4	P:r1@LTBP4	P:r1@LTBP4	LTBP4	LTBP4	P	not_sig	beige	not_sig
1.24484360801149e-07	0.218183091591238	0.131	0.107	0.00935089173029991	D:r1@ADDG07139626694.F	D:r1@ADDG07139626694.F	D:r1@..694.F	..694.F	ADDG07139626694.F	D	not_sig	beige	not_sig
5.5232561696234e-15	0.218048904064928	0.316	0.264	4.14890433693601e-10	P:r1@ZC3HAV1	P:r1@ZC3HAV1	P:r1@ZC3HAV1	ZC3HAV1	ZC3HAV1	P	not_sig	beige	not_sig
1.68759513106868e-49	0.217977269557679	0.891	0.852	1.26767083460486e-44	P:r1@TXNDC5	P:r1@TXNDC5	P:r1@TXNDC5	TXNDC5	TXNDC5	P	not_sig	beige	not_sig
3.24671809889196e-10	0.217789240752416	0.217	0.182	2.43883723434468e-05	P:r1@WDR55	P:r1@WDR55	P:r1@WDR55	WDR55	WDR55	P	not_sig	beige	not_sig
1.30213030318246e-14	0.217670007632331	0.363	0.31	9.7812121984157e-10	P:r1@POMGNT1	P:r1@POMGNT1	P:r1@POMGNT1	POMGNT1	POMGNT1	P	not_sig	beige	not_sig
2.81558433430943e-51	0.217396153528418	0.952	0.931	2.11498248440322e-46	P:r1@TSKU	P:r1@TSKU	P:r1@TSKU	TSKU	TSKU	P	not_sig	beige	not_sig
5.07866809529458e-15	0.217232766393507	0.339	0.285	3.81494311314243e-10	P:r1@BRAT1	P:r1@BRAT1	P:r1@BRAT1	BRAT1	BRAT1	P	not_sig	beige	not_sig
2.04796624517552e-22	0.217090050258625	0.538	0.468	1.5383708043885e-17	P:r2@NFIC	P:r2@NFIC	P:r2@NFIC	NFIC	NFIC	P	not_sig	beige	not_sig
9.53123724223631e-11	0.21671625755647	0.222	0.185	7.15957947925065e-06	P:r1@TAZ	P:r1@TAZ	P:r1@TAZ	TAZ	TAZ	P	not_sig	beige	not_sig
4.91684181974561e-15	0.216221581744375	0.356	0.302	3.69338406973831e-10	P:r1@WFS1	P:r1@WFS1	P:r1@WFS1	WFS1	WFS1	P	not_sig	beige	not_sig
8.21694982995527e-14	0.216119462073801	0.282	0.235	6.1723262037675e-09	P:r1@NAT9	P:r1@NAT9	P:r1@NAT9	NAT9	NAT9	P	not_sig	beige	not_sig
3.60630545851459e-08	0.216031052966978	0.122	0.098	0.00270894847127241	P:r1@IL4I1,r1@NUP62	P:r1@IL4I1,r1@NUP62	P:r1@IL4I1,r1@NUP62	IL4I1	IL4I1,NUP62	P	not_sig	beige	not_sig
1.12885732496947e-17	0.215574593165217	0.347	0.286	8.47963756797315e-13	P:r1@CAPN1	P:r1@CAPN1	P:r1@CAPN1	CAPN1	CAPN1	P	not_sig	beige	not_sig
4.15164363324181e-14	0.215557063476232	0.41	0.36	3.11859014798225e-09	P:r1@ADDG0X068828837.B,r1@EFNB1	P:r1@ADDG0X068828837.B,r1@EFNB1	P:r1@..837.B,r1@EFNB1	..837.B	ADDG0X068828837.B,EFNB1	P	not_sig	beige	not_sig
1.01618123347655e-78	0.215399365985607	0.998	0.998	7.63324857150578e-74	P:r1@COL6A1	P:r1@COL6A1	P:r1@COL6A1	COL6A1	COL6A1	P	not_sig	beige	not_sig
4.74753872407144e-16	0.21512475708276	0.331	0.277	3.56620866336074e-11	P:r1@TBL3	P:r1@TBL3	P:r1@TBL3	TBL3	TBL3	P	not_sig	beige	not_sig
3.15463115328294e-25	0.214952909266556	0.681	0.622	2.36966428341155e-20	P:r1@DLC1	P:r1@DLC1	P:r1@DLC1	DLC1	DLC1	P	not_sig	beige	not_sig
5.47306672747527e-15	0.214910367370665	0.413	0.362	4.1112035336776e-10	P:r1@LETM1	P:r1@LETM1	P:r1@LETM1	LETM1	LETM1	P	not_sig	beige	not_sig
1.37245362623403e-19	0.214751940062746	0.479	0.412	1.03094599041822e-14	P:r1@MYH9	P:r1@MYH9	P:r1@MYH9	MYH9	MYH9	P	not_sig	beige	not_sig
7.59154489880397e-14	0.214557248873681	0.308	0.259	5.70254078163458e-09	P:r1@LRP11	P:r1@LRP11	P:r1@LRP11	LRP11	LRP11	P	not_sig	beige	not_sig
5.79685338587108e-18	0.214273926152143	0.548	0.488	4.35442235786478e-13	P:r1@LDLR	P:r1@LDLR	P:r1@LDLR	LDLR	LDLR	P	not_sig	beige	not_sig
8.08856462262597e-08	0.213974490603744	0.157	0.131	0.00607588708757795	P:r1@GRK6	P:r1@GRK6	P:r1@GRK6	GRK6	GRK6	P	not_sig	beige	not_sig
2.52794126781338e-10	0.213670925854337	0.161	0.13	1.89891364214338e-05	P:r1@LMNB2	P:r1@LMNB2	P:r1@LMNB2	LMNB2	LMNB2	P	not_sig	beige	not_sig
5.5728501927515e-15	0.213448658981244	0.422	0.369	4.18615787928914e-10	P:r1@SLC16A3	P:r1@SLC16A3	P:r1@SLC16A3	SLC16A3	SLC16A3	P	not_sig	beige	not_sig
3.15241079511083e-16	0.213421700742187	0.328	0.271	2.3679964169634e-11	P:r1@XAB2	P:r1@XAB2	P:r1@XAB2	XAB2	XAB2	P	not_sig	beige	not_sig
5.84222235219482e-10	0.213370845908977	0.215	0.18	4.38850216429818e-05	D:r1@ADDG03013571661.B	D:r1@ADDG03013571661.B	D:r1@..661.B	..661.B	ADDG03013571661.B	D	not_sig	beige	not_sig
2.74127541198263e-09	0.213361211230026	0.142	0.114	0.000205916385121899	P:r1@PRICKLE3	P:r1@PRICKLE3	P:r1@PRICKLE3	PRICKLE3	PRICKLE3	P	not_sig	beige	not_sig
5.07723674689716e-13	0.213260668405096	0.308	0.261	3.81386792716674e-08	P:r1@KLHL22	P:r1@KLHL22	P:r1@KLHL22	KLHL22	KLHL22	P	not_sig	beige	not_sig
1.01115669867939e-11	0.213066113186983	0.402	0.358	7.59550577346997e-07	P:r1@CORO2B	P:r1@CORO2B	P:r1@CORO2B	CORO2B	CORO2B	P	not_sig	beige	not_sig
1.00292817734594e-08	0.212906505207558	0.155	0.126	0.00075336955897695	P:r1@ACVR1B	P:r1@ACVR1B	P:r1@ACVR1B	ACVR1B	ACVR1B	P	not_sig	beige	not_sig
1.07141790068878e-09	0.212697085850111	0.231	0.196	8.04816984460392e-05	P:r1@ITPKC	P:r1@ITPKC	P:r1@ITPKC	ITPKC	ITPKC	P	not_sig	beige	not_sig
1.50625821053539e-22	0.212619261804667	0.574	0.504	1.13145598000787e-17	P:r1@LMF2	P:r1@LMF2	P:r1@LMF2	LMF2	LMF2	P	not_sig	beige	not_sig
5.4964456539841e-23	0.212476810329184	0.539	0.466	4.12876508190323e-18	P:r1@TMEM259	P:r1@TMEM259	P:r1@TMEM259	TMEM259	TMEM259	P	not_sig	beige	not_sig
2.5180750757269e-14	0.212031894765533	0.301	0.251	1.89150245463378e-09	P:r1@MAPK7	P:r1@MAPK7	P:r1@MAPK7	MAPK7	MAPK7	P	not_sig	beige	not_sig
1.38240383632065e-08	0.21179927967522	0.174	0.145	0.00103842028972899	P:r1@ACOT7	P:r1@ACOT7	P:r1@ACOT7	ACOT7	ACOT7	P	not_sig	beige	not_sig
3.75321354507221e-19	0.211721098620446	0.516	0.452	2.81930141865189e-14	P:r1@IGF2R	P:r1@IGF2R	P:r1@IGF2R	IGF2R	IGF2R	P	not_sig	beige	not_sig
3.07637468120619e-10	0.211644029688006	0.238	0.201	2.31088036928165e-05	P:r1@INF2	P:r1@INF2	P:r1@INF2	INF2	INF2	P	not_sig	beige	not_sig
3.4207159633135e-08	0.211639661140714	0.164	0.136	0.0025695392101622	P:r1@EXOC8	P:r1@EXOC8	P:r1@EXOC8	EXOC8	EXOC8	P	not_sig	beige	not_sig
7.94898981870768e-08	0.211332676081202	0.122	0.099	0.00597104268211865	P:r1@BCAR1	P:r1@BCAR1	P:r1@BCAR1	BCAR1	BCAR1	P	not_sig	beige	not_sig
7.40800031802259e-12	0.211292804847482	0.372	0.326	5.56466759888903e-07	P:r1@APOL2	P:r1@APOL2	P:r1@APOL2	APOL2	APOL2	P	not_sig	beige	not_sig
1.06957921800668e-14	0.211197115705976	0.384	0.33	8.0343582119008e-10	P:r1@NCLN	P:r1@NCLN	P:r1@NCLN	NCLN	NCLN	P	not_sig	beige	not_sig
4.86604318770335e-11	0.211132383461636	0.279	0.239	3.65522566130713e-06	P:r1@SRGAP2B	P:r1@SRGAP2B	P:r1@SRGAP2B	SRGAP2B	SRGAP2B	P	not_sig	beige	not_sig
6.6259588401445e-09	0.210248035135616	0.162	0.133	0.000497722150195134	P:r1@MGA	P:r1@MGA	P:r1@MGA	MGA	MGA	P	not_sig	beige	not_sig
9.36045400954013e-08	-0.210214058785093	0.287	0.316	0.00703129223834626	P:r1@SNORD3A	P:r1@SNORD3A	P:r1@SNORD3A	SNORD3A	SNORD3A	P	not_sig	white	not_sig
7.372485645046e-26	0.210208803707687	0.696	0.624	5.5379900419892e-21	P:r1@HLA-E	P:r1@HLA-E	P:r1@HLA-E	HLA-E	HLA-E	P	not_sig	beige	not_sig
1.26493036245299e-08	0.210208677314549	0.209	0.178	0.000950177740363813	P:r1@TAF6L	P:r1@TAF6L	P:r1@TAF6L	TAF6L	TAF6L	P	not_sig	beige	not_sig
5.29780912428537e-09	0.210009518965092	0.19	0.158	0.000397955527988944	P:r1@MAP2K7	P:r1@MAP2K7	P:r1@MAP2K7	MAP2K7	MAP2K7	P	not_sig	beige	not_sig
7.28408089074334e-08	0.209986930416305	0.119	0.096	0.00547158304269968	P:r1@RPAP1	P:r1@RPAP1	P:r1@RPAP1	RPAP1	RPAP1	P	not_sig	beige	not_sig
1.31451644056138e-09	0.209835591316857	0.192	0.158	9.8742531465649e-05	P:r1@SPPL2B	P:r1@SPPL2B	P:r1@SPPL2B	SPPL2B	SPPL2B	P	not_sig	beige	not_sig
3.01533565489864e-14	0.209833455789805	0.368	0.315	2.26502968389021e-09	P:r1@MARS	P:r1@MARS	P:r1@MARS	MARS	MARS	P	not_sig	beige	not_sig
1.15126838374884e-08	0.209752310079864	0.175	0.145	0.000864798271820618	P:r1@TEX2	P:r1@TEX2	P:r1@TEX2	TEX2	TEX2	P	not_sig	beige	not_sig
1.056653207747e-14	0.209719575864959	0.327	0.275	7.93726190063313e-10	P:r1@STIM1,r1@MIR4687	P:r1@STIM1,r1@MIR4687	P:r1@STIM1,r1@MIR4687	STIM1	STIM1,MIR4687	P	not_sig	beige	not_sig
6.95538227611311e-18	0.209607931497867	0.479	0.414	5.22467450434788e-13	P:r1@RBM15B	P:r1@RBM15B	P:r1@RBM15B	RBM15B	RBM15B	P	not_sig	beige	not_sig
2.08789791305468e-09	0.209591859786203	0.227	0.192	0.000156836627534929	P:r1@NCKIPSD	P:r1@NCKIPSD	P:r1@NCKIPSD	NCKIPSD	NCKIPSD	P	not_sig	beige	not_sig
1.47165734854792e-11	0.209591690440513	0.949	0.942	1.10546485050874e-06	P:r1@GSN	P:r1@GSN	P:r1@GSN	GSN	GSN	P	not_sig	beige	not_sig
3.25425437269856e-17	0.209440207601258	0.393	0.333	2.44449825713997e-12	P:r1@LZTS2	P:r1@LZTS2	P:r1@LZTS2	LZTS2	LZTS2	P	not_sig	beige	not_sig
4.3118517861501e-19	0.209367191413805	0.468	0.403	3.23893370620237e-14	P:r1@PINK1,r1@MIR6084	P:r1@PINK1,r1@MIR6084	P:r1@PINK1,r1@MIR6084	PINK1	PINK1,MIR6084	P	not_sig	beige	not_sig
3.52932020356933e-10	0.209282450497296	0.238	0.2	2.65111945731517e-05	P:r1@ADDG19034400315.R	P:r1@ADDG19034400315.R	P:r1@..315.R	..315.R	ADDG19034400315.R	P	not_sig	beige	not_sig
3.78748891505951e-13	0.209252614374459	0.384	0.335	2.84504804832525e-08	P:r1@USP11	P:r1@USP11	P:r1@USP11	USP11	USP11	P	not_sig	beige	not_sig
7.05453007352526e-09	0.209140784777104	0.189	0.158	0.000529915135532997	P:r1@TUT1,r1@AP002990.1	P:r1@TUT1,r1@AP002990.1	P:r1@TUT1,r1@AP002990.1	TUT1	TUT1,AP002990.1	P	not_sig	beige	not_sig
6.3208393897428e-16	0.208898152347026	0.452	0.392	4.7480249243931e-11	P:r1@TSPYL1	P:r1@TSPYL1	P:r1@TSPYL1	TSPYL1	TSPYL1	P	not_sig	beige	not_sig
1.32150319987126e-30	0.208731097073098	0.654	0.573	9.92673558647295e-26	P:r1@MAN2B1	P:r1@MAN2B1	P:r1@MAN2B1	MAN2B1	MAN2B1	P	not_sig	beige	not_sig
6.81442962086245e-09	0.208577873459495	0.236	0.202	0.000511879509830325	P:r1@NOCT	P:r1@NOCT	P:r1@NOCT	NOCT	NOCT	P	not_sig	beige	not_sig
2.1461964241327e-10	0.208554492037675	0.324	0.283	1.61215836791576e-05	P:r1@TBX3	P:r1@TBX3	P:r1@TBX3	TBX3	TBX3	P	not_sig	beige	not_sig
2.0066128023715e-14	0.208497975307658	0.292	0.241	1.5073073387574e-09	P:r1@NSMF	P:r1@NSMF	P:r1@NSMF	NSMF	NSMF	P	not_sig	beige	not_sig
5.85888299438452e-08	0.208405386410603	0.177	0.149	0.00440101713889182	P:r1@VPS9D1	P:r1@VPS9D1	P:r1@VPS9D1	VPS9D1	VPS9D1	P	not_sig	beige	not_sig
4.32198821144891e-15	0.208353819603399	0.407	0.352	3.24654788479408e-10	P:r1@IRF2BPL	P:r1@IRF2BPL	P:r1@IRF2BPL	IRF2BPL	IRF2BPL	P	not_sig	beige	not_sig
9.19666137219686e-23	0.208214617401452	0.744	0.7	6.90825612295312e-18	P:r1@COL5A1	P:r1@COL5A1	P:r1@COL5A1	COL5A1	COL5A1	P	not_sig	beige	not_sig
1.49142536451118e-19	0.208069815508222	0.656	0.601	1.12031399105986e-14	P:r2@GSN	P:r2@GSN	P:r2@GSN	GSN	GSN	P	not_sig	beige	not_sig
6.14285978990909e-36	0.208031342741308	0.84	0.793	4.61433198838601e-31	P:r1@ANPEP	P:r1@ANPEP	P:r1@ANPEP	ANPEP	ANPEP	P	not_sig	beige	not_sig
1.18923369094698e-11	0.208014683310018	0.272	0.228	8.93316671628646e-07	P:r1@VASP	P:r1@VASP	P:r1@VASP	VASP	VASP	P	not_sig	beige	not_sig
3.62679725752276e-08	0.207868361377162	0.151	0.124	0.00272434129593337	P:r1@APOBEC3C,r1@AL022318.4	P:r1@APOBEC3C,r1@AL022318.4	P:r1@APOBEC3C,r1@AL022318.4	APOBEC3C	APOBEC3C,AL022318.4	P	not_sig	beige	not_sig
1.46496326521272e-67	-0.207847565379931	0.997	0.999	1.10043645592984e-62	P:r1@MT-ATP6,r1@MT-CO3,r1@MT-TK,r1@MT-ATP8	P:r1@MT-ATP6,r1@MT-CO3,r1@MT-TK,r1@MT-ATP8	P:r1@MT-ATP6,CO3,TK,ATP8	MT-ATP6	MT-ATP6,MT-CO3,MT-TK,MT-ATP8	P	not_sig	white	not_sig
1.65686679104237e-10	0.207485270643885	0.368	0.322	1.2445886274273e-05	P:r1@HYOU1	P:r1@HYOU1	P:r1@HYOU1	HYOU1	HYOU1	P	not_sig	beige	not_sig
2.79504788662403e-10	0.207422418162276	0.275	0.236	2.09955612099537e-05	P:r1@BBC3	P:r1@BBC3	P:r1@BBC3	BBC3	BBC3	P	not_sig	beige	not_sig
4.48310049732451e-16	0.207345828216848	0.459	0.401	3.36757060057525e-11	P:r1@COASY	P:r1@COASY	P:r1@COASY	COASY	COASY	P	not_sig	beige	not_sig
7.34883634000622e-09	0.207303661384345	0.164	0.135	0.000552022539352248	P:r1@ANKRD54,r1@MIR658	P:r1@ANKRD54,r1@MIR658	P:r1@ANKRD54,r1@MIR658	ANKRD54	ANKRD54,MIR658	P	not_sig	beige	not_sig
6.09941548283153e-42	0.207253398214087	0.897	0.855	4.58169792823856e-37	P:r1@AHNAK	P:r1@AHNAK	P:r1@AHNAK	AHNAK	AHNAK	P	not_sig	beige	not_sig
6.65957284863537e-13	0.207179090361158	0.324	0.276	5.00247133670943e-08	P:r1@TMEM127	P:r1@TMEM127	P:r1@TMEM127	TMEM127	TMEM127	P	not_sig	beige	not_sig
9.96783533785865e-09	0.206818939402403	0.173	0.144	0.000748753887073929	P:r1@MTOR	P:r1@MTOR	P:r1@MTOR	MTOR	MTOR	P	not_sig	beige	not_sig
3.41924626327861e-09	0.206785111550483	0.141	0.113	0.000256843521558699	P:r1@RAB11FIP5	P:r1@RAB11FIP5	P:r1@RAB11FIP5	RAB11FIP5	RAB11FIP5	P	not_sig	beige	not_sig
1.76640765817139e-09	0.206484081059845	0.193	0.16	0.000132687244058861	P:r1@COL5A3	P:r1@COL5A3	P:r1@COL5A3	COL5A3	COL5A3	P	not_sig	beige	not_sig
1.45511800871543e-10	0.206299285057864	0.265	0.224	1.09304099460677e-05	P:r1@LPCAT1	P:r1@LPCAT1	P:r1@LPCAT1	LPCAT1	LPCAT1	P	not_sig	beige	not_sig
2.88250685352487e-09	0.206239501455498	0.183	0.152	0.000216525267316227	P:r1@PCDHGC3	P:r1@PCDHGC3	P:r1@PCDHGC3	PCDHGC3	PCDHGC3	P	not_sig	beige	not_sig
5.35582901313152e-16	0.206206032286246	0.29	0.237	4.02313807979401e-11	P:r1@C16orf58	P:r1@C16orf58	P:r1@C16orf58	C16orf58	C16orf58	P	not_sig	beige	not_sig
3.98523791803148e-11	0.205713819140857	0.259	0.219	2.99359116688771e-06	P:r1@TMEM250	P:r1@TMEM250	P:r1@TMEM250	TMEM250	TMEM250	P	not_sig	beige	not_sig
3.97834328345261e-10	0.205618715670536	0.205	0.169	2.9884121242311e-05	P:r1@DVL2	P:r1@DVL2	P:r1@DVL2	DVL2	DVL2	P	not_sig	beige	not_sig
2.90364591367207e-24	0.205380213229332	0.689	0.624	2.18113170097305e-19	P:r1@PXDN	P:r1@PXDN	P:r1@PXDN	PXDN	PXDN	P	not_sig	beige	not_sig
1.73544103479802e-25	0.20533572144392	0.66	0.589	1.30361124210923e-20	P:r1@NFIC	P:r1@NFIC	P:r1@NFIC	NFIC	NFIC	P	not_sig	beige	not_sig
2.54680076614051e-10	0.205194168229438	0.228	0.19	1.91308033150176e-05	P:r1@EP400	P:r1@EP400	P:r1@EP400	EP400	EP400	P	not_sig	beige	not_sig
5.00074724182759e-09	0.205010401110306	0.201	0.169	0.000375641130564363	P:r1@UBE2O	P:r1@UBE2O	P:r1@UBE2O	UBE2O	UBE2O	P	not_sig	beige	not_sig
7.60835000637664e-09	0.204559225052707	0.248	0.213	0.000571516427428994	P:r1@SLC48A1	P:r1@SLC48A1	P:r1@SLC48A1	SLC48A1	SLC48A1	P	not_sig	beige	not_sig
2.35169907118438e-14	0.204272379996838	0.466	0.412	1.76652579130157e-09	P:r1@IRF2BP2	P:r1@IRF2BP2	P:r1@IRF2BP2	IRF2BP2	IRF2BP2	P	not_sig	beige	not_sig
7.77069843600079e-09	0.204184254932192	0.215	0.183	0.000583711554417072	P:r1@SPSB1	P:r1@SPSB1	P:r1@SPSB1	SPSB1	SPSB1	P	not_sig	beige	not_sig
3.08276306674581e-09	0.204077108040046	0.179	0.147	0.000231567913284745	P:r1@RAB35	P:r1@RAB35	P:r1@RAB35	RAB35	RAB35	P	not_sig	beige	not_sig
1.99079296559463e-14	0.203941086236825	0.413	0.358	1.49542395196572e-09	P:r1@SPNS1,r1@AC109460.3	P:r1@SPNS1,r1@AC109460.3	P:r1@SPNS1,r1@AC109460.3	SPNS1	SPNS1,AC109460.3	P	not_sig	beige	not_sig
2.16827257375253e-09	0.203891540468529	0.252	0.217	0.000162874130922569	P:r1@ZADH2	P:r1@ZADH2	P:r1@ZADH2	ZADH2	ZADH2	P	not_sig	beige	not_sig
9.23090254114323e-17	0.203874215598629	0.376	0.316	6.93397706183056e-12	P:r1@SELENOO	P:r1@SELENOO	P:r1@SELENOO	SELENOO	SELENOO	P	not_sig	beige	not_sig
2.02306497463707e-10	0.203820088611017	0.248	0.209	1.51966571699813e-05	P:r1@ZXDC	P:r1@ZXDC	P:r1@ZXDC	ZXDC	ZXDC	P	not_sig	beige	not_sig
4.08154722827826e-08	0.203707472910134	0.158	0.13	0.00306593583146578	P:r1@PANK4	P:r1@PANK4	P:r1@PANK4	PANK4	PANK4	P	not_sig	beige	not_sig
3.44878755229682e-10	0.203647319575728	0.239	0.201	2.5906257456588e-05	P:r1@MMS19	P:r1@MMS19	P:r1@MMS19	MMS19	MMS19	P	not_sig	beige	not_sig
1.29253296651172e-15	0.203506656247078	0.486	0.433	9.70911988454611e-11	P:r1@FSCN1	P:r1@FSCN1	P:r1@FSCN1	FSCN1	FSCN1	P	not_sig	beige	not_sig
2.51527285579922e-10	0.203204318804488	0.193	0.158	1.8893975110907e-05	P:r1@PACS1	P:r1@PACS1	P:r1@PACS1	PACS1	PACS1	P	not_sig	beige	not_sig
7.74347845989777e-08	0.203197108286907	0.136	0.111	0.0058166687147214	P:r1@FLVCR2	P:r1@FLVCR2	P:r1@FLVCR2	FLVCR2	FLVCR2	P	not_sig	beige	not_sig
9.71688098611595e-10	0.20266254887639	0.299	0.261	7.29902949034072e-05	P:r1@SLC2A10	P:r1@SLC2A10	P:r1@SLC2A10	SLC2A10	SLC2A10	P	not_sig	beige	not_sig
1.5882646216034e-25	0.202661374423625	0.669	0.6	1.19305673580983e-20	P:r1@IARS	P:r1@IARS	P:r1@IARS	IARS	IARS	P	not_sig	beige	not_sig
1.5925896542053e-12	0.202626056278544	0.257	0.214	1.19630557054939e-07	P:r1@PWWP2A	P:r1@PWWP2A	P:r1@PWWP2A	PWWP2A	PWWP2A	P	not_sig	beige	not_sig
2.65184628014733e-11	0.202592345277238	0.532	0.486	1.99198737025827e-06	P:r1@TFRC	P:r1@TFRC	P:r1@TFRC	TFRC	TFRC	P	not_sig	beige	not_sig
3.20311990902246e-15	0.202561464399288	0.44	0.381	2.4060875820604e-10	P:r1@TFE3	P:r1@TFE3	P:r1@TFE3	TFE3	TFE3	P	not_sig	beige	not_sig
1.53667193964731e-11	0.202385186435454	0.264	0.221	1.15430186090487e-06	P:r1@MTA2	P:r1@MTA2	P:r1@MTA2	MTA2	MTA2	P	not_sig	beige	not_sig
6.9731346042179e-11	0.20234445350364	0.309	0.267	5.23800952065036e-06	D:r1@ADDG01155984103.B	D:r1@ADDG01155984103.B	D:r1@..103.B	..103.B	ADDG01155984103.B	D	not_sig	beige	not_sig
9.50986091557199e-14	0.202326138376157	0.409	0.357	7.14352222395021e-09	P:r1@RXRA	P:r1@RXRA	P:r1@RXRA	RXRA	RXRA	P	not_sig	beige	not_sig
2.04384593457476e-20	0.202037754533008	0.673	0.623	1.53527575067452e-15	P:r1@SLC27A3	P:r1@SLC27A3	P:r1@SLC27A3	SLC27A3	SLC27A3	P	not_sig	beige	not_sig
1.69649014135611e-09	0.20198007198801	0.495	0.453	0.000127435249948247	P:r1@SRXN1	P:r1@SRXN1	P:r1@SRXN1	SRXN1	SRXN1	P	not_sig	beige	not_sig
6.41758997685340e-09	0.201884528447314	0.156	0.128	0.000482070106291296	P:r1@ANKRD52	P:r1@ANKRD52	P:r1@ANKRD52	ANKRD52	ANKRD52	P	not_sig	beige	not_sig
4.31872152223674e-09	0.20170149436806	0.189	0.158	0.000324409404585857	P:r1@PIAS3	P:r1@PIAS3	P:r1@PIAS3	PIAS3	PIAS3	P	not_sig	beige	not_sig
7.71043827581693e-10	0.201638943046264	0.244	0.208	5.7918499196454e-05	P:r2@PURA	P:r2@PURA	P:r2@PURA	PURA	PURA	P	not_sig	beige	not_sig
2.27629743227553e-08	0.201616235984953	0.221	0.189	0.00170988634220241	P:r1@IRF7	P:r1@IRF7	P:r1@IRF7	IRF7	IRF7	P	not_sig	beige	not_sig
2.60566165617755e-09	0.201567857145821	0.196	0.163	0.000195729486627089	P:r1@PKD2	P:r1@PKD2	P:r1@PKD2	PKD2	PKD2	P	not_sig	beige	not_sig
7.54241623603768e-08	0.201521862355784	0.143	0.118	0.00566563680402442	P:r1@ZFYVE19	P:r1@ZFYVE19	P:r1@ZFYVE19	ZFYVE19	ZFYVE19	P	not_sig	beige	not_sig
1.21564173677759e-15	0.20136516475703	0.318	0.263	9.1315360341522e-11	P:r1@TPP1	P:r1@TPP1	P:r1@TPP1	TPP1	TPP1	P	not_sig	beige	not_sig
5.75784594239066e-17	0.201250536019951	0.522	0.463	4.3251211365456e-12	P:r1@CSRP1	P:r1@CSRP1	P:r1@CSRP1	CSRP1	CSRP1	P	not_sig	beige	not_sig
5.45501471107292e-13	0.201188439332093	0.354	0.304	4.09764340051665e-08	P:r1@MRGPRF	P:r1@MRGPRF	P:r1@MRGPRF	MRGPRF	MRGPRF	P	not_sig	beige	not_sig
5.72408672407003e-29	0.201129824609788	0.721	0.643	4.29976222451968e-24	P:r1@DDX3X	P:r1@DDX3X	P:r1@DDX3X	DDX3X	DDX3X	P	not_sig	beige	not_sig
4.51193003318701e-11	0.200993097665778	0.342	0.298	3.38922648302908e-06	P:r1@ESRRA	P:r1@ESRRA	P:r1@ESRRA	ESRRA	ESRRA	P	not_sig	beige	not_sig
5.94456228190704e-09	0.200948070770913	0.226	0.192	0.000446537684930011	D:r1@ADDG22032860256.B	D:r1@ADDG22032860256.B	D:r1@..256.B	..256.B	ADDG22032860256.B	D	not_sig	beige	not_sig
1.00693767764166e-07	0.200892572334181	0.171	0.143	0.00756381375314087	P:r1@CBS	P:r1@CBS	P:r1@CBS	CBS	CBS	P	not_sig	beige	not_sig
3.77723687547666e-08	0.200739491622463	0.145	0.119	0.00283734702375181	P:r1@EHD1	P:r1@EHD1	P:r1@EHD1	EHD1	EHD1	P	not_sig	beige	not_sig
7.61254688817695e-08	0.200605988049116	0.156	0.129	0.00571831684599188	P:r1@PHETA2	P:r1@PHETA2	P:r1@PHETA2	PHETA2	PHETA2	P	not_sig	beige	not_sig
8.25128166965229e-53	0.200558632805025	0.989	0.986	6.19811525179271e-48	P:r1@C1R	P:r1@C1R	P:r1@C1R	C1R	C1R	P	not_sig	beige	not_sig
7.81701891072062e-10	0.200484559508774	0.187	0.154	5.87191009516601e-05	P:r1@NXN	P:r1@NXN	P:r1@NXN	NXN	NXN	P	not_sig	beige	not_sig
7.9698128377961e-10	0.20039180164523	0.226	0.189	5.98668430936729e-05	P:r1@WDR48	P:r1@WDR48	P:r1@WDR48	WDR48	WDR48	P	not_sig	beige	not_sig
4.67592861166731e-10	0.200333763021657	0.29	0.252	3.51241729522613e-05	P:r1@S1PR3	P:r1@S1PR3	P:r1@S1PR3	S1PR3	S1PR3	P	not_sig	beige	not_sig
1.94304587720773e-23	0.200199561788941	0.73	0.68	1.45955777158213e-18	P:r1@TMBIM1	P:r1@TMBIM1	P:r1@TMBIM1	TMBIM1	TMBIM1	P	not_sig	beige	not_sig
7.81931373177624e-10	0.200175259258144	0.238	0.2	5.87363389589836e-05	P:r1@RANBP3	P:r1@RANBP3	P:r1@RANBP3	RANBP3	RANBP3	P	not_sig	beige	not_sig
3.28462033226564e-13	0.2001267264331	0.464	0.413	2.46730825498798e-08	P:r1@PLEKHF1	P:r1@PLEKHF1	P:r1@PLEKHF1	PLEKHF1	PLEKHF1	P	not_sig	beige	not_sig
3.34647682137203e-13	0.200074362114057	0.254	0.21	2.51377299391003e-08	P:r1@CDK13	P:r1@CDK13	P:r1@CDK13	CDK13	CDK13	P	not_sig	beige	not_sig
1.85558122419182e-08	0.199953305271578	0.457	0.425	0.00139385694817617	P:r1@DUSP4	P:r1@DUSP4	P:r1@DUSP4	DUSP4	DUSP4	P	not_sig	beige	not_sig
8.44635677962588e-09	0.199880100901574	0.161	0.131	0.000634464982215157	P:r1@ZNF444	P:r1@ZNF444	P:r1@ZNF444	ZNF444	ZNF444	P	not_sig	beige	not_sig
4.03575501129519e-17	0.199629234562092	0.33	0.273	3.03153809183461e-12	P:r1@PTPRM	P:r1@PTPRM	P:r1@PTPRM	PTPRM	PTPRM	P	not_sig	beige	not_sig
4.75919324343663e-10	0.199622978602354	0.285	0.246	3.5749631886723e-05	P:r1@TNKS	P:r1@TNKS	P:r1@TNKS	TNKS	TNKS	P	not_sig	beige	not_sig
9.31731846649659e-08	0.199480295999688	0.155	0.129	0.00699889011247825	P:r1@ILRUN	P:r1@ILRUN	P:r1@ILRUN	ILRUN	ILRUN	P	not_sig	beige	not_sig
8.64520812211167e-13	0.19930325668414	0.301	0.253	6.49402098508662e-08	P:r1@SNAP47	P:r1@SNAP47	P:r1@SNAP47	SNAP47	SNAP47	P	not_sig	beige	not_sig
1.32924256148971e-15	0.199263961895918	0.338	0.282	9.98487134914224e-11	P:r1@MED15	P:r1@MED15	P:r1@MED15	MED15	MED15	P	not_sig	beige	not_sig
6.60222745597272e-12	0.198705124407881	0.274	0.23	4.95939519810303e-07	P:r1@ZNF775,r1@REPIN1	P:r1@ZNF775,r1@REPIN1	P:r1@ZNF775,r1@REPIN1	ZNF775	ZNF775,REPIN1	P	not_sig	beige	not_sig
1.07281221278066e-09	0.19867072671101	0.484	0.443	8.05864349874447e-05	P:r1@CDC42EP2	P:r1@CDC42EP2	P:r1@CDC42EP2	CDC42EP2	CDC42EP2	P	not_sig	beige	not_sig
1.99704769116283e-11	0.198523999824042	0.31	0.265	1.50012231417078e-06	P:r1@SIAE	P:r1@SIAE	P:r1@SIAE	SIAE	SIAE	P	not_sig	beige	not_sig
6.16861466457623e-10	0.198384790449332	0.259	0.221	4.63367827758972e-05	P:r1@SHKBP1	P:r1@SHKBP1	P:r1@SHKBP1	SHKBP1	SHKBP1	P	not_sig	beige	not_sig
8.91653986624974e-12	0.198349533148302	0.252	0.21	6.69783725133082e-07	P:r1@SUN1	P:r1@SUN1	P:r1@SUN1	SUN1	SUN1	P	not_sig	beige	not_sig
3.51992028486634e-19	0.19827082670066	0.522	0.456	2.64405852038305e-14	P:r1@FPGS	P:r1@FPGS	P:r1@FPGS	FPGS	FPGS	P	not_sig	beige	not_sig
2.65294702041915e-48	0.19810020186557	0.92	0.888	1.99281421332826e-43	P:r1@FKBP10	P:r1@FKBP10	P:r1@FKBP10	FKBP10	FKBP10	P	not_sig	beige	not_sig
3.95367991405848e-20	0.197988775075795	0.576	0.507	2.96988574104331e-15	P:r1@ILF3	P:r1@ILF3	P:r1@ILF3	ILF3	ILF3	P	not_sig	beige	not_sig
5.7917127559542e-17	0.197669954110064	0.407	0.343	4.35056087089012e-12	P:r1@PLBD2	P:r1@PLBD2	P:r1@PLBD2	PLBD2	PLBD2	P	not_sig	beige	not_sig
1.92998288627609e-44	0.197665520537048	0.858	0.8	1.44974524468401e-39	P:r1@RPS2P46	P:r1@RPS2P46	P:r1@RPS2P46	RPS2P46	RPS2P46	P	not_sig	beige	not_sig
3.68237955189946e-08	0.197298360467144	0.241	0.209	0.00276609304800032	P:r1@HS3ST3A1	P:r1@HS3ST3A1	P:r1@HS3ST3A1	HS3ST3A1	HS3ST3A1	P	not_sig	beige	not_sig
1.07618891924091e-07	0.197183429282518	0.152	0.126	0.00808400830466193	P:r1@LMF1	P:r1@LMF1	P:r1@LMF1	LMF1	LMF1	P	not_sig	beige	not_sig
2.93443065955607e-08	0.197145309944455	0.161	0.133	0.00220425627853873	P:r1@TMEM260	P:r1@TMEM260	P:r1@TMEM260	TMEM260	TMEM260	P	not_sig	beige	not_sig
1.13098558981187e-12	0.196998483034712	0.256	0.212	8.49562445498984e-08	P:r1@MAPK14	P:r1@MAPK14	P:r1@MAPK14	MAPK14	MAPK14	P	not_sig	beige	not_sig
3.79202847936573e-23	0.196771996227506	0.557	0.484	2.84845803284515e-18	P:r1@SF3A2	P:r1@SF3A2	P:r1@SF3A2	SF3A2	SF3A2	P	not_sig	beige	not_sig
9.67325014582543e-10	0.196635046353522	0.321	0.281	7.26625531203969e-05	D:r1@ADDG01091729930.F	D:r1@ADDG01091729930.F	D:r1@..930.F	..930.F	ADDG01091729930.F	D	not_sig	beige	not_sig
8.48569774680299e-08	0.196459873436241	0.246	0.214	0.006374201576466	P:r1@SIX1	P:r1@SIX1	P:r1@SIX1	SIX1	SIX1	P	not_sig	beige	not_sig
1.37342924262895e-08	0.196452658794778	0.174	0.144	0.00103167884418559	P:r1@OTUD7B	P:r1@OTUD7B	P:r1@OTUD7B	OTUD7B	OTUD7B	P	not_sig	beige	not_sig
8.29682177098166e-09	0.196433102547415	0.217	0.183	0.00062323236097083	P:r1@SLC26A6	P:r1@SLC26A6	P:r1@SLC26A6	SLC26A6	SLC26A6	P	not_sig	beige	not_sig
2.75008242722707e-226	0.196152326551285	1	1	2.06577941686016e-221	P:r1@EEF2	P:r1@EEF2	P:r1@EEF2	EEF2	EEF2	P	not_sig	beige	not_sig
3.34031824514089e-15	0.196062076612737	0.354	0.298	2.50914685620248e-10	P:r1@ZNF460	P:r1@ZNF460	P:r1@ZNF460	ZNF460	ZNF460	P	not_sig	beige	not_sig
3.56516774153107e-09	0.195647650123004	0.233	0.198	0.000267804705240589	P:r1@NAA60,r1@AC004224.2	P:r1@NAA60,r1@AC004224.2	P:r1@NAA60,r1@AC004224.2	NAA60	NAA60,AC004224.2	P	not_sig	beige	not_sig
2.79595038421392e-13	0.195555959074107	0.346	0.294	2.10023405010997e-08	P:r1@CENPT	P:r1@CENPT	P:r1@CENPT	CENPT	CENPT	P	not_sig	beige	not_sig
6.94799574385188e-08	0.195530843220008	0.199	0.169	0.00521912596290921	P:r1@KDM5C	P:r1@KDM5C	P:r1@KDM5C	KDM5C	KDM5C	P	not_sig	beige	not_sig
1.82127861611894e-10	0.195419235960212	0.175	0.141	1.36808985807006e-05	P:r1@ZNF398	P:r1@ZNF398	P:r1@ZNF398	ZNF398	ZNF398	P	not_sig	beige	not_sig
2.58183958988185e-11	0.194921258629825	0.278	0.234	1.93940044473155e-06	P:r1@RCC1L	P:r1@RCC1L	P:r1@RCC1L	RCC1L	RCC1L	P	not_sig	beige	not_sig
4.1155843452838e-12	0.194564185592878	0.297	0.252	3.09150349264683e-07	P:r1@STAT6	P:r1@STAT6	P:r1@STAT6	STAT6	STAT6	P	not_sig	beige	not_sig
2.22268696982089e-16	0.194514123308322	0.434	0.373	1.66961577112036e-11	P:r1@BOP1	P:r1@BOP1	P:r1@BOP1	BOP1	BOP1	P	not_sig	beige	not_sig
9.06369784085725e-11	0.194495499717274	0.223	0.185	6.80837790711674e-06	P:r1@DVL3	P:r1@DVL3	P:r1@DVL3	DVL3	DVL3	P	not_sig	beige	not_sig
2.03553181006955e-10	0.194473595033613	0.296	0.255	1.52903042976995e-05	P:r1@ZNF787	P:r1@ZNF787	P:r1@ZNF787	ZNF787	ZNF787	P	not_sig	beige	not_sig
5.15240492726711e-13	0.194456562035204	0.397	0.346	3.87033200921524e-08	P:r1@AGPAT1	P:r1@AGPAT1	P:r1@AGPAT1	AGPAT1	AGPAT1	P	not_sig	beige	not_sig
4.47807625340697e-13	0.194245458944566	0.303	0.255	3.36379653927171e-08	P:r1@PCED1A	P:r1@PCED1A	P:r1@PCED1A	PCED1A	PCED1A	P	not_sig	beige	not_sig
5.53709911177613e-08	0.194203895687096	0.154	0.127	0.00415930273979287	P:r1@TNRC6C	P:r1@TNRC6C	P:r1@TNRC6C	TNRC6C	TNRC6C	P	not_sig	beige	not_sig
3.60070100580262e-70	0.194094984980652	0.98	0.962	2.70473857452876e-65	P:r1@ANXA6,r1@AC008641.1	P:r1@ANXA6,r1@AC008641.1	P:r1@ANXA6,r1@AC008641.1	ANXA6	ANXA6,AC008641.1	P	not_sig	beige	not_sig
3.42100003260654e-08	0.193640524122002	0.16	0.132	0.00256975259449305	P:r1@UQCC1	P:r1@UQCC1	P:r1@UQCC1	UQCC1	UQCC1	P	not_sig	beige	not_sig
9.5606870125466e-14	0.193629305376398	0.382	0.328	7.18170126321463e-09	P:r1@PI4KB	P:r1@PI4KB	P:r1@PI4KB	PI4KB	PI4KB	P	not_sig	beige	not_sig
3.67053296285791e-19	0.193543208912024	0.53	0.462	2.75719424570998e-14	P:r1@TMEM43	P:r1@TMEM43	P:r1@TMEM43	TMEM43	TMEM43	P	not_sig	beige	not_sig
1.36421320100072e-09	0.193378673132006	0.209	0.174	0.000102475603019571	P:r1@LENG8	P:r1@LENG8	P:r1@LENG8	LENG8	LENG8	P	not_sig	beige	not_sig
1.52053302743175e-14	0.193171059169894	0.338	0.285	1.14217879421591e-09	P:r1@ZCCHC24	P:r1@ZCCHC24	P:r1@ZCCHC24	ZCCHC24	ZCCHC24	P	not_sig	beige	not_sig
1.30944634847878e-10	0.192931436984701	0.221	0.184	9.83616813586807e-06	P:r1@HEXD	P:r1@HEXD	P:r1@HEXD	HEXD	HEXD	P	not_sig	beige	not_sig
1.05450092420206e-16	0.192739448391109	0.447	0.386	7.92109459232862e-12	P:r1@DNM2,r1@MIR638	P:r1@DNM2,r1@MIR638	P:r1@DNM2,r1@MIR638	DNM2	DNM2,MIR638	P	not_sig	beige	not_sig
2.56880258273114e-09	0.192625037558388	0.267	0.231	0.000192960743607015	P:r1@IGSF8	P:r1@IGSF8	P:r1@IGSF8	IGSF8	IGSF8	P	not_sig	beige	not_sig
1.75072594959958e-08	0.192391753900256	0.162	0.134	0.00131509281156072	P:r1@ARHGEF26	P:r1@ARHGEF26	P:r1@ARHGEF26	ARHGEF26	ARHGEF26	P	not_sig	beige	not_sig
3.09722354713141e-09	0.192294081457352	0.302	0.264	0.00023265414118987	P:r1@CTDSP2	P:r1@CTDSP2	P:r1@CTDSP2	CTDSP2	CTDSP2	P	not_sig	beige	not_sig
2.33477140578646e-08	0.19227904287355	0.256	0.222	0.00175381023688461	P:r1@INPP5K	P:r1@INPP5K	P:r1@INPP5K	INPP5K	INPP5K	P	not_sig	beige	not_sig
7.71998688576011e-14	0.19226807424304	0.398	0.344	5.79902254897643e-09	P:r1@CSNK1E	P:r1@CSNK1E	P:r1@CSNK1E	CSNK1E	CSNK1E	P	not_sig	beige	not_sig
1.83493999243244e-11	0.192143641618218	0.276	0.234	1.37835187411548e-06	P:r1@SAMD1	P:r1@SAMD1	P:r1@SAMD1	SAMD1	SAMD1	P	not_sig	beige	not_sig
1.16291633957757e-18	0.191996820454224	0.979	0.977	8.73547866800483e-14	P:r1@FN1	P:r1@FN1	P:r1@FN1	FN1	FN1	P	not_sig	beige	not_sig
1.63495575848081e-31	0.191796435565112	0.773	0.706	1.22812971709803e-26	P:r1@PLOD1	P:r1@PLOD1	P:r1@PLOD1	PLOD1	PLOD1	P	not_sig	beige	not_sig
1.29039375896632e-10	0.191525269673724	0.291	0.249	9.69305079922732e-06	P:r1@TRMT2A	P:r1@TRMT2A	P:r1@TRMT2A	TRMT2A	TRMT2A	P	not_sig	beige	not_sig
1.14000437873258e-07	0.191305541383155	0.156	0.13	0.00856337089172553	P:r1@PDE4A	P:r1@PDE4A	P:r1@PDE4A	PDE4A	PDE4A	P	not_sig	beige	not_sig
1.85744076722185e-16	0.191294409132847	0.393	0.334	1.39525378111404e-11	P:r1@EGLN2	P:r1@EGLN2	P:r1@EGLN2	EGLN2	EGLN2	P	not_sig	beige	not_sig
3.32596725400204e-19	0.191284705512186	0.566	0.5	2.49836682218871e-14	P:r1@LRRC41	P:r1@LRRC41	P:r1@LRRC41	LRRC41	LRRC41	P	not_sig	beige	not_sig
1.88468996026145e-08	0.191281803031397	0.157	0.129	0.0014157225574496	P:r1@AC022966.1	P:r1@AC022966.1	P:r1@AC022966.1	AC022966.1	AC022966.1	P	not_sig	beige	not_sig
5.31962173137619e-09	0.19119089622063	0.517	0.484	0.000399594025595786	P:r1@PDE3B	P:r1@PDE3B	P:r1@PDE3B	PDE3B	PDE3B	P	not_sig	beige	not_sig
1.32223083263068e-09	0.19104431610463	0.141	0.112	9.93220134547188e-05	P:r1@MED16	P:r1@MED16	P:r1@MED16	MED16	MED16	P	not_sig	beige	not_sig
2.49599820394151e-19	0.190954855463101	0.571	0.505	1.87491897085474e-14	P:r1@POLR2A	P:r1@POLR2A	P:r1@POLR2A	POLR2A	POLR2A	P	not_sig	beige	not_sig
6.21059102514509e-22	0.190936041667938	0.586	0.517	4.66520966035823e-17	P:r1@CAPN2	P:r1@CAPN2	P:r1@CAPN2	CAPN2	CAPN2	P	not_sig	beige	not_sig
4.78683752274262e-08	0.190850190904365	0.269	0.235	0.00359572874195858	P:r1@BCL3	P:r1@BCL3	P:r1@BCL3	BCL3	BCL3	P	not_sig	beige	not_sig
3.6774083855362e-08	0.190660778454278	0.2	0.169	0.00276235885696323	P:r1@NFKBIB	P:r1@NFKBIB	P:r1@NFKBIB	NFKBIB	NFKBIB	P	not_sig	beige	not_sig
6.09710461336014e-08	0.190331652680093	0.181	0.152	0.00457996207241774	P:r1@SPOUT1	P:r1@SPOUT1	P:r1@SPOUT1	SPOUT1	SPOUT1	P	not_sig	beige	not_sig
4.8408579609042e-13	0.190165559680908	0.358	0.306	3.6363072744924e-08	P:r1@EXT2	P:r1@EXT2	P:r1@EXT2	EXT2	EXT2	P	not_sig	beige	not_sig
4.39844844628211e-10	0.190144951409592	0.224	0.188	3.30398251939373e-05	P:r1@FAM189B	P:r1@FAM189B	P:r1@FAM189B	FAM189B	FAM189B	P	not_sig	beige	not_sig
1.33270075336777e-17	0.189940002675509	0.55	0.49	1.00108482490727e-12	P:r1@MAN1A1	P:r1@MAN1A1	P:r1@MAN1A1	MAN1A1	MAN1A1	P	not_sig	beige	not_sig
1.32072724722972e-25	0.189929317918667	0.789	0.742	9.92090686301549e-21	P:r1@ST6GALNAC4	P:r1@ST6GALNAC4	P:r1@ST6GALNAC4	ST6GALNAC4	ST6GALNAC4	P	not_sig	beige	not_sig
3.17137797497418e-08	0.189620249003623	0.198	0.167	0.00238224399346135	P:r1@AP1B1	P:r1@AP1B1	P:r1@AP1B1	AP1B1	AP1B1	P	not_sig	beige	not_sig
1.60368955143535e-32	0.189545034024842	0.784	0.716	1.20464348035169e-27	P:r1@VAT1	P:r1@VAT1	P:r1@VAT1	VAT1	VAT1	P	not_sig	beige	not_sig
6.67204333724599e-09	0.189477966491172	0.221	0.187	0.000501183879363907	P:r1@ZDHHC18	P:r1@ZDHHC18	P:r1@ZDHHC18	ZDHHC18	ZDHHC18	P	not_sig	beige	not_sig
8.73850372590151e-16	0.189332325886666	0.505	0.446	6.56410184378544e-11	P:r1@PNMA1	P:r1@PNMA1	P:r1@PNMA1	PNMA1	PNMA1	P	not_sig	beige	not_sig
1.21194117690974e-13	0.189215435336591	0.384	0.332	9.10373853859292e-09	P:r1@RBFOX2	P:r1@RBFOX2	P:r1@RBFOX2	RBFOX2	RBFOX2	P	not_sig	beige	not_sig
7.04102281751991e-10	0.189194378577731	0.256	0.218	5.28900510983643e-05	P:r1@GTF3C5	P:r1@GTF3C5	P:r1@GTF3C5	GTF3C5	GTF3C5	P	not_sig	beige	not_sig
1.52601285735394e-09	0.188722758143069	0.254	0.216	0.000114629507805856	P:r1@CENPA,r1@SLC35F6	P:r1@CENPA,r1@SLC35F6	P:r1@CENPA,r1@SLC35F6	CENPA	CENPA,SLC35F6	P	not_sig	beige	not_sig
4.99320017822232e-11	0.188675676604262	0.269	0.227	3.75074217787526e-06	P:r1@SGSM3	P:r1@SGSM3	P:r1@SGSM3	SGSM3	SGSM3	P	not_sig	beige	not_sig
1.52821029593048e-09	0.188632366281172	0.457	0.414	0.00011479457279941	P:r1@DGAT1	P:r1@DGAT1	P:r1@DGAT1	DGAT1	DGAT1	P	not_sig	beige	not_sig
7.47332438651878e-17	0.18849852310951	0.398	0.338	5.61373707942131e-12	P:r1@LRRC47	P:r1@LRRC47	P:r1@LRRC47	LRRC47	LRRC47	P	not_sig	beige	not_sig
5.01696496476174e-14	0.188381169073734	0.449	0.392	3.76859357258008e-09	P:r1@PCNX1	P:r1@PCNX1	P:r1@PCNX1	PCNX1	PCNX1	P	not_sig	beige	not_sig
6.58407694981411e-10	0.188240607182852	0.199	0.164	4.94576108239187e-05	P:r1@UBQLN4	P:r1@UBQLN4	P:r1@UBQLN4	UBQLN4	UBQLN4	P	not_sig	beige	not_sig
5.32397664559806e-08	0.18809805839532	0.23	0.198	0.0039992115368739	P:r1@KMT2B	P:r1@KMT2B	P:r1@KMT2B	KMT2B	KMT2B	P	not_sig	beige	not_sig
4.13429815756859e-09	0.187970700308883	0.184	0.152	0.00031055607470208	P:r1@AL358334.3	P:r1@AL358334.3	P:r1@AL358334.3	AL358334.3	AL358334.3	P	not_sig	beige	not_sig
2.69775986979376e-08	0.187794617135856	0.25	0.217	0.00202647628139298	P:r1@TOR1B	P:r1@TOR1B	P:r1@TOR1B	TOR1B	TOR1B	P	not_sig	beige	not_sig
4.42862516189297e-08	0.187633288173294	0.237	0.206	0.00332665036285914	P:r1@ITPK1	P:r1@ITPK1	P:r1@ITPK1	ITPK1	ITPK1	P	not_sig	beige	not_sig
1.19587642034239e-15	0.187543193394332	0.486	0.426	8.98306490668593e-11	P:r1@HK1	P:r1@HK1	P:r1@HK1	HK1	HK1	P	not_sig	beige	not_sig
6.04307538175569e-17	0.187500343174352	0.438	0.374	4.53937693451342e-12	P:r1@ALKBH5	P:r1@ALKBH5	P:r1@ALKBH5	ALKBH5	ALKBH5	P	not_sig	beige	not_sig
8.75059654291871e-10	0.187458705542539	0.158	0.127	6.57318560514425e-05	P:r1@POLG	P:r1@POLG	P:r1@POLG	POLG	POLG	P	not_sig	beige	not_sig
2.54579784930479e-13	0.187359378056529	0.441	0.386	1.91232697046228e-08	P:r1@ANTXR2	P:r1@ANTXR2	P:r1@ANTXR2	ANTXR2	ANTXR2	P	not_sig	beige	not_sig
1.15484442100172e-47	0.187359016415112	0.962	0.94	8.6748448372386e-43	P:r1@ACADVL	P:r1@ACADVL	P:r1@ACADVL	ACADVL	ACADVL	P	not_sig	beige	not_sig
5.31362654806575e-08	0.187322379470471	0.163	0.136	0.00399143685411055	P:r1@ABCB10	P:r1@ABCB10	P:r1@ABCB10	ABCB10	ABCB10	P	not_sig	beige	not_sig
4.66742942728164e-15	0.187278739825081	0.472	0.414	3.50603296289115e-10	P:r1@PTPRG	P:r1@PTPRG	P:r1@PTPRG	PTPRG	PTPRG	P	not_sig	beige	not_sig
3.91511882465072e-13	0.187217220692387	0.399	0.346	2.94091980751288e-08	P:r1@HNRNPUL1	P:r1@HNRNPUL1	P:r1@HNRNPUL1	HNRNPUL1	HNRNPUL1	P	not_sig	beige	not_sig
1.23484095023782e-12	0.187175487295012	0.316	0.269	9.27575476590144e-08	P:r1@CTU2	P:r1@CTU2	P:r1@CTU2	CTU2	CTU2	P	not_sig	beige	not_sig
2.22821045825525e-09	0.186961178579411	0.183	0.152	0.00016737648499276	P:r1@ZBTB47	P:r1@ZBTB47	P:r1@ZBTB47	ZBTB47	ZBTB47	P	not_sig	beige	not_sig
3.77107216395018e-09	0.186794910342693	0.385	0.347	0.000283271627739445	P:r1@IER5L	P:r1@IER5L	P:r1@IER5L	IER5L	IER5L	P	not_sig	beige	not_sig
1.06631667229006e-10	0.18677372493152	0.715	0.692	8.00985094724124e-06	P:r1@APCDD1	P:r1@APCDD1	P:r1@APCDD1	APCDD1	APCDD1	P	not_sig	beige	not_sig
5.74241287283959e-12	0.186679332487551	0.31	0.264	4.31352827769091e-07	P:r1@CSNK1G2	P:r1@CSNK1G2	P:r1@CSNK1G2	CSNK1G2	CSNK1G2	P	not_sig	beige	not_sig
4.76099145879394e-08	0.186588347641023	0.137	0.111	0.00357631395410224	P:r1@NCDN	P:r1@NCDN	P:r1@NCDN	NCDN	NCDN	P	not_sig	beige	not_sig
5.26505944205906e-14	0.186570755911977	0.398	0.343	3.9549547010915e-09	P:r1@BTBD6	P:r1@BTBD6	P:r1@BTBD6	BTBD6	BTBD6	P	not_sig	beige	not_sig
9.72619173951093e-10	0.186495567050478	0.26	0.223	7.30602344896843e-05	P:r1@NPLOC4	P:r1@NPLOC4	P:r1@NPLOC4	NPLOC4	NPLOC4	P	not_sig	beige	not_sig
1.89223574880986e-08	0.186492362857376	0.165	0.137	0.0014213907274335	P:r1@PLCG1	P:r1@PLCG1	P:r1@PLCG1	PLCG1	PLCG1	P	not_sig	beige	not_sig
2.17215383783697e-17	0.18632072553794	0.877	0.843	1.631656798368e-12	P:r1@DDIT4	P:r1@DDIT4	P:r1@DDIT4	DDIT4	DDIT4	P	not_sig	beige	not_sig
4.50531954944079e-17	0.186241521120689	0.504	0.44	3.38426088595344e-12	P:r1@OGFR	P:r1@OGFR	P:r1@OGFR	OGFR	OGFR	P	not_sig	beige	not_sig
1.56831614400598e-19	0.18618589175376	0.559	0.494	1.17807203789297e-14	P:r1@GPR108,r1@MIR6791	P:r1@GPR108,r1@MIR6791	P:r1@GPR108,r1@MIR6791	GPR108	GPR108,MIR6791	P	not_sig	beige	not_sig
1.7017768739428e-16	0.186134050913331	0.406	0.347	1.27832373439961e-11	P:r1@NADK	P:r1@NADK	P:r1@NADK	NADK	NADK	P	not_sig	beige	not_sig
8.22388515318879e-16	0.186060495383831	0.48	0.421	6.17753581052083e-11	P:r1@E2F4	P:r1@E2F4	P:r1@E2F4	E2F4	E2F4	P	not_sig	beige	not_sig
6.84520540643002e-08	0.185911014879682	0.147	0.121	0.00514191294514804	P:r1@XPO7	P:r1@XPO7	P:r1@XPO7	XPO7	XPO7	P	not_sig	beige	not_sig
1.30133554159459e-12	0.185621375221995	0.282	0.237	9.77524218779606e-08	P:r1@SPATA20	P:r1@SPATA20	P:r1@SPATA20	SPATA20	SPATA20	P	not_sig	beige	not_sig
5.13208999327359e-08	0.185519636638133	0.192	0.163	0.00385507204024732	P:r1@RIPOR3	P:r1@RIPOR3	P:r1@RIPOR3	RIPOR3	RIPOR3	P	not_sig	beige	not_sig
4.56390456245578e-08	0.185367965549119	0.158	0.13	0.00342826819017991	P:r1@ARID1B	P:r1@ARID1B	P:r1@ARID1B	ARID1B	ARID1B	P	not_sig	beige	not_sig
4.20287996380508e-22	0.185331214855501	0.753	0.694	3.15707734241146e-17	P:r1@LAMB1	P:r1@LAMB1	P:r1@LAMB1	LAMB1	LAMB1	P	not_sig	beige	not_sig
2.74408739930875e-16	0.185283943464169	0.495	0.431	2.06127613173876e-11	P:r1@VPS51	P:r1@VPS51	P:r1@VPS51	VPS51	VPS51	P	not_sig	beige	not_sig
4.79251072065585e-11	0.1852230398434	0.285	0.243	3.59999027803505e-06	P:r1@ZNF579	P:r1@ZNF579	P:r1@ZNF579	ZNF579	ZNF579	P	not_sig	beige	not_sig
6.36073702779386e-18	0.185162327889001	0.545	0.48	4.77799483316792e-13	P:r1@IDUA	P:r1@IDUA	P:r1@IDUA	IDUA	IDUA	P	not_sig	beige	not_sig
8.23019022320592e-09	0.184971562596823	0.184	0.154	0.000618227198996559	P:r1@AP5Z1	P:r1@AP5Z1	P:r1@AP5Z1	AP5Z1	AP5Z1	P	not_sig	beige	not_sig
8.45851711569672e-22	0.184947230888535	0.728	0.668	6.35378430179791e-17	P:r1@ADDG0X054809540.F,r1@MAGED2	P:r1@ADDG0X054809540.F,r1@MAGED2	P:r1@..540.F,r1@MAGED2	..540.F	ADDG0X054809540.F,MAGED2	P	not_sig	beige	not_sig
1.38227821554857e-19	0.184929503313616	0.618	0.558	1.03832592717362e-14	P:r1@SLC2A4RG	P:r1@SLC2A4RG	P:r1@SLC2A4RG	SLC2A4RG	SLC2A4RG	P	not_sig	beige	not_sig
9.53544177150289e-12	0.18472206740956	0.372	0.324	7.16273779549983e-07	P:r1@CARS2	P:r1@CARS2	P:r1@CARS2	CARS2	CARS2	P	not_sig	beige	not_sig
3.87918473187334e-13	0.184693363523636	0.599	0.553	2.9139271950413e-08	P:r1@C1QTNF1	P:r1@C1QTNF1	P:r1@C1QTNF1	C1QTNF1	C1QTNF1	P	not_sig	beige	not_sig
6.79935094487453e-22	0.184185061664969	0.689	0.628	5.1074684492614e-17	P:r1@ACO2	P:r1@ACO2	P:r1@ACO2	ACO2	ACO2	P	not_sig	beige	not_sig
3.36445393692553e-12	0.183988633561095	0.241	0.197	2.52727686380035e-07	P:r1@ENTPD6	P:r1@ENTPD6	P:r1@ENTPD6	ENTPD6	ENTPD6	P	not_sig	beige	not_sig
1.48036948616898e-15	0.18394118676602	0.562	0.504	1.11200914692555e-10	P:r1@BRD2	P:r1@BRD2	P:r1@BRD2	BRD2	BRD2	P	not_sig	beige	not_sig
1.05045206690035e-07	0.183932784019225	0.184	0.156	0.00789068079093534	P:r1@IPO4	P:r1@IPO4	P:r1@IPO4	IPO4	IPO4	P	not_sig	beige	not_sig
3.17625380866636e-08	0.183559446004708	0.226	0.194	0.00238590657345591	P:r1@THTPA	P:r1@THTPA	P:r1@THTPA	THTPA	THTPA	P	not_sig	beige	not_sig
1.00987086059461e-14	0.183431185198973	0.498	0.443	7.58584694352855e-10	P:r1@CBSL	P:r1@CBSL	P:r1@CBSL	CBSL	CBSL	P	not_sig	beige	not_sig
5.49803119952461e-15	0.18339217217771	0.489	0.435	4.1299560961469e-10	P:r1@MYCBP2	P:r1@MYCBP2	P:r1@MYCBP2	MYCBP2	MYCBP2	P	not_sig	beige	not_sig
1.09180355863507e-14	0.183350645763683	0.404	0.349	8.20130079139909e-10	P:r1@TAF6	P:r1@TAF6	P:r1@TAF6	TAF6	TAF6	P	not_sig	beige	not_sig
2.28694730443707e-17	0.183299376710073	0.582	0.518	1.71788620667399e-12	P:r1@MAZ,r1@AC009133.5	P:r1@MAZ,r1@AC009133.5	P:r1@MAZ,r1@AC009133.5	MAZ	MAZ,AC009133.5	P	not_sig	beige	not_sig
9.17263920512246e-08	0.183228842991271	0.155	0.128	0.00689021139171184	P:r1@MON1A	P:r1@MON1A	P:r1@MON1A	MON1A	MON1A	P	not_sig	beige	not_sig
5.22014522011654e-11	0.18321042204319	0.619	0.577	3.92121648499494e-06	P:r1@MSX1	P:r1@MSX1	P:r1@MSX1	MSX1	MSX1	P	not_sig	beige	not_sig
3.68183766353168e-16	0.182956065848473	0.554	0.496	2.76568599771509e-11	P:r1@APEH	P:r1@APEH	P:r1@APEH	APEH	APEH	P	not_sig	beige	not_sig
8.26425324958165e-08	0.18292045167312	0.131	0.106	0.00620785911348825	P:r1@ADDG01201782859.R	P:r1@ADDG01201782859.R	P:r1@..859.R	..859.R	ADDG01201782859.R	P	not_sig	beige	not_sig
2.13616524391773e-10	0.182890862447778	0.768	0.745	1.60462324627368e-05	P:r1@ZFP36L2	P:r1@ZFP36L2	P:r1@ZFP36L2	ZFP36L2	ZFP36L2	P	not_sig	beige	not_sig
2.2723339818884e-08	0.182718912155904	0.248	0.215	0.00170690911717511	P:r1@BRI3BP	P:r1@BRI3BP	P:r1@BRI3BP	BRI3BP	BRI3BP	P	not_sig	beige	not_sig
1.34065953890517e-18	0.182214414548895	0.986	0.978	1.0070632258394e-13	P:r1@PNPLA2	P:r1@PNPLA2	P:r1@PNPLA2	PNPLA2	PNPLA2	P	not_sig	beige	not_sig
8.81479866149393e-16	0.182206750094608	0.62	0.568	6.6214123105544e-11	P:r1@SLIT3	P:r1@SLIT3	P:r1@SLIT3	SLIT3	SLIT3	P	not_sig	beige	not_sig
9.85053682384346e-17	0.182168590078488	0.498	0.434	7.39942774596649e-12	P:r1@MARVELD1	P:r1@MARVELD1	P:r1@MARVELD1	MARVELD1	MARVELD1	P	not_sig	beige	not_sig
2.51484160398914e-25	0.181912771316898	0.674	0.604	1.88907356766852e-20	P:r1@HSF1	P:r1@HSF1	P:r1@HSF1	HSF1	HSF1	P	not_sig	beige	not_sig
1.03629971028509e-10	0.181887848547317	0.274	0.233	7.78437253374853e-06	P:r1@CHST14	P:r1@CHST14	P:r1@CHST14	CHST14	CHST14	P	not_sig	beige	not_sig
4.94526281539258e-10	0.18184408867537	0.185	0.152	3.71473306903844e-05	P:r1@NAB2	P:r1@NAB2	P:r1@NAB2	NAB2	NAB2	P	not_sig	beige	not_sig
1.58150880409757e-08	-0.181820998073374	0.478	0.497	0.00118798196837397	D:r1@ADDG05151662621.R	D:r1@ADDG05151662621.R	D:r1@..621.R	..621.R	ADDG05151662621.R	D	not_sig	white	not_sig
8.67232663136525e-25	0.181764092560248	0.693	0.619	6.51439159568263e-20	P:r1@EIF3B	P:r1@EIF3B	P:r1@EIF3B	EIF3B	EIF3B	P	not_sig	beige	not_sig
1.48431622259435e-32	0.181663668009191	0.834	0.778	1.1149738169262e-27	P:r1@FKBP8	P:r1@FKBP8	P:r1@FKBP8	FKBP8	FKBP8	P	not_sig	beige	not_sig
4.93844539872706e-10	0.181639050076214	0.319	0.277	3.7096120301618e-05	P:r1@UBP1	P:r1@UBP1	P:r1@UBP1	UBP1	UBP1	P	not_sig	beige	not_sig
2.85589995825406e-10	0.181634227604252	0.281	0.242	2.1452663716417e-05	P:r1@TEAD2	P:r1@TEAD2	P:r1@TEAD2	TEAD2	TEAD2	P	not_sig	beige	not_sig
5.22039672261265e-18	0.181569984391116	0.532	0.472	3.92140540612494e-13	P:r1@TNS1	P:r1@TNS1	P:r1@TNS1	TNS1	TNS1	P	not_sig	beige	not_sig
2.31714642596364e-10	0.181426507777716	0.207	0.169	1.74057088079111e-05	P:r1@USP5	P:r1@USP5	P:r1@USP5	USP5	USP5	P	not_sig	beige	not_sig
8.62753108385015e-12	0.181420519599337	0.327	0.28	6.48074252425571e-07	P:r1@PTDSS2	P:r1@PTDSS2	P:r1@PTDSS2	PTDSS2	PTDSS2	P	not_sig	beige	not_sig
1.90047158539126e-18	0.18121878288832	0.558	0.487	1.42757724079835e-13	P:r1@TMEM161A	P:r1@TMEM161A	P:r1@TMEM161A	TMEM161A	TMEM161A	P	not_sig	beige	not_sig
1.94578524177701e-10	0.181213718404944	0.249	0.21	1.46161550006563e-05	P:r1@MGRN1	P:r1@MGRN1	P:r1@MGRN1	MGRN1	MGRN1	P	not_sig	beige	not_sig
8.44870545290885e-17	0.181179348681119	0.503	0.442	6.34641407506154e-12	P:r1@ST6GALNAC6,r1@AL157935.2	P:r1@ST6GALNAC6,r1@AL157935.2	P:r1@ST6GALNAC6,r1@AL157935.2	ST6GALNAC6	ST6GALNAC6,AL157935.2	P	not_sig	beige	not_sig
3.28537048213965e-19	0.181134245706536	0.52	0.45	2.46787174506884e-14	P:r1@NADSYN1	P:r1@NADSYN1	P:r1@NADSYN1	NADSYN1	NADSYN1	P	not_sig	beige	not_sig
5.8798760246336e-13	0.181114014176931	0.482	0.432	4.41678647342402e-08	P:r1@TRIOBP	P:r1@TRIOBP	P:r1@TRIOBP	TRIOBP	TRIOBP	P	not_sig	beige	not_sig
3.77139491686297e-14	0.180716004341686	0.491	0.438	2.83295871969996e-09	P:r1@DSE	P:r1@DSE	P:r1@DSE	DSE	DSE	P	not_sig	beige	not_sig
1.19921600473958e-10	0.180457349065537	0.423	0.379	9.00815086280227e-06	P:r1@NFIB	P:r1@NFIB	P:r1@NFIB	NFIB	NFIB	P	not_sig	beige	not_sig
1.16009398764032e-07	0.180371663299194	0.173	0.145	0.00871427800695783	P:r1@TCAF1	P:r1@TCAF1	P:r1@TCAF1	TCAF1	TCAF1	P	not_sig	beige	not_sig
1.79029992684048e-09	0.180293471560671	0.205	0.171	0.000134481959604477	P:r1@ANKFY1	P:r1@ANKFY1	P:r1@ANKFY1	ANKFY1	ANKFY1	P	not_sig	beige	not_sig
1.26889688528588e-09	0.180277609120746	0.211	0.176	9.53157273320198e-05	P:r1@ALAD	P:r1@ALAD	P:r1@ALAD	ALAD	ALAD	P	not_sig	beige	not_sig
4.04744812194224e-14	0.180272339243406	0.49	0.437	3.04032160575936e-09	P:r1@AACS	P:r1@AACS	P:r1@AACS	AACS	AACS	P	not_sig	beige	not_sig
1.82774700146931e-18	0.180197164627178	0.565	0.501	1.3729487150937e-13	P:r1@MGAT4B	P:r1@MGAT4B	P:r1@MGAT4B	MGAT4B	MGAT4B	P	not_sig	beige	not_sig
1.88447044592256e-13	0.180076844192406	0.355	0.302	1.41555766486365e-08	P:r1@NRSN2	P:r1@NRSN2	P:r1@NRSN2	NRSN2	NRSN2	P	not_sig	beige	not_sig
5.26580083677696e-10	0.179995494086794	0.428	0.387	3.95551161456175e-05	P:r1@CLIP3	P:r1@CLIP3	P:r1@CLIP3	CLIP3	CLIP3	P	not_sig	beige	not_sig
7.08236335219369e-11	0.179888938796622	0.343	0.298	5.32005887926734e-06	P:r1@ELOA	P:r1@ELOA	P:r1@ELOA	ELOA	ELOA	P	not_sig	beige	not_sig
7.00448729821109e-13	0.179877776955728	0.408	0.354	5.26156072379722e-08	P:r1@TBC1D17	P:r1@TBC1D17	P:r1@TBC1D17	TBC1D17	TBC1D17	P	not_sig	beige	not_sig
3.26921565604638e-17	0.179864948295308	0.577	0.513	2.45573672435236e-12	P:r1@SORBS3	P:r1@SORBS3	P:r1@SORBS3	SORBS3	SORBS3	P	not_sig	beige	not_sig
8.48695698040576e-25	0.179738388072729	0.792	0.738	6.37514747497139e-20	P:r1@AAMP	P:r1@AAMP	P:r1@AAMP	AAMP	AAMP	P	not_sig	beige	not_sig
7.10968076422611e-09	0.179737939628244	0.229	0.194	0.000534057889966373	P:r1@RAF1	P:r1@RAF1	P:r1@RAF1	RAF1	RAF1	P	not_sig	beige	not_sig
6.58972228743233e-12	0.179684738895691	0.235	0.192	4.95000169065055e-07	P:r1@TMEM184B	P:r1@TMEM184B	P:r1@TMEM184B	TMEM184B	TMEM184B	P	not_sig	beige	not_sig
3.22387544777111e-12	0.179630493069023	0.31	0.262	2.42167852010223e-07	P:r1@SLC22A17	P:r1@SLC22A17	P:r1@SLC22A17	SLC22A17	SLC22A17	P	not_sig	beige	not_sig
7.27640409188739e-10	0.179507921548517	0.308	0.268	5.46581646170305e-05	P:r1@PRMT7	P:r1@PRMT7	P:r1@PRMT7	PRMT7	PRMT7	P	not_sig	beige	not_sig
3.6399471199985e-08	0.179401651883948	0.306	0.268	0.00273421907812927	P:r1@LONP1	P:r1@LONP1	P:r1@LONP1	LONP1	LONP1	P	not_sig	beige	not_sig
8.55527149954224e-11	0.179291876363007	0.609	0.572	6.42646329231114e-06	P:r1@PHGDH	P:r1@PHGDH	P:r1@PHGDH	PHGDH	PHGDH	P	not_sig	beige	not_sig
6.95126396784532e-13	0.179180721996536	0.369	0.317	5.22158095472637e-08	P:r1@TRMT1	P:r1@TRMT1	P:r1@TRMT1	TRMT1	TRMT1	P	not_sig	beige	not_sig
2.49500533969635e-17	0.179149251679898	0.52	0.455	1.87417316101971e-12	P:r1@FAM234A	P:r1@FAM234A	P:r1@FAM234A	FAM234A	FAM234A	P	not_sig	beige	not_sig
2.18359856471011e-18	0.179068294761937	0.759	0.706	1.64025373385329e-13	P:r1@CHPF	P:r1@CHPF	P:r1@CHPF	CHPF	CHPF	P	not_sig	beige	not_sig
1.2746274509467e-11	0.178824818892414	0.276	0.231	9.57461902327635e-07	P:r1@RNF20	P:r1@RNF20	P:r1@RNF20	RNF20	RNF20	P	not_sig	beige	not_sig
1.43155866433125e-14	0.178614358555144	0.534	0.482	1.07534392188571e-09	P:r1@ENC1	P:r1@ENC1	P:r1@ENC1	ENC1	ENC1	P	not_sig	beige	not_sig
7.54016914020072e-17	0.178506875274974	0.716	0.669	5.66394885304457e-12	P:r1@FBN1	P:r1@FBN1	P:r1@FBN1	FBN1	FBN1	P	not_sig	beige	not_sig
5.64786503264229e-24	0.178503480035388	0.741	0.677	4.24250677656991e-19	P:r1@CLPTM1	P:r1@CLPTM1	P:r1@CLPTM1	CLPTM1	CLPTM1	P	not_sig	beige	not_sig
2.23306489430651e-14	0.178435032794296	0.406	0.348	1.67741135665622e-09	P:r1@UBQLN2	P:r1@UBQLN2	P:r1@UBQLN2	UBQLN2	UBQLN2	P	not_sig	beige	not_sig
2.59286089738339e-18	0.178408468097165	0.726	0.68	1.94767932028748e-13	P:r1@ACTN1	P:r1@ACTN1	P:r1@ACTN1	ACTN1	ACTN1	P	not_sig	beige	not_sig
2.88188627203956e-15	0.178373017829641	0.509	0.45	2.16478651096796e-10	P:r1@PDXDC1	P:r1@PDXDC1	P:r1@PDXDC1	PDXDC1	PDXDC1	P	not_sig	beige	not_sig
9.25545573929324e-15	0.17835895257268	0.516	0.459	6.9524206876849e-10	P:r1@TOB2	P:r1@TOB2	P:r1@TOB2	TOB2	TOB2	P	not_sig	beige	not_sig
3.87654330678809e-13	0.178190943246631	0.484	0.43	2.91194303576001e-08	P:r1@GJA1	P:r1@GJA1	P:r1@GJA1	GJA1	GJA1	P	not_sig	beige	not_sig
3.70267045389447e-26	0.178034533495198	0.846	0.81	2.78133496485191e-21	P:r1@LPCAT3	P:r1@LPCAT3	P:r1@LPCAT3	LPCAT3	LPCAT3	P	not_sig	beige	not_sig
6.41410996438694e-11	0.178031204562656	0.402	0.355	4.81808698194854e-06	P:r1@U2AF2	P:r1@U2AF2	P:r1@U2AF2	U2AF2	U2AF2	P	not_sig	beige	not_sig
6.65613867850901e-08	0.177534643981305	0.26	0.227	0.00499989169113562	P:r1@RPUSD4	P:r1@RPUSD4	P:r1@RPUSD4	RPUSD4	RPUSD4	P	not_sig	beige	not_sig
9.97035017005371e-09	0.177527859482084	0.223	0.19	0.000748942793723925	P:r1@ZNF7	P:r1@ZNF7	P:r1@ZNF7	ZNF7	ZNF7	P	not_sig	beige	not_sig
3.31735524851168e-15	0.177461297573623	0.418	0.36	2.49189774202452e-10	P:r1@SSBP4	P:r1@SSBP4	P:r1@SSBP4	SSBP4	SSBP4	P	not_sig	beige	not_sig
2.42357676177038e-13	0.177374827889057	0.435	0.379	1.82051815613906e-08	P:r1@MTFR1L	P:r1@MTFR1L	P:r1@MTFR1L	MTFR1L	MTFR1L	P	not_sig	beige	not_sig
4.32669589635863e-08	0.177356615160281	0.232	0.199	0.00325008415646771	P:r1@CLASRP	P:r1@CLASRP	P:r1@CLASRP	CLASRP	CLASRP	P	not_sig	beige	not_sig
6.91097949189602e-19	0.177337794232862	0.64	0.58	5.19132046492753e-14	P:r1@WBP2	P:r1@WBP2	P:r1@WBP2	WBP2	WBP2	P	not_sig	beige	not_sig
1.90329150665067e-18	0.177183315326154	0.688	0.632	1.42969548105079e-13	P:r1@PABPC4	P:r1@PABPC4	P:r1@PABPC4	PABPC4	PABPC4	P	not_sig	beige	not_sig
8.47230217768156e-15	0.176886010354867	0.462	0.402	6.36413922680906e-10	P:r1@MBOAT7	P:r1@MBOAT7	P:r1@MBOAT7	MBOAT7	MBOAT7	P	not_sig	beige	not_sig
5.82184446917048e-16	0.176633618608853	0.555	0.491	4.37319490990679e-11	P:r1@TMEM115	P:r1@TMEM115	P:r1@TMEM115	TMEM115	TMEM115	P	not_sig	beige	not_sig
5.34906183631704e-20	0.176371631130496	0.527	0.455	4.01805477958627e-15	P:r1@TMEM109	P:r1@TMEM109	P:r1@TMEM109	TMEM109	TMEM109	P	not_sig	beige	not_sig
7.14855678769499e-16	0.176187111206662	0.533	0.474	5.36978140221285e-11	P:r1@NOC2L	P:r1@NOC2L	P:r1@NOC2L	NOC2L	NOC2L	P	not_sig	beige	not_sig
2.41305768864858e-09	0.175831938203863	0.271	0.233	0.000181261654398215	P:r1@MIB2	P:r1@MIB2	P:r1@MIB2	MIB2	MIB2	P	not_sig	beige	not_sig
1.89874353711179e-14	0.175829199294739	0.526	0.469	1.42627918277227e-09	P:r1@B4GALT2	P:r1@B4GALT2	P:r1@B4GALT2	B4GALT2	B4GALT2	P	not_sig	beige	not_sig
1.49562806053636e-09	0.175664812051064	0.27	0.233	0.00011234709302331	P:r1@ZNHIT2	P:r1@ZNHIT2	P:r1@ZNHIT2	ZNHIT2	ZNHIT2	P	not_sig	beige	not_sig
9.51821709100164e-21	0.175007823881655	0.643	0.57	7.1497991322477e-16	P:r1@CTNNB1	P:r1@CTNNB1	P:r1@CTNNB1	CTNNB1	CTNNB1	P	not_sig	beige	not_sig
2.09250391864028e-16	0.174982311837314	0.521	0.46	1.57182616856502e-11	P:r1@SIRT2	P:r1@SIRT2	P:r1@SIRT2	SIRT2	SIRT2	P	not_sig	beige	not_sig
1.20063015047194e-14	0.174614384752221	0.51	0.45	9.01877350130009e-10	P:r1@STX5	P:r1@STX5	P:r1@STX5	STX5	STX5	P	not_sig	beige	not_sig
2.75250583120617e-21	0.174552561417353	0.853	0.819	2.06759980522714e-16	P:r1@ACSL1	P:r1@ACSL1	P:r1@ACSL1	ACSL1	ACSL1	P	not_sig	beige	not_sig
2.04344520751202e-14	0.174510938466615	0.526	0.468	1.53497473652681e-09	P:r1@CERS2	P:r1@CERS2	P:r1@CERS2	CERS2	CERS2	P	not_sig	beige	not_sig
2.85502192985102e-10	0.174074670561387	0.26	0.22	2.14460682304619e-05	P:r1@GGT7	P:r1@GGT7	P:r1@GGT7	GGT7	GGT7	P	not_sig	beige	not_sig
2.12937293043766e-11	0.174057243689894	0.339	0.293	1.59952106415686e-06	P:r1@RPUSD1	P:r1@RPUSD1	P:r1@RPUSD1	RPUSD1	RPUSD1	P	not_sig	beige	not_sig
2.46200693532188e-15	0.174032083221146	0.513	0.451	1.84938574960574e-10	P:r1@ABCF2,r1@ABCF2.2	P:r1@ABCF2,r1@ABCF2.2	P:r1@ABCF2,r1@ABCF2.2	ABCF2	ABCF2,ABCF2.2	P	not_sig	beige	not_sig
8.26835056901358e-12	0.174011951799288	0.42	0.37	6.21093689692593e-07	P:r1@A4GALT	P:r1@A4GALT	P:r1@A4GALT	A4GALT	A4GALT	P	not_sig	beige	not_sig
9.87715827238038e-10	0.173924299257807	0.298	0.257	7.41942497946397e-05	P:r1@UBALD1	P:r1@UBALD1	P:r1@UBALD1	UBALD1	UBALD1	P	not_sig	beige	not_sig
3.23605411396456e-10	-0.173617975575758	0.449	0.484	2.43082676878676e-05	P:r1@RBP4	P:r1@RBP4	P:r1@RBP4	RBP4	RBP4	P	not_sig	white	not_sig
4.68135840564592e-11	0.173306901900749	0.454	0.407	3.51649599356904e-06	P:r1@MAGED4B	P:r1@MAGED4B	P:r1@MAGED4B	MAGED4B	MAGED4B	P	not_sig	beige	not_sig
3.01001762153352e-13	0.173238139163428	0.31	0.26	2.26103493676734e-08	P:r1@GYS1	P:r1@GYS1	P:r1@GYS1	GYS1	GYS1	P	not_sig	beige	not_sig
1.07994304412535e-44	0.17302994271529	0.975	0.959	8.11220816455637e-40	P:r1@GRINA	P:r1@GRINA	P:r1@GRINA	GRINA	GRINA	P	not_sig	beige	not_sig
8.31754520253387e-10	0.173016226556144	0.244	0.205	6.24789042978737e-05	D:r1@ADDG01165669347.F	D:r1@ADDG01165669347.F	D:r1@..347.F	..347.F	ADDG01165669347.F	D	not_sig	beige	not_sig
1.64255720325769e-08	0.172929022446238	0.197	0.165	0.00123383969437108	P:r1@MLLT1	P:r1@MLLT1	P:r1@MLLT1	MLLT1	MLLT1	P	not_sig	beige	not_sig
1.27052953273401e-15	0.172628151590362	0.448	0.386	9.54383669103806e-11	P:r1@HIST2H2AC	P:r1@HIST2H2AC	P:r1@HIST2H2AC	HIST2H2AC	HIST2H2AC	P	not_sig	beige	not_sig
2.2241183602834e-18	0.172599119755152	0.645	0.583	1.67069098869408e-13	P:r1@SLC52A2	P:r1@SLC52A2	P:r1@SLC52A2	SLC52A2	SLC52A2	P	not_sig	beige	not_sig
5.95943392008879e-15	0.172390789017102	0.461	0.401	4.4765479777531e-10	P:r1@PRRC2A	P:r1@PRRC2A	P:r1@PRRC2A	PRRC2A	PRRC2A	P	not_sig	beige	not_sig
1.06537573289933e-10	0.172179350624561	0.304	0.261	8.00278289281992e-06	P:r1@CSK	P:r1@CSK	P:r1@CSK	CSK	CSK	P	not_sig	beige	not_sig
3.59654246131457e-11	0.172013148387055	0.329	0.282	2.70161480066567e-06	P:r1@PURA	P:r1@PURA	P:r1@PURA	PURA	PURA	P	not_sig	beige	not_sig
2.70189061895969e-09	0.171753907155464	0.28	0.24	0.000202957917624395	P:r1@ESYT2	P:r1@ESYT2	P:r1@ESYT2	ESYT2	ESYT2	P	not_sig	beige	not_sig
2.72794547809032e-09	0.171626446583284	0.249	0.212	0.000204915080477711	P:r1@TMEM245	P:r1@TMEM245	P:r1@TMEM245	TMEM245	TMEM245	P	not_sig	beige	not_sig
1.65312021424212e-24	-0.171403087459774	0.768	0.794	1.24177431133225e-19	D:r1@ADDG11065439683.F	D:r1@ADDG11065439683.F	D:r1@..683.F	..683.F	ADDG11065439683.F	D	not_sig	white	not_sig
1.4035703691366e-38	0.171266468518896	0.96	0.945	1.05431995418434e-33	P:r1@G6PD	P:r1@G6PD	P:r1@G6PD	G6PD	G6PD	P	not_sig	beige	not_sig
1.07130186457093e-10	0.17109864002444	0.394	0.348	8.04729821609743e-06	P:r1@SRGAP2	P:r1@SRGAP2	P:r1@SRGAP2	SRGAP2	SRGAP2	P	not_sig	beige	not_sig
4.15222550987252e-36	0.171034197615159	0.995	0.991	3.11902723625094e-31	P:r1@IGFBP4	P:r1@IGFBP4	P:r1@IGFBP4	IGFBP4	IGFBP4	P	not_sig	beige	not_sig
4.42656257903747e-26	0.170844113585088	0.732	0.66	3.32510101249557e-21	P:r1@ADD1	P:r1@ADD1	P:r1@ADD1	ADD1	ADD1	P	not_sig	beige	not_sig
1.95855277937065e-10	0.170819585906556	0.227	0.189	1.47120609127985e-05	P:r1@P3H3	P:r1@P3H3	P:r1@P3H3	P3H3	P3H3	P	not_sig	beige	not_sig
2.59488091499345e-08	0.170565855579546	0.185	0.155	0.00194919669691563	P:r1@CERK	P:r1@CERK	P:r1@CERK	CERK	CERK	P	not_sig	beige	not_sig
5.69201760641336e-13	0.170344143193828	0.466	0.41	4.27567286540952e-08	P:r1@POMGNT2	P:r1@POMGNT2	P:r1@POMGNT2	POMGNT2	POMGNT2	P	not_sig	beige	not_sig
3.47736156476464e-10	0.170285971521738	0.411	0.366	2.61208968660426e-05	P:r1@ENTR1	P:r1@ENTR1	P:r1@ENTR1	ENTR1	ENTR1	P	not_sig	beige	not_sig
1.77253573860465e-12	0.170153983694247	0.324	0.276	1.33147567076766e-07	P:r1@TESK1	P:r1@TESK1	P:r1@TESK1	TESK1	TESK1	P	not_sig	beige	not_sig
1.16896544908014e-07	0.169879648230813	0.547	0.51	0.00878091776385527	P:r2@NBL1	P:r2@NBL1	P:r2@NBL1	NBL1	NBL1	P	not_sig	beige	not_sig
4.30792524380101e-15	0.169823904683323	0.488	0.426	3.235984205386e-10	P:r1@DCTN1	P:r1@DCTN1	P:r1@DCTN1	DCTN1	DCTN1	P	not_sig	beige	not_sig
3.81176214612507e-13	0.169770902682155	0.389	0.335	2.86328137130477e-08	P:r1@SLC16A1	P:r1@SLC16A1	P:r1@SLC16A1	SLC16A1	SLC16A1	P	not_sig	beige	not_sig
2.22694086409628e-08	0.169750444338449	0.298	0.261	0.0016728111688832	P:r1@BCAR3	P:r1@BCAR3	P:r1@BCAR3	BCAR3	BCAR3	P	not_sig	beige	not_sig
2.83373213631419e-27	0.169627454563775	0.784	0.722	2.12861456883513e-22	P:r1@GPAA1	P:r1@GPAA1	P:r1@GPAA1	GPAA1	GPAA1	P	not_sig	beige	not_sig
3.43957338706011e-14	0.169622794183129	0.397	0.337	2.58370434115794e-09	P:r1@LASP1	P:r1@LASP1	P:r1@LASP1	LASP1	LASP1	P	not_sig	beige	not_sig
2.29797812908459e-14	0.16960775336918	0.393	0.335	1.72617223122447e-09	P:r1@FTSJ3	P:r1@FTSJ3	P:r1@FTSJ3	FTSJ3	FTSJ3	P	not_sig	beige	not_sig
2.49920097392213e-14	0.169266495105421	0.408	0.353	1.87732479558108e-09	P:r1@CYBC1	P:r1@CYBC1	P:r1@CYBC1	CYBC1	CYBC1	P	not_sig	beige	not_sig
5.40191965925367e-08	0.169245547348572	0.254	0.22	0.00405775999044158	P:r1@CXXC1	P:r1@CXXC1	P:r1@CXXC1	CXXC1	CXXC1	P	not_sig	beige	not_sig
6.58361787084123e-08	0.16916810523396	0.293	0.258	0.00494541623603981	P:r1@GABARAPL1	P:r1@GABARAPL1	P:r1@GABARAPL1	GABARAPL1	GABARAPL1	P	not_sig	beige	not_sig
1.92880334143263e-11	0.168957038505624	0.448	0.397	1.44885920598395e-06	P:r1@CREB3L2	P:r1@CREB3L2	P:r1@CREB3L2	CREB3L2	CREB3L2	P	not_sig	beige	not_sig
4.25741143838975e-40	0.168925590619466	0.977	0.971	3.19803975017523e-35	P:r1@RASD1	P:r1@RASD1	P:r1@RASD1	RASD1	RASD1	P	not_sig	beige	not_sig
2.23769945224567e-21	0.168830784455459	0.69	0.625	1.68089269754338e-16	P:r1@ARSA	P:r1@ARSA	P:r1@ARSA	ARSA	ARSA	P	not_sig	beige	not_sig
3.00567239256282e-15	0.168657391819372	0.532	0.469	2.25777093112142e-10	P:r1@TPRA1	P:r1@TPRA1	P:r1@TPRA1	TPRA1	TPRA1	P	not_sig	beige	not_sig
2.25776106300595e-09	0.168629886462722	0.224	0.189	0.000169596237769818	P:r1@LATS1	P:r1@LATS1	P:r1@LATS1	LATS1	LATS1	P	not_sig	beige	not_sig
2.43821657786215e-44	0.168546011075377	0.928	0.887	1.83151514679271e-39	P:r1@PTOV1	P:r1@PTOV1	P:r1@PTOV1	PTOV1	PTOV1	P	not_sig	beige	not_sig
1.18803413021846e-13	0.168497941654405	0.311	0.26	8.92415597596203e-09	P:r1@EMC1	P:r1@EMC1	P:r1@EMC1	EMC1	EMC1	P	not_sig	beige	not_sig
9.12117425384618e-09	0.168300488071756	0.248	0.212	0.000685155246426164	P:r1@SLC25A23	P:r1@SLC25A23	P:r1@SLC25A23	SLC25A23	SLC25A23	P	not_sig	beige	not_sig
1.63174519936408e-08	0.168182988906145	0.188	0.157	0.00122571804140631	P:r1@RHBDF1	P:r1@RHBDF1	P:r1@RHBDF1	RHBDF1	RHBDF1	P	not_sig	beige	not_sig
1.13834633564898e-13	0.168079345625826	0.616	0.566	8.55091616949446e-09	P:r1@NT5DC2	P:r1@NT5DC2	P:r1@NT5DC2	NT5DC2	NT5DC2	P	not_sig	beige	not_sig
1.39080348244048e-12	0.167983608388999	0.42	0.366	1.04472985190482e-07	P:r1@HGS	P:r1@HGS	P:r1@HGS	HGS	HGS	P	not_sig	beige	not_sig
9.81306861077422e-10	0.167839725208745	0.829	0.796	7.37128274835527e-05	P:r1@AKR1B1	P:r1@AKR1B1	P:r1@AKR1B1	AKR1B1	AKR1B1	P	not_sig	beige	not_sig
5.51740168292014e-10	0.167773089824206	0.392	0.347	4.14450662215912e-05	P:r1@B4GALT1	P:r1@B4GALT1	P:r1@B4GALT1	B4GALT1	B4GALT1	P	not_sig	beige	not_sig
4.69780848608936e-15	0.167744985054264	0.508	0.446	3.52885280049574e-10	P:r1@DBNL	P:r1@DBNL	P:r1@DBNL	DBNL	DBNL	P	not_sig	beige	not_sig
4.88336404987954e-13	0.167637745987929	0.486	0.431	3.66823657334802e-08	P:r1@ARHGAP1	P:r1@ARHGAP1	P:r1@ARHGAP1	ARHGAP1	ARHGAP1	P	not_sig	beige	not_sig
3.7342613503677e-15	0.167588607501898	0.531	0.472	2.8050650985557e-10	P:r1@SMARCD2	P:r1@SMARCD2	P:r1@SMARCD2	SMARCD2	SMARCD2	P	not_sig	beige	not_sig
1.41888981609717e-11	0.16757302203356	0.572	0.529	1.06582746315771e-06	P:r1@TSC22D1	P:r1@TSC22D1	P:r1@TSC22D1	TSC22D1	TSC22D1	P	not_sig	beige	not_sig
6.71596273835469e-08	0.167543356629654	0.244	0.211	0.00504482973016989	P:r1@ACOX2	P:r1@ACOX2	P:r1@ACOX2	ACOX2	ACOX2	P	not_sig	beige	not_sig
6.94556570906154e-10	0.167495258116396	0.299	0.258	5.21730059367575e-05	P:r1@CYTH2	P:r1@CYTH2	P:r1@CYTH2	CYTH2	CYTH2	P	not_sig	beige	not_sig
6.76264878325925e-09	0.167262306698801	0.273	0.236	0.000507989888652085	P:r1@PML	P:r1@PML	P:r1@PML	PML	PML	P	not_sig	beige	not_sig
4.31995791718448e-16	0.167215766329147	0.638	0.579	3.24502278865147e-11	P:r1@BIN1	P:r1@BIN1	P:r1@BIN1	BIN1	BIN1	P	not_sig	beige	not_sig
1.52355163098101e-08	0.167133086329582	0.414	0.373	0.001144446278644	P:r1@METRNL	P:r1@METRNL	P:r1@METRNL	METRNL	METRNL	P	not_sig	beige	not_sig
4.72238409776931e-18	0.167128543967572	0.738	0.688	3.54731326272137e-13	P:r1@FKBP4	P:r1@FKBP4	P:r1@FKBP4	FKBP4	FKBP4	P	not_sig	beige	not_sig
4.34160440482488e-28	0.167116338918052	0.992	0.989	3.2612829807723e-23	P:r1@MMP2	P:r1@MMP2	P:r1@MMP2	MMP2	MMP2	P	not_sig	beige	not_sig
2.41884207385323e-11	0.167105583376559	0.38	0.329	1.81696160061633e-06	P:r1@STARD3	P:r1@STARD3	P:r1@STARD3	STARD3	STARD3	P	not_sig	beige	not_sig
8.64784354299617e-08	0.167001492382931	0.211	0.179	0.00649600063419243	P:r1@KAT2A	P:r1@KAT2A	P:r1@KAT2A	KAT2A	KAT2A	P	not_sig	beige	not_sig
4.9528570503732e-27	0.166917541507975	0.772	0.705	3.72043763052884e-22	P:r1@COPG1	P:r1@COPG1	P:r1@COPG1	COPG1	COPG1	P	not_sig	beige	not_sig
1.78000482657489e-09	0.166910531752826	0.282	0.243	0.000133708622557826	P:r1@THOP1	P:r1@THOP1	P:r1@THOP1	THOP1	THOP1	P	not_sig	beige	not_sig
6.06183780037659e-19	0.166869331983119	0.676	0.613	4.55347070050888e-14	P:r1@PSMD3	P:r1@PSMD3	P:r1@PSMD3	PSMD3	PSMD3	P	not_sig	beige	not_sig
1.26978518987936e-15	0.16683245543489	0.708	0.666	9.53824541081676e-11	P:r1@TXNIP	P:r1@TXNIP	P:r1@TXNIP	TXNIP	TXNIP	P	not_sig	beige	not_sig
1.19765895244187e-17	0.166727384023134	0.976	0.962	8.99645475305757e-13	P:r1@FADS1	P:r1@FADS1	P:r1@FADS1	FADS1	FADS1	P	not_sig	beige	not_sig
2.66975479280686e-11	0.166644930890671	0.401	0.352	2.00543970771273e-06	P:r1@C11orf68	P:r1@C11orf68	P:r1@C11orf68	C11orf68	C11orf68	P	not_sig	beige	not_sig
9.64843217634826e-08	0.166507923453124	0.149	0.123	0.00724761279790752	P:r1@MED24	P:r1@MED24	P:r1@MED24	MED24	MED24	P	not_sig	beige	not_sig
4.08247163396868e-09	0.166502088132302	0.347	0.306	0.000306663021728825	P:r1@ASAP3	P:r1@ASAP3	P:r1@ASAP3	ASAP3	ASAP3	P	not_sig	beige	not_sig
2.40549098105084e-08	0.166406779525954	0.534	0.496	0.00180693266023596	P:r1@PIM3	P:r1@PIM3	P:r1@PIM3	PIM3	PIM3	P	not_sig	beige	not_sig
1.41128564851869e-08	0.166351007551491	0.282	0.244	0.00106011544059779	P:r1@GSDMD	P:r1@GSDMD	P:r1@GSDMD	GSDMD	GSDMD	P	not_sig	beige	not_sig
2.89424444487028e-12	0.16633240723892	0.383	0.333	2.1740695996532e-07	P:r1@DEAF1	P:r1@DEAF1	P:r1@DEAF1	DEAF1	DEAF1	P	not_sig	beige	not_sig
4.15626254197115e-14	0.166285986030499	0.434	0.375	3.12205973365247e-09	P:r1@SNRNP200	P:r1@SNRNP200	P:r1@SNRNP200	SNRNP200	SNRNP200	P	not_sig	beige	not_sig
4.35216910281035e-25	0.165825196058024	0.814	0.765	3.26921886495805e-20	P:r1@CAVIN1	P:r1@CAVIN1	P:r1@CAVIN1	CAVIN1	CAVIN1	P	not_sig	beige	not_sig
1.4924652194561e-10	0.165599262663151	0.422	0.375	1.12109509889884e-05	P:r1@IMPDH1	P:r1@IMPDH1	P:r1@IMPDH1	IMPDH1	IMPDH1	P	not_sig	beige	not_sig
5.73088628193989e-10	0.165513030273411	0.329	0.288	4.30486984840479e-05	P:r1@ASCC2	P:r1@ASCC2	P:r1@ASCC2	ASCC2	ASCC2	P	not_sig	beige	not_sig
6.87838096990425e-36	0.165472521486587	0.923	0.894	5.16683343316298e-31	P:r1@GPI	P:r1@GPI	P:r1@GPI	GPI	GPI	P	not_sig	beige	not_sig
9.147896914877e-31	0.165394739441851	0.883	0.831	6.87162572554815e-26	P:r1@LTBR	P:r1@LTBR	P:r1@LTBR	LTBR	LTBR	P	not_sig	beige	not_sig
2.19449479421309e-14	0.165390606664379	0.516	0.457	1.64843865456905e-09	P:r1@HDGFL2	P:r1@HDGFL2	P:r1@HDGFL2	HDGFL2	HDGFL2	P	not_sig	beige	not_sig
1.74330560005532e-12	0.165310917783806	0.471	0.418	1.30951886759356e-07	P:r1@NECTIN2	P:r1@NECTIN2	P:r1@NECTIN2	NECTIN2	NECTIN2	P	not_sig	beige	not_sig
3.41478989029316e-10	0.165266159168472	0.254	0.214	2.56508772189152e-05	P:r1@CHMP1A	P:r1@CHMP1A	P:r1@CHMP1A	CHMP1A	CHMP1A	P	not_sig	beige	not_sig
4.11769603416469e-12	0.16523118474712	0.447	0.393	3.09308972998349e-07	P:r1@PEX19,r1@AL139011.2	P:r1@PEX19,r1@AL139011.2	P:r1@PEX19,r1@AL139011.2	PEX19	PEX19,AL139011.2	P	not_sig	beige	not_sig
5.60649493940555e-08	0.165153537736186	0.197	0.166	0.00421143080363327	P:r1@VIPAS39	P:r1@VIPAS39	P:r1@VIPAS39	VIPAS39	VIPAS39	P	not_sig	beige	not_sig
2.66045228028014e-16	0.165146560396427	0.452	0.391	1.99845193937804e-11	P:r1@ERAP1	P:r1@ERAP1	P:r1@ERAP1	ERAP1	ERAP1	P	not_sig	beige	not_sig
4.74563867332441e-09	0.16508937185108	0.849	0.832	0.00035647814022411	P:r1@TIMP3	P:r1@TIMP3	P:r1@TIMP3	TIMP3	TIMP3	P	not_sig	beige	not_sig
5.83017741826729e-18	0.165033293314358	0.67	0.609	4.37945437127984e-13	P:r1@NCOA4	P:r1@NCOA4	P:r1@NCOA4	NCOA4	NCOA4	P	not_sig	beige	not_sig
2.24778917542958e-10	0.165016107995632	0.505	0.462	1.68847179490744e-05	P:r1@VANGL1	P:r1@VANGL1	P:r1@VANGL1	VANGL1	VANGL1	P	not_sig	beige	not_sig
4.22177452151851e-12	0.164982788309618	0.39	0.339	3.17127036732906e-07	P:r1@TRADD	P:r1@TRADD	P:r1@TRADD	TRADD	TRADD	P	not_sig	beige	not_sig
3.44542552739043e-08	0.16495217144976	0.213	0.18	0.00258810029340987	P:r1@TMEM209	P:r1@TMEM209	P:r1@TMEM209	TMEM209	TMEM209	P	not_sig	beige	not_sig
5.79993382616387e-40	0.164939018087272	0.983	0.984	4.35673629219952e-35	P:r1@CD248	P:r1@CD248	P:r1@CD248	CD248	CD248	P	not_sig	beige	not_sig
3.54414229394762e-08	0.164924970309769	0.311	0.276	0.00266225336694463	P:r1@SIN3B	P:r1@SIN3B	P:r1@SIN3B	SIN3B	SIN3B	P	not_sig	beige	not_sig
3.95873740737521e-14	0.164903173128939	0.534	0.478	2.97368477829804e-09	P:r1@SCYL1	P:r1@SCYL1	P:r1@SCYL1	SCYL1	SCYL1	P	not_sig	beige	not_sig
8.95933563740524e-10	0.164736064698763	0.359	0.316	6.7299841507497e-05	P:r1@SNTA1	P:r1@SNTA1	P:r1@SNTA1	SNTA1	SNTA1	P	not_sig	beige	not_sig
2.39562572194236e-08	0.164730496159061	0.253	0.219	0.00179952217355145	P:r1@RNF214	P:r1@RNF214	P:r1@RNF214	RNF214	RNF214	P	not_sig	beige	not_sig
6.63730985774574e-13	0.164484919150853	0.348	0.298	4.98574804584286e-08	P:r1@GSK3A	P:r1@GSK3A	P:r1@GSK3A	GSK3A	GSK3A	P	not_sig	beige	not_sig
1.11293572463957e-08	0.164328097865274	0.266	0.231	0.000836003928277506	P:r1@IKBKG	P:r1@IKBKG	P:r1@IKBKG	IKBKG	IKBKG	P	not_sig	beige	not_sig
4.97390412058248e-09	0.164095211496848	0.291	0.254	0.000373624755825794	P:r1@MAPK12	P:r1@MAPK12	P:r1@MAPK12	MAPK12	MAPK12	P	not_sig	beige	not_sig
2.27831390526655e-10	0.163694707016985	0.37	0.324	1.71140105621907e-05	P:r1@RAP2B	P:r1@RAP2B	P:r1@RAP2B	RAP2B	RAP2B	P	not_sig	beige	not_sig
6.72744546710472e-24	0.163654949430715	0.774	0.709	5.05345521152505e-19	P:r1@SEC61A1	P:r1@SEC61A1	P:r1@SEC61A1	SEC61A1	SEC61A1	P	not_sig	beige	not_sig
8.19653371809069e-11	0.163591819255919	0.37	0.324	6.15699023301818e-06	P:r1@PIGS	P:r1@PIGS	P:r1@PIGS	PIGS	PIGS	P	not_sig	beige	not_sig
2.21016494713491e-15	0.163459739700073	0.874	0.85	1.66020960333933e-10	P:r1@ANGPTL4	P:r1@ANGPTL4	P:r1@ANGPTL4	ANGPTL4	ANGPTL4	P	not_sig	beige	not_sig
2.88445283691882e-10	0.16345038792763	0.341	0.297	2.16671443750831e-05	P:r1@TTC38	P:r1@TTC38	P:r1@TTC38	TTC38	TTC38	P	not_sig	beige	not_sig
8.29478996288038e-10	0.163415420683377	0.391	0.347	6.23079737641686e-05	P:r1@LARP1	P:r1@LARP1	P:r1@LARP1	LARP1	LARP1	P	not_sig	beige	not_sig
1.76900430656916e-08	0.163410201345591	0.196	0.164	0.00132882296496555	P:r1@NUP133	P:r1@NUP133	P:r1@NUP133	NUP133	NUP133	P	not_sig	beige	not_sig
3.59560607710439e-08	0.163187600795815	0.278	0.242	0.00270091141693851	P:r1@TM7SF3	P:r1@TM7SF3	P:r1@TM7SF3	TM7SF3	TM7SF3	P	not_sig	beige	not_sig
1.20357750015475e-10	0.163027558231517	0.28	0.236	9.04091310791246e-06	P:r1@HGSNAT	P:r1@HGSNAT	P:r1@HGSNAT	HGSNAT	HGSNAT	P	not_sig	beige	not_sig
1.91141061838189e-64	0.163007093246485	0.996	0.994	1.43579431420992e-59	P:r1@TKT	P:r1@TKT	P:r1@TKT	TKT	TKT	P	not_sig	beige	not_sig
4.73862413174459e-09	0.162991885812304	0.279	0.241	0.000355951228904258	P:r1@PCDH18	P:r1@PCDH18	P:r1@PCDH18	PCDH18	PCDH18	P	not_sig	beige	not_sig
8.60719697071549e-22	0.162966373815395	0.808	0.755	6.46546814849236e-17	P:r1@SERINC3	P:r1@SERINC3	P:r1@SERINC3	SERINC3	SERINC3	P	not_sig	beige	not_sig
2.39496132953097e-08	0.162734395667375	0.206	0.175	0.00179902310190378	P:r1@ADO	P:r1@ADO	P:r1@ADO	ADO	ADO	P	not_sig	beige	not_sig
2.21538668418637e-12	0.162698113326514	0.525	0.473	1.66413201556028e-07	P:r1@NAPRT	P:r1@NAPRT	P:r1@NAPRT	NAPRT	NAPRT	P	not_sig	beige	not_sig
4.05013441948214e-09	0.162578926123664	0.223	0.188	0.00030423394718824	P:r1@TRIM25	P:r1@TRIM25	P:r1@TRIM25	TRIM25	TRIM25	P	not_sig	beige	not_sig
3.68323031029835e-20	0.162518261492403	0.801	0.748	2.76673211218681e-15	P:r1@ALDH2	P:r1@ALDH2	P:r1@ALDH2	ALDH2	ALDH2	P	not_sig	beige	not_sig
1.37969462732362e-08	0.16248119679698	0.346	0.308	0.00103638521320668	P:r1@ORMDL3	P:r1@ORMDL3	P:r1@ORMDL3	ORMDL3	ORMDL3	P	not_sig	beige	not_sig
1.21389315800188e-37	-0.162228685941615	0.94	0.937	9.1184012349627e-33	P:r1@NDUFB1	P:r1@NDUFB1	P:r1@NDUFB1	NDUFB1	NDUFB1	P	not_sig	white	not_sig
5.00686885790882e-14	0.162104535234465	0.415	0.356	3.76100967999537e-09	P:r1@TRAPPC12	P:r1@TRAPPC12	P:r1@TRAPPC12	TRAPPC12	TRAPPC12	P	not_sig	beige	not_sig
1.18544436965673e-13	0.161830070061087	0.441	0.385	8.90470247155044e-09	P:r1@UTP4	P:r1@UTP4	P:r1@UTP4	UTP4	UTP4	P	not_sig	beige	not_sig
1.09587018812868e-08	0.161745768992275	0.305	0.268	0.000823184809216617	P:r1@MIIP	P:r1@MIIP	P:r1@MIIP	MIIP	MIIP	P	not_sig	beige	not_sig
2.40292628995772e-09	0.161728161809164	0.364	0.321	0.000180500614122754	P:r1@CTU1	P:r1@CTU1	P:r1@CTU1	CTU1	CTU1	P	not_sig	beige	not_sig
5.45132435973085e-20	0.161682736368439	0.666	0.602	4.09487131929902e-15	P:r1@GLG1	P:r1@GLG1	P:r1@GLG1	GLG1	GLG1	P	not_sig	beige	not_sig
1.58492416035673e-20	0.161598243872916	0.71	0.647	1.19054748153516e-15	P:r1@EIF4G1	P:r1@EIF4G1	P:r1@EIF4G1	EIF4G1	EIF4G1	P	not_sig	beige	not_sig
4.83576250060174e-09	0.161497657676454	0.243	0.208	0.000363247971757701	P:r1@MTMR14	P:r1@MTMR14	P:r1@MTMR14	MTMR14	MTMR14	P	not_sig	beige	not_sig
6.73220728335318e-09	0.161490378756497	0.391	0.35	0.000505703214503641	P:r1@HIPK2	P:r1@HIPK2	P:r1@HIPK2	HIPK2	HIPK2	P	not_sig	beige	not_sig
1.46270766270662e-14	0.161447227715531	0.62	0.567	1.09874211499533e-09	P:r1@TSPAN14	P:r1@TSPAN14	P:r1@TSPAN14	TSPAN14	TSPAN14	P	not_sig	beige	not_sig
1.39474534674576e-37	0.16143061363853	0.993	0.993	1.04769086211501e-32	P:r1@EPHX1	P:r1@EPHX1	P:r1@EPHX1	EPHX1	EPHX1	P	not_sig	beige	not_sig
1.94319395744416e-12	0.161285838958051	0.575	0.525	1.45966900501333e-07	P:r1@FLOT1	P:r1@FLOT1	P:r1@FLOT1	FLOT1	FLOT1	P	not_sig	beige	not_sig
1.66096847092897e-11	0.161260054125294	0.365	0.313	1.24766968630772e-06	P:r1@PRMT5	P:r1@PRMT5	P:r1@PRMT5	PRMT5	PRMT5	P	not_sig	beige	not_sig
2.58059787899821e-36	0.161157363195742	0.95	0.929	1.93846770876709e-31	P:r1@CTSD,r1@AC068580.1,r1@AC068580.4	P:r1@CTSD,r1@AC068580.1,r1@AC068580.4	P:r1@CTSD,r1@AC068580.1,r1@AC068580.4	CTSD	CTSD,AC068580.1,AC068580.4	P	not_sig	beige	not_sig
2.40906503662793e-08	0.1610676084197	0.335	0.297	0.0018096173835638	P:r1@AOC2	P:r1@AOC2	P:r1@AOC2	AOC2	AOC2	P	not_sig	beige	not_sig
3.20932956747887e-09	0.161020902398569	0.282	0.243	0.00024107520912031	P:r1@ERCC3	P:r1@ERCC3	P:r1@ERCC3	ERCC3	ERCC3	P	not_sig	beige	not_sig
2.64053660869334e-11	0.160922493125511	0.349	0.3	1.98349188435218e-06	P:r1@PFKM	P:r1@PFKM	P:r1@PFKM	PFKM	PFKM	P	not_sig	beige	not_sig
1.28746534554548e-08	0.160864700984431	0.365	0.326	0.000967105343613398	P:r1@SUOX	P:r1@SUOX	P:r1@SUOX	SUOX	SUOX	P	not_sig	beige	not_sig
2.71227601936854e-10	0.16059426836392	0.425	0.378	2.03738037746907e-05	P:r1@RFNG	P:r1@RFNG	P:r1@RFNG	RFNG	RFNG	P	not_sig	beige	not_sig
1.20795154563353e-07	0.160464209032533	0.25	0.218	0.00907376962533535	P:r1@SUGP2	P:r1@SUGP2	P:r1@SUGP2	SUGP2	SUGP2	P	not_sig	beige	not_sig
9.91849241134287e-09	0.160241957002478	0.283	0.246	0.000745047394462843	P:r1@KLF9	P:r1@KLF9	P:r1@KLF9	KLF9	KLF9	P	not_sig	beige	not_sig
4.61847911274411e-13	0.160005477374866	0.443	0.388	3.46926295511999e-08	P:r1@SLC39A1,r1@MIR6737	P:r1@SLC39A1,r1@MIR6737	P:r1@SLC39A1,r1@MIR6737	SLC39A1	SLC39A1,MIR6737	P	not_sig	beige	not_sig
3.33866050942249e-13	0.159901093061735	0.811	0.782	2.50790161486289e-08	P:r1@PLTP	P:r1@PLTP	P:r1@PLTP	PLTP	PLTP	P	not_sig	beige	not_sig
8.99433911360099e-10	0.159785379858499	0.273	0.231	6.75627771196366e-05	P:r1@ADAR	P:r1@ADAR	P:r1@ADAR	ADAR	ADAR	P	not_sig	beige	not_sig
1.45051310431678e-10	0.159499304985278	0.346	0.298	1.08958192856963e-05	P:r1@PPM1M	P:r1@PPM1M	P:r1@PPM1M	PPM1M	PPM1M	P	not_sig	beige	not_sig
2.50799426915369e-10	0.159389806160563	0.294	0.252	1.88393005516018e-05	P:r1@SLC15A4	P:r1@SLC15A4	P:r1@SLC15A4	SLC15A4	SLC15A4	P	not_sig	beige	not_sig
3.71031231842740e-12	-0.159380572427671	0.669	0.686	2.78707530423311e-07	P:r1@MTCO1P12	P:r1@MTCO1P12	P:r1@MTCO1P12	MTCO1P12	MTCO1P12	P	not_sig	white	not_sig
2.98245327257363e-09	0.159307873940779	0.316	0.276	0.000224032942475914	P:r1@ABHD16A	P:r1@ABHD16A	P:r1@ABHD16A	ABHD16A	ABHD16A	P	not_sig	beige	not_sig
6.69961019905363e-19	0.159011701222931	0.632	0.567	5.03254619322312e-14	P:r1@WDR1,r1@RNA5SP155	P:r1@WDR1,r1@RNA5SP155	P:r1@WDR1,r1@RNA5SP155	WDR1	WDR1,RNA5SP155	P	not_sig	beige	not_sig
6.95733247912287e-41	0.158882403112778	0.935	0.913	5.22613943834273e-36	P:r1@LGALS3BP	P:r1@LGALS3BP	P:r1@LGALS3BP	LGALS3BP	LGALS3BP	P	not_sig	beige	not_sig
2.6348208548235e-12	0.158864254835065	0.417	0.366	1.97919838151777e-07	P:r1@RSBN1L	P:r1@RSBN1L	P:r1@RSBN1L	RSBN1L	RSBN1L	P	not_sig	beige	not_sig
3.30511326550837e-10	0.158738018032996	0.339	0.293	2.48270193165192e-05	P:r1@QRICH1	P:r1@QRICH1	P:r1@QRICH1	QRICH1	QRICH1	P	not_sig	beige	not_sig
1.5665223967805e-09	0.158705015902316	0.384	0.341	0.000117672462878961	P:r1@WDR46	P:r1@WDR46	P:r1@WDR46	WDR46	WDR46	P	not_sig	beige	not_sig
2.19855286335821e-25	0.158617680659874	0.875	0.835	1.65148695436878e-20	P:r1@OS9	P:r1@OS9	P:r1@OS9	OS9	OS9	P	not_sig	beige	not_sig
4.55709755165196e-16	0.158500208753839	0.67	0.613	3.4231549678744e-11	P:r1@QSOX1	P:r1@QSOX1	P:r1@QSOX1	QSOX1	QSOX1	P	not_sig	beige	not_sig
3.39964262400348e-19	0.158452680265754	0.937	0.918	2.55370954987269e-14	P:r1@FBLN2	P:r1@FBLN2	P:r1@FBLN2	FBLN2	FBLN2	P	not_sig	beige	not_sig
6.487868821443e-08	0.158257831440318	0.45	0.413	0.00487349242260334	P:r1@KIF7	P:r1@KIF7	P:r1@KIF7	KIF7	KIF7	P	not_sig	beige	not_sig
5.27763147824506e-10	0.158085428679192	0.365	0.319	3.96439843751334e-05	P:r1@PDZRN3	P:r1@PDZRN3	P:r1@PDZRN3	PDZRN3	PDZRN3	P	not_sig	beige	not_sig
5.53225332208073e-09	0.158033299044552	0.399	0.358	0.000415566272794738	P:r1@ITM2C	P:r1@ITM2C	P:r1@ITM2C	ITM2C	ITM2C	P	not_sig	beige	not_sig
4.09645307632389e-08	0.15781687331927	0.272	0.237	0.00307713265734221	P:r1@AKAP17A	P:r1@AKAP17A	P:r1@AKAP17A	AKAP17A	AKAP17A	P	not_sig	beige	not_sig
7.97378882958474e-09	0.157610794948355	0.264	0.226	0.000598967095511917	P:r1@ADDG05119525926.R	P:r1@ADDG05119525926.R	P:r1@..926.R	..926.R	ADDG05119525926.R	P	not_sig	beige	not_sig
7.85377679535504e-58	-0.157466956681733	0.998	0.999	5.89952151536684e-53	P:r1@MT-CYB	P:r1@MT-CYB	P:r1@MT-CYB	MT-CYB	MT-CYB	P	not_sig	white	not_sig
4.79571178864831e-11	0.157100126868238	0.358	0.309	3.60239482427895e-06	P:r1@DELE1	P:r1@DELE1	P:r1@DELE1	DELE1	DELE1	P	not_sig	beige	not_sig
2.75999204205633e-12	0.157078822779915	0.477	0.423	2.07322322223146e-07	P:r1@SLC66A2	P:r1@SLC66A2	P:r1@SLC66A2	SLC66A2	SLC66A2	P	not_sig	beige	not_sig
2.81369460275631e-08	0.157013429203575	0.197	0.166	0.00211356297475246	P:r1@RNF169	P:r1@RNF169	P:r1@RNF169	RNF169	RNF169	P	not_sig	beige	not_sig
5.13522764567987e-11	0.156898846767366	0.331	0.285	3.85742895060535e-06	P:r1@FDXR	P:r1@FDXR	P:r1@FDXR	FDXR	FDXR	P	not_sig	beige	not_sig
8.19159226989159e-08	0.156777923074436	0.191	0.161	0.00615327836537446	P:r1@RNF185	P:r1@RNF185	P:r1@RNF185	RNF185	RNF185	P	not_sig	beige	not_sig
4.40169901386026e-08	0.156746560479115	0.174	0.145	0.00330642424824141	P:r1@ARFGAP1	P:r1@ARFGAP1	P:r1@ARFGAP1	ARFGAP1	ARFGAP1	P	not_sig	beige	not_sig
1.17485352156083e-29	0.156515456180527	0.812	0.758	8.82514719790848e-25	P:r1@AC243919.1	P:r1@AC243919.1	P:r1@AC243919.1	AC243919.1	AC243919.1	P	not_sig	beige	not_sig
1.84228699242626e-08	0.156489844251447	0.383	0.347	0.00138387072010083	P:r1@ZNF503,r1@AC010997.3	P:r1@ZNF503,r1@AC010997.3	P:r1@ZNF503,r1@AC010997.3	ZNF503	ZNF503,AC010997.3	P	not_sig	beige	not_sig
2.86391024660069e-43	0.156333622228973	0.95	0.932	2.15128345993904e-38	P:r1@NOP53	P:r1@NOP53	P:r1@NOP53	NOP53	NOP53	P	not_sig	beige	not_sig
4.8038871080258e-12	0.155824502913618	0.434	0.384	3.60853587893574e-07	P:r1@TRABD	P:r1@TRABD	P:r1@TRABD	TRABD	TRABD	P	not_sig	beige	not_sig
2.86032098588149e-09	0.155548388562172	0.369	0.327	0.00021485873149646	P:r1@EGLN1	P:r1@EGLN1	P:r1@EGLN1	EGLN1	EGLN1	P	not_sig	beige	not_sig
1.97767689246788e-14	0.155489315168232	0.541	0.484	1.48557155131509e-09	P:r1@TRIP6,r1@MIR6875	P:r1@TRIP6,r1@MIR6875	P:r1@TRIP6,r1@MIR6875	TRIP6	TRIP6,MIR6875	P	not_sig	beige	not_sig
5.18806511166134e-12	0.155309895699284	0.709	0.662	3.89711886992665e-07	P:r1@SHMT2	P:r1@SHMT2	P:r1@SHMT2	SHMT2	SHMT2	P	not_sig	beige	not_sig
4.08606314348596e-18	0.15518383401899	0.648	0.581	3.06932805149235e-13	P:r1@CTNNA1	P:r1@CTNNA1	P:r1@CTNNA1	CTNNA1	CTNNA1	P	not_sig	beige	not_sig
3.75653457202524e-10	0.155135738973985	0.432	0.384	2.8217960744682e-05	P:r1@CSNK1D	P:r1@CSNK1D	P:r1@CSNK1D	CSNK1D	CSNK1D	P	not_sig	beige	not_sig
1.88856281182896e-14	0.155107073756049	0.593	0.53	1.41863172736156e-09	P:r1@DDX49	P:r1@DDX49	P:r1@DDX49	DDX49	DDX49	P	not_sig	beige	not_sig
4.91987237169935e-10	0.15481760293644	0.612	0.571	3.6956605294494e-05	P:r1@AOX1	P:r1@AOX1	P:r1@AOX1	AOX1	AOX1	P	not_sig	beige	not_sig
1.78525569862911e-15	0.154733855286905	0.98	0.967	1.34103052313923e-10	P:r1@CALR	P:r1@CALR	P:r1@CALR	CALR	CALR	P	not_sig	beige	not_sig
7.56591132459666e-12	0.154589469103076	0.474	0.423	5.68328560969727e-07	P:r1@ADPGK	P:r1@ADPGK	P:r1@ADPGK	ADPGK	ADPGK	P	not_sig	beige	not_sig
1.8590051270925e-10	0.154545008370703	0.372	0.326	1.39642888131807e-05	P:r1@INO80B,r1@INO80B-WBP1	P:r1@INO80B,r1@INO80B-WBP1	P:r1@INO80B,r1@INO80B-WBP1	INO80B	INO80B,INO80B-WBP1	P	not_sig	beige	not_sig
9.86555841429437e-16	0.154544663777436	0.565	0.499	7.41071151406551e-11	P:r1@SF3A1	P:r1@SF3A1	P:r1@SF3A1	SF3A1	SF3A1	P	not_sig	beige	not_sig
1.30571169754447e-10	0.154416996937645	0.89	0.86	9.80811455844478e-06	P:r1@MKNK2	P:r1@MKNK2	P:r1@MKNK2	MKNK2	MKNK2	P	not_sig	beige	not_sig
1.31736419511456e-08	0.154410998837945	0.397	0.356	0.000989564462444201	P:r1@TPBG	P:r1@TPBG	P:r1@TPBG	TPBG	TPBG	P	not_sig	beige	not_sig
3.80342955974644e-11	0.153752535450837	0.495	0.443	2.85702218239473e-06	P:r1@OSBP	P:r1@OSBP	P:r1@OSBP	OSBP	OSBP	P	not_sig	beige	not_sig
4.39643328755059e-10	0.153672953643059	0.469	0.425	3.30246879260938e-05	P:r1@YARS	P:r1@YARS	P:r1@YARS	YARS	YARS	P	not_sig	beige	not_sig
1.81924333482004e-17	0.153466588476584	0.8	0.76	1.36656101581677e-12	P:r1@TUBB4B	P:r1@TUBB4B	P:r1@TUBB4B	TUBB4B	TUBB4B	P	not_sig	beige	not_sig
2.87946129476619e-08	0.153465803518708	0.278	0.242	0.00216296494078952	P:r1@RANBP9	P:r1@RANBP9	P:r1@RANBP9	RANBP9	RANBP9	P	not_sig	beige	not_sig
2.92070973450269e-08	0.153433773755702	0.247	0.213	0.00219394953126638	P:r1@NLE1	P:r1@NLE1	P:r1@NLE1	NLE1	NLE1	P	not_sig	beige	not_sig
5.11261936492681e-09	0.153311623478213	0.34	0.298	0.000384044628835207	P:r1@DOLK	P:r1@DOLK	P:r1@DOLK	DOLK	DOLK	P	not_sig	beige	not_sig
1.8303151345517e-09	0.153248635921194	0.344	0.301	0.00013748778196212	P:r1@ELAC2	P:r1@ELAC2	P:r1@ELAC2	ELAC2	ELAC2	P	not_sig	beige	not_sig
2.3462380694394e-12	0.153108924892614	0.736	0.692	1.7624236506208e-07	P:r1@CLMP	P:r1@CLMP	P:r1@CLMP	CLMP	CLMP	P	not_sig	beige	not_sig
1.85930556309541e-11	0.152998113317609	0.354	0.305	1.39665455983038e-06	P:r1@ADAT3,r1@SCAMP4	P:r1@ADAT3,r1@SCAMP4	P:r1@ADAT3,r1@SCAMP4	ADAT3	ADAT3,SCAMP4	P	not_sig	beige	not_sig
2.8848275289115e-08	0.152957037009298	0.34	0.3	0.00216699589489245	P:r1@MAPK3	P:r1@MAPK3	P:r1@MAPK3	MAPK3	MAPK3	P	not_sig	beige	not_sig
1.82041189881378e-28	0.152824106262543	0.883	0.839	1.36743880603195e-23	P:r1@RNH1	P:r1@RNH1	P:r1@RNH1	RNH1	RNH1	P	not_sig	beige	not_sig
1.01443089736733e-08	0.152758730710194	0.308	0.269	0.000762010057175418	P:r1@CLN3,r1@AC138894.1	P:r1@CLN3,r1@AC138894.1	P:r1@CLN3,r1@AC138894.1	CLN3	CLN3,AC138894.1	P	not_sig	beige	not_sig
4.88111417942913e-38	-0.152742799088285	0.962	0.966	3.66654653816178e-33	P:r1@GAS5	P:r1@GAS5	P:r1@GAS5	GAS5	GAS5	P	not_sig	white	not_sig
3.56351893048983e-10	0.15260237329736	0.508	0.463	2.67680851501605e-05	P:r1@AARS	P:r1@AARS	P:r1@AARS	AARS	AARS	P	not_sig	beige	not_sig
3.65964658019512e-13	0.152553024252009	0.519	0.463	2.74901672164517e-08	P:r1@ZDHHC9	P:r1@ZDHHC9	P:r1@ZDHHC9	ZDHHC9	ZDHHC9	P	not_sig	beige	not_sig
8.99891196074108e-11	0.152542751863419	0.425	0.38	6.75971269754988e-06	P:r1@ACP2	P:r1@ACP2	P:r1@ACP2	ACP2	ACP2	P	not_sig	beige	not_sig
3.45231417909418e-16	-0.152430429143017	0.761	0.765	2.59327484191018e-11	P:r1@RPS28P7	P:r1@RPS28P7	P:r1@RPS28P7	RPS28P7	RPS28P7	P	not_sig	white	not_sig
1.20900454199924e-08	0.152293881202464	0.36	0.319	0.000908167941813571	P:r1@ACADS	P:r1@ACADS	P:r1@ACADS	ACADS	ACADS	P	not_sig	beige	not_sig
1.47557022383785e-12	0.152098054434222	0.485	0.431	1.10840408504027e-07	P:r1@ADDG0X154490024.R,r1@SLC10A3	P:r1@ADDG0X154490024.R,r1@SLC10A3	P:r1@..024.R,r1@SLC10A3	..024.R	ADDG0X154490024.R,SLC10A3	P	not_sig	beige	not_sig
2.55383417435752e-13	0.152087679146262	0.551	0.498	1.91836361675214e-08	P:r1@SLC44A1	P:r1@SLC44A1	P:r1@SLC44A1	SLC44A1	SLC44A1	P	not_sig	beige	not_sig
5.30354732130542e-09	0.152077108309465	0.354	0.313	0.000398386564134499	P:r1@RASA3	P:r1@RASA3	P:r1@RASA3	RASA3	RASA3	P	not_sig	beige	not_sig
2.29103087040309e-13	0.151891386103597	0.673	0.629	1.72095365892069e-08	P:r1@NRP1	P:r1@NRP1	P:r1@NRP1	NRP1	NRP1	P	not_sig	beige	not_sig
1.13483819417417e-09	0.151827609425951	0.392	0.348	8.52456406317808e-05	P:r1@SLC39A13	P:r1@SLC39A13	P:r1@SLC39A13	SLC39A13	SLC39A13	P	not_sig	beige	not_sig
4.27200802672959e-11	0.151769116776862	0.309	0.264	3.20900426943847e-06	P:r1@NECAB3	P:r1@NECAB3	P:r1@NECAB3	NECAB3	NECAB3	P	not_sig	beige	not_sig
9.63114132845099e-13	0.151667338521488	0.546	0.493	7.23462443169253e-08	P:r1@THAP4	P:r1@THAP4	P:r1@THAP4	THAP4	THAP4	P	not_sig	beige	not_sig
8.2148383510996e-09	0.151544492632522	0.496	0.454	0.000617074012419548	P:r1@SP3	P:r1@SP3	P:r1@SP3	SP3	SP3	P	not_sig	beige	not_sig
4.60340071890305e-08	0.151507444421354	0.291	0.254	0.00345793651801841	P:r1@DDR2	P:r1@DDR2	P:r1@DDR2	DDR2	DDR2	P	not_sig	beige	not_sig
1.06026205685606e-10	-0.151423508731395	0.626	0.637	7.9643704924857e-06	P:r1@MTIF3	P:r1@MTIF3	P:r1@MTIF3	MTIF3	MTIF3	P	not_sig	white	not_sig
1.28392103293836e-09	-0.151372706446734	0.242	0.277	9.64442962312304e-05	P:r1@FABP3	P:r1@FABP3	P:r1@FABP3	FABP3	FABP3	P	not_sig	white	not_sig
1.16258408057152e-12	0.151293219071535	0.487	0.432	8.73298283802909e-08	P:r1@THAP11	P:r1@THAP11	P:r1@THAP11	THAP11	THAP11	P	not_sig	beige	not_sig
1.91717164875995e-09	0.151291242862129	0.402	0.355	0.000144012182739901	P:r1@SZRD1	P:r1@SZRD1	P:r1@SZRD1	SZRD1	SZRD1	P	not_sig	beige	not_sig
1.56563426391493e-09	0.151257967717557	0.324	0.282	0.000117605749002498	P:r1@NBR1	P:r1@NBR1	P:r1@NBR1	NBR1	NBR1	P	not_sig	beige	not_sig
7.32704722445568e-19	0.151180000127385	0.744	0.684	5.50385806359437e-14	P:r1@BSCL2	P:r1@BSCL2	P:r1@BSCL2	BSCL2	BSCL2	P	not_sig	beige	not_sig
5.18577795314008e-33	0.151173799351353	0.927	0.894	3.89540082506023e-28	P:r1@MAP2K2	P:r1@MAP2K2	P:r1@MAP2K2	MAP2K2	MAP2K2	P	not_sig	beige	not_sig
5.92099515664955e-17	0.151046614899398	0.519	0.452	4.44767393182044e-12	P:r1@PRRC2B	P:r1@PRRC2B	P:r1@PRRC2B	PRRC2B	PRRC2B	P	not_sig	beige	not_sig
4.48134463776469e-08	0.150811392523805	0.282	0.245	0.00336625165154971	P:r1@OTUD5	P:r1@OTUD5	P:r1@OTUD5	OTUD5	OTUD5	P	not_sig	beige	not_sig
1.67951919092817e-13	0.150759125799747	0.542	0.485	1.26160443064951e-08	P:r1@NR1H2	P:r1@NR1H2	P:r1@NR1H2	NR1H2	NR1H2	P	not_sig	beige	not_sig
5.10663862541726e-08	0.150652546210945	0.394	0.354	0.00383595373625468	P:r1@SEC24D	P:r1@SEC24D	P:r1@SEC24D	SEC24D	SEC24D	P	not_sig	beige	not_sig
9.80768324898194e-13	0.150641662029215	0.433	0.379	7.36723742613776e-08	P:r1@KLHDC3	P:r1@KLHDC3	P:r1@KLHDC3	KLHDC3	KLHDC3	P	not_sig	beige	not_sig
2.36699966761631e-10	0.150573015991219	0.36	0.313	1.77801914032334e-05	P:r1@MFSD14A	P:r1@MFSD14A	P:r1@MFSD14A	MFSD14A	MFSD14A	P	not_sig	beige	not_sig
6.03537727794066e-20	0.150450164196754	0.822	0.771	4.53359434987068e-15	P:r1@CKAP4,r1@AC079174.1	P:r1@CKAP4,r1@AC079174.1	P:r1@CKAP4,r1@AC079174.1	CKAP4	CKAP4,AC079174.1	P	not_sig	beige	not_sig
5.68585802385014e-13	0.150012846214017	0.583	0.53	4.27104597177551e-08	P:r1@TGFB1	P:r1@TGFB1	P:r1@TGFB1	TGFB1	TGFB1	P	not_sig	beige	not_sig
2.40970056518248e-15	0.14945275832213	0.63	0.57	1.81009477354812e-10	P:r1@DNPEP	P:r1@DNPEP	P:r1@DNPEP	DNPEP	DNPEP	P	not_sig	beige	not_sig
1.10952115547246e-21	0.149391627374862	0.961	0.944	8.33439006356247e-17	P:r1@CDKN1A	P:r1@CDKN1A	P:r1@CDKN1A	CDKN1A	CDKN1A	P	not_sig	beige	not_sig
1.29026733481971e-07	0.149251064070123	0.412	0.375	0.00969210113896522	P:r2@TYMP	P:r2@TYMP	P:r2@TYMP	TYMP	TYMP	P	not_sig	beige	not_sig
3.41007062317932e-16	0.149081677196281	0.763	0.715	2.56154275001361e-11	P:r1@ANXA11	P:r1@ANXA11	P:r1@ANXA11	ANXA11	ANXA11	P	not_sig	beige	not_sig
4.18881590998393e-11	0.149016221454757	0.497	0.448	3.14651284710263e-06	P:r1@HYAL2	P:r1@HYAL2	P:r1@HYAL2	HYAL2	HYAL2	P	not_sig	beige	not_sig
1.75990441373423e-08	0.148973535623229	0.233	0.199	0.00132198739846474	P:r1@INTS5	P:r1@INTS5	P:r1@INTS5	INTS5	INTS5	P	not_sig	beige	not_sig
1.71217182696922e-15	-0.148933882995302	0.861	0.872	1.28613211126447e-10	P:r1@CCDC80	P:r1@CCDC80	P:r1@CCDC80	CCDC80	CCDC80	P	not_sig	white	not_sig
8.13417511978692e-08	0.148897216496387	0.428	0.387	0.00611014832473034	P:r1@PCBP3	P:r1@PCBP3	P:r1@PCBP3	PCBP3	PCBP3	P	not_sig	beige	not_sig
4.354202960632e-10	0.148852783726157	0.331	0.287	3.27074663793794e-05	P:r1@GCDH	P:r1@GCDH	P:r1@GCDH	GCDH	GCDH	P	not_sig	beige	not_sig
1.34391055332304e-13	0.148729992267733	0.578	0.514	1.00950529033967e-08	P:r1@FAF2	P:r1@FAF2	P:r1@FAF2	FAF2	FAF2	P	not_sig	beige	not_sig
5.1266551051399e-13	0.148690442577176	0.466	0.407	3.85098951532794e-08	P:r1@MTA1	P:r1@MTA1	P:r1@MTA1	MTA1	MTA1	P	not_sig	beige	not_sig
5.55657486552988e-09	-0.148666600071662	0.638	0.652	0.000417393234174008	P:r1@SLC66A1L	P:r1@SLC66A1L	P:r1@SLC66A1L	SLC66A1L	SLC66A1L	P	not_sig	white	not_sig
7.03218898207147e-08	0.148648919464089	0.279	0.243	0.00528236939766262	P:r1@THOC5	P:r1@THOC5	P:r1@THOC5	THOC5	THOC5	P	not_sig	beige	not_sig
3.91285360008639e-09	0.148562492939041	0.534	0.494	0.000293921823877689	P:r1@CXCL12	P:r1@CXCL12	P:r1@CXCL12	CXCL12	CXCL12	P	not_sig	beige	not_sig
1.06671247333715e-10	0.148502987007341	0.508	0.458	8.01282408596669e-06	P:r1@RABL6	P:r1@RABL6	P:r1@RABL6	RABL6	RABL6	P	not_sig	beige	not_sig
1.32338621956475e-13	0.148358828316715	0.574	0.519	9.94088026550451e-09	P:r1@FASTK	P:r1@FASTK	P:r1@FASTK	FASTK	FASTK	P	not_sig	beige	not_sig
9.65399419021925e-08	0.148305976037972	0.371	0.333	0.00725179081586699	P:r1@RFXANK	P:r1@RFXANK	P:r1@RFXANK	RFXANK	RFXANK	P	not_sig	beige	not_sig
6.04172486459259e-09	0.148275197969582	0.325	0.285	0.000453836246653602	P:r1@NECAP2	P:r1@NECAP2	P:r1@NECAP2	NECAP2	NECAP2	P	not_sig	beige	not_sig
1.06817334875167e-10	0.148254999797423	0.422	0.373	8.02379774381793e-06	P:r1@B3GALT6	P:r1@B3GALT6	P:r1@B3GALT6	B3GALT6	B3GALT6	P	not_sig	beige	not_sig
2.11795830467858e-12	0.14823560745732	0.527	0.472	1.59094673972541e-07	P:r1@PDCD7	P:r1@PDCD7	P:r1@PDCD7	PDCD7	PDCD7	P	not_sig	beige	not_sig
1.25166575901217e-25	0.148208506898419	0.84	0.783	9.40213768197172e-21	P:r1@PPP2R1A	P:r1@PPP2R1A	P:r1@PPP2R1A	PPP2R1A	PPP2R1A	P	not_sig	beige	not_sig
4.05418299238023e-29	0.148187327058268	0.975	0.965	3.04538063838626e-24	P:r1@SQSTM1	P:r1@SQSTM1	P:r1@SQSTM1	SQSTM1	SQSTM1	P	not_sig	beige	not_sig
9.21268844073431e-08	0.147986900804655	0.308	0.273	0.00692029517602639	P:r1@PDZD8	P:r1@PDZD8	P:r1@PDZD8	PDZD8	PDZD8	P	not_sig	beige	not_sig
4.40294462415172e-08	0.147252714432394	0.32	0.282	0.00330735991332405	P:r1@ARHGAP21	P:r1@ARHGAP21	P:r1@ARHGAP21	ARHGAP21	ARHGAP21	P	not_sig	beige	not_sig
6.88485583199961e-14	0.146693222210775	0.579	0.519	5.17169715532315e-09	P:r1@PLOD3	P:r1@PLOD3	P:r1@PLOD3	PLOD3	PLOD3	P	not_sig	beige	not_sig
1.82380047995056e-13	0.14665480033397	0.559	0.502	1.36998420652447e-08	P:r1@WLS	P:r1@WLS	P:r1@WLS	WLS	WLS	P	not_sig	beige	not_sig
2.68052516041452e-12	0.14665198185905	0.555	0.499	2.01353008474858e-07	P:r1@BCKDK	P:r1@BCKDK	P:r1@BCKDK	BCKDK	BCKDK	P	not_sig	beige	not_sig
4.27945864806042e-11	0.146300469442538	0.484	0.429	3.21460095266355e-06	P:r1@NOP56,r1@MIR1292	P:r1@NOP56,r1@MIR1292	P:r1@NOP56,r1@MIR1292	NOP56	NOP56,MIR1292	P	not_sig	beige	not_sig
5.08240767511342e-10	0.146253760909877	0.375	0.328	3.81775217331495e-05	P:r1@ASMTL	P:r1@ASMTL	P:r1@ASMTL	ASMTL	ASMTL	P	not_sig	beige	not_sig
2.46502546699698e-18	0.146203490193144	0.918	0.895	1.85165318004412e-13	P:r1@PKM	P:r1@PKM	P:r1@PKM	PKM	PKM	P	not_sig	beige	not_sig
4.22242322917236e-13	0.146202384432737	0.609	0.552	3.1717576570574e-08	P:r1@MFSD10	P:r1@MFSD10	P:r1@MFSD10	MFSD10	MFSD10	P	not_sig	beige	not_sig
1.0483139462253e-41	0.146197963062693	0.97	0.955	7.87461986986056e-37	P:r1@LMNA	P:r1@LMNA	P:r1@LMNA	LMNA	LMNA	P	not_sig	beige	not_sig
4.75931380205838e-09	0.146195319460562	0.314	0.274	0.000357505374869219	P:r1@MCOLN1	P:r1@MCOLN1	P:r1@MCOLN1	MCOLN1	MCOLN1	P	not_sig	beige	not_sig
1.71602552827093e-17	0.145859085864913	0.771	0.718	1.28902689607127e-12	P:r1@PSMD2	P:r1@PSMD2	P:r1@PSMD2	PSMD2	PSMD2	P	not_sig	beige	not_sig
4.21444147939646e-09	0.145800308379745	0.232	0.196	0.000316576200607824	P:r1@MCM3AP	P:r1@MCM3AP	P:r1@MCM3AP	MCM3AP	MCM3AP	P	not_sig	beige	not_sig
1.80551887457439e-08	0.14531836260916	0.291	0.253	0.00135625161301404	P:r1@RPA1	P:r1@RPA1	P:r1@RPA1	RPA1	RPA1	P	not_sig	beige	not_sig
1.08300951710884e-09	0.145292924229369	0.318	0.275	8.13524258966648e-05	P:r1@NELFB	P:r1@NELFB	P:r1@NELFB	NELFB	NELFB	P	not_sig	beige	not_sig
6.99622931297603e-09	0.145085342456561	0.45	0.404	0.00052553575730282	P:r1@PNKP,r1@AKT1S1	P:r1@PNKP,r1@AKT1S1	P:r1@PNKP,r1@AKT1S1	PNKP	PNKP,AKT1S1	P	not_sig	beige	not_sig
2.95525195152993e-09	0.145063357164174	0.328	0.287	0.000221989660843074	P:r1@ADPRHL2	P:r1@ADPRHL2	P:r1@ADPRHL2	ADPRHL2	ADPRHL2	P	not_sig	beige	not_sig
3.22137893883052e-08	0.144920632458966	0.28	0.242	0.00241980321748132	P:r1@EEFSEC	P:r1@EEFSEC	P:r1@EEFSEC	EEFSEC	EEFSEC	P	not_sig	beige	not_sig
2.31856282105462e-109	-0.144861648668984	0.999	0.999	1.7416348342916e-104	P:r1@RPS29	P:r1@RPS29	P:r1@RPS29	RPS29	RPS29	P	not_sig	white	not_sig
1.03352452166937e-07	0.144794021321705	0.259	0.225	0.00776352614942383	P:r1@DECR2	P:r1@DECR2	P:r1@DECR2	DECR2	DECR2	P	not_sig	beige	not_sig
1.05488896421634e-11	0.144687767404686	0.578	0.525	7.9240094325039e-07	P:r1@FBXW5	P:r1@FBXW5	P:r1@FBXW5	FBXW5	FBXW5	P	not_sig	beige	not_sig
3.24202943728301e-13	0.144681874558197	0.597	0.54	2.43531525240388e-08	P:r1@CDK16	P:r1@CDK16	P:r1@CDK16	CDK16	CDK16	P	not_sig	beige	not_sig
5.96175949848981e-08	0.144566165363598	0.308	0.272	0.00447829488248059	P:r1@ATP6V1B2	P:r1@ATP6V1B2	P:r1@ATP6V1B2	ATP6V1B2	ATP6V1B2	P	not_sig	beige	not_sig
1.30884623378326e-13	0.144397716347827	0.511	0.454	9.83166025430973e-09	P:r1@RERE	P:r1@RERE	P:r1@RERE	RERE	RERE	P	not_sig	beige	not_sig
1.371944767606e-08	0.144283113226854	0.218	0.184	0.0010305637510826	P:r1@YLPM1	P:r1@YLPM1	P:r1@YLPM1	YLPM1	YLPM1	P	not_sig	beige	not_sig
2.3164831521536e-18	0.144230063993213	0.797	0.752	1.74007264940322e-13	P:r1@AHCY	P:r1@AHCY	P:r1@AHCY	AHCY	AHCY	P	not_sig	beige	not_sig
1.13207320775847e-12	0.144219464936332	0.52	0.464	8.50379431471933e-08	P:r1@MFSD5	P:r1@MFSD5	P:r1@MFSD5	MFSD5	MFSD5	P	not_sig	beige	not_sig
5.66091687043806e-25	0.143415659262548	0.9	0.866	4.25231092556696e-20	P:r1@CERCAM	P:r1@CERCAM	P:r1@CERCAM	CERCAM	CERCAM	P	not_sig	beige	not_sig
2.10076814003381e-10	0.143295037606238	0.542	0.496	1.5780340037492e-05	P:r1@ZPR1	P:r1@ZPR1	P:r1@ZPR1	ZPR1	ZPR1	P	not_sig	beige	not_sig
7.65914028553641e-08	0.143267013749663	0.259	0.224	0.00575331640828639	P:r1@WAC	P:r1@WAC	P:r1@WAC	WAC	WAC	P	not_sig	beige	not_sig
6.91122204921638e-13	0.143238927777271	0.573	0.518	5.19150266670987e-08	P:r1@WDR18	P:r1@WDR18	P:r1@WDR18	WDR18	WDR18	P	not_sig	beige	not_sig
4.91395586765414e-09	0.14316192240166	0.375	0.334	0.000369121622910576	P:r1@CDKN1B	P:r1@CDKN1B	P:r1@CDKN1B	CDKN1B	CDKN1B	P	not_sig	beige	not_sig
1.36576508361832e-10	0.143136037824671	0.412	0.364	1.02592175786157e-05	P:r1@STXBP1	P:r1@STXBP1	P:r1@STXBP1	STXBP1	STXBP1	P	not_sig	beige	not_sig
1.1220713153669e-08	0.143124990840575	0.42	0.377	0.000842866309964158	P:r1@RNF126	P:r1@RNF126	P:r1@RNF126	RNF126	RNF126	P	not_sig	beige	not_sig
5.06902525574907e-23	0.143009387486133	0.794	0.736	3.80769970136103e-18	P:r1@PRKCSH	P:r1@PRKCSH	P:r1@PRKCSH	PRKCSH	PRKCSH	P	not_sig	beige	not_sig
3.20026060513706e-08	0.142901981305619	0.268	0.233	0.00240393975876081	P:r1@PLPPR2	P:r1@PLPPR2	P:r1@PLPPR2	PLPPR2	PLPPR2	P	not_sig	beige	not_sig
6.37452821786166e-08	0.142874156158645	0.316	0.277	0.00478835436141114	P:r1@DHX30	P:r1@DHX30	P:r1@DHX30	DHX30	DHX30	P	not_sig	beige	not_sig
8.17323890433909e-18	0.142873965335097	0.799	0.752	6.13949186777239e-13	P:r1@STAT3	P:r1@STAT3	P:r1@STAT3	STAT3	STAT3	P	not_sig	beige	not_sig
2.77194889231381e-13	0.142506875480039	0.451	0.394	2.08220484943936e-08	P:r1@TOM1	P:r1@TOM1	P:r1@TOM1	TOM1	TOM1	P	not_sig	beige	not_sig
1.42526691245325e-10	0.142481596469219	0.464	0.417	1.07061774662751e-05	P:r1@GNS	P:r1@GNS	P:r1@GNS	GNS	GNS	P	not_sig	beige	not_sig
8.29625715256293e-09	0.14181257601329	0.3	0.261	0.00062318994852907	P:r1@FBXW2	P:r1@FBXW2	P:r1@FBXW2	FBXW2	FBXW2	P	not_sig	beige	not_sig
8.60492361658884e-08	0.141805559157358	0.393	0.356	0.00646376047307304	P:r1@RFTN1	P:r1@RFTN1	P:r1@RFTN1	RFTN1	RFTN1	P	not_sig	beige	not_sig
4.27707653548204e-19	0.141766097631831	0.94	0.923	3.21281158115804e-14	P:r1@RHOB	P:r1@RHOB	P:r1@RHOB	RHOB	RHOB	P	not_sig	beige	not_sig
1.90609692796678e-08	0.14126361569864	0.258	0.221	0.00143180282938081	P:r1@NSUN5	P:r1@NSUN5	P:r1@NSUN5	NSUN5	NSUN5	P	not_sig	beige	not_sig
4.38376718733853e-10	0.141170732654804	0.442	0.394	3.29295439811308e-05	P:r1@NIT1	P:r1@NIT1	P:r1@NIT1	NIT1	NIT1	P	not_sig	beige	not_sig
1.03805798282504e-09	0.141158725997404	0.413	0.367	7.79758014958685e-05	P:r1@TP53I13	P:r1@TP53I13	P:r1@TP53I13	TP53I13	TP53I13	P	not_sig	beige	not_sig
4.310255344931e-08	0.141047309532481	0.38	0.342	0.00323773450745182	P:r1@P3H4	P:r1@P3H4	P:r1@P3H4	P3H4	P3H4	P	not_sig	beige	not_sig
8.24301027047633e-09	0.14046081761257	0.406	0.364	0.000619190202487371	P:r1@TBC1D20	P:r1@TBC1D20	P:r1@TBC1D20	TBC1D20	TBC1D20	P	not_sig	beige	not_sig
8.04987179758452e-08	0.140378459046683	0.345	0.307	0.00604682219819156	P:r1@RRP1	P:r1@RRP1	P:r1@RRP1	RRP1	RRP1	P	not_sig	beige	not_sig
1.05758000157945e-08	0.140369865753086	0.391	0.347	0.000794422369786435	P:r1@TMEM222	P:r1@TMEM222	P:r1@TMEM222	TMEM222	TMEM222	P	not_sig	beige	not_sig
1.28265394364533e-10	0.140328561480154	0.539	0.489	9.63491162848062e-06	P:r1@VPS4A	P:r1@VPS4A	P:r1@VPS4A	VPS4A	VPS4A	P	not_sig	beige	not_sig
4.61262701829309e-09	0.14030014149367	0.287	0.247	0.000346486703733122	P:r1@USP4	P:r1@USP4	P:r1@USP4	USP4	USP4	P	not_sig	beige	not_sig
1.35261597971395e-12	0.140064348782744	0.587	0.527	1.01604454548173e-07	P:r1@SNX9	P:r1@SNX9	P:r1@SNX9	SNX9	SNX9	P	not_sig	beige	not_sig
9.22335225826629e-09	0.13986176924719	0.293	0.254	0.000692830551584189	P:r1@SART1	P:r1@SART1	P:r1@SART1	SART1	SART1	P	not_sig	beige	not_sig
7.96620295546633e-12	0.139761084734679	0.687	0.644	5.98397267405764e-07	P:r1@LOXL2	P:r1@LOXL2	P:r1@LOXL2	LOXL2	LOXL2	P	not_sig	beige	not_sig
2.08707863506006e-14	0.139691256871637	0.478	0.416	1.56775085829807e-09	P:r1@GPS1	P:r1@GPS1	P:r1@GPS1	GPS1	GPS1	P	not_sig	beige	not_sig
1.07569524288845e-07	0.139582471363174	0.314	0.277	0.0080802999560052	P:r1@SGTA	P:r1@SGTA	P:r1@SGTA	SGTA	SGTA	P	not_sig	beige	not_sig
1.4959803639002e-35	0.139564627804398	0.972	0.966	1.12373556995091e-30	P:r1@RBPMS	P:r1@RBPMS	P:r1@RBPMS	RBPMS	RBPMS	P	not_sig	beige	not_sig
1.23723756016708e-19	0.139520988323112	0.791	0.744	9.29375738070704e-15	P:r1@SNRPB	P:r1@SNRPB	P:r1@SNRPB	SNRPB	SNRPB	P	not_sig	beige	not_sig
5.04843028644125e-14	0.139464638930011	0.682	0.621	3.79222937826608e-09	P:r1@CDIPT	P:r1@CDIPT	P:r1@CDIPT	CDIPT	CDIPT	P	not_sig	beige	not_sig
3.02144011296408e-09	0.139406121087285	0.608	0.567	0.000226961516965523	P:r1@TNFRSF21	P:r1@TNFRSF21	P:r1@TNFRSF21	TNFRSF21	TNFRSF21	P	not_sig	beige	not_sig
2.91491116389403e-08	0.139243751209787	0.305	0.267	0.00218959381898228	P:r1@BMS1	P:r1@BMS1	P:r1@BMS1	BMS1	BMS1	P	not_sig	beige	not_sig
7.0850960328249e-09	0.139024411468092	0.386	0.342	0.000532211158697708	P:r1@HSPBP1	P:r1@HSPBP1	P:r1@HSPBP1	HSPBP1	HSPBP1	P	not_sig	beige	not_sig
8.89649941603552e-16	0.138806009957715	0.672	0.607	6.68278346634341e-11	P:r1@ERGIC1	P:r1@ERGIC1	P:r1@ERGIC1	ERGIC1	ERGIC1	P	not_sig	beige	not_sig
1.55029333323971e-08	0.138708283109072	0.473	0.431	0.00116453384312967	P:r1@FAM3A	P:r1@FAM3A	P:r1@FAM3A	FAM3A	FAM3A	P	not_sig	beige	not_sig
4.30060720648989e-08	0.138571073084151	0.36	0.321	0.00323048711529901	D:r1@ADDG05168795574.F	D:r1@ADDG05168795574.F	D:r1@..574.F	..574.F	ADDG05168795574.F	D	not_sig	beige	not_sig
6.72168467956337e-09	0.138491966296709	0.349	0.307	0.000504912788074762	P:r1@CCDC86	P:r1@CCDC86	P:r1@CCDC86	CCDC86	CCDC86	P	not_sig	beige	not_sig
1.29040342175073e-07	0.13849084504009	0.376	0.338	0.00969312338316495	P:r1@RNF24	P:r1@RNF24	P:r1@RNF24	RNF24	RNF24	P	not_sig	beige	not_sig
7.67725193017343e-12	0.138250876813778	0.632	0.578	5.76692133238837e-07	P:r1@SLC35B2	P:r1@SLC35B2	P:r1@SLC35B2	SLC35B2	SLC35B2	P	not_sig	beige	not_sig
2.15164030483105e-10	0.138192602360566	0.377	0.329	1.61624764777994e-05	P:r1@UCKL1	P:r1@UCKL1	P:r1@UCKL1	UCKL1	UCKL1	P	not_sig	beige	not_sig
3.59241231794104e-09	0.138112319432917	0.399	0.357	0.000269851236086777	P:r1@PRICKLE2	P:r1@PRICKLE2	P:r1@PRICKLE2	PRICKLE2	PRICKLE2	P	not_sig	beige	not_sig
2.09439526397465e-14	0.138089927678001	0.638	0.578	1.57324689043984e-09	P:r1@INTS11	P:r1@INTS11	P:r1@INTS11	INTS11	INTS11	P	not_sig	beige	not_sig
3.86141095670516e-09	0.137952035061461	0.514	0.469	0.000290057606834822	P:r1@RRP9	P:r1@RRP9	P:r1@RRP9	RRP9	RRP9	P	not_sig	beige	not_sig
1.78360407933251e-08	0.137860830653344	0.38	0.34	0.0013397898762722	P:r1@R3HDM4	P:r1@R3HDM4	P:r1@R3HDM4	R3HDM4	R3HDM4	P	not_sig	beige	not_sig
4.96309117032182e-12	0.137728880229751	0.646	0.59	3.72812519441065e-07	P:r1@CDC34	P:r1@CDC34	P:r1@CDC34	CDC34	CDC34	P	not_sig	beige	not_sig
1.22825917151828e-09	0.137642385199236	0.35	0.306	9.22631441869387e-05	P:r1@MPI	P:r1@MPI	P:r1@MPI	MPI	MPI	P	not_sig	beige	not_sig
9.32917142171761e-14	0.137582964222124	0.757	0.71	7.00779369685162e-09	P:r1@HSPA1A	P:r1@HSPA1A	P:r1@HSPA1A	HSPA1A	HSPA1A	P	not_sig	beige	not_sig
1.96388729574786e-10	0.137097342032211	0.397	0.35	1.47521321994692e-05	P:r1@DCBLD2	P:r1@DCBLD2	P:r1@DCBLD2	DCBLD2	DCBLD2	P	not_sig	beige	not_sig
2.40028277628333e-10	0.137077218823479	0.388	0.34	1.80302041306075e-05	P:r1@PRPF19	P:r1@PRPF19	P:r1@PRPF19	PRPF19	PRPF19	P	not_sig	beige	not_sig
2.74743604527679e-15	0.136852241854161	0.669	0.609	2.06379153413057e-10	P:r1@SDHA,r1@AC021087.5	P:r1@SDHA,r1@AC021087.5	P:r1@SDHA,r1@AC021087.5	SDHA	SDHA,AC021087.5	P	not_sig	beige	not_sig
2.83580414826561e-24	0.136837468012952	0.934	0.914	2.13017100205268e-19	P:r1@CEBPB	P:r1@CEBPB	P:r1@CEBPB	CEBPB	CEBPB	P	not_sig	beige	not_sig
4.15130568979949e-18	0.13665876048863	0.904	0.882	3.11833629500668e-13	P:r1@FADS3	P:r1@FADS3	P:r1@FADS3	FADS3	FADS3	P	not_sig	beige	not_sig
4.03444932819874e-30	0.136625185215718	0.925	0.897	3.03055730186304e-25	P:r1@CCT7	P:r1@CCT7	P:r1@CCT7	CCT7	CCT7	P	not_sig	beige	not_sig
4.88185659160662e-14	0.13661999956343	0.618	0.559	3.66710421591714e-09	P:r1@RBM42	P:r1@RBM42	P:r1@RBM42	RBM42	RBM42	P	not_sig	beige	not_sig
1.9847035820284e-21	0.136553452164684	0.871	0.828	1.49084978971227e-16	P:r1@XRCC6	P:r1@XRCC6	P:r1@XRCC6	XRCC6	XRCC6	P	not_sig	beige	not_sig
1.38550131530084e-08	0.136538396949346	0.334	0.292	0.00104074702301453	P:r1@WDR82	P:r1@WDR82	P:r1@WDR82	WDR82	WDR82	P	not_sig	beige	not_sig
1.01844860696194e-09	0.136535947477315	0.649	0.601	7.65028040091602e-05	P:r1@PGM1	P:r1@PGM1	P:r1@PGM1	PGM1	PGM1	P	not_sig	beige	not_sig
5.91672474407467e-10	0.136439291903798	0.469	0.42	4.44446612600657e-05	P:r1@CDC42EP1	P:r1@CDC42EP1	P:r1@CDC42EP1	CDC42EP1	CDC42EP1	P	not_sig	beige	not_sig
2.77959745957977e-08	0.13641969400683	0.383	0.339	0.00208795022371254	P:r1@CSTF2T	P:r1@CSTF2T	P:r1@CSTF2T	CSTF2T	CSTF2T	P	not_sig	beige	not_sig
4.97957929235114e-12	0.136318919375946	0.508	0.455	3.74051057703541e-07	P:r1@XPNPEP1	P:r1@XPNPEP1	P:r1@XPNPEP1	XPNPEP1	XPNPEP1	P	not_sig	beige	not_sig
1.6750891486269e-08	0.136287962481383	0.587	0.551	0.00125827671577407	P:r1@ADDG0X100644678.F,r1@SRPX2	P:r1@ADDG0X100644678.F,r1@SRPX2	P:r1@..678.F,r1@SRPX2	..678.F	ADDG0X100644678.F,SRPX2	P	not_sig	beige	not_sig
8.20152845882043e-12	0.136207805547007	0.579	0.527	6.16074213241215e-07	P:r1@ZDHHC3	P:r1@ZDHHC3	P:r1@ZDHHC3	ZDHHC3	ZDHHC3	P	not_sig	beige	not_sig
3.68924070394274e-11	0.136129787491765	0.315	0.268	2.77124693958067e-06	P:r1@WRNIP1	P:r1@WRNIP1	P:r1@WRNIP1	WRNIP1	WRNIP1	P	not_sig	beige	not_sig
2.51090706810057e-68	0.136122716128316	0.999	0.999	1.8861180623451e-63	P:r1@UBC	P:r1@UBC	P:r1@UBC	UBC	UBC	P	not_sig	beige	not_sig
1.30908222618486e-13	0.136082239703651	0.693	0.639	9.83343295843281e-09	P:r1@PARVA	P:r1@PARVA	P:r1@PARVA	PARVA	PARVA	P	not_sig	beige	not_sig
2.89519973465891e-34	0.136010191506875	0.992	0.987	2.17478718468373e-29	P:r1@P4HB	P:r1@P4HB	P:r1@P4HB	P4HB	P4HB	P	not_sig	beige	not_sig
2.96855699636846e-13	0.135897810295741	0.718	0.673	2.22989095896209e-08	P:r1@RALY	P:r1@RALY	P:r1@RALY	RALY	RALY	P	not_sig	beige	not_sig
1.9761131726443e-11	0.135658570378281	0.562	0.509	1.48439693189522e-06	P:r1@METTL7A	P:r1@METTL7A	P:r1@METTL7A	METTL7A	METTL7A	P	not_sig	beige	not_sig
3.27820366542996e-12	0.135384522079245	0.8	0.761	2.46248824736102e-07	P:r1@OAF	P:r1@OAF	P:r1@OAF	OAF	OAF	P	not_sig	beige	not_sig
6.03921588134252e-09	0.135252213203502	0.375	0.33	0.000453647779358806	P:r1@PTDSS1	P:r1@PTDSS1	P:r1@PTDSS1	PTDSS1	PTDSS1	P	not_sig	beige	not_sig
1.56404237854261e-29	0.135159611482491	0.945	0.924	1.17486171348985e-24	P:r1@PLD3	P:r1@PLD3	P:r1@PLD3	PLD3	PLD3	P	not_sig	beige	not_sig
1.79364367022346e-09	0.135141024349427	0.952	0.951	0.000134733131576176	P:r1@COL3A1	P:r1@COL3A1	P:r1@COL3A1	COL3A1	COL3A1	P	not_sig	beige	not_sig
1.28608632653722e-08	0.135107245086374	0.395	0.352	0.000966069465904967	P:r1@RAB5B	P:r1@RAB5B	P:r1@RAB5B	RAB5B	RAB5B	P	not_sig	beige	not_sig
5.62795830891967e-08	0.135061585127335	0.526	0.486	0.00422755344291119	P:r1@ABCA1	P:r1@ABCA1	P:r1@ABCA1	ABCA1	ABCA1	P	not_sig	beige	not_sig
7.20540031817786e-15	0.13499503022791	0.731	0.683	5.41248055700566e-10	P:r1@STT3A	P:r1@STT3A	P:r1@STT3A	STT3A	STT3A	P	not_sig	beige	not_sig
6.21720107094052e-16	0.134988934081551	0.652	0.587	4.67017492845839e-11	P:r1@PRPF8	P:r1@PRPF8	P:r1@PRPF8	PRPF8	PRPF8	P	not_sig	beige	not_sig
3.50731008178027e-09	0.13495341668101	0.377	0.332	0.000263458611413088	P:r1@SSRP1	P:r1@SSRP1	P:r1@SSRP1	SSRP1	SSRP1	P	not_sig	beige	not_sig
5.69204385776333e-08	0.134869658288855	0.276	0.24	0.00427569258463608	P:r1@MBD1	P:r1@MBD1	P:r1@MBD1	MBD1	MBD1	P	not_sig	beige	not_sig
4.58744105495681e-13	0.134614524086241	0.717	0.667	3.44594809725191e-08	P:r1@LAP3	P:r1@LAP3	P:r1@LAP3	LAP3	LAP3	P	not_sig	beige	not_sig
9.54466053912756e-11	0.134541383898316	0.604	0.553	7.16966265717645e-06	P:r1@FYN	P:r1@FYN	P:r1@FYN	FYN	FYN	P	not_sig	beige	not_sig
4.22969255388407e-08	0.134459188438517	0.31	0.271	0.0031772181557011	P:r1@RELA	P:r1@RELA	P:r1@RELA	RELA	RELA	P	not_sig	beige	not_sig
5.61812603896251e-08	0.134259164697194	0.348	0.31	0.00422016773668746	P:r1@SETD3	P:r1@SETD3	P:r1@SETD3	SETD3	SETD3	P	not_sig	beige	not_sig
9.73432185025099e-12	0.134198803098182	0.674	0.622	7.31213054425304e-07	P:r1@HNRNPUL2,r1@HNRNPUL2-BSCL2	P:r1@HNRNPUL2,r1@HNRNPUL2-BSCL2	P:r1@HNRNPUL2,r1@HNRNPUL2-BSCL2	HNRNPUL2	HNRNPUL2,HNRNPUL2-BSCL2	P	not_sig	beige	not_sig
1.20289714971114e-09	0.134130439386348	0.493	0.442	9.03580251948518e-05	P:r1@TADA3	P:r1@TADA3	P:r1@TADA3	TADA3	TADA3	P	not_sig	beige	not_sig
9.16445007895085e-11	0.134042796554064	0.597	0.545	6.88405996580551e-06	P:r1@CLPTM1L	P:r1@CLPTM1L	P:r1@CLPTM1L	CLPTM1L	CLPTM1L	P	not_sig	beige	not_sig
2.96307073977562e-08	-0.133888284484937	0.474	0.506	0.00222576984759725	P:r1@MGP	P:r1@MGP	P:r1@MGP	MGP	MGP	P	not_sig	white	not_sig
4.89282028580313e-16	0.133848858638546	0.854	0.823	3.67533981408674e-11	P:r1@ZYX	P:r1@ZYX	P:r1@ZYX	ZYX	ZYX	P	not_sig	beige	not_sig
2.21283470863785e-09	0.133676655489166	0.553	0.506	0.00016622150480875	P:r1@NAGK	P:r1@NAGK	P:r1@NAGK	NAGK	NAGK	P	not_sig	beige	not_sig
4.01084591482602e-11	0.133511584172012	0.387	0.336	3.01282712583986e-06	P:r1@ALDH18A1	P:r1@ALDH18A1	P:r1@ALDH18A1	ALDH18A1	ALDH18A1	P	not_sig	beige	not_sig
3.19631807507735e-08	0.133403888421689	0.601	0.559	0.00240097824845586	P:r1@SIK2	P:r1@SIK2	P:r1@SIK2	SIK2	SIK2	P	not_sig	beige	not_sig
1.94395785114964e-09	0.133247435680156	0.446	0.397	0.000146024281904807	P:r1@ZNF622	P:r1@ZNF622	P:r1@ZNF622	ZNF622	ZNF622	P	not_sig	beige	not_sig
3.4553109597835e-09	0.1328636727409	0.396	0.352	0.000259552593366057	P:r1@SPG7	P:r1@SPG7	P:r1@SPG7	SPG7	SPG7	P	not_sig	beige	not_sig
9.85548614341435e-12	0.132621898177722	0.711	0.663	7.40314552634855e-07	P:r1@SELENBP1	P:r1@SELENBP1	P:r1@SELENBP1	SELENBP1	SELENBP1	P	not_sig	beige	not_sig
4.21724837247607e-12	0.132320736394411	0.589	0.531	3.16787045995285e-07	P:r1@DUS1L	P:r1@DUS1L	P:r1@DUS1L	DUS1L	DUS1L	P	not_sig	beige	not_sig
2.90669003535815e-12	0.132156691576947	0.619	0.567	2.18341835385998e-07	P:r1@IPO5	P:r1@IPO5	P:r1@IPO5	IPO5	IPO5	P	not_sig	beige	not_sig
2.77928070733289e-10	0.132097823153034	0.461	0.41	2.08771228892725e-05	P:r1@B4GALT3	P:r1@B4GALT3	P:r1@B4GALT3	B4GALT3	B4GALT3	P	not_sig	beige	not_sig
4.57147072994872e-12	0.132069864876472	0.603	0.547	3.43395166821558e-07	P:r1@STX10	P:r1@STX10	P:r1@STX10	STX10	STX10	P	not_sig	beige	not_sig
2.73376361474666e-14	0.131850578906744	0.809	0.76	2.05352121448925e-09	P:r1@DNAJC4,r1@VEGFB	P:r1@DNAJC4,r1@VEGFB	P:r1@DNAJC4,r1@VEGFB	DNAJC4	DNAJC4,VEGFB	P	not_sig	beige	not_sig
8.68398846260846e-08	0.131716577283661	0.274	0.238	0.0065231516134576	P:r1@VPS26C	P:r1@VPS26C	P:r1@VPS26C	VPS26C	VPS26C	P	not_sig	beige	not_sig
7.49063344757326e-08	0.131663412891098	0.281	0.245	0.00562673912681361	P:r1@MYPOP	P:r1@MYPOP	P:r1@MYPOP	MYPOP	MYPOP	P	not_sig	beige	not_sig
2.39228302199498e-11	0.131659194971319	0.519	0.462	1.79701123763197e-06	P:r1@HARS	P:r1@HARS	P:r1@HARS	HARS	HARS	P	not_sig	beige	not_sig
3.07048976150328e-08	0.131544255750892	0.369	0.33	0.00230645979414842	P:r1@ACACA	P:r1@ACACA	P:r1@ACACA	ACACA	ACACA	P	not_sig	beige	not_sig
2.15227590828886e-11	0.131380844515056	0.475	0.421	1.61672509402935e-06	P:r1@SMPD1	P:r1@SMPD1	P:r1@SMPD1	SMPD1	SMPD1	P	not_sig	beige	not_sig
5.79384208962366e-17	0.131258166022193	0.829	0.791	4.35216036246260e-12	P:r1@SFPQ	P:r1@SFPQ	P:r1@SFPQ	SFPQ	SFPQ	P	not_sig	beige	not_sig
4.35861913621826e-12	0.131110483834817	0.681	0.633	3.27406393655307e-07	P:r1@ABHD17A	P:r1@ABHD17A	P:r1@ABHD17A	ABHD17A	ABHD17A	P	not_sig	beige	not_sig
3.51552570567809e-08	0.130985099313758	0.328	0.287	0.00264075744433421	P:r1@FAM160B1	P:r1@FAM160B1	P:r1@FAM160B1	FAM160B1	FAM160B1	P	not_sig	beige	not_sig
6.82218673419266e-14	-0.130682598008891	0.844	0.842	5.1246220091235e-09	P:r1@PPIC	P:r1@PPIC	P:r1@PPIC	PPIC	PPIC	P	not_sig	white	not_sig
8.31158020427747e-13	0.130533626311609	0.796	0.757	6.2434097020471e-08	D:r1@ADDG06089721148.F	D:r1@ADDG06089721148.F	D:r1@..148.F	..148.F	ADDG06089721148.F	D	not_sig	beige	not_sig
1.11780462706759e-16	0.130484340121738	0.775	0.72	8.39661301714358e-12	P:r1@GET3	P:r1@GET3	P:r1@GET3	GET3	GET3	P	not_sig	beige	not_sig
2.45160883246595e-16	0.130373263627143	0.786	0.731	1.84157500668345e-11	P:r1@EIF4H	P:r1@EIF4H	P:r1@EIF4H	EIF4H	EIF4H	P	not_sig	beige	not_sig
6.8587806846352e-08	0.130204746610958	0.304	0.267	0.00515211028687742	P:r1@PDXP	P:r1@PDXP	P:r1@PDXP	PDXP	PDXP	P	not_sig	beige	not_sig
1.77110868726586e-23	0.130165360940012	0.963	0.946	1.3304037126135e-18	P:r1@TUBB	P:r1@TUBB	P:r1@TUBB	TUBB	TUBB	P	not_sig	beige	not_sig
9.52335377456496e-11	0.129962309328533	0.7	0.648	7.15365765483996e-06	P:r1@TERF2IP	P:r1@TERF2IP	P:r1@TERF2IP	TERF2IP	TERF2IP	P	not_sig	beige	not_sig
8.61462072759437e-11	0.129930503196805	0.525	0.474	6.47104465194706e-06	P:r1@GSK3B	P:r1@GSK3B	P:r1@GSK3B	GSK3B	GSK3B	P	not_sig	beige	not_sig
1.08386856312177e-10	0.129912793821014	0.445	0.392	8.1416954856018e-06	P:r1@ALG1	P:r1@ALG1	P:r1@ALG1	ALG1	ALG1	P	not_sig	beige	not_sig
1.60026677643031e-08	0.129810040983844	0.389	0.347	0.00120207239445116	P:r1@WDR3	P:r1@WDR3	P:r1@WDR3	WDR3	WDR3	P	not_sig	beige	not_sig
5.61661627712379e-08	0.129576523560288	0.548	0.503	0.00421903364888707	P:r1@NEU1	P:r1@NEU1	P:r1@NEU1	NEU1	NEU1	P	not_sig	beige	not_sig
2.57544081265263e-11	0.129409672080726	0.765	0.737	1.93459387524028e-06	P:r1@LPAR1	P:r1@LPAR1	P:r1@LPAR1	LPAR1	LPAR1	P	not_sig	beige	not_sig
1.05355994887614e-07	0.12937782684681	0.48	0.439	0.00791402626797289	P:r1@KCMF1	P:r1@KCMF1	P:r1@KCMF1	KCMF1	KCMF1	P	not_sig	beige	not_sig
1.00171443404761e-09	0.129078775464266	0.535	0.485	7.52457831423547e-05	P:r1@CSNK2A2	P:r1@CSNK2A2	P:r1@CSNK2A2	CSNK2A2	CSNK2A2	P	not_sig	beige	not_sig
5.19950019794908e-12	0.129071621875206	0.699	0.649	3.90570856369341e-07	P:r1@CD68	P:r1@CD68	P:r1@CD68	CD68	CD68	P	not_sig	beige	not_sig
1.06247994696033e-35	-0.128972824667349	0.982	0.98	7.9810306175819e-31	P:r1@ATP5ME	P:r1@ATP5ME	P:r1@ATP5ME	ATP5ME	ATP5ME	P	not_sig	white	not_sig
2.71935751075416e-08	0.128842310742963	0.364	0.323	0.0020426997813532	P:r1@ORAI1	P:r1@ORAI1	P:r1@ORAI1	ORAI1	ORAI1	P	not_sig	beige	not_sig
2.80754146174049e-11	0.128736103699132	0.574	0.521	2.10894091981561e-06	P:r1@APH1A	P:r1@APH1A	P:r1@APH1A	APH1A	APH1A	P	not_sig	beige	not_sig
1.16666467380481e-08	0.128558781576345	0.569	0.523	0.000876363503021959	P:r1@TRAP1	P:r1@TRAP1	P:r1@TRAP1	TRAP1	TRAP1	P	not_sig	beige	not_sig
4.06660738771479e-12	0.128403937262751	0.555	0.504	3.05471347142972e-07	P:r1@TOMM40	P:r1@TOMM40	P:r1@TOMM40	TOMM40	TOMM40	P	not_sig	beige	not_sig
1.13276885038318e-10	0.128249031364789	0.409	0.358	8.50901977342336e-06	P:r1@ABHD4	P:r1@ABHD4	P:r1@ABHD4	ABHD4	ABHD4	P	not_sig	beige	not_sig
2.11787392758565e-08	0.128129666331199	0.376	0.332	0.00159088335818451	P:r1@RNF220	P:r1@RNF220	P:r1@RNF220	RNF220	RNF220	P	not_sig	beige	not_sig
8.24293952546703e-18	0.128118335620404	0.876	0.843	6.19184888334507e-13	P:r1@CTSA	P:r1@CTSA	P:r1@CTSA	CTSA	CTSA	P	not_sig	beige	not_sig
5.68622338162312e-08	0.127860866475447	0.6	0.56	0.00427132041757384	P:r1@CXXC5	P:r1@CXXC5	P:r1@CXXC5	CXXC5	CXXC5	P	not_sig	beige	not_sig
1.78461911141525e-09	0.127721734629897	0.425	0.378	0.00013405523379218	P:r1@NMT1	P:r1@NMT1	P:r1@NMT1	NMT1	NMT1	P	not_sig	beige	not_sig
5.99363266159075e-19	-0.127595077995489	0.872	0.868	4.50223704640712e-14	P:r1@POLR1D	P:r1@POLR1D	P:r1@POLR1D	POLR1D	POLR1D	P	not_sig	white	not_sig
3.45497579619081e-09	0.127553930068239	0.472	0.426	0.000259527416882465	P:r1@PPP1R11	P:r1@PPP1R11	P:r1@PPP1R11	PPP1R11	PPP1R11	P	not_sig	beige	not_sig
1.79119991157317e-08	0.127379694282037	0.54	0.495	0.00134549563757642	P:r1@STK25	P:r1@STK25	P:r1@STK25	STK25	STK25	P	not_sig	beige	not_sig
1.94088376122759e-16	0.12693000675942	0.764	0.706	1.45793365492133e-11	P:r1@CORO1B	P:r1@CORO1B	P:r1@CORO1B	CORO1B	CORO1B	P	not_sig	beige	not_sig
5.5980726775396e-48	0.126734474671765	0.998	0.998	4.20510425318742e-43	P:r1@PSAP	P:r1@PSAP	P:r1@PSAP	PSAP	PSAP	P	not_sig	beige	not_sig
5.45262327896273e-09	0.126613870641296	0.639	0.594	0.000409584702845844	P:r1@CCDC69	P:r1@CCDC69	P:r1@CCDC69	CCDC69	CCDC69	P	not_sig	beige	not_sig
2.29531778786802e-09	0.126600872290174	0.437	0.392	0.000172417386271282	P:r1@B4GAT1	P:r1@B4GAT1	P:r1@B4GAT1	B4GAT1	B4GAT1	P	not_sig	beige	not_sig
9.48203989780715e-11	0.126584416638728	0.571	0.52	7.1226239100358e-06	P:r1@ANKRD11	P:r1@ANKRD11	P:r1@ANKRD11	ANKRD11	ANKRD11	P	not_sig	beige	not_sig
1.12007277561193e-10	0.126149794964133	0.59	0.537	8.41365066856412e-06	P:r1@RAB1B	P:r1@RAB1B	P:r1@RAB1B	RAB1B	RAB1B	P	not_sig	beige	not_sig
3.25473756424008e-11	0.126085902886041	0.444	0.389	2.44486121613022e-06	P:r1@EIF2D	P:r1@EIF2D	P:r1@EIF2D	EIF2D	EIF2D	P	not_sig	beige	not_sig
1.01916067840994e-07	0.126069950583314	0.374	0.333	0.00765562926801198	P:r1@TBL2	P:r1@TBL2	P:r1@TBL2	TBL2	TBL2	P	not_sig	beige	not_sig
2.25686925529825e-57	0.12596588925882	0.999	0.999	1.69529247850239e-52	P:r1@CD81	P:r1@CD81	P:r1@CD81	CD81	CD81	P	not_sig	beige	not_sig
2.33514898333543e-11	0.125919400725851	0.641	0.588	1.75409386181207e-06	P:r1@FARSA	P:r1@FARSA	P:r1@FARSA	FARSA	FARSA	P	not_sig	beige	not_sig
1.19467691798445e-07	0.125706466322897	0.387	0.348	0.00897405460482377	P:r1@ADDG17007222952.R	P:r1@ADDG17007222952.R	P:r1@..952.R	..952.R	ADDG17007222952.R	P	not_sig	beige	not_sig
5.73284253343819e-14	0.125670306063719	0.714	0.663	4.30633932584277e-09	P:r1@COPA	P:r1@COPA	P:r1@COPA	COPA	COPA	P	not_sig	beige	not_sig
8.8770826505246e-08	0.125547116507297	0.377	0.337	0.00666819817459456	P:r1@TRIP10	P:r1@TRIP10	P:r1@TRIP10	TRIP10	TRIP10	P	not_sig	beige	not_sig
6.53620289113678e-10	0.125511695032877	0.571	0.524	4.90979952573521e-05	P:r1@SEC23A	P:r1@SEC23A	P:r1@SEC23A	SEC23A	SEC23A	P	not_sig	beige	not_sig
9.84281905797609e-08	0.125405385880829	0.406	0.361	0.0073936303917799	P:r1@MAN1B1	P:r1@MAN1B1	P:r1@MAN1B1	MAN1B1	MAN1B1	P	not_sig	beige	not_sig
6.72069823111212e-09	-0.12540186485161	0.689	0.694	0.000504838689026449	P:r1@ZSCAN16-AS1	P:r1@ZSCAN16-AS1	P:r1@ZSCAN16-AS1	ZSCAN16-AS1	ZSCAN16-AS1	P	not_sig	white	not_sig
3.34247112614148e-10	0.125312943221652	0.817	0.797	2.5107640358237e-05	P:r1@EGR1	P:r1@EGR1	P:r1@EGR1	EGR1	EGR1	P	not_sig	beige	not_sig
1.18499924733754e-12	0.125220470082052	0.801	0.763	8.90135884622539e-08	P:r1@ATF4	P:r1@ATF4	P:r1@ATF4	ATF4	ATF4	P	not_sig	beige	not_sig
1.13462413606158e-14	0.125077689306397	0.92	0.893	8.5229561228538e-10	P:r1@FBLN1	P:r1@FBLN1	P:r1@FBLN1	FBLN1	FBLN1	P	not_sig	beige	not_sig
2.8099165167298e-24	0.125035483237002	0.926	0.902	2.11072498987192e-19	P:r1@RPN2	P:r1@RPN2	P:r1@RPN2	RPN2	RPN2	P	not_sig	beige	not_sig
1.87816560598528e-08	0.12503179590085	0.461	0.414	0.00141082165824796	P:r1@C8orf82	P:r1@C8orf82	P:r1@C8orf82	C8orf82	C8orf82	P	not_sig	beige	not_sig
1.48692550425891e-10	0.125030222512189	0.555	0.504	1.11693383103416e-05	P:r1@HDGF	P:r1@HDGF	P:r1@HDGF	HDGF	HDGF	P	not_sig	beige	not_sig
9.78715284720357e-09	0.124962161057927	0.313	0.273	0.000735181560423391	P:r1@PIP4P1	P:r1@PIP4P1	P:r1@PIP4P1	PIP4P1	PIP4P1	P	not_sig	beige	not_sig
1.20612354394556e-08	0.124644795769982	0.534	0.488	0.000906003822505587	P:r1@CTBP1	P:r1@CTBP1	P:r1@CTBP1	CTBP1	CTBP1	P	not_sig	beige	not_sig
2.25307405324548e-09	0.124613987148034	0.59	0.538	0.000169244163657641	P:r1@NSFL1C	P:r1@NSFL1C	P:r1@NSFL1C	NSFL1C	NSFL1C	P	not_sig	beige	not_sig
3.31809544190788e-09	0.124531253953594	0.403	0.357	0.000249245375309794	P:r1@CEP68	P:r1@CEP68	P:r1@CEP68	CEP68	CEP68	P	not_sig	beige	not_sig
4.17413680427423e-09	0.124432657382719	0.476	0.431	0.000313548634326668	P:r1@ABHD12	P:r1@ABHD12	P:r1@ABHD12	ABHD12	ABHD12	P	not_sig	beige	not_sig
1.08216823754135e-08	0.124412935708821	0.605	0.566	0.000812892314993936	P:r1@AIFM2	P:r1@AIFM2	P:r1@AIFM2	AIFM2	AIFM2	P	not_sig	beige	not_sig
3.56392625419331e-12	0.124266803295127	0.688	0.632	2.67711448436239e-07	P:r1@ZFR	P:r1@ZFR	P:r1@ZFR	ZFR	ZFR	P	not_sig	beige	not_sig
5.92233797833741e-13	0.124246984932876	0.821	0.785	4.44868261918772e-08	P:r1@TMEM120A	P:r1@TMEM120A	P:r1@TMEM120A	TMEM120A	TMEM120A	P	not_sig	beige	not_sig
2.25009517692764e-08	0.124230821681721	0.398	0.358	0.00169020399405274	P:r1@KIAA0100	P:r1@KIAA0100	P:r1@KIAA0100	KIAA0100	KIAA0100	P	not_sig	beige	not_sig
6.63668424560209e-12	0.124165371760455	0.959	0.952	4.98527810476892e-07	P:r1@CEBPD	P:r1@CEBPD	P:r1@CEBPD	CEBPD	CEBPD	P	not_sig	beige	not_sig
7.71536340793003e-10	0.124112754828721	0.481	0.432	5.7955495311348e-05	P:r1@LPP	P:r1@LPP	P:r1@LPP	LPP	LPP	P	not_sig	beige	not_sig
5.9670090465168e-11	-0.124065877277535	0.748	0.741	4.48223818547202e-06	P:r1@RPL12P16	P:r1@RPL12P16	P:r1@RPL12P16	RPL12P16	RPL12P16	P	not_sig	white	not_sig
1.31950601018583e-08	0.123914326988911	0.334	0.295	0.000991173329671291	P:r1@FAM168B	P:r1@FAM168B	P:r1@FAM168B	FAM168B	FAM168B	P	not_sig	beige	not_sig
7.11513036988034e-12	0.123833706910246	0.618	0.566	5.34467247994302e-07	P:r1@TUBG1	P:r1@TUBG1	P:r1@TUBG1	TUBG1	TUBG1	P	not_sig	beige	not_sig
7.28253338095048e-16	0.123825992992349	0.923	0.906	5.47042059976857e-11	P:r1@SPTBN1	P:r1@SPTBN1	P:r1@SPTBN1	SPTBN1	SPTBN1	P	not_sig	beige	not_sig
2.4914933723426e-11	0.123773522588132	0.625	0.577	1.87153507650259e-06	P:r1@TPD52L2	P:r1@TPD52L2	P:r1@TPD52L2	TPD52L2	TPD52L2	P	not_sig	beige	not_sig
3.3639037566071e-08	0.123633833115398	0.441	0.396	0.00252686358485056	P:r1@VPS26B	P:r1@VPS26B	P:r1@VPS26B	VPS26B	VPS26B	P	not_sig	beige	not_sig
6.31088503357083e-08	0.123484755576402	0.256	0.222	0.0047405475106674	P:r1@FN3KRP	P:r1@FN3KRP	P:r1@FN3KRP	FN3KRP	FN3KRP	P	not_sig	beige	not_sig
6.73257797026615e-28	-0.123394186294865	0.96	0.961	5.05731059392482e-23	P:r1@RPL41P5	P:r1@RPL41P5	P:r1@RPL41P5	RPL41P5	RPL41P5	P	not_sig	white	not_sig
2.635126154638e-09	0.123178491716933	0.478	0.429	0.000197942771357943	P:r1@SRRT	P:r1@SRRT	P:r1@SRRT	SRRT	SRRT	P	not_sig	beige	not_sig
7.09560594102094e-11	0.123165326524307	0.626	0.568	5.3300063147167e-06	P:r1@TOX4	P:r1@TOX4	P:r1@TOX4	TOX4	TOX4	P	not_sig	beige	not_sig
1.43747092693336e-09	0.123095223899641	0.356	0.311	0.000107978503618453	P:r1@YTHDF3	P:r1@YTHDF3	P:r1@YTHDF3	YTHDF3	YTHDF3	P	not_sig	beige	not_sig
1.10406656811442e-07	0.123079312497465	0.255	0.221	0.00829341683970511	P:r1@PPP1R15B	P:r1@PPP1R15B	P:r1@PPP1R15B	PPP1R15B	PPP1R15B	P	not_sig	beige	not_sig
6.45537926958429e-09	0.122548296721729	0.506	0.458	0.000484908724593363	P:r1@DDX56	P:r1@DDX56	P:r1@DDX56	DDX56	DDX56	P	not_sig	beige	not_sig
6.19852571061851e-11	0.122420872841607	0.774	0.728	4.6561465580453e-06	P:r1@HSPA9	P:r1@HSPA9	P:r1@HSPA9	HSPA9	HSPA9	P	not_sig	beige	not_sig
4.76404809634435e-12	0.122420214524589	0.682	0.625	3.57861000853098e-07	P:r1@CTDNEP1	P:r1@CTDNEP1	P:r1@CTDNEP1	CTDNEP1	CTDNEP1	P	not_sig	beige	not_sig
1.88728489258354e-09	0.122234099705854	0.588	0.538	0.000141767179276197	P:r1@MLST8	P:r1@MLST8	P:r1@MLST8	MLST8	MLST8	P	not_sig	beige	not_sig
1.40186095212232e-13	0.122061222115833	0.904	0.872	1.05303589140573e-08	P:r1@TUBA1B	P:r1@TUBA1B	P:r1@TUBA1B	TUBA1B	TUBA1B	P	not_sig	beige	not_sig
8.67325875664803e-08	0.12170968653963	0.329	0.289	0.0065150917802313	P:r2@TNPO1	P:r2@TNPO1	P:r2@TNPO1	TNPO1	TNPO1	P	not_sig	beige	not_sig
5.38934211142317e-11	-0.121334562061148	0.805	0.801	4.04831211383774e-06	P:r1@TM9SF2	P:r1@TM9SF2	P:r1@TM9SF2	TM9SF2	TM9SF2	P	not_sig	white	not_sig
1.56143812342989e-13	0.121333519888261	0.764	0.716	1.17290547517683e-08	P:r1@CPNE1,r1@RBM12	P:r1@CPNE1,r1@RBM12	P:r1@CPNE1,r1@RBM12	CPNE1	CPNE1,RBM12	P	not_sig	beige	not_sig
1.25482363628422e-07	0.121045405227554	0.44	0.398	0.00942585870867618	P:r1@PDIA5	P:r1@PDIA5	P:r1@PDIA5	PDIA5	PDIA5	P	not_sig	beige	not_sig
2.00073271813496e-08	0.120798788267743	0.364	0.321	0.00150289039588143	P:r1@CLK3	P:r1@CLK3	P:r1@CLK3	CLK3	CLK3	P	not_sig	beige	not_sig
5.80237908385096e-08	0.120556974824953	0.444	0.401	0.00435857309641633	P:r1@ZNRF1	P:r1@ZNRF1	P:r1@ZNRF1	ZNRF1	ZNRF1	P	not_sig	beige	not_sig
1.53987505270797e-12	0.120526699143481	0.915	0.898	1.15670794334265e-07	P:r1@FADS2	P:r1@FADS2	P:r1@FADS2	FADS2	FADS2	P	not_sig	beige	not_sig
1.82088337202421e-23	0.120510923149763	0.934	0.903	1.36779296256343e-18	P:r1@AUP1	P:r1@AUP1	P:r1@AUP1	AUP1	AUP1	P	not_sig	beige	not_sig
6.29034135095141e-11	0.120274778471047	0.871	0.842	4.72511571259417e-06	P:r1@PHLDA3	P:r1@PHLDA3	P:r1@PHLDA3	PHLDA3	PHLDA3	P	not_sig	beige	not_sig
4.29457560134346e-23	0.120215512430586	0.936	0.915	3.22595635446116e-18	D:r1@ADDG22035839025.R	D:r1@ADDG22035839025.R	D:r1@..025.R	..025.R	ADDG22035839025.R	D	not_sig	beige	not_sig
1.54907552967975e-09	0.120204064440776	0.363	0.316	0.000116361906562953	P:r1@KIAA1191	P:r1@KIAA1191	P:r1@KIAA1191	KIAA1191	KIAA1191	P	not_sig	beige	not_sig
5.66842298824444e-12	0.120096199372869	0.741	0.699	4.25794929607957e-07	P:r1@ALG3	P:r1@ALG3	P:r1@ALG3	ALG3	ALG3	P	not_sig	beige	not_sig
1.16714048102917e-07	0.119659953349514	0.419	0.375	0.00876720915134681	P:r1@PRRC1	P:r1@PRRC1	P:r1@PRRC1	PRRC1	PRRC1	P	not_sig	beige	not_sig
3.30537195877538e-08	0.119384636696398	0.547	0.5	0.0024828962542733	P:r1@FAM32A	P:r1@FAM32A	P:r1@FAM32A	FAM32A	FAM32A	P	not_sig	beige	not_sig
5.31166384876829e-46	0.119178694809413	0.991	0.983	3.98996253327927e-41	P:r1@GNAS	P:r1@GNAS	P:r1@GNAS	GNAS	GNAS	P	not_sig	beige	not_sig
1.45777247539954e-15	0.119149655813456	0.825	0.773	1.09503495034587e-10	P:r2@HDLBP	P:r2@HDLBP	P:r2@HDLBP	HDLBP	HDLBP	P	not_sig	beige	not_sig
6.76491396723415e-34	-0.119113184772327	0.994	0.993	5.08160042476728e-29	P:r1@CSTB	P:r1@CSTB	P:r1@CSTB	CSTB	CSTB	P	not_sig	white	not_sig
1.06702165790297e-07	0.118973096527163	0.527	0.487	0.00801514658766976	P:r1@SNX21	P:r1@SNX21	P:r1@SNX21	SNX21	SNX21	P	not_sig	beige	not_sig
2.52952667574434e-25	-0.118913622229325	0.961	0.961	1.90010455301888e-20	P:r1@NDUFA3	P:r1@NDUFA3	P:r1@NDUFA3	NDUFA3	NDUFA3	P	not_sig	white	not_sig
6.70891868764193e-09	0.118860948536068	0.443	0.395	0.000503953845059599	P:r1@PMPCA	P:r1@PMPCA	P:r1@PMPCA	PMPCA	PMPCA	P	not_sig	beige	not_sig
1.34551258296147e-19	0.11884660404244	0.938	0.919	1.01070868694317e-14	P:r1@NUCB1	P:r1@NUCB1	P:r1@NUCB1	NUCB1	NUCB1	P	not_sig	beige	not_sig
1.53347276899905e-44	-0.118764486452118	0.99	0.991	1.15189873988902e-39	P:r1@ROMO1	P:r1@ROMO1	P:r1@ROMO1	ROMO1	ROMO1	P	not_sig	white	not_sig
2.71554556082872e-11	0.11844679129403	0.637	0.583	2.03983635892771e-06	P:r1@C6orf89	P:r1@C6orf89	P:r1@C6orf89	C6orf89	C6orf89	P	not_sig	beige	not_sig
8.25844312529998e-08	0.118261709564219	0.544	0.499	0.00620349472243159	P:r1@SPSB3	P:r1@SPSB3	P:r1@SPSB3	SPSB3	SPSB3	P	not_sig	beige	not_sig
9.87786365069499e-10	0.118177708572999	0.598	0.549	7.41995483849255e-05	P:r1@MRPL38	P:r1@MRPL38	P:r1@MRPL38	MRPL38	MRPL38	P	not_sig	beige	not_sig
3.46769716207611e-16	0.117654038971478	0.964	0.943	2.60483007723671e-11	P:r1@HM13	P:r1@HM13	P:r1@HM13	HM13	HM13	P	not_sig	beige	not_sig
3.86442267820601e-08	0.117628570059429	0.515	0.47	0.00290283838318801	P:r1@MAGEF1	P:r1@MAGEF1	P:r1@MAGEF1	MAGEF1	MAGEF1	P	not_sig	beige	not_sig
1.29277678277215e-23	0.117395551899555	0.933	0.9	9.71095135914957e-19	P:r1@GNB2	P:r1@GNB2	P:r1@GNB2	GNB2	GNB2	P	not_sig	beige	not_sig
2.4185819410515e-09	0.117199644232896	0.394	0.35	0.000181676619665966	P:r1@SNAPC2	P:r1@SNAPC2	P:r1@SNAPC2	SNAPC2	SNAPC2	P	not_sig	beige	not_sig
1.60394210472899e-176	-0.117102727158395	1	1	1.20483319080927e-171	P:r1@RPS28	P:r1@RPS28	P:r1@RPS28	RPS28	RPS28	P	not_sig	white	not_sig
2.00749223135126e-09	0.116832901937797	0.577	0.529	0.000150796793942413	P:r1@BAG3	P:r1@BAG3	P:r1@BAG3	BAG3	BAG3	P	not_sig	beige	not_sig
4.17613870238765e-17	0.116796067576775	0.876	0.834	3.13699010907253e-12	P:r1@LAMP1	P:r1@LAMP1	P:r1@LAMP1	LAMP1	LAMP1	P	not_sig	beige	not_sig
1.55397654251222e-08	0.116769455092936	0.387	0.343	0.0011673005594389	P:r1@NOA1	P:r1@NOA1	P:r1@NOA1	NOA1	NOA1	P	not_sig	beige	not_sig
1.30625587986226e-10	0.116669192967701	0.686	0.633	9.81220229276135e-06	P:r1@SF3B4	P:r1@SF3B4	P:r1@SF3B4	SF3B4	SF3B4	P	not_sig	beige	not_sig
3.52818308632045e-08	0.116538313092499	0.501	0.456	0.00265026528895133	P:r1@ARF3,r1@AC073610.2	P:r1@ARF3,r1@AC073610.2	P:r1@ARF3,r1@AC073610.2	ARF3	ARF3,AC073610.2	P	not_sig	beige	not_sig
3.92653325613156e-08	0.116511533656522	0.461	0.418	0.00294949398600834	P:r1@GMPPA	P:r1@GMPPA	P:r1@GMPPA	GMPPA	GMPPA	P	not_sig	beige	not_sig
3.74003588247519e-08	0.116436796262702	0.396	0.354	0.00280940275383889	P:r1@DHRS7B	P:r1@DHRS7B	P:r1@DHRS7B	DHRS7B	DHRS7B	P	not_sig	beige	not_sig
1.32751412844785e-14	0.116341921467503	0.768	0.711	9.97188787866174e-10	P:r1@CNN2	P:r1@CNN2	P:r1@CNN2	CNN2	CNN2	P	not_sig	beige	not_sig
1.14509920609383e-13	0.116300254352241	0.755	0.705	8.60164170641505e-09	P:r1@NONO	P:r1@NONO	P:r1@NONO	NONO	NONO	P	not_sig	beige	not_sig
1.67607369404764e-44	0.11619738475141	0.995	0.992	1.25901627675776e-39	P:r1@BSG	P:r1@BSG	P:r1@BSG	BSG	BSG	P	not_sig	beige	not_sig
9.45435154075168e-14	0.11604546586976	0.89	0.866	7.10182524686644e-09	P:r1@HLA-B	P:r1@HLA-B	P:r1@HLA-B	HLA-B	HLA-B	P	not_sig	beige	not_sig
4.4106025042081e-22	0.115874223810176	0.98	0.971	3.313112283086e-17	P:r1@RTN4	P:r1@RTN4	P:r1@RTN4	RTN4	RTN4	P	not_sig	beige	not_sig
4.75575173262243e-08	0.115838457624909	0.541	0.499	0.00357237802899399	P:r1@VCL	P:r1@VCL	P:r1@VCL	VCL	VCL	P	not_sig	beige	not_sig
3.99827404880028e-16	0.115800754630149	0.848	0.809	3.00338351723731e-11	P:r1@DPP7	P:r1@DPP7	P:r1@DPP7	DPP7	DPP7	P	not_sig	beige	not_sig
4.47703414908537e-10	0.115428914827509	0.444	0.394	3.36301374176846e-05	P:r1@WIPI2	P:r1@WIPI2	P:r1@WIPI2	WIPI2	WIPI2	P	not_sig	beige	not_sig
6.13119832501346e-08	0.115219394494463	0.34	0.299	0.00460557224580036	P:r1@TBCC	P:r1@TBCC	P:r1@TBCC	TBCC	TBCC	P	not_sig	beige	not_sig
1.22840601151749e-12	0.115061452279949	0.696	0.647	9.22741743671596e-08	P:r2@APLP2	P:r2@APLP2	P:r2@APLP2	APLP2	APLP2	P	not_sig	beige	not_sig
7.65762389509697e-14	0.115035705531626	0.939	0.927	5.75217734127999e-09	P:r1@MYC	P:r1@MYC	P:r1@MYC	MYC	MYC	P	not_sig	beige	not_sig
9.86255728079386e-17	0.11498572317242	0.799	0.757	7.40845715261393e-12	P:r1@GNAI2	P:r1@GNAI2	P:r1@GNAI2	GNAI2	GNAI2	P	not_sig	beige	not_sig
2.53600337726346e-08	0.114578550112465	0.443	0.396	0.00190496965689899	P:r1@GUSB	P:r1@GUSB	P:r1@GUSB	GUSB	GUSB	P	not_sig	beige	not_sig
7.85507864420719e-15	0.114475355620395	0.987	0.98	5.90049942516912e-10	P:r1@PDIA3	P:r1@PDIA3	P:r1@PDIA3	PDIA3	PDIA3	P	not_sig	beige	not_sig
4.78530924403785e-09	0.11429857946431	0.529	0.483	0.000359458074484391	P:r1@MIR219A1,r1@RING1	P:r1@MIR219A1,r1@RING1	P:r1@MIR219A1,r1@RING1	MIR219A1	MIR219A1,RING1	P	not_sig	beige	not_sig
3.1995251623534e-09	0.114229514329138	0.342	0.297	0.0002403387316205	P:r1@ADDG0X047561522.B,r1@ARAF	P:r1@ADDG0X047561522.B,r1@ARAF	P:r1@..522.B,r1@ARAF	..522.B	ADDG0X047561522.B,ARAF	P	not_sig	beige	not_sig
6.62109840269166e-08	0.113972015012417	0.415	0.371	0.00497357048714989	P:r1@TOLLIP	P:r1@TOLLIP	P:r1@TOLLIP	TOLLIP	TOLLIP	P	not_sig	beige	not_sig
1.32244005522772e-07	0.113911451611362	0.474	0.431	0.00993377296285409	P:r1@TSTA3	P:r1@TSTA3	P:r1@TSTA3	TSTA3	TSTA3	P	not_sig	beige	not_sig
8.22802474124159e-12	0.113823977234109	0.696	0.646	6.18064534487844e-07	P:r1@MRPS2	P:r1@MRPS2	P:r1@MRPS2	MRPS2	MRPS2	P	not_sig	beige	not_sig
3.40320973486117e-08	0.113712023993706	0.354	0.311	0.00255638905653567	P:r1@NOP2	P:r1@NOP2	P:r1@NOP2	NOP2	NOP2	P	not_sig	beige	not_sig
1.76354984400179e-49	0.113637558574835	0.997	0.995	1.32472573631883e-44	P:r1@PABPC1	P:r1@PABPC1	P:r1@PABPC1	PABPC1	PABPC1	P	not_sig	beige	not_sig
7.22706053438102e-12	0.113146946421418	0.797	0.751	5.42875106161099e-07	P:r1@SURF4	P:r1@SURF4	P:r1@SURF4	SURF4	SURF4	P	not_sig	beige	not_sig
1.38524992205351e-19	0.11305164176065	0.947	0.931	1.04055818394893e-14	P:r1@DDOST	P:r1@DDOST	P:r1@DDOST	DDOST	DDOST	P	not_sig	beige	not_sig
1.96272470780024e-08	0.112965047577216	0.644	0.606	0.0014743399187583	P:r1@C19orf12	P:r1@C19orf12	P:r1@C19orf12	C19orf12	C19orf12	P	not_sig	beige	not_sig
1.20063685942468e-07	0.112769334598671	0.272	0.236	0.00901882389694036	P:r1@TPP2	P:r1@TPP2	P:r1@TPP2	TPP2	TPP2	P	not_sig	beige	not_sig
7.3489992098072e-08	0.112613269426737	0.742	0.709	0.00552034773643087	P:r1@PCYT2	P:r1@PCYT2	P:r1@PCYT2	PCYT2	PCYT2	P	not_sig	beige	not_sig
6.81232680788372e-08	0.112606032041174	0.497	0.452	0.00511721552827801	P:r1@MRPL28	P:r1@MRPL28	P:r1@MRPL28	MRPL28	MRPL28	P	not_sig	beige	not_sig
8.97954702072055e-10	0.112030971987681	0.596	0.539	6.74516633555466e-05	P:r1@SLC39A3,r1@AC006538.2	P:r1@SLC39A3,r1@AC006538.2	P:r1@SLC39A3,r1@AC006538.2	SLC39A3	SLC39A3,AC006538.2	P	not_sig	beige	not_sig
1.16906432771073e-10	0.112022327333885	0.486	0.431	8.78166051046466e-06	P:r1@PRPF31	P:r1@PRPF31	P:r1@PRPF31	PRPF31	PRPF31	P	not_sig	beige	not_sig
1.61676566760757e-09	0.111858906248119	0.499	0.448	0.000121446586653678	P:r1@RNF10	P:r1@RNF10	P:r1@RNF10	RNF10	RNF10	P	not_sig	beige	not_sig
1.12693722556926e-12	0.111800214087343	0.764	0.715	8.46521435730858e-08	P:r1@SLC25A39	P:r1@SLC25A39	P:r1@SLC25A39	SLC25A39	SLC25A39	P	not_sig	beige	not_sig
9.0732854920411e-11	0.111555678454503	0.715	0.667	6.81557986305651e-06	P:r1@PRNP	P:r1@PRNP	P:r1@PRNP	PRNP	PRNP	P	not_sig	beige	not_sig
3.8204112938387e-10	0.111522420284629	0.714	0.67	2.86977835159282e-05	P:r2@ACTA2	P:r2@ACTA2	P:r2@ACTA2	ACTA2	ACTA2	P	not_sig	beige	not_sig
3.08945373372881e-09	0.111412338711032	0.519	0.473	0.000232070496116507	P:r1@IFRD2	P:r1@IFRD2	P:r1@IFRD2	IFRD2	IFRD2	P	not_sig	beige	not_sig
3.2920733933615e-42	-0.111392064192304	1	1	2.47290677089135e-37	P:r1@S100A6	P:r1@S100A6	P:r1@S100A6	S100A6	S100A6	P	not_sig	white	not_sig
5.83054427659516e-15	-0.111296917345275	0.841	0.843	4.37972994424999e-10	P:r1@NDUFB5	P:r1@NDUFB5	P:r1@NDUFB5	NDUFB5	NDUFB5	P	not_sig	white	not_sig
9.29163586348378e-08	0.11122914339213	0.584	0.535	0.00697959811157311	P:r1@GTF2F1,r1@MIR6790	P:r1@GTF2F1,r1@MIR6790	P:r1@GTF2F1,r1@MIR6790	GTF2F1	GTF2F1,MIR6790	P	not_sig	beige	not_sig
9.45680468318308e-09	0.111121313112899	0.424	0.375	0.000710366797386663	P:r1@PREP	P:r1@PREP	P:r1@PREP	PREP	PREP	P	not_sig	beige	not_sig
9.93489526921847e-08	0.110976340051184	0.446	0.404	0.00746279527937884	P:r1@GSS	P:r1@GSS	P:r1@GSS	GSS	GSS	P	not_sig	beige	not_sig
1.20379638709563e-07	0.110973606825981	0.521	0.472	0.00904255732094624	P:r1@SHISA5	P:r1@SHISA5	P:r1@SHISA5	SHISA5	SHISA5	P	not_sig	beige	not_sig
7.38930884542871e-09	0.110819397848557	0.289	0.249	0.000555062712542068	P:r1@CPSF7	P:r1@CPSF7	P:r1@CPSF7	CPSF7	CPSF7	P	not_sig	beige	not_sig
1.36190763666281e-09	0.110714119288687	0.571	0.52	0.0001023024159432	P:r1@EDEM2	P:r1@EDEM2	P:r1@EDEM2	EDEM2	EDEM2	P	not_sig	beige	not_sig
2.85318149115905e-16	0.110599108246761	0.827	0.776	2.14322434071394e-11	P:r1@MTPN	P:r1@MTPN	P:r1@MTPN	MTPN	MTPN	P	not_sig	beige	not_sig
1.03167477154215e-07	0.110481335409367	0.37	0.329	0.00774963138139314	P:r1@STX4	P:r1@STX4	P:r1@STX4	STX4	STX4	P	not_sig	beige	not_sig
5.3561752540092e-19	0.110465999809505	0.952	0.941	4.02339816555409e-14	P:r1@RCN3	P:r1@RCN3	P:r1@RCN3	RCN3	RCN3	P	not_sig	beige	not_sig
2.86915189570864e-26	0.110393389126232	0.962	0.944	2.15522082949946e-21	P:r1@TUFM	P:r1@TUFM	P:r1@TUFM	TUFM	TUFM	P	not_sig	beige	not_sig
1.15416419029137e-20	0.110252922286294	0.975	0.956	8.66973514821167e-16	P:r1@HDLBP	P:r1@HDLBP	P:r1@HDLBP	HDLBP	HDLBP	P	not_sig	beige	not_sig
1.1498502957356e-119	-0.110091514339839	1	1	8.63733046647709e-115	P:r1@RPS21	P:r1@RPS21	P:r1@RPS21	RPS21	RPS21	P	not_sig	white	not_sig
2.13579644768062e-14	0.109899107039453	0.837	0.802	1.60434621760425e-09	P:r1@HSD17B4	P:r1@HSD17B4	P:r1@HSD17B4	HSD17B4	HSD17B4	P	not_sig	beige	not_sig
3.23529382182065e-09	0.109742107241492	0.51	0.459	0.000243025566013702	P:r1@TMEM175	P:r1@TMEM175	P:r1@TMEM175	TMEM175	TMEM175	P	not_sig	beige	not_sig
2.590347501007e-08	0.109108522651011	0.592	0.548	0.00194579133233143	P:r1@PLSCR3	P:r1@PLSCR3	P:r1@PLSCR3	PLSCR3	PLSCR3	P	not_sig	beige	not_sig
1.00647613535952e-11	0.109108184284155	0.967	0.951	7.56034678598012e-07	P:r1@SLC25A1	P:r1@SLC25A1	P:r1@SLC25A1	SLC25A1	SLC25A1	P	not_sig	beige	not_sig
1.21006882383515e-07	0.109029411145457	0.32	0.28	0.0090896739840025	P:r1@SEC23IP	P:r1@SEC23IP	P:r1@SEC23IP	SEC23IP	SEC23IP	P	not_sig	beige	not_sig
2.63494885939421e-08	0.108942702664448	0.356	0.315	0.00197929453471115	P:r1@DPF2	P:r1@DPF2	P:r1@DPF2	DPF2	DPF2	P	not_sig	beige	not_sig
1.65875891336527e-15	0.108680458340906	0.875	0.84	1.24600993295259e-10	P:r1@HADHB	P:r1@HADHB	P:r1@HADHB	HADHB	HADHB	P	not_sig	beige	not_sig
5.10390996596278e-25	0.108629518746864	0.945	0.927	3.83390404913227e-20	P:r1@EIF3L	P:r1@EIF3L	P:r1@EIF3L	EIF3L	EIF3L	P	not_sig	beige	not_sig
2.17209404826444e-14	0.108231302833986	0.881	0.842	1.6316118862348e-09	P:r1@MLEC	P:r1@MLEC	P:r1@MLEC	MLEC	MLEC	P	not_sig	beige	not_sig
2.42374151363813e-14	0.108174106100477	0.82	0.775	1.82064191279955e-09	P:r1@SUMF2	P:r1@SUMF2	P:r1@SUMF2	SUMF2	SUMF2	P	not_sig	beige	not_sig
8.69671912375324e-09	0.108136914251759	0.587	0.541	0.000653271450418972	P:r1@SNX1	P:r1@SNX1	P:r1@SNX1	SNX1	SNX1	P	not_sig	beige	not_sig
3.99365774206585e-08	0.108116549246887	0.422	0.379	0.00299991588610761	P:r1@CDC42BPB	P:r1@CDC42BPB	P:r1@CDC42BPB	CDC42BPB	CDC42BPB	P	not_sig	beige	not_sig
7.07792535516753e-10	0.108048612551014	0.8	0.76	5.3167251890412e-05	P:r1@NORAD	P:r1@NORAD	P:r1@NORAD	NORAD	NORAD	P	not_sig	beige	not_sig
2.5219701443231e-12	0.10801981346619	0.761	0.711	1.89442831331119e-07	P:r1@ILK	P:r1@ILK	P:r1@ILK	ILK	ILK	P	not_sig	beige	not_sig
1.17756006554099e-09	0.107851150607265	0.547	0.487	8.84547794432429e-05	P:r1@SMARCC2	P:r1@SMARCC2	P:r1@SMARCC2	SMARCC2	SMARCC2	P	not_sig	beige	not_sig
1.05439649705502e-08	-0.107806138279414	0.825	0.819	0.000792031016692819	P:r1@TMEM30A	P:r1@TMEM30A	P:r1@TMEM30A	TMEM30A	TMEM30A	P	not_sig	white	not_sig
1.29834623904176e-18	0.107786993077869	0.91	0.875	9.75278744380997e-14	P:r1@HNRNPA0	P:r1@HNRNPA0	P:r1@HNRNPA0	HNRNPA0	HNRNPA0	P	not_sig	beige	not_sig
7.98761880210603e-08	0.10756403825329	0.428	0.384	0.00600005961557798	P:r1@UBE2Z	P:r1@UBE2Z	P:r1@UBE2Z	UBE2Z	UBE2Z	P	not_sig	beige	not_sig
5.52513664827564e-09	0.107253080241664	0.646	0.592	0.000415031689608521	P:r1@BCAT2	P:r1@BCAT2	P:r1@BCAT2	BCAT2	BCAT2	P	not_sig	beige	not_sig
1.82389055859083e-24	0.107166258979769	0.978	0.965	1.37005187089668e-19	P:r1@TNFRSF1A	P:r1@TNFRSF1A	P:r1@TNFRSF1A	TNFRSF1A	TNFRSF1A	P	not_sig	beige	not_sig
6.38656068470508e-08	0.107096981048425	0.487	0.441	0.00479739278952992	P:r1@RRP7A	P:r1@RRP7A	P:r1@RRP7A	RRP7A	RRP7A	P	not_sig	beige	not_sig
1.13053077447565e-13	0.107034967625273	0.817	0.77	8.49220801862872e-09	P:r1@DDX17	P:r1@DDX17	P:r1@DDX17	DDX17	DDX17	P	not_sig	beige	not_sig
2.44233094587761e-11	0.106916781564302	0.809	0.764	1.83460573661489e-06	P:r1@SERINC1	P:r1@SERINC1	P:r1@SERINC1	SERINC1	SERINC1	P	not_sig	beige	not_sig
4.25088812577959e-10	0.10670074131252	0.759	0.711	3.19313963344185e-05	P:r1@NDUFS2	P:r1@NDUFS2	P:r1@NDUFS2	NDUFS2	NDUFS2	P	not_sig	beige	not_sig
4.87296894819478e-15	-0.106542444186643	0.912	0.904	3.66042808481548e-10	P:r1@TMEM167A	P:r1@TMEM167A	P:r1@TMEM167A	TMEM167A	TMEM167A	P	not_sig	white	not_sig
4.42899600365766e-11	0.106405742285818	0.804	0.767	3.32692892806753e-06	P:r1@SEC31A	P:r1@SEC31A	P:r1@SEC31A	SEC31A	SEC31A	P	not_sig	beige	not_sig
1.05760544599048e-09	-0.10618773669548	0.828	0.82	7.94441482864668e-05	P:r1@SH3GLB1	P:r1@SH3GLB1	P:r1@SH3GLB1	SH3GLB1	SH3GLB1	P	not_sig	white	not_sig
8.77114005731963e-09	0.106026633150082	0.574	0.522	0.000658861727685679	P:r1@WDR45,r1@AC231657.3	P:r1@WDR45,r1@AC231657.3	P:r1@WDR45,r1@AC231657.3	WDR45	WDR45,AC231657.3	P	not_sig	beige	not_sig
8.50036189356415e-50	-0.105961908044403	1	1	6.38521684358859e-45	P:r1@TPT1	P:r1@TPT1	P:r1@TPT1	TPT1	TPT1	P	not_sig	white	not_sig
1.08406933041035e-10	0.105786958440548	0.687	0.64	8.1432035892434e-06	P:r1@TUBB6	P:r1@TUBB6	P:r1@TUBB6	TUBB6	TUBB6	P	not_sig	beige	not_sig
2.03300670536784e-18	-0.105510811887317	0.97	0.969	1.52713364687116e-13	P:r1@RPL22L1	P:r1@RPL22L1	P:r1@RPL22L1	RPL22L1	RPL22L1	P	not_sig	white	not_sig
2.05729945019954e-19	0.105320425783356	0.996	0.995	1.54538162800639e-14	P:r1@HSPA8	P:r1@HSPA8	P:r1@HSPA8	HSPA8	HSPA8	P	not_sig	beige	not_sig
2.88851771949159e-11	0.10500931775825	0.706	0.654	2.1697678553505e-06	P:r1@ARHGDIA	P:r1@ARHGDIA	P:r1@ARHGDIA	ARHGDIA	ARHGDIA	P	not_sig	beige	not_sig
2.38248451056871e-33	-0.104880981050515	0.996	0.996	1.7896508898039e-28	P:r1@ATP5MD	P:r1@ATP5MD	P:r1@ATP5MD	ATP5MD	ATP5MD	P	not_sig	white	not_sig
1.88833668016188e-11	0.104846574199216	0.711	0.654	1.4184618640372e-06	P:r1@LSM14A	P:r1@LSM14A	P:r1@LSM14A	LSM14A	LSM14A	P	not_sig	beige	not_sig
3.80096139505163e-09	0.104448599341374	0.779	0.734	0.000285516817112093	P:r1@SNX17	P:r1@SNX17	P:r1@SNX17	SNX17	SNX17	P	not_sig	beige	not_sig
1.13832863339106e-07	0.104394066979884	0.33	0.292	0.00855078319544363	P:r1@RPS6KB2	P:r1@RPS6KB2	P:r1@RPS6KB2	RPS6KB2	RPS6KB2	P	not_sig	beige	not_sig
6.59203683737375e-93	-0.104241852980633	1	1	4.95174031113004e-88	P:r1@ATP5F1E	P:r1@ATP5F1E	P:r1@ATP5F1E	ATP5F1E	ATP5F1E	P	not_sig	white	not_sig
2.50461906797804e-68	-0.104208524427257	1	1	1.88139470529307e-63	P:r1@OST4	P:r1@OST4	P:r1@OST4	OST4	OST4	P	not_sig	white	not_sig
2.57522138291238e-11	0.104200238261276	0.787	0.738	1.93442904620229e-06	P:r1@HNRNPL	P:r1@HNRNPL	P:r1@HNRNPL	HNRNPL	HNRNPL	P	not_sig	beige	not_sig
1.02449638503263e-23	-0.104097154299578	0.992	0.991	7.69570949544957e-19	P:r1@ITGB1	P:r1@ITGB1	P:r1@ITGB1	ITGB1	ITGB1	P	not_sig	white	not_sig
1.39877535763546e-09	0.104026980475474	0.59	0.536	0.000105071808539503	P:r1@DEXI	P:r1@DEXI	P:r1@DEXI	DEXI	DEXI	P	not_sig	beige	not_sig
5.49609049133761e-09	0.103993323412503	0.673	0.632	0.000412849829437807	P:r1@BCL6	P:r1@BCL6	P:r1@BCL6	BCL6	BCL6	P	not_sig	beige	not_sig
4.09405973334531e-08	0.103610086763555	0.714	0.671	0.003075334849897	P:r1@CS	P:r1@CS	P:r1@CS	CS	CS	P	not_sig	beige	not_sig
9.41664494379587e-10	0.103557463493205	0.71	0.66	7.07350118243114e-05	P:r1@RPUSD3	P:r1@RPUSD3	P:r1@RPUSD3	RPUSD3	RPUSD3	P	not_sig	beige	not_sig
1.51101983377319e-11	0.10350004477708	0.736	0.683	1.13503276853541e-06	P:r1@FAM89B	P:r1@FAM89B	P:r1@FAM89B	FAM89B	FAM89B	P	not_sig	beige	not_sig
4.30174997338489e-25	0.103469456479733	0.981	0.976	3.23134552750753e-20	P:r1@ENO1	P:r1@ENO1	P:r1@ENO1	ENO1	ENO1	P	not_sig	beige	not_sig
5.40240562401005e-08	0.103404887143452	0.377	0.335	0.00405812503258763	P:r1@TXLNA	P:r1@TXLNA	P:r1@TXLNA	TXLNA	TXLNA	P	not_sig	beige	not_sig
2.5910244811499e-08	0.103050649939702	0.561	0.509	0.00194629985950537	P:r1@NELFE	P:r1@NELFE	P:r1@NELFE	NELFE	NELFE	P	not_sig	beige	not_sig
3.21439015456715e-19	-0.102986992553395	0.955	0.967	2.41455345240621e-14	P:r1@FOS	P:r1@FOS	P:r1@FOS	FOS	FOS	P	not_sig	white	not_sig
8.85333262701961e-09	0.1028882010088	0.727	0.674	0.000665035786943832	P:r1@PSMF1	P:r1@PSMF1	P:r1@PSMF1	PSMF1	PSMF1	P	not_sig	beige	not_sig
7.34745583488484e-25	0.102821705508872	0.989	0.981	5.51918839949045e-20	P:r1@CYB5R3	P:r1@CYB5R3	P:r1@CYB5R3	CYB5R3	CYB5R3	P	not_sig	beige	not_sig
7.52832901523805e-08	0.102802072872318	0.781	0.764	0.00565505490637637	P:r1@MXRA8	P:r1@MXRA8	P:r1@MXRA8	MXRA8	MXRA8	P	not_sig	beige	not_sig
3.64347124473416e-20	0.102695192447165	0.954	0.94	2.73686629490696e-15	P:r1@PRELID1	P:r1@PRELID1	P:r1@PRELID1	PRELID1	PRELID1	P	not_sig	beige	not_sig
6.15425573008636e-08	0.102549781103848	0.611	0.562	0.00462289227676897	P:r1@RPL7L1	P:r1@RPL7L1	P:r1@RPL7L1	RPL7L1	RPL7L1	P	not_sig	beige	not_sig
2.9686811083408e-21	0.102446490456142	0.948	0.924	2.22998418815236e-16	P:r1@EIF4G2	P:r1@EIF4G2	P:r1@EIF4G2	EIF4G2	EIF4G2	P	not_sig	beige	not_sig
1.17881957828942e-16	-0.102051333679118	0.974	0.973	8.85493902623667e-12	P:r1@VKORC1,r1@AC135050.2	P:r1@VKORC1,r1@AC135050.2	P:r1@VKORC1,r1@AC135050.2	VKORC1	VKORC1,AC135050.2	P	not_sig	white	not_sig
4.01033094903128e-08	0.101977827776714	0.642	0.596	0.00301244029898383	P:r1@DDAH2	P:r1@DDAH2	P:r1@DDAH2	DDAH2	DDAH2	P	not_sig	beige	not_sig
4.30656413642774e-11	0.10177339528703	0.73	0.679	3.23496178236043e-06	P:r1@SLC39A7	P:r1@SLC39A7	P:r1@SLC39A7	SLC39A7	SLC39A7	P	not_sig	beige	not_sig
9.81098452878144e-16	0.101731252892035	0.873	0.836	7.36971724848475e-11	P:r1@HNRNPAB	P:r1@HNRNPAB	P:r1@HNRNPAB	HNRNPAB	HNRNPAB	P	not_sig	beige	not_sig
2.63000508068342e-14	0.101529611220728	0.869	0.832	1.97558091645696e-09	P:r1@COPB2	P:r1@COPB2	P:r1@COPB2	COPB2	COPB2	P	not_sig	beige	not_sig
1.23434314144219e-07	0.101362376881568	0.666	0.625	0.00927201537557133	P:r1@PEPD	P:r1@PEPD	P:r1@PEPD	PEPD	PEPD	P	not_sig	beige	not_sig
6.09881188959103e-08	0.101156112372306	0.447	0.403	0.00458124452710409	P:r1@SAFB	P:r1@SAFB	P:r1@SAFB	SAFB	SAFB	P	not_sig	beige	not_sig
1.0728643146241e-09	0.101152310581605	0.703	0.658	8.05903487216183e-05	P:r1@SHARPIN	P:r1@SHARPIN	P:r1@SHARPIN	SHARPIN	SHARPIN	P	not_sig	beige	not_sig
5.70167172283652e-08	0.100976554349983	0.508	0.458	0.00428292474804311	P:r1@ELOF1	P:r1@ELOF1	P:r1@ELOF1	ELOF1	ELOF1	P	not_sig	beige	not_sig
9.77653979272841e-17	0.100945059495538	0.961	0.947	7.3438433961038e-12	P:r1@PTMS	P:r1@PTMS	P:r1@PTMS	PTMS	PTMS	P	not_sig	beige	not_sig
1.07839990393467e-19	0.100700522482378	0.931	0.909	8.10061655838606e-15	P:r1@EIF4B	P:r1@EIF4B	P:r1@EIF4B	EIF4B	EIF4B	P	not_sig	beige	not_sig
6.15090326477704e-08	0.10066271102602	0.64	0.593	0.00462037400540257	P:r1@YY1	P:r1@YY1	P:r1@YY1	YY1	YY1	P	not_sig	beige	not_sig
1.13325959211613e-09	0.100398692125752	0.826	0.798	8.51270607809873e-05	P:r1@CD44	P:r1@CD44	P:r1@CD44	CD44	CD44	P	not_sig	beige	not_sig
1.52383670454186e-20	-0.100387828381205	0.998	1	1.14466041735071e-15	P:r1@MT-TF,r1@MT-RNR1	P:r1@MT-TF,r1@MT-RNR1	P:r1@MT-TF,RNR1	MT-TF	MT-TF,MT-RNR1	P	not_sig	white	not_sig
1.23295547519454e-10	0.10033660933084	0.743	0.686	9.26159164301884e-06	P:r1@PUF60	P:r1@PUF60	P:r1@PUF60	PUF60	PUF60	P	not_sig	beige	not_sig
1.83273909935701e-95	-0.100296553186292	1	1	1.37669862926401e-90	P:r1@RPS27	P:r1@RPS27	P:r1@RPS27	RPS27	RPS27	P	not_sig	white	not_sig
4.93669994064193e-16	0.100113007244473	0.91	0.883	3.708300894412e-11	P:r1@SDF4	P:r1@SDF4	P:r1@SDF4	SDF4	SDF4	P	not_sig	beige	not_sig
