cluster	p_val	avg_log2FC	pct.1	pct.2	p_val_adj	tss_id	simple_id	feature_name	best_gene_name	best_feature_name	gene_names	proximity	sig	condition	sig_cond	time	adj_adj
t3	0	0.952287477419908	0.993	0.957	0	P:r1@AC243919.1	P:r1@AC243919.1	r1@AC243919.1	AC243919.1	AC243919.1	AC243919.1	P	sig	beige	beige	day1	0
t3	0	0.862440371453217	1	0.99	0	D:r1@ADDG22035839025.R	D:r1@ADDG22035839025.R	r1@..025.R	..025.R	..025.R	ADDG22035839025.R	D	sig	beige	beige	day1	0
t3	0	0.677507120942994	0.999	0.999	0	P:r1@EEF1A1P5	P:r1@EEF1A1P5	r1@EEF1A1P5	EEF1A1P5	EEF1A1P5	EEF1A1P5	P	sig	beige	beige	day1	0
t3	0	0.665552550108962	0.999	0.998	0	P:r1@RPS2P5	P:r1@RPS2P5	r1@RPS2P5	RPS2P5	RPS2P5	RPS2P5	P	sig	beige	beige	day1	0
t3	0	0.576948966316483	1	0.999	0	P:r1@RPL13P12	P:r1@RPL13P12	r1@RPL13P12	RPL13P12	RPL13P12	RPL13P12	P	sig	beige	beige	day1	0
t3	0	0.464815776027121	1	1	0	P:r1@RPL41P1	P:r1@RPL41P1	r1@RPL41P1	RPL41P1	RPL41P1	RPL41P1	P	sig	beige	beige	day1	0
t3	4.46652525467387e-315	0.873025099053142	0.996	0.965	3.35511977555337e-310	P:r1@RPS2P46	P:r1@RPS2P46	r1@RPS2P46	RPS2P46	RPS2P46	RPS2P46	P	sig	beige	beige	day1	2.68409582044269e-309
t3	7.5269031677032e-212	0.908017914034469	0.986	0.908	5.65398385248362e-207	D:r1@ADDG06089721148.F	D:r1@ADDG06089721148.F	r1@..148.F	..148.F	..148.F	ADDG06089721148.F	D	sig	beige	beige	day1	4.52318708198689e-206
t3	4.17312243082616e-201	0.729004463338481	0.989	0.93	3.13472437636368e-196	P:r1@AC005912.1	P:r1@AC005912.1	r1@AC005912.1	AC005912.1	AC005912.1	AC005912.1	P	sig	beige	beige	day1	2.50777950109095e-195
t3	3.76740226033654e-192	0.627277380201645	0.995	0.974	2.829959555897e-187	P:r1@AL450405.1	P:r1@AL450405.1	r1@AL450405.1	AL450405.1	AL450405.1	AL450405.1	P	sig	beige	beige	day1	2.2639676447176e-186
t3	1.01779382169139e-180	0.581859367249999	0.995	0.976	7.64536185039919e-176	P:r1@PPIAP22	P:r1@PPIAP22	r1@PPIAP22	PPIAP22	PPIAP22	PPIAP22	P	sig	beige	beige	day1	6.11628948031935e-175
t3	1.10717500094794e-180	0.646539771894899	0.993	0.966	8.31676645462062e-176	P:r1@RPL10P16	P:r1@RPL10P16	r1@RPL10P16	RPL10P16	RPL10P16	RPL10P16	P	sig	beige	beige	day1	6.6534131636965e-175
t3	8.63804578742918e-180	0.580460891006895	0.996	0.977	6.48864085414318e-175	P:r1@RPS26P6	P:r1@RPS26P6	r1@RPS26P6	RPS26P6	RPS26P6	RPS26P6	P	sig	beige	beige	day1	5.19091268331454e-174
t3	1.58333063351565e-167	0.665339085164677	0.992	0.953	1.18935047197795e-162	P:r1@RPS3AP26	P:r1@RPS3AP26	r1@RPS3AP26	RPS3AP26	RPS3AP26	RPS3AP26	P	sig	beige	beige	day1	9.51480377582359e-162
t3	1.67900973475989e-161	0.717524948328034	0.984	0.883	1.26122174245959e-156	P:r1@RPL18AP3	P:r1@RPL18AP3	r1@RPL18AP3	RPL18AP3	RPL18AP3	RPL18AP3	P	sig	beige	beige	day1	1.00897739396767e-155
t3	1.24701250587152e-152	0.283662008795464	1	1	9.36718384035508e-148	P:r1@RPS29	P:r1@RPS29	r1@RPS29	RPS29	RPS29	RPS29	P	sig	beige	beige	day1	7.49374707228406e-147
t3	9.8731679676463e-143	0.528985686304202	0.991	0.977	7.41642758225687e-138	P:r1@RPL39P3	P:r1@RPL39P3	r1@RPL39P3	RPL39P3	RPL39P3	RPL39P3	P	sig	beige	beige	day1	5.9331420658055e-137
t3	1.80535359675915e-142	0.595700876935081	0.992	0.944	1.35612746127757e-137	P:r1@RPS28P7	P:r1@RPS28P7	r1@RPS28P7	RPS28P7	RPS28P7	RPS28P7	P	sig	beige	beige	day1	1.08490196902206e-136
t3	3.91759921594442e-137	0.686022717957586	0.967	0.879	2.94278300304097e-132	P:r1@RPSAP58	P:r1@RPSAP58	r1@RPSAP58	RPSAP58	RPSAP58	RPSAP58	P	sig	beige	beige	day1	2.35422640243277e-131
t3	1.90276025595544e-131	0.715455912735858	0.956	0.83	1.42929642146605e-126	P:r1@AC011979.1	P:r1@AC011979.1	r1@AC011979.1	AC011979.1	AC011979.1	AC011979.1	P	sig	beige	beige	day1	1.14343713717284e-125
t3	1.6423988218044e-125	1.20569271092753	0.928	0.776	1.23372072297481e-120	P:r1@FP671120.6	P:r1@FP671120.6	r1@FP671120.6	FP671120.6	FP671120.6	FP671120.6	P	sig	beige	beige	day1	9.86976578379847e-120
t3	4.48955740199547e-125	0.702424229743406	0.953	0.817	3.37242083365694e-120	P:r1@RPL15P3	P:r1@RPL15P3	r1@RPL15P3	RPL15P3	RPL15P3	RPL15P3	P	sig	beige	beige	day1	2.69793666692555e-119
t3	5.27196911482006e-125	1.25467013305543	0.925	0.763	3.96014503997939e-120	P:r1@FP236383.5	P:r1@FP236383.5	r1@FP236383.5	FP236383.5	FP236383.5	FP236383.5	P	sig	beige	beige	day1	3.16811603198351e-119
t3	3.1233858965053e-121	0.788242021344371	0.999	0.998	2.34619378387788e-116	D:r1@ADDG21008260936.B	D:r1@ADDG21008260936.B	r1@..936.B	..936.B	..936.B	ADDG21008260936.B	D	sig	beige	beige	day1	1.87695502710231e-115
t3	1.13555240011363e-120	0.691838767505076	0.957	0.812	8.52992896393359e-116	P:r1@EEF1A1P6	P:r1@EEF1A1P6	r1@EEF1A1P6	EEF1A1P6	EEF1A1P6	EEF1A1P6	P	sig	beige	beige	day1	6.82394317114687e-115
t3	2.38834883925591e-120	1.00771857498671	0.875	0.605	1.79405599758386e-115	P:r1@MTCO1P12	P:r1@MTCO1P12	r1@MTCO1P12	MTCO1P12	MTCO1P12	MTCO1P12	P	sig	beige	beige	day1	1.43524479806709e-114
t3	1.50656960060021e-119	1.65283552383767	0.504	0.163	1.13168988688286e-114	P:r1@AL358472.1	P:r1@AL358472.1	r1@AL358472.1	AL358472.1	AL358472.1	AL358472.1	P	sig	beige	beige	day1	9.05351909506287e-114
t3	1.46547463617431e-116	0.663328591700864	0.963	0.856	1.10082058245506e-111	P:r1@RPL6P27	P:r1@RPL6P27	r1@RPL6P27	RPL6P27	RPL6P27	RPL6P27	P	sig	beige	beige	day1	8.80656465964047e-111
t3	5.2061926042244e-116	0.746981468110576	0.933	0.725	3.91073569851524e-111	P:r1@RPLP0P6	P:r1@RPLP0P6	r1@RPLP0P6	RPLP0P6	RPLP0P6	RPLP0P6	P	sig	beige	beige	day1	3.12858855881219e-110
t3	9.81478311036441e-113	0.538788234023509	0.989	0.945	7.37257062901243e-108	P:r1@AC004057.1	P:r1@AC004057.1	r1@AC004057.1	AC004057.1	AC004057.1	AC004057.1	P	sig	beige	beige	day1	5.89805650320995e-107
t3	8.51053862519005e-109	0.250750033835852	0.999	1	6.39286129908401e-104	P:r1@RPL21	P:r1@RPL21	r1@RPL21	RPL21	RPL21	RPL21	P	sig	beige	beige	day1	5.11428903926721e-103
t3	9.15081701286493e-108	0.526414408770376	0.986	0.929	6.87381921555375e-103	P:r1@GPX1	P:r1@GPX1	r1@GPX1	GPX1	GPX1	GPX1	P	sig	beige	beige	day1	5.499055372443e-102
t3	1.61828505162437e-105	0.871141730667782	0.983	0.927	1.21560718222868e-100	D:r1@ADDG01091387437.B	D:r1@ADDG01091387437.B	r1@..437.B	..437.B	..437.B	ADDG01091387437.B	D	sig	beige	beige	day1	9.72485745782944e-100
t2	3.24501060821912e-103	0.604548568490436	0.968	0.895	2.43755461857596e-98	D:r1@ADDG21008260936.B	D:r1@ADDG21008260936.B	r1@..936.B	..936.B	..936.B	ADDG21008260936.B	D	sig	beige	beige	day3	1.95004369486077e-97
t2	2.84680322952348e-102	0.563689709549097	1	1	2.13843318192116e-97	D:r1@ADDG21008217400.B	D:r1@ADDG21008217400.B	r1@..400.B	..400.B	..400.B	ADDG21008217400.B	D	sig	beige	beige	day3	1.71074654553692e-96
t3	8.7911820929068e-99	0.74111504347124	0.999	0.998	6.6036722527288e-94	D:r1@ADDG21008443541.B	D:r1@ADDG21008443541.B	r1@..541.B	..541.B	..541.B	ADDG21008443541.B	D	sig	beige	beige	day1	5.28293780218304e-93
t3	2.30167753729391e-97	0.698230542214217	0.933	0.777	1.72895111568906e-92	P:r1@RPL7AP6	P:r1@RPL7AP6	r1@RPL7AP6	RPL7AP6	RPL7AP6	RPL7AP6	P	sig	beige	beige	day1	1.38316089255125e-91
t2	2.79975010597717e-97	0.566407038301634	0.999	0.997	2.10308828710687e-92	D:r1@ADDG21008209995.F	D:r1@ADDG21008209995.F	r1@..995.F	..995.F	..995.F	ADDG21008209995.F	D	sig	beige	beige	day3	1.6824706296855e-91
t3	1.57952847717193e-93	0.638324342950354	1	1	1.18649440619724e-88	D:r1@ADDG21008209995.F	D:r1@ADDG21008209995.F	r1@..995.F	..995.F	..995.F	ADDG21008209995.F	D	sig	beige	beige	day1	9.49195524957793e-88
t3	6.87590676245992e-93	0.755355116710589	0.999	0.999	5.16497488275702e-88	D:r1@ADDG21008442539.B	D:r1@ADDG21008442539.B	r1@..539.B	..539.B	..539.B	ADDG21008442539.B	D	sig	beige	beige	day1	4.13197990620561e-87
t2	1.2429659449787e-91	0.510784671834576	1	1	9.33678728889651e-87	D:r1@ADDG21008394320.F	D:r1@ADDG21008394320.F	r1@..320.F	..320.F	..320.F	ADDG21008394320.F	D	sig	beige	beige	day3	7.46942983111721e-86
t2	3.65358904060777e-91	0.543652342142851	0.99	0.972	2.74446647963333e-86	P:r1@FASN	P:r1@FASN	r1@FASN	FASN	FASN	FASN	P	sig	beige	beige	day3	2.19557318370667e-85
t3	1.68083099556822e-88	0.530058134713734	0.972	0.899	1.26258981894098e-83	P:r1@AC116533.1	P:r1@AC116533.1	r1@AC116533.1	AC116533.1	AC116533.1	AC116533.1	P	sig	beige	beige	day1	1.01007185515278e-82
t3	3.72127887633826e-87	0.797585937563701	0.846	0.599	2.79531305353901e-82	P:r1@AC113935.1	P:r1@AC113935.1	r1@AC113935.1	AC113935.1	AC113935.1	AC113935.1	P	sig	beige	beige	day1	2.23625044283121e-81
t0	1.87864464679864e-86	0.504691630595257	0.999	0.998	1.41118149933573e-81	D:r1@ADDG21008209995.F	D:r1@ADDG21008209995.F	r1@..995.F	..995.F	..995.F	ADDG21008209995.F	D	sig	beige	beige	day3	1.12894519946859e-80
t6	9.16529449115088e-85	-0.465837446442078	1	1	6.8846942629178e-80	P:r1@RPL37A	P:r1@RPL37A	r1@RPL37A	RPL37A	RPL37A	RPL37A	P	sig	white	white	day3	5.50775541033424e-79
t2	2.58833448732737e-82	0.562972931533899	0.905	0.821	1.9442792168457e-77	P:r1@LRP1	P:r1@LRP1	r1@LRP1	LRP1	LRP1	LRP1	P	sig	beige	beige	day3	1.55542337347656e-76
t3	4.56836869148549e-82	0.49680164832635	0.976	0.909	3.43162150998315e-77	P:r1@RPL12P16	P:r1@RPL12P16	r1@RPL12P16	RPL12P16	RPL12P16	RPL12P16	P	sig	beige	beige	day1	2.74529720798652e-76
t2	4.2572403318199e-81	0.594403678184955	0.998	0.996	3.19791122005316e-76	D:r1@ADDG21008398844.F	D:r1@ADDG21008398844.F	r1@..844.F	..844.F	..844.F	ADDG21008398844.F	D	sig	beige	beige	day3	2.55832897604252e-75
t3	5.54652917111981e-81	0.647824390074287	0.905	0.702	4.16638631747007e-76	P:r1@AC004453.1	P:r1@AC004453.1	r1@AC004453.1	AC004453.1	AC004453.1	AC004453.1	P	sig	beige	beige	day1	3.33310905397605e-75
t2	1.2759700178378e-80	0.64031223615901	0.972	0.924	9.58470398299218e-76	D:r1@ADDG21008442539.B	D:r1@ADDG21008442539.B	r1@..539.B	..539.B	..539.B	ADDG21008442539.B	D	sig	beige	beige	day3	7.66776318639374e-75
t3	8.58232942809487e-80	0.253346300077175	1	1	6.44678839650202e-75	P:r1@RPL4	P:r1@RPL4	r1@RPL4	RPL4	RPL4	RPL4	P	sig	beige	beige	day1	5.15743071720162e-74
t3	8.29932083006703e-79	0.846123887063728	0.767	0.484	6.23420082792145e-74	P:r1@RPL14P1	P:r1@RPL14P1	r1@RPL14P1	RPL14P1	RPL14P1	RPL14P1	P	sig	beige	beige	day1	4.98736066233716e-73
t3	9.65603842531542e-79	0.756173067595449	0.825	0.569	7.25332638394419e-74	P:r1@RPL13AP5	P:r1@RPL13AP5	r1@RPL13AP5	RPL13AP5	RPL13AP5	RPL13AP5	P	sig	beige	beige	day1	5.80266110715535e-73
t3	4.13195311839022e-78	0.682236655907936	0.868	0.641	3.10379922394118e-73	P:r1@AC007969.1	P:r1@AC007969.1	r1@AC007969.1	AC007969.1	AC007969.1	AC007969.1	P	sig	beige	beige	day1	2.48303937915295e-72
t2	2.56356278351082e-77	0.292351128349002	0.999	1	1.92567145608982e-72	P:r1@COL6A2	P:r1@COL6A2	r1@COL6A2	COL6A2	COL6A2	COL6A2	P	sig	beige	beige	day3	1.54053716487186e-71
t2	4.54339319114279e-77	0.627758204962472	0.961	0.921	3.41286066339073e-72	D:r1@ADDG21008443541.B	D:r1@ADDG21008443541.B	r1@..541.B	..541.B	..541.B	ADDG21008443541.B	D	sig	beige	beige	day3	2.73028853071259e-71
t3	6.82766708431235e-77	0.751589390485308	0.815	0.541	5.12873868372291e-72	P:r1@EEF1A1P13	P:r1@EEF1A1P13	r1@EEF1A1P13	EEF1A1P13	EEF1A1P13	EEF1A1P13	P	sig	beige	beige	day1	4.10299094697833e-71
t3	5.61106775499125e-75	0.734654155158789	0.826	0.562	4.21486576551678e-70	P:r1@RPL10P9	P:r1@RPL10P9	r1@RPL10P9	RPL10P9	RPL10P9	RPL10P9	P	sig	beige	beige	day1	3.37189261241342e-69
t2	1.96889597978643e-74	0.509393546391104	0.943	0.876	1.47897559313618e-69	P:r1@AOC3	P:r1@AOC3	r1@AOC3	AOC3	AOC3	AOC3	P	sig	beige	beige	day3	1.18318047450894e-68
t3	2.60157075142538e-74	0.606650522752793	0.916	0.752	1.95422190134821e-69	P:r1@RPS7P1	P:r1@RPS7P1	r1@RPS7P1	RPS7P1	RPS7P1	RPS7P1	P	sig	beige	beige	day1	1.56337752107857e-68
t0	3.38110492099118e-74	0.437345336242907	1	1	2.53978458350094e-69	D:r1@ADDG21008394320.F	D:r1@ADDG21008394320.F	r1@..320.F	..320.F	..320.F	ADDG21008394320.F	D	sig	beige	beige	day3	2.03182766680075e-68
t6	1.16849483684822e-73	0.839121447148383	1	0.998	8.77738266595274e-69	D:r1@ADDG21008260936.B	D:r1@ADDG21008260936.B	r1@..936.B	..936.B	..936.B	ADDG21008260936.B	D	sig	beige	beige	day3	7.02190613276219e-68
t3	1.29124690621104e-72	0.631922655816606	0.995	0.986	9.69945938538549e-68	D:r1@ADDG21008259835.B	D:r1@ADDG21008259835.B	r1@..835.B	..835.B	..835.B	ADDG21008259835.B	D	sig	beige	beige	day1	7.7595675083084e-67
t2	2.50979220305956e-71	0.692385334148337	0.879	0.769	1.88528060917225e-66	D:r1@ADDG21008259835.B	D:r1@ADDG21008259835.B	r1@..835.B	..835.B	..835.B	ADDG21008259835.B	D	sig	beige	beige	day3	1.5082244873378e-65
t3	1.3270842369242e-70	0.740049686192943	0.791	0.533	9.9686586625035e-66	P:r1@RPS18P12	P:r1@RPS18P12	r1@RPS18P12	RPS18P12	RPS18P12	RPS18P12	P	sig	beige	beige	day1	7.9749269300028e-65
t0	4.48660714587701e-70	0.459172406458443	1	0.999	3.37020468976843e-65	D:r1@ADDG21008217400.B	D:r1@ADDG21008217400.B	r1@..400.B	..400.B	..400.B	ADDG21008217400.B	D	sig	beige	beige	day3	2.69616375181474e-64
t6	6.76377982226398e-70	0.761472571838008	1	1	5.08074848909003e-65	D:r1@ADDG21008217400.B	D:r1@ADDG21008217400.B	r1@..400.B	..400.B	..400.B	ADDG21008217400.B	D	sig	beige	beige	day3	4.06459879127203e-64
t4	8.02396015003768e-69	0.505554717616584	0.998	0.995	6.02735814590381e-64	P:r1@FASN	P:r1@FASN	r1@FASN	FASN	FASN	FASN	P	sig	beige	beige	day3	4.82188651672304e-63
t2	5.82823315506538e-68	0.775442141670645	0.651	0.477	4.37799389909046e-63	D:r1@ADDG12057158519.R	D:r1@ADDG12057158519.R	r1@..519.R	..519.R	..519.R	ADDG12057158519.R	D	sig	beige	beige	day3	3.50239511927237e-62
t0	8.88370001977421e-68	0.49461681984352	0.969	0.923	6.67316894385379e-63	D:r1@ADDG21008260936.B	D:r1@ADDG21008260936.B	r1@..936.B	..936.B	..936.B	ADDG21008260936.B	D	sig	beige	beige	day3	5.33853515508303e-62
t3	1.40278982433127e-67	0.483706002898209	0.996	0.999	1.05373363234292e-62	P:r1@MT-ATP6,r1@MT-CO3,r1@MT-TK,r1@MT-ATP8	P:r1@MT-ATP6,r1@MT-CO3,r1@MT-TK,r1@MT-ATP8	r1@MT-ATP6,CO3,TK,ATP8	MT-ATP6	MT-ATP6	MT-ATP6,MT-CO3,MT-TK,MT-ATP8	P	sig	beige	beige	day1	8.42986905874334e-62
t3	6.40601569069559e-67	0.66835411756791	0.848	0.636	4.81200680637981e-62	P:r1@RPL23AP42	P:r1@RPL23AP42	r1@RPL23AP42	RPL23AP42	RPL23AP42	RPL23AP42	P	sig	beige	beige	day1	3.84960544510385e-61
t2	2.20523613835837e-66	0.550817171449219	0.883	0.784	1.65650723005065e-61	P:r1@HSPG2	P:r1@HSPG2	r1@HSPG2	HSPG2	HSPG2	HSPG2	P	sig	beige	beige	day3	1.32520578404052e-60
t3	2.2650530771713e-66	0.521821239051947	1	1	1.70143991997876e-61	D:r1@ADDG21008217400.B	D:r1@ADDG21008217400.B	r1@..400.B	..400.B	..400.B	ADDG21008217400.B	D	sig	beige	beige	day1	1.36115193598301e-60
t3	5.93087651225439e-66	0.34631459579311	0.996	0.996	4.45509650971013e-61	P:r1@HLA-B	P:r1@HLA-B	r1@HLA-B	HLA-B	HLA-B	HLA-B	P	sig	beige	beige	day1	3.5640772077681e-60
t6	8.75464937207628e-66	0.780548008055402	1	0.985	6.57622996882254e-61	D:r1@ADDG21008443541.B	D:r1@ADDG21008443541.B	r1@..541.B	..541.B	..541.B	ADDG21008443541.B	D	sig	beige	beige	day3	5.26098397505803e-60
t3	3.18164543975356e-65	0.423798128004456	0.996	0.999	2.38995660497968e-60	P:r1@MT-ND2,r1@MT-CO1,r1@MT-TI,r1@MT-TM,r1@MT-TW	P:r1@MT-ND2,r1@MT-CO1,r1@MT-TI,r1@MT-TM,r1@MT-TW	r1@MT-ND2,CO1,TI,TM,TW	MT-ND2	MT-ND2	MT-ND2,MT-CO1,MT-TI,MT-TM,MT-TW	P	sig	beige	beige	day1	1.91196528398374e-59
t2	3.31108020721194e-63	0.627798121789428	0.838	0.724	2.48718411925139e-58	D:r1@ADDG21008400458.B	D:r1@ADDG21008400458.B	r1@..458.B	..458.B	..458.B	ADDG21008400458.B	D	sig	beige	beige	day3	1.98974729540111e-57
t2	1.04696187721665e-62	0.484758894247693	0.997	0.992	7.86446353308827e-58	D:r1@ADDG21008988652.B	D:r1@ADDG21008988652.B	r1@..652.B	..652.B	..652.B	ADDG21008988652.B	D	sig	beige	beige	day3	6.29157082647062e-57
t6	3.25294647694645e-62	-0.457400491446713	1	0.999	2.44351580508787e-57	P:r1@MT-CO2,r1@MT-TD	P:r1@MT-CO2,r1@MT-TD	r1@MT-CO2,TD	MT-CO2	MT-CO2	MT-CO2,MT-TD	P	sig	white	white	day3	1.95481264407029e-56
t3	1.38323182773547e-60	0.459952734784297	1	1	1.03904225204005e-55	D:r1@ADDG21008254958.B	D:r1@ADDG21008254958.B	r1@..958.B	..958.B	..958.B	ADDG21008254958.B	D	sig	beige	beige	day1	8.3123380163204e-55
t6	1.7115970767485e-60	-0.38590947283592	1	1	1.28570037614117e-55	P:r1@RPS16	P:r1@RPS16	r1@RPS16	RPS16	RPS16	RPS16	P	sig	white	white	day3	1.02856030091294e-54
t0	2.37880372832867e-60	0.688678195694883	0.888	0.76	1.78688599660865e-55	D:r1@ADDG21008259835.B	D:r1@ADDG21008259835.B	r1@..835.B	..835.B	..835.B	ADDG21008259835.B	D	sig	beige	beige	day3	1.42950879728692e-54
t3	2.53636165601326e-60	0.739971134998727	0.741	0.493	1.90523878514748e-55	P:r1@AC136632.1	P:r1@AC136632.1	r1@AC136632.1	AC136632.1	AC136632.1	AC136632.1	P	sig	beige	beige	day1	1.52419102811798e-54
t3	1.48399419993138e-59	0.596644256044165	0.992	0.974	1.11473192316246e-54	P:r1@ADDG0M000002705.F,r1@MT-ND1,r1@MT-TL1	P:r1@MT-ND1,r1@MT-TL1	r1@MT-ND1,TL1	MT-ND1	MT-ND1	MT-ND1,MT-TL1	P	sig	beige	beige	day1	8.91785538529966e-54
t3	3.65548329903457e-59	0.738617050049455	0.727	0.481	2.7458893897358e-54	P:r1@AC008038.1	P:r1@AC008038.1	r1@AC008038.1	AC008038.1	AC008038.1	AC008038.1	P	sig	beige	beige	day1	2.19671151178864e-53
t2	5.16168926844048e-59	0.425325039972814	1	1	3.87730612777443e-54	D:r1@ADDG21008254958.B	D:r1@ADDG21008254958.B	r1@..958.B	..958.B	..958.B	ADDG21008254958.B	D	sig	beige	beige	day3	3.10184490221955e-53
t3	3.74873471479591e-58	0.580058104526634	0.885	0.696	2.81593705571324e-53	P:r1@AC010343.1	P:r1@AC010343.1	r1@AC010343.1	AC010343.1	AC010343.1	AC010343.1	P	sig	beige	beige	day1	2.25274964457059e-52
t3	4.61745184673578e-58	0.421736552542614	0.996	0.993	3.46849130371252e-53	P:r1@MT-ND3,r1@MT-ND4,r1@MT-TG,r1@MT-TR,r1@MT-ND4L	P:r1@MT-ND3,r1@MT-ND4,r1@MT-TG,r1@MT-TR,r1@MT-ND4L	r1@MT-ND3,ND4,TG,TR,ND4L	MT-ND3	MT-ND3	MT-ND3,MT-ND4,MT-TG,MT-TR,MT-ND4L	P	sig	beige	beige	day1	2.77479304297001e-52
t0	6.35784892081755e-58	0.543097167574325	0.969	0.927	4.77582537385052e-53	D:r1@ADDG21008443541.B	D:r1@ADDG21008443541.B	r1@..541.B	..541.B	..541.B	ADDG21008443541.B	D	sig	beige	beige	day3	3.82066029908042e-52
t0	1.03743784282749e-56	0.472730062823644	0.999	0.995	7.79292184396723e-52	D:r1@ADDG21008398844.F	D:r1@ADDG21008398844.F	r1@..844.F	..844.F	..844.F	ADDG21008398844.F	D	sig	beige	beige	day3	6.23433747517378e-51
t6	2.84925295285057e-56	-0.46875141892237	0.993	0.999	2.14027334059276e-51	P:r1@RPS29	P:r1@RPS29	r1@RPS29	RPS29	RPS29	RPS29	P	sig	white	white	day3	1.71221867247421e-50
t3	8.47737616773992e-56	0.758006387977671	0.897	0.787	6.3679506559212e-51	D:r1@ADDG18049488559.F	D:r1@ADDG18049488559.F	r1@..559.F	..559.F	..559.F	ADDG18049488559.F	D	sig	beige	beige	day1	5.09436052473696e-50
t6	6.06362120558438e-55	0.876708576935896	0.998	0.979	4.55481034099882e-50	D:r1@ADDG21008442539.B	D:r1@ADDG21008442539.B	r1@..539.B	..539.B	..539.B	ADDG21008442539.B	D	sig	beige	beige	day3	3.64384827279905e-49
t3	7.05837475272388e-55	0.852712013868425	0.548	0.292	5.3020393630036e-50	P:r1@AC073861.1	P:r1@AC073861.1	r1@AC073861.1	AC073861.1	AC073861.1	AC073861.1	P	sig	beige	beige	day1	4.24163149040288e-49
t2	9.01477424702823e-55	0.543863644182323	0.883	0.805	6.77162797114019e-50	P:r1@PLIN4	P:r1@PLIN4	r1@PLIN4	PLIN4	PLIN4	PLIN4	P	sig	beige	beige	day3	5.41730237691215e-49
t0	9.14038884798283e-55	0.648965972135548	0.812	0.679	6.86598589093926e-50	D:r1@ADDG21008400458.B	D:r1@ADDG21008400458.B	r1@..458.B	..458.B	..458.B	ADDG21008400458.B	D	sig	beige	beige	day3	5.49278871275141e-49
t3	3.17576243877033e-53	0.697091798067872	0.694	0.444	2.38553747113111e-48	P:r1@AC079250.1	P:r1@AC079250.1	r1@AC079250.1	AC079250.1	AC079250.1	AC079250.1	P	sig	beige	beige	day1	1.90842997690489e-47
t6	3.20204332815347e-53	0.669475556901729	1	1	2.40527888680904e-48	D:r1@ADDG21008398844.F	D:r1@ADDG21008398844.F	r1@..844.F	..844.F	..844.F	ADDG21008398844.F	D	sig	beige	beige	day3	1.92422310944724e-47
t6	5.77716119648517e-53	-0.312317585702806	1	1	4.33963017596377e-48	P:r1@RPS27	P:r1@RPS27	r1@RPS27	RPS27	RPS27	RPS27	P	sig	white	white	day3	3.47170414077101e-47
t3	2.44425196890767e-52	0.547690722553371	0.889	0.746	1.83604875148438e-47	P:r1@AL590867.2	P:r1@AL590867.2	r1@AL590867.2	AL590867.2	AL590867.2	AL590867.2	P	sig	beige	beige	day1	1.4688390011875e-46
t0	3.18724092730806e-52	-0.253588013082947	1	1	2.394159767366e-47	P:r1@MT-ND2,r1@MT-CO1,r1@MT-TI,r1@MT-TM,r1@MT-TW	P:r1@MT-ND2,r1@MT-CO1,r1@MT-TI,r1@MT-TM,r1@MT-TW	r1@MT-ND2,CO1,TI,TM,TW	MT-ND2	MT-ND2	MT-ND2,MT-CO1,MT-TI,MT-TM,MT-TW	P	sig	white	white	day3	1.9153278138928e-46
t6	5.98988595527177e-52	-0.544638780341197	0.985	0.998	4.4994226330215e-47	P:r1@RPL27A	P:r1@RPL27A	r1@RPL27A	RPL27A	RPL27A	RPL27A	P	sig	white	white	day3	3.5995381064172e-46
t0	1.90449337785017e-51	0.533831523243588	0.979	0.932	1.43059829063972e-46	D:r1@ADDG21008442539.B	D:r1@ADDG21008442539.B	r1@..539.B	..539.B	..539.B	ADDG21008442539.B	D	sig	beige	beige	day3	1.14447863251177e-45
t0	1.99664719651311e-51	0.551311439651732	0.874	0.785	1.49982147460476e-46	P:r1@FASN	P:r1@FASN	r1@FASN	FASN	FASN	FASN	P	sig	beige	beige	day3	1.1998571796838e-45
t3	6.71570493070678e-51	0.747064971269818	0.618	0.366	5.04463607279902e-46	P:r1@RPSAP19	P:r1@RPSAP19	r1@RPSAP19	RPSAP19	RPSAP19	RPSAP19	P	sig	beige	beige	day1	4.03570885823921e-45
t3	5.25401151107994e-50	0.747815908563452	0.648	0.407	3.94665582677792e-45	P:r1@RPS3AP6	P:r1@RPS3AP6	r1@RPS3AP6	RPS3AP6	RPS3AP6	RPS3AP6	P	sig	beige	beige	day1	3.15732466142233e-44
t3	7.90161085038729e-50	0.475252338558164	0.998	0.999	5.93545302248542e-45	D:r1@ADDG21008988652.B	D:r1@ADDG21008988652.B	r1@..652.B	..652.B	..652.B	ADDG21008988652.B	D	sig	beige	beige	day1	4.74836241798834e-44
t3	2.55468210445737e-49	0.74691017351033	0.99	0.98	1.91900055640524e-44	P:r1@7SK,r1@RN7SK	P:r1@7SK,r1@RN7SK	r1@7SK,r1@RN7SK	7SK	7SK	7SK,RN7SK	P	sig	beige	beige	day1	1.5352004451242e-43
t2	9.72730876253991e-49	0.270758195667078	0.997	0.994	7.3068625231571e-44	P:r1@C1R	P:r1@C1R	r1@C1R	C1R	C1R	C1R	P	sig	beige	beige	day3	5.84549001852568e-43
t3	1.17474320048989e-48	0.619091230182071	0.981	0.933	8.8243184991199e-44	D:r1@ADDG21008400458.B	D:r1@ADDG21008400458.B	r1@..458.B	..458.B	..458.B	ADDG21008400458.B	D	sig	beige	beige	day1	7.05945479929592e-43
t3	2.00836863736162e-48	0.468128519543421	0.997	0.999	1.50862626932693e-43	P:r1@MT-TF,r1@MT-RNR1	P:r1@MT-TF,r1@MT-RNR1	r1@MT-TF,RNR1	MT-TF	MT-TF	MT-TF,MT-RNR1	P	sig	beige	beige	day1	1.20690101546154e-42
t3	3.47818222723188e-48	0.574561577475892	0.812	0.608	2.61270614362977e-43	P:r1@RPL7P9	P:r1@RPL7P9	r1@RPL7P9	RPL7P9	RPL7P9	RPL7P9	P	sig	beige	beige	day1	2.09016491490382e-42
t3	4.93357718676727e-48	0.67216374687481	0.679	0.43	3.70595517538397e-43	P:r1@AC018738.1	P:r1@AC018738.1	r1@AC018738.1	AC018738.1	AC018738.1	AC018738.1	P	sig	beige	beige	day1	2.96476414030718e-42
t3	3.61297788615276e-47	0.757774339690888	0.574	0.334	2.71396059874137e-42	P:r1@RPL26P19	P:r1@RPL26P19	r1@RPL26P19	RPL26P19	RPL26P19	RPL26P19	P	sig	beige	beige	day1	2.17116847899309e-41
t2	6.9060954962777e-47	0.266143044170661	0.998	0.999	5.18765175393892e-42	P:r1@COL6A1	P:r1@COL6A1	r1@COL6A1	COL6A1	COL6A1	COL6A1	P	sig	beige	beige	day3	4.15012140315114e-41
t3	1.05265756554028e-46	0.418208952686205	1	1	7.9072478350689e-42	D:r1@ADDG21008398844.F	D:r1@ADDG21008398844.F	r1@..844.F	..844.F	..844.F	ADDG21008398844.F	D	sig	beige	beige	day1	6.32579826805512e-41
t3	5.03412399046925e-46	0.909275581447992	0.427	0.215	3.78148291792078e-41	P:r1@MRPL23	P:r1@MRPL23	r1@MRPL23	MRPL23	MRPL23	MRPL23	P	sig	beige	beige	day1	3.02518633433663e-40
t3	1.30413902371668e-45	0.363401749462723	0.963	0.877	9.79630110445256e-41	P:r1@PCBP1	P:r1@PCBP1	r1@PCBP1	PCBP1	PCBP1	PCBP1	P	sig	beige	beige	day1	7.83704088356205e-40
t3	2.40937254427351e-45	0.524773905787565	0.83	0.626	1.80984837408193e-40	P:r1@AL136454.1,r1@MIR4426	P:r1@AL136454.1,r1@MIR4426	r1@AL136454.1,r1@MIR4426	MIR4426	MIR4426	AL136454.1,MIR4426	P	sig	beige	beige	day1	1.44787869926555e-39
t6	4.55420601004928e-45	-1.30557390736242	0.483	0.802	3.42098292856872e-40	D:r1@ADDG17050186617.R	D:r1@ADDG17050186617.R	r1@..617.R	..617.R	..617.R	ADDG17050186617.R	D	sig	white	white	day3	2.73678634285498e-39
t3	7.85130627586312e-45	0.644020323749301	0.677	0.447	5.8976657352401e-40	P:r1@HNRNPA1P7	P:r1@HNRNPA1P7	r1@HNRNPA1P7	HNRNPA1P7	HNRNPA1P7	HNRNPA1P7	P	sig	beige	beige	day1	4.71813258819208e-39
t3	1.01618335073641e-44	0.465379100224076	0.973	0.931	7.63326447572666e-40	P:r1@MT-ND5,r1@MT-TS2,r1@MT-TL2	P:r1@MT-ND5,r1@MT-TS2,r1@MT-TL2	r1@MT-ND5,TS2,TL2	MT-ND5	MT-ND5	MT-ND5,MT-TS2,MT-TL2	P	sig	beige	beige	day1	6.10661158058133e-39
t0	1.73380260829064e-44	0.43347209713819	0.862	0.778	1.30238050526968e-39	P:r1@LRP1	P:r1@LRP1	r1@LRP1	LRP1	LRP1	LRP1	P	sig	beige	beige	day3	1.04190440421574e-38
t2	2.38446872709546e-44	0.704491484781885	0.591	0.439	1.7911413737323e-39	D:r1@ADDG17082088766.B	D:r1@ADDG17082088766.B	r1@..766.B	..766.B	..766.B	ADDG17082088766.B	D	sig	beige	beige	day3	1.43291309898584e-38
t3	3.21631811464707e-44	0.738014893257987	0.581	0.349	2.41600167817944e-39	P:r1@RPL24P4	P:r1@RPL24P4	r1@RPL24P4	RPL24P4	RPL24P4	RPL24P4	P	sig	beige	beige	day1	1.93280134254355e-38
t3	3.32910587109536e-44	0.915261911169624	0.387	0.183	2.5007244571907e-39	D:r1@ADDG02148881813.R	D:r1@ADDG02148881813.R	r1@..813.R	..813.R	..813.R	ADDG02148881813.R	D	sig	beige	beige	day1	2.00057956575256e-38
t3	3.61169341134233e-43	0.615331416273387	0.682	0.449	2.71299573979802e-38	P:r1@RPL7AP66	P:r1@RPL7AP66	r1@RPL7AP66	RPL7AP66	RPL7AP66	RPL7AP66	P	sig	beige	beige	day1	2.17039659183841e-37
t3	3.9542950603688e-43	0.680751478438938	0.63	0.409	2.97034782049723e-38	P:r1@ANXA2P2	P:r1@ANXA2P2	r1@ANXA2P2	ANXA2P2	ANXA2P2	ANXA2P2	P	sig	beige	beige	day1	2.37627825639778e-37
t3	5.01887791111581e-43	0.409035390947912	0.967	0.921	3.77003052049286e-38	P:r1@C1orf21	P:r1@C1orf21	r1@C1orf21	C1orf21	C1orf21	C1orf21	P	sig	beige	beige	day1	3.01602441639429e-37
t6	9.28510651351538e-43	0.490859265617804	1	1	6.97469345975735e-38	D:r1@ADDG21008254958.B	D:r1@ADDG21008254958.B	r1@..958.B	..958.B	..958.B	ADDG21008254958.B	D	sig	beige	beige	day3	5.57975476780588e-37
t0	1.1692108356565e-42	0.418579500530966	0.996	0.994	8.78276103420096e-38	D:r1@ADDG21008988652.B	D:r1@ADDG21008988652.B	r1@..652.B	..652.B	..652.B	ADDG21008988652.B	D	sig	beige	beige	day3	7.02620882736077e-37
t2	1.52247405869528e-42	0.332753752252436	0.947	0.891	1.14363683867013e-37	P:r1@POR,r1@MIR4651	P:r1@POR,r1@MIR4651	r1@POR,r1@MIR4651	POR	POR	POR,MIR4651	P	sig	beige	beige	day3	9.14909470936106e-37
t3	1.73346386897278e-42	0.692063575057902	0.596	0.364	1.30212605445628e-37	P:r1@POLR2J2,r1@AC105052.3	P:r1@POLR2J2,r1@AC105052.3	r1@POLR2J2,r1@AC105052.3	POLR2J2	POLR2J2	POLR2J2,AC105052.3	P	sig	beige	beige	day1	1.04170084356502e-36
t3	1.96490392981698e-42	0.803739613693554	0.493	0.272	1.47597688496062e-37	P:r1@AC009245.1	P:r1@AC009245.1	r1@AC009245.1	AC009245.1	AC009245.1	AC009245.1	P	sig	beige	beige	day1	1.18078150796849e-36
t3	8.67499071749303e-42	1.25163753215202	0.25	0.091	6.51639277725924e-37	P:r1@MTCO2P12,r1@MTATP8P1,r1@MTATP6P1	P:r1@MTCO2P12,r1@MTATP8P1,r1@MTATP6P1	r1@MTCO2P12,r1@MTATP8P1,r1@MTATP6P1	MTCO2P12	MTCO2P12	MTCO2P12,MTATP8P1,MTATP6P1	P	sig	beige	beige	day1	5.21311422180739e-36
t2	9.10805701097123e-42	0.740023987324085	0.484	0.332	6.84169918493126e-37	P:r1@ADDG01021879018.F	P:r1@ADDG01021879018.F	r1@..018.F	..018.F	..018.F	ADDG01021879018.F	P	sig	beige	beige	day3	5.47335934794501e-36
t2	1.00749647274631e-41	0.474819333135944	0.789	0.687	7.56801125432846e-37	P:r1@PTPRS	P:r1@PTPRS	r1@PTPRS	PTPRS	PTPRS	PTPRS	P	sig	beige	beige	day3	6.05440900346277e-36
t6	1.90516808508319e-41	-0.415373760604054	0.987	0.998	1.43110511047194e-36	P:r1@RPS11	P:r1@RPS11	r1@RPS11	RPS11	RPS11	RPS11	P	sig	white	white	day3	1.14488408837755e-35
t3	3.13388096365229e-41	0.673598797561983	0.6	0.369	2.35407736346669e-36	P:r1@H3F3AP4	P:r1@H3F3AP4	r1@H3F3AP4	H3F3AP4	H3F3AP4	H3F3AP4	P	sig	beige	beige	day1	1.88326189077335e-35
t6	3.6991449078927e-41	-0.410095209973393	0.991	0.999	2.77868668046176e-36	P:r1@RPL23,r1@SNORA21	P:r1@RPL23,r1@SNORA21	r1@RPL23,r1@SNORA21	RPL23	RPL23	RPL23,SNORA21	P	sig	white	white	day3	2.22294934436941e-35
t6	4.87340407132707e-41	-0.327273042697975	1	1	3.66075493625876e-36	P:r1@RPL23A,r1@SNORD42B	P:r1@RPL23A,r1@SNORD42B	r1@RPL23A,r1@SNORD42B	RPL23A	RPL23A	RPL23A,SNORD42B	P	sig	white	white	day3	2.92860394900701e-35
t3	7.92153925956149e-41	0.397972201857651	0.996	0.997	5.9504226456048e-36	P:r1@MT-TV,r1@MT-RNR2	P:r1@MT-TV,r1@MT-RNR2	r1@MT-TV,RNR2	MT-TV	MT-TV	MT-TV,MT-RNR2	P	sig	beige	beige	day1	4.76033811648384e-35
t3	9.63763634809033e-41	0.804102169642452	0.459	0.248	7.23950329559501e-36	P:r1@RPS3AP47	P:r1@RPS3AP47	r1@RPS3AP47	RPS3AP47	RPS3AP47	RPS3AP47	P	sig	beige	beige	day1	5.79160263647601e-35
t6	3.23370561767577e-40	-0.365047206602742	0.998	0.997	2.42906264882951e-35	P:r1@RPL7	P:r1@RPL7	r1@RPL7	RPL7	RPL7	RPL7	P	sig	white	white	day3	1.9432501190636e-34
t0	3.99250102713775e-40	0.32821844460071	1	1	2.99904699655507e-35	D:r1@ADDG21008254958.B	D:r1@ADDG21008254958.B	r1@..958.B	..958.B	..958.B	ADDG21008254958.B	D	sig	beige	beige	day3	2.39923759724405e-34
t2	1.55868459599438e-39	0.364968972010606	0.932	0.894	1.1708371079731e-34	P:r1@LAMC1	P:r1@LAMC1	r1@LAMC1	LAMC1	LAMC1	LAMC1	P	sig	beige	beige	day3	9.3666968637848e-34
t2	2.84164032394579e-39	0.37744432900432	0.919	0.875	2.13455496213836e-34	P:r1@PDGFRB	P:r1@PDGFRB	r1@PDGFRB	PDGFRB	PDGFRB	PDGFRB	P	sig	beige	beige	day3	1.70764396971069e-33
t3	3.37310595049451e-39	1.04609264189305	0.5	0.293	2.53377599683296e-34	P:r1@ADDG01000634140.R	P:r1@ADDG01000634140.R	r1@..140.R	..140.R	..140.R	ADDG01000634140.R	P	sig	beige	beige	day1	2.02702079746637e-33
t3	4.68612646074094e-39	1.31652133328512	0.272	0.113	3.52007761351477e-34	P:r1@ADDG01077129603.R	P:r1@ADDG01077129603.R	r1@..603.R	..603.R	..603.R	ADDG01077129603.R	P	sig	beige	beige	day1	2.81606209081182e-33
t4	7.21077024205047e-39	0.518538111199585	0.908	0.827	5.41651428272105e-34	P:r1@HSPG2	P:r1@HSPG2	r1@HSPG2	HSPG2	HSPG2	HSPG2	P	sig	beige	beige	day3	4.33321142617684e-33
t3	9.26953298591711e-39	0.32148012256189	0.998	0.994	6.96299509303136e-34	P:r1@ADDG21008210877.F	P:r1@ADDG21008210877.F	r1@..877.F	..877.F	..877.F	ADDG21008210877.F	P	sig	beige	beige	day1	5.57039607442509e-33
t4	1.29238068799748e-38	0.459595877666253	0.974	0.919	9.70797601403064e-34	P:r1@PLIN4	P:r1@PLIN4	r1@PLIN4	PLIN4	PLIN4	PLIN4	P	sig	beige	beige	day3	7.76638081122451e-33
t4	2.80616673937695e-38	0.279075552479987	0.997	0.998	2.10790826961779e-33	P:r1@COL6A2	P:r1@COL6A2	r1@COL6A2	COL6A2	COL6A2	COL6A2	P	sig	beige	beige	day3	1.68632661569423e-32
t3	3.78362013691003e-38	0.611514824090035	0.667	0.45	2.8421419382427e-33	P:r1@ADDG19034400315.R	P:r1@ADDG19034400315.R	r1@..315.R	..315.R	..315.R	ADDG19034400315.R	P	sig	beige	beige	day1	2.27371355059416e-32
t3	3.81604659433437e-38	0.660803865489949	0.538	0.321	2.86649972026615e-33	P:r1@HMGN2P3	P:r1@HMGN2P3	r1@HMGN2P3	HMGN2P3	HMGN2P3	HMGN2P3	P	sig	beige	beige	day1	2.29319977621292e-32
t2	5.99987921726859e-38	0.400947593280089	1	0.999	4.50692927163565e-33	P:r2@ADDG21008394320.F	P:r2@ADDG21008394320.F	r2@..320.F	..320.F	r2@..320.F	ADDG21008394320.F	P	sig	beige	beige	day3	3.60554341730852e-32
t4	4.61251167058872e-37	0.331294459170556	0.98	0.934	3.46478039159613e-32	D:r1@ADDG21008260936.B	D:r1@ADDG21008260936.B	r1@..936.B	..936.B	..936.B	ADDG21008260936.B	D	sig	beige	beige	day3	2.7718243132769e-31
t4	1.47300665836465e-36	0.372071387502717	0.98	0.962	1.10647841156378e-31	P:r1@AOC3	P:r1@AOC3	r1@AOC3	AOC3	AOC3	AOC3	P	sig	beige	beige	day3	8.85182729251021e-31
t2	3.81006879063187e-36	0.296992744156911	0.916	0.872	2.86200937345895e-31	P:r1@EHD2	P:r1@EHD2	r1@EHD2	EHD2	EHD2	EHD2	P	sig	beige	beige	day3	2.28960749876716e-30
t2	4.19511706701275e-36	0.304730095120698	0.977	0.968	3.15124608722797e-31	P:r1@NID1	P:r1@NID1	r1@NID1	NID1	NID1	NID1	P	sig	beige	beige	day3	2.52099686978238e-30
t3	5.42320533852877e-36	0.607978771544936	0.626	0.4	4.07374915414265e-31	P:r1@AC115223.1	P:r1@AC115223.1	r1@AC115223.1	AC115223.1	AC115223.1	AC115223.1	P	sig	beige	beige	day1	3.25899932331412e-30
t3	6.16162604078021e-36	0.281864697214637	0.989	0.957	4.62842863305287e-31	P:r1@DDT	P:r1@DDT	r1@DDT	DDT	DDT	DDT	P	sig	beige	beige	day1	3.7027429064423e-30
t3	6.85793081715673e-36	0.556216427154111	0.75	0.579	5.15147189192362e-31	P:r1@TMSB4XP8	P:r1@TMSB4XP8	r1@TMSB4XP8	TMSB4XP8	TMSB4XP8	TMSB4XP8	P	sig	beige	beige	day1	4.1211775135389e-30
t6	1.27513063992351e-35	-0.610556182268659	0.861	0.973	9.57839882791343e-31	P:r1@RPL21P16	P:r1@RPL21P16	r1@RPL21P16	RPL21P16	RPL21P16	RPL21P16	P	sig	white	white	day3	7.66271906233074e-30
t4	1.61133686394699e-35	0.650313008635068	0.691	0.491	1.21038791209106e-30	D:r1@ADDG12057158519.R	D:r1@ADDG12057158519.R	r1@..519.R	..519.R	..519.R	ADDG12057158519.R	D	sig	beige	beige	day3	9.68310329672848e-30
t6	1.75224034198973e-35	0.473618391258755	1	0.999	1.31623037769243e-30	D:r1@ADDG21008209995.F	D:r1@ADDG21008209995.F	r1@..995.F	..995.F	..995.F	ADDG21008209995.F	D	sig	beige	beige	day3	1.05298430215394e-29
t4	2.27806209371756e-35	0.456686025067108	0.916	0.816	1.71121190293782e-30	P:r1@LRP1	P:r1@LRP1	r1@LRP1	LRP1	LRP1	LRP1	P	sig	beige	beige	day3	1.36896952235025e-29
t3	5.24120542436898e-35	0.558050801680392	0.629	0.41	3.93703627862325e-30	P:r1@EIF3C	P:r1@EIF3C	r1@EIF3C	EIF3C	EIF3C	EIF3C	P	sig	beige	beige	day1	3.1496290228986e-29
t2	3.30392006408646e-34	0.343334789683193	0.968	0.962	2.48180563453983e-29	P:r1@COL6A3	P:r1@COL6A3	r1@COL6A3	COL6A3	COL6A3	COL6A3	P	sig	beige	beige	day3	1.98544450763186e-28
t3	9.50488987443478e-34	0.707607137155805	0.426	0.233	7.13978812697918e-29	P:r1@RPL7P1	P:r1@RPL7P1	r1@RPL7P1	RPL7P1	RPL7P1	RPL7P1	P	sig	beige	beige	day1	5.71183050158334e-28
t2	1.48527986784542e-33	0.323370121172145	0.949	0.933	1.11569767832944e-28	P:r1@COL4A1	P:r1@COL4A1	r1@COL4A1	COL4A1	COL4A1	COL4A1	P	sig	beige	beige	day3	8.92558142663553e-28
t2	1.86319818008395e-33	0.253193481532562	0.978	0.958	1.39957857693366e-28	P:r1@PKDCC	P:r1@PKDCC	r1@PKDCC	PKDCC	PKDCC	PKDCC	P	sig	beige	beige	day3	1.11966286154693e-27
t0	2.22967706625221e-33	0.578675775579304	0.545	0.404	1.67486652185667e-28	D:r1@ADDG12057158519.R	D:r1@ADDG12057158519.R	r1@..519.R	..519.R	..519.R	ADDG12057158519.R	D	sig	beige	beige	day3	1.33989321748534e-27
t3	2.76086861880107e-33	0.801241517439081	0.381	0.2	2.0738816803848e-28	P:r1@AL138785.1	P:r1@AL138785.1	r1@AL138785.1	AL138785.1	AL138785.1	AL138785.1	P	sig	beige	beige	day1	1.65910534430784e-27
t3	4.55114003125654e-33	0.594327958195538	0.481	0.275	3.41867985727897e-28	P:r1@AC068522.1	P:r1@AC068522.1	r1@AC068522.1	AC068522.1	AC068522.1	AC068522.1	P	sig	beige	beige	day1	2.73494388582318e-27
t2	1.43711976221843e-32	0.37324700178956	0.768	0.654	1.07952125178562e-27	P:r1@TRIM28	P:r1@TRIM28	r1@TRIM28	TRIM28	TRIM28	TRIM28	P	sig	beige	beige	day3	8.63617001428496e-27
t4	2.80950758853326e-32	0.399386266452211	0.999	0.998	2.11041781527853e-27	D:r1@ADDG21008209995.F	D:r1@ADDG21008209995.F	r1@..995.F	..995.F	..995.F	ADDG21008209995.F	D	sig	beige	beige	day3	1.68833425222282e-26
t6	2.97090103102016e-32	-0.308817902876721	0.998	0.995	2.23165172747141e-27	P:r1@RPL38	P:r1@RPL38	r1@RPL38	RPL38	RPL38	RPL38	P	sig	white	white	day3	1.78532138197713e-26
t2	4.90336597894228e-32	0.872075985071445	0.286	0.166	3.68326142240207e-27	D:r2@ADDG17082088766.B	D:r2@ADDG17082088766.B	r2@..766.B	..766.B	r2@..766.B	ADDG17082088766.B	D	sig	beige	beige	day3	2.94660913792166e-26
t3	4.95237975516377e-32	0.484293079226689	0.743	0.542	3.72007910068637e-27	P:r1@AL356966.1,r1@RPS26P47	P:r1@AL356966.1,r1@RPS26P47	r1@AL356966.1,r1@RPS26P47	RPS26P47	RPS26P47	AL356966.1,RPS26P47	P	sig	beige	beige	day1	2.97606328054909e-26
t4	5.29816794996203e-32	0.427600839413794	1	1	3.97982481897298e-27	D:r1@ADDG21008217400.B	D:r1@ADDG21008217400.B	r1@..400.B	..400.B	..400.B	ADDG21008217400.B	D	sig	beige	beige	day3	3.18385985517838e-26
t3	6.5786404864115e-32	0.719502050694073	0.409	0.225	4.94167737417773e-27	P:r1@RPS7P3	P:r1@RPS7P3	r1@RPS7P3	RPS7P3	RPS7P3	RPS7P3	P	sig	beige	beige	day1	3.95334189934218e-26
t2	9.24826828893432e-32	0.263857509781433	0.95	0.916	6.94702169059879e-27	P:r1@FKBP10	P:r1@FKBP10	r1@FKBP10	FKBP10	FKBP10	FKBP10	P	sig	beige	beige	day3	5.55761735247904e-26
t2	1.3262598995989e-31	0.346094814193483	0.891	0.828	9.96246648781709e-27	P:r1@SHC1	P:r1@SHC1	r1@SHC1	SHC1	SHC1	SHC1	P	sig	beige	beige	day3	7.96997319025367e-26
t8	1.73498553033363e-31	0.939195799920989	0.994	0.974	1.30326908082071e-26	D:r1@ADDG22035839025.R	D:r1@ADDG22035839025.R	r1@..025.R	..025.R	..025.R	ADDG22035839025.R	D	sig	beige	beige	day1	1.04261526465657e-25
t4	1.76915159310074e-31	-0.267667127864604	0.995	0.999	1.32893360218948e-26	P:r1@MT-ND2,r1@MT-CO1,r1@MT-TI,r1@MT-TM,r1@MT-TW	P:r1@MT-ND2,r1@MT-CO1,r1@MT-TI,r1@MT-TM,r1@MT-TW	r1@MT-ND2,CO1,TI,TM,TW	MT-ND2	MT-ND2	MT-ND2,MT-CO1,MT-TI,MT-TM,MT-TW	P	sig	white	white	day3	1.06314688175159e-25
t6	2.13562806831929e-31	-0.429716636744998	0.985	0.998	1.6042197360794e-26	P:r1@RPS20,r1@SNORD54	P:r1@RPS20,r1@SNORD54	r1@RPS20,r1@SNORD54	RPS20	RPS20	RPS20,SNORD54	P	sig	white	white	day3	1.28337578886352e-25
t3	2.19550005774575e-31	0.370657589118274	0.999	0.998	1.64919377837687e-26	D:r1@ADDG21008218944.B	D:r1@ADDG21008218944.B	r1@..944.B	..944.B	..944.B	ADDG21008218944.B	D	sig	beige	beige	day1	1.3193550227015e-25
t5	2.26115977736931e-31	-0.320404124236556	1	0.999	1.69851538996651e-26	P:r1@MT-ND2,r1@MT-CO1,r1@MT-TI,r1@MT-TM,r1@MT-TW	P:r1@MT-ND2,r1@MT-CO1,r1@MT-TI,r1@MT-TM,r1@MT-TW	r1@MT-ND2,CO1,TI,TM,TW	MT-ND2	MT-ND2	MT-ND2,MT-CO1,MT-TI,MT-TM,MT-TW	P	sig	white	white	day3	1.3588123119732e-25
t6	3.12788478384694e-31	-0.426067111267741	0.963	0.99	2.34957321308231e-26	P:r1@RPL9P7	P:r1@RPL9P7	r1@RPL9P7	RPL9P7	RPL9P7	RPL9P7	P	sig	white	white	day3	1.87965857046585e-25
t3	4.02395975255478e-31	0.359864716674844	0.928	0.808	3.02267784732657e-26	P:r1@NUCKS1	P:r1@NUCKS1	r1@NUCKS1	NUCKS1	NUCKS1	NUCKS1	P	sig	beige	beige	day1	2.41814227786126e-25
t2	4.06656751415075e-31	0.499069276220943	0.568	0.433	3.05468351960462e-26	P:r1@PLXND1	P:r1@PLXND1	r1@PLXND1	PLXND1	PLXND1	PLXND1	P	sig	beige	beige	day3	2.4437468156837e-25
t2	5.0387097273824e-31	0.411740163372141	0.793	0.699	3.78492758591783e-26	P:r1@EMILIN1	P:r1@EMILIN1	r1@EMILIN1	EMILIN1	EMILIN1	EMILIN1	P	sig	beige	beige	day3	3.02794206873427e-25
t3	5.68887029046738e-31	0.28024299221604	0.996	0.998	4.27330869609038e-26	P:r1@MT-CYB	P:r1@MT-CYB	r1@MT-CYB	MT-CYB	MT-CYB	MT-CYB	P	sig	beige	beige	day1	3.41864695687231e-25
t3	9.7279968496192e-31	0.262057824059504	1	0.999	7.30737939352845e-26	P:r1@COL1A1	P:r1@COL1A1	r1@COL1A1	COL1A1	COL1A1	COL1A1	P	sig	beige	beige	day1	5.84590351482276e-25
t3	1.25466829538987e-30	0.946163268725194	0.279	0.132	9.42469183448009e-26	P:r1@H1FX-AS1	P:r1@H1FX-AS1	r1@H1FX-AS1	H1FX-AS1	H1FX-AS1	H1FX-AS1	P	sig	beige	beige	day1	7.53975346758407e-25
t3	1.28535342552357e-30	0.739120976907234	0.583	0.379	9.65518932650538e-26	P:r1@RN7SL2,r1@AL627171.2	P:r1@RN7SL2,r1@AL627171.2	r1@RN7SL2,r1@AL627171.2	RN7SL2	RN7SL2	RN7SL2,AL627171.2	P	sig	beige	beige	day1	7.7241514612043e-25
t3	1.6370028347105e-30	0.560787475239429	0.577	0.371	1.22966741934948e-25	P:r1@AP001324.1	P:r1@AP001324.1	r1@AP001324.1	AP001324.1	AP001324.1	AP001324.1	P	sig	beige	beige	day1	9.83733935479588e-25
t3	2.31047128551615e-30	0.787229256165033	0.365	0.195	1.73555671554117e-25	P:r1@AL355472.1	P:r1@AL355472.1	r1@AL355472.1	AL355472.1	AL355472.1	AL355472.1	P	sig	beige	beige	day1	1.38844537243293e-24
t3	2.36566949887808e-30	0.70068832324399	0.386	0.21	1.77701995747225e-25	P:r1@RPL4P4	P:r1@RPL4P4	r1@RPL4P4	RPL4P4	RPL4P4	RPL4P4	P	sig	beige	beige	day1	1.4216159659778e-24
t8	2.65421639259596e-30	0.771056532359152	1	1	1.99376772762631e-25	P:r1@RPS2P5	P:r1@RPS2P5	r1@RPS2P5	RPS2P5	RPS2P5	RPS2P5	P	sig	beige	beige	day1	1.59501418210105e-24
t6	3.5035447022138e-30	0.348570387562066	1	1	2.63175767396194e-25	D:r1@ADDG21008394320.F	D:r1@ADDG21008394320.F	r1@..320.F	..320.F	..320.F	ADDG21008394320.F	D	sig	beige	beige	day3	2.10540613916955e-24
t2	3.77751503211762e-30	0.481937579285171	0.552	0.421	2.8375559666758e-25	P:r1@GANAB	P:r1@GANAB	r1@GANAB	GANAB	GANAB	GANAB	P	sig	beige	beige	day3	2.27004477334064e-24
t8	4.46154583847211e-30	0.597786154986761	1	1	3.3513793874851e-25	P:r1@RPL13P12	P:r1@RPL13P12	r1@RPL13P12	RPL13P12	RPL13P12	RPL13P12	P	sig	beige	beige	day1	2.68110350998808e-24
t2	6.63734373115654e-30	0.284627504424205	0.903	0.834	4.98577349053286e-25	P:r1@ANPEP	P:r1@ANPEP	r1@ANPEP	ANPEP	ANPEP	ANPEP	P	sig	beige	beige	day3	3.98861879242629e-24
t2	7.53476803604886e-30	0.494979089281415	0.59	0.462	5.65989170563882e-25	P:r1@KIRREL1	P:r1@KIRREL1	r1@KIRREL1	KIRREL1	KIRREL1	KIRREL1	P	sig	beige	beige	day3	4.52791336451106e-24
t3	1.00331590745882e-29	0.561546257124159	0.808	0.642	7.53660810205844e-25	P:r1@RN7SL1	P:r1@RN7SL1	r1@RN7SL1	RN7SL1	RN7SL1	RN7SL1	P	sig	beige	beige	day1	6.02928648164675e-24
t3	1.07957080559826e-29	0.90189634260054	0.307	0.152	8.10941202041246e-25	D:r1@ADDG08069690201.R	D:r1@ADDG08069690201.R	r1@..201.R	..201.R	..201.R	ADDG08069690201.R	D	sig	beige	beige	day1	6.48752961632997e-24
t3	1.81936204678654e-29	0.330453126550887	1	1	1.36665018868465e-24	D:r1@ADDG21008394320.F	D:r1@ADDG21008394320.F	r1@..320.F	..320.F	..320.F	ADDG21008394320.F	D	sig	beige	beige	day1	1.09332015094772e-23
t4	2.71582607747688e-29	0.484996830133416	0.9	0.785	2.04004707461831e-24	D:r1@ADDG21008400458.B	D:r1@ADDG21008400458.B	r1@..458.B	..458.B	..458.B	ADDG21008400458.B	D	sig	beige	beige	day3	1.63203765969465e-23
t3	4.43322038800754e-29	0.61609459236544	0.467	0.28	3.33010215885962e-24	P:r1@AC027309.2	P:r1@AC027309.2	r1@AC027309.2	AC027309.2	AC027309.2	AC027309.2	P	sig	beige	beige	day1	2.6640817270877e-23
t3	4.43888758777581e-29	0.266265124305587	0.982	0.948	3.33435918930956e-24	P:r1@HEXA,r1@AC009690.1	P:r1@HEXA,r1@AC009690.1	r1@HEXA,r1@AC009690.1	HEXA	HEXA	HEXA,AC009690.1	P	sig	beige	beige	day1	2.66748735144765e-23
t2	4.98135747152795e-29	0.355356834531525	0.895	0.842	3.74184629188765e-24	P:r1@MMP14	P:r1@MMP14	r1@MMP14	MMP14	MMP14	MMP14	P	sig	beige	beige	day3	2.99347703351012e-23
t3	5.31374952110625e-29	0.747886150282587	0.324	0.164	3.99152922776938e-24	P:r1@ADDG0M000007408.R,r1@MT-TS1	P:r1@MT-TS1	r1@MT-TS1	MT-TS1	MT-TS1	MT-TS1	P	sig	beige	beige	day1	3.1932233822155e-23
t6	1.19967678366202e-28	-0.810082423795337	0.58	0.863	9.01161209583403e-24	P:r1@SNORD58A,r1@SNORD58B,r2@RPL17-C18orf32,r2@RPL17	P:r1@SNORD58A,r1@SNORD58B,r2@RPL17-C18orf32,r2@RPL17	r1@SNORD58A,r1@SNORD58B,r2@RPL17-C18orf32,r2@RPL17	SNORD58A	SNORD58A	SNORD58A,SNORD58B,RPL17-C18orf32,RPL17	P	sig	white	white	day3	7.20928967666722e-23
t4	1.36355773465569e-28	0.472745504082719	0.999	0.996	1.02426366354131e-23	D:r1@ADDG21008398844.F	D:r1@ADDG21008398844.F	r1@..844.F	..844.F	..844.F	ADDG21008398844.F	D	sig	beige	beige	day3	8.1941093083305e-23
t3	1.46671363207336e-28	0.739988573142968	0.528	0.359	1.10175127900455e-23	P:r1@ADDG19055388330.R	P:r1@ADDG19055388330.R	r1@..330.R	..330.R	..330.R	ADDG19055388330.R	P	sig	beige	beige	day1	8.81401023203639e-23
t3	1.77923853354209e-28	0.589609960182341	0.487	0.301	1.33651060924081e-23	D:r1@ADDG20044500253.F	D:r1@ADDG20044500253.F	r1@..253.F	..253.F	..253.F	ADDG20044500253.F	D	sig	beige	beige	day1	1.06920848739265e-22
t2	3.7675310188946e-28	0.503731278134311	0.713	0.621	2.83005627546306e-23	D:r1@ADDG17082091629.B	D:r1@ADDG17082091629.B	r1@..629.B	..629.B	..629.B	ADDG17082091629.B	D	sig	beige	beige	day3	2.26404502037045e-22
t6	4.20690821175067e-28	0.355232907687022	1	1	3.16010324142075e-23	P:r2@ADDG21008394320.F	P:r2@ADDG21008394320.F	r2@..320.F	..320.F	r2@..320.F	ADDG21008394320.F	P	sig	beige	beige	day3	2.5280825931366e-22
t6	5.10605760044405e-28	-0.355977539750671	1	0.999	3.83551728772556e-23	P:r1@MT-ND3,r1@MT-ND4,r1@MT-TG,r1@MT-TR,r1@MT-ND4L	P:r1@MT-ND3,r1@MT-ND4,r1@MT-TG,r1@MT-TR,r1@MT-ND4L	r1@MT-ND3,ND4,TG,TR,ND4L	MT-ND3	MT-ND3	MT-ND3,MT-ND4,MT-TG,MT-TR,MT-ND4L	P	sig	white	white	day3	3.06841383018045e-22
t3	5.67246977943021e-28	0.347312752335283	0.898	0.789	4.26098912421459e-23	P:r1@KPNB1	P:r1@KPNB1	r1@KPNB1	KPNB1	KPNB1	KPNB1	P	sig	beige	beige	day1	3.40879129937167e-22
t3	7.26380588422677e-28	0.482362766483938	0.745	0.587	5.45635306605462e-23	P:r1@ADDG01042762378.F	P:r1@ADDG01042762378.F	r1@..378.F	..378.F	..378.F	ADDG01042762378.F	P	sig	beige	beige	day1	4.3650824528437e-22
t8	9.39452025102648e-28	1.0336274158485	1	0.942	7.05688177696356e-23	P:r1@RPS2P46	P:r1@RPS2P46	r1@RPS2P46	RPS2P46	RPS2P46	RPS2P46	P	sig	beige	beige	day1	5.64550542157085e-22
t3	9.98671134079568e-28	0.259481460323617	0.973	0.922	7.50171795786549e-23	P:r1@TM9SF2	P:r1@TM9SF2	r1@TM9SF2	TM9SF2	TM9SF2	TM9SF2	P	sig	beige	beige	day1	6.0013743662924e-22
t3	1.37091499874111e-27	0.771391279818505	0.3	0.152	1.02979021960436e-22	P:r1@RAC1P2	P:r1@RAC1P2	r1@RAC1P2	RAC1P2	RAC1P2	RAC1P2	P	sig	beige	beige	day1	8.23832175683487e-22
t4	3.02753191490423e-27	0.517854195538853	0.976	0.925	2.27419114851861e-22	D:r1@ADDG21008443541.B	D:r1@ADDG21008443541.B	r1@..541.B	..541.B	..541.B	ADDG21008443541.B	D	sig	beige	beige	day3	1.81935291881489e-21
t0	3.33164607047087e-27	-0.321556372316899	0.99	0.985	2.5026325787556e-22	P:r1@ADDG0M000002705.F,r1@MT-ND1,r1@MT-TL1	P:r1@MT-ND1,r1@MT-TL1	r1@MT-ND1,TL1	MT-ND1	MT-ND1	MT-ND1,MT-TL1	P	sig	white	white	day3	2.00210606300448e-21
t4	3.72255351869521e-27	0.342409036606811	1	1	2.79627052663828e-22	D:r1@ADDG21008394320.F	D:r1@ADDG21008394320.F	r1@..320.F	..320.F	..320.F	ADDG21008394320.F	D	sig	beige	beige	day3	2.23701642131062e-21
t2	4.57467743230995e-27	0.25639639501766	0.998	0.995	3.43636044682826e-22	P:r1@MMP2	P:r1@MMP2	r1@MMP2	MMP2	MMP2	MMP2	P	sig	beige	beige	day3	2.74908835746261e-21
t5	8.24082484429615e-27	-0.268087251165181	1	0.999	6.19026039828994e-22	P:r1@MT-CO2,r1@MT-TD	P:r1@MT-CO2,r1@MT-TD	r1@MT-CO2,TD	MT-CO2	MT-CO2	MT-CO2,MT-TD	P	sig	white	white	day3	4.95220831863195e-21
t3	1.01494231457218e-26	0.579618884365483	0.465	0.285	7.62394218437187e-22	P:r1@AC080023.2	P:r1@AC080023.2	r1@AC080023.2	AC080023.2	AC080023.2	AC080023.2	P	sig	beige	beige	day1	6.0991537474975e-21
t3	1.13013232871219e-26	0.328747262701723	0.909	0.799	8.48921501358736e-22	P:r1@U2AF1L5	P:r1@U2AF1L5	r1@U2AF1L5	U2AF1L5	U2AF1L5	U2AF1L5	P	sig	beige	beige	day1	6.79137201086989e-21
t3	1.13185182403428e-26	0.525921676517768	0.481	0.296	8.50213134659829e-22	P:r1@SNRPGP2	P:r1@SNRPGP2	r1@SNRPGP2	SNRPGP2	SNRPGP2	SNRPGP2	P	sig	beige	beige	day1	6.80170507727863e-21
t3	1.79578822292282e-26	0.539815629523088	0.624	0.437	1.34894223941293e-21	P:r1@ADDG0M000005585.R	P:r1@ADDG0M000005585.R	r1@..585.R	..585.R	..585.R	ADDG0M000005585.R	P	sig	beige	beige	day1	1.07915379153035e-20
t4	2.20836291168556e-26	0.593378836912477	0.886	0.788	1.65885596837084e-21	D:r1@ADDG21008259835.B	D:r1@ADDG21008259835.B	r1@..835.B	..835.B	..835.B	ADDG21008259835.B	D	sig	beige	beige	day3	1.32708477469667e-20
t5	4.49212789906922e-26	0.705738198068546	0.882	0.764	3.37435171394383e-21	D:r1@ADDG21008259835.B	D:r1@ADDG21008259835.B	r1@..835.B	..835.B	..835.B	ADDG21008259835.B	D	sig	beige	beige	day3	2.69948137115506e-20
t0	4.84985508407025e-26	0.317010630178482	0.899	0.833	3.64306564350105e-21	P:r1@PDGFRB	P:r1@PDGFRB	r1@PDGFRB	PDGFRB	PDGFRB	PDGFRB	P	sig	beige	beige	day3	2.91445251480084e-20
t3	8.34391948866746e-26	0.512583924900927	0.585	0.4	6.26770200230234e-21	P:r1@CBWD3	P:r1@CBWD3	r1@CBWD3	CBWD3	CBWD3	CBWD3	P	sig	beige	beige	day1	5.01416160184187e-20
t8	8.91279759712353e-26	0.957302414682678	0.982	0.955	6.69502617103129e-21	P:r1@AC243919.1	P:r1@AC243919.1	r1@AC243919.1	AC243919.1	AC243919.1	AC243919.1	P	sig	beige	beige	day1	5.35602093682503e-20
t3	9.17890008558669e-26	0.503054658320178	0.648	0.462	6.89491437729015e-21	D:r1@ADDG06109368783.F	D:r1@ADDG06109368783.F	r1@..783.F	..783.F	..783.F	ADDG06109368783.F	D	sig	beige	beige	day1	5.51593150183212e-20
t3	1.32991876795789e-25	0.319916000840926	0.994	0.986	9.98995080926925e-21	P:r1@FBLN1	P:r1@FBLN1	r1@FBLN1	FBLN1	FBLN1	FBLN1	P	sig	beige	beige	day1	7.9919606474154e-20
t3	1.78075986265248e-25	0.737947097829488	0.415	0.259	1.33765338602867e-20	P:r1@ADDG17008377649.F	P:r1@ADDG17008377649.F	r1@..649.F	..649.F	..649.F	ADDG17008377649.F	P	sig	beige	beige	day1	1.07012270882293e-19
t5	1.78091826106068e-25	0.530742734278099	1	1	1.33777237016095e-20	D:r1@ADDG21008217400.B	D:r1@ADDG21008217400.B	r1@..400.B	..400.B	..400.B	ADDG21008217400.B	D	sig	beige	beige	day3	1.07021789612876e-19
t2	1.93721007097855e-25	0.330997234885907	0.766	0.675	1.45517408901695e-20	P:r1@ZMIZ1	P:r1@ZMIZ1	r1@ZMIZ1	ZMIZ1	ZMIZ1	ZMIZ1	P	sig	beige	beige	day3	1.16413927121356e-19
t3	1.94862198079697e-25	0.682746358470664	0.34	0.188	1.46374637331526e-20	P:r1@RPL7P23	P:r1@RPL7P23	r1@RPL7P23	RPL7P23	RPL7P23	RPL7P23	P	sig	beige	beige	day1	1.17099709865221e-19
t6	2.16026058010662e-25	0.718119069394366	0.922	0.889	1.62272293995869e-20	D:r1@ADDG21008259835.B	D:r1@ADDG21008259835.B	r1@..835.B	..835.B	..835.B	ADDG21008259835.B	D	sig	beige	beige	day3	1.29817835196695e-19
t3	2.21140326117079e-25	0.708650092816546	0.286	0.146	1.66113978769366e-20	P:r1@AC090543.2	P:r1@AC090543.2	r1@AC090543.2	AC090543.2	AC090543.2	AC090543.2	P	sig	beige	beige	day1	1.32891183015493e-19
t3	3.23836997027646e-25	0.433690259432798	0.535	0.341	2.43256637057257e-20	P:r1@TCFL5	P:r1@TCFL5	r1@TCFL5	TCFL5	TCFL5	TCFL5	P	sig	beige	beige	day1	1.94605309645805e-19
t0	3.26684964232065e-25	0.301573215086894	0.95	0.922	2.453959445822e-20	P:r1@LAMC1	P:r1@LAMC1	r1@LAMC1	LAMC1	LAMC1	LAMC1	P	sig	beige	beige	day3	1.9631675566576e-19
t4	3.374052710514e-25	0.489927852045052	0.767	0.613	2.5344871745568e-20	D:r1@ADDG17082088766.B	D:r1@ADDG17082088766.B	r1@..766.B	..766.B	..766.B	ADDG17082088766.B	D	sig	beige	beige	day3	2.02758973964544e-19
t6	3.57603600815412e-25	-0.937505542448151	0.349	0.664	2.68621096824513e-20	D:r1@ADDG11065439683.F	D:r1@ADDG11065439683.F	r1@..683.F	..683.F	..683.F	ADDG11065439683.F	D	sig	white	white	day3	2.14896877459611e-19
t6	5.42746575946959e-25	0.441215441231115	1	1	4.07694945454077e-20	D:r1@ADDG21008988652.B	D:r1@ADDG21008988652.B	r1@..652.B	..652.B	..652.B	ADDG21008988652.B	D	sig	beige	beige	day3	3.26155956363262e-19
t2	7.714841187874e-25	0.378001390284444	0.727	0.644	5.79515725509531e-20	P:r1@PHLDB1	P:r1@PHLDB1	r1@PHLDB1	PHLDB1	PHLDB1	PHLDB1	P	sig	beige	beige	day3	4.63612580407625e-19
t3	8.3776417476622e-25	0.349581707140687	0.834	0.679	6.29303315159141e-20	P:r1@XPO1	P:r1@XPO1	r1@XPO1	XPO1	XPO1	XPO1	P	sig	beige	beige	day1	5.03442652127313e-19
t3	9.12210342877163e-25	0.620734229791019	0.507	0.339	6.85225043259038e-20	D:r1@ADDG19018575201.R	D:r1@ADDG19018575201.R	r1@..201.R	..201.R	..201.R	ADDG19018575201.R	D	sig	beige	beige	day1	5.48180034607231e-19
t2	1.44383335450515e-24	0.355790832066061	0.767	0.686	1.08456430090363e-19	P:r1@SLC1A5	P:r1@SLC1A5	r1@SLC1A5	SLC1A5	SLC1A5	SLC1A5	P	sig	beige	beige	day3	8.67651440722907e-19
t8	1.64596517325043e-24	0.462113430951675	1	1	1.23639965919052e-19	P:r1@RPL41P1	P:r1@RPL41P1	r1@RPL41P1	RPL41P1	RPL41P1	RPL41P1	P	sig	beige	beige	day1	9.89119727352419e-19
t3	1.98720777244634e-24	1.25471333324874	0.148	0.054	1.49273086242852e-19	P:r1@FP236383.4	P:r1@FP236383.4	r1@FP236383.4	FP236383.4	FP236383.4	FP236383.4	P	sig	beige	beige	day1	1.19418468994281e-18
t3	3.10417288231244e-24	0.368774957242295	0.809	0.631	2.33176154400664e-19	D:r1@ADDG01000200523.B	D:r1@ADDG01000200523.B	r1@..523.B	..523.B	..523.B	ADDG01000200523.B	D	sig	beige	beige	day1	1.86540923520531e-18
t6	3.7446877886724e-24	0.906300047887477	0.855	0.82	2.81289712621704e-19	D:r1@ADDG21008400458.B	D:r1@ADDG21008400458.B	r1@..458.B	..458.B	..458.B	ADDG21008400458.B	D	sig	beige	beige	day3	2.25031770097363e-18
t3	4.03198676170012e-24	0.705428109184502	0.281	0.145	3.02870749578628e-19	P:r1@MORF4L1P1	P:r1@MORF4L1P1	r1@MORF4L1P1	MORF4L1P1	MORF4L1P1	MORF4L1P1	P	sig	beige	beige	day1	2.42296599662902e-18
t6	4.68491915874418e-24	0.404964453917582	0.989	0.991	3.51917072447386e-19	P:r1@HSP90AB1	P:r1@HSP90AB1	r1@HSP90AB1	HSP90AB1	HSP90AB1	HSP90AB1	P	sig	beige	beige	day3	2.81533657957909e-18
t3	6.47013835234372e-24	0.392683683183537	0.856	0.729	4.86017382613003e-19	D:r2@ADDG17001777444.B	D:r2@ADDG17001777444.B	r2@..444.B	..444.B	r2@..444.B	ADDG17001777444.B	D	sig	beige	beige	day1	3.88813906090403e-18
t5	7.24747022353097e-24	0.465740606813129	1	0.998	5.44408220780976e-19	D:r1@ADDG21008209995.F	D:r1@ADDG21008209995.F	r1@..995.F	..995.F	..995.F	ADDG21008209995.F	D	sig	beige	beige	day3	4.35526576624781e-18
t5	8.64464099312796e-24	0.648740000578594	0.819	0.666	6.49359497480793e-19	D:r1@ADDG21008400458.B	D:r1@ADDG21008400458.B	r1@..458.B	..458.B	..458.B	ADDG21008400458.B	D	sig	beige	beige	day3	5.19487597984635e-18
t4	1.17460614565245e-23	0.521837784364655	0.978	0.941	8.82328898429749e-19	D:r1@ADDG21008442539.B	D:r1@ADDG21008442539.B	r1@..539.B	..539.B	..539.B	ADDG21008442539.B	D	sig	beige	beige	day3	7.058631187438e-18
t4	1.62793064100216e-23	0.644224617849945	0.553	0.399	1.2228526596016e-18	P:r1@ADDG01021879018.F	P:r1@ADDG01021879018.F	r1@..018.F	..018.F	..018.F	ADDG01021879018.F	P	sig	beige	beige	day3	9.78282127681277e-18
t6	2.01692375368864e-23	-0.485639239098502	0.905	0.981	1.5150526160583e-18	P:r1@MT-ND5,r1@MT-TS2,r1@MT-TL2	P:r1@MT-ND5,r1@MT-TS2,r1@MT-TL2	r1@MT-ND5,TS2,TL2	MT-ND5	MT-ND5	MT-ND5,MT-TS2,MT-TL2	P	sig	white	white	day3	1.21204209284664e-17
t3	2.6818375854668e-23	0.261317872332002	1	1	2.0145159390751e-18	P:r2@ADDG21008394320.F	P:r2@ADDG21008394320.F	r2@..320.F	..320.F	r2@..320.F	ADDG21008394320.F	P	sig	beige	beige	day1	1.61161275126008e-17
t3	3.53361548708266e-23	0.345578629361834	0.813	0.651	2.65434594543188e-18	P:r1@SSRP1	P:r1@SSRP1	r1@SSRP1	SSRP1	SSRP1	SSRP1	P	sig	beige	beige	day1	2.1234767563455e-17
t2	4.48714463713062e-23	0.681718902623514	0.32	0.216	3.37060843707341e-18	D:r1@ADDG12057162502.B	D:r1@ADDG12057162502.B	r1@..502.B	..502.B	..502.B	ADDG12057162502.B	D	sig	beige	beige	day3	2.69648674965873e-17
t4	5.07123604347469e-23	0.281287056820584	0.971	0.941	3.80936037877689e-18	P:r1@PKDCC	P:r1@PKDCC	r1@PKDCC	PKDCC	PKDCC	PKDCC	P	sig	beige	beige	day3	3.04748830302151e-17
t3	5.18655254826542e-23	0.360124854282606	0.709	0.525	3.89598267768054e-18	P:r1@FAM120A	P:r1@FAM120A	r1@FAM120A	FAM120A	FAM120A	FAM120A	P	sig	beige	beige	day1	3.11678614214443e-17
t3	5.29211930771586e-23	0.654322812726224	0.318	0.178	3.97528126037692e-18	P:r1@GCSHP5	P:r1@GCSHP5	r1@GCSHP5	GCSHP5	GCSHP5	GCSHP5	P	sig	beige	beige	day1	3.18022500830154e-17
t3	5.39589485183107e-23	0.456707713010916	0.826	0.714	4.05323433584995e-18	D:r1@ADDG12016551234.F	D:r1@ADDG12016551234.F	r1@..234.F	..234.F	..234.F	ADDG12016551234.F	D	sig	beige	beige	day1	3.24258746867996e-17
t3	7.55200219976288e-23	0.445297967520487	0.624	0.436	5.67283749239588e-18	P:r1@HMGB1P5	P:r1@HMGB1P5	r1@HMGB1P5	HMGB1P5	HMGB1P5	HMGB1P5	P	sig	beige	beige	day1	4.5382699939167e-17
t3	1.30178502631898e-22	0.649645299308777	0.268	0.141	9.77861858220025e-18	P:r1@RNU6-6P	P:r1@RNU6-6P	r1@RNU6-6P	RNU6-6P	RNU6-6P	RNU6-6P	P	sig	beige	beige	day1	7.8228948657602e-17
t2	1.42230108832721e-22	0.348638520191597	0.828	0.762	1.06838990851875e-17	P:r1@PYGB	P:r1@PYGB	r1@PYGB	PYGB	PYGB	PYGB	P	sig	beige	beige	day3	8.54711926815003e-17
t6	1.54696537494003e-22	0.29805361753767	0.994	0.997	1.1620339806937e-17	P:r1@ADDG21008210877.F	P:r1@ADDG21008210877.F	r1@..877.F	..877.F	..877.F	ADDG21008210877.F	P	sig	beige	beige	day3	9.29627184554962e-17
t2	1.55192428778527e-22	0.349226739389316	0.704	0.606	1.16575896725566e-17	P:r1@LRP10	P:r1@LRP10	r1@LRP10	LRP10	LRP10	LRP10	P	sig	beige	beige	day3	9.3260717380453e-17
t0	1.58592613390736e-22	0.582777473772645	0.325	0.215	1.19130013400719e-17	P:r1@ADDG01021879018.F	P:r1@ADDG01021879018.F	r1@..018.F	..018.F	..018.F	ADDG01021879018.F	P	sig	beige	beige	day3	9.53040107205754e-17
t3	1.70940839504578e-22	0.33437942099421	0.617	0.445	1.28405630410654e-17	P:r1@RNA5-8SN3	P:r1@RNA5-8SN3	r1@RNA5-8SN3	RNA5-8SN3	RNA5-8SN3	RNA5-8SN3	P	sig	beige	beige	day1	1.02724504328523e-16
t3	1.82978834641934e-22	0.429460400389075	0.77	0.651	1.37448211217981e-17	D:r1@ADDG17004945990.B	D:r1@ADDG17004945990.B	r1@..990.B	..990.B	..990.B	ADDG17004945990.B	D	sig	beige	beige	day1	1.09958568974385e-16
t3	2.95810044584929e-22	0.637111709996402	0.333	0.191	2.22203631190861e-17	D:r1@ADDG04143517410.R	D:r1@ADDG04143517410.R	r1@..410.R	..410.R	..410.R	ADDG04143517410.R	D	sig	beige	beige	day1	1.77762904952689e-16
t6	2.96615195477371e-22	0.449232785448348	1	0.999	2.22808436386736e-17	P:r1@MT-TV,r1@MT-RNR2	P:r1@MT-TV,r1@MT-RNR2	r1@MT-TV,RNR2	MT-TV	MT-TV	MT-TV,MT-RNR2	P	sig	beige	beige	day3	1.78246749109389e-16
t3	4.55381091440511e-22	0.380798312156871	0.739	0.572	3.42068614457369e-17	D:r1@ADDG06169703236.R	D:r1@ADDG06169703236.R	r1@..236.R	..236.R	..236.R	ADDG06169703236.R	D	sig	beige	beige	day1	2.73654891565895e-16
t2	4.97410694306645e-22	0.270324634286467	0.9	0.853	3.73639991242323e-17	P:r1@GPC1	P:r1@GPC1	r1@GPC1	GPC1	GPC1	GPC1	P	sig	beige	beige	day3	2.98911992993858e-16
t0	5.29769772315812e-22	0.311632451177958	1	1	3.97947159870469e-17	P:r2@ADDG21008394320.F	P:r2@ADDG21008394320.F	r2@..320.F	..320.F	r2@..320.F	ADDG21008394320.F	P	sig	beige	beige	day3	3.18357727896375e-16
t2	6.87497261501331e-22	0.336536309948137	0.752	0.657	5.16427317921955e-17	P:r1@DDX3X	P:r1@DDX3X	r1@DDX3X	DDX3X	DDX3X	DDX3X	P	sig	beige	beige	day3	4.13141854337564e-16
t3	7.72305904577917e-22	0.429161921779347	0.643	0.463	5.80133026341794e-17	P:r1@WASH3P	P:r1@WASH3P	r1@WASH3P	WASH3P	WASH3P	WASH3P	P	sig	beige	beige	day1	4.64106421073435e-16
t0	7.82103040539728e-22	0.655576699427546	0.297	0.197	5.87492340962228e-17	D:r1@ADDG17082088766.B	D:r1@ADDG17082088766.B	r1@..766.B	..766.B	..766.B	ADDG17082088766.B	D	sig	beige	beige	day3	4.69993872769782e-16
t3	7.84895802058498e-22	0.456186579456241	0.524	0.352	5.89590179632282e-17	P:r1@SNORD58C	P:r1@SNORD58C	r1@SNORD58C	SNORD58C	SNORD58C	SNORD58C	P	sig	beige	beige	day1	4.71672143705825e-16
t2	8.24340405997706e-22	0.28794720428332	0.864	0.802	6.19219782773296e-17	P:r1@CAVIN1	P:r1@CAVIN1	r1@CAVIN1	CAVIN1	CAVIN1	CAVIN1	P	sig	beige	beige	day3	4.95375826218637e-16
t3	1.27382181765936e-21	0.746247958697647	0.207	0.098	9.56856734771185e-17	P:r2@KIAA0930	P:r2@KIAA0930	r2@KIAA0930	KIAA0930	r2@KIAA0930	KIAA0930	P	sig	beige	beige	day1	7.65485387816948e-16
t2	1.31190513387314e-21	0.340536090016615	0.645	0.543	9.8546377941149e-17	P:r1@DDB1	P:r1@DDB1	r1@DDB1	DDB1	DDB1	DDB1	P	sig	beige	beige	day3	7.88371023529192e-16
t3	1.54603152050873e-21	0.365713651198101	0.876	0.771	1.16133249726054e-16	P:r1@IRF2BP2	P:r1@IRF2BP2	r1@IRF2BP2	IRF2BP2	IRF2BP2	IRF2BP2	P	sig	beige	beige	day1	9.29065997808434e-16
t8	1.61236324961437e-21	0.686237987596895	1	1	1.21115890221283e-16	P:r1@EEF1A1P5	P:r1@EEF1A1P5	r1@EEF1A1P5	EEF1A1P5	EEF1A1P5	EEF1A1P5	P	sig	beige	beige	day1	9.68927121770262e-16
t5	2.32746993065724e-21	-0.279365513992334	1	0.999	1.7483255878118e-16	P:r1@MT-ND3,r1@MT-ND4,r1@MT-TG,r1@MT-TR,r1@MT-ND4L	P:r1@MT-ND3,r1@MT-ND4,r1@MT-TG,r1@MT-TR,r1@MT-ND4L	r1@MT-ND3,ND4,TG,TR,ND4L	MT-ND3	MT-ND3	MT-ND3,MT-ND4,MT-TG,MT-TR,MT-ND4L	P	sig	white	white	day3	1.39866047024944e-15
t5	2.95274849851048e-21	-0.432245240804718	0.99	0.99	2.21801608962611e-16	P:r1@ADDG0M000002705.F,r1@MT-ND1,r1@MT-TL1	P:r1@MT-ND1,r1@MT-TL1	r1@MT-ND1,TL1	MT-ND1	MT-ND1	MT-ND1,MT-TL1	P	sig	white	white	day3	1.77441287170089e-15
t3	3.24086283444101e-21	0.328383201941283	0.759	0.576	2.43443893534705e-16	P:r1@ATF6B	P:r1@ATF6B	r1@ATF6B	ATF6B	ATF6B	ATF6B	P	sig	beige	beige	day1	1.94755114827764e-15
t3	3.58236636126081e-21	0.328062746865144	0.807	0.65	2.69096613958828e-16	P:r1@MAPKAPK2	P:r1@MAPKAPK2	r1@MAPKAPK2	MAPKAPK2	MAPKAPK2	MAPKAPK2	P	sig	beige	beige	day1	2.15277291167063e-15
t0	3.94291164550935e-21	0.543104051059399	0.391	0.281	2.96179694075726e-16	D:r1@ADDG01054854226.B	D:r1@ADDG01054854226.B	r1@..226.B	..226.B	..226.B	ADDG01054854226.B	D	sig	beige	beige	day3	2.36943755260581e-15
t2	4.11764400405975e-21	0.268220490751842	0.851	0.799	3.09305064652956e-16	P:r1@DHCR24	P:r1@DHCR24	r1@DHCR24	DHCR24	DHCR24	DHCR24	P	sig	beige	beige	day3	2.47444051722365e-15
t3	4.81122951809034e-21	0.277075104340095	0.869	0.722	3.61405127710392e-16	P:r1@CTBP1	P:r1@CTBP1	r1@CTBP1	CTBP1	CTBP1	CTBP1	P	sig	beige	beige	day1	2.89124102168314e-15
t2	5.69476514628343e-21	0.289609824495883	0.934	0.914	4.27773673493372e-16	P:r1@ACLY	P:r1@ACLY	r1@ACLY	ACLY	ACLY	ACLY	P	sig	beige	beige	day3	3.42218938794698e-15
t0	6.71282382459627e-21	0.438529008613814	0.518	0.403	5.04247187232198e-16	P:r1@PLXND1	P:r1@PLXND1	r1@PLXND1	PLXND1	PLXND1	PLXND1	P	sig	beige	beige	day3	4.03397749785758e-15
t8	7.68235261287366e-21	0.810720714751337	1	0.968	5.77075281221231e-16	P:r1@RPL10P16	P:r1@RPL10P16	r1@RPL10P16	RPL10P16	RPL10P16	RPL10P16	P	sig	beige	beige	day1	4.61660224976985e-15
t3	8.39724565556167e-21	0.831115643321502	0.22	0.112	6.30775901908826e-16	P:r2@ADDG02038482405.B	P:r2@ADDG02038482405.B	r2@..405.B	..405.B	r2@..405.B	ADDG02038482405.B	P	sig	beige	beige	day1	5.04620721527061e-15
t3	1.01179821466054e-20	0.476743506867535	0.673	0.511	7.6003246490656e-16	D:r1@ADDG17030385212.R	D:r1@ADDG17030385212.R	r1@..212.R	..212.R	..212.R	ADDG17030385212.R	D	sig	beige	beige	day1	6.08025971925248e-15
t3	1.04444451180622e-20	0.616186012034992	0.286	0.159	7.84555383933481e-16	P:r1@RNA5-8SN2	P:r1@RNA5-8SN2	r1@RNA5-8SN2	RNA5-8SN2	RNA5-8SN2	RNA5-8SN2	P	sig	beige	beige	day1	6.27644307146784e-15
t3	1.22742351676218e-20	0.526446423629269	0.317	0.181	9.22003723086244e-16	D:r1@ADDG03116645476.F	D:r1@ADDG03116645476.F	r1@..476.F	..476.F	..476.F	ADDG03116645476.F	D	sig	beige	beige	day1	7.37602978468995e-15
t3	1.26426705415412e-20	0.682045276687328	0.434	0.294	9.49679483068949e-16	P:r2@ADDG0X103686527.B	P:r2@ADDG0X103686527.B	r2@..527.B	..527.B	r2@..527.B	ADDG0X103686527.B	P	sig	beige	beige	day1	7.59743586455159e-15
t2	1.35983810856776e-20	0.326134580488419	0.725	0.645	1.02146959201284e-15	P:r1@DLC1	P:r1@DLC1	r1@DLC1	DLC1	DLC1	DLC1	P	sig	beige	beige	day3	8.17175673610275e-15
t5	1.41791181661141e-20	0.540310367357539	0.999	0.993	1.06509281928399e-15	D:r1@ADDG21008398844.F	D:r1@ADDG21008398844.F	r1@..844.F	..844.F	..844.F	ADDG21008398844.F	D	sig	beige	beige	day3	8.52074255427194e-15
t3	1.91766470605074e-20	0.504991357633017	0.621	0.474	1.44049219724414e-15	D:r1@ADDG12056712824.F	D:r1@ADDG12056712824.F	r1@..824.F	..824.F	..824.F	ADDG12056712824.F	D	sig	beige	beige	day1	1.15239375779531e-14
t3	2.50905821250251e-20	0.402306816896151	0.563	0.381	1.88472925748551e-15	P:r1@BSDC1	P:r1@BSDC1	r1@BSDC1	BSDC1	BSDC1	BSDC1	P	sig	beige	beige	day1	1.50778340598841e-14
t3	2.79936376814795e-20	0.433321319921173	0.905	0.831	2.1027980817197e-15	P:r1@HIST1H1E	P:r1@HIST1H1E	r1@HIST1H1E	HIST1H1E	HIST1H1E	HIST1H1E	P	sig	beige	beige	day1	1.68223846537576e-14
t3	3.32077751592149e-20	0.356385047710004	0.731	0.558	2.49446844663474e-15	P:r1@CBWD1	P:r1@CBWD1	r1@CBWD1	CBWD1	CBWD1	CBWD1	P	sig	beige	beige	day1	1.9955747573078e-14
t3	4.72354657955269e-20	0.92960335379456	0.163	0.072	3.54818648416259e-15	P:r1@RPL29P11	P:r1@RPL29P11	r1@RPL29P11	RPL29P11	RPL29P11	RPL29P11	P	sig	beige	beige	day1	2.83854918733007e-14
t2	4.87085883175603e-20	0.326768091947142	0.646	0.549	3.65884302865018e-15	P:r1@TNS1	P:r1@TNS1	r1@TNS1	TNS1	TNS1	TNS1	P	sig	beige	beige	day3	2.92707442292014e-14
t0	5.41219084906153e-20	0.331340950600241	0.711	0.602	4.06547540008955e-15	P:r1@DHCR24	P:r1@DHCR24	r1@DHCR24	DHCR24	DHCR24	DHCR24	P	sig	beige	beige	day3	3.25238032007164e-14
t3	5.95128969858185e-20	0.571029136383201	0.292	0.164	4.47043028288373e-15	P:r1@RPS13P2	P:r1@RPS13P2	r1@RPS13P2	RPS13P2	RPS13P2	RPS13P2	P	sig	beige	beige	day1	3.57634422630698e-14
t5	6.14391161659413e-20	0.623402369307962	0.972	0.925	4.61512208903702e-15	D:r1@ADDG21008443541.B	D:r1@ADDG21008443541.B	r1@..541.B	..541.B	..541.B	ADDG21008443541.B	D	sig	beige	beige	day3	3.69209767122961e-14
t3	6.72835800593697e-20	0.406156917613438	0.54	0.369	5.05414068331967e-15	P:r1@PBX1	P:r1@PBX1	r1@PBX1	PBX1	PBX1	PBX1	P	sig	beige	beige	day1	4.04331254665574e-14
t3	6.99775104274183e-20	0.489080470882838	0.571	0.408	5.25650065077638e-15	P:r1@ADDG01092840688.R	P:r1@ADDG01092840688.R	r1@..688.R	..688.R	..688.R	ADDG01092840688.R	P	sig	beige	beige	day1	4.2052005206211e-14
t3	7.25588276053073e-20	0.285445903728948	0.883	0.77	5.45040145322787e-15	P:r1@GAA	P:r1@GAA	r1@GAA	GAA	GAA	GAA	P	sig	beige	beige	day1	4.36032116258229e-14
t2	7.38670022353399e-20	0.250979997769191	0.945	0.911	5.54866760691203e-15	P:r1@FBLN1	P:r1@FBLN1	r1@FBLN1	FBLN1	FBLN1	FBLN1	P	sig	beige	beige	day3	4.43893408552962e-14
t3	7.87989052626459e-20	0.355846751215467	0.748	0.583	5.91913736661417e-15	P:r1@AMD1	P:r1@AMD1	r1@AMD1	AMD1	AMD1	AMD1	P	sig	beige	beige	day1	4.73530989329134e-14
t3	9.3330104724987e-20	0.488550945678853	0.479	0.32	7.01067747662685e-15	D:r1@ADDG01143424765.R	D:r1@ADDG01143424765.R	r1@..765.R	..765.R	..765.R	ADDG01143424765.R	D	sig	beige	beige	day1	5.60854198130148e-14
t3	9.43393501214496e-20	0.418974668198042	0.539	0.366	7.08648896307293e-15	P:r1@ISG20L2	P:r1@ISG20L2	r1@ISG20L2	ISG20L2	ISG20L2	ISG20L2	P	sig	beige	beige	day1	5.66919117045834e-14
t3	9.48930711675466e-20	0.48458423616276	0.379	0.233	7.12808282689259e-15	P:r1@AC078819.1	P:r1@AC078819.1	r1@AC078819.1	AC078819.1	AC078819.1	AC078819.1	P	sig	beige	beige	day1	5.70246626151408e-14
t6	9.70141868763877e-20	-0.962007608626213	0.262	0.537	7.28741467559362e-15	P:r3@COL1A1	P:r3@COL1A1	r3@COL1A1	COL1A1	r3@COL1A1	COL1A1	P	sig	white	white	day3	5.82993174047489e-14
t3	1.01342170727531e-19	0.460310858425665	0.562	0.4	7.61251983853992e-15	P:r1@RBMS3	P:r1@RBMS3	r1@RBMS3	RBMS3	RBMS3	RBMS3	P	sig	beige	beige	day1	6.09001587083193e-14
t3	1.31908077114227e-19	0.66958215496707	0.24	0.127	9.90853902858937e-15	D:r1@ADDG03005178800.R	D:r1@ADDG03005178800.R	r1@..800.R	..800.R	..800.R	ADDG03005178800.R	D	sig	beige	beige	day1	7.92683122287149e-14
t0	1.48589044352589e-19	0.340465919828673	0.761	0.679	1.11615632446335e-14	P:r1@HSPG2	P:r1@HSPG2	r1@HSPG2	HSPG2	HSPG2	HSPG2	P	sig	beige	beige	day3	8.92925059570677e-14
t3	1.59099736721461e-19	0.357112303299633	0.883	0.784	1.1951094923306e-14	D:r1@ADDG0X038149522.F	D:r1@ADDG0X038149522.F	r1@..522.F	..522.F	..522.F	ADDG0X038149522.F	D	sig	beige	beige	day1	9.5608759386448e-14
t2	1.68216649310829e-19	0.430365160565303	0.511	0.406	1.26359300462815e-14	D:r1@ADDG01054854226.B	D:r1@ADDG01054854226.B	r1@..226.B	..226.B	..226.B	ADDG01054854226.B	D	sig	beige	beige	day3	1.01087440370252e-13
t3	2.25130042588164e-19	0.279821253686187	0.86	0.697	1.69110934090951e-14	P:r1@RBM15B	P:r1@RBM15B	r1@RBM15B	RBM15B	RBM15B	RBM15B	P	sig	beige	beige	day1	1.35288747272761e-13
t0	2.27875796785725e-19	0.306269831476554	0.716	0.615	1.71173462271533e-14	P:r1@LRP10	P:r1@LRP10	r1@LRP10	LRP10	LRP10	LRP10	P	sig	beige	beige	day3	1.36938769817227e-13
t0	2.44534632242501e-19	0.366280875114733	0.631	0.531	1.836870797016e-14	P:r1@PHLDB1	P:r1@PHLDB1	r1@PHLDB1	PHLDB1	PHLDB1	PHLDB1	P	sig	beige	beige	day3	1.4694966376128e-13
t3	2.74293648984227e-19	0.307897568026236	0.828	0.689	2.06041160307482e-14	P:r1@SF3B3	P:r1@SF3B3	r1@SF3B3	SF3B3	SF3B3	SF3B3	P	sig	beige	beige	day1	1.64832928245985e-13
t4	2.92599333450098e-19	0.283388808642502	0.975	0.958	2.1979184130771e-14	P:r1@C1R	P:r1@C1R	r1@C1R	C1R	C1R	C1R	P	sig	beige	beige	day3	1.75833473046168e-13
t6	3.34054385646137e-19	0.41114665896158	0.989	0.993	2.50931632865809e-14	P:r1@HSPA8	P:r1@HSPA8	r1@HSPA8	HSPA8	HSPA8	HSPA8	P	sig	beige	beige	day3	2.00745306292647e-13
t6	3.39422077696019e-19	-1.33695340581475	0.141	0.367	2.54963682102919e-14	P:r1@ADDG0X140784354.F,r2@LINC00632	P:r1@ADDG0X140784354.F,r2@LINC00632	r1@..354.F,r2@LINC00632	..354.F	..354.F	ADDG0X140784354.F,LINC00632	P	sig	white	white	day3	2.03970945682335e-13
t0	4.47292623496568e-19	0.483161496837938	0.413	0.306	3.35992799991917e-14	P:r1@LSS	P:r1@LSS	r1@LSS	LSS	LSS	LSS	P	sig	beige	beige	day3	2.68794239993533e-13
t0	4.9081195664202e-19	0.34796507292635	0.537	0.418	3.68683217470786e-14	P:r1@GANAB	P:r1@GANAB	r1@GANAB	GANAB	GANAB	GANAB	P	sig	beige	beige	day3	2.94946573976629e-13
t0	5.14455188698512e-19	0.340007536001097	0.631	0.52	3.86443304094661e-14	P:r1@FLNA	P:r1@FLNA	r1@FLNA	FLNA	FLNA	FLNA	P	sig	beige	beige	day3	3.09154643275729e-13
t4	5.25567185362176e-19	0.302428935959745	0.972	0.957	3.94790302628506e-14	P:r1@TSKU	P:r1@TSKU	r1@TSKU	TSKU	TSKU	TSKU	P	sig	beige	beige	day3	3.15832242102804e-13
t5	5.78992328497439e-19	-0.308446679353686	0.998	0.999	4.34921667397421e-14	P:r1@MT-ATP6,r1@MT-CO3,r1@MT-TK,r1@MT-ATP8	P:r1@MT-ATP6,r1@MT-CO3,r1@MT-TK,r1@MT-ATP8	r1@MT-ATP6,CO3,TK,ATP8	MT-ATP6	MT-ATP6	MT-ATP6,MT-CO3,MT-TK,MT-ATP8	P	sig	white	white	day3	3.47937333917937e-13
t3	6.92321114115808e-19	0.423865029138416	0.705	0.534	5.20050851290372e-14	P:r1@MAP2K1	P:r1@MAP2K1	r1@MAP2K1	MAP2K1	MAP2K1	MAP2K1	P	sig	beige	beige	day1	4.16040681032297e-13
t3	6.98830787868042e-19	0.43815636228187	0.419	0.269	5.24940722922837e-14	P:r1@DIP2C	P:r1@DIP2C	r1@DIP2C	DIP2C	DIP2C	DIP2C	P	sig	beige	beige	day1	4.1995257833827e-13
t3	7.92998232296635e-19	0.268136083409403	0.887	0.756	5.95676482154263e-14	P:r1@C6orf120	P:r1@C6orf120	r1@C6orf120	C6orf120	C6orf120	C6orf120	P	sig	beige	beige	day1	4.76541185723411e-13
t3	7.93227567767662e-19	0.376887705910634	0.912	0.834	5.95848752080035e-14	P:r1@GSR	P:r1@GSR	r1@GSR	GSR	GSR	GSR	P	sig	beige	beige	day1	4.76679001664028e-13
t3	8.38526487575643e-19	0.668919710070148	0.227	0.12	6.29875941672196e-14	P:r1@PI4KAP2	P:r1@PI4KAP2	r1@PI4KAP2	PI4KAP2	PI4KAP2	PI4KAP2	P	sig	beige	beige	day1	5.03900753337757e-13
t6	9.45842973336795e-19	-0.684323531031191	0.472	0.751	7.104888662814e-14	D:r1@ADDG12057211589.R	D:r1@ADDG12057211589.R	r1@..589.R	..589.R	..589.R	ADDG12057211589.R	D	sig	white	white	day3	5.6839109302512e-13
t0	1.00223118842324e-18	0.624632777452761	0.26	0.172	7.52846001807886e-14	D:r1@ADDG12057162502.B	D:r1@ADDG12057162502.B	r1@..502.B	..502.B	..502.B	ADDG12057162502.B	D	sig	beige	beige	day3	6.02276801446309e-13
t4	1.04429885033005e-18	0.353410783617089	0.797	0.672	7.84445967402427e-14	P:r1@PTPRS	P:r1@PTPRS	r1@PTPRS	PTPRS	PTPRS	PTPRS	P	sig	beige	beige	day3	6.27556773921941e-13
t5	1.285638661827e-18	0.53007946374159	0.971	0.941	9.65733193604587e-14	D:r1@ADDG21008442539.B	D:r1@ADDG21008442539.B	r1@..539.B	..539.B	..539.B	ADDG21008442539.B	D	sig	beige	beige	day3	7.7258655488367e-13
t6	1.34852862315853e-18	-0.299434282355298	0.968	0.993	1.01297424585799e-13	P:r1@TOMM7	P:r1@TOMM7	r1@TOMM7	TOMM7	TOMM7	TOMM7	P	sig	white	white	day3	8.10379396686395e-13
t2	1.79583752677781e-18	0.338081047494892	0.606	0.507	1.34897927498969e-13	P:r1@TMEM214	P:r1@TMEM214	r1@TMEM214	TMEM214	TMEM214	TMEM214	P	sig	beige	beige	day3	1.07918341999175e-12
t3	1.85499020687193e-18	0.406384713366408	0.557	0.387	1.39341299369599e-13	P:r1@WASH8P	P:r1@WASH8P	r1@WASH8P	WASH8P	WASH8P	WASH8P	P	sig	beige	beige	day1	1.11473039495679e-12
t3	1.86467191543622e-18	0.696121568311479	0.201	0.101	1.40068560271822e-13	D:r1@ADDG03040462254.R	D:r1@ADDG03040462254.R	r1@..254.R	..254.R	..254.R	ADDG03040462254.R	D	sig	beige	beige	day1	1.12054848217458e-12
t3	2.04564287391203e-18	0.422603506969891	0.484	0.33	1.5366255575965e-13	D:r1@ADDG09129829300.B	D:r1@ADDG09129829300.B	r1@..300.B	..300.B	..300.B	ADDG09129829300.B	D	sig	beige	beige	day1	1.2293004460772e-12
t6	2.45004097923206e-18	0.470133521059552	0.989	0.963	1.84039728236974e-13	P:r1@SCD	P:r1@SCD	r1@SCD	SCD	SCD	SCD	P	sig	beige	beige	day3	1.4723178258958e-12
t3	2.51683222321778e-18	0.347463421372327	0.696	0.524	1.8905688611145e-13	P:r2@DPH1	P:r2@DPH1	r2@DPH1	DPH1	r2@DPH1	DPH1	P	sig	beige	beige	day1	1.5124550888916e-12
t3	2.86687575144201e-18	0.486270394599368	0.378	0.239	2.1535110582107e-13	D:r1@ADDG10118730307.F	D:r1@ADDG10118730307.F	r1@..307.F	..307.F	..307.F	ADDG10118730307.F	D	sig	beige	beige	day1	1.72280884656856e-12
t3	2.95434910617115e-18	0.403280372764654	0.642	0.493	2.21921841808258e-13	D:r1@ADDG12043797331.F	D:r1@ADDG12043797331.F	r1@..331.F	..331.F	..331.F	ADDG12043797331.F	D	sig	beige	beige	day1	1.77537473446606e-12
t2	3.04073373695738e-18	0.336561772514664	0.616	0.523	2.28410796119028e-13	P:r1@ECE1	P:r1@ECE1	r1@ECE1	ECE1	ECE1	ECE1	P	sig	beige	beige	day3	1.82728636895222e-12
t0	4.41772269429636e-18	0.463822529826672	0.436	0.328	3.3184607562746e-13	D:r1@ADDG17082091629.B	D:r1@ADDG17082091629.B	r1@..629.B	..629.B	..629.B	ADDG17082091629.B	D	sig	beige	beige	day3	2.65476860501968e-12
t3	4.52447268805133e-18	0.320748673710056	0.704	0.533	3.39864814908352e-13	D:r1@ADDG04052023183.F	D:r1@ADDG04052023183.F	r1@..183.F	..183.F	..183.F	ADDG04052023183.F	D	sig	beige	beige	day1	2.71891851926682e-12
t3	4.80528770931026e-18	0.486211668282987	0.677	0.545	3.60958796860259e-13	P:r1@FAM20C	P:r1@FAM20C	r1@FAM20C	FAM20C	FAM20C	FAM20C	P	sig	beige	beige	day1	2.88767037488207e-12
t5	5.21500523234084e-18	0.280049311580159	0.988	0.97	3.91735548037747e-13	P:r1@GRINA	P:r1@GRINA	r1@GRINA	GRINA	GRINA	GRINA	P	sig	beige	beige	day3	3.13388438430197e-12
t3	5.54610508153966e-18	0.387628595448513	0.628	0.469	4.16606775410014e-13	P:r1@CBS	P:r1@CBS	r1@CBS	CBS	CBS	CBS	P	sig	beige	beige	day1	3.33285420328012e-12
t2	5.86563169199437e-18	0.760863858646877	0.208	0.129	4.40608655807541e-13	P:r1@NOTCH3	P:r1@NOTCH3	r1@NOTCH3	NOTCH3	NOTCH3	NOTCH3	P	sig	beige	beige	day3	3.52486924646033e-12
t3	6.64137282855426e-18	0.285929290429526	0.771	0.621	4.9888000276251e-13	P:r1@CIZ1	P:r1@CIZ1	r1@CIZ1	CIZ1	CIZ1	CIZ1	P	sig	beige	beige	day1	3.99104002210008e-12
t3	7.86807124952955e-18	0.532798699604039	0.434	0.294	5.91025908050911e-13	P:r1@ADDG05179710030.R	P:r1@ADDG05179710030.R	r1@..030.R	..030.R	..030.R	ADDG05179710030.R	P	sig	beige	beige	day1	4.72820726440729e-12
t2	8.43691794390462e-18	0.46049373211788	0.447	0.348	6.33755965192283e-13	P:r1@ADAMTS15	P:r1@ADAMTS15	r1@ADAMTS15	ADAMTS15	ADAMTS15	ADAMTS15	P	sig	beige	beige	day3	5.07004772153826e-12
t2	9.16438706398612e-18	0.295839715339475	0.72	0.638	6.88401263085445e-13	P:r1@AP2A1	P:r1@AP2A1	r1@AP2A1	AP2A1	AP2A1	AP2A1	P	sig	beige	beige	day3	5.50721010468356e-12
t0	9.73024185968214e-18	0.381477123503332	0.488	0.377	7.30906577773743e-13	P:r1@KIRREL1	P:r1@KIRREL1	r1@KIRREL1	KIRREL1	KIRREL1	KIRREL1	P	sig	beige	beige	day3	5.84725262218995e-12
t3	1.03168271663214e-17	0.828026609648253	0.16	0.074	7.74969106252561e-13	D:r1@ADDG13109424256.R	D:r1@ADDG13109424256.R	r1@..256.R	..256.R	..256.R	ADDG13109424256.R	D	sig	beige	beige	day1	6.19975285002049e-12
t4	1.08270528934688e-17	0.337132564847879	0.874	0.774	8.13295732198698e-13	P:r1@GPC1	P:r1@GPC1	r1@GPC1	GPC1	GPC1	GPC1	P	sig	beige	beige	day3	6.50636585758958e-12
t4	1.13456092075631e-17	0.563507314702623	0.422	0.285	8.52248126844515e-13	D:r2@ADDG17082088766.B	D:r2@ADDG17082088766.B	r2@..766.B	..766.B	r2@..766.B	ADDG17082088766.B	D	sig	beige	beige	day3	6.81798501475612e-12
t2	1.20825770246726e-17	0.419060983747985	0.521	0.433	9.07606938362328e-13	P:r1@LSS	P:r1@LSS	r1@LSS	LSS	LSS	LSS	P	sig	beige	beige	day3	7.26085550689862e-12
t5	1.23384728357427e-17	0.36052910561183	1	1	9.26829064002482e-13	D:r1@ADDG21008394320.F	D:r1@ADDG21008394320.F	r1@..320.F	..320.F	..320.F	ADDG21008394320.F	D	sig	beige	beige	day3	7.41463251201986e-12
t5	1.25524221937051e-17	0.510471929551301	0.963	0.928	9.42900297924543e-13	D:r1@ADDG21008260936.B	D:r1@ADDG21008260936.B	r1@..936.B	..936.B	..936.B	ADDG21008260936.B	D	sig	beige	beige	day3	7.54320238339634e-12
t2	1.32657287291141e-17	0.267374230229807	0.889	0.859	9.96481744944865e-13	P:r1@IL17RC	P:r1@IL17RC	r1@IL17RC	IL17RC	IL17RC	IL17RC	P	sig	beige	beige	day3	7.97185395955892e-12
t4	1.37560507166305e-17	0.34318661675872	0.855	0.769	1.03331326168113e-12	D:r1@ADDG17082091629.B	D:r1@ADDG17082091629.B	r1@..629.B	..629.B	..629.B	ADDG17082091629.B	D	sig	beige	beige	day3	8.26650609344904e-12
t3	1.89118291608044e-17	0.459240136206075	0.655	0.517	1.42059987107215e-12	P:r1@ADDG0M000016095.B,r1@MT-TP	P:r1@MT-TP	r1@MT-TP	MT-TP	MT-TP	MT-TP	P	sig	beige	beige	day1	1.13647989685772e-11
t2	2.20474903988167e-17	0.356067119122617	0.588	0.495	1.65614133628791e-12	P:r1@SUN2	P:r1@SUN2	r1@SUN2	SUN2	SUN2	SUN2	P	sig	beige	beige	day3	1.32491306903033e-11
t2	2.24101276153497e-17	0.50699281354671	0.317	0.222	1.68338155608222e-12	P:r1@UBA1	P:r1@UBA1	r1@UBA1	UBA1	UBA1	UBA1	P	sig	beige	beige	day3	1.34670524486578e-11
t3	2.3391051395151e-17	0.53442464193274	0.518	0.374	1.75706560764956e-12	D:r1@ADDG0X047586726.R	D:r1@ADDG0X047586726.R	r1@..726.R	..726.R	..726.R	ADDG0X047586726.R	D	sig	beige	beige	day1	1.40565248611965e-11
t4	2.52899030934803e-17	0.321389836082853	0.882	0.811	1.89970165067296e-12	P:r1@LAMC1	P:r1@LAMC1	r1@LAMC1	LAMC1	LAMC1	LAMC1	P	sig	beige	beige	day3	1.51976132053837e-11
t3	2.58767511306856e-17	0.707608614596773	0.192	0.097	1.94378391468371e-12	P:r1@RPL23AP74	P:r1@RPL23AP74	r1@RPL23AP74	RPL23AP74	RPL23AP74	RPL23AP74	P	sig	beige	beige	day1	1.55502713174697e-11
t6	2.59049667111144e-17	0.307022584343482	0.994	0.998	1.94590338443878e-12	P:r1@PSAP	P:r1@PSAP	r1@PSAP	PSAP	PSAP	PSAP	P	sig	beige	beige	day3	1.55672270755103e-11
t3	2.92300094337603e-17	0.517958375907598	0.316	0.191	2.19567061863577e-12	P:r1@GDF11	P:r1@GDF11	r1@GDF11	GDF11	GDF11	GDF11	P	sig	beige	beige	day1	1.75653649490862e-11
t3	3.01441125194355e-17	0.501710573987701	0.362	0.231	2.26433530012244e-12	P:r1@ADDG03047701380.F	P:r1@ADDG03047701380.F	r1@..380.F	..380.F	..380.F	ADDG03047701380.F	P	sig	beige	beige	day1	1.81146824009795e-11
t2	3.02905981423085e-17	0.252527408453677	0.838	0.785	2.27533886065579e-12	P:r1@TMBIM1	P:r1@TMBIM1	r1@TMBIM1	TMBIM1	TMBIM1	TMBIM1	P	sig	beige	beige	day3	1.82027108852463e-11
t3	3.08938599566393e-17	0.331464435883454	0.894	0.812	2.32065407836287e-12	D:r1@ADDG09134728802.R	D:r1@ADDG09134728802.R	r1@..802.R	..802.R	..802.R	ADDG09134728802.R	D	sig	beige	beige	day1	1.8565232626903e-11
t6	3.52517929659542e-17	0.313316200590737	1	0.999	2.64800893222358e-12	P:r1@ADDG0M000002705.F,r1@MT-ND1,r1@MT-TL1	P:r1@MT-ND1,r1@MT-TL1	r1@MT-ND1,TL1	MT-ND1	MT-ND1	MT-ND1,MT-TL1	P	sig	beige	beige	day3	2.11840714577886e-11
t0	3.64524876653964e-17	0.444313704774594	0.308	0.211	2.73820151596158e-12	P:r1@PER1	P:r1@PER1	r1@PER1	PER1	PER1	PER1	P	sig	beige	beige	day3	2.19056121276926e-11
t3	4.60882212920914e-17	0.351930194970681	0.657	0.491	3.46200891879803e-12	P:r1@POGLUT2	P:r1@POGLUT2	r1@POGLUT2	POGLUT2	POGLUT2	POGLUT2	P	sig	beige	beige	day1	2.76960713503842e-11
t0	5.23350242416798e-17	0.26747468505022	0.728	0.637	3.93125001596226e-12	P:r1@PFKL	P:r1@PFKL	r1@PFKL	PFKL	PFKL	PFKL	P	sig	beige	beige	day3	3.14500001276981e-11
t3	5.47284603619918e-17	0.297391213492579	0.71	0.551	4.11103775701174e-12	P:r1@ADDG0X154887227.B,r1@F8A1	P:r1@ADDG0X154887227.B,r1@F8A1	r1@..227.B,r1@F8A1	..227.B	..227.B	ADDG0X154887227.B,F8A1	P	sig	beige	beige	day1	3.28883020560939e-11
t3	5.57355560984834e-17	0.303855662516553	0.733	0.578	4.18668776744978e-12	D:r1@ADDG10075231326.R	D:r1@ADDG10075231326.R	r1@..326.R	..326.R	..326.R	ADDG10075231326.R	D	sig	beige	beige	day1	3.34935021395982e-11
t4	6.51384788371684e-17	0.450190513832106	0.712	0.593	4.89300711481158e-12	P:r1@EMILIN1	P:r1@EMILIN1	r1@EMILIN1	EMILIN1	EMILIN1	EMILIN1	P	sig	beige	beige	day3	3.91440569184926e-11
t3	6.73631626154568e-17	0.548898801870696	0.287	0.172	5.06011868618527e-12	D:r1@ADDG14066922810.B	D:r1@ADDG14066922810.B	r1@..810.B	..810.B	..810.B	ADDG14066922810.B	D	sig	beige	beige	day1	4.04809494894821e-11
t3	7.05061037154878e-17	0.436938347629465	0.327	0.199	5.2962069927963e-12	P:r1@LATS2	P:r1@LATS2	r1@LATS2	LATS2	LATS2	LATS2	P	sig	beige	beige	day1	4.23696559423704e-11
t0	7.14193509691907e-17	0.349314091174088	0.588	0.481	5.36480738675269e-12	P:r1@PTPRS	P:r1@PTPRS	r1@PTPRS	PTPRS	PTPRS	PTPRS	P	sig	beige	beige	day3	4.29184590940216e-11
t0	7.29155368174604e-17	0.271524541113026	0.855	0.779	5.47719637911717e-12	P:r1@MMP14	P:r1@MMP14	r1@MMP14	MMP14	MMP14	MMP14	P	sig	beige	beige	day3	4.38175710329374e-11
t2	8.97028730009968e-17	0.253089926389424	0.805	0.73	6.73821071121588e-12	P:r1@EPN1	P:r1@EPN1	r1@EPN1	EPN1	EPN1	EPN1	P	sig	beige	beige	day3	5.3905685689727e-11
t2	9.11839253871278e-17	0.271897532149188	0.72	0.642	6.84946292330488e-12	P:r2@APLP2	P:r2@APLP2	r2@APLP2	APLP2	r2@APLP2	APLP2	P	sig	beige	beige	day3	5.4795703386439e-11
t2	9.82352937232772e-17	0.33470228638221	0.683	0.609	7.37914055861141e-12	P:r1@DHCR7	P:r1@DHCR7	r1@DHCR7	DHCR7	DHCR7	DHCR7	P	sig	beige	beige	day3	5.90331244688913e-11
t6	1.11288407152005e-16	-0.869090692885408	0.292	0.544	8.35965128003715e-12	P:r2@RPS14	P:r2@RPS14	r2@RPS14	RPS14	r2@RPS14	RPS14	P	sig	white	white	day3	6.68772102402972e-11
t3	1.53838087490977e-16	0.64194517076464	0.246	0.141	1.15558556180597e-11	P:r1@FAM3C2	P:r1@FAM3C2	r1@FAM3C2	FAM3C2	FAM3C2	FAM3C2	P	sig	beige	beige	day1	9.24468449444777e-11
t0	1.5653787043508e-16	0.351540189109307	0.619	0.523	1.17586552134719e-11	P:r1@ZMIZ1	P:r1@ZMIZ1	r1@ZMIZ1	ZMIZ1	ZMIZ1	ZMIZ1	P	sig	beige	beige	day3	9.40692417077751e-11
t6	1.60553476547479e-16	0.43052481328124	0.967	0.96	1.2060295497817e-11	P:r1@NCL	P:r1@NCL	r1@NCL	NCL	NCL	NCL	P	sig	beige	beige	day3	9.6482363982536e-11
t2	1.67800604218996e-16	0.325331910322739	0.704	0.631	1.26046779871183e-11	P:r1@ADAMTS2	P:r1@ADAMTS2	r1@ADAMTS2	ADAMTS2	ADAMTS2	ADAMTS2	P	sig	beige	beige	day3	1.00837423896946e-10
t3	1.71627029151419e-16	0.334016382108258	0.619	0.444	1.28921075487671e-11	P:r1@GTF2H1	P:r1@GTF2H1	r1@GTF2H1	GTF2H1	GTF2H1	GTF2H1	P	sig	beige	beige	day1	1.03136860390137e-10
t3	1.84008527632902e-16	0.296458376738663	0.72	0.546	1.38221685702007e-11	P:r1@WDR45B	P:r1@WDR45B	r1@WDR45B	WDR45B	WDR45B	WDR45B	P	sig	beige	beige	day1	1.10577348561606e-10
t4	1.85429231637001e-16	-0.495844570765472	0.583	0.666	1.39288875928766e-11	P:r1@ADDG0M000005585.R	P:r1@ADDG0M000005585.R	r1@..585.R	..585.R	..585.R	ADDG0M000005585.R	P	sig	white	white	day3	1.11431100743013e-10
t3	2.02829105093302e-16	0.326013167603778	0.63	0.455	1.52359138872936e-11	P:r1@WIZ	P:r1@WIZ	r1@WIZ	WIZ	WIZ	WIZ	P	sig	beige	beige	day1	1.21887311098349e-10
t2	2.12988970184881e-16	0.335366575079165	0.678	0.608	1.59990924733777e-11	P:r1@COL4A2	P:r1@COL4A2	r1@COL4A2	COL4A2	COL4A2	COL4A2	P	sig	beige	beige	day3	1.27992739787021e-10
t3	2.19246587782667e-16	0.484223874522841	0.252	0.143	1.64691459344706e-11	P:r1@ANKRD13B	P:r1@ANKRD13B	r1@ANKRD13B	ANKRD13B	ANKRD13B	ANKRD13B	P	sig	beige	beige	day1	1.31753167475765e-10
t2	2.26376229374343e-16	0.349316953905332	0.576	0.49	1.70047032219125e-11	P:r1@KPNB1	P:r1@KPNB1	r1@KPNB1	KPNB1	KPNB1	KPNB1	P	sig	beige	beige	day3	1.360376257753e-10
t3	2.3951455357485e-16	0.586830428505829	0.208	0.112	1.7991614720882e-11	P:r1@ADDG01042278432.F	P:r1@ADDG01042278432.F	r1@..432.F	..432.F	..432.F	ADDG01042278432.F	P	sig	beige	beige	day1	1.43932917767056e-10
t3	2.47383370965622e-16	0.328858902505404	0.483	0.329	1.85826966768246e-11	P:r1@FBH1	P:r1@FBH1	r1@FBH1	FBH1	FBH1	FBH1	P	sig	beige	beige	day1	1.48661573414597e-10
t3	2.52827502308576e-16	0.299748490770618	0.78	0.642	1.89916434909133e-11	P:r1@SCARF2	P:r1@SCARF2	r1@SCARF2	SCARF2	SCARF2	SCARF2	P	sig	beige	beige	day1	1.51933147927306e-10
t2	2.97786303256992e-16	0.344093307979641	0.614	0.529	2.23688137417555e-11	P:r1@COL18A1	P:r1@COL18A1	r1@COL18A1	COL18A1	COL18A1	COL18A1	P	sig	beige	beige	day3	1.78950509934044e-10
t3	3.14059946929851e-16	0.259627259397338	0.855	0.719	2.35912410335296e-11	P:r1@RAD21,r1@MIR3610	P:r1@RAD21,r1@MIR3610	r1@RAD21,r1@MIR3610	RAD21	RAD21	RAD21,MIR3610	P	sig	beige	beige	day1	1.88729928268237e-10
t3	3.3013430553892e-16	0.326912407436044	0.725	0.589	2.47986986291671e-11	D:r1@ADDG01159918602.F	D:r1@ADDG01159918602.F	r1@..602.F	..602.F	..602.F	ADDG01159918602.F	D	sig	beige	beige	day1	1.98389589033337e-10
t3	4.02766036084494e-16	0.303012985931204	0.878	0.764	3.0254576332559e-11	P:r1@BRD4	P:r1@BRD4	r1@BRD4	BRD4	BRD4	BRD4	P	sig	beige	beige	day1	2.42036610660472e-10
t3	4.06292112231632e-16	0.450773611279462	0.315	0.193	3.05194445945035e-11	P:r1@USF2	P:r1@USF2	r1@USF2	USF2	USF2	USF2	P	sig	beige	beige	day1	2.44155556756028e-10
t2	4.06869149580805e-16	0.288775260446864	0.677	0.599	3.05627899090613e-11	P:r1@ADAM15	P:r1@ADAM15	r1@ADAM15	ADAM15	ADAM15	ADAM15	P	sig	beige	beige	day3	2.4450231927249e-10
t2	4.53543590028241e-16	0.296387609881642	0.701	0.633	3.40688338521514e-11	P:r1@SLIT3	P:r1@SLIT3	r1@SLIT3	SLIT3	SLIT3	SLIT3	P	sig	beige	beige	day3	2.72550670817211e-10
t3	4.62489737141206e-16	0.705415484595402	0.203	0.109	3.47408415848359e-11	D:r1@ADDG01116393629.R	D:r1@ADDG01116393629.R	r1@..629.R	..629.R	..629.R	ADDG01116393629.R	D	sig	beige	beige	day1	2.77926732678688e-10
t3	4.75297803453796e-16	0.58731481203675	0.227	0.127	3.57029451020388e-11	P:r1@AC007318.1	P:r1@AC007318.1	r1@AC007318.1	AC007318.1	AC007318.1	AC007318.1	P	sig	beige	beige	day1	2.85623560816311e-10
t3	5.00149505382392e-16	0.307299980739129	0.63	0.462	3.75697303958091e-11	P:r1@AP2A2	P:r1@AP2A2	r1@AP2A2	AP2A2	AP2A2	AP2A2	P	sig	beige	beige	day1	3.00557843166473e-10
t3	5.17884024329972e-16	0.759742490830082	0.158	0.076	3.89018942555945e-11	P:r1@DLG4	P:r1@DLG4	r1@DLG4	DLG4	DLG4	DLG4	P	sig	beige	beige	day1	3.11215154044756e-10
t2	5.18260664998842e-16	0.32417479826368	0.519	0.424	3.8930186372718e-11	P:r1@NFIX	P:r1@NFIX	r1@NFIX	NFIX	NFIX	NFIX	P	sig	beige	beige	day3	3.11441490981744e-10
t2	5.49721535789711e-16	0.326774219855502	0.599	0.513	4.12934326039157e-11	P:r1@ENG	P:r1@ENG	r1@ENG	ENG	ENG	ENG	P	sig	beige	beige	day3	3.30347460831326e-10
t3	5.82811496380112e-16	0.43335186885178	0.358	0.232	4.37790511735849e-11	D:r1@ADDG0X120558661.B	D:r1@ADDG0X120558661.B	r1@..661.B	..661.B	..661.B	ADDG0X120558661.B	D	sig	beige	beige	day1	3.50232409388679e-10
t3	5.85149908660762e-16	0.406408221726152	0.433	0.292	4.39547056888705e-11	P:r1@DUXAP9	P:r1@DUXAP9	r1@DUXAP9	DUXAP9	DUXAP9	DUXAP9	P	sig	beige	beige	day1	3.51637645510964e-10
t8	5.89595761157906e-16	0.745276670972543	1	0.923	4.42886647908984e-11	P:r1@RPS3AP26	P:r1@RPS3AP26	r1@RPS3AP26	RPS3AP26	RPS3AP26	RPS3AP26	P	sig	beige	beige	day1	3.54309318327188e-10
t3	6.33801612797531e-16	0.60593401619724	0.229	0.129	4.76092757485121e-11	P:r1@ADDG0M000008310.R	P:r1@ADDG0M000008310.R	r1@..310.R	..310.R	..310.R	ADDG0M000008310.R	P	sig	beige	beige	day1	3.80874205988097e-10
t2	7.10443019831394e-16	0.379875744031758	0.591	0.514	5.33663483206748e-11	P:r1@ZBTB16	P:r1@ZBTB16	r1@ZBTB16	ZBTB16	ZBTB16	ZBTB16	P	sig	beige	beige	day3	4.26930786565398e-10
t2	7.13567693183352e-16	0.259116997457458	0.706	0.623	5.36010644088538e-11	P:r1@HSF1	P:r1@HSF1	r1@HSF1	HSF1	HSF1	HSF1	P	sig	beige	beige	day3	4.28808515270831e-10
t2	7.43962793004553e-16	0.374921097267519	0.515	0.427	5.5884253122123e-11	P:r1@PC	P:r1@PC	r1@PC	PC	PC	PC	P	sig	beige	beige	day3	4.47074024976984e-10
t2	8.34030939709713e-16	0.363850581785666	0.476	0.381	6.26499020981745e-11	P:r1@COL16A1	P:r1@COL16A1	r1@COL16A1	COL16A1	COL16A1	COL16A1	P	sig	beige	beige	day3	5.01199216785396e-10
t3	8.54297636655446e-16	0.428321921354884	0.485	0.346	6.41722755726471e-11	P:r1@ADDG14075117314.F	P:r1@ADDG14075117314.F	r1@..314.F	..314.F	..314.F	ADDG14075117314.F	P	sig	beige	beige	day1	5.13378204581177e-10
t2	9.45653537601899e-16	0.417345527407568	0.422	0.331	7.10346567840419e-11	P:r1@PTBP1	P:r1@PTBP1	r1@PTBP1	PTBP1	PTBP1	PTBP1	P	sig	beige	beige	day3	5.68277254272335e-10
t3	9.54581401355828e-16	0.312330424343337	0.614	0.445	7.17052911256457e-11	P:r1@COG8	P:r1@COG8	r1@COG8	COG8	COG8	COG8	P	sig	beige	beige	day1	5.73642329005166e-10
t3	9.64378016776286e-16	0.45351041753656	0.335	0.209	7.24411834861843e-11	P:r1@MEX3D	P:r1@MEX3D	r1@MEX3D	MEX3D	MEX3D	MEX3D	P	sig	beige	beige	day1	5.79529467889474e-10
t3	1.02914015006572e-15	0.552475837013856	0.245	0.139	7.7305920652487e-11	P:r1@ADDG0M000012319.R	P:r1@ADDG0M000012319.R	r1@..319.R	..319.R	..319.R	ADDG0M000012319.R	P	sig	beige	beige	day1	6.18447365219896e-10
t3	1.04589082446112e-15	0.48185711704049	0.327	0.204	7.85641810610458e-11	P:r1@PRKCA	P:r1@PRKCA	r1@PRKCA	PRKCA	PRKCA	PRKCA	P	sig	beige	beige	day1	6.28513448488366e-10
t3	1.04941329676761e-15	0.340608842176001	0.435	0.289	7.88287786132923e-11	D:r1@ADDG17048862911.R	D:r1@ADDG17048862911.R	r1@..911.R	..911.R	..911.R	ADDG17048862911.R	D	sig	beige	beige	day1	6.30630228906339e-10
t2	1.3126388977807e-15	0.30250473805497	0.774	0.74	9.86014960845928e-11	P:r1@COL5A1	P:r1@COL5A1	r1@COL5A1	COL5A1	COL5A1	COL5A1	P	sig	beige	beige	day3	7.88811968676742e-10
t2	1.3358556710677e-15	0.288588517674956	0.75	0.68	1.00345470443592e-10	P:r1@PXDN	P:r1@PXDN	r1@PXDN	PXDN	PXDN	PXDN	P	sig	beige	beige	day3	8.02763763548739e-10
t3	1.37270980225218e-15	0.305028404515927	0.629	0.469	1.03113842215777e-10	P:r1@TASOR	P:r1@TASOR	r1@TASOR	TASOR	TASOR	TASOR	P	sig	beige	beige	day1	8.24910737726214e-10
t6	1.448308451224e-15	0.572875012392248	0.95	0.94	1.08792585930593e-10	P:r1@FP671120.6	P:r1@FP671120.6	r1@FP671120.6	FP671120.6	FP671120.6	FP671120.6	P	sig	beige	beige	day3	8.70340687444748e-10
t0	1.4558448123314e-15	0.319381176155841	0.669	0.569	1.09358694767898e-10	P:r1@SHC1	P:r1@SHC1	r1@SHC1	SHC1	SHC1	SHC1	P	sig	beige	beige	day3	8.74869558143183e-10
t3	1.66504228320519e-15	0.501978792541402	0.407	0.287	1.25072981187525e-10	D:r1@ADDG02027070577.F	D:r1@ADDG02027070577.F	r1@..577.F	..577.F	..577.F	ADDG02027070577.F	D	sig	beige	beige	day1	1.0005838495002e-09
t4	1.68777727416922e-15	0.571221578406932	0.444	0.323	1.26780765503769e-10	P:r1@PLXND1	P:r1@PLXND1	r1@PLXND1	PLXND1	PLXND1	PLXND1	P	sig	beige	beige	day3	1.01424612403016e-09
t3	1.77167136592056e-15	0.260267528594401	0.86	0.754	1.33082637993855e-10	P:r1@LTBP3	P:r1@LTBP3	r1@LTBP3	LTBP3	LTBP3	LTBP3	P	sig	beige	beige	day1	1.06466110395084e-09
t2	1.81695490374942e-15	-0.424707863551359	0.549	0.617	1.36484201504945e-10	P:r1@RBP4	P:r1@RBP4	r1@RBP4	RBP4	RBP4	RBP4	P	sig	white	white	day3	1.09187361203956e-09
t3	1.81925599459934e-15	0.281175767673309	0.835	0.72	1.36657052546318e-10	D:r1@ADDG09105389631.B	D:r1@ADDG09105389631.B	r1@..631.B	..631.B	..631.B	ADDG09105389631.B	D	sig	beige	beige	day1	1.09325642037055e-09
t3	1.8511945926966e-15	0.464915062704894	0.338	0.216	1.3905618421959e-10	P:r1@POT1	P:r1@POT1	r1@POT1	POT1	POT1	POT1	P	sig	beige	beige	day1	1.11244947375672e-09
t2	1.92885374473805e-15	0.452030331404446	0.476	0.397	1.44889706743488e-10	D:r1@ADDG09134728802.R	D:r1@ADDG09134728802.R	r1@..802.R	..802.R	..802.R	ADDG09134728802.R	D	sig	beige	beige	day3	1.1591176539479e-09
t3	1.93173358123666e-15	0.453324472983976	0.306	0.191	1.45106031421754e-10	P:r1@DUXAP10	P:r1@DUXAP10	r1@DUXAP10	DUXAP10	DUXAP10	DUXAP10	P	sig	beige	beige	day1	1.16084825137403e-09
t2	1.94417780547786e-15	0.34748132613402	0.593	0.516	1.4604080421408e-10	P:r1@ANGPTL2	P:r1@ANGPTL2	r1@ANGPTL2	ANGPTL2	ANGPTL2	ANGPTL2	P	sig	beige	beige	day3	1.16832643371264e-09
t3	2.21700719425066e-15	0.358054304784968	0.585	0.436	1.66534929410527e-10	D:r1@ADDG20050082833.B	D:r1@ADDG20050082833.B	r1@..833.B	..833.B	..833.B	ADDG20050082833.B	D	sig	beige	beige	day1	1.33227943528422e-09
t3	2.28905814627597e-15	0.402777312284093	0.357	0.227	1.71947180773812e-10	P:r1@ACADSB	P:r1@ACADSB	r1@ACADSB	ACADSB	ACADSB	ACADSB	P	sig	beige	beige	day1	1.3755774461905e-09
t3	2.52670910741955e-15	0.713051994421557	0.165	0.084	1.89798808022034e-10	P:r1@AC099560.2	P:r1@AC099560.2	r1@AC099560.2	AC099560.2	AC099560.2	AC099560.2	P	sig	beige	beige	day1	1.51839046417627e-09
t3	2.53668878213267e-15	0.288845245983396	0.735	0.593	1.9054845124746e-10	P:r1@UBA1	P:r1@UBA1	r1@UBA1	UBA1	UBA1	UBA1	P	sig	beige	beige	day1	1.52438760997968e-09
t3	2.8829844511679e-15	0.346327044877795	0.576	0.424	2.16561143018379e-10	P:r1@WASH7P	P:r1@WASH7P	r1@WASH7P	WASH7P	WASH7P	WASH7P	P	sig	beige	beige	day1	1.73248914414704e-09
t6	3.13023931691357e-15	-1.13800540930349	0.156	0.356	2.35134186768596e-10	P:r3@RPS14	P:r3@RPS14	r3@RPS14	RPS14	r3@RPS14	RPS14	P	sig	white	white	day3	1.88107349414877e-09
t3	3.22131546588318e-15	0.755574912744531	0.146	0.07	2.41975553850747e-10	P:r1@AC010468.1	P:r1@AC010468.1	r1@AC010468.1	AC010468.1	AC010468.1	AC010468.1	P	sig	beige	beige	day1	1.93580443080597e-09
t0	3.24750196795552e-15	0.33638111563687	0.421	0.32	2.43942605326915e-10	P:r1@PTK7	P:r1@PTK7	r1@PTK7	PTK7	PTK7	PTK7	P	sig	beige	beige	day3	1.95154084261532e-09
t3	3.46063322013117e-15	0.533231955045044	0.212	0.117	2.59952385596593e-10	P:r1@CU633967.1	P:r1@CU633967.1	r1@CU633967.1	CU633967.1	CU633967.1	CU633967.1	P	sig	beige	beige	day1	2.07961908477274e-09
t2	3.56038577523258e-15	0.451519865717413	0.49	0.398	2.67445498278145e-10	P:r1@TNKS1BP1	P:r1@TNKS1BP1	r1@TNKS1BP1	TNKS1BP1	TNKS1BP1	TNKS1BP1	P	sig	beige	beige	day3	2.13956398622516e-09
t3	3.6069228143024e-15	0.35537779059725	0.485	0.332	2.70941221041953e-10	P:r1@CTDSP1	P:r1@CTDSP1	r1@CTDSP1	CTDSP1	CTDSP1	CTDSP1	P	sig	beige	beige	day1	2.16752976833563e-09
t2	3.78329301951702e-15	0.305516739724108	0.621	0.537	2.8418962174706e-10	P:r1@SH3GL1	P:r1@SH3GL1	r1@SH3GL1	SH3GL1	SH3GL1	SH3GL1	P	sig	beige	beige	day3	2.27351697397648e-09
t3	3.80463161224063e-15	0.365003643946254	0.477	0.333	2.85792512816679e-10	P:r1@DHX40	P:r1@DHX40	r1@DHX40	DHX40	DHX40	DHX40	P	sig	beige	beige	day1	2.28634010253343e-09
t3	4.56084968399063e-15	0.612367762412445	0.224	0.129	3.42597345712324e-10	P:r1@ADDG03179618488.R	P:r1@ADDG03179618488.R	r1@..488.R	..488.R	..488.R	ADDG03179618488.R	P	sig	beige	beige	day1	2.74077876569859e-09
t3	5.49178651972179e-15	0.532687323596467	0.366	0.242	4.12526528001942e-10	P:r1@RMRP,r1@RMRP.2	P:r1@RMRP,r1@RMRP.2	r1@RMRP,r1@RMRP.2	RMRP	RMRP	RMRP,RMRP.2	P	sig	beige	beige	day1	3.30021222401553e-09
t3	5.95596223843064e-15	0.391796078514565	0.415	0.282	4.47394015464194e-10	P:r1@ADDG17081868764.F	P:r1@ADDG17081868764.F	r1@..764.F	..764.F	..764.F	ADDG17081868764.F	P	sig	beige	beige	day1	3.57915212371356e-09
t4	5.99557256626407e-15	0.619416965983595	0.338	0.221	4.50369424460058e-10	D:r1@ADDG12057162502.B	D:r1@ADDG12057162502.B	r1@..502.B	..502.B	..502.B	ADDG12057162502.B	D	sig	beige	beige	day3	3.60295539568046e-09
t2	6.45166760877136e-15	0.421494932950853	0.454	0.371	4.84629915768079e-10	P:r1@ESYT1	P:r1@ESYT1	r1@ESYT1	ESYT1	ESYT1	ESYT1	P	sig	beige	beige	day3	3.87703932614463e-09
t0	6.50922904702347e-15	0.364287363139364	0.543	0.449	4.88953758325262e-10	P:r1@MRC2	P:r1@MRC2	r1@MRC2	MRC2	MRC2	MRC2	P	sig	beige	beige	day3	3.9116300666021e-09
t4	6.77512177704615e-15	0.284840903822566	0.89	0.829	5.08926822526376e-10	P:r1@NID1	P:r1@NID1	r1@NID1	NID1	NID1	NID1	P	sig	beige	beige	day3	4.07141458021101e-09
t3	7.41950555722791e-15	0.529353618723207	0.241	0.14	5.57330998942289e-10	P:r1@AC135983.2	P:r1@AC135983.2	r1@AC135983.2	AC135983.2	AC135983.2	AC135983.2	P	sig	beige	beige	day1	4.45864799153831e-09
t3	8.21426549593129e-15	0.271908047120343	0.655	0.487	6.1703098125787e-10	P:r1@QRICH1	P:r1@QRICH1	r1@QRICH1	QRICH1	QRICH1	QRICH1	P	sig	beige	beige	day1	4.93624785006296e-09
t3	8.25892366599914e-15	0.370930349097975	0.598	0.449	6.20385569018857e-10	P:r1@TMEM132A	P:r1@TMEM132A	r1@TMEM132A	TMEM132A	TMEM132A	TMEM132A	P	sig	beige	beige	day1	4.96308455215086e-09
t3	8.81816269179211e-15	0.311732339787051	0.657	0.486	6.62393926919348e-10	P:r1@BTBD2	P:r1@BTBD2	r1@BTBD2	BTBD2	BTBD2	BTBD2	P	sig	beige	beige	day1	5.29915141535478e-09
t3	9.43466746705202e-15	0.359266300290984	0.451	0.304	7.08703916122547e-10	P:r1@DCP1B	P:r1@DCP1B	r1@DCP1B	DCP1B	DCP1B	DCP1B	P	sig	beige	beige	day1	5.66963132898037e-09
t3	1.09737033687912e-14	0.280187359927606	0.616	0.458	8.24311675953487e-10	P:r1@ADDG10097715251.R	P:r1@ADDG10097715251.R	r1@..251.R	..251.R	..251.R	ADDG10097715251.R	P	sig	beige	beige	day1	6.5944934076279e-09
t6	1.13615587229531e-14	0.302674946007596	0.989	0.991	8.53446206592067e-10	P:r1@YBX1	P:r1@YBX1	r1@YBX1	YBX1	YBX1	YBX1	P	sig	beige	beige	day3	6.82756965273653e-09
t0	1.2131575713069e-14	0.343587098169966	0.64	0.549	9.11287572838606e-10	P:r1@COL18A1	P:r1@COL18A1	r1@COL18A1	COL18A1	COL18A1	COL18A1	P	sig	beige	beige	day3	7.29030058270885e-09
t3	1.28953797819664e-14	0.435288806581719	0.3	0.187	9.68662243081968e-10	D:r1@ADDG14060093366.R	D:r1@ADDG14060093366.R	r1@..366.R	..366.R	..366.R	ADDG14060093366.R	D	sig	beige	beige	day1	7.74929794465574e-09
t3	1.35160118139315e-14	0.268184516843012	0.767	0.611	1.01528225942709e-09	P:r1@SERF1B	P:r1@SERF1B	r1@SERF1B	SERF1B	SERF1B	SERF1B	P	sig	beige	beige	day1	8.12225807541675e-09
t8	1.35228543188592e-14	0.713472207549056	0.975	0.987	1.01579624786975e-09	D:r1@ADDG06089721148.F	D:r1@ADDG06089721148.F	r1@..148.F	..148.F	..148.F	ADDG06089721148.F	D	sig	beige	beige	day1	8.12636998295799e-09
t3	1.35905693873961e-14	0.377319711922448	0.33	0.21	1.02088280067303e-09	P:r1@SIRT6	P:r1@SIRT6	r1@SIRT6	SIRT6	SIRT6	SIRT6	P	sig	beige	beige	day1	8.16706240538425e-09
t6	1.51920312750645e-14	0.449420634539843	0.941	0.885	1.14117981328902e-09	P:r1@FASN	P:r1@FASN	r1@FASN	FASN	FASN	FASN	P	sig	beige	beige	day3	9.12943850631216e-09
t0	1.6163167713765e-14	0.358150628692049	0.473	0.379	1.21412866915488e-09	P:r1@TNKS1BP1	P:r1@TNKS1BP1	r1@TNKS1BP1	TNKS1BP1	TNKS1BP1	TNKS1BP1	P	sig	beige	beige	day3	9.71302935323905e-09
t3	1.6277281072962e-14	0.310676043909417	0.539	0.39	1.22270052235769e-09	P:r1@SAMD1	P:r1@SAMD1	r1@SAMD1	SAMD1	SAMD1	SAMD1	P	sig	beige	beige	day1	9.78160417886149e-09
t8	1.73280894896685e-14	0.668682063299629	1	0.974	1.30163409819543e-09	P:r1@AL450405.1	P:r1@AL450405.1	r1@AL450405.1	AL450405.1	AL450405.1	AL450405.1	P	sig	beige	beige	day1	1.04130727855634e-08
t3	1.7648035220873e-14	0.398896742986888	0.302	0.188	1.32566746168632e-09	P:r1@WBP1L	P:r1@WBP1L	r1@WBP1L	WBP1L	WBP1L	WBP1L	P	sig	beige	beige	day1	1.06053396934906e-08
t0	1.90432562635497e-14	0.500600062354027	0.224	0.148	1.43047228074906e-09	P:r1@OSBPL5	P:r1@OSBPL5	r1@OSBPL5	OSBPL5	OSBPL5	OSBPL5	P	sig	beige	beige	day3	1.14437782459925e-08
t3	1.99098467001019e-14	0.350813036981356	0.4	0.266	1.49556795457156e-09	P:r1@GIT1	P:r1@GIT1	r1@GIT1	GIT1	GIT1	GIT1	P	sig	beige	beige	day1	1.19645436365725e-08
t3	2.02125244221878e-14	0.313870118663967	0.434	0.291	1.51830419702148e-09	P:r1@PEX6	P:r1@PEX6	r1@PEX6	PEX6	PEX6	PEX6	P	sig	beige	beige	day1	1.21464335761718e-08
t2	2.28138747292742e-14	0.351885469907813	0.528	0.452	1.71370982803889e-09	P:r1@FLNA	P:r1@FLNA	r1@FLNA	FLNA	FLNA	FLNA	P	sig	beige	beige	day3	1.37096786243111e-08
t3	2.69247688165443e-14	0.403195612332572	0.363	0.237	2.02250785919236e-09	D:r1@ADDG01110041817.R	D:r1@ADDG01110041817.R	r1@..817.R	..817.R	..817.R	ADDG01110041817.R	D	sig	beige	beige	day1	1.61800628735389e-08
t3	2.8021779299492e-14	0.300631676162368	0.803	0.667	2.10491199563994e-09	P:r1@EVL	P:r1@EVL	r1@EVL	EVL	EVL	EVL	P	sig	beige	beige	day1	1.68392959651195e-08
t0	2.87880384596287e-14	0.38725976218036	0.398	0.301	2.16247108497193e-09	P:r1@PTBP1	P:r1@PTBP1	r1@PTBP1	PTBP1	PTBP1	PTBP1	P	sig	beige	beige	day3	1.72997686797754e-08
t4	2.91850295308137e-14	-1.42720088913299	0.08	0.155	2.19229186326613e-09	P:r1@AL669831.3	P:r1@AL669831.3	r1@AL669831.3	AL669831.3	AL669831.3	AL669831.3	P	sig	white	white	day3	1.75383349061291e-08
t5	2.91914941811138e-14	-0.946012447975428	0.212	0.324	2.19277746840273e-09	P:r1@ADDG19055388330.R	P:r1@ADDG19055388330.R	r1@..330.R	..330.R	..330.R	ADDG19055388330.R	P	sig	white	white	day3	1.75422197472218e-08
t3	2.9355688333426e-14	0.536928903500799	0.204	0.113	2.20511124054196e-09	D:r1@ADDG14099502989.R	D:r1@ADDG14099502989.R	r1@..989.R	..989.R	..989.R	ADDG14099502989.R	D	sig	beige	beige	day1	1.76408899243357e-08
t3	3.26758020943599e-14	0.331124911105829	0.519	0.368	2.45450822592203e-09	D:r1@ADDG0X101625534.R	D:r1@ADDG0X101625534.R	r1@..534.R	..534.R	..534.R	ADDG0X101625534.R	D	sig	beige	beige	day1	1.96360658073763e-08
t4	3.30854856567889e-14	0.334709018188175	0.91	0.863	2.48528242608101e-09	P:r1@COL6A3	P:r1@COL6A3	r1@COL6A3	COL6A3	COL6A3	COL6A3	P	sig	beige	beige	day3	1.98822594086481e-08
t2	3.56564954833182e-14	0.380311975124183	0.409	0.321	2.67840897122041e-09	P:r1@CNP	P:r1@CNP	r1@CNP	CNP	CNP	CNP	P	sig	beige	beige	day3	2.14272717697633e-08
t6	3.59019486537025e-14	-0.678147339353386	0.275	0.51	2.69684667702017e-09	D:r1@ADDG06073517926.B	D:r1@ADDG06073517926.B	r1@..926.B	..926.B	..926.B	ADDG06073517926.B	D	sig	white	white	day3	2.15747734161614e-08
t3	3.60362402134802e-14	0.356425230040976	0.443	0.304	2.70693425611599e-09	P:r1@FGFRL1	P:r1@FGFRL1	r1@FGFRL1	FGFRL1	FGFRL1	FGFRL1	P	sig	beige	beige	day1	2.16554740489279e-08
t3	3.63165139798387e-14	0.479029093964863	0.267	0.164	2.72798758062355e-09	D:r1@ADDG01007780120.R	D:r1@ADDG01007780120.R	r1@..120.R	..120.R	..120.R	ADDG01007780120.R	D	sig	beige	beige	day1	2.18239006449884e-08
t3	3.64760693382562e-14	-0.294138251434171	0.894	0.885	2.73997290048179e-09	D:r1@ADDG11065439683.F	D:r1@ADDG11065439683.F	r1@..683.F	..683.F	..683.F	ADDG11065439683.F	D	sig	white	white	day1	2.19197832038543e-08
t3	3.64890164494165e-14	0.422551284189467	0.333	0.211	2.74094544863082e-09	P:r1@GRK2	P:r1@GRK2	r1@GRK2	GRK2	GRK2	GRK2	P	sig	beige	beige	day1	2.19275635890465e-08
t0	3.76351366843422e-14	0.45960889385718	0.239	0.161	2.82703856231774e-09	P:r1@DAG1	P:r1@DAG1	r1@DAG1	DAG1	DAG1	DAG1	P	sig	beige	beige	day3	2.26163084985419e-08
t3	3.9417539792436e-14	0.304461387230136	0.741	0.587	2.96092733658842e-09	P:r1@EPS15	P:r1@EPS15	r1@EPS15	EPS15	EPS15	EPS15	P	sig	beige	beige	day1	2.36874186927073e-08
t3	4.68020252808587e-14	0.664672093599021	0.152	0.076	3.51562773302227e-09	D:r1@ADDG12121346283.F	D:r1@ADDG12121346283.F	r1@..283.F	..283.F	..283.F	ADDG12121346283.F	D	sig	beige	beige	day1	2.81250218641781e-08
t0	5.42285086530361e-14	0.47154264191955	0.263	0.185	4.07348288449011e-09	P:r1@TTYH3	P:r1@TTYH3	r1@TTYH3	TTYH3	TTYH3	TTYH3	P	sig	beige	beige	day3	3.25878630759209e-08
t3	5.8927182439188e-14	0.343514978146576	0.321	0.202	4.42643316328449e-09	P:r1@ACSS2	P:r1@ACSS2	r1@ACSS2	ACSS2	ACSS2	ACSS2	P	sig	beige	beige	day1	3.54114653062759e-08
t6	5.89993762029812e-14	-0.913154456233572	0.214	0.432	4.43185614223934e-09	D:r1@ADDG05151662621.R	D:r1@ADDG05151662621.R	r1@..621.R	..621.R	..621.R	ADDG05151662621.R	D	sig	white	white	day3	3.54548491379147e-08
t4	6.09973425643721e-14	0.334395873736193	0.998	0.999	4.58193738140794e-09	D:r1@ADDG21008988652.B	D:r1@ADDG21008988652.B	r1@..652.B	..652.B	..652.B	ADDG21008988652.B	D	sig	beige	beige	day3	3.66554990512635e-08
t3	6.17755038013717e-14	0.352384611357907	0.555	0.402	4.64039051904764e-09	P:r1@KAT2A	P:r1@KAT2A	r1@KAT2A	KAT2A	KAT2A	KAT2A	P	sig	beige	beige	day1	3.71231241523811e-08
t3	6.79682441606622e-14	0.41024207536773	0.281	0.173	5.10557059661646e-09	P:r1@GBA2	P:r1@GBA2	r1@GBA2	GBA2	GBA2	GBA2	P	sig	beige	beige	day1	4.08445647729317e-08
t6	7.02447375630853e-14	-0.39528480719422	0.846	0.954	5.27657395152628e-09	P:r1@VKORC1,r1@AC135050.2	P:r1@VKORC1,r1@AC135050.2	r1@VKORC1,r1@AC135050.2	VKORC1	VKORC1	VKORC1,AC135050.2	P	sig	white	white	day3	4.22125916122102e-08
t3	7.50384430727863e-14	0.338884997149151	0.49	0.338	5.63666272829849e-09	P:r1@STRN4	P:r1@STRN4	r1@STRN4	STRN4	STRN4	STRN4	P	sig	beige	beige	day1	4.50933018263879e-08
t3	7.50609678747284e-14	0.383618442903472	0.323	0.207	5.63835472384597e-09	P:r1@GPBP1L1	P:r1@GPBP1L1	r1@GPBP1L1	GPBP1L1	GPBP1L1	GPBP1L1	P	sig	beige	beige	day1	4.51068377907678e-08
t3	7.61355097548674e-14	0.292398137177622	0.541	0.39	5.71907108625637e-09	P:r1@RBM14,r1@RBM14-RBM4	P:r1@RBM14,r1@RBM14-RBM4	r1@RBM14,r1@RBM14-RBM4	RBM14	RBM14	RBM14,RBM14-RBM4	P	sig	beige	beige	day1	4.5752568690051e-08
t2	7.9333160413103e-14	0.318367434276495	0.953	0.953	5.95926901075106e-09	P:r1@COL1A1	P:r1@COL1A1	r1@COL1A1	COL1A1	COL1A1	COL1A1	P	sig	beige	beige	day3	4.76741520860084e-08
t3	7.95083291345587e-14	0.324760619855887	0.446	0.311	5.97242715960064e-09	P:r1@BRAP	P:r1@BRAP	r1@BRAP	BRAP	BRAP	BRAP	P	sig	beige	beige	day1	4.77794172768051e-08
t3	8.09387259474393e-14	0.440844760129711	0.262	0.159	6.0798742769938e-09	D:r1@ADDG04002513803.R	D:r1@ADDG04002513803.R	r1@..803.R	..803.R	..803.R	ADDG04002513803.R	D	sig	beige	beige	day1	4.86389942159504e-08
t3	8.22131495632974e-14	0.268821143407495	0.693	0.527	6.17560515574621e-09	P:r1@ZNF460	P:r1@ZNF460	r1@ZNF460	ZNF460	ZNF460	ZNF460	P	sig	beige	beige	day1	4.94048412459697e-08
t3	8.66768717447117e-14	0.259208777292102	0.616	0.444	6.51090657484751e-09	P:r1@PMS2	P:r1@PMS2	r1@PMS2	PMS2	PMS2	PMS2	P	sig	beige	beige	day1	5.208725259878e-08
t3	8.95013314386741e-14	0.614657303207577	0.145	0.072	6.72307151367888e-09	P:r1@AC097658.1	P:r1@AC097658.1	r1@AC097658.1	AC097658.1	AC097658.1	AC097658.1	P	sig	beige	beige	day1	5.37845721094311e-08
t6	9.05605415164156e-14	-0.480374622677594	0.738	0.906	6.80263619708859e-09	P:r1@SNORD48,r1@SNHG32	P:r1@SNORD48,r1@SNHG32	r1@SNORD48,r1@SNHG32	SNORD48	SNORD48	SNORD48,SNHG32	P	sig	white	white	day3	5.44210895767087e-08
t4	9.59564628390861e-14	0.71155054151136	0.214	0.121	7.20796161908363e-09	P:r1@SBF1	P:r1@SBF1	r1@SBF1	SBF1	SBF1	SBF1	P	sig	beige	beige	day3	5.76636929526691e-08
t2	1.04778221793196e-13	0.339648695856432	0.421	0.331	7.87062568643952e-09	P:r1@SCAP	P:r1@SCAP	r1@SCAP	SCAP	SCAP	SCAP	P	sig	beige	beige	day3	6.29650054915161e-08
t3	1.07709168888915e-13	0.349286862083091	0.409	0.28	8.09078963942865e-09	P:r1@ADCY3	P:r1@ADCY3	r1@ADCY3	ADCY3	ADCY3	ADCY3	P	sig	beige	beige	day1	6.47263171154292e-08
t3	1.15702927424293e-13	0.722708208674001	0.142	0.07	8.69125679933058e-09	D:r1@ADDG07128865503.R	D:r1@ADDG07128865503.R	r1@..503.R	..503.R	..503.R	ADDG07128865503.R	D	sig	beige	beige	day1	6.95300543946447e-08
t0	1.17477276507706e-13	0.419684245445994	0.338	0.254	8.82454057942936e-09	D:r1@ADDG01235990309.R	D:r1@ADDG01235990309.R	r1@..309.R	..309.R	..309.R	ADDG01235990309.R	D	sig	beige	beige	day3	7.05963246354349e-08
t3	1.17643262414627e-13	0.36767823947532	0.204	0.116	8.83700894279953e-09	P:r1@RNA5-8SN1	P:r1@RNA5-8SN1	r1@RNA5-8SN1	RNA5-8SN1	RNA5-8SN1	RNA5-8SN1	P	sig	beige	beige	day1	7.06960715423963e-08
t3	1.25098124092561e-13	0.696523491135493	0.173	0.094	9.3969957874609e-09	D:r1@ADDG16056467240.R	D:r1@ADDG16056467240.R	r1@..240.R	..240.R	..240.R	ADDG16056467240.R	D	sig	beige	beige	day1	7.51759662996872e-08
t2	1.30173527402982e-13	0.297203381492611	0.625	0.551	9.77824485792982e-09	P:r1@MGAT1	P:r1@MGAT1	r1@MGAT1	MGAT1	MGAT1	MGAT1	P	sig	beige	beige	day3	7.82259588634386e-08
t6	1.43659815864264e-13	0.587780591852677	0.805	0.772	1.07912943882759e-08	P:r1@ACLY	P:r1@ACLY	r1@ACLY	ACLY	ACLY	ACLY	P	sig	beige	beige	day3	8.63303551062073e-08
t4	1.43888089049849e-13	-0.328554467963851	0.993	0.995	1.08084415851575e-08	P:r1@ADDG0M000002705.F,r1@MT-ND1,r1@MT-TL1	P:r1@MT-ND1,r1@MT-TL1	r1@MT-ND1,TL1	MT-ND1	MT-ND1	MT-ND1,MT-TL1	P	sig	white	white	day3	8.64675326812598e-08
t8	1.4617677649036e-13	1.29161490536856	0.81	0.394	1.09803609196264e-08	P:r1@AC008038.1	P:r1@AC008038.1	r1@AC008038.1	AC008038.1	AC008038.1	AC008038.1	P	sig	beige	beige	day1	8.7842887357011e-08
t3	1.49558797163487e-13	0.400424936074694	0.327	0.21	1.12344081665296e-08	D:r1@ADDG07102283282.B	D:r1@ADDG07102283282.B	r1@..282.B	..282.B	..282.B	ADDG07102283282.B	D	sig	beige	beige	day1	8.9875265332237e-08
t3	1.51995585854849e-13	0.351142754021221	0.558	0.427	1.14174524226587e-08	P:r1@POFUT1	P:r1@POFUT1	r1@POFUT1	POFUT1	POFUT1	POFUT1	P	sig	beige	beige	day1	9.13396193812694e-08
t2	1.72836965044446e-13	0.296759581037844	0.701	0.641	1.29829943032437e-08	D:r1@ADDG10103662286.B	D:r1@ADDG10103662286.B	r1@..286.B	..286.B	..286.B	ADDG10103662286.B	D	sig	beige	beige	day3	1.03863954425949e-07
t0	1.75192737160507e-13	0.612127468633257	0.16	0.1	1.31599528372858e-08	P:r1@EPHB4	P:r1@EPHB4	r1@EPHB4	EPHB4	EPHB4	EPHB4	P	sig	beige	beige	day3	1.05279622698286e-07
t3	1.75818178777533e-13	0.70392482175317	0.139	0.069	1.3206934135232e-08	P:r1@ARL17B	P:r1@ARL17B	r1@ARL17B	ARL17B	ARL17B	ARL17B	P	sig	beige	beige	day1	1.05655473081856e-07
t3	1.86111520104232e-13	0.274605005816157	0.721	0.567	1.39801390556696e-08	P:r1@RAB5B	P:r1@RAB5B	r1@RAB5B	RAB5B	RAB5B	RAB5B	P	sig	beige	beige	day1	1.11841112445357e-07
t3	1.88810927876129e-13	0.300781722611751	0.6	0.446	1.41829104692712e-08	P:r1@EML3	P:r1@EML3	r1@EML3	EML3	EML3	EML3	P	sig	beige	beige	day1	1.13463283754169e-07
t3	1.94580372240415e-13	0.26231326278452	0.609	0.446	1.46162938215833e-08	P:r1@PIAS1	P:r1@PIAS1	r1@PIAS1	PIAS1	PIAS1	PIAS1	P	sig	beige	beige	day1	1.16930350572666e-07
t3	2.03327312662182e-13	0.501819219755095	0.261	0.163	1.52733377452451e-08	P:r1@PYGO1	P:r1@PYGO1	r1@PYGO1	PYGO1	PYGO1	PYGO1	P	sig	beige	beige	day1	1.22186701961961e-07
t3	2.09483230845829e-13	0.255061063095099	0.974	0.944	1.57357518514462e-08	P:r1@ADDG0X107715877.B,r1@TSC22D3	P:r1@ADDG0X107715877.B,r1@TSC22D3	r1@..877.B,r1@TSC22D3	..877.B	..877.B	ADDG0X107715877.B,TSC22D3	P	sig	beige	beige	day1	1.25886014811569e-07
t3	2.1324327537276e-13	0.396766213224408	0.337	0.221	1.60181951161756e-08	D:r1@ADDG21046280494.F	D:r1@ADDG21046280494.F	r1@..494.F	..494.F	..494.F	ADDG21046280494.F	D	sig	beige	beige	day1	1.28145560929405e-07
t2	2.1352038756482e-13	0.391145097009935	0.328	0.244	1.60390109527065e-08	P:r1@SELENON	P:r1@SELENON	r1@SELENON	SELENON	SELENON	SELENON	P	sig	beige	beige	day3	1.28312087621652e-07
t6	2.16347027595368e-13	0.396746799734568	0.909	0.927	1.62513396718812e-08	P:r1@ANXA6,r1@AC008641.1	P:r1@ANXA6,r1@AC008641.1	r1@ANXA6,r1@AC008641.1	ANXA6	ANXA6	ANXA6,AC008641.1	P	sig	beige	beige	day3	1.3001071737505e-07
t3	2.25141171845517e-13	0.290900636077755	0.483	0.347	1.69119294055197e-08	P:r1@SREBF1	P:r1@SREBF1	r1@SREBF1	SREBF1	SREBF1	SREBF1	P	sig	beige	beige	day1	1.35295435244158e-07
t3	2.28699938105319e-13	0.306145643922587	0.549	0.399	1.71792532506572e-08	P:r1@MSL1	P:r1@MSL1	r1@MSL1	MSL1	MSL1	MSL1	P	sig	beige	beige	day1	1.37434026005258e-07
t3	2.32962853551072e-13	0.398208626921608	0.365	0.246	1.74994706701958e-08	D:r1@ADDG10079385956.B	D:r1@ADDG10079385956.B	r1@..956.B	..956.B	..956.B	ADDG10079385956.B	D	sig	beige	beige	day1	1.39995765361567e-07
t3	2.54325820390462e-13	0.789210956715025	0.135	0.067	1.91041926502703e-08	P:r1@SPCS2P4	P:r1@SPCS2P4	r1@SPCS2P4	SPCS2P4	SPCS2P4	SPCS2P4	P	sig	beige	beige	day1	1.52833541202163e-07
t3	2.54933832498745e-13	0.414436260588807	0.293	0.185	1.91498646958082e-08	P:r1@LRFN3	P:r1@LRFN3	r1@LRFN3	LRFN3	LRFN3	LRFN3	P	sig	beige	beige	day1	1.53198917566466e-07
t3	2.67315069305993e-13	0.549459390373529	0.176	0.096	2.00799060610583e-08	P:r1@F8A3	P:r1@F8A3	r1@F8A3	F8A3	F8A3	F8A3	P	sig	beige	beige	day1	1.60639248488466e-07
t3	2.68305729748678e-13	0.400432293757059	0.709	0.586	2.01543215015315e-08	D:r1@ADDG16084854824.B	D:r1@ADDG16084854824.B	r1@..824.B	..824.B	..824.B	ADDG16084854824.B	D	sig	beige	beige	day1	1.61234572012252e-07
t6	2.82069842572511e-13	-1.09666184945631	0.117	0.289	2.11882403645193e-08	P:r1@SNORD68	P:r1@SNORD68	r1@SNORD68	SNORD68	SNORD68	SNORD68	P	sig	white	white	day3	1.69505922916155e-07
t0	2.85022851104474e-13	0.324640343073456	0.582	0.495	2.14100615064148e-08	P:r1@THBS2	P:r1@THBS2	r1@THBS2	THBS2	THBS2	THBS2	P	sig	beige	beige	day3	1.71280492051318e-07
t6	3.04857194009592e-13	-0.661714972181754	0.336	0.563	2.28999578424185e-08	D:r1@ADDG17082078784.R	D:r1@ADDG17082078784.R	r1@..784.R	..784.R	..784.R	ADDG17082078784.R	D	sig	white	white	day3	1.83199662739348e-07
t6	3.17757075682075e-13	0.463015464669639	0.955	0.959	2.38689582540105e-08	P:r1@HSP90B1,r1@MIR3652	P:r1@HSP90B1,r1@MIR3652	r1@HSP90B1,r1@MIR3652	HSP90B1	HSP90B1	HSP90B1,MIR3652	P	sig	beige	beige	day3	1.90951666032084e-07
t3	3.24906449394373e-13	0.647378565492466	0.17	0.092	2.44059977591571e-08	P:r1@SUMO2P1	P:r1@SUMO2P1	r1@SUMO2P1	SUMO2P1	SUMO2P1	SUMO2P1	P	sig	beige	beige	day1	1.95247982073257e-07
t0	3.29230382990406e-13	0.285749925625234	0.523	0.42	2.47307986790904e-08	P:r1@POMGNT2	P:r1@POMGNT2	r1@POMGNT2	POMGNT2	POMGNT2	POMGNT2	P	sig	beige	beige	day3	1.97846389432723e-07
t2	3.30140400536681e-13	0.350530233380169	0.372	0.287	2.47991564671138e-08	P:r1@PTPRM	P:r1@PTPRM	r1@PTPRM	PTPRM	PTPRM	PTPRM	P	sig	beige	beige	day3	1.98393251736911e-07
t3	3.445025932022e-13	0.287088459027684	0.522	0.374	2.58780012935697e-08	P:r1@RHOT2	P:r1@RHOT2	r1@RHOT2	RHOT2	RHOT2	RHOT2	P	sig	beige	beige	day1	2.07024010348557e-07
t6	3.56280771880749e-13	-0.630938766005337	0.476	0.698	2.67627427413662e-08	P:r1@ADDG0M000005585.R	P:r1@ADDG0M000005585.R	r1@..585.R	..585.R	..585.R	ADDG0M000005585.R	P	sig	white	white	day3	2.1410194193093e-07
t3	3.92114319477452e-13	0.295626126785527	0.535	0.381	2.94544513361878e-08	P:r1@STK3	P:r1@STK3	r1@STK3	STK3	STK3	STK3	P	sig	beige	beige	day1	2.35635610689502e-07
t3	3.9457010056092e-13	0.393711710088652	0.39	0.267	2.96389222438347e-08	D:r1@ADDG01036136906.F	D:r1@ADDG01036136906.F	r1@..906.F	..906.F	..906.F	ADDG01036136906.F	D	sig	beige	beige	day1	2.37111377950677e-07
t8	3.96984598004113e-13	0.769172289060742	0.988	0.871	2.9820292048275e-08	P:r1@RPL18AP3	P:r1@RPL18AP3	r1@RPL18AP3	RPL18AP3	RPL18AP3	RPL18AP3	P	sig	beige	beige	day1	2.385623363862e-07
t3	4.02705641214458e-13	0.418514225628301	0.247	0.15	3.02500396511064e-08	P:r1@PPP1R12C	P:r1@PPP1R12C	r1@PPP1R12C	PPP1R12C	PPP1R12C	PPP1R12C	P	sig	beige	beige	day1	2.42000317208851e-07
t0	4.18860324049572e-13	0.253851252222416	0.515	0.413	3.14635309616317e-08	P:r1@MFSD12	P:r1@MFSD12	r1@MFSD12	MFSD12	MFSD12	MFSD12	P	sig	beige	beige	day3	2.51708247693053e-07
t3	4.24920091765593e-13	0.703030283220375	0.169	0.093	3.1918722533156e-08	P:r3@ADDG11114299831.B	P:r3@ADDG11114299831.B	r3@..831.B	..831.B	r3@..831.B	ADDG11114299831.B	P	sig	beige	beige	day1	2.55349780265248e-07
t2	4.28823698844236e-13	0.31860453426574	0.49	0.409	3.22119497860825e-08	P:r1@KIAA2013	P:r1@KIAA2013	r1@KIAA2013	KIAA2013	KIAA2013	KIAA2013	P	sig	beige	beige	day3	2.5769559828866e-07
t2	4.38578048820639e-13	0.333944206268662	0.547	0.475	3.294466729326e-08	P:r1@NAV1	P:r1@NAV1	r1@NAV1	NAV1	NAV1	NAV1	P	sig	beige	beige	day3	2.6355733834608e-07
t3	4.49803415997407e-13	0.307187692572593	0.367	0.241	3.37878831994772e-08	P:r1@SLC35E2A	P:r1@SLC35E2A	r1@SLC35E2A	SLC35E2A	SLC35E2A	SLC35E2A	P	sig	beige	beige	day1	2.70303065595818e-07
t3	4.64580585932521e-13	0.40459690230544	0.341	0.229	3.48978998734932e-08	D:r1@ADDG16001363263.R	D:r1@ADDG16001363263.R	r1@..263.R	..263.R	..263.R	ADDG16001363263.R	D	sig	beige	beige	day1	2.79183198987945e-07
t3	4.70296963248304e-13	0.287997463392082	0.441	0.301	3.53272969883229e-08	P:r1@HMG20A	P:r1@HMG20A	r1@HMG20A	HMG20A	HMG20A	HMG20A	P	sig	beige	beige	day1	2.82618375906583e-07
t3	4.81389871236611e-13	0.277448801024038	0.507	0.362	3.61605629576805e-08	P:r1@ATXN2L	P:r1@ATXN2L	r1@ATXN2L	ATXN2L	ATXN2L	ATXN2L	P	sig	beige	beige	day1	2.89284503661444e-07
t3	5.07385163833357e-13	0.296294714573514	0.591	0.441	3.81132513516703e-08	P:r1@YY1AP1	P:r1@YY1AP1	r1@YY1AP1	YY1AP1	YY1AP1	YY1AP1	P	sig	beige	beige	day1	3.04906010813362e-07
t3	5.0957394361084e-13	0.526420548473499	0.201	0.115	3.82776659222155e-08	D:r1@ADDG01040281474.R	D:r1@ADDG01040281474.R	r1@..474.R	..474.R	..474.R	ADDG01040281474.R	D	sig	beige	beige	day1	3.06221327377724e-07
t3	5.18408856514133e-13	0.340618313806428	0.53	0.39	3.89413180747721e-08	P:r1@LAS1L	P:r1@LAS1L	r1@LAS1L	LAS1L	LAS1L	LAS1L	P	sig	beige	beige	day1	3.11530544598177e-07
t3	5.20373157900797e-13	0.262739693004267	0.566	0.407	3.90888705020342e-08	P:r1@PIAS3	P:r1@PIAS3	r1@PIAS3	PIAS3	PIAS3	PIAS3	P	sig	beige	beige	day1	3.12710964016274e-07
t2	5.29222514685037e-13	0.276734208304241	0.544	0.46	3.9753607635596e-08	P:r1@GRAMD1A	P:r1@GRAMD1A	r1@GRAMD1A	GRAMD1A	GRAMD1A	GRAMD1A	P	sig	beige	beige	day3	3.18028861084768e-07
t2	5.52488460977996e-13	0.32918952877469	0.496	0.411	4.15012757232841e-08	P:r1@FLII	P:r1@FLII	r1@FLII	FLII	FLII	FLII	P	sig	beige	beige	day3	3.32010205786273e-07
t3	5.5782505251407e-13	0.406860481328096	0.226	0.135	4.19021444696994e-08	P:r1@GSE1	P:r1@GSE1	r1@GSE1	GSE1	GSE1	GSE1	P	sig	beige	beige	day1	3.35217155757595e-07
t0	5.67763525095751e-13	0.374979587069824	0.455	0.371	4.26486927146176e-08	P:r1@SUN2	P:r1@SUN2	r1@SUN2	SUN2	SUN2	SUN2	P	sig	beige	beige	day3	3.4118954171694e-07
t3	6.05914838951239e-13	0.29442053248133	0.438	0.298	4.55145049575002e-08	P:r1@ANAPC2	P:r1@ANAPC2	r1@ANAPC2	ANAPC2	ANAPC2	ANAPC2	P	sig	beige	beige	day1	3.64116039660002e-07
t2	6.46162816574657e-13	0.309357311918075	0.711	0.655	4.85378122926385e-08	P:r1@C1QTNF1	P:r1@C1QTNF1	r1@C1QTNF1	C1QTNF1	C1QTNF1	C1QTNF1	P	sig	beige	beige	day3	3.88302498341108e-07
t4	6.56081140889267e-13	0.363863416402045	0.764	0.684	4.92828470601791e-08	P:r1@PDGFRB	P:r1@PDGFRB	r1@PDGFRB	PDGFRB	PDGFRB	PDGFRB	P	sig	beige	beige	day3	3.94262776481433e-07
t0	6.90517143412446e-13	0.28284012480581	0.461	0.365	5.18695762617127e-08	P:r1@GRAMD1A	P:r1@GRAMD1A	r1@GRAMD1A	GRAMD1A	GRAMD1A	GRAMD1A	P	sig	beige	beige	day3	4.14956610093701e-07
t3	6.9321846750187e-13	0.416712662299713	0.303	0.198	5.2072491623338e-08	D:r1@ADDG02091571618.B	D:r1@ADDG02091571618.B	r1@..618.B	..618.B	..618.B	ADDG02091571618.B	D	sig	beige	beige	day1	4.16579932986704e-07
t3	7.15263131354217e-13	0.314930590746206	0.719	0.606	5.37284206379347e-08	P:r1@PAPPA	P:r1@PAPPA	r1@PAPPA	PAPPA	PAPPA	PAPPA	P	sig	beige	beige	day1	4.29827365103478e-07
t0	7.47372025424112e-13	0.436036513648047	0.244	0.171	5.6140344433783e-08	P:r1@CAMKK2	P:r1@CAMKK2	r1@CAMKK2	CAMKK2	CAMKK2	CAMKK2	P	sig	beige	beige	day3	4.49122755470264e-07
t3	7.66569301876176e-13	0.283505240525333	0.502	0.353	5.75823862490327e-08	P:r1@AMPD2	P:r1@AMPD2	r1@AMPD2	AMPD2	AMPD2	AMPD2	P	sig	beige	beige	day1	4.60659089992262e-07
t2	7.80517777612947e-13	0.593513644610785	0.219	0.151	5.86301539009517e-08	D:r1@ADDG17001676673.F	D:r1@ADDG17001676673.F	r1@..673.F	..673.F	..673.F	ADDG17001676673.F	D	sig	beige	beige	day3	4.69041231207614e-07
t3	7.85908533994251e-13	0.442231407166533	0.261	0.162	5.90350913480461e-08	D:r1@ADDG01184619886.B	D:r1@ADDG01184619886.B	r1@..886.B	..886.B	..886.B	ADDG01184619886.B	D	sig	beige	beige	day1	4.72280730784369e-07
t3	8.02306122474738e-13	0.320387702700957	0.559	0.413	6.02668290019349e-08	P:r1@LENG8	P:r1@LENG8	r1@LENG8	LENG8	LENG8	LENG8	P	sig	beige	beige	day1	4.82134632015479e-07
t3	8.0260107524288e-13	0.38133199982398	0.33	0.217	6.02889849690194e-08	D:r1@ADDG22037566714.R	D:r1@ADDG22037566714.R	r1@..714.R	..714.R	..714.R	ADDG22037566714.R	D	sig	beige	beige	day1	4.82311879752155e-07
t2	8.04040757343827e-13	0.489153481371537	0.308	0.234	6.03971295693963e-08	D:r1@ADDG14022844800.R	D:r1@ADDG14022844800.R	r1@..800.R	..800.R	..800.R	ADDG14022844800.R	D	sig	beige	beige	day3	4.8317703655517e-07
t4	8.79954301530609e-13	0.40289748217767	0.573	0.451	6.60995272680747e-08	P:r1@GANAB	P:r1@GANAB	r1@GANAB	GANAB	GANAB	GANAB	P	sig	beige	beige	day3	5.28796218144598e-07
t6	8.98068043688285e-13	0.537696479189476	0.92	0.931	6.74601772377329e-08	P:r1@FP236383.5	P:r1@FP236383.5	r1@FP236383.5	FP236383.5	FP236383.5	FP236383.5	P	sig	beige	beige	day3	5.39681417901863e-07
t3	9.32415143211647e-13	0.318077697466653	0.385	0.259	7.00402283126293e-08	P:r1@ZDHHC8	P:r1@ZDHHC8	r1@ZDHHC8	ZDHHC8	ZDHHC8	ZDHHC8	P	sig	beige	beige	day1	5.60321826501035e-07
t3	9.92682411166523e-13	0.642173943973225	0.141	0.072	7.45673246795957e-08	P:r1@RPL12P4	P:r1@RPL12P4	r1@RPL12P4	RPL12P4	RPL12P4	RPL12P4	P	sig	beige	beige	day1	5.96538597436766e-07
t4	9.93085537029396e-13	0.306964586421951	0.833	0.747	7.45976062850372e-08	P:r1@MMP14	P:r1@MMP14	r1@MMP14	MMP14	MMP14	MMP14	P	sig	beige	beige	day3	5.96780850280297e-07
t8	9.94274696762365e-13	0.64223671233606	0.982	0.923	7.46869323966986e-08	P:r1@GPX1	P:r1@GPX1	r1@GPX1	GPX1	GPX1	GPX1	P	sig	beige	beige	day1	5.97495459173589e-07
t3	1.00139118910326e-12	0.308972931960355	0.4	0.276	7.52215019518692e-08	P:r1@AKT3	P:r1@AKT3	r1@AKT3	AKT3	AKT3	AKT3	P	sig	beige	beige	day1	6.01772015614954e-07
t3	1.00893361781479e-12	0.443973519774645	0.208	0.121	7.57880665693937e-08	P:r1@CAPN15	P:r1@CAPN15	r1@CAPN15	CAPN15	CAPN15	CAPN15	P	sig	beige	beige	day1	6.0630453255515e-07
t6	1.04028256676053e-12	-0.255836434008589	1	0.999	7.81429055673509e-08	P:r1@MT-ATP6,r1@MT-CO3,r1@MT-TK,r1@MT-ATP8	P:r1@MT-ATP6,r1@MT-CO3,r1@MT-TK,r1@MT-ATP8	r1@MT-ATP6,CO3,TK,ATP8	MT-ATP6	MT-ATP6	MT-ATP6,MT-CO3,MT-TK,MT-ATP8	P	sig	white	white	day3	6.25143244538807e-07
t4	1.06456829961545e-12	0.478769780606263	0.528	0.418	7.99671769622136e-08	P:r1@KIRREL1	P:r1@KIRREL1	r1@KIRREL1	KIRREL1	KIRREL1	KIRREL1	P	sig	beige	beige	day3	6.39737415697709e-07
t2	1.18365246004833e-12	0.578162004310282	0.206	0.139	8.89124218414501e-08	D:r1@ADDG10126017291.F	D:r1@ADDG10126017291.F	r1@..291.F	..291.F	..291.F	ADDG10126017291.F	D	sig	beige	beige	day3	7.11299374731601e-07
t3	1.18602159414934e-12	0.513197020040196	0.217	0.131	8.90903840877163e-08	P:r1@AC245140.2	P:r1@AC245140.2	r1@AC245140.2	AC245140.2	AC245140.2	AC245140.2	P	sig	beige	beige	day1	7.1272307270173e-07
t3	1.24566017730543e-12	0.411933292966509	0.262	0.163	9.35702555386522e-08	P:r1@RNF123	P:r1@RNF123	r1@RNF123	RNF123	RNF123	RNF123	P	sig	beige	beige	day1	7.48562044309218e-07
t3	1.27959464549399e-12	0.251639018401288	0.789	0.659	9.61193109855724e-08	P:r1@ZCCHC24	P:r1@ZCCHC24	r1@ZCCHC24	ZCCHC24	ZCCHC24	ZCCHC24	P	sig	beige	beige	day1	7.68954487884579e-07
t3	1.29455572191231e-12	0.313143139008621	0.409	0.282	9.72431421628867e-08	P:r1@NUP93	P:r1@NUP93	r1@NUP93	NUP93	NUP93	NUP93	P	sig	beige	beige	day1	7.77945137303093e-07
t4	1.34665533879321e-12	0.270736044940669	0.827	0.739	1.0115670908413e-07	P:r1@COL4A2	P:r1@COL4A2	r1@COL4A2	COL4A2	COL4A2	COL4A2	P	sig	beige	beige	day3	8.09253672673039e-07
t3	1.39266859871465e-12	0.303797772957953	0.518	0.377	1.04613087129648e-07	P:r1@STYX	P:r1@STYX	r1@STYX	STYX	STYX	STYX	P	sig	beige	beige	day1	8.36904697037188e-07
t2	1.48019679738156e-12	0.447961546409598	0.323	0.245	1.11187942828911e-07	P:r1@TTYH3	P:r1@TTYH3	r1@TTYH3	TTYH3	TTYH3	TTYH3	P	sig	beige	beige	day3	8.89503542631287e-07
t3	1.48120566100954e-12	0.625911456506406	0.235	0.146	1.11263725638053e-07	P:r1@HIST1H4F	P:r1@HIST1H4F	r1@HIST1H4F	HIST1H4F	HIST1H4F	HIST1H4F	P	sig	beige	beige	day1	8.90109805104427e-07
t8	1.4963029791244e-12	0.592910594298536	0.994	0.961	1.12397790882888e-07	P:r1@RPS26P6	P:r1@RPS26P6	r1@RPS26P6	RPS26P6	RPS26P6	RPS26P6	P	sig	beige	beige	day1	8.99182327063101e-07
t3	1.51050406384588e-12	0.367843793064869	0.328	0.216	1.13464533763911e-07	P:r1@RFX7	P:r1@RFX7	r1@RFX7	RFX7	RFX7	RFX7	P	sig	beige	beige	day1	9.07716270111287e-07
t3	1.60976514797819e-12	0.410858843614628	0.263	0.165	1.20920728620678e-07	D:r1@ADDG01215586590.R	D:r1@ADDG01215586590.R	r1@..590.R	..590.R	..590.R	ADDG01215586590.R	D	sig	beige	beige	day1	9.67365828965424e-07
t3	1.68806365321901e-12	0.337196531662897	0.392	0.271	1.26802277438852e-07	P:r1@STXBP3	P:r1@STXBP3	r1@STXBP3	STXBP3	STXBP3	STXBP3	P	sig	beige	beige	day1	1.01441821951082e-06
t0	1.71516756815407e-12	0.378008047559684	0.304	0.222	1.28838242217029e-07	P:r1@ARHGEF1	P:r1@ARHGEF1	r1@ARHGEF1	ARHGEF1	ARHGEF1	ARHGEF1	P	sig	beige	beige	day3	1.03070593773623e-06
t2	1.81484503578327e-12	0.785743654645926	0.132	0.079	1.36325714552932e-07	P:r1@NFKB2	P:r1@NFKB2	r1@NFKB2	NFKB2	NFKB2	NFKB2	P	sig	beige	beige	day3	1.09060571642345e-06
t6	1.88117693473982e-12	0.447800335816442	0.909	0.896	1.41308367806851e-07	P:r1@HIST1H1E	P:r1@HIST1H1E	r1@HIST1H1E	HIST1H1E	HIST1H1E	HIST1H1E	P	sig	beige	beige	day3	1.13046694245481e-06
t3	1.8882977535449e-12	0.305466327244336	0.477	0.34	1.41843262353032e-07	P:r1@VPS37B	P:r1@VPS37B	r1@VPS37B	VPS37B	VPS37B	VPS37B	P	sig	beige	beige	day1	1.13474609882426e-06
t4	1.93248281962403e-12	0.278170370072053	0.794	0.695	1.45162311961698e-07	P:r1@PLOD1	P:r1@PLOD1	r1@PLOD1	PLOD1	PLOD1	PLOD1	P	sig	beige	beige	day3	1.16129849569359e-06
t3	2.02296098131303e-12	0.287257147066567	0.409	0.28	1.51958760033291e-07	P:r1@CDC25B	P:r1@CDC25B	r1@CDC25B	CDC25B	CDC25B	CDC25B	P	sig	beige	beige	day1	1.21567008026633e-06
t0	2.02466550190833e-12	0.327697445409712	0.418	0.328	1.52086798506848e-07	P:r1@KLF13	P:r1@KLF13	r1@KLF13	KLF13	KLF13	KLF13	P	sig	beige	beige	day3	1.21669438805478e-06
t3	2.09180337582494e-12	0.277536638365826	0.422	0.287	1.57129994181842e-07	P:r1@RANBP6	P:r1@RANBP6	r1@RANBP6	RANBP6	RANBP6	RANBP6	P	sig	beige	beige	day1	1.25703995345473e-06
t8	2.14059317280064e-12	0.650960950551066	0.975	0.942	1.60794937361266e-07	P:r1@AC005912.1	P:r1@AC005912.1	r1@AC005912.1	AC005912.1	AC005912.1	AC005912.1	P	sig	beige	beige	day1	1.28635949889013e-06
t3	2.24283267346073e-12	0.389732359698853	0.374	0.257	1.68474861932349e-07	P:r1@ADDG05087404996.F	P:r1@ADDG05087404996.F	r1@..996.F	..996.F	..996.F	ADDG05087404996.F	P	sig	beige	beige	day1	1.34779889545879e-06
t3	2.24396226458987e-12	0.304214979033446	0.475	0.341	1.68559713429197e-07	P:r1@ADDG04002907823.R	P:r1@ADDG04002907823.R	r1@..823.R	..823.R	..823.R	ADDG04002907823.R	P	sig	beige	beige	day1	1.34847770743358e-06
t3	2.26826812499584e-12	0.423079011839598	0.254	0.16	1.70385496745312e-07	D:r1@ADDG19048913043.R	D:r1@ADDG19048913043.R	r1@..043.R	..043.R	..043.R	ADDG19048913043.R	D	sig	beige	beige	day1	1.3630839739625e-06
t0	2.27112601180927e-12	0.594839045206545	0.154	0.097	1.70600172629077e-07	P:r1@PLXNB2	P:r1@PLXNB2	r1@PLXNB2	PLXNB2	PLXNB2	PLXNB2	P	sig	beige	beige	day3	1.36480138103262e-06
t3	2.28436871188874e-12	0.255760288482337	0.412	0.278	1.71594924530946e-07	P:r1@PSPC1	P:r1@PSPC1	r1@PSPC1	PSPC1	PSPC1	PSPC1	P	sig	beige	beige	day1	1.37275939624757e-06
t6	2.28561538211695e-12	0.251678060588485	0.996	0.997	1.71688570658479e-07	P:r1@COL6A2	P:r1@COL6A2	r1@COL6A2	COL6A2	COL6A2	COL6A2	P	sig	beige	beige	day3	1.37350856526783e-06
t3	2.29661577331275e-12	0.332287774311932	0.352	0.237	1.72514887043934e-07	P:r1@TCEAL7	P:r1@TCEAL7	r1@TCEAL7	TCEAL7	TCEAL7	TCEAL7	P	sig	beige	beige	day1	1.38011909635147e-06
t2	2.35474821656535e-12	-0.313501594413539	0.99	0.993	1.76881621783739e-07	P:r1@ADDG0M000002705.F,r1@MT-ND1,r1@MT-TL1	P:r1@MT-ND1,r1@MT-TL1	r1@MT-ND1,TL1	MT-ND1	MT-ND1	MT-ND1,MT-TL1	P	sig	white	white	day3	1.41505297426991e-06
t3	2.36345633664983e-12	0.287040744165319	0.411	0.283	1.77535749640125e-07	P:r1@PCIF1	P:r1@PCIF1	r1@PCIF1	PCIF1	PCIF1	PCIF1	P	sig	beige	beige	day1	1.420285997121e-06
t6	2.36524871600559e-12	0.259169978426455	0.998	0.998	1.77670387800192e-07	P:r1@UBC	P:r1@UBC	r1@UBC	UBC	UBC	UBC	P	sig	beige	beige	day3	1.42136310240153e-06
t6	2.50049202652691e-12	-0.289154720039588	0.998	1	1.87829459556622e-07	P:r1@ADDG0X012974600.F,r1@ADDG0X012976233.F,r1@TMSB4X	P:r1@ADDG0X012974600.F,r1@ADDG0X012976233.F,r1@TMSB4X	r1@..600.F,r1@..233.F,r1@TMSB4X	..600.F	..600.F	ADDG0X012974600.F,ADDG0X012976233.F,TMSB4X	P	sig	white	white	day3	1.50263567645298e-06
t3	2.54171000146225e-12	0.329716264119469	0.436	0.305	1.9092563017984e-07	P:r1@DVL2	P:r1@DVL2	r1@DVL2	DVL2	DVL2	DVL2	P	sig	beige	beige	day1	1.52740504143872e-06
t0	2.58583549955869e-12	0.266696172662754	0.661	0.585	1.9424020522035e-07	P:r1@ADAMTS2	P:r1@ADAMTS2	r1@ADAMTS2	ADAMTS2	ADAMTS2	ADAMTS2	P	sig	beige	beige	day3	1.5539216417628e-06
t0	2.60557872283242e-12	0.498060542898617	0.219	0.151	1.95723256923003e-07	P:r1@DPP9	P:r1@DPP9	r1@DPP9	DPP9	DPP9	DPP9	P	sig	beige	beige	day3	1.56578605538402e-06
t3	2.72376899620937e-12	0.52496657015401	0.179	0.101	2.04601355688259e-07	P:r1@URB2	P:r1@URB2	r1@URB2	URB2	URB2	URB2	P	sig	beige	beige	day1	1.63681084550608e-06
t3	2.78393048034006e-12	0.275866058759431	0.508	0.366	2.09120505891704e-07	P:r1@APTX	P:r1@APTX	r1@APTX	APTX	APTX	APTX	P	sig	beige	beige	day1	1.67296404713363e-06
t0	2.80620463472868e-12	0.319757614227276	0.412	0.321	2.10793673546914e-07	P:r1@PKN1	P:r1@PKN1	r1@PKN1	PKN1	PKN1	PKN1	P	sig	beige	beige	day3	1.68634938837531e-06
t0	2.81394963005452e-12	0.319019014864868	0.378	0.289	2.11375454360806e-07	P:r1@RETSAT	P:r1@RETSAT	r1@RETSAT	RETSAT	RETSAT	RETSAT	P	sig	beige	beige	day3	1.69100363488645e-06
t0	2.87911525044911e-12	0.44915891838962	0.244	0.172	2.16270500267985e-07	D:r1@ADDG14022844800.R	D:r1@ADDG14022844800.R	r1@..800.R	..800.R	..800.R	ADDG14022844800.R	D	sig	beige	beige	day3	1.73016400214388e-06
t2	2.90535040942094e-12	0.261306384433291	0.652	0.582	2.18241206704473e-07	P:r1@CSF1	P:r1@CSF1	r1@CSF1	CSF1	CSF1	CSF1	P	sig	beige	beige	day3	1.74592965363578e-06
t3	3.33760188720671e-12	0.311258768006008	0.337	0.225	2.50710640961306e-07	P:r1@DPY19L3	P:r1@DPY19L3	r1@DPY19L3	DPY19L3	DPY19L3	DPY19L3	P	sig	beige	beige	day1	2.00568512769045e-06
t3	3.4899684580939e-12	0.389275489974088	0.249	0.154	2.62155960666639e-07	P:r1@NFKB2	P:r1@NFKB2	r1@NFKB2	NFKB2	NFKB2	NFKB2	P	sig	beige	beige	day1	2.09724768533311e-06
t4	3.68738531194484e-12	0.384961078687079	0.476	0.355	2.76985322477361e-07	P:r1@COL18A1	P:r1@COL18A1	r1@COL18A1	COL18A1	COL18A1	COL18A1	P	sig	beige	beige	day3	2.21588257981889e-06
t2	3.80171599054261e-12	0.292614108766132	0.831	0.797	2.8557350006159e-07	P:r1@APCDD1	P:r1@APCDD1	r1@APCDD1	APCDD1	APCDD1	APCDD1	P	sig	beige	beige	day3	2.28458800049272e-06
t3	3.84719859880663e-12	0.293781466584091	0.334	0.22	2.88990017146558e-07	P:r1@ULK3	P:r1@ULK3	r1@ULK3	ULK3	ULK3	ULK3	P	sig	beige	beige	day1	2.31192013717246e-06
t4	3.86984910033322e-12	0.464515855605491	0.405	0.295	2.9069145486973e-07	P:r1@FLNA	P:r1@FLNA	r1@FLNA	FLNA	FLNA	FLNA	P	sig	beige	beige	day3	2.32553163895784e-06
t3	3.93941094666348e-12	0.254491045230474	0.938	0.899	2.9591673208052e-07	P:r1@LMO3	P:r1@LMO3	r1@LMO3	LMO3	LMO3	LMO3	P	sig	beige	beige	day1	2.36733385664416e-06
t3	4.14323725284378e-12	0.571783315991877	0.151	0.082	3.11227552721866e-07	D:r1@ADDG01152032625.F	D:r1@ADDG01152032625.F	r1@..625.F	..625.F	..625.F	ADDG01152032625.F	D	sig	beige	beige	day1	2.48982042177493e-06
t6	4.46443901047391e-12	-0.639869215938511	0.227	0.424	3.35355265149769e-07	P:r1@MIR21	P:r1@MIR21	r1@MIR21	MIR21	MIR21	MIR21	P	sig	white	white	day3	2.68284212119815e-06
t3	4.49015734600595e-12	0.395119852929676	0.249	0.154	3.37287149359929e-07	P:r1@FOXP4	P:r1@FOXP4	r1@FOXP4	FOXP4	FOXP4	FOXP4	P	sig	beige	beige	day1	2.69829719487943e-06
t2	4.7990549051503e-12	0.303408281828438	0.873	0.862	3.60490607310175e-07	P:r1@GPX3	P:r1@GPX3	r1@GPX3	GPX3	GPX3	GPX3	P	sig	beige	beige	day3	2.8839248584814e-06
t3	4.90896618807306e-12	0.291315590503834	0.417	0.291	3.68746813149484e-07	P:r1@MED16	P:r1@MED16	r1@MED16	MED16	MED16	MED16	P	sig	beige	beige	day1	2.94997450519587e-06
t0	5.07294585703501e-12	0.355294914949786	0.311	0.231	3.81064473942899e-07	P:r1@AKT2	P:r1@AKT2	r1@AKT2	AKT2	AKT2	AKT2	P	sig	beige	beige	day3	3.04851579154319e-06
t3	5.09444924114497e-12	0.438179572801716	0.233	0.141	3.82679743647087e-07	P:r1@QSOX2	P:r1@QSOX2	r1@QSOX2	QSOX2	QSOX2	QSOX2	P	sig	beige	beige	day1	3.0614379491767e-06
t4	5.18733429508165e-12	-0.94491564659642	0.22	0.303	3.89656990243648e-07	D:r1@ADDG02027070577.F	D:r1@ADDG02027070577.F	r1@..577.F	..577.F	..577.F	ADDG02027070577.F	D	sig	white	white	day3	3.11725592194919e-06
t2	5.28190392988703e-12	0.315201130665788	0.459	0.375	3.96760777501324e-07	P:r2@SREBF1	P:r2@SREBF1	r2@SREBF1	SREBF1	r2@SREBF1	SREBF1	P	sig	beige	beige	day3	3.17408622001059e-06
t3	5.37156553481812e-12	0.398276178848737	0.244	0.152	4.03495888278933e-07	P:r1@INPP5A	P:r1@INPP5A	r1@INPP5A	INPP5A	INPP5A	INPP5A	P	sig	beige	beige	day1	3.22796710623146e-06
t3	5.41844368135468e-12	0.449094157158642	0.284	0.186	4.07017234012319e-07	D:r1@ADDG14022846215.B	D:r1@ADDG14022846215.B	r1@..215.B	..215.B	..215.B	ADDG14022846215.B	D	sig	beige	beige	day1	3.25613787209855e-06
t3	5.53265226240181e-12	0.639352089768003	0.181	0.106	4.15596239994837e-07	D:r1@ADDG03012836191.F	D:r1@ADDG03012836191.F	r1@..191.F	..191.F	..191.F	ADDG03012836191.F	D	sig	beige	beige	day1	3.3247699199587e-06
t3	5.57572800570724e-12	0.335600621501225	0.355	0.242	4.18831960604711e-07	P:r1@EOGT	P:r1@EOGT	r1@EOGT	EOGT	EOGT	EOGT	P	sig	beige	beige	day1	3.35065568483769e-06
t3	5.61097901930253e-12	0.322879817232165	0.411	0.286	4.21479910992948e-07	P:r1@GTF2IRD1	P:r1@GTF2IRD1	r1@GTF2IRD1	GTF2IRD1	GTF2IRD1	GTF2IRD1	P	sig	beige	beige	day1	3.37183928794358e-06
t3	5.90901511959388e-12	0.530316676683696	0.156	0.084	4.43867488738534e-07	P:r1@BCR	P:r1@BCR	r1@BCR	BCR	BCR	BCR	P	sig	beige	beige	day1	3.55093990990827e-06
t3	6.01055566467016e-12	0.294800605615232	0.416	0.289	4.51494909863029e-07	P:r1@C5orf22	P:r1@C5orf22	r1@C5orf22	C5orf22	C5orf22	C5orf22	P	sig	beige	beige	day1	3.61195927890423e-06
t0	6.01979270653619e-12	0.309867670535529	0.505	0.416	4.52188768736879e-07	P:r1@BRD2	P:r1@BRD2	r1@BRD2	BRD2	BRD2	BRD2	P	sig	beige	beige	day3	3.61751014989503e-06
t3	6.06687721610015e-12	0.443105150199838	0.263	0.167	4.55725615841795e-07	P:r1@ADDG02238446480.R	P:r1@ADDG02238446480.R	r1@..480.R	..480.R	..480.R	ADDG02238446480.R	P	sig	beige	beige	day1	3.64580492673436e-06
t3	6.10400372180624e-12	0.303853100638069	0.344	0.229	4.58514447570919e-07	P:r1@PBX2	P:r1@PBX2	r1@PBX2	PBX2	PBX2	PBX2	P	sig	beige	beige	day1	3.66811558056735e-06
t3	6.40854746069106e-12	0.343542262716177	0.297	0.193	4.8139085960473e-07	P:r1@ADDG17063589235.R	P:r1@ADDG17063589235.R	r1@..235.R	..235.R	..235.R	ADDG17063589235.R	P	sig	beige	beige	day1	3.85112687683784e-06
t6	6.48995160623287e-12	0.470579368046887	0.946	0.949	4.87505694805395e-07	P:r1@CALR	P:r1@CALR	r1@CALR	CALR	CALR	CALR	P	sig	beige	beige	day3	3.90004555844316e-06
t3	6.62951125899336e-12	1.04221662314684	0.136	0.071	4.97988997241805e-07	P:r1@AL669831.3	P:r1@AL669831.3	r1@AL669831.3	AL669831.3	AL669831.3	AL669831.3	P	sig	beige	beige	day1	3.98391197793444e-06
t3	7.04966525388826e-12	0.281859556387431	0.564	0.423	5.29549704876324e-07	P:r1@SCD5	P:r1@SCD5	r1@SCD5	SCD5	SCD5	SCD5	P	sig	beige	beige	day1	4.23639763901059e-06
t3	7.38877510327765e-12	0.307444917698758	0.397	0.276	5.55022619432907e-07	P:r1@TMPO	P:r1@TMPO	r1@TMPO	TMPO	TMPO	TMPO	P	sig	beige	beige	day1	4.44018095546326e-06
t3	7.46054079261941e-12	0.279770210774673	0.55	0.405	5.60413442719192e-07	P:r3@RPL26	P:r3@RPL26	r3@RPL26	RPL26	r3@RPL26	RPL26	P	sig	beige	beige	day1	4.48330754175354e-06
t3	7.48124421706998e-12	0.263106499280115	0.511	0.372	5.61968621853646e-07	P:r1@MLLT1	P:r1@MLLT1	r1@MLLT1	MLLT1	MLLT1	MLLT1	P	sig	beige	beige	day1	4.49574897482916e-06
t3	7.96417403475027e-12	0.42066171718595	0.288	0.191	5.98244860968336e-07	P:r1@RGMA	P:r1@RGMA	r1@RGMA	RGMA	RGMA	RGMA	P	sig	beige	beige	day1	4.78595888774669e-06
t3	8.17838298540363e-12	0.282091744594412	0.578	0.431	6.14335594714564e-07	P:r1@RCOR3	P:r1@RCOR3	r1@RCOR3	RCOR3	RCOR3	RCOR3	P	sig	beige	beige	day1	4.91468475771652e-06
t0	8.41780100397049e-12	0.427871718298106	0.226	0.159	6.32319958015251e-07	P:r1@PIP5K1C	P:r1@PIP5K1C	r1@PIP5K1C	PIP5K1C	PIP5K1C	PIP5K1C	P	sig	beige	beige	day3	5.05855966412201e-06
t6	8.46003652402800e-12	-1.05671217147206	0.059	0.195	6.35492563575412e-07	D:r1@ADDG02001633169.R	D:r1@ADDG02001633169.R	r1@..169.R	..169.R	..169.R	ADDG02001633169.R	D	sig	white	white	day3	5.08394050860329e-06
t3	8.57041528073982e-12	0.627406025934165	0.19	0.113	6.43783884643333e-07	P:r2@PARP10	P:r2@PARP10	r2@PARP10	PARP10	r2@PARP10	PARP10	P	sig	beige	beige	day1	5.15027107714666e-06
t3	8.91788164470863e-12	0.422809150205915	0.247	0.154	6.69884515505578e-07	P:r1@PBX3	P:r1@PBX3	r1@PBX3	PBX3	PBX3	PBX3	P	sig	beige	beige	day1	5.35907612404462e-06
t2	9.52337762498785e-12	-0.73724727985174	0.21	0.276	7.15367557056213e-07	D:r1@ADDG02027070577.F	D:r1@ADDG02027070577.F	r1@..577.F	..577.F	..577.F	ADDG02027070577.F	D	sig	white	white	day3	5.7229404564497e-06
t3	9.5344923564991e-12	0.463356330611728	0.192	0.112	7.16202462343143e-07	P:r1@MED26,r1@AC008764.1	P:r1@MED26,r1@AC008764.1	r1@MED26,r1@AC008764.1	MED26	MED26	MED26,AC008764.1	P	sig	beige	beige	day1	5.72961969874514e-06
t4	9.57894448306414e-12	0.434024276751831	0.43	0.319	7.19541572734329e-07	P:r1@TBC1D10B	P:r1@TBC1D10B	r1@TBC1D10B	TBC1D10B	TBC1D10B	TBC1D10B	P	sig	beige	beige	day3	5.75633258187463e-06
t5	9.62883400326534e-12	0.339945740790225	0.777	0.677	7.23289123823282e-07	P:r1@LRP1	P:r1@LRP1	r1@LRP1	LRP1	LRP1	LRP1	P	sig	beige	beige	day3	5.78631299058626e-06
t3	1.00534357715657e-11	0.306518191252478	0.498	0.368	7.55183934852699e-07	P:r1@LIMK1	P:r1@LIMK1	r1@LIMK1	LIMK1	LIMK1	LIMK1	P	sig	beige	beige	day1	6.04147147882159e-06
t3	1.06611779633153e-11	0.331769357208393	0.328	0.218	8.00835705070352e-07	P:r1@TMEM63B	P:r1@TMEM63B	r1@TMEM63B	TMEM63B	TMEM63B	TMEM63B	P	sig	beige	beige	day1	6.40668564056281e-06
t4	1.0803954973369e-11	0.254029592470063	0.847	0.765	8.11560685734559e-07	P:r1@EHD2	P:r1@EHD2	r1@EHD2	EHD2	EHD2	EHD2	P	sig	beige	beige	day3	6.49248548587647e-06
t3	1.13481829112629e-11	0.440547803370898	0.239	0.15	8.52441455745337e-07	D:r1@ADDG12021517463.R	D:r1@ADDG12021517463.R	r1@..463.R	..463.R	..463.R	ADDG12021517463.R	D	sig	beige	beige	day1	6.8195316459627e-06
t3	1.13928099374198e-11	0.470291243144557	0.229	0.142	8.55793704069159e-07	P:r1@TAOK1,r1@MIR4523	P:r1@TAOK1,r1@MIR4523	r1@TAOK1,r1@MIR4523	TAOK1	TAOK1	TAOK1,MIR4523	P	sig	beige	beige	day1	6.84634963255328e-06
t0	1.16070185238962e-11	0.282903236976648	0.522	0.436	8.71884410459509e-07	D:r1@ADDG09134728802.R	D:r1@ADDG09134728802.R	r1@..802.R	..802.R	..802.R	ADDG09134728802.R	D	sig	beige	beige	day3	6.97507528367607e-06
t2	1.17485779953128e-11	0.389433749836319	0.304	0.23	8.8251793327391e-07	P:r1@NOMO3	P:r1@NOMO3	r1@NOMO3	NOMO3	NOMO3	NOMO3	P	sig	beige	beige	day3	7.06014346619128e-06
t3	1.17802133258478e-11	0.267210183801843	0.432	0.303	8.84894284397713e-07	P:r1@AP001000.1	P:r1@AP001000.1	r1@AP001000.1	AP001000.1	AP001000.1	AP001000.1	P	sig	beige	beige	day1	7.0791542751817e-06
t3	1.17933250184758e-11	0.2981860246425	0.486	0.352	8.85879195412849e-07	P:r1@IRX2	P:r1@IRX2	r1@IRX2	IRX2	IRX2	IRX2	P	sig	beige	beige	day1	7.08703356330279e-06
t3	1.21995132645933e-11	0.266121789754935	0.485	0.348	9.16390837896457e-07	P:r1@TTC8	P:r1@TTC8	r1@TTC8	TTC8	TTC8	TTC8	P	sig	beige	beige	day1	7.33112670317166e-06
t3	1.22998950746361e-11	0.277607668208594	0.453	0.322	9.23931218321443e-07	P:r1@ELP3	P:r1@ELP3	r1@ELP3	ELP3	ELP3	ELP3	P	sig	beige	beige	day1	7.39144974657154e-06
t3	1.25616036006496e-11	0.289484748389941	0.916	0.84	9.43589977669994e-07	P:r1@ATP1A1	P:r1@ATP1A1	r1@ATP1A1	ATP1A1	ATP1A1	ATP1A1	P	sig	beige	beige	day1	7.54871982135995e-06
t3	1.27565309286219e-11	0.648521310290009	0.173	0.1	9.58232333765288e-07	D:r1@ADDG12048922042.F	D:r1@ADDG12048922042.F	r1@..042.F	..042.F	..042.F	ADDG12048922042.F	D	sig	beige	beige	day1	7.6658586701223e-06
t3	1.28708608487284e-11	0.255527185832053	0.572	0.425	9.66820454373931e-07	P:r1@PIK3R2,r1@AC007192.1	P:r1@PIK3R2,r1@AC007192.1	r1@PIK3R2,r1@AC007192.1	PIK3R2	PIK3R2	PIK3R2,AC007192.1	P	sig	beige	beige	day1	7.73456363499145e-06
t6	1.29097838519692e-11	-0.844367337896147	0.227	0.411	9.6974423360837e-07	P:r2@RPL26	P:r2@RPL26	r2@RPL26	RPL26	r2@RPL26	RPL26	P	sig	white	white	day3	7.75795386886696e-06
t2	1.30172792749087e-11	0.31196754424646	0.568	0.5	9.77818967293319e-07	P:r1@C2CD2	P:r1@C2CD2	r1@C2CD2	C2CD2	C2CD2	C2CD2	P	sig	beige	beige	day3	7.82255173834655e-06
t3	1.45321991234622e-11	0.311085328875308	0.324	0.217	1.09161520155711e-06	P:r1@PSKH1	P:r1@PSKH1	r1@PSKH1	PSKH1	PSKH1	PSKH1	P	sig	beige	beige	day1	8.73292161245691e-06
t6	1.46497064540266e-11	-1.17380439756302	0.093	0.24	1.10044199970712e-06	P:r1@SVIL	P:r1@SVIL	r1@SVIL	SVIL	SVIL	SVIL	P	sig	white	white	day3	8.80353599765695e-06
t4	1.49607565647624e-11	0.252943857145598	0.993	0.989	1.12380715087526e-06	P:r1@MMP2	P:r1@MMP2	r1@MMP2	MMP2	MMP2	MMP2	P	sig	beige	beige	day3	8.99045720700208e-06
t3	1.50251440921675e-11	0.295874962030314	0.528	0.393	1.12864374877135e-06	P:r1@HOXC4,r1@AC012531.2	P:r1@HOXC4,r1@AC012531.2	r1@HOXC4,r1@AC012531.2	HOXC4	HOXC4	HOXC4,AC012531.2	P	sig	beige	beige	day1	9.02914999017077e-06
t4	1.56399936219242e-11	0.256120381950153	0.839	0.753	1.17482940089808e-06	P:r1@EPN1	P:r1@EPN1	r1@EPN1	EPN1	EPN1	EPN1	P	sig	beige	beige	day3	9.39863520718466e-06
t3	1.60825360227272e-11	0.306623963388602	0.303	0.2	1.2080718584192e-06	D:r1@ADDG13113640397.R	D:r1@ADDG13113640397.R	r1@..397.R	..397.R	..397.R	ADDG13113640397.R	D	sig	beige	beige	day1	9.66457486735359e-06
t3	1.6167068583907e-11	0.263073407058606	0.523	0.378	1.21442169081735e-06	P:r1@MTRR	P:r1@MTRR	r1@MTRR	MTRR	MTRR	MTRR	P	sig	beige	beige	day1	9.71537352653877e-06
t2	1.64445682135174e-11	0.358481329346224	0.397	0.317	1.23526663049478e-06	P:r1@ATP13A1	P:r1@ATP13A1	r1@ATP13A1	ATP13A1	ATP13A1	ATP13A1	P	sig	beige	beige	day3	9.88213304395827e-06
t3	1.64747328937489e-11	0.373697488766971	0.292	0.192	1.23753251077974e-06	D:r1@ADDG01144153202.B	D:r1@ADDG01144153202.B	r1@..202.B	..202.B	..202.B	ADDG01144153202.B	D	sig	beige	beige	day1	9.90026008623791e-06
t3	1.68664702297379e-11	0.278161616996519	0.447	0.322	1.26695864424722e-06	P:r1@GEMIN4	P:r1@GEMIN4	r1@GEMIN4	GEMIN4	GEMIN4	GEMIN4	P	sig	beige	beige	day1	1.01356691539778e-05
t2	1.70141492968705e-11	0.542385916697578	0.192	0.13	1.27805185273302e-06	P:r1@SEC24C	P:r1@SEC24C	r1@SEC24C	SEC24C	SEC24C	SEC24C	P	sig	beige	beige	day3	1.02244148218642e-05
t3	1.72334083597689e-11	0.297101330541536	0.44	0.314	1.29452193576076e-06	P:r1@TMEM65	P:r1@TMEM65	r1@TMEM65	TMEM65	TMEM65	TMEM65	P	sig	beige	beige	day1	1.03561754860861e-05
t4	1.73570970993979e-11	0.329203829993709	0.799	0.71	1.30381306281547e-06	P:r1@IL17RC	P:r1@IL17RC	r1@IL17RC	IL17RC	IL17RC	IL17RC	P	sig	beige	beige	day3	1.04305045025238e-05
t3	1.78052173388535e-11	0.424607366456937	0.194	0.114	1.33747451084266e-06	P:r1@ADDG17063831409.R	P:r1@ADDG17063831409.R	r1@..409.R	..409.R	..409.R	ADDG17063831409.R	P	sig	beige	beige	day1	1.06997960867413e-05
t3	1.80630832916338e-11	0.254290459641526	0.461	0.327	1.35684462761766e-06	P:r1@PRPF18	P:r1@PRPF18	r1@PRPF18	PRPF18	PRPF18	PRPF18	P	sig	beige	beige	day1	1.08547570209413e-05
t3	1.83065842843563e-11	0.281147271122327	0.538	0.393	1.37513569168799e-06	P:r1@CPSF1	P:r1@CPSF1	r1@CPSF1	CPSF1	CPSF1	CPSF1	P	sig	beige	beige	day1	1.1001085533504e-05
t8	2.01237186114263e-11	0.58757372470492	0.988	0.961	1.51163337093451e-06	P:r1@RPL39P3	P:r1@RPL39P3	r1@RPL39P3	RPL39P3	RPL39P3	RPL39P3	P	sig	beige	beige	day1	1.20930669674761e-05
t3	2.01893575204738e-11	0.350240583456384	0.278	0.179	1.51656396886543e-06	P:r1@GTF3C2	P:r1@GTF3C2	r1@GTF3C2	GTF3C2	GTF3C2	GTF3C2	P	sig	beige	beige	day1	1.21325117509234e-05
t3	2.06645678723236e-11	0.255984699546731	0.54	0.401	1.55226034486533e-06	P:r1@KCTD3	P:r1@KCTD3	r1@KCTD3	KCTD3	KCTD3	KCTD3	P	sig	beige	beige	day1	1.24180827589227e-05
t4	2.24572274873449e-11	0.365985925639096	0.635	0.53	1.68691955716689e-06	P:r1@ADAMTS2	P:r1@ADAMTS2	r1@ADAMTS2	ADAMTS2	ADAMTS2	ADAMTS2	P	sig	beige	beige	day3	1.34953564573351e-05
t0	2.28403465652874e-11	0.46081460995506	0.193	0.131	1.71569831294469e-06	P:r1@ADCY3	P:r1@ADCY3	r1@ADCY3	ADCY3	ADCY3	ADCY3	P	sig	beige	beige	day3	1.37255865035575e-05
t3	2.30233198257142e-11	0.264256956504065	0.397	0.276	1.72944271534817e-06	P:r1@KPNA6	P:r1@KPNA6	r1@KPNA6	KPNA6	KPNA6	KPNA6	P	sig	beige	beige	day1	1.38355417227854e-05
t3	2.30692441739225e-11	0.270127756079776	0.415	0.289	1.73289241461253e-06	P:r1@SART3	P:r1@SART3	r1@SART3	SART3	SART3	SART3	P	sig	beige	beige	day1	1.38631393169003e-05
t2	2.38644638664156e-11	0.282867761509152	0.589	0.52	1.79262693225354e-06	P:r1@LDLR	P:r1@LDLR	r1@LDLR	LDLR	LDLR	LDLR	P	sig	beige	beige	day3	1.43410154580283e-05
t5	2.41419412347966e-11	-0.843848249185156	0.363	0.458	1.81347019973422e-06	P:r1@ADDG01000634140.R	P:r1@ADDG01000634140.R	r1@..140.R	..140.R	..140.R	ADDG01000634140.R	P	sig	white	white	day3	1.45077615978737e-05
t3	2.49232150701661e-11	0.306674453535443	0.337	0.228	1.87215714642567e-06	P:r2@SMARCA2	P:r2@SMARCA2	r2@SMARCA2	SMARCA2	r2@SMARCA2	SMARCA2	P	sig	beige	beige	day1	1.49772571714054e-05
t2	2.49745992823677e-11	0.418366833866062	0.303	0.232	1.87601697429362e-06	P:r1@PBXIP1	P:r1@PBXIP1	r1@PBXIP1	PBXIP1	PBXIP1	PBXIP1	P	sig	beige	beige	day3	1.50081357943489e-05
t3	2.52574737318699e-11	0.406856136602924	0.421	0.308	1.89726565431687e-06	D:r1@ADDG01092841858.R	D:r1@ADDG01092841858.R	r1@..858.R	..858.R	..858.R	ADDG01092841858.R	D	sig	beige	beige	day1	1.51781252345349e-05
t3	2.53021071638768e-11	0.366290740052002	0.373	0.261	1.90061838382894e-06	D:r1@ADDG07030609665.R	D:r1@ADDG07030609665.R	r1@..665.R	..665.R	..665.R	ADDG07030609665.R	D	sig	beige	beige	day1	1.52049470706315e-05
t3	2.57493670971993e-11	0.380228155529494	0.205	0.122	1.93421520824032e-06	P:r1@CU638689.1,r1@CU638689.4	P:r1@CU638689.1,r1@CU638689.4	r1@CU638689.1,r1@CU638689.4	CU638689.1	CU638689.1	CU638689.1,CU638689.4	P	sig	beige	beige	day1	1.54737216659226e-05
t5	2.64304599185472e-11	0.338343571091853	0.994	0.993	1.98537685770151e-06	D:r1@ADDG21008988652.B	D:r1@ADDG21008988652.B	r1@..652.B	..652.B	..652.B	ADDG21008988652.B	D	sig	beige	beige	day3	1.58830148616121e-05
t6	2.70380243065746e-11	-0.349836787559134	0.818	0.919	2.03101527183696e-06	P:r1@SNHG6	P:r1@SNHG6	r1@SNHG6	SNHG6	SNHG6	SNHG6	P	sig	white	white	day3	1.62481221746957e-05
t3	2.71991234779268e-11	0.403305143606026	0.228	0.141	2.04311655829143e-06	P:r1@HIRIP3	P:r1@HIRIP3	r1@HIRIP3	HIRIP3	HIRIP3	HIRIP3	P	sig	beige	beige	day1	1.63449324663314e-05
t3	2.73677909692827e-11	0.392360245621102	0.218	0.134	2.05578635423961e-06	D:r1@ADDG04042022872.R	D:r1@ADDG04042022872.R	r1@..872.R	..872.R	..872.R	ADDG04042022872.R	D	sig	beige	beige	day1	1.64462908339169e-05
t3	2.81316089732114e-11	0.253183605723939	0.511	0.367	2.11316207124072e-06	P:r1@TBK1	P:r1@TBK1	r1@TBK1	TBK1	TBK1	TBK1	P	sig	beige	beige	day1	1.69052965699257e-05
t3	2.82033643575962e-11	0.332285655599208	0.398	0.283	2.11855212044955e-06	D:r1@ADDG12124012465.R	D:r1@ADDG12124012465.R	r1@..465.R	..465.R	..465.R	ADDG12124012465.R	D	sig	beige	beige	day1	1.69484169635964e-05
t6	2.83647374473679e-11	-0.317684986925818	0.928	0.972	2.13067398283393e-06	P:r1@ADDG0X023667874.F,r1@PRDX4	P:r1@ADDG0X023667874.F,r1@PRDX4	r1@..874.F,r1@PRDX4	..874.F	..874.F	ADDG0X023667874.F,PRDX4	P	sig	white	white	day3	1.70453918626715e-05
t2	2.91738522893718e-11	0.256386525023026	0.612	0.529	2.19145226242074e-06	P:r1@RETSAT	P:r1@RETSAT	r1@RETSAT	RETSAT	RETSAT	RETSAT	P	sig	beige	beige	day3	1.7531618099366e-05
t3	2.98614246295312e-11	0.346376247397936	0.283	0.184	2.2431006338965e-06	P:r1@RPS26P8	P:r1@RPS26P8	r1@RPS26P8	RPS26P8	RPS26P8	RPS26P8	P	sig	beige	beige	day1	1.7944805071172e-05
t4	3.03238524797499e-11	0.271704417966734	0.752	0.663	2.27783682672138e-06	P:r1@TBC1D16	P:r1@TBC1D16	r1@TBC1D16	TBC1D16	TBC1D16	TBC1D16	P	sig	beige	beige	day3	1.8222694613771e-05
t2	3.07848948430131e-11	0.442550927766344	0.283	0.214	2.31246894592261e-06	P:r1@PPP6R1	P:r1@PPP6R1	r1@PPP6R1	PPP6R1	PPP6R1	PPP6R1	P	sig	beige	beige	day3	1.84997515673809e-05
t0	3.27821362881486e-11	0.333754367420615	0.306	0.227	2.46249573155686e-06	P:r1@UBA1	P:r1@UBA1	r1@UBA1	UBA1	UBA1	UBA1	P	sig	beige	beige	day3	1.96999658524548e-05
t3	3.33793790744605e-11	0.282336198609473	0.661	0.533	2.50735881793625e-06	P:r1@PC	P:r1@PC	r1@PC	PC	PC	PC	P	sig	beige	beige	day1	2.005887054349e-05
t0	3.36895929599762e-11	0.374062394357772	0.302	0.227	2.53066115437453e-06	P:r1@TRIM8	P:r1@TRIM8	r1@TRIM8	TRIM8	TRIM8	TRIM8	P	sig	beige	beige	day3	2.02452892349962e-05
t3	3.44932114576726e-11	0.268228194976179	0.636	0.491	2.59102656506599e-06	P:r1@TPRG1L	P:r1@TPRG1L	r1@TPRG1L	TPRG1L	TPRG1L	TPRG1L	P	sig	beige	beige	day1	2.07282125205279e-05
t2	3.46243228958753e-11	0.456283447209203	0.324	0.255	2.60087526296946e-06	P:r1@OBSL1	P:r1@OBSL1	r1@OBSL1	OBSL1	OBSL1	OBSL1	P	sig	beige	beige	day3	2.08070021037557e-05
t3	3.50982049214372e-11	0.402366035670267	0.173	0.099	2.6364718590836e-06	D:r1@ADDG08017938871.R	D:r1@ADDG08017938871.R	r1@..871.R	..871.R	..871.R	ADDG08017938871.R	D	sig	beige	beige	day1	2.10917748726688e-05
t3	3.66162143757087e-11	0.263879208765619	0.808	0.7	2.75050017526011e-06	P:r1@WLS	P:r1@WLS	r1@WLS	WLS	WLS	WLS	P	sig	beige	beige	day1	2.20040014020809e-05
t3	3.71780587909098e-11	0.350830843199708	0.235	0.146	2.79270424219677e-06	P:r1@DBT	P:r1@DBT	r1@DBT	DBT	DBT	DBT	P	sig	beige	beige	day1	2.23416339375742e-05
t2	3.92527615993622e-11	0.47762187772572	0.327	0.258	2.94854969305929e-06	P:r1@ATP9A	P:r1@ATP9A	r1@ATP9A	ATP9A	ATP9A	ATP9A	P	sig	beige	beige	day3	2.35883975444743e-05
t3	4.14094040311164e-11	0.405877548327448	0.274	0.179	3.11055020260537e-06	D:r1@ADDG13042301112.R	D:r1@ADDG13042301112.R	r1@..112.R	..112.R	..112.R	ADDG13042301112.R	D	sig	beige	beige	day1	2.48844016208429e-05
t2	4.18462689226523e-11	0.267886573529397	0.721	0.669	3.14336618266288e-06	P:r1@FBN1	P:r1@FBN1	r1@FBN1	FBN1	FBN1	FBN1	P	sig	beige	beige	day3	2.5146929461303e-05
t2	4.2556498829127e-11	0.364150457584208	0.325	0.252	3.19671652254753e-06	P:r1@GCN1	P:r1@GCN1	r1@GCN1	GCN1	GCN1	GCN1	P	sig	beige	beige	day3	2.55737321803803e-05
t3	4.38456329961383e-11	0.285161267963277	0.379	0.267	3.29355241377092e-06	P:r1@EXT1	P:r1@EXT1	r1@EXT1	EXT1	EXT1	EXT1	P	sig	beige	beige	day1	2.63484193101674e-05
t3	4.42123456596706e-11	0.294772547174137	0.409	0.288	3.32109876891748e-06	P:r1@POLR3E	P:r1@POLR3E	r1@POLR3E	POLR3E	POLR3E	POLR3E	P	sig	beige	beige	day1	2.65687901513398e-05
t2	4.51840424453534e-11	0.301584967774208	0.873	0.865	3.39408971636761e-06	P:r1@ALDH1A3	P:r1@ALDH1A3	r1@ALDH1A3	ALDH1A3	ALDH1A3	ALDH1A3	P	sig	beige	beige	day3	2.71527177309409e-05
t3	4.64132542426844e-11	0.383104897769179	0.243	0.155	3.48642441894773e-06	P:r1@AC026273.1	P:r1@AC026273.1	r1@AC026273.1	AC026273.1	AC026273.1	AC026273.1	P	sig	beige	beige	day1	2.78913953515818e-05
t8	4.64689259274253e-11	0.552190453907599	0.982	1	3.49060630889041e-06	D:r1@ADDG21008260936.B	D:r1@ADDG21008260936.B	r1@..936.B	..936.B	..936.B	ADDG21008260936.B	D	sig	beige	beige	day1	2.79248504711233e-05
t4	4.65574043566295e-11	0.330209428185963	0.725	0.637	3.49725254305694e-06	P:r1@ANPEP	P:r1@ANPEP	r1@ANPEP	ANPEP	ANPEP	ANPEP	P	sig	beige	beige	day3	2.79780203444555e-05
t3	4.6998002183714e-11	0.303629694864207	0.267	0.171	3.53034893003405e-06	P:r1@ZNF251	P:r1@ZNF251	r1@ZNF251	ZNF251	ZNF251	ZNF251	P	sig	beige	beige	day1	2.82427914402724e-05
t2	4.93730663048962e-11	0.265459629052358	0.549	0.478	3.70875662162488e-06	P:r1@ST6GALNAC6,r1@AL157935.2	P:r1@ST6GALNAC6,r1@AL157935.2	r1@ST6GALNAC6,r1@AL157935.2	ST6GALNAC6	ST6GALNAC6	ST6GALNAC6,AL157935.2	P	sig	beige	beige	day3	2.96700529729991e-05
t3	5.09128877291332e-11	0.461351196165244	0.214	0.132	3.8244233875493e-06	P:r1@ADDG07127591402.R	P:r1@ADDG07127591402.R	r1@..402.R	..402.R	..402.R	ADDG07127591402.R	P	sig	beige	beige	day1	3.05953871003944e-05
t3	5.13686115783773e-11	0.349501645819839	0.25	0.158	3.85865599593297e-06	P:r1@ZNRF2	P:r1@ZNRF2	r1@ZNRF2	ZNRF2	ZNRF2	ZNRF2	P	sig	beige	beige	day1	3.08692479674637e-05
t3	5.39078678052423e-11	0.435136267833857	0.223	0.14	4.04939730592638e-06	D:r1@ADDG06052503266.F	D:r1@ADDG06052503266.F	r1@..266.F	..266.F	..266.F	ADDG06052503266.F	D	sig	beige	beige	day1	3.23951784474111e-05
t3	5.48702245280014e-11	0.339930704182546	0.303	0.202	4.12168665586988e-06	P:r1@ADDG11006393244.R	P:r1@ADDG11006393244.R	r1@..244.R	..244.R	..244.R	ADDG11006393244.R	P	sig	beige	beige	day1	3.29734932469591e-05
t3	5.52498263495887e-11	0.352563206776189	0.378	0.27	4.15020120590205e-06	P:r1@FHOD1	P:r1@FHOD1	r1@FHOD1	FHOD1	FHOD1	FHOD1	P	sig	beige	beige	day1	3.32016096472164e-05
t3	5.58812413461208e-11	0.44339114180881	0.223	0.14	4.19763120619656e-06	D:r1@ADDG0X151406219.R	D:r1@ADDG0X151406219.R	r1@..219.R	..219.R	..219.R	ADDG0X151406219.R	D	sig	beige	beige	day1	3.35810496495725e-05
t3	5.59899265693795e-11	0.278203969332881	0.276	0.178	4.20579531411208e-06	P:r1@ADNP	P:r1@ADNP	r1@ADNP	ADNP	ADNP	ADNP	P	sig	beige	beige	day1	3.36463625128966e-05
t3	5.65471230643722e-11	0.265950764652176	0.604	0.463	4.24765024322645e-06	P:r1@INTS5	P:r1@INTS5	r1@INTS5	INTS5	INTS5	INTS5	P	sig	beige	beige	day1	3.39812019458116e-05
t2	5.68425344163251e-11	0.550022744608834	0.195	0.135	4.26984065775109e-06	P:r1@FOXP4	P:r1@FOXP4	r1@FOXP4	FOXP4	FOXP4	FOXP4	P	sig	beige	beige	day3	3.41587252620088e-05
t3	5.68823895870790e-11	0.397538431350329	0.238	0.152	4.27283445861262e-06	P:r1@FBXL14	P:r1@FBXL14	r1@FBXL14	FBXL14	FBXL14	FBXL14	P	sig	beige	beige	day1	3.41826756689009e-05
t0	5.82127576896636e-11	0.393551703628389	0.275	0.205	4.37276771937446e-06	P:r1@ESYT1	P:r1@ESYT1	r1@ESYT1	ESYT1	ESYT1	ESYT1	P	sig	beige	beige	day3	3.49821417549957e-05
t2	5.86934808157172e-11	0.468365913475226	0.281	0.213	4.40887819843423e-06	P:r1@SRCAP	P:r1@SRCAP	r1@SRCAP	SRCAP	SRCAP	SRCAP	P	sig	beige	beige	day3	3.52710255874738e-05
t3	6.02977241496399e-11	0.251388819188273	0.602	0.465	4.5293841449485e-06	P:r1@VARS	P:r1@VARS	r1@VARS	VARS	VARS	VARS	P	sig	beige	beige	day1	3.6235073159588e-05
t2	6.19004463040156e-11	0.26713347847518	0.633	0.563	4.64977582501874e-06	P:r1@TOB2	P:r1@TOB2	r1@TOB2	TOB2	TOB2	TOB2	P	sig	beige	beige	day3	3.71982066001499e-05
t2	6.24778708586109e-11	0.404280097925519	0.317	0.243	4.69315022528628e-06	P:r1@RNPEPL1	P:r1@RNPEPL1	r1@RNPEPL1	RNPEPL1	RNPEPL1	RNPEPL1	P	sig	beige	beige	day3	3.75452018022902e-05
t3	6.34338796204742e-11	0.306424234706627	0.316	0.212	4.76496273545116e-06	P:r1@UMAD1,r1@AC007161.3	P:r1@UMAD1,r1@AC007161.3	r1@UMAD1,r1@AC007161.3	UMAD1	UMAD1	UMAD1,AC007161.3	P	sig	beige	beige	day1	3.81197018836093e-05
t3	6.38346385662102e-11	0.328376977409976	0.314	0.21	4.79506654517801e-06	P:r1@UNK	P:r1@UNK	r1@UNK	UNK	UNK	UNK	P	sig	beige	beige	day1	3.83605323614241e-05
t0	6.47022810234146e-11	0.365800525854971	0.274	0.2	4.86024124363583e-06	P:r1@SREBF2	P:r1@SREBF2	r1@SREBF2	SREBF2	SREBF2	SREBF2	P	sig	beige	beige	day3	3.88819299490867e-05
t3	6.59969085129225e-11	0.385142470537521	0.208	0.127	4.9574897767652e-06	P:r1@MAP3K6	P:r1@MAP3K6	r1@MAP3K6	MAP3K6	MAP3K6	MAP3K6	P	sig	beige	beige	day1	3.96599182141216e-05
t4	6.7913800072813e-11	0.859274766606522	0.143	0.076	5.1014809200695e-06	P:r1@LTBP2	P:r1@LTBP2	r1@LTBP2	LTBP2	LTBP2	LTBP2	P	sig	beige	beige	day3	4.0811847360556e-05
t2	7.05715248612948e-11	0.623194115008406	0.128	0.078	5.30112123300588e-06	P:r1@SCRIB	P:r1@SCRIB	r1@SCRIB	SCRIB	SCRIB	SCRIB	P	sig	beige	beige	day3	4.2408969864047e-05
t5	7.10611314868977e-11	0.332647998888549	0.784	0.685	5.3378990139013e-06	P:r1@LRP10	P:r1@LRP10	r1@LRP10	LRP10	LRP10	LRP10	P	sig	beige	beige	day3	4.27031921112104e-05
t3	7.20149632101173e-11	0.353768511859795	0.352	0.238	5.40954799145438e-06	D:r1@ADDG21008437736.F	D:r1@ADDG21008437736.F	r1@..736.F	..736.F	..736.F	ADDG21008437736.F	D	sig	beige	beige	day1	4.32763839316351e-05
t4	7.30468383992037e-11	0.261695972884375	0.776	0.676	5.48705936003299e-06	P:r1@PXDN	P:r1@PXDN	r1@PXDN	PXDN	PXDN	PXDN	P	sig	beige	beige	day3	4.38964748802639e-05
t3	7.44742526950987e-11	0.286775273028937	0.386	0.271	5.59428243969773e-06	P:r1@PLCB3	P:r1@PLCB3	r1@PLCB3	PLCB3	PLCB3	PLCB3	P	sig	beige	beige	day1	4.47542595175818e-05
t3	7.48636765114594e-11	0.305304683301991	0.421	0.3	5.6235347885113e-06	D:r1@ADDG12057162502.B	D:r1@ADDG12057162502.B	r1@..502.B	..502.B	..502.B	ADDG12057162502.B	D	sig	beige	beige	day1	4.49882783080904e-05
t2	7.66605126304533e-11	0.549313408942906	0.145	0.092	5.75850772726176e-06	P:r1@PLXNB2	P:r1@PLXNB2	r1@PLXNB2	PLXNB2	PLXNB2	PLXNB2	P	sig	beige	beige	day3	4.60680618180941e-05
t3	7.80281428123514e-11	0.458365784847228	0.149	0.083	5.8612400036354e-06	D:r1@ADDG16004316027.B	D:r1@ADDG16004316027.B	r1@..027.B	..027.B	..027.B	ADDG16004316027.B	D	sig	beige	beige	day1	4.68899200290832e-05
t3	7.91731609624624e-11	0.27270538227703	0.285	0.186	5.94725033201729e-06	D:r1@ADDG07112821781.F	D:r1@ADDG07112821781.F	r1@..781.F	..781.F	..781.F	ADDG07112821781.F	D	sig	beige	beige	day1	4.75780026561383e-05
t2	7.9975133379501e-11	0.528017049848022	0.234	0.171	6.00749209406798e-06	P:r1@SSC5D	P:r1@SSC5D	r1@SSC5D	SSC5D	SSC5D	SSC5D	P	sig	beige	beige	day3	4.80599367525438e-05
t8	8.34791960033236e-11	0.570592763423826	0.988	0.929	6.27070676618166e-06	P:r1@RPS28P7	P:r1@RPS28P7	r1@RPS28P7	RPS28P7	RPS28P7	RPS28P7	P	sig	beige	beige	day1	5.01656541294533e-05
t8	8.36015565108956e-11	0.57359869314221	0.994	1	6.27989812042895e-06	D:r1@ADDG21008443541.B	D:r1@ADDG21008443541.B	r1@..541.B	..541.B	..541.B	ADDG21008443541.B	D	sig	beige	beige	day1	5.02391849634316e-05
t3	8.37598707615059e-11	0.30607347825889	0.355	0.245	6.29179021199204e-06	P:r1@HIC2	P:r1@HIC2	r1@HIC2	HIC2	HIC2	HIC2	P	sig	beige	beige	day1	5.03343216959363e-05
t6	8.3973401162326e-11	0.367277921454614	0.946	0.947	6.30782997511045e-06	P:r1@HSPD1	P:r1@HSPD1	r1@HSPD1	HSPD1	HSPD1	HSPD1	P	sig	beige	beige	day3	5.04626398008836e-05
t0	8.76529575493316e-11	0.389534724935556	0.249	0.181	6.58422721223314e-06	P:r1@RNPEPL1	P:r1@RNPEPL1	r1@RNPEPL1	RNPEPL1	RNPEPL1	RNPEPL1	P	sig	beige	beige	day3	5.26738176978651e-05
t2	8.8382225124591e-11	0.27331192329122	0.737	0.694	6.6390076046839e-06	P:r1@VCAN	P:r1@VCAN	r1@VCAN	VCAN	VCAN	VCAN	P	sig	beige	beige	day3	5.31120608374712e-05
t3	8.8743407467403e-11	0.371546127730561	0.355	0.252	6.66613853872891e-06	D:r1@ADDG13039343968.F	D:r1@ADDG13039343968.F	r1@..968.F	..968.F	..968.F	ADDG13039343968.F	D	sig	beige	beige	day1	5.33291083098313e-05
t3	8.92061696429717e-11	0.313937450054988	0.278	0.18	6.7008998450711e-06	P:r1@ACAP3	P:r1@ACAP3	r1@ACAP3	ACAP3	ACAP3	ACAP3	P	sig	beige	beige	day1	5.36071987605688e-05
t3	8.97637225962875e-11	0.286851658845509	0.353	0.243	6.74278155026533e-06	D:r1@ADDG01032672661.R	D:r1@ADDG01032672661.R	r1@..661.R	..661.R	..661.R	ADDG01032672661.R	D	sig	beige	beige	day1	5.39422524021226e-05
t3	9.1537052137711e-11	0.506585970266911	0.153	0.086	6.87598874542844e-06	D:r1@ADDG19052016741.F	D:r1@ADDG19052016741.F	r1@..741.F	..741.F	..741.F	ADDG19052016741.F	D	sig	beige	beige	day1	5.50079099634275e-05
t3	9.20648697863631e-11	0.255101264652876	0.635	0.486	6.91563682374224e-06	P:r1@AIDA	P:r1@AIDA	r1@AIDA	AIDA	AIDA	AIDA	P	sig	beige	beige	day1	5.53250945899379e-05
t4	9.33320931538065e-11	0.380513659877583	0.464	0.354	7.01082684143448e-06	P:r1@KLF13	P:r1@KLF13	r1@KLF13	KLF13	KLF13	KLF13	P	sig	beige	beige	day3	5.60866147314759e-05
t0	9.58244423296365e-11	0.413180811457033	0.367	0.291	7.19804463447531e-06	P:r1@ITGA5	P:r1@ITGA5	r1@ITGA5	ITGA5	ITGA5	ITGA5	P	sig	beige	beige	day3	5.75843570758024e-05
t3	9.92962370159854e-11	0.277255698050443	0.298	0.198	7.45883543592978e-06	P:r1@SH2B1	P:r1@SH2B1	r1@SH2B1	SH2B1	SH2B1	SH2B1	P	sig	beige	beige	day1	5.96706834874382e-05
t0	1.00501572362733e-10	0.324260361619732	0.302	0.228	7.54937661117144e-06	P:r1@FOXO3	P:r1@FOXO3	r1@FOXO3	FOXO3	FOXO3	FOXO3	P	sig	beige	beige	day3	6.03950128893715e-05
t3	1.00689854204799e-10	0.253565456335863	0.28	0.184	7.56351977830192e-06	P:r1@ZNF267	P:r1@ZNF267	r1@ZNF267	ZNF267	ZNF267	ZNF267	P	sig	beige	beige	day1	6.05081582264154e-05
t4	1.02881611980811e-10	0.261781536745602	0.977	0.965	7.72815804716257e-06	P:r1@IGFBP4	P:r1@IGFBP4	r1@IGFBP4	IGFBP4	IGFBP4	IGFBP4	P	sig	beige	beige	day3	6.18252643773005e-05
t8	1.04836347964567e-10	0.5737647498887	1	1	7.8749919500544e-06	D:r1@ADDG21008209995.F	D:r1@ADDG21008209995.F	r1@..995.F	..995.F	..995.F	ADDG21008209995.F	D	sig	beige	beige	day1	6.29999356004352e-05
t0	1.0677832328631e-10	0.330573240512487	0.284	0.211	8.02086731029771e-06	D:r1@ADDG0X154532271.B	D:r1@ADDG0X154532271.B	r1@..271.B	..271.B	..271.B	ADDG0X154532271.B	D	sig	beige	beige	day3	6.41669384823817e-05
t3	1.073885098944e-10	0.268285349938881	0.532	0.396	8.06670269773762e-06	P:r1@DPP9	P:r1@DPP9	r1@DPP9	DPP9	DPP9	DPP9	P	sig	beige	beige	day1	6.4533621581901e-05
t2	1.08054564424752e-10	0.258822678132715	0.578	0.511	8.11673471589406e-06	P:r1@MVP	P:r1@MVP	r1@MVP	MVP	MVP	MVP	P	sig	beige	beige	day3	6.49338777271525e-05
t0	1.11352904774765e-10	0.408192880839651	0.269	0.198	8.36449614796604e-06	P:r1@PBXIP1	P:r1@PBXIP1	r1@PBXIP1	PBXIP1	PBXIP1	PBXIP1	P	sig	beige	beige	day3	6.69159691837283e-05
t3	1.1175624102795e-10	0.280709938352302	0.467	0.341	8.3947935572965e-06	P:r1@REXO4	P:r1@REXO4	r1@REXO4	REXO4	REXO4	REXO4	P	sig	beige	beige	day1	6.7158348458372e-05
t0	1.13921513179704e-10	0.371796595096781	0.241	0.173	8.55744230551981e-06	P:r1@RNF26	P:r1@RNF26	r1@RNF26	RNF26	RNF26	RNF26	P	sig	beige	beige	day3	6.84595384441585e-05
t3	1.14065947906964e-10	0.41891210949155	0.189	0.114	8.56829180892744e-06	D:r1@ADDG02027309704.F	D:r1@ADDG02027309704.F	r1@..704.F	..704.F	..704.F	ADDG02027309704.F	D	sig	beige	beige	day1	6.85463344714195e-05
t2	1.18069547660955e-10	0.36298893784447	0.338	0.27	8.86903021164799e-06	P:r1@LAMB2	P:r1@LAMB2	r1@LAMB2	LAMB2	LAMB2	LAMB2	P	sig	beige	beige	day3	7.09522416931839e-05
t8	1.26434029575678e-10	0.715068689689987	0.969	0.813	9.49734499963617e-06	P:r1@RPL15P3	P:r1@RPL15P3	r1@RPL15P3	RPL15P3	RPL15P3	RPL15P3	P	sig	beige	beige	day1	7.59787599970893e-05
t3	1.28078013681894e-10	0.42958549601005	0.185	0.11	9.62083615374285e-06	P:r3@ADDG06031271592.B	P:r3@ADDG06031271592.B	r3@..592.B	..592.B	r3@..592.B	ADDG06031271592.B	P	sig	beige	beige	day1	7.69666892299428e-05
t3	1.2924508826891e-10	0.256833499367924	0.437	0.309	9.70850329549568e-06	P:r1@ZDHHC5	P:r1@ZDHHC5	r1@ZDHHC5	ZDHHC5	ZDHHC5	ZDHHC5	P	sig	beige	beige	day1	7.76680263639655e-05
t3	1.30013760656174e-10	0.384533019719571	0.219	0.136	9.76624365920982e-06	D:r1@ADDG01146155715.F	D:r1@ADDG01146155715.F	r1@..715.F	..715.F	..715.F	ADDG01146155715.F	D	sig	beige	beige	day1	7.81299492736785e-05
t0	1.37011065914217e-10	0.276328033513545	0.467	0.381	1.02918602382783e-05	P:r1@ANGPTL2	P:r1@ANGPTL2	r1@ANGPTL2	ANGPTL2	ANGPTL2	ANGPTL2	P	sig	beige	beige	day3	8.23348819062261e-05
t0	1.4623520325502e-10	0.460460441311704	0.17	0.114	1.09847497629074e-05	D:r1@ADDG17001676673.F	D:r1@ADDG17001676673.F	r1@..673.F	..673.F	..673.F	ADDG17001676673.F	D	sig	beige	beige	day3	8.78779981032589e-05
t2	1.47873471485025e-10	0.257714230993946	0.454	0.375	1.11078115575406e-05	P:r1@ABHD4	P:r1@ABHD4	r1@ABHD4	ABHD4	ABHD4	ABHD4	P	sig	beige	beige	day3	8.88624924603249e-05
t2	1.52132488788501e-10	0.500323939351651	0.229	0.167	1.14277361603259e-05	P:r1@LRP5	P:r1@LRP5	r1@LRP5	LRP5	LRP5	LRP5	P	sig	beige	beige	day3	9.14218892826068e-05
t2	1.53235764611936e-10	0.312869958124806	0.478	0.411	1.15106109303548e-05	P:r2@LIPE	P:r2@LIPE	r2@LIPE	LIPE	r2@LIPE	LIPE	P	sig	beige	beige	day3	9.20848874428383e-05
t0	1.53959767929183e-10	0.299015018886792	0.356	0.275	1.15649958875364e-05	P:r1@ZBTB7A	P:r1@ZBTB7A	r1@ZBTB7A	ZBTB7A	ZBTB7A	ZBTB7A	P	sig	beige	beige	day3	9.25199671002913e-05
t3	1.56696442886627e-10	0.299337580772765	0.338	0.23	1.17705667003148e-05	P:r1@PI4KA	P:r1@PI4KA	r1@PI4KA	PI4KA	PI4KA	PI4KA	P	sig	beige	beige	day1	9.4164533602518e-05
t0	1.62445491522682e-10	0.399894893790898	0.253	0.186	1.22024179867093e-05	P:r1@UPF1	P:r1@UPF1	r1@UPF1	UPF1	UPF1	UPF1	P	sig	beige	beige	day3	9.76193438936743e-05
t3	1.63016965306228e-10	0.263366313700432	0.434	0.31	1.22453453829079e-05	P:r1@ATP6V1B2	P:r1@ATP6V1B2	r1@ATP6V1B2	ATP6V1B2	ATP6V1B2	ATP6V1B2	P	sig	beige	beige	day1	9.79627630632633e-05
t3	1.64068911452597e-10	0.257418462879211	0.546	0.411	1.23243644215847e-05	P:r1@PPP6R3	P:r1@PPP6R3	r1@PPP6R3	PPP6R3	PPP6R3	PPP6R3	P	sig	beige	beige	day1	9.8594915372678e-05
t3	1.6470184614746e-10	0.334960126682719	0.279	0.184	1.23719085770588e-05	P:r1@MAP3K11	P:r1@MAP3K11	r1@MAP3K11	MAP3K11	MAP3K11	MAP3K11	P	sig	beige	beige	day1	9.89752686164702e-05
t3	1.6654210870638e-10	0.308646693989229	0.263	0.169	1.25101435796971e-05	P:r1@ARL17A	P:r1@ARL17A	r1@ARL17A	ARL17A	ARL17A	ARL17A	P	sig	beige	beige	day1	0.000100081148637577
t3	1.70282141693559e-10	0.317140969873758	0.526	0.406	1.27910836375951e-05	P:r1@ZNF703	P:r1@ZNF703	r1@ZNF703	ZNF703	ZNF703	ZNF703	P	sig	beige	beige	day1	0.000102328669100761
t3	1.7110722693722e-10	-0.513606989641641	0.528	0.579	1.28530615658431e-05	P:r1@TAGLN	P:r1@TAGLN	r1@TAGLN	TAGLN	TAGLN	TAGLN	P	sig	white	white	day1	0.000102824492526745
t0	1.75548367933565e-10	0.408325058191484	0.202	0.141	1.31866667540656e-05	P:r1@ITPRIPL2,r1@AC099518.3	P:r1@ITPRIPL2,r1@AC099518.3	r1@ITPRIPL2,r1@AC099518.3	ITPRIPL2	ITPRIPL2	ITPRIPL2,AC099518.3	P	sig	beige	beige	day3	0.000105493334032525
t3	1.76047814731421e-10	0.256044860315792	0.632	0.492	1.32241836991802e-05	P:r1@PPT1	P:r1@PPT1	r1@PPT1	PPT1	PPT1	PPT1	P	sig	beige	beige	day1	0.000105793469593441
t2	1.77224910622359e-10	0.375092529940765	0.386	0.321	1.33126036112197e-05	P:r1@ALDH1B1	P:r1@ALDH1B1	r1@ALDH1B1	ALDH1B1	ALDH1B1	ALDH1B1	P	sig	beige	beige	day3	0.000106500828889758
t3	1.77746160625996e-10	0.362281040005524	0.229	0.145	1.3351758347743e-05	P:r1@ZNF28,r1@ZNF468	P:r1@ZNF28,r1@ZNF468	r1@ZNF28,r1@ZNF468	ZNF28	ZNF28	ZNF28,ZNF468	P	sig	beige	beige	day1	0.000106814066781944
t2	1.83603470648205e-10	0.301840323322835	0.497	0.427	1.37917419046812e-05	P:r1@RXRA	P:r1@RXRA	r1@RXRA	RXRA	RXRA	RXRA	P	sig	beige	beige	day3	0.00011033393523745
t3	1.93047021381407e-10	0.268248841143823	0.345	0.235	1.45011131051071e-05	P:r1@TAB2	P:r1@TAB2	r1@TAB2	TAB2	TAB2	TAB2	P	sig	beige	beige	day1	0.000116008904840857
t0	1.95966521330301e-10	0.27812557297952	0.452	0.367	1.47204171827682e-05	P:r1@FLII	P:r1@FLII	r1@FLII	FLII	FLII	FLII	P	sig	beige	beige	day3	0.000117763337462145
t3	1.97549659520726e-10	0.31213707219722	0.268	0.173	1.48393377742184e-05	P:r1@PIKFYVE	P:r1@PIKFYVE	r1@PIKFYVE	PIKFYVE	PIKFYVE	PIKFYVE	P	sig	beige	beige	day1	0.000118714702193747
t3	1.98207462820099e-10	0.397845433645969	0.173	0.102	1.48887499846573e-05	P:r1@ZNF865	P:r1@ZNF865	r1@ZNF865	ZNF865	ZNF865	ZNF865	P	sig	beige	beige	day1	0.000119109999877259
t4	2.01669966805181e-10	0.338667088351097	0.646	0.533	1.51488428965048e-05	P:r1@AKT2	P:r1@AKT2	r1@AKT2	AKT2	AKT2	AKT2	P	sig	beige	beige	day3	0.000121190743172038
t3	2.08271958676695e-10	-0.317016939972991	0.764	0.781	1.56447647199173e-05	P:r1@LIMA1	P:r1@LIMA1	r1@LIMA1	LIMA1	LIMA1	LIMA1	P	sig	white	white	day1	0.000125158117759338
t2	2.09548969680241e-10	0.442898119015947	0.237	0.172	1.57406899554707e-05	P:r1@NDRG1	P:r1@NDRG1	r1@NDRG1	NDRG1	NDRG1	NDRG1	P	sig	beige	beige	day3	0.000125925519643766
t2	2.1043484474702e-10	0.350262553406544	0.332	0.26	1.58072342328619e-05	P:r1@EMC1	P:r1@EMC1	r1@EMC1	EMC1	EMC1	EMC1	P	sig	beige	beige	day3	0.000126457873862895
t2	2.10535540854207e-10	0.348021159399464	0.388	0.315	1.58147982223455e-05	P:r1@COLGALT1	P:r1@COLGALT1	r1@COLGALT1	COLGALT1	COLGALT1	COLGALT1	P	sig	beige	beige	day3	0.000126518385778764
t3	2.13690109917793e-10	0.349379813253675	0.302	0.205	1.60517599866949e-05	P:r1@TIGD5	P:r1@TIGD5	r1@TIGD5	TIGD5	TIGD5	TIGD5	P	sig	beige	beige	day1	0.000128414079893559
t2	2.15150248369118e-10	0.299716955326568	0.431	0.354	1.6161441206743e-05	P:r1@SLC16A1	P:r1@SLC16A1	r1@SLC16A1	SLC16A1	SLC16A1	SLC16A1	P	sig	beige	beige	day3	0.000129291529653944
t2	2.15861386478827e-10	0.444561053205768	0.29	0.223	1.62148597681301e-05	D:r1@ADDG09128581871.R	D:r1@ADDG09128581871.R	r1@..871.R	..871.R	..871.R	ADDG09128581871.R	D	sig	beige	beige	day3	0.00012971887814504
t3	2.18920810314033e-10	0.407509955922482	0.362	0.262	1.64446745083592e-05	P:r1@SLC7A8	P:r1@SLC7A8	r1@SLC7A8	SLC7A8	SLC7A8	SLC7A8	P	sig	beige	beige	day1	0.000131557396066874
t3	2.24482992612817e-10	0.294902426749896	0.301	0.204	1.68624889560969e-05	P:r1@PSME4	P:r1@PSME4	r1@PSME4	PSME4	PSME4	PSME4	P	sig	beige	beige	day1	0.000134899911648776
t0	2.25471757905616e-10	0.54979328208781	0.167	0.113	1.69367620385962e-05	P:r1@TSC22D2	P:r1@TSC22D2	r1@TSC22D2	TSC22D2	TSC22D2	TSC22D2	P	sig	beige	beige	day3	0.00013549409630877
t0	2.2798074771607e-10	0.275972246872703	0.385	0.304	1.7125229826188e-05	P:r1@CD276	P:r1@CD276	r1@CD276	CD276	CD276	CD276	P	sig	beige	beige	day3	0.000137001838609504
t0	2.3908719286531e-10	0.257084705654259	0.561	0.476	1.79595126664635e-05	P:r1@ZBTB16	P:r1@ZBTB16	r1@ZBTB16	ZBTB16	ZBTB16	ZBTB16	P	sig	beige	beige	day3	0.000143676101331708
t3	2.42933521938521e-10	0.331726754641294	0.312	0.213	1.82484373674559e-05	P:r1@ULK1	P:r1@ULK1	r1@ULK1	ULK1	ULK1	ULK1	P	sig	beige	beige	day1	0.000145987498939647
t3	2.43006578899602e-10	0.2812120370298	0.385	0.272	1.82539251872014e-05	P:r1@THBS3	P:r1@THBS3	r1@THBS3	THBS3	THBS3	THBS3	P	sig	beige	beige	day1	0.000146031401497611
t2	2.48088588489741e-10	0.297094745875765	0.47	0.402	1.86356705015838e-05	P:r1@MRC2	P:r1@MRC2	r1@MRC2	MRC2	MRC2	MRC2	P	sig	beige	beige	day3	0.000149085364012671
t3	2.54093959341857e-10	0.296368181506468	0.606	0.476	1.90867759438823e-05	P:r1@ELAC2	P:r1@ELAC2	r1@ELAC2	ELAC2	ELAC2	ELAC2	P	sig	beige	beige	day1	0.000152694207551058
t6	2.5744814707663e-10	-1.28894954111827	0.076	0.202	1.93387324639552e-05	D:r1@ADDG11065440382.F	D:r1@ADDG11065440382.F	r1@..382.F	..382.F	..382.F	ADDG11065440382.F	D	sig	white	white	day3	0.000154709859711642
t3	2.58433655490955e-10	0.316411822597205	0.361	0.254	1.94127608995141e-05	P:r1@MAML1	P:r1@MAML1	r1@MAML1	MAML1	MAML1	MAML1	P	sig	beige	beige	day1	0.000155302087196113
t2	2.6394771966665e-10	0.258794417865597	0.987	0.98	1.98269608581997e-05	D:r1@ADDG21008218944.B	D:r1@ADDG21008218944.B	r1@..944.B	..944.B	..944.B	ADDG21008218944.B	D	sig	beige	beige	day3	0.000158615686865598
t3	2.64766732350069e-10	0.259064380227937	0.361	0.25	1.98884826339401e-05	P:r1@CEPT1	P:r1@CEPT1	r1@CEPT1	CEPT1	CEPT1	CEPT1	P	sig	beige	beige	day1	0.000159107861071521
t3	2.65573300517701e-10	0.285323491582385	0.322	0.221	1.99490696149882e-05	P:r1@ATAT1	P:r1@ATAT1	r1@ATAT1	ATAT1	ATAT1	ATAT1	P	sig	beige	beige	day1	0.000159592556919905
t2	2.67687994634484e-10	0.359313204659645	0.422	0.351	2.01079190929585e-05	P:r1@LTBP3	P:r1@LTBP3	r1@LTBP3	LTBP3	LTBP3	LTBP3	P	sig	beige	beige	day3	0.000160863352743668
t2	2.68375319113062e-10	0.356216064325774	0.381	0.311	2.01595488458159e-05	P:r1@SLC38A10	P:r1@SLC38A10	r1@SLC38A10	SLC38A10	SLC38A10	SLC38A10	P	sig	beige	beige	day3	0.000161276390766527
t3	2.79518565299155e-10	0.325196469736583	0.324	0.225	2.09965960695766e-05	D:r1@ADDG0X065733275.B	D:r1@ADDG0X065733275.B	r1@..275.B	..275.B	..275.B	ADDG0X065733275.B	D	sig	beige	beige	day1	0.000167972768556613
t2	2.83182730389354e-10	0.310132602511751	0.442	0.373	2.12718371586571e-05	P:r1@AP3D1	P:r1@AP3D1	r1@AP3D1	AP3D1	AP3D1	AP3D1	P	sig	beige	beige	day3	0.000170174697269257
t2	2.84493525265547e-10	0.490202922424776	0.22	0.159	2.13703001373721e-05	D:r1@ADDG01021885439.F	D:r1@ADDG01021885439.F	r1@..439.F	..439.F	..439.F	ADDG01021885439.F	D	sig	beige	beige	day3	0.000170962401098977
t2	2.86969105573017e-10	0.295619180366716	0.454	0.381	2.15562583033283e-05	P:r1@MOGS	P:r1@MOGS	r1@MOGS	MOGS	MOGS	MOGS	P	sig	beige	beige	day3	0.000172450066426626
t3	2.91010246471077e-10	0.302960473054641	0.398	0.28	2.18598166841679e-05	P:r1@CDK8	P:r1@CDK8	r1@CDK8	CDK8	CDK8	CDK8	P	sig	beige	beige	day1	0.000174878533473343
t0	3.01355488629452e-10	0.35797778170412	0.276	0.204	2.26369202393786e-05	P:r1@SELENON	P:r1@SELENON	r1@SELENON	SELENON	SELENON	SELENON	P	sig	beige	beige	day3	0.000181095361915029
t3	3.03927425416752e-10	0.288365657225177	0.352	0.248	2.28301164150302e-05	P:r1@UTP15	P:r1@UTP15	r1@UTP15	UTP15	UTP15	UTP15	P	sig	beige	beige	day1	0.000182640931320241
t0	3.13324928659267e-10	0.352021799373004	0.279	0.21	2.35360286660981e-05	P:r1@BTBD2	P:r1@BTBD2	r1@BTBD2	BTBD2	BTBD2	BTBD2	P	sig	beige	beige	day3	0.000188288229328785
t3	3.13380420245764e-10	0.276573505248402	0.315	0.215	2.35401970276011e-05	P:r1@POLR3B	P:r1@POLR3B	r1@POLR3B	POLR3B	POLR3B	POLR3B	P	sig	beige	beige	day1	0.000188321576220809
t3	3.15915787925897e-10	0.269099444512352	0.29	0.192	2.37306462416296e-05	P:r1@TSEN54	P:r1@TSEN54	r1@TSEN54	TSEN54	TSEN54	TSEN54	P	sig	beige	beige	day1	0.000189845169933037
t3	3.24421009824067e-10	0.277075336815542	0.233	0.147	2.43695329949544e-05	P:r1@MAP11	P:r1@MAP11	r1@MAP11	MAP11	MAP11	MAP11	P	sig	beige	beige	day1	0.000194956263959635
t2	3.3376904664619e-10	0.301966559564387	0.483	0.415	2.50717294769218e-05	P:r1@ADDG0X068828837.B,r1@EFNB1	P:r1@ADDG0X068828837.B,r1@EFNB1	r1@..837.B,r1@EFNB1	..837.B	..837.B	ADDG0X068828837.B,EFNB1	P	sig	beige	beige	day3	0.000200573835815375
t3	3.3666747640516e-10	0.377452002423431	0.205	0.128	2.52894508251264e-05	D:r2@ADDG06031271592.B	D:r2@ADDG06031271592.B	r2@..592.B	..592.B	r2@..592.B	ADDG06031271592.B	D	sig	beige	beige	day1	0.000202315606601011
t0	3.40294769778763e-10	0.270041504730727	0.44	0.354	2.55619222214714e-05	P:r1@CRAT	P:r1@CRAT	r1@CRAT	CRAT	CRAT	CRAT	P	sig	beige	beige	day3	0.000204495377771771
t3	3.42292814566671e-10	0.313301306674796	0.275	0.181	2.57120093518046e-05	P:r1@TTC23	P:r1@TTC23	r1@TTC23	TTC23	TTC23	TTC23	P	sig	beige	beige	day1	0.000205696074814437
t4	3.57018677080742e-10	0.277453724973829	0.694	0.6	2.68181719662741e-05	P:r1@C2CD2	P:r1@C2CD2	r1@C2CD2	C2CD2	C2CD2	C2CD2	P	sig	beige	beige	day3	0.000214545375730193
t3	3.59026116701367e-10	0.266579154262137	0.483	0.361	2.69689648082566e-05	P:r1@RNPEPL1	P:r1@RNPEPL1	r1@RNPEPL1	RNPEPL1	RNPEPL1	RNPEPL1	P	sig	beige	beige	day1	0.000215751718466053
t3	3.62940211350541e-10	0.366122815920321	0.24	0.155	2.72629798560186e-05	P:r2@GPBP1L1	P:r2@GPBP1L1	r2@GPBP1L1	GPBP1L1	r2@GPBP1L1	GPBP1L1	P	sig	beige	beige	day1	0.000218103838848149
t3	3.64758597765923e-10	0.292974345063314	0.399	0.281	2.73995715883829e-05	P:r1@KLHL11	P:r1@KLHL11	r1@KLHL11	KLHL11	KLHL11	KLHL11	P	sig	beige	beige	day1	0.000219196572707063
t0	3.66943584573907e-10	0.319502765111227	0.356	0.28	2.75637012424382e-05	P:r1@COLGALT1	P:r1@COLGALT1	r1@COLGALT1	COLGALT1	COLGALT1	COLGALT1	P	sig	beige	beige	day3	0.000220509609939506
t4	3.67060495682254e-10	0.448874867460661	0.509	0.399	2.75724832541639e-05	D:r1@ADDG01054854226.B	D:r1@ADDG01054854226.B	r1@..226.B	..226.B	..226.B	ADDG01054854226.B	D	sig	beige	beige	day3	0.000220579866033311
t3	3.73401024415023e-10	0.469577573311263	0.213	0.135	2.80487647509833e-05	P:r1@ADDG15060453740.F	P:r1@ADDG15060453740.F	r1@..740.F	..740.F	..740.F	ADDG15060453740.F	P	sig	beige	beige	day1	0.000224390118007866
t3	3.8267621114309e-10	0.255585844327661	0.465	0.336	2.87454889524355e-05	P:r1@PRR14	P:r1@PRR14	r1@PRR14	PRR14	PRR14	PRR14	P	sig	beige	beige	day1	0.000229963911619484
t3	3.88616184091818e-10	0.425816601611418	0.212	0.134	2.91916819004251e-05	D:r1@ADDG05123023980.F	D:r1@ADDG05123023980.F	r1@..980.F	..980.F	..980.F	ADDG05123023980.F	D	sig	beige	beige	day1	0.000233533455203401
t3	3.90914825760623e-10	0.339169425992856	0.241	0.155	2.93643489666607e-05	P:r1@SENP3	P:r1@SENP3	r1@SENP3	SENP3	SENP3	SENP3	P	sig	beige	beige	day1	0.000234914791733286
t2	3.94628760377687e-10	0.281186121360474	0.343	0.27	2.96433285932907e-05	P:r1@TPP1	P:r1@TPP1	r1@TPP1	TPP1	TPP1	TPP1	P	sig	beige	beige	day3	0.000237146628746326
t2	3.94718671740375e-10	0.376436063453944	0.369	0.299	2.96500824651218e-05	P:r1@CENPB	P:r1@CENPB	r1@CENPB	CENPB	CENPB	CENPB	P	sig	beige	beige	day3	0.000237200659720974
t3	3.95945737086524e-10	0.553113353070835	0.202	0.127	2.97422559327284e-05	P:r1@HIST1H3I	P:r1@HIST1H3I	r1@HIST1H3I	HIST1H3I	HIST1H3I	HIST1H3I	P	sig	beige	beige	day1	0.000237938047461827
t6	3.96105156415133e-10	-0.715376843864935	0.171	0.338	2.97542310344356e-05	P:r1@ADDG0M000007408.R,r1@MT-TS1	P:r1@MT-TS1	r1@MT-TS1	MT-TS1	MT-TS1	MT-TS1	P	sig	white	white	day3	0.000238033848275485
t8	4.0262689934359e-10	0.746352150421963	0.908	0.697	3.02441247979925e-05	P:r1@AC004453.1	P:r1@AC004453.1	r1@AC004453.1	AC004453.1	AC004453.1	AC004453.1	P	sig	beige	beige	day1	0.00024195299838394
t2	4.18382066638647e-10	0.292333888366592	0.459	0.388	3.14276056996952e-05	P:r1@GAA	P:r1@GAA	r1@GAA	GAA	GAA	GAA	P	sig	beige	beige	day3	0.000251420845597562
t3	4.18461124207643e-10	0.264687241195657	0.343	0.237	3.14335442671055e-05	P:r1@PARP10	P:r1@PARP10	r1@PARP10	PARP10	PARP10	PARP10	P	sig	beige	beige	day1	0.000251468354136844
t3	4.20813725822758e-10	0.253289255294183	0.55	0.421	3.16102646426281e-05	P:r1@SLC26A6	P:r1@SLC26A6	r1@SLC26A6	SLC26A6	SLC26A6	SLC26A6	P	sig	beige	beige	day1	0.000252882117141025
t3	4.23658116217175e-10	0.265700083313515	0.593	0.466	3.18239267158856e-05	P:r1@SSC5D	P:r1@SSC5D	r1@SSC5D	SSC5D	SSC5D	SSC5D	P	sig	beige	beige	day1	0.000254591413727084
t4	4.34400110632076e-10	0.504305646062523	0.344	0.251	3.26308331103497e-05	P:r1@SLC4A2	P:r1@SLC4A2	r1@SLC4A2	SLC4A2	SLC4A2	SLC4A2	P	sig	beige	beige	day3	0.000261046664882797
t2	4.35748202951697e-10	0.423441918322715	0.263	0.2	3.27320977611226e-05	P:r1@OGDH	P:r1@OGDH	r1@OGDH	OGDH	OGDH	OGDH	P	sig	beige	beige	day3	0.000261856782088981
t3	4.58260568753791e-10	0.304893885403329	0.431	0.318	3.44231591430785e-05	P:r1@CDK14	P:r1@CDK14	r1@CDK14	CDK14	CDK14	CDK14	P	sig	beige	beige	day1	0.000275385273144628
t3	4.60856784838106e-10	0.288863255256365	0.307	0.207	3.4618179106684e-05	P:r1@GATAD2B	P:r1@GATAD2B	r1@GATAD2B	GATAD2B	GATAD2B	GATAD2B	P	sig	beige	beige	day1	0.000276945432853472
t4	4.74098196637004e-10	0.251421247187677	0.743	0.638	3.56128342367818e-05	P:r1@AP2A1	P:r1@AP2A1	r1@AP2A1	AP2A1	AP2A1	AP2A1	P	sig	beige	beige	day3	0.000284902673894255
t0	4.7857523891946e-10	0.334929678458469	0.284	0.215	3.59491362219131e-05	P:r1@C3	P:r1@C3	r1@C3	C3	C3	C3	P	sig	beige	beige	day3	0.000287593089775305
t2	4.98287537108515e-10	0.304712068716043	0.44	0.369	3.74298649249803e-05	P:r1@AMFR	P:r1@AMFR	r1@AMFR	AMFR	AMFR	AMFR	P	sig	beige	beige	day3	0.000299438919399842
t0	5.04593152606189e-10	0.279451020316742	0.445	0.364	3.79035238443191e-05	D:r1@ADDG05168795574.F	D:r1@ADDG05168795574.F	r1@..574.F	..574.F	..574.F	ADDG05168795574.F	D	sig	beige	beige	day3	0.000303228190754553
t2	5.07530451878713e-10	0.33263196063249	0.288	0.218	3.81241649537733e-05	P:r1@KCTD12	P:r1@KCTD12	r1@KCTD12	KCTD12	KCTD12	KCTD12	P	sig	beige	beige	day3	0.000304993319630186
t0	5.08887635725019e-10	0.263926920621648	0.384	0.301	3.82261125327563e-05	P:r1@RIC8A,r1@MIR6743	P:r1@RIC8A,r1@MIR6743	r1@RIC8A,r1@MIR6743	RIC8A	RIC8A	RIC8A,MIR6743	P	sig	beige	beige	day3	0.00030580890026205
t2	5.10064726028035e-10	0.313161078761671	0.397	0.327	3.83145320250479e-05	P:r1@CIZ1	P:r1@CIZ1	r1@CIZ1	CIZ1	CIZ1	CIZ1	P	sig	beige	beige	day3	0.000306516256200383
t3	5.21703646839531e-10	0.264826167090566	0.34	0.236	3.9188812839645e-05	P:r1@DROSHA	P:r1@DROSHA	r1@DROSHA	DROSHA	DROSHA	DROSHA	P	sig	beige	beige	day1	0.00031351050271716
t0	5.36641440870492e-10	0.282906693156817	0.372	0.292	4.03108951138688e-05	P:r1@PLEKHM2	P:r1@PLEKHM2	r1@PLEKHM2	PLEKHM2	PLEKHM2	PLEKHM2	P	sig	beige	beige	day3	0.00032248716091095
t5	5.46401106842703e-10	0.296351324846258	0.73	0.609	4.10440119427033e-05	P:r1@EMILIN1	P:r1@EMILIN1	r1@EMILIN1	EMILIN1	EMILIN1	EMILIN1	P	sig	beige	beige	day3	0.000328352095541627
t0	5.51240935367525e-10	0.251557640606367	0.481	0.394	4.14075653420024e-05	P:r1@ABCF2,r1@ABCF2.2	P:r1@ABCF2,r1@ABCF2.2	r1@ABCF2,r1@ABCF2.2	ABCF2	ABCF2	ABCF2,ABCF2.2	P	sig	beige	beige	day3	0.000331260522736019
t6	5.52042701755199e-10	-0.439829859682876	0.472	0.672	4.14677916277453e-05	D:r1@ADDG19018575201.R	D:r1@ADDG19018575201.R	r1@..201.R	..201.R	..201.R	ADDG19018575201.R	D	sig	white	white	day3	0.000331742333021962
t0	5.52152027805288e-10	0.251899962121042	0.847	0.817	4.14760038726498e-05	P:r1@GPX3	P:r1@GPX3	r1@GPX3	GPX3	GPX3	GPX3	P	sig	beige	beige	day3	0.000331808030981199
t8	5.59695704302908e-10	1.51430694418488	0.479	0.129	4.20426622201216e-05	P:r1@AL358472.1	P:r1@AL358472.1	r1@AL358472.1	AL358472.1	AL358472.1	AL358472.1	P	sig	beige	beige	day1	0.000336341297760972
t4	5.72183512479154e-10	0.286543942007482	0.707	0.604	4.29807089068966e-05	P:r2@LIPE	P:r2@LIPE	r2@LIPE	LIPE	r2@LIPE	LIPE	P	sig	beige	beige	day3	0.000343845671255173
t3	5.84153695458074e-10	0.269474856237911	0.292	0.195	4.38798731417242e-05	P:r1@PLEKHM1	P:r1@PLEKHM1	r1@PLEKHM1	PLEKHM1	PLEKHM1	PLEKHM1	P	sig	beige	beige	day1	0.000351038985133793
t3	5.91489843113869e-10	0.285951564393066	0.262	0.173	4.44309425451845e-05	P:r1@TRAK1	P:r1@TRAK1	r1@TRAK1	TRAK1	TRAK1	TRAK1	P	sig	beige	beige	day1	0.000355447540361476
t3	5.98311782965912e-10	0.264785850879691	0.361	0.252	4.49433862010504e-05	P:r1@ADDG0X154441765.R	P:r1@ADDG0X154441765.R	r1@..765.R	..765.R	..765.R	ADDG0X154441765.R	P	sig	beige	beige	day1	0.000359547089608403
t0	5.98456067952713e-10	0.289034901898307	0.519	0.437	4.49542244564039e-05	P:r1@LDLR	P:r1@LDLR	r1@LDLR	LDLR	LDLR	LDLR	P	sig	beige	beige	day3	0.000359633795651231
t3	6.10932488007815e-10	0.334194376848675	0.237	0.155	4.5891415701683e-05	P:r1@ADDG0X052185274.F,r1@MAGED4	P:r1@ADDG0X052185274.F,r1@MAGED4	r1@..274.F,r1@MAGED4	..274.F	..274.F	ADDG0X052185274.F,MAGED4	P	sig	beige	beige	day1	0.000367131325613464
t2	6.11708153817942e-10	0.32234866199746	0.441	0.371	4.59496813903424e-05	P:r1@BOK	P:r1@BOK	r1@BOK	BOK	BOK	BOK	P	sig	beige	beige	day3	0.000367597451122739
t2	6.1992060342986e-10	0.286420878459082	0.564	0.505	4.65665759678408e-05	P:r1@MAN1A1	P:r1@MAN1A1	r1@MAN1A1	MAN1A1	MAN1A1	MAN1A1	P	sig	beige	beige	day3	0.000372532607742726
t4	6.20460492523934e-10	0.324771260375712	0.503	0.391	4.66071308169204e-05	P:r1@PTBP1	P:r1@PTBP1	r1@PTBP1	PTBP1	PTBP1	PTBP1	P	sig	beige	beige	day3	0.000372857046535363
t3	6.36119344350937e-10	0.320631368228475	0.222	0.14	4.77833767896094e-05	P:r1@VARS2	P:r1@VARS2	r1@VARS2	VARS2	VARS2	VARS2	P	sig	beige	beige	day1	0.000382267014316875
t8	6.42524816632688e-10	0.54725160078812	0.982	0.91	4.82645366509976e-05	P:r1@RPL12P16	P:r1@RPL12P16	r1@RPL12P16	RPL12P16	RPL12P16	RPL12P16	P	sig	beige	beige	day1	0.000386116293207981
t3	6.45311253648e-10	0.608283442862414	0.135	0.075	4.84738454402768e-05	P:r1@RBM8B	P:r1@RBM8B	r1@RBM8B	RBM8B	RBM8B	RBM8B	P	sig	beige	beige	day1	0.000387790763522215
t0	6.55281277871132e-10	0.320928516524287	0.36	0.283	4.92227637498458e-05	P:r1@SNX18	P:r1@SNX18	r1@SNX18	SNX18	SNX18	SNX18	P	sig	beige	beige	day3	0.000393782109998767
t3	6.56727113765921e-10	0.392546880467226	0.22	0.141	4.93313706047547e-05	P:r1@NAB1	P:r1@NAB1	r1@NAB1	NAB1	NAB1	NAB1	P	sig	beige	beige	day1	0.000394650964838037
t3	6.65203177221798e-10	0.279405409677887	0.313	0.216	4.99680670633698e-05	P:r1@DNAJB2	P:r1@DNAJB2	r1@DNAJB2	DNAJB2	DNAJB2	DNAJB2	P	sig	beige	beige	day1	0.000399744536506958
t6	6.6998878508886e-10	0.272087157909954	0.954	0.955	5.03275475695199e-05	P:r1@HNRNPA2B1	P:r1@HNRNPA2B1	r1@HNRNPA2B1	HNRNPA2B1	HNRNPA2B1	HNRNPA2B1	P	sig	beige	beige	day3	0.000402620380556159
t4	6.81070255837379e-10	0.278313128362697	0.851	0.763	5.11599544077364e-05	P:r1@AHNAK	P:r1@AHNAK	r1@AHNAK	AHNAK	AHNAK	AHNAK	P	sig	beige	beige	day3	0.000409279635261891
t3	6.97321254355934e-10	0.304208284796686	0.249	0.164	5.23806806634547e-05	P:r1@SNORA52,r2@RPLP2	P:r1@SNORA52,r2@RPLP2	r1@SNORA52,r2@RPLP2	SNORA52	SNORA52	SNORA52,RPLP2	P	sig	beige	beige	day1	0.000419045445307638
t2	7.01669020347394e-10	0.381283909788011	0.341	0.276	5.27072718014352e-05	P:r1@TBC1D9B	P:r1@TBC1D9B	r1@TBC1D9B	TBC1D9B	TBC1D9B	TBC1D9B	P	sig	beige	beige	day3	0.000421658174411481
t3	7.09806239543065e-10	0.373266033720607	0.193	0.117	5.33185152957564e-05	D:r1@ADDG01114772673.F	D:r1@ADDG01114772673.F	r1@..673.F	..673.F	..673.F	ADDG01114772673.F	D	sig	beige	beige	day1	0.000426548122366051
t3	7.15736866782312e-10	0.335267560057813	0.254	0.167	5.37640062220869e-05	P:r1@PFAS	P:r1@PFAS	r1@PFAS	PFAS	PFAS	PFAS	P	sig	beige	beige	day1	0.000430112049776695
t3	7.277306939214e-10	0.25476462773745	0.526	0.392	5.46649465352938e-05	P:r1@CETN3	P:r1@CETN3	r1@CETN3	CETN3	CETN3	CETN3	P	sig	beige	beige	day1	0.00043731957228235
t2	7.30465765466121e-10	0.251315799170754	0.536	0.467	5.48703969045186e-05	P:r1@TRAF7	P:r1@TRAF7	r1@TRAF7	TRAF7	TRAF7	TRAF7	P	sig	beige	beige	day3	0.000438963175236149
t3	7.34201710321752e-10	0.347601460553466	0.265	0.177	5.5151029874239e-05	P:r1@ZNF25	P:r1@ZNF25	r1@ZNF25	ZNF25	ZNF25	ZNF25	P	sig	beige	beige	day1	0.000441208238993912
t0	7.38551610381471e-10	0.330424101339608	0.324	0.251	5.5477781317025e-05	P:r1@SLC38A10	P:r1@SLC38A10	r1@SLC38A10	SLC38A10	SLC38A10	SLC38A10	P	sig	beige	beige	day3	0.0004438222505362
t2	7.39062817534235e-10	0.374970534317991	0.31	0.243	5.55161816647191e-05	P:r1@BICD2	P:r1@BICD2	r1@BICD2	BICD2	BICD2	BICD2	P	sig	beige	beige	day3	0.000444129453317753
t6	7.50801088764008e-10	0.271815714645589	0.983	0.975	5.6397925384686e-05	P:r1@RASD1	P:r1@RASD1	r1@RASD1	RASD1	RASD1	RASD1	P	sig	beige	beige	day3	0.000451183403077488
t0	7.55903739054999e-10	0.352029153264279	0.427	0.354	5.67812211665943e-05	P:r1@PLIN4	P:r1@PLIN4	r1@PLIN4	PLIN4	PLIN4	PLIN4	P	sig	beige	beige	day3	0.000454249769332755
t3	7.65160340962181e-10	0.289233231069203	0.267	0.176	5.74765493320561e-05	P:r1@STAT5B	P:r1@STAT5B	r1@STAT5B	STAT5B	STAT5B	STAT5B	P	sig	beige	beige	day1	0.000459812394656449
t3	7.70341574785644e-10	0.307023478037697	0.271	0.18	5.78657480731732e-05	P:r1@PGBD1	P:r1@PGBD1	r1@PGBD1	PGBD1	PGBD1	PGBD1	P	sig	beige	beige	day1	0.000462925984585386
t3	7.79749689026346e-10	0.257581796696333	0.311	0.211	5.8572457390592e-05	P:r1@NUP88	P:r1@NUP88	r1@NUP88	NUP88	NUP88	NUP88	P	sig	beige	beige	day1	0.000468579659124736
t3	7.88971751737316e-10	0.261607159570652	0.267	0.178	5.9265191075252e-05	P:r1@SLC5A6	P:r1@SLC5A6	r1@SLC5A6	SLC5A6	SLC5A6	SLC5A6	P	sig	beige	beige	day1	0.000474121528602016
t0	7.99725155221265e-10	0.336498754683273	0.33	0.258	6.00729544847558e-05	P:r1@STIM1,r1@MIR4687	P:r1@STIM1,r1@MIR4687	r1@STIM1,r1@MIR4687	STIM1	STIM1	STIM1,MIR4687	P	sig	beige	beige	day3	0.000480583635878046
t2	8.16808707010150e-10	0.299196083586766	0.391	0.317	6.13562196444814e-05	P:r1@DELE1	P:r1@DELE1	r1@DELE1	DELE1	DELE1	DELE1	P	sig	beige	beige	day3	0.000490849757155851
t3	8.16953052630571e-10	0.258042688097287	0.389	0.275	6.13670624544506e-05	P:r1@RAVER1	P:r1@RAVER1	r1@RAVER1	RAVER1	RAVER1	RAVER1	P	sig	beige	beige	day1	0.000490936499635605
t2	8.20631404085741e-10	0.52497498044508	0.206	0.149	6.16433691807086e-05	P:r1@ADDG14070978277.R	P:r1@ADDG14070978277.R	r1@..277.R	..277.R	..277.R	ADDG14070978277.R	P	sig	beige	beige	day3	0.000493146953445669
t3	8.25571330723091e-10	0.270505903992782	0.422	0.306	6.20144416499264e-05	P:r1@RNF145	P:r1@RNF145	r1@RNF145	RNF145	RNF145	RNF145	P	sig	beige	beige	day1	0.000496115533199411
t4	8.36939232242114e-10	0.291461350181356	0.834	0.777	6.28683643083309e-05	P:r1@OAF	P:r1@OAF	r1@OAF	OAF	OAF	OAF	P	sig	beige	beige	day3	0.000502946914466647
t4	8.39837515815175e-10	0.283100182967074	0.747	0.646	6.30860746754885e-05	P:r1@NR2F6	P:r1@NR2F6	r1@NR2F6	NR2F6	NR2F6	NR2F6	P	sig	beige	beige	day3	0.000504688597403908
t2	8.43167585410405e-10	0.26480763640155	0.569	0.502	6.33362195132734e-05	P:r1@ABCB6	P:r1@ABCB6	r1@ABCB6	ABCB6	ABCB6	ABCB6	P	sig	beige	beige	day3	0.000506689756106187
t4	8.52742343963741e-10	0.340919066970077	0.549	0.436	6.40554466515244e-05	P:r1@PDXDC1	P:r1@PDXDC1	r1@PDXDC1	PDXDC1	PDXDC1	PDXDC1	P	sig	beige	beige	day3	0.000512443573212195
t3	8.54047778124959e-10	0.319195475125509	0.215	0.136	6.41535069494125e-05	P:r1@ZNF354B	P:r1@ZNF354B	r1@ZNF354B	ZNF354B	ZNF354B	ZNF354B	P	sig	beige	beige	day1	0.0005132280555953
t3	8.74325380339198e-10	0.267403229449712	0.275	0.183	6.56766995949396e-05	P:r1@POLR3F	P:r1@POLR3F	r1@POLR3F	POLR3F	POLR3F	POLR3F	P	sig	beige	beige	day1	0.000525413596759517
t3	9.06858742216537e-10	0.281685757699901	0.31	0.214	6.81205081390796e-05	P:r1@CRTC1	P:r1@CRTC1	r1@CRTC1	CRTC1	CRTC1	CRTC1	P	sig	beige	beige	day1	0.000544964065112637
t8	9.0964769243552e-10	1.0369168199291	0.877	0.548	6.83300057126789e-05	P:r1@MTCO1P12	P:r1@MTCO1P12	r1@MTCO1P12	MTCO1P12	MTCO1P12	MTCO1P12	P	sig	beige	beige	day1	0.000546640045701432
t2	9.25014604920244e-10	0.283447038439779	0.438	0.365	6.94843220777939e-05	P:r1@PLBD2	P:r1@PLBD2	r1@PLBD2	PLBD2	PLBD2	PLBD2	P	sig	beige	beige	day3	0.000555874576622352
t3	9.30137739344971e-10	0.270419381056488	0.875	0.811	6.98691565663762e-05	P:r1@HIST1H1C	P:r1@HIST1H1C	r1@HIST1H1C	HIST1H1C	HIST1H1C	HIST1H1C	P	sig	beige	beige	day1	0.00055895325253101
t0	9.33038854578328e-10	0.426848865596646	0.188	0.131	7.00870796393603e-05	P:r1@LTBP2	P:r1@LTBP2	r1@LTBP2	LTBP2	LTBP2	LTBP2	P	sig	beige	beige	day3	0.000560696637114882
t5	9.44911115086728e-10	0.509940969775668	0.423	0.315	7.09788882319697e-05	P:r1@LAMB2	P:r1@LAMB2	r1@LAMB2	LAMB2	LAMB2	LAMB2	P	sig	beige	beige	day3	0.000567831105855758
t0	9.68543472143792e-10	0.388970789401003	0.237	0.175	7.27540799970252e-05	P:r1@H6PD	P:r1@H6PD	r1@H6PD	H6PD	H6PD	H6PD	P	sig	beige	beige	day3	0.000582032639976202
t6	9.78389395690343e-10	0.450484747093923	0.853	0.803	7.34936762360715e-05	P:r1@DNAJA1	P:r1@DNAJA1	r1@DNAJA1	DNAJA1	DNAJA1	DNAJA1	P	sig	beige	beige	day3	0.000587949409888572
t3	9.90666836761074e-10	0.335575037492636	0.399	0.294	7.44159207769816e-05	D:r1@ADDG17015230528.F	D:r1@ADDG17015230528.F	r1@..528.F	..528.F	..528.F	ADDG17015230528.F	D	sig	beige	beige	day1	0.000595327366215853
t2	9.94948851681567e-10	0.285670402021311	0.473	0.404	7.47375728917642e-05	P:r1@BACE1	P:r1@BACE1	r1@BACE1	BACE1	BACE1	BACE1	P	sig	beige	beige	day3	0.000597900583134114
t3	1.00765794055488e-09	0.382682223689858	0.209	0.133	7.56922415206613e-05	D:r1@ADDG19049014599.R	D:r1@ADDG19049014599.R	r1@..599.R	..599.R	..599.R	ADDG19049014599.R	D	sig	beige	beige	day1	0.00060553793216529
t4	1.01143445569824e-09	0.286729310194745	0.725	0.619	7.59759220086848e-05	P:r1@KLF15	P:r1@KLF15	r1@KLF15	KLF15	KLF15	KLF15	P	sig	beige	beige	day3	0.000607807376069479
t3	1.03267229780604e-09	0.314867241503038	0.32	0.223	7.7571244994296e-05	P:r1@WTIP	P:r1@WTIP	r1@WTIP	WTIP	WTIP	WTIP	P	sig	beige	beige	day1	0.000620569959954368
t3	1.05106279750775e-09	0.288646979623143	0.387	0.278	7.89526841603895e-05	P:r1@AASS	P:r1@AASS	r1@AASS	AASS	AASS	AASS	P	sig	beige	beige	day1	0.000631621473283116
t3	1.05223781444527e-09	0.278434862399088	0.327	0.227	7.90409479076854e-05	P:r1@ADDG03056647009.F	P:r1@ADDG03056647009.F	r1@..009.F	..009.F	..009.F	ADDG03056647009.F	P	sig	beige	beige	day1	0.000632327583261483
t8	1.0700728324315e-09	0.733781973623938	0.926	0.819	8.03806609537569e-05	P:r1@AC011979.1	P:r1@AC011979.1	r1@AC011979.1	AC011979.1	AC011979.1	AC011979.1	P	sig	beige	beige	day1	0.000643045287630055
t3	1.0713347109829e-09	0.470831621940022	0.168	0.101	8.04754494849026e-05	P:r1@ADDG01151227385.R	P:r1@ADDG01151227385.R	r1@..385.R	..385.R	..385.R	ADDG01151227385.R	P	sig	beige	beige	day1	0.000643803595879221
t3	1.09385372052529e-09	0.319838271229465	0.232	0.15	8.21670099246979e-05	P:r2@HIRA	P:r2@HIRA	r2@HIRA	HIRA	r2@HIRA	HIRA	P	sig	beige	beige	day1	0.000657336079397583
t4	1.10275635370357e-09	0.458761012203849	0.346	0.249	8.28357490211511e-05	P:r1@FOXP4	P:r1@FOXP4	r1@FOXP4	FOXP4	FOXP4	FOXP4	P	sig	beige	beige	day3	0.000662685992169209
t3	1.10882095565453e-09	0.481022091081566	0.169	0.102	8.32913037259012e-05	D:r1@ADDG10058785016.R	D:r1@ADDG10058785016.R	r1@..016.R	..016.R	..016.R	ADDG10058785016.R	D	sig	beige	beige	day1	0.00066633042980721
t3	1.11770610021297e-09	0.311898453080275	0.32	0.22	8.39587291296974e-05	P:r1@TRIP4	P:r1@TRIP4	r1@TRIP4	TRIP4	TRIP4	TRIP4	P	sig	beige	beige	day1	0.000671669833037579
t0	1.12442661531954e-09	0.302186517892329	0.367	0.289	8.44635540629579e-05	P:r1@TNIP1	P:r1@TNIP1	r1@TNIP1	TNIP1	TNIP1	TNIP1	P	sig	beige	beige	day3	0.000675708432503663
t3	1.14358974592951e-09	0.363308540833763	0.216	0.139	8.59030309449866e-05	D:r1@ADDG01053739412.B	D:r1@ADDG01053739412.B	r1@..412.B	..412.B	..412.B	ADDG01053739412.B	D	sig	beige	beige	day1	0.000687224247559893
t2	1.15227502967372e-09	0.42869600206502	0.253	0.191	8.65554434040007e-05	P:r1@CHERP	P:r1@CHERP	r1@CHERP	CHERP	CHERP	CHERP	P	sig	beige	beige	day3	0.000692443547232006
t3	1.17539844016146e-09	0.340581922660264	0.243	0.159	8.82924046296082e-05	D:r1@ADDG05038886121.R	D:r1@ADDG05038886121.R	r1@..121.R	..121.R	..121.R	ADDG05038886121.R	D	sig	beige	beige	day1	0.000706339237036866
t4	1.20669107821882e-09	0.748928186542878	0.152	0.088	9.06430137225631e-05	P:r1@SOGA1	P:r1@SOGA1	r1@SOGA1	SOGA1	SOGA1	SOGA1	P	sig	beige	beige	day3	0.000725144109780505
t0	1.21369268715284e-09	0.293484091501707	0.297	0.226	9.11689535808598e-05	P:r1@PCED1A	P:r1@PCED1A	r1@PCED1A	PCED1A	PCED1A	PCED1A	P	sig	beige	beige	day3	0.000729351628646878
t0	1.21955935759918e-09	0.430153457157958	0.261	0.197	9.16096402647773e-05	P:r1@KCTD12	P:r1@KCTD12	r1@KCTD12	KCTD12	KCTD12	KCTD12	P	sig	beige	beige	day3	0.000732877122118219
t8	1.25505350494243e-09	0.559089625530301	1	0.948	9.42758541307606e-05	P:r1@AC004057.1	P:r1@AC004057.1	r1@AC004057.1	AC004057.1	AC004057.1	AC004057.1	P	sig	beige	beige	day1	0.000754206833046084
t0	1.25854398409337e-09	0.314683460146669	0.267	0.2	9.45380484531413e-05	P:r1@BICD2	P:r1@BICD2	r1@BICD2	BICD2	BICD2	BICD2	P	sig	beige	beige	day3	0.000756304387625131
t3	1.29406016744497e-09	0.321789259354654	0.273	0.18	9.72059175979635e-05	P:r1@DVL1	P:r1@DVL1	r1@DVL1	DVL1	DVL1	DVL1	P	sig	beige	beige	day1	0.000777647340783708
t5	1.31254751627788e-09	0.307888368704248	0.744	0.633	9.85946317802451e-05	P:r1@AP2A1	P:r1@AP2A1	r1@AP2A1	AP2A1	AP2A1	AP2A1	P	sig	beige	beige	day3	0.000788757054241961
t3	1.32258177265586e-09	0.526316166685331	0.474	0.397	9.934837501659e-05	P:r1@PTPRN	P:r1@PTPRN	r1@PTPRN	PTPRN	PTPRN	PTPRN	P	sig	beige	beige	day1	0.00079478700013272
t3	1.43124775390404e-09	0.27542723020888	0.378	0.27	0.00010751103753001	P:r1@CHKA	P:r1@CHKA	r1@CHKA	CHKA	CHKA	CHKA	P	sig	beige	beige	day1	0.000860088300240081
t6	1.47361652690523e-09	-0.795533554896581	0.175	0.331	0.00011069365265154	P:r1@ADDG0M000012319.R	P:r1@ADDG0M000012319.R	r1@..319.R	..319.R	..319.R	ADDG0M000012319.R	P	sig	white	white	day3	0.000885549221212324
t2	1.5122483107469e-09	0.307854892221543	0.351	0.279	0.000113595556358375	P:r1@CAPN1	P:r1@CAPN1	r1@CAPN1	CAPN1	CAPN1	CAPN1	P	sig	beige	beige	day3	0.000908764450867
t3	1.52386795627587e-09	0.39318303042287	0.192	0.119	0.000114468389271575	P:r2@CAMTA2	P:r2@CAMTA2	r2@CAMTA2	CAMTA2	r2@CAMTA2	CAMTA2	P	sig	beige	beige	day1	0.000915747114172599
t3	1.53713375434346e-09	0.334306291442062	0.234	0.153	0.000115464876225018	P:r1@GLIS1	P:r1@GLIS1	r1@GLIS1	GLIS1	GLIS1	GLIS1	P	sig	beige	beige	day1	0.000923719009800141
t3	1.57859087810839e-09	0.267777760316688	0.611	0.478	0.000118579010990868	P:r1@WBP11	P:r1@WBP11	r1@WBP11	WBP11	WBP11	WBP11	P	sig	beige	beige	day1	0.000948632087926941
t2	1.60754900969381e-09	0.284401283943037	0.522	0.457	0.00012075425896117	P:r1@PCNX1	P:r1@PCNX1	r1@PCNX1	PCNX1	PCNX1	PCNX1	P	sig	beige	beige	day3	0.000966034071689358
t3	1.61461806504687e-09	0.334193839140126	0.299	0.207	0.000121285265192125	D:r1@ADDG15070832640.F	D:r1@ADDG15070832640.F	r1@..640.F	..640.F	..640.F	ADDG15070832640.F	D	sig	beige	beige	day1	0.000970282121537003
t3	1.62586068389162e-09	0.275544690879883	0.309	0.213	0.000122129776991887	P:r1@AP5B1	P:r1@AP5B1	r1@AP5B1	AP5B1	AP5B1	AP5B1	P	sig	beige	beige	day1	0.000977038215935092
t2	1.6393768536884e-09	0.649309941414434	0.163	0.113	0.000123145071118512	P:r1@SOGA1	P:r1@SOGA1	r1@SOGA1	SOGA1	SOGA1	SOGA1	P	sig	beige	beige	day3	0.000985160568948094
t8	1.69220293391529e-09	0.782857991950004	0.982	0.955	0.000127113207786915	D:r1@ADDG01091387437.B	D:r1@ADDG01091387437.B	r1@..437.B	..437.B	..437.B	ADDG01091387437.B	D	sig	beige	beige	day1	0.00101690566229532
t2	1.73079589797446e-09	0.483935064775038	0.21	0.152	0.000130012195468148	D:r1@ADDG15048493236.R	D:r1@ADDG15048493236.R	r1@..236.R	..236.R	..236.R	ADDG15048493236.R	D	sig	beige	beige	day3	0.00104009756374518
t4	1.82296491976198e-09	0.366180771187353	0.441	0.336	0.000136935655877761	P:r1@TNKS1BP1	P:r1@TNKS1BP1	r1@TNKS1BP1	TNKS1BP1	TNKS1BP1	TNKS1BP1	P	sig	beige	beige	day3	0.00109548524702209
t3	1.84106560401337e-09	0.253046803732083	0.279	0.188	0.000138295324976672	P:r1@PYGO2	P:r1@PYGO2	r1@PYGO2	PYGO2	PYGO2	PYGO2	P	sig	beige	beige	day1	0.00110636259981338
t2	1.84781679500926e-09	0.335632084486631	0.419	0.357	0.000138802454190711	P:r1@LRRC47	P:r1@LRRC47	r1@LRRC47	LRRC47	LRRC47	LRRC47	P	sig	beige	beige	day3	0.00111041963352569
t2	1.93369665005273e-09	0.696359938235982	0.143	0.096	0.000145253491262011	D:r1@ADDG17072124603.R	D:r1@ADDG17072124603.R	r1@..603.R	..603.R	..603.R	ADDG17072124603.R	D	sig	beige	beige	day3	0.00116202793009609
t2	1.93879520462469e-09	-0.542850306688561	0.14	0.198	0.000145636479385792	P:r1@SYNE1	P:r1@SYNE1	r1@SYNE1	SYNE1	SYNE1	SYNE1	P	sig	white	white	day3	0.00116509183508634
t0	1.97488474334943e-09	-0.421643908165839	0.426	0.469	0.000148347417266179	P:r1@ADDG0M000005585.R	P:r1@ADDG0M000005585.R	r1@..585.R	..585.R	..585.R	ADDG0M000005585.R	P	sig	white	white	day3	0.00118677933812943
t2	1.97809699096692e-09	0.372491196050515	0.3	0.236	0.000148588711670462	P:r2@MYO1C	P:r2@MYO1C	r2@MYO1C	MYO1C	r2@MYO1C	MYO1C	P	sig	beige	beige	day3	0.0011887096933637
t3	2.0033674090598e-09	0.298189777243618	0.303	0.21	0.000150486949666345	P:r1@MPP5	P:r1@MPP5	r1@MPP5	MPP5	MPP5	MPP5	P	sig	beige	beige	day1	0.00120389559733076
t2	2.01999842411402e-09	0.263536675947154	0.479	0.408	0.000151736221624173	P:r1@AOC2	P:r1@AOC2	r1@AOC2	AOC2	AOC2	AOC2	P	sig	beige	beige	day3	0.00121388977299338
t0	2.07090155959741e-09	0.320851439646742	0.356	0.283	0.000155559912452279	P:r1@MAPKAPK2	P:r1@MAPKAPK2	r1@MAPKAPK2	MAPKAPK2	MAPKAPK2	MAPKAPK2	P	sig	beige	beige	day3	0.00124447929961823
t3	2.08561755607337e-09	0.255493359235251	0.367	0.261	0.000156665333959563	P:r1@NNT	P:r1@NNT	r1@NNT	NNT	NNT	NNT	P	sig	beige	beige	day1	0.0012533226716765
t2	2.10737139661234e-09	-0.3399053532895	0.167	0.228	0.000158299417199329	P:r1@CD36	P:r1@CD36	r1@CD36	CD36	CD36	CD36	P	sig	white	white	day3	0.00126639533759463
t2	2.14604682180195e-09	0.3709491249541	0.34	0.276	0.000161204599113297	P:r1@RIPOR1	P:r1@RIPOR1	r1@RIPOR1	RIPOR1	RIPOR1	RIPOR1	P	sig	beige	beige	day3	0.00128963679290638
t2	2.15019980964237e-09	0.271516082413211	0.572	0.509	0.000161516559100906	P:r1@ABCA1	P:r1@ABCA1	r1@ABCA1	ABCA1	ABCA1	ABCA1	P	sig	beige	beige	day3	0.00129213247280725
t2	2.1604512549682e-09	0.398948768715348	0.286	0.223	0.000162286616919447	P:r1@STK11	P:r1@STK11	r1@STK11	STK11	STK11	STK11	P	sig	beige	beige	day3	0.00129829293535557
t3	2.16538970936108e-09	0.286081146637327	0.251	0.166	0.000162657578798076	P:r1@RETREG3	P:r1@RETREG3	r1@RETREG3	RETREG3	RETREG3	RETREG3	P	sig	beige	beige	day1	0.00130126063038461
t3	2.19515383419418e-09	0.358421218916952	0.237	0.156	0.000164893370563164	P:r1@SETD4	P:r1@SETD4	r1@SETD4	SETD4	SETD4	SETD4	P	sig	beige	beige	day1	0.00131914696450532
t6	2.27985462870629e-09	0.286449957377294	0.946	0.975	0.00017125584014453	P:r1@DDX5	P:r1@DDX5	r1@DDX5	DDX5	DDX5	DDX5	P	sig	beige	beige	day3	0.00137004672115624
t3	2.29004173179987e-09	0.25063982467316	0.31	0.215	0.000172021064767611	P:r1@SLC17A5	P:r1@SLC17A5	r1@SLC17A5	SLC17A5	SLC17A5	SLC17A5	P	sig	beige	beige	day1	0.00137616851814088
t5	2.33236675595133e-09	0.341194803547338	0.644	0.533	0.000175200393606796	P:r1@LMF2	P:r1@LMF2	r1@LMF2	LMF2	LMF2	LMF2	P	sig	beige	beige	day3	0.00140160314885437
t3	2.39665523681824e-09	0.356500969263852	0.2	0.126	0.000180029551424075	D:r1@ADDG16028723517.R	D:r1@ADDG16028723517.R	r1@..517.R	..517.R	..517.R	ADDG16028723517.R	D	sig	beige	beige	day1	0.0014402364113926
t0	2.4374861134357e-09	0.261873347967668	0.518	0.436	0.000183096644382949	P:r1@ABL1	P:r1@ABL1	r1@ABL1	ABL1	ABL1	ABL1	P	sig	beige	beige	day3	0.00146477315506359
t3	2.46975938690693e-09	0.280704740145359	0.331	0.233	0.000185520915866288	P:r1@ADAMTSL4	P:r1@ADAMTSL4	r1@ADAMTSL4	ADAMTSL4	ADAMTSL4	ADAMTSL4	P	sig	beige	beige	day1	0.0014841673269303
t3	2.48092325704397e-09	0.268502021906415	0.336	0.233	0.000186359512299372	P:r1@TSHZ1	P:r1@TSHZ1	r1@TSHZ1	TSHZ1	TSHZ1	TSHZ1	P	sig	beige	beige	day1	0.00149087609839497
t2	2.5166851225053e-09	0.339923795178239	0.297	0.234	0.000189045836347231	P:r1@KIF1C	P:r1@KIF1C	r1@KIF1C	KIF1C	KIF1C	KIF1C	P	sig	beige	beige	day3	0.00151236669077785
t3	2.53140142004099e-09	0.318643568676743	0.245	0.159	0.000190151280469219	P:r1@RBMS2	P:r1@RBMS2	r1@RBMS2	RBMS2	RBMS2	RBMS2	P	sig	beige	beige	day1	0.00152121024375375
t5	2.53824849005464e-09	-0.495864800307257	0.479	0.559	0.000190665611827434	P:r1@ADDG0M000016095.B,r1@MT-TP	P:r1@MT-TP	r1@MT-TP	MT-TP	MT-TP	MT-TP	P	sig	white	white	day3	0.00152532489461948
t0	2.5495385181347e-09	0.301928438900096	0.419	0.343	0.000191513684866724	P:r1@AACS	P:r1@AACS	r1@AACS	AACS	AACS	AACS	P	sig	beige	beige	day3	0.00153210947893379
t6	2.58466331230354e-09	-0.874376604277492	0.13	0.269	0.000194152154030305	P:r1@ID2	P:r1@ID2	r1@ID2	ID2	ID2	ID2	P	sig	white	white	day3	0.00155321723224244
t2	2.62665058779825e-09	0.551783211803887	0.178	0.125	0.000197306112203641	P:r1@PLXNA4	P:r1@PLXNA4	r1@PLXNA4	PLXNA4	PLXNA4	PLXNA4	P	sig	beige	beige	day3	0.00157844889762913
t2	2.64436740089661e-09	0.261117065570097	0.545	0.482	0.000198636946053151	P:r1@SEPTIN9	P:r1@SEPTIN9	r1@SEPTIN9	SEPTIN9	SEPTIN9	SEPTIN9	P	sig	beige	beige	day3	0.00158909556842521
t3	2.66350716034929e-09	0.277120203122795	0.271	0.183	0.000200074667363958	D:r1@ADDG04107654737.F	D:r1@ADDG04107654737.F	r1@..737.F	..737.F	..737.F	ADDG04107654737.F	D	sig	beige	beige	day1	0.00160059733891166
t3	2.68147296208649e-09	0.355169166725978	0.247	0.164	0.000201424204493051	P:r1@MDN1	P:r1@MDN1	r1@MDN1	MDN1	MDN1	MDN1	P	sig	beige	beige	day1	0.00161139363594441
t0	2.71291068309001e-09	0.335410764231972	0.368	0.299	0.000203785711781673	P:r1@ADAMTS15	P:r1@ADAMTS15	r1@ADAMTS15	ADAMTS15	ADAMTS15	ADAMTS15	P	sig	beige	beige	day3	0.00163028569425338
t2	2.80843016620758e-09	0.374028507025603	0.326	0.266	0.000210960848795015	P:r1@DAG1	P:r1@DAG1	r1@DAG1	DAG1	DAG1	DAG1	P	sig	beige	beige	day3	0.00168768679036012
t3	2.85864450605854e-09	0.291046893285596	0.398	0.289	0.000214732799361599	P:r1@AC009299.2	P:r1@AC009299.2	r1@AC009299.2	AC009299.2	AC009299.2	AC009299.2	P	sig	beige	beige	day1	0.00171786239489279
t3	2.89596819536296e-09	0.261306114579332	0.265	0.176	0.000217536442931079	P:r1@NPRL3	P:r1@NPRL3	r1@NPRL3	NPRL3	NPRL3	NPRL3	P	sig	beige	beige	day1	0.00174029154344863
t2	2.90988730897235e-09	0.250270662511473	0.478	0.405	0.000218582004988076	P:r1@HIST2H2AC	P:r1@HIST2H2AC	r1@HIST2H2AC	HIST2H2AC	HIST2H2AC	HIST2H2AC	P	sig	beige	beige	day3	0.00174865603990461
t3	2.95555434889623e-09	0.299189189673597	0.299	0.207	0.000222012376026038	P:r1@CACNA1C	P:r1@CACNA1C	r1@CACNA1C	CACNA1C	CACNA1C	CACNA1C	P	sig	beige	beige	day1	0.0017760990082083
t0	2.98031568843781e-09	0.46168377741656	0.136	0.089	0.000223872373568383	P:r1@SNED1	P:r1@SNED1	r1@SNED1	SNED1	SNED1	SNED1	P	sig	beige	beige	day3	0.00179097898854707
t3	2.99230025033805e-09	0.334295393731113	0.137	0.078	0.000224772617904643	P:r1@CCZ1	P:r1@CCZ1	r1@CCZ1	CCZ1	CCZ1	CCZ1	P	sig	beige	beige	day1	0.00179818094323715
t2	2.99267881661599e-09	0.640478529788695	0.124	0.08	0.000224801054667743	P:r1@ADDG22038739873.F	P:r1@ADDG22038739873.F	r1@..873.F	..873.F	..873.F	ADDG22038739873.F	P	sig	beige	beige	day3	0.00179840843734194
t0	3.1500947532998e-09	0.371964767738773	0.269	0.205	0.000236625667583621	P:r1@MIDN	P:r1@MIDN	r1@MIDN	MIDN	MIDN	MIDN	P	sig	beige	beige	day3	0.00189300534066897
t3	3.16082952252366e-09	0.277345050802981	0.311	0.215	0.00023743203124341	P:r1@TEX10	P:r1@TEX10	r1@TEX10	TEX10	TEX10	TEX10	P	sig	beige	beige	day1	0.00189945624994728
t0	3.18754513427905e-09	0.292502866722002	0.365	0.292	0.000239438827851639	P:r1@CNP	P:r1@CNP	r1@CNP	CNP	CNP	CNP	P	sig	beige	beige	day3	0.00191551062281311
t2	3.20419450760041e-09	0.308335474746201	0.379	0.311	0.00024068947882742	P:r1@BAG6	P:r1@BAG6	r1@BAG6	BAG6	BAG6	BAG6	P	sig	beige	beige	day3	0.00192551583061936
t0	3.21787050975839e-09	0.401967059365616	0.167	0.114	0.000241716779081521	P:r1@PTGFRN	P:r1@PTGFRN	r1@PTGFRN	PTGFRN	PTGFRN	PTGFRN	P	sig	beige	beige	day3	0.00193373423265217
t6	3.31644434047382e-09	1.08403406657177	0.375	0.26	0.000249121349523372	D:r1@ADDG21008437736.F	D:r1@ADDG21008437736.F	r1@..736.F	..736.F	..736.F	ADDG21008437736.F	D	sig	beige	beige	day3	0.00199297079618697
t5	3.43366454712978e-09	0.261735964492029	0.995	0.99	0.000257926579786748	P:r1@SLC3A2	P:r1@SLC3A2	r1@SLC3A2	SLC3A2	SLC3A2	SLC3A2	P	sig	beige	beige	day3	0.00206341263829398
t5	3.5535212674978e-09	0.337254770178614	0.642	0.543	0.000266929857050632	P:r1@ADAMTS2	P:r1@ADAMTS2	r1@ADAMTS2	ADAMTS2	ADAMTS2	ADAMTS2	P	sig	beige	beige	day3	0.00213543885640506
t2	3.55516468260771e-09	0.305842342723786	0.681	0.636	0.000267053305463443	P:r1@PDE3B	P:r1@PDE3B	r1@PDE3B	PDE3B	PDE3B	PDE3B	P	sig	beige	beige	day3	0.00213642644370755
t6	3.58419637109056e-09	-0.412309450725396	0.701	0.863	0.000269234078807209	P:r1@NAP1L1	P:r1@NAP1L1	r1@NAP1L1	NAP1L1	NAP1L1	NAP1L1	P	sig	white	white	day3	0.00215387263045768
t2	3.69474719202607e-09	0.419789173763134	0.26	0.202	0.000277538324823422	P:r1@SDC3	P:r1@SDC3	r1@SDC3	SDC3	SDC3	SDC3	P	sig	beige	beige	day3	0.00222030659858738
t2	3.72622007092324e-09	0.250247931276485	0.605	0.544	0.000279902473067541	P:r1@LMF2	P:r1@LMF2	r1@LMF2	LMF2	LMF2	LMF2	P	sig	beige	beige	day3	0.00223921978454033
t4	3.77871744548644e-09	0.471358030470384	0.404	0.309	0.000283845918352605	P:r1@SEMA3G	P:r1@SEMA3G	r1@SEMA3G	SEMA3G	SEMA3G	SEMA3G	P	sig	beige	beige	day3	0.00227076734682084
t6	3.7879334113764e-09	-0.790162734968328	0.119	0.259	0.000284538194062361	P:r1@PPIL3	P:r1@PPIL3	r1@PPIL3	PPIL3	PPIL3	PPIL3	P	sig	white	white	day3	0.00227630555249889
t3	3.81456311058312e-09	0.318634403023388	0.202	0.128	0.000286538537177672	P:r1@ADGRA3	P:r1@ADGRA3	r1@ADGRA3	ADGRA3	ADGRA3	ADGRA3	P	sig	beige	beige	day1	0.00229230829742138
t4	3.8325521112879e-09	0.273366612082854	0.723	0.643	0.000287889816943613	P:r1@PYGB	P:r1@PYGB	r1@PYGB	PYGB	PYGB	PYGB	P	sig	beige	beige	day3	0.00230311853554891
t2	3.85541574298745e-09	0.306779208674313	0.395	0.33	0.000289607264365988	P:r1@FHOD1	P:r1@FHOD1	r1@FHOD1	FHOD1	FHOD1	FHOD1	P	sig	beige	beige	day3	0.0023168581149279
t5	3.85619734440065e-09	0.343112202427793	0.815	0.739	0.000289665975919344	P:r1@SLC1A5	P:r1@SLC1A5	r1@SLC1A5	SLC1A5	SLC1A5	SLC1A5	P	sig	beige	beige	day3	0.00231732780735475
t8	3.95980665619124e-09	0.84845379582927	0.914	0.671	0.000297448796593117	P:r1@RPL7AP6	P:r1@RPL7AP6	r1@RPL7AP6	RPL7AP6	RPL7AP6	RPL7AP6	P	sig	beige	beige	day1	0.00237959037274494
t3	3.9698064038063e-09	0.311645724823871	0.193	0.121	0.000298199947634718	P:r2@NUMA1	P:r2@NUMA1	r2@NUMA1	NUMA1	r2@NUMA1	NUMA1	P	sig	beige	beige	day1	0.00238559958107774
t3	3.99342036547772e-09	0.266998786241043	0.321	0.224	0.00029997375759359	P:r1@AC002398.2,r1@LIN37	P:r1@AC002398.2,r1@LIN37	r1@AC002398.2,r1@LIN37	AC002398.2	AC002398.2	AC002398.2,LIN37	P	sig	beige	beige	day1	0.00239979006074872
t4	4.16013877285513e-09	-1.10268678526315	0.082	0.138	0.000312497144200559	P:r2@ADDG02038482405.B	P:r2@ADDG02038482405.B	r2@..405.B	..405.B	r2@..405.B	ADDG02038482405.B	P	sig	white	white	day3	0.00249997715360447
t3	4.17155471883279e-09	0.271417438713912	0.382	0.277	0.000313354675814563	P:r1@PDE4A	P:r1@PDE4A	r1@PDE4A	PDE4A	PDE4A	PDE4A	P	sig	beige	beige	day1	0.0025068374065165
t0	4.1968521991159e-09	0.424923852164116	0.129	0.083	0.000315254946640989	P:r1@AC027682.3	P:r1@AC027682.3	r1@AC027682.3	AC027682.3	AC027682.3	AC027682.3	P	sig	beige	beige	day3	0.00252203957312791
t0	4.20797364670997e-09	0.362030133306327	0.245	0.183	0.000316090356419913	P:r1@ARHGEF40	P:r1@ARHGEF40	r1@ARHGEF40	ARHGEF40	ARHGEF40	ARHGEF40	P	sig	beige	beige	day3	0.0025287228513593
t5	4.30529512704209e-09	0.391913140556586	0.575	0.467	0.000323400854058021	P:r1@FLNA	P:r1@FLNA	r1@FLNA	FLNA	FLNA	FLNA	P	sig	beige	beige	day3	0.00258720683246417
t0	4.3104666820393e-09	0.267770606762566	0.492	0.414	0.000323789325754746	P:r1@ITGB5	P:r1@ITGB5	r1@ITGB5	ITGB5	ITGB5	ITGB5	P	sig	beige	beige	day3	0.00259031460603797
t5	4.38805729531819e-09	0.327232141273353	1	1	0.000329617699852416	D:r1@ADDG21008254958.B	D:r1@ADDG21008254958.B	r1@..958.B	..958.B	..958.B	ADDG21008254958.B	D	sig	beige	beige	day3	0.00263694159881933
t3	4.45677798499719e-09	0.327548798613776	0.219	0.142	0.000334779791899034	P:r1@LINC01004,r1@KMT2E-AS1	P:r1@LINC01004,r1@KMT2E-AS1	r1@LINC01004,r1@KMT2E-AS1	KMT2E-AS1	KMT2E-AS1	LINC01004,KMT2E-AS1	P	sig	beige	beige	day1	0.00267823833519227
t3	4.56049067563805e-09	0.314914721683273	0.295	0.206	0.000342570378081904	D:r1@ADDG02090245612.R	D:r1@ADDG02090245612.R	r1@..612.R	..612.R	..612.R	ADDG02090245612.R	D	sig	beige	beige	day1	0.00274056302465523
t3	4.5632672713186e-09	0.254823380162684	0.422	0.306	0.000342778947619639	P:r1@ADDG05119525926.R	P:r1@ADDG05119525926.R	r1@..926.R	..926.R	..926.R	ADDG05119525926.R	P	sig	beige	beige	day1	0.00274223158095712
t3	4.60252482937611e-09	0.392073582236999	0.18	0.112	0.000345727857608245	P:r1@MOAP1	P:r1@MOAP1	r1@MOAP1	MOAP1	MOAP1	MOAP1	P	sig	beige	beige	day1	0.00276582286086596
t3	4.68403013909668e-09	0.301996652262458	0.185	0.114	0.000351850291958526	P:r1@FAM156B	P:r1@FAM156B	r1@FAM156B	FAM156B	FAM156B	FAM156B	P	sig	beige	beige	day1	0.0028148023356682
t5	4.70886067900588e-09	-0.934909010600335	0.182	0.263	0.000353715487624885	D:r1@ADDG02027070577.F	D:r1@ADDG02027070577.F	r1@..577.F	..577.F	..577.F	ADDG02027070577.F	D	sig	white	white	day3	0.00282972390099908
t3	4.71656414903519e-09	0.325447817264746	0.21	0.135	0.000354294149183077	P:r1@CSRNP2	P:r1@CSRNP2	r1@CSRNP2	CSRNP2	CSRNP2	CSRNP2	P	sig	beige	beige	day1	0.00283435319346461
t0	4.75101653902152e-09	0.419765220763979	0.207	0.152	0.000356882109361679	P:r2@SREBF1	P:r2@SREBF1	r2@SREBF1	SREBF1	r2@SREBF1	SREBF1	P	sig	beige	beige	day3	0.00285505687489343
t3	4.98969905920415e-09	0.267444261464421	0.218	0.14	0.000374811224230238	P:r2@MGAT1	P:r2@MGAT1	r2@MGAT1	MGAT1	r2@MGAT1	MGAT1	P	sig	beige	beige	day1	0.0029984897938419
t6	5.0303374469493e-09	-0.937304148702094	0.084	0.206	0.000377863858002491	P:r1@ADDG14075259702.B	P:r1@ADDG14075259702.B	r1@..702.B	..702.B	..702.B	ADDG14075259702.B	P	sig	white	white	day3	0.00302291086401993
t3	5.05921058218266e-09	0.431166852521613	0.148	0.088	0.000380032721301815	P:r1@ANGEL1	P:r1@ANGEL1	r1@ANGEL1	ANGEL1	ANGEL1	ANGEL1	P	sig	beige	beige	day1	0.00304026177041452
t3	5.07141856070195e-09	0.320944223695047	0.269	0.183	0.000380949748024248	P:r1@ADDG08022102233.R	P:r1@ADDG08022102233.R	r1@..233.R	..233.R	..233.R	ADDG08022102233.R	P	sig	beige	beige	day1	0.00304759798419399
t3	5.08185829684513e-09	0.298258729230501	0.229	0.152	0.000381733949684116	P:r1@TSSC2	P:r1@TSSC2	r1@TSSC2	TSSC2	TSSC2	TSSC2	P	sig	beige	beige	day1	0.00305387159747292
t2	5.09227258497472e-09	0.260260517467183	0.472	0.407	0.000382516239765546	P:r1@MYH9	P:r1@MYH9	r1@MYH9	MYH9	MYH9	MYH9	P	sig	beige	beige	day3	0.00306012991812437
t6	5.12671222836962e-09	0.454849784194706	0.829	0.788	0.00038510324245844	P:r1@COL4A1	P:r1@COL4A1	r1@COL4A1	COL4A1	COL4A1	COL4A1	P	sig	beige	beige	day3	0.00308082593966752
t2	5.13754620658379e-09	0.366275131011676	0.32	0.258	0.000385917058399955	P:r1@MAP1S	P:r1@MAP1S	r1@MAP1S	MAP1S	MAP1S	MAP1S	P	sig	beige	beige	day3	0.00308733646719964
t3	5.15119659042834e-09	0.353576996599182	0.242	0.163	0.000386942434283206	D:r1@ADDG03126983033.B	D:r1@ADDG03126983033.B	r1@..033.B	..033.B	..033.B	ADDG03126983033.B	D	sig	beige	beige	day1	0.00309553947426565
t3	5.2717571519264e-09	0.264687286345275	0.891	0.818	0.000395998581981255	P:r1@GAS1	P:r1@GAS1	r1@GAS1	GAS1	GAS1	GAS1	P	sig	beige	beige	day1	0.00316798865585004
t3	5.28695223551398e-09	0.281973838528415	0.256	0.172	0.000397139991075103	P:r1@TTL	P:r1@TTL	r1@TTL	TTL	TTL	TTL	P	sig	beige	beige	day1	0.00317711992860083
t3	5.32285583768336e-09	0.358052980851446	0.179	0.112	0.000399836961959261	D:r1@ADDG01045511417.B	D:r1@ADDG01045511417.B	r1@..417.B	..417.B	..417.B	ADDG01045511417.B	D	sig	beige	beige	day1	0.00319869569567409
t0	5.38846184430642e-09	0.332814692845823	0.492	0.428	0.000404765088358765	P:r1@AOC3	P:r1@AOC3	r1@AOC3	AOC3	AOC3	AOC3	P	sig	beige	beige	day3	0.00323812070687012
t3	5.43465538314197e-09	0.281497366825152	0.391	0.286	0.000408235008415475	P:r1@BCL9L	P:r1@BCL9L	r1@BCL9L	BCL9L	BCL9L	BCL9L	P	sig	beige	beige	day1	0.0032658800673238
t4	5.72147316626608e-09	0.304496583165204	0.977	0.966	0.000429779899830409	P:r1@GSN	P:r1@GSN	r1@GSN	GSN	GSN	GSN	P	sig	beige	beige	day3	0.00343823919864327
t2	5.77728862528622e-09	0.346496398118543	0.282	0.221	0.000433972589665625	P:r1@SYVN1	P:r1@SYVN1	r1@SYVN1	SYVN1	SYVN1	SYVN1	P	sig	beige	beige	day3	0.003471780717325
t4	6.01981243770209e-09	0.458844544543576	0.314	0.226	0.000452190250882868	P:r1@SLC6A8	P:r1@SLC6A8	r1@SLC6A8	SLC6A8	SLC6A8	SLC6A8	P	sig	beige	beige	day3	0.00361752200706295
t3	6.02118341346896e-09	0.272046278600156	0.394	0.292	0.000452293234469548	D:r1@ADDG14022844800.R	D:r1@ADDG14022844800.R	r1@..800.R	..800.R	..800.R	ADDG14022844800.R	D	sig	beige	beige	day1	0.00361834587575638
t3	6.10898515696327e-09	0.351611398247542	0.17	0.104	0.00045888863803561	P:r1@ARAP3	P:r1@ARAP3	r1@ARAP3	ARAP3	ARAP3	ARAP3	P	sig	beige	beige	day1	0.00367110910428488
t4	6.12698693948152e-09	0.470482618361603	0.478	0.391	0.000460240877933033	P:r1@KCNK3	P:r1@KCNK3	r1@KCNK3	KCNK3	KCNK3	KCNK3	P	sig	beige	beige	day3	0.00368192702346427
t2	6.15878068563642e-09	0.568981731862295	0.134	0.089	0.000462629128762951	P:r1@INPPL1	P:r1@INPPL1	r1@INPPL1	INPPL1	INPPL1	INPPL1	P	sig	beige	beige	day3	0.00370103303010361
t2	6.20750412463638e-09	0.621468857801013	0.132	0.088	0.000466289087330311	P:r3@PLEC	P:r3@PLEC	r3@PLEC	PLEC	r3@PLEC	PLEC	P	sig	beige	beige	day3	0.00373031269864249
t0	6.2199290444857e-09	0.336091918991803	0.237	0.176	0.000467222410034632	P:r1@TBC1D10B	P:r1@TBC1D10B	r1@TBC1D10B	TBC1D10B	TBC1D10B	TBC1D10B	P	sig	beige	beige	day3	0.00373777928027706
t2	6.37846186501171e-09	0.329310974670361	0.268	0.207	0.000479130919914085	P:r1@MAPK14	P:r1@MAPK14	r1@MAPK14	MAPK14	MAPK14	MAPK14	P	sig	beige	beige	day3	0.00383304735931268
t0	6.42574292714868e-09	0.322209750681706	0.257	0.194	0.000482682531458628	P:r1@KDM4B	P:r1@KDM4B	r1@KDM4B	KDM4B	KDM4B	KDM4B	P	sig	beige	beige	day3	0.00386146025166902
t2	6.42841985110438e-09	0.254492721632899	0.575	0.519	0.000482883613955408	P:r2@NFIC	P:r2@NFIC	r2@NFIC	NFIC	r2@NFIC	NFIC	P	sig	beige	beige	day3	0.00386306891164326
t2	6.63132385602074e-09	0.447115566197304	0.337	0.278	0.00049812515409271	P:r1@HK2	P:r1@HK2	r1@HK2	HK2	HK2	HK2	P	sig	beige	beige	day3	0.00398500123274168
t6	6.63973362752989e-09	0.693791755261806	0.247	0.13	0.000498756870899163	P:r1@LPL	P:r1@LPL	r1@LPL	LPL	LPL	LPL	P	sig	beige	beige	day3	0.0039900549671933
t3	6.81196309821375e-09	0.273155914659991	0.262	0.176	0.000511694232048522	P:r1@MCU	P:r1@MCU	r1@MCU	MCU	MCU	MCU	P	sig	beige	beige	day1	0.00409355385638818
t3	6.85386552563701e-09	0.307873611307164	0.228	0.151	0.000514841816689276	P:r1@ZNF595	P:r1@ZNF595	r1@ZNF595	ZNF595	ZNF595	ZNF595	P	sig	beige	beige	day1	0.0041187345335142
t0	7.0661762736425e-09	0.478116648862451	0.144	0.097	0.000530789963147203	P:r1@MICALL1	P:r1@MICALL1	r1@MICALL1	MICALL1	MICALL1	MICALL1	P	sig	beige	beige	day3	0.00424631970517763
t3	7.15436438196565e-09	0.269734663151302	0.301	0.211	0.000537414389280114	P:r1@NUP85	P:r1@NUP85	r1@NUP85	NUP85	NUP85	NUP85	P	sig	beige	beige	day1	0.00429931511424091
t3	7.42692266161185e-09	0.262952478543342	0.32	0.224	0.000557888149572297	P:r1@TFCP2	P:r1@TFCP2	r1@TFCP2	TFCP2	TFCP2	TFCP2	P	sig	beige	beige	day1	0.00446310519657838
t3	7.5474593430225e-09	0.361766554182656	0.163	0.1	0.000566942503469821	D:r1@ADDG01044651135.R	D:r1@ADDG01044651135.R	r1@..135.R	..135.R	..135.R	ADDG01044651135.R	D	sig	beige	beige	day1	0.00453554002775857
t6	7.60096105981713e-09	1.27293165403746	0.268	0.149	0.000570961391930283	P:r1@CD36	P:r1@CD36	r1@CD36	CD36	CD36	CD36	P	sig	beige	beige	day3	0.00456769113544226
t8	7.66057203719662e-09	0.975223825690781	0.798	0.484	0.000575439189718098	P:r1@AC113935.1	P:r1@AC113935.1	r1@AC113935.1	AC113935.1	AC113935.1	AC113935.1	P	sig	beige	beige	day1	0.00460351351774479
t3	7.70006066058532e-09	0.251091616763249	0.217	0.14	0.000578405456641187	D:r1@ADDG16029844695.R	D:r1@ADDG16029844695.R	r1@..695.R	..695.R	..695.R	ADDG16029844695.R	D	sig	beige	beige	day1	0.0046272436531295
t2	7.74048121914034e-09	0.350588243344579	0.412	0.354	0.000581441727738165	D:r1@ADDG11061803118.B	D:r1@ADDG11061803118.B	r1@..118.B	..118.B	..118.B	ADDG11061803118.B	D	sig	beige	beige	day3	0.00465153382190532
t0	7.90998212695144e-09	0.329826398812555	0.225	0.165	0.000594174127430211	P:r1@CANT1	P:r1@CANT1	r1@CANT1	CANT1	CANT1	CANT1	P	sig	beige	beige	day3	0.00475339301944169
t4	7.91479608566358e-09	0.348671356503754	0.411	0.309	0.000594535737566791	P:r1@ADAMTS15	P:r1@ADAMTS15	r1@ADAMTS15	ADAMTS15	ADAMTS15	ADAMTS15	P	sig	beige	beige	day3	0.00475628590053433
t3	7.97829878994203e-09	0.304986642564105	0.259	0.175	0.000599305870204076	P:r1@STIM2	P:r1@STIM2	r1@STIM2	STIM2	STIM2	STIM2	P	sig	beige	beige	day1	0.00479444696163261
t4	8.15221766559963e-09	0.372894060501265	0.345	0.252	0.000612370134386847	P:r1@FAM120A	P:r1@FAM120A	r1@FAM120A	FAM120A	FAM120A	FAM120A	P	sig	beige	beige	day3	0.00489896107509478
t2	8.15566625182508e-09	0.403934506950455	0.267	0.209	0.000612629181838345	P:r2@SHC1	P:r2@SHC1	r2@SHC1	SHC1	r2@SHC1	SHC1	P	sig	beige	beige	day3	0.00490103345470676
t3	8.16902267854457e-09	0.288868207699331	0.641	0.534	0.000613632476544233	P:r1@OLFML2B	P:r1@OLFML2B	r1@OLFML2B	OLFML2B	OLFML2B	OLFML2B	P	sig	beige	beige	day1	0.00490905981235386
t5	8.35353870947115e-09	0.331417584505984	0.567	0.453	0.000627492767239344	P:r1@PKN1	P:r1@PKN1	r1@PKN1	PKN1	PKN1	PKN1	P	sig	beige	beige	day3	0.00501994213791475
t3	8.39389236212088e-09	0.275523658285691	0.431	0.322	0.000630524012565435	P:r1@ENOX1	P:r1@ENOX1	r1@ENOX1	ENOX1	ENOX1	ENOX1	P	sig	beige	beige	day1	0.00504419210052348
t2	8.42430638169152e-09	0.291946225216943	0.427	0.364	0.000632808622473522	P:r1@HNRNPUL1	P:r1@HNRNPUL1	r1@HNRNPUL1	HNRNPUL1	HNRNPUL1	HNRNPUL1	P	sig	beige	beige	day3	0.00506246897978817
t4	8.49175838917322e-09	0.31070373192945	0.471	0.372	0.000637875414919525	P:r1@SCAP	P:r1@SCAP	r1@SCAP	SCAP	SCAP	SCAP	P	sig	beige	beige	day3	0.0051030033193562
t2	8.63694351127798e-09	0.549081203193188	0.212	0.161	0.000648781285736668	P:r1@ALDH16A1	P:r1@ALDH16A1	r1@ALDH16A1	ALDH16A1	ALDH16A1	ALDH16A1	P	sig	beige	beige	day3	0.00519025028589334
t3	8.81392927508413e-09	0.362128826479048	0.159	0.097	0.000662075925356495	P:r1@DOP1A	P:r1@DOP1A	r1@DOP1A	DOP1A	DOP1A	DOP1A	P	sig	beige	beige	day1	0.00529660740285196
t3	9.09917858989986e-09	0.28237614726636	0.33	0.235	0.000683502998137508	P:r1@LINC00680,r1@AL021368.4	P:r1@LINC00680,r1@AL021368.4	r1@LINC00680,r1@AL021368.4	AL021368.4	AL021368.4	LINC00680,AL021368.4	P	sig	beige	beige	day1	0.00546802398510007
t3	9.17834011242034e-09	0.265575310224643	0.379	0.272	0.000689449374224679	P:r1@MED24	P:r1@MED24	r1@MED24	MED24	MED24	MED24	P	sig	beige	beige	day1	0.00551559499379743
t6	9.38532486876655e-09	-0.357343035313089	0.452	0.659	0.000704997448167137	P:r1@PLAC9	P:r1@PLAC9	r1@PLAC9	PLAC9	PLAC9	PLAC9	P	sig	white	white	day3	0.0056399795853371
t2	9.42765192006789e-09	0.259163268933438	0.447	0.384	0.00070817692927974	P:r1@PKN1	P:r1@PKN1	r1@PKN1	PKN1	PKN1	PKN1	P	sig	beige	beige	day3	0.00566541543423792
t2	9.59130759346927e-09	0.371523907779981	0.361	0.3	0.000720470252498631	P:r1@SCARF2	P:r1@SCARF2	r1@SCARF2	SCARF2	SCARF2	SCARF2	P	sig	beige	beige	day3	0.00576376201998905
t3	9.64714466598002e-09	0.286519087761323	0.266	0.181	0.000724664565874421	P:r1@TATDN2	P:r1@TATDN2	r1@TATDN2	TATDN2	TATDN2	TATDN2	P	sig	beige	beige	day1	0.00579731652699537
t0	9.71120937798883e-09	0.261256467395869	0.298	0.23	0.000729476914846387	P:r1@BAG6	P:r1@BAG6	r1@BAG6	BAG6	BAG6	BAG6	P	sig	beige	beige	day3	0.0058358153187711
t3	9.79495020843255e-09	0.256385261786392	0.334	0.237	0.000735767274806828	P:r1@EIF2AK3	P:r1@EIF2AK3	r1@EIF2AK3	EIF2AK3	EIF2AK3	EIF2AK3	P	sig	beige	beige	day1	0.00588613819845462
t0	9.87782968085151e-09	0.395253448951423	0.191	0.137	0.000741992932136523	P:r1@AMOTL1	P:r1@AMOTL1	r1@AMOTL1	AMOTL1	AMOTL1	AMOTL1	P	sig	beige	beige	day3	0.00593594345709218
t2	1.0129166362505e-08	0.292410639250559	0.469	0.408	0.00076087258965229	P:r1@PINK1,r1@MIR6084	P:r1@PINK1,r1@MIR6084	r1@PINK1,r1@MIR6084	PINK1	PINK1	PINK1,MIR6084	P	sig	beige	beige	day3	0.00608698071721832
t0	1.01334876351332e-08	0.46350109942331	0.144	0.097	0.000761197190688298	P:r1@SBF1	P:r1@SBF1	r1@SBF1	SBF1	SBF1	SBF1	P	sig	beige	beige	day3	0.00608957752550638
t0	1.02636134021232e-08	0.279722053858112	0.338	0.268	0.000770971847927285	P:r1@SCARF2	P:r1@SCARF2	r1@SCARF2	SCARF2	SCARF2	SCARF2	P	sig	beige	beige	day3	0.00616777478341828
t3	1.02716088923955e-08	0.323867811630749	0.215	0.143	0.000771572445170075	P:r1@SLC1A3	P:r1@SLC1A3	r1@SLC1A3	SLC1A3	SLC1A3	SLC1A3	P	sig	beige	beige	day1	0.0061725795613606
t0	1.04713608856365e-08	0.427714023643009	0.223	0.167	0.00078657721564636	P:r1@HIC1	P:r1@HIC1	r1@HIC1	HIC1	HIC1	HIC1	P	sig	beige	beige	day3	0.00629261772517088
t3	1.06848481677199e-08	0.300262389766228	0.226	0.15	0.000802613739814618	P:r1@GSTT2B	P:r1@GSTT2B	r1@GSTT2B	GSTT2B	GSTT2B	GSTT2B	P	sig	beige	beige	day1	0.00642090991851695
t3	1.0734332756307e-08	0.260851397065641	0.219	0.141	0.000806330873655511	P:r1@TMEM200B	P:r1@TMEM200B	r1@TMEM200B	TMEM200B	TMEM200B	TMEM200B	P	sig	beige	beige	day1	0.00645064698924409
t0	1.08052619467891e-08	0.282922362166478	0.302	0.235	0.000811658861656958	P:r1@MAP1S	P:r1@MAP1S	r1@MAP1S	MAP1S	MAP1S	MAP1S	P	sig	beige	beige	day3	0.00649327089325567
t2	1.09412242152814e-08	0.475684908440747	0.194	0.142	0.000821871939379289	P:r1@IRS1	P:r1@IRS1	r1@IRS1	IRS1	IRS1	IRS1	P	sig	beige	beige	day3	0.00657497551503431
t6	1.12708516856478e-08	0.443968707853243	0.838	0.819	0.000846632566070808	P:r1@GLUL	P:r1@GLUL	r1@GLUL	GLUL	GLUL	GLUL	P	sig	beige	beige	day3	0.00677306052856646
t3	1.13035455312672e-08	0.307857060676843	0.274	0.191	0.000849088429672195	P:r1@GPR161	P:r1@GPR161	r1@GPR161	GPR161	GPR161	GPR161	P	sig	beige	beige	day1	0.00679270743737756
t3	1.15502057693988e-08	0.401976638475085	0.205	0.133	0.000867616806779928	P:r1@HOXB6,r2@HOXB3	P:r1@HOXB6,r2@HOXB3	r1@HOXB6,r2@HOXB3	HOXB6	HOXB6	HOXB6,HOXB3	P	sig	beige	beige	day1	0.00694093445423942
t2	1.17733982864789e-08	0.316451941833113	0.337	0.275	0.000884382359085438	P:r1@SNX18	P:r1@SNX18	r1@SNX18	SNX18	SNX18	SNX18	P	sig	beige	beige	day3	0.00707505887268351
t0	1.21135291670086e-08	0.32507745512649	0.338	0.269	0.000909931970438187	P:r1@CTDSP2	P:r1@CTDSP2	r1@CTDSP2	CTDSP2	CTDSP2	CTDSP2	P	sig	beige	beige	day3	0.00727945576350549
t0	1.22035961439633e-08	0.312280291326766	0.364	0.292	0.000916697531546091	D:r1@ADDG09105389631.B	D:r1@ADDG09105389631.B	r1@..631.B	..631.B	..631.B	ADDG09105389631.B	D	sig	beige	beige	day3	0.00733358025236872
t3	1.25216390429377e-08	0.270639945318803	0.499	0.392	0.000940587959988353	D:r2@ADDG06139373959.B	D:r2@ADDG06139373959.B	r2@..959.B	..959.B	r2@..959.B	ADDG06139373959.B	D	sig	beige	beige	day1	0.00752470367990683
t0	1.2733697767204e-08	0.298883708491518	0.317	0.249	0.000956517175179066	P:r1@TBC1D9B	P:r1@TBC1D9B	r1@TBC1D9B	TBC1D9B	TBC1D9B	TBC1D9B	P	sig	beige	beige	day3	0.00765213740143252
t2	1.28323015882472e-08	0.517661772554601	0.177	0.128	0.000963923998404367	P:r1@INTS1	P:r1@INTS1	r1@INTS1	INTS1	INTS1	INTS1	P	sig	beige	beige	day3	0.00771139198723494
t2	1.29209837458911e-08	0.450958892590682	0.267	0.21	0.000970585536040099	D:r1@ADDG06112178220.F	D:r1@ADDG06112178220.F	r1@..220.F	..220.F	..220.F	ADDG06112178220.F	D	sig	beige	beige	day3	0.00776468428832079
t0	1.32156645241274e-08	0.351739416189495	0.19	0.136	0.000992721072058876	P:r1@IL17RA	P:r1@IL17RA	r1@IL17RA	IL17RA	IL17RA	IL17RA	P	sig	beige	beige	day3	0.00794176857647101
t3	1.34442371715448e-08	0.283719775538884	0.238	0.158	0.00100989076361493	P:r1@WARS2-AS1	P:r1@WARS2-AS1	r1@WARS2-AS1	WARS2-AS1	WARS2-AS1	WARS2-AS1	P	sig	beige	beige	day1	0.00807912610891944
t3	1.3541580904783e-08	0.476942964420713	0.211	0.141	0.00101720293282458	D:r1@ADDG07134933162.R	D:r1@ADDG07134933162.R	r1@..162.R	..162.R	..162.R	ADDG07134933162.R	D	sig	beige	beige	day1	0.00813762346259667
t8	1.36634377809917e-08	0.553968405935937	0.957	0.929	0.00102635645579475	P:r1@RPSAP58	P:r1@RPSAP58	r1@RPSAP58	RPSAP58	RPSAP58	RPSAP58	P	sig	beige	beige	day1	0.00821085164635802
t8	1.3751938230519e-08	0.444294868035775	1	0.961	0.0010330043440619	P:r1@DDT	P:r1@DDT	r1@DDT	DDT	DDT	DDT	P	sig	beige	beige	day1	0.00826403475249517
t6	1.40349198596375e-08	-0.397027947400911	0.517	0.712	0.00105426107509639	P:r1@ADDG0M000016095.B,r1@MT-TP	P:r1@MT-TP	r1@MT-TP	MT-TP	MT-TP	MT-TP	P	sig	white	white	day3	0.0084340886007711
t0	1.41742533465407e-08	0.364537897987019	0.312	0.247	0.0010647273886321	P:r1@TGM2	P:r1@TGM2	r1@TGM2	TGM2	TGM2	TGM2	P	sig	beige	beige	day3	0.00851781910905681
t0	1.42663381750389e-08	0.267058021224391	0.352	0.278	0.0010716445246944	P:r1@GPR137	P:r1@GPR137	r1@GPR137	GPR137	GPR137	GPR137	P	sig	beige	beige	day3	0.00857315619755519
t2	1.46013228805019e-08	0.443401728055266	0.178	0.126	0.00109680757081466	P:r1@ZSWIM8	P:r1@ZSWIM8	r1@ZSWIM8	ZSWIM8	ZSWIM8	ZSWIM8	P	sig	beige	beige	day3	0.00877446056651731
t2	1.46342431685079e-08	0.397737980988729	0.34	0.283	0.00109928044408881	D:r1@ADDG01235990309.R	D:r1@ADDG01235990309.R	r1@..309.R	..309.R	..309.R	ADDG01235990309.R	D	sig	beige	beige	day3	0.00879424355271047
t6	1.4889154231145e-08	-0.643498878187128	0.19	0.34	0.00111842859838092	D:r1@ADDG02054972881.R	D:r1@ADDG02054972881.R	r1@..881.R	..881.R	..881.R	ADDG02054972881.R	D	sig	white	white	day3	0.00894742878704737
t2	1.49968231624927e-08	0.370338341218913	0.301	0.242	0.00112651636549696	P:r1@NAT9	P:r1@NAT9	r1@NAT9	NAT9	NAT9	NAT9	P	sig	beige	beige	day3	0.00901213092397571
t2	1.50709001109904e-08	0.254037344370839	0.448	0.387	0.00113208080363727	P:r1@NADK	P:r1@NADK	r1@NADK	NADK	NADK	NADK	P	sig	beige	beige	day3	0.00905664642909814
t3	1.54877574588566e-08	0.313239124721307	0.225	0.15	0.00116339387703693	P:r1@ZNF496	P:r1@ZNF496	r1@ZNF496	ZNF496	ZNF496	ZNF496	P	sig	beige	beige	day1	0.00930715101629547
t3	1.57743764967078e-08	0.322977709847108	0.192	0.122	0.0011849238393032	P:r1@TTLL11	P:r1@TTLL11	r1@TTLL11	TTLL11	TTLL11	TTLL11	P	sig	beige	beige	day1	0.00947939071442559
t3	1.57908427702123e-08	0.366365073138294	0.184	0.117	0.00118616073637003	D:r1@ADDG02178508430.R	D:r1@ADDG02178508430.R	r1@..430.R	..430.R	..430.R	ADDG02178508430.R	D	sig	beige	beige	day1	0.00948928589096028
t0	1.60071363668268e-08	-0.47888509834078	0.359	0.402	0.00120240806246693	P:r1@ADDG01000634140.R	P:r1@ADDG01000634140.R	r1@..140.R	..140.R	..140.R	ADDG01000634140.R	P	sig	white	white	day3	0.00961926449973544
t3	1.60481553214856e-08	0.27061950952447	0.252	0.172	0.00120548928328403	P:r1@KBTBD6	P:r1@KBTBD6	r1@KBTBD6	KBTBD6	KBTBD6	KBTBD6	P	sig	beige	beige	day1	0.00964391426627225
t3	1.60829755248338e-08	0.303906748674088	0.243	0.164	0.00120810487249894	P:r1@TMEM143	P:r1@TMEM143	r1@TMEM143	TMEM143	TMEM143	TMEM143	P	sig	beige	beige	day1	0.00966483897999154
t3	1.62189781292273e-08	0.360973924746182	0.529	0.439	0.00121832098013316	P:r1@C3	P:r1@C3	r1@C3	C3	C3	C3	P	sig	beige	beige	day1	0.00974656784106532
t2	1.65194882366651e-08	0.268169075119953	0.543	0.476	0.00124089439787357	P:r1@GJA1	P:r1@GJA1	r1@GJA1	GJA1	GJA1	GJA1	P	sig	beige	beige	day3	0.00992715518298858
