Cluster	cluster	condition	time	ID	Description	GeneRatio	BgRatio	pvalue	p.adjust	qvalue	geneID	Count	short_desc
t0.beige.day3	t0	beige	day3	GOMF_CALCIUM_ION_BINDING	GOMF_CALCIUM_ION_BINDING	17/107	491/13324	3.49520654565366e-07	0.00113489356537374	0.0010047799027558	TTYH3/SNED1/DAG1/CAMKK2/LRP1/LTBP2/ITGA5/ESYT1/TGM2/SELENON/HSPG2/STIM1/AOC3/CANT1/THBS2/TBC1D9B/LDLR	17	Calcium ion binding
t0.beige.day3	t0	beige	day3	GOCC_CELL_SUBSTRATE_JUNCTION	GOCC_CELL_SUBSTRATE_JUNCTION	15/107	413/13324	1.01286119413072e-06	0.00164438014867123	0.00145585469535316	DAG1/LRP1/PIP5K1C/ITGA5/TGM2/MRC2/HSPG2/FLNA/PTK7/SHC1/PDGFRB/SCARF2/FLII/MMP14/ITGB5	15	Cell substrate junction
t0.beige.day3	t0	beige	day3	GOBP_EXTERNAL_ENCAPSULATING_STRUCTURE_ORGANIZATION	GOBP_EXTERNAL_ENCAPSULATING_STRUCTURE_ORGANIZATION	12/107	273/13324	1.88998567003107e-06	0.00204559449019696	0.00181107047889644	DAG1/LRP1/PBXIP1/PHLDB1/COL18A1/ADAMTS15/COLGALT1/LAMC1/MMP14/ADAMTS2/RIC8A/ABL1	12	External encapsulating structure
t0.beige.day3	t0	beige	day3	REACTOME_EXTRACELLULAR_MATRIX_ORGANIZATION	REACTOME_EXTRACELLULAR_MATRIX_ORGANIZATION	11/107	237/13324	3.08721267761341e-06	0.00250604489105268	0.00221873100593743	DAG1/LTBP2/ITGA5/PTPRS/COL18A1/HSPG2/COLGALT1/LAMC1/MMP14/ITGB5/ADAMTS2	11	Extracellular matrix organization
t0.beige.day3	t0	beige	day3	HALLMARK_EPITHELIAL_MESENCHYMAL_TRANSITION	HALLMARK_EPITHELIAL_MESENCHYMAL_TRANSITION	10/107	197/13324	4.02322770073289e-06	0.00261268406885594	0.00231314417909506	LRP1/ITGA5/TGM2/FLNA/THBS2/COLGALT1/PDGFRB/LAMC1/MMP14/ITGB5	10	Epithelial mesenchymal transition
t0.beige.day3	t0	beige	day3	WP_SREBF_AND_MIR33_IN_CHOLESTEROL_AND_LIPID_HOMEOSTASIS	WP_SREBF_AND_MIR33_IN_CHOLESTEROL_AND_LIPID_HOMEOSTASIS	4/107	16/13324	6.64257534181437e-06	0.0031883737431736	0.00282283198826677	FASN/SREBF1/SREBF2/LDLR	4	Srebfandmir33incholesterolandlipidhomstss.
t0.beige.day3	t0	beige	day3	GOBP_REGULATION_OF_EXTRACELLULAR_MATRIX_ORGANIZATION	GOBP_REGULATION_OF_EXTRACELLULAR_MATRIX_ORGANIZATION	6/107	59/13324	7.42981218919263e-06	0.0031883737431736	0.00282283198826677	DAG1/LRP1/PHLDB1/COLGALT1/LAMC1/ABL1	6	Regulationofextracellularmatrixorganizatn.
t0.beige.day3	t0	beige	day3	WP_FATTY_ACIDS_AND_LIPOPROTEINS_TRANSPORT_IN_HEPATOCYTES	WP_FATTY_ACIDS_AND_LIPOPROTEINS_TRANSPORT_IN_HEPATOCYTES	12/107	318/13324	9.05401681666537e-06	0.0031883737431736	0.00282283198826677	OSBPL5/LSS/MICALL1/LRP1/PIP5K1C/MRC2/DHCR24/SNX18/LRP10/LDLR/SCARF2/ABL1	12	Fatty acid & lipoprotein transport hepato
t0.beige.day3	t0	beige	day3	KEGG_FOCAL_ADHESION	KEGG_FOCAL_ADHESION	9/107	173/13324	1.02639005507536e-05	0.0031883737431736	0.00282283198826677	PIP5K1C/ITGA5/AKT2/FLNA/THBS2/SHC1/PDGFRB/LAMC1/ITGB5	9	Focal adhesion
t0.beige.day3	t0	beige	day3	WP_FOCAL_ADHESION	WP_FOCAL_ADHESION	9/107	173/13324	1.02639005507536e-05	0.0031883737431736	0.00282283198826677	PIP5K1C/ITGA5/AKT2/FLNA/THBS2/SHC1/PDGFRB/LAMC1/ITGB5	9	Focal adhesion
t0.beige.day3	t0	beige	day3	REACTOME_METABOLISM_OF_FAT_SOLUBLE_VITAMINS	REACTOME_METABOLISM_OF_FAT_SOLUBLE_VITAMINS	5/107	37/13324	1.08013893362826e-05	0.0031883737431736	0.00282283198826677	LRP1/HSPG2/RETSAT/LRP10/LDLR	5	Metabolism of fat soluble vitamins
t0.beige.day3	t0	beige	day3	KEGG_ECM_RECEPTOR_INTERACTION	KEGG_ECM_RECEPTOR_INTERACTION	6/107	69/13324	1.85246931959915e-05	0.00485441877351772	0.00429786772258665	DAG1/ITGA5/HSPG2/THBS2/LAMC1/ITGB5	6	ECM receptor interaction
t0.beige.day3	t0	beige	day3	GOBP_CELLULAR_RESPONSE_TO_LIPID	GOBP_CELLULAR_RESPONSE_TO_LIPID	14/107	463/13324	1.94356156623746e-05	0.00485441877351772	0.00429786772258665	ADCY3/DAG1/PER1/SREBF1/UPF1/ZMIZ1/PTK7/FOXO3/PKN1/TNIP1/ZBTB7A/LDLR/GRAMD1A/ABL1	14	Cell response to lipid
t0.beige.day3	t0	beige	day3	WP_CHOLESTEROL_METABOLISM_WITH_BLOCH_AND_KANDUTSCHRUSSELL_PATHWAYS	WP_CHOLESTEROL_METABOLISM_WITH_BLOCH_AND_KANDUTSCHRUSSELL_PATHWAYS	5/107	44/13324	2.57365454009766e-05	0.00596904020835507	0.0052846996609073	FASN/LSS/SREBF1/SREBF2/DHCR24	5	Cholesterol metabolism: bloch & kandut.
t0.beige.day3	t0	beige	day3	REACTOME_CHOLESTEROL_BIOSYNTHESIS	REACTOME_CHOLESTEROL_BIOSYNTHESIS	4/107	25/13324	4.36695587886716e-05	0.00886052015644041	0.00784467623465831	LSS/SREBF1/SREBF2/DHCR24	4	Cholesterol biosynthesis
t0.beige.day3	t0	beige	day3	GOBP_EXTRACELLULAR_MATRIX_DISASSEMBLY	GOBP_EXTRACELLULAR_MATRIX_DISASSEMBLY	5/107	49/13324	4.37734332393733e-05	0.00886052015644041	0.00784467623465831	LRP1/PBXIP1/ADAMTS15/LAMC1/MMP14	5	Extracellular matrix disassembly
t0.beige.day3	t0	beige	day3	GOCC_RECEPTOR_COMPLEX	GOCC_RECEPTOR_COMPLEX	10/107	261/13324	4.63901578871226e-05	0.00886052015644041	0.00784467623465831	EPHB4/PLXNB2/PLXND1/LRP1/KCTD12/ITGA5/FLNA/PDGFRB/LDLR/ITGB5	10	Receptor complex
t0.beige.day3	t0	beige	day3	GOBP_REGULATION_OF_BASEMENT_MEMBRANE_ORGANIZATION	GOBP_REGULATION_OF_BASEMENT_MEMBRANE_ORGANIZATION	3/107	11/13324	7.92824624144022e-05	0.0136699837421435	0.0121027428070588	DAG1/PHLDB1/LAMC1	3	Regulationofbasementmembraneorganization.
t0.beige.day3	t0	beige	day3	GOBP_POSITIVE_REGULATION_OF_EXTRACELLULAR_MATRIX_ORGANIZATION	GOBP_POSITIVE_REGULATION_OF_EXTRACELLULAR_MATRIX_ORGANIZATION	4/107	29/13324	7.99906655684405e-05	0.0136699837421435	0.0121027428070588	DAG1/PHLDB1/COLGALT1/ABL1	4	Pos.reg.extracellularmatrixorganization.
t0.beige.day3	t0	beige	day3	GOCC_EXTERNAL_ENCAPSULATING_STRUCTURE	GOCC_EXTERNAL_ENCAPSULATING_STRUCTURE	12/107	404/13324	9.44342238974854e-05	0.0153313962497568	0.0135736771296859	SNED1/DAG1/LTBP2/TGM2/COL18A1/HSPG2/ADAMTS15/THBS2/LAMC1/ANGPTL2/MMP14/ADAMTS2	12	External encapsulating structure
t0.beige.day3	t0	beige	day3	GOBP_PLATELET_DERIVED_GROWTH_FACTOR_RECEPTOR_BETA_SIGNALING_PATHWAY	GOBP_PLATELET_DERIVED_GROWTH_FACTOR_RECEPTOR_BETA_SIGNALING_PATHWAY	3/107	12/13324	0.000105092632489596	0.0162493227473199	0.0143863648786509	LRP1/PDGFRB/ABL1	3	Plateletderivdgrwthfctrrcptrbtsgnlngpthwy.
t0.beige.day3	t0	beige	day3	GOBP_CELLULAR_RESPONSE_TO_ORGANIC_CYCLIC_COMPOUND	GOBP_CELLULAR_RESPONSE_TO_ORGANIC_CYCLIC_COMPOUND	12/107	413/13324	0.0001162734464003	0.0165028245142924	0.0146108030890157	ADCY3/DAG1/PER1/TGM2/SELENON/ZMIZ1/FLNA/FOXO3/PKN1/ZBTB7A/GRAMD1A/ABL1	12	Cell response to organic cyclic compound
t0.beige.day3	t0	beige	day3	WP_CHOLESTEROL_METABOLISM	WP_CHOLESTEROL_METABOLISM	5/107	60/13324	0.000116897124677772	0.0165028245142924	0.0146108030890157	OSBPL5/LSS/LRP1/DHCR24/LDLR	5	Cholesterol metabolism
t0.beige.day3	t0	beige	day3	GOMF_LOW_DENSITY_LIPOPROTEIN_PARTICLE_RECEPTOR_ACTIVITY	GOMF_LOW_DENSITY_LIPOPROTEIN_PARTICLE_RECEPTOR_ACTIVITY	3/107	13/13324	0.000135822866235373	0.0177616452563682	0.0157253021234634	LRP1/LRP10/LDLR	3	Lowdensitylipoproteinparticlreceptractvty.
t0.beige.day3	t0	beige	day3	REACTOME_VISUAL_PHOTOTRANSDUCTION	REACTOME_VISUAL_PHOTOTRANSDUCTION	5/107	62/13324	0.000136754275149124	0.0177616452563682	0.0157253021234634	LRP1/HSPG2/RETSAT/LRP10/LDLR	5	Visual phototransduction
t0.beige.day3	t0	beige	day3	REACTOME_ECM_PROTEOGLYCANS	REACTOME_ECM_PROTEOGLYCANS	5/107	63/13324	0.000147602344979411	0.0184332620826211	0.0163199191959017	DAG1/PTPRS/HSPG2/LAMC1/ITGB5	5	ECM proteoglycans
t0.beige.day3	t0	beige	day3	GOMF_LIPOPROTEIN_PARTICLE_RECEPTOR_ACTIVITY	GOMF_LIPOPROTEIN_PARTICLE_RECEPTOR_ACTIVITY	3/107	14/13324	0.000171856663040792	0.0201177114943774	0.0178112492798679	LRP1/LRP10/LDLR	3	Lipoprotein particle receptor activity
t0.beige.day3	t0	beige	day3	GOBP_POSITIVE_REGULATION_OF_CELL_ADHESION	GOBP_POSITIVE_REGULATION_OF_CELL_ADHESION	11/107	367/13324	0.000173481959298604	0.0201177114943774	0.0178112492798679	DAG1/ITGA5/TGM2/ZMIZ1/FLNA/FOXO3/BRD2/LAMC1/CD276/ABL1/ZBTB16	11	Pos. reg. cell adhesion
t0.beige.day3	t0	beige	day3	WP_STEROL_REGULATORY_ELEMENTBINDING_PROTEINS_SREBP_SIGNALING	WP_STEROL_REGULATORY_ELEMENTBINDING_PROTEINS_SREBP_SIGNALING	5/107	67/13324	0.000197716771286302	0.0221374605643663	0.0195994374730632	FASN/LSS/SREBF1/SREBF2/LDLR	5	Sterolregulatoryelmntbndngprtnssrbpsgnlng.
t0.beige.day3	t0	beige	day3	GOBP_BASEMENT_MEMBRANE_ORGANIZATION	GOBP_BASEMENT_MEMBRANE_ORGANIZATION	4/107	37/13324	0.000211720334161329	0.0229151975007278	0.0202880081612136	DAG1/PHLDB1/LAMC1/RIC8A	4	Basement membrane organization
t0.beige.day3	t0	beige	day3	GOCC_COLLAGEN_CONTAINING_EXTRACELLULAR_MATRIX	GOCC_COLLAGEN_CONTAINING_EXTRACELLULAR_MATRIX	10/107	322/13324	0.000261151040791617	0.0273534654661413	0.0242174360747676	DAG1/LTBP2/TGM2/COL18A1/HSPG2/ADAMTS15/THBS2/LAMC1/ANGPTL2/ADAMTS2	10	Collagen containing extracellular matrix
t0.beige.day3	t0	beige	day3	GOBP_BRANCHING_INVOLVED_IN_SALIVARY_GLAND_MORPHOGENESIS	GOBP_BRANCHING_INVOLVED_IN_SALIVARY_GLAND_MORPHOGENESIS	3/107	17/13324	0.0003154666922874	0.030453210096927	0.0269618001312005	DAG1/PLXND1/TGM2	3	Branchinginvolvedinsalivaryglandmorphgnss.
t0.beige.day3	t0	beige	day3	GOCC_BASEMENT_MEMBRANE	GOCC_BASEMENT_MEMBRANE	5/107	75/13324	0.000335847409588814	0.030453210096927	0.0269618001312005	DAG1/COL18A1/HSPG2/THBS2/LAMC1	5	Basement membrane
t0.beige.day3	t0	beige	day3	WP_ANGIOPOIETINLIKE_PROTEIN_8_REGULATORY_PATHWAY	WP_ANGIOPOIETINLIKE_PROTEIN_8_REGULATORY_PATHWAY	6/107	116/13324	0.000338191560926622	0.030453210096927	0.0269618001312005	FASN/SREBF1/SREBF2/AKT2/FOXO3/SHC1	6	Angiopoietinlikeprotein8regulatorypathway.
t0.beige.day3	t0	beige	day3	WP_VEGFAVEGFR2_SIGNALING	WP_VEGFAVEGFR2_SIGNALING	11/107	397/13324	0.00034107308316076	0.030453210096927	0.0269618001312005	CAMKK2/PBXIP1/FOXO3/MAPKAPK2/SHC1/CNP/FLII/MMP14/ITGB5/ABL1/ABCF2	11	UVEGFA-VEGFR2 signaling
t0.beige.day3	t0	beige	day3	REACTOME_ACTIVATION_OF_GENE_EXPRESSION_BY_SREBF_SREBP	REACTOME_ACTIVATION_OF_GENE_EXPRESSION_BY_SREBF_SREBP	4/107	42/13324	0.000347929180421866	0.030453210096927	0.0269618001312005	FASN/LSS/SREBF1/SREBF2	4	Activation  by SREBF SREBP
t0.beige.day3	t0	beige	day3	GOBP_STEROL_METABOLIC_PROCESS	GOBP_STEROL_METABOLIC_PROCESS	6/107	117/13324	0.000354176008343298	0.030453210096927	0.0269618001312005	OSBPL5/LSS/SREBF1/SREBF2/DHCR24/LDLR	6	Sterol metabolic process
t0.beige.day3	t0	beige	day3	GOBP_GLIOGENESIS	GOBP_GLIOGENESIS	9/107	274/13324	0.000356397284780791	0.030453210096927	0.0269618001312005	DAG1/LRP1/SUN2/AKT2/ZMIZ1/CNP/LDLR/MMP14/ABL1	9	Gliogenesis
t0.beige.day3	t0	beige	day3	REACTOME_O_LINKED_GLYCOSYLATION	REACTOME_O_LINKED_GLYCOSYLATION	5/107	78/13324	0.0004030535980237	0.0335567957123835	0.0297095648097902	DAG1/ADAMTS15/THBS2/POMGNT2/ADAMTS2	5	O linked glycosylation
t0.beige.day3	t0	beige	day3	GOBP_CELLULAR_COMPONENT_DISASSEMBLY	GOBP_CELLULAR_COMPONENT_DISASSEMBLY	12/107	478/13324	0.000445279592742968	0.0361455709409104	0.0320015412573959	CAMKK2/LRP1/SREBF1/PBXIP1/UPF1/SREBF2/ADAMTS15/C3/LAMC1/MAP1S/FLII/MMP14	12	Cell component disassembly
t0.beige.day3	t0	beige	day3	GOBP_MORPHOGENESIS_OF_AN_EPITHELIUM	GOBP_MORPHOGENESIS_OF_AN_EPITHELIUM	11/107	411/13324	0.000457087643468798	0.036199111666907	0.032048943628069	PLXNB2/DAG1/PLXND1/ITGA5/TGM2/FLNA/PTK7/BRD2/MMP14/ITGB5/ABL1	11	Morphogenesis of an epithelium
t0.beige.day3	t0	beige	day3	GOBP_REGULATION_OF_TRIGLYCERIDE_BIOSYNTHETIC_PROCESS	GOBP_REGULATION_OF_TRIGLYCERIDE_BIOSYNTHETIC_PROCESS	3/107	20/13324	0.000519681079828482	0.0392419643303042	0.0347429382866973	SREBF1/C3/LDLR	3	Regulationoftriglyceridbiosyntheticprocss.
t0.beige.day3	t0	beige	day3	WP_IMATINIB_AND_CHRONIC_MYELOID_LEUKEMIA	WP_IMATINIB_AND_CHRONIC_MYELOID_LEUKEMIA	3/107	20/13324	0.000519681079828482	0.0392419643303042	0.0347429382866973	FOXO3/PDGFRB/ABL1	3	Imatinib and chronic myeloid leukemia
t0.beige.day3	t0	beige	day3	REACTOME_DISEASES_ASSOCIATED_WITH_O_GLYCOSYLATION_OF_PROTEINS	REACTOME_DISEASES_ASSOCIATED_WITH_O_GLYCOSYLATION_OF_PROTEINS	4/107	47/13324	0.000537638168391326	0.0396752530174235	0.0351265511453759	DAG1/ADAMTS15/THBS2/ADAMTS2	4	Diseasesassociatedwithoglycosylatnofprtns.
t0.beige.day3	t0	beige	day3	REACTOME_SENSORY_PERCEPTION	REACTOME_SENSORY_PERCEPTION	6/107	129/13324	0.0005961079533259	0.0416420750029402	0.0368678802564407	ADCY3/LRP1/HSPG2/RETSAT/LRP10/LDLR	6	Sensory perception
t0.beige.day3	t0	beige	day3	GOBP_MICROTUBULE_ANCHORING	GOBP_MICROTUBULE_ANCHORING	3/107	21/13324	0.000602764867612624	0.0416420750029402	0.0368678802564407	DAG1/BICD2/MAP1S	3	Microtubule anchoring
t0.beige.day3	t0	beige	day3	WP_MIRNA_TARGETS_IN_ECM_AND_MEMBRANE_RECEPTORS	WP_MIRNA_TARGETS_IN_ECM_AND_MEMBRANE_RECEPTORS	3/107	21/13324	0.000602764867612624	0.0416420750029402	0.0368678802564407	THBS2/LAMC1/ITGB5	3	Mirnatargetsinecmandmembranereceptors.
t0.beige.day3	t0	beige	day3	GOBP_RESPIRATORY_SYSTEM_DEVELOPMENT	GOBP_RESPIRATORY_SYSTEM_DEVELOPMENT	7/107	184/13324	0.000697313895157647	0.0471703795328516	0.0417623738525336	DAG1/SREBF1/SELENON/PTK7/MMP14/ADAMTS2/BAG6	7	Respiratory system development
t0.beige.day3	t0	beige	day3	GOBP_INTEGRIN_MEDIATED_SIGNALING_PATHWAY	GOBP_INTEGRIN_MEDIATED_SIGNALING_PATHWAY	5/107	89/13324	0.000739107893627216	0.0489772108287259	0.0433620549408363	ITGA5/FLNA/LAMC1/ITGB5/ABL1	5	Integrin mediated signaling pathway
t2.beige.day3	t2	beige	day3	REACTOME_EXTRACELLULAR_MATRIX_ORGANIZATION	REACTOME_EXTRACELLULAR_MATRIX_ORGANIZATION	29/180	237/13324	8.08840680023958e-20	3.42301375786139e-16	2.86159318480055e-16	PLEC/HSPG2/PTPRS/SDC3/EMILIN1/DAG1/LAMC1/COL16A1/LAMB2/LTBP3/MMP14/COLGALT1/COL18A1/COL6A3/COL4A2/ADAMTS2/COL4A1/COL1A1/CAPN1/NID1/COL5A1/COL6A2/ADAM15/PXDN/VCAN/FBN1/COL6A1/MMP2/FBLN1	29	Extracellular matrix organization
t2.beige.day3	t2	beige	day3	GOBP_EXTERNAL_ENCAPSULATING_STRUCTURE_ORGANIZATION	GOBP_EXTERNAL_ENCAPSULATING_STRUCTURE_ORGANIZATION	26/180	273/13324	3.73674372966093e-15	7.90694973196254e-12	6.61010298704758e-12	NFKB2/LRP1/ADAMTS15/PBXIP1/EMILIN1/PHLDB1/DAG1/LAMC1/COL16A1/LAMB2/MMP14/COLGALT1/COL18A1/COL4A2/ENG/ADAMTS2/COL4A1/COL1A1/NID1/COL5A1/ADAM15/PXDN/COL6A1/FKBP10/MMP2/FBLN1	26	External encapsulating structure
t2.beige.day3	t2	beige	day3	GOCC_COLLAGEN_CONTAINING_EXTRACELLULAR_MATRIX	GOCC_COLLAGEN_CONTAINING_EXTRACELLULAR_MATRIX	27/180	322/13324	2.47420358001061e-14	3.4902765168683e-11	2.91782394119848e-11	HSPG2/SSC5D/ADAMTS15/SDC3/EMILIN1/DAG1/LAMC1/COL16A1/LAMB2/LTBP3/ANGPTL2/COL18A1/COL6A3/COL4A2/ADAMTS2/COL4A1/COL1A1/NID1/COL5A1/COL6A2/PXDN/VCAN/GPC1/FBN1/COL6A1/MMP2/FBLN1	27	Collagen containing extracellular matrix
t2.beige.day3	t2	beige	day3	REACTOME_DEGRADATION_OF_THE_EXTRACELLULAR_MATRIX	REACTOME_DEGRADATION_OF_THE_EXTRACELLULAR_MATRIX	17/180	106/13324	5.33006101173895e-14	5.51942690283162e-11	4.61416620744629e-11	HSPG2/LAMC1/COL16A1/MMP14/COL18A1/COL6A3/COL4A2/COL4A1/COL1A1/CAPN1/NID1/COL5A1/COL6A2/ADAM15/FBN1/COL6A1/MMP2	17	Degradation of the extracellular matrix
t2.beige.day3	t2	beige	day3	GOMF_EXTRACELLULAR_MATRIX_STRUCTURAL_CONSTITUENT	GOMF_EXTRACELLULAR_MATRIX_STRUCTURAL_CONSTITUENT	18/180	125/13324	6.5210620307557e-14	5.51942690283162e-11	4.61416620744629e-11	HSPG2/EMILIN1/LAMC1/COL16A1/LAMB2/COL18A1/COL6A3/COL4A2/COL4A1/COL1A1/NID1/COL5A1/COL6A2/PXDN/VCAN/FBN1/COL6A1/FBLN1	18	ECM structural constituent
t2.beige.day3	t2	beige	day3	HALLMARK_EPITHELIAL_MESENCHYMAL_TRANSITION	HALLMARK_EPITHELIAL_MESENCHYMAL_TRANSITION	21/180	197/13324	2.17791480153516e-13	1.5361559066828e-10	1.28420555227363e-10	LRP1/PDGFRB/LAMC1/COL16A1/MMP14/FLNA/COLGALT1/COL6A3/COL4A2/COL4A1/COL1A1/COL5A1/SLIT3/COL6A2/ANPEP/VCAN/GPC1/GJA1/FBN1/MMP2/FBLN1	21	Epithelial mesenchymal transition
t2.beige.day3	t2	beige	day3	GOCC_EXTERNAL_ENCAPSULATING_STRUCTURE	GOCC_EXTERNAL_ENCAPSULATING_STRUCTURE	28/180	404/13324	8.99472036951008e-13	5.43795094339523e-10	4.54605340780802e-10	HSPG2/SSC5D/ADAMTS15/SDC3/EMILIN1/DAG1/LAMC1/COL16A1/LAMB2/LTBP3/MMP14/ANGPTL2/COL18A1/COL6A3/COL4A2/ADAMTS2/COL4A1/COL1A1/NID1/COL5A1/COL6A2/PXDN/VCAN/GPC1/FBN1/COL6A1/MMP2/FBLN1	28	External encapsulating structure
t2.beige.day3	t2	beige	day3	REACTOME_ECM_PROTEOGLYCANS	REACTOME_ECM_PROTEOGLYCANS	13/180	63/13324	1.87715428212812e-12	9.93014615245775e-10	8.30146781872712e-10	HSPG2/PTPRS/DAG1/LAMC1/LAMB2/COL6A3/COL4A2/COL4A1/COL1A1/COL5A1/COL6A2/VCAN/COL6A1	13	ECM proteoglycans
t2.beige.day3	t2	beige	day3	GOCC_BASEMENT_MEMBRANE	GOCC_BASEMENT_MEMBRANE	13/180	75/13324	1.97223982382354e-11	9.27390992713468e-09	7.75286321388411e-09	HSPG2/DAG1/LAMC1/LAMB2/COL18A1/COL4A2/COL4A1/NID1/COL5A1/PXDN/FBN1/COL6A1/FBLN1	13	Basement membrane
t2.beige.day3	t2	beige	day3	REACTOME_COLLAGEN_FORMATION	REACTOME_COLLAGEN_FORMATION	13/180	79/13324	3.92322134293513e-11	1.66030727233015e-08	1.38799441406368e-08	PLEC/COL16A1/COLGALT1/COL18A1/COL6A3/COL4A2/ADAMTS2/COL4A1/COL1A1/COL5A1/COL6A2/PXDN/COL6A1	13	Collagen formation
t2.beige.day3	t2	beige	day3	KEGG_ECM_RECEPTOR_INTERACTION	KEGG_ECM_RECEPTOR_INTERACTION	12/180	69/13324	1.1540870613271e-10	4.10505266562962e-08	3.43176848303182e-08	HSPG2/SDC3/DAG1/LAMC1/LAMB2/COL6A3/COL4A2/COL4A1/COL1A1/COL5A1/COL6A2/COL6A1	12	ECM receptor interaction
t2.beige.day3	t2	beige	day3	REACTOME_COLLAGEN_DEGRADATION	REACTOME_COLLAGEN_DEGRADATION	11/180	54/13324	1.16400359138836e-10	4.10505266562962e-08	3.43176848303182e-08	COL16A1/MMP14/COL18A1/COL6A3/COL4A2/COL4A1/COL1A1/COL5A1/COL6A2/COL6A1/MMP2	11	Collagen degradation
t2.beige.day3	t2	beige	day3	WP_MIRNA_TARGETS_IN_ECM_AND_MEMBRANE_RECEPTORS	WP_MIRNA_TARGETS_IN_ECM_AND_MEMBRANE_RECEPTORS	8/180	21/13324	1.66294043122835e-10	5.41351069612184e-08	4.52562169178825e-08	LAMC1/LAMB2/COL6A3/COL4A2/COL4A1/COL5A1/COL6A2/COL6A1	8	Mirnatargetsinecmandmembranereceptors.
t2.beige.day3	t2	beige	day3	GOCC_ENDOPLASMIC_RETICULUM_LUMEN	GOCC_ENDOPLASMIC_RETICULUM_LUMEN	20/180	253/13324	2.05526894749455e-10	6.21278441842639e-08	5.19380370866857e-08	GANAB/DAG1/LAMC1/COL16A1/LAMB2/COLGALT1/COL18A1/COL6A3/COL4A2/COL4A1/COL1A1/COL5A1/COL6A2/BACE1/VCAN/APLP2/FBN1/COL6A1/FKBP10/CSF1	20	ER lumen
t2.beige.day3	t2	beige	day3	REACTOME_COLLAGEN_BIOSYNTHESIS_AND_MODIFYING_ENZYMES	REACTOME_COLLAGEN_BIOSYNTHESIS_AND_MODIFYING_ENZYMES	11/180	59/13324	3.20996422528709e-10	9.05637906760998e-08	7.57101035872976e-08	COL16A1/COLGALT1/COL18A1/COL6A3/COL4A2/ADAMTS2/COL4A1/COL1A1/COL5A1/COL6A2/COL6A1	11	Collagen biosynthesis and modifying
t2.beige.day3	t2	beige	day3	GOCC_COLLAGEN_TRIMER	GOCC_COLLAGEN_TRIMER	11/180	60/13324	3.88486699535918e-10	1.0275473202725e-07	8.59015656013302e-08	EMILIN1/COL16A1/COL18A1/COL6A3/COL4A2/COL4A1/COL1A1/C1QTNF1/COL5A1/COL6A2/COL6A1	11	Collagen trimer
t2.beige.day3	t2	beige	day3	GOMF_EXTRACELLULAR_MATRIX_STRUCTURAL_CONSTITUENT_CONFERRING_TENSILE_STRENGTH	GOMF_EXTRACELLULAR_MATRIX_STRUCTURAL_CONSTITUENT_CONFERRING_TENSILE_STRENGTH	9/180	36/13324	8.43751947620827e-10	1.98375457907297e-07	1.65839198593778e-07	COL16A1/COL18A1/COL6A3/COL4A2/COL4A1/COL1A1/COL5A1/COL6A2/COL6A1	9	Ecmstructuralconstituntcnfrrngtnslstrngth.
t2.beige.day3	t2	beige	day3	REACTOME_COLLAGEN_CHAIN_TRIMERIZATION	REACTOME_COLLAGEN_CHAIN_TRIMERIZATION	9/180	36/13324	8.43751947620827e-10	1.98375457907297e-07	1.65839198593778e-07	COL16A1/COL18A1/COL6A3/COL4A2/COL4A1/COL1A1/COL5A1/COL6A2/COL6A1	9	Collagen chain trimerization
t2.beige.day3	t2	beige	day3	REACTOME_ASSEMBLY_OF_COLLAGEN_FIBRILS_AND_OTHER_MULTIMERIC_STRUCTURES	REACTOME_ASSEMBLY_OF_COLLAGEN_FIBRILS_AND_OTHER_MULTIMERIC_STRUCTURES	10/180	53/13324	1.85965483033731e-09	4.14213644315132e-07	3.46277001925967e-07	PLEC/COL18A1/COL6A3/COL4A2/COL4A1/COL1A1/COL5A1/COL6A2/PXDN/COL6A1	10	Assemblyofcollgnfbrlsandothrmltmrcstrctrs.
t2.beige.day3	t2	beige	day3	REACTOME_INTEGRIN_CELL_SURFACE_INTERACTIONS	REACTOME_INTEGRIN_CELL_SURFACE_INTERACTIONS	11/180	70/13324	2.18223468657435e-09	4.61760859679133e-07	3.86025830609284e-07	HSPG2/COL16A1/COL18A1/COL6A3/COL4A2/COL4A1/COL1A1/COL5A1/COL6A2/FBN1/COL6A1	11	Integrin cell surface interactions
t2.beige.day3	t2	beige	day3	GOBP_BASEMENT_MEMBRANE_ORGANIZATION	GOBP_BASEMENT_MEMBRANE_ORGANIZATION	8/180	37/13324	2.62362199248678e-08	5.28722298676383e-06	4.42004687556294e-06	PHLDB1/DAG1/LAMC1/LAMB2/COL4A1/NID1/PXDN/COL6A1	8	Basement membrane organization
t2.beige.day3	t2	beige	day3	REACTOME_NON_INTEGRIN_MEMBRANE_ECM_INTERACTIONS	REACTOME_NON_INTEGRIN_MEMBRANE_ECM_INTERACTIONS	9/180	54/13324	3.86779121426911e-08	7.4402238267213e-06	6.21992644553037e-06	HSPG2/SDC3/DAG1/LAMC1/LAMB2/COL4A2/COL4A1/COL1A1/COL5A1	9	Non integrin membrane ECM interactions
t2.beige.day3	t2	beige	day3	REACTOME_LAMININ_INTERACTIONS	REACTOME_LAMININ_INTERACTIONS	7/180	27/13324	5.16538359977268e-08	9.50430582358173e-06	7.94547106582883e-06	HSPG2/LAMC1/LAMB2/COL18A1/COL4A2/COL4A1/NID1	7	Laminin interactions
t2.beige.day3	t2	beige	day3	WP_FATTY_ACIDS_AND_LIPOPROTEINS_TRANSPORT_IN_HEPATOCYTES	WP_FATTY_ACIDS_AND_LIPOPROTEINS_TRANSPORT_IN_HEPATOCYTES	19/180	318/13324	5.92777362460459e-08	1.04526408247194e-05	8.73826629486667e-06	INPPL1/LRP1/SSC5D/LRP5/ATP9A/LSS/SCARF2/LRP10/DHCR7/SNX18/SH3GL1/MRC2/EHD2/AP2A1/ACLY/LDLR/ABCA1/DHCR24/EPN1	19	Fatty acid & lipoprotein transport hepato
t2.beige.day3	t2	beige	day3	GOBP_REGULATION_OF_EXTRACELLULAR_MATRIX_ORGANIZATION	GOBP_REGULATION_OF_EXTRACELLULAR_MATRIX_ORGANIZATION	9/180	59/13324	8.62436411888374e-08	1.45993235804464e-05	1.22048369699235e-05	LRP1/EMILIN1/PHLDB1/DAG1/LAMC1/LAMB2/COLGALT1/NID1/COL6A1	9	Regulationofextracellularmatrixorganizatn.
t2.beige.day3	t2	beige	day3	GOMF_PLATELET_DERIVED_GROWTH_FACTOR_BINDING	GOMF_PLATELET_DERIVED_GROWTH_FACTOR_BINDING	5/180	10/13324	1.0155232600888e-07	1.65295939872916e-05	1.38185169115727e-05	PDGFRB/COL4A1/COL1A1/COL5A1/COL6A1	5	Platelet derived growth factor binding
t2.beige.day3	t2	beige	day3	GOBP_COLLAGEN_FIBRIL_ORGANIZATION	GOBP_COLLAGEN_FIBRIL_ORGANIZATION	9/180	62/13324	1.34476734965615e-07	2.10779830509067e-05	1.76209086245392e-05	EMILIN1/COLGALT1/COL18A1/ADAMTS2/COL1A1/COL5A1/PXDN/COL6A1/FKBP10	9	Collagen fibril organization
t2.beige.day3	t2	beige	day3	GOBP_GLIOGENESIS	GOBP_GLIOGENESIS	17/180	274/13324	1.79241371979383e-07	2.68722256038774e-05	2.24648169969734e-05	SCRIB/PLEC/LRP1/NDRG1/CNP/DAG1/LAMB2/SUN2/MMP14/ZMIZ1/BOK/APCDD1/LDLR/VCAN/GPC1/COL6A1/CSF1	17	Gliogenesis
t2.beige.day3	t2	beige	day3	GOBP_REGULATION_OF_BASEMENT_MEMBRANE_ORGANIZATION	GOBP_REGULATION_OF_BASEMENT_MEMBRANE_ORGANIZATION	5/180	11/13324	1.84143322899916e-07	2.68722256038774e-05	2.24648169969734e-05	PHLDB1/DAG1/LAMC1/LAMB2/NID1	5	Regulationofbasementmembraneorganization.
t2.beige.day3	t2	beige	day3	WP_STEROL_REGULATORY_ELEMENTBINDING_PROTEINS_SREBP_SIGNALING	WP_STEROL_REGULATORY_ELEMENTBINDING_PROTEINS_SREBP_SIGNALING	9/180	67/13324	2.67477154003665e-07	3.77321105247836e-05	3.15435338458357e-05	FASN/SEC24C/LSS/KPNB1/SCAP/SREBF1/AMFR/ACLY/LDLR	9	Sterolregulatoryelmntbndngprtnssrbpsgnlng.
t2.beige.day3	t2	beige	day3	GOBP_COLLAGEN_METABOLIC_PROCESS	GOBP_COLLAGEN_METABOLIC_PROCESS	10/180	89/13324	3.18827948623645e-07	4.35251573733957e-05	3.63864426256052e-05	EMILIN1/MMP14/ENG/ADAMTS2/COL1A1/COL5A1/MRC2/ADAM15/COL6A1/MMP2	10	Collagen metabolic process
t2.beige.day3	t2	beige	day3	GOMF_CELL_ADHESION_MOLECULE_BINDING	GOMF_CELL_ADHESION_MOLECULE_BINDING	22/180	473/13324	4.1650880154888e-07	5.50832890048394e-05	4.60488842765061e-05	NOTCH3/SCRIB/PLEC/FASN/KIRREL1/TNKS1BP1/NDRG1/EMILIN1/GCN1/COL16A1/LAMB2/MMP14/FLNA/PTPRM/DDX3X/SH3GL1/COL5A1/ADAM15/FBN1/SEPTIN9/MYH9/FBLN1	22	Cell adhesion molecule binding
t2.beige.day3	t2	beige	day3	REACTOME_METABOLISM_OF_FAT_SOLUBLE_VITAMINS	REACTOME_METABOLISM_OF_FAT_SOLUBLE_VITAMINS	7/180	37/13324	5.34342768408082e-07	6.85254119970607e-05	5.72863172127452e-05	LRP1/HSPG2/SDC3/LRP10/LDLR/GPC1/RETSAT	7	Metabolism of fat soluble vitamins
t2.beige.day3	t2	beige	day3	REACTOME_REGULATION_OF_CHOLESTEROL_BIOSYNTHESIS_BY_SREBP_SREBF	REACTOME_REGULATION_OF_CHOLESTEROL_BIOSYNTHESIS_BY_SREBP_SREBF	8/180	55/13324	6.72553739998205e-07	8.37131596374236e-05	6.99830687347977e-05	FASN/SEC24C/LSS/KPNB1/SCAP/DHCR7/SREBF1/RXRA	8	Regulationofcholesterolbsynthssbysrbpsrbf.
t2.beige.day3	t2	beige	day3	REACTOME_NCAM1_INTERACTIONS	REACTOME_NCAM1_INTERACTIONS	6/180	27/13324	1.30775824657449e-06	0.000158126654271521	0.000132191743360507	COL6A3/COL4A2/COL4A1/COL5A1/COL6A2/COL6A1	6	Ncam1 interactions
t2.beige.day3	t2	beige	day3	HALLMARK_ADIPOGENESIS	HALLMARK_ADIPOGENESIS	13/180	194/13324	2.26656285838349e-06	0.000266447056018859	0.000222746133538799	ESYT1/PHLDB1/SLC1A5/DHCR7/POR/COL4A1/LIPE/GPX3/ACLY/CAVIN1/APLP2/ABCA1/RETSAT	13	Adipogenesis
t2.beige.day3	t2	beige	day3	WP_ENTEROCYTE_CHOLESTEROL_METABOLISM	WP_ENTEROCYTE_CHOLESTEROL_METABOLISM	6/180	30/13324	2.53645693946949e-06	0.000290115831563105	0.000242532909631777	LSS/DHCR7/MGAT1/LDLR/ABCA1/DHCR24	6	Enterocyte cholesterol metabolism
t2.beige.day3	t2	beige	day3	GOMF_CALCIUM_ION_BINDING	GOMF_CALCIUM_ION_BINDING	21/180	491/13324	2.97095395351104e-06	0.000330870450822598	0.000276603219882288	NOTCH3/LRP1/HSPG2/AOC3/TTYH3/ESYT1/SELENON/TBC1D9B/DAG1/LTBP3/CAPN1/NID1/EHD2/SLIT3/MAN1A1/LDLR/VCAN/C1R/FBN1/FKBP10/FBLN1	21	Calcium ion binding
t2.beige.day3	t2	beige	day3	HALLMARK_UV_RESPONSE_DN	HALLMARK_UV_RESPONSE_DN	11/180	143/13324	3.71191459733473e-06	0.000395248900044774	0.00033042273232775	IRS1/PDGFRB/LAMC1/PTPRM/ZMIZ1/MAPK14/DLC1/COL1A1/RXRA/LDLR/GJA1	11	UV response dn
t2.beige.day3	t2	beige	day3	GOMF_GROWTH_FACTOR_BINDING	GOMF_GROWTH_FACTOR_BINDING	10/180	116/13324	3.73581190968596e-06	0.000395248900044774	0.00033042273232775	SHC1/PDGFRB/LTBP3/ENG/COL4A1/COL1A1/COL5A1/PXDN/GPC1/COL6A1	10	Growth factor binding
t2.beige.day3	t2	beige	day3	GOBP_EXTRACELLULAR_MATRIX_DISASSEMBLY	GOBP_EXTRACELLULAR_MATRIX_DISASSEMBLY	7/180	49/13324	3.88913541878681e-06	0.000396508060632881	0.000331475373541716	LRP1/ADAMTS15/PBXIP1/LAMC1/MMP14/ADAM15/MMP2	7	Extracellular matrix disassembly
t2.beige.day3	t2	beige	day3	KEGG_FOCAL_ADHESION	KEGG_FOCAL_ADHESION	12/180	173/13324	3.93509890042085e-06	0.000396508060632881	0.000331475373541716	SHC1/PDGFRB/LAMC1/LAMB2/FLNA/COL6A3/COL4A2/COL4A1/COL1A1/COL5A1/COL6A2/COL6A1	12	Focal adhesion
t2.beige.day3	t2	beige	day3	GOBP_STEROL_METABOLIC_PROCESS	GOBP_STEROL_METABOLIC_PROCESS	10/180	117/13324	4.03773592642845e-06	0.000397388335828958	0.000332211271694639	LRP5/LSS/SCAP/DHCR7/SREBF1/LIPE/ACLY/LDLR/ABCA1/DHCR24	10	Sterol metabolic process
t2.beige.day3	t2	beige	day3	GOBP_ARTERY_DEVELOPMENT	GOBP_ARTERY_DEVELOPMENT	9/180	95/13324	5.31539478203379e-06	0.000511244334490159	0.000427393345990803	NOTCH3/LRP1/PLXND1/PDGFRB/ZMIZ1/ENG/GAA/LDLR/FKBP10	9	Artery development
t2.beige.day3	t2	beige	day3	REACTOME_SIGNALING_BY_PDGF	REACTOME_SIGNALING_BY_PDGF	7/180	52/13324	5.85394499345136e-06	0.00055053100471747	0.000460236470713217	PDGFRB/COL6A3/COL4A2/COL4A1/COL5A1/COL6A2/COL6A1	7	Signaling by pdgf
t2.beige.day3	t2	beige	day3	GOBP_BONE_DEVELOPMENT	GOBP_BONE_DEVELOPMENT	12/180	182/13324	6.63913102548147e-06	0.000610800054344295	0.000510620580701218	INPPL1/LRP5/ZBTB16/LTBP3/SLC38A10/MMP14/MAPK14/ENG/COL1A1/GJA1/FBN1/COL6A1	12	Bone development
t2.beige.day3	t2	beige	day3	GOBP_OSSIFICATION	GOBP_OSSIFICATION	17/180	360/13324	7.65833388322907e-06	0.000689575936038839	0.000576476151882036	INPPL1/FASN/LRP5/ZBTB16/LTBP3/MMP14/MAPK14/COL1A1/RXRA/MRC2/VCAN/GJA1/TOB2/COL6A1/CSF1/MMP2/PKDCC	17	Ossification
t2.beige.day3	t2	beige	day3	GOBP_NEGATIVE_REGULATION_OF_CELL_ADHESION	GOBP_NEGATIVE_REGULATION_OF_CELL_ADHESION	13/180	221/13324	9.4602426300839e-06	0.000834078058552397	0.000697277971046315	SCRIB/PLXNA4/HSPG2/PLXNB2/PLXND1/MMP14/DLC1/COL1A1/C1QTNF1/PDE3B/ADAM15/MMP2/FBLN1	13	Negative regulation of cell adhesion
t2.beige.day3	t2	beige	day3	GOBP_RESPONSE_TO_ACTIVITY	GOBP_RESPONSE_TO_ACTIVITY	7/180	57/13324	1.09295893253651e-05	0.000933115928419911	0.000780072290174938	STK11/SELENON/DAG1/COL4A2/COL6A1/HSF1/MMP2	7	Response to activity
t2.beige.day3	t2	beige	day3	GOBP_MUSCLE_CELL_DIFFERENTIATION	GOBP_MUSCLE_CELL_DIFFERENTIATION	16/180	332/13324	1.11431025936799e-05	0.000933115928419911	0.000780072290174938	PLEC/ADAMTS15/OBSL1/PTBP1/SELENON/PDGFRB/LAMC1/LAMB2/MMP14/MAPK14/FLII/ENG/NID1/EHD2/COL6A1/MYH9	16	Muscle cell differentiation
t2.beige.day3	t2	beige	day3	GOBP_CARBOHYDRATE_METABOLIC_PROCESS	GOBP_CARBOHYDRATE_METABOLIC_PROCESS	19/180	451/13324	1.12450170957976e-05	0.000933115928419911	0.000780072290174938	INPPL1/LRP5/GANAB/IRS1/HK2/OGDH/STK11/ALDH1B1/PC/PYGB/DDB1/MAPK14/C1QTNF1/AP2A1/MOGS/GAA/MAN1A1/COL6A1/ST6GALNAC6	19	Carbohydrate metabolic process
t2.beige.day3	t2	beige	day3	GOCC_MEMBRANE_MICRODOMAIN	GOCC_MEMBRANE_MICRODOMAIN	13/180	225/13324	1.14725302850369e-05	0.000933687464736077	0.0007805500868018	KIRREL1/IRS1/DAG1/MYO1C/DLC1/LIPE/EHD2/CAVIN1/BACE1/TPP1/ABCA1/GPC1/GJA1	13	Membrane microdomain
t2.beige.day3	t2	beige	day3	GOCC_RECEPTOR_COMPLEX	GOCC_RECEPTOR_COMPLEX	14/180	261/13324	1.22313418131126e-05	0.000976661104775332	0.000816475468398639	NOTCH3/LRP1/PLXNA4/PLXNB2/LRP5/PLXND1/IRS1/EMILIN1/PDGFRB/FLNA/KCTD12/ENG/RXRA/LDLR	14	Receptor complex
t2.beige.day3	t2	beige	day3	WP_METABOLIC_REPROGRAMMING_IN_PANCREATIC_CANCER	WP_METABOLIC_REPROGRAMMING_IN_PANCREATIC_CANCER	6/180	39/13324	1.26001324542957e-05	0.000987477047158876	0.000825517449880853	FASN/HK2/SLC1A5/SLC16A1/ACLY/LDLR	6	Metabolicreprogramminginpancreaticcancer.
t2.beige.day3	t2	beige	day3	HALLMARK_MYOGENESIS	HALLMARK_MYOGENESIS	11/180	163/13324	1.30360168847663e-05	0.00100306224466057	0.000838546464109084	PLXNB2/PC/MYO1C/COL6A3/COL4A2/FLII/COL1A1/GPX3/COL6A2/GAA/MYH9	11	Myogenesis
t2.beige.day3	t2	beige	day3	GOBP_POSITIVE_REGULATION_OF_INTEGRIN_MEDIATED_SIGNALING_PATHWAY	GOBP_POSITIVE_REGULATION_OF_INTEGRIN_MEDIATED_SIGNALING_PATHWAY	4/180	12/13324	1.46524317720296e-05	0.00109055787940698	0.000911691630854362	LAMC1/LAMB2/FLNA/NID1	4	Pos.reg.integrinmediatedsignalingpathway.
t2.beige.day3	t2	beige	day3	WP_HYPOTHESIZED_PATHWAYS_IN_PATHOGENESIS_OF_CARDIOVASCULAR_DISEASE	WP_HYPOTHESIZED_PATHWAYS_IN_PATHOGENESIS_OF_CARDIOVASCULAR_DISEASE	5/180	24/13324	1.4688515861578e-05	0.00109055787940698	0.000911691630854362	SHC1/FLNA/MAPK14/ENG/FBN1	5	Hypothesizedpathwysinpthgnssofcrdvsclrdss.
t2.beige.day3	t2	beige	day3	WP_CHOLESTEROL_METABOLISM	WP_CHOLESTEROL_METABOLISM	7/180	60/13324	1.54307749734441e-05	0.00112591447737268	0.00094124926834384	LRP1/LSS/DHCR7/MGAT1/LDLR/ABCA1/DHCR24	7	Cholesterol metabolism
t2.beige.day3	t2	beige	day3	REACTOME_SIGNALING_BY_RECEPTOR_TYROSINE_KINASES	REACTOME_SIGNALING_BY_RECEPTOR_TYROSINE_KINASES	19/180	463/13324	1.62516667866512e-05	0.00115550266993202	0.000965984596965855	IRS1/PTPRS/PTBP1/SHC1/PDGFRB/LAMC1/LAMB2/COL6A3/COL4A2/MAPK14/COL4A1/COL1A1/PDE3B/SH3GL1/COL5A1/AP2A1/COL6A2/COL6A1/EPN1	19	Signaling by receptor tyrosine kinases
t2.beige.day3	t2	beige	day3	HALLMARK_APICAL_JUNCTION	HALLMARK_APICAL_JUNCTION	11/180	167/13324	1.63823629952555e-05	0.00115550266993202	0.000965984596965855	INPPL1/IRS1/SDC3/SHC1/COL16A1/MAPK14/ADAM15/VCAN/FBN1/MYH9/MMP2	11	Apical junction
t2.beige.day3	t2	beige	day3	GOCC_LYSOSOMAL_LUMEN	GOCC_LYSOSOMAL_LUMEN	8/180	85/13324	1.88347951417181e-05	0.00130670250884838	0.00109238561641612	HSPG2/SDC3/PDGFRB/GAA/PLBD2/TPP1/VCAN/GPC1	8	Lysosomal lumen
t2.beige.day3	t2	beige	day3	REACTOME_VISUAL_PHOTOTRANSDUCTION	REACTOME_VISUAL_PHOTOTRANSDUCTION	7/180	62/13324	1.92083898546037e-05	0.0013111275139465	0.00109608486080345	LRP1/HSPG2/SDC3/LRP10/LDLR/GPC1/RETSAT	7	Visual phototransduction
t2.beige.day3	t2	beige	day3	GOBP_SCHWANN_CELL_DIFFERENTIATION	GOBP_SCHWANN_CELL_DIFFERENTIATION	6/180	42/13324	1.95900844241384e-05	0.00131595614734847	0.0011001215329913	PLEC/NDRG1/DAG1/LAMB2/GPC1/COL6A1	6	Schwann cell differentiation
t2.beige.day3	t2	beige	day3	GOMF_LAMININ_BINDING	GOMF_LAMININ_BINDING	5/180	26/13324	2.22396416497476e-05	0.00144359647028832	0.00120682711586883	SSC5D/DAG1/NID1/PXDN/GPC1	5	Laminin binding
t2.beige.day3	t2	beige	day3	GOCC_VACUOLAR_LUMEN	GOCC_VACUOLAR_LUMEN	10/180	142/13324	2.24888537535357e-05	0.00144359647028832	0.00120682711586883	HSPG2/SDC3/PDGFRB/PYGB/GAA/ACLY/PLBD2/TPP1/VCAN/GPC1	10	Vacuolar lumen
t2.beige.day3	t2	beige	day3	GOBP_EXTRACELLULAR_MATRIX_ASSEMBLY	GOBP_EXTRACELLULAR_MATRIX_ASSEMBLY	6/180	43/13324	2.25135555385229e-05	0.00144359647028832	0.00120682711586883	EMILIN1/PHLDB1/DAG1/PXDN/COL6A1/FKBP10	6	Extracellular matrix assembly
t2.beige.day3	t2	beige	day3	GOBP_TISSUE_REMODELING	GOBP_TISSUE_REMODELING	10/180	144/13324	2.53878445716747e-05	0.0016036023616019	0.00134058987596856	LRP5/LTBP3/MMP14/FLNA/CAPN1/TPP1/GJA1/COL6A1/MMP2/TMBIM1	10	Tissue remodeling
t2.beige.day3	t2	beige	day3	WP_CHOLESTEROL_METABOLISM_WITH_BLOCH_AND_KANDUTSCHRUSSELL_PATHWAYS	WP_CHOLESTEROL_METABOLISM_WITH_BLOCH_AND_KANDUTSCHRUSSELL_PATHWAYS	6/180	44/13324	2.57783525844379e-05	0.0016043233549609	0.00134119261666092	FASN/LSS/DHCR7/SREBF1/ABCA1/DHCR24	6	Cholesterol metabolism: bloch & kandut.
t2.beige.day3	t2	beige	day3	GOBP_INTEGRIN_MEDIATED_SIGNALING_PATHWAY	GOBP_INTEGRIN_MEDIATED_SIGNALING_PATHWAY	8/180	89/13324	2.64020158594977e-05	0.00161932363938253	0.00135373265146868	LAMC1/COL16A1/LAMB2/FLNA/NID1/ADAM15/MYH9/FBLN1	8	Integrin mediated signaling pathway
t2.beige.day3	t2	beige	day3	WP_VEGFAVEGFR2_SIGNALING	WP_VEGFAVEGFR2_SIGNALING	17/180	397/13324	2.71358128570402e-05	0.00164055371444277	0.00137148070695507	NDRG1/PBXIP1/SHC1/CNP/MYO1C/MMP14/MAPK14/FLII/ENG/FHOD1/AP2A1/TPP1/GPC1/GJA1/MYH9/MMP2/EPN1	17	UVEGFA-VEGFR2 signaling
t2.beige.day3	t2	beige	day3	GOCC_PROTEIN_COMPLEX_INVOLVED_IN_CELL_MATRIX_ADHESION	GOCC_PROTEIN_COMPLEX_INVOLVED_IN_CELL_MATRIX_ADHESION	4/180	14/13324	2.90094013132234e-05	0.00170853446919021	0.00142831169807688	EMILIN1/LAMC1/LAMB2/NID1	4	Complex involved in cell matrix adhesion
t2.beige.day3	t2	beige	day3	GOBP_ARTERY_MORPHOGENESIS	GOBP_ARTERY_MORPHOGENESIS	7/180	66/13324	2.90676941828202e-05	0.00170853446919021	0.00142831169807688	NOTCH3/LRP1/PDGFRB/ZMIZ1/ENG/LDLR/FKBP10	7	Artery morphogenesis
t2.beige.day3	t2	beige	day3	REACTOME_NCAM_SIGNALING_FOR_NEURITE_OUT_GROWTH	REACTOME_NCAM_SIGNALING_FOR_NEURITE_OUT_GROWTH	6/180	46/13324	3.34493536305508e-05	0.00193914608992453	0.00162109989260679	COL6A3/COL4A2/COL4A1/COL5A1/COL6A2/COL6A1	6	Ncam signaling for neurite out growth
t2.beige.day3	t2	beige	day3	WP_FOCAL_ADHESION_PI3KAKTMTORSIGNALING	WP_FOCAL_ADHESION_PI3KAKTMTORSIGNALING	13/180	250/13324	3.49119141224014e-05	0.00199658406170274	0.00166911725982064	IRS1/STK11/PDGFRB/LAMC1/LAMB2/COL4A2/COL4A1/COL1A1/SREBF1/LIPE/COL5A1/COL6A2/CSF1	13	Focal adhesion pi3kaktmtorsignaling
t2.beige.day3	t2	beige	day3	REACTOME_DISEASES_OF_GLYCOSYLATION	REACTOME_DISEASES_OF_GLYCOSYLATION	9/180	120/13324	3.54359786509751e-05	0.00199953415534569	0.00167158349818846	NOTCH3/HSPG2/ADAMTS15/SDC3/DAG1/ADAMTS2/MOGS/VCAN/GPC1	9	Diseases of glycosylation
t2.beige.day3	t2	beige	day3	GOBP_EMBRYONIC_MORPHOGENESIS	GOBP_EMBRYONIC_MORPHOGENESIS	19/180	492/13324	3.75063336500991e-05	0.00208401817846057	0.00174221099835986	SCRIB/PLXNB2/LRP5/ZBTB16/PHLDB1/DAG1/TRIM28/MMP14/ECE1/COL4A2/ENG/DLC1/COL5A1/ALDH1A3/GJA1/FBN1/COL6A1/MYH9/MMP2	19	Embryonic morphogenesis
t2.beige.day3	t2	beige	day3	GOBP_EMBRYO_IMPLANTATION	GOBP_EMBRYO_IMPLANTATION	6/180	47/13324	3.79181001279451e-05	0.00208401817846057	0.00174221099835986	HSPG2/INTS1/TRIM28/GJA1/MMP2/FBLN1	6	Embryo implantation
t2.beige.day3	t2	beige	day3	GOBP_PERIPHERAL_NERVOUS_SYSTEM_DEVELOPMENT	GOBP_PERIPHERAL_NERVOUS_SYSTEM_DEVELOPMENT	7/180	69/13324	3.89216779446086e-05	0.00209680831966588	0.0017529033833442	PLEC/PLXNA4/NDRG1/DAG1/LAMB2/GPC1/COL6A1	7	Peripheral nervous system development
t2.beige.day3	t2	beige	day3	KEGG_MEDICUS_REFERENCE_N_GLYCAN_BIOSYNTHESIS	KEGG_MEDICUS_REFERENCE_N_GLYCAN_BIOSYNTHESIS	4/180	15/13324	3.91417432073735e-05	0.00209680831966588	0.0017529033833442	GANAB/MGAT1/MOGS/MAN1A1	4	N glycan biosynthesis
t2.beige.day3	t2	beige	day3	GOBP_RESPIRATORY_SYSTEM_DEVELOPMENT	GOBP_RESPIRATORY_SYSTEM_DEVELOPMENT	11/180	184/13324	4.02925900908734e-05	0.0021314780158072	0.00178188678020297	SELENON/DAG1/LTBP3/MMP14/ADAMTS2/SREBF1/BAG6/ALDH1A3/FBN1/COL6A1/PKDCC	11	Respiratory system development
t2.beige.day3	t2	beige	day3	GOBP_REGULATION_OF_CELL_SUBSTRATE_ADHESION	GOBP_REGULATION_OF_CELL_SUBSTRATE_ADHESION	11/180	185/13324	4.23437000307397e-05	0.00221232763617396	0.00184947596885401	EMILIN1/DAG1/COL16A1/MMP14/FLNA/DLC1/COL1A1/NID1/ADAM15/CSF1/FBLN1	11	Regulation of cell substrate adhesion
t2.beige.day3	t2	beige	day3	GOCC_CELL_SUBSTRATE_JUNCTION	GOCC_CELL_SUBSTRATE_JUNCTION	17/180	413/13324	4.46257381284013e-05	0.00230312346048042	0.00192538004941665	PLEC/LRP1/HSPG2/SHC1/PDGFRB/DAG1/SCARF2/MMP14/FLNA/FLII/ENG/TNS1/DLC1/CAPN1/MRC2/GJA1/MYH9	17	Cell substrate junction
t2.beige.day3	t2	beige	day3	REACTOME_METABOLISM_OF_STEROIDS	REACTOME_METABOLISM_OF_STEROIDS	9/180	125/13324	4.89113586223878e-05	0.00248349119466194	0.00207616503463804	FASN/SEC24C/LSS/KPNB1/SCAP/DHCR7/SREBF1/RXRA/DHCR24	9	Metabolism of steroids
t2.beige.day3	t2	beige	day3	GOBP_REGULATION_OF_OSSIFICATION	GOBP_REGULATION_OF_OSSIFICATION	8/180	97/13324	4.92942486653126e-05	0.00248349119466194	0.00207616503463804	ZBTB16/LTBP3/MAPK14/RXRA/GJA1/TOB2/CSF1/PKDCC	8	Regulation of ossification
t2.beige.day3	t2	beige	day3	WP_SREBF_AND_MIR33_IN_CHOLESTEROL_AND_LIPID_HOMEOSTASIS	WP_SREBF_AND_MIR33_IN_CHOLESTEROL_AND_LIPID_HOMEOSTASIS	4/180	16/13324	5.16396812658183e-05	0.0025710486013758	0.00214936184191226	FASN/SREBF1/LDLR/ABCA1	4	Srebfandmir33incholesterolandlipidhomstss.
t2.beige.day3	t2	beige	day3	WP_TYPE_I_COLLAGEN_SYNTHESIS_IN_THE_CONTEXT_OF_OSTEOGENESIS_IMPERFECTA	WP_TYPE_I_COLLAGEN_SYNTHESIS_IN_THE_CONTEXT_OF_OSTEOGENESIS_IMPERFECTA	5/180	31/13324	5.43866821305611e-05	0.00267633068344808	0.00223737623795368	LRP5/COLGALT1/ADAMTS2/COL1A1/FKBP10	5	Typicllgnsynthssinthcntxtofostgnssimprfct.
t2.beige.day3	t2	beige	day3	GOBP_MYOTUBE_DIFFERENTIATION	GOBP_MYOTUBE_DIFFERENTIATION	8/180	99/13324	5.70724729506076e-05	0.00277621500605714	0.0023208781801209	PLEC/ADAMTS15/SELENON/MMP14/MAPK14/EHD2/COL6A1/MYH9	8	Myotube differentiation
t2.beige.day3	t2	beige	day3	WP_PI3KAKT_SIGNALING	WP_PI3KAKT_SIGNALING	13/180	264/13324	6.1215450284291e-05	0.00294340845452994	0.00246064964075095	IRS1/STK11/PDGFRB/LAMC1/LAMB2/COL6A3/COL4A2/COL4A1/COL1A1/COL6A2/COL6A1/CSF1/PKN1	13	Pi3kakt signaling
t2.beige.day3	t2	beige	day3	GOBP_GLUCOSE_METABOLIC_PROCESS	GOBP_GLUCOSE_METABOLIC_PROCESS	10/180	160/13324	6.24802091436326e-05	0.00294340845452994	0.00246064964075095	INPPL1/LRP5/IRS1/HK2/STK11/PC/DDB1/MAPK14/C1QTNF1/GAA	10	Glucose metabolic process
t2.beige.day3	t2	beige	day3	REACTOME_SENSORY_PERCEPTION	REACTOME_SENSORY_PERCEPTION	9/180	129/13324	6.25961155263928e-05	0.00294340845452994	0.00246064964075095	LRP1/HSPG2/SDC3/MYO1C/LRP10/LDLR/GPC1/MYH9/RETSAT	9	Sensory perception
t2.beige.day3	t2	beige	day3	WP_ALPHA_6_BETA_4_SIGNALING	WP_ALPHA_6_BETA_4_SIGNALING	5/180	32/13324	6.37573304777239e-05	0.00296506618221679	0.00247875520804662	IRS1/SHC1/LAMC1/LAMB2/MAPK14	5	Alpha 6 beta 4 signaling
t2.beige.day3	t2	beige	day3	GOMF_INTEGRIN_BINDING	GOMF_INTEGRIN_BINDING	9/180	130/13324	6.64808187108997e-05	0.00301171452154826	0.00251775258852942	EMILIN1/COL16A1/LAMB2/MMP14/COL5A1/ADAM15/FBN1/MYH9/FBLN1	9	Integrin binding
t2.beige.day3	t2	beige	day3	REACTOME_CROSSLINKING_OF_COLLAGEN_FIBRILS	REACTOME_CROSSLINKING_OF_COLLAGEN_FIBRILS	4/180	17/13324	6.68183289348663e-05	0.00301171452154826	0.00251775258852942	COL4A2/COL4A1/COL1A1/PXDN	4	Crosslinking of collagen fibrils
t2.beige.day3	t2	beige	day3	GOBP_ENDODERM_DEVELOPMENT	GOBP_ENDODERM_DEVELOPMENT	7/180	75/13324	6.68953603557505e-05	0.00301171452154826	0.00251775258852942	LAMC1/MMP14/COL4A2/COL5A1/COL6A1/MYH9/MMP2	7	Endoderm development
t2.beige.day3	t2	beige	day3	GOBP_GLIAL_CELL_MIGRATION	GOBP_GLIAL_CELL_MIGRATION	6/180	52/13324	6.79868964325946e-05	0.00302863732318674	0.0025318998217169	SCRIB/SUN2/MMP14/ZMIZ1/APCDD1/CSF1	6	Glial cell migration
t2.beige.day3	t2	beige	day3	GOBP_REGENERATION	GOBP_REGENERATION	10/180	163/13324	7.30551274480787e-05	0.0032205135350028	0.00269230573851965	HSPG2/PTPRS/SELENON/DAG1/LAMB2/FLNA/ADAM15/GJA1/COL6A1/MMP2	10	Regeneration
t2.beige.day3	t2	beige	day3	GOBP_GASTRULATION	GOBP_GASTRULATION	10/180	164/13324	7.69021304751646e-05	0.00335515274402986	0.00280486229546423	LRP5/PHLDB1/DAG1/MMP14/COL4A2/COL5A1/GJA1/COL6A1/MYH9/MMP2	10	Gastrulation
t2.beige.day3	t2	beige	day3	GOBP_CELLULAR_COMPONENT_DISASSEMBLY	GOBP_CELLULAR_COMPONENT_DISASSEMBLY	18/180	478/13324	8.37152108595878e-05	0.00356946895450788	0.00298402774751293	LRP1/ADAMTS15/HK2/PBXIP1/MAP1S/LAMC1/GCN1/MMP14/FLII/BOK/SREBF1/SH3GL1/DELE1/PINK1/ADAM15/COL6A1/HSF1/MMP2	18	Cell component disassembly
t2.beige.day3	t2	beige	day3	GOBP_ENDODERM_FORMATION	GOBP_ENDODERM_FORMATION	6/180	54/13324	8.43447295488629e-05	0.00356946895450788	0.00298402774751293	MMP14/COL4A2/COL5A1/COL6A1/MYH9/MMP2	6	Endoderm formation
t2.beige.day3	t2	beige	day3	GOBP_STEROL_BIOSYNTHETIC_PROCESS	GOBP_STEROL_BIOSYNTHETIC_PROCESS	6/180	54/13324	8.43447295488629e-05	0.00356946895450788	0.00298402774751293	LSS/SCAP/DHCR7/SREBF1/ACLY/DHCR24	6	Sterol biosynthetic process
t2.beige.day3	t2	beige	day3	REACTOME_DISEASES_OF_METABOLISM	REACTOME_DISEASES_OF_METABOLISM	11/180	200/13324	8.57879016552221e-05	0.0035945980178703	0.00300503530446276	NOTCH3/HSPG2/ADAMTS15/SDC3/PC/DAG1/ADAMTS2/MOGS/GAA/VCAN/GPC1	11	Diseases of metabolism
t2.beige.day3	t2	beige	day3	GOBP_RESPONSE_TO_PEPTIDE_HORMONE	GOBP_RESPONSE_TO_PEPTIDE_HORMONE	15/180	353/13324	8.93275325769705e-05	0.00370621684182097	0.00309834713097211	INPPL1/LRP5/IRS1/SHC1/STK11/DAG1/MYO1C/SCAP/MAPK14/COL1A1/SREBF1/PDE3B/FBN1/COL6A1/HSF1	15	Response to peptide hormone
t2.beige.day3	t2	beige	day3	GOBP_AORTA_DEVELOPMENT	GOBP_AORTA_DEVELOPMENT	6/180	55/13324	9.36218292369615e-05	0.00384667554690118	0.00321576870787356	LRP1/PLXND1/PDGFRB/ENG/GAA/FKBP10	6	Aorta development
t2.beige.day3	t2	beige	day3	GOMF_CARGO_RECEPTOR_ACTIVITY	GOMF_CARGO_RECEPTOR_ACTIVITY	6/180	56/13324	0.000103692820453874	0.0041519533524704	0.0034709768226179	LRP1/SSC5D/SCARF2/LRP10/LDLR/ABCA1	6	Cargo receptor activity
t2.beige.day3	t2	beige	day3	GOBP_AXON_DEVELOPMENT	GOBP_AXON_DEVELOPMENT	16/180	400/13324	0.000105321318029823	0.0041519533524704	0.0034709768226179	NOTCH3/PLXNA4/PLXNB2/PLXND1/PTPRS/STK11/CNP/DAG1/MAP1S/LAMB2/FLNA/PTPRM/ECE1/SLIT3/APLP2/MMP2	16	Axon development
t2.beige.day3	t2	beige	day3	GOBP_REGULATION_OF_INTEGRIN_MEDIATED_SIGNALING_PATHWAY	GOBP_REGULATION_OF_INTEGRIN_MEDIATED_SIGNALING_PATHWAY	4/180	19/13324	0.000106542019443706	0.0041519533524704	0.0034709768226179	LAMC1/LAMB2/FLNA/NID1	4	Regulationofintegrinmediatedsignalngpthwy.
t2.beige.day3	t2	beige	day3	GOCC_COMPLEX_OF_COLLAGEN_TRIMERS	GOCC_COMPLEX_OF_COLLAGEN_TRIMERS	4/180	19/13324	0.000106542019443706	0.0041519533524704	0.0034709768226179	COL4A2/COL4A1/COL1A1/COL5A1	4	Complex of collagen trimers
t2.beige.day3	t2	beige	day3	REACTOME_DEFECTIVE_B4GALT7_CAUSES_EDS_PROGEROID_TYPE	REACTOME_DEFECTIVE_B4GALT7_CAUSES_EDS_PROGEROID_TYPE	4/180	19/13324	0.000106542019443706	0.0041519533524704	0.0034709768226179	HSPG2/SDC3/VCAN/GPC1	4	Defectiveb4galt7causesedsprogeroidtype.
t2.beige.day3	t2	beige	day3	GOBP_GLIAL_CELL_DIFFERENTIATION	GOBP_GLIAL_CELL_DIFFERENTIATION	11/180	205/13324	0.000106938307046142	0.0041519533524704	0.0034709768226179	PLEC/LRP1/NDRG1/CNP/DAG1/LAMB2/BOK/LDLR/VCAN/GPC1/COL6A1	11	Glial cell differentiation
t2.beige.day3	t2	beige	day3	GOBP_SKELETAL_SYSTEM_DEVELOPMENT	GOBP_SKELETAL_SYSTEM_DEVELOPMENT	17/180	445/13324	0.000111658839583876	0.00429582008289965	0.00359124746259718	INPPL1/LRP5/PBXIP1/ZBTB16/LTBP3/SLC38A10/MMP14/COL18A1/MAPK14/ENG/COL1A1/VCAN/GJA1/FBN1/COL6A1/MMP2/PKDCC	17	Skeletal system development
t2.beige.day3	t2	beige	day3	REACTOME_METABOLISM_OF_VITAMINS_AND_COFACTORS	REACTOME_METABOLISM_OF_VITAMINS_AND_COFACTORS	10/180	172/13324	0.000114359800198215	0.00436009616611574	0.00364498139844668	LRP1/HSPG2/FASN/SDC3/PC/LRP10/LDLR/GPC1/RETSAT/NADK	10	Metabolism of vitamins and cofactors
t2.beige.day3	t2	beige	day3	GOBP_CELLULAR_RESPONSE_TO_ACID_CHEMICAL	GOBP_CELLULAR_RESPONSE_TO_ACID_CHEMICAL	7/180	82/13324	0.000118366385210954	0.00447255841261392	0.0037389983147934	PLEC/COL16A1/COL4A1/COL1A1/COL6A1/HSF1/MMP2	7	Cell response to acid chemical
t2.beige.day3	t2	beige	day3	GOCC_GOLGI_LUMEN	GOCC_GOLGI_LUMEN	6/180	58/13324	0.000126411927382728	0.00473429448392661	0.00395780612886213	HSPG2/SDC3/DAG1/MMP14/VCAN/GPC1	6	Golgi lumen
t2.beige.day3	t2	beige	day3	GOBP_COLLAGEN_CATABOLIC_PROCESS	GOBP_COLLAGEN_CATABOLIC_PROCESS	5/180	37/13324	0.000130672083598705	0.00485091454201508	0.00405529891943903	MMP14/ADAMTS2/MRC2/ADAM15/MMP2	5	Collagen catabolic process
t2.beige.day3	t2	beige	day3	GOMF_COLLAGEN_BINDING	GOMF_COLLAGEN_BINDING	6/180	59/13324	0.000139162010627537	0.00507701404289427	0.00424431504282351	HSPG2/C1QTNF1/NID1/MRC2/COL6A2/COL6A1	6	Collagen binding
t2.beige.day3	t2	beige	day3	GOMF_EXTRACELLULAR_MATRIX_BINDING	GOMF_EXTRACELLULAR_MATRIX_BINDING	6/180	59/13324	0.000139162010627537	0.00507701404289427	0.00424431504282351	SSC5D/ADAMTS15/DAG1/NID1/PXDN/GPC1	6	Extracellular matrix binding
t2.beige.day3	t2	beige	day3	GOBP_ALCOHOL_METABOLIC_PROCESS	GOBP_ALCOHOL_METABOLIC_PROCESS	13/180	287/13324	0.00014197311313421	0.00512289265015113	0.00428266893770718	LRP5/LSS/ALDH1B1/SCAP/DHCR7/SREBF1/LIPE/ALDH1A3/ACLY/LDLR/ABCA1/DHCR24/RETSAT	13	Alcohol metabolic process
t2.beige.day3	t2	beige	day3	GOBP_HEART_MORPHOGENESIS	GOBP_HEART_MORPHOGENESIS	11/180	212/13324	0.000143927972217578	0.00512289265015113	0.00428266893770718	PLXND1/DAG1/FLNA/ZMIZ1/ENG/DLC1/COL5A1/SLIT3/GAA/ADAM15/GJA1	11	Heart morphogenesis
t2.beige.day3	t2	beige	day3	GOBP_MORPHOGENESIS_OF_AN_EPITHELIUM	GOBP_MORPHOGENESIS_OF_AN_EPITHELIUM	16/180	411/13324	0.000144051092950847	0.00512289265015113	0.00428266893770718	SCRIB/PLXNB2/LRP5/PLXND1/DAG1/TRIM28/MMP14/FLNA/ENG/DLC1/COL4A1/COL5A1/ALDH1A3/GJA1/CSF1/MMP2	16	Morphogenesis of an epithelium
t2.beige.day3	t2	beige	day3	KEGG_INSULIN_SIGNALING_PATHWAY	KEGG_INSULIN_SIGNALING_PATHWAY	8/180	114/13324	0.000154532720933993	0.00544985395827215	0.00455600416718553	FASN/IRS1/HK2/SHC1/PYGB/SREBF1/LIPE/PDE3B	8	Insulin signaling pathway
t2.beige.day3	t2	beige	day3	GOBP_PERIPHERAL_NERVOUS_SYSTEM_AXON_ENSHEATHMENT	GOBP_PERIPHERAL_NERVOUS_SYSTEM_AXON_ENSHEATHMENT	4/180	22/13324	0.000194801878037465	0.00681323593268226	0.00569577304988187	PLEC/NDRG1/DAG1/COL6A1	4	Peripheralnervoussystemaxonensheathment.
t2.beige.day3	t2	beige	day3	GOBP_POSITIVE_REGULATION_OF_MUSCLE_CELL_DIFFERENTIATION	GOBP_POSITIVE_REGULATION_OF_MUSCLE_CELL_DIFFERENTIATION	6/180	63/13324	0.0002007015093088	0.00696203924094131	0.00582017060213007	LAMC1/LAMB2/MMP14/MAPK14/ENG/NID1	6	Pos. reg. muscle cell differentiation
t2.beige.day3	t2	beige	day3	GOBP_RESPONSE_TO_ACID_CHEMICAL	GOBP_RESPONSE_TO_ACID_CHEMICAL	8/180	119/13324	0.000207982343547347	0.00715594534871848	0.0059822734844898	PLEC/COL16A1/COL18A1/COL4A1/COL1A1/COL6A1/HSF1/MMP2	8	Response to acid chemical
t2.beige.day3	t2	beige	day3	GOMF_CADHERIN_BINDING	GOMF_CADHERIN_BINDING	13/180	299/13324	0.00021251664719755	0.00725298750758089	0.00606339941622211	NOTCH3/SCRIB/PLEC/FASN/TNKS1BP1/NDRG1/GCN1/FLNA/PTPRM/DDX3X/SH3GL1/SEPTIN9/MYH9	13	Cadherin binding
t2.beige.day3	t2	beige	day3	REACTOME_BINDING_AND_UPTAKE_OF_LIGANDS_BY_SCAVENGER_RECEPTORS	REACTOME_BINDING_AND_UPTAKE_OF_LIGANDS_BY_SCAVENGER_RECEPTORS	5/180	41/13324	0.000215058533897125	0.00728102172362107	0.00608683564150095	LRP1/SSC5D/COL4A2/COL4A1/COL1A1	5	Bindinganduptakofligandsbyscavengerrcptrs.
t2.beige.day3	t2	beige	day3	REACTOME_A_TETRASACCHARIDE_LINKER_SEQUENCE_IS_REQUIRED_FOR_GAG_SYNTHESIS	REACTOME_A_TETRASACCHARIDE_LINKER_SEQUENCE_IS_REQUIRED_FOR_GAG_SYNTHESIS	4/180	23/13324	0.000233337739964292	0.00783718504388002	0.00655178065179603	HSPG2/SDC3/VCAN/GPC1	4	Atetrasaccharidlinkrsqncisrqrdfrggsynthss.
t2.beige.day3	t2	beige	day3	REACTOME_ACTIVATION_OF_GENE_EXPRESSION_BY_SREBF_SREBP	REACTOME_ACTIVATION_OF_GENE_EXPRESSION_BY_SREBF_SREBP	5/180	42/13324	0.000241473189231313	0.00804657115611746	0.00672682460842473	FASN/LSS/DHCR7/SREBF1/RXRA	5	Activation  by SREBF SREBP
t2.beige.day3	t2	beige	day3	GOBP_CELLULAR_COMPONENT_ASSEMBLY_INVOLVED_IN_MORPHOGENESIS	GOBP_CELLULAR_COMPONENT_ASSEMBLY_INVOLVED_IN_MORPHOGENESIS	7/180	92/13324	0.0002435877677066	0.00805362056979946	0.00673271782287732	PLEC/OBSL1/PHLDB1/PDGFRB/DAG1/FLII/GPC1	7	Cellcomponentassemblyinvolvedinmorphognss.
t2.beige.day3	t2	beige	day3	REACTOME_REGULATION_OF_INSULIN_LIKE_GROWTH_FACTOR_IGF_TRANSPORT_AND_UPTAKE_BY_INSULIN_LIKE_GROWTH_FACTOR_BINDING_PROTEINS_IGFBPS	REACTOME_REGULATION_OF_INSULIN_LIKE_GROWTH_FACTOR_IGF_TRANSPORT_AND_UPTAKE_BY_INSULIN_LIKE_GROWTH_FACTOR_BINDING_PROTEINS_IGFBPS	7/180	93/13324	0.000260454675759558	0.00854452858770892	0.0071431102833772	LAMC1/LAMB2/VCAN/APLP2/FBN1/CSF1/MMP2	7	Rgltnofinslnlkgrwthfctrigftrnspaubilgfbpi.
t2.beige.day3	t2	beige	day3	GOBP_SEMAPHORIN_PLEXIN_SIGNALING_PATHWAY	GOBP_SEMAPHORIN_PLEXIN_SIGNALING_PATHWAY	5/180	43/13324	0.000270283667348786	0.0087987729247697	0.00735565510898193	PLXNA4/PLXNB2/PLXND1/FLNA/ECE1	5	Semaphorin plexin signaling pathway
t2.beige.day3	t2	beige	day3	GOBP_RESPONSE_TO_WOUNDING	GOBP_RESPONSE_TO_WOUNDING	16/180	437/13324	0.000288350905405518	0.009315275050963	0.00778744389769342	SCRIB/PLEC/PTPRS/EMILIN1/DAG1/RIPOR1/LAMB2/FLNA/MAPK14/C1QTNF1/COL5A1/COL6A1/FKBP10/MYH9/MMP2/FBLN1	16	Response to wounding
t2.beige.day3	t2	beige	day3	GOCC_BASAL_PART_OF_CELL	GOCC_BASAL_PART_OF_CELL	11/180	230/13324	0.000292191872974325	0.00936784853354049	0.00783139461775683	SCRIB/INPPL1/LRP1/PHLDB1/DAG1/MYO1C/SLC1A5/SLC16A1/AP2A1/LDLR/ABCA1	11	Basal part of cell
t2.beige.day3	t2	beige	day3	REACTOME_NERVOUS_SYSTEM_DEVELOPMENT	REACTOME_NERVOUS_SYSTEM_DEVELOPMENT	17/180	487/13324	0.000324516166388428	0.0103078634815707	0.0086172343949754	PLXNA4/PLXND1/ZSWIM8/SHC1/DAG1/LAMC1/COL6A3/COL4A2/COL4A1/COL5A1/SLIT3/AP2A1/COL6A2/GPC1/COL6A1/MYH9/MMP2	17	Nervous system development
t2.beige.day3	t2	beige	day3	REACTOME_CHOLESTEROL_BIOSYNTHESIS	REACTOME_CHOLESTEROL_BIOSYNTHESIS	4/180	25/13324	0.00032638320097601	0.0103078634815707	0.0086172343949754	LSS/DHCR7/SREBF1/DHCR24	4	Cholesterol biosynthesis
t2.beige.day3	t2	beige	day3	GOMF_SEMAPHORIN_RECEPTOR_ACTIVITY	GOMF_SEMAPHORIN_RECEPTOR_ACTIVITY	3/180	11/13324	0.000369403807793497	0.0115801252932006	0.00968082805453366	PLXNA4/PLXNB2/PLXND1	3	Semaphorin receptor activity
t2.beige.day3	t2	beige	day3	GOBP_LUNG_ALVEOLUS_DEVELOPMENT	GOBP_LUNG_ALVEOLUS_DEVELOPMENT	5/180	46/13324	0.00037251230215855	0.0115917063436396	0.00969050965599756	SELENON/LTBP3/FBN1/COL6A1/PKDCC	5	Lung alveolus development
t2.beige.day3	t2	beige	day3	GOBP_STRIATED_MUSCLE_CELL_DIFFERENTIATION	GOBP_STRIATED_MUSCLE_CELL_DIFFERENTIATION	11/180	238/13324	0.00039105479277204	0.0120798823577465	0.0100986181982853	PLEC/ADAMTS15/OBSL1/SELENON/PDGFRB/MMP14/MAPK14/FLII/EHD2/COL6A1/MYH9	11	Striated muscle cell differentiation
t2.beige.day3	t2	beige	day3	GOCC_PIGMENT_GRANULE	GOCC_PIGMENT_GRANULE	7/180	101/13324	0.000432016488716096	0.0132485056539603	0.0110755714612876	FASN/GANAB/CNP/SLC1A5/MMP14/TPP1/ABCB6	7	Pigment granule
t2.beige.day3	t2	beige	day3	GOBP_CELLULAR_RESPONSE_TO_ABIOTIC_STIMULUS	GOBP_CELLULAR_RESPONSE_TO_ABIOTIC_STIMULUS	12/180	281/13324	0.000437728993853398	0.0133271158416373	0.0111412885145117	PLEC/TNKS1BP1/STK11/DAG1/DDB1/DDX3X/MAPK14/ENG/COL1A1/GJA1/HSF1/MMP2	12	Cell response to abiotic stimulus
t2.beige.day3	t2	beige	day3	GOBP_COLLAGEN_ACTIVATED_SIGNALING_PATHWAY	GOBP_COLLAGEN_ACTIVATED_SIGNALING_PATHWAY	3/180	12/13324	0.000487654266467317	0.0144318381516761	0.0120648214177155	COL4A2/COL4A1/COL1A1	3	Collagen activated signaling pathway
t2.beige.day3	t2	beige	day3	GOCC_SEMAPHORIN_RECEPTOR_COMPLEX	GOCC_SEMAPHORIN_RECEPTOR_COMPLEX	3/180	12/13324	0.000487654266467317	0.0144318381516761	0.0120648214177155	PLXNA4/PLXNB2/PLXND1	3	Semaphorin receptor complex
t2.beige.day3	t2	beige	day3	KEGG_MEDICUS_REFERENCE_CHOLESTEROL_BIOSYNTHESIS	KEGG_MEDICUS_REFERENCE_CHOLESTEROL_BIOSYNTHESIS	3/180	12/13324	0.000487654266467317	0.0144318381516761	0.0120648214177155	LSS/DHCR7/DHCR24	3	Cholesterol biosynthesis
t2.beige.day3	t2	beige	day3	KEGG_PHENYLALANINE_METABOLISM	KEGG_PHENYLALANINE_METABOLISM	3/180	12/13324	0.000487654266467317	0.0144318381516761	0.0120648214177155	AOC3/ALDH1A3/AOC2	3	Phenylalanine metabolism
t2.beige.day3	t2	beige	day3	WP_FOLATE_METABOLISM	WP_FOLATE_METABOLISM	5/180	49/13324	0.000501561240217973	0.0146508643472944	0.0122479243536107	NFKB2/GPX3/LDLR/ABCA1/CSF1	5	Folate metabolism
t2.beige.day3	t2	beige	day3	GOBP_RESPONSE_TO_MECHANICAL_STIMULUS	GOBP_RESPONSE_TO_MECHANICAL_STIMULUS	9/180	170/13324	0.00050197904781609	0.0146508643472944	0.0122479243536107	PLEC/DAG1/MMP14/MAPK14/ENG/COL1A1/BACE1/COL6A1/MMP2	9	Response to mechanical stimulus
t2.beige.day3	t2	beige	day3	GOMF_PROTEOGLYCAN_BINDING	GOMF_PROTEOGLYCAN_BINDING	4/180	28/13324	0.000511842805689845	0.0147730912663969	0.0123501044041289	LRP1/PTPRS/NID1/COL5A1	4	Proteoglycan binding
t2.beige.day3	t2	beige	day3	GOBP_GLAND_MORPHOGENESIS	GOBP_GLAND_MORPHOGENESIS	7/180	104/13324	0.000515827633969337	0.0147730912663969	0.0123501044041289	SCRIB/LRP5/PLXND1/DAG1/CAPN1/CSF1/MMP2	7	Gland morphogenesis
t2.beige.day3	t2	beige	day3	GOBP_PHOSPHATIDYLINOSITOL_3_KINASE_PROTEIN_KINASE_B_SIGNAL_TRANSDUCTION	GOBP_PHOSPHATIDYLINOSITOL_3_KINASE_PROTEIN_KINASE_B_SIGNAL_TRANSDUCTION	11/180	246/13324	0.00051663929759611	0.0147730912663969	0.0123501044041289	INPPL1/IRS1/STK11/PDGFRB/DAG1/COL6A3/ENG/C1QTNF1/PINK1/COL6A2/COL6A1	11	Phosphatidylinstl3knsprtnknsbsgnltrnsdctn.
t2.beige.day3	t2	beige	day3	GOBP_CELL_MORPHOGENESIS_INVOLVED_IN_NEURON_DIFFERENTIATION	GOBP_CELL_MORPHOGENESIS_INVOLVED_IN_NEURON_DIFFERENTIATION	16/180	462/13324	0.000531680587655047	0.01510115601984	0.0126243620989658	NOTCH3/SCRIB/PLXNA4/PLXNB2/PLXND1/PTPRS/OBSL1/STK11/CNP/DAG1/MAP1S/LAMB2/PTPRM/ECE1/SLIT3/APLP2	16	Cellmorphogenesisinvolvedinneurondffrnttn.
t2.beige.day3	t2	beige	day3	GOBP_MONOSACCHARIDE_METABOLIC_PROCESS	GOBP_MONOSACCHARIDE_METABOLIC_PROCESS	10/180	209/13324	0.000548656460014199	0.0154794275918673	0.012940592014791	INPPL1/LRP5/IRS1/HK2/STK11/PC/DDB1/MAPK14/C1QTNF1/GAA	10	Monosaccharide metabolic process
t2.beige.day3	t2	beige	day3	GOBP_MAINTENANCE_OF_PROTEIN_LOCATION	GOBP_MAINTENANCE_OF_PROTEIN_LOCATION	6/180	76/13324	0.00055880013914567	0.015558172295161	0.0130064215212507	HK2/SUN2/FLNA/CIZ1/PINK1/FBN1	6	Maintenance of protein location
t2.beige.day3	t2	beige	day3	REACTOME_SIGNALING_BY_MET	REACTOME_SIGNALING_BY_MET	6/180	76/13324	0.00055880013914567	0.015558172295161	0.0130064215212507	SHC1/LAMC1/LAMB2/COL1A1/SH3GL1/COL5A1	6	Signaling by met
t2.beige.day3	t2	beige	day3	WP_FOCAL_ADHESION	WP_FOCAL_ADHESION	9/180	173/13324	0.000569823320879574	0.0157613875422376	0.0131763067181029	SHC1/PDGFRB/LAMC1/LAMB2/FLNA/COL4A2/COL4A1/COL1A1/COL6A2	9	Focal adhesion
t2.beige.day3	t2	beige	day3	GOBP_GLIAL_CELL_DEVELOPMENT	GOBP_GLIAL_CELL_DEVELOPMENT	7/180	106/13324	0.000578552245144049	0.0158989162431793	0.0132912788511903	PLEC/LRP1/NDRG1/DAG1/LAMB2/LDLR/COL6A1	7	Glial cell development
t2.beige.day3	t2	beige	day3	GOBP_POSITIVE_REGULATION_OF_EXTRACELLULAR_MATRIX_ORGANIZATION	GOBP_POSITIVE_REGULATION_OF_EXTRACELLULAR_MATRIX_ORGANIZATION	4/180	29/13324	0.00058752117958874	0.0160412234323842	0.0134102457358082	EMILIN1/PHLDB1/DAG1/COLGALT1	4	Pos.reg.extracellularmatrixorganization.
t2.beige.day3	t2	beige	day3	GOBP_ESTABLISHMENT_OF_ORGANELLE_LOCALIZATION	GOBP_ESTABLISHMENT_OF_ORGANELLE_LOCALIZATION	15/180	422/13324	0.000608504791563037	0.0164717176461136	0.0137701330734722	SCRIB/ATP9A/STK11/BICD2/MYO1C/RIPOR1/MAP1S/SUN2/KPNB1/KIF1C/AP3D1/FHOD1/PINK1/GJA1/MYH9	15	Establishment of organelle localization
t2.beige.day3	t2	beige	day3	GOBP_CONNECTIVE_TISSUE_DEVELOPMENT	GOBP_CONNECTIVE_TISSUE_DEVELOPMENT	11/180	251/13324	0.000611072700954591	0.0164717176461136	0.0137701330734722	LRP5/PBXIP1/ZBTB16/PDGFRB/LTBP3/MAPK14/COL1A1/COL5A1/COL6A1/CSF1/PKDCC	11	Connective tissue development
t2.beige.day3	t2	beige	day3	GOBP_CELLULAR_RESPONSE_TO_STEROL_DEPLETION	GOBP_CELLULAR_RESPONSE_TO_STEROL_DEPLETION	3/180	13/13324	0.000627668068271463	0.0167062343705964	0.013966185881896	SCAP/SREBF1/AMFR	3	Cell response to sterol depletion
t2.beige.day3	t2	beige	day3	GOMF_LOW_DENSITY_LIPOPROTEIN_PARTICLE_RECEPTOR_ACTIVITY	GOMF_LOW_DENSITY_LIPOPROTEIN_PARTICLE_RECEPTOR_ACTIVITY	3/180	13/13324	0.000627668068271463	0.0167062343705964	0.013966185881896	LRP1/LRP10/LDLR	3	Lowdensitylipoproteinparticlreceptractvty.
t2.beige.day3	t2	beige	day3	GOBP_FORMATION_OF_PRIMARY_GERM_LAYER	GOBP_FORMATION_OF_PRIMARY_GERM_LAYER	7/180	108/13324	0.000647196345295748	0.0171183433330725	0.0143107033982829	MMP14/COL4A2/COL5A1/GJA1/COL6A1/MYH9/MMP2	7	Formation of primary germ layer
t2.beige.day3	t2	beige	day3	GOBP_NEURON_PROJECTION_REGENERATION	GOBP_NEURON_PROJECTION_REGENERATION	5/180	52/13324	0.000661653083386929	0.0173920239061707	0.0145394966542234	PTPRS/DAG1/LAMB2/FLNA/MMP2	5	Neuron projection regeneration
t2.beige.day3	t2	beige	day3	GOBP_AORTA_MORPHOGENESIS	GOBP_AORTA_MORPHOGENESIS	4/180	30/13324	0.000670814242418051	0.0173952892137292	0.0145422264071594	LRP1/PDGFRB/ENG/FKBP10	4	Aorta morphogenesis
t2.beige.day3	t2	beige	day3	REACTOME_MET_ACTIVATES_PTK2_SIGNALING	REACTOME_MET_ACTIVATES_PTK2_SIGNALING	4/180	30/13324	0.000670814242418051	0.0173952892137292	0.0145422264071594	LAMC1/LAMB2/COL1A1/COL5A1	4	Met activates ptk2 signaling
t2.beige.day3	t2	beige	day3	GOBP_CELL_SUBSTRATE_ADHESION	GOBP_CELL_SUBSTRATE_ADHESION	12/180	295/13324	0.000674108561212566	0.0173952892137292	0.0145422264071594	EMILIN1/DAG1/LAMC1/COL16A1/MMP14/FLNA/DLC1/COL1A1/NID1/ADAM15/CSF1/FBLN1	12	Cell substrate adhesion
t2.beige.day3	t2	beige	day3	GOMF_METALLOPEPTIDASE_ACTIVITY	GOMF_METALLOPEPTIDASE_ACTIVITY	8/180	142/13324	0.000684261657394067	0.017519450199358	0.0146460233111238	ADAMTS15/RNPEPL1/MMP14/ECE1/ADAMTS2/ADAM15/ANPEP/MMP2	8	Metallopeptidase activity
t2.beige.day3	t2	beige	day3	GOMF_METALLOENDOPEPTIDASE_ACTIVITY	GOMF_METALLOENDOPEPTIDASE_ACTIVITY	6/180	79/13324	0.000687199606118486	0.017519450199358	0.0146460233111238	ADAMTS15/MMP14/ECE1/ADAMTS2/ADAM15/MMP2	6	Metalloendopeptidase activity
t2.beige.day3	t2	beige	day3	GOBP_NEGATIVE_REGULATION_OF_CELL_SUBSTRATE_ADHESION	GOBP_NEGATIVE_REGULATION_OF_CELL_SUBSTRATE_ADHESION	5/180	53/13324	0.000722677907346995	0.018313610202949	0.0153099303283533	MMP14/DLC1/COL1A1/ADAM15/FBLN1	5	Negativeregulationofcellsubstrateadhesion.
t2.beige.day3	t2	beige	day3	GOBP_MAINTENANCE_OF_LOCATION	GOBP_MAINTENANCE_OF_LOCATION	11/180	257/13324	0.000743001310344335	0.0187165568177216	0.0156467882460358	HK2/CHERP/SELENON/SUN2/FLNA/SREBF1/CIZ1/PINK1/GAA/ABCA1/FBN1	11	Maintenance of location
t2.beige.day3	t2	beige	day3	GOMF_SH2_DOMAIN_BINDING	GOMF_SH2_DOMAIN_BINDING	4/180	31/13324	0.000762136843942124	0.0190849888968229	0.015954792478913	INPPL1/IRS1/DAG1/DLC1	4	Sh2 domain binding
t2.beige.day3	t2	beige	day3	GOBP_POSITIVE_REGULATION_OF_EXTRACELLULAR_MATRIX_ASSEMBLY	GOBP_POSITIVE_REGULATION_OF_EXTRACELLULAR_MATRIX_ASSEMBLY	3/180	14/13324	0.00079093861380553	0.0192370816875	0.0160819399939527	EMILIN1/PHLDB1/DAG1	3	Pos. reg. extracellular matrix assembly
t2.beige.day3	t2	beige	day3	GOMF_LIPOPROTEIN_PARTICLE_RECEPTOR_ACTIVITY	GOMF_LIPOPROTEIN_PARTICLE_RECEPTOR_ACTIVITY	3/180	14/13324	0.00079093861380553	0.0192370816875	0.0160819399939527	LRP1/LRP10/LDLR	3	Lipoprotein particle receptor activity
t2.beige.day3	t2	beige	day3	KEGG_STEROID_BIOSYNTHESIS	KEGG_STEROID_BIOSYNTHESIS	3/180	14/13324	0.00079093861380553	0.0192370816875	0.0160819399939527	LSS/DHCR7/DHCR24	3	Steroid biosynthesis
t2.beige.day3	t2	beige	day3	REACTOME_ANCHORING_FIBRIL_FORMATION	REACTOME_ANCHORING_FIBRIL_FORMATION	3/180	14/13324	0.00079093861380553	0.0192370816875	0.0160819399939527	COL4A2/COL4A1/COL1A1	3	Anchoring fibril formation
t2.beige.day3	t2	beige	day3	REACTOME_DEFECTIVE_EXT2_CAUSES_EXOSTOSES_2	REACTOME_DEFECTIVE_EXT2_CAUSES_EXOSTOSES_2	3/180	14/13324	0.00079093861380553	0.0192370816875	0.0160819399939527	HSPG2/SDC3/GPC1	3	Defective ext2 causes exostoses 2
t2.beige.day3	t2	beige	day3	GOMF_PEPTIDE_BINDING	GOMF_PEPTIDE_BINDING	9/180	182/13324	0.000819790884034212	0.0198248858356159	0.0165733363082044	LRP1/HSPG2/KPNB1/RXRA/BACE1/ANPEP/LDLR/TPP1/DHCR24	9	Peptide binding
t2.beige.day3	t2	beige	day3	REACTOME_MOLECULES_ASSOCIATED_WITH_ELASTIC_FIBRES	REACTOME_MOLECULES_ASSOCIATED_WITH_ELASTIC_FIBRES	4/180	32/13324	0.00086190534586561	0.0207249058164958	0.0173257408340569	EMILIN1/LTBP3/FBN1/FBLN1	4	Molecules associated with elastic fibres
t2.beige.day3	t2	beige	day3	GOMF_PROTEASE_BINDING	GOMF_PROTEASE_BINDING	7/180	114/13324	0.000892629797356999	0.0213424254373719	0.0178419788814563	ATP9A/SYVN1/COL1A1/BAG6/AMFR/PINK1/LDLR	7	Protease binding
t2.beige.day3	t2	beige	day3	GOBP_ORGANELLE_TRANSPORT_ALONG_MICROTUBULE	GOBP_ORGANELLE_TRANSPORT_ALONG_MICROTUBULE	6/180	84/13324	0.000950687699089252	0.0226028670929534	0.0188956910504966	STK11/BICD2/MAP1S/SUN2/KIF1C/AP3D1	6	Organelle transport along microtubule
t2.beige.day3	t2	beige	day3	GOBP_MYOBLAST_FUSION	GOBP_MYOBLAST_FUSION	4/180	33/13324	0.000970537028597535	0.0227618313336146	0.0190285830047455	ADAMTS15/MAPK14/EHD2/MYH9	4	Myoblast fusion
t2.beige.day3	t2	beige	day3	GOBP_CELLULAR_RESPONSE_TO_CHOLESTEROL	GOBP_CELLULAR_RESPONSE_TO_CHOLESTEROL	3/180	15/13324	0.00097888783145507	0.0227618313336146	0.0190285830047455	DAG1/GRAMD1A/ABCA1	3	Cell response to cholesterol
t2.beige.day3	t2	beige	day3	GOBP_RESPONSE_TO_STEROL_DEPLETION	GOBP_RESPONSE_TO_STEROL_DEPLETION	3/180	15/13324	0.00097888783145507	0.0227618313336146	0.0190285830047455	SCAP/SREBF1/AMFR	3	Response to sterol depletion
t2.beige.day3	t2	beige	day3	WP_TCA_CYCLE_AND_DEFICIENCY_OF_PYRUVATE_DEHYDROGENASE_COMPLEX_PDHC	WP_TCA_CYCLE_AND_DEFICIENCY_OF_PYRUVATE_DEHYDROGENASE_COMPLEX_PDHC	3/180	15/13324	0.00097888783145507	0.0227618313336146	0.0190285830047455	OGDH/PC/ACLY	3	Tccyclanddeficncyofpyrvtdhydrgnscmplxpdhc.
t2.beige.day3	t2	beige	day3	GOBP_RESPONSE_TO_NUTRIENT_LEVELS	GOBP_RESPONSE_TO_NUTRIENT_LEVELS	14/180	397/13324	0.000997764958362595	0.0230739961955765	0.0192895486054454	PLEC/RIPOR1/GCN1/SCAP/MAPK14/COL1A1/SREBF1/RXRA/SLC16A1/DELE1/LDLR/ABCA1/COL6A1/HSF1	14	Response to nutrient levels
t2.beige.day3	t2	beige	day3	GOCC_PLASMA_MEMBRANE_RAFT	GOCC_PLASMA_MEMBRANE_RAFT	6/180	85/13324	0.00101160983235603	0.0232670261441888	0.0194509190305985	IRS1/DAG1/DLC1/LIPE/EHD2/CAVIN1	6	Plasma membrane raft
t2.beige.day3	t2	beige	day3	GOBP_POSITIVE_REGULATION_OF_PROTEIN_DEPHOSPHORYLATION	GOBP_POSITIVE_REGULATION_OF_PROTEIN_DEPHOSPHORYLATION	4/180	34/13324	0.00108844952358904	0.0247651526012303	0.0207033324775482	PTBP1/PDGFRB/DLC1/PINK1	4	Pos. reg. protein dephosphorylation
t2.beige.day3	t2	beige	day3	REACTOME_N_GLYCAN_TRIMMING_IN_THE_ER_AND_CALNEXIN_CALRETICULIN_CYCLE	REACTOME_N_GLYCAN_TRIMMING_IN_THE_ER_AND_CALNEXIN_CALRETICULIN_CYCLE	4/180	34/13324	0.00108844952358904	0.0247651526012303	0.0207033324775482	GANAB/SYVN1/AMFR/MOGS	4	Nglycantrimmingintherandcalnxnclrtclncycl.
t2.beige.day3	t2	beige	day3	GOBP_TISSUE_MORPHOGENESIS	GOBP_TISSUE_MORPHOGENESIS	16/180	495/13324	0.00110807454981896	0.02507685291355	0.0209639097210331	SCRIB/PLXNB2/LRP5/PLXND1/DAG1/TRIM28/MMP14/FLNA/ENG/DLC1/COL4A1/COL5A1/ALDH1A3/GJA1/CSF1/MMP2	16	Tissue morphogenesis
t2.beige.day3	t2	beige	day3	GOBP_LYSOSOMAL_PROTEIN_CATABOLIC_PROCESS	GOBP_LYSOSOMAL_PROTEIN_CATABOLIC_PROCESS	3/180	16/13324	0.00119286817380643	0.0260217428430352	0.0217538249167847	LRP1/LDLR/TPP1	3	Lysosomal protein catabolic process
t2.beige.day3	t2	beige	day3	GOCC_ENDOLYSOSOME_MEMBRANE	GOCC_ENDOLYSOSOME_MEMBRANE	3/180	16/13324	0.00119286817380643	0.0260217428430352	0.0217538249167847	AP2A1/LDLR/ABCB6	3	Endolysosome membrane
t2.beige.day3	t2	beige	day3	GOMF_UBIQUITIN_SPECIFIC_PROTEASE_BINDING	GOMF_UBIQUITIN_SPECIFIC_PROTEASE_BINDING	3/180	16/13324	0.00119286817380643	0.0260217428430352	0.0217538249167847	SYVN1/BAG6/AMFR	3	Ubiquitin specific protease binding
t2.beige.day3	t2	beige	day3	REACTOME_SCAVENGING_BY_CLASS_A_RECEPTORS	REACTOME_SCAVENGING_BY_CLASS_A_RECEPTORS	3/180	16/13324	0.00119286817380643	0.0260217428430352	0.0217538249167847	COL4A2/COL4A1/COL1A1	3	Scavenging by class a receptors
t2.beige.day3	t2	beige	day3	REACTOME_SIGNALING_BY_NTRK3_TRKC	REACTOME_SIGNALING_BY_NTRK3_TRKC	3/180	16/13324	0.00119286817380643	0.0260217428430352	0.0217538249167847	IRS1/PTPRS/SHC1	3	Signaling by ntrk3 trkc
t2.beige.day3	t2	beige	day3	WP_CHOLESTEROL_SYNTHESIS_DISORDERS	WP_CHOLESTEROL_SYNTHESIS_DISORDERS	3/180	16/13324	0.00119286817380643	0.0260217428430352	0.0217538249167847	LSS/DHCR7/DHCR24	3	Cholesterol synthesis disorders
t2.beige.day3	t2	beige	day3	WP_FOXA2_PATHWAY	WP_FOXA2_PATHWAY	3/180	16/13324	0.00119286817380643	0.0260217428430352	0.0217538249167847	FASN/IRS1/SREBF1	3	Foxa2 pathway
t2.beige.day3	t2	beige	day3	GOBP_MAMMARY_GLAND_DEVELOPMENT	GOBP_MAMMARY_GLAND_DEVELOPMENT	7/180	120/13324	0.00120623587557639	0.026044848088976	0.0217731405897543	SCRIB/FASN/LRP5/HK2/CAPN1/GJA1/CSF1	7	Mammary gland development
t2.beige.day3	t2	beige	day3	GOBP_PLASMA_MEMBRANE_ORGANIZATION	GOBP_PLASMA_MEMBRANE_ORGANIZATION	7/180	120/13324	0.00120623587557639	0.026044848088976	0.0217731405897543	PLEC/NDRG1/SNX18/COL5A1/EHD2/COL6A1/MYH9	7	Plasma membrane organization
t2.beige.day3	t2	beige	day3	GOBP_SKELETAL_MUSCLE_TISSUE_REGENERATION	GOBP_SKELETAL_MUSCLE_TISSUE_REGENERATION	4/180	35/13324	0.00121606027049269	0.0261236906838836	0.0218390519322785	SELENON/DAG1/GJA1/COL6A1	4	Skeletal muscle tissue regeneration
t2.beige.day3	t2	beige	day3	GOBP_POSITIVE_REGULATION_OF_CELL_DEVELOPMENT	GOBP_POSITIVE_REGULATION_OF_CELL_DEVELOPMENT	13/180	361/13324	0.00124936651740462	0.0267036318265472	0.0223238748803664	PLXNA4/PLXNB2/PLXND1/OBSL1/STK11/ZBTB16/DAG1/MMP14/ZMIZ1/AP3D1/VCAN/CSF1/HSF1	13	Pos. reg. cell development
t2.beige.day3	t2	beige	day3	WP_AGERAGE_PATHWAY	WP_AGERAGE_PATHWAY	5/180	60/13324	0.00127473979563065	0.0271090392719041	0.0226627900191199	IRS1/SHC1/MMP14/MAPK14/MMP2	5	Agerage pathway
t2.beige.day3	t2	beige	day3	GOBP_RESPONSE_TO_INSULIN	GOBP_RESPONSE_TO_INSULIN	10/180	234/13324	0.00130293904012922	0.0275701900891344	0.0230483058624964	INPPL1/IRS1/SHC1/MYO1C/SCAP/MAPK14/COL1A1/SREBF1/PDE3B/COL6A1	10	Response to insulin
t2.beige.day3	t2	beige	day3	GOBP_MULTI_MULTICELLULAR_ORGANISM_PROCESS	GOBP_MULTI_MULTICELLULAR_ORGANISM_PROCESS	8/180	157/13324	0.00131353370944236	0.027656092827662	0.0231201193895562	HSPG2/INTS1/TRIM28/COL16A1/GJA1/MMP2/EPN1/FBLN1	8	Multi multicellular organism process
t2.beige.day3	t2	beige	day3	GOBP_EPITHELIAL_TUBE_MORPHOGENESIS	GOBP_EPITHELIAL_TUBE_MORPHOGENESIS	11/180	277/13324	0.00136512590962561	0.0286000636115622	0.0239092661920358	SCRIB/PLXNB2/LRP5/PLXND1/DAG1/MMP14/ENG/DLC1/COL4A1/GJA1/CSF1	11	Epithelial tube morphogenesis
t2.beige.day3	t2	beige	day3	GOBP_STEROID_METABOLIC_PROCESS	GOBP_STEROID_METABOLIC_PROCESS	10/180	236/13324	0.00138865863900274	0.0289497702475842	0.0242016162078725	LRP5/LSS/SCAP/DHCR7/SREBF1/LIPE/ACLY/LDLR/ABCA1/DHCR24	10	Steroid metabolic process
t2.beige.day3	t2	beige	day3	REACTOME_ATTACHMENT_AND_ENTRY	REACTOME_ATTACHMENT_AND_ENTRY	3/180	17/13324	0.00143416456913606	0.0296349584717722	0.0247744242920173	HSPG2/SDC3/GPC1	3	Attachment and entry
t2.beige.day3	t2	beige	day3	GOBP_RESPONSE_TO_XENOBIOTIC_STIMULUS	GOBP_RESPONSE_TO_XENOBIOTIC_STIMULUS	12/180	322/13324	0.00143553083334435	0.0296349584717722	0.0247744242920173	HSPG2/PTPRM/COL18A1/POR/ENG/COL1A1/SREBF1/ABCA1/COL6A1/AOC2/HSF1/MMP2	12	Response to xenobiotic stimulus
t2.beige.day3	t2	beige	day3	GOBP_TISSUE_REGENERATION	GOBP_TISSUE_REGENERATION	5/180	62/13324	0.00147796409646103	0.030362835224384	0.0253829194083063	SELENON/DAG1/ADAM15/GJA1/COL6A1	5	Tissue regeneration
t2.beige.day3	t2	beige	day3	GOBP_REPRODUCTIVE_SYSTEM_DEVELOPMENT	GOBP_REPRODUCTIVE_SYSTEM_DEVELOPMENT	10/180	239/13324	0.00152580657139217	0.0311942676817955	0.0260779856925964	STK11/MMP14/FLNA/BOK/SLIT3/ADAM15/DHCR24/GJA1/COL6A1/MMP2	10	Reproductive system development
t2.beige.day3	t2	beige	day3	GOMF_SULFUR_COMPOUND_BINDING	GOMF_SULFUR_COMPOUND_BINDING	9/180	199/13324	0.00153334672150661	0.031197708295269	0.0260808619989054	LRP1/PTPRS/ADAMTS15/OGDH/PC/COL5A1/SLIT3/APLP2/FBN1	9	Sulfur compound binding
t2.beige.day3	t2	beige	day3	GOBP_REGULATION_OF_PROTEIN_DEPHOSPHORYLATION	GOBP_REGULATION_OF_PROTEIN_DEPHOSPHORYLATION	5/180	63/13324	0.00158807294018106	0.0321565774298863	0.0268824636209949	PPP6R1/PTBP1/PDGFRB/DLC1/PINK1	5	Regulation of protein dephosphorylation
t2.beige.day3	t2	beige	day3	GOBP_NEGATIVE_REGULATION_OF_VASCULATURE_DEVELOPMENT	GOBP_NEGATIVE_REGULATION_OF_VASCULATURE_DEVELOPMENT	6/180	93/13324	0.00161354437968769	0.0325167610230396	0.0271835722312297	HSPG2/EMILIN1/PTPRM/COL4A2/PDE3B/EPN1	6	Negativeregulationofvasculaturdevelopment.
t2.beige.day3	t2	beige	day3	GOBP_COLLAGEN_BIOSYNTHETIC_PROCESS	GOBP_COLLAGEN_BIOSYNTHETIC_PROCESS	4/180	38/13324	0.00166124281131541	0.0332318546717708	0.0277813808456426	EMILIN1/ENG/COL1A1/COL5A1	4	Collagen biosynthetic process
t2.beige.day3	t2	beige	day3	GOBP_REGULATION_OF_MUSCLE_CELL_DIFFERENTIATION	GOBP_REGULATION_OF_MUSCLE_CELL_DIFFERENTIATION	7/180	127/13324	0.00167476332122455	0.0332318546717708	0.0277813808456426	PTBP1/LAMC1/LAMB2/MMP14/MAPK14/ENG/NID1	7	Regulation of muscle cell differentiation
t2.beige.day3	t2	beige	day3	GOBP_CELLULAR_RESPONSE_TO_STEROL	GOBP_CELLULAR_RESPONSE_TO_STEROL	3/180	18/13324	0.00170399632886915	0.0332318546717708	0.0277813808456426	DAG1/GRAMD1A/ABCA1	3	Cell response to sterol
t2.beige.day3	t2	beige	day3	GOBP_PEPTIDE_CATABOLIC_PROCESS	GOBP_PEPTIDE_CATABOLIC_PROCESS	3/180	18/13324	0.00170399632886915	0.0332318546717708	0.0277813808456426	ECE1/ANPEP/TPP1	3	Peptide catabolic process
t2.beige.day3	t2	beige	day3	GOBP_RETINA_VASCULATURE_DEVELOPMENT_IN_CAMERA_TYPE_EYE	GOBP_RETINA_VASCULATURE_DEVELOPMENT_IN_CAMERA_TYPE_EYE	3/180	18/13324	0.00170399632886915	0.0332318546717708	0.0277813808456426	LRP5/PDGFRB/COL4A1	3	Retinavasculaturedevelopmentincameratypey.
t2.beige.day3	t2	beige	day3	KEGG_BETA_ALANINE_METABOLISM	KEGG_BETA_ALANINE_METABOLISM	3/180	18/13324	0.00170399632886915	0.0332318546717708	0.0277813808456426	AOC3/ALDH1B1/AOC2	3	Beta alanine metabolism
t2.beige.day3	t2	beige	day3	WP_INFLAMMATORY_RESPONSE_PATHWAY	WP_INFLAMMATORY_RESPONSE_PATHWAY	3/180	18/13324	0.00170399632886915	0.0332318546717708	0.0277813808456426	LAMC1/LAMB2/COL1A1	3	Inflammatory response pathway
t2.beige.day3	t2	beige	day3	GOMF_GLYCOSAMINOGLYCAN_BINDING	GOMF_GLYCOSAMINOGLYCAN_BINDING	8/180	164/13324	0.00173324851329121	0.0335681966065719	0.0280625581520964	PTPRS/ADAMTS15/ENG/COL5A1/SLIT3/VCAN/APLP2/FBN1	8	Glycosaminoglycan binding
t2.beige.day3	t2	beige	day3	GOBP_ORGANIC_HYDROXY_COMPOUND_METABOLIC_PROCESS	GOBP_ORGANIC_HYDROXY_COMPOUND_METABOLIC_PROCESS	14/180	421/13324	0.00173710658242894	0.0335681966065719	0.0280625581520964	LRP5/LSS/ALDH1B1/SCAP/DHCR7/SREBF1/LIPE/ALDH1A3/ACLY/LDLR/ABCA1/DHCR24/AOC2/RETSAT	14	Organichydroxycompoundmetabolicprocess.
t2.beige.day3	t2	beige	day3	WP_EPITHELIAL_TO_MESENCHYMAL_TRANSITION_IN_COLORECTAL_CANCER	WP_EPITHELIAL_TO_MESENCHYMAL_TRANSITION_IN_COLORECTAL_CANCER	7/180	128/13324	0.00175185781126762	0.0336993738967481	0.0281722205917248	NOTCH3/LRP5/SHC1/COL4A2/MAPK14/COL4A1/MMP2	7	Epithelialtmesenchymaltranstninclrctlcncr.
t2.beige.day3	t2	beige	day3	REACTOME_DISEASES_ASSOCIATED_WITH_GLYCOSAMINOGLYCAN_METABOLISM	REACTOME_DISEASES_ASSOCIATED_WITH_GLYCOSAMINOGLYCAN_METABOLISM	4/180	39/13324	0.00183179945600424	0.0349197085486934	0.0291924038484127	HSPG2/SDC3/VCAN/GPC1	4	Diseasesassociatedwithglycosmnglycnmtblsm.
t2.beige.day3	t2	beige	day3	REACTOME_ELASTIC_FIBRE_FORMATION	REACTOME_ELASTIC_FIBRE_FORMATION	4/180	39/13324	0.00183179945600424	0.0349197085486934	0.0291924038484127	EMILIN1/LTBP3/FBN1/FBLN1	4	Elastic fibre formation
t2.beige.day3	t2	beige	day3	GOBP_BRANCHING_MORPHOGENESIS_OF_AN_EPITHELIAL_TUBE	GOBP_BRANCHING_MORPHOGENESIS_OF_AN_EPITHELIAL_TUBE	7/180	130/13324	0.00191430530185934	0.0363288790917881	0.0303704513549646	LRP5/PLXND1/DAG1/MMP14/ENG/COL4A1/CSF1	7	Branchingmorphogenesisofanepithelialtube.
t2.beige.day3	t2	beige	day3	GOBP_TERPENOID_METABOLIC_PROCESS	GOBP_TERPENOID_METABOLIC_PROCESS	5/180	66/13324	0.00195463337621489	0.0364761220009016	0.0304935444346409	LRP1/LSS/LIPE/ALDH1A3/RETSAT	5	Terpenoid metabolic process
t2.beige.day3	t2	beige	day3	GOCC_BRUSH_BORDER	GOCC_BRUSH_BORDER	5/180	66/13324	0.00195463337621489	0.0364761220009016	0.0304935444346409	PLEC/MYO1C/FLNA/FLII/MYH9	5	Brush border
t2.beige.day3	t2	beige	day3	WP_SELENIUM_MICRONUTRIENT_NETWORK	WP_SELENIUM_MICRONUTRIENT_NETWORK	5/180	66/13324	0.00195463337621489	0.0364761220009016	0.0304935444346409	NFKB2/SELENON/GPX3/LDLR/ABCA1	5	Selenium micronutrient network
t2.beige.day3	t2	beige	day3	GOBP_PROTEIN_CATABOLIC_PROCESS_IN_THE_VACUOLE	GOBP_PROTEIN_CATABOLIC_PROCESS_IN_THE_VACUOLE	3/180	19/13324	0.00200351901188643	0.0364761220009016	0.0304935444346409	LRP1/LDLR/TPP1	3	Protein catabolic process in the vacuole
t2.beige.day3	t2	beige	day3	GOBP_RESPONSE_TO_MUSCLE_ACTIVITY	GOBP_RESPONSE_TO_MUSCLE_ACTIVITY	3/180	19/13324	0.00200351901188643	0.0364761220009016	0.0304935444346409	SELENON/DAG1/COL6A1	3	Response to muscle activity
t2.beige.day3	t2	beige	day3	GOMF_ENDOPEPTIDASE_ACTIVITY	GOMF_ENDOPEPTIDASE_ACTIVITY	10/180	248/13324	0.002004651061878	0.0364761220009016	0.0304935444346409	ADAMTS15/MMP14/ECE1/ADAMTS2/CAPN1/ADAM15/BACE1/TPP1/C1R/MMP2	10	Endopeptidase activity
t2.beige.day3	t2	beige	day3	GOBP_MAINTENANCE_OF_PROTEIN_LOCALIZATION_IN_ORGANELLE	GOBP_MAINTENANCE_OF_PROTEIN_LOCALIZATION_IN_ORGANELLE	4/180	40/13324	0.00201412132100195	0.0364761220009016	0.0304935444346409	HK2/SUN2/CIZ1/PINK1	4	Maintenancofproteinlocalizationinorganell.
t2.beige.day3	t2	beige	day3	GOBP_MAMMARY_GLAND_MORPHOGENESIS	GOBP_MAMMARY_GLAND_MORPHOGENESIS	4/180	40/13324	0.00201412132100195	0.0364761220009016	0.0304935444346409	SCRIB/LRP5/CAPN1/CSF1	4	Mammary gland morphogenesis
t2.beige.day3	t2	beige	day3	GOMF_OXIDOREDUCTASE_ACTIVITY_ACTING_ON_THE_ALDEHYDE_OR_OXO_GROUP_OF_DONORS	GOMF_OXIDOREDUCTASE_ACTIVITY_ACTING_ON_THE_ALDEHYDE_OR_OXO_GROUP_OF_DONORS	4/180	40/13324	0.00201412132100195	0.0364761220009016	0.0304935444346409	ALDH16A1/OGDH/ALDH1B1/ALDH1A3	4	Oxdrdctsactvtyactngonthaldhydoroxgrpofdnr.
t2.beige.day3	t2	beige	day3	REACTOME_MET_PROMOTES_CELL_MOTILITY	REACTOME_MET_PROMOTES_CELL_MOTILITY	4/180	40/13324	0.00201412132100195	0.0364761220009016	0.0304935444346409	LAMC1/LAMB2/COL1A1/COL5A1	4	Met promotes cell motility
t2.beige.day3	t2	beige	day3	GOBP_MAINTENANCE_OF_LOCATION_IN_CELL	GOBP_MAINTENANCE_OF_LOCATION_IN_CELL	8/180	168/13324	0.00201687442065477	0.0364761220009016	0.0304935444346409	HK2/CHERP/SELENON/SUN2/FLNA/CIZ1/PINK1/GAA	8	Maintenance of location in cell
t2.beige.day3	t2	beige	day3	WP_MACROPHAGESTIMULATING_PROTEIN_MSP_SIGNALING	WP_MACROPHAGESTIMULATING_PROTEIN_MSP_SIGNALING	6/180	98/13324	0.00210830670813747	0.0379674637822885	0.0317402859845467	HK2/NDRG1/SHC1/PDGFRB/MAPK14/COL4A1	6	Macrophagestimulatingproteinmspsignaling.
t2.beige.day3	t2	beige	day3	GOBP_RESPONSE_TO_OXYGEN_LEVELS	GOBP_RESPONSE_TO_OXYGEN_LEVELS	11/180	293/13324	0.00212709571011595	0.0381435129034351	0.0318874606677061	HSPG2/HK2/NDRG1/MMP14/SCAP/COL1A1/PINK1/ADAM15/COL6A1/HSF1/MMP2	11	Response to oxygen levels
t2.beige.day3	t2	beige	day3	GOBP_POSITIVE_REGULATION_OF_DEPHOSPHORYLATION	GOBP_POSITIVE_REGULATION_OF_DEPHOSPHORYLATION	4/180	41/13324	0.00220861459528355	0.0391081881474477	0.0326939161186876	PTBP1/PDGFRB/DLC1/PINK1	4	Pos. reg. dephosphorylation
t2.beige.day3	t2	beige	day3	GOCC_PROTEIN_COMPLEX_INVOLVED_IN_CELL_ADHESION	GOCC_PROTEIN_COMPLEX_INVOLVED_IN_CELL_ADHESION	4/180	41/13324	0.00220861459528355	0.0391081881474477	0.0326939161186876	EMILIN1/LAMC1/LAMB2/NID1	4	Complex involved in cell adhesion
t2.beige.day3	t2	beige	day3	REACTOME_NR1H2_AND_NR1H3_MEDIATED_SIGNALING	REACTOME_NR1H2_AND_NR1H3_MEDIATED_SIGNALING	4/180	41/13324	0.00220861459528355	0.0391081881474477	0.0326939161186876	FASN/SREBF1/RXRA/ABCA1	4	Nr1h2 and nr1h3 mediated signaling
t2.beige.day3	t2	beige	day3	GOBP_CELL_SUBSTRATE_JUNCTION_ORGANIZATION	GOBP_CELL_SUBSTRATE_JUNCTION_ORGANIZATION	6/180	99/13324	0.00221965122371017	0.0391398499114227	0.0327203849249556	PLEC/LAMC1/COL16A1/MMP14/TNS1/DLC1	6	Cell substrate junction organization
t2.beige.day3	t2	beige	day3	GOCC_CAVEOLA	GOCC_CAVEOLA	5/180	68/13324	0.00223109395033799	0.039178380073985	0.0327525956195064	IRS1/DLC1/LIPE/EHD2/CAVIN1	5	Caveola
t2.beige.day3	t2	beige	day3	GOBP_REGULATION_OF_EXTRACELLULAR_MATRIX_ASSEMBLY	GOBP_REGULATION_OF_EXTRACELLULAR_MATRIX_ASSEMBLY	3/180	20/13324	0.00233382624654108	0.0408130275841399	0.0341191388195936	EMILIN1/PHLDB1/DAG1	3	Regulationofextracellularmatrixassembly.
t2.beige.day3	t2	beige	day3	GOBP_POSITIVE_REGULATION_OF_CELLULAR_COMPONENT_BIOGENESIS	GOBP_POSITIVE_REGULATION_OF_CELLULAR_COMPONENT_BIOGENESIS	14/180	435/13324	0.00234831549738835	0.0408974122837346	0.0341896832866461	KIRREL1/EMILIN1/PHLDB1/DAG1/TRIM28/COL16A1/FLNA/DDX3X/SNX18/FHOD1/PINK1/ABCA1/SEPTIN9/HSF1	14	Pos. reg. cell component biogenesis
t2.beige.day3	t2	beige	day3	GOBP_RESPONSE_TO_NUTRIENT	GOBP_RESPONSE_TO_NUTRIENT	7/180	135/13324	0.00237168260593393	0.0411025987498865	0.0343612163959727	SCAP/COL1A1/SREBF1/RXRA/SLC16A1/ABCA1/HSF1	7	Response to nutrient
t2.beige.day3	t2	beige	day3	GOCC_CLATHRIN_COATED_PIT	GOCC_CLATHRIN_COATED_PIT	5/180	69/13324	0.00237952190305345	0.0411025987498865	0.0343612163959727	LRP1/LRP10/AP2A1/LDLR/EPN1	5	Clathrin coated pit
t2.beige.day3	t2	beige	day3	GOBP_RESPONSE_TO_AMYLOID_BETA	GOBP_RESPONSE_TO_AMYLOID_BETA	4/180	42/13324	0.00241568211171011	0.0415575881981999	0.0347415814183041	LRP1/BACE1/GJA1/MMP2	4	Response to amyloid beta
t2.beige.day3	t2	beige	day3	GOBP_PROTEIN_DEPHOSPHORYLATION	GOBP_PROTEIN_DEPHOSPHORYLATION	8/180	174/13324	0.00250958574626941	0.0429982464704945	0.0359459522404069	PTPRS/PPP6R1/PTBP1/STK11/PDGFRB/PTPRM/DLC1/PINK1	8	Protein dephosphorylation
t2.beige.day3	t2	beige	day3	GOCC_ENDOSOME_MEMBRANE	GOCC_ENDOSOME_MEMBRANE	15/180	487/13324	0.00252085247938089	0.0430171277933062	0.0359617367707945	UBA1/ATP9A/NDRG1/SUN2/ECE1/BOK/SNX18/AP3D1/SH3GL1/EHD2/AP2A1/BACE1/LDLR/ABCB6/TMBIM1	15	Endosome membrane
t2.beige.day3	t2	beige	day3	GOBP_POSITIVE_REGULATION_OF_CELL_SUBSTRATE_ADHESION	GOBP_POSITIVE_REGULATION_OF_CELL_SUBSTRATE_ADHESION	6/180	102/13324	0.00258039654050003	0.0438563781501853	0.0366633387132556	EMILIN1/DAG1/COL16A1/FLNA/NID1/CSF1	6	Pos. reg. cell substrate adhesion
t2.beige.day3	t2	beige	day3	GOBP_MICROTUBULE_ANCHORING	GOBP_MICROTUBULE_ANCHORING	3/180	21/13324	0.00269595151123271	0.0447717589901047	0.0374285847094174	BICD2/DAG1/MAP1S	3	Microtubule anchoring
t2.beige.day3	t2	beige	day3	GOBP_REGULATION_OF_RECEPTOR_RECYCLING	GOBP_REGULATION_OF_RECEPTOR_RECYCLING	3/180	21/13324	0.00269595151123271	0.0447717589901047	0.0374285847094174	SCRIB/ECE1/LDLR	3	Regulation of receptor recycling
t2.beige.day3	t2	beige	day3	GOMF_SCAVENGER_RECEPTOR_ACTIVITY	GOMF_SCAVENGER_RECEPTOR_ACTIVITY	3/180	21/13324	0.00269595151123271	0.0447717589901047	0.0374285847094174	LRP1/SSC5D/SCARF2	3	Scavenger receptor activity
t2.beige.day3	t2	beige	day3	REACTOME_ACTIVATION_OF_MATRIX_METALLOPROTEINASES	REACTOME_ACTIVATION_OF_MATRIX_METALLOPROTEINASES	3/180	21/13324	0.00269595151123271	0.0447717589901047	0.0374285847094174	MMP14/COL18A1/MMP2	3	Activation of matrix metalloproteinases
t2.beige.day3	t2	beige	day3	WP_FATTY_ACID_BIOSYNTHESIS	WP_FATTY_ACID_BIOSYNTHESIS	3/180	21/13324	0.00269595151123271	0.0447717589901047	0.0374285847094174	FASN/PC/ACLY	3	Fatty acid biosynthesis
t2.beige.day3	t2	beige	day3	REACTOME_PHASE_I_FUNCTIONALIZATION_OF_COMPOUNDS	REACTOME_PHASE_I_FUNCTIONALIZATION_OF_COMPOUNDS	5/180	71/13324	0.00269773122459279	0.0447717589901047	0.0374285847094174	AOC3/ALDH1B1/POR/RXRA/AOC2	5	Phase i functionalization of compounds
t2.beige.day3	t2	beige	day3	GOCC_HETEROCHROMATIN	GOCC_HETEROCHROMATIN	5/180	72/13324	0.002867896837492	0.0470626650292931	0.0393437511599478	UBA1/TNKS1BP1/CENPB/TRIM28/HSF1	5	Heterochromatin
t2.beige.day3	t2	beige	day3	GOBP_MACROPHAGE_MIGRATION	GOBP_MACROPHAGE_MIGRATION	4/180	44/13324	0.0028691322253208	0.0470626650292931	0.0393437511599478	EMILIN1/MMP14/CSF1/MMP2	4	Macrophage migration
t2.beige.day3	t2	beige	day3	GOBP_POSITIVE_REGULATION_OF_OSSIFICATION	GOBP_POSITIVE_REGULATION_OF_OSSIFICATION	4/180	44/13324	0.0028691322253208	0.0470626650292931	0.0393437511599478	ZBTB16/RXRA/TOB2/PKDCC	4	Pos. reg. ossification
t2.beige.day3	t2	beige	day3	HALLMARK_GLYCOLYSIS	HALLMARK_GLYCOLYSIS	8/180	178/13324	0.00288726605081043	0.0471772584055202	0.0394395496719116	HK2/SDC3/PC/PYGB/COL5A1/VCAN/GPC1/ABCB6	8	Glycolysis
t2.beige.day3	t2	beige	day3	GOBP_ALCOHOL_BIOSYNTHETIC_PROCESS	GOBP_ALCOHOL_BIOSYNTHETIC_PROCESS	6/180	105/13324	0.00298350224716581	0.048562236576945	0.0405973726830942	LSS/SCAP/DHCR7/SREBF1/ACLY/DHCR24	6	Alcohol biosynthetic process
t2.beige.day3	t2	beige	day3	GOBP_RESPONSE_TO_AXON_INJURY	GOBP_RESPONSE_TO_AXON_INJURY	5/180	73/13324	0.00304569287697058	0.0488451245315668	0.0408338631854034	PTPRS/DAG1/LAMB2/FLNA/MMP2	5	Response to axon injury
t2.beige.day3	t2	beige	day3	GOCC_CELL_CELL_JUNCTION	GOCC_CELL_CELL_JUNCTION	13/180	400/13324	0.00307444854307109	0.0488451245315668	0.0408338631854034	SCRIB/UBA1/KIRREL1/OBSL1/TNKS1BP1/NDRG1/DAG1/FLNA/PTPRM/FHOD1/ADAM15/GJA1/MYH9	13	Cell cell junction
t2.beige.day3	t2	beige	day3	KEGG_STARCH_AND_SUCROSE_METABOLISM	KEGG_STARCH_AND_SUCROSE_METABOLISM	3/180	22/13324	0.00309086987436881	0.0488451245315668	0.0408338631854034	HK2/PYGB/GAA	3	Starch and sucrose metabolism
t2.beige.day3	t2	beige	day3	REACTOME_HS_GAG_DEGRADATION	REACTOME_HS_GAG_DEGRADATION	3/180	22/13324	0.00309086987436881	0.0488451245315668	0.0408338631854034	HSPG2/SDC3/GPC1	3	Hs gag degradation
t2.beige.day3	t2	beige	day3	REACTOME_RESPIRATORY_SYNCYTIAL_VIRUS_RSV_ATTACHMENT_AND_ENTRY	REACTOME_RESPIRATORY_SYNCYTIAL_VIRUS_RSV_ATTACHMENT_AND_ENTRY	3/180	22/13324	0.00309086987436881	0.0488451245315668	0.0408338631854034	HSPG2/SDC3/GPC1	3	Respiratorysyncytilvrsrsvattchmntandentry.
t2.beige.day3	t2	beige	day3	GOCC_CONTRACTILE_MUSCLE_FIBER	GOCC_CONTRACTILE_MUSCLE_FIBER	8/180	180/13324	0.00309202617188978	0.0488451245315668	0.0408338631854034	PLEC/OBSL1/STK11/DAG1/FLNA/GJA1/COL6A1/MMP2	8	Contractile muscle fiber
t2.beige.day3	t2	beige	day3	GOBP_ER_NUCLEUS_SIGNALING_PATHWAY	GOBP_ER_NUCLEUS_SIGNALING_PATHWAY	4/180	45/13324	0.00311630047814816	0.0488451245315668	0.0408338631854034	SCAP/BOK/SREBF1/AMFR	4	ER nucleus signaling pathway
t2.beige.day3	t2	beige	day3	GOBP_INSULIN_LIKE_GROWTH_FACTOR_RECEPTOR_SIGNALING_PATHWAY	GOBP_INSULIN_LIKE_GROWTH_FACTOR_RECEPTOR_SIGNALING_PATHWAY	4/180	45/13324	0.00311630047814816	0.0488451245315668	0.0408338631854034	INPPL1/IRS1/SHC1/COL6A1	4	Insulinlikgrowthfactorreceptorsgnlngpthwy.
t2.beige.day3	t2	beige	day3	KEGG_N_GLYCAN_BIOSYNTHESIS	KEGG_N_GLYCAN_BIOSYNTHESIS	4/180	45/13324	0.00311630047814816	0.0488451245315668	0.0408338631854034	GANAB/MGAT1/MOGS/MAN1A1	4	N glycan biosynthesis
t2.beige.day3	t2	beige	day3	REACTOME_HEPARAN_SULFATE_HEPARIN_HS_GAG_METABOLISM	REACTOME_HEPARAN_SULFATE_HEPARIN_HS_GAG_METABOLISM	4/180	45/13324	0.00311630047814816	0.0488451245315668	0.0408338631854034	HSPG2/SDC3/VCAN/GPC1	4	Heparan sulfate heparin hs gag metabolism
t2.white.day3	t2	white	day3	WP_VITAMIN_A_AND_CAROTENOID_METABOLISM	WP_VITAMIN_A_AND_CAROTENOID_METABOLISM	2/3	27/13324	1.1848900290051e-05	0.00324479431826192	0.000656840955113748	RBP4/CD36	2	Vitamin a and carotenoid metabolism
t2.white.day3	t2	white	day3	GOMF_LIPID_TRANSMEMBRANE_TRANSPORTER_ACTIVITY	GOMF_LIPID_TRANSMEMBRANE_TRANSPORTER_ACTIVITY	2/3	30/13324	1.46823272319544e-05	0.00324479431826192	0.000656840955113748	RBP4/CD36	2	Lipid transmembrane transporter activity
t2.white.day3	t2	white	day3	GOBP_DIGESTIVE_SYSTEM_PROCESS	GOBP_DIGESTIVE_SYSTEM_PROCESS	2/3	58/13324	5.57145573567722e-05	0.00820861145056444	0.00166166223695636	RBP4/CD36	2	Digestive system process
t2.white.day3	t2	white	day3	GOBP_DIGESTION	GOBP_DIGESTION	2/3	72/13324	8.60897513228078e-05	0.00951291752117026	0.00192569180590491	RBP4/CD36	2	Digestion
t2.white.day3	t2	white	day3	GOBP_POSITIVE_REGULATION_OF_PRODUCTION_OF_MOLECULAR_MEDIATOR_OF_IMMUNE_RESPONSE	GOBP_POSITIVE_REGULATION_OF_PRODUCTION_OF_MOLECULAR_MEDIATOR_OF_IMMUNE_RESPONSE	2/3	98/13324	0.000159878843515024	0.0132679468377164	0.00268581919791829	RBP4/CD36	2	Pos.reg.productionofmolclrmdtrofimmnrspns.
t2.white.day3	t2	white	day3	GOBP_RECEPTOR_INTERNALIZATION	GOBP_RECEPTOR_INTERNALIZATION	2/3	104/13324	0.000180107875625109	0.0132679468377164	0.00268581919791829	SYNE1/CD36	2	Receptor internalization
t2.white.day3	t2	white	day3	GOBP_POSITIVE_REGULATION_OF_ENDOCYTOSIS	GOBP_POSITIVE_REGULATION_OF_ENDOCYTOSIS	2/3	114/13324	0.000216484562660116	0.0136694538136816	0.00276709591370073	SYNE1/CD36	2	Pos. reg. endocytosis
t2.white.day3	t2	white	day3	GOMF_LIPID_TRANSPORTER_ACTIVITY	GOMF_LIPID_TRANSPORTER_ACTIVITY	2/3	123/13324	0.000252064586383561	0.0139265683976918	0.00281914340034246	RBP4/CD36	2	Lipid transporter activity
t2.white.day3	t2	white	day3	GOBP_REGULATION_OF_PRODUCTION_OF_MOLECULAR_MEDIATOR_OF_IMMUNE_RESPONSE	GOBP_REGULATION_OF_PRODUCTION_OF_MOLECULAR_MEDIATOR_OF_IMMUNE_RESPONSE	2/3	135/13324	0.000303684756079178	0.0149142957985552	0.00301908821833101	RBP4/CD36	2	Regulationofprodctnofmlclrmdtrofimmnrspns.
t2.white.day3	t2	white	day3	HALLMARK_XENOBIOTIC_METABOLISM	HALLMARK_XENOBIOTIC_METABOLISM	2/3	164/13324	0.000448106174777273	0.0179424658437687	0.00363207810602606	RBP4/CD36	2	Xenobiotic metabolism
t2.white.day3	t2	white	day3	GOBP_PRODUCTION_OF_MOLECULAR_MEDIATOR_OF_IMMUNE_RESPONSE	GOBP_PRODUCTION_OF_MOLECULAR_MEDIATOR_OF_IMMUNE_RESPONSE	2/3	170/13324	0.000481452689478153	0.0179424658437687	0.00363207810602606	RBP4/CD36	2	Productionofmolecularmediatorofimmunrspns.
t2.white.day3	t2	white	day3	GOBP_POSITIVE_REGULATION_OF_IMMUNE_EFFECTOR_PROCESS	GOBP_POSITIVE_REGULATION_OF_IMMUNE_EFFECTOR_PROCESS	2/3	171/13324	0.000487125769514083	0.0179424658437687	0.00363207810602606	RBP4/CD36	2	Pos. reg. immune effector process
t2.white.day3	t2	white	day3	GOBP_ORGANIC_HYDROXY_COMPOUND_TRANSPORT	GOBP_ORGANIC_HYDROXY_COMPOUND_TRANSPORT	2/3	189/13324	0.000594868555633514	0.0202255308915395	0.00409423702257884	RBP4/CD36	2	Organic hydroxy compound transport
t2.white.day3	t2	white	day3	GOBP_STRIATED_MUSCLE_TISSUE_DEVELOPMENT	GOBP_STRIATED_MUSCLE_TISSUE_DEVELOPMENT	2/3	202/13324	0.000679302937006383	0.0208151879464175	0.00421360079886994	SYNE1/RBP4	2	Striated muscle tissue development
t2.white.day3	t2	white	day3	GOBP_RECEPTOR_MEDIATED_ENDOCYTOSIS	GOBP_RECEPTOR_MEDIATED_ENDOCYTOSIS	2/3	206/13324	0.000706397780987019	0.0208151879464175	0.00421360079886994	SYNE1/CD36	2	Receptor mediated endocytosis
t2.white.day3	t2	white	day3	GOBP_REGULATION_OF_ENDOCYTOSIS	GOBP_REGULATION_OF_ENDOCYTOSIS	2/3	233/13324	0.000902981592638586	0.0249448664966409	0.00504956811672894	SYNE1/CD36	2	Regulation of endocytosis
t2.white.day3	t2	white	day3	GOBP_MAINTENANCE_OF_LOCATION	GOBP_MAINTENANCE_OF_LOCATION	2/3	257/13324	0.00109769089611236	0.0261422348954431	0.00529195038369293	SYNE1/CD36	2	Maintenance of location
t2.white.day3	t2	white	day3	GOBP_REGULATION_OF_IMMUNE_EFFECTOR_PROCESS	GOBP_REGULATION_OF_IMMUNE_EFFECTOR_PROCESS	2/3	259/13324	0.00111476266018154	0.0261422348954431	0.00529195038369293	RBP4/CD36	2	Regulation of immune effector process
t2.white.day3	t2	white	day3	GOBP_PROTEIN_LOCALIZATION_TO_NUCLEUS	GOBP_PROTEIN_LOCALIZATION_TO_NUCLEUS	2/3	287/13324	0.00136739496812322	0.0261422348954431	0.00529195038369293	SYNE1/CD36	2	Protein localization to nucleus
t2.white.day3	t2	white	day3	GOBP_REGULATION_OF_MEMBRANE_POTENTIAL	GOBP_REGULATION_OF_MEMBRANE_POTENTIAL	2/3	289/13324	0.00138641190998764	0.0261422348954431	0.00529195038369293	SYNE1/CD36	2	Regulation of membrane potential
t2.white.day3	t2	white	day3	GOBP_SENSORY_PERCEPTION	GOBP_SENSORY_PERCEPTION	2/3	298/13324	0.0014735883151417	0.0261422348954431	0.00529195038369293	RBP4/CD36	2	Sensory perception
t2.white.day3	t2	white	day3	GOBP_MUSCLE_TISSUE_DEVELOPMENT	GOBP_MUSCLE_TISSUE_DEVELOPMENT	2/3	337/13324	0.00188153127738699	0.0261422348954431	0.00529195038369293	SYNE1/RBP4	2	Muscle tissue development
t2.white.day3	t2	white	day3	GOBP_REGULATION_OF_PROTEIN_TRANSPORT	GOBP_REGULATION_OF_PROTEIN_TRANSPORT	2/3	353/13324	0.00206303135513193	0.0261422348954431	0.00529195038369293	RBP4/CD36	2	Regulation of protein transport
t2.white.day3	t2	white	day3	GOBP_LIPID_DIGESTION	GOBP_LIPID_DIGESTION	1/3	10/13324	0.0022500554150906	0.0261422348954431	0.00529195038369293	CD36	1	Lipid digestion
t2.white.day3	t2	white	day3	GOBP_LONG_CHAIN_FATTY_ACID_IMPORT_ACROSS_PLASMA_MEMBRANE	GOBP_LONG_CHAIN_FATTY_ACID_IMPORT_ACROSS_PLASMA_MEMBRANE	1/3	10/13324	0.0022500554150906	0.0261422348954431	0.00529195038369293	CD36	1	Longchainfattyacidimportacrossplasmmembrn.
t2.white.day3	t2	white	day3	GOBP_MAINTENANCE_OF_GASTROINTESTINAL_EPITHELIUM	GOBP_MAINTENANCE_OF_GASTROINTESTINAL_EPITHELIUM	1/3	10/13324	0.0022500554150906	0.0261422348954431	0.00529195038369293	RBP4	1	Maintenanceofgastrointestinalepithelium.
t2.white.day3	t2	white	day3	GOBP_RESPONSE_TO_LIPOTEICHOIC_ACID	GOBP_RESPONSE_TO_LIPOTEICHOIC_ACID	1/3	10/13324	0.0022500554150906	0.0261422348954431	0.00529195038369293	CD36	1	Response to lipoteichoic acid
t2.white.day3	t2	white	day3	GOMF_HIGH_DENSITY_LIPOPROTEIN_PARTICLE_BINDING	GOMF_HIGH_DENSITY_LIPOPROTEIN_PARTICLE_BINDING	1/3	10/13324	0.0022500554150906	0.0261422348954431	0.00529195038369293	CD36	1	High density lipoprotein particle binding
t2.white.day3	t2	white	day3	GOMF_RETINOL_BINDING	GOMF_RETINOL_BINDING	1/3	10/13324	0.0022500554150906	0.0261422348954431	0.00529195038369293	RBP4	1	Retinol binding
t2.white.day3	t2	white	day3	GOMF_TOLL_LIKE_RECEPTOR_BINDING	GOMF_TOLL_LIKE_RECEPTOR_BINDING	1/3	10/13324	0.0022500554150906	0.0261422348954431	0.00529195038369293	CD36	1	Toll like receptor binding
t2.white.day3	t2	white	day3	REACTOME_THE_CANONICAL_RETINOID_CYCLE_IN_RODS_TWILIGHT_VISION	REACTOME_THE_CANONICAL_RETINOID_CYCLE_IN_RODS_TWILIGHT_VISION	1/3	10/13324	0.0022500554150906	0.0261422348954431	0.00529195038369293	RBP4	1	Thcanonicalretinoidcyclinrodstwilightvisn.
t2.white.day3	t2	white	day3	GOBP_LIPID_LOCALIZATION	GOBP_LIPID_LOCALIZATION	2/3	370/13324	0.00226485455244633	0.0261422348954431	0.00529195038369293	RBP4/CD36	2	Lipid localization
t2.white.day3	t2	white	day3	GOBP_CELLULAR_RESPONSE_TO_OXIDISED_LOW_DENSITY_LIPOPROTEIN_PARTICLE_STIMULUS	GOBP_CELLULAR_RESPONSE_TO_OXIDISED_LOW_DENSITY_LIPOPROTEIN_PARTICLE_STIMULUS	1/3	11/13324	0.00247487514122524	0.0261422348954431	0.00529195038369293	CD36	1	Cellresponstoxidsdlwdnstylpprtnprtclstmls.
t2.white.day3	t2	white	day3	GOBP_HEART_TRABECULA_FORMATION	GOBP_HEART_TRABECULA_FORMATION	1/3	11/13324	0.00247487514122524	0.0261422348954431	0.00529195038369293	RBP4	1	Heart trabecula formation
t2.white.day3	t2	white	day3	GOBP_INTESTINAL_LIPID_ABSORPTION	GOBP_INTESTINAL_LIPID_ABSORPTION	1/3	11/13324	0.00247487514122524	0.0261422348954431	0.00529195038369293	CD36	1	Intestinal lipid absorption
t2.white.day3	t2	white	day3	GOBP_MESENCHYMAL_CELL_APOPTOTIC_PROCESS	GOBP_MESENCHYMAL_CELL_APOPTOTIC_PROCESS	1/3	11/13324	0.00247487514122524	0.0261422348954431	0.00529195038369293	SYNE1	1	Mesenchymal cell apoptotic process
t2.white.day3	t2	white	day3	GOMF_RETINAL_BINDING	GOMF_RETINAL_BINDING	1/3	11/13324	0.00247487514122524	0.0261422348954431	0.00529195038369293	RBP4	1	Retinal binding
t2.white.day3	t2	white	day3	GOBP_NEGATIVE_REGULATION_OF_CARDIAC_MUSCLE_CELL_PROLIFERATION	GOBP_NEGATIVE_REGULATION_OF_CARDIAC_MUSCLE_CELL_PROLIFERATION	1/3	12/13324	0.00269966109289477	0.0261422348954431	0.00529195038369293	RBP4	1	Negativregulationofcardiacmusclcllprlfrtn.
t2.white.day3	t2	white	day3	GOBP_REGULATION_OF_MEMBRANE_INVAGINATION	GOBP_REGULATION_OF_MEMBRANE_INVAGINATION	1/3	12/13324	0.00269966109289477	0.0261422348954431	0.00529195038369293	CD36	1	Regulation of membrane invagination
t2.white.day3	t2	white	day3	WP_FATTY_ACID_TRANSPORTERS	WP_FATTY_ACID_TRANSPORTERS	1/3	12/13324	0.00269966109289477	0.0261422348954431	0.00529195038369293	CD36	1	Fatty acid transporters
t2.white.day3	t2	white	day3	GOBP_REGULATION_OF_VESICLE_MEDIATED_TRANSPORT	GOBP_REGULATION_OF_VESICLE_MEDIATED_TRANSPORT	2/3	417/13324	0.00287077886154034	0.0261422348954431	0.00529195038369293	SYNE1/CD36	2	Regulation of vesicle mediated transport
t2.white.day3	t2	white	day3	GOBP_POSITIVE_REGULATION_OF_REACTIVE_OXYGEN_SPECIES_BIOSYNTHETIC_PROCESS	GOBP_POSITIVE_REGULATION_OF_REACTIVE_OXYGEN_SPECIES_BIOSYNTHETIC_PROCESS	1/3	13/13324	0.00292441327263615	0.0261422348954431	0.00529195038369293	CD36	1	Pos.reg.reactivoxygenspeciesbsynthtcprcss.
t2.white.day3	t2	white	day3	GOMF_LONG_CHAIN_FATTY_ACID_TRANSMEMBRANE_TRANSPORTER_ACTIVITY	GOMF_LONG_CHAIN_FATTY_ACID_TRANSMEMBRANE_TRANSPORTER_ACTIVITY	1/3	13/13324	0.00292441327263615	0.0261422348954431	0.00529195038369293	CD36	1	Longchainfattyacidtrnsmmbrntrnsprtractvty.
t2.white.day3	t2	white	day3	GOMF_LOW_DENSITY_LIPOPROTEIN_PARTICLE_BINDING	GOMF_LOW_DENSITY_LIPOPROTEIN_PARTICLE_BINDING	1/3	13/13324	0.00292441327263615	0.0261422348954431	0.00529195038369293	CD36	1	Low density lipoprotein particle binding
t2.white.day3	t2	white	day3	GOMF_LOW_DENSITY_LIPOPROTEIN_PARTICLE_RECEPTOR_ACTIVITY	GOMF_LOW_DENSITY_LIPOPROTEIN_PARTICLE_RECEPTOR_ACTIVITY	1/3	13/13324	0.00292441327263615	0.0261422348954431	0.00529195038369293	CD36	1	Lowdensitylipoproteinparticlreceptractvty.
t2.white.day3	t2	white	day3	REACTOME_IRAK4_DEFICIENCY_TLR2_4	REACTOME_IRAK4_DEFICIENCY_TLR2_4	1/3	13/13324	0.00292441327263615	0.0261422348954431	0.00529195038369293	CD36	1	Irak4 deficiency tlr2 4
t2.white.day3	t2	white	day3	REACTOME_REGULATION_OF_TLR_BY_ENDOGENOUS_LIGAND	REACTOME_REGULATION_OF_TLR_BY_ENDOGENOUS_LIGAND	1/3	13/13324	0.00292441327263615	0.0261422348954431	0.00529195038369293	CD36	1	Regulation of tlr by endogenous ligand
t2.white.day3	t2	white	day3	GOBP_IMMUNE_EFFECTOR_PROCESS	GOBP_IMMUNE_EFFECTOR_PROCESS	2/3	421/13324	0.00292558657755699	0.0261422348954431	0.00529195038369293	RBP4/CD36	2	Immune effector process
t2.white.day3	t2	white	day3	GOBP_POSITIVE_REGULATION_OF_MACROPHAGE_DERIVED_FOAM_CELL_DIFFERENTIATION	GOBP_POSITIVE_REGULATION_OF_MACROPHAGE_DERIVED_FOAM_CELL_DIFFERENTIATION	1/3	14/13324	0.00314913168298747	0.0261422348954431	0.00529195038369293	CD36	1	Pos.reg.macrophagderivedfoamcelldiffrnttn.
t2.white.day3	t2	white	day3	GOCC_PLATELET_ALPHA_GRANULE_MEMBRANE	GOCC_PLATELET_ALPHA_GRANULE_MEMBRANE	1/3	14/13324	0.00314913168298747	0.0261422348954431	0.00529195038369293	CD36	1	Platelet alpha granule membrane
t2.white.day3	t2	white	day3	GOMF_FATTY_ACID_TRANSMEMBRANE_TRANSPORTER_ACTIVITY	GOMF_FATTY_ACID_TRANSMEMBRANE_TRANSPORTER_ACTIVITY	1/3	14/13324	0.00314913168298747	0.0261422348954431	0.00529195038369293	CD36	1	Fattyacidtransmembranetransporteractivity.
t2.white.day3	t2	white	day3	GOMF_LIPOPROTEIN_PARTICLE_RECEPTOR_ACTIVITY	GOMF_LIPOPROTEIN_PARTICLE_RECEPTOR_ACTIVITY	1/3	14/13324	0.00314913168298747	0.0261422348954431	0.00529195038369293	CD36	1	Lipoprotein particle receptor activity
t2.white.day3	t2	white	day3	GOBP_REGULATION_OF_ESTABLISHMENT_OF_PROTEIN_LOCALIZATION	GOBP_REGULATION_OF_ESTABLISHMENT_OF_PROTEIN_LOCALIZATION	2/3	443/13324	0.00323607753783844	0.0261422348954431	0.00529195038369293	RBP4/CD36	2	Regulationofestablishmentofproteinloclztn.
t2.white.day3	t2	white	day3	GOBP_NEGATIVE_REGULATION_OF_PROTEIN_IMPORT_INTO_NUCLEUS	GOBP_NEGATIVE_REGULATION_OF_PROTEIN_IMPORT_INTO_NUCLEUS	1/3	15/13324	0.0033738163264847	0.0261422348954431	0.00529195038369293	CD36	1	Negativregulationofproteinimportintnucles.
t2.white.day3	t2	white	day3	GOBP_PHAGOCYTOSIS_RECOGNITION	GOBP_PHAGOCYTOSIS_RECOGNITION	1/3	15/13324	0.0033738163264847	0.0261422348954431	0.00529195038369293	CD36	1	Phagocytosis recognition
t2.white.day3	t2	white	day3	GOMF_LAMIN_BINDING	GOMF_LAMIN_BINDING	1/3	15/13324	0.0033738163264847	0.0261422348954431	0.00529195038369293	SYNE1	1	Lamin binding
t2.white.day3	t2	white	day3	GOBP_FEMALE_GENITALIA_DEVELOPMENT	GOBP_FEMALE_GENITALIA_DEVELOPMENT	1/3	16/13324	0.0035984672056657	0.0261422348954431	0.00529195038369293	RBP4	1	Female genitalia development
t2.white.day3	t2	white	day3	GOBP_LIPOPROTEIN_LOCALIZATION	GOBP_LIPOPROTEIN_LOCALIZATION	1/3	16/13324	0.0035984672056657	0.0261422348954431	0.00529195038369293	CD36	1	Lipoprotein localization
t2.white.day3	t2	white	day3	GOBP_REGULATION_OF_CHOLESTEROL_STORAGE	GOBP_REGULATION_OF_CHOLESTEROL_STORAGE	1/3	16/13324	0.0035984672056657	0.0261422348954431	0.00529195038369293	CD36	1	Regulation of cholesterol storage
t2.white.day3	t2	white	day3	GOBP_EPITHELIAL_STRUCTURE_MAINTENANCE	GOBP_EPITHELIAL_STRUCTURE_MAINTENANCE	1/3	17/13324	0.00382308432306766	0.0261422348954431	0.00529195038369293	RBP4	1	Epithelial structure maintenance
t2.white.day3	t2	white	day3	GOBP_NITRIC_OXIDE_MEDIATED_SIGNAL_TRANSDUCTION	GOBP_NITRIC_OXIDE_MEDIATED_SIGNAL_TRANSDUCTION	1/3	17/13324	0.00382308432306766	0.0261422348954431	0.00529195038369293	CD36	1	Nitric oxide mediated signal transduction
t2.white.day3	t2	white	day3	GOBP_REGULATION_OF_POSTSYNAPTIC_NEUROTRANSMITTER_RECEPTOR_INTERNALIZATION	GOBP_REGULATION_OF_POSTSYNAPTIC_NEUROTRANSMITTER_RECEPTOR_INTERNALIZATION	1/3	17/13324	0.00382308432306766	0.0261422348954431	0.00529195038369293	SYNE1	1	Regltnofpstsynptcnrtrnsmttrrcptrintrnlztn.
t2.white.day3	t2	white	day3	GOBP_RESPONSE_TO_HYDROPEROXIDE	GOBP_RESPONSE_TO_HYDROPEROXIDE	1/3	17/13324	0.00382308432306766	0.0261422348954431	0.00529195038369293	CD36	1	Response to hydroperoxide
t2.white.day3	t2	white	day3	GOMF_PATTERN_RECOGNITION_RECEPTOR_ACTIVITY	GOMF_PATTERN_RECOGNITION_RECEPTOR_ACTIVITY	1/3	17/13324	0.00382308432306766	0.0261422348954431	0.00529195038369293	CD36	1	Pattern recognition receptor activity
t2.white.day3	t2	white	day3	GOBP_FATTY_ACID_TRANSMEMBRANE_TRANSPORT	GOBP_FATTY_ACID_TRANSMEMBRANE_TRANSPORT	1/3	18/13324	0.00404766768122711	0.0261422348954431	0.00529195038369293	CD36	1	Fatty acid transmembrane transport
t2.white.day3	t2	white	day3	GOBP_REGULATION_OF_LIPOPOLYSACCHARIDE_MEDIATED_SIGNALING_PATHWAY	GOBP_REGULATION_OF_LIPOPOLYSACCHARIDE_MEDIATED_SIGNALING_PATHWAY	1/3	18/13324	0.00404766768122711	0.0261422348954431	0.00529195038369293	CD36	1	Regulationoflipopolyscchrdmdtdsgnlngpthwy.
t2.white.day3	t2	white	day3	GOBP_SENSORY_PERCEPTION_OF_TASTE	GOBP_SENSORY_PERCEPTION_OF_TASTE	1/3	18/13324	0.00404766768122711	0.0261422348954431	0.00529195038369293	CD36	1	Sensory perception of taste
t2.white.day3	t2	white	day3	GOBP_LIPID_IMPORT_INTO_CELL	GOBP_LIPID_IMPORT_INTO_CELL	1/3	19/13324	0.00427221728268201	0.0261422348954431	0.00529195038369293	CD36	1	Lipid import into cell
t2.white.day3	t2	white	day3	GOBP_CELLULAR_RESPONSE_TO_OXYGEN_RADICAL	GOBP_CELLULAR_RESPONSE_TO_OXYGEN_RADICAL	1/3	20/13324	0.00449673312996868	0.0261422348954431	0.00529195038369293	CD36	1	Cell response to oxygen radical
t2.white.day3	t2	white	day3	GOBP_POSITIVE_REGULATION_OF_INFLAMMASOME_MEDIATED_SIGNALING_PATHWAY	GOBP_POSITIVE_REGULATION_OF_INFLAMMASOME_MEDIATED_SIGNALING_PATHWAY	1/3	20/13324	0.00449673312996868	0.0261422348954431	0.00529195038369293	CD36	1	Pos.reg.inflammasommediatedsignalingpthwy.
t2.white.day3	t2	white	day3	GOBP_POSITIVE_REGULATION_OF_LIPID_STORAGE	GOBP_POSITIVE_REGULATION_OF_LIPID_STORAGE	1/3	20/13324	0.00449673312996868	0.0261422348954431	0.00529195038369293	CD36	1	Pos. reg. lipid storage
t2.white.day3	t2	white	day3	WP_ROLES_OF_CERAMIDES_IN_DEVELOPMENT_OF_INSULIN_RESISTANCE	WP_ROLES_OF_CERAMIDES_IN_DEVELOPMENT_OF_INSULIN_RESISTANCE	1/3	20/13324	0.00449673312996868	0.0261422348954431	0.00529195038369293	CD36	1	Rolesofceramidesindevelopmntofinslnrsstnc.
t2.white.day3	t2	white	day3	GOBP_CHOLESTEROL_STORAGE	GOBP_CHOLESTEROL_STORAGE	1/3	21/13324	0.00472121522562519	0.0261422348954431	0.00529195038369293	CD36	1	Cholesterol storage
t2.white.day3	t2	white	day3	GOMF_ISOPRENOID_BINDING	GOMF_ISOPRENOID_BINDING	1/3	21/13324	0.00472121522562519	0.0261422348954431	0.00529195038369293	RBP4	1	Isoprenoid binding
t2.white.day3	t2	white	day3	GOMF_SCAVENGER_RECEPTOR_ACTIVITY	GOMF_SCAVENGER_RECEPTOR_ACTIVITY	1/3	21/13324	0.00472121522562519	0.0261422348954431	0.00529195038369293	CD36	1	Scavenger receptor activity
t2.white.day3	t2	white	day3	GOBP_MAINTENANCE_OF_PROTEIN_LOCATION_IN_NUCLEUS	GOBP_MAINTENANCE_OF_PROTEIN_LOCATION_IN_NUCLEUS	1/3	22/13324	0.00494566357218773	0.0261422348954431	0.00529195038369293	SYNE1	1	Maintenanceofproteinlocationinnucleus.
t2.white.day3	t2	white	day3	GOBP_NEGATIVE_REGULATION_OF_CARDIAC_MUSCLE_TISSUE_GROWTH	GOBP_NEGATIVE_REGULATION_OF_CARDIAC_MUSCLE_TISSUE_GROWTH	1/3	22/13324	0.00494566357218773	0.0261422348954431	0.00529195038369293	RBP4	1	Negativregulationofcardiacmuscltissgrowth.
t2.white.day3	t2	white	day3	GOBP_POSITIVE_REGULATION_OF_MACROPHAGE_CYTOKINE_PRODUCTION	GOBP_POSITIVE_REGULATION_OF_MACROPHAGE_CYTOKINE_PRODUCTION	1/3	22/13324	0.00494566357218773	0.0261422348954431	0.00529195038369293	CD36	1	Pos. reg. macrophage cytokine production
t2.white.day3	t2	white	day3	GOBP_REGULATION_OF_CELLULAR_RESPONSE_TO_OXIDATIVE_STRESS	GOBP_REGULATION_OF_CELLULAR_RESPONSE_TO_OXIDATIVE_STRESS	1/3	22/13324	0.00494566357218773	0.0261422348954431	0.00529195038369293	CD36	1	Regulationofcellresponsetooxidativestress.
t2.white.day3	t2	white	day3	GOBP_REGULATION_OF_SUPEROXIDE_METABOLIC_PROCESS	GOBP_REGULATION_OF_SUPEROXIDE_METABOLIC_PROCESS	1/3	22/13324	0.00494566357218773	0.0261422348954431	0.00529195038369293	CD36	1	Regulationofsuperoxidemetabolicprocess.
t2.white.day3	t2	white	day3	GOBP_UTERUS_DEVELOPMENT	GOBP_UTERUS_DEVELOPMENT	1/3	22/13324	0.00494566357218773	0.0261422348954431	0.00529195038369293	RBP4	1	Uterus development
t2.white.day3	t2	white	day3	GOMF_TRANSFORMING_GROWTH_FACTOR_BETA_BINDING	GOMF_TRANSFORMING_GROWTH_FACTOR_BETA_BINDING	1/3	22/13324	0.00494566357218773	0.0261422348954431	0.00529195038369293	CD36	1	TGFb binding
t2.white.day3	t2	white	day3	GOBP_NEGATIVE_REGULATION_OF_NUCLEOCYTOPLASMIC_TRANSPORT	GOBP_NEGATIVE_REGULATION_OF_NUCLEOCYTOPLASMIC_TRANSPORT	1/3	23/13324	0.00517007817219395	0.0261422348954431	0.00529195038369293	CD36	1	Negativregulationofnucleocytoplsmctrnsprt.
t2.white.day3	t2	white	day3	GOBP_POSITIVE_REGULATION_OF_MESENCHYMAL_CELL_PROLIFERATION	GOBP_POSITIVE_REGULATION_OF_MESENCHYMAL_CELL_PROLIFERATION	1/3	23/13324	0.00517007817219395	0.0261422348954431	0.00529195038369293	SYNE1	1	Pos. reg. mesenchymal cell proliferation
t2.white.day3	t2	white	day3	GOBP_RESPONSE_TO_OXYGEN_RADICAL	GOBP_RESPONSE_TO_OXYGEN_RADICAL	1/3	23/13324	0.00517007817219395	0.0261422348954431	0.00529195038369293	CD36	1	Response to oxygen radical
t2.white.day3	t2	white	day3	GOBP_TRABECULA_FORMATION	GOBP_TRABECULA_FORMATION	1/3	23/13324	0.00517007817219395	0.0261422348954431	0.00529195038369293	RBP4	1	Trabecula formation
t2.white.day3	t2	white	day3	GOMF_PROTEIN_LIPID_COMPLEX_BINDING	GOMF_PROTEIN_LIPID_COMPLEX_BINDING	1/3	23/13324	0.00517007817219395	0.0261422348954431	0.00529195038369293	CD36	1	Protein lipid complex binding
t2.white.day3	t2	white	day3	GOBP_CGMP_MEDIATED_SIGNALING	GOBP_CGMP_MEDIATED_SIGNALING	1/3	24/13324	0.00539445902818103	0.0261422348954431	0.00529195038369293	CD36	1	Cgmp mediated signaling
t2.white.day3	t2	white	day3	GOBP_HEART_TRABECULA_MORPHOGENESIS	GOBP_HEART_TRABECULA_MORPHOGENESIS	1/3	24/13324	0.00539445902818103	0.0261422348954431	0.00529195038369293	RBP4	1	Heart trabecula morphogenesis
t2.white.day3	t2	white	day3	GOBP_INTESTINAL_ABSORPTION	GOBP_INTESTINAL_ABSORPTION	1/3	24/13324	0.00539445902818103	0.0261422348954431	0.00529195038369293	CD36	1	Intestinal absorption
t2.white.day3	t2	white	day3	GOBP_POSITIVE_REGULATION_OF_COAGULATION	GOBP_POSITIVE_REGULATION_OF_COAGULATION	1/3	25/13324	0.00561880614268573	0.0261422348954431	0.00529195038369293	CD36	1	Pos. reg. coagulation
t2.white.day3	t2	white	day3	GOBP_POSTSYNAPTIC_NEUROTRANSMITTER_RECEPTOR_INTERNALIZATION	GOBP_POSTSYNAPTIC_NEUROTRANSMITTER_RECEPTOR_INTERNALIZATION	1/3	25/13324	0.00561880614268573	0.0261422348954431	0.00529195038369293	SYNE1	1	Postsynapticneurotransmittrrcptrintrnlztn.
t2.white.day3	t2	white	day3	GOBP_REGULATION_OF_TOLL_LIKE_RECEPTOR_SIGNALING_PATHWAY	GOBP_REGULATION_OF_TOLL_LIKE_RECEPTOR_SIGNALING_PATHWAY	1/3	25/13324	0.00561880614268573	0.0261422348954431	0.00529195038369293	CD36	1	Regulationoftolllikreceptorsignalingpthwy.
t2.white.day3	t2	white	day3	GOCC_NUCLEAR_OUTER_MEMBRANE	GOCC_NUCLEAR_OUTER_MEMBRANE	1/3	25/13324	0.00561880614268573	0.0261422348954431	0.00529195038369293	SYNE1	1	Nuclear outer membrane
t2.white.day3	t2	white	day3	REACTOME_DISEASES_OF_IMMUNE_SYSTEM	REACTOME_DISEASES_OF_IMMUNE_SYSTEM	1/3	25/13324	0.00561880614268573	0.0261422348954431	0.00529195038369293	CD36	1	Diseases of immune system
t2.white.day3	t2	white	day3	GOBP_LOW_DENSITY_LIPOPROTEIN_PARTICLE_CLEARANCE	GOBP_LOW_DENSITY_LIPOPROTEIN_PARTICLE_CLEARANCE	1/3	26/13324	0.00584311951824579	0.0263536615006596	0.00533474929163149	CD36	1	Lowdensitylipoproteinparticleclearance.
t2.white.day3	t2	white	day3	GOBP_REGULATION_OF_MACROPHAGE_DERIVED_FOAM_CELL_DIFFERENTIATION	GOBP_REGULATION_OF_MACROPHAGE_DERIVED_FOAM_CELL_DIFFERENTIATION	1/3	26/13324	0.00584311951824579	0.0263536615006596	0.00533474929163149	CD36	1	Regulationofmacrophagderivedfmclldffrnttn.
t2.white.day3	t2	white	day3	GOMF_VITAMIN_TRANSMEMBRANE_TRANSPORTER_ACTIVITY	GOMF_VITAMIN_TRANSMEMBRANE_TRANSPORTER_ACTIVITY	1/3	26/13324	0.00584311951824579	0.0263536615006596	0.00533474929163149	RBP4	1	Vitamintransmembranetransporteractivity.
t2.white.day3	t2	white	day3	GOBP_NEUROTRANSMITTER_RECEPTOR_INTERNALIZATION	GOBP_NEUROTRANSMITTER_RECEPTOR_INTERNALIZATION	1/3	27/13324	0.00606739915739818	0.0270887921976767	0.00548356117361877	SYNE1	1	Neurotransmitter receptor internalization
t2.white.day3	t2	white	day3	GOBP_POSITIVE_REGULATION_OF_INTERLEUKIN_12_PRODUCTION	GOBP_POSITIVE_REGULATION_OF_INTERLEUKIN_12_PRODUCTION	1/3	29/13324	0.00651585723662729	0.0273567445075658	0.00553780253189591	CD36	1	Pos. reg. interleukin 12 production
t2.white.day3	t2	white	day3	GOMF_ORGANIC_HYDROXY_COMPOUND_TRANSMEMBRANE_TRANSPORTER_ACTIVITY	GOMF_ORGANIC_HYDROXY_COMPOUND_TRANSMEMBRANE_TRANSPORTER_ACTIVITY	1/3	29/13324	0.00651585723662729	0.0273567445075658	0.00553780253189591	RBP4	1	Organichydrxycmpndtrnsmmbrntrnsprtractvty.
t2.white.day3	t2	white	day3	REACTOME_MEIOTIC_SYNAPSIS	REACTOME_MEIOTIC_SYNAPSIS	1/3	29/13324	0.00651585723662729	0.0273567445075658	0.00553780253189591	SYNE1	1	Meiotic synapsis
t2.white.day3	t2	white	day3	GOBP_AMYLOID_BETA_CLEARANCE	GOBP_AMYLOID_BETA_CLEARANCE	1/3	30/13324	0.00674003568177906	0.0273567445075658	0.00553780253189591	CD36	1	Amyloid beta clearance
t2.white.day3	t2	white	day3	GOBP_POSITIVE_REGULATION_OF_NITRIC_OXIDE_METABOLIC_PROCESS	GOBP_POSITIVE_REGULATION_OF_NITRIC_OXIDE_METABOLIC_PROCESS	1/3	30/13324	0.00674003568177906	0.0273567445075658	0.00553780253189591	CD36	1	Pos. reg. nitric oxide metabolic process
t2.white.day3	t2	white	day3	GOBP_REGULATION_OF_MESENCHYMAL_CELL_PROLIFERATION	GOBP_REGULATION_OF_MESENCHYMAL_CELL_PROLIFERATION	1/3	30/13324	0.00674003568177906	0.0273567445075658	0.00553780253189591	SYNE1	1	Regulationofmesenchymalcellproliferation.
t2.white.day3	t2	white	day3	GOMF_PROTEIN_MEMBRANE_ADAPTOR_ACTIVITY	GOMF_PROTEIN_MEMBRANE_ADAPTOR_ACTIVITY	1/3	30/13324	0.00674003568177906	0.0273567445075658	0.00553780253189591	SYNE1	1	Protein membrane adaptor activity
t2.white.day3	t2	white	day3	WP_ENTEROCYTE_CHOLESTEROL_METABOLISM	WP_ENTEROCYTE_CHOLESTEROL_METABOLISM	1/3	30/13324	0.00674003568177906	0.0273567445075658	0.00553780253189591	CD36	1	Enterocyte cholesterol metabolism
t2.white.day3	t2	white	day3	GOBP_CELLULAR_RESPONSE_TO_LIPOPROTEIN_PARTICLE_STIMULUS	GOBP_CELLULAR_RESPONSE_TO_LIPOPROTEIN_PARTICLE_STIMULUS	1/3	31/13324	0.00696418040067126	0.0273567445075658	0.00553780253189591	CD36	1	Cellresponsetolipoproteinparticlestimulus.
t2.white.day3	t2	white	day3	GOBP_NEGATIVE_REGULATION_OF_ORGAN_GROWTH	GOBP_NEGATIVE_REGULATION_OF_ORGAN_GROWTH	1/3	31/13324	0.00696418040067126	0.0273567445075658	0.00553780253189591	RBP4	1	Negative regulation of organ growth
t2.white.day3	t2	white	day3	GOBP_POSITIVE_REGULATION_OF_MYELOID_LEUKOCYTE_CYTOKINE_PRODUCTION_INVOLVED_IN_IMMUNE_RESPONSE	GOBP_POSITIVE_REGULATION_OF_MYELOID_LEUKOCYTE_CYTOKINE_PRODUCTION_INVOLVED_IN_IMMUNE_RESPONSE	1/3	31/13324	0.00696418040067126	0.0273567445075658	0.00553780253189591	CD36	1	Ps.rg.myldlkcytcytknprdctninvlvdinimmnrsp.
t2.white.day3	t2	white	day3	GOBP_REGULATION_OF_REACTIVE_OXYGEN_SPECIES_BIOSYNTHETIC_PROCESS	GOBP_REGULATION_OF_REACTIVE_OXYGEN_SPECIES_BIOSYNTHETIC_PROCESS	1/3	31/13324	0.00696418040067126	0.0273567445075658	0.00553780253189591	CD36	1	Regulationofreactivoxygnspcsbsynthtcprcss.
t2.white.day3	t2	white	day3	GOCC_BRUSH_BORDER_MEMBRANE	GOCC_BRUSH_BORDER_MEMBRANE	1/3	31/13324	0.00696418040067126	0.0273567445075658	0.00553780253189591	CD36	1	Brush border membrane
t2.white.day3	t2	white	day3	GOBP_NEGATIVE_REGULATION_OF_INTRACELLULAR_PROTEIN_TRANSPORT	GOBP_NEGATIVE_REGULATION_OF_INTRACELLULAR_PROTEIN_TRANSPORT	1/3	32/13324	0.00718829139584154	0.0273567445075658	0.00553780253189591	CD36	1	Negativregulationofintracelllrprtntrnsprt.
t2.white.day3	t2	white	day3	GOBP_REGULATION_OF_INFLAMMASOME_MEDIATED_SIGNALING_PATHWAY	GOBP_REGULATION_OF_INFLAMMASOME_MEDIATED_SIGNALING_PATHWAY	1/3	32/13324	0.00718829139584154	0.0273567445075658	0.00553780253189591	CD36	1	Regulationofinflammasommediatdsgnlngpthwy.
t2.white.day3	t2	white	day3	GOBP_REGULATION_OF_RESPONSE_TO_OXIDATIVE_STRESS	GOBP_REGULATION_OF_RESPONSE_TO_OXIDATIVE_STRESS	1/3	32/13324	0.00718829139584154	0.0273567445075658	0.00553780253189591	CD36	1	Regulationofresponsetooxidativestress.
t2.white.day3	t2	white	day3	WP_METABOLIC_PATHWAYS_OF_FIBROBLASTS	WP_METABOLIC_PATHWAYS_OF_FIBROBLASTS	1/3	32/13324	0.00718829139584154	0.0273567445075658	0.00553780253189591	CD36	1	Metabolic pathways of fibroblasts
t2.white.day3	t2	white	day3	GOBP_FOAM_CELL_DIFFERENTIATION	GOBP_FOAM_CELL_DIFFERENTIATION	1/3	33/13324	0.00741236866982697	0.0273567445075658	0.00553780253189591	CD36	1	Foam cell differentiation
t2.white.day3	t2	white	day3	GOBP_MACROPHAGE_CYTOKINE_PRODUCTION	GOBP_MACROPHAGE_CYTOKINE_PRODUCTION	1/3	33/13324	0.00741236866982697	0.0273567445075658	0.00553780253189591	CD36	1	Macrophage cytokine production
t2.white.day3	t2	white	day3	WP_GENES_CONTROLLING_NEPHROGENESIS	WP_GENES_CONTROLLING_NEPHROGENESIS	1/3	33/13324	0.00741236866982697	0.0273567445075658	0.00553780253189591	CD36	1	Genes controlling nephrogenesis
t2.white.day3	t2	white	day3	GOBP_AMYLOID_FIBRIL_FORMATION	GOBP_AMYLOID_FIBRIL_FORMATION	1/3	34/13324	0.00763641222516431	0.0273567445075658	0.00553780253189591	CD36	1	Amyloid fibril formation
t2.white.day3	t2	white	day3	GOBP_GENITALIA_DEVELOPMENT	GOBP_GENITALIA_DEVELOPMENT	1/3	34/13324	0.00763641222516431	0.0273567445075658	0.00553780253189591	RBP4	1	Genitalia development
t2.white.day3	t2	white	day3	GOBP_NEGATIVE_REGULATION_OF_PROTEIN_LOCALIZATION_TO_NUCLEUS	GOBP_NEGATIVE_REGULATION_OF_PROTEIN_LOCALIZATION_TO_NUCLEUS	1/3	34/13324	0.00763641222516431	0.0273567445075658	0.00553780253189591	CD36	1	Negativregulationofproteinlocalizatntncls.
t2.white.day3	t2	white	day3	GOBP_REGULATION_OF_CARDIAC_MUSCLE_CELL_PROLIFERATION	GOBP_REGULATION_OF_CARDIAC_MUSCLE_CELL_PROLIFERATION	1/3	34/13324	0.00763641222516431	0.0273567445075658	0.00553780253189591	RBP4	1	Regulationofcardiacmusclcellproliferation.
t2.white.day3	t2	white	day3	GOBP_INFLAMMASOME_MEDIATED_SIGNALING_PATHWAY	GOBP_INFLAMMASOME_MEDIATED_SIGNALING_PATHWAY	1/3	35/13324	0.00786042206439108	0.0273567445075658	0.00553780253189591	CD36	1	Inflammasome mediated signaling pathway
t2.white.day3	t2	white	day3	GOBP_MODULATION_OF_EXCITATORY_POSTSYNAPTIC_POTENTIAL	GOBP_MODULATION_OF_EXCITATORY_POSTSYNAPTIC_POTENTIAL	1/3	35/13324	0.00786042206439108	0.0273567445075658	0.00553780253189591	SYNE1	1	Modulationofexcitatorypostsynapticpotentl.
t2.white.day3	t2	white	day3	GOBP_PHAGOCYTOSIS_ENGULFMENT	GOBP_PHAGOCYTOSIS_ENGULFMENT	1/3	35/13324	0.00786042206439108	0.0273567445075658	0.00553780253189591	CD36	1	Phagocytosis engulfment
t2.white.day3	t2	white	day3	GOBP_RETINOL_METABOLIC_PROCESS	GOBP_RETINOL_METABOLIC_PROCESS	1/3	35/13324	0.00786042206439108	0.0273567445075658	0.00553780253189591	RBP4	1	Retinol metabolic process
t2.white.day3	t2	white	day3	GOBP_CELLULAR_RESPONSE_TO_AMYLOID_BETA	GOBP_CELLULAR_RESPONSE_TO_AMYLOID_BETA	1/3	36/13324	0.00808439819004447	0.0274869538461512	0.00556416069760146	CD36	1	Cell response to amyloid beta
t2.white.day3	t2	white	day3	GOBP_PLASMA_LIPOPROTEIN_PARTICLE_CLEARANCE	GOBP_PLASMA_LIPOPROTEIN_PARTICLE_CLEARANCE	1/3	36/13324	0.00808439819004447	0.0274869538461512	0.00556416069760146	CD36	1	Plasma lipoprotein particle clearance
t2.white.day3	t2	white	day3	GOBP_SENSORY_PERCEPTION_OF_CHEMICAL_STIMULUS	GOBP_SENSORY_PERCEPTION_OF_CHEMICAL_STIMULUS	1/3	36/13324	0.00808439819004447	0.0274869538461512	0.00556416069760146	CD36	1	Sensory perception of chemical stimulus
t2.white.day3	t2	white	day3	REACTOME_METABOLISM_OF_FAT_SOLUBLE_VITAMINS	REACTOME_METABOLISM_OF_FAT_SOLUBLE_VITAMINS	1/3	37/13324	0.00830834060466146	0.0280327217348119	0.00567464002728987	RBP4	1	Metabolism of fat soluble vitamins
t2.white.day3	t2	white	day3	GOBP_APOPTOTIC_CELL_CLEARANCE	GOBP_APOPTOTIC_CELL_CLEARANCE	1/3	38/13324	0.00853224931077923	0.0281436880251076	0.00569710283909061	CD36	1	Apoptotic cell clearance
t2.white.day3	t2	white	day3	GOBP_REACTIVE_OXYGEN_SPECIES_BIOSYNTHETIC_PROCESS	GOBP_REACTIVE_OXYGEN_SPECIES_BIOSYNTHETIC_PROCESS	1/3	38/13324	0.00853224931077923	0.0281436880251076	0.00569710283909061	CD36	1	Reactiveoxygenspeciesbiosyntheticprocess.
t2.white.day3	t2	white	day3	GOBP_REGULATION_OF_ACTION_POTENTIAL	GOBP_REGULATION_OF_ACTION_POTENTIAL	1/3	38/13324	0.00853224931077923	0.0281436880251076	0.00569710283909061	CD36	1	Regulation of action potential
t2.white.day3	t2	white	day3	GOBP_MESENCHYMAL_CELL_PROLIFERATION	GOBP_MESENCHYMAL_CELL_PROLIFERATION	1/3	39/13324	0.00875612431093487	0.0282496857330891	0.0057185598649978	SYNE1	1	Mesenchymal cell proliferation
t2.white.day3	t2	white	day3	GOBP_POSITIVE_REGULATION_OF_IMMUNOGLOBULIN_PRODUCTION	GOBP_POSITIVE_REGULATION_OF_IMMUNOGLOBULIN_PRODUCTION	1/3	39/13324	0.00875612431093487	0.0282496857330891	0.0057185598649978	RBP4	1	Pos. reg. immunoglobulin production
t2.white.day3	t2	white	day3	GOBP_TRABECULA_MORPHOGENESIS	GOBP_TRABECULA_MORPHOGENESIS	1/3	39/13324	0.00875612431093487	0.0282496857330891	0.0057185598649978	RBP4	1	Trabecula morphogenesis
t2.white.day3	t2	white	day3	GOBP_MAINTENANCE_OF_PROTEIN_LOCALIZATION_IN_ORGANELLE	GOBP_MAINTENANCE_OF_PROTEIN_LOCALIZATION_IN_ORGANELLE	1/3	40/13324	0.00897996560766556	0.0285549985509941	0.0057803640791486	SYNE1	1	Maintenancofproteinlocalizationinorganell.
t2.white.day3	t2	white	day3	WP_ENVELOPE_PROTEINS_AND_THEIR_POTENTIAL_ROLES_IN_EDMD_PHYSIOPATHOLOGY	WP_ENVELOPE_PROTEINS_AND_THEIR_POTENTIAL_ROLES_IN_EDMD_PHYSIOPATHOLOGY	1/3	40/13324	0.00897996560766556	0.0285549985509941	0.0057803640791486	SYNE1	1	Envelpprtnsandthrptntlrlsinedmdphyspthlgy.
t2.white.day3	t2	white	day3	GOBP_LIPOPOLYSACCHARIDE_MEDIATED_SIGNALING_PATHWAY	GOBP_LIPOPOLYSACCHARIDE_MEDIATED_SIGNALING_PATHWAY	1/3	41/13324	0.00920377320350829	0.0286483644785258	0.00579926406447891	CD36	1	Lipopolysaccharidmediatedsignalingpathway.
t2.white.day3	t2	white	day3	GOBP_RETINA_MORPHOGENESIS_IN_CAMERA_TYPE_EYE	GOBP_RETINA_MORPHOGENESIS_IN_CAMERA_TYPE_EYE	1/3	41/13324	0.00920377320350829	0.0286483644785258	0.00579926406447891	RBP4	1	Retina morphogenesis in camera type eye
t2.white.day3	t2	white	day3	REACTOME_BINDING_AND_UPTAKE_OF_LIGANDS_BY_SCAVENGER_RECEPTORS	REACTOME_BINDING_AND_UPTAKE_OF_LIGANDS_BY_SCAVENGER_RECEPTORS	1/3	41/13324	0.00920377320350829	0.0286483644785258	0.00579926406447891	CD36	1	Bindinganduptakofligandsbyscavengerrcptrs.
t2.white.day3	t2	white	day3	GOBP_POSITIVE_REGULATION_OF_INTERLEUKIN_1_BETA_PRODUCTION	GOBP_POSITIVE_REGULATION_OF_INTERLEUKIN_1_BETA_PRODUCTION	1/3	42/13324	0.00942754710100058	0.0287377642664983	0.00581736118755027	CD36	1	Pos. reg. interleukin 1 beta production
t2.white.day3	t2	white	day3	GOBP_POSITIVE_REGULATION_OF_RECEPTOR_MEDIATED_ENDOCYTOSIS	GOBP_POSITIVE_REGULATION_OF_RECEPTOR_MEDIATED_ENDOCYTOSIS	1/3	42/13324	0.00942754710100058	0.0287377642664983	0.00581736118755027	SYNE1	1	Pos. reg. receptor mediated endocytosis
t2.white.day3	t2	white	day3	GOBP_RESPONSE_TO_AMYLOID_BETA	GOBP_RESPONSE_TO_AMYLOID_BETA	1/3	42/13324	0.00942754710100058	0.0287377642664983	0.00581736118755027	CD36	1	Response to amyloid beta
t2.white.day3	t2	white	day3	GOBP_INTERLEUKIN_12_PRODUCTION	GOBP_INTERLEUKIN_12_PRODUCTION	1/3	43/13324	0.00965128730267939	0.0290195169237027	0.00587439613840135	CD36	1	Interleukin 12 production
t2.white.day3	t2	white	day3	WP_ARYL_HYDROCARBON_RECEPTOR_PATHWAY_WP2586	WP_ARYL_HYDROCARBON_RECEPTOR_PATHWAY_WP2586	1/3	43/13324	0.00965128730267939	0.0290195169237027	0.00587439613840135	CD36	1	Aryl hydrocarbon receptor pathway wp2586
t2.white.day3	t2	white	day3	GOBP_MYELOID_LEUKOCYTE_CYTOKINE_PRODUCTION	GOBP_MYELOID_LEUKOCYTE_CYTOKINE_PRODUCTION	1/3	44/13324	0.0098749938110817	0.0292465329815838	0.00592035080598861	CD36	1	Myeloid leukocyte cytokine production
t2.white.day3	t2	white	day3	GOBP_NEGATIVE_REGULATION_OF_INTRACELLULAR_TRANSPORT	GOBP_NEGATIVE_REGULATION_OF_INTRACELLULAR_TRANSPORT	1/3	44/13324	0.0098749938110817	0.0292465329815838	0.00592035080598861	CD36	1	Negativregulationofintracellulartransport.
t2.white.day3	t2	white	day3	GOBP_POSITIVE_REGULATION_OF_PHAGOCYTOSIS	GOBP_POSITIVE_REGULATION_OF_PHAGOCYTOSIS	1/3	45/13324	0.0100986666287449	0.0292465329815838	0.00592035080598861	CD36	1	Pos. reg. phagocytosis
t2.white.day3	t2	white	day3	GOBP_REGULATION_OF_LIPID_STORAGE	GOBP_REGULATION_OF_LIPID_STORAGE	1/3	45/13324	0.0100986666287449	0.0292465329815838	0.00592035080598861	CD36	1	Regulation of lipid storage
t2.white.day3	t2	white	day3	GOBP_CARDIAC_MUSCLE_CELL_PROLIFERATION	GOBP_CARDIAC_MUSCLE_CELL_PROLIFERATION	1/3	46/13324	0.010322305758206	0.0292465329815838	0.00592035080598861	RBP4	1	Cardiac muscle cell proliferation
t2.white.day3	t2	white	day3	GOBP_LONG_CHAIN_FATTY_ACID_TRANSPORT	GOBP_LONG_CHAIN_FATTY_ACID_TRANSPORT	1/3	46/13324	0.010322305758206	0.0292465329815838	0.00592035080598861	CD36	1	Long chain fatty acid transport
t2.white.day3	t2	white	day3	GOBP_RESPONSE_TO_FATTY_ACID	GOBP_RESPONSE_TO_FATTY_ACID	1/3	46/13324	0.010322305758206	0.0292465329815838	0.00592035080598861	CD36	1	Response to fatty acid
t2.white.day3	t2	white	day3	GOMF_MONOCARBOXYLIC_ACID_TRANSMEMBRANE_TRANSPORTER_ACTIVITY	GOMF_MONOCARBOXYLIC_ACID_TRANSMEMBRANE_TRANSPORTER_ACTIVITY	1/3	46/13324	0.010322305758206	0.0292465329815838	0.00592035080598861	CD36	1	Monocarboxylicacidtrnsmmbrntrnsprtractvty.
t2.white.day3	t2	white	day3	KEGG_HEMATOPOIETIC_CELL_LINEAGE	KEGG_HEMATOPOIETIC_CELL_LINEAGE	1/3	46/13324	0.010322305758206	0.0292465329815838	0.00592035080598861	CD36	1	Hematopoietic cell lineage
t2.white.day3	t2	white	day3	GOBP_DEFENSE_RESPONSE_TO_GRAM_POSITIVE_BACTERIUM	GOBP_DEFENSE_RESPONSE_TO_GRAM_POSITIVE_BACTERIUM	1/3	47/13324	0.010545911202002	0.0295018528562334	0.00597203499114037	CD36	1	Defenseresponsetogrampositivebacterium.
t2.white.day3	t2	white	day3	GOBP_POSITIVE_REGULATION_OF_CELL_MATRIX_ADHESION	GOBP_POSITIVE_REGULATION_OF_CELL_MATRIX_ADHESION	1/3	47/13324	0.010545911202002	0.0295018528562334	0.00597203499114037	CD36	1	Pos. reg. cell matrix adhesion
t2.white.day3	t2	white	day3	GOBP_POSITIVE_REGULATION_OF_WOUND_HEALING	GOBP_POSITIVE_REGULATION_OF_WOUND_HEALING	1/3	48/13324	0.0107694829626704	0.0299378079842788	0.00606028501706049	CD36	1	Pos. reg. wound healing
t2.white.day3	t2	white	day3	GOBP_SUPEROXIDE_METABOLIC_PROCESS	GOBP_SUPEROXIDE_METABOLIC_PROCESS	1/3	50/13324	0.0112165254447724	0.0309856515411837	0.0062723990974056	CD36	1	Superoxide metabolic process
t2.white.day3	t2	white	day3	GOBP_MEMBRANE_INVAGINATION	GOBP_MEMBRANE_INVAGINATION	1/3	51/13324	0.0114399961712804	0.0310213393110795	0.00627962334232378	CD36	1	Membrane invagination
t2.white.day3	t2	white	day3	GOBP_POSITIVE_REGULATION_OF_INTERLEUKIN_1_PRODUCTION	GOBP_POSITIVE_REGULATION_OF_INTERLEUKIN_1_PRODUCTION	1/3	51/13324	0.0114399961712804	0.0310213393110795	0.00627962334232378	CD36	1	Pos. reg. interleukin 1 production
t2.white.day3	t2	white	day3	GOBP_REGULATION_OF_NITRIC_OXIDE_METABOLIC_PROCESS	GOBP_REGULATION_OF_NITRIC_OXIDE_METABOLIC_PROCESS	1/3	51/13324	0.0114399961712804	0.0310213393110795	0.00627962334232378	CD36	1	Regulationofnitricoxidemetabolicprocess.
t2.white.day3	t2	white	day3	GOBP_REGULATION_OF_HEART_GROWTH	GOBP_REGULATION_OF_HEART_GROWTH	1/3	52/13324	0.0116634332248089	0.0312438635476699	0.00632466873434613	RBP4	1	Regulation of heart growth
t2.white.day3	t2	white	day3	REACTOME_MEIOSIS	REACTOME_MEIOSIS	1/3	52/13324	0.0116634332248089	0.0312438635476699	0.00632466873434613	SYNE1	1	Meiosis
t2.white.day3	t2	white	day3	GOBP_REGULATION_OF_COAGULATION	GOBP_REGULATION_OF_COAGULATION	1/3	53/13324	0.0118868366078957	0.0316504926547584	0.00640698231877701	CD36	1	Regulation of coagulation
t2.white.day3	t2	white	day3	GOBP_REGULATION_OF_DENDRITE_MORPHOGENESIS	GOBP_REGULATION_OF_DENDRITE_MORPHOGENESIS	1/3	54/13324	0.0121102063230775	0.0316728473065103	0.00641150755192516	SYNE1	1	Regulation of dendrite morphogenesis
t2.white.day3	t2	white	day3	GOBP_REGULATION_OF_IMMUNOGLOBULIN_PRODUCTION	GOBP_REGULATION_OF_IMMUNOGLOBULIN_PRODUCTION	1/3	54/13324	0.0121102063230775	0.0316728473065103	0.00641150755192516	RBP4	1	Regulation of immunoglobulin production
t2.white.day3	t2	white	day3	GOBP_REGULATION_OF_PROTEIN_IMPORT_INTO_NUCLEUS	GOBP_REGULATION_OF_PROTEIN_IMPORT_INTO_NUCLEUS	1/3	54/13324	0.0121102063230775	0.0316728473065103	0.00641150755192516	CD36	1	Regulation of protein import into nucleus
t2.white.day3	t2	white	day3	GOBP_POSITIVE_REGULATION_OF_REACTIVE_OXYGEN_SPECIES_METABOLIC_PROCESS	GOBP_POSITIVE_REGULATION_OF_REACTIVE_OXYGEN_SPECIES_METABOLIC_PROCESS	1/3	55/13324	0.0123335423728913	0.0318796826246664	0.00645337704952762	CD36	1	Pos.reg.reactivoxygenspeciesmetabolcprcss.
t2.white.day3	t2	white	day3	WP_PPAR_SIGNALING	WP_PPAR_SIGNALING	1/3	55/13324	0.0123335423728913	0.0318796826246664	0.00645337704952762	CD36	1	Ppar signaling
t2.white.day3	t2	white	day3	GOMF_CARGO_RECEPTOR_ACTIVITY	GOMF_CARGO_RECEPTOR_ACTIVITY	1/3	56/13324	0.0125568447598745	0.0322681708364217	0.00653201838793962	CD36	1	Cargo receptor activity
t2.white.day3	t2	white	day3	GOBP_REGULATION_OF_RECEPTOR_INTERNALIZATION	GOBP_REGULATION_OF_RECEPTOR_INTERNALIZATION	1/3	57/13324	0.0127801134865645	0.0324644262129972	0.00657174619696299	SYNE1	1	Regulation of receptor internalization
t2.white.day3	t2	white	day3	REACTOME_REGULATION_OF_INSULIN_SECRETION	REACTOME_REGULATION_OF_INSULIN_SECRETION	1/3	57/13324	0.0127801134865645	0.0324644262129972	0.00657174619696299	CD36	1	Regulation of insulin secretion
t2.white.day3	t2	white	day3	GOBP_DITERPENOID_METABOLIC_PROCESS	GOBP_DITERPENOID_METABOLIC_PROCESS	1/3	58/13324	0.0130033485554978	0.0324716387657063	0.00657320622787578	RBP4	1	Diterpenoid metabolic process
t2.white.day3	t2	white	day3	KEGG_ADIPOCYTOKINE_SIGNALING_PATHWAY	KEGG_ADIPOCYTOKINE_SIGNALING_PATHWAY	1/3	58/13324	0.0130033485554978	0.0324716387657063	0.00657320622787578	CD36	1	Adipocytokine signaling pathway
t2.white.day3	t2	white	day3	KEGG_PPAR_SIGNALING_PATHWAY	KEGG_PPAR_SIGNALING_PATHWAY	1/3	58/13324	0.0130033485554978	0.0324716387657063	0.00657320622787578	CD36	1	Ppar signaling pathway
t2.white.day3	t2	white	day3	GOBP_POSITIVE_REGULATION_OF_RESPONSE_TO_WOUNDING	GOBP_POSITIVE_REGULATION_OF_RESPONSE_TO_WOUNDING	1/3	59/13324	0.013226549969212	0.0328434555415265	0.00664847278168552	CD36	1	Pos. reg. response to wounding
t2.white.day3	t2	white	day3	GOBP_MAINTENANCE_OF_PROTEIN_LOCATION_IN_CELL	GOBP_MAINTENANCE_OF_PROTEIN_LOCATION_IN_CELL	1/3	60/13324	0.0134497177302442	0.0328440620815907	0.00664859556307505	SYNE1	1	Maintenance of protein location in cell
t2.white.day3	t2	white	day3	GOBP_POSITIVE_REGULATION_OF_PATTERN_RECOGNITION_RECEPTOR_SIGNALING_PATHWAY	GOBP_POSITIVE_REGULATION_OF_PATTERN_RECOGNITION_RECEPTOR_SIGNALING_PATHWAY	1/3	60/13324	0.0134497177302442	0.0328440620815907	0.00664859556307505	CD36	1	Pos.reg.patternrecognitinrcptrsgnlngpthwy.
t2.white.day3	t2	white	day3	WP_CHOLESTEROL_METABOLISM	WP_CHOLESTEROL_METABOLISM	1/3	60/13324	0.0134497177302442	0.0328440620815907	0.00664859556307505	CD36	1	Cholesterol metabolism
t2.white.day3	t2	white	day3	GOBP_TOLL_LIKE_RECEPTOR_SIGNALING_PATHWAY	GOBP_TOLL_LIKE_RECEPTOR_SIGNALING_PATHWAY	1/3	61/13324	0.0136728518411315	0.0332054973284623	0.00672176059280614	CD36	1	Toll like receptor signaling pathway
t2.white.day3	t2	white	day3	GOMF_AMYLOID_BETA_BINDING	GOMF_AMYLOID_BETA_BINDING	1/3	62/13324	0.0138959523044113	0.0333722270171016	0.00675551154192341	CD36	1	Amyloid beta binding
t2.white.day3	t2	white	day3	REACTOME_VISUAL_PHOTOTRANSDUCTION	REACTOME_VISUAL_PHOTOTRANSDUCTION	1/3	62/13324	0.0138959523044113	0.0333722270171016	0.00675551154192341	RBP4	1	Visual phototransduction
t2.white.day3	t2	white	day3	GOBP_POSITIVE_REGULATION_OF_CYTOKINE_PRODUCTION_INVOLVED_IN_IMMUNE_RESPONSE	GOBP_POSITIVE_REGULATION_OF_CYTOKINE_PRODUCTION_INVOLVED_IN_IMMUNE_RESPONSE	1/3	63/13324	0.0141190191226199	0.0333722270171016	0.00675551154192341	CD36	1	Pos.reg.cytokinproductininvlvdinimmnrspns.
t2.white.day3	t2	white	day3	GOBP_POSITIVE_REGULATION_OF_INSULIN_SECRETION	GOBP_POSITIVE_REGULATION_OF_INSULIN_SECRETION	1/3	63/13324	0.0141190191226199	0.0333722270171016	0.00675551154192341	RBP4	1	Pos. reg. insulin secretion
t2.white.day3	t2	white	day3	GOBP_REGULATION_OF_PLASMA_LIPOPROTEIN_PARTICLE_LEVELS	GOBP_REGULATION_OF_PLASMA_LIPOPROTEIN_PARTICLE_LEVELS	1/3	63/13324	0.0141190191226199	0.0333722270171016	0.00675551154192341	CD36	1	Regulationofplasmlipoproteinparticllevels.
t2.white.day3	t2	white	day3	GOBP_ENERGY_HOMEOSTASIS	GOBP_ENERGY_HOMEOSTASIS	1/3	64/13324	0.0143420522982958	0.0335406725706176	0.00678960983210883	CD36	1	Energy homeostasis
t2.white.day3	t2	white	day3	GOBP_STRIATED_MUSCLE_CELL_PROLIFERATION	GOBP_STRIATED_MUSCLE_CELL_PROLIFERATION	1/3	64/13324	0.0143420522982958	0.0335406725706176	0.00678960983210883	RBP4	1	Striated muscle cell proliferation
t2.white.day3	t2	white	day3	GOBP_TERPENOID_METABOLIC_PROCESS	GOBP_TERPENOID_METABOLIC_PROCESS	1/3	66/13324	0.0147880177321946	0.0339893901658813	0.00688044335341727	RBP4	1	Terpenoid metabolic process
t2.white.day3	t2	white	day3	GOCC_BRUSH_BORDER	GOCC_BRUSH_BORDER	1/3	66/13324	0.0147880177321946	0.0339893901658813	0.00688044335341727	CD36	1	Brush border
t2.white.day3	t2	white	day3	GOCC_SPECIFIC_GRANULE_MEMBRANE	GOCC_SPECIFIC_GRANULE_MEMBRANE	1/3	66/13324	0.0147880177321946	0.0339893901658813	0.00688044335341727	CD36	1	Specific granule membrane
t2.white.day3	t2	white	day3	WP_STEROL_REGULATORY_ELEMENTBINDING_PROTEINS_SREBP_SIGNALING	WP_STEROL_REGULATORY_ELEMENTBINDING_PROTEINS_SREBP_SIGNALING	1/3	67/13324	0.0150109499954925	0.0339893901658813	0.00688044335341727	RBP4	1	Sterolregulatoryelmntbndngprtnssrbpsgnlng.
t2.white.day3	t2	white	day3	GOBP_REACTIVE_NITROGEN_SPECIES_METABOLIC_PROCESS	GOBP_REACTIVE_NITROGEN_SPECIES_METABOLIC_PROCESS	1/3	68/13324	0.0152338486264055	0.0339893901658813	0.00688044335341727	CD36	1	Reactivenitrogenspeciesmetabolicprocess.
t2.white.day3	t2	white	day3	GOBP_REGULATION_OF_PHAGOCYTOSIS	GOBP_REGULATION_OF_PHAGOCYTOSIS	1/3	68/13324	0.0152338486264055	0.0339893901658813	0.00688044335341727	CD36	1	Regulation of phagocytosis
t2.white.day3	t2	white	day3	GOCC_CAVEOLA	GOCC_CAVEOLA	1/3	68/13324	0.0152338486264055	0.0339893901658813	0.00688044335341727	CD36	1	Caveola
t2.white.day3	t2	white	day3	GOMF_ALCOHOL_BINDING	GOMF_ALCOHOL_BINDING	1/3	68/13324	0.0152338486264055	0.0339893901658813	0.00688044335341727	RBP4	1	Alcohol binding
t2.white.day3	t2	white	day3	HALLMARK_IL6_JAK_STAT3_SIGNALING	HALLMARK_IL6_JAK_STAT3_SIGNALING	1/3	68/13324	0.0152338486264055	0.0339893901658813	0.00688044335341727	CD36	1	Il6 jak stat3 signaling
t2.white.day3	t2	white	day3	GOBP_CHEMICAL_SYNAPTIC_TRANSMISSION_POSTSYNAPTIC	GOBP_CHEMICAL_SYNAPTIC_TRANSMISSION_POSTSYNAPTIC	1/3	69/13324	0.0154567136274709	0.0339893901658813	0.00688044335341727	SYNE1	1	Chemicalsynaptictransmissionpostsynaptic.
t2.white.day3	t2	white	day3	GOCC_PLATELET_ALPHA_GRANULE	GOCC_PLATELET_ALPHA_GRANULE	1/3	69/13324	0.0154567136274709	0.0339893901658813	0.00688044335341727	CD36	1	Platelet alpha granule
t2.white.day3	t2	white	day3	KEGG_ECM_RECEPTOR_INTERACTION	KEGG_ECM_RECEPTOR_INTERACTION	1/3	69/13324	0.0154567136274709	0.0339893901658813	0.00688044335341727	CD36	1	ECM receptor interaction
t2.white.day3	t2	white	day3	GOBP_PRODUCTION_OF_MOLECULAR_MEDIATOR_INVOLVED_IN_INFLAMMATORY_RESPONSE	GOBP_PRODUCTION_OF_MOLECULAR_MEDIATOR_INVOLVED_IN_INFLAMMATORY_RESPONSE	1/3	70/13324	0.0156795450012253	0.0343087073789186	0.00694508246536815	CD36	1	Productnofmlclrmdtrinvlvdininflmmtryrspns.
t2.white.day3	t2	white	day3	GOBP_PRIMARY_ALCOHOL_METABOLIC_PROCESS	GOBP_PRIMARY_ALCOHOL_METABOLIC_PROCESS	1/3	71/13324	0.0159023427502065	0.0344550759587808	0.00697471173254672	RBP4	1	Primary alcohol metabolic process
t2.white.day3	t2	white	day3	REACTOME_REPRODUCTION	REACTOME_REPRODUCTION	1/3	71/13324	0.0159023427502065	0.0344550759587808	0.00697471173254672	SYNE1	1	Reproduction
t2.white.day3	t2	white	day3	GOBP_VASCULAR_TRANSPORT	GOBP_VASCULAR_TRANSPORT	1/3	72/13324	0.0161251068769513	0.0347673036078658	0.0070379157100943	CD36	1	Vascular transport
t2.white.day3	t2	white	day3	GOBP_HEART_GROWTH	GOBP_HEART_GROWTH	1/3	73/13324	0.016347837383997	0.035076427785081	0.00710049145446984	RBP4	1	Heart growth
t2.white.day3	t2	white	day3	GOBP_REGULATION_OF_POSTSYNAPTIC_MEMBRANE_NEUROTRANSMITTER_RECEPTOR_LEVELS	GOBP_REGULATION_OF_POSTSYNAPTIC_MEMBRANE_NEUROTRANSMITTER_RECEPTOR_LEVELS	1/3	74/13324	0.0165705342738806	0.0353824934736966	0.00716244807159851	SYNE1	1	Regltnofpstsynptcmmbrnnrtrnsmttrrcptrlvls.
t2.white.day3	t2	white	day3	GOBP_REGULATION_OF_ORGAN_GROWTH	GOBP_REGULATION_OF_ORGAN_GROWTH	1/3	75/13324	0.0167931975491395	0.0356855447919215	0.00722379449229181	RBP4	1	Regulation of organ growth
t2.white.day3	t2	white	day3	GOBP_MAINTENANCE_OF_PROTEIN_LOCATION	GOBP_MAINTENANCE_OF_PROTEIN_LOCATION	1/3	76/13324	0.0170158272123103	0.0358142648944817	0.00724985119321492	SYNE1	1	Maintenance of protein location
t2.white.day3	t2	white	day3	GOBP_REGULATION_OF_NERVOUS_SYSTEM_PROCESS	GOBP_REGULATION_OF_NERVOUS_SYSTEM_PROCESS	1/3	76/13324	0.0170158272123103	0.0358142648944817	0.00724985119321492	SYNE1	1	Regulation of nervous system process
t2.white.day3	t2	white	day3	GOBP_CELLULAR_OXIDANT_DETOXIFICATION	GOBP_CELLULAR_OXIDANT_DETOXIFICATION	1/3	77/13324	0.0172384232659307	0.036110820301144	0.00730988265205344	CD36	1	Cell oxidant detoxification
t2.white.day3	t2	white	day3	GOBP_LIPID_STORAGE	GOBP_LIPID_STORAGE	1/3	79/13324	0.0176835145546684	0.0364721489830785	0.00738302610993491	CD36	1	Lipid storage
t2.white.day3	t2	white	day3	GOBP_POSITIVE_REGULATION_OF_INTERLEUKIN_6_PRODUCTION	GOBP_POSITIVE_REGULATION_OF_INTERLEUKIN_6_PRODUCTION	1/3	79/13324	0.0176835145546684	0.0364721489830785	0.00738302610993491	CD36	1	Pos. reg. interleukin 6 production
t2.white.day3	t2	white	day3	GOBP_REGULATION_OF_DENDRITE_DEVELOPMENT	GOBP_REGULATION_OF_DENDRITE_DEVELOPMENT	1/3	79/13324	0.0176835145546684	0.0364721489830785	0.00738302610993491	SYNE1	1	Regulation of dendrite development
t2.white.day3	t2	white	day3	GOBP_INTERLEUKIN_1_PRODUCTION	GOBP_INTERLEUKIN_1_PRODUCTION	1/3	80/13324	0.0179060097948598	0.0364721489830785	0.00738302610993491	CD36	1	Interleukin 1 production
t2.white.day3	t2	white	day3	GOBP_POSITIVE_REGULATION_OF_PEPTIDE_SECRETION	GOBP_POSITIVE_REGULATION_OF_PEPTIDE_SECRETION	1/3	80/13324	0.0179060097948598	0.0364721489830785	0.00738302610993491	RBP4	1	Pos. reg. peptide secretion
t2.white.day3	t2	white	day3	GOBP_REGULATION_OF_POSTSYNAPTIC_MEMBRANE_POTENTIAL	GOBP_REGULATION_OF_POSTSYNAPTIC_MEMBRANE_POTENTIAL	1/3	80/13324	0.0179060097948598	0.0364721489830785	0.00738302610993491	SYNE1	1	Regulationofpostsynapticmembranepotential.
t2.white.day3	t2	white	day3	REACTOME_TRANSCRIPTIONAL_REGULATION_OF_WHITE_ADIPOCYTE_DIFFERENTIATION	REACTOME_TRANSCRIPTIONAL_REGULATION_OF_WHITE_ADIPOCYTE_DIFFERENTIATION	1/3	82/13324	0.0183508994795739	0.037030608231472	0.00749607454078381	CD36	1	Transcriptionalregultnofwhtadpcytdffrnttn.
t2.white.day3	t2	white	day3	GOBP_FATTY_ACID_TRANSPORT	GOBP_FATTY_ACID_TRANSPORT	1/3	83/13324	0.0185732939291707	0.037030608231472	0.00749607454078381	CD36	1	Fatty acid transport
t2.white.day3	t2	white	day3	GOBP_MONOSACCHARIDE_BIOSYNTHETIC_PROCESS	GOBP_MONOSACCHARIDE_BIOSYNTHETIC_PROCESS	1/3	83/13324	0.0185732939291707	0.037030608231472	0.00749607454078381	RBP4	1	Monosaccharide biosynthetic process
t2.white.day3	t2	white	day3	GOBP_POSITIVE_REGULATION_OF_TUMOR_NECROSIS_FACTOR_SUPERFAMILY_CYTOKINE_PRODUCTION	GOBP_POSITIVE_REGULATION_OF_TUMOR_NECROSIS_FACTOR_SUPERFAMILY_CYTOKINE_PRODUCTION	1/3	83/13324	0.0185732939291707	0.037030608231472	0.00749607454078381	CD36	1	Pos.reg.tumornecrssfctrsprfmlycytknprdctn.
t2.white.day3	t2	white	day3	GOBP_NEGATIVE_REGULATION_OF_DEVELOPMENTAL_GROWTH	GOBP_NEGATIVE_REGULATION_OF_DEVELOPMENTAL_GROWTH	1/3	84/13324	0.0187956547869769	0.037030608231472	0.00749607454078381	RBP4	1	Negativeregulationofdevelopmentalgrowth.
t2.white.day3	t2	white	day3	GOBP_POSITIVE_REGULATION_OF_LIPID_LOCALIZATION	GOBP_POSITIVE_REGULATION_OF_LIPID_LOCALIZATION	1/3	84/13324	0.0187956547869769	0.037030608231472	0.00749607454078381	CD36	1	Pos. reg. lipid localization
t2.white.day3	t2	white	day3	REACTOME_INTERLEUKIN_4_AND_INTERLEUKIN_13_SIGNALING	REACTOME_INTERLEUKIN_4_AND_INTERLEUKIN_13_SIGNALING	1/3	84/13324	0.0187956547869769	0.037030608231472	0.00749607454078381	CD36	1	Interleukin4andinterleukin13signaling.
t2.white.day3	t2	white	day3	GOBP_IMMUNOGLOBULIN_PRODUCTION	GOBP_IMMUNOGLOBULIN_PRODUCTION	1/3	85/13324	0.0190179820555297	0.037030608231472	0.00749607454078381	RBP4	1	Immunoglobulin production
t2.white.day3	t2	white	day3	GOCC_PLASMA_MEMBRANE_RAFT	GOCC_PLASMA_MEMBRANE_RAFT	1/3	85/13324	0.0190179820555297	0.037030608231472	0.00749607454078381	CD36	1	Plasma membrane raft
t2.white.day3	t2	white	day3	REACTOME_INTEGRATION_OF_ENERGY_METABOLISM	REACTOME_INTEGRATION_OF_ENERGY_METABOLISM	1/3	85/13324	0.0190179820555297	0.037030608231472	0.00749607454078381	CD36	1	Integration of energy metabolism
t2.white.day3	t2	white	day3	GOBP_POSITIVE_REGULATION_OF_COLD_INDUCED_THERMOGENESIS	GOBP_POSITIVE_REGULATION_OF_COLD_INDUCED_THERMOGENESIS	1/3	87/13324	0.0194625358350234	0.037730003680177	0.00763765256683746	CD36	1	Pos. reg. cold induced thermogenesis
t2.white.day3	t2	white	day3	GOBP_RESPONSE_TO_RETINOIC_ACID	GOBP_RESPONSE_TO_RETINOIC_ACID	1/3	89/13324	0.0199069552879494	0.038423031603815	0.00777794162020546	RBP4	1	Response to retinoic acid
t2.white.day3	t2	white	day3	REACTOME_ANTIGEN_PROCESSING_CROSS_PRESENTATION	REACTOME_ANTIGEN_PROCESSING_CROSS_PRESENTATION	1/3	92/13324	0.020573332649423	0.0394487680365496	0.00798558057420032	CD36	1	Antigen processing cross presentation
t2.white.day3	t2	white	day3	GOBP_CYTOKINE_PRODUCTION_INVOLVED_IN_IMMUNE_RESPONSE	GOBP_CYTOKINE_PRODUCTION_INVOLVED_IN_IMMUNE_RESPONSE	1/3	93/13324	0.0207953912952852	0.0394487680365496	0.00798558057420032	CD36	1	Cytokineproductioninvolvedinimmunerespons.
t2.white.day3	t2	white	day3	GOBP_NEGATIVE_REGULATION_OF_VASCULATURE_DEVELOPMENT	GOBP_NEGATIVE_REGULATION_OF_VASCULATURE_DEVELOPMENT	1/3	93/13324	0.0207953912952852	0.0394487680365496	0.00798558057420032	CD36	1	Negativeregulationofvasculaturdevelopment.
t2.white.day3	t2	white	day3	GOBP_STEROL_TRANSPORT	GOBP_STEROL_TRANSPORT	1/3	93/13324	0.0207953912952852	0.0394487680365496	0.00798558057420032	CD36	1	Sterol transport
t2.white.day3	t2	white	day3	GOCC_P_BODY	GOCC_P_BODY	1/3	94/13324	0.0210174163747286	0.0396995642633763	0.0080363490411693	SYNE1	1	P body
t2.white.day3	t2	white	day3	GOBP_CELL_RECOGNITION	GOBP_CELL_RECOGNITION	1/3	95/13324	0.02123940789029	0.0399481629255667	0.00808667265699731	CD36	1	Cell recognition
t2.white.day3	t2	white	day3	GOBP_FEMALE_SEX_DIFFERENTIATION	GOBP_FEMALE_SEX_DIFFERENTIATION	1/3	97/13324	0.0216832902399151	0.04034204182059	0.00816640522684007	RBP4	1	Female sex differentiation
t2.white.day3	t2	white	day3	GOBP_REGULATION_OF_WOUND_HEALING	GOBP_REGULATION_OF_WOUND_HEALING	1/3	97/13324	0.0216832902399151	0.04034204182059	0.00816640522684007	CD36	1	Regulation of wound healing
t2.white.day3	t2	white	day3	GOBP_CARDIAC_MUSCLE_CELL_DIFFERENTIATION	GOBP_CARDIAC_MUSCLE_CELL_DIFFERENTIATION	1/3	98/13324	0.0219051810790534	0.04034204182059	0.00816640522684007	SYNE1	1	Cardiac muscle cell differentiation
t2.white.day3	t2	white	day3	GOBP_REGULATION_OF_CYTOPLASMIC_PATTERN_RECOGNITION_RECEPTOR_SIGNALING_PATHWAY	GOBP_REGULATION_OF_CYTOPLASMIC_PATTERN_RECOGNITION_RECEPTOR_SIGNALING_PATHWAY	1/3	98/13324	0.0219051810790534	0.04034204182059	0.00816640522684007	CD36	1	Rgltnofcytplsmcpttrnrcgntnrcptrsgnlngpthw.
t2.white.day3	t2	white	day3	GOBP_REGULATION_OF_RECEPTOR_MEDIATED_ENDOCYTOSIS	GOBP_REGULATION_OF_RECEPTOR_MEDIATED_ENDOCYTOSIS	1/3	98/13324	0.0219051810790534	0.04034204182059	0.00816640522684007	SYNE1	1	Regulationofreceptormediatedendocytosis.
t2.white.day3	t2	white	day3	GOBP_POSITIVE_REGULATION_OF_CYTOSOLIC_CALCIUM_ION_CONCENTRATION	GOBP_POSITIVE_REGULATION_OF_CYTOSOLIC_CALCIUM_ION_CONCENTRATION	1/3	99/13324	0.022127038364458	0.0405815392410391	0.0082148864860403	CD36	1	Pos.reg.cytosoliccalciumionconcentration.
t2.white.day3	t2	white	day3	GOBP_CAMERA_TYPE_EYE_MORPHOGENESIS	GOBP_CAMERA_TYPE_EYE_MORPHOGENESIS	1/3	100/13324	0.0223488620986665	0.0407192992229527	0.00824277312205519	RBP4	1	Camera type eye morphogenesis
t2.white.day3	t2	white	day3	GOBP_CARDIAC_CHAMBER_MORPHOGENESIS	GOBP_CARDIAC_CHAMBER_MORPHOGENESIS	1/3	101/13324	0.0225706522842158	0.0407192992229527	0.00824277312205519	RBP4	1	Cardiac chamber morphogenesis
t2.white.day3	t2	white	day3	GOBP_ISOPRENOID_METABOLIC_PROCESS	GOBP_ISOPRENOID_METABOLIC_PROCESS	1/3	101/13324	0.0225706522842158	0.0407192992229527	0.00824277312205519	RBP4	1	Isoprenoid metabolic process
t2.white.day3	t2	white	day3	GOMF_CYTOKINE_BINDING	GOMF_CYTOKINE_BINDING	1/3	101/13324	0.0225706522842158	0.0407192992229527	0.00824277312205519	CD36	1	Cytokine binding
t2.white.day3	t2	white	day3	GOBP_POSITIVE_REGULATION_OF_CELL_SUBSTRATE_ADHESION	GOBP_POSITIVE_REGULATION_OF_CELL_SUBSTRATE_ADHESION	1/3	102/13324	0.0227924089236431	0.0407548933961585	0.008249978420275	CD36	1	Pos. reg. cell substrate adhesion
t2.white.day3	t2	white	day3	GOBP_ACTION_POTENTIAL	GOBP_ACTION_POTENTIAL	1/3	103/13324	0.0230141320194857	0.0407548933961585	0.008249978420275	CD36	1	Action potential
t2.white.day3	t2	white	day3	GOBP_CELLULAR_RESPONSE_TO_TOXIC_SUBSTANCE	GOBP_CELLULAR_RESPONSE_TO_TOXIC_SUBSTANCE	1/3	103/13324	0.0230141320194857	0.0407548933961585	0.008249978420275	CD36	1	Cell response to toxic substance
t2.white.day3	t2	white	day3	GOCC_CLUSTER_OF_ACTIN_BASED_CELL_PROJECTIONS	GOCC_CLUSTER_OF_ACTIN_BASED_CELL_PROJECTIONS	1/3	103/13324	0.0230141320194857	0.0407548933961585	0.008249978420275	CD36	1	Cluster of actin based cell projections
t2.white.day3	t2	white	day3	GOBP_NEGATIVE_REGULATION_OF_ESTABLISHMENT_OF_PROTEIN_LOCALIZATION	GOBP_NEGATIVE_REGULATION_OF_ESTABLISHMENT_OF_PROTEIN_LOCALIZATION	1/3	104/13324	0.0232358215742804	0.0407548933961585	0.008249978420275	CD36	1	Negativregulationofestblshmntofprtnlclztn.
t2.white.day3	t2	white	day3	GOBP_POSITIVE_REGULATION_OF_HORMONE_SECRETION	GOBP_POSITIVE_REGULATION_OF_HORMONE_SECRETION	1/3	104/13324	0.0232358215742804	0.0407548933961585	0.008249978420275	RBP4	1	Pos. reg. hormone secretion
t2.white.day3	t2	white	day3	REACTOME_RESPONSE_TO_ELEVATED_PLATELET_CYTOSOLIC_CA2	REACTOME_RESPONSE_TO_ELEVATED_PLATELET_CYTOSOLIC_CA2	1/3	104/13324	0.0232358215742804	0.0407548933961585	0.008249978420275	CD36	1	Responsetoelevatedplateletcytosolicca2.
t2.white.day3	t2	white	day3	GOBP_OLEFINIC_COMPOUND_METABOLIC_PROCESS	GOBP_OLEFINIC_COMPOUND_METABOLIC_PROCESS	1/3	105/13324	0.0234574775905645	0.0408197050985414	0.0082630981980853	RBP4	1	Olefinic compound metabolic process
t2.white.day3	t2	white	day3	REACTOME_TOLL_LIKE_RECEPTOR_TLR1_TLR2_CASCADE	REACTOME_TOLL_LIKE_RECEPTOR_TLR1_TLR2_CASCADE	1/3	105/13324	0.0234574775905645	0.0408197050985414	0.0082630981980853	CD36	1	Toll like receptor tlr1 tlr2 cascade
t2.white.day3	t2	white	day3	REACTOME_ADIPOGENESIS	REACTOME_ADIPOGENESIS	1/3	107/13324	0.0239006890177499	0.0414278609640998	0.0083862066728947	CD36	1	Adipogenesis
t2.white.day3	t2	white	day3	GOBP_REGULATION_OF_CELL_MATRIX_ADHESION	GOBP_REGULATION_OF_CELL_MATRIX_ADHESION	1/3	109/13324	0.0243437663213386	0.0417052120698902	0.00844235062143526	CD36	1	Regulation of cell matrix adhesion
t2.white.day3	t2	white	day3	GOBP_REGULATION_OF_NUCLEOCYTOPLASMIC_TRANSPORT	GOBP_REGULATION_OF_NUCLEOCYTOPLASMIC_TRANSPORT	1/3	109/13324	0.0243437663213386	0.0417052120698902	0.00844235062143526	CD36	1	Regulation of nucleocytoplasmic transport
t2.white.day3	t2	white	day3	REACTOME_REGULATION_OF_LIPID_METABOLISM_BY_PPARALPHA	REACTOME_REGULATION_OF_LIPID_METABOLISM_BY_PPARALPHA	1/3	109/13324	0.0243437663213386	0.0417052120698902	0.00844235062143526	CD36	1	Regulationoflipidmetabolismbypparalpha.
t2.white.day3	t2	white	day3	GOBP_EMBRYONIC_SKELETAL_SYSTEM_DEVELOPMENT	GOBP_EMBRYONIC_SKELETAL_SYSTEM_DEVELOPMENT	1/3	110/13324	0.024565254683127	0.0417609329613159	0.00845363015411252	RBP4	1	Embryonic skeletal system development
t2.white.day3	t2	white	day3	GOBP_RETINA_DEVELOPMENT_IN_CAMERA_TYPE_EYE	GOBP_RETINA_DEVELOPMENT_IN_CAMERA_TYPE_EYE	1/3	110/13324	0.024565254683127	0.0417609329613159	0.00845363015411252	RBP4	1	Retina development in camera type eye
t2.white.day3	t2	white	day3	GOBP_SENSORY_PERCEPTION_OF_LIGHT_STIMULUS	GOBP_SENSORY_PERCEPTION_OF_LIGHT_STIMULUS	1/3	112/13324	0.0250081308393785	0.0421892894313179	0.00854034199014532	RBP4	1	Sensory perception of light stimulus
t2.white.day3	t2	white	day3	GOMF_VITAMIN_BINDING	GOMF_VITAMIN_BINDING	1/3	112/13324	0.0250081308393785	0.0421892894313179	0.00854034199014532	RBP4	1	Vitamin binding
t2.white.day3	t2	white	day3	GOBP_INTERLEUKIN_6_PRODUCTION	GOBP_INTERLEUKIN_6_PRODUCTION	1/3	114/13324	0.0254508729227759	0.0427729499310531	0.00865849188887714	CD36	1	Interleukin 6 production
t2.white.day3	t2	white	day3	GOBP_DETOXIFICATION	GOBP_DETOXIFICATION	1/3	115/13324	0.0256721936934975	0.0428192815567015	0.00866787076046589	CD36	1	Detoxification
t2.white.day3	t2	white	day3	GOBP_POSITIVE_REGULATION_OF_PROTEIN_SECRETION	GOBP_POSITIVE_REGULATION_OF_PROTEIN_SECRETION	1/3	115/13324	0.0256721936934975	0.0428192815567015	0.00866787076046589	RBP4	1	Pos. reg. protein secretion
t2.white.day3	t2	white	day3	GOBP_ORGANIC_ACID_TRANSMEMBRANE_TRANSPORT	GOBP_ORGANIC_ACID_TRANSMEMBRANE_TRANSPORT	1/3	116/13324	0.025893480953617	0.0428648636011188	0.00867709789496331	CD36	1	Organic acid transmembrane transport
t2.white.day3	t2	white	day3	GOMF_GROWTH_FACTOR_BINDING	GOMF_GROWTH_FACTOR_BINDING	1/3	116/13324	0.025893480953617	0.0428648636011188	0.00867709789496331	CD36	1	Growth factor binding
t2.white.day3	t2	white	day3	GOBP_POSITIVE_REGULATION_OF_PEPTIDYL_TYROSINE_PHOSPHORYLATION	GOBP_POSITIVE_REGULATION_OF_PEPTIDYL_TYROSINE_PHOSPHORYLATION	1/3	119/13324	0.0265571416957354	0.0434750245537595	0.00880061225784605	CD36	1	Pos.reg.peptidyltyrosinephosphorylation.
t2.white.day3	t2	white	day3	GOCC_PHAGOCYTIC_VESICLE	GOCC_PHAGOCYTIC_VESICLE	1/3	119/13324	0.0265571416957354	0.0434750245537595	0.00880061225784605	CD36	1	Phagocytic vesicle
t2.white.day3	t2	white	day3	GOCC_SPECIFIC_GRANULE	GOCC_SPECIFIC_GRANULE	1/3	119/13324	0.0265571416957354	0.0434750245537595	0.00880061225784605	CD36	1	Specific granule
t2.white.day3	t2	white	day3	GOBP_EYE_MORPHOGENESIS	GOBP_EYE_MORPHOGENESIS	1/3	120/13324	0.0267782949388186	0.0436753002323166	0.0088411538931815	RBP4	1	Eye morphogenesis
t2.white.day3	t2	white	day3	GOBP_MONOCARBOXYLIC_ACID_TRANSPORT	GOBP_MONOCARBOXYLIC_ACID_TRANSPORT	1/3	121/13324	0.0269994146839854	0.0437133380597858	0.00884885385825624	CD36	1	Monocarboxylic acid transport
t2.white.day3	t2	white	day3	GOMF_ORGANIC_ACID_TRANSMEMBRANE_TRANSPORTER_ACTIVITY	GOMF_ORGANIC_ACID_TRANSMEMBRANE_TRANSPORTER_ACTIVITY	1/3	121/13324	0.0269994146839854	0.0437133380597858	0.00884885385825624	CD36	1	Organicacidtransmembrantransporteractivty.
t2.white.day3	t2	white	day3	GOBP_REGULATION_OF_INSULIN_SECRETION	GOBP_REGULATION_OF_INSULIN_SECRETION	1/3	123/13324	0.0274415536907191	0.0441060608410831	0.00892835239698038	RBP4	1	Regulation of insulin secretion
t2.white.day3	t2	white	day3	GOBP_REGULATION_OF_REACTIVE_OXYGEN_SPECIES_METABOLIC_PROCESS	GOBP_REGULATION_OF_REACTIVE_OXYGEN_SPECIES_METABOLIC_PROCESS	1/3	123/13324	0.0274415536907191	0.0441060608410831	0.00892835239698038	CD36	1	Regulationofreactivoxygenspecismtblcprcss.
t2.white.day3	t2	white	day3	GOBP_DENDRITE_MORPHOGENESIS	GOBP_DENDRITE_MORPHOGENESIS	1/3	124/13324	0.02766257295736	0.0441402788705888	0.00893527912360098	SYNE1	1	Dendrite morphogenesis
t2.white.day3	t2	white	day3	GOBP_IMPORT_ACROSS_PLASMA_MEMBRANE	GOBP_IMPORT_ACROSS_PLASMA_MEMBRANE	1/3	124/13324	0.02766257295736	0.0441402788705888	0.00893527912360098	CD36	1	Import across plasma membrane
t2.white.day3	t2	white	day3	GOBP_NUCLEUS_ORGANIZATION	GOBP_NUCLEUS_ORGANIZATION	1/3	125/13324	0.0278835587362336	0.0443328523791916	0.00897426161522097	SYNE1	1	Nucleus organization
t2.white.day3	t2	white	day3	GOBP_CARDIOCYTE_DIFFERENTIATION	GOBP_CARDIOCYTE_DIFFERENTIATION	1/3	129/13324	0.0287671670247929	0.0451151040425179	0.00913261215435586	SYNE1	1	Cardiocyte differentiation
t2.white.day3	t2	white	day3	GOBP_REGULATION_OF_RESPONSE_TO_WOUNDING	GOBP_REGULATION_OF_RESPONSE_TO_WOUNDING	1/3	129/13324	0.0287671670247929	0.0451151040425179	0.00913261215435586	CD36	1	Regulation of response to wounding
t2.white.day3	t2	white	day3	REACTOME_SENSORY_PERCEPTION	REACTOME_SENSORY_PERCEPTION	1/3	129/13324	0.0287671670247929	0.0451151040425179	0.00913261215435586	RBP4	1	Sensory perception
t2.white.day3	t2	white	day3	GOBP_REGULATION_OF_LIPID_LOCALIZATION	GOBP_REGULATION_OF_LIPID_LOCALIZATION	1/3	130/13324	0.0289879854028848	0.0451151040425179	0.00913261215435586	CD36	1	Regulation of lipid localization
t2.white.day3	t2	white	day3	GOBP_REGULATION_OF_PROTEIN_LOCALIZATION_TO_NUCLEUS	GOBP_REGULATION_OF_PROTEIN_LOCALIZATION_TO_NUCLEUS	1/3	130/13324	0.0289879854028848	0.0451151040425179	0.00913261215435586	CD36	1	Regulationofproteinlocalizationtonucleus.
t2.white.day3	t2	white	day3	GOBP_TUMOR_NECROSIS_FACTOR_SUPERFAMILY_CYTOKINE_PRODUCTION	GOBP_TUMOR_NECROSIS_FACTOR_SUPERFAMILY_CYTOKINE_PRODUCTION	1/3	130/13324	0.0289879854028848	0.0451151040425179	0.00913261215435586	CD36	1	Tumornecrosisfactorsuperfamilycytknprdctn.
t2.white.day3	t2	white	day3	GOBP_GOLGI_ORGANIZATION	GOBP_GOLGI_ORGANIZATION	1/3	134/13324	0.0298709242151767	0.0463261350986249	0.00937776014142204	SYNE1	1	Golgi organization
t2.white.day3	t2	white	day3	GOBP_CELLULAR_RESPONSE_TO_REACTIVE_OXYGEN_SPECIES	GOBP_CELLULAR_RESPONSE_TO_REACTIVE_OXYGEN_SPECIES	1/3	136/13324	0.0303121928367969	0.0468461162023224	0.00948301947415434	CD36	1	Cell response to reactive oxygen species
t2.white.day3	t2	white	day3	GOBP_REGULATION_OF_INTRACELLULAR_PROTEIN_TRANSPORT	GOBP_REGULATION_OF_INTRACELLULAR_PROTEIN_TRANSPORT	1/3	138/13324	0.030753327629129	0.0472084117992402	0.00955635866381381	CD36	1	Regulationofintracellularproteintransport.
t2.white.day3	t2	white	day3	GOBP_CARDIAC_CHAMBER_DEVELOPMENT	GOBP_CARDIAC_CHAMBER_DEVELOPMENT	1/3	139/13324	0.0309738448456554	0.0472084117992402	0.00955635866381381	RBP4	1	Cardiac chamber development
t2.white.day3	t2	white	day3	GOBP_REGULATION_OF_PATTERN_RECOGNITION_RECEPTOR_SIGNALING_PATHWAY	GOBP_REGULATION_OF_PATTERN_RECOGNITION_RECEPTOR_SIGNALING_PATHWAY	1/3	139/13324	0.0309738448456554	0.0472084117992402	0.00955635866381381	CD36	1	Regulationofpatternrcgntnrcptrsgnlngpthwy.
t2.white.day3	t2	white	day3	HALLMARK_FATTY_ACID_METABOLISM	HALLMARK_FATTY_ACID_METABOLISM	1/3	139/13324	0.0309738448456554	0.0472084117992402	0.00955635866381381	CD36	1	Fatty acid metabolism
t2.white.day3	t2	white	day3	GOCC_NEURON_SPINE	GOCC_NEURON_SPINE	1/3	140/13324	0.0311943286124707	0.0473810764491824	0.00959131102210169	SYNE1	1	Neuron spine
t2.white.day3	t2	white	day3	GOBP_ORGAN_GROWTH	GOBP_ORGAN_GROWTH	1/3	141/13324	0.0314147789321128	0.0475525078355953	0.00962601373190189	RBP4	1	Organ growth
t2.white.day3	t2	white	day3	GOBP_CYTOPLASMIC_PATTERN_RECOGNITION_RECEPTOR_SIGNALING_PATHWAY	GOBP_CYTOPLASMIC_PATTERN_RECOGNITION_RECEPTOR_SIGNALING_PATHWAY	1/3	143/13324	0.0318555792400256	0.0478917211703786	0.00969468039886206	CD36	1	Cytoplasmicpatternrecgntnrcptrsgnlngpthwy.
t2.white.day3	t2	white	day3	HALLMARK_UV_RESPONSE_DN	HALLMARK_UV_RESPONSE_DN	1/3	143/13324	0.0318555792400256	0.0478917211703786	0.00969468039886206	SYNE1	1	UV response dn
t2.white.day3	t2	white	day3	GOBP_POSITIVE_REGULATION_OF_ERK1_AND_ERK2_CASCADE	GOBP_POSITIVE_REGULATION_OF_ERK1_AND_ERK2_CASCADE	1/3	145/13324	0.0322962457896909	0.0483896292848928	0.0097954715151605	CD36	1	Pos. reg. erk1 and erk2 cascade
t2.white.day3	t2	white	day3	GOBP_REGULATION_OF_PEPTIDE_TRANSPORT	GOBP_REGULATION_OF_PEPTIDE_TRANSPORT	1/3	146/13324	0.0325165289115235	0.0483934988020773	0.00979625481823427	RBP4	1	Regulation of peptide transport
t2.white.day3	t2	white	day3	GOBP_ADAPTIVE_THERMOGENESIS	GOBP_ADAPTIVE_THERMOGENESIS	1/3	147/13324	0.0327367786014052	0.0483934988020773	0.00979625481823427	CD36	1	Adaptive thermogenesis
t2.white.day3	t2	white	day3	GOBP_DEFENSE_RESPONSE_TO_BACTERIUM	GOBP_DEFENSE_RESPONSE_TO_BACTERIUM	1/3	147/13324	0.0327367786014052	0.0483934988020773	0.00979625481823427	CD36	1	Defense response to bacterium
t2.white.day3	t2	white	day3	GOBP_INSULIN_SECRETION	GOBP_INSULIN_SECRETION	1/3	147/13324	0.0327367786014052	0.0483934988020773	0.00979625481823427	RBP4	1	Insulin secretion
t2.white.day3	t2	white	day3	REACTOME_TOLL_LIKE_RECEPTOR_CASCADES	REACTOME_TOLL_LIKE_RECEPTOR_CASCADES	1/3	150/13324	0.0333973271047198	0.0492053952676205	0.00996060632947783	CD36	1	Toll like receptor cascades
t3.beige.day1	t3	beige	day1	GOMF_TRANSCRIPTION_COREGULATOR_ACTIVITY	GOMF_TRANSCRIPTION_COREGULATOR_ACTIVITY	28/307	454/13324	2.15950611859346e-06	0.0105923775117009	0.0103474440545657	PARP10/MED26/CAMTA2/NAB1/SIRT6/IRF2BP2/NUCKS1/SETD4/KAT2A/ACSS2/HIRA/ZNF354B/MAML1/WTIP/TRIP4/SMARCA2/BRD4/YY1AP1/RBM14/MED16/AASS/RCOR3/BCL9L/CTBP1/MED24/PIAS3/PIAS1/LMO3	28	Transcription coregulator activity
t3.white.day1	t3	white	day1	GOMF_ACTIN_BINDING	GOMF_ACTIN_BINDING	2/2	345/13324	0.000668560764433325	0.0302598293323049	0.00521221940652143	TAGLN/LIMA1	2	Actin binding
t3.white.day1	t3	white	day1	GOBP_LIPID_DIGESTION	GOBP_LIPID_DIGESTION	1/2	10/13324	0.00150054373796871	0.0302598293323049	0.00521221940652143	LIMA1	1	Lipid digestion
t3.white.day1	t3	white	day1	GOBP_INTESTINAL_LIPID_ABSORPTION	GOBP_INTESTINAL_LIPID_ABSORPTION	1/2	11/13324	0.00165053614539845	0.0302598293323049	0.00521221940652143	LIMA1	1	Intestinal lipid absorption
t3.white.day1	t3	white	day1	GOMF_ACTIN_MONOMER_BINDING	GOMF_ACTIN_MONOMER_BINDING	1/2	22/13324	0.00329970903072818	0.0359537339632206	0.00619298766830595	LIMA1	1	Actin monomer binding
t3.white.day1	t3	white	day1	GOBP_INTESTINAL_ABSORPTION	GOBP_INTESTINAL_ABSORPTION	1/2	24/13324	0.00359941218028481	0.0359537339632206	0.00619298766830595	LIMA1	1	Intestinal absorption
t3.white.day1	t3	white	day1	GOCC_BRUSH_BORDER_MEMBRANE	GOCC_BRUSH_BORDER_MEMBRANE	1/2	31/13324	0.00464801830545047	0.0359537339632206	0.00619298766830595	LIMA1	1	Brush border membrane
t3.white.day1	t3	white	day1	GOBP_NEGATIVE_REGULATION_OF_ACTIN_FILAMENT_DEPOLYMERIZATION	GOBP_NEGATIVE_REGULATION_OF_ACTIN_FILAMENT_DEPOLYMERIZATION	1/2	35/13324	0.00524697394007823	0.0359537339632206	0.00619298766830595	LIMA1	1	Negativregulationofactinfilamentdplymrztn.
t3.white.day1	t3	white	day1	GOBP_ACTIN_FILAMENT_DEPOLYMERIZATION	GOBP_ACTIN_FILAMENT_DEPOLYMERIZATION	1/2	48/13324	0.00719233479197634	0.0359537339632206	0.00619298766830595	LIMA1	1	Actin filament depolymerization
t3.white.day1	t3	white	day1	GOBP_RUFFLE_ORGANIZATION	GOBP_RUFFLE_ORGANIZATION	1/2	50/13324	0.00749145207770174	0.0359537339632206	0.00619298766830595	LIMA1	1	Ruffle organization
t3.white.day1	t3	white	day1	GOCC_CLEAVAGE_FURROW	GOCC_CLEAVAGE_FURROW	1/2	50/13324	0.00749145207770174	0.0359537339632206	0.00619298766830595	LIMA1	1	Cleavage furrow
t3.white.day1	t3	white	day1	GOBP_DIGESTIVE_SYSTEM_PROCESS	GOBP_DIGESTIVE_SYSTEM_PROCESS	1/2	58/13324	0.0086874705561174	0.0359537339632206	0.00619298766830595	LIMA1	1	Digestive system process
t3.white.day1	t3	white	day1	GOCC_BRUSH_BORDER	GOCC_BRUSH_BORDER	1/2	66/13324	0.00988276797135623	0.0359537339632206	0.00619298766830595	LIMA1	1	Brush border
t3.white.day1	t3	white	day1	GOCC_CELL_DIVISION_SITE	GOCC_CELL_DIVISION_SITE	1/2	67/13324	0.0100321294485063	0.0359537339632206	0.00619298766830595	LIMA1	1	Cell division site
t3.white.day1	t3	white	day1	GOBP_NEGATIVE_REGULATION_OF_PROTEIN_CONTAINING_COMPLEX_DISASSEMBLY	GOBP_NEGATIVE_REGULATION_OF_PROTEIN_CONTAINING_COMPLEX_DISASSEMBLY	1/2	71/13324	0.0106294626909855	0.0359537339632206	0.00619298766830595	LIMA1	1	Negativeregulationofcomplexdisassembly.
t3.white.day1	t3	white	day1	GOBP_DIGESTION	GOBP_DIGESTION	1/2	72/13324	0.010778767835075	0.0359537339632206	0.00619298766830595	LIMA1	1	Digestion
t3.white.day1	t3	white	day1	GOBP_STEROL_HOMEOSTASIS	GOBP_STEROL_HOMEOSTASIS	1/2	74/13324	0.0110773443234178	0.0359537339632206	0.00619298766830595	LIMA1	1	Sterol homeostasis
t3.white.day1	t3	white	day1	GOBP_REGULATION_OF_PROTEIN_DEPOLYMERIZATION	GOBP_REGULATION_OF_PROTEIN_DEPOLYMERIZATION	1/2	76/13324	0.0113758757453118	0.0359537339632206	0.00619298766830595	LIMA1	1	Regulation of protein depolymerization
t3.white.day1	t3	white	day1	GOCC_ACTOMYOSIN	GOCC_ACTOMYOSIN	1/2	82/13324	0.0122711996123023	0.0359537339632206	0.00619298766830595	LIMA1	1	Actomyosin
t3.white.day1	t3	white	day1	GOCC_ACTIN_FILAMENT_BUNDLE	GOCC_ACTIN_FILAMENT_BUNDLE	1/2	83/13324	0.012420380823658	0.0359537339632206	0.00619298766830595	LIMA1	1	Actin filament bundle
t3.white.day1	t3	white	day1	WP_BURN_WOUND_HEALING	WP_BURN_WOUND_HEALING	1/2	90/13324	0.0134643338380098	0.037026918054527	0.00637784234432044	TAGLN	1	Burn wound healing
t3.white.day1	t3	white	day1	GOBP_PROTEIN_DEPOLYMERIZATION	GOBP_PROTEIN_DEPOLYMERIZATION	1/2	102/13324	0.0152526831831146	0.0385040976555684	0.00663228476363858	LIMA1	1	Protein depolymerization
t3.white.day1	t3	white	day1	GOCC_CLUSTER_OF_ACTIN_BASED_CELL_PROJECTIONS	GOCC_CLUSTER_OF_ACTIN_BASED_CELL_PROJECTIONS	1/2	103/13324	0.0154016390622274	0.0385040976555684	0.00663228476363858	LIMA1	1	Cluster of actin based cell projections
t3.white.day1	t3	white	day1	GOBP_REGULATION_OF_PROTEIN_CONTAINING_COMPLEX_DISASSEMBLY	GOBP_REGULATION_OF_PROTEIN_CONTAINING_COMPLEX_DISASSEMBLY	1/2	110/13324	0.0164440147508794	0.0393226439694943	0.00677327838708992	LIMA1	1	Regulation of complex disassembly
t3.white.day1	t3	white	day1	GOBP_STEROL_METABOLIC_PROCESS	GOBP_STEROL_METABOLIC_PROCESS	1/2	117/13324	0.0174858383755364	0.0400717129439376	0.00690230462192227	LIMA1	1	Sterol metabolic process
t3.white.day1	t3	white	day1	GOBP_REGULATION_OF_ACTIN_FILAMENT_LENGTH	GOBP_REGULATION_OF_ACTIN_FILAMENT_LENGTH	1/2	125/13324	0.0186758179498444	0.0401881765172051	0.0069223653331071	LIMA1	1	Regulation of actin filament length
t3.white.day1	t3	white	day1	GOBP_LIPID_HOMEOSTASIS	GOBP_LIPID_HOMEOSTASIS	1/2	137/13324	0.0204594353178499	0.0401881765172051	0.0069223653331071	LIMA1	1	Lipid homeostasis
t3.white.day1	t3	white	day1	GOBP_NEGATIVE_REGULATION_OF_CYTOSKELETON_ORGANIZATION	GOBP_NEGATIVE_REGULATION_OF_CYTOSKELETON_ORGANIZATION	1/2	137/13324	0.0204594353178499	0.0401881765172051	0.0069223653331071	LIMA1	1	Negativregulationofcytoskeletonorganizatn.
t3.white.day1	t3	white	day1	GOBP_NEGATIVE_REGULATION_OF_SUPRAMOLECULAR_FIBER_ORGANIZATION	GOBP_NEGATIVE_REGULATION_OF_SUPRAMOLECULAR_FIBER_ORGANIZATION	1/2	137/13324	0.0204594353178499	0.0401881765172051	0.0069223653331071	LIMA1	1	Negativregulationofsupramoleclrfbrorgnztn.
t3.white.day1	t3	white	day1	GOBP_ACTIN_FILAMENT_BUNDLE_ORGANIZATION	GOBP_ACTIN_FILAMENT_BUNDLE_ORGANIZATION	1/2	151/13324	0.0225382717237801	0.0402978218374063	0.00694125160835706	LIMA1	1	Actin filament bundle organization
t3.white.day1	t3	white	day1	GOBP_ACTIN_POLYMERIZATION_OR_DEPOLYMERIZATION	GOBP_ACTIN_POLYMERIZATION_OR_DEPOLYMERIZATION	1/2	163/13324	0.0243183739087975	0.0402978218374063	0.00694125160835706	LIMA1	1	Actin polymerization or depolymerization
t3.white.day1	t3	white	day1	HALLMARK_MYOGENESIS	HALLMARK_MYOGENESIS	1/2	163/13324	0.0243183739087975	0.0402978218374063	0.00694125160835706	TAGLN	1	Myogenesis
t3.white.day1	t3	white	day1	GOMF_ACTIN_FILAMENT_BINDING	GOMF_ACTIN_FILAMENT_BINDING	1/2	166/13324	0.0247631459562787	0.0402978218374063	0.00694125160835706	LIMA1	1	Actin filament binding
t3.white.day1	t3	white	day1	GOCC_RUFFLE	GOCC_RUFFLE	1/2	167/13324	0.0249113807722148	0.0402978218374063	0.00694125160835706	LIMA1	1	Ruffle
t3.white.day1	t3	white	day1	HALLMARK_APICAL_JUNCTION	HALLMARK_APICAL_JUNCTION	1/2	167/13324	0.0249113807722148	0.0402978218374063	0.00694125160835706	LIMA1	1	Apical junction
t3.white.day1	t3	white	day1	HALLMARK_EPITHELIAL_MESENCHYMAL_TRANSITION	HALLMARK_EPITHELIAL_MESENCHYMAL_TRANSITION	1/2	197/13324	0.0293531862756532	0.0461264355760265	0.00794522335280838	TAGLN	1	Epithelial mesenchymal transition
t4.beige.day3	t4	beige	day3	REACTOME_EXTRACELLULAR_MATRIX_ORGANIZATION	REACTOME_EXTRACELLULAR_MATRIX_ORGANIZATION	15/56	237/13324	3.0826484695539e-14	5.32144782033547e-11	4.45835585377193e-11	LTBP2/HSPG2/EMILIN1/COL18A1/ADAMTS2/PTPRS/COL6A3/LAMC1/MMP14/NID1/COL6A2/PLOD1/COL4A2/PXDN/MMP2	15	Extracellular matrix organization
t4.beige.day3	t4	beige	day3	HALLMARK_EPITHELIAL_MESENCHYMAL_TRANSITION	HALLMARK_EPITHELIAL_MESENCHYMAL_TRANSITION	14/56	197/13324	5.05120818256808e-14	5.32144782033547e-11	4.45835585377193e-11	FLNA/SLC6A8/LRP1/PDGFRB/GPC1/COL6A3/ANPEP/LAMC1/MMP14/COL6A2/PLOD1/COL4A2/IGFBP4/MMP2	14	Epithelial mesenchymal transition
t4.beige.day3	t4	beige	day3	GOCC_COLLAGEN_CONTAINING_EXTRACELLULAR_MATRIX	GOCC_COLLAGEN_CONTAINING_EXTRACELLULAR_MATRIX	14/56	322/13324	4.06775101731648e-11	2.85691713116194e-08	2.39355033545254e-08	LTBP2/HSPG2/EMILIN1/COL18A1/ADAMTS2/ADAMTS15/GPC1/COL6A3/LAMC1/NID1/COL6A2/COL4A2/PXDN/MMP2	14	Collagen containing extracellular matrix
t4.beige.day3	t4	beige	day3	GOCC_EXTERNAL_ENCAPSULATING_STRUCTURE	GOCC_EXTERNAL_ENCAPSULATING_STRUCTURE	15/56	404/13324	6.79268108340314e-11	3.57804476068261e-08	2.99771741496502e-08	LTBP2/HSPG2/EMILIN1/COL18A1/ADAMTS2/ADAMTS15/GPC1/COL6A3/LAMC1/MMP14/NID1/COL6A2/COL4A2/PXDN/MMP2	15	External encapsulating structure
t4.beige.day3	t4	beige	day3	GOMF_EXTRACELLULAR_MATRIX_STRUCTURAL_CONSTITUENT	GOMF_EXTRACELLULAR_MATRIX_STRUCTURAL_CONSTITUENT	10/56	125/13324	9.07400045086446e-11	3.82378378999428e-08	3.20359973812625e-08	LTBP2/HSPG2/EMILIN1/COL18A1/COL6A3/LAMC1/NID1/COL6A2/COL4A2/PXDN	10	ECM structural constituent
t4.beige.day3	t4	beige	day3	REACTOME_DEGRADATION_OF_THE_EXTRACELLULAR_MATRIX	REACTOME_DEGRADATION_OF_THE_EXTRACELLULAR_MATRIX	9/56	106/13324	5.0208415797557e-10	1.76315220142421e-07	1.47718444372813e-07	HSPG2/COL18A1/COL6A3/LAMC1/MMP14/NID1/COL6A2/COL4A2/MMP2	9	Degradation of the extracellular matrix
t4.beige.day3	t4	beige	day3	GOBP_EXTERNAL_ENCAPSULATING_STRUCTURE_ORGANIZATION	GOBP_EXTERNAL_ENCAPSULATING_STRUCTURE_ORGANIZATION	12/56	273/13324	1.07708261992303e-09	3.24201868596833e-07	2.71619180994124e-07	LRP1/EMILIN1/COL18A1/ADAMTS2/ADAMTS15/LAMC1/MMP14/GSN/NID1/COL4A2/PXDN/MMP2	12	External encapsulating structure
t4.beige.day3	t4	beige	day3	REACTOME_COLLAGEN_FORMATION	REACTOME_COLLAGEN_FORMATION	7/56	79/13324	3.60852300700665e-08	9.50394746970377e-06	7.96249089835547e-06	COL18A1/ADAMTS2/COL6A3/COL6A2/PLOD1/COL4A2/PXDN	7	Collagen formation
t4.beige.day3	t4	beige	day3	GOBP_EXTRACELLULAR_MATRIX_DISASSEMBLY	GOBP_EXTRACELLULAR_MATRIX_DISASSEMBLY	6/56	49/13324	5.09227764415092e-08	1.19215877735844e-05	9.98801123887847e-06	LRP1/ADAMTS15/LAMC1/MMP14/GSN/MMP2	6	Extracellular matrix disassembly
t4.beige.day3	t4	beige	day3	REACTOME_LAMININ_INTERACTIONS	REACTOME_LAMININ_INTERACTIONS	5/56	27/13324	8.22023016967761e-08	1.73200249675107e-05	1.45108694679467e-05	HSPG2/COL18A1/LAMC1/NID1/COL4A2	5	Laminin interactions
t4.beige.day3	t4	beige	day3	REACTOME_COLLAGEN_DEGRADATION	REACTOME_COLLAGEN_DEGRADATION	6/56	54/13324	9.25475579110415e-08	1.77270640471422e-05	1.48518903939537e-05	COL18A1/COL6A3/MMP14/COL6A2/COL4A2/MMP2	6	Collagen degradation
t4.beige.day3	t4	beige	day3	REACTOME_COLLAGEN_BIOSYNTHESIS_AND_MODIFYING_ENZYMES	REACTOME_COLLAGEN_BIOSYNTHESIS_AND_MODIFYING_ENZYMES	6/56	59/13324	1.5887555038437e-07	2.78958987216556e-05	2.33714296486481e-05	COL18A1/ADAMTS2/COL6A3/COL6A2/PLOD1/COL4A2	6	Collagen biosynthesis and modifying
t4.beige.day3	t4	beige	day3	REACTOME_ECM_PROTEOGLYCANS	REACTOME_ECM_PROTEOGLYCANS	6/56	63/13324	2.3651177907888e-07	3.83331014245538e-05	3.21158100012373e-05	HSPG2/PTPRS/COL6A3/LAMC1/COL6A2/COL4A2	6	ECM proteoglycans
t4.beige.day3	t4	beige	day3	GOCC_BASEMENT_MEMBRANE	GOCC_BASEMENT_MEMBRANE	6/56	75/13324	6.74326113767259e-07	0.000101486080121973	8.50259317885484e-05	HSPG2/COL18A1/LAMC1/NID1/COL4A2/PXDN	6	Basement membrane
t4.beige.day3	t4	beige	day3	WP_MIRNA_TARGETS_IN_ECM_AND_MEMBRANE_RECEPTORS	WP_MIRNA_TARGETS_IN_ECM_AND_MEMBRANE_RECEPTORS	4/56	21/13324	1.58803537069871e-06	0.000223066035070813	0.000186886688888543	COL6A3/LAMC1/COL6A2/COL4A2	4	Mirnatargetsinecmandmembranereceptors.
t4.beige.day3	t4	beige	day3	REACTOME_ASSEMBLY_OF_COLLAGEN_FIBRILS_AND_OTHER_MULTIMERIC_STRUCTURES	REACTOME_ASSEMBLY_OF_COLLAGEN_FIBRILS_AND_OTHER_MULTIMERIC_STRUCTURES	5/56	53/13324	2.68924517945701e-06	0.000354139974569744	0.000296701589865092	COL18A1/COL6A3/COL6A2/COL4A2/PXDN	5	Assemblyofcollgnfbrlsandothrmltmrcstrctrs.
t4.beige.day3	t4	beige	day3	GOMF_EXTRACELLULAR_MATRIX_BINDING	GOMF_EXTRACELLULAR_MATRIX_BINDING	5/56	59/13324	4.60261533275992e-06	0.000570453559183833	0.000477931016287207	LTBP2/ADAMTS15/GPC1/NID1/PXDN	5	Extracellular matrix binding
t4.beige.day3	t4	beige	day3	GOCC_COLLAGEN_TRIMER	GOCC_COLLAGEN_TRIMER	5/56	60/13324	5.00503850710329e-06	0.000585867563025924	0.000490845004468551	EMILIN1/COL18A1/COL6A3/COL6A2/COL4A2	5	Collagen trimer
t4.beige.day3	t4	beige	day3	KEGG_FOCAL_ADHESION	KEGG_FOCAL_ADHESION	7/56	173/13324	7.47773060295182e-06	0.000829240967390499	0.000694745386213308	FLNA/PDGFRB/AKT2/COL6A3/LAMC1/COL6A2/COL4A2	7	Focal adhesion
t4.beige.day3	t4	beige	day3	GOMF_GROWTH_FACTOR_BINDING	GOMF_GROWTH_FACTOR_BINDING	6/56	116/13324	8.70711735920444e-06	0.000917294813792188	0.000768517674283465	LTBP2/PDGFRB/GPC1/TSKU/IGFBP4/PXDN	6	Growth factor binding
t4.beige.day3	t4	beige	day3	KEGG_ECM_RECEPTOR_INTERACTION	KEGG_ECM_RECEPTOR_INTERACTION	5/56	69/13324	1.00076709437394e-05	0.00100410298468852	0.000841246324443662	HSPG2/COL6A3/LAMC1/COL6A2/COL4A2	5	ECM receptor interaction
t4.beige.day3	t4	beige	day3	REACTOME_INTEGRIN_CELL_SURFACE_INTERACTIONS	REACTOME_INTEGRIN_CELL_SURFACE_INTERACTIONS	5/56	70/13324	1.07431670269602e-05	0.00102890240571841	0.000862023497809198	HSPG2/COL18A1/COL6A3/COL6A2/COL4A2	5	Integrin cell surface interactions
t4.beige.day3	t4	beige	day3	GOMF_EXTRACELLULAR_MATRIX_STRUCTURAL_CONSTITUENT_CONFERRING_TENSILE_STRENGTH	GOMF_EXTRACELLULAR_MATRIX_STRUCTURAL_CONSTITUENT_CONFERRING_TENSILE_STRENGTH	4/56	36/13324	1.49143744462695e-05	0.00126943732305208	0.00106354577011882	COL18A1/COL6A3/COL6A2/COL4A2	4	Ecmstructuralconstituntcnfrrngtnslstrngth.
t4.beige.day3	t4	beige	day3	REACTOME_COLLAGEN_CHAIN_TRIMERIZATION	REACTOME_COLLAGEN_CHAIN_TRIMERIZATION	4/56	36/13324	1.49143744462695e-05	0.00126943732305208	0.00106354577011882	COL18A1/COL6A3/COL6A2/COL4A2	4	Collagen chain trimerization
t4.beige.day3	t4	beige	day3	GOBP_POSITIVE_REGULATION_OF_INTEGRIN_MEDIATED_SIGNALING_PATHWAY	GOBP_POSITIVE_REGULATION_OF_INTEGRIN_MEDIATED_SIGNALING_PATHWAY	3/56	12/13324	1.50621419441396e-05	0.00126943732305208	0.00106354577011882	FLNA/LAMC1/NID1	3	Pos.reg.integrinmediatedsignalingpathway.
t4.beige.day3	t4	beige	day3	REACTOME_SIGNALING_BY_RECEPTOR_TYROSINE_KINASES	REACTOME_SIGNALING_BY_RECEPTOR_TYROSINE_KINASES	10/56	463/13324	1.97419884381158e-05	0.001599860370735	0.00134037710974576	PDGFRB/PTPRS/AKT2/COL6A3/PTBP1/LAMC1/COL6A2/COL4A2/EPN1/AP2A1	10	Signaling by receptor tyrosine kinases
t4.beige.day3	t4	beige	day3	GOCC_PROTEIN_COMPLEX_INVOLVED_IN_CELL_MATRIX_ADHESION	GOCC_PROTEIN_COMPLEX_INVOLVED_IN_CELL_MATRIX_ADHESION	3/56	14/13324	2.47726890348788e-05	0.00193318725172183	0.0016196413064909	EMILIN1/LAMC1/NID1	3	Complex involved in cell matrix adhesion
t4.beige.day3	t4	beige	day3	GOBP_REGULATION_OF_PROTEIN_LOCALIZATION_TO_MEMBRANE	GOBP_REGULATION_OF_PROTEIN_LOCALIZATION_TO_MEMBRANE	6/56	159/13324	5.21165631866504e-05	0.00392177137979545	0.00328569460391025	LRP1/AKT2/GPC1/MMP14/GSN/PKDCC	6	Regulationofproteinlocalizationtomembrane.
t4.beige.day3	t4	beige	day3	HALLMARK_MYOGENESIS	HALLMARK_MYOGENESIS	6/56	163/13324	5.98623241889276e-05	0.00434930748503691	0.00364388811850568	SLC6A8/AKT2/COL6A3/GSN/COL6A2/COL4A2	6	Myogenesis
t4.beige.day3	t4	beige	day3	GOBP_REGULATION_OF_INTEGRIN_MEDIATED_SIGNALING_PATHWAY	GOBP_REGULATION_OF_INTEGRIN_MEDIATED_SIGNALING_PATHWAY	3/56	19/13324	6.49707747126773e-05	0.00443209433770897	0.00371324767283888	FLNA/LAMC1/NID1	3	Regulationofintegrinmediatedsignalngpthwy.
t4.beige.day3	t4	beige	day3	REACTOME_SIGNALING_BY_PDGF	REACTOME_SIGNALING_BY_PDGF	4/56	52/13324	6.52087918694722e-05	0.00443209433770897	0.00371324767283888	PDGFRB/COL6A3/COL6A2/COL4A2	4	Signaling by pdgf
t4.beige.day3	t4	beige	day3	HALLMARK_COAGULATION	HALLMARK_COAGULATION	5/56	103/13324	6.99455784015009e-05	0.00460547917787383	0.00385851101905648	LRP1/MMP14/GSN/C1R/MMP2	5	Coagulation
t4.beige.day3	t4	beige	day3	WP_FOCAL_ADHESION	WP_FOCAL_ADHESION	6/56	173/13324	8.33071980990652e-05	0.00531903837559789	0.00445633719974904	FLNA/PDGFRB/AKT2/LAMC1/COL6A2/COL4A2	6	Focal adhesion
t4.beige.day3	t4	beige	day3	GOCC_ENDOPLASMIC_RETICULUM_LUMEN	GOCC_ENDOPLASMIC_RETICULUM_LUMEN	7/56	253/13324	8.59056683370804e-05	0.00532362479959496	0.00446017974616978	GANAB/COL18A1/COL6A3/LAMC1/COL6A2/COL4A2/IGFBP4	7	ER lumen
t4.beige.day3	t4	beige	day3	REACTOME_ACTIVATION_OF_MATRIX_METALLOPROTEINASES	REACTOME_ACTIVATION_OF_MATRIX_METALLOPROTEINASES	3/56	21/13324	8.86453997342323e-05	0.00533645306400078	0.00447092737907692	COL18A1/MMP14/MMP2	3	Activation of matrix metalloproteinases
t4.beige.day3	t4	beige	day3	GOBP_REGULATION_OF_EXTRACELLULAR_MATRIX_ORGANIZATION	GOBP_REGULATION_OF_EXTRACELLULAR_MATRIX_ORGANIZATION	4/56	59/13324	0.00010725921932631	0.0062776437533482	0.00525946522836906	LRP1/EMILIN1/LAMC1/NID1	4	Regulationofextracellularmatrixorganizatn.
t4.beige.day3	t4	beige	day3	GOBP_COLLAGEN_FIBRIL_ORGANIZATION	GOBP_COLLAGEN_FIBRIL_ORGANIZATION	4/56	62/13324	0.00013024390853587	0.00741686257527237	0.00621391279131305	EMILIN1/COL18A1/ADAMTS2/PXDN	4	Collagen fibril organization
t4.beige.day3	t4	beige	day3	WP_LIPID_METABOLISM_PATHWAY	WP_LIPID_METABOLISM_PATHWAY	3/56	25/13324	0.00015147997065195	0.00839916574114889	0.00703689503554902	FASN/AKT2/LIPE	3	Lipid metabolism pathway
t4.beige.day3	t4	beige	day3	GOMF_LAMININ_BINDING	GOMF_LAMININ_BINDING	3/56	26/13324	0.000170728841493757	0.00899314172568362	0.00753453334697447	GPC1/NID1/PXDN	3	Laminin binding
t4.beige.day3	t4	beige	day3	GOMF_LIPOPROTEIN_PARTICLE_RECEPTOR_BINDING	GOMF_LIPOPROTEIN_PARTICLE_RECEPTOR_BINDING	3/56	26/13324	0.000170728841493757	0.00899314172568362	0.00753453334697447	HSPG2/LRP1/AP2A1	3	Lipoprotein particle receptor binding
t4.beige.day3	t4	beige	day3	REACTOME_NCAM1_INTERACTIONS	REACTOME_NCAM1_INTERACTIONS	3/56	27/13324	0.000191498674212313	0.00984116357476449	0.00824501352128497	COL6A3/COL6A2/COL4A2	3	Ncam1 interactions
t4.beige.day3	t4	beige	day3	GOMF_PROTEOGLYCAN_BINDING	GOMF_PROTEOGLYCAN_BINDING	3/56	28/13324	0.00021384068501825	0.0107276743650822	0.00898774006956403	LRP1/PTPRS/NID1	3	Proteoglycan binding
t4.beige.day3	t4	beige	day3	GOBP_ENDODERM_DEVELOPMENT	GOBP_ENDODERM_DEVELOPMENT	4/56	75/13324	0.000272522387738505	0.0133535969991867	0.0111877611808439	LAMC1/MMP14/COL4A2/MMP2	4	Endoderm development
t4.beige.day3	t4	beige	day3	GOCC_CELL_SUBSTRATE_JUNCTION	GOCC_CELL_SUBSTRATE_JUNCTION	8/56	413/13324	0.000306966611506938	0.0146995147828436	0.0123153829544769	HSPG2/SLC4A2/FLNA/LRP1/PDGFRB/MMP14/GSN/AHNAK	8	Cell substrate junction
t4.beige.day3	t4	beige	day3	GOMF_METALLOPEPTIDASE_ACTIVITY	GOMF_METALLOPEPTIDASE_ACTIVITY	5/56	142/13324	0.000316203234274287	0.0148053381025761	0.0124040426638124	ADAMTS2/ADAMTS15/ANPEP/MMP14/MMP2	5	Metallopeptidase activity
t4.beige.day3	t4	beige	day3	GOMF_METALLOENDOPEPTIDASE_ACTIVITY	GOMF_METALLOENDOPEPTIDASE_ACTIVITY	4/56	79/13324	0.0003327166482631	0.0152398690845729	0.0127680965477624	ADAMTS2/ADAMTS15/MMP14/MMP2	4	Metalloendopeptidase activity
t4.beige.day3	t4	beige	day3	GOBP_MUSCLE_CELL_DIFFERENTIATION	GOBP_MUSCLE_CELL_DIFFERENTIATION	7/56	332/13324	0.000454900188779845	0.0203930786757263	0.0170855009313281	PDGFRB/ADAMTS15/PTBP1/LAMC1/MMP14/NID1/EHD2	7	Muscle cell differentiation
t4.beige.day3	t4	beige	day3	GOBP_BASEMENT_MEMBRANE_ORGANIZATION	GOBP_BASEMENT_MEMBRANE_ORGANIZATION	3/56	37/13324	0.000493781481679854	0.0208079516379891	0.0174330851532024	LAMC1/NID1/PXDN	3	Basement membrane organization
t4.beige.day3	t4	beige	day3	GOBP_COLLAGEN_CATABOLIC_PROCESS	GOBP_COLLAGEN_CATABOLIC_PROCESS	3/56	37/13324	0.000493781481679854	0.0208079516379891	0.0174330851532024	ADAMTS2/MMP14/MMP2	3	Collagen catabolic process
t4.beige.day3	t4	beige	day3	REACTOME_METABOLISM_OF_FAT_SOLUBLE_VITAMINS	REACTOME_METABOLISM_OF_FAT_SOLUBLE_VITAMINS	3/56	37/13324	0.000493781481679854	0.0208079516379891	0.0174330851532024	HSPG2/LRP1/GPC1	3	Metabolism of fat soluble vitamins
t4.beige.day3	t4	beige	day3	GOBP_PROTEIN_LOCALIZATION_TO_PLASMA_MEMBRANE	GOBP_PROTEIN_LOCALIZATION_TO_PLASMA_MEMBRANE	6/56	242/13324	0.000512617747459165	0.0211781488999306	0.0177432396798559	FLNA/LRP1/AKT2/MMP14/PKDCC/EHD2	6	Protein localization to plasma membrane
t4.beige.day3	t4	beige	day3	GOBP_COLLAGEN_METABOLIC_PROCESS	GOBP_COLLAGEN_METABOLIC_PROCESS	4/56	89/13324	0.000524122707309075	0.0212370489288504	0.0177925866428607	EMILIN1/ADAMTS2/MMP14/MMP2	4	Collagen metabolic process
t4.beige.day3	t4	beige	day3	WP_FOCAL_ADHESION_PI3KAKTMTORSIGNALING	WP_FOCAL_ADHESION_PI3KAKTMTORSIGNALING	6/56	250/13324	0.000608472365354006	0.0241528652493858	0.0202354832379387	PDGFRB/AKT2/LAMC1/LIPE/COL6A2/COL4A2	6	Focal adhesion pi3kaktmtorsignaling
t4.beige.day3	t4	beige	day3	GOBP_NEGATIVE_REGULATION_OF_VASCULATURE_DEVELOPMENT	GOBP_NEGATIVE_REGULATION_OF_VASCULATURE_DEVELOPMENT	4/56	93/13324	0.000619010310140878	0.0241528652493858	0.0202354832379387	HSPG2/EMILIN1/COL4A2/EPN1	4	Negativeregulationofvasculaturdevelopment.
t4.beige.day3	t4	beige	day3	GOCC_PROTEIN_COMPLEX_INVOLVED_IN_CELL_ADHESION	GOCC_PROTEIN_COMPLEX_INVOLVED_IN_CELL_ADHESION	3/56	41/13324	0.000669431006655055	0.0256452932913127	0.0214858525963737	EMILIN1/LAMC1/NID1	3	Complex involved in cell adhesion
t4.beige.day3	t4	beige	day3	GOMF_CELL_ADHESION_MOLECULE_BINDING	GOMF_CELL_ADHESION_MOLECULE_BINDING	8/56	473/13324	0.000754705248026195	0.0279868535119742	0.0234476323730825	FASN/KIRREL1/FLNA/EMILIN1/TNKS1BP1/PDXDC1/MMP14/AHNAK	8	Cell adhesion molecule binding
t4.beige.day3	t4	beige	day3	GOBP_RENAL_PROTEIN_ABSORPTION	GOBP_RENAL_PROTEIN_ABSORPTION	2/56	10/13324	0.000764072297047966	0.0279868535119742	0.0234476323730825	KIRREL1/GSN	2	Renal protein absorption
t4.beige.day3	t4	beige	day3	GOBP_SEMAPHORIN_PLEXIN_SIGNALING_PATHWAY	GOBP_SEMAPHORIN_PLEXIN_SIGNALING_PATHWAY	3/56	43/13324	0.000770402232413147	0.0279868535119742	0.0234476323730825	PLXND1/SEMA3G/FLNA	3	Semaphorin plexin signaling pathway
t4.beige.day3	t4	beige	day3	WP_PI3KAKT_SIGNALING	WP_PI3KAKT_SIGNALING	6/56	264/13324	0.00080923276314085	0.0288992107108097	0.0242120132700661	PDGFRB/AKT2/COL6A3/LAMC1/COL6A2/COL4A2	6	Pi3kakt signaling
t4.beige.day3	t4	beige	day3	GOBP_MACROPHAGE_MIGRATION	GOBP_MACROPHAGE_MIGRATION	3/56	44/13324	0.000824320155408686	0.0289473761241017	0.0242523666775503	EMILIN1/MMP14/MMP2	3	Macrophage migration
t4.beige.day3	t4	beige	day3	REACTOME_NERVOUS_SYSTEM_DEVELOPMENT	REACTOME_NERVOUS_SYSTEM_DEVELOPMENT	8/56	487/13324	0.000912366139185834	0.0309209470093969	0.0259058417479372	PLXND1/GPC1/COL6A3/LAMC1/COL6A2/COL4A2/MMP2/AP2A1	8	Nervous system development
t4.beige.day3	t4	beige	day3	GOBP_REGULATION_OF_BASEMENT_MEMBRANE_ORGANIZATION	GOBP_REGULATION_OF_BASEMENT_MEMBRANE_ORGANIZATION	2/56	11/13324	0.000931348278945708	0.0309209470093969	0.0259058417479372	LAMC1/NID1	2	Regulationofbasementmembraneorganization.
t4.beige.day3	t4	beige	day3	GOMF_HEPARAN_SULFATE_PROTEOGLYCAN_BINDING	GOMF_HEPARAN_SULFATE_PROTEOGLYCAN_BINDING	2/56	11/13324	0.000931348278945708	0.0309209470093969	0.0259058417479372	LRP1/PTPRS	2	Heparan sulfate proteoglycan binding
t4.beige.day3	t4	beige	day3	REACTOME_NCAM_SIGNALING_FOR_NEURITE_OUT_GROWTH	REACTOME_NCAM_SIGNALING_FOR_NEURITE_OUT_GROWTH	3/56	46/13324	0.000939221930992596	0.0309209470093969	0.0259058417479372	COL6A3/COL6A2/COL4A2	3	Ncam signaling for neurite out growth
t4.beige.day3	t4	beige	day3	GOMF_CALCIUM_ION_BINDING	GOMF_CALCIUM_ION_BINDING	8/56	491/13324	0.000961980954023559	0.0311829826173483	0.0261253774882188	LTBP2/HSPG2/LRP1/AOC3/GSN/NID1/C1R/EHD2	8	Calcium ion binding
t4.beige.day3	t4	beige	day3	GOBP_PLATELET_DERIVED_GROWTH_FACTOR_RECEPTOR_BETA_SIGNALING_PATHWAY	GOBP_PLATELET_DERIVED_GROWTH_FACTOR_RECEPTOR_BETA_SIGNALING_PATHWAY	2/56	12/13324	0.00111460550634602	0.0350518477891204	0.0293667468050633	LRP1/PDGFRB	2	Plateletderivdgrwthfctrrcptrbtsgnlngpthwy.
t4.beige.day3	t4	beige	day3	KEGG_MEDICUS_REFERENCE_PDGF_PDGFR_PI3K_SIGNALING_PATHWAY	KEGG_MEDICUS_REFERENCE_PDGF_PDGFR_PI3K_SIGNALING_PATHWAY	2/56	12/13324	0.00111460550634602	0.0350518477891204	0.0293667468050633	PDGFRB/AKT2	2	Pdgf pdgfr pi3k signaling pathway
t4.beige.day3	t4	beige	day3	GOBP_NEGATIVE_REGULATION_OF_NEURON_PROJECTION_DEVELOPMENT	GOBP_NEGATIVE_REGULATION_OF_NEURON_PROJECTION_DEVELOPMENT	4/56	111/13324	0.00120069677513582	0.0372039427236936	0.0311697908963277	SEMA3G/FLNA/PTPRS/TSKU	4	Negativregulationofneuronprojectindvlpmnt.
t4.beige.day3	t4	beige	day3	GOMF_VITAMIN_BINDING	GOMF_VITAMIN_BINDING	4/56	112/13324	0.00124130927381299	0.037904907824985	0.0317570656321035	FASN/PDXDC1/PLOD1/PYGB	4	Vitamin binding
t4.beige.day3	t4	beige	day3	KEGG_INSULIN_SIGNALING_PATHWAY	KEGG_INSULIN_SIGNALING_PATHWAY	4/56	114/13324	0.00132540688454848	0.0393083207201456	0.0329328573165559	FASN/AKT2/LIPE/PYGB	4	Insulin signaling pathway
t4.beige.day3	t4	beige	day3	REACTOME_RAB_REGULATION_OF_TRAFFICKING	REACTOME_RAB_REGULATION_OF_TRAFFICKING	4/56	114/13324	0.00132540688454848	0.0393083207201456	0.0329328573165559	SBF1/TBC1D10B/AKT2/TBC1D16	4	Rab regulation of trafficking
t4.beige.day3	t4	beige	day3	GOBP_NEURON_PROJECTION_REGENERATION	GOBP_NEURON_PROJECTION_REGENERATION	3/56	52/13324	0.00134323639860013	0.0393083207201456	0.0329328573165559	FLNA/PTPRS/MMP2	3	Neuron projection regeneration
t4.beige.day3	t4	beige	day3	GOBP_PROTEIN_LOCALIZATION_TO_CELL_PERIPHERY	GOBP_PROTEIN_LOCALIZATION_TO_CELL_PERIPHERY	6/56	293/13324	0.00138562004905948	0.0394527222076801	0.0330538381546622	FLNA/LRP1/AKT2/MMP14/PKDCC/EHD2	6	Protein localization to cell periphery
t4.beige.day3	t4	beige	day3	GOBP_RESPONSE_TO_OXYGEN_LEVELS	GOBP_RESPONSE_TO_OXYGEN_LEVELS	6/56	293/13324	0.00138562004905948	0.0394527222076801	0.0330538381546622	HSPG2/KCNK3/SCAP/MMP14/PLOD1/MMP2	6	Response to oxygen levels
t4.beige.day3	t4	beige	day3	GOBP_ENDODERM_FORMATION	GOBP_ENDODERM_FORMATION	3/56	54/13324	0.0014986654104256	0.0407673737523972	0.0341552647979268	MMP14/COL4A2/MMP2	3	Endoderm formation
t4.beige.day3	t4	beige	day3	REACTOME_NON_INTEGRIN_MEMBRANE_ECM_INTERACTIONS	REACTOME_NON_INTEGRIN_MEMBRANE_ECM_INTERACTIONS	3/56	54/13324	0.0014986654104256	0.0407673737523972	0.0341552647979268	HSPG2/LAMC1/COL4A2	3	Non integrin membrane ECM interactions
t4.beige.day3	t4	beige	day3	GOBP_ESTABLISHMENT_OF_ENDOTHELIAL_INTESTINAL_BARRIER	GOBP_ESTABLISHMENT_OF_ENDOTHELIAL_INTESTINAL_BARRIER	2/56	14/13324	0.00152853465896506	0.0407673737523972	0.0341552647979268	FASN/PTPRS	2	Establishmentofendothelialintestinalbarrr.
t4.beige.day3	t4	beige	day3	GOMF_S100_PROTEIN_BINDING	GOMF_S100_PROTEIN_BINDING	2/56	14/13324	0.00152853465896506	0.0407673737523972	0.0341552647979268	KCNK3/AHNAK	2	S100 protein binding
t4.beige.day3	t4	beige	day3	REACTOME_DEFECTIVE_EXT2_CAUSES_EXOSTOSES_2	REACTOME_DEFECTIVE_EXT2_CAUSES_EXOSTOSES_2	2/56	14/13324	0.00152853465896506	0.0407673737523972	0.0341552647979268	HSPG2/GPC1	2	Defective ext2 causes exostoses 2
t4.beige.day3	t4	beige	day3	GOBP_AORTA_DEVELOPMENT	GOBP_AORTA_DEVELOPMENT	3/56	55/13324	0.00158043162462973	0.0411518813244195	0.0344774086284073	PLXND1/LRP1/PDGFRB	3	Aorta development
t4.beige.day3	t4	beige	day3	GOBP_PLASMA_MEMBRANE_ORGANIZATION	GOBP_PLASMA_MEMBRANE_ORGANIZATION	4/56	120/13324	0.00160154450337086	0.0411518813244195	0.0344774086284073	AKT2/GSN/AHNAK/EHD2	4	Plasma membrane organization
t4.beige.day3	t4	beige	day3	REACTOME_DISEASES_OF_GLYCOSYLATION	REACTOME_DISEASES_OF_GLYCOSYLATION	4/56	120/13324	0.00160154450337086	0.0411518813244195	0.0344774086284073	HSPG2/ADAMTS2/ADAMTS15/GPC1	4	Diseases of glycosylation
t4.beige.day3	t4	beige	day3	GOBP_REGULATION_OF_PLASMA_MEMBRANE_ORGANIZATION	GOBP_REGULATION_OF_PLASMA_MEMBRANE_ORGANIZATION	2/56	15/13324	0.00175894405240429	0.0446517484146485	0.0374096281024982	GSN/AHNAK	2	Regulationofplasmamembraneorganization.
t4.beige.day3	t4	beige	day3	GOCC_GOLGI_LUMEN	GOCC_GOLGI_LUMEN	3/56	58/13324	0.00184234295270242	0.0462121023969525	0.0387169064120547	HSPG2/GPC1/MMP14	3	Golgi lumen
t4.beige.day3	t4	beige	day3	GOBP_GLOMERULUS_DEVELOPMENT	GOBP_GLOMERULUS_DEVELOPMENT	3/56	59/13324	0.00193529386699043	0.0474146997412655	0.0397244530592772	PDGFRB/KLF15/NID1	3	Glomerulus development
t4.beige.day3	t4	beige	day3	GOMF_COLLAGEN_BINDING	GOMF_COLLAGEN_BINDING	3/56	59/13324	0.00193529386699043	0.0474146997412655	0.0397244530592772	HSPG2/NID1/COL6A2	3	Collagen binding
t4.beige.day3	t4	beige	day3	GOBP_REGULATION_OF_MUSCLE_CELL_DIFFERENTIATION	GOBP_REGULATION_OF_MUSCLE_CELL_DIFFERENTIATION	4/56	127/13324	0.00197162822612728	0.0477496629017261	0.0400050881453774	PTBP1/LAMC1/MMP14/NID1	4	Regulation of muscle cell differentiation
t4.beige.day3	t4	beige	day3	WP_AMPACTIVATED_PROTEIN_KINASE_SIGNALING	WP_AMPACTIVATED_PROTEIN_KINASE_SIGNALING	3/56	60/13324	0.00203112180265388	0.0486315186158152	0.0407439146297914	FASN/AKT2/LIPE	3	Ampactivated protein kinase signaling
t4.beige.day3	t4	beige	day3	REACTOME_SENSORY_PERCEPTION	REACTOME_SENSORY_PERCEPTION	4/56	129/13324	0.00208737988575474	0.0494169597672498	0.0414019641444198	HSPG2/LRP1/GPC1/GSN	4	Sensory perception
t5.beige.day3	t5	beige	day3	GOCC_PLASMA_MEMBRANE_PROTEIN_COMPLEX	GOCC_PLASMA_MEMBRANE_PROTEIN_COMPLEX	5/12	387/13324	1.34824356981363e-05	0.00678854350573075	0.00375265950332937	FLNA/LRP1/AP2A1/EMILIN1/SLC3A2	5	Plasma membrane complex
t5.beige.day3	t5	beige	day3	GOBP_REGULATION_OF_EXTRACELLULAR_MATRIX_ORGANIZATION	GOBP_REGULATION_OF_EXTRACELLULAR_MATRIX_ORGANIZATION	3/12	59/13324	1.76374513013554e-05	0.00678854350573075	0.00375265950332937	LAMB2/LRP1/EMILIN1	3	Regulationofextracellularmatrixorganizatn.
t5.beige.day3	t5	beige	day3	GOCC_CLATHRIN_COATED_PIT	GOCC_CLATHRIN_COATED_PIT	3/12	69/13324	2.82819332378701e-05	0.00678854350573075	0.00375265950332937	LRP1/LRP10/AP2A1	3	Clathrin coated pit
t5.beige.day3	t5	beige	day3	GOCC_BASAL_PART_OF_CELL	GOCC_BASAL_PART_OF_CELL	4/12	230/13324	3.84051996436631e-05	0.00678854350573075	0.00375265950332937	SLC1A5/LRP1/AP2A1/SLC3A2	4	Basal part of cell
t5.beige.day3	t5	beige	day3	GOBP_POSITIVE_REGULATION_OF_INTEGRIN_MEDIATED_SIGNALING_PATHWAY	GOBP_POSITIVE_REGULATION_OF_INTEGRIN_MEDIATED_SIGNALING_PATHWAY	2/12	12/13324	4.88323262149687e-05	0.00678854350573075	0.00375265950332937	LAMB2/FLNA	2	Pos.reg.integrinmediatedsignalingpathway.
t5.beige.day3	t5	beige	day3	GOMF_LOW_DENSITY_LIPOPROTEIN_PARTICLE_RECEPTOR_ACTIVITY	GOMF_LOW_DENSITY_LIPOPROTEIN_PARTICLE_RECEPTOR_ACTIVITY	2/12	13/13324	5.76820528076133e-05	0.00678854350573075	0.00375265950332937	LRP1/LRP10	2	Lowdensitylipoproteinparticlreceptractvty.
t5.beige.day3	t5	beige	day3	GOCC_PROTEIN_COMPLEX_INVOLVED_IN_CELL_MATRIX_ADHESION	GOCC_PROTEIN_COMPLEX_INVOLVED_IN_CELL_MATRIX_ADHESION	2/12	14/13324	6.7262054149323e-05	0.00678854350573075	0.00375265950332937	LAMB2/EMILIN1	2	Complex involved in cell matrix adhesion
t5.beige.day3	t5	beige	day3	GOMF_LIPOPROTEIN_PARTICLE_RECEPTOR_ACTIVITY	GOMF_LIPOPROTEIN_PARTICLE_RECEPTOR_ACTIVITY	2/12	14/13324	6.7262054149323e-05	0.00678854350573075	0.00375265950332937	LRP1/LRP10	2	Lipoprotein particle receptor activity
t5.beige.day3	t5	beige	day3	GOBP_EXTERNAL_ENCAPSULATING_STRUCTURE_ORGANIZATION	GOBP_EXTERNAL_ENCAPSULATING_STRUCTURE_ORGANIZATION	4/12	273/13324	7.49655111062292e-05	0.00678854350573075	0.00375265950332937	LAMB2/LRP1/ADAMTS2/EMILIN1	4	External encapsulating structure
t5.beige.day3	t5	beige	day3	GOBP_REGULATION_OF_INTEGRIN_MEDIATED_SIGNALING_PATHWAY	GOBP_REGULATION_OF_INTEGRIN_MEDIATED_SIGNALING_PATHWAY	2/12	19/13324	0.000126077622346955	0.0102753262212769	0.00568012866994704	LAMB2/FLNA	2	Regulationofintegrinmediatedsignalngpthwy.
t5.beige.day3	t5	beige	day3	GOBP_NEGATIVE_REGULATION_OF_SMAD_PROTEIN_SIGNAL_TRANSDUCTION	GOBP_NEGATIVE_REGULATION_OF_SMAD_PROTEIN_SIGNAL_TRANSDUCTION	2/12	23/13324	0.000186162832827123	0.0137860721058584	0.0076208445092766	LRP1/EMILIN1	2	Negativregulationofsmadprotensgnltrnsdctn.
t5.beige.day3	t5	beige	day3	REACTOME_AMINO_ACID_TRANSPORT_ACROSS_THE_PLASMA_MEMBRANE	REACTOME_AMINO_ACID_TRANSPORT_ACROSS_THE_PLASMA_MEMBRANE	2/12	24/13324	0.000202985110761106	0.0137860721058584	0.0076208445092766	SLC1A5/SLC3A2	2	Aminoacidtransportacrosstheplasmamembrane.
t5.beige.day3	t5	beige	day3	GOMF_LIPOPROTEIN_PARTICLE_RECEPTOR_BINDING	GOMF_LIPOPROTEIN_PARTICLE_RECEPTOR_BINDING	2/12	26/13324	0.000238783191473737	0.0149698693116227	0.00827523934823962	LRP1/AP2A1	2	Lipoprotein particle receptor binding
t5.beige.day3	t5	beige	day3	GOMF_NEUTRAL_L_AMINO_ACID_TRANSMEMBRANE_TRANSPORTER_ACTIVITY	GOMF_NEUTRAL_L_AMINO_ACID_TRANSMEMBRANE_TRANSPORTER_ACTIVITY	2/12	30/13324	0.000318962955711254	0.018568200636048	0.0102643718078509	SLC1A5/SLC3A2	2	Neutrallaminacidtransmembrntrnsprtractvty.
t5.beige.day3	t5	beige	day3	WP_METABOLIC_PATHWAYS_OF_FIBROBLASTS	WP_METABOLIC_PATHWAYS_OF_FIBROBLASTS	2/12	32/13324	0.0003633272525462	0.0196911238230281	0.0108851159137953	SLC1A5/ADAMTS2	2	Metabolic pathways of fibroblasts
t5.beige.day3	t5	beige	day3	GOBP_ASTROCYTE_DEVELOPMENT	GOBP_ASTROCYTE_DEVELOPMENT	2/12	33/13324	0.000386574210022638	0.0196911238230281	0.0108851159137953	LAMB2/LRP1	2	Astrocyte development
t5.beige.day3	t5	beige	day3	GOBP_CIRCULATORY_SYSTEM_PROCESS	GOBP_CIRCULATORY_SYSTEM_PROCESS	4/12	443/13324	0.000482502645970586	0.0198303982717444	0.0109621058576772	FLNA/SLC1A5/LRP1/EMILIN1	4	Circulatory system process
t5.beige.day3	t5	beige	day3	GOBP_AMINO_ACID_IMPORT_ACROSS_PLASMA_MEMBRANE	GOBP_AMINO_ACID_IMPORT_ACROSS_PLASMA_MEMBRANE	2/12	37/13324	0.000486635540410905	0.0198303982717444	0.0109621058576772	SLC1A5/SLC3A2	2	Amino acid import across plasma membrane
t5.beige.day3	t5	beige	day3	GOBP_REGULATION_OF_PLATELET_ACTIVATION	GOBP_REGULATION_OF_PLATELET_ACTIVATION	2/12	37/13324	0.000486635540410905	0.0198303982717444	0.0109621058576772	FLNA/EMILIN1	2	Regulation of platelet activation
t5.beige.day3	t5	beige	day3	REACTOME_METABOLISM_OF_FAT_SOLUBLE_VITAMINS	REACTOME_METABOLISM_OF_FAT_SOLUBLE_VITAMINS	2/12	37/13324	0.000486635540410905	0.0198303982717444	0.0109621058576772	LRP1/LRP10	2	Metabolism of fat soluble vitamins
t5.beige.day3	t5	beige	day3	GOCC_BASOLATERAL_PLASMA_MEMBRANE	GOCC_BASOLATERAL_PLASMA_MEMBRANE	3/12	188/13324	0.00055374493440946	0.0214905772163671	0.0118798411993608	LRP1/AP2A1/SLC3A2	3	Basolateral plasma membrane
t5.beige.day3	t5	beige	day3	GOCC_PROTEIN_COMPLEX_INVOLVED_IN_CELL_ADHESION	GOCC_PROTEIN_COMPLEX_INVOLVED_IN_CELL_ADHESION	2/12	41/13324	0.000597962722377135	0.021915540714351	0.0121147580571421	LAMB2/EMILIN1	2	Complex involved in cell adhesion
t5.beige.day3	t5	beige	day3	GOMF_CELL_ADHESION_MOLECULE_BINDING	GOMF_CELL_ADHESION_MOLECULE_BINDING	4/12	473/13324	0.000618475382122789	0.021915540714351	0.0121147580571421	LAMB2/FLNA/EMILIN1/SLC3A2	4	Cell adhesion molecule binding
t5.beige.day3	t5	beige	day3	GOBP_NEUTRAL_AMINO_ACID_TRANSPORT	GOBP_NEUTRAL_AMINO_ACID_TRANSPORT	2/12	44/13324	0.000688809943791471	0.0233908376745854	0.0129302919273136	SLC1A5/SLC3A2	2	Neutral amino acid transport
t5.beige.day3	t5	beige	day3	GOMF_PROTEIN_KINASE_C_BINDING	GOMF_PROTEIN_KINASE_C_BINDING	2/12	45/13324	0.000720486985682924	0.0234878757332633	0.0129839338893596	FLNA/PKN1	2	Protein kinase c binding
t5.beige.day3	t5	beige	day3	GOMF_L_AMINO_ACID_TRANSMEMBRANE_TRANSPORTER_ACTIVITY	GOMF_L_AMINO_ACID_TRANSMEMBRANE_TRANSPORTER_ACTIVITY	2/12	50/13324	0.000889283897557422	0.0276754527781818	0.0152987972735703	SLC1A5/SLC3A2	2	Laminoacidtransmembrantransporteractivity.
t5.beige.day3	t5	beige	day3	GOBP_NEURON_PROJECTION_REGENERATION	GOBP_NEURON_PROJECTION_REGENERATION	2/12	52/13324	0.000961641577541647	0.0276754527781818	0.0152987972735703	LAMB2/FLNA	2	Neuron projection regeneration
t5.beige.day3	t5	beige	day3	GOBP_L_ALPHA_AMINO_ACID_TRANSMEMBRANE_TRANSPORT	GOBP_L_ALPHA_AMINO_ACID_TRANSMEMBRANE_TRANSPORT	2/12	55/13324	0.00107533610047453	0.0276754527781818	0.0152987972735703	SLC1A5/SLC3A2	2	Lalphaaminoacidtransmembranetransport.
t5.beige.day3	t5	beige	day3	GOBP_REGULATION_OF_SMAD_PROTEIN_SIGNAL_TRANSDUCTION	GOBP_REGULATION_OF_SMAD_PROTEIN_SIGNAL_TRANSDUCTION	2/12	55/13324	0.00107533610047453	0.0276754527781818	0.0152987972735703	LRP1/EMILIN1	2	Regulationofsmadproteinsignaltransduction.
t5.beige.day3	t5	beige	day3	REACTOME_EXTRACELLULAR_MATRIX_ORGANIZATION	REACTOME_EXTRACELLULAR_MATRIX_ORGANIZATION	3/12	237/13324	0.0010856305065155	0.0276754527781818	0.0152987972735703	LAMB2/ADAMTS2/EMILIN1	3	Extracellular matrix organization
t5.beige.day3	t5	beige	day3	GOBP_PLATELET_AGGREGATION	GOBP_PLATELET_AGGREGATION	2/12	56/13324	0.00111460550634602	0.0276754527781818	0.0152987972735703	FLNA/EMILIN1	2	Platelet aggregation
t5.beige.day3	t5	beige	day3	GOMF_CARGO_RECEPTOR_ACTIVITY	GOMF_CARGO_RECEPTOR_ACTIVITY	2/12	56/13324	0.00111460550634602	0.0276754527781818	0.0152987972735703	LRP1/LRP10	2	Cargo receptor activity
t5.beige.day3	t5	beige	day3	GOMF_EXOGENOUS_PROTEIN_BINDING	GOMF_EXOGENOUS_PROTEIN_BINDING	2/12	57/13324	0.00115455876620636	0.0276754527781818	0.0152987972735703	SLC1A5/SLC3A2	2	Exogenous protein binding
t5.beige.day3	t5	beige	day3	GOMF_ORGANIC_CATION_TRANSMEMBRANE_TRANSPORTER_ACTIVITY	GOMF_ORGANIC_CATION_TRANSMEMBRANE_TRANSPORTER_ACTIVITY	2/12	57/13324	0.00115455876620636	0.0276754527781818	0.0152987972735703	SLC1A5/SLC3A2	2	Organiccationtransmembrantransportractvty.
t5.beige.day3	t5	beige	day3	WP_FERROPTOSIS	WP_FERROPTOSIS	2/12	58/13324	0.00119519482460609	0.0278309652015419	0.0153847634565837	SLC1A5/SLC3A2	2	Ferroptosis
t5.beige.day3	t5	beige	day3	GOBP_POSITIVE_REGULATION_OF_RESPONSE_TO_WOUNDING	GOBP_POSITIVE_REGULATION_OF_RESPONSE_TO_WOUNDING	2/12	59/13324	0.00123651262717819	0.0279932719763951	0.0154744855097154	FLNA/EMILIN1	2	Pos. reg. response to wounding
t5.beige.day3	t5	beige	day3	REACTOME_PLASMA_LIPOPROTEIN_ASSEMBLY_REMODELING_AND_CLEARANCE	REACTOME_PLASMA_LIPOPROTEIN_ASSEMBLY_REMODELING_AND_CLEARANCE	2/12	60/13324	0.00127851112063712	0.0281617990086284	0.0155676460777436	LMF2/AP2A1	2	Plasmlipoproteinassemblyremodelngandclrnc.
t5.beige.day3	t5	beige	day3	GOBP_COLLAGEN_FIBRIL_ORGANIZATION	GOBP_COLLAGEN_FIBRIL_ORGANIZATION	2/12	62/13324	0.0013645459724757	0.0285155119889153	0.015763176146278	ADAMTS2/EMILIN1	2	Collagen fibril organization
t5.beige.day3	t5	beige	day3	REACTOME_VISUAL_PHOTOTRANSDUCTION	REACTOME_VISUAL_PHOTOTRANSDUCTION	2/12	62/13324	0.0013645459724757	0.0285155119889153	0.015763176146278	LRP1/LRP10	2	Visual phototransduction
t5.beige.day3	t5	beige	day3	GOCC_RECEPTOR_COMPLEX	GOCC_RECEPTOR_COMPLEX	3/12	261/13324	0.00143400795195632	0.0292179120211099	0.0161514579851922	FLNA/LRP1/EMILIN1	3	Receptor complex
t5.beige.day3	t5	beige	day3	GOMF_AMINO_ACID_TRANSMEMBRANE_TRANSPORTER_ACTIVITY	GOMF_AMINO_ACID_TRANSMEMBRANE_TRANSPORTER_ACTIVITY	2/12	66/13324	0.00154473774207583	0.030706372190044	0.0169742683853262	SLC1A5/SLC3A2	2	Aminoacidtransmembranetransporteractivity.
t5.beige.day3	t5	beige	day3	GOBP_ASTROCYTE_DIFFERENTIATION	GOBP_ASTROCYTE_DIFFERENTIATION	2/12	68/13324	0.00163887790218079	0.0318020354827939	0.0175799434118641	LAMB2/LRP1	2	Astrocyte differentiation
t5.beige.day3	t5	beige	day3	REACTOME_TRANSPORT_OF_INORGANIC_CATIONS_ANIONS_AND_AMINO_ACIDS_OLIGOPEPTIDES	REACTOME_TRANSPORT_OF_INORGANIC_CATIONS_ANIONS_AND_AMINO_ACIDS_OLIGOPEPTIDES	2/12	69/13324	0.00168695539379103	0.0319736894404579	0.0176748325224617	SLC1A5/SLC3A2	2	Trnsprtofinrgncctnsannsandamnacdsolgpptds.
t5.beige.day3	t5	beige	day3	GOBP_L_AMINO_ACID_TRANSPORT	GOBP_L_AMINO_ACID_TRANSPORT	2/12	71/13324	0.00178511998753472	0.0320219803406105	0.0177015273952616	SLC1A5/SLC3A2	2	L amino acid transport
t5.beige.day3	t5	beige	day3	GOBP_HOMOTYPIC_CELL_CELL_ADHESION	GOBP_HOMOTYPIC_CELL_CELL_ADHESION	2/12	72/13324	0.00183520500784659	0.0320219803406105	0.0177015273952616	FLNA/EMILIN1	2	Homotypic cell cell adhesion
t5.beige.day3	t5	beige	day3	GOBP_VASCULAR_TRANSPORT	GOBP_VASCULAR_TRANSPORT	2/12	72/13324	0.00183520500784659	0.0320219803406105	0.0177015273952616	SLC1A5/LRP1	2	Vascular transport
t5.beige.day3	t5	beige	day3	GOBP_RESPONSE_TO_AXON_INJURY	GOBP_RESPONSE_TO_AXON_INJURY	2/12	73/13324	0.00188595712435497	0.0320219803406105	0.0177015273952616	LAMB2/FLNA	2	Response to axon injury
t5.beige.day3	t5	beige	day3	GOBP_SMAD_PROTEIN_SIGNAL_TRANSDUCTION	GOBP_SMAD_PROTEIN_SIGNAL_TRANSDUCTION	2/12	73/13324	0.00188595712435497	0.0320219803406105	0.0177015273952616	LRP1/EMILIN1	2	Smad protein signal transduction
t5.beige.day3	t5	beige	day3	GOBP_AMINO_ACID_TRANSMEMBRANE_TRANSPORT	GOBP_AMINO_ACID_TRANSMEMBRANE_TRANSPORT	2/12	76/13324	0.00204220567404381	0.0339672984560349	0.0187768856818636	SLC1A5/SLC3A2	2	Amino acid transmembrane transport
t5.beige.day3	t5	beige	day3	GOBP_ORGANIC_CATION_TRANSPORT	GOBP_ORGANIC_CATION_TRANSPORT	2/12	82/13324	0.00237257454508229	0.0386729650848413	0.0213781453746362	SLC1A5/SLC3A2	2	Organic cation transport
t5.beige.day3	t5	beige	day3	WP_FATTY_ACIDS_AND_LIPOPROTEINS_TRANSPORT_IN_HEPATOCYTES	WP_FATTY_ACIDS_AND_LIPOPROTEINS_TRANSPORT_IN_HEPATOCYTES	3/12	318/13324	0.00252449070299999	0.040342351430294	0.0223009705032817	LRP1/LRP10/AP2A1	3	Fatty acid & lipoprotein transport hepato
t5.beige.day3	t5	beige	day3	GOCC_COLLAGEN_CONTAINING_EXTRACELLULAR_MATRIX	GOCC_COLLAGEN_CONTAINING_EXTRACELLULAR_MATRIX	3/12	322/13324	0.00261591538798783	0.0409994431001938	0.0226642061955221	LAMB2/ADAMTS2/EMILIN1	3	Collagen containing extracellular matrix
t5.beige.day3	t5	beige	day3	GOBP_COLLAGEN_METABOLIC_PROCESS	GOBP_COLLAGEN_METABOLIC_PROCESS	2/12	89/13324	0.00278787213303467	0.0420762183041344	0.023259440018301	ADAMTS2/EMILIN1	2	Collagen metabolic process
t5.beige.day3	t5	beige	day3	GOBP_INTEGRIN_MEDIATED_SIGNALING_PATHWAY	GOBP_INTEGRIN_MEDIATED_SIGNALING_PATHWAY	2/12	89/13324	0.00278787213303467	0.0420762183041344	0.023259440018301	LAMB2/FLNA	2	Integrin mediated signaling pathway
t6.beige.day3	t6	beige	day3	GOMF_UNFOLDED_PROTEIN_BINDING	GOMF_UNFOLDED_PROTEIN_BINDING	6/22	103/13324	1.2434301588204e-08	2.01311342713023e-05	1.19238407861619e-05	CALR/HSP90B1/DNAJA1/HSPA8/HSP90AB1/HSPD1	6	Unfolded protein binding
t6.beige.day3	t6	beige	day3	GOMF_PROTEIN_FOLDING_CHAPERONE	GOMF_PROTEIN_FOLDING_CHAPERONE	5/22	59/13324	3.55955071879065e-08	2.88145630686103e-05	1.70671089727278e-05	CALR/HSP90B1/HSPA8/HSP90AB1/HSPD1	5	Protein folding chaperone
t6.beige.day3	t6	beige	day3	GOMF_ATP_DEPENDENT_PROTEIN_FOLDING_CHAPERONE	GOMF_ATP_DEPENDENT_PROTEIN_FOLDING_CHAPERONE	4/22	31/13324	1.70303659869592e-07	9.19072084429565e-05	5.44374154881398e-05	HSP90B1/HSPA8/HSP90AB1/HSPD1	4	ATP dependent protein folding chaperone
t6.beige.day3	t6	beige	day3	GOBP_PROTEIN_FOLDING	GOBP_PROTEIN_FOLDING	6/22	193/13324	5.25708989152259e-07	0.00014630948866062	8.6660345352768e-05	CALR/HSP90B1/DNAJA1/HSPA8/HSP90AB1/HSPD1	6	Protein folding
t6.beige.day3	t6	beige	day3	GOCC_PIGMENT_GRANULE	GOCC_PIGMENT_GRANULE	5/22	101/13324	5.38497623754071e-07	0.00014630948866062	8.6660345352768e-05	HSP90B1/FASN/HSPA8/HSP90AB1/ANXA6	5	Pigment granule
t6.beige.day3	t6	beige	day3	REACTOME_BINDING_AND_UPTAKE_OF_LIGANDS_BY_SCAVENGER_RECEPTORS	REACTOME_BINDING_AND_UPTAKE_OF_LIGANDS_BY_SCAVENGER_RECEPTORS	4/22	41/13324	5.42221699792291e-07	0.00014630948866062	8.6660345352768e-05	CD36/CALR/HSP90B1/COL4A1	4	Bindinganduptakofligandsbyscavengerrcptrs.
t6.beige.day3	t6	beige	day3	REACTOME_SCAVENGING_BY_CLASS_A_RECEPTORS	REACTOME_SCAVENGING_BY_CLASS_A_RECEPTORS	3/22	16/13324	2.15780171898958e-06	0.00045133933442143	0.000267332098213922	CALR/HSP90B1/COL4A1	3	Scavenging by class a receptors
t6.beige.day3	t6	beige	day3	KEGG_PPAR_SIGNALING_PATHWAY	KEGG_PPAR_SIGNALING_PATHWAY	4/22	58/13324	2.23021289399101e-06	0.00045133933442143	0.000267332098213922	CD36/LPL/SCD/UBC	4	Ppar signaling pathway
t6.beige.day3	t6	beige	day3	REACTOME_CHAPERONE_MEDIATED_AUTOPHAGY	REACTOME_CHAPERONE_MEDIATED_AUTOPHAGY	3/22	18/13324	3.13750300340502e-06	0.000564401929168081	0.000334300027614266	HSPA8/HSP90AB1/UBC	3	Chaperone mediated autophagy
t6.beige.day3	t6	beige	day3	WP_STEROL_REGULATORY_ELEMENTBINDING_PROTEINS_SREBP_SIGNALING	WP_STEROL_REGULATORY_ELEMENTBINDING_PROTEINS_SREBP_SIGNALING	4/22	67/13324	3.98999920217599e-06	0.000645980870832294	0.000382619923492877	LPL/ACLY/SCD/FASN	4	Sterolregulatoryelmntbndngprtnssrbpsgnlng.
t6.beige.day3	t6	beige	day3	WP_FATTY_ACID_BIOSYNTHESIS	WP_FATTY_ACID_BIOSYNTHESIS	3/22	21/13324	5.09743150955821e-06	0.000750249237634067	0.000444378957436127	ACLY/SCD/FASN	3	Fatty acid biosynthesis
t6.beige.day3	t6	beige	day3	GOMF_PROTEIN_LIPID_COMPLEX_BINDING	GOMF_PROTEIN_LIPID_COMPLEX_BINDING	3/22	23/13324	6.77312137371249e-06	0.000882744765776365	0.000522857177349415	CD36/LPL/HSPD1	3	Protein lipid complex binding
t6.beige.day3	t6	beige	day3	GOMF_UBIQUITIN_LIKE_PROTEIN_LIGASE_BINDING	GOMF_UBIQUITIN_LIKE_PROTEIN_LIGASE_BINDING	6/22	302/13324	7.08812968195969e-06	0.000882744765776365	0.000522857177349415	CALR/DNAJA1/HSPA8/HSP90AB1/HSPD1/UBC	6	Ubiquitin like protein ligase binding
t6.beige.day3	t6	beige	day3	GOBP_PROTEIN_REFOLDING	GOBP_PROTEIN_REFOLDING	3/22	25/13324	8.77745666540535e-06	0.00101505016723509	0.000601222783622878	DNAJA1/HSPA8/HSPD1	3	Protein refolding
t6.beige.day3	t6	beige	day3	GOCC_COLLAGEN_CONTAINING_EXTRACELLULAR_MATRIX	GOCC_COLLAGEN_CONTAINING_EXTRACELLULAR_MATRIX	6/22	322/13324	1.023086797149e-05	0.00110425168305616	0.00065405759452824	CALR/HSP90B1/COL4A1/ANXA6/PSAP/COL6A2	6	Collagen containing extracellular matrix
t6.beige.day3	t6	beige	day3	GOBP_REGULATION_OF_MRNA_SPLICING_VIA_SPLICEOSOME	GOBP_REGULATION_OF_MRNA_SPLICING_VIA_SPLICEOSOME	4/22	88/13324	1.18659611034811e-05	0.00114020731438769	0.000675354418521626	NCL/HSPA8/DDX5/HNRNPA2B1	4	Regulationofmrnasplicingviaspliceosome.
t6.beige.day3	t6	beige	day3	GOCC_SPLICEOSOMAL_COMPLEX	GOCC_SPLICEOSOMAL_COMPLEX	5/22	190/13324	1.20957078447206e-05	0.00114020731438769	0.000675354418521626	NCL/HSPA8/YBX1/DDX5/HNRNPA2B1	5	Spliceosomal complex
t6.beige.day3	t6	beige	day3	HALLMARK_MTORC1_SIGNALING	HALLMARK_MTORC1_SIGNALING	5/22	192/13324	1.27256885881556e-05	0.00114020731438769	0.000675354418521626	ACLY/CALR/SCD/HSP90B1/HSPD1	5	mTORC1 signaling
t6.beige.day3	t6	beige	day3	HALLMARK_ADIPOGENESIS	HALLMARK_ADIPOGENESIS	5/22	194/13324	1.33810617500717e-05	0.00114020731438769	0.000675354418521626	CD36/LPL/ACLY/COL4A1/UBC	5	Adipogenesis
t6.beige.day3	t6	beige	day3	REACTOME_FATTY_ACYL_COA_BIOSYNTHESIS	REACTOME_FATTY_ACYL_COA_BIOSYNTHESIS	3/22	30/13324	1.5411446111083e-05	0.00124755656269217	0.000738938284589294	ACLY/SCD/FASN	3	Fatty acyl coa biosynthesis
t6.beige.day3	t6	beige	day3	REACTOME_RESPIRATORY_SYNCYTIAL_VIRUS_INFECTION_PATHWAY	REACTOME_RESPIRATORY_SYNCYTIAL_VIRUS_INFECTION_PATHWAY	4/22	99/13324	1.89283516762385e-05	0.00145928577923001	0.000864347287070342	NCL/HSPA8/HSP90AB1/UBC	4	Respiratorysyncytialvirusinfectionpathway.
t6.beige.day3	t6	beige	day3	GOBP_REGULATION_OF_MRNA_PROCESSING	GOBP_REGULATION_OF_MRNA_PROCESSING	4/22	110/13324	2.86852946507044e-05	0.00211097691088593	0.00125034944625798	NCL/HSPA8/DDX5/HNRNPA2B1	4	Regulation of mRNA processing
t6.beige.day3	t6	beige	day3	GOMF_PROTEIN_FOLDING_CHAPERONE_BINDING	GOMF_PROTEIN_FOLDING_CHAPERONE_BINDING	4/22	114/13324	3.30122030144021e-05	0.002323772029579	0.00137638979158445	CALR/DNAJA1/HSPA8/HSPD1	4	Protein folding chaperone binding
t6.beige.day3	t6	beige	day3	GOCC_EXTERNAL_ENCAPSULATING_STRUCTURE	GOCC_EXTERNAL_ENCAPSULATING_STRUCTURE	6/22	404/13324	3.69787974033364e-05	0.00249452804150007	0.00147753001905436	CALR/HSP90B1/COL4A1/ANXA6/PSAP/COL6A2	6	External encapsulating structure
t6.beige.day3	t6	beige	day3	GOBP_FATTY_ACID_BIOSYNTHETIC_PROCESS	GOBP_FATTY_ACID_BIOSYNTHETIC_PROCESS	4/22	121/13324	4.17110704886218e-05	0.00270120892484315	0.00159994885116356	LPL/ACLY/SCD/FASN	4	Fatty acid biosynthetic process
t6.beige.day3	t6	beige	day3	GOBP_ORGANIC_ACID_BIOSYNTHETIC_PROCESS	GOBP_ORGANIC_ACID_BIOSYNTHETIC_PROCESS	5/22	254/13324	4.88743755763623e-05	0.00304336977146656	0.00180261360931441	LPL/ACLY/SCD/FASN/GLUL	5	Organic acid biosynthetic process
t6.beige.day3	t6	beige	day3	GOBP_MAINTENANCE_OF_LOCATION	GOBP_MAINTENANCE_OF_LOCATION	5/22	257/13324	5.16871156586022e-05	0.00305689474081558	0.00181062456284451	CD36/LPL/CALR/HSP90B1/ANXA6	5	Maintenance of location
t6.beige.day3	t6	beige	day3	GOBP_POSITIVE_REGULATION_OF_PHAGOCYTOSIS	GOBP_POSITIVE_REGULATION_OF_PHAGOCYTOSIS	3/22	45/13324	5.30066198750502e-05	0.00305689474081558	0.00181062456284451	CD36/CALR/HSPA8	3	Pos. reg. phagocytosis
t6.beige.day3	t6	beige	day3	GOBP_RESPONSE_TO_FATTY_ACID	GOBP_RESPONSE_TO_FATTY_ACID	3/22	46/13324	5.66441273776821e-05	0.00305689474081558	0.00181062456284451	CD36/LPL/SCD	3	Response to fatty acid
t6.beige.day3	t6	beige	day3	REACTOME_HSP90_CHAPERONE_CYCLE_FOR_STEROID_HORMONE_RECEPTORS_SHR_IN_THE_PRESENCE_OF_LIGAND	REACTOME_HSP90_CHAPERONE_CYCLE_FOR_STEROID_HORMONE_RECEPTORS_SHR_IN_THE_PRESENCE_OF_LIGAND	3/22	46/13324	5.66441273776821e-05	0.00305689474081558	0.00181062456284451	DNAJA1/HSPA8/HSP90AB1	3	Hsp90chprncyclfrstrdhrmnrcptrsshrinthprol.
t6.beige.day3	t6	beige	day3	GOBP_REGULATION_OF_MRNA_METABOLIC_PROCESS	GOBP_REGULATION_OF_MRNA_METABOLIC_PROCESS	5/22	267/13324	6.19801391367256e-05	0.00323696275039867	0.00191728036514625	NCL/HSPA8/YBX1/DDX5/HNRNPA2B1	5	Regulation of mRNA metabolic process
t6.beige.day3	t6	beige	day3	GOBP_PROTEIN_MATURATION	GOBP_PROTEIN_MATURATION	6/22	447/13324	6.50853718489533e-05	0.00329291303198298	0.00195042018928936	CALR/HSP90B1/DNAJA1/HSPA8/HSP90AB1/HSPD1	6	Protein maturation
t6.beige.day3	t6	beige	day3	KEGG_ANTIGEN_PROCESSING_AND_PRESENTATION	KEGG_ANTIGEN_PROCESSING_AND_PRESENTATION	3/22	50/13324	7.28250621542328e-05	0.00357284168568797	0.00211622429417882	CALR/HSPA8/HSP90AB1	3	Antigen proces. & present.
t6.beige.day3	t6	beige	day3	GOBP_CELLULAR_RESPONSE_TO_LIPID	GOBP_CELLULAR_RESPONSE_TO_LIPID	6/22	463/13324	7.91285562087685e-05	0.00376791566182342	0.00223176825715753	CD36/LPL/CALR/DNAJA1/HSPA8/DDX5	6	Cell response to lipid
t6.beige.day3	t6	beige	day3	GOBP_RESPONSE_TO_TEMPERATURE_STIMULUS	GOBP_RESPONSE_TO_TEMPERATURE_STIMULUS	4/22	144/13324	8.22686929645417e-05	0.00380551468313123	0.00225403847490819	DNAJA1/HSPA8/HSP90AB1/HSPD1	4	Response to temperature stimulus
t6.beige.day3	t6	beige	day3	GOBP_RESPONSE_TO_TOPOLOGICALLY_INCORRECT_PROTEIN	GOBP_RESPONSE_TO_TOPOLOGICALLY_INCORRECT_PROTEIN	4/22	149/13324	9.39274564877693e-05	0.00422412644593607	0.00250198575615081	DNAJA1/HSPA8/HSP90AB1/HSPD1	4	Topologically incorrect protein response
t6.beige.day3	t6	beige	day3	WP_PPAR_SIGNALING	WP_PPAR_SIGNALING	3/22	55/13324	9.69578746139246e-05	0.00424256213513362	0.00251290537050598	CD36/LPL/SCD	3	Ppar signaling
t6.beige.day3	t6	beige	day3	GOBP_REGULATION_OF_RNA_SPLICING	GOBP_REGULATION_OF_RNA_SPLICING	4/22	153/13324	0.000104086428744175	0.00443462968781105	0.00262666860348875	NCL/HSPA8/DDX5/HNRNPA2B1	4	Regulation of RNA splicing
t6.beige.day3	t6	beige	day3	GOCC_SARCOPLASMIC_RETICULUM	GOCC_SARCOPLASMIC_RETICULUM	3/22	58/13324	0.000113670573672287	0.00447854749508645	0.00265268149151442	CALR/HSP90B1/RASD1	3	Sarcoplasmic reticulum
t6.beige.day3	t6	beige	day3	GOBP_ADHESION_OF_SYMBIONT_TO_HOST	GOBP_ADHESION_OF_SYMBIONT_TO_HOST	2/22	10/13324	0.000116182208025714	0.00447854749508645	0.00265268149151442	HSP90AB1/HSPD1	2	Adhesion of symbiont to host
t6.beige.day3	t6	beige	day3	GOMF_HIGH_DENSITY_LIPOPROTEIN_PARTICLE_BINDING	GOMF_HIGH_DENSITY_LIPOPROTEIN_PARTICLE_BINDING	2/22	10/13324	0.000116182208025714	0.00447854749508645	0.00265268149151442	CD36/HSPD1	2	High density lipoprotein particle binding
t6.beige.day3	t6	beige	day3	REACTOME_ATF6_ATF6_ALPHA_ACTIVATES_CHAPERONE_GENES	REACTOME_ATF6_ATF6_ALPHA_ACTIVATES_CHAPERONE_GENES	2/22	10/13324	0.000116182208025714	0.00447854749508645	0.00265268149151442	CALR/HSP90B1	2	Atf6 atf6 alpha activates chaperone genes
t6.beige.day3	t6	beige	day3	GOBP_FATTY_ACID_METABOLIC_PROCESS	GOBP_FATTY_ACID_METABOLIC_PROCESS	5/22	311/13324	0.000127438151941377	0.00476039587148275	0.00281962266436123	CD36/LPL/ACLY/SCD/FASN	5	Fatty acid metabolic process
t6.beige.day3	t6	beige	day3	GOBP_INTRACELLULAR_RECEPTOR_SIGNALING_PATHWAY	GOBP_INTRACELLULAR_RECEPTOR_SIGNALING_PATHWAY	5/22	312/13324	0.000129374563523929	0.00476039587148275	0.00281962266436123	CD36/CALR/DNAJA1/HSPA8/DDX5	5	Intracellular receptor signaling pathway
t6.beige.day3	t6	beige	day3	GOMF_MRNA_BINDING	GOMF_MRNA_BINDING	5/22	321/13324	0.000147840486531364	0.00531897217098396	0.00315047212234088	CALR/NCL/YBX1/DDX5/HNRNPA2B1	5	mRNA binding
t6.beige.day3	t6	beige	day3	GOBP_CELLULAR_RESPONSE_TO_STEROID_HORMONE_STIMULUS	GOBP_CELLULAR_RESPONSE_TO_STEROID_HORMONE_STIMULUS	4/22	170/13324	0.000156367368713075	0.00538635680737167	0.00319038461136868	CALR/DNAJA1/HSPA8/DDX5	4	Cell response to steroid hormone stimulus
t6.beige.day3	t6	beige	day3	GOBP_MONOCARBOXYLIC_ACID_BIOSYNTHETIC_PROCESS	GOBP_MONOCARBOXYLIC_ACID_BIOSYNTHETIC_PROCESS	4/22	170/13324	0.000156367368713075	0.00538635680737167	0.00319038461136868	LPL/ACLY/SCD/FASN	4	Monocarboxylic acid biosynthetic process
t6.beige.day3	t6	beige	day3	GOBP_PROTEIN_FOLDING_IN_ENDOPLASMIC_RETICULUM	GOBP_PROTEIN_FOLDING_IN_ENDOPLASMIC_RETICULUM	2/22	12/13324	0.000170059851687228	0.00561891632411474	0.00332813157652126	CALR/HSP90B1	2	Protein folding in ER
t6.beige.day3	t6	beige	day3	REACTOME_ATF6_ATF6_ALPHA_ACTIVATES_CHAPERONES	REACTOME_ATF6_ATF6_ALPHA_ACTIVATES_CHAPERONES	2/22	12/13324	0.000170059851687228	0.00561891632411474	0.00332813157652126	CALR/HSP90B1	2	Atf6 atf6 alpha activates chaperones
t6.beige.day3	t6	beige	day3	GOBP_REGULATION_OF_PHAGOCYTOSIS	GOBP_REGULATION_OF_PHAGOCYTOSIS	3/22	68/13324	0.000182658511830336	0.00591448261306628	0.00350319798478813	CD36/CALR/HSPA8	3	Regulation of phagocytosis
t6.beige.day3	t6	beige	day3	KEGG_ECM_RECEPTOR_INTERACTION	KEGG_ECM_RECEPTOR_INTERACTION	3/22	69/13324	0.000190757056766154	0.00605560146871379	0.00358678387438527	CD36/COL4A1/COL6A2	3	ECM receptor interaction
t6.beige.day3	t6	beige	day3	GOMF_PEPTIDE_BINDING	GOMF_PEPTIDE_BINDING	4/22	182/13324	0.000203239290271462	0.00632777713364416	0.00374799581856886	CD36/CALR/HSPA8/HSP90AB1	4	Peptide binding
t6.beige.day3	t6	beige	day3	HALLMARK_CHOLESTEROL_HOMEOSTASIS	HALLMARK_CHOLESTEROL_HOMEOSTASIS	3/22	71/13324	0.000207646392588837	0.00634300961511938	0.00375701814594698	LPL/SCD/FASN	3	Cholesterol homeostasis
t6.beige.day3	t6	beige	day3	GOBP_POSITIVE_REGULATION_OF_MACROPHAGE_DERIVED_FOAM_CELL_DIFFERENTIATION	GOBP_POSITIVE_REGULATION_OF_MACROPHAGE_DERIVED_FOAM_CELL_DIFFERENTIATION	2/22	14/13324	0.000234007685897875	0.00676532934765464	0.00400716168896549	CD36/LPL	2	Pos.reg.macrophagderivedfoamcelldiffrnttn.
t6.beige.day3	t6	beige	day3	GOMF_APOLIPOPROTEIN_BINDING	GOMF_APOLIPOPROTEIN_BINDING	2/22	14/13324	0.000234007685897875	0.00676532934765464	0.00400716168896549	LPL/HSPD1	2	Apolipoprotein binding
t6.beige.day3	t6	beige	day3	WP_OMEGA9_FATTY_ACID_SYNTHESIS	WP_OMEGA9_FATTY_ACID_SYNTHESIS	2/22	14/13324	0.000234007685897875	0.00676532934765464	0.00400716168896549	SCD/FASN	2	Omega9 fatty acid synthesis
t6.beige.day3	t6	beige	day3	GOCC_SARCOPLASM	GOCC_SARCOPLASM	3/22	77/13324	0.000264057164486793	0.0074150764414339	0.00439201237810623	CALR/HSP90B1/RASD1	3	Sarcoplasm
t6.beige.day3	t6	beige	day3	GOMF_ATP_HYDROLYSIS_ACTIVITY	GOMF_ATP_HYDROLYSIS_ACTIVITY	5/22	364/13324	0.000265642021990838	0.0074150764414339	0.00439201237810623	HSP90B1/HSPA8/HSP90AB1/HSPD1/DDX5	5	ATP hydrolysis activity
t6.beige.day3	t6	beige	day3	REACTOME_NEUTROPHIL_DEGRANULATION	REACTOME_NEUTROPHIL_DEGRANULATION	5/22	369/13324	0.000282974208669906	0.00756019526397262	0.00447796748186279	CD36/ACLY/HSPA8/HSP90AB1/PSAP	5	Neutrophil degranulation
t6.beige.day3	t6	beige	day3	REACTOME_SIGNALING_BY_INTERLEUKINS	REACTOME_SIGNALING_BY_INTERLEUKINS	5/22	369/13324	0.000282974208669906	0.00756019526397262	0.00447796748186279	CD36/HSP90B1/HSPA8/HNRNPA2B1/UBC	5	Signaling by interleukins
t6.beige.day3	t6	beige	day3	GOBP_POSITIVE_REGULATION_OF_INTERLEUKIN_6_PRODUCTION	GOBP_POSITIVE_REGULATION_OF_INTERLEUKIN_6_PRODUCTION	3/22	79/13324	0.000284849852441217	0.00756019526397262	0.00447796748186279	CD36/LPL/HSPD1	3	Pos. reg. interleukin 6 production
t6.beige.day3	t6	beige	day3	GOBP_REGULATION_OF_CHOLESTEROL_STORAGE	GOBP_REGULATION_OF_CHOLESTEROL_STORAGE	2/22	16/13324	0.000307964718981981	0.00767069046202811	0.00454341472052769	CD36/LPL	2	Regulation of cholesterol storage
t6.beige.day3	t6	beige	day3	GOBP_RESPONSE_TO_INTERLEUKIN_7	GOBP_RESPONSE_TO_INTERLEUKIN_7	2/22	16/13324	0.000307964718981981	0.00767069046202811	0.00454341472052769	HSPD1/YBX1	2	Response to interleukin 7
t6.beige.day3	t6	beige	day3	REACTOME_RESPIRATORY_SYNCYTIAL_VIRUS_RSV_GENOME_REPLICATION_TRANSCRIPTION_AND_TRANSLATION	REACTOME_RESPIRATORY_SYNCYTIAL_VIRUS_RSV_GENOME_REPLICATION_TRANSCRIPTION_AND_TRANSLATION	2/22	16/13324	0.000307964718981981	0.00767069046202811	0.00454341472052769	HSPA8/HSP90AB1	2	Rsprtrysyncytlvrsrsvgnmrplctntrnscrptnant.
t6.beige.day3	t6	beige	day3	WP_SREBF_AND_MIR33_IN_CHOLESTEROL_AND_LIPID_HOMEOSTASIS	WP_SREBF_AND_MIR33_IN_CHOLESTEROL_AND_LIPID_HOMEOSTASIS	2/22	16/13324	0.000307964718981981	0.00767069046202811	0.00454341472052769	SCD/FASN	2	Srebfandmir33incholesterolandlipidhomstss.
t6.beige.day3	t6	beige	day3	GOMF_MODIFIED_AMINO_ACID_BINDING	GOMF_MODIFIED_AMINO_ACID_BINDING	3/22	83/13324	0.000329551300745376	0.00784002849718857	0.00464371506839101	FASN/HSPA8/ANXA6	3	Modified amino acid binding
t6.beige.day3	t6	beige	day3	REACTOME_MRNA_SPLICING	REACTOME_MRNA_SPLICING	4/22	208/13324	0.000338482624878523	0.00784002849718857	0.00464371506839101	HSPA8/YBX1/DDX5/HNRNPA2B1	4	mRNA splicing
t6.beige.day3	t6	beige	day3	REACTOME_INTERLEUKIN_4_AND_INTERLEUKIN_13_SIGNALING	REACTOME_INTERLEUKIN_4_AND_INTERLEUKIN_13_SIGNALING	3/22	84/13324	0.00034139168181354	0.00784002849718857	0.00464371506839101	CD36/HSP90B1/HSPA8	3	Interleukin4andinterleukin13signaling.
t6.beige.day3	t6	beige	day3	REACTOME_SIGNALING_BY_NUCLEAR_RECEPTORS	REACTOME_SIGNALING_BY_NUCLEAR_RECEPTORS	4/22	209/13324	0.000344712904382497	0.00784002849718857	0.00464371506839101	SCD/FASN/HSP90AB1/DDX5	4	Signaling by nuclear receptors
t6.beige.day3	t6	beige	day3	GOBP_NITRIC_OXIDE_MEDIATED_SIGNAL_TRANSDUCTION	GOBP_NITRIC_OXIDE_MEDIATED_SIGNAL_TRANSDUCTION	2/22	17/13324	0.000348677696805752	0.00784002849718857	0.00464371506839101	CD36/RASD1	2	Nitric oxide mediated signal transduction
t6.beige.day3	t6	beige	day3	GOCC_ENDOCYTIC_VESICLE_LUMEN	GOCC_ENDOCYTIC_VESICLE_LUMEN	2/22	17/13324	0.000348677696805752	0.00784002849718857	0.00464371506839101	CALR/HSP90B1	2	Endocytic vesicle lumen
t6.beige.day3	t6	beige	day3	GOBP_BIOLOGICAL_PROCESS_INVOLVED_IN_INTERACTION_WITH_SYMBIONT	GOBP_BIOLOGICAL_PROCESS_INVOLVED_IN_INTERACTION_WITH_SYMBIONT	3/22	85/13324	0.000353503446754025	0.00784002849718857	0.00464371506839101	FASN/HSPA8/HSPD1	3	Biologicalprocessinvlvdinintrctnwthsymbnt.
t6.beige.day3	t6	beige	day3	REACTOME_INTEGRATION_OF_ENERGY_METABOLISM	REACTOME_INTEGRATION_OF_ENERGY_METABOLISM	3/22	85/13324	0.000353503446754025	0.00784002849718857	0.00464371506839101	CD36/ACLY/FASN	3	Integration of energy metabolism
t6.beige.day3	t6	beige	day3	GOBP_PRIMARY_MIRNA_PROCESSING	GOBP_PRIMARY_MIRNA_PROCESSING	2/22	18/13324	0.000391870221031046	0.00857348497093599	0.00507814753000402	DDX5/HNRNPA2B1	2	Primary mirna processing
t6.beige.day3	t6	beige	day3	GOBP_RESPONSE_TO_HEAT	GOBP_RESPONSE_TO_HEAT	3/22	89/13324	0.000404717442097502	0.00862154656257706	0.00510661481649342	DNAJA1/HSPA8/HSP90AB1	3	Response to heat
t6.beige.day3	t6	beige	day3	GOBP_SEQUESTERING_OF_CALCIUM_ION	GOBP_SEQUESTERING_OF_CALCIUM_ION	3/22	89/13324	0.000404717442097502	0.00862154656257706	0.00510661481649342	CALR/HSP90B1/ANXA6	3	Sequestering of calcium ion
t6.beige.day3	t6	beige	day3	GOMF_PROTEIN_RNA_ADAPTOR_ACTIVITY	GOMF_PROTEIN_RNA_ADAPTOR_ACTIVITY	2/22	19/13324	0.000437534741165398	0.00919959410320492	0.0054489972549785	YBX1/HNRNPA2B1	2	Protein RNA adaptor activity
t6.beige.day3	t6	beige	day3	REACTOME_ANTIGEN_PROCESSING_CROSS_PRESENTATION	REACTOME_ANTIGEN_PROCESSING_CROSS_PRESENTATION	3/22	92/13324	0.000446106723727436	0.00925957417582973	0.00548452395837644	CD36/CALR/UBC	3	Antigen processing cross presentation
t6.beige.day3	t6	beige	day3	GOBP_BIOLOGICAL_PROCESS_INVOLVED_IN_SYMBIOTIC_INTERACTION	GOBP_BIOLOGICAL_PROCESS_INVOLVED_IN_SYMBIOTIC_INTERACTION	4/22	227/13324	0.000471510471415159	0.00958889716427275	0.00567958474474333	FASN/HSPA8/HSP90AB1/HSPD1	4	Biologicalprocessinvolvedinsymbitcintrctn.
t6.beige.day3	t6	beige	day3	GOBP_CELLULAR_RESPONSE_TO_ORGANIC_CYCLIC_COMPOUND	GOBP_CELLULAR_RESPONSE_TO_ORGANIC_CYCLIC_COMPOUND	5/22	413/13324	0.000475379902943574	0.00958889716427275	0.00567958474474333	CALR/HSP90B1/DNAJA1/HSPA8/DDX5	5	Cell response to organic cyclic compound
t6.beige.day3	t6	beige	day3	GOBP_POSITIVE_REGULATION_OF_LIPID_STORAGE	GOBP_POSITIVE_REGULATION_OF_LIPID_STORAGE	2/22	20/13324	0.000485663722958842	0.00958889716427275	0.00567958474474333	CD36/LPL	2	Pos. reg. lipid storage
t6.beige.day3	t6	beige	day3	GOMF_MHC_CLASS_II_PROTEIN_COMPLEX_BINDING	GOMF_MHC_CLASS_II_PROTEIN_COMPLEX_BINDING	2/22	20/13324	0.000485663722958842	0.00958889716427275	0.00567958474474333	HSPA8/HSP90AB1	2	MHC II complex binding
t6.beige.day3	t6	beige	day3	GOBP_RNA_SPLICING	GOBP_RNA_SPLICING	5/22	424/13324	0.000536097023983582	0.00975492337885851	0.00577792347332018	NCL/HSPA8/YBX1/DDX5/HNRNPA2B1	5	RNA splicing
t6.beige.day3	t6	beige	day3	GOBP_CHAPERONE_MEDIATED_PROTEIN_COMPLEX_ASSEMBLY	GOBP_CHAPERONE_MEDIATED_PROTEIN_COMPLEX_ASSEMBLY	2/22	21/13324	0.000536249648374557	0.00975492337885851	0.00577792347332018	HSP90AB1/HSPD1	2	Chaperone mediated complex assembly
t6.beige.day3	t6	beige	day3	GOBP_CHOLESTEROL_STORAGE	GOBP_CHOLESTEROL_STORAGE	2/22	21/13324	0.000536249648374557	0.00975492337885851	0.00577792347332018	CD36/LPL	2	Cholesterol storage
t6.beige.day3	t6	beige	day3	GOCC_SMOOTH_ENDOPLASMIC_RETICULUM	GOCC_SMOOTH_ENDOPLASMIC_RETICULUM	2/22	21/13324	0.000536249648374557	0.00975492337885851	0.00577792347332018	CALR/HSP90B1	2	Smooth ER
t6.beige.day3	t6	beige	day3	GOMF_LOW_DENSITY_LIPOPROTEIN_PARTICLE_RECEPTOR_BINDING	GOMF_LOW_DENSITY_LIPOPROTEIN_PARTICLE_RECEPTOR_BINDING	2/22	21/13324	0.000536249648374557	0.00975492337885851	0.00577792347332018	HSP90B1/DNAJA1	2	Lowdensitylipoproteinparticlreceptorbndng.
t6.beige.day3	t6	beige	day3	REACTOME_NOTCH3_ACTIVATION_AND_TRANSMISSION_OF_SIGNAL_TO_THE_NUCLEUS	REACTOME_NOTCH3_ACTIVATION_AND_TRANSMISSION_OF_SIGNAL_TO_THE_NUCLEUS	2/22	21/13324	0.000536249648374557	0.00975492337885851	0.00577792347332018	YBX1/UBC	2	Notch3activationandtransmssnofsgnltthncls.
t6.beige.day3	t6	beige	day3	WP_MIRNA_TARGETS_IN_ECM_AND_MEMBRANE_RECEPTORS	WP_MIRNA_TARGETS_IN_ECM_AND_MEMBRANE_RECEPTORS	2/22	21/13324	0.000536249648374557	0.00975492337885851	0.00577792347332018	COL4A1/COL6A2	2	Mirnatargetsinecmandmembranereceptors.
t6.beige.day3	t6	beige	day3	GOMF_MHC_PROTEIN_COMPLEX_BINDING	GOMF_MHC_PROTEIN_COMPLEX_BINDING	2/22	22/13324	0.000589285015559536	0.0106005826687877	0.00627881461023085	HSPA8/HSP90AB1	2	MHC complex binding
t6.beige.day3	t6	beige	day3	GOMF_NUCLEAR_ANDROGEN_RECEPTOR_BINDING	GOMF_NUCLEAR_ANDROGEN_RECEPTOR_BINDING	2/22	23/13324	0.000644762338815328	0.0114711013905716	0.00679443019850508	CALR/DDX5	2	Nuclear androgen receptor binding
t6.beige.day3	t6	beige	day3	WP_FOCAL_ADHESION_PI3KAKTMTORSIGNALING	WP_FOCAL_ADHESION_PI3KAKTMTORSIGNALING	4/22	250/13324	0.000678220728749883	0.0119352104331094	0.00706932590264467	HSP90B1/COL4A1/HSP90AB1/COL6A2	4	Focal adhesion pi3kaktmtorsignaling
t6.beige.day3	t6	beige	day3	WP_PHOTODYNAMIC_THERAPYINDUCED_UNFOLDED_PROTEIN_RESPONSE	WP_PHOTODYNAMIC_THERAPYINDUCED_UNFOLDED_PROTEIN_RESPONSE	2/22	24/13324	0.000702674148568814	0.0122158095801216	0.00723552714638067	CALR/HSP90B1	2	Photodynamictherapyinducedunflddprtnrspns.
t6.beige.day3	t6	beige	day3	GOCC_ENDOPLASMIC_RETICULUM_LUMEN	GOCC_ENDOPLASMIC_RETICULUM_LUMEN	4/22	253/13324	0.000709256393163331	0.0122158095801216	0.00723552714638067	CALR/HSP90B1/COL4A1/COL6A2	4	ER lumen
t6.beige.day3	t6	beige	day3	GOBP_MRNA_PROCESSING	GOBP_MRNA_PROCESSING	5/22	458/13324	0.000761332926084495	0.0125077247329513	0.00740843095589783	NCL/HSPA8/YBX1/DDX5/HNRNPA2B1	5	mRNA processing
t6.beige.day3	t6	beige	day3	REACTOME_ATTENUATION_PHASE	REACTOME_ATTENUATION_PHASE	2/22	25/13324	0.000763012991343022	0.0125077247329513	0.00740843095589783	HSPA8/HSP90AB1	2	Attenuation phase
t6.beige.day3	t6	beige	day3	REACTOME_CALNEXIN_CALRETICULIN_CYCLE	REACTOME_CALNEXIN_CALRETICULIN_CYCLE	2/22	25/13324	0.000763012991343022	0.0125077247329513	0.00740843095589783	CALR/UBC	2	Calnexin calreticulin cycle
t6.beige.day3	t6	beige	day3	WP_LIPID_METABOLISM_PATHWAY	WP_LIPID_METABOLISM_PATHWAY	2/22	25/13324	0.000763012991343022	0.0125077247329513	0.00740843095589783	ACLY/FASN	2	Lipid metabolism pathway
t6.beige.day3	t6	beige	day3	GOBP_STEROID_HORMONE_MEDIATED_SIGNALING_PATHWAY	GOBP_STEROID_HORMONE_MEDIATED_SIGNALING_PATHWAY	3/22	112/13324	0.000792530385456215	0.0125077247329513	0.00740843095589783	CALR/DNAJA1/DDX5	3	Steroidhormonemediatedsignalingpathway.
t6.beige.day3	t6	beige	day3	GOMF_HEAT_SHOCK_PROTEIN_BINDING	GOMF_HEAT_SHOCK_PROTEIN_BINDING	3/22	112/13324	0.000792530385456215	0.0125077247329513	0.00740843095589783	DNAJA1/HSPA8/HSP90AB1	3	Heat shock protein binding
t6.beige.day3	t6	beige	day3	GOMF_SINGLE_STRANDED_DNA_BINDING	GOMF_SINGLE_STRANDED_DNA_BINDING	3/22	113/13324	0.000813275166437272	0.0125077247329513	0.00740843095589783	HSPD1/YBX1/HNRNPA2B1	3	Single stranded dna binding
t6.beige.day3	t6	beige	day3	GOBP_RESPONSE_TO_STEROID_HORMONE	GOBP_RESPONSE_TO_STEROID_HORMONE	4/22	263/13324	0.000820018457015291	0.0125077247329513	0.00740843095589783	CALR/DNAJA1/HSPA8/DDX5	4	Response to steroid hormone
t6.beige.day3	t6	beige	day3	GOBP_REGULATION_OF_MACROPHAGE_DERIVED_FOAM_CELL_DIFFERENTIATION	GOBP_REGULATION_OF_MACROPHAGE_DERIVED_FOAM_CELL_DIFFERENTIATION	2/22	26/13324	0.000825771429728015	0.0125077247329513	0.00740843095589783	CD36/LPL	2	Regulationofmacrophagderivedfmclldffrnttn.
t6.beige.day3	t6	beige	day3	GOMF_LIPOPROTEIN_PARTICLE_RECEPTOR_BINDING	GOMF_LIPOPROTEIN_PARTICLE_RECEPTOR_BINDING	2/22	26/13324	0.000825771429728015	0.0125077247329513	0.00740843095589783	HSP90B1/DNAJA1	2	Lipoprotein particle receptor binding
t6.beige.day3	t6	beige	day3	WP_PI3KAKT_SIGNALING	WP_PI3KAKT_SIGNALING	4/22	264/13324	0.000831730447135476	0.0125077247329513	0.00740843095589783	HSP90B1/COL4A1/HSP90AB1/COL6A2	4	Pi3kakt signaling
t6.beige.day3	t6	beige	day3	GOBP_INTERLEUKIN_6_PRODUCTION	GOBP_INTERLEUKIN_6_PRODUCTION	3/22	114/13324	0.00083436335463789	0.0125077247329513	0.00740843095589783	CD36/LPL/HSPD1	3	Interleukin 6 production
t6.beige.day3	t6	beige	day3	GOBP_POSITIVE_REGULATION_OF_ENDOCYTOSIS	GOBP_POSITIVE_REGULATION_OF_ENDOCYTOSIS	3/22	114/13324	0.00083436335463789	0.0125077247329513	0.00740843095589783	CD36/CALR/HSPA8	3	Pos. reg. endocytosis
t6.beige.day3	t6	beige	day3	GOCC_FICOLIN_1_RICH_GRANULE_LUMEN	GOCC_FICOLIN_1_RICH_GRANULE_LUMEN	3/22	114/13324	0.00083436335463789	0.0125077247329513	0.00740843095589783	ACLY/HSPA8/HSP90AB1	3	Ficolin 1 rich granule lumen
t6.beige.day3	t6	beige	day3	WP_SUDDEN_INFANT_DEATH_SYNDROME_SIDS_SUSCEPTIBILITY_PATHWAYS	WP_SUDDEN_INFANT_DEATH_SYNDROME_SIDS_SUSCEPTIBILITY_PATHWAYS	3/22	115/13324	0.000855797244766578	0.0125429144918917	0.00742927414720806	HSP90B1/HSPD1/YBX1	3	Suddeninfantdeathsyndrmsdssscptbltypthwys.
t6.beige.day3	t6	beige	day3	GOBP_POSITIVE_REGULATION_OF_RESPONSE_TO_EXTERNAL_STIMULUS	GOBP_POSITIVE_REGULATION_OF_RESPONSE_TO_EXTERNAL_STIMULUS	5/22	472/13324	0.000872318897096837	0.0125429144918917	0.00742927414720806	CD36/LPL/CALR/HSPA8/HSPD1	5	Pos. reg. response to external stimulus
t6.beige.day3	t6	beige	day3	GOBP_SMALL_MOLECULE_BIOSYNTHETIC_PROCESS	GOBP_SMALL_MOLECULE_BIOSYNTHETIC_PROCESS	5/22	472/13324	0.000872318897096837	0.0125429144918917	0.00742927414720806	LPL/ACLY/SCD/FASN/GLUL	5	Small molecule biosynthetic process
t6.beige.day3	t6	beige	day3	WP_ANGIOPOIETINLIKE_PROTEIN_8_REGULATORY_PATHWAY	WP_ANGIOPOIETINLIKE_PROTEIN_8_REGULATORY_PATHWAY	3/22	116/13324	0.000877579119314235	0.0125429144918917	0.00742927414720806	LPL/SCD/FASN	3	Angiopoietinlikeprotein8regulatorypathway.
t6.beige.day3	t6	beige	day3	GOBP_POSITIVE_REGULATION_OF_MRNA_PROCESSING	GOBP_POSITIVE_REGULATION_OF_MRNA_PROCESSING	2/22	27/13324	0.000890942042351789	0.0125429144918917	0.00742927414720806	NCL/HSPA8	2	Pos. reg. mRNA processing
t6.beige.day3	t6	beige	day3	REACTOME_NCAM1_INTERACTIONS	REACTOME_NCAM1_INTERACTIONS	2/22	27/13324	0.000890942042351789	0.0125429144918917	0.00742927414720806	COL4A1/COL6A2	2	Ncam1 interactions
t6.beige.day3	t6	beige	day3	WP_VITAMIN_A_AND_CAROTENOID_METABOLISM	WP_VITAMIN_A_AND_CAROTENOID_METABOLISM	2/22	27/13324	0.000890942042351789	0.0125429144918917	0.00742927414720806	CD36/LPL	2	Vitamin a and carotenoid metabolism
t6.beige.day3	t6	beige	day3	REACTOME_PROCESSING_OF_CAPPED_INTRON_CONTAINING_PRE_MRNA	REACTOME_PROCESSING_OF_CAPPED_INTRON_CONTAINING_PRE_MRNA	4/22	274/13324	0.000955467981802884	0.0132635872582494	0.00785613471100759	HSPA8/YBX1/DDX5/HNRNPA2B1	4	Processingofcappedintroncontainingpremrna.
t6.beige.day3	t6	beige	day3	GOMF_S_ACYLTRANSFERASE_ACTIVITY	GOMF_S_ACYLTRANSFERASE_ACTIVITY	2/22	28/13324	0.000958517423851256	0.0132635872582494	0.00785613471100759	FASN/GLUL	2	S acyltransferase activity
t6.beige.day3	t6	beige	day3	GOCC_ENDOCYTIC_VESICLE	GOCC_ENDOCYTIC_VESICLE	4/22	276/13324	0.000981694527019201	0.0134129278655812	0.00794459041353954	CD36/CALR/HSP90B1/UBC	4	Endocytic vesicle
t6.beige.day3	t6	beige	day3	GOMF_ATP_DEPENDENT_ACTIVITY	GOMF_ATP_DEPENDENT_ACTIVITY	5/22	485/13324	0.000985879194567118	0.0134129278655812	0.00794459041353954	HSP90B1/HSPA8/HSP90AB1/HSPD1/DDX5	5	ATP dependent activity
t6.beige.day3	t6	beige	day3	GOBP_CELLULAR_RESPONSE_TO_HORMONE_STIMULUS	GOBP_CELLULAR_RESPONSE_TO_HORMONE_STIMULUS	5/22	487/13324	0.00100428826935239	0.013437543041996	0.00795917019034387	CALR/DNAJA1/NCL/HSPA8/DDX5	5	Cell response to hormone stimulus
t6.beige.day3	t6	beige	day3	REACTOME_NERVOUS_SYSTEM_DEVELOPMENT	REACTOME_NERVOUS_SYSTEM_DEVELOPMENT	5/22	487/13324	0.00100428826935239	0.013437543041996	0.00795917019034387	COL4A1/HSPA8/HSP90AB1/UBC/COL6A2	5	Nervous system development
t6.beige.day3	t6	beige	day3	GOBP_POSITIVE_REGULATION_OF_INTERLEUKIN_12_PRODUCTION	GOBP_POSITIVE_REGULATION_OF_INTERLEUKIN_12_PRODUCTION	2/22	29/13324	0.00102849018484324	0.0135376065793593	0.0080184386683114	CD36/HSPD1	2	Pos. reg. interleukin 12 production
t6.beige.day3	t6	beige	day3	GOBP_RESPONSE_TO_INTERLEUKIN_4	GOBP_RESPONSE_TO_INTERLEUKIN_4	2/22	29/13324	0.00102849018484324	0.0135376065793593	0.0080184386683114	FASN/HSP90AB1	2	Response to interleukin 4
t6.beige.day3	t6	beige	day3	GOBP_MONOCARBOXYLIC_ACID_METABOLIC_PROCESS	GOBP_MONOCARBOXYLIC_ACID_METABOLIC_PROCESS	5/22	496/13324	0.00109033809496532	0.0141450867390386	0.00837825429554578	CD36/LPL/ACLY/SCD/FASN	5	Monocarboxylic acid metabolic process
t6.beige.day3	t6	beige	day3	GOBP_POSITIVE_REGULATION_OF_NITRIC_OXIDE_METABOLIC_PROCESS	GOBP_POSITIVE_REGULATION_OF_NITRIC_OXIDE_METABOLIC_PROCESS	2/22	30/13324	0.00110085295189553	0.0141450867390386	0.00837825429554578	CD36/HSP90AB1	2	Pos. reg. nitric oxide metabolic process
t6.beige.day3	t6	beige	day3	REACTOME_LATE_ENDOSOMAL_MICROAUTOPHAGY	REACTOME_LATE_ENDOSOMAL_MICROAUTOPHAGY	2/22	30/13324	0.00110085295189553	0.0141450867390386	0.00837825429554578	HSPA8/UBC	2	Late endosomal microautophagy
t6.beige.day3	t6	beige	day3	GOBP_PROTEIN_LOCALIZATION_TO_NUCLEUS	GOBP_PROTEIN_LOCALIZATION_TO_NUCLEUS	4/22	287/13324	0.00113512496386708	0.01442917787148	0.0085465238717326	CD36/CALR/GLUL/HSPA8	4	Protein localization to nucleus
t6.beige.day3	t6	beige	day3	GOBP_NEGATIVE_REGULATION_OF_TRANSLATION	GOBP_NEGATIVE_REGULATION_OF_TRANSLATION	3/22	127/13324	0.00114078737958582	0.01442917787148	0.0085465238717326	CALR/NCL/YBX1	3	Negative regulation of translation
t6.beige.day3	t6	beige	day3	GOBP_CELLULAR_RESPONSE_TO_LIPOPROTEIN_PARTICLE_STIMULUS	GOBP_CELLULAR_RESPONSE_TO_LIPOPROTEIN_PARTICLE_STIMULUS	2/22	31/13324	0.00117559836749802	0.0147542151703822	0.00873904620800244	CD36/LPL	2	Cellresponsetolipoproteinparticlestimulus.
t6.beige.day3	t6	beige	day3	GOBP_REGULATION_OF_PROTEIN_STABILITY	GOBP_REGULATION_OF_PROTEIN_STABILITY	4/22	292/13324	0.00121016734990634	0.0150712379961412	0.00892682150416739	CALR/HSPA8/HSP90AB1/HSPD1	4	Regulation of protein stability
t6.beige.day3	t6	beige	day3	GOBP_REGULATION_OF_INFLAMMASOME_MEDIATED_SIGNALING_PATHWAY	GOBP_REGULATION_OF_INFLAMMASOME_MEDIATED_SIGNALING_PATHWAY	2/22	32/13324	0.00125271909003381	0.0152993658919937	0.00906194358285248	CD36/HSPA8	2	Regulationofinflammasommediatdsgnlngpthwy.
t6.beige.day3	t6	beige	day3	REACTOME_HSF1_DEPENDENT_TRANSACTIVATION	REACTOME_HSF1_DEPENDENT_TRANSACTIVATION	2/22	32/13324	0.00125271909003381	0.0152993658919937	0.00906194358285248	HSPA8/HSP90AB1	2	Hsf1 dependent transactivation
t6.beige.day3	t6	beige	day3	GOBP_RNA_SPLICING_VIA_TRANSESTERIFICATION_REACTIONS	GOBP_RNA_SPLICING_VIA_TRANSESTERIFICATION_REACTIONS	4/22	295/13324	0.00125683487562394	0.0152993658919937	0.00906194358285248	NCL/HSPA8/DDX5/HNRNPA2B1	4	Rnasplicingvitransesterificationreactions.
t6.beige.day3	t6	beige	day3	GOBP_POSITIVE_REGULATION_OF_MRNA_METABOLIC_PROCESS	GOBP_POSITIVE_REGULATION_OF_MRNA_METABOLIC_PROCESS	3/22	132/13324	0.00127523069656204	0.0154074514756265	0.00912596358655162	NCL/HSPA8/YBX1	3	Pos. reg. mRNA metabolic process
t6.beige.day3	t6	beige	day3	GOBP_FOAM_CELL_DIFFERENTIATION	GOBP_FOAM_CELL_DIFFERENTIATION	2/22	33/13324	0.00133220779375043	0.0159766253191255	0.00946309005931104	CD36/LPL	2	Foam cell differentiation
t6.beige.day3	t6	beige	day3	GOBP_REGULATION_OF_PHOSPHOPROTEIN_PHOSPHATASE_ACTIVITY	GOBP_REGULATION_OF_PHOSPHOPROTEIN_PHOSPHATASE_ACTIVITY	2/22	34/13324	0.00141405716873107	0.0165895547548957	0.0098261333387796	HSP90B1/HSP90AB1	2	Regulationofphosphoproteinphosphatsactvty.
t6.beige.day3	t6	beige	day3	GOMF_MIRNA_BINDING	GOMF_MIRNA_BINDING	2/22	34/13324	0.00141405716873107	0.0165895547548957	0.0098261333387796	YBX1/HNRNPA2B1	2	Mirna binding
t6.beige.day3	t6	beige	day3	REACTOME_N_GLYCAN_TRIMMING_IN_THE_ER_AND_CALNEXIN_CALRETICULIN_CYCLE	REACTOME_N_GLYCAN_TRIMMING_IN_THE_ER_AND_CALNEXIN_CALRETICULIN_CYCLE	2/22	34/13324	0.00141405716873107	0.0165895547548957	0.0098261333387796	CALR/UBC	2	Nglycantrimmingintherandcalnxnclrtclncycl.
t6.beige.day3	t6	beige	day3	GOBP_NUCLEAR_TRANSPORT	GOBP_NUCLEAR_TRANSPORT	4/22	308/13324	0.0014737879851655	0.0171113942604113	0.0101352232835309	CD36/CALR/HSPA8/HNRNPA2B1	4	Nuclear transport
t6.beige.day3	t6	beige	day3	HALLMARK_FATTY_ACID_METABOLISM	HALLMARK_FATTY_ACID_METABOLISM	3/22	139/13324	0.00147967584710165	0.0171113942604113	0.0101352232835309	CD36/FASN/GLUL	3	Fatty acid metabolism
t6.beige.day3	t6	beige	day3	GOBP_INFLAMMASOME_MEDIATED_SIGNALING_PATHWAY	GOBP_INFLAMMASOME_MEDIATED_SIGNALING_PATHWAY	2/22	35/13324	0.00149825992086589	0.0172034241977438	0.0101897333923764	CD36/HSPA8	2	Inflammasome mediated signaling pathway
t6.beige.day3	t6	beige	day3	GOCC_VACUOLAR_LUMEN	GOCC_VACUOLAR_LUMEN	3/22	142/13324	0.00157324265208564	0.0174544585141629	0.0103384231373508	ACLY/HSPA8/PSAP	3	Vacuolar lumen
t6.beige.day3	t6	beige	day3	GOBP_PROTEIN_TRANSMEMBRANE_IMPORT_INTO_INTRACELLULAR_ORGANELLE	GOBP_PROTEIN_TRANSMEMBRANE_IMPORT_INTO_INTRACELLULAR_ORGANELLE	2/22	36/13324	0.00158480877182331	0.0174544585141629	0.0103384231373508	HSPA8/HSPD1	2	Proteintransmembrnimprtintintrclllrorgnll.
t6.beige.day3	t6	beige	day3	GOCC_LUMENAL_SIDE_OF_MEMBRANE	GOCC_LUMENAL_SIDE_OF_MEMBRANE	2/22	36/13324	0.00158480877182331	0.0174544585141629	0.0103384231373508	CALR/HSPA8	2	Lumenal side of membrane
t6.beige.day3	t6	beige	day3	GOMF_EXTRACELLULAR_MATRIX_STRUCTURAL_CONSTITUENT_CONFERRING_TENSILE_STRENGTH	GOMF_EXTRACELLULAR_MATRIX_STRUCTURAL_CONSTITUENT_CONFERRING_TENSILE_STRENGTH	2/22	36/13324	0.00158480877182331	0.0174544585141629	0.0103384231373508	COL4A1/COL6A2	2	Ecmstructuralconstituntcnfrrngtnslstrngth.
t6.beige.day3	t6	beige	day3	REACTOME_COLLAGEN_CHAIN_TRIMERIZATION	REACTOME_COLLAGEN_CHAIN_TRIMERIZATION	2/22	36/13324	0.00158480877182331	0.0174544585141629	0.0103384231373508	COL4A1/COL6A2	2	Collagen chain trimerization
t6.beige.day3	t6	beige	day3	REACTOME_SMAD2_SMAD3_SMAD4_HETEROTRIMER_REGULATES_TRANSCRIPTION	REACTOME_SMAD2_SMAD3_SMAD4_HETEROTRIMER_REGULATES_TRANSCRIPTION	2/22	36/13324	0.00158480877182331	0.0174544585141629	0.0103384231373508	YBX1/UBC	2	Smad2smad3smad4heterotrimerrgltstrnscrptn.
t6.beige.day3	t6	beige	day3	REACTOME_AUTOPHAGY	REACTOME_AUTOPHAGY	3/22	143/13324	0.00160523920442734	0.0175600153511343	0.0104009453430534	HSPA8/HSP90AB1/UBC	3	Autophagy
t6.beige.day3	t6	beige	day3	GOMF_TELOMERIC_DNA_BINDING	GOMF_TELOMERIC_DNA_BINDING	2/22	37/13324	0.00167369645902146	0.0181860038064144	0.0107717235900286	NCL/HNRNPA2B1	2	Telomeric dna binding
t6.beige.day3	t6	beige	day3	REACTOME_FATTY_ACID_METABOLISM	REACTOME_FATTY_ACID_METABOLISM	3/22	146/13324	0.00170367907675952	0.0183883761684911	0.010891590448617	ACLY/SCD/FASN	3	Fatty acid metabolism
t6.beige.day3	t6	beige	day3	GOBP_POSITIVE_REGULATION_OF_RNA_SPLICING	GOBP_POSITIVE_REGULATION_OF_RNA_SPLICING	2/22	38/13324	0.00176491573559952	0.0189231693770571	0.0112083529810468	NCL/HSPA8	2	Pos. reg. RNA splicing
t6.beige.day3	t6	beige	day3	GOBP_HORMONE_MEDIATED_SIGNALING_PATHWAY	GOBP_HORMONE_MEDIATED_SIGNALING_PATHWAY	3/22	149/13324	0.00180583472922954	0.0191646224245874	0.0113513676595684	CALR/DNAJA1/DDX5	3	Hormone mediated signaling pathway
t6.beige.day3	t6	beige	day3	GOCC_FICOLIN_1_RICH_GRANULE	GOCC_FICOLIN_1_RICH_GRANULE	3/22	150/13324	0.00184072122898587	0.0191646224245874	0.0113513676595684	ACLY/HSPA8/HSP90AB1	3	Ficolin 1 rich granule
t6.beige.day3	t6	beige	day3	REACTOME_TOLL_LIKE_RECEPTOR_CASCADES	REACTOME_TOLL_LIKE_RECEPTOR_CASCADES	3/22	150/13324	0.00184072122898587	0.0191646224245874	0.0113513676595684	CD36/HSP90B1/UBC	3	Toll like receptor cascades
t6.beige.day3	t6	beige	day3	GOCC_PROTEIN_FOLDING_CHAPERONE_COMPLEX	GOCC_PROTEIN_FOLDING_CHAPERONE_COMPLEX	2/22	39/13324	0.00185845937038927	0.0191646224245874	0.0113513676595684	HSPA8/HSP90AB1	2	Protein folding chaperone complex
t6.beige.day3	t6	beige	day3	WP_METABOLIC_REPROGRAMMING_IN_COLON_CANCER	WP_METABOLIC_REPROGRAMMING_IN_COLON_CANCER	2/22	39/13324	0.00185845937038927	0.0191646224245874	0.0113513676595684	ACLY/FASN	2	Metabolic reprogramming in colon cancer
t6.beige.day3	t6	beige	day3	WP_METABOLIC_REPROGRAMMING_IN_PANCREATIC_CANCER	WP_METABOLIC_REPROGRAMMING_IN_PANCREATIC_CANCER	2/22	39/13324	0.00185845937038927	0.0191646224245874	0.0113513676595684	ACLY/FASN	2	Metabolicreprogramminginpancreaticcancer.
t6.beige.day3	t6	beige	day3	GOBP_ANDROGEN_RECEPTOR_SIGNALING_PATHWAY	GOBP_ANDROGEN_RECEPTOR_SIGNALING_PATHWAY	2/22	40/13324	0.00195432014788655	0.0200255969584072	0.0118613301447345	DNAJA1/DDX5	2	Androgen receptor signaling pathway
t6.beige.day3	t6	beige	day3	GOCC_ENDOCYTIC_VESICLE_MEMBRANE	GOCC_ENDOCYTIC_VESICLE_MEMBRANE	3/22	154/13324	0.00198449027723559	0.0202068538292102	0.0119686901195738	CD36/CALR/UBC	3	Endocytic vesicle membrane
t6.beige.day3	t6	beige	day3	GOBP_DE_NOVO_PROTEIN_FOLDING	GOBP_DE_NOVO_PROTEIN_FOLDING	2/22	41/13324	0.00205249086822287	0.0206396441966014	0.0122250355080159	HSPA8/HSPD1	2	De novo protein folding
t6.beige.day3	t6	beige	day3	REACTOME_NR1H2_AND_NR1H3_MEDIATED_SIGNALING	REACTOME_NR1H2_AND_NR1H3_MEDIATED_SIGNALING	2/22	41/13324	0.00205249086822287	0.0206396441966014	0.0122250355080159	SCD/FASN	2	Nr1h2 and nr1h3 mediated signaling
t6.beige.day3	t6	beige	day3	GOBP_MODULATION_BY_HOST_OF_VIRAL_PROCESS	GOBP_MODULATION_BY_HOST_OF_VIRAL_PROCESS	2/22	42/13324	0.00215296434713699	0.0209978872169565	0.0124372258734419	FASN/HSPA8	2	Modulation by host of viral process
t6.beige.day3	t6	beige	day3	GOBP_POSITIVE_REGULATION_OF_INTERLEUKIN_1_BETA_PRODUCTION	GOBP_POSITIVE_REGULATION_OF_INTERLEUKIN_1_BETA_PRODUCTION	2/22	42/13324	0.00215296434713699	0.0209978872169565	0.0124372258734419	CD36/LPL	2	Pos. reg. interleukin 1 beta production
t6.beige.day3	t6	beige	day3	GOBP_REGULATION_OF_PHOSPHATASE_ACTIVITY	GOBP_REGULATION_OF_PHOSPHATASE_ACTIVITY	2/22	42/13324	0.00215296434713699	0.0209978872169565	0.0124372258734419	HSP90B1/HSP90AB1	2	Regulation of phosphatase activity
t6.beige.day3	t6	beige	day3	GOMF_REGULATORY_RNA_BINDING	GOMF_REGULATORY_RNA_BINDING	2/22	42/13324	0.00215296434713699	0.0209978872169565	0.0124372258734419	YBX1/HNRNPA2B1	2	Regulatory RNA binding
t6.beige.day3	t6	beige	day3	REACTOME_ACTIVATION_OF_GENE_EXPRESSION_BY_SREBF_SREBP	REACTOME_ACTIVATION_OF_GENE_EXPRESSION_BY_SREBF_SREBP	2/22	42/13324	0.00215296434713699	0.0209978872169565	0.0124372258734419	SCD/FASN	2	Activation  by SREBF SREBP
t6.beige.day3	t6	beige	day3	GOBP_INTERLEUKIN_12_PRODUCTION	GOBP_INTERLEUKIN_12_PRODUCTION	2/22	43/13324	0.00225573341594655	0.0214825435318674	0.0127242919004787	CD36/HSPD1	2	Interleukin 12 production
t6.beige.day3	t6	beige	day3	GOBP_MIRNA_PROCESSING	GOBP_MIRNA_PROCESSING	2/22	43/13324	0.00225573341594655	0.0214825435318674	0.0127242919004787	DDX5/HNRNPA2B1	2	Mirna processing
t6.beige.day3	t6	beige	day3	REACTOME_SIGNALING_BY_NOTCH3	REACTOME_SIGNALING_BY_NOTCH3	2/22	43/13324	0.00225573341594655	0.0214825435318674	0.0127242919004787	YBX1/UBC	2	Signaling by notch3
t6.beige.day3	t6	beige	day3	WP_ARYL_HYDROCARBON_RECEPTOR_PATHWAY_WP2586	WP_ARYL_HYDROCARBON_RECEPTOR_PATHWAY_WP2586	2/22	43/13324	0.00225573341594655	0.0214825435318674	0.0127242919004787	CD36/LPL	2	Aryl hydrocarbon receptor pathway wp2586
t6.beige.day3	t6	beige	day3	HALLMARK_MYOGENESIS	HALLMARK_MYOGENESIS	3/22	163/13324	0.00233317439349209	0.0220901131173315	0.0130841604953604	CD36/SCD/COL6A2	3	Myogenesis
t6.beige.day3	t6	beige	day3	WP_CHOLESTEROL_METABOLISM_WITH_BLOCH_AND_KANDUTSCHRUSSELL_PATHWAYS	WP_CHOLESTEROL_METABOLISM_WITH_BLOCH_AND_KANDUTSCHRUSSELL_PATHWAYS	2/22	44/13324	0.00236079092151985	0.0220931820921424	0.0130859782750507	SCD/FASN	2	Cholesterol metabolism: bloch & kandut.
t6.beige.day3	t6	beige	day3	WP_EXERCISEINDUCED_CIRCADIAN_REGULATION	WP_EXERCISEINDUCED_CIRCADIAN_REGULATION	2/22	44/13324	0.00236079092151985	0.0220931820921424	0.0130859782750507	DNAJA1/HSPA8	2	Exerciseinduced circadian regulation
t6.beige.day3	t6	beige	day3	GOBP_REGULATION_OF_LIPID_STORAGE	GOBP_REGULATION_OF_LIPID_STORAGE	2/22	45/13324	0.00246812972624752	0.0229649541769812	0.0136023362408438	CD36/LPL	2	Regulation of lipid storage
t6.beige.day3	t6	beige	day3	GOBP_MAINTENANCE_OF_LOCATION_IN_CELL	GOBP_MAINTENANCE_OF_LOCATION_IN_CELL	3/22	168/13324	0.00254234000443899	0.0235202769553527	0.0139312586107905	CALR/HSP90B1/ANXA6	3	Maintenance of location in cell
t6.beige.day3	t6	beige	day3	REACTOME_NCAM_SIGNALING_FOR_NEURITE_OUT_GROWTH	REACTOME_NCAM_SIGNALING_FOR_NEURITE_OUT_GROWTH	2/22	46/13324	0.00257774270801433	0.0236495058180951	0.0140078019572085	COL4A1/COL6A2	2	Ncam signaling for neurite out growth
t6.beige.day3	t6	beige	day3	GOBP_CELLULAR_RESPONSE_TO_INORGANIC_SUBSTANCE	GOBP_CELLULAR_RESPONSE_TO_INORGANIC_SUBSTANCE	3/22	169/13324	0.00258552348968674	0.0236495058180951	0.0140078019572085	CALR/HSP90B1/HSPA8	3	Cell response to inorganic substance
t6.beige.day3	t6	beige	day3	GOBP_POSITIVE_REGULATION_OF_IMMUNE_EFFECTOR_PROCESS	GOBP_POSITIVE_REGULATION_OF_IMMUNE_EFFECTOR_PROCESS	3/22	171/13324	0.00267325427273686	0.0243145992559605	0.0144017424155132	CD36/HSPA8/HSPD1	3	Pos. reg. immune effector process
t6.beige.day3	t6	beige	day3	GOMF_PRE_MRNA_BINDING	GOMF_PRE_MRNA_BINDING	2/22	47/13324	0.00268962276017105	0.024326811445346	0.0144089757983877	DDX5/HNRNPA2B1	2	Pre mRNA binding
t6.beige.day3	t6	beige	day3	REACTOME_TRANSCRIPTIONAL_ACTIVITY_OF_SMAD2_SMAD3_SMAD4_HETEROTRIMER	REACTOME_TRANSCRIPTIONAL_ACTIVITY_OF_SMAD2_SMAD3_SMAD4_HETEROTRIMER	2/22	49/13324	0.00292015572621851	0.0262651784485987	0.015557086939094	YBX1/UBC	2	Transcriptionlactvtyofsmd2smd3smd4htrtrmr.
t6.beige.day3	t6	beige	day3	GOBP_PHAGOCYTOSIS	GOBP_PHAGOCYTOSIS	3/22	177/13324	0.00294747555644341	0.026364436054596	0.0156158780571093	CD36/CALR/HSPA8	3	Phagocytosis
t6.beige.day3	t6	beige	day3	GOBP_RESPONSE_TO_CARBOHYDRATE	GOBP_RESPONSE_TO_CARBOHYDRATE	3/22	178/13324	0.0029948044921038	0.0266405960039344	0.0157794499265851	LPL/GLUL/COL6A2	3	Response to carbohydrate
t6.beige.day3	t6	beige	day3	GOBP_POSITIVE_REGULATION_OF_DEFENSE_RESPONSE	GOBP_POSITIVE_REGULATION_OF_DEFENSE_RESPONSE	4/22	375/13324	0.00302170760410019	0.0267330306614109	0.0158341997545888	CD36/LPL/HSPA8/HSPD1	4	Pos. reg. defense response
t6.beige.day3	t6	beige	day3	GOBP_POSITIVE_REGULATION_OF_T_CELL_MEDIATED_IMMUNITY	GOBP_POSITIVE_REGULATION_OF_T_CELL_MEDIATED_IMMUNITY	2/22	50/13324	0.00303879450388786	0.0267380885967089	0.0158371956123675	HSPA8/HSPD1	2	Pos. reg. t cell mediated immunity
t6.beige.day3	t6	beige	day3	GOBP_POSITIVE_REGULATION_OF_INTERLEUKIN_1_PRODUCTION	GOBP_POSITIVE_REGULATION_OF_INTERLEUKIN_1_PRODUCTION	2/22	51/13324	0.0031596720794483	0.0275027370786387	0.0162901033637657	CD36/LPL	2	Pos. reg. interleukin 1 production
t6.beige.day3	t6	beige	day3	GOBP_REGULATION_OF_NITRIC_OXIDE_METABOLIC_PROCESS	GOBP_REGULATION_OF_NITRIC_OXIDE_METABOLIC_PROCESS	2/22	51/13324	0.0031596720794483	0.0275027370786387	0.0162901033637657	CD36/HSP90AB1	2	Regulationofnitricoxidemetabolicprocess.
t6.beige.day3	t6	beige	day3	REACTOME_SIGNALING_BY_PDGF	REACTOME_SIGNALING_BY_PDGF	2/22	52/13324	0.00328278142315963	0.028421514032596	0.0168343027103767	COL4A1/COL6A2	2	Signaling by pdgf
t6.beige.day3	t6	beige	day3	REACTOME_ASSEMBLY_OF_COLLAGEN_FIBRILS_AND_OTHER_MULTIMERIC_STRUCTURES	REACTOME_ASSEMBLY_OF_COLLAGEN_FIBRILS_AND_OTHER_MULTIMERIC_STRUCTURES	2/22	53/13324	0.00340811552057962	0.02904073172536	0.0172010705775514	COL4A1/COL6A2	2	Assemblyofcollgnfbrlsandothrmltmrcstrctrs.
t6.beige.day3	t6	beige	day3	REACTOME_AUF1_HNRNP_D0_BINDS_AND_DESTABILIZES_MRNA	REACTOME_AUF1_HNRNP_D0_BINDS_AND_DESTABILIZES_MRNA	2/22	53/13324	0.00340811552057962	0.02904073172536	0.0172010705775514	HSPA8/UBC	2	Auf1 hnrnp d0 binds and destabilizes mRNA
t6.beige.day3	t6	beige	day3	REACTOME_NUCLEOTIDE_BINDING_DOMAIN_LEUCINE_RICH_REPEAT_CONTAINING_RECEPTOR_NLR_SIGNALING_PATHWAYS	REACTOME_NUCLEOTIDE_BINDING_DOMAIN_LEUCINE_RICH_REPEAT_CONTAINING_RECEPTOR_NLR_SIGNALING_PATHWAYS	2/22	53/13324	0.00340811552057962	0.02904073172536	0.0172010705775514	HSP90AB1/UBC	2	Ncltdbndngdmnlcnrchrptcntnngrcptrnlrsgnlp.
t6.beige.day3	t6	beige	day3	GOMF_AMIDE_BINDING	GOMF_AMIDE_BINDING	3/22	188/13324	0.00349412531226871	0.029617742830173	0.0175428391263532	CD36/FASN/PSAP	3	Amide binding
t6.beige.day3	t6	beige	day3	GOMF_PHOSPHATIDYLSERINE_BINDING	GOMF_PHOSPHATIDYLSERINE_BINDING	2/22	54/13324	0.00353566737253608	0.0296593029851602	0.0175674555570241	HSPA8/ANXA6	2	Phosphatidylserine binding
t6.beige.day3	t6	beige	day3	REACTOME_COLLAGEN_DEGRADATION	REACTOME_COLLAGEN_DEGRADATION	2/22	54/13324	0.00353566737253608	0.0296593029851602	0.0175674555570241	COL4A1/COL6A2	2	Collagen degradation
t6.beige.day3	t6	beige	day3	GOBP_PROTEIN_STABILIZATION	GOBP_PROTEIN_STABILIZATION	3/22	190/13324	0.00359974828934281	0.0300411983528145	0.0177936554074406	CALR/HSP90AB1/HSPD1	3	Protein stabilization
t6.beige.day3	t6	beige	day3	HALLMARK_MYC_TARGETS_V1	HALLMARK_MYC_TARGETS_V1	3/22	191/13324	0.00365328930703516	0.030277199806457	0.0179334410608773	HSP90AB1/HSPD1/HNRNPA2B1	3	Myc targets v1
t6.beige.day3	t6	beige	day3	REACTOME_REGULATION_OF_CHOLESTEROL_BIOSYNTHESIS_BY_SREBP_SREBF	REACTOME_REGULATION_OF_CHOLESTEROL_BIOSYNTHESIS_BY_SREBP_SREBF	2/22	55/13324	0.00366542999509918	0.030277199806457	0.0179334410608773	SCD/FASN	2	Regulationofcholesterolbsynthssbysrbpsrbf.
t6.beige.day3	t6	beige	day3	KEGG_NOD_LIKE_RECEPTOR_SIGNALING_PATHWAY	KEGG_NOD_LIKE_RECEPTOR_SIGNALING_PATHWAY	2/22	56/13324	0.00379739641955359	0.0312080446865851	0.0184847883420428	HSP90B1/HSP90AB1	2	Nod like receptor signaling pathway
t6.beige.day3	t6	beige	day3	GOBP_REGULATORY_NCRNA_PROCESSING	GOBP_REGULATORY_NCRNA_PROCESSING	2/22	58/13324	0.00406791287518146	0.0330952308789888	0.0196025846563888	DDX5/HNRNPA2B1	2	Regulatory ncRNA processing
t6.beige.day3	t6	beige	day3	GOMF_CALCIUM_DEPENDENT_PROTEIN_BINDING	GOMF_CALCIUM_DEPENDENT_PROTEIN_BINDING	2/22	58/13324	0.00406791287518146	0.0330952308789888	0.0196025846563888	ANXA6/DDX5	2	Calcium dependent protein binding
t6.beige.day3	t6	beige	day3	GOBP_RESPONSE_TO_INORGANIC_SUBSTANCE	GOBP_RESPONSE_TO_INORGANIC_SUBSTANCE	4/22	408/13324	0.00409022996523812	0.0331104115686026	0.0196115763070101	CD36/CALR/HSP90B1/HSPA8	4	Response to inorganic substance
t6.beige.day3	t6	beige	day3	REACTOME_COLLAGEN_BIOSYNTHESIS_AND_MODIFYING_ENZYMES	REACTOME_COLLAGEN_BIOSYNTHESIS_AND_MODIFYING_ENZYMES	2/22	59/13324	0.00420644904474775	0.0338817960370478	0.0200684738400901	COL4A1/COL6A2	2	Collagen biosynthesis and modifying
t6.beige.day3	t6	beige	day3	GOCC_CELL_SUBSTRATE_JUNCTION	GOCC_CELL_SUBSTRATE_JUNCTION	4/22	413/13324	0.00427192017781921	0.0340002615133479	0.0201386419418484	CALR/HSP90B1/HSPA8/ANXA6	4	Cell substrate junction
t6.beige.day3	t6	beige	day3	GOBP_ESTABLISHMENT_OF_PROTEIN_LOCALIZATION_TO_ORGANELLE	GOBP_ESTABLISHMENT_OF_PROTEIN_LOCALIZATION_TO_ORGANELLE	4/22	414/13324	0.00430890795626034	0.0340002615133479	0.0201386419418484	CD36/DNAJA1/HSPA8/HSPD1	4	Establishmentofproteinlocalizationtorgnll.
t6.beige.day3	t6	beige	day3	GOBP_CELLULAR_RESPONSE_TO_HEAT	GOBP_CELLULAR_RESPONSE_TO_HEAT	2/22	60/13324	0.00434716129293577	0.0340002615133479	0.0201386419418484	HSPA8/HSP90AB1	2	Cell response to heat
t6.beige.day3	t6	beige	day3	GOCC_COLLAGEN_TRIMER	GOCC_COLLAGEN_TRIMER	2/22	60/13324	0.00434716129293577	0.0340002615133479	0.0201386419418484	COL4A1/COL6A2	2	Collagen trimer
t6.beige.day3	t6	beige	day3	REACTOME_PLASMA_LIPOPROTEIN_ASSEMBLY_REMODELING_AND_CLEARANCE	REACTOME_PLASMA_LIPOPROTEIN_ASSEMBLY_REMODELING_AND_CLEARANCE	2/22	60/13324	0.00434716129293577	0.0340002615133479	0.0201386419418484	LPL/UBC	2	Plasmlipoproteinassemblyremodelngandclrnc.
t6.beige.day3	t6	beige	day3	WP_CHOLESTEROL_METABOLISM	WP_CHOLESTEROL_METABOLISM	2/22	60/13324	0.00434716129293577	0.0340002615133479	0.0201386419418484	CD36/LPL	2	Cholesterol metabolism
t6.beige.day3	t6	beige	day3	GOBP_TOLL_LIKE_RECEPTOR_SIGNALING_PATHWAY	GOBP_TOLL_LIKE_RECEPTOR_SIGNALING_PATHWAY	2/22	61/13324	0.00449004272668806	0.0347817185383156	0.0206015055351943	CD36/HSPD1	2	Toll like receptor signaling pathway
t6.beige.day3	t6	beige	day3	REACTOME_BACTERIAL_INFECTION_PATHWAYS	REACTOME_BACTERIAL_INFECTION_PATHWAYS	2/22	61/13324	0.00449004272668806	0.0347817185383156	0.0206015055351943	HSP90AB1/UBC	2	Bacterial infection pathways
t6.beige.day3	t6	beige	day3	GOBP_REGULATION_OF_INTRACELLULAR_STEROID_HORMONE_RECEPTOR_SIGNALING_PATHWAY	GOBP_REGULATION_OF_INTRACELLULAR_STEROID_HORMONE_RECEPTOR_SIGNALING_PATHWAY	2/22	62/13324	0.00463508646799606	0.0357343094842172	0.0211657331947088	CALR/DDX5	2	Regltnofintrclllrstrdhrmnrcptrsgnlngpthwy.
t6.beige.day3	t6	beige	day3	GOBP_REGULATION_OF_PLASMA_LIPOPROTEIN_PARTICLE_LEVELS	GOBP_REGULATION_OF_PLASMA_LIPOPROTEIN_PARTICLE_LEVELS	2/22	63/13324	0.00478228565387266	0.0361800022131768	0.0214297207608362	CD36/LPL	2	Regulationofplasmlipoproteinparticllevels.
t6.beige.day3	t6	beige	day3	GOBP_REGULATION_OF_PROTEIN_DEPHOSPHORYLATION	GOBP_REGULATION_OF_PROTEIN_DEPHOSPHORYLATION	2/22	63/13324	0.00478228565387266	0.0361800022131768	0.0214297207608362	HSP90B1/HSP90AB1	2	Regulation of protein dephosphorylation
t6.beige.day3	t6	beige	day3	GOMF_DOUBLE_STRANDED_RNA_BINDING	GOMF_DOUBLE_STRANDED_RNA_BINDING	2/22	63/13324	0.00478228565387266	0.0361800022131768	0.0214297207608362	HSP90AB1/HSPD1	2	Double stranded RNA binding
t6.beige.day3	t6	beige	day3	REACTOME_ECM_PROTEOGLYCANS	REACTOME_ECM_PROTEOGLYCANS	2/22	63/13324	0.00478228565387266	0.0361800022131768	0.0214297207608362	COL4A1/COL6A2	2	ECM proteoglycans
t6.beige.day3	t6	beige	day3	GOBP_CELLULAR_RESPONSE_TO_NUTRIENT_LEVELS	GOBP_CELLULAR_RESPONSE_TO_NUTRIENT_LEVELS	3/22	212/13324	0.00489259743566964	0.0368423965039495	0.0218220624915302	LPL/GLUL/HSPA8	3	Cell response to nutrient levels
t6.beige.day3	t6	beige	day3	GOBP_REGULATION_OF_T_CELL_MEDIATED_IMMUNITY	GOBP_REGULATION_OF_T_CELL_MEDIATED_IMMUNITY	2/22	65/13324	0.0050831229823263	0.0380998893906772	0.0225668861447332	HSPA8/HSPD1	2	Regulation of t cell mediated immunity
t6.beige.day3	t6	beige	day3	REACTOME_DDX58_IFIH1_MEDIATED_INDUCTION_OF_INTERFERON_ALPHA_BETA	REACTOME_DDX58_IFIH1_MEDIATED_INDUCTION_OF_INTERFERON_ALPHA_BETA	2/22	66/13324	0.00523674747379006	0.0390704800003046	0.0231417751570349	HSP90AB1/UBC	2	Ddx58ifih1mediatedinductinofintrfrnalphbt.
t6.beige.day3	t6	beige	day3	GOBP_REACTIVE_NITROGEN_SPECIES_METABOLIC_PROCESS	GOBP_REACTIVE_NITROGEN_SPECIES_METABOLIC_PROCESS	2/22	68/13324	0.00555037409529014	0.0409317489138593	0.0242442204483117	CD36/HSP90AB1	2	Reactivenitrogenspeciesmetabolicprocess.
t6.beige.day3	t6	beige	day3	REACTOME_THE_ROLE_OF_GTSE1_IN_G2_M_PROGRESSION_AFTER_G2_CHECKPOINT	REACTOME_THE_ROLE_OF_GTSE1_IN_G2_M_PROGRESSION_AFTER_G2_CHECKPOINT	2/22	68/13324	0.00555037409529014	0.0409317489138593	0.0242442204483117	HSP90AB1/UBC	2	Throlofgtse1ing2mprogressionaftrg2chckpnt.
t6.beige.day3	t6	beige	day3	REACTOME_INTERFERON_SIGNALING	REACTOME_INTERFERON_SIGNALING	3/22	222/13324	0.00556206594258743	0.0409317489138593	0.0242442204483117	HSPA8/YBX1/UBC	3	Interferon signaling
t6.beige.day3	t6	beige	day3	GOBP_CALCIUM_ION_HOMEOSTASIS	GOBP_CALCIUM_ION_HOMEOSTASIS	3/22	223/13324	0.00563190078940884	0.0412581329323661	0.0244375404579731	CALR/HSP90B1/ANXA6	3	Calcium ion homeostasis
t6.beige.day3	t6	beige	day3	GOBP_CHAPERONE_MEDIATED_PROTEIN_FOLDING	GOBP_CHAPERONE_MEDIATED_PROTEIN_FOLDING	2/22	69/13324	0.00571036266360428	0.0412726658588184	0.0244461484330052	HSPA8/HSP90AB1	2	Chaperone mediated protein folding
t6.beige.day3	t6	beige	day3	GOBP_MODULATION_BY_HOST_OF_SYMBIONT_PROCESS	GOBP_MODULATION_BY_HOST_OF_SYMBIONT_PROCESS	2/22	69/13324	0.00571036266360428	0.0412726658588184	0.0244461484330052	FASN/HSPA8	2	Modulation by host of symbiont process
t6.beige.day3	t6	beige	day3	GOBP_PROTEIN_TRANSMEMBRANE_TRANSPORT	GOBP_PROTEIN_TRANSMEMBRANE_TRANSPORT	2/22	69/13324	0.00571036266360428	0.0412726658588184	0.0244461484330052	HSPA8/HSPD1	2	Protein transmembrane transport
t6.beige.day3	t6	beige	day3	GOCC_SIDE_OF_MEMBRANE	GOCC_SIDE_OF_MEMBRANE	4/22	450/13324	0.00579045872734228	0.0416655674647429	0.0246788673712693	CD36/CALR/DNAJA1/HSPA8	4	Side of membrane
t6.beige.day3	t6	beige	day3	REACTOME_INTEGRIN_CELL_SURFACE_INTERACTIONS	REACTOME_INTEGRIN_CELL_SURFACE_INTERACTIONS	2/22	70/13324	0.0058724590538821	0.0418833092873794	0.0248078376911041	COL4A1/COL6A2	2	Integrin cell surface interactions
t6.beige.day3	t6	beige	day3	WP_AMINO_ACID_METABOLISM	WP_AMINO_ACID_METABOLISM	2/22	70/13324	0.0058724590538821	0.0418833092873794	0.0248078376911041	ACLY/GLUL	2	Amino acid metabolism
t6.beige.day3	t6	beige	day3	GOBP_REGULATION_OF_ENDOCYTOSIS	GOBP_REGULATION_OF_ENDOCYTOSIS	3/22	233/13324	0.00635957429981111	0.0451585561026061	0.0267477940310615	CD36/CALR/HSPA8	3	Regulation of endocytosis
t6.beige.day3	t6	beige	day3	GOBP_ACTIVATION_OF_INNATE_IMMUNE_RESPONSE	GOBP_ACTIVATION_OF_INNATE_IMMUNE_RESPONSE	3/22	237/13324	0.00666572703313174	0.0471258168848921	0.0279130192010251	CD36/HSPA8/HSPD1	3	Activation of innate immune response
t6.beige.day3	t6	beige	day3	GOMF_CELL_ADHESION_MOLECULE_BINDING	GOMF_CELL_ADHESION_MOLECULE_BINDING	4/22	473/13324	0.00689795945403042	0.048555636330762	0.0287599133300765	CALR/FASN/HSPA8/HSP90AB1	4	Cell adhesion molecule binding
t6.white.day3	t6	white	day3	KEGG_MEDICUS_REFERENCE_TRANSLATION_INITIATION	KEGG_MEDICUS_REFERENCE_TRANSLATION_INITIATION	13/24	74/13324	3.7430999065538e-24	3.30890031739356e-21	2.50196677964385e-21	RPS14/RPL26/RPL27A/RPS29/RPL37A/RPS20/RPS11/RPL23/RPS16/RPL7/RPL23A/RPS27/RPL38	13	Translation initiation
t6.white.day3	t6	white	day3	WP_CYTOPLASMIC_RIBOSOMAL_PROTEINS	WP_CYTOPLASMIC_RIBOSOMAL_PROTEINS	13/24	81/13324	1.33535533543636e-23	5.9022705826287e-21	4.46289809474783e-21	RPS14/RPL26/RPL27A/RPS29/RPL37A/RPS20/RPS11/RPL23/RPS16/RPL7/RPL23A/RPS27/RPL38	13	Cytoplasmic ribosomal proteins
t6.white.day3	t6	white	day3	REACTOME_EUKARYOTIC_TRANSLATION_ELONGATION	REACTOME_EUKARYOTIC_TRANSLATION_ELONGATION	13/24	85/13324	2.62004842489124e-23	7.72040935867953e-21	5.83765175370505e-21	RPS14/RPL26/RPL27A/RPS29/RPL37A/RPS20/RPS11/RPL23/RPS16/RPL7/RPL23A/RPS27/RPL38	13	Eukaryotic translation elongation
t6.white.day3	t6	white	day3	REACTOME_RESPONSE_OF_EIF2AK4_GCN2_TO_AMINO_ACID_DEFICIENCY	REACTOME_RESPONSE_OF_EIF2AK4_GCN2_TO_AMINO_ACID_DEFICIENCY	13/24	93/13324	9.14833482688845e-23	2.02178199674235e-20	1.52873489870373e-20	RPS14/RPL26/RPL27A/RPS29/RPL37A/RPS20/RPS11/RPL23/RPS16/RPL7/RPL23A/RPS27/RPL38	13	Responseofeif2ak4gcn2toaminaciddeficiency.
t6.white.day3	t6	white	day3	REACTOME_SELENOAMINO_ACID_METABOLISM	REACTOME_SELENOAMINO_ACID_METABOLISM	13/24	99/13324	2.17026527259136e-22	3.83702900194153e-20	2.90130199599056e-20	RPS14/RPL26/RPL27A/RPS29/RPL37A/RPS20/RPS11/RPL23/RPS16/RPL7/RPL23A/RPS27/RPL38	13	Selenoamino acid metabolism
t6.white.day3	t6	white	day3	REACTOME_SRP_DEPENDENT_COTRANSLATIONAL_PROTEIN_TARGETING_TO_MEMBRANE	REACTOME_SRP_DEPENDENT_COTRANSLATIONAL_PROTEIN_TARGETING_TO_MEMBRANE	13/24	104/13324	4.2751602744855e-22	6.29873613774196e-20	4.76267855140051e-20	RPS14/RPL26/RPL27A/RPS29/RPL37A/RPS20/RPS11/RPL23/RPS16/RPL7/RPL23A/RPS27/RPL38	13	Srpdependentcotranslatinlprtntrgtngtmmbrn.
t6.white.day3	t6	white	day3	REACTOME_NONSENSE_MEDIATED_DECAY_NMD	REACTOME_NONSENSE_MEDIATED_DECAY_NMD	13/24	106/13324	5.55272230364379e-22	7.01229502345873e-20	5.30222355310347e-20	RPS14/RPL26/RPL27A/RPS29/RPL37A/RPS20/RPS11/RPL23/RPS16/RPL7/RPL23A/RPS27/RPL38	13	Nonsense mediated decay nmd
t6.white.day3	t6	white	day3	GOCC_CYTOSOLIC_RIBOSOME	GOCC_CYTOSOLIC_RIBOSOME	13/24	108/13324	7.17449115964983e-22	7.92781273141306e-20	5.99447616628637e-20	RPS14/RPL26/RPL27A/RPS29/RPL37A/RPS20/RPS11/RPL23/RPS16/RPL7/RPL23A/RPS27/RPL38	13	Cytosolic ribosome
t6.white.day3	t6	white	day3	REACTOME_EUKARYOTIC_TRANSLATION_INITIATION	REACTOME_EUKARYOTIC_TRANSLATION_INITIATION	13/24	110/13324	9.22351178960699e-22	9.05953824668065e-20	6.85021051040987e-20	RPS14/RPL26/RPL27A/RPS29/RPL37A/RPS20/RPS11/RPL23/RPS16/RPL7/RPL23A/RPS27/RPL38	13	Eukaryotic translation initiation
t6.white.day3	t6	white	day3	KEGG_RIBOSOME	KEGG_RIBOSOME	12/24	79/13324	2.01364365454705e-21	1.78006099061959e-19	1.34596181119724e-19	RPL26/RPL27A/RPS29/RPL37A/RPS20/RPS11/RPL23/RPS16/RPL7/RPL23A/RPS27/RPL38	12	Ribosome
t6.white.day3	t6	white	day3	REACTOME_CELLULAR_RESPONSE_TO_STARVATION	REACTOME_CELLULAR_RESPONSE_TO_STARVATION	13/24	143/13324	3.24561305788122e-20	2.60829267560637e-18	1.97221463325797e-18	RPS14/RPL26/RPL27A/RPS29/RPL37A/RPS20/RPS11/RPL23/RPS16/RPL7/RPL23A/RPS27/RPL38	13	Cell response to starvation
t6.white.day3	t6	white	day3	REACTOME_INFLUENZA_INFECTION	REACTOME_INFLUENZA_INFECTION	13/24	144/13324	3.56493536238175e-20	2.62616905028789e-18	1.98573153957229e-18	RPS14/RPL26/RPL27A/RPS29/RPL37A/RPS20/RPS11/RPL23/RPS16/RPL7/RPL23A/RPS27/RPL38	13	Influenza infection
t6.white.day3	t6	white	day3	GOMF_STRUCTURAL_CONSTITUENT_OF_RIBOSOME	GOMF_STRUCTURAL_CONSTITUENT_OF_RIBOSOME	13/24	148/13324	5.15397242329458e-20	3.50470124784032e-18	2.65001820954823e-18	RPS14/RPL26/RPL27A/RPS29/RPL37A/RPS20/RPS11/RPL23/RPS16/RPL7/RPL23A/RPS27/RPL38	13	Structural constituent of ribosome
t6.white.day3	t6	white	day3	GOBP_CYTOPLASMIC_TRANSLATION	GOBP_CYTOPLASMIC_TRANSLATION	13/24	151/13324	6.74914508123324e-20	4.26160303700727e-18	3.22233618540083e-18	RPS14/RPL26/RPL27A/RPS29/RPL37A/RPS20/RPS11/RPL23/RPS16/RPL7/RPL23A/RPS27/RPL38	13	Cytoplasmic translation
t6.white.day3	t6	white	day3	REACTOME_REGULATION_OF_EXPRESSION_OF_SLITS_AND_ROBOS	REACTOME_REGULATION_OF_EXPRESSION_OF_SLITS_AND_ROBOS	13/24	156/13324	1.04494144597489e-19	6.15818825494534e-18	4.65640574171266e-18	RPS14/RPL26/RPL27A/RPS29/RPL37A/RPS20/RPS11/RPL23/RPS16/RPL7/RPL23A/RPS27/RPL38	13	Regulationofexpressionofslitsandrobos.
t6.white.day3	t6	white	day3	GOCC_RIBOSOMAL_SUBUNIT	GOCC_RIBOSOMAL_SUBUNIT	13/24	173/13324	4.16710753990488e-19	2.30232691579744e-17	1.74086400515763e-17	RPS14/RPL26/RPL27A/RPS29/RPL37A/RPS20/RPS11/RPL23/RPS16/RPL7/RPL23A/RPS27/RPL38	13	Ribosomal subunit
t6.white.day3	t6	white	day3	REACTOME_RRNA_PROCESSING	REACTOME_RRNA_PROCESSING	13/24	192/13324	1.66746934337164e-18	8.67084058553254e-17	6.55630361016094e-17	RPS14/RPL26/RPL27A/RPS29/RPL37A/RPS20/RPS11/RPL23/RPS16/RPL7/RPL23A/RPS27/RPL38	13	rRNA processing
t6.white.day3	t6	white	day3	REACTOME_SIGNALING_BY_ROBO_RECEPTORS	REACTOME_SIGNALING_BY_ROBO_RECEPTORS	13/24	197/13324	2.34528322729813e-18	1.15179465162864e-16	8.70909268616557e-17	RPS14/RPL26/RPL27A/RPS29/RPL37A/RPS20/RPS11/RPL23/RPS16/RPL7/RPL23A/RPS27/RPL38	13	Signaling by robo receptors
t6.white.day3	t6	white	day3	GOCC_RIBOSOME	GOCC_RIBOSOME	13/24	217/13324	8.43092150271703e-18	3.92259716231677e-16	2.96600285552649e-16	RPS14/RPL26/RPL27A/RPS29/RPL37A/RPS20/RPS11/RPL23/RPS16/RPL7/RPL23A/RPS27/RPL38	13	Ribosome
t6.white.day3	t6	white	day3	REACTOME_TRANSLATION	REACTOME_TRANSLATION	13/24	262/13324	1.00548939566016e-16	4.44426312881789e-15	3.36045140128526e-15	RPS14/RPL26/RPL27A/RPS29/RPL37A/RPS20/RPS11/RPL23/RPS16/RPL7/RPL23A/RPS27/RPL38	13	Translation
t6.white.day3	t6	white	day3	REACTOME_METABOLISM_OF_AMINO_ACIDS_AND_DERIVATIVES	REACTOME_METABOLISM_OF_AMINO_ACIDS_AND_DERIVATIVES	13/24	302/13324	6.43614481718416e-16	2.709310484948e-14	2.04859747313882e-14	RPS14/RPL26/RPL27A/RPS29/RPL37A/RPS20/RPS11/RPL23/RPS16/RPL7/RPL23A/RPS27/RPL38	13	Metabolism of amino acids and derivatives
t6.white.day3	t6	white	day3	REACTOME_NERVOUS_SYSTEM_DEVELOPMENT	REACTOME_NERVOUS_SYSTEM_DEVELOPMENT	13/24	487/13324	3.06711821610617e-13	1.23242386501721e-11	9.31875630252354e-12	RPS14/RPL26/RPL27A/RPS29/RPL37A/RPS20/RPS11/RPL23/RPS16/RPL7/RPL23A/RPS27/RPL38	13	Nervous system development
t6.white.day3	t6	white	day3	GOCC_CYTOSOLIC_LARGE_RIBOSOMAL_SUBUNIT	GOCC_CYTOSOLIC_LARGE_RIBOSOMAL_SUBUNIT	7/24	50/13324	2.23092229586526e-12	8.57450134584733e-11	6.48345838844136e-11	RPL26/RPL27A/RPL37A/RPL23/RPL7/RPL23A/RPL38	7	Cytosolic large ribosomal subunit
t6.white.day3	t6	white	day3	REACTOME_SARS_COV_1_MODULATES_HOST_TRANSLATION_MACHINERY	REACTOME_SARS_COV_1_MODULATES_HOST_TRANSLATION_MACHINERY	6/24	34/13324	2.25753127117162e-11	8.3152401821488e-10	6.28742261927183e-10	RPS14/RPS29/RPS20/RPS11/RPS16/RPS27	6	Sarscov1modulateshosttranslationmachinery.
t6.white.day3	t6	white	day3	GOCC_CYTOSOLIC_SMALL_RIBOSOMAL_SUBUNIT	GOCC_CYTOSOLIC_SMALL_RIBOSOMAL_SUBUNIT	6/24	40/13324	6.39832314153027e-11	2.2624470628451e-09	1.71070955573546e-09	RPS14/RPS29/RPS20/RPS11/RPS16/RPS27	6	Cytosolic small ribosomal subunit
t6.white.day3	t6	white	day3	REACTOME_SARS_COV_2_MODULATES_HOST_TRANSLATION_MACHINERY	REACTOME_SARS_COV_2_MODULATES_HOST_TRANSLATION_MACHINERY	6/24	47/13324	1.77539522874898e-10	6.03634377774654e-09	4.56427518322107e-09	RPS14/RPS29/RPS20/RPS11/RPS16/RPS27	6	Sarscov2modulateshosttranslationmachinery.
t6.white.day3	t6	white	day3	GOCC_LARGE_RIBOSOMAL_SUBUNIT	GOCC_LARGE_RIBOSOMAL_SUBUNIT	7/24	106/13324	5.11173854194036e-10	1.67362106336121e-08	1.26547913221525e-08	RPL26/RPL27A/RPL37A/RPL23/RPL7/RPL23A/RPL38	7	Large ribosomal subunit
t6.white.day3	t6	white	day3	REACTOME_ACTIVATION_OF_THE_MRNA_UPON_BINDING_OF_THE_CAP_BINDING_COMPLEX_AND_EIFS_AND_SUBSEQUENT_BINDING_TO_43S	REACTOME_ACTIVATION_OF_THE_MRNA_UPON_BINDING_OF_THE_CAP_BINDING_COMPLEX_AND_EIFS_AND_SUBSEQUENT_BINDING_TO_43S	6/24	56/13324	5.31264919557604e-10	1.67727924603186e-08	1.2682452027033e-08	RPS14/RPS29/RPS20/RPS11/RPS16/RPS27	6	Actvtnofthmrnupnbndngofthcpbndngcaeasbt43.
t6.white.day3	t6	white	day3	GOCC_SMALL_RIBOSOMAL_SUBUNIT	GOCC_SMALL_RIBOSOMAL_SUBUNIT	6/24	70/13324	2.11077123502373e-09	6.43421300607233e-08	4.86511700268627e-08	RPS14/RPS29/RPS20/RPS11/RPS16/RPS27	6	Small ribosomal subunit
t6.white.day3	t6	white	day3	REACTOME_SARS_COV_1_HOST_INTERACTIONS	REACTOME_SARS_COV_1_HOST_INTERACTIONS	6/24	87/13324	7.97035028120638e-09	2.34859654952881e-07	1.77584997493546e-07	RPS14/RPS29/RPS20/RPS11/RPS16/RPS27	6	Sars cov 1 host interactions
t6.white.day3	t6	white	day3	GOCC_CELL_SUBSTRATE_JUNCTION	GOCC_CELL_SUBSTRATE_JUNCTION	9/24	413/13324	2.09533377379931e-08	5.97508082593094e-07	4.51795227966914e-07	SVIL/RPS14/RPS29/RPL37A/RPS11/RPL23/RPS16/RPL7/RPL38	9	Cell substrate junction
t6.white.day3	t6	white	day3	GOBP_RIBOSOME_BIOGENESIS	GOBP_RIBOSOME_BIOGENESIS	8/24	305/13324	3.67834071212544e-08	1.01614162172465e-06	7.6833761585515e-07	RPS14/RPL26/RPS11/RPS16/RPL7/RPL23A/RPS27/RPL38	8	Ribosome biogenesis
t6.white.day3	t6	white	day3	REACTOME_SARS_COV_1_INFECTION	REACTOME_SARS_COV_1_INFECTION	6/24	130/13324	8.95280267966761e-08	2.39826592994732e-06	1.81340660337765e-06	RPS14/RPS29/RPS20/RPS11/RPS16/RPS27	6	Sars cov 1 infection
t6.white.day3	t6	white	day3	REACTOME_SARS_COV_2_HOST_INTERACTIONS	REACTOME_SARS_COV_2_HOST_INTERACTIONS	6/24	170/13324	4.39369261180445e-07	1.14236007906916e-05	8.63775482506448e-06	RPS14/RPS29/RPS20/RPS11/RPS16/RPS27	6	Sars cov 2 host interactions
t6.white.day3	t6	white	day3	GOBP_RIBONUCLEOPROTEIN_COMPLEX_BIOGENESIS	GOBP_RIBONUCLEOPROTEIN_COMPLEX_BIOGENESIS	8/24	461/13324	8.72287621798032e-07	2.20314930762703e-05	1.66587260102782e-05	RPS14/RPL26/RPS11/RPS16/RPL7/RPL23A/RPS27/RPL38	8	Ribonucleocomplex biogenesis
t6.white.day3	t6	white	day3	GOBP_RIBOSOME_ASSEMBLY	GOBP_RIBOSOME_ASSEMBLY	4/24	58/13324	3.21872638265766e-06	7.90376145074827e-05	5.97629021341409e-05	RPS14/RPL23A/RPS27/RPL38	4	Ribosome assembly
t6.white.day3	t6	white	day3	REACTOME_SARS_COV_2_INFECTION	REACTOME_SARS_COV_2_INFECTION	6/24	257/13324	4.8840021444244e-06	0.000116688051234356	8.82316176873256e-05	RPS14/RPS29/RPS20/RPS11/RPS16/RPS27	6	Sars cov 2 infection
t6.white.day3	t6	white	day3	GOCC_SMALL_SUBUNIT_PROCESSOME	GOCC_SMALL_SUBUNIT_PROCESSOME	4/24	71/13324	7.25695154341666e-06	0.000168819609588956	0.000127649978672288	RPS14/RPS11/RPS16/RPS27	4	Small subunit processome
t6.white.day3	t6	white	day3	GOBP_POSITIVE_REGULATION_OF_SIGNAL_TRANSDUCTION_BY_P53_CLASS_MEDIATOR	GOBP_POSITIVE_REGULATION_OF_SIGNAL_TRANSDUCTION_BY_P53_CLASS_MEDIATOR	3/24	28/13324	1.63326929601092e-05	0.000370207707095809	0.000279926046684733	RPL26/RPS20/RPL23	3	Pos.reg.signaltransductionbyp53classmedtr.
t6.white.day3	t6	white	day3	GOBP_REGULATION_OF_SIGNAL_TRANSDUCTION_BY_P53_CLASS_MEDIATOR	GOBP_REGULATION_OF_SIGNAL_TRANSDUCTION_BY_P53_CLASS_MEDIATOR	4/24	100/13324	2.82827063178279e-05	0.000625047809623996	0.000472618908205808	RPL26/MIR21/RPS20/RPL23	4	Regulationofsignaltransductnbyp53clssmdtr.
t6.white.day3	t6	white	day3	GOBP_RIBOSOMAL_SMALL_SUBUNIT_BIOGENESIS	GOBP_RIBOSOMAL_SMALL_SUBUNIT_BIOGENESIS	4/24	102/13324	3.05773307840877e-05	0.000659277083247159	0.0004985007714479	RPS14/RPS11/RPS16/RPS27	4	Ribosomal small subunit biogenesis
t6.white.day3	t6	white	day3	GOCC_PRERIBOSOME	GOCC_PRERIBOSOME	4/24	104/13324	3.30057640893986e-05	0.000694692748929246	0.000525279704179652	RPS14/RPS11/RPS16/RPS27	4	Preribosome
t6.white.day3	t6	white	day3	GOBP_RRNA_PROCESSING	GOBP_RRNA_PROCESSING	5/24	218/13324	3.6934084942125e-05	0.000744389280794316	0.000562856862710634	RPS14/RPL26/RPS16/RPL7/RPS27	5	rRNA processing
t6.white.day3	t6	white	day3	REACTOME_SARS_COV_INFECTIONS	REACTOME_SARS_COV_INFECTIONS	6/24	367/13324	3.70510501752827e-05	0.000744389280794316	0.000562856862710634	RPS14/RPS29/RPS20/RPS11/RPS16/RPS27	6	Sars cov infections
t6.white.day3	t6	white	day3	GOBP_RRNA_METABOLIC_PROCESS	GOBP_RRNA_METABOLIC_PROCESS	5/24	253/13324	7.50478289724051e-05	0.00147427290692458	0.00111474552976555	RPS14/RPL26/RPS16/RPL7/RPS27	5	rRNA metabolic process
t6.white.day3	t6	white	day3	GOMF_RRNA_BINDING	GOMF_RRNA_BINDING	3/24	59/13324	0.000156243721085973	0.00300259672695652	0.00227036070685567	RPS11/RPL23/RPL23A	3	rRNA binding
t6.white.day3	t6	white	day3	GOBP_SIGNAL_TRANSDUCTION_BY_P53_CLASS_MEDIATOR	GOBP_SIGNAL_TRANSDUCTION_BY_P53_CLASS_MEDIATOR	4/24	162/13324	0.000185070569922977	0.00348090178323215	0.00263202266295835	RPL26/MIR21/RPS20/RPL23	4	Signal transduction by p53 class mediator
t6.white.day3	t6	white	day3	GOMF_UBIQUITIN_PROTEIN_TRANSFERASE_INHIBITOR_ACTIVITY	GOMF_UBIQUITIN_PROTEIN_TRANSFERASE_INHIBITOR_ACTIVITY	2/24	12/13324	0.000202985110761106	0.0037383091231837	0.00282665669590575	RPS20/RPL23	2	Ubiquitinproteintransferasinhibitoractvty.
t6.white.day3	t6	white	day3	GOBP_RIBOSOMAL_LARGE_SUBUNIT_BIOGENESIS	GOBP_RIBOSOMAL_LARGE_SUBUNIT_BIOGENESIS	3/24	65/13324	0.000208450268187646	0.00376061300158936	0.00284352138129226	RPL26/RPL7/RPL23A	3	Ribosomal large subunit biogenesis
t6.white.day3	t6	white	day3	GOBP_RIBOSOMAL_SMALL_SUBUNIT_ASSEMBLY	GOBP_RIBOSOMAL_SMALL_SUBUNIT_ASSEMBLY	2/24	18/13324	0.000467459784366415	0.00826468898759821	0.0062491992225826	RPS14/RPS27	2	Ribosomal small subunit assembly
t6.white.day3	t6	white	day3	GOBP_PROTEIN_RNA_COMPLEX_ORGANIZATION	GOBP_PROTEIN_RNA_COMPLEX_ORGANIZATION	4/24	218/13324	0.000572795965635843	0.00992846340435461	0.00750723298614572	RPS14/RPL23A/RPS27/RPL38	4	Protein RNA complex organization
t6.white.day3	t6	white	day3	GOMF_MRNA_5_UTR_BINDING	GOMF_MRNA_5_UTR_BINDING	2/24	23/13324	0.000768749611637849	0.0130687433978434	0.00988170047348247	RPS14/RPL26	2	mRNA 5 utr binding
t6.white.day3	t6	white	day3	GOBP_CELLULAR_RESPONSE_TO_GAMMA_RADIATION	GOBP_CELLULAR_RESPONSE_TO_GAMMA_RADIATION	2/24	25/13324	0.000909558309288658	0.0151707461398335	0.0114710928778212	RPL26/MIR21	2	Cell response to gamma radiation
t6.white.day3	t6	white	day3	GOMF_UBIQUITIN_PROTEIN_TRANSFERASE_REGULATOR_ACTIVITY	GOMF_UBIQUITIN_PROTEIN_TRANSFERASE_REGULATOR_ACTIVITY	2/24	29/13324	0.00122553468237063	0.0200624566521415	0.0151698737486423	RPS20/RPL23	2	Ubiquitinproteintransferasregulatoractvty.
t6.white.day3	t6	white	day3	GOBP_REGULATION_OF_INTRINSIC_APOPTOTIC_SIGNALING_PATHWAY_BY_P53_CLASS_MEDIATOR	GOBP_REGULATION_OF_INTRINSIC_APOPTOTIC_SIGNALING_PATHWAY_BY_P53_CLASS_MEDIATOR	2/24	30/13324	0.00131163047689934	0.0210814789378004	0.0159403895278676	RPL26/MIR21	2	Rgltnofintrnscappttcsgnlngpthwybyp53clssm.
t6.white.day3	t6	white	day3	GOCC_POSTSYNAPTIC_SPECIALIZATION	GOCC_POSTSYNAPTIC_SPECIALIZATION	4/24	274/13324	0.00134382434748591	0.0212132271995991	0.0160400086589014	RPS14/RPL7/RPS27/RPL38	4	Postsynaptic specialization
t6.white.day3	t6	white	day3	GOCC_NEURON_TO_NEURON_SYNAPSE	GOCC_NEURON_TO_NEURON_SYNAPSE	4/24	295/13324	0.00176327673538087	0.0273462567381875	0.0206773910797202	RPS14/RPL7/RPS27/RPL38	4	Neuron to neuron synapse
t6.white.day3	t6	white	day3	GOBP_NEGATIVE_REGULATION_OF_LYMPHOCYTE_DIFFERENTIATION	GOBP_NEGATIVE_REGULATION_OF_LYMPHOCYTE_DIFFERENTIATION	2/24	40/13324	0.00232619295557004	0.0354543891848952	0.0268082128273499	ID2/MIR21	2	Negativregulationoflymphocytdifferentiatn.
t6.white.day3	t6	white	day3	GOMF_MRNA_BINDING	GOMF_MRNA_BINDING	4/24	321/13324	0.00239974128654331	0.0359554457170218	0.0271870779117753	RPS14/RPL26/MIR21/RPL7	4	mRNA binding
t6.white.day3	t6	white	day3	GOBP_REGULATION_OF_TRANSLATION	GOBP_REGULATION_OF_TRANSLATION	4/24	348/13324	0.00321337290999383	0.0473436942072424	0.0357981017165979	RPS14/RPL26/MIR21/RPL38	4	Regulation of translation
t6.white.day3	t6	white	day3	GOBP_RESPONSE_TO_GAMMA_RADIATION	GOBP_RESPONSE_TO_GAMMA_RADIATION	2/24	48/13324	0.00333461908219373	0.0483246437485124	0.0365398294597587	RPL26/MIR21	2	Response to gamma radiation
t8.beige.day1	t8	beige	day1	GOBP_REGULATION_OF_INFLAMMATORY_RESPONSE	GOBP_REGULATION_OF_INFLAMMATORY_RESPONSE	2/3	277/13324	0.0012742519860801	0.0398199060903179	0.0103353757696571	GPX1/DDT	2	Regulation of inflammatory response
t8.beige.day1	t8	beige	day1	GOBP_NEGATIVE_REGULATION_OF_RESPONSE_TO_EXTERNAL_STIMULUS	GOBP_NEGATIVE_REGULATION_OF_RESPONSE_TO_EXTERNAL_STIMULUS	2/3	289/13324	0.00138641190998764	0.0398199060903179	0.0103353757696571	GPX1/DDT	2	Negativregulationofresponstexternalstimls.
t8.beige.day1	t8	beige	day1	GOBP_NEGATIVE_REGULATION_OF_IMMUNE_SYSTEM_PROCESS	GOBP_NEGATIVE_REGULATION_OF_IMMUNE_SYSTEM_PROCESS	2/3	369/13324	0.00225272693670587	0.0398199060903179	0.0103353757696571	GPX1/DDT	2	Negativeregulationofimmunesystemprocess.
t8.beige.day1	t8	beige	day1	GOBP_UV_PROTECTION	GOBP_UV_PROTECTION	1/3	12/13324	0.00269966109289477	0.0398199060903179	0.0103353757696571	GPX1	1	UV protection
t8.beige.day1	t8	beige	day1	GOMF_INTRAMOLECULAR_OXIDOREDUCTASE_ACTIVITY_TRANSPOSING_C_C_BONDS	GOMF_INTRAMOLECULAR_OXIDOREDUCTASE_ACTIVITY_TRANSPOSING_C_C_BONDS	1/3	12/13324	0.00269966109289477	0.0398199060903179	0.0103353757696571	DDT	1	Activity c c bonds
t8.beige.day1	t8	beige	day1	GOBP_NEGATIVE_REGULATION_OF_LEUKOCYTE_CHEMOTAXIS	GOBP_NEGATIVE_REGULATION_OF_LEUKOCYTE_CHEMOTAXIS	1/3	15/13324	0.0033738163264847	0.0398199060903179	0.0103353757696571	DDT	1	Negativeregulationofleukocytechemotaxis.
t8.beige.day1	t8	beige	day1	GOBP_REGULATION_OF_MAMMARY_GLAND_EPITHELIAL_CELL_PROLIFERATION	GOBP_REGULATION_OF_MAMMARY_GLAND_EPITHELIAL_CELL_PROLIFERATION	1/3	15/13324	0.0033738163264847	0.0398199060903179	0.0103353757696571	GPX1	1	Regulationofmammaryglandepithllcllprlfrtn.
t8.beige.day1	t8	beige	day1	GOBP_RESPONSE_TO_HYDROPEROXIDE	GOBP_RESPONSE_TO_HYDROPEROXIDE	1/3	17/13324	0.00382308432306766	0.0398199060903179	0.0103353757696571	GPX1	1	Response to hydroperoxide
t8.beige.day1	t8	beige	day1	WP_GLUTATHIONE_METABOLISM	WP_GLUTATHIONE_METABOLISM	1/3	17/13324	0.00382308432306766	0.0398199060903179	0.0103353757696571	GPX1	1	Glutathione metabolism
t8.beige.day1	t8	beige	day1	GOBP_NEGATIVE_REGULATION_OF_RELEASE_OF_CYTOCHROME_C_FROM_MITOCHONDRIA	GOBP_NEGATIVE_REGULATION_OF_RELEASE_OF_CYTOCHROME_C_FROM_MITOCHONDRIA	1/3	18/13324	0.00404766768122711	0.0398199060903179	0.0103353757696571	GPX1	1	Negativregulatinofrlsofcytchrmcfrmmtchndr.
t8.beige.day1	t8	beige	day1	GOMF_GLUTATHIONE_PEROXIDASE_ACTIVITY	GOMF_GLUTATHIONE_PEROXIDASE_ACTIVITY	1/3	18/13324	0.00404766768122711	0.0398199060903179	0.0103353757696571	GPX1	1	Glutathione peroxidase activity
t8.beige.day1	t8	beige	day1	GOBP_HYDROGEN_PEROXIDE_CATABOLIC_PROCESS	GOBP_HYDROGEN_PEROXIDE_CATABOLIC_PROCESS	1/3	19/13324	0.00427221728268201	0.0398199060903179	0.0103353757696571	GPX1	1	Hydrogen peroxide catabolic process
t8.beige.day1	t8	beige	day1	GOBP_NEGATIVE_REGULATION_OF_INFLAMMATORY_RESPONSE_TO_ANTIGENIC_STIMULUS	GOBP_NEGATIVE_REGULATION_OF_INFLAMMATORY_RESPONSE_TO_ANTIGENIC_STIMULUS	1/3	19/13324	0.00427221728268201	0.0398199060903179	0.0103353757696571	GPX1	1	Negativregltnofinflmmtryrspnstantgncstmls.
t8.beige.day1	t8	beige	day1	GOBP_SECONDARY_METABOLITE_BIOSYNTHETIC_PROCESS	GOBP_SECONDARY_METABOLITE_BIOSYNTHETIC_PROCESS	1/3	19/13324	0.00427221728268201	0.0398199060903179	0.0103353757696571	DDT	1	Secondary metabolite biosynthetic process
t8.beige.day1	t8	beige	day1	GOMF_TRANSLATION_ELONGATION_FACTOR_ACTIVITY	GOMF_TRANSLATION_ELONGATION_FACTOR_ACTIVITY	1/3	19/13324	0.00427221728268201	0.0398199060903179	0.0103353757696571	EEF1A1P5	1	Translation elongation factor activity
t8.beige.day1	t8	beige	day1	GOBP_MYOBLAST_PROLIFERATION	GOBP_MYOBLAST_PROLIFERATION	1/3	21/13324	0.00472121522562519	0.0398199060903179	0.0103353757696571	GPX1	1	Myoblast proliferation
t8.beige.day1	t8	beige	day1	GOBP_NEGATIVE_REGULATION_OF_MONONUCLEAR_CELL_MIGRATION	GOBP_NEGATIVE_REGULATION_OF_MONONUCLEAR_CELL_MIGRATION	1/3	23/13324	0.00517007817219395	0.0398199060903179	0.0103353757696571	DDT	1	Negativregulationofmononuclearcellmigratn.
t8.beige.day1	t8	beige	day1	GOBP_REGULATION_OF_MACROPHAGE_CHEMOTAXIS	GOBP_REGULATION_OF_MACROPHAGE_CHEMOTAXIS	1/3	23/13324	0.00517007817219395	0.0398199060903179	0.0103353757696571	DDT	1	Regulation of macrophage chemotaxis
t8.beige.day1	t8	beige	day1	GOBP_NEGATIVE_REGULATION_OF_EXTRINSIC_APOPTOTIC_SIGNALING_PATHWAY_VIA_DEATH_DOMAIN_RECEPTORS	GOBP_NEGATIVE_REGULATION_OF_EXTRINSIC_APOPTOTIC_SIGNALING_PATHWAY_VIA_DEATH_DOMAIN_RECEPTORS	1/3	24/13324	0.00539445902818103	0.0398199060903179	0.0103353757696571	GPX1	1	Ngtvrgltnofextrnscappttcsgnlngpthwyvdthdr.
t8.beige.day1	t8	beige	day1	GOBP_NEGATIVE_REGULATION_OF_OXIDATIVE_STRESS_INDUCED_INTRINSIC_APOPTOTIC_SIGNALING_PATHWAY	GOBP_NEGATIVE_REGULATION_OF_OXIDATIVE_STRESS_INDUCED_INTRINSIC_APOPTOTIC_SIGNALING_PATHWAY	1/3	25/13324	0.00561880614268573	0.0398199060903179	0.0103353757696571	GPX1	1	Ngtvrgltnofoxdtvstrssindcdintrnscappttcsp.
t8.beige.day1	t8	beige	day1	GOBP_ANGIOGENESIS_INVOLVED_IN_WOUND_HEALING	GOBP_ANGIOGENESIS_INVOLVED_IN_WOUND_HEALING	1/3	26/13324	0.00584311951824579	0.0398199060903179	0.0103353757696571	GPX1	1	Angiogenesis involved in wound healing
t8.beige.day1	t8	beige	day1	GOBP_MAMMARY_GLAND_EPITHELIAL_CELL_PROLIFERATION	GOBP_MAMMARY_GLAND_EPITHELIAL_CELL_PROLIFERATION	1/3	26/13324	0.00584311951824579	0.0398199060903179	0.0103353757696571	GPX1	1	Mammaryglandepithelialcellproliferation.
t8.beige.day1	t8	beige	day1	GOMF_CARBOXY_LYASE_ACTIVITY	GOMF_CARBOXY_LYASE_ACTIVITY	1/3	26/13324	0.00584311951824579	0.0398199060903179	0.0103353757696571	DDT	1	Carboxy lyase activity
t8.beige.day1	t8	beige	day1	GOBP_REGULATION_OF_INFLAMMATORY_RESPONSE_TO_ANTIGENIC_STIMULUS	GOBP_REGULATION_OF_INFLAMMATORY_RESPONSE_TO_ANTIGENIC_STIMULUS	1/3	27/13324	0.00606739915739818	0.0398199060903179	0.0103353757696571	GPX1	1	Regulationofinflammatoryrspnstantgncstmls.
t8.beige.day1	t8	beige	day1	WP_OXIDATIVE_STRESS_RESPONSE	WP_OXIDATIVE_STRESS_RESPONSE	1/3	28/13324	0.00629164506267954	0.0398199060903179	0.0103353757696571	GPX1	1	Oxidative stress response
t8.beige.day1	t8	beige	day1	GOBP_PHENOL_CONTAINING_COMPOUND_BIOSYNTHETIC_PROCESS	GOBP_PHENOL_CONTAINING_COMPOUND_BIOSYNTHETIC_PROCESS	1/3	29/13324	0.00651585723662729	0.0398199060903179	0.0103353757696571	DDT	1	Phenolcontainingcompoundbiosyntheticprcss.
t8.beige.day1	t8	beige	day1	REACTOME_DETOXIFICATION_OF_REACTIVE_OXYGEN_SPECIES	REACTOME_DETOXIFICATION_OF_REACTIVE_OXYGEN_SPECIES	1/3	29/13324	0.00651585723662729	0.0398199060903179	0.0103353757696571	GPX1	1	Detoxification of reactive oxygen species
t8.beige.day1	t8	beige	day1	GOBP_MACROPHAGE_CHEMOTAXIS	GOBP_MACROPHAGE_CHEMOTAXIS	1/3	30/13324	0.00674003568177906	0.0398199060903179	0.0103353757696571	DDT	1	Macrophage chemotaxis
t8.beige.day1	t8	beige	day1	GOBP_MYOTUBE_CELL_DEVELOPMENT	GOBP_MYOTUBE_CELL_DEVELOPMENT	1/3	31/13324	0.00696418040067126	0.0398199060903179	0.0103353757696571	GPX1	1	Myotube cell development
t8.beige.day1	t8	beige	day1	GOBP_ARACHIDONIC_ACID_METABOLIC_PROCESS	GOBP_ARACHIDONIC_ACID_METABOLIC_PROCESS	1/3	32/13324	0.00718829139584154	0.0398199060903179	0.0103353757696571	GPX1	1	Arachidonic acid metabolic process
t8.beige.day1	t8	beige	day1	GOBP_REGULATION_OF_MACROPHAGE_MIGRATION	GOBP_REGULATION_OF_MACROPHAGE_MIGRATION	1/3	33/13324	0.00741236866982697	0.0398199060903179	0.0103353757696571	DDT	1	Regulation of macrophage migration
t8.beige.day1	t8	beige	day1	KEGG_ARACHIDONIC_ACID_METABOLISM	KEGG_ARACHIDONIC_ACID_METABOLISM	1/3	33/13324	0.00741236866982697	0.0398199060903179	0.0103353757696571	GPX1	1	Arachidonic acid metabolism
t8.beige.day1	t8	beige	day1	GOBP_NEGATIVE_REGULATION_OF_CHEMOTAXIS	GOBP_NEGATIVE_REGULATION_OF_CHEMOTAXIS	1/3	34/13324	0.00763641222516431	0.0398199060903179	0.0103353757696571	DDT	1	Negative regulation of chemotaxis
t8.beige.day1	t8	beige	day1	WP_AMYOTROPHIC_LATERAL_SCLEROSIS_ALS	WP_AMYOTROPHIC_LATERAL_SCLEROSIS_ALS	1/3	34/13324	0.00763641222516431	0.0398199060903179	0.0103353757696571	GPX1	1	Amyotrophic lateral sclerosis als
t8.beige.day1	t8	beige	day1	GOBP_REGULATION_OF_OXIDATIVE_STRESS_INDUCED_INTRINSIC_APOPTOTIC_SIGNALING_PATHWAY	GOBP_REGULATION_OF_OXIDATIVE_STRESS_INDUCED_INTRINSIC_APOPTOTIC_SIGNALING_PATHWAY	1/3	35/13324	0.00786042206439108	0.0398199060903179	0.0103353757696571	GPX1	1	Rgltnofoxdtvstrssindcdintrnscappttcsgnlnp.
t8.beige.day1	t8	beige	day1	GOBP_RESPONSE_TO_NICOTINE	GOBP_RESPONSE_TO_NICOTINE	1/3	35/13324	0.00786042206439108	0.0398199060903179	0.0103353757696571	GPX1	1	Response to nicotine
t8.beige.day1	t8	beige	day1	GOBP_SKELETAL_MUSCLE_TISSUE_REGENERATION	GOBP_SKELETAL_MUSCLE_TISSUE_REGENERATION	1/3	35/13324	0.00786042206439108	0.0398199060903179	0.0103353757696571	GPX1	1	Skeletal muscle tissue regeneration
t8.beige.day1	t8	beige	day1	GOBP_CELL_REDOX_HOMEOSTASIS	GOBP_CELL_REDOX_HOMEOSTASIS	1/3	36/13324	0.00808439819004447	0.0398199060903179	0.0103353757696571	GPX1	1	Cell redox homeostasis
t8.beige.day1	t8	beige	day1	GOBP_HYDROGEN_PEROXIDE_METABOLIC_PROCESS	GOBP_HYDROGEN_PEROXIDE_METABOLIC_PROCESS	1/3	38/13324	0.00853224931077923	0.0398199060903179	0.0103353757696571	GPX1	1	Hydrogen peroxide metabolic process
t8.beige.day1	t8	beige	day1	GOBP_NEGATIVE_REGULATION_OF_LEUKOCYTE_MIGRATION	GOBP_NEGATIVE_REGULATION_OF_LEUKOCYTE_MIGRATION	1/3	38/13324	0.00853224931077923	0.0398199060903179	0.0103353757696571	DDT	1	Negativeregulationofleukocytemigration.
t8.beige.day1	t8	beige	day1	GOBP_VASODILATION	GOBP_VASODILATION	1/3	38/13324	0.00853224931077923	0.0398199060903179	0.0103353757696571	GPX1	1	Vasodilation
t8.beige.day1	t8	beige	day1	GOBP_REGULATION_OF_EXTRINSIC_APOPTOTIC_SIGNALING_PATHWAY_VIA_DEATH_DOMAIN_RECEPTORS	GOBP_REGULATION_OF_EXTRINSIC_APOPTOTIC_SIGNALING_PATHWAY_VIA_DEATH_DOMAIN_RECEPTORS	1/3	39/13324	0.00875612431093487	0.0398199060903179	0.0103353757696571	GPX1	1	Rgltnofextrnscappttcsgnlngpthwyvdthdmnrcp.
t8.beige.day1	t8	beige	day1	REACTOME_ARACHIDONIC_ACID_METABOLISM	REACTOME_ARACHIDONIC_ACID_METABOLISM	1/3	39/13324	0.00875612431093487	0.0398199060903179	0.0103353757696571	GPX1	1	Arachidonic acid metabolism
t8.beige.day1	t8	beige	day1	GOBP_SECONDARY_METABOLIC_PROCESS	GOBP_SECONDARY_METABOLIC_PROCESS	1/3	40/13324	0.00897996560766556	0.0398199060903179	0.0103353757696571	DDT	1	Secondary metabolic process
t8.beige.day1	t8	beige	day1	GOBP_REGULATION_OF_RELEASE_OF_CYTOCHROME_C_FROM_MITOCHONDRIA	GOBP_REGULATION_OF_RELEASE_OF_CYTOCHROME_C_FROM_MITOCHONDRIA	1/3	41/13324	0.00920377320350829	0.0398199060903179	0.0103353757696571	GPX1	1	Regulationofreleasofcytochromcfrommtchndr.
t8.beige.day1	t8	beige	day1	KEGG_GLUTATHIONE_METABOLISM	KEGG_GLUTATHIONE_METABOLISM	1/3	41/13324	0.00920377320350829	0.0398199060903179	0.0103353757696571	GPX1	1	Glutathione metabolism
t8.beige.day1	t8	beige	day1	WP_SELENIUM_METABOLISM_AND_SELENOPROTEINS	WP_SELENIUM_METABOLISM_AND_SELENOPROTEINS	1/3	41/13324	0.00920377320350829	0.0398199060903179	0.0103353757696571	GPX1	1	Selenium metabolism and selenoproteins
t8.beige.day1	t8	beige	day1	GOBP_NEGATIVE_REGULATION_OF_CYSTEINE_TYPE_ENDOPEPTIDASE_ACTIVITY_INVOLVED_IN_APOPTOTIC_PROCESS	GOBP_NEGATIVE_REGULATION_OF_CYSTEINE_TYPE_ENDOPEPTIDASE_ACTIVITY_INVOLVED_IN_APOPTOTIC_PROCESS	1/3	42/13324	0.00942754710100058	0.0398199060903179	0.0103353757696571	GPX1	1	Ngtvrgltnofcystntypendpptdsactvtyinvlviap.
t8.beige.day1	t8	beige	day1	GOMF_CARBON_CARBON_LYASE_ACTIVITY	GOMF_CARBON_CARBON_LYASE_ACTIVITY	1/3	42/13324	0.00942754710100058	0.0398199060903179	0.0103353757696571	DDT	1	Carbon carbon lyase activity
t8.beige.day1	t8	beige	day1	GOBP_GLUTATHIONE_METABOLIC_PROCESS	GOBP_GLUTATHIONE_METABOLIC_PROCESS	1/3	43/13324	0.00965128730267939	0.0398199060903179	0.0103353757696571	GPX1	1	Glutathione metabolic process
t8.beige.day1	t8	beige	day1	KEGG_AMYOTROPHIC_LATERAL_SCLEROSIS_ALS	KEGG_AMYOTROPHIC_LATERAL_SCLEROSIS_ALS	1/3	43/13324	0.00965128730267939	0.0398199060903179	0.0103353757696571	GPX1	1	Amyotrophic lateral sclerosis als
t8.beige.day1	t8	beige	day1	GOBP_INFLAMMATORY_RESPONSE_TO_ANTIGENIC_STIMULUS	GOBP_INFLAMMATORY_RESPONSE_TO_ANTIGENIC_STIMULUS	1/3	44/13324	0.0098749938110817	0.0398199060903179	0.0103353757696571	GPX1	1	Inflammatoryresponsetoantigenicstimulus.
t8.beige.day1	t8	beige	day1	GOBP_MACROPHAGE_MIGRATION	GOBP_MACROPHAGE_MIGRATION	1/3	44/13324	0.0098749938110817	0.0398199060903179	0.0103353757696571	DDT	1	Macrophage migration
t8.beige.day1	t8	beige	day1	GOMF_OXIDOREDUCTASE_ACTIVITY_ACTING_ON_PEROXIDE_AS_ACCEPTOR	GOMF_OXIDOREDUCTASE_ACTIVITY_ACTING_ON_PEROXIDE_AS_ACCEPTOR	1/3	44/13324	0.0098749938110817	0.0398199060903179	0.0103353757696571	GPX1	1	Oxidoreductasactivityactingonprxdasaccptr.
t8.beige.day1	t8	beige	day1	GOBP_PIGMENT_BIOSYNTHETIC_PROCESS	GOBP_PIGMENT_BIOSYNTHETIC_PROCESS	1/3	46/13324	0.010322305758206	0.0398199060903179	0.0103353757696571	DDT	1	Pigment biosynthetic process
t8.beige.day1	t8	beige	day1	GOMF_INTRAMOLECULAR_OXIDOREDUCTASE_ACTIVITY	GOMF_INTRAMOLECULAR_OXIDOREDUCTASE_ACTIVITY	1/3	46/13324	0.010322305758206	0.0398199060903179	0.0103353757696571	DDT	1	Intramolecular oxidoreductase activity
t8.beige.day1	t8	beige	day1	GOBP_NEGATIVE_REGULATION_OF_CYSTEINE_TYPE_ENDOPEPTIDASE_ACTIVITY	GOBP_NEGATIVE_REGULATION_OF_CYSTEINE_TYPE_ENDOPEPTIDASE_ACTIVITY	1/3	47/13324	0.010545911202002	0.0398199060903179	0.0103353757696571	GPX1	1	Negativregulationofcystntypendpptdsactvty.
t8.beige.day1	t8	beige	day1	WP_TYROBP_CAUSAL_NETWORK_IN_MICROGLIA	WP_TYROBP_CAUSAL_NETWORK_IN_MICROGLIA	1/3	47/13324	0.010545911202002	0.0398199060903179	0.0103353757696571	GPX1	1	Tyrobp causal network in microglia
t8.beige.day1	t8	beige	day1	GOBP_RESPONSE_TO_GAMMA_RADIATION	GOBP_RESPONSE_TO_GAMMA_RADIATION	1/3	48/13324	0.0107694829626704	0.0399748604885564	0.0103755946473542	GPX1	1	Response to gamma radiation
t8.beige.day1	t8	beige	day1	WP_FOLATE_METABOLISM	WP_FOLATE_METABOLISM	1/3	49/13324	0.0109930210427482	0.0401245268060311	0.0104144409878668	GPX1	1	Folate metabolism
t8.beige.day1	t8	beige	day1	WP_OMEGA6FATTY_ACIDS_IN_SENESCENCE	WP_OMEGA6FATTY_ACIDS_IN_SENESCENCE	1/3	51/13324	0.0114399961712804	0.0410714616641052	0.0106602207635745	GPX1	1	Omega6fatty acids in senescence
t8.beige.day1	t8	beige	day1	GOBP_INTRINSIC_APOPTOTIC_SIGNALING_PATHWAY_IN_RESPONSE_TO_OXIDATIVE_STRESS	GOBP_INTRINSIC_APOPTOTIC_SIGNALING_PATHWAY_IN_RESPONSE_TO_OXIDATIVE_STRESS	1/3	52/13324	0.0116634332248089	0.0411982560682766	0.0106931306305548	GPX1	1	Intrnscappttcsgnlngpthwyinrspnstoxdtvstrs.
t8.beige.day1	t8	beige	day1	GOBP_RELEASE_OF_CYTOCHROME_C_FROM_MITOCHONDRIA	GOBP_RELEASE_OF_CYTOCHROME_C_FROM_MITOCHONDRIA	1/3	53/13324	0.0118868366078957	0.0413209082083993	0.0107249653605074	GPX1	1	Release of cytochrome c from mitochondria
t8.beige.day1	t8	beige	day1	WP_TRANSSULFURATION_ONECARBON_METABOLISM_AND_RELATED_PATHWAYS	WP_TRANSSULFURATION_ONECARBON_METABOLISM_AND_RELATED_PATHWAYS	1/3	56/13324	0.0125568447598745	0.0429679531626956	0.0111524608064675	GPX1	1	Transsulfurationoncrbnmtblsmandrltdpthwys.
t8.beige.day1	t8	beige	day1	WP_PHYSICOCHEMICAL_FEATURES_AND_TOXICITYASSOCIATED_PATHWAYS	WP_PHYSICOCHEMICAL_FEATURES_AND_TOXICITYASSOCIATED_PATHWAYS	1/3	57/13324	0.0127801134865645	0.0430591515931942	0.0111761316319754	GPX1	1	Physicochemicalfeatursandtxctyssctdpthwys.
t8.beige.day1	t8	beige	day1	GOBP_PIGMENT_METABOLIC_PROCESS	GOBP_PIGMENT_METABOLIC_PROCESS	1/3	60/13324	0.0134497177302442	0.0446286088321738	0.0115834889542773	DDT	1	Pigment metabolic process
t8.beige.day1	t8	beige	day1	GOBP_MAMMARY_GLAND_EPITHELIUM_DEVELOPMENT	GOBP_MAMMARY_GLAND_EPITHELIUM_DEVELOPMENT	1/3	61/13324	0.0136728518411315	0.0446918590031016	0.0115999057253905	GPX1	1	Mammary gland epithelium development
t8.beige.day1	t8	beige	day1	GOBP_TISSUE_REGENERATION	GOBP_TISSUE_REGENERATION	1/3	62/13324	0.0138959523044113	0.0447531405097953	0.0116158115238113	GPX1	1	Tissue regeneration
t8.beige.day1	t8	beige	day1	GOBP_ENDOTHELIAL_CELL_DEVELOPMENT	GOBP_ENDOTHELIAL_CELL_DEVELOPMENT	1/3	63/13324	0.0141190191226199	0.0448125389544024	0.0116312285678333	GPX1	1	Endothelial cell development
t8.beige.day1	t8	beige	day1	GOMF_ANTIOXIDANT_ACTIVITY	GOMF_ANTIOXIDANT_ACTIVITY	1/3	65/13324	0.0145650518339747	0.044980220602092	0.0116747508412063	GPX1	1	Antioxidant activity
t8.beige.day1	t8	beige	day1	GOBP_TRANSLATIONAL_ELONGATION	GOBP_TRANSLATIONAL_ELONGATION	1/3	66/13324	0.0147880177321946	0.044980220602092	0.0116747508412063	EEF1A1P5	1	Translational elongation
t8.beige.day1	t8	beige	day1	WP_SELENIUM_MICRONUTRIENT_NETWORK	WP_SELENIUM_MICRONUTRIENT_NETWORK	1/3	66/13324	0.0147880177321946	0.044980220602092	0.0116747508412063	GPX1	1	Selenium micronutrient network
t8.beige.day1	t8	beige	day1	GOCC_INCLUSION_BODY	GOCC_INCLUSION_BODY	1/3	67/13324	0.0150109499954925	0.0450328499864774	0.0116884109553943	GPX1	1	Inclusion body
t8.beige.day1	t8	beige	day1	GOBP_RESPONSE_TO_VITAMIN	GOBP_RESPONSE_TO_VITAMIN	1/3	71/13324	0.0159023427502065	0.0470623386796652	0.0122151708180818	GPX1	1	Response to vitamin
t8.beige.day1	t8	beige	day1	GOBP_EXTRINSIC_APOPTOTIC_SIGNALING_PATHWAY_VIA_DEATH_DOMAIN_RECEPTORS	GOBP_EXTRINSIC_APOPTOTIC_SIGNALING_PATHWAY_VIA_DEATH_DOMAIN_RECEPTORS	1/3	72/13324	0.0161251068769513	0.0470853120806979	0.0122211336330579	GPX1	1	Extrinsicapoptotcsgnlngpthwyvdthdmnrcptrs.
t8.beige.day1	t8	beige	day1	GOBP_LONG_CHAIN_FATTY_ACID_METABOLIC_PROCESS	GOBP_LONG_CHAIN_FATTY_ACID_METABOLIC_PROCESS	1/3	74/13324	0.0165705342738806	0.0471704577151387	0.0122432334372386	GPX1	1	Long chain fatty acid metabolic process
t8.beige.day1	t8	beige	day1	GOBP_PHENOL_CONTAINING_COMPOUND_METABOLIC_PROCESS	GOBP_PHENOL_CONTAINING_COMPOUND_METABOLIC_PROCESS	1/3	75/13324	0.0167931975491395	0.0471704577151387	0.0122432334372386	DDT	1	Phenolcontainingcompoundmetabolicprocess.
t8.beige.day1	t8	beige	day1	GOBP_ICOSANOID_METABOLIC_PROCESS	GOBP_ICOSANOID_METABOLIC_PROCESS	1/3	76/13324	0.0170158272123103	0.0471704577151387	0.0122432334372386	GPX1	1	Icosanoid metabolic process
t8.beige.day1	t8	beige	day1	GOBP_UNSATURATED_FATTY_ACID_METABOLIC_PROCESS	GOBP_UNSATURATED_FATTY_ACID_METABOLIC_PROCESS	1/3	76/13324	0.0170158272123103	0.0471704577151387	0.0122432334372386	GPX1	1	Unsaturated fatty acid metabolic process
t8.beige.day1	t8	beige	day1	GOBP_CELLULAR_OXIDANT_DETOXIFICATION	GOBP_CELLULAR_OXIDANT_DETOXIFICATION	1/3	77/13324	0.0172384232659307	0.0471901836904854	0.0122483533731613	GPX1	1	Cell oxidant detoxification
t8.beige.day1	t8	beige	day1	GOMF_TRANSLATION_FACTOR_ACTIVITY_RNA_BINDING	GOMF_TRANSLATION_FACTOR_ACTIVITY_RNA_BINDING	1/3	80/13324	0.0179060097948598	0.0478728513811611	0.0124255418148652	EEF1A1P5	1	Translation factor activity RNA binding
t8.beige.day1	t8	beige	day1	WP_P53_TRANSCRIPTIONAL_GENE_NETWORK	WP_P53_TRANSCRIPTIONAL_GENE_NETWORK	1/3	81/13324	0.0181284714356493	0.0478728513811611	0.0124255418148652	GPX1	1	P53 transcriptional gene network
t8.beige.day1	t8	beige	day1	GOBP_POSITIVE_REGULATION_OF_TUMOR_NECROSIS_FACTOR_SUPERFAMILY_CYTOKINE_PRODUCTION	GOBP_POSITIVE_REGULATION_OF_TUMOR_NECROSIS_FACTOR_SUPERFAMILY_CYTOKINE_PRODUCTION	1/3	83/13324	0.0185732939291707	0.0478728513811611	0.0124255418148652	DDT	1	Pos.reg.tumornecrssfctrsprfmlycytknprdctn.
t8.beige.day1	t8	beige	day1	GOBP_BIOLOGICAL_PROCESS_INVOLVED_IN_INTERACTION_WITH_SYMBIONT	GOBP_BIOLOGICAL_PROCESS_INVOLVED_IN_INTERACTION_WITH_SYMBIONT	1/3	85/13324	0.0190179820555297	0.0478728513811611	0.0124255418148652	GPX1	1	Biologicalprocessinvlvdinintrctnwthsymbnt.
t8.beige.day1	t8	beige	day1	GOBP_NEGATIVE_REGULATION_OF_EXTRINSIC_APOPTOTIC_SIGNALING_PATHWAY	GOBP_NEGATIVE_REGULATION_OF_EXTRINSIC_APOPTOTIC_SIGNALING_PATHWAY	1/3	85/13324	0.0190179820555297	0.0478728513811611	0.0124255418148652	GPX1	1	Negativregulatnofextrnscappttcsgnlngpthwy.
t8.beige.day1	t8	beige	day1	GOBP_NEGATIVE_REGULATION_OF_PEPTIDASE_ACTIVITY	GOBP_NEGATIVE_REGULATION_OF_PEPTIDASE_ACTIVITY	1/3	85/13324	0.0190179820555297	0.0478728513811611	0.0124255418148652	GPX1	1	Negative regulation of peptidase activity
t8.beige.day1	t8	beige	day1	GOBP_TRIGLYCERIDE_METABOLIC_PROCESS	GOBP_TRIGLYCERIDE_METABOLIC_PROCESS	1/3	85/13324	0.0190179820555297	0.0478728513811611	0.0124255418148652	GPX1	1	Triglyceride metabolic process
t8.beige.day1	t8	beige	day1	GOBP_RESPONSE_TO_ESTRADIOL	GOBP_RESPONSE_TO_ESTRADIOL	1/3	89/13324	0.0199069552879494	0.0495116467057542	0.0128508960447523	GPX1	1	Response to estradiol
t8.beige.day1	t8	beige	day1	GOBP_RESPONSE_TO_HYDROGEN_PEROXIDE	GOBP_RESPONSE_TO_HYDROGEN_PEROXIDE	1/3	90/13324	0.0201291146482919	0.0495116467057542	0.0128508960447523	GPX1	1	Response to hydrogen peroxide
t8.beige.day1	t8	beige	day1	GOBP_REGULATION_OF_LEUKOCYTE_CHEMOTAXIS	GOBP_REGULATION_OF_LEUKOCYTE_CHEMOTAXIS	1/3	91/13324	0.0203512404346042	0.0495116467057542	0.0128508960447523	DDT	1	Regulation of leukocyte chemotaxis
t8.beige.day1	t8	beige	day1	GOBP_MYOBLAST_DIFFERENTIATION	GOBP_MYOBLAST_DIFFERENTIATION	1/3	92/13324	0.020573332649423	0.0495116467057542	0.0128508960447523	GPX1	1	Myoblast differentiation
t8.beige.day1	t8	beige	day1	GOBP_APOPTOTIC_MITOCHONDRIAL_CHANGES	GOBP_APOPTOTIC_MITOCHONDRIAL_CHANGES	1/3	95/13324	0.02123940789029	0.0499569216682092	0.0129664684935511	GPX1	1	Apoptotic mitochondrial changes
t8.beige.day1	t8	beige	day1	WP_MALE_INFERTILITY	WP_MALE_INFERTILITY	1/3	95/13324	0.02123940789029	0.0499569216682092	0.0129664684935511	GPX1	1	Male infertility
t8.beige.day1	t8	beige	day1	GOBP_FIBROBLAST_PROLIFERATION	GOBP_FIBROBLAST_PROLIFERATION	1/3	97/13324	0.0216832902399151	0.0499569216682092	0.0129664684935511	GPX1	1	Fibroblast proliferation
t8.beige.day1	t8	beige	day1	GOBP_NEGATIVE_REGULATION_OF_INTRINSIC_APOPTOTIC_SIGNALING_PATHWAY	GOBP_NEGATIVE_REGULATION_OF_INTRINSIC_APOPTOTIC_SIGNALING_PATHWAY	1/3	98/13324	0.0219051810790534	0.0499569216682092	0.0129664684935511	GPX1	1	Negativregulatnofintrnscappttcsgnlngpthwy.
t8.beige.day1	t8	beige	day1	GOBP_MYOTUBE_DIFFERENTIATION	GOBP_MYOTUBE_DIFFERENTIATION	1/3	99/13324	0.022127038364458	0.0499569216682092	0.0129664684935511	GPX1	1	Myotube differentiation
t8.beige.day1	t8	beige	day1	GOMF_TRANSLATION_REGULATOR_ACTIVITY_NUCLEIC_ACID_BINDING	GOMF_TRANSLATION_REGULATOR_ACTIVITY_NUCLEIC_ACID_BINDING	1/3	99/13324	0.022127038364458	0.0499569216682092	0.0129664684935511	EEF1A1P5	1	Translationregulatoractivitynuclcacdbndng.
