	bin_ids
asc.day0_AAACCTGAGAATAGGG-1	1
asc.day0_AAACCTGAGAGGGCTT-1	3
asc.day0_AAACCTGAGATCGATA-1	1
asc.day0_AAACCTGAGGTAGCTG-1	1
asc.day0_AAACCTGAGGTGCTAG-1	6
asc.day0_AAACCTGAGTTGTAGA-1	4
asc.day0_AAACCTGCATTCGACA-1	1
asc.day0_AAACCTGGTATAGGTA-1	1
asc.day0_AAACCTGGTGTCAATC-1	1
asc.day0_AAACCTGGTGTCTGAT-1	1
asc.day0_AAACCTGGTTAGTGGG-1	5
asc.day0_AAACCTGGTTCAGCGC-1	3
asc.day0_AAACCTGGTTGGACCC-1	1
asc.day0_AAACCTGTCAAGATCC-1	3
asc.day0_AAACCTGTCGATCCCT-1	3
asc.day0_AAACCTGTCGTGACAT-1	3
asc.day0_AAACGGGAGATGTGTA-1	1
asc.day0_AAACGGGAGGCGCTCT-1	3
asc.day0_AAACGGGAGTGACATA-1	3
asc.day0_AAACGGGCAAGCGAGT-1	1
asc.day0_AAACGGGCAAGCGCTC-1	1
asc.day0_AAACGGGCAAGTTAAG-1	3
asc.day0_AAACGGGCAATAAGCA-1	5
asc.day0_AAACGGGCAATGGACG-1	5
asc.day0_AAACGGGCAGATGGCA-1	3
asc.day0_AAACGGGGTAAGTGTA-1	4
asc.day0_AAACGGGGTATAAACG-1	1
asc.day0_AAACGGGGTTATCCGA-1	1
asc.day0_AAACGGGTCATAGCAC-1	1
asc.day0_AAACGGGTCATGTCCC-1	1
asc.day0_AAACGGGTCCGCGGTA-1	3
asc.day0_AAACGGGTCCTAGTGA-1	3
asc.day0_AAAGATGAGAGGACGG-1	5
asc.day0_AAAGATGAGAGTAAGG-1	1
asc.day0_AAAGATGAGGGCTTCC-1	1
asc.day0_AAAGATGAGTACGCCC-1	3
asc.day0_AAAGATGAGTGGTAAT-1	4
asc.day0_AAAGATGAGTTGTCGT-1	1
asc.day0_AAAGATGCAATTGCTG-1	2
asc.day0_AAAGATGCACACAGAG-1	1
asc.day0_AAAGATGCACATCCAA-1	3
asc.day0_AAAGATGCACCGATAT-1	3
asc.day0_AAAGATGCACGTCAGC-1	5
asc.day0_AAAGATGGTAAACCTC-1	2
asc.day0_AAAGATGGTATGAATG-1	5
asc.day0_AAAGATGGTCTTGCGG-1	5
asc.day0_AAAGATGGTTACCAGT-1	5
asc.day0_AAAGATGTCACCATAG-1	2
asc.day0_AAAGATGTCGAATGGG-1	2
asc.day0_AAAGATGTCGGTTCGG-1	1
asc.day0_AAAGCAAAGATCGGGT-1	2
asc.day0_AAAGCAAAGGATATAC-1	2
asc.day0_AAAGCAACAAATTGCC-1	4
asc.day0_AAAGCAACAATAGCGG-1	3
asc.day0_AAAGCAACACCAGGCT-1	1
asc.day0_AAAGCAACACTAAGTC-1	1
asc.day0_AAAGCAACAGTGAGTG-1	1
asc.day0_AAAGCAACATGCAACT-1	1
asc.day0_AAAGCAAGTGAAATCA-1	5
asc.day0_AAAGCAATCAAACCAC-1	1
asc.day0_AAAGCAATCCGGGTGT-1	6
asc.day0_AAAGCAATCTCTTGAT-1	6
asc.day0_AAAGTAGAGACAGAGA-1	1
asc.day0_AAAGTAGAGAGTGAGA-1	6
asc.day0_AAAGTAGAGTCAAGCG-1	2
asc.day0_AAAGTAGAGTCCAGGA-1	2
asc.day0_AAAGTAGAGTGTACGG-1	5
asc.day0_AAAGTAGCAGTGACAG-1	1
asc.day0_AAAGTAGCATGCCACG-1	1
asc.day0_AAAGTAGGTATGCTTG-1	3
asc.day0_AAAGTAGGTCCGACGT-1	2
asc.day0_AAAGTAGGTCTAGAGG-1	1
asc.day0_AAAGTAGGTTACGCGC-1	1
asc.day0_AAAGTAGGTTGCGCAC-1	5
asc.day0_AAATGCCAGATCCTGT-1	1
asc.day0_AAATGCCCACTGTGTA-1	4
asc.day0_AAATGCCCATTTGCTT-1	3
asc.day0_AAATGCCGTAACGCGA-1	5
asc.day0_AAATGCCGTCCAGTAT-1	1
asc.day0_AAATGCCGTCTAGTCA-1	3
asc.day0_AAATGCCTCATCGCTC-1	1
asc.day0_AAATGCCTCGCCAAAT-1	1
asc.day0_AAATGCCTCTGAGTGT-1	1
asc.day0_AAATGCCTCTTGCATT-1	1
asc.day0_AAATGCCTCTTGTATC-1	1
asc.day0_AACACGTAGTGAAGAG-1	1
asc.day0_AACACGTCAAATACAG-1	3
asc.day0_AACACGTCAGATGGCA-1	1
asc.day0_AACACGTCAGCATGAG-1	1
asc.day0_AACACGTCATTGCGGC-1	5
asc.day0_AACACGTGTACACCGC-1	4
asc.day0_AACACGTGTCGAATCT-1	2
asc.day0_AACACGTGTCGACTAT-1	5
asc.day0_AACACGTTCAGGCCCA-1	1
asc.day0_AACACGTTCGGAGCAA-1	1
asc.day0_AACACGTTCGTTGACA-1	3
asc.day0_AACCATGAGAAGGGTA-1	1
asc.day0_AACCATGAGGAGTTGC-1	2
asc.day0_AACCATGAGGGCTTCC-1	5
asc.day0_AACCATGAGTGCCAGA-1	3
asc.day0_AACCATGCACATGACT-1	5
asc.day0_AACCATGCACGTAAGG-1	2
asc.day0_AACCATGCAGTGAGTG-1	5
asc.day0_AACCATGCATCACGAT-1	1
asc.day0_AACCATGCATGCCTTC-1	1
asc.day0_AACCATGCATTCTCAT-1	3
asc.day0_AACCATGGTAAATGAC-1	1
asc.day0_AACCATGGTAATCGTC-1	3
asc.day0_AACCATGGTCACTGGC-1	5
asc.day0_AACCATGGTCTCTTTA-1	1
asc.day0_AACCATGGTTCTGGTA-1	5
asc.day0_AACCATGTCAAGGCTT-1	3
asc.day0_AACCATGTCCGCGTTT-1	5
asc.day0_AACCGCGAGCACCGCT-1	1
asc.day0_AACCGCGCAAGTTAAG-1	1
asc.day0_AACCGCGCACCCAGTG-1	1
asc.day0_AACCGCGCAGATTGCT-1	1
asc.day0_AACCGCGCAGTTCATG-1	1
asc.day0_AACCGCGCATCACGTA-1	1
asc.day0_AACCGCGCATGGATGG-1	3
asc.day0_AACCGCGGTCGACTAT-1	1
asc.day0_AACCGCGGTTCAGTAC-1	3
asc.day0_AACCGCGTCTGCTGCT-1	1
asc.day0_AACCGCGTCTTGCAAG-1	1
asc.day0_AACCGCGTCTTTAGTC-1	5
asc.day0_AACGTTGAGTATCGAA-1	1
asc.day0_AACGTTGCAAGCCTAT-1	5
asc.day0_AACGTTGCACGTGAGA-1	3
asc.day0_AACGTTGCACTGTGTA-1	3
asc.day0_AACGTTGCAGGAATGC-1	1
asc.day0_AACGTTGCATATGAGA-1	4
asc.day0_AACGTTGGTCCAGTGC-1	2
asc.day0_AACGTTGTCACTTACT-1	1
asc.day0_AACGTTGTCCAATGGT-1	4
asc.day0_AACGTTGTCCATGAAC-1	3
asc.day0_AACGTTGTCCATGAGT-1	4
asc.day0_AACGTTGTCGCAAACT-1	1
asc.day0_AACGTTGTCGGCGCAT-1	1
asc.day0_AACTCAGAGCAGACTG-1	5
asc.day0_AACTCAGAGCCAACAG-1	1
asc.day0_AACTCAGAGCGTAATA-1	6
asc.day0_AACTCAGAGCTAACTC-1	4
asc.day0_AACTCAGAGGCGTACA-1	3
asc.day0_AACTCAGAGTGCAAGC-1	1
asc.day0_AACTCAGCAATGGACG-1	3
asc.day0_AACTCAGCACATGGGA-1	3
asc.day0_AACTCAGCACCCAGTG-1	1
asc.day0_AACTCAGCATACTACG-1	4
asc.day0_AACTCAGGTACCCAAT-1	5
asc.day0_AACTCAGGTAGCGATG-1	3
asc.day0_AACTCAGGTCTCACCT-1	5
asc.day0_AACTCAGGTTATCACG-1	1
asc.day0_AACTCAGGTTCTGGTA-1	1
asc.day0_AACTCAGGTTGAGGTG-1	2
asc.day0_AACTCAGGTTTCCACC-1	1
asc.day0_AACTCAGTCCAGTATG-1	2
asc.day0_AACTCAGTCCCGGATG-1	6
asc.day0_AACTCAGTCGAGAGCA-1	4
asc.day0_AACTCAGTCGCACTCT-1	5
asc.day0_AACTCAGTCTACTCAT-1	2
asc.day0_AACTCAGTCTTACCGC-1	1
asc.day0_AACTCCCAGACCTAGG-1	5
asc.day0_AACTCCCCAACACCCG-1	3
asc.day0_AACTCCCCACAGCGTC-1	1
asc.day0_AACTCCCCACTTAAGC-1	2
asc.day0_AACTCCCGTCCGCTGA-1	3
asc.day0_AACTCCCTCCAGTATG-1	1
asc.day0_AACTCCCTCCCATTTA-1	3
asc.day0_AACTCCCTCTTAACCT-1	1
asc.day0_AACTCTTAGAGTCTGG-1	5
asc.day0_AACTCTTAGCAATATG-1	1
asc.day0_AACTCTTAGCCCTAAT-1	2
asc.day0_AACTCTTAGGAGTTGC-1	5
asc.day0_AACTCTTAGTGGGATC-1	3
asc.day0_AACTCTTCAAAGCGGT-1	1
asc.day0_AACTCTTCAAATCCGT-1	3
asc.day0_AACTCTTCATTCGACA-1	4
asc.day0_AACTCTTGTAGAGGAA-1	5
asc.day0_AACTCTTGTCGGGTCT-1	1
asc.day0_AACTCTTTCAACACAC-1	1
asc.day0_AACTCTTTCACCATAG-1	1
asc.day0_AACTCTTTCAGAGGTG-1	1
asc.day0_AACTCTTTCGCAGGCT-1	2
asc.day0_AACTCTTTCGGATGGA-1	4
asc.day0_AACTGGTAGACTACAA-1	2
asc.day0_AACTGGTAGCCCAGCT-1	1
asc.day0_AACTGGTAGCTAGCCC-1	1
asc.day0_AACTGGTAGGCGTACA-1	5
asc.day0_AACTGGTAGTGCCAGA-1	5
asc.day0_AACTGGTAGTTCGCAT-1	1
asc.day0_AACTGGTCACAAGACG-1	2
asc.day0_AACTGGTCAGTGGGAT-1	3
asc.day0_AACTGGTCATATGAGA-1	2
asc.day0_AACTGGTGTAGTAGTA-1	1
asc.day0_AACTGGTGTATGGTTC-1	2
asc.day0_AACTGGTGTCACCTAA-1	3
asc.day0_AACTGGTGTCTAAACC-1	6
asc.day0_AACTGGTGTGAAGGCT-1	5
asc.day0_AACTGGTGTGCCTGTG-1	3
asc.day0_AACTGGTGTGTTTGGT-1	1
asc.day0_AACTGGTGTTAGTGGG-1	6
asc.day0_AACTGGTGTTATCGGT-1	2
asc.day0_AACTGGTGTTCGCGAC-1	2
asc.day0_AACTGGTTCTGGCGAC-1	1
asc.day0_AACTTTCAGACAAAGG-1	1
asc.day0_AACTTTCAGAGCCTAG-1	1
asc.day0_AACTTTCAGCCAGGAT-1	4
asc.day0_AACTTTCAGGATGGAA-1	1
asc.day0_AACTTTCAGTGGACGT-1	4
asc.day0_AACTTTCCACGTTGGC-1	1
asc.day0_AACTTTCCAGCTCCGA-1	1
asc.day0_AACTTTCCATCCCACT-1	1
asc.day0_AACTTTCCATCCTAGA-1	5
asc.day0_AACTTTCGTAAATGTG-1	3
asc.day0_AACTTTCGTAATTGGA-1	1
asc.day0_AACTTTCGTCGCTTCT-1	1
asc.day0_AACTTTCGTGGCTCCA-1	3
asc.day0_AACTTTCGTTTGGGCC-1	1
asc.day0_AACTTTCTCCTGCCAT-1	1
asc.day0_AAGACCTAGATTACCC-1	2
asc.day0_AAGACCTAGCAGATCG-1	3
asc.day0_AAGACCTAGGAGTTGC-1	2
asc.day0_AAGACCTAGGCCCGTT-1	5
asc.day0_AAGACCTAGGCGTACA-1	1
asc.day0_AAGACCTCAAGCGATG-1	1
asc.day0_AAGACCTCAGCGTAAG-1	1
asc.day0_AAGACCTCAGGGAGAG-1	3
asc.day0_AAGACCTCAGGGTATG-1	1
asc.day0_AAGACCTCAGGTGGAT-1	1
asc.day0_AAGACCTGTAAATGTG-1	1
asc.day0_AAGACCTGTACAGTTC-1	3
asc.day0_AAGACCTGTATGCTTG-1	1
asc.day0_AAGACCTGTCTTGATG-1	3
asc.day0_AAGACCTGTTCCATGA-1	1
asc.day0_AAGACCTTCTGATTCT-1	1
asc.day0_AAGCCGCAGACTAGAT-1	3
asc.day0_AAGCCGCAGAGACGAA-1	3
asc.day0_AAGCCGCAGCAATATG-1	3
asc.day0_AAGCCGCAGCACCGCT-1	3
asc.day0_AAGCCGCAGCGTAATA-1	3
asc.day0_AAGCCGCAGCTGCCCA-1	4
asc.day0_AAGCCGCAGGGATCTG-1	1
asc.day0_AAGCCGCAGTCCAGGA-1	1
asc.day0_AAGCCGCAGTCTTGCA-1	5
asc.day0_AAGCCGCCAAGAAAGG-1	2
asc.day0_AAGCCGCCACGAAATA-1	1
asc.day0_AAGCCGCCAGGAACGT-1	1
asc.day0_AAGCCGCCATGCCCGA-1	1
asc.day0_AAGCCGCCATGCTAGT-1	2
asc.day0_AAGCCGCCATTGAGCT-1	1
asc.day0_AAGCCGCGTAGGACAC-1	2
asc.day0_AAGCCGCGTAGGCTGA-1	1
asc.day0_AAGCCGCGTATCGCAT-1	4
asc.day0_AAGCCGCGTCTCTCGT-1	1
asc.day0_AAGCCGCGTTACGCGC-1	4
asc.day0_AAGCCGCTCACCGGGT-1	3
asc.day0_AAGCCGCTCCGCTGTT-1	3
asc.day0_AAGCCGCTCCGGGTGT-1	4
asc.day0_AAGCCGCTCGTATCAG-1	4
asc.day0_AAGGAGCAGAGACTAT-1	1
asc.day0_AAGGAGCAGAGGTTGC-1	4
asc.day0_AAGGAGCAGCACCGCT-1	1
asc.day0_AAGGAGCAGTTTAGGA-1	1
asc.day0_AAGGAGCCACGTAAGG-1	5
asc.day0_AAGGAGCCAGAAGCAC-1	2
asc.day0_AAGGAGCCAGCCTTTC-1	1
asc.day0_AAGGAGCCATTAGCCA-1	3
asc.day0_AAGGAGCGTCTAGCGC-1	1
asc.day0_AAGGAGCGTCTAGGTT-1	5
asc.day0_AAGGAGCTCCGCATCT-1	2
asc.day0_AAGGAGCTCGCTTGTC-1	5
asc.day0_AAGGCAGAGAGGACGG-1	1
asc.day0_AAGGCAGAGGAACTGC-1	3
asc.day0_AAGGCAGAGTAGTGCG-1	1
asc.day0_AAGGCAGAGTCCCACG-1	2
asc.day0_AAGGCAGAGTTCGCAT-1	5
asc.day0_AAGGCAGCAACACCTA-1	1
asc.day0_AAGGCAGCAATAAGCA-1	1
asc.day0_AAGGCAGCACCAACCG-1	2
asc.day0_AAGGCAGGTATCAGTC-1	2
asc.day0_AAGGCAGTCAGGCCCA-1	2
asc.day0_AAGGCAGTCCCTTGCA-1	1
asc.day0_AAGGCAGTCCGTCATC-1	5
asc.day0_AAGGTTCAGCGTTTAC-1	4
asc.day0_AAGGTTCAGTGGGATC-1	3
asc.day0_AAGGTTCCAGCTGCAC-1	4
asc.day0_AAGGTTCGTAAAGTCA-1	3
asc.day0_AAGGTTCGTTGGACCC-1	1
asc.day0_AAGGTTCTCACGATGT-1	1
asc.day0_AAGGTTCTCATCGCTC-1	3
asc.day0_AAGGTTCTCGCATGGC-1	1
asc.day0_AAGGTTCTCTGTTTGT-1	2
asc.day0_AAGTCTGAGAGCTATA-1	1
asc.day0_AAGTCTGAGCCTTGAT-1	2
asc.day0_AAGTCTGAGCGTGAAC-1	5
asc.day0_AAGTCTGAGGTAGCTG-1	1
asc.day0_AAGTCTGCAAGGACTG-1	2
asc.day0_AAGTCTGCATCCAACA-1	1
asc.day0_AAGTCTGCATGGTAGG-1	5
asc.day0_AAGTCTGGTAGCACGA-1	3
asc.day0_AAGTCTGGTTACTGAC-1	2
asc.day0_AAGTCTGTCGATAGAA-1	5
asc.day0_AAGTCTGTCGCTGATA-1	1
asc.day0_AAGTCTGTCTTGCATT-1	4
asc.day0_AATCCAGAGACATAAC-1	1
asc.day0_AATCCAGAGCTAGTTC-1	5
asc.day0_AATCCAGAGCTGTCTA-1	1
asc.day0_AATCCAGAGTATCTCG-1	1
asc.day0_AATCCAGCAAGCCATT-1	1
asc.day0_AATCCAGCAATGGACG-1	1
asc.day0_AATCCAGCAGATCCAT-1	3
asc.day0_AATCCAGCAGGCAGTA-1	1
asc.day0_AATCCAGCATGCCCGA-1	3
asc.day0_AATCCAGCATGCTGGC-1	1
asc.day0_AATCCAGCATTAGCCA-1	1
asc.day0_AATCCAGGTCGGGTCT-1	3
asc.day0_AATCCAGGTGGTCTCG-1	3
asc.day0_AATCCAGGTTCGAATC-1	3
asc.day0_AATCCAGGTTCGGCAC-1	1
asc.day0_AATCCAGGTTCTGAAC-1	4
asc.day0_AATCCAGTCGGTTAAC-1	1
asc.day0_AATCCAGTCGTGGGAA-1	3
asc.day0_AATCCAGTCTCGTTTA-1	3
asc.day0_AATCGGTAGAAGCCCA-1	1
asc.day0_AATCGGTAGACGCAAC-1	2
asc.day0_AATCGGTAGGCTATCT-1	1
asc.day0_AATCGGTAGGGATGGG-1	1
asc.day0_AATCGGTAGTTCGCGC-1	2
asc.day0_AATCGGTCAACAACCT-1	1
asc.day0_AATCGGTCAAGAAAGG-1	4
asc.day0_AATCGGTCACCAGTTA-1	1
asc.day0_AATCGGTCACCTCGTT-1	1
asc.day0_AATCGGTCAGCGTCCA-1	1
asc.day0_AATCGGTGTACAGCAG-1	5
asc.day0_AATCGGTGTCAAGCGA-1	1
asc.day0_AATCGGTGTGCTAGCC-1	2
asc.day0_AATCGGTGTGTTCTTT-1	1
asc.day0_AATCGGTGTTCCATGA-1	1
asc.day0_AATCGGTTCAACACTG-1	1
asc.day0_AATCGGTTCACTTACT-1	1
asc.day0_AATCGGTTCAGAGGTG-1	5
asc.day0_AATCGGTTCGGAATCT-1	3
asc.day0_AATCGGTTCTAACTCT-1	1
asc.day0_ACACCAAAGAAACCGC-1	3
asc.day0_ACACCAAAGAGTACCG-1	3
asc.day0_ACACCAAAGATGCCAG-1	4
asc.day0_ACACCAACACATGTGT-1	3
asc.day0_ACACCAACACCGGAAA-1	3
asc.day0_ACACCAACACGGCTAC-1	3
asc.day0_ACACCAACAGGGTATG-1	1
asc.day0_ACACCAAGTCAGGACA-1	5
asc.day0_ACACCAATCACCACCT-1	1
asc.day0_ACACCAATCAGCAACT-1	3
asc.day0_ACACCAATCCTTTCTC-1	1
asc.day0_ACACCAATCTTGCATT-1	1
asc.day0_ACACCCTAGAAACCGC-1	1
asc.day0_ACACCCTAGCTAACAA-1	1
asc.day0_ACACCCTAGGATCGCA-1	1
asc.day0_ACACCCTCAGCGTTCG-1	3
asc.day0_ACACCCTGTAAAGGAG-1	5
asc.day0_ACACCCTGTTTACTCT-1	1
asc.day0_ACACCCTTCCCACTTG-1	3
asc.day0_ACACCCTTCCCATTAT-1	4
asc.day0_ACACCCTTCCGATATG-1	4
asc.day0_ACACCCTTCTAACCGA-1	1
asc.day0_ACACCGGAGACAAGCC-1	1
asc.day0_ACACCGGAGAGCCTAG-1	5
asc.day0_ACACCGGAGATGAGAG-1	4
asc.day0_ACACCGGAGATGCCAG-1	2
asc.day0_ACACCGGAGCCTTGAT-1	4
asc.day0_ACACCGGAGTGGGATC-1	4
asc.day0_ACACCGGCAAGGGTCA-1	5
asc.day0_ACACCGGCACCTCGTT-1	3
asc.day0_ACACCGGCATAAGACA-1	5
asc.day0_ACACCGGGTCTAGCCG-1	3
asc.day0_ACACCGGGTGCCTTGG-1	1
asc.day0_ACACCGGTCAAGATCC-1	2
asc.day0_ACACCGGTCTGGTTCC-1	4
asc.day0_ACACCGGTCTGTCTCG-1	1
asc.day0_ACACTGAAGAGCTTCT-1	3
asc.day0_ACACTGAAGGATGGAA-1	1
asc.day0_ACACTGAAGTAGGTGC-1	3
asc.day0_ACACTGACAATTGCTG-1	2
asc.day0_ACACTGACACACAGAG-1	2
asc.day0_ACACTGAGTAAATGAC-1	3
asc.day0_ACACTGAGTGTTCTTT-1	1
asc.day0_ACACTGAGTGTTGAGG-1	1
asc.day0_ACACTGAGTTACAGAA-1	1
asc.day0_ACACTGATCCGCGTTT-1	1
asc.day0_ACACTGATCCGTTGCT-1	3
asc.day0_ACACTGATCGAATCCA-1	2
asc.day0_ACACTGATCGCAGGCT-1	1
asc.day0_ACACTGATCTCGAGTA-1	1
asc.day0_ACACTGATCTGCGTAA-1	1
asc.day0_ACAGCCGAGAAGGTGA-1	1
asc.day0_ACAGCCGAGGCGCTCT-1	1
asc.day0_ACAGCCGAGTCGATAA-1	1
asc.day0_ACAGCCGCAAGTCTGT-1	5
asc.day0_ACAGCCGCACCTATCC-1	5
asc.day0_ACAGCCGCATGTAAGA-1	1
asc.day0_ACAGCCGGTAAAGTCA-1	1
asc.day0_ACAGCCGGTAGCCTCG-1	6
asc.day0_ACAGCCGGTCGCGAAA-1	1
asc.day0_ACAGCCGGTCTAGGTT-1	5
asc.day0_ACAGCCGGTCTGCCAG-1	2
asc.day0_ACAGCCGGTGCAGGTA-1	5
asc.day0_ACAGCCGTCAGAGCTT-1	3
asc.day0_ACAGCCGTCCCGGATG-1	1
asc.day0_ACAGCCGTCGGCGGTT-1	6
asc.day0_ACAGCTAAGGCGCTCT-1	2
asc.day0_ACAGCTAAGTACGACG-1	3
asc.day0_ACAGCTACAAGAAGAG-1	4
asc.day0_ACAGCTACAATCCGAT-1	3
asc.day0_ACAGCTACACGGTAGA-1	1
asc.day0_ACAGCTACAGCTGCAC-1	5
asc.day0_ACAGCTAGTAAACACA-1	5
asc.day0_ACAGCTAGTCCATCCT-1	4
asc.day0_ACAGCTAGTGTGAAAT-1	1
asc.day0_ACAGCTATCACCTTAT-1	4
asc.day0_ACAGCTATCCTCATTA-1	4
asc.day0_ACAGCTATCGCTGATA-1	1
asc.day0_ACAGCTATCGTCACGG-1	5
asc.day0_ACATACGAGACTGGGT-1	1
asc.day0_ACATACGAGAGGACGG-1	1
asc.day0_ACATACGAGCCTTGAT-1	1
asc.day0_ACATACGAGGTGCTAG-1	3
asc.day0_ACATACGAGTTAGGTA-1	2
asc.day0_ACATACGCACTTGGAT-1	1
asc.day0_ACATACGCAGTATCTG-1	3
asc.day0_ACATACGGTCAGTGGA-1	1
asc.day0_ACATACGGTCCGAAGA-1	1
asc.day0_ACATACGGTGAGGGAG-1	3
asc.day0_ACATACGTCAGCACAT-1	1
asc.day0_ACATACGTCTGTACGA-1	1
asc.day0_ACATACGTCTTGCAAG-1	1
asc.day0_ACATACGTCTTGTCAT-1	6
asc.day0_ACATCAGAGATAGCAT-1	1
asc.day0_ACATCAGAGTGGAGAA-1	2
asc.day0_ACATCAGCAGATGGCA-1	1
asc.day0_ACATCAGCATAGGATA-1	3
asc.day0_ACATCAGCATCACGTA-1	1
asc.day0_ACATCAGCATCAGTAC-1	3
asc.day0_ACATCAGCATGCAATC-1	4
asc.day0_ACATCAGTCAGGATCT-1	3
asc.day0_ACATCAGTCAGTTAGC-1	1
asc.day0_ACATCAGTCGCGGATC-1	2
asc.day0_ACATCAGTCTAACCGA-1	5
asc.day0_ACATCAGTCTGAAAGA-1	5
asc.day0_ACATGGTAGCCGCCTA-1	1
asc.day0_ACATGGTAGCTGATAA-1	1
asc.day0_ACATGGTAGTGGGCTA-1	3
asc.day0_ACATGGTAGTGTCCCG-1	1
asc.day0_ACATGGTCACGCCAGT-1	1
asc.day0_ACATGGTCAGACAAAT-1	5
asc.day0_ACATGGTCAGTCGTGC-1	4
asc.day0_ACATGGTCATTGCGGC-1	3
asc.day0_ACATGGTGTCACTGGC-1	2
asc.day0_ACATGGTGTCTAGCGC-1	1
asc.day0_ACATGGTGTCTGGTCG-1	3
asc.day0_ACATGGTGTGTGGTTT-1	4
asc.day0_ACATGGTGTTACTGAC-1	1
asc.day0_ACATGGTGTTCACGGC-1	4
asc.day0_ACATGGTTCACTATTC-1	2
asc.day0_ACATGGTTCCAAACAC-1	1
asc.day0_ACATGGTTCTGATTCT-1	5
asc.day0_ACCAGTAAGGCAAAGA-1	2
asc.day0_ACCAGTAAGGTGATTA-1	3
asc.day0_ACCAGTACAAACTGTC-1	3
asc.day0_ACCAGTACAAGCCGTC-1	1
asc.day0_ACCAGTACAGATAATG-1	1
asc.day0_ACCAGTAGTAAACACA-1	3
asc.day0_ACCAGTAGTCCGTGAC-1	4
asc.day0_ACCAGTAGTGTCCTCT-1	6
asc.day0_ACCAGTAGTTATGTGC-1	4
asc.day0_ACCAGTATCCATTCTA-1	3
asc.day0_ACCCACTAGATCACGG-1	3
asc.day0_ACCCACTAGGGTGTGT-1	4
asc.day0_ACCCACTCACCAGATT-1	1
asc.day0_ACCCACTCATCAGTAC-1	5
asc.day0_ACCCACTCATTAACCG-1	3
asc.day0_ACCCACTGTAAGCACG-1	1
asc.day0_ACCCACTGTCAAAGCG-1	1
asc.day0_ACCCACTTCCTTTACA-1	1
asc.day0_ACCGTAAAGGAGTAGA-1	1
asc.day0_ACCGTAAAGGCTAGAC-1	2
asc.day0_ACCGTAAAGGTGCACA-1	5
asc.day0_ACCGTAAAGTGTTGAA-1	4
asc.day0_ACCGTAACAAATTGCC-1	5
asc.day0_ACCGTAACAATGTAAG-1	1
asc.day0_ACCGTAACATCCCACT-1	3
asc.day0_ACCGTAAGTGGTACAG-1	1
asc.day0_ACCGTAAGTGGTTTCA-1	3
asc.day0_ACCGTAAGTGTAATGA-1	3
asc.day0_ACCGTAATCAGCCTAA-1	3
asc.day0_ACCGTAATCTCGCTTG-1	5
asc.day0_ACCGTAATCTGCCCTA-1	1
asc.day0_ACCGTAATCTTTAGTC-1	5
asc.day0_ACCTTTAAGAAGGTTT-1	1
asc.day0_ACCTTTAAGAGTAATC-1	1
asc.day0_ACCTTTAAGCAGCCTC-1	4
asc.day0_ACCTTTAAGCGTTCCG-1	4
asc.day0_ACCTTTAAGTAGTGCG-1	1
asc.day0_ACCTTTACAAGTTCTG-1	5
asc.day0_ACCTTTACACAACGTT-1	1
asc.day0_ACCTTTACACTCGACG-1	5
asc.day0_ACCTTTACATCCCATC-1	1
asc.day0_ACCTTTACATCCGTGG-1	1
asc.day0_ACCTTTACATCGGACC-1	2
asc.day0_ACCTTTACATGACGGA-1	1
asc.day0_ACCTTTAGTATCGCAT-1	4
asc.day0_ACCTTTAGTATTCTCT-1	6
asc.day0_ACCTTTAGTCTTGATG-1	5
asc.day0_ACCTTTAGTGCAGTAG-1	2
asc.day0_ACCTTTATCCTTCAAT-1	1
asc.day0_ACCTTTATCTGCAAGT-1	4
asc.day0_ACCTTTATCTTGTATC-1	1
asc.day0_ACGAGCCAGAAGGTGA-1	3
asc.day0_ACGAGCCAGGCTCAGA-1	4
asc.day0_ACGAGCCAGTGAACAT-1	1
asc.day0_ACGAGCCAGTGCGTGA-1	3
asc.day0_ACGAGCCAGTTGTAGA-1	3
asc.day0_ACGAGCCCAAATCCGT-1	2
asc.day0_ACGAGCCCAATCGAAA-1	3
asc.day0_ACGAGCCCACTAAGTC-1	1
asc.day0_ACGAGCCCAGGATTGG-1	2
asc.day0_ACGAGCCCATAACCTG-1	6
asc.day0_ACGAGCCCATTAACCG-1	1
asc.day0_ACGAGCCGTAAAGTCA-1	3
asc.day0_ACGAGCCGTCCATCCT-1	1
asc.day0_ACGAGCCGTCGGATCC-1	2
asc.day0_ACGAGCCGTCTAGTGT-1	1
asc.day0_ACGAGCCGTGGCAAAC-1	3
asc.day0_ACGAGGAAGAGGGCTT-1	4
asc.day0_ACGAGGAAGCAGGCTA-1	4
asc.day0_ACGAGGAAGCCGTCGT-1	3
asc.day0_ACGAGGAAGCGTAATA-1	3
asc.day0_ACGAGGAAGCTGCCCA-1	1
asc.day0_ACGAGGAAGGACGAAA-1	1
asc.day0_ACGAGGACAAGCCGCT-1	1
asc.day0_ACGAGGACACTCGACG-1	2
asc.day0_ACGAGGACATCCCATC-1	3
asc.day0_ACGAGGAGTAAGGGCT-1	4
asc.day0_ACGAGGAGTCCAGTGC-1	1
asc.day0_ACGAGGAGTCGAGTTT-1	2
asc.day0_ACGAGGAGTCGCGTGT-1	1
asc.day0_ACGAGGATCATCTGCC-1	1
asc.day0_ACGATACAGAAGAAGC-1	1
asc.day0_ACGATACAGCCACCTG-1	5
asc.day0_ACGATACAGCTGGAAC-1	1
asc.day0_ACGATACAGTGGTAGC-1	1
asc.day0_ACGATACCAAGAAAGG-1	1
asc.day0_ACGATACCACCGAAAG-1	1
asc.day0_ACGATACCACGCGAAA-1	1
asc.day0_ACGATACCAGCTCGAC-1	4
asc.day0_ACGATACCAGGAATGC-1	2
asc.day0_ACGATACCATGTTCCC-1	5
asc.day0_ACGATACGTACAAGTA-1	1
asc.day0_ACGATACGTACTTGAC-1	2
asc.day0_ACGATACGTCGAACAG-1	1
asc.day0_ACGATACGTGCCTTGG-1	1
asc.day0_ACGATACGTTAGGGTG-1	1
asc.day0_ACGATACTCAGCTCTC-1	2
asc.day0_ACGATACTCCGTCAAA-1	3
asc.day0_ACGATACTCGCCGTGA-1	2
asc.day0_ACGATACTCGCTTAGA-1	1
asc.day0_ACGATGTAGACTAAGT-1	3
asc.day0_ACGATGTAGATAGGAG-1	1
asc.day0_ACGATGTAGATCCCGC-1	5
asc.day0_ACGATGTAGCGATGAC-1	1
asc.day0_ACGATGTAGCTAAGAT-1	4
asc.day0_ACGATGTAGGTGTTAA-1	1
asc.day0_ACGATGTAGTCTCCTC-1	2
asc.day0_ACGATGTCACCACGTG-1	1
asc.day0_ACGATGTCACTGCCAG-1	4
asc.day0_ACGATGTCAGCTTAAC-1	2
asc.day0_ACGATGTCATCCGGGT-1	1
asc.day0_ACGATGTGTAGGAGTC-1	1
asc.day0_ACGATGTGTCGCGTGT-1	4
asc.day0_ACGATGTGTCTCAACA-1	1
asc.day0_ACGATGTGTGCTTCTC-1	3
asc.day0_ACGATGTGTTGTACAC-1	1
asc.day0_ACGATGTTCAACACTG-1	1
asc.day0_ACGATGTTCCGCGGTA-1	3
asc.day0_ACGATGTTCTTGACGA-1	3
asc.day0_ACGCAGCAGATGGCGT-1	1
asc.day0_ACGCAGCCAACACCTA-1	3
asc.day0_ACGCAGCCAACTGCGC-1	5
asc.day0_ACGCAGCCAAGCTGTT-1	2
asc.day0_ACGCAGCCAATGAAAC-1	3
asc.day0_ACGCAGCCAGATGGGT-1	7
asc.day0_ACGCAGCCAGGCGATA-1	2
asc.day0_ACGCAGCGTCTACCTC-1	1
asc.day0_ACGCAGCGTGTGCGTC-1	1
asc.day0_ACGCAGCGTGTGTGCC-1	5
asc.day0_ACGCAGCGTTCGTCTC-1	2
asc.day0_ACGCAGCTCAAGCCTA-1	1
asc.day0_ACGCAGCTCAATAAGG-1	2
asc.day0_ACGCAGCTCACGATGT-1	4
asc.day0_ACGCAGCTCCGCAGTG-1	2
asc.day0_ACGCAGCTCGTTGCCT-1	3
asc.day0_ACGCCAGAGAATTGTG-1	1
asc.day0_ACGCCAGAGTACACCT-1	1
asc.day0_ACGCCAGAGTGTCCCG-1	2
asc.day0_ACGCCAGCAAAGGTGC-1	5
asc.day0_ACGCCAGCACATCCGG-1	2
asc.day0_ACGCCAGCAGTCGTGC-1	2
asc.day0_ACGCCAGCATACGCCG-1	1
asc.day0_ACGCCAGCATGTTCCC-1	1
asc.day0_ACGCCAGGTCTTGCGG-1	1
asc.day0_ACGCCAGGTGGTAACG-1	2
asc.day0_ACGCCAGGTTCCCGAG-1	1
asc.day0_ACGCCAGTCAACTCTT-1	3
asc.day0_ACGCCAGTCATTATCC-1	6
asc.day0_ACGCCGAAGATCCTGT-1	1
asc.day0_ACGCCGAAGATCTGCT-1	3
asc.day0_ACGCCGAAGCTAAGAT-1	2
asc.day0_ACGCCGAAGGTCATCT-1	1
asc.day0_ACGCCGAAGTACGTTC-1	4
asc.day0_ACGCCGACAAGTTGTC-1	1
asc.day0_ACGCCGACACGGTAGA-1	3
asc.day0_ACGCCGACACTTAAGC-1	1
asc.day0_ACGCCGACAGCCTTTC-1	4
asc.day0_ACGCCGACAGTCGTGC-1	2
asc.day0_ACGCCGACATACCATG-1	3
asc.day0_ACGCCGAGTACCATCA-1	1
asc.day0_ACGCCGAGTACCGTTA-1	1
asc.day0_ACGCCGAGTTCAGTAC-1	3
asc.day0_ACGCCGAGTTGTCGCG-1	2
asc.day0_ACGCCGAGTTTGCATG-1	1
asc.day0_ACGCCGATCAATACCG-1	2
asc.day0_ACGCCGATCACGCATA-1	2
asc.day0_ACGCCGATCTACGAGT-1	1
asc.day0_ACGCCGATCTCCGGTT-1	1
asc.day0_ACGGAGAAGAGCTTCT-1	1
asc.day0_ACGGAGAAGATGGGTC-1	1
asc.day0_ACGGAGAAGCCATCGC-1	3
asc.day0_ACGGAGAAGGACCACA-1	1
asc.day0_ACGGAGAAGGATTCGG-1	1
asc.day0_ACGGAGAAGTATCTCG-1	3
asc.day0_ACGGAGAAGTGGACGT-1	4
asc.day0_ACGGAGACACCACCAG-1	1
asc.day0_ACGGAGACACTGCCAG-1	1
asc.day0_ACGGAGACATACGCTA-1	4
asc.day0_ACGGAGAGTCAAAGAT-1	2
asc.day0_ACGGAGAGTTAGTGGG-1	1
asc.day0_ACGGAGAGTTGAGTTC-1	5
asc.day0_ACGGAGATCAGCTCGG-1	4
asc.day0_ACGGAGATCTCTAGGA-1	1
asc.day0_ACGGCCAAGAGGACGG-1	1
asc.day0_ACGGCCAAGATAGTCA-1	1
asc.day0_ACGGCCACAAACTGCT-1	1
asc.day0_ACGGCCACAAGTTAAG-1	1
asc.day0_ACGGCCACAATGGACG-1	3
asc.day0_ACGGCCACACAAGACG-1	1
asc.day0_ACGGCCACACAGCCCA-1	5
asc.day0_ACGGCCACACTAGTAC-1	1
asc.day0_ACGGCCACATGAGCGA-1	3
asc.day0_ACGGCCACATGTTCCC-1	3
asc.day0_ACGGCCAGTATATGAG-1	3
asc.day0_ACGGCCAGTCCAACTA-1	3
asc.day0_ACGGCCAGTCCGTTAA-1	1
asc.day0_ACGGCCAGTGTTAAGA-1	3
asc.day0_ACGGCCAGTTAGAACA-1	3
asc.day0_ACGGCCAGTTAGTGGG-1	2
asc.day0_ACGGCCAGTTATTCTC-1	2
asc.day0_ACGGCCAGTTCCGTCT-1	2
asc.day0_ACGGCCATCAAGGTAA-1	1
asc.day0_ACGGCCATCATAACCG-1	5
asc.day0_ACGGCCATCCCTCAGT-1	2
asc.day0_ACGGGCTAGCGTGTCC-1	1
asc.day0_ACGGGCTAGCTAGTCT-1	1
asc.day0_ACGGGCTCAAATACAG-1	1
asc.day0_ACGGGCTCACTCAGGC-1	5
asc.day0_ACGGGCTGTACGACCC-1	5
asc.day0_ACGGGCTGTAGAAGGA-1	2
asc.day0_ACGGGCTGTAGAGCTG-1	1
asc.day0_ACGGGCTGTCATTAGC-1	1
asc.day0_ACGGGCTGTGCCTGTG-1	2
asc.day0_ACGGGCTGTTCCACAA-1	2
asc.day0_ACGGGCTTCCAGAAGG-1	1
asc.day0_ACGGGCTTCCCGACTT-1	3
asc.day0_ACGGGCTTCCCGGATG-1	3
asc.day0_ACGGGTCAGGCCATAG-1	2
asc.day0_ACGGGTCAGGGTATCG-1	1
asc.day0_ACGGGTCCAAAGGAAG-1	5
asc.day0_ACGGGTCCACACTGCG-1	5
asc.day0_ACGGGTCCACATCTTT-1	1
asc.day0_ACGGGTCCATTATCTC-1	1
asc.day0_ACGGGTCGTCCCGACA-1	1
asc.day0_ACGGGTCGTCGAGATG-1	1
asc.day0_ACGGGTCGTGAGCGAT-1	1
asc.day0_ACGGGTCGTGTGAAAT-1	1
asc.day0_ACGGGTCGTTCGCTAA-1	3
asc.day0_ACGGGTCGTTCGTGAT-1	1
asc.day0_ACGGGTCGTTCTGAAC-1	3
asc.day0_ACGGGTCTCCACTCCA-1	1
asc.day0_ACGGGTCTCGCTAGCG-1	6
asc.day0_ACGGGTCTCTGTCTCG-1	1
asc.day0_ACGTCAAAGACAATAC-1	4
asc.day0_ACGTCAAAGATGTCGG-1	1
asc.day0_ACGTCAACAATAACGA-1	3
asc.day0_ACGTCAACACCGAAAG-1	1
asc.day0_ACGTCAACAGTTCCCT-1	1
asc.day0_ACGTCAAGTATTCTCT-1	2
asc.day0_ACGTCAAGTCATCCCT-1	1
asc.day0_ACGTCAAGTTGCGCAC-1	1
asc.day0_ACGTCAATCAAGATCC-1	6
asc.day0_ACGTCAATCAGCTTAG-1	2
asc.day0_ACGTCAATCGCGTTTC-1	5
asc.day0_ACGTCAATCGGTTAAC-1	1
asc.day0_ACTATCTAGGATGTAT-1	1
asc.day0_ACTATCTAGGCGTACA-1	1
asc.day0_ACTATCTCACCATGTA-1	2
asc.day0_ACTATCTCAGGGTATG-1	1
asc.day0_ACTATCTCATGATCCA-1	1
asc.day0_ACTATCTGTGCACCAC-1	1
asc.day0_ACTATCTGTGGCGAAT-1	3
asc.day0_ACTATCTTCACGATGT-1	4
asc.day0_ACTATCTTCCACGAAT-1	3
asc.day0_ACTATCTTCGGTTAAC-1	3
asc.day0_ACTATCTTCTGTACGA-1	1
asc.day0_ACTATCTTCTTCGAGA-1	1
asc.day0_ACTGAACAGAGAACAG-1	2
asc.day0_ACTGAACAGAGCTGCA-1	3
asc.day0_ACTGAACAGCGTTTAC-1	1
asc.day0_ACTGAACAGTAACCCT-1	1
asc.day0_ACTGAACAGTACATGA-1	1
asc.day0_ACTGAACAGTCTTGCA-1	5
asc.day0_ACTGAACAGTGAACAT-1	3
asc.day0_ACTGAACCAAGGCTCC-1	3
asc.day0_ACTGAACCAATAGAGT-1	1
asc.day0_ACTGAACCAGTCACTA-1	1
asc.day0_ACTGAACCAGTTTACG-1	4
asc.day0_ACTGAACCATCCAACA-1	5
asc.day0_ACTGAACCATGGTCAT-1	5
asc.day0_ACTGAACGTACACCGC-1	5
asc.day0_ACTGAACTCAGCTCTC-1	1
asc.day0_ACTGAACTCCGTTGTC-1	1
asc.day0_ACTGAACTCGCCAAAT-1	1
asc.day0_ACTGAACTCTTGCATT-1	1
asc.day0_ACTGAGTAGACAATAC-1	1
asc.day0_ACTGAGTAGCTCCTTC-1	3
asc.day0_ACTGAGTAGTCTTGCA-1	1
asc.day0_ACTGAGTAGTTAGCGG-1	4
asc.day0_ACTGAGTCAACGATGG-1	1
asc.day0_ACTGAGTCAATCGGTT-1	1
asc.day0_ACTGAGTCAGCCTTGG-1	2
asc.day0_ACTGAGTCAGCGAACA-1	1
asc.day0_ACTGAGTCATTGCGGC-1	1
asc.day0_ACTGAGTGTCATCGGC-1	3
asc.day0_ACTGAGTGTGATGTCT-1	1
asc.day0_ACTGAGTGTGCACTTA-1	1
asc.day0_ACTGAGTGTGCCTGGT-1	1
asc.day0_ACTGAGTGTGCTAGCC-1	3
asc.day0_ACTGAGTGTGTTGAGG-1	3
asc.day0_ACTGAGTGTTTACTCT-1	1
asc.day0_ACTGAGTTCGCGTTTC-1	1
asc.day0_ACTGAGTTCGTCGTTC-1	1
asc.day0_ACTGAGTTCTCCTATA-1	5
asc.day0_ACTGATGAGAATGTTG-1	2
asc.day0_ACTGATGAGACGCACA-1	2
asc.day0_ACTGATGAGATCACGG-1	2
asc.day0_ACTGATGAGGCTACGA-1	3
asc.day0_ACTGATGAGTGGAGTC-1	3
asc.day0_ACTGATGCAACAACCT-1	1
asc.day0_ACTGATGCAATGCCAT-1	1
asc.day0_ACTGATGCACAACGCC-1	4
asc.day0_ACTGATGCATGTAGTC-1	5
asc.day0_ACTGATGGTCATATCG-1	2
asc.day0_ACTGATGGTCTAAACC-1	3
asc.day0_ACTGATGGTGAGGGTT-1	1
asc.day0_ACTGATGGTTCGGGCT-1	2
asc.day0_ACTGATGTCACCTCGT-1	1
asc.day0_ACTGATGTCCGCATCT-1	4
asc.day0_ACTGATGTCGCCATAA-1	1
asc.day0_ACTGCTCAGACCCACC-1	1
asc.day0_ACTGCTCAGCTTCGCG-1	1
asc.day0_ACTGCTCAGGACGAAA-1	1
asc.day0_ACTGCTCAGTGACTCT-1	5
asc.day0_ACTGCTCAGTTGTCGT-1	3
asc.day0_ACTGCTCCAATGCCAT-1	1
asc.day0_ACTGCTCCAGGACGTA-1	2
asc.day0_ACTGCTCCATTCGACA-1	1
asc.day0_ACTGCTCGTAGAGCTG-1	1
asc.day0_ACTGCTCTCAGGCAAG-1	1
asc.day0_ACTGCTCTCGAATGCT-1	1
asc.day0_ACTGCTCTCTAAGCCA-1	1
asc.day0_ACTGTCCAGATAGGAG-1	1
asc.day0_ACTGTCCAGGCACATG-1	3
asc.day0_ACTGTCCAGTTTCCTT-1	1
asc.day0_ACTGTCCCACGCATCG-1	2
asc.day0_ACTGTCCCAGCTTAAC-1	1
asc.day0_ACTGTCCCAGGCGATA-1	4
asc.day0_ACTGTCCCATTACGAC-1	3
asc.day0_ACTGTCCGTCAGAGGT-1	6
asc.day0_ACTGTCCGTGATGTCT-1	1
asc.day0_ACTGTCCTCATTGCCC-1	1
asc.day0_ACTGTCCTCGTTTATC-1	1
asc.day0_ACTGTCCTCTGAAAGA-1	2
asc.day0_ACTTACTAGTGGCACA-1	6
asc.day0_ACTTACTCAAGCCGTC-1	1
asc.day0_ACTTACTCAATCGAAA-1	1
asc.day0_ACTTACTCAGCGTAAG-1	1
asc.day0_ACTTACTGTAAATGAC-1	3
asc.day0_ACTTACTGTTCCCGAG-1	1
asc.day0_ACTTACTTCGGCCGAT-1	4
asc.day0_ACTTACTTCGTGGGAA-1	1
asc.day0_ACTTACTTCTTCATGT-1	3
asc.day0_ACTTGTTAGACTAGGC-1	3
asc.day0_ACTTGTTAGTGAAGTT-1	1
asc.day0_ACTTGTTAGTTAGCGG-1	1
asc.day0_ACTTGTTCAAAGAATC-1	1
asc.day0_ACTTGTTCAAGCGTAG-1	1
asc.day0_ACTTGTTCACTACAGT-1	3
asc.day0_ACTTGTTCATATGCTG-1	5
asc.day0_ACTTGTTCATGTTCCC-1	4
asc.day0_ACTTGTTGTAAGGGAA-1	4
asc.day0_ACTTGTTGTACTTCTT-1	5
asc.day0_ACTTGTTGTAGGACAC-1	1
asc.day0_ACTTGTTGTATAATGG-1	3
asc.day0_ACTTGTTGTATGAAAC-1	4
asc.day0_ACTTGTTGTGACAAAT-1	3
asc.day0_ACTTGTTGTGCAGGTA-1	2
asc.day0_ACTTGTTGTGTCCTCT-1	1
asc.day0_ACTTGTTTCAACGAAA-1	1
asc.day0_ACTTGTTTCATCGCTC-1	3
asc.day0_ACTTGTTTCATGTCTT-1	1
asc.day0_ACTTGTTTCCACGCAG-1	1
asc.day0_ACTTGTTTCCTATTCA-1	2
asc.day0_ACTTGTTTCGTAGATC-1	3
asc.day0_ACTTGTTTCGTCTGAA-1	1
asc.day0_ACTTGTTTCTAACTCT-1	1
asc.day0_ACTTGTTTCTACTCAT-1	6
asc.day0_ACTTGTTTCTGGTGTA-1	1
asc.day0_ACTTTCAAGATCCCGC-1	5
asc.day0_ACTTTCAAGGATCGCA-1	1
asc.day0_ACTTTCAAGTGTTGAA-1	1
asc.day0_ACTTTCACACCGAAAG-1	5
asc.day0_ACTTTCACACGGTAAG-1	1
asc.day0_ACTTTCACATGGTCAT-1	1
asc.day0_ACTTTCAGTCTGCAAT-1	4
asc.day0_ACTTTCAGTGACCAAG-1	1
asc.day0_ACTTTCAGTGTCAATC-1	1
asc.day0_ACTTTCATCAGAGACG-1	1
asc.day0_ACTTTCATCATTGCGA-1	1
asc.day0_AGAATAGAGAAGCCCA-1	1
asc.day0_AGAATAGAGAATAGGG-1	2
asc.day0_AGAATAGAGATCCCGC-1	3
asc.day0_AGAATAGAGCAATATG-1	1
asc.day0_AGAATAGCAAGTACCT-1	2
asc.day0_AGAATAGCACGACGAA-1	5
asc.day0_AGAATAGCACGGTGTC-1	2
asc.day0_AGAATAGGTAACGTTC-1	1
asc.day0_AGAATAGGTACACCGC-1	1
asc.day0_AGAATAGGTTCGTTGA-1	3
asc.day0_AGAATAGTCCGTTGCT-1	1
asc.day0_AGAATAGTCCTTGACC-1	1
asc.day0_AGAATAGTCTTACCTA-1	6
asc.day0_AGACGTTCACATTTCT-1	1
asc.day0_AGACGTTCACGGCCAT-1	3
asc.day0_AGACGTTCAGAAGCAC-1	3
asc.day0_AGACGTTCAGACAGGT-1	6
asc.day0_AGACGTTCAGTAAGAT-1	1
asc.day0_AGACGTTCAGTAGAGC-1	1
asc.day0_AGACGTTCATGTTGAC-1	3
asc.day0_AGACGTTGTTAAGACA-1	2
asc.day0_AGACGTTTCAACACAC-1	1
asc.day0_AGACGTTTCAACGGCC-1	1
asc.day0_AGACGTTTCACCGGGT-1	3
asc.day0_AGACGTTTCGGACAAG-1	4
asc.day0_AGACGTTTCTCGCTTG-1	1
asc.day0_AGACGTTTCTCTAGGA-1	2
asc.day0_AGACGTTTCTGGCGAC-1	2
asc.day0_AGAGCGAAGAGACTTA-1	1
asc.day0_AGAGCGAAGATCCGAG-1	1
asc.day0_AGAGCGAAGCTTATCG-1	3
asc.day0_AGAGCGAAGTATGACA-1	1
asc.day0_AGAGCGAAGTCTTGCA-1	3
asc.day0_AGAGCGACAACACGCC-1	1
asc.day0_AGAGCGACAACCGCCA-1	1
asc.day0_AGAGCGACAAGCCATT-1	3
asc.day0_AGAGCGACACAGACAG-1	5
asc.day0_AGAGCGACACAGGTTT-1	1
asc.day0_AGAGCGACACGGTTTA-1	1
asc.day0_AGAGCGACAGATAATG-1	1
asc.day0_AGAGCGACAGCTTCGG-1	1
asc.day0_AGAGCGACAGTATCTG-1	1
asc.day0_AGAGCGAGTAGAAAGG-1	2
asc.day0_AGAGCGATCAGGATCT-1	1
asc.day0_AGAGCGATCCCAAGAT-1	3
asc.day0_AGAGCGATCCCAGGTG-1	5
asc.day0_AGAGCGATCTGGAGCC-1	1
asc.day0_AGAGCTTAGCGCCTCA-1	1
asc.day0_AGAGCTTAGGGATGGG-1	2
asc.day0_AGAGCTTAGTTACCCA-1	1
asc.day0_AGAGCTTCACGACTCG-1	1
asc.day0_AGAGCTTCAGCAGTTT-1	1
asc.day0_AGAGCTTCAGTACACT-1	4
asc.day0_AGAGCTTGTAGGAGTC-1	4
asc.day0_AGAGCTTGTAGGCATG-1	3
asc.day0_AGAGCTTGTCTAGCGC-1	1
asc.day0_AGAGCTTGTGCACCAC-1	1
asc.day0_AGAGCTTTCGCAAACT-1	1
asc.day0_AGAGCTTTCTTGTCAT-1	2
asc.day0_AGAGTGGAGAAACGCC-1	1
asc.day0_AGAGTGGAGATTACCC-1	1
asc.day0_AGAGTGGCAATGACCT-1	3
asc.day0_AGAGTGGCACGCGAAA-1	2
asc.day0_AGAGTGGCAGCCAATT-1	5
asc.day0_AGAGTGGCATACAGCT-1	1
asc.day0_AGAGTGGGTAACGTTC-1	1
asc.day0_AGAGTGGGTTGGTTTG-1	2
asc.day0_AGAGTGGTCACCTCGT-1	2
asc.day0_AGAGTGGTCAGGTAAA-1	1
asc.day0_AGAGTGGTCCTTGACC-1	1
asc.day0_AGAGTGGTCGCCGTGA-1	1
asc.day0_AGAGTGGTCGTGGGAA-1	2
asc.day0_AGAGTGGTCTCAAACG-1	1
asc.day0_AGATCTGAGATCCCAT-1	1
asc.day0_AGATCTGAGCAATCTC-1	1
asc.day0_AGATCTGAGGCCGAAT-1	3
asc.day0_AGATCTGAGTGGCACA-1	1
asc.day0_AGATCTGCAAGTTCTG-1	3
asc.day0_AGATCTGCAGCTCGAC-1	2
asc.day0_AGATCTGCATCAGTAC-1	5
asc.day0_AGATCTGCATTAGGCT-1	1
asc.day0_AGATCTGGTAAGTAGT-1	1
asc.day0_AGATCTGGTCAGAATA-1	1
asc.day0_AGATCTGGTCGACTAT-1	3
asc.day0_AGATCTGGTCTTGCGG-1	1
asc.day0_AGATCTGGTGGTCTCG-1	3
asc.day0_AGATCTGTCAGCATGT-1	2
asc.day0_AGATCTGTCAGTGCAT-1	1
asc.day0_AGATCTGTCCGAACGC-1	3
asc.day0_AGATTGCAGATCCGAG-1	1
asc.day0_AGATTGCAGCGTGAAC-1	2
asc.day0_AGATTGCCAACTGGCC-1	5
asc.day0_AGATTGCCAAGCTGTT-1	5
asc.day0_AGATTGCCAGCAGTTT-1	1
asc.day0_AGATTGCCAGGCGATA-1	4
asc.day0_AGATTGCGTACCATCA-1	1
asc.day0_AGATTGCGTCTGCGGT-1	2
asc.day0_AGATTGCGTTCTGTTT-1	1
asc.day0_AGATTGCGTTTAGCTG-1	4
asc.day0_AGATTGCTCAGTTCGA-1	1
asc.day0_AGATTGCTCCCATTAT-1	4
asc.day0_AGATTGCTCGAACTGT-1	1
asc.day0_AGCAGCCAGCAGATCG-1	3
asc.day0_AGCAGCCAGCCGGTAA-1	1
asc.day0_AGCAGCCAGGCATTGG-1	3
asc.day0_AGCAGCCAGTTAGGTA-1	2
asc.day0_AGCAGCCCAAGAAGAG-1	4
asc.day0_AGCAGCCCAATCAGAA-1	4
asc.day0_AGCAGCCCAATGCCAT-1	1
asc.day0_AGCAGCCCACATTCGA-1	2
asc.day0_AGCAGCCCACCCATGG-1	1
asc.day0_AGCAGCCCAGTAAGAT-1	4
asc.day0_AGCAGCCCATATGCTG-1	1
asc.day0_AGCAGCCGTAAACACA-1	1
asc.day0_AGCAGCCGTACACCGC-1	5
asc.day0_AGCAGCCGTAGGCATG-1	1
asc.day0_AGCAGCCGTCAACATC-1	1
asc.day0_AGCAGCCGTCATATGC-1	1
asc.day0_AGCAGCCGTCTCTCGT-1	1
asc.day0_AGCAGCCGTGATGTCT-1	1
asc.day0_AGCAGCCGTGCCTGTG-1	5
asc.day0_AGCAGCCTCACCATAG-1	1
asc.day0_AGCAGCCTCCCTAATT-1	3
asc.day0_AGCAGCCTCGCAAACT-1	1
asc.day0_AGCATACAGATGGGTC-1	3
asc.day0_AGCATACAGTCTTGCA-1	5
asc.day0_AGCATACCAGACACTT-1	1
asc.day0_AGCATACGTAAACACA-1	4
asc.day0_AGCATACGTGACTCAT-1	3
asc.day0_AGCATACGTGTTAAGA-1	2
asc.day0_AGCATACGTTCGCTAA-1	5
asc.day0_AGCATACTCACTCTTA-1	5
asc.day0_AGCATACTCATGCTCC-1	4
asc.day0_AGCATACTCCGTAGGC-1	1
asc.day0_AGCATACTCCGTTGTC-1	4
asc.day0_AGCCTAAAGAATCTCC-1	4
asc.day0_AGCCTAAAGACAAAGG-1	1
asc.day0_AGCCTAAAGCGAGAAA-1	4
asc.day0_AGCCTAAAGGATTCGG-1	1
asc.day0_AGCCTAAAGGGTTCCC-1	4
asc.day0_AGCCTAAAGTGCCATT-1	1
asc.day0_AGCCTAACAAGGTGTG-1	2
asc.day0_AGCCTAACAAGTCATC-1	2
asc.day0_AGCCTAACACTGTCGG-1	3
asc.day0_AGCCTAACAGCCACCA-1	3
asc.day0_AGCCTAAGTAAGAGAG-1	2
asc.day0_AGCCTAAGTGACGGTA-1	1
asc.day0_AGCCTAAGTGTGACGA-1	5
asc.day0_AGCCTAAGTTTGCATG-1	1
asc.day0_AGCCTAATCGGTGTTA-1	1
asc.day0_AGCCTAATCTACCAGA-1	1
asc.day0_AGCGGTCAGATATGGT-1	3
asc.day0_AGCGGTCAGCACCGTC-1	1
asc.day0_AGCGGTCAGCTAACAA-1	1
asc.day0_AGCGGTCAGTCACGCC-1	5
asc.day0_AGCGGTCCAAAGGTGC-1	1
asc.day0_AGCGGTCCAAGGGTCA-1	3
asc.day0_AGCGGTCCACCTTGTC-1	1
asc.day0_AGCGGTCCACTGTTAG-1	1
asc.day0_AGCGGTCCAGTCCTTC-1	3
asc.day0_AGCGGTCCATATACGC-1	1
asc.day0_AGCGGTCCATGTCGAT-1	1
asc.day0_AGCGGTCGTAGGAGTC-1	2
asc.day0_AGCGGTCGTGAACCTT-1	1
asc.day0_AGCGGTCGTTGTGGCC-1	1
asc.day0_AGCGGTCTCAAACAAG-1	2
asc.day0_AGCGGTCTCGCACTCT-1	3
asc.day0_AGCGGTCTCGGAAATA-1	2
asc.day0_AGCGGTCTCTCGTTTA-1	6
asc.day0_AGCGGTCTCTGTACGA-1	3
asc.day0_AGCGGTCTCTTCCTTC-1	3
asc.day0_AGCGTATAGAGGGCTT-1	2
asc.day0_AGCGTATCAAGGTTCT-1	5
asc.day0_AGCGTATCAATAACGA-1	1
asc.day0_AGCGTATCACAGTCGC-1	3
asc.day0_AGCGTATCACTGTCGG-1	3
asc.day0_AGCGTATCAGATCGGA-1	2
asc.day0_AGCGTATCATAAGACA-1	5
asc.day0_AGCGTATCATATGCTG-1	4
asc.day0_AGCGTATCATTGAGCT-1	1
asc.day0_AGCGTATGTAAGGGAA-1	1
asc.day0_AGCGTATGTACAGCAG-1	4
asc.day0_AGCGTATGTCTGATTG-1	1
asc.day0_AGCGTATGTGAGTATA-1	6
asc.day0_AGCGTATTCACGAAGG-1	3
asc.day0_AGCGTATTCCTCGCAT-1	5
asc.day0_AGCGTATTCGCCTGAG-1	2
asc.day0_AGCGTCGAGAGGTAGA-1	1
asc.day0_AGCGTCGAGGATATAC-1	1
asc.day0_AGCGTCGAGGGCACTA-1	3
asc.day0_AGCGTCGCAACACCTA-1	4
asc.day0_AGCGTCGGTTTGTTGG-1	4
asc.day0_AGCTCCTAGACAGAGA-1	4
asc.day0_AGCTCCTAGCAGGTCA-1	5
asc.day0_AGCTCCTGTACTTGAC-1	2
asc.day0_AGCTCCTGTCCATCCT-1	1
asc.day0_AGCTCCTGTTTCGCTC-1	3
asc.day0_AGCTCCTTCACCGGGT-1	1
asc.day0_AGCTCCTTCGAGGTAG-1	3
asc.day0_AGCTCCTTCTGGTATG-1	1
asc.day0_AGCTCTCAGGAGTCTG-1	1
asc.day0_AGCTCTCAGTCATCCA-1	3
asc.day0_AGCTCTCAGTCGTACT-1	3
asc.day0_AGCTCTCAGTTCGCAT-1	1
asc.day0_AGCTCTCCAAACGTGG-1	1
asc.day0_AGCTCTCCAAGCTGGA-1	1
asc.day0_AGCTCTCCACCAGGCT-1	2
asc.day0_AGCTCTCCACGCCAGT-1	1
asc.day0_AGCTCTCCAGCGTTCG-1	1
asc.day0_AGCTCTCCAGTGAGTG-1	4
asc.day0_AGCTCTCCATGCCTAA-1	1
asc.day0_AGCTCTCGTAAGCACG-1	4
asc.day0_AGCTCTCGTAGGAGTC-1	3
asc.day0_AGCTCTCGTCCCGACA-1	1
asc.day0_AGCTCTCGTTAAGACA-1	1
asc.day0_AGCTCTCTCAAAGTAG-1	3
asc.day0_AGCTCTCTCAACGCTA-1	3
asc.day0_AGCTCTCTCCAATGGT-1	5
asc.day0_AGCTCTCTCCATGCTC-1	5
asc.day0_AGCTCTCTCTCCAGGG-1	4
asc.day0_AGCTTGAAGACCACGA-1	3
asc.day0_AGCTTGAAGAGTGACC-1	6
asc.day0_AGCTTGAAGCAACGGT-1	3
asc.day0_AGCTTGAAGCAGGCTA-1	2
asc.day0_AGCTTGACAAGTCTGT-1	1
asc.day0_AGCTTGACACAGGAGT-1	5
asc.day0_AGCTTGACAGTCGATT-1	1
asc.day0_AGCTTGACATTGGGCC-1	1
asc.day0_AGCTTGAGTAAGTAGT-1	3
asc.day0_AGCTTGAGTCAGAGGT-1	2
asc.day0_AGCTTGAGTGGCTCCA-1	1
asc.day0_AGCTTGAGTGTGACGA-1	3
asc.day0_AGCTTGAGTTATCGGT-1	1
asc.day0_AGCTTGATCTTGACGA-1	1
asc.day0_AGGCCACAGAATTCCC-1	5
asc.day0_AGGCCACAGGCCCTTG-1	2
asc.day0_AGGCCACCAAGTTAAG-1	1
asc.day0_AGGCCACCACACCGAC-1	2
asc.day0_AGGCCACCACCACGTG-1	1
asc.day0_AGGCCACGTCAGTGGA-1	2
asc.day0_AGGCCACGTGTGAATA-1	5
asc.day0_AGGCCGTAGATGTGTA-1	2
asc.day0_AGGCCGTAGCTACCTA-1	1
asc.day0_AGGCCGTAGCTGAAAT-1	2
asc.day0_AGGCCGTAGCTGCCCA-1	1
asc.day0_AGGCCGTAGGTAAACT-1	3
asc.day0_AGGCCGTAGTGGTCCC-1	2
asc.day0_AGGCCGTCACTCTGTC-1	1
asc.day0_AGGCCGTCACTTCTGC-1	2
asc.day0_AGGCCGTCAGTTAACC-1	1
asc.day0_AGGCCGTCATCCCACT-1	1
asc.day0_AGGCCGTCATGCCTTC-1	1
asc.day0_AGGCCGTGTGCCTGGT-1	2
asc.day0_AGGCCGTGTTAAGGGC-1	1
asc.day0_AGGCCGTGTTGCCTCT-1	3
asc.day0_AGGCCGTTCAGATAAG-1	1
asc.day0_AGGCCGTTCAGCCTAA-1	1
asc.day0_AGGCCGTTCAGTTAGC-1	1
asc.day0_AGGCCGTTCCATGCTC-1	5
asc.day0_AGGGAGTAGATGTGTA-1	5
asc.day0_AGGGAGTAGGAATCGC-1	1
asc.day0_AGGGAGTAGGGCACTA-1	5
asc.day0_AGGGAGTAGGTAGCCA-1	3
asc.day0_AGGGAGTAGGTGCACA-1	1
asc.day0_AGGGAGTCACATGACT-1	5
asc.day0_AGGGAGTCAGACGCAA-1	3
asc.day0_AGGGAGTCAGACGCCT-1	1
asc.day0_AGGGAGTCAGTCACTA-1	1
asc.day0_AGGGAGTGTCTTCTCG-1	1
asc.day0_AGGGAGTTCCAGATCA-1	3
asc.day0_AGGGAGTTCGAGCCCA-1	2
asc.day0_AGGGAGTTCTAGAGTC-1	3
asc.day0_AGGGAGTTCTGGGCCA-1	1
asc.day0_AGGGAGTTCTTTACGT-1	1
asc.day0_AGGGATGAGAACTGTA-1	2
asc.day0_AGGGATGAGAGACTAT-1	7
asc.day0_AGGGATGCACCTGGTG-1	3
asc.day0_AGGGATGCACGTGAGA-1	2
asc.day0_AGGGATGCAGTAAGCG-1	1
asc.day0_AGGGATGCATTACGAC-1	4
asc.day0_AGGGATGCATTCCTCG-1	1
asc.day0_AGGGATGGTAGCACGA-1	1
asc.day0_AGGGATGGTATGAAAC-1	1
asc.day0_AGGGATGGTGCACGAA-1	1
asc.day0_AGGGATGGTTACCAGT-1	3
asc.day0_AGGGATGGTTGGTAAA-1	1
asc.day0_AGGGATGTCCGCATAA-1	1
asc.day0_AGGGATGTCGTTTATC-1	1
asc.day0_AGGGATGTCTTAGCCC-1	1
asc.day0_AGGGTGAAGACAAGCC-1	1
asc.day0_AGGGTGAAGAGACTTA-1	1
asc.day0_AGGGTGAAGGCATGTG-1	1
asc.day0_AGGGTGAAGTTCGCAT-1	3
asc.day0_AGGGTGACAAAGTCAA-1	2
asc.day0_AGGGTGACAATTGCTG-1	1
asc.day0_AGGGTGACATGCTAGT-1	1
asc.day0_AGGGTGAGTCCGTGAC-1	6
asc.day0_AGGGTGAGTGTAAGTA-1	4
asc.day0_AGGGTGAGTTATGTGC-1	1
asc.day0_AGGGTGATCAGTTTGG-1	1
asc.day0_AGGGTGATCCAACCAA-1	1
asc.day0_AGGGTGATCCGAATGT-1	1
asc.day0_AGGGTGATCCTTTCGG-1	1
asc.day0_AGGGTGATCGTGGACC-1	4
asc.day0_AGGGTGATCTCCCTGA-1	2
asc.day0_AGGTCATAGGAGTTGC-1	1
asc.day0_AGGTCATAGGATGTAT-1	1
asc.day0_AGGTCATAGTACGACG-1	1
asc.day0_AGGTCATCAAAGGAAG-1	5
asc.day0_AGGTCATCAAGCCCAC-1	2
asc.day0_AGGTCATCAAGGGTCA-1	3
asc.day0_AGGTCATCACAACGTT-1	3
asc.day0_AGGTCATCAGCCTTGG-1	1
asc.day0_AGGTCATGTGGACGAT-1	1
asc.day0_AGGTCATGTGGGTATG-1	4
asc.day0_AGGTCATGTGTCCTCT-1	5
asc.day0_AGGTCATGTGTCGCTG-1	1
asc.day0_AGGTCATGTTCCATGA-1	3
asc.day0_AGGTCATTCACCACCT-1	3
asc.day0_AGGTCATTCACGCGGT-1	1
asc.day0_AGGTCATTCACTCTTA-1	2
asc.day0_AGGTCATTCCCGACTT-1	2
asc.day0_AGGTCATTCCGCGTTT-1	2
asc.day0_AGGTCATTCGGACAAG-1	2
asc.day0_AGGTCATTCGGCCGAT-1	1
asc.day0_AGGTCATTCTGACCTC-1	2
asc.day0_AGGTCCGAGAGACTAT-1	1
asc.day0_AGGTCCGAGTACGTAA-1	1
asc.day0_AGGTCCGCACGGACAA-1	1
asc.day0_AGGTCCGCACGGCCAT-1	1
asc.day0_AGGTCCGCATAGGATA-1	3
asc.day0_AGGTCCGCATCCAACA-1	1
asc.day0_AGGTCCGCATGCAACT-1	1
asc.day0_AGGTCCGGTCTCATCC-1	2
asc.day0_AGGTCCGGTGTGGCTC-1	1
asc.day0_AGGTCCGGTTCAGTAC-1	5
asc.day0_AGGTCCGGTTGTTTGG-1	3
asc.day0_AGGTCCGTCAATCACG-1	1
asc.day0_AGGTCCGTCCCTAATT-1	2
asc.day0_AGGTCCGTCCGCGCAA-1	5
asc.day0_AGGTCCGTCGTTACGA-1	1
asc.day0_AGTAGTCAGAAACGCC-1	1
asc.day0_AGTAGTCAGACCTTTG-1	1
asc.day0_AGTAGTCAGATAGTCA-1	1
asc.day0_AGTAGTCAGGCTAGGT-1	3
asc.day0_AGTAGTCAGTCTCAAC-1	1
asc.day0_AGTAGTCCAAACCTAC-1	3
asc.day0_AGTAGTCCAAAGCGGT-1	1
asc.day0_AGTAGTCCAACAACCT-1	1
asc.day0_AGTAGTCCATCACGAT-1	1
asc.day0_AGTAGTCCATGTCCTC-1	5
asc.day0_AGTAGTCGTAGCTAAA-1	1
asc.day0_AGTAGTCGTCGCGTGT-1	2
asc.day0_AGTAGTCTCGAGAACG-1	1
asc.day0_AGTAGTCTCGCTAGCG-1	1
asc.day0_AGTAGTCTCGTCGTTC-1	1
asc.day0_AGTAGTCTCTTTCCTC-1	5
asc.day0_AGTCTTTAGCTAAGAT-1	4
asc.day0_AGTCTTTAGTGATCGG-1	1
asc.day0_AGTCTTTCAAGCCTAT-1	1
asc.day0_AGTCTTTCAAGTTCTG-1	5
asc.day0_AGTCTTTCAGTCACTA-1	1
asc.day0_AGTCTTTCATCCGTGG-1	1
asc.day0_AGTCTTTGTACCGCTG-1	1
asc.day0_AGTCTTTGTACTCTCC-1	1
asc.day0_AGTCTTTGTAGAGGAA-1	1
asc.day0_AGTCTTTGTAGGACAC-1	1
asc.day0_AGTCTTTGTCTACCTC-1	1
asc.day0_AGTCTTTGTCTCTCGT-1	2
asc.day0_AGTCTTTGTTCCTCCA-1	1
asc.day0_AGTCTTTTCAAGGTAA-1	2
asc.day0_AGTGAGGAGACGCACA-1	4
asc.day0_AGTGAGGAGAGCTATA-1	1
asc.day0_AGTGAGGAGCACCGCT-1	4
asc.day0_AGTGAGGAGCTAGTGG-1	4
asc.day0_AGTGAGGAGTCACGCC-1	4
asc.day0_AGTGAGGAGTCCGTAT-1	1
asc.day0_AGTGAGGAGTGATCGG-1	1
asc.day0_AGTGAGGCAGCATGAG-1	5
asc.day0_AGTGAGGCATGCCACG-1	1
asc.day0_AGTGAGGGTAGAAGGA-1	1
asc.day0_AGTGAGGGTCGCATCG-1	1
asc.day0_AGTGAGGTCAACACTG-1	1
asc.day0_AGTGAGGTCCACGAAT-1	5
asc.day0_AGTGAGGTCCGCGGTA-1	1
asc.day0_AGTGAGGTCGAGAGCA-1	1
asc.day0_AGTGAGGTCTTACCTA-1	5
asc.day0_AGTGGGAAGAAACGAG-1	2
asc.day0_AGTGGGAAGCGATTCT-1	1
asc.day0_AGTGGGAAGGCATTGG-1	1
asc.day0_AGTGGGAAGTGGTCCC-1	2
asc.day0_AGTGGGACAGCCAATT-1	1
asc.day0_AGTGGGAGTACTCTCC-1	5
asc.day0_AGTGGGAGTATCAGTC-1	1
asc.day0_AGTGGGAGTCCCTTGT-1	4
asc.day0_AGTGGGAGTCTTGATG-1	1
asc.day0_AGTGGGAGTGATGTGG-1	1
asc.day0_AGTGGGAGTTGCTCCT-1	3
asc.day0_AGTGGGATCCTCATTA-1	2
asc.day0_AGTGGGATCGTGACAT-1	2
asc.day0_AGTGTCAAGGCGTACA-1	1
asc.day0_AGTGTCAAGTCGATAA-1	5
asc.day0_AGTGTCAAGTGTTAGA-1	4
asc.day0_AGTGTCACAAGCTGGA-1	3
asc.day0_AGTGTCACAATCTACG-1	1
asc.day0_AGTGTCACACATGTGT-1	3
asc.day0_AGTGTCACAGTCACTA-1	4
asc.day0_AGTGTCAGTCAACTGT-1	2
asc.day0_AGTGTCAGTTACGACT-1	1
asc.day0_AGTGTCATCGCGGATC-1	1
asc.day0_AGTGTCATCTTGACGA-1	5
asc.day0_AGTTGGTAGAGACGAA-1	1
asc.day0_AGTTGGTAGAGCTGCA-1	2
asc.day0_AGTTGGTAGATAGCAT-1	1
asc.day0_AGTTGGTAGATCCCGC-1	1
asc.day0_AGTTGGTAGCGCTCCA-1	1
asc.day0_AGTTGGTAGCTAACTC-1	4
asc.day0_AGTTGGTAGGCTAGCA-1	5
asc.day0_AGTTGGTCACGTGAGA-1	6
asc.day0_AGTTGGTCAGTTTACG-1	1
asc.day0_AGTTGGTCATATACGC-1	1
asc.day0_AGTTGGTGTACCATCA-1	1
asc.day0_AGTTGGTGTCCTGCTT-1	1
asc.day0_AGTTGGTGTCTAGCGC-1	1
asc.day0_AGTTGGTGTGCAACTT-1	2
asc.day0_AGTTGGTGTTAGATGA-1	1
asc.day0_AGTTGGTGTTGTACAC-1	1
asc.day0_AGTTGGTTCGAATCCA-1	2
asc.day0_AGTTGGTTCGTTACGA-1	1
asc.day0_AGTTGGTTCTGCGACG-1	3
asc.day0_ATAACGCAGCCAGTAG-1	3
asc.day0_ATAACGCAGCTAAGAT-1	1
asc.day0_ATAACGCAGTACACCT-1	4
asc.day0_ATAACGCCACGTAAGG-1	3
asc.day0_ATAACGCCAGACAGGT-1	1
asc.day0_ATAACGCCATATGAGA-1	1
asc.day0_ATAACGCCATGGTAGG-1	4
asc.day0_ATAACGCCATTTGCCC-1	5
asc.day0_ATAACGCGTACCGCTG-1	3
asc.day0_ATAACGCGTGCATCTA-1	1
asc.day0_ATAACGCGTTGGTTTG-1	1
asc.day0_ATAACGCTCAGCAACT-1	2
asc.day0_ATAACGCTCCACGACG-1	1
asc.day0_ATAACGCTCCTACAGA-1	5
asc.day0_ATAAGAGAGGACAGCT-1	1
asc.day0_ATAAGAGAGTACGTAA-1	5
asc.day0_ATAAGAGAGTGTACCT-1	4
asc.day0_ATAAGAGCAAAGGAAG-1	2
asc.day0_ATAAGAGGTAGCCTCG-1	5
asc.day0_ATAAGAGGTAGGGACT-1	1
asc.day0_ATAAGAGGTCCAAGTT-1	1
asc.day0_ATAAGAGGTGCGGTAA-1	3
asc.day0_ATAAGAGGTTGCGCAC-1	4
asc.day0_ATAAGAGTCACAGGCC-1	1
asc.day0_ATAAGAGTCGCGTTTC-1	5
asc.day0_ATAAGAGTCTCATTCA-1	2
asc.day0_ATAAGAGTCTTCATGT-1	1
asc.day0_ATAGACCAGCCGTCGT-1	3
asc.day0_ATAGACCAGGGATGGG-1	1
asc.day0_ATAGACCAGTGACATA-1	5
asc.day0_ATAGACCCAAACTGCT-1	3
asc.day0_ATAGACCCAAGCGATG-1	3
asc.day0_ATAGACCCACCAGATT-1	1
asc.day0_ATAGACCCACTTCGAA-1	1
asc.day0_ATAGACCCAGTTTACG-1	3
asc.day0_ATAGACCCATGGTAGG-1	1
asc.day0_ATAGACCGTCCGAAGA-1	1
asc.day0_ATAGACCGTCGACTAT-1	2
asc.day0_ATAGACCGTGTGGTTT-1	3
asc.day0_ATAGACCGTTCTGGTA-1	1
asc.day0_ATAGACCTCCCAAGTA-1	4
asc.day0_ATAGACCTCGACCAGC-1	1
asc.day0_ATAGACCTCGGAAACG-1	3
asc.day0_ATAGACCTCGGGAGTA-1	4
asc.day0_ATCACGAAGACTAGAT-1	5
asc.day0_ATCACGAAGATTACCC-1	1
asc.day0_ATCACGAAGCCACGTC-1	1
asc.day0_ATCACGAAGCCCAATT-1	1
asc.day0_ATCACGAAGGTGCAAC-1	1
asc.day0_ATCACGAAGTATCGAA-1	3
asc.day0_ATCACGAAGTGGAGTC-1	1
asc.day0_ATCACGAAGTGTACTC-1	3
asc.day0_ATCACGACAACTGGCC-1	1
asc.day0_ATCACGACAACTTGAC-1	3
asc.day0_ATCACGACAGAAGCAC-1	4
asc.day0_ATCACGACATATGGTC-1	3
asc.day0_ATCACGAGTCAAACTC-1	3
asc.day0_ATCACGAGTCTGCGGT-1	2
asc.day0_ATCACGAGTTACGACT-1	2
asc.day0_ATCACGATCAGAGACG-1	3
asc.day0_ATCACGATCATGCAAC-1	5
asc.day0_ATCACGATCCCTAATT-1	4
asc.day0_ATCACGATCGTGACAT-1	4
asc.day0_ATCACGATCGTTGACA-1	1
asc.day0_ATCACGATCTTCGAGA-1	3
asc.day0_ATCATCTAGCCTATGT-1	3
asc.day0_ATCATCTCAAGCGAGT-1	1
asc.day0_ATCATCTCACCAGATT-1	3
asc.day0_ATCATCTCAGACGTAG-1	1
asc.day0_ATCATCTGTAGCGCAA-1	1
asc.day0_ATCATCTGTATAGGTA-1	2
asc.day0_ATCATCTGTCAGGACA-1	3
asc.day0_ATCATCTGTTAGAACA-1	1
asc.day0_ATCATCTGTTATGTGC-1	1
asc.day0_ATCATCTTCCTTTCGG-1	1
asc.day0_ATCATGGAGAGCCTAG-1	3
asc.day0_ATCATGGAGCATCATC-1	2
asc.day0_ATCATGGAGCGTTGCC-1	7
asc.day0_ATCATGGCACCAGGCT-1	1
asc.day0_ATCATGGCAGCTCGAC-1	6
asc.day0_ATCATGGCAGTCTTCC-1	1
asc.day0_ATCATGGCATTTCACT-1	4
asc.day0_ATCATGGGTAAAGTCA-1	3
asc.day0_ATCATGGGTCTAAACC-1	3
asc.day0_ATCATGGGTCTTCGTC-1	4
asc.day0_ATCATGGGTCTTGTCC-1	1
asc.day0_ATCATGGGTGACGGTA-1	1
asc.day0_ATCATGGGTGCATCTA-1	1
asc.day0_ATCATGGTCATACGGT-1	1
asc.day0_ATCATGGTCCGCAGTG-1	4
asc.day0_ATCATGGTCCGTTGTC-1	2
asc.day0_ATCCACCAGCGATTCT-1	1
asc.day0_ATCCACCAGCTAGGCA-1	2
asc.day0_ATCCACCCACAACTGT-1	5
asc.day0_ATCCACCCACACGCTG-1	6
asc.day0_ATCCACCCACCAGTTA-1	1
asc.day0_ATCCACCCACTCTGTC-1	5
asc.day0_ATCCACCCAGCTATTG-1	1
asc.day0_ATCCACCCAGGTGGAT-1	5
asc.day0_ATCCACCCATGGAATA-1	1
asc.day0_ATCCACCGTAACGCGA-1	1
asc.day0_ATCCACCGTAAGAGAG-1	4
asc.day0_ATCCACCGTAAGTGTA-1	1
asc.day0_ATCCACCGTCAGAGGT-1	1
asc.day0_ATCCACCGTTAGGGTG-1	2
asc.day0_ATCCACCTCTCGCTTG-1	1
asc.day0_ATCCACCTCTTTACAC-1	5
asc.day0_ATCCGAAAGAGCCCAA-1	5
asc.day0_ATCCGAAAGATGCCTT-1	1
asc.day0_ATCCGAAAGCGGCTTC-1	2
asc.day0_ATCCGAACAAACAACA-1	1
asc.day0_ATCCGAACAAACTGTC-1	5
asc.day0_ATCCGAACACAAGACG-1	1
asc.day0_ATCCGAAGTAGCACGA-1	1
asc.day0_ATCCGAAGTCTCTTTA-1	1
asc.day0_ATCCGAATCAGTTCGA-1	5
asc.day0_ATCCGAATCATCGCTC-1	4
asc.day0_ATCCGAATCATTCACT-1	4
asc.day0_ATCCGAATCGCAAGCC-1	5
asc.day0_ATCGAGTAGAGTAAGG-1	1
asc.day0_ATCGAGTAGAGTGACC-1	1
asc.day0_ATCGAGTAGCAACGGT-1	3
asc.day0_ATCGAGTAGGCCGAAT-1	1
asc.day0_ATCGAGTAGGGTCGAT-1	3
asc.day0_ATCGAGTAGTTCCACA-1	1
asc.day0_ATCGAGTCACGGATAG-1	1
asc.day0_ATCGAGTCACTCTGTC-1	1
asc.day0_ATCGAGTCATTCCTCG-1	3
asc.day0_ATCGAGTGTTGTCTTT-1	5
asc.day0_ATCGAGTTCAATCACG-1	5
asc.day0_ATCGAGTTCGAGCCCA-1	1
asc.day0_ATCGAGTTCTGGTTCC-1	2
asc.day0_ATCGAGTTCTTCGAGA-1	2
asc.day0_ATCTACTAGACAGACC-1	1
asc.day0_ATCTACTAGATGGGTC-1	1
asc.day0_ATCTACTAGCTCAACT-1	4
asc.day0_ATCTACTCAATCGGTT-1	5
asc.day0_ATCTACTCACAGACAG-1	1
asc.day0_ATCTACTCACTAGTAC-1	2
asc.day0_ATCTACTGTCGAGATG-1	1
asc.day0_ATCTACTGTCTGCGGT-1	1
asc.day0_ATCTACTGTGTATGGG-1	1
asc.day0_ATCTACTTCAAGGTAA-1	3
asc.day0_ATCTACTTCACCTCGT-1	1
asc.day0_ATCTACTTCACGCGGT-1	3
asc.day0_ATCTACTTCATCGCTC-1	3
asc.day0_ATCTACTTCGCCATAA-1	1
asc.day0_ATCTACTTCGGCCGAT-1	3
asc.day0_ATCTACTTCGTCGTTC-1	1
asc.day0_ATCTACTTCTTAGAGC-1	6
asc.day0_ATCTGCCAGAAGGTTT-1	1
asc.day0_ATCTGCCAGCACAGGT-1	3
asc.day0_ATCTGCCAGCCACGTC-1	1
asc.day0_ATCTGCCAGCGTCAAG-1	1
asc.day0_ATCTGCCAGGACATTA-1	1
asc.day0_ATCTGCCCACACATGT-1	1
asc.day0_ATCTGCCCACAGACAG-1	1
asc.day0_ATCTGCCCACCGAAAG-1	1
asc.day0_ATCTGCCCAGCTTCGG-1	3
asc.day0_ATCTGCCCATCCCATC-1	2
asc.day0_ATCTGCCCATGCCACG-1	3
asc.day0_ATCTGCCCATTGCGGC-1	3
asc.day0_ATCTGCCGTCTAGCGC-1	1
asc.day0_ATCTGCCGTGTAAGTA-1	1
asc.day0_ATCTGCCGTTTACTCT-1	2
asc.day0_ATCTGCCTCATCGATG-1	5
asc.day0_ATCTGCCTCCCTCTTT-1	1
asc.day0_ATCTGCCTCCTCATTA-1	1
asc.day0_ATCTGCCTCGTAGATC-1	2
asc.day0_ATGAGGGAGTACGTAA-1	4
asc.day0_ATGAGGGCAAGAAGAG-1	1
asc.day0_ATGAGGGCACAGACAG-1	4
asc.day0_ATGAGGGCACTTCTGC-1	1
asc.day0_ATGAGGGCAGATCGGA-1	4
asc.day0_ATGAGGGCATGCCACG-1	1
asc.day0_ATGAGGGCATTACCTT-1	1
asc.day0_ATGAGGGCATTGAGCT-1	1
asc.day0_ATGAGGGGTCATGCAT-1	1
asc.day0_ATGAGGGGTGATAAGT-1	3
asc.day0_ATGAGGGGTGTTGAGG-1	1
asc.day0_ATGAGGGTCCCATTAT-1	1
asc.day0_ATGAGGGTCCGCATAA-1	3
asc.day0_ATGCGATAGAATAGGG-1	1
asc.day0_ATGCGATAGAATTGTG-1	2
asc.day0_ATGCGATAGACCTAGG-1	1
asc.day0_ATGCGATAGCACAGGT-1	2
asc.day0_ATGCGATCACTAAGTC-1	1
asc.day0_ATGCGATGTACCGAGA-1	1
asc.day0_ATGCGATGTCACTGGC-1	4
asc.day0_ATGCGATGTCCTCTTG-1	4
asc.day0_ATGCGATGTCTCTCGT-1	1
asc.day0_ATGCGATGTCTTGCGG-1	1
asc.day0_ATGCGATGTGAAGGCT-1	1
asc.day0_ATGCGATGTTTAGCTG-1	3
asc.day0_ATGCGATTCCCAGGTG-1	1
asc.day0_ATGCGATTCCCTGACT-1	1
asc.day0_ATGCGATTCTCTAAGG-1	2
asc.day0_ATGGGAGAGAATCTCC-1	1
asc.day0_ATGGGAGAGCATGGCA-1	3
asc.day0_ATGGGAGAGTTGAGAT-1	1
asc.day0_ATGGGAGCAACGCACC-1	1
asc.day0_ATGGGAGCAAGTTCTG-1	1
asc.day0_ATGGGAGCAGACAGGT-1	3
asc.day0_ATGGGAGCATCACGTA-1	3
asc.day0_ATGGGAGGTAGCTCCG-1	1
asc.day0_ATGGGAGGTCTTCGTC-1	2
asc.day0_ATGGGAGGTCTTTCAT-1	1
asc.day0_ATGGGAGGTGAGGCTA-1	3
asc.day0_ATGGGAGGTGGGTCAA-1	2
asc.day0_ATGGGAGGTGTAATGA-1	1
asc.day0_ATGGGAGGTGTTGGGA-1	3
asc.day0_ATGGGAGTCAAGATCC-1	1
asc.day0_ATGGGAGTCAGAGGTG-1	2
asc.day0_ATGGGAGTCCACGACG-1	1
asc.day0_ATGGGAGTCCTAGAAC-1	1
asc.day0_ATGGGAGTCTCGCTTG-1	1
asc.day0_ATGGGAGTCTGAGGGA-1	2
asc.day0_ATGGGAGTCTTTCCTC-1	1
asc.day0_ATGTGTGAGACTGGGT-1	3
asc.day0_ATGTGTGAGATGTAAC-1	3
asc.day0_ATGTGTGAGGAATCGC-1	1
asc.day0_ATGTGTGAGGGCATGT-1	1
asc.day0_ATGTGTGCACATTAGC-1	4
asc.day0_ATGTGTGCACCAGTTA-1	1
asc.day0_ATGTGTGCAGGAATCG-1	3
asc.day0_ATGTGTGCATCCAACA-1	4
asc.day0_ATGTGTGCATGACGGA-1	1
asc.day0_ATGTGTGGTACGCTGC-1	4
asc.day0_ATGTGTGGTCAGAAGC-1	1
asc.day0_ATGTGTGGTCATCGGC-1	1
asc.day0_ATGTGTGGTCCGTTAA-1	1
asc.day0_ATGTGTGGTCGCCATG-1	1
asc.day0_ATGTGTGTCATAACCG-1	1
asc.day0_ATGTGTGTCGGTTAAC-1	7
asc.day0_ATGTGTGTCTAGCACA-1	3
asc.day0_ATTACTCAGACAAAGG-1	3
asc.day0_ATTACTCAGATGTTAG-1	1
asc.day0_ATTACTCAGCTGCCCA-1	1
asc.day0_ATTACTCAGGAATTAC-1	4
asc.day0_ATTACTCAGGCTCTTA-1	6
asc.day0_ATTACTCAGTGAACGC-1	1
asc.day0_ATTACTCAGTGCAAGC-1	1
asc.day0_ATTACTCCAATCCGAT-1	1
asc.day0_ATTACTCCACATCCGG-1	1
asc.day0_ATTACTCCACCAGCAC-1	4
asc.day0_ATTACTCGTCCATGAT-1	1
asc.day0_ATTACTCGTCTAGTGT-1	1
asc.day0_ATTACTCGTTACGTCA-1	1
asc.day0_ATTACTCTCCACTGGG-1	5
asc.day0_ATTACTCTCGTCTGCT-1	3
asc.day0_ATTATCCAGACCGGAT-1	5
asc.day0_ATTATCCAGCAGCGTA-1	1
asc.day0_ATTATCCAGCCACGCT-1	2
asc.day0_ATTATCCAGGCCCGTT-1	1
asc.day0_ATTATCCAGTGGAGAA-1	1
asc.day0_ATTATCCCACGGTGTC-1	1
asc.day0_ATTATCCCAGTAAGAT-1	1
asc.day0_ATTATCCGTAGGACAC-1	1
asc.day0_ATTATCCGTATCACCA-1	3
asc.day0_ATTATCCGTCTAGAGG-1	1
asc.day0_ATTATCCGTCTAGCCG-1	1
asc.day0_ATTATCCGTGGAAAGA-1	1
asc.day0_ATTATCCGTTCAACCA-1	5
asc.day0_ATTATCCGTTGTCTTT-1	4
asc.day0_ATTATCCTCCTAGAAC-1	1
asc.day0_ATTATCCTCGTAGATC-1	1
asc.day0_ATTATCCTCTACCAGA-1	1
asc.day0_ATTATCCTCTGCGGCA-1	5
asc.day0_ATTATCCTCTGTCTAT-1	2
asc.day0_ATTATCCTCTTCCTTC-1	1
asc.day0_ATTCTACAGCAATCTC-1	5
asc.day0_ATTCTACAGCCATCGC-1	2
asc.day0_ATTCTACAGCTGATAA-1	1
asc.day0_ATTCTACAGGGAACGG-1	5
asc.day0_ATTCTACCAATCACAC-1	1
asc.day0_ATTCTACCACATGTGT-1	5
asc.day0_ATTCTACCACCTATCC-1	1
asc.day0_ATTCTACCAGCATACT-1	1
asc.day0_ATTCTACGTACGACCC-1	4
asc.day0_ATTCTACGTCACCTAA-1	1
asc.day0_ATTCTACGTCTCTTTA-1	1
asc.day0_ATTCTACGTGGGTCAA-1	1
asc.day0_ATTCTACGTTGGTGGA-1	3
asc.day0_ATTCTACTCAGTTGAC-1	5
asc.day0_ATTCTACTCGGCCGAT-1	4
asc.day0_ATTCTACTCTAGAGTC-1	2
asc.day0_ATTCTACTCTGATTCT-1	3
asc.day0_ATTGGACAGCAGATCG-1	1
asc.day0_ATTGGACCACTGTCGG-1	1
asc.day0_ATTGGACCAGCATACT-1	1
asc.day0_ATTGGACCATCGATTG-1	1
asc.day0_ATTGGACGTAGCGTAG-1	2
asc.day0_ATTGGACGTAGCGTGA-1	1
asc.day0_ATTGGACGTCCAGTAT-1	1
asc.day0_ATTGGACGTCTCCATC-1	5
asc.day0_ATTGGACGTTAAGGGC-1	1
asc.day0_ATTGGACGTTCGTCTC-1	5
asc.day0_ATTGGACTCGAGAGCA-1	4
asc.day0_ATTGGACTCGCCAGCA-1	1
asc.day0_ATTGGACTCGTTACAG-1	1
asc.day0_ATTGGTGAGAAACGCC-1	5
asc.day0_ATTGGTGAGAAGGTTT-1	1
asc.day0_ATTGGTGAGCCCAGCT-1	1
asc.day0_ATTGGTGAGCTGAAAT-1	5
asc.day0_ATTGGTGAGGTCGGAT-1	1
asc.day0_ATTGGTGAGGTGACCA-1	1
asc.day0_ATTGGTGAGTCATCCA-1	3
asc.day0_ATTGGTGCAACAACCT-1	5
asc.day0_ATTGGTGCACACCGAC-1	1
asc.day0_ATTGGTGCAGACGTAG-1	1
asc.day0_ATTGGTGCAGCGTCCA-1	3
asc.day0_ATTGGTGGTACTCAAC-1	1
asc.day0_ATTGGTGGTAGCGATG-1	1
asc.day0_ATTGGTGGTCATATCG-1	1
asc.day0_ATTGGTGGTCGACTGC-1	1
asc.day0_ATTGGTGGTGGTGTAG-1	4
asc.day0_ATTGGTGTCACTTACT-1	2
asc.day0_ATTGGTGTCCCGGATG-1	3
asc.day0_ATTGGTGTCGATCCCT-1	5
asc.day0_ATTGGTGTCGCGGATC-1	1
asc.day0_ATTTCTGAGAGGTTAT-1	1
asc.day0_ATTTCTGAGAGTCGGT-1	1
asc.day0_ATTTCTGAGCCCAGCT-1	1
asc.day0_ATTTCTGAGTTCGCGC-1	1
asc.day0_ATTTCTGCACATCCAA-1	3
asc.day0_ATTTCTGCACCGCTAG-1	1
asc.day0_ATTTCTGCAGCTTCGG-1	1
asc.day0_ATTTCTGGTATAATGG-1	1
asc.day0_ATTTCTGGTATTCTCT-1	3
asc.day0_ATTTCTGGTCATGCCG-1	1
asc.day0_ATTTCTGGTTAAGACA-1	5
asc.day0_ATTTCTGTCGGCCGAT-1	1
asc.day0_ATTTCTGTCTGTCTAT-1	3
asc.day0_CAACCAAAGACGCACA-1	1
asc.day0_CAACCAAAGAGTCGGT-1	3
asc.day0_CAACCAAAGCCAGTAG-1	2
asc.day0_CAACCAAAGCCGGTAA-1	1
asc.day0_CAACCAACACCAGGTC-1	3
asc.day0_CAACCAACAGGAACGT-1	4
asc.day0_CAACCAAGTGGAAAGA-1	4
asc.day0_CAACCAAGTTAGGGTG-1	1
asc.day0_CAACCAATCAACTCTT-1	1
asc.day0_CAACCAATCGATGAGG-1	1
asc.day0_CAACCAATCTTGCCGT-1	1
asc.day0_CAACCTCAGAAACCTA-1	5
asc.day0_CAACCTCAGACCTAGG-1	1
asc.day0_CAACCTCAGAGTCTGG-1	4
asc.day0_CAACCTCAGATGTGTA-1	4
asc.day0_CAACCTCAGCCAGGAT-1	1
asc.day0_CAACCTCAGCCGTCGT-1	3
asc.day0_CAACCTCAGCGTCTAT-1	1
asc.day0_CAACCTCCAACACGCC-1	1
asc.day0_CAACCTCCAAGAGTCG-1	3
asc.day0_CAACCTCCACATCCAA-1	5
asc.day0_CAACCTCCAGTAACGG-1	2
asc.day0_CAACCTCCATGTCTCC-1	1
asc.day0_CAACCTCGTAAATGAC-1	1
asc.day0_CAACCTCGTAGCGTAG-1	1
asc.day0_CAACCTCGTATTCGTG-1	1
asc.day0_CAACCTCGTCCCGACA-1	1
asc.day0_CAACCTCGTGTCGCTG-1	1
asc.day0_CAACCTCGTTCGAATC-1	3
asc.day0_CAACCTCTCAGAGCTT-1	3
asc.day0_CAACTAGAGGGCACTA-1	3
asc.day0_CAACTAGAGTCCTCCT-1	1
asc.day0_CAACTAGCACCATGTA-1	1
asc.day0_CAACTAGCATCCTAGA-1	1
asc.day0_CAACTAGGTACGACCC-1	6
asc.day0_CAACTAGGTACGCTGC-1	3
asc.day0_CAACTAGGTAGCGCTC-1	1
asc.day0_CAACTAGGTAGCTAAA-1	1
asc.day0_CAACTAGTCACCCTCA-1	6
asc.day0_CAACTAGTCAGTGTTG-1	1
asc.day0_CAACTAGTCCAAGTAC-1	6
asc.day0_CAACTAGTCGTCCAGG-1	1
asc.day0_CAAGAAAAGAGCTGCA-1	2
asc.day0_CAAGAAAAGCTAGGCA-1	1
asc.day0_CAAGAAAAGTGGCACA-1	1
asc.day0_CAAGAAAAGTGGTAAT-1	6
asc.day0_CAAGAAACAATAACGA-1	3
asc.day0_CAAGAAACACCGAAAG-1	3
asc.day0_CAAGAAACACTGAAGG-1	2
asc.day0_CAAGAAACAGCGTTCG-1	1
asc.day0_CAAGAAACAGCTCGCA-1	3
asc.day0_CAAGAAACAGTCGATT-1	1
asc.day0_CAAGAAACAGTCGTGC-1	1
asc.day0_CAAGAAACATCCGCGA-1	5
asc.day0_CAAGAAAGTATAGGTA-1	3
asc.day0_CAAGAAAGTGAGGGAG-1	3
asc.day0_CAAGAAAGTGGTGTAG-1	5
asc.day0_CAAGAAATCACGACTA-1	2
asc.day0_CAAGAAATCCGTCAAA-1	5
asc.day0_CAAGATCAGCCGTCGT-1	1
asc.day0_CAAGATCAGGATGTAT-1	2
asc.day0_CAAGATCAGGGCTTCC-1	4
asc.day0_CAAGATCAGTGTTAGA-1	2
asc.day0_CAAGATCCAACACCCG-1	3
asc.day0_CAAGATCCAAGTACCT-1	1
asc.day0_CAAGATCCACTCTGTC-1	3
asc.day0_CAAGATCCAGAGCCAA-1	6
asc.day0_CAAGATCCAGGGTATG-1	1
asc.day0_CAAGATCCAGTTCCCT-1	3
asc.day0_CAAGATCGTAAGTGTA-1	3
asc.day0_CAAGATCGTACAAGTA-1	1
asc.day0_CAAGATCGTCACCCAG-1	3
asc.day0_CAAGATCGTCGCGAAA-1	1
asc.day0_CAAGATCGTGATGTGG-1	1
asc.day0_CAAGATCGTTTGACAC-1	1
asc.day0_CAAGATCTCGCGATCG-1	5
asc.day0_CAAGATCTCTAGCACA-1	3
asc.day0_CAAGGCCAGACAATAC-1	4
asc.day0_CAAGGCCAGATCTGAA-1	1
asc.day0_CAAGGCCAGGCGCTCT-1	2
asc.day0_CAAGGCCAGGGTTTCT-1	1
asc.day0_CAAGGCCAGTGGAGTC-1	1
asc.day0_CAAGGCCCAAGCCCAC-1	3
asc.day0_CAAGGCCCAAGCGCTC-1	1
asc.day0_CAAGGCCCAGGTTTCA-1	1
asc.day0_CAAGGCCGTAATCGTC-1	7
asc.day0_CAAGGCCGTTGTCTTT-1	3
asc.day0_CAAGGCCGTTTAAGCC-1	1
asc.day0_CAAGGCCTCACTTCAT-1	1
asc.day0_CAAGTTGAGGTGCAAC-1	3
asc.day0_CAAGTTGAGTTTGCGT-1	1
asc.day0_CAAGTTGCAAGGTTTC-1	1
asc.day0_CAAGTTGCAATCACAC-1	1
asc.day0_CAAGTTGCACTGCCAG-1	1
asc.day0_CAAGTTGCAGGCTCAC-1	5
asc.day0_CAAGTTGCATGGTCAT-1	2
asc.day0_CAAGTTGGTACTCGCG-1	1
asc.day0_CAAGTTGGTTGGAGGT-1	2
asc.day0_CAAGTTGTCATTCACT-1	3
asc.day0_CAAGTTGTCCAGGGCT-1	1
asc.day0_CAAGTTGTCCTATTCA-1	1
asc.day0_CACAAACAGAACAATC-1	1
asc.day0_CACAAACAGAATAGGG-1	1
asc.day0_CACAAACAGATAGCAT-1	5
asc.day0_CACAAACAGGAATGGA-1	3
asc.day0_CACAAACAGTGACTCT-1	1
asc.day0_CACAAACCACTTAAGC-1	1
asc.day0_CACAAACGTTGAGTTC-1	5
asc.day0_CACAAACGTTTGGGCC-1	6
asc.day0_CACAAACTCAAACAAG-1	3
asc.day0_CACAAACTCAACGGGA-1	5
asc.day0_CACAAACTCAAGGTAA-1	3
asc.day0_CACAAACTCATCGATG-1	4
asc.day0_CACAAACTCCGCGTTT-1	4
asc.day0_CACAAACTCGTTTATC-1	4
asc.day0_CACAAACTCTAACCGA-1	2
asc.day0_CACACAAAGATCACGG-1	6
asc.day0_CACACAAAGATGCCAG-1	1
asc.day0_CACACAAAGTAGCCGA-1	3
asc.day0_CACACAACAACGCACC-1	3
asc.day0_CACACAACACGAAACG-1	3
asc.day0_CACACAACAGATGAGC-1	5
asc.day0_CACACAACATCAGTAC-1	3
asc.day0_CACACAACATTCCTCG-1	2
asc.day0_CACACAACATTCGACA-1	1
asc.day0_CACACAAGTGCTGTAT-1	3
asc.day0_CACACAAGTGTTCGAT-1	5
asc.day0_CACACAAGTTATGCGT-1	3
asc.day0_CACACAAGTTTACTCT-1	1
asc.day0_CACACAATCAAGATCC-1	2
asc.day0_CACACAATCGCATGAT-1	1
asc.day0_CACACAATCGTATCAG-1	1
asc.day0_CACACCTAGAGGTTGC-1	1
asc.day0_CACACCTAGCCAGTAG-1	4
asc.day0_CACACCTCAAGAAGAG-1	4
asc.day0_CACACCTCACGGTAGA-1	1
asc.day0_CACACCTCACGGTGTC-1	2
asc.day0_CACACCTCAGATGGCA-1	4
asc.day0_CACACCTCAGGCTGAA-1	1
asc.day0_CACACCTCAGGTCTCG-1	2
asc.day0_CACACCTGTAAGTGGC-1	3
asc.day0_CACACCTGTAGCCTCG-1	2
asc.day0_CACACCTGTCAATGTC-1	3
asc.day0_CACACCTGTCCGAACC-1	2
asc.day0_CACACCTTCGCAAGCC-1	1
asc.day0_CACACTCAGAGGACGG-1	1
asc.day0_CACACTCAGCTGCAAG-1	6
asc.day0_CACACTCAGCTGCCCA-1	1
asc.day0_CACACTCAGGAGTACC-1	1
asc.day0_CACACTCAGTTGAGAT-1	1
asc.day0_CACACTCCAACACGCC-1	1
asc.day0_CACACTCCAAGAAGAG-1	1
asc.day0_CACACTCCACACAGAG-1	3
asc.day0_CACACTCCACGGCCAT-1	2
asc.day0_CACACTCCACGGCTAC-1	3
asc.day0_CACACTCGTAAATACG-1	2
asc.day0_CACACTCGTCCAGTAT-1	1
asc.day0_CACACTCTCACATACG-1	1
asc.day0_CACAGGCAGCGTAATA-1	3
asc.day0_CACAGGCAGCGTTCCG-1	1
asc.day0_CACAGGCAGCTCCCAG-1	5
asc.day0_CACAGGCAGGATATAC-1	3
asc.day0_CACAGGCAGGCAATTA-1	4
asc.day0_CACAGGCCAATTGCTG-1	1
asc.day0_CACAGGCCACAGCGTC-1	1
asc.day0_CACAGGCCATAGTAAG-1	1
asc.day0_CACAGGCCATCGATTG-1	2
asc.day0_CACAGGCGTCCGAACC-1	1
asc.day0_CACAGGCGTCGAAAGC-1	1
asc.day0_CACAGGCGTCGCTTTC-1	5
asc.day0_CACAGGCGTTATGTGC-1	1
asc.day0_CACAGGCGTTATTCTC-1	1
asc.day0_CACAGGCTCCAGGGCT-1	5
asc.day0_CACAGGCTCCTTGACC-1	2
asc.day0_CACAGGCTCTACCTGC-1	1
asc.day0_CACAGTAAGAATTCCC-1	2
asc.day0_CACAGTAAGGCACATG-1	5
asc.day0_CACAGTAAGTGGGCTA-1	3
asc.day0_CACAGTAAGTTATCGC-1	5
asc.day0_CACAGTAGTCCTCCAT-1	3
asc.day0_CACAGTAGTCTGCGGT-1	1
asc.day0_CACAGTAGTGAGGGTT-1	3
asc.day0_CACAGTATCCTCATTA-1	2
asc.day0_CACAGTATCGGAGGTA-1	3
asc.day0_CACAGTATCGTTACGA-1	2
asc.day0_CACAGTATCTAACGGT-1	3
asc.day0_CACATAGAGCTCCTTC-1	3
asc.day0_CACATAGAGTTGCAGG-1	3
asc.day0_CACATAGCAACCGCCA-1	3
asc.day0_CACATAGCACCCATGG-1	1
asc.day0_CACATAGCAGATGAGC-1	1
asc.day0_CACATAGCATGGTAGG-1	1
asc.day0_CACATAGGTAAATGAC-1	5
asc.day0_CACATAGGTAATCGTC-1	1
asc.day0_CACATAGGTGCCTTGG-1	2
asc.day0_CACATAGGTGTAAGTA-1	1
asc.day0_CACATAGGTGTAATGA-1	1
asc.day0_CACATAGTCAGGCGAA-1	1
asc.day0_CACATAGTCCGTAGTA-1	5
asc.day0_CACATAGTCTGCAGTA-1	2
asc.day0_CACATTTAGAAGCCCA-1	1
asc.day0_CACATTTAGAATGTTG-1	1
asc.day0_CACATTTAGATCGATA-1	4
asc.day0_CACATTTAGCACCGTC-1	5
asc.day0_CACATTTAGTATTGGA-1	1
asc.day0_CACATTTCACAGAGGT-1	2
asc.day0_CACATTTCACTTCTGC-1	2
asc.day0_CACATTTCAGACAAAT-1	1
asc.day0_CACATTTCAGCGAACA-1	1
asc.day0_CACATTTCAGGTGCCT-1	1
asc.day0_CACATTTCATCACAAC-1	1
asc.day0_CACATTTGTAAATGAC-1	2
asc.day0_CACATTTGTAACGACG-1	1
asc.day0_CACATTTGTAACGTTC-1	1
asc.day0_CACATTTGTAGAAAGG-1	1
asc.day0_CACATTTGTATGAATG-1	1
asc.day0_CACATTTGTCAACTGT-1	1
asc.day0_CACATTTGTCGCTTCT-1	1
asc.day0_CACATTTGTCGTCTTC-1	1
asc.day0_CACATTTGTTAAAGAC-1	1
asc.day0_CACATTTGTTGGACCC-1	1
asc.day0_CACATTTTCAGTTGAC-1	1
asc.day0_CACATTTTCATGTGGT-1	3
asc.day0_CACATTTTCGCCAGCA-1	2
asc.day0_CACATTTTCGGAGCAA-1	1
asc.day0_CACATTTTCTTACCGC-1	1
asc.day0_CACCACTAGAAGGCCT-1	1
asc.day0_CACCACTAGATGTGTA-1	3
asc.day0_CACCACTAGTGACATA-1	7
asc.day0_CACCACTCAACTGCGC-1	1
asc.day0_CACCACTCACGACGAA-1	4
asc.day0_CACCACTCAGGGATTG-1	2
asc.day0_CACCACTGTAGCTCCG-1	4
asc.day0_CACCACTGTCGACTGC-1	4
asc.day0_CACCACTGTCGGCATC-1	1
asc.day0_CACCACTGTTGCGTTA-1	1
asc.day0_CACCACTTCCAGAGGA-1	1
asc.day0_CACCACTTCTTGCAAG-1	4
asc.day0_CACCAGGAGCAGATCG-1	2
asc.day0_CACCAGGAGCCAGAAC-1	1
asc.day0_CACCAGGAGCCGTCGT-1	1
asc.day0_CACCAGGAGCTGAAAT-1	3
asc.day0_CACCAGGAGGCAGGTT-1	4
asc.day0_CACCAGGAGTCAATAG-1	4
asc.day0_CACCAGGAGTGAACAT-1	4
asc.day0_CACCAGGAGTTAGCGG-1	1
asc.day0_CACCAGGCAACCGCCA-1	1
asc.day0_CACCAGGCACATCCGG-1	5
asc.day0_CACCAGGCACGAAGCA-1	5
asc.day0_CACCAGGCACGTCTCT-1	1
asc.day0_CACCAGGCATGAAGTA-1	3
asc.day0_CACCAGGGTACAGTGG-1	3
asc.day0_CACCAGGGTATAATGG-1	1
asc.day0_CACCAGGGTGGAAAGA-1	2
asc.day0_CACCAGGGTTAGTGGG-1	1
asc.day0_CACCAGGGTTCCACTC-1	1
asc.day0_CACCAGGTCCATTCTA-1	1
asc.day0_CACCAGGTCGCTTGTC-1	2
asc.day0_CACCTTGAGCCAGTTT-1	2
asc.day0_CACCTTGAGCTAAGAT-1	4
asc.day0_CACCTTGCAAAGGCGT-1	1
asc.day0_CACCTTGCACGTCAGC-1	3
asc.day0_CACCTTGCATACCATG-1	1
asc.day0_CACCTTGCATGAACCT-1	1
asc.day0_CACCTTGGTTTAGGAA-1	3
asc.day0_CACCTTGTCAAACAAG-1	3
asc.day0_CACCTTGTCATTGCGA-1	1
asc.day0_CACCTTGTCCCAACGG-1	3
asc.day0_CACCTTGTCCTGTAGA-1	1
asc.day0_CACTCCAAGAATGTGT-1	4
asc.day0_CACTCCAAGCAGGCTA-1	3
asc.day0_CACTCCAAGGCCCTCA-1	4
asc.day0_CACTCCAAGGCGATAC-1	1
asc.day0_CACTCCAAGTAGTGCG-1	1
asc.day0_CACTCCACAGATCTGT-1	2
asc.day0_CACTCCACATTAACCG-1	1
asc.day0_CACTCCAGTAGCTGCC-1	3
asc.day0_CACTCCAGTCCGAGTC-1	5
asc.day0_CACTCCAGTGGGTCAA-1	1
asc.day0_CACTCCAGTGTAACGG-1	1
asc.day0_CACTCCAGTGTCCTCT-1	1
asc.day0_CACTCCAGTTGAGGTG-1	3
asc.day0_CACTCCATCACGATGT-1	4
asc.day0_CACTCCATCATCGGAT-1	1
asc.day0_CACTCCATCGGATGTT-1	1
asc.day0_CACTCCATCTGCAAGT-1	1
asc.day0_CACTCCATCTTCATGT-1	4
asc.day0_CAGAATCAGATAGTCA-1	1
asc.day0_CAGAATCAGGAATCGC-1	3
asc.day0_CAGAATCAGGGCTTGA-1	2
asc.day0_CAGAATCAGGTGCAAC-1	1
asc.day0_CAGAATCCAGGACCCT-1	1
asc.day0_CAGAATCCATGTAAGA-1	3
asc.day0_CAGAATCGTACTCGCG-1	2
asc.day0_CAGAATCGTGCTCTTC-1	3
asc.day0_CAGAATCTCAGTCCCT-1	3
asc.day0_CAGAATCTCGCAGGCT-1	2
asc.day0_CAGAGAGAGAGGTAGA-1	1
asc.day0_CAGAGAGCAAACAACA-1	2
asc.day0_CAGAGAGCAACTGGCC-1	3
asc.day0_CAGAGAGCAGCGATCC-1	2
asc.day0_CAGAGAGCATCTATGG-1	2
asc.day0_CAGAGAGGTTTGACAC-1	3
asc.day0_CAGAGAGTCAGCTCTC-1	5
asc.day0_CAGAGAGTCTAGAGTC-1	1
asc.day0_CAGATCAAGTCAAGCG-1	4
asc.day0_CAGATCACACTGTGTA-1	1
asc.day0_CAGATCACATGTCTCC-1	3
asc.day0_CAGATCAGTAAAGTCA-1	1
asc.day0_CAGATCAGTAGAAGGA-1	2
asc.day0_CAGATCAGTCGCGAAA-1	2
asc.day0_CAGATCAGTCTAAACC-1	3
asc.day0_CAGATCAGTCTGCAAT-1	3
asc.day0_CAGATCAGTTATGTGC-1	1
asc.day0_CAGATCATCAACGAAA-1	1
asc.day0_CAGATCATCAGCGACC-1	3
asc.day0_CAGATCATCATTCACT-1	4
asc.day0_CAGATCATCTTTACAC-1	1
asc.day0_CAGCAGCAGACGCAAC-1	1
asc.day0_CAGCAGCAGTTGTAGA-1	1
asc.day0_CAGCAGCCAAATTGCC-1	2
asc.day0_CAGCAGCCACCAGGTC-1	3
asc.day0_CAGCAGCCATAGGATA-1	1
asc.day0_CAGCAGCCATCGTCGG-1	1
asc.day0_CAGCAGCGTAGCGTCC-1	3
asc.day0_CAGCAGCGTTACGACT-1	4
asc.day0_CAGCAGCGTTCGTGAT-1	4
asc.day0_CAGCAGCGTTGGGACA-1	2
asc.day0_CAGCAGCGTTTGTTTC-1	3
asc.day0_CAGCAGCTCAAACAAG-1	1
asc.day0_CAGCAGCTCATAGCAC-1	1
asc.day0_CAGCAGCTCCACGTTC-1	5
asc.day0_CAGCAGCTCCGCGCAA-1	4
asc.day0_CAGCAGCTCTATCCCG-1	4
asc.day0_CAGCATAAGCGTGAAC-1	1
asc.day0_CAGCATAAGGCCGAAT-1	1
asc.day0_CAGCATACATGTAAGA-1	4
asc.day0_CAGCATAGTCGGCTCA-1	6
asc.day0_CAGCATAGTCTCTCGT-1	1
asc.day0_CAGCATAGTGTTAAGA-1	4
asc.day0_CAGCATAGTTAAGATG-1	2
asc.day0_CAGCATAGTTACAGAA-1	1
asc.day0_CAGCATATCGCCAGCA-1	1
asc.day0_CAGCCGAAGCTCCCAG-1	1
asc.day0_CAGCCGAAGGAGTTTA-1	1
asc.day0_CAGCCGACAAACTGCT-1	5
asc.day0_CAGCCGACAAGGTTTC-1	1
asc.day0_CAGCCGACACCCATTC-1	2
asc.day0_CAGCCGACACTCGACG-1	3
asc.day0_CAGCCGACAGATGAGC-1	1
asc.day0_CAGCCGACAGCTCGCA-1	3
asc.day0_CAGCCGACAGTATAAG-1	3
asc.day0_CAGCCGAGTAGAAAGG-1	6
asc.day0_CAGCCGAGTCTCTCTG-1	3
asc.day0_CAGCCGAGTGGAAAGA-1	1
asc.day0_CAGCCGAGTTCAGGCC-1	1
asc.day0_CAGCCGATCACGAAGG-1	1
asc.day0_CAGCCGATCAGAGACG-1	5
asc.day0_CAGCCGATCCAGTATG-1	1
asc.day0_CAGCCGATCTGCGTAA-1	3
asc.day0_CAGCGACAGCGTAGTG-1	1
asc.day0_CAGCGACAGTGCTGCC-1	1
asc.day0_CAGCGACAGTGGACGT-1	2
asc.day0_CAGCGACCAACACCTA-1	4
asc.day0_CAGCGACCAAGGTTCT-1	1
asc.day0_CAGCGACCACACGCTG-1	5
asc.day0_CAGCGACCACATTAGC-1	1
asc.day0_CAGCGACCAGCCACCA-1	3
asc.day0_CAGCGACCAGCTTAAC-1	5
asc.day0_CAGCGACCATAAGACA-1	1
asc.day0_CAGCGACCATATGAGA-1	3
asc.day0_CAGCGACCATCGATGT-1	1
asc.day0_CAGCGACGTGGAAAGA-1	1
asc.day0_CAGCGACGTTTAAGCC-1	1
asc.day0_CAGCGACTCAGTTAGC-1	2
asc.day0_CAGCGACTCCTAGAAC-1	1
asc.day0_CAGCTAAAGACACGAC-1	1
asc.day0_CAGCTAAAGCTCCTCT-1	1
asc.day0_CAGCTAAAGCTTCGCG-1	1
asc.day0_CAGCTAAAGGCTAGGT-1	2
asc.day0_CAGCTAAAGGTGTGGT-1	4
asc.day0_CAGCTAAAGTACGCCC-1	3
asc.day0_CAGCTAACAAACGCGA-1	1
asc.day0_CAGCTAACAAAGTGCG-1	1
asc.day0_CAGCTAACAGAAGCAC-1	6
asc.day0_CAGCTAACAGGCAGTA-1	5
asc.day0_CAGCTAACATAGGATA-1	1
asc.day0_CAGCTAAGTAATTGGA-1	1
asc.day0_CAGCTAAGTCAACTGT-1	3
asc.day0_CAGCTAAGTCGCGTGT-1	4
asc.day0_CAGCTAAGTGCTAGCC-1	1
asc.day0_CAGCTAAGTGTAAGTA-1	5
asc.day0_CAGCTAAGTTACGTCA-1	1
asc.day0_CAGCTAATCGAATGGG-1	1
asc.day0_CAGCTAATCTATCCTA-1	1
asc.day0_CAGCTAATCTGATACG-1	2
asc.day0_CAGCTAATCTGTCTCG-1	1
asc.day0_CAGCTGGCAAACCCAT-1	3
asc.day0_CAGCTGGCACTTAACG-1	4
asc.day0_CAGCTGGGTAAACACA-1	3
asc.day0_CAGCTGGGTTACGCGC-1	1
asc.day0_CAGCTGGGTTCCAACA-1	1
asc.day0_CAGCTGGGTTGTCTTT-1	1
asc.day0_CAGCTGGTCAAGGCTT-1	1
asc.day0_CAGCTGGTCACTTCAT-1	2
asc.day0_CAGCTGGTCGTAGGAG-1	1
asc.day0_CAGGTGCAGACTACAA-1	1
asc.day0_CAGGTGCAGCCAGTAG-1	1
asc.day0_CAGGTGCAGCGCCTTG-1	1
asc.day0_CAGGTGCAGGATGCGT-1	5
asc.day0_CAGGTGCAGTGGAGTC-1	1
asc.day0_CAGGTGCCAAGCCTAT-1	1
asc.day0_CAGGTGCCAATTCCTT-1	5
asc.day0_CAGGTGCCACAGAGGT-1	2
asc.day0_CAGGTGCCAGATGGGT-1	1
asc.day0_CAGGTGCCAGGAATCG-1	1
asc.day0_CAGGTGCCAGGGTTAG-1	1
asc.day0_CAGGTGCCAGTTAACC-1	1
asc.day0_CAGGTGCCATTACCTT-1	1
asc.day0_CAGGTGCGTACCGAGA-1	3
asc.day0_CAGGTGCGTGTGCCTG-1	1
asc.day0_CAGGTGCGTTCCACTC-1	1
asc.day0_CAGGTGCTCATGTAGC-1	2
asc.day0_CAGTAACAGACGCAAC-1	3
asc.day0_CAGTAACAGATGTAAC-1	1
asc.day0_CAGTAACAGGTCATCT-1	3
asc.day0_CAGTAACAGTTTCCTT-1	1
asc.day0_CAGTAACCACGTCTCT-1	1
asc.day0_CAGTAACCAGTGGAGT-1	5
asc.day0_CAGTAACCATGACATC-1	1
asc.day0_CAGTAACGTAGAGGAA-1	2
asc.day0_CAGTAACGTAGTACCT-1	3
asc.day0_CAGTAACGTATCACCA-1	4
asc.day0_CAGTAACGTGGCAAAC-1	5
asc.day0_CAGTAACGTTAAGACA-1	1
asc.day0_CAGTAACTCACCCGAG-1	1
asc.day0_CAGTAACTCCCATTAT-1	4
asc.day0_CAGTAACTCTATCCCG-1	1
asc.day0_CAGTAACTCTATCGCC-1	1
asc.day0_CAGTAACTCTCCAACC-1	3
asc.day0_CAGTCCTAGAGGGCTT-1	5
asc.day0_CAGTCCTAGATGTCGG-1	5
asc.day0_CAGTCCTCAAAGCAAT-1	2
asc.day0_CAGTCCTCAAGCTGGA-1	1
asc.day0_CAGTCCTCAATCAGAA-1	2
asc.day0_CAGTCCTCATGACATC-1	1
asc.day0_CAGTCCTGTAAGTGTA-1	4
asc.day0_CAGTCCTGTAGTGAAT-1	1
asc.day0_CAGTCCTGTATAGGGC-1	1
asc.day0_CAGTCCTGTGCACCAC-1	2
asc.day0_CAGTCCTGTTACAGAA-1	1
asc.day0_CAGTCCTTCAGATAAG-1	1
asc.day0_CAGTCCTTCCTGCAGG-1	3
asc.day0_CAGTCCTTCGTTACGA-1	5
asc.day0_CATATGGAGACAAGCC-1	1
asc.day0_CATATGGAGGCTATCT-1	1
asc.day0_CATATGGAGGGCTCTC-1	1
asc.day0_CATATGGAGTCACGCC-1	1
asc.day0_CATATGGAGTCATCCA-1	3
asc.day0_CATATGGAGTGCGATG-1	3
asc.day0_CATATGGCAAAGTCAA-1	1
asc.day0_CATATGGCAATCGGTT-1	3
asc.day0_CATATGGCACCAGGCT-1	4
asc.day0_CATATGGCACTGTTAG-1	1
asc.day0_CATATGGCAGCAGTTT-1	3
asc.day0_CATATGGCATGGTCAT-1	1
asc.day0_CATATGGCATGTAGTC-1	5
asc.day0_CATATGGGTAGAAGGA-1	1
asc.day0_CATATGGGTCCTCCAT-1	2
asc.day0_CATATGGTCACAAACC-1	1
asc.day0_CATATGGTCACATAGC-1	1
asc.day0_CATATGGTCCTCATTA-1	1
asc.day0_CATATGGTCGCCATAA-1	4
asc.day0_CATATGGTCTGCTTGC-1	5
asc.day0_CATATGGTCTGTTGAG-1	1
asc.day0_CATATTCAGCCGATTT-1	1
asc.day0_CATATTCCAATAACGA-1	1
asc.day0_CATATTCCACCTGGTG-1	4
asc.day0_CATATTCCATCCGTGG-1	3
asc.day0_CATATTCCATGCGCAC-1	1
asc.day0_CATATTCGTAAATGTG-1	1
asc.day0_CATATTCGTATCGCAT-1	2
asc.day0_CATATTCGTCAACATC-1	1
asc.day0_CATATTCGTCCGCTGA-1	1
asc.day0_CATATTCGTCTCCACT-1	1
asc.day0_CATATTCGTTATCGGT-1	6
asc.day0_CATATTCGTTCCAACA-1	1
asc.day0_CATATTCTCAGTACGT-1	1
asc.day0_CATATTCTCCTAGGGC-1	2
asc.day0_CATATTCTCTATGTGG-1	3
asc.day0_CATCAAGAGACGCAAC-1	3
asc.day0_CATCAAGAGAGACGAA-1	1
asc.day0_CATCAAGAGATCCCAT-1	1
asc.day0_CATCAAGAGCGTGAGT-1	1
asc.day0_CATCAAGAGGCTCAGA-1	3
asc.day0_CATCAAGAGGGTGTGT-1	1
asc.day0_CATCAAGCAAGCCGTC-1	2
asc.day0_CATCAAGCACCGAATT-1	3
asc.day0_CATCAAGCACCTATCC-1	6
asc.day0_CATCAAGCAGACAAAT-1	1
asc.day0_CATCAAGCATCGTCGG-1	3
asc.day0_CATCAAGGTGCACGAA-1	1
asc.day0_CATCAAGGTTATGCGT-1	3
asc.day0_CATCAAGGTTGCTCCT-1	2
asc.day0_CATCAAGTCAGCGATT-1	1
asc.day0_CATCAAGTCCTCAACC-1	3
asc.day0_CATCAAGTCCTCGCAT-1	2
asc.day0_CATCAAGTCTATCGCC-1	1
asc.day0_CATCAAGTCTCTGCTG-1	1
asc.day0_CATCAGAAGAACTCGG-1	1
asc.day0_CATCAGAAGTCTCGGC-1	1
asc.day0_CATCAGAAGTCTTGCA-1	3
asc.day0_CATCAGAGTAAGGGAA-1	1
asc.day0_CATCAGAGTAAGTGTA-1	2
asc.day0_CATCAGAGTACGCACC-1	1
asc.day0_CATCAGAGTCATGCCG-1	3
asc.day0_CATCAGAGTCCGAATT-1	1
asc.day0_CATCAGAGTCGCGTGT-1	1
asc.day0_CATCAGAGTCTACCTC-1	1
asc.day0_CATCAGAGTGAGGGAG-1	5
asc.day0_CATCAGAGTGATGATA-1	3
asc.day0_CATCAGAGTGGTCTCG-1	2
asc.day0_CATCAGAGTTTGACTG-1	5
asc.day0_CATCAGATCACAACGT-1	1
asc.day0_CATCAGATCTTGCATT-1	1
asc.day0_CATCAGATCTTGTATC-1	1
asc.day0_CATCCACAGAGCTATA-1	5
asc.day0_CATCCACAGATGCGAC-1	4
asc.day0_CATCCACAGCTGATAA-1	1
asc.day0_CATCCACAGGCATGGT-1	1
asc.day0_CATCCACAGGGTTTCT-1	1
asc.day0_CATCCACCAAGCCGCT-1	3
asc.day0_CATCCACCACAAGTAA-1	2
asc.day0_CATCCACCACATAACC-1	1
asc.day0_CATCCACCACGGTAAG-1	1
asc.day0_CATCCACCAGCCTATA-1	3
asc.day0_CATCCACCAGGCTCAC-1	2
asc.day0_CATCCACGTGAGTATA-1	3
asc.day0_CATCCACGTGCTCTTC-1	3
asc.day0_CATCCACGTGTGCGTC-1	5
asc.day0_CATCCACGTTAAGTAG-1	3
asc.day0_CATCCACGTTGAACTC-1	1
asc.day0_CATCCACTCAGTTGAC-1	3
asc.day0_CATCCACTCCGGCACA-1	1
asc.day0_CATCCACTCCTAGAAC-1	2
asc.day0_CATCCACTCCTCGCAT-1	4
asc.day0_CATCCACTCTTGTCAT-1	1
asc.day0_CATCGAAAGATCGGGT-1	2
asc.day0_CATCGAAAGCGTCTAT-1	1
asc.day0_CATCGAAAGGGCATGT-1	6
asc.day0_CATCGAAAGTGACATA-1	6
asc.day0_CATCGAACAAGAGTCG-1	1
asc.day0_CATCGAACAAGTCTAC-1	3
asc.day0_CATCGAACAGATCCAT-1	2
asc.day0_CATCGAACAGCCACCA-1	1
asc.day0_CATCGAACAGTATCTG-1	2
asc.day0_CATCGAACATCACCCT-1	2
asc.day0_CATCGAAGTACACCGC-1	5
asc.day0_CATCGAAGTCGACTAT-1	3
asc.day0_CATCGAAGTCGATTGT-1	4
asc.day0_CATCGAAGTCTCTTAT-1	1
asc.day0_CATCGAATCACCCGAG-1	1
asc.day0_CATCGAATCCATGAAC-1	1
asc.day0_CATCGAATCCTATTCA-1	1
asc.day0_CATCGAATCCTTAATC-1	1
asc.day0_CATCGAATCGAGAACG-1	1
asc.day0_CATCGAATCTTACCTA-1	2
asc.day0_CATCGGGAGAAACCGC-1	3
asc.day0_CATCGGGAGCTTCGCG-1	1
asc.day0_CATCGGGAGTGTACCT-1	2
asc.day0_CATCGGGCACCGTTGG-1	4
asc.day0_CATCGGGCAGCCTTGG-1	3
asc.day0_CATCGGGCAGTGAGTG-1	1
asc.day0_CATCGGGCATCTACGA-1	5
asc.day0_CATCGGGGTCTCCATC-1	5
asc.day0_CATCGGGGTGCGAAAC-1	2
asc.day0_CATCGGGTCAGTTAGC-1	1
asc.day0_CATCGGGTCGGATGGA-1	1
asc.day0_CATGACAAGATGCCAG-1	1
asc.day0_CATGACAAGCGAAGGG-1	1
asc.day0_CATGACAAGGGTCTCC-1	5
asc.day0_CATGACAAGTCCCACG-1	3
asc.day0_CATGACAAGTCGAGTG-1	1
asc.day0_CATGACACAGAGCCAA-1	4
asc.day0_CATGACACAGATCGGA-1	1
asc.day0_CATGACACAGATGGCA-1	2
asc.day0_CATGACACAGGGTATG-1	4
asc.day0_CATGACACAGGTTTCA-1	3
asc.day0_CATGACACATAAAGGT-1	4
asc.day0_CATGACAGTAAAGGAG-1	5
asc.day0_CATGACAGTAGCGTGA-1	1
asc.day0_CATGACAGTTAAGGGC-1	1
asc.day0_CATGACAGTTACAGAA-1	2
asc.day0_CATGACATCCATGCTC-1	4
asc.day0_CATGACATCCCAAGTA-1	1
asc.day0_CATGCCTAGATAGGAG-1	1
asc.day0_CATGCCTCAAGAAGAG-1	3
asc.day0_CATGCCTCAAGCTGAG-1	1
asc.day0_CATGCCTCAATCTGCA-1	1
asc.day0_CATGCCTCACAGACAG-1	5
asc.day0_CATGCCTCACATGGGA-1	3
asc.day0_CATGCCTCACGCTTTC-1	1
asc.day0_CATGCCTCAGACGCCT-1	4
asc.day0_CATGCCTCAGCTTAAC-1	3
asc.day0_CATGCCTCATCGTCGG-1	5
asc.day0_CATGCCTCATGCATGT-1	5
asc.day0_CATGCCTGTATCAGTC-1	3
asc.day0_CATGCCTTCGCAAGCC-1	1
asc.day0_CATGCCTTCGTGACAT-1	5
asc.day0_CATGCCTTCTCTGTCG-1	1
asc.day0_CATGGCGAGAAGGGTA-1	6
asc.day0_CATGGCGAGACAATAC-1	2
asc.day0_CATGGCGAGTGCCATT-1	1
asc.day0_CATGGCGCAACTGCTA-1	1
asc.day0_CATGGCGCACCTCGTT-1	1
asc.day0_CATGGCGCAGTCTTCC-1	4
asc.day0_CATGGCGCATCGATGT-1	1
asc.day0_CATGGCGCATGTAAGA-1	1
asc.day0_CATGGCGGTAGCGTAG-1	2
asc.day0_CATGGCGGTATTAGCC-1	5
asc.day0_CATGGCGGTCCGAGTC-1	1
asc.day0_CATGGCGGTGACGCCT-1	4
asc.day0_CATGGCGGTGATAAAC-1	1
asc.day0_CATGGCGGTTAGATGA-1	3
asc.day0_CATGGCGGTTGGAGGT-1	3
asc.day0_CATGGCGTCTACTCAT-1	2
asc.day0_CATTATCAGACAGAGA-1	3
asc.day0_CATTATCAGACTAGGC-1	1
asc.day0_CATTATCAGATCCCGC-1	1
asc.day0_CATTATCAGGTAGCTG-1	5
asc.day0_CATTATCCAAGTACCT-1	1
asc.day0_CATTATCCATCGATGT-1	1
asc.day0_CATTATCGTAAGTTCC-1	1
asc.day0_CATTATCGTCACCCAG-1	4
asc.day0_CATTATCGTGCTCTTC-1	4
asc.day0_CATTATCGTTGAACTC-1	4
asc.day0_CATTATCTCATGCATG-1	2
asc.day0_CATTATCTCGCGGATC-1	1
asc.day0_CATTATCTCTGATACG-1	3
asc.day0_CATTATCTCTGGCGAC-1	5
asc.day0_CATTATCTCTGTCCGT-1	2
asc.day0_CATTATCTCTTCTGGC-1	1
asc.day0_CATTCGCAGATGTTAG-1	1
asc.day0_CATTCGCAGTGTGAAT-1	3
asc.day0_CATTCGCCAATTCCTT-1	2
asc.day0_CATTCGCCAGGCGATA-1	1
asc.day0_CATTCGCCAGTGACAG-1	1
asc.day0_CATTCGCCATGGTCTA-1	1
asc.day0_CATTCGCGTCCCTTGT-1	3
asc.day0_CATTCGCGTCGAATCT-1	4
asc.day0_CATTCGCGTGCAACTT-1	5
asc.day0_CATTCGCGTTAAAGAC-1	5
asc.day0_CATTCGCGTTCGGCAC-1	4
asc.day0_CATTCGCGTTTGGCGC-1	1
asc.day0_CATTCGCTCACAGTAC-1	1
asc.day0_CATTCGCTCACATAGC-1	1
asc.day0_CATTCGCTCTACTATC-1	1
asc.day0_CCAATCCAGCTAGGCA-1	4
asc.day0_CCAATCCAGGCACATG-1	1
asc.day0_CCAATCCCAAACTGTC-1	5
asc.day0_CCAATCCCAGGTTTCA-1	1
asc.day0_CCAATCCGTAATTGGA-1	1
asc.day0_CCAATCCGTCGAAAGC-1	3
asc.day0_CCAATCCGTCTACCTC-1	1
asc.day0_CCAATCCGTGTGTGCC-1	1
asc.day0_CCAATCCGTTCAGGCC-1	1
asc.day0_CCAATCCTCCCTCAGT-1	1
asc.day0_CCAATCCTCTGCTTGC-1	1
asc.day0_CCACCTAAGCCAGAAC-1	2
asc.day0_CCACCTAAGCGTTGCC-1	4
asc.day0_CCACCTAAGTAGATGT-1	1
asc.day0_CCACCTACACTTGGAT-1	4
asc.day0_CCACCTACAGATCGGA-1	1
asc.day0_CCACCTACAGCTGCAC-1	2
asc.day0_CCACCTACATTGGTAC-1	3
asc.day0_CCACCTAGTCTTCAAG-1	5
asc.day0_CCACCTAGTTATCACG-1	1
asc.day0_CCACCTATCCTCCTAG-1	1
asc.day0_CCACCTATCGGAAACG-1	2
asc.day0_CCACCTATCTTCTGGC-1	1
asc.day0_CCACGGAAGGTGGGTT-1	3
asc.day0_CCACGGAAGTGAAGAG-1	3
asc.day0_CCACGGAAGTGCTGCC-1	5
asc.day0_CCACGGAAGTTAACGA-1	2
asc.day0_CCACGGACAAGGTTCT-1	5
asc.day0_CCACGGACAATCAGAA-1	3
asc.day0_CCACGGACACGCCAGT-1	3
asc.day0_CCACGGACACGTAAGG-1	2
asc.day0_CCACGGAGTAGCCTAT-1	2
asc.day0_CCACGGAGTCTGATCA-1	2
asc.day0_CCACGGAGTGCACGAA-1	3
asc.day0_CCACGGAGTGCGGTAA-1	1
asc.day0_CCACGGATCAATAAGG-1	5
asc.day0_CCACGGATCCGAGCCA-1	3
asc.day0_CCACGGATCTGCAAGT-1	3
asc.day0_CCACTACAGACCCACC-1	5
asc.day0_CCACTACAGATGTAAC-1	3
asc.day0_CCACTACAGGATGGAA-1	1
asc.day0_CCACTACAGGTAGCCA-1	1
asc.day0_CCACTACAGTACGATA-1	1
asc.day0_CCACTACCAATGGAAT-1	4
asc.day0_CCACTACGTACAGTGG-1	3
asc.day0_CCACTACGTGCATCTA-1	1
asc.day0_CCACTACGTTGGAGGT-1	1
asc.day0_CCACTACTCAGCTCGG-1	2
asc.day0_CCACTACTCCGCATCT-1	3
asc.day0_CCACTACTCGAACGGA-1	2
asc.day0_CCACTACTCGCACTCT-1	2
asc.day0_CCACTACTCGCCTGAG-1	4
asc.day0_CCACTACTCTTTAGTC-1	3
asc.day0_CCAGCGAAGCACCGTC-1	1
asc.day0_CCAGCGAAGCCACCTG-1	5
asc.day0_CCAGCGAAGGCGTACA-1	2
asc.day0_CCAGCGAAGTCGTACT-1	1
asc.day0_CCAGCGACAATCCAAC-1	1
asc.day0_CCAGCGACAATGTTGC-1	3
asc.day0_CCAGCGACACCCATGG-1	3
asc.day0_CCAGCGACAGGGTTAG-1	1
asc.day0_CCAGCGACAGTATAAG-1	5
asc.day0_CCAGCGAGTACAGTGG-1	1
asc.day0_CCAGCGAGTGAGTGAC-1	1
asc.day0_CCAGCGAGTTCTGAAC-1	2
asc.day0_CCAGCGAGTTGAGTTC-1	1
asc.day0_CCAGCGATCATAGCAC-1	1
asc.day0_CCAGCGATCCAGTATG-1	1
asc.day0_CCAGCGATCGACAGCC-1	5
asc.day0_CCAGCGATCGCCGTGA-1	4
asc.day0_CCAGCGATCGTACGGC-1	2
asc.day0_CCAGCGATCTACCAGA-1	1
asc.day0_CCAGCGATCTTCCTTC-1	1
asc.day0_CCATGTCAGACAAAGG-1	1
asc.day0_CCATGTCAGATCCCAT-1	1
asc.day0_CCATGTCAGCATCATC-1	1
asc.day0_CCATGTCAGCTAGTCT-1	1
asc.day0_CCATGTCAGCTGCCCA-1	3
asc.day0_CCATGTCAGTATCTCG-1	5
asc.day0_CCATGTCCAATGGAAT-1	1
asc.day0_CCATGTCCACCACCAG-1	3
asc.day0_CCATGTCCAGTAAGCG-1	3
asc.day0_CCATGTCCATCACAAC-1	2
asc.day0_CCATGTCCATGCCTAA-1	3
asc.day0_CCATGTCGTACATGTC-1	2
asc.day0_CCATGTCGTCAGTGGA-1	1
asc.day0_CCATGTCGTGTAACGG-1	4
asc.day0_CCATGTCTCAGCTCTC-1	2
asc.day0_CCATGTCTCTGTCTAT-1	1
asc.day0_CCATTCGAGAGCTGCA-1	2
asc.day0_CCATTCGAGCAGCCTC-1	1
asc.day0_CCATTCGAGGATGCGT-1	1
asc.day0_CCATTCGAGGCTCAGA-1	2
asc.day0_CCATTCGAGTCGATAA-1	1
asc.day0_CCATTCGAGTGTTAGA-1	5
asc.day0_CCATTCGCAAACGCGA-1	4
asc.day0_CCATTCGCAAGAGGCT-1	3
asc.day0_CCATTCGCAGTCTTCC-1	5
asc.day0_CCATTCGCATATGGTC-1	4
asc.day0_CCATTCGGTCAAAGAT-1	1
asc.day0_CCATTCGGTCCCTTGT-1	3
asc.day0_CCATTCGGTCCGAGTC-1	3
asc.day0_CCATTCGGTGAAAGAG-1	2
asc.day0_CCATTCGGTGGCCCTA-1	3
asc.day0_CCATTCGGTTCCACGG-1	4
asc.day0_CCATTCGTCACAGGCC-1	2
asc.day0_CCATTCGTCATTATCC-1	1
asc.day0_CCATTCGTCCAAAGTC-1	7
asc.day0_CCCAATCAGTGACTCT-1	1
asc.day0_CCCAATCCAATGCCAT-1	5
asc.day0_CCCAATCCACGAGGTA-1	1
asc.day0_CCCAATCCATGCAACT-1	1
asc.day0_CCCAATCCATTTGCCC-1	4
asc.day0_CCCAATCGTCTGGTCG-1	1
asc.day0_CCCAATCGTTATGTGC-1	6
asc.day0_CCCAATCTCCCTAACC-1	1
asc.day0_CCCAATCTCGTTACGA-1	1
asc.day0_CCCAATCTCTGCGACG-1	1
asc.day0_CCCAATCTCTTGCAAG-1	3
asc.day0_CCCAGTTAGAAGATTC-1	5
asc.day0_CCCAGTTCAGCATACT-1	4
asc.day0_CCCAGTTTCCCTCTTT-1	1
asc.day0_CCCAGTTTCCGCGGTA-1	1
asc.day0_CCCAGTTTCCGTCATC-1	1
asc.day0_CCCAGTTTCGTGGGAA-1	1
asc.day0_CCCATACAGCGCTTAT-1	1
asc.day0_CCCATACAGTACGCGA-1	1
asc.day0_CCCATACAGTATTGGA-1	2
asc.day0_CCCATACAGTGGACGT-1	3
asc.day0_CCCATACCAAGTTAAG-1	5
asc.day0_CCCATACCAGCCTATA-1	1
asc.day0_CCCATACCATAGTAAG-1	2
asc.day0_CCCATACCATTCTTAC-1	7
asc.day0_CCCATACGTACCGAGA-1	1
asc.day0_CCCATACGTACCGGCT-1	1
asc.day0_CCCATACGTCCCGACA-1	1
asc.day0_CCCATACGTTAAGATG-1	1
asc.day0_CCCATACGTTCAGACT-1	1
asc.day0_CCCATACTCCCTTGTG-1	1
asc.day0_CCCATACTCTAACTGG-1	3
asc.day0_CCCATACTCTGCGTAA-1	3
asc.day0_CCCTCCTAGCTGATAA-1	1
asc.day0_CCCTCCTAGCTTCGCG-1	4
asc.day0_CCCTCCTAGTTGTAGA-1	1
asc.day0_CCCTCCTCACGGCCAT-1	3
asc.day0_CCCTCCTCAGCGTTCG-1	1
asc.day0_CCCTCCTCATCCGTGG-1	1
asc.day0_CCCTCCTCATTCTCAT-1	3
asc.day0_CCCTCCTGTATTCTCT-1	2
asc.day0_CCCTCCTGTCTCCCTA-1	3
asc.day0_CCCTCCTGTTATCACG-1	1
asc.day0_CCCTCCTGTTGTACAC-1	1
asc.day0_CCCTCCTTCCATGAGT-1	1
asc.day0_CCGGGATAGGCAGTCA-1	1
asc.day0_CCGGGATAGGTGCACA-1	5
asc.day0_CCGGGATAGTCTCCTC-1	1
asc.day0_CCGGGATCAGAAGCAC-1	1
asc.day0_CCGGGATCAGTAGAGC-1	3
asc.day0_CCGGGATCATCACGTA-1	1
asc.day0_CCGGGATCATGGAATA-1	2
asc.day0_CCGGGATGTAAGGATT-1	3
asc.day0_CCGGGATGTCTCTCGT-1	2
asc.day0_CCGGGATGTCTGATCA-1	1
asc.day0_CCGGGATGTCTGGTCG-1	3
asc.day0_CCGGGATGTTTCGCTC-1	3
asc.day0_CCGGTAGAGTAATCCC-1	3
asc.day0_CCGGTAGAGTGCGATG-1	5
asc.day0_CCGGTAGCAAGCTGGA-1	2
asc.day0_CCGGTAGCAATTCCTT-1	1
asc.day0_CCGGTAGCACGAAACG-1	3
asc.day0_CCGGTAGCAGGGAGAG-1	1
asc.day0_CCGGTAGCATATACGC-1	5
asc.day0_CCGGTAGCATCTCGCT-1	1
asc.day0_CCGGTAGGTAGTACCT-1	3
asc.day0_CCGGTAGGTCGCATAT-1	1
asc.day0_CCGGTAGGTGACGCCT-1	2
asc.day0_CCGGTAGGTGGTGTAG-1	3
asc.day0_CCGGTAGGTTCACGGC-1	1
asc.day0_CCGGTAGTCGCCTGAG-1	2
asc.day0_CCGGTAGTCGTCCGTT-1	1
asc.day0_CCGGTAGTCTGCCAGG-1	1
asc.day0_CCGTACTAGACAGAGA-1	1
asc.day0_CCGTACTAGAGTACCG-1	2
asc.day0_CCGTACTAGCTAGTCT-1	1
asc.day0_CCGTACTAGCTAGTTC-1	6
asc.day0_CCGTACTAGGCGATAC-1	1
asc.day0_CCGTACTAGTCTTGCA-1	2
asc.day0_CCGTACTCAGATGGCA-1	1
asc.day0_CCGTACTCAGCAGTTT-1	1
asc.day0_CCGTACTGTCGAAAGC-1	1
asc.day0_CCGTACTGTGAGGGAG-1	3
asc.day0_CCGTACTGTGTGGCTC-1	5
asc.day0_CCGTACTTCACCGTAA-1	1
asc.day0_CCGTACTTCAGGTTCA-1	3
asc.day0_CCGTACTTCATCACCC-1	2
asc.day0_CCGTACTTCCAGTATG-1	2
asc.day0_CCGTACTTCGACCAGC-1	1
asc.day0_CCGTGGAAGCAAATCA-1	4
asc.day0_CCGTGGAAGGTGTGGT-1	4
asc.day0_CCGTGGAAGTCCGTAT-1	3
asc.day0_CCGTGGAAGTGCCAGA-1	1
asc.day0_CCGTGGACAAATACAG-1	4
asc.day0_CCGTGGACACAGACTT-1	4
asc.day0_CCGTGGACAGATGGGT-1	1
asc.day0_CCGTGGACAGGAATCG-1	3
asc.day0_CCGTGGACAGTAGAGC-1	3
asc.day0_CCGTGGAGTTTGGGCC-1	5
asc.day0_CCGTGGATCAGGCGAA-1	3
asc.day0_CCGTGGATCATGGTCA-1	4
asc.day0_CCGTGGATCGCACTCT-1	1
asc.day0_CCGTGGATCTAGAGTC-1	1
asc.day0_CCGTGGATCTGAGTGT-1	1
asc.day0_CCGTGGATCTTGACGA-1	1
asc.day0_CCGTTCAAGAAGGCCT-1	3
asc.day0_CCGTTCAAGACTTTCG-1	3
asc.day0_CCGTTCAAGCATGGCA-1	1
asc.day0_CCGTTCAAGGTGGGTT-1	3
asc.day0_CCGTTCAAGTATCTCG-1	1
asc.day0_CCGTTCACAAGCTGAG-1	1
asc.day0_CCGTTCACACCGTTGG-1	3
asc.day0_CCGTTCACACTAAGTC-1	4
asc.day0_CCGTTCACAGATGAGC-1	3
asc.day0_CCGTTCACATGTAGTC-1	4
asc.day0_CCGTTCAGTCGCCATG-1	1
asc.day0_CCGTTCAGTCTGGAGA-1	3
asc.day0_CCGTTCAGTTAAGTAG-1	3
asc.day0_CCGTTCAGTTGGAGGT-1	3
asc.day0_CCGTTCAGTTTACTCT-1	4
asc.day0_CCGTTCATCAAACAAG-1	1
asc.day0_CCGTTCATCATGTAGC-1	5
asc.day0_CCGTTCATCCAAGTAC-1	1
asc.day0_CCGTTCATCCTCAATT-1	2
asc.day0_CCTAAAGAGGCTACGA-1	5
asc.day0_CCTAAAGAGGCTAGGT-1	2
asc.day0_CCTAAAGAGTAGCCGA-1	1
asc.day0_CCTAAAGAGTCCCACG-1	5
asc.day0_CCTAAAGAGTCTCAAC-1	5
asc.day0_CCTAAAGCAATAGCGG-1	1
asc.day0_CCTAAAGCACCACGTG-1	2
asc.day0_CCTAAAGCACGGTTTA-1	1
asc.day0_CCTAAAGCACTTAAGC-1	3
asc.day0_CCTAAAGCATCGGGTC-1	3
asc.day0_CCTAAAGGTAAGAGGA-1	1
asc.day0_CCTAAAGGTACCGTAT-1	1
asc.day0_CCTAAAGGTCCGAACC-1	1
asc.day0_CCTAAAGGTGATGATA-1	1
asc.day0_CCTAAAGGTTCCACAA-1	1
asc.day0_CCTAAAGTCAACACGT-1	5
asc.day0_CCTAAAGTCTCTTATG-1	2
asc.day0_CCTACACAGTCCAGGA-1	2
asc.day0_CCTACACAGTTATCGC-1	1
asc.day0_CCTACACCACTGAAGG-1	3
asc.day0_CCTACACCAGCTCCGA-1	3
asc.day0_CCTACACCATGCCACG-1	1
asc.day0_CCTACACGTACCGGCT-1	5
asc.day0_CCTACACGTAGGAGTC-1	1
asc.day0_CCTACACGTCAGATAA-1	1
asc.day0_CCTACACGTCATATGC-1	5
asc.day0_CCTACACGTCTCTCGT-1	1
asc.day0_CCTACACGTGCAGGTA-1	3
asc.day0_CCTACACTCAAACGGG-1	4
asc.day0_CCTACACTCAGCAACT-1	2
asc.day0_CCTACACTCAGGTAAA-1	3
asc.day0_CCTACACTCAGGTTCA-1	1
asc.day0_CCTACACTCCCATTTA-1	2
asc.day0_CCTACACTCGCAAGCC-1	1
asc.day0_CCTACACTCTGATACG-1	1
asc.day0_CCTACACTCTTGCAAG-1	1
asc.day0_CCTACCAAGATAGGAG-1	1
asc.day0_CCTACCAAGCCTATGT-1	3
asc.day0_CCTACCACAACTGCGC-1	1
asc.day0_CCTACCACACCGAATT-1	1
asc.day0_CCTACCACACCTCGGA-1	1
asc.day0_CCTACCACAGTATCTG-1	1
asc.day0_CCTACCACATGGTCTA-1	1
asc.day0_CCTACCAGTACCCAAT-1	2
asc.day0_CCTACCAGTCTGCCAG-1	1
asc.day0_CCTACCAGTGACAAAT-1	4
asc.day0_CCTACCAGTGACGCCT-1	4
asc.day0_CCTACCAGTGTGACCC-1	1
asc.day0_CCTACCAGTTATGTGC-1	4
asc.day0_CCTACCATCCGAACGC-1	1
asc.day0_CCTACCATCGACAGCC-1	1
asc.day0_CCTACCATCGCAGGCT-1	1
asc.day0_CCTAGCTAGGTTACCT-1	1
asc.day0_CCTAGCTCAAGCCGCT-1	4
asc.day0_CCTAGCTGTCGCATCG-1	1
asc.day0_CCTAGCTGTCTAGGTT-1	7
asc.day0_CCTAGCTTCGCGCCAA-1	5
asc.day0_CCTAGCTTCTTGCCGT-1	1
asc.day0_CCTATTAAGAGACGAA-1	5
asc.day0_CCTATTAAGCATGGCA-1	3
asc.day0_CCTATTAAGCGCCTTG-1	2
asc.day0_CCTATTAAGTACTTGC-1	2
asc.day0_CCTATTACACTGTGTA-1	5
asc.day0_CCTATTACAGCTGCTG-1	1
asc.day0_CCTATTAGTACAGCAG-1	5
asc.day0_CCTATTAGTCTAGTCA-1	1
asc.day0_CCTATTAGTCTTTCAT-1	1
asc.day0_CCTATTAGTGAAGGCT-1	4
asc.day0_CCTATTAGTGCAACTT-1	1
asc.day0_CCTATTAGTTAAGGGC-1	5
asc.day0_CCTATTAGTTAAGTAG-1	2
asc.day0_CCTATTATCACCTTAT-1	1
asc.day0_CCTATTATCCAAGCCG-1	3
asc.day0_CCTATTATCCCTCTTT-1	3
asc.day0_CCTATTATCTAAGCCA-1	1
asc.day0_CCTCAGTAGCTCCCAG-1	1
asc.day0_CCTCAGTAGTAGGCCA-1	1
asc.day0_CCTCAGTAGTGGGATC-1	3
asc.day0_CCTCAGTCAAACCCAT-1	5
asc.day0_CCTCAGTCAGGACGTA-1	4
asc.day0_CCTCAGTCAGGTTTCA-1	1
asc.day0_CCTCAGTCATGCCTTC-1	1
asc.day0_CCTCAGTCATTCTTAC-1	3
asc.day0_CCTCAGTGTACAAGTA-1	1
asc.day0_CCTCAGTGTGCTCTTC-1	1
asc.day0_CCTCAGTGTGTGACCC-1	1
asc.day0_CCTCAGTGTTACGCGC-1	3
asc.day0_CCTCAGTGTTCCGTCT-1	1
asc.day0_CCTCAGTTCACTTCAT-1	3
asc.day0_CCTCAGTTCCGTTGCT-1	1
asc.day0_CCTCAGTTCTCCAGGG-1	1
asc.day0_CCTCAGTTCTTGTTTG-1	3
asc.day0_CCTCTGAAGAAGGCCT-1	1
asc.day0_CCTCTGAAGAAGGTTT-1	3
asc.day0_CCTCTGAAGACCTAGG-1	3
asc.day0_CCTCTGAAGATGCCAG-1	1
asc.day0_CCTCTGAAGCAGACTG-1	1
asc.day0_CCTCTGAAGCGTTCCG-1	1
asc.day0_CCTCTGAAGGAGTTTA-1	3
asc.day0_CCTCTGAAGGCATGTG-1	2
asc.day0_CCTCTGAAGTGTCTCA-1	1
asc.day0_CCTCTGACAAATACAG-1	1
asc.day0_CCTCTGACACGAAATA-1	1
asc.day0_CCTCTGACATGCTGGC-1	1
asc.day0_CCTCTGACATTACGAC-1	1
asc.day0_CCTCTGACATTCCTCG-1	2
asc.day0_CCTCTGAGTAATCACC-1	1
asc.day0_CCTCTGAGTCACTGGC-1	3
asc.day0_CCTCTGAGTCGAACAG-1	1
asc.day0_CCTCTGAGTCTAAACC-1	4
asc.day0_CCTCTGAGTGATGTCT-1	1
asc.day0_CCTCTGAGTGTCGCTG-1	1
asc.day0_CCTCTGAGTTGGTAAA-1	5
asc.day0_CCTCTGATCAACGAAA-1	3
asc.day0_CCTTACGAGAGAGCTC-1	2
asc.day0_CCTTACGAGCCTCGTG-1	1
asc.day0_CCTTACGAGGCTCAGA-1	2
asc.day0_CCTTACGAGTTTCCTT-1	1
asc.day0_CCTTACGCAAGAAAGG-1	1
asc.day0_CCTTACGCACCAGCAC-1	1
asc.day0_CCTTACGCACTATCTT-1	1
asc.day0_CCTTACGCAGCTTAAC-1	5
asc.day0_CCTTACGCAGGTCTCG-1	1
asc.day0_CCTTACGCAGTAAGCG-1	1
asc.day0_CCTTACGGTACAGTTC-1	1
asc.day0_CCTTACGGTCGACTAT-1	6
asc.day0_CCTTACGTCATCGCTC-1	5
asc.day0_CCTTACGTCGGCGCAT-1	1
asc.day0_CCTTCCCAGTATCTCG-1	2
asc.day0_CCTTCCCCAAGGGTCA-1	1
asc.day0_CCTTCCCCACGACTCG-1	4
asc.day0_CCTTCCCCAGCGTAAG-1	5
asc.day0_CCTTCCCCATCGGACC-1	3
asc.day0_CCTTCCCCATGCAATC-1	3
asc.day0_CCTTCCCCATTTCAGG-1	1
asc.day0_CCTTCCCGTGAACCTT-1	2
asc.day0_CCTTCCCGTTGAGGTG-1	1
asc.day0_CCTTCCCTCACTTCAT-1	1
asc.day0_CCTTCCCTCCGTACAA-1	1
asc.day0_CCTTCCCTCTGAGGGA-1	1
asc.day0_CCTTCGAAGACAATAC-1	1
asc.day0_CCTTCGAAGCCACGTC-1	1
asc.day0_CCTTCGAAGCTAGTGG-1	2
asc.day0_CCTTCGAAGGCGTACA-1	3
asc.day0_CCTTCGACATCAGTAC-1	2
asc.day0_CCTTCGAGTAAACCTC-1	5
asc.day0_CCTTCGAGTCCAACTA-1	1
asc.day0_CCTTCGAGTCGAGATG-1	1
asc.day0_CCTTCGAGTGATGCCC-1	1
asc.day0_CCTTCGATCTAACTCT-1	1
asc.day0_CCTTTCTAGCCTATGT-1	3
asc.day0_CCTTTCTAGTTACGGG-1	1
asc.day0_CCTTTCTCAAACCCAT-1	1
asc.day0_CCTTTCTCAAGAGTCG-1	1
asc.day0_CCTTTCTCATATGAGA-1	4
asc.day0_CCTTTCTCATCTCCCA-1	1
asc.day0_CCTTTCTGTACCCAAT-1	1
asc.day0_CCTTTCTGTCATATCG-1	1
asc.day0_CCTTTCTGTCCGAATT-1	5
asc.day0_CCTTTCTGTTCCATGA-1	2
asc.day0_CCTTTCTTCAATCACG-1	3
asc.day0_CCTTTCTTCATTGCGA-1	5
asc.day0_CCTTTCTTCCACGCAG-1	2
asc.day0_CCTTTCTTCTACGAGT-1	1
asc.day0_CCTTTCTTCTCCAGGG-1	3
asc.day0_CCTTTCTTCTCGTATT-1	1
asc.day0_CGAACATAGCCAGAAC-1	5
asc.day0_CGAACATAGCTGAAAT-1	2
asc.day0_CGAACATAGGCCCGTT-1	1
asc.day0_CGAACATAGGCTCATT-1	3
asc.day0_CGAACATAGTGACATA-1	5
asc.day0_CGAACATCATAAAGGT-1	5
asc.day0_CGAACATCATTACCTT-1	5
asc.day0_CGAACATCATTCGACA-1	4
asc.day0_CGAACATCATTGTGCA-1	5
asc.day0_CGAACATGTAAACGCG-1	5
asc.day0_CGAACATGTATATGGA-1	2
asc.day0_CGAACATGTCATGCCG-1	1
asc.day0_CGAACATGTCTGGAGA-1	5
asc.day0_CGAACATGTTGATTGC-1	1
asc.day0_CGAACATTCAACACTG-1	2
asc.day0_CGAACATTCCGCTGTT-1	2
asc.day0_CGAATGTCACATGGGA-1	4
asc.day0_CGAATGTCACGGATAG-1	3
asc.day0_CGAATGTCAGAGCCAA-1	1
asc.day0_CGAATGTCAGCGTCCA-1	5
asc.day0_CGAATGTGTTCCCGAG-1	1
asc.day0_CGAATGTTCAATACCG-1	1
asc.day0_CGAATGTTCCCTTGTG-1	1
asc.day0_CGAATGTTCCTAGTGA-1	2
asc.day0_CGAATGTTCTGGTATG-1	2
asc.day0_CGACCTTAGACACGAC-1	1
asc.day0_CGACCTTAGGGTCGAT-1	5
asc.day0_CGACCTTAGTCCTCCT-1	1
asc.day0_CGACCTTCAAAGTCAA-1	4
asc.day0_CGACCTTCAAGACGTG-1	3
asc.day0_CGACCTTCAGACGTAG-1	1
asc.day0_CGACCTTCAGATGAGC-1	2
asc.day0_CGACCTTCAGGGATTG-1	1
asc.day0_CGACCTTCATTGTGCA-1	2
asc.day0_CGACCTTGTAGCTTGT-1	3
asc.day0_CGACCTTGTAGGAGTC-1	1
asc.day0_CGACCTTGTCAACATC-1	2
asc.day0_CGACCTTGTGAAAGAG-1	4
asc.day0_CGACCTTGTGTCAATC-1	1
asc.day0_CGACCTTTCCAGAGGA-1	3
asc.day0_CGACCTTTCCTCCTAG-1	2
asc.day0_CGACCTTTCGGATGGA-1	1
asc.day0_CGACCTTTCGTTTAGG-1	1
asc.day0_CGACCTTTCTGGGCCA-1	3
asc.day0_CGACTTCAGAGGACGG-1	2
asc.day0_CGACTTCAGCGAGAAA-1	1
asc.day0_CGACTTCAGTGGGCTA-1	1
asc.day0_CGACTTCAGTGTTTGC-1	4
asc.day0_CGACTTCCAAGCCCAC-1	1
asc.day0_CGACTTCCATTAGCCA-1	1
asc.day0_CGACTTCGTATAGGGC-1	1
asc.day0_CGACTTCGTCATATCG-1	4
asc.day0_CGACTTCGTTCGTCTC-1	3
asc.day0_CGACTTCTCATCGATG-1	1
asc.day0_CGACTTCTCATCTGTT-1	1
asc.day0_CGACTTCTCGTCGTTC-1	5
asc.day0_CGAGAAGAGATATACG-1	3
asc.day0_CGAGAAGAGGAGCGTT-1	2
asc.day0_CGAGAAGCAACTGCTA-1	1
asc.day0_CGAGAAGCAGTATCTG-1	1
asc.day0_CGAGAAGCATGTAAGA-1	1
asc.day0_CGAGAAGGTGCAACTT-1	1
asc.day0_CGAGAAGGTGGTGTAG-1	1
asc.day0_CGAGAAGGTTAAGAAC-1	1
asc.day0_CGAGAAGTCACCGGGT-1	3
asc.day0_CGAGAAGTCACGATGT-1	1
asc.day0_CGAGAAGTCAGTTAGC-1	4
asc.day0_CGAGAAGTCATAGCAC-1	3
asc.day0_CGAGAAGTCATCGATG-1	1
asc.day0_CGAGAAGTCCACTGGG-1	1
asc.day0_CGAGAAGTCGTGGACC-1	1
asc.day0_CGAGAAGTCTCAACTT-1	3
asc.day0_CGAGCACAGAACAACT-1	1
asc.day0_CGAGCACCACTTCGAA-1	1
asc.day0_CGAGCACCATAGGATA-1	4
asc.day0_CGAGCACCATCCCATC-1	1
asc.day0_CGAGCACCATCCGCGA-1	1
asc.day0_CGAGCACGTAAATGAC-1	1
asc.day0_CGAGCACGTAGCACGA-1	2
asc.day0_CGAGCACGTCAAAGAT-1	2
asc.day0_CGAGCACGTCGAATCT-1	1
asc.day0_CGAGCACGTCGCTTTC-1	2
asc.day0_CGAGCACGTGGAAAGA-1	6
asc.day0_CGAGCACGTTGAGTTC-1	3
asc.day0_CGAGCACTCCACGCAG-1	1
asc.day0_CGAGCACTCGTGACAT-1	2
asc.day0_CGAGCCAAGATGGGTC-1	1
asc.day0_CGAGCCAAGCGGCTTC-1	1
asc.day0_CGAGCCAAGTTGAGAT-1	3
asc.day0_CGAGCCAAGTTGTAGA-1	1
asc.day0_CGAGCCACAAACGTGG-1	2
asc.day0_CGAGCCACACAACTGT-1	1
asc.day0_CGAGCCACACGGATAG-1	3
asc.day0_CGAGCCACAGGTCCAC-1	1
asc.day0_CGAGCCACATGGGACA-1	2
asc.day0_CGAGCCAGTCAAAGAT-1	1
asc.day0_CGAGCCAGTCTGATTG-1	1
asc.day0_CGAGCCAGTGACGCCT-1	2
asc.day0_CGAGCCAGTGGCCCTA-1	3
asc.day0_CGAGCCAGTGTAACGG-1	4
asc.day0_CGAGCCAGTTGAGTTC-1	5
asc.day0_CGAGCCATCAAACGGG-1	3
asc.day0_CGAGCCATCACAAACC-1	3
asc.day0_CGAGCCATCACTGGGC-1	1
asc.day0_CGAGCCATCCCTCAGT-1	2
asc.day0_CGAGCCATCCGCAAGC-1	3
asc.day0_CGAGCCATCCTATTCA-1	4
asc.day0_CGAGCCATCCTTGACC-1	3
asc.day0_CGAGCCATCGGAAACG-1	1
asc.day0_CGATCGGAGATCTGCT-1	3
asc.day0_CGATCGGAGCTAGTGG-1	1
asc.day0_CGATCGGAGTAAGTAC-1	3
asc.day0_CGATCGGCAGCTATTG-1	1
asc.day0_CGATCGGCATACTCTT-1	7
asc.day0_CGATCGGCATGTTGAC-1	1
asc.day0_CGATCGGGTACAAGTA-1	1
asc.day0_CGATCGGGTCTTCGTC-1	3
asc.day0_CGATCGGGTTACGTCA-1	5
asc.day0_CGATCGGGTTTGTTGG-1	1
asc.day0_CGATCGGGTTTGTTTC-1	1
asc.day0_CGATCGGTCAACTCTT-1	1
asc.day0_CGATCGGTCAGTTGAC-1	1
asc.day0_CGATCGGTCCGTCAAA-1	1
asc.day0_CGATCGGTCCTCAATT-1	5
asc.day0_CGATGGCAGACAGGCT-1	5
asc.day0_CGATGGCAGATGTGTA-1	1
asc.day0_CGATGGCAGCGTAGTG-1	1
asc.day0_CGATGGCAGTTATCGC-1	2
asc.day0_CGATGGCCAATCGAAA-1	5
asc.day0_CGATGGCCACAACGTT-1	5
asc.day0_CGATGGCCAGAAGCAC-1	3
asc.day0_CGATGGCCAGACGTAG-1	1
asc.day0_CGATGGCCAGTCGATT-1	1
asc.day0_CGATGGCCATTACCTT-1	5
asc.day0_CGATGGCCATTGAGCT-1	1
asc.day0_CGATGGCGTAAGGGAA-1	1
asc.day0_CGATGGCGTCAAAGAT-1	3
asc.day0_CGATGGCGTTGTCGCG-1	1
asc.day0_CGATGGCTCACAACGT-1	1
asc.day0_CGATGGCTCCTAGTGA-1	3
asc.day0_CGATGGCTCGCCGTGA-1	5
asc.day0_CGATGGCTCTGCGGCA-1	1
asc.day0_CGATGTACAATACGCT-1	4
asc.day0_CGATGTACAGTCGTGC-1	2
asc.day0_CGATGTACAGTGGGAT-1	1
asc.day0_CGATGTACATGAGCGA-1	1
asc.day0_CGATGTAGTATGAAAC-1	3
asc.day0_CGATGTAGTATGCTTG-1	1
asc.day0_CGATGTAGTATTAGCC-1	5
asc.day0_CGATGTATCAACACTG-1	5
asc.day0_CGATGTATCAGTACGT-1	1
asc.day0_CGATTGAAGAGCCCAA-1	1
asc.day0_CGATTGAAGCAGCGTA-1	6
asc.day0_CGATTGAAGGGAACGG-1	3
asc.day0_CGATTGAAGTAGCGGT-1	1
asc.day0_CGATTGAAGTGCGATG-1	4
asc.day0_CGATTGAAGTTCGCAT-1	3
asc.day0_CGATTGACAAGCTGGA-1	1
asc.day0_CGATTGACAAGTACCT-1	1
asc.day0_CGATTGACACAGCGTC-1	3
asc.day0_CGATTGACAGCGTCCA-1	4
asc.day0_CGATTGACAGCGTTCG-1	4
asc.day0_CGATTGACAGGGTACA-1	3
asc.day0_CGATTGACATACCATG-1	2
asc.day0_CGATTGACATTTCACT-1	5
asc.day0_CGATTGAGTCCATGAT-1	3
asc.day0_CGATTGAGTGATGTGG-1	1
asc.day0_CGATTGAGTTACAGAA-1	4
asc.day0_CGATTGATCAGCTTAG-1	1
asc.day0_CGATTGATCCGTTGCT-1	1
asc.day0_CGATTGATCGTACGGC-1	3
asc.day0_CGATTGATCTTCGAGA-1	1
asc.day0_CGCCAAGAGACAGACC-1	3
asc.day0_CGCCAAGAGCTGTCTA-1	2
asc.day0_CGCCAAGAGTACGATA-1	4
asc.day0_CGCCAAGAGTGAAGTT-1	1
asc.day0_CGCCAAGCAAGTCATC-1	3
asc.day0_CGCCAAGCATCCTAGA-1	2
asc.day0_CGCCAAGCATTGGGCC-1	1
asc.day0_CGCCAAGGTATATGGA-1	1
asc.day0_CGCCAAGGTCTTCAAG-1	4
asc.day0_CGCCAAGGTGATGTGG-1	1
asc.day0_CGCCAAGTCCTATGTT-1	1
asc.day0_CGCCAAGTCCTCGCAT-1	6
asc.day0_CGCCAAGTCCTGCCAT-1	3
asc.day0_CGCCAAGTCGAATGGG-1	5
asc.day0_CGCCAAGTCTTGTCAT-1	1
asc.day0_CGCGGTAAGATGAGAG-1	1
asc.day0_CGCGGTACAAGGACTG-1	2
asc.day0_CGCGGTACACATTAGC-1	5
asc.day0_CGCGGTACACCTATCC-1	5
asc.day0_CGCGGTACAGCAGTTT-1	4
asc.day0_CGCGGTACAGCCTTTC-1	5
asc.day0_CGCGGTACATCCAACA-1	3
asc.day0_CGCGGTACATCGGTTA-1	4
asc.day0_CGCGGTACATGAAGTA-1	5
asc.day0_CGCGGTAGTAGAAAGG-1	3
asc.day0_CGCGGTAGTCACACGC-1	4
asc.day0_CGCGGTAGTCCAGTGC-1	5
asc.day0_CGCGGTAGTGTCTGAT-1	3
asc.day0_CGCGGTAGTTAGAACA-1	1
asc.day0_CGCGGTATCAAAGTAG-1	4
asc.day0_CGCGGTATCAATAAGG-1	2
asc.day0_CGCGGTATCAGTTCGA-1	1
asc.day0_CGCGGTATCATGCATG-1	1
asc.day0_CGCGGTATCCGGCACA-1	1
asc.day0_CGCGGTATCCTTTCGG-1	5
asc.day0_CGCGGTATCGGACAAG-1	1
asc.day0_CGCGGTATCGTGACAT-1	1
asc.day0_CGCGTTTAGACTTGAA-1	1
asc.day0_CGCGTTTAGGGCTCTC-1	1
asc.day0_CGCGTTTAGGGTCGAT-1	1
asc.day0_CGCGTTTCAAAGGTGC-1	1
asc.day0_CGCGTTTCAAGCCGTC-1	1
asc.day0_CGCGTTTCAAGCTGAG-1	4
asc.day0_CGCGTTTCAATTCCTT-1	3
asc.day0_CGCGTTTCACATGACT-1	1
asc.day0_CGCGTTTCACGAGGTA-1	1
asc.day0_CGCGTTTCACGCATCG-1	1
asc.day0_CGCGTTTCACTTACGA-1	1
asc.day0_CGCGTTTCAGCGATCC-1	1
asc.day0_CGCGTTTCATATACCG-1	2
asc.day0_CGCGTTTCATGGGAAC-1	2
asc.day0_CGCGTTTCATGTCTCC-1	1
asc.day0_CGCGTTTGTCGCATCG-1	4
asc.day0_CGCGTTTGTGATGCCC-1	5
asc.day0_CGCGTTTTCAGGTAAA-1	2
asc.day0_CGCGTTTTCTGGCGAC-1	1
asc.day0_CGCTATCAGGGTCGAT-1	1
asc.day0_CGCTATCAGTGGAGTC-1	1
asc.day0_CGCTATCCAAGCCGCT-1	4
asc.day0_CGCTATCCACAGGTTT-1	2
asc.day0_CGCTATCCACATTCGA-1	2
asc.day0_CGCTATCCACCTTGTC-1	1
asc.day0_CGCTATCGTAGAGTGC-1	5
asc.day0_CGCTATCGTAGCACGA-1	3
asc.day0_CGCTATCGTAGGCATG-1	4
asc.day0_CGCTATCGTCATTAGC-1	1
asc.day0_CGCTATCGTCCGTTAA-1	5
asc.day0_CGCTATCGTGTGGCTC-1	5
asc.day0_CGCTATCTCACCCGAG-1	2
asc.day0_CGCTATCTCCCAAGTA-1	1
asc.day0_CGCTATCTCCTTCAAT-1	1
asc.day0_CGCTATCTCGGAAACG-1	4
asc.day0_CGCTGGAAGAAACCGC-1	2
asc.day0_CGCTGGAAGCCAGAAC-1	1
asc.day0_CGCTGGAAGCTACCGC-1	5
asc.day0_CGCTGGAAGCTATGCT-1	1
asc.day0_CGCTGGAAGGGTCTCC-1	1
asc.day0_CGCTGGAAGTACTTGC-1	2
asc.day0_CGCTGGACATGCGCAC-1	4
asc.day0_CGCTGGAGTGCTGTAT-1	2
asc.day0_CGCTGGAGTGGCGAAT-1	1
asc.day0_CGCTGGAGTGTTTGTG-1	1
asc.day0_CGCTGGAGTTTGACAC-1	1
asc.day0_CGCTGGAGTTTGCATG-1	4
asc.day0_CGCTGGATCGTCCGTT-1	3
asc.day0_CGCTGGATCTGGTTCC-1	4
asc.day0_CGCTTCAAGAGAACAG-1	4
asc.day0_CGCTTCACACCATCCT-1	1
asc.day0_CGCTTCACAGACGTAG-1	1
asc.day0_CGCTTCACAGCCTATA-1	1
asc.day0_CGCTTCACAGTATGCT-1	3
asc.day0_CGCTTCACATAACCTG-1	1
asc.day0_CGCTTCACATCGGAAG-1	1
asc.day0_CGCTTCAGTGTAATGA-1	4
asc.day0_CGCTTCAGTTACCAGT-1	1
asc.day0_CGCTTCATCACAAACC-1	1
asc.day0_CGCTTCATCCTACAGA-1	1
asc.day0_CGGACACAGACTAAGT-1	1
asc.day0_CGGACACAGACTTTCG-1	1
asc.day0_CGGACACAGATGTGGC-1	1
asc.day0_CGGACACAGGGCTCTC-1	2
asc.day0_CGGACACCATGCAATC-1	2
asc.day0_CGGACACGTACTTGAC-1	3
asc.day0_CGGACACGTAGAGCTG-1	1
asc.day0_CGGACACGTCAGTGGA-1	1
asc.day0_CGGACACGTCTACCTC-1	4
asc.day0_CGGACACTCAGTCAGT-1	1
asc.day0_CGGACACTCCGCTGTT-1	2
asc.day0_CGGACACTCCGTCATC-1	1
asc.day0_CGGACACTCTCTTATG-1	3
asc.day0_CGGACGTAGATCGATA-1	2
asc.day0_CGGACGTAGCCACGTC-1	4
asc.day0_CGGACGTAGCCGATTT-1	1
asc.day0_CGGACGTAGCGATAGC-1	1
asc.day0_CGGACGTAGCGTGTCC-1	3
asc.day0_CGGACGTAGTTGAGTA-1	1
asc.day0_CGGACGTCAAAGCGGT-1	3
asc.day0_CGGACGTCAACACGCC-1	5
asc.day0_CGGACGTCAACGATCT-1	1
asc.day0_CGGACGTCAAGCTGAG-1	1
asc.day0_CGGACGTCAATGGAAT-1	1
asc.day0_CGGACGTCACCGGAAA-1	1
asc.day0_CGGACGTCAGCGTAAG-1	1
asc.day0_CGGACGTGTACATGTC-1	1
asc.day0_CGGACGTGTCCCGACA-1	2
asc.day0_CGGACGTGTCCCTTGT-1	3
asc.day0_CGGACGTGTCGCTTCT-1	1
asc.day0_CGGACGTTCCCTCTTT-1	1
asc.day0_CGGACTGAGAAGGGTA-1	3
asc.day0_CGGACTGAGGTGCAAC-1	2
asc.day0_CGGACTGAGTTGTCGT-1	1
asc.day0_CGGACTGCAATAGCAA-1	3
asc.day0_CGGACTGCACGACGAA-1	4
asc.day0_CGGACTGCATCACAAC-1	1
asc.day0_CGGACTGGTAGCAAAT-1	1
asc.day0_CGGACTGGTAGTAGTA-1	1
asc.day0_CGGACTGGTCCAGTAT-1	2
asc.day0_CGGACTGGTCTAGCGC-1	1
asc.day0_CGGACTGGTGACTACT-1	4
asc.day0_CGGACTGGTTACCAGT-1	1
asc.day0_CGGACTGTCAACACTG-1	2
asc.day0_CGGACTGTCAATCTCT-1	1
asc.day0_CGGACTGTCAGTACGT-1	4
asc.day0_CGGACTGTCGAACGGA-1	3
asc.day0_CGGAGCTCAGTTCATG-1	3
asc.day0_CGGAGCTCATTCCTGC-1	1
asc.day0_CGGAGCTGTCATACTG-1	3
asc.day0_CGGAGCTGTCCCTTGT-1	5
asc.day0_CGGAGCTGTCTTGTCC-1	7
asc.day0_CGGAGCTGTGCAGACA-1	5
asc.day0_CGGAGCTTCAAAGTAG-1	1
asc.day0_CGGAGCTTCCAACCAA-1	1
asc.day0_CGGAGCTTCCAGTAGT-1	5
asc.day0_CGGAGCTTCCGTAGGC-1	1
asc.day0_CGGAGCTTCGCAGGCT-1	3
asc.day0_CGGAGCTTCTGGCGTG-1	1
asc.day0_CGGAGTCCACAGGAGT-1	1
asc.day0_CGGAGTCCACCCAGTG-1	1
asc.day0_CGGAGTCCACTAGTAC-1	3
asc.day0_CGGAGTCCATTATCTC-1	1
asc.day0_CGGAGTCGTACATGTC-1	3
asc.day0_CGGAGTCTCACGACTA-1	1
asc.day0_CGGAGTCTCGCAAGCC-1	1
asc.day0_CGGCTAGAGACATAAC-1	2
asc.day0_CGGCTAGAGAGAGCTC-1	1
asc.day0_CGGCTAGAGAGCTATA-1	5
asc.day0_CGGCTAGAGCGTGAAC-1	2
asc.day0_CGGCTAGAGGCTCTTA-1	4
asc.day0_CGGCTAGAGTTGTCGT-1	1
asc.day0_CGGCTAGCAAGACGTG-1	1
asc.day0_CGGCTAGCAGACGCTC-1	1
asc.day0_CGGCTAGGTACATCCA-1	3
asc.day0_CGGCTAGGTCACCCAG-1	1
asc.day0_CGGCTAGGTGAGCGAT-1	1
asc.day0_CGGCTAGTCAGCGACC-1	1
asc.day0_CGGCTAGTCTCTAGGA-1	1
asc.day0_CGGCTAGTCTGCCAGG-1	5
asc.day0_CGGCTAGTCTGTCTCG-1	1
asc.day0_CGGGTCAAGCACCGCT-1	6
asc.day0_CGGGTCAAGCCTATGT-1	3
asc.day0_CGGGTCAAGTATCGAA-1	5
asc.day0_CGGGTCAAGTTAGGTA-1	2
asc.day0_CGGGTCACACAAGTAA-1	3
asc.day0_CGGGTCACACGAAATA-1	1
asc.day0_CGGGTCACACGTCTCT-1	1
asc.day0_CGGGTCACAGAGCCAA-1	3
asc.day0_CGGGTCACAGCTGTTA-1	4
asc.day0_CGGGTCACATGTCGAT-1	1
asc.day0_CGGGTCAGTATAATGG-1	1
asc.day0_CGGGTCAGTATTACCG-1	1
asc.day0_CGGGTCAGTCCTCCAT-1	1
asc.day0_CGGGTCAGTCTGGAGA-1	3
asc.day0_CGGGTCATCTACCAGA-1	1
asc.day0_CGGGTCATCTGCGACG-1	1
asc.day0_CGGTTAAAGTCATGCT-1	1
asc.day0_CGGTTAACAATGTTGC-1	2
asc.day0_CGGTTAACACGTTGGC-1	1
asc.day0_CGGTTAACAGATAATG-1	5
asc.day0_CGGTTAACAGCCTGTG-1	1
asc.day0_CGGTTAACATCCGCGA-1	5
asc.day0_CGGTTAAGTAGCCTAT-1	1
asc.day0_CGGTTAAGTTTAGCTG-1	3
asc.day0_CGGTTAATCACTCTTA-1	1
asc.day0_CGTAGCGAGACAGACC-1	3
asc.day0_CGTAGCGAGACTGTAA-1	5
asc.day0_CGTAGCGAGGACAGCT-1	1
asc.day0_CGTAGCGAGTCATCCA-1	1
asc.day0_CGTAGCGAGTCCCACG-1	1
asc.day0_CGTAGCGCAAGGGTCA-1	1
asc.day0_CGTAGCGCACCCATTC-1	2
asc.day0_CGTAGCGCATTGCGGC-1	1
asc.day0_CGTAGCGGTCCGACGT-1	4
asc.day0_CGTAGCGGTGATGTGG-1	4
asc.day0_CGTAGCGGTGCAGACA-1	2
asc.day0_CGTAGCGGTGTCGCTG-1	2
asc.day0_CGTAGCGGTTGTGGCC-1	1
asc.day0_CGTAGCGTCAAGGCTT-1	1
asc.day0_CGTAGCGTCCGCGGTA-1	2
asc.day0_CGTAGCGTCTCACATT-1	2
asc.day0_CGTAGGCAGCGATGAC-1	1
asc.day0_CGTAGGCAGTGCGATG-1	4
asc.day0_CGTAGGCAGTTAACGA-1	1
asc.day0_CGTAGGCCAAGGCTCC-1	3
asc.day0_CGTAGGCCAAGTCTAC-1	1
asc.day0_CGTAGGCCAATCTGCA-1	3
asc.day0_CGTAGGCCACGAAACG-1	3
asc.day0_CGTAGGCCAGTAACGG-1	1
asc.day0_CGTAGGCCATACTACG-1	2
asc.day0_CGTAGGCGTAACGACG-1	1
asc.day0_CGTAGGCGTCAACATC-1	2
asc.day0_CGTAGGCGTCACAAGG-1	1
asc.day0_CGTAGGCGTGACAAAT-1	1
asc.day0_CGTAGGCGTTACAGAA-1	1
asc.day0_CGTAGGCGTTCTGTTT-1	1
asc.day0_CGTAGGCTCCTAGTGA-1	1
asc.day0_CGTAGGCTCGGTGTCG-1	2
asc.day0_CGTAGGCTCGTTTATC-1	3
asc.day0_CGTCACTAGGTGACCA-1	2
asc.day0_CGTCACTAGTAGGCCA-1	1
asc.day0_CGTCACTCAAGTTCTG-1	5
asc.day0_CGTCACTCATTTCAGG-1	1
asc.day0_CGTCACTGTCTCCATC-1	2
asc.day0_CGTCACTGTCTTCGTC-1	4
asc.day0_CGTCACTGTTATCCGA-1	1
asc.day0_CGTCACTTCAAGATCC-1	3
asc.day0_CGTCACTTCCCGACTT-1	1
asc.day0_CGTCAGGAGAGTCTGG-1	1
asc.day0_CGTCAGGAGTTTAGGA-1	1
asc.day0_CGTCAGGCACATAACC-1	1
asc.day0_CGTCAGGGTATATCCG-1	1
asc.day0_CGTCAGGGTTCTCATT-1	2
asc.day0_CGTCAGGTCAATCTCT-1	1
asc.day0_CGTCAGGTCACTTACT-1	1
asc.day0_CGTCAGGTCCCTCAGT-1	2
asc.day0_CGTCAGGTCTAAGCCA-1	1
asc.day0_CGTCAGGTCTACTATC-1	2
asc.day0_CGTCCATAGCTACCGC-1	3
asc.day0_CGTCCATAGGATATAC-1	3
asc.day0_CGTCCATAGGATTCGG-1	1
asc.day0_CGTCCATAGTGTCTCA-1	1
asc.day0_CGTCCATCAAGACGTG-1	4
asc.day0_CGTCCATCAAGAGTCG-1	1
asc.day0_CGTCCATCACAGCGTC-1	1
asc.day0_CGTCCATCACCATCCT-1	1
asc.day0_CGTCCATGTAAAGGAG-1	3
asc.day0_CGTCCATGTTCGGGCT-1	1
asc.day0_CGTCCATTCAGTTCGA-1	3
asc.day0_CGTCTACAGCATCATC-1	1
asc.day0_CGTCTACAGGAACTGC-1	1
asc.day0_CGTCTACAGGTGACCA-1	5
asc.day0_CGTCTACAGTGGACGT-1	1
asc.day0_CGTCTACCACAACGCC-1	3
asc.day0_CGTCTACCACCTGGTG-1	1
asc.day0_CGTCTACCACGACGAA-1	1
asc.day0_CGTCTACCACTGTCGG-1	1
asc.day0_CGTCTACCACTTAACG-1	1
asc.day0_CGTCTACCAGCCACCA-1	1
asc.day0_CGTCTACCAGCGTCCA-1	5
asc.day0_CGTCTACCATAGAAAC-1	6
asc.day0_CGTCTACGTTCCACGG-1	1
asc.day0_CGTCTACTCAAACAAG-1	1
asc.day0_CGTCTACTCAAACCGT-1	2
asc.day0_CGTCTACTCAACACCA-1	3
asc.day0_CGTCTACTCAAGGTAA-1	3
asc.day0_CGTCTACTCAGTGTTG-1	4
asc.day0_CGTCTACTCCGAATGT-1	1
asc.day0_CGTCTACTCCTCGCAT-1	1
asc.day0_CGTCTACTCTTGCAAG-1	3
asc.day0_CGTGAGCAGCCGTCGT-1	4
asc.day0_CGTGAGCCAAAGGTGC-1	5
asc.day0_CGTGAGCCACACGCTG-1	1
asc.day0_CGTGAGCCACCGGAAA-1	2
asc.day0_CGTGAGCCAGTTCATG-1	3
asc.day0_CGTGAGCGTACTTCTT-1	1
asc.day0_CGTGAGCGTAGGCTGA-1	1
asc.day0_CGTGAGCGTATGGTTC-1	1
asc.day0_CGTGAGCGTATTCGTG-1	1
asc.day0_CGTGAGCGTGGAAAGA-1	1
asc.day0_CGTGAGCGTTCACGGC-1	3
asc.day0_CGTGAGCGTTCCAACA-1	1
asc.day0_CGTGAGCTCCAAACTG-1	1
asc.day0_CGTGAGCTCTCAAGTG-1	1
asc.day0_CGTGAGCTCTCCTATA-1	3
asc.day0_CGTGTAAAGAGAGCTC-1	4
asc.day0_CGTGTAACAACACCCG-1	1
asc.day0_CGTGTAACAATAAGCA-1	1
asc.day0_CGTGTAACAGATCGGA-1	2
asc.day0_CGTGTAACATTTGCTT-1	2
asc.day0_CGTGTAAGTACCCAAT-1	5
asc.day0_CGTGTAAGTATAATGG-1	1
asc.day0_CGTGTAAGTATCGCAT-1	5
asc.day0_CGTGTAAGTCGGCACT-1	3
asc.day0_CGTGTAAGTGTTGAGG-1	3
asc.day0_CGTGTAAGTTACGTCA-1	2
asc.day0_CGTGTAAGTTTAGGAA-1	2
asc.day0_CGTGTAATCACATGCA-1	4
asc.day0_CGTGTAATCTCGGACG-1	5
asc.day0_CGTGTCTAGACAAAGG-1	1
asc.day0_CGTGTCTAGACTGGGT-1	1
asc.day0_CGTGTCTAGAGTCTGG-1	1
asc.day0_CGTGTCTAGCTCCTTC-1	3
asc.day0_CGTGTCTAGTAGCGGT-1	1
asc.day0_CGTGTCTAGTGTTGAA-1	1
asc.day0_CGTGTCTCAAGCCGTC-1	4
asc.day0_CGTGTCTCATGGAATA-1	3
asc.day0_CGTGTCTCATTAGGCT-1	1
asc.day0_CGTGTCTCATTTCAGG-1	4
asc.day0_CGTGTCTGTATAATGG-1	3
asc.day0_CGTGTCTGTCGGCACT-1	1
asc.day0_CGTGTCTGTCTTGATG-1	1
asc.day0_CGTGTCTTCGAACTGT-1	2
asc.day0_CGTGTCTTCTGGAGCC-1	1
asc.day0_CGTTAGAAGCGTGAAC-1	1
asc.day0_CGTTAGACAAGCTGTT-1	1
asc.day0_CGTTAGACACACTGCG-1	1
asc.day0_CGTTAGACATGCTAGT-1	3
asc.day0_CGTTAGAGTACGAAAT-1	1
asc.day0_CGTTAGAGTCCGTCAG-1	1
asc.day0_CGTTAGAGTGGGTATG-1	1
asc.day0_CGTTAGAGTGTTTGTG-1	4
asc.day0_CGTTAGAGTTGGTAAA-1	1
asc.day0_CGTTAGATCACTTACT-1	1
asc.day0_CGTTAGATCAGCTCTC-1	1
asc.day0_CGTTAGATCCGCATAA-1	3
asc.day0_CGTTAGATCCTGCCAT-1	3
asc.day0_CGTTAGATCTGTTGAG-1	5
asc.day0_CGTTCTGAGAATTGTG-1	1
asc.day0_CGTTCTGAGCACCGTC-1	5
asc.day0_CGTTCTGCAATGAAAC-1	1
asc.day0_CGTTCTGCACATTAGC-1	1
asc.day0_CGTTCTGCAGACGCTC-1	3
asc.day0_CGTTCTGCAGCTGTAT-1	4
asc.day0_CGTTCTGCATAAAGGT-1	1
asc.day0_CGTTCTGCATCACGTA-1	2
asc.day0_CGTTCTGGTAAGGGCT-1	3
asc.day0_CGTTCTGGTATTCGTG-1	1
asc.day0_CGTTCTGGTCTTGTCC-1	1
asc.day0_CGTTCTGTCGTTACGA-1	2
asc.day0_CGTTCTGTCTAACCGA-1	1
asc.day0_CGTTCTGTCTAACGGT-1	1
asc.day0_CGTTCTGTCTACGAGT-1	2
asc.day0_CGTTCTGTCTGACCTC-1	1
asc.day0_CGTTCTGTCTTGAGGT-1	3
asc.day0_CGTTGGGAGAAGATTC-1	6
asc.day0_CGTTGGGAGCTCCCAG-1	2
asc.day0_CGTTGGGAGTGGTAAT-1	2
asc.day0_CGTTGGGAGTGTTAGA-1	5
asc.day0_CGTTGGGAGTGTTGAA-1	3
asc.day0_CGTTGGGCAAATCCGT-1	1
asc.day0_CGTTGGGCAACAACCT-1	1
asc.day0_CGTTGGGCACTGCCAG-1	1
asc.day0_CGTTGGGCATGACATC-1	1
asc.day0_CGTTGGGCATGCATGT-1	5
asc.day0_CGTTGGGGTAAGGGAA-1	1
asc.day0_CGTTGGGGTGGCGAAT-1	5
asc.day0_CGTTGGGGTGGTTTCA-1	5
asc.day0_CGTTGGGGTTACGTCA-1	1
asc.day0_CGTTGGGGTTCAGACT-1	2
asc.day0_CGTTGGGGTTGTCGCG-1	3
asc.day0_CGTTGGGTCATGCATG-1	3
asc.day0_CGTTGGGTCTTCGAGA-1	2
asc.day0_CTAACTTCACCATGTA-1	1
asc.day0_CTAACTTCATTGGGCC-1	2
asc.day0_CTAACTTGTCGAATCT-1	4
asc.day0_CTAACTTGTGACGGTA-1	1
asc.day0_CTAACTTTCACATGCA-1	5
asc.day0_CTAACTTTCAGTCAGT-1	1
asc.day0_CTAACTTTCATGCTCC-1	1
asc.day0_CTAACTTTCCTGTAGA-1	2
asc.day0_CTAAGACAGACTAGGC-1	3
asc.day0_CTAAGACAGATCTGAA-1	1
asc.day0_CTAAGACAGCTGAAAT-1	1
asc.day0_CTAAGACAGGGTGTGT-1	5
asc.day0_CTAAGACAGGTCGGAT-1	3
asc.day0_CTAAGACCACGAAAGC-1	4
asc.day0_CTAAGACCACGTGAGA-1	5
asc.day0_CTAAGACCACTTCTGC-1	1
asc.day0_CTAAGACCAGGAATGC-1	5
asc.day0_CTAAGACCAGGGCATA-1	1
asc.day0_CTAAGACCAGTAAGCG-1	1
asc.day0_CTAAGACCATGGGAAC-1	2
asc.day0_CTAAGACGTAAAGTCA-1	1
asc.day0_CTAAGACGTAAGGGCT-1	6
asc.day0_CTAAGACGTCAATGTC-1	2
asc.day0_CTAAGACGTGCTCTTC-1	1
asc.day0_CTAAGACTCCTTGCCA-1	6
asc.day0_CTAAGACTCTACTCAT-1	3
asc.day0_CTAATGGAGCACACAG-1	3
asc.day0_CTAATGGAGCTACCTA-1	3
asc.day0_CTAATGGAGGAATTAC-1	1
asc.day0_CTAATGGAGGGCTCTC-1	1
asc.day0_CTAATGGAGGGTCGAT-1	3
asc.day0_CTAATGGAGTGCGTGA-1	4
asc.day0_CTAATGGAGTGTGGCA-1	3
asc.day0_CTAATGGAGTTAGGTA-1	2
asc.day0_CTAATGGCAAGACACG-1	2
asc.day0_CTAATGGCACTTGGAT-1	5
asc.day0_CTAATGGCAGCTGGCT-1	1
asc.day0_CTAATGGCATCGGGTC-1	1
asc.day0_CTAATGGGTACAGCAG-1	1
asc.day0_CTAATGGGTAGGACAC-1	4
asc.day0_CTAATGGGTATGAATG-1	1
asc.day0_CTAATGGGTGCTAGCC-1	1
asc.day0_CTAATGGGTGTGAAAT-1	1
asc.day0_CTAATGGGTTAGGGTG-1	1
asc.day0_CTAATGGGTTCAGGCC-1	1
asc.day0_CTAATGGGTTGATTGC-1	3
asc.day0_CTAATGGTCACTTCAT-1	1
asc.day0_CTAATGGTCGATCCCT-1	6
asc.day0_CTAATGGTCGCCTGAG-1	1
asc.day0_CTACACCAGATCCGAG-1	2
asc.day0_CTACACCAGCTAGTGG-1	1
asc.day0_CTACACCAGGAGTTGC-1	2
asc.day0_CTACACCAGGTGCTAG-1	1
asc.day0_CTACACCAGTCCGTAT-1	1
asc.day0_CTACACCAGTTTGCGT-1	3
asc.day0_CTACACCCAAACTGTC-1	4
asc.day0_CTACACCCAAGCCCAC-1	1
asc.day0_CTACACCCAATGGAGC-1	1
asc.day0_CTACACCCAGGTCTCG-1	3
asc.day0_CTACACCCATTCACTT-1	3
asc.day0_CTACACCGTATTCTCT-1	5
asc.day0_CTACACCGTGCAACTT-1	6
asc.day0_CTACACCGTTGGACCC-1	7
asc.day0_CTACACCGTTTACTCT-1	3
asc.day0_CTACACCTCAACACCA-1	3
asc.day0_CTACACCTCTTGAGGT-1	3
asc.day0_CTACATTAGAAGGGTA-1	2
asc.day0_CTACATTAGCCACGTC-1	4
asc.day0_CTACATTAGCGAAGGG-1	1
asc.day0_CTACATTAGCGTTCCG-1	2
asc.day0_CTACATTAGGCCATAG-1	3
asc.day0_CTACATTAGTACATGA-1	1
asc.day0_CTACATTAGTGTCCCG-1	1
asc.day0_CTACATTCACATTTCT-1	1
asc.day0_CTACATTCACTCAGGC-1	1
asc.day0_CTACATTCAGGGAGAG-1	1
asc.day0_CTACATTCAGGGTTAG-1	1
asc.day0_CTACATTCATCTACGA-1	4
asc.day0_CTACATTGTAGAGCTG-1	1
asc.day0_CTACATTGTCCGTGAC-1	2
asc.day0_CTACCCAAGACACTAA-1	1
asc.day0_CTACCCAAGGCCATAG-1	3
asc.day0_CTACCCAAGGGTGTTG-1	1
asc.day0_CTACCCACAAACTGCT-1	1
asc.day0_CTACCCACAATCCAAC-1	3
asc.day0_CTACCCACACGGTAAG-1	2
asc.day0_CTACCCACACGGTAGA-1	1
asc.day0_CTACCCACAGTCGTGC-1	1
asc.day0_CTACCCACATGAACCT-1	5
asc.day0_CTACCCACATTGGCGC-1	2
asc.day0_CTACCCAGTACCTACA-1	1
asc.day0_CTACCCAGTCAATACC-1	3
asc.day0_CTACCCAGTCCGTGAC-1	4
asc.day0_CTACCCAGTCCTAGCG-1	4
asc.day0_CTACCCATCACATGCA-1	1
asc.day0_CTACCCATCATCACCC-1	1
asc.day0_CTACCCATCTGCGTAA-1	1
asc.day0_CTACCCATCTTACCGC-1	1
asc.day0_CTACCCATCTTTACGT-1	2
asc.day0_CTACGTCAGAAGGGTA-1	1
asc.day0_CTACGTCAGAATCTCC-1	1
asc.day0_CTACGTCAGCTAACTC-1	3
asc.day0_CTACGTCAGCTCCTCT-1	1
asc.day0_CTACGTCAGGAATTAC-1	3
asc.day0_CTACGTCCAAAGGCGT-1	4
asc.day0_CTACGTCCAACGATGG-1	1
asc.day0_CTACGTCCAAGGTTCT-1	4
asc.day0_CTACGTCCACTTCGAA-1	1
asc.day0_CTACGTCCATCGGTTA-1	3
asc.day0_CTACGTCGTAAACCTC-1	3
asc.day0_CTACGTCGTAAATGTG-1	5
asc.day0_CTACGTCGTCTGCCAG-1	1
asc.day0_CTACGTCGTCTTGATG-1	1
asc.day0_CTACGTCTCGGAGGTA-1	2
asc.day0_CTACGTCTCTACTCAT-1	2
asc.day0_CTACGTCTCTGTTGAG-1	3
asc.day0_CTACGTCTCTTGCCGT-1	1
asc.day0_CTAGAGTAGAGAACAG-1	4
asc.day0_CTAGAGTAGAGATGAG-1	1
asc.day0_CTAGAGTAGAGTGAGA-1	2
asc.day0_CTAGAGTAGATCCTGT-1	1
asc.day0_CTAGAGTCAAGACGTG-1	3
asc.day0_CTAGAGTCACGGCCAT-1	4
asc.day0_CTAGAGTCATGCAATC-1	1
asc.day0_CTAGAGTGTAGGGACT-1	1
asc.day0_CTAGAGTGTCGCATCG-1	1
asc.day0_CTAGAGTGTCTGGTCG-1	5
asc.day0_CTAGAGTGTGAGCGAT-1	3
asc.day0_CTAGAGTGTGCACGAA-1	3
asc.day0_CTAGAGTGTGTCTGAT-1	4
asc.day0_CTAGAGTGTTGCTCCT-1	1
asc.day0_CTAGAGTTCATGGTCA-1	7
asc.day0_CTAGAGTTCGCTTGTC-1	6
asc.day0_CTAGCCTAGACTAAGT-1	5
asc.day0_CTAGCCTAGTCTCCTC-1	1
asc.day0_CTAGCCTCAACTTGAC-1	4
asc.day0_CTAGCCTCACGGCTAC-1	3
asc.day0_CTAGCCTCAGTCACTA-1	3
asc.day0_CTAGCCTCAGTGGGAT-1	5
asc.day0_CTAGCCTGTGCAGACA-1	1
asc.day0_CTAGCCTGTGCCTGTG-1	6
asc.day0_CTAGCCTGTGGTTTCA-1	1
asc.day0_CTAGCCTGTTCAACCA-1	1
asc.day0_CTAGCCTGTTCGTTGA-1	1
asc.day0_CTAGCCTGTTTGACAC-1	3
asc.day0_CTAGCCTTCCTTTCGG-1	2
asc.day0_CTAGCCTTCTTTACGT-1	5
asc.day0_CTAGTGAAGAGCAATT-1	5
asc.day0_CTAGTGAAGATAGGAG-1	1
asc.day0_CTAGTGAAGATATGGT-1	2
asc.day0_CTAGTGAAGTAAGTAC-1	1
asc.day0_CTAGTGAAGTGACTCT-1	2
asc.day0_CTAGTGACAACGCACC-1	2
asc.day0_CTAGTGACACGTAAGG-1	2
asc.day0_CTAGTGAGTCTGGTCG-1	5
asc.day0_CTAGTGAGTGCGGTAA-1	3
asc.day0_CTAGTGAGTGTGGTTT-1	3
asc.day0_CTAGTGAGTTACCGAT-1	1
asc.day0_CTAGTGAGTTCCGTCT-1	2
asc.day0_CTAGTGATCCTTCAAT-1	3
asc.day0_CTAGTGATCCTTGACC-1	5
asc.day0_CTAGTGATCTAAGCCA-1	1
asc.day0_CTCACACGTCGAGATG-1	2
asc.day0_CTCACACTCGTACGGC-1	1
asc.day0_CTCACACTCTTGTCAT-1	1
asc.day0_CTCAGAAAGACACGAC-1	2
asc.day0_CTCAGAAAGGCCCGTT-1	2
asc.day0_CTCAGAACAGTAACGG-1	1
asc.day0_CTCAGAATCAGTGTTG-1	1
asc.day0_CTCAGAATCGTGGTCG-1	1
asc.day0_CTCAGAATCTTCAACT-1	4
asc.day0_CTCAGAATCTTCGAGA-1	3
asc.day0_CTCATTAAGACTAGAT-1	1
asc.day0_CTCATTAAGAGCCCAA-1	2
asc.day0_CTCATTAAGGCTCATT-1	6
asc.day0_CTCATTAAGTTTAGGA-1	2
asc.day0_CTCATTACACAAGACG-1	1
asc.day0_CTCATTACAGGAATGC-1	1
asc.day0_CTCATTACATTAACCG-1	3
asc.day0_CTCATTAGTCCATGAT-1	4
asc.day0_CTCATTAGTCCTCTTG-1	1
asc.day0_CTCATTAGTTATGTGC-1	2
asc.day0_CTCATTAGTTTGGGCC-1	5
asc.day0_CTCATTATCATCGGAT-1	4
asc.day0_CTCATTATCATGTAGC-1	3
asc.day0_CTCATTATCATTGCCC-1	1
asc.day0_CTCATTATCCGCTGTT-1	1
asc.day0_CTCATTATCCTCCTAG-1	2
asc.day0_CTCATTATCGGAAATA-1	1
asc.day0_CTCATTATCTGCCCTA-1	3
asc.day0_CTCCTAGAGCACAGGT-1	7
asc.day0_CTCCTAGAGCCGGTAA-1	5
asc.day0_CTCCTAGCATTAGGCT-1	3
asc.day0_CTCCTAGCATTCCTGC-1	2
asc.day0_CTCCTAGGTATCAGTC-1	1
asc.day0_CTCCTAGGTCTAGTGT-1	3
asc.day0_CTCCTAGGTTAAGATG-1	1
asc.day0_CTCCTAGTCACCACCT-1	1
asc.day0_CTCCTAGTCCGCAAGC-1	2
asc.day0_CTCCTAGTCTAACTGG-1	2
asc.day0_CTCCTAGTCTATGTGG-1	5
asc.day0_CTCCTAGTCTTAGCCC-1	3
asc.day0_CTCGAAACAATAGAGT-1	4
asc.day0_CTCGAAACACGGCTAC-1	1
asc.day0_CTCGAAACAGACGCTC-1	1
asc.day0_CTCGAAACATCCGTGG-1	3
asc.day0_CTCGAAACATGCAACT-1	4
asc.day0_CTCGAAACATGTTGAC-1	4
asc.day0_CTCGAAACATTTCAGG-1	1
asc.day0_CTCGAAAGTAAATGTG-1	1
asc.day0_CTCGAAAGTACTTCTT-1	2
asc.day0_CTCGAAAGTGATAAAC-1	3
asc.day0_CTCGAAATCAAACCGT-1	3
asc.day0_CTCGAAATCACTTCAT-1	1
asc.day0_CTCGAAATCAGCTTAG-1	6
asc.day0_CTCGAAATCAGTACGT-1	1
asc.day0_CTCGAAATCTCTTATG-1	1
asc.day0_CTCGAGGAGAGCTTCT-1	1
asc.day0_CTCGAGGAGCGATCCC-1	1
asc.day0_CTCGAGGAGTCTCAAC-1	5
asc.day0_CTCGAGGCAAGTTCTG-1	1
asc.day0_CTCGAGGCAATGCCAT-1	1
asc.day0_CTCGAGGCAGCCAGAA-1	1
asc.day0_CTCGAGGCATCTCCCA-1	2
asc.day0_CTCGAGGGTACCGTTA-1	2
asc.day0_CTCGAGGGTGACCAAG-1	1
asc.day0_CTCGAGGGTGAGTGAC-1	6
asc.day0_CTCGAGGGTTCGGGCT-1	1
asc.day0_CTCGAGGTCCTACAGA-1	1
asc.day0_CTCGAGGTCGGTGTTA-1	1
asc.day0_CTCGAGGTCTGGCGAC-1	1
asc.day0_CTCGGAGAGAGTGACC-1	1
asc.day0_CTCGGAGAGCTCAACT-1	1
asc.day0_CTCGGAGAGCTCCTTC-1	1
asc.day0_CTCGGAGAGGCAATTA-1	1
asc.day0_CTCGGAGAGGCTAGCA-1	3
asc.day0_CTCGGAGCACTTACGA-1	3
asc.day0_CTCGGAGCAGGTCCAC-1	1
asc.day0_CTCGGAGGTAATCACC-1	3
asc.day0_CTCGGAGGTAATCGTC-1	3
asc.day0_CTCGGAGGTCCGAAGA-1	2
asc.day0_CTCGGAGGTCTCTCGT-1	1
asc.day0_CTCGGAGTCAACCAAC-1	1
asc.day0_CTCGGAGTCACCGTAA-1	1
asc.day0_CTCGGAGTCTGGTTCC-1	3
asc.day0_CTCGGGAAGACAAAGG-1	4
asc.day0_CTCGGGAAGATCCTGT-1	1
asc.day0_CTCGGGAAGCCATCGC-1	5
asc.day0_CTCGGGAAGTGAACAT-1	3
asc.day0_CTCGGGAAGTGGACGT-1	2
asc.day0_CTCGGGACAAAGCGGT-1	1
asc.day0_CTCGGGACAATAGCGG-1	2
asc.day0_CTCGGGACAATGAATG-1	1
asc.day0_CTCGGGACAGCTGTAT-1	1
asc.day0_CTCGGGACAGGACCCT-1	5
asc.day0_CTCGGGACAGGTCGTC-1	5
asc.day0_CTCGGGACATGCGCAC-1	7
asc.day0_CTCGGGACATTTGCCC-1	3
asc.day0_CTCGGGAGTCCATGAT-1	5
asc.day0_CTCGGGAGTCTACCTC-1	5
asc.day0_CTCGGGAGTGAAGGCT-1	1
asc.day0_CTCGGGAGTTGAACTC-1	6
asc.day0_CTCGGGAGTTTAGGAA-1	3
asc.day0_CTCGGGATCGGTCTAA-1	3
asc.day0_CTCGGGATCTAACTGG-1	1
asc.day0_CTCGGGATCTTGTATC-1	2
asc.day0_CTCGTACAGAAGGACA-1	3
asc.day0_CTCGTACAGAATGTTG-1	4
asc.day0_CTCGTACAGAGAGCTC-1	1
asc.day0_CTCGTACAGGAGTCTG-1	1
asc.day0_CTCGTACAGTTACGGG-1	6
asc.day0_CTCGTACAGTTTGCGT-1	1
asc.day0_CTCGTACCATACAGCT-1	5
asc.day0_CTCGTACCATTAGGCT-1	2
asc.day0_CTCGTACGTACCGAGA-1	3
asc.day0_CTCGTACGTCACACGC-1	4
asc.day0_CTCGTACGTTCCGTCT-1	1
asc.day0_CTCGTACGTTGTCTTT-1	1
asc.day0_CTCGTACTCAATAAGG-1	2
asc.day0_CTCGTACTCACGACTA-1	3
asc.day0_CTCGTACTCACGCGGT-1	1
asc.day0_CTCGTACTCAGTACGT-1	1
asc.day0_CTCGTCAAGAAGGCCT-1	3
asc.day0_CTCGTCAAGACAGGCT-1	1
asc.day0_CTCGTCAAGACGCTTT-1	2
asc.day0_CTCGTCAAGCGTAGTG-1	2
asc.day0_CTCGTCAAGGCCATAG-1	1
asc.day0_CTCGTCAAGGGCTTCC-1	6
asc.day0_CTCGTCAAGGTGATTA-1	1
asc.day0_CTCGTCAAGTGACTCT-1	2
asc.day0_CTCGTCAAGTTACCCA-1	1
asc.day0_CTCGTCACAATTGCTG-1	1
asc.day0_CTCGTCACACACCGCA-1	3
asc.day0_CTCGTCACAGATAATG-1	1
asc.day0_CTCGTCACAGTCGATT-1	5
asc.day0_CTCGTCACATCCGGGT-1	4
asc.day0_CTCGTCACATGAACCT-1	4
asc.day0_CTCGTCACATTATCTC-1	2
asc.day0_CTCGTCAGTCCAAGTT-1	3
asc.day0_CTCGTCAGTTCGCGAC-1	1
asc.day0_CTCGTCAGTTTGGCGC-1	2
asc.day0_CTCGTCATCACCACCT-1	4
asc.day0_CTCGTCATCAGTTAGC-1	1
asc.day0_CTCGTCATCATTGCGA-1	1
asc.day0_CTCGTCATCCGAATGT-1	2
asc.day0_CTCTAATAGATCCGAG-1	5
asc.day0_CTCTAATAGCAACGGT-1	5
asc.day0_CTCTAATAGCGTGAGT-1	1
asc.day0_CTCTAATCAAACTGTC-1	1
asc.day0_CTCTAATCACTCAGGC-1	3
asc.day0_CTCTAATGTCCGTTAA-1	2
asc.day0_CTCTAATGTCGTTGTA-1	1
asc.day0_CTCTAATGTCTCTCTG-1	5
asc.day0_CTCTAATGTGCGATAG-1	1
asc.day0_CTCTAATGTTAAGAAC-1	2
asc.day0_CTCTAATGTTGTGGAG-1	2
asc.day0_CTCTAATTCAGTCCCT-1	1
asc.day0_CTCTAATTCGCATGAT-1	2
asc.day0_CTCTAATTCTTGCCGT-1	2
asc.day0_CTCTACGAGAATCTCC-1	1
asc.day0_CTCTACGAGCAGCCTC-1	1
asc.day0_CTCTACGAGCTCCTCT-1	1
asc.day0_CTCTACGCACGGCTAC-1	2
asc.day0_CTCTACGCATGCAACT-1	3
asc.day0_CTCTACGGTCACAAGG-1	1
asc.day0_CTCTACGGTTAGATGA-1	2
asc.day0_CTCTACGTCAGCGATT-1	2
asc.day0_CTCTACGTCAGTTCGA-1	1
asc.day0_CTCTACGTCGCAGGCT-1	1
asc.day0_CTCTACGTCGCCAAAT-1	1
asc.day0_CTCTACGTCGTTGACA-1	3
asc.day0_CTCTACGTCTCGATGA-1	1
asc.day0_CTCTACGTCTGTCAAG-1	1
asc.day0_CTCTGGTAGACAAGCC-1	3
asc.day0_CTCTGGTAGAGACTTA-1	6
asc.day0_CTCTGGTAGCGCTTAT-1	3
asc.day0_CTCTGGTAGTGCAAGC-1	5
asc.day0_CTCTGGTCAAACGCGA-1	5
asc.day0_CTCTGGTCAAGCTGTT-1	3
asc.day0_CTCTGGTCAATACGCT-1	2
asc.day0_CTCTGGTCAATCACAC-1	5
asc.day0_CTCTGGTCACGGACAA-1	1
asc.day0_CTCTGGTGTCACCCAG-1	5
asc.day0_CTCTGGTGTGACGCCT-1	3
asc.day0_CTCTGGTGTGAGTATA-1	3
asc.day0_CTCTGGTGTGCATCTA-1	2
asc.day0_CTCTGGTGTGCGATAG-1	1
asc.day0_CTCTGGTGTGTGCGTC-1	1
asc.day0_CTCTGGTTCACAGGCC-1	1
asc.day0_CTCTGGTTCCGCTGTT-1	1
asc.day0_CTCTGGTTCCGTTGCT-1	2
asc.day0_CTCTGGTTCTATCCTA-1	4
asc.day0_CTCTGGTTCTTCGGTC-1	5
asc.day0_CTGAAACAGAACTGTA-1	2
asc.day0_CTGAAACCAAGCGATG-1	4
asc.day0_CTGAAACCAAGTCATC-1	5
asc.day0_CTGAAACCAATCCAAC-1	1
asc.day0_CTGAAACCACGTTGGC-1	2
asc.day0_CTGAAACCAGGTGCCT-1	5
asc.day0_CTGAAACGTAGATTAG-1	2
asc.day0_CTGAAACGTCTAACGT-1	5
asc.day0_CTGAAACGTGCAACTT-1	1
asc.day0_CTGAAACGTGCCTGTG-1	1
asc.day0_CTGAAACGTGTTCTTT-1	3
asc.day0_CTGAAACGTGTTTGTG-1	5
asc.day0_CTGAAACTCCACGTTC-1	1
asc.day0_CTGAAACTCGTAGATC-1	2
asc.day0_CTGAAGTAGAGAGCTC-1	3
asc.day0_CTGAAGTAGAGGTACC-1	1
asc.day0_CTGAAGTAGCCAGAAC-1	2
asc.day0_CTGAAGTAGGATATAC-1	2
asc.day0_CTGAAGTAGGCAAAGA-1	5
asc.day0_CTGAAGTAGTTACGGG-1	1
asc.day0_CTGAAGTCAACTGCGC-1	1
asc.day0_CTGAAGTCACACCGAC-1	3
asc.day0_CTGAAGTCAGTCACTA-1	5
asc.day0_CTGAAGTGTACTCGCG-1	5
asc.day0_CTGAAGTGTCCGTTAA-1	1
asc.day0_CTGAAGTGTCGCGAAA-1	1
asc.day0_CTGAAGTGTTGTCTTT-1	1
asc.day0_CTGAAGTTCACGAAGG-1	1
asc.day0_CTGAAGTTCATTGCGA-1	5
asc.day0_CTGAAGTTCGAGAACG-1	2
asc.day0_CTGAAGTTCTTTACGT-1	3
asc.day0_CTGATAGAGAAACCGC-1	3
asc.day0_CTGATAGAGGCTATCT-1	3
asc.day0_CTGATAGAGTCCATAC-1	1
asc.day0_CTGATAGAGTTAACGA-1	3
asc.day0_CTGATAGCAACAACCT-1	4
asc.day0_CTGATAGCACAGATTC-1	1
asc.day0_CTGATAGCACCGGAAA-1	2
asc.day0_CTGATAGCACGCATCG-1	3
asc.day0_CTGATAGCAGCTTAAC-1	1
asc.day0_CTGATAGGTAGCGTCC-1	1
asc.day0_CTGATAGGTCGCGGTT-1	1
asc.day0_CTGATAGTCGGAATCT-1	2
asc.day0_CTGATAGTCGGAGGTA-1	1
asc.day0_CTGATAGTCTAGAGTC-1	3
asc.day0_CTGATAGTCTGACCTC-1	2
asc.day0_CTGATCCAGACCTAGG-1	7
asc.day0_CTGATCCAGACTACAA-1	2
asc.day0_CTGATCCAGAGACGAA-1	3
asc.day0_CTGATCCAGATCCCGC-1	2
asc.day0_CTGATCCAGCGAGAAA-1	3
asc.day0_CTGATCCAGCTGAAAT-1	5
asc.day0_CTGATCCCAGATCCAT-1	1
asc.day0_CTGATCCCATGCTGGC-1	1
asc.day0_CTGATCCGTAGATTAG-1	1
asc.day0_CTGATCCGTATCAGTC-1	4
asc.day0_CTGATCCGTCATTAGC-1	3
asc.day0_CTGATCCGTTCGGGCT-1	2
asc.day0_CTGATCCGTTTGACTG-1	2
asc.day0_CTGATCCTCGCCTGAG-1	5
asc.day0_CTGATCCTCTCCGGTT-1	1
asc.day0_CTGATCCTCTGAGGGA-1	4
asc.day0_CTGATCCTCTTGCATT-1	3
asc.day0_CTGCCTAAGACCACGA-1	2
asc.day0_CTGCCTAAGAGCAATT-1	4
asc.day0_CTGCCTACAAAGAATC-1	1
asc.day0_CTGCCTACAATCACAC-1	5
asc.day0_CTGCCTACAATGCCAT-1	3
asc.day0_CTGCCTACACAAGTAA-1	4
asc.day0_CTGCCTACACTCTGTC-1	1
asc.day0_CTGCCTACAGTCTTCC-1	3
asc.day0_CTGCCTAGTATAGGGC-1	4
asc.day0_CTGCCTAGTATCGCAT-1	1
asc.day0_CTGCCTAGTCAAACTC-1	4
asc.day0_CTGCCTAGTCGAATCT-1	1
asc.day0_CTGCCTAGTTGTCGCG-1	1
asc.day0_CTGCCTATCAAGATCC-1	1
asc.day0_CTGCGGAAGAATAGGG-1	5
asc.day0_CTGCGGAAGAGCCCAA-1	1
asc.day0_CTGCGGAAGAGTAATC-1	6
asc.day0_CTGCGGACAAACAACA-1	1
asc.day0_CTGCGGACAAGCCCAC-1	1
asc.day0_CTGCGGACAATGGACG-1	3
asc.day0_CTGCGGACACGGCTAC-1	1
asc.day0_CTGCGGAGTATAGGTA-1	3
asc.day0_CTGCGGAGTCAAGCGA-1	4
asc.day0_CTGCGGAGTGACCAAG-1	5
asc.day0_CTGCGGAGTTTGACTG-1	1
asc.day0_CTGCGGATCACATACG-1	1
asc.day0_CTGCGGATCACCCTCA-1	1
asc.day0_CTGCGGATCCAATGGT-1	2
asc.day0_CTGCGGATCGCCTGTT-1	5
asc.day0_CTGCGGATCTGGTTCC-1	1
asc.day0_CTGCTGTAGACCCACC-1	1
asc.day0_CTGCTGTAGCTAAACA-1	1
asc.day0_CTGCTGTAGTCAATAG-1	3
asc.day0_CTGCTGTAGTTTCCTT-1	1
asc.day0_CTGCTGTCAAACTGCT-1	3
asc.day0_CTGCTGTCAAGCGCTC-1	1
asc.day0_CTGCTGTCATCCCACT-1	1
asc.day0_CTGCTGTGTAGAGCTG-1	1
asc.day0_CTGCTGTGTCAACTGT-1	3
asc.day0_CTGCTGTGTCAGATAA-1	1
asc.day0_CTGCTGTGTCATGCCG-1	4
asc.day0_CTGCTGTGTCGAAAGC-1	1
asc.day0_CTGCTGTGTGACGCCT-1	5
asc.day0_CTGCTGTGTTATCCGA-1	1
asc.day0_CTGCTGTGTTGGAGGT-1	1
asc.day0_CTGCTGTTCAATACCG-1	7
asc.day0_CTGCTGTTCACGACTA-1	1
asc.day0_CTGCTGTTCGATGAGG-1	3
asc.day0_CTGCTGTTCTGCTGCT-1	1
asc.day0_CTGGTCTAGCCGGTAA-1	1
asc.day0_CTGGTCTAGCGATCCC-1	6
asc.day0_CTGGTCTAGCGTCTAT-1	1
asc.day0_CTGGTCTAGGACAGCT-1	1
asc.day0_CTGGTCTAGTAACCCT-1	3
asc.day0_CTGGTCTAGTACACCT-1	1
asc.day0_CTGGTCTAGTCATCCA-1	1
asc.day0_CTGGTCTCAAAGGTGC-1	1
asc.day0_CTGGTCTCAACACGCC-1	1
asc.day0_CTGGTCTGTACGCACC-1	1
asc.day0_CTGGTCTTCACGGTTA-1	1
asc.day0_CTGGTCTTCCTAGAAC-1	3
asc.day0_CTGTGCTAGAGCAATT-1	1
asc.day0_CTGTGCTAGCAAATCA-1	4
asc.day0_CTGTGCTAGCTGCAAG-1	1
asc.day0_CTGTGCTAGTACCGGA-1	2
asc.day0_CTGTGCTCAAAGTCAA-1	4
asc.day0_CTGTGCTCACATGGGA-1	1
asc.day0_CTGTGCTCAGGGTTAG-1	1
asc.day0_CTGTGCTCATCACGAT-1	1
asc.day0_CTGTGCTCATCCCATC-1	1
asc.day0_CTGTGCTGTACAGCAG-1	1
asc.day0_CTGTGCTGTCAAACTC-1	3
asc.day0_CTGTGCTGTGGCGAAT-1	1
asc.day0_CTGTGCTTCGAGGTAG-1	1
asc.day0_CTGTGCTTCGGCTACG-1	1
asc.day0_CTGTGCTTCGTTTGCC-1	1
asc.day0_CTGTGCTTCTCTGTCG-1	1
asc.day0_CTGTTTAAGCACACAG-1	4
asc.day0_CTGTTTAAGCGATTCT-1	1
asc.day0_CTGTTTAAGGACAGCT-1	2
asc.day0_CTGTTTAAGTACGATA-1	1
asc.day0_CTGTTTACACATCTTT-1	3
asc.day0_CTGTTTACACCAACCG-1	3
asc.day0_CTGTTTACAGCCAGAA-1	1
asc.day0_CTGTTTACAGTTAACC-1	5
asc.day0_CTGTTTACATCGTCGG-1	1
asc.day0_CTGTTTACATTCCTCG-1	1
asc.day0_CTGTTTAGTCCGAAGA-1	1
asc.day0_CTGTTTAGTGCGATAG-1	2
asc.day0_CTGTTTATCAGGCAAG-1	1
asc.day0_CTGTTTATCGGTGTCG-1	5
asc.day0_CTTAACTAGGATGTAT-1	2
asc.day0_CTTAACTAGTATCGAA-1	2
asc.day0_CTTAACTAGTGGAGAA-1	1
asc.day0_CTTAACTCAATGAAAC-1	5
asc.day0_CTTAACTCACAGCGTC-1	4
asc.day0_CTTAACTCAGCGTAAG-1	3
asc.day0_CTTAACTCAGGACGTA-1	1
asc.day0_CTTAACTCATAGGATA-1	5
asc.day0_CTTAACTCATCACCCT-1	1
asc.day0_CTTAACTCATGAACCT-1	2
asc.day0_CTTAACTGTATCACCA-1	1
asc.day0_CTTAACTGTCTACCTC-1	3
asc.day0_CTTAACTGTTAGATGA-1	3
asc.day0_CTTAACTGTTGAGTTC-1	3
asc.day0_CTTAACTGTTGTCGCG-1	5
asc.day0_CTTAACTTCACCACCT-1	1
asc.day0_CTTAACTTCGAATGGG-1	1
asc.day0_CTTAACTTCGCCTGTT-1	1
asc.day0_CTTAACTTCGCTGATA-1	1
asc.day0_CTTACCGAGATGCGAC-1	1
asc.day0_CTTACCGAGCTGCGAA-1	1
asc.day0_CTTACCGAGGGTATCG-1	3
asc.day0_CTTACCGAGGTGATAT-1	3
asc.day0_CTTACCGAGTGTTTGC-1	2
asc.day0_CTTACCGCACAAGTAA-1	2
asc.day0_CTTACCGCACATTCGA-1	4
asc.day0_CTTACCGCACGGCCAT-1	3
asc.day0_CTTACCGGTAAGTTCC-1	2
asc.day0_CTTACCGGTACTTAGC-1	1
asc.day0_CTTACCGGTGCAGTAG-1	4
asc.day0_CTTACCGTCCCTCTTT-1	4
asc.day0_CTTACCGTCTCGCTTG-1	2
asc.day0_CTTACCGTCTGCTGTC-1	1
asc.day0_CTTAGGAAGAAGGTTT-1	1
asc.day0_CTTAGGAAGATAGGAG-1	4
asc.day0_CTTAGGAAGATAGTCA-1	5
asc.day0_CTTAGGAAGATGCCAG-1	1
asc.day0_CTTAGGAAGCGATATA-1	5
asc.day0_CTTAGGAAGCTGCCCA-1	2
asc.day0_CTTAGGAAGGGATGGG-1	3
asc.day0_CTTAGGACAATGACCT-1	3
asc.day0_CTTAGGACACAACGTT-1	2
asc.day0_CTTAGGACATACGCCG-1	4
asc.day0_CTTAGGACATCCCATC-1	6
asc.day0_CTTAGGACATGACATC-1	1
asc.day0_CTTAGGACATGTCCTC-1	1
asc.day0_CTTAGGAGTCACCCAG-1	1
asc.day0_CTTAGGAGTGTAACGG-1	3
asc.day0_CTTAGGATCAGCCTAA-1	3
asc.day0_CTTAGGATCCCAGGTG-1	2
asc.day0_CTTCTCTAGACTGGGT-1	2
asc.day0_CTTCTCTAGAGCAATT-1	1
asc.day0_CTTCTCTAGAGGGATA-1	1
asc.day0_CTTCTCTAGGTGCTAG-1	3
asc.day0_CTTCTCTCAATAACGA-1	1
asc.day0_CTTCTCTCATCACCCT-1	5
asc.day0_CTTCTCTGTCCAACTA-1	1
asc.day0_CTTCTCTGTCCGAGTC-1	4
asc.day0_CTTCTCTGTCTAGTCA-1	1
asc.day0_CTTCTCTGTCTTCGTC-1	1
asc.day0_CTTCTCTGTGCACCAC-1	2
asc.day0_CTTCTCTGTTATCACG-1	1
asc.day0_CTTCTCTTCACCGTAA-1	1
asc.day0_CTTCTCTTCACTATTC-1	1
asc.day0_CTTCTCTTCAGTGTTG-1	3
asc.day0_CTTCTCTTCCAAGTAC-1	4
asc.day0_CTTCTCTTCCGTAGTA-1	3
asc.day0_CTTCTCTTCGCTTGTC-1	3
asc.day0_CTTCTCTTCTTGTCAT-1	1
asc.day0_CTTGGCTAGAAGGGTA-1	1
asc.day0_CTTGGCTAGAATGTGT-1	5
asc.day0_CTTGGCTAGACTAAGT-1	2
asc.day0_CTTGGCTAGATCGGGT-1	1
asc.day0_CTTGGCTAGCCAGGAT-1	1
asc.day0_CTTGGCTAGTATGACA-1	1
asc.day0_CTTGGCTAGTTACGGG-1	5
asc.day0_CTTGGCTCAAGCTGGA-1	3
asc.day0_CTTGGCTCAAGTTCTG-1	1
asc.day0_CTTGGCTCACACGCTG-1	2
asc.day0_CTTGGCTCACGCGAAA-1	4
asc.day0_CTTGGCTCAGGGTATG-1	2
asc.day0_CTTGGCTCATCAGTAC-1	1
asc.day0_CTTGGCTCATGGAATA-1	1
asc.day0_CTTGGCTGTACTCTCC-1	3
asc.day0_CTTGGCTGTCACACGC-1	1
asc.day0_CTTGGCTGTCTTGCGG-1	1
asc.day0_CTTGGCTGTGAGGGAG-1	4
asc.day0_CTTGGCTGTGGCCCTA-1	1
asc.day0_CTTGGCTGTGTGGCTC-1	5
asc.day0_CTTGGCTGTTCACCTC-1	3
asc.day0_CTTGGCTTCACGATGT-1	4
asc.day0_CTTGGCTTCGCCTGAG-1	1
asc.day0_CTTGGCTTCGGTTAAC-1	4
asc.day0_CTTGGCTTCTTGTTTG-1	1
asc.day0_CTTTGCGAGAGACGAA-1	3
asc.day0_CTTTGCGCAAGTCTAC-1	1
asc.day0_CTTTGCGCACATTAGC-1	1
asc.day0_CTTTGCGCACGGCTAC-1	1
asc.day0_CTTTGCGCATACGCTA-1	1
asc.day0_CTTTGCGCATCCGTGG-1	2
asc.day0_CTTTGCGGTACAGCAG-1	1
asc.day0_CTTTGCGGTCATACTG-1	6
asc.day0_CTTTGCGGTCCAGTTA-1	1
asc.day0_CTTTGCGGTCGCGAAA-1	1
asc.day0_CTTTGCGGTCGTCTTC-1	1
asc.day0_CTTTGCGTCTGAGGGA-1	5
asc.day0_GAAACTCAGTCGTTTG-1	3
asc.day0_GAAACTCCAAAGCGGT-1	1
asc.day0_GAAACTCCATCACAAC-1	6
asc.day0_GAAACTCCATGTAAGA-1	1
asc.day0_GAAACTCGTACCGCTG-1	1
asc.day0_GAAACTCGTACGAAAT-1	1
asc.day0_GAAACTCGTATATCCG-1	5
asc.day0_GAAACTCGTCACCTAA-1	1
asc.day0_GAAACTCGTCCCTACT-1	3
asc.day0_GAAACTCGTTATCCGA-1	2
asc.day0_GAAACTCTCAGCACAT-1	1
asc.day0_GAAACTCTCCGTACAA-1	1
asc.day0_GAAACTCTCGAATGCT-1	1
asc.day0_GAAACTCTCTGAGTGT-1	4
asc.day0_GAAACTCTCTTACCTA-1	1
asc.day0_GAAATGAAGCTAACAA-1	1
asc.day0_GAAATGAAGCTGTCTA-1	2
asc.day0_GAAATGAAGGAGTACC-1	3
asc.day0_GAAATGAAGTTACGGG-1	5
asc.day0_GAAATGACAAAGTCAA-1	4
asc.day0_GAAATGACACGGTGTC-1	1
asc.day0_GAAATGACATCGGGTC-1	3
asc.day0_GAAATGACATTGGTAC-1	1
asc.day0_GAAATGAGTCCAACTA-1	1
asc.day0_GAAATGAGTCGTGGCT-1	1
asc.day0_GAAATGAGTGGTACAG-1	5
asc.day0_GAAATGAGTTCCTCCA-1	3
asc.day0_GAAATGAGTTTGGCGC-1	2
asc.day0_GAAATGATCATGCTCC-1	1
asc.day0_GAAATGATCCGTTGTC-1	1
asc.day0_GAACATCAGAAGCCCA-1	3
asc.day0_GAACATCAGCCAGTTT-1	3
asc.day0_GAACATCAGCGCCTCA-1	2
asc.day0_GAACATCAGCGCTTAT-1	1
asc.day0_GAACATCAGTTAACGA-1	2
asc.day0_GAACATCCAACACGCC-1	1
asc.day0_GAACATCCAAGGACAC-1	2
asc.day0_GAACATCCAAGTCTAC-1	5
asc.day0_GAACATCCACCTGGTG-1	4
asc.day0_GAACATCCAGGCGATA-1	1
asc.day0_GAACATCCAGTGAGTG-1	3
asc.day0_GAACATCCATTGGGCC-1	2
asc.day0_GAACATCGTCAAACTC-1	1
asc.day0_GAACATCGTCATGCAT-1	1
asc.day0_GAACATCGTGTCAATC-1	6
asc.day0_GAACATCTCACCATAG-1	1
asc.day0_GAACATCTCGCTGATA-1	1
asc.day0_GAACATCTCGGAGGTA-1	1
asc.day0_GAACATCTCTATCCCG-1	5
asc.day0_GAACCTAAGATATACG-1	1
asc.day0_GAACCTAAGCACCGCT-1	5
asc.day0_GAACCTAAGGCTCTTA-1	1
asc.day0_GAACCTACAAGCGATG-1	2
asc.day0_GAACCTACAATCGGTT-1	3
asc.day0_GAACCTACACACTGCG-1	2
asc.day0_GAACCTACAGGTCTCG-1	4
asc.day0_GAACCTACAGTGGGAT-1	1
asc.day0_GAACCTAGTAGTACCT-1	2
asc.day0_GAACCTAGTATAGGGC-1	4
asc.day0_GAACCTATCCACTGGG-1	1
asc.day0_GAACCTATCCGGCACA-1	3
asc.day0_GAACCTATCTCCTATA-1	1
asc.day0_GAACCTATCTGCCCTA-1	3
asc.day0_GAACGGAAGAGTAATC-1	1
asc.day0_GAACGGAAGCCCGAAA-1	4
asc.day0_GAACGGACAAGCTGGA-1	5
asc.day0_GAACGGACAAGTTCTG-1	1
asc.day0_GAACGGACAATCTGCA-1	1
asc.day0_GAACGGACAGATTGCT-1	1
asc.day0_GAACGGACATCACGTA-1	2
asc.day0_GAACGGACATCAGTCA-1	5
asc.day0_GAACGGACATGTTGAC-1	1
asc.day0_GAACGGAGTAGCCTAT-1	1
asc.day0_GAACGGAGTCGTCTTC-1	1
asc.day0_GAACGGATCATTGCGA-1	1
asc.day0_GAACGGATCCATGCTC-1	1
asc.day0_GAACGGATCGGAAACG-1	1
asc.day0_GAACGGATCTGTACGA-1	5
asc.day0_GAACGGATCTTCGGTC-1	2
asc.day0_GAAGCAGAGATCGGGT-1	1
asc.day0_GAAGCAGAGCACCGTC-1	3
asc.day0_GAAGCAGAGCTACCGC-1	2
asc.day0_GAAGCAGAGGACAGAA-1	1
asc.day0_GAAGCAGAGGCATTGG-1	2
asc.day0_GAAGCAGAGGCCGAAT-1	1
asc.day0_GAAGCAGCACACGCTG-1	3
asc.day0_GAAGCAGCACGAGGTA-1	1
asc.day0_GAAGCAGGTACCGAGA-1	5
asc.day0_GAAGCAGGTCATTAGC-1	3
asc.day0_GAAGCAGGTCGGGTCT-1	1
asc.day0_GAAGCAGGTGAGTATA-1	5
asc.day0_GAAGCAGGTTCCACAA-1	3
asc.day0_GAAGCAGGTTCCTCCA-1	1
asc.day0_GAAGCAGGTTCGTGAT-1	4
asc.day0_GAAGCAGTCAGTTTGG-1	5
asc.day0_GAAGCAGTCATTCACT-1	2
asc.day0_GAAGCAGTCGAATGGG-1	1
asc.day0_GAAGCAGTCGGCGCTA-1	5
asc.day0_GAAGCAGTCGTGGTCG-1	4
asc.day0_GAAGCAGTCTGTCCGT-1	3
asc.day0_GAATAAGAGCTAGTCT-1	5
asc.day0_GAATAAGAGTACACCT-1	8
asc.day0_GAATAAGAGTCGTACT-1	1
asc.day0_GAATAAGAGTTTAGGA-1	1
asc.day0_GAATAAGCAGGTCCAC-1	1
asc.day0_GAATAAGCAGTTTACG-1	5
asc.day0_GAATAAGCATTTGCCC-1	5
asc.day0_GAATAAGGTAGAGCTG-1	1
asc.day0_GAATAAGGTAGCTCCG-1	5
asc.day0_GAATAAGGTAGTGAAT-1	1
asc.day0_GAATAAGGTCACAAGG-1	3
asc.day0_GAATAAGGTCCGTCAG-1	5
asc.day0_GAATAAGGTTTGTTGG-1	1
asc.day0_GAATAAGTCATTGCGA-1	2
asc.day0_GAATAAGTCGAACGGA-1	1
asc.day0_GAATGAAAGCAATATG-1	4
asc.day0_GAATGAAAGGAGCGTT-1	1
asc.day0_GAATGAAAGTACGTAA-1	5
asc.day0_GAATGAACAAAGCAAT-1	5
asc.day0_GAATGAACACATCTTT-1	3
asc.day0_GAATGAACAGGTCGTC-1	3
asc.day0_GAATGAACATCGGGTC-1	4
asc.day0_GAATGAAGTAGCGTGA-1	3
asc.day0_GAATGAAGTCTAGCCG-1	1
asc.day0_GAATGAAGTCTCAACA-1	1
asc.day0_GAATGAAGTCTTTCAT-1	3
asc.day0_GAATGAAGTGATGTGG-1	1
asc.day0_GAATGAAGTTAAGTAG-1	2
asc.day0_GAATGAAGTTACGACT-1	1
asc.day0_GAATGAAGTTTGACTG-1	2
asc.day0_GAATGAATCGCGTAGC-1	1
asc.day0_GAATGAATCTATCCTA-1	1
asc.day0_GACACGCAGAACTGTA-1	3
asc.day0_GACACGCAGTGCCATT-1	7
asc.day0_GACACGCCAATGGACG-1	3
asc.day0_GACACGCCACAACTGT-1	3
asc.day0_GACACGCCACAGGCCT-1	3
asc.day0_GACACGCGTCGCTTCT-1	1
asc.day0_GACACGCGTGAACCTT-1	5
asc.day0_GACACGCGTTCACCTC-1	3
asc.day0_GACACGCTCCCTTGCA-1	1
asc.day0_GACAGAGAGCCACGTC-1	2
asc.day0_GACAGAGAGCCGGTAA-1	3
asc.day0_GACAGAGCAATGGAAT-1	2
asc.day0_GACAGAGCACATCCGG-1	1
asc.day0_GACAGAGCAGCCAGAA-1	2
asc.day0_GACAGAGCAGCCTATA-1	4
asc.day0_GACAGAGCATATACCG-1	1
asc.day0_GACAGAGGTACATCCA-1	1
asc.day0_GACAGAGGTCTCCCTA-1	6
asc.day0_GACAGAGGTTGGTGGA-1	3
asc.day0_GACAGAGTCAGCGATT-1	1
asc.day0_GACAGAGTCCGTTGCT-1	2
asc.day0_GACAGAGTCGAGAACG-1	2
asc.day0_GACAGAGTCGAGGTAG-1	3
asc.day0_GACAGAGTCTGCTTGC-1	5
asc.day0_GACCAATAGTGCCAGA-1	3
asc.day0_GACCAATGTACCATCA-1	1
asc.day0_GACCAATGTCAGAGGT-1	1
asc.day0_GACCAATGTCGCATCG-1	1
asc.day0_GACCAATGTTAGGGTG-1	2
asc.day0_GACCAATTCCGTTGTC-1	1
asc.day0_GACCAATTCCTAGGGC-1	1
asc.day0_GACCAATTCGTCGTTC-1	4
asc.day0_GACCTGGAGATGCGAC-1	5
asc.day0_GACCTGGAGGTCATCT-1	1
asc.day0_GACCTGGAGGTGCTTT-1	1
asc.day0_GACCTGGAGTAACCCT-1	1
asc.day0_GACCTGGCACACAGAG-1	5
asc.day0_GACCTGGCACCAGTTA-1	1
asc.day0_GACCTGGCACGAAAGC-1	1
asc.day0_GACCTGGCAGGACGTA-1	5
asc.day0_GACCTGGGTGGCTCCA-1	1
asc.day0_GACCTGGGTTAAGAAC-1	3
asc.day0_GACCTGGGTTAAGGGC-1	1
asc.day0_GACCTGGTCTCTGCTG-1	1
asc.day0_GACCTGGTCTGCGGCA-1	1
asc.day0_GACCTGGTCTTATCTG-1	2
asc.day0_GACGCGTAGCTAAGAT-1	4
asc.day0_GACGCGTAGGGCTTCC-1	3
asc.day0_GACGCGTAGTGGACGT-1	1
asc.day0_GACGCGTAGTGGTCCC-1	1
asc.day0_GACGCGTAGTTATCGC-1	2
asc.day0_GACGCGTCAAAGTGCG-1	4
asc.day0_GACGCGTCACCAGTTA-1	1
asc.day0_GACGCGTCACTAAGTC-1	1
asc.day0_GACGCGTCAGCTGTAT-1	1
asc.day0_GACGCGTCATCTCCCA-1	1
asc.day0_GACGCGTGTAACGCGA-1	2
asc.day0_GACGCGTGTATAAACG-1	3
asc.day0_GACGCGTGTGACGGTA-1	1
asc.day0_GACGCGTGTGTTAAGA-1	3
asc.day0_GACGCGTGTTATGTGC-1	6
asc.day0_GACGCGTGTTGGTGGA-1	1
asc.day0_GACGCGTTCAGGATCT-1	1
asc.day0_GACGCGTTCCATGAAC-1	1
asc.day0_GACGCGTTCGACAGCC-1	1
asc.day0_GACGCGTTCTGAGGGA-1	5
asc.day0_GACGCGTTCTTAGAGC-1	1
asc.day0_GACGGCTAGTACTTGC-1	4
asc.day0_GACGGCTCACATAACC-1	1
asc.day0_GACGGCTCACTGTGTA-1	5
asc.day0_GACGGCTCAGGGTACA-1	3
asc.day0_GACGGCTCATCACCCT-1	2
asc.day0_GACGGCTCATGCTAGT-1	3
asc.day0_GACGGCTCATTGGTAC-1	1
asc.day0_GACGGCTGTACCTACA-1	2
asc.day0_GACGGCTGTACTCTCC-1	1
asc.day0_GACGGCTGTAGCCTCG-1	1
asc.day0_GACGGCTGTATTAGCC-1	5
asc.day0_GACGGCTGTCATCGGC-1	3
asc.day0_GACGGCTGTGGAAAGA-1	3
asc.day0_GACGGCTGTTGGTTTG-1	1
asc.day0_GACGGCTTCCACGTGG-1	2
asc.day0_GACGGCTTCCCTAATT-1	5
asc.day0_GACGGCTTCTGCGTAA-1	3
asc.day0_GACGTGCAGAGGGATA-1	1
asc.day0_GACGTGCAGATCGGGT-1	3
asc.day0_GACGTGCAGGCTAGGT-1	3
asc.day0_GACGTGCAGTGCCATT-1	1
asc.day0_GACGTGCCATGCCTAA-1	1
asc.day0_GACGTGCGTACGCTGC-1	4
asc.day0_GACGTGCGTATGAAAC-1	3
asc.day0_GACGTGCGTCGCGAAA-1	1
asc.day0_GACGTGCTCTGCTTGC-1	1
asc.day0_GACGTTAAGAACAATC-1	3
asc.day0_GACGTTAAGAGACGAA-1	2
asc.day0_GACGTTAAGATAGGAG-1	1
asc.day0_GACGTTAAGATCGGGT-1	2
asc.day0_GACGTTAAGCGTAATA-1	1
asc.day0_GACGTTAAGCGTTCCG-1	4
asc.day0_GACGTTAAGTCCAGGA-1	1
asc.day0_GACGTTAAGTGAACAT-1	1
asc.day0_GACGTTAAGTGTACTC-1	4
asc.day0_GACGTTACAAGGTTCT-1	3
asc.day0_GACGTTACAGCCTGTG-1	2
asc.day0_GACGTTAGTACAGTGG-1	4
asc.day0_GACGTTAGTATGAATG-1	1
asc.day0_GACGTTAGTCCAGTGC-1	1
asc.day0_GACGTTAGTGCCTGTG-1	2
asc.day0_GACGTTATCGCGTAGC-1	2
asc.day0_GACGTTATCTATCGCC-1	1
asc.day0_GACTAACAGATGCCTT-1	3
asc.day0_GACTAACAGCCACTAT-1	5
asc.day0_GACTAACCAATGCCAT-1	1
asc.day0_GACTAACCACGTCTCT-1	3
asc.day0_GACTAACCATGGAATA-1	1
asc.day0_GACTAACGTACCGGCT-1	1
asc.day0_GACTAACGTAGATTAG-1	5
asc.day0_GACTAACGTCCGAATT-1	1
asc.day0_GACTAACGTGCTCTTC-1	2
asc.day0_GACTAACGTGTTTGTG-1	1
asc.day0_GACTAACGTTCAGCGC-1	6
asc.day0_GACTAACTCAACGGGA-1	5
asc.day0_GACTAACTCAGGTAAA-1	1
asc.day0_GACTAACTCCCATTAT-1	2
asc.day0_GACTAACTCCGGGTGT-1	6
asc.day0_GACTACAAGAGGTACC-1	1
asc.day0_GACTACAAGCAGGTCA-1	1
asc.day0_GACTACAAGCATCATC-1	3
asc.day0_GACTACAAGGAATGGA-1	4
asc.day0_GACTACAAGTAGGCCA-1	1
asc.day0_GACTACACAAGCTGGA-1	1
asc.day0_GACTACACACAGATTC-1	5
asc.day0_GACTACACACAGGCCT-1	2
asc.day0_GACTACACACTACAGT-1	1
asc.day0_GACTACACAGTAAGAT-1	1
asc.day0_GACTACACAGTCGTGC-1	4
asc.day0_GACTACAGTATGGTTC-1	5
asc.day0_GACTACAGTCATATGC-1	4
asc.day0_GACTACAGTCATGCAT-1	1
asc.day0_GACTACAGTCGCGTGT-1	2
asc.day0_GACTACAGTCGGATCC-1	3
asc.day0_GACTACAGTTCGAATC-1	1
asc.day0_GACTACAGTTGACGTT-1	1
asc.day0_GACTACATCACGACTA-1	1
asc.day0_GACTGCGAGATCGATA-1	2
asc.day0_GACTGCGAGCGATAGC-1	1
asc.day0_GACTGCGAGCTCCCAG-1	1
asc.day0_GACTGCGAGTGTCCCG-1	1
asc.day0_GACTGCGCAAAGCGGT-1	1
asc.day0_GACTGCGCAAGTTAAG-1	5
asc.day0_GACTGCGCAGCTATTG-1	3
asc.day0_GACTGCGCATCTACGA-1	4
asc.day0_GACTGCGCATTACCTT-1	5
asc.day0_GACTGCGGTACCTACA-1	1
asc.day0_GACTGCGGTAGGCTGA-1	1
asc.day0_GACTGCGGTCAACATC-1	2
asc.day0_GACTGCGTCCGCGCAA-1	3
asc.day0_GACTGCGTCCGTAGGC-1	2
asc.day0_GAGCAGAAGAAACGCC-1	1
asc.day0_GAGCAGAAGAGACTAT-1	3
asc.day0_GAGCAGAAGCAATATG-1	4
asc.day0_GAGCAGAAGCTAGTTC-1	1
asc.day0_GAGCAGAAGTCTCCTC-1	5
asc.day0_GAGCAGAAGTGCGATG-1	7
asc.day0_GAGCAGACAAGGTGTG-1	1
asc.day0_GAGCAGACAATACGCT-1	1
asc.day0_GAGCAGACACAAGCCC-1	2
asc.day0_GAGCAGACAGCCTATA-1	3
asc.day0_GAGCAGACATCGATTG-1	5
asc.day0_GAGCAGACATGCATGT-1	6
asc.day0_GAGCAGAGTCACACGC-1	5
asc.day0_GAGCAGAGTCGGCATC-1	4
asc.day0_GAGCAGAGTTCACGGC-1	5
asc.day0_GAGGTGAAGAATCTCC-1	3
asc.day0_GAGGTGAAGAGGACGG-1	1
asc.day0_GAGGTGAAGGTAGCCA-1	2
asc.day0_GAGGTGAAGTCCTCCT-1	2
asc.day0_GAGGTGAAGTCTCAAC-1	1
asc.day0_GAGGTGACAACTGGCC-1	1
asc.day0_GAGGTGACAATGACCT-1	4
asc.day0_GAGGTGACACACGCTG-1	3
asc.day0_GAGGTGACACCATGTA-1	1
asc.day0_GAGGTGACAGATTGCT-1	1
asc.day0_GAGGTGAGTCCGTTAA-1	3
asc.day0_GAGGTGAGTGTTGGGA-1	3
asc.day0_GAGGTGATCAAACCGT-1	3
asc.day0_GAGGTGATCAAGCCTA-1	1
asc.day0_GAGGTGATCTTACCGC-1	2
asc.day0_GAGTCCGAGCTGCGAA-1	2
asc.day0_GAGTCCGAGGACTGGT-1	1
asc.day0_GAGTCCGAGTCCTCCT-1	3
asc.day0_GAGTCCGAGTGTGAAT-1	1
asc.day0_GAGTCCGCAGCCAATT-1	1
asc.day0_GAGTCCGCATCCTTGC-1	5
asc.day0_GAGTCCGTCAATCTCT-1	4
asc.day0_GAGTCCGTCGGAAATA-1	1
asc.day0_GAGTCCGTCTAGAGTC-1	1
asc.day0_GAGTCCGTCTGTTTGT-1	5
asc.day0_GATCAGTAGCCCAGCT-1	2
asc.day0_GATCAGTCAAGCCGCT-1	1
asc.day0_GATCAGTCAGATCGGA-1	5
asc.day0_GATCAGTGTAGTACCT-1	1
asc.day0_GATCAGTGTGCACGAA-1	1
asc.day0_GATCAGTGTTCTGAAC-1	4
asc.day0_GATCAGTTCATGTGGT-1	3
asc.day0_GATCAGTTCCCAAGTA-1	3
asc.day0_GATCGATAGAGTTGGC-1	3
asc.day0_GATCGATAGATTACCC-1	3
asc.day0_GATCGATAGCCCAACC-1	3
asc.day0_GATCGATCACCTATCC-1	1
asc.day0_GATCGATCAGCCTTTC-1	2
asc.day0_GATCGATCAGTTCATG-1	3
asc.day0_GATCGATCATGTCGAT-1	1
asc.day0_GATCGATCATTTGCCC-1	5
asc.day0_GATCGATGTATGAAAC-1	4
asc.day0_GATCGATGTATTCGTG-1	1
asc.day0_GATCGATGTCTCTCTG-1	3
asc.day0_GATCGATGTGATAAGT-1	1
asc.day0_GATCGATGTTGGTTTG-1	3
asc.day0_GATCGATTCATAACCG-1	3
asc.day0_GATCGATTCATGTCTT-1	3
asc.day0_GATCGATTCTTTACGT-1	4
asc.day0_GATCGCGAGAGAACAG-1	3
asc.day0_GATCGCGAGAGTACCG-1	1
asc.day0_GATCGCGAGGCTCAGA-1	1
asc.day0_GATCGCGAGTGTGAAT-1	1
asc.day0_GATCGCGCAACTGCGC-1	5
asc.day0_GATCGCGCAAGCGATG-1	6
asc.day0_GATCGCGCACATGGGA-1	3
asc.day0_GATCGCGCACCGAAAG-1	1
asc.day0_GATCGCGCAGTGACAG-1	1
asc.day0_GATCGCGCATGTCTCC-1	3
asc.day0_GATCGCGGTAGCGTCC-1	1
asc.day0_GATCGCGGTCGAAAGC-1	1
asc.day0_GATCGCGGTGAACCTT-1	5
asc.day0_GATCGCGTCCGAACGC-1	3
asc.day0_GATCGCGTCTCCCTGA-1	1
asc.day0_GATCGCGTCTTAGAGC-1	5
asc.day0_GATCGTAAGATTACCC-1	1
asc.day0_GATCGTAAGCGATAGC-1	5
asc.day0_GATCGTAAGCGTGAAC-1	1
asc.day0_GATCGTAAGGCAGTCA-1	1
asc.day0_GATCGTAAGTCATGCT-1	4
asc.day0_GATCGTAAGTGGGCTA-1	1
asc.day0_GATCGTACAAAGTCAA-1	1
asc.day0_GATCGTACAACAACCT-1	3
asc.day0_GATCGTACAAGCTGAG-1	1
asc.day0_GATCGTACACACCGAC-1	2
asc.day0_GATCGTACACCACGTG-1	2
asc.day0_GATCGTACACCAGATT-1	1
asc.day0_GATCGTACAGGGAGAG-1	1
asc.day0_GATCGTAGTACGAAAT-1	2
asc.day0_GATCGTAGTGACGGTA-1	2
asc.day0_GATCGTATCGTCCAGG-1	1
asc.day0_GATCTAGAGAGCTGCA-1	3
asc.day0_GATCTAGAGAGTAATC-1	1
asc.day0_GATCTAGAGATATGGT-1	1
asc.day0_GATCTAGAGCTGAAAT-1	4
asc.day0_GATCTAGAGGGTGTGT-1	3
asc.day0_GATCTAGAGGTCGGAT-1	1
asc.day0_GATCTAGAGTCATGCT-1	1
asc.day0_GATCTAGCAAGCTGGA-1	4
asc.day0_GATCTAGCAATAAGCA-1	5
asc.day0_GATCTAGCACAGACAG-1	1
asc.day0_GATCTAGCAGCCTTGG-1	5
asc.day0_GATCTAGGTACCATCA-1	3
asc.day0_GATCTAGGTACCGTAT-1	2
asc.day0_GATGAAAAGAGTGAGA-1	5
asc.day0_GATGAAAAGCTCAACT-1	1
asc.day0_GATGAAACACCGTTGG-1	1
asc.day0_GATGAAACAGACTCGC-1	3
asc.day0_GATGAAACAGCAGTTT-1	4
asc.day0_GATGAAACATCCGGGT-1	3
asc.day0_GATGAAACATGTCGAT-1	4
asc.day0_GATGAAAGTAAATGAC-1	3
asc.day0_GATGAAAGTCAGCTAT-1	1
asc.day0_GATGAAAGTCCTCCAT-1	1
asc.day0_GATGAAAGTCGAAAGC-1	1
asc.day0_GATGAAATCAGTACGT-1	4
asc.day0_GATGAAATCATCGGAT-1	3
asc.day0_GATGAAATCCCATTAT-1	3
asc.day0_GATGAAATCGGTGTCG-1	3
asc.day0_GATGAGGAGAAGATTC-1	1
asc.day0_GATGAGGAGTGACTCT-1	1
asc.day0_GATGAGGCACACATGT-1	3
asc.day0_GATGAGGCACAGACTT-1	2
asc.day0_GATGAGGCACATCTTT-1	4
asc.day0_GATGAGGCACGGCGTT-1	3
asc.day0_GATGAGGCACGTGAGA-1	1
asc.day0_GATGAGGGTAGGGACT-1	3
asc.day0_GATGAGGGTCATCGGC-1	2
asc.day0_GATGAGGGTCGGCATC-1	1
asc.day0_GATGAGGGTTAGGGTG-1	3
asc.day0_GATGAGGTCCTCTAGC-1	1
asc.day0_GATGCTAAGTCCGTAT-1	2
asc.day0_GATGCTACAAGGTTCT-1	2
asc.day0_GATGCTACAGACTCGC-1	1
asc.day0_GATGCTACAGTAAGAT-1	5
asc.day0_GATGCTACATGTAAGA-1	1
asc.day0_GATGCTAGTAAGTGTA-1	1
asc.day0_GATGCTAGTAATAGCA-1	1
asc.day0_GATGCTAGTAGTACCT-1	3
asc.day0_GATGCTAGTATCAGTC-1	5
asc.day0_GATGCTAGTGAGGGAG-1	3
asc.day0_GATGCTAGTGCCTGTG-1	5
asc.day0_GATGCTAGTTAAGATG-1	3
asc.day0_GATGCTATCAAGATCC-1	3
asc.day0_GATGCTATCCCTGACT-1	1
asc.day0_GATGCTATCGCCGTGA-1	1
asc.day0_GATGCTATCGGTCTAA-1	2
asc.day0_GATTCAGAGAAACCGC-1	3
asc.day0_GATTCAGAGACGCTTT-1	4
asc.day0_GATTCAGAGCCGGTAA-1	4
asc.day0_GATTCAGAGCGATCCC-1	5
asc.day0_GATTCAGCAAGCGCTC-1	1
asc.day0_GATTCAGCACTTCTGC-1	3
asc.day0_GATTCAGCAGTCGATT-1	4
asc.day0_GATTCAGGTACTCGCG-1	1
asc.day0_GATTCAGGTAGAAGGA-1	2
asc.day0_GATTCAGGTCGTTGTA-1	4
asc.day0_GATTCAGGTCTCCCTA-1	1
asc.day0_GATTCAGTCAAAGACA-1	2
asc.day0_GATTCAGTCAAGCCTA-1	4
asc.day0_GATTCAGTCCAGATCA-1	1
asc.day0_GCAAACTAGATAGCAT-1	1
asc.day0_GCAAACTCAAAGAATC-1	2
asc.day0_GCAAACTCAGGGTATG-1	1
asc.day0_GCAAACTCATGAGCGA-1	3
asc.day0_GCAAACTGTCCTCTTG-1	1
asc.day0_GCAAACTGTTGCTCCT-1	1
asc.day0_GCAAACTTCAGGCCCA-1	2
asc.day0_GCAAACTTCATCGGAT-1	6
asc.day0_GCAAACTTCCACGTTC-1	1
asc.day0_GCAAACTTCCAGAAGG-1	1
asc.day0_GCAAACTTCGCGTAGC-1	1
asc.day0_GCAATCAAGCTAGTGG-1	1
asc.day0_GCAATCACATGAGCGA-1	1
asc.day0_GCAATCAGTAAATGTG-1	3
asc.day0_GCAATCAGTATTAGCC-1	5
asc.day0_GCAATCAGTCCGTCAG-1	3
asc.day0_GCAATCAGTCGACTGC-1	5
asc.day0_GCAATCAGTGTTCGAT-1	1
asc.day0_GCAATCAGTGTTCTTT-1	3
asc.day0_GCAATCATCCAAACAC-1	2
asc.day0_GCAATCATCTCTGCTG-1	1
asc.day0_GCACATAAGTAGTGCG-1	1
asc.day0_GCACATAAGTGCCAGA-1	3
asc.day0_GCACATAAGTGGGTTG-1	5
asc.day0_GCACATAAGTTCGCAT-1	3
asc.day0_GCACATACAATGCCAT-1	3
asc.day0_GCACATACATCTCCCA-1	2
asc.day0_GCACATAGTACTCGCG-1	2
asc.day0_GCACATAGTCCATGAT-1	1
asc.day0_GCACATAGTCGCATAT-1	1
asc.day0_GCACATAGTCTTCAAG-1	3
asc.day0_GCACATAGTGCCTTGG-1	2
asc.day0_GCACATATCCCTAATT-1	1
asc.day0_GCACATATCCGAATGT-1	1
asc.day0_GCACTCTAGCTATGCT-1	1
asc.day0_GCACTCTAGGCGACAT-1	3
asc.day0_GCACTCTCAACAACCT-1	1
asc.day0_GCACTCTCACTTCTGC-1	3
asc.day0_GCACTCTCAGGCAGTA-1	3
asc.day0_GCACTCTCAGGTCTCG-1	3
asc.day0_GCACTCTCATCGGGTC-1	1
asc.day0_GCACTCTGTAGCACGA-1	3
asc.day0_GCACTCTGTAGCTGCC-1	2
asc.day0_GCACTCTGTCCAAGTT-1	1
asc.day0_GCACTCTGTCGAAAGC-1	1
asc.day0_GCACTCTTCAGTTCGA-1	3
asc.day0_GCACTCTTCATGTCCC-1	3
asc.day0_GCACTCTTCGCTGATA-1	1
asc.day0_GCACTCTTCGTACGGC-1	1
asc.day0_GCACTCTTCTAACTGG-1	1
asc.day0_GCACTCTTCTCAAGTG-1	5
asc.day0_GCACTCTTCTTGCATT-1	4
asc.day0_GCAGCCAAGAAGGACA-1	2
asc.day0_GCAGCCAAGGTGCACA-1	1
asc.day0_GCAGCCAAGTCTTGCA-1	4
asc.day0_GCAGCCACACTAGTAC-1	3
asc.day0_GCAGCCACAGCTGGCT-1	3
asc.day0_GCAGCCACAGTGAGTG-1	2
asc.day0_GCAGCCACATGGAATA-1	2
asc.day0_GCAGCCAGTCATATCG-1	1
asc.day0_GCAGCCAGTCATTAGC-1	1
asc.day0_GCAGCCAGTCTACCTC-1	3
asc.day0_GCAGCCAGTGGCAAAC-1	1
asc.day0_GCAGCCATCGCCATAA-1	5
asc.day0_GCAGCCATCGGTGTTA-1	3
asc.day0_GCAGCCATCTCGTATT-1	4
asc.day0_GCAGTTAAGCCTATGT-1	4
asc.day0_GCAGTTAAGCTAACAA-1	1
asc.day0_GCAGTTAAGGTTACCT-1	3
asc.day0_GCAGTTACAACTTGAC-1	1
asc.day0_GCAGTTACAAGTCTAC-1	1
asc.day0_GCAGTTACATCCTAGA-1	1
asc.day0_GCAGTTAGTATTCTCT-1	1
asc.day0_GCAGTTAGTCATCCCT-1	1
asc.day0_GCAGTTAGTCTAACGT-1	3
asc.day0_GCAGTTAGTTACGCGC-1	3
asc.day0_GCAGTTAGTTGATTCG-1	1
asc.day0_GCAGTTATCTGTCTAT-1	1
asc.day0_GCATACAAGGCAAAGA-1	1
asc.day0_GCATACAAGTAGCGGT-1	2
asc.day0_GCATACACAAGTCTAC-1	1
asc.day0_GCATACACACTTGGAT-1	2
asc.day0_GCATACACATCTCGCT-1	2
asc.day0_GCATACAGTAGCTAAA-1	2
asc.day0_GCATACAGTAGGGTAC-1	3
asc.day0_GCATACAGTCACTGGC-1	1
asc.day0_GCATACAGTCTGATCA-1	2
asc.day0_GCATACAGTGCGGTAA-1	5
asc.day0_GCATACAGTGGACGAT-1	3
asc.day0_GCATACAGTGTCTGAT-1	1
asc.day0_GCATACAGTTAAGATG-1	1
asc.day0_GCATACAGTTCGGCAC-1	3
asc.day0_GCATACAGTTGCTCCT-1	1
asc.day0_GCATACATCAAACCGT-1	5
asc.day0_GCATACATCAGGATCT-1	1
asc.day0_GCATACATCCGAAGAG-1	1
asc.day0_GCATACATCCGAGCCA-1	2
asc.day0_GCATACATCCGTACAA-1	5
asc.day0_GCATACATCGATGAGG-1	1
asc.day0_GCATGATAGCTGCAAG-1	3
asc.day0_GCATGATAGGAATGGA-1	5
asc.day0_GCATGATAGGGAGTAA-1	4
asc.day0_GCATGATAGGGCTCTC-1	2
asc.day0_GCATGATAGGTGCTTT-1	3
asc.day0_GCATGATAGTGTGAAT-1	1
asc.day0_GCATGATCACCATGTA-1	3
asc.day0_GCATGATCATGCTAGT-1	1
asc.day0_GCATGATGTAATTGGA-1	3
asc.day0_GCATGATGTCAATACC-1	3
asc.day0_GCATGATGTCGCATCG-1	1
asc.day0_GCATGATGTGAGCGAT-1	1
asc.day0_GCATGATGTTACAGAA-1	2
asc.day0_GCATGATGTTCAGACT-1	1
asc.day0_GCATGATGTTCCGTCT-1	1
asc.day0_GCATGATGTTCGTCTC-1	1
asc.day0_GCATGATTCAGAAATG-1	1
asc.day0_GCATGATTCAGTCCCT-1	5
asc.day0_GCATGCGAGATCTGCT-1	1
asc.day0_GCATGCGAGGAGTTTA-1	1
asc.day0_GCATGCGAGGCGTACA-1	1
asc.day0_GCATGCGAGGGATCTG-1	1
asc.day0_GCATGCGAGGGCTCTC-1	1
asc.day0_GCATGCGAGTGTACGG-1	1
asc.day0_GCATGCGCAACGATGG-1	1
asc.day0_GCATGCGCAAGAAAGG-1	1
asc.day0_GCATGCGCAATAAGCA-1	3
asc.day0_GCATGCGCACTTACGA-1	5
asc.day0_GCATGCGCAGCCTTGG-1	1
asc.day0_GCATGCGCATATACCG-1	1
asc.day0_GCATGCGGTACAGTTC-1	4
asc.day0_GCATGCGGTATATGAG-1	1
asc.day0_GCATGCGGTATGGTTC-1	1
asc.day0_GCATGCGGTCGCGGTT-1	3
asc.day0_GCATGCGGTCTAGAGG-1	5
asc.day0_GCATGCGTCACGGTTA-1	4
asc.day0_GCATGCGTCACTCTTA-1	2
asc.day0_GCATGCGTCCGAATGT-1	1
asc.day0_GCATGCGTCTAAGCCA-1	1
asc.day0_GCATGTAGTAGTACCT-1	1
asc.day0_GCATGTAGTCAAAGCG-1	1
asc.day0_GCATGTATCAGGTAAA-1	1
asc.day0_GCATGTATCATACGGT-1	1
asc.day0_GCATGTATCCTACAGA-1	3
asc.day0_GCATGTATCCTTAATC-1	1
asc.day0_GCCAAATAGCGAAGGG-1	3
asc.day0_GCCAAATAGGATGGAA-1	1
asc.day0_GCCAAATAGTCCGGTC-1	3
asc.day0_GCCAAATAGTTCGCAT-1	3
asc.day0_GCCAAATAGTTGCAGG-1	5
asc.day0_GCCAAATCAAAGTCAA-1	2
asc.day0_GCCAAATCAACGATCT-1	2
asc.day0_GCCAAATCACATGTGT-1	5
asc.day0_GCCAAATCAGTCCTTC-1	4
asc.day0_GCCAAATGTGCAGACA-1	1
asc.day0_GCCAAATGTGCGAAAC-1	2
asc.day0_GCCAAATGTTTGCATG-1	1
asc.day0_GCCAAATGTTTGGGCC-1	3
asc.day0_GCCAAATTCATACGGT-1	4
asc.day0_GCCAAATTCCCGGATG-1	1
asc.day0_GCCAAATTCCGCGGTA-1	1
asc.day0_GCCAAATTCCTGCCAT-1	4
asc.day0_GCCAAATTCTTCGAGA-1	2
asc.day0_GCCAAATTCTTTCCTC-1	1
asc.day0_GCCTCTAAGAAGGGTA-1	2
asc.day0_GCCTCTAAGATAGCAT-1	1
asc.day0_GCCTCTAAGTGGGATC-1	1
asc.day0_GCCTCTACAAGACACG-1	3
asc.day0_GCCTCTACATATACGC-1	1
asc.day0_GCCTCTAGTCCGTGAC-1	1
asc.day0_GCCTCTAGTCCTGCTT-1	1
asc.day0_GCCTCTAGTTCCACTC-1	1
asc.day0_GCCTCTATCACTTACT-1	2
asc.day0_GCCTCTATCGCGGATC-1	5
asc.day0_GCGACCAAGACAATAC-1	5
asc.day0_GCGACCAAGCGACGTA-1	5
asc.day0_GCGACCAAGGACTGGT-1	1
asc.day0_GCGACCAAGGTAGCCA-1	1
asc.day0_GCGACCAAGGTCGGAT-1	4
asc.day0_GCGACCAAGTGCGATG-1	3
asc.day0_GCGACCACAAGACACG-1	1
asc.day0_GCGACCACAAGTCTAC-1	1
asc.day0_GCGACCACACCATCCT-1	5
asc.day0_GCGACCAGTAGTAGTA-1	1
asc.day0_GCGACCAGTCGAATCT-1	2
asc.day0_GCGACCAGTGCACTTA-1	1
asc.day0_GCGACCAGTTCACGGC-1	1
asc.day0_GCGACCATCAAACAAG-1	1
asc.day0_GCGACCATCTGATACG-1	1
asc.day0_GCGACCATCTGGCGTG-1	6
asc.day0_GCGACCATCTTGTTTG-1	1
asc.day0_GCGAGAAAGTGCTGCC-1	3
asc.day0_GCGAGAAAGTGTGGCA-1	1
asc.day0_GCGAGAAAGTTATCGC-1	3
asc.day0_GCGAGAACAATTCCTT-1	5
asc.day0_GCGAGAACATGTCTCC-1	3
asc.day0_GCGAGAAGTCTTCGTC-1	5
asc.day0_GCGAGAAGTTGGGACA-1	5
asc.day0_GCGAGAATCGCAAGCC-1	1
asc.day0_GCGAGAATCGTTTGCC-1	1
asc.day0_GCGCAACAGCTGCCCA-1	1
asc.day0_GCGCAACAGGTGATAT-1	1
asc.day0_GCGCAACAGGTGGGTT-1	2
asc.day0_GCGCAACCAAGGACAC-1	4
asc.day0_GCGCAACCACACAGAG-1	1
asc.day0_GCGCAACCACCCAGTG-1	2
asc.day0_GCGCAACCATGCCCGA-1	1
asc.day0_GCGCAACGTATCACCA-1	3
asc.day0_GCGCAACGTCATCGGC-1	1
asc.day0_GCGCAACGTTGATTCG-1	1
asc.day0_GCGCAACTCTAACTTC-1	1
asc.day0_GCGCAACTCTTACCTA-1	3
asc.day0_GCGCAACTCTTGTACT-1	1
asc.day0_GCGCAGTCAAAGCGGT-1	4
asc.day0_GCGCAGTCAAGCGCTC-1	1
asc.day0_GCGCAGTCAGTAAGCG-1	5
asc.day0_GCGCAGTCAGTATCTG-1	5
asc.day0_GCGCAGTCATCGATGT-1	1
asc.day0_GCGCAGTGTACCGAGA-1	1
asc.day0_GCGCAGTGTCTCTCGT-1	1
asc.day0_GCGCAGTGTTACTGAC-1	3
asc.day0_GCGCAGTTCAAACCGT-1	1
asc.day0_GCGCAGTTCCAGAAGG-1	1
asc.day0_GCGCAGTTCCGCATAA-1	1
asc.day0_GCGCCAAAGACCCACC-1	1
asc.day0_GCGCCAAAGATAGGAG-1	1
asc.day0_GCGCCAACAAACCCAT-1	3
asc.day0_GCGCCAACAAGGTTTC-1	2
asc.day0_GCGCCAACAGTCAGCC-1	1
asc.day0_GCGCCAAGTAGCTCCG-1	2
asc.day0_GCGCCAAGTAGGCATG-1	1
asc.day0_GCGCCAAGTCTTGCGG-1	3
asc.day0_GCGCCAATCACGCGGT-1	5
asc.day0_GCGCCAATCCCAAGAT-1	1
asc.day0_GCGCCAATCGTTACAG-1	1
asc.day0_GCGCGATAGAATGTTG-1	1
asc.day0_GCGCGATAGCGTAGTG-1	4
asc.day0_GCGCGATAGCGTGAGT-1	1
asc.day0_GCGCGATCAACGATCT-1	3
asc.day0_GCGCGATCAAGCCATT-1	4
asc.day0_GCGCGATCAATCTGCA-1	3
asc.day0_GCGCGATCACAGGCCT-1	3
asc.day0_GCGCGATCATAGAAAC-1	1
asc.day0_GCGCGATGTAATTGGA-1	1
asc.day0_GCGCGATTCAACGAAA-1	1
asc.day0_GCGCGATTCGACGGAA-1	2
asc.day0_GCGCGATTCTCCAGGG-1	2
asc.day0_GCGCGATTCTTTAGGG-1	1
asc.day0_GCGGGTTAGCTAGTCT-1	1
asc.day0_GCGGGTTAGCTATGCT-1	1
asc.day0_GCGGGTTAGGGTCGAT-1	3
asc.day0_GCGGGTTAGTCTCCTC-1	3
asc.day0_GCGGGTTCAAATACAG-1	1
asc.day0_GCGGGTTCAACGATCT-1	2
asc.day0_GCGGGTTCACCTATCC-1	5
asc.day0_GCGGGTTCACGGTAAG-1	1
asc.day0_GCGGGTTCACTACAGT-1	1
asc.day0_GCGGGTTCAGGTTTCA-1	1
asc.day0_GCGGGTTCAGTAAGCG-1	2
asc.day0_GCGGGTTCAGTGGAGT-1	2
asc.day0_GCGGGTTGTAAGCACG-1	1
asc.day0_GCGGGTTGTATCTGCA-1	2
asc.day0_GCGGGTTTCAACTCTT-1	4
asc.day0_GCGGGTTTCCTCAACC-1	1
asc.day0_GCGGGTTTCGGCTACG-1	1
asc.day0_GCTCCTAAGAGACTAT-1	1
asc.day0_GCTCCTAAGGAGCGAG-1	4
asc.day0_GCTCCTAAGGCTAGAC-1	1
asc.day0_GCTCCTAAGGTGTGGT-1	2
asc.day0_GCTCCTAAGTACATGA-1	1
asc.day0_GCTCCTAAGTGCCAGA-1	3
asc.day0_GCTCCTAAGTTAGCGG-1	1
asc.day0_GCTCCTACAAGCGATG-1	3
asc.day0_GCTCCTACACCTCGGA-1	5
asc.day0_GCTCCTACAGTCCTTC-1	1
asc.day0_GCTCCTAGTCAGGACA-1	3
asc.day0_GCTCCTAGTCATGCCG-1	1
asc.day0_GCTCCTAGTTATCCGA-1	1
asc.day0_GCTCCTATCAAGGCTT-1	3
asc.day0_GCTCCTATCCGAGCCA-1	1
asc.day0_GCTCTGTAGAGGGCTT-1	3
asc.day0_GCTCTGTAGGGCATGT-1	1
asc.day0_GCTCTGTGTAGGACAC-1	3
asc.day0_GCTCTGTGTCTGATTG-1	6
asc.day0_GCTCTGTTCAACGGGA-1	2
asc.day0_GCTCTGTTCACGACTA-1	1
asc.day0_GCTCTGTTCAGCAACT-1	1
asc.day0_GCTGCAGAGAGGTAGA-1	2
asc.day0_GCTGCAGAGCGCCTCA-1	2
asc.day0_GCTGCAGAGCTATGCT-1	2
asc.day0_GCTGCAGCAATGGAAT-1	3
asc.day0_GCTGCAGCAGATGGCA-1	1
asc.day0_GCTGCAGCAGTCTTCC-1	2
asc.day0_GCTGCAGCATATACCG-1	1
asc.day0_GCTGCAGCATGGTAGG-1	2
asc.day0_GCTGCAGCATTCCTCG-1	1
asc.day0_GCTGCAGGTCCGTGAC-1	4
asc.day0_GCTGCAGGTCGGCTCA-1	4
asc.day0_GCTGCAGGTGTGTGCC-1	3
asc.day0_GCTGCGAAGCCTTGAT-1	1
asc.day0_GCTGCGACATGTCGAT-1	1
asc.day0_GCTGCGAGTGACTACT-1	1
asc.day0_GCTGCGAGTTCTGGTA-1	1
asc.day0_GCTGCGATCCCAGGTG-1	1
asc.day0_GCTGCGATCGTATCAG-1	3
asc.day0_GCTGCGATCTCGATGA-1	5
asc.day0_GCTGCTTAGCTAAACA-1	2
asc.day0_GCTGCTTCAACTGCGC-1	1
asc.day0_GCTGCTTCAATGAAAC-1	1
asc.day0_GCTGCTTCAATGGAAT-1	1
asc.day0_GCTGCTTCACGAGGTA-1	4
asc.day0_GCTGCTTCAGGTTTCA-1	1
asc.day0_GCTGCTTCATGTCTCC-1	1
asc.day0_GCTGCTTGTAACGACG-1	2
asc.day0_GCTGCTTGTATAATGG-1	3
asc.day0_GCTGCTTGTCGATTGT-1	1
asc.day0_GCTGCTTGTTAAGATG-1	2
asc.day0_GCTGCTTTCAGCACAT-1	5
asc.day0_GCTGCTTTCGGCTACG-1	4
asc.day0_GCTGCTTTCGTGGGAA-1	1
asc.day0_GCTGGGTAGACTCGGA-1	1
asc.day0_GCTGGGTAGATCGATA-1	3
asc.day0_GCTGGGTAGGCATGGT-1	5
asc.day0_GCTGGGTCACAGGAGT-1	3
asc.day0_GCTGGGTCATCATCCC-1	2
asc.day0_GCTGGGTGTAGGACAC-1	4
asc.day0_GCTGGGTGTCGCTTCT-1	1
asc.day0_GCTGGGTGTGTTTGTG-1	1
asc.day0_GCTGGGTGTTCAACCA-1	1
asc.day0_GCTGGGTTCGCATGAT-1	1
asc.day0_GCTGGGTTCTCAACTT-1	1
asc.day0_GCTTCCAAGCGTGTCC-1	3
asc.day0_GCTTCCAAGCTCCTCT-1	1
asc.day0_GCTTCCACAATGGAAT-1	5
asc.day0_GCTTCCACACCTGGTG-1	1
asc.day0_GCTTCCACACTGAAGG-1	3
asc.day0_GCTTCCACACTGTTAG-1	2
asc.day0_GCTTCCACAGGGCATA-1	2
asc.day0_GCTTCCACAGTCTTCC-1	3
asc.day0_GCTTCCAGTCAGTGGA-1	1
asc.day0_GCTTCCAGTCGAGTTT-1	1
asc.day0_GCTTCCAGTTTGTGTG-1	5
asc.day0_GCTTCCATCAGCGATT-1	1
asc.day0_GCTTCCATCAGTTCGA-1	2
asc.day0_GCTTGAACAAAGGAAG-1	1
asc.day0_GCTTGAACACCCATTC-1	3
asc.day0_GCTTGAACAGGGAGAG-1	5
asc.day0_GCTTGAACATAAAGGT-1	1
asc.day0_GCTTGAAGTACATGTC-1	1
asc.day0_GCTTGAAGTGCAGGTA-1	1
asc.day0_GCTTGAAGTTGTGGCC-1	4
asc.day0_GCTTGAAGTTTGACAC-1	1
asc.day0_GCTTGAATCACAATGC-1	1
asc.day0_GCTTGAATCGTACGGC-1	1
asc.day0_GCTTGAATCTAACCGA-1	1
asc.day0_GCTTGAATCTGAAAGA-1	2
asc.day0_GCTTGAATCTGGCGAC-1	1
asc.day0_GCTTGAATCTTTAGTC-1	3
asc.day0_GGAAAGCAGACCGGAT-1	1
asc.day0_GGAAAGCAGGATCGCA-1	4
asc.day0_GGAAAGCAGGCAATTA-1	3
asc.day0_GGAAAGCAGGGTCGAT-1	1
asc.day0_GGAAAGCAGTTGAGAT-1	4
asc.day0_GGAAAGCCAGCGATCC-1	1
asc.day0_GGAAAGCCAGCGTTCG-1	3
asc.day0_GGAAAGCCATGAAGTA-1	1
asc.day0_GGAAAGCGTACTCTCC-1	1
asc.day0_GGAAAGCGTAGTGAAT-1	5
asc.day0_GGAAAGCGTATGAATG-1	1
asc.day0_GGAAAGCGTCAAGCGA-1	2
asc.day0_GGAAAGCGTGACTACT-1	2
asc.day0_GGAAAGCGTTCATGGT-1	5
asc.day0_GGAAAGCGTTTAAGCC-1	1
asc.day0_GGAAAGCTCATTCACT-1	1
asc.day0_GGAAAGCTCCACGACG-1	1
asc.day0_GGAACTTAGCTAGCCC-1	1
asc.day0_GGAACTTAGGACAGAA-1	5
asc.day0_GGAACTTAGGGAAACA-1	2
asc.day0_GGAACTTAGTAATCCC-1	1
asc.day0_GGAACTTAGTGTACTC-1	1
asc.day0_GGAACTTAGTTTGCGT-1	1
asc.day0_GGAACTTCAACACCCG-1	1
asc.day0_GGAACTTCAGCTATTG-1	1
asc.day0_GGAACTTCAGGTCTCG-1	3
asc.day0_GGAACTTCATAGACTC-1	1
asc.day0_GGAACTTCATCTATGG-1	2
asc.day0_GGAACTTGTAGCGATG-1	1
asc.day0_GGAACTTGTCCCGACA-1	1
asc.day0_GGAACTTGTGGCAAAC-1	3
asc.day0_GGAACTTGTGTAATGA-1	1
asc.day0_GGAACTTGTGTCGCTG-1	1
asc.day0_GGAACTTGTGTGGTTT-1	1
asc.day0_GGAACTTTCCAGTATG-1	1
asc.day0_GGAACTTTCCGCGTTT-1	4
asc.day0_GGAACTTTCGAATGGG-1	1
asc.day0_GGAACTTTCTGCAGTA-1	3
asc.day0_GGAATAAAGCGTTGCC-1	1
asc.day0_GGAATAAAGCTACCTA-1	6
asc.day0_GGAATAAAGGCTCTTA-1	3
asc.day0_GGAATAAAGGTGCACA-1	4
asc.day0_GGAATAAAGTCATCCA-1	1
asc.day0_GGAATAAAGTGACATA-1	1
asc.day0_GGAATAAAGTGATCGG-1	1
asc.day0_GGAATAACAAATTGCC-1	1
asc.day0_GGAATAACACCAGCAC-1	1
asc.day0_GGAATAACAGTACACT-1	1
asc.day0_GGAATAACATCGGAAG-1	3
asc.day0_GGAATAAGTGGGTCAA-1	4
asc.day0_GGAATAATCGCAAACT-1	1
asc.day0_GGAATAATCGCACTCT-1	1
asc.day0_GGAATAATCTAACTTC-1	1
asc.day0_GGACAAGAGCATCATC-1	3
asc.day0_GGACAAGAGCCATCGC-1	3
asc.day0_GGACAAGAGGATGTAT-1	1
asc.day0_GGACAAGAGGGCATGT-1	1
asc.day0_GGACAAGCACAAGCCC-1	3
asc.day0_GGACAAGCACACGCTG-1	1
asc.day0_GGACAAGCAGATCGGA-1	1
asc.day0_GGACAAGCAGTAACGG-1	1
asc.day0_GGACAAGCAGTAGAGC-1	1
asc.day0_GGACAAGCAGTCTTCC-1	3
asc.day0_GGACAAGCATACGCTA-1	3
asc.day0_GGACAAGCATGAACCT-1	3
asc.day0_GGACAAGTCCGAAGAG-1	1
asc.day0_GGACAAGTCGGCGCAT-1	1
asc.day0_GGACAAGTCTAGAGTC-1	5
asc.day0_GGACAAGTCTCCAGGG-1	2
asc.day0_GGACAAGTCTCGCATC-1	1
asc.day0_GGACAGAAGTCGAGTG-1	2
asc.day0_GGACAGAAGTGAAGAG-1	1
asc.day0_GGACAGAAGTGTCCAT-1	2
asc.day0_GGACAGACACTTAAGC-1	2
asc.day0_GGACAGACAGCTTCGG-1	1
asc.day0_GGACAGACAGTTCCCT-1	3
asc.day0_GGACAGACATCCAACA-1	1
asc.day0_GGACAGAGTAGGAGTC-1	1
asc.day0_GGACAGATCCCTAATT-1	1
asc.day0_GGACAGATCCGTAGTA-1	2
asc.day0_GGACAGATCCTTGCCA-1	1
asc.day0_GGACAGATCTCGAGTA-1	1
asc.day0_GGACATTAGACTGTAA-1	3
asc.day0_GGACATTAGCAGGTCA-1	1
asc.day0_GGACATTAGTAGTGCG-1	2
asc.day0_GGACATTAGTGTACGG-1	1
asc.day0_GGACATTCACATCTTT-1	5
asc.day0_GGACATTCACGAGAGT-1	3
asc.day0_GGACATTCATTTGCTT-1	1
asc.day0_GGACATTGTCGGCTCA-1	3
asc.day0_GGACATTGTCGTCTTC-1	1
asc.day0_GGACATTGTTGTGGCC-1	5
asc.day0_GGACATTTCGCGATCG-1	6
asc.day0_GGACATTTCTCTGCTG-1	2
asc.day0_GGACATTTCTTGTATC-1	3
asc.day0_GGACGTCAGATATGCA-1	1
asc.day0_GGACGTCAGTGGGATC-1	5
asc.day0_GGACGTCCAAGCTGAG-1	5
asc.day0_GGACGTCCACGCGAAA-1	5
asc.day0_GGACGTCCACGGTTTA-1	2
asc.day0_GGACGTCGTAAACCTC-1	1
asc.day0_GGACGTCGTACCGTAT-1	1
asc.day0_GGACGTCGTACGACCC-1	1
asc.day0_GGACGTCGTCAAAGCG-1	4
asc.day0_GGACGTCGTCGAACAG-1	1
asc.day0_GGACGTCGTCGTTGTA-1	4
asc.day0_GGACGTCGTTCCATGA-1	2
asc.day0_GGACGTCTCCTTAATC-1	2
asc.day0_GGACGTCTCGTATCAG-1	2
asc.day0_GGACGTCTCGTTGCCT-1	3
asc.day0_GGAGCAAAGAATGTTG-1	1
asc.day0_GGAGCAAAGACCACGA-1	5
asc.day0_GGAGCAAAGTGGCACA-1	2
asc.day0_GGAGCAAAGTTTCCTT-1	1
asc.day0_GGAGCAACACAACGTT-1	3
asc.day0_GGAGCAACACGGCTAC-1	5
asc.day0_GGAGCAACAGGAATCG-1	4
asc.day0_GGAGCAACAGTATGCT-1	1
asc.day0_GGAGCAACATTCTCAT-1	5
asc.day0_GGAGCAACATTGGCGC-1	1
asc.day0_GGAGCAAGTCGTTGTA-1	1
asc.day0_GGAGCAAGTTATCGGT-1	3
asc.day0_GGAGCAAGTTGTACAC-1	4
asc.day0_GGAGCAATCCGCAAGC-1	1
asc.day0_GGAGCAATCCGCAGTG-1	3
asc.day0_GGAGCAATCCGTACAA-1	2
asc.day0_GGAGCAATCCTTTACA-1	2
asc.day0_GGAGCAATCGCCTGAG-1	2
asc.day0_GGAGCAATCTAACCGA-1	5
asc.day0_GGATGTTAGATATGCA-1	3
asc.day0_GGATGTTAGATTACCC-1	2
asc.day0_GGATGTTAGGCATGTG-1	2
asc.day0_GGATGTTAGGCCCTTG-1	3
asc.day0_GGATGTTAGGTGCTAG-1	3
asc.day0_GGATGTTCAGCTTCGG-1	2
asc.day0_GGATGTTCAGGGTACA-1	3
asc.day0_GGATGTTGTAACGTTC-1	3
asc.day0_GGATGTTGTACCATCA-1	2
asc.day0_GGATGTTGTCTGGTCG-1	1
asc.day0_GGATGTTGTGCTTCTC-1	1
asc.day0_GGATGTTGTTATGTGC-1	4
asc.day0_GGATGTTGTTCCACAA-1	1
asc.day0_GGATGTTTCTACCAGA-1	3
asc.day0_GGATGTTTCTTCGAGA-1	2
asc.day0_GGATTACAGAGACTTA-1	1
asc.day0_GGATTACAGCGTTCCG-1	1
asc.day0_GGATTACAGCTGCGAA-1	4
asc.day0_GGATTACAGGGATCTG-1	1
asc.day0_GGATTACAGGTAGCCA-1	4
asc.day0_GGATTACCACATAACC-1	3
asc.day0_GGATTACCACCGGAAA-1	1
asc.day0_GGATTACGTAGCGCAA-1	1
asc.day0_GGATTACGTCGCATAT-1	2
asc.day0_GGATTACGTGCAGTAG-1	1
asc.day0_GGATTACGTGTTGAGG-1	1
asc.day0_GGATTACGTTCTGGTA-1	1
asc.day0_GGATTACGTTGGTGGA-1	1
asc.day0_GGATTACGTTTCGCTC-1	2
asc.day0_GGATTACTCACCTCGT-1	1
asc.day0_GGATTACTCTCCCTGA-1	2
asc.day0_GGCAATTAGCACAGGT-1	1
asc.day0_GGCAATTAGGAATCGC-1	1
asc.day0_GGCAATTCAACAACCT-1	5
asc.day0_GGCAATTCACTATCTT-1	1
asc.day0_GGCAATTCATTGGCGC-1	4
asc.day0_GGCAATTGTATCTGCA-1	1
asc.day0_GGCAATTGTCCGAAGA-1	1
asc.day0_GGCAATTTCACATACG-1	1
asc.day0_GGCAATTTCACCGTAA-1	1
asc.day0_GGCAATTTCAGAGACG-1	5
asc.day0_GGCAATTTCTAGCACA-1	1
asc.day0_GGCAATTTCTTCGAGA-1	3
asc.day0_GGCCGATAGACCGGAT-1	1
asc.day0_GGCCGATAGCACAGGT-1	1
asc.day0_GGCCGATAGCCCAGCT-1	5
asc.day0_GGCCGATAGCGCCTTG-1	3
asc.day0_GGCCGATAGCTGATAA-1	1
asc.day0_GGCCGATAGTACGACG-1	2
asc.day0_GGCCGATAGTGACTCT-1	1
asc.day0_GGCCGATAGTTGAGTA-1	1
asc.day0_GGCCGATCAATGGAGC-1	1
asc.day0_GGCCGATCACATCCGG-1	1
asc.day0_GGCCGATCACCAGTTA-1	2
asc.day0_GGCCGATCACCCAGTG-1	1
asc.day0_GGCCGATCAGATCCAT-1	6
asc.day0_GGCCGATCAGGAATGC-1	4
asc.day0_GGCCGATCATCTATGG-1	1
asc.day0_GGCCGATCATTGTGCA-1	3
asc.day0_GGCCGATGTAGGCATG-1	1
asc.day0_GGCCGATGTAGTGAAT-1	5
asc.day0_GGCCGATGTATAAACG-1	1
asc.day0_GGCCGATGTATTACCG-1	1
asc.day0_GGCCGATGTCAGGACA-1	4
asc.day0_GGCCGATGTCTAAAGA-1	1
asc.day0_GGCCGATGTCTCTCGT-1	2
asc.day0_GGCCGATGTGACGCCT-1	5
asc.day0_GGCCGATGTTCACCTC-1	2
asc.day0_GGCCGATGTTGCTCCT-1	2
asc.day0_GGCCGATTCGTTGACA-1	4
asc.day0_GGCGACTAGAACAATC-1	1
asc.day0_GGCGACTAGAGGGATA-1	1
asc.day0_GGCGACTAGATCTGAA-1	1
asc.day0_GGCGACTAGATGGCGT-1	1
asc.day0_GGCGACTAGCGTTGCC-1	5
asc.day0_GGCGACTAGGACAGAA-1	3
asc.day0_GGCGACTAGGCTCAGA-1	3
asc.day0_GGCGACTAGTGGGCTA-1	1
asc.day0_GGCGACTCACCACCAG-1	1
asc.day0_GGCGACTCACCAGGTC-1	3
asc.day0_GGCGACTCACTTCTGC-1	5
asc.day0_GGCGACTCAGCTATTG-1	1
asc.day0_GGCGACTGTCCGTTAA-1	3
asc.day0_GGCGACTGTCGCGAAA-1	1
asc.day0_GGCGACTGTCGCTTTC-1	1
asc.day0_GGCGACTGTCTCTTTA-1	1
asc.day0_GGCGACTGTGGTTTCA-1	1
asc.day0_GGCGACTGTTCCATGA-1	5
asc.day0_GGCGACTTCACATAGC-1	1
asc.day0_GGCGACTTCATCATTC-1	2
asc.day0_GGCGACTTCATGTCCC-1	4
asc.day0_GGCGACTTCCAAATGC-1	5
asc.day0_GGCGACTTCCAAGCCG-1	5
asc.day0_GGCGACTTCGAACTGT-1	1
asc.day0_GGCGTGTCAAACAACA-1	1
asc.day0_GGCGTGTCAAGTTCTG-1	1
asc.day0_GGCGTGTCACCAGTTA-1	1
asc.day0_GGCGTGTCACCCATTC-1	3
asc.day0_GGCGTGTCACGTTGGC-1	1
asc.day0_GGCGTGTCAGCTATTG-1	1
asc.day0_GGCGTGTCATACGCCG-1	3
asc.day0_GGCGTGTCATTAACCG-1	2
asc.day0_GGCGTGTTCATTATCC-1	1
asc.day0_GGCGTGTTCATTGCGA-1	3
asc.day0_GGCGTGTTCCAAGCCG-1	1
asc.day0_GGCGTGTTCCTCATTA-1	7
asc.day0_GGCGTGTTCGACGGAA-1	1
asc.day0_GGCGTGTTCTGGCGAC-1	1
asc.day0_GGCGTGTTCTGTTTGT-1	1
asc.day0_GGCTCGAAGATATACG-1	3
asc.day0_GGCTCGAAGATGCCAG-1	7
asc.day0_GGCTCGAAGGCATGGT-1	2
asc.day0_GGCTCGAAGTTACGGG-1	1
asc.day0_GGCTCGACAAAGTCAA-1	1
asc.day0_GGCTCGACAAGCTGTT-1	2
asc.day0_GGCTCGACACACTGCG-1	1
asc.day0_GGCTCGACACAGTCGC-1	3
asc.day0_GGCTCGACACCAACCG-1	5
asc.day0_GGCTCGACATGAACCT-1	5
asc.day0_GGCTCGAGTACCGAGA-1	1
asc.day0_GGCTCGAGTCGAAAGC-1	1
asc.day0_GGCTCGAGTCGAGTTT-1	5
asc.day0_GGCTCGAGTTGAGTTC-1	1
asc.day0_GGCTCGAGTTGATTGC-1	4
asc.day0_GGCTCGATCGTAGGAG-1	1
asc.day0_GGCTGGTAGAAGGTGA-1	1
asc.day0_GGCTGGTAGCTAGGCA-1	3
asc.day0_GGCTGGTCACGTTGGC-1	1
asc.day0_GGCTGGTCATCTACGA-1	1
asc.day0_GGCTGGTCATGTCGAT-1	5
asc.day0_GGCTGGTCATTACCTT-1	2
asc.day0_GGCTGGTGTGACTCAT-1	3
asc.day0_GGCTGGTGTTTGTTTC-1	1
asc.day0_GGCTGGTTCAAGGTAA-1	1
asc.day0_GGCTGGTTCACCACCT-1	1
asc.day0_GGCTGGTTCCCGGATG-1	3
asc.day0_GGCTGGTTCGCGATCG-1	1
asc.day0_GGCTGGTTCTCTAGGA-1	1
asc.day0_GGGAATGAGCCAGTAG-1	4
asc.day0_GGGAATGAGGACAGCT-1	3
asc.day0_GGGAATGAGGGCACTA-1	2
asc.day0_GGGAATGCAACACCCG-1	1
asc.day0_GGGAATGCACGTAAGG-1	1
asc.day0_GGGAATGCAGCCAATT-1	1
asc.day0_GGGAATGCAGCTGTAT-1	2
asc.day0_GGGAATGCATCTGGTA-1	2
asc.day0_GGGAATGCATGTCGAT-1	6
asc.day0_GGGAATGGTCATGCAT-1	1
asc.day0_GGGAATGGTGCCTTGG-1	5
asc.day0_GGGAATGGTGTTGGGA-1	1
asc.day0_GGGAATGGTTATCGGT-1	4
asc.day0_GGGAATGTCAGAGACG-1	3
asc.day0_GGGAATGTCCGCATAA-1	1
asc.day0_GGGAATGTCTAACTGG-1	1
asc.day0_GGGAATGTCTAGCACA-1	4
asc.day0_GGGAATGTCTTACCTA-1	3
asc.day0_GGGACCTAGAAGATTC-1	1
asc.day0_GGGACCTAGACTGGGT-1	1
asc.day0_GGGACCTAGGTGATTA-1	6
asc.day0_GGGACCTAGTACATGA-1	1
asc.day0_GGGACCTAGTACGTAA-1	6
asc.day0_GGGACCTCAAGCCATT-1	1
asc.day0_GGGACCTCAAGCGTAG-1	1
asc.day0_GGGACCTCACCCTATC-1	5
asc.day0_GGGACCTGTGCAGACA-1	1
asc.day0_GGGACCTGTTTGTGTG-1	1
asc.day0_GGGACCTTCAACGCTA-1	1
asc.day0_GGGAGATAGAGGGCTT-1	2
asc.day0_GGGAGATAGAGTCTGG-1	1
asc.day0_GGGAGATAGCACCGTC-1	1
asc.day0_GGGAGATAGCTAGCCC-1	1
asc.day0_GGGAGATAGCTTTGGT-1	4
asc.day0_GGGAGATAGGTGCACA-1	5
asc.day0_GGGAGATAGTGACATA-1	5
asc.day0_GGGAGATAGTGCCATT-1	1
asc.day0_GGGAGATCAAAGGTGC-1	3
asc.day0_GGGAGATCACAGAGGT-1	6
asc.day0_GGGAGATCAGACGCAA-1	5
asc.day0_GGGAGATCAGGGCATA-1	5
asc.day0_GGGAGATCAGTCACTA-1	1
asc.day0_GGGAGATCATCGGAAG-1	1
asc.day0_GGGAGATGTAAGGGCT-1	1
asc.day0_GGGAGATGTAAGTTCC-1	6
asc.day0_GGGAGATGTTCGTCTC-1	1
asc.day0_GGGAGATTCCGAATGT-1	2
asc.day0_GGGAGATTCGGATGGA-1	3
asc.day0_GGGAGATTCTCGTTTA-1	2
asc.day0_GGGATGAAGAGTAATC-1	5
asc.day0_GGGATGAAGGGCACTA-1	1
asc.day0_GGGATGACACGGATAG-1	3
asc.day0_GGGATGACAGTTCATG-1	1
asc.day0_GGGATGACATCAGTAC-1	6
asc.day0_GGGATGAGTACCAGTT-1	2
asc.day0_GGGATGAGTCCATCCT-1	1
asc.day0_GGGATGAGTCTAAAGA-1	5
asc.day0_GGGATGAGTCTTCTCG-1	1
asc.day0_GGGATGAGTGAGGCTA-1	1
asc.day0_GGGATGATCACTCCTG-1	1
asc.day0_GGGATGATCAGGTTCA-1	2
asc.day0_GGGATGATCGCGCCAA-1	3
asc.day0_GGGCACTAGAACTGTA-1	5
asc.day0_GGGCACTAGAATTCCC-1	1
asc.day0_GGGCACTAGCGTTCCG-1	3
asc.day0_GGGCACTAGCTGATAA-1	5
asc.day0_GGGCACTAGGTGATAT-1	3
asc.day0_GGGCACTAGTCACGCC-1	1
asc.day0_GGGCACTCAACAACCT-1	1
asc.day0_GGGCACTCAACGATGG-1	3
asc.day0_GGGCACTCAAGAGTCG-1	1
asc.day0_GGGCACTCAAGGACTG-1	1
asc.day0_GGGCACTCACATAACC-1	1
asc.day0_GGGCACTCACTGTTAG-1	1
asc.day0_GGGCACTCAGGGCATA-1	1
asc.day0_GGGCACTCAGTCAGCC-1	1
asc.day0_GGGCACTCAGTTCCCT-1	5
asc.day0_GGGCACTCATATACCG-1	4
asc.day0_GGGCACTGTCAACTGT-1	1
asc.day0_GGGCACTGTCTTCAAG-1	2
asc.day0_GGGCACTTCGTCCGTT-1	5
asc.day0_GGGCATCAGAAACCGC-1	6
asc.day0_GGGCATCAGAAAGTGG-1	1
asc.day0_GGGCATCAGACGCAAC-1	1
asc.day0_GGGCATCAGGATGTAT-1	1
asc.day0_GGGCATCCAATAGCGG-1	3
asc.day0_GGGCATCCACACAGAG-1	4
asc.day0_GGGCATCCAGGTCTCG-1	3
asc.day0_GGGCATCGTATTCGTG-1	3
asc.day0_GGGCATCGTTCTGTTT-1	1
asc.day0_GGGCATCTCAACGGCC-1	2
asc.day0_GGGCATCTCATTGCGA-1	3
asc.day0_GGGCATCTCTCTAAGG-1	4
asc.day0_GGGTCTGAGAAGGTTT-1	3
asc.day0_GGGTCTGAGATATACG-1	3
asc.day0_GGGTCTGAGTGTTAGA-1	1
asc.day0_GGGTCTGAGTTAAGTG-1	2
asc.day0_GGGTCTGCAAATTGCC-1	3
asc.day0_GGGTCTGCAATGGACG-1	1
asc.day0_GGGTCTGCACGTAAGG-1	1
asc.day0_GGGTCTGCAGCCTGTG-1	5
asc.day0_GGGTCTGCAGCGTTCG-1	2
asc.day0_GGGTCTGCATGATCCA-1	1
asc.day0_GGGTCTGGTCGGCATC-1	5
asc.day0_GGGTCTGGTCTCCACT-1	4
asc.day0_GGGTCTGGTTAAGGGC-1	4
asc.day0_GGGTCTGTCGAATGCT-1	1
asc.day0_GGGTCTGTCGGAAATA-1	2
asc.day0_GGGTCTGTCGTGGGAA-1	1
asc.day0_GGGTTGCAGTCCATAC-1	1
asc.day0_GGGTTGCCAATGGAAT-1	5
asc.day0_GGGTTGCCAGACACTT-1	2
asc.day0_GGGTTGCCAGCCTATA-1	6
asc.day0_GGGTTGCCATACTCTT-1	5
asc.day0_GGGTTGCCATTACCTT-1	3
asc.day0_GGGTTGCGTAGAGCTG-1	1
asc.day0_GGGTTGCGTGAACCTT-1	1
asc.day0_GGGTTGCGTGGTAACG-1	3
asc.day0_GGGTTGCTCATGCATG-1	3
asc.day0_GGGTTGCTCCTCATTA-1	2
asc.day0_GGGTTGCTCGACGGAA-1	1
asc.day0_GGGTTGCTCGGTTAAC-1	5
asc.day0_GGGTTGCTCTGCTGTC-1	1
asc.day0_GGTATTGAGACCACGA-1	3
asc.day0_GGTATTGAGCCCAATT-1	1
asc.day0_GGTATTGAGCTGAACG-1	4
asc.day0_GGTATTGAGTATCGAA-1	2
asc.day0_GGTATTGAGTGTACTC-1	1
asc.day0_GGTATTGCAAATCCGT-1	1
asc.day0_GGTATTGCACACCGCA-1	1
asc.day0_GGTATTGCACATAACC-1	5
asc.day0_GGTATTGCACTAAGTC-1	1
asc.day0_GGTATTGCACTCAGGC-1	2
asc.day0_GGTATTGCACTGTCGG-1	1
asc.day0_GGTATTGCAGCTTAAC-1	4
asc.day0_GGTATTGGTCAGAAGC-1	3
asc.day0_GGTATTGGTCCAACTA-1	1
asc.day0_GGTATTGGTCTAGTCA-1	1
asc.day0_GGTATTGGTGCGCTTG-1	1
asc.day0_GGTATTGGTGTATGGG-1	2
asc.day0_GGTATTGGTTAAGGGC-1	4
asc.day0_GGTATTGGTTCGTCTC-1	4
asc.day0_GGTATTGGTTGATTGC-1	3
asc.day0_GGTATTGGTTGGGACA-1	5
asc.day0_GGTATTGTCACAGTAC-1	1
asc.day0_GGTATTGTCGGCTACG-1	5
asc.day0_GGTATTGTCTCCGGTT-1	4
asc.day0_GGTGAAGAGGCGTACA-1	4
asc.day0_GGTGAAGAGGTGACCA-1	3
asc.day0_GGTGAAGAGTTATCGC-1	1
asc.day0_GGTGAAGCAGAAGCAC-1	2
asc.day0_GGTGAAGCAGCATACT-1	1
asc.day0_GGTGAAGCAGCTGCAC-1	3
asc.day0_GGTGAAGCATAGACTC-1	1
asc.day0_GGTGAAGGTAATCGTC-1	4
asc.day0_GGTGAAGGTCTAGTGT-1	1
asc.day0_GGTGAAGTCAGCATGT-1	2
asc.day0_GGTGAAGTCGGTCTAA-1	2
asc.day0_GGTGAAGTCGTCTGAA-1	5
asc.day0_GGTGAAGTCTACGAGT-1	6
asc.day0_GGTGAAGTCTCTAAGG-1	1
asc.day0_GGTGAAGTCTGGCGTG-1	3
asc.day0_GGTGAAGTCTGGTATG-1	1
asc.day0_GGTGAAGTCTTCAACT-1	4
asc.day0_GGTGCGTAGAGATGAG-1	2
asc.day0_GGTGCGTAGTAATCCC-1	1
asc.day0_GGTGCGTCAACACCCG-1	1
asc.day0_GGTGCGTCACCACGTG-1	3
asc.day0_GGTGCGTCACTTAACG-1	1
asc.day0_GGTGCGTCAGCTGCAC-1	1
asc.day0_GGTGCGTGTACTCTCC-1	1
asc.day0_GGTGCGTGTCAGGACA-1	1
asc.day0_GGTGCGTGTTACCGAT-1	2
asc.day0_GGTGCGTGTTACGACT-1	2
asc.day0_GGTGCGTGTTTAAGCC-1	1
asc.day0_GGTGCGTTCAGCTCTC-1	1
asc.day0_GGTGCGTTCCATGAGT-1	1
asc.day0_GGTGCGTTCGCTGATA-1	1
asc.day0_GGTGTTAAGAACAACT-1	1
asc.day0_GGTGTTAAGACCCACC-1	3
asc.day0_GGTGTTAAGAGGTTGC-1	3
asc.day0_GGTGTTAAGCCTATGT-1	1
asc.day0_GGTGTTAAGCGTGTCC-1	3
asc.day0_GGTGTTAAGCGTTTAC-1	2
asc.day0_GGTGTTAAGTCACGCC-1	3
asc.day0_GGTGTTACAGCTATTG-1	2
asc.day0_GGTGTTACAGGAATCG-1	5
asc.day0_GGTGTTACAGGTGCCT-1	1
asc.day0_GGTGTTACATCCGCGA-1	1
asc.day0_GGTGTTACATGTCGAT-1	2
asc.day0_GGTGTTACATTGGCGC-1	1
asc.day0_GGTGTTAGTCTCCCTA-1	4
asc.day0_GGTGTTAGTGTAACGG-1	2
asc.day0_GGTGTTATCACAACGT-1	1
asc.day0_GGTGTTATCCATGAAC-1	1
asc.day0_GGTGTTATCGGATGGA-1	4
asc.day0_GGTGTTATCGGTGTCG-1	1
asc.day0_GGTGTTATCTGATTCT-1	1
asc.day0_GTAACGTAGCCGCCTA-1	3
asc.day0_GTAACGTAGCCGTCGT-1	2
asc.day0_GTAACGTAGGAGTACC-1	1
asc.day0_GTAACGTAGGATATAC-1	1
asc.day0_GTAACGTAGGTGCTAG-1	1
asc.day0_GTAACGTAGTGTCTCA-1	3
asc.day0_GTAACGTAGTTAACGA-1	1
asc.day0_GTAACGTCAGTCACTA-1	5
asc.day0_GTAACGTCAGTCTTCC-1	1
asc.day0_GTAACGTGTATAATGG-1	6
asc.day0_GTAACGTGTCACCCAG-1	2
asc.day0_GTAACGTGTTGAGTTC-1	1
asc.day0_GTAACGTTCACAATGC-1	3
asc.day0_GTAACGTTCGAGAACG-1	4
asc.day0_GTAACGTTCTGACCTC-1	3
asc.day0_GTAACGTTCTGGGCCA-1	1
asc.day0_GTAACTGAGATTACCC-1	4
asc.day0_GTAACTGCAATAAGCA-1	2
asc.day0_GTAACTGCACGGTGTC-1	3
asc.day0_GTAACTGCACTGCCAG-1	3
asc.day0_GTAACTGCATACCATG-1	1
asc.day0_GTAACTGGTAAGTGGC-1	3
asc.day0_GTAACTGGTCATATGC-1	3
asc.day0_GTAACTGGTTGTCTTT-1	1
asc.day0_GTAACTGTCACCTTAT-1	1
asc.day0_GTAACTGTCATAACCG-1	3
asc.day0_GTAACTGTCGCCCTTA-1	1
asc.day0_GTAACTGTCGGAGGTA-1	2
asc.day0_GTACGTAAGAAGGCCT-1	3
asc.day0_GTACGTAAGACTGGGT-1	3
asc.day0_GTACGTACAAGCCATT-1	1
asc.day0_GTACGTACAAGCCTAT-1	1
asc.day0_GTACGTACACCAGATT-1	5
asc.day0_GTACGTACAGACAAGC-1	1
asc.day0_GTACGTAGTACTCAAC-1	3
asc.day0_GTACGTAGTCTTGTCC-1	5
asc.day0_GTACGTAGTCTTTCAT-1	1
asc.day0_GTACGTATCAACTCTT-1	3
asc.day0_GTACGTATCGGGAGTA-1	1
asc.day0_GTACGTATCTCTAAGG-1	3
asc.day0_GTACTCCAGCTAGGCA-1	1
asc.day0_GTACTCCAGTGAACAT-1	5
asc.day0_GTACTCCAGTGGGATC-1	1
asc.day0_GTACTCCCACATCCGG-1	1
asc.day0_GTACTCCCAGGTGGAT-1	1
asc.day0_GTACTCCCATGTAGTC-1	5
asc.day0_GTACTCCTCAATAAGG-1	3
asc.day0_GTACTCCTCACCATAG-1	1
asc.day0_GTACTCCTCCAAACTG-1	1
asc.day0_GTACTCCTCCTCAACC-1	1
asc.day0_GTACTCCTCTACTCAT-1	1
asc.day0_GTACTTTAGTTCCACA-1	1
asc.day0_GTACTTTCAAGGACAC-1	2
asc.day0_GTACTTTCACGGATAG-1	6
asc.day0_GTACTTTCACTGTTAG-1	4
asc.day0_GTACTTTCAGCTGTAT-1	1
asc.day0_GTACTTTCAGGAATCG-1	1
asc.day0_GTACTTTGTACCGTAT-1	3
asc.day0_GTACTTTGTCACCTAA-1	1
asc.day0_GTACTTTGTCCGAGTC-1	6
asc.day0_GTACTTTGTTATCCGA-1	3
asc.day0_GTACTTTGTTTGGGCC-1	1
asc.day0_GTACTTTTCGAGAACG-1	1
asc.day0_GTACTTTTCTGGCGAC-1	2
asc.day0_GTAGGCCAGGATGTAT-1	3
asc.day0_GTAGGCCAGGCCCGTT-1	1
asc.day0_GTAGGCCAGTGGTCCC-1	5
asc.day0_GTAGGCCCAACAACCT-1	3
asc.day0_GTAGGCCCACCCTATC-1	3
asc.day0_GTAGGCCCACTTAAGC-1	1
asc.day0_GTAGGCCCAGACAAAT-1	3
asc.day0_GTAGGCCCAGCATACT-1	2
asc.day0_GTAGGCCGTCTAAACC-1	3
asc.day0_GTAGGCCGTGGCGAAT-1	3
asc.day0_GTAGGCCTCGGCATCG-1	2
asc.day0_GTAGTCAAGAATTGTG-1	3
asc.day0_GTAGTCAAGTAGCCGA-1	1
asc.day0_GTAGTCAAGTGACATA-1	3
asc.day0_GTAGTCACAAAGGAAG-1	3
asc.day0_GTAGTCACAAGCGCTC-1	1
asc.day0_GTAGTCACAAGCTGGA-1	1
asc.day0_GTAGTCACAAGTAGTA-1	1
asc.day0_GTAGTCACAATACGCT-1	1
asc.day0_GTAGTCACACGTCAGC-1	1
asc.day0_GTAGTCACACTCTGTC-1	3
asc.day0_GTAGTCACAGCTCGAC-1	1
asc.day0_GTAGTCACAGGTCCAC-1	1
asc.day0_GTAGTCACATATGGTC-1	5
asc.day0_GTAGTCAGTAAAGGAG-1	1
asc.day0_GTAGTCAGTAGCGTCC-1	4
asc.day0_GTAGTCAGTCAACTGT-1	2
asc.day0_GTAGTCAGTGCGAAAC-1	3
asc.day0_GTAGTCAGTTCGGCAC-1	1
asc.day0_GTAGTCATCAGCTCGG-1	1
asc.day0_GTAGTCATCCAAATGC-1	1
asc.day0_GTAGTCATCCACGAAT-1	3
asc.day0_GTAGTCATCCCTGACT-1	3
asc.day0_GTAGTCATCTGTGCAA-1	5
asc.day0_GTAGTCATCTTACCGC-1	1
asc.day0_GTATCTTAGGATGGTC-1	1
asc.day0_GTATCTTAGTCGAGTG-1	3
asc.day0_GTATCTTAGTGCGTGA-1	3
asc.day0_GTATCTTCATTGAGCT-1	1
asc.day0_GTATCTTGTTGATTGC-1	5
asc.day0_GTATTCTAGAACAATC-1	1
asc.day0_GTATTCTAGCCGATTT-1	1
asc.day0_GTATTCTAGCTAGCCC-1	1
asc.day0_GTATTCTAGGCAGGTT-1	3
asc.day0_GTATTCTCACAGTCGC-1	1
asc.day0_GTATTCTCAGCCTTTC-1	3
asc.day0_GTATTCTGTATAATGG-1	2
asc.day0_GTATTCTGTGATGATA-1	1
asc.day0_GTATTCTGTGCGATAG-1	1
asc.day0_GTATTCTGTTAAGTAG-1	1
asc.day0_GTATTCTTCAGCTCGG-1	1
asc.day0_GTATTCTTCTCGCATC-1	2
asc.day0_GTATTCTTCTTGAGAC-1	1
asc.day0_GTATTCTTCTTTAGTC-1	5
asc.day0_GTCAAGTAGACTTTCG-1	1
asc.day0_GTCAAGTAGCGTTGCC-1	1
asc.day0_GTCAAGTAGCTAGGCA-1	1
asc.day0_GTCAAGTAGCTCAACT-1	2
asc.day0_GTCAAGTCACTTAAGC-1	1
asc.day0_GTCAAGTCAGCCACCA-1	1
asc.day0_GTCAAGTCAGGTCGTC-1	2
asc.day0_GTCAAGTCATGCCACG-1	3
asc.day0_GTCAAGTGTGCCTGTG-1	1
asc.day0_GTCAAGTGTTAGATGA-1	1
asc.day0_GTCAAGTTCAATACCG-1	5
asc.day0_GTCAAGTTCCCTCTTT-1	1
asc.day0_GTCAAGTTCCGCGGTA-1	4
asc.day0_GTCAAGTTCCTAGTGA-1	5
asc.day0_GTCAAGTTCCTTTCTC-1	1
asc.day0_GTCAAGTTCTTATCTG-1	3
asc.day0_GTCAAGTTCTTCATGT-1	3
asc.day0_GTCACAAAGAATGTTG-1	1
asc.day0_GTCACAAAGATATACG-1	2
asc.day0_GTCACAAAGATGTCGG-1	1
asc.day0_GTCACAAAGGCGTACA-1	1
asc.day0_GTCACAAAGTGGCACA-1	3
asc.day0_GTCACAAAGTTAGGTA-1	5
asc.day0_GTCACAACAAATCCGT-1	1
asc.day0_GTCACAACACCATCCT-1	1
asc.day0_GTCACAACACTGCCAG-1	3
asc.day0_GTCACAACAGTAAGCG-1	1
asc.day0_GTCACAACAGTGGGAT-1	1
asc.day0_GTCACAACATCGGAAG-1	1
asc.day0_GTCACAAGTAAACGCG-1	3
asc.day0_GTCACAAGTACATGTC-1	5
asc.day0_GTCACAAGTCTTTCAT-1	3
asc.day0_GTCACAAGTGCAACTT-1	1
asc.day0_GTCACAAGTGCATCTA-1	2
asc.day0_GTCACAAGTTCCAACA-1	3
asc.day0_GTCACAAGTTCTGTTT-1	1
asc.day0_GTCACAAGTTGCCTCT-1	1
asc.day0_GTCACAATCACGACTA-1	1
asc.day0_GTCACGGAGGCCGAAT-1	4
asc.day0_GTCACGGAGTATCTCG-1	2
asc.day0_GTCACGGAGTGTCCAT-1	1
asc.day0_GTCACGGCAAATCCGT-1	3
asc.day0_GTCACGGCAACACCTA-1	2
asc.day0_GTCACGGCAGGACGTA-1	3
asc.day0_GTCACGGCAGGGTTAG-1	1
asc.day0_GTCACGGCAGTATAAG-1	1
asc.day0_GTCACGGCATGCAATC-1	1
asc.day0_GTCACGGGTAAACCTC-1	5
asc.day0_GTCACGGGTACGAAAT-1	4
asc.day0_GTCACGGGTCAAAGCG-1	5
asc.day0_GTCACGGGTCTAGAGG-1	1
asc.day0_GTCACGGGTTGCGTTA-1	3
asc.day0_GTCACGGGTTTCCACC-1	1
asc.day0_GTCACGGTCAAACCGT-1	5
asc.day0_GTCACGGTCCAGAAGG-1	3
asc.day0_GTCACGGTCCAGTAGT-1	4
asc.day0_GTCACGGTCGGCGCTA-1	4
asc.day0_GTCACGGTCTGTGCAA-1	2
asc.day0_GTCATTTAGACAAAGG-1	2
asc.day0_GTCATTTAGAGGACGG-1	2
asc.day0_GTCATTTAGCCAGTAG-1	1
asc.day0_GTCATTTAGCTCCCAG-1	1
asc.day0_GTCATTTAGGCCGAAT-1	3
asc.day0_GTCATTTAGGCGCTCT-1	1
asc.day0_GTCATTTAGTTATCGC-1	1
asc.day0_GTCATTTCAACGATGG-1	3
asc.day0_GTCATTTCACCAGGCT-1	3
asc.day0_GTCATTTCATCGGGTC-1	1
asc.day0_GTCATTTGTAAATGAC-1	1
asc.day0_GTCATTTGTATCGCAT-1	5
asc.day0_GTCATTTGTCGGCACT-1	1
asc.day0_GTCATTTTCACTCCTG-1	1
asc.day0_GTCATTTTCCCATTTA-1	1
asc.day0_GTCATTTTCCTCTAGC-1	5
asc.day0_GTCATTTTCGTGGGAA-1	5
asc.day0_GTCATTTTCTATCGCC-1	1
asc.day0_GTCCTCAAGACTTGAA-1	2
asc.day0_GTCCTCAAGAGTACAT-1	1
asc.day0_GTCCTCACAAGCTGGA-1	1
asc.day0_GTCCTCACAGCCTATA-1	1
asc.day0_GTCCTCACAGCTTCGG-1	1
asc.day0_GTCCTCACAGTAAGAT-1	2
asc.day0_GTCCTCACATGATCCA-1	1
asc.day0_GTCCTCAGTCATGCAT-1	1
asc.day0_GTCCTCAGTCGTTGTA-1	1
asc.day0_GTCCTCAGTGTAATGA-1	1
asc.day0_GTCCTCAGTTACGTCA-1	4
asc.day0_GTCCTCAGTTGAACTC-1	3
asc.day0_GTCCTCATCATCATTC-1	2
asc.day0_GTCCTCATCCTTTACA-1	3
asc.day0_GTCCTCATCTCGATGA-1	2
asc.day0_GTCGGGTCAAGTTGTC-1	3
asc.day0_GTCGGGTCAATAACGA-1	1
asc.day0_GTCGGGTCACGGTAAG-1	3
asc.day0_GTCGGGTCATAGTAAG-1	1
asc.day0_GTCGGGTCATCCGCGA-1	6
asc.day0_GTCGGGTGTAAGTAGT-1	1
asc.day0_GTCGGGTGTAGAGCTG-1	5
asc.day0_GTCGGGTGTAGCGTCC-1	1
asc.day0_GTCGGGTGTTGCGCAC-1	5
asc.day0_GTCGGGTTCACTTCAT-1	1
asc.day0_GTCGTAAAGAGGTACC-1	2
asc.day0_GTCGTAAAGCGAAGGG-1	3
asc.day0_GTCGTAAAGGCGTACA-1	4
asc.day0_GTCGTAAAGGTGCACA-1	1
asc.day0_GTCGTAACACCAGATT-1	5
asc.day0_GTCGTAACATACTCTT-1	4
asc.day0_GTCGTAACATGCTAGT-1	1
asc.day0_GTCGTAAGTACACCGC-1	3
asc.day0_GTCGTAAGTACCAGTT-1	2
asc.day0_GTCGTAAGTACCGAGA-1	3
asc.day0_GTCGTAAGTCGAAAGC-1	1
asc.day0_GTCGTAAGTGCTGTAT-1	5
asc.day0_GTCGTAAGTTGTTTGG-1	1
asc.day0_GTCGTAATCGCGCCAA-1	1
asc.day0_GTCTCGTAGAAACCGC-1	2
asc.day0_GTCTCGTAGCGTGTCC-1	1
asc.day0_GTCTCGTAGCTAAGAT-1	3
asc.day0_GTCTCGTAGGACAGAA-1	7
asc.day0_GTCTCGTAGGTGACCA-1	4
asc.day0_GTCTCGTAGTCAAGGC-1	5
asc.day0_GTCTCGTCAAGGACTG-1	1
asc.day0_GTCTCGTCACAAGCCC-1	5
asc.day0_GTCTCGTCACTATCTT-1	2
asc.day0_GTCTCGTCAGACACTT-1	1
asc.day0_GTCTCGTCAGTCACTA-1	1
asc.day0_GTCTCGTCAGTCAGAG-1	1
asc.day0_GTCTCGTCATCCGGGT-1	4
asc.day0_GTCTCGTGTCCGTTAA-1	1
asc.day0_GTCTCGTGTGCGATAG-1	3
asc.day0_GTCTCGTGTGCTGTAT-1	6
asc.day0_GTCTCGTGTTACAGAA-1	5
asc.day0_GTCTCGTTCAGGCGAA-1	1
asc.day0_GTCTCGTTCCGAAGAG-1	1
asc.day0_GTCTCGTTCCGCAAGC-1	1
asc.day0_GTCTCGTTCTTGTTTG-1	1
asc.day0_GTCTTCGAGGCTAGCA-1	1
asc.day0_GTCTTCGAGTGTCCCG-1	2
asc.day0_GTCTTCGCAACTGGCC-1	1
asc.day0_GTCTTCGCACGCCAGT-1	6
asc.day0_GTCTTCGGTACAGACG-1	3
asc.day0_GTCTTCGGTAGCTCCG-1	1
asc.day0_GTCTTCGGTAGTACCT-1	2
asc.day0_GTCTTCGGTATATGGA-1	1
asc.day0_GTCTTCGGTCCAACTA-1	4
asc.day0_GTCTTCGGTCTAAACC-1	1
asc.day0_GTCTTCGGTGGTTTCA-1	1
asc.day0_GTCTTCGGTGTGCCTG-1	3
asc.day0_GTCTTCGGTTACGGAG-1	2
asc.day0_GTGAAGGAGAAGGTGA-1	1
asc.day0_GTGAAGGAGTGCGTGA-1	3
asc.day0_GTGAAGGCAATGGAGC-1	1
asc.day0_GTGAAGGCATGGGAAC-1	1
asc.day0_GTGAAGGCATGTTCCC-1	1
asc.day0_GTGAAGGGTAGCTTGT-1	3
asc.day0_GTGAAGGGTCGCATAT-1	2
asc.day0_GTGAAGGGTCTGGAGA-1	1
asc.day0_GTGAAGGGTGCGCTTG-1	1
asc.day0_GTGAAGGTCCTTTCTC-1	1
asc.day0_GTGAAGGTCGTCTGAA-1	2
asc.day0_GTGAAGGTCTATCGCC-1	1
asc.day0_GTGAAGGTCTCGCATC-1	3
asc.day0_GTGAAGGTCTGCCCTA-1	1
asc.day0_GTGAAGGTCTTATCTG-1	4
asc.day0_GTGCAGCAGCGTTGCC-1	5
asc.day0_GTGCAGCAGGGAGTAA-1	1
asc.day0_GTGCAGCAGTGGGATC-1	3
asc.day0_GTGCAGCAGTTTGCGT-1	1
asc.day0_GTGCAGCCACGCCAGT-1	1
asc.day0_GTGCAGCCACGTAAGG-1	1
asc.day0_GTGCAGCCATATACCG-1	1
asc.day0_GTGCAGCGTAGAGTGC-1	1
asc.day0_GTGCAGCGTAGCGATG-1	1
asc.day0_GTGCAGCGTCTAGCGC-1	1
asc.day0_GTGCAGCGTCTTGATG-1	1
asc.day0_GTGCAGCGTGACGGTA-1	1
asc.day0_GTGCAGCGTGCAACGA-1	3
asc.day0_GTGCAGCTCACAGGCC-1	1
asc.day0_GTGCAGCTCACTCTTA-1	1
asc.day0_GTGCAGCTCCCTCAGT-1	2
asc.day0_GTGCAGCTCCCTTGCA-1	4
asc.day0_GTGCAGCTCCGTCAAA-1	3
asc.day0_GTGCATAAGCGTCAAG-1	1
asc.day0_GTGCATAAGGATATAC-1	1
asc.day0_GTGCATAAGGTAGCCA-1	1
asc.day0_GTGCATACACAGACAG-1	5
asc.day0_GTGCATACACCACGTG-1	1
asc.day0_GTGCATACACCAGGTC-1	1
asc.day0_GTGCATACAGACTCGC-1	4
asc.day0_GTGCATACATATACGC-1	1
asc.day0_GTGCATACATCGATGT-1	4
asc.day0_GTGCATACATTGCGGC-1	1
asc.day0_GTGCATAGTCAATGTC-1	1
asc.day0_GTGCATAGTGAAGGCT-1	3
asc.day0_GTGCATAGTGTCCTCT-1	1
asc.day0_GTGCATATCAACTCTT-1	5
asc.day0_GTGCATATCCGTTGTC-1	1
asc.day0_GTGCGGTAGACAGAGA-1	5
asc.day0_GTGCGGTAGGACGAAA-1	4
asc.day0_GTGCGGTAGGTGACCA-1	5
asc.day0_GTGCGGTAGTTAGCGG-1	6
asc.day0_GTGCGGTCAAGTAATG-1	1
asc.day0_GTGCGGTCACCGGAAA-1	2
asc.day0_GTGCGGTCAGTAAGCG-1	1
asc.day0_GTGCGGTGTATCAGTC-1	1
asc.day0_GTGCGGTGTTAAGACA-1	2
asc.day0_GTGCGGTGTTCCCTTG-1	3
asc.day0_GTGCGGTGTTTGTTGG-1	3
asc.day0_GTGCGGTTCAAAGACA-1	3
asc.day0_GTGCGGTTCAACGGCC-1	1
asc.day0_GTGCGGTTCAACTCTT-1	4
asc.day0_GTGCTTCAGCACCGTC-1	2
asc.day0_GTGCTTCAGCGTTGCC-1	1
asc.day0_GTGCTTCAGTTGAGAT-1	5
asc.day0_GTGCTTCCACAGGCCT-1	1
asc.day0_GTGCTTCGTCCGAGTC-1	1
asc.day0_GTGCTTCTCCAGAAGG-1	1
asc.day0_GTGCTTCTCGGTCTAA-1	1
asc.day0_GTGCTTCTCTGTTGAG-1	3
asc.day0_GTGGGTCAGCTAACTC-1	3
asc.day0_GTGGGTCAGGCTCAGA-1	1
asc.day0_GTGGGTCAGGCTCATT-1	1
asc.day0_GTGGGTCAGTAATCCC-1	1
asc.day0_GTGGGTCCAAGCCATT-1	1
asc.day0_GTGGGTCCATGAACCT-1	4
asc.day0_GTGGGTCCATGGATGG-1	1
asc.day0_GTGGGTCGTACCCAAT-1	1
asc.day0_GTGGGTCGTACTCAAC-1	2
asc.day0_GTGGGTCGTAGCGATG-1	5
asc.day0_GTGGGTCGTTCGTGAT-1	3
asc.day0_GTGGGTCGTTTGACTG-1	1
asc.day0_GTGGGTCTCACATAGC-1	2
asc.day0_GTGGGTCTCACCAGGC-1	3
asc.day0_GTGGGTCTCAGTTGAC-1	2
asc.day0_GTGGGTCTCCACGCAG-1	1
asc.day0_GTGGGTCTCCTCATTA-1	1
asc.day0_GTGGGTCTCTGCTGCT-1	3
asc.day0_GTGTGCGAGAACTCGG-1	2
asc.day0_GTGTGCGAGTGTCCAT-1	3
asc.day0_GTGTGCGCACAGCGTC-1	5
asc.day0_GTGTGCGCACCCTATC-1	2
asc.day0_GTGTGCGCATACAGCT-1	1
asc.day0_GTGTGCGCATGACATC-1	1
asc.day0_GTGTGCGCATGCGCAC-1	1
asc.day0_GTGTGCGCATTTGCCC-1	5
asc.day0_GTGTGCGGTCCGCTGA-1	1
asc.day0_GTGTGCGGTTTGTTGG-1	5
asc.day0_GTGTGCGTCAGCTCTC-1	4
asc.day0_GTGTGCGTCTAACTCT-1	1
asc.day0_GTGTGCGTCTATCCTA-1	2
asc.day0_GTGTTAGAGCCAGGAT-1	2
asc.day0_GTGTTAGCAAACCTAC-1	3
asc.day0_GTGTTAGCATCACGTA-1	4
asc.day0_GTGTTAGCATGAGCGA-1	1
asc.day0_GTGTTAGCATTACGAC-1	1
asc.day0_GTGTTAGTCCTTGCCA-1	1
asc.day0_GTGTTAGTCCTTTCGG-1	3
asc.day0_GTTAAGCAGCGATCCC-1	1
asc.day0_GTTAAGCAGCGGATCA-1	1
asc.day0_GTTAAGCAGGCGACAT-1	1
asc.day0_GTTAAGCAGGCGCTCT-1	8
asc.day0_GTTAAGCCAAAGTGCG-1	3
asc.day0_GTTAAGCCATGCAACT-1	4
asc.day0_GTTAAGCGTAAATGTG-1	4
asc.day0_GTTAAGCGTAAGGGCT-1	4
asc.day0_GTTAAGCGTATATCCG-1	3
asc.day0_GTTAAGCGTCCGACGT-1	2
asc.day0_GTTAAGCTCAAAGACA-1	1
asc.day0_GTTAAGCTCACCATAG-1	3
asc.day0_GTTAAGCTCCGAATGT-1	1
asc.day0_GTTAAGCTCGCACTCT-1	1
asc.day0_GTTAAGCTCTCTTATG-1	5
asc.day0_GTTACAGAGTCTCGGC-1	1
asc.day0_GTTACAGAGTTAAGTG-1	2
asc.day0_GTTACAGCACCTGGTG-1	1
asc.day0_GTTACAGCAGCGTAAG-1	4
asc.day0_GTTACAGCATGTCGAT-1	3
asc.day0_GTTACAGGTAGCACGA-1	2
asc.day0_GTTACAGGTTCGTCTC-1	4
asc.day0_GTTACAGTCAGTGTTG-1	6
asc.day0_GTTACAGTCCCTTGCA-1	5
asc.day0_GTTACAGTCGGTGTCG-1	3
asc.day0_GTTCATTAGCACACAG-1	3
asc.day0_GTTCATTAGGTCATCT-1	3
asc.day0_GTTCATTAGTGAAGTT-1	1
asc.day0_GTTCATTAGTGAATTG-1	1
asc.day0_GTTCATTCAAAGGTGC-1	1
asc.day0_GTTCATTCACCAGGCT-1	2
asc.day0_GTTCATTCACGTCAGC-1	5
asc.day0_GTTCATTCATGGGAAC-1	1
asc.day0_GTTCATTGTATATGGA-1	3
asc.day0_GTTCATTGTGCACTTA-1	1
asc.day0_GTTCATTTCACTTCAT-1	5
asc.day0_GTTCATTTCCTACAGA-1	1
asc.day0_GTTCATTTCGTGGTCG-1	1
asc.day0_GTTCATTTCTACCTGC-1	1
asc.day0_GTTCATTTCTTGTTTG-1	1
asc.day0_GTTCGGGAGCTACCTA-1	4
asc.day0_GTTCGGGAGTTGTCGT-1	5
asc.day0_GTTCGGGCACCGATAT-1	1
asc.day0_GTTCGGGCACTAAGTC-1	1
asc.day0_GTTCGGGCATCGGTTA-1	1
asc.day0_GTTCGGGCATGCTGGC-1	1
asc.day0_GTTCGGGGTGGCGAAT-1	1
asc.day0_GTTCGGGTCAGAGGTG-1	1
asc.day0_GTTCGGGTCGGCGCTA-1	5
asc.day0_GTTCTCGAGCAGCCTC-1	1
asc.day0_GTTCTCGAGCGTCAAG-1	1
asc.day0_GTTCTCGAGTCTCGGC-1	5
asc.day0_GTTCTCGCACATTAGC-1	1
asc.day0_GTTCTCGCAGCCAATT-1	1
asc.day0_GTTCTCGCAGGTGGAT-1	1
asc.day0_GTTCTCGCATGGGAAC-1	1
asc.day0_GTTCTCGGTACTCTCC-1	2
asc.day0_GTTCTCGGTATCACCA-1	3
asc.day0_GTTCTCGGTCAGCTAT-1	1
asc.day0_GTTCTCGGTGCAACTT-1	5
asc.day0_GTTCTCGGTGGAAAGA-1	5
asc.day0_GTTCTCGGTGTCAATC-1	3
asc.day0_GTTCTCGGTTATGCGT-1	1
asc.day0_GTTCTCGTCCACGAAT-1	4
asc.day0_GTTCTCGTCCCTTGTG-1	1
asc.day0_GTTCTCGTCTTGCCGT-1	4
asc.day0_GTTTCTAAGATGTTAG-1	5
asc.day0_GTTTCTAAGCAGCGTA-1	5
asc.day0_GTTTCTAAGCCACTAT-1	1
asc.day0_GTTTCTAAGCTCAACT-1	1
asc.day0_GTTTCTAAGTCTTGCA-1	1
asc.day0_GTTTCTAAGTTCGATC-1	1
asc.day0_GTTTCTACAACACGCC-1	2
asc.day0_GTTTCTACAACCGCCA-1	1
asc.day0_GTTTCTACAAGCTGAG-1	1
asc.day0_GTTTCTACACCTTGTC-1	3
asc.day0_GTTTCTACACGAAATA-1	1
asc.day0_GTTTCTACATGGGACA-1	1
asc.day0_GTTTCTAGTAGCTTGT-1	2
asc.day0_GTTTCTAGTCATCGGC-1	6
asc.day0_GTTTCTAGTCATGCCG-1	3
asc.day0_GTTTCTAGTCTAACGT-1	1
asc.day0_GTTTCTAGTGCATCTA-1	1
asc.day0_GTTTCTAGTGTGTGCC-1	4
asc.day0_GTTTCTAGTTACCAGT-1	1
asc.day0_GTTTCTAGTTTGACTG-1	3
asc.day0_TAAACCGAGAGCCTAG-1	4
asc.day0_TAAACCGCAAGAAGAG-1	1
asc.day0_TAAACCGCAGCGTCCA-1	3
asc.day0_TAAACCGCAGCTGCAC-1	4
asc.day0_TAAACCGCAGGGTACA-1	4
asc.day0_TAAACCGCATACCATG-1	3
asc.day0_TAAACCGGTATAAACG-1	1
asc.day0_TAAACCGGTTACCAGT-1	1
asc.day0_TAAACCGTCTGCAAGT-1	3
asc.day0_TAAGAGAAGAACAACT-1	4
asc.day0_TAAGAGAAGCTCAACT-1	1
asc.day0_TAAGAGACAATCGAAA-1	2
asc.day0_TAAGAGACAATGAAAC-1	5
asc.day0_TAAGAGACAGCTATTG-1	1
asc.day0_TAAGAGACATTAACCG-1	1
asc.day0_TAAGAGAGTAGGAGTC-1	1
asc.day0_TAAGAGAGTCAATGTC-1	1
asc.day0_TAAGAGAGTCGCGAAA-1	3
asc.day0_TAAGAGAGTGCAGACA-1	2
asc.day0_TAAGAGAGTGTCGCTG-1	1
asc.day0_TAAGAGAGTGTTCTTT-1	3
asc.day0_TAAGAGAGTGTTTGTG-1	4
asc.day0_TAAGAGATCAGCGACC-1	2
asc.day0_TAAGAGATCGTAGATC-1	1
asc.day0_TAAGAGATCGTCACGG-1	3
asc.day0_TAAGAGATCTGCTGTC-1	4
asc.day0_TAAGAGATCTTCGAGA-1	3
asc.day0_TAAGCGTAGAGTGACC-1	5
asc.day0_TAAGCGTAGCCTATGT-1	3
asc.day0_TAAGCGTAGGTACTCT-1	7
asc.day0_TAAGCGTAGGTGGGTT-1	3
asc.day0_TAAGCGTAGTGAATTG-1	5
asc.day0_TAAGCGTAGTGCTGCC-1	1
asc.day0_TAAGCGTCAATTCCTT-1	1
asc.day0_TAAGCGTCACCTTGTC-1	3
asc.day0_TAAGCGTCACGGTAAG-1	2
asc.day0_TAAGCGTCATTCTTAC-1	2
asc.day0_TAAGCGTGTCCGACGT-1	5
asc.day0_TAAGCGTGTCGGCTCA-1	1
asc.day0_TAAGCGTGTCTCTTAT-1	2
asc.day0_TAAGCGTGTGCAGTAG-1	3
asc.day0_TAAGCGTGTTGTGGCC-1	6
asc.day0_TAAGCGTTCAGTGCAT-1	1
asc.day0_TAAGCGTTCCTGCTTG-1	4
asc.day0_TAAGTGCAGAATCTCC-1	2
asc.day0_TAAGTGCAGACATAAC-1	2
asc.day0_TAAGTGCAGGGTGTTG-1	1
asc.day0_TAAGTGCCAAGGACTG-1	3
asc.day0_TAAGTGCCACTATCTT-1	1
asc.day0_TAAGTGCCACTCGACG-1	2
asc.day0_TAAGTGCGTAGGGTAC-1	3
asc.day0_TAAGTGCGTCGGCATC-1	3
asc.day0_TAAGTGCTCTGGGCCA-1	1
asc.day0_TACACGAAGACTTTCG-1	5
asc.day0_TACACGAAGCACCGTC-1	3
asc.day0_TACACGAAGCCACTAT-1	1
asc.day0_TACACGAAGTACGACG-1	1
asc.day0_TACACGACAAGTAATG-1	3
asc.day0_TACACGACAGTATAAG-1	1
asc.day0_TACACGAGTACCCAAT-1	1
asc.day0_TACACGAGTCAAAGAT-1	1
asc.day0_TACACGAGTCGGCATC-1	1
asc.day0_TACACGAGTTCGTCTC-1	5
asc.day0_TACACGATCACCACCT-1	3
asc.day0_TACACGATCACGACTA-1	2
asc.day0_TACACGATCCTAAGTG-1	4
asc.day0_TACACGATCCTGCAGG-1	1
asc.day0_TACACGATCGCACTCT-1	2
asc.day0_TACAGTGAGACAAAGG-1	2
asc.day0_TACAGTGAGATGTGGC-1	1
asc.day0_TACAGTGAGCAACGGT-1	1
asc.day0_TACAGTGAGTTGAGTA-1	1
asc.day0_TACAGTGCAAATCCGT-1	3
asc.day0_TACAGTGCAAGACACG-1	1
asc.day0_TACAGTGCAAGGTTTC-1	3
asc.day0_TACAGTGCACGAGGTA-1	5
asc.day0_TACAGTGCATCGTCGG-1	1
asc.day0_TACAGTGGTGGGTATG-1	4
asc.day0_TACAGTGGTTACGACT-1	5
asc.day0_TACAGTGTCAGAGCTT-1	1
asc.day0_TACAGTGTCAGGCGAA-1	1
asc.day0_TACAGTGTCGGGAGTA-1	1
asc.day0_TACAGTGTCGTGGTCG-1	3
asc.day0_TACCTATAGTGGCACA-1	1
asc.day0_TACCTATCACCAGTTA-1	1
asc.day0_TACCTATGTAGATTAG-1	1
asc.day0_TACCTATGTATATGGA-1	1
asc.day0_TACCTATGTCTACCTC-1	2
asc.day0_TACCTATGTTCCGGCA-1	3
asc.day0_TACCTATTCACCTCGT-1	4
asc.day0_TACCTATTCACGCATA-1	3
asc.day0_TACCTATTCAGTTAGC-1	1
asc.day0_TACCTATTCTGGCGTG-1	1
asc.day0_TACCTATTCTTGCCGT-1	1
asc.day0_TACCTTAAGAATGTGT-1	2
asc.day0_TACCTTAAGACCACGA-1	3
asc.day0_TACCTTAAGGAGCGTT-1	1
asc.day0_TACCTTAAGTAGCCGA-1	5
asc.day0_TACCTTACACATAACC-1	1
asc.day0_TACCTTACACTAAGTC-1	3
asc.day0_TACCTTACACTGTTAG-1	3
asc.day0_TACCTTAGTAGTAGTA-1	1
asc.day0_TACCTTAGTCCTAGCG-1	3
asc.day0_TACCTTAGTGGACGAT-1	1
asc.day0_TACCTTAGTGTCCTCT-1	1
asc.day0_TACCTTAGTTCGTCTC-1	1
asc.day0_TACCTTATCAAAGTAG-1	3
asc.day0_TACCTTATCAGTTAGC-1	5
asc.day0_TACCTTATCATCATTC-1	1
asc.day0_TACCTTATCGCTTGTC-1	1
asc.day0_TACGGATAGACAGAGA-1	1
asc.day0_TACGGATAGGCCCTTG-1	1
asc.day0_TACGGATAGGTGTTAA-1	2
asc.day0_TACGGATCAATGGATA-1	1
asc.day0_TACGGATCAATTCCTT-1	4
asc.day0_TACGGATCACGCGAAA-1	1
asc.day0_TACGGATCACGGCCAT-1	1
asc.day0_TACGGATCACTTAACG-1	1
asc.day0_TACGGATCAGAGTGTG-1	3
asc.day0_TACGGATCAGTTCCCT-1	1
asc.day0_TACGGATCATCTGGTA-1	5
asc.day0_TACGGATGTGTGACCC-1	5
asc.day0_TACGGATGTTGGTAAA-1	1
asc.day0_TACGGATTCCAAAGTC-1	1
asc.day0_TACGGATTCCACTCCA-1	1
asc.day0_TACGGATTCTGGTTCC-1	2
asc.day0_TACGGGCAGAAGCCCA-1	1
asc.day0_TACGGGCAGAGACTTA-1	1
asc.day0_TACGGGCAGCCACGTC-1	1
asc.day0_TACGGGCAGGCTACGA-1	2
asc.day0_TACGGGCCAAGGGTCA-1	1
asc.day0_TACGGGCCACGGTAAG-1	1
asc.day0_TACGGGCCAGCTGTTA-1	1
asc.day0_TACGGGCCATAAGACA-1	1
asc.day0_TACGGGCCATCGTCGG-1	1
asc.day0_TACGGGCGTACAGTTC-1	1
asc.day0_TACGGGCGTACCGTAT-1	6
asc.day0_TACGGGCGTATATGAG-1	4
asc.day0_TACGGGCGTGAGCGAT-1	1
asc.day0_TACGGGCGTTATGCGT-1	3
asc.day0_TACGGGCTCGTGACAT-1	3
asc.day0_TACGGGCTCTAACTTC-1	4
asc.day0_TACGGGCTCTTGACGA-1	6
asc.day0_TACGGGCTCTTGAGAC-1	1
asc.day0_TACGGTAAGAGACGAA-1	4
asc.day0_TACGGTAAGAGGTAGA-1	1
asc.day0_TACGGTAAGATGGGTC-1	1
asc.day0_TACGGTAAGCTGCGAA-1	3
asc.day0_TACGGTAAGGCCCTCA-1	3
asc.day0_TACGGTAAGTCAAGGC-1	1
asc.day0_TACGGTAAGTGGAGAA-1	1
asc.day0_TACGGTAAGTTGAGTA-1	1
asc.day0_TACGGTACAAGCTGTT-1	6
asc.day0_TACGGTACAAGTAGTA-1	3
asc.day0_TACGGTACAGCCAGAA-1	2
asc.day0_TACGGTACATTGGCGC-1	1
asc.day0_TACGGTAGTACGACCC-1	1
asc.day0_TACGGTAGTCACAAGG-1	3
asc.day0_TACGGTAGTCCGAAGA-1	1
asc.day0_TACGGTAGTCCGTCAG-1	1
asc.day0_TACGGTAGTCGCTTCT-1	3
asc.day0_TACGGTAGTCTCGTTC-1	1
asc.day0_TACGGTAGTCTTTCAT-1	3
asc.day0_TACGGTATCCCAACGG-1	1
asc.day0_TACGGTATCCGAATGT-1	2
asc.day0_TACGGTATCCGCATAA-1	4
asc.day0_TACGGTATCCGGGTGT-1	2
asc.day0_TACGGTATCGTAGGTT-1	2
asc.day0_TACGGTATCGTTTATC-1	5
asc.day0_TACTCATAGCGTCTAT-1	3
asc.day0_TACTCATAGTCACGCC-1	1
asc.day0_TACTCATAGTTTAGGA-1	2
asc.day0_TACTCATCAGCGTTCG-1	1
asc.day0_TACTCATCAGGGATTG-1	3
asc.day0_TACTCATCATCGGTTA-1	1
asc.day0_TACTCATGTAAATACG-1	2
asc.day0_TACTCATGTCACAAGG-1	3
asc.day0_TACTCATGTCCCTTGT-1	3
asc.day0_TACTCATGTCTCAACA-1	2
asc.day0_TACTCATGTGAAAGAG-1	2
asc.day0_TACTCATGTGGCGAAT-1	2
asc.day0_TACTCATGTTCCGGCA-1	3
asc.day0_TACTCATGTTGATTCG-1	1
asc.day0_TACTCATTCAGATAAG-1	3
asc.day0_TACTCATTCAGTTTGG-1	3
asc.day0_TACTCATTCATGTCCC-1	4
asc.day0_TACTCATTCGTACGGC-1	1
asc.day0_TACTCATTCGTGGTCG-1	1
asc.day0_TACTCGCAGCTGGAAC-1	1
asc.day0_TACTCGCAGGACATTA-1	5
asc.day0_TACTCGCCAGCTTAAC-1	4
asc.day0_TACTCGCGTAGCTAAA-1	4
asc.day0_TACTCGCGTGTAACGG-1	5
asc.day0_TACTCGCTCCAAACAC-1	1
asc.day0_TACTCGCTCCCAGGTG-1	1
asc.day0_TACTCGCTCGCGTAGC-1	3
asc.day0_TACTCGCTCGGCGCTA-1	5
asc.day0_TACTCGCTCTTGTATC-1	3
asc.day0_TACTTACAGACTAAGT-1	2
asc.day0_TACTTACAGAGTTGGC-1	1
asc.day0_TACTTACAGCCAGGAT-1	2
asc.day0_TACTTACAGGGTTTCT-1	3
asc.day0_TACTTACCAAGCCTAT-1	3
asc.day0_TACTTACCACGAAACG-1	2
asc.day0_TACTTACCAGCCACCA-1	3
asc.day0_TACTTACCAGTAGAGC-1	1
asc.day0_TACTTACGTCGAACAG-1	1
asc.day0_TACTTACGTTAGAACA-1	2
asc.day0_TACTTACGTTCGTTGA-1	3
asc.day0_TACTTACTCCACTCCA-1	1
asc.day0_TACTTACTCCGAATGT-1	1
asc.day0_TACTTACTCTGAAAGA-1	1
asc.day0_TACTTACTCTTACCTA-1	1
asc.day0_TACTTACTCTTGTCAT-1	3
asc.day0_TACTTGTAGAGTACCG-1	4
asc.day0_TACTTGTAGATGTAAC-1	2
asc.day0_TACTTGTAGCTAGCCC-1	1
asc.day0_TACTTGTAGCTTCGCG-1	1
asc.day0_TACTTGTAGGGTTCCC-1	1
asc.day0_TACTTGTAGTCATCCA-1	2
asc.day0_TACTTGTCACATCCGG-1	1
asc.day0_TACTTGTCAGTACACT-1	3
asc.day0_TACTTGTCATGGGAAC-1	1
asc.day0_TACTTGTGTAGAGGAA-1	1
asc.day0_TACTTGTGTGTTGGGA-1	2
asc.day0_TACTTGTGTTCGCGAC-1	5
asc.day0_TACTTGTTCGGAAATA-1	2
asc.day0_TACTTGTTCGGTGTTA-1	6
asc.day0_TACTTGTTCTCTAGGA-1	3
asc.day0_TACTTGTTCTGATTCT-1	1
asc.day0_TAGACCAAGACTTGAA-1	5
asc.day0_TAGACCAAGAGTGAGA-1	2
asc.day0_TAGACCAAGATTACCC-1	1
asc.day0_TAGACCAAGCTCCTTC-1	2
asc.day0_TAGACCAAGTGCCAGA-1	1
asc.day0_TAGACCACAATGCCAT-1	3
asc.day0_TAGACCACACCAGGTC-1	1
asc.day0_TAGACCACAGACTCGC-1	1
asc.day0_TAGACCAGTACCCAAT-1	3
asc.day0_TAGACCAGTGCGATAG-1	1
asc.day0_TAGACCAGTTCACGGC-1	2
asc.day0_TAGACCATCCTAGTGA-1	1
asc.day0_TAGACCATCGTCTGCT-1	3
asc.day0_TAGAGCTAGAGCTATA-1	4
asc.day0_TAGAGCTAGATGCCAG-1	1
asc.day0_TAGAGCTAGCTCCTCT-1	1
asc.day0_TAGAGCTAGGCCCTTG-1	1
asc.day0_TAGAGCTAGGCTCATT-1	2
asc.day0_TAGAGCTCAAGTAATG-1	1
asc.day0_TAGAGCTCAGACAAAT-1	2
asc.day0_TAGAGCTCAGCAGTTT-1	4
asc.day0_TAGAGCTCAGCGTTCG-1	1
asc.day0_TAGAGCTCAGGATTGG-1	1
asc.day0_TAGAGCTCAGGTCTCG-1	5
asc.day0_TAGAGCTCATAAGACA-1	1
asc.day0_TAGAGCTGTACGAAAT-1	1
asc.day0_TAGAGCTGTAGGAGTC-1	1
asc.day0_TAGAGCTGTCAGAATA-1	1
asc.day0_TAGAGCTTCATCACCC-1	3
asc.day0_TAGAGCTTCTCCAGGG-1	5
asc.day0_TAGCCGGAGCACCGCT-1	5
asc.day0_TAGCCGGAGGAGTTGC-1	2
asc.day0_TAGCCGGAGGCGCTCT-1	1
asc.day0_TAGCCGGAGTCGTACT-1	2
asc.day0_TAGCCGGCAAGAGGCT-1	1
asc.day0_TAGCCGGCAATAGAGT-1	1
asc.day0_TAGCCGGCAATCGGTT-1	1
asc.day0_TAGCCGGCACCAGCAC-1	1
asc.day0_TAGCCGGCAGCGTCCA-1	6
asc.day0_TAGCCGGCAGGTCTCG-1	1
asc.day0_TAGCCGGGTAGGGTAC-1	1
asc.day0_TAGCCGGGTCCAAGTT-1	4
asc.day0_TAGCCGGTCAACGCTA-1	5
asc.day0_TAGCCGGTCATGCATG-1	4
asc.day0_TAGCCGGTCGAACGGA-1	3
asc.day0_TAGGCATAGACTAAGT-1	1
asc.day0_TAGGCATAGCATGGCA-1	5
asc.day0_TAGGCATAGCGATGAC-1	1
asc.day0_TAGGCATAGCTAACTC-1	1
asc.day0_TAGGCATCAACACCCG-1	1
asc.day0_TAGGCATCATCCCACT-1	1
asc.day0_TAGGCATCATCTACGA-1	3
asc.day0_TAGGCATCATGGGACA-1	1
asc.day0_TAGGCATCATGGTAGG-1	2
asc.day0_TAGGCATGTAAGCACG-1	2
asc.day0_TAGGCATGTACTTAGC-1	3
asc.day0_TAGGCATGTCCAACTA-1	1
asc.day0_TAGGCATGTGTTTGGT-1	6
asc.day0_TAGGCATGTTGAGTTC-1	5
asc.day0_TAGGCATTCCAAATGC-1	2
asc.day0_TAGGCATTCCTTTCTC-1	3
asc.day0_TAGGCATTCGGATGTT-1	1
asc.day0_TAGGCATTCTGAGGGA-1	4
asc.day0_TAGGCATTCTGGCGTG-1	1
asc.day0_TAGTGGTAGCCCAACC-1	5
asc.day0_TAGTGGTAGGATGCGT-1	4
asc.day0_TAGTGGTAGGCCCGTT-1	2
asc.day0_TAGTGGTAGGCGCTCT-1	1
asc.day0_TAGTGGTAGTGACTCT-1	1
asc.day0_TAGTGGTCAAGCGATG-1	4
asc.day0_TAGTGGTCACAGGTTT-1	1
asc.day0_TAGTGGTCACCAACCG-1	1
asc.day0_TAGTGGTCATAACCTG-1	1
asc.day0_TAGTGGTGTAGGCATG-1	1
asc.day0_TAGTGGTGTCCATGAT-1	1
asc.day0_TAGTGGTGTCTCTCTG-1	4
asc.day0_TAGTGGTGTTATGCGT-1	1
asc.day0_TAGTGGTTCACAAACC-1	1
asc.day0_TAGTGGTTCCGTAGTA-1	4
asc.day0_TAGTGGTTCCTGTAGA-1	1
asc.day0_TAGTTGGAGAAGGTGA-1	3
asc.day0_TAGTTGGAGTATCGAA-1	3
asc.day0_TAGTTGGCACTTGGAT-1	1
asc.day0_TAGTTGGCAGGCAGTA-1	3
asc.day0_TAGTTGGGTAGCGTCC-1	1
asc.day0_TAGTTGGGTCATCGGC-1	1
asc.day0_TAGTTGGGTGTTTGGT-1	1
asc.day0_TAGTTGGGTTGTTTGG-1	1
asc.day0_TAGTTGGTCCTCAACC-1	1
asc.day0_TAGTTGGTCGCATGAT-1	2
asc.day0_TAGTTGGTCGCTTGTC-1	2
asc.day0_TAGTTGGTCTAACCGA-1	3
asc.day0_TATCAGGAGAAGGTGA-1	1
asc.day0_TATCAGGAGAGGGATA-1	5
asc.day0_TATCAGGAGATGAGAG-1	1
asc.day0_TATCAGGAGTGCCAGA-1	5
asc.day0_TATCAGGCAGCCTTTC-1	2
asc.day0_TATCAGGGTAGGGACT-1	1
asc.day0_TATCAGGGTCTCCCTA-1	5
asc.day0_TATCAGGGTTCCACTC-1	3
asc.day0_TATCAGGGTTGTGGCC-1	1
asc.day0_TATCAGGTCAGCGATT-1	3
asc.day0_TATCAGGTCAGCTGGC-1	1
asc.day0_TATCAGGTCAGTCCCT-1	2
asc.day0_TATCAGGTCCTTAATC-1	5
asc.day0_TATCAGGTCGCGATCG-1	1
asc.day0_TATCAGGTCGGTGTCG-1	2
asc.day0_TATCTCAAGGCCATAG-1	1
asc.day0_TATCTCAAGTGCAAGC-1	3
asc.day0_TATCTCACAAACCCAT-1	1
asc.day0_TATCTCACACGGTGTC-1	2
asc.day0_TATCTCACACTCTGTC-1	3
asc.day0_TATCTCACAGGCAGTA-1	5
asc.day0_TATCTCACAGTTTACG-1	3
asc.day0_TATCTCACATACCATG-1	1
asc.day0_TATCTCAGTAAATGAC-1	1
asc.day0_TATCTCAGTTCGCTAA-1	4
asc.day0_TATCTCATCGCCGTGA-1	2
asc.day0_TATCTCATCTTGCCGT-1	1
asc.day0_TATGCCCAGATCTGCT-1	1
asc.day0_TATGCCCAGGAGTCTG-1	3
asc.day0_TATGCCCCAAGCCGCT-1	6
asc.day0_TATGCCCCACCCATGG-1	2
asc.day0_TATGCCCCAGGAATCG-1	4
asc.day0_TATGCCCCATCCGCGA-1	3
asc.day0_TATGCCCGTGTTCGAT-1	1
asc.day0_TATGCCCGTTCATGGT-1	3
asc.day0_TATGCCCTCCTCGCAT-1	2
asc.day0_TATTACCAGATCGGGT-1	2
asc.day0_TATTACCAGTGTTGAA-1	1
asc.day0_TATTACCAGTTCGCAT-1	1
asc.day0_TATTACCCAACAACCT-1	6
asc.day0_TATTACCCACCGGAAA-1	4
asc.day0_TATTACCCACTTACGA-1	3
asc.day0_TATTACCCAGCGTCCA-1	5
asc.day0_TATTACCCATCGACGC-1	1
asc.day0_TATTACCCATGCCACG-1	1
asc.day0_TATTACCGTGGACGAT-1	1
asc.day0_TATTACCTCAGGATCT-1	1
asc.day0_TATTACCTCAGGCAAG-1	1
asc.day0_TATTACCTCAGTGTTG-1	3
asc.day0_TATTACCTCGCATGGC-1	4
asc.day0_TATTACCTCGCTTGTC-1	4
asc.day0_TCAACGAAGCGATTCT-1	1
asc.day0_TCAACGAAGTGAACAT-1	2
asc.day0_TCAACGAAGTGACATA-1	1
asc.day0_TCAACGAAGTGTACTC-1	3
asc.day0_TCAACGACAAGCGAGT-1	1
asc.day0_TCAACGACAATCCAAC-1	1
asc.day0_TCAACGACACGGACAA-1	1
asc.day0_TCAACGACACGGTAAG-1	4
asc.day0_TCAACGACAGATGAGC-1	4
asc.day0_TCAACGACAGCTATTG-1	2
asc.day0_TCAACGACATTAACCG-1	1
asc.day0_TCAACGAGTAAGGGAA-1	3
asc.day0_TCAACGAGTCTCATCC-1	2
asc.day0_TCAACGAGTGAGGGAG-1	1
asc.day0_TCAACGATCGAATGCT-1	3
asc.day0_TCAACGATCTGCAGTA-1	5
asc.day0_TCAATCTAGAGGGATA-1	3
asc.day0_TCAATCTAGCGATATA-1	5
asc.day0_TCAATCTAGCGGCTTC-1	5
asc.day0_TCAATCTAGGACACCA-1	1
asc.day0_TCAATCTAGTCATGCT-1	5
asc.day0_TCAATCTCACCGGAAA-1	2
asc.day0_TCAATCTCACTCTGTC-1	4
asc.day0_TCAATCTCAGGACGTA-1	1
asc.day0_TCAATCTGTAAGGGAA-1	1
asc.day0_TCAATCTGTACTTGAC-1	2
asc.day0_TCAATCTGTAGATTAG-1	4
asc.day0_TCAATCTGTAGCGTAG-1	1
asc.day0_TCAATCTGTAGCTAAA-1	1
asc.day0_TCAATCTGTTGGTAAA-1	2
asc.day0_TCAATCTTCAAGGTAA-1	1
asc.day0_TCAATCTTCCCATTAT-1	1
asc.day0_TCAATCTTCCTCCTAG-1	3
asc.day0_TCAATCTTCGCACTCT-1	3
asc.day0_TCAATCTTCGCATGGC-1	3
asc.day0_TCAATCTTCTCTAAGG-1	5
asc.day0_TCACAAGCAAACCCAT-1	2
asc.day0_TCACAAGGTCCCGACA-1	1
asc.day0_TCACAAGGTGCAGGTA-1	2
asc.day0_TCACAAGTCACAGGCC-1	1
asc.day0_TCACAAGTCCACTCCA-1	1
asc.day0_TCACAAGTCCAGATCA-1	3
asc.day0_TCACAAGTCGGCGCTA-1	1
asc.day0_TCACAAGTCGGTCTAA-1	3
asc.day0_TCACGAAAGATTACCC-1	5
asc.day0_TCACGAAAGGCAATTA-1	1
asc.day0_TCACGAAAGTGTACGG-1	3
asc.day0_TCACGAACACACCGCA-1	4
asc.day0_TCACGAACACATCCGG-1	1
asc.day0_TCACGAACAGACACTT-1	1
asc.day0_TCACGAAGTGAACCTT-1	1
asc.day0_TCACGAATCAGTTAGC-1	2
asc.day0_TCACGAATCGCCCTTA-1	2
asc.day0_TCAGATGAGAAGGTGA-1	1
asc.day0_TCAGATGAGACAGACC-1	2
asc.day0_TCAGATGAGGCGTACA-1	5
asc.day0_TCAGATGAGTCAATAG-1	2
asc.day0_TCAGATGAGTCGTACT-1	1
asc.day0_TCAGATGCAAACTGTC-1	6
asc.day0_TCAGATGCAAAGGTGC-1	1
asc.day0_TCAGATGCACACCGAC-1	3
asc.day0_TCAGATGCACTCTGTC-1	3
asc.day0_TCAGATGCAGATGGGT-1	1
asc.day0_TCAGATGCAGCCTGTG-1	3
asc.day0_TCAGATGCAGCTCGAC-1	1
asc.day0_TCAGATGCATAACCTG-1	5
asc.day0_TCAGATGGTACTCTCC-1	2
asc.day0_TCAGATGGTATAGGGC-1	2
asc.day0_TCAGATGGTTAGGGTG-1	2
asc.day0_TCAGATGGTTCAGACT-1	3
asc.day0_TCAGATGTCAGGTAAA-1	4
asc.day0_TCAGATGTCAGTGTTG-1	1
asc.day0_TCAGATGTCGCCTGTT-1	1
asc.day0_TCAGATGTCGGCTACG-1	1
asc.day0_TCAGCAAAGAGGGCTT-1	1
asc.day0_TCAGCAAAGCCTATGT-1	3
asc.day0_TCAGCAAAGGATTCGG-1	4
asc.day0_TCAGCAAAGGGATCTG-1	2
asc.day0_TCAGCAACAATCAGAA-1	2
asc.day0_TCAGCAACACCCAGTG-1	3
asc.day0_TCAGCAACACCTATCC-1	1
asc.day0_TCAGCAACAGCTCGCA-1	5
asc.day0_TCAGCAACATATGAGA-1	3
asc.day0_TCAGCAAGTAGCGTAG-1	2
asc.day0_TCAGCAAGTGGCGAAT-1	1
asc.day0_TCAGCAAGTGTTAAGA-1	2
asc.day0_TCAGCAAGTTGAGTTC-1	2
asc.day0_TCAGCAATCAAGGTAA-1	1
asc.day0_TCAGCAATCACCGGGT-1	1
asc.day0_TCAGCAATCCAAATGC-1	5
asc.day0_TCAGCAATCGCTAGCG-1	2
asc.day0_TCAGCAATCGGCGCAT-1	5
asc.day0_TCAGCAATCTCCAACC-1	2
asc.day0_TCAGCAATCTCGTTTA-1	3
asc.day0_TCAGCTCAGACAAAGG-1	1
asc.day0_TCAGCTCAGACCCACC-1	1
asc.day0_TCAGCTCAGATGTCGG-1	1
asc.day0_TCAGCTCAGCCCGAAA-1	1
asc.day0_TCAGCTCAGCGCCTCA-1	1
asc.day0_TCAGCTCAGGCTCAGA-1	3
asc.day0_TCAGCTCAGTTGAGAT-1	1
asc.day0_TCAGCTCCAACTTGAC-1	1
asc.day0_TCAGCTCGTACTTAGC-1	4
asc.day0_TCAGCTCGTATGCTTG-1	5
asc.day0_TCAGCTCGTCCCTACT-1	1
asc.day0_TCAGCTCGTCGGGTCT-1	3
asc.day0_TCAGCTCGTTGTGGCC-1	3
asc.day0_TCAGCTCTCACGGTTA-1	1
asc.day0_TCAGCTCTCAGGATCT-1	1
asc.day0_TCAGCTCTCCACGACG-1	1
asc.day0_TCAGCTCTCTTTAGTC-1	1
asc.day0_TCAGGATAGCAGGTCA-1	5
asc.day0_TCAGGATAGCTCCCAG-1	1
asc.day0_TCAGGATCAAGCTGTT-1	1
asc.day0_TCAGGATCAAGTAGTA-1	1
asc.day0_TCAGGATCAATCGAAA-1	3
asc.day0_TCAGGATCAATGAAAC-1	1
asc.day0_TCAGGATCAGTCTTCC-1	4
asc.day0_TCAGGATCATGTAGTC-1	1
asc.day0_TCAGGATGTGCAACGA-1	4
asc.day0_TCAGGATTCAGCTTAG-1	2
asc.day0_TCAGGATTCATTCACT-1	5
asc.day0_TCAGGATTCCTGCAGG-1	1
asc.day0_TCAGGATTCTTCATGT-1	1
asc.day0_TCAGGTAAGAAGGTTT-1	1
asc.day0_TCAGGTAAGGTAGCCA-1	1
asc.day0_TCAGGTAAGTGATCGG-1	3
asc.day0_TCAGGTACACTTCTGC-1	3
asc.day0_TCAGGTACAGTATGCT-1	5
asc.day0_TCAGGTACATAAAGGT-1	2
asc.day0_TCAGGTACATGAAGTA-1	5
asc.day0_TCAGGTAGTAGCAAAT-1	1
asc.day0_TCAGGTAGTAGGGTAC-1	1
asc.day0_TCAGGTAGTATCGCAT-1	1
asc.day0_TCAGGTAGTCATACTG-1	1
asc.day0_TCAGGTATCAACACGT-1	1
asc.day0_TCAGGTATCCAAGTAC-1	3
asc.day0_TCATTACAGATAGTCA-1	1
asc.day0_TCATTACAGGGTTCCC-1	4
asc.day0_TCATTACAGTGTTGAA-1	1
asc.day0_TCATTACCAACTGCGC-1	3
asc.day0_TCATTACCACAAGTAA-1	2
asc.day0_TCATTACCACATGACT-1	2
asc.day0_TCATTACCATCACGTA-1	1
asc.day0_TCATTACCATCAGTAC-1	1
asc.day0_TCATTACCATTATCTC-1	1
asc.day0_TCATTACGTAAATGTG-1	1
asc.day0_TCATTACGTAGGCTGA-1	3
asc.day0_TCATTACGTATATCCG-1	1
asc.day0_TCATTACGTCCCTACT-1	1
asc.day0_TCATTACGTGCAGGTA-1	1
asc.day0_TCATTACGTGTGCGTC-1	4
asc.day0_TCATTACGTGTTTGGT-1	4
asc.day0_TCATTACTCCTAGGGC-1	2
asc.day0_TCATTACTCCTTCAAT-1	3
asc.day0_TCATTACTCGTTACGA-1	3
asc.day0_TCATTTGAGCACAGGT-1	1
asc.day0_TCATTTGAGCGACGTA-1	2
asc.day0_TCATTTGAGGCATGTG-1	1
asc.day0_TCATTTGAGTTACGGG-1	5
asc.day0_TCATTTGCAAGCTGAG-1	5
asc.day0_TCATTTGCAAGGGTCA-1	1
asc.day0_TCATTTGCACAAGACG-1	1
asc.day0_TCATTTGCACCTCGTT-1	2
asc.day0_TCATTTGCAGACGCAA-1	1
asc.day0_TCATTTGCAGATTGCT-1	5
asc.day0_TCATTTGCAGGGAGAG-1	1
asc.day0_TCATTTGCAGTAAGAT-1	3
asc.day0_TCATTTGCAGTATAAG-1	1
asc.day0_TCATTTGCATTATCTC-1	1
asc.day0_TCATTTGGTAAACACA-1	4
asc.day0_TCATTTGGTACGAAAT-1	4
asc.day0_TCATTTGGTACGACCC-1	1
asc.day0_TCATTTGGTAGGGTAC-1	7
asc.day0_TCATTTGGTCGAATCT-1	1
asc.day0_TCATTTGGTGAGCGAT-1	5
asc.day0_TCATTTGGTGGTCTCG-1	3
asc.day0_TCATTTGTCCACTCCA-1	1
asc.day0_TCATTTGTCGGTGTTA-1	1
asc.day0_TCATTTGTCTCGGACG-1	3
asc.day0_TCCACACAGAAGGGTA-1	1
asc.day0_TCCACACAGCCACTAT-1	3
asc.day0_TCCACACAGCGGCTTC-1	1
asc.day0_TCCACACCAAGCGAGT-1	2
asc.day0_TCCACACCACGAAATA-1	1
asc.day0_TCCACACCACTTCGAA-1	1
asc.day0_TCCACACCATGCCTTC-1	1
asc.day0_TCCACACCATTGAGCT-1	5
asc.day0_TCCACACGTCTAGTCA-1	1
asc.day0_TCCACACGTCTCTCGT-1	1
asc.day0_TCCACACGTGTGCGTC-1	1
asc.day0_TCCACACGTTGAGGTG-1	1
asc.day0_TCCACACTCAAGCCTA-1	1
asc.day0_TCCACACTCCAGATCA-1	3
asc.day0_TCCACACTCCGCATCT-1	1
asc.day0_TCCACACTCGACGGAA-1	5
asc.day0_TCCACACTCGTCTGCT-1	2
asc.day0_TCCACACTCTCAACTT-1	2
asc.day0_TCCCGATAGACTAGGC-1	1
asc.day0_TCCCGATAGCAATCTC-1	5
asc.day0_TCCCGATCAAGGACTG-1	1
asc.day0_TCCCGATCACGAGGTA-1	1
asc.day0_TCCCGATCATGAAGTA-1	3
asc.day0_TCCCGATGTACTCGCG-1	3
asc.day0_TCCCGATGTAGCGCAA-1	1
asc.day0_TCCCGATGTATGCTTG-1	1
asc.day0_TCCCGATGTCAGGACA-1	1
asc.day0_TCCCGATGTCATATCG-1	1
asc.day0_TCCCGATGTTATGTGC-1	3
asc.day0_TCCCGATTCACTTATC-1	5
asc.day0_TCCCGATTCATGTAGC-1	3
asc.day0_TCCCGATTCGATCCCT-1	2
asc.day0_TCCCGATTCGCGGATC-1	2
asc.day0_TCCCGATTCGGATGTT-1	1
asc.day0_TCCCGATTCTGAAAGA-1	1
asc.day0_TCCCGATTCTGGAGCC-1	3
asc.day0_TCCCGATTCTGGCGTG-1	5
asc.day0_TCGAGGCAGACTTTCG-1	3
asc.day0_TCGAGGCAGGCATGGT-1	3
asc.day0_TCGAGGCAGGTGTGGT-1	1
asc.day0_TCGAGGCCAAAGTGCG-1	5
asc.day0_TCGAGGCGTACTTAGC-1	5
asc.day0_TCGAGGCGTCCCGACA-1	6
asc.day0_TCGAGGCGTTCCACGG-1	6
asc.day0_TCGAGGCGTTTGGCGC-1	2
asc.day0_TCGAGGCTCACCTCGT-1	5
asc.day0_TCGAGGCTCATTGCCC-1	1
asc.day0_TCGCGAGAGACTACAA-1	1
asc.day0_TCGCGAGAGAGTACAT-1	2
asc.day0_TCGCGAGAGCACAGGT-1	2
asc.day0_TCGCGAGCAAGCTGTT-1	5
asc.day0_TCGCGAGCAATAACGA-1	1
asc.day0_TCGCGAGCAGTGGAGT-1	1
asc.day0_TCGCGAGCATCGGACC-1	6
asc.day0_TCGCGAGCATGACATC-1	2
asc.day0_TCGCGAGGTCCAGTTA-1	1
asc.day0_TCGCGAGGTGGTACAG-1	1
asc.day0_TCGCGAGTCAACCAAC-1	2
asc.day0_TCGCGAGTCAGCACAT-1	3
asc.day0_TCGCGAGTCCACTGGG-1	2
asc.day0_TCGCGAGTCCGCGGTA-1	1
asc.day0_TCGCGAGTCCTCGCAT-1	1
asc.day0_TCGCGAGTCTCACATT-1	3
asc.day0_TCGCGTTAGAAGGTGA-1	2
asc.day0_TCGCGTTAGAGACTAT-1	1
asc.day0_TCGCGTTAGTGGACGT-1	3
asc.day0_TCGCGTTAGTTTGCGT-1	1
asc.day0_TCGCGTTCAAAGGTGC-1	3
asc.day0_TCGCGTTCAAGCCGCT-1	4
asc.day0_TCGCGTTCAGATGGCA-1	1
asc.day0_TCGCGTTGTACATGTC-1	5
asc.day0_TCGCGTTGTCCTAGCG-1	3
asc.day0_TCGCGTTGTCTCAACA-1	1
asc.day0_TCGCGTTGTCTCTTAT-1	1
asc.day0_TCGCGTTGTGCAGGTA-1	4
asc.day0_TCGCGTTGTTCCGGCA-1	1
asc.day0_TCGCGTTTCATATCGG-1	2
asc.day0_TCGCGTTTCCGCGCAA-1	1
asc.day0_TCGCGTTTCTGATTCT-1	3
asc.day0_TCGCGTTTCTTTAGGG-1	1
asc.day0_TCGGGACAGATGAGAG-1	3
asc.day0_TCGGGACAGCAATATG-1	5
asc.day0_TCGGGACAGGACCACA-1	5
asc.day0_TCGGGACAGGTTACCT-1	5
asc.day0_TCGGGACCATAGGATA-1	1
asc.day0_TCGGGACCATATGGTC-1	4
asc.day0_TCGGGACCATTCTCAT-1	1
asc.day0_TCGGGACGTATAATGG-1	1
asc.day0_TCGGGACGTCTTTCAT-1	5
asc.day0_TCGGGACGTGAAATCA-1	1
asc.day0_TCGGGACGTTCAGACT-1	4
asc.day0_TCGGGACTCACTATTC-1	5
asc.day0_TCGGGACTCAGGTAAA-1	5
asc.day0_TCGGGACTCCTCTAGC-1	1
asc.day0_TCGGGACTCTTACCGC-1	2
asc.day0_TCGGGACTCTTTACAC-1	3
asc.day0_TCGGTAAAGCGTGAGT-1	2
asc.day0_TCGGTAAAGGCGTACA-1	2
asc.day0_TCGGTAAAGGGTGTTG-1	1
asc.day0_TCGGTAAAGTGACATA-1	2
asc.day0_TCGGTAACAAATCCGT-1	4
asc.day0_TCGGTAACAATGTTGC-1	3
asc.day0_TCGGTAACACGGACAA-1	1
asc.day0_TCGGTAACAGGTCGTC-1	2
asc.day0_TCGGTAACATTTGCCC-1	1
asc.day0_TCGGTAAGTAAGTGGC-1	1
asc.day0_TCGGTAAGTACGCACC-1	3
asc.day0_TCGGTAAGTAGCTGCC-1	1
asc.day0_TCGGTAAGTCAAAGAT-1	3
asc.day0_TCGGTAAGTGACGGTA-1	1
asc.day0_TCGGTAAGTGCCTGGT-1	4
asc.day0_TCGGTAAGTGCTGTAT-1	3
asc.day0_TCGGTAAGTGGCCCTA-1	1
asc.day0_TCGGTAAGTTGGAGGT-1	1
asc.day0_TCGGTAATCCGCATAA-1	2
asc.day0_TCGGTAATCCTGCTTG-1	1
asc.day0_TCGGTAATCGAATGGG-1	6
asc.day0_TCGTACCAGAAGGACA-1	1
asc.day0_TCGTACCAGAATGTTG-1	1
asc.day0_TCGTACCAGAGACGAA-1	1
asc.day0_TCGTACCAGCCTATGT-1	1
asc.day0_TCGTACCAGTTTAGGA-1	1
asc.day0_TCGTACCCAAGTACCT-1	3
asc.day0_TCGTACCCACCGATAT-1	1
asc.day0_TCGTACCCAGCGATCC-1	1
asc.day0_TCGTACCCATACTACG-1	7
asc.day0_TCGTACCCATGTAGTC-1	1
asc.day0_TCGTACCGTAGCTTGT-1	4
asc.day0_TCGTACCGTGATGTCT-1	1
asc.day0_TCGTACCGTGTTAAGA-1	1
asc.day0_TCGTACCTCAGGCAAG-1	4
asc.day0_TCGTACCTCAGTTGAC-1	3
asc.day0_TCGTACCTCCTCCTAG-1	1
asc.day0_TCGTACCTCGTCTGCT-1	1
asc.day0_TCGTACCTCTACTCAT-1	1
asc.day0_TCGTACCTCTGCTGTC-1	1
asc.day0_TCGTAGAAGATAGCAT-1	4
asc.day0_TCGTAGAAGCCCAATT-1	4
asc.day0_TCGTAGAAGCCCGAAA-1	1
asc.day0_TCGTAGACACCACGTG-1	1
asc.day0_TCGTAGACACCTGGTG-1	5
asc.day0_TCGTAGAGTACAGTGG-1	5
asc.day0_TCGTAGAGTCATTAGC-1	1
asc.day0_TCGTAGAGTTACGTCA-1	1
asc.day0_TCGTAGAGTTGGGACA-1	1
asc.day0_TCGTAGAGTTGGTGGA-1	1
asc.day0_TCGTAGATCCTGCTTG-1	3
asc.day0_TCGTAGATCGAATGGG-1	5
asc.day0_TCGTAGATCGTACCGG-1	3
asc.day0_TCGTAGATCTATGTGG-1	1
asc.day0_TCTATTGAGAGAGCTC-1	1
asc.day0_TCTATTGAGTGGGATC-1	3
asc.day0_TCTATTGCAGATGAGC-1	4
asc.day0_TCTATTGCATACGCTA-1	1
asc.day0_TCTATTGGTCTAGCGC-1	1
asc.day0_TCTATTGTCAAAGACA-1	1
asc.day0_TCTATTGTCAACGGGA-1	1
asc.day0_TCTATTGTCAGTGCAT-1	1
asc.day0_TCTATTGTCGCGTTTC-1	5
asc.day0_TCTATTGTCGGTCTAA-1	3
asc.day0_TCTATTGTCGTGACAT-1	5
asc.day0_TCTATTGTCTAACGGT-1	1
asc.day0_TCTATTGTCTGTACGA-1	3
asc.day0_TCTCATAAGAGCTGCA-1	1
asc.day0_TCTCATAAGAGGTTAT-1	3
asc.day0_TCTCATAAGTCTCCTC-1	1
asc.day0_TCTCATACAGATGGGT-1	5
asc.day0_TCTCATACAGGGTTAG-1	3
asc.day0_TCTCATACAGGTTTCA-1	1
asc.day0_TCTCATACATCACAAC-1	2
asc.day0_TCTCATAGTAGCTGCC-1	2
asc.day0_TCTCATAGTCAGGACA-1	1
asc.day0_TCTCATAGTTTACTCT-1	1
asc.day0_TCTCATATCAAACCGT-1	1
asc.day0_TCTCATATCGGCGCAT-1	3
asc.day0_TCTCTAAAGCAATATG-1	1
asc.day0_TCTCTAACAAGCCCAC-1	1
asc.day0_TCTCTAACAAGTCTGT-1	1
asc.day0_TCTCTAACAATAACGA-1	3
asc.day0_TCTCTAACACAAGACG-1	5
asc.day0_TCTCTAACATCCGTGG-1	3
asc.day0_TCTCTAAGTATATGAG-1	4
asc.day0_TCTCTAAGTCTAGTGT-1	1
asc.day0_TCTCTAAGTCTGCGGT-1	3
asc.day0_TCTCTAAGTTATTCTC-1	5
asc.day0_TCTCTAATCAGCTCGG-1	1
asc.day0_TCTCTAATCCAGTATG-1	3
asc.day0_TCTCTAATCGCATGAT-1	3
asc.day0_TCTCTAATCTACTCAT-1	3
asc.day0_TCTCTAATCTTTACAC-1	1
asc.day0_TCTGAGAAGCTAAGAT-1	1
asc.day0_TCTGAGAAGGCTAGCA-1	1
asc.day0_TCTGAGAAGGTGCTAG-1	2
asc.day0_TCTGAGAAGGTGTTAA-1	3
asc.day0_TCTGAGAAGTAGCCGA-1	1
asc.day0_TCTGAGACAAAGCAAT-1	2
asc.day0_TCTGAGACACGCTTTC-1	3
asc.day0_TCTGAGACATCACCCT-1	4
asc.day0_TCTGAGAGTCAAAGCG-1	1
asc.day0_TCTGAGAGTCCTCCAT-1	1
asc.day0_TCTGAGAGTCTTCAAG-1	1
asc.day0_TCTGAGATCATAAAGG-1	1
asc.day0_TCTGAGATCGCTTAGA-1	1
asc.day0_TCTGGAAAGAATTGTG-1	2
asc.day0_TCTGGAAAGACCCACC-1	2
asc.day0_TCTGGAAAGCAGGTCA-1	1
asc.day0_TCTGGAAAGCTGGAAC-1	3
asc.day0_TCTGGAAAGGAATGGA-1	1
asc.day0_TCTGGAAAGTTGAGAT-1	3
asc.day0_TCTGGAACACACATGT-1	5
asc.day0_TCTGGAACACGAGAGT-1	2
asc.day0_TCTGGAACAGACAGGT-1	2
asc.day0_TCTGGAACAGGCAGTA-1	5
asc.day0_TCTGGAACATACTACG-1	5
asc.day0_TCTGGAACATATGAGA-1	1
asc.day0_TCTGGAAGTATGCTTG-1	1
asc.day0_TCTGGAAGTCTCAACA-1	5
asc.day0_TCTGGAAGTTACTGAC-1	3
asc.day0_TCTGGAATCACCACCT-1	2
asc.day0_TCTGGAATCTTCAACT-1	1
asc.day0_TCTTCGGAGGAGTTGC-1	1
asc.day0_TCTTCGGAGTCCATAC-1	3
asc.day0_TCTTCGGAGTGGAGAA-1	5
asc.day0_TCTTCGGAGTGGGATC-1	1
asc.day0_TCTTCGGCAATGTTGC-1	1
asc.day0_TCTTCGGCACGGTAGA-1	1
asc.day0_TCTTCGGCACTAGTAC-1	3
asc.day0_TCTTCGGCATCGGACC-1	1
asc.day0_TCTTCGGCATGATCCA-1	3
asc.day0_TCTTCGGGTCAACATC-1	3
asc.day0_TCTTCGGGTCTAGCGC-1	1
asc.day0_TCTTCGGTCATATCGG-1	3
asc.day0_TCTTCGGTCCATGCTC-1	3
asc.day0_TCTTCGGTCCTAAGTG-1	1
asc.day0_TCTTCGGTCGAATGCT-1	5
asc.day0_TCTTCGGTCGAGGTAG-1	1
asc.day0_TCTTTCCAGACTTGAA-1	3
asc.day0_TCTTTCCAGCGATTCT-1	1
asc.day0_TCTTTCCAGGTGCACA-1	1
asc.day0_TCTTTCCCAAGCGAGT-1	3
asc.day0_TCTTTCCCACCAACCG-1	1
asc.day0_TCTTTCCCAGGATTGG-1	3
asc.day0_TCTTTCCCAGTCACTA-1	1
asc.day0_TCTTTCCCATAAGACA-1	1
asc.day0_TCTTTCCCATCTCCCA-1	1
asc.day0_TCTTTCCCATGACATC-1	1
asc.day0_TCTTTCCGTAAGGATT-1	2
asc.day0_TCTTTCCGTAGCTTGT-1	3
asc.day0_TCTTTCCGTCTGATTG-1	3
asc.day0_TCTTTCCTCCCTAACC-1	1
asc.day0_TCTTTCCTCGCCTGAG-1	1
asc.day0_TCTTTCCTCGTGGGAA-1	1
asc.day0_TCTTTCCTCTCGAGTA-1	3
asc.day0_TGAAAGAAGATAGTCA-1	1
asc.day0_TGAAAGAAGCGCTTAT-1	1
asc.day0_TGAAAGAAGTGTCCAT-1	3
asc.day0_TGAAAGAAGTTTAGGA-1	1
asc.day0_TGAAAGACAACTGCTA-1	2
asc.day0_TGAAAGACACAACGTT-1	1
asc.day0_TGAAAGACAGACTCGC-1	1
asc.day0_TGAAAGACAGGGATTG-1	5
asc.day0_TGAAAGACAGTGGAGT-1	1
asc.day0_TGAAAGACATCCGTGG-1	3
asc.day0_TGAAAGAGTCCAAGTT-1	1
asc.day0_TGAAAGAGTCGAATCT-1	1
asc.day0_TGAAAGAGTTGTACAC-1	1
asc.day0_TGAAAGATCAAGGTAA-1	5
asc.day0_TGAAAGATCGAATGCT-1	1
asc.day0_TGAAAGATCGTTACGA-1	1
asc.day0_TGACAACAGACCCACC-1	1
asc.day0_TGACAACAGCAGGCTA-1	5
asc.day0_TGACAACAGCTTCGCG-1	1
asc.day0_TGACAACAGGCCGAAT-1	3
asc.day0_TGACAACAGTGAACAT-1	5
asc.day0_TGACAACCACACCGAC-1	6
asc.day0_TGACAACCAGACGCTC-1	1
asc.day0_TGACAACCAGCTGTAT-1	1
asc.day0_TGACAACCATAACCTG-1	1
asc.day0_TGACAACCATACGCTA-1	5
asc.day0_TGACAACCATCCCATC-1	1
asc.day0_TGACAACGTAAACACA-1	2
asc.day0_TGACAACGTCAGCTAT-1	4
asc.day0_TGACAACGTGCCTTGG-1	3
asc.day0_TGACAACGTGCTTCTC-1	1
asc.day0_TGACAACGTTACGTCA-1	1
asc.day0_TGACAACTCCGGCACA-1	1
asc.day0_TGACAACTCGTTTGCC-1	1
asc.day0_TGACAACTCTGGAGCC-1	1
asc.day0_TGACGGCAGATCTGCT-1	4
asc.day0_TGACGGCAGCACGCCT-1	3
asc.day0_TGACGGCCACACTGCG-1	1
asc.day0_TGACGGCGTCAGGACA-1	5
asc.day0_TGACGGCGTGAGGGAG-1	1
asc.day0_TGACGGCGTGCTCTTC-1	1
asc.day0_TGACGGCGTGGCGAAT-1	1
asc.day0_TGACGGCGTGGTGTAG-1	1
asc.day0_TGACGGCGTTAAGGGC-1	1
asc.day0_TGACGGCTCCTACAGA-1	2
asc.day0_TGACGGCTCGCACTCT-1	2
asc.day0_TGACGGCTCGCCGTGA-1	3
asc.day0_TGACTAGAGATGCGAC-1	3
asc.day0_TGACTAGAGCAAATCA-1	4
asc.day0_TGACTAGCAAGAGTCG-1	1
asc.day0_TGACTAGCACAAGACG-1	3
asc.day0_TGACTAGCACCTCGTT-1	1
asc.day0_TGACTAGCAGCTATTG-1	1
asc.day0_TGACTAGCATCGGTTA-1	1
asc.day0_TGACTAGCATCTGGTA-1	3
asc.day0_TGACTAGGTATAGGGC-1	2
asc.day0_TGACTAGGTATCAGTC-1	1
asc.day0_TGACTAGGTCTAGAGG-1	4
asc.day0_TGACTAGGTCTGATCA-1	3
asc.day0_TGACTAGTCAGCATGT-1	1
asc.day0_TGACTAGTCCGAAGAG-1	1
asc.day0_TGACTAGTCGAGAGCA-1	1
asc.day0_TGACTAGTCGTTGCCT-1	3
asc.day0_TGACTAGTCTTTCCTC-1	2
asc.day0_TGACTTTAGATGAGAG-1	1
asc.day0_TGACTTTAGCGTAGTG-1	1
asc.day0_TGACTTTAGGACATTA-1	1
asc.day0_TGACTTTCAAACTGTC-1	1
asc.day0_TGACTTTCAATTCCTT-1	1
asc.day0_TGACTTTCAGCAGTTT-1	1
asc.day0_TGACTTTGTAGAGGAA-1	4
asc.day0_TGACTTTGTTTACTCT-1	1
asc.day0_TGACTTTTCACTGGGC-1	3
asc.day0_TGACTTTTCAGGATCT-1	2
asc.day0_TGACTTTTCGCGTAGC-1	3
asc.day0_TGACTTTTCTGCAAGT-1	1
asc.day0_TGAGAGGAGGAGCGTT-1	3
asc.day0_TGAGAGGAGGATGGTC-1	6
asc.day0_TGAGAGGAGGCCGAAT-1	1
asc.day0_TGAGAGGAGGTGATAT-1	6
asc.day0_TGAGAGGAGTACGTAA-1	2
asc.day0_TGAGAGGCACGTTGGC-1	1
asc.day0_TGAGAGGGTAAGAGAG-1	2
asc.day0_TGAGAGGGTCTACCTC-1	6
asc.day0_TGAGAGGGTGAGGCTA-1	3
asc.day0_TGAGAGGGTGCCTGTG-1	3
asc.day0_TGAGAGGTCAGTTTGG-1	2
asc.day0_TGAGAGGTCCACGACG-1	1
asc.day0_TGAGAGGTCCGTACAA-1	1
asc.day0_TGAGAGGTCCTGTAGA-1	1
asc.day0_TGAGAGGTCTGTCTCG-1	2
asc.day0_TGAGCATAGAGACTAT-1	3
asc.day0_TGAGCATAGATGGCGT-1	1
asc.day0_TGAGCATAGCTGAAAT-1	2
asc.day0_TGAGCATAGTCACGCC-1	2
asc.day0_TGAGCATAGTTACCCA-1	3
asc.day0_TGAGCATAGTTGTAGA-1	2
asc.day0_TGAGCATCAATAGCAA-1	3
asc.day0_TGAGCATCATGTCTCC-1	3
asc.day0_TGAGCATGTCTCACCT-1	2
asc.day0_TGAGCATGTTCGCTAA-1	1
asc.day0_TGAGCATTCAGCTGGC-1	4
asc.day0_TGAGCATTCGTAGGAG-1	2
asc.day0_TGAGCATTCGTTACGA-1	5
asc.day0_TGAGCATTCGTTGCCT-1	1
asc.day0_TGAGCCGAGCTAGGCA-1	3
asc.day0_TGAGCCGAGGTGATAT-1	4
asc.day0_TGAGCCGCACACCGCA-1	1
asc.day0_TGAGCCGCACACTGCG-1	1
asc.day0_TGAGCCGCACAGAGGT-1	3
asc.day0_TGAGCCGGTACTTCTT-1	2
asc.day0_TGAGCCGGTCATGCCG-1	1
asc.day0_TGAGCCGGTCTCTCGT-1	3
asc.day0_TGAGCCGGTCTTCAAG-1	1
asc.day0_TGAGCCGGTGAAATCA-1	1
asc.day0_TGAGCCGGTTAGTGGG-1	3
asc.day0_TGAGCCGTCTAAGCCA-1	3
asc.day0_TGAGCCGTCTGATACG-1	6
asc.day0_TGAGGGAAGAGGACGG-1	1
asc.day0_TGAGGGAAGCGTAATA-1	1
asc.day0_TGAGGGAAGCGTGAGT-1	5
asc.day0_TGAGGGACAAGCGCTC-1	1
asc.day0_TGAGGGACATCACGTA-1	1
asc.day0_TGAGGGAGTCTAGAGG-1	1
asc.day0_TGAGGGAGTGCACCAC-1	3
asc.day0_TGAGGGATCGCCAGCA-1	5
asc.day0_TGAGGGATCTGCAAGT-1	1
asc.day0_TGATTTCAGCGGATCA-1	5
asc.day0_TGATTTCAGGCCCTCA-1	2
asc.day0_TGATTTCAGGTGCACA-1	4
asc.day0_TGATTTCAGGTTACCT-1	1
asc.day0_TGATTTCAGTTAGGTA-1	3
asc.day0_TGATTTCGTAGCGCTC-1	1
asc.day0_TGATTTCGTTCAGACT-1	1
asc.day0_TGATTTCTCACCGTAA-1	1
asc.day0_TGATTTCTCCGAGCCA-1	4
asc.day0_TGATTTCTCGATAGAA-1	3
asc.day0_TGATTTCTCGTTACAG-1	2
asc.day0_TGATTTCTCTCTAGGA-1	3
asc.day0_TGCACCTAGACGCACA-1	2
asc.day0_TGCACCTAGCCGGTAA-1	2
asc.day0_TGCACCTAGCGGCTTC-1	1
asc.day0_TGCACCTAGGCTAGGT-1	5
asc.day0_TGCACCTAGGCTCAGA-1	1
asc.day0_TGCACCTAGGGTTTCT-1	1
asc.day0_TGCACCTAGTCCGTAT-1	1
asc.day0_TGCACCTCAACTGCGC-1	5
asc.day0_TGCACCTCAACTGCTA-1	1
asc.day0_TGCACCTCACACCGCA-1	1
asc.day0_TGCACCTCACGTCTCT-1	3
asc.day0_TGCACCTCATTTGCTT-1	2
asc.day0_TGCACCTGTATAAACG-1	3
asc.day0_TGCACCTGTCTACCTC-1	5
asc.day0_TGCACCTGTGCAGGTA-1	1
asc.day0_TGCACCTGTTCAACCA-1	3
asc.day0_TGCACCTGTTTGTTTC-1	4
asc.day0_TGCACCTTCAGATAAG-1	1
asc.day0_TGCACCTTCCGCATAA-1	3
asc.day0_TGCACCTTCCTAAGTG-1	1
asc.day0_TGCCAAAAGACAAGCC-1	1
asc.day0_TGCCAAAAGAGGACGG-1	1
asc.day0_TGCCAAAAGCTCCTCT-1	2
asc.day0_TGCCAAACAAAGCAAT-1	3
asc.day0_TGCCAAACAAGGCTCC-1	4
asc.day0_TGCCAAACAAGTAATG-1	1
asc.day0_TGCCAAACACACCGAC-1	1
asc.day0_TGCCAAACAGCCAATT-1	1
asc.day0_TGCCAAACAGTCAGAG-1	1
asc.day0_TGCCAAACATCTGGTA-1	1
asc.day0_TGCCAAAGTAGCTCCG-1	1
asc.day0_TGCCAAAGTCGCATAT-1	5
asc.day0_TGCCAAAGTCTCAACA-1	3
asc.day0_TGCCAAAGTTACCAGT-1	3
asc.day0_TGCCAAATCAAACCAC-1	4
asc.day0_TGCCAAATCAATAAGG-1	1
asc.day0_TGCCAAATCCAAGCCG-1	3
asc.day0_TGCCAAATCCATGAAC-1	3
asc.day0_TGCCCATAGAAACCTA-1	4
asc.day0_TGCCCATAGAAGGGTA-1	1
asc.day0_TGCCCATAGAGGTTAT-1	5
asc.day0_TGCCCATAGAGGTTGC-1	4
asc.day0_TGCCCATAGCTGCGAA-1	1
asc.day0_TGCCCATAGGTGTTAA-1	4
asc.day0_TGCCCATAGTAGCGGT-1	1
asc.day0_TGCCCATAGTCAAGCG-1	2
asc.day0_TGCCCATCAAGCTGAG-1	3
asc.day0_TGCCCATCAGTATAAG-1	1
asc.day0_TGCCCATCAGTCGATT-1	3
asc.day0_TGCCCATGTCACACGC-1	5
asc.day0_TGCCCATGTCGCATAT-1	4
asc.day0_TGCCCATGTGTAATGA-1	1
asc.day0_TGCCCATGTTGTCTTT-1	1
asc.day0_TGCCCATTCTCGTATT-1	1
asc.day0_TGCCCTAAGCTGGAAC-1	1
asc.day0_TGCCCTAAGTGTTGAA-1	5
asc.day0_TGCCCTAGTCAGATAA-1	5
asc.day0_TGCCCTAGTCCGCTGA-1	2
asc.day0_TGCCCTAGTCTTCAAG-1	1
asc.day0_TGCCCTAGTGCGCTTG-1	1
asc.day0_TGCCCTAGTGGGTCAA-1	1
asc.day0_TGCCCTAGTTCCATGA-1	1
asc.day0_TGCCCTATCCGAGCCA-1	1
asc.day0_TGCCCTATCGCATGGC-1	1
asc.day0_TGCGCAGAGATTACCC-1	1
asc.day0_TGCGCAGAGCCAGGAT-1	6
asc.day0_TGCGCAGAGCGATTCT-1	4
asc.day0_TGCGCAGAGGTGGGTT-1	1
asc.day0_TGCGCAGAGTATGACA-1	2
asc.day0_TGCGCAGAGTGGGCTA-1	1
asc.day0_TGCGCAGCACAGATTC-1	1
asc.day0_TGCGCAGCACCCATGG-1	3
asc.day0_TGCGCAGCAGTGACAG-1	2
asc.day0_TGCGCAGCATCTACGA-1	2
asc.day0_TGCGCAGCATGCATGT-1	1
asc.day0_TGCGCAGGTACGAAAT-1	2
asc.day0_TGCGCAGGTACTCAAC-1	4
asc.day0_TGCGCAGGTAGCTGCC-1	3
asc.day0_TGCGCAGTCAAACAAG-1	3
asc.day0_TGCGCAGTCAATCTCT-1	2
asc.day0_TGCGCAGTCGGAGGTA-1	5
asc.day0_TGCGCAGTCTTTACGT-1	1
asc.day0_TGCGGGTAGAACAACT-1	5
asc.day0_TGCGGGTAGCTGTCTA-1	5
asc.day0_TGCGGGTAGTTGCAGG-1	1
asc.day0_TGCGGGTCAGATGGCA-1	1
asc.day0_TGCGGGTCAGTCTTCC-1	1
asc.day0_TGCGGGTCATGTCTCC-1	1
asc.day0_TGCGGGTGTACAGCAG-1	1
asc.day0_TGCGGGTGTCGAATCT-1	3
asc.day0_TGCGGGTGTCGCGTGT-1	4
asc.day0_TGCGGGTGTGCCTGTG-1	1
asc.day0_TGCGGGTGTTATCGGT-1	3
asc.day0_TGCGGGTGTTGTCGCG-1	3
asc.day0_TGCGGGTGTTTGCATG-1	1
asc.day0_TGCGGGTTCCACGCAG-1	7
asc.day0_TGCGGGTTCGCCAAAT-1	4
asc.day0_TGCGGGTTCTAAGCCA-1	1
asc.day0_TGCGGGTTCTTCTGGC-1	5
asc.day0_TGCGGGTTCTTGTCAT-1	5
asc.day0_TGCGTGGAGAATGTGT-1	5
asc.day0_TGCGTGGAGCCAACAG-1	1
asc.day0_TGCGTGGAGTACGTTC-1	1
asc.day0_TGCGTGGAGTCTCAAC-1	4
asc.day0_TGCGTGGAGTGTACCT-1	4
asc.day0_TGCGTGGAGTTCCACA-1	1
asc.day0_TGCGTGGCACACCGAC-1	1
asc.day0_TGCGTGGCACGCGAAA-1	1
asc.day0_TGCGTGGGTAGCTTGT-1	1
asc.day0_TGCGTGGGTCGGCATC-1	2
asc.day0_TGCGTGGGTCTAGGTT-1	3
asc.day0_TGCGTGGGTGCACCAC-1	1
asc.day0_TGCGTGGGTTGTCGCG-1	1
asc.day0_TGCGTGGTCCAAACTG-1	2
asc.day0_TGCGTGGTCCCACTTG-1	2
asc.day0_TGCGTGGTCGGAAATA-1	2
asc.day0_TGCGTGGTCTGCTGTC-1	3
asc.day0_TGCTACCAGTTCGCGC-1	1
asc.day0_TGCTACCCAACGATGG-1	3
asc.day0_TGCTACCCACAGACAG-1	1
asc.day0_TGCTACCCACTAGTAC-1	2
asc.day0_TGCTACCCATAAAGGT-1	6
asc.day0_TGCTACCCATGAGCGA-1	3
asc.day0_TGCTACCGTCTTCGTC-1	5
asc.day0_TGCTACCGTTACGGAG-1	5
asc.day0_TGCTACCGTTTCCACC-1	1
asc.day0_TGCTACCTCACTTACT-1	3
asc.day0_TGCTACCTCAGTTGAC-1	1
asc.day0_TGCTACCTCCATGCTC-1	3
asc.day0_TGCTACCTCTGGCGTG-1	1
asc.day0_TGCTGCTAGAGATGAG-1	5
asc.day0_TGCTGCTAGGCTAGGT-1	2
asc.day0_TGCTGCTAGTACGCGA-1	5
asc.day0_TGCTGCTAGTGGCACA-1	2
asc.day0_TGCTGCTAGTGTACGG-1	1
asc.day0_TGCTGCTCAGACACTT-1	1
asc.day0_TGCTGCTCAGCCTGTG-1	3
asc.day0_TGCTGCTCATCAGTCA-1	7
asc.day0_TGCTGCTGTCTCTTTA-1	2
asc.day0_TGCTGCTGTGCGCTTG-1	1
asc.day0_TGCTGCTGTTCGCGAC-1	1
asc.day0_TGCTGCTTCAGCAACT-1	2
asc.day0_TGCTGCTTCCCAGGTG-1	2
asc.day0_TGCTGCTTCCTAGTGA-1	1
asc.day0_TGCTGCTTCCTGCCAT-1	1
asc.day0_TGCTGCTTCGACGGAA-1	2
asc.day0_TGGACGCAGCAGCGTA-1	3
asc.day0_TGGACGCAGCCAACAG-1	2
asc.day0_TGGACGCAGCGACGTA-1	2
asc.day0_TGGACGCAGGCATGTG-1	1
asc.day0_TGGACGCAGGGATGGG-1	1
asc.day0_TGGACGCAGGGCATGT-1	2
asc.day0_TGGACGCAGTAACCCT-1	2
asc.day0_TGGACGCAGTTATCGC-1	1
asc.day0_TGGACGCCAGTGAGTG-1	1
asc.day0_TGGACGCCATACCATG-1	5
asc.day0_TGGACGCGTCTAGTCA-1	2
asc.day0_TGGACGCGTCTTGATG-1	1
asc.day0_TGGACGCGTGACGGTA-1	1
asc.day0_TGGACGCTCCCACTTG-1	3
asc.day0_TGGACGCTCGCCTGAG-1	2
asc.day0_TGGACGCTCGCTTGTC-1	1
asc.day0_TGGACGCTCTCCAGGG-1	4
asc.day0_TGGCCAGAGAAACCAT-1	1
asc.day0_TGGCCAGAGAGGACGG-1	3
asc.day0_TGGCCAGAGCGTTCCG-1	3
asc.day0_TGGCCAGCACATTTCT-1	2
asc.day0_TGGCCAGCAGTTTACG-1	3
asc.day0_TGGCCAGGTACATGTC-1	1
asc.day0_TGGCCAGGTCATACTG-1	1
asc.day0_TGGCCAGTCGTTGACA-1	1
asc.day0_TGGCCAGTCTTGCCGT-1	1
asc.day0_TGGCGCAAGCTACCGC-1	3
asc.day0_TGGCGCAAGGAATCGC-1	3
asc.day0_TGGCGCAAGGGAGTAA-1	5
asc.day0_TGGCGCAAGGGCACTA-1	1
asc.day0_TGGCGCACATCCGGGT-1	1
asc.day0_TGGCGCAGTCTCTCTG-1	6
asc.day0_TGGCGCATCCGGGTGT-1	1
asc.day0_TGGCGCATCGGCGCAT-1	1
asc.day0_TGGCGCATCTGTGCAA-1	3
asc.day0_TGGCTGGAGCGTGTCC-1	1
asc.day0_TGGCTGGAGCTGAACG-1	5
asc.day0_TGGCTGGCAAGTAGTA-1	2
asc.day0_TGGCTGGCAAGTCATC-1	5
asc.day0_TGGCTGGCAGACGCAA-1	5
asc.day0_TGGCTGGCATCAGTCA-1	5
asc.day0_TGGCTGGCATGGGAAC-1	5
asc.day0_TGGCTGGCATGTTCCC-1	1
asc.day0_TGGCTGGGTACTCGCG-1	3
asc.day0_TGGCTGGGTAGAGTGC-1	1
asc.day0_TGGCTGGGTAGTGAAT-1	5
asc.day0_TGGCTGGGTCGAGTTT-1	1
asc.day0_TGGCTGGGTCGCCATG-1	2
asc.day0_TGGCTGGGTCGGCATC-1	1
asc.day0_TGGCTGGGTCTAAACC-1	1
asc.day0_TGGCTGGGTGCACTTA-1	3
asc.day0_TGGCTGGGTGGGTCAA-1	5
asc.day0_TGGCTGGGTTGACGTT-1	1
asc.day0_TGGCTGGTCAAGGTAA-1	1
asc.day0_TGGCTGGTCCGTTGTC-1	3
asc.day0_TGGCTGGTCCTTAATC-1	2
asc.day0_TGGGAAGAGATGTCGG-1	3
asc.day0_TGGGAAGAGGATGCGT-1	1
asc.day0_TGGGAAGAGGTGCTAG-1	1
asc.day0_TGGGAAGAGTACGTAA-1	1
asc.day0_TGGGAAGAGTGTTGAA-1	1
asc.day0_TGGGAAGCAAGTCTGT-1	3
asc.day0_TGGGAAGCACCCATTC-1	1
asc.day0_TGGGAAGCAGATCTGT-1	1
asc.day0_TGGGAAGCAGGAATGC-1	2
asc.day0_TGGGAAGCAGGCTGAA-1	3
asc.day0_TGGGAAGCATTTCACT-1	6
asc.day0_TGGGAAGGTCGAAAGC-1	3
asc.day0_TGGGAAGGTCGGCACT-1	3
asc.day0_TGGGAAGGTCTTGATG-1	1
asc.day0_TGGGAAGGTTCGCTAA-1	1
asc.day0_TGGGAAGGTTGCCTCT-1	1
asc.day0_TGGGAAGGTTTGTGTG-1	3
asc.day0_TGGGAAGTCAGTTAGC-1	1
asc.day0_TGGGAAGTCCTCCTAG-1	4
asc.day0_TGGGAAGTCCTTCAAT-1	5
asc.day0_TGGGAAGTCGCCTGAG-1	1
asc.day0_TGGGAAGTCTGGGCCA-1	1
asc.day0_TGGGAAGTCTTTACGT-1	1
asc.day0_TGGGCGTAGATAGGAG-1	1
asc.day0_TGGGCGTAGCGAGAAA-1	1
asc.day0_TGGGCGTAGCGATGAC-1	1
asc.day0_TGGGCGTAGCGTGAGT-1	1
asc.day0_TGGGCGTAGTTCGCGC-1	3
asc.day0_TGGGCGTCAACAACCT-1	1
asc.day0_TGGGCGTCAGGATTGG-1	1
asc.day0_TGGGCGTCAGTCGATT-1	1
asc.day0_TGGGCGTCATTGGTAC-1	1
asc.day0_TGGGCGTGTGCACTTA-1	5
asc.day0_TGGGCGTGTTGCGCAC-1	5
asc.day0_TGGGCGTTCAGTGCAT-1	1
asc.day0_TGGGCGTTCATACGGT-1	4
asc.day0_TGGGCGTTCCAAGCCG-1	5
asc.day0_TGGGCGTTCGTAGGTT-1	1
asc.day0_TGGTTAGAGAATGTTG-1	4
asc.day0_TGGTTAGAGGACAGAA-1	1
asc.day0_TGGTTAGAGGACCACA-1	2
asc.day0_TGGTTAGAGTAAGTAC-1	4
asc.day0_TGGTTAGAGTATTGGA-1	2
asc.day0_TGGTTAGAGTTTGCGT-1	1
asc.day0_TGGTTAGCAGCCTGTG-1	1
asc.day0_TGGTTAGCAGCTCCGA-1	3
asc.day0_TGGTTAGGTTCCGGCA-1	3
asc.day0_TGGTTAGGTTGGTGGA-1	4
asc.day0_TGGTTAGTCGCCGTGA-1	3
asc.day0_TGGTTAGTCGGCGCTA-1	1
asc.day0_TGGTTAGTCTAACTTC-1	4
asc.day0_TGGTTAGTCTGTGCAA-1	2
asc.day0_TGGTTCCAGATAGCAT-1	5
asc.day0_TGGTTCCAGCAATATG-1	1
asc.day0_TGGTTCCAGGATGTAT-1	5
asc.day0_TGGTTCCAGGTGTGGT-1	5
asc.day0_TGGTTCCAGTGGGTTG-1	2
asc.day0_TGGTTCCCAACTTGAC-1	1
asc.day0_TGGTTCCCAAGGTTTC-1	1
asc.day0_TGGTTCCCAAGTAGTA-1	3
asc.day0_TGGTTCCCACACCGAC-1	4
asc.day0_TGGTTCCCACTGAAGG-1	2
asc.day0_TGGTTCCCAGACTCGC-1	4
asc.day0_TGGTTCCCATACTCTT-1	1
asc.day0_TGGTTCCGTCGTCTTC-1	1
asc.day0_TGGTTCCGTGCTGTAT-1	3
asc.day0_TGGTTCCGTTAAGACA-1	1
asc.day0_TGGTTCCGTTCTGTTT-1	1
asc.day0_TGGTTCCTCACATGCA-1	1
asc.day0_TGGTTCCTCTCGCATC-1	1
asc.day0_TGTATTCCAACACCTA-1	3
asc.day0_TGTATTCCAATGAATG-1	5
asc.day0_TGTATTCCACCACCAG-1	1
asc.day0_TGTATTCCACGTGAGA-1	4
asc.day0_TGTATTCCACTCAGGC-1	2
asc.day0_TGTATTCCAGGCAGTA-1	1
asc.day0_TGTATTCCATTGGCGC-1	3
asc.day0_TGTATTCGTATAGGTA-1	1
asc.day0_TGTATTCGTTCCGTCT-1	3
asc.day0_TGTATTCGTTTGTTTC-1	1
asc.day0_TGTATTCTCCTTGACC-1	3
asc.day0_TGTATTCTCGTACGGC-1	4
asc.day0_TGTATTCTCTATCGCC-1	1
asc.day0_TGTCCCAAGCTAGTGG-1	5
asc.day0_TGTCCCAAGCTGCAAG-1	5
asc.day0_TGTCCCAAGGAGTCTG-1	2
asc.day0_TGTCCCACACATTAGC-1	3
asc.day0_TGTCCCACAGCCACCA-1	3
asc.day0_TGTCCCACAGGCTCAC-1	4
asc.day0_TGTCCCACAGGTTTCA-1	3
asc.day0_TGTCCCACATGCCCGA-1	1
asc.day0_TGTCCCAGTCCGACGT-1	1
asc.day0_TGTCCCAGTCTCACCT-1	5
asc.day0_TGTCCCAGTCTCTCTG-1	1
asc.day0_TGTCCCAGTTCCGGCA-1	3
asc.day0_TGTCCCAGTTCTGTTT-1	1
asc.day0_TGTCCCATCATCGATG-1	1
asc.day0_TGTCCCATCGCATGAT-1	5
asc.day0_TGTCCCATCTGTTGAG-1	1
asc.day0_TGTGGTAAGCCGATTT-1	1
asc.day0_TGTGGTAAGCTGTTCA-1	3
asc.day0_TGTGGTAAGTGGAGAA-1	1
asc.day0_TGTGGTAAGTTAAGTG-1	1
asc.day0_TGTGGTACAAACCTAC-1	2
asc.day0_TGTGGTACAACAACCT-1	1
asc.day0_TGTGGTACACACCGAC-1	1
asc.day0_TGTGGTACACTGCCAG-1	1
asc.day0_TGTGGTACAGCTGGCT-1	3
asc.day0_TGTGGTACAGGTGCCT-1	1
asc.day0_TGTGGTAGTCGAGATG-1	3
asc.day0_TGTGGTAGTGCCTGGT-1	1
asc.day0_TGTGGTATCACCCTCA-1	3
asc.day0_TGTGGTATCCAGTATG-1	1
asc.day0_TGTGGTATCGAGGTAG-1	1
asc.day0_TGTGGTATCGCCAGCA-1	1
asc.day0_TGTGGTATCGTACCGG-1	1
asc.day0_TGTGGTATCTCTAAGG-1	1
asc.day0_TGTGGTATCTTGTTTG-1	1
asc.day0_TGTGTTTAGCAGCGTA-1	1
asc.day0_TGTGTTTAGGACTGGT-1	1
asc.day0_TGTGTTTAGGTGATAT-1	2
asc.day0_TGTGTTTAGTCAAGCG-1	2
asc.day0_TGTGTTTAGTGCAAGC-1	1
asc.day0_TGTGTTTAGTGTACTC-1	4
asc.day0_TGTGTTTCACATCCAA-1	2
asc.day0_TGTGTTTCAGTAGAGC-1	1
asc.day0_TGTGTTTCATGTCGAT-1	2
asc.day0_TGTGTTTGTAGTAGTA-1	3
asc.day0_TGTGTTTGTGTTCGAT-1	1
asc.day0_TGTGTTTGTTATCGGT-1	6
asc.day0_TGTGTTTTCAGAAATG-1	4
asc.day0_TGTGTTTTCCTGCTTG-1	1
asc.day0_TGTGTTTTCCTTTCTC-1	1
asc.day0_TGTGTTTTCGAGGTAG-1	1
asc.day0_TGTGTTTTCGTGACAT-1	3
asc.day0_TGTGTTTTCTACCTGC-1	1
asc.day0_TGTTCCGAGCTAGTTC-1	2
asc.day0_TGTTCCGAGGAGTTTA-1	3
asc.day0_TGTTCCGAGTACGACG-1	1
asc.day0_TGTTCCGAGTATTGGA-1	1
asc.day0_TGTTCCGAGTGTCCCG-1	4
asc.day0_TGTTCCGCAACACCCG-1	3
asc.day0_TGTTCCGCAAGGACTG-1	4
asc.day0_TGTTCCGCAGAGCCAA-1	2
asc.day0_TGTTCCGCATGCCTAA-1	1
asc.day0_TGTTCCGCATGGTAGG-1	1
asc.day0_TGTTCCGGTCCAGTGC-1	1
asc.day0_TGTTCCGGTCCGTCAG-1	6
asc.day0_TGTTCCGGTCTGGTCG-1	1
asc.day0_TGTTCCGGTTACAGAA-1	1
asc.day0_TGTTCCGGTTCCGTCT-1	1
asc.day0_TGTTCCGTCCTCTAGC-1	3
asc.day0_TGTTCCGTCGGCATCG-1	4
asc.day0_TGTTCCGTCGTGGTCG-1	1
asc.day0_TGTTCCGTCTCAAGTG-1	1
asc.day0_TGTTCCGTCTTTAGTC-1	2
asc.day0_TTAACTCAGAATGTGT-1	1
asc.day0_TTAACTCAGGACGAAA-1	1
asc.day0_TTAACTCAGGATCGCA-1	2
asc.day0_TTAACTCCAAACCTAC-1	3
asc.day0_TTAACTCCACCTTGTC-1	2
asc.day0_TTAACTCCACTAGTAC-1	1
asc.day0_TTAACTCCAGGCGATA-1	1
asc.day0_TTAACTCGTGTTAAGA-1	1
asc.day0_TTAACTCTCAGCTCGG-1	1
asc.day0_TTAGGACAGCGTCTAT-1	1
asc.day0_TTAGGACAGCTGGAAC-1	2
asc.day0_TTAGGACAGGCTACGA-1	2
asc.day0_TTAGGACAGTCCGGTC-1	2
asc.day0_TTAGGACCACTCTGTC-1	2
asc.day0_TTAGGACCAGCCACCA-1	1
asc.day0_TTAGGACCAGGCTGAA-1	2
asc.day0_TTAGGACGTCTGCCAG-1	2
asc.day0_TTAGGACTCAGTTGAC-1	1
asc.day0_TTAGGACTCGCTTGTC-1	4
asc.day0_TTAGGACTCGGTTAAC-1	1
asc.day0_TTAGGACTCGTCCGTT-1	3
asc.day0_TTAGGACTCTCCAACC-1	4
asc.day0_TTAGGACTCTCCAGGG-1	1
asc.day0_TTAGGACTCTGTTTGT-1	2
asc.day0_TTAGGCAAGAGTCTGG-1	3
asc.day0_TTAGGCAAGATGAGAG-1	2
asc.day0_TTAGGCAAGATGGCGT-1	4
asc.day0_TTAGGCAAGGATTCGG-1	1
asc.day0_TTAGGCAAGTGGGATC-1	5
asc.day0_TTAGGCACAGCGATCC-1	5
asc.day0_TTAGGCACATGTCTCC-1	1
asc.day0_TTAGGCACATTGCGGC-1	1
asc.day0_TTAGGCAGTAAATGAC-1	1
asc.day0_TTAGGCAGTACCGAGA-1	1
asc.day0_TTAGGCAGTATCGCAT-1	1
asc.day0_TTAGGCAGTCGCCATG-1	1
asc.day0_TTAGGCAGTGTGACGA-1	3
asc.day0_TTAGGCAGTTAGTGGG-1	1
asc.day0_TTAGGCATCAAGCCTA-1	1
asc.day0_TTAGGCATCATGTCTT-1	1
asc.day0_TTAGGCATCCAAACAC-1	1
asc.day0_TTAGGCATCCTCGCAT-1	1
asc.day0_TTAGGCATCCTTCAAT-1	1
asc.day0_TTAGGCATCTTACCTA-1	3
asc.day0_TTAGTTCAGCGATATA-1	1
asc.day0_TTAGTTCAGGAGCGAG-1	1
asc.day0_TTAGTTCAGGAGTTTA-1	1
asc.day0_TTAGTTCCAGGGTACA-1	1
asc.day0_TTAGTTCCATCTCGCT-1	3
asc.day0_TTAGTTCGTGAGTATA-1	4
asc.day0_TTAGTTCGTTGATTGC-1	2
asc.day0_TTAGTTCTCACCACCT-1	1
asc.day0_TTAGTTCTCAGGTAAA-1	3
asc.day0_TTAGTTCTCAGGTTCA-1	1
asc.day0_TTAGTTCTCATGTCCC-1	1
asc.day0_TTAGTTCTCGAATGGG-1	1
asc.day0_TTAGTTCTCGGCATCG-1	5
asc.day0_TTATGCTAGAACAACT-1	1
asc.day0_TTATGCTAGCGTAGTG-1	5
asc.day0_TTATGCTAGCTAGTGG-1	1
asc.day0_TTATGCTAGGACAGCT-1	1
asc.day0_TTATGCTAGGGCTCTC-1	2
asc.day0_TTATGCTAGTAGTGCG-1	3
asc.day0_TTATGCTCAACACCTA-1	1
asc.day0_TTATGCTCAATGGACG-1	1
asc.day0_TTATGCTCACAGACTT-1	3
asc.day0_TTATGCTCAGATCTGT-1	1
asc.day0_TTATGCTCATACGCTA-1	4
asc.day0_TTATGCTGTAATCGTC-1	5
asc.day0_TTATGCTGTCCCGACA-1	5
asc.day0_TTATGCTGTCGCTTCT-1	1
asc.day0_TTATGCTTCAAACCGT-1	1
asc.day0_TTATGCTTCACAATGC-1	5
asc.day0_TTATGCTTCCGTCATC-1	1
asc.day0_TTATGCTTCGTAGGAG-1	3
asc.day0_TTATGCTTCGTTTGCC-1	2
asc.day0_TTCCCAGAGATGTTAG-1	4
asc.day0_TTCCCAGAGGTGATTA-1	5
asc.day0_TTCCCAGCAGGACGTA-1	2
asc.day0_TTCCCAGCATGGAATA-1	1
asc.day0_TTCCCAGGTCAACTGT-1	1
asc.day0_TTCCCAGTCCGAAGAG-1	3
asc.day0_TTCCCAGTCCTATGTT-1	2
asc.day0_TTCCCAGTCGTGGACC-1	1
asc.day0_TTCCCAGTCTAACTGG-1	1
asc.day0_TTCCCAGTCTGAGGGA-1	1
asc.day0_TTCGAAGAGAAACCAT-1	1
asc.day0_TTCGAAGAGCGTTTAC-1	2
asc.day0_TTCGAAGCACCCAGTG-1	4
asc.day0_TTCGAAGCACGCATCG-1	1
asc.day0_TTCGAAGCAGCGATCC-1	1
asc.day0_TTCGAAGGTCAGGACA-1	1
asc.day0_TTCGAAGGTGAAAGAG-1	4
asc.day0_TTCGAAGGTGATAAAC-1	5
asc.day0_TTCGAAGGTGGGTCAA-1	1
asc.day0_TTCGAAGGTTAAAGAC-1	5
asc.day0_TTCGAAGGTTCTGTTT-1	5
asc.day0_TTCGAAGGTTTGGCGC-1	1
asc.day0_TTCGAAGTCTACGAGT-1	3
asc.day0_TTCGAAGTCTGGTGTA-1	4
asc.day0_TTCGAAGTCTGTCTCG-1	3
asc.day0_TTCGGTCAGCAGCCTC-1	1
asc.day0_TTCGGTCAGCTAGGCA-1	1
asc.day0_TTCGGTCAGTATCTCG-1	1
asc.day0_TTCGGTCAGTCAATAG-1	3
asc.day0_TTCGGTCAGTGACATA-1	1
asc.day0_TTCGGTCCACATTAGC-1	1
asc.day0_TTCGGTCCACCTCGTT-1	3
asc.day0_TTCGGTCCAGATTGCT-1	1
asc.day0_TTCGGTCGTAGAGTGC-1	4
asc.day0_TTCGGTCGTAGCTTGT-1	1
asc.day0_TTCGGTCGTCGTGGCT-1	4
asc.day0_TTCGGTCGTGACCAAG-1	1
asc.day0_TTCGGTCTCACAGGCC-1	1
asc.day0_TTCGGTCTCATTATCC-1	3
asc.day0_TTCGGTCTCCCAGGTG-1	1
asc.day0_TTCGGTCTCGCGATCG-1	1
asc.day0_TTCGGTCTCGTTACGA-1	1
asc.day0_TTCGGTCTCTGGTTCC-1	5
asc.day0_TTCGGTCTCTTCGAGA-1	1
asc.day0_TTCTACAAGAAGGTGA-1	3
asc.day0_TTCTACAAGGTCATCT-1	2
asc.day0_TTCTACAAGGTCGGAT-1	1
asc.day0_TTCTACACAAAGCAAT-1	1
asc.day0_TTCTACACAGACAAAT-1	5
asc.day0_TTCTACACAGGTTTCA-1	1
asc.day0_TTCTACACAGTATGCT-1	1
asc.day0_TTCTACAGTAAGGGAA-1	4
asc.day0_TTCTACAGTACATCCA-1	1
asc.day0_TTCTACAGTCGTGGCT-1	5
asc.day0_TTCTACAGTGAAAGAG-1	1
asc.day0_TTCTACAGTGCTAGCC-1	5
asc.day0_TTCTACAGTTTGTTTC-1	4
asc.day0_TTCTACATCAGCCTAA-1	1
asc.day0_TTCTACATCATACGGT-1	2
asc.day0_TTCTACATCCATGAGT-1	1
asc.day0_TTCTACATCCCTCAGT-1	1
asc.day0_TTCTCAAAGAAGGTGA-1	1
asc.day0_TTCTCAAAGTACTTGC-1	3
asc.day0_TTCTCAACACATTCGA-1	2
asc.day0_TTCTCAACACGGATAG-1	1
asc.day0_TTCTCAACAGCTATTG-1	1
asc.day0_TTCTCAACAGCTCGAC-1	4
asc.day0_TTCTCAACATCCCACT-1	1
asc.day0_TTCTCAACATGCTGGC-1	1
asc.day0_TTCTCAAGTCAAACTC-1	2
asc.day0_TTCTCAAGTCCGTGAC-1	1
asc.day0_TTCTCAATCACATAGC-1	1
asc.day0_TTCTCAATCTAACGGT-1	2
asc.day0_TTCTCAATCTACTATC-1	1
asc.day0_TTCTCCTAGAAGAAGC-1	1
asc.day0_TTCTCCTAGAAGGTGA-1	1
asc.day0_TTCTCCTAGAGGACGG-1	1
asc.day0_TTCTCCTAGAGTACCG-1	2
asc.day0_TTCTCCTAGCGAGAAA-1	7
asc.day0_TTCTCCTAGCGTAATA-1	1
asc.day0_TTCTCCTAGCTAGTCT-1	2
asc.day0_TTCTCCTAGCTCTCGG-1	1
asc.day0_TTCTCCTAGGATGCGT-1	1
asc.day0_TTCTCCTAGTCTCCTC-1	1
asc.day0_TTCTCCTCACCGCTAG-1	1
asc.day0_TTCTCCTCAGAAGCAC-1	1
asc.day0_TTCTCCTCAGGCAGTA-1	5
asc.day0_TTCTCCTCAGTAGAGC-1	4
asc.day0_TTCTCCTGTAAGAGGA-1	5
asc.day0_TTCTCCTGTGTCAATC-1	4
asc.day0_TTCTCCTGTTTGTTTC-1	2
asc.day0_TTCTCCTTCACCAGGC-1	1
asc.day0_TTCTCCTTCCTATTCA-1	1
asc.day0_TTCTCCTTCTAGCACA-1	3
asc.day0_TTCTCCTTCTCAAACG-1	4
asc.day0_TTCTTAGAGAACAACT-1	1
asc.day0_TTCTTAGAGACAGAGA-1	1
asc.day0_TTCTTAGAGATGTCGG-1	4
asc.day0_TTCTTAGAGCGATGAC-1	1
asc.day0_TTCTTAGAGCTAAACA-1	1
asc.day0_TTCTTAGAGCTATGCT-1	1
asc.day0_TTCTTAGAGTACATGA-1	1
asc.day0_TTCTTAGAGTAGCGGT-1	3
asc.day0_TTCTTAGAGTGTACCT-1	1
asc.day0_TTCTTAGAGTGTTAGA-1	3
asc.day0_TTCTTAGCAACGCACC-1	1
asc.day0_TTCTTAGCACATCCAA-1	1
asc.day0_TTCTTAGCACCACCAG-1	1
asc.day0_TTCTTAGCACCTGGTG-1	4
asc.day0_TTCTTAGCAGAAGCAC-1	3
asc.day0_TTCTTAGCAGGGCATA-1	3
asc.day0_TTCTTAGCAGTAACGG-1	1
asc.day0_TTCTTAGCATCCAACA-1	1
asc.day0_TTCTTAGGTACTCGCG-1	2
asc.day0_TTCTTAGGTCTCTTAT-1	1
asc.day0_TTCTTAGGTGATAAGT-1	2
asc.day0_TTCTTAGGTTGACGTT-1	3
asc.day0_TTCTTAGGTTTCGCTC-1	1
asc.day0_TTCTTAGTCACCGGGT-1	1
asc.day0_TTCTTAGTCAGCATGT-1	1
asc.day0_TTCTTAGTCCCTGACT-1	2
asc.day0_TTCTTAGTCGAGGTAG-1	2
asc.day0_TTCTTAGTCTAAGCCA-1	1
asc.day0_TTGAACGAGAACTCGG-1	2
asc.day0_TTGAACGAGCCAGTAG-1	1
asc.day0_TTGAACGAGCGATCCC-1	1
asc.day0_TTGAACGAGTGGTCCC-1	3
asc.day0_TTGAACGCAATGAAAC-1	1
asc.day0_TTGAACGCACTAGTAC-1	1
asc.day0_TTGAACGCAGATGAGC-1	1
asc.day0_TTGAACGCAGGTGCCT-1	5
asc.day0_TTGAACGCATCCTTGC-1	5
asc.day0_TTGAACGGTAGCTTGT-1	1
asc.day0_TTGAACGGTCTTCTCG-1	2
asc.day0_TTGAACGGTGATGATA-1	5
asc.day0_TTGAACGGTGTAAGTA-1	1
asc.day0_TTGAACGGTTACTGAC-1	1
asc.day0_TTGAACGTCAACGGCC-1	3
asc.day0_TTGAACGTCCTAGAAC-1	5
asc.day0_TTGAACGTCGTTGACA-1	2
asc.day0_TTGAACGTCTCTGCTG-1	8
asc.day0_TTGAACGTCTTCCTTC-1	4
asc.day0_TTGACTTAGAAACCGC-1	6
asc.day0_TTGACTTAGAGTACAT-1	1
asc.day0_TTGACTTAGCTAGGCA-1	1
asc.day0_TTGACTTAGGTAAACT-1	2
asc.day0_TTGACTTAGTGACTCT-1	1
asc.day0_TTGACTTAGTGGTCCC-1	2
asc.day0_TTGACTTCAAAGAATC-1	2
asc.day0_TTGACTTCACGTTGGC-1	1
asc.day0_TTGACTTCAGCTGCTG-1	1
asc.day0_TTGACTTCATGTAGTC-1	2
asc.day0_TTGACTTGTAAGAGAG-1	5
asc.day0_TTGACTTGTATTCTCT-1	1
asc.day0_TTGACTTGTCATCGGC-1	2
asc.day0_TTGACTTGTCGGCACT-1	5
asc.day0_TTGACTTGTGTGAAAT-1	1
asc.day0_TTGACTTGTTATGCGT-1	1
asc.day0_TTGACTTTCCCTAATT-1	1
asc.day0_TTGACTTTCTACTTAC-1	1
asc.day0_TTGCCGTAGAAGGGTA-1	2
asc.day0_TTGCCGTAGCACACAG-1	2
asc.day0_TTGCCGTAGGTTACCT-1	5
asc.day0_TTGCCGTAGTCGCCGT-1	3
asc.day0_TTGCCGTAGTCTCGGC-1	3
asc.day0_TTGCCGTCAATCGGTT-1	1
asc.day0_TTGCCGTCAATGAAAC-1	1
asc.day0_TTGCCGTCATCACAAC-1	3
asc.day0_TTGCCGTGTACCGTAT-1	7
asc.day0_TTGCCGTGTATAAACG-1	1
asc.day0_TTGCCGTGTCCTGCTT-1	3
asc.day0_TTGCCGTGTGATAAGT-1	4
asc.day0_TTGCCGTGTGTTAAGA-1	4
asc.day0_TTGCCGTGTTAAGTAG-1	1
asc.day0_TTGCCGTGTTTGACAC-1	5
asc.day0_TTGCCGTTCAGTGTTG-1	5
asc.day0_TTGCCGTTCATTGCGA-1	4
asc.day0_TTGCCGTTCCTCTAGC-1	5
asc.day0_TTGCCGTTCGCTTGTC-1	1
asc.day0_TTGCGTCAGCGAAGGG-1	3
asc.day0_TTGCGTCAGCTAACAA-1	1
asc.day0_TTGCGTCAGCTGAAAT-1	1
asc.day0_TTGCGTCCACATCTTT-1	5
asc.day0_TTGCGTCCACCTCGTT-1	1
asc.day0_TTGCGTCCATCACAAC-1	2
asc.day0_TTGCGTCCATTGGCGC-1	3
asc.day0_TTGCGTCGTAGCGTAG-1	1
asc.day0_TTGCGTCGTAGTGAAT-1	2
asc.day0_TTGCGTCGTTAAAGAC-1	1
asc.day0_TTGCGTCGTTAGGGTG-1	6
asc.day0_TTGCGTCTCAGCATGT-1	1
asc.day0_TTGGAACAGCGTAATA-1	4
asc.day0_TTGGAACAGCGTGTCC-1	2
asc.day0_TTGGAACAGGACAGAA-1	1
asc.day0_TTGGAACAGTCTCAAC-1	5
asc.day0_TTGGAACCACACTGCG-1	4
asc.day0_TTGGAACCACTAGTAC-1	5
asc.day0_TTGGAACCAGTCTTCC-1	1
asc.day0_TTGGAACGTGACTACT-1	2
asc.day0_TTGGAACGTGCACGAA-1	3
asc.day0_TTGGAACGTGGCAAAC-1	1
asc.day0_TTGGAACTCCATGAAC-1	1
asc.day0_TTGGAACTCGTCCGTT-1	1
asc.day0_TTGGAACTCTGTCTCG-1	3
asc.day0_TTGGCAAAGAATTGTG-1	3
asc.day0_TTGGCAAAGCGTAATA-1	1
asc.day0_TTGGCAAAGCGTCAAG-1	3
asc.day0_TTGGCAAAGGCCATAG-1	3
asc.day0_TTGGCAACAAGTCATC-1	3
asc.day0_TTGGCAACAGAGTGTG-1	5
asc.day0_TTGGCAACATCGATGT-1	2
asc.day0_TTGGCAAGTAAGTTCC-1	5
asc.day0_TTGGCAAGTCAACTGT-1	3
asc.day0_TTGGCAAGTCGCGTGT-1	4
asc.day0_TTGGCAAGTGTTTGGT-1	5
asc.day0_TTGGCAATCACGAAGG-1	4
asc.day0_TTGGCAATCCGTAGTA-1	1
asc.day0_TTGGCAATCCTCAATT-1	3
asc.day0_TTGGCAATCCTCTAGC-1	1
asc.day0_TTGGCAATCTCCTATA-1	5
asc.day0_TTGGCAATCTTACCGC-1	1
asc.day0_TTGTAGGAGCTGGAAC-1	3
asc.day0_TTGTAGGCAAGCGATG-1	1
asc.day0_TTGTAGGCAATAGCAA-1	1
asc.day0_TTGTAGGCACAGTCGC-1	3
asc.day0_TTGTAGGGTCCGTGAC-1	3
asc.day0_TTGTAGGGTCGACTGC-1	1
asc.day0_TTGTAGGGTTGTACAC-1	2
asc.day0_TTGTAGGTCCACTCCA-1	4
asc.day0_TTGTAGGTCGAGGTAG-1	1
asc.day0_TTGTAGGTCTGTTGAG-1	1
asc.day0_TTTACTGAGATGCCTT-1	6
asc.day0_TTTACTGAGCCACGCT-1	1
asc.day0_TTTACTGAGGCCCGTT-1	5
asc.day0_TTTACTGCAAACCCAT-1	5
asc.day0_TTTACTGCAGCCAATT-1	1
asc.day0_TTTACTGCAGCTGTTA-1	1
asc.day0_TTTACTGCAGTATCTG-1	1
asc.day0_TTTACTGCATTTCACT-1	1
asc.day0_TTTACTGGTACCGAGA-1	1
asc.day0_TTTACTGGTATTCTCT-1	1
asc.day0_TTTACTGGTGGCGAAT-1	2
asc.day0_TTTACTGGTTCGTTGA-1	3
asc.day0_TTTACTGTCCAGATCA-1	1
asc.day0_TTTACTGTCCGTAGGC-1	4
asc.day0_TTTACTGTCCGTAGTA-1	3
asc.day0_TTTATGCAGCGCCTTG-1	5
asc.day0_TTTATGCAGCGTGTCC-1	1
asc.day0_TTTATGCAGCTAGTTC-1	4
asc.day0_TTTATGCAGGTCATCT-1	6
asc.day0_TTTATGCAGTACGTAA-1	2
asc.day0_TTTATGCCAAACGTGG-1	1
asc.day0_TTTATGCCAAATACAG-1	3
asc.day0_TTTATGCCACCACCAG-1	1
asc.day0_TTTATGCCACGTAAGG-1	5
asc.day0_TTTATGCCATTCCTGC-1	2
asc.day0_TTTATGCGTAACGACG-1	3
asc.day0_TTTATGCGTGGCAAAC-1	1
asc.day0_TTTATGCGTTCCGTCT-1	3
asc.day0_TTTATGCTCGCAAACT-1	2
asc.day0_TTTATGCTCGCCTGTT-1	3
asc.day0_TTTCCTCAGATCACGG-1	1
asc.day0_TTTCCTCAGCAGATCG-1	1
asc.day0_TTTCCTCAGGATGGAA-1	3
asc.day0_TTTCCTCAGTACGCCC-1	4
asc.day0_TTTCCTCCAATGGAAT-1	1
asc.day0_TTTCCTCCACCATGTA-1	3
asc.day0_TTTCCTCCACTATCTT-1	3
asc.day0_TTTCCTCCAGACACTT-1	1
asc.day0_TTTCCTCCAGGAATGC-1	1
asc.day0_TTTCCTCGTCATGCAT-1	3
asc.day0_TTTCCTCGTTAAGACA-1	4
asc.day0_TTTCCTCGTTAGGGTG-1	1
asc.day0_TTTCCTCTCACCTCGT-1	1
asc.day0_TTTCCTCTCCAAACTG-1	5
asc.day0_TTTCCTCTCTCCGGTT-1	2
asc.day0_TTTCCTCTCTTGTCAT-1	3
asc.day0_TTTGCGCAGAGTCTGG-1	5
asc.day0_TTTGCGCAGGTGCTAG-1	1
asc.day0_TTTGCGCAGTGGTAAT-1	1
asc.day0_TTTGCGCCACTAAGTC-1	1
asc.day0_TTTGCGCGTATAATGG-1	2
asc.day0_TTTGCGCGTATAGTAG-1	1
asc.day0_TTTGCGCGTCCGAACC-1	1
asc.day0_TTTGCGCGTGACTCAT-1	3
asc.day0_TTTGCGCTCATCACCC-1	4
asc.day0_TTTGCGCTCCATGAGT-1	1
asc.day0_TTTGCGCTCTGCTGCT-1	1
asc.day0_TTTGCGCTCTTGTTTG-1	2
asc.day0_TTTGGTTAGCCTATGT-1	1
asc.day0_TTTGGTTAGCTGAAAT-1	3
asc.day0_TTTGGTTAGGGCTTGA-1	1
asc.day0_TTTGGTTCAAGTCATC-1	1
asc.day0_TTTGGTTCAAGTTCTG-1	1
asc.day0_TTTGGTTCATCCTTGC-1	1
asc.day0_TTTGGTTCATGCCACG-1	1
asc.day0_TTTGGTTGTATAGGGC-1	3
asc.day0_TTTGGTTGTATGAAAC-1	5
asc.day0_TTTGGTTGTCCAAGTT-1	5
asc.day0_TTTGGTTGTTACGACT-1	5
asc.day0_TTTGGTTTCAACACGT-1	5
asc.day0_TTTGGTTTCAACCATG-1	3
asc.day0_TTTGGTTTCAACGAAA-1	1
asc.day0_TTTGGTTTCACATAGC-1	2
asc.day0_TTTGGTTTCCAGTATG-1	5
asc.day0_TTTGGTTTCGATGAGG-1	1
asc.day0_TTTGGTTTCGCATGAT-1	4
asc.day0_TTTGGTTTCTCAAGTG-1	6
asc.day0_TTTGTCAAGAATTCCC-1	1
asc.day0_TTTGTCAAGCGGCTTC-1	2
asc.day0_TTTGTCAAGGTGATTA-1	3
asc.day0_TTTGTCAAGTACGCGA-1	5
asc.day0_TTTGTCAAGTACGTAA-1	5
asc.day0_TTTGTCAAGTAGGCCA-1	1
asc.day0_TTTGTCACACGGCCAT-1	1
asc.day0_TTTGTCATCACGGTTA-1	1
asc.day0_TTTGTCATCCACGAAT-1	1
asc.day0_TTTGTCATCCGCTGTT-1	1
beige.day1_AAACCTGAGGACAGAA-1	4
beige.day1_AAACCTGAGTGTACCT-1	7
beige.day1_AAACGGGAGAATTGTG-1	5
beige.day1_AAACGGGAGATGTGTA-1	4
beige.day1_AAACGGGCAAGGCTCC-1	7
beige.day1_AAACGGGCACGTGAGA-1	5
beige.day1_AAACGGGCATCTCGCT-1	1
beige.day1_AAACGGGCATGCGCAC-1	5
beige.day1_AAACGGGTCCGTTGTC-1	7
beige.day1_AAACGGGTCGGAGGTA-1	5
beige.day1_AAAGATGAGACCACGA-1	3
beige.day1_AAAGATGAGATGTGGC-1	3
beige.day1_AAAGATGAGTGCCATT-1	5
beige.day1_AAAGATGAGTGGCACA-1	5
beige.day1_AAAGATGCACCGTTGG-1	4
beige.day1_AAAGATGCACTACAGT-1	3
beige.day1_AAAGATGCATGCAATC-1	4
beige.day1_AAAGATGGTGGGTATG-1	8
beige.day1_AAAGATGGTTACGGAG-1	3
beige.day1_AAAGATGTCGTTTAGG-1	7
beige.day1_AAAGATGTCTCGAGTA-1	3
beige.day1_AAAGCAAAGTGTTGAA-1	7
beige.day1_AAAGCAACACTGTGTA-1	4
beige.day1_AAAGCAAGTCATATGC-1	5
beige.day1_AAAGCAATCACATACG-1	7
beige.day1_AAAGTAGAGACTCGGA-1	5
beige.day1_AAAGTAGAGATGCCTT-1	4
beige.day1_AAAGTAGAGATGGCGT-1	3
beige.day1_AAAGTAGCACCCAGTG-1	3
beige.day1_AAAGTAGGTAGTAGTA-1	5
beige.day1_AAAGTAGTCAACGCTA-1	3
beige.day1_AAAGTAGTCAGCGATT-1	5
beige.day1_AAAGTAGTCTGATACG-1	7
beige.day1_AAATGCCAGAGTAAGG-1	5
beige.day1_AAATGCCAGAGTAATC-1	4
beige.day1_AAATGCCAGCGTGAAC-1	5
beige.day1_AAATGCCAGTCACGCC-1	7
beige.day1_AAATGCCAGTCGATAA-1	4
beige.day1_AAATGCCCACACTGCG-1	3
beige.day1_AAATGCCGTGCAGTAG-1	8
beige.day1_AAATGCCGTTGACGTT-1	1
beige.day1_AAATGCCTCCCTTGCA-1	7
beige.day1_AAATGCCTCGAGGTAG-1	7
beige.day1_AACACGTAGCGACGTA-1	7
beige.day1_AACACGTCAACGATGG-1	8
beige.day1_AACACGTCACTGTGTA-1	5
beige.day1_AACACGTGTCTGGAGA-1	5
beige.day1_AACACGTGTGCTGTAT-1	8
beige.day1_AACACGTGTGTGACGA-1	5
beige.day1_AACACGTTCAGAGGTG-1	4
beige.day1_AACCATGAGAATGTTG-1	3
beige.day1_AACCATGAGCCCAGCT-1	5
beige.day1_AACCATGAGGAATTAC-1	3
beige.day1_AACCATGAGTACACCT-1	5
beige.day1_AACCATGGTTGGACCC-1	8
beige.day1_AACCGCGCAACTTGAC-1	5
beige.day1_AACCGCGGTTAAGGGC-1	4
beige.day1_AACGTTGCAACCGCCA-1	5
beige.day1_AACGTTGCAATGGAAT-1	6
beige.day1_AACGTTGCACAGTCGC-1	7
beige.day1_AACGTTGGTACACCGC-1	8
beige.day1_AACGTTGTCCTAAGTG-1	4
beige.day1_AACGTTGTCCTTGACC-1	5
beige.day1_AACGTTGTCTGCTTGC-1	3
beige.day1_AACTCAGAGACATAAC-1	8
beige.day1_AACTCAGAGGACATTA-1	5
beige.day1_AACTCAGCACCGTTGG-1	8
beige.day1_AACTCAGGTCCGTGAC-1	4
beige.day1_AACTCAGTCAGTGCAT-1	8
beige.day1_AACTCAGTCCGTAGTA-1	5
beige.day1_AACTCCCAGAGTGAGA-1	7
beige.day1_AACTCCCAGCGTCAAG-1	5
beige.day1_AACTCCCCACCAGGCT-1	7
beige.day1_AACTCCCGTTTGACTG-1	6
beige.day1_AACTCCCTCGATCCCT-1	7
beige.day1_AACTCTTAGCATGGCA-1	3
beige.day1_AACTCTTAGCCATCGC-1	4
beige.day1_AACTCTTAGGCCGAAT-1	7
beige.day1_AACTCTTTCAGAGCTT-1	7
beige.day1_AACTCTTTCCAAACAC-1	4
beige.day1_AACTCTTTCTTGTATC-1	3
beige.day1_AACTGGTGTAATTGGA-1	5
beige.day1_AACTGGTGTACCGTAT-1	5
beige.day1_AACTTTCAGAGCTGCA-1	5
beige.day1_AACTTTCAGCCGATTT-1	3
beige.day1_AACTTTCAGTCATGCT-1	4
beige.day1_AACTTTCAGTCCATAC-1	6
beige.day1_AACTTTCAGTGTCCCG-1	5
beige.day1_AACTTTCCAAATTGCC-1	5
beige.day1_AACTTTCTCCAACCAA-1	6
beige.day1_AACTTTCTCTGTACGA-1	3
beige.day1_AAGACCTAGACAATAC-1	5
beige.day1_AAGACCTAGGCATTGG-1	4
beige.day1_AAGACCTAGGGATACC-1	5
beige.day1_AAGACCTCAGATAATG-1	5
beige.day1_AAGACCTCATTGGCGC-1	5
beige.day1_AAGACCTGTTAAAGTG-1	7
beige.day1_AAGACCTGTTAGATGA-1	4
beige.day1_AAGACCTTCAGCTCGG-1	3
beige.day1_AAGCCGCAGTGTCCCG-1	3
beige.day1_AAGCCGCCACCATGTA-1	5
beige.day1_AAGCCGCCACGTTGGC-1	5
beige.day1_AAGCCGCGTCCGAACC-1	5
beige.day1_AAGCCGCGTCGGCACT-1	3
beige.day1_AAGCCGCTCACGATGT-1	7
beige.day1_AAGGAGCCAGGATCGA-1	5
beige.day1_AAGGAGCGTCATATCG-1	8
beige.day1_AAGGCAGAGCTGGAAC-1	4
beige.day1_AAGGCAGGTAAGTTCC-1	3
beige.day1_AAGGTTCAGGTGCAAC-1	7
beige.day1_AAGGTTCGTACACCGC-1	6
beige.day1_AAGGTTCGTGCAGACA-1	4
beige.day1_AAGGTTCTCAGTGCAT-1	8
beige.day1_AAGGTTCTCCCGGATG-1	3
beige.day1_AAGGTTCTCGTGGACC-1	1
beige.day1_AAGGTTCTCTATCCCG-1	3
beige.day1_AAGTCTGAGCTAGCCC-1	3
beige.day1_AAGTCTGCACGAAAGC-1	3
beige.day1_AAGTCTGCAGTTCATG-1	8
beige.day1_AAGTCTGCATCACGTA-1	5
beige.day1_AAGTCTGCATCGGTTA-1	5
beige.day1_AAGTCTGTCCACGCAG-1	3
beige.day1_AATCCAGAGCAACGGT-1	6
beige.day1_AATCCAGAGCCAGTAG-1	5
beige.day1_AATCCAGGTGCGATAG-1	5
beige.day1_AATCCAGTCGGTGTCG-1	3
beige.day1_AATCGGTCAAGTACCT-1	5
beige.day1_AATCGGTCACGTAAGG-1	8
beige.day1_AATCGGTGTCCGTGAC-1	4
beige.day1_ACACCAAAGAGTAAGG-1	5
beige.day1_ACACCAAAGCCAACAG-1	5
beige.day1_ACACCAAAGGTTACCT-1	5
beige.day1_ACACCAAGTAGTACCT-1	6
beige.day1_ACACCCTCAGCCTATA-1	5
beige.day1_ACACCCTTCACCAGGC-1	7
beige.day1_ACACCCTTCATTGCGA-1	5
beige.day1_ACACCCTTCGCGTTTC-1	6
beige.day1_ACACCGGAGATCCGAG-1	5
beige.day1_ACACCGGAGCTAAACA-1	5
beige.day1_ACACCGGAGCTAGGCA-1	1
beige.day1_ACACCGGAGTTTCCTT-1	7
beige.day1_ACACCGGTCACAGTAC-1	3
beige.day1_ACACTGAAGCAGGTCA-1	3
beige.day1_ACACTGAAGCTTTGGT-1	5
beige.day1_ACACTGACAACGCACC-1	3
beige.day1_ACACTGAGTTACGGAG-1	3
beige.day1_ACACTGATCAATAAGG-1	4
beige.day1_ACACTGATCACCACCT-1	4
beige.day1_ACACTGATCTGTCTAT-1	6
beige.day1_ACAGCCGCAATCCAAC-1	3
beige.day1_ACAGCCGGTGTATGGG-1	3
beige.day1_ACAGCCGGTTCCACGG-1	4
beige.day1_ACAGCCGTCCTTGGTC-1	3
beige.day1_ACAGCCGTCTACGAGT-1	3
beige.day1_ACAGCTAAGATGTGGC-1	4
beige.day1_ACAGCTAAGGCATTGG-1	1
beige.day1_ACAGCTACAATACGCT-1	5
beige.day1_ACAGCTACAGTCCTTC-1	5
beige.day1_ACAGCTACATTAGGCT-1	7
beige.day1_ACAGCTAGTATAGGTA-1	5
beige.day1_ACAGCTATCAGTGCAT-1	8
beige.day1_ACAGCTATCGTCACGG-1	7
beige.day1_ACAGCTATCTATCCTA-1	7
beige.day1_ACATACGGTGCAACTT-1	7
beige.day1_ACATACGGTTGAGGTG-1	7
beige.day1_ACATCAGCATGGGAAC-1	4
beige.day1_ACATCAGCATTGGCGC-1	3
beige.day1_ACATCAGGTACAGACG-1	4
beige.day1_ACATCAGGTAGCGCAA-1	3
beige.day1_ACATCAGGTCTTCAAG-1	4
beige.day1_ACATGGTAGCCGATTT-1	7
beige.day1_ACATGGTAGGAATGGA-1	7
beige.day1_ACATGGTCAAAGGCGT-1	2
beige.day1_ACCAGTAAGAGGTTAT-1	4
beige.day1_ACCAGTACAAGACGTG-1	5
beige.day1_ACCAGTACATGTTGAC-1	4
beige.day1_ACCAGTAGTACAGACG-1	5
beige.day1_ACCAGTATCACTTATC-1	8
beige.day1_ACCAGTATCTGCGTAA-1	4
beige.day1_ACCCACTCACAGGCCT-1	1
beige.day1_ACCCACTCAGCTTCGG-1	5
beige.day1_ACCCACTGTTTGTGTG-1	5
beige.day1_ACCCACTTCCAATGGT-1	5
beige.day1_ACCGTAAAGCTGAACG-1	5
beige.day1_ACCGTAAAGGAACTGC-1	3
beige.day1_ACCGTAAAGGACATTA-1	1
beige.day1_ACCGTAACAAGGTTCT-1	8
beige.day1_ACCGTAACAAGGTTTC-1	4
beige.day1_ACCGTAAGTGCAGACA-1	5
beige.day1_ACCGTAAGTGTGCGTC-1	5
beige.day1_ACCGTAAGTTCTCATT-1	5
beige.day1_ACCGTAAGTTGGTGGA-1	6
beige.day1_ACCGTAATCGGCCGAT-1	3
beige.day1_ACCGTAATCTTGTTTG-1	7
beige.day1_ACCTTTAAGCTATGCT-1	6
beige.day1_ACCTTTACAGTTCCCT-1	3
beige.day1_ACCTTTAGTCCAGTGC-1	7
beige.day1_ACGAGCCGTATAATGG-1	5
beige.day1_ACGAGCCGTGCCTTGG-1	5
beige.day1_ACGAGCCTCCTTTACA-1	4
beige.day1_ACGAGGAAGAACTCGG-1	3
beige.day1_ACGAGGACAATCTGCA-1	8
beige.day1_ACGAGGAGTAAGTAGT-1	5
beige.day1_ACGAGGAGTACCATCA-1	5
beige.day1_ACGAGGAGTCGCATCG-1	5
beige.day1_ACGAGGAGTGGCTCCA-1	3
beige.day1_ACGAGGATCGGCGCAT-1	5
beige.day1_ACGATACAGAACTGTA-1	5
beige.day1_ACGATACAGCACGCCT-1	4
beige.day1_ACGATACCAAGCGCTC-1	3
beige.day1_ACGATGTAGAAGAAGC-1	6
beige.day1_ACGATGTAGATGGCGT-1	4
beige.day1_ACGATGTAGGACATTA-1	5
beige.day1_ACGATGTCACTAAGTC-1	5
beige.day1_ACGATGTGTGCAGTAG-1	3
beige.day1_ACGATGTGTGCGATAG-1	5
beige.day1_ACGATGTTCACATACG-1	7
beige.day1_ACGATGTTCCTCATTA-1	8
beige.day1_ACGCAGCAGTACGACG-1	6
beige.day1_ACGCAGCCACTTACGA-1	5
beige.day1_ACGCAGCCAGGGTTAG-1	4
beige.day1_ACGCAGCCATGAACCT-1	5
beige.day1_ACGCAGCCATTTGCCC-1	3
beige.day1_ACGCAGCGTAGGGACT-1	3
beige.day1_ACGCAGCGTGCAACGA-1	5
beige.day1_ACGCAGCTCATGTCTT-1	6
beige.day1_ACGCAGCTCCAGGGCT-1	5
beige.day1_ACGCAGCTCTGCTGCT-1	3
beige.day1_ACGCCAGAGGCTAGGT-1	5
beige.day1_ACGCCAGCAGGTGCCT-1	6
beige.day1_ACGCCAGCATAGAAAC-1	4
beige.day1_ACGCCAGTCCATTCTA-1	5
beige.day1_ACGCCAGTCGCGCCAA-1	5
beige.day1_ACGCCGAAGGGAAACA-1	3
beige.day1_ACGCCGAGTTCGAATC-1	5
beige.day1_ACGCCGATCCTTGCCA-1	7
beige.day1_ACGGAGAAGTCGTTTG-1	4
beige.day1_ACGGAGACAATCACAC-1	5
beige.day1_ACGGAGACAGCTGTGC-1	3
beige.day1_ACGGAGACATAACCTG-1	7
beige.day1_ACGGAGACATCCTTGC-1	3
beige.day1_ACGGAGAGTAGGACAC-1	7
beige.day1_ACGGAGAGTCGAGTTT-1	4
beige.day1_ACGGCCAAGCTACCGC-1	7
beige.day1_ACGGCCAAGGACGAAA-1	1
beige.day1_ACGGCCATCGGTTCGG-1	5
beige.day1_ACGGGCTAGTTGAGAT-1	8
beige.day1_ACGGGCTCAACTGCTA-1	7
beige.day1_ACGGGCTCAGTACACT-1	3
beige.day1_ACGGGCTGTACTCAAC-1	4
beige.day1_ACGGGCTGTTACCAGT-1	3
beige.day1_ACGGGCTGTTACCGAT-1	3
beige.day1_ACGGGCTTCCCGGATG-1	3
beige.day1_ACGGGCTTCGCATGGC-1	3
beige.day1_ACGGGTCAGTTCGATC-1	5
beige.day1_ACGGGTCCAAGAAGAG-1	5
beige.day1_ACGGGTCCATTCTTAC-1	4
beige.day1_ACGGGTCGTCGCTTTC-1	5
beige.day1_ACGGGTCTCTGCGTAA-1	7
beige.day1_ACGTCAAAGAGTCGGT-1	8
beige.day1_ACGTCAATCAGCACAT-1	6
beige.day1_ACGTCAATCGCGTTTC-1	6
beige.day1_ACTATCTAGACATAAC-1	5
beige.day1_ACTATCTCACCCATGG-1	5
beige.day1_ACTATCTCATATGGTC-1	8
beige.day1_ACTATCTGTTGATTGC-1	1
beige.day1_ACTGAACCAAGTCTGT-1	4
beige.day1_ACTGAACCATGTCCTC-1	5
beige.day1_ACTGAACGTAGCTGCC-1	6
beige.day1_ACTGAACGTTTAGGAA-1	3
beige.day1_ACTGAACGTTTGTGTG-1	3
beige.day1_ACTGAACTCTTACCGC-1	5
beige.day1_ACTGAGTAGACCTTTG-1	7
beige.day1_ACTGAGTCACCAGTTA-1	5
beige.day1_ACTGAGTCAGGAATGC-1	5
beige.day1_ACTGAGTCAGTACACT-1	3
beige.day1_ACTGAGTCATACAGCT-1	5
beige.day1_ACTGAGTGTGGTGTAG-1	1
beige.day1_ACTGATGAGCAATATG-1	5
beige.day1_ACTGATGAGCAGCGTA-1	8
beige.day1_ACTGATGAGTGTACCT-1	8
beige.day1_ACTGATGTCCGTCATC-1	3
beige.day1_ACTGCTCCAACTTGAC-1	6
beige.day1_ACTGTCCAGACTTGAA-1	3
beige.day1_ACTGTCCCACTGAAGG-1	6
beige.day1_ACTGTCCTCAGTACGT-1	4
beige.day1_ACTTACTAGCGAGAAA-1	3
beige.day1_ACTTACTAGGCCATAG-1	7
beige.day1_ACTTACTCAATGTAAG-1	7
beige.day1_ACTTACTCATCCCACT-1	3
beige.day1_ACTTACTTCGATGAGG-1	3
beige.day1_ACTTGTTAGAGACTAT-1	3
beige.day1_ACTTGTTCAGTCACTA-1	5
beige.day1_ACTTGTTGTAGCTAAA-1	5
beige.day1_ACTTGTTGTCGGCATC-1	8
beige.day1_ACTTGTTGTGTTCGAT-1	5
beige.day1_ACTTGTTTCGACCAGC-1	1
beige.day1_ACTTTCAGTCCTGCTT-1	3
beige.day1_ACTTTCAGTTTGTGTG-1	5
beige.day1_AGAATAGAGGTAGCCA-1	4
beige.day1_AGAATAGCAATAAGCA-1	5
beige.day1_AGAATAGCATCTATGG-1	7
beige.day1_AGAATAGGTCGGCACT-1	6
beige.day1_AGAATAGGTTTGGGCC-1	5
beige.day1_AGAATAGTCCATGAAC-1	5
beige.day1_AGAATAGTCTTCGGTC-1	4
beige.day1_AGACGTTGTCGCATCG-1	3
beige.day1_AGACGTTTCCAAACAC-1	5
beige.day1_AGACGTTTCGCCGTGA-1	5
beige.day1_AGAGCGAAGCCAGTAG-1	6
beige.day1_AGAGCGAAGCCCAACC-1	4
beige.day1_AGAGCGACAACTTGAC-1	6
beige.day1_AGAGCGACACTACAGT-1	8
beige.day1_AGAGCGACATAAGACA-1	6
beige.day1_AGAGCGACATTACGAC-1	7
beige.day1_AGAGCGAGTACACCGC-1	7
beige.day1_AGAGCGATCCAAGCCG-1	5
beige.day1_AGAGCGATCGGTTAAC-1	1
beige.day1_AGAGCTTCACACCGAC-1	6
beige.day1_AGAGCTTCAGTAAGCG-1	7
beige.day1_AGAGCTTCATGCTGGC-1	7
beige.day1_AGAGCTTGTATTACCG-1	5
beige.day1_AGAGTGGAGCTGCAAG-1	5
beige.day1_AGAGTGGAGTAGCGGT-1	7
beige.day1_AGAGTGGTCCTTGGTC-1	5
beige.day1_AGAGTGGTCTCCTATA-1	5
beige.day1_AGATCTGAGAAGCCCA-1	2
beige.day1_AGATCTGAGCGCTTAT-1	7
beige.day1_AGATCTGAGCTGAACG-1	4
beige.day1_AGATCTGCATGAAGTA-1	4
beige.day1_AGATCTGGTCATCGGC-1	5
beige.day1_AGATCTGGTGGCTCCA-1	7
beige.day1_AGATTGCCACAGAGGT-1	1
beige.day1_AGATTGCCATCAGTAC-1	5
beige.day1_AGATTGCTCATCGGAT-1	4
beige.day1_AGCAGCCAGCAGACTG-1	5
beige.day1_AGCAGCCAGCCACTAT-1	6
beige.day1_AGCAGCCAGCCAGGAT-1	7
beige.day1_AGCAGCCCAACTTGAC-1	4
beige.day1_AGCAGCCCAAGCGAGT-1	4
beige.day1_AGCAGCCCAATGGACG-1	5
beige.day1_AGCAGCCCACGAGAGT-1	3
beige.day1_AGCAGCCGTATGGTTC-1	6
beige.day1_AGCAGCCGTTACGTCA-1	5
beige.day1_AGCAGCCGTTATGCGT-1	5
beige.day1_AGCAGCCTCAACGCTA-1	5
beige.day1_AGCAGCCTCATCTGTT-1	5
beige.day1_AGCAGCCTCGCAAACT-1	6
beige.day1_AGCAGCCTCGGGAGTA-1	3
beige.day1_AGCAGCCTCTCTGAGA-1	7
beige.day1_AGCATACAGCACGCCT-1	3
beige.day1_AGCATACAGTATTGGA-1	5
beige.day1_AGCATACAGTCCGTAT-1	7
beige.day1_AGCATACCAGAAGCAC-1	3
beige.day1_AGCATACCAGTGGGAT-1	4
beige.day1_AGCATACGTCGCGAAA-1	3
beige.day1_AGCATACGTCTCAACA-1	5
beige.day1_AGCATACGTTTGGGCC-1	6
beige.day1_AGCATACGTTTGTGTG-1	6
beige.day1_AGCATACTCAACACCA-1	8
beige.day1_AGCATACTCAGGCCCA-1	5
beige.day1_AGCATACTCGAATGCT-1	3
beige.day1_AGCCTAAAGAATGTTG-1	7
beige.day1_AGCCTAAAGCTATGCT-1	7
beige.day1_AGCCTAATCGAATCCA-1	6
beige.day1_AGCCTAATCGTAGATC-1	7
beige.day1_AGCGGTCAGATAGTCA-1	5
beige.day1_AGCGGTCAGATCCTGT-1	3
beige.day1_AGCGGTCCACATCCAA-1	3
beige.day1_AGCGGTCCACTTCGAA-1	7
beige.day1_AGCGGTCCAGAGCCAA-1	5
beige.day1_AGCGGTCGTACGCACC-1	2
beige.day1_AGCGTATAGCACGCCT-1	1
beige.day1_AGCGTATAGCGTAGTG-1	7
beige.day1_AGCGTATCATACTCTT-1	5
beige.day1_AGCGTCGAGAGGACGG-1	5
beige.day1_AGCGTCGAGCGCTCCA-1	8
beige.day1_AGCGTCGCACCGATAT-1	5
beige.day1_AGCGTCGCATCGGTTA-1	5
beige.day1_AGCGTCGGTCTTGCGG-1	5
beige.day1_AGCGTCGTCAGGATCT-1	3
beige.day1_AGCGTCGTCGGGAGTA-1	3
beige.day1_AGCGTCGTCGTTTAGG-1	8
beige.day1_AGCGTCGTCTCGTATT-1	8
beige.day1_AGCTCCTAGCGTGTCC-1	8
beige.day1_AGCTCCTCAGCGATCC-1	7
beige.day1_AGCTCCTCATGACGGA-1	3
beige.day1_AGCTCCTGTCTTCGTC-1	5
beige.day1_AGCTCCTTCAGCTCGG-1	8
beige.day1_AGCTCCTTCTTCAACT-1	4
beige.day1_AGCTTGACACCATCCT-1	3
beige.day1_AGCTTGACAGAGCCAA-1	4
beige.day1_AGGCCACAGAGTCGGT-1	5
beige.day1_AGGCCACAGCTGGAAC-1	3
beige.day1_AGGCCACCATCTGGTA-1	3
beige.day1_AGGCCACCATGGTCTA-1	4
beige.day1_AGGCCGTAGATCTGCT-1	5
beige.day1_AGGCCGTGTTCAGTAC-1	3
beige.day1_AGGCCGTTCCGTCAAA-1	5
beige.day1_AGGCCGTTCGTTTAGG-1	5
beige.day1_AGGCCGTTCTTCCTTC-1	5
beige.day1_AGGGAGTAGGGCTTCC-1	8
beige.day1_AGGGAGTCAAACCTAC-1	8
beige.day1_AGGGAGTCATAAGACA-1	5
beige.day1_AGGGAGTCATTAACCG-1	4
beige.day1_AGGGAGTGTACCGCTG-1	3
beige.day1_AGGGAGTGTACTTGAC-1	6
beige.day1_AGGGAGTGTCCGCTGA-1	6
beige.day1_AGGGATGAGAAACCTA-1	3
beige.day1_AGGGATGAGGCTCTTA-1	7
beige.day1_AGGGATGAGGGTTTCT-1	5
beige.day1_AGGGATGCAATCCGAT-1	6
beige.day1_AGGGTGAAGAGCTGCA-1	4
beige.day1_AGGGTGAAGTTGCAGG-1	3
beige.day1_AGGGTGACATCGACGC-1	1
beige.day1_AGGGTGATCGGTTCGG-1	4
beige.day1_AGGTCATAGCTCTCGG-1	5
beige.day1_AGGTCATCAAGGTTTC-1	4
beige.day1_AGGTCATGTAGAAAGG-1	1
beige.day1_AGGTCATGTCGAATCT-1	7
beige.day1_AGGTCATGTGTCGCTG-1	4
beige.day1_AGGTCCGAGCGATGAC-1	5
beige.day1_AGGTCCGAGGCATGGT-1	4
beige.day1_AGGTCCGCAATGGTCT-1	1
beige.day1_AGGTCCGCAGCCTTGG-1	5
beige.day1_AGGTCCGGTCCGTGAC-1	5
beige.day1_AGGTCCGTCCCGGATG-1	4
beige.day1_AGGTCCGTCTCATTCA-1	7
beige.day1_AGTAGTCAGGGTATCG-1	5
beige.day1_AGTAGTCAGGTGATTA-1	8
beige.day1_AGTAGTCAGTTAGCGG-1	5
beige.day1_AGTAGTCCAAGGTTTC-1	5
beige.day1_AGTAGTCTCAGCACAT-1	3
beige.day1_AGTAGTCTCCGCGCAA-1	3
beige.day1_AGTAGTCTCGATGAGG-1	6
beige.day1_AGTAGTCTCGGCTTGG-1	1
beige.day1_AGTCTTTAGGGTATCG-1	7
beige.day1_AGTCTTTAGTGCCAGA-1	6
beige.day1_AGTCTTTGTATGAAAC-1	8
beige.day1_AGTCTTTTCCACTCCA-1	1
beige.day1_AGTGAGGCAGGGTACA-1	4
beige.day1_AGTGAGGGTTCCCGAG-1	1
beige.day1_AGTGAGGTCTGATACG-1	5
beige.day1_AGTGAGGTCTGTGCAA-1	5
beige.day1_AGTGGGAAGCAGCCTC-1	7
beige.day1_AGTGGGAAGTGAACAT-1	8
beige.day1_AGTGGGACATCTGGTA-1	3
beige.day1_AGTGGGAGTGAAAGAG-1	3
beige.day1_AGTGGGATCAGTGTTG-1	5
beige.day1_AGTGTCAAGCGCCTTG-1	3
beige.day1_AGTGTCACAAATACAG-1	5
beige.day1_AGTGTCACACAGACTT-1	5
beige.day1_AGTGTCACACATTAGC-1	4
beige.day1_AGTGTCATCATCTGCC-1	4
beige.day1_AGTTGGTCACAGTCGC-1	5
beige.day1_AGTTGGTCACATGTGT-1	3
beige.day1_AGTTGGTGTCCATCCT-1	3
beige.day1_AGTTGGTGTGCTAGCC-1	3
beige.day1_AGTTGGTTCGGATGTT-1	5
beige.day1_ATAACGCGTGACAAAT-1	1
beige.day1_ATAACGCGTTAGATGA-1	5
beige.day1_ATAACGCTCTGGAGCC-1	7
beige.day1_ATAAGAGGTAGGGTAC-1	3
beige.day1_ATAAGAGGTATGGTTC-1	6
beige.day1_ATAAGAGGTCGGCACT-1	4
beige.day1_ATAAGAGTCAGTTTGG-1	7
beige.day1_ATAAGAGTCCTTAATC-1	6
beige.day1_ATAAGAGTCGGAATCT-1	5
beige.day1_ATAGACCCAGCTGCTG-1	7
beige.day1_ATAGACCGTAAGGGCT-1	6
beige.day1_ATAGACCGTCTCGTTC-1	4
beige.day1_ATAGACCGTGGTACAG-1	4
beige.day1_ATAGACCTCTATCGCC-1	6
beige.day1_ATCACGAAGATATACG-1	5
beige.day1_ATCACGAAGATGGGTC-1	5
beige.day1_ATCACGAAGCGCCTCA-1	6
beige.day1_ATCACGAAGTACGTTC-1	5
beige.day1_ATCACGACAAAGCAAT-1	3
beige.day1_ATCACGAGTCTCTCGT-1	3
beige.day1_ATCACGAGTTAGATGA-1	5
beige.day1_ATCACGATCACTCTTA-1	3
beige.day1_ATCATCTAGCCACCTG-1	4
beige.day1_ATCATCTCAAGCCCAC-1	4
beige.day1_ATCATCTCACAGTCGC-1	1
beige.day1_ATCATCTCACATCTTT-1	3
beige.day1_ATCATCTCACGTCTCT-1	5
beige.day1_ATCATCTGTTAGAACA-1	5
beige.day1_ATCATCTGTTGGTAAA-1	3
beige.day1_ATCATCTTCTTCTGGC-1	3
beige.day1_ATCATGGAGAAGGCCT-1	5
beige.day1_ATCATGGCACAAGTAA-1	7
beige.day1_ATCATGGCATTAGCCA-1	5
beige.day1_ATCATGGGTCCGTTAA-1	5
beige.day1_ATCATGGTCAGGCCCA-1	3
beige.day1_ATCATGGTCCTCCTAG-1	3
beige.day1_ATCCACCAGAGCAATT-1	4
beige.day1_ATCCACCCAGACGCCT-1	6
beige.day1_ATCCACCTCAACGGGA-1	5
beige.day1_ATCCACCTCAGTCCCT-1	5
beige.day1_ATCCGAAAGCCCAGCT-1	5
beige.day1_ATCCGAAAGTCCATAC-1	3
beige.day1_ATCCGAACAGTCGTGC-1	3
beige.day1_ATCCGAAGTGTCCTCT-1	4
beige.day1_ATCCGAAGTGTGTGCC-1	3
beige.day1_ATCCGAATCCGATATG-1	3
beige.day1_ATCCGAATCCTGCTTG-1	5
beige.day1_ATCGAGTAGGAGTCTG-1	5
beige.day1_ATCGAGTCAGTTTACG-1	8
beige.day1_ATCGAGTGTCCTCTTG-1	3
beige.day1_ATCGAGTTCAATAAGG-1	3
beige.day1_ATCTACTCAGATGGCA-1	7
beige.day1_ATCTACTCATGGAATA-1	5
beige.day1_ATCTACTGTATCACCA-1	4
beige.day1_ATCTACTGTTACGCGC-1	6
beige.day1_ATCTACTTCAAGAAGT-1	8
beige.day1_ATCTGCCAGATCGATA-1	8
beige.day1_ATCTGCCCAAGCGTAG-1	7
beige.day1_ATCTGCCCATGAAGTA-1	6
beige.day1_ATCTGCCTCCCTAATT-1	4
beige.day1_ATCTGCCTCCGTCATC-1	4
beige.day1_ATGAGGGAGACATAAC-1	5
beige.day1_ATGAGGGAGGATGGAA-1	3
beige.day1_ATGAGGGCACGAAAGC-1	4
beige.day1_ATGAGGGCATTTGCCC-1	5
beige.day1_ATGAGGGGTGATAAGT-1	5
beige.day1_ATGAGGGGTGCGGTAA-1	4
beige.day1_ATGCGATCAAGACGTG-1	5
beige.day1_ATGCGATCACTGTGTA-1	3
beige.day1_ATGCGATCAGGTCTCG-1	6
beige.day1_ATGCGATCATGAACCT-1	4
beige.day1_ATGCGATCATGGAATA-1	5
beige.day1_ATGCGATGTTCAGTAC-1	3
beige.day1_ATGCGATTCTCGTATT-1	2
beige.day1_ATGGGAGAGACAGGCT-1	5
beige.day1_ATGGGAGAGAGCTGCA-1	8
beige.day1_ATGGGAGAGCCGTCGT-1	7
beige.day1_ATGGGAGAGGACAGAA-1	3
beige.day1_ATGGGAGAGGAGTTGC-1	5
beige.day1_ATGGGAGCAACACCTA-1	6
beige.day1_ATGGGAGCACAGGTTT-1	5
beige.day1_ATGGGAGCAGGCTCAC-1	6
beige.day1_ATGGGAGCATAGAAAC-1	3
beige.day1_ATGGGAGGTCGAACAG-1	4
beige.day1_ATGGGAGTCAAAGACA-1	5
beige.day1_ATGGGAGTCACATACG-1	5
beige.day1_ATGTGTGAGAGGACGG-1	4
beige.day1_ATGTGTGAGGCAGTCA-1	8
beige.day1_ATGTGTGCAAAGGTGC-1	5
beige.day1_ATGTGTGCAGATAATG-1	2
beige.day1_ATGTGTGGTCGACTAT-1	5
beige.day1_ATGTGTGTCACCTCGT-1	3
beige.day1_ATGTGTGTCTACGAGT-1	8
beige.day1_ATTACTCAGACAGAGA-1	4
beige.day1_ATTACTCTCCTATTCA-1	8
beige.day1_ATTACTCTCTGCGGCA-1	5
beige.day1_ATTATCCAGAAACGCC-1	4
beige.day1_ATTATCCAGTGACATA-1	9
beige.day1_ATTATCCCAACTGGCC-1	5
beige.day1_ATTATCCCAATGGACG-1	5
beige.day1_ATTATCCTCACGATGT-1	6
beige.day1_ATTATCCTCCTGCAGG-1	5
beige.day1_ATTATCCTCTCATTCA-1	6
beige.day1_ATTCTACAGCTGATAA-1	4
beige.day1_ATTCTACCAATCGGTT-1	8
beige.day1_ATTCTACCAGGGTTAG-1	5
beige.day1_ATTCTACGTCGGATCC-1	5
beige.day1_ATTCTACGTCGTTGTA-1	7
beige.day1_ATTCTACTCAGTTGAC-1	6
beige.day1_ATTGGACAGTATCGAA-1	8
beige.day1_ATTGGACCATGGAATA-1	5
beige.day1_ATTGGACGTCCTAGCG-1	7
beige.day1_ATTGGACGTGGTGTAG-1	8
beige.day1_ATTGGTGCATGATCCA-1	5
beige.day1_ATTGGTGCATGCATGT-1	3
beige.day1_ATTGGTGGTCTAGAGG-1	4
beige.day1_ATTGGTGGTGGCTCCA-1	8
beige.day1_ATTGGTGTCGGATGGA-1	1
beige.day1_ATTGGTGTCTCCAACC-1	5
beige.day1_ATTTCTGAGTACGACG-1	3
beige.day1_ATTTCTGTCCGATATG-1	4
beige.day1_CAACCAAAGCCACGCT-1	7
beige.day1_CAACCAAAGTCGCCGT-1	5
beige.day1_CAACCAACAATGTTGC-1	3
beige.day1_CAACCAAGTGCTTCTC-1	4
beige.day1_CAACCAATCGTGACAT-1	7
beige.day1_CAACCTCAGATGTTAG-1	4
beige.day1_CAACCTCAGCTAAGAT-1	6
beige.day1_CAACCTCCAAGCCATT-1	4
beige.day1_CAACCTCCATGGTTGT-1	6
beige.day1_CAACCTCGTAAGAGAG-1	8
beige.day1_CAACCTCGTTCTGTTT-1	3
beige.day1_CAACCTCGTTGTACAC-1	4
beige.day1_CAACTAGAGATCCCAT-1	7
beige.day1_CAACTAGCATTAACCG-1	3
beige.day1_CAACTAGGTAACGTTC-1	2
beige.day1_CAAGAAACAAGCCCAC-1	5
beige.day1_CAAGAAACACAGATTC-1	5
beige.day1_CAAGATCAGAGCTATA-1	5
beige.day1_CAAGATCAGATGTGTA-1	5
beige.day1_CAAGATCAGTTTCCTT-1	4
beige.day1_CAAGATCCAAACCCAT-1	5
beige.day1_CAAGATCCACGGCTAC-1	4
beige.day1_CAAGATCGTCTACCTC-1	3
beige.day1_CAAGATCGTTATCCGA-1	4
beige.day1_CAAGATCTCAACGGCC-1	5
beige.day1_CAAGGCCAGAGTAATC-1	8
beige.day1_CAAGGCCCAAACGCGA-1	5
beige.day1_CAAGGCCGTACTTCTT-1	1
beige.day1_CAAGGCCGTAGGCATG-1	5
beige.day1_CAAGGCCGTATAGTAG-1	4
beige.day1_CAAGGCCTCACATACG-1	5
beige.day1_CAAGGCCTCTCCAACC-1	5
beige.day1_CAAGTTGTCCGAAGAG-1	2
beige.day1_CACAAACAGCCACGTC-1	5
beige.day1_CACAAACCAGTTCCCT-1	6
beige.day1_CACAAACTCGAATCCA-1	3
beige.day1_CACAAACTCGGTTCGG-1	5
beige.day1_CACACAACAAAGGTGC-1	6
beige.day1_CACACAACATTCCTGC-1	4
beige.day1_CACACAAGTACCAGTT-1	5
beige.day1_CACACAATCGGCATCG-1	6
beige.day1_CACACCTAGATCACGG-1	3
beige.day1_CACACCTAGCTTCGCG-1	5
beige.day1_CACACCTAGTCCGGTC-1	3
beige.day1_CACACCTAGTGGTAAT-1	5
beige.day1_CACACTCAGCCAGTAG-1	5
beige.day1_CACACTCAGGCACATG-1	8
beige.day1_CACACTCAGGCCCGTT-1	4
beige.day1_CACACTCCAAGCCTAT-1	4
beige.day1_CACACTCCACATGTGT-1	5
beige.day1_CACACTCCAGATTGCT-1	7
beige.day1_CACACTCCATAGTAAG-1	4
beige.day1_CACACTCCATGTCCTC-1	3
beige.day1_CACACTCCATGTCGAT-1	5
beige.day1_CACACTCGTCTGCAAT-1	1
beige.day1_CACACTCGTGAGCGAT-1	8
beige.day1_CACACTCTCAGCCTAA-1	4
beige.day1_CACACTCTCGCGATCG-1	7
beige.day1_CACAGGCAGATCACGG-1	3
beige.day1_CACAGGCCACAGATTC-1	7
beige.day1_CACAGGCGTGTATGGG-1	5
beige.day1_CACAGGCTCAGTACGT-1	8
beige.day1_CACAGGCTCCACGTTC-1	3
beige.day1_CACAGGCTCGAATGGG-1	5
beige.day1_CACAGTAAGTCTTGCA-1	7
beige.day1_CACAGTACAAGGTTTC-1	3
beige.day1_CACAGTACATCCCACT-1	8
beige.day1_CACAGTACATTCACTT-1	7
beige.day1_CACAGTAGTCAAAGCG-1	7
beige.day1_CACAGTAGTCAGAATA-1	7
beige.day1_CACAGTAGTCTGCGGT-1	5
beige.day1_CACAGTATCTGATTCT-1	8
beige.day1_CACATAGAGCAATCTC-1	3
beige.day1_CACATAGAGTCTCGGC-1	6
beige.day1_CACATAGCACCATCCT-1	3
beige.day1_CACATAGCAGTCTTCC-1	3
beige.day1_CACATAGGTCGCTTCT-1	8
beige.day1_CACATAGGTGTATGGG-1	6
beige.day1_CACATAGTCACCGTAA-1	9
beige.day1_CACATAGTCATAACCG-1	5
beige.day1_CACATAGTCGGATGGA-1	4
beige.day1_CACATTTAGACACTAA-1	4
beige.day1_CACATTTAGCGAGAAA-1	4
beige.day1_CACATTTAGTCAAGGC-1	4
beige.day1_CACATTTCAAGTTCTG-1	7
beige.day1_CACCACTAGAGAGCTC-1	3
beige.day1_CACCACTCATGATCCA-1	7
beige.day1_CACCACTGTCCGAAGA-1	7
beige.day1_CACCACTGTGACTCAT-1	3
beige.day1_CACCACTGTGCTAGCC-1	5
beige.day1_CACCACTGTTGAACTC-1	8
beige.day1_CACCACTTCGGATGGA-1	8
beige.day1_CACCACTTCGTCTGCT-1	3
beige.day1_CACCACTTCGTTTAGG-1	5
beige.day1_CACCACTTCTGACCTC-1	5
beige.day1_CACCAGGGTCACTTCC-1	7
beige.day1_CACCAGGGTTATGTGC-1	5
beige.day1_CACCAGGGTTGTTTGG-1	5
beige.day1_CACCAGGTCCGAAGAG-1	4
beige.day1_CACCAGGTCTTACCTA-1	4
beige.day1_CACCTTGCACCATGTA-1	4
beige.day1_CACCTTGCACCTCGTT-1	4
beige.day1_CACCTTGCACTACAGT-1	3
beige.day1_CACCTTGCACTGAAGG-1	5
beige.day1_CACCTTGGTCTCTCGT-1	7
beige.day1_CACCTTGTCGTCTGAA-1	5
beige.day1_CACTCCAGTAGAGTGC-1	7
beige.day1_CACTCCATCACAGTAC-1	5
beige.day1_CACTCCATCGTCGTTC-1	2
beige.day1_CAGAATCAGAATGTTG-1	4
beige.day1_CAGAATCAGAGAGCTC-1	3
beige.day1_CAGAATCAGGGTCGAT-1	3
beige.day1_CAGAATCCACTTACGA-1	4
beige.day1_CAGAATCTCCGTACAA-1	5
beige.day1_CAGAGAGAGAATCTCC-1	4
beige.day1_CAGAGAGCAGATGGGT-1	3
beige.day1_CAGAGAGCAGGTCTCG-1	3
beige.day1_CAGAGAGGTGTTCGAT-1	3
beige.day1_CAGAGAGTCATGTAGC-1	3
beige.day1_CAGATCAAGAGGTTGC-1	3
beige.day1_CAGATCAAGGGCTCTC-1	8
beige.day1_CAGATCAGTCAGAATA-1	3
beige.day1_CAGATCAGTCATGCCG-1	6
beige.day1_CAGATCAGTGACGGTA-1	5
beige.day1_CAGCAGCCAGGATCGA-1	5
beige.day1_CAGCAGCGTAGCTAAA-1	3
beige.day1_CAGCAGCGTCATATGC-1	5
beige.day1_CAGCAGCTCAACGGGA-1	3
beige.day1_CAGCAGCTCAATCACG-1	5
beige.day1_CAGCAGCTCCCATTAT-1	5
beige.day1_CAGCAGCTCCTAGAAC-1	7
beige.day1_CAGCAGCTCGGAGGTA-1	7
beige.day1_CAGCATAAGCAGCCTC-1	5
beige.day1_CAGCATAAGCAGCGTA-1	5
beige.day1_CAGCATAAGCCCAATT-1	3
beige.day1_CAGCATACATGAACCT-1	2
beige.day1_CAGCATATCGTTTGCC-1	5
beige.day1_CAGCCGAAGAATTCCC-1	3
beige.day1_CAGCCGAAGTGGTAGC-1	5
beige.day1_CAGCCGACATGCGCAC-1	3
beige.day1_CAGCCGACATGTAAGA-1	3
beige.day1_CAGCCGAGTCCAGTAT-1	5
beige.day1_CAGCCGATCGTTACGA-1	3
beige.day1_CAGCCGATCTAACTTC-1	4
beige.day1_CAGCCGATCTCCCTGA-1	7
beige.day1_CAGCGACAGGCTCATT-1	1
beige.day1_CAGCGACAGGTGCAAC-1	3
beige.day1_CAGCGACCACAAGTAA-1	1
beige.day1_CAGCGACGTATTACCG-1	5
beige.day1_CAGCGACTCTGGCGAC-1	7
beige.day1_CAGCTAAAGCCTATGT-1	5
beige.day1_CAGCTAACAAAGTCAA-1	6
beige.day1_CAGCTAACAACTTGAC-1	2
beige.day1_CAGCTAACACGGACAA-1	5
beige.day1_CAGCTAAGTCACCTAA-1	4
beige.day1_CAGCTAATCCCTTGCA-1	5
beige.day1_CAGCTGGAGTGGGTTG-1	6
beige.day1_CAGCTGGCAGCAGTTT-1	6
beige.day1_CAGCTGGCATTCTCAT-1	3
beige.day1_CAGCTGGTCACCCTCA-1	1
beige.day1_CAGCTGGTCTGCTTGC-1	3
beige.day1_CAGGTGCCACAAGACG-1	5
beige.day1_CAGGTGCGTTGGAGGT-1	5
beige.day1_CAGTAACAGCACGCCT-1	8
beige.day1_CAGTAACAGCAGATCG-1	6
beige.day1_CAGTAACAGCGCCTTG-1	5
beige.day1_CAGTAACAGCTCCTTC-1	5
beige.day1_CAGTAACAGTTTCCTT-1	3
beige.day1_CAGTAACCATGGTCTA-1	3
beige.day1_CAGTAACTCATTCACT-1	6
beige.day1_CAGTAACTCCAAATGC-1	5
beige.day1_CAGTCCTAGCACCGCT-1	3
beige.day1_CAGTCCTCACCAGGCT-1	4
beige.day1_CAGTCCTCAGTATCTG-1	5
beige.day1_CAGTCCTCATACGCCG-1	4
beige.day1_CAGTCCTGTAAAGGAG-1	4
beige.day1_CAGTCCTTCAGTTCGA-1	5
beige.day1_CAGTCCTTCATCGGAT-1	3
beige.day1_CAGTCCTTCCTGCCAT-1	4
beige.day1_CATATGGAGACCACGA-1	5
beige.day1_CATATGGGTCGTGGCT-1	4
beige.day1_CATATTCAGCCAGTAG-1	7
beige.day1_CATATTCAGCCGCCTA-1	7
beige.day1_CATATTCAGTCGTTTG-1	5
beige.day1_CATATTCCAGATGGGT-1	3
beige.day1_CATATTCCAGCTGTAT-1	3
beige.day1_CATATTCTCTATCCTA-1	4
beige.day1_CATCAAGAGCAATATG-1	1
beige.day1_CATCAAGCACACCGCA-1	3
beige.day1_CATCAAGCAGATCGGA-1	8
beige.day1_CATCAAGTCCACGACG-1	5
beige.day1_CATCAAGTCCTCAATT-1	3
beige.day1_CATCAAGTCTGACCTC-1	4
beige.day1_CATCAAGTCTGTTTGT-1	4
beige.day1_CATCAGAAGTTACCCA-1	5
beige.day1_CATCAGACAGTCGATT-1	5
beige.day1_CATCAGACATCCTTGC-1	3
beige.day1_CATCAGAGTAATAGCA-1	2
beige.day1_CATCAGAGTGCCTGGT-1	5
beige.day1_CATCAGATCGTTACAG-1	4
beige.day1_CATCAGATCTAACCGA-1	7
beige.day1_CATCCACCAGGGTTAG-1	5
beige.day1_CATCCACGTAAGTAGT-1	5
beige.day1_CATCCACGTGAGCGAT-1	3
beige.day1_CATCCACTCGACAGCC-1	5
beige.day1_CATCCACTCTGTGCAA-1	5
beige.day1_CATCGAAAGAGGGCTT-1	3
beige.day1_CATCGAAAGGCTAGAC-1	3
beige.day1_CATCGAAAGGTAGCCA-1	4
beige.day1_CATCGAACACTTGGAT-1	3
beige.day1_CATCGAAGTACGAAAT-1	7
beige.day1_CATCGAAGTTACGTCA-1	8
beige.day1_CATCGAATCAGTTTGG-1	5
beige.day1_CATCGGGAGACTAGGC-1	4
beige.day1_CATCGGGAGTCGATAA-1	3
beige.day1_CATCGGGCACCCTATC-1	5
beige.day1_CATCGGGCAGCAGTTT-1	1
beige.day1_CATCGGGCAGGTGCCT-1	1
beige.day1_CATCGGGGTCGGCATC-1	5
beige.day1_CATCGGGGTGGTGTAG-1	4
beige.day1_CATCGGGGTTCGTGAT-1	5
beige.day1_CATCGGGTCCCTAATT-1	1
beige.day1_CATCGGGTCCTTGACC-1	3
beige.day1_CATCGGGTCCTTTCTC-1	3
beige.day1_CATGACAAGCTAGGCA-1	5
beige.day1_CATGACACAGGCTCAC-1	7
beige.day1_CATGACAGTTGATTGC-1	8
beige.day1_CATGACATCATGTCCC-1	8
beige.day1_CATGCCTAGCCCAACC-1	7
beige.day1_CATGCCTAGCGATCCC-1	5
beige.day1_CATGCCTCAGGACCCT-1	5
beige.day1_CATGCCTCAGTCTTCC-1	3
beige.day1_CATGCCTCATTGGGCC-1	7
beige.day1_CATGGCGAGGACATTA-1	8
beige.day1_CATGGCGCAAGTTCTG-1	3
beige.day1_CATGGCGGTATCACCA-1	3
beige.day1_CATGGCGGTCTAAAGA-1	7
beige.day1_CATGGCGTCGAATGGG-1	5
beige.day1_CATTATCAGTATCGAA-1	5
beige.day1_CATTATCAGTTAACGA-1	4
beige.day1_CATTATCCAAGCCCAC-1	6
beige.day1_CATTATCGTGGCAAAC-1	6
beige.day1_CATTATCTCTCGCATC-1	5
beige.day1_CATTCGCAGAGTGAGA-1	6
beige.day1_CATTCGCAGGACAGAA-1	3
beige.day1_CATTCGCAGTGCCAGA-1	6
beige.day1_CATTCGCAGTTCGCAT-1	3
beige.day1_CATTCGCCACATTTCT-1	4
beige.day1_CATTCGCCAGTTTACG-1	3
beige.day1_CATTCGCCATACGCCG-1	4
beige.day1_CATTCGCTCACTTCAT-1	4
beige.day1_CCAATCCCAGGAATGC-1	3
beige.day1_CCAATCCCATACTACG-1	3
beige.day1_CCACCTAAGCTCTCGG-1	5
beige.day1_CCACCTAAGGAATCGC-1	5
beige.day1_CCACCTACAATCGGTT-1	5
beige.day1_CCACCTACAATGTAAG-1	4
beige.day1_CCACCTAGTCACACGC-1	3
beige.day1_CCACCTAGTGTTTGTG-1	5
beige.day1_CCACGGAAGACTACAA-1	6
beige.day1_CCACGGAGTTAAGTAG-1	4
beige.day1_CCACGGAGTTGTGGAG-1	4
beige.day1_CCACGGATCGCTTGTC-1	4
beige.day1_CCACGGATCTACGAGT-1	3
beige.day1_CCACTACAGACGACGT-1	3
beige.day1_CCACTACAGCCACCTG-1	4
beige.day1_CCACTACAGCCATCGC-1	3
beige.day1_CCACTACCAGCTTCGG-1	4
beige.day1_CCACTACGTTACGGAG-1	6
beige.day1_CCACTACTCATCGATG-1	4
beige.day1_CCACTACTCGGCTACG-1	3
beige.day1_CCAGCGAAGAGCTGCA-1	3
beige.day1_CCAGCGACACCTGGTG-1	5
beige.day1_CCAGCGACAGGGCATA-1	6
beige.day1_CCAGCGAGTAAAGTCA-1	3
beige.day1_CCAGCGAGTATTCTCT-1	5
beige.day1_CCAGCGATCAGGCGAA-1	5
beige.day1_CCAGCGATCCATGAAC-1	5
beige.day1_CCATTCGAGAATCTCC-1	1
beige.day1_CCATTCGAGCCCTAAT-1	3
beige.day1_CCATTCGAGCGAGAAA-1	3
beige.day1_CCATTCGAGTGAATTG-1	5
beige.day1_CCATTCGCAGATTGCT-1	4
beige.day1_CCATTCGGTGTTAAGA-1	3
beige.day1_CCATTCGTCACGCATA-1	5
beige.day1_CCATTCGTCATCACCC-1	5
beige.day1_CCATTCGTCCCTAACC-1	5
beige.day1_CCATTCGTCCGAAGAG-1	4
beige.day1_CCATTCGTCGGAATCT-1	7
beige.day1_CCCAATCAGCAAATCA-1	5
beige.day1_CCCAATCCAAGCCGCT-1	1
beige.day1_CCCAATCCACGGTTTA-1	7
beige.day1_CCCAATCTCAAGCCTA-1	8
beige.day1_CCCAATCTCTTCAACT-1	8
beige.day1_CCCAGTTGTACACCGC-1	4
beige.day1_CCCAGTTTCAACGCTA-1	7
beige.day1_CCCAGTTTCTTCCTTC-1	5
beige.day1_CCCAGTTTCTTGTTTG-1	3
beige.day1_CCCATACAGCTACCTA-1	5
beige.day1_CCCATACAGTTAAGTG-1	1
beige.day1_CCCATACCAAGTAGTA-1	5
beige.day1_CCCATACCACAGCCCA-1	4
beige.day1_CCCATACCACAGTCGC-1	3
beige.day1_CCCATACGTAGCCTCG-1	3
beige.day1_CCCTCCTAGATACACA-1	5
beige.day1_CCCTCCTTCGTACGGC-1	3
beige.day1_CCCTCCTTCTCCAGGG-1	3
beige.day1_CCGGGATAGCTAGTCT-1	4
beige.day1_CCGGGATAGTATTGGA-1	5
beige.day1_CCGGGATAGTTGAGTA-1	6
beige.day1_CCGGGATGTACATCCA-1	8
beige.day1_CCGGGATTCCTAGTGA-1	5
beige.day1_CCGGTAGCACATGTGT-1	8
beige.day1_CCGGTAGGTAACGTTC-1	7
beige.day1_CCGGTAGTCACCACCT-1	5
beige.day1_CCGTACTAGACTAGGC-1	4
beige.day1_CCGTACTAGTTAGGTA-1	7
beige.day1_CCGTACTCACCACGTG-1	3
beige.day1_CCGTACTCATTGAGCT-1	1
beige.day1_CCGTACTGTAGCGTCC-1	4
beige.day1_CCGTACTGTATAGTAG-1	5
beige.day1_CCGTACTGTCTGCCAG-1	5
beige.day1_CCGTACTGTGGCTCCA-1	8
beige.day1_CCGTGGACAAGTCATC-1	4
beige.day1_CCGTGGACAGGATTGG-1	4
beige.day1_CCGTGGAGTGCCTGGT-1	4
beige.day1_CCGTGGATCACCCGAG-1	5
beige.day1_CCGTTCAAGAAACGCC-1	6
beige.day1_CCGTTCAAGATCCCAT-1	3
beige.day1_CCGTTCACAAGCTGGA-1	5
beige.day1_CCGTTCAGTAGTAGTA-1	5
beige.day1_CCGTTCAGTCAGAATA-1	5
beige.day1_CCGTTCAGTCTAAACC-1	5
beige.day1_CCGTTCATCGGCGCTA-1	5
beige.day1_CCGTTCATCTGAGGGA-1	6
beige.day1_CCTAAAGGTAGCACGA-1	5
beige.day1_CCTAAAGGTTAAGAAC-1	8
beige.day1_CCTAAAGTCATGTCCC-1	4
beige.day1_CCTAAAGTCCTAGTGA-1	5
beige.day1_CCTACACCATTCCTGC-1	5
beige.day1_CCTACACTCGAATGGG-1	5
beige.day1_CCTACCAAGGGAGTAA-1	4
beige.day1_CCTACCAGTGCGCTTG-1	5
beige.day1_CCTACCAGTTGGTGGA-1	5
beige.day1_CCTACCATCTGCTGCT-1	6
beige.day1_CCTAGCTAGCCCTAAT-1	1
beige.day1_CCTAGCTCACCAGGCT-1	3
beige.day1_CCTAGCTCAGCTCGAC-1	5
beige.day1_CCTAGCTGTAGCCTAT-1	3
beige.day1_CCTAGCTGTATAGGTA-1	6
beige.day1_CCTATTAAGCCAGTTT-1	5
beige.day1_CCTATTAAGCTTCGCG-1	4
beige.day1_CCTATTACACGAAACG-1	4
beige.day1_CCTATTACATATGCTG-1	3
beige.day1_CCTATTACATGCCACG-1	7
beige.day1_CCTATTAGTCATGCCG-1	5
beige.day1_CCTATTAGTCCTGCTT-1	4
beige.day1_CCTATTAGTGCTAGCC-1	5
beige.day1_CCTATTATCGATGAGG-1	4
beige.day1_CCTATTATCGTTTGCC-1	8
beige.day1_CCTCAGTGTACAGTGG-1	5
beige.day1_CCTCTGAGTCAACATC-1	4
beige.day1_CCTCTGAGTGGTACAG-1	3
beige.day1_CCTCTGAGTTTAAGCC-1	5
beige.day1_CCTTACGAGTGTTTGC-1	1
beige.day1_CCTTACGCATGAACCT-1	5
beige.day1_CCTTACGGTGGCGAAT-1	1
beige.day1_CCTTCCCAGAACTGTA-1	5
beige.day1_CCTTCCCAGAGGACGG-1	8
beige.day1_CCTTCCCCATCGGAAG-1	7
beige.day1_CCTTCCCGTCTTTCAT-1	8
beige.day1_CCTTCGACAGTGAGTG-1	7
beige.day1_CCTTCGACATTCTCAT-1	3
beige.day1_CCTTCGAGTCATGCAT-1	5
beige.day1_CCTTCGAGTGTAATGA-1	8
beige.day1_CCTTCGAGTTCAGACT-1	5
beige.day1_CCTTCGATCGAATCCA-1	1
beige.day1_CCTTTCTAGAAACGCC-1	7
beige.day1_CCTTTCTAGAACAATC-1	5
beige.day1_CCTTTCTAGTACTTGC-1	7
beige.day1_CCTTTCTCAGTAGAGC-1	6
beige.day1_CCTTTCTGTAAGGGCT-1	5
beige.day1_CCTTTCTGTGTCTGAT-1	5
beige.day1_CCTTTCTGTTTCCACC-1	5
beige.day1_CCTTTCTTCACTGGGC-1	5
beige.day1_CCTTTCTTCAGTTGAC-1	6
beige.day1_CCTTTCTTCCAAGCCG-1	4
beige.day1_CGAACATAGTCTCAAC-1	1
beige.day1_CGAACATTCCTCATTA-1	8
beige.day1_CGAATGTCAATGGAAT-1	5
beige.day1_CGAATGTCATCGACGC-1	7
beige.day1_CGACCTTCACCAGTTA-1	3
beige.day1_CGACCTTGTAACGACG-1	8
beige.day1_CGACCTTGTCATTAGC-1	5
beige.day1_CGACCTTGTCCATGAT-1	5
beige.day1_CGACCTTGTTAAGATG-1	3
beige.day1_CGACTTCCACTCAGGC-1	5
beige.day1_CGACTTCCAGAGCCAA-1	5
beige.day1_CGACTTCGTCAGTGGA-1	7
beige.day1_CGAGAAGAGATAGCAT-1	3
beige.day1_CGAGAAGCAGCCACCA-1	6
beige.day1_CGAGAAGGTCGCTTTC-1	5
beige.day1_CGAGAAGGTTCACGGC-1	1
beige.day1_CGAGCACAGCAAATCA-1	5
beige.day1_CGAGCACAGCGATTCT-1	5
beige.day1_CGAGCACCATGCCACG-1	5
beige.day1_CGAGCACGTTGGTTTG-1	5
beige.day1_CGAGCACTCGTCCGTT-1	8
beige.day1_CGAGCCACATAGGATA-1	7
beige.day1_CGAGCCACATGCGCAC-1	7
beige.day1_CGAGCCAGTGACAAAT-1	5
beige.day1_CGAGCCATCAGTTCGA-1	5
beige.day1_CGAGCCATCCCTCAGT-1	5
beige.day1_CGATCGGAGAATTGTG-1	5
beige.day1_CGATCGGAGCTACCTA-1	5
beige.day1_CGATGGCAGAGTAAGG-1	3
beige.day1_CGATGGCCAATCAGAA-1	5
beige.day1_CGATGGCCACGGACAA-1	3
beige.day1_CGATGGCGTGCGGTAA-1	4
beige.day1_CGATGGCGTTGAGTTC-1	3
beige.day1_CGATGGCTCAAACCAC-1	3
beige.day1_CGATGGCTCTGGTGTA-1	6
beige.day1_CGATGTAAGCAGCCTC-1	5
beige.day1_CGATGTAAGCGTAGTG-1	3
beige.day1_CGATGTAAGCTACCTA-1	5
beige.day1_CGATGTACATCGACGC-1	8
beige.day1_CGATGTAGTAGGGTAC-1	6
beige.day1_CGATGTATCGCGTTTC-1	3
beige.day1_CGATGTATCTATGTGG-1	4
beige.day1_CGATTGAAGATAGGAG-1	1
beige.day1_CGATTGACACCGGAAA-1	5
beige.day1_CGATTGATCAGAGGTG-1	3
beige.day1_CGCCAAGAGTGTTGAA-1	6
beige.day1_CGCCAAGGTATATGAG-1	6
beige.day1_CGCCAAGGTATCGCAT-1	4
beige.day1_CGCCAAGGTCCGTCAG-1	7
beige.day1_CGCCAAGGTCTCCCTA-1	4
beige.day1_CGCGGTAAGCGTCTAT-1	5
beige.day1_CGCGGTAGTTGGTTTG-1	4
beige.day1_CGCGGTATCCTTTCGG-1	4
beige.day1_CGCGGTATCTAGAGTC-1	6
beige.day1_CGCGTTTAGGACATTA-1	6
beige.day1_CGCGTTTCAAGCCTAT-1	4
beige.day1_CGCGTTTCAAGCGAGT-1	7
beige.day1_CGCGTTTCACCGTTGG-1	3
beige.day1_CGCGTTTTCTGGCGAC-1	5
beige.day1_CGCTATCCAAAGGTGC-1	4
beige.day1_CGCTATCCAGGCAGTA-1	5
beige.day1_CGCTATCGTAAGTGTA-1	5
beige.day1_CGCTGGACATGACGGA-1	8
beige.day1_CGCTGGAGTGGCGAAT-1	5
beige.day1_CGCTGGAGTTAAAGAC-1	5
beige.day1_CGCTGGATCAGTGTTG-1	7
beige.day1_CGCTGGATCTTAACCT-1	4
beige.day1_CGCTTCAAGCCCAACC-1	5
beige.day1_CGCTTCAAGGAATTAC-1	3
beige.day1_CGCTTCAAGGCTATCT-1	5
beige.day1_CGCTTCACATATGCTG-1	1
beige.day1_CGCTTCAGTGTATGGG-1	5
beige.day1_CGCTTCAGTTACGTCA-1	4
beige.day1_CGGACACAGACAGACC-1	3
beige.day1_CGGACACCATAGTAAG-1	5
beige.day1_CGGACACGTAGTACCT-1	8
beige.day1_CGGACACTCTAACTTC-1	3
beige.day1_CGGACACTCTTGTATC-1	6
beige.day1_CGGACGTAGTCCGTAT-1	7
beige.day1_CGGACGTCAAATCCGT-1	2
beige.day1_CGGACGTCAAGCGCTC-1	3
beige.day1_CGGACGTGTAAATACG-1	5
beige.day1_CGGACGTGTGTTCTTT-1	3
beige.day1_CGGACGTGTTGTTTGG-1	8
beige.day1_CGGACGTTCTGCAAGT-1	5
beige.day1_CGGACTGCACCGTTGG-1	3
beige.day1_CGGACTGCACTTCGAA-1	6
beige.day1_CGGACTGCAGCCAATT-1	4
beige.day1_CGGAGCTAGGAATGGA-1	4
beige.day1_CGGAGCTAGGTGCTAG-1	5
beige.day1_CGGAGCTCAAGCGATG-1	7
beige.day1_CGGAGCTCACTAGTAC-1	2
beige.day1_CGGAGCTGTATAAACG-1	6
beige.day1_CGGAGCTGTCTCCACT-1	5
beige.day1_CGGAGTCAGTGGTCCC-1	3
beige.day1_CGGAGTCCATGCAACT-1	5
beige.day1_CGGAGTCGTAGCTTGT-1	4
beige.day1_CGGAGTCGTCACTGGC-1	8
beige.day1_CGGAGTCGTCAGAGGT-1	4
beige.day1_CGGAGTCGTCGTGGCT-1	1
beige.day1_CGGAGTCGTCTGCAAT-1	6
beige.day1_CGGAGTCTCACTCCTG-1	4
beige.day1_CGGCTAGAGCGTCTAT-1	7
beige.day1_CGGCTAGAGTGTCTCA-1	5
beige.day1_CGGCTAGTCTGATACG-1	8
beige.day1_CGGGTCAAGCCGCCTA-1	4
beige.day1_CGGGTCAAGGTTACCT-1	7
beige.day1_CGGGTCAGTTCCAACA-1	4
beige.day1_CGGGTCATCATGTAGC-1	4
beige.day1_CGGGTCATCCATGCTC-1	5
beige.day1_CGGTTAAAGACCGGAT-1	7
beige.day1_CGGTTAACATCTCGCT-1	5
beige.day1_CGGTTAAGTTAAAGAC-1	6
beige.day1_CGGTTAATCACCTCGT-1	5
beige.day1_CGGTTAATCCACGTTC-1	3
beige.day1_CGGTTAATCCCGACTT-1	7
beige.day1_CGTAGCGCACCCATGG-1	4
beige.day1_CGTAGCGGTACCCAAT-1	3
beige.day1_CGTAGCGGTCGGCATC-1	7
beige.day1_CGTAGCGGTCTAGCCG-1	4
beige.day1_CGTAGCGTCGGCTACG-1	1
beige.day1_CGTAGGCAGACACGAC-1	3
beige.day1_CGTAGGCAGGATGGTC-1	7
beige.day1_CGTAGGCCATCATCCC-1	3
beige.day1_CGTAGGCGTAGCTTGT-1	3
beige.day1_CGTCACTAGATGGCGT-1	7
beige.day1_CGTCACTAGCGATAGC-1	7
beige.day1_CGTCACTAGTACGCCC-1	4
beige.day1_CGTCACTAGTCGTTTG-1	2
beige.day1_CGTCACTGTTGGACCC-1	5
beige.day1_CGTCAGGGTAAACACA-1	4
beige.day1_CGTCAGGGTCCGACGT-1	5
beige.day1_CGTCAGGGTCTAGTGT-1	3
beige.day1_CGTCAGGGTGCTCTTC-1	5
beige.day1_CGTCAGGGTTGGGACA-1	3
beige.day1_CGTCCATAGTACGATA-1	3
beige.day1_CGTCCATCACCGGAAA-1	8
beige.day1_CGTCCATGTCGAACAG-1	7
beige.day1_CGTCCATTCGGGAGTA-1	5
beige.day1_CGTCTACAGAGAACAG-1	7
beige.day1_CGTCTACCATGTCGAT-1	3
beige.day1_CGTCTACGTTAAGTAG-1	3
beige.day1_CGTCTACTCACCTTAT-1	3
beige.day1_CGTGAGCAGCGTCAAG-1	1
beige.day1_CGTGAGCAGCTAAACA-1	5
beige.day1_CGTGAGCCAAGCCGTC-1	3
beige.day1_CGTGAGCTCACATGCA-1	3
beige.day1_CGTGAGCTCTAACTTC-1	1
beige.day1_CGTGTAAAGAGACTTA-1	6
beige.day1_CGTGTAAAGTCAAGGC-1	5
beige.day1_CGTGTAACAGATGAGC-1	5
beige.day1_CGTGTCTAGACCTTTG-1	1
beige.day1_CGTGTCTAGATAGTCA-1	7
beige.day1_CGTGTCTCAAGGTTCT-1	6
beige.day1_CGTGTCTCACAGGAGT-1	4
beige.day1_CGTGTCTCACCAACCG-1	4
beige.day1_CGTGTCTCAGCATGAG-1	8
beige.day1_CGTGTCTGTAAATACG-1	3
beige.day1_CGTGTCTGTGCGATAG-1	1
beige.day1_CGTGTCTGTTGGTAAA-1	6
beige.day1_CGTTAGACACGGCCAT-1	5
beige.day1_CGTTAGACATATACGC-1	8
beige.day1_CGTTAGACATCCTTGC-1	5
beige.day1_CGTTAGAGTCAAACTC-1	5
beige.day1_CGTTAGATCACTTACT-1	7
beige.day1_CGTTCTGCAATGACCT-1	3
beige.day1_CGTTCTGCATCTGGTA-1	5
beige.day1_CGTTCTGGTCGACTAT-1	7
beige.day1_CGTTCTGTCAGAGACG-1	5
beige.day1_CGTTCTGTCGAACTGT-1	5
beige.day1_CGTTGGGCAACCGCCA-1	5
beige.day1_CGTTGGGCATCAGTCA-1	3
beige.day1_CGTTGGGGTCTCTTTA-1	6
beige.day1_CGTTGGGGTGAAATCA-1	3
beige.day1_CGTTGGGTCTACTTAC-1	8
beige.day1_CTAACTTCACGCTTTC-1	3
beige.day1_CTAACTTCATCATCCC-1	3
beige.day1_CTAACTTGTGCCTGTG-1	5
beige.day1_CTAAGACCACCAGTTA-1	4
beige.day1_CTAAGACCACGTAAGG-1	7
beige.day1_CTAAGACCATTACCTT-1	4
beige.day1_CTAATGGAGAAACGCC-1	5
beige.day1_CTAATGGAGACGCTTT-1	5
beige.day1_CTAATGGCAACTGCTA-1	5
beige.day1_CTAATGGCAGCTGTAT-1	1
beige.day1_CTAATGGGTACTCGCG-1	1
beige.day1_CTAATGGGTTCAGTAC-1	5
beige.day1_CTACACCCAGTCCTTC-1	3
beige.day1_CTACACCGTGGTAACG-1	7
beige.day1_CTACACCTCCGTAGGC-1	1
beige.day1_CTACACCTCTCGCATC-1	5
beige.day1_CTACACCTCTTGGGTA-1	3
beige.day1_CTACACCTCTTTACAC-1	5
beige.day1_CTACATTAGATACACA-1	7
beige.day1_CTACATTAGATGGGTC-1	5
beige.day1_CTACATTAGCGCTCCA-1	8
beige.day1_CTACATTCATTCCTGC-1	5
beige.day1_CTACATTGTAGCCTCG-1	7
beige.day1_CTACATTTCTAACTTC-1	4
beige.day1_CTACCCAAGAGTCTGG-1	4
beige.day1_CTACCCACACGCATCG-1	5
beige.day1_CTACCCAGTCCGTCAG-1	4
beige.day1_CTACGTCAGAACTCGG-1	4
beige.day1_CTACGTCAGATGCCTT-1	5
beige.day1_CTACGTCCAAGAGTCG-1	5
beige.day1_CTACGTCCAGATAATG-1	3
beige.day1_CTACGTCGTAGATTAG-1	6
beige.day1_CTACGTCGTGACAAAT-1	7
beige.day1_CTACGTCTCGAACTGT-1	5
beige.day1_CTACGTCTCTTCCTTC-1	3
beige.day1_CTAGAGTAGATAGCAT-1	4
beige.day1_CTAGAGTCATGTTCCC-1	8
beige.day1_CTAGAGTGTACGAAAT-1	3
beige.day1_CTAGCCTAGGTCATCT-1	7
beige.day1_CTAGCCTGTTCGCGAC-1	5
beige.day1_CTAGCCTTCACAACGT-1	7
beige.day1_CTAGCCTTCAGGCAAG-1	5
beige.day1_CTAGCCTTCGAACGGA-1	8
beige.day1_CTAGTGACAAAGGTGC-1	5
beige.day1_CTAGTGAGTGCATCTA-1	4
beige.day1_CTAGTGAGTTTACTCT-1	4
beige.day1_CTAGTGATCCTCAACC-1	5
beige.day1_CTAGTGATCGCGATCG-1	7
beige.day1_CTAGTGATCTTGTTTG-1	3
beige.day1_CTCACACAGCTCCTCT-1	5
beige.day1_CTCACACAGTGCCAGA-1	6
beige.day1_CTCACACCAAACGTGG-1	5
beige.day1_CTCACACCAATAGCAA-1	5
beige.day1_CTCACACCACACCGCA-1	4
beige.day1_CTCACACGTCTAGCGC-1	1
beige.day1_CTCACACTCACCGTAA-1	5
beige.day1_CTCACACTCGCATGAT-1	4
beige.day1_CTCAGAAAGCTCAACT-1	3
beige.day1_CTCAGAAAGGGAGTAA-1	5
beige.day1_CTCAGAACAAAGGTGC-1	4
beige.day1_CTCAGAAGTCAGCTAT-1	8
beige.day1_CTCAGAATCAGAGCTT-1	5
beige.day1_CTCAGAATCAGCTTAG-1	7
beige.day1_CTCATTAAGCGAGAAA-1	5
beige.day1_CTCATTACACTATCTT-1	5
beige.day1_CTCATTACAGCGAACA-1	3
beige.day1_CTCATTACAGCTGGCT-1	4
beige.day1_CTCATTACAGCTGTTA-1	3
beige.day1_CTCATTATCTAACTCT-1	4
beige.day1_CTCATTATCTATCCCG-1	5
beige.day1_CTCCTAGAGGGATACC-1	5
beige.day1_CTCCTAGGTTGTGGCC-1	3
beige.day1_CTCCTAGGTTTGCATG-1	3
beige.day1_CTCCTAGTCAACGCTA-1	5
beige.day1_CTCCTAGTCGATCCCT-1	6
beige.day1_CTCGAAAAGAATAGGG-1	5
beige.day1_CTCGAAAAGGGAACGG-1	5
beige.day1_CTCGAAACACTCAGGC-1	5
beige.day1_CTCGAAAGTGTGGCTC-1	5
beige.day1_CTCGAAATCACCTCGT-1	1
beige.day1_CTCGAGGAGTAGCGGT-1	6
beige.day1_CTCGAGGGTCTTGCGG-1	4
beige.day1_CTCGAGGGTGCCTTGG-1	8
beige.day1_CTCGAGGGTTAAGATG-1	7
beige.day1_CTCGAGGTCCAATGGT-1	8
beige.day1_CTCGGAGAGGGTTCCC-1	7
beige.day1_CTCGGAGCAAGCCTAT-1	3
beige.day1_CTCGGAGGTCGAACAG-1	6
beige.day1_CTCGGAGTCACTCTTA-1	4
beige.day1_CTCGGAGTCCACGCAG-1	4
beige.day1_CTCGGAGTCTTATCTG-1	8
beige.day1_CTCGGGACACCTCGGA-1	5
beige.day1_CTCGGGAGTCTTGTCC-1	5
beige.day1_CTCGGGAGTTTGACTG-1	3
beige.day1_CTCGTACAGCCAGTTT-1	4
beige.day1_CTCGTACAGCGATAGC-1	3
beige.day1_CTCGTACCATCGGGTC-1	4
beige.day1_CTCGTACCATTCTCAT-1	5
beige.day1_CTCGTACGTCAATACC-1	5
beige.day1_CTCGTACTCCTCAATT-1	5
beige.day1_CTCGTCAAGACACTAA-1	4
beige.day1_CTCGTCAAGGGTTTCT-1	2
beige.day1_CTCTAATAGAGAGCTC-1	3
beige.day1_CTCTAATCAGACGCAA-1	5
beige.day1_CTCTAATCAGGCGATA-1	4
beige.day1_CTCTAATCAGGTGCCT-1	3
beige.day1_CTCTAATTCGTGGACC-1	5
beige.day1_CTCTACGCACTACAGT-1	4
beige.day1_CTCTACGTCCAAGTAC-1	3
beige.day1_CTCTGGTAGAATTGTG-1	4
beige.day1_CTCTGGTAGGCCCGTT-1	3
beige.day1_CTCTGGTAGGTTACCT-1	3
beige.day1_CTCTGGTGTCAGTGGA-1	3
beige.day1_CTCTGGTTCATTGCCC-1	4
beige.day1_CTCTGGTTCGTGTAGT-1	8
beige.day1_CTGAAACAGCCTTGAT-1	1
beige.day1_CTGAAACCACGGATAG-1	8
beige.day1_CTGAAACTCCGTCATC-1	5
beige.day1_CTGAAGTCACCTCGTT-1	6
beige.day1_CTGAAGTCAGAGCCAA-1	4
beige.day1_CTGAAGTCAGGAATCG-1	4
beige.day1_CTGAAGTTCAGTCAGT-1	5
beige.day1_CTGATAGAGACCGGAT-1	5
beige.day1_CTGATAGAGAGACGAA-1	3
beige.day1_CTGATAGCACGGTAAG-1	3
beige.day1_CTGATAGCATATACGC-1	1
beige.day1_CTGATAGCATCCGTGG-1	3
beige.day1_CTGATAGCATCTCGCT-1	5
beige.day1_CTGATAGGTACGCACC-1	8
beige.day1_CTGATAGGTCAGATAA-1	4
beige.day1_CTGATAGGTGAGGGAG-1	8
beige.day1_CTGATAGGTTCCCTTG-1	5
beige.day1_CTGATAGTCCAAGCCG-1	6
beige.day1_CTGATAGTCTTATCTG-1	7
beige.day1_CTGATCCAGAAACCGC-1	7
beige.day1_CTGATCCAGAAGGCCT-1	4
beige.day1_CTGATCCAGCCAGGAT-1	1
beige.day1_CTGATCCAGCGCTTAT-1	4
beige.day1_CTGATCCAGCTAAGAT-1	3
beige.day1_CTGATCCAGGCAATTA-1	6
beige.day1_CTGATCCAGTCCTCCT-1	4
beige.day1_CTGATCCCATGCATGT-1	4
beige.day1_CTGATCCGTACATGTC-1	6
beige.day1_CTGATCCGTGTCAATC-1	5
beige.day1_CTGATCCGTTCAACCA-1	3
beige.day1_CTGATCCTCAACACGT-1	3
beige.day1_CTGATCCTCACTTACT-1	4
beige.day1_CTGCCTAAGGTGATAT-1	5
beige.day1_CTGCCTAAGGTGCTAG-1	3
beige.day1_CTGCCTAAGTGTTAGA-1	5
beige.day1_CTGCCTAGTAGCGCAA-1	3
beige.day1_CTGCCTAGTTAAGAAC-1	4
beige.day1_CTGCGGAAGAAGATTC-1	5
beige.day1_CTGCGGAGTGAGGGAG-1	5
beige.day1_CTGCGGAGTTACGGAG-1	3
beige.day1_CTGCGGATCCGGGTGT-1	6
beige.day1_CTGCTGTAGGCATTGG-1	5
beige.day1_CTGCTGTAGGCTAGAC-1	3
beige.day1_CTGCTGTCACCGTTGG-1	3
beige.day1_CTGCTGTGTGAACCTT-1	5
beige.day1_CTGCTGTTCTTGTCAT-1	5
beige.day1_CTGGTCTAGGATGTAT-1	4
beige.day1_CTGGTCTAGGGATGGG-1	6
beige.day1_CTGGTCTAGTGGTCCC-1	4
beige.day1_CTGGTCTCAATTCCTT-1	1
beige.day1_CTGGTCTCATCGATTG-1	6
beige.day1_CTGGTCTTCATGTCCC-1	7
beige.day1_CTGGTCTTCCAAACAC-1	5
beige.day1_CTGGTCTTCCAGATCA-1	3
beige.day1_CTGTGCTAGCGAAGGG-1	3
beige.day1_CTGTGCTCATCATCCC-1	3
beige.day1_CTGTGCTGTCCCTACT-1	4
beige.day1_CTGTGCTGTTCCCGAG-1	5
beige.day1_CTGTGCTTCAGTTCGA-1	3
beige.day1_CTGTGCTTCCAGTATG-1	5
beige.day1_CTGTGCTTCTTGTCAT-1	7
beige.day1_CTGTTTAAGACTTGAA-1	4
beige.day1_CTGTTTAAGCAATCTC-1	3
beige.day1_CTGTTTAAGTACATGA-1	5
beige.day1_CTGTTTAGTAGAGCTG-1	6
beige.day1_CTGTTTAGTGACGCCT-1	5
beige.day1_CTGTTTAGTTGCTCCT-1	7
beige.day1_CTGTTTATCCCGACTT-1	4
beige.day1_CTTAACTAGCCAGTAG-1	4
beige.day1_CTTAACTAGTTAACGA-1	1
beige.day1_CTTAACTGTACCAGTT-1	5
beige.day1_CTTAACTGTGTCAATC-1	5
beige.day1_CTTAACTGTTGGAGGT-1	3
beige.day1_CTTAACTTCTGTGCAA-1	3
beige.day1_CTTACCGAGATTACCC-1	7
beige.day1_CTTACCGAGGACCACA-1	4
beige.day1_CTTACCGCATTCTTAC-1	6
beige.day1_CTTACCGGTAAATGAC-1	3
beige.day1_CTTACCGGTCGGCACT-1	6
beige.day1_CTTACCGTCGGAAATA-1	3
beige.day1_CTTAGGAAGTGAATTG-1	5
beige.day1_CTTAGGACAAGCCGTC-1	5
beige.day1_CTTAGGACATCTACGA-1	3
beige.day1_CTTAGGAGTCAGAGGT-1	5
beige.day1_CTTAGGAGTGATGTCT-1	3
beige.day1_CTTAGGAGTTTCCACC-1	4
beige.day1_CTTAGGATCGTATCAG-1	6
beige.day1_CTTAGGATCGTGGTCG-1	5
beige.day1_CTTCTCTAGCATGGCA-1	3
beige.day1_CTTCTCTAGTACCGGA-1	6
beige.day1_CTTCTCTCAAACGCGA-1	8
beige.day1_CTTCTCTCAATAAGCA-1	3
beige.day1_CTTCTCTCACGGATAG-1	3
beige.day1_CTTCTCTCATCTGGTA-1	5
beige.day1_CTTCTCTGTTCCTCCA-1	3
beige.day1_CTTCTCTTCGTATCAG-1	4
beige.day1_CTTGGCTAGAAGAAGC-1	5
beige.day1_CTTGGCTAGAGTACAT-1	8
beige.day1_CTTGGCTAGGACATTA-1	3
beige.day1_CTTGGCTCAATTCCTT-1	1
beige.day1_CTTGGCTGTACCGTTA-1	5
beige.day1_CTTGGCTGTCATTAGC-1	4
beige.day1_CTTGGCTTCATTCACT-1	3
beige.day1_CTTGGCTTCCCTTGTG-1	3
beige.day1_CTTGGCTTCTTTCCTC-1	4
beige.day1_CTTTGCGAGCACCGTC-1	5
beige.day1_CTTTGCGCATATACGC-1	6
beige.day1_CTTTGCGCATGTCCTC-1	6
beige.day1_CTTTGCGGTATCACCA-1	3
beige.day1_CTTTGCGGTCCTCTTG-1	4
beige.day1_CTTTGCGGTGTGACCC-1	7
beige.day1_GAAACTCCACGCCAGT-1	7
beige.day1_GAAACTCGTGTTCGAT-1	6
beige.day1_GAAACTCTCCTAAGTG-1	8
beige.day1_GAAATGAAGCGCTCCA-1	6
beige.day1_GAAATGAGTTCGTTGA-1	6
beige.day1_GAAATGATCAAACCGT-1	4
beige.day1_GAAATGATCACCCGAG-1	7
beige.day1_GAAATGATCTCGATGA-1	3
beige.day1_GAACATCAGACACGAC-1	5
beige.day1_GAACATCAGCCTCGTG-1	3
beige.day1_GAACATCCAGACAAAT-1	7
beige.day1_GAACATCCATCGATTG-1	3
beige.day1_GAACATCGTCTCGTTC-1	5
beige.day1_GAACCTAAGAAACGAG-1	4
beige.day1_GAACCTACAGTAACGG-1	1
beige.day1_GAACCTATCGAGAACG-1	1
beige.day1_GAACCTATCTCCCTGA-1	3
beige.day1_GAACGGAAGAAGGTTT-1	5
beige.day1_GAACGGAAGTACGCCC-1	4
beige.day1_GAACGGACAGCGAACA-1	8
beige.day1_GAACGGATCCGCATCT-1	3
beige.day1_GAAGCAGCAAATTGCC-1	7
beige.day1_GAAGCAGCACGACGAA-1	4
beige.day1_GAAGCAGCACGGCTAC-1	5
beige.day1_GAAGCAGCATGACATC-1	7
beige.day1_GAAGCAGTCACGATGT-1	3
beige.day1_GAATAAGAGGCTCATT-1	6
beige.day1_GAATAAGGTAGCGTAG-1	7
beige.day1_GAATAAGGTGGTAACG-1	4
beige.day1_GAATAAGTCACGCGGT-1	8
beige.day1_GAATGAAAGGACCACA-1	5
beige.day1_GAATGAAAGTCTCAAC-1	8
beige.day1_GAATGAACACCAACCG-1	7
beige.day1_GAATGAATCCATGAAC-1	5
beige.day1_GACACGCAGCGCTCCA-1	4
beige.day1_GACACGCAGCTAGGCA-1	8
beige.day1_GACACGCCAGTGACAG-1	3
beige.day1_GACACGCCATTTCAGG-1	3
beige.day1_GACACGCGTGCTGTAT-1	5
beige.day1_GACACGCGTTATTCTC-1	4
beige.day1_GACACGCTCCCATTTA-1	3
beige.day1_GACAGAGAGAGGTAGA-1	1
beige.day1_GACAGAGAGCAACGGT-1	5
beige.day1_GACAGAGAGCGTCTAT-1	7
beige.day1_GACAGAGCACAGACTT-1	3
beige.day1_GACAGAGGTTACGGAG-1	5
beige.day1_GACAGAGTCAAAGACA-1	7
beige.day1_GACCAATAGATCCCAT-1	5
beige.day1_GACCAATAGGTGATTA-1	8
beige.day1_GACCAATCACAGGAGT-1	5
beige.day1_GACCAATCACTATCTT-1	5
beige.day1_GACCTGGCACGACGAA-1	8
beige.day1_GACCTGGCATGCATGT-1	3
beige.day1_GACCTGGTCGGTGTCG-1	6
beige.day1_GACGCGTAGATGTGGC-1	7
beige.day1_GACGCGTCAGGCAGTA-1	7
beige.day1_GACGCGTCATGAACCT-1	5
beige.day1_GACGGCTGTTGGAGGT-1	5
beige.day1_GACGGCTTCATATCGG-1	3
beige.day1_GACGTGCGTACTCAAC-1	6
beige.day1_GACGTGCTCCATTCTA-1	5
beige.day1_GACGTTAAGGCAAAGA-1	5
beige.day1_GACGTTAAGTGGTCCC-1	6
beige.day1_GACGTTATCTGTCTAT-1	6
beige.day1_GACTAACAGAATTCCC-1	5
beige.day1_GACTAACAGAGCTGCA-1	4
beige.day1_GACTAACTCTCGATGA-1	1
beige.day1_GACTAACTCTGGCGAC-1	8
beige.day1_GACTAACTCTTTAGGG-1	8
beige.day1_GACTACAGTCCGAATT-1	4
beige.day1_GACTACATCCGCGGTA-1	7
beige.day1_GACTACATCGACGGAA-1	9
beige.day1_GACTACATCGGTTAAC-1	6
beige.day1_GACTGCGGTAGAAGGA-1	5
beige.day1_GACTGCGGTTCTCATT-1	3
beige.day1_GACTGCGGTTTAGCTG-1	5
beige.day1_GACTGCGTCTGCTGCT-1	8
beige.day1_GAGCAGAAGAATTCCC-1	4
beige.day1_GAGCAGAAGATCCTGT-1	4
beige.day1_GAGCAGAAGATCTGCT-1	5
beige.day1_GAGCAGAAGGACAGCT-1	5
beige.day1_GAGCAGAGTCAGAGGT-1	4
beige.day1_GAGCAGAGTGCACGAA-1	5
beige.day1_GAGGTGAAGAAGGCCT-1	5
beige.day1_GAGGTGAAGCGTAATA-1	3
beige.day1_GAGGTGAAGGCCATAG-1	5
beige.day1_GAGGTGAAGGTGATTA-1	3
beige.day1_GAGGTGAAGTAGGCCA-1	5
beige.day1_GAGGTGACACGAAAGC-1	6
beige.day1_GAGGTGACATCAGTCA-1	4
beige.day1_GAGGTGATCAGGCCCA-1	4
beige.day1_GAGTCCGAGATGTGTA-1	4
beige.day1_GAGTCCGAGCTCAACT-1	3
beige.day1_GAGTCCGCAGGGTATG-1	6
beige.day1_GAGTCCGTCTCAACTT-1	5
beige.day1_GAGTCCGTCTGGTTCC-1	3
beige.day1_GAGTCCGTCTGTCCGT-1	6
beige.day1_GATCAGTAGAACTGTA-1	6
beige.day1_GATCAGTTCCACGACG-1	7
beige.day1_GATCGATCACGGATAG-1	8
beige.day1_GATCGATCACGGCTAC-1	8
beige.day1_GATCGATGTAAATACG-1	4
beige.day1_GATCGCGAGCCAGAAC-1	4
beige.day1_GATCGCGGTACCGTAT-1	6
beige.day1_GATCGCGTCAGAAATG-1	5
beige.day1_GATCGCGTCTTGAGGT-1	4
beige.day1_GATCGTAAGCCCAATT-1	7
beige.day1_GATCGTACACCACCAG-1	3
beige.day1_GATCGTACATCTATGG-1	7
beige.day1_GATCGTACATTCTTAC-1	7
beige.day1_GATCGTAGTAGCTCCG-1	5
beige.day1_GATCGTAGTAGGGTAC-1	5
beige.day1_GATCGTAGTGTTAAGA-1	5
beige.day1_GATCGTAGTTGACGTT-1	5
beige.day1_GATCTAGAGGCATGGT-1	6
beige.day1_GATCTAGCATTACGAC-1	5
beige.day1_GATCTAGGTAATCACC-1	5
beige.day1_GATCTAGTCCAAACTG-1	3
beige.day1_GATCTAGTCCCAACGG-1	8
beige.day1_GATGAAAAGAAGGTGA-1	5
beige.day1_GATGAAAAGCTCCTTC-1	7
beige.day1_GATGAAAAGGGAACGG-1	3
beige.day1_GATGAAACACCAGCAC-1	5
beige.day1_GATGAAACAGCTATTG-1	7
beige.day1_GATGAAACAGTTCATG-1	8
beige.day1_GATGAAAGTGTGTGCC-1	5
beige.day1_GATGAAAGTTCCTCCA-1	4
beige.day1_GATGAAATCCTTTCTC-1	7
beige.day1_GATGAGGAGACTACAA-1	5
beige.day1_GATGAGGAGATATACG-1	1
beige.day1_GATGAGGAGCAGGTCA-1	3
beige.day1_GATGAGGGTCTTGATG-1	5
beige.day1_GATGAGGGTGACAAAT-1	3
beige.day1_GATGCTAAGCCCAACC-1	4
beige.day1_GATGCTAGTCCGACGT-1	3
beige.day1_GATGCTAGTTCAGGCC-1	7
beige.day1_GATGCTATCAACGGGA-1	5
beige.day1_GATTCAGAGTATCTCG-1	3
beige.day1_GATTCAGAGTTGTCGT-1	3
beige.day1_GATTCAGCACTGCCAG-1	8
beige.day1_GATTCAGGTACATGTC-1	3
beige.day1_GATTCAGGTATATCCG-1	6
beige.day1_GATTCAGGTCAGCTAT-1	3
beige.day1_GATTCAGGTCCGAAGA-1	1
beige.day1_GCAAACTAGCCAACAG-1	9
beige.day1_GCAAACTCACGTCTCT-1	6
beige.day1_GCAAACTCAGTGGAGT-1	3
beige.day1_GCAAACTTCCTATTCA-1	7
beige.day1_GCAATCAAGATGGGTC-1	2
beige.day1_GCAATCAAGTGTGGCA-1	3
beige.day1_GCAATCACAATCTGCA-1	3
beige.day1_GCAATCACAGCTTAAC-1	4
beige.day1_GCAATCAGTGACTACT-1	3
beige.day1_GCACATAAGATCTGAA-1	3
beige.day1_GCACATACACAGAGGT-1	4
beige.day1_GCACATACACATCTTT-1	8
beige.day1_GCACATACAGCGTTCG-1	2
beige.day1_GCACATACATCACGAT-1	4
beige.day1_GCACTCTCACCCTATC-1	7
beige.day1_GCACTCTGTATAGGGC-1	8
beige.day1_GCACTCTGTGCGAAAC-1	3
beige.day1_GCACTCTTCACCGGGT-1	3
beige.day1_GCAGCCAAGGTGATTA-1	5
beige.day1_GCAGCCAGTTCTCATT-1	3
beige.day1_GCAGCCATCGTTTGCC-1	4
beige.day1_GCAGTTAAGCGATGAC-1	1
beige.day1_GCAGTTAAGCTGGAAC-1	4
beige.day1_GCAGTTAGTACAAGTA-1	7
beige.day1_GCAGTTAGTATCACCA-1	5
beige.day1_GCAGTTAGTCCGCTGA-1	3
beige.day1_GCAGTTATCGCATGAT-1	3
beige.day1_GCAGTTATCTATCGCC-1	6
beige.day1_GCATACACATATGGTC-1	4
beige.day1_GCATACAGTAATAGCA-1	3
beige.day1_GCATACATCGCGTTTC-1	7
beige.day1_GCATGATAGACTAAGT-1	3
beige.day1_GCATGATAGCGGATCA-1	6
beige.day1_GCATGATAGGTCGGAT-1	3
beige.day1_GCATGATCACCTATCC-1	5
beige.day1_GCATGATCATCTGGTA-1	3
beige.day1_GCATGATGTAAGGGAA-1	4
beige.day1_GCATGCGGTACACCGC-1	7
beige.day1_GCATGTAAGTGTTGAA-1	5
beige.day1_GCATGTATCGTCGTTC-1	4
beige.day1_GCCAAATAGAGGGATA-1	6
beige.day1_GCCAAATAGAGTACAT-1	2
beige.day1_GCCAAATAGTGAAGAG-1	5
beige.day1_GCCAAATGTAAGTTCC-1	3
beige.day1_GCCAAATGTCTCATCC-1	4
beige.day1_GCCAAATGTTACCAGT-1	5
beige.day1_GCCAAATGTTCCAACA-1	5
beige.day1_GCCAAATTCTGCTGTC-1	8
beige.day1_GCCTCTAAGAAGGACA-1	7
beige.day1_GCCTCTAAGGGATACC-1	4
beige.day1_GCCTCTAAGTCCGTAT-1	3
beige.day1_GCCTCTAAGTGGCACA-1	4
beige.day1_GCCTCTACAGGGTTAG-1	5
beige.day1_GCCTCTACATCCTTGC-1	3
beige.day1_GCCTCTAGTCAAAGAT-1	1
beige.day1_GCCTCTAGTTCGAATC-1	3
beige.day1_GCGACCAAGAGTCGGT-1	8
beige.day1_GCGACCAAGCAGCGTA-1	3
beige.day1_GCGACCAAGCCGTCGT-1	6
beige.day1_GCGACCATCATGTCTT-1	7
beige.day1_GCGACCATCTGGTATG-1	4
beige.day1_GCGAGAACAATCTGCA-1	4
beige.day1_GCGAGAAGTTATGTGC-1	3
beige.day1_GCGCAACAGACGCAAC-1	5
beige.day1_GCGCAACCACTTCGAA-1	7
beige.day1_GCGCAACGTGTCTGAT-1	3
beige.day1_GCGCAGTAGAGGGCTT-1	7
beige.day1_GCGCAGTAGCTGCGAA-1	7
beige.day1_GCGCAGTGTAAGGGCT-1	8
beige.day1_GCGCAGTGTACCAGTT-1	5
beige.day1_GCGCAGTGTAGCGCAA-1	4
beige.day1_GCGCAGTGTGTGCCTG-1	8
beige.day1_GCGCAGTTCGCGGATC-1	5
beige.day1_GCGCCAAAGTACGTTC-1	5
beige.day1_GCGCCAACATACGCTA-1	7
beige.day1_GCGCCAAGTGCGATAG-1	3
beige.day1_GCGCCAATCCTTTCGG-1	1
beige.day1_GCGCCAATCGGACAAG-1	5
beige.day1_GCGCGATAGTATGACA-1	5
beige.day1_GCGCGATGTAATCACC-1	7
beige.day1_GCGCGATGTATCTGCA-1	3
beige.day1_GCGCGATGTCAGAGGT-1	8
beige.day1_GCGCGATTCTGCGACG-1	3
beige.day1_GCGGGTTAGAACTGTA-1	8
beige.day1_GCGGGTTAGGTGATAT-1	6
beige.day1_GCGGGTTTCATTGCGA-1	4
beige.day1_GCGGGTTTCCCTAACC-1	3
beige.day1_GCGGGTTTCGTTTATC-1	3
beige.day1_GCTCCTAAGCGTGTCC-1	3
beige.day1_GCTCCTAAGGAGTACC-1	5
beige.day1_GCTCCTATCTAACTGG-1	5
beige.day1_GCTCTGTAGAAGGGTA-1	5
beige.day1_GCTCTGTTCTTTAGGG-1	4
beige.day1_GCTGCAGAGGGATCTG-1	4
beige.day1_GCTGCAGCAGACAGGT-1	7
beige.day1_GCTGCAGCAGTTCCCT-1	2
beige.day1_GCTGCAGGTCCGTGAC-1	8
beige.day1_GCTGCAGGTGCAGTAG-1	4
beige.day1_GCTGCAGTCATAGCAC-1	7
beige.day1_GCTGCAGTCATGGTCA-1	1
beige.day1_GCTGCAGTCCTTAATC-1	6
beige.day1_GCTGCAGTCTAACGGT-1	5
beige.day1_GCTGCGAAGCTCCCAG-1	3
beige.day1_GCTGCGAAGTTCGATC-1	4
beige.day1_GCTGCGACAAGAGGCT-1	4
beige.day1_GCTGCGACACCCATGG-1	7
beige.day1_GCTGCGACAGGATCGA-1	3
beige.day1_GCTGCGACATCTCCCA-1	3
beige.day1_GCTGCGACATGTCCTC-1	8
beige.day1_GCTGCTTAGGTGTGGT-1	5
beige.day1_GCTGCTTCAGGGAGAG-1	6
beige.day1_GCTGCTTGTGACGCCT-1	8
beige.day1_GCTGCTTGTGAGGCTA-1	3
beige.day1_GCTGCTTTCCGCATCT-1	5
beige.day1_GCTGCTTTCCGTAGGC-1	5
beige.day1_GCTGGGTAGATACACA-1	3
beige.day1_GCTGGGTAGGCTAGAC-1	3
beige.day1_GCTGGGTAGTGAACGC-1	5
beige.day1_GCTGGGTGTATATGGA-1	1
beige.day1_GCTTCCAAGCGTAATA-1	3
beige.day1_GCTTCCACACCTCGTT-1	4
beige.day1_GCTTCCAGTCTGCGGT-1	3
beige.day1_GCTTCCATCCCATTAT-1	4
beige.day1_GCTTGAAAGCCGGTAA-1	5
beige.day1_GCTTGAAAGGAGTTTA-1	4
beige.day1_GCTTGAACACCCAGTG-1	1
beige.day1_GCTTGAACAGAGTGTG-1	4
beige.day1_GCTTGAATCATTGCCC-1	3
beige.day1_GGAAAGCAGAAGATTC-1	5
beige.day1_GGAAAGCCAAGAAGAG-1	6
beige.day1_GGAAAGCTCACAGGCC-1	5
beige.day1_GGAAAGCTCTCTAGGA-1	5
beige.day1_GGAACTTAGACAAGCC-1	5
beige.day1_GGAATAAAGTAGCGGT-1	3
beige.day1_GGAATAACATTAGGCT-1	5
beige.day1_GGACAAGAGACTTGAA-1	5
beige.day1_GGACAAGAGCAAATCA-1	4
beige.day1_GGACAAGAGCTAGTGG-1	3
beige.day1_GGACAAGAGTCCATAC-1	1
beige.day1_GGACAAGGTCAGGACA-1	5
beige.day1_GGACAAGGTCAGTGGA-1	6
beige.day1_GGACAAGGTTCCCTTG-1	6
beige.day1_GGACAAGTCAAAGACA-1	3
beige.day1_GGACAAGTCCAAGCCG-1	7
beige.day1_GGACAAGTCTGCAGTA-1	4
beige.day1_GGACAGACAGCTCGAC-1	4
beige.day1_GGACATTAGGATGGAA-1	8
beige.day1_GGACATTCACTCTGTC-1	5
beige.day1_GGACATTTCATGCTCC-1	3
beige.day1_GGACATTTCCCTTGTG-1	3
beige.day1_GGACATTTCCGGCACA-1	5
beige.day1_GGACATTTCTCCGGTT-1	4
beige.day1_GGACATTTCTCGTTTA-1	6
beige.day1_GGACGTCAGCGTCAAG-1	3
beige.day1_GGACGTCAGCTGTTCA-1	3
beige.day1_GGACGTCTCGTAGATC-1	9
beige.day1_GGAGCAAAGAAAGTGG-1	8
beige.day1_GGAGCAAAGAAGGTGA-1	8
beige.day1_GGAGCAACAAGGCTCC-1	4
beige.day1_GGAGCAACATAGGATA-1	4
beige.day1_GGAGCAACATTACGAC-1	3
beige.day1_GGAGCAAGTACCTACA-1	5
beige.day1_GGATGTTAGCCCGAAA-1	3
beige.day1_GGATGTTGTATATGAG-1	5
beige.day1_GGATGTTGTGAGTATA-1	4
beige.day1_GGATGTTGTGTCTGAT-1	3
beige.day1_GGATGTTTCCATTCTA-1	4
beige.day1_GGATGTTTCCCAAGAT-1	3
beige.day1_GGATTACCAAGCGATG-1	6
beige.day1_GGATTACGTGGCCCTA-1	7
beige.day1_GGATTACGTTCGCGAC-1	5
beige.day1_GGATTACGTTTGCATG-1	5
beige.day1_GGATTACTCCTTCAAT-1	5
beige.day1_GGCAATTAGTCCATAC-1	5
beige.day1_GGCAATTGTTACGCGC-1	4
beige.day1_GGCAATTTCCAGAGGA-1	5
beige.day1_GGCAATTTCCTACAGA-1	7
beige.day1_GGCAATTTCCTAGGGC-1	3
beige.day1_GGCAATTTCGGAAATA-1	8
beige.day1_GGCAATTTCTTTACGT-1	4
beige.day1_GGCCGATAGATGTCGG-1	6
beige.day1_GGCCGATCATATACGC-1	5
beige.day1_GGCCGATGTATCTGCA-1	1
beige.day1_GGCGACTAGAAGGACA-1	5
beige.day1_GGCGACTAGCGCCTCA-1	5
beige.day1_GGCGACTAGTAGGCCA-1	3
beige.day1_GGCGACTCAAGCGCTC-1	3
beige.day1_GGCGACTGTAACGCGA-1	3
beige.day1_GGCGACTGTATTAGCC-1	5
beige.day1_GGCGACTGTCTGCAAT-1	5
beige.day1_GGCGACTTCCAACCAA-1	5
beige.day1_GGCGACTTCTATCCTA-1	8
beige.day1_GGCGTGTGTTATGCGT-1	3
beige.day1_GGCGTGTTCACTGGGC-1	4
beige.day1_GGCTCGAAGCGGATCA-1	3
beige.day1_GGCTCGACAAGAGGCT-1	5
beige.day1_GGCTCGAGTAGCTTGT-1	4
beige.day1_GGCTGGTTCTACGAGT-1	8
beige.day1_GGGAATGAGACAAGCC-1	3
beige.day1_GGGAATGCAAAGTGCG-1	2
beige.day1_GGGAATGTCGCCATAA-1	3
beige.day1_GGGAATGTCTGCCAGG-1	7
beige.day1_GGGAATGTCTGCTGCT-1	5
beige.day1_GGGACCTAGACAAGCC-1	5
beige.day1_GGGACCTTCCAGAAGG-1	8
beige.day1_GGGACCTTCCGAAGAG-1	3
beige.day1_GGGAGATAGACTTGAA-1	1
beige.day1_GGGAGATAGCCAGTAG-1	7
beige.day1_GGGAGATCAACACGCC-1	5
beige.day1_GGGAGATCACTATCTT-1	3
beige.day1_GGGAGATCAGCGATCC-1	3
beige.day1_GGGAGATGTCATGCAT-1	5
beige.day1_GGGAGATGTGCAGACA-1	3
beige.day1_GGGAGATTCCTTCAAT-1	6
beige.day1_GGGAGATTCTTGCCGT-1	5
beige.day1_GGGATGAAGGCATGTG-1	3
beige.day1_GGGATGACATTGGTAC-1	5
beige.day1_GGGATGAGTCTCTCTG-1	3
beige.day1_GGGATGATCTCGCATC-1	3
beige.day1_GGGATGATCTGCAAGT-1	4
beige.day1_GGGCACTAGATATACG-1	5
beige.day1_GGGCACTCAGATCCAT-1	4
beige.day1_GGGCACTCATTACGAC-1	5
beige.day1_GGGCACTGTACCATCA-1	6
beige.day1_GGGCACTGTTTGGCGC-1	7
beige.day1_GGGCACTTCAATCACG-1	4
beige.day1_GGGCATCAGCTCCTTC-1	5
beige.day1_GGGCATCAGTACTTGC-1	4
beige.day1_GGGCATCCAGGGATTG-1	5
beige.day1_GGGCATCGTATAGGTA-1	6
beige.day1_GGGCATCTCTGTCAAG-1	1
beige.day1_GGGTCTGCAAGAGGCT-1	1
beige.day1_GGGTCTGCATATACCG-1	3
beige.day1_GGGTCTGGTGTATGGG-1	7
beige.day1_GGGTTGCAGTGACTCT-1	3
beige.day1_GGGTTGCCATGGTCAT-1	8
beige.day1_GGGTTGCGTTCATGGT-1	4
beige.day1_GGGTTGCTCTGTCTAT-1	5
beige.day1_GGTATTGGTCCAGTGC-1	5
beige.day1_GGTATTGGTCCATGAT-1	3
beige.day1_GGTATTGGTCGACTGC-1	4
beige.day1_GGTATTGTCCATGAAC-1	5
beige.day1_GGTATTGTCGAGAACG-1	4
beige.day1_GGTATTGTCGTAGATC-1	3
beige.day1_GGTGAAGAGGGAAACA-1	6
beige.day1_GGTGAAGAGTGTTTGC-1	4
beige.day1_GGTGAAGAGTTTCCTT-1	7
beige.day1_GGTGAAGCAGGGAGAG-1	3
beige.day1_GGTGAAGCAGGGATTG-1	5
beige.day1_GGTGAAGGTCACCCAG-1	6
beige.day1_GGTGAAGTCCAGGGCT-1	3
beige.day1_GGTGAAGTCGATGAGG-1	5
beige.day1_GGTGCGTAGCGTGAGT-1	4
beige.day1_GGTGCGTCAAGTTAAG-1	5
beige.day1_GGTGCGTCACAAGTAA-1	3
beige.day1_GGTGCGTCACCTCGGA-1	5
beige.day1_GGTGCGTCATGCATGT-1	1
beige.day1_GGTGTTACATCGTCGG-1	3
beige.day1_GGTGTTACATTCCTGC-1	3
beige.day1_GGTGTTAGTAATCACC-1	5
beige.day1_GGTGTTAGTGAGGGTT-1	3
beige.day1_GGTGTTAGTTTGTGTG-1	8
beige.day1_GGTGTTATCCAAACTG-1	5
beige.day1_GGTGTTATCCCTAACC-1	7
beige.day1_GTAACGTAGGCATTGG-1	4
beige.day1_GTAACGTCAATAACGA-1	5
beige.day1_GTAACGTCAATCAGAA-1	4
beige.day1_GTAACGTCAGGTCGTC-1	4
beige.day1_GTAACGTGTTAAGTAG-1	5
beige.day1_GTAACGTTCACCGGGT-1	6
beige.day1_GTAACTGAGAGGGATA-1	6
beige.day1_GTAACTGAGCGTTCCG-1	3
beige.day1_GTAACTGCAAAGTCAA-1	5
beige.day1_GTAACTGGTAGCGTAG-1	4
beige.day1_GTAACTGGTGCCTTGG-1	3
beige.day1_GTAACTGTCACCAGGC-1	6
beige.day1_GTAACTGTCCGCGTTT-1	5
beige.day1_GTAACTGTCGGAAATA-1	8
beige.day1_GTACGTAAGCTGCGAA-1	6
beige.day1_GTACGTACAATAAGCA-1	7
beige.day1_GTACGTATCCTGTAGA-1	8
beige.day1_GTACTCCAGGCAGGTT-1	5
beige.day1_GTACTCCAGTACATGA-1	8
beige.day1_GTACTCCCATACTACG-1	5
beige.day1_GTACTCCGTGGCGAAT-1	3
beige.day1_GTACTCCGTTTGTTTC-1	5
beige.day1_GTACTTTCATCTCGCT-1	8
beige.day1_GTACTTTTCAGAGGTG-1	5
beige.day1_GTACTTTTCCATGAAC-1	5
beige.day1_GTACTTTTCTCAACTT-1	6
beige.day1_GTAGGCCAGAATCTCC-1	5
beige.day1_GTAGGCCCATTGCGGC-1	5
beige.day1_GTAGGCCGTAGTAGTA-1	6
beige.day1_GTAGGCCGTCAAAGCG-1	3
beige.day1_GTAGGCCTCGCCAGCA-1	3
beige.day1_GTAGTCAAGTGCGTGA-1	5
beige.day1_GTAGTCACAGTCGTGC-1	5
beige.day1_GTATCTTAGGCATTGG-1	3
beige.day1_GTATCTTCACACTGCG-1	3
beige.day1_GTATCTTCATCTATGG-1	7
beige.day1_GTATCTTGTGATGTCT-1	7
beige.day1_GTATCTTGTTCACGGC-1	1
beige.day1_GTATCTTTCACCATAG-1	4
beige.day1_GTATCTTTCTCCAACC-1	5
beige.day1_GTATTCTCAGAGCCAA-1	4
beige.day1_GTATTCTTCGGCCGAT-1	4
beige.day1_GTCAAGTCAATGGTCT-1	7
beige.day1_GTCAAGTCAGTAACGG-1	3
beige.day1_GTCAAGTGTAAGTAGT-1	5
beige.day1_GTCAAGTTCCCAAGAT-1	5
beige.day1_GTCACAAAGGAATGGA-1	1
beige.day1_GTCACAACACAACTGT-1	6
beige.day1_GTCACAACACAGGAGT-1	7
beige.day1_GTCACAACACCAGGCT-1	5
beige.day1_GTCACAACAGACGTAG-1	7
beige.day1_GTCACAACATGTAAGA-1	3
beige.day1_GTCACAAGTCGAATCT-1	7
beige.day1_GTCACAAGTGTGGCTC-1	5
beige.day1_GTCACAATCACGACTA-1	3
beige.day1_GTCACGGCACAGTCGC-1	7
beige.day1_GTCACGGCACGGCCAT-1	4
beige.day1_GTCACGGGTAGTACCT-1	4
beige.day1_GTCACGGGTATATGGA-1	5
beige.day1_GTCACGGGTTTGTTGG-1	4
beige.day1_GTCACGGTCAATACCG-1	5
beige.day1_GTCACGGTCTGCAGTA-1	5
beige.day1_GTCATTTAGCGTGAAC-1	5
beige.day1_GTCATTTAGGACTGGT-1	3
beige.day1_GTCATTTCAACTGGCC-1	7
beige.day1_GTCCTCAAGGGATGGG-1	4
beige.day1_GTCCTCACAAGTCATC-1	7
beige.day1_GTCCTCACACATGTGT-1	3
beige.day1_GTCGTAAAGACCCACC-1	7
beige.day1_GTCGTAAAGGGTGTGT-1	5
beige.day1_GTCGTAACACCGGAAA-1	5
beige.day1_GTCGTAAGTAAAGTCA-1	3
beige.day1_GTCGTAATCATGCAAC-1	7
beige.day1_GTCGTAATCTGACCTC-1	5
beige.day1_GTCTCGTAGAGGACGG-1	7
beige.day1_GTCTCGTCAAGCTGTT-1	5
beige.day1_GTCTCGTGTGTGGCTC-1	5
beige.day1_GTCTCGTTCAACACGT-1	7
beige.day1_GTCTCGTTCCTTCAAT-1	4
beige.day1_GTCTCGTTCGTTACAG-1	6
beige.day1_GTCTTCGCACTTAAGC-1	3
beige.day1_GTCTTCGCATACTACG-1	5
beige.day1_GTCTTCGCATCACCCT-1	5
beige.day1_GTCTTCGTCCACGACG-1	5
beige.day1_GTCTTCGTCCCAGGTG-1	6
beige.day1_GTGAAGGAGTAGTGCG-1	5
beige.day1_GTGAAGGCAAGTACCT-1	3
beige.day1_GTGAAGGCATCACGAT-1	5
beige.day1_GTGAAGGGTTGAGTTC-1	5
beige.day1_GTGCAGCAGTAGCGGT-1	4
beige.day1_GTGCAGCCACAACGCC-1	4
beige.day1_GTGCAGCCATCGATGT-1	4
beige.day1_GTGCAGCGTCGCCATG-1	5
beige.day1_GTGCAGCTCAACGCTA-1	1
beige.day1_GTGCAGCTCCACGCAG-1	5
beige.day1_GTGCAGCTCCACTCCA-1	6
beige.day1_GTGCAGCTCCTGCCAT-1	5
beige.day1_GTGCAGCTCTTGCCGT-1	5
beige.day1_GTGCATACAGACTCGC-1	3
beige.day1_GTGCATATCAGGTAAA-1	3
beige.day1_GTGCGGTAGTTTCCTT-1	7
beige.day1_GTGCGGTTCGCAAACT-1	7
beige.day1_GTGCGGTTCTTCGGTC-1	5
beige.day1_GTGCTTCAGAGATGAG-1	4
beige.day1_GTGCTTCAGGGAACGG-1	5
beige.day1_GTGCTTCCAGTGGAGT-1	5
beige.day1_GTGCTTCGTCCTAGCG-1	5
beige.day1_GTGCTTCTCCATGCTC-1	4
beige.day1_GTGCTTCTCGATCCCT-1	8
beige.day1_GTGCTTCTCTTGTACT-1	3
beige.day1_GTGGGTCAGCTACCGC-1	8
beige.day1_GTGGGTCAGTGGGCTA-1	3
beige.day1_GTGGGTCCAATCAGAA-1	1
beige.day1_GTGGGTCGTCTACCTC-1	8
beige.day1_GTGGGTCGTGTAATGA-1	1
beige.day1_GTGGGTCTCTTGGGTA-1	5
beige.day1_GTGTGCGAGCGTAATA-1	6
beige.day1_GTGTGCGAGCTGCCCA-1	4
beige.day1_GTGTGCGAGTACATGA-1	3
beige.day1_GTGTGCGCAGAGTGTG-1	4
beige.day1_GTGTGCGCATTGGGCC-1	5
beige.day1_GTGTGCGGTCAGGACA-1	3
beige.day1_GTGTGCGGTCCGAATT-1	4
beige.day1_GTGTGCGTCCACGTTC-1	5
beige.day1_GTGTGCGTCGTAGGAG-1	5
beige.day1_GTGTTAGAGATGGGTC-1	7
beige.day1_GTGTTAGAGTTGTAGA-1	5
beige.day1_GTGTTAGTCACCCTCA-1	5
beige.day1_GTGTTAGTCCTCGCAT-1	3
beige.day1_GTGTTAGTCTAACTCT-1	2
beige.day1_GTTAAGCAGGAGTTGC-1	6
beige.day1_GTTAAGCCAGCGTAAG-1	4
beige.day1_GTTAAGCGTAGAGTGC-1	5
beige.day1_GTTAAGCTCATGTCCC-1	1
beige.day1_GTTAAGCTCCTAGAAC-1	8
beige.day1_GTTACAGAGCTTTGGT-1	4
beige.day1_GTTACAGCATCGGAAG-1	3
beige.day1_GTTACAGCATGGTCAT-1	5
beige.day1_GTTACAGGTGCACGAA-1	7
beige.day1_GTTACAGGTTACTGAC-1	3
beige.day1_GTTACAGTCTGGTTCC-1	4
beige.day1_GTTCATTCAGGTGCCT-1	8
beige.day1_GTTCATTCATCGTCGG-1	8
beige.day1_GTTCATTGTAAAGTCA-1	8
beige.day1_GTTCATTTCACAACGT-1	7
beige.day1_GTTCATTTCGTACGGC-1	3
beige.day1_GTTCGGGTCACAATGC-1	3
beige.day1_GTTCGGGTCATATCGG-1	7
beige.day1_GTTCGGGTCCCTTGTG-1	4
beige.day1_GTTCGGGTCGGCATCG-1	7
beige.day1_GTTCGGGTCTCCCTGA-1	3
beige.day1_GTTCTCGCACAACTGT-1	4
beige.day1_GTTCTCGCAGAGCCAA-1	6
beige.day1_GTTCTCGCATGTCCTC-1	7
beige.day1_GTTCTCGTCATAACCG-1	5
beige.day1_GTTCTCGTCGCAAGCC-1	7
beige.day1_GTTTCTAAGAACAACT-1	4
beige.day1_GTTTCTAAGCCCAATT-1	5
beige.day1_GTTTCTAAGCGCCTTG-1	5
beige.day1_GTTTCTAAGTAATCCC-1	5
beige.day1_GTTTCTAGTCCATGAT-1	7
beige.day1_GTTTCTATCACTTACT-1	8
beige.day1_GTTTCTATCCTGTACC-1	7
beige.day1_GTTTCTATCGAACTGT-1	7
beige.day1_TAAACCGTCGCCGTGA-1	6
beige.day1_TAAGAGAAGAATTGTG-1	5
beige.day1_TAAGAGAAGACCTTTG-1	5
beige.day1_TAAGAGAAGGCGACAT-1	8
beige.day1_TAAGAGAAGTTAAGTG-1	5
beige.day1_TAAGAGACACGGTAGA-1	3
beige.day1_TAAGAGACATGTAAGA-1	3
beige.day1_TAAGAGAGTAATTGGA-1	8
beige.day1_TAAGAGAGTGTGGTTT-1	6
beige.day1_TAAGAGAGTTCCGGCA-1	3
beige.day1_TAAGAGATCTCGTATT-1	5
beige.day1_TAAGCGTAGGAATCGC-1	3
beige.day1_TAAGCGTCAAGTACCT-1	5
beige.day1_TAAGCGTTCGTGGTCG-1	4
beige.day1_TAAGTGCAGAAGAAGC-1	1
beige.day1_TAAGTGCAGAGTAATC-1	7
beige.day1_TAAGTGCCATTCTTAC-1	4
beige.day1_TAAGTGCGTGGGTCAA-1	4
beige.day1_TAAGTGCGTGTTGAGG-1	5
beige.day1_TAAGTGCGTTTGACTG-1	4
beige.day1_TAAGTGCTCGATCCCT-1	1
beige.day1_TACACGAAGCCCAGCT-1	6
beige.day1_TACACGAGTGCCTGCA-1	6
beige.day1_TACACGAGTGCGAAAC-1	6
beige.day1_TACACGATCTCGATGA-1	6
beige.day1_TACAGTGAGGACACCA-1	5
beige.day1_TACAGTGCACCTTGTC-1	5
beige.day1_TACAGTGTCTTGTCAT-1	4
beige.day1_TACCTATCACCGATAT-1	3
beige.day1_TACCTATCATAAGACA-1	5
beige.day1_TACCTATTCGTCCGTT-1	4
beige.day1_TACCTTAAGGCTCAGA-1	7
beige.day1_TACCTTAGTCTTCAAG-1	5
beige.day1_TACCTTATCTCGCTTG-1	3
beige.day1_TACGGATAGCTAACAA-1	6
beige.day1_TACGGATAGTACATGA-1	8
beige.day1_TACGGATCAATAACGA-1	5
beige.day1_TACGGATCACGTGAGA-1	4
beige.day1_TACGGATGTCGATTGT-1	5
beige.day1_TACGGATGTGCACTTA-1	5
beige.day1_TACGGATTCCTATTCA-1	1
beige.day1_TACGGGCAGACAGACC-1	1
beige.day1_TACGGTAAGTACATGA-1	3
beige.day1_TACGGTACAATCTACG-1	5
beige.day1_TACGGTACACAGCCCA-1	3
beige.day1_TACGGTATCCCATTTA-1	5
beige.day1_TACGGTATCCTCCTAG-1	7
beige.day1_TACTCATAGCCTATGT-1	3
beige.day1_TACTCATAGGACACCA-1	5
beige.day1_TACTCATAGTTTGCGT-1	4
beige.day1_TACTCATCACAGGTTT-1	3
beige.day1_TACTCATTCGAATCCA-1	5
beige.day1_TACTCATTCTGTCAAG-1	4
beige.day1_TACTCGCAGATCCCGC-1	4
beige.day1_TACTCGCCATTACCTT-1	6
beige.day1_TACTCGCGTCAAAGAT-1	4
beige.day1_TACTCGCTCCAAGCCG-1	3
beige.day1_TACTTACCAGGTGCCT-1	6
beige.day1_TACTTACGTCTTCTCG-1	6
beige.day1_TACTTACGTGCAGTAG-1	5
beige.day1_TACTTACTCAGTTCGA-1	7
beige.day1_TACTTGTAGACTCGGA-1	5
beige.day1_TACTTGTAGCGAGAAA-1	3
beige.day1_TACTTGTAGGGCTTCC-1	4
beige.day1_TACTTGTCAAACGCGA-1	3
beige.day1_TACTTGTGTACCTACA-1	5
beige.day1_TACTTGTGTTACCAGT-1	7
beige.day1_TACTTGTTCCCTCTTT-1	7
beige.day1_TAGACCAAGATCTGAA-1	4
beige.day1_TAGACCAAGTGAACAT-1	5
beige.day1_TAGACCACATGTCGAT-1	5
beige.day1_TAGACCAGTACCGTTA-1	5
beige.day1_TAGACCAGTCATGCCG-1	5
beige.day1_TAGACCAGTTACGTCA-1	4
beige.day1_TAGACCATCACCATAG-1	3
beige.day1_TAGAGCTAGACTGTAA-1	5
beige.day1_TAGAGCTAGGGTCGAT-1	4
beige.day1_TAGAGCTCAAGCCTAT-1	1
beige.day1_TAGAGCTCACGCGAAA-1	4
beige.day1_TAGAGCTTCAATACCG-1	8
beige.day1_TAGAGCTTCAGAAATG-1	5
beige.day1_TAGAGCTTCTTCGAGA-1	8
beige.day1_TAGCCGGAGAAGGCCT-1	3
beige.day1_TAGCCGGAGATCTGCT-1	5
beige.day1_TAGCCGGAGCTGCGAA-1	7
beige.day1_TAGCCGGAGGCTCTTA-1	3
beige.day1_TAGCCGGTCATCGATG-1	5
beige.day1_TAGCCGGTCCTTGGTC-1	7
beige.day1_TAGGCATAGTCTCAAC-1	8
beige.day1_TAGGCATCAAGGCTCC-1	5
beige.day1_TAGGCATGTGCTTCTC-1	3
beige.day1_TAGGCATTCAAACGGG-1	2
beige.day1_TAGTGGTTCACCGTAA-1	3
beige.day1_TAGTGGTTCCTTCAAT-1	3
beige.day1_TAGTGGTTCGTGGACC-1	5
beige.day1_TAGTTGGAGGTGTGGT-1	3
beige.day1_TAGTTGGCAAGGTTCT-1	4
beige.day1_TATCAGGAGAATTCCC-1	5
beige.day1_TATCAGGCACAACGTT-1	6
beige.day1_TATCAGGCACATTCGA-1	7
beige.day1_TATCAGGCACTCGACG-1	4
beige.day1_TATCAGGCACTTCTGC-1	3
beige.day1_TATCAGGGTCGGCTCA-1	5
beige.day1_TATCAGGGTGTGGTTT-1	3
beige.day1_TATCTCAAGCCGGTAA-1	6
beige.day1_TATCTCACATGCTAGT-1	5
beige.day1_TATCTCAGTTAAAGAC-1	3
beige.day1_TATCTCATCACGGTTA-1	3
beige.day1_TATCTCATCATCATTC-1	5
beige.day1_TATCTCATCCTGCCAT-1	3
beige.day1_TATGCCCAGCGCTTAT-1	3
beige.day1_TATGCCCCACTGTGTA-1	4
beige.day1_TATGCCCGTATCGCAT-1	3
beige.day1_TATGCCCGTATGGTTC-1	5
beige.day1_TATGCCCTCTTCGAGA-1	4
beige.day1_TATTACCCAGGGCATA-1	7
beige.day1_TATTACCCATCCGGGT-1	4
beige.day1_TATTACCTCTTCAACT-1	3
beige.day1_TCAACGAAGATGTGGC-1	5
beige.day1_TCAACGAAGCGATGAC-1	7
beige.day1_TCAACGAAGTTCGCGC-1	8
beige.day1_TCAACGACAGTCACTA-1	4
beige.day1_TCAACGATCATAAAGG-1	3
beige.day1_TCAACGATCTAACTGG-1	6
beige.day1_TCAATCTAGTGGTAGC-1	8
beige.day1_TCAATCTCATGGTTGT-1	5
beige.day1_TCAATCTGTTCATGGT-1	6
beige.day1_TCAATCTTCCGAAGAG-1	3
beige.day1_TCACAAGAGCACACAG-1	5
beige.day1_TCACAAGAGTATTGGA-1	6
beige.day1_TCACAAGAGTGAACAT-1	7
beige.day1_TCACAAGAGTTAACGA-1	3
beige.day1_TCACAAGCAGCTGTGC-1	6
beige.day1_TCACAAGGTCTTCAAG-1	3
beige.day1_TCACGAAAGGTGCAAC-1	5
beige.day1_TCACGAACAAAGGCGT-1	1
beige.day1_TCACGAACAACACGCC-1	7
beige.day1_TCACGAACATGCTGGC-1	3
beige.day1_TCACGAAGTCCAGTTA-1	5
beige.day1_TCACGAATCCTCAACC-1	5
beige.day1_TCAGATGCAGTAACGG-1	8
beige.day1_TCAGATGTCGGTCTAA-1	6
beige.day1_TCAGCAACAAGTTAAG-1	6
beige.day1_TCAGCAATCGTCCGTT-1	4
beige.day1_TCAGCTCAGTTAGCGG-1	7
beige.day1_TCAGCTCCATTAGCCA-1	3
beige.day1_TCAGCTCGTCCGAACC-1	3
beige.day1_TCAGCTCGTCTGATCA-1	4
beige.day1_TCAGGATAGAACTGTA-1	3
beige.day1_TCAGGATAGGGATGGG-1	8
beige.day1_TCAGGATAGTCATGCT-1	7
beige.day1_TCAGGATCAGATGAGC-1	6
beige.day1_TCAGGATCATATGAGA-1	8
beige.day1_TCAGGATCATATGGTC-1	5
beige.day1_TCAGGATTCCCTTGCA-1	8
beige.day1_TCAGGATTCGAGAGCA-1	3
beige.day1_TCAGGATTCGGACAAG-1	4
beige.day1_TCAGGTAAGAAGGGTA-1	4
beige.day1_TCAGGTAAGCGTGAAC-1	9
beige.day1_TCAGGTAAGCTGCAAG-1	3
beige.day1_TCAGGTAAGTAGCCGA-1	3
beige.day1_TCAGGTAAGTGCCATT-1	3
beige.day1_TCAGGTACATTCTTAC-1	4
beige.day1_TCAGGTAGTCAACTGT-1	5
beige.day1_TCAGGTAGTGCGGTAA-1	5
beige.day1_TCAGGTATCCACGCAG-1	4
beige.day1_TCATTACCACTGTCGG-1	4
beige.day1_TCATTACCAGCCAGAA-1	4
beige.day1_TCATTACTCAAGATCC-1	5
beige.day1_TCATTTGAGAAACGCC-1	1
beige.day1_TCATTTGAGCTAACTC-1	1
beige.day1_TCATTTGCAGGTTTCA-1	7
beige.day1_TCATTTGCATTGGTAC-1	6
beige.day1_TCATTTGTCAACACAC-1	4
beige.day1_TCCACACAGTCCAGGA-1	5
beige.day1_TCCACACAGTGCCAGA-1	2
beige.day1_TCCACACCATGTCGAT-1	4
beige.day1_TCCCGATAGGTGCACA-1	4
beige.day1_TCCCGATCAATGGAAT-1	4
beige.day1_TCCCGATCAGATTGCT-1	7
beige.day1_TCCCGATGTGTATGGG-1	8
beige.day1_TCCCGATTCATGTGGT-1	7
beige.day1_TCCCGATTCGCCAAAT-1	8
beige.day1_TCGAGGCAGGTGTTAA-1	5
beige.day1_TCGAGGCCACCGAATT-1	3
beige.day1_TCGAGGCCACGAAACG-1	1
beige.day1_TCGAGGCGTCGCGAAA-1	7
beige.day1_TCGCGAGGTGAGGGTT-1	5
beige.day1_TCGCGAGTCACGAAGG-1	4
beige.day1_TCGCGAGTCGCATGAT-1	5
beige.day1_TCGCGTTAGCTAAACA-1	3
beige.day1_TCGCGTTGTACAGTTC-1	3
beige.day1_TCGCGTTGTCAAGCGA-1	4
beige.day1_TCGGGACGTCAATACC-1	6
beige.day1_TCGGTAACAATGGATA-1	3
beige.day1_TCGGTAACAGATAATG-1	6
beige.day1_TCGGTAACAGGTCCAC-1	7
beige.day1_TCGGTAATCTCTGCTG-1	7
beige.day1_TCGGTAATCTGCTGCT-1	3
beige.day1_TCGTACCCAACGATCT-1	7
beige.day1_TCGTACCCACGGCTAC-1	4
beige.day1_TCGTACCTCGTGGTCG-1	4
beige.day1_TCGTAGAAGCTGTCTA-1	5
beige.day1_TCGTAGACAAGGACAC-1	4
beige.day1_TCGTAGACATCGTCGG-1	7
beige.day1_TCGTAGATCCAGTAGT-1	5
beige.day1_TCGTAGATCTCTGTCG-1	5
beige.day1_TCGTAGATCTGGCGAC-1	4
beige.day1_TCTATTGAGTAGTGCG-1	4
beige.day1_TCTATTGAGTCAAGGC-1	7
beige.day1_TCTCATACACAACGTT-1	5
beige.day1_TCTCATACATGGATGG-1	7
beige.day1_TCTCATATCCCAAGTA-1	5
beige.day1_TCTCTAACAATCTACG-1	5
beige.day1_TCTCTAAGTATTCGTG-1	3
beige.day1_TCTCTAAGTCTCTCTG-1	5
beige.day1_TCTCTAATCATCGCTC-1	4
beige.day1_TCTCTAATCGCTGATA-1	3
beige.day1_TCTGAGAAGTCCCACG-1	1
beige.day1_TCTGAGACACAAGTAA-1	4
beige.day1_TCTGAGAGTGTATGGG-1	4
beige.day1_TCTGGAAAGCACGCCT-1	5
beige.day1_TCTGGAAAGGCAGGTT-1	7
beige.day1_TCTGGAAAGGCCATAG-1	3
beige.day1_TCTGGAACAAGCCTAT-1	5
beige.day1_TCTGGAACATCTATGG-1	4
beige.day1_TCTGGAACATGACGGA-1	1
beige.day1_TCTTCGGAGCTAGGCA-1	1
beige.day1_TCTTCGGCAAACTGCT-1	4
beige.day1_TCTTCGGCAGATCTGT-1	6
beige.day1_TCTTCGGGTTGCCTCT-1	5
beige.day1_TCTTCGGTCATTTGGG-1	5
beige.day1_TCTTCGGTCCGGGTGT-1	6
beige.day1_TCTTCGGTCTACTATC-1	5
beige.day1_TCTTTCCCAATCTGCA-1	4
beige.day1_TCTTTCCGTATAGGTA-1	3
beige.day1_TCTTTCCGTCACAAGG-1	5
beige.day1_TGAAAGACAAAGGAAG-1	1
beige.day1_TGAAAGACAATAACGA-1	7
beige.day1_TGAAAGATCTAACTCT-1	2
beige.day1_TGACAACAGCGTCAAG-1	3
beige.day1_TGACAACCATTGAGCT-1	5
beige.day1_TGACAACGTAGCTAAA-1	4
beige.day1_TGACAACGTCAGTGGA-1	6
beige.day1_TGACAACTCATAACCG-1	7
beige.day1_TGACGGCAGGGTCTCC-1	7
beige.day1_TGACGGCTCCTTAATC-1	3
beige.day1_TGACTAGAGGATGCGT-1	5
beige.day1_TGACTAGAGTTAACGA-1	4
beige.day1_TGACTAGCAGATAATG-1	4
beige.day1_TGACTAGCAGCCAATT-1	3
beige.day1_TGACTAGTCTCAACTT-1	1
beige.day1_TGACTTTAGCGTCAAG-1	3
beige.day1_TGACTTTCATCTGGTA-1	4
beige.day1_TGACTTTTCTAGCACA-1	3
beige.day1_TGACTTTTCTGCAGTA-1	5
beige.day1_TGAGAGGAGCACACAG-1	3
beige.day1_TGAGAGGAGCCAGTTT-1	3
beige.day1_TGAGAGGCAACACGCC-1	5
beige.day1_TGAGCATAGATCACGG-1	5
beige.day1_TGAGCATAGCCCTAAT-1	5
beige.day1_TGAGCATGTTCCACGG-1	5
beige.day1_TGAGCATTCACTATTC-1	5
beige.day1_TGAGCCGAGGATGGAA-1	7
beige.day1_TGAGCCGGTAGCGTAG-1	6
beige.day1_TGAGCCGGTCGTCTTC-1	4
beige.day1_TGAGCCGTCATAAAGG-1	7
beige.day1_TGAGCCGTCCATGCTC-1	3
beige.day1_TGAGCCGTCTCTTATG-1	5
beige.day1_TGAGGGAAGCGTAGTG-1	7
beige.day1_TGAGGGAAGGGTGTTG-1	5
beige.day1_TGAGGGACACGTCAGC-1	6
beige.day1_TGAGGGAGTACACCGC-1	5
beige.day1_TGAGGGATCTCCTATA-1	7
beige.day1_TGATTTCAGCGATAGC-1	4
beige.day1_TGATTTCCAGACGCCT-1	4
beige.day1_TGATTTCCAGCCAATT-1	3
beige.day1_TGATTTCTCCTTAATC-1	5
beige.day1_TGATTTCTCGGATGGA-1	3
beige.day1_TGCACCTAGCGTGTCC-1	5
beige.day1_TGCACCTCATGGAATA-1	5
beige.day1_TGCACCTGTCTCTTAT-1	4
beige.day1_TGCACCTTCTTATCTG-1	7
beige.day1_TGCCAAAAGCTAACTC-1	8
beige.day1_TGCCAAACACAGGAGT-1	5
beige.day1_TGCCAAACAGCTCGAC-1	4
beige.day1_TGCCAAATCCATGAAC-1	8
beige.day1_TGCCAAATCTACCAGA-1	3
beige.day1_TGCCCATCAGGCTGAA-1	6
beige.day1_TGCCCATGTATTAGCC-1	3
beige.day1_TGCCCATGTTTGACAC-1	5
beige.day1_TGCCCATTCTCAAACG-1	7
beige.day1_TGCCCTAAGACAGGCT-1	5
beige.day1_TGCCCTACAAGGTGTG-1	5
beige.day1_TGCCCTACATATGCTG-1	3
beige.day1_TGCCCTAGTACTTGAC-1	1
beige.day1_TGCCCTAGTTGAGGTG-1	3
beige.day1_TGCCCTATCCAGAAGG-1	2
beige.day1_TGCCCTATCTCTTATG-1	5
beige.day1_TGCGCAGCAGCTGTTA-1	3
beige.day1_TGCGCAGGTATGAATG-1	3
beige.day1_TGCGCAGTCCCGACTT-1	8
beige.day1_TGCGCAGTCCGTCAAA-1	7
beige.day1_TGCGGGTAGATGCGAC-1	7
beige.day1_TGCGGGTAGCACGCCT-1	4
beige.day1_TGCGGGTAGGCCCGTT-1	3
beige.day1_TGCGGGTAGTCGCCGT-1	6
beige.day1_TGCGGGTGTAAATGAC-1	5
beige.day1_TGCGTGGAGCCCAACC-1	7
beige.day1_TGCGTGGAGGTCGGAT-1	3
beige.day1_TGCGTGGCATTCGACA-1	3
beige.day1_TGCGTGGGTACGACCC-1	8
beige.day1_TGCGTGGGTCAAGCGA-1	4
beige.day1_TGCGTGGTCCAAGCCG-1	3
beige.day1_TGCGTGGTCTAGCACA-1	5
beige.day1_TGCTACCAGTAGATGT-1	4
beige.day1_TGCTACCAGTCAAGCG-1	6
beige.day1_TGCTACCCAGGTGCCT-1	3
beige.day1_TGCTACCCATATACGC-1	5
beige.day1_TGCTACCGTCTCTTTA-1	5
beige.day1_TGCTACCGTCTTGTCC-1	4
beige.day1_TGCTACCTCAGCCTAA-1	4
beige.day1_TGCTGCTAGGCATTGG-1	3
beige.day1_TGCTGCTAGTACGCCC-1	3
beige.day1_TGCTGCTAGTAGATGT-1	3
beige.day1_TGCTGCTCACCGAAAG-1	4
beige.day1_TGCTGCTCACCGCTAG-1	3
beige.day1_TGCTGCTGTAGTACCT-1	7
beige.day1_TGCTGCTGTCCGAAGA-1	5
beige.day1_TGCTGCTTCCAAGCCG-1	5
beige.day1_TGGACGCAGAATAGGG-1	6
beige.day1_TGGACGCAGGGTGTGT-1	3
beige.day1_TGGACGCCAAATTGCC-1	5
beige.day1_TGGACGCCATCAGTAC-1	4
beige.day1_TGGACGCTCAAGATCC-1	3
beige.day1_TGGACGCTCAAGGCTT-1	3
beige.day1_TGGACGCTCAGCCTAA-1	5
beige.day1_TGGACGCTCCACTGGG-1	4
beige.day1_TGGACGCTCGGACAAG-1	7
beige.day1_TGGACGCTCGTACGGC-1	3
beige.day1_TGGCCAGAGCCCAATT-1	7
beige.day1_TGGCCAGCAAAGTGCG-1	5
beige.day1_TGGCCAGCAGTGGAGT-1	8
beige.day1_TGGCGCATCAGAGGTG-1	8
beige.day1_TGGCGCATCCTCCTAG-1	3
beige.day1_TGGCTGGAGTGGGATC-1	3
beige.day1_TGGCTGGCAAGGTTTC-1	5
beige.day1_TGGCTGGCAGCGAACA-1	3
beige.day1_TGGCTGGCATCCCATC-1	1
beige.day1_TGGCTGGGTAATCACC-1	4
beige.day1_TGGCTGGGTACAGTTC-1	3
beige.day1_TGGCTGGGTAGAGGAA-1	5
beige.day1_TGGCTGGGTCCCTTGT-1	5
beige.day1_TGGCTGGTCGTCACGG-1	3
beige.day1_TGGCTGGTCGTTACAG-1	5
beige.day1_TGGGAAGAGGAGCGAG-1	7
beige.day1_TGGGAAGAGGCTAGGT-1	5
beige.day1_TGGGAAGAGGTGCTAG-1	5
beige.day1_TGGGAAGGTAGCGTGA-1	3
beige.day1_TGGGAAGGTTGGTGGA-1	3
beige.day1_TGGGAAGTCATATCGG-1	7
beige.day1_TGGGAAGTCTTGTACT-1	8
beige.day1_TGGGCGTCATCAGTCA-1	5
beige.day1_TGGGCGTCATGGTCTA-1	5
beige.day1_TGGGCGTGTCGCGAAA-1	8
beige.day1_TGGGCGTGTTATGTGC-1	3
beige.day1_TGGGCGTTCTCCCTGA-1	8
beige.day1_TGGGCGTTCTCGATGA-1	5
beige.day1_TGGTTAGGTTACAGAA-1	5
beige.day1_TGGTTAGGTTGCGTTA-1	1
beige.day1_TGGTTCCCACAACGTT-1	3
beige.day1_TGGTTCCGTCCGACGT-1	3
beige.day1_TGTATTCAGGCCGAAT-1	5
beige.day1_TGTATTCGTCCAACTA-1	4
beige.day1_TGTATTCTCCTATGTT-1	3
beige.day1_TGTATTCTCGGAGCAA-1	5
beige.day1_TGTATTCTCTAACCGA-1	8
beige.day1_TGTCCCAAGAGCCTAG-1	7
beige.day1_TGTCCCAAGATGCCAG-1	4
beige.day1_TGTCCCAAGGATGCGT-1	3
beige.day1_TGTCCCAAGTTGTAGA-1	6
beige.day1_TGTCCCACACATGACT-1	6
beige.day1_TGTCCCACACGGTAAG-1	5
beige.day1_TGTCCCATCCGCATAA-1	1
beige.day1_TGTCCCATCTTGAGAC-1	5
beige.day1_TGTGGTAAGCAATATG-1	8
beige.day1_TGTGGTAAGCTGCGAA-1	3
beige.day1_TGTGGTATCGCCCTTA-1	7
beige.day1_TGTGGTATCTGAAAGA-1	7
beige.day1_TGTGTTTAGATATACG-1	3
beige.day1_TGTGTTTAGCTGCGAA-1	5
beige.day1_TGTGTTTAGGGTGTTG-1	4
beige.day1_TGTGTTTCAAACTGCT-1	3
beige.day1_TGTGTTTGTCTAGTGT-1	5
beige.day1_TGTGTTTGTCTCCATC-1	3
beige.day1_TGTGTTTTCCACTCCA-1	6
beige.day1_TGTGTTTTCCAGATCA-1	7
beige.day1_TGTGTTTTCGCATGAT-1	4
beige.day1_TGTGTTTTCGCTTGTC-1	4
beige.day1_TGTTCCGGTCCATCCT-1	5
beige.day1_TGTTCCGGTCCCGACA-1	7
beige.day1_TGTTCCGGTGAAATCA-1	7
beige.day1_TTAACTCAGGGATCTG-1	4
beige.day1_TTAACTCCAATTGCTG-1	4
beige.day1_TTAACTCGTACATCCA-1	7
beige.day1_TTAACTCGTTCACGGC-1	5
beige.day1_TTAACTCGTTGATTGC-1	5
beige.day1_TTAACTCTCACGGTTA-1	5
beige.day1_TTAACTCTCATGTGGT-1	4
beige.day1_TTAACTCTCCAAATGC-1	3
beige.day1_TTAGGACAGCATGGCA-1	5
beige.day1_TTAGGACAGCCAGTTT-1	7
beige.day1_TTAGGACAGCCCAACC-1	7
beige.day1_TTAGGACAGCTAGTCT-1	7
beige.day1_TTAGGACCAGGTGGAT-1	5
beige.day1_TTAGGACGTGAAGGCT-1	3
beige.day1_TTAGGCAAGAAGGTTT-1	3
beige.day1_TTAGGCAAGATGCCAG-1	6
beige.day1_TTAGGCAGTACTTGAC-1	6
beige.day1_TTAGGCAGTTAAAGTG-1	7
beige.day1_TTAGGCATCACTCTTA-1	7
beige.day1_TTAGTTCAGATGTGGC-1	3
beige.day1_TTAGTTCCAAGAAGAG-1	5
beige.day1_TTAGTTCTCCTTAATC-1	7
beige.day1_TTATGCTCACCAACCG-1	5
beige.day1_TTATGCTTCTTGTTTG-1	3
beige.day1_TTCCCAGAGCTACCGC-1	3
beige.day1_TTCCCAGAGTCACGCC-1	4
beige.day1_TTCCCAGCAGACAAAT-1	4
beige.day1_TTCCCAGGTAGGGACT-1	3
beige.day1_TTCGAAGAGCAGCGTA-1	5
beige.day1_TTCGAAGAGGTACTCT-1	3
beige.day1_TTCGAAGAGTATGACA-1	5
beige.day1_TTCGAAGCAGGTCTCG-1	5
beige.day1_TTCGAAGGTAGGGTAC-1	6
beige.day1_TTCGAAGGTCTGCAAT-1	5
beige.day1_TTCGAAGGTTGCGTTA-1	7
beige.day1_TTCGAAGTCCGCGGTA-1	8
beige.day1_TTCGAAGTCGTATCAG-1	5
beige.day1_TTCGGTCGTAAATACG-1	2
beige.day1_TTCGGTCGTGTCGCTG-1	3
beige.day1_TTCGGTCGTTCACGGC-1	5
beige.day1_TTCGGTCTCTTGTTTG-1	7
beige.day1_TTCTACAAGCGATAGC-1	3
beige.day1_TTCTACACAATGAATG-1	6
beige.day1_TTCTACACAGACAGGT-1	5
beige.day1_TTCTACAGTAGCTTGT-1	3
beige.day1_TTCTACAGTCTCTCGT-1	5
beige.day1_TTCTACAGTTATCCGA-1	4
beige.day1_TTCTCAAAGACTAGAT-1	2
beige.day1_TTCTCAAAGAGCCCAA-1	7
beige.day1_TTCTCAAAGCTACCTA-1	5
beige.day1_TTCTCAAAGGTGCTAG-1	4
beige.day1_TTCTCAACATGCCACG-1	4
beige.day1_TTCTCCTAGGCAATTA-1	1
beige.day1_TTCTCCTGTGCTGTAT-1	5
beige.day1_TTCTCCTGTGGGTCAA-1	4
beige.day1_TTCTCCTTCGCGTTTC-1	5
beige.day1_TTCTTAGAGTTAGCGG-1	3
beige.day1_TTCTTAGCACATCCGG-1	5
beige.day1_TTCTTAGCATGTCCTC-1	4
beige.day1_TTCTTAGGTAATCACC-1	5
beige.day1_TTCTTAGTCATCGCTC-1	7
beige.day1_TTGAACGAGATCCCGC-1	1
beige.day1_TTGAACGAGGCTCAGA-1	4
beige.day1_TTGAACGAGGGTCTCC-1	7
beige.day1_TTGAACGAGTGTTTGC-1	7
beige.day1_TTGAACGCATACGCTA-1	5
beige.day1_TTGAACGGTCAGGACA-1	7
beige.day1_TTGACTTCATTCCTGC-1	5
beige.day1_TTGACTTTCCCATTTA-1	5
beige.day1_TTGACTTTCGCGTTTC-1	4
beige.day1_TTGCCGTCACTGTCGG-1	6
beige.day1_TTGCCGTCATGCAATC-1	4
beige.day1_TTGCCGTCATTTCAGG-1	5
beige.day1_TTGCCGTTCAGTTCGA-1	5
beige.day1_TTGCGTCAGGCATTGG-1	4
beige.day1_TTGCGTCCAACTGCTA-1	7
beige.day1_TTGCGTCCACATTTCT-1	5
beige.day1_TTGCGTCCACGCGAAA-1	3
beige.day1_TTGCGTCCATTCTCAT-1	5
beige.day1_TTGCGTCTCCAAACTG-1	8
beige.day1_TTGCGTCTCGTATCAG-1	2
beige.day1_TTGGAACAGACTAGGC-1	4
beige.day1_TTGGAACAGACTCGGA-1	1
beige.day1_TTGGAACAGGTGCTAG-1	5
beige.day1_TTGGAACAGTGCCATT-1	3
beige.day1_TTGGAACAGTTCGATC-1	5
beige.day1_TTGGAACCAAGCGTAG-1	1
beige.day1_TTGGAACCACAACGTT-1	3
beige.day1_TTGGAACCAGTCCTTC-1	5
beige.day1_TTGGAACTCACTCTTA-1	7
beige.day1_TTGGAACTCCGAGCCA-1	5
beige.day1_TTGGAACTCGCTTAGA-1	3
beige.day1_TTGGCAAAGCTGAACG-1	5
beige.day1_TTGGCAACACCTGGTG-1	3
beige.day1_TTGGCAAGTTGGTTTG-1	7
beige.day1_TTGGCAATCACTTATC-1	7
beige.day1_TTGGCAATCAGCCTAA-1	4
beige.day1_TTGGCAATCGCAAGCC-1	4
beige.day1_TTGGCAATCTATCCTA-1	7
beige.day1_TTGTAGGAGACCCACC-1	3
beige.day1_TTGTAGGCAGGCTCAC-1	6
beige.day1_TTGTAGGGTGGCAAAC-1	5
beige.day1_TTGTAGGTCTATCCCG-1	7
beige.day1_TTGTAGGTCTCTGCTG-1	5
beige.day1_TTGTAGGTCTGGTTCC-1	4
beige.day1_TTTACTGAGAACTCGG-1	5
beige.day1_TTTACTGAGTTACCCA-1	4
beige.day1_TTTACTGCAAAGGTGC-1	4
beige.day1_TTTACTGGTCACCCAG-1	1
beige.day1_TTTACTGGTCCGAGTC-1	4
beige.day1_TTTATGCAGAAGGTTT-1	3
beige.day1_TTTATGCAGAGGACGG-1	4
beige.day1_TTTATGCAGTCGCCGT-1	4
beige.day1_TTTATGCCACATTAGC-1	4
beige.day1_TTTATGCGTACAGTGG-1	5
beige.day1_TTTATGCTCCACGCAG-1	5
beige.day1_TTTATGCTCCCGGATG-1	8
beige.day1_TTTCCTCAGCCAGTTT-1	3
beige.day1_TTTCCTCAGGCGCTCT-1	5
beige.day1_TTTCCTCGTGTGCCTG-1	4
beige.day1_TTTGCGCGTAAGTGGC-1	5
beige.day1_TTTGCGCTCCAGTAGT-1	7
beige.day1_TTTGGTTAGACTAGAT-1	3
beige.day1_TTTGGTTAGGACACCA-1	4
beige.day1_TTTGGTTAGGTTCCTA-1	6
beige.day1_TTTGGTTCAACTGCTA-1	3
beige.day1_TTTGGTTCACTGTCGG-1	4
beige.day1_TTTGGTTCATGTTGAC-1	5
beige.day1_TTTGGTTGTACTCTCC-1	5
beige.day1_TTTGGTTTCCTCATTA-1	4
beige.day1_TTTGTCAAGAGCTGGT-1	8
beige.day1_TTTGTCAAGCACAGGT-1	7
beige.day1_TTTGTCAAGCGGCTTC-1	3
beige.day1_TTTGTCACATGTCGAT-1	5
beige.day1_TTTGTCACATTGTGCA-1	3
beige.day1_TTTGTCAGTAATCGTC-1	5
beige.day1_TTTGTCAGTTATCACG-1	3
beige.day3_AAACCTGAGAACTGTA-1	9
beige.day3_AAACCTGAGACATAAC-1	11
beige.day3_AAACCTGAGAGGACGG-1	9
beige.day3_AAACCTGAGAGGTTAT-1	8
beige.day3_AAACCTGAGCCACTAT-1	10
beige.day3_AAACCTGAGCTAGCCC-1	12
beige.day3_AAACCTGAGTTCGCGC-1	9
beige.day3_AAACCTGCAAGTAATG-1	10
beige.day3_AAACCTGCAATAGAGT-1	11
beige.day3_AAACCTGCATTGAGCT-1	7
beige.day3_AAACCTGGTACCGGCT-1	12
beige.day3_AAACCTGGTCCCTTGT-1	9
beige.day3_AAACCTGGTGACTCAT-1	11
beige.day3_AAACCTGGTTAAGAAC-1	10
beige.day3_AAACCTGTCCCTTGCA-1	12
beige.day3_AAACCTGTCCGGCACA-1	12
beige.day3_AAACCTGTCGAATCCA-1	9
beige.day3_AAACCTGTCTATCCTA-1	11
beige.day3_AAACCTGTCTGTACGA-1	7
beige.day3_AAACCTGTCTTGAGAC-1	7
beige.day3_AAACGGGAGACTAGAT-1	12
beige.day3_AAACGGGAGCGATGAC-1	8
beige.day3_AAACGGGAGCGGATCA-1	9
beige.day3_AAACGGGAGTAATCCC-1	7
beige.day3_AAACGGGCACAACGCC-1	6
beige.day3_AAACGGGCACAACTGT-1	8
beige.day3_AAACGGGCACTGTCGG-1	8
beige.day3_AAACGGGCATCCTTGC-1	7
beige.day3_AAACGGGGTCATATGC-1	9
beige.day3_AAACGGGGTGTGGTTT-1	8
beige.day3_AAACGGGGTTCACCTC-1	9
beige.day3_AAACGGGGTTCCATGA-1	12
beige.day3_AAACGGGTCGAACGGA-1	8
beige.day3_AAACGGGTCTCTGAGA-1	12
beige.day3_AAAGATGAGACCGGAT-1	12
beige.day3_AAAGATGAGACTTTCG-1	12
beige.day3_AAAGATGAGATCCCAT-1	3
beige.day3_AAAGATGAGGCGCTCT-1	8
beige.day3_AAAGATGAGTAGGTGC-1	8
beige.day3_AAAGATGAGTAGTGCG-1	8
beige.day3_AAAGATGAGTGAATTG-1	12
beige.day3_AAAGATGCAAGCGATG-1	12
beige.day3_AAAGATGCAATAAGCA-1	8
beige.day3_AAAGATGCACAACGTT-1	9
beige.day3_AAAGATGCACATGACT-1	9
beige.day3_AAAGATGCAGACAAAT-1	12
beige.day3_AAAGATGCAGACGCCT-1	8
beige.day3_AAAGATGCAGATCGGA-1	8
beige.day3_AAAGATGCATAGACTC-1	10
beige.day3_AAAGATGCATCACCCT-1	11
beige.day3_AAAGATGGTCAGAGGT-1	11
beige.day3_AAAGATGGTCTCTCTG-1	10
beige.day3_AAAGATGGTGACGGTA-1	10
beige.day3_AAAGATGGTGGTGTAG-1	11
beige.day3_AAAGATGTCCGATATG-1	12
beige.day3_AAAGATGTCCTGCCAT-1	8
beige.day3_AAAGATGTCCTTTCGG-1	11
beige.day3_AAAGCAAAGAAGGACA-1	8
beige.day3_AAAGCAAAGAATGTGT-1	8
beige.day3_AAAGCAAAGATATGGT-1	11
beige.day3_AAAGCAAAGCGTTTAC-1	12
beige.day3_AAAGCAAAGCTATGCT-1	12
beige.day3_AAAGCAAAGCTTATCG-1	7
beige.day3_AAAGCAAAGGTAGCCA-1	8
beige.day3_AAAGCAAAGGTGCTAG-1	6
beige.day3_AAAGCAAAGTCCGTAT-1	12
beige.day3_AAAGCAACAAACGTGG-1	12
beige.day3_AAAGCAACAGTCTTCC-1	9
beige.day3_AAAGCAACAGTGGAGT-1	12
beige.day3_AAAGCAACATACAGCT-1	8
beige.day3_AAAGCAACATCCTAGA-1	8
beige.day3_AAAGCAAGTACAAGTA-1	8
beige.day3_AAAGCAAGTATTAGCC-1	7
beige.day3_AAAGCAAGTCTGCAAT-1	8
beige.day3_AAAGCAAGTGCTGTAT-1	12
beige.day3_AAAGCAATCAAACCGT-1	12
beige.day3_AAAGCAATCCATGAGT-1	8
beige.day3_AAAGCAATCCCTCTTT-1	12
beige.day3_AAAGCAATCCGAATGT-1	8
beige.day3_AAAGCAATCCGCATAA-1	8
beige.day3_AAAGCAATCCTTGCCA-1	8
beige.day3_AAAGCAATCGGAAATA-1	8
beige.day3_AAAGCAATCTCCTATA-1	10
beige.day3_AAAGTAGAGAAACGAG-1	8
beige.day3_AAAGTAGAGAGAGCTC-1	7
beige.day3_AAAGTAGAGCCCGAAA-1	11
beige.day3_AAAGTAGAGCGCTCCA-1	11
beige.day3_AAAGTAGAGGATGGAA-1	12
beige.day3_AAAGTAGAGGCGATAC-1	11
beige.day3_AAAGTAGAGTGCCAGA-1	12
beige.day3_AAAGTAGCAACTGCGC-1	6
beige.day3_AAAGTAGCACTTCTGC-1	8
beige.day3_AAAGTAGGTAAGAGGA-1	8
beige.day3_AAAGTAGGTAAGTGTA-1	8
beige.day3_AAAGTAGGTATGGTTC-1	9
beige.day3_AAAGTAGGTCGAAAGC-1	8
beige.day3_AAAGTAGGTCGACTAT-1	8
beige.day3_AAAGTAGGTTAAGAAC-1	9
beige.day3_AAAGTAGTCACATACG-1	10
beige.day3_AAAGTAGTCATTGCGA-1	12
beige.day3_AAAGTAGTCCTGCCAT-1	8
beige.day3_AAAGTAGTCGAACGGA-1	7
beige.day3_AAAGTAGTCGAATCCA-1	8
beige.day3_AAAGTAGTCGGAATCT-1	11
beige.day3_AAAGTAGTCGGCGCTA-1	11
beige.day3_AAAGTAGTCTCTGCTG-1	9
beige.day3_AAAGTAGTCTGTGCAA-1	11
beige.day3_AAATGCCAGACAAAGG-1	11
beige.day3_AAATGCCAGCACCGCT-1	8
beige.day3_AAATGCCAGGGCTCTC-1	11
beige.day3_AAATGCCAGTCTCCTC-1	9
beige.day3_AAATGCCAGTGTACGG-1	12
beige.day3_AAATGCCAGTGTTGAA-1	8
beige.day3_AAATGCCCAACTGCTA-1	10
beige.day3_AAATGCCCACATCCAA-1	9
beige.day3_AAATGCCCATCACAAC-1	11
beige.day3_AAATGCCGTCAGTGGA-1	9
beige.day3_AAATGCCGTCCTGCTT-1	12
beige.day3_AAATGCCGTCTGATCA-1	8
beige.day3_AAATGCCGTGAGTGAC-1	9
beige.day3_AAATGCCGTGCAACTT-1	8
beige.day3_AAATGCCGTGTCGCTG-1	7
beige.day3_AAATGCCGTTTCGCTC-1	8
beige.day3_AAATGCCTCACCTCGT-1	5
beige.day3_AAATGCCTCAGTACGT-1	8
beige.day3_AAATGCCTCCGCATCT-1	8
beige.day3_AAATGCCTCCTTCAAT-1	9
beige.day3_AAATGCCTCGTTACAG-1	7
beige.day3_AAATGCCTCTTTCCTC-1	11
beige.day3_AACACGTAGGACGAAA-1	12
beige.day3_AACACGTAGTAATCCC-1	12
beige.day3_AACACGTAGTGACTCT-1	10
beige.day3_AACACGTAGTGCCAGA-1	7
beige.day3_AACACGTCAATCGGTT-1	11
beige.day3_AACACGTCACAGGTTT-1	7
beige.day3_AACACGTCACATTTCT-1	11
beige.day3_AACACGTCAGCGAACA-1	10
beige.day3_AACACGTCATACAGCT-1	12
beige.day3_AACACGTGTAAGAGAG-1	9
beige.day3_AACACGTGTACTTCTT-1	11
beige.day3_AACACGTGTCCGTCAG-1	8
beige.day3_AACACGTGTGTGAAAT-1	8
beige.day3_AACACGTTCAGAGCTT-1	8
beige.day3_AACACGTTCATCGATG-1	8
beige.day3_AACACGTTCGGAGCAA-1	11
beige.day3_AACACGTTCTGCGACG-1	8
beige.day3_AACCATGAGAGACTAT-1	7
beige.day3_AACCATGAGAGCCCAA-1	8
beige.day3_AACCATGAGCACCGCT-1	9
beige.day3_AACCATGCAAAGTCAA-1	10
beige.day3_AACCATGCAGACAAGC-1	12
beige.day3_AACCATGCAGCTGCAC-1	12
beige.day3_AACCATGCATACGCTA-1	9
beige.day3_AACCATGCATGCCTTC-1	12
beige.day3_AACCATGGTGACGCCT-1	12
beige.day3_AACCATGTCCATGAGT-1	8
beige.day3_AACCATGTCCTTGCCA-1	8
beige.day3_AACCATGTCTTTACAC-1	10
beige.day3_AACCGCGAGAATGTGT-1	7
beige.day3_AACCGCGAGCCGTCGT-1	8
beige.day3_AACCGCGAGCTGATAA-1	8
beige.day3_AACCGCGAGGACATTA-1	7
beige.day3_AACCGCGAGTGCTGCC-1	9
beige.day3_AACCGCGCAGGGTATG-1	8
beige.day3_AACCGCGCAGTAGAGC-1	8
beige.day3_AACCGCGCATCCAACA-1	6
beige.day3_AACCGCGGTGTCAATC-1	8
beige.day3_AACCGCGGTGTGTGCC-1	5
beige.day3_AACCGCGGTTCCCGAG-1	7
beige.day3_AACCGCGGTTCTGAAC-1	8
beige.day3_AACCGCGGTTTAGCTG-1	8
beige.day3_AACCGCGTCAAACCGT-1	12
beige.day3_AACCGCGTCCCGGATG-1	8
beige.day3_AACCGCGTCCTGCCAT-1	10
beige.day3_AACCGCGTCGAACTGT-1	11
beige.day3_AACCGCGTCTAACGGT-1	8
beige.day3_AACCGCGTCTGTCTAT-1	11
beige.day3_AACGTTGAGGAGTTGC-1	9
beige.day3_AACGTTGAGTCTCAAC-1	11
beige.day3_AACGTTGCACATAACC-1	9
beige.day3_AACGTTGCACGAGGTA-1	12
beige.day3_AACGTTGCACGGATAG-1	9
beige.day3_AACGTTGCACTGTTAG-1	8
beige.day3_AACGTTGCAGACAAAT-1	7
beige.day3_AACGTTGCATCGGTTA-1	8
beige.day3_AACGTTGGTACATCCA-1	9
beige.day3_AACGTTGGTATCTGCA-1	8
beige.day3_AACGTTGGTCCGAAGA-1	8
beige.day3_AACGTTGGTCCTAGCG-1	8
beige.day3_AACGTTGGTCTCACCT-1	6
beige.day3_AACGTTGGTGACGCCT-1	8
beige.day3_AACGTTGGTGTATGGG-1	9
beige.day3_AACGTTGGTTACCAGT-1	8
beige.day3_AACGTTGTCACTCTTA-1	8
beige.day3_AACGTTGTCAGTCCCT-1	8
beige.day3_AACGTTGTCCGCGCAA-1	12
beige.day3_AACGTTGTCGGTTCGG-1	9
beige.day3_AACGTTGTCGTATCAG-1	8
beige.day3_AACGTTGTCTGATACG-1	8
beige.day3_AACGTTGTCTGGAGCC-1	10
beige.day3_AACGTTGTCTGGTATG-1	8
beige.day3_AACGTTGTCTGGTGTA-1	9
beige.day3_AACTCAGAGCACAGGT-1	8
beige.day3_AACTCAGAGCGATAGC-1	7
beige.day3_AACTCAGAGCTAACAA-1	12
beige.day3_AACTCAGAGCTTCGCG-1	10
beige.day3_AACTCAGAGGAATGGA-1	12
beige.day3_AACTCAGAGGATATAC-1	9
beige.day3_AACTCAGAGGGATACC-1	12
beige.day3_AACTCAGAGTCAAGCG-1	9
beige.day3_AACTCAGAGTCTCCTC-1	8
beige.day3_AACTCAGCAAGCTGGA-1	12
beige.day3_AACTCAGCACAGCCCA-1	6
beige.day3_AACTCAGCACGAGGTA-1	12
beige.day3_AACTCAGGTACTTAGC-1	3
beige.day3_AACTCAGGTGTAAGTA-1	8
beige.day3_AACTCAGGTTACCAGT-1	9
beige.day3_AACTCAGGTTGATTCG-1	8
beige.day3_AACTCAGTCATTCACT-1	9
beige.day3_AACTCAGTCCTAGAAC-1	10
beige.day3_AACTCAGTCCTCATTA-1	12
beige.day3_AACTCAGTCGTTACAG-1	8
beige.day3_AACTCAGTCTGTCTCG-1	7
beige.day3_AACTCCCAGAAGGTTT-1	8
beige.day3_AACTCCCAGAATGTTG-1	8
beige.day3_AACTCCCAGCCACCTG-1	11
beige.day3_AACTCCCAGCTAGCCC-1	12
beige.day3_AACTCCCAGGCCCTCA-1	7
beige.day3_AACTCCCAGTGGTAGC-1	12
beige.day3_AACTCCCAGTTATCGC-1	8
beige.day3_AACTCCCCACAGATTC-1	8
beige.day3_AACTCCCCACCCATTC-1	12
beige.day3_AACTCCCCACGAAACG-1	7
beige.day3_AACTCCCCACGAGAGT-1	10
beige.day3_AACTCCCCAGCCTGTG-1	9
beige.day3_AACTCCCCAGGCTGAA-1	8
beige.day3_AACTCCCCATAGACTC-1	8
beige.day3_AACTCCCCATGACGGA-1	12
beige.day3_AACTCCCCATGCCTTC-1	11
beige.day3_AACTCCCGTCCGAACC-1	9
beige.day3_AACTCCCGTCGGGTCT-1	6
beige.day3_AACTCCCGTGTGACCC-1	7
beige.day3_AACTCCCTCACCCGAG-1	10
beige.day3_AACTCCCTCATGTCTT-1	7
beige.day3_AACTCCCTCCTAGAAC-1	7
beige.day3_AACTCCCTCCTTCAAT-1	12
beige.day3_AACTCCCTCGTACGGC-1	9
beige.day3_AACTCCCTCGTCTGAA-1	8
beige.day3_AACTCCCTCTTGTTTG-1	5
beige.day3_AACTCTTAGAGCTTCT-1	11
beige.day3_AACTCTTAGAGGTAGA-1	8
beige.day3_AACTCTTAGCACAGGT-1	12
beige.day3_AACTCTTAGCCATCGC-1	9
beige.day3_AACTCTTAGGAGCGTT-1	12
beige.day3_AACTCTTAGGCATGGT-1	11
beige.day3_AACTCTTAGGTGCTTT-1	8
beige.day3_AACTCTTAGTCAAGGC-1	11
beige.day3_AACTCTTAGTGGTAAT-1	10
beige.day3_AACTCTTCAAGACACG-1	12
beige.day3_AACTCTTCACGGTTTA-1	8
beige.day3_AACTCTTCACTATCTT-1	8
beige.day3_AACTCTTCAGTAACGG-1	12
beige.day3_AACTCTTCAGTAAGAT-1	9
beige.day3_AACTCTTCATCGACGC-1	8
beige.day3_AACTCTTCATTCGACA-1	5
beige.day3_AACTCTTGTAAGGATT-1	8
beige.day3_AACTCTTGTCAATGTC-1	6
beige.day3_AACTCTTGTCTCCATC-1	11
beige.day3_AACTCTTGTTCCGGCA-1	10
beige.day3_AACTCTTTCATGTCTT-1	7
beige.day3_AACTCTTTCGACGGAA-1	8
beige.day3_AACTCTTTCGAGCCCA-1	12
beige.day3_AACTCTTTCGCATGAT-1	8
beige.day3_AACTCTTTCTTCGAGA-1	8
beige.day3_AACTGGTAGACTACAA-1	9
beige.day3_AACTGGTAGCGCTTAT-1	12
beige.day3_AACTGGTAGCTCCCAG-1	8
beige.day3_AACTGGTAGGAATTAC-1	12
beige.day3_AACTGGTAGGAGTAGA-1	8
beige.day3_AACTGGTAGGCTAGAC-1	10
beige.day3_AACTGGTAGGTGCACA-1	6
beige.day3_AACTGGTCACAAGTAA-1	10
beige.day3_AACTGGTCACCCAGTG-1	12
beige.day3_AACTGGTCACCGGAAA-1	8
beige.day3_AACTGGTCACTGCCAG-1	12
beige.day3_AACTGGTCAGACAAGC-1	13
beige.day3_AACTGGTCAGCGTCCA-1	10
beige.day3_AACTGGTCATCACGTA-1	9
beige.day3_AACTGGTCATGATCCA-1	8
beige.day3_AACTGGTCATGTTCCC-1	8
beige.day3_AACTGGTGTATGCTTG-1	8
beige.day3_AACTGGTGTGTTCGAT-1	12
beige.day3_AACTGGTGTTTGTTTC-1	8
beige.day3_AACTGGTTCCTTCAAT-1	7
beige.day3_AACTGGTTCGGTGTTA-1	8
beige.day3_AACTGGTTCTGTACGA-1	8
beige.day3_AACTTTCAGAACAATC-1	12
beige.day3_AACTTTCAGCAGACTG-1	10
beige.day3_AACTTTCAGCTGTCTA-1	9
beige.day3_AACTTTCAGGATATAC-1	12
beige.day3_AACTTTCAGTGATCGG-1	11
beige.day3_AACTTTCCAACACGCC-1	10
beige.day3_AACTTTCCACGCGAAA-1	12
beige.day3_AACTTTCCAGCCTTTC-1	9
beige.day3_AACTTTCCAGCGTAAG-1	12
beige.day3_AACTTTCCAGTAGAGC-1	8
beige.day3_AACTTTCCATGACGGA-1	9
beige.day3_AACTTTCCATTGCGGC-1	6
beige.day3_AACTTTCGTAAGAGGA-1	12
beige.day3_AACTTTCGTCAATACC-1	8
beige.day3_AACTTTCGTCATGCAT-1	8
beige.day3_AACTTTCGTCGCATCG-1	12
beige.day3_AACTTTCGTGACGGTA-1	8
beige.day3_AACTTTCGTGCGATAG-1	7
beige.day3_AACTTTCGTTTCCACC-1	8
beige.day3_AACTTTCTCAAAGTAG-1	8
beige.day3_AACTTTCTCAGTGTTG-1	8
beige.day3_AACTTTCTCCAGTATG-1	11
beige.day3_AACTTTCTCGATCCCT-1	8
beige.day3_AACTTTCTCGCCTGTT-1	12
beige.day3_AACTTTCTCTCCTATA-1	9
beige.day3_AACTTTCTCTGCCCTA-1	7
beige.day3_AACTTTCTCTTGCATT-1	8
beige.day3_AAGACCTAGACAAGCC-1	9
beige.day3_AAGACCTAGACCACGA-1	9
beige.day3_AAGACCTAGATTACCC-1	8
beige.day3_AAGACCTAGCGTAATA-1	11
beige.day3_AAGACCTAGGATGGAA-1	8
beige.day3_AAGACCTAGGCCCTCA-1	12
beige.day3_AAGACCTAGGTAAACT-1	8
beige.day3_AAGACCTAGTACGTTC-1	12
beige.day3_AAGACCTAGTTAGGTA-1	10
beige.day3_AAGACCTCAAACGTGG-1	8
beige.day3_AAGACCTCAAATTGCC-1	11
beige.day3_AAGACCTCACCAGATT-1	8
beige.day3_AAGACCTCAGGATTGG-1	12
beige.day3_AAGACCTCATACGCTA-1	10
beige.day3_AAGACCTCATAGTAAG-1	8
beige.day3_AAGACCTCATCACAAC-1	3
beige.day3_AAGACCTGTAAGCACG-1	7
beige.day3_AAGACCTGTACCTACA-1	10
beige.day3_AAGACCTGTATAGGGC-1	8
beige.day3_AAGACCTGTCATCGGC-1	8
beige.day3_AAGACCTGTCCTGCTT-1	12
beige.day3_AAGACCTGTGCAACGA-1	8
beige.day3_AAGACCTGTTACAGAA-1	9
beige.day3_AAGACCTGTTATTCTC-1	11
beige.day3_AAGACCTGTTGGTAAA-1	10
beige.day3_AAGACCTTCCGTTGCT-1	7
beige.day3_AAGACCTTCTACTATC-1	12
beige.day3_AAGACCTTCTCGCATC-1	8
beige.day3_AAGCCGCAGACTGGGT-1	10
beige.day3_AAGCCGCAGGCCCTTG-1	8
beige.day3_AAGCCGCAGTCATGCT-1	3
beige.day3_AAGCCGCAGTGATCGG-1	12
beige.day3_AAGCCGCCAAACGCGA-1	11
beige.day3_AAGCCGCCACATTCGA-1	9
beige.day3_AAGCCGCCAGATCCAT-1	11
beige.day3_AAGCCGCCAGATTGCT-1	5
beige.day3_AAGCCGCCAGTCAGAG-1	9
beige.day3_AAGCCGCCATCACCCT-1	7
beige.day3_AAGCCGCCATGCCTAA-1	7
beige.day3_AAGCCGCGTAGTAGTA-1	11
beige.day3_AAGCCGCGTATCAGTC-1	6
beige.day3_AAGCCGCGTCAGGACA-1	12
beige.day3_AAGCCGCGTCCATGAT-1	12
beige.day3_AAGCCGCGTCGGATCC-1	8
beige.day3_AAGCCGCTCACATGCA-1	9
beige.day3_AAGCCGCTCACGACTA-1	10
beige.day3_AAGCCGCTCACTTATC-1	9
beige.day3_AAGCCGCTCATAAAGG-1	7
beige.day3_AAGCCGCTCCGATATG-1	8
beige.day3_AAGCCGCTCGCTAGCG-1	8
beige.day3_AAGCCGCTCGGATGGA-1	11
beige.day3_AAGCCGCTCGGATGTT-1	8
beige.day3_AAGCCGCTCGTCTGAA-1	8
beige.day3_AAGCCGCTCTCACATT-1	8
beige.day3_AAGGAGCAGACTTTCG-1	11
beige.day3_AAGGAGCAGCAACGGT-1	8
beige.day3_AAGGAGCAGCACCGTC-1	12
beige.day3_AAGGAGCAGCGTAGTG-1	8
beige.day3_AAGGAGCAGCGTGAAC-1	12
beige.day3_AAGGAGCAGGGAACGG-1	9
beige.day3_AAGGAGCAGGTTACCT-1	7
beige.day3_AAGGAGCAGTGGGATC-1	7
beige.day3_AAGGAGCCAACACCCG-1	12
beige.day3_AAGGAGCCACCAGGTC-1	12
beige.day3_AAGGAGCCACCGAAAG-1	9
beige.day3_AAGGAGCCAGACAGGT-1	8
beige.day3_AAGGAGCCATAAGACA-1	9
beige.day3_AAGGAGCCATATGGTC-1	11
beige.day3_AAGGAGCCATGATCCA-1	12
beige.day3_AAGGAGCGTAGCGTCC-1	9
beige.day3_AAGGAGCGTCATTAGC-1	8
beige.day3_AAGGAGCGTCTCCACT-1	8
beige.day3_AAGGAGCTCAACACGT-1	5
beige.day3_AAGGAGCTCCACGTGG-1	8
beige.day3_AAGGAGCTCCTGTAGA-1	8
beige.day3_AAGGAGCTCTTGTCAT-1	8
beige.day3_AAGGCAGAGCTGATAA-1	11
beige.day3_AAGGCAGCAAAGTCAA-1	7
beige.day3_AAGGCAGCAACACGCC-1	9
beige.day3_AAGGCAGCAAGTTGTC-1	9
beige.day3_AAGGCAGCACAACGCC-1	12
beige.day3_AAGGCAGCACGCTTTC-1	10
beige.day3_AAGGCAGCAGAGCCAA-1	10
beige.day3_AAGGCAGCAGTACACT-1	8
beige.day3_AAGGCAGCATCCCATC-1	9
beige.day3_AAGGCAGGTACCGTAT-1	11
beige.day3_AAGGCAGGTACTTGAC-1	9
beige.day3_AAGGCAGGTAGGGTAC-1	11
beige.day3_AAGGCAGGTATCAGTC-1	11
beige.day3_AAGGCAGGTCAAACTC-1	8
beige.day3_AAGGCAGGTCCAGTTA-1	10
beige.day3_AAGGCAGGTCGCTTCT-1	8
beige.day3_AAGGCAGGTGCAGGTA-1	9
beige.day3_AAGGCAGGTGCGATAG-1	8
beige.day3_AAGGCAGGTGGTTTCA-1	11
beige.day3_AAGGCAGGTGTTAAGA-1	10
beige.day3_AAGGCAGGTTCCACAA-1	10
beige.day3_AAGGCAGGTTCGTTGA-1	8
beige.day3_AAGGCAGTCACAGTAC-1	8
beige.day3_AAGGCAGTCATACGGT-1	8
beige.day3_AAGGCAGTCATCGCTC-1	8
beige.day3_AAGGCAGTCATTCACT-1	11
beige.day3_AAGGCAGTCTGCTGTC-1	9
beige.day3_AAGGTTCAGACTACAA-1	8
beige.day3_AAGGTTCAGCAGGCTA-1	4
beige.day3_AAGGTTCAGCGCCTCA-1	12
beige.day3_AAGGTTCAGCGTTCCG-1	9
beige.day3_AAGGTTCAGCTAAACA-1	6
beige.day3_AAGGTTCAGTCTCAAC-1	12
beige.day3_AAGGTTCAGTGGTAGC-1	12
beige.day3_AAGGTTCCAACGCACC-1	5
beige.day3_AAGGTTCCAGACAAGC-1	11
beige.day3_AAGGTTCCATCGGGTC-1	12
beige.day3_AAGGTTCCATGGAATA-1	8
beige.day3_AAGGTTCTCACCTTAT-1	10
beige.day3_AAGGTTCTCAGGTAAA-1	10
beige.day3_AAGGTTCTCAGTTGAC-1	8
beige.day3_AAGGTTCTCATAGCAC-1	8
beige.day3_AAGGTTCTCATGCAAC-1	8
beige.day3_AAGGTTCTCCAAACTG-1	7
beige.day3_AAGGTTCTCGCATGGC-1	7
beige.day3_AAGGTTCTCGGTGTTA-1	8
beige.day3_AAGGTTCTCTCGCTTG-1	11
beige.day3_AAGTCTGAGACTAAGT-1	8
beige.day3_AAGTCTGAGCGATATA-1	8
beige.day3_AAGTCTGAGCTACCGC-1	12
beige.day3_AAGTCTGAGCTCCTCT-1	12
beige.day3_AAGTCTGAGGTCATCT-1	8
beige.day3_AAGTCTGAGTACGCGA-1	8
beige.day3_AAGTCTGCACAAGCCC-1	12
beige.day3_AAGTCTGCAGGCTGAA-1	8
beige.day3_AAGTCTGCATGCTAGT-1	8
beige.day3_AAGTCTGGTAAGGGCT-1	12
beige.day3_AAGTCTGGTAGAGGAA-1	12
beige.day3_AAGTCTGGTCTCCACT-1	8
beige.day3_AAGTCTGGTGTGCCTG-1	8
beige.day3_AAGTCTGTCAGTGCAT-1	10
beige.day3_AAGTCTGTCATGCAAC-1	11
beige.day3_AAGTCTGTCTGAGTGT-1	8
beige.day3_AAGTCTGTCTGCGGCA-1	12
beige.day3_AAGTCTGTCTTGGGTA-1	11
beige.day3_AATCCAGAGAAGGGTA-1	6
beige.day3_AATCCAGAGAAGGTTT-1	12
beige.day3_AATCCAGAGAGCCTAG-1	7
beige.day3_AATCCAGAGAGGTTGC-1	11
beige.day3_AATCCAGAGCCAGTTT-1	8
beige.day3_AATCCAGAGTCCAGGA-1	9
beige.day3_AATCCAGCAACAACCT-1	9
beige.day3_AATCCAGCAACTGGCC-1	8
beige.day3_AATCCAGCACGACGAA-1	12
beige.day3_AATCCAGCACGCTTTC-1	12
beige.day3_AATCCAGCACTAGTAC-1	10
beige.day3_AATCCAGCAGGGCATA-1	9
beige.day3_AATCCAGCAGTCGATT-1	8
beige.day3_AATCCAGCATCCGGGT-1	8
beige.day3_AATCCAGGTACGACCC-1	9
beige.day3_AATCCAGGTATGGTTC-1	9
beige.day3_AATCCAGGTCACACGC-1	12
beige.day3_AATCCAGGTCGGCATC-1	8
beige.day3_AATCCAGGTCTTCTCG-1	6
beige.day3_AATCCAGGTTAAGATG-1	8
beige.day3_AATCCAGGTTCGGCAC-1	11
beige.day3_AATCCAGGTTGAACTC-1	7
beige.day3_AATCCAGGTTGATTCG-1	6
beige.day3_AATCCAGGTTTAGGAA-1	7
beige.day3_AATCCAGGTTTGACTG-1	12
beige.day3_AATCCAGTCCTTTCTC-1	11
beige.day3_AATCCAGTCGAGCCCA-1	12
beige.day3_AATCCAGTCGCGATCG-1	11
beige.day3_AATCGGTAGACAGAGA-1	12
beige.day3_AATCGGTAGAGACTTA-1	8
beige.day3_AATCGGTAGCAGCGTA-1	8
beige.day3_AATCGGTAGCGATCCC-1	11
beige.day3_AATCGGTAGGGCTTCC-1	8
beige.day3_AATCGGTAGTGGAGTC-1	8
beige.day3_AATCGGTCAGTACACT-1	8
beige.day3_AATCGGTCATTTGCCC-1	7
beige.day3_AATCGGTGTAGCGTCC-1	8
beige.day3_AATCGGTGTCACACGC-1	10
beige.day3_AATCGGTGTGACAAAT-1	9
beige.day3_AATCGGTGTGATAAGT-1	8
beige.day3_AATCGGTGTTAAAGTG-1	11
beige.day3_AATCGGTGTTAAGATG-1	11
beige.day3_AATCGGTGTTGCGCAC-1	8
beige.day3_AATCGGTTCAATCTCT-1	8
beige.day3_AATCGGTTCACCCGAG-1	5
beige.day3_AATCGGTTCAGGTTCA-1	9
beige.day3_AATCGGTTCCGAGCCA-1	8
beige.day3_AATCGGTTCCTGCAGG-1	7
beige.day3_AATCGGTTCGTATCAG-1	11
beige.day3_AATCGGTTCGTCTGAA-1	10
beige.day3_ACACCAAAGAAGCCCA-1	12
beige.day3_ACACCAAAGAAGGTTT-1	9
beige.day3_ACACCAAAGACCGGAT-1	9
beige.day3_ACACCAAAGACGCACA-1	9
beige.day3_ACACCAAAGATCACGG-1	9
beige.day3_ACACCAAAGATGGCGT-1	8
beige.day3_ACACCAAAGCCAGAAC-1	12
beige.day3_ACACCAAAGGCTAGAC-1	12
beige.day3_ACACCAAAGGGTGTTG-1	11
beige.day3_ACACCAAAGTAGGTGC-1	10
beige.day3_ACACCAAAGTCCAGGA-1	11
beige.day3_ACACCAACAAGTTAAG-1	8
beige.day3_ACACCAACAATCAGAA-1	12
beige.day3_ACACCAACAATCCGAT-1	12
beige.day3_ACACCAACACTTAACG-1	10
beige.day3_ACACCAACAGGGTACA-1	8
beige.day3_ACACCAACATTTCAGG-1	11
beige.day3_ACACCAACATTTGCTT-1	12
beige.day3_ACACCAAGTGTTTGGT-1	12
beige.day3_ACACCAATCATGTAGC-1	8
beige.day3_ACACCAATCCAAATGC-1	8
beige.day3_ACACCAATCGTTACGA-1	11
beige.day3_ACACCAATCGTTGACA-1	12
beige.day3_ACACCAATCTTGTCAT-1	10
beige.day3_ACACCAATCTTTACAC-1	9
beige.day3_ACACCCTAGAACTCGG-1	9
beige.day3_ACACCCTAGAGGACGG-1	11
beige.day3_ACACCCTAGGGATCTG-1	8
beige.day3_ACACCCTAGGTGGGTT-1	8
beige.day3_ACACCCTAGTGAAGTT-1	7
beige.day3_ACACCCTCAACGATCT-1	8
beige.day3_ACACCCTCACAACGTT-1	8
beige.day3_ACACCCTCACAGGAGT-1	11
beige.day3_ACACCCTCAGACAAAT-1	12
beige.day3_ACACCCTCAGCCTTGG-1	7
beige.day3_ACACCCTCAGCTGGCT-1	8
beige.day3_ACACCCTCATAGACTC-1	8
beige.day3_ACACCCTGTAAATGTG-1	7
beige.day3_ACACCCTGTAGCTCCG-1	12
beige.day3_ACACCCTGTCGCGGTT-1	8
beige.day3_ACACCCTGTGACTACT-1	8
beige.day3_ACACCCTGTGTGCCTG-1	8
beige.day3_ACACCCTGTTCACCTC-1	7
beige.day3_ACACCCTGTTCGTCTC-1	7
beige.day3_ACACCCTTCATAGCAC-1	7
beige.day3_ACACCCTTCATGCAAC-1	7
beige.day3_ACACCCTTCCCAAGAT-1	8
beige.day3_ACACCCTTCCCAGGTG-1	8
beige.day3_ACACCCTTCGATAGAA-1	11
beige.day3_ACACCCTTCGGAGCAA-1	8
beige.day3_ACACCCTTCGGGAGTA-1	5
beige.day3_ACACCCTTCTAACCGA-1	8
beige.day3_ACACCCTTCTTGCAAG-1	8
beige.day3_ACACCGGAGAAACCTA-1	7
beige.day3_ACACCGGAGAAACGCC-1	8
beige.day3_ACACCGGAGACTGGGT-1	9
beige.day3_ACACCGGAGACTTTCG-1	8
beige.day3_ACACCGGAGCTCAACT-1	9
beige.day3_ACACCGGAGGTCATCT-1	10
beige.day3_ACACCGGAGTACATGA-1	5
beige.day3_ACACCGGAGTGGGCTA-1	8
beige.day3_ACACCGGAGTGTACGG-1	9
beige.day3_ACACCGGCAAGTACCT-1	11
beige.day3_ACACCGGCAATGTTGC-1	11
beige.day3_ACACCGGCACGGTAGA-1	10
beige.day3_ACACCGGCACTCGACG-1	11
beige.day3_ACACCGGCATGACGGA-1	12
beige.day3_ACACCGGGTAGAGGAA-1	12
beige.day3_ACACCGGGTCTGCAAT-1	9
beige.day3_ACACCGGGTGCTCTTC-1	7
beige.day3_ACACCGGGTTCAGCGC-1	7
beige.day3_ACACCGGTCAACTCTT-1	12
beige.day3_ACACCGGTCATAGCAC-1	7
beige.day3_ACACCGGTCCGCGCAA-1	7
beige.day3_ACACCGGTCGCCAAAT-1	12
beige.day3_ACACCGGTCTACGAGT-1	8
beige.day3_ACACCGGTCTGGCGTG-1	8
beige.day3_ACACTGAAGCCTATGT-1	11
beige.day3_ACACTGAAGGAGCGTT-1	8
beige.day3_ACACTGAAGTAGCGGT-1	3
beige.day3_ACACTGAAGTCTTGCA-1	8
beige.day3_ACACTGACAGTATGCT-1	12
beige.day3_ACACTGAGTACCGTAT-1	12
beige.day3_ACACTGAGTAGGCTGA-1	8
beige.day3_ACACTGAGTCCAGTGC-1	8
beige.day3_ACACTGAGTGTAATGA-1	11
beige.day3_ACACTGAGTTAGTGGG-1	7
beige.day3_ACACTGAGTTCCACGG-1	8
beige.day3_ACACTGATCAGCTCTC-1	12
beige.day3_ACACTGATCCGAATGT-1	9
beige.day3_ACACTGATCCGCTGTT-1	8
beige.day3_ACACTGATCTGTTGAG-1	10
beige.day3_ACAGCCGAGACTACAA-1	3
beige.day3_ACAGCCGAGAGACTTA-1	8
beige.day3_ACAGCCGAGCCCAACC-1	6
beige.day3_ACAGCCGAGCGATATA-1	10
beige.day3_ACAGCCGAGCTCCTCT-1	5
beige.day3_ACAGCCGAGGGCTCTC-1	6
beige.day3_ACAGCCGAGTACGCCC-1	12
beige.day3_ACAGCCGAGTTAGGTA-1	10
beige.day3_ACAGCCGCAATAAGCA-1	9
beige.day3_ACAGCCGCAATGGAAT-1	8
beige.day3_ACAGCCGCACATGACT-1	10
beige.day3_ACAGCCGCACGGCGTT-1	11
beige.day3_ACAGCCGCATGATCCA-1	11
beige.day3_ACAGCCGCATTCTCAT-1	8
beige.day3_ACAGCCGTCGGAGCAA-1	8
beige.day3_ACAGCCGTCTAACTGG-1	11
beige.day3_ACAGCCGTCTGTCCGT-1	7
beige.day3_ACAGCTAAGAAGATTC-1	9
beige.day3_ACAGCTAAGAAGGACA-1	10
beige.day3_ACAGCTAAGCGATAGC-1	10
beige.day3_ACAGCTAAGCTGCCCA-1	10
beige.day3_ACAGCTACAAGACGTG-1	11
beige.day3_ACAGCTACAATAGAGT-1	9
beige.day3_ACAGCTACAATCGGTT-1	8
beige.day3_ACAGCTACAATGGTCT-1	7
beige.day3_ACAGCTACACAGACAG-1	10
beige.day3_ACAGCTACATAGTAAG-1	12
beige.day3_ACAGCTACATCGGACC-1	8
beige.day3_ACAGCTACATGTAAGA-1	7
beige.day3_ACAGCTAGTGAGGCTA-1	12
beige.day3_ACAGCTAGTGTAATGA-1	8
beige.day3_ACAGCTAGTTAAAGAC-1	10
beige.day3_ACAGCTAGTTCCCTTG-1	7
beige.day3_ACAGCTATCAACGAAA-1	9
beige.day3_ACAGCTATCAGAGCTT-1	9
beige.day3_ACAGCTATCCACTGGG-1	7
beige.day3_ACAGCTATCCGAACGC-1	9
beige.day3_ACAGCTATCTGATACG-1	8
beige.day3_ACAGCTATCTGGTATG-1	8
beige.day3_ACAGCTATCTTGACGA-1	8
beige.day3_ACATACGAGACGCACA-1	7
beige.day3_ACATACGAGAGGTACC-1	8
beige.day3_ACATACGAGCTCTCGG-1	9
beige.day3_ACATACGCAAAGGTGC-1	12
beige.day3_ACATACGCAACTGCTA-1	9
beige.day3_ACATACGCAAGGTGTG-1	7
beige.day3_ACATACGCACTTCGAA-1	10
beige.day3_ACATACGCAGACGTAG-1	9
beige.day3_ACATACGCAGCTCCGA-1	11
beige.day3_ACATACGCAGGACCCT-1	12
beige.day3_ACATACGCATAACCTG-1	10
beige.day3_ACATACGCATGGATGG-1	7
beige.day3_ACATACGCATGTCGAT-1	8
beige.day3_ACATACGCATTCCTGC-1	12
beige.day3_ACATACGGTACACCGC-1	6
beige.day3_ACATACGGTCAAAGCG-1	8
beige.day3_ACATACGGTGATGTCT-1	8
beige.day3_ACATACGGTTCGCGAC-1	12
beige.day3_ACATACGGTTTGACAC-1	9
beige.day3_ACATACGGTTTGGCGC-1	9
beige.day3_ACATACGTCAGTGCAT-1	6
beige.day3_ACATACGTCAGTTCGA-1	12
beige.day3_ACATACGTCCAAAGTC-1	12
beige.day3_ACATACGTCGAATCCA-1	10
beige.day3_ACATACGTCGGACAAG-1	9
beige.day3_ACATACGTCGGCGCTA-1	8
beige.day3_ACATACGTCGGGAGTA-1	9
beige.day3_ACATACGTCTCCAGGG-1	10
beige.day3_ACATACGTCTGCCCTA-1	12
beige.day3_ACATACGTCTGTTTGT-1	12
beige.day3_ACATACGTCTTTAGGG-1	9
beige.day3_ACATCAGAGAAAGTGG-1	7
beige.day3_ACATCAGAGAGATGAG-1	8
beige.day3_ACATCAGAGATGCGAC-1	12
beige.day3_ACATCAGCAATAAGCA-1	8
beige.day3_ACATCAGCAGCATACT-1	8
beige.day3_ACATCAGCATTACCTT-1	7
beige.day3_ACATCAGGTACAGTTC-1	8
beige.day3_ACATCAGGTACCCAAT-1	10
beige.day3_ACATCAGGTACCTACA-1	5
beige.day3_ACATCAGGTCACCCAG-1	11
beige.day3_ACATCAGGTCTCTTAT-1	7
beige.day3_ACATCAGGTGGACGAT-1	12
beige.day3_ACATCAGGTGGCCCTA-1	8
beige.day3_ACATCAGGTGGGTCAA-1	8
beige.day3_ACATCAGGTTCCCTTG-1	12
beige.day3_ACATCAGGTTGGAGGT-1	11
beige.day3_ACATCAGTCAATACCG-1	8
beige.day3_ACATCAGTCACAAACC-1	8
beige.day3_ACATCAGTCCGTACAA-1	11
beige.day3_ACATCAGTCCTGCTTG-1	8
beige.day3_ACATCAGTCCTTAATC-1	10
beige.day3_ACATCAGTCGATAGAA-1	7
beige.day3_ACATGGTAGGCGATAC-1	12
beige.day3_ACATGGTAGGCTAGGT-1	7
beige.day3_ACATGGTCAAAGGAAG-1	9
beige.day3_ACATGGTCACGGATAG-1	8
beige.day3_ACATGGTCAGCTGGCT-1	6
beige.day3_ACATGGTCAGTCAGAG-1	12
beige.day3_ACATGGTCATCTGGTA-1	11
beige.day3_ACATGGTCATTTGCTT-1	8
beige.day3_ACATGGTGTAAGGGCT-1	10
beige.day3_ACATGGTGTATAATGG-1	12
beige.day3_ACATGGTGTCATCGGC-1	8
beige.day3_ACATGGTGTCGTGGCT-1	10
beige.day3_ACATGGTGTCTAGCCG-1	8
beige.day3_ACATGGTGTCTCGTTC-1	12
beige.day3_ACATGGTGTGCGCTTG-1	12
beige.day3_ACATGGTGTGTATGGG-1	9
beige.day3_ACATGGTTCAGCTCGG-1	8
beige.day3_ACATGGTTCCATGAAC-1	7
beige.day3_ACATGGTTCCGATATG-1	12
beige.day3_ACATGGTTCCGCTGTT-1	10
beige.day3_ACATGGTTCCTCCTAG-1	8
beige.day3_ACATGGTTCTTCGAGA-1	12
beige.day3_ACATGGTTCTTGCAAG-1	12
beige.day3_ACCAGTAAGAGGTTGC-1	11
beige.day3_ACCAGTAAGCAGCCTC-1	5
beige.day3_ACCAGTAAGCCACGCT-1	8
beige.day3_ACCAGTAAGCGATGAC-1	9
beige.day3_ACCAGTAAGCGCTCCA-1	8
beige.day3_ACCAGTAAGCGTCAAG-1	8
beige.day3_ACCAGTAAGCGTCTAT-1	8
beige.day3_ACCAGTAAGGATGCGT-1	8
beige.day3_ACCAGTAAGGGAAACA-1	7
beige.day3_ACCAGTAAGTACGATA-1	8
beige.day3_ACCAGTACAAACCCAT-1	8
beige.day3_ACCAGTACAATACGCT-1	7
beige.day3_ACCAGTACAATGTAAG-1	11
beige.day3_ACCAGTACACGGATAG-1	11
beige.day3_ACCAGTACACGTCAGC-1	5
beige.day3_ACCAGTACACTATCTT-1	10
beige.day3_ACCAGTACAGACGCTC-1	8
beige.day3_ACCAGTACATGCCTAA-1	9
beige.day3_ACCAGTAGTACCCAAT-1	8
beige.day3_ACCAGTAGTACCGTAT-1	7
beige.day3_ACCAGTAGTAGCGTGA-1	11
beige.day3_ACCAGTAGTCGACTGC-1	8
beige.day3_ACCAGTAGTCTACCTC-1	12
beige.day3_ACCAGTAGTCTGATCA-1	7
beige.day3_ACCAGTAGTCTTGCGG-1	8
beige.day3_ACCAGTAGTTAAAGTG-1	11
beige.day3_ACCAGTATCACAGTAC-1	9
beige.day3_ACCAGTATCAGTTTGG-1	8
beige.day3_ACCAGTATCCTAGGGC-1	11
beige.day3_ACCCACTAGAGGTTAT-1	9
beige.day3_ACCCACTAGATCCCGC-1	7
beige.day3_ACCCACTAGCCATCGC-1	9
beige.day3_ACCCACTAGGATGGAA-1	1
beige.day3_ACCCACTAGGCTCAGA-1	7
beige.day3_ACCCACTCACGGCCAT-1	7
beige.day3_ACCCACTCACGGTAAG-1	11
beige.day3_ACCCACTCATCGACGC-1	7
beige.day3_ACCCACTCATGCCTAA-1	8
beige.day3_ACCCACTGTATCGCAT-1	9
beige.day3_ACCCACTGTGCTGTAT-1	10
beige.day3_ACCCACTGTTACCAGT-1	12
beige.day3_ACCCACTGTTACCGAT-1	9
beige.day3_ACCCACTGTTAGGGTG-1	8
beige.day3_ACCCACTGTTCTGGTA-1	11
beige.day3_ACCCACTTCGCGTAGC-1	11
beige.day3_ACCCACTTCGCGTTTC-1	8
beige.day3_ACCCACTTCTTGACGA-1	12
beige.day3_ACCGTAAAGAAACCGC-1	11
beige.day3_ACCGTAAAGACGACGT-1	12
beige.day3_ACCGTAAAGCCAGAAC-1	10
beige.day3_ACCGTAAAGGACGAAA-1	12
beige.day3_ACCGTAACACCAGATT-1	8
beige.day3_ACCGTAACACCGGAAA-1	10
beige.day3_ACCGTAACAGACGCAA-1	9
beige.day3_ACCGTAACAGGCGATA-1	11
beige.day3_ACCGTAACAGGGTATG-1	7
beige.day3_ACCGTAACATCGATTG-1	5
beige.day3_ACCGTAAGTAAATACG-1	7
beige.day3_ACCGTAAGTCCGTCAG-1	7
beige.day3_ACCGTAAGTCTAAACC-1	8
beige.day3_ACCGTAAGTGGTAACG-1	11
beige.day3_ACCGTAAGTGTCCTCT-1	8
beige.day3_ACCGTAAGTGTTCTTT-1	8
beige.day3_ACCGTAATCACTTACT-1	9
beige.day3_ACCGTAATCCAAGCCG-1	9
beige.day3_ACCGTAATCCGGGTGT-1	12
beige.day3_ACCGTAATCCTTGCCA-1	8
beige.day3_ACCGTAATCTGCGGCA-1	8
beige.day3_ACCGTAATCTGGTTCC-1	7
beige.day3_ACCTTTAAGAGACTTA-1	7
beige.day3_ACCTTTAAGATCTGCT-1	12
beige.day3_ACCTTTAAGCACAGGT-1	9
beige.day3_ACCTTTAAGGCGATAC-1	7
beige.day3_ACCTTTAAGTACGCGA-1	9
beige.day3_ACCTTTAAGTGGTCCC-1	8
beige.day3_ACCTTTACAAGGCTCC-1	10
beige.day3_ACCTTTACACCAGGCT-1	10
beige.day3_ACCTTTACACTAGTAC-1	12
beige.day3_ACCTTTACATCGATTG-1	8
beige.day3_ACCTTTACATTGGTAC-1	8
beige.day3_ACCTTTAGTAAGAGGA-1	7
beige.day3_ACCTTTAGTGTGTGCC-1	11
beige.day3_ACCTTTAGTTACAGAA-1	11
beige.day3_ACCTTTAGTTCTGGTA-1	8
beige.day3_ACCTTTAGTTGATTCG-1	8
beige.day3_ACCTTTAGTTGGAGGT-1	9
beige.day3_ACCTTTATCATGCTCC-1	12
beige.day3_ACCTTTATCCAGAGGA-1	7
beige.day3_ACCTTTATCCTTTCGG-1	8
beige.day3_ACCTTTATCGACGGAA-1	12
beige.day3_ACCTTTATCGCAAACT-1	7
beige.day3_ACCTTTATCGTCGTTC-1	11
beige.day3_ACGAGCCAGAAGGACA-1	8
beige.day3_ACGAGCCAGATATACG-1	10
beige.day3_ACGAGCCAGCCGTCGT-1	8
beige.day3_ACGAGCCAGCGATATA-1	5
beige.day3_ACGAGCCAGGCACATG-1	12
beige.day3_ACGAGCCAGGGATACC-1	7
beige.day3_ACGAGCCAGGGTTCCC-1	12
beige.day3_ACGAGCCAGTTGTAGA-1	8
beige.day3_ACGAGCCCAAAGGTGC-1	9
beige.day3_ACGAGCCCACCAGCAC-1	8
beige.day3_ACGAGCCCACGCTTTC-1	8
beige.day3_ACGAGCCCAGAAGCAC-1	11
beige.day3_ACGAGCCCAGATGGCA-1	5
beige.day3_ACGAGCCCAGCAGTTT-1	8
beige.day3_ACGAGCCCAGCTGTGC-1	8
beige.day3_ACGAGCCCAGGATCGA-1	8
beige.day3_ACGAGCCCAGGCTGAA-1	8
beige.day3_ACGAGCCCAGGGAGAG-1	10
beige.day3_ACGAGCCCAGGTCGTC-1	12
beige.day3_ACGAGCCCAGTCAGCC-1	7
beige.day3_ACGAGCCCATGCGCAC-1	6
beige.day3_ACGAGCCGTAACGTTC-1	12
beige.day3_ACGAGCCGTAAGTGGC-1	8
beige.day3_ACGAGCCGTATAATGG-1	11
beige.day3_ACGAGCCGTCCGTTAA-1	7
beige.day3_ACGAGCCGTCTCATCC-1	6
beige.day3_ACGAGCCGTGACGCCT-1	11
beige.day3_ACGAGCCTCAACACGT-1	9
beige.day3_ACGAGCCTCGCCATAA-1	8
beige.day3_ACGAGCCTCGCGTTTC-1	8
beige.day3_ACGAGCCTCGTAGGAG-1	6
beige.day3_ACGAGCCTCTCCGGTT-1	8
beige.day3_ACGAGGAAGAGTAATC-1	12
beige.day3_ACGAGGAAGATGTAAC-1	6
beige.day3_ACGAGGAAGCCTCGTG-1	11
beige.day3_ACGAGGAAGCGTTCCG-1	5
beige.day3_ACGAGGAAGCTGAACG-1	8
beige.day3_ACGAGGAAGTTAAGTG-1	8
beige.day3_ACGAGGACAAGGCTCC-1	7
beige.day3_ACGAGGACACACTGCG-1	9
beige.day3_ACGAGGACAGCTGTGC-1	8
beige.day3_ACGAGGACATCACGAT-1	7
beige.day3_ACGAGGACATGGGAAC-1	9
beige.day3_ACGAGGACATTCACTT-1	11
beige.day3_ACGAGGAGTAGCTTGT-1	8
beige.day3_ACGAGGAGTCGCATAT-1	9
beige.day3_ACGAGGAGTTAAGAAC-1	12
beige.day3_ACGAGGAGTTGGTGGA-1	8
beige.day3_ACGAGGATCAAGGCTT-1	9
beige.day3_ACGAGGATCACTTCAT-1	9
beige.day3_ACGAGGATCAGAGGTG-1	10
beige.day3_ACGAGGATCATTGCCC-1	8
beige.day3_ACGAGGATCGAATGCT-1	8
beige.day3_ACGAGGATCGGATGTT-1	10
beige.day3_ACGAGGATCTAACTTC-1	8
beige.day3_ACGAGGATCTTTAGTC-1	11
beige.day3_ACGATACAGAAACCAT-1	9
beige.day3_ACGATACAGATAGGAG-1	12
beige.day3_ACGATACAGCGTTCCG-1	11
beige.day3_ACGATACAGCTATGCT-1	8
beige.day3_ACGATACAGGATATAC-1	12
beige.day3_ACGATACCAAAGTCAA-1	7
beige.day3_ACGATACCACAGACTT-1	6
beige.day3_ACGATACCACCACGTG-1	11
beige.day3_ACGATACCACCTATCC-1	7
beige.day3_ACGATACCAGCGAACA-1	7
beige.day3_ACGATACCAGCTGTTA-1	9
beige.day3_ACGATACCAGGTGGAT-1	11
beige.day3_ACGATACCATGAAGTA-1	12
beige.day3_ACGATACGTAACGCGA-1	7
beige.day3_ACGATACGTCCAAGTT-1	8
beige.day3_ACGATACGTCCCTACT-1	8
beige.day3_ACGATACGTCGAGATG-1	11
beige.day3_ACGATACGTCTAAACC-1	8
beige.day3_ACGATACGTGAGGCTA-1	8
beige.day3_ACGATACGTGATAAGT-1	8
beige.day3_ACGATACGTGCAGACA-1	10
beige.day3_ACGATACGTTAAAGAC-1	7
beige.day3_ACGATACTCAATACCG-1	9
beige.day3_ACGATACTCATTATCC-1	12
beige.day3_ACGATACTCCAGTAGT-1	7
beige.day3_ACGATACTCTAACCGA-1	12
beige.day3_ACGATACTCTTACCGC-1	9
beige.day3_ACGATGTAGACTAAGT-1	9
beige.day3_ACGATGTAGGCTATCT-1	8
beige.day3_ACGATGTAGTAGGTGC-1	5
beige.day3_ACGATGTAGTCCATAC-1	12
beige.day3_ACGATGTAGTGCCATT-1	8
beige.day3_ACGATGTCAACTGGCC-1	12
beige.day3_ACGATGTCAATGCCAT-1	12
beige.day3_ACGATGTCAGCCACCA-1	12
beige.day3_ACGATGTCATGGGACA-1	5
beige.day3_ACGATGTGTAAGCACG-1	6
beige.day3_ACGATGTGTAGAGCTG-1	7
beige.day3_ACGATGTGTCAGAGGT-1	12
beige.day3_ACGATGTGTCCGTCAG-1	4
beige.day3_ACGATGTGTCCTCTTG-1	12
beige.day3_ACGATGTGTCTAGGTT-1	11
beige.day3_ACGATGTGTGCACTTA-1	12
beige.day3_ACGATGTGTTCACCTC-1	9
beige.day3_ACGATGTGTTCCTCCA-1	9
beige.day3_ACGATGTGTTGCGCAC-1	11
beige.day3_ACGATGTGTTGCTCCT-1	8
beige.day3_ACGATGTGTTTGGCGC-1	12
beige.day3_ACGATGTTCGTAGGTT-1	10
beige.day3_ACGATGTTCTAACGGT-1	8
beige.day3_ACGCAGCAGAGGACGG-1	12
beige.day3_ACGCAGCAGATAGGAG-1	8
beige.day3_ACGCAGCAGCAGCCTC-1	8
beige.day3_ACGCAGCAGCGATATA-1	8
beige.day3_ACGCAGCAGGTTCCTA-1	8
beige.day3_ACGCAGCCAACTGCTA-1	12
beige.day3_ACGCAGCCAAGACGTG-1	8
beige.day3_ACGCAGCCACAGACAG-1	8
beige.day3_ACGCAGCCACGCATCG-1	12
beige.day3_ACGCAGCCAGCTGCTG-1	8
beige.day3_ACGCAGCCAGGACGTA-1	8
beige.day3_ACGCAGCCAGTAGAGC-1	8
beige.day3_ACGCAGCCATCTCGCT-1	12
beige.day3_ACGCAGCCATGAACCT-1	12
beige.day3_ACGCAGCCATGTTCCC-1	8
beige.day3_ACGCAGCGTATATCCG-1	8
beige.day3_ACGCAGCGTATGCTTG-1	8
beige.day3_ACGCAGCGTCGCATAT-1	12
beige.day3_ACGCAGCGTGGCCCTA-1	8
beige.day3_ACGCAGCTCAAACGGG-1	12
beige.day3_ACGCAGCTCACAGTAC-1	11
beige.day3_ACGCAGCTCAGGCCCA-1	10
beige.day3_ACGCAGCTCAGTGTTG-1	7
beige.day3_ACGCAGCTCCGAATGT-1	8
beige.day3_ACGCAGCTCCTTTCGG-1	8
beige.day3_ACGCAGCTCGAATGGG-1	9
beige.day3_ACGCAGCTCGTGGTCG-1	7
beige.day3_ACGCAGCTCGTTACAG-1	7
beige.day3_ACGCAGCTCTACCTGC-1	10
beige.day3_ACGCAGCTCTTACCGC-1	8
beige.day3_ACGCCAGAGACGCACA-1	12
beige.day3_ACGCCAGAGAGGGATA-1	11
beige.day3_ACGCCAGAGCACAGGT-1	11
beige.day3_ACGCCAGAGGCGTACA-1	10
beige.day3_ACGCCAGAGGGAACGG-1	11
beige.day3_ACGCCAGAGGGATGGG-1	12
beige.day3_ACGCCAGAGTAAGTAC-1	8
beige.day3_ACGCCAGAGTACGACG-1	12
beige.day3_ACGCCAGAGTGAACAT-1	8
beige.day3_ACGCCAGCAAACGTGG-1	8
beige.day3_ACGCCAGCAAAGCAAT-1	7
beige.day3_ACGCCAGCAACGATCT-1	12
beige.day3_ACGCCAGCAAGGACAC-1	8
beige.day3_ACGCCAGCAATAGAGT-1	12
beige.day3_ACGCCAGCACATAACC-1	8
beige.day3_ACGCCAGCAGACAGGT-1	11
beige.day3_ACGCCAGCAGCGTCCA-1	12
beige.day3_ACGCCAGCAGTAGAGC-1	10
beige.day3_ACGCCAGCAGTCGATT-1	9
beige.day3_ACGCCAGCATTGGGCC-1	8
beige.day3_ACGCCAGGTACCGGCT-1	12
beige.day3_ACGCCAGGTATAATGG-1	11
beige.day3_ACGCCAGGTCAGATAA-1	12
beige.day3_ACGCCAGGTCCGCTGA-1	8
beige.day3_ACGCCAGGTCGCGAAA-1	9
beige.day3_ACGCCAGGTGTGTGCC-1	8
beige.day3_ACGCCAGTCAAACGGG-1	12
beige.day3_ACGCCAGTCACCATAG-1	9
beige.day3_ACGCCAGTCACGCGGT-1	12
beige.day3_ACGCCAGTCCACGACG-1	8
beige.day3_ACGCCAGTCCTCTAGC-1	10
beige.day3_ACGCCAGTCTAACTCT-1	8
beige.day3_ACGCCAGTCTATCCCG-1	8
beige.day3_ACGCCAGTCTCGATGA-1	8
beige.day3_ACGCCAGTCTTGACGA-1	8
beige.day3_ACGCCGAAGAACTCGG-1	9
beige.day3_ACGCCGAAGCGGATCA-1	7
beige.day3_ACGCCGAAGTAATCCC-1	12
beige.day3_ACGCCGACAACTGCGC-1	8
beige.day3_ACGCCGACAAGGACTG-1	7
beige.day3_ACGCCGACAAGGGTCA-1	12
beige.day3_ACGCCGACAATGGAAT-1	8
beige.day3_ACGCCGACACCACCAG-1	11
beige.day3_ACGCCGAGTCACTGGC-1	8
beige.day3_ACGCCGAGTCAGCTAT-1	7
beige.day3_ACGCCGAGTCCGTTAA-1	8
beige.day3_ACGCCGAGTCGGCACT-1	11
beige.day3_ACGCCGAGTGAGGCTA-1	4
beige.day3_ACGCCGATCACGAAGG-1	9
beige.day3_ACGCCGATCAGTTTGG-1	9
beige.day3_ACGCCGATCCGTTGCT-1	7
beige.day3_ACGCCGATCGCTTAGA-1	8
beige.day3_ACGCCGATCGTACGGC-1	8
beige.day3_ACGCCGATCGTGGACC-1	11
beige.day3_ACGGAGAAGACTCGGA-1	10
beige.day3_ACGGAGAAGCAATCTC-1	8
beige.day3_ACGGAGAAGCCAGGAT-1	8
beige.day3_ACGGAGAAGCGAGAAA-1	11
beige.day3_ACGGAGAAGGAATCGC-1	12
beige.day3_ACGGAGACACAGACTT-1	9
beige.day3_ACGGAGACACATGACT-1	8
beige.day3_ACGGAGACAGGTGCCT-1	8
beige.day3_ACGGAGACAGGTTTCA-1	8
beige.day3_ACGGAGACAGTCAGAG-1	12
beige.day3_ACGGAGACATACTCTT-1	8
beige.day3_ACGGAGACATGCAATC-1	9
beige.day3_ACGGAGACATTACCTT-1	12
beige.day3_ACGGAGAGTACAGTGG-1	8
beige.day3_ACGGAGAGTAGCACGA-1	7
beige.day3_ACGGAGAGTCCGTTAA-1	10
beige.day3_ACGGAGAGTCGTTGTA-1	8
beige.day3_ACGGAGAGTGAAATCA-1	8
beige.day3_ACGGAGAGTGTTGGGA-1	8
beige.day3_ACGGAGATCATAGCAC-1	11
beige.day3_ACGGAGATCCAGAAGG-1	11
beige.day3_ACGGAGATCCAGAGGA-1	8
beige.day3_ACGGAGATCCGCGTTT-1	7
beige.day3_ACGGAGATCCTATTCA-1	9
beige.day3_ACGGAGATCCTTTCTC-1	7
beige.day3_ACGGAGATCGCAGGCT-1	8
beige.day3_ACGGAGATCGTTTGCC-1	12
beige.day3_ACGGCCAAGAGACGAA-1	8
beige.day3_ACGGCCAAGATGGGTC-1	9
beige.day3_ACGGCCAAGCGTTTAC-1	11
beige.day3_ACGGCCAAGTCTTGCA-1	8
beige.day3_ACGGCCAAGTGCTGCC-1	6
beige.day3_ACGGCCACACCAGGTC-1	8
beige.day3_ACGGCCAGTACAGCAG-1	11
beige.day3_ACGGCCAGTACATCCA-1	9
beige.day3_ACGGCCAGTATAGTAG-1	12
beige.day3_ACGGCCAGTATCGCAT-1	7
beige.day3_ACGGCCAGTCGCATAT-1	8
beige.day3_ACGGCCAGTTTGTTGG-1	9
beige.day3_ACGGCCATCAGATAAG-1	7
beige.day3_ACGGCCATCATGGTCA-1	6
beige.day3_ACGGCCATCATGTGGT-1	8
beige.day3_ACGGCCATCCACGTTC-1	8
beige.day3_ACGGCCATCCTTTACA-1	8
beige.day3_ACGGCCATCGCTTGTC-1	10
beige.day3_ACGGCCATCGTGGACC-1	8
beige.day3_ACGGCCATCGTTGCCT-1	11
beige.day3_ACGGCCATCTCAAGTG-1	7
beige.day3_ACGGCCATCTGAGGGA-1	9
beige.day3_ACGGCCATCTTCGAGA-1	8
beige.day3_ACGGGCTAGACAGAGA-1	8
beige.day3_ACGGGCTAGCCCAACC-1	8
beige.day3_ACGGGCTAGGAGTACC-1	11
beige.day3_ACGGGCTAGGCCGAAT-1	7
beige.day3_ACGGGCTCACACCGCA-1	8
beige.day3_ACGGGCTCACCACCAG-1	8
beige.day3_ACGGGCTCAGCAGTTT-1	10
beige.day3_ACGGGCTGTCAGAATA-1	6
beige.day3_ACGGGCTGTCCGTTAA-1	8
beige.day3_ACGGGCTGTGACGCCT-1	8
beige.day3_ACGGGCTGTGAGTATA-1	12
beige.day3_ACGGGCTGTGCACTTA-1	12
beige.day3_ACGGGCTGTTAAGAAC-1	8
beige.day3_ACGGGCTTCACGCATA-1	6
beige.day3_ACGGGCTTCCGAGCCA-1	12
beige.day3_ACGGGCTTCCGTTGCT-1	8
beige.day3_ACGGGCTTCGCCTGTT-1	11
beige.day3_ACGGGCTTCGGTGTCG-1	8
beige.day3_ACGGGCTTCTAGAGTC-1	8
beige.day3_ACGGGTCAGCGAAGGG-1	9
beige.day3_ACGGGTCAGGAATCGC-1	8
beige.day3_ACGGGTCAGGACACCA-1	11
beige.day3_ACGGGTCAGGCAGGTT-1	10
beige.day3_ACGGGTCAGTGAATTG-1	8
beige.day3_ACGGGTCCAAGACGTG-1	9
beige.day3_ACGGGTCCAAGCCGTC-1	7
beige.day3_ACGGGTCCACATTTCT-1	7
beige.day3_ACGGGTCCACCAGCAC-1	9
beige.day3_ACGGGTCCACCTGGTG-1	12
beige.day3_ACGGGTCCATCGTCGG-1	9
beige.day3_ACGGGTCCATGTCCTC-1	8
beige.day3_ACGGGTCGTACCTACA-1	8
beige.day3_ACGGGTCGTATATCCG-1	8
beige.day3_ACGGGTCGTGTGCCTG-1	9
beige.day3_ACGGGTCGTTCCCTTG-1	12
beige.day3_ACGGGTCTCCAGATCA-1	8
beige.day3_ACGGGTCTCCGCAAGC-1	8
beige.day3_ACGGGTCTCTCCAGGG-1	8
beige.day3_ACGGGTCTCTCGAGTA-1	11
beige.day3_ACGTCAAAGACTTTCG-1	12
beige.day3_ACGTCAAAGAGTGAGA-1	8
beige.day3_ACGTCAAAGCACACAG-1	12
beige.day3_ACGTCAAAGCGCCTCA-1	8
beige.day3_ACGTCAAAGCTTCGCG-1	12
beige.day3_ACGTCAAAGGCCGAAT-1	8
beige.day3_ACGTCAAAGGCTACGA-1	8
beige.day3_ACGTCAAAGGTAGCCA-1	9
beige.day3_ACGTCAAAGTGCGTGA-1	11
beige.day3_ACGTCAAAGTTCGATC-1	7
beige.day3_ACGTCAACACACTGCG-1	12
beige.day3_ACGTCAACACAGACTT-1	7
beige.day3_ACGTCAACACGGCCAT-1	12
beige.day3_ACGTCAACAGATCCAT-1	10
beige.day3_ACGTCAACAGTATCTG-1	7
beige.day3_ACGTCAACATTCCTGC-1	5
beige.day3_ACGTCAACATTCTTAC-1	12
beige.day3_ACGTCAAGTCGAATCT-1	12
beige.day3_ACGTCAAGTCTCTCTG-1	12
beige.day3_ACGTCAAGTGTAAGTA-1	10
beige.day3_ACGTCAAGTTCAGGCC-1	8
beige.day3_ACGTCAATCAACTCTT-1	7
beige.day3_ACGTCAATCGCAGGCT-1	11
beige.day3_ACGTCAATCGGCGCTA-1	12
beige.day3_ACGTCAATCGGTCTAA-1	8
beige.day3_ACGTCAATCGTAGGAG-1	8
beige.day3_ACGTCAATCTCCAACC-1	10
beige.day3_ACGTCAATCTGCGACG-1	12
beige.day3_ACGTCAATCTTGACGA-1	12
beige.day3_ACGTCAATCTTGGGTA-1	12
beige.day3_ACTATCTAGACAGGCT-1	12
beige.day3_ACTATCTAGAGCTTCT-1	12
beige.day3_ACTATCTAGATAGCAT-1	12
beige.day3_ACTATCTAGATGGCGT-1	12
beige.day3_ACTATCTAGATGGGTC-1	10
beige.day3_ACTATCTAGCGGCTTC-1	7
beige.day3_ACTATCTAGCTCCTCT-1	8
beige.day3_ACTATCTAGGACACCA-1	8
beige.day3_ACTATCTAGGCTCTTA-1	8
beige.day3_ACTATCTCACTTCGAA-1	11
beige.day3_ACTATCTCATTTGCTT-1	9
beige.day3_ACTATCTGTCAGAAGC-1	11
beige.day3_ACTATCTGTCCGAATT-1	7
beige.day3_ACTATCTGTCTTCAAG-1	11
beige.day3_ACTATCTGTTCCAACA-1	9
beige.day3_ACTATCTGTTTAGCTG-1	8
beige.day3_ACTATCTTCATCTGCC-1	8
beige.day3_ACTATCTTCATCTGTT-1	7
beige.day3_ACTATCTTCCAGAAGG-1	11
beige.day3_ACTATCTTCCCATTTA-1	10
beige.day3_ACTATCTTCGCTTAGA-1	12
beige.day3_ACTATCTTCTCGTATT-1	9
beige.day3_ACTATCTTCTGTTGAG-1	11
beige.day3_ACTATCTTCTTGCCGT-1	12
beige.day3_ACTATCTTCTTTACAC-1	10
beige.day3_ACTGAACAGCCATCGC-1	8
beige.day3_ACTGAACAGCTGTTCA-1	10
beige.day3_ACTGAACAGGCGTACA-1	8
beige.day3_ACTGAACAGTACGCCC-1	12
beige.day3_ACTGAACCAAATCCGT-1	7
beige.day3_ACTGAACCAAGGGTCA-1	11
beige.day3_ACTGAACCACACCGCA-1	9
beige.day3_ACTGAACCAGATCCAT-1	5
beige.day3_ACTGAACGTAATAGCA-1	10
beige.day3_ACTGAACGTACCATCA-1	11
beige.day3_ACTGAACGTCCGAAGA-1	12
beige.day3_ACTGAACGTCCTGCTT-1	8
beige.day3_ACTGAACGTTAAGAAC-1	9
beige.day3_ACTGAACTCAGAAATG-1	8
beige.day3_ACTGAACTCATACGGT-1	11
beige.day3_ACTGAACTCCTTGGTC-1	8
beige.day3_ACTGAACTCGGAATCT-1	11
beige.day3_ACTGAGTAGATACACA-1	8
beige.day3_ACTGAGTAGCGTCAAG-1	9
beige.day3_ACTGAGTAGCGTCTAT-1	8
beige.day3_ACTGAGTAGGCTATCT-1	9
beige.day3_ACTGAGTAGTCGTACT-1	8
beige.day3_ACTGAGTAGTGTCTCA-1	9
beige.day3_ACTGAGTAGTTCGCGC-1	8
beige.day3_ACTGAGTCAATTCCTT-1	12
beige.day3_ACTGAGTCACAGGTTT-1	7
beige.day3_ACTGAGTCACCAGTTA-1	12
beige.day3_ACTGAGTCACCTGGTG-1	9
beige.day3_ACTGAGTCACTATCTT-1	7
beige.day3_ACTGAGTCAGGGTATG-1	12
beige.day3_ACTGAGTCATATGGTC-1	7
beige.day3_ACTGAGTCATGGTTGT-1	8
beige.day3_ACTGAGTGTATCAGTC-1	9
beige.day3_ACTGAGTGTCAGGACA-1	8
beige.day3_ACTGAGTGTCCCTACT-1	9
beige.day3_ACTGAGTGTGTCTGAT-1	12
beige.day3_ACTGAGTGTGTTTGGT-1	8
beige.day3_ACTGAGTGTGTTTGTG-1	12
beige.day3_ACTGAGTTCAAGCCTA-1	9
beige.day3_ACTGAGTTCCTCATTA-1	8
beige.day3_ACTGAGTTCTGTCAAG-1	12
beige.day3_ACTGAGTTCTTCTGGC-1	7
beige.day3_ACTGATGAGACAAGCC-1	12
beige.day3_ACTGATGAGACACGAC-1	9
beige.day3_ACTGATGAGCCACGTC-1	8
beige.day3_ACTGATGAGCCTATGT-1	8
beige.day3_ACTGATGAGGCAGGTT-1	11
beige.day3_ACTGATGAGTGGTAAT-1	11
beige.day3_ACTGATGCAAGCGTAG-1	12
beige.day3_ACTGATGCAGAAGCAC-1	8
beige.day3_ACTGATGCATAGGATA-1	12
beige.day3_ACTGATGCATATACCG-1	8
beige.day3_ACTGATGCATCCGTGG-1	8
beige.day3_ACTGATGCATCTATGG-1	8
beige.day3_ACTGATGCATTCCTCG-1	9
beige.day3_ACTGATGGTGTTGGGA-1	8
beige.day3_ACTGATGGTTTGGCGC-1	8
beige.day3_ACTGATGTCATCGCTC-1	12
beige.day3_ACTGATGTCCCTAACC-1	8
beige.day3_ACTGATGTCTACTCAT-1	8
beige.day3_ACTGATGTCTCATTCA-1	8
beige.day3_ACTGCTCAGAAGCCCA-1	12
beige.day3_ACTGCTCAGATCACGG-1	11
beige.day3_ACTGCTCAGCAGACTG-1	10
beige.day3_ACTGCTCAGCCCAATT-1	7
beige.day3_ACTGCTCAGCGATATA-1	10
beige.day3_ACTGCTCAGCTTCGCG-1	8
beige.day3_ACTGCTCAGTGGGCTA-1	8
beige.day3_ACTGCTCAGTGTGGCA-1	5
beige.day3_ACTGCTCCACTCTGTC-1	10
beige.day3_ACTGCTCCACTTCGAA-1	7
beige.day3_ACTGCTCCAGCCAATT-1	10
beige.day3_ACTGCTCCAGTACACT-1	9
beige.day3_ACTGCTCCAGTTAACC-1	11
beige.day3_ACTGCTCCATATACGC-1	9
beige.day3_ACTGCTCCATCGTCGG-1	6
beige.day3_ACTGCTCCATGTAGTC-1	9
beige.day3_ACTGCTCGTAACGTTC-1	8
beige.day3_ACTGCTCGTCCTGCTT-1	11
beige.day3_ACTGCTCGTGAACCTT-1	12
beige.day3_ACTGCTCGTTAAGAAC-1	7
beige.day3_ACTGCTCGTTCCGGCA-1	12
beige.day3_ACTGCTCGTTGGTTTG-1	12
beige.day3_ACTGCTCTCAATCACG-1	8
beige.day3_ACTGCTCTCACCCTCA-1	8
beige.day3_ACTGCTCTCACTTATC-1	12
beige.day3_ACTGCTCTCATGTAGC-1	8
beige.day3_ACTGCTCTCTCCGGTT-1	11
beige.day3_ACTGCTCTCTGAGTGT-1	8
beige.day3_ACTGTCCAGGCAATTA-1	12
beige.day3_ACTGTCCAGGCCGAAT-1	12
beige.day3_ACTGTCCAGGTCATCT-1	12
beige.day3_ACTGTCCAGGTGACCA-1	12
beige.day3_ACTGTCCAGTTCGATC-1	11
beige.day3_ACTGTCCCAAGGTTTC-1	11
beige.day3_ACTGTCCCAATAGCAA-1	11
beige.day3_ACTGTCCCACACCGAC-1	8
beige.day3_ACTGTCCCACCGCTAG-1	10
beige.day3_ACTGTCCCATTCCTGC-1	9
beige.day3_ACTGTCCGTCTAGCCG-1	8
beige.day3_ACTGTCCGTGAGTATA-1	12
beige.day3_ACTGTCCTCACCGGGT-1	7
beige.day3_ACTGTCCTCAGTGCAT-1	9
beige.day3_ACTGTCCTCATATCGG-1	9
beige.day3_ACTGTCCTCCACTCCA-1	7
beige.day3_ACTGTCCTCGATAGAA-1	9
beige.day3_ACTGTCCTCGGCGGTT-1	12
beige.day3_ACTGTCCTCTTCGAGA-1	8
beige.day3_ACTTACTAGAGCCTAG-1	8
beige.day3_ACTTACTAGCACGCCT-1	12
beige.day3_ACTTACTAGCCCTAAT-1	12
beige.day3_ACTTACTAGGACAGAA-1	12
beige.day3_ACTTACTAGTACATGA-1	7
beige.day3_ACTTACTAGTCATCCA-1	9
beige.day3_ACTTACTAGTGAACAT-1	12
beige.day3_ACTTACTAGTGGAGTC-1	12
beige.day3_ACTTACTAGTGTGAAT-1	9
beige.day3_ACTTACTCAATGACCT-1	9
beige.day3_ACTTACTCACAAGCCC-1	9
beige.day3_ACTTACTCACTGCCAG-1	8
beige.day3_ACTTACTCAGGACGTA-1	12
beige.day3_ACTTACTCATCACAAC-1	8
beige.day3_ACTTACTCATGGTTGT-1	8
beige.day3_ACTTACTGTAGAGGAA-1	12
beige.day3_ACTTACTGTCATACTG-1	5
beige.day3_ACTTACTGTCCAGTTA-1	8
beige.day3_ACTTACTGTCCGTTAA-1	11
beige.day3_ACTTACTGTTCGAATC-1	12
beige.day3_ACTTACTGTTCTGGTA-1	12
beige.day3_ACTTACTTCTTGTTTG-1	7
beige.day3_ACTTGTTAGAACTCGG-1	8
beige.day3_ACTTGTTAGACTAGGC-1	8
beige.day3_ACTTGTTAGAGCAATT-1	8
beige.day3_ACTTGTTAGATCCTGT-1	11
beige.day3_ACTTGTTAGGCATTGG-1	8
beige.day3_ACTTGTTAGGCCATAG-1	8
beige.day3_ACTTGTTAGGCTACGA-1	8
beige.day3_ACTTGTTAGTGCTGCC-1	9
beige.day3_ACTTGTTAGTGTGAAT-1	9
beige.day3_ACTTGTTAGTTAGCGG-1	10
beige.day3_ACTTGTTCAAGGTTTC-1	8
beige.day3_ACTTGTTCACATGACT-1	8
beige.day3_ACTTGTTCACCAGATT-1	9
beige.day3_ACTTGTTCACGGTGTC-1	12
beige.day3_ACTTGTTCAGGCTGAA-1	10
beige.day3_ACTTGTTCAGTCAGCC-1	12
beige.day3_ACTTGTTCAGTTAACC-1	8
beige.day3_ACTTGTTCAGTTCATG-1	8
beige.day3_ACTTGTTCATCGGGTC-1	11
beige.day3_ACTTGTTCATGCCACG-1	8
beige.day3_ACTTGTTGTACGCACC-1	8
beige.day3_ACTTGTTTCACCTCGT-1	12
beige.day3_ACTTGTTTCACTCTTA-1	10
beige.day3_ACTTGTTTCATTCACT-1	5
beige.day3_ACTTGTTTCCGATATG-1	9
beige.day3_ACTTGTTTCCGCATCT-1	7
beige.day3_ACTTGTTTCTGTTGAG-1	8
beige.day3_ACTTTCAAGACCCACC-1	6
beige.day3_ACTTTCAAGATCTGCT-1	10
beige.day3_ACTTTCAAGCCGCCTA-1	9
beige.day3_ACTTTCAAGCGTTGCC-1	12
beige.day3_ACTTTCAAGCTAAGAT-1	11
beige.day3_ACTTTCAAGTGGTAGC-1	11
beige.day3_ACTTTCACAGCGAACA-1	9
beige.day3_ACTTTCAGTAGAGTGC-1	12
beige.day3_ACTTTCAGTCATCCCT-1	7
beige.day3_ACTTTCAGTCTGATTG-1	8
beige.day3_ACTTTCAGTGGGTATG-1	12
beige.day3_ACTTTCAGTTACGGAG-1	8
beige.day3_ACTTTCAGTTCGGGCT-1	12
beige.day3_ACTTTCAGTTGGACCC-1	8
beige.day3_ACTTTCATCAGAGCTT-1	8
beige.day3_ACTTTCATCCAAACAC-1	9
beige.day3_ACTTTCATCCACTCCA-1	8
beige.day3_ACTTTCATCGGCGCTA-1	12
beige.day3_AGAATAGAGCAATCTC-1	12
beige.day3_AGAATAGAGCATGGCA-1	6
beige.day3_AGAATAGCAACTGCTA-1	7
beige.day3_AGAATAGCAAGACGTG-1	12
beige.day3_AGAATAGCACGGCCAT-1	8
beige.day3_AGAATAGCACGGCGTT-1	10
beige.day3_AGAATAGCATCATCCC-1	12
beige.day3_AGAATAGGTCAACATC-1	8
beige.day3_AGAATAGGTGCGGTAA-1	8
beige.day3_AGAATAGTCACCGTAA-1	8
beige.day3_AGAATAGTCCCATTTA-1	8
beige.day3_AGAATAGTCCTATGTT-1	8
beige.day3_AGAATAGTCGAACGGA-1	12
beige.day3_AGAATAGTCGATAGAA-1	8
beige.day3_AGAATAGTCTCGAGTA-1	7
beige.day3_AGAATAGTCTGGGCCA-1	7
beige.day3_AGAATAGTCTTGCATT-1	5
beige.day3_AGAATAGTCTTGGGTA-1	8
beige.day3_AGACGTTAGAGGTTGC-1	12
beige.day3_AGACGTTAGCTGCCCA-1	9
beige.day3_AGACGTTAGGACTGGT-1	12
beige.day3_AGACGTTAGGGCTTCC-1	8
beige.day3_AGACGTTAGGGTCGAT-1	8
beige.day3_AGACGTTAGGGTTTCT-1	6
beige.day3_AGACGTTAGTCAAGGC-1	7
beige.day3_AGACGTTAGTGCCAGA-1	12
beige.day3_AGACGTTAGTGGTAAT-1	10
beige.day3_AGACGTTCACGGCCAT-1	11
beige.day3_AGACGTTCATGATCCA-1	11
beige.day3_AGACGTTCATGCCTTC-1	11
beige.day3_AGACGTTCATTGGGCC-1	9
beige.day3_AGACGTTGTACAGTTC-1	8
beige.day3_AGACGTTGTCACACGC-1	12
beige.day3_AGACGTTGTCATATCG-1	11
beige.day3_AGACGTTGTCTAGGTT-1	10
beige.day3_AGACGTTGTGACAAAT-1	10
beige.day3_AGACGTTGTTACGCGC-1	7
beige.day3_AGACGTTTCAAGCCTA-1	8
beige.day3_AGACGTTTCAGCACAT-1	8
beige.day3_AGACGTTTCATAACCG-1	6
beige.day3_AGACGTTTCCTTAATC-1	12
beige.day3_AGACGTTTCTCCAGGG-1	12
beige.day3_AGACGTTTCTCCGGTT-1	8
beige.day3_AGACGTTTCTCGCTTG-1	7
beige.day3_AGAGCGAAGAGACTTA-1	9
beige.day3_AGAGCGAAGAGTACAT-1	8
beige.day3_AGAGCGAAGATCCGAG-1	8
beige.day3_AGAGCGAAGCTAACTC-1	11
beige.day3_AGAGCGAAGTGATCGG-1	8
beige.day3_AGAGCGAAGTTAGGTA-1	8
beige.day3_AGAGCGACAATAACGA-1	9
beige.day3_AGAGCGACACTGCCAG-1	10
beige.day3_AGAGCGACATCTCCCA-1	8
beige.day3_AGAGCGACATGGGAAC-1	12
beige.day3_AGAGCGAGTAATAGCA-1	9
beige.day3_AGAGCGAGTACGCTGC-1	9
beige.day3_AGAGCGAGTAGATTAG-1	8
beige.day3_AGAGCGAGTGCCTGTG-1	9
beige.day3_AGAGCGAGTTAAGTAG-1	11
beige.day3_AGAGCGATCACGACTA-1	8
beige.day3_AGAGCGATCAGTTAGC-1	8
beige.day3_AGAGCGATCCCAGGTG-1	9
beige.day3_AGAGCGATCCTATGTT-1	7
beige.day3_AGAGCGATCGCATGGC-1	9
beige.day3_AGAGCGATCTCAAACG-1	8
beige.day3_AGAGCTTAGAGCTATA-1	12
beige.day3_AGAGCTTAGCCCTAAT-1	8
beige.day3_AGAGCTTAGGCCGAAT-1	11
beige.day3_AGAGCTTAGGGAACGG-1	8
beige.day3_AGAGCTTAGGTGACCA-1	12
beige.day3_AGAGCTTAGTCTCAAC-1	12
beige.day3_AGAGCTTAGTGGTAAT-1	10
beige.day3_AGAGCTTCAAAGCGGT-1	11
beige.day3_AGAGCTTCAAGCCGCT-1	12
beige.day3_AGAGCTTCAAGCGAGT-1	8
beige.day3_AGAGCTTCACCTTGTC-1	8
beige.day3_AGAGCTTCACGGTAGA-1	8
beige.day3_AGAGCTTCACTAAGTC-1	1
beige.day3_AGAGCTTCAGCGATCC-1	8
beige.day3_AGAGCTTCATCTCCCA-1	8
beige.day3_AGAGCTTGTCAGAATA-1	12
beige.day3_AGAGCTTGTCATACTG-1	8
beige.day3_AGAGCTTGTCCAACTA-1	9
beige.day3_AGAGCTTGTCGCGAAA-1	12
beige.day3_AGAGCTTGTGAGTGAC-1	8
beige.day3_AGAGCTTTCACAATGC-1	12
beige.day3_AGAGCTTTCCAGATCA-1	11
beige.day3_AGAGCTTTCGGCGCTA-1	12
beige.day3_AGAGCTTTCGTTTGCC-1	8
beige.day3_AGAGTGGAGATCTGCT-1	8
beige.day3_AGAGTGGAGCAGGTCA-1	8
beige.day3_AGAGTGGAGGATTCGG-1	8
beige.day3_AGAGTGGAGGCGCTCT-1	8
beige.day3_AGAGTGGAGGCTAGCA-1	9
beige.day3_AGAGTGGAGTCGATAA-1	11
beige.day3_AGAGTGGCAAATTGCC-1	7
beige.day3_AGAGTGGCAAGAAGAG-1	11
beige.day3_AGAGTGGCACAAGACG-1	10
beige.day3_AGAGTGGCACATTCGA-1	12
beige.day3_AGAGTGGCACCTGGTG-1	10
beige.day3_AGAGTGGCATAGACTC-1	12
beige.day3_AGAGTGGCATGGTCAT-1	8
beige.day3_AGAGTGGGTAAGAGGA-1	9
beige.day3_AGAGTGGGTCGACTAT-1	8
beige.day3_AGAGTGGGTTAAGACA-1	9
beige.day3_AGAGTGGTCAGCTTAG-1	8
beige.day3_AGAGTGGTCCACGTGG-1	9
beige.day3_AGAGTGGTCCCTAACC-1	12
beige.day3_AGAGTGGTCGCAGGCT-1	7
beige.day3_AGAGTGGTCTCACATT-1	12
beige.day3_AGAGTGGTCTCGGACG-1	8
beige.day3_AGAGTGGTCTCTGCTG-1	11
beige.day3_AGAGTGGTCTTGTACT-1	11
beige.day3_AGATCTGAGAACAACT-1	7
beige.day3_AGATCTGAGCGGCTTC-1	8
beige.day3_AGATCTGAGCTGCGAA-1	7
beige.day3_AGATCTGAGGAGCGTT-1	9
beige.day3_AGATCTGAGTCATGCT-1	10
beige.day3_AGATCTGAGTGTTAGA-1	8
beige.day3_AGATCTGCACGGCGTT-1	12
beige.day3_AGATCTGCATGGAATA-1	9
beige.day3_AGATCTGCATGTCTCC-1	8
beige.day3_AGATCTGGTAAGTTCC-1	8
beige.day3_AGATCTGGTATAATGG-1	9
beige.day3_AGATCTGGTATATGAG-1	12
beige.day3_AGATCTGGTGATAAGT-1	9
beige.day3_AGATCTGTCAATAAGG-1	12
beige.day3_AGATCTGTCACTCTTA-1	7
beige.day3_AGATCTGTCATTATCC-1	8
beige.day3_AGATCTGTCCAGAAGG-1	10
beige.day3_AGATCTGTCGCGCCAA-1	12
beige.day3_AGATCTGTCGGCCGAT-1	11
beige.day3_AGATCTGTCGTCACGG-1	7
beige.day3_AGATCTGTCGTGGACC-1	8
beige.day3_AGATCTGTCTTCCTTC-1	11
beige.day3_AGATTGCAGACGCAAC-1	9
beige.day3_AGATTGCAGCTAGCCC-1	8
beige.day3_AGATTGCAGGGAGTAA-1	12
beige.day3_AGATTGCAGGGCACTA-1	10
beige.day3_AGATTGCAGGTGTGGT-1	8
beige.day3_AGATTGCAGGTTACCT-1	7
beige.day3_AGATTGCAGTAACCCT-1	12
beige.day3_AGATTGCAGTCTCCTC-1	11
beige.day3_AGATTGCAGTGATCGG-1	8
beige.day3_AGATTGCCAAATACAG-1	10
beige.day3_AGATTGCCAAATTGCC-1	11
beige.day3_AGATTGCCAAGCGAGT-1	8
beige.day3_AGATTGCCAATGGAAT-1	9
beige.day3_AGATTGCCACTCGACG-1	7
beige.day3_AGATTGCCAGACAAAT-1	8
beige.day3_AGATTGCCAGTCAGCC-1	8
beige.day3_AGATTGCCATCGGGTC-1	12
beige.day3_AGATTGCCATGAGCGA-1	12
beige.day3_AGATTGCGTAAGTGTA-1	5
beige.day3_AGATTGCGTCTGGAGA-1	9
beige.day3_AGATTGCGTGCAGTAG-1	5
beige.day3_AGATTGCGTGCGAAAC-1	12
beige.day3_AGATTGCTCGGACAAG-1	8
beige.day3_AGATTGCTCGGTGTTA-1	12
beige.day3_AGATTGCTCTGAGTGT-1	9
beige.day3_AGATTGCTCTGCCAGG-1	9
beige.day3_AGATTGCTCTGCGACG-1	8
beige.day3_AGCAGCCAGACTTGAA-1	8
beige.day3_AGCAGCCAGAGCTTCT-1	10
beige.day3_AGCAGCCAGATAGTCA-1	7
beige.day3_AGCAGCCAGCACAGGT-1	12
beige.day3_AGCAGCCAGCTGGAAC-1	12
beige.day3_AGCAGCCAGGCATGTG-1	11
beige.day3_AGCAGCCAGGGAACGG-1	3
beige.day3_AGCAGCCAGTCCATAC-1	8
beige.day3_AGCAGCCAGTGAACAT-1	8
beige.day3_AGCAGCCAGTGTTAGA-1	11
beige.day3_AGCAGCCCACACATGT-1	12
beige.day3_AGCAGCCCACCTCGGA-1	8
beige.day3_AGCAGCCCAGCATGAG-1	8
beige.day3_AGCAGCCCATATGGTC-1	12
beige.day3_AGCAGCCGTTGGGACA-1	10
beige.day3_AGCAGCCGTTTGGGCC-1	10
beige.day3_AGCAGCCTCCCGACTT-1	9
beige.day3_AGCAGCCTCCGTAGGC-1	9
beige.day3_AGCAGCCTCCTAAGTG-1	7
beige.day3_AGCAGCCTCCTTGGTC-1	7
beige.day3_AGCAGCCTCGCGATCG-1	8
beige.day3_AGCAGCCTCGGCGCTA-1	12
beige.day3_AGCAGCCTCGTGGTCG-1	8
beige.day3_AGCAGCCTCTTGACGA-1	8
beige.day3_AGCAGCCTCTTGAGAC-1	12
beige.day3_AGCATACAGAACTGTA-1	7
beige.day3_AGCATACAGACAATAC-1	6
beige.day3_AGCATACAGAGGTAGA-1	12
beige.day3_AGCATACAGATAGCAT-1	10
beige.day3_AGCATACAGGGAACGG-1	12
beige.day3_AGCATACAGTCCAGGA-1	12
beige.day3_AGCATACCAAGCCGCT-1	12
beige.day3_AGCATACCACAGACAG-1	8
beige.day3_AGCATACCACGAAATA-1	12
beige.day3_AGCATACCACGGTAGA-1	10
beige.day3_AGCATACCAGATCTGT-1	9
beige.day3_AGCATACCAGCCTATA-1	9
beige.day3_AGCATACCAGCTGTTA-1	10
beige.day3_AGCATACCAGGACCCT-1	7
beige.day3_AGCATACCAGTGAGTG-1	8
beige.day3_AGCATACCATATACGC-1	9
beige.day3_AGCATACCATGACGGA-1	8
beige.day3_AGCATACCATTAACCG-1	7
beige.day3_AGCATACCATTCACTT-1	12
beige.day3_AGCATACGTAGCGTCC-1	10
beige.day3_AGCATACGTCATCCCT-1	7
beige.day3_AGCATACGTCTAGTGT-1	11
beige.day3_AGCATACGTGCACCAC-1	11
beige.day3_AGCATACGTGGCTCCA-1	11
beige.day3_AGCATACGTTCAGACT-1	9
beige.day3_AGCATACTCAGTTCGA-1	8
beige.day3_AGCATACTCCAGAAGG-1	9
beige.day3_AGCATACTCCAGAGGA-1	12
beige.day3_AGCATACTCCCACTTG-1	7
beige.day3_AGCATACTCCCTAATT-1	10
beige.day3_AGCATACTCGAACTGT-1	8
beige.day3_AGCATACTCGCCAGCA-1	1
beige.day3_AGCATACTCGTCACGG-1	6
beige.day3_AGCATACTCTTCAACT-1	7
beige.day3_AGCCTAAAGAAGAAGC-1	11
beige.day3_AGCCTAAAGGAGTCTG-1	9
beige.day3_AGCCTAAAGGTGGGTT-1	10
beige.day3_AGCCTAAAGTATGACA-1	8
beige.day3_AGCCTAAAGTCCCACG-1	8
beige.day3_AGCCTAAAGTGGGTTG-1	7
beige.day3_AGCCTAACAATGTTGC-1	12
beige.day3_AGCCTAACACACGCTG-1	11
beige.day3_AGCCTAACATCCCATC-1	9
beige.day3_AGCCTAACATGCCTAA-1	11
beige.day3_AGCCTAAGTAACGCGA-1	8
beige.day3_AGCCTAAGTCTAGGTT-1	9
beige.day3_AGCCTAAGTCTCGTTC-1	12
beige.day3_AGCCTAAGTCTTCTCG-1	10
beige.day3_AGCCTAAGTGAAGGCT-1	11
beige.day3_AGCCTAAGTGGGTCAA-1	3
beige.day3_AGCCTAAGTGTTTGGT-1	10
beige.day3_AGCCTAATCAAGCCTA-1	7
beige.day3_AGCCTAATCGAATGGG-1	8
beige.day3_AGCCTAATCGCAAACT-1	12
beige.day3_AGCCTAATCGGCGCAT-1	7
beige.day3_AGCCTAATCGGGAGTA-1	12
beige.day3_AGCCTAATCTGACCTC-1	8
beige.day3_AGCGGTCAGCAATATG-1	9
beige.day3_AGCGGTCAGCTAGTCT-1	8
beige.day3_AGCGGTCAGGCTACGA-1	10
beige.day3_AGCGGTCAGGTAAACT-1	10
beige.day3_AGCGGTCAGTACGTTC-1	8
beige.day3_AGCGGTCAGTCCTCCT-1	10
beige.day3_AGCGGTCAGTGCGATG-1	7
beige.day3_AGCGGTCAGTTGTCGT-1	10
beige.day3_AGCGGTCCAAATCCGT-1	8
beige.day3_AGCGGTCCAAGTTGTC-1	9
beige.day3_AGCGGTCCACGCGAAA-1	8
beige.day3_AGCGGTCGTAGAGCTG-1	12
beige.day3_AGCGGTCGTAGTGAAT-1	10
beige.day3_AGCGGTCGTCCGAATT-1	8
beige.day3_AGCGGTCGTCGGCACT-1	12
beige.day3_AGCGGTCGTGTGACCC-1	8
beige.day3_AGCGGTCGTTCACGGC-1	5
beige.day3_AGCGGTCTCAGCATGT-1	12
beige.day3_AGCGGTCTCAGCTGGC-1	12
beige.day3_AGCGGTCTCCGAATGT-1	9
beige.day3_AGCGGTCTCGGCTTGG-1	9
beige.day3_AGCGGTCTCTGGAGCC-1	8
beige.day3_AGCGTATAGAGACTTA-1	8
beige.day3_AGCGTATAGCGATCCC-1	11
beige.day3_AGCGTATAGGTGTTAA-1	10
beige.day3_AGCGTATAGTTCGATC-1	10
beige.day3_AGCGTATCAAGTAATG-1	12
beige.day3_AGCGTATCACAACTGT-1	8
beige.day3_AGCGTATCACATGTGT-1	4
beige.day3_AGCGTATCACGAGGTA-1	8
beige.day3_AGCGTATCAGGCTGAA-1	12
beige.day3_AGCGTATCAGTACACT-1	11
beige.day3_AGCGTATCAGTATGCT-1	12
beige.day3_AGCGTATGTAAAGTCA-1	8
beige.day3_AGCGTATGTGTCAATC-1	8
beige.day3_AGCGTATTCAAAGTAG-1	11
beige.day3_AGCGTATTCACAAACC-1	6
beige.day3_AGCGTATTCGCTTAGA-1	8
beige.day3_AGCGTATTCGGTCTAA-1	12
beige.day3_AGCGTATTCTGCTTGC-1	10
beige.day3_AGCGTATTCTGTACGA-1	12
beige.day3_AGCGTATTCTTGTATC-1	12
beige.day3_AGCGTCGAGAAACCAT-1	12
beige.day3_AGCGTCGAGACGCACA-1	8
beige.day3_AGCGTCGAGAGGTACC-1	7
beige.day3_AGCGTCGAGCGATAGC-1	8
beige.day3_AGCGTCGAGGTCATCT-1	7
beige.day3_AGCGTCGCAGCCAGAA-1	10
beige.day3_AGCGTCGCATACTACG-1	12
beige.day3_AGCGTCGTCAATCTCT-1	12
beige.day3_AGCTCCTAGATCCGAG-1	12
beige.day3_AGCTCCTAGATGCCAG-1	8
beige.day3_AGCTCCTAGCCCAACC-1	6
beige.day3_AGCTCCTAGCTAAACA-1	12
beige.day3_AGCTCCTAGCTTCGCG-1	9
beige.day3_AGCTCCTAGGCATGTG-1	11
beige.day3_AGCTCCTAGTACACCT-1	12
beige.day3_AGCTCCTAGTGGAGAA-1	8
beige.day3_AGCTCCTAGTTACGGG-1	7
beige.day3_AGCTCCTCAAGCCCAC-1	10
beige.day3_AGCTCCTCAAGTCTGT-1	8
beige.day3_AGCTCCTCACAACTGT-1	8
beige.day3_AGCTCCTCACTCAGGC-1	11
beige.day3_AGCTCCTCATGACATC-1	9
beige.day3_AGCTCCTCATGCCCGA-1	12
beige.day3_AGCTCCTGTGGTCTCG-1	12
beige.day3_AGCTCCTGTGTCCTCT-1	9
beige.day3_AGCTCCTGTGTGCGTC-1	5
beige.day3_AGCTCCTTCAAACCAC-1	10
beige.day3_AGCTCCTTCACCCGAG-1	8
beige.day3_AGCTCCTTCACTGGGC-1	11
beige.day3_AGCTCCTTCGCTAGCG-1	5
beige.day3_AGCTCCTTCTGCTGCT-1	12
beige.day3_AGCTCCTTCTTTACGT-1	12
beige.day3_AGCTCTCAGAGCCCAA-1	9
beige.day3_AGCTCTCAGCGCCTTG-1	8
beige.day3_AGCTCTCAGCGTAGTG-1	12
beige.day3_AGCTCTCAGCTGTTCA-1	12
beige.day3_AGCTCTCAGTACGTTC-1	12
beige.day3_AGCTCTCCAAATCCGT-1	7
beige.day3_AGCTCTCCAATAGCGG-1	12
beige.day3_AGCTCTCCACATCCGG-1	12
beige.day3_AGCTCTCCATTTCACT-1	12
beige.day3_AGCTCTCGTCCTCTTG-1	12
beige.day3_AGCTCTCGTGTCTGAT-1	9
beige.day3_AGCTCTCTCACCACCT-1	7
beige.day3_AGCTCTCTCAGCAACT-1	12
beige.day3_AGCTCTCTCCCAAGTA-1	8
beige.day3_AGCTCTCTCCTTTACA-1	8
beige.day3_AGCTCTCTCGAGGTAG-1	12
beige.day3_AGCTCTCTCGTTACAG-1	11
beige.day3_AGCTTGAAGCCTATGT-1	10
beige.day3_AGCTTGAAGCTGCCCA-1	8
beige.day3_AGCTTGAAGTCACGCC-1	7
beige.day3_AGCTTGACAATGGTCT-1	9
beige.day3_AGCTTGACACAAGACG-1	9
beige.day3_AGCTTGACACCGAAAG-1	8
beige.day3_AGCTTGACAGGGTACA-1	8
beige.day3_AGCTTGACAGGGTATG-1	9
beige.day3_AGCTTGACAGTCAGCC-1	8
beige.day3_AGCTTGAGTAAGGGAA-1	11
beige.day3_AGCTTGAGTACCGGCT-1	8
beige.day3_AGCTTGAGTAGCTAAA-1	7
beige.day3_AGCTTGAGTCAAACTC-1	8
beige.day3_AGCTTGAGTCATACTG-1	12
beige.day3_AGCTTGAGTCGGCTCA-1	6
beige.day3_AGCTTGAGTCTCAACA-1	8
beige.day3_AGCTTGAGTGAACCTT-1	8
beige.day3_AGCTTGAGTTAGGGTG-1	12
beige.day3_AGCTTGAGTTTGACTG-1	12
beige.day3_AGCTTGATCCCTTGCA-1	8
beige.day3_AGCTTGATCGCCATAA-1	8
beige.day3_AGGCCACAGATGTGGC-1	10
beige.day3_AGGCCACCACTGTTAG-1	11
beige.day3_AGGCCACCAGTTCATG-1	10
beige.day3_AGGCCACCATCCGGGT-1	8
beige.day3_AGGCCACGTGATGTCT-1	10
beige.day3_AGGCCACGTGCACTTA-1	10
beige.day3_AGGCCACTCACAACGT-1	9
beige.day3_AGGCCACTCACCGGGT-1	8
beige.day3_AGGCCACTCAGCACAT-1	8
beige.day3_AGGCCACTCAGTTGAC-1	11
beige.day3_AGGCCACTCCGAACGC-1	10
beige.day3_AGGCCACTCTCAAACG-1	9
beige.day3_AGGCCGTAGAAGGTTT-1	8
beige.day3_AGGCCGTAGCGATTCT-1	8
beige.day3_AGGCCGTAGGCGTACA-1	5
beige.day3_AGGCCGTAGTTAGGTA-1	8
beige.day3_AGGCCGTCAAAGCAAT-1	10
beige.day3_AGGCCGTCAACGCACC-1	10
beige.day3_AGGCCGTCAAGTAGTA-1	11
beige.day3_AGGCCGTCACCCATTC-1	9
beige.day3_AGGCCGTCACTGTCGG-1	9
beige.day3_AGGCCGTCAGTATGCT-1	8
beige.day3_AGGCCGTCAGTGGGAT-1	7
beige.day3_AGGCCGTGTAATCGTC-1	11
beige.day3_AGGCCGTGTCAAGCGA-1	8
beige.day3_AGGCCGTGTCATCCCT-1	12
beige.day3_AGGCCGTGTCGAGTTT-1	6
beige.day3_AGGCCGTGTCTCAACA-1	8
beige.day3_AGGCCGTGTCTCTTAT-1	8
beige.day3_AGGCCGTGTGCAGGTA-1	6
beige.day3_AGGCCGTTCACCGGGT-1	12
beige.day3_AGGCCGTTCCTTAATC-1	8
beige.day3_AGGCCGTTCGTCACGG-1	9
beige.day3_AGGCCGTTCTGGCGAC-1	8
beige.day3_AGGGAGTAGACAAGCC-1	11
beige.day3_AGGGAGTAGCCCTAAT-1	9
beige.day3_AGGGAGTAGCGCTCCA-1	7
beige.day3_AGGGAGTAGCGTTCCG-1	12
beige.day3_AGGGAGTAGCTAAGAT-1	7
beige.day3_AGGGAGTAGCTGTTCA-1	8
beige.day3_AGGGAGTAGGGATCTG-1	7
beige.day3_AGGGAGTAGTAGCCGA-1	11
beige.day3_AGGGAGTAGTAGGCCA-1	7
beige.day3_AGGGAGTAGTGCCAGA-1	12
beige.day3_AGGGAGTAGTGGAGTC-1	7
beige.day3_AGGGAGTCACAGGCCT-1	7
beige.day3_AGGGAGTCACTTAACG-1	11
beige.day3_AGGGAGTCAGATCCAT-1	8
beige.day3_AGGGAGTCAGGGATTG-1	7
beige.day3_AGGGAGTCAGGTTTCA-1	8
beige.day3_AGGGAGTCAGTTCCCT-1	8
beige.day3_AGGGAGTCATACCATG-1	8
beige.day3_AGGGAGTCATCACGTA-1	11
beige.day3_AGGGAGTCATGGAATA-1	10
beige.day3_AGGGAGTCATGTAGTC-1	8
beige.day3_AGGGAGTGTAAGTGTA-1	7
beige.day3_AGGGAGTGTAATCACC-1	7
beige.day3_AGGGAGTGTCAGAGGT-1	11
beige.day3_AGGGAGTGTCGGGTCT-1	8
beige.day3_AGGGAGTGTGAGCGAT-1	8
beige.day3_AGGGAGTGTTAGTGGG-1	8
beige.day3_AGGGAGTGTTCAACCA-1	9
beige.day3_AGGGAGTTCAGTGCAT-1	10
beige.day3_AGGGAGTTCCGAGCCA-1	12
beige.day3_AGGGAGTTCGCATGAT-1	9
beige.day3_AGGGAGTTCGGTTCGG-1	7
beige.day3_AGGGATGAGACAGGCT-1	9
beige.day3_AGGGATGAGAGCTGCA-1	7
beige.day3_AGGGATGAGCACCGTC-1	10
beige.day3_AGGGATGAGCTCAACT-1	9
beige.day3_AGGGATGAGGAGTTGC-1	10
beige.day3_AGGGATGAGGCAGGTT-1	10
beige.day3_AGGGATGAGGGTGTTG-1	9
beige.day3_AGGGATGAGGTAGCCA-1	7
beige.day3_AGGGATGCACCTATCC-1	8
beige.day3_AGGGATGCACGAAGCA-1	11
beige.day3_AGGGATGCAGACTCGC-1	8
beige.day3_AGGGATGCAGGTGGAT-1	10
beige.day3_AGGGATGCATCCCATC-1	8
beige.day3_AGGGATGCATCCGTGG-1	9
beige.day3_AGGGATGCATCGGAAG-1	7
beige.day3_AGGGATGCATGTAGTC-1	8
beige.day3_AGGGATGCATTGAGCT-1	11
beige.day3_AGGGATGGTAATCGTC-1	11
beige.day3_AGGGATGGTCTTCGTC-1	9
beige.day3_AGGGATGGTGCTTCTC-1	12
beige.day3_AGGGATGGTGGGTATG-1	11
beige.day3_AGGGATGGTTAAGACA-1	9
beige.day3_AGGGATGGTTAAGTAG-1	9
beige.day3_AGGGATGGTTTGTTGG-1	6
beige.day3_AGGGATGTCAGGCCCA-1	9
beige.day3_AGGGATGTCCGAATGT-1	11
beige.day3_AGGGATGTCCGTAGGC-1	9
beige.day3_AGGGATGTCGAGAACG-1	12
beige.day3_AGGGATGTCGGAAACG-1	8
beige.day3_AGGGATGTCTATCGCC-1	8
beige.day3_AGGGATGTCTTGGGTA-1	10
beige.day3_AGGGTGAAGAGTAATC-1	12
beige.day3_AGGGTGAAGCACGCCT-1	9
beige.day3_AGGGTGAAGCATCATC-1	8
beige.day3_AGGGTGAAGCCAGTAG-1	7
beige.day3_AGGGTGAAGCGTTGCC-1	11
beige.day3_AGGGTGAAGCTACCTA-1	7
beige.day3_AGGGTGAAGGGCTTGA-1	8
beige.day3_AGGGTGAAGGGTTTCT-1	11
beige.day3_AGGGTGACAATGCCAT-1	8
beige.day3_AGGGTGACAATGGTCT-1	9
beige.day3_AGGGTGACACTGCCAG-1	6
beige.day3_AGGGTGACAGACGCAA-1	8
beige.day3_AGGGTGACAGCTCCGA-1	8
beige.day3_AGGGTGACAGCTCGAC-1	12
beige.day3_AGGGTGACAGTAGAGC-1	12
beige.day3_AGGGTGACAGTGGGAT-1	8
beige.day3_AGGGTGAGTCTAGCCG-1	8
beige.day3_AGGGTGAGTCTTGTCC-1	12
beige.day3_AGGGTGAGTGCAACGA-1	12
beige.day3_AGGGTGAGTGCACCAC-1	8
beige.day3_AGGGTGATCAATAAGG-1	9
beige.day3_AGGGTGATCAGGTAAA-1	8
beige.day3_AGGGTGATCTCGAGTA-1	12
beige.day3_AGGGTGATCTCTAGGA-1	7
beige.day3_AGGTCATAGACGCACA-1	10
beige.day3_AGGTCATAGCACAGGT-1	10
beige.day3_AGGTCATAGCGCCTCA-1	10
beige.day3_AGGTCATAGCGTAGTG-1	12
beige.day3_AGGTCATAGCGTTCCG-1	9
beige.day3_AGGTCATAGCTAGTTC-1	11
beige.day3_AGGTCATAGCTGCGAA-1	11
beige.day3_AGGTCATAGGAATTAC-1	10
beige.day3_AGGTCATAGGGCACTA-1	11
beige.day3_AGGTCATAGTAGCCGA-1	8
beige.day3_AGGTCATAGTTAGCGG-1	6
beige.day3_AGGTCATCACAGGAGT-1	12
beige.day3_AGGTCATCAGATGGGT-1	11
beige.day3_AGGTCATCATAAGACA-1	12
beige.day3_AGGTCATCATGCAATC-1	12
beige.day3_AGGTCATGTCCAGTAT-1	12
beige.day3_AGGTCATGTCCGTTAA-1	12
beige.day3_AGGTCATGTGCATCTA-1	9
beige.day3_AGGTCATTCACTTACT-1	8
beige.day3_AGGTCATTCATAGCAC-1	11
beige.day3_AGGTCATTCATGTCCC-1	12
beige.day3_AGGTCATTCGATCCCT-1	8
beige.day3_AGGTCATTCGTCTGAA-1	8
beige.day3_AGGTCATTCTCCAACC-1	12
beige.day3_AGGTCATTCTGGGCCA-1	9
beige.day3_AGGTCATTCTTAACCT-1	11
beige.day3_AGGTCCGAGAAGGCCT-1	8
beige.day3_AGGTCCGAGCGTCAAG-1	8
beige.day3_AGGTCCGAGGCGCTCT-1	9
beige.day3_AGGTCCGAGGGTGTTG-1	7
beige.day3_AGGTCCGAGTACGTTC-1	8
beige.day3_AGGTCCGCAAGAGTCG-1	10
beige.day3_AGGTCCGCACCATCCT-1	11
beige.day3_AGGTCCGCACTTCGAA-1	11
beige.day3_AGGTCCGCAGGCTCAC-1	12
beige.day3_AGGTCCGGTCAAAGAT-1	6
beige.day3_AGGTCCGGTCAGAGGT-1	9
beige.day3_AGGTCCGGTCGACTGC-1	10
beige.day3_AGGTCCGGTCTTGATG-1	11
beige.day3_AGGTCCGGTTGTACAC-1	8
beige.day3_AGGTCCGTCACCTCGT-1	10
beige.day3_AGGTCCGTCACTGGGC-1	7
beige.day3_AGGTCCGTCAGATAAG-1	8
beige.day3_AGGTCCGTCCCGGATG-1	8
beige.day3_AGGTCCGTCCTTAATC-1	12
beige.day3_AGGTCCGTCGAGCCCA-1	11
beige.day3_AGGTCCGTCGGCCGAT-1	11
beige.day3_AGGTCCGTCGTGACAT-1	8
beige.day3_AGGTCCGTCTGAAAGA-1	9
beige.day3_AGGTCCGTCTTGGGTA-1	8
beige.day3_AGTAGTCAGAACTGTA-1	9
beige.day3_AGTAGTCAGAGACGAA-1	11
beige.day3_AGTAGTCAGCCCAATT-1	8
beige.day3_AGTAGTCAGCGCTTAT-1	8
beige.day3_AGTAGTCAGCTCTCGG-1	3
beige.day3_AGTAGTCAGGACACCA-1	8
beige.day3_AGTAGTCAGGACAGAA-1	8
beige.day3_AGTAGTCAGGACAGCT-1	12
beige.day3_AGTAGTCAGTTAGGTA-1	11
beige.day3_AGTAGTCAGTTATCGC-1	8
beige.day3_AGTAGTCAGTTCCACA-1	7
beige.day3_AGTAGTCCAAGGTGTG-1	5
beige.day3_AGTAGTCCAATCCAAC-1	7
beige.day3_AGTAGTCCAATCCGAT-1	8
beige.day3_AGTAGTCCACACAGAG-1	8
beige.day3_AGTAGTCCACCGTTGG-1	7
beige.day3_AGTAGTCCACGAAACG-1	8
beige.day3_AGTAGTCCACTACAGT-1	12
beige.day3_AGTAGTCCATAAAGGT-1	8
beige.day3_AGTAGTCCATAGACTC-1	11
beige.day3_AGTAGTCCATGTTGAC-1	8
beige.day3_AGTAGTCGTAGCGTGA-1	8
beige.day3_AGTAGTCGTCTCTCTG-1	8
beige.day3_AGTAGTCGTTGGTGGA-1	8
beige.day3_AGTAGTCTCAAGAAGT-1	8
beige.day3_AGTAGTCTCAAGATCC-1	7
beige.day3_AGTAGTCTCACGCGGT-1	10
beige.day3_AGTAGTCTCCGTCAAA-1	7
beige.day3_AGTAGTCTCGCCTGAG-1	7
beige.day3_AGTAGTCTCGTTTATC-1	8
beige.day3_AGTAGTCTCTTCATGT-1	11
beige.day3_AGTCTTTAGAATTGTG-1	12
beige.day3_AGTCTTTAGACGCACA-1	8
beige.day3_AGTCTTTAGATACACA-1	12
beige.day3_AGTCTTTAGCTCCTTC-1	8
beige.day3_AGTCTTTAGGGAGTAA-1	8
beige.day3_AGTCTTTAGGTCATCT-1	8
beige.day3_AGTCTTTAGGTCGGAT-1	11
beige.day3_AGTCTTTAGTCCTCCT-1	12
beige.day3_AGTCTTTAGTGTTAGA-1	7
beige.day3_AGTCTTTAGTTCGCGC-1	8
beige.day3_AGTCTTTCACCATCCT-1	8
beige.day3_AGTCTTTCATCCAACA-1	8
beige.day3_AGTCTTTCATCCGTGG-1	6
beige.day3_AGTCTTTGTTAGGGTG-1	10
beige.day3_AGTCTTTGTTGCTCCT-1	10
beige.day3_AGTCTTTGTTTCCACC-1	8
beige.day3_AGTCTTTTCAACACTG-1	7
beige.day3_AGTCTTTTCACCCGAG-1	8
beige.day3_AGTCTTTTCACGGTTA-1	8
beige.day3_AGTCTTTTCATTATCC-1	12
beige.day3_AGTCTTTTCCAAACAC-1	8
beige.day3_AGTCTTTTCGTCACGG-1	7
beige.day3_AGTCTTTTCGTCCAGG-1	8
beige.day3_AGTCTTTTCTCATTCA-1	12
beige.day3_AGTCTTTTCTGAAAGA-1	12
beige.day3_AGTCTTTTCTGTCCGT-1	12
beige.day3_AGTGAGGAGATCACGG-1	8
beige.day3_AGTGAGGAGATCCCAT-1	12
beige.day3_AGTGAGGAGTTGAGAT-1	8
beige.day3_AGTGAGGCAGCTGTTA-1	9
beige.day3_AGTGAGGCAGTGGAGT-1	9
beige.day3_AGTGAGGCATGTTCCC-1	12
beige.day3_AGTGAGGGTACTCGCG-1	9
beige.day3_AGTGAGGGTAGCTCCG-1	9
beige.day3_AGTGAGGGTCAGAAGC-1	10
beige.day3_AGTGAGGGTCCAGTTA-1	6
beige.day3_AGTGAGGGTCGCATAT-1	8
beige.day3_AGTGAGGGTGTGCGTC-1	8
beige.day3_AGTGAGGGTTCACGGC-1	8
beige.day3_AGTGAGGGTTCCTCCA-1	8
beige.day3_AGTGAGGTCATGCTCC-1	8
beige.day3_AGTGAGGTCCCATTAT-1	10
beige.day3_AGTGAGGTCCTACAGA-1	7
beige.day3_AGTGAGGTCGAACGGA-1	5
beige.day3_AGTGAGGTCGACGGAA-1	9
beige.day3_AGTGAGGTCGGCCGAT-1	6
beige.day3_AGTGGGAAGAGGTTGC-1	11
beige.day3_AGTGGGAAGCCAGTTT-1	8
beige.day3_AGTGGGAAGCTCCCAG-1	10
beige.day3_AGTGGGAAGGCTAGGT-1	8
beige.day3_AGTGGGAAGGTTCCTA-1	8
beige.day3_AGTGGGAAGTAGATGT-1	6
beige.day3_AGTGGGAAGTCGATAA-1	10
beige.day3_AGTGGGAAGTTCGCAT-1	10
beige.day3_AGTGGGACAAACCCAT-1	9
beige.day3_AGTGGGACAAAGGAAG-1	12
beige.day3_AGTGGGACACTGCCAG-1	12
beige.day3_AGTGGGACACTTAACG-1	9
beige.day3_AGTGGGACAGCTGCAC-1	9
beige.day3_AGTGGGACAGCTTCGG-1	10
beige.day3_AGTGGGACAGTAAGAT-1	10
beige.day3_AGTGGGACATTCCTGC-1	10
beige.day3_AGTGGGAGTCAGAGGT-1	8
beige.day3_AGTGGGAGTCGACTGC-1	7
beige.day3_AGTGGGAGTCTCATCC-1	9
beige.day3_AGTGGGAGTCTTTCAT-1	12
beige.day3_AGTGGGAGTGCGATAG-1	9
beige.day3_AGTGGGAGTTCTCATT-1	8
beige.day3_AGTGGGATCACTTATC-1	9
beige.day3_AGTGGGATCGTGGTCG-1	10
beige.day3_AGTGTCAAGAGCTATA-1	8
beige.day3_AGTGTCAAGAGGACGG-1	7
beige.day3_AGTGTCAAGAGTCGGT-1	7
beige.day3_AGTGTCAAGATGTGGC-1	7
beige.day3_AGTGTCAAGCCATCGC-1	12
beige.day3_AGTGTCAAGCGCCTTG-1	8
beige.day3_AGTGTCAAGCGTAATA-1	10
beige.day3_AGTGTCAAGTGAACAT-1	8
beige.day3_AGTGTCAAGTGCAAGC-1	8
beige.day3_AGTGTCAAGTGGACGT-1	8
beige.day3_AGTGTCACACCACCAG-1	12
beige.day3_AGTGTCACACTCTGTC-1	8
beige.day3_AGTGTCACAGCGATCC-1	7
beige.day3_AGTGTCACAGCGTCCA-1	8
beige.day3_AGTGTCACAGGATTGG-1	8
beige.day3_AGTGTCACATACAGCT-1	8
beige.day3_AGTGTCAGTAACGCGA-1	10
beige.day3_AGTGTCAGTAATCGTC-1	12
beige.day3_AGTGTCAGTCTCCACT-1	3
beige.day3_AGTGTCAGTGGTTTCA-1	12
beige.day3_AGTGTCAGTGTTTGTG-1	12
beige.day3_AGTGTCAGTTAAGATG-1	9
beige.day3_AGTGTCAGTTATGTGC-1	12
beige.day3_AGTGTCAGTTCCCGAG-1	9
beige.day3_AGTGTCAGTTGAACTC-1	12
beige.day3_AGTGTCATCCTGTAGA-1	7
beige.day3_AGTGTCATCGTGGTCG-1	7
beige.day3_AGTGTCATCTCTAAGG-1	8
beige.day3_AGTGTCATCTGTCTAT-1	12
beige.day3_AGTTGGTAGAGAGCTC-1	7
beige.day3_AGTTGGTAGAGGTAGA-1	6
beige.day3_AGTTGGTAGCATGGCA-1	12
beige.day3_AGTTGGTAGCCCGAAA-1	6
beige.day3_AGTTGGTAGCTCCTTC-1	8
beige.day3_AGTTGGTAGGTAGCTG-1	7
beige.day3_AGTTGGTCAAGCCGTC-1	12
beige.day3_AGTTGGTCAAGGGTCA-1	12
beige.day3_AGTTGGTCAATGTAAG-1	12
beige.day3_AGTTGGTCACCAACCG-1	11
beige.day3_AGTTGGTCACGAAGCA-1	8
beige.day3_AGTTGGTCAGCTCCGA-1	7
beige.day3_AGTTGGTCAGCTTCGG-1	7
beige.day3_AGTTGGTCAGTACACT-1	8
beige.day3_AGTTGGTCAGTTCATG-1	8
beige.day3_AGTTGGTCATGGTCTA-1	8
beige.day3_AGTTGGTGTAAATACG-1	11
beige.day3_AGTTGGTGTACCCAAT-1	9
beige.day3_AGTTGGTGTGAAAGAG-1	8
beige.day3_AGTTGGTGTTTAGCTG-1	7
beige.day3_AGTTGGTTCAATCACG-1	8
beige.day3_AGTTGGTTCAGGTAAA-1	8
beige.day3_AGTTGGTTCCATGAAC-1	6
beige.day3_AGTTGGTTCCCTAACC-1	10
beige.day3_AGTTGGTTCGGAGCAA-1	8
beige.day3_AGTTGGTTCGGCGCTA-1	8
beige.day3_AGTTGGTTCTTCAACT-1	5
beige.day3_AGTTGGTTCTTCTGGC-1	9
beige.day3_AGTTGGTTCTTTACAC-1	12
beige.day3_ATAACGCAGAACAATC-1	11
beige.day3_ATAACGCAGAGTAAGG-1	8
beige.day3_ATAACGCAGCACAGGT-1	7
beige.day3_ATAACGCAGTCGTACT-1	6
beige.day3_ATAACGCAGTTAAGTG-1	8
beige.day3_ATAACGCCAGATCTGT-1	9
beige.day3_ATAACGCCAGTGGGAT-1	7
beige.day3_ATAACGCCATACGCCG-1	11
beige.day3_ATAACGCGTATTAGCC-1	9
beige.day3_ATAACGCGTCTTGATG-1	6
beige.day3_ATAACGCGTGCACCAC-1	8
beige.day3_ATAACGCTCAAGGTAA-1	11
beige.day3_ATAACGCTCCTCAATT-1	9
beige.day3_ATAACGCTCGAACGGA-1	7
beige.day3_ATAACGCTCTATGTGG-1	9
beige.day3_ATAACGCTCTCATTCA-1	10
beige.day3_ATAAGAGAGAAACCAT-1	9
beige.day3_ATAAGAGAGATGCCAG-1	7
beige.day3_ATAAGAGAGCCCGAAA-1	8
beige.day3_ATAAGAGAGCTATGCT-1	10
beige.day3_ATAAGAGAGTACGTAA-1	10
beige.day3_ATAAGAGAGTCTCCTC-1	10
beige.day3_ATAAGAGAGTTTGCGT-1	11
beige.day3_ATAAGAGCAATAGAGT-1	12
beige.day3_ATAAGAGCACGTCTCT-1	12
beige.day3_ATAAGAGCAGGCTGAA-1	8
beige.day3_ATAAGAGCATGCAATC-1	12
beige.day3_ATAAGAGGTAAGAGGA-1	7
beige.day3_ATAAGAGGTAGCCTCG-1	8
beige.day3_ATAAGAGGTGTCCTCT-1	9
beige.day3_ATAAGAGGTGTGCCTG-1	7
beige.day3_ATAAGAGGTTTGGGCC-1	12
beige.day3_ATAAGAGTCAACGGCC-1	8
beige.day3_ATAAGAGTCATCTGTT-1	9
beige.day3_ATAAGAGTCATGTGGT-1	8
beige.day3_ATAAGAGTCCACGACG-1	8
beige.day3_ATAAGAGTCCCTAATT-1	8
beige.day3_ATAAGAGTCCGTCATC-1	8
beige.day3_ATAAGAGTCGGTTCGG-1	11
beige.day3_ATAAGAGTCTAACTCT-1	7
beige.day3_ATAGACCAGCCTATGT-1	8
beige.day3_ATAGACCAGGCCCGTT-1	12
beige.day3_ATAGACCAGTCCAGGA-1	5
beige.day3_ATAGACCCAACTGGCC-1	11
beige.day3_ATAGACCCAAGACACG-1	10
beige.day3_ATAGACCCAAGAGGCT-1	12
beige.day3_ATAGACCCAAGTACCT-1	9
beige.day3_ATAGACCCAGACGCAA-1	10
beige.day3_ATAGACCCATTTCAGG-1	8
beige.day3_ATAGACCGTTCCACTC-1	8
beige.day3_ATAGACCTCAAACCAC-1	11
beige.day3_ATAGACCTCAACACCA-1	11
beige.day3_ATAGACCTCAATCACG-1	8
beige.day3_ATAGACCTCATCTGCC-1	11
beige.day3_ATAGACCTCCAATGGT-1	8
beige.day3_ATAGACCTCGAACTGT-1	10
beige.day3_ATAGACCTCGCCTGAG-1	8
beige.day3_ATAGACCTCGGAAATA-1	12
beige.day3_ATCACGAAGAGAGCTC-1	12
beige.day3_ATCACGAAGATATGCA-1	10
beige.day3_ATCACGAAGCACACAG-1	8
beige.day3_ATCACGAAGGGCTTCC-1	8
beige.day3_ATCACGAAGTCTCAAC-1	8
beige.day3_ATCACGACAAACCTAC-1	7
beige.day3_ATCACGACAAAGTGCG-1	9
beige.day3_ATCACGACAATCACAC-1	9
beige.day3_ATCACGACAGATAATG-1	12
beige.day3_ATCACGACATAAAGGT-1	6
beige.day3_ATCACGACATGCATGT-1	8
beige.day3_ATCACGACATGCCTTC-1	12
beige.day3_ATCACGAGTAAGGATT-1	6
beige.day3_ATCACGAGTACGAAAT-1	8
beige.day3_ATCACGAGTAGAAAGG-1	12
beige.day3_ATCACGAGTAGCGTCC-1	8
beige.day3_ATCACGAGTCACCTAA-1	6
beige.day3_ATCACGAGTGGTCTCG-1	8
beige.day3_ATCACGAGTTCAGACT-1	8
beige.day3_ATCACGATCAAACCAC-1	10
beige.day3_ATCACGATCAAACCGT-1	9
beige.day3_ATCACGATCCGCATCT-1	8
beige.day3_ATCACGATCGTTGCCT-1	8
beige.day3_ATCATCTAGAGGGCTT-1	10
beige.day3_ATCATCTAGCCCAACC-1	9
beige.day3_ATCATCTAGGCATTGG-1	10
beige.day3_ATCATCTCAACACCCG-1	8
beige.day3_ATCATCTCACGAAACG-1	7
beige.day3_ATCATCTCATCGATGT-1	12
beige.day3_ATCATCTGTAAATACG-1	7
beige.day3_ATCATCTGTAGAGCTG-1	8
beige.day3_ATCATCTGTAGTGAAT-1	12
beige.day3_ATCATCTGTATCGCAT-1	10
beige.day3_ATCATCTGTTCCCGAG-1	11
beige.day3_ATCATCTGTTGGTAAA-1	10
beige.day3_ATCATCTTCAACGGGA-1	6
beige.day3_ATCATCTTCACATAGC-1	9
beige.day3_ATCATCTTCAGCCTAA-1	7
beige.day3_ATCATGGAGATACACA-1	11
beige.day3_ATCATGGAGATAGGAG-1	12
beige.day3_ATCATGGAGATGTCGG-1	9
beige.day3_ATCATGGAGCCCAGCT-1	8
beige.day3_ATCATGGAGCGCTCCA-1	10
beige.day3_ATCATGGAGGCATGTG-1	12
beige.day3_ATCATGGAGTAGATGT-1	8
beige.day3_ATCATGGAGTTCGCGC-1	7
beige.day3_ATCATGGCAACACGCC-1	5
beige.day3_ATCATGGCACCGAAAG-1	12
beige.day3_ATCATGGCACTACAGT-1	9
beige.day3_ATCATGGCATCGGGTC-1	8
beige.day3_ATCATGGGTCACCTAA-1	12
beige.day3_ATCATGGGTCGAATCT-1	10
beige.day3_ATCATGGGTCGACTAT-1	8
beige.day3_ATCATGGGTCGATTGT-1	8
beige.day3_ATCATGGGTCGCTTTC-1	7
beige.day3_ATCATGGGTTAAGGGC-1	8
beige.day3_ATCATGGGTTTGTGTG-1	9
beige.day3_ATCATGGTCATGTGGT-1	7
beige.day3_ATCATGGTCCGAATGT-1	8
beige.day3_ATCATGGTCTACTCAT-1	9
beige.day3_ATCATGGTCTAGCACA-1	8
beige.day3_ATCATGGTCTGCCCTA-1	7
beige.day3_ATCCACCAGATCCGAG-1	10
beige.day3_ATCCACCAGATGTGTA-1	9
beige.day3_ATCCACCAGCACCGCT-1	12
beige.day3_ATCCACCAGCCGATTT-1	11
beige.day3_ATCCACCAGCGTCTAT-1	8
beige.day3_ATCCACCAGGACATTA-1	8
beige.day3_ATCCACCAGGGATCTG-1	7
beige.day3_ATCCACCAGGGCTTGA-1	9
beige.day3_ATCCACCCACGAGAGT-1	9
beige.day3_ATCCACCCACGTCAGC-1	12
beige.day3_ATCCACCCAGACTCGC-1	11
beige.day3_ATCCACCCAGGCAGTA-1	11
beige.day3_ATCCACCCAGTGGGAT-1	8
beige.day3_ATCCACCCATAAGACA-1	8
beige.day3_ATCCACCCATGGAATA-1	12
beige.day3_ATCCACCGTACCTACA-1	12
beige.day3_ATCCACCGTATTCGTG-1	10
beige.day3_ATCCACCGTGAGCGAT-1	8
beige.day3_ATCCACCGTTGTGGCC-1	7
beige.day3_ATCCACCTCACAGTAC-1	8
beige.day3_ATCCACCTCAGTTTGG-1	12
beige.day3_ATCCACCTCCACTCCA-1	10
beige.day3_ATCCACCTCCCACTTG-1	8
beige.day3_ATCCACCTCCCTAACC-1	9
beige.day3_ATCCACCTCCGTCAAA-1	10
beige.day3_ATCCACCTCGTTTGCC-1	7
beige.day3_ATCCACCTCTCTGAGA-1	9
beige.day3_ATCCACCTCTTGCCGT-1	8
beige.day3_ATCCGAAAGAAGGCCT-1	9
beige.day3_ATCCGAAAGACGCAAC-1	9
beige.day3_ATCCGAAAGCTAGTGG-1	7
beige.day3_ATCCGAAAGGAATGGA-1	5
beige.day3_ATCCGAAAGGTGACCA-1	6
beige.day3_ATCCGAAAGTCTCCTC-1	5
beige.day3_ATCCGAAAGTGCCATT-1	9
beige.day3_ATCCGAACAGCCACCA-1	9
beige.day3_ATCCGAACATAGACTC-1	9
beige.day3_ATCCGAACATCACGTA-1	8
beige.day3_ATCCGAACATTCTCAT-1	9
beige.day3_ATCCGAAGTAAATGAC-1	8
beige.day3_ATCCGAAGTCGAATCT-1	7
beige.day3_ATCCGAAGTCTGGAGA-1	9
beige.day3_ATCCGAAGTTCACGGC-1	12
beige.day3_ATCCGAATCATGTCCC-1	7
beige.day3_ATCCGAATCCTTGACC-1	8
beige.day3_ATCCGAATCGGATGGA-1	8
beige.day3_ATCCGAATCGTAGGAG-1	11
beige.day3_ATCCGAATCGTCGTTC-1	12
beige.day3_ATCCGAATCTCTGTCG-1	12
beige.day3_ATCCGAATCTGCCCTA-1	12
beige.day3_ATCCGAATCTGGCGTG-1	9
beige.day3_ATCGAGTAGAATGTGT-1	8
beige.day3_ATCGAGTAGAGGTAGA-1	6
beige.day3_ATCGAGTAGCAGACTG-1	8
beige.day3_ATCGAGTAGCCCAATT-1	5
beige.day3_ATCGAGTAGCTCTCGG-1	8
beige.day3_ATCGAGTAGCTTTGGT-1	10
beige.day3_ATCGAGTAGGGAACGG-1	12
beige.day3_ATCGAGTAGTGAATTG-1	4
beige.day3_ATCGAGTCAAGAAAGG-1	12
beige.day3_ATCGAGTCACAGGAGT-1	7
beige.day3_ATCGAGTCAGATGAGC-1	11
beige.day3_ATCGAGTCAGCCTTTC-1	12
beige.day3_ATCGAGTCAGCTGCAC-1	9
beige.day3_ATCGAGTCAGGGAGAG-1	10
beige.day3_ATCGAGTCAGGTCGTC-1	12
beige.day3_ATCGAGTCAGTCAGCC-1	8
beige.day3_ATCGAGTCAGTGGAGT-1	11
beige.day3_ATCGAGTGTCACCTAA-1	10
beige.day3_ATCGAGTGTCTGGTCG-1	8
beige.day3_ATCGAGTTCAACGCTA-1	8
beige.day3_ATCGAGTTCATCACCC-1	11
beige.day3_ATCGAGTTCATCTGCC-1	11
beige.day3_ATCGAGTTCATGTCCC-1	8
beige.day3_ATCGAGTTCCTTGGTC-1	12
beige.day3_ATCGAGTTCGCATGAT-1	12
beige.day3_ATCGAGTTCTAACTCT-1	7
beige.day3_ATCGAGTTCTACCTGC-1	7
beige.day3_ATCTACTAGACACGAC-1	12
beige.day3_ATCTACTAGACTACAA-1	12
beige.day3_ATCTACTAGCATCATC-1	12
beige.day3_ATCTACTAGTTAGGTA-1	9
beige.day3_ATCTACTCAATGAAAC-1	11
beige.day3_ATCTACTCACCCAGTG-1	7
beige.day3_ATCTACTCACGTCAGC-1	12
beige.day3_ATCTACTCAGCGTTCG-1	12
beige.day3_ATCTACTCAGGAACGT-1	8
beige.day3_ATCTACTCAGTGGGAT-1	12
beige.day3_ATCTACTCATAAAGGT-1	8
beige.day3_ATCTACTCATACTCTT-1	8
beige.day3_ATCTACTCATCGACGC-1	8
beige.day3_ATCTACTGTAGTAGTA-1	8
beige.day3_ATCTACTGTATCAGTC-1	8
beige.day3_ATCTACTGTCCCGACA-1	10
beige.day3_ATCTACTGTCGGGTCT-1	11
beige.day3_ATCTACTGTGACTACT-1	12
beige.day3_ATCTACTGTGAGGGAG-1	8
beige.day3_ATCTACTGTGATGTGG-1	11
beige.day3_ATCTACTGTTAAGAAC-1	9
beige.day3_ATCTACTGTTAAGGGC-1	8
beige.day3_ATCTACTTCATCGCTC-1	12
beige.day3_ATCTACTTCGAGAACG-1	11
beige.day3_ATCTACTTCGCAGGCT-1	7
beige.day3_ATCTACTTCGGAATCT-1	8
beige.day3_ATCTACTTCTTAACCT-1	8
beige.day3_ATCTGCCAGAGTTGGC-1	10
beige.day3_ATCTGCCAGTCGAGTG-1	12
beige.day3_ATCTGCCAGTGCCATT-1	12
beige.day3_ATCTGCCCAGCTCGCA-1	10
beige.day3_ATCTGCCCAGCTGTGC-1	11
beige.day3_ATCTGCCCAGTTAACC-1	10
beige.day3_ATCTGCCCATCATCCC-1	8
beige.day3_ATCTGCCCATCGGGTC-1	8
beige.day3_ATCTGCCCATGCAATC-1	7
beige.day3_ATCTGCCGTACCGTAT-1	10
beige.day3_ATCTGCCGTACCGTTA-1	7
beige.day3_ATCTGCCGTACGCACC-1	8
beige.day3_ATCTGCCGTTATCGGT-1	8
beige.day3_ATCTGCCGTTGGTGGA-1	8
beige.day3_ATCTGCCTCAGTTCGA-1	9
beige.day3_ATCTGCCTCGCAGGCT-1	11
beige.day3_ATCTGCCTCTACTCAT-1	7
beige.day3_ATCTGCCTCTTGTCAT-1	9
beige.day3_ATCTGCCTCTTTAGTC-1	9
beige.day3_ATGAGGGAGAAGGGTA-1	7
beige.day3_ATGAGGGAGCAGGCTA-1	12
beige.day3_ATGAGGGAGCCACTAT-1	11
beige.day3_ATGAGGGAGCTAGGCA-1	10
beige.day3_ATGAGGGAGCTAGTGG-1	9
beige.day3_ATGAGGGAGCTCCCAG-1	12
beige.day3_ATGAGGGAGCTGGAAC-1	8
beige.day3_ATGAGGGAGTCTCCTC-1	12
beige.day3_ATGAGGGAGTCTCGGC-1	8
beige.day3_ATGAGGGAGTTTGCGT-1	8
beige.day3_ATGAGGGCAATCCGAT-1	8
beige.day3_ATGAGGGCACCTCGGA-1	8
beige.day3_ATGAGGGCACCTGGTG-1	10
beige.day3_ATGAGGGCATAGAAAC-1	10
beige.day3_ATGAGGGGTAAGTGTA-1	10
beige.day3_ATGAGGGGTATTCTCT-1	8
beige.day3_ATGAGGGGTCAGAATA-1	8
beige.day3_ATGAGGGGTCTGATCA-1	8
beige.day3_ATGAGGGGTCTTGATG-1	12
beige.day3_ATGAGGGGTGAAATCA-1	8
beige.day3_ATGAGGGGTGGACGAT-1	7
beige.day3_ATGAGGGTCACAACGT-1	7
beige.day3_ATGAGGGTCAGGCAAG-1	12
beige.day3_ATGAGGGTCAGTTCGA-1	8
beige.day3_ATGAGGGTCCCACTTG-1	8
beige.day3_ATGAGGGTCCTAAGTG-1	12
beige.day3_ATGAGGGTCTCGATGA-1	8
beige.day3_ATGAGGGTCTTAGAGC-1	10
beige.day3_ATGCGATAGACTACAA-1	7
beige.day3_ATGCGATAGATCTGCT-1	7
beige.day3_ATGCGATAGCTGCAAG-1	7
beige.day3_ATGCGATAGGACCACA-1	11
beige.day3_ATGCGATAGGATTCGG-1	11
beige.day3_ATGCGATAGGCCGAAT-1	10
beige.day3_ATGCGATAGGGTTTCT-1	11
beige.day3_ATGCGATAGGTAGCCA-1	11
beige.day3_ATGCGATAGTCCAGGA-1	12
beige.day3_ATGCGATCACGAAATA-1	9
beige.day3_ATGCGATCACGACTCG-1	9
beige.day3_ATGCGATCACGCTTTC-1	12
beige.day3_ATGCGATCAGATGGCA-1	8
beige.day3_ATGCGATCAGTCGTGC-1	12
beige.day3_ATGCGATGTACAGACG-1	12
beige.day3_ATGCGATGTAGCAAAT-1	8
beige.day3_ATGCGATGTCCCTTGT-1	8
beige.day3_ATGCGATGTGTTGGGA-1	8
beige.day3_ATGCGATGTTATTCTC-1	3
beige.day3_ATGCGATTCAGCTCGG-1	12
beige.day3_ATGCGATTCGCCAGCA-1	12
beige.day3_ATGCGATTCTGTCCGT-1	8
beige.day3_ATGCGATTCTTCGGTC-1	6
beige.day3_ATGCGATTCTTGTCAT-1	7
beige.day3_ATGGGAGAGAAGGACA-1	10
beige.day3_ATGGGAGAGAATTCCC-1	8
beige.day3_ATGGGAGAGACTAGGC-1	12
beige.day3_ATGGGAGAGCCAGTTT-1	11
beige.day3_ATGGGAGAGCCGATTT-1	9
beige.day3_ATGGGAGAGCGGATCA-1	7
beige.day3_ATGGGAGAGGACCACA-1	7
beige.day3_ATGGGAGAGTGTCCCG-1	8
beige.day3_ATGGGAGCAAACTGCT-1	8
beige.day3_ATGGGAGCAAAGTCAA-1	11
beige.day3_ATGGGAGCAACGCACC-1	9
beige.day3_ATGGGAGCATGCAACT-1	8
beige.day3_ATGGGAGCATGGTTGT-1	7
beige.day3_ATGGGAGCATTTCAGG-1	9
beige.day3_ATGGGAGGTGACGGTA-1	8
beige.day3_ATGGGAGGTGAGGCTA-1	11
beige.day3_ATGGGAGGTGCCTGTG-1	6
beige.day3_ATGGGAGGTGTTTGGT-1	8
beige.day3_ATGGGAGGTTCTGGTA-1	8
beige.day3_ATGGGAGTCAACACGT-1	10
beige.day3_ATGGGAGTCGGCATCG-1	8
beige.day3_ATGGGAGTCGTAGGAG-1	11
beige.day3_ATGGGAGTCTGTCAAG-1	7
beige.day3_ATGGGAGTCTTGGGTA-1	12
beige.day3_ATGGGAGTCTTGTCAT-1	12
beige.day3_ATGTGTGAGCGTTGCC-1	12
beige.day3_ATGTGTGAGGAACTGC-1	11
beige.day3_ATGTGTGAGTACCGGA-1	5
beige.day3_ATGTGTGAGTGTACGG-1	11
beige.day3_ATGTGTGAGTGTGAAT-1	8
beige.day3_ATGTGTGCAATGGATA-1	9
beige.day3_ATGTGTGCACAGACTT-1	8
beige.day3_ATGTGTGCACGAGAGT-1	9
beige.day3_ATGTGTGCATGCGCAC-1	7
beige.day3_ATGTGTGCATTGGCGC-1	8
beige.day3_ATGTGTGGTCTCTTAT-1	5
beige.day3_ATGTGTGGTCTGCGGT-1	1
beige.day3_ATGTGTGGTGCTGTAT-1	7
beige.day3_ATGTGTGGTTAAGGGC-1	7
beige.day3_ATGTGTGGTTATTCTC-1	8
beige.day3_ATGTGTGGTTGCGTTA-1	7
beige.day3_ATGTGTGTCAGGCGAA-1	8
beige.day3_ATGTGTGTCCCAGGTG-1	11
beige.day3_ATGTGTGTCCTCAATT-1	7
beige.day3_ATGTGTGTCTAACGGT-1	7
beige.day3_ATGTGTGTCTAACTGG-1	8
beige.day3_ATTACTCAGAAAGTGG-1	12
beige.day3_ATTACTCAGAAGGCCT-1	9
beige.day3_ATTACTCAGAGTACAT-1	10
beige.day3_ATTACTCAGATCTGAA-1	10
beige.day3_ATTACTCAGCCACCTG-1	12
beige.day3_ATTACTCAGCCGATTT-1	10
beige.day3_ATTACTCAGCGTGAAC-1	10
beige.day3_ATTACTCAGGTGCACA-1	12
beige.day3_ATTACTCAGTAACCCT-1	8
beige.day3_ATTACTCAGTTGAGAT-1	9
beige.day3_ATTACTCCAGCTGTTA-1	12
beige.day3_ATTACTCCAGGACGTA-1	1
beige.day3_ATTACTCCAGGGCATA-1	12
beige.day3_ATTACTCCATCAGTCA-1	12
beige.day3_ATTACTCCATTACCTT-1	7
beige.day3_ATTACTCGTAAGAGAG-1	12
beige.day3_ATTACTCGTCCGACGT-1	9
beige.day3_ATTACTCGTGCTAGCC-1	12
beige.day3_ATTACTCGTTAGTGGG-1	12
beige.day3_ATTACTCGTTGGTAAA-1	10
beige.day3_ATTACTCTCAACACCA-1	12
beige.day3_ATTACTCTCAGCTCGG-1	8
beige.day3_ATTACTCTCATTATCC-1	8
beige.day3_ATTATCCAGGAATCGC-1	9
beige.day3_ATTATCCAGGAATTAC-1	9
beige.day3_ATTATCCAGGAGTCTG-1	9
beige.day3_ATTATCCAGTAACCCT-1	3
beige.day3_ATTATCCCAAACGCGA-1	7
beige.day3_ATTATCCCACCTATCC-1	12
beige.day3_ATTATCCCAGATGGCA-1	8
beige.day3_ATTATCCCATCCGGGT-1	12
beige.day3_ATTATCCCATGCCTAA-1	12
beige.day3_ATTATCCCATGTTCCC-1	9
beige.day3_ATTATCCCATTGGGCC-1	9
beige.day3_ATTATCCCATTTCAGG-1	7
beige.day3_ATTATCCGTAAGCACG-1	5
beige.day3_ATTATCCGTCTCTTAT-1	12
beige.day3_ATTATCCGTGTTCTTT-1	11
beige.day3_ATTATCCTCAGCCTAA-1	12
beige.day3_ATTATCCTCCAAATGC-1	8
beige.day3_ATTATCCTCCCAAGTA-1	8
beige.day3_ATTATCCTCCCTTGCA-1	7
beige.day3_ATTATCCTCCGCTGTT-1	8
beige.day3_ATTATCCTCCTACAGA-1	8
beige.day3_ATTATCCTCCTATGTT-1	8
beige.day3_ATTATCCTCGGTGTTA-1	12
beige.day3_ATTATCCTCGTATCAG-1	7
beige.day3_ATTATCCTCTACGAGT-1	12
beige.day3_ATTCTACAGAAGCCCA-1	10
beige.day3_ATTCTACAGCGATCCC-1	8
beige.day3_ATTCTACAGGCCCTTG-1	12
beige.day3_ATTCTACAGGCTACGA-1	7
beige.day3_ATTCTACAGTTATCGC-1	8
beige.day3_ATTCTACAGTTCGCAT-1	6
beige.day3_ATTCTACCAAACCCAT-1	12
beige.day3_ATTCTACCAAAGCAAT-1	12
beige.day3_ATTCTACCAGGCAGTA-1	12
beige.day3_ATTCTACCAGGTTTCA-1	12
beige.day3_ATTCTACCATCTATGG-1	9
beige.day3_ATTCTACCATGGGACA-1	12
beige.day3_ATTCTACGTAAATGTG-1	6
beige.day3_ATTCTACGTAAGTGGC-1	8
beige.day3_ATTCTACTCAACACGT-1	8
beige.day3_ATTCTACTCAAGCCTA-1	7
beige.day3_ATTCTACTCACGATGT-1	7
beige.day3_ATTCTACTCAGGCGAA-1	10
beige.day3_ATTCTACTCCCATTAT-1	11
beige.day3_ATTCTACTCCTACAGA-1	12
beige.day3_ATTCTACTCGTAGGTT-1	12
beige.day3_ATTCTACTCTCATTCA-1	12
beige.day3_ATTGGACAGAAGGGTA-1	8
beige.day3_ATTGGACAGCCAGTAG-1	11
beige.day3_ATTGGACAGCCCAGCT-1	11
beige.day3_ATTGGACAGCCGGTAA-1	8
beige.day3_ATTGGACAGCTCAACT-1	10
beige.day3_ATTGGACAGTGTACGG-1	11
beige.day3_ATTGGACCAAGACACG-1	7
beige.day3_ATTGGACCACTTGGAT-1	9
beige.day3_ATTGGACCATAACCTG-1	8
beige.day3_ATTGGACGTAAGTAGT-1	12
beige.day3_ATTGGACGTACTCAAC-1	9
beige.day3_ATTGGACGTCGCCATG-1	11
beige.day3_ATTGGACGTGAAATCA-1	6
beige.day3_ATTGGACGTGTCTGAT-1	7
beige.day3_ATTGGACGTTATGTGC-1	5
beige.day3_ATTGGACGTTCCCGAG-1	11
beige.day3_ATTGGACTCGCACTCT-1	9
beige.day3_ATTGGACTCGGCCGAT-1	12
beige.day3_ATTGGACTCTACTTAC-1	8
beige.day3_ATTGGTGAGAAGCCCA-1	12
beige.day3_ATTGGTGAGATGGGTC-1	9
beige.day3_ATTGGTGAGCACAGGT-1	9
beige.day3_ATTGGTGAGGCTCTTA-1	12
beige.day3_ATTGGTGAGGTCGGAT-1	12
beige.day3_ATTGGTGAGTCCAGGA-1	8
beige.day3_ATTGGTGCAAGAAAGG-1	12
beige.day3_ATTGGTGCACATTCGA-1	8
beige.day3_ATTGGTGCAGGGATTG-1	5
beige.day3_ATTGGTGCAGTTTACG-1	10
beige.day3_ATTGGTGCATGCCTAA-1	12
beige.day3_ATTGGTGGTACTTAGC-1	9
beige.day3_ATTGGTGGTATATCCG-1	12
beige.day3_ATTGGTGGTCTAGCCG-1	7
beige.day3_ATTGGTGGTCTCCACT-1	11
beige.day3_ATTGGTGGTTTCCACC-1	9
beige.day3_ATTGGTGTCAAGAAGT-1	12
beige.day3_ATTGGTGTCAAGATCC-1	9
beige.day3_ATTGGTGTCACAACGT-1	7
beige.day3_ATTGGTGTCAGGCAAG-1	6
beige.day3_ATTGGTGTCGGTTCGG-1	7
beige.day3_ATTTCTGAGAAACCTA-1	8
beige.day3_ATTTCTGAGGAACTGC-1	8
beige.day3_ATTTCTGAGGGTCTCC-1	9
beige.day3_ATTTCTGAGTACACCT-1	8
beige.day3_ATTTCTGAGTCAAGGC-1	10
beige.day3_ATTTCTGAGTTTAGGA-1	9
beige.day3_ATTTCTGCAAGTCATC-1	8
beige.day3_ATTTCTGGTAATCACC-1	8
beige.day3_ATTTCTGGTACGAAAT-1	9
beige.day3_ATTTCTGGTATAGGGC-1	6
beige.day3_ATTTCTGGTATGAAAC-1	8
beige.day3_ATTTCTGGTCCCTACT-1	10
beige.day3_ATTTCTGGTGTGGTTT-1	9
beige.day3_ATTTCTGGTTAAGGGC-1	12
beige.day3_ATTTCTGGTTGCCTCT-1	12
beige.day3_ATTTCTGGTTGTACAC-1	8
beige.day3_ATTTCTGTCATAACCG-1	12
beige.day3_ATTTCTGTCCTAGTGA-1	7
beige.day3_ATTTCTGTCCTGCAGG-1	7
beige.day3_ATTTCTGTCCTTGACC-1	12
beige.day3_ATTTCTGTCTCATTCA-1	11
beige.day3_ATTTCTGTCTCTGCTG-1	11
beige.day3_ATTTCTGTCTGTGCAA-1	8
beige.day3_ATTTCTGTCTTTACAC-1	8
beige.day3_ATTTCTGTCTTTAGTC-1	10
beige.day3_CAACCAAAGAATGTGT-1	11
beige.day3_CAACCAAAGGACCACA-1	12
beige.day3_CAACCAAAGGCTCATT-1	9
beige.day3_CAACCAAAGTACACCT-1	5
beige.day3_CAACCAAAGTGTGAAT-1	11
beige.day3_CAACCAAAGTTGTAGA-1	12
beige.day3_CAACCAACAACAACCT-1	12
beige.day3_CAACCAACAGATGGCA-1	8
beige.day3_CAACCAACAGCTCCGA-1	7
beige.day3_CAACCAACAGTAAGAT-1	11
beige.day3_CAACCAACAGTCACTA-1	11
beige.day3_CAACCAACAGTCGATT-1	11
beige.day3_CAACCAACAGTGGGAT-1	8
beige.day3_CAACCAAGTGCAACGA-1	8
beige.day3_CAACCAAGTTACTGAC-1	10
beige.day3_CAACCAAGTTGGAGGT-1	8
beige.day3_CAACCAATCAATACCG-1	8
beige.day3_CAACCAATCCAGTAGT-1	8
beige.day3_CAACCAATCCGCGGTA-1	12
beige.day3_CAACCAATCCTTGGTC-1	12
beige.day3_CAACCAATCGATGAGG-1	12
beige.day3_CAACCAATCTGCGACG-1	8
beige.day3_CAACCTCAGACTGTAA-1	7
beige.day3_CAACCTCAGCCTTGAT-1	12
beige.day3_CAACCTCAGCGATAGC-1	8
beige.day3_CAACCTCAGCGTGAAC-1	12
beige.day3_CAACCTCAGCTAACAA-1	12
beige.day3_CAACCTCAGGCCCTCA-1	8
beige.day3_CAACCTCAGGGCACTA-1	11
beige.day3_CAACCTCAGTGCGTGA-1	12
beige.day3_CAACCTCAGTTACCCA-1	9
beige.day3_CAACCTCCAACACCCG-1	11
beige.day3_CAACCTCCACATCCGG-1	11
beige.day3_CAACCTCCACCACGTG-1	8
beige.day3_CAACCTCCATACTACG-1	9
beige.day3_CAACCTCCATCATCCC-1	9
beige.day3_CAACCTCCATGGTAGG-1	11
beige.day3_CAACCTCGTAAACGCG-1	10
beige.day3_CAACCTCGTCAACTGT-1	12
beige.day3_CAACCTCGTCGAATCT-1	10
beige.day3_CAACCTCGTGGGTATG-1	12
beige.day3_CAACCTCTCACCAGGC-1	6
beige.day3_CAACCTCTCACTGGGC-1	7
beige.day3_CAACCTCTCCGGCACA-1	8
beige.day3_CAACCTCTCGGAGCAA-1	7
beige.day3_CAACCTCTCGTCACGG-1	9
beige.day3_CAACCTCTCTAACTCT-1	8
beige.day3_CAACCTCTCTCTAGGA-1	8
beige.day3_CAACCTCTCTGTTGAG-1	12
beige.day3_CAACCTCTCTTCGGTC-1	11
beige.day3_CAACTAGAGAGAACAG-1	9
beige.day3_CAACTAGAGATGTAAC-1	12
beige.day3_CAACTAGAGATGTTAG-1	8
beige.day3_CAACTAGAGCTAGTTC-1	10
beige.day3_CAACTAGAGCTGATAA-1	11
beige.day3_CAACTAGAGGACATTA-1	12
beige.day3_CAACTAGAGGGTTCCC-1	8
beige.day3_CAACTAGCAATCACAC-1	7
beige.day3_CAACTAGCACAGGTTT-1	11
beige.day3_CAACTAGCACATTCGA-1	9
beige.day3_CAACTAGCAGTAAGAT-1	8
beige.day3_CAACTAGCATCACAAC-1	8
beige.day3_CAACTAGGTAAGAGGA-1	8
beige.day3_CAACTAGGTATTAGCC-1	9
beige.day3_CAACTAGGTCTTCGTC-1	12
beige.day3_CAACTAGGTGCAACGA-1	9
beige.day3_CAACTAGGTGTTCGAT-1	8
beige.day3_CAACTAGGTTGTCTTT-1	10
beige.day3_CAACTAGTCAACACAC-1	6
beige.day3_CAACTAGTCCGCAGTG-1	9
beige.day3_CAACTAGTCCTTTACA-1	10
beige.day3_CAACTAGTCGCGTTTC-1	5
beige.day3_CAACTAGTCTCCAACC-1	9
beige.day3_CAAGAAAAGATCCTGT-1	9
beige.day3_CAAGAAAAGCAGATCG-1	10
beige.day3_CAAGAAAAGCTAGTTC-1	11
beige.day3_CAAGAAAAGGTGTTAA-1	12
beige.day3_CAAGAAACAAAGCGGT-1	10
beige.day3_CAAGAAACACGTGAGA-1	8
beige.day3_CAAGAAACAGCTATTG-1	7
beige.day3_CAAGAAACAGTCGTGC-1	8
beige.day3_CAAGAAACATTCACTT-1	8
beige.day3_CAAGAAACATTCTTAC-1	7
beige.day3_CAAGAAAGTACGCTGC-1	11
beige.day3_CAAGAAAGTAGCCTAT-1	10
beige.day3_CAAGAAAGTAGCGATG-1	12
beige.day3_CAAGAAAGTCATCGGC-1	12
beige.day3_CAAGAAAGTCCCGACA-1	12
beige.day3_CAAGAAAGTCTACCTC-1	8
beige.day3_CAAGAAATCAAACAAG-1	12
beige.day3_CAAGAAATCCTCAACC-1	8
beige.day3_CAAGAAATCCTCCTAG-1	11
beige.day3_CAAGAAATCGAACGGA-1	11
beige.day3_CAAGAAATCGTATCAG-1	8
beige.day3_CAAGAAATCTGGTATG-1	6
beige.day3_CAAGATCAGAAACCAT-1	12
beige.day3_CAAGATCAGAGCTTCT-1	8
beige.day3_CAAGATCAGTTCCACA-1	12
beige.day3_CAAGATCCAACGATCT-1	11
beige.day3_CAAGATCCAACTGCGC-1	11
beige.day3_CAAGATCCAAGCTGTT-1	9
beige.day3_CAAGATCCAATGAAAC-1	5
beige.day3_CAAGATCCACCACGTG-1	11
beige.day3_CAAGATCCACGTGAGA-1	9
beige.day3_CAAGATCCAGCGTTCG-1	8
beige.day3_CAAGATCGTCATCCCT-1	7
beige.day3_CAAGATCGTGCAGGTA-1	8
beige.day3_CAAGATCGTGGCTCCA-1	7
beige.day3_CAAGATCGTGGGTCAA-1	12
beige.day3_CAAGATCGTGTGAAAT-1	8
beige.day3_CAAGATCTCAATCACG-1	12
beige.day3_CAAGATCTCAGTTGAC-1	12
beige.day3_CAAGATCTCCTAGGGC-1	8
beige.day3_CAAGATCTCGAGAACG-1	11
beige.day3_CAAGATCTCGCATGAT-1	8
beige.day3_CAAGATCTCTGTGCAA-1	7
beige.day3_CAAGATCTCTTATCTG-1	7
beige.day3_CAAGGCCAGAATTGTG-1	8
beige.day3_CAAGGCCAGGGAACGG-1	9
beige.day3_CAAGGCCAGTGTTTGC-1	8
beige.day3_CAAGGCCAGTTAACGA-1	10
beige.day3_CAAGGCCCAATGGTCT-1	8
beige.day3_CAAGGCCCACGCCAGT-1	12
beige.day3_CAAGGCCCACGGCCAT-1	7
beige.day3_CAAGGCCCACTGAAGG-1	8
beige.day3_CAAGGCCCAGATGAGC-1	7
beige.day3_CAAGGCCCAGCATACT-1	8
beige.day3_CAAGGCCCAGCGAACA-1	9
beige.day3_CAAGGCCCAGCGATCC-1	8
beige.day3_CAAGGCCCAGCGTTCG-1	9
beige.day3_CAAGGCCCATATACCG-1	8
beige.day3_CAAGGCCGTATAGGGC-1	12
beige.day3_CAAGGCCGTGAGCGAT-1	11
beige.day3_CAAGGCCGTGCCTTGG-1	9
beige.day3_CAAGGCCGTGCTCTTC-1	11
beige.day3_CAAGGCCGTTCAGCGC-1	7
beige.day3_CAAGGCCTCAAGATCC-1	8
beige.day3_CAAGGCCTCACAGGCC-1	8
beige.day3_CAAGGCCTCACATACG-1	8
beige.day3_CAAGGCCTCCTCGCAT-1	10
beige.day3_CAAGGCCTCGAACTGT-1	9
beige.day3_CAAGGCCTCTACTATC-1	12
beige.day3_CAAGGCCTCTCGTTTA-1	9
beige.day3_CAAGGCCTCTGAGTGT-1	8
beige.day3_CAAGGCCTCTGCAAGT-1	10
beige.day3_CAAGGCCTCTGCGACG-1	10
beige.day3_CAAGGCCTCTTTAGTC-1	9
beige.day3_CAAGTTGAGATCCCGC-1	12
beige.day3_CAAGTTGAGATTACCC-1	8
beige.day3_CAAGTTGAGCGTGTCC-1	12
beige.day3_CAAGTTGAGTCTCAAC-1	12
beige.day3_CAAGTTGCAAGCTGAG-1	8
beige.day3_CAAGTTGCAAGGCTCC-1	6
beige.day3_CAAGTTGCACAAGACG-1	12
beige.day3_CAAGTTGCACCTCGTT-1	9
beige.day3_CAAGTTGCACGAAACG-1	8
beige.day3_CAAGTTGCACGAAATA-1	10
beige.day3_CAAGTTGCAGGAACGT-1	7
beige.day3_CAAGTTGGTATAGTAG-1	9
beige.day3_CAAGTTGGTCGACTGC-1	5
beige.day3_CAAGTTGGTCGGCACT-1	12
beige.day3_CAAGTTGGTTCGTGAT-1	8
beige.day3_CAAGTTGTCACTTACT-1	8
beige.day3_CAAGTTGTCCTCCTAG-1	9
beige.day3_CAAGTTGTCGACAGCC-1	5
beige.day3_CAAGTTGTCGACCAGC-1	12
beige.day3_CAAGTTGTCGCTTGTC-1	12
beige.day3_CAAGTTGTCGGTGTTA-1	9
beige.day3_CAAGTTGTCGGTTAAC-1	9
beige.day3_CACAAACAGACAATAC-1	7
beige.day3_CACAAACAGAGTACAT-1	9
beige.day3_CACAAACAGCACACAG-1	1
beige.day3_CACAAACAGCCACCTG-1	10
beige.day3_CACAAACAGGAATTAC-1	9
beige.day3_CACAAACAGGCATGTG-1	10
beige.day3_CACAAACAGGCCCGTT-1	8
beige.day3_CACAAACAGGTGATAT-1	8
beige.day3_CACAAACAGTGAACGC-1	8
beige.day3_CACAAACCAAGTTAAG-1	12
beige.day3_CACAAACCAATGAAAC-1	11
beige.day3_CACAAACCACCAGGTC-1	9
beige.day3_CACAAACCACGTGAGA-1	9
beige.day3_CACAAACCAGACGCCT-1	9
beige.day3_CACAAACCAGGTCCAC-1	8
beige.day3_CACAAACCAGTATGCT-1	8
beige.day3_CACAAACCAGTCCTTC-1	12
beige.day3_CACAAACCATCCGCGA-1	7
beige.day3_CACAAACGTAATTGGA-1	8
beige.day3_CACAAACGTAGATTAG-1	12
beige.day3_CACAAACGTAGTAGTA-1	8
beige.day3_CACAAACGTCAACTGT-1	12
beige.day3_CACAAACGTCAGAATA-1	12
beige.day3_CACAAACGTCCGTTAA-1	7
beige.day3_CACAAACGTGCACCAC-1	1
beige.day3_CACAAACGTGTCTGAT-1	11
beige.day3_CACAAACGTTTAAGCC-1	12
beige.day3_CACAAACTCAGAGACG-1	7
beige.day3_CACAAACTCAGCACAT-1	12
beige.day3_CACAAACTCCCTTGTG-1	8
beige.day3_CACAAACTCGAATGGG-1	10
beige.day3_CACAAACTCGCCTGAG-1	9
beige.day3_CACAAACTCTGGCGTG-1	8
beige.day3_CACACAAAGAAGAAGC-1	11
beige.day3_CACACAAAGCCCAATT-1	6
beige.day3_CACACAAAGCTGTTCA-1	8
beige.day3_CACACAAAGTCAAGGC-1	12
beige.day3_CACACAAAGTGCCAGA-1	12
beige.day3_CACACAACACCCATTC-1	12
beige.day3_CACACAACAGACAAAT-1	7
beige.day3_CACACAACATTCTCAT-1	12
beige.day3_CACACAAGTATGAAAC-1	10
beige.day3_CACACAAGTTCTGAAC-1	7
beige.day3_CACACAATCGCACTCT-1	7
beige.day3_CACACAATCTATCCCG-1	10
beige.day3_CACACAATCTGCCAGG-1	11
beige.day3_CACACCTAGAAGATTC-1	9
beige.day3_CACACCTAGAGTGAGA-1	12
beige.day3_CACACCTAGATGTGGC-1	1
beige.day3_CACACCTAGCCGGTAA-1	11
beige.day3_CACACCTAGCCTCGTG-1	9
beige.day3_CACACCTAGTTGAGTA-1	12
beige.day3_CACACCTAGTTGTAGA-1	8
beige.day3_CACACCTCAAGCTGGA-1	8
beige.day3_CACACCTCACCAGATT-1	8
beige.day3_CACACCTCACTTACGA-1	10
beige.day3_CACACCTCAGCCACCA-1	11
beige.day3_CACACCTCAGCTTAAC-1	10
beige.day3_CACACCTCATCACAAC-1	9
beige.day3_CACACCTCATGGAATA-1	8
beige.day3_CACACCTCATGTCGAT-1	8
beige.day3_CACACCTGTAGCGCAA-1	12
beige.day3_CACACCTGTCTCTTTA-1	8
beige.day3_CACACCTGTCTGCCAG-1	11
beige.day3_CACACCTGTGTAAGTA-1	12
beige.day3_CACACCTTCAACCATG-1	12
beige.day3_CACACCTTCAGAGACG-1	10
beige.day3_CACACCTTCCTCAATT-1	12
beige.day3_CACACCTTCTGCGACG-1	10
beige.day3_CACACCTTCTGTTTGT-1	11
beige.day3_CACACTCAGACACGAC-1	8
beige.day3_CACACTCAGATAGGAG-1	12
beige.day3_CACACTCAGATGAGAG-1	4
beige.day3_CACACTCAGCGATCCC-1	8
beige.day3_CACACTCAGGCATGTG-1	9
beige.day3_CACACTCAGGTGACCA-1	10
beige.day3_CACACTCCAACACGCC-1	12
beige.day3_CACACTCCAAGCCGCT-1	6
beige.day3_CACACTCCAATGGAGC-1	8
beige.day3_CACACTCCACAGAGGT-1	7
beige.day3_CACACTCCAGATCGGA-1	8
beige.day3_CACACTCCATTATCTC-1	7
beige.day3_CACACTCGTAACGTTC-1	7
beige.day3_CACACTCGTAAGAGGA-1	12
beige.day3_CACACTCGTACGCTGC-1	7
beige.day3_CACACTCGTCCGAGTC-1	8
beige.day3_CACACTCGTTGTGGAG-1	12
beige.day3_CACACTCTCATGTCCC-1	11
beige.day3_CACACTCTCCACGTTC-1	10
beige.day3_CACACTCTCCGAAGAG-1	6
beige.day3_CACACTCTCGCCCTTA-1	8
beige.day3_CACAGGCAGAACAACT-1	9
beige.day3_CACAGGCAGACGCACA-1	8
beige.day3_CACAGGCAGCAGGCTA-1	12
beige.day3_CACAGGCAGCCCAACC-1	8
beige.day3_CACAGGCAGTAGGCCA-1	8
beige.day3_CACAGGCAGTCCGTAT-1	6
beige.day3_CACAGGCAGTGTACTC-1	10
beige.day3_CACAGGCCACATTCGA-1	9
beige.day3_CACAGGCCACCCAGTG-1	9
beige.day3_CACAGGCCAGTAACGG-1	11
beige.day3_CACAGGCCATAGACTC-1	5
beige.day3_CACAGGCCATCGGGTC-1	8
beige.day3_CACAGGCCATTGGCGC-1	7
beige.day3_CACAGGCGTAAGGGAA-1	7
beige.day3_CACAGGCGTAGGACAC-1	8
beige.day3_CACAGGCGTGAAGGCT-1	11
beige.day3_CACAGGCGTGCGCTTG-1	7
beige.day3_CACAGGCTCGGTCCGA-1	8
beige.day3_CACAGTAAGCGCTCCA-1	8
beige.day3_CACAGTAAGCGTCTAT-1	8
beige.day3_CACAGTAAGGGATGGG-1	9
beige.day3_CACAGTAAGGGCATGT-1	11
beige.day3_CACAGTAAGTACCGGA-1	12
beige.day3_CACAGTACAAGTACCT-1	9
beige.day3_CACAGTACACAGATTC-1	12
beige.day3_CACAGTACACTAGTAC-1	8
beige.day3_CACAGTACAGCATACT-1	10
beige.day3_CACAGTACAGGGAGAG-1	8
beige.day3_CACAGTACAGGTCCAC-1	12
beige.day3_CACAGTAGTAACGACG-1	7
beige.day3_CACAGTAGTGAGGGTT-1	9
beige.day3_CACAGTAGTGTGAAAT-1	11
beige.day3_CACAGTAGTTAAGAAC-1	8
beige.day3_CACAGTAGTTACGGAG-1	12
beige.day3_CACAGTATCAGGTAAA-1	8
beige.day3_CACAGTATCGCGTTTC-1	7
beige.day3_CACAGTATCGGAGGTA-1	8
beige.day3_CACAGTATCGGCTACG-1	12
beige.day3_CACAGTATCTCATTCA-1	9
beige.day3_CACAGTATCTTAGAGC-1	8
beige.day3_CACATAGAGAACTGTA-1	8
beige.day3_CACATAGAGAATGTGT-1	3
beige.day3_CACATAGAGAGCTATA-1	8
beige.day3_CACATAGAGGGAGTAA-1	10
beige.day3_CACATAGAGGTGCTAG-1	12
beige.day3_CACATAGAGTGTTGAA-1	12
beige.day3_CACATAGCAAAGGTGC-1	8
beige.day3_CACATAGCAAGCCTAT-1	7
beige.day3_CACATAGCACCAGGCT-1	3
beige.day3_CACATAGCACGTTGGC-1	5
beige.day3_CACATAGCAGACGCCT-1	6
beige.day3_CACATAGCAGTATGCT-1	8
beige.day3_CACATAGGTCACCTAA-1	8
beige.day3_CACATAGGTCATCGGC-1	8
beige.day3_CACATAGGTGGTACAG-1	8
beige.day3_CACATAGTCAAGCCTA-1	9
beige.day3_CACATAGTCACCCTCA-1	9
beige.day3_CACATAGTCACGATGT-1	12
beige.day3_CACATAGTCACGCGGT-1	8
beige.day3_CACATAGTCATCACCC-1	8
beige.day3_CACATAGTCATTGCCC-1	9
beige.day3_CACATAGTCCCAAGTA-1	9
beige.day3_CACATAGTCTAACTTC-1	8
beige.day3_CACATAGTCTATGTGG-1	10
beige.day3_CACATAGTCTTACCTA-1	12
beige.day3_CACATAGTCTTTCCTC-1	9
beige.day3_CACATTTAGAAACGCC-1	9
beige.day3_CACATTTAGATAGTCA-1	12
beige.day3_CACATTTAGCTAAACA-1	8
beige.day3_CACATTTAGCTACCTA-1	7
beige.day3_CACATTTAGTCGCCGT-1	6
beige.day3_CACATTTCAACGATCT-1	4
beige.day3_CACATTTCACGCTTTC-1	11
beige.day3_CACATTTCAGATAATG-1	12
beige.day3_CACATTTCAGCGTTCG-1	12
beige.day3_CACATTTCATATGGTC-1	8
beige.day3_CACATTTCATGAACCT-1	9
beige.day3_CACATTTGTCGACTAT-1	8
beige.day3_CACATTTGTCGCATAT-1	7
beige.day3_CACATTTGTCTAACGT-1	4
beige.day3_CACATTTGTGACTCAT-1	12
beige.day3_CACATTTGTTATCGGT-1	12
beige.day3_CACATTTGTTGATTCG-1	11
beige.day3_CACATTTGTTTCCACC-1	11
beige.day3_CACATTTTCAAACAAG-1	11
beige.day3_CACATTTTCGACCAGC-1	9
beige.day3_CACATTTTCGCCGTGA-1	8
beige.day3_CACATTTTCTAACCGA-1	8
beige.day3_CACATTTTCTGGCGAC-1	8
beige.day3_CACATTTTCTTAGAGC-1	8
beige.day3_CACATTTTCTTGTTTG-1	9
beige.day3_CACCACTAGATGTTAG-1	8
beige.day3_CACCACTAGCCAGGAT-1	11
beige.day3_CACCACTAGCGTAATA-1	10
beige.day3_CACCACTAGCTAGTGG-1	7
beige.day3_CACCACTAGTAACCCT-1	9
beige.day3_CACCACTAGTCAATAG-1	12
beige.day3_CACCACTAGTCCCACG-1	8
beige.day3_CACCACTAGTCGTTTG-1	11
beige.day3_CACCACTAGTGTACCT-1	12
beige.day3_CACCACTCAAACTGCT-1	11
beige.day3_CACCACTCAACAACCT-1	9
beige.day3_CACCACTCAACCGCCA-1	8
beige.day3_CACCACTCACACCGAC-1	12
beige.day3_CACCACTCAGCGTCCA-1	10
beige.day3_CACCACTGTACTCGCG-1	6
beige.day3_CACCACTGTCTCCCTA-1	9
beige.day3_CACCACTGTCTTGATG-1	11
beige.day3_CACCACTTCAGAGCTT-1	7
beige.day3_CACCACTTCAGCCTAA-1	8
beige.day3_CACCACTTCCATGAGT-1	12
beige.day3_CACCACTTCCTATTCA-1	10
beige.day3_CACCACTTCTAACTGG-1	12
beige.day3_CACCACTTCTTGAGGT-1	9
beige.day3_CACCAGGAGAATTGTG-1	7
beige.day3_CACCAGGAGACAGAGA-1	12
beige.day3_CACCAGGAGAGTTGGC-1	10
beige.day3_CACCAGGAGATGTTAG-1	8
beige.day3_CACCAGGAGGCGATAC-1	7
beige.day3_CACCAGGAGTACGCCC-1	8
beige.day3_CACCAGGAGTAGCCGA-1	7
beige.day3_CACCAGGAGTCCGTAT-1	8
beige.day3_CACCAGGAGTTGTAGA-1	8
beige.day3_CACCAGGCAAATCCGT-1	12
beige.day3_CACCAGGCAAGGACAC-1	11
beige.day3_CACCAGGCAGCGTAAG-1	3
beige.day3_CACCAGGCATTCACTT-1	8
beige.day3_CACCAGGGTACCGTTA-1	12
beige.day3_CACCAGGGTACTTGAC-1	12
beige.day3_CACCAGGGTAGAGGAA-1	12
beige.day3_CACCAGGGTCGCCATG-1	12
beige.day3_CACCAGGGTCTAGTCA-1	8
beige.day3_CACCAGGGTCTTTCAT-1	8
beige.day3_CACCAGGGTGTTCGAT-1	9
beige.day3_CACCAGGTCAGTGCAT-1	8
beige.day3_CACCAGGTCCACGCAG-1	8
beige.day3_CACCAGGTCCAGATCA-1	12
beige.day3_CACCAGGTCCCTAACC-1	7
beige.day3_CACCAGGTCCCTGACT-1	8
beige.day3_CACCAGGTCCGGGTGT-1	8
beige.day3_CACCAGGTCTAAGCCA-1	11
beige.day3_CACCTTGAGTGGGTTG-1	9
beige.day3_CACCTTGCAAACTGCT-1	12
beige.day3_CACCTTGCACAGATTC-1	10
beige.day3_CACCTTGCACAGGTTT-1	8
beige.day3_CACCTTGCACCGAATT-1	8
beige.day3_CACCTTGCATAGAAAC-1	9
beige.day3_CACCTTGCATCCTTGC-1	11
beige.day3_CACCTTGCATCGGAAG-1	10
beige.day3_CACCTTGGTCAACTGT-1	8
beige.day3_CACCTTGGTCAGATAA-1	9
beige.day3_CACCTTGGTGGTACAG-1	7
beige.day3_CACCTTGTCACCGGGT-1	8
beige.day3_CACCTTGTCAGAGACG-1	10
beige.day3_CACCTTGTCAGAGCTT-1	12
beige.day3_CACCTTGTCGAATGGG-1	9
beige.day3_CACTCCAAGAGTCTGG-1	9
beige.day3_CACTCCAAGTGCGATG-1	11
beige.day3_CACTCCACAAGCCGTC-1	8
beige.day3_CACTCCAGTAGCGCTC-1	9
beige.day3_CACTCCAGTCTAGCCG-1	7
beige.day3_CACTCCAGTCTGCCAG-1	7
beige.day3_CACTCCAGTTAAGAAC-1	12
beige.day3_CACTCCAGTTCATGGT-1	8
beige.day3_CACTCCAGTTCGTTGA-1	8
beige.day3_CACTCCAGTTCTGGTA-1	9
beige.day3_CACTCCATCAAGAAGT-1	8
beige.day3_CACTCCATCACTATTC-1	12
beige.day3_CACTCCATCCATGAGT-1	4
beige.day3_CACTCCATCCTCGCAT-1	12
beige.day3_CACTCCATCTACTATC-1	9
beige.day3_CACTCCATCTGAAAGA-1	7
beige.day3_CACTCCATCTGTACGA-1	8
beige.day3_CAGAATCAGAATGTTG-1	11
beige.day3_CAGAATCAGGATGCGT-1	8
beige.day3_CAGAATCAGGGTCGAT-1	11
beige.day3_CAGAATCAGGTCATCT-1	8
beige.day3_CAGAATCAGGTGACCA-1	12
beige.day3_CAGAATCAGTAAGTAC-1	7
beige.day3_CAGAATCAGTTAAGTG-1	10
beige.day3_CAGAATCCAAATACAG-1	8
beige.day3_CAGAATCCACCGCTAG-1	12
beige.day3_CAGAATCCAGATCTGT-1	10
beige.day3_CAGAATCCAGGGAGAG-1	8
beige.day3_CAGAATCCAGGTTTCA-1	11
beige.day3_CAGAATCCATTCCTCG-1	12
beige.day3_CAGAATCCATTCCTGC-1	8
beige.day3_CAGAATCGTCCGCTGA-1	10
beige.day3_CAGAATCGTGTGACCC-1	7
beige.day3_CAGAATCGTGTGCCTG-1	10
beige.day3_CAGAATCGTGTGGTTT-1	12
beige.day3_CAGAATCGTTACGGAG-1	12
beige.day3_CAGAATCGTTCAGGCC-1	8
beige.day3_CAGAATCGTTGGACCC-1	8
beige.day3_CAGAATCTCTCCGGTT-1	8
beige.day3_CAGAATCTCTCTGCTG-1	11
beige.day3_CAGAGAGAGAGTAAGG-1	10
beige.day3_CAGAGAGAGATAGTCA-1	12
beige.day3_CAGAGAGAGCAAATCA-1	7
beige.day3_CAGAGAGAGTACATGA-1	10
beige.day3_CAGAGAGAGTAGGCCA-1	12
beige.day3_CAGAGAGAGTCACGCC-1	9
beige.day3_CAGAGAGCACCCATTC-1	12
beige.day3_CAGAGAGCACTAAGTC-1	8
beige.day3_CAGAGAGCAGCCAGAA-1	11
beige.day3_CAGAGAGCAGCTGGCT-1	3
beige.day3_CAGAGAGCAGGGCATA-1	6
beige.day3_CAGAGAGCATCATCCC-1	8
beige.day3_CAGAGAGGTACATCCA-1	12
beige.day3_CAGAGAGGTAGGAGTC-1	6
beige.day3_CAGAGAGGTCACCCAG-1	11
beige.day3_CAGAGAGGTCTCCACT-1	6
beige.day3_CAGAGAGGTCTGATCA-1	10
beige.day3_CAGAGAGGTTCGGGCT-1	12
beige.day3_CAGAGAGTCACCACCT-1	8
beige.day3_CAGAGAGTCAGCATGT-1	11
beige.day3_CAGAGAGTCATCGATG-1	9
beige.day3_CAGAGAGTCCCTGACT-1	12
beige.day3_CAGAGAGTCGGTGTTA-1	8
beige.day3_CAGAGAGTCTAACTCT-1	10
beige.day3_CAGAGAGTCTATGTGG-1	8
beige.day3_CAGAGAGTCTGAAAGA-1	9
beige.day3_CAGAGAGTCTTCAACT-1	7
beige.day3_CAGATCAAGACAATAC-1	12
beige.day3_CAGATCAAGAGCTATA-1	8
beige.day3_CAGATCAAGCTGAACG-1	3
beige.day3_CAGATCAAGTAGCGGT-1	8
beige.day3_CAGATCAAGTCAATAG-1	8
beige.day3_CAGATCAAGTGAAGAG-1	12
beige.day3_CAGATCACACGACGAA-1	10
beige.day3_CAGATCACAGATAATG-1	8
beige.day3_CAGATCACATCCCATC-1	12
beige.day3_CAGATCACATCCTTGC-1	9
beige.day3_CAGATCACATGCTAGT-1	11
beige.day3_CAGATCACATGGGAAC-1	10
beige.day3_CAGATCAGTACATGTC-1	7
beige.day3_CAGATCAGTCAATACC-1	11
beige.day3_CAGATCAGTCCAGTTA-1	9
beige.day3_CAGATCAGTCCGTCAG-1	10
beige.day3_CAGATCATCCTCAACC-1	9
beige.day3_CAGATCATCCTTAATC-1	7
beige.day3_CAGATCATCTCTAAGG-1	12
beige.day3_CAGATCATCTGAGTGT-1	8
beige.day3_CAGATCATCTGTACGA-1	10
beige.day3_CAGCAGCAGATATGGT-1	11
beige.day3_CAGCAGCAGATCTGAA-1	12
beige.day3_CAGCAGCAGCTAGGCA-1	12
beige.day3_CAGCAGCAGGCACATG-1	9
beige.day3_CAGCAGCAGTAAGTAC-1	10
beige.day3_CAGCAGCAGTACGTTC-1	8
beige.day3_CAGCAGCAGTAGCGGT-1	11
beige.day3_CAGCAGCAGTGAACAT-1	8
beige.day3_CAGCAGCCAACTGGCC-1	8
beige.day3_CAGCAGCCAATGGATA-1	11
beige.day3_CAGCAGCCACGGCCAT-1	8
beige.day3_CAGCAGCCACGTAAGG-1	12
beige.day3_CAGCAGCCATATGAGA-1	11
beige.day3_CAGCAGCCATCTATGG-1	8
beige.day3_CAGCAGCGTAGCGCTC-1	7
beige.day3_CAGCAGCGTATCGCAT-1	12
beige.day3_CAGCAGCGTCATATGC-1	11
beige.day3_CAGCAGCGTCATTAGC-1	11
beige.day3_CAGCAGCGTCTGATTG-1	8
beige.day3_CAGCAGCGTGCACGAA-1	7
beige.day3_CAGCAGCGTGTGAATA-1	12
beige.day3_CAGCAGCGTTACGGAG-1	9
beige.day3_CAGCAGCGTTCCACGG-1	8
beige.day3_CAGCAGCGTTGTCGCG-1	8
beige.day3_CAGCAGCTCAAAGTAG-1	12
beige.day3_CAGCAGCTCAACGCTA-1	8
beige.day3_CAGCAGCTCACCACCT-1	7
beige.day3_CAGCAGCTCAGTACGT-1	9
beige.day3_CAGCAGCTCATGTAGC-1	5
beige.day3_CAGCAGCTCCAACCAA-1	8
beige.day3_CAGCAGCTCTCACATT-1	7
beige.day3_CAGCAGCTCTCGTATT-1	12
beige.day3_CAGCAGCTCTGTCTAT-1	12
beige.day3_CAGCATAAGAAGGGTA-1	9
beige.day3_CAGCATAAGGGTCGAT-1	8
beige.day3_CAGCATAAGTCAATAG-1	12
beige.day3_CAGCATAAGTGTCCAT-1	12
beige.day3_CAGCATACAACTGGCC-1	10
beige.day3_CAGCATACAAGGGTCA-1	9
beige.day3_CAGCATACAAGGTTTC-1	10
beige.day3_CAGCATACAAGTAATG-1	11
beige.day3_CAGCATACACACAGAG-1	7
beige.day3_CAGCATACACCACCAG-1	8
beige.day3_CAGCATACAGTCTTCC-1	8
beige.day3_CAGCATAGTCCAACTA-1	8
beige.day3_CAGCATAGTCTTGCGG-1	8
beige.day3_CAGCATAGTGCGAAAC-1	11
beige.day3_CAGCATAGTTGAGTTC-1	11
beige.day3_CAGCATATCATTTGGG-1	8
beige.day3_CAGCATATCCATTCTA-1	12
beige.day3_CAGCATATCGAACGGA-1	8
beige.day3_CAGCATATCGAATCCA-1	12
beige.day3_CAGCATATCTCTTATG-1	10
beige.day3_CAGCATATCTGGTATG-1	8
beige.day3_CAGCCGAAGAAGGTTT-1	9
beige.day3_CAGCCGAAGAGTTGGC-1	9
beige.day3_CAGCCGAAGCCGATTT-1	8
beige.day3_CAGCCGAAGGACAGCT-1	11
beige.day3_CAGCCGAAGGGATGGG-1	8
beige.day3_CAGCCGAAGTGAAGAG-1	12
beige.day3_CAGCCGACACAGGAGT-1	9
beige.day3_CAGCCGACAGATCTGT-1	8
beige.day3_CAGCCGACAGATTGCT-1	11
beige.day3_CAGCCGACAGCTGTGC-1	12
beige.day3_CAGCCGAGTAAGTGTA-1	9
beige.day3_CAGCCGAGTCATTAGC-1	8
beige.day3_CAGCCGAGTCTCAACA-1	10
beige.day3_CAGCCGATCATTGCCC-1	8
beige.day3_CAGCCGATCCAGAGGA-1	12
beige.day3_CAGCCGATCCGTAGTA-1	10
beige.day3_CAGCCGATCCTAGGGC-1	8
beige.day3_CAGCCGATCGAACGGA-1	8
beige.day3_CAGCCGATCTCGGACG-1	11
beige.day3_CAGCCGATCTTCTGGC-1	12
beige.day3_CAGCGACAGAAGGTGA-1	10
beige.day3_CAGCGACAGCCCAGCT-1	8
beige.day3_CAGCGACAGCTGAACG-1	9
beige.day3_CAGCGACAGTGTCCAT-1	12
beige.day3_CAGCGACAGTTACCCA-1	7
beige.day3_CAGCGACCAATCTACG-1	8
beige.day3_CAGCGACCACAAGTAA-1	8
beige.day3_CAGCGACCAGGTGCCT-1	8
beige.day3_CAGCGACCAGTATAAG-1	8
beige.day3_CAGCGACCATGCCTTC-1	8
beige.day3_CAGCGACCATTGGGCC-1	6
beige.day3_CAGCGACCATTGGTAC-1	11
beige.day3_CAGCGACGTAAATGAC-1	11
beige.day3_CAGCGACGTCGAATCT-1	11
beige.day3_CAGCGACGTGACCAAG-1	8
beige.day3_CAGCGACGTGAGCGAT-1	12
beige.day3_CAGCGACGTTCAGACT-1	8
beige.day3_CAGCGACGTTCCGTCT-1	11
beige.day3_CAGCGACGTTGCGCAC-1	8
beige.day3_CAGCGACTCACCGGGT-1	12
beige.day3_CAGCGACTCACGCATA-1	12
beige.day3_CAGCGACTCATCTGTT-1	7
beige.day3_CAGCGACTCCAAATGC-1	8
beige.day3_CAGCGACTCCCTAACC-1	12
beige.day3_CAGCGACTCCCTCAGT-1	8
beige.day3_CAGCGACTCCTTTACA-1	8
beige.day3_CAGCGACTCGCAAGCC-1	8
beige.day3_CAGCGACTCGCGCCAA-1	12
beige.day3_CAGCGACTCGGAATCT-1	8
beige.day3_CAGCTAAAGACCCACC-1	9
beige.day3_CAGCTAAAGACCTTTG-1	11
beige.day3_CAGCTAAAGCCATCGC-1	8
beige.day3_CAGCTAAAGCCTCGTG-1	7
beige.day3_CAGCTAAAGCTTCGCG-1	12
beige.day3_CAGCTAACAATAGCGG-1	7
beige.day3_CAGCTAACAATCCAAC-1	10
beige.day3_CAGCTAACAATTCCTT-1	7
beige.day3_CAGCTAACAGGGTATG-1	8
beige.day3_CAGCTAACAGTTCATG-1	12
beige.day3_CAGCTAACATCACCCT-1	12
beige.day3_CAGCTAACATCGATGT-1	8
beige.day3_CAGCTAACATGCCCGA-1	9
beige.day3_CAGCTAAGTACCTACA-1	8
beige.day3_CAGCTAAGTATTCGTG-1	12
beige.day3_CAGCTAAGTCCGAATT-1	8
beige.day3_CAGCTAAGTCTAGCCG-1	10
beige.day3_CAGCTAAGTGTAATGA-1	7
beige.day3_CAGCTAAGTGTTGGGA-1	11
beige.day3_CAGCTAAGTTCGTTGA-1	11
beige.day3_CAGCTAAGTTGGACCC-1	5
beige.day3_CAGCTAATCACCTTAT-1	7
beige.day3_CAGCTAATCACTGGGC-1	11
beige.day3_CAGCTAATCCCATTAT-1	8
beige.day3_CAGCTAATCCTAGAAC-1	10
beige.day3_CAGCTAATCGCAAGCC-1	1
beige.day3_CAGCTAATCTGCGTAA-1	10
beige.day3_CAGCTAATCTTAGCCC-1	5
beige.day3_CAGCTAATCTTCATGT-1	9
beige.day3_CAGCTAATCTTGCAAG-1	9
beige.day3_CAGCTGGAGAACAATC-1	8
beige.day3_CAGCTGGAGCCGATTT-1	11
beige.day3_CAGCTGGAGCCGTCGT-1	12
beige.day3_CAGCTGGAGTGCCAGA-1	8
beige.day3_CAGCTGGAGTGCTGCC-1	10
beige.day3_CAGCTGGCACGTCAGC-1	7
beige.day3_CAGCTGGCAGACACTT-1	12
beige.day3_CAGCTGGCAGACGCTC-1	8
beige.day3_CAGCTGGCATCGGTTA-1	12
beige.day3_CAGCTGGCATGCGCAC-1	8
beige.day3_CAGCTGGGTAATCACC-1	12
beige.day3_CAGCTGGGTACAGTTC-1	12
beige.day3_CAGCTGGGTATTCGTG-1	12
beige.day3_CAGCTGGGTCCTCCAT-1	11
beige.day3_CAGCTGGGTGCATCTA-1	5
beige.day3_CAGCTGGGTGTATGGG-1	11
beige.day3_CAGCTGGGTTATCACG-1	12
beige.day3_CAGCTGGGTTGGTTTG-1	9
beige.day3_CAGCTGGGTTGTGGAG-1	7
beige.day3_CAGCTGGTCGTATCAG-1	8
beige.day3_CAGGTGCAGACTTGAA-1	5
beige.day3_CAGGTGCAGGCCCTTG-1	11
beige.day3_CAGGTGCAGGCTCAGA-1	6
beige.day3_CAGGTGCAGGTAGCTG-1	7
beige.day3_CAGGTGCAGTGAAGTT-1	11
beige.day3_CAGGTGCAGTGGTAGC-1	5
beige.day3_CAGGTGCCAAACTGCT-1	7
beige.day3_CAGGTGCCAATAGCAA-1	8
beige.day3_CAGGTGCCAATGAATG-1	8
beige.day3_CAGGTGCCACCAGGCT-1	6
beige.day3_CAGGTGCCAGCTCGAC-1	12
beige.day3_CAGGTGCCATGCTGGC-1	12
beige.day3_CAGGTGCCATGGTTGT-1	11
beige.day3_CAGGTGCCATGTAAGA-1	8
beige.day3_CAGGTGCGTAGAGTGC-1	8
beige.day3_CAGGTGCGTATCACCA-1	11
beige.day3_CAGGTGCGTCTAGTGT-1	10
beige.day3_CAGGTGCGTGCACTTA-1	5
beige.day3_CAGGTGCGTTATCGGT-1	12
beige.day3_CAGGTGCGTTCAACCA-1	9
beige.day3_CAGGTGCGTTGTACAC-1	9
beige.day3_CAGGTGCTCAACGAAA-1	12
beige.day3_CAGGTGCTCACTTCAT-1	11
beige.day3_CAGGTGCTCAGTTGAC-1	8
beige.day3_CAGGTGCTCATAACCG-1	8
beige.day3_CAGGTGCTCCCAAGTA-1	11
beige.day3_CAGGTGCTCTCCAACC-1	10
beige.day3_CAGTAACAGAGCTGGT-1	8
beige.day3_CAGTAACAGCAGGTCA-1	8
beige.day3_CAGTAACAGCCTTGAT-1	8
beige.day3_CAGTAACAGCTTTGGT-1	9
beige.day3_CAGTAACAGGAGTACC-1	7
beige.day3_CAGTAACAGGATGGTC-1	12
beige.day3_CAGTAACAGTCACGCC-1	11
beige.day3_CAGTAACCACAGGTTT-1	6
beige.day3_CAGTAACCACATAACC-1	11
beige.day3_CAGTAACCACCATCCT-1	11
beige.day3_CAGTAACCAGGAACGT-1	8
beige.day3_CAGTAACCAGGAATGC-1	9
beige.day3_CAGTAACCAGGATTGG-1	12
beige.day3_CAGTAACCAGTTTACG-1	6
beige.day3_CAGTAACCATCAGTAC-1	11
beige.day3_CAGTAACCATCAGTCA-1	12
beige.day3_CAGTAACCATCCGTGG-1	8
beige.day3_CAGTAACCATCTCGCT-1	9
beige.day3_CAGTAACCATGTAGTC-1	6
beige.day3_CAGTAACCATGTTCCC-1	8
beige.day3_CAGTAACGTAGAAAGG-1	10
beige.day3_CAGTAACGTATTAGCC-1	11
beige.day3_CAGTAACGTCCCTTGT-1	12
beige.day3_CAGTAACGTCTCTCGT-1	10
beige.day3_CAGTAACGTTCCGTCT-1	10
beige.day3_CAGTAACTCCCATTAT-1	7
beige.day3_CAGTAACTCTCCCTGA-1	8
beige.day3_CAGTAACTCTGAAAGA-1	9
beige.day3_CAGTCCTAGAGTGACC-1	8
beige.day3_CAGTCCTAGATATGCA-1	10
beige.day3_CAGTCCTAGCCATCGC-1	11
beige.day3_CAGTCCTAGCCCGAAA-1	8
beige.day3_CAGTCCTAGCGTGAAC-1	6
beige.day3_CAGTCCTAGGTAGCCA-1	9
beige.day3_CAGTCCTAGTGGAGAA-1	12
beige.day3_CAGTCCTCACAAGTAA-1	12
beige.day3_CAGTCCTCACTGTCGG-1	12
beige.day3_CAGTCCTCACTTCGAA-1	8
beige.day3_CAGTCCTCACTTGGAT-1	9
beige.day3_CAGTCCTCATTCCTCG-1	9
beige.day3_CAGTCCTGTATATGGA-1	8
beige.day3_CAGTCCTGTCATGCAT-1	12
beige.day3_CAGTCCTGTCTAGCCG-1	8
beige.day3_CAGTCCTGTCTGCAAT-1	10
beige.day3_CAGTCCTGTCTGGTCG-1	9
beige.day3_CAGTCCTGTGCTTCTC-1	9
beige.day3_CAGTCCTGTGTGGCTC-1	11
beige.day3_CAGTCCTGTTCAGGCC-1	8
beige.day3_CAGTCCTGTTTGTTGG-1	8
beige.day3_CAGTCCTTCAAGGCTT-1	12
beige.day3_CAGTCCTTCAGCCTAA-1	7
beige.day3_CAGTCCTTCAGTCAGT-1	9
beige.day3_CAGTCCTTCATTTGGG-1	12
beige.day3_CAGTCCTTCCGCATAA-1	10
beige.day3_CAGTCCTTCGACGGAA-1	8
beige.day3_CATATGGAGATGCCTT-1	8
beige.day3_CATATGGAGCGTAATA-1	8
beige.day3_CATATGGAGGCCCGTT-1	11
beige.day3_CATATGGAGGCCCTTG-1	9
beige.day3_CATATGGAGGCGCTCT-1	8
beige.day3_CATATGGCAAACGTGG-1	12
beige.day3_CATATGGCAATCGAAA-1	10
beige.day3_CATATGGCACTATCTT-1	12
beige.day3_CATATGGCATGGGAAC-1	12
beige.day3_CATATGGCATTTGCCC-1	9
beige.day3_CATATGGGTACAGCAG-1	8
beige.day3_CATATGGGTCATTAGC-1	11
beige.day3_CATATGGGTCTAGTGT-1	10
beige.day3_CATATGGGTTCTGGTA-1	11
beige.day3_CATATGGGTTGAGGTG-1	11
beige.day3_CATATGGGTTGATTGC-1	8
beige.day3_CATATGGTCAGCCTAA-1	7
beige.day3_CATATGGTCCCAGGTG-1	10
beige.day3_CATATGGTCGCAGGCT-1	9
beige.day3_CATATGGTCGCCAGCA-1	12
beige.day3_CATATGGTCGCGGATC-1	8
beige.day3_CATATGGTCTGCGGCA-1	8
beige.day3_CATATTCAGAGCTATA-1	12
beige.day3_CATATTCAGAGGGCTT-1	8
beige.day3_CATATTCAGGATGGAA-1	8
beige.day3_CATATTCAGGGCATGT-1	7
beige.day3_CATATTCAGTACTTGC-1	12
beige.day3_CATATTCAGTCCGGTC-1	9
beige.day3_CATATTCAGTGCCATT-1	12
beige.day3_CATATTCAGTGTGAAT-1	8
beige.day3_CATATTCCAAGCTGAG-1	8
beige.day3_CATATTCCACGGTAGA-1	8
beige.day3_CATATTCCATGATCCA-1	10
beige.day3_CATATTCCATGCCTTC-1	12
beige.day3_CATATTCGTACCTACA-1	12
beige.day3_CATATTCGTCAGGACA-1	8
beige.day3_CATATTCGTCATATCG-1	8
beige.day3_CATATTCGTCGGGTCT-1	7
beige.day3_CATATTCGTCTCATCC-1	8
beige.day3_CATATTCGTCTGCAAT-1	8
beige.day3_CATATTCGTGACTACT-1	8
beige.day3_CATATTCGTGTCAATC-1	9
beige.day3_CATATTCGTTCGGGCT-1	6
beige.day3_CATATTCTCATGTAGC-1	8
beige.day3_CATATTCTCCGCGCAA-1	10
beige.day3_CATATTCTCCGTTGTC-1	11
beige.day3_CATATTCTCCTACAGA-1	8
beige.day3_CATATTCTCTAGAGTC-1	7
beige.day3_CATATTCTCTTCTGGC-1	9
beige.day3_CATCAAGAGAAAGTGG-1	8
beige.day3_CATCAAGAGCGACGTA-1	9
beige.day3_CATCAAGAGGAGTCTG-1	8
beige.day3_CATCAAGCAAGCGAGT-1	8
beige.day3_CATCAAGCAAGCTGTT-1	11
beige.day3_CATCAAGCACAGGTTT-1	5
beige.day3_CATCAAGGTAAGTAGT-1	8
beige.day3_CATCAAGGTAGCTCCG-1	5
beige.day3_CATCAAGGTAGGACAC-1	8
beige.day3_CATCAAGGTAGGGTAC-1	11
beige.day3_CATCAAGGTGTTTGGT-1	8
beige.day3_CATCAAGGTTCGTTGA-1	7
beige.day3_CATCAAGGTTGCGTTA-1	1
beige.day3_CATCAAGGTTTGACTG-1	8
beige.day3_CATCAGAAGATGTCGG-1	7
beige.day3_CATCAGAAGCCAGTTT-1	11
beige.day3_CATCAGAAGGACCACA-1	11
beige.day3_CATCAGAAGGATTCGG-1	6
beige.day3_CATCAGAAGTAGATGT-1	9
beige.day3_CATCAGAAGTATGACA-1	12
beige.day3_CATCAGACAACTTGAC-1	7
beige.day3_CATCAGACAGGTCTCG-1	11
beige.day3_CATCAGACATACAGCT-1	8
beige.day3_CATCAGACATGACGGA-1	12
beige.day3_CATCAGACATGCGCAC-1	12
beige.day3_CATCAGACATGTAGTC-1	10
beige.day3_CATCAGAGTATATGGA-1	8
beige.day3_CATCAGAGTCTCAACA-1	10
beige.day3_CATCAGAGTGATAAGT-1	8
beige.day3_CATCAGAGTGATGTGG-1	8
beige.day3_CATCAGATCACAGTAC-1	12
beige.day3_CATCAGATCAGTTGAC-1	9
beige.day3_CATCAGATCATCTGCC-1	10
beige.day3_CATCAGATCGGCATCG-1	8
beige.day3_CATCAGATCTGGTTCC-1	9
beige.day3_CATCCACAGAGTGAGA-1	12
beige.day3_CATCCACAGCGTTCCG-1	12
beige.day3_CATCCACAGCTAACAA-1	9
beige.day3_CATCCACAGGCCCTTG-1	10
beige.day3_CATCCACCAAATCCGT-1	12
beige.day3_CATCCACCAAGGACAC-1	10
beige.day3_CATCCACCAGTCGATT-1	8
beige.day3_CATCCACGTACCGTTA-1	9
beige.day3_CATCCACGTACGAAAT-1	8
beige.day3_CATCCACGTATGGTTC-1	5
beige.day3_CATCCACGTCCAAGTT-1	12
beige.day3_CATCCACGTCTTCGTC-1	6
beige.day3_CATCCACGTTGATTGC-1	10
beige.day3_CATCCACTCAGATAAG-1	8
beige.day3_CATCCACTCCTTGACC-1	8
beige.day3_CATCCACTCGACCAGC-1	9
beige.day3_CATCCACTCGGATGTT-1	8
beige.day3_CATCCACTCTCACATT-1	11
beige.day3_CATCGAAAGACAGAGA-1	12
beige.day3_CATCGAAAGATGTCGG-1	9
beige.day3_CATCGAAAGCCGCCTA-1	8
beige.day3_CATCGAAAGGATGGAA-1	8
beige.day3_CATCGAAAGGGTCTCC-1	12
beige.day3_CATCGAAAGGTACTCT-1	12
beige.day3_CATCGAAAGTGTACTC-1	9
beige.day3_CATCGAAAGTTAGGTA-1	8
beige.day3_CATCGAACAAACTGTC-1	12
beige.day3_CATCGAACAAAGAATC-1	11
beige.day3_CATCGAACAATCCAAC-1	12
beige.day3_CATCGAACACCGCTAG-1	8
beige.day3_CATCGAACAGTAAGCG-1	8
beige.day3_CATCGAACATATACCG-1	7
beige.day3_CATCGAAGTAAACCTC-1	8
beige.day3_CATCGAAGTACTCGCG-1	11
beige.day3_CATCGAAGTCTCTCGT-1	12
beige.day3_CATCGAAGTCTCTTAT-1	6
beige.day3_CATCGAAGTGTTGAGG-1	8
beige.day3_CATCGAAGTTAAGGGC-1	10
beige.day3_CATCGAAGTTGCTCCT-1	8
beige.day3_CATCGAATCAGCCTAA-1	7
beige.day3_CATCGAATCATCGGAT-1	12
beige.day3_CATCGAATCCCTAACC-1	6
beige.day3_CATCGAATCCTAAGTG-1	8
beige.day3_CATCGGGAGAGGGATA-1	7
beige.day3_CATCGGGAGCACAGGT-1	11
beige.day3_CATCGGGAGCCGTCGT-1	6
beige.day3_CATCGGGAGGAACTGC-1	11
beige.day3_CATCGGGAGGACGAAA-1	8
beige.day3_CATCGGGAGGTGCACA-1	9
beige.day3_CATCGGGAGTACCGGA-1	12
beige.day3_CATCGGGCAAGGACTG-1	12
beige.day3_CATCGGGCAATACGCT-1	11
beige.day3_CATCGGGCACAGGAGT-1	7
beige.day3_CATCGGGCACATCTTT-1	12
beige.day3_CATCGGGCAGATCGGA-1	10
beige.day3_CATCGGGCAGGTCGTC-1	9
beige.day3_CATCGGGCATCGGACC-1	9
beige.day3_CATCGGGCATGAGCGA-1	8
beige.day3_CATCGGGGTAGAGGAA-1	11
beige.day3_CATCGGGGTATTAGCC-1	12
beige.day3_CATCGGGGTCATCGGC-1	8
beige.day3_CATCGGGGTCGATTGT-1	8
beige.day3_CATCGGGGTCTCTCTG-1	12
beige.day3_CATCGGGGTGTAACGG-1	9
beige.day3_CATCGGGGTTACCGAT-1	10
beige.day3_CATCGGGTCCGCGGTA-1	8
beige.day3_CATCGGGTCCTAGGGC-1	12
beige.day3_CATCGGGTCCTGCAGG-1	8
beige.day3_CATGACAAGAAACCTA-1	7
beige.day3_CATGACAAGATCCGAG-1	10
beige.day3_CATGACAAGCTAGTGG-1	12
beige.day3_CATGACAAGGAGCGAG-1	8
beige.day3_CATGACAAGGGCATGT-1	9
beige.day3_CATGACAAGGTAGCCA-1	11
beige.day3_CATGACACAACAACCT-1	7
beige.day3_CATGACACAATAGCAA-1	8
beige.day3_CATGACACACAGTCGC-1	8
beige.day3_CATGACACAGCCACCA-1	8
beige.day3_CATGACACAGTATAAG-1	7
beige.day3_CATGACACATACGCTA-1	8
beige.day3_CATGACACATACTCTT-1	8
beige.day3_CATGACAGTACTCAAC-1	8
beige.day3_CATGACAGTCAAAGAT-1	12
beige.day3_CATGACAGTCCGTTAA-1	9
beige.day3_CATGACAGTCCTCTTG-1	9
beige.day3_CATGACAGTCGGCACT-1	11
beige.day3_CATGACAGTCGGGTCT-1	8
beige.day3_CATGACAGTGAGGCTA-1	8
beige.day3_CATGACAGTGCCTGGT-1	8
beige.day3_CATGACATCAGCTTAG-1	8
beige.day3_CATGACATCCAAATGC-1	9
beige.day3_CATGACATCCACGAAT-1	12
beige.day3_CATGACATCCATGAGT-1	11
beige.day3_CATGACATCCTTGACC-1	12
beige.day3_CATGACATCGACGGAA-1	9
beige.day3_CATGACATCTAACTCT-1	5
beige.day3_CATGCCTAGAAGGACA-1	8
beige.day3_CATGCCTAGGCGATAC-1	8
beige.day3_CATGCCTAGTAACCCT-1	8
beige.day3_CATGCCTAGTCATGCT-1	12
beige.day3_CATGCCTAGTGCCATT-1	12
beige.day3_CATGCCTAGTTCGCAT-1	10
beige.day3_CATGCCTCAAGTCTGT-1	6
beige.day3_CATGCCTCAATGGAGC-1	8
beige.day3_CATGCCTCACTTAAGC-1	9
beige.day3_CATGCCTCAGGATTGG-1	9
beige.day3_CATGCCTCATACGCCG-1	10
beige.day3_CATGCCTCATAGACTC-1	8
beige.day3_CATGCCTCATGCGCAC-1	7
beige.day3_CATGCCTCATGTCGAT-1	11
beige.day3_CATGCCTGTAAATACG-1	12
beige.day3_CATGCCTGTACCGCTG-1	7
beige.day3_CATGCCTGTAGTACCT-1	10
beige.day3_CATGCCTGTCATGCAT-1	7
beige.day3_CATGCCTGTCCGACGT-1	11
beige.day3_CATGCCTGTCTCTTTA-1	8
beige.day3_CATGCCTGTGATGTGG-1	7
beige.day3_CATGCCTTCAACCAAC-1	12
beige.day3_CATGCCTTCAAGATCC-1	9
beige.day3_CATGCCTTCCCACTTG-1	9
beige.day3_CATGCCTTCTCTTATG-1	12
beige.day3_CATGGCGAGGCAATTA-1	8
beige.day3_CATGGCGCAACCGCCA-1	10
beige.day3_CATGGCGCAACTGCTA-1	12
beige.day3_CATGGCGCACCATGTA-1	12
beige.day3_CATGGCGGTAACGCGA-1	12
beige.day3_CATGGCGGTACTCGCG-1	7
beige.day3_CATGGCGGTCATACTG-1	10
beige.day3_CATGGCGGTCTAAAGA-1	12
beige.day3_CATGGCGGTTCACGGC-1	10
beige.day3_CATGGCGTCAACTCTT-1	8
beige.day3_CATGGCGTCAGCGACC-1	8
beige.day3_CATGGCGTCCCGACTT-1	8
beige.day3_CATGGCGTCGCATGGC-1	10
beige.day3_CATGGCGTCTCGGACG-1	12
beige.day3_CATGGCGTCTGCGTAA-1	7
beige.day3_CATTATCAGCAATATG-1	8
beige.day3_CATTATCAGCGAAGGG-1	7
beige.day3_CATTATCAGCGTTTAC-1	8
beige.day3_CATTATCAGGTGTGGT-1	9
beige.day3_CATTATCAGTGGCACA-1	8
beige.day3_CATTATCAGTGGTAGC-1	12
beige.day3_CATTATCCACATGACT-1	11
beige.day3_CATTATCCAGATCCAT-1	10
beige.day3_CATTATCCATATACGC-1	8
beige.day3_CATTATCGTAGCGTCC-1	11
beige.day3_CATTATCGTCATATGC-1	7
beige.day3_CATTATCGTCCAGTAT-1	9
beige.day3_CATTATCGTCTCTCGT-1	8
beige.day3_CATTATCGTGCGATAG-1	8
beige.day3_CATTATCGTTGAGGTG-1	11
beige.day3_CATTATCGTTTAAGCC-1	10
beige.day3_CATTATCTCATCATTC-1	11
beige.day3_CATTATCTCGCGATCG-1	12
beige.day3_CATTATCTCTCCTATA-1	8
beige.day3_CATTATCTCTTGTTTG-1	9
beige.day3_CATTCGCAGAACTGTA-1	10
beige.day3_CATTCGCAGAATGTTG-1	8
beige.day3_CATTCGCAGAATTGTG-1	10
beige.day3_CATTCGCAGAGACTAT-1	10
beige.day3_CATTCGCAGAGAGCTC-1	7
beige.day3_CATTCGCAGCAACGGT-1	10
beige.day3_CATTCGCCAACACCTA-1	11
beige.day3_CATTCGCCACCAGATT-1	7
beige.day3_CATTCGCCACCATCCT-1	11
beige.day3_CATTCGCCACCTTGTC-1	11
beige.day3_CATTCGCCACTACAGT-1	7
beige.day3_CATTCGCCAGCTGTAT-1	9
beige.day3_CATTCGCCATACGCCG-1	9
beige.day3_CATTCGCCATCAGTCA-1	8
beige.day3_CATTCGCCATGCATGT-1	10
beige.day3_CATTCGCGTCCAGTAT-1	8
beige.day3_CATTCGCGTCTAGCGC-1	8
beige.day3_CATTCGCGTGCCTTGG-1	8
beige.day3_CATTCGCGTTCAGTAC-1	8
beige.day3_CATTCGCTCATGCATG-1	7
beige.day3_CATTCGCTCCATGAAC-1	12
beige.day3_CATTCGCTCCGTCATC-1	9
beige.day3_CATTCGCTCGAATCCA-1	10
beige.day3_CATTCGCTCGATCCCT-1	8
beige.day3_CATTCGCTCGGATGGA-1	7
beige.day3_CATTCGCTCGGGAGTA-1	8
beige.day3_CATTCGCTCGTTTATC-1	8
beige.day3_CCAATCCAGATCGATA-1	8
beige.day3_CCAATCCAGATGAGAG-1	8
beige.day3_CCAATCCAGATGTCGG-1	12
beige.day3_CCAATCCAGGACCACA-1	11
beige.day3_CCAATCCAGGGATCTG-1	11
beige.day3_CCAATCCAGTACATGA-1	7
beige.day3_CCAATCCAGTAGGCCA-1	8
beige.day3_CCAATCCAGTGTGAAT-1	8
beige.day3_CCAATCCAGTGTTGAA-1	8
beige.day3_CCAATCCCAACACCTA-1	8
beige.day3_CCAATCCCACGGTAGA-1	7
beige.day3_CCAATCCCAGCTGCTG-1	8
beige.day3_CCAATCCCAGGTCCAC-1	8
beige.day3_CCAATCCCAGTAAGCG-1	8
beige.day3_CCAATCCCATACGCTA-1	8
beige.day3_CCAATCCCATGGTTGT-1	7
beige.day3_CCAATCCGTAACGCGA-1	8
beige.day3_CCAATCCGTAAGGATT-1	8
beige.day3_CCAATCCGTACTCAAC-1	10
beige.day3_CCAATCCGTGAGGGAG-1	7
beige.day3_CCAATCCTCACTCCTG-1	7
beige.day3_CCAATCCTCACTCTTA-1	8
beige.day3_CCAATCCTCATTCACT-1	8
beige.day3_CCAATCCTCGAACGGA-1	9
beige.day3_CCAATCCTCGAGGTAG-1	8
beige.day3_CCAATCCTCGGATGGA-1	8
beige.day3_CCAATCCTCTCGTATT-1	10
beige.day3_CCAATCCTCTTGTACT-1	9
beige.day3_CCACCTAAGAGTCTGG-1	8
beige.day3_CCACCTAAGCACACAG-1	12
beige.day3_CCACCTAAGGTAGCTG-1	8
beige.day3_CCACCTAAGTACGCGA-1	8
beige.day3_CCACCTAAGTAGCGGT-1	9
beige.day3_CCACCTACACAGGAGT-1	12
beige.day3_CCACCTACACAGGTTT-1	8
beige.day3_CCACCTACACGCCAGT-1	12
beige.day3_CCACCTACACTCGACG-1	7
beige.day3_CCACCTACAGCATACT-1	8
beige.day3_CCACCTACATTAGGCT-1	11
beige.day3_CCACCTAGTAAGTGGC-1	7
beige.day3_CCACCTAGTATCGCAT-1	12
beige.day3_CCACCTAGTCCAACTA-1	8
beige.day3_CCACCTAGTCGCGGTT-1	8
beige.day3_CCACCTAGTCGTGGCT-1	10
beige.day3_CCACCTAGTCTAGTGT-1	8
beige.day3_CCACCTATCCACGCAG-1	12
beige.day3_CCACCTATCCCTAATT-1	8
beige.day3_CCACCTATCCGTTGTC-1	12
beige.day3_CCACCTATCCTGCCAT-1	7
beige.day3_CCACCTATCGCCTGAG-1	9
beige.day3_CCACCTATCTGCCAGG-1	9
beige.day3_CCACCTATCTGCGTAA-1	7
beige.day3_CCACGGAAGCGTCAAG-1	9
beige.day3_CCACGGAAGGCACATG-1	8
beige.day3_CCACGGAAGGCTCAGA-1	11
beige.day3_CCACGGAAGTAAGTAC-1	11
beige.day3_CCACGGAAGTGCTGCC-1	8
beige.day3_CCACGGAAGTGTTTGC-1	11
beige.day3_CCACGGACAAGACACG-1	8
beige.day3_CCACGGACACCAGATT-1	7
beige.day3_CCACGGACATATGCTG-1	9
beige.day3_CCACGGAGTAGGCATG-1	9
beige.day3_CCACGGAGTTATTCTC-1	8
beige.day3_CCACGGATCAGCTGGC-1	11
beige.day3_CCACGGATCAGGTAAA-1	7
beige.day3_CCACGGATCATATCGG-1	7
beige.day3_CCACGGATCCGTAGGC-1	12
beige.day3_CCACGGATCGAATGCT-1	8
beige.day3_CCACGGATCGACCAGC-1	12
beige.day3_CCACTACAGAGCTGCA-1	7
beige.day3_CCACTACAGGCTAGCA-1	6
beige.day3_CCACTACCAACTGCGC-1	7
beige.day3_CCACTACCAATTGCTG-1	12
beige.day3_CCACTACCACAGGAGT-1	11
beige.day3_CCACTACCACCTGGTG-1	10
beige.day3_CCACTACCAGATCTGT-1	7
beige.day3_CCACTACCAGGCGATA-1	11
beige.day3_CCACTACGTAGCACGA-1	8
beige.day3_CCACTACGTGTCAATC-1	12
beige.day3_CCACTACGTTTACTCT-1	11
beige.day3_CCACTACTCAACCAAC-1	11
beige.day3_CCACTACTCTCTGCTG-1	9
beige.day3_CCACTACTCTTGGGTA-1	9
beige.day3_CCAGCGAAGACTGTAA-1	11
beige.day3_CCAGCGAAGAGCAATT-1	12
beige.day3_CCAGCGAAGCGATGAC-1	9
beige.day3_CCAGCGAAGCTCCTCT-1	5
beige.day3_CCAGCGAAGCTGGAAC-1	8
beige.day3_CCAGCGAAGTCTCAAC-1	7
beige.day3_CCAGCGAAGTGATCGG-1	8
beige.day3_CCAGCGAAGTGTGAAT-1	8
beige.day3_CCAGCGACAGGAACGT-1	8
beige.day3_CCAGCGACAGTCACTA-1	11
beige.day3_CCAGCGACATTGGCGC-1	8
beige.day3_CCAGCGAGTAGCGTAG-1	8
beige.day3_CCAGCGAGTTAAGAAC-1	9
beige.day3_CCAGCGAGTTCCTCCA-1	12
beige.day3_CCAGCGATCAACACCA-1	12
beige.day3_CCAGCGATCATTCACT-1	11
beige.day3_CCAGCGATCCAAACAC-1	8
beige.day3_CCAGCGATCCGTAGTA-1	12
beige.day3_CCAGCGATCGGAGGTA-1	9
beige.day3_CCAGCGATCTCCAACC-1	9
beige.day3_CCAGCGATCTCTGAGA-1	9
beige.day3_CCAGCGATCTGGTGTA-1	11
beige.day3_CCAGCGATCTTTAGTC-1	10
beige.day3_CCATGTCAGAACAATC-1	8
beige.day3_CCATGTCAGAAGGTTT-1	10
beige.day3_CCATGTCAGAATCTCC-1	9
beige.day3_CCATGTCAGACTGTAA-1	10
beige.day3_CCATGTCAGAGGGATA-1	8
beige.day3_CCATGTCAGGCCCTTG-1	8
beige.day3_CCATGTCAGTTGCAGG-1	12
beige.day3_CCATGTCCAAAGGTGC-1	9
beige.day3_CCATGTCCAACACCTA-1	12
beige.day3_CCATGTCCAATGACCT-1	7
beige.day3_CCATGTCCACGCTTTC-1	12
beige.day3_CCATGTCCACGGTAGA-1	8
beige.day3_CCATGTCCAGGGATTG-1	11
beige.day3_CCATGTCCATGGTAGG-1	6
beige.day3_CCATGTCCATGGTCTA-1	8
beige.day3_CCATGTCGTAGCGATG-1	12
beige.day3_CCATGTCGTAGGACAC-1	12
beige.day3_CCATGTCGTCGCGGTT-1	8
beige.day3_CCATGTCGTCTTCGTC-1	7
beige.day3_CCATGTCGTGAAAGAG-1	10
beige.day3_CCATGTCGTGAGTATA-1	10
beige.day3_CCATGTCGTGCTTCTC-1	7
beige.day3_CCATGTCGTTAGATGA-1	12
beige.day3_CCATGTCGTTATCACG-1	8
beige.day3_CCATGTCGTTCCGTCT-1	12
beige.day3_CCATGTCTCAACACCA-1	10
beige.day3_CCATGTCTCATAAAGG-1	9
beige.day3_CCATGTCTCATCGATG-1	8
beige.day3_CCATGTCTCGGTTCGG-1	12
beige.day3_CCATGTCTCGTAGATC-1	8
beige.day3_CCATGTCTCGTGGACC-1	11
beige.day3_CCATGTCTCTCCCTGA-1	8
beige.day3_CCATGTCTCTGTCTCG-1	7
beige.day3_CCATTCGAGATCCCGC-1	7
beige.day3_CCATTCGAGATGAGAG-1	8
beige.day3_CCATTCGAGGACACCA-1	8
beige.day3_CCATTCGAGTAAGTAC-1	9
beige.day3_CCATTCGAGTACCGGA-1	11
beige.day3_CCATTCGAGTACGCCC-1	8
beige.day3_CCATTCGCAAGTTAAG-1	8
beige.day3_CCATTCGCAATGGAGC-1	11
beige.day3_CCATTCGCAGGGTATG-1	9
beige.day3_CCATTCGGTAGAAGGA-1	11
beige.day3_CCATTCGGTCGCATCG-1	12
beige.day3_CCATTCGGTCTAAACC-1	12
beige.day3_CCATTCGGTCTCTCGT-1	12
beige.day3_CCATTCGGTTCGAATC-1	9
beige.day3_CCATTCGTCAGCAACT-1	12
beige.day3_CCATTCGTCATTTGGG-1	9
beige.day3_CCATTCGTCCTTGGTC-1	8
beige.day3_CCATTCGTCGAGAACG-1	12
beige.day3_CCATTCGTCGGACAAG-1	12
beige.day3_CCATTCGTCTCAAACG-1	8
beige.day3_CCATTCGTCTTGTATC-1	8
beige.day3_CCCAATCAGATGCCAG-1	11
beige.day3_CCCAATCAGCCCAACC-1	9
beige.day3_CCCAATCAGCGATTCT-1	8
beige.day3_CCCAATCAGGCACATG-1	12
beige.day3_CCCAATCAGGCTAGGT-1	11
beige.day3_CCCAATCCAACTGCTA-1	8
beige.day3_CCCAATCCACTTCGAA-1	5
beige.day3_CCCAATCCAGAGCCAA-1	11
beige.day3_CCCAATCCAGCTTCGG-1	5
beige.day3_CCCAATCCATGGTCTA-1	11
beige.day3_CCCAATCGTAGGACAC-1	12
beige.day3_CCCAATCGTCGCATAT-1	8
beige.day3_CCCAATCGTGAAATCA-1	12
beige.day3_CCCAATCGTGCTAGCC-1	9
beige.day3_CCCAATCGTTCCGGCA-1	8
beige.day3_CCCAATCTCAGCCTAA-1	9
beige.day3_CCCAATCTCTACGAGT-1	8
beige.day3_CCCAATCTCTAGCACA-1	12
beige.day3_CCCAATCTCTTGTTTG-1	8
beige.day3_CCCAGTTAGAAACGAG-1	9
beige.day3_CCCAGTTAGCCACGCT-1	8
beige.day3_CCCAGTTAGCCTATGT-1	9
beige.day3_CCCAGTTAGGGCTTGA-1	9
beige.day3_CCCAGTTAGTCAAGGC-1	9
beige.day3_CCCAGTTAGTGAACGC-1	8
beige.day3_CCCAGTTAGTTCGCAT-1	11
beige.day3_CCCAGTTCAAGTTGTC-1	11
beige.day3_CCCAGTTCACCAGGCT-1	11
beige.day3_CCCAGTTCACCCAGTG-1	11
beige.day3_CCCAGTTCACTCAGGC-1	9
beige.day3_CCCAGTTCACTTGGAT-1	7
beige.day3_CCCAGTTCAGCATGAG-1	8
beige.day3_CCCAGTTCAGGGCATA-1	8
beige.day3_CCCAGTTCATCACAAC-1	7
beige.day3_CCCAGTTCATCCGGGT-1	9
beige.day3_CCCAGTTCATGGGACA-1	11
beige.day3_CCCAGTTGTGGCAAAC-1	11
beige.day3_CCCAGTTGTGGCCCTA-1	10
beige.day3_CCCAGTTGTTCTGTTT-1	8
beige.day3_CCCAGTTGTTGTGGCC-1	8
beige.day3_CCCAGTTTCAGCAACT-1	12
beige.day3_CCCAGTTTCATAACCG-1	11
beige.day3_CCCAGTTTCATGCTCC-1	6
beige.day3_CCCAGTTTCCAAGCCG-1	12
beige.day3_CCCAGTTTCCTAGTGA-1	12
beige.day3_CCCATACAGATCGGGT-1	11
beige.day3_CCCATACAGCCACCTG-1	11
beige.day3_CCCATACAGCCGTCGT-1	9
beige.day3_CCCATACAGGCTATCT-1	8
beige.day3_CCCATACCATAACCTG-1	8
beige.day3_CCCATACCATACGCCG-1	11
beige.day3_CCCATACCATGATCCA-1	8
beige.day3_CCCATACGTACACCGC-1	12
beige.day3_CCCATACGTTGTTTGG-1	11
beige.day3_CCCATACTCAGCATGT-1	9
beige.day3_CCCATACTCCTGTAGA-1	10
beige.day3_CCCATACTCCTTGCCA-1	12
beige.day3_CCCATACTCGCATGGC-1	12
beige.day3_CCCATACTCGTCCGTT-1	8
beige.day3_CCCATACTCGTTTGCC-1	8
beige.day3_CCCATACTCTCTGCTG-1	12
beige.day3_CCCTCCTAGACAGAGA-1	7
beige.day3_CCCTCCTAGACTACAA-1	5
beige.day3_CCCTCCTAGAGCTGCA-1	10
beige.day3_CCCTCCTAGTACGTAA-1	8
beige.day3_CCCTCCTAGTGGGTTG-1	11
beige.day3_CCCTCCTAGTGTCTCA-1	11
beige.day3_CCCTCCTAGTTACGGG-1	9
beige.day3_CCCTCCTAGTTGTCGT-1	6
beige.day3_CCCTCCTCACAGACAG-1	7
beige.day3_CCCTCCTCACTGAAGG-1	9
beige.day3_CCCTCCTCACTTGGAT-1	9
beige.day3_CCCTCCTCAGTATCTG-1	8
beige.day3_CCCTCCTCATAGTAAG-1	9
beige.day3_CCCTCCTGTAAGAGAG-1	6
beige.day3_CCCTCCTGTCGCATAT-1	11
beige.day3_CCCTCCTGTGGTAACG-1	10
beige.day3_CCCTCCTTCCAAATGC-1	11
beige.day3_CCCTCCTTCTCCAACC-1	7
beige.day3_CCGGGATAGAAGGCCT-1	12
beige.day3_CCGGGATAGAGCTGCA-1	12
beige.day3_CCGGGATAGATGCCTT-1	10
beige.day3_CCGGGATAGGCACATG-1	7
beige.day3_CCGGGATAGGCAGTCA-1	12
beige.day3_CCGGGATAGGGAACGG-1	12
beige.day3_CCGGGATAGTACGACG-1	11
beige.day3_CCGGGATAGTGTTTGC-1	10
beige.day3_CCGGGATCAAACCCAT-1	12
beige.day3_CCGGGATCAACTTGAC-1	12
beige.day3_CCGGGATCAATGGAAT-1	9
beige.day3_CCGGGATCAGACAGGT-1	12
beige.day3_CCGGGATCAGACGTAG-1	12
beige.day3_CCGGGATCAGGAATGC-1	12
beige.day3_CCGGGATCAGTGAGTG-1	10
beige.day3_CCGGGATCATAACCTG-1	12
beige.day3_CCGGGATCATCTCCCA-1	11
beige.day3_CCGGGATGTACCGTAT-1	8
beige.day3_CCGGGATGTAGGGACT-1	8
beige.day3_CCGGGATGTCATCGGC-1	7
beige.day3_CCGGGATGTTAAAGTG-1	10
beige.day3_CCGGGATGTTTACTCT-1	9
beige.day3_CCGGGATTCAACGGCC-1	11
beige.day3_CCGGGATTCGTACCGG-1	10
beige.day3_CCGGTAGAGACAATAC-1	10
beige.day3_CCGGTAGAGAGGGATA-1	11
beige.day3_CCGGTAGAGGACATTA-1	8
beige.day3_CCGGTAGAGGCAGGTT-1	10
beige.day3_CCGGTAGAGGCCCTTG-1	12
beige.day3_CCGGTAGAGGGAACGG-1	8
beige.day3_CCGGTAGAGTACGATA-1	8
beige.day3_CCGGTAGAGTCGAGTG-1	10
beige.day3_CCGGTAGAGTGCGTGA-1	12
beige.day3_CCGGTAGCAAACAACA-1	8
beige.day3_CCGGTAGCAAGAAGAG-1	12
beige.day3_CCGGTAGCAGCTCCGA-1	12
beige.day3_CCGGTAGCATAAGACA-1	12
beige.day3_CCGGTAGCATCGGGTC-1	7
beige.day3_CCGGTAGCATGTTCCC-1	9
beige.day3_CCGGTAGGTACGCTGC-1	12
beige.day3_CCGGTAGGTCAGAAGC-1	8
beige.day3_CCGGTAGGTGCACGAA-1	10
beige.day3_CCGGTAGGTTAAGAAC-1	7
beige.day3_CCGGTAGGTTCCACGG-1	10
beige.day3_CCGGTAGGTTGTCGCG-1	10
beige.day3_CCGGTAGTCAACACGT-1	8
beige.day3_CCGGTAGTCCGCGTTT-1	9
beige.day3_CCGTACTAGACTCGGA-1	8
beige.day3_CCGTACTAGAGGGCTT-1	8
beige.day3_CCGTACTAGGACTGGT-1	9
beige.day3_CCGTACTAGGCATGGT-1	8
beige.day3_CCGTACTAGTACGTTC-1	11
beige.day3_CCGTACTAGTACTTGC-1	11
beige.day3_CCGTACTAGTGGTAAT-1	10
beige.day3_CCGTACTCAGGCGATA-1	6
beige.day3_CCGTACTCATACCATG-1	6
beige.day3_CCGTACTCATCGTCGG-1	11
beige.day3_CCGTACTCATGGATGG-1	8
beige.day3_CCGTACTCATTATCTC-1	10
beige.day3_CCGTACTGTCGCATAT-1	12
beige.day3_CCGTACTGTCTAGAGG-1	10
beige.day3_CCGTACTGTGACGGTA-1	12
beige.day3_CCGTACTGTGTGACCC-1	10
beige.day3_CCGTACTGTTACGCGC-1	12
beige.day3_CCGTACTGTTTAGCTG-1	8
beige.day3_CCGTACTTCACCTCGT-1	8
beige.day3_CCGTACTTCAGATAAG-1	10
beige.day3_CCGTACTTCCCTAATT-1	8
beige.day3_CCGTACTTCGCACTCT-1	8
beige.day3_CCGTACTTCGCCGTGA-1	12
beige.day3_CCGTACTTCTTGACGA-1	12
beige.day3_CCGTGGAAGAAGCCCA-1	8
beige.day3_CCGTGGAAGAAGGCCT-1	9
beige.day3_CCGTGGAAGACGCTTT-1	11
beige.day3_CCGTGGAAGAGCTGGT-1	8
beige.day3_CCGTGGAAGCTAAGAT-1	9
beige.day3_CCGTGGAAGGCTACGA-1	8
beige.day3_CCGTGGAAGGTGGGTT-1	12
beige.day3_CCGTGGAAGTGCAAGC-1	7
beige.day3_CCGTGGACAATGTAAG-1	9
beige.day3_CCGTGGACACACGCTG-1	7
beige.day3_CCGTGGACACGGTGTC-1	8
beige.day3_CCGTGGACAGACGCTC-1	8
beige.day3_CCGTGGATCCAGAAGG-1	7
beige.day3_CCGTGGATCCGCATCT-1	11
beige.day3_CCGTGGATCCGTACAA-1	8
beige.day3_CCGTGGATCGCTGATA-1	6
beige.day3_CCGTGGATCTATCGCC-1	8
beige.day3_CCGTTCAAGAGTAAGG-1	8
beige.day3_CCGTTCAAGATAGTCA-1	8
beige.day3_CCGTTCAAGATGCCAG-1	8
beige.day3_CCGTTCAAGCATCATC-1	7
beige.day3_CCGTTCAAGGACACCA-1	10
beige.day3_CCGTTCAAGTAGCCGA-1	7
beige.day3_CCGTTCAAGTGTGAAT-1	9
beige.day3_CCGTTCACAAAGTCAA-1	8
beige.day3_CCGTTCACACGGCGTT-1	8
beige.day3_CCGTTCACACTTCGAA-1	8
beige.day3_CCGTTCACAGTGACAG-1	12
beige.day3_CCGTTCACATGCGCAC-1	10
beige.day3_CCGTTCAGTAATCGTC-1	8
beige.day3_CCGTTCAGTACTTAGC-1	12
beige.day3_CCGTTCAGTGGCCCTA-1	9
beige.day3_CCGTTCAGTGGTTTCA-1	12
beige.day3_CCGTTCATCACAACGT-1	6
beige.day3_CCGTTCATCAGAGACG-1	8
beige.day3_CCGTTCATCCACGTTC-1	7
beige.day3_CCGTTCATCCCAGGTG-1	6
beige.day3_CCGTTCATCTGTCCGT-1	9
beige.day3_CCGTTCATCTTGTTTG-1	9
beige.day3_CCTAAAGAGACAGACC-1	12
beige.day3_CCTAAAGAGAGTAATC-1	7
beige.day3_CCTAAAGAGCGCTCCA-1	12
beige.day3_CCTAAAGAGGACATTA-1	8
beige.day3_CCTAAAGAGGCCCTTG-1	7
beige.day3_CCTAAAGAGGCTATCT-1	12
beige.day3_CCTAAAGAGTCTCGGC-1	12
beige.day3_CCTAAAGCAGCGTCCA-1	12
beige.day3_CCTAAAGCATGCCTTC-1	8
beige.day3_CCTAAAGCATTGCGGC-1	11
beige.day3_CCTAAAGGTACAGACG-1	8
beige.day3_CCTAAAGGTATTAGCC-1	12
beige.day3_CCTAAAGGTCACCCAG-1	8
beige.day3_CCTAAAGGTCCTGCTT-1	3
beige.day3_CCTAAAGGTCGTTGTA-1	12
beige.day3_CCTAAAGGTCTGCCAG-1	12
beige.day3_CCTAAAGGTTACAGAA-1	12
beige.day3_CCTAAAGGTTAGGGTG-1	12
beige.day3_CCTAAAGGTTTGACTG-1	8
beige.day3_CCTAAAGTCGGCGCAT-1	9
beige.day3_CCTAAAGTCTGAAAGA-1	11
beige.day3_CCTACACAGGCCATAG-1	6
beige.day3_CCTACACCAAATCCGT-1	7
beige.day3_CCTACACCAATGGAAT-1	11
beige.day3_CCTACACCACGCCAGT-1	8
beige.day3_CCTACACCACTTAAGC-1	12
beige.day3_CCTACACGTTACGCGC-1	9
beige.day3_CCTACACGTTATCACG-1	7
beige.day3_CCTACACGTTGAGGTG-1	7
beige.day3_CCTACACGTTTGTTTC-1	10
beige.day3_CCTACACTCAGCACAT-1	8
beige.day3_CCTACACTCATATCGG-1	11
beige.day3_CCTACACTCTGCAGTA-1	9
beige.day3_CCTACCAAGCGAGAAA-1	8
beige.day3_CCTACCAAGCTACCTA-1	11
beige.day3_CCTACCAAGGCTCTTA-1	10
beige.day3_CCTACCAAGGTGCTTT-1	9
beige.day3_CCTACCAAGTAATCCC-1	10
beige.day3_CCTACCAAGTACACCT-1	10
beige.day3_CCTACCAAGTGCCAGA-1	9
beige.day3_CCTACCACACGCGAAA-1	10
beige.day3_CCTACCACAGCGTAAG-1	9
beige.day3_CCTACCACAGTCGTGC-1	12
beige.day3_CCTACCAGTCAGCTAT-1	12
beige.day3_CCTACCAGTCGCGAAA-1	11
beige.day3_CCTACCAGTCGTCTTC-1	11
beige.day3_CCTACCAGTGCTCTTC-1	12
beige.day3_CCTACCAGTTACGACT-1	9
beige.day3_CCTACCATCACGATGT-1	12
beige.day3_CCTACCATCAGAAATG-1	8
beige.day3_CCTACCATCCAGGGCT-1	11
beige.day3_CCTACCATCGTCTGCT-1	8
beige.day3_CCTAGCTAGAAGGCCT-1	9
beige.day3_CCTAGCTAGATATGCA-1	7
beige.day3_CCTAGCTAGCACCGCT-1	8
beige.day3_CCTAGCTAGCTTATCG-1	10
beige.day3_CCTAGCTAGGAACTGC-1	8
beige.day3_CCTAGCTCAAACTGTC-1	12
beige.day3_CCTAGCTCAACGCACC-1	8
beige.day3_CCTAGCTCAACTGCGC-1	5
beige.day3_CCTAGCTCAAGTTCTG-1	8
beige.day3_CCTAGCTCAATGTAAG-1	6
beige.day3_CCTAGCTCACCGGAAA-1	8
beige.day3_CCTAGCTCAGCTATTG-1	7
beige.day3_CCTAGCTCAGGGATTG-1	10
beige.day3_CCTAGCTCATCACAAC-1	8
beige.day3_CCTAGCTCATGAACCT-1	9
beige.day3_CCTAGCTCATTGCGGC-1	10
beige.day3_CCTAGCTGTGGTCCGT-1	8
beige.day3_CCTAGCTGTTCTGGTA-1	7
beige.day3_CCTAGCTTCAAACCGT-1	8
beige.day3_CCTAGCTTCCTGTAGA-1	10
beige.day3_CCTAGCTTCTGCTGTC-1	12
beige.day3_CCTAGCTTCTTCAACT-1	8
beige.day3_CCTATTAAGACAGACC-1	8
beige.day3_CCTATTAAGGACTGGT-1	7
beige.day3_CCTATTAAGTACTTGC-1	8
beige.day3_CCTATTACAAACGCGA-1	12
beige.day3_CCTATTACAACGATCT-1	9
beige.day3_CCTATTACAATCGGTT-1	10
beige.day3_CCTATTACACATTAGC-1	6
beige.day3_CCTATTACAGACGCCT-1	12
beige.day3_CCTATTAGTACTCAAC-1	12
beige.day3_CCTATTAGTAGCAAAT-1	10
beige.day3_CCTATTAGTAGGCTGA-1	8
beige.day3_CCTATTAGTCCGTCAG-1	8
beige.day3_CCTATTAGTCGCGTGT-1	12
beige.day3_CCTATTAGTCTCGTTC-1	8
beige.day3_CCTATTAGTGGCTCCA-1	9
beige.day3_CCTATTAGTGTAATGA-1	8
beige.day3_CCTATTAGTTAAAGTG-1	12
beige.day3_CCTATTAGTTTCGCTC-1	8
beige.day3_CCTATTATCAAGATCC-1	12
beige.day3_CCTATTATCCGTTGCT-1	7
beige.day3_CCTATTATCGACAGCC-1	7
beige.day3_CCTATTATCGCCAAAT-1	9
beige.day3_CCTATTATCTTTCCTC-1	8
beige.day3_CCTCAGTAGAAACCTA-1	9
beige.day3_CCTCAGTAGCGTGAGT-1	8
beige.day3_CCTCAGTAGGAATGGA-1	7
beige.day3_CCTCAGTAGGCCCTCA-1	10
beige.day3_CCTCAGTCAATTGCTG-1	7
beige.day3_CCTCAGTCACGAAGCA-1	7
beige.day3_CCTCAGTCACTCAGGC-1	11
beige.day3_CCTCAGTCAGGCTCAC-1	7
beige.day3_CCTCAGTCAGGGATTG-1	12
beige.day3_CCTCAGTCAGGTTTCA-1	11
beige.day3_CCTCAGTCATGCTAGT-1	12
beige.day3_CCTCAGTGTACATCCA-1	7
beige.day3_CCTCAGTGTAGCGCTC-1	8
beige.day3_CCTCAGTGTCAAGCGA-1	8
beige.day3_CCTCAGTGTCACACGC-1	8
beige.day3_CCTCAGTGTCAGATAA-1	8
beige.day3_CCTCAGTGTCCTGCTT-1	9
beige.day3_CCTCAGTGTGCATCTA-1	8
beige.day3_CCTCAGTTCAACACAC-1	8
beige.day3_CCTCAGTTCGGCCGAT-1	12
beige.day3_CCTCAGTTCGGCTACG-1	9
beige.day3_CCTCTGAAGAATGTGT-1	8
beige.day3_CCTCTGAAGAATTCCC-1	9
beige.day3_CCTCTGAAGACAGGCT-1	12
beige.day3_CCTCTGAAGCACACAG-1	7
beige.day3_CCTCTGAAGGATGGAA-1	11
beige.day3_CCTCTGAAGGCGCTCT-1	12
beige.day3_CCTCTGAAGGGTTCCC-1	1
beige.day3_CCTCTGAAGTGTCCCG-1	8
beige.day3_CCTCTGACAAGAAAGG-1	6
beige.day3_CCTCTGACACGACGAA-1	11
beige.day3_CCTCTGACATCACCCT-1	8
beige.day3_CCTCTGACATCCTAGA-1	6
beige.day3_CCTCTGACATCGACGC-1	12
beige.day3_CCTCTGAGTCGGGTCT-1	9
beige.day3_CCTCTGAGTGACGCCT-1	8
beige.day3_CCTCTGAGTGCAGTAG-1	8
beige.day3_CCTCTGAGTGCGCTTG-1	8
beige.day3_CCTCTGAGTTAAAGAC-1	10
beige.day3_CCTCTGAGTTAGTGGG-1	10
beige.day3_CCTCTGAGTTATCCGA-1	11
beige.day3_CCTCTGAGTTCCGTCT-1	9
beige.day3_CCTCTGATCAAACAAG-1	10
beige.day3_CCTCTGATCCCGACTT-1	10
beige.day3_CCTCTGATCGCAAACT-1	10
beige.day3_CCTCTGATCGGCGGTT-1	12
beige.day3_CCTCTGATCTCCGGTT-1	8
beige.day3_CCTTACGAGAAGGTTT-1	8
beige.day3_CCTTACGAGACTGGGT-1	9
beige.day3_CCTTACGAGATCGGGT-1	10
beige.day3_CCTTACGAGCCCAGCT-1	8
beige.day3_CCTTACGCAAGAAGAG-1	11
beige.day3_CCTTACGCAAGGTTCT-1	11
beige.day3_CCTTACGCACCGTTGG-1	4
beige.day3_CCTTACGCACTGTTAG-1	11
beige.day3_CCTTACGCAGATGAGC-1	11
beige.day3_CCTTACGCAGCCTGTG-1	11
beige.day3_CCTTACGCATGTCTCC-1	12
beige.day3_CCTTACGGTCAGATAA-1	9
beige.day3_CCTTACGGTCCATGAT-1	12
beige.day3_CCTTACGGTGACAAAT-1	9
beige.day3_CCTTACGGTGGACGAT-1	9
beige.day3_CCTTACGGTTCAGCGC-1	12
beige.day3_CCTTACGGTTCAGGCC-1	11
beige.day3_CCTTACGTCATGTCTT-1	9
beige.day3_CCTTACGTCCATGCTC-1	8
beige.day3_CCTTACGTCCCAAGAT-1	9
beige.day3_CCTTACGTCCTGTACC-1	8
beige.day3_CCTTACGTCTTAACCT-1	7
beige.day3_CCTTCCCAGAAGAAGC-1	12
beige.day3_CCTTCCCAGAGCCTAG-1	12
beige.day3_CCTTCCCAGCATGGCA-1	8
beige.day3_CCTTCCCAGCTCCCAG-1	8
beige.day3_CCTTCCCAGCTTCGCG-1	8
beige.day3_CCTTCCCAGGCGATAC-1	8
beige.day3_CCTTCCCAGGTGACCA-1	10
beige.day3_CCTTCCCAGTGATCGG-1	8
beige.day3_CCTTCCCCACGAAGCA-1	12
beige.day3_CCTTCCCCACTCAGGC-1	10
beige.day3_CCTTCCCCAGCGAACA-1	12
beige.day3_CCTTCCCCAGCTCCGA-1	9
beige.day3_CCTTCCCCATGGTCAT-1	12
beige.day3_CCTTCCCGTAGCTAAA-1	9
beige.day3_CCTTCCCGTTAGGGTG-1	7
beige.day3_CCTTCCCGTTGTCGCG-1	8
beige.day3_CCTTCCCTCAGCACAT-1	12
beige.day3_CCTTCCCTCAGCGACC-1	9
beige.day3_CCTTCCCTCATGCTCC-1	12
beige.day3_CCTTCCCTCCGAAGAG-1	9
beige.day3_CCTTCCCTCGGTTAAC-1	12
beige.day3_CCTTCGAAGACCGGAT-1	12
beige.day3_CCTTCGAAGACTTTCG-1	7
beige.day3_CCTTCGAAGATCCCGC-1	8
beige.day3_CCTTCGAAGATGGCGT-1	11
beige.day3_CCTTCGAAGATGTGTA-1	11
beige.day3_CCTTCGAAGCTCCCAG-1	9
beige.day3_CCTTCGAAGGGTGTGT-1	8
beige.day3_CCTTCGAAGGTAGCCA-1	11
beige.day3_CCTTCGACAACACGCC-1	12
beige.day3_CCTTCGACACACCGAC-1	8
beige.day3_CCTTCGACACTCTGTC-1	10
beige.day3_CCTTCGACAGTAAGAT-1	9
beige.day3_CCTTCGAGTATAAACG-1	8
beige.day3_CCTTCGAGTCCGAGTC-1	10
beige.day3_CCTTCGAGTCCGTCAG-1	8
beige.day3_CCTTCGAGTTGGAGGT-1	6
beige.day3_CCTTCGATCAGTCCCT-1	7
beige.day3_CCTTCGATCCGTACAA-1	9
beige.day3_CCTTCGATCCTCAACC-1	9
beige.day3_CCTTCGATCGTTACAG-1	12
beige.day3_CCTTCGATCTCGCATC-1	10
beige.day3_CCTTCGATCTGTACGA-1	11
beige.day3_CCTTTCTAGACAAAGG-1	7
beige.day3_CCTTTCTAGGTGATTA-1	8
beige.day3_CCTTTCTAGTGGCACA-1	12
beige.day3_CCTTTCTAGTGGGATC-1	11
beige.day3_CCTTTCTCACCGCTAG-1	10
beige.day3_CCTTTCTCACTTACGA-1	12
beige.day3_CCTTTCTCAGCATACT-1	7
beige.day3_CCTTTCTCAGGGCATA-1	11
beige.day3_CCTTTCTCAGGTCGTC-1	8
beige.day3_CCTTTCTCAGTCTTCC-1	10
beige.day3_CCTTTCTCAGTGGGAT-1	8
beige.day3_CCTTTCTGTAGATTAG-1	7
beige.day3_CCTTTCTGTATAGGGC-1	7
beige.day3_CCTTTCTGTCGAGATG-1	9
beige.day3_CCTTTCTGTCTAACGT-1	6
beige.day3_CCTTTCTGTCTAGTGT-1	8
beige.day3_CCTTTCTGTCTTCGTC-1	12
beige.day3_CCTTTCTGTTATCCGA-1	8
beige.day3_CCTTTCTGTTGGAGGT-1	12
beige.day3_CCTTTCTTCAAGAAGT-1	9
beige.day3_CCTTTCTTCACTCTTA-1	8
beige.day3_CCTTTCTTCAGCCTAA-1	8
beige.day3_CCTTTCTTCGCATGGC-1	10
beige.day3_CCTTTCTTCGTTACAG-1	10
beige.day3_CCTTTCTTCTAGCACA-1	8
beige.day3_CCTTTCTTCTCGATGA-1	7
beige.day3_CGAACATAGAAACCGC-1	12
beige.day3_CGAACATAGATGGGTC-1	9
beige.day3_CGAACATAGCTATGCT-1	8
beige.day3_CGAACATAGGTAGCCA-1	7
beige.day3_CGAACATAGTACATGA-1	9
beige.day3_CGAACATAGTGGGCTA-1	9
beige.day3_CGAACATAGTGTTTGC-1	12
beige.day3_CGAACATCAAACGTGG-1	9
beige.day3_CGAACATCAATACGCT-1	8
beige.day3_CGAACATCAATGACCT-1	8
beige.day3_CGAACATCACGGATAG-1	7
beige.day3_CGAACATCAGACACTT-1	8
beige.day3_CGAACATCAGATCCAT-1	8
beige.day3_CGAACATCATCACCCT-1	11
beige.day3_CGAACATCATCCTAGA-1	12
beige.day3_CGAACATCATGCCCGA-1	9
beige.day3_CGAACATGTCTAGTCA-1	8
beige.day3_CGAACATGTCTGATCA-1	8
beige.day3_CGAACATTCACCACCT-1	7
beige.day3_CGAACATTCATCGCTC-1	12
beige.day3_CGAACATTCTCTGCTG-1	9
beige.day3_CGAACATTCTGGTGTA-1	12
beige.day3_CGAATGTAGACTAGAT-1	8
beige.day3_CGAATGTAGATGTGTA-1	12
beige.day3_CGAATGTAGCACGCCT-1	8
beige.day3_CGAATGTAGCAGATCG-1	11
beige.day3_CGAATGTAGCGCCTCA-1	8
beige.day3_CGAATGTAGCTAGTTC-1	8
beige.day3_CGAATGTAGGTCATCT-1	12
beige.day3_CGAATGTAGTACATGA-1	8
beige.day3_CGAATGTAGTAGGCCA-1	7
beige.day3_CGAATGTAGTCCATAC-1	8
beige.day3_CGAATGTAGTCGTACT-1	8
beige.day3_CGAATGTCAATAGAGT-1	8
beige.day3_CGAATGTCACAGCCCA-1	8
beige.day3_CGAATGTCACTTGGAT-1	10
beige.day3_CGAATGTCAGGCAGTA-1	10
beige.day3_CGAATGTCATACAGCT-1	11
beige.day3_CGAATGTCATCTCGCT-1	12
beige.day3_CGAATGTCATGACATC-1	12
beige.day3_CGAATGTCATGCCACG-1	8
beige.day3_CGAATGTCATGGTCAT-1	9
beige.day3_CGAATGTGTAGCACGA-1	12
beige.day3_CGAATGTGTCCAGTAT-1	11
beige.day3_CGAATGTGTCGCTTTC-1	9
beige.day3_CGAATGTGTGACGCCT-1	12
beige.day3_CGAATGTTCCTCCTAG-1	8
beige.day3_CGAATGTTCGCTTGTC-1	8
beige.day3_CGACCTTAGACAAAGG-1	8
beige.day3_CGACCTTAGATGTGTA-1	12
beige.day3_CGACCTTAGCTAGCCC-1	11
beige.day3_CGACCTTAGGCGTACA-1	7
beige.day3_CGACCTTAGGTTCCTA-1	8
beige.day3_CGACCTTAGTACGATA-1	10
beige.day3_CGACCTTAGTCAATAG-1	9
beige.day3_CGACCTTAGTGATCGG-1	12
beige.day3_CGACCTTAGTGCTGCC-1	8
beige.day3_CGACCTTCACCCATTC-1	11
beige.day3_CGACCTTCACTAAGTC-1	8
beige.day3_CGACCTTCATCGGTTA-1	8
beige.day3_CGACCTTGTAAAGGAG-1	8
beige.day3_CGACCTTGTACCATCA-1	9
beige.day3_CGACCTTGTACCGTAT-1	8
beige.day3_CGACCTTGTATGGTTC-1	8
beige.day3_CGACCTTGTCAACTGT-1	8
beige.day3_CGACCTTGTCTAACGT-1	8
beige.day3_CGACCTTGTGTGACCC-1	12
beige.day3_CGACCTTGTTATTCTC-1	12
beige.day3_CGACCTTGTTGAGGTG-1	8
beige.day3_CGACCTTGTTGGTTTG-1	8
beige.day3_CGACCTTTCAAGAAGT-1	8
beige.day3_CGACCTTTCACAGTAC-1	12
beige.day3_CGACCTTTCTGATTCT-1	8
beige.day3_CGACCTTTCTTTACAC-1	7
beige.day3_CGACTTCAGACTGGGT-1	8
beige.day3_CGACTTCAGATCCTGT-1	10
beige.day3_CGACTTCAGATGCCTT-1	8
beige.day3_CGACTTCAGCCAACAG-1	8
beige.day3_CGACTTCAGCCACTAT-1	12
beige.day3_CGACTTCAGGCAATTA-1	8
beige.day3_CGACTTCAGGCGCTCT-1	8
beige.day3_CGACTTCAGGCGTACA-1	11
beige.day3_CGACTTCAGGTAAACT-1	12
beige.day3_CGACTTCAGTGGTCCC-1	8
beige.day3_CGACTTCAGTTGAGTA-1	11
beige.day3_CGACTTCCAATGAAAC-1	12
beige.day3_CGACTTCCACAGTCGC-1	11
beige.day3_CGACTTCCACGGTAAG-1	7
beige.day3_CGACTTCCACTACAGT-1	12
beige.day3_CGACTTCCAGGACCCT-1	8
beige.day3_CGACTTCCATCTCGCT-1	7
beige.day3_CGACTTCGTACAGACG-1	8
beige.day3_CGACTTCGTACTCGCG-1	8
beige.day3_CGACTTCGTCAGAATA-1	8
beige.day3_CGACTTCGTCCAAGTT-1	10
beige.day3_CGACTTCGTCGCGAAA-1	11
beige.day3_CGACTTCGTCGGGTCT-1	9
beige.day3_CGACTTCGTGTGAATA-1	9
beige.day3_CGACTTCGTGTGCCTG-1	6
beige.day3_CGACTTCTCCCTAATT-1	8
beige.day3_CGACTTCTCTCTTATG-1	1
beige.day3_CGACTTCTCTTGAGAC-1	12
beige.day3_CGAGAAGAGAAGCCCA-1	8
beige.day3_CGAGAAGAGACGCACA-1	8
beige.day3_CGAGAAGAGCTAACAA-1	8
beige.day3_CGAGAAGAGCTACCTA-1	8
beige.day3_CGAGAAGAGCTCCCAG-1	9
beige.day3_CGAGAAGAGGATTCGG-1	8
beige.day3_CGAGAAGAGGCTCTTA-1	11
beige.day3_CGAGAAGAGTCCGGTC-1	9
beige.day3_CGAGAAGCAATCGAAA-1	12
beige.day3_CGAGAAGCACAAGACG-1	12
beige.day3_CGAGAAGCACATCCAA-1	12
beige.day3_CGAGAAGCAGCTGGCT-1	8
beige.day3_CGAGAAGCAGCTTAAC-1	7
beige.day3_CGAGAAGCATGGTTGT-1	9
beige.day3_CGAGAAGGTAAACCTC-1	12
beige.day3_CGAGAAGGTACGCACC-1	7
beige.day3_CGAGAAGGTAGCGTCC-1	8
beige.day3_CGAGAAGGTATATCCG-1	12
beige.day3_CGAGAAGGTATATGGA-1	8
beige.day3_CGAGAAGGTCGGATCC-1	7
beige.day3_CGAGAAGGTGGTACAG-1	8
beige.day3_CGAGAAGTCATCTGCC-1	11
beige.day3_CGAGAAGTCCTCCTAG-1	7
beige.day3_CGAGAAGTCGCAAGCC-1	10
beige.day3_CGAGAAGTCTACTTAC-1	12
beige.day3_CGAGAAGTCTCTTATG-1	8
beige.day3_CGAGAAGTCTGGTATG-1	7
beige.day3_CGAGCACAGATAGGAG-1	12
beige.day3_CGAGCACAGATGTTAG-1	12
beige.day3_CGAGCACAGGCATGTG-1	12
beige.day3_CGAGCACAGTCGTACT-1	9
beige.day3_CGAGCACAGTGACTCT-1	10
beige.day3_CGAGCACCAAGAGGCT-1	8
beige.day3_CGAGCACCAATACGCT-1	12
beige.day3_CGAGCACCAGCTTAAC-1	8
beige.day3_CGAGCACCAGTATGCT-1	9
beige.day3_CGAGCACGTAGATTAG-1	10
beige.day3_CGAGCACGTAGCACGA-1	9
beige.day3_CGAGCACGTATCTGCA-1	8
beige.day3_CGAGCACGTCCCTACT-1	6
beige.day3_CGAGCACGTGCACCAC-1	12
beige.day3_CGAGCACGTTACGCGC-1	12
beige.day3_CGAGCACGTTCCAACA-1	12
beige.day3_CGAGCACGTTTCGCTC-1	8
beige.day3_CGAGCACTCAAGAAGT-1	6
beige.day3_CGAGCACTCCAATGGT-1	12
beige.day3_CGAGCACTCCCTTGCA-1	8
beige.day3_CGAGCACTCGCTTAGA-1	8
beige.day3_CGAGCACTCGGGAGTA-1	12
beige.day3_CGAGCACTCTGTACGA-1	12
beige.day3_CGAGCCAAGTACGATA-1	10
beige.day3_CGAGCCAAGTCATGCT-1	12
beige.day3_CGAGCCAAGTGGAGAA-1	8
beige.day3_CGAGCCACAACAACCT-1	12
beige.day3_CGAGCCACAATGACCT-1	9
beige.day3_CGAGCCACACAACTGT-1	12
beige.day3_CGAGCCACACTACAGT-1	11
beige.day3_CGAGCCACAGATTGCT-1	10
beige.day3_CGAGCCACATACGCCG-1	7
beige.day3_CGAGCCAGTAAACGCG-1	8
beige.day3_CGAGCCAGTAGTAGTA-1	12
beige.day3_CGAGCCAGTCAAGCGA-1	8
beige.day3_CGAGCCAGTCGTTGTA-1	9
beige.day3_CGAGCCAGTCTAACGT-1	8
beige.day3_CGAGCCAGTTCACCTC-1	7
beige.day3_CGAGCCAGTTGAGTTC-1	9
beige.day3_CGAGCCAGTTGCCTCT-1	10
beige.day3_CGAGCCATCAATAAGG-1	9
beige.day3_CGAGCCATCACTCCTG-1	8
beige.day3_CGAGCCATCAGAGACG-1	12
beige.day3_CGAGCCATCAGTGCAT-1	8
beige.day3_CGAGCCATCCACGAAT-1	10
beige.day3_CGAGCCATCTCCCTGA-1	8
beige.day3_CGAGCCATCTCCGGTT-1	7
beige.day3_CGAGCCATCTCTAGGA-1	7
beige.day3_CGAGCCATCTTGTTTG-1	7
beige.day3_CGATCGGAGATCCTGT-1	11
beige.day3_CGATCGGAGCTAGGCA-1	9
beige.day3_CGATCGGAGGACCACA-1	9
beige.day3_CGATCGGAGTCCAGGA-1	8
beige.day3_CGATCGGAGTCGAGTG-1	10
beige.day3_CGATCGGAGTGTTTGC-1	9
beige.day3_CGATCGGAGTTACCCA-1	8
beige.day3_CGATCGGCACGCGAAA-1	9
beige.day3_CGATCGGCAGCGTCCA-1	12
beige.day3_CGATCGGCAGTATCTG-1	11
beige.day3_CGATCGGGTATAGTAG-1	12
beige.day3_CGATCGGGTTTGGCGC-1	12
beige.day3_CGATCGGTCCATTCTA-1	12
beige.day3_CGATCGGTCGCATGGC-1	12
beige.day3_CGATCGGTCGTAGATC-1	8
beige.day3_CGATCGGTCTACTTAC-1	7
beige.day3_CGATCGGTCTCGAGTA-1	12
beige.day3_CGATCGGTCTGTCTCG-1	10
beige.day3_CGATCGGTCTTGCATT-1	8
beige.day3_CGATGGCAGACGACGT-1	12
beige.day3_CGATGGCAGAGGTTGC-1	12
beige.day3_CGATGGCAGCATCATC-1	11
beige.day3_CGATGGCAGCGAAGGG-1	8
beige.day3_CGATGGCAGGTGCTAG-1	10
beige.day3_CGATGGCAGGTTACCT-1	9
beige.day3_CGATGGCAGTGATCGG-1	9
beige.day3_CGATGGCAGTGTTGAA-1	11
beige.day3_CGATGGCAGTTAAGTG-1	8
beige.day3_CGATGGCCAAACCCAT-1	12
beige.day3_CGATGGCCAACTGCTA-1	7
beige.day3_CGATGGCCAAGGTGTG-1	8
beige.day3_CGATGGCCAATGACCT-1	8
beige.day3_CGATGGCCACAGCCCA-1	8
beige.day3_CGATGGCCACTTCGAA-1	12
beige.day3_CGATGGCCAGCCACCA-1	9
beige.day3_CGATGGCCAGTTAACC-1	12
beige.day3_CGATGGCCATTATCTC-1	7
beige.day3_CGATGGCGTACAGCAG-1	9
beige.day3_CGATGGCGTAGGCTGA-1	12
beige.day3_CGATGGCGTCAGTGGA-1	7
beige.day3_CGATGGCGTCGGCTCA-1	8
beige.day3_CGATGGCGTGACAAAT-1	10
beige.day3_CGATGGCTCAACCATG-1	8
beige.day3_CGATGGCTCATCTGCC-1	8
beige.day3_CGATGGCTCATGTGGT-1	7
beige.day3_CGATGGCTCGCGGATC-1	8
beige.day3_CGATGGCTCGTTTGCC-1	12
beige.day3_CGATGGCTCTTGGGTA-1	12
beige.day3_CGATGTAAGCCCAACC-1	12
beige.day3_CGATGTAAGCGTCAAG-1	9
beige.day3_CGATGTAAGCTGAAAT-1	7
beige.day3_CGATGTAAGCTTCGCG-1	8
beige.day3_CGATGTAAGTAGTGCG-1	8
beige.day3_CGATGTAAGTGCAAGC-1	12
beige.day3_CGATGTACAACTGCGC-1	11
beige.day3_CGATGTACAAGGTGTG-1	11
beige.day3_CGATGTACACATCTTT-1	11
beige.day3_CGATGTACACGTAAGG-1	8
beige.day3_CGATGTACAGGTGCCT-1	11
beige.day3_CGATGTAGTAAGGGAA-1	12
beige.day3_CGATGTAGTACAGCAG-1	10
beige.day3_CGATGTAGTATCACCA-1	10
beige.day3_CGATGTAGTGGAAAGA-1	9
beige.day3_CGATGTAGTGTCCTCT-1	7
beige.day3_CGATGTATCATGGTCA-1	9
beige.day3_CGATGTATCCATGAAC-1	11
beige.day3_CGATGTATCGATCCCT-1	7
beige.day3_CGATGTATCTCGATGA-1	12
beige.day3_CGATTGAAGAAGAAGC-1	12
beige.day3_CGATTGAAGACAGGCT-1	9
beige.day3_CGATTGAAGACATAAC-1	7
beige.day3_CGATTGAAGCAACGGT-1	12
beige.day3_CGATTGAAGGGCTTCC-1	8
beige.day3_CGATTGAAGTGACTCT-1	8
beige.day3_CGATTGACAGCTTAAC-1	8
beige.day3_CGATTGACATCGACGC-1	11
beige.day3_CGATTGACATTAGCCA-1	8
beige.day3_CGATTGAGTACTCTCC-1	10
beige.day3_CGATTGAGTATATGGA-1	8
beige.day3_CGATTGAGTATCACCA-1	8
beige.day3_CGATTGAGTCACCCAG-1	11
beige.day3_CGATTGAGTCTAAACC-1	8
beige.day3_CGATTGAGTGTGCGTC-1	12
beige.day3_CGATTGAGTGTTGGGA-1	12
beige.day3_CGATTGAGTTCCCGAG-1	12
beige.day3_CGATTGAGTTCCCTTG-1	8
beige.day3_CGATTGATCACTTACT-1	12
beige.day3_CGATTGATCGTAGATC-1	8
beige.day3_CGCCAAGAGAAGCCCA-1	11
beige.day3_CGCCAAGAGACCCACC-1	8
beige.day3_CGCCAAGAGACTAAGT-1	7
beige.day3_CGCCAAGAGCCAGTAG-1	11
beige.day3_CGCCAAGAGCGATTCT-1	11
beige.day3_CGCCAAGAGCTGAACG-1	8
beige.day3_CGCCAAGAGCTTATCG-1	12
beige.day3_CGCCAAGAGGACACCA-1	8
beige.day3_CGCCAAGAGTGGGCTA-1	8
beige.day3_CGCCAAGCAAACCCAT-1	8
beige.day3_CGCCAAGCAATGAAAC-1	8
beige.day3_CGCCAAGCACATTAGC-1	9
beige.day3_CGCCAAGCACCAGGCT-1	8
beige.day3_CGCCAAGCACCATGTA-1	8
beige.day3_CGCCAAGCACGTGAGA-1	9
beige.day3_CGCCAAGCATCGACGC-1	6
beige.day3_CGCCAAGCATGCTAGT-1	12
beige.day3_CGCCAAGCATGGTTGT-1	11
beige.day3_CGCCAAGGTAAAGTCA-1	8
beige.day3_CGCCAAGGTACATGTC-1	7
beige.day3_CGCCAAGGTCCAAGTT-1	12
beige.day3_CGCCAAGGTCGACTAT-1	8
beige.day3_CGCCAAGGTGCTCTTC-1	12
beige.day3_CGCCAAGGTTGGAGGT-1	11
beige.day3_CGCCAAGTCACGCATA-1	8
beige.day3_CGCCAAGTCACTATTC-1	9
beige.day3_CGCCAAGTCAGGTTCA-1	8
beige.day3_CGCCAAGTCCACTGGG-1	11
beige.day3_CGCCAAGTCCGGCACA-1	8
beige.day3_CGCCAAGTCGAACGGA-1	7
beige.day3_CGCCAAGTCTGCGACG-1	11
beige.day3_CGCCAAGTCTGTCCGT-1	10
beige.day3_CGCGGTAAGAAGGCCT-1	5
beige.day3_CGCGGTAAGGAGTCTG-1	8
beige.day3_CGCGGTAAGGCCGAAT-1	9
beige.day3_CGCGGTAAGGGCTTGA-1	12
beige.day3_CGCGGTAAGTACGTTC-1	1
beige.day3_CGCGGTACAAACCCAT-1	8
beige.day3_CGCGGTACAAGCCTAT-1	8
beige.day3_CGCGGTACAATGGACG-1	12
beige.day3_CGCGGTACACATCCGG-1	8
beige.day3_CGCGGTACACCAGTTA-1	8
beige.day3_CGCGGTACACTATCTT-1	12
beige.day3_CGCGGTACAGGTGCCT-1	11
beige.day3_CGCGGTACAGTTAACC-1	10
beige.day3_CGCGGTACATGCGCAC-1	9
beige.day3_CGCGGTACATGTCTCC-1	12
beige.day3_CGCGGTACATTGTGCA-1	8
beige.day3_CGCGGTAGTAAGGATT-1	11
beige.day3_CGCGGTAGTCAAGCGA-1	12
beige.day3_CGCGGTAGTCCTAGCG-1	9
beige.day3_CGCGGTAGTCTTTCAT-1	8
beige.day3_CGCGGTAGTGCAGACA-1	8
beige.day3_CGCGGTAGTTCCACGG-1	12
beige.day3_CGCGGTAGTTCCATGA-1	12
beige.day3_CGCGGTATCAACACCA-1	12
beige.day3_CGCGGTATCAACGAAA-1	9
beige.day3_CGCGGTATCAGGCCCA-1	8
beige.day3_CGCGGTATCATAAAGG-1	9
beige.day3_CGCGGTATCCAATGGT-1	9
beige.day3_CGCGGTATCCCTGACT-1	12
beige.day3_CGCGGTATCTCTGCTG-1	11
beige.day3_CGCGTTTAGACTTTCG-1	6
beige.day3_CGCGTTTAGAGGGATA-1	11
beige.day3_CGCGTTTAGATCACGG-1	8
beige.day3_CGCGTTTAGGACATTA-1	12
beige.day3_CGCGTTTAGGGAGTAA-1	8
beige.day3_CGCGTTTAGGGCATGT-1	7
beige.day3_CGCGTTTAGTGTGGCA-1	8
beige.day3_CGCGTTTCAAAGGTGC-1	10
beige.day3_CGCGTTTCAATGGAGC-1	10
beige.day3_CGCGTTTCAGACAAAT-1	10
beige.day3_CGCGTTTGTAAACGCG-1	8
beige.day3_CGCGTTTGTATGAATG-1	9
beige.day3_CGCGTTTGTCAAACTC-1	11
beige.day3_CGCGTTTGTGGTGTAG-1	12
beige.day3_CGCGTTTGTGTATGGG-1	8
beige.day3_CGCGTTTGTTCACCTC-1	5
beige.day3_CGCGTTTTCAGAGCTT-1	7
beige.day3_CGCGTTTTCGCTGATA-1	12
beige.day3_CGCGTTTTCTCCCTGA-1	9
beige.day3_CGCGTTTTCTCGTTTA-1	9
beige.day3_CGCGTTTTCTGCAGTA-1	7
beige.day3_CGCTATCAGCACCGCT-1	9
beige.day3_CGCTATCAGCACGCCT-1	8
beige.day3_CGCTATCAGCAGATCG-1	10
beige.day3_CGCTATCAGCGGCTTC-1	12
beige.day3_CGCTATCAGCGTGAAC-1	5
beige.day3_CGCTATCAGGAGTACC-1	8
beige.day3_CGCTATCAGGCATGTG-1	8
beige.day3_CGCTATCAGGCGACAT-1	8
beige.day3_CGCTATCAGTGAATTG-1	11
beige.day3_CGCTATCCAAAGTCAA-1	1
beige.day3_CGCTATCCAGGAATCG-1	8
beige.day3_CGCTATCCAGGACGTA-1	7
beige.day3_CGCTATCCAGGATCGA-1	6
beige.day3_CGCTATCGTACTTAGC-1	6
beige.day3_CGCTATCGTAGCCTAT-1	5
beige.day3_CGCTATCGTATGCTTG-1	9
beige.day3_CGCTATCGTCAATACC-1	12
beige.day3_CGCTATCGTCTCTCGT-1	12
beige.day3_CGCTATCGTGCCTTGG-1	11
beige.day3_CGCTATCGTGTAACGG-1	9
beige.day3_CGCTATCGTTGCGCAC-1	6
beige.day3_CGCTATCTCAACACCA-1	6
beige.day3_CGCTATCTCAGCGACC-1	9
beige.day3_CGCTATCTCCCTTGTG-1	9
beige.day3_CGCTATCTCGCATGGC-1	9
beige.day3_CGCTATCTCGTAGGTT-1	8
beige.day3_CGCTATCTCTAACCGA-1	8
beige.day3_CGCTATCTCTGCGACG-1	8
beige.day3_CGCTATCTCTGCGTAA-1	8
beige.day3_CGCTATCTCTGTCTAT-1	12
beige.day3_CGCTATCTCTTGAGAC-1	12
beige.day3_CGCTGGAAGAATTGTG-1	4
beige.day3_CGCTGGAAGACAAGCC-1	6
beige.day3_CGCTGGAAGATCTGAA-1	10
beige.day3_CGCTGGAAGCCATCGC-1	10
beige.day3_CGCTGGAAGCCTATGT-1	12
beige.day3_CGCTGGAAGCTAGTGG-1	7
beige.day3_CGCTGGAAGGCAATTA-1	12
beige.day3_CGCTGGAAGTACTTGC-1	8
beige.day3_CGCTGGAAGTAGTGCG-1	11
beige.day3_CGCTGGACAACACCCG-1	8
beige.day3_CGCTGGACACATAACC-1	7
beige.day3_CGCTGGACACTCAGGC-1	12
beige.day3_CGCTGGACATGCTAGT-1	12
beige.day3_CGCTGGAGTCCTGCTT-1	10
beige.day3_CGCTGGATCACAAACC-1	6
beige.day3_CGCTGGATCACCATAG-1	4
beige.day3_CGCTGGATCAGGCGAA-1	8
beige.day3_CGCTGGATCCAGATCA-1	8
beige.day3_CGCTGGATCCCGACTT-1	7
beige.day3_CGCTGGATCTTGACGA-1	9
beige.day3_CGCTTCAAGATCGGGT-1	11
beige.day3_CGCTTCAAGATGTCGG-1	8
beige.day3_CGCTTCAAGCACCGTC-1	9
beige.day3_CGCTTCAAGCTAACTC-1	11
beige.day3_CGCTTCAAGGATGGAA-1	12
beige.day3_CGCTTCAAGGCAAAGA-1	9
beige.day3_CGCTTCAAGGCCGAAT-1	11
beige.day3_CGCTTCAAGGGATACC-1	12
beige.day3_CGCTTCAAGGGTCTCC-1	11
beige.day3_CGCTTCAAGTGTCTCA-1	8
beige.day3_CGCTTCAAGTGTGGCA-1	7
beige.day3_CGCTTCACAATCGAAA-1	8
beige.day3_CGCTTCACAGCGTAAG-1	8
beige.day3_CGCTTCACAGGACCCT-1	8
beige.day3_CGCTTCACATACCATG-1	11
beige.day3_CGCTTCACATACTCTT-1	9
beige.day3_CGCTTCACATCCTAGA-1	12
beige.day3_CGCTTCACATGCCTTC-1	8
beige.day3_CGCTTCAGTAACGCGA-1	12
beige.day3_CGCTTCAGTAGAAAGG-1	8
beige.day3_CGCTTCAGTATTCGTG-1	10
beige.day3_CGCTTCAGTCAACATC-1	9
beige.day3_CGCTTCAGTCGACTGC-1	9
beige.day3_CGCTTCAGTTAAAGTG-1	11
beige.day3_CGCTTCATCAACCAAC-1	6
beige.day3_CGCTTCATCAGAGGTG-1	6
beige.day3_CGCTTCATCAGGTTCA-1	8
beige.day3_CGCTTCATCCTTTACA-1	12
beige.day3_CGCTTCATCGCCAAAT-1	12
beige.day3_CGCTTCATCGTACGGC-1	9
beige.day3_CGCTTCATCGTCCGTT-1	11
beige.day3_CGCTTCATCTGGCGAC-1	10
beige.day3_CGCTTCATCTTGTCAT-1	8
beige.day3_CGGACACAGAACTGTA-1	8
beige.day3_CGGACACAGATAGGAG-1	11
beige.day3_CGGACACAGCCCAGCT-1	8
beige.day3_CGGACACAGCTGCCCA-1	9
beige.day3_CGGACACAGGAGTAGA-1	8
beige.day3_CGGACACAGGGTGTGT-1	8
beige.day3_CGGACACAGTCACGCC-1	8
beige.day3_CGGACACAGTTGAGAT-1	8
beige.day3_CGGACACCACACATGT-1	8
beige.day3_CGGACACCAGCCTTGG-1	9
beige.day3_CGGACACCATGCTGGC-1	9
beige.day3_CGGACACGTCAACTGT-1	9
beige.day3_CGGACACGTCGACTAT-1	8
beige.day3_CGGACACGTGTTAAGA-1	7
beige.day3_CGGACACTCATCACCC-1	5
beige.day3_CGGACACTCATCTGCC-1	12
beige.day3_CGGACACTCCCTTGCA-1	12
beige.day3_CGGACACTCTACCAGA-1	11
beige.day3_CGGACACTCTCATTCA-1	11
beige.day3_CGGACACTCTGCAAGT-1	7
beige.day3_CGGACGTAGAAAGTGG-1	9
beige.day3_CGGACGTAGATATGGT-1	10
beige.day3_CGGACGTAGCGCTCCA-1	8
beige.day3_CGGACGTAGGCCCGTT-1	12
beige.day3_CGGACGTAGGGTCTCC-1	9
beige.day3_CGGACGTCACTATCTT-1	8
beige.day3_CGGACGTCAGACAAAT-1	8
beige.day3_CGGACGTCAGCCTGTG-1	10
beige.day3_CGGACGTCAGTGAGTG-1	8
beige.day3_CGGACGTGTCACTTCC-1	7
beige.day3_CGGACGTGTGAGGCTA-1	9
beige.day3_CGGACGTGTGCGAAAC-1	8
beige.day3_CGGACGTGTTATTCTC-1	11
beige.day3_CGGACGTGTTCGGCAC-1	12
beige.day3_CGGACGTTCAAGATCC-1	11
beige.day3_CGGACGTTCATCACCC-1	10
beige.day3_CGGACGTTCGGCATCG-1	11
beige.day3_CGGACGTTCGGTTCGG-1	8
beige.day3_CGGACGTTCGTAGATC-1	7
beige.day3_CGGACGTTCGTCGTTC-1	12
beige.day3_CGGACGTTCTCGCTTG-1	12
beige.day3_CGGACGTTCTTGTACT-1	10
beige.day3_CGGACTGAGCAGCGTA-1	8
beige.day3_CGGACTGAGCTAACTC-1	8
beige.day3_CGGACTGAGCTACCTA-1	12
beige.day3_CGGACTGAGGACATTA-1	12
beige.day3_CGGACTGAGGCATGGT-1	8
beige.day3_CGGACTGAGTACGCGA-1	8
beige.day3_CGGACTGAGTTAGGTA-1	7
beige.day3_CGGACTGCACCGCTAG-1	8
beige.day3_CGGACTGCAGGTGCCT-1	8
beige.day3_CGGACTGGTAGCGCTC-1	8
beige.day3_CGGACTGGTCCGACGT-1	8
beige.day3_CGGACTGGTCCTAGCG-1	12
beige.day3_CGGACTGGTCTAGGTT-1	12
beige.day3_CGGACTGGTCTCACCT-1	12
beige.day3_CGGACTGGTGTCTGAT-1	8
beige.day3_CGGACTGGTTCTGAAC-1	11
beige.day3_CGGACTGTCAACACCA-1	8
beige.day3_CGGACTGTCATCATTC-1	8
beige.day3_CGGACTGTCCACTCCA-1	8
beige.day3_CGGACTGTCGAATGGG-1	9
beige.day3_CGGACTGTCGACCAGC-1	8
beige.day3_CGGACTGTCTGAGGGA-1	7
beige.day3_CGGACTGTCTTAACCT-1	8
beige.day3_CGGAGCTAGATCACGG-1	8
beige.day3_CGGAGCTAGGCATGGT-1	9
beige.day3_CGGAGCTAGGTGTGGT-1	11
beige.day3_CGGAGCTAGTGACTCT-1	12
beige.day3_CGGAGCTAGTTGCAGG-1	8
beige.day3_CGGAGCTCAAGTCATC-1	12
beige.day3_CGGAGCTCAATGGAGC-1	8
beige.day3_CGGAGCTCACTGCCAG-1	10
beige.day3_CGGAGCTCAGTAACGG-1	6
beige.day3_CGGAGCTCATCACCCT-1	9
beige.day3_CGGAGCTCATGGGAAC-1	7
beige.day3_CGGAGCTCATTCTCAT-1	8
beige.day3_CGGAGCTGTATAGGGC-1	9
beige.day3_CGGAGCTGTCTACCTC-1	10
beige.day3_CGGAGCTGTCTAGGTT-1	8
beige.day3_CGGAGCTGTGAAGGCT-1	10
beige.day3_CGGAGCTGTGTGCCTG-1	8
beige.day3_CGGAGCTTCAAAGACA-1	10
beige.day3_CGGAGCTTCATGTCCC-1	7
beige.day3_CGGAGCTTCCTTTCGG-1	9
beige.day3_CGGAGCTTCGCCAGCA-1	12
beige.day3_CGGAGCTTCGCGGATC-1	7
beige.day3_CGGAGCTTCTTGGGTA-1	12
beige.day3_CGGAGTCAGAACTGTA-1	9
beige.day3_CGGAGTCAGAAGATTC-1	9
beige.day3_CGGAGTCAGAAGCCCA-1	8
beige.day3_CGGAGTCAGATACACA-1	7
beige.day3_CGGAGTCAGCCCGAAA-1	11
beige.day3_CGGAGTCAGCGCTTAT-1	10
beige.day3_CGGAGTCAGCTAGTTC-1	8
beige.day3_CGGAGTCAGGGTCGAT-1	9
beige.day3_CGGAGTCAGGTGTTAA-1	7
beige.day3_CGGAGTCAGTACGCGA-1	8
beige.day3_CGGAGTCAGTGGGTTG-1	8
beige.day3_CGGAGTCCAAGCGATG-1	8
beige.day3_CGGAGTCCAAGTCTGT-1	8
beige.day3_CGGAGTCCAATCGAAA-1	7
beige.day3_CGGAGTCCAATGGACG-1	12
beige.day3_CGGAGTCCACACTGCG-1	6
beige.day3_CGGAGTCCAGCGTCCA-1	10
beige.day3_CGGAGTCGTAGCGTAG-1	11
beige.day3_CGGAGTCGTATATGAG-1	8
beige.day3_CGGAGTCGTCCGAACC-1	12
beige.day3_CGGAGTCGTGCTAGCC-1	11
beige.day3_CGGAGTCTCAAACCGT-1	12
beige.day3_CGGAGTCTCAAAGTAG-1	8
beige.day3_CGGAGTCTCACAGTAC-1	11
beige.day3_CGGAGTCTCAGTTCGA-1	7
beige.day3_CGGAGTCTCCATGCTC-1	11
beige.day3_CGGAGTCTCCGAGCCA-1	8
beige.day3_CGGAGTCTCCGTAGGC-1	12
beige.day3_CGGAGTCTCGAACGGA-1	8
beige.day3_CGGAGTCTCGGAGGTA-1	12
beige.day3_CGGAGTCTCGTTACAG-1	11
beige.day3_CGGAGTCTCTTTAGGG-1	12
beige.day3_CGGCTAGAGAAGGGTA-1	8
beige.day3_CGGCTAGAGAGACTTA-1	8
beige.day3_CGGCTAGAGAGTACCG-1	11
beige.day3_CGGCTAGAGAGTTGGC-1	8
beige.day3_CGGCTAGAGCAGGCTA-1	8
beige.day3_CGGCTAGAGCGTGAAC-1	8
beige.day3_CGGCTAGAGTGGTCCC-1	12
beige.day3_CGGCTAGAGTTGCAGG-1	12
beige.day3_CGGCTAGCAAAGCAAT-1	12
beige.day3_CGGCTAGCACACCGAC-1	9
beige.day3_CGGCTAGCACAGGAGT-1	12
beige.day3_CGGCTAGCACCAACCG-1	9
beige.day3_CGGCTAGCACGTCAGC-1	8
beige.day3_CGGCTAGCAGCGAACA-1	12
beige.day3_CGGCTAGCAGCTGTAT-1	6
beige.day3_CGGCTAGCAGTATGCT-1	7
beige.day3_CGGCTAGCATCATCCC-1	12
beige.day3_CGGCTAGCATGGGAAC-1	12
beige.day3_CGGCTAGGTATGAATG-1	8
beige.day3_CGGCTAGGTCTAAACC-1	8
beige.day3_CGGCTAGGTCTCACCT-1	8
beige.day3_CGGCTAGGTGACTCAT-1	8
beige.day3_CGGCTAGGTTCAGACT-1	8
beige.day3_CGGCTAGTCACTTACT-1	10
beige.day3_CGGCTAGTCATGTCCC-1	10
beige.day3_CGGGTCAAGAAGATTC-1	12
beige.day3_CGGGTCAAGACCACGA-1	7
beige.day3_CGGGTCAAGTCATCCA-1	10
beige.day3_CGGGTCAAGTGCCATT-1	11
beige.day3_CGGGTCAAGTTGCAGG-1	8
beige.day3_CGGGTCACAAGGTTCT-1	12
beige.day3_CGGGTCACACCGGAAA-1	9
beige.day3_CGGGTCACACGGACAA-1	6
beige.day3_CGGGTCACAGGCTGAA-1	11
beige.day3_CGGGTCACATGTCGAT-1	10
beige.day3_CGGGTCAGTATATGAG-1	11
beige.day3_CGGGTCAGTGGTACAG-1	9
beige.day3_CGGGTCAGTGTGACCC-1	10
beige.day3_CGGGTCAGTGTGCGTC-1	10
beige.day3_CGGGTCAGTTCCACGG-1	8
beige.day3_CGGGTCATCGCCAGCA-1	12
beige.day3_CGGGTCATCTGCGTAA-1	8
beige.day3_CGGGTCATCTTGAGAC-1	12
beige.day3_CGGGTCATCTTGTATC-1	8
beige.day3_CGGTTAAAGCACGCCT-1	7
beige.day3_CGGTTAAAGCGTTTAC-1	8
beige.day3_CGGTTAAAGCTGAACG-1	10
beige.day3_CGGTTAAAGTGCCAGA-1	8
beige.day3_CGGTTAACAAACAACA-1	7
beige.day3_CGGTTAACAAGTACCT-1	12
beige.day3_CGGTTAACAATCACAC-1	7
beige.day3_CGGTTAACAATCGGTT-1	12
beige.day3_CGGTTAACACAGGCCT-1	8
beige.day3_CGGTTAACACCTGGTG-1	11
beige.day3_CGGTTAACACGACTCG-1	12
beige.day3_CGGTTAACAGTGGGAT-1	7
beige.day3_CGGTTAACATCCGCGA-1	9
beige.day3_CGGTTAACATGCAACT-1	12
beige.day3_CGGTTAAGTCAAACTC-1	11
beige.day3_CGGTTAAGTTTGCATG-1	8
beige.day3_CGGTTAAGTTTGTTGG-1	8
beige.day3_CGGTTAATCAGTGTTG-1	7
beige.day3_CGGTTAATCATTGCGA-1	8
beige.day3_CGGTTAATCTATGTGG-1	8
beige.day3_CGGTTAATCTCATTCA-1	11
beige.day3_CGGTTAATCTTGACGA-1	12
beige.day3_CGTAGCGAGAATAGGG-1	11
beige.day3_CGTAGCGAGAATGTTG-1	7
beige.day3_CGTAGCGAGATATACG-1	8
beige.day3_CGTAGCGAGCCAGTTT-1	12
beige.day3_CGTAGCGAGCGTCAAG-1	7
beige.day3_CGTAGCGAGGAGTAGA-1	10
beige.day3_CGTAGCGAGTAGTGCG-1	8
beige.day3_CGTAGCGAGTATTGGA-1	8
beige.day3_CGTAGCGCAAGCTGGA-1	8
beige.day3_CGTAGCGCAAGGTTCT-1	9
beige.day3_CGTAGCGCAATCGGTT-1	8
beige.day3_CGTAGCGCACATCCAA-1	8
beige.day3_CGTAGCGCACATGTGT-1	9
beige.day3_CGTAGCGCACCATCCT-1	8
beige.day3_CGTAGCGCACTGTGTA-1	8
beige.day3_CGTAGCGCAGACAGGT-1	10
beige.day3_CGTAGCGCAGCTTCGG-1	7
beige.day3_CGTAGCGCAGGCTCAC-1	8
beige.day3_CGTAGCGCATATGCTG-1	8
beige.day3_CGTAGCGCATATGGTC-1	8
beige.day3_CGTAGCGGTAGAGCTG-1	12
beige.day3_CGTAGCGGTCAGAGGT-1	8
beige.day3_CGTAGCGGTCCATGAT-1	11
beige.day3_CGTAGCGGTCCGAAGA-1	11
beige.day3_CGTAGCGGTCTGATTG-1	8
beige.day3_CGTAGCGGTTCGCGAC-1	12
beige.day3_CGTAGCGGTTGCGCAC-1	9
beige.day3_CGTAGCGTCAAACCGT-1	8
beige.day3_CGTAGCGTCCACGTTC-1	8
beige.day3_CGTAGCGTCGGACAAG-1	11
beige.day3_CGTAGGCAGATGCCTT-1	11
beige.day3_CGTAGGCAGCGTTCCG-1	8
beige.day3_CGTAGGCAGCTGCGAA-1	10
beige.day3_CGTAGGCAGGCTAGGT-1	12
beige.day3_CGTAGGCAGGTGCAAC-1	11
beige.day3_CGTAGGCAGTACCGGA-1	12
beige.day3_CGTAGGCAGTCACGCC-1	8
beige.day3_CGTAGGCAGTCTTGCA-1	9
beige.day3_CGTAGGCCAACTGGCC-1	8
beige.day3_CGTAGGCCAAGTTAAG-1	8
beige.day3_CGTAGGCCAATCCAAC-1	12
beige.day3_CGTAGGCCACAAGCCC-1	9
beige.day3_CGTAGGCCATTGGCGC-1	11
beige.day3_CGTAGGCGTAACGACG-1	8
beige.day3_CGTAGGCGTAGATTAG-1	11
beige.day3_CGTAGGCGTAGCGCAA-1	9
beige.day3_CGTAGGCGTCAATACC-1	8
beige.day3_CGTAGGCGTCAGCTAT-1	8
beige.day3_CGTAGGCGTCATGCCG-1	8
beige.day3_CGTAGGCGTCGCATAT-1	8
beige.day3_CGTAGGCGTGCTCTTC-1	10
beige.day3_CGTAGGCGTTCTGGTA-1	11
beige.day3_CGTAGGCGTTGCGTTA-1	8
beige.day3_CGTAGGCTCGCCGTGA-1	8
beige.day3_CGTCACTAGACTAAGT-1	8
beige.day3_CGTCACTAGAGTGACC-1	10
beige.day3_CGTCACTAGCGATATA-1	12
beige.day3_CGTCACTAGGCAAAGA-1	8
beige.day3_CGTCACTCACCATGTA-1	10
beige.day3_CGTCACTCACGTTGGC-1	10
beige.day3_CGTCACTCATCCAACA-1	11
beige.day3_CGTCACTCATGTCTCC-1	7
beige.day3_CGTCACTGTAAGCACG-1	12
beige.day3_CGTCACTGTGATGATA-1	5
beige.day3_CGTCACTGTGATGCCC-1	12
beige.day3_CGTCACTGTTACAGAA-1	8
beige.day3_CGTCACTGTTATGCGT-1	8
beige.day3_CGTCACTGTTGACGTT-1	7
beige.day3_CGTCACTTCAACACAC-1	8
beige.day3_CGTCACTTCATGCTCC-1	10
beige.day3_CGTCACTTCCCAAGAT-1	9
beige.day3_CGTCACTTCTGCAAGT-1	12
beige.day3_CGTCACTTCTGTCAAG-1	9
beige.day3_CGTCAGGAGCGATTCT-1	12
beige.day3_CGTCAGGAGGCAATTA-1	8
beige.day3_CGTCAGGCAACGATGG-1	8
beige.day3_CGTCAGGCAGACTCGC-1	10
beige.day3_CGTCAGGCATAAGACA-1	8
beige.day3_CGTCAGGGTCCCTACT-1	7
beige.day3_CGTCAGGGTCTCATCC-1	4
beige.day3_CGTCAGGGTCTTCGTC-1	12
beige.day3_CGTCAGGGTGAGGGAG-1	8
beige.day3_CGTCAGGGTGCACTTA-1	8
beige.day3_CGTCAGGGTTACGACT-1	8
beige.day3_CGTCAGGGTTATCCGA-1	11
beige.day3_CGTCAGGGTTCCCTTG-1	8
beige.day3_CGTCAGGGTTGGTTTG-1	12
beige.day3_CGTCAGGTCAGCTCTC-1	11
beige.day3_CGTCAGGTCAGTTGAC-1	7
beige.day3_CGTCAGGTCATAGCAC-1	9
beige.day3_CGTCAGGTCCGTACAA-1	9
beige.day3_CGTCAGGTCCTATGTT-1	12
beige.day3_CGTCAGGTCGGCATCG-1	12
beige.day3_CGTCAGGTCTGTTTGT-1	9
beige.day3_CGTCCATAGAAGAAGC-1	11
beige.day3_CGTCCATAGAGTGACC-1	12
beige.day3_CGTCCATAGATGAGAG-1	11
beige.day3_CGTCCATAGCAATATG-1	8
beige.day3_CGTCCATAGCTGTCTA-1	8
beige.day3_CGTCCATAGGGCTCTC-1	10
beige.day3_CGTCCATAGGGCTTCC-1	11
beige.day3_CGTCCATAGTGGTAAT-1	8
beige.day3_CGTCCATCAAGGTTTC-1	11
beige.day3_CGTCCATCAGCTGGCT-1	9
beige.day3_CGTCCATCAGGCTCAC-1	8
beige.day3_CGTCCATGTACAGTTC-1	8
beige.day3_CGTCCATGTCAAAGAT-1	9
beige.day3_CGTCCATGTCGAGATG-1	8
beige.day3_CGTCCATGTTAAAGTG-1	8
beige.day3_CGTCCATGTTCGTGAT-1	12
beige.day3_CGTCCATTCAACGAAA-1	12
beige.day3_CGTCCATTCACATGCA-1	12
beige.day3_CGTCCATTCACTCCTG-1	7
beige.day3_CGTCCATTCATGCTCC-1	8
beige.day3_CGTCCATTCGAATGGG-1	8
beige.day3_CGTCCATTCGCGTAGC-1	10
beige.day3_CGTCCATTCGGCTACG-1	8
beige.day3_CGTCCATTCGTACGGC-1	12
beige.day3_CGTCTACAGAATTCCC-1	8
beige.day3_CGTCTACAGAGTGACC-1	8
beige.day3_CGTCTACAGGACCACA-1	7
beige.day3_CGTCTACAGTAGGCCA-1	9
beige.day3_CGTCTACAGTGATCGG-1	10
beige.day3_CGTCTACAGTGTTTGC-1	12
beige.day3_CGTCTACCAATCGAAA-1	8
beige.day3_CGTCTACCATCCCATC-1	9
beige.day3_CGTCTACGTAAGAGAG-1	9
beige.day3_CGTCTACGTACGAAAT-1	8
beige.day3_CGTCTACGTCCAGTAT-1	8
beige.day3_CGTCTACGTGCGAAAC-1	5
beige.day3_CGTCTACGTTCAGACT-1	11
beige.day3_CGTCTACTCATAGCAC-1	11
beige.day3_CGTCTACTCCATGAAC-1	8
beige.day3_CGTCTACTCTACTCAT-1	8
beige.day3_CGTCTACTCTTAACCT-1	9
beige.day3_CGTGAGCAGAATGTGT-1	9
beige.day3_CGTGAGCAGACTACAA-1	3
beige.day3_CGTGAGCAGAGCTGGT-1	8
beige.day3_CGTGAGCAGCCGTCGT-1	8
beige.day3_CGTGAGCAGGCAGTCA-1	8
beige.day3_CGTGAGCAGGGTGTGT-1	9
beige.day3_CGTGAGCAGTGAATTG-1	8
beige.day3_CGTGAGCAGTGGAGAA-1	7
beige.day3_CGTGAGCCAAATACAG-1	6
beige.day3_CGTGAGCCAATAACGA-1	8
beige.day3_CGTGAGCCAGACAGGT-1	12
beige.day3_CGTGAGCGTAAAGGAG-1	11
beige.day3_CGTGAGCGTAAGCACG-1	8
beige.day3_CGTGAGCGTGGACGAT-1	8
beige.day3_CGTGAGCGTTAAGGGC-1	10
beige.day3_CGTGAGCGTTATCACG-1	11
beige.day3_CGTGAGCGTTTAAGCC-1	12
beige.day3_CGTGAGCTCAAACCGT-1	8
beige.day3_CGTGAGCTCACCGGGT-1	10
beige.day3_CGTGAGCTCACGCGGT-1	8
beige.day3_CGTGAGCTCAGTGTTG-1	6
beige.day3_CGTGAGCTCTAACCGA-1	9
beige.day3_CGTGAGCTCTGCCAGG-1	8
beige.day3_CGTGTAAAGACTAAGT-1	8
beige.day3_CGTGTAAAGAGTAATC-1	1
beige.day3_CGTGTAAAGAGTGACC-1	11
beige.day3_CGTGTAAAGATGTAAC-1	12
beige.day3_CGTGTAAAGCCTTGAT-1	11
beige.day3_CGTGTAAAGCTAGCCC-1	8
beige.day3_CGTGTAAAGGATATAC-1	8
beige.day3_CGTGTAAAGGTCATCT-1	11
beige.day3_CGTGTAAAGTACGCGA-1	8
beige.day3_CGTGTAAAGTCCTCCT-1	11
beige.day3_CGTGTAACACAGAGGT-1	12
beige.day3_CGTGTAACAGCGTTCG-1	11
beige.day3_CGTGTAACAGTGGAGT-1	8
beige.day3_CGTGTAAGTAAGCACG-1	11
beige.day3_CGTGTAAGTATGGTTC-1	7
beige.day3_CGTGTAAGTCCGTCAG-1	12
beige.day3_CGTGTAAGTGCCTTGG-1	11
beige.day3_CGTGTAAGTGCGAAAC-1	9
beige.day3_CGTGTAAGTTATCCGA-1	10
beige.day3_CGTGTAAGTTGTACAC-1	8
beige.day3_CGTGTAATCACAGTAC-1	10
beige.day3_CGTGTAATCACATAGC-1	7
beige.day3_CGTGTAATCAGCGACC-1	12
beige.day3_CGTGTAATCGCACTCT-1	8
beige.day3_CGTGTAATCGCCAGCA-1	7
beige.day3_CGTGTCTAGAACAATC-1	8
beige.day3_CGTGTCTAGACTAAGT-1	7
beige.day3_CGTGTCTAGCCACTAT-1	12
beige.day3_CGTGTCTAGGGATACC-1	1
beige.day3_CGTGTCTCATCGGGTC-1	8
beige.day3_CGTGTCTCATGTCTCC-1	12
beige.day3_CGTGTCTGTAGATTAG-1	5
beige.day3_CGTGTCTGTCATGCAT-1	5
beige.day3_CGTGTCTGTCGAATCT-1	12
beige.day3_CGTGTCTGTCTCAACA-1	12
beige.day3_CGTGTCTGTGCGGTAA-1	7
beige.day3_CGTGTCTGTTAAGACA-1	12
beige.day3_CGTGTCTGTTAGTGGG-1	9
beige.day3_CGTGTCTGTTCCATGA-1	7
beige.day3_CGTGTCTTCCAACCAA-1	11
beige.day3_CGTGTCTTCTTGAGGT-1	7
beige.day3_CGTTAGAAGAGGTTAT-1	9
beige.day3_CGTTAGAAGATATGCA-1	9
beige.day3_CGTTAGAAGCATCATC-1	11
beige.day3_CGTTAGAAGCCCAATT-1	12
beige.day3_CGTTAGAAGGAGCGAG-1	5
beige.day3_CGTTAGAAGGCAAAGA-1	12
beige.day3_CGTTAGAAGGCATGGT-1	8
beige.day3_CGTTAGAAGGCGATAC-1	7
beige.day3_CGTTAGAAGTCGTACT-1	12
beige.day3_CGTTAGAAGTGTACCT-1	12
beige.day3_CGTTAGACAACACCTA-1	9
beige.day3_CGTTAGACAACGCACC-1	8
beige.day3_CGTTAGACACGACTCG-1	11
beige.day3_CGTTAGACAGTATAAG-1	9
beige.day3_CGTTAGAGTAGCGTGA-1	9
beige.day3_CGTTAGAGTCACTGGC-1	10
beige.day3_CGTTAGAGTCAGATAA-1	11
beige.day3_CGTTAGAGTGAAGGCT-1	6
beige.day3_CGTTAGAGTGGCTCCA-1	11
beige.day3_CGTTAGAGTTCCGGCA-1	8
beige.day3_CGTTAGAGTTTCGCTC-1	7
beige.day3_CGTTAGATCCTCCTAG-1	9
beige.day3_CGTTAGATCGGTCTAA-1	9
beige.day3_CGTTCTGAGAGCAATT-1	12
beige.day3_CGTTCTGAGAGCCCAA-1	8
beige.day3_CGTTCTGAGATCCTGT-1	12
beige.day3_CGTTCTGAGATGTCGG-1	12
beige.day3_CGTTCTGAGCGATATA-1	12
beige.day3_CGTTCTGAGCGCCTTG-1	10
beige.day3_CGTTCTGAGCGTGAGT-1	9
beige.day3_CGTTCTGAGGATGGAA-1	8
beige.day3_CGTTCTGAGGTACTCT-1	10
beige.day3_CGTTCTGAGTGGGATC-1	9
beige.day3_CGTTCTGAGTTTCCTT-1	9
beige.day3_CGTTCTGCAAATACAG-1	8
beige.day3_CGTTCTGCAAGGTGTG-1	12
beige.day3_CGTTCTGCACCAGTTA-1	7
beige.day3_CGTTCTGCAGTTTACG-1	8
beige.day3_CGTTCTGCATAAAGGT-1	2
beige.day3_CGTTCTGGTCTTGTCC-1	9
beige.day3_CGTTCTGTCAGGATCT-1	9
beige.day3_CGTTCTGTCCCTTGCA-1	11
beige.day3_CGTTCTGTCCGTCAAA-1	10
beige.day3_CGTTCTGTCGGCGCAT-1	9
beige.day3_CGTTCTGTCTTAGAGC-1	12
beige.day3_CGTTCTGTCTTGACGA-1	8
beige.day3_CGTTGGGAGAAGGCCT-1	12
beige.day3_CGTTGGGAGAGGTAGA-1	10
beige.day3_CGTTGGGAGCCGATTT-1	10
beige.day3_CGTTGGGAGGATGCGT-1	9
beige.day3_CGTTGGGAGGCCGAAT-1	9
beige.day3_CGTTGGGAGGTAGCCA-1	7
beige.day3_CGTTGGGCAACTGGCC-1	12
beige.day3_CGTTGGGCAAGCTGTT-1	9
beige.day3_CGTTGGGCACACAGAG-1	8
beige.day3_CGTTGGGCAGGTCTCG-1	7
beige.day3_CGTTGGGCATATACCG-1	6
beige.day3_CGTTGGGCATGCTGGC-1	8
beige.day3_CGTTGGGCATTGTGCA-1	8
beige.day3_CGTTGGGGTATGAATG-1	10
beige.day3_CGTTGGGGTCACAAGG-1	8
beige.day3_CGTTGGGGTCAGAATA-1	7
beige.day3_CGTTGGGGTCTCAACA-1	8
beige.day3_CGTTGGGGTCTCTCGT-1	8
beige.day3_CGTTGGGGTGCGATAG-1	12
beige.day3_CGTTGGGGTGGTTTCA-1	9
beige.day3_CGTTGGGGTTCAGGCC-1	10
beige.day3_CGTTGGGGTTCTGTTT-1	7
beige.day3_CGTTGGGTCAAACCAC-1	8
beige.day3_CGTTGGGTCAACACGT-1	7
beige.day3_CGTTGGGTCACTATTC-1	7
beige.day3_CGTTGGGTCAGAGACG-1	7
beige.day3_CGTTGGGTCAGTACGT-1	8
beige.day3_CGTTGGGTCCCAAGTA-1	10
beige.day3_CGTTGGGTCGCCTGAG-1	10
beige.day3_CGTTGGGTCTGGTGTA-1	10
beige.day3_CTAACTTAGAGGTTGC-1	7
beige.day3_CTAACTTAGCCGATTT-1	11
beige.day3_CTAACTTAGGTGACCA-1	12
beige.day3_CTAACTTAGTGGGCTA-1	8
beige.day3_CTAACTTAGTTAACGA-1	11
beige.day3_CTAACTTCAAAGTGCG-1	12
beige.day3_CTAACTTCAGCGAACA-1	8
beige.day3_CTAACTTCAGGTTTCA-1	11
beige.day3_CTAACTTCATTCTTAC-1	5
beige.day3_CTAACTTGTATGAATG-1	11
beige.day3_CTAACTTGTCCTGCTT-1	11
beige.day3_CTAACTTGTGTGCCTG-1	11
beige.day3_CTAACTTGTTACCGAT-1	10
beige.day3_CTAACTTGTTGGAGGT-1	11
beige.day3_CTAACTTTCAGCTCGG-1	8
beige.day3_CTAACTTTCCACGAAT-1	8
beige.day3_CTAACTTTCCCTCAGT-1	9
beige.day3_CTAACTTTCTAACGGT-1	11
beige.day3_CTAACTTTCTATCCTA-1	9
beige.day3_CTAACTTTCTATCGCC-1	11
beige.day3_CTAAGACAGAAGGCCT-1	8
beige.day3_CTAAGACAGATGCGAC-1	9
beige.day3_CTAAGACAGCAATATG-1	8
beige.day3_CTAAGACAGCATGGCA-1	11
beige.day3_CTAAGACAGGACCACA-1	12
beige.day3_CTAAGACAGGCTATCT-1	5
beige.day3_CTAAGACAGTGTGAAT-1	8
beige.day3_CTAAGACAGTTCGCGC-1	11
beige.day3_CTAAGACCACACCGAC-1	8
beige.day3_CTAAGACCACGCGAAA-1	9
beige.day3_CTAAGACCACTACAGT-1	8
beige.day3_CTAAGACCAGCGTAAG-1	8
beige.day3_CTAAGACCAGGAATCG-1	11
beige.day3_CTAAGACCAGGGCATA-1	9
beige.day3_CTAAGACCAGGTGCCT-1	9
beige.day3_CTAAGACCATAAGACA-1	7
beige.day3_CTAAGACGTACAAGTA-1	11
beige.day3_CTAAGACGTATAATGG-1	8
beige.day3_CTAAGACGTCATATGC-1	11
beige.day3_CTAAGACGTGTTCGAT-1	12
beige.day3_CTAAGACTCAAGCCTA-1	8
beige.day3_CTAAGACTCAAGGCTT-1	8
beige.day3_CTAAGACTCCAAACTG-1	7
beige.day3_CTAAGACTCCTTTACA-1	12
beige.day3_CTAAGACTCCTTTCGG-1	8
beige.day3_CTAAGACTCTTTAGGG-1	12
beige.day3_CTAAGACTCTTTAGTC-1	11
beige.day3_CTAATGGAGCACCGCT-1	8
beige.day3_CTAATGGAGCAGACTG-1	8
beige.day3_CTAATGGAGCCAGAAC-1	11
beige.day3_CTAATGGAGCTTTGGT-1	10
beige.day3_CTAATGGAGGCCCGTT-1	8
beige.day3_CTAATGGAGGTGATAT-1	8
beige.day3_CTAATGGAGTCTCCTC-1	12
beige.day3_CTAATGGCAAGTCATC-1	8
beige.day3_CTAATGGCAATTGCTG-1	6
beige.day3_CTAATGGCACTTGGAT-1	7
beige.day3_CTAATGGCAGGACCCT-1	9
beige.day3_CTAATGGCAGGTCCAC-1	8
beige.day3_CTAATGGGTATGGTTC-1	12
beige.day3_CTAATGGGTCCCGACA-1	9
beige.day3_CTAATGGGTCCTGCTT-1	7
beige.day3_CTAATGGGTCGACTGC-1	11
beige.day3_CTAATGGTCAAGGTAA-1	11
beige.day3_CTAATGGTCGCGTAGC-1	11
beige.day3_CTAATGGTCGTGGACC-1	8
beige.day3_CTAATGGTCTCAAACG-1	11
beige.day3_CTAATGGTCTGGAGCC-1	9
beige.day3_CTAATGGTCTTACCGC-1	12
beige.day3_CTACACCAGCGTTCCG-1	8
beige.day3_CTACACCAGTTGTAGA-1	9
beige.day3_CTACACCCAAGGACAC-1	9
beige.day3_CTACACCCACGCTTTC-1	9
beige.day3_CTACACCCAGCATACT-1	8
beige.day3_CTACACCCAGGGAGAG-1	8
beige.day3_CTACACCCAGGTGGAT-1	8
beige.day3_CTACACCCATGCCACG-1	7
beige.day3_CTACACCGTAAGGATT-1	12
beige.day3_CTACACCGTGACGCCT-1	9
beige.day3_CTACACCGTGTTCTTT-1	8
beige.day3_CTACACCGTTCAACCA-1	7
beige.day3_CTACACCGTTGGGACA-1	11
beige.day3_CTACACCGTTTGTTGG-1	8
beige.day3_CTACACCTCACCATAG-1	12
beige.day3_CTACACCTCCACGTGG-1	12
beige.day3_CTACACCTCCAGTATG-1	7
beige.day3_CTACACCTCCCTCAGT-1	9
beige.day3_CTACACCTCGTAGGAG-1	8
beige.day3_CTACATTAGATCTGCT-1	11
beige.day3_CTACATTAGCGAGAAA-1	11
beige.day3_CTACATTAGCGGATCA-1	9
beige.day3_CTACATTAGGAGTTGC-1	10
beige.day3_CTACATTAGGCTCTTA-1	10
beige.day3_CTACATTAGTGGTAGC-1	8
beige.day3_CTACATTAGTGTACTC-1	10
beige.day3_CTACATTAGTGTGGCA-1	7
beige.day3_CTACATTCAAGCGCTC-1	10
beige.day3_CTACATTCAAGTTCTG-1	8
beige.day3_CTACATTCAATGGACG-1	7
beige.day3_CTACATTCACAACGTT-1	10
beige.day3_CTACATTCACCAGGTC-1	10
beige.day3_CTACATTCAGATGAGC-1	1
beige.day3_CTACATTGTAGTACCT-1	8
beige.day3_CTACATTGTCGAGATG-1	8
beige.day3_CTACATTGTTGCGTTA-1	12
beige.day3_CTACATTTCACAACGT-1	12
beige.day3_CTACATTTCACAATGC-1	10
beige.day3_CTACATTTCATCGATG-1	12
beige.day3_CTACATTTCATGTGGT-1	11
beige.day3_CTACATTTCGAATCCA-1	8
beige.day3_CTACATTTCGCCAGCA-1	10
beige.day3_CTACATTTCGCTTAGA-1	10
beige.day3_CTACATTTCTATCCCG-1	12
beige.day3_CTACATTTCTCCGGTT-1	12
beige.day3_CTACCCAAGACAAAGG-1	8
beige.day3_CTACCCAAGCATCATC-1	8
beige.day3_CTACCCAAGCCCAACC-1	12
beige.day3_CTACCCAAGCGTAATA-1	9
beige.day3_CTACCCAAGGGAACGG-1	12
beige.day3_CTACCCAAGGTGATTA-1	12
beige.day3_CTACCCACAAGAGGCT-1	7
beige.day3_CTACCCACAAGGGTCA-1	7
beige.day3_CTACCCACACCAGCAC-1	7
beige.day3_CTACCCACACGGCCAT-1	9
beige.day3_CTACCCACAGATCGGA-1	8
beige.day3_CTACCCACAGGGTACA-1	12
beige.day3_CTACCCACAGTATCTG-1	9
beige.day3_CTACCCACAGTTTACG-1	9
beige.day3_CTACCCACATCATCCC-1	10
beige.day3_CTACCCACATGCCCGA-1	9
beige.day3_CTACCCAGTCCGAATT-1	9
beige.day3_CTACCCAGTCGAGTTT-1	11
beige.day3_CTACCCAGTCTCCACT-1	7
beige.day3_CTACCCATCCTATTCA-1	8
beige.day3_CTACCCATCTTTAGGG-1	9
beige.day3_CTACCCATCTTTCCTC-1	8
beige.day3_CTACGTCAGAAACCAT-1	12
beige.day3_CTACGTCAGAATTCCC-1	11
beige.day3_CTACGTCAGACTACAA-1	7
beige.day3_CTACGTCAGAGTTGGC-1	7
beige.day3_CTACGTCAGCTAAACA-1	8
beige.day3_CTACGTCAGCTGATAA-1	8
beige.day3_CTACGTCAGCTTATCG-1	12
beige.day3_CTACGTCAGCTTCGCG-1	8
beige.day3_CTACGTCAGGATATAC-1	8
beige.day3_CTACGTCAGTCTCGGC-1	11
beige.day3_CTACGTCCAAGACGTG-1	7
beige.day3_CTACGTCCAATAGCGG-1	12
beige.day3_CTACGTCCAGGAATCG-1	6
beige.day3_CTACGTCCAGTAGAGC-1	7
beige.day3_CTACGTCGTAAGAGAG-1	8
beige.day3_CTACGTCGTACACCGC-1	8
beige.day3_CTACGTCGTTCGTCTC-1	10
beige.day3_CTACGTCTCAATCTCT-1	8
beige.day3_CTACGTCTCCCTAACC-1	9
beige.day3_CTACGTCTCCTCGCAT-1	8
beige.day3_CTACGTCTCTTTAGGG-1	11
beige.day3_CTAGAGTAGAAACGCC-1	10
beige.day3_CTAGAGTAGAAAGTGG-1	8
beige.day3_CTAGAGTAGACTCGGA-1	8
beige.day3_CTAGAGTAGACTGGGT-1	11
beige.day3_CTAGAGTAGAGCTGCA-1	7
beige.day3_CTAGAGTAGATAGCAT-1	12
beige.day3_CTAGAGTAGCGATAGC-1	7
beige.day3_CTAGAGTAGGCCATAG-1	8
beige.day3_CTAGAGTAGGCTCAGA-1	8
beige.day3_CTAGAGTAGTACACCT-1	6
beige.day3_CTAGAGTAGTCATGCT-1	12
beige.day3_CTAGAGTAGTTAGCGG-1	12
beige.day3_CTAGAGTAGTTCGCAT-1	8
beige.day3_CTAGAGTAGTTCGCGC-1	7
beige.day3_CTAGAGTCAATAAGCA-1	10
beige.day3_CTAGAGTCAATGGACG-1	12
beige.day3_CTAGAGTCACGAAACG-1	8
beige.day3_CTAGAGTCAGCCTTGG-1	9
beige.day3_CTAGAGTCATGACGGA-1	12
beige.day3_CTAGAGTGTAAATGAC-1	12
beige.day3_CTAGAGTGTTGACGTT-1	7
beige.day3_CTAGAGTGTTGGTAAA-1	9
beige.day3_CTAGAGTTCACATGCA-1	9
beige.day3_CTAGAGTTCATAAAGG-1	12
beige.day3_CTAGAGTTCCCTAATT-1	9
beige.day3_CTAGAGTTCCGAAGAG-1	12
beige.day3_CTAGAGTTCGGAATCT-1	8
beige.day3_CTAGAGTTCGGCGGTT-1	8
beige.day3_CTAGAGTTCGGTTAAC-1	8
beige.day3_CTAGCCTAGATCCTGT-1	8
beige.day3_CTAGCCTAGCTAGCCC-1	12
beige.day3_CTAGCCTAGGATCGCA-1	7
beige.day3_CTAGCCTAGGTCATCT-1	12
beige.day3_CTAGCCTAGTGCGTGA-1	7
beige.day3_CTAGCCTAGTTGCAGG-1	7
beige.day3_CTAGCCTCAACTTGAC-1	7
beige.day3_CTAGCCTCAATGTTGC-1	8
beige.day3_CTAGCCTCACACCGCA-1	12
beige.day3_CTAGCCTCACATCCGG-1	11
beige.day3_CTAGCCTCACCAGGCT-1	7
beige.day3_CTAGCCTCACGCTTTC-1	8
beige.day3_CTAGCCTCAGAAGCAC-1	10
beige.day3_CTAGCCTCAGACGCTC-1	11
beige.day3_CTAGCCTCAGCTCGAC-1	8
beige.day3_CTAGCCTCAGTCACTA-1	8
beige.day3_CTAGCCTCATCACGTA-1	10
beige.day3_CTAGCCTCATTCCTGC-1	12
beige.day3_CTAGCCTGTACCATCA-1	10
beige.day3_CTAGCCTGTCAATACC-1	12
beige.day3_CTAGCCTGTCCAGTTA-1	12
beige.day3_CTAGCCTGTCCGAAGA-1	12
beige.day3_CTAGCCTGTTAAGATG-1	10
beige.day3_CTAGCCTGTTCAGTAC-1	12
beige.day3_CTAGCCTTCAAGGTAA-1	8
beige.day3_CTAGCCTTCATCTGTT-1	8
beige.day3_CTAGCCTTCCAGTAGT-1	12
beige.day3_CTAGCCTTCCGAGCCA-1	12
beige.day3_CTAGCCTTCGAACGGA-1	9
beige.day3_CTAGCCTTCGAATCCA-1	12
beige.day3_CTAGCCTTCGGCGCAT-1	9
beige.day3_CTAGCCTTCGTGGACC-1	8
beige.day3_CTAGCCTTCTAACTGG-1	8
beige.day3_CTAGTGAAGAATCTCC-1	12
beige.day3_CTAGTGAAGCCCAGCT-1	9
beige.day3_CTAGTGAAGCCTATGT-1	9
beige.day3_CTAGTGACAAAGCAAT-1	8
beige.day3_CTAGTGACACCCAGTG-1	9
beige.day3_CTAGTGACACGAAAGC-1	9
beige.day3_CTAGTGACAGGGATTG-1	12
beige.day3_CTAGTGACAGTCAGCC-1	12
beige.day3_CTAGTGACATCCGGGT-1	8
beige.day3_CTAGTGACATGAACCT-1	12
beige.day3_CTAGTGACATGTTGAC-1	11
beige.day3_CTAGTGAGTACAGACG-1	7
beige.day3_CTAGTGAGTACCCAAT-1	8
beige.day3_CTAGTGAGTTGGTGGA-1	9
beige.day3_CTAGTGATCCCGACTT-1	12
beige.day3_CTAGTGATCCGTACAA-1	7
beige.day3_CTAGTGATCGAGAACG-1	10
beige.day3_CTAGTGATCGCTGATA-1	12
beige.day3_CTAGTGATCTGCTTGC-1	5
beige.day3_CTCACACAGAAGGACA-1	7
beige.day3_CTCACACAGATGTGTA-1	8
beige.day3_CTCACACAGCACACAG-1	11
beige.day3_CTCACACAGCGACGTA-1	8
beige.day3_CTCACACAGCTAAGAT-1	8
beige.day3_CTCACACAGCTAGCCC-1	8
beige.day3_CTCACACAGCTGCCCA-1	12
beige.day3_CTCACACAGGCTAGAC-1	12
beige.day3_CTCACACAGGTGCTTT-1	8
beige.day3_CTCACACAGTTTGCGT-1	8
beige.day3_CTCACACCAAGCTGAG-1	12
beige.day3_CTCACACCAAGGTGTG-1	8
beige.day3_CTCACACCACAGTCGC-1	7
beige.day3_CTCACACCACCCATGG-1	8
beige.day3_CTCACACCACGACGAA-1	10
beige.day3_CTCACACCAGCTCGCA-1	11
beige.day3_CTCACACCAGGAATCG-1	8
beige.day3_CTCACACCAGTCGTGC-1	8
beige.day3_CTCACACCAGTTCCCT-1	11
beige.day3_CTCACACGTACAGCAG-1	11
beige.day3_CTCACACGTCCGTGAC-1	8
beige.day3_CTCACACGTCTTCTCG-1	7
beige.day3_CTCACACGTGTGACGA-1	11
beige.day3_CTCACACGTTACCGAT-1	7
beige.day3_CTCACACTCATCGATG-1	8
beige.day3_CTCACACTCATGGTCA-1	12
beige.day3_CTCACACTCTGTCCGT-1	7
beige.day3_CTCACACTCTTTCCTC-1	11
beige.day3_CTCAGAAAGAGTCTGG-1	10
beige.day3_CTCAGAAAGCTGTCTA-1	8
beige.day3_CTCAGAAAGGCGACAT-1	8
beige.day3_CTCAGAAAGGTAGCTG-1	10
beige.day3_CTCAGAAAGTAGGCCA-1	9
beige.day3_CTCAGAAAGTCAAGCG-1	8
beige.day3_CTCAGAAAGTTGCAGG-1	11
beige.day3_CTCAGAACAAAGGAAG-1	9
beige.day3_CTCAGAACAAGGGTCA-1	7
beige.day3_CTCAGAACACCCATGG-1	8
beige.day3_CTCAGAACACGAAAGC-1	10
beige.day3_CTCAGAACACGGATAG-1	9
beige.day3_CTCAGAACACGTGAGA-1	12
beige.day3_CTCAGAACAGGCTGAA-1	8
beige.day3_CTCAGAACATCCCATC-1	11
beige.day3_CTCAGAACATCCGCGA-1	8
beige.day3_CTCAGAACATCCTAGA-1	8
beige.day3_CTCAGAAGTAATCGTC-1	9
beige.day3_CTCAGAAGTCTCTCTG-1	6
beige.day3_CTCAGAAGTCTGCGGT-1	7
beige.day3_CTCAGAAGTTTCGCTC-1	10
beige.day3_CTCAGAATCAACGAAA-1	11
beige.day3_CTCAGAATCCAAACTG-1	12
beige.day3_CTCAGAATCGCGCCAA-1	8
beige.day3_CTCAGAATCTAACTTC-1	9
beige.day3_CTCAGAATCTATCGCC-1	11
beige.day3_CTCAGAATCTGTCTCG-1	12
beige.day3_CTCATTAAGAAAGTGG-1	7
beige.day3_CTCATTAAGGCCATAG-1	11
beige.day3_CTCATTAAGGTACTCT-1	12
beige.day3_CTCATTAAGGTGTGGT-1	9
beige.day3_CTCATTAAGGTGTTAA-1	12
beige.day3_CTCATTAAGTGGAGTC-1	10
beige.day3_CTCATTACAAACAACA-1	9
beige.day3_CTCATTACAATCCGAT-1	9
beige.day3_CTCATTACACACCGAC-1	8
beige.day3_CTCATTACAGCGTAAG-1	9
beige.day3_CTCATTAGTCGCTTTC-1	8
beige.day3_CTCATTAGTCTGCGGT-1	8
beige.day3_CTCATTAGTGTGCCTG-1	6
beige.day3_CTCATTAGTTTAGCTG-1	8
beige.day3_CTCATTATCAATCACG-1	11
beige.day3_CTCATTATCACGAAGG-1	12
beige.day3_CTCATTATCCCATTTA-1	8
beige.day3_CTCATTATCCTCAACC-1	11
beige.day3_CTCATTATCGGCCGAT-1	11
beige.day3_CTCATTATCTGGTGTA-1	6
beige.day3_CTCCTAGAGACAAGCC-1	12
beige.day3_CTCCTAGAGCTACCGC-1	12
beige.day3_CTCCTAGCAAGACACG-1	8
beige.day3_CTCCTAGCAAGTTAAG-1	12
beige.day3_CTCCTAGCAATGCCAT-1	8
beige.day3_CTCCTAGCACGTCAGC-1	12
beige.day3_CTCCTAGCAGCATGAG-1	12
beige.day3_CTCCTAGCAGCTTCGG-1	9
beige.day3_CTCCTAGCAGTCTTCC-1	8
beige.day3_CTCCTAGCATACGCTA-1	9
beige.day3_CTCCTAGCATTCCTGC-1	11
beige.day3_CTCCTAGGTACAGCAG-1	12
beige.day3_CTCCTAGGTGTGACCC-1	12
beige.day3_CTCCTAGGTTGTACAC-1	5
beige.day3_CTCCTAGTCAGTTTGG-1	9
beige.day3_CTCCTAGTCCTTGGTC-1	12
beige.day3_CTCCTAGTCGGCCGAT-1	8
beige.day3_CTCCTAGTCGGTTAAC-1	9
beige.day3_CTCCTAGTCGTTTAGG-1	8
beige.day3_CTCGAAAAGACCACGA-1	8
beige.day3_CTCGAAAAGAGGGCTT-1	10
beige.day3_CTCGAAAAGCCTATGT-1	8
beige.day3_CTCGAAAAGTGAAGAG-1	6
beige.day3_CTCGAAACAACCGCCA-1	11
beige.day3_CTCGAAACAAGCCGCT-1	7
beige.day3_CTCGAAACACAACGTT-1	6
beige.day3_CTCGAAACACAAGTAA-1	10
beige.day3_CTCGAAACACGAAAGC-1	8
beige.day3_CTCGAAACATCATCCC-1	8
beige.day3_CTCGAAAGTACTCGCG-1	12
beige.day3_CTCGAAAGTAGGAGTC-1	3
beige.day3_CTCGAAAGTATATCCG-1	11
beige.day3_CTCGAAAGTCCAGTAT-1	12
beige.day3_CTCGAAATCAATCACG-1	12
beige.day3_CTCGAAATCTACTATC-1	8
beige.day3_CTCGAGGAGAAGGACA-1	12
beige.day3_CTCGAGGAGACTGGGT-1	12
beige.day3_CTCGAGGAGAGTACCG-1	7
beige.day3_CTCGAGGAGATCTGCT-1	9
beige.day3_CTCGAGGAGATGAGAG-1	12
beige.day3_CTCGAGGAGCTCCTTC-1	8
beige.day3_CTCGAGGAGTCAAGGC-1	5
beige.day3_CTCGAGGAGTCTCGGC-1	8
beige.day3_CTCGAGGAGTGAAGTT-1	6
beige.day3_CTCGAGGAGTGTTAGA-1	9
beige.day3_CTCGAGGAGTTACGGG-1	7
beige.day3_CTCGAGGCAAGCTGTT-1	11
beige.day3_CTCGAGGCAATACGCT-1	8
beige.day3_CTCGAGGCAGCCACCA-1	5
beige.day3_CTCGAGGGTACGCACC-1	5
beige.day3_CTCGAGGGTACTTAGC-1	11
beige.day3_CTCGAGGGTAGCGCTC-1	7
beige.day3_CTCGAGGGTCAACTGT-1	11
beige.day3_CTCGAGGGTCGAGTTT-1	11
beige.day3_CTCGAGGGTCGCATCG-1	8
beige.day3_CTCGAGGGTCTTGATG-1	9
beige.day3_CTCGAGGGTGCTGTAT-1	12
beige.day3_CTCGAGGGTTCAGGCC-1	10
beige.day3_CTCGAGGTCAAAGTAG-1	11
beige.day3_CTCGAGGTCACTTATC-1	12
beige.day3_CTCGAGGTCCAACCAA-1	12
beige.day3_CTCGAGGTCGACGGAA-1	12
beige.day3_CTCGAGGTCGAGCCCA-1	12
beige.day3_CTCGAGGTCTTGTATC-1	12
beige.day3_CTCGGAGAGAATCTCC-1	8
beige.day3_CTCGGAGAGCAAATCA-1	10
beige.day3_CTCGGAGAGCCAGAAC-1	10
beige.day3_CTCGGAGAGCGATAGC-1	12
beige.day3_CTCGGAGAGGCATTGG-1	6
beige.day3_CTCGGAGAGTACGTTC-1	8
beige.day3_CTCGGAGCAAACGCGA-1	8
beige.day3_CTCGGAGCAACACCTA-1	12
beige.day3_CTCGGAGCACTTAAGC-1	10
beige.day3_CTCGGAGCAGGACCCT-1	9
beige.day3_CTCGGAGCATGAAGTA-1	8
beige.day3_CTCGGAGGTACATCCA-1	10
beige.day3_CTCGGAGGTAGTGAAT-1	8
beige.day3_CTCGGAGGTCAGCTAT-1	10
beige.day3_CTCGGAGGTGGTCCGT-1	11
beige.day3_CTCGGAGGTGTCAATC-1	12
beige.day3_CTCGGAGGTTAAGAAC-1	8
beige.day3_CTCGGAGGTTCAACCA-1	8
beige.day3_CTCGGAGTCAACACTG-1	8
beige.day3_CTCGGAGTCACAGGCC-1	12
beige.day3_CTCGGAGTCCGCAAGC-1	8
beige.day3_CTCGGAGTCCTAGAAC-1	7
beige.day3_CTCGGAGTCGAATGGG-1	9
beige.day3_CTCGGAGTCTCAAGTG-1	5
beige.day3_CTCGGGAAGACCGGAT-1	8
beige.day3_CTCGGGAAGCGACGTA-1	8
beige.day3_CTCGGGAAGCGTAATA-1	8
beige.day3_CTCGGGAAGTAGTGCG-1	8
beige.day3_CTCGGGAAGTGAAGTT-1	9
beige.day3_CTCGGGAAGTTGAGAT-1	12
beige.day3_CTCGGGACAAGAAAGG-1	10
beige.day3_CTCGGGACAAGAAGAG-1	10
beige.day3_CTCGGGACACCAGGTC-1	8
beige.day3_CTCGGGACACCGAAAG-1	8
beige.day3_CTCGGGACAGCCTTGG-1	8
beige.day3_CTCGGGACATAGACTC-1	7
beige.day3_CTCGGGACATCACGTA-1	12
beige.day3_CTCGGGACATGCGCAC-1	11
beige.day3_CTCGGGACATGGTAGG-1	8
beige.day3_CTCGGGAGTAAAGTCA-1	10
beige.day3_CTCGGGAGTTCACGGC-1	6
beige.day3_CTCGGGAGTTCCACTC-1	12
beige.day3_CTCGGGATCAACGAAA-1	11
beige.day3_CTCGGGATCAGTACGT-1	11
beige.day3_CTCGGGATCAGTTCGA-1	6
beige.day3_CTCGGGATCGGCTACG-1	12
beige.day3_CTCGGGATCTCTTATG-1	8
beige.day3_CTCGTACAGACAGGCT-1	12
beige.day3_CTCGTACAGAGAACAG-1	9
beige.day3_CTCGTACAGAGCCCAA-1	12
beige.day3_CTCGTACAGCAGCGTA-1	11
beige.day3_CTCGTACAGCCGGTAA-1	8
beige.day3_CTCGTACAGTGGACGT-1	8
beige.day3_CTCGTACCAAACGCGA-1	6
beige.day3_CTCGTACCAAACTGTC-1	11
beige.day3_CTCGTACCACAGACAG-1	9
beige.day3_CTCGTACCACCGATAT-1	11
beige.day3_CTCGTACCACGTGAGA-1	8
beige.day3_CTCGTACCACTTACGA-1	10
beige.day3_CTCGTACCACTTGGAT-1	9
beige.day3_CTCGTACCAGTGGGAT-1	8
beige.day3_CTCGTACCATACGCCG-1	12
beige.day3_CTCGTACCATGCCTAA-1	11
beige.day3_CTCGTACCATGTAAGA-1	12
beige.day3_CTCGTACGTGAGTATA-1	11
beige.day3_CTCGTACGTGCAGACA-1	12
beige.day3_CTCGTACTCAGCAACT-1	8
beige.day3_CTCGTACTCCAGATCA-1	11
beige.day3_CTCGTACTCCTTAATC-1	7
beige.day3_CTCGTACTCGTGGACC-1	12
beige.day3_CTCGTACTCGTGGGAA-1	8
beige.day3_CTCGTCAAGATGCCTT-1	10
beige.day3_CTCGTCAAGCTTATCG-1	8
beige.day3_CTCGTCAAGGTAGCCA-1	8
beige.day3_CTCGTCAAGTAGCCGA-1	12
beige.day3_CTCGTCAAGTCAATAG-1	11
beige.day3_CTCGTCAAGTGTACTC-1	11
beige.day3_CTCGTCAAGTTCGATC-1	12
beige.day3_CTCGTCAAGTTGTCGT-1	9
beige.day3_CTCGTCACAACTGCTA-1	7
beige.day3_CTCGTCACAATAGCAA-1	10
beige.day3_CTCGTCACAGTATAAG-1	9
beige.day3_CTCGTCACATATGCTG-1	8
beige.day3_CTCGTCACATCCGCGA-1	12
beige.day3_CTCGTCACATGCTAGT-1	8
beige.day3_CTCGTCAGTAGAGCTG-1	12
beige.day3_CTCGTCAGTCGCTTCT-1	12
beige.day3_CTCGTCAGTCGGGTCT-1	12
beige.day3_CTCGTCAGTCTAAACC-1	8
beige.day3_CTCGTCAGTTGTTTGG-1	12
beige.day3_CTCGTCATCAACGCTA-1	12
beige.day3_CTCGTCATCAGGCGAA-1	9
beige.day3_CTCGTCATCATACGGT-1	10
beige.day3_CTCGTCATCCAGAAGG-1	11
beige.day3_CTCGTCATCGCACTCT-1	10
beige.day3_CTCGTCATCTGAAAGA-1	8
beige.day3_CTCTAATAGACGCTTT-1	8
beige.day3_CTCTAATAGAGCTGGT-1	10
beige.day3_CTCTAATAGATGTGGC-1	11
beige.day3_CTCTAATAGATTACCC-1	9
beige.day3_CTCTAATAGCAACGGT-1	8
beige.day3_CTCTAATAGCCAGGAT-1	8
beige.day3_CTCTAATAGCTTATCG-1	8
beige.day3_CTCTAATAGTTACGGG-1	12
beige.day3_CTCTAATCAAACAACA-1	8
beige.day3_CTCTAATCACCAGCAC-1	9
beige.day3_CTCTAATCAGGTCTCG-1	10
beige.day3_CTCTAATCATTACCTT-1	7
beige.day3_CTCTAATGTACACCGC-1	10
beige.day3_CTCTAATGTACAGCAG-1	12
beige.day3_CTCTAATGTCACTTCC-1	12
beige.day3_CTCTAATGTCCAAGTT-1	8
beige.day3_CTCTAATGTGATGATA-1	11
beige.day3_CTCTAATGTGTGTGCC-1	12
beige.day3_CTCTAATGTGTTTGGT-1	8
beige.day3_CTCTAATTCACGAAGG-1	7
beige.day3_CTCTAATTCAGGTAAA-1	8
beige.day3_CTCTAATTCGGCTTGG-1	11
beige.day3_CTCTAATTCTTTCCTC-1	12
beige.day3_CTCTACGAGAATGTTG-1	8
beige.day3_CTCTACGAGAGTTGGC-1	12
beige.day3_CTCTACGAGCAGGTCA-1	10
beige.day3_CTCTACGAGCCCAGCT-1	12
beige.day3_CTCTACGCAATGGAAT-1	12
beige.day3_CTCTACGCAATTGCTG-1	12
beige.day3_CTCTACGCACGTTGGC-1	11
beige.day3_CTCTACGCATCACGTA-1	8
beige.day3_CTCTACGCATCGGAAG-1	7
beige.day3_CTCTACGGTCGGCATC-1	8
beige.day3_CTCTACGGTCTAACGT-1	9
beige.day3_CTCTACGGTGCCTGTG-1	12
beige.day3_CTCTACGTCAAGGCTT-1	10
beige.day3_CTCTACGTCCACGAAT-1	10
beige.day3_CTCTACGTCGCCATAA-1	9
beige.day3_CTCTACGTCGTCACGG-1	8
beige.day3_CTCTACGTCGTGGGAA-1	8
beige.day3_CTCTACGTCTATCGCC-1	8
beige.day3_CTCTACGTCTCCAGGG-1	8
beige.day3_CTCTACGTCTCTAGGA-1	12
beige.day3_CTCTACGTCTTACCGC-1	11
beige.day3_CTCTGGTAGAACTCGG-1	5
beige.day3_CTCTGGTAGAATTCCC-1	12
beige.day3_CTCTGGTAGAGATGAG-1	9
beige.day3_CTCTGGTAGATGAGAG-1	7
beige.day3_CTCTGGTAGATTACCC-1	10
beige.day3_CTCTGGTAGCGTGAAC-1	8
beige.day3_CTCTGGTAGTCCGGTC-1	8
beige.day3_CTCTGGTCACGGCGTT-1	9
beige.day3_CTCTGGTCACGTAAGG-1	9
beige.day3_CTCTGGTCAGCGATCC-1	11
beige.day3_CTCTGGTGTAAGTTCC-1	8
beige.day3_CTCTGGTGTAGAGCTG-1	11
beige.day3_CTCTGGTGTCGAATCT-1	11
beige.day3_CTCTGGTGTCGGCTCA-1	8
beige.day3_CTCTGGTGTCTCTTAT-1	10
beige.day3_CTCTGGTTCACCTTAT-1	8
beige.day3_CTCTGGTTCGCGATCG-1	11
beige.day3_CTCTGGTTCGGATGGA-1	11
beige.day3_CTGAAACAGCAGCCTC-1	7
beige.day3_CTGAAACAGCTAGTGG-1	8
beige.day3_CTGAAACAGGCTAGGT-1	12
beige.day3_CTGAAACAGTAAGTAC-1	11
beige.day3_CTGAAACAGTTTGCGT-1	12
beige.day3_CTGAAACCAAACGTGG-1	8
beige.day3_CTGAAACCAATAGAGT-1	10
beige.day3_CTGAAACCACGGCCAT-1	7
beige.day3_CTGAAACCAGATGGGT-1	8
beige.day3_CTGAAACCATCCCACT-1	8
beige.day3_CTGAAACCATGAACCT-1	11
beige.day3_CTGAAACCATGACATC-1	9
beige.day3_CTGAAACCATTGAGCT-1	9
beige.day3_CTGAAACGTAGTACCT-1	12
beige.day3_CTGAAACGTGCTCTTC-1	12
beige.day3_CTGAAACGTGGTCCGT-1	12
beige.day3_CTGAAACGTTAAAGTG-1	11
beige.day3_CTGAAACGTTGGTGGA-1	8
beige.day3_CTGAAACGTTTAGCTG-1	10
beige.day3_CTGAAACTCAAACGGG-1	12
beige.day3_CTGAAACTCGGCTTGG-1	8
beige.day3_CTGAAACTCTAACTTC-1	8
beige.day3_CTGAAACTCTCACATT-1	9
beige.day3_CTGAAACTCTTTACAC-1	10
beige.day3_CTGAAGTAGAAACCAT-1	9
beige.day3_CTGAAGTAGCCAGTTT-1	12
beige.day3_CTGAAGTAGCCCGAAA-1	12
beige.day3_CTGAAGTAGGCGACAT-1	8
beige.day3_CTGAAGTAGTCTCGGC-1	8
beige.day3_CTGAAGTAGTGATCGG-1	8
beige.day3_CTGAAGTAGTGTCTCA-1	8
beige.day3_CTGAAGTCACCGGAAA-1	8
beige.day3_CTGAAGTCAGGAACGT-1	8
beige.day3_CTGAAGTCATACCATG-1	9
beige.day3_CTGAAGTCATGTCCTC-1	12
beige.day3_CTGAAGTCATGTCGAT-1	9
beige.day3_CTGAAGTCATTAGGCT-1	7
beige.day3_CTGAAGTGTAAGAGGA-1	7
beige.day3_CTGAAGTGTAGCACGA-1	12
beige.day3_CTGAAGTTCCAAGCCG-1	8
beige.day3_CTGAAGTTCCCGACTT-1	12
beige.day3_CTGAAGTTCGCGGATC-1	7
beige.day3_CTGAAGTTCGGCATCG-1	9
beige.day3_CTGATAGAGAAACCGC-1	12
beige.day3_CTGATAGAGAGACTTA-1	11
beige.day3_CTGATAGAGCGTGAAC-1	8
beige.day3_CTGATAGAGCTAGTTC-1	10
beige.day3_CTGATAGAGGGAAACA-1	8
beige.day3_CTGATAGAGTCTCGGC-1	8
beige.day3_CTGATAGAGTTCCACA-1	9
beige.day3_CTGATAGCAAACTGCT-1	6
beige.day3_CTGATAGCACACGCTG-1	12
beige.day3_CTGATAGCAGACAAAT-1	7
beige.day3_CTGATAGCATGCAATC-1	7
beige.day3_CTGATAGCATGGTAGG-1	12
beige.day3_CTGATAGCATTACGAC-1	12
beige.day3_CTGATAGGTAAGGGAA-1	12
beige.day3_CTGATAGGTCAGAATA-1	8
beige.day3_CTGATAGGTTGGTAAA-1	12
beige.day3_CTGATAGTCAGCTCGG-1	9
beige.day3_CTGATAGTCAGTACGT-1	11
beige.day3_CTGATAGTCCAGAAGG-1	2
beige.day3_CTGATAGTCGCGGATC-1	9
beige.day3_CTGATAGTCGTCTGAA-1	11
beige.day3_CTGATAGTCTAACGGT-1	8
beige.day3_CTGATAGTCTGTCCGT-1	9
beige.day3_CTGATCCAGACCGGAT-1	8
beige.day3_CTGATCCAGACCTAGG-1	8
beige.day3_CTGATCCAGAGGACGG-1	12
beige.day3_CTGATCCAGATCTGCT-1	8
beige.day3_CTGATCCAGATGTGTA-1	10
beige.day3_CTGATCCAGGATGCGT-1	11
beige.day3_CTGATCCAGGATGGTC-1	8
beige.day3_CTGATCCAGGTGATAT-1	8
beige.day3_CTGATCCAGTGACATA-1	7
beige.day3_CTGATCCAGTGGGCTA-1	7
beige.day3_CTGATCCAGTGTGGCA-1	7
beige.day3_CTGATCCCAAGTAATG-1	8
beige.day3_CTGATCCCAAGTTGTC-1	11
beige.day3_CTGATCCCATGGAATA-1	9
beige.day3_CTGATCCGTCACACGC-1	8
beige.day3_CTGATCCGTCCGAACC-1	9
beige.day3_CTGATCCGTCCGAGTC-1	10
beige.day3_CTGATCCGTCTAGGTT-1	8
beige.day3_CTGATCCGTCTCTCGT-1	7
beige.day3_CTGATCCGTGACTACT-1	11
beige.day3_CTGATCCGTGAGGCTA-1	8
beige.day3_CTGATCCGTGCCTGCA-1	9
beige.day3_CTGATCCGTTCCCGAG-1	9
beige.day3_CTGATCCTCAGTCCCT-1	11
beige.day3_CTGATCCTCCCATTTA-1	8
beige.day3_CTGATCCTCCGATATG-1	8
beige.day3_CTGATCCTCCGTAGGC-1	9
beige.day3_CTGATCCTCCTAAGTG-1	8
beige.day3_CTGATCCTCTTATCTG-1	9
beige.day3_CTGCCTAAGGAATGGA-1	8
beige.day3_CTGCCTAAGGCCCTCA-1	10
beige.day3_CTGCCTAAGGTGATTA-1	9
beige.day3_CTGCCTACAGCCAATT-1	11
beige.day3_CTGCCTACAGCCACCA-1	11
beige.day3_CTGCCTAGTATTAGCC-1	10
beige.day3_CTGCCTAGTTCGTGAT-1	7
beige.day3_CTGCCTATCACCCGAG-1	10
beige.day3_CTGCCTATCAGCGACC-1	8
beige.day3_CTGCCTATCATGCATG-1	9
beige.day3_CTGCCTATCGCCGTGA-1	8
beige.day3_CTGCCTATCGTAGGAG-1	9
beige.day3_CTGCCTATCTGTTTGT-1	9
beige.day3_CTGCGGAAGAACTCGG-1	8
beige.day3_CTGCGGAAGATAGCAT-1	12
beige.day3_CTGCGGAAGATAGGAG-1	12
beige.day3_CTGCGGAAGCGTTGCC-1	8
beige.day3_CTGCGGAAGGAGTTTA-1	11
beige.day3_CTGCGGAAGGATTCGG-1	9
beige.day3_CTGCGGAAGGCGACAT-1	8
beige.day3_CTGCGGAAGGTTACCT-1	8
beige.day3_CTGCGGAAGTCCATAC-1	10
beige.day3_CTGCGGAAGTGGTAGC-1	11
beige.day3_CTGCGGACAATAGAGT-1	8
beige.day3_CTGCGGACAATGCCAT-1	11
beige.day3_CTGCGGACACCTATCC-1	7
beige.day3_CTGCGGACAGCGTAAG-1	12
beige.day3_CTGCGGACAGTACACT-1	7
beige.day3_CTGCGGACATTCGACA-1	11
beige.day3_CTGCGGAGTATCGCAT-1	12
beige.day3_CTGCGGAGTCCAAGTT-1	10
beige.day3_CTGCGGAGTGTGACGA-1	12
beige.day3_CTGCGGAGTTCCACTC-1	12
beige.day3_CTGCGGAGTTCCCGAG-1	11
beige.day3_CTGCGGATCAACACTG-1	11
beige.day3_CTGCGGATCAACCATG-1	9
beige.day3_CTGCGGATCATGTCCC-1	11
beige.day3_CTGCGGATCCAGATCA-1	8
beige.day3_CTGCGGATCCGAACGC-1	8
beige.day3_CTGCGGATCGCAAACT-1	8
beige.day3_CTGCGGATCGGTCCGA-1	7
beige.day3_CTGCTGTAGACAATAC-1	8
beige.day3_CTGCTGTAGACATAAC-1	12
beige.day3_CTGCTGTAGAGGTACC-1	12
beige.day3_CTGCTGTAGCAAATCA-1	7
beige.day3_CTGCTGTAGCATCATC-1	7
beige.day3_CTGCTGTAGTTGAGTA-1	9
beige.day3_CTGCTGTCAAGCTGGA-1	8
beige.day3_CTGCTGTCAAGTCATC-1	9
beige.day3_CTGCTGTCAGCGTCCA-1	7
beige.day3_CTGCTGTCAGCTGCTG-1	8
beige.day3_CTGCTGTGTATTAGCC-1	10
beige.day3_CTGCTGTGTCACCCAG-1	9
beige.day3_CTGCTGTGTCGCATCG-1	8
beige.day3_CTGCTGTGTGAAATCA-1	12
beige.day3_CTGCTGTGTGACCAAG-1	11
beige.day3_CTGCTGTTCAACGGGA-1	7
beige.day3_CTGCTGTTCCAACCAA-1	8
beige.day3_CTGCTGTTCGAACTGT-1	12
beige.day3_CTGCTGTTCGCATGAT-1	12
beige.day3_CTGCTGTTCGGCATCG-1	11
beige.day3_CTGCTGTTCGTTTGCC-1	8
beige.day3_CTGCTGTTCTCGTTTA-1	12
beige.day3_CTGGTCTAGACACTAA-1	10
beige.day3_CTGGTCTAGACAGAGA-1	10
beige.day3_CTGGTCTAGACCGGAT-1	8
beige.day3_CTGGTCTAGACCTTTG-1	9
beige.day3_CTGGTCTAGCGAGAAA-1	8
beige.day3_CTGGTCTAGGCTATCT-1	8
beige.day3_CTGGTCTAGTACATGA-1	8
beige.day3_CTGGTCTAGTTTGCGT-1	9
beige.day3_CTGGTCTCACCTTGTC-1	11
beige.day3_CTGGTCTCAGCTCGAC-1	6
beige.day3_CTGGTCTCATATGGTC-1	12
beige.day3_CTGGTCTCATCACCCT-1	8
beige.day3_CTGGTCTCATTGGTAC-1	6
beige.day3_CTGGTCTGTCCCTTGT-1	7
beige.day3_CTGGTCTGTGCTGTAT-1	12
beige.day3_CTGGTCTGTGTGACGA-1	11
beige.day3_CTGGTCTGTTACTGAC-1	11
beige.day3_CTGGTCTGTTAGGGTG-1	12
beige.day3_CTGGTCTGTTCAGGCC-1	8
beige.day3_CTGGTCTGTTCCGGCA-1	8
beige.day3_CTGGTCTGTTCTGGTA-1	12
beige.day3_CTGGTCTGTTGATTCG-1	12
beige.day3_CTGGTCTGTTGGGACA-1	12
beige.day3_CTGGTCTTCAGCAACT-1	11
beige.day3_CTGGTCTTCATCGCTC-1	12
beige.day3_CTGGTCTTCGAACGGA-1	12
beige.day3_CTGGTCTTCGGTTAAC-1	12
beige.day3_CTGTGCTAGAACAATC-1	9
beige.day3_CTGTGCTAGACGCACA-1	12
beige.day3_CTGTGCTAGATACACA-1	8
beige.day3_CTGTGCTAGCGTCTAT-1	9
beige.day3_CTGTGCTAGGACCACA-1	8
beige.day3_CTGTGCTAGGCTCAGA-1	10
beige.day3_CTGTGCTAGTGTGAAT-1	11
beige.day3_CTGTGCTCAACCGCCA-1	8
beige.day3_CTGTGCTCAAGGGTCA-1	8
beige.day3_CTGTGCTCAATACGCT-1	9
beige.day3_CTGTGCTCACAGAGGT-1	10
beige.day3_CTGTGCTCACCAACCG-1	12
beige.day3_CTGTGCTCACCTCGTT-1	7
beige.day3_CTGTGCTCACGTTGGC-1	10
beige.day3_CTGTGCTCACTTGGAT-1	8
beige.day3_CTGTGCTCAGCTTCGG-1	8
beige.day3_CTGTGCTCAGTCAGCC-1	10
beige.day3_CTGTGCTGTACATCCA-1	11
beige.day3_CTGTGCTGTCCGTTAA-1	8
beige.day3_CTGTGCTGTCTGCCAG-1	8
beige.day3_CTGTGCTTCACCGGGT-1	8
beige.day3_CTGTGCTTCGCTAGCG-1	11
beige.day3_CTGTGCTTCGGTGTTA-1	8
beige.day3_CTGTGCTTCGTTTATC-1	9
beige.day3_CTGTTTAAGACTTTCG-1	9
beige.day3_CTGTTTAAGCCAGAAC-1	9
beige.day3_CTGTTTAAGCGTGAGT-1	10
beige.day3_CTGTTTAAGCTTTGGT-1	12
beige.day3_CTGTTTAAGGTACTCT-1	9
beige.day3_CTGTTTAAGTCACGCC-1	7
beige.day3_CTGTTTACAAACGTGG-1	12
beige.day3_CTGTTTACAACACCTA-1	11
beige.day3_CTGTTTACACCGGAAA-1	8
beige.day3_CTGTTTACAGAAGCAC-1	9
beige.day3_CTGTTTAGTACCAGTT-1	12
beige.day3_CTGTTTAGTACGCACC-1	9
beige.day3_CTGTTTAGTCGCTTCT-1	7
beige.day3_CTGTTTAGTGACAAAT-1	9
beige.day3_CTGTTTAGTGAGGGTT-1	12
beige.day3_CTGTTTAGTGCTCTTC-1	8
beige.day3_CTGTTTAGTTGGACCC-1	11
beige.day3_CTGTTTATCATATCGG-1	11
beige.day3_CTGTTTATCCCTAATT-1	11
beige.day3_CTGTTTATCGAGGTAG-1	8
beige.day3_CTGTTTATCGGCGCAT-1	9
beige.day3_CTGTTTATCTCACATT-1	9
beige.day3_CTTAACTAGATCCGAG-1	7
beige.day3_CTTAACTCAAACTGCT-1	11
beige.day3_CTTAACTCACCCATGG-1	6
beige.day3_CTTAACTCACGGCTAC-1	10
beige.day3_CTTAACTCACGTCTCT-1	8
beige.day3_CTTAACTCAGTGGAGT-1	8
beige.day3_CTTAACTCATGTCCTC-1	7
beige.day3_CTTAACTCATTAGGCT-1	9
beige.day3_CTTAACTCATTCGACA-1	10
beige.day3_CTTAACTGTCATGCCG-1	9
beige.day3_CTTAACTGTTCCACGG-1	8
beige.day3_CTTAACTGTTGTGGAG-1	12
beige.day3_CTTAACTGTTTACTCT-1	9
beige.day3_CTTAACTTCAACGCTA-1	8
beige.day3_CTTAACTTCAGCTTAG-1	8
beige.day3_CTTAACTTCCCTGACT-1	9
beige.day3_CTTAACTTCCGTTGCT-1	8
beige.day3_CTTAACTTCGATGAGG-1	8
beige.day3_CTTAACTTCGCACTCT-1	8
beige.day3_CTTAACTTCGTACGGC-1	7
beige.day3_CTTAACTTCGTCCGTT-1	8
beige.day3_CTTAACTTCGTTTGCC-1	10
beige.day3_CTTACCGAGCAGATCG-1	8
beige.day3_CTTACCGAGCTGAAAT-1	9
beige.day3_CTTACCGAGGCGACAT-1	11
beige.day3_CTTACCGAGTACACCT-1	9
beige.day3_CTTACCGAGTCATGCT-1	8
beige.day3_CTTACCGCAAGCCATT-1	12
beige.day3_CTTACCGCAAGGTTTC-1	8
beige.day3_CTTACCGCAAGTCTAC-1	10
beige.day3_CTTACCGCAGGGAGAG-1	8
beige.day3_CTTACCGCATTCACTT-1	8
beige.day3_CTTACCGGTCATATCG-1	12
beige.day3_CTTACCGGTCCAGTTA-1	7
beige.day3_CTTACCGGTCGAATCT-1	11
beige.day3_CTTACCGGTCTGCAAT-1	8
beige.day3_CTTACCGGTGACTCAT-1	8
beige.day3_CTTACCGGTGGGTATG-1	11
beige.day3_CTTACCGGTTGAGTTC-1	3
beige.day3_CTTACCGGTTGTCTTT-1	12
beige.day3_CTTACCGGTTGTTTGG-1	8
beige.day3_CTTACCGTCCTCATTA-1	12
beige.day3_CTTACCGTCGGCGGTT-1	9
beige.day3_CTTAGGAAGACACGAC-1	8
beige.day3_CTTAGGAAGAGACTTA-1	8
beige.day3_CTTAGGAAGAGGGATA-1	8
beige.day3_CTTAGGAAGATGCCAG-1	12
beige.day3_CTTAGGAAGCAGCGTA-1	8
beige.day3_CTTAGGAAGCGTAGTG-1	7
beige.day3_CTTAGGAAGGGTCGAT-1	8
beige.day3_CTTAGGAAGGTGCAAC-1	12
beige.day3_CTTAGGACAAGCGTAG-1	7
beige.day3_CTTAGGACACATCCGG-1	11
beige.day3_CTTAGGACAGACAAAT-1	8
beige.day3_CTTAGGACAGACTCGC-1	8
beige.day3_CTTAGGACAGTGGGAT-1	11
beige.day3_CTTAGGACATCACCCT-1	12
beige.day3_CTTAGGACATCATCCC-1	8
beige.day3_CTTAGGACATGCTAGT-1	8
beige.day3_CTTAGGAGTAAAGGAG-1	11
beige.day3_CTTAGGAGTACCAGTT-1	8
beige.day3_CTTAGGAGTCGGCTCA-1	8
beige.day3_CTTAGGAGTGCGATAG-1	9
beige.day3_CTTAGGAGTTAGTGGG-1	8
beige.day3_CTTAGGAGTTTCGCTC-1	12
beige.day3_CTTAGGATCAAACCGT-1	6
beige.day3_CTTAGGATCACAGTAC-1	8
beige.day3_CTTAGGATCAGTGTTG-1	12
beige.day3_CTTAGGATCCACGTGG-1	11
beige.day3_CTTAGGATCCCGGATG-1	6
beige.day3_CTTAGGATCCGATATG-1	8
beige.day3_CTTAGGATCCTAGTGA-1	10
beige.day3_CTTAGGATCCTCCTAG-1	10
beige.day3_CTTAGGATCTGTTGAG-1	10
beige.day3_CTTAGGATCTTAACCT-1	7
beige.day3_CTTCTCTAGACCACGA-1	7
beige.day3_CTTCTCTAGACTTGAA-1	12
beige.day3_CTTCTCTAGAGGGCTT-1	12
beige.day3_CTTCTCTAGATCGATA-1	8
beige.day3_CTTCTCTAGGCCGAAT-1	8
beige.day3_CTTCTCTAGGCGTACA-1	7
beige.day3_CTTCTCTAGTAGCCGA-1	12
beige.day3_CTTCTCTAGTGTTGAA-1	9
beige.day3_CTTCTCTCAGCTTCGG-1	5
beige.day3_CTTCTCTCAGGATTGG-1	7
beige.day3_CTTCTCTCAGTCGTGC-1	8
beige.day3_CTTCTCTGTACATGTC-1	7
beige.day3_CTTCTCTGTATATCCG-1	8
beige.day3_CTTCTCTTCACAACGT-1	11
beige.day3_CTTCTCTTCCCTTGCA-1	10
beige.day3_CTTCTCTTCCTTAATC-1	5
beige.day3_CTTCTCTTCCTTCAAT-1	12
beige.day3_CTTCTCTTCGTTTGCC-1	8
beige.day3_CTTCTCTTCTACTCAT-1	8
beige.day3_CTTGGCTAGACGCTTT-1	7
beige.day3_CTTGGCTAGGCGACAT-1	7
beige.day3_CTTGGCTAGTGGTAGC-1	9
beige.day3_CTTGGCTCAAGCTGAG-1	8
beige.day3_CTTGGCTCAAGGACTG-1	8
beige.day3_CTTGGCTCACACGCTG-1	10
beige.day3_CTTGGCTCACAGATTC-1	12
beige.day3_CTTGGCTCACCAGATT-1	8
beige.day3_CTTGGCTCACCCAGTG-1	9
beige.day3_CTTGGCTCACCCATGG-1	11
beige.day3_CTTGGCTCACTACAGT-1	12
beige.day3_CTTGGCTCAGTATCTG-1	6
beige.day3_CTTGGCTCATGCCCGA-1	10
beige.day3_CTTGGCTCATGGGAAC-1	11
beige.day3_CTTGGCTCATGGTCAT-1	9
beige.day3_CTTGGCTGTACGAAAT-1	11
beige.day3_CTTGGCTGTAGCGTCC-1	8
beige.day3_CTTGGCTGTCGACTAT-1	7
beige.day3_CTTGGCTGTCTCTTAT-1	9
beige.day3_CTTGGCTGTGCCTGGT-1	7
beige.day3_CTTGGCTGTTACCAGT-1	12
beige.day3_CTTGGCTTCCAAAGTC-1	11
beige.day3_CTTGGCTTCCTTGACC-1	10
beige.day3_CTTGGCTTCTCAAACG-1	7
beige.day3_CTTTGCGAGAGCTTCT-1	11
beige.day3_CTTTGCGAGATCGATA-1	7
beige.day3_CTTTGCGAGATGTTAG-1	11
beige.day3_CTTTGCGAGCTGAAAT-1	9
beige.day3_CTTTGCGAGCTTATCG-1	8
beige.day3_CTTTGCGAGGATATAC-1	8
beige.day3_CTTTGCGAGGTGCTAG-1	10
beige.day3_CTTTGCGAGTCATGCT-1	8
beige.day3_CTTTGCGCAAGTCTAC-1	7
beige.day3_CTTTGCGCAATTGCTG-1	9
beige.day3_CTTTGCGCACAGCCCA-1	10
beige.day3_CTTTGCGCACATGACT-1	10
beige.day3_CTTTGCGCACATGGGA-1	8
beige.day3_CTTTGCGCAGCATACT-1	8
beige.day3_CTTTGCGCAGTCAGCC-1	8
beige.day3_CTTTGCGCAGTTAACC-1	12
beige.day3_CTTTGCGCATCACCCT-1	7
beige.day3_CTTTGCGCATTCCTCG-1	8
beige.day3_CTTTGCGGTAAGTGGC-1	12
beige.day3_CTTTGCGGTACCATCA-1	12
beige.day3_CTTTGCGGTACTTCTT-1	12
beige.day3_CTTTGCGGTAGCTGCC-1	7
beige.day3_CTTTGCGGTAGCTTGT-1	9
beige.day3_CTTTGCGGTCCTGCTT-1	8
beige.day3_CTTTGCGGTCTGATTG-1	8
beige.day3_CTTTGCGGTGCAGTAG-1	7
beige.day3_CTTTGCGGTGCGATAG-1	7
beige.day3_CTTTGCGGTTGCCTCT-1	10
beige.day3_CTTTGCGTCACCGTAA-1	8
beige.day3_CTTTGCGTCACGAAGG-1	12
beige.day3_CTTTGCGTCATCTGTT-1	8
beige.day3_CTTTGCGTCCATGAAC-1	7
beige.day3_CTTTGCGTCCCAGGTG-1	8
beige.day3_CTTTGCGTCGGCTTGG-1	7
beige.day3_CTTTGCGTCTTCATGT-1	12
beige.day3_GAAACTCAGACTAGGC-1	8
beige.day3_GAAACTCAGAGACTTA-1	8
beige.day3_GAAACTCAGCTATGCT-1	9
beige.day3_GAAACTCAGGATCGCA-1	8
beige.day3_GAAACTCAGGCGTACA-1	9
beige.day3_GAAACTCAGTTACCCA-1	9
beige.day3_GAAACTCAGTTGAGTA-1	8
beige.day3_GAAACTCAGTTTCCTT-1	11
beige.day3_GAAACTCAGTTTGCGT-1	9
beige.day3_GAAACTCCAAAGGTGC-1	12
beige.day3_GAAACTCCAAGAAGAG-1	7
beige.day3_GAAACTCCACTACAGT-1	10
beige.day3_GAAACTCCACTGCCAG-1	8
beige.day3_GAAACTCCAGCTGTTA-1	5
beige.day3_GAAACTCCAGGGATTG-1	11
beige.day3_GAAACTCCATGCGCAC-1	11
beige.day3_GAAACTCCATGTCCTC-1	8
beige.day3_GAAACTCGTCCTCTTG-1	12
beige.day3_GAAACTCGTCTTCGTC-1	8
beige.day3_GAAACTCGTGTATGGG-1	12
beige.day3_GAAACTCTCAAGGCTT-1	8
beige.day3_GAAACTCTCCGTTGTC-1	10
beige.day3_GAAACTCTCGCCTGTT-1	11
beige.day3_GAAACTCTCTCCTATA-1	8
beige.day3_GAAACTCTCTGCAAGT-1	8
beige.day3_GAAATGAAGATAGTCA-1	8
beige.day3_GAAATGAAGCACCGTC-1	11
beige.day3_GAAATGAAGGGTCTCC-1	12
beige.day3_GAAATGAAGTTTAGGA-1	11
beige.day3_GAAATGACAACTTGAC-1	8
beige.day3_GAAATGACAATGTTGC-1	7
beige.day3_GAAATGACACATTAGC-1	9
beige.day3_GAAATGACACCCTATC-1	8
beige.day3_GAAATGACAGCTATTG-1	9
beige.day3_GAAATGACAGGACGTA-1	7
beige.day3_GAAATGACAGGATTGG-1	8
beige.day3_GAAATGAGTAAGAGAG-1	10
beige.day3_GAAATGAGTACAGTTC-1	8
beige.day3_GAAATGAGTAGCGATG-1	9
beige.day3_GAAATGAGTCGAGATG-1	11
beige.day3_GAAATGAGTCTAACGT-1	9
beige.day3_GAAATGAGTGGTACAG-1	9
beige.day3_GAAATGATCCACGAAT-1	10
beige.day3_GAAATGATCGTGACAT-1	8
beige.day3_GAAATGATCTGCGTAA-1	8
beige.day3_GAAATGATCTTGAGGT-1	8
beige.day3_GAACATCAGAAGGTTT-1	5
beige.day3_GAACATCAGATCCCAT-1	8
beige.day3_GAACATCAGATGGCGT-1	8
beige.day3_GAACATCAGCTAGGCA-1	8
beige.day3_GAACATCAGGACTGGT-1	11
beige.day3_GAACATCAGGCAATTA-1	11
beige.day3_GAACATCAGGCATTGG-1	7
beige.day3_GAACATCAGGTCGGAT-1	8
beige.day3_GAACATCAGGTGCACA-1	12
beige.day3_GAACATCAGGTGGGTT-1	7
beige.day3_GAACATCAGTCAAGGC-1	7
beige.day3_GAACATCCACAACTGT-1	10
beige.day3_GAACATCCACCCATGG-1	9
beige.day3_GAACATCCACTCGACG-1	8
beige.day3_GAACATCCACTTCTGC-1	9
beige.day3_GAACATCCAGCTATTG-1	12
beige.day3_GAACATCCAGGATTGG-1	8
beige.day3_GAACATCCAGTATAAG-1	6
beige.day3_GAACATCCATCTCGCT-1	12
beige.day3_GAACATCCATTACGAC-1	8
beige.day3_GAACATCGTCCGAGTC-1	12
beige.day3_GAACATCGTCTCTCTG-1	10
beige.day3_GAACATCGTGTAAGTA-1	11
beige.day3_GAACATCGTTCACGGC-1	11
beige.day3_GAACATCTCATGCAAC-1	12
beige.day3_GAACATCTCCTTCAAT-1	9
beige.day3_GAACATCTCTTCATGT-1	8
beige.day3_GAACCTAAGATATACG-1	12
beige.day3_GAACCTAAGCGTGAAC-1	12
beige.day3_GAACCTAAGCGTGTCC-1	12
beige.day3_GAACCTAAGCTTATCG-1	11
beige.day3_GAACCTAAGGATGCGT-1	10
beige.day3_GAACCTAAGGGCATGT-1	7
beige.day3_GAACCTAAGTAGATGT-1	8
beige.day3_GAACCTAAGTCGCCGT-1	9
beige.day3_GAACCTACAAAGGAAG-1	8
beige.day3_GAACCTACAAGTTAAG-1	9
beige.day3_GAACCTACACATTTCT-1	8
beige.day3_GAACCTACATCCTTGC-1	6
beige.day3_GAACCTACATGAGCGA-1	12
beige.day3_GAACCTACATGCAACT-1	9
beige.day3_GAACCTAGTAGGGTAC-1	9
beige.day3_GAACCTAGTGCAACGA-1	8
beige.day3_GAACCTAGTGCCTTGG-1	9
beige.day3_GAACCTAGTGTCGCTG-1	11
beige.day3_GAACCTAGTTCAGACT-1	10
beige.day3_GAACCTAGTTCATGGT-1	7
beige.day3_GAACCTAGTTGGACCC-1	10
beige.day3_GAACCTAGTTTGCATG-1	7
beige.day3_GAACCTATCAGCACAT-1	12
beige.day3_GAACCTATCATTCACT-1	12
beige.day3_GAACCTATCCACGTTC-1	9
beige.day3_GAACCTATCCAGATCA-1	9
beige.day3_GAACCTATCCTTTCTC-1	11
beige.day3_GAACCTATCGAACGGA-1	9
beige.day3_GAACCTATCTATCCCG-1	8
beige.day3_GAACGGAAGAGGTTAT-1	11
beige.day3_GAACGGAAGATCCCAT-1	9
beige.day3_GAACGGAAGTTGTCGT-1	7
beige.day3_GAACGGACAATAAGCA-1	9
beige.day3_GAACGGACACAAGCCC-1	11
beige.day3_GAACGGACACGCGAAA-1	8
beige.day3_GAACGGACATTAGCCA-1	11
beige.day3_GAACGGAGTACAGCAG-1	9
beige.day3_GAACGGAGTGCTGTAT-1	9
beige.day3_GAACGGAGTGTAAGTA-1	8
beige.day3_GAACGGAGTTTCGCTC-1	9
beige.day3_GAACGGATCATGTGGT-1	12
beige.day3_GAACGGATCATTGCCC-1	11
beige.day3_GAACGGATCGACAGCC-1	12
beige.day3_GAACGGATCGCGATCG-1	8
beige.day3_GAACGGATCTTGGGTA-1	12
beige.day3_GAAGCAGAGACCTAGG-1	8
beige.day3_GAAGCAGAGAGAACAG-1	8
beige.day3_GAAGCAGCAACTTGAC-1	8
beige.day3_GAAGCAGCAAGCGAGT-1	8
beige.day3_GAAGCAGCAAGTTGTC-1	11
beige.day3_GAAGCAGCACGAAAGC-1	12
beige.day3_GAAGCAGCAGCCTGTG-1	1
beige.day3_GAAGCAGGTATAGGTA-1	9
beige.day3_GAAGCAGGTATGAAAC-1	8
beige.day3_GAAGCAGGTGTGAAAT-1	8
beige.day3_GAAGCAGGTTAAGATG-1	10
beige.day3_GAAGCAGGTTACGGAG-1	12
beige.day3_GAAGCAGTCCAGATCA-1	8
beige.day3_GAAGCAGTCCCATTAT-1	8
beige.day3_GAAGCAGTCCGCGCAA-1	11
beige.day3_GAAGCAGTCCGTCAAA-1	11
beige.day3_GAAGCAGTCCGTTGCT-1	11
beige.day3_GAAGCAGTCGGTGTTA-1	8
beige.day3_GAAGCAGTCTAAGCCA-1	8
beige.day3_GAATAAGAGAATCTCC-1	8
beige.day3_GAATAAGAGAATTCCC-1	11
beige.day3_GAATAAGAGACCACGA-1	7
beige.day3_GAATAAGAGACGACGT-1	8
beige.day3_GAATAAGAGTTATCGC-1	11
beige.day3_GAATAAGCAACAACCT-1	11
beige.day3_GAATAAGCAAGCCATT-1	12
beige.day3_GAATAAGCAATGGACG-1	8
beige.day3_GAATAAGCAGGATTGG-1	9
beige.day3_GAATAAGGTCAATGTC-1	8
beige.day3_GAATAAGGTGATGTCT-1	9
beige.day3_GAATAAGGTTGTGGAG-1	8
beige.day3_GAATAAGTCAAAGTAG-1	11
beige.day3_GAATAAGTCACAACGT-1	12
beige.day3_GAATAAGTCCAGAGGA-1	8
beige.day3_GAATAAGTCCGCGGTA-1	7
beige.day3_GAATAAGTCCGTTGTC-1	7
beige.day3_GAATAAGTCGCTAGCG-1	10
beige.day3_GAATAAGTCGGACAAG-1	12
beige.day3_GAATAAGTCGTACGGC-1	11
beige.day3_GAATGAAAGAGTCTGG-1	8
beige.day3_GAATGAAAGAGTGAGA-1	12
beige.day3_GAATGAAAGATGGCGT-1	8
beige.day3_GAATGAAAGCAGACTG-1	8
beige.day3_GAATGAAAGTACGCCC-1	9
beige.day3_GAATGAAAGTGGACGT-1	11
beige.day3_GAATGAACAAGTAATG-1	9
beige.day3_GAATGAACAGGCAGTA-1	8
beige.day3_GAATGAACATACGCTA-1	8
beige.day3_GAATGAACATCGATTG-1	12
beige.day3_GAATGAACATGTAGTC-1	12
beige.day3_GAATGAAGTAAGTAGT-1	10
beige.day3_GAATGAAGTAAGTGTA-1	8
beige.day3_GAATGAAGTCATTAGC-1	7
beige.day3_GAATGAAGTCTCCACT-1	10
beige.day3_GAATGAAGTCTGCCAG-1	8
beige.day3_GAATGAAGTGACGCCT-1	12
beige.day3_GAATGAAGTTACGGAG-1	8
beige.day3_GAATGAAGTTGAACTC-1	12
beige.day3_GAATGAAGTTGGTTTG-1	8
beige.day3_GAATGAATCAAAGTAG-1	12
beige.day3_GAATGAATCAGCGATT-1	12
beige.day3_GAATGAATCCGCAAGC-1	12
beige.day3_GAATGAATCGACGGAA-1	5
beige.day3_GACACGCAGAATGTGT-1	11
beige.day3_GACACGCAGATTACCC-1	10
beige.day3_GACACGCAGCACACAG-1	8
beige.day3_GACACGCAGCAGGCTA-1	12
beige.day3_GACACGCAGCCATCGC-1	8
beige.day3_GACACGCAGCTAAGAT-1	10
beige.day3_GACACGCAGCTGATAA-1	8
beige.day3_GACACGCAGCTTATCG-1	12
beige.day3_GACACGCAGGAGTTTA-1	9
beige.day3_GACACGCAGTACGTTC-1	12
beige.day3_GACACGCAGTACTTGC-1	8
beige.day3_GACACGCAGTGACATA-1	9
beige.day3_GACACGCAGTGTACGG-1	5
beige.day3_GACACGCCACAAGCCC-1	11
beige.day3_GACACGCCACTGTGTA-1	9
beige.day3_GACACGCCATAGTAAG-1	12
beige.day3_GACACGCCATGACATC-1	7
beige.day3_GACACGCGTACACCGC-1	8
beige.day3_GACACGCGTATCTGCA-1	11
beige.day3_GACACGCGTCAATGTC-1	8
beige.day3_GACACGCGTCGAACAG-1	12
beige.day3_GACACGCGTCTAACGT-1	8
beige.day3_GACACGCGTCTCCATC-1	8
beige.day3_GACACGCGTGCCTGCA-1	8
beige.day3_GACACGCGTTCCGTCT-1	8
beige.day3_GACACGCGTTTAAGCC-1	8
beige.day3_GACACGCTCACGCATA-1	8
beige.day3_GACACGCTCAGCATGT-1	9
beige.day3_GACACGCTCCAGAGGA-1	8
beige.day3_GACACGCTCCCAACGG-1	11
beige.day3_GACACGCTCGACAGCC-1	10
beige.day3_GACACGCTCGAGAGCA-1	12
beige.day3_GACACGCTCTCAAGTG-1	10
beige.day3_GACAGAGAGAAACCGC-1	9
beige.day3_GACAGAGAGAGCTGGT-1	8
beige.day3_GACAGAGAGCCGGTAA-1	11
beige.day3_GACAGAGAGCGAGAAA-1	10
beige.day3_GACAGAGAGCGTAGTG-1	7
beige.day3_GACAGAGAGCGTGAAC-1	4
beige.day3_GACAGAGAGGCGCTCT-1	8
beige.day3_GACAGAGAGGGTATCG-1	8
beige.day3_GACAGAGAGTACCGGA-1	12
beige.day3_GACAGAGAGTGAAGAG-1	12
beige.day3_GACAGAGAGTGGACGT-1	9
beige.day3_GACAGAGCAAATTGCC-1	9
beige.day3_GACAGAGCAACGATCT-1	12
beige.day3_GACAGAGCAAGTCTGT-1	9
beige.day3_GACAGAGCACATGGGA-1	11
beige.day3_GACAGAGCACATTTCT-1	12
beige.day3_GACAGAGCAGGAATCG-1	8
beige.day3_GACAGAGCAGGATTGG-1	12
beige.day3_GACAGAGCATGCCACG-1	12
beige.day3_GACAGAGGTACACCGC-1	7
beige.day3_GACAGAGGTAGCGCAA-1	12
beige.day3_GACAGAGGTAGGCATG-1	8
beige.day3_GACAGAGGTCAGGACA-1	11
beige.day3_GACAGAGGTCCATCCT-1	12
beige.day3_GACAGAGGTGGTGTAG-1	10
beige.day3_GACAGAGGTGTGCCTG-1	9
beige.day3_GACAGAGGTTGCGCAC-1	9
beige.day3_GACAGAGTCGACGGAA-1	8
beige.day3_GACAGAGTCTTTAGTC-1	8
beige.day3_GACCAATAGACACTAA-1	8
beige.day3_GACCAATAGACTTTCG-1	12
beige.day3_GACCAATAGCGCCTCA-1	8
beige.day3_GACCAATAGCTAACTC-1	9
beige.day3_GACCAATAGTCCCACG-1	12
beige.day3_GACCAATCAAAGCGGT-1	9
beige.day3_GACCAATCAACGATGG-1	10
beige.day3_GACCAATCAATCAGAA-1	10
beige.day3_GACCAATCAATGTAAG-1	7
beige.day3_GACCAATCAGTGAGTG-1	10
beige.day3_GACCAATGTAATCACC-1	8
beige.day3_GACCAATGTACAGCAG-1	10
beige.day3_GACCAATGTAGCACGA-1	12
beige.day3_GACCAATGTCTAGCCG-1	12
beige.day3_GACCAATGTCTTGTCC-1	12
beige.day3_GACCAATGTTAAGACA-1	8
beige.day3_GACCAATGTTCGCGAC-1	9
beige.day3_GACCAATTCACGCGGT-1	8
beige.day3_GACCAATTCCAGATCA-1	12
beige.day3_GACCAATTCGAGGTAG-1	9
beige.day3_GACCAATTCGCTGATA-1	9
beige.day3_GACCAATTCTAACTGG-1	12
beige.day3_GACCAATTCTTCTGGC-1	10
beige.day3_GACCTGGAGCAACGGT-1	9
beige.day3_GACCTGGAGCTGCAAG-1	7
beige.day3_GACCTGGAGTACACCT-1	9
beige.day3_GACCTGGAGTACTTGC-1	12
beige.day3_GACCTGGAGTTAACGA-1	8
beige.day3_GACCTGGCACACGCTG-1	8
beige.day3_GACCTGGCACCACGTG-1	7
beige.day3_GACCTGGCACGCGAAA-1	8
beige.day3_GACCTGGCACTTAACG-1	10
beige.day3_GACCTGGCATACAGCT-1	8
beige.day3_GACCTGGCATGAGCGA-1	12
beige.day3_GACCTGGCATTCACTT-1	12
beige.day3_GACCTGGGTAAATGTG-1	12
beige.day3_GACCTGGGTACTTGAC-1	12
beige.day3_GACCTGGGTCTGATTG-1	8
beige.day3_GACCTGGGTGCTCTTC-1	12
beige.day3_GACCTGGTCACGACTA-1	12
beige.day3_GACCTGGTCACGCGGT-1	9
beige.day3_GACCTGGTCAGTGCAT-1	12
beige.day3_GACCTGGTCATTATCC-1	8
beige.day3_GACCTGGTCCGTTGTC-1	8
beige.day3_GACCTGGTCGAACTGT-1	12
beige.day3_GACGCGTAGATGCCAG-1	7
beige.day3_GACGCGTAGCCAGTTT-1	11
beige.day3_GACGCGTAGCGTTTAC-1	8
beige.day3_GACGCGTAGCTGTTCA-1	12
beige.day3_GACGCGTAGGAGCGTT-1	8
beige.day3_GACGCGTAGTGTCCCG-1	11
beige.day3_GACGCGTCAAACGTGG-1	5
beige.day3_GACGCGTCAAGGCTCC-1	11
beige.day3_GACGCGTCAGGCGATA-1	8
beige.day3_GACGCGTGTCTCTCGT-1	12
beige.day3_GACGCGTGTGATGATA-1	8
beige.day3_GACGCGTGTGCCTGTG-1	8
beige.day3_GACGCGTGTTACGTCA-1	5
beige.day3_GACGCGTTCAAGATCC-1	8
beige.day3_GACGCGTTCAGGTAAA-1	12
beige.day3_GACGCGTTCCACGACG-1	12
beige.day3_GACGCGTTCCGGGTGT-1	8
beige.day3_GACGCGTTCCTTTCTC-1	1
beige.day3_GACGCGTTCTACTATC-1	8
beige.day3_GACGCGTTCTCGTTTA-1	8
beige.day3_GACGCGTTCTTGAGGT-1	12
beige.day3_GACGGCTAGAAGAAGC-1	10
beige.day3_GACGGCTAGAAGGGTA-1	8
beige.day3_GACGGCTAGAATAGGG-1	7
beige.day3_GACGGCTAGACAATAC-1	12
beige.day3_GACGGCTAGAGTGAGA-1	12
beige.day3_GACGGCTAGCACCGCT-1	8
beige.day3_GACGGCTAGCGTCAAG-1	5
beige.day3_GACGGCTAGGACAGAA-1	7
beige.day3_GACGGCTAGTTATCGC-1	12
beige.day3_GACGGCTCAGGGAGAG-1	10
beige.day3_GACGGCTCATCGATTG-1	12
beige.day3_GACGGCTGTCATCGGC-1	11
beige.day3_GACGGCTGTTAAGTAG-1	10
beige.day3_GACGGCTGTTACCGAT-1	8
beige.day3_GACGGCTGTTCATGGT-1	8
beige.day3_GACGGCTGTTCCACGG-1	5
beige.day3_GACGGCTGTTTCGCTC-1	8
beige.day3_GACGGCTTCAACACTG-1	12
beige.day3_GACGGCTTCAGGATCT-1	12
beige.day3_GACGGCTTCCTCCTAG-1	12
beige.day3_GACGGCTTCCTCGCAT-1	8
beige.day3_GACGGCTTCGACGGAA-1	8
beige.day3_GACGGCTTCGGCATCG-1	12
beige.day3_GACGTGCAGAGGGATA-1	9
beige.day3_GACGTGCAGGGCATGT-1	12
beige.day3_GACGTGCAGTACATGA-1	9
beige.day3_GACGTGCAGTCCGTAT-1	7
beige.day3_GACGTGCAGTGTACCT-1	8
beige.day3_GACGTGCAGTTGTAGA-1	1
beige.day3_GACGTGCCAAGACACG-1	10
beige.day3_GACGTGCCACTAAGTC-1	11
beige.day3_GACGTGCCACTCTGTC-1	5
beige.day3_GACGTGCCAGACAGGT-1	9
beige.day3_GACGTGCCAGACTCGC-1	10
beige.day3_GACGTGCCAGGACCCT-1	10
beige.day3_GACGTGCCATGGAATA-1	1
beige.day3_GACGTGCCATTCTCAT-1	12
beige.day3_GACGTGCCATTTGCCC-1	12
beige.day3_GACGTGCGTCCGTCAG-1	9
beige.day3_GACGTGCGTGACTACT-1	9
beige.day3_GACGTGCGTGTTCTTT-1	9
beige.day3_GACGTGCGTTATGTGC-1	9
beige.day3_GACGTGCGTTGTGGAG-1	12
beige.day3_GACGTGCTCACATAGC-1	7
beige.day3_GACGTGCTCAGTTTGG-1	11
beige.day3_GACGTGCTCCTCGCAT-1	9
beige.day3_GACGTGCTCGTTGACA-1	10
beige.day3_GACGTTAAGATAGCAT-1	10
beige.day3_GACGTTAAGGCTCAGA-1	10
beige.day3_GACGTTAAGTCGTTTG-1	12
beige.day3_GACGTTAAGTTACCCA-1	8
beige.day3_GACGTTACAAACCTAC-1	9
beige.day3_GACGTTACAAGTCTAC-1	9
beige.day3_GACGTTACACCAACCG-1	7
beige.day3_GACGTTACACGGACAA-1	11
beige.day3_GACGTTACATCGGGTC-1	9
beige.day3_GACGTTACATTTCACT-1	10
beige.day3_GACGTTAGTACGAAAT-1	10
beige.day3_GACGTTAGTCATCGGC-1	12
beige.day3_GACGTTAGTTAAGACA-1	12
beige.day3_GACGTTAGTTGTACAC-1	5
beige.day3_GACGTTATCAAGAAGT-1	8
beige.day3_GACGTTATCAGTTCGA-1	8
beige.day3_GACGTTATCGCAAACT-1	6
beige.day3_GACGTTATCTATCCTA-1	8
beige.day3_GACTAACAGCCAACAG-1	11
beige.day3_GACTAACAGCTCCTCT-1	8
beige.day3_GACTAACAGTACATGA-1	8
beige.day3_GACTAACCAAATTGCC-1	8
beige.day3_GACTAACCACTTCTGC-1	12
beige.day3_GACTAACCAGCTGTGC-1	8
beige.day3_GACTAACCAGGATTGG-1	9
beige.day3_GACTAACCATAGGATA-1	7
beige.day3_GACTAACCATATACCG-1	9
beige.day3_GACTAACCATATGGTC-1	12
beige.day3_GACTAACCATGCGCAC-1	8
beige.day3_GACTAACGTAAGGGCT-1	6
beige.day3_GACTAACGTACCGGCT-1	9
beige.day3_GACTAACGTCTAAACC-1	8
beige.day3_GACTAACGTGGACGAT-1	7
beige.day3_GACTAACTCACAATGC-1	11
beige.day3_GACTAACTCACATAGC-1	8
beige.day3_GACTAACTCGCCTGAG-1	7
beige.day3_GACTAACTCGGAGCAA-1	11
beige.day3_GACTAACTCGTTACAG-1	8
beige.day3_GACTAACTCTCAACTT-1	8
beige.day3_GACTACAAGAAGATTC-1	7
beige.day3_GACTACAAGCCATCGC-1	12
beige.day3_GACTACAAGCGAAGGG-1	9
beige.day3_GACTACAAGCGGATCA-1	8
beige.day3_GACTACAAGGACCACA-1	12
beige.day3_GACTACAAGGATGGTC-1	11
beige.day3_GACTACAAGGGAAACA-1	8
beige.day3_GACTACAAGGTGCTAG-1	1
beige.day3_GACTACACAAGCGCTC-1	11
beige.day3_GACTACACAATGGACG-1	8
beige.day3_GACTACACAATGGATA-1	10
beige.day3_GACTACACACATTCGA-1	10
beige.day3_GACTACACACCGCTAG-1	7
beige.day3_GACTACACAGACGCCT-1	8
beige.day3_GACTACAGTAGGACAC-1	12
beige.day3_GACTACAGTGTGGTTT-1	10
beige.day3_GACTACAGTTCCAACA-1	10
beige.day3_GACTACATCAAACAAG-1	7
beige.day3_GACTACATCAACCAAC-1	12
beige.day3_GACTACATCAACGAAA-1	7
beige.day3_GACTACATCAGGCGAA-1	10
beige.day3_GACTGCGAGCGTGTCC-1	11
beige.day3_GACTGCGAGGCAAAGA-1	11
beige.day3_GACTGCGAGGCTCATT-1	11
beige.day3_GACTGCGCACCCTATC-1	8
beige.day3_GACTGCGCACGAAGCA-1	8
beige.day3_GACTGCGCACGGACAA-1	12
beige.day3_GACTGCGCACGGCTAC-1	12
beige.day3_GACTGCGCACTGTGTA-1	11
beige.day3_GACTGCGCATCGGAAG-1	8
beige.day3_GACTGCGGTACAGTTC-1	6
beige.day3_GACTGCGGTCTAGCGC-1	7
beige.day3_GACTGCGGTGCTGTAT-1	12
beige.day3_GACTGCGGTTATGTGC-1	7
beige.day3_GACTGCGGTTATTCTC-1	10
beige.day3_GACTGCGGTTCGTCTC-1	10
beige.day3_GACTGCGGTTTGCATG-1	9
beige.day3_GACTGCGTCCTTTACA-1	6
beige.day3_GACTGCGTCGGCGCTA-1	10
beige.day3_GACTGCGTCTAAGCCA-1	8
beige.day3_GAGCAGAAGAAACCGC-1	12
beige.day3_GAGCAGAAGATAGGAG-1	8
beige.day3_GAGCAGAAGATGGGTC-1	11
beige.day3_GAGCAGAAGCAATCTC-1	7
beige.day3_GAGCAGAAGGAGTTTA-1	12
beige.day3_GAGCAGAAGTACTTGC-1	9
beige.day3_GAGCAGACAACGATCT-1	8
beige.day3_GAGCAGACAGACGCAA-1	8
beige.day3_GAGCAGACAGATGGGT-1	12
beige.day3_GAGCAGACATCGGGTC-1	7
beige.day3_GAGCAGACATTCCTGC-1	8
beige.day3_GAGCAGAGTACGACCC-1	12
beige.day3_GAGCAGAGTAGCCTAT-1	8
beige.day3_GAGCAGAGTCGCATCG-1	10
beige.day3_GAGCAGAGTGCTTCTC-1	11
beige.day3_GAGCAGATCAAACAAG-1	9
beige.day3_GAGCAGATCAACGAAA-1	12
beige.day3_GAGCAGATCCTTTCGG-1	12
beige.day3_GAGGTGAAGACTAGGC-1	8
beige.day3_GAGGTGAAGACTGGGT-1	8
beige.day3_GAGGTGAAGACTTGAA-1	11
beige.day3_GAGGTGAAGGAGTAGA-1	10
beige.day3_GAGGTGAAGGCTCAGA-1	11
beige.day3_GAGGTGAAGTACGTTC-1	9
beige.day3_GAGGTGAAGTCGAGTG-1	9
beige.day3_GAGGTGAAGTGTACCT-1	8
beige.day3_GAGGTGAAGTGTACTC-1	12
beige.day3_GAGGTGAAGTTCGCGC-1	9
beige.day3_GAGGTGACAGCCAGAA-1	11
beige.day3_GAGGTGACATAGGATA-1	8
beige.day3_GAGGTGAGTCATATGC-1	8
beige.day3_GAGGTGAGTCGCGTGT-1	12
beige.day3_GAGGTGAGTGTTAAGA-1	8
beige.day3_GAGGTGAGTTATTCTC-1	8
beige.day3_GAGGTGAGTTGGACCC-1	12
beige.day3_GAGGTGATCCTCAATT-1	11
beige.day3_GAGGTGATCCTTAATC-1	8
beige.day3_GAGGTGATCGGCTACG-1	10
beige.day3_GAGGTGATCTTGTTTG-1	6
beige.day3_GAGTCCGAGAATGTTG-1	11
beige.day3_GAGTCCGAGCATCATC-1	12
beige.day3_GAGTCCGAGCCCAATT-1	12
beige.day3_GAGTCCGAGCTAACAA-1	8
beige.day3_GAGTCCGAGTTCGATC-1	8
beige.day3_GAGTCCGCAAGTAGTA-1	8
beige.day3_GAGTCCGCACAACGCC-1	12
beige.day3_GAGTCCGCACAGACTT-1	11
beige.day3_GAGTCCGCAGATCTGT-1	8
beige.day3_GAGTCCGCAGCCTATA-1	12
beige.day3_GAGTCCGCATACAGCT-1	5
beige.day3_GAGTCCGGTAGAAGGA-1	7
beige.day3_GAGTCCGGTAGGACAC-1	5
beige.day3_GAGTCCGGTCATATGC-1	10
beige.day3_GAGTCCGGTCATTAGC-1	8
beige.day3_GAGTCCGGTCCAGTAT-1	11
beige.day3_GAGTCCGGTCCTCTTG-1	6
beige.day3_GAGTCCGGTGTGACCC-1	10
beige.day3_GAGTCCGTCACGAAGG-1	12
beige.day3_GAGTCCGTCCAGTAGT-1	11
beige.day3_GAGTCCGTCCGTTGTC-1	8
beige.day3_GAGTCCGTCGCTAGCG-1	12
beige.day3_GAGTCCGTCGGCGCAT-1	8
beige.day3_GAGTCCGTCGTGGGAA-1	8
beige.day3_GAGTCCGTCTATGTGG-1	11
beige.day3_GAGTCCGTCTCCCTGA-1	11
beige.day3_GAGTCCGTCTTGTACT-1	10
beige.day3_GATCAGTAGAGCAATT-1	8
beige.day3_GATCAGTAGATCCCAT-1	6
beige.day3_GATCAGTAGCGATGAC-1	9
beige.day3_GATCAGTAGGCTAGGT-1	11
beige.day3_GATCAGTCAAGGACTG-1	8
beige.day3_GATCAGTCACCAGGCT-1	8
beige.day3_GATCAGTCACCGATAT-1	8
beige.day3_GATCAGTCACCTATCC-1	11
beige.day3_GATCAGTCACGGCTAC-1	7
beige.day3_GATCAGTCAGTAAGCG-1	10
beige.day3_GATCAGTCAGTCTTCC-1	8
beige.day3_GATCAGTGTAGCTGCC-1	9
beige.day3_GATCAGTGTAGGAGTC-1	8
beige.day3_GATCAGTGTCTCACCT-1	9
beige.day3_GATCAGTGTGATGTGG-1	11
beige.day3_GATCAGTGTGGAAAGA-1	11
beige.day3_GATCAGTGTTAAGAAC-1	10
beige.day3_GATCAGTGTTCTGGTA-1	8
beige.day3_GATCAGTGTTGTCGCG-1	9
beige.day3_GATCAGTGTTTGTGTG-1	11
beige.day3_GATCAGTTCACTCCTG-1	7
beige.day3_GATCAGTTCAGAGCTT-1	6
beige.day3_GATCAGTTCATCTGCC-1	12
beige.day3_GATCAGTTCCGCATCT-1	10
beige.day3_GATCAGTTCCGTCATC-1	9
beige.day3_GATCAGTTCCTGCCAT-1	6
beige.day3_GATCAGTTCTAAGCCA-1	10
beige.day3_GATCGATAGAATCTCC-1	8
beige.day3_GATCGATAGAGACGAA-1	8
beige.day3_GATCGATAGCTAACTC-1	7
beige.day3_GATCGATAGCTAGCCC-1	10
beige.day3_GATCGATAGGCTCATT-1	11
beige.day3_GATCGATCAATCGAAA-1	9
beige.day3_GATCGATCACCTCGTT-1	12
beige.day3_GATCGATCACGAAACG-1	9
beige.day3_GATCGATCAGAGCCAA-1	8
beige.day3_GATCGATCAGATGGCA-1	8
beige.day3_GATCGATCAGGGAGAG-1	11
beige.day3_GATCGATGTACATGTC-1	8
beige.day3_GATCGATGTCAGGACA-1	8
beige.day3_GATCGATGTCTCTTTA-1	8
beige.day3_GATCGATGTGGCGAAT-1	8
beige.day3_GATCGATGTTAAAGAC-1	12
beige.day3_GATCGATTCAGAAATG-1	8
beige.day3_GATCGATTCCCTGACT-1	7
beige.day3_GATCGATTCCTTGGTC-1	7
beige.day3_GATCGATTCGGCTTGG-1	10
beige.day3_GATCGCGAGAACTCGG-1	8
beige.day3_GATCGCGAGACTAGAT-1	11
beige.day3_GATCGCGAGCTGATAA-1	8
beige.day3_GATCGCGAGGAATTAC-1	11
beige.day3_GATCGCGAGGACACCA-1	8
beige.day3_GATCGCGAGGCTCAGA-1	8
beige.day3_GATCGCGAGTACGCCC-1	11
beige.day3_GATCGCGAGTGTTAGA-1	7
beige.day3_GATCGCGCACCCAGTG-1	9
beige.day3_GATCGCGCACCTCGTT-1	8
beige.day3_GATCGCGCACGAAAGC-1	8
beige.day3_GATCGCGCAGTGAGTG-1	9
beige.day3_GATCGCGCATCCCATC-1	9
beige.day3_GATCGCGGTAGAAAGG-1	8
beige.day3_GATCGCGGTCTCAACA-1	8
beige.day3_GATCGCGTCATATCGG-1	7
beige.day3_GATCGCGTCCGGGTGT-1	12
beige.day3_GATCGCGTCTACCTGC-1	9
beige.day3_GATCGCGTCTTACCGC-1	8
beige.day3_GATCGCGTCTTGTACT-1	11
beige.day3_GATCGTAAGAAACGAG-1	8
beige.day3_GATCGTAAGACTTGAA-1	1
beige.day3_GATCGTAAGATGTGGC-1	12
beige.day3_GATCGTAAGTGGACGT-1	7
beige.day3_GATCGTAAGTTCGCAT-1	11
beige.day3_GATCGTACAATCCGAT-1	9
beige.day3_GATCGTACACCCATGG-1	7
beige.day3_GATCGTACAGTTCATG-1	7
beige.day3_GATCGTACATAGGATA-1	8
beige.day3_GATCGTAGTACGACCC-1	7
beige.day3_GATCGTAGTACGCACC-1	8
beige.day3_GATCGTAGTCTGATTG-1	8
beige.day3_GATCGTAGTTGAACTC-1	12
beige.day3_GATCGTATCAACACCA-1	11
beige.day3_GATCGTATCCCAAGAT-1	12
beige.day3_GATCGTATCCGCATCT-1	12
beige.day3_GATCGTATCGCCTGTT-1	11
beige.day3_GATCGTATCGGATGTT-1	11
beige.day3_GATCGTATCGGCGCAT-1	10
beige.day3_GATCGTATCTGGCGTG-1	12
beige.day3_GATCGTATCTGGTGTA-1	7
beige.day3_GATCTAGAGAAACCAT-1	8
beige.day3_GATCTAGAGACAAGCC-1	10
beige.day3_GATCTAGAGCAACGGT-1	11
beige.day3_GATCTAGAGCCCAGCT-1	9
beige.day3_GATCTAGAGCGTGAGT-1	12
beige.day3_GATCTAGAGCTGAACG-1	8
beige.day3_GATCTAGAGGCCGAAT-1	9
beige.day3_GATCTAGAGGTACTCT-1	11
beige.day3_GATCTAGAGGTGCAAC-1	11
beige.day3_GATCTAGCAAAGCAAT-1	12
beige.day3_GATCTAGCAAAGGTGC-1	5
beige.day3_GATCTAGCAAGCTGAG-1	11
beige.day3_GATCTAGCACAAGCCC-1	11
beige.day3_GATCTAGCACCGGAAA-1	12
beige.day3_GATCTAGCAGGTGGAT-1	11
beige.day3_GATCTAGCATGCTAGT-1	12
beige.day3_GATCTAGGTCCAACTA-1	12
beige.day3_GATCTAGGTGGCTCCA-1	9
beige.day3_GATCTAGGTGTCAATC-1	10
beige.day3_GATCTAGGTTACTGAC-1	6
beige.day3_GATCTAGGTTAGTGGG-1	8
beige.day3_GATCTAGTCAGATAAG-1	8
beige.day3_GATCTAGTCCCAGGTG-1	10
beige.day3_GATCTAGTCTACTATC-1	8
beige.day3_GATCTAGTCTCCCTGA-1	8
beige.day3_GATGAAAAGACGACGT-1	9
beige.day3_GATGAAAAGACTAGGC-1	10
beige.day3_GATGAAAAGATGGGTC-1	7
beige.day3_GATGAAAAGCAAATCA-1	9
beige.day3_GATGAAAAGCCACGTC-1	8
beige.day3_GATGAAAAGTGACTCT-1	7
beige.day3_GATGAAAAGTGGTAGC-1	9
beige.day3_GATGAAACAAGTCTAC-1	7
beige.day3_GATGAAACACACCGCA-1	8
beige.day3_GATGAAACACCAACCG-1	10
beige.day3_GATGAAACACGAAATA-1	6
beige.day3_GATGAAAGTACCAGTT-1	11
beige.day3_GATGAAAGTATAGTAG-1	11
beige.day3_GATGAAAGTGCTTCTC-1	12
beige.day3_GATGAAAGTTATGCGT-1	7
beige.day3_GATGAAATCAATACCG-1	12
beige.day3_GATGAAATCACCAGGC-1	12
beige.day3_GATGAAATCGTCACGG-1	8
beige.day3_GATGAGGAGAACAATC-1	11
beige.day3_GATGAGGAGAATAGGG-1	8
beige.day3_GATGAGGAGAGCCCAA-1	6
beige.day3_GATGAGGAGCTAGTGG-1	12
beige.day3_GATGAGGAGGATGGTC-1	8
beige.day3_GATGAGGAGGTGGGTT-1	7
beige.day3_GATGAGGCAGAAGCAC-1	12
beige.day3_GATGAGGCATTGGTAC-1	9
beige.day3_GATGAGGGTCAAAGCG-1	11
beige.day3_GATGAGGGTCATCGGC-1	8
beige.day3_GATGAGGGTCCAACTA-1	10
beige.day3_GATGAGGGTCGTCTTC-1	8
beige.day3_GATGAGGGTGATAAAC-1	11
beige.day3_GATGAGGGTTGAACTC-1	7
beige.day3_GATGAGGTCATCGCTC-1	8
beige.day3_GATGAGGTCATGTCTT-1	8
beige.day3_GATGAGGTCCTCGCAT-1	9
beige.day3_GATGAGGTCGTGGGAA-1	12
beige.day3_GATGAGGTCTCGTATT-1	5
beige.day3_GATGAGGTCTGACCTC-1	10
beige.day3_GATGAGGTCTGTCTAT-1	12
beige.day3_GATGAGGTCTGTTGAG-1	8
beige.day3_GATGAGGTCTTGAGGT-1	11
beige.day3_GATGCTAAGCCCTAAT-1	8
beige.day3_GATGCTAAGGCGATAC-1	9
beige.day3_GATGCTAAGGGAAACA-1	9
beige.day3_GATGCTAAGTGATCGG-1	8
beige.day3_GATGCTACAGATCGGA-1	10
beige.day3_GATGCTACAGATGAGC-1	8
beige.day3_GATGCTACAGCTATTG-1	7
beige.day3_GATGCTACAGGAATGC-1	9
beige.day3_GATGCTACAGGTGCCT-1	12
beige.day3_GATGCTACATACTACG-1	12
beige.day3_GATGCTAGTAGCGTCC-1	6
beige.day3_GATGCTAGTAGGACAC-1	6
beige.day3_GATGCTAGTCAACATC-1	11
beige.day3_GATGCTAGTCTGCAAT-1	12
beige.day3_GATGCTAGTGACTCAT-1	8
beige.day3_GATGCTAGTGTGACCC-1	8
beige.day3_GATGCTAGTTACCAGT-1	11
beige.day3_GATGCTAGTTCAGGCC-1	11
beige.day3_GATGCTATCATCTGCC-1	7
beige.day3_GATGCTATCATTATCC-1	12
beige.day3_GATGCTATCCCTAACC-1	8
beige.day3_GATGCTATCCGCATAA-1	11
beige.day3_GATGCTATCGAGAGCA-1	8
beige.day3_GATGCTATCGCGATCG-1	9
beige.day3_GATGCTATCGGCTACG-1	8
beige.day3_GATGCTATCTCCCTGA-1	12
beige.day3_GATGCTATCTGTCCGT-1	11
beige.day3_GATGCTATCTTCTGGC-1	11
beige.day3_GATTCAGAGAACAACT-1	8
beige.day3_GATTCAGAGAGAGCTC-1	12
beige.day3_GATTCAGAGCTGTTCA-1	8
beige.day3_GATTCAGCAATAAGCA-1	12
beige.day3_GATTCAGCACCATCCT-1	7
beige.day3_GATTCAGCACCTATCC-1	7
beige.day3_GATTCAGCAGACAGGT-1	10
beige.day3_GATTCAGCAGTATGCT-1	8
beige.day3_GATTCAGGTAAATACG-1	8
beige.day3_GATTCAGGTCTGCCAG-1	8
beige.day3_GATTCAGGTCTTCAAG-1	11
beige.day3_GATTCAGGTGACTCAT-1	11
beige.day3_GATTCAGGTTCATGGT-1	7
beige.day3_GATTCAGGTTCCAACA-1	9
beige.day3_GATTCAGTCACTTATC-1	9
beige.day3_GATTCAGTCCGTCATC-1	9
beige.day3_GATTCAGTCTAACTGG-1	8
beige.day3_GATTCAGTCTAGCACA-1	7
beige.day3_GATTCAGTCTTGTCAT-1	10
beige.day3_GCAAACTAGAAGGTGA-1	8
beige.day3_GCAAACTAGACTAGAT-1	12
beige.day3_GCAAACTAGAGTACCG-1	8
beige.day3_GCAAACTAGCGGATCA-1	3
beige.day3_GCAAACTCAAGACGTG-1	8
beige.day3_GCAAACTCAGCGTAAG-1	7
beige.day3_GCAAACTCAGTCTTCC-1	12
beige.day3_GCAAACTCAGTTCATG-1	9
beige.day3_GCAAACTTCCAAATGC-1	9
beige.day3_GCAAACTTCCGCTGTT-1	8
beige.day3_GCAAACTTCGCGTAGC-1	10
beige.day3_GCAAACTTCGGTGTCG-1	1
beige.day3_GCAAACTTCGTACCGG-1	7
beige.day3_GCAAACTTCTGGTGTA-1	8
beige.day3_GCAATCAAGCCGCCTA-1	9
beige.day3_GCAATCAAGCGATTCT-1	12
beige.day3_GCAATCAAGGAATGGA-1	7
beige.day3_GCAATCAAGGGCTTCC-1	7
beige.day3_GCAATCACAACTGGCC-1	7
beige.day3_GCAATCACAAGCCATT-1	12
beige.day3_GCAATCACACACCGCA-1	9
beige.day3_GCAATCACACCAGCAC-1	10
beige.day3_GCAATCACACGTGAGA-1	12
beige.day3_GCAATCACAGAGTGTG-1	11
beige.day3_GCAATCACATCCGGGT-1	12
beige.day3_GCAATCACATGGGACA-1	12
beige.day3_GCAATCAGTATTCTCT-1	12
beige.day3_GCAATCAGTCGCTTTC-1	12
beige.day3_GCAATCAGTCTTCAAG-1	8
beige.day3_GCAATCAGTGTTGAGG-1	11
beige.day3_GCAATCAGTTAGTGGG-1	12
beige.day3_GCAATCAGTTGGAGGT-1	8
beige.day3_GCAATCATCAAGATCC-1	8
beige.day3_GCAATCATCACAGTAC-1	11
beige.day3_GCAATCATCACTCCTG-1	11
beige.day3_GCAATCATCCTCTAGC-1	8
beige.day3_GCAATCATCGAATCCA-1	11
beige.day3_GCACATAAGAAGGTTT-1	8
beige.day3_GCACATAAGAGTACAT-1	10
beige.day3_GCACATAAGATATGGT-1	10
beige.day3_GCACATACAACGATCT-1	10
beige.day3_GCACATACACAGGCCT-1	11
beige.day3_GCACATACACCGCTAG-1	7
beige.day3_GCACATACAGGAATCG-1	12
beige.day3_GCACATACATTACGAC-1	12
beige.day3_GCACATAGTAATCACC-1	7
beige.day3_GCACATAGTACGACCC-1	11
beige.day3_GCACATAGTCGAGTTT-1	12
beige.day3_GCACATATCAATCTCT-1	11
beige.day3_GCACATATCAGCAACT-1	11
beige.day3_GCACATATCAGGATCT-1	12
beige.day3_GCACATATCCTGCTTG-1	11
beige.day3_GCACATATCGCCCTTA-1	12
beige.day3_GCACATATCGCGCCAA-1	8
beige.day3_GCACATATCGGCGGTT-1	6
beige.day3_GCACATATCTGATACG-1	7
beige.day3_GCACTCTAGGCGATAC-1	12
beige.day3_GCACTCTAGGCTACGA-1	12
beige.day3_GCACTCTAGTACCGGA-1	8
beige.day3_GCACTCTCAAACCTAC-1	8
beige.day3_GCACTCTCAACGATGG-1	8
beige.day3_GCACTCTCACCCATGG-1	9
beige.day3_GCACTCTCAGTAACGG-1	8
beige.day3_GCACTCTCAGTGGAGT-1	7
beige.day3_GCACTCTGTAAGGATT-1	12
beige.day3_GCACTCTGTCACCCAG-1	11
beige.day3_GCACTCTGTCTCCCTA-1	7
beige.day3_GCACTCTGTGATAAAC-1	12
beige.day3_GCACTCTGTTAAGAAC-1	9
beige.day3_GCACTCTTCACATAGC-1	12
beige.day3_GCACTCTTCATAGCAC-1	10
beige.day3_GCACTCTTCCGATATG-1	5
beige.day3_GCACTCTTCGATCCCT-1	8
beige.day3_GCACTCTTCTACCTGC-1	9
beige.day3_GCACTCTTCTCTAAGG-1	12
beige.day3_GCACTCTTCTCTGAGA-1	8
beige.day3_GCAGCCAAGGACATTA-1	8
beige.day3_GCAGCCAAGGATGGTC-1	7
beige.day3_GCAGCCAAGGGCTCTC-1	8
beige.day3_GCAGCCAAGTGCCAGA-1	11
beige.day3_GCAGCCAAGTTAAGTG-1	8
beige.day3_GCAGCCACAAGACGTG-1	7
beige.day3_GCAGCCACAAGTTGTC-1	12
beige.day3_GCAGCCACAATGAATG-1	12
beige.day3_GCAGCCACACAGTCGC-1	3
beige.day3_GCAGCCACACATGTGT-1	11
beige.day3_GCAGCCACACCAGTTA-1	12
beige.day3_GCAGCCAGTACCGGCT-1	7
beige.day3_GCAGCCAGTATAGTAG-1	10
beige.day3_GCAGCCAGTCAATGTC-1	7
beige.day3_GCAGCCAGTCCGAACC-1	12
beige.day3_GCAGCCAGTCCGTTAA-1	7
beige.day3_GCAGCCAGTGAGCGAT-1	6
beige.day3_GCAGCCAGTGGAAAGA-1	10
beige.day3_GCAGCCAGTTGTTTGG-1	12
beige.day3_GCAGCCATCACCACCT-1	9
beige.day3_GCAGCCATCACGGTTA-1	12
beige.day3_GCAGCCATCATATCGG-1	11
beige.day3_GCAGCCATCATGCATG-1	10
beige.day3_GCAGCCATCCAAGTAC-1	12
beige.day3_GCAGCCATCCTGTAGA-1	6
beige.day3_GCAGTTAAGAACAATC-1	11
beige.day3_GCAGTTAAGAAGGCCT-1	7
beige.day3_GCAGTTAAGACTTGAA-1	9
beige.day3_GCAGTTAAGATGGCGT-1	8
beige.day3_GCAGTTAAGCGTTTAC-1	12
beige.day3_GCAGTTAAGGGAGTAA-1	8
beige.day3_GCAGTTAAGGTCGGAT-1	12
beige.day3_GCAGTTAAGGTGCTAG-1	12
beige.day3_GCAGTTACACCTCGTT-1	12
beige.day3_GCAGTTACACTCAGGC-1	11
beige.day3_GCAGTTACACTTGGAT-1	11
beige.day3_GCAGTTACAGACGCTC-1	8
beige.day3_GCAGTTACATATGAGA-1	10
beige.day3_GCAGTTACATGGGACA-1	8
beige.day3_GCAGTTACATTACCTT-1	7
beige.day3_GCAGTTACATTTGCCC-1	8
beige.day3_GCAGTTAGTAGCGCAA-1	11
beige.day3_GCAGTTAGTCGCATAT-1	8
beige.day3_GCAGTTATCAACGAAA-1	10
beige.day3_GCAGTTATCACGATGT-1	10
beige.day3_GCAGTTATCCGCTGTT-1	8
beige.day3_GCAGTTATCGGCATCG-1	8
beige.day3_GCAGTTATCGGCTTGG-1	6
beige.day3_GCAGTTATCTACCAGA-1	11
beige.day3_GCAGTTATCTCTTATG-1	9
beige.day3_GCAGTTATCTTGCCGT-1	10
beige.day3_GCATACAAGAAGGTGA-1	11
beige.day3_GCATACAAGACTTTCG-1	9
beige.day3_GCATACAAGCACACAG-1	12
beige.day3_GCATACAAGGAATCGC-1	7
beige.day3_GCATACAAGGTGCTTT-1	11
beige.day3_GCATACAAGTACGTTC-1	9
beige.day3_GCATACACAAGCCATT-1	8
beige.day3_GCATACACACTAGTAC-1	9
beige.day3_GCATACACAGTAAGAT-1	10
beige.day3_GCATACACATCACCCT-1	8
beige.day3_GCATACAGTAGCGTAG-1	8
beige.day3_GCATACAGTCCAGTTA-1	9
beige.day3_GCATACAGTCTCACCT-1	7
beige.day3_GCATACAGTGTTCTTT-1	7
beige.day3_GCATACAGTTAGGGTG-1	12
beige.day3_GCATACATCAAACCGT-1	7
beige.day3_GCATACATCACGGTTA-1	8
beige.day3_GCATACATCCGCATCT-1	10
beige.day3_GCATACATCTGTACGA-1	8
beige.day3_GCATGATAGAAACCTA-1	10
beige.day3_GCATGATAGATCTGAA-1	10
beige.day3_GCATGATAGCACAGGT-1	9
beige.day3_GCATGATAGTAGCCGA-1	12
beige.day3_GCATGATCACATCCGG-1	9
beige.day3_GCATGATCACATTAGC-1	8
beige.day3_GCATGATCAGATCCAT-1	10
beige.day3_GCATGATCAGGCGATA-1	6
beige.day3_GCATGATCAGGTTTCA-1	11
beige.day3_GCATGATCATAGACTC-1	12
beige.day3_GCATGATGTCCGAACC-1	8
beige.day3_GCATGATGTCGCTTTC-1	5
beige.day3_GCATGATGTCGTTGTA-1	9
beige.day3_GCATGATGTTAGAACA-1	12
beige.day3_GCATGATGTTAGGGTG-1	8
beige.day3_GCATGATTCACGACTA-1	6
beige.day3_GCATGATTCAGCCTAA-1	9
beige.day3_GCATGCGAGACGCAAC-1	12
beige.day3_GCATGCGAGACTTGAA-1	8
beige.day3_GCATGCGAGAGCTTCT-1	8
beige.day3_GCATGCGAGGTGACCA-1	9
beige.day3_GCATGCGCAAGACACG-1	6
beige.day3_GCATGCGCAAGTAATG-1	11
beige.day3_GCATGCGCAATGGAGC-1	11
beige.day3_GCATGCGCAGCGAACA-1	8
beige.day3_GCATGCGCAGGCAGTA-1	8
beige.day3_GCATGCGCATGAGCGA-1	8
beige.day3_GCATGCGCATGGTAGG-1	11
beige.day3_GCATGCGGTAGCTGCC-1	11
beige.day3_GCATGCGGTGCAACTT-1	9
beige.day3_GCATGCGGTGGCTCCA-1	11
beige.day3_GCATGCGGTTCACCTC-1	12
beige.day3_GCATGCGGTTTAGGAA-1	12
beige.day3_GCATGCGGTTTGTTTC-1	12
beige.day3_GCATGCGTCACTGGGC-1	8
beige.day3_GCATGTAAGAAGCCCA-1	8
beige.day3_GCATGTAAGTCTTGCA-1	8
beige.day3_GCATGTAAGTTAACGA-1	12
beige.day3_GCATGTACACAGCCCA-1	8
beige.day3_GCATGTAGTAATTGGA-1	8
beige.day3_GCATGTAGTAGAGGAA-1	8
beige.day3_GCATGTAGTCTAACGT-1	12
beige.day3_GCATGTAGTCTCTCGT-1	8
beige.day3_GCATGTAGTGAAGGCT-1	8
beige.day3_GCATGTAGTGGCGAAT-1	10
beige.day3_GCATGTAGTTCGGCAC-1	12
beige.day3_GCATGTAGTTTAAGCC-1	8
beige.day3_GCATGTATCAACACTG-1	7
beige.day3_GCATGTATCCGCATCT-1	8
beige.day3_GCATGTATCCTGCAGG-1	8
beige.day3_GCATGTATCGAGAACG-1	11
beige.day3_GCATGTATCGTTGCCT-1	11
beige.day3_GCATGTATCTGCTGTC-1	8
beige.day3_GCATGTATCTTCATGT-1	12
beige.day3_GCCAAATAGAAGGTGA-1	7
beige.day3_GCCAAATAGACTCGGA-1	8
beige.day3_GCCAAATAGCCGTCGT-1	12
beige.day3_GCCAAATAGGACACCA-1	8
beige.day3_GCCAAATAGGCTCATT-1	11
beige.day3_GCCAAATAGTCCGGTC-1	8
beige.day3_GCCAAATAGTGAACGC-1	11
beige.day3_GCCAAATAGTTCGCGC-1	12
beige.day3_GCCAAATCAAAGTCAA-1	12
beige.day3_GCCAAATCAAATCCGT-1	11
beige.day3_GCCAAATCAAGAGTCG-1	10
beige.day3_GCCAAATCAAGCTGTT-1	10
beige.day3_GCCAAATCAGCATGAG-1	8
beige.day3_GCCAAATCAGGGTTAG-1	11
beige.day3_GCCAAATCAGGTCTCG-1	12
beige.day3_GCCAAATCATCCGCGA-1	7
beige.day3_GCCAAATGTCAATACC-1	8
beige.day3_GCCAAATGTCACAAGG-1	11
beige.day3_GCCAAATGTGGCCCTA-1	9
beige.day3_GCCAAATGTTAGAACA-1	8
beige.day3_GCCAAATGTTCAGGCC-1	11
beige.day3_GCCAAATGTTGACGTT-1	7
beige.day3_GCCAAATTCAAGAAGT-1	8
beige.day3_GCCAAATTCACCGGGT-1	7
beige.day3_GCCAAATTCACTATTC-1	11
beige.day3_GCCAAATTCATCGATG-1	9
beige.day3_GCCAAATTCGCTAGCG-1	8
beige.day3_GCCAAATTCGTGACAT-1	6
beige.day3_GCCTCTAAGCCACGCT-1	11
beige.day3_GCCTCTAAGCCTATGT-1	9
beige.day3_GCCTCTAAGCGTCTAT-1	7
beige.day3_GCCTCTAAGGACACCA-1	7
beige.day3_GCCTCTAAGTACGCCC-1	8
beige.day3_GCCTCTAAGTACGTAA-1	10
beige.day3_GCCTCTAAGTTACGGG-1	7
beige.day3_GCCTCTACAATCAGAA-1	8
beige.day3_GCCTCTACACCGAATT-1	7
beige.day3_GCCTCTACAGATGGGT-1	8
beige.day3_GCCTCTACAGGGTTAG-1	9
beige.day3_GCCTCTAGTAACGTTC-1	12
beige.day3_GCCTCTAGTAGAAGGA-1	8
beige.day3_GCCTCTAGTATCTGCA-1	7
beige.day3_GCCTCTAGTCCAGTAT-1	9
beige.day3_GCCTCTAGTCCCGACA-1	8
beige.day3_GCCTCTAGTCGCGAAA-1	7
beige.day3_GCCTCTAGTGAGGGTT-1	7
beige.day3_GCCTCTAGTGCAACGA-1	8
beige.day3_GCCTCTAGTGTGGTTT-1	8
beige.day3_GCCTCTAGTTACTGAC-1	8
beige.day3_GCCTCTATCATATCGG-1	8
beige.day3_GCCTCTATCCGAATGT-1	9
beige.day3_GCCTCTATCCGGCACA-1	8
beige.day3_GCGACCAAGACCTAGG-1	8
beige.day3_GCGACCAAGATCCGAG-1	8
beige.day3_GCGACCAAGCCAGGAT-1	7
beige.day3_GCGACCAAGGTGATAT-1	8
beige.day3_GCGACCAAGTAGCCGA-1	8
beige.day3_GCGACCAAGTAGCGGT-1	10
beige.day3_GCGACCAAGTCTTGCA-1	8
beige.day3_GCGACCACAACACCCG-1	9
beige.day3_GCGACCACAATTCCTT-1	11
beige.day3_GCGACCACACATCCGG-1	11
beige.day3_GCGACCACACGGTAAG-1	10
beige.day3_GCGACCACAGGGTACA-1	11
beige.day3_GCGACCACATCACGAT-1	12
beige.day3_GCGACCACATCGTCGG-1	8
beige.day3_GCGACCACATGAAGTA-1	12
beige.day3_GCGACCACATGCGCAC-1	7
beige.day3_GCGACCAGTAATCACC-1	12
beige.day3_GCGACCAGTATCACCA-1	12
beige.day3_GCGACCAGTCCGAAGA-1	8
beige.day3_GCGACCAGTTACCAGT-1	8
beige.day3_GCGACCAGTTTGCATG-1	5
beige.day3_GCGACCAGTTTGGGCC-1	7
beige.day3_GCGACCATCGCTTGTC-1	8
beige.day3_GCGACCATCGGAGCAA-1	7
beige.day3_GCGACCATCGTGGACC-1	10
beige.day3_GCGACCATCTGTTGAG-1	10
beige.day3_GCGACCATCTGTTTGT-1	8
beige.day3_GCGAGAAAGACTACAA-1	12
beige.day3_GCGAGAAAGAGGTACC-1	8
beige.day3_GCGAGAAAGCCGATTT-1	12
beige.day3_GCGAGAAAGCCGGTAA-1	8
beige.day3_GCGAGAAAGCTGAAAT-1	10
beige.day3_GCGAGAAAGGTGCACA-1	8
beige.day3_GCGAGAAAGTGTTGAA-1	8
beige.day3_GCGAGAAAGTTGTCGT-1	12
beige.day3_GCGAGAACAACTGCTA-1	9
beige.day3_GCGAGAACAAGCGTAG-1	8
beige.day3_GCGAGAACAATGCCAT-1	12
beige.day3_GCGAGAACACAGACAG-1	8
beige.day3_GCGAGAACAGCTGTGC-1	9
beige.day3_GCGAGAAGTCACAAGG-1	11
beige.day3_GCGAGAAGTCCGACGT-1	8
beige.day3_GCGAGAAGTGCAACGA-1	12
beige.day3_GCGAGAAGTGTTTGGT-1	12
beige.day3_GCGAGAAGTTAAGATG-1	12
beige.day3_GCGAGAAGTTCCGTCT-1	10
beige.day3_GCGAGAAGTTGTTTGG-1	9
beige.day3_GCGAGAATCCTCAACC-1	8
beige.day3_GCGAGAATCGCAGGCT-1	8
beige.day3_GCGAGAATCTCGGACG-1	8
beige.day3_GCGAGAATCTTAACCT-1	9
beige.day3_GCGAGAATCTTGAGGT-1	8
beige.day3_GCGCAACAGAAAGTGG-1	8
beige.day3_GCGCAACAGACGCACA-1	9
beige.day3_GCGCAACAGACTACAA-1	8
beige.day3_GCGCAACAGATCCCAT-1	7
beige.day3_GCGCAACAGTCGTACT-1	12
beige.day3_GCGCAACCAAAGGAAG-1	10
beige.day3_GCGCAACCAAGGTGTG-1	11
beige.day3_GCGCAACCACCCATGG-1	10
beige.day3_GCGCAACCAGTATCTG-1	10
beige.day3_GCGCAACCATGCATGT-1	8
beige.day3_GCGCAACCATGCCTTC-1	12
beige.day3_GCGCAACGTACCTACA-1	11
beige.day3_GCGCAACGTCAAAGAT-1	9
beige.day3_GCGCAACGTCCTAGCG-1	12
beige.day3_GCGCAACGTCTGCAAT-1	7
beige.day3_GCGCAACGTGCATCTA-1	11
beige.day3_GCGCAACGTGTCTGAT-1	12
beige.day3_GCGCAACTCCACGTTC-1	11
beige.day3_GCGCAACTCCCAAGTA-1	8
beige.day3_GCGCAACTCCCTTGCA-1	8
beige.day3_GCGCAGTAGAGGGATA-1	11
beige.day3_GCGCAGTAGGCTCATT-1	8
beige.day3_GCGCAGTAGTCCGGTC-1	9
beige.day3_GCGCAGTAGTGCGATG-1	11
beige.day3_GCGCAGTAGTGTACTC-1	12
beige.day3_GCGCAGTAGTGTTTGC-1	8
beige.day3_GCGCAGTCAAACTGCT-1	8
beige.day3_GCGCAGTCAAGTTCTG-1	9
beige.day3_GCGCAGTCAATCCAAC-1	10
beige.day3_GCGCAGTCATAAAGGT-1	9
beige.day3_GCGCAGTCATCTGGTA-1	7
beige.day3_GCGCAGTCATTACCTT-1	9
beige.day3_GCGCAGTGTACCATCA-1	12
beige.day3_GCGCAGTGTAGCCTAT-1	12
beige.day3_GCGCAGTGTTATGTGC-1	10
beige.day3_GCGCAGTGTTCAGTAC-1	8
beige.day3_GCGCAGTGTTCGTCTC-1	8
beige.day3_GCGCAGTGTTGGAGGT-1	10
beige.day3_GCGCAGTTCAAACGGG-1	8
beige.day3_GCGCAGTTCCACGCAG-1	8
beige.day3_GCGCAGTTCCACTCCA-1	10
beige.day3_GCGCAGTTCCGCGCAA-1	12
beige.day3_GCGCAGTTCCGTCAAA-1	6
beige.day3_GCGCAGTTCGAATCCA-1	12
beige.day3_GCGCAGTTCGAGAACG-1	8
beige.day3_GCGCAGTTCGTAGGAG-1	8
beige.day3_GCGCAGTTCTAACCGA-1	8
beige.day3_GCGCAGTTCTCTGTCG-1	7
beige.day3_GCGCCAAAGAATCTCC-1	9
beige.day3_GCGCCAAAGAGACTTA-1	8
beige.day3_GCGCCAAAGCTGTCTA-1	12
beige.day3_GCGCCAAAGGTAGCTG-1	8
beige.day3_GCGCCAAAGTCACGCC-1	8
beige.day3_GCGCCAAAGTGCAAGC-1	8
beige.day3_GCGCCAACAAACCCAT-1	7
beige.day3_GCGCCAACAAGTTCTG-1	9
beige.day3_GCGCCAACACAGACAG-1	12
beige.day3_GCGCCAACAGCAGTTT-1	9
beige.day3_GCGCCAACAGCCTTGG-1	8
beige.day3_GCGCCAACAGTCGATT-1	9
beige.day3_GCGCCAACATCACAAC-1	11
beige.day3_GCGCCAACATTAACCG-1	12
beige.day3_GCGCCAAGTAACGTTC-1	7
beige.day3_GCGCCAAGTACTCTCC-1	8
beige.day3_GCGCCAAGTGCGATAG-1	11
beige.day3_GCGCCAAGTGTTCGAT-1	7
beige.day3_GCGCCAAGTTACGGAG-1	8
beige.day3_GCGCCAATCGGCCGAT-1	6
beige.day3_GCGCCAATCTCTTATG-1	11
beige.day3_GCGCGATAGAGCTTCT-1	9
beige.day3_GCGCGATAGATGTCGG-1	6
beige.day3_GCGCGATAGCGAAGGG-1	12
beige.day3_GCGCGATAGGCACATG-1	7
beige.day3_GCGCGATAGGTGCTAG-1	8
beige.day3_GCGCGATAGTACACCT-1	7
beige.day3_GCGCGATAGTTTAGGA-1	8
beige.day3_GCGCGATAGTTTCCTT-1	3
beige.day3_GCGCGATCACCAGTTA-1	11
beige.day3_GCGCGATCATAAGACA-1	9
beige.day3_GCGCGATCATACCATG-1	8
beige.day3_GCGCGATCATGCCACG-1	8
beige.day3_GCGCGATCATGTAAGA-1	7
beige.day3_GCGCGATGTCCGTTAA-1	7
beige.day3_GCGCGATGTGGGTATG-1	8
beige.day3_GCGCGATGTTCTGTTT-1	8
beige.day3_GCGCGATGTTGATTCG-1	9
beige.day3_GCGCGATTCAGCGACC-1	10
beige.day3_GCGCGATTCAGCTCGG-1	10
beige.day3_GCGCGATTCAGCTTAG-1	12
beige.day3_GCGCGATTCAGTTAGC-1	9
beige.day3_GCGCGATTCCCTGACT-1	7
beige.day3_GCGCGATTCCTAGGGC-1	11
beige.day3_GCGCGATTCGCTTAGA-1	12
beige.day3_GCGCGATTCTCGTATT-1	7
beige.day3_GCGGGTTAGAGGTTAT-1	11
beige.day3_GCGGGTTAGAGTACAT-1	8
beige.day3_GCGGGTTAGATCTGAA-1	12
beige.day3_GCGGGTTAGCGATGAC-1	10
beige.day3_GCGGGTTAGGATGCGT-1	11
beige.day3_GCGGGTTAGTGGACGT-1	12
beige.day3_GCGGGTTAGTGGTAGC-1	1
beige.day3_GCGGGTTCAAGAAGAG-1	8
beige.day3_GCGGGTTCACCGCTAG-1	12
beige.day3_GCGGGTTCAGTAGAGC-1	11
beige.day3_GCGGGTTCATCCGGGT-1	11
beige.day3_GCGGGTTCATCCTTGC-1	9
beige.day3_GCGGGTTGTAAGGATT-1	9
beige.day3_GCGGGTTGTCGAACAG-1	12
beige.day3_GCGGGTTGTCGCGGTT-1	7
beige.day3_GCGGGTTGTGATAAAC-1	12
beige.day3_GCGGGTTGTGATGCCC-1	12
beige.day3_GCGGGTTGTGGTACAG-1	12
beige.day3_GCGGGTTGTGTTGGGA-1	8
beige.day3_GCGGGTTGTTAAGTAG-1	7
beige.day3_GCGGGTTGTTCACGGC-1	9
beige.day3_GCGGGTTGTTCAGTAC-1	10
beige.day3_GCGGGTTGTTTAAGCC-1	12
beige.day3_GCGGGTTTCAACACTG-1	8
beige.day3_GCGGGTTTCCAATGGT-1	9
beige.day3_GCGGGTTTCCGGGTGT-1	12
beige.day3_GCGGGTTTCGCGATCG-1	12
beige.day3_GCGGGTTTCGTGGTCG-1	9
beige.day3_GCGGGTTTCTACCAGA-1	10
beige.day3_GCGGGTTTCTTCGGTC-1	9
beige.day3_GCGGGTTTCTTTCCTC-1	8
beige.day3_GCTCCTAAGCTTATCG-1	7
beige.day3_GCTCCTAAGTACGCCC-1	9
beige.day3_GCTCCTAAGTCGTTTG-1	9
beige.day3_GCTCCTAAGTGCCATT-1	8
beige.day3_GCTCCTAAGTGGGCTA-1	7
beige.day3_GCTCCTACAACTTGAC-1	8
beige.day3_GCTCCTACAAGCCGCT-1	8
beige.day3_GCTCCTACAATGCCAT-1	11
beige.day3_GCTCCTACAGCCTGTG-1	7
beige.day3_GCTCCTACAGGGCATA-1	7
beige.day3_GCTCCTACAGTCAGAG-1	10
beige.day3_GCTCCTACATAGACTC-1	8
beige.day3_GCTCCTAGTAGCGATG-1	10
beige.day3_GCTCCTAGTATGGTTC-1	8
beige.day3_GCTCCTAGTCTTCAAG-1	7
beige.day3_GCTCCTAGTGCACCAC-1	9
beige.day3_GCTCCTAGTTACAGAA-1	11
beige.day3_GCTCCTATCACCCGAG-1	10
beige.day3_GCTCCTATCACGCGGT-1	9
beige.day3_GCTCCTATCAGCTGGC-1	12
beige.day3_GCTCCTATCCGCGTTT-1	8
beige.day3_GCTCCTATCGCTTAGA-1	5
beige.day3_GCTCTGTAGATCACGG-1	11
beige.day3_GCTCTGTAGCGTTGCC-1	7
beige.day3_GCTCTGTAGGCAGTCA-1	10
beige.day3_GCTCTGTAGGCGTACA-1	6
beige.day3_GCTCTGTAGTCGTACT-1	12
beige.day3_GCTCTGTAGTGTTAGA-1	9
beige.day3_GCTCTGTCAACAACCT-1	8
beige.day3_GCTCTGTCAACGATCT-1	12
beige.day3_GCTCTGTCAAGACGTG-1	8
beige.day3_GCTCTGTCAATACGCT-1	8
beige.day3_GCTCTGTCACTGTTAG-1	10
beige.day3_GCTCTGTCAGCATACT-1	12
beige.day3_GCTCTGTCATATACCG-1	10
beige.day3_GCTCTGTCATGGTCTA-1	8
beige.day3_GCTCTGTCATTTGCCC-1	6
beige.day3_GCTCTGTGTACAGACG-1	8
beige.day3_GCTCTGTGTGACCAAG-1	7
beige.day3_GCTCTGTGTTCGAATC-1	8
beige.day3_GCTCTGTGTTGTGGAG-1	7
beige.day3_GCTCTGTTCATGTCCC-1	8
beige.day3_GCTCTGTTCCTGCAGG-1	8
beige.day3_GCTCTGTTCGAACGGA-1	9
beige.day3_GCTCTGTTCGACGGAA-1	7
beige.day3_GCTCTGTTCGTAGGTT-1	8
beige.day3_GCTGCAGAGCAGACTG-1	11
beige.day3_GCTGCAGAGCTAGCCC-1	10
beige.day3_GCTGCAGAGCTGTTCA-1	11
beige.day3_GCTGCAGAGTAGGTGC-1	10
beige.day3_GCTGCAGAGTAGTGCG-1	8
beige.day3_GCTGCAGCAATAGCAA-1	9
beige.day3_GCTGCAGCACCGATAT-1	12
beige.day3_GCTGCAGCACCTCGGA-1	8
beige.day3_GCTGCAGCACTCTGTC-1	10
beige.day3_GCTGCAGCATAAGACA-1	12
beige.day3_GCTGCAGCATGCCCGA-1	8
beige.day3_GCTGCAGCATTGGTAC-1	12
beige.day3_GCTGCAGGTACCGTTA-1	8
beige.day3_GCTGCAGGTAGCACGA-1	12
beige.day3_GCTGCAGGTATTAGCC-1	10
beige.day3_GCTGCAGGTCGACTGC-1	8
beige.day3_GCTGCAGGTGAACCTT-1	12
beige.day3_GCTGCAGGTGAGCGAT-1	8
beige.day3_GCTGCAGTCCAGATCA-1	12
beige.day3_GCTGCAGTCCTTGACC-1	11
beige.day3_GCTGCAGTCGGTGTCG-1	10
beige.day3_GCTGCAGTCTGCGTAA-1	9
beige.day3_GCTGCAGTCTGGCGTG-1	12
beige.day3_GCTGCAGTCTGGTTCC-1	8
beige.day3_GCTGCGAAGCTAACTC-1	12
beige.day3_GCTGCGAAGTCGTTTG-1	8
beige.day3_GCTGCGAAGTGGGTTG-1	7
beige.day3_GCTGCGAAGTTACGGG-1	8
beige.day3_GCTGCGACAAACCTAC-1	9
beige.day3_GCTGCGACAAGACGTG-1	7
beige.day3_GCTGCGACACCAACCG-1	8
beige.day3_GCTGCGACACGAAAGC-1	9
beige.day3_GCTGCGACACTGCCAG-1	7
beige.day3_GCTGCGACAGCGTAAG-1	11
beige.day3_GCTGCGACATCCTAGA-1	12
beige.day3_GCTGCGACATCTACGA-1	7
beige.day3_GCTGCGAGTAAAGGAG-1	10
beige.day3_GCTGCGAGTAGGAGTC-1	8
beige.day3_GCTGCGAGTCATATCG-1	12
beige.day3_GCTGCGAGTCCGAACC-1	9
beige.day3_GCTGCGAGTGTAATGA-1	12
beige.day3_GCTGCGAGTTCGCGAC-1	8
beige.day3_GCTGCGAGTTGTGGAG-1	11
beige.day3_GCTGCGATCAATCTCT-1	8
beige.day3_GCTGCGATCAGAGGTG-1	12
beige.day3_GCTGCGATCAGGCGAA-1	10
beige.day3_GCTGCGATCCGCGTTT-1	7
beige.day3_GCTGCGATCCTTAATC-1	9
beige.day3_GCTGCGATCGAATCCA-1	12
beige.day3_GCTGCGATCGTGGACC-1	11
beige.day3_GCTGCGATCTAACTGG-1	9
beige.day3_GCTGCTTAGAATGTGT-1	12
beige.day3_GCTGCTTAGCCAGAAC-1	9
beige.day3_GCTGCTTAGGATCGCA-1	10
beige.day3_GCTGCTTAGTCAAGGC-1	12
beige.day3_GCTGCTTAGTCGCCGT-1	10
beige.day3_GCTGCTTCACTGTTAG-1	7
beige.day3_GCTGCTTCAGATCCAT-1	8
beige.day3_GCTGCTTCAGCTGCTG-1	8
beige.day3_GCTGCTTGTAAGAGAG-1	10
beige.day3_GCTGCTTGTAGTGAAT-1	11
beige.day3_GCTGCTTGTATGGTTC-1	12
beige.day3_GCTGCTTGTCAAACTC-1	11
beige.day3_GCTGCTTGTCTCACCT-1	11
beige.day3_GCTGCTTGTGACTACT-1	9
beige.day3_GCTGCTTGTGCATCTA-1	8
beige.day3_GCTGCTTTCCTATTCA-1	7
beige.day3_GCTGCTTTCGACCAGC-1	9
beige.day3_GCTGCTTTCGGACAAG-1	8
beige.day3_GCTGCTTTCTAACGGT-1	11
beige.day3_GCTGCTTTCTACCAGA-1	8
beige.day3_GCTGCTTTCTGGGCCA-1	12
beige.day3_GCTGGGTAGACATAAC-1	5
beige.day3_GCTGGGTAGAGACTAT-1	10
beige.day3_GCTGGGTAGGACATTA-1	11
beige.day3_GCTGGGTAGGCTAGAC-1	11
beige.day3_GCTGGGTAGTGTACTC-1	11
beige.day3_GCTGGGTCAAGAAGAG-1	7
beige.day3_GCTGGGTCAAGTTAAG-1	7
beige.day3_GCTGGGTCAATGAATG-1	11
beige.day3_GCTGGGTCACATGACT-1	9
beige.day3_GCTGGGTCACTGTTAG-1	9
beige.day3_GCTGGGTCAGGGAGAG-1	7
beige.day3_GCTGGGTCATCAGTAC-1	12
beige.day3_GCTGGGTCATCAGTCA-1	9
beige.day3_GCTGGGTCATCCGGGT-1	8
beige.day3_GCTGGGTGTACGCACC-1	3
beige.day3_GCTGGGTGTAGCGTAG-1	8
beige.day3_GCTGGGTGTATAGGGC-1	10
beige.day3_GCTGGGTGTGCTTCTC-1	12
beige.day3_GCTGGGTGTGGTACAG-1	9
beige.day3_GCTGGGTGTGGTCTCG-1	12
beige.day3_GCTGGGTGTTACAGAA-1	8
beige.day3_GCTGGGTGTTCGCTAA-1	12
beige.day3_GCTGGGTGTTCGGCAC-1	12
beige.day3_GCTGGGTTCAGGATCT-1	11
beige.day3_GCTGGGTTCAGTGCAT-1	9
beige.day3_GCTGGGTTCATCGATG-1	11
beige.day3_GCTGGGTTCGTCCAGG-1	8
beige.day3_GCTGGGTTCTATGTGG-1	8
beige.day3_GCTGGGTTCTCAACTT-1	11
beige.day3_GCTGGGTTCTCATTCA-1	9
beige.day3_GCTGGGTTCTTGCAAG-1	9
beige.day3_GCTTCCAAGATGTGTA-1	9
beige.day3_GCTTCCAAGCATGGCA-1	8
beige.day3_GCTTCCAAGCGCCTTG-1	7
beige.day3_GCTTCCAAGCTCAACT-1	11
beige.day3_GCTTCCAAGGCGTACA-1	6
beige.day3_GCTTCCAAGGGTCTCC-1	6
beige.day3_GCTTCCAAGTGTACGG-1	10
beige.day3_GCTTCCACAAGCTGGA-1	8
beige.day3_GCTTCCACAAGTCATC-1	8
beige.day3_GCTTCCACACAGACAG-1	8
beige.day3_GCTTCCACACCATGTA-1	8
beige.day3_GCTTCCACACGTCTCT-1	9
beige.day3_GCTTCCACACGTGAGA-1	8
beige.day3_GCTTCCACAGCGAACA-1	10
beige.day3_GCTTCCACAGGACCCT-1	9
beige.day3_GCTTCCACATTCTTAC-1	11
beige.day3_GCTTCCAGTCCAAGTT-1	12
beige.day3_GCTTCCAGTGCCTGGT-1	9
beige.day3_GCTTCCAGTGTGACCC-1	9
beige.day3_GCTTCCAGTTAGATGA-1	10
beige.day3_GCTTCCAGTTCCATGA-1	12
beige.day3_GCTTCCAGTTGTCTTT-1	9
beige.day3_GCTTCCATCACAGGCC-1	8
beige.day3_GCTTCCATCAGTGTTG-1	9
beige.day3_GCTTCCATCCAGAGGA-1	12
beige.day3_GCTTGAAAGCACCGCT-1	8
beige.day3_GCTTGAAAGCCGTCGT-1	8
beige.day3_GCTTGAAAGGGTGTGT-1	8
beige.day3_GCTTGAAAGTAGTGCG-1	12
beige.day3_GCTTGAAAGTCATCCA-1	10
beige.day3_GCTTGAACAACTGCGC-1	8
beige.day3_GCTTGAACACCGAATT-1	11
beige.day3_GCTTGAACACGAAATA-1	6
beige.day3_GCTTGAACACGGTGTC-1	9
beige.day3_GCTTGAACATGAAGTA-1	7
beige.day3_GCTTGAACATGCTGGC-1	8
beige.day3_GCTTGAAGTAGCGTCC-1	10
beige.day3_GCTTGAAGTCGGCACT-1	12
beige.day3_GCTTGAAGTGATGATA-1	12
beige.day3_GCTTGAAGTGGTACAG-1	8
beige.day3_GCTTGAAGTTCCTCCA-1	7
beige.day3_GCTTGAATCCGTACAA-1	10
beige.day3_GCTTGAATCGCAGGCT-1	7
beige.day3_GCTTGAATCTGCGGCA-1	12
beige.day3_GGAAAGCAGCACAGGT-1	9
beige.day3_GGAAAGCAGCAGCGTA-1	12
beige.day3_GGAAAGCAGTACGACG-1	8
beige.day3_GGAAAGCAGTGAAGAG-1	9
beige.day3_GGAAAGCAGTTTAGGA-1	8
beige.day3_GGAAAGCCAAGAGTCG-1	8
beige.day3_GGAAAGCCAGACACTT-1	8
beige.day3_GGAAAGCCATTCCTCG-1	8
beige.day3_GGAAAGCGTACCGCTG-1	6
beige.day3_GGAAAGCTCAGCGACC-1	9
beige.day3_GGAAAGCTCCAATGGT-1	12
beige.day3_GGAAAGCTCGTCGTTC-1	10
beige.day3_GGAAAGCTCTCCGGTT-1	12
beige.day3_GGAAAGCTCTCCTATA-1	9
beige.day3_GGAAAGCTCTTGCATT-1	8
beige.day3_GGAACTTAGAAGGCCT-1	8
beige.day3_GGAACTTAGACGCTTT-1	12
beige.day3_GGAACTTAGAGTTGGC-1	12
beige.day3_GGAACTTAGATCTGCT-1	9
beige.day3_GGAACTTAGCGTCTAT-1	3
beige.day3_GGAACTTAGCTCCTTC-1	9
beige.day3_GGAACTTAGCTTCGCG-1	9
beige.day3_GGAACTTAGCTTTGGT-1	12
beige.day3_GGAACTTAGGATGGAA-1	11
beige.day3_GGAACTTAGGATTCGG-1	12
beige.day3_GGAACTTAGGCAATTA-1	9
beige.day3_GGAACTTAGGGCATGT-1	11
beige.day3_GGAACTTAGGTGCTAG-1	11
beige.day3_GGAACTTAGTGTACGG-1	8
beige.day3_GGAACTTCAAGTTCTG-1	8
beige.day3_GGAACTTCAATAACGA-1	9
beige.day3_GGAACTTCACACGCTG-1	11
beige.day3_GGAACTTCACCAGGTC-1	8
beige.day3_GGAACTTCACGAAATA-1	8
beige.day3_GGAACTTCAGTGAGTG-1	7
beige.day3_GGAACTTGTCATCCCT-1	11
beige.day3_GGAACTTGTTCATGGT-1	9
beige.day3_GGAACTTGTTCGAATC-1	8
beige.day3_GGAACTTGTTGCTCCT-1	10
beige.day3_GGAACTTTCACCATAG-1	10
beige.day3_GGAACTTTCATGTCTT-1	6
beige.day3_GGAACTTTCCTATGTT-1	7
beige.day3_GGAACTTTCGAATGCT-1	12
beige.day3_GGAACTTTCTGCGGCA-1	11
beige.day3_GGAACTTTCTGGTGTA-1	10
beige.day3_GGAATAAAGCAGCGTA-1	1
beige.day3_GGAATAAAGCGTCAAG-1	8
beige.day3_GGAATAAAGCTAGTCT-1	6
beige.day3_GGAATAAAGGCTAGGT-1	7
beige.day3_GGAATAAAGGGCTTGA-1	8
beige.day3_GGAATAAAGTAGCGGT-1	8
beige.day3_GGAATAACAAGCCCAC-1	9
beige.day3_GGAATAACACAGACAG-1	12
beige.day3_GGAATAACACCCATGG-1	12
beige.day3_GGAATAACAGAGCCAA-1	12
beige.day3_GGAATAACAGCCAGAA-1	8
beige.day3_GGAATAACAGCTGCAC-1	8
beige.day3_GGAATAACATCGATGT-1	10
beige.day3_GGAATAACATGGTAGG-1	7
beige.day3_GGAATAACATGTTCCC-1	9
beige.day3_GGAATAACATTGGTAC-1	8
beige.day3_GGAATAACATTTCACT-1	9
beige.day3_GGAATAAGTCGAATCT-1	10
beige.day3_GGAATAAGTGGCCCTA-1	8
beige.day3_GGAATAAGTGTAAGTA-1	12
beige.day3_GGAATAATCCTGCCAT-1	7
beige.day3_GGAATAATCGCACTCT-1	11
beige.day3_GGAATAATCTCTAAGG-1	8
beige.day3_GGAATAATCTGTCAAG-1	12
beige.day3_GGAATAATCTGTTTGT-1	8
beige.day3_GGACAAGAGTACACCT-1	8
beige.day3_GGACAAGAGTTGAGTA-1	7
beige.day3_GGACAAGCAAGTCTGT-1	8
beige.day3_GGACAAGCACGAAAGC-1	8
beige.day3_GGACAAGCACTTAAGC-1	9
beige.day3_GGACAAGCAGCTGCTG-1	8
beige.day3_GGACAAGCAGTAAGAT-1	8
beige.day3_GGACAAGCAGTCAGAG-1	12
beige.day3_GGACAAGCATATACGC-1	8
beige.day3_GGACAAGCATCCAACA-1	7
beige.day3_GGACAAGCATGCCTAA-1	11
beige.day3_GGACAAGCATGTTGAC-1	11
beige.day3_GGACAAGGTAATCGTC-1	10
beige.day3_GGACAAGGTAGAGTGC-1	9
beige.day3_GGACAAGGTAGCTTGT-1	10
beige.day3_GGACAAGGTCGCATAT-1	12
beige.day3_GGACAAGGTGAGCGAT-1	12
beige.day3_GGACAAGGTGGACGAT-1	10
beige.day3_GGACAAGGTTCTCATT-1	8
beige.day3_GGACAAGGTTCTGGTA-1	8
beige.day3_GGACAAGTCACCAGGC-1	7
beige.day3_GGACAAGTCCCTTGTG-1	7
beige.day3_GGACAAGTCGGATGGA-1	12
beige.day3_GGACAAGTCGGTGTCG-1	9
beige.day3_GGACAAGTCTGTCTAT-1	9
beige.day3_GGACAGAAGATATACG-1	5
beige.day3_GGACAGAAGCCCAGCT-1	7
beige.day3_GGACAGAAGCTAGGCA-1	12
beige.day3_GGACAGAAGCTCCTTC-1	7
beige.day3_GGACAGAAGCTTCGCG-1	5
beige.day3_GGACAGAAGTATCTCG-1	6
beige.day3_GGACAGACACGACGAA-1	8
beige.day3_GGACAGACAGAGCCAA-1	7
beige.day3_GGACAGACATCACGAT-1	9
beige.day3_GGACAGACATCCGCGA-1	11
beige.day3_GGACAGAGTACTCTCC-1	8
beige.day3_GGACAGAGTAGCCTCG-1	12
beige.day3_GGACAGAGTATGCTTG-1	12
beige.day3_GGACAGAGTTCCGTCT-1	7
beige.day3_GGACAGAGTTGTTTGG-1	11
beige.day3_GGACAGATCACGACTA-1	6
beige.day3_GGACAGATCCGCAGTG-1	7
beige.day3_GGACAGATCTACCTGC-1	12
beige.day3_GGACATTAGAGATGAG-1	11
beige.day3_GGACATTCAACACCCG-1	12
beige.day3_GGACATTCACACCGCA-1	7
beige.day3_GGACATTCACAGCCCA-1	8
beige.day3_GGACATTCACATGACT-1	10
beige.day3_GGACATTCACGTGAGA-1	8
beige.day3_GGACATTCACTACAGT-1	6
beige.day3_GGACATTCATCAGTCA-1	7
beige.day3_GGACATTCATGTCGAT-1	6
beige.day3_GGACATTGTAAGAGAG-1	10
beige.day3_GGACATTGTACTCTCC-1	12
beige.day3_GGACATTGTCCAGTAT-1	12
beige.day3_GGACATTGTTGGTAAA-1	5
beige.day3_GGACATTGTTTGCATG-1	8
beige.day3_GGACATTTCCCAAGTA-1	8
beige.day3_GGACATTTCCGCGCAA-1	10
beige.day3_GGACATTTCGGAGCAA-1	8
beige.day3_GGACATTTCTCCTATA-1	10
beige.day3_GGACGTCAGACCTAGG-1	9
beige.day3_GGACGTCAGAGTACAT-1	10
beige.day3_GGACGTCAGATCCCAT-1	8
beige.day3_GGACGTCAGGATCGCA-1	12
beige.day3_GGACGTCAGGCACATG-1	10
beige.day3_GGACGTCAGGGAACGG-1	8
beige.day3_GGACGTCAGGTGACCA-1	8
beige.day3_GGACGTCAGTAATCCC-1	12
beige.day3_GGACGTCAGTACGACG-1	10
beige.day3_GGACGTCAGTTAACGA-1	10
beige.day3_GGACGTCCACATCCGG-1	12
beige.day3_GGACGTCCACGGCTAC-1	8
beige.day3_GGACGTCGTCCAGTGC-1	10
beige.day3_GGACGTCGTCCGCTGA-1	12
beige.day3_GGACGTCGTCTTGCGG-1	8
beige.day3_GGACGTCGTGGTTTCA-1	11
beige.day3_GGACGTCGTTCACGGC-1	11
beige.day3_GGACGTCGTTTCCACC-1	12
beige.day3_GGACGTCTCACGCATA-1	8
beige.day3_GGACGTCTCAGTTGAC-1	8
beige.day3_GGACGTCTCTGGGCCA-1	7
beige.day3_GGACGTCTCTTGTACT-1	9
beige.day3_GGAGCAAAGAAAGTGG-1	8
beige.day3_GGAGCAAAGCGATCCC-1	8
beige.day3_GGAGCAACACACCGCA-1	8
beige.day3_GGAGCAACAGACGCCT-1	7
beige.day3_GGAGCAACAGCCTATA-1	8
beige.day3_GGAGCAACAGCCTTTC-1	11
beige.day3_GGAGCAACAGCGTCCA-1	7
beige.day3_GGAGCAACAGTCGTGC-1	9
beige.day3_GGAGCAAGTAAATGTG-1	12
beige.day3_GGAGCAAGTAAGTGGC-1	7
beige.day3_GGAGCAAGTAGGCTGA-1	10
beige.day3_GGAGCAAGTGCGAAAC-1	8
beige.day3_GGAGCAATCAGGTTCA-1	10
beige.day3_GGAGCAATCATTATCC-1	8
beige.day3_GGAGCAATCATTTGGG-1	7
beige.day3_GGAGCAATCCTAGGGC-1	8
beige.day3_GGAGCAATCCTTTACA-1	8
beige.day3_GGAGCAATCCTTTCGG-1	9
beige.day3_GGAGCAATCCTTTCTC-1	8
beige.day3_GGAGCAATCGCCTGTT-1	9
beige.day3_GGAGCAATCTAGAGTC-1	8
beige.day3_GGAGCAATCTCCGGTT-1	12
beige.day3_GGAGCAATCTGGGCCA-1	12
beige.day3_GGATGTTAGAGGACGG-1	9
beige.day3_GGATGTTAGAGTAATC-1	12
beige.day3_GGATGTTAGCGATGAC-1	11
beige.day3_GGATGTTAGGCATGGT-1	12
beige.day3_GGATGTTCAATGGACG-1	11
beige.day3_GGATGTTCAGGCTCAC-1	8
beige.day3_GGATGTTCATACCATG-1	8
beige.day3_GGATGTTCATGTCTCC-1	7
beige.day3_GGATGTTCATTCCTCG-1	10
beige.day3_GGATGTTGTAACGTTC-1	11
beige.day3_GGATGTTGTCCGACGT-1	8
beige.day3_GGATGTTGTCGCGAAA-1	11
beige.day3_GGATGTTGTCTAGCCG-1	11
beige.day3_GGATGTTGTCTCCACT-1	5
beige.day3_GGATGTTGTTCCACAA-1	10
beige.day3_GGATGTTTCAGATAAG-1	11
beige.day3_GGATGTTTCCCAACGG-1	8
beige.day3_GGATGTTTCCCTTGCA-1	8
beige.day3_GGATGTTTCGCCGTGA-1	9
beige.day3_GGATTACAGAGGTTAT-1	8
beige.day3_GGATTACAGCCCTAAT-1	1
beige.day3_GGATTACAGGATGGAA-1	7
beige.day3_GGATTACAGGTGATAT-1	10
beige.day3_GGATTACAGTGGTAAT-1	12
beige.day3_GGATTACCAAAGCGGT-1	12
beige.day3_GGATTACCAATGGAAT-1	7
beige.day3_GGATTACCACAGACAG-1	9
beige.day3_GGATTACCACATGTGT-1	12
beige.day3_GGATTACCAGACACTT-1	11
beige.day3_GGATTACCAGACGCCT-1	8
beige.day3_GGATTACCATCGGGTC-1	10
beige.day3_GGATTACCATGGAATA-1	10
beige.day3_GGATTACCATGGTAGG-1	5
beige.day3_GGATTACGTCAAGCGA-1	7
beige.day3_GGATTACGTGAGGGAG-1	8
beige.day3_GGATTACGTGATAAAC-1	8
beige.day3_GGATTACGTTAGTGGG-1	12
beige.day3_GGATTACGTTATGCGT-1	9
beige.day3_GGATTACGTTCCCGAG-1	8
beige.day3_GGATTACTCTACTATC-1	8
beige.day3_GGCAATTAGACGCAAC-1	11
beige.day3_GGCAATTAGATGGGTC-1	8
beige.day3_GGCAATTAGATGTGGC-1	8
beige.day3_GGCAATTAGTCGATAA-1	7
beige.day3_GGCAATTCAAGTTCTG-1	8
beige.day3_GGCAATTCACACATGT-1	8
beige.day3_GGCAATTCACCTCGGA-1	7
beige.day3_GGCAATTCAGGAACGT-1	5
beige.day3_GGCAATTCAGTACACT-1	9
beige.day3_GGCAATTCATGTCGAT-1	11
beige.day3_GGCAATTCATTACCTT-1	9
beige.day3_GGCAATTGTCGCTTCT-1	10
beige.day3_GGCAATTGTGAACCTT-1	9
beige.day3_GGCAATTGTGCAGGTA-1	9
beige.day3_GGCAATTGTGTAACGG-1	12
beige.day3_GGCAATTGTGTGGTTT-1	8
beige.day3_GGCAATTTCAAGGTAA-1	12
beige.day3_GGCAATTTCACAAACC-1	7
beige.day3_GGCAATTTCACTCTTA-1	9
beige.day3_GGCAATTTCACTTATC-1	8
beige.day3_GGCAATTTCAGTTGAC-1	7
beige.day3_GGCAATTTCATCGATG-1	8
beige.day3_GGCAATTTCCGCTGTT-1	8
beige.day3_GGCAATTTCGCCTGAG-1	12
beige.day3_GGCAATTTCGCGATCG-1	11
beige.day3_GGCAATTTCTTGACGA-1	8
beige.day3_GGCCGATAGACAGAGA-1	11
beige.day3_GGCCGATAGCGATGAC-1	7
beige.day3_GGCCGATAGCTGCGAA-1	11
beige.day3_GGCCGATAGGAATGGA-1	9
beige.day3_GGCCGATAGGATCGCA-1	9
beige.day3_GGCCGATAGTAGGTGC-1	9
beige.day3_GGCCGATAGTGAACAT-1	8
beige.day3_GGCCGATCACAAGTAA-1	8
beige.day3_GGCCGATCACGTGAGA-1	11
beige.day3_GGCCGATCAGACAAAT-1	10
beige.day3_GGCCGATCAGGTGCCT-1	12
beige.day3_GGCCGATCAGTAAGCG-1	8
beige.day3_GGCCGATGTCTCTCGT-1	9
beige.day3_GGCCGATGTTACGTCA-1	8
beige.day3_GGCCGATGTTCCACGG-1	8
beige.day3_GGCCGATGTTCTCATT-1	8
beige.day3_GGCCGATTCCTACAGA-1	12
beige.day3_GGCCGATTCGGCCGAT-1	11
beige.day3_GGCCGATTCTTGTTTG-1	9
beige.day3_GGCGACTAGATCTGCT-1	8
beige.day3_GGCGACTAGGCTACGA-1	11
beige.day3_GGCGACTAGTGGAGTC-1	11
beige.day3_GGCGACTCACGGTAGA-1	6
beige.day3_GGCGACTCACTTACGA-1	12
beige.day3_GGCGACTCAGACACTT-1	11
beige.day3_GGCGACTCAGCGTTCG-1	7
beige.day3_GGCGACTCATTGGGCC-1	8
beige.day3_GGCGACTCATTGGTAC-1	4
beige.day3_GGCGACTGTAGCAAAT-1	12
beige.day3_GGCGACTGTCACCTAA-1	12
beige.day3_GGCGACTGTCGAAAGC-1	9
beige.day3_GGCGACTGTCGGCATC-1	8
beige.day3_GGCGACTGTCGGCTCA-1	11
beige.day3_GGCGACTGTCGTCTTC-1	8
beige.day3_GGCGACTGTTAAGACA-1	8
beige.day3_GGCGACTGTTCAGCGC-1	8
beige.day3_GGCGACTGTTGACGTT-1	9
beige.day3_GGCGACTTCGTGACAT-1	8
beige.day3_GGCGACTTCTCTAGGA-1	8
beige.day3_GGCGTGTCAAGAAAGG-1	12
beige.day3_GGCGTGTCACGGCGTT-1	10
beige.day3_GGCGTGTCAGGATTGG-1	8
beige.day3_GGCGTGTCATTACGAC-1	10
beige.day3_GGCGTGTGTAAAGTCA-1	8
beige.day3_GGCGTGTGTATATGAG-1	10
beige.day3_GGCGTGTGTCCCGACA-1	12
beige.day3_GGCGTGTGTCCGTCAG-1	8
beige.day3_GGCGTGTGTTAAGGGC-1	12
beige.day3_GGCGTGTGTTACGCGC-1	8
beige.day3_GGCGTGTGTTAGTGGG-1	9
beige.day3_GGCGTGTGTTCAGACT-1	8
beige.day3_GGCGTGTTCAGCCTAA-1	10
beige.day3_GGCGTGTTCCAAGCCG-1	8
beige.day3_GGCGTGTTCGAGGTAG-1	7
beige.day3_GGCGTGTTCGATAGAA-1	9
beige.day3_GGCTCGAAGAGCTATA-1	12
beige.day3_GGCTCGAAGCCCAGCT-1	12
beige.day3_GGCTCGAAGCGACGTA-1	7
beige.day3_GGCTCGAAGTTCGATC-1	8
beige.day3_GGCTCGACAAACAACA-1	12
beige.day3_GGCTCGACAATCTGCA-1	8
beige.day3_GGCTCGACAATGGATA-1	11
beige.day3_GGCTCGACACAAGCCC-1	8
beige.day3_GGCTCGACAGACGCAA-1	12
beige.day3_GGCTCGACAGCCTTGG-1	8
beige.day3_GGCTCGACATACGCTA-1	10
beige.day3_GGCTCGAGTAAATGTG-1	9
beige.day3_GGCTCGAGTCCGAAGA-1	9
beige.day3_GGCTCGAGTGCGGTAA-1	7
beige.day3_GGCTCGATCAGGATCT-1	8
beige.day3_GGCTCGATCATGTCTT-1	7
beige.day3_GGCTCGATCCTGTACC-1	10
beige.day3_GGCTCGATCGCATGGC-1	7
beige.day3_GGCTCGATCTCTAAGG-1	8
beige.day3_GGCTCGATCTGGGCCA-1	11
beige.day3_GGCTCGATCTTTACAC-1	11
beige.day3_GGCTGGTAGACAGGCT-1	8
beige.day3_GGCTGGTAGACCACGA-1	9
beige.day3_GGCTGGTAGAGACTAT-1	9
beige.day3_GGCTGGTAGCCCAGCT-1	12
beige.day3_GGCTGGTAGCTGCGAA-1	7
beige.day3_GGCTGGTAGGACAGAA-1	10
beige.day3_GGCTGGTAGGCATGGT-1	9
beige.day3_GGCTGGTAGGTCGGAT-1	12
beige.day3_GGCTGGTAGGTTCCTA-1	7
beige.day3_GGCTGGTAGTAAGTAC-1	12
beige.day3_GGCTGGTAGTGTACCT-1	9
beige.day3_GGCTGGTCAAGCTGTT-1	8
beige.day3_GGCTGGTCAGAGCCAA-1	10
beige.day3_GGCTGGTCAGGGAGAG-1	10
beige.day3_GGCTGGTGTGCAGGTA-1	7
beige.day3_GGCTGGTTCAAACCAC-1	12
beige.day3_GGCTGGTTCACAGTAC-1	8
beige.day3_GGCTGGTTCACATAGC-1	10
beige.day3_GGCTGGTTCATCGATG-1	7
beige.day3_GGCTGGTTCATCGGAT-1	9
beige.day3_GGCTGGTTCCAAACAC-1	12
beige.day3_GGCTGGTTCCGCGGTA-1	8
beige.day3_GGCTGGTTCGTAGGAG-1	7
beige.day3_GGCTGGTTCTACCTGC-1	8
beige.day3_GGCTGGTTCTGTGCAA-1	10
beige.day3_GGGAATGAGATCCCAT-1	12
beige.day3_GGGAATGAGCCCTAAT-1	6
beige.day3_GGGAATGAGGTGCACA-1	12
beige.day3_GGGAATGAGTCATCCA-1	8
beige.day3_GGGAATGAGTCCGGTC-1	9
beige.day3_GGGAATGCAAACCTAC-1	8
beige.day3_GGGAATGCAATCACAC-1	8
beige.day3_GGGAATGCACAACGCC-1	12
beige.day3_GGGAATGCACGAAATA-1	10
beige.day3_GGGAATGCACGTCAGC-1	12
beige.day3_GGGAATGCATCGGTTA-1	12
beige.day3_GGGAATGCATTCCTGC-1	8
beige.day3_GGGAATGGTAAGGGAA-1	10
beige.day3_GGGAATGGTAGGGACT-1	11
beige.day3_GGGAATGGTCCTAGCG-1	8
beige.day3_GGGAATGGTGAGTATA-1	7
beige.day3_GGGAATGGTTACCGAT-1	8
beige.day3_GGGAATGTCACAACGT-1	12
beige.day3_GGGAATGTCAGGCCCA-1	7
beige.day3_GGGAATGTCCGAAGAG-1	12
beige.day3_GGGAATGTCCGCATAA-1	8
beige.day3_GGGAATGTCGCATGGC-1	8
beige.day3_GGGAATGTCGGTTAAC-1	8
beige.day3_GGGAATGTCGTTGCCT-1	12
beige.day3_GGGAATGTCTTCGGTC-1	8
beige.day3_GGGACCTAGAAGGGTA-1	11
beige.day3_GGGACCTAGACTAGAT-1	8
beige.day3_GGGACCTAGATGCCTT-1	8
beige.day3_GGGACCTAGCTGCAAG-1	11
beige.day3_GGGACCTAGGAGTTGC-1	9
beige.day3_GGGACCTAGGCTAGAC-1	6
beige.day3_GGGACCTAGGTGTTAA-1	7
beige.day3_GGGACCTAGTACATGA-1	11
beige.day3_GGGACCTAGTCCATAC-1	12
beige.day3_GGGACCTCAAACTGCT-1	10
beige.day3_GGGACCTCAGCATACT-1	12
beige.day3_GGGACCTCAGGGTACA-1	8
beige.day3_GGGACCTGTAGCGATG-1	10
beige.day3_GGGACCTGTAGCGTGA-1	9
beige.day3_GGGACCTGTCAGGACA-1	9
beige.day3_GGGACCTGTGCAACTT-1	9
beige.day3_GGGACCTTCAACACGT-1	10
beige.day3_GGGACCTTCACATACG-1	10
beige.day3_GGGACCTTCCAATGGT-1	12
beige.day3_GGGACCTTCGGAATCT-1	8
beige.day3_GGGACCTTCGTGACAT-1	9
beige.day3_GGGACCTTCTAACTGG-1	8
beige.day3_GGGACCTTCTCATTCA-1	7
beige.day3_GGGAGATAGCCTCGTG-1	8
beige.day3_GGGAGATAGTACGCGA-1	12
beige.day3_GGGAGATAGTGGACGT-1	7
beige.day3_GGGAGATAGTGTACGG-1	10
beige.day3_GGGAGATAGTTAACGA-1	5
beige.day3_GGGAGATCAAAGGTGC-1	11
beige.day3_GGGAGATCAAGCCCAC-1	12
beige.day3_GGGAGATCAAGCTGAG-1	9
beige.day3_GGGAGATCACTAAGTC-1	7
beige.day3_GGGAGATCAGCTCGAC-1	9
beige.day3_GGGAGATCAGCTGGCT-1	8
beige.day3_GGGAGATCATCTCCCA-1	8
beige.day3_GGGAGATGTATCTGCA-1	7
beige.day3_GGGAGATGTATGAAAC-1	8
beige.day3_GGGAGATGTCTAAACC-1	8
beige.day3_GGGAGATGTCTCTTAT-1	8
beige.day3_GGGAGATTCATCTGTT-1	6
beige.day3_GGGAGATTCCACGTGG-1	10
beige.day3_GGGAGATTCTGGCGAC-1	8
beige.day3_GGGAGATTCTGGTTCC-1	9
beige.day3_GGGATGAAGACAAAGG-1	11
beige.day3_GGGATGAAGACTGGGT-1	8
beige.day3_GGGATGAAGATATGCA-1	10
beige.day3_GGGATGAAGCATCATC-1	8
beige.day3_GGGATGAAGCTCCTCT-1	6
beige.day3_GGGATGAAGCTGAAAT-1	7
beige.day3_GGGATGACAAACAACA-1	8
beige.day3_GGGATGACAAACGCGA-1	9
beige.day3_GGGATGACACATGACT-1	8
beige.day3_GGGATGACAGTCAGCC-1	8
beige.day3_GGGATGACATAAAGGT-1	8
beige.day3_GGGATGACATCCGCGA-1	11
beige.day3_GGGATGACATTTGCTT-1	9
beige.day3_GGGATGAGTACAGTTC-1	10
beige.day3_GGGATGAGTATTACCG-1	10
beige.day3_GGGATGAGTCCCGACA-1	8
beige.day3_GGGATGAGTTCAGACT-1	6
beige.day3_GGGATGATCACCTTAT-1	9
beige.day3_GGGATGATCGGAGGTA-1	7
beige.day3_GGGATGATCTTGCAAG-1	8
beige.day3_GGGCACTAGACGCACA-1	12
beige.day3_GGGCACTAGCCACGTC-1	11
beige.day3_GGGCACTAGGAATGGA-1	11
beige.day3_GGGCACTAGGCAGGTT-1	8
beige.day3_GGGCACTCAACTTGAC-1	9
beige.day3_GGGCACTCAAGCTGAG-1	9
beige.day3_GGGCACTCACAGGTTT-1	10
beige.day3_GGGCACTCACCAACCG-1	8
beige.day3_GGGCACTCAGTCGATT-1	12
beige.day3_GGGCACTCATCTCCCA-1	11
beige.day3_GGGCACTGTCGACTAT-1	8
beige.day3_GGGCACTGTCGACTGC-1	8
beige.day3_GGGCACTGTGAGTATA-1	12
beige.day3_GGGCACTGTGTTCTTT-1	11
beige.day3_GGGCACTGTTGGAGGT-1	6
beige.day3_GGGCACTTCAGATAAG-1	12
beige.day3_GGGCACTTCGTTTAGG-1	7
beige.day3_GGGCACTTCTAGAGTC-1	9
beige.day3_GGGCATCAGCAGGTCA-1	9
beige.day3_GGGCATCAGCGATTCT-1	12
beige.day3_GGGCATCAGCGCCTCA-1	8
beige.day3_GGGCATCAGCGTCTAT-1	12
beige.day3_GGGCATCAGCTACCTA-1	7
beige.day3_GGGCATCAGCTCCTCT-1	8
beige.day3_GGGCATCAGGAATCGC-1	9
beige.day3_GGGCATCAGGACACCA-1	11
beige.day3_GGGCATCAGGGCTTCC-1	8
beige.day3_GGGCATCAGTCATGCT-1	10
beige.day3_GGGCATCAGTCCTCCT-1	10
beige.day3_GGGCATCAGTCTTGCA-1	7
beige.day3_GGGCATCAGTGTACGG-1	11
beige.day3_GGGCATCCAACACCTA-1	11
beige.day3_GGGCATCCACAACGTT-1	7
beige.day3_GGGCATCCACTTGGAT-1	9
beige.day3_GGGCATCCAGACAAAT-1	11
beige.day3_GGGCATCCAGACAAGC-1	8
beige.day3_GGGCATCCAGATGAGC-1	8
beige.day3_GGGCATCCAGATGGCA-1	8
beige.day3_GGGCATCCAGCCTTTC-1	10
beige.day3_GGGCATCCATAGGATA-1	7
beige.day3_GGGCATCCATTCCTGC-1	9
beige.day3_GGGCATCGTCGATTGT-1	5
beige.day3_GGGCATCGTGTAAGTA-1	11
beige.day3_GGGCATCGTGTATGGG-1	8
beige.day3_GGGCATCTCACGACTA-1	8
beige.day3_GGGCATCTCCACTGGG-1	7
beige.day3_GGGCATCTCCGTAGGC-1	12
beige.day3_GGGCATCTCGGTGTTA-1	8
beige.day3_GGGCATCTCTTATCTG-1	12
beige.day3_GGGTCTGAGATCGATA-1	12
beige.day3_GGGTCTGAGCGTTGCC-1	8
beige.day3_GGGTCTGAGCTACCTA-1	11
beige.day3_GGGTCTGAGGTGCTTT-1	9
beige.day3_GGGTCTGAGTGTTGAA-1	8
beige.day3_GGGTCTGCAAGGACTG-1	11
beige.day3_GGGTCTGCAATGACCT-1	11
beige.day3_GGGTCTGCACATCCAA-1	7
beige.day3_GGGTCTGCACCCATTC-1	9
beige.day3_GGGTCTGCACCGATAT-1	6
beige.day3_GGGTCTGCATATGCTG-1	11
beige.day3_GGGTCTGCATGACATC-1	8
beige.day3_GGGTCTGGTAAGGGAA-1	11
beige.day3_GGGTCTGGTAATTGGA-1	7
beige.day3_GGGTCTGGTACATGTC-1	9
beige.day3_GGGTCTGGTAGCCTCG-1	9
beige.day3_GGGTCTGGTCCTCTTG-1	8
beige.day3_GGGTCTGGTGGTCTCG-1	12
beige.day3_GGGTCTGGTTGATTCG-1	9
beige.day3_GGGTCTGGTTGTACAC-1	6
beige.day3_GGGTCTGTCATACGGT-1	8
beige.day3_GGGTCTGTCATATCGG-1	10
beige.day3_GGGTCTGTCCTTCAAT-1	9
beige.day3_GGGTCTGTCGCTTGTC-1	8
beige.day3_GGGTCTGTCTCGAGTA-1	9
beige.day3_GGGTTGCAGAAACGCC-1	8
beige.day3_GGGTTGCAGAAGCCCA-1	8
beige.day3_GGGTTGCAGCCGCCTA-1	12
beige.day3_GGGTTGCAGCGTAGTG-1	12
beige.day3_GGGTTGCAGGAATGGA-1	10
beige.day3_GGGTTGCAGGCCCTCA-1	8
beige.day3_GGGTTGCAGTAATCCC-1	8
beige.day3_GGGTTGCCAACAACCT-1	8
beige.day3_GGGTTGCCACATTTCT-1	12
beige.day3_GGGTTGCCACCTTGTC-1	10
beige.day3_GGGTTGCCACTGTTAG-1	7
beige.day3_GGGTTGCCAGGTGGAT-1	6
beige.day3_GGGTTGCCAGTAACGG-1	10
beige.day3_GGGTTGCCAGTATCTG-1	9
beige.day3_GGGTTGCGTACCGTTA-1	11
beige.day3_GGGTTGCGTGATAAAC-1	8
beige.day3_GGGTTGCGTGGTCTCG-1	9
beige.day3_GGGTTGCGTGGTGTAG-1	8
beige.day3_GGGTTGCGTGTGGCTC-1	8
beige.day3_GGGTTGCGTTATCGGT-1	8
beige.day3_GGGTTGCGTTGCTCCT-1	12
beige.day3_GGGTTGCTCACAAACC-1	9
beige.day3_GGGTTGCTCATGTAGC-1	12
beige.day3_GGGTTGCTCCGCTGTT-1	8
beige.day3_GGGTTGCTCCTGCAGG-1	11
beige.day3_GGTATTGAGAATAGGG-1	9
beige.day3_GGTATTGAGATCCGAG-1	10
beige.day3_GGTATTGAGCACGCCT-1	9
beige.day3_GGTATTGAGGATATAC-1	9
beige.day3_GGTATTGAGGCATGGT-1	11
beige.day3_GGTATTGAGGCCCGTT-1	12
beige.day3_GGTATTGAGGTCGGAT-1	10
beige.day3_GGTATTGAGTTCGCGC-1	9
beige.day3_GGTATTGCAAAGGCGT-1	8
beige.day3_GGTATTGCAACAACCT-1	8
beige.day3_GGTATTGCACAGTCGC-1	9
beige.day3_GGTATTGCACGTAAGG-1	8
beige.day3_GGTATTGCATCCGCGA-1	9
beige.day3_GGTATTGCATTCTTAC-1	8
beige.day3_GGTATTGGTAGCGTCC-1	7
beige.day3_GGTATTGGTCGATTGT-1	9
beige.day3_GGTATTGGTTCAGGCC-1	11
beige.day3_GGTATTGGTTCTGAAC-1	7
beige.day3_GGTATTGGTTGACGTT-1	8
beige.day3_GGTATTGTCAAACAAG-1	8
beige.day3_GGTATTGTCACCGGGT-1	11
beige.day3_GGTATTGTCAGCCTAA-1	7
beige.day3_GGTATTGTCAGTTAGC-1	12
beige.day3_GGTATTGTCATGTCTT-1	10
beige.day3_GGTATTGTCGGTGTCG-1	6
beige.day3_GGTATTGTCTCGATGA-1	11
beige.day3_GGTGAAGAGCAGATCG-1	8
beige.day3_GGTGAAGAGCAGGTCA-1	9
beige.day3_GGTGAAGAGCTATGCT-1	12
beige.day3_GGTGAAGAGGCGCTCT-1	9
beige.day3_GGTGAAGCAATCACAC-1	10
beige.day3_GGTGAAGCAATGAAAC-1	8
beige.day3_GGTGAAGCACGCGAAA-1	12
beige.day3_GGTGAAGCAGCGAACA-1	11
beige.day3_GGTGAAGCATCACGTA-1	8
beige.day3_GGTGAAGCATGGGAAC-1	8
beige.day3_GGTGAAGCATTGGCGC-1	11
beige.day3_GGTGAAGGTCATACTG-1	10
beige.day3_GGTGAAGGTCATCCCT-1	12
beige.day3_GGTGAAGGTCCGACGT-1	12
beige.day3_GGTGAAGGTGAGCGAT-1	12
beige.day3_GGTGAAGGTGTAATGA-1	8
beige.day3_GGTGAAGGTTCCACTC-1	7
beige.day3_GGTGAAGTCATCGCTC-1	8
beige.day3_GGTGAAGTCCAAGTAC-1	8
beige.day3_GGTGAAGTCCGTTGTC-1	7
beige.day3_GGTGAAGTCGTTACGA-1	8
beige.day3_GGTGAAGTCTACTATC-1	11
beige.day3_GGTGAAGTCTCCCTGA-1	8
beige.day3_GGTGAAGTCTTGACGA-1	10
beige.day3_GGTGCGTAGAGTCTGG-1	10
beige.day3_GGTGCGTAGATGGCGT-1	7
beige.day3_GGTGCGTAGCCGATTT-1	8
beige.day3_GGTGCGTAGGAGCGAG-1	12
beige.day3_GGTGCGTAGGGCACTA-1	4
beige.day3_GGTGCGTAGTGAAGAG-1	7
beige.day3_GGTGCGTAGTGTTAGA-1	12
beige.day3_GGTGCGTCAAGGGTCA-1	8
beige.day3_GGTGCGTCAATCACAC-1	9
beige.day3_GGTGCGTCACCAGCAC-1	11
beige.day3_GGTGCGTCACTTCGAA-1	12
beige.day3_GGTGCGTCAGCATACT-1	10
beige.day3_GGTGCGTGTAAGAGGA-1	8
beige.day3_GGTGCGTGTCCAACTA-1	8
beige.day3_GGTGCGTGTGACTACT-1	8
beige.day3_GGTGCGTGTGGCGAAT-1	8
beige.day3_GGTGCGTGTTACGTCA-1	12
beige.day3_GGTGCGTGTTGAGGTG-1	8
beige.day3_GGTGCGTGTTGCCTCT-1	5
beige.day3_GGTGCGTTCAGGTAAA-1	12
beige.day3_GGTGCGTTCATAAAGG-1	10
beige.day3_GGTGCGTTCGGAGGTA-1	12
beige.day3_GGTGCGTTCTAACGGT-1	8
beige.day3_GGTGCGTTCTCACATT-1	8
beige.day3_GGTGCGTTCTTAACCT-1	9
beige.day3_GGTGCGTTCTTGAGAC-1	12
beige.day3_GGTGTTAAGCGCTTAT-1	8
beige.day3_GGTGTTAAGGATCGCA-1	8
beige.day3_GGTGTTAAGGCAGGTT-1	10
beige.day3_GGTGTTAAGTCAATAG-1	12
beige.day3_GGTGTTAAGTCGTACT-1	11
beige.day3_GGTGTTACAAGAAGAG-1	8
beige.day3_GGTGTTACACATTTCT-1	12
beige.day3_GGTGTTACACCGGAAA-1	11
beige.day3_GGTGTTACAGGTGCCT-1	12
beige.day3_GGTGTTACATCGGGTC-1	4
beige.day3_GGTGTTACATGTTGAC-1	12
beige.day3_GGTGTTAGTAATCGTC-1	8
beige.day3_GGTGTTAGTCAAGCGA-1	12
beige.day3_GGTGTTAGTTAGTGGG-1	7
beige.day3_GGTGTTAGTTCCGGCA-1	7
beige.day3_GGTGTTAGTTCTGAAC-1	9
beige.day3_GGTGTTATCGCGTTTC-1	11
beige.day3_GGTGTTATCGTCGTTC-1	10
beige.day3_GGTGTTATCTGGTGTA-1	10
beige.day3_GGTGTTATCTTCCTTC-1	9
beige.day3_GTAACGTAGAGACGAA-1	10
beige.day3_GTAACGTAGCGCTCCA-1	9
beige.day3_GTAACGTAGGAATCGC-1	9
beige.day3_GTAACGTAGGCAATTA-1	8
beige.day3_GTAACGTAGGCTAGCA-1	12
beige.day3_GTAACGTCAAACAACA-1	11
beige.day3_GTAACGTCAAGAAAGG-1	11
beige.day3_GTAACGTCAATAGCGG-1	12
beige.day3_GTAACGTCACAACTGT-1	9
beige.day3_GTAACGTCACCGGAAA-1	7
beige.day3_GTAACGTGTAAACGCG-1	9
beige.day3_GTAACGTGTCTCACCT-1	8
beige.day3_GTAACGTGTTCCGTCT-1	10
beige.day3_GTAACGTTCAACGAAA-1	7
beige.day3_GTAACGTTCACTGGGC-1	8
beige.day3_GTAACGTTCCACGACG-1	6
beige.day3_GTAACGTTCCACGCAG-1	7
beige.day3_GTAACGTTCCTTTCGG-1	12
beige.day3_GTAACGTTCGCTGATA-1	12
beige.day3_GTAACTGAGAATCTCC-1	8
beige.day3_GTAACTGAGAGTAAGG-1	8
beige.day3_GTAACTGAGTACGTAA-1	10
beige.day3_GTAACTGAGTCTCAAC-1	8
beige.day3_GTAACTGCAAGCCATT-1	11
beige.day3_GTAACTGCAATGACCT-1	10
beige.day3_GTAACTGCACACGCTG-1	8
beige.day3_GTAACTGCACGGCTAC-1	9
beige.day3_GTAACTGCAGCCACCA-1	10
beige.day3_GTAACTGCAGTCGATT-1	10
beige.day3_GTAACTGCATCAGTAC-1	7
beige.day3_GTAACTGCATGGTAGG-1	11
beige.day3_GTAACTGGTATGGTTC-1	9
beige.day3_GTAACTGGTCAAGCGA-1	8
beige.day3_GTAACTGGTCCAGTGC-1	7
beige.day3_GTAACTGGTCCGAACC-1	8
beige.day3_GTAACTGGTGATAAAC-1	8
beige.day3_GTAACTGTCCAGTAGT-1	8
beige.day3_GTAACTGTCTGCGACG-1	10
beige.day3_GTAACTGTCTGCTGTC-1	10
beige.day3_GTAACTGTCTTCGAGA-1	12
beige.day3_GTACGTAAGAGTGACC-1	12
beige.day3_GTACGTAAGCACCGTC-1	10
beige.day3_GTACGTAAGCCCAGCT-1	12
beige.day3_GTACGTAAGCGTAGTG-1	12
beige.day3_GTACGTAAGCTACCGC-1	11
beige.day3_GTACGTAAGGAGTACC-1	8
beige.day3_GTACGTAAGTAGATGT-1	8
beige.day3_GTACGTAAGTAGGCCA-1	10
beige.day3_GTACGTAAGTGTCTCA-1	8
beige.day3_GTACGTACAAAGGCGT-1	12
beige.day3_GTACGTACAGATCGGA-1	12
beige.day3_GTACGTACAGGGCATA-1	12
beige.day3_GTACGTACAGTATAAG-1	8
beige.day3_GTACGTACATTCCTGC-1	10
beige.day3_GTACGTAGTAGAAGGA-1	12
beige.day3_GTACGTAGTCTGGAGA-1	9
beige.day3_GTACGTAGTTCGTCTC-1	9
beige.day3_GTACGTATCAACGCTA-1	8
beige.day3_GTACGTATCAACGGCC-1	8
beige.day3_GTACGTATCCTGCCAT-1	6
beige.day3_GTACGTATCTGCTTGC-1	8
beige.day3_GTACGTATCTTACCGC-1	8
beige.day3_GTACTCCAGACGCACA-1	10
beige.day3_GTACTCCAGATACACA-1	12
beige.day3_GTACTCCAGCAACGGT-1	9
beige.day3_GTACTCCAGCAGACTG-1	8
beige.day3_GTACTCCAGTGAAGTT-1	8
beige.day3_GTACTCCCAATGAAAC-1	12
beige.day3_GTACTCCCACATCTTT-1	11
beige.day3_GTACTCCCACCACCAG-1	11
beige.day3_GTACTCCCAGTGGGAT-1	7
beige.day3_GTACTCCGTGGGTATG-1	8
beige.day3_GTACTCCTCACTGGGC-1	9
beige.day3_GTACTCCTCCGTAGTA-1	6
beige.day3_GTACTCCTCGTGGACC-1	12
beige.day3_GTACTCCTCTGGCGAC-1	10
beige.day3_GTACTTTAGACAGAGA-1	9
beige.day3_GTACTTTAGCAATCTC-1	8
beige.day3_GTACTTTAGCGCCTTG-1	9
beige.day3_GTACTTTAGCGTGAAC-1	8
beige.day3_GTACTTTAGCGTGTCC-1	8
beige.day3_GTACTTTCAAGCTGTT-1	8
beige.day3_GTACTTTCACAACGCC-1	12
beige.day3_GTACTTTCACCTGGTG-1	12
beige.day3_GTACTTTCACTTAACG-1	12
beige.day3_GTACTTTCAGACGCTC-1	10
beige.day3_GTACTTTCAGATCGGA-1	9
beige.day3_GTACTTTCAGGACGTA-1	5
beige.day3_GTACTTTCAGGATTGG-1	7
beige.day3_GTACTTTCAGGGTTAG-1	12
beige.day3_GTACTTTCAGGTGGAT-1	6
beige.day3_GTACTTTCATGACGGA-1	7
beige.day3_GTACTTTCATGGTCAT-1	11
beige.day3_GTACTTTGTAGGCATG-1	10
beige.day3_GTACTTTGTCAGCTAT-1	11
beige.day3_GTACTTTGTCGCATCG-1	7
beige.day3_GTACTTTGTGCATCTA-1	10
beige.day3_GTACTTTGTTGAGGTG-1	11
beige.day3_GTACTTTGTTGGAGGT-1	8
beige.day3_GTACTTTTCAGTTTGG-1	9
beige.day3_GTACTTTTCCGCAAGC-1	12
beige.day3_GTACTTTTCGCCTGAG-1	12
beige.day3_GTACTTTTCTTGTACT-1	11
beige.day3_GTAGGCCAGACTTGAA-1	8
beige.day3_GTAGGCCAGGCATGGT-1	12
beige.day3_GTAGGCCAGTACTTGC-1	7
beige.day3_GTAGGCCCAACACGCC-1	8
beige.day3_GTAGGCCCAAGGTGTG-1	8
beige.day3_GTAGGCCCAAGTCTGT-1	12
beige.day3_GTAGGCCCACCACGTG-1	8
beige.day3_GTAGGCCCACCCATGG-1	8
beige.day3_GTAGGCCCACGGACAA-1	6
beige.day3_GTAGGCCGTCGCTTTC-1	12
beige.day3_GTAGGCCGTCTCCATC-1	8
beige.day3_GTAGGCCGTGAAAGAG-1	8
beige.day3_GTAGGCCTCAGAAATG-1	8
beige.day3_GTAGGCCTCAGATAAG-1	7
beige.day3_GTAGGCCTCAGCAACT-1	8
beige.day3_GTAGGCCTCCGAACGC-1	8
beige.day3_GTAGGCCTCGCGTTTC-1	8
beige.day3_GTAGGCCTCGTTGACA-1	9
beige.day3_GTAGGCCTCTTAGCCC-1	8
beige.day3_GTAGTCAAGCGTGAAC-1	12
beige.day3_GTAGTCAAGCTCCTTC-1	12
beige.day3_GTAGTCAAGGTTCCTA-1	11
beige.day3_GTAGTCAAGTGCCAGA-1	8
beige.day3_GTAGTCAAGTGGACGT-1	9
beige.day3_GTAGTCAAGTGGAGAA-1	12
beige.day3_GTAGTCACAAACCTAC-1	12
beige.day3_GTAGTCACACTTCTGC-1	9
beige.day3_GTAGTCACAGATGAGC-1	7
beige.day3_GTAGTCACAGCTTCGG-1	8
beige.day3_GTAGTCACATATGCTG-1	8
beige.day3_GTAGTCAGTATTACCG-1	8
beige.day3_GTAGTCAGTCAGTGGA-1	7
beige.day3_GTAGTCAGTGTCGCTG-1	8
beige.day3_GTAGTCAGTTATGTGC-1	11
beige.day3_GTAGTCATCAAACCAC-1	12
beige.day3_GTAGTCATCCAACCAA-1	11
beige.day3_GTAGTCATCCTGTACC-1	9
beige.day3_GTAGTCATCGCATGGC-1	9
beige.day3_GTAGTCATCGCCAAAT-1	12
beige.day3_GTAGTCATCGCTAGCG-1	12
beige.day3_GTAGTCATCTTGGGTA-1	11
beige.day3_GTATCTTAGACGCAAC-1	10
beige.day3_GTATCTTAGAGGGATA-1	8
beige.day3_GTATCTTAGATCCCGC-1	11
beige.day3_GTATCTTAGCAGATCG-1	8
beige.day3_GTATCTTCAAGCCGTC-1	12
beige.day3_GTATCTTCACGGACAA-1	9
beige.day3_GTATCTTCAGAGCCAA-1	8
beige.day3_GTATCTTCAGATTGCT-1	12
beige.day3_GTATCTTCATCGGGTC-1	7
beige.day3_GTATCTTCATGGGAAC-1	10
beige.day3_GTATCTTGTACCGTTA-1	8
beige.day3_GTATCTTGTTCAGGCC-1	9
beige.day3_GTATCTTGTTTGGGCC-1	7
beige.day3_GTATCTTTCAACACCA-1	7
beige.day3_GTATCTTTCATCGATG-1	8
beige.day3_GTATCTTTCATGCAAC-1	12
beige.day3_GTATCTTTCCAAGTAC-1	12
beige.day3_GTATCTTTCCATTCTA-1	9
beige.day3_GTATTCTAGAATAGGG-1	11
beige.day3_GTATTCTAGAATCTCC-1	10
beige.day3_GTATTCTAGCTAGTTC-1	11
beige.day3_GTATTCTAGCTGAAAT-1	12
beige.day3_GTATTCTAGCTGTTCA-1	9
beige.day3_GTATTCTAGGACACCA-1	11
beige.day3_GTATTCTAGGCCATAG-1	9
beige.day3_GTATTCTAGTCACGCC-1	12
beige.day3_GTATTCTCAATCTGCA-1	8
beige.day3_GTATTCTCACAACTGT-1	8
beige.day3_GTATTCTCATACAGCT-1	12
beige.day3_GTATTCTCATCGACGC-1	8
beige.day3_GTATTCTGTAAGAGGA-1	5
beige.day3_GTATTCTGTCCGAATT-1	11
beige.day3_GTATTCTGTCCGTTAA-1	8
beige.day3_GTATTCTGTGCGATAG-1	11
beige.day3_GTATTCTGTGGTGTAG-1	7
beige.day3_GTATTCTGTTGATTCG-1	9
beige.day3_GTATTCTTCAGGCAAG-1	8
beige.day3_GTATTCTTCCCGGATG-1	8
beige.day3_GTATTCTTCCGTAGTA-1	10
beige.day3_GTATTCTTCCGTTGCT-1	11
beige.day3_GTATTCTTCTACTATC-1	7
beige.day3_GTATTCTTCTTCGAGA-1	10
beige.day3_GTCAAGTAGAATTGTG-1	11
beige.day3_GTCAAGTAGCAGATCG-1	11
beige.day3_GTCAAGTAGCGATGAC-1	8
beige.day3_GTCAAGTAGCTGAACG-1	12
beige.day3_GTCAAGTAGCTGTCTA-1	7
beige.day3_GTCAAGTAGGGTCTCC-1	8
beige.day3_GTCAAGTAGGTGCAAC-1	12
beige.day3_GTCAAGTCAGCATGAG-1	7
beige.day3_GTCAAGTCAGCTCGCA-1	7
beige.day3_GTCAAGTCAGGTCCAC-1	8
beige.day3_GTCAAGTCATTTGCTT-1	11
beige.day3_GTCAAGTGTACCATCA-1	12
beige.day3_GTCAAGTGTAGCCTAT-1	9
beige.day3_GTCAAGTGTCACCTAA-1	7
beige.day3_GTCAAGTGTGGCCCTA-1	8
beige.day3_GTCAAGTTCAGCATGT-1	8
beige.day3_GTCAAGTTCATGTGGT-1	6
beige.day3_GTCAAGTTCTGTCCGT-1	8
beige.day3_GTCACAAAGACTTGAA-1	12
beige.day3_GTCACAAAGAGGGCTT-1	8
beige.day3_GTCACAAAGCACCGTC-1	12
beige.day3_GTCACAAAGGCAGGTT-1	12
beige.day3_GTCACAAAGTAGGTGC-1	11
beige.day3_GTCACAACAAGAAAGG-1	9
beige.day3_GTCACAACACAACGTT-1	8
beige.day3_GTCACAACAGCTGCTG-1	11
beige.day3_GTCACAACAGTTTACG-1	6
beige.day3_GTCACAACATGCCTAA-1	8
beige.day3_GTCACAACATTCGACA-1	12
beige.day3_GTCACAAGTCGAAAGC-1	12
beige.day3_GTCACAAGTCGATTGT-1	12
beige.day3_GTCACAAGTGTGACGA-1	8
beige.day3_GTCACAATCCACTGGG-1	7
beige.day3_GTCACAATCCCTAATT-1	9
beige.day3_GTCACAATCCGGCACA-1	8
beige.day3_GTCACAATCGTACCGG-1	12
beige.day3_GTCACAATCTTCCTTC-1	12
beige.day3_GTCACGGAGAACTGTA-1	8
beige.day3_GTCACGGAGAATAGGG-1	11
beige.day3_GTCACGGAGACCGGAT-1	11
beige.day3_GTCACGGAGACGACGT-1	11
beige.day3_GTCACGGAGCGTGTCC-1	12
beige.day3_GTCACGGAGGGATCTG-1	12
beige.day3_GTCACGGAGTACGTAA-1	12
beige.day3_GTCACGGAGTATCGAA-1	8
beige.day3_GTCACGGAGTCAAGGC-1	12
beige.day3_GTCACGGAGTGATCGG-1	11
beige.day3_GTCACGGCAAACGTGG-1	12
beige.day3_GTCACGGCACCTCGGA-1	11
beige.day3_GTCACGGCATCACAAC-1	10
beige.day3_GTCACGGGTACCGCTG-1	12
beige.day3_GTCACGGGTACCTACA-1	7
beige.day3_GTCACGGGTAGAGGAA-1	9
beige.day3_GTCACGGGTAGCGTCC-1	12
beige.day3_GTCACGGGTAGGAGTC-1	9
beige.day3_GTCACGGGTCAACATC-1	12
beige.day3_GTCACGGGTCCCTTGT-1	8
beige.day3_GTCACGGGTCTCCCTA-1	10
beige.day3_GTCACGGGTTCATGGT-1	8
beige.day3_GTCACGGGTTCCGTCT-1	12
beige.day3_GTCACGGTCCAGAAGG-1	12
beige.day3_GTCACGGTCCATTCTA-1	8
beige.day3_GTCACGGTCCTATTCA-1	12
beige.day3_GTCACGGTCTTGAGGT-1	10
beige.day3_GTCATTTAGAGTACCG-1	8
beige.day3_GTCATTTAGTATCGAA-1	8
beige.day3_GTCATTTAGTCTCCTC-1	8
beige.day3_GTCATTTAGTGCGTGA-1	12
beige.day3_GTCATTTAGTGGAGAA-1	7
beige.day3_GTCATTTAGTTATCGC-1	12
beige.day3_GTCATTTCACATCTTT-1	10
beige.day3_GTCATTTCATCCAACA-1	12
beige.day3_GTCATTTCATCTCGCT-1	11
beige.day3_GTCATTTCATGTCGAT-1	8
beige.day3_GTCATTTCATTTGCCC-1	11
beige.day3_GTCATTTGTATCACCA-1	7
beige.day3_GTCATTTGTCAACATC-1	12
beige.day3_GTCATTTGTCTAAAGA-1	7
beige.day3_GTCATTTGTTACGCGC-1	7
beige.day3_GTCATTTTCAGTTCGA-1	7
beige.day3_GTCATTTTCATAGCAC-1	8
beige.day3_GTCATTTTCCCGACTT-1	11
beige.day3_GTCATTTTCGCCAGCA-1	12
beige.day3_GTCATTTTCGTGGACC-1	8
beige.day3_GTCATTTTCTACTCAT-1	8
beige.day3_GTCCTCAAGAAGAAGC-1	10
beige.day3_GTCCTCAAGCTAGTCT-1	8
beige.day3_GTCCTCAAGGTCGGAT-1	9
beige.day3_GTCCTCACAAGGTTCT-1	10
beige.day3_GTCCTCACACAGCCCA-1	8
beige.day3_GTCCTCACATGGGACA-1	8
beige.day3_GTCCTCACATGTAAGA-1	12
beige.day3_GTCCTCAGTACATGTC-1	12
beige.day3_GTCCTCAGTAGCACGA-1	10
beige.day3_GTCCTCAGTCCGTTAA-1	9
beige.day3_GTCCTCATCAATCACG-1	7
beige.day3_GTCCTCATCATCGCTC-1	8
beige.day3_GTCCTCATCATCTGTT-1	8
beige.day3_GTCGGGTCAATCCGAT-1	12
beige.day3_GTCGGGTCACAGGTTT-1	11
beige.day3_GTCGGGTCACCGAATT-1	11
beige.day3_GTCGGGTCACGTCTCT-1	8
beige.day3_GTCGGGTCACTTAACG-1	11
beige.day3_GTCGGGTCAGACAAAT-1	7
beige.day3_GTCGGGTCAGACGCCT-1	12
beige.day3_GTCGGGTCAGTCGTGC-1	12
beige.day3_GTCGGGTGTACTCGCG-1	9
beige.day3_GTCGGGTGTAGTAGTA-1	12
beige.day3_GTCGGGTGTATAATGG-1	9
beige.day3_GTCGGGTGTCGCGAAA-1	10
beige.day3_GTCGGGTGTCTCCATC-1	8
beige.day3_GTCGGGTGTTCAGACT-1	11
beige.day3_GTCGGGTGTTTGGGCC-1	12
beige.day3_GTCGGGTTCATTTGGG-1	11
beige.day3_GTCGGGTTCCGTTGCT-1	8
beige.day3_GTCGGGTTCGAACGGA-1	12
beige.day3_GTCGGGTTCGGACAAG-1	6
beige.day3_GTCGGGTTCTAAGCCA-1	7
beige.day3_GTCGTAAAGACAATAC-1	7
beige.day3_GTCGTAAAGATCTGCT-1	9
beige.day3_GTCGTAAAGCTAGTGG-1	12
beige.day3_GTCGTAAAGCTGAAAT-1	8
beige.day3_GTCGTAAAGGGCTTCC-1	8
beige.day3_GTCGTAACACACCGCA-1	8
beige.day3_GTCGTAACACCCAGTG-1	12
beige.day3_GTCGTAACATGGTCTA-1	8
beige.day3_GTCGTAAGTACACCGC-1	7
beige.day3_GTCGTAAGTAGCGTAG-1	11
beige.day3_GTCGTAAGTCGTCTTC-1	11
beige.day3_GTCGTAAGTCTGCGGT-1	12
beige.day3_GTCGTAAGTTGTGGAG-1	8
beige.day3_GTCGTAATCACTATTC-1	12
beige.day3_GTCGTAATCAGCTTAG-1	10
beige.day3_GTCGTAATCCCAACGG-1	12
beige.day3_GTCGTAATCCCAAGAT-1	12
beige.day3_GTCGTAATCCCACTTG-1	8
beige.day3_GTCGTAATCGCCAAAT-1	8
beige.day3_GTCGTAATCGGCATCG-1	8
beige.day3_GTCGTAATCGGCCGAT-1	8
beige.day3_GTCTCGTAGATAGGAG-1	12
beige.day3_GTCTCGTAGATGTGGC-1	8
beige.day3_GTCTCGTAGCGATGAC-1	8
beige.day3_GTCTCGTAGGGCTCTC-1	8
beige.day3_GTCTCGTAGTGCTGCC-1	11
beige.day3_GTCTCGTAGTGTACTC-1	11
beige.day3_GTCTCGTCAAATTGCC-1	8
beige.day3_GTCTCGTCACGAGAGT-1	7
beige.day3_GTCTCGTCACGGTGTC-1	8
beige.day3_GTCTCGTCACGTCTCT-1	8
beige.day3_GTCTCGTCATACCATG-1	8
beige.day3_GTCTCGTCATAGGATA-1	12
beige.day3_GTCTCGTGTCTCTCTG-1	6
beige.day3_GTCTCGTGTTCCTCCA-1	7
beige.day3_GTCTCGTTCAACACCA-1	8
beige.day3_GTCTCGTTCAGCTGGC-1	12
beige.day3_GTCTCGTTCCGTAGGC-1	9
beige.day3_GTCTCGTTCCTCTAGC-1	8
beige.day3_GTCTCGTTCGAACGGA-1	11
beige.day3_GTCTCGTTCGAACTGT-1	9
beige.day3_GTCTCGTTCTCGAGTA-1	9
beige.day3_GTCTCGTTCTTCATGT-1	10
beige.day3_GTCTCGTTCTTGTTTG-1	7
beige.day3_GTCTTCGAGAAGGACA-1	10
beige.day3_GTCTTCGAGAGGACGG-1	8
beige.day3_GTCTTCGAGAGTACAT-1	9
beige.day3_GTCTTCGAGCACCGCT-1	9
beige.day3_GTCTTCGAGCCACCTG-1	6
beige.day3_GTCTTCGAGGACATTA-1	7
beige.day3_GTCTTCGAGGTACTCT-1	11
beige.day3_GTCTTCGAGGTGTGGT-1	7
beige.day3_GTCTTCGAGTATTGGA-1	7
beige.day3_GTCTTCGCAACGCACC-1	7
beige.day3_GTCTTCGCAAGTAGTA-1	7
beige.day3_GTCTTCGCAAGTTAAG-1	8
beige.day3_GTCTTCGCAATCACAC-1	8
beige.day3_GTCTTCGCACAGACTT-1	8
beige.day3_GTCTTCGCAGCGAACA-1	8
beige.day3_GTCTTCGCATCGGAAG-1	7
beige.day3_GTCTTCGCATCGGACC-1	9
beige.day3_GTCTTCGCATCGGGTC-1	8
beige.day3_GTCTTCGCATGAACCT-1	12
beige.day3_GTCTTCGCATGGATGG-1	8
beige.day3_GTCTTCGGTACCGTAT-1	12
beige.day3_GTCTTCGGTATGAAAC-1	10
beige.day3_GTCTTCGGTCAAAGCG-1	8
beige.day3_GTCTTCGGTCCGAGTC-1	8
beige.day3_GTCTTCGGTCTCTTTA-1	12
beige.day3_GTCTTCGGTGTCTGAT-1	7
beige.day3_GTCTTCGGTTGAACTC-1	8
beige.day3_GTCTTCGTCACGATGT-1	8
beige.day3_GTCTTCGTCAGTTGAC-1	9
beige.day3_GTCTTCGTCAGTTTGG-1	8
beige.day3_GTCTTCGTCGCAAGCC-1	8
beige.day3_GTCTTCGTCTAGCACA-1	8
beige.day3_GTCTTCGTCTTGCATT-1	8
beige.day3_GTCTTCGTCTTGGGTA-1	8
beige.day3_GTGAAGGAGAGATGAG-1	8
beige.day3_GTGAAGGAGAGTACCG-1	9
beige.day3_GTGAAGGAGGATGCGT-1	5
beige.day3_GTGAAGGAGGTGCACA-1	11
beige.day3_GTGAAGGAGTGCGTGA-1	8
beige.day3_GTGAAGGCAAGGACTG-1	12
beige.day3_GTGAAGGCAATCGGTT-1	9
beige.day3_GTGAAGGCAATGGACG-1	8
beige.day3_GTGAAGGCACCAGCAC-1	12
beige.day3_GTGAAGGCATCCGTGG-1	7
beige.day3_GTGAAGGCATGCCTTC-1	8
beige.day3_GTGAAGGCATTTGCTT-1	12
beige.day3_GTGAAGGGTACGAAAT-1	12
beige.day3_GTGAAGGGTCAAAGCG-1	12
beige.day3_GTGAAGGGTCGCTTCT-1	9
beige.day3_GTGAAGGGTCTCTTAT-1	8
beige.day3_GTGAAGGGTCTGATCA-1	8
beige.day3_GTGAAGGGTTAGGGTG-1	8
beige.day3_GTGAAGGGTTATGTGC-1	11
beige.day3_GTGAAGGGTTCACGGC-1	7
beige.day3_GTGAAGGTCACAACGT-1	11
beige.day3_GTGAAGGTCAGGATCT-1	8
beige.day3_GTGAAGGTCATTTGGG-1	7
beige.day3_GTGAAGGTCGGACAAG-1	8
beige.day3_GTGAAGGTCGGTGTTA-1	11
beige.day3_GTGAAGGTCTTCATGT-1	12
beige.day3_GTGCAGCAGAAGGCCT-1	9
beige.day3_GTGCAGCAGAGCTATA-1	9
beige.day3_GTGCAGCAGAGTACCG-1	10
beige.day3_GTGCAGCAGATGGCGT-1	10
beige.day3_GTGCAGCAGCTAAGAT-1	7
beige.day3_GTGCAGCAGCTTCGCG-1	8
beige.day3_GTGCAGCAGGTGGGTT-1	8
beige.day3_GTGCAGCAGTGCCATT-1	12
beige.day3_GTGCAGCAGTGTCTCA-1	11
beige.day3_GTGCAGCAGTTAGGTA-1	8
beige.day3_GTGCAGCCAAGCTGTT-1	8
beige.day3_GTGCAGCCAATGTAAG-1	8
beige.day3_GTGCAGCCAGACAAAT-1	8
beige.day3_GTGCAGCCATACAGCT-1	10
beige.day3_GTGCAGCCATCGGAAG-1	8
beige.day3_GTGCAGCCATGGAATA-1	8
beige.day3_GTGCAGCCATGTTCCC-1	8
beige.day3_GTGCAGCGTCACTGGC-1	12
beige.day3_GTGCAGCGTCAGAATA-1	12
beige.day3_GTGCAGCGTCCAAGTT-1	11
beige.day3_GTGCAGCGTTCTCATT-1	7
beige.day3_GTGCAGCTCACCCTCA-1	8
beige.day3_GTGCAGCTCCAAGTAC-1	10
beige.day3_GTGCAGCTCGTTTAGG-1	11
beige.day3_GTGCATAAGAACTCGG-1	12
beige.day3_GTGCATAAGATCCTGT-1	10
beige.day3_GTGCATAAGGATATAC-1	10
beige.day3_GTGCATAAGGGCTTGA-1	8
beige.day3_GTGCATAAGGTGCACA-1	8
beige.day3_GTGCATAAGTGGGTTG-1	8
beige.day3_GTGCATACAATCGAAA-1	8
beige.day3_GTGCATACACGCATCG-1	7
beige.day3_GTGCATACAGATGAGC-1	12
beige.day3_GTGCATACAGTTAACC-1	8
beige.day3_GTGCATACATCCTAGA-1	8
beige.day3_GTGCATACATGCAATC-1	8
beige.day3_GTGCATAGTCGTTGTA-1	8
beige.day3_GTGCATAGTGCGGTAA-1	7
beige.day3_GTGCATAGTGCTGTAT-1	8
beige.day3_GTGCATAGTTTCGCTC-1	12
beige.day3_GTGCATATCATCACCC-1	4
beige.day3_GTGCATATCGCCGTGA-1	11
beige.day3_GTGCATATCGGCGGTT-1	8
beige.day3_GTGCATATCTACTTAC-1	9
beige.day3_GTGCATATCTCCAGGG-1	8
beige.day3_GTGCGGTAGATGGGTC-1	11
beige.day3_GTGCGGTAGGATGGAA-1	11
beige.day3_GTGCGGTAGTAGATGT-1	8
beige.day3_GTGCGGTAGTGACTCT-1	11
beige.day3_GTGCGGTAGTGTACTC-1	10
beige.day3_GTGCGGTCAAGGTGTG-1	8
beige.day3_GTGCGGTCAAGGTTTC-1	3
beige.day3_GTGCGGTCAATGGACG-1	7
beige.day3_GTGCGGTCACAGGCCT-1	12
beige.day3_GTGCGGTCAGTTCCCT-1	10
beige.day3_GTGCGGTCATGATCCA-1	8
beige.day3_GTGCGGTCATGCCTAA-1	12
beige.day3_GTGCGGTGTACAGCAG-1	12
beige.day3_GTGCGGTGTACGCACC-1	7
beige.day3_GTGCGGTGTAGCGTCC-1	10
beige.day3_GTGCGGTGTATTCTCT-1	8
beige.day3_GTGCGGTGTCATGCCG-1	12
beige.day3_GTGCGGTGTGGGTATG-1	8
beige.day3_GTGCGGTTCGCGGATC-1	11
beige.day3_GTGCGGTTCGTCCAGG-1	7
beige.day3_GTGCGGTTCTCGATGA-1	8
beige.day3_GTGCGGTTCTCTGTCG-1	12
beige.day3_GTGCGGTTCTGCGACG-1	8
beige.day3_GTGCTTCAGAAGGTGA-1	8
beige.day3_GTGCTTCAGACAAAGG-1	9
beige.day3_GTGCTTCAGTGGAGTC-1	11
beige.day3_GTGCTTCAGTTTCCTT-1	10
beige.day3_GTGCTTCCAATCTACG-1	12
beige.day3_GTGCTTCCACACGCTG-1	9
beige.day3_GTGCTTCCACCAACCG-1	8
beige.day3_GTGCTTCCACGAAAGC-1	10
beige.day3_GTGCTTCCACGGTTTA-1	8
beige.day3_GTGCTTCCAGCCAGAA-1	8
beige.day3_GTGCTTCCAGGGTATG-1	10
beige.day3_GTGCTTCCATAAGACA-1	9
beige.day3_GTGCTTCCATCGGAAG-1	8
beige.day3_GTGCTTCCATGAACCT-1	11
beige.day3_GTGCTTCGTACAGACG-1	11
beige.day3_GTGCTTCGTCTACCTC-1	12
beige.day3_GTGCTTCGTCTTCTCG-1	8
beige.day3_GTGCTTCGTGACGCCT-1	10
beige.day3_GTGCTTCGTTCCACAA-1	9
beige.day3_GTGCTTCGTTGTCGCG-1	8
beige.day3_GTGCTTCTCACCGGGT-1	12
beige.day3_GTGCTTCTCCAAACTG-1	11
beige.day3_GTGCTTCTCCAAAGTC-1	10
beige.day3_GTGCTTCTCCATTCTA-1	8
beige.day3_GTGGGTCAGCGAGAAA-1	8
beige.day3_GTGGGTCAGGGTTCCC-1	7
beige.day3_GTGGGTCAGGTACTCT-1	11
beige.day3_GTGGGTCAGTTATCGC-1	8
beige.day3_GTGGGTCCACAACGTT-1	11
beige.day3_GTGGGTCCACAGATTC-1	8
beige.day3_GTGGGTCCACGCGAAA-1	9
beige.day3_GTGGGTCCAGACGCAA-1	8
beige.day3_GTGGGTCCAGGATTGG-1	7
beige.day3_GTGGGTCCATCGGGTC-1	9
beige.day3_GTGGGTCCATCTATGG-1	12
beige.day3_GTGGGTCCATGTCTCC-1	4
beige.day3_GTGGGTCGTAAACGCG-1	1
beige.day3_GTGGGTCGTAGCCTAT-1	8
beige.day3_GTGGGTCGTCTTCAAG-1	12
beige.day3_GTGGGTCGTTGCCTCT-1	12
beige.day3_GTGGGTCTCGGAAATA-1	9
beige.day3_GTGGGTCTCTAGAGTC-1	10
beige.day3_GTGGGTCTCTTGGGTA-1	11
beige.day3_GTGGGTCTCTTTAGTC-1	11
beige.day3_GTGTGCGAGAAACCGC-1	6
beige.day3_GTGTGCGAGAAGGTGA-1	8
beige.day3_GTGTGCGAGCGCCTCA-1	9
beige.day3_GTGTGCGAGGTGATAT-1	12
beige.day3_GTGTGCGAGTTTAGGA-1	12
beige.day3_GTGTGCGCAGGGCATA-1	8
beige.day3_GTGTGCGCATTGGTAC-1	8
beige.day3_GTGTGCGGTAGGAGTC-1	8
beige.day3_GTGTGCGGTCTCACCT-1	12
beige.day3_GTGTGCGGTGAGTGAC-1	12
beige.day3_GTGTGCGGTGCACTTA-1	12
beige.day3_GTGTGCGGTTGTGGCC-1	8
beige.day3_GTGTGCGGTTTGTTGG-1	10
beige.day3_GTGTGCGTCACGAAGG-1	12
beige.day3_GTGTGCGTCATGTGGT-1	12
beige.day3_GTGTGCGTCCAGGGCT-1	7
beige.day3_GTGTGCGTCGCGGATC-1	7
beige.day3_GTGTGCGTCTGACCTC-1	12
beige.day3_GTGTGCGTCTGATTCT-1	8
beige.day3_GTGTTAGAGCGATCCC-1	8
beige.day3_GTGTTAGAGGATGGAA-1	7
beige.day3_GTGTTAGAGGGTATCG-1	7
beige.day3_GTGTTAGAGGTGACCA-1	7
beige.day3_GTGTTAGAGGTGCTTT-1	8
beige.day3_GTGTTAGAGTAGGCCA-1	8
beige.day3_GTGTTAGAGTCTCAAC-1	7
beige.day3_GTGTTAGAGTGTTAGA-1	11
beige.day3_GTGTTAGCACGCTTTC-1	8
beige.day3_GTGTTAGCACTTCTGC-1	10
beige.day3_GTGTTAGCAGTATGCT-1	9
beige.day3_GTGTTAGCATATACCG-1	8
beige.day3_GTGTTAGCATCTCGCT-1	8
beige.day3_GTGTTAGCATGGTAGG-1	9
beige.day3_GTGTTAGGTAGAGCTG-1	8
beige.day3_GTGTTAGGTGTCTGAT-1	11
beige.day3_GTGTTAGGTTGACGTT-1	8
beige.day3_GTGTTAGTCAGAAATG-1	8
beige.day3_GTGTTAGTCAGTCCCT-1	12
beige.day3_GTGTTAGTCATGTGGT-1	11
beige.day3_GTGTTAGTCCAGTATG-1	10
beige.day3_GTGTTAGTCCATGAAC-1	7
beige.day3_GTGTTAGTCCTTTACA-1	9
beige.day3_GTGTTAGTCGATCCCT-1	8
beige.day3_GTGTTAGTCGGCGCTA-1	11
beige.day3_GTGTTAGTCGTCGTTC-1	10
beige.day3_GTGTTAGTCTGTTGAG-1	8
beige.day3_GTTAAGCAGAAACGCC-1	7
beige.day3_GTTAAGCAGAGGTACC-1	9
beige.day3_GTTAAGCAGATGTCGG-1	8
beige.day3_GTTAAGCAGCTTATCG-1	7
beige.day3_GTTAAGCAGGCATTGG-1	5
beige.day3_GTTAAGCAGGGTTCCC-1	12
beige.day3_GTTAAGCAGTATCGAA-1	12
beige.day3_GTTAAGCAGTCAAGCG-1	10
beige.day3_GTTAAGCCACCAGGCT-1	6
beige.day3_GTTAAGCCACGCATCG-1	8
beige.day3_GTTAAGCCACGTGAGA-1	7
beige.day3_GTTAAGCCAGACGCAA-1	12
beige.day3_GTTAAGCCAGGTCCAC-1	7
beige.day3_GTTAAGCCATCCGTGG-1	8
beige.day3_GTTAAGCGTACTTCTT-1	11
beige.day3_GTTAAGCGTAGAAAGG-1	8
beige.day3_GTTAAGCGTATTAGCC-1	12
beige.day3_GTTAAGCGTCACCTAA-1	8
beige.day3_GTTAAGCGTCTAGAGG-1	12
beige.day3_GTTAAGCGTTGAGTTC-1	1
beige.day3_GTTAAGCTCAAACAAG-1	9
beige.day3_GTTAAGCTCAACGGCC-1	11
beige.day3_GTTAAGCTCAGAAATG-1	8
beige.day3_GTTACAGAGACTAAGT-1	10
beige.day3_GTTACAGAGATATGGT-1	9
beige.day3_GTTACAGAGCGTGAAC-1	8
beige.day3_GTTACAGAGGCAATTA-1	12
beige.day3_GTTACAGAGTTAGCGG-1	8
beige.day3_GTTACAGAGTTGAGAT-1	12
beige.day3_GTTACAGAGTTTCCTT-1	8
beige.day3_GTTACAGCAAGAGGCT-1	8
beige.day3_GTTACAGCAATGGTCT-1	10
beige.day3_GTTACAGCACATTTCT-1	8
beige.day3_GTTACAGCACCTATCC-1	12
beige.day3_GTTACAGCACGAAACG-1	7
beige.day3_GTTACAGCAGACAAAT-1	9
beige.day3_GTTACAGCAGGACGTA-1	8
beige.day3_GTTACAGCAGTAGAGC-1	9
beige.day3_GTTACAGCAGTCTTCC-1	10
beige.day3_GTTACAGCATGCGCAC-1	10
beige.day3_GTTACAGGTAATCACC-1	3
beige.day3_GTTACAGGTACATCCA-1	11
beige.day3_GTTACAGGTAGCCTCG-1	11
beige.day3_GTTACAGGTAGCGTGA-1	11
beige.day3_GTTACAGGTGCACTTA-1	12
beige.day3_GTTACAGTCAACTCTT-1	12
beige.day3_GTTACAGTCAGCATGT-1	10
beige.day3_GTTACAGTCATAGCAC-1	9
beige.day3_GTTACAGTCATTGCGA-1	7
beige.day3_GTTACAGTCCTCTAGC-1	8
beige.day3_GTTACAGTCGTAGGAG-1	10
beige.day3_GTTCATTAGACAGAGA-1	12
beige.day3_GTTCATTAGCGTCTAT-1	8
beige.day3_GTTCATTAGTTAACGA-1	12
beige.day3_GTTCATTCAAGTTCTG-1	11
beige.day3_GTTCATTCACCAACCG-1	10
beige.day3_GTTCATTCACTTCGAA-1	12
beige.day3_GTTCATTCAGCTGTAT-1	10
beige.day3_GTTCATTCATCCGCGA-1	9
beige.day3_GTTCATTCATCTCGCT-1	8
beige.day3_GTTCATTCATTCTTAC-1	12
beige.day3_GTTCATTGTAACGTTC-1	12
beige.day3_GTTCATTGTAATCGTC-1	8
beige.day3_GTTCATTGTGTTGGGA-1	12
beige.day3_GTTCATTGTTGTCTTT-1	8
beige.day3_GTTCATTTCAACTCTT-1	12
beige.day3_GTTCATTTCACATGCA-1	11
beige.day3_GTTCATTTCGGCATCG-1	9
beige.day3_GTTCATTTCGTTGACA-1	12
beige.day3_GTTCGGGAGAGATGAG-1	9
beige.day3_GTTCGGGAGCGCCTTG-1	10
beige.day3_GTTCGGGAGGAGTACC-1	11
beige.day3_GTTCGGGAGTAGGCCA-1	12
beige.day3_GTTCGGGAGTGGTCCC-1	1
beige.day3_GTTCGGGCAATAGAGT-1	8
beige.day3_GTTCGGGCACATTAGC-1	7
beige.day3_GTTCGGGCACCAGATT-1	8
beige.day3_GTTCGGGCAGAAGCAC-1	8
beige.day3_GTTCGGGCAGGGTACA-1	7
beige.day3_GTTCGGGCAGTTAACC-1	12
beige.day3_GTTCGGGCATCTCCCA-1	8
beige.day3_GTTCGGGCATGGGAAC-1	11
beige.day3_GTTCGGGGTTAGATGA-1	7
beige.day3_GTTCGGGGTTCAGACT-1	8
beige.day3_GTTCGGGGTTCCTCCA-1	8
beige.day3_GTTCGGGGTTTGGCGC-1	8
beige.day3_GTTCGGGTCGAGGTAG-1	9
beige.day3_GTTCGGGTCGGCGCTA-1	7
beige.day3_GTTCGGGTCTAGCACA-1	8
beige.day3_GTTCGGGTCTGTACGA-1	8
beige.day3_GTTCTCGAGAAGATTC-1	12
beige.day3_GTTCTCGAGACAGAGA-1	12
beige.day3_GTTCTCGAGAGTCGGT-1	8
beige.day3_GTTCTCGAGCTGATAA-1	12
beige.day3_GTTCTCGAGGACAGCT-1	12
beige.day3_GTTCTCGAGGTGGGTT-1	10
beige.day3_GTTCTCGAGTAAGTAC-1	8
beige.day3_GTTCTCGCAAACTGCT-1	7
beige.day3_GTTCTCGCAAGTAGTA-1	12
beige.day3_GTTCTCGCACTACAGT-1	8
beige.day3_GTTCTCGCAGTGAGTG-1	9
beige.day3_GTTCTCGCATCGATGT-1	7
beige.day3_GTTCTCGGTAATAGCA-1	1
beige.day3_GTTCTCGGTAGATTAG-1	12
beige.day3_GTTCTCGGTAGCTAAA-1	12
beige.day3_GTTCTCGGTAGTAGTA-1	8
beige.day3_GTTCTCGGTCACCTAA-1	12
beige.day3_GTTCTCGGTCACTGGC-1	9
beige.day3_GTTCTCGGTGTCCTCT-1	12
beige.day3_GTTCTCGGTTCCACAA-1	10
beige.day3_GTTCTCGGTTCCGTCT-1	11
beige.day3_GTTCTCGGTTGGTGGA-1	9
beige.day3_GTTCTCGTCACAGTAC-1	9
beige.day3_GTTCTCGTCATCGGAT-1	9
beige.day3_GTTCTCGTCATGCATG-1	9
beige.day3_GTTTCTAAGATGTGGC-1	8
beige.day3_GTTTCTAAGCTCCTTC-1	9
beige.day3_GTTTCTAAGGCTCATT-1	12
beige.day3_GTTTCTAAGGGATGGG-1	8
beige.day3_GTTTCTAAGTTAGGTA-1	12
beige.day3_GTTTCTACACAGACAG-1	12
beige.day3_GTTTCTACACAGCGTC-1	6
beige.day3_GTTTCTACACTTCTGC-1	8
beige.day3_GTTTCTACAGCCTATA-1	9
beige.day3_GTTTCTACAGTTCCCT-1	9
beige.day3_GTTTCTACATCGGGTC-1	11
beige.day3_GTTTCTACATGCTGGC-1	8
beige.day3_GTTTCTAGTACAAGTA-1	8
beige.day3_GTTTCTAGTAGCTTGT-1	8
beige.day3_GTTTCTAGTCGGATCC-1	7
beige.day3_GTTTCTAGTCTTGATG-1	12
beige.day3_GTTTCTAGTGAGGGTT-1	5
beige.day3_GTTTCTATCATACGGT-1	8
beige.day3_GTTTCTATCGAACTGT-1	1
beige.day3_GTTTCTATCGCCAGCA-1	11
beige.day3_GTTTCTATCGGTGTTA-1	10
beige.day3_GTTTCTATCGGTTAAC-1	10
beige.day3_GTTTCTATCGTTACGA-1	8
beige.day3_GTTTCTATCTTACCGC-1	8
beige.day3_TAAACCGAGATGCCAG-1	8
beige.day3_TAAACCGAGCATCATC-1	8
beige.day3_TAAACCGAGCTGAAAT-1	8
beige.day3_TAAACCGAGTTACCCA-1	3
beige.day3_TAAACCGCAAATCCGT-1	10
beige.day3_TAAACCGCAACTGGCC-1	10
beige.day3_TAAACCGCAAGCGAGT-1	9
beige.day3_TAAACCGCACCTCGGA-1	12
beige.day3_TAAACCGCAGTAAGCG-1	8
beige.day3_TAAACCGGTATAGGGC-1	8
beige.day3_TAAACCGGTATTACCG-1	7
beige.day3_TAAACCGGTCAAACTC-1	8
beige.day3_TAAACCGGTGAACCTT-1	9
beige.day3_TAAACCGGTGTAATGA-1	9
beige.day3_TAAACCGGTTCTCATT-1	10
beige.day3_TAAACCGTCAGCTTAG-1	9
beige.day3_TAAACCGTCAGTCCCT-1	7
beige.day3_TAAACCGTCCACGACG-1	11
beige.day3_TAAACCGTCGTTGCCT-1	8
beige.day3_TAAACCGTCTGCGACG-1	8
beige.day3_TAAACCGTCTTGCAAG-1	12
beige.day3_TAAGAGAAGAAACCGC-1	7
beige.day3_TAAGAGAAGCAGGTCA-1	8
beige.day3_TAAGAGAAGCTAGCCC-1	8
beige.day3_TAAGAGAAGCTGCCCA-1	9
beige.day3_TAAGAGAAGCTTCGCG-1	7
beige.day3_TAAGAGAAGGTTACCT-1	9
beige.day3_TAAGAGAAGTGCCAGA-1	10
beige.day3_TAAGAGACAACTTGAC-1	9
beige.day3_TAAGAGACACCCAGTG-1	8
beige.day3_TAAGAGACACTCGACG-1	8
beige.day3_TAAGAGACAGAAGCAC-1	12
beige.day3_TAAGAGACAGCCAGAA-1	9
beige.day3_TAAGAGACAGCGTTCG-1	8
beige.day3_TAAGAGACAGCTTAAC-1	8
beige.day3_TAAGAGACAGCTTCGG-1	7
beige.day3_TAAGAGACAGTATAAG-1	12
beige.day3_TAAGAGACATGCGCAC-1	8
beige.day3_TAAGAGACATGGTAGG-1	12
beige.day3_TAAGAGAGTAAAGGAG-1	11
beige.day3_TAAGAGAGTCAAACTC-1	8
beige.day3_TAAGAGATCACGCGGT-1	11
beige.day3_TAAGAGATCAGCCTAA-1	9
beige.day3_TAAGAGATCAGCGATT-1	7
beige.day3_TAAGAGATCAGCTTAG-1	9
beige.day3_TAAGAGATCCTCAATT-1	8
beige.day3_TAAGAGATCGCAGGCT-1	12
beige.day3_TAAGAGATCTCGAGTA-1	10
beige.day3_TAAGCGTAGAAGATTC-1	10
beige.day3_TAAGCGTAGAATAGGG-1	9
beige.day3_TAAGCGTAGGGTGTGT-1	8
beige.day3_TAAGCGTAGTCGATAA-1	9
beige.day3_TAAGCGTAGTGATCGG-1	8
beige.day3_TAAGCGTAGTGCTGCC-1	8
beige.day3_TAAGCGTCAAGTAATG-1	8
beige.day3_TAAGCGTCACAACTGT-1	5
beige.day3_TAAGCGTCACCAGGTC-1	8
beige.day3_TAAGCGTCACGAAGCA-1	9
beige.day3_TAAGCGTCAGCTGCAC-1	10
beige.day3_TAAGCGTCATCGATGT-1	9
beige.day3_TAAGCGTGTACTTGAC-1	8
beige.day3_TAAGCGTGTGATGCCC-1	12
beige.day3_TAAGCGTGTGGTGTAG-1	7
beige.day3_TAAGCGTGTTATCACG-1	11
beige.day3_TAAGCGTGTTGAACTC-1	9
beige.day3_TAAGCGTGTTTGTGTG-1	8
beige.day3_TAAGCGTTCACGACTA-1	8
beige.day3_TAAGCGTTCATGCAAC-1	8
beige.day3_TAAGCGTTCCACTCCA-1	8
beige.day3_TAAGCGTTCGTCCAGG-1	12
beige.day3_TAAGCGTTCTAACTGG-1	9
beige.day3_TAAGCGTTCTCCAACC-1	12
beige.day3_TAAGCGTTCTTATCTG-1	11
beige.day3_TAAGTGCAGAAGGGTA-1	7
beige.day3_TAAGTGCAGACACTAA-1	12
beige.day3_TAAGTGCAGATATGGT-1	9
beige.day3_TAAGTGCAGCCCAATT-1	10
beige.day3_TAAGTGCAGCTTCGCG-1	8
beige.day3_TAAGTGCAGGATATAC-1	8
beige.day3_TAAGTGCAGGCATGTG-1	8
beige.day3_TAAGTGCAGTAAGTAC-1	8
beige.day3_TAAGTGCCACTCGACG-1	12
beige.day3_TAAGTGCCAGGGCATA-1	12
beige.day3_TAAGTGCCATTAGCCA-1	8
beige.day3_TAAGTGCCATTTGCTT-1	9
beige.day3_TAAGTGCGTAGCCTAT-1	8
beige.day3_TAAGTGCGTCATGCCG-1	10
beige.day3_TAAGTGCGTCCGAGTC-1	9
beige.day3_TAAGTGCGTGATGTCT-1	12
beige.day3_TAAGTGCGTTCCTCCA-1	7
beige.day3_TAAGTGCGTTTGCATG-1	10
beige.day3_TAAGTGCTCACTTCAT-1	8
beige.day3_TAAGTGCTCATGCAAC-1	9
beige.day3_TAAGTGCTCCGGCACA-1	8
beige.day3_TAAGTGCTCCTATTCA-1	8
beige.day3_TAAGTGCTCGAATCCA-1	8
beige.day3_TAAGTGCTCGAGCCCA-1	10
beige.day3_TAAGTGCTCTAACGGT-1	8
beige.day3_TAAGTGCTCTTTAGGG-1	12
beige.day3_TACACGAAGAAGGTGA-1	8
beige.day3_TACACGAAGGAATGGA-1	12
beige.day3_TACACGAAGGCAATTA-1	11
beige.day3_TACACGAAGGCCCTTG-1	12
beige.day3_TACACGAAGGCTCAGA-1	11
beige.day3_TACACGAAGTGGAGAA-1	8
beige.day3_TACACGAAGTTATCGC-1	8
beige.day3_TACACGACAACCGCCA-1	12
beige.day3_TACACGACAGGACGTA-1	12
beige.day3_TACACGACAGGATTGG-1	12
beige.day3_TACACGACATGACGGA-1	8
beige.day3_TACACGAGTCCGTTAA-1	9
beige.day3_TACACGAGTGACGCCT-1	8
beige.day3_TACACGAGTGCCTGTG-1	8
beige.day3_TACACGAGTTAAAGAC-1	8
beige.day3_TACACGAGTTATCCGA-1	9
beige.day3_TACACGATCAAGGCTT-1	8
beige.day3_TACACGATCAAGGTAA-1	7
beige.day3_TACACGATCAATACCG-1	11
beige.day3_TACACGATCCAGTAGT-1	4
beige.day3_TACACGATCGCGTAGC-1	9
beige.day3_TACACGATCGCTAGCG-1	7
beige.day3_TACACGATCGTTTAGG-1	8
beige.day3_TACACGATCTTTCCTC-1	9
beige.day3_TACAGTGAGAATTCCC-1	3
beige.day3_TACAGTGAGACAGGCT-1	11
beige.day3_TACAGTGAGCAGCGTA-1	12
beige.day3_TACAGTGAGGGTGTGT-1	12
beige.day3_TACAGTGAGTAGCCGA-1	9
beige.day3_TACAGTGAGTTGTAGA-1	8
beige.day3_TACAGTGCAATGTTGC-1	9
beige.day3_TACAGTGCACAACGCC-1	1
beige.day3_TACAGTGCACGTTGGC-1	8
beige.day3_TACAGTGCAGTATAAG-1	7
beige.day3_TACAGTGCATTGGTAC-1	10
beige.day3_TACAGTGCATTGTGCA-1	8
beige.day3_TACAGTGGTACCGCTG-1	8
beige.day3_TACAGTGGTAGAGTGC-1	6
beige.day3_TACAGTGGTAGCGCAA-1	8
beige.day3_TACAGTGGTCGAGTTT-1	12
beige.day3_TACAGTGGTTCCGGCA-1	8
beige.day3_TACAGTGTCAGCCTAA-1	12
beige.day3_TACAGTGTCAGCGACC-1	8
beige.day3_TACAGTGTCATGGTCA-1	10
beige.day3_TACAGTGTCCAACCAA-1	9
beige.day3_TACAGTGTCCCGGATG-1	8
beige.day3_TACAGTGTCGGAAATA-1	12
beige.day3_TACAGTGTCTCCAGGG-1	8
beige.day3_TACAGTGTCTGCTGTC-1	9
beige.day3_TACAGTGTCTTCTGGC-1	11
beige.day3_TACCTATAGGAGTACC-1	12
beige.day3_TACCTATAGGTGCTAG-1	10
beige.day3_TACCTATAGTACTTGC-1	9
beige.day3_TACCTATAGTTAACGA-1	11
beige.day3_TACCTATCAAACAACA-1	12
beige.day3_TACCTATCAGATGAGC-1	8
beige.day3_TACCTATCAGTATAAG-1	5
beige.day3_TACCTATCATCACGAT-1	11
beige.day3_TACCTATCATCGATTG-1	11
beige.day3_TACCTATCATCTCGCT-1	8
beige.day3_TACCTATCATGGATGG-1	7
beige.day3_TACCTATCATTCACTT-1	12
beige.day3_TACCTATGTAGGGTAC-1	9
beige.day3_TACCTATGTATTCGTG-1	9
beige.day3_TACCTATGTCGGCTCA-1	10
beige.day3_TACCTATGTCTCTTAT-1	12
beige.day3_TACCTATGTGCGATAG-1	11
beige.day3_TACCTATGTGTTAAGA-1	12
beige.day3_TACCTATGTTTGGGCC-1	11
beige.day3_TACCTATTCACGATGT-1	12
beige.day3_TACCTATTCGCAAGCC-1	10
beige.day3_TACCTATTCGGTCCGA-1	8
beige.day3_TACCTATTCGTACCGG-1	9
beige.day3_TACCTATTCGTCCAGG-1	8
beige.day3_TACCTATTCTACGAGT-1	9
beige.day3_TACCTATTCTCCTATA-1	7
beige.day3_TACCTATTCTGATTCT-1	11
beige.day3_TACCTATTCTGTCCGT-1	11
beige.day3_TACCTATTCTTCATGT-1	5
beige.day3_TACCTTAAGAAGGACA-1	7
beige.day3_TACCTTAAGACTAGAT-1	8
beige.day3_TACCTTAAGCCCAATT-1	11
beige.day3_TACCTTAAGTGGCACA-1	8
beige.day3_TACCTTACAAGGTTCT-1	8
beige.day3_TACCTTACACTCGACG-1	10
beige.day3_TACCTTACAGTAAGCG-1	8
beige.day3_TACCTTACATCCGTGG-1	8
beige.day3_TACCTTACATCTCGCT-1	8
beige.day3_TACCTTAGTACCATCA-1	10
beige.day3_TACCTTAGTAGGCTGA-1	8
beige.day3_TACCTTAGTGATGTCT-1	10
beige.day3_TACCTTAGTGCCTGTG-1	8
beige.day3_TACCTTAGTTCCCTTG-1	8
beige.day3_TACCTTAGTTCCTCCA-1	10
beige.day3_TACCTTAGTTGTCGCG-1	10
beige.day3_TACCTTATCATGCATG-1	7
beige.day3_TACCTTATCATTATCC-1	9
beige.day3_TACCTTATCGCGTAGC-1	7
beige.day3_TACCTTATCTGGGCCA-1	8
beige.day3_TACCTTATCTGGTTCC-1	9
beige.day3_TACGGATAGAGGTTAT-1	10
beige.day3_TACGGATAGATGTCGG-1	4
beige.day3_TACGGATAGTGACATA-1	9
beige.day3_TACGGATAGTGGAGAA-1	12
beige.day3_TACGGATAGTGTGGCA-1	12
beige.day3_TACGGATCACACTGCG-1	10
beige.day3_TACGGATCACATCCAA-1	8
beige.day3_TACGGATCACTGTTAG-1	8
beige.day3_TACGGATCAGTAAGCG-1	9
beige.day3_TACGGATCAGTATGCT-1	10
beige.day3_TACGGATCAGTGGGAT-1	8
beige.day3_TACGGATGTAGAGGAA-1	12
beige.day3_TACGGATGTCTGGAGA-1	12
beige.day3_TACGGATGTGAGTGAC-1	8
beige.day3_TACGGATGTGCTTCTC-1	9
beige.day3_TACGGATGTGTGAAAT-1	7
beige.day3_TACGGATGTTCGTCTC-1	12
beige.day3_TACGGATTCAGGTTCA-1	9
beige.day3_TACGGATTCCAAGCCG-1	10
beige.day3_TACGGATTCCCACTTG-1	8
beige.day3_TACGGATTCGAACTGT-1	9
beige.day3_TACGGATTCGACCAGC-1	8
beige.day3_TACGGATTCGCAAACT-1	8
beige.day3_TACGGATTCTCCGGTT-1	12
beige.day3_TACGGATTCTCTGCTG-1	10
beige.day3_TACGGATTCTTAGAGC-1	12
beige.day3_TACGGGCAGAAACCAT-1	8
beige.day3_TACGGGCCAACACCCG-1	8
beige.day3_TACGGGCCAGAAGCAC-1	12
beige.day3_TACGGGCCAGATCGGA-1	8
beige.day3_TACGGGCCAGCTTAAC-1	11
beige.day3_TACGGGCCATCCCACT-1	6
beige.day3_TACGGGCGTAGTACCT-1	8
beige.day3_TACGGGCGTCACCCAG-1	8
beige.day3_TACGGGCGTCCTAGCG-1	10
beige.day3_TACGGGCGTCTAGAGG-1	11
beige.day3_TACGGGCGTCTCTTTA-1	11
beige.day3_TACGGGCGTGGTTTCA-1	8
beige.day3_TACGGGCGTGTAATGA-1	8
beige.day3_TACGGGCGTGTGTGCC-1	7
beige.day3_TACGGGCTCACCGGGT-1	8
beige.day3_TACGGGCTCAGCCTAA-1	12
beige.day3_TACGGGCTCATGTCCC-1	8
beige.day3_TACGGGCTCCCTGACT-1	12
beige.day3_TACGGGCTCCTAAGTG-1	8
beige.day3_TACGGGCTCGGTCCGA-1	8
beige.day3_TACGGGCTCTACTTAC-1	12
beige.day3_TACGGTAAGCCAGTTT-1	7
beige.day3_TACGGTAAGCCTATGT-1	8
beige.day3_TACGGTAAGCGACGTA-1	10
beige.day3_TACGGTAAGGATGGTC-1	8
beige.day3_TACGGTAAGGCCGAAT-1	5
beige.day3_TACGGTAAGGCGACAT-1	10
beige.day3_TACGGTAAGTGTTTGC-1	12
beige.day3_TACGGTACAAGCTGTT-1	7
beige.day3_TACGGTACACATGTGT-1	8
beige.day3_TACGGTACACGAGGTA-1	8
beige.day3_TACGGTACACGGTGTC-1	9
beige.day3_TACGGTACATCCTAGA-1	6
beige.day3_TACGGTAGTCCGTGAC-1	8
beige.day3_TACGGTAGTGCAACTT-1	5
beige.day3_TACGGTATCAATCTCT-1	8
beige.day3_TACGGTATCATGCTCC-1	7
beige.day3_TACGGTATCCATTCTA-1	12
beige.day3_TACGGTATCCTAAGTG-1	7
beige.day3_TACGGTATCGCTTAGA-1	12
beige.day3_TACTCATAGAAGGTTT-1	8
beige.day3_TACTCATCAACTGGCC-1	8
beige.day3_TACTCATCAATAGCAA-1	8
beige.day3_TACTCATCACACGCTG-1	8
beige.day3_TACTCATCACATCCGG-1	12
beige.day3_TACTCATCACTCGACG-1	8
beige.day3_TACTCATCAGTCAGAG-1	8
beige.day3_TACTCATGTAAACCTC-1	6
beige.day3_TACTCATGTATCTGCA-1	12
beige.day3_TACTCATGTCCGTTAA-1	9
beige.day3_TACTCATGTCTGGTCG-1	11
beige.day3_TACTCATGTGCCTGGT-1	6
beige.day3_TACTCATGTGTCAATC-1	8
beige.day3_TACTCATTCACTTATC-1	9
beige.day3_TACTCATTCAGCAACT-1	12
beige.day3_TACTCATTCATTGCGA-1	9
beige.day3_TACTCATTCCATGAGT-1	8
beige.day3_TACTCATTCCTGCTTG-1	8
beige.day3_TACTCATTCGACGGAA-1	8
beige.day3_TACTCATTCTGCGACG-1	7
beige.day3_TACTCATTCTGCTGTC-1	11
beige.day3_TACTCATTCTGTCCGT-1	12
beige.day3_TACTCGCAGCCAGGAT-1	8
beige.day3_TACTCGCAGGTGACCA-1	12
beige.day3_TACTCGCAGTCGATAA-1	7
beige.day3_TACTCGCAGTGACATA-1	9
beige.day3_TACTCGCAGTGGTAGC-1	6
beige.day3_TACTCGCAGTGTCCAT-1	10
beige.day3_TACTCGCAGTTGTCGT-1	12
beige.day3_TACTCGCCAACGATCT-1	12
beige.day3_TACTCGCCAAGGCTCC-1	8
beige.day3_TACTCGCCACCAGATT-1	11
beige.day3_TACTCGCCACTTCTGC-1	12
beige.day3_TACTCGCCATACGCCG-1	8
beige.day3_TACTCGCCATAGGATA-1	7
beige.day3_TACTCGCGTACTTAGC-1	9
beige.day3_TACTCGCGTCTAGCGC-1	8
beige.day3_TACTCGCGTCTAGGTT-1	11
beige.day3_TACTCGCGTGCAGGTA-1	10
beige.day3_TACTCGCGTGTCGCTG-1	12
beige.day3_TACTCGCGTTAGTGGG-1	8
beige.day3_TACTCGCGTTCAGACT-1	12
beige.day3_TACTCGCTCACCACCT-1	10
beige.day3_TACTCGCTCAGTGTTG-1	10
beige.day3_TACTCGCTCGATGAGG-1	9
beige.day3_TACTCGCTCGGCTTGG-1	10
beige.day3_TACTTACAGATAGGAG-1	8
beige.day3_TACTTACAGATGTTAG-1	10
beige.day3_TACTTACAGCTAACAA-1	11
beige.day3_TACTTACAGCTCAACT-1	7
beige.day3_TACTTACAGGTGTGGT-1	12
beige.day3_TACTTACAGTCAAGCG-1	12
beige.day3_TACTTACCAACTGGCC-1	8
beige.day3_TACTTACCAAGTCTAC-1	7
beige.day3_TACTTACCAATGAATG-1	6
beige.day3_TACTTACCACACGCTG-1	12
beige.day3_TACTTACCACTACAGT-1	8
beige.day3_TACTTACCAGCCAGAA-1	10
beige.day3_TACTTACCATAACCTG-1	12
beige.day3_TACTTACGTAGAAAGG-1	8
beige.day3_TACTTACGTATATGGA-1	12
beige.day3_TACTTACGTCAGAATA-1	8
beige.day3_TACTTACGTCTCTCGT-1	12
beige.day3_TACTTACGTTACTGAC-1	10
beige.day3_TACTTACGTTCGCGAC-1	8
beige.day3_TACTTACGTTGTTTGG-1	6
beige.day3_TACTTACTCCCTCAGT-1	7
beige.day3_TACTTACTCTTAACCT-1	10
beige.day3_TACTTACTCTTGTCAT-1	10
beige.day3_TACTTGTAGAGAGCTC-1	8
beige.day3_TACTTGTAGCCACGTC-1	10
beige.day3_TACTTGTAGCTACCTA-1	12
beige.day3_TACTTGTAGGGTTTCT-1	8
beige.day3_TACTTGTAGTTCGCAT-1	12
beige.day3_TACTTGTAGTTTAGGA-1	8
beige.day3_TACTTGTCAATAGCAA-1	10
beige.day3_TACTTGTCAATAGCGG-1	8
beige.day3_TACTTGTCAGCTGTAT-1	9
beige.day3_TACTTGTCAGTATAAG-1	10
beige.day3_TACTTGTCATTCACTT-1	11
beige.day3_TACTTGTGTACTCGCG-1	9
beige.day3_TACTTGTGTAGAGTGC-1	12
beige.day3_TACTTGTGTAGCTCCG-1	10
beige.day3_TACTTGTGTCAACTGT-1	12
beige.day3_TACTTGTGTCCCTACT-1	9
beige.day3_TACTTGTGTGTGTGCC-1	8
beige.day3_TACTTGTGTTACGCGC-1	8
beige.day3_TACTTGTTCCGTCATC-1	8
beige.day3_TACTTGTTCGCAAACT-1	9
beige.day3_TACTTGTTCTTTACAC-1	8
beige.day3_TACTTGTTCTTTACGT-1	7
beige.day3_TAGACCAAGAAACCAT-1	5
beige.day3_TAGACCAAGACGACGT-1	8
beige.day3_TAGACCAAGAGACTAT-1	11
beige.day3_TAGACCAAGCGATAGC-1	11
beige.day3_TAGACCAAGGAATTAC-1	8
beige.day3_TAGACCAAGGAGCGAG-1	12
beige.day3_TAGACCAAGGCCATAG-1	11
beige.day3_TAGACCAAGGTGGGTT-1	8
beige.day3_TAGACCAAGTCAATAG-1	7
beige.day3_TAGACCACAACAACCT-1	8
beige.day3_TAGACCACACCGATAT-1	8
beige.day3_TAGACCACACCTCGTT-1	7
beige.day3_TAGACCACAGTACACT-1	9
beige.day3_TAGACCACATCCGGGT-1	8
beige.day3_TAGACCACATGTAAGA-1	12
beige.day3_TAGACCAGTACTTAGC-1	8
beige.day3_TAGACCAGTCAATACC-1	12
beige.day3_TAGACCAGTCGGATCC-1	8
beige.day3_TAGACCAGTTATGTGC-1	8
beige.day3_TAGACCAGTTTCGCTC-1	8
beige.day3_TAGACCATCAAGCCTA-1	8
beige.day3_TAGACCATCCCAGGTG-1	5
beige.day3_TAGACCATCCTTGGTC-1	5
beige.day3_TAGACCATCGGCCGAT-1	8
beige.day3_TAGAGCTAGCAAATCA-1	10
beige.day3_TAGAGCTAGCGTCTAT-1	8
beige.day3_TAGAGCTAGGCTAGCA-1	7
beige.day3_TAGAGCTAGTACGACG-1	11
beige.day3_TAGAGCTAGTACGTAA-1	8
beige.day3_TAGAGCTAGTAGATGT-1	7
beige.day3_TAGAGCTCAAGGACAC-1	12
beige.day3_TAGAGCTCAATGGAGC-1	9
beige.day3_TAGAGCTCACCGTTGG-1	7
beige.day3_TAGAGCTCATAGACTC-1	11
beige.day3_TAGAGCTCATCATCCC-1	8
beige.day3_TAGAGCTCATGACGGA-1	8
beige.day3_TAGAGCTCATTGTGCA-1	8
beige.day3_TAGAGCTGTCAGTGGA-1	12
beige.day3_TAGAGCTGTCCGACGT-1	12
beige.day3_TAGAGCTGTGGTGTAG-1	8
beige.day3_TAGAGCTGTGTCCTCT-1	12
beige.day3_TAGAGCTGTTCTGTTT-1	10
beige.day3_TAGAGCTTCCCATTAT-1	6
beige.day3_TAGAGCTTCTAACTGG-1	8
beige.day3_TAGAGCTTCTAAGCCA-1	10
beige.day3_TAGAGCTTCTGCTTGC-1	9
beige.day3_TAGAGCTTCTGTCTCG-1	7
beige.day3_TAGCCGGAGACTACAA-1	9
beige.day3_TAGCCGGAGCAAATCA-1	12
beige.day3_TAGCCGGAGCAGGCTA-1	3
beige.day3_TAGCCGGAGCCCAACC-1	10
beige.day3_TAGCCGGAGGATCGCA-1	12
beige.day3_TAGCCGGAGGTGCTTT-1	8
beige.day3_TAGCCGGAGTAGGCCA-1	12
beige.day3_TAGCCGGAGTCCGTAT-1	11
beige.day3_TAGCCGGCAAGCCGTC-1	10
beige.day3_TAGCCGGCACCGAATT-1	8
beige.day3_TAGCCGGCACCTGGTG-1	12
beige.day3_TAGCCGGCACTGTGTA-1	7
beige.day3_TAGCCGGCATCACGTA-1	11
beige.day3_TAGCCGGCATCCGGGT-1	8
beige.day3_TAGCCGGGTACCCAAT-1	10
beige.day3_TAGCCGGGTACGCTGC-1	7
beige.day3_TAGCCGGGTAGAGCTG-1	7
beige.day3_TAGCCGGGTCTGGTCG-1	7
beige.day3_TAGCCGGGTTGCTCCT-1	8
beige.day3_TAGCCGGGTTGGAGGT-1	6
beige.day3_TAGCCGGGTTTGCATG-1	8
beige.day3_TAGCCGGTCAGAGGTG-1	7
beige.day3_TAGCCGGTCAGTTGAC-1	9
beige.day3_TAGCCGGTCGCGATCG-1	12
beige.day3_TAGCCGGTCGTCTGCT-1	8
beige.day3_TAGCCGGTCTGATTCT-1	8
beige.day3_TAGCCGGTCTGCAAGT-1	7
beige.day3_TAGGCATAGCAGCGTA-1	9
beige.day3_TAGGCATAGTAAGTAC-1	9
beige.day3_TAGGCATAGTCGTACT-1	11
beige.day3_TAGGCATAGTGCAAGC-1	8
beige.day3_TAGGCATAGTTAGCGG-1	10
beige.day3_TAGGCATCAACGATCT-1	7
beige.day3_TAGGCATCAAGCGCTC-1	12
beige.day3_TAGGCATCAATAGCGG-1	9
beige.day3_TAGGCATCACATCTTT-1	9
beige.day3_TAGGCATCACCTATCC-1	8
beige.day3_TAGGCATCAGATCGGA-1	9
beige.day3_TAGGCATCAGGGTATG-1	8
beige.day3_TAGGCATCAGGTCTCG-1	8
beige.day3_TAGGCATCATTACGAC-1	8
beige.day3_TAGGCATGTCATGCAT-1	8
beige.day3_TAGGCATGTGTCCTCT-1	12
beige.day3_TAGGCATGTTAGGGTG-1	12
beige.day3_TAGGCATGTTGATTGC-1	10
beige.day3_TAGGCATTCAAACAAG-1	11
beige.day3_TAGGCATTCATAAAGG-1	10
beige.day3_TAGGCATTCCAAACTG-1	8
beige.day3_TAGGCATTCCGTACAA-1	8
beige.day3_TAGGCATTCGCCTGTT-1	9
beige.day3_TAGGCATTCGGCCGAT-1	7
beige.day3_TAGGCATTCGGCGCTA-1	8
beige.day3_TAGTGGTAGAAACCGC-1	8
beige.day3_TAGTGGTAGCAATCTC-1	8
beige.day3_TAGTGGTAGCCAGTTT-1	7
beige.day3_TAGTGGTAGGGAACGG-1	8
beige.day3_TAGTGGTAGGTACTCT-1	9
beige.day3_TAGTGGTAGGTGCAAC-1	10
beige.day3_TAGTGGTAGTTGAGTA-1	8
beige.day3_TAGTGGTCAAACTGCT-1	7
beige.day3_TAGTGGTCAAAGGTGC-1	8
beige.day3_TAGTGGTCAGCATGAG-1	8
beige.day3_TAGTGGTGTACCGTAT-1	8
beige.day3_TAGTGGTGTCAGGACA-1	7
beige.day3_TAGTGGTGTCCCTACT-1	12
beige.day3_TAGTGGTGTCCGTCAG-1	9
beige.day3_TAGTGGTGTCCGTTAA-1	8
beige.day3_TAGTGGTGTGAGGGTT-1	8
beige.day3_TAGTGGTTCACTTATC-1	12
beige.day3_TAGTGGTTCATGTGGT-1	7
beige.day3_TAGTGGTTCCCAAGAT-1	11
beige.day3_TAGTGGTTCCCTGACT-1	8
beige.day3_TAGTGGTTCCGATATG-1	11
beige.day3_TAGTGGTTCGCAGGCT-1	9
beige.day3_TAGTGGTTCTCTAAGG-1	12
beige.day3_TAGTGGTTCTCTTATG-1	12
beige.day3_TAGTGGTTCTGCAGTA-1	8
beige.day3_TAGTGGTTCTGGTATG-1	6
beige.day3_TAGTGGTTCTTGTATC-1	8
beige.day3_TAGTTGGAGAATGTGT-1	11
beige.day3_TAGTTGGAGAGAGCTC-1	12
beige.day3_TAGTTGGAGCCTCGTG-1	12
beige.day3_TAGTTGGAGCGTAGTG-1	9
beige.day3_TAGTTGGAGGCTAGAC-1	10
beige.day3_TAGTTGGCAAGCTGGA-1	12
beige.day3_TAGTTGGCAGACGCAA-1	11
beige.day3_TAGTTGGCAGCCAGAA-1	5
beige.day3_TAGTTGGCATGCGCAC-1	7
beige.day3_TAGTTGGGTCCTCTTG-1	1
beige.day3_TAGTTGGGTCTAGCGC-1	8
beige.day3_TAGTTGGGTCTGCAAT-1	10
beige.day3_TAGTTGGTCAACTCTT-1	12
beige.day3_TAGTTGGTCATATCGG-1	8
beige.day3_TAGTTGGTCTGGCGTG-1	8
beige.day3_TAGTTGGTCTGGTGTA-1	8
beige.day3_TAGTTGGTCTTTACAC-1	8
beige.day3_TATCAGGAGAAGGCCT-1	9
beige.day3_TATCAGGAGACTTGAA-1	11
beige.day3_TATCAGGAGACTTTCG-1	8
beige.day3_TATCAGGAGATGCCTT-1	8
beige.day3_TATCAGGAGCCTATGT-1	11
beige.day3_TATCAGGAGCGTGAGT-1	12
beige.day3_TATCAGGAGGAACTGC-1	8
beige.day3_TATCAGGAGGTAGCCA-1	11
beige.day3_TATCAGGAGTGTGAAT-1	8
beige.day3_TATCAGGCAACTTGAC-1	8
beige.day3_TATCAGGCAAGAGGCT-1	11
beige.day3_TATCAGGCACAGGCCT-1	11
beige.day3_TATCAGGCAGTGAGTG-1	8
beige.day3_TATCAGGCATCCCACT-1	10
beige.day3_TATCAGGCATGTAGTC-1	10
beige.day3_TATCAGGCATTCTCAT-1	10
beige.day3_TATCAGGGTAGCAAAT-1	8
beige.day3_TATCAGGTCAAGCCTA-1	10
beige.day3_TATCAGGTCAGGTAAA-1	7
beige.day3_TATCAGGTCCCAAGTA-1	8
beige.day3_TATCAGGTCCCACTTG-1	12
beige.day3_TATCAGGTCGCATGGC-1	12
beige.day3_TATCAGGTCGTGGGAA-1	10
beige.day3_TATCAGGTCTCGTTTA-1	12
beige.day3_TATCTCAAGACACTAA-1	7
beige.day3_TATCTCAAGGCTAGAC-1	11
beige.day3_TATCTCAAGTAGGCCA-1	9
beige.day3_TATCTCAAGTCGTACT-1	12
beige.day3_TATCTCACAAACCTAC-1	12
beige.day3_TATCTCACAAAGGAAG-1	11
beige.day3_TATCTCACAACGATCT-1	7
beige.day3_TATCTCACAAGGGTCA-1	7
beige.day3_TATCTCACACAAGTAA-1	7
beige.day3_TATCTCACACCAGGTC-1	7
beige.day3_TATCTCACACTCAGGC-1	5
beige.day3_TATCTCACATCCTTGC-1	12
beige.day3_TATCTCAGTACTTCTT-1	8
beige.day3_TATCTCAGTAGGACAC-1	12
beige.day3_TATCTCAGTCGTCTTC-1	8
beige.day3_TATCTCAGTGACCAAG-1	9
beige.day3_TATCTCAGTTCAGTAC-1	12
beige.day3_TATCTCAGTTGTGGCC-1	12
beige.day3_TATCTCATCTATGTGG-1	11
beige.day3_TATGCCCAGATAGCAT-1	7
beige.day3_TATGCCCAGCAGCGTA-1	3
beige.day3_TATGCCCAGCGGCTTC-1	11
beige.day3_TATGCCCAGGACGAAA-1	7
beige.day3_TATGCCCAGGCATGGT-1	8
beige.day3_TATGCCCAGGCATTGG-1	8
beige.day3_TATGCCCAGGGATGGG-1	8
beige.day3_TATGCCCAGTTAGGTA-1	8
beige.day3_TATGCCCCAAGTACCT-1	9
beige.day3_TATGCCCCACCATGTA-1	10
beige.day3_TATGCCCCACGGTAAG-1	12
beige.day3_TATGCCCGTGAACCTT-1	12
beige.day3_TATGCCCGTGTCGCTG-1	7
beige.day3_TATGCCCTCACCGGGT-1	7
beige.day3_TATGCCCTCCTATTCA-1	9
beige.day3_TATGCCCTCTGGCGTG-1	12
beige.day3_TATTACCAGAAACCTA-1	7
beige.day3_TATTACCAGAATGTTG-1	7
beige.day3_TATTACCAGAGTCTGG-1	12
beige.day3_TATTACCAGATGTAAC-1	12
beige.day3_TATTACCAGCTCCCAG-1	10
beige.day3_TATTACCAGGAATCGC-1	9
beige.day3_TATTACCCAACGATCT-1	12
beige.day3_TATTACCCAATAACGA-1	12
beige.day3_TATTACCCACAGACAG-1	12
beige.day3_TATTACCCACGTCTCT-1	8
beige.day3_TATTACCCAGCATGAG-1	9
beige.day3_TATTACCCAGCTCGCA-1	7
beige.day3_TATTACCGTCCGACGT-1	6
beige.day3_TATTACCGTCGAGTTT-1	9
beige.day3_TATTACCGTTCGCGAC-1	6
beige.day3_TATTACCGTTGTACAC-1	12
beige.day3_TATTACCTCCGAGCCA-1	7
beige.day3_TATTACCTCGGAAACG-1	9
beige.day3_TATTACCTCTAAGCCA-1	12
beige.day3_TCAACGAAGACCTTTG-1	12
beige.day3_TCAACGAAGCAATATG-1	11
beige.day3_TCAACGAAGGCCCTCA-1	7
beige.day3_TCAACGACAAGTCATC-1	12
beige.day3_TCAACGACAATCTACG-1	12
beige.day3_TCAACGACACAGGAGT-1	12
beige.day3_TCAACGACACGTCAGC-1	8
beige.day3_TCAACGACAGCATACT-1	12
beige.day3_TCAACGAGTACAGACG-1	8
beige.day3_TCAACGAGTCGAATCT-1	12
beige.day3_TCAACGAGTCTAAACC-1	11
beige.day3_TCAACGAGTCTCAACA-1	12
beige.day3_TCAACGAGTGAGCGAT-1	11
beige.day3_TCAACGAGTGATGTCT-1	10
beige.day3_TCAACGAGTGGACGAT-1	8
beige.day3_TCAACGAGTGTCCTCT-1	1
beige.day3_TCAACGAGTTGGACCC-1	8
beige.day3_TCAACGATCCCTAATT-1	11
beige.day3_TCAACGATCGAGCCCA-1	8
beige.day3_TCAACGATCGGTCTAA-1	5
beige.day3_TCAACGATCTGGAGCC-1	7
beige.day3_TCAATCTAGATGTGTA-1	8
beige.day3_TCAATCTAGCGTCTAT-1	8
beige.day3_TCAATCTAGGACAGCT-1	11
beige.day3_TCAATCTAGGCATTGG-1	8
beige.day3_TCAATCTCAAATTGCC-1	10
beige.day3_TCAATCTCACGCTTTC-1	9
beige.day3_TCAATCTCACTGTCGG-1	11
beige.day3_TCAATCTCAGACTCGC-1	8
beige.day3_TCAATCTCAGAGCCAA-1	10
beige.day3_TCAATCTCAGGAACGT-1	12
beige.day3_TCAATCTCAGGGATTG-1	12
beige.day3_TCAATCTCATGAAGTA-1	9
beige.day3_TCAATCTCATGACATC-1	11
beige.day3_TCAATCTGTCGAATCT-1	9
beige.day3_TCAATCTGTCGCTTCT-1	9
beige.day3_TCAATCTGTGATAAGT-1	8
beige.day3_TCAATCTGTGGTTTCA-1	12
beige.day3_TCAATCTGTGTGCGTC-1	8
beige.day3_TCAATCTGTTATCCGA-1	8
beige.day3_TCAATCTTCAAAGTAG-1	12
beige.day3_TCAATCTTCACCTTAT-1	11
beige.day3_TCAATCTTCACTATTC-1	9
beige.day3_TCAATCTTCATGCATG-1	11
beige.day3_TCAATCTTCCACGTGG-1	9
beige.day3_TCAATCTTCGAGGTAG-1	8
beige.day3_TCAATCTTCGCAAACT-1	6
beige.day3_TCAATCTTCTGAGGGA-1	8
beige.day3_TCACAAGAGAGCCTAG-1	8
beige.day3_TCACAAGAGATCTGCT-1	11
beige.day3_TCACAAGAGCGGCTTC-1	8
beige.day3_TCACAAGAGCGTAGTG-1	8
beige.day3_TCACAAGAGGATGTAT-1	11
beige.day3_TCACAAGAGTTCCACA-1	12
beige.day3_TCACAAGAGTTGAGAT-1	10
beige.day3_TCACAAGCAAAGGAAG-1	11
beige.day3_TCACAAGCACGGCTAC-1	8
beige.day3_TCACAAGCATACGCCG-1	11
beige.day3_TCACAAGGTAAACCTC-1	10
beige.day3_TCACAAGGTCCGTGAC-1	8
beige.day3_TCACAAGGTGCCTGTG-1	10
beige.day3_TCACAAGGTTAAGGGC-1	10
beige.day3_TCACAAGGTTAGTGGG-1	8
beige.day3_TCACAAGGTTCGTTGA-1	8
beige.day3_TCACAAGTCAGTTGAC-1	8
beige.day3_TCACAAGTCCAAAGTC-1	12
beige.day3_TCACAAGTCGCGTTTC-1	9
beige.day3_TCACGAAAGCTGCCCA-1	9
beige.day3_TCACGAAAGGCGACAT-1	10
beige.day3_TCACGAAAGTCGCCGT-1	8
beige.day3_TCACGAAAGTTCGATC-1	8
beige.day3_TCACGAACAATGAAAC-1	8
beige.day3_TCACGAACAATGGAAT-1	8
beige.day3_TCACGAACAATTCCTT-1	9
beige.day3_TCACGAAGTCGCCATG-1	8
beige.day3_TCACGAAGTTGTACAC-1	8
beige.day3_TCACGAATCAACACCA-1	5
beige.day3_TCACGAATCCATGAGT-1	9
beige.day3_TCACGAATCCCTTGTG-1	11
beige.day3_TCACGAATCGTACGGC-1	11
beige.day3_TCACGAATCTTGTATC-1	9
beige.day3_TCAGATGAGATAGCAT-1	4
beige.day3_TCAGATGAGCCGCCTA-1	8
beige.day3_TCAGATGAGCTGCGAA-1	10
beige.day3_TCAGATGAGGTAAACT-1	11
beige.day3_TCAGATGAGGTGACCA-1	10
beige.day3_TCAGATGAGTCAATAG-1	9
beige.day3_TCAGATGAGTTACCCA-1	8
beige.day3_TCAGATGCAAGCGTAG-1	12
beige.day3_TCAGATGCAAGCTGTT-1	11
beige.day3_TCAGATGCAATCAGAA-1	11
beige.day3_TCAGATGCAGCGATCC-1	8
beige.day3_TCAGATGCATAACCTG-1	7
beige.day3_TCAGATGCATCCTTGC-1	12
beige.day3_TCAGATGCATCTATGG-1	8
beige.day3_TCAGATGCATCTCCCA-1	8
beige.day3_TCAGATGGTAATCGTC-1	9
beige.day3_TCAGATGGTAGGCTGA-1	11
beige.day3_TCAGATGGTATATGAG-1	9
beige.day3_TCAGATGGTATGAATG-1	7
beige.day3_TCAGATGGTCCAAGTT-1	10
beige.day3_TCAGATGGTTGTCTTT-1	11
beige.day3_TCAGATGTCAGTCAGT-1	7
beige.day3_TCAGATGTCATGTGGT-1	10
beige.day3_TCAGATGTCCTTAATC-1	10
beige.day3_TCAGATGTCTCCAACC-1	9
beige.day3_TCAGATGTCTCGCTTG-1	12
beige.day3_TCAGATGTCTGACCTC-1	5
beige.day3_TCAGATGTCTGTCTAT-1	8
beige.day3_TCAGATGTCTTGCCGT-1	12
beige.day3_TCAGCAAAGGATCGCA-1	8
beige.day3_TCAGCAAAGGATTCGG-1	12
beige.day3_TCAGCAAAGGCAAAGA-1	7
beige.day3_TCAGCAAAGTGGCACA-1	12
beige.day3_TCAGCAACACCAGATT-1	7
beige.day3_TCAGCAACAGGACGTA-1	9
beige.day3_TCAGCAACAGGCTCAC-1	12
beige.day3_TCAGCAAGTAGCGTAG-1	7
beige.day3_TCAGCAAGTCAGCTAT-1	10
beige.day3_TCAGCAAGTGAGGGAG-1	12
beige.day3_TCAGCAAGTGAGTATA-1	8
beige.day3_TCAGCAAGTGCTCTTC-1	11
beige.day3_TCAGCAAGTTCCGGCA-1	8
beige.day3_TCAGCAAGTTGAGGTG-1	8
beige.day3_TCAGCAAGTTTGACAC-1	9
beige.day3_TCAGCAATCAAAGACA-1	12
beige.day3_TCAGCAATCACGAAGG-1	8
beige.day3_TCAGCAATCACGCGGT-1	11
beige.day3_TCAGCAATCCTTTACA-1	12
beige.day3_TCAGCAATCGTTTAGG-1	8
beige.day3_TCAGCTCAGAAACCGC-1	12
beige.day3_TCAGCTCAGACTTTCG-1	12
beige.day3_TCAGCTCAGAGCTGCA-1	11
beige.day3_TCAGCTCAGCGTCAAG-1	11
beige.day3_TCAGCTCCAAGCTGTT-1	8
beige.day3_TCAGCTCCACCTCGTT-1	12
beige.day3_TCAGCTCCACGCTTTC-1	8
beige.day3_TCAGCTCCACTCAGGC-1	6
beige.day3_TCAGCTCCAGTGGGAT-1	12
beige.day3_TCAGCTCCATCTACGA-1	12
beige.day3_TCAGCTCGTAAATGAC-1	9
beige.day3_TCAGCTCGTACGAAAT-1	1
beige.day3_TCAGCTCGTACGACCC-1	6
beige.day3_TCAGCTCGTCCATCCT-1	12
beige.day3_TCAGCTCGTCTGGTCG-1	8
beige.day3_TCAGCTCGTGGACGAT-1	9
beige.day3_TCAGCTCGTGGCCCTA-1	10
beige.day3_TCAGCTCGTTTAAGCC-1	3
beige.day3_TCAGCTCTCAGTGTTG-1	12
beige.day3_TCAGCTCTCTAACTGG-1	9
beige.day3_TCAGCTCTCTCGAGTA-1	8
beige.day3_TCAGGATAGAATCTCC-1	11
beige.day3_TCAGGATAGACGACGT-1	9
beige.day3_TCAGGATAGAGTACCG-1	9
beige.day3_TCAGGATAGCCATCGC-1	9
beige.day3_TCAGGATAGCTGTCTA-1	8
beige.day3_TCAGGATCAAACCTAC-1	11
beige.day3_TCAGGATCAAAGCAAT-1	8
beige.day3_TCAGGATCAAGTTAAG-1	8
beige.day3_TCAGGATGTCGGGTCT-1	9
beige.day3_TCAGGATTCAAAGTAG-1	7
beige.day3_TCAGGATTCTAACTTC-1	9
beige.day3_TCAGGATTCTTTAGTC-1	7
beige.day3_TCAGGTAAGCGTTGCC-1	12
beige.day3_TCAGGTAAGGCAATTA-1	8
beige.day3_TCAGGTAAGGTGTGGT-1	9
beige.day3_TCAGGTAAGTACCGGA-1	11
beige.day3_TCAGGTAAGTCAAGCG-1	8
beige.day3_TCAGGTAAGTCATCCA-1	12
beige.day3_TCAGGTAAGTCTCGGC-1	1
beige.day3_TCAGGTAAGTGATCGG-1	7
beige.day3_TCAGGTACACCTATCC-1	9
beige.day3_TCAGGTACAGGTCCAC-1	8
beige.day3_TCAGGTAGTAACGACG-1	12
beige.day3_TCAGGTAGTACTTCTT-1	9
beige.day3_TCAGGTAGTCCATGAT-1	12
beige.day3_TCAGGTAGTGAGCGAT-1	7
beige.day3_TCAGGTAGTGGTAACG-1	10
beige.day3_TCAGGTAGTGTCCTCT-1	12
beige.day3_TCAGGTAGTTACCGAT-1	8
beige.day3_TCAGGTATCATATCGG-1	10
beige.day3_TCAGGTATCATGGTCA-1	8
beige.day3_TCAGGTATCCAACCAA-1	9
beige.day3_TCAGGTATCCACGACG-1	12
beige.day3_TCAGGTATCCTTTCGG-1	8
beige.day3_TCAGGTATCGTATCAG-1	12
beige.day3_TCAGGTATCTTGGGTA-1	3
beige.day3_TCATTACAGAACAACT-1	10
beige.day3_TCATTACAGAAGAAGC-1	12
beige.day3_TCATTACAGACTCGGA-1	7
beige.day3_TCATTACAGTGCCAGA-1	11
beige.day3_TCATTACCAAACTGTC-1	8
beige.day3_TCATTACCAACACCCG-1	7
beige.day3_TCATTACCAGACAAAT-1	12
beige.day3_TCATTACCAGACAGGT-1	9
beige.day3_TCATTACCAGGGATTG-1	4
beige.day3_TCATTACCATATACGC-1	8
beige.day3_TCATTACGTACCGTTA-1	8
beige.day3_TCATTACGTACGAAAT-1	9
beige.day3_TCATTACGTCTAGCGC-1	10
beige.day3_TCATTACGTCTGATCA-1	11
beige.day3_TCATTACGTCTTTCAT-1	8
beige.day3_TCATTACTCAACCATG-1	12
beige.day3_TCATTACTCACAGGCC-1	11
beige.day3_TCATTACTCAGAGCTT-1	9
beige.day3_TCATTACTCCAGGGCT-1	12
beige.day3_TCATTACTCGAATCCA-1	7
beige.day3_TCATTACTCGTTTATC-1	11
beige.day3_TCATTACTCTTCCTTC-1	12
beige.day3_TCATTACTCTTGCAAG-1	8
beige.day3_TCATTTGAGCCCAGCT-1	8
beige.day3_TCATTTGAGGCAAAGA-1	12
beige.day3_TCATTTGAGGGTTCCC-1	6
beige.day3_TCATTTGCAAAGCGGT-1	11
beige.day3_TCATTTGCAATAGAGT-1	6
beige.day3_TCATTTGCAATGGATA-1	11
beige.day3_TCATTTGCAGACACTT-1	7
beige.day3_TCATTTGCATGATCCA-1	12
beige.day3_TCATTTGGTACCAGTT-1	12
beige.day3_TCATTTGGTCAGTGGA-1	12
beige.day3_TCATTTGGTCGAGTTT-1	8
beige.day3_TCATTTGGTCGGATCC-1	7
beige.day3_TCATTTGGTTACGGAG-1	12
beige.day3_TCATTTGGTTGCCTCT-1	8
beige.day3_TCATTTGTCAACCAAC-1	9
beige.day3_TCATTTGTCACGATGT-1	12
beige.day3_TCATTTGTCATTTGGG-1	12
beige.day3_TCATTTGTCTGGTATG-1	9
beige.day3_TCATTTGTCTTACCTA-1	12
beige.day3_TCATTTGTCTTGAGGT-1	8
beige.day3_TCATTTGTCTTGTATC-1	8
beige.day3_TCATTTGTCTTTAGTC-1	9
beige.day3_TCCACACAGATGTAAC-1	12
beige.day3_TCCACACAGCTACCGC-1	9
beige.day3_TCCACACAGCTGATAA-1	8
beige.day3_TCCACACAGGAGTCTG-1	8
beige.day3_TCCACACAGGGTGTTG-1	9
beige.day3_TCCACACAGTGCGATG-1	8
beige.day3_TCCACACAGTTGAGTA-1	6
beige.day3_TCCACACCAAACAACA-1	8
beige.day3_TCCACACCAATCCGAT-1	7
beige.day3_TCCACACCACATGTGT-1	9
beige.day3_TCCACACCAGACGCCT-1	8
beige.day3_TCCACACCAGTAACGG-1	9
beige.day3_TCCACACCAGTATGCT-1	8
beige.day3_TCCACACCATCCAACA-1	7
beige.day3_TCCACACGTAAGTAGT-1	12
beige.day3_TCCACACGTACAAGTA-1	8
beige.day3_TCCACACGTCTAGAGG-1	12
beige.day3_TCCACACGTGAGTATA-1	12
beige.day3_TCCACACGTTGGAGGT-1	12
beige.day3_TCCACACTCCCTCTTT-1	7
beige.day3_TCCACACTCCTCAACC-1	8
beige.day3_TCCACACTCCTTGACC-1	8
beige.day3_TCCACACTCGAGAGCA-1	7
beige.day3_TCCACACTCGGTCCGA-1	8
beige.day3_TCCACACTCGTCTGAA-1	8
beige.day3_TCCACACTCTGAGGGA-1	7
beige.day3_TCCACACTCTGGAGCC-1	8
beige.day3_TCCCGATAGCTGCCCA-1	11
beige.day3_TCCCGATAGGTGTGGT-1	7
beige.day3_TCCCGATAGTACATGA-1	11
beige.day3_TCCCGATAGTCAATAG-1	12
beige.day3_TCCCGATAGTGGTAAT-1	11
beige.day3_TCCCGATCAACAACCT-1	7
beige.day3_TCCCGATCACTTAAGC-1	10
beige.day3_TCCCGATCAGAGTGTG-1	7
beige.day3_TCCCGATCAGGTGCCT-1	11
beige.day3_TCCCGATCATAGAAAC-1	8
beige.day3_TCCCGATCATCGGAAG-1	8
beige.day3_TCCCGATGTAAGAGGA-1	12
beige.day3_TCCCGATTCAAGGTAA-1	11
beige.day3_TCCCGATTCATGTGGT-1	9
beige.day3_TCCCGATTCATTCACT-1	12
beige.day3_TCCCGATTCCAAAGTC-1	7
beige.day3_TCCCGATTCGTGGGAA-1	9
beige.day3_TCCCGATTCTCTGCTG-1	7
beige.day3_TCCCGATTCTCTTGAT-1	12
beige.day3_TCGAGGCAGAAACCTA-1	7
beige.day3_TCGAGGCAGATGAGAG-1	12
beige.day3_TCGAGGCAGCGTCAAG-1	8
beige.day3_TCGAGGCAGGCCCTTG-1	8
beige.day3_TCGAGGCAGTACGCCC-1	8
beige.day3_TCGAGGCAGTATTGGA-1	9
beige.day3_TCGAGGCAGTCCATAC-1	10
beige.day3_TCGAGGCAGTGTACTC-1	12
beige.day3_TCGAGGCAGTTTCCTT-1	9
beige.day3_TCGAGGCCACTTGGAT-1	5
beige.day3_TCGAGGCCAGACAAAT-1	8
beige.day3_TCGAGGCCAGCCTGTG-1	11
beige.day3_TCGAGGCCAGCTGTAT-1	11
beige.day3_TCGAGGCCAGTCGTGC-1	7
beige.day3_TCGAGGCCAGTCTTCC-1	12
beige.day3_TCGAGGCCATAGGATA-1	8
beige.day3_TCGAGGCTCAGATAAG-1	8
beige.day3_TCGAGGCTCCCATTTA-1	11
beige.day3_TCGAGGCTCTGGCGTG-1	12
beige.day3_TCGAGGCTCTTTCCTC-1	1
beige.day3_TCGCGAGAGAATGTGT-1	8
beige.day3_TCGCGAGAGAGCAATT-1	11
beige.day3_TCGCGAGAGATCACGG-1	10
beige.day3_TCGCGAGAGATCTGCT-1	8
beige.day3_TCGCGAGAGCAGGCTA-1	8
beige.day3_TCGCGAGAGCGTGAAC-1	8
beige.day3_TCGCGAGAGGCGCTCT-1	8
beige.day3_TCGCGAGAGTGGTAAT-1	7
beige.day3_TCGCGAGCACGCATCG-1	10
beige.day3_TCGCGAGCAGATTGCT-1	11
beige.day3_TCGCGAGCATTGGCGC-1	8
beige.day3_TCGCGAGGTAGGCTGA-1	5
beige.day3_TCGCGAGGTCTTGTCC-1	8
beige.day3_TCGCGAGGTGTCTGAT-1	6
beige.day3_TCGCGAGGTTGCGTTA-1	8
beige.day3_TCGCGAGTCAAGAAGT-1	6
beige.day3_TCGCGTTAGGCAAAGA-1	9
beige.day3_TCGCGTTAGTACGTTC-1	8
beige.day3_TCGCGTTCAAGCCTAT-1	8
beige.day3_TCGCGTTCAAGTCATC-1	10
beige.day3_TCGCGTTCAATCAGAA-1	11
beige.day3_TCGCGTTCAGACTCGC-1	6
beige.day3_TCGCGTTCAGATGGGT-1	8
beige.day3_TCGCGTTCAGCTGTTA-1	6
beige.day3_TCGCGTTCAGGCGATA-1	10
beige.day3_TCGCGTTCAGGTCTCG-1	7
beige.day3_TCGCGTTCAGTATAAG-1	8
beige.day3_TCGCGTTCATAAAGGT-1	12
beige.day3_TCGCGTTGTATATCCG-1	9
beige.day3_TCGCGTTGTGAGTATA-1	10
beige.day3_TCGCGTTGTGGCAAAC-1	12
beige.day3_TCGCGTTGTTGATTCG-1	10
beige.day3_TCGCGTTTCAACACAC-1	12
beige.day3_TCGCGTTTCACAAACC-1	6
beige.day3_TCGCGTTTCACTATTC-1	8
beige.day3_TCGCGTTTCAGAAATG-1	12
beige.day3_TCGCGTTTCCGCTGTT-1	11
beige.day3_TCGCGTTTCGGAGGTA-1	8
beige.day3_TCGCGTTTCTCCCTGA-1	12
beige.day3_TCGCGTTTCTCTAGGA-1	11
beige.day3_TCGGGACAGACCGGAT-1	12
beige.day3_TCGGGACAGCCTCGTG-1	8
beige.day3_TCGGGACAGCGTCTAT-1	12
beige.day3_TCGGGACAGTTCGCGC-1	8
beige.day3_TCGGGACCACAGGAGT-1	11
beige.day3_TCGGGACCACGACGAA-1	7
beige.day3_TCGGGACCATAGGATA-1	12
beige.day3_TCGGGACCATGCTAGT-1	9
beige.day3_TCGGGACCATGTCGAT-1	8
beige.day3_TCGGGACCATTTGCTT-1	8
beige.day3_TCGGGACGTGCCTGGT-1	4
beige.day3_TCGGGACGTGTATGGG-1	9
beige.day3_TCGGGACGTGTGCGTC-1	12
beige.day3_TCGGGACTCACTTCAT-1	8
beige.day3_TCGGGACTCATCGATG-1	11
beige.day3_TCGGGACTCCACGTGG-1	12
beige.day3_TCGGGACTCCGCATCT-1	8
beige.day3_TCGGGACTCGGAGGTA-1	7
beige.day3_TCGGGACTCGTACGGC-1	8
beige.day3_TCGGTAAAGAAGATTC-1	9
beige.day3_TCGGTAAAGCCTTGAT-1	12
beige.day3_TCGGTAAAGCTCCTTC-1	12
beige.day3_TCGGTAAAGCTGTTCA-1	11
beige.day3_TCGGTAAAGGGCACTA-1	9
beige.day3_TCGGTAACAGCGATCC-1	9
beige.day3_TCGGTAACAGTCACTA-1	9
beige.day3_TCGGTAAGTAGGCTGA-1	12
beige.day3_TCGGTAAGTTCCACTC-1	10
beige.day3_TCGGTAAGTTCTCATT-1	8
beige.day3_TCGGTAATCCAACCAA-1	11
beige.day3_TCGGTAATCCCAAGTA-1	8
beige.day3_TCGGTAATCGCCCTTA-1	12
beige.day3_TCGGTAATCGTTACGA-1	11
beige.day3_TCGGTAATCTCCAACC-1	9
beige.day3_TCGTACCAGAAGGGTA-1	7
beige.day3_TCGTACCAGCAATATG-1	8
beige.day3_TCGTACCAGCGTCTAT-1	11
beige.day3_TCGTACCAGCGTTCCG-1	11
beige.day3_TCGTACCAGGGCATGT-1	8
beige.day3_TCGTACCAGTACACCT-1	8
beige.day3_TCGTACCCAAACTGTC-1	8
beige.day3_TCGTACCCAAAGAATC-1	12
beige.day3_TCGTACCCAATCCAAC-1	12
beige.day3_TCGTACCCAATTCCTT-1	12
beige.day3_TCGTACCCAGCTGTGC-1	8
beige.day3_TCGTACCCATCGGAAG-1	12
beige.day3_TCGTACCGTAAATGTG-1	7
beige.day3_TCGTACCGTCAGAAGC-1	8
beige.day3_TCGTACCGTGAAATCA-1	11
beige.day3_TCGTACCGTGCCTGGT-1	8
beige.day3_TCGTACCGTGCGAAAC-1	12
beige.day3_TCGTACCGTGTGACGA-1	9
beige.day3_TCGTACCGTTATCACG-1	7
beige.day3_TCGTACCGTTTGTTTC-1	8
beige.day3_TCGTACCTCAACACAC-1	8
beige.day3_TCGTACCTCAACACCA-1	12
beige.day3_TCGTACCTCAAGGCTT-1	12
beige.day3_TCGTACCTCAGCTGGC-1	9
beige.day3_TCGTACCTCATCACCC-1	8
beige.day3_TCGTACCTCGCGCCAA-1	8
beige.day3_TCGTACCTCGCTGATA-1	8
beige.day3_TCGTACCTCTTCGAGA-1	12
beige.day3_TCGTACCTCTTTAGTC-1	8
beige.day3_TCGTAGAAGAGACTAT-1	8
beige.day3_TCGTAGAAGATCGATA-1	8
beige.day3_TCGTAGAAGGCGTACA-1	8
beige.day3_TCGTAGAAGGTGGGTT-1	12
beige.day3_TCGTAGAAGTGTCCAT-1	11
beige.day3_TCGTAGAAGTTAAGTG-1	10
beige.day3_TCGTAGAAGTTACCCA-1	9
beige.day3_TCGTAGAAGTTAGCGG-1	8
beige.day3_TCGTAGACAACACGCC-1	6
beige.day3_TCGTAGACAATTGCTG-1	12
beige.day3_TCGTAGACAGATCTGT-1	7
beige.day3_TCGTAGACAGGAATCG-1	11
beige.day3_TCGTAGACAGTGACAG-1	10
beige.day3_TCGTAGACATGCTAGT-1	7
beige.day3_TCGTAGAGTAAACGCG-1	11
beige.day3_TCGTAGAGTAGCTTGT-1	7
beige.day3_TCGTAGAGTCGAGATG-1	12
beige.day3_TCGTAGAGTGCACCAC-1	8
beige.day3_TCGTAGAGTTACCGAT-1	8
beige.day3_TCGTAGATCACAGGCC-1	12
beige.day3_TCGTAGATCATACGGT-1	9
beige.day3_TCGTAGATCCCTAACC-1	12
beige.day3_TCGTAGATCCGCGCAA-1	7
beige.day3_TCGTAGATCTCAACTT-1	8
beige.day3_TCGTAGATCTGCTTGC-1	8
beige.day3_TCTATTGAGAAGGCCT-1	5
beige.day3_TCTATTGAGCCATCGC-1	12
beige.day3_TCTATTGAGGACACCA-1	7
beige.day3_TCTATTGAGGTGTTAA-1	10
beige.day3_TCTATTGCAACTGCGC-1	9
beige.day3_TCTATTGCACCACCAG-1	10
beige.day3_TCTATTGCACCAGGTC-1	12
beige.day3_TCTATTGCACGTCTCT-1	12
beige.day3_TCTATTGCAGCCTGTG-1	7
beige.day3_TCTATTGCAGCTGTGC-1	8
beige.day3_TCTATTGCAGGTCTCG-1	8
beige.day3_TCTATTGCATATGGTC-1	7
beige.day3_TCTATTGCATCCGTGG-1	12
beige.day3_TCTATTGGTGCGATAG-1	8
beige.day3_TCTATTGGTTCCACTC-1	11
beige.day3_TCTATTGTCAGAGGTG-1	8
beige.day3_TCTATTGTCATATCGG-1	8
beige.day3_TCTATTGTCCTTAATC-1	7
beige.day3_TCTATTGTCGCAAACT-1	11
beige.day3_TCTATTGTCGGAATCT-1	9
beige.day3_TCTATTGTCGGATGGA-1	8
beige.day3_TCTATTGTCGGCTTGG-1	11
beige.day3_TCTATTGTCGTAGGTT-1	11
beige.day3_TCTATTGTCGTGGACC-1	9
beige.day3_TCTATTGTCTTCAACT-1	10
beige.day3_TCTATTGTCTTGCAAG-1	9
beige.day3_TCTCATAAGAATTGTG-1	11
beige.day3_TCTCATAAGATCGGGT-1	8
beige.day3_TCTCATAAGCCGGTAA-1	6
beige.day3_TCTCATAAGCTCCCAG-1	8
beige.day3_TCTCATAAGTCATCCA-1	8
beige.day3_TCTCATAAGTCCAGGA-1	8
beige.day3_TCTCATACAAGCTGTT-1	9
beige.day3_TCTCATACACGCGAAA-1	10
beige.day3_TCTCATACATCGACGC-1	10
beige.day3_TCTCATACATGTAGTC-1	8
beige.day3_TCTCATAGTACCATCA-1	10
beige.day3_TCTCATAGTAGCGTCC-1	7
beige.day3_TCTCATAGTCCTAGCG-1	7
beige.day3_TCTCATAGTTACCGAT-1	10
beige.day3_TCTCATATCCCTCTTT-1	8
beige.day3_TCTCATATCCCTGACT-1	9
beige.day3_TCTCATATCCGCGCAA-1	11
beige.day3_TCTCATATCCGCTGTT-1	9
beige.day3_TCTCATATCGGCGCAT-1	12
beige.day3_TCTCATATCTATCGCC-1	7
beige.day3_TCTCTAAAGACCCACC-1	12
beige.day3_TCTCTAAAGAGCTATA-1	9
beige.day3_TCTCTAAAGCCAGTAG-1	8
beige.day3_TCTCTAAAGCGTTGCC-1	8
beige.day3_TCTCTAAAGCTCCTTC-1	7
beige.day3_TCTCTAAAGCTTTGGT-1	9
beige.day3_TCTCTAAAGGGAAACA-1	8
beige.day3_TCTCTAAAGGGATGGG-1	12
beige.day3_TCTCTAAAGGTGATAT-1	8
beige.day3_TCTCTAACAAGAAGAG-1	7
beige.day3_TCTCTAACAATCGGTT-1	10
beige.day3_TCTCTAACAGTCAGCC-1	8
beige.day3_TCTCTAACATACTACG-1	7
beige.day3_TCTCTAAGTAAACACA-1	8
beige.day3_TCTCTAAGTCGAGTTT-1	8
beige.day3_TCTCTAAGTGGGTCAA-1	8
beige.day3_TCTCTAATCACCAGGC-1	8
beige.day3_TCTCTAATCAGAGACG-1	9
beige.day3_TCTCTAATCAGCCTAA-1	12
beige.day3_TCTCTAATCATGCATG-1	12
beige.day3_TCTCTAATCCAGAGGA-1	11
beige.day3_TCTCTAATCCATGCTC-1	8
beige.day3_TCTCTAATCGGTCCGA-1	8
beige.day3_TCTCTAATCGTGGACC-1	11
beige.day3_TCTCTAATCTTGTTTG-1	7
beige.day3_TCTGAGAAGAGCAATT-1	8
beige.day3_TCTGAGAAGCAATCTC-1	12
beige.day3_TCTGAGAAGCCATCGC-1	9
beige.day3_TCTGAGAAGCCTATGT-1	12
beige.day3_TCTGAGAAGCGTGAGT-1	9
beige.day3_TCTGAGAAGGCCCGTT-1	12
beige.day3_TCTGAGAAGTCGTACT-1	11
beige.day3_TCTGAGAAGTGCGTGA-1	10
beige.day3_TCTGAGACAAAGTGCG-1	12
beige.day3_TCTGAGACAAGTTGTC-1	9
beige.day3_TCTGAGACAATGTAAG-1	8
beige.day3_TCTGAGACACATTCGA-1	11
beige.day3_TCTGAGACACGCATCG-1	8
beige.day3_TCTGAGACAGACTCGC-1	6
beige.day3_TCTGAGACATGCCCGA-1	9
beige.day3_TCTGAGACATTGGGCC-1	7
beige.day3_TCTGAGAGTAGGGACT-1	8
beige.day3_TCTGAGAGTCAAAGAT-1	12
beige.day3_TCTGAGAGTCACCCAG-1	7
beige.day3_TCTGAGAGTCATCCCT-1	12
beige.day3_TCTGAGAGTCTTGTCC-1	11
beige.day3_TCTGAGAGTCTTTCAT-1	9
beige.day3_TCTGAGAGTGCACGAA-1	12
beige.day3_TCTGAGAGTGCAGGTA-1	8
beige.day3_TCTGAGAGTTACGCGC-1	8
beige.day3_TCTGAGAGTTAGGGTG-1	9
beige.day3_TCTGAGATCACGGTTA-1	8
beige.day3_TCTGAGATCCCTAACC-1	9
beige.day3_TCTGAGATCCGGGTGT-1	8
beige.day3_TCTGAGATCGGCATCG-1	11
beige.day3_TCTGAGATCGTCTGCT-1	9
beige.day3_TCTGAGATCTGCGGCA-1	10
beige.day3_TCTGGAAAGAGTAATC-1	10
beige.day3_TCTGGAAAGATTACCC-1	11
beige.day3_TCTGGAAAGGATGCGT-1	11
beige.day3_TCTGGAAAGTATTGGA-1	8
beige.day3_TCTGGAAAGTCGAGTG-1	10
beige.day3_TCTGGAAAGTGGTAGC-1	8
beige.day3_TCTGGAACAATCTGCA-1	9
beige.day3_TCTGGAACAATGGAGC-1	7
beige.day3_TCTGGAACACATGACT-1	10
beige.day3_TCTGGAACACATGTGT-1	8
beige.day3_TCTGGAACAGACAGGT-1	8
beige.day3_TCTGGAACAGCTATTG-1	8
beige.day3_TCTGGAACAGCTGCTG-1	10
beige.day3_TCTGGAACAGTACACT-1	12
beige.day3_TCTGGAACATCTATGG-1	8
beige.day3_TCTGGAAGTAAACACA-1	9
beige.day3_TCTGGAAGTCAAAGAT-1	9
beige.day3_TCTGGAAGTCAGAGGT-1	6
beige.day3_TCTGGAAGTCGGGTCT-1	11
beige.day3_TCTGGAAGTGCACTTA-1	9
beige.day3_TCTGGAAGTGGTACAG-1	12
beige.day3_TCTGGAATCAACACTG-1	4
beige.day3_TCTGGAATCACATAGC-1	8
beige.day3_TCTGGAATCACTATTC-1	8
beige.day3_TCTGGAATCAGAGCTT-1	12
beige.day3_TCTGGAATCAGCAACT-1	8
beige.day3_TCTGGAATCATTATCC-1	11
beige.day3_TCTGGAATCCGAAGAG-1	7
beige.day3_TCTGGAATCCGGGTGT-1	10
beige.day3_TCTGGAATCGTATCAG-1	7
beige.day3_TCTGGAATCGTTTGCC-1	7
beige.day3_TCTGGAATCTACGAGT-1	12
beige.day3_TCTGGAATCTCTGAGA-1	12
beige.day3_TCTGGAATCTCTGTCG-1	8
beige.day3_TCTTCGGAGATGAGAG-1	12
beige.day3_TCTTCGGAGCCCTAAT-1	8
beige.day3_TCTTCGGAGCTGCAAG-1	7
beige.day3_TCTTCGGAGCTTCGCG-1	10
beige.day3_TCTTCGGAGTGCTGCC-1	9
beige.day3_TCTTCGGAGTGGTCCC-1	8
beige.day3_TCTTCGGCAAGAGTCG-1	9
beige.day3_TCTTCGGCACAGGCCT-1	10
beige.day3_TCTTCGGCACGAAAGC-1	9
beige.day3_TCTTCGGCAGAGCCAA-1	12
beige.day3_TCTTCGGCAGGGATTG-1	9
beige.day3_TCTTCGGCATATGGTC-1	10
beige.day3_TCTTCGGCATTTCACT-1	10
beige.day3_TCTTCGGGTAAGAGGA-1	8
beige.day3_TCTTCGGGTCCAGTAT-1	7
beige.day3_TCTTCGGGTTAAAGAC-1	10
beige.day3_TCTTCGGGTTCGTTGA-1	9
beige.day3_TCTTCGGTCATCACCC-1	7
beige.day3_TCTTCGGTCATTGCGA-1	9
beige.day3_TCTTCGGTCCGGCACA-1	10
beige.day3_TCTTCGGTCCTTAATC-1	10
beige.day3_TCTTCGGTCGCCGTGA-1	10
beige.day3_TCTTCGGTCGGTGTCG-1	12
beige.day3_TCTTCGGTCGTTGACA-1	8
beige.day3_TCTTCGGTCTAACTCT-1	7
beige.day3_TCTTCGGTCTCTAAGG-1	11
beige.day3_TCTTCGGTCTGCGGCA-1	7
beige.day3_TCTTCGGTCTTGTCAT-1	10
beige.day3_TCTTTCCAGAACTCGG-1	8
beige.day3_TCTTTCCAGACGCTTT-1	8
beige.day3_TCTTTCCAGCAGCGTA-1	7
beige.day3_TCTTTCCAGCCCTAAT-1	8
beige.day3_TCTTTCCAGCCGATTT-1	8
beige.day3_TCTTTCCAGTCGTTTG-1	12
beige.day3_TCTTTCCCAACTGCGC-1	12
beige.day3_TCTTTCCCAAGTACCT-1	10
beige.day3_TCTTTCCCAAGTCTGT-1	8
beige.day3_TCTTTCCCACGAAGCA-1	9
beige.day3_TCTTTCCCACTGTGTA-1	8
beige.day3_TCTTTCCCAGCCACCA-1	9
beige.day3_TCTTTCCCAGCTGTGC-1	12
beige.day3_TCTTTCCCAGTCAGCC-1	8
beige.day3_TCTTTCCCATACAGCT-1	8
beige.day3_TCTTTCCCATCGATGT-1	12
beige.day3_TCTTTCCGTACCGTAT-1	9
beige.day3_TCTTTCCGTACTCAAC-1	5
beige.day3_TCTTTCCTCATAGCAC-1	8
beige.day3_TCTTTCCTCATGCATG-1	8
beige.day3_TCTTTCCTCCTCCTAG-1	11
beige.day3_TCTTTCCTCTACTCAT-1	7
beige.day3_TCTTTCCTCTCCTATA-1	7
beige.day3_TCTTTCCTCTGATTCT-1	5
beige.day3_TCTTTCCTCTTCGAGA-1	8
beige.day3_TGAAAGAAGACTAAGT-1	8
beige.day3_TGAAAGAAGATCTGCT-1	9
beige.day3_TGAAAGAAGCCACGTC-1	10
beige.day3_TGAAAGAAGCTGTCTA-1	12
beige.day3_TGAAAGAAGCTTTGGT-1	7
beige.day3_TGAAAGAAGGACTGGT-1	6
beige.day3_TGAAAGAAGGGTCGAT-1	8
beige.day3_TGAAAGAAGTAGGTGC-1	8
beige.day3_TGAAAGAAGTCAAGCG-1	8
beige.day3_TGAAAGAAGTCGATAA-1	7
beige.day3_TGAAAGAAGTGGTCCC-1	12
beige.day3_TGAAAGACAGCCTATA-1	12
beige.day3_TGAAAGAGTAGGAGTC-1	12
beige.day3_TGAAAGAGTCCCTTGT-1	12
beige.day3_TGAAAGAGTGCAACGA-1	8
beige.day3_TGAAAGAGTGCAGACA-1	8
beige.day3_TGAAAGAGTGCAGTAG-1	9
beige.day3_TGAAAGATCAATACCG-1	6
beige.day3_TGAAAGATCACGAAGG-1	11
beige.day3_TGAAAGATCATGCAAC-1	9
beige.day3_TGAAAGATCCGCTGTT-1	12
beige.day3_TGAAAGATCCTGCAGG-1	8
beige.day3_TGAAAGATCGCGTTTC-1	3
beige.day3_TGACAACAGACAAGCC-1	7
beige.day3_TGACAACAGACCACGA-1	9
beige.day3_TGACAACAGATGGGTC-1	7
beige.day3_TGACAACAGATGTGGC-1	9
beige.day3_TGACAACAGCTACCGC-1	8
beige.day3_TGACAACAGTACGCCC-1	10
beige.day3_TGACAACAGTATGACA-1	9
beige.day3_TGACAACAGTCTCAAC-1	11
beige.day3_TGACAACAGTCTCGGC-1	7
beige.day3_TGACAACCAAACAACA-1	7
beige.day3_TGACAACCAAATCCGT-1	8
beige.day3_TGACAACCAAGCCTAT-1	9
beige.day3_TGACAACCAATAGAGT-1	10
beige.day3_TGACAACCACCAGCAC-1	11
beige.day3_TGACAACCAGGAACGT-1	7
beige.day3_TGACAACCATCCGCGA-1	11
beige.day3_TGACAACGTAGCCTAT-1	8
beige.day3_TGACAACGTCCCTACT-1	12
beige.day3_TGACAACGTCCGTTAA-1	11
beige.day3_TGACAACGTGTTTGTG-1	8
beige.day3_TGACAACGTTCGCTAA-1	8
beige.day3_TGACAACGTTGTGGAG-1	12
beige.day3_TGACAACTCAGTCAGT-1	8
beige.day3_TGACAACTCCAGAGGA-1	9
beige.day3_TGACAACTCCTCAATT-1	10
beige.day3_TGACAACTCTATCCCG-1	7
beige.day3_TGACAACTCTGCCCTA-1	5
beige.day3_TGACGGCAGAATTCCC-1	8
beige.day3_TGACGGCAGAGGACGG-1	8
beige.day3_TGACGGCAGCTTCGCG-1	11
beige.day3_TGACGGCAGGTGCTTT-1	8
beige.day3_TGACGGCAGGTTCCTA-1	12
beige.day3_TGACGGCAGTACGACG-1	8
beige.day3_TGACGGCAGTCAAGGC-1	12
beige.day3_TGACGGCAGTGACTCT-1	9
beige.day3_TGACGGCCACCATCCT-1	10
beige.day3_TGACGGCCAGGATCGA-1	1
beige.day3_TGACGGCCAGTCCTTC-1	8
beige.day3_TGACGGCCAGTGAGTG-1	12
beige.day3_TGACGGCCATCTCCCA-1	11
beige.day3_TGACGGCGTAACGTTC-1	10
beige.day3_TGACGGCGTAGTGAAT-1	12
beige.day3_TGACGGCGTGAGTGAC-1	8
beige.day3_TGACGGCGTGCTTCTC-1	8
beige.day3_TGACGGCGTGTTGGGA-1	12
beige.day3_TGACGGCGTTAAGATG-1	12
beige.day3_TGACGGCTCACAGTAC-1	6
beige.day3_TGACGGCTCACTTATC-1	10
beige.day3_TGACGGCTCATCGCTC-1	7
beige.day3_TGACGGCTCTAACTGG-1	6
beige.day3_TGACGGCTCTACTCAT-1	6
beige.day3_TGACTAGAGACAAAGG-1	12
beige.day3_TGACTAGAGCGTTCCG-1	3
beige.day3_TGACTAGAGGACCACA-1	11
beige.day3_TGACTAGAGGATTCGG-1	11
beige.day3_TGACTAGAGGCTCAGA-1	11
beige.day3_TGACTAGAGTAAGTAC-1	10
beige.day3_TGACTAGAGTGAAGAG-1	9
beige.day3_TGACTAGCAGGAATCG-1	8
beige.day3_TGACTAGGTATTCGTG-1	10
beige.day3_TGACTAGGTCTAGGTT-1	8
beige.day3_TGACTAGTCAGTTAGC-1	8
beige.day3_TGACTAGTCCAGAGGA-1	12
beige.day3_TGACTAGTCCATGCTC-1	8
beige.day3_TGACTAGTCCGTCATC-1	8
beige.day3_TGACTAGTCGGTTAAC-1	11
beige.day3_TGACTTTAGATATGGT-1	12
beige.day3_TGACTTTAGCCTTGAT-1	10
beige.day3_TGACTTTAGGACATTA-1	9
beige.day3_TGACTTTAGGCAGTCA-1	12
beige.day3_TGACTTTAGGCCCGTT-1	6
beige.day3_TGACTTTAGGCGTACA-1	10
beige.day3_TGACTTTAGGGATACC-1	11
beige.day3_TGACTTTAGTACCGGA-1	9
beige.day3_TGACTTTCAAGTCTGT-1	9
beige.day3_TGACTTTCACCCAGTG-1	9
beige.day3_TGACTTTCATTGGCGC-1	12
beige.day3_TGACTTTGTAGAAGGA-1	8
beige.day3_TGACTTTGTAGAGCTG-1	10
beige.day3_TGACTTTGTAGTAGTA-1	12
beige.day3_TGACTTTGTCACACGC-1	11
beige.day3_TGACTTTGTCTTCTCG-1	8
beige.day3_TGACTTTGTGTCTGAT-1	8
beige.day3_TGACTTTGTTCTGAAC-1	8
beige.day3_TGACTTTGTTGAGGTG-1	9
beige.day3_TGACTTTGTTGGACCC-1	12
beige.day3_TGACTTTTCAACGGGA-1	6
beige.day3_TGACTTTTCACCGGGT-1	12
beige.day3_TGACTTTTCAGAGGTG-1	12
beige.day3_TGACTTTTCCACTCCA-1	11
beige.day3_TGACTTTTCCGGGTGT-1	10
beige.day3_TGACTTTTCCTTAATC-1	12
beige.day3_TGACTTTTCGATAGAA-1	9
beige.day3_TGACTTTTCGGAATCT-1	11
beige.day3_TGACTTTTCTCTGTCG-1	9
beige.day3_TGACTTTTCTTGTATC-1	10
beige.day3_TGAGAGGAGAGCTGCA-1	8
beige.day3_TGAGAGGAGATAGTCA-1	8
beige.day3_TGAGAGGAGCACCGCT-1	7
beige.day3_TGAGAGGAGCTGTCTA-1	9
beige.day3_TGAGAGGAGTATCGAA-1	8
beige.day3_TGAGAGGCAAACCTAC-1	7
beige.day3_TGAGAGGCAGACTCGC-1	12
beige.day3_TGAGAGGCAGATCCAT-1	11
beige.day3_TGAGAGGCAGCATGAG-1	7
beige.day3_TGAGAGGCAGTGGGAT-1	8
beige.day3_TGAGAGGCATAGGATA-1	8
beige.day3_TGAGAGGGTCCAGTGC-1	8
beige.day3_TGAGAGGGTCCGAAGA-1	10
beige.day3_TGAGAGGGTTACGCGC-1	11
beige.day3_TGAGAGGGTTATGTGC-1	6
beige.day3_TGAGAGGGTTCAGTAC-1	12
beige.day3_TGAGAGGGTTTAGGAA-1	10
beige.day3_TGAGAGGTCAAGCCTA-1	8
beige.day3_TGAGAGGTCCCACTTG-1	10
beige.day3_TGAGAGGTCGTTTGCC-1	7
beige.day3_TGAGAGGTCTTGAGAC-1	8
beige.day3_TGAGCATAGAATAGGG-1	9
beige.day3_TGAGCATAGACACTAA-1	10
beige.day3_TGAGCATAGAGCAATT-1	12
beige.day3_TGAGCATAGAGGTTGC-1	12
beige.day3_TGAGCATAGCCAACAG-1	12
beige.day3_TGAGCATAGCGAGAAA-1	8
beige.day3_TGAGCATAGGCGCTCT-1	12
beige.day3_TGAGCATAGTCTCGGC-1	12
beige.day3_TGAGCATAGTGATCGG-1	6
beige.day3_TGAGCATAGTGGGATC-1	12
beige.day3_TGAGCATAGTGGTAAT-1	6
beige.day3_TGAGCATCAAAGGTGC-1	8
beige.day3_TGAGCATCACATCCAA-1	8
beige.day3_TGAGCATCAGGACCCT-1	9
beige.day3_TGAGCATCATCACAAC-1	12
beige.day3_TGAGCATCATTACGAC-1	8
beige.day3_TGAGCATGTAGCCTCG-1	8
beige.day3_TGAGCATGTCATATGC-1	8
beige.day3_TGAGCATGTCTGATTG-1	9
beige.day3_TGAGCATGTGGAAAGA-1	10
beige.day3_TGAGCATGTGGCTCCA-1	6
beige.day3_TGAGCATGTGTGAATA-1	7
beige.day3_TGAGCATGTGTTAAGA-1	12
beige.day3_TGAGCATTCCAACCAA-1	9
beige.day3_TGAGCATTCGGATGTT-1	8
beige.day3_TGAGCATTCGGTTCGG-1	11
beige.day3_TGAGCATTCTTGCATT-1	9
beige.day3_TGAGCCGAGAGTACCG-1	9
beige.day3_TGAGCCGAGAGTGACC-1	11
beige.day3_TGAGCCGAGATCTGCT-1	9
beige.day3_TGAGCCGAGCACACAG-1	12
beige.day3_TGAGCCGAGTAGATGT-1	11
beige.day3_TGAGCCGAGTGTTAGA-1	8
beige.day3_TGAGCCGAGTTGAGAT-1	8
beige.day3_TGAGCCGCAACACCCG-1	7
beige.day3_TGAGCCGCAATGAAAC-1	9
beige.day3_TGAGCCGCAGAGTGTG-1	11
beige.day3_TGAGCCGCAGCGATCC-1	9
beige.day3_TGAGCCGCAGGAATCG-1	9
beige.day3_TGAGCCGCATGCTAGT-1	7
beige.day3_TGAGCCGGTAAGTAGT-1	9
beige.day3_TGAGCCGGTGCGAAAC-1	8
beige.day3_TGAGCCGGTTAGAACA-1	11
beige.day3_TGAGCCGGTTATCACG-1	7
beige.day3_TGAGCCGGTTGACGTT-1	7
beige.day3_TGAGCCGTCAAGGCTT-1	12
beige.day3_TGAGCCGTCCCACTTG-1	10
beige.day3_TGAGCCGTCCTAAGTG-1	8
beige.day3_TGAGCCGTCTGGTTCC-1	9
beige.day3_TGAGCCGTCTTCGAGA-1	12
beige.day3_TGAGGGAAGAATGTGT-1	8
beige.day3_TGAGGGAAGACGCACA-1	8
beige.day3_TGAGGGAAGATAGCAT-1	12
beige.day3_TGAGGGAAGATGCCTT-1	10
beige.day3_TGAGGGACAATAGCGG-1	12
beige.day3_TGAGGGACAGACGCCT-1	8
beige.day3_TGAGGGACAGGACGTA-1	11
beige.day3_TGAGGGACAGGGTTAG-1	11
beige.day3_TGAGGGACATTACGAC-1	7
beige.day3_TGAGGGACATTCTTAC-1	8
beige.day3_TGAGGGAGTCCGACGT-1	9
beige.day3_TGAGGGAGTTCACCTC-1	8
beige.day3_TGAGGGAGTTGAGGTG-1	5
beige.day3_TGAGGGATCCATGCTC-1	8
beige.day3_TGAGGGATCCCGACTT-1	3
beige.day3_TGAGGGATCCGCGTTT-1	9
beige.day3_TGAGGGATCTCAAGTG-1	10
beige.day3_TGAGGGATCTGCCCTA-1	8
beige.day3_TGATTTCAGAGGGCTT-1	8
beige.day3_TGATTTCAGATGTGTA-1	10
beige.day3_TGATTTCAGCTAGTGG-1	9
beige.day3_TGATTTCAGCTGGAAC-1	12
beige.day3_TGATTTCAGGACGAAA-1	12
beige.day3_TGATTTCAGGCGCTCT-1	12
beige.day3_TGATTTCAGTGGAGTC-1	10
beige.day3_TGATTTCCAAACCCAT-1	11
beige.day3_TGATTTCCAAACGCGA-1	10
beige.day3_TGATTTCCAAGCGTAG-1	7
beige.day3_TGATTTCCAGAAGCAC-1	7
beige.day3_TGATTTCCAGACGCCT-1	12
beige.day3_TGATTTCCAGCCTTTC-1	8
beige.day3_TGATTTCCAGCGTTCG-1	9
beige.day3_TGATTTCGTAGGCATG-1	10
beige.day3_TGATTTCGTATCAGTC-1	9
beige.day3_TGATTTCGTCACCTAA-1	8
beige.day3_TGATTTCGTCAGTGGA-1	12
beige.day3_TGATTTCGTCATGCCG-1	8
beige.day3_TGATTTCGTCCCGACA-1	8
beige.day3_TGATTTCGTCCGTGAC-1	8
beige.day3_TGATTTCGTCTGATCA-1	12
beige.day3_TGATTTCGTCTTCGTC-1	9
beige.day3_TGATTTCGTGAGTATA-1	8
beige.day3_TGATTTCGTGCTAGCC-1	12
beige.day3_TGATTTCGTTACCGAT-1	7
beige.day3_TGATTTCGTTTAGGAA-1	8
beige.day3_TGATTTCTCAAACCAC-1	8
beige.day3_TGATTTCTCACCGGGT-1	9
beige.day3_TGATTTCTCCACGAAT-1	8
beige.day3_TGATTTCTCCATTCTA-1	8
beige.day3_TGATTTCTCGCGATCG-1	8
beige.day3_TGATTTCTCGGCCGAT-1	8
beige.day3_TGATTTCTCTTACCTA-1	8
beige.day3_TGCACCTAGAATTGTG-1	11
beige.day3_TGCACCTAGAGGTAGA-1	8
beige.day3_TGCACCTAGCAAATCA-1	11
beige.day3_TGCACCTAGGGCATGT-1	9
beige.day3_TGCACCTAGGTAAACT-1	8
beige.day3_TGCACCTAGTCAAGCG-1	9
beige.day3_TGCACCTAGTTCGATC-1	9
beige.day3_TGCACCTCAAACCCAT-1	9
beige.day3_TGCACCTCAAGGACTG-1	12
beige.day3_TGCACCTCAATGAAAC-1	11
beige.day3_TGCACCTCACATAACC-1	9
beige.day3_TGCACCTCACATTCGA-1	12
beige.day3_TGCACCTCAGGTGGAT-1	12
beige.day3_TGCACCTCAGTATGCT-1	11
beige.day3_TGCACCTCATGACATC-1	9
beige.day3_TGCACCTCATGATCCA-1	9
beige.day3_TGCACCTCATTTCACT-1	8
beige.day3_TGCACCTGTCCTAGCG-1	6
beige.day3_TGCACCTGTCTTCGTC-1	8
beige.day3_TGCACCTGTTACTGAC-1	8
beige.day3_TGCACCTTCATCGATG-1	8
beige.day3_TGCACCTTCCAAACTG-1	12
beige.day3_TGCACCTTCTACTTAC-1	11
beige.day3_TGCACCTTCTGCTGTC-1	11
beige.day3_TGCCAAAAGAACAACT-1	12
beige.day3_TGCCAAAAGAGGGATA-1	8
beige.day3_TGCCAAAAGATAGCAT-1	11
beige.day3_TGCCAAAAGATCTGAA-1	8
beige.day3_TGCCAAAAGGATGCGT-1	12
beige.day3_TGCCAAAAGGTGCACA-1	7
beige.day3_TGCCAAACAACCGCCA-1	8
beige.day3_TGCCAAACAACGCACC-1	12
beige.day3_TGCCAAACACCGTTGG-1	7
beige.day3_TGCCAAACACTTAACG-1	7
beige.day3_TGCCAAACAGTATAAG-1	8
beige.day3_TGCCAAACATTCGACA-1	10
beige.day3_TGCCAAACATTCTTAC-1	7
beige.day3_TGCCAAAGTACGCTGC-1	12
beige.day3_TGCCAAAGTAGGGTAC-1	10
beige.day3_TGCCAAAGTCAGAATA-1	8
beige.day3_TGCCAAAGTCGGCATC-1	8
beige.day3_TGCCAAAGTGCTAGCC-1	9
beige.day3_TGCCAAAGTTCTGAAC-1	7
beige.day3_TGCCAAAGTTGGTTTG-1	12
beige.day3_TGCCAAATCCGGCACA-1	10
beige.day3_TGCCAAATCGTATCAG-1	6
beige.day3_TGCCCATAGCCACCTG-1	12
beige.day3_TGCCCATAGCCACGTC-1	10
beige.day3_TGCCCATAGCGAAGGG-1	8
beige.day3_TGCCCATAGCGTTCCG-1	8
beige.day3_TGCCCATAGGTGCTTT-1	9
beige.day3_TGCCCATAGTGCTGCC-1	10
beige.day3_TGCCCATCACCGAATT-1	8
beige.day3_TGCCCATCAGCTCCGA-1	12
beige.day3_TGCCCATCAGTCAGCC-1	10
beige.day3_TGCCCATCATATACGC-1	8
beige.day3_TGCCCATCATGCCTTC-1	8
beige.day3_TGCCCATGTCACCCAG-1	9
beige.day3_TGCCCATGTCCAGTGC-1	10
beige.day3_TGCCCATGTCGAAAGC-1	8
beige.day3_TGCCCATGTGATAAAC-1	8
beige.day3_TGCCCATGTGCAGTAG-1	10
beige.day3_TGCCCATGTGCCTGCA-1	9
beige.day3_TGCCCATTCCGTTGCT-1	8
beige.day3_TGCCCATTCTCAAACG-1	9
beige.day3_TGCCCTAAGAAGGTTT-1	11
beige.day3_TGCCCTAAGACAGACC-1	11
beige.day3_TGCCCTAAGCACCGCT-1	11
beige.day3_TGCCCTAAGCCAGAAC-1	11
beige.day3_TGCCCTAAGCGAAGGG-1	8
beige.day3_TGCCCTAAGCTAGTTC-1	8
beige.day3_TGCCCTAAGCTGGAAC-1	8
beige.day3_TGCCCTACACGAAACG-1	9
beige.day3_TGCCCTACACTTACGA-1	9
beige.day3_TGCCCTACAGCATACT-1	12
beige.day3_TGCCCTACAGCCAATT-1	11
beige.day3_TGCCCTACATACTACG-1	12
beige.day3_TGCCCTACATCACCCT-1	12
beige.day3_TGCCCTACATGAGCGA-1	12
beige.day3_TGCCCTAGTAGATTAG-1	4
beige.day3_TGCCCTAGTATGAATG-1	8
beige.day3_TGCCCTAGTGAAGGCT-1	11
beige.day3_TGCCCTAGTGCGATAG-1	3
beige.day3_TGCCCTAGTGTATGGG-1	12
beige.day3_TGCCCTAGTTTAAGCC-1	10
beige.day3_TGCCCTATCAATAAGG-1	12
beige.day3_TGCCCTATCCAAACTG-1	11
beige.day3_TGCCCTATCCAAAGTC-1	12
beige.day3_TGCCCTATCCCATTTA-1	6
beige.day3_TGCCCTATCCTACAGA-1	10
beige.day3_TGCCCTATCGCCAGCA-1	7
beige.day3_TGCCCTATCGGAAATA-1	8
beige.day3_TGCCCTATCGTACCGG-1	12
beige.day3_TGCCCTATCTCAAACG-1	12
beige.day3_TGCGCAGAGAAAGTGG-1	8
beige.day3_TGCGCAGAGATCACGG-1	8
beige.day3_TGCGCAGAGCCAGTTT-1	7
beige.day3_TGCGCAGAGCGTTGCC-1	8
beige.day3_TGCGCAGAGCTAGTTC-1	8
beige.day3_TGCGCAGAGGTGACCA-1	12
beige.day3_TGCGCAGAGTGGGCTA-1	8
beige.day3_TGCGCAGAGTTAGGTA-1	9
beige.day3_TGCGCAGCAAGGACTG-1	9
beige.day3_TGCGCAGCACGGACAA-1	7
beige.day3_TGCGCAGCATAGACTC-1	10
beige.day3_TGCGCAGCATCCGCGA-1	8
beige.day3_TGCGCAGGTAACGACG-1	7
beige.day3_TGCGCAGGTACCGGCT-1	8
beige.day3_TGCGCAGGTCCTCTTG-1	11
beige.day3_TGCGCAGGTTAAGTAG-1	11
beige.day3_TGCGCAGGTTGTCGCG-1	1
beige.day3_TGCGCAGTCAACCATG-1	9
beige.day3_TGCGCAGTCACATAGC-1	9
beige.day3_TGCGCAGTCACCACCT-1	10
beige.day3_TGCGCAGTCCAATGGT-1	8
beige.day3_TGCGCAGTCCACGAAT-1	8
beige.day3_TGCGCAGTCCTCAATT-1	8
beige.day3_TGCGCAGTCGAACGGA-1	8
beige.day3_TGCGCAGTCGACAGCC-1	8
beige.day3_TGCGCAGTCGAGAGCA-1	10
beige.day3_TGCGCAGTCTTTAGTC-1	12
beige.day3_TGCGGGTAGAGACTAT-1	9
beige.day3_TGCGGGTAGAGCAATT-1	9
beige.day3_TGCGGGTAGAGCTTCT-1	11
beige.day3_TGCGGGTAGATCCTGT-1	9
beige.day3_TGCGGGTAGCACACAG-1	8
beige.day3_TGCGGGTAGCTCCTTC-1	9
beige.day3_TGCGGGTAGCTTTGGT-1	8
beige.day3_TGCGGGTAGGAACTGC-1	6
beige.day3_TGCGGGTAGGATTCGG-1	12
beige.day3_TGCGGGTAGGCTCATT-1	9
beige.day3_TGCGGGTAGGGCTCTC-1	11
beige.day3_TGCGGGTCACTTCGAA-1	10
beige.day3_TGCGGGTCAGGGATTG-1	5
beige.day3_TGCGGGTGTAAGTTCC-1	8
beige.day3_TGCGGGTGTAATAGCA-1	8
beige.day3_TGCGGGTGTGACAAAT-1	11
beige.day3_TGCGGGTGTTCGTGAT-1	11
beige.day3_TGCGGGTGTTTAGCTG-1	12
beige.day3_TGCGGGTTCCACTGGG-1	8
beige.day3_TGCGGGTTCGATGAGG-1	1
beige.day3_TGCGGGTTCGCAGGCT-1	10
beige.day3_TGCGGGTTCTTTAGGG-1	9
beige.day3_TGCGTGGAGAAAGTGG-1	11
beige.day3_TGCGTGGAGAACAATC-1	9
beige.day3_TGCGTGGAGAGTGACC-1	9
beige.day3_TGCGTGGAGATGCCTT-1	9
beige.day3_TGCGTGGAGGAGCGTT-1	10
beige.day3_TGCGTGGAGGCTCTTA-1	7
beige.day3_TGCGTGGAGTACGCCC-1	7
beige.day3_TGCGTGGAGTCGATAA-1	10
beige.day3_TGCGTGGAGTGACTCT-1	12
beige.day3_TGCGTGGCAATGGTCT-1	11
beige.day3_TGCGTGGCACCTGGTG-1	9
beige.day3_TGCGTGGCACTATCTT-1	12
beige.day3_TGCGTGGCACTCTGTC-1	7
beige.day3_TGCGTGGCATATACCG-1	12
beige.day3_TGCGTGGCATCGGACC-1	12
beige.day3_TGCGTGGGTCATGCAT-1	11
beige.day3_TGCGTGGGTCTTTCAT-1	8
beige.day3_TGCGTGGGTTAGGGTG-1	8
beige.day3_TGCGTGGGTTCAGACT-1	6
beige.day3_TGCGTGGGTTGTGGCC-1	12
beige.day3_TGCGTGGTCCAATGGT-1	10
beige.day3_TGCGTGGTCCCAACGG-1	9
beige.day3_TGCGTGGTCGACAGCC-1	12
beige.day3_TGCGTGGTCGGCTACG-1	11
beige.day3_TGCTACCAGCACACAG-1	8
beige.day3_TGCTACCAGCGTAATA-1	12
beige.day3_TGCTACCAGCTAGCCC-1	12
beige.day3_TGCTACCAGGACCACA-1	8
beige.day3_TGCTACCAGGATGGAA-1	8
beige.day3_TGCTACCAGGATGTAT-1	6
beige.day3_TGCTACCAGTACTTGC-1	9
beige.day3_TGCTACCCAAGCCATT-1	7
beige.day3_TGCTACCCAATCGAAA-1	12
beige.day3_TGCTACCCAGACAAGC-1	12
beige.day3_TGCTACCCAGGCTCAC-1	10
beige.day3_TGCTACCCAGTAAGCG-1	12
beige.day3_TGCTACCCATAGGATA-1	9
beige.day3_TGCTACCGTCACCTAA-1	8
beige.day3_TGCTACCGTGACGGTA-1	7
beige.day3_TGCTACCGTGATAAAC-1	6
beige.day3_TGCTACCGTTAGGGTG-1	12
beige.day3_TGCTACCTCAATACCG-1	8
beige.day3_TGCTACCTCACTGGGC-1	8
beige.day3_TGCTACCTCATGTCCC-1	12
beige.day3_TGCTACCTCCAGGGCT-1	10
beige.day3_TGCTACCTCGGCCGAT-1	10
beige.day3_TGCTACCTCTGCGGCA-1	12
beige.day3_TGCTACCTCTGTACGA-1	9
beige.day3_TGCTACCTCTTTACAC-1	11
beige.day3_TGCTACCTCTTTACGT-1	8
beige.day3_TGCTGCTAGACTGTAA-1	12
beige.day3_TGCTGCTAGCCATCGC-1	11
beige.day3_TGCTGCTAGCCTTGAT-1	8
beige.day3_TGCTGCTAGTATGACA-1	8
beige.day3_TGCTGCTAGTCCGGTC-1	8
beige.day3_TGCTGCTCAAGGTTCT-1	9
beige.day3_TGCTGCTCAATCTACG-1	10
beige.day3_TGCTGCTCACCGGAAA-1	6
beige.day3_TGCTGCTCACGACTCG-1	8
beige.day3_TGCTGCTCACTAGTAC-1	7
beige.day3_TGCTGCTCAGCGAACA-1	8
beige.day3_TGCTGCTCAGGGTACA-1	9
beige.day3_TGCTGCTCAGTATCTG-1	12
beige.day3_TGCTGCTCATATGAGA-1	7
beige.day3_TGCTGCTCATTATCTC-1	12
beige.day3_TGCTGCTGTCAGAGGT-1	12
beige.day3_TGCTGCTGTCAGATAA-1	6
beige.day3_TGCTGCTGTCGAGTTT-1	8
beige.day3_TGCTGCTGTTACGTCA-1	7
beige.day3_TGCTGCTGTTATGCGT-1	8
beige.day3_TGCTGCTTCTGGTATG-1	11
beige.day3_TGCTGCTTCTTTAGGG-1	7
beige.day3_TGGACGCAGAGCTGCA-1	8
beige.day3_TGGACGCAGCCCAGCT-1	5
beige.day3_TGGACGCAGGAGTCTG-1	8
beige.day3_TGGACGCAGTACGCGA-1	7
beige.day3_TGGACGCCACAACGTT-1	9
beige.day3_TGGACGCCACGTTGGC-1	9
beige.day3_TGGACGCCATGTCGAT-1	10
beige.day3_TGGACGCCATTCTTAC-1	8
beige.day3_TGGACGCGTAAGTGTA-1	10
beige.day3_TGGACGCGTCCGACGT-1	8
beige.day3_TGGACGCGTCTTGCGG-1	8
beige.day3_TGGACGCGTGCGATAG-1	7
beige.day3_TGGACGCTCATGCTCC-1	8
beige.day3_TGGACGCTCCGTTGCT-1	6
beige.day3_TGGACGCTCGAATGGG-1	10
beige.day3_TGGACGCTCGCACTCT-1	11
beige.day3_TGGACGCTCGCCTGTT-1	10
beige.day3_TGGACGCTCGTCTGCT-1	12
beige.day3_TGGACGCTCTCTTGAT-1	8
beige.day3_TGGACGCTCTGCTGTC-1	11
beige.day3_TGGCCAGAGACCGGAT-1	8
beige.day3_TGGCCAGAGACTAAGT-1	12
beige.day3_TGGCCAGAGCAGACTG-1	12
beige.day3_TGGCCAGAGCGTTCCG-1	8
beige.day3_TGGCCAGAGTAGGTGC-1	7
beige.day3_TGGCCAGCACCATCCT-1	7
beige.day3_TGGCCAGCAGACAAAT-1	12
beige.day3_TGGCCAGCAGCCTGTG-1	12
beige.day3_TGGCCAGCATACGCCG-1	7
beige.day3_TGGCCAGCATCGACGC-1	9
beige.day3_TGGCCAGCATGATCCA-1	9
beige.day3_TGGCCAGGTAAAGTCA-1	12
beige.day3_TGGCCAGGTAAGTGGC-1	3
beige.day3_TGGCCAGGTACTTCTT-1	7
beige.day3_TGGCCAGGTATAGTAG-1	6
beige.day3_TGGCCAGGTCGCGTGT-1	9
beige.day3_TGGCCAGGTTCTGAAC-1	12
beige.day3_TGGCCAGGTTCTGGTA-1	8
beige.day3_TGGCCAGTCACATAGC-1	12
beige.day3_TGGCCAGTCATTGCGA-1	9
beige.day3_TGGCCAGTCCAAGCCG-1	8
beige.day3_TGGCCAGTCCCAAGTA-1	8
beige.day3_TGGCCAGTCGAATGCT-1	12
beige.day3_TGGCCAGTCGACCAGC-1	12
beige.day3_TGGCCAGTCTTCTGGC-1	7
beige.day3_TGGCGCAAGAGCTGGT-1	8
beige.day3_TGGCGCAAGCGACGTA-1	8
beige.day3_TGGCGCAAGGGTGTGT-1	8
beige.day3_TGGCGCAAGGTGATTA-1	8
beige.day3_TGGCGCAAGTAAGTAC-1	10
beige.day3_TGGCGCAAGTAGGTGC-1	8
beige.day3_TGGCGCAAGTGGTAGC-1	7
beige.day3_TGGCGCAAGTTCCACA-1	9
beige.day3_TGGCGCACAAGAGGCT-1	12
beige.day3_TGGCGCACACAAGCCC-1	12
beige.day3_TGGCGCACATCGATTG-1	8
beige.day3_TGGCGCACATTATCTC-1	8
beige.day3_TGGCGCAGTACCGCTG-1	8
beige.day3_TGGCGCAGTAGCGTGA-1	8
beige.day3_TGGCGCAGTAGCTCCG-1	8
beige.day3_TGGCGCAGTGAAGGCT-1	12
beige.day3_TGGCGCAGTGCTGTAT-1	10
beige.day3_TGGCGCAGTGGCTCCA-1	8
beige.day3_TGGCGCAGTGTAATGA-1	7
beige.day3_TGGCGCAGTTCGTGAT-1	12
beige.day3_TGGCGCAGTTTGTTTC-1	8
beige.day3_TGGCGCATCAACGAAA-1	8
beige.day3_TGGCGCATCACAACGT-1	12
beige.day3_TGGCGCATCCAAATGC-1	9
beige.day3_TGGCGCATCCATGCTC-1	12
beige.day3_TGGCGCATCCGGCACA-1	12
beige.day3_TGGCGCATCCTAAGTG-1	11
beige.day3_TGGCGCATCTCCTATA-1	9
beige.day3_TGGCGCATCTTTACAC-1	12
beige.day3_TGGCTGGAGAGGTAGA-1	8
beige.day3_TGGCTGGAGATGTAAC-1	8
beige.day3_TGGCTGGAGCAGGTCA-1	8
beige.day3_TGGCTGGAGGCGACAT-1	11
beige.day3_TGGCTGGAGGTACTCT-1	11
beige.day3_TGGCTGGAGTGTTGAA-1	11
beige.day3_TGGCTGGAGTTGTAGA-1	11
beige.day3_TGGCTGGAGTTTGCGT-1	8
beige.day3_TGGCTGGCAACCGCCA-1	9
beige.day3_TGGCTGGCACGAAATA-1	12
beige.day3_TGGCTGGCAGGCTGAA-1	8
beige.day3_TGGCTGGCAGTCACTA-1	7
beige.day3_TGGCTGGCATCTATGG-1	10
beige.day3_TGGCTGGGTAACGTTC-1	7
beige.day3_TGGCTGGGTAAGGATT-1	8
beige.day3_TGGCTGGGTATGAAAC-1	8
beige.day3_TGGCTGGGTCCTAGCG-1	7
beige.day3_TGGCTGGGTCGCATCG-1	8
beige.day3_TGGCTGGGTCTCCATC-1	9
beige.day3_TGGCTGGGTTGCCTCT-1	12
beige.day3_TGGCTGGGTTGCTCCT-1	11
beige.day3_TGGCTGGTCAAAGTAG-1	10
beige.day3_TGGCTGGTCAATAAGG-1	10
beige.day3_TGGGAAGAGAGCTGGT-1	8
beige.day3_TGGGAAGAGAGTAATC-1	10
beige.day3_TGGGAAGAGCCGGTAA-1	9
beige.day3_TGGGAAGAGGGAAACA-1	11
beige.day3_TGGGAAGAGTCGAGTG-1	9
beige.day3_TGGGAAGAGTGTTTGC-1	9
beige.day3_TGGGAAGAGTTTCCTT-1	10
beige.day3_TGGGAAGCAAGCGAGT-1	8
beige.day3_TGGGAAGCAATAGCAA-1	11
beige.day3_TGGGAAGCACCCATTC-1	8
beige.day3_TGGGAAGCACTGAAGG-1	12
beige.day3_TGGGAAGCATCCCACT-1	8
beige.day3_TGGGAAGGTCGGCTCA-1	8
beige.day3_TGGGAAGGTCTCTTAT-1	12
beige.day3_TGGGAAGGTGCACGAA-1	8
beige.day3_TGGGAAGGTTGGGACA-1	11
beige.day3_TGGGAAGTCACCCTCA-1	12
beige.day3_TGGGAAGTCCCAAGAT-1	8
beige.day3_TGGGAAGTCCGAACGC-1	8
beige.day3_TGGGAAGTCCTTCAAT-1	9
beige.day3_TGGGAAGTCGGAAATA-1	7
beige.day3_TGGGCGTAGCCCAATT-1	8
beige.day3_TGGGCGTAGCGACGTA-1	12
beige.day3_TGGGCGTAGGCGACAT-1	12
beige.day3_TGGGCGTAGGTACTCT-1	8
beige.day3_TGGGCGTAGTCATGCT-1	10
beige.day3_TGGGCGTAGTGCCATT-1	11
beige.day3_TGGGCGTCAAGGCTCC-1	8
beige.day3_TGGGCGTCAATGTAAG-1	7
beige.day3_TGGGCGTCACCTATCC-1	8
beige.day3_TGGGCGTCAGACAGGT-1	9
beige.day3_TGGGCGTGTACTTCTT-1	9
beige.day3_TGGGCGTGTAGATTAG-1	8
beige.day3_TGGGCGTGTGATGTGG-1	12
beige.day3_TGGGCGTGTGTGAAAT-1	12
beige.day3_TGGGCGTGTTGACGTT-1	8
beige.day3_TGGGCGTGTTTAGCTG-1	10
beige.day3_TGGGCGTTCAAACCGT-1	12
beige.day3_TGGGCGTTCCCTGACT-1	8
beige.day3_TGGGCGTTCCTGCTTG-1	12
beige.day3_TGGGCGTTCTAAGCCA-1	12
beige.day3_TGGTTAGAGACTGTAA-1	8
beige.day3_TGGTTAGAGCAACGGT-1	12
beige.day3_TGGTTAGAGCGACGTA-1	11
beige.day3_TGGTTAGAGCTGCCCA-1	8
beige.day3_TGGTTAGAGTCACGCC-1	11
beige.day3_TGGTTAGAGTTAGGTA-1	11
beige.day3_TGGTTAGAGTTCGCGC-1	12
beige.day3_TGGTTAGCAACTGCTA-1	7
beige.day3_TGGTTAGCAATCTGCA-1	9
beige.day3_TGGTTAGCACCGATAT-1	8
beige.day3_TGGTTAGCAGCGATCC-1	8
beige.day3_TGGTTAGCAGGTGGAT-1	11
beige.day3_TGGTTAGGTAACGCGA-1	8
beige.day3_TGGTTAGGTAAGAGGA-1	7
beige.day3_TGGTTAGGTAGAGGAA-1	8
beige.day3_TGGTTAGGTAGCTCCG-1	3
beige.day3_TGGTTAGGTCTAGAGG-1	8
beige.day3_TGGTTAGGTGAAATCA-1	7
beige.day3_TGGTTAGGTTCAACCA-1	12
beige.day3_TGGTTAGGTTGCGTTA-1	8
beige.day3_TGGTTAGTCACCCGAG-1	1
beige.day3_TGGTTAGTCATGCAAC-1	8
beige.day3_TGGTTAGTCATGTGGT-1	8
beige.day3_TGGTTAGTCATTCACT-1	10
beige.day3_TGGTTAGTCCATGCTC-1	11
beige.day3_TGGTTAGTCCCACTTG-1	8
beige.day3_TGGTTAGTCCGCGGTA-1	4
beige.day3_TGGTTAGTCTTCAACT-1	12
beige.day3_TGGTTCCAGCGCCTCA-1	12
beige.day3_TGGTTCCAGCTAACTC-1	8
beige.day3_TGGTTCCAGTACGCCC-1	7
beige.day3_TGGTTCCAGTCCATAC-1	7
beige.day3_TGGTTCCAGTGATCGG-1	10
beige.day3_TGGTTCCCACAAGCCC-1	8
beige.day3_TGGTTCCCACCAGGTC-1	9
beige.day3_TGGTTCCCACTAGTAC-1	8
beige.day3_TGGTTCCCAGCTGTGC-1	9
beige.day3_TGGTTCCCAGGCGATA-1	8
beige.day3_TGGTTCCCAGGGTTAG-1	8
beige.day3_TGGTTCCCAGTAAGCG-1	7
beige.day3_TGGTTCCGTAAGTTCC-1	9
beige.day3_TGGTTCCGTACCGGCT-1	12
beige.day3_TGGTTCCGTACGAAAT-1	8
beige.day3_TGGTTCCGTAGCTAAA-1	8
beige.day3_TGGTTCCGTCCAAGTT-1	12
beige.day3_TGGTTCCGTCGAGATG-1	10
beige.day3_TGGTTCCGTCTGGTCG-1	8
beige.day3_TGGTTCCGTGTTCGAT-1	8
beige.day3_TGGTTCCTCAGGTAAA-1	12
beige.day3_TGGTTCCTCAGTACGT-1	8
beige.day3_TGGTTCCTCATTTGGG-1	11
beige.day3_TGGTTCCTCCACTCCA-1	12
beige.day3_TGGTTCCTCCCATTAT-1	11
beige.day3_TGGTTCCTCCTCTAGC-1	12
beige.day3_TGGTTCCTCGCTGATA-1	12
beige.day3_TGGTTCCTCTGTCTCG-1	7
beige.day3_TGTATTCAGACGACGT-1	8
beige.day3_TGTATTCAGGTGCAAC-1	9
beige.day3_TGTATTCAGTAGATGT-1	9
beige.day3_TGTATTCAGTTAACGA-1	8
beige.day3_TGTATTCAGTTACGGG-1	11
beige.day3_TGTATTCCACATTCGA-1	12
beige.day3_TGTATTCCACCACGTG-1	12
beige.day3_TGTATTCCACGGCCAT-1	8
beige.day3_TGTATTCCACGTCAGC-1	8
beige.day3_TGTATTCCAGTATCTG-1	12
beige.day3_TGTATTCCAGTCGTGC-1	8
beige.day3_TGTATTCCAGTGGAGT-1	9
beige.day3_TGTATTCCATCCTTGC-1	12
beige.day3_TGTATTCCATGGGAAC-1	9
beige.day3_TGTATTCCATTCCTCG-1	10
beige.day3_TGTATTCCATTCTCAT-1	12
beige.day3_TGTATTCGTCCGAAGA-1	7
beige.day3_TGTATTCGTGTTCGAT-1	8
beige.day3_TGTATTCGTTGTACAC-1	8
beige.day3_TGTATTCTCAAACCGT-1	7
beige.day3_TGTATTCTCATGTGGT-1	12
beige.day3_TGTATTCTCCCAAGTA-1	8
beige.day3_TGTATTCTCGCCAAAT-1	8
beige.day3_TGTATTCTCGTGGTCG-1	7
beige.day3_TGTCCCACAAGTAATG-1	12
beige.day3_TGTCCCACACATCCAA-1	11
beige.day3_TGTCCCACACATGTGT-1	12
beige.day3_TGTCCCACACCAGTTA-1	12
beige.day3_TGTCCCACAGATCGGA-1	11
beige.day3_TGTCCCACAGATTGCT-1	8
beige.day3_TGTCCCACAGGTGGAT-1	9
beige.day3_TGTCCCACATATGCTG-1	12
beige.day3_TGTCCCAGTAGAGGAA-1	8
beige.day3_TGTCCCAGTCGGCACT-1	12
beige.day3_TGTCCCAGTCTAGAGG-1	7
beige.day3_TGTCCCATCACATACG-1	12
beige.day3_TGTCCCATCCGCATCT-1	10
beige.day3_TGTCCCATCCGTTGTC-1	5
beige.day3_TGTCCCATCGATCCCT-1	6
beige.day3_TGTCCCATCGCATGAT-1	8
beige.day3_TGTCCCATCTGGTATG-1	12
beige.day3_TGTGGTAAGCATGGCA-1	12
beige.day3_TGTGGTAAGCCGATTT-1	12
beige.day3_TGTGGTAAGCCTCGTG-1	6
beige.day3_TGTGGTAAGGATATAC-1	8
beige.day3_TGTGGTAAGGTACTCT-1	9
beige.day3_TGTGGTAAGTAGTGCG-1	8
beige.day3_TGTGGTACAAGGACAC-1	12
beige.day3_TGTGGTACAATAGCGG-1	10
beige.day3_TGTGGTACAATCCAAC-1	10
beige.day3_TGTGGTACAGTAACGG-1	7
beige.day3_TGTGGTACATTCCTGC-1	8
beige.day3_TGTGGTAGTCACACGC-1	11
beige.day3_TGTGGTAGTCGGCACT-1	11
beige.day3_TGTGGTAGTTTCCACC-1	8
beige.day3_TGTGGTATCCGTCATC-1	10
beige.day3_TGTGGTATCCTAGTGA-1	8
beige.day3_TGTGGTATCTTGAGAC-1	3
beige.day3_TGTGTTTAGAGACTTA-1	12
beige.day3_TGTGTTTAGATGTCGG-1	8
beige.day3_TGTGTTTAGGCGATAC-1	8
beige.day3_TGTGTTTAGGCGCTCT-1	9
beige.day3_TGTGTTTCAACACCCG-1	11
beige.day3_TGTGTTTCATACAGCT-1	8
beige.day3_TGTGTTTGTACAGACG-1	10
beige.day3_TGTGTTTGTACGACCC-1	8
beige.day3_TGTGTTTGTCAACTGT-1	8
beige.day3_TGTGTTTGTCGTTGTA-1	6
beige.day3_TGTGTTTGTGGAAAGA-1	8
beige.day3_TGTGTTTGTTCGTGAT-1	7
beige.day3_TGTGTTTTCAAGGCTT-1	9
beige.day3_TGTGTTTTCAGAGACG-1	12
beige.day3_TGTGTTTTCATTCACT-1	12
beige.day3_TGTGTTTTCTCAACTT-1	10
beige.day3_TGTGTTTTCTCGGACG-1	8
beige.day3_TGTTCCGAGAACTCGG-1	10
beige.day3_TGTTCCGAGCCATCGC-1	12
beige.day3_TGTTCCGCAAGCCCAC-1	8
beige.day3_TGTTCCGCACCCATGG-1	10
beige.day3_TGTTCCGCAGCAGTTT-1	8
beige.day3_TGTTCCGCAGTTTACG-1	12
beige.day3_TGTTCCGCATCGATGT-1	8
beige.day3_TGTTCCGCATCGGGTC-1	10
beige.day3_TGTTCCGCATTGTGCA-1	12
beige.day3_TGTTCCGGTAAATACG-1	8
beige.day3_TGTTCCGGTTAAGAAC-1	8
beige.day3_TGTTCCGGTTCACCTC-1	12
beige.day3_TGTTCCGTCAAGATCC-1	10
beige.day3_TGTTCCGTCAATCTCT-1	7
beige.day3_TGTTCCGTCACGATGT-1	7
beige.day3_TGTTCCGTCAGCTCGG-1	9
beige.day3_TGTTCCGTCCACTCCA-1	7
beige.day3_TGTTCCGTCCAGGGCT-1	8
beige.day3_TGTTCCGTCCCAGGTG-1	12
beige.day3_TGTTCCGTCCTACAGA-1	10
beige.day3_TGTTCCGTCCTATGTT-1	12
beige.day3_TGTTCCGTCCTGTACC-1	6
beige.day3_TGTTCCGTCGAGAGCA-1	4
beige.day3_TGTTCCGTCGCTAGCG-1	12
beige.day3_TGTTCCGTCTTGCATT-1	11
beige.day3_TTAACTCAGAACAATC-1	9
beige.day3_TTAACTCAGACATAAC-1	12
beige.day3_TTAACTCAGATCTGCT-1	12
beige.day3_TTAACTCAGATGTGGC-1	11
beige.day3_TTAACTCAGGCGACAT-1	8
beige.day3_TTAACTCAGGCTCAGA-1	9
beige.day3_TTAACTCAGGGTGTGT-1	8
beige.day3_TTAACTCAGTGTCCAT-1	6
beige.day3_TTAACTCCACCCTATC-1	9
beige.day3_TTAACTCCAGAAGCAC-1	11
beige.day3_TTAACTCCAGCCTTTC-1	7
beige.day3_TTAACTCCAGCGTTCG-1	12
beige.day3_TTAACTCCATGGATGG-1	8
beige.day3_TTAACTCCATTCACTT-1	8
beige.day3_TTAACTCGTAAACACA-1	8
beige.day3_TTAACTCGTAATCACC-1	8
beige.day3_TTAACTCGTCCCTTGT-1	11
beige.day3_TTAACTCGTCCGAACC-1	5
beige.day3_TTAACTCGTGAGTGAC-1	11
beige.day3_TTAACTCGTGTCCTCT-1	12
beige.day3_TTAACTCGTTACGACT-1	9
beige.day3_TTAACTCGTTCGCTAA-1	8
beige.day3_TTAACTCGTTTGACTG-1	11
beige.day3_TTAACTCTCAGTGTTG-1	10
beige.day3_TTAACTCTCCGATATG-1	7
beige.day3_TTAACTCTCCGGGTGT-1	12
beige.day3_TTAACTCTCCTGCCAT-1	8
beige.day3_TTAACTCTCGGCCGAT-1	6
beige.day3_TTAACTCTCGGCGCAT-1	9
beige.day3_TTAACTCTCTAACTGG-1	10
beige.day3_TTAACTCTCTCGCATC-1	12
beige.day3_TTAGGACAGACTACAA-1	8
beige.day3_TTAGGACAGCTACCGC-1	5
beige.day3_TTAGGACAGGACCACA-1	8
beige.day3_TTAGGACAGGGCACTA-1	11
beige.day3_TTAGGACAGTGAATTG-1	9
beige.day3_TTAGGACAGTTATCGC-1	10
beige.day3_TTAGGACCAACGCACC-1	9
beige.day3_TTAGGACCAGTTAACC-1	9
beige.day3_TTAGGACGTACAGACG-1	8
beige.day3_TTAGGACGTACCAGTT-1	9
beige.day3_TTAGGACGTACCGAGA-1	7
beige.day3_TTAGGACGTATGCTTG-1	8
beige.day3_TTAGGACGTCGTCTTC-1	8
beige.day3_TTAGGACGTGCTCTTC-1	12
beige.day3_TTAGGACGTTACGGAG-1	8
beige.day3_TTAGGACGTTGCGCAC-1	8
beige.day3_TTAGGACGTTGTCGCG-1	9
beige.day3_TTAGGACGTTTACTCT-1	9
beige.day3_TTAGGACTCACATGCA-1	6
beige.day3_TTAGGACTCATGCATG-1	8
beige.day3_TTAGGACTCCACTGGG-1	8
beige.day3_TTAGGACTCCGAATGT-1	9
beige.day3_TTAGGACTCGAATGCT-1	11
beige.day3_TTAGGACTCGCCAGCA-1	8
beige.day3_TTAGGACTCGTCACGG-1	7
beige.day3_TTAGGACTCGTGACAT-1	8
beige.day3_TTAGGACTCTCGTATT-1	8
beige.day3_TTAGGACTCTCTGTCG-1	7
beige.day3_TTAGGCAAGAAACCGC-1	8
beige.day3_TTAGGCAAGAATTGTG-1	12
beige.day3_TTAGGCAAGAGTACAT-1	8
beige.day3_TTAGGCAAGCTAAACA-1	8
beige.day3_TTAGGCAAGCTAGTCT-1	10
beige.day3_TTAGGCAAGCTGAAAT-1	10
beige.day3_TTAGGCAAGGCTACGA-1	12
beige.day3_TTAGGCAAGTGAAGTT-1	12
beige.day3_TTAGGCAAGTTTAGGA-1	9
beige.day3_TTAGGCACAACACCCG-1	8
beige.day3_TTAGGCACAAGCGTAG-1	8
beige.day3_TTAGGCACACAAGACG-1	8
beige.day3_TTAGGCACACCATCCT-1	8
beige.day3_TTAGGCACAGCTCCGA-1	8
beige.day3_TTAGGCACAGGACCCT-1	11
beige.day3_TTAGGCACAGGACGTA-1	12
beige.day3_TTAGGCACATAGTAAG-1	7
beige.day3_TTAGGCACATGAACCT-1	8
beige.day3_TTAGGCACATGACATC-1	12
beige.day3_TTAGGCACATGCGCAC-1	4
beige.day3_TTAGGCAGTAAATGTG-1	11
beige.day3_TTAGGCAGTAAGTGGC-1	8
beige.day3_TTAGGCAGTGAGTATA-1	8
beige.day3_TTAGGCAGTGTCCTCT-1	8
beige.day3_TTAGGCAGTTGGAGGT-1	10
beige.day3_TTAGGCAGTTTGTTTC-1	7
beige.day3_TTAGGCATCACCCTCA-1	9
beige.day3_TTAGGCATCAGCTTAG-1	11
beige.day3_TTAGGCATCCCACTTG-1	9
beige.day3_TTAGGCATCGAGGTAG-1	8
beige.day3_TTAGGCATCGGACAAG-1	3
beige.day3_TTAGGCATCTACTTAC-1	8
beige.day3_TTAGGCATCTCGCTTG-1	6
beige.day3_TTAGGCATCTTGAGAC-1	5
beige.day3_TTAGTTCAGACCGGAT-1	12
beige.day3_TTAGTTCAGAGTAAGG-1	12
beige.day3_TTAGTTCAGCGATAGC-1	10
beige.day3_TTAGTTCAGCTGATAA-1	12
beige.day3_TTAGTTCAGGGTCTCC-1	8
beige.day3_TTAGTTCAGGTGCAAC-1	8
beige.day3_TTAGTTCAGTACACCT-1	8
beige.day3_TTAGTTCAGTCCAGGA-1	9
beige.day3_TTAGTTCAGTGTCCCG-1	7
beige.day3_TTAGTTCCAATACGCT-1	12
beige.day3_TTAGTTCCAATGAATG-1	10
beige.day3_TTAGTTCCACGGCCAT-1	10
beige.day3_TTAGTTCCACTGCCAG-1	11
beige.day3_TTAGTTCCAGGTCCAC-1	8
beige.day3_TTAGTTCCATACTCTT-1	11
beige.day3_TTAGTTCCATCAGTCA-1	10
beige.day3_TTAGTTCGTATAAACG-1	8
beige.day3_TTAGTTCGTCCCTTGT-1	10
beige.day3_TTAGTTCGTCTAGGTT-1	9
beige.day3_TTAGTTCGTCTCTCGT-1	11
beige.day3_TTAGTTCGTGAGCGAT-1	10
beige.day3_TTAGTTCTCCCATTTA-1	8
beige.day3_TTAGTTCTCGTCTGCT-1	7
beige.day3_TTAGTTCTCTCATTCA-1	9
beige.day3_TTAGTTCTCTGTTTGT-1	5
beige.day3_TTATGCTAGAGGGCTT-1	7
beige.day3_TTATGCTAGATACACA-1	8
beige.day3_TTATGCTAGCCGGTAA-1	9
beige.day3_TTATGCTAGCGATTCT-1	11
beige.day3_TTATGCTAGGACATTA-1	8
beige.day3_TTATGCTAGTCAATAG-1	8
beige.day3_TTATGCTAGTCGTTTG-1	8
beige.day3_TTATGCTAGTGAACAT-1	11
beige.day3_TTATGCTCAGCCACCA-1	7
beige.day3_TTATGCTCAGGTGCCT-1	10
beige.day3_TTATGCTGTAGCACGA-1	7
beige.day3_TTATGCTGTATAATGG-1	12
beige.day3_TTATGCTGTATGAAAC-1	11
beige.day3_TTATGCTGTCGCATAT-1	11
beige.day3_TTATGCTGTGTGAATA-1	11
beige.day3_TTATGCTGTTTCCACC-1	6
beige.day3_TTATGCTTCAATAAGG-1	7
beige.day3_TTATGCTTCACGCATA-1	12
beige.day3_TTATGCTTCGTGGACC-1	8
beige.day3_TTATGCTTCTCGATGA-1	8
beige.day3_TTCCCAGAGAAACCGC-1	9
beige.day3_TTCCCAGAGACTAGGC-1	7
beige.day3_TTCCCAGAGAGTAAGG-1	10
beige.day3_TTCCCAGAGCTGAAAT-1	12
beige.day3_TTCCCAGAGTCCTCCT-1	11
beige.day3_TTCCCAGAGTGTTAGA-1	8
beige.day3_TTCCCAGCAAGGTGTG-1	8
beige.day3_TTCCCAGCAATCTGCA-1	9
beige.day3_TTCCCAGCAGGTCCAC-1	9
beige.day3_TTCCCAGCATCCTTGC-1	9
beige.day3_TTCCCAGCATGGTCTA-1	11
beige.day3_TTCCCAGGTACACCGC-1	8
beige.day3_TTCCCAGGTACCATCA-1	10
beige.day3_TTCCCAGGTACTCTCC-1	7
beige.day3_TTCCCAGGTAGGAGTC-1	9
beige.day3_TTCCCAGGTCGGCACT-1	12
beige.day3_TTCCCAGTCCAACCAA-1	8
beige.day3_TTCCCAGTCCAGGGCT-1	8
beige.day3_TTCCCAGTCCCGACTT-1	11
beige.day3_TTCCCAGTCCTCGCAT-1	11
beige.day3_TTCCCAGTCTGCCAGG-1	9
beige.day3_TTCGAAGAGAATAGGG-1	12
beige.day3_TTCGAAGAGAGCTTCT-1	8
beige.day3_TTCGAAGAGTACGATA-1	9
beige.day3_TTCGAAGAGTCCTCCT-1	9
beige.day3_TTCGAAGAGTGTGAAT-1	8
beige.day3_TTCGAAGCAAGCTGAG-1	8
beige.day3_TTCGAAGCAAGGACTG-1	10
beige.day3_TTCGAAGCACGTAAGG-1	12
beige.day3_TTCGAAGCACGTCAGC-1	10
beige.day3_TTCGAAGCAGTCGATT-1	12
beige.day3_TTCGAAGCATGGTCAT-1	8
beige.day3_TTCGAAGGTCAGTGGA-1	9
beige.day3_TTCGAAGGTCCGCTGA-1	8
beige.day3_TTCGAAGGTCTCTTAT-1	8
beige.day3_TTCGAAGGTTCTGGTA-1	8
beige.day3_TTCGAAGGTTGTACAC-1	8
beige.day3_TTCGAAGTCCAAGCCG-1	8
beige.day3_TTCGAAGTCCTCTAGC-1	10
beige.day3_TTCGAAGTCGAATGGG-1	9
beige.day3_TTCGAAGTCTGGAGCC-1	12
beige.day3_TTCGGTCAGAACTCGG-1	9
beige.day3_TTCGGTCAGACTGGGT-1	8
beige.day3_TTCGGTCAGCTAGTCT-1	12
beige.day3_TTCGGTCAGGGCACTA-1	12
beige.day3_TTCGGTCAGTGGAGTC-1	8
beige.day3_TTCGGTCAGTGGTAGC-1	11
beige.day3_TTCGGTCAGTGTGAAT-1	8
beige.day3_TTCGGTCCACGCTTTC-1	7
beige.day3_TTCGGTCCAGAGCCAA-1	12
beige.day3_TTCGGTCCAGCATACT-1	12
beige.day3_TTCGGTCCAGGTCGTC-1	9
beige.day3_TTCGGTCCATACAGCT-1	11
beige.day3_TTCGGTCCATATGAGA-1	11
beige.day3_TTCGGTCGTAAGTTCC-1	12
beige.day3_TTCGGTCGTCGGCACT-1	12
beige.day3_TTCGGTCGTGACCAAG-1	8
beige.day3_TTCGGTCGTTCAACCA-1	7
beige.day3_TTCGGTCTCAACTCTT-1	8
beige.day3_TTCGGTCTCCAGTATG-1	10
beige.day3_TTCGGTCTCGCAAACT-1	8
beige.day3_TTCGGTCTCGCTAGCG-1	7
beige.day3_TTCGGTCTCTCGTATT-1	7
beige.day3_TTCTACAAGCAGCGTA-1	8
beige.day3_TTCTACAAGCAGGTCA-1	8
beige.day3_TTCTACAAGCCAGTTT-1	12
beige.day3_TTCTACAAGCTACCTA-1	9
beige.day3_TTCTACAAGGAGTACC-1	12
beige.day3_TTCTACAAGTACGACG-1	8
beige.day3_TTCTACACAAGTACCT-1	12
beige.day3_TTCTACACACCCATGG-1	12
beige.day3_TTCTACACAGATGAGC-1	10
beige.day3_TTCTACACATACAGCT-1	8
beige.day3_TTCTACACATTACCTT-1	8
beige.day3_TTCTACAGTCACCTAA-1	12
beige.day3_TTCTACAGTCCGTCAG-1	7
beige.day3_TTCTACAGTCGTTGTA-1	10
beige.day3_TTCTACAGTGAGCGAT-1	9
beige.day3_TTCTACAGTTCTGGTA-1	3
beige.day3_TTCTACAGTTGAACTC-1	7
beige.day3_TTCTACAGTTGGTTTG-1	12
beige.day3_TTCTACAGTTTCCACC-1	8
beige.day3_TTCTACATCACGATGT-1	9
beige.day3_TTCTACATCCTGTACC-1	7
beige.day3_TTCTACATCGCCTGTT-1	8
beige.day3_TTCTACATCTCCAACC-1	9
beige.day3_TTCTCAAAGAGCAATT-1	6
beige.day3_TTCTCAAAGATCCTGT-1	7
beige.day3_TTCTCAAAGGTGCAAC-1	1
beige.day3_TTCTCAAAGTACCGGA-1	7
beige.day3_TTCTCAACACAAGACG-1	8
beige.day3_TTCTCAACACAAGTAA-1	9
beige.day3_TTCTCAACACGTGAGA-1	12
beige.day3_TTCTCAACAGTAGAGC-1	11
beige.day3_TTCTCAACATCCTTGC-1	12
beige.day3_TTCTCAACATGGTCTA-1	9
beige.day3_TTCTCAAGTAGCAAAT-1	8
beige.day3_TTCTCAAGTCAGGACA-1	6
beige.day3_TTCTCAAGTCATATGC-1	8
beige.day3_TTCTCAAGTGCACGAA-1	7
beige.day3_TTCTCAAGTTACGACT-1	8
beige.day3_TTCTCAAGTTTGACAC-1	8
beige.day3_TTCTCAATCCGCATCT-1	7
beige.day3_TTCTCAATCTTCCTTC-1	8
beige.day3_TTCTCCTAGAAGAAGC-1	8
beige.day3_TTCTCCTAGCCGCCTA-1	7
beige.day3_TTCTCCTAGCGATGAC-1	8
beige.day3_TTCTCCTAGGCATGTG-1	7
beige.day3_TTCTCCTAGGGTGTGT-1	12
beige.day3_TTCTCCTAGGTACTCT-1	12
beige.day3_TTCTCCTAGTTAGCGG-1	8
beige.day3_TTCTCCTCAATGCCAT-1	11
beige.day3_TTCTCCTCACATGACT-1	10
beige.day3_TTCTCCTCACCCAGTG-1	7
beige.day3_TTCTCCTCATGCAACT-1	12
beige.day3_TTCTCCTGTACATGTC-1	9
beige.day3_TTCTCCTGTAGAAGGA-1	9
beige.day3_TTCTCCTGTCAGAATA-1	11
beige.day3_TTCTCCTGTTAAAGTG-1	1
beige.day3_TTCTCCTGTTCGAATC-1	8
beige.day3_TTCTCCTGTTGAGGTG-1	11
beige.day3_TTCTCCTTCCGAATGT-1	8
beige.day3_TTCTCCTTCGACAGCC-1	9
beige.day3_TTCTCCTTCGTGACAT-1	10
beige.day3_TTCTCCTTCTCAACTT-1	12
beige.day3_TTCTCCTTCTGACCTC-1	10
beige.day3_TTCTCCTTCTTCCTTC-1	9
beige.day3_TTCTTAGAGAAACGAG-1	12
beige.day3_TTCTTAGAGACTACAA-1	7
beige.day3_TTCTTAGAGCAGCCTC-1	10
beige.day3_TTCTTAGAGCTAGTCT-1	9
beige.day3_TTCTTAGAGGCTCAGA-1	8
beige.day3_TTCTTAGAGTACGCGA-1	8
beige.day3_TTCTTAGAGTGCCATT-1	10
beige.day3_TTCTTAGAGTGGGCTA-1	8
beige.day3_TTCTTAGAGTTAGCGG-1	7
beige.day3_TTCTTAGCACAAGCCC-1	7
beige.day3_TTCTTAGCACCAGTTA-1	8
beige.day3_TTCTTAGCACGCATCG-1	8
beige.day3_TTCTTAGCAGCTGCAC-1	9
beige.day3_TTCTTAGCAGGACGTA-1	9
beige.day3_TTCTTAGCAGGGAGAG-1	7
beige.day3_TTCTTAGCAGGGTATG-1	11
beige.day3_TTCTTAGCATCCAACA-1	9
beige.day3_TTCTTAGCATCGACGC-1	10
beige.day3_TTCTTAGCATGGGAAC-1	8
beige.day3_TTCTTAGGTACAGCAG-1	8
beige.day3_TTCTTAGGTATTACCG-1	11
beige.day3_TTCTTAGGTCAGTGGA-1	8
beige.day3_TTCTTAGGTCCGTCAG-1	12
beige.day3_TTCTTAGGTCGCCATG-1	11
beige.day3_TTCTTAGGTGGGTCAA-1	8
beige.day3_TTCTTAGTCAACTCTT-1	12
beige.day3_TTCTTAGTCATCGATG-1	8
beige.day3_TTCTTAGTCATTGCGA-1	8
beige.day3_TTCTTAGTCCCTAATT-1	9
beige.day3_TTCTTAGTCGGTCCGA-1	12
beige.day3_TTCTTAGTCGGTTCGG-1	12
beige.day3_TTCTTAGTCGTGGACC-1	12
beige.day3_TTCTTAGTCTGGCGAC-1	8
beige.day3_TTGAACGAGAACTCGG-1	12
beige.day3_TTGAACGAGCACACAG-1	12
beige.day3_TTGAACGAGCTGGAAC-1	8
beige.day3_TTGAACGAGCTTATCG-1	9
beige.day3_TTGAACGCAATAGCAA-1	9
beige.day3_TTGAACGCACCTTGTC-1	8
beige.day3_TTGAACGCACTGTTAG-1	12
beige.day3_TTGAACGCAGGTGCCT-1	9
beige.day3_TTGAACGCATTTGCCC-1	11
beige.day3_TTGAACGGTCATGCAT-1	12
beige.day3_TTGAACGGTCGCCATG-1	3
beige.day3_TTGAACGGTTCGTGAT-1	12
beige.day3_TTGAACGGTTTGGGCC-1	12
beige.day3_TTGAACGGTTTGTGTG-1	12
beige.day3_TTGAACGTCACCAGGC-1	8
beige.day3_TTGAACGTCAGCTCGG-1	8
beige.day3_TTGAACGTCATTTGGG-1	8
beige.day3_TTGAACGTCCGCTGTT-1	10
beige.day3_TTGAACGTCTAAGCCA-1	9
beige.day3_TTGAACGTCTTGTATC-1	11
beige.day3_TTGACTTAGACACGAC-1	9
beige.day3_TTGACTTAGACTAGAT-1	12
beige.day3_TTGACTTAGATCCCAT-1	9
beige.day3_TTGACTTAGCACCGCT-1	10
beige.day3_TTGACTTAGCCTCGTG-1	8
beige.day3_TTGACTTAGCGCTCCA-1	12
beige.day3_TTGACTTAGGTGATTA-1	11
beige.day3_TTGACTTAGGTGCAAC-1	8
beige.day3_TTGACTTCATGTAGTC-1	8
beige.day3_TTGACTTGTATATGAG-1	12
beige.day3_TTGACTTGTCTAGGTT-1	12
beige.day3_TTGACTTGTTAAAGAC-1	8
beige.day3_TTGACTTGTTCGTGAT-1	11
beige.day3_TTGACTTTCACCTTAT-1	8
beige.day3_TTGACTTTCCACGCAG-1	11
beige.day3_TTGACTTTCCAGAAGG-1	9
beige.day3_TTGACTTTCTCCTATA-1	9
beige.day3_TTGCCGTAGACCGGAT-1	8
beige.day3_TTGCCGTAGAGAGCTC-1	10
beige.day3_TTGCCGTAGATCGATA-1	9
beige.day3_TTGCCGTCAAGGGTCA-1	8
beige.day3_TTGCCGTCAAGTACCT-1	6
beige.day3_TTGCCGTCACCGGAAA-1	10
beige.day3_TTGCCGTCACGGTGTC-1	11
beige.day3_TTGCCGTCACTAGTAC-1	8
beige.day3_TTGCCGTCATATGGTC-1	8
beige.day3_TTGCCGTCATCAGTAC-1	8
beige.day3_TTGCCGTCATTTGCTT-1	8
beige.day3_TTGCCGTGTACGCACC-1	12
beige.day3_TTGCCGTGTCCAACTA-1	7
beige.day3_TTGCCGTGTCCTCTTG-1	8
beige.day3_TTGCCGTGTCTTGATG-1	7
beige.day3_TTGCCGTGTGTCCTCT-1	8
beige.day3_TTGCCGTGTTACGGAG-1	12
beige.day3_TTGCCGTTCACGGTTA-1	12
beige.day3_TTGCCGTTCCTAGGGC-1	8
beige.day3_TTGCCGTTCCTCGCAT-1	12
beige.day3_TTGCCGTTCTCATTCA-1	12
beige.day3_TTGCGTCAGACCGGAT-1	7
beige.day3_TTGCGTCAGACTACAA-1	5
beige.day3_TTGCGTCAGAGAACAG-1	12
beige.day3_TTGCGTCAGATGGCGT-1	8
beige.day3_TTGCGTCAGCCGCCTA-1	7
beige.day3_TTGCGTCAGCTAGCCC-1	7
beige.day3_TTGCGTCAGGATGGAA-1	12
beige.day3_TTGCGTCAGTTACCCA-1	7
beige.day3_TTGCGTCCAAGCCTAT-1	7
beige.day3_TTGCGTCCACAAGACG-1	7
beige.day3_TTGCGTCCACATGGGA-1	8
beige.day3_TTGCGTCCACCGGAAA-1	12
beige.day3_TTGCGTCCACGAGGTA-1	12
beige.day3_TTGCGTCCATTGGTAC-1	9
beige.day3_TTGCGTCGTACAAGTA-1	12
beige.day3_TTGCGTCGTCAATACC-1	12
beige.day3_TTGCGTCGTCATATGC-1	11
beige.day3_TTGCGTCGTTCCACTC-1	8
beige.day3_TTGCGTCGTTTCGCTC-1	11
beige.day3_TTGCGTCTCACCTCGT-1	7
beige.day3_TTGCGTCTCGTTGCCT-1	11
beige.day3_TTGCGTCTCTACCAGA-1	7
beige.day3_TTGCGTCTCTGGCGAC-1	12
beige.day3_TTGGAACAGACTAGAT-1	9
beige.day3_TTGGAACAGGAGTTTA-1	10
beige.day3_TTGGAACAGTACGACG-1	7
beige.day3_TTGGAACAGTGATCGG-1	12
beige.day3_TTGGAACAGTTAAGTG-1	7
beige.day3_TTGGAACAGTTAGGTA-1	10
beige.day3_TTGGAACCAAGAAAGG-1	12
beige.day3_TTGGAACCACACATGT-1	11
beige.day3_TTGGAACCAGCTCGAC-1	8
beige.day3_TTGGAACCATACTACG-1	12
beige.day3_TTGGAACCATCTACGA-1	9
beige.day3_TTGGAACGTACAGACG-1	9
beige.day3_TTGGAACGTAGCGTAG-1	12
beige.day3_TTGGAACGTCGTGGCT-1	8
beige.day3_TTGGAACGTGTTCGAT-1	7
beige.day3_TTGGAACTCATGTAGC-1	8
beige.day3_TTGGAACTCGTACGGC-1	9
beige.day3_TTGGAACTCGTGGACC-1	9
beige.day3_TTGGAACTCTGTCAAG-1	8
beige.day3_TTGGAACTCTTCTGGC-1	7
beige.day3_TTGGCAAAGAAACCAT-1	7
beige.day3_TTGGCAAAGAGCTGGT-1	12
beige.day3_TTGGCAAAGCCAGAAC-1	7
beige.day3_TTGGCAAAGCGGCTTC-1	11
beige.day3_TTGGCAAAGGCTAGAC-1	8
beige.day3_TTGGCAAAGGGTCTCC-1	11
beige.day3_TTGGCAAAGGTGATTA-1	7
beige.day3_TTGGCAACAAGAGGCT-1	6
beige.day3_TTGGCAACAAGCCGTC-1	6
beige.day3_TTGGCAACAAGCTGAG-1	11
beige.day3_TTGGCAACAAGTAATG-1	10
beige.day3_TTGGCAACAAGTTCTG-1	9
beige.day3_TTGGCAACAATGGACG-1	12
beige.day3_TTGGCAACACATCCAA-1	11
beige.day3_TTGGCAACACCGCTAG-1	11
beige.day3_TTGGCAACAGCTCGAC-1	12
beige.day3_TTGGCAACAGGTGCCT-1	10
beige.day3_TTGGCAACATCCGCGA-1	11
beige.day3_TTGGCAACATGTCCTC-1	8
beige.day3_TTGGCAAGTAGAGTGC-1	8
beige.day3_TTGGCAAGTATCGCAT-1	12
beige.day3_TTGGCAAGTCTCACCT-1	8
beige.day3_TTGGCAAGTGACTACT-1	6
beige.day3_TTGGCAAGTGCAGGTA-1	11
beige.day3_TTGGCAAGTGCATCTA-1	8
beige.day3_TTGGCAAGTGGACGAT-1	8
beige.day3_TTGGCAAGTGTGACCC-1	8
beige.day3_TTGGCAAGTTAGAACA-1	12
beige.day3_TTGGCAATCACAGTAC-1	8
beige.day3_TTGGCAATCACTTATC-1	12
beige.day3_TTGGCAATCCGAATGT-1	12
beige.day3_TTGGCAATCCTAGAAC-1	8
beige.day3_TTGGCAATCGAACTGT-1	7
beige.day3_TTGGCAATCGCCAAAT-1	8
beige.day3_TTGGCAATCGTGGTCG-1	9
beige.day3_TTGGCAATCTCTGAGA-1	12
beige.day3_TTGGCAATCTGTTTGT-1	11
beige.day3_TTGTAGGAGAAACCAT-1	12
beige.day3_TTGTAGGAGCCAGTTT-1	8
beige.day3_TTGTAGGAGTATTGGA-1	12
beige.day3_TTGTAGGCACGTCTCT-1	9
beige.day3_TTGTAGGCACTTAACG-1	12
beige.day3_TTGTAGGCAGATCGGA-1	9
beige.day3_TTGTAGGGTACCGTAT-1	6
beige.day3_TTGTAGGGTATCAGTC-1	10
beige.day3_TTGTAGGGTCCTGCTT-1	8
beige.day3_TTGTAGGGTCTCATCC-1	8
beige.day3_TTGTAGGGTTCATGGT-1	8
beige.day3_TTGTAGGGTTGCGCAC-1	12
beige.day3_TTGTAGGGTTGTTTGG-1	8
beige.day3_TTGTAGGTCAGGTAAA-1	8
beige.day3_TTGTAGGTCCTCAATT-1	12
beige.day3_TTGTAGGTCGCAAGCC-1	8
beige.day3_TTGTAGGTCTTGACGA-1	8
beige.day3_TTGTAGGTCTTTACGT-1	8
beige.day3_TTTACTGAGAATAGGG-1	12
beige.day3_TTTACTGAGATGCCAG-1	12
beige.day3_TTTACTGAGATGTAAC-1	12
beige.day3_TTTACTGAGGAATTAC-1	7
beige.day3_TTTACTGAGGCAAAGA-1	11
beige.day3_TTTACTGAGGCAGTCA-1	10
beige.day3_TTTACTGAGTCACGCC-1	9
beige.day3_TTTACTGCAACTGCTA-1	10
beige.day3_TTTACTGCACCCTATC-1	9
beige.day3_TTTACTGCACCGTTGG-1	7
beige.day3_TTTACTGCACGAGAGT-1	9
beige.day3_TTTACTGCACTGTCGG-1	8
beige.day3_TTTACTGCACTTAAGC-1	7
beige.day3_TTTACTGCACTTCTGC-1	9
beige.day3_TTTACTGCATCCGTGG-1	12
beige.day3_TTTACTGGTAAGCACG-1	8
beige.day3_TTTACTGGTCTTGTCC-1	8
beige.day3_TTTACTGGTTAAGTAG-1	8
beige.day3_TTTACTGGTTGAACTC-1	10
beige.day3_TTTACTGTCACCTTAT-1	8
beige.day3_TTTACTGTCCCGACTT-1	9
beige.day3_TTTACTGTCCGATATG-1	7
beige.day3_TTTACTGTCGAGAACG-1	10
beige.day3_TTTACTGTCGCATGGC-1	9
beige.day3_TTTACTGTCTGTACGA-1	7
beige.day3_TTTACTGTCTGTCTAT-1	9
beige.day3_TTTATGCAGACGCAAC-1	9
beige.day3_TTTATGCAGCCCAGCT-1	12
beige.day3_TTTATGCAGCGATAGC-1	12
beige.day3_TTTATGCAGCTGAAAT-1	7
beige.day3_TTTATGCAGGTGGGTT-1	8
beige.day3_TTTATGCAGTCCATAC-1	9
beige.day3_TTTATGCCACGAGAGT-1	9
beige.day3_TTTATGCCAGGATTGG-1	7
beige.day3_TTTATGCCATGAACCT-1	12
beige.day3_TTTATGCCATGAGCGA-1	12
beige.day3_TTTATGCGTACTTAGC-1	9
beige.day3_TTTATGCTCAGTGCAT-1	8
beige.day3_TTTATGCTCCACGTGG-1	8
beige.day3_TTTATGCTCGCCAGCA-1	8
beige.day3_TTTATGCTCGGCGCAT-1	8
beige.day3_TTTATGCTCGGCTACG-1	9
beige.day3_TTTCCTCAGACAGGCT-1	8
beige.day3_TTTCCTCAGAGCCCAA-1	8
beige.day3_TTTCCTCAGAGGTTAT-1	7
beige.day3_TTTCCTCAGCGCTTAT-1	8
beige.day3_TTTCCTCAGTAGTGCG-1	8
beige.day3_TTTCCTCCAAGACACG-1	10
beige.day3_TTTCCTCCAGATCTGT-1	8
beige.day3_TTTCCTCCAGTCCTTC-1	12
beige.day3_TTTCCTCGTCAATACC-1	12
beige.day3_TTTCCTCGTGCGAAAC-1	11
beige.day3_TTTCCTCGTGGTACAG-1	12
beige.day3_TTTCCTCGTTAAGGGC-1	8
beige.day3_TTTCCTCTCAGTTTGG-1	11
beige.day3_TTTCCTCTCCCATTAT-1	11
beige.day3_TTTCCTCTCGCAAGCC-1	8
beige.day3_TTTCCTCTCGCGCCAA-1	11
beige.day3_TTTCCTCTCTATCGCC-1	8
beige.day3_TTTCCTCTCTATGTGG-1	11
beige.day3_TTTCCTCTCTTGCCGT-1	9
beige.day3_TTTGCGCAGAGACTAT-1	12
beige.day3_TTTGCGCAGATGTTAG-1	7
beige.day3_TTTGCGCAGCCGATTT-1	10
beige.day3_TTTGCGCAGCGAAGGG-1	9
beige.day3_TTTGCGCAGGAGCGAG-1	6
beige.day3_TTTGCGCAGGATGGTC-1	7
beige.day3_TTTGCGCAGTCCTCCT-1	8
beige.day3_TTTGCGCAGTGGAGAA-1	4
beige.day3_TTTGCGCAGTGTACGG-1	8
beige.day3_TTTGCGCCACACGCTG-1	12
beige.day3_TTTGCGCCACAGACAG-1	5
beige.day3_TTTGCGCCAGCCTTGG-1	12
beige.day3_TTTGCGCCAGCGTAAG-1	7
beige.day3_TTTGCGCCATAGAAAC-1	8
beige.day3_TTTGCGCCATTGGTAC-1	7
beige.day3_TTTGCGCGTACTCGCG-1	10
beige.day3_TTTGCGCGTCCGAGTC-1	8
beige.day3_TTTGCGCGTGCCTGCA-1	11
beige.day3_TTTGCGCGTTCAACCA-1	11
beige.day3_TTTGCGCGTTTGACTG-1	8
beige.day3_TTTGCGCTCACCCGAG-1	8
beige.day3_TTTGCGCTCAGAAATG-1	12
beige.day3_TTTGCGCTCCACGAAT-1	8
beige.day3_TTTGCGCTCCATTCTA-1	5
beige.day3_TTTGCGCTCGAATGGG-1	12
beige.day3_TTTGCGCTCTGGAGCC-1	9
beige.day3_TTTGCGCTCTTCGAGA-1	9
beige.day3_TTTGGTTAGAAAGTGG-1	8
beige.day3_TTTGGTTAGACAGACC-1	8
beige.day3_TTTGGTTAGCGCCTTG-1	12
beige.day3_TTTGGTTAGTGTCCAT-1	7
beige.day3_TTTGGTTCAAAGCAAT-1	8
beige.day3_TTTGGTTCAAAGTCAA-1	8
beige.day3_TTTGGTTCAAGCGAGT-1	8
beige.day3_TTTGGTTCACAGGAGT-1	8
beige.day3_TTTGGTTCACAGGCCT-1	9
beige.day3_TTTGGTTCAGATCGGA-1	9
beige.day3_TTTGGTTGTCGAAAGC-1	8
beige.day3_TTTGGTTGTGGGTCAA-1	8
beige.day3_TTTGGTTGTTACTGAC-1	12
beige.day3_TTTGGTTTCACATGCA-1	9
beige.day3_TTTGGTTTCACCGGGT-1	11
beige.day3_TTTGGTTTCACGATGT-1	11
beige.day3_TTTGGTTTCAGCCTAA-1	12
beige.day3_TTTGGTTTCGCGATCG-1	8
beige.day3_TTTGGTTTCGGCGCTA-1	7
beige.day3_TTTGGTTTCGGTTCGG-1	7
beige.day3_TTTGGTTTCTCGTATT-1	10
beige.day3_TTTGGTTTCTGCAGTA-1	7
beige.day3_TTTGGTTTCTTCAACT-1	6
beige.day3_TTTGGTTTCTTGCAAG-1	12
beige.day3_TTTGTCAAGATGTCGG-1	9
beige.day3_TTTGTCAAGCTACCTA-1	7
beige.day3_TTTGTCAAGCTCCTTC-1	9
beige.day3_TTTGTCAAGGGTGTGT-1	12
beige.day3_TTTGTCAAGTGGTAAT-1	11
beige.day3_TTTGTCACAACGCACC-1	12
beige.day3_TTTGTCACAAGTAGTA-1	12
beige.day3_TTTGTCACAATGAATG-1	12
beige.day3_TTTGTCACACAGCGTC-1	8
beige.day3_TTTGTCACAGCCTTTC-1	8
beige.day3_TTTGTCACAGGACGTA-1	8
beige.day3_TTTGTCAGTAAACACA-1	7
beige.day3_TTTGTCAGTACAGTTC-1	9
beige.day3_TTTGTCAGTCTGCAAT-1	9
beige.day3_TTTGTCAGTGTGCGTC-1	12
beige.day3_TTTGTCAGTTACCAGT-1	12
beige.day3_TTTGTCATCCAGTATG-1	12
beige.day3_TTTGTCATCCGCATAA-1	10
beige.day3_TTTGTCATCCGGGTGT-1	8
beige.day3_TTTGTCATCCTGCAGG-1	8
beige.day3_TTTGTCATCCTTTCTC-1	8
beige.day3_TTTGTCATCGCGTAGC-1	9
beige.day3_TTTGTCATCGTACCGG-1	8
