	bin_ids
asc.day0_AAACCTGAGAATAGGG-1	2
asc.day0_AAACCTGAGAGGGCTT-1	3
asc.day0_AAACCTGAGATCGATA-1	1
asc.day0_AAACCTGAGGTAGCTG-1	3
asc.day0_AAACCTGAGGTGCTAG-1	6
asc.day0_AAACCTGAGTTGTAGA-1	4
asc.day0_AAACCTGCATTCGACA-1	1
asc.day0_AAACCTGGTATAGGTA-1	3
asc.day0_AAACCTGGTGTCAATC-1	3
asc.day0_AAACCTGGTGTCTGAT-1	1
asc.day0_AAACCTGGTTAGTGGG-1	4
asc.day0_AAACCTGGTTCAGCGC-1	4
asc.day0_AAACCTGGTTGGACCC-1	2
asc.day0_AAACCTGTCAAGATCC-1	3
asc.day0_AAACCTGTCGATCCCT-1	3
asc.day0_AAACCTGTCGTGACAT-1	4
asc.day0_AAACGGGAGATGTGTA-1	1
asc.day0_AAACGGGAGGCGCTCT-1	3
asc.day0_AAACGGGAGTGACATA-1	3
asc.day0_AAACGGGCAAGCGAGT-1	2
asc.day0_AAACGGGCAAGCGCTC-1	1
asc.day0_AAACGGGCAAGTTAAG-1	3
asc.day0_AAACGGGCAATAAGCA-1	5
asc.day0_AAACGGGCAATGGACG-1	4
asc.day0_AAACGGGCAGATGGCA-1	3
asc.day0_AAACGGGGTAAGTGTA-1	4
asc.day0_AAACGGGGTATAAACG-1	1
asc.day0_AAACGGGGTTATCCGA-1	3
asc.day0_AAACGGGTCATAGCAC-1	3
asc.day0_AAACGGGTCATGTCCC-1	3
asc.day0_AAACGGGTCCGCGGTA-1	4
asc.day0_AAACGGGTCCTAGTGA-1	4
asc.day0_AAAGATGAGAGGACGG-1	5
asc.day0_AAAGATGAGAGTAAGG-1	1
asc.day0_AAAGATGAGGGCTTCC-1	1
asc.day0_AAAGATGAGTACGCCC-1	3
asc.day0_AAAGATGAGTGGTAAT-1	4
asc.day0_AAAGATGAGTTGTCGT-1	1
asc.day0_AAAGATGCAATTGCTG-1	3
asc.day0_AAAGATGCACACAGAG-1	2
asc.day0_AAAGATGCACATCCAA-1	4
asc.day0_AAAGATGCACCGATAT-1	3
asc.day0_AAAGATGCACGTCAGC-1	3
asc.day0_AAAGATGGTAAACCTC-1	1
asc.day0_AAAGATGGTATGAATG-1	3
asc.day0_AAAGATGGTCTTGCGG-1	5
asc.day0_AAAGATGGTTACCAGT-1	4
asc.day0_AAAGATGTCACCATAG-1	1
asc.day0_AAAGATGTCGAATGGG-1	3
asc.day0_AAAGATGTCGGTTCGG-1	2
asc.day0_AAAGCAAAGATCGGGT-1	3
asc.day0_AAAGCAAAGGATATAC-1	3
asc.day0_AAAGCAACAAATTGCC-1	5
asc.day0_AAAGCAACAATAGCGG-1	3
asc.day0_AAAGCAACACCAGGCT-1	1
asc.day0_AAAGCAACACTAAGTC-1	2
asc.day0_AAAGCAACAGTGAGTG-1	1
asc.day0_AAAGCAACATGCAACT-1	2
asc.day0_AAAGCAAGTGAAATCA-1	5
asc.day0_AAAGCAATCAAACCAC-1	1
asc.day0_AAAGCAATCCGGGTGT-1	5
asc.day0_AAAGCAATCTCTTGAT-1	6
asc.day0_AAAGTAGAGACAGAGA-1	1
asc.day0_AAAGTAGAGAGTGAGA-1	5
asc.day0_AAAGTAGAGTCAAGCG-1	2
asc.day0_AAAGTAGAGTCCAGGA-1	3
asc.day0_AAAGTAGAGTGTACGG-1	4
asc.day0_AAAGTAGCAGTGACAG-1	1
asc.day0_AAAGTAGCATGCCACG-1	1
asc.day0_AAAGTAGGTATGCTTG-1	3
asc.day0_AAAGTAGGTCCGACGT-1	1
asc.day0_AAAGTAGGTCTAGAGG-1	3
asc.day0_AAAGTAGGTTACGCGC-1	2
asc.day0_AAAGTAGGTTGCGCAC-1	5
asc.day0_AAATGCCAGATCCTGT-1	1
asc.day0_AAATGCCCACTGTGTA-1	4
asc.day0_AAATGCCCATTTGCTT-1	3
asc.day0_AAATGCCGTAACGCGA-1	3
asc.day0_AAATGCCGTCCAGTAT-1	3
asc.day0_AAATGCCGTCTAGTCA-1	4
asc.day0_AAATGCCTCATCGCTC-1	3
asc.day0_AAATGCCTCGCCAAAT-1	1
asc.day0_AAATGCCTCTGAGTGT-1	2
asc.day0_AAATGCCTCTTGCATT-1	1
asc.day0_AAATGCCTCTTGTATC-1	1
asc.day0_AACACGTAGTGAAGAG-1	3
asc.day0_AACACGTCAAATACAG-1	4
asc.day0_AACACGTCAGATGGCA-1	2
asc.day0_AACACGTCAGCATGAG-1	1
asc.day0_AACACGTCATTGCGGC-1	5
asc.day0_AACACGTGTACACCGC-1	4
asc.day0_AACACGTGTCGAATCT-1	3
asc.day0_AACACGTGTCGACTAT-1	5
asc.day0_AACACGTTCAGGCCCA-1	1
asc.day0_AACACGTTCGGAGCAA-1	2
asc.day0_AACACGTTCGTTGACA-1	3
asc.day0_AACCATGAGAAGGGTA-1	3
asc.day0_AACCATGAGGAGTTGC-1	1
asc.day0_AACCATGAGGGCTTCC-1	3
asc.day0_AACCATGAGTGCCAGA-1	3
asc.day0_AACCATGCACATGACT-1	5
asc.day0_AACCATGCACGTAAGG-1	1
asc.day0_AACCATGCAGTGAGTG-1	5
asc.day0_AACCATGCATCACGAT-1	3
asc.day0_AACCATGCATGCCTTC-1	2
asc.day0_AACCATGCATTCTCAT-1	3
asc.day0_AACCATGGTAAATGAC-1	3
asc.day0_AACCATGGTAATCGTC-1	2
asc.day0_AACCATGGTCACTGGC-1	5
asc.day0_AACCATGGTCTCTTTA-1	1
asc.day0_AACCATGGTTCTGGTA-1	5
asc.day0_AACCATGTCAAGGCTT-1	5
asc.day0_AACCATGTCCGCGTTT-1	5
asc.day0_AACCGCGAGCACCGCT-1	1
asc.day0_AACCGCGCAAGTTAAG-1	2
asc.day0_AACCGCGCACCCAGTG-1	1
asc.day0_AACCGCGCAGATTGCT-1	2
asc.day0_AACCGCGCAGTTCATG-1	1
asc.day0_AACCGCGCATCACGTA-1	1
asc.day0_AACCGCGCATGGATGG-1	3
asc.day0_AACCGCGGTCGACTAT-1	1
asc.day0_AACCGCGGTTCAGTAC-1	4
asc.day0_AACCGCGTCTGCTGCT-1	2
asc.day0_AACCGCGTCTTGCAAG-1	1
asc.day0_AACCGCGTCTTTAGTC-1	3
asc.day0_AACGTTGAGTATCGAA-1	2
asc.day0_AACGTTGCAAGCCTAT-1	5
asc.day0_AACGTTGCACGTGAGA-1	2
asc.day0_AACGTTGCACTGTGTA-1	3
asc.day0_AACGTTGCAGGAATGC-1	1
asc.day0_AACGTTGCATATGAGA-1	5
asc.day0_AACGTTGGTCCAGTGC-1	3
asc.day0_AACGTTGTCACTTACT-1	1
asc.day0_AACGTTGTCCAATGGT-1	4
asc.day0_AACGTTGTCCATGAAC-1	3
asc.day0_AACGTTGTCCATGAGT-1	4
asc.day0_AACGTTGTCGCAAACT-1	1
asc.day0_AACGTTGTCGGCGCAT-1	1
asc.day0_AACTCAGAGCAGACTG-1	6
asc.day0_AACTCAGAGCCAACAG-1	3
asc.day0_AACTCAGAGCGTAATA-1	6
asc.day0_AACTCAGAGCTAACTC-1	5
asc.day0_AACTCAGAGGCGTACA-1	4
asc.day0_AACTCAGAGTGCAAGC-1	1
asc.day0_AACTCAGCAATGGACG-1	3
asc.day0_AACTCAGCACATGGGA-1	3
asc.day0_AACTCAGCACCCAGTG-1	1
asc.day0_AACTCAGCATACTACG-1	4
asc.day0_AACTCAGGTACCCAAT-1	5
asc.day0_AACTCAGGTAGCGATG-1	3
asc.day0_AACTCAGGTCTCACCT-1	5
asc.day0_AACTCAGGTTATCACG-1	2
asc.day0_AACTCAGGTTCTGGTA-1	3
asc.day0_AACTCAGGTTGAGGTG-1	1
asc.day0_AACTCAGGTTTCCACC-1	3
asc.day0_AACTCAGTCCAGTATG-1	1
asc.day0_AACTCAGTCCCGGATG-1	5
asc.day0_AACTCAGTCGAGAGCA-1	4
asc.day0_AACTCAGTCGCACTCT-1	5
asc.day0_AACTCAGTCTACTCAT-1	1
asc.day0_AACTCAGTCTTACCGC-1	1
asc.day0_AACTCCCAGACCTAGG-1	3
asc.day0_AACTCCCCAACACCCG-1	3
asc.day0_AACTCCCCACAGCGTC-1	1
asc.day0_AACTCCCCACTTAAGC-1	2
asc.day0_AACTCCCGTCCGCTGA-1	4
asc.day0_AACTCCCTCCAGTATG-1	1
asc.day0_AACTCCCTCCCATTTA-1	3
asc.day0_AACTCCCTCTTAACCT-1	1
asc.day0_AACTCTTAGAGTCTGG-1	5
asc.day0_AACTCTTAGCAATATG-1	1
asc.day0_AACTCTTAGCCCTAAT-1	3
asc.day0_AACTCTTAGGAGTTGC-1	5
asc.day0_AACTCTTAGTGGGATC-1	3
asc.day0_AACTCTTCAAAGCGGT-1	1
asc.day0_AACTCTTCAAATCCGT-1	3
asc.day0_AACTCTTCATTCGACA-1	4
asc.day0_AACTCTTGTAGAGGAA-1	3
asc.day0_AACTCTTGTCGGGTCT-1	1
asc.day0_AACTCTTTCAACACAC-1	1
asc.day0_AACTCTTTCACCATAG-1	1
asc.day0_AACTCTTTCAGAGGTG-1	2
asc.day0_AACTCTTTCGCAGGCT-1	1
asc.day0_AACTCTTTCGGATGGA-1	4
asc.day0_AACTGGTAGACTACAA-1	1
asc.day0_AACTGGTAGCCCAGCT-1	3
asc.day0_AACTGGTAGCTAGCCC-1	2
asc.day0_AACTGGTAGGCGTACA-1	6
asc.day0_AACTGGTAGTGCCAGA-1	5
asc.day0_AACTGGTAGTTCGCAT-1	1
asc.day0_AACTGGTCACAAGACG-1	1
asc.day0_AACTGGTCAGTGGGAT-1	3
asc.day0_AACTGGTCATATGAGA-1	3
asc.day0_AACTGGTGTAGTAGTA-1	3
asc.day0_AACTGGTGTATGGTTC-1	1
asc.day0_AACTGGTGTCACCTAA-1	3
asc.day0_AACTGGTGTCTAAACC-1	5
asc.day0_AACTGGTGTGAAGGCT-1	4
asc.day0_AACTGGTGTGCCTGTG-1	4
asc.day0_AACTGGTGTGTTTGGT-1	1
asc.day0_AACTGGTGTTAGTGGG-1	6
asc.day0_AACTGGTGTTATCGGT-1	1
asc.day0_AACTGGTGTTCGCGAC-1	3
asc.day0_AACTGGTTCTGGCGAC-1	1
asc.day0_AACTTTCAGACAAAGG-1	3
asc.day0_AACTTTCAGAGCCTAG-1	1
asc.day0_AACTTTCAGCCAGGAT-1	4
asc.day0_AACTTTCAGGATGGAA-1	1
asc.day0_AACTTTCAGTGGACGT-1	4
asc.day0_AACTTTCCACGTTGGC-1	1
asc.day0_AACTTTCCAGCTCCGA-1	1
asc.day0_AACTTTCCATCCCACT-1	2
asc.day0_AACTTTCCATCCTAGA-1	5
asc.day0_AACTTTCGTAAATGTG-1	2
asc.day0_AACTTTCGTAATTGGA-1	3
asc.day0_AACTTTCGTCGCTTCT-1	1
asc.day0_AACTTTCGTGGCTCCA-1	3
asc.day0_AACTTTCGTTTGGGCC-1	3
asc.day0_AACTTTCTCCTGCCAT-1	3
asc.day0_AAGACCTAGATTACCC-1	3
asc.day0_AAGACCTAGCAGATCG-1	3
asc.day0_AAGACCTAGGAGTTGC-1	3
asc.day0_AAGACCTAGGCCCGTT-1	4
asc.day0_AAGACCTAGGCGTACA-1	1
asc.day0_AAGACCTCAAGCGATG-1	2
asc.day0_AAGACCTCAGCGTAAG-1	3
asc.day0_AAGACCTCAGGGAGAG-1	5
asc.day0_AAGACCTCAGGGTATG-1	1
asc.day0_AAGACCTCAGGTGGAT-1	1
asc.day0_AAGACCTGTAAATGTG-1	1
asc.day0_AAGACCTGTACAGTTC-1	5
asc.day0_AAGACCTGTATGCTTG-1	1
asc.day0_AAGACCTGTCTTGATG-1	4
asc.day0_AAGACCTGTTCCATGA-1	1
asc.day0_AAGACCTTCTGATTCT-1	2
asc.day0_AAGCCGCAGACTAGAT-1	3
asc.day0_AAGCCGCAGAGACGAA-1	3
asc.day0_AAGCCGCAGCAATATG-1	3
asc.day0_AAGCCGCAGCACCGCT-1	3
asc.day0_AAGCCGCAGCGTAATA-1	4
asc.day0_AAGCCGCAGCTGCCCA-1	4
asc.day0_AAGCCGCAGGGATCTG-1	2
asc.day0_AAGCCGCAGTCCAGGA-1	3
asc.day0_AAGCCGCAGTCTTGCA-1	5
asc.day0_AAGCCGCCAAGAAAGG-1	1
asc.day0_AAGCCGCCACGAAATA-1	3
asc.day0_AAGCCGCCAGGAACGT-1	3
asc.day0_AAGCCGCCATGCCCGA-1	2
asc.day0_AAGCCGCCATGCTAGT-1	1
asc.day0_AAGCCGCCATTGAGCT-1	1
asc.day0_AAGCCGCGTAGGACAC-1	3
asc.day0_AAGCCGCGTAGGCTGA-1	1
asc.day0_AAGCCGCGTATCGCAT-1	4
asc.day0_AAGCCGCGTCTCTCGT-1	2
asc.day0_AAGCCGCGTTACGCGC-1	4
asc.day0_AAGCCGCTCACCGGGT-1	3
asc.day0_AAGCCGCTCCGCTGTT-1	2
asc.day0_AAGCCGCTCCGGGTGT-1	4
asc.day0_AAGCCGCTCGTATCAG-1	4
asc.day0_AAGGAGCAGAGACTAT-1	1
asc.day0_AAGGAGCAGAGGTTGC-1	4
asc.day0_AAGGAGCAGCACCGCT-1	1
asc.day0_AAGGAGCAGTTTAGGA-1	3
asc.day0_AAGGAGCCACGTAAGG-1	3
asc.day0_AAGGAGCCAGAAGCAC-1	1
asc.day0_AAGGAGCCAGCCTTTC-1	2
asc.day0_AAGGAGCCATTAGCCA-1	4
asc.day0_AAGGAGCGTCTAGCGC-1	3
asc.day0_AAGGAGCGTCTAGGTT-1	5
asc.day0_AAGGAGCTCCGCATCT-1	2
asc.day0_AAGGAGCTCGCTTGTC-1	3
asc.day0_AAGGCAGAGAGGACGG-1	1
asc.day0_AAGGCAGAGGAACTGC-1	3
asc.day0_AAGGCAGAGTAGTGCG-1	1
asc.day0_AAGGCAGAGTCCCACG-1	1
asc.day0_AAGGCAGAGTTCGCAT-1	3
asc.day0_AAGGCAGCAACACCTA-1	1
asc.day0_AAGGCAGCAATAAGCA-1	1
asc.day0_AAGGCAGCACCAACCG-1	3
asc.day0_AAGGCAGGTATCAGTC-1	2
asc.day0_AAGGCAGTCAGGCCCA-1	3
asc.day0_AAGGCAGTCCCTTGCA-1	3
asc.day0_AAGGCAGTCCGTCATC-1	5
asc.day0_AAGGTTCAGCGTTTAC-1	4
asc.day0_AAGGTTCAGTGGGATC-1	3
asc.day0_AAGGTTCCAGCTGCAC-1	4
asc.day0_AAGGTTCGTAAAGTCA-1	3
asc.day0_AAGGTTCGTTGGACCC-1	1
asc.day0_AAGGTTCTCACGATGT-1	1
asc.day0_AAGGTTCTCATCGCTC-1	3
asc.day0_AAGGTTCTCGCATGGC-1	1
asc.day0_AAGGTTCTCTGTTTGT-1	3
asc.day0_AAGTCTGAGAGCTATA-1	3
asc.day0_AAGTCTGAGCCTTGAT-1	1
asc.day0_AAGTCTGAGCGTGAAC-1	5
asc.day0_AAGTCTGAGGTAGCTG-1	3
asc.day0_AAGTCTGCAAGGACTG-1	3
asc.day0_AAGTCTGCATCCAACA-1	3
asc.day0_AAGTCTGCATGGTAGG-1	3
asc.day0_AAGTCTGGTAGCACGA-1	3
asc.day0_AAGTCTGGTTACTGAC-1	3
asc.day0_AAGTCTGTCGATAGAA-1	3
asc.day0_AAGTCTGTCGCTGATA-1	1
asc.day0_AAGTCTGTCTTGCATT-1	4
asc.day0_AATCCAGAGACATAAC-1	1
asc.day0_AATCCAGAGCTAGTTC-1	7
asc.day0_AATCCAGAGCTGTCTA-1	1
asc.day0_AATCCAGAGTATCTCG-1	1
asc.day0_AATCCAGCAAGCCATT-1	3
asc.day0_AATCCAGCAATGGACG-1	1
asc.day0_AATCCAGCAGATCCAT-1	3
asc.day0_AATCCAGCAGGCAGTA-1	1
asc.day0_AATCCAGCATGCCCGA-1	4
asc.day0_AATCCAGCATGCTGGC-1	1
asc.day0_AATCCAGCATTAGCCA-1	1
asc.day0_AATCCAGGTCGGGTCT-1	3
asc.day0_AATCCAGGTGGTCTCG-1	4
asc.day0_AATCCAGGTTCGAATC-1	4
asc.day0_AATCCAGGTTCGGCAC-1	1
asc.day0_AATCCAGGTTCTGAAC-1	3
asc.day0_AATCCAGTCGGTTAAC-1	1
asc.day0_AATCCAGTCGTGGGAA-1	3
asc.day0_AATCCAGTCTCGTTTA-1	4
asc.day0_AATCGGTAGAAGCCCA-1	1
asc.day0_AATCGGTAGACGCAAC-1	1
asc.day0_AATCGGTAGGCTATCT-1	3
asc.day0_AATCGGTAGGGATGGG-1	1
asc.day0_AATCGGTAGTTCGCGC-1	1
asc.day0_AATCGGTCAACAACCT-1	2
asc.day0_AATCGGTCAAGAAAGG-1	5
asc.day0_AATCGGTCACCAGTTA-1	2
asc.day0_AATCGGTCACCTCGTT-1	2
asc.day0_AATCGGTCAGCGTCCA-1	2
asc.day0_AATCGGTGTACAGCAG-1	5
asc.day0_AATCGGTGTCAAGCGA-1	1
asc.day0_AATCGGTGTGCTAGCC-1	3
asc.day0_AATCGGTGTGTTCTTT-1	2
asc.day0_AATCGGTGTTCCATGA-1	1
asc.day0_AATCGGTTCAACACTG-1	3
asc.day0_AATCGGTTCACTTACT-1	3
asc.day0_AATCGGTTCAGAGGTG-1	3
asc.day0_AATCGGTTCGGAATCT-1	4
asc.day0_AATCGGTTCTAACTCT-1	1
asc.day0_ACACCAAAGAAACCGC-1	3
asc.day0_ACACCAAAGAGTACCG-1	4
asc.day0_ACACCAAAGATGCCAG-1	4
asc.day0_ACACCAACACATGTGT-1	4
asc.day0_ACACCAACACCGGAAA-1	3
asc.day0_ACACCAACACGGCTAC-1	3
asc.day0_ACACCAACAGGGTATG-1	3
asc.day0_ACACCAAGTCAGGACA-1	3
asc.day0_ACACCAATCACCACCT-1	3
asc.day0_ACACCAATCAGCAACT-1	3
asc.day0_ACACCAATCCTTTCTC-1	3
asc.day0_ACACCAATCTTGCATT-1	2
asc.day0_ACACCCTAGAAACCGC-1	3
asc.day0_ACACCCTAGCTAACAA-1	1
asc.day0_ACACCCTAGGATCGCA-1	3
asc.day0_ACACCCTCAGCGTTCG-1	3
asc.day0_ACACCCTGTAAAGGAG-1	5
asc.day0_ACACCCTGTTTACTCT-1	1
asc.day0_ACACCCTTCCCACTTG-1	3
asc.day0_ACACCCTTCCCATTAT-1	5
asc.day0_ACACCCTTCCGATATG-1	4
asc.day0_ACACCCTTCTAACCGA-1	3
asc.day0_ACACCGGAGACAAGCC-1	2
asc.day0_ACACCGGAGAGCCTAG-1	5
asc.day0_ACACCGGAGATGAGAG-1	4
asc.day0_ACACCGGAGATGCCAG-1	1
asc.day0_ACACCGGAGCCTTGAT-1	4
asc.day0_ACACCGGAGTGGGATC-1	4
asc.day0_ACACCGGCAAGGGTCA-1	3
asc.day0_ACACCGGCACCTCGTT-1	3
asc.day0_ACACCGGCATAAGACA-1	5
asc.day0_ACACCGGGTCTAGCCG-1	4
asc.day0_ACACCGGGTGCCTTGG-1	1
asc.day0_ACACCGGTCAAGATCC-1	3
asc.day0_ACACCGGTCTGGTTCC-1	4
asc.day0_ACACCGGTCTGTCTCG-1	1
asc.day0_ACACTGAAGAGCTTCT-1	3
asc.day0_ACACTGAAGGATGGAA-1	3
asc.day0_ACACTGAAGTAGGTGC-1	3
asc.day0_ACACTGACAATTGCTG-1	1
asc.day0_ACACTGACACACAGAG-1	3
asc.day0_ACACTGAGTAAATGAC-1	4
asc.day0_ACACTGAGTGTTCTTT-1	3
asc.day0_ACACTGAGTGTTGAGG-1	3
asc.day0_ACACTGAGTTACAGAA-1	1
asc.day0_ACACTGATCCGCGTTT-1	1
asc.day0_ACACTGATCCGTTGCT-1	3
asc.day0_ACACTGATCGAATCCA-1	1
asc.day0_ACACTGATCGCAGGCT-1	1
asc.day0_ACACTGATCTCGAGTA-1	3
asc.day0_ACACTGATCTGCGTAA-1	1
asc.day0_ACAGCCGAGAAGGTGA-1	1
asc.day0_ACAGCCGAGGCGCTCT-1	1
asc.day0_ACAGCCGAGTCGATAA-1	1
asc.day0_ACAGCCGCAAGTCTGT-1	5
asc.day0_ACAGCCGCACCTATCC-1	5
asc.day0_ACAGCCGCATGTAAGA-1	3
asc.day0_ACAGCCGGTAAAGTCA-1	1
asc.day0_ACAGCCGGTAGCCTCG-1	5
asc.day0_ACAGCCGGTCGCGAAA-1	1
asc.day0_ACAGCCGGTCTAGGTT-1	5
asc.day0_ACAGCCGGTCTGCCAG-1	2
asc.day0_ACAGCCGGTGCAGGTA-1	4
asc.day0_ACAGCCGTCAGAGCTT-1	3
asc.day0_ACAGCCGTCCCGGATG-1	2
asc.day0_ACAGCCGTCGGCGGTT-1	5
asc.day0_ACAGCTAAGGCGCTCT-1	3
asc.day0_ACAGCTAAGTACGACG-1	3
asc.day0_ACAGCTACAAGAAGAG-1	4
asc.day0_ACAGCTACAATCCGAT-1	3
asc.day0_ACAGCTACACGGTAGA-1	3
asc.day0_ACAGCTACAGCTGCAC-1	5
asc.day0_ACAGCTAGTAAACACA-1	4
asc.day0_ACAGCTAGTCCATCCT-1	4
asc.day0_ACAGCTAGTGTGAAAT-1	1
asc.day0_ACAGCTATCACCTTAT-1	4
asc.day0_ACAGCTATCCTCATTA-1	4
asc.day0_ACAGCTATCGCTGATA-1	1
asc.day0_ACAGCTATCGTCACGG-1	5
asc.day0_ACATACGAGACTGGGT-1	3
asc.day0_ACATACGAGAGGACGG-1	1
asc.day0_ACATACGAGCCTTGAT-1	1
asc.day0_ACATACGAGGTGCTAG-1	2
asc.day0_ACATACGAGTTAGGTA-1	1
asc.day0_ACATACGCACTTGGAT-1	1
asc.day0_ACATACGCAGTATCTG-1	3
asc.day0_ACATACGGTCAGTGGA-1	2
asc.day0_ACATACGGTCCGAAGA-1	1
asc.day0_ACATACGGTGAGGGAG-1	4
asc.day0_ACATACGTCAGCACAT-1	1
asc.day0_ACATACGTCTGTACGA-1	1
asc.day0_ACATACGTCTTGCAAG-1	3
asc.day0_ACATACGTCTTGTCAT-1	5
asc.day0_ACATCAGAGATAGCAT-1	1
asc.day0_ACATCAGAGTGGAGAA-1	3
asc.day0_ACATCAGCAGATGGCA-1	3
asc.day0_ACATCAGCATAGGATA-1	3
asc.day0_ACATCAGCATCACGTA-1	2
asc.day0_ACATCAGCATCAGTAC-1	3
asc.day0_ACATCAGCATGCAATC-1	4
asc.day0_ACATCAGTCAGGATCT-1	4
asc.day0_ACATCAGTCAGTTAGC-1	1
asc.day0_ACATCAGTCGCGGATC-1	1
asc.day0_ACATCAGTCTAACCGA-1	3
asc.day0_ACATCAGTCTGAAAGA-1	5
asc.day0_ACATGGTAGCCGCCTA-1	1
asc.day0_ACATGGTAGCTGATAA-1	3
asc.day0_ACATGGTAGTGGGCTA-1	3
asc.day0_ACATGGTAGTGTCCCG-1	2
asc.day0_ACATGGTCACGCCAGT-1	1
asc.day0_ACATGGTCAGACAAAT-1	6
asc.day0_ACATGGTCAGTCGTGC-1	4
asc.day0_ACATGGTCATTGCGGC-1	3
asc.day0_ACATGGTGTCACTGGC-1	1
asc.day0_ACATGGTGTCTAGCGC-1	2
asc.day0_ACATGGTGTCTGGTCG-1	5
asc.day0_ACATGGTGTGTGGTTT-1	4
asc.day0_ACATGGTGTTACTGAC-1	3
asc.day0_ACATGGTGTTCACGGC-1	4
asc.day0_ACATGGTTCACTATTC-1	1
asc.day0_ACATGGTTCCAAACAC-1	3
asc.day0_ACATGGTTCTGATTCT-1	3
asc.day0_ACCAGTAAGGCAAAGA-1	3
asc.day0_ACCAGTAAGGTGATTA-1	4
asc.day0_ACCAGTACAAACTGTC-1	3
asc.day0_ACCAGTACAAGCCGTC-1	1
asc.day0_ACCAGTACAGATAATG-1	1
asc.day0_ACCAGTAGTAAACACA-1	3
asc.day0_ACCAGTAGTCCGTGAC-1	4
asc.day0_ACCAGTAGTGTCCTCT-1	5
asc.day0_ACCAGTAGTTATGTGC-1	5
asc.day0_ACCAGTATCCATTCTA-1	2
asc.day0_ACCCACTAGATCACGG-1	3
asc.day0_ACCCACTAGGGTGTGT-1	5
asc.day0_ACCCACTCACCAGATT-1	2
asc.day0_ACCCACTCATCAGTAC-1	4
asc.day0_ACCCACTCATTAACCG-1	3
asc.day0_ACCCACTGTAAGCACG-1	1
asc.day0_ACCCACTGTCAAAGCG-1	1
asc.day0_ACCCACTTCCTTTACA-1	2
asc.day0_ACCGTAAAGGAGTAGA-1	1
asc.day0_ACCGTAAAGGCTAGAC-1	3
asc.day0_ACCGTAAAGGTGCACA-1	5
asc.day0_ACCGTAAAGTGTTGAA-1	4
asc.day0_ACCGTAACAAATTGCC-1	3
asc.day0_ACCGTAACAATGTAAG-1	1
asc.day0_ACCGTAACATCCCACT-1	4
asc.day0_ACCGTAAGTGGTACAG-1	1
asc.day0_ACCGTAAGTGGTTTCA-1	3
asc.day0_ACCGTAAGTGTAATGA-1	3
asc.day0_ACCGTAATCAGCCTAA-1	4
asc.day0_ACCGTAATCTCGCTTG-1	5
asc.day0_ACCGTAATCTGCCCTA-1	3
asc.day0_ACCGTAATCTTTAGTC-1	4
asc.day0_ACCTTTAAGAAGGTTT-1	3
asc.day0_ACCTTTAAGAGTAATC-1	1
asc.day0_ACCTTTAAGCAGCCTC-1	4
asc.day0_ACCTTTAAGCGTTCCG-1	4
asc.day0_ACCTTTAAGTAGTGCG-1	3
asc.day0_ACCTTTACAAGTTCTG-1	5
asc.day0_ACCTTTACACAACGTT-1	1
asc.day0_ACCTTTACACTCGACG-1	5
asc.day0_ACCTTTACATCCCATC-1	1
asc.day0_ACCTTTACATCCGTGG-1	1
asc.day0_ACCTTTACATCGGACC-1	3
asc.day0_ACCTTTACATGACGGA-1	3
asc.day0_ACCTTTAGTATCGCAT-1	4
asc.day0_ACCTTTAGTATTCTCT-1	5
asc.day0_ACCTTTAGTCTTGATG-1	3
asc.day0_ACCTTTAGTGCAGTAG-1	2
asc.day0_ACCTTTATCCTTCAAT-1	2
asc.day0_ACCTTTATCTGCAAGT-1	4
asc.day0_ACCTTTATCTTGTATC-1	1
asc.day0_ACGAGCCAGAAGGTGA-1	4
asc.day0_ACGAGCCAGGCTCAGA-1	4
asc.day0_ACGAGCCAGTGAACAT-1	1
asc.day0_ACGAGCCAGTGCGTGA-1	4
asc.day0_ACGAGCCAGTTGTAGA-1	3
asc.day0_ACGAGCCCAAATCCGT-1	3
asc.day0_ACGAGCCCAATCGAAA-1	3
asc.day0_ACGAGCCCACTAAGTC-1	2
asc.day0_ACGAGCCCAGGATTGG-1	1
asc.day0_ACGAGCCCATAACCTG-1	5
asc.day0_ACGAGCCCATTAACCG-1	1
asc.day0_ACGAGCCGTAAAGTCA-1	4
asc.day0_ACGAGCCGTCCATCCT-1	1
asc.day0_ACGAGCCGTCGGATCC-1	1
asc.day0_ACGAGCCGTCTAGTGT-1	3
asc.day0_ACGAGCCGTGGCAAAC-1	4
asc.day0_ACGAGGAAGAGGGCTT-1	4
asc.day0_ACGAGGAAGCAGGCTA-1	4
asc.day0_ACGAGGAAGCCGTCGT-1	5
asc.day0_ACGAGGAAGCGTAATA-1	4
asc.day0_ACGAGGAAGCTGCCCA-1	1
asc.day0_ACGAGGAAGGACGAAA-1	1
asc.day0_ACGAGGACAAGCCGCT-1	2
asc.day0_ACGAGGACACTCGACG-1	2
asc.day0_ACGAGGACATCCCATC-1	3
asc.day0_ACGAGGAGTAAGGGCT-1	4
asc.day0_ACGAGGAGTCCAGTGC-1	3
asc.day0_ACGAGGAGTCGAGTTT-1	1
asc.day0_ACGAGGAGTCGCGTGT-1	1
asc.day0_ACGAGGATCATCTGCC-1	1
asc.day0_ACGATACAGAAGAAGC-1	3
asc.day0_ACGATACAGCCACCTG-1	4
asc.day0_ACGATACAGCTGGAAC-1	1
asc.day0_ACGATACAGTGGTAGC-1	1
asc.day0_ACGATACCAAGAAAGG-1	3
asc.day0_ACGATACCACCGAAAG-1	1
asc.day0_ACGATACCACGCGAAA-1	3
asc.day0_ACGATACCAGCTCGAC-1	4
asc.day0_ACGATACCAGGAATGC-1	1
asc.day0_ACGATACCATGTTCCC-1	6
asc.day0_ACGATACGTACAAGTA-1	2
asc.day0_ACGATACGTACTTGAC-1	1
asc.day0_ACGATACGTCGAACAG-1	1
asc.day0_ACGATACGTGCCTTGG-1	3
asc.day0_ACGATACGTTAGGGTG-1	1
asc.day0_ACGATACTCAGCTCTC-1	3
asc.day0_ACGATACTCCGTCAAA-1	4
asc.day0_ACGATACTCGCCGTGA-1	1
asc.day0_ACGATACTCGCTTAGA-1	2
asc.day0_ACGATGTAGACTAAGT-1	4
asc.day0_ACGATGTAGATAGGAG-1	1
asc.day0_ACGATGTAGATCCCGC-1	5
asc.day0_ACGATGTAGCGATGAC-1	2
asc.day0_ACGATGTAGCTAAGAT-1	5
asc.day0_ACGATGTAGGTGTTAA-1	3
asc.day0_ACGATGTAGTCTCCTC-1	1
asc.day0_ACGATGTCACCACGTG-1	3
asc.day0_ACGATGTCACTGCCAG-1	5
asc.day0_ACGATGTCAGCTTAAC-1	1
asc.day0_ACGATGTCATCCGGGT-1	1
asc.day0_ACGATGTGTAGGAGTC-1	1
asc.day0_ACGATGTGTCGCGTGT-1	4
asc.day0_ACGATGTGTCTCAACA-1	1
asc.day0_ACGATGTGTGCTTCTC-1	3
asc.day0_ACGATGTGTTGTACAC-1	1
asc.day0_ACGATGTTCAACACTG-1	1
asc.day0_ACGATGTTCCGCGGTA-1	2
asc.day0_ACGATGTTCTTGACGA-1	3
asc.day0_ACGCAGCAGATGGCGT-1	3
asc.day0_ACGCAGCCAACACCTA-1	4
asc.day0_ACGCAGCCAACTGCGC-1	5
asc.day0_ACGCAGCCAAGCTGTT-1	1
asc.day0_ACGCAGCCAATGAAAC-1	4
asc.day0_ACGCAGCCAGATGGGT-1	6
asc.day0_ACGCAGCCAGGCGATA-1	1
asc.day0_ACGCAGCGTCTACCTC-1	3
asc.day0_ACGCAGCGTGTGCGTC-1	1
asc.day0_ACGCAGCGTGTGTGCC-1	5
asc.day0_ACGCAGCGTTCGTCTC-1	3
asc.day0_ACGCAGCTCAAGCCTA-1	1
asc.day0_ACGCAGCTCAATAAGG-1	1
asc.day0_ACGCAGCTCACGATGT-1	5
asc.day0_ACGCAGCTCCGCAGTG-1	2
asc.day0_ACGCAGCTCGTTGCCT-1	4
asc.day0_ACGCCAGAGAATTGTG-1	2
asc.day0_ACGCCAGAGTACACCT-1	3
asc.day0_ACGCCAGAGTGTCCCG-1	3
asc.day0_ACGCCAGCAAAGGTGC-1	4
asc.day0_ACGCCAGCACATCCGG-1	1
asc.day0_ACGCCAGCAGTCGTGC-1	3
asc.day0_ACGCCAGCATACGCCG-1	2
asc.day0_ACGCCAGCATGTTCCC-1	3
asc.day0_ACGCCAGGTCTTGCGG-1	3
asc.day0_ACGCCAGGTGGTAACG-1	1
asc.day0_ACGCCAGGTTCCCGAG-1	3
asc.day0_ACGCCAGTCAACTCTT-1	4
asc.day0_ACGCCAGTCATTATCC-1	5
asc.day0_ACGCCGAAGATCCTGT-1	3
asc.day0_ACGCCGAAGATCTGCT-1	4
asc.day0_ACGCCGAAGCTAAGAT-1	3
asc.day0_ACGCCGAAGGTCATCT-1	2
asc.day0_ACGCCGAAGTACGTTC-1	4
asc.day0_ACGCCGACAAGTTGTC-1	3
asc.day0_ACGCCGACACGGTAGA-1	3
asc.day0_ACGCCGACACTTAAGC-1	3
asc.day0_ACGCCGACAGCCTTTC-1	4
asc.day0_ACGCCGACAGTCGTGC-1	3
asc.day0_ACGCCGACATACCATG-1	3
asc.day0_ACGCCGAGTACCATCA-1	1
asc.day0_ACGCCGAGTACCGTTA-1	1
asc.day0_ACGCCGAGTTCAGTAC-1	3
asc.day0_ACGCCGAGTTGTCGCG-1	2
asc.day0_ACGCCGAGTTTGCATG-1	1
asc.day0_ACGCCGATCAATACCG-1	1
asc.day0_ACGCCGATCACGCATA-1	1
asc.day0_ACGCCGATCTACGAGT-1	1
asc.day0_ACGCCGATCTCCGGTT-1	1
asc.day0_ACGGAGAAGAGCTTCT-1	1
asc.day0_ACGGAGAAGATGGGTC-1	1
asc.day0_ACGGAGAAGCCATCGC-1	3
asc.day0_ACGGAGAAGGACCACA-1	1
asc.day0_ACGGAGAAGGATTCGG-1	3
asc.day0_ACGGAGAAGTATCTCG-1	3
asc.day0_ACGGAGAAGTGGACGT-1	4
asc.day0_ACGGAGACACCACCAG-1	2
asc.day0_ACGGAGACACTGCCAG-1	1
asc.day0_ACGGAGACATACGCTA-1	4
asc.day0_ACGGAGAGTCAAAGAT-1	3
asc.day0_ACGGAGAGTTAGTGGG-1	2
asc.day0_ACGGAGAGTTGAGTTC-1	3
asc.day0_ACGGAGATCAGCTCGG-1	4
asc.day0_ACGGAGATCTCTAGGA-1	1
asc.day0_ACGGCCAAGAGGACGG-1	1
asc.day0_ACGGCCAAGATAGTCA-1	2
asc.day0_ACGGCCACAAACTGCT-1	1
asc.day0_ACGGCCACAAGTTAAG-1	1
asc.day0_ACGGCCACAATGGACG-1	3
asc.day0_ACGGCCACACAAGACG-1	1
asc.day0_ACGGCCACACAGCCCA-1	3
asc.day0_ACGGCCACACTAGTAC-1	1
asc.day0_ACGGCCACATGAGCGA-1	4
asc.day0_ACGGCCACATGTTCCC-1	3
asc.day0_ACGGCCAGTATATGAG-1	3
asc.day0_ACGGCCAGTCCAACTA-1	2
asc.day0_ACGGCCAGTCCGTTAA-1	1
asc.day0_ACGGCCAGTGTTAAGA-1	3
asc.day0_ACGGCCAGTTAGAACA-1	3
asc.day0_ACGGCCAGTTAGTGGG-1	1
asc.day0_ACGGCCAGTTATTCTC-1	1
asc.day0_ACGGCCAGTTCCGTCT-1	1
asc.day0_ACGGCCATCAAGGTAA-1	3
asc.day0_ACGGCCATCATAACCG-1	3
asc.day0_ACGGCCATCCCTCAGT-1	1
asc.day0_ACGGGCTAGCGTGTCC-1	1
asc.day0_ACGGGCTAGCTAGTCT-1	3
asc.day0_ACGGGCTCAAATACAG-1	3
asc.day0_ACGGGCTCACTCAGGC-1	3
asc.day0_ACGGGCTGTACGACCC-1	4
asc.day0_ACGGGCTGTAGAAGGA-1	2
asc.day0_ACGGGCTGTAGAGCTG-1	1
asc.day0_ACGGGCTGTCATTAGC-1	1
asc.day0_ACGGGCTGTGCCTGTG-1	2
asc.day0_ACGGGCTGTTCCACAA-1	3
asc.day0_ACGGGCTTCCAGAAGG-1	1
asc.day0_ACGGGCTTCCCGACTT-1	4
asc.day0_ACGGGCTTCCCGGATG-1	3
asc.day0_ACGGGTCAGGCCATAG-1	3
asc.day0_ACGGGTCAGGGTATCG-1	1
asc.day0_ACGGGTCCAAAGGAAG-1	4
asc.day0_ACGGGTCCACACTGCG-1	4
asc.day0_ACGGGTCCACATCTTT-1	3
asc.day0_ACGGGTCCATTATCTC-1	3
asc.day0_ACGGGTCGTCCCGACA-1	3
asc.day0_ACGGGTCGTCGAGATG-1	3
asc.day0_ACGGGTCGTGAGCGAT-1	2
asc.day0_ACGGGTCGTGTGAAAT-1	1
asc.day0_ACGGGTCGTTCGCTAA-1	2
asc.day0_ACGGGTCGTTCGTGAT-1	1
asc.day0_ACGGGTCGTTCTGAAC-1	3
asc.day0_ACGGGTCTCCACTCCA-1	2
asc.day0_ACGGGTCTCGCTAGCG-1	5
asc.day0_ACGGGTCTCTGTCTCG-1	1
asc.day0_ACGTCAAAGACAATAC-1	4
asc.day0_ACGTCAAAGATGTCGG-1	2
asc.day0_ACGTCAACAATAACGA-1	2
asc.day0_ACGTCAACACCGAAAG-1	1
asc.day0_ACGTCAACAGTTCCCT-1	1
asc.day0_ACGTCAAGTATTCTCT-1	3
asc.day0_ACGTCAAGTCATCCCT-1	1
asc.day0_ACGTCAAGTTGCGCAC-1	3
asc.day0_ACGTCAATCAAGATCC-1	5
asc.day0_ACGTCAATCAGCTTAG-1	3
asc.day0_ACGTCAATCGCGTTTC-1	3
asc.day0_ACGTCAATCGGTTAAC-1	1
asc.day0_ACTATCTAGGATGTAT-1	3
asc.day0_ACTATCTAGGCGTACA-1	1
asc.day0_ACTATCTCACCATGTA-1	3
asc.day0_ACTATCTCAGGGTATG-1	1
asc.day0_ACTATCTCATGATCCA-1	3
asc.day0_ACTATCTGTGCACCAC-1	1
asc.day0_ACTATCTGTGGCGAAT-1	3
asc.day0_ACTATCTTCACGATGT-1	4
asc.day0_ACTATCTTCCACGAAT-1	3
asc.day0_ACTATCTTCGGTTAAC-1	4
asc.day0_ACTATCTTCTGTACGA-1	3
asc.day0_ACTATCTTCTTCGAGA-1	1
asc.day0_ACTGAACAGAGAACAG-1	1
asc.day0_ACTGAACAGAGCTGCA-1	3
asc.day0_ACTGAACAGCGTTTAC-1	1
asc.day0_ACTGAACAGTAACCCT-1	1
asc.day0_ACTGAACAGTACATGA-1	1
asc.day0_ACTGAACAGTCTTGCA-1	5
asc.day0_ACTGAACAGTGAACAT-1	4
asc.day0_ACTGAACCAAGGCTCC-1	3
asc.day0_ACTGAACCAATAGAGT-1	3
asc.day0_ACTGAACCAGTCACTA-1	3
asc.day0_ACTGAACCAGTTTACG-1	4
asc.day0_ACTGAACCATCCAACA-1	6
asc.day0_ACTGAACCATGGTCAT-1	4
asc.day0_ACTGAACGTACACCGC-1	5
asc.day0_ACTGAACTCAGCTCTC-1	1
asc.day0_ACTGAACTCCGTTGTC-1	1
asc.day0_ACTGAACTCGCCAAAT-1	2
asc.day0_ACTGAACTCTTGCATT-1	1
asc.day0_ACTGAGTAGACAATAC-1	1
asc.day0_ACTGAGTAGCTCCTTC-1	3
asc.day0_ACTGAGTAGTCTTGCA-1	1
asc.day0_ACTGAGTAGTTAGCGG-1	4
asc.day0_ACTGAGTCAACGATGG-1	1
asc.day0_ACTGAGTCAATCGGTT-1	3
asc.day0_ACTGAGTCAGCCTTGG-1	3
asc.day0_ACTGAGTCAGCGAACA-1	1
asc.day0_ACTGAGTCATTGCGGC-1	1
asc.day0_ACTGAGTGTCATCGGC-1	3
asc.day0_ACTGAGTGTGATGTCT-1	1
asc.day0_ACTGAGTGTGCACTTA-1	3
asc.day0_ACTGAGTGTGCCTGGT-1	1
asc.day0_ACTGAGTGTGCTAGCC-1	2
asc.day0_ACTGAGTGTGTTGAGG-1	4
asc.day0_ACTGAGTGTTTACTCT-1	1
asc.day0_ACTGAGTTCGCGTTTC-1	1
asc.day0_ACTGAGTTCGTCGTTC-1	1
asc.day0_ACTGAGTTCTCCTATA-1	5
asc.day0_ACTGATGAGAATGTTG-1	1
asc.day0_ACTGATGAGACGCACA-1	1
asc.day0_ACTGATGAGATCACGG-1	2
asc.day0_ACTGATGAGGCTACGA-1	3
asc.day0_ACTGATGAGTGGAGTC-1	3
asc.day0_ACTGATGCAACAACCT-1	2
asc.day0_ACTGATGCAATGCCAT-1	2
asc.day0_ACTGATGCACAACGCC-1	4
asc.day0_ACTGATGCATGTAGTC-1	5
asc.day0_ACTGATGGTCATATCG-1	1
asc.day0_ACTGATGGTCTAAACC-1	3
asc.day0_ACTGATGGTGAGGGTT-1	2
asc.day0_ACTGATGGTTCGGGCT-1	1
asc.day0_ACTGATGTCACCTCGT-1	1
asc.day0_ACTGATGTCCGCATCT-1	4
asc.day0_ACTGATGTCGCCATAA-1	1
asc.day0_ACTGCTCAGACCCACC-1	2
asc.day0_ACTGCTCAGCTTCGCG-1	1
asc.day0_ACTGCTCAGGACGAAA-1	3
asc.day0_ACTGCTCAGTGACTCT-1	4
asc.day0_ACTGCTCAGTTGTCGT-1	3
asc.day0_ACTGCTCCAATGCCAT-1	1
asc.day0_ACTGCTCCAGGACGTA-1	3
asc.day0_ACTGCTCCATTCGACA-1	1
asc.day0_ACTGCTCGTAGAGCTG-1	1
asc.day0_ACTGCTCTCAGGCAAG-1	1
asc.day0_ACTGCTCTCGAATGCT-1	1
asc.day0_ACTGCTCTCTAAGCCA-1	3
asc.day0_ACTGTCCAGATAGGAG-1	3
asc.day0_ACTGTCCAGGCACATG-1	3
asc.day0_ACTGTCCAGTTTCCTT-1	3
asc.day0_ACTGTCCCACGCATCG-1	2
asc.day0_ACTGTCCCAGCTTAAC-1	1
asc.day0_ACTGTCCCAGGCGATA-1	4
asc.day0_ACTGTCCCATTACGAC-1	5
asc.day0_ACTGTCCGTCAGAGGT-1	5
asc.day0_ACTGTCCGTGATGTCT-1	2
asc.day0_ACTGTCCTCATTGCCC-1	1
asc.day0_ACTGTCCTCGTTTATC-1	1
asc.day0_ACTGTCCTCTGAAAGA-1	3
asc.day0_ACTTACTAGTGGCACA-1	5
asc.day0_ACTTACTCAAGCCGTC-1	1
asc.day0_ACTTACTCAATCGAAA-1	3
asc.day0_ACTTACTCAGCGTAAG-1	1
asc.day0_ACTTACTGTAAATGAC-1	4
asc.day0_ACTTACTGTTCCCGAG-1	3
asc.day0_ACTTACTTCGGCCGAT-1	4
asc.day0_ACTTACTTCGTGGGAA-1	1
asc.day0_ACTTACTTCTTCATGT-1	4
asc.day0_ACTTGTTAGACTAGGC-1	3
asc.day0_ACTTGTTAGTGAAGTT-1	2
asc.day0_ACTTGTTAGTTAGCGG-1	2
asc.day0_ACTTGTTCAAAGAATC-1	1
asc.day0_ACTTGTTCAAGCGTAG-1	3
asc.day0_ACTTGTTCACTACAGT-1	3
asc.day0_ACTTGTTCATATGCTG-1	5
asc.day0_ACTTGTTCATGTTCCC-1	4
asc.day0_ACTTGTTGTAAGGGAA-1	5
asc.day0_ACTTGTTGTACTTCTT-1	5
asc.day0_ACTTGTTGTAGGACAC-1	1
asc.day0_ACTTGTTGTATAATGG-1	4
asc.day0_ACTTGTTGTATGAAAC-1	4
asc.day0_ACTTGTTGTGACAAAT-1	3
asc.day0_ACTTGTTGTGCAGGTA-1	3
asc.day0_ACTTGTTGTGTCCTCT-1	2
asc.day0_ACTTGTTTCAACGAAA-1	1
asc.day0_ACTTGTTTCATCGCTC-1	3
asc.day0_ACTTGTTTCATGTCTT-1	2
asc.day0_ACTTGTTTCCACGCAG-1	1
asc.day0_ACTTGTTTCCTATTCA-1	2
asc.day0_ACTTGTTTCGTAGATC-1	4
asc.day0_ACTTGTTTCGTCTGAA-1	2
asc.day0_ACTTGTTTCTAACTCT-1	3
asc.day0_ACTTGTTTCTACTCAT-1	5
asc.day0_ACTTGTTTCTGGTGTA-1	2
asc.day0_ACTTTCAAGATCCCGC-1	4
asc.day0_ACTTTCAAGGATCGCA-1	1
asc.day0_ACTTTCAAGTGTTGAA-1	1
asc.day0_ACTTTCACACCGAAAG-1	5
asc.day0_ACTTTCACACGGTAAG-1	1
asc.day0_ACTTTCACATGGTCAT-1	1
asc.day0_ACTTTCAGTCTGCAAT-1	4
asc.day0_ACTTTCAGTGACCAAG-1	1
asc.day0_ACTTTCAGTGTCAATC-1	3
asc.day0_ACTTTCATCAGAGACG-1	2
asc.day0_ACTTTCATCATTGCGA-1	1
asc.day0_AGAATAGAGAAGCCCA-1	1
asc.day0_AGAATAGAGAATAGGG-1	1
asc.day0_AGAATAGAGATCCCGC-1	3
asc.day0_AGAATAGAGCAATATG-1	1
asc.day0_AGAATAGCAAGTACCT-1	1
asc.day0_AGAATAGCACGACGAA-1	3
asc.day0_AGAATAGCACGGTGTC-1	3
asc.day0_AGAATAGGTAACGTTC-1	1
asc.day0_AGAATAGGTACACCGC-1	1
asc.day0_AGAATAGGTTCGTTGA-1	3
asc.day0_AGAATAGTCCGTTGCT-1	1
asc.day0_AGAATAGTCCTTGACC-1	3
asc.day0_AGAATAGTCTTACCTA-1	6
asc.day0_AGACGTTCACATTTCT-1	2
asc.day0_AGACGTTCACGGCCAT-1	3
asc.day0_AGACGTTCAGAAGCAC-1	4
asc.day0_AGACGTTCAGACAGGT-1	6
asc.day0_AGACGTTCAGTAAGAT-1	2
asc.day0_AGACGTTCAGTAGAGC-1	3
asc.day0_AGACGTTCATGTTGAC-1	2
asc.day0_AGACGTTGTTAAGACA-1	2
asc.day0_AGACGTTTCAACACAC-1	1
asc.day0_AGACGTTTCAACGGCC-1	3
asc.day0_AGACGTTTCACCGGGT-1	3
asc.day0_AGACGTTTCGGACAAG-1	4
asc.day0_AGACGTTTCTCGCTTG-1	2
asc.day0_AGACGTTTCTCTAGGA-1	2
asc.day0_AGACGTTTCTGGCGAC-1	3
asc.day0_AGAGCGAAGAGACTTA-1	1
asc.day0_AGAGCGAAGATCCGAG-1	1
asc.day0_AGAGCGAAGCTTATCG-1	3
asc.day0_AGAGCGAAGTATGACA-1	1
asc.day0_AGAGCGAAGTCTTGCA-1	3
asc.day0_AGAGCGACAACACGCC-1	3
asc.day0_AGAGCGACAACCGCCA-1	3
asc.day0_AGAGCGACAAGCCATT-1	4
asc.day0_AGAGCGACACAGACAG-1	3
asc.day0_AGAGCGACACAGGTTT-1	1
asc.day0_AGAGCGACACGGTTTA-1	1
asc.day0_AGAGCGACAGATAATG-1	3
asc.day0_AGAGCGACAGCTTCGG-1	1
asc.day0_AGAGCGACAGTATCTG-1	1
asc.day0_AGAGCGAGTAGAAAGG-1	3
asc.day0_AGAGCGATCAGGATCT-1	1
asc.day0_AGAGCGATCCCAAGAT-1	3
asc.day0_AGAGCGATCCCAGGTG-1	5
asc.day0_AGAGCGATCTGGAGCC-1	1
asc.day0_AGAGCTTAGCGCCTCA-1	2
asc.day0_AGAGCTTAGGGATGGG-1	3
asc.day0_AGAGCTTAGTTACCCA-1	1
asc.day0_AGAGCTTCACGACTCG-1	3
asc.day0_AGAGCTTCAGCAGTTT-1	3
asc.day0_AGAGCTTCAGTACACT-1	4
asc.day0_AGAGCTTGTAGGAGTC-1	4
asc.day0_AGAGCTTGTAGGCATG-1	3
asc.day0_AGAGCTTGTCTAGCGC-1	1
asc.day0_AGAGCTTGTGCACCAC-1	1
asc.day0_AGAGCTTTCGCAAACT-1	1
asc.day0_AGAGCTTTCTTGTCAT-1	1
asc.day0_AGAGTGGAGAAACGCC-1	3
asc.day0_AGAGTGGAGATTACCC-1	2
asc.day0_AGAGTGGCAATGACCT-1	2
asc.day0_AGAGTGGCACGCGAAA-1	1
asc.day0_AGAGTGGCAGCCAATT-1	5
asc.day0_AGAGTGGCATACAGCT-1	3
asc.day0_AGAGTGGGTAACGTTC-1	3
asc.day0_AGAGTGGGTTGGTTTG-1	2
asc.day0_AGAGTGGTCACCTCGT-1	1
asc.day0_AGAGTGGTCAGGTAAA-1	3
asc.day0_AGAGTGGTCCTTGACC-1	1
asc.day0_AGAGTGGTCGCCGTGA-1	1
asc.day0_AGAGTGGTCGTGGGAA-1	1
asc.day0_AGAGTGGTCTCAAACG-1	3
asc.day0_AGATCTGAGATCCCAT-1	3
asc.day0_AGATCTGAGCAATCTC-1	2
asc.day0_AGATCTGAGGCCGAAT-1	4
asc.day0_AGATCTGAGTGGCACA-1	1
asc.day0_AGATCTGCAAGTTCTG-1	3
asc.day0_AGATCTGCAGCTCGAC-1	3
asc.day0_AGATCTGCATCAGTAC-1	4
asc.day0_AGATCTGCATTAGGCT-1	1
asc.day0_AGATCTGGTAAGTAGT-1	2
asc.day0_AGATCTGGTCAGAATA-1	2
asc.day0_AGATCTGGTCGACTAT-1	4
asc.day0_AGATCTGGTCTTGCGG-1	1
asc.day0_AGATCTGGTGGTCTCG-1	3
asc.day0_AGATCTGTCAGCATGT-1	3
asc.day0_AGATCTGTCAGTGCAT-1	1
asc.day0_AGATCTGTCCGAACGC-1	4
asc.day0_AGATTGCAGATCCGAG-1	1
asc.day0_AGATTGCAGCGTGAAC-1	3
asc.day0_AGATTGCCAACTGGCC-1	5
asc.day0_AGATTGCCAAGCTGTT-1	3
asc.day0_AGATTGCCAGCAGTTT-1	3
asc.day0_AGATTGCCAGGCGATA-1	4
asc.day0_AGATTGCGTACCATCA-1	3
asc.day0_AGATTGCGTCTGCGGT-1	1
asc.day0_AGATTGCGTTCTGTTT-1	1
asc.day0_AGATTGCGTTTAGCTG-1	4
asc.day0_AGATTGCTCAGTTCGA-1	3
asc.day0_AGATTGCTCCCATTAT-1	4
asc.day0_AGATTGCTCGAACTGT-1	2
asc.day0_AGCAGCCAGCAGATCG-1	3
asc.day0_AGCAGCCAGCCGGTAA-1	2
asc.day0_AGCAGCCAGGCATTGG-1	4
asc.day0_AGCAGCCAGTTAGGTA-1	3
asc.day0_AGCAGCCCAAGAAGAG-1	4
asc.day0_AGCAGCCCAATCAGAA-1	4
asc.day0_AGCAGCCCAATGCCAT-1	3
asc.day0_AGCAGCCCACATTCGA-1	1
asc.day0_AGCAGCCCACCCATGG-1	1
asc.day0_AGCAGCCCAGTAAGAT-1	4
asc.day0_AGCAGCCCATATGCTG-1	1
asc.day0_AGCAGCCGTAAACACA-1	1
asc.day0_AGCAGCCGTACACCGC-1	3
asc.day0_AGCAGCCGTAGGCATG-1	1
asc.day0_AGCAGCCGTCAACATC-1	3
asc.day0_AGCAGCCGTCATATGC-1	3
asc.day0_AGCAGCCGTCTCTCGT-1	3
asc.day0_AGCAGCCGTGATGTCT-1	2
asc.day0_AGCAGCCGTGCCTGTG-1	3
asc.day0_AGCAGCCTCACCATAG-1	1
asc.day0_AGCAGCCTCCCTAATT-1	3
asc.day0_AGCAGCCTCGCAAACT-1	3
asc.day0_AGCATACAGATGGGTC-1	2
asc.day0_AGCATACAGTCTTGCA-1	3
asc.day0_AGCATACCAGACACTT-1	1
asc.day0_AGCATACGTAAACACA-1	4
asc.day0_AGCATACGTGACTCAT-1	4
asc.day0_AGCATACGTGTTAAGA-1	1
asc.day0_AGCATACGTTCGCTAA-1	5
asc.day0_AGCATACTCACTCTTA-1	4
asc.day0_AGCATACTCATGCTCC-1	4
asc.day0_AGCATACTCCGTAGGC-1	3
asc.day0_AGCATACTCCGTTGTC-1	4
asc.day0_AGCCTAAAGAATCTCC-1	4
asc.day0_AGCCTAAAGACAAAGG-1	1
asc.day0_AGCCTAAAGCGAGAAA-1	5
asc.day0_AGCCTAAAGGATTCGG-1	1
asc.day0_AGCCTAAAGGGTTCCC-1	4
asc.day0_AGCCTAAAGTGCCATT-1	1
asc.day0_AGCCTAACAAGGTGTG-1	3
asc.day0_AGCCTAACAAGTCATC-1	1
asc.day0_AGCCTAACACTGTCGG-1	4
asc.day0_AGCCTAACAGCCACCA-1	3
asc.day0_AGCCTAAGTAAGAGAG-1	2
asc.day0_AGCCTAAGTGACGGTA-1	3
asc.day0_AGCCTAAGTGTGACGA-1	3
asc.day0_AGCCTAAGTTTGCATG-1	3
asc.day0_AGCCTAATCGGTGTTA-1	3
asc.day0_AGCCTAATCTACCAGA-1	1
asc.day0_AGCGGTCAGATATGGT-1	4
asc.day0_AGCGGTCAGCACCGTC-1	3
asc.day0_AGCGGTCAGCTAACAA-1	1
asc.day0_AGCGGTCAGTCACGCC-1	4
asc.day0_AGCGGTCCAAAGGTGC-1	2
asc.day0_AGCGGTCCAAGGGTCA-1	3
asc.day0_AGCGGTCCACCTTGTC-1	2
asc.day0_AGCGGTCCACTGTTAG-1	2
asc.day0_AGCGGTCCAGTCCTTC-1	2
asc.day0_AGCGGTCCATATACGC-1	3
asc.day0_AGCGGTCCATGTCGAT-1	2
asc.day0_AGCGGTCGTAGGAGTC-1	3
asc.day0_AGCGGTCGTGAACCTT-1	3
asc.day0_AGCGGTCGTTGTGGCC-1	3
asc.day0_AGCGGTCTCAAACAAG-1	2
asc.day0_AGCGGTCTCGCACTCT-1	3
asc.day0_AGCGGTCTCGGAAATA-1	3
asc.day0_AGCGGTCTCTCGTTTA-1	5
asc.day0_AGCGGTCTCTGTACGA-1	4
asc.day0_AGCGGTCTCTTCCTTC-1	3
asc.day0_AGCGTATAGAGGGCTT-1	1
asc.day0_AGCGTATCAAGGTTCT-1	4
asc.day0_AGCGTATCAATAACGA-1	3
asc.day0_AGCGTATCACAGTCGC-1	3
asc.day0_AGCGTATCACTGTCGG-1	3
asc.day0_AGCGTATCAGATCGGA-1	1
asc.day0_AGCGTATCATAAGACA-1	5
asc.day0_AGCGTATCATATGCTG-1	4
asc.day0_AGCGTATCATTGAGCT-1	3
asc.day0_AGCGTATGTAAGGGAA-1	3
asc.day0_AGCGTATGTACAGCAG-1	4
asc.day0_AGCGTATGTCTGATTG-1	1
asc.day0_AGCGTATGTGAGTATA-1	6
asc.day0_AGCGTATTCACGAAGG-1	3
asc.day0_AGCGTATTCCTCGCAT-1	3
asc.day0_AGCGTATTCGCCTGAG-1	3
asc.day0_AGCGTCGAGAGGTAGA-1	1
asc.day0_AGCGTCGAGGATATAC-1	3
asc.day0_AGCGTCGAGGGCACTA-1	3
asc.day0_AGCGTCGCAACACCTA-1	4
asc.day0_AGCGTCGGTTTGTTGG-1	4
asc.day0_AGCTCCTAGACAGAGA-1	4
asc.day0_AGCTCCTAGCAGGTCA-1	6
asc.day0_AGCTCCTGTACTTGAC-1	1
asc.day0_AGCTCCTGTCCATCCT-1	3
asc.day0_AGCTCCTGTTTCGCTC-1	3
asc.day0_AGCTCCTTCACCGGGT-1	1
asc.day0_AGCTCCTTCGAGGTAG-1	5
asc.day0_AGCTCCTTCTGGTATG-1	3
asc.day0_AGCTCTCAGGAGTCTG-1	1
asc.day0_AGCTCTCAGTCATCCA-1	4
asc.day0_AGCTCTCAGTCGTACT-1	3
asc.day0_AGCTCTCAGTTCGCAT-1	3
asc.day0_AGCTCTCCAAACGTGG-1	3
asc.day0_AGCTCTCCAAGCTGGA-1	1
asc.day0_AGCTCTCCACCAGGCT-1	1
asc.day0_AGCTCTCCACGCCAGT-1	3
asc.day0_AGCTCTCCAGCGTTCG-1	3
asc.day0_AGCTCTCCAGTGAGTG-1	5
asc.day0_AGCTCTCCATGCCTAA-1	1
asc.day0_AGCTCTCGTAAGCACG-1	4
asc.day0_AGCTCTCGTAGGAGTC-1	3
asc.day0_AGCTCTCGTCCCGACA-1	1
asc.day0_AGCTCTCGTTAAGACA-1	2
asc.day0_AGCTCTCTCAAAGTAG-1	3
asc.day0_AGCTCTCTCAACGCTA-1	4
asc.day0_AGCTCTCTCCAATGGT-1	4
asc.day0_AGCTCTCTCCATGCTC-1	3
asc.day0_AGCTCTCTCTCCAGGG-1	4
asc.day0_AGCTTGAAGACCACGA-1	3
asc.day0_AGCTTGAAGAGTGACC-1	5
asc.day0_AGCTTGAAGCAACGGT-1	3
asc.day0_AGCTTGAAGCAGGCTA-1	3
asc.day0_AGCTTGACAAGTCTGT-1	3
asc.day0_AGCTTGACACAGGAGT-1	3
asc.day0_AGCTTGACAGTCGATT-1	1
asc.day0_AGCTTGACATTGGGCC-1	1
asc.day0_AGCTTGAGTAAGTAGT-1	3
asc.day0_AGCTTGAGTCAGAGGT-1	3
asc.day0_AGCTTGAGTGGCTCCA-1	1
asc.day0_AGCTTGAGTGTGACGA-1	3
asc.day0_AGCTTGAGTTATCGGT-1	3
asc.day0_AGCTTGATCTTGACGA-1	1
asc.day0_AGGCCACAGAATTCCC-1	3
asc.day0_AGGCCACAGGCCCTTG-1	3
asc.day0_AGGCCACCAAGTTAAG-1	1
asc.day0_AGGCCACCACACCGAC-1	1
asc.day0_AGGCCACCACCACGTG-1	1
asc.day0_AGGCCACGTCAGTGGA-1	1
asc.day0_AGGCCACGTGTGAATA-1	5
asc.day0_AGGCCGTAGATGTGTA-1	2
asc.day0_AGGCCGTAGCTACCTA-1	1
asc.day0_AGGCCGTAGCTGAAAT-1	3
asc.day0_AGGCCGTAGCTGCCCA-1	1
asc.day0_AGGCCGTAGGTAAACT-1	3
asc.day0_AGGCCGTAGTGGTCCC-1	1
asc.day0_AGGCCGTCACTCTGTC-1	3
asc.day0_AGGCCGTCACTTCTGC-1	2
asc.day0_AGGCCGTCAGTTAACC-1	1
asc.day0_AGGCCGTCATCCCACT-1	3
asc.day0_AGGCCGTCATGCCTTC-1	3
asc.day0_AGGCCGTGTGCCTGGT-1	3
asc.day0_AGGCCGTGTTAAGGGC-1	3
asc.day0_AGGCCGTGTTGCCTCT-1	3
asc.day0_AGGCCGTTCAGATAAG-1	1
asc.day0_AGGCCGTTCAGCCTAA-1	1
asc.day0_AGGCCGTTCAGTTAGC-1	3
asc.day0_AGGCCGTTCCATGCTC-1	6
asc.day0_AGGGAGTAGATGTGTA-1	5
asc.day0_AGGGAGTAGGAATCGC-1	1
asc.day0_AGGGAGTAGGGCACTA-1	5
asc.day0_AGGGAGTAGGTAGCCA-1	4
asc.day0_AGGGAGTAGGTGCACA-1	1
asc.day0_AGGGAGTCACATGACT-1	4
asc.day0_AGGGAGTCAGACGCAA-1	3
asc.day0_AGGGAGTCAGACGCCT-1	3
asc.day0_AGGGAGTCAGTCACTA-1	1
asc.day0_AGGGAGTGTCTTCTCG-1	1
asc.day0_AGGGAGTTCCAGATCA-1	5
asc.day0_AGGGAGTTCGAGCCCA-1	3
asc.day0_AGGGAGTTCTAGAGTC-1	5
asc.day0_AGGGAGTTCTGGGCCA-1	1
asc.day0_AGGGAGTTCTTTACGT-1	2
asc.day0_AGGGATGAGAACTGTA-1	2
asc.day0_AGGGATGAGAGACTAT-1	7
asc.day0_AGGGATGCACCTGGTG-1	3
asc.day0_AGGGATGCACGTGAGA-1	3
asc.day0_AGGGATGCAGTAAGCG-1	3
asc.day0_AGGGATGCATTACGAC-1	4
asc.day0_AGGGATGCATTCCTCG-1	2
asc.day0_AGGGATGGTAGCACGA-1	1
asc.day0_AGGGATGGTATGAAAC-1	2
asc.day0_AGGGATGGTGCACGAA-1	3
asc.day0_AGGGATGGTTACCAGT-1	3
asc.day0_AGGGATGGTTGGTAAA-1	1
asc.day0_AGGGATGTCCGCATAA-1	1
asc.day0_AGGGATGTCGTTTATC-1	3
asc.day0_AGGGATGTCTTAGCCC-1	1
asc.day0_AGGGTGAAGACAAGCC-1	3
asc.day0_AGGGTGAAGAGACTTA-1	1
asc.day0_AGGGTGAAGGCATGTG-1	1
asc.day0_AGGGTGAAGTTCGCAT-1	4
asc.day0_AGGGTGACAAAGTCAA-1	1
asc.day0_AGGGTGACAATTGCTG-1	1
asc.day0_AGGGTGACATGCTAGT-1	1
asc.day0_AGGGTGAGTCCGTGAC-1	5
asc.day0_AGGGTGAGTGTAAGTA-1	4
asc.day0_AGGGTGAGTTATGTGC-1	2
asc.day0_AGGGTGATCAGTTTGG-1	3
asc.day0_AGGGTGATCCAACCAA-1	1
asc.day0_AGGGTGATCCGAATGT-1	2
asc.day0_AGGGTGATCCTTTCGG-1	3
asc.day0_AGGGTGATCGTGGACC-1	4
asc.day0_AGGGTGATCTCCCTGA-1	3
asc.day0_AGGTCATAGGAGTTGC-1	3
asc.day0_AGGTCATAGGATGTAT-1	1
asc.day0_AGGTCATAGTACGACG-1	3
asc.day0_AGGTCATCAAAGGAAG-1	5
asc.day0_AGGTCATCAAGCCCAC-1	3
asc.day0_AGGTCATCAAGGGTCA-1	3
asc.day0_AGGTCATCACAACGTT-1	3
asc.day0_AGGTCATCAGCCTTGG-1	3
asc.day0_AGGTCATGTGGACGAT-1	1
asc.day0_AGGTCATGTGGGTATG-1	4
asc.day0_AGGTCATGTGTCCTCT-1	3
asc.day0_AGGTCATGTGTCGCTG-1	1
asc.day0_AGGTCATGTTCCATGA-1	3
asc.day0_AGGTCATTCACCACCT-1	3
asc.day0_AGGTCATTCACGCGGT-1	1
asc.day0_AGGTCATTCACTCTTA-1	3
asc.day0_AGGTCATTCCCGACTT-1	1
asc.day0_AGGTCATTCCGCGTTT-1	1
asc.day0_AGGTCATTCGGACAAG-1	3
asc.day0_AGGTCATTCGGCCGAT-1	3
asc.day0_AGGTCATTCTGACCTC-1	2
asc.day0_AGGTCCGAGAGACTAT-1	3
asc.day0_AGGTCCGAGTACGTAA-1	1
asc.day0_AGGTCCGCACGGACAA-1	1
asc.day0_AGGTCCGCACGGCCAT-1	3
asc.day0_AGGTCCGCATAGGATA-1	3
asc.day0_AGGTCCGCATCCAACA-1	1
asc.day0_AGGTCCGCATGCAACT-1	1
asc.day0_AGGTCCGGTCTCATCC-1	3
asc.day0_AGGTCCGGTGTGGCTC-1	1
asc.day0_AGGTCCGGTTCAGTAC-1	5
asc.day0_AGGTCCGGTTGTTTGG-1	3
asc.day0_AGGTCCGTCAATCACG-1	1
asc.day0_AGGTCCGTCCCTAATT-1	3
asc.day0_AGGTCCGTCCGCGCAA-1	5
asc.day0_AGGTCCGTCGTTACGA-1	3
asc.day0_AGTAGTCAGAAACGCC-1	1
asc.day0_AGTAGTCAGACCTTTG-1	1
asc.day0_AGTAGTCAGATAGTCA-1	1
asc.day0_AGTAGTCAGGCTAGGT-1	3
asc.day0_AGTAGTCAGTCTCAAC-1	1
asc.day0_AGTAGTCCAAACCTAC-1	3
asc.day0_AGTAGTCCAAAGCGGT-1	3
asc.day0_AGTAGTCCAACAACCT-1	3
asc.day0_AGTAGTCCATCACGAT-1	1
asc.day0_AGTAGTCCATGTCCTC-1	4
asc.day0_AGTAGTCGTAGCTAAA-1	1
asc.day0_AGTAGTCGTCGCGTGT-1	1
asc.day0_AGTAGTCTCGAGAACG-1	3
asc.day0_AGTAGTCTCGCTAGCG-1	1
asc.day0_AGTAGTCTCGTCGTTC-1	2
asc.day0_AGTAGTCTCTTTCCTC-1	5
asc.day0_AGTCTTTAGCTAAGAT-1	5
asc.day0_AGTCTTTAGTGATCGG-1	3
asc.day0_AGTCTTTCAAGCCTAT-1	2
asc.day0_AGTCTTTCAAGTTCTG-1	4
asc.day0_AGTCTTTCAGTCACTA-1	1
asc.day0_AGTCTTTCATCCGTGG-1	2
asc.day0_AGTCTTTGTACCGCTG-1	3
asc.day0_AGTCTTTGTACTCTCC-1	1
asc.day0_AGTCTTTGTAGAGGAA-1	1
asc.day0_AGTCTTTGTAGGACAC-1	1
asc.day0_AGTCTTTGTCTACCTC-1	2
asc.day0_AGTCTTTGTCTCTCGT-1	1
asc.day0_AGTCTTTGTTCCTCCA-1	3
asc.day0_AGTCTTTTCAAGGTAA-1	3
asc.day0_AGTGAGGAGACGCACA-1	4
asc.day0_AGTGAGGAGAGCTATA-1	3
asc.day0_AGTGAGGAGCACCGCT-1	5
asc.day0_AGTGAGGAGCTAGTGG-1	4
asc.day0_AGTGAGGAGTCACGCC-1	4
asc.day0_AGTGAGGAGTCCGTAT-1	3
asc.day0_AGTGAGGAGTGATCGG-1	2
asc.day0_AGTGAGGCAGCATGAG-1	5
asc.day0_AGTGAGGCATGCCACG-1	1
asc.day0_AGTGAGGGTAGAAGGA-1	2
asc.day0_AGTGAGGGTCGCATCG-1	1
asc.day0_AGTGAGGTCAACACTG-1	2
asc.day0_AGTGAGGTCCACGAAT-1	5
asc.day0_AGTGAGGTCCGCGGTA-1	3
asc.day0_AGTGAGGTCGAGAGCA-1	1
asc.day0_AGTGAGGTCTTACCTA-1	6
asc.day0_AGTGGGAAGAAACGAG-1	1
asc.day0_AGTGGGAAGCGATTCT-1	1
asc.day0_AGTGGGAAGGCATTGG-1	3
asc.day0_AGTGGGAAGTGGTCCC-1	1
asc.day0_AGTGGGACAGCCAATT-1	1
asc.day0_AGTGGGAGTACTCTCC-1	5
asc.day0_AGTGGGAGTATCAGTC-1	3
asc.day0_AGTGGGAGTCCCTTGT-1	4
asc.day0_AGTGGGAGTCTTGATG-1	3
asc.day0_AGTGGGAGTGATGTGG-1	3
asc.day0_AGTGGGAGTTGCTCCT-1	4
asc.day0_AGTGGGATCCTCATTA-1	1
asc.day0_AGTGGGATCGTGACAT-1	1
asc.day0_AGTGTCAAGGCGTACA-1	1
asc.day0_AGTGTCAAGTCGATAA-1	5
asc.day0_AGTGTCAAGTGTTAGA-1	4
asc.day0_AGTGTCACAAGCTGGA-1	4
asc.day0_AGTGTCACAATCTACG-1	1
asc.day0_AGTGTCACACATGTGT-1	3
asc.day0_AGTGTCACAGTCACTA-1	4
asc.day0_AGTGTCAGTCAACTGT-1	3
asc.day0_AGTGTCAGTTACGACT-1	2
asc.day0_AGTGTCATCGCGGATC-1	2
asc.day0_AGTGTCATCTTGACGA-1	5
asc.day0_AGTTGGTAGAGACGAA-1	1
asc.day0_AGTTGGTAGAGCTGCA-1	3
asc.day0_AGTTGGTAGATAGCAT-1	1
asc.day0_AGTTGGTAGATCCCGC-1	1
asc.day0_AGTTGGTAGCGCTCCA-1	1
asc.day0_AGTTGGTAGCTAACTC-1	4
asc.day0_AGTTGGTAGGCTAGCA-1	5
asc.day0_AGTTGGTCACGTGAGA-1	6
asc.day0_AGTTGGTCAGTTTACG-1	1
asc.day0_AGTTGGTCATATACGC-1	1
asc.day0_AGTTGGTGTACCATCA-1	1
asc.day0_AGTTGGTGTCCTGCTT-1	1
asc.day0_AGTTGGTGTCTAGCGC-1	2
asc.day0_AGTTGGTGTGCAACTT-1	2
asc.day0_AGTTGGTGTTAGATGA-1	2
asc.day0_AGTTGGTGTTGTACAC-1	3
asc.day0_AGTTGGTTCGAATCCA-1	1
asc.day0_AGTTGGTTCGTTACGA-1	3
asc.day0_AGTTGGTTCTGCGACG-1	3
asc.day0_ATAACGCAGCCAGTAG-1	3
asc.day0_ATAACGCAGCTAAGAT-1	1
asc.day0_ATAACGCAGTACACCT-1	4
asc.day0_ATAACGCCACGTAAGG-1	3
asc.day0_ATAACGCCAGACAGGT-1	1
asc.day0_ATAACGCCATATGAGA-1	1
asc.day0_ATAACGCCATGGTAGG-1	4
asc.day0_ATAACGCCATTTGCCC-1	5
asc.day0_ATAACGCGTACCGCTG-1	3
asc.day0_ATAACGCGTGCATCTA-1	1
asc.day0_ATAACGCGTTGGTTTG-1	3
asc.day0_ATAACGCTCAGCAACT-1	3
asc.day0_ATAACGCTCCACGACG-1	1
asc.day0_ATAACGCTCCTACAGA-1	4
asc.day0_ATAAGAGAGGACAGCT-1	3
asc.day0_ATAAGAGAGTACGTAA-1	4
asc.day0_ATAAGAGAGTGTACCT-1	4
asc.day0_ATAAGAGCAAAGGAAG-1	1
asc.day0_ATAAGAGGTAGCCTCG-1	3
asc.day0_ATAAGAGGTAGGGACT-1	3
asc.day0_ATAAGAGGTCCAAGTT-1	1
asc.day0_ATAAGAGGTGCGGTAA-1	4
asc.day0_ATAAGAGGTTGCGCAC-1	4
asc.day0_ATAAGAGTCACAGGCC-1	1
asc.day0_ATAAGAGTCGCGTTTC-1	3
asc.day0_ATAAGAGTCTCATTCA-1	1
asc.day0_ATAAGAGTCTTCATGT-1	1
asc.day0_ATAGACCAGCCGTCGT-1	3
asc.day0_ATAGACCAGGGATGGG-1	1
asc.day0_ATAGACCAGTGACATA-1	5
asc.day0_ATAGACCCAAACTGCT-1	3
asc.day0_ATAGACCCAAGCGATG-1	4
asc.day0_ATAGACCCACCAGATT-1	1
asc.day0_ATAGACCCACTTCGAA-1	3
asc.day0_ATAGACCCAGTTTACG-1	3
asc.day0_ATAGACCCATGGTAGG-1	3
asc.day0_ATAGACCGTCCGAAGA-1	1
asc.day0_ATAGACCGTCGACTAT-1	3
asc.day0_ATAGACCGTGTGGTTT-1	3
asc.day0_ATAGACCGTTCTGGTA-1	1
asc.day0_ATAGACCTCCCAAGTA-1	4
asc.day0_ATAGACCTCGACCAGC-1	1
asc.day0_ATAGACCTCGGAAACG-1	3
asc.day0_ATAGACCTCGGGAGTA-1	5
asc.day0_ATCACGAAGACTAGAT-1	5
asc.day0_ATCACGAAGATTACCC-1	1
asc.day0_ATCACGAAGCCACGTC-1	1
asc.day0_ATCACGAAGCCCAATT-1	1
asc.day0_ATCACGAAGGTGCAAC-1	1
asc.day0_ATCACGAAGTATCGAA-1	3
asc.day0_ATCACGAAGTGGAGTC-1	2
asc.day0_ATCACGAAGTGTACTC-1	4
asc.day0_ATCACGACAACTGGCC-1	3
asc.day0_ATCACGACAACTTGAC-1	3
asc.day0_ATCACGACAGAAGCAC-1	4
asc.day0_ATCACGACATATGGTC-1	3
asc.day0_ATCACGAGTCAAACTC-1	4
asc.day0_ATCACGAGTCTGCGGT-1	1
asc.day0_ATCACGAGTTACGACT-1	3
asc.day0_ATCACGATCAGAGACG-1	3
asc.day0_ATCACGATCATGCAAC-1	5
asc.day0_ATCACGATCCCTAATT-1	4
asc.day0_ATCACGATCGTGACAT-1	4
asc.day0_ATCACGATCGTTGACA-1	1
asc.day0_ATCACGATCTTCGAGA-1	3
asc.day0_ATCATCTAGCCTATGT-1	3
asc.day0_ATCATCTCAAGCGAGT-1	1
asc.day0_ATCATCTCACCAGATT-1	4
asc.day0_ATCATCTCAGACGTAG-1	1
asc.day0_ATCATCTGTAGCGCAA-1	3
asc.day0_ATCATCTGTATAGGTA-1	1
asc.day0_ATCATCTGTCAGGACA-1	3
asc.day0_ATCATCTGTTAGAACA-1	2
asc.day0_ATCATCTGTTATGTGC-1	3
asc.day0_ATCATCTTCCTTTCGG-1	1
asc.day0_ATCATGGAGAGCCTAG-1	3
asc.day0_ATCATGGAGCATCATC-1	1
asc.day0_ATCATGGAGCGTTGCC-1	7
asc.day0_ATCATGGCACCAGGCT-1	1
asc.day0_ATCATGGCAGCTCGAC-1	5
asc.day0_ATCATGGCAGTCTTCC-1	2
asc.day0_ATCATGGCATTTCACT-1	4
asc.day0_ATCATGGGTAAAGTCA-1	3
asc.day0_ATCATGGGTCTAAACC-1	3
asc.day0_ATCATGGGTCTTCGTC-1	4
asc.day0_ATCATGGGTCTTGTCC-1	3
asc.day0_ATCATGGGTGACGGTA-1	3
asc.day0_ATCATGGGTGCATCTA-1	1
asc.day0_ATCATGGTCATACGGT-1	1
asc.day0_ATCATGGTCCGCAGTG-1	4
asc.day0_ATCATGGTCCGTTGTC-1	1
asc.day0_ATCCACCAGCGATTCT-1	2
asc.day0_ATCCACCAGCTAGGCA-1	3
asc.day0_ATCCACCCACAACTGT-1	6
asc.day0_ATCCACCCACACGCTG-1	5
asc.day0_ATCCACCCACCAGTTA-1	3
asc.day0_ATCCACCCACTCTGTC-1	4
asc.day0_ATCCACCCAGCTATTG-1	1
asc.day0_ATCCACCCAGGTGGAT-1	5
asc.day0_ATCCACCCATGGAATA-1	1
asc.day0_ATCCACCGTAACGCGA-1	3
asc.day0_ATCCACCGTAAGAGAG-1	4
asc.day0_ATCCACCGTAAGTGTA-1	1
asc.day0_ATCCACCGTCAGAGGT-1	1
asc.day0_ATCCACCGTTAGGGTG-1	1
asc.day0_ATCCACCTCTCGCTTG-1	2
asc.day0_ATCCACCTCTTTACAC-1	5
asc.day0_ATCCGAAAGAGCCCAA-1	5
asc.day0_ATCCGAAAGATGCCTT-1	1
asc.day0_ATCCGAAAGCGGCTTC-1	3
asc.day0_ATCCGAACAAACAACA-1	1
asc.day0_ATCCGAACAAACTGTC-1	4
asc.day0_ATCCGAACACAAGACG-1	1
asc.day0_ATCCGAAGTAGCACGA-1	3
asc.day0_ATCCGAAGTCTCTTTA-1	1
asc.day0_ATCCGAATCAGTTCGA-1	5
asc.day0_ATCCGAATCATCGCTC-1	4
asc.day0_ATCCGAATCATTCACT-1	5
asc.day0_ATCCGAATCGCAAGCC-1	5
asc.day0_ATCGAGTAGAGTAAGG-1	3
asc.day0_ATCGAGTAGAGTGACC-1	1
asc.day0_ATCGAGTAGCAACGGT-1	3
asc.day0_ATCGAGTAGGCCGAAT-1	1
asc.day0_ATCGAGTAGGGTCGAT-1	3
asc.day0_ATCGAGTAGTTCCACA-1	3
asc.day0_ATCGAGTCACGGATAG-1	3
asc.day0_ATCGAGTCACTCTGTC-1	3
asc.day0_ATCGAGTCATTCCTCG-1	3
asc.day0_ATCGAGTGTTGTCTTT-1	3
asc.day0_ATCGAGTTCAATCACG-1	4
asc.day0_ATCGAGTTCGAGCCCA-1	3
asc.day0_ATCGAGTTCTGGTTCC-1	3
asc.day0_ATCGAGTTCTTCGAGA-1	1
asc.day0_ATCTACTAGACAGACC-1	2
asc.day0_ATCTACTAGATGGGTC-1	1
asc.day0_ATCTACTAGCTCAACT-1	4
asc.day0_ATCTACTCAATCGGTT-1	5
asc.day0_ATCTACTCACAGACAG-1	2
asc.day0_ATCTACTCACTAGTAC-1	1
asc.day0_ATCTACTGTCGAGATG-1	3
asc.day0_ATCTACTGTCTGCGGT-1	1
asc.day0_ATCTACTGTGTATGGG-1	2
asc.day0_ATCTACTTCAAGGTAA-1	3
asc.day0_ATCTACTTCACCTCGT-1	3
asc.day0_ATCTACTTCACGCGGT-1	2
asc.day0_ATCTACTTCATCGCTC-1	3
asc.day0_ATCTACTTCGCCATAA-1	1
asc.day0_ATCTACTTCGGCCGAT-1	3
asc.day0_ATCTACTTCGTCGTTC-1	3
asc.day0_ATCTACTTCTTAGAGC-1	5
asc.day0_ATCTGCCAGAAGGTTT-1	1
asc.day0_ATCTGCCAGCACAGGT-1	3
asc.day0_ATCTGCCAGCCACGTC-1	2
asc.day0_ATCTGCCAGCGTCAAG-1	2
asc.day0_ATCTGCCAGGACATTA-1	1
asc.day0_ATCTGCCCACACATGT-1	3
asc.day0_ATCTGCCCACAGACAG-1	3
asc.day0_ATCTGCCCACCGAAAG-1	2
asc.day0_ATCTGCCCAGCTTCGG-1	3
asc.day0_ATCTGCCCATCCCATC-1	3
asc.day0_ATCTGCCCATGCCACG-1	3
asc.day0_ATCTGCCCATTGCGGC-1	3
asc.day0_ATCTGCCGTCTAGCGC-1	1
asc.day0_ATCTGCCGTGTAAGTA-1	1
asc.day0_ATCTGCCGTTTACTCT-1	1
asc.day0_ATCTGCCTCATCGATG-1	5
asc.day0_ATCTGCCTCCCTCTTT-1	3
asc.day0_ATCTGCCTCCTCATTA-1	1
asc.day0_ATCTGCCTCGTAGATC-1	3
asc.day0_ATGAGGGAGTACGTAA-1	4
asc.day0_ATGAGGGCAAGAAGAG-1	3
asc.day0_ATGAGGGCACAGACAG-1	4
asc.day0_ATGAGGGCACTTCTGC-1	1
asc.day0_ATGAGGGCAGATCGGA-1	4
asc.day0_ATGAGGGCATGCCACG-1	1
asc.day0_ATGAGGGCATTACCTT-1	1
asc.day0_ATGAGGGCATTGAGCT-1	3
asc.day0_ATGAGGGGTCATGCAT-1	1
asc.day0_ATGAGGGGTGATAAGT-1	3
asc.day0_ATGAGGGGTGTTGAGG-1	2
asc.day0_ATGAGGGTCCCATTAT-1	3
asc.day0_ATGAGGGTCCGCATAA-1	4
asc.day0_ATGCGATAGAATAGGG-1	1
asc.day0_ATGCGATAGAATTGTG-1	3
asc.day0_ATGCGATAGACCTAGG-1	3
asc.day0_ATGCGATAGCACAGGT-1	1
asc.day0_ATGCGATCACTAAGTC-1	1
asc.day0_ATGCGATGTACCGAGA-1	1
asc.day0_ATGCGATGTCACTGGC-1	4
asc.day0_ATGCGATGTCCTCTTG-1	4
asc.day0_ATGCGATGTCTCTCGT-1	1
asc.day0_ATGCGATGTCTTGCGG-1	1
asc.day0_ATGCGATGTGAAGGCT-1	1
asc.day0_ATGCGATGTTTAGCTG-1	4
asc.day0_ATGCGATTCCCAGGTG-1	1
asc.day0_ATGCGATTCCCTGACT-1	1
asc.day0_ATGCGATTCTCTAAGG-1	3
asc.day0_ATGGGAGAGAATCTCC-1	1
asc.day0_ATGGGAGAGCATGGCA-1	5
asc.day0_ATGGGAGAGTTGAGAT-1	3
asc.day0_ATGGGAGCAACGCACC-1	1
asc.day0_ATGGGAGCAAGTTCTG-1	3
asc.day0_ATGGGAGCAGACAGGT-1	3
asc.day0_ATGGGAGCATCACGTA-1	4
asc.day0_ATGGGAGGTAGCTCCG-1	3
asc.day0_ATGGGAGGTCTTCGTC-1	1
asc.day0_ATGGGAGGTCTTTCAT-1	1
asc.day0_ATGGGAGGTGAGGCTA-1	3
asc.day0_ATGGGAGGTGGGTCAA-1	3
asc.day0_ATGGGAGGTGTAATGA-1	2
asc.day0_ATGGGAGGTGTTGGGA-1	3
asc.day0_ATGGGAGTCAAGATCC-1	3
asc.day0_ATGGGAGTCAGAGGTG-1	1
asc.day0_ATGGGAGTCCACGACG-1	1
asc.day0_ATGGGAGTCCTAGAAC-1	2
asc.day0_ATGGGAGTCTCGCTTG-1	1
asc.day0_ATGGGAGTCTGAGGGA-1	2
asc.day0_ATGGGAGTCTTTCCTC-1	1
asc.day0_ATGTGTGAGACTGGGT-1	3
asc.day0_ATGTGTGAGATGTAAC-1	4
asc.day0_ATGTGTGAGGAATCGC-1	1
asc.day0_ATGTGTGAGGGCATGT-1	1
asc.day0_ATGTGTGCACATTAGC-1	4
asc.day0_ATGTGTGCACCAGTTA-1	3
asc.day0_ATGTGTGCAGGAATCG-1	3
asc.day0_ATGTGTGCATCCAACA-1	4
asc.day0_ATGTGTGCATGACGGA-1	1
asc.day0_ATGTGTGGTACGCTGC-1	4
asc.day0_ATGTGTGGTCAGAAGC-1	3
asc.day0_ATGTGTGGTCATCGGC-1	2
asc.day0_ATGTGTGGTCCGTTAA-1	3
asc.day0_ATGTGTGGTCGCCATG-1	1
asc.day0_ATGTGTGTCATAACCG-1	1
asc.day0_ATGTGTGTCGGTTAAC-1	7
asc.day0_ATGTGTGTCTAGCACA-1	3
asc.day0_ATTACTCAGACAAAGG-1	3
asc.day0_ATTACTCAGATGTTAG-1	1
asc.day0_ATTACTCAGCTGCCCA-1	3
asc.day0_ATTACTCAGGAATTAC-1	4
asc.day0_ATTACTCAGGCTCTTA-1	5
asc.day0_ATTACTCAGTGAACGC-1	1
asc.day0_ATTACTCAGTGCAAGC-1	3
asc.day0_ATTACTCCAATCCGAT-1	3
asc.day0_ATTACTCCACATCCGG-1	3
asc.day0_ATTACTCCACCAGCAC-1	4
asc.day0_ATTACTCGTCCATGAT-1	3
asc.day0_ATTACTCGTCTAGTGT-1	2
asc.day0_ATTACTCGTTACGTCA-1	1
asc.day0_ATTACTCTCCACTGGG-1	5
asc.day0_ATTACTCTCGTCTGCT-1	4
asc.day0_ATTATCCAGACCGGAT-1	6
asc.day0_ATTATCCAGCAGCGTA-1	1
asc.day0_ATTATCCAGCCACGCT-1	2
asc.day0_ATTATCCAGGCCCGTT-1	2
asc.day0_ATTATCCAGTGGAGAA-1	1
asc.day0_ATTATCCCACGGTGTC-1	1
asc.day0_ATTATCCCAGTAAGAT-1	1
asc.day0_ATTATCCGTAGGACAC-1	1
asc.day0_ATTATCCGTATCACCA-1	4
asc.day0_ATTATCCGTCTAGAGG-1	3
asc.day0_ATTATCCGTCTAGCCG-1	2
asc.day0_ATTATCCGTGGAAAGA-1	3
asc.day0_ATTATCCGTTCAACCA-1	3
asc.day0_ATTATCCGTTGTCTTT-1	4
asc.day0_ATTATCCTCCTAGAAC-1	2
asc.day0_ATTATCCTCGTAGATC-1	3
asc.day0_ATTATCCTCTACCAGA-1	1
asc.day0_ATTATCCTCTGCGGCA-1	3
asc.day0_ATTATCCTCTGTCTAT-1	1
asc.day0_ATTATCCTCTTCCTTC-1	1
asc.day0_ATTCTACAGCAATCTC-1	5
asc.day0_ATTCTACAGCCATCGC-1	1
asc.day0_ATTCTACAGCTGATAA-1	2
asc.day0_ATTCTACAGGGAACGG-1	4
asc.day0_ATTCTACCAATCACAC-1	2
asc.day0_ATTCTACCACATGTGT-1	3
asc.day0_ATTCTACCACCTATCC-1	1
asc.day0_ATTCTACCAGCATACT-1	3
asc.day0_ATTCTACGTACGACCC-1	4
asc.day0_ATTCTACGTCACCTAA-1	1
asc.day0_ATTCTACGTCTCTTTA-1	3
asc.day0_ATTCTACGTGGGTCAA-1	2
asc.day0_ATTCTACGTTGGTGGA-1	4
asc.day0_ATTCTACTCAGTTGAC-1	5
asc.day0_ATTCTACTCGGCCGAT-1	4
asc.day0_ATTCTACTCTAGAGTC-1	3
asc.day0_ATTCTACTCTGATTCT-1	5
asc.day0_ATTGGACAGCAGATCG-1	3
asc.day0_ATTGGACCACTGTCGG-1	1
asc.day0_ATTGGACCAGCATACT-1	1
asc.day0_ATTGGACCATCGATTG-1	1
asc.day0_ATTGGACGTAGCGTAG-1	1
asc.day0_ATTGGACGTAGCGTGA-1	2
asc.day0_ATTGGACGTCCAGTAT-1	1
asc.day0_ATTGGACGTCTCCATC-1	3
asc.day0_ATTGGACGTTAAGGGC-1	1
asc.day0_ATTGGACGTTCGTCTC-1	5
asc.day0_ATTGGACTCGAGAGCA-1	4
asc.day0_ATTGGACTCGCCAGCA-1	2
asc.day0_ATTGGACTCGTTACAG-1	2
asc.day0_ATTGGTGAGAAACGCC-1	3
asc.day0_ATTGGTGAGAAGGTTT-1	1
asc.day0_ATTGGTGAGCCCAGCT-1	1
asc.day0_ATTGGTGAGCTGAAAT-1	5
asc.day0_ATTGGTGAGGTCGGAT-1	3
asc.day0_ATTGGTGAGGTGACCA-1	1
asc.day0_ATTGGTGAGTCATCCA-1	2
asc.day0_ATTGGTGCAACAACCT-1	6
asc.day0_ATTGGTGCACACCGAC-1	1
asc.day0_ATTGGTGCAGACGTAG-1	1
asc.day0_ATTGGTGCAGCGTCCA-1	3
asc.day0_ATTGGTGGTACTCAAC-1	1
asc.day0_ATTGGTGGTAGCGATG-1	1
asc.day0_ATTGGTGGTCATATCG-1	1
asc.day0_ATTGGTGGTCGACTGC-1	1
asc.day0_ATTGGTGGTGGTGTAG-1	4
asc.day0_ATTGGTGTCACTTACT-1	1
asc.day0_ATTGGTGTCCCGGATG-1	3
asc.day0_ATTGGTGTCGATCCCT-1	6
asc.day0_ATTGGTGTCGCGGATC-1	1
asc.day0_ATTTCTGAGAGGTTAT-1	2
asc.day0_ATTTCTGAGAGTCGGT-1	3
asc.day0_ATTTCTGAGCCCAGCT-1	3
asc.day0_ATTTCTGAGTTCGCGC-1	3
asc.day0_ATTTCTGCACATCCAA-1	3
asc.day0_ATTTCTGCACCGCTAG-1	3
asc.day0_ATTTCTGCAGCTTCGG-1	1
asc.day0_ATTTCTGGTATAATGG-1	1
asc.day0_ATTTCTGGTATTCTCT-1	3
asc.day0_ATTTCTGGTCATGCCG-1	1
asc.day0_ATTTCTGGTTAAGACA-1	4
asc.day0_ATTTCTGTCGGCCGAT-1	1
asc.day0_ATTTCTGTCTGTCTAT-1	3
asc.day0_CAACCAAAGACGCACA-1	1
asc.day0_CAACCAAAGAGTCGGT-1	3
asc.day0_CAACCAAAGCCAGTAG-1	3
asc.day0_CAACCAAAGCCGGTAA-1	1
asc.day0_CAACCAACACCAGGTC-1	3
asc.day0_CAACCAACAGGAACGT-1	4
asc.day0_CAACCAAGTGGAAAGA-1	4
asc.day0_CAACCAAGTTAGGGTG-1	3
asc.day0_CAACCAATCAACTCTT-1	3
asc.day0_CAACCAATCGATGAGG-1	1
asc.day0_CAACCAATCTTGCCGT-1	3
asc.day0_CAACCTCAGAAACCTA-1	3
asc.day0_CAACCTCAGACCTAGG-1	3
asc.day0_CAACCTCAGAGTCTGG-1	3
asc.day0_CAACCTCAGATGTGTA-1	4
asc.day0_CAACCTCAGCCAGGAT-1	1
asc.day0_CAACCTCAGCCGTCGT-1	3
asc.day0_CAACCTCAGCGTCTAT-1	1
asc.day0_CAACCTCCAACACGCC-1	3
asc.day0_CAACCTCCAAGAGTCG-1	4
asc.day0_CAACCTCCACATCCAA-1	3
asc.day0_CAACCTCCAGTAACGG-1	1
asc.day0_CAACCTCCATGTCTCC-1	2
asc.day0_CAACCTCGTAAATGAC-1	2
asc.day0_CAACCTCGTAGCGTAG-1	1
asc.day0_CAACCTCGTATTCGTG-1	3
asc.day0_CAACCTCGTCCCGACA-1	2
asc.day0_CAACCTCGTGTCGCTG-1	2
asc.day0_CAACCTCGTTCGAATC-1	3
asc.day0_CAACCTCTCAGAGCTT-1	4
asc.day0_CAACTAGAGGGCACTA-1	3
asc.day0_CAACTAGAGTCCTCCT-1	2
asc.day0_CAACTAGCACCATGTA-1	1
asc.day0_CAACTAGCATCCTAGA-1	3
asc.day0_CAACTAGGTACGACCC-1	5
asc.day0_CAACTAGGTACGCTGC-1	3
asc.day0_CAACTAGGTAGCGCTC-1	1
asc.day0_CAACTAGGTAGCTAAA-1	1
asc.day0_CAACTAGTCACCCTCA-1	6
asc.day0_CAACTAGTCAGTGTTG-1	1
asc.day0_CAACTAGTCCAAGTAC-1	5
asc.day0_CAACTAGTCGTCCAGG-1	2
asc.day0_CAAGAAAAGAGCTGCA-1	3
asc.day0_CAAGAAAAGCTAGGCA-1	1
asc.day0_CAAGAAAAGTGGCACA-1	1
asc.day0_CAAGAAAAGTGGTAAT-1	5
asc.day0_CAAGAAACAATAACGA-1	3
asc.day0_CAAGAAACACCGAAAG-1	4
asc.day0_CAAGAAACACTGAAGG-1	3
asc.day0_CAAGAAACAGCGTTCG-1	1
asc.day0_CAAGAAACAGCTCGCA-1	3
asc.day0_CAAGAAACAGTCGATT-1	1
asc.day0_CAAGAAACAGTCGTGC-1	1
asc.day0_CAAGAAACATCCGCGA-1	6
asc.day0_CAAGAAAGTATAGGTA-1	4
asc.day0_CAAGAAAGTGAGGGAG-1	2
asc.day0_CAAGAAAGTGGTGTAG-1	5
asc.day0_CAAGAAATCACGACTA-1	3
asc.day0_CAAGAAATCCGTCAAA-1	3
asc.day0_CAAGATCAGCCGTCGT-1	3
asc.day0_CAAGATCAGGATGTAT-1	3
asc.day0_CAAGATCAGGGCTTCC-1	4
asc.day0_CAAGATCAGTGTTAGA-1	3
asc.day0_CAAGATCCAACACCCG-1	2
asc.day0_CAAGATCCAAGTACCT-1	2
asc.day0_CAAGATCCACTCTGTC-1	3
asc.day0_CAAGATCCAGAGCCAA-1	5
asc.day0_CAAGATCCAGGGTATG-1	2
asc.day0_CAAGATCCAGTTCCCT-1	3
asc.day0_CAAGATCGTAAGTGTA-1	4
asc.day0_CAAGATCGTACAAGTA-1	1
asc.day0_CAAGATCGTCACCCAG-1	4
asc.day0_CAAGATCGTCGCGAAA-1	3
asc.day0_CAAGATCGTGATGTGG-1	2
asc.day0_CAAGATCGTTTGACAC-1	2
asc.day0_CAAGATCTCGCGATCG-1	4
asc.day0_CAAGATCTCTAGCACA-1	3
asc.day0_CAAGGCCAGACAATAC-1	4
asc.day0_CAAGGCCAGATCTGAA-1	3
asc.day0_CAAGGCCAGGCGCTCT-1	3
asc.day0_CAAGGCCAGGGTTTCT-1	1
asc.day0_CAAGGCCAGTGGAGTC-1	1
asc.day0_CAAGGCCCAAGCCCAC-1	3
asc.day0_CAAGGCCCAAGCGCTC-1	1
asc.day0_CAAGGCCCAGGTTTCA-1	3
asc.day0_CAAGGCCGTAATCGTC-1	6
asc.day0_CAAGGCCGTTGTCTTT-1	2
asc.day0_CAAGGCCGTTTAAGCC-1	1
asc.day0_CAAGGCCTCACTTCAT-1	2
asc.day0_CAAGTTGAGGTGCAAC-1	4
asc.day0_CAAGTTGAGTTTGCGT-1	1
asc.day0_CAAGTTGCAAGGTTTC-1	2
asc.day0_CAAGTTGCAATCACAC-1	1
asc.day0_CAAGTTGCACTGCCAG-1	1
asc.day0_CAAGTTGCAGGCTCAC-1	4
asc.day0_CAAGTTGCATGGTCAT-1	1
asc.day0_CAAGTTGGTACTCGCG-1	1
asc.day0_CAAGTTGGTTGGAGGT-1	3
asc.day0_CAAGTTGTCATTCACT-1	3
asc.day0_CAAGTTGTCCAGGGCT-1	1
asc.day0_CAAGTTGTCCTATTCA-1	2
asc.day0_CACAAACAGAACAATC-1	1
asc.day0_CACAAACAGAATAGGG-1	2
asc.day0_CACAAACAGATAGCAT-1	3
asc.day0_CACAAACAGGAATGGA-1	5
asc.day0_CACAAACAGTGACTCT-1	1
asc.day0_CACAAACCACTTAAGC-1	2
asc.day0_CACAAACGTTGAGTTC-1	3
asc.day0_CACAAACGTTTGGGCC-1	5
asc.day0_CACAAACTCAAACAAG-1	2
asc.day0_CACAAACTCAACGGGA-1	5
asc.day0_CACAAACTCAAGGTAA-1	3
asc.day0_CACAAACTCATCGATG-1	4
asc.day0_CACAAACTCCGCGTTT-1	4
asc.day0_CACAAACTCGTTTATC-1	4
asc.day0_CACAAACTCTAACCGA-1	3
asc.day0_CACACAAAGATCACGG-1	5
asc.day0_CACACAAAGATGCCAG-1	1
asc.day0_CACACAAAGTAGCCGA-1	4
asc.day0_CACACAACAACGCACC-1	3
asc.day0_CACACAACACGAAACG-1	4
asc.day0_CACACAACAGATGAGC-1	3
asc.day0_CACACAACATCAGTAC-1	2
asc.day0_CACACAACATTCCTCG-1	3
asc.day0_CACACAACATTCGACA-1	1
asc.day0_CACACAAGTGCTGTAT-1	2
asc.day0_CACACAAGTGTTCGAT-1	5
asc.day0_CACACAAGTTATGCGT-1	3
asc.day0_CACACAAGTTTACTCT-1	1
asc.day0_CACACAATCAAGATCC-1	1
asc.day0_CACACAATCGCATGAT-1	2
asc.day0_CACACAATCGTATCAG-1	1
asc.day0_CACACCTAGAGGTTGC-1	1
asc.day0_CACACCTAGCCAGTAG-1	4
asc.day0_CACACCTCAAGAAGAG-1	4
asc.day0_CACACCTCACGGTAGA-1	1
asc.day0_CACACCTCACGGTGTC-1	1
asc.day0_CACACCTCAGATGGCA-1	4
asc.day0_CACACCTCAGGCTGAA-1	1
asc.day0_CACACCTCAGGTCTCG-1	1
asc.day0_CACACCTGTAAGTGGC-1	3
asc.day0_CACACCTGTAGCCTCG-1	3
asc.day0_CACACCTGTCAATGTC-1	3
asc.day0_CACACCTGTCCGAACC-1	1
asc.day0_CACACCTTCGCAAGCC-1	2
asc.day0_CACACTCAGAGGACGG-1	1
asc.day0_CACACTCAGCTGCAAG-1	5
asc.day0_CACACTCAGCTGCCCA-1	1
asc.day0_CACACTCAGGAGTACC-1	1
asc.day0_CACACTCAGTTGAGAT-1	1
asc.day0_CACACTCCAACACGCC-1	1
asc.day0_CACACTCCAAGAAGAG-1	1
asc.day0_CACACTCCACACAGAG-1	3
asc.day0_CACACTCCACGGCCAT-1	1
asc.day0_CACACTCCACGGCTAC-1	3
asc.day0_CACACTCGTAAATACG-1	1
asc.day0_CACACTCGTCCAGTAT-1	3
asc.day0_CACACTCTCACATACG-1	1
asc.day0_CACAGGCAGCGTAATA-1	3
asc.day0_CACAGGCAGCGTTCCG-1	1
asc.day0_CACAGGCAGCTCCCAG-1	5
asc.day0_CACAGGCAGGATATAC-1	3
asc.day0_CACAGGCAGGCAATTA-1	5
asc.day0_CACAGGCCAATTGCTG-1	1
asc.day0_CACAGGCCACAGCGTC-1	1
asc.day0_CACAGGCCATAGTAAG-1	2
asc.day0_CACAGGCCATCGATTG-1	1
asc.day0_CACAGGCGTCCGAACC-1	1
asc.day0_CACAGGCGTCGAAAGC-1	1
asc.day0_CACAGGCGTCGCTTTC-1	6
asc.day0_CACAGGCGTTATGTGC-1	1
asc.day0_CACAGGCGTTATTCTC-1	1
asc.day0_CACAGGCTCCAGGGCT-1	4
asc.day0_CACAGGCTCCTTGACC-1	3
asc.day0_CACAGGCTCTACCTGC-1	1
asc.day0_CACAGTAAGAATTCCC-1	1
asc.day0_CACAGTAAGGCACATG-1	5
asc.day0_CACAGTAAGTGGGCTA-1	3
asc.day0_CACAGTAAGTTATCGC-1	4
asc.day0_CACAGTAGTCCTCCAT-1	2
asc.day0_CACAGTAGTCTGCGGT-1	3
asc.day0_CACAGTAGTGAGGGTT-1	3
asc.day0_CACAGTATCCTCATTA-1	1
asc.day0_CACAGTATCGGAGGTA-1	3
asc.day0_CACAGTATCGTTACGA-1	1
asc.day0_CACAGTATCTAACGGT-1	4
asc.day0_CACATAGAGCTCCTTC-1	4
asc.day0_CACATAGAGTTGCAGG-1	4
asc.day0_CACATAGCAACCGCCA-1	3
asc.day0_CACATAGCACCCATGG-1	3
asc.day0_CACATAGCAGATGAGC-1	2
asc.day0_CACATAGCATGGTAGG-1	1
asc.day0_CACATAGGTAAATGAC-1	5
asc.day0_CACATAGGTAATCGTC-1	2
asc.day0_CACATAGGTGCCTTGG-1	3
asc.day0_CACATAGGTGTAAGTA-1	1
asc.day0_CACATAGGTGTAATGA-1	1
asc.day0_CACATAGTCAGGCGAA-1	3
asc.day0_CACATAGTCCGTAGTA-1	5
asc.day0_CACATAGTCTGCAGTA-1	3
asc.day0_CACATTTAGAAGCCCA-1	1
asc.day0_CACATTTAGAATGTTG-1	1
asc.day0_CACATTTAGATCGATA-1	4
asc.day0_CACATTTAGCACCGTC-1	3
asc.day0_CACATTTAGTATTGGA-1	3
asc.day0_CACATTTCACAGAGGT-1	1
asc.day0_CACATTTCACTTCTGC-1	3
asc.day0_CACATTTCAGACAAAT-1	1
asc.day0_CACATTTCAGCGAACA-1	2
asc.day0_CACATTTCAGGTGCCT-1	1
asc.day0_CACATTTCATCACAAC-1	1
asc.day0_CACATTTGTAAATGAC-1	3
asc.day0_CACATTTGTAACGACG-1	2
asc.day0_CACATTTGTAACGTTC-1	1
asc.day0_CACATTTGTAGAAAGG-1	3
asc.day0_CACATTTGTATGAATG-1	3
asc.day0_CACATTTGTCAACTGT-1	1
asc.day0_CACATTTGTCGCTTCT-1	2
asc.day0_CACATTTGTCGTCTTC-1	3
asc.day0_CACATTTGTTAAAGAC-1	1
asc.day0_CACATTTGTTGGACCC-1	3
asc.day0_CACATTTTCAGTTGAC-1	1
asc.day0_CACATTTTCATGTGGT-1	4
asc.day0_CACATTTTCGCCAGCA-1	1
asc.day0_CACATTTTCGGAGCAA-1	1
asc.day0_CACATTTTCTTACCGC-1	2
asc.day0_CACCACTAGAAGGCCT-1	3
asc.day0_CACCACTAGATGTGTA-1	4
asc.day0_CACCACTAGTGACATA-1	7
asc.day0_CACCACTCAACTGCGC-1	3
asc.day0_CACCACTCACGACGAA-1	4
asc.day0_CACCACTCAGGGATTG-1	1
asc.day0_CACCACTGTAGCTCCG-1	4
asc.day0_CACCACTGTCGACTGC-1	4
asc.day0_CACCACTGTCGGCATC-1	1
asc.day0_CACCACTGTTGCGTTA-1	1
asc.day0_CACCACTTCCAGAGGA-1	3
asc.day0_CACCACTTCTTGCAAG-1	4
asc.day0_CACCAGGAGCAGATCG-1	1
asc.day0_CACCAGGAGCCAGAAC-1	1
asc.day0_CACCAGGAGCCGTCGT-1	3
asc.day0_CACCAGGAGCTGAAAT-1	5
asc.day0_CACCAGGAGGCAGGTT-1	4
asc.day0_CACCAGGAGTCAATAG-1	4
asc.day0_CACCAGGAGTGAACAT-1	4
asc.day0_CACCAGGAGTTAGCGG-1	2
asc.day0_CACCAGGCAACCGCCA-1	3
asc.day0_CACCAGGCACATCCGG-1	5
asc.day0_CACCAGGCACGAAGCA-1	4
asc.day0_CACCAGGCACGTCTCT-1	2
asc.day0_CACCAGGCATGAAGTA-1	4
asc.day0_CACCAGGGTACAGTGG-1	3
asc.day0_CACCAGGGTATAATGG-1	1
asc.day0_CACCAGGGTGGAAAGA-1	2
asc.day0_CACCAGGGTTAGTGGG-1	3
asc.day0_CACCAGGGTTCCACTC-1	1
asc.day0_CACCAGGTCCATTCTA-1	1
asc.day0_CACCAGGTCGCTTGTC-1	2
asc.day0_CACCTTGAGCCAGTTT-1	1
asc.day0_CACCTTGAGCTAAGAT-1	4
asc.day0_CACCTTGCAAAGGCGT-1	1
asc.day0_CACCTTGCACGTCAGC-1	3
asc.day0_CACCTTGCATACCATG-1	2
asc.day0_CACCTTGCATGAACCT-1	1
asc.day0_CACCTTGGTTTAGGAA-1	3
asc.day0_CACCTTGTCAAACAAG-1	3
asc.day0_CACCTTGTCATTGCGA-1	1
asc.day0_CACCTTGTCCCAACGG-1	3
asc.day0_CACCTTGTCCTGTAGA-1	3
asc.day0_CACTCCAAGAATGTGT-1	4
asc.day0_CACTCCAAGCAGGCTA-1	4
asc.day0_CACTCCAAGGCCCTCA-1	5
asc.day0_CACTCCAAGGCGATAC-1	1
asc.day0_CACTCCAAGTAGTGCG-1	1
asc.day0_CACTCCACAGATCTGT-1	3
asc.day0_CACTCCACATTAACCG-1	1
asc.day0_CACTCCAGTAGCTGCC-1	3
asc.day0_CACTCCAGTCCGAGTC-1	5
asc.day0_CACTCCAGTGGGTCAA-1	1
asc.day0_CACTCCAGTGTAACGG-1	1
asc.day0_CACTCCAGTGTCCTCT-1	1
asc.day0_CACTCCAGTTGAGGTG-1	3
asc.day0_CACTCCATCACGATGT-1	4
asc.day0_CACTCCATCATCGGAT-1	3
asc.day0_CACTCCATCGGATGTT-1	1
asc.day0_CACTCCATCTGCAAGT-1	1
asc.day0_CACTCCATCTTCATGT-1	5
asc.day0_CAGAATCAGATAGTCA-1	1
asc.day0_CAGAATCAGGAATCGC-1	3
asc.day0_CAGAATCAGGGCTTGA-1	2
asc.day0_CAGAATCAGGTGCAAC-1	1
asc.day0_CAGAATCCAGGACCCT-1	3
asc.day0_CAGAATCCATGTAAGA-1	4
asc.day0_CAGAATCGTACTCGCG-1	3
asc.day0_CAGAATCGTGCTCTTC-1	3
asc.day0_CAGAATCTCAGTCCCT-1	3
asc.day0_CAGAATCTCGCAGGCT-1	3
asc.day0_CAGAGAGAGAGGTAGA-1	1
asc.day0_CAGAGAGCAAACAACA-1	1
asc.day0_CAGAGAGCAACTGGCC-1	2
asc.day0_CAGAGAGCAGCGATCC-1	3
asc.day0_CAGAGAGCATCTATGG-1	3
asc.day0_CAGAGAGGTTTGACAC-1	3
asc.day0_CAGAGAGTCAGCTCTC-1	5
asc.day0_CAGAGAGTCTAGAGTC-1	3
asc.day0_CAGATCAAGTCAAGCG-1	4
asc.day0_CAGATCACACTGTGTA-1	1
asc.day0_CAGATCACATGTCTCC-1	3
asc.day0_CAGATCAGTAAAGTCA-1	1
asc.day0_CAGATCAGTAGAAGGA-1	1
asc.day0_CAGATCAGTCGCGAAA-1	1
asc.day0_CAGATCAGTCTAAACC-1	4
asc.day0_CAGATCAGTCTGCAAT-1	3
asc.day0_CAGATCAGTTATGTGC-1	1
asc.day0_CAGATCATCAACGAAA-1	2
asc.day0_CAGATCATCAGCGACC-1	3
asc.day0_CAGATCATCATTCACT-1	4
asc.day0_CAGATCATCTTTACAC-1	1
asc.day0_CAGCAGCAGACGCAAC-1	3
asc.day0_CAGCAGCAGTTGTAGA-1	1
asc.day0_CAGCAGCCAAATTGCC-1	1
asc.day0_CAGCAGCCACCAGGTC-1	3
asc.day0_CAGCAGCCATAGGATA-1	3
asc.day0_CAGCAGCCATCGTCGG-1	1
asc.day0_CAGCAGCGTAGCGTCC-1	3
asc.day0_CAGCAGCGTTACGACT-1	4
asc.day0_CAGCAGCGTTCGTGAT-1	5
asc.day0_CAGCAGCGTTGGGACA-1	3
asc.day0_CAGCAGCGTTTGTTTC-1	3
asc.day0_CAGCAGCTCAAACAAG-1	1
asc.day0_CAGCAGCTCATAGCAC-1	1
asc.day0_CAGCAGCTCCACGTTC-1	3
asc.day0_CAGCAGCTCCGCGCAA-1	4
asc.day0_CAGCAGCTCTATCCCG-1	4
asc.day0_CAGCATAAGCGTGAAC-1	1
asc.day0_CAGCATAAGGCCGAAT-1	2
asc.day0_CAGCATACATGTAAGA-1	4
asc.day0_CAGCATAGTCGGCTCA-1	5
asc.day0_CAGCATAGTCTCTCGT-1	1
asc.day0_CAGCATAGTGTTAAGA-1	4
asc.day0_CAGCATAGTTAAGATG-1	3
asc.day0_CAGCATAGTTACAGAA-1	1
asc.day0_CAGCATATCGCCAGCA-1	3
asc.day0_CAGCCGAAGCTCCCAG-1	3
asc.day0_CAGCCGAAGGAGTTTA-1	1
asc.day0_CAGCCGACAAACTGCT-1	5
asc.day0_CAGCCGACAAGGTTTC-1	1
asc.day0_CAGCCGACACCCATTC-1	3
asc.day0_CAGCCGACACTCGACG-1	4
asc.day0_CAGCCGACAGATGAGC-1	1
asc.day0_CAGCCGACAGCTCGCA-1	4
asc.day0_CAGCCGACAGTATAAG-1	3
asc.day0_CAGCCGAGTAGAAAGG-1	5
asc.day0_CAGCCGAGTCTCTCTG-1	3
asc.day0_CAGCCGAGTGGAAAGA-1	1
asc.day0_CAGCCGAGTTCAGGCC-1	3
asc.day0_CAGCCGATCACGAAGG-1	1
asc.day0_CAGCCGATCAGAGACG-1	5
asc.day0_CAGCCGATCCAGTATG-1	1
asc.day0_CAGCCGATCTGCGTAA-1	2
asc.day0_CAGCGACAGCGTAGTG-1	1
asc.day0_CAGCGACAGTGCTGCC-1	1
asc.day0_CAGCGACAGTGGACGT-1	3
asc.day0_CAGCGACCAACACCTA-1	4
asc.day0_CAGCGACCAAGGTTCT-1	3
asc.day0_CAGCGACCACACGCTG-1	6
asc.day0_CAGCGACCACATTAGC-1	2
asc.day0_CAGCGACCAGCCACCA-1	3
asc.day0_CAGCGACCAGCTTAAC-1	5
asc.day0_CAGCGACCATAAGACA-1	1
asc.day0_CAGCGACCATATGAGA-1	4
asc.day0_CAGCGACCATCGATGT-1	1
asc.day0_CAGCGACGTGGAAAGA-1	3
asc.day0_CAGCGACGTTTAAGCC-1	1
asc.day0_CAGCGACTCAGTTAGC-1	1
asc.day0_CAGCGACTCCTAGAAC-1	3
asc.day0_CAGCTAAAGACACGAC-1	2
asc.day0_CAGCTAAAGCTCCTCT-1	2
asc.day0_CAGCTAAAGCTTCGCG-1	2
asc.day0_CAGCTAAAGGCTAGGT-1	3
asc.day0_CAGCTAAAGGTGTGGT-1	4
asc.day0_CAGCTAAAGTACGCCC-1	3
asc.day0_CAGCTAACAAACGCGA-1	2
asc.day0_CAGCTAACAAAGTGCG-1	3
asc.day0_CAGCTAACAGAAGCAC-1	5
asc.day0_CAGCTAACAGGCAGTA-1	3
asc.day0_CAGCTAACATAGGATA-1	2
asc.day0_CAGCTAAGTAATTGGA-1	1
asc.day0_CAGCTAAGTCAACTGT-1	3
asc.day0_CAGCTAAGTCGCGTGT-1	4
asc.day0_CAGCTAAGTGCTAGCC-1	3
asc.day0_CAGCTAAGTGTAAGTA-1	5
asc.day0_CAGCTAAGTTACGTCA-1	2
asc.day0_CAGCTAATCGAATGGG-1	1
asc.day0_CAGCTAATCTATCCTA-1	3
asc.day0_CAGCTAATCTGATACG-1	1
asc.day0_CAGCTAATCTGTCTCG-1	1
asc.day0_CAGCTGGCAAACCCAT-1	3
asc.day0_CAGCTGGCACTTAACG-1	4
asc.day0_CAGCTGGGTAAACACA-1	3
asc.day0_CAGCTGGGTTACGCGC-1	1
asc.day0_CAGCTGGGTTCCAACA-1	3
asc.day0_CAGCTGGGTTGTCTTT-1	1
asc.day0_CAGCTGGTCAAGGCTT-1	3
asc.day0_CAGCTGGTCACTTCAT-1	3
asc.day0_CAGCTGGTCGTAGGAG-1	1
asc.day0_CAGGTGCAGACTACAA-1	1
asc.day0_CAGGTGCAGCCAGTAG-1	3
asc.day0_CAGGTGCAGCGCCTTG-1	3
asc.day0_CAGGTGCAGGATGCGT-1	4
asc.day0_CAGGTGCAGTGGAGTC-1	3
asc.day0_CAGGTGCCAAGCCTAT-1	1
asc.day0_CAGGTGCCAATTCCTT-1	5
asc.day0_CAGGTGCCACAGAGGT-1	1
asc.day0_CAGGTGCCAGATGGGT-1	2
asc.day0_CAGGTGCCAGGAATCG-1	3
asc.day0_CAGGTGCCAGGGTTAG-1	1
asc.day0_CAGGTGCCAGTTAACC-1	3
asc.day0_CAGGTGCCATTACCTT-1	1
asc.day0_CAGGTGCGTACCGAGA-1	3
asc.day0_CAGGTGCGTGTGCCTG-1	1
asc.day0_CAGGTGCGTTCCACTC-1	2
asc.day0_CAGGTGCTCATGTAGC-1	1
asc.day0_CAGTAACAGACGCAAC-1	3
asc.day0_CAGTAACAGATGTAAC-1	1
asc.day0_CAGTAACAGGTCATCT-1	4
asc.day0_CAGTAACAGTTTCCTT-1	3
asc.day0_CAGTAACCACGTCTCT-1	1
asc.day0_CAGTAACCAGTGGAGT-1	3
asc.day0_CAGTAACCATGACATC-1	1
asc.day0_CAGTAACGTAGAGGAA-1	3
asc.day0_CAGTAACGTAGTACCT-1	3
asc.day0_CAGTAACGTATCACCA-1	4
asc.day0_CAGTAACGTGGCAAAC-1	4
asc.day0_CAGTAACGTTAAGACA-1	1
asc.day0_CAGTAACTCACCCGAG-1	3
asc.day0_CAGTAACTCCCATTAT-1	5
asc.day0_CAGTAACTCTATCCCG-1	2
asc.day0_CAGTAACTCTATCGCC-1	1
asc.day0_CAGTAACTCTCCAACC-1	3
asc.day0_CAGTCCTAGAGGGCTT-1	3
asc.day0_CAGTCCTAGATGTCGG-1	4
asc.day0_CAGTCCTCAAAGCAAT-1	3
asc.day0_CAGTCCTCAAGCTGGA-1	3
asc.day0_CAGTCCTCAATCAGAA-1	3
asc.day0_CAGTCCTCATGACATC-1	3
asc.day0_CAGTCCTGTAAGTGTA-1	5
asc.day0_CAGTCCTGTAGTGAAT-1	3
asc.day0_CAGTCCTGTATAGGGC-1	3
asc.day0_CAGTCCTGTGCACCAC-1	1
asc.day0_CAGTCCTGTTACAGAA-1	2
asc.day0_CAGTCCTTCAGATAAG-1	2
asc.day0_CAGTCCTTCCTGCAGG-1	3
asc.day0_CAGTCCTTCGTTACGA-1	4
asc.day0_CATATGGAGACAAGCC-1	1
asc.day0_CATATGGAGGCTATCT-1	2
asc.day0_CATATGGAGGGCTCTC-1	1
asc.day0_CATATGGAGTCACGCC-1	1
asc.day0_CATATGGAGTCATCCA-1	3
asc.day0_CATATGGAGTGCGATG-1	3
asc.day0_CATATGGCAAAGTCAA-1	2
asc.day0_CATATGGCAATCGGTT-1	3
asc.day0_CATATGGCACCAGGCT-1	5
asc.day0_CATATGGCACTGTTAG-1	1
asc.day0_CATATGGCAGCAGTTT-1	4
asc.day0_CATATGGCATGGTCAT-1	1
asc.day0_CATATGGCATGTAGTC-1	4
asc.day0_CATATGGGTAGAAGGA-1	2
asc.day0_CATATGGGTCCTCCAT-1	1
asc.day0_CATATGGTCACAAACC-1	1
asc.day0_CATATGGTCACATAGC-1	3
asc.day0_CATATGGTCCTCATTA-1	1
asc.day0_CATATGGTCGCCATAA-1	5
asc.day0_CATATGGTCTGCTTGC-1	4
asc.day0_CATATGGTCTGTTGAG-1	1
asc.day0_CATATTCAGCCGATTT-1	3
asc.day0_CATATTCCAATAACGA-1	2
asc.day0_CATATTCCACCTGGTG-1	4
asc.day0_CATATTCCATCCGTGG-1	4
asc.day0_CATATTCCATGCGCAC-1	1
asc.day0_CATATTCGTAAATGTG-1	3
asc.day0_CATATTCGTATCGCAT-1	3
asc.day0_CATATTCGTCAACATC-1	3
asc.day0_CATATTCGTCCGCTGA-1	2
asc.day0_CATATTCGTCTCCACT-1	1
asc.day0_CATATTCGTTATCGGT-1	5
asc.day0_CATATTCGTTCCAACA-1	2
asc.day0_CATATTCTCAGTACGT-1	1
asc.day0_CATATTCTCCTAGGGC-1	3
asc.day0_CATATTCTCTATGTGG-1	3
asc.day0_CATCAAGAGACGCAAC-1	3
asc.day0_CATCAAGAGAGACGAA-1	1
asc.day0_CATCAAGAGATCCCAT-1	3
asc.day0_CATCAAGAGCGTGAGT-1	2
asc.day0_CATCAAGAGGCTCAGA-1	5
asc.day0_CATCAAGAGGGTGTGT-1	1
asc.day0_CATCAAGCAAGCCGTC-1	1
asc.day0_CATCAAGCACCGAATT-1	2
asc.day0_CATCAAGCACCTATCC-1	5
asc.day0_CATCAAGCAGACAAAT-1	2
asc.day0_CATCAAGCATCGTCGG-1	3
asc.day0_CATCAAGGTGCACGAA-1	1
asc.day0_CATCAAGGTTATGCGT-1	5
asc.day0_CATCAAGGTTGCTCCT-1	2
asc.day0_CATCAAGTCAGCGATT-1	2
asc.day0_CATCAAGTCCTCAACC-1	3
asc.day0_CATCAAGTCCTCGCAT-1	1
asc.day0_CATCAAGTCTATCGCC-1	3
asc.day0_CATCAAGTCTCTGCTG-1	1
asc.day0_CATCAGAAGAACTCGG-1	1
asc.day0_CATCAGAAGTCTCGGC-1	1
asc.day0_CATCAGAAGTCTTGCA-1	3
asc.day0_CATCAGAGTAAGGGAA-1	1
asc.day0_CATCAGAGTAAGTGTA-1	1
asc.day0_CATCAGAGTACGCACC-1	2
asc.day0_CATCAGAGTCATGCCG-1	3
asc.day0_CATCAGAGTCCGAATT-1	3
asc.day0_CATCAGAGTCGCGTGT-1	3
asc.day0_CATCAGAGTCTACCTC-1	2
asc.day0_CATCAGAGTGAGGGAG-1	3
asc.day0_CATCAGAGTGATGATA-1	3
asc.day0_CATCAGAGTGGTCTCG-1	3
asc.day0_CATCAGAGTTTGACTG-1	4
asc.day0_CATCAGATCACAACGT-1	1
asc.day0_CATCAGATCTTGCATT-1	2
asc.day0_CATCAGATCTTGTATC-1	1
asc.day0_CATCCACAGAGCTATA-1	5
asc.day0_CATCCACAGATGCGAC-1	4
asc.day0_CATCCACAGCTGATAA-1	1
asc.day0_CATCCACAGGCATGGT-1	2
asc.day0_CATCCACAGGGTTTCT-1	2
asc.day0_CATCCACCAAGCCGCT-1	3
asc.day0_CATCCACCACAAGTAA-1	1
asc.day0_CATCCACCACATAACC-1	1
asc.day0_CATCCACCACGGTAAG-1	2
asc.day0_CATCCACCAGCCTATA-1	5
asc.day0_CATCCACCAGGCTCAC-1	3
asc.day0_CATCCACGTGAGTATA-1	5
asc.day0_CATCCACGTGCTCTTC-1	3
asc.day0_CATCCACGTGTGCGTC-1	5
asc.day0_CATCCACGTTAAGTAG-1	2
asc.day0_CATCCACGTTGAACTC-1	1
asc.day0_CATCCACTCAGTTGAC-1	4
asc.day0_CATCCACTCCGGCACA-1	3
asc.day0_CATCCACTCCTAGAAC-1	1
asc.day0_CATCCACTCCTCGCAT-1	6
asc.day0_CATCCACTCTTGTCAT-1	3
asc.day0_CATCGAAAGATCGGGT-1	2
asc.day0_CATCGAAAGCGTCTAT-1	3
asc.day0_CATCGAAAGGGCATGT-1	5
asc.day0_CATCGAAAGTGACATA-1	5
asc.day0_CATCGAACAAGAGTCG-1	1
asc.day0_CATCGAACAAGTCTAC-1	4
asc.day0_CATCGAACAGATCCAT-1	3
asc.day0_CATCGAACAGCCACCA-1	1
asc.day0_CATCGAACAGTATCTG-1	1
asc.day0_CATCGAACATCACCCT-1	1
asc.day0_CATCGAAGTACACCGC-1	3
asc.day0_CATCGAAGTCGACTAT-1	4
asc.day0_CATCGAAGTCGATTGT-1	5
asc.day0_CATCGAAGTCTCTTAT-1	1
asc.day0_CATCGAATCACCCGAG-1	1
asc.day0_CATCGAATCCATGAAC-1	2
asc.day0_CATCGAATCCTATTCA-1	3
asc.day0_CATCGAATCCTTAATC-1	3
asc.day0_CATCGAATCGAGAACG-1	1
asc.day0_CATCGAATCTTACCTA-1	1
asc.day0_CATCGGGAGAAACCGC-1	4
asc.day0_CATCGGGAGCTTCGCG-1	1
asc.day0_CATCGGGAGTGTACCT-1	3
asc.day0_CATCGGGCACCGTTGG-1	4
asc.day0_CATCGGGCAGCCTTGG-1	4
asc.day0_CATCGGGCAGTGAGTG-1	1
asc.day0_CATCGGGCATCTACGA-1	6
asc.day0_CATCGGGGTCTCCATC-1	5
asc.day0_CATCGGGGTGCGAAAC-1	3
asc.day0_CATCGGGTCAGTTAGC-1	1
asc.day0_CATCGGGTCGGATGGA-1	2
asc.day0_CATGACAAGATGCCAG-1	1
asc.day0_CATGACAAGCGAAGGG-1	1
asc.day0_CATGACAAGGGTCTCC-1	5
asc.day0_CATGACAAGTCCCACG-1	4
asc.day0_CATGACAAGTCGAGTG-1	1
asc.day0_CATGACACAGAGCCAA-1	4
asc.day0_CATGACACAGATCGGA-1	2
asc.day0_CATGACACAGATGGCA-1	1
asc.day0_CATGACACAGGGTATG-1	4
asc.day0_CATGACACAGGTTTCA-1	3
asc.day0_CATGACACATAAAGGT-1	4
asc.day0_CATGACAGTAAAGGAG-1	5
asc.day0_CATGACAGTAGCGTGA-1	1
asc.day0_CATGACAGTTAAGGGC-1	2
asc.day0_CATGACAGTTACAGAA-1	1
asc.day0_CATGACATCCATGCTC-1	4
asc.day0_CATGACATCCCAAGTA-1	1
asc.day0_CATGCCTAGATAGGAG-1	3
asc.day0_CATGCCTCAAGAAGAG-1	4
asc.day0_CATGCCTCAAGCTGAG-1	1
asc.day0_CATGCCTCAATCTGCA-1	1
asc.day0_CATGCCTCACAGACAG-1	3
asc.day0_CATGCCTCACATGGGA-1	4
asc.day0_CATGCCTCACGCTTTC-1	2
asc.day0_CATGCCTCAGACGCCT-1	4
asc.day0_CATGCCTCAGCTTAAC-1	3
asc.day0_CATGCCTCATCGTCGG-1	3
asc.day0_CATGCCTCATGCATGT-1	5
asc.day0_CATGCCTGTATCAGTC-1	3
asc.day0_CATGCCTTCGCAAGCC-1	3
asc.day0_CATGCCTTCGTGACAT-1	5
asc.day0_CATGCCTTCTCTGTCG-1	1
asc.day0_CATGGCGAGAAGGGTA-1	5
asc.day0_CATGGCGAGACAATAC-1	1
asc.day0_CATGGCGAGTGCCATT-1	1
asc.day0_CATGGCGCAACTGCTA-1	1
asc.day0_CATGGCGCACCTCGTT-1	1
asc.day0_CATGGCGCAGTCTTCC-1	4
asc.day0_CATGGCGCATCGATGT-1	1
asc.day0_CATGGCGCATGTAAGA-1	2
asc.day0_CATGGCGGTAGCGTAG-1	1
asc.day0_CATGGCGGTATTAGCC-1	5
asc.day0_CATGGCGGTCCGAGTC-1	2
asc.day0_CATGGCGGTGACGCCT-1	4
asc.day0_CATGGCGGTGATAAAC-1	1
asc.day0_CATGGCGGTTAGATGA-1	2
asc.day0_CATGGCGGTTGGAGGT-1	4
asc.day0_CATGGCGTCTACTCAT-1	3
asc.day0_CATTATCAGACAGAGA-1	3
asc.day0_CATTATCAGACTAGGC-1	1
asc.day0_CATTATCAGATCCCGC-1	3
asc.day0_CATTATCAGGTAGCTG-1	4
asc.day0_CATTATCCAAGTACCT-1	3
asc.day0_CATTATCCATCGATGT-1	2
asc.day0_CATTATCGTAAGTTCC-1	1
asc.day0_CATTATCGTCACCCAG-1	4
asc.day0_CATTATCGTGCTCTTC-1	4
asc.day0_CATTATCGTTGAACTC-1	5
asc.day0_CATTATCTCATGCATG-1	1
asc.day0_CATTATCTCGCGGATC-1	1
asc.day0_CATTATCTCTGATACG-1	3
asc.day0_CATTATCTCTGGCGAC-1	3
asc.day0_CATTATCTCTGTCCGT-1	1
asc.day0_CATTATCTCTTCTGGC-1	3
asc.day0_CATTCGCAGATGTTAG-1	1
asc.day0_CATTCGCAGTGTGAAT-1	3
asc.day0_CATTCGCCAATTCCTT-1	1
asc.day0_CATTCGCCAGGCGATA-1	3
asc.day0_CATTCGCCAGTGACAG-1	3
asc.day0_CATTCGCCATGGTCTA-1	1
asc.day0_CATTCGCGTCCCTTGT-1	3
asc.day0_CATTCGCGTCGAATCT-1	4
asc.day0_CATTCGCGTGCAACTT-1	4
asc.day0_CATTCGCGTTAAAGAC-1	4
asc.day0_CATTCGCGTTCGGCAC-1	4
asc.day0_CATTCGCGTTTGGCGC-1	1
asc.day0_CATTCGCTCACAGTAC-1	1
asc.day0_CATTCGCTCACATAGC-1	1
asc.day0_CATTCGCTCTACTATC-1	1
asc.day0_CCAATCCAGCTAGGCA-1	4
asc.day0_CCAATCCAGGCACATG-1	3
asc.day0_CCAATCCCAAACTGTC-1	5
asc.day0_CCAATCCCAGGTTTCA-1	3
asc.day0_CCAATCCGTAATTGGA-1	3
asc.day0_CCAATCCGTCGAAAGC-1	2
asc.day0_CCAATCCGTCTACCTC-1	2
asc.day0_CCAATCCGTGTGTGCC-1	1
asc.day0_CCAATCCGTTCAGGCC-1	3
asc.day0_CCAATCCTCCCTCAGT-1	1
asc.day0_CCAATCCTCTGCTTGC-1	1
asc.day0_CCACCTAAGCCAGAAC-1	2
asc.day0_CCACCTAAGCGTTGCC-1	4
asc.day0_CCACCTAAGTAGATGT-1	2
asc.day0_CCACCTACACTTGGAT-1	4
asc.day0_CCACCTACAGATCGGA-1	1
asc.day0_CCACCTACAGCTGCAC-1	3
asc.day0_CCACCTACATTGGTAC-1	3
asc.day0_CCACCTAGTCTTCAAG-1	5
asc.day0_CCACCTAGTTATCACG-1	1
asc.day0_CCACCTATCCTCCTAG-1	2
asc.day0_CCACCTATCGGAAACG-1	3
asc.day0_CCACCTATCTTCTGGC-1	2
asc.day0_CCACGGAAGGTGGGTT-1	3
asc.day0_CCACGGAAGTGAAGAG-1	4
asc.day0_CCACGGAAGTGCTGCC-1	5
asc.day0_CCACGGAAGTTAACGA-1	3
asc.day0_CCACGGACAAGGTTCT-1	3
asc.day0_CCACGGACAATCAGAA-1	3
asc.day0_CCACGGACACGCCAGT-1	3
asc.day0_CCACGGACACGTAAGG-1	3
asc.day0_CCACGGAGTAGCCTAT-1	3
asc.day0_CCACGGAGTCTGATCA-1	1
asc.day0_CCACGGAGTGCACGAA-1	3
asc.day0_CCACGGAGTGCGGTAA-1	3
asc.day0_CCACGGATCAATAAGG-1	5
asc.day0_CCACGGATCCGAGCCA-1	3
asc.day0_CCACGGATCTGCAAGT-1	3
asc.day0_CCACTACAGACCCACC-1	3
asc.day0_CCACTACAGATGTAAC-1	3
asc.day0_CCACTACAGGATGGAA-1	3
asc.day0_CCACTACAGGTAGCCA-1	1
asc.day0_CCACTACAGTACGATA-1	3
asc.day0_CCACTACCAATGGAAT-1	4
asc.day0_CCACTACGTACAGTGG-1	4
asc.day0_CCACTACGTGCATCTA-1	3
asc.day0_CCACTACGTTGGAGGT-1	1
asc.day0_CCACTACTCAGCTCGG-1	1
asc.day0_CCACTACTCCGCATCT-1	4
asc.day0_CCACTACTCGAACGGA-1	1
asc.day0_CCACTACTCGCACTCT-1	3
asc.day0_CCACTACTCGCCTGAG-1	4
asc.day0_CCACTACTCTTTAGTC-1	3
asc.day0_CCAGCGAAGCACCGTC-1	1
asc.day0_CCAGCGAAGCCACCTG-1	5
asc.day0_CCAGCGAAGGCGTACA-1	3
asc.day0_CCAGCGAAGTCGTACT-1	1
asc.day0_CCAGCGACAATCCAAC-1	3
asc.day0_CCAGCGACAATGTTGC-1	3
asc.day0_CCAGCGACACCCATGG-1	4
asc.day0_CCAGCGACAGGGTTAG-1	1
asc.day0_CCAGCGACAGTATAAG-1	5
asc.day0_CCAGCGAGTACAGTGG-1	2
asc.day0_CCAGCGAGTGAGTGAC-1	3
asc.day0_CCAGCGAGTTCTGAAC-1	2
asc.day0_CCAGCGAGTTGAGTTC-1	1
asc.day0_CCAGCGATCATAGCAC-1	1
asc.day0_CCAGCGATCCAGTATG-1	1
asc.day0_CCAGCGATCGACAGCC-1	5
asc.day0_CCAGCGATCGCCGTGA-1	6
asc.day0_CCAGCGATCGTACGGC-1	3
asc.day0_CCAGCGATCTACCAGA-1	1
asc.day0_CCAGCGATCTTCCTTC-1	2
asc.day0_CCATGTCAGACAAAGG-1	1
asc.day0_CCATGTCAGATCCCAT-1	2
asc.day0_CCATGTCAGCATCATC-1	1
asc.day0_CCATGTCAGCTAGTCT-1	2
asc.day0_CCATGTCAGCTGCCCA-1	3
asc.day0_CCATGTCAGTATCTCG-1	4
asc.day0_CCATGTCCAATGGAAT-1	2
asc.day0_CCATGTCCACCACCAG-1	3
asc.day0_CCATGTCCAGTAAGCG-1	3
asc.day0_CCATGTCCATCACAAC-1	3
asc.day0_CCATGTCCATGCCTAA-1	3
asc.day0_CCATGTCGTACATGTC-1	1
asc.day0_CCATGTCGTCAGTGGA-1	2
asc.day0_CCATGTCGTGTAACGG-1	5
asc.day0_CCATGTCTCAGCTCTC-1	1
asc.day0_CCATGTCTCTGTCTAT-1	1
asc.day0_CCATTCGAGAGCTGCA-1	2
asc.day0_CCATTCGAGCAGCCTC-1	3
asc.day0_CCATTCGAGGATGCGT-1	3
asc.day0_CCATTCGAGGCTCAGA-1	1
asc.day0_CCATTCGAGTCGATAA-1	1
asc.day0_CCATTCGAGTGTTAGA-1	3
asc.day0_CCATTCGCAAACGCGA-1	4
asc.day0_CCATTCGCAAGAGGCT-1	4
asc.day0_CCATTCGCAGTCTTCC-1	5
asc.day0_CCATTCGCATATGGTC-1	4
asc.day0_CCATTCGGTCAAAGAT-1	1
asc.day0_CCATTCGGTCCCTTGT-1	3
asc.day0_CCATTCGGTCCGAGTC-1	4
asc.day0_CCATTCGGTGAAAGAG-1	1
asc.day0_CCATTCGGTGGCCCTA-1	3
asc.day0_CCATTCGGTTCCACGG-1	4
asc.day0_CCATTCGTCACAGGCC-1	3
asc.day0_CCATTCGTCATTATCC-1	2
asc.day0_CCATTCGTCCAAAGTC-1	7
asc.day0_CCCAATCAGTGACTCT-1	3
asc.day0_CCCAATCCAATGCCAT-1	5
asc.day0_CCCAATCCACGAGGTA-1	1
asc.day0_CCCAATCCATGCAACT-1	1
asc.day0_CCCAATCCATTTGCCC-1	4
asc.day0_CCCAATCGTCTGGTCG-1	1
asc.day0_CCCAATCGTTATGTGC-1	6
asc.day0_CCCAATCTCCCTAACC-1	1
asc.day0_CCCAATCTCGTTACGA-1	3
asc.day0_CCCAATCTCTGCGACG-1	1
asc.day0_CCCAATCTCTTGCAAG-1	3
asc.day0_CCCAGTTAGAAGATTC-1	5
asc.day0_CCCAGTTCAGCATACT-1	4
asc.day0_CCCAGTTTCCCTCTTT-1	3
asc.day0_CCCAGTTTCCGCGGTA-1	1
asc.day0_CCCAGTTTCCGTCATC-1	1
asc.day0_CCCAGTTTCGTGGGAA-1	3
asc.day0_CCCATACAGCGCTTAT-1	1
asc.day0_CCCATACAGTACGCGA-1	1
asc.day0_CCCATACAGTATTGGA-1	1
asc.day0_CCCATACAGTGGACGT-1	3
asc.day0_CCCATACCAAGTTAAG-1	5
asc.day0_CCCATACCAGCCTATA-1	3
asc.day0_CCCATACCATAGTAAG-1	1
asc.day0_CCCATACCATTCTTAC-1	7
asc.day0_CCCATACGTACCGAGA-1	3
asc.day0_CCCATACGTACCGGCT-1	3
asc.day0_CCCATACGTCCCGACA-1	3
asc.day0_CCCATACGTTAAGATG-1	1
asc.day0_CCCATACGTTCAGACT-1	3
asc.day0_CCCATACTCCCTTGTG-1	1
asc.day0_CCCATACTCTAACTGG-1	3
asc.day0_CCCATACTCTGCGTAA-1	4
asc.day0_CCCTCCTAGCTGATAA-1	1
asc.day0_CCCTCCTAGCTTCGCG-1	4
asc.day0_CCCTCCTAGTTGTAGA-1	3
asc.day0_CCCTCCTCACGGCCAT-1	3
asc.day0_CCCTCCTCAGCGTTCG-1	1
asc.day0_CCCTCCTCATCCGTGG-1	2
asc.day0_CCCTCCTCATTCTCAT-1	3
asc.day0_CCCTCCTGTATTCTCT-1	1
asc.day0_CCCTCCTGTCTCCCTA-1	3
asc.day0_CCCTCCTGTTATCACG-1	3
asc.day0_CCCTCCTGTTGTACAC-1	2
asc.day0_CCCTCCTTCCATGAGT-1	1
asc.day0_CCGGGATAGGCAGTCA-1	1
asc.day0_CCGGGATAGGTGCACA-1	5
asc.day0_CCGGGATAGTCTCCTC-1	1
asc.day0_CCGGGATCAGAAGCAC-1	3
asc.day0_CCGGGATCAGTAGAGC-1	4
asc.day0_CCGGGATCATCACGTA-1	3
asc.day0_CCGGGATCATGGAATA-1	3
asc.day0_CCGGGATGTAAGGATT-1	4
asc.day0_CCGGGATGTCTCTCGT-1	3
asc.day0_CCGGGATGTCTGATCA-1	1
asc.day0_CCGGGATGTCTGGTCG-1	3
asc.day0_CCGGGATGTTTCGCTC-1	4
asc.day0_CCGGTAGAGTAATCCC-1	4
asc.day0_CCGGTAGAGTGCGATG-1	5
asc.day0_CCGGTAGCAAGCTGGA-1	1
asc.day0_CCGGTAGCAATTCCTT-1	2
asc.day0_CCGGTAGCACGAAACG-1	4
asc.day0_CCGGTAGCAGGGAGAG-1	3
asc.day0_CCGGTAGCATATACGC-1	3
asc.day0_CCGGTAGCATCTCGCT-1	3
asc.day0_CCGGTAGGTAGTACCT-1	3
asc.day0_CCGGTAGGTCGCATAT-1	1
asc.day0_CCGGTAGGTGACGCCT-1	3
asc.day0_CCGGTAGGTGGTGTAG-1	3
asc.day0_CCGGTAGGTTCACGGC-1	1
asc.day0_CCGGTAGTCGCCTGAG-1	2
asc.day0_CCGGTAGTCGTCCGTT-1	3
asc.day0_CCGGTAGTCTGCCAGG-1	3
asc.day0_CCGTACTAGACAGAGA-1	1
asc.day0_CCGTACTAGAGTACCG-1	3
asc.day0_CCGTACTAGCTAGTCT-1	1
asc.day0_CCGTACTAGCTAGTTC-1	5
asc.day0_CCGTACTAGGCGATAC-1	1
asc.day0_CCGTACTAGTCTTGCA-1	3
asc.day0_CCGTACTCAGATGGCA-1	1
asc.day0_CCGTACTCAGCAGTTT-1	3
asc.day0_CCGTACTGTCGAAAGC-1	1
asc.day0_CCGTACTGTGAGGGAG-1	3
asc.day0_CCGTACTGTGTGGCTC-1	4
asc.day0_CCGTACTTCACCGTAA-1	1
asc.day0_CCGTACTTCAGGTTCA-1	4
asc.day0_CCGTACTTCATCACCC-1	1
asc.day0_CCGTACTTCCAGTATG-1	1
asc.day0_CCGTACTTCGACCAGC-1	1
asc.day0_CCGTGGAAGCAAATCA-1	4
asc.day0_CCGTGGAAGGTGTGGT-1	4
asc.day0_CCGTGGAAGTCCGTAT-1	3
asc.day0_CCGTGGAAGTGCCAGA-1	1
asc.day0_CCGTGGACAAATACAG-1	4
asc.day0_CCGTGGACACAGACTT-1	4
asc.day0_CCGTGGACAGATGGGT-1	1
asc.day0_CCGTGGACAGGAATCG-1	3
asc.day0_CCGTGGACAGTAGAGC-1	3
asc.day0_CCGTGGAGTTTGGGCC-1	3
asc.day0_CCGTGGATCAGGCGAA-1	4
asc.day0_CCGTGGATCATGGTCA-1	4
asc.day0_CCGTGGATCGCACTCT-1	1
asc.day0_CCGTGGATCTAGAGTC-1	1
asc.day0_CCGTGGATCTGAGTGT-1	1
asc.day0_CCGTGGATCTTGACGA-1	1
asc.day0_CCGTTCAAGAAGGCCT-1	3
asc.day0_CCGTTCAAGACTTTCG-1	3
asc.day0_CCGTTCAAGCATGGCA-1	3
asc.day0_CCGTTCAAGGTGGGTT-1	3
asc.day0_CCGTTCAAGTATCTCG-1	1
asc.day0_CCGTTCACAAGCTGAG-1	1
asc.day0_CCGTTCACACCGTTGG-1	3
asc.day0_CCGTTCACACTAAGTC-1	4
asc.day0_CCGTTCACAGATGAGC-1	3
asc.day0_CCGTTCACATGTAGTC-1	3
asc.day0_CCGTTCAGTCGCCATG-1	2
asc.day0_CCGTTCAGTCTGGAGA-1	3
asc.day0_CCGTTCAGTTAAGTAG-1	3
asc.day0_CCGTTCAGTTGGAGGT-1	3
asc.day0_CCGTTCAGTTTACTCT-1	4
asc.day0_CCGTTCATCAAACAAG-1	2
asc.day0_CCGTTCATCATGTAGC-1	4
asc.day0_CCGTTCATCCAAGTAC-1	2
asc.day0_CCGTTCATCCTCAATT-1	2
asc.day0_CCTAAAGAGGCTACGA-1	4
asc.day0_CCTAAAGAGGCTAGGT-1	1
asc.day0_CCTAAAGAGTAGCCGA-1	3
asc.day0_CCTAAAGAGTCCCACG-1	3
asc.day0_CCTAAAGAGTCTCAAC-1	5
asc.day0_CCTAAAGCAATAGCGG-1	1
asc.day0_CCTAAAGCACCACGTG-1	1
asc.day0_CCTAAAGCACGGTTTA-1	2
asc.day0_CCTAAAGCACTTAAGC-1	4
asc.day0_CCTAAAGCATCGGGTC-1	3
asc.day0_CCTAAAGGTAAGAGGA-1	1
asc.day0_CCTAAAGGTACCGTAT-1	1
asc.day0_CCTAAAGGTCCGAACC-1	1
asc.day0_CCTAAAGGTGATGATA-1	1
asc.day0_CCTAAAGGTTCCACAA-1	1
asc.day0_CCTAAAGTCAACACGT-1	3
asc.day0_CCTAAAGTCTCTTATG-1	1
asc.day0_CCTACACAGTCCAGGA-1	1
asc.day0_CCTACACAGTTATCGC-1	1
asc.day0_CCTACACCACTGAAGG-1	3
asc.day0_CCTACACCAGCTCCGA-1	3
asc.day0_CCTACACCATGCCACG-1	1
asc.day0_CCTACACGTACCGGCT-1	3
asc.day0_CCTACACGTAGGAGTC-1	1
asc.day0_CCTACACGTCAGATAA-1	2
asc.day0_CCTACACGTCATATGC-1	3
asc.day0_CCTACACGTCTCTCGT-1	3
asc.day0_CCTACACGTGCAGGTA-1	3
asc.day0_CCTACACTCAAACGGG-1	5
asc.day0_CCTACACTCAGCAACT-1	1
asc.day0_CCTACACTCAGGTAAA-1	3
asc.day0_CCTACACTCAGGTTCA-1	1
asc.day0_CCTACACTCCCATTTA-1	3
asc.day0_CCTACACTCGCAAGCC-1	1
asc.day0_CCTACACTCTGATACG-1	1
asc.day0_CCTACACTCTTGCAAG-1	1
asc.day0_CCTACCAAGATAGGAG-1	1
asc.day0_CCTACCAAGCCTATGT-1	2
asc.day0_CCTACCACAACTGCGC-1	2
asc.day0_CCTACCACACCGAATT-1	2
asc.day0_CCTACCACACCTCGGA-1	1
asc.day0_CCTACCACAGTATCTG-1	3
asc.day0_CCTACCACATGGTCTA-1	1
asc.day0_CCTACCAGTACCCAAT-1	3
asc.day0_CCTACCAGTCTGCCAG-1	1
asc.day0_CCTACCAGTGACAAAT-1	4
asc.day0_CCTACCAGTGACGCCT-1	4
asc.day0_CCTACCAGTGTGACCC-1	2
asc.day0_CCTACCAGTTATGTGC-1	5
asc.day0_CCTACCATCCGAACGC-1	1
asc.day0_CCTACCATCGACAGCC-1	1
asc.day0_CCTACCATCGCAGGCT-1	1
asc.day0_CCTAGCTAGGTTACCT-1	1
asc.day0_CCTAGCTCAAGCCGCT-1	4
asc.day0_CCTAGCTGTCGCATCG-1	1
asc.day0_CCTAGCTGTCTAGGTT-1	7
asc.day0_CCTAGCTTCGCGCCAA-1	5
asc.day0_CCTAGCTTCTTGCCGT-1	3
asc.day0_CCTATTAAGAGACGAA-1	4
asc.day0_CCTATTAAGCATGGCA-1	3
asc.day0_CCTATTAAGCGCCTTG-1	2
asc.day0_CCTATTAAGTACTTGC-1	3
asc.day0_CCTATTACACTGTGTA-1	3
asc.day0_CCTATTACAGCTGCTG-1	1
asc.day0_CCTATTAGTACAGCAG-1	4
asc.day0_CCTATTAGTCTAGTCA-1	2
asc.day0_CCTATTAGTCTTTCAT-1	1
asc.day0_CCTATTAGTGAAGGCT-1	4
asc.day0_CCTATTAGTGCAACTT-1	1
asc.day0_CCTATTAGTTAAGGGC-1	3
asc.day0_CCTATTAGTTAAGTAG-1	1
asc.day0_CCTATTATCACCTTAT-1	1
asc.day0_CCTATTATCCAAGCCG-1	3
asc.day0_CCTATTATCCCTCTTT-1	3
asc.day0_CCTATTATCTAAGCCA-1	2
asc.day0_CCTCAGTAGCTCCCAG-1	1
asc.day0_CCTCAGTAGTAGGCCA-1	1
asc.day0_CCTCAGTAGTGGGATC-1	4
asc.day0_CCTCAGTCAAACCCAT-1	4
asc.day0_CCTCAGTCAGGACGTA-1	4
asc.day0_CCTCAGTCAGGTTTCA-1	3
asc.day0_CCTCAGTCATGCCTTC-1	3
asc.day0_CCTCAGTCATTCTTAC-1	4
asc.day0_CCTCAGTGTACAAGTA-1	1
asc.day0_CCTCAGTGTGCTCTTC-1	1
asc.day0_CCTCAGTGTGTGACCC-1	1
asc.day0_CCTCAGTGTTACGCGC-1	4
asc.day0_CCTCAGTGTTCCGTCT-1	3
asc.day0_CCTCAGTTCACTTCAT-1	3
asc.day0_CCTCAGTTCCGTTGCT-1	1
asc.day0_CCTCAGTTCTCCAGGG-1	2
asc.day0_CCTCAGTTCTTGTTTG-1	3
asc.day0_CCTCTGAAGAAGGCCT-1	3
asc.day0_CCTCTGAAGAAGGTTT-1	2
asc.day0_CCTCTGAAGACCTAGG-1	3
asc.day0_CCTCTGAAGATGCCAG-1	1
asc.day0_CCTCTGAAGCAGACTG-1	3
asc.day0_CCTCTGAAGCGTTCCG-1	1
asc.day0_CCTCTGAAGGAGTTTA-1	3
asc.day0_CCTCTGAAGGCATGTG-1	1
asc.day0_CCTCTGAAGTGTCTCA-1	1
asc.day0_CCTCTGACAAATACAG-1	1
asc.day0_CCTCTGACACGAAATA-1	3
asc.day0_CCTCTGACATGCTGGC-1	2
asc.day0_CCTCTGACATTACGAC-1	3
asc.day0_CCTCTGACATTCCTCG-1	3
asc.day0_CCTCTGAGTAATCACC-1	1
asc.day0_CCTCTGAGTCACTGGC-1	3
asc.day0_CCTCTGAGTCGAACAG-1	3
asc.day0_CCTCTGAGTCTAAACC-1	4
asc.day0_CCTCTGAGTGATGTCT-1	1
asc.day0_CCTCTGAGTGTCGCTG-1	1
asc.day0_CCTCTGAGTTGGTAAA-1	4
asc.day0_CCTCTGATCAACGAAA-1	3
asc.day0_CCTTACGAGAGAGCTC-1	3
asc.day0_CCTTACGAGCCTCGTG-1	1
asc.day0_CCTTACGAGGCTCAGA-1	1
asc.day0_CCTTACGAGTTTCCTT-1	1
asc.day0_CCTTACGCAAGAAAGG-1	2
asc.day0_CCTTACGCACCAGCAC-1	3
asc.day0_CCTTACGCACTATCTT-1	1
asc.day0_CCTTACGCAGCTTAAC-1	5
asc.day0_CCTTACGCAGGTCTCG-1	1
asc.day0_CCTTACGCAGTAAGCG-1	1
asc.day0_CCTTACGGTACAGTTC-1	1
asc.day0_CCTTACGGTCGACTAT-1	5
asc.day0_CCTTACGTCATCGCTC-1	5
asc.day0_CCTTACGTCGGCGCAT-1	3
asc.day0_CCTTCCCAGTATCTCG-1	3
asc.day0_CCTTCCCCAAGGGTCA-1	2
asc.day0_CCTTCCCCACGACTCG-1	4
asc.day0_CCTTCCCCAGCGTAAG-1	5
asc.day0_CCTTCCCCATCGGACC-1	3
asc.day0_CCTTCCCCATGCAATC-1	4
asc.day0_CCTTCCCCATTTCAGG-1	3
asc.day0_CCTTCCCGTGAACCTT-1	1
asc.day0_CCTTCCCGTTGAGGTG-1	1
asc.day0_CCTTCCCTCACTTCAT-1	1
asc.day0_CCTTCCCTCCGTACAA-1	1
asc.day0_CCTTCCCTCTGAGGGA-1	3
asc.day0_CCTTCGAAGACAATAC-1	2
asc.day0_CCTTCGAAGCCACGTC-1	1
asc.day0_CCTTCGAAGCTAGTGG-1	1
asc.day0_CCTTCGAAGGCGTACA-1	3
asc.day0_CCTTCGACATCAGTAC-1	1
asc.day0_CCTTCGAGTAAACCTC-1	4
asc.day0_CCTTCGAGTCCAACTA-1	3
asc.day0_CCTTCGAGTCGAGATG-1	3
asc.day0_CCTTCGAGTGATGCCC-1	3
asc.day0_CCTTCGATCTAACTCT-1	3
asc.day0_CCTTTCTAGCCTATGT-1	3
asc.day0_CCTTTCTAGTTACGGG-1	1
asc.day0_CCTTTCTCAAACCCAT-1	3
asc.day0_CCTTTCTCAAGAGTCG-1	1
asc.day0_CCTTTCTCATATGAGA-1	4
asc.day0_CCTTTCTCATCTCCCA-1	2
asc.day0_CCTTTCTGTACCCAAT-1	3
asc.day0_CCTTTCTGTCATATCG-1	2
asc.day0_CCTTTCTGTCCGAATT-1	5
asc.day0_CCTTTCTGTTCCATGA-1	1
asc.day0_CCTTTCTTCAATCACG-1	5
asc.day0_CCTTTCTTCATTGCGA-1	3
asc.day0_CCTTTCTTCCACGCAG-1	2
asc.day0_CCTTTCTTCTACGAGT-1	2
asc.day0_CCTTTCTTCTCCAGGG-1	3
asc.day0_CCTTTCTTCTCGTATT-1	3
asc.day0_CGAACATAGCCAGAAC-1	3
asc.day0_CGAACATAGCTGAAAT-1	3
asc.day0_CGAACATAGGCCCGTT-1	3
asc.day0_CGAACATAGGCTCATT-1	3
asc.day0_CGAACATAGTGACATA-1	5
asc.day0_CGAACATCATAAAGGT-1	4
asc.day0_CGAACATCATTACCTT-1	5
asc.day0_CGAACATCATTCGACA-1	4
asc.day0_CGAACATCATTGTGCA-1	5
asc.day0_CGAACATGTAAACGCG-1	3
asc.day0_CGAACATGTATATGGA-1	1
asc.day0_CGAACATGTCATGCCG-1	1
asc.day0_CGAACATGTCTGGAGA-1	5
asc.day0_CGAACATGTTGATTGC-1	2
asc.day0_CGAACATTCAACACTG-1	2
asc.day0_CGAACATTCCGCTGTT-1	2
asc.day0_CGAATGTCACATGGGA-1	4
asc.day0_CGAATGTCACGGATAG-1	3
asc.day0_CGAATGTCAGAGCCAA-1	1
asc.day0_CGAATGTCAGCGTCCA-1	4
asc.day0_CGAATGTGTTCCCGAG-1	3
asc.day0_CGAATGTTCAATACCG-1	1
asc.day0_CGAATGTTCCCTTGTG-1	2
asc.day0_CGAATGTTCCTAGTGA-1	3
asc.day0_CGAATGTTCTGGTATG-1	2
asc.day0_CGACCTTAGACACGAC-1	1
asc.day0_CGACCTTAGGGTCGAT-1	3
asc.day0_CGACCTTAGTCCTCCT-1	3
asc.day0_CGACCTTCAAAGTCAA-1	4
asc.day0_CGACCTTCAAGACGTG-1	3
asc.day0_CGACCTTCAGACGTAG-1	2
asc.day0_CGACCTTCAGATGAGC-1	3
asc.day0_CGACCTTCAGGGATTG-1	3
asc.day0_CGACCTTCATTGTGCA-1	1
asc.day0_CGACCTTGTAGCTTGT-1	3
asc.day0_CGACCTTGTAGGAGTC-1	2
asc.day0_CGACCTTGTCAACATC-1	3
asc.day0_CGACCTTGTGAAAGAG-1	4
asc.day0_CGACCTTGTGTCAATC-1	1
asc.day0_CGACCTTTCCAGAGGA-1	3
asc.day0_CGACCTTTCCTCCTAG-1	3
asc.day0_CGACCTTTCGGATGGA-1	3
asc.day0_CGACCTTTCGTTTAGG-1	1
asc.day0_CGACCTTTCTGGGCCA-1	3
asc.day0_CGACTTCAGAGGACGG-1	2
asc.day0_CGACTTCAGCGAGAAA-1	2
asc.day0_CGACTTCAGTGGGCTA-1	2
asc.day0_CGACTTCAGTGTTTGC-1	4
asc.day0_CGACTTCCAAGCCCAC-1	1
asc.day0_CGACTTCCATTAGCCA-1	2
asc.day0_CGACTTCGTATAGGGC-1	2
asc.day0_CGACTTCGTCATATCG-1	4
asc.day0_CGACTTCGTTCGTCTC-1	3
asc.day0_CGACTTCTCATCGATG-1	2
asc.day0_CGACTTCTCATCTGTT-1	1
asc.day0_CGACTTCTCGTCGTTC-1	3
asc.day0_CGAGAAGAGATATACG-1	3
asc.day0_CGAGAAGAGGAGCGTT-1	3
asc.day0_CGAGAAGCAACTGCTA-1	2
asc.day0_CGAGAAGCAGTATCTG-1	3
asc.day0_CGAGAAGCATGTAAGA-1	3
asc.day0_CGAGAAGGTGCAACTT-1	1
asc.day0_CGAGAAGGTGGTGTAG-1	3
asc.day0_CGAGAAGGTTAAGAAC-1	3
asc.day0_CGAGAAGTCACCGGGT-1	3
asc.day0_CGAGAAGTCACGATGT-1	1
asc.day0_CGAGAAGTCAGTTAGC-1	4
asc.day0_CGAGAAGTCATAGCAC-1	3
asc.day0_CGAGAAGTCATCGATG-1	3
asc.day0_CGAGAAGTCCACTGGG-1	1
asc.day0_CGAGAAGTCGTGGACC-1	3
asc.day0_CGAGAAGTCTCAACTT-1	4
asc.day0_CGAGCACAGAACAACT-1	1
asc.day0_CGAGCACCACTTCGAA-1	3
asc.day0_CGAGCACCATAGGATA-1	4
asc.day0_CGAGCACCATCCCATC-1	1
asc.day0_CGAGCACCATCCGCGA-1	1
asc.day0_CGAGCACGTAAATGAC-1	1
asc.day0_CGAGCACGTAGCACGA-1	3
asc.day0_CGAGCACGTCAAAGAT-1	3
asc.day0_CGAGCACGTCGAATCT-1	3
asc.day0_CGAGCACGTCGCTTTC-1	1
asc.day0_CGAGCACGTGGAAAGA-1	5
asc.day0_CGAGCACGTTGAGTTC-1	3
asc.day0_CGAGCACTCCACGCAG-1	3
asc.day0_CGAGCACTCGTGACAT-1	1
asc.day0_CGAGCCAAGATGGGTC-1	1
asc.day0_CGAGCCAAGCGGCTTC-1	1
asc.day0_CGAGCCAAGTTGAGAT-1	3
asc.day0_CGAGCCAAGTTGTAGA-1	2
asc.day0_CGAGCCACAAACGTGG-1	2
asc.day0_CGAGCCACACAACTGT-1	1
asc.day0_CGAGCCACACGGATAG-1	3
asc.day0_CGAGCCACAGGTCCAC-1	1
asc.day0_CGAGCCACATGGGACA-1	3
asc.day0_CGAGCCAGTCAAAGAT-1	1
asc.day0_CGAGCCAGTCTGATTG-1	3
asc.day0_CGAGCCAGTGACGCCT-1	2
asc.day0_CGAGCCAGTGGCCCTA-1	3
asc.day0_CGAGCCAGTGTAACGG-1	4
asc.day0_CGAGCCAGTTGAGTTC-1	5
asc.day0_CGAGCCATCAAACGGG-1	3
asc.day0_CGAGCCATCACAAACC-1	3
asc.day0_CGAGCCATCACTGGGC-1	1
asc.day0_CGAGCCATCCCTCAGT-1	2
asc.day0_CGAGCCATCCGCAAGC-1	5
asc.day0_CGAGCCATCCTATTCA-1	4
asc.day0_CGAGCCATCCTTGACC-1	4
asc.day0_CGAGCCATCGGAAACG-1	1
asc.day0_CGATCGGAGATCTGCT-1	3
asc.day0_CGATCGGAGCTAGTGG-1	3
asc.day0_CGATCGGAGTAAGTAC-1	3
asc.day0_CGATCGGCAGCTATTG-1	1
asc.day0_CGATCGGCATACTCTT-1	7
asc.day0_CGATCGGCATGTTGAC-1	2
asc.day0_CGATCGGGTACAAGTA-1	3
asc.day0_CGATCGGGTCTTCGTC-1	3
asc.day0_CGATCGGGTTACGTCA-1	4
asc.day0_CGATCGGGTTTGTTGG-1	2
asc.day0_CGATCGGGTTTGTTTC-1	1
asc.day0_CGATCGGTCAACTCTT-1	1
asc.day0_CGATCGGTCAGTTGAC-1	1
asc.day0_CGATCGGTCCGTCAAA-1	1
asc.day0_CGATCGGTCCTCAATT-1	5
asc.day0_CGATGGCAGACAGGCT-1	6
asc.day0_CGATGGCAGATGTGTA-1	2
asc.day0_CGATGGCAGCGTAGTG-1	2
asc.day0_CGATGGCAGTTATCGC-1	1
asc.day0_CGATGGCCAATCGAAA-1	4
asc.day0_CGATGGCCACAACGTT-1	4
asc.day0_CGATGGCCAGAAGCAC-1	3
asc.day0_CGATGGCCAGACGTAG-1	1
asc.day0_CGATGGCCAGTCGATT-1	1
asc.day0_CGATGGCCATTACCTT-1	3
asc.day0_CGATGGCCATTGAGCT-1	1
asc.day0_CGATGGCGTAAGGGAA-1	1
asc.day0_CGATGGCGTCAAAGAT-1	4
asc.day0_CGATGGCGTTGTCGCG-1	1
asc.day0_CGATGGCTCACAACGT-1	1
asc.day0_CGATGGCTCCTAGTGA-1	3
asc.day0_CGATGGCTCGCCGTGA-1	6
asc.day0_CGATGGCTCTGCGGCA-1	1
asc.day0_CGATGTACAATACGCT-1	4
asc.day0_CGATGTACAGTCGTGC-1	1
asc.day0_CGATGTACAGTGGGAT-1	1
asc.day0_CGATGTACATGAGCGA-1	1
asc.day0_CGATGTAGTATGAAAC-1	3
asc.day0_CGATGTAGTATGCTTG-1	1
asc.day0_CGATGTAGTATTAGCC-1	4
asc.day0_CGATGTATCAACACTG-1	4
asc.day0_CGATGTATCAGTACGT-1	1
asc.day0_CGATTGAAGAGCCCAA-1	1
asc.day0_CGATTGAAGCAGCGTA-1	5
asc.day0_CGATTGAAGGGAACGG-1	3
asc.day0_CGATTGAAGTAGCGGT-1	3
asc.day0_CGATTGAAGTGCGATG-1	4
asc.day0_CGATTGAAGTTCGCAT-1	3
asc.day0_CGATTGACAAGCTGGA-1	1
asc.day0_CGATTGACAAGTACCT-1	3
asc.day0_CGATTGACACAGCGTC-1	2
asc.day0_CGATTGACAGCGTCCA-1	3
asc.day0_CGATTGACAGCGTTCG-1	4
asc.day0_CGATTGACAGGGTACA-1	3
asc.day0_CGATTGACATACCATG-1	3
asc.day0_CGATTGACATTTCACT-1	5
asc.day0_CGATTGAGTCCATGAT-1	4
asc.day0_CGATTGAGTGATGTGG-1	1
asc.day0_CGATTGAGTTACAGAA-1	4
asc.day0_CGATTGATCAGCTTAG-1	2
asc.day0_CGATTGATCCGTTGCT-1	3
asc.day0_CGATTGATCGTACGGC-1	3
asc.day0_CGATTGATCTTCGAGA-1	1
asc.day0_CGCCAAGAGACAGACC-1	3
asc.day0_CGCCAAGAGCTGTCTA-1	3
asc.day0_CGCCAAGAGTACGATA-1	4
asc.day0_CGCCAAGAGTGAAGTT-1	3
asc.day0_CGCCAAGCAAGTCATC-1	4
asc.day0_CGCCAAGCATCCTAGA-1	3
asc.day0_CGCCAAGCATTGGGCC-1	1
asc.day0_CGCCAAGGTATATGGA-1	1
asc.day0_CGCCAAGGTCTTCAAG-1	4
asc.day0_CGCCAAGGTGATGTGG-1	3
asc.day0_CGCCAAGTCCTATGTT-1	1
asc.day0_CGCCAAGTCCTCGCAT-1	5
asc.day0_CGCCAAGTCCTGCCAT-1	4
asc.day0_CGCCAAGTCGAATGGG-1	5
asc.day0_CGCCAAGTCTTGTCAT-1	1
asc.day0_CGCGGTAAGATGAGAG-1	1
asc.day0_CGCGGTACAAGGACTG-1	3
asc.day0_CGCGGTACACATTAGC-1	5
asc.day0_CGCGGTACACCTATCC-1	5
asc.day0_CGCGGTACAGCAGTTT-1	6
asc.day0_CGCGGTACAGCCTTTC-1	3
asc.day0_CGCGGTACATCCAACA-1	4
asc.day0_CGCGGTACATCGGTTA-1	4
asc.day0_CGCGGTACATGAAGTA-1	3
asc.day0_CGCGGTAGTAGAAAGG-1	4
asc.day0_CGCGGTAGTCACACGC-1	4
asc.day0_CGCGGTAGTCCAGTGC-1	3
asc.day0_CGCGGTAGTGTCTGAT-1	4
asc.day0_CGCGGTAGTTAGAACA-1	1
asc.day0_CGCGGTATCAAAGTAG-1	4
asc.day0_CGCGGTATCAATAAGG-1	3
asc.day0_CGCGGTATCAGTTCGA-1	1
asc.day0_CGCGGTATCATGCATG-1	1
asc.day0_CGCGGTATCCGGCACA-1	1
asc.day0_CGCGGTATCCTTTCGG-1	3
asc.day0_CGCGGTATCGGACAAG-1	1
asc.day0_CGCGGTATCGTGACAT-1	1
asc.day0_CGCGTTTAGACTTGAA-1	1
asc.day0_CGCGTTTAGGGCTCTC-1	3
asc.day0_CGCGTTTAGGGTCGAT-1	1
asc.day0_CGCGTTTCAAAGGTGC-1	3
asc.day0_CGCGTTTCAAGCCGTC-1	3
asc.day0_CGCGTTTCAAGCTGAG-1	4
asc.day0_CGCGTTTCAATTCCTT-1	4
asc.day0_CGCGTTTCACATGACT-1	2
asc.day0_CGCGTTTCACGAGGTA-1	1
asc.day0_CGCGTTTCACGCATCG-1	1
asc.day0_CGCGTTTCACTTACGA-1	1
asc.day0_CGCGTTTCAGCGATCC-1	1
asc.day0_CGCGTTTCATATACCG-1	1
asc.day0_CGCGTTTCATGGGAAC-1	3
asc.day0_CGCGTTTCATGTCTCC-1	2
asc.day0_CGCGTTTGTCGCATCG-1	4
asc.day0_CGCGTTTGTGATGCCC-1	3
asc.day0_CGCGTTTTCAGGTAAA-1	2
asc.day0_CGCGTTTTCTGGCGAC-1	1
asc.day0_CGCTATCAGGGTCGAT-1	2
asc.day0_CGCTATCAGTGGAGTC-1	2
asc.day0_CGCTATCCAAGCCGCT-1	3
asc.day0_CGCTATCCACAGGTTT-1	1
asc.day0_CGCTATCCACATTCGA-1	3
asc.day0_CGCTATCCACCTTGTC-1	3
asc.day0_CGCTATCGTAGAGTGC-1	5
asc.day0_CGCTATCGTAGCACGA-1	4
asc.day0_CGCTATCGTAGGCATG-1	4
asc.day0_CGCTATCGTCATTAGC-1	1
asc.day0_CGCTATCGTCCGTTAA-1	5
asc.day0_CGCTATCGTGTGGCTC-1	4
asc.day0_CGCTATCTCACCCGAG-1	3
asc.day0_CGCTATCTCCCAAGTA-1	2
asc.day0_CGCTATCTCCTTCAAT-1	3
asc.day0_CGCTATCTCGGAAACG-1	4
asc.day0_CGCTGGAAGAAACCGC-1	2
asc.day0_CGCTGGAAGCCAGAAC-1	3
asc.day0_CGCTGGAAGCTACCGC-1	3
asc.day0_CGCTGGAAGCTATGCT-1	1
asc.day0_CGCTGGAAGGGTCTCC-1	2
asc.day0_CGCTGGAAGTACTTGC-1	3
asc.day0_CGCTGGACATGCGCAC-1	5
asc.day0_CGCTGGAGTGCTGTAT-1	3
asc.day0_CGCTGGAGTGGCGAAT-1	1
asc.day0_CGCTGGAGTGTTTGTG-1	1
asc.day0_CGCTGGAGTTTGACAC-1	2
asc.day0_CGCTGGAGTTTGCATG-1	4
asc.day0_CGCTGGATCGTCCGTT-1	3
asc.day0_CGCTGGATCTGGTTCC-1	4
asc.day0_CGCTTCAAGAGAACAG-1	4
asc.day0_CGCTTCACACCATCCT-1	2
asc.day0_CGCTTCACAGACGTAG-1	3
asc.day0_CGCTTCACAGCCTATA-1	3
asc.day0_CGCTTCACAGTATGCT-1	3
asc.day0_CGCTTCACATAACCTG-1	3
asc.day0_CGCTTCACATCGGAAG-1	1
asc.day0_CGCTTCAGTGTAATGA-1	4
asc.day0_CGCTTCAGTTACCAGT-1	1
asc.day0_CGCTTCATCACAAACC-1	3
asc.day0_CGCTTCATCCTACAGA-1	1
asc.day0_CGGACACAGACTAAGT-1	2
asc.day0_CGGACACAGACTTTCG-1	3
asc.day0_CGGACACAGATGTGGC-1	1
asc.day0_CGGACACAGGGCTCTC-1	1
asc.day0_CGGACACCATGCAATC-1	3
asc.day0_CGGACACGTACTTGAC-1	3
asc.day0_CGGACACGTAGAGCTG-1	1
asc.day0_CGGACACGTCAGTGGA-1	3
asc.day0_CGGACACGTCTACCTC-1	4
asc.day0_CGGACACTCAGTCAGT-1	1
asc.day0_CGGACACTCCGCTGTT-1	3
asc.day0_CGGACACTCCGTCATC-1	1
asc.day0_CGGACACTCTCTTATG-1	4
asc.day0_CGGACGTAGATCGATA-1	1
asc.day0_CGGACGTAGCCACGTC-1	4
asc.day0_CGGACGTAGCCGATTT-1	1
asc.day0_CGGACGTAGCGATAGC-1	1
asc.day0_CGGACGTAGCGTGTCC-1	4
asc.day0_CGGACGTAGTTGAGTA-1	1
asc.day0_CGGACGTCAAAGCGGT-1	4
asc.day0_CGGACGTCAACACGCC-1	5
asc.day0_CGGACGTCAACGATCT-1	1
asc.day0_CGGACGTCAAGCTGAG-1	1
asc.day0_CGGACGTCAATGGAAT-1	1
asc.day0_CGGACGTCACCGGAAA-1	1
asc.day0_CGGACGTCAGCGTAAG-1	1
asc.day0_CGGACGTGTACATGTC-1	1
asc.day0_CGGACGTGTCCCGACA-1	3
asc.day0_CGGACGTGTCCCTTGT-1	3
asc.day0_CGGACGTGTCGCTTCT-1	1
asc.day0_CGGACGTTCCCTCTTT-1	2
asc.day0_CGGACTGAGAAGGGTA-1	3
asc.day0_CGGACTGAGGTGCAAC-1	1
asc.day0_CGGACTGAGTTGTCGT-1	1
asc.day0_CGGACTGCAATAGCAA-1	3
asc.day0_CGGACTGCACGACGAA-1	4
asc.day0_CGGACTGCATCACAAC-1	1
asc.day0_CGGACTGGTAGCAAAT-1	1
asc.day0_CGGACTGGTAGTAGTA-1	3
asc.day0_CGGACTGGTCCAGTAT-1	2
asc.day0_CGGACTGGTCTAGCGC-1	3
asc.day0_CGGACTGGTGACTACT-1	4
asc.day0_CGGACTGGTTACCAGT-1	1
asc.day0_CGGACTGTCAACACTG-1	1
asc.day0_CGGACTGTCAATCTCT-1	3
asc.day0_CGGACTGTCAGTACGT-1	4
asc.day0_CGGACTGTCGAACGGA-1	3
asc.day0_CGGAGCTCAGTTCATG-1	4
asc.day0_CGGAGCTCATTCCTGC-1	1
asc.day0_CGGAGCTGTCATACTG-1	3
asc.day0_CGGAGCTGTCCCTTGT-1	3
asc.day0_CGGAGCTGTCTTGTCC-1	6
asc.day0_CGGAGCTGTGCAGACA-1	5
asc.day0_CGGAGCTTCAAAGTAG-1	3
asc.day0_CGGAGCTTCCAACCAA-1	1
asc.day0_CGGAGCTTCCAGTAGT-1	5
asc.day0_CGGAGCTTCCGTAGGC-1	1
asc.day0_CGGAGCTTCGCAGGCT-1	3
asc.day0_CGGAGCTTCTGGCGTG-1	2
asc.day0_CGGAGTCCACAGGAGT-1	1
asc.day0_CGGAGTCCACCCAGTG-1	1
asc.day0_CGGAGTCCACTAGTAC-1	3
asc.day0_CGGAGTCCATTATCTC-1	1
asc.day0_CGGAGTCGTACATGTC-1	3
asc.day0_CGGAGTCTCACGACTA-1	1
asc.day0_CGGAGTCTCGCAAGCC-1	3
asc.day0_CGGCTAGAGACATAAC-1	3
asc.day0_CGGCTAGAGAGAGCTC-1	3
asc.day0_CGGCTAGAGAGCTATA-1	5
asc.day0_CGGCTAGAGCGTGAAC-1	2
asc.day0_CGGCTAGAGGCTCTTA-1	4
asc.day0_CGGCTAGAGTTGTCGT-1	2
asc.day0_CGGCTAGCAAGACGTG-1	2
asc.day0_CGGCTAGCAGACGCTC-1	3
asc.day0_CGGCTAGGTACATCCA-1	4
asc.day0_CGGCTAGGTCACCCAG-1	1
asc.day0_CGGCTAGGTGAGCGAT-1	3
asc.day0_CGGCTAGTCAGCGACC-1	1
asc.day0_CGGCTAGTCTCTAGGA-1	3
asc.day0_CGGCTAGTCTGCCAGG-1	5
asc.day0_CGGCTAGTCTGTCTCG-1	3
asc.day0_CGGGTCAAGCACCGCT-1	5
asc.day0_CGGGTCAAGCCTATGT-1	2
asc.day0_CGGGTCAAGTATCGAA-1	5
asc.day0_CGGGTCAAGTTAGGTA-1	1
asc.day0_CGGGTCACACAAGTAA-1	3
asc.day0_CGGGTCACACGAAATA-1	1
asc.day0_CGGGTCACACGTCTCT-1	1
asc.day0_CGGGTCACAGAGCCAA-1	4
asc.day0_CGGGTCACAGCTGTTA-1	4
asc.day0_CGGGTCACATGTCGAT-1	1
asc.day0_CGGGTCAGTATAATGG-1	1
asc.day0_CGGGTCAGTATTACCG-1	3
asc.day0_CGGGTCAGTCCTCCAT-1	1
asc.day0_CGGGTCAGTCTGGAGA-1	4
asc.day0_CGGGTCATCTACCAGA-1	1
asc.day0_CGGGTCATCTGCGACG-1	3
asc.day0_CGGTTAAAGTCATGCT-1	1
asc.day0_CGGTTAACAATGTTGC-1	1
asc.day0_CGGTTAACACGTTGGC-1	3
asc.day0_CGGTTAACAGATAATG-1	4
asc.day0_CGGTTAACAGCCTGTG-1	1
asc.day0_CGGTTAACATCCGCGA-1	4
asc.day0_CGGTTAAGTAGCCTAT-1	1
asc.day0_CGGTTAAGTTTAGCTG-1	4
asc.day0_CGGTTAATCACTCTTA-1	3
asc.day0_CGTAGCGAGACAGACC-1	3
asc.day0_CGTAGCGAGACTGTAA-1	5
asc.day0_CGTAGCGAGGACAGCT-1	3
asc.day0_CGTAGCGAGTCATCCA-1	1
asc.day0_CGTAGCGAGTCCCACG-1	1
asc.day0_CGTAGCGCAAGGGTCA-1	1
asc.day0_CGTAGCGCACCCATTC-1	3
asc.day0_CGTAGCGCATTGCGGC-1	2
asc.day0_CGTAGCGGTCCGACGT-1	4
asc.day0_CGTAGCGGTGATGTGG-1	4
asc.day0_CGTAGCGGTGCAGACA-1	3
asc.day0_CGTAGCGGTGTCGCTG-1	1
asc.day0_CGTAGCGGTTGTGGCC-1	3
asc.day0_CGTAGCGTCAAGGCTT-1	1
asc.day0_CGTAGCGTCCGCGGTA-1	1
asc.day0_CGTAGCGTCTCACATT-1	3
asc.day0_CGTAGGCAGCGATGAC-1	1
asc.day0_CGTAGGCAGTGCGATG-1	4
asc.day0_CGTAGGCAGTTAACGA-1	3
asc.day0_CGTAGGCCAAGGCTCC-1	4
asc.day0_CGTAGGCCAAGTCTAC-1	1
asc.day0_CGTAGGCCAATCTGCA-1	3
asc.day0_CGTAGGCCACGAAACG-1	3
asc.day0_CGTAGGCCAGTAACGG-1	3
asc.day0_CGTAGGCCATACTACG-1	1
asc.day0_CGTAGGCGTAACGACG-1	3
asc.day0_CGTAGGCGTCAACATC-1	3
asc.day0_CGTAGGCGTCACAAGG-1	1
asc.day0_CGTAGGCGTGACAAAT-1	1
asc.day0_CGTAGGCGTTACAGAA-1	1
asc.day0_CGTAGGCGTTCTGTTT-1	1
asc.day0_CGTAGGCTCCTAGTGA-1	1
asc.day0_CGTAGGCTCGGTGTCG-1	3
asc.day0_CGTAGGCTCGTTTATC-1	4
asc.day0_CGTCACTAGGTGACCA-1	3
asc.day0_CGTCACTAGTAGGCCA-1	1
asc.day0_CGTCACTCAAGTTCTG-1	5
asc.day0_CGTCACTCATTTCAGG-1	3
asc.day0_CGTCACTGTCTCCATC-1	1
asc.day0_CGTCACTGTCTTCGTC-1	4
asc.day0_CGTCACTGTTATCCGA-1	1
asc.day0_CGTCACTTCAAGATCC-1	3
asc.day0_CGTCACTTCCCGACTT-1	3
asc.day0_CGTCAGGAGAGTCTGG-1	3
asc.day0_CGTCAGGAGTTTAGGA-1	1
asc.day0_CGTCAGGCACATAACC-1	1
asc.day0_CGTCAGGGTATATCCG-1	1
asc.day0_CGTCAGGGTTCTCATT-1	3
asc.day0_CGTCAGGTCAATCTCT-1	1
asc.day0_CGTCAGGTCACTTACT-1	3
asc.day0_CGTCAGGTCCCTCAGT-1	1
asc.day0_CGTCAGGTCTAAGCCA-1	3
asc.day0_CGTCAGGTCTACTATC-1	3
asc.day0_CGTCCATAGCTACCGC-1	3
asc.day0_CGTCCATAGGATATAC-1	4
asc.day0_CGTCCATAGGATTCGG-1	1
asc.day0_CGTCCATAGTGTCTCA-1	3
asc.day0_CGTCCATCAAGACGTG-1	4
asc.day0_CGTCCATCAAGAGTCG-1	3
asc.day0_CGTCCATCACAGCGTC-1	1
asc.day0_CGTCCATCACCATCCT-1	1
asc.day0_CGTCCATGTAAAGGAG-1	4
asc.day0_CGTCCATGTTCGGGCT-1	1
asc.day0_CGTCCATTCAGTTCGA-1	3
asc.day0_CGTCTACAGCATCATC-1	2
asc.day0_CGTCTACAGGAACTGC-1	3
asc.day0_CGTCTACAGGTGACCA-1	5
asc.day0_CGTCTACAGTGGACGT-1	3
asc.day0_CGTCTACCACAACGCC-1	2
asc.day0_CGTCTACCACCTGGTG-1	1
asc.day0_CGTCTACCACGACGAA-1	1
asc.day0_CGTCTACCACTGTCGG-1	3
asc.day0_CGTCTACCACTTAACG-1	3
asc.day0_CGTCTACCAGCCACCA-1	1
asc.day0_CGTCTACCAGCGTCCA-1	5
asc.day0_CGTCTACCATAGAAAC-1	6
asc.day0_CGTCTACGTTCCACGG-1	1
asc.day0_CGTCTACTCAAACAAG-1	3
asc.day0_CGTCTACTCAAACCGT-1	1
asc.day0_CGTCTACTCAACACCA-1	3
asc.day0_CGTCTACTCAAGGTAA-1	4
asc.day0_CGTCTACTCAGTGTTG-1	4
asc.day0_CGTCTACTCCGAATGT-1	2
asc.day0_CGTCTACTCCTCGCAT-1	1
asc.day0_CGTCTACTCTTGCAAG-1	3
asc.day0_CGTGAGCAGCCGTCGT-1	4
asc.day0_CGTGAGCCAAAGGTGC-1	6
asc.day0_CGTGAGCCACACGCTG-1	3
asc.day0_CGTGAGCCACCGGAAA-1	3
asc.day0_CGTGAGCCAGTTCATG-1	3
asc.day0_CGTGAGCGTACTTCTT-1	1
asc.day0_CGTGAGCGTAGGCTGA-1	1
asc.day0_CGTGAGCGTATGGTTC-1	1
asc.day0_CGTGAGCGTATTCGTG-1	1
asc.day0_CGTGAGCGTGGAAAGA-1	2
asc.day0_CGTGAGCGTTCACGGC-1	3
asc.day0_CGTGAGCGTTCCAACA-1	1
asc.day0_CGTGAGCTCCAAACTG-1	2
asc.day0_CGTGAGCTCTCAAGTG-1	3
asc.day0_CGTGAGCTCTCCTATA-1	4
asc.day0_CGTGTAAAGAGAGCTC-1	4
asc.day0_CGTGTAACAACACCCG-1	1
asc.day0_CGTGTAACAATAAGCA-1	1
asc.day0_CGTGTAACAGATCGGA-1	1
asc.day0_CGTGTAACATTTGCTT-1	3
asc.day0_CGTGTAAGTACCCAAT-1	6
asc.day0_CGTGTAAGTATAATGG-1	1
asc.day0_CGTGTAAGTATCGCAT-1	4
asc.day0_CGTGTAAGTCGGCACT-1	4
asc.day0_CGTGTAAGTGTTGAGG-1	4
asc.day0_CGTGTAAGTTACGTCA-1	3
asc.day0_CGTGTAAGTTTAGGAA-1	1
asc.day0_CGTGTAATCACATGCA-1	4
asc.day0_CGTGTAATCTCGGACG-1	4
asc.day0_CGTGTCTAGACAAAGG-1	1
asc.day0_CGTGTCTAGACTGGGT-1	2
asc.day0_CGTGTCTAGAGTCTGG-1	3
asc.day0_CGTGTCTAGCTCCTTC-1	3
asc.day0_CGTGTCTAGTAGCGGT-1	3
asc.day0_CGTGTCTAGTGTTGAA-1	3
asc.day0_CGTGTCTCAAGCCGTC-1	5
asc.day0_CGTGTCTCATGGAATA-1	5
asc.day0_CGTGTCTCATTAGGCT-1	1
asc.day0_CGTGTCTCATTTCAGG-1	4
asc.day0_CGTGTCTGTATAATGG-1	3
asc.day0_CGTGTCTGTCGGCACT-1	1
asc.day0_CGTGTCTGTCTTGATG-1	1
asc.day0_CGTGTCTTCGAACTGT-1	1
asc.day0_CGTGTCTTCTGGAGCC-1	1
asc.day0_CGTTAGAAGCGTGAAC-1	1
asc.day0_CGTTAGACAAGCTGTT-1	1
asc.day0_CGTTAGACACACTGCG-1	1
asc.day0_CGTTAGACATGCTAGT-1	3
asc.day0_CGTTAGAGTACGAAAT-1	1
asc.day0_CGTTAGAGTCCGTCAG-1	1
asc.day0_CGTTAGAGTGGGTATG-1	2
asc.day0_CGTTAGAGTGTTTGTG-1	4
asc.day0_CGTTAGAGTTGGTAAA-1	1
asc.day0_CGTTAGATCACTTACT-1	3
asc.day0_CGTTAGATCAGCTCTC-1	2
asc.day0_CGTTAGATCCGCATAA-1	3
asc.day0_CGTTAGATCCTGCCAT-1	4
asc.day0_CGTTAGATCTGTTGAG-1	3
asc.day0_CGTTCTGAGAATTGTG-1	3
asc.day0_CGTTCTGAGCACCGTC-1	5
asc.day0_CGTTCTGCAATGAAAC-1	2
asc.day0_CGTTCTGCACATTAGC-1	3
asc.day0_CGTTCTGCAGACGCTC-1	3
asc.day0_CGTTCTGCAGCTGTAT-1	4
asc.day0_CGTTCTGCATAAAGGT-1	1
asc.day0_CGTTCTGCATCACGTA-1	1
asc.day0_CGTTCTGGTAAGGGCT-1	4
asc.day0_CGTTCTGGTATTCGTG-1	1
asc.day0_CGTTCTGGTCTTGTCC-1	3
asc.day0_CGTTCTGTCGTTACGA-1	3
asc.day0_CGTTCTGTCTAACCGA-1	1
asc.day0_CGTTCTGTCTAACGGT-1	1
asc.day0_CGTTCTGTCTACGAGT-1	3
asc.day0_CGTTCTGTCTGACCTC-1	2
asc.day0_CGTTCTGTCTTGAGGT-1	3
asc.day0_CGTTGGGAGAAGATTC-1	5
asc.day0_CGTTGGGAGCTCCCAG-1	3
asc.day0_CGTTGGGAGTGGTAAT-1	1
asc.day0_CGTTGGGAGTGTTAGA-1	5
asc.day0_CGTTGGGAGTGTTGAA-1	5
asc.day0_CGTTGGGCAAATCCGT-1	1
asc.day0_CGTTGGGCAACAACCT-1	3
asc.day0_CGTTGGGCACTGCCAG-1	3
asc.day0_CGTTGGGCATGACATC-1	1
asc.day0_CGTTGGGCATGCATGT-1	3
asc.day0_CGTTGGGGTAAGGGAA-1	1
asc.day0_CGTTGGGGTGGCGAAT-1	5
asc.day0_CGTTGGGGTGGTTTCA-1	5
asc.day0_CGTTGGGGTTACGTCA-1	1
asc.day0_CGTTGGGGTTCAGACT-1	1
asc.day0_CGTTGGGGTTGTCGCG-1	3
asc.day0_CGTTGGGTCATGCATG-1	4
asc.day0_CGTTGGGTCTTCGAGA-1	1
asc.day0_CTAACTTCACCATGTA-1	3
asc.day0_CTAACTTCATTGGGCC-1	2
asc.day0_CTAACTTGTCGAATCT-1	4
asc.day0_CTAACTTGTGACGGTA-1	3
asc.day0_CTAACTTTCACATGCA-1	5
asc.day0_CTAACTTTCAGTCAGT-1	2
asc.day0_CTAACTTTCATGCTCC-1	1
asc.day0_CTAACTTTCCTGTAGA-1	3
asc.day0_CTAAGACAGACTAGGC-1	3
asc.day0_CTAAGACAGATCTGAA-1	1
asc.day0_CTAAGACAGCTGAAAT-1	1
asc.day0_CTAAGACAGGGTGTGT-1	4
asc.day0_CTAAGACAGGTCGGAT-1	3
asc.day0_CTAAGACCACGAAAGC-1	4
asc.day0_CTAAGACCACGTGAGA-1	3
asc.day0_CTAAGACCACTTCTGC-1	1
asc.day0_CTAAGACCAGGAATGC-1	5
asc.day0_CTAAGACCAGGGCATA-1	1
asc.day0_CTAAGACCAGTAAGCG-1	1
asc.day0_CTAAGACCATGGGAAC-1	3
asc.day0_CTAAGACGTAAAGTCA-1	3
asc.day0_CTAAGACGTAAGGGCT-1	5
asc.day0_CTAAGACGTCAATGTC-1	3
asc.day0_CTAAGACGTGCTCTTC-1	2
asc.day0_CTAAGACTCCTTGCCA-1	5
asc.day0_CTAAGACTCTACTCAT-1	3
asc.day0_CTAATGGAGCACACAG-1	3
asc.day0_CTAATGGAGCTACCTA-1	4
asc.day0_CTAATGGAGGAATTAC-1	2
asc.day0_CTAATGGAGGGCTCTC-1	1
asc.day0_CTAATGGAGGGTCGAT-1	3
asc.day0_CTAATGGAGTGCGTGA-1	6
asc.day0_CTAATGGAGTGTGGCA-1	3
asc.day0_CTAATGGAGTTAGGTA-1	3
asc.day0_CTAATGGCAAGACACG-1	1
asc.day0_CTAATGGCACTTGGAT-1	4
asc.day0_CTAATGGCAGCTGGCT-1	1
asc.day0_CTAATGGCATCGGGTC-1	1
asc.day0_CTAATGGGTACAGCAG-1	3
asc.day0_CTAATGGGTAGGACAC-1	4
asc.day0_CTAATGGGTATGAATG-1	2
asc.day0_CTAATGGGTGCTAGCC-1	3
asc.day0_CTAATGGGTGTGAAAT-1	1
asc.day0_CTAATGGGTTAGGGTG-1	3
asc.day0_CTAATGGGTTCAGGCC-1	3
asc.day0_CTAATGGGTTGATTGC-1	3
asc.day0_CTAATGGTCACTTCAT-1	3
asc.day0_CTAATGGTCGATCCCT-1	6
asc.day0_CTAATGGTCGCCTGAG-1	1
asc.day0_CTACACCAGATCCGAG-1	1
asc.day0_CTACACCAGCTAGTGG-1	1
asc.day0_CTACACCAGGAGTTGC-1	1
asc.day0_CTACACCAGGTGCTAG-1	1
asc.day0_CTACACCAGTCCGTAT-1	3
asc.day0_CTACACCAGTTTGCGT-1	4
asc.day0_CTACACCCAAACTGTC-1	4
asc.day0_CTACACCCAAGCCCAC-1	1
asc.day0_CTACACCCAATGGAGC-1	3
asc.day0_CTACACCCAGGTCTCG-1	4
asc.day0_CTACACCCATTCACTT-1	3
asc.day0_CTACACCGTATTCTCT-1	4
asc.day0_CTACACCGTGCAACTT-1	6
asc.day0_CTACACCGTTGGACCC-1	7
asc.day0_CTACACCGTTTACTCT-1	3
asc.day0_CTACACCTCAACACCA-1	4
asc.day0_CTACACCTCTTGAGGT-1	3
asc.day0_CTACATTAGAAGGGTA-1	1
asc.day0_CTACATTAGCCACGTC-1	4
asc.day0_CTACATTAGCGAAGGG-1	1
asc.day0_CTACATTAGCGTTCCG-1	3
asc.day0_CTACATTAGGCCATAG-1	4
asc.day0_CTACATTAGTACATGA-1	1
asc.day0_CTACATTAGTGTCCCG-1	3
asc.day0_CTACATTCACATTTCT-1	2
asc.day0_CTACATTCACTCAGGC-1	1
asc.day0_CTACATTCAGGGAGAG-1	1
asc.day0_CTACATTCAGGGTTAG-1	3
asc.day0_CTACATTCATCTACGA-1	4
asc.day0_CTACATTGTAGAGCTG-1	3
asc.day0_CTACATTGTCCGTGAC-1	3
asc.day0_CTACCCAAGACACTAA-1	1
asc.day0_CTACCCAAGGCCATAG-1	4
asc.day0_CTACCCAAGGGTGTTG-1	1
asc.day0_CTACCCACAAACTGCT-1	1
asc.day0_CTACCCACAATCCAAC-1	3
asc.day0_CTACCCACACGGTAAG-1	3
asc.day0_CTACCCACACGGTAGA-1	1
asc.day0_CTACCCACAGTCGTGC-1	3
asc.day0_CTACCCACATGAACCT-1	5
asc.day0_CTACCCACATTGGCGC-1	1
asc.day0_CTACCCAGTACCTACA-1	1
asc.day0_CTACCCAGTCAATACC-1	3
asc.day0_CTACCCAGTCCGTGAC-1	4
asc.day0_CTACCCAGTCCTAGCG-1	4
asc.day0_CTACCCATCACATGCA-1	3
asc.day0_CTACCCATCATCACCC-1	1
asc.day0_CTACCCATCTGCGTAA-1	2
asc.day0_CTACCCATCTTACCGC-1	1
asc.day0_CTACCCATCTTTACGT-1	1
asc.day0_CTACGTCAGAAGGGTA-1	3
asc.day0_CTACGTCAGAATCTCC-1	2
asc.day0_CTACGTCAGCTAACTC-1	3
asc.day0_CTACGTCAGCTCCTCT-1	3
asc.day0_CTACGTCAGGAATTAC-1	3
asc.day0_CTACGTCCAAAGGCGT-1	4
asc.day0_CTACGTCCAACGATGG-1	1
asc.day0_CTACGTCCAAGGTTCT-1	4
asc.day0_CTACGTCCACTTCGAA-1	3
asc.day0_CTACGTCCATCGGTTA-1	4
asc.day0_CTACGTCGTAAACCTC-1	4
asc.day0_CTACGTCGTAAATGTG-1	3
asc.day0_CTACGTCGTCTGCCAG-1	3
asc.day0_CTACGTCGTCTTGATG-1	1
asc.day0_CTACGTCTCGGAGGTA-1	1
asc.day0_CTACGTCTCTACTCAT-1	3
asc.day0_CTACGTCTCTGTTGAG-1	3
asc.day0_CTACGTCTCTTGCCGT-1	3
asc.day0_CTAGAGTAGAGAACAG-1	4
asc.day0_CTAGAGTAGAGATGAG-1	1
asc.day0_CTAGAGTAGAGTGAGA-1	3
asc.day0_CTAGAGTAGATCCTGT-1	2
asc.day0_CTAGAGTCAAGACGTG-1	3
asc.day0_CTAGAGTCACGGCCAT-1	4
asc.day0_CTAGAGTCATGCAATC-1	1
asc.day0_CTAGAGTGTAGGGACT-1	1
asc.day0_CTAGAGTGTCGCATCG-1	1
asc.day0_CTAGAGTGTCTGGTCG-1	5
asc.day0_CTAGAGTGTGAGCGAT-1	4
asc.day0_CTAGAGTGTGCACGAA-1	4
asc.day0_CTAGAGTGTGTCTGAT-1	4
asc.day0_CTAGAGTGTTGCTCCT-1	2
asc.day0_CTAGAGTTCATGGTCA-1	7
asc.day0_CTAGAGTTCGCTTGTC-1	5
asc.day0_CTAGCCTAGACTAAGT-1	5
asc.day0_CTAGCCTAGTCTCCTC-1	1
asc.day0_CTAGCCTCAACTTGAC-1	4
asc.day0_CTAGCCTCACGGCTAC-1	3
asc.day0_CTAGCCTCAGTCACTA-1	3
asc.day0_CTAGCCTCAGTGGGAT-1	5
asc.day0_CTAGCCTGTGCAGACA-1	1
asc.day0_CTAGCCTGTGCCTGTG-1	5
asc.day0_CTAGCCTGTGGTTTCA-1	2
asc.day0_CTAGCCTGTTCAACCA-1	3
asc.day0_CTAGCCTGTTCGTTGA-1	1
asc.day0_CTAGCCTGTTTGACAC-1	3
asc.day0_CTAGCCTTCCTTTCGG-1	1
asc.day0_CTAGCCTTCTTTACGT-1	4
asc.day0_CTAGTGAAGAGCAATT-1	3
asc.day0_CTAGTGAAGATAGGAG-1	1
asc.day0_CTAGTGAAGATATGGT-1	3
asc.day0_CTAGTGAAGTAAGTAC-1	1
asc.day0_CTAGTGAAGTGACTCT-1	3
asc.day0_CTAGTGACAACGCACC-1	2
asc.day0_CTAGTGACACGTAAGG-1	2
asc.day0_CTAGTGAGTCTGGTCG-1	3
asc.day0_CTAGTGAGTGCGGTAA-1	4
asc.day0_CTAGTGAGTGTGGTTT-1	4
asc.day0_CTAGTGAGTTACCGAT-1	1
asc.day0_CTAGTGAGTTCCGTCT-1	1
asc.day0_CTAGTGATCCTTCAAT-1	4
asc.day0_CTAGTGATCCTTGACC-1	3
asc.day0_CTAGTGATCTAAGCCA-1	1
asc.day0_CTCACACGTCGAGATG-1	2
asc.day0_CTCACACTCGTACGGC-1	3
asc.day0_CTCACACTCTTGTCAT-1	1
asc.day0_CTCAGAAAGACACGAC-1	2
asc.day0_CTCAGAAAGGCCCGTT-1	3
asc.day0_CTCAGAACAGTAACGG-1	3
asc.day0_CTCAGAATCAGTGTTG-1	2
asc.day0_CTCAGAATCGTGGTCG-1	3
asc.day0_CTCAGAATCTTCAACT-1	4
asc.day0_CTCAGAATCTTCGAGA-1	3
asc.day0_CTCATTAAGACTAGAT-1	1
asc.day0_CTCATTAAGAGCCCAA-1	1
asc.day0_CTCATTAAGGCTCATT-1	5
asc.day0_CTCATTAAGTTTAGGA-1	2
asc.day0_CTCATTACACAAGACG-1	3
asc.day0_CTCATTACAGGAATGC-1	1
asc.day0_CTCATTACATTAACCG-1	4
asc.day0_CTCATTAGTCCATGAT-1	4
asc.day0_CTCATTAGTCCTCTTG-1	2
asc.day0_CTCATTAGTTATGTGC-1	3
asc.day0_CTCATTAGTTTGGGCC-1	5
asc.day0_CTCATTATCATCGGAT-1	4
asc.day0_CTCATTATCATGTAGC-1	2
asc.day0_CTCATTATCATTGCCC-1	2
asc.day0_CTCATTATCCGCTGTT-1	1
asc.day0_CTCATTATCCTCCTAG-1	1
asc.day0_CTCATTATCGGAAATA-1	1
asc.day0_CTCATTATCTGCCCTA-1	4
asc.day0_CTCCTAGAGCACAGGT-1	7
asc.day0_CTCCTAGAGCCGGTAA-1	3
asc.day0_CTCCTAGCATTAGGCT-1	4
asc.day0_CTCCTAGCATTCCTGC-1	1
asc.day0_CTCCTAGGTATCAGTC-1	1
asc.day0_CTCCTAGGTCTAGTGT-1	5
asc.day0_CTCCTAGGTTAAGATG-1	3
asc.day0_CTCCTAGTCACCACCT-1	3
asc.day0_CTCCTAGTCCGCAAGC-1	3
asc.day0_CTCCTAGTCTAACTGG-1	1
asc.day0_CTCCTAGTCTATGTGG-1	4
asc.day0_CTCCTAGTCTTAGCCC-1	3
asc.day0_CTCGAAACAATAGAGT-1	4
asc.day0_CTCGAAACACGGCTAC-1	1
asc.day0_CTCGAAACAGACGCTC-1	1
asc.day0_CTCGAAACATCCGTGG-1	4
asc.day0_CTCGAAACATGCAACT-1	4
asc.day0_CTCGAAACATGTTGAC-1	4
asc.day0_CTCGAAACATTTCAGG-1	1
asc.day0_CTCGAAAGTAAATGTG-1	2
asc.day0_CTCGAAAGTACTTCTT-1	3
asc.day0_CTCGAAAGTGATAAAC-1	4
asc.day0_CTCGAAATCAAACCGT-1	4
asc.day0_CTCGAAATCACTTCAT-1	1
asc.day0_CTCGAAATCAGCTTAG-1	5
asc.day0_CTCGAAATCAGTACGT-1	1
asc.day0_CTCGAAATCTCTTATG-1	2
asc.day0_CTCGAGGAGAGCTTCT-1	1
asc.day0_CTCGAGGAGCGATCCC-1	2
asc.day0_CTCGAGGAGTCTCAAC-1	5
asc.day0_CTCGAGGCAAGTTCTG-1	3
asc.day0_CTCGAGGCAATGCCAT-1	3
asc.day0_CTCGAGGCAGCCAGAA-1	1
asc.day0_CTCGAGGCATCTCCCA-1	2
asc.day0_CTCGAGGGTACCGTTA-1	1
asc.day0_CTCGAGGGTGACCAAG-1	3
asc.day0_CTCGAGGGTGAGTGAC-1	5
asc.day0_CTCGAGGGTTCGGGCT-1	1
asc.day0_CTCGAGGTCCTACAGA-1	3
asc.day0_CTCGAGGTCGGTGTTA-1	1
asc.day0_CTCGAGGTCTGGCGAC-1	3
asc.day0_CTCGGAGAGAGTGACC-1	3
asc.day0_CTCGGAGAGCTCAACT-1	1
asc.day0_CTCGGAGAGCTCCTTC-1	3
asc.day0_CTCGGAGAGGCAATTA-1	3
asc.day0_CTCGGAGAGGCTAGCA-1	4
asc.day0_CTCGGAGCACTTACGA-1	3
asc.day0_CTCGGAGCAGGTCCAC-1	3
asc.day0_CTCGGAGGTAATCACC-1	3
asc.day0_CTCGGAGGTAATCGTC-1	4
asc.day0_CTCGGAGGTCCGAAGA-1	1
asc.day0_CTCGGAGGTCTCTCGT-1	3
asc.day0_CTCGGAGTCAACCAAC-1	3
asc.day0_CTCGGAGTCACCGTAA-1	1
asc.day0_CTCGGAGTCTGGTTCC-1	3
asc.day0_CTCGGGAAGACAAAGG-1	4
asc.day0_CTCGGGAAGATCCTGT-1	2
asc.day0_CTCGGGAAGCCATCGC-1	3
asc.day0_CTCGGGAAGTGAACAT-1	4
asc.day0_CTCGGGAAGTGGACGT-1	1
asc.day0_CTCGGGACAAAGCGGT-1	2
asc.day0_CTCGGGACAATAGCGG-1	1
asc.day0_CTCGGGACAATGAATG-1	3
asc.day0_CTCGGGACAGCTGTAT-1	1
asc.day0_CTCGGGACAGGACCCT-1	4
asc.day0_CTCGGGACAGGTCGTC-1	3
asc.day0_CTCGGGACATGCGCAC-1	6
asc.day0_CTCGGGACATTTGCCC-1	4
asc.day0_CTCGGGAGTCCATGAT-1	5
asc.day0_CTCGGGAGTCTACCTC-1	4
asc.day0_CTCGGGAGTGAAGGCT-1	2
asc.day0_CTCGGGAGTTGAACTC-1	5
asc.day0_CTCGGGAGTTTAGGAA-1	3
asc.day0_CTCGGGATCGGTCTAA-1	4
asc.day0_CTCGGGATCTAACTGG-1	1
asc.day0_CTCGGGATCTTGTATC-1	3
asc.day0_CTCGTACAGAAGGACA-1	5
asc.day0_CTCGTACAGAATGTTG-1	5
asc.day0_CTCGTACAGAGAGCTC-1	1
asc.day0_CTCGTACAGGAGTCTG-1	1
asc.day0_CTCGTACAGTTACGGG-1	5
asc.day0_CTCGTACAGTTTGCGT-1	3
asc.day0_CTCGTACCATACAGCT-1	6
asc.day0_CTCGTACCATTAGGCT-1	3
asc.day0_CTCGTACGTACCGAGA-1	4
asc.day0_CTCGTACGTCACACGC-1	4
asc.day0_CTCGTACGTTCCGTCT-1	1
asc.day0_CTCGTACGTTGTCTTT-1	2
asc.day0_CTCGTACTCAATAAGG-1	1
asc.day0_CTCGTACTCACGACTA-1	3
asc.day0_CTCGTACTCACGCGGT-1	2
asc.day0_CTCGTACTCAGTACGT-1	3
asc.day0_CTCGTCAAGAAGGCCT-1	3
asc.day0_CTCGTCAAGACAGGCT-1	3
asc.day0_CTCGTCAAGACGCTTT-1	3
asc.day0_CTCGTCAAGCGTAGTG-1	1
asc.day0_CTCGTCAAGGCCATAG-1	1
asc.day0_CTCGTCAAGGGCTTCC-1	5
asc.day0_CTCGTCAAGGTGATTA-1	3
asc.day0_CTCGTCAAGTGACTCT-1	3
asc.day0_CTCGTCAAGTTACCCA-1	3
asc.day0_CTCGTCACAATTGCTG-1	3
asc.day0_CTCGTCACACACCGCA-1	3
asc.day0_CTCGTCACAGATAATG-1	1
asc.day0_CTCGTCACAGTCGATT-1	3
asc.day0_CTCGTCACATCCGGGT-1	4
asc.day0_CTCGTCACATGAACCT-1	4
asc.day0_CTCGTCACATTATCTC-1	2
asc.day0_CTCGTCAGTCCAAGTT-1	3
asc.day0_CTCGTCAGTTCGCGAC-1	1
asc.day0_CTCGTCAGTTTGGCGC-1	1
asc.day0_CTCGTCATCACCACCT-1	4
asc.day0_CTCGTCATCAGTTAGC-1	1
asc.day0_CTCGTCATCATTGCGA-1	1
asc.day0_CTCGTCATCCGAATGT-1	3
asc.day0_CTCTAATAGATCCGAG-1	6
asc.day0_CTCTAATAGCAACGGT-1	4
asc.day0_CTCTAATAGCGTGAGT-1	1
asc.day0_CTCTAATCAAACTGTC-1	1
asc.day0_CTCTAATCACTCAGGC-1	3
asc.day0_CTCTAATGTCCGTTAA-1	1
asc.day0_CTCTAATGTCGTTGTA-1	1
asc.day0_CTCTAATGTCTCTCTG-1	5
asc.day0_CTCTAATGTGCGATAG-1	3
asc.day0_CTCTAATGTTAAGAAC-1	2
asc.day0_CTCTAATGTTGTGGAG-1	3
asc.day0_CTCTAATTCAGTCCCT-1	1
asc.day0_CTCTAATTCGCATGAT-1	1
asc.day0_CTCTAATTCTTGCCGT-1	1
asc.day0_CTCTACGAGAATCTCC-1	3
asc.day0_CTCTACGAGCAGCCTC-1	1
asc.day0_CTCTACGAGCTCCTCT-1	2
asc.day0_CTCTACGCACGGCTAC-1	1
asc.day0_CTCTACGCATGCAACT-1	4
asc.day0_CTCTACGGTCACAAGG-1	3
asc.day0_CTCTACGGTTAGATGA-1	1
asc.day0_CTCTACGTCAGCGATT-1	1
asc.day0_CTCTACGTCAGTTCGA-1	1
asc.day0_CTCTACGTCGCAGGCT-1	1
asc.day0_CTCTACGTCGCCAAAT-1	1
asc.day0_CTCTACGTCGTTGACA-1	3
asc.day0_CTCTACGTCTCGATGA-1	1
asc.day0_CTCTACGTCTGTCAAG-1	3
asc.day0_CTCTGGTAGACAAGCC-1	3
asc.day0_CTCTGGTAGAGACTTA-1	5
asc.day0_CTCTGGTAGCGCTTAT-1	2
asc.day0_CTCTGGTAGTGCAAGC-1	4
asc.day0_CTCTGGTCAAACGCGA-1	5
asc.day0_CTCTGGTCAAGCTGTT-1	3
asc.day0_CTCTGGTCAATACGCT-1	1
asc.day0_CTCTGGTCAATCACAC-1	4
asc.day0_CTCTGGTCACGGACAA-1	3
asc.day0_CTCTGGTGTCACCCAG-1	5
asc.day0_CTCTGGTGTGACGCCT-1	3
asc.day0_CTCTGGTGTGAGTATA-1	4
asc.day0_CTCTGGTGTGCATCTA-1	1
asc.day0_CTCTGGTGTGCGATAG-1	3
asc.day0_CTCTGGTGTGTGCGTC-1	2
asc.day0_CTCTGGTTCACAGGCC-1	3
asc.day0_CTCTGGTTCCGCTGTT-1	3
asc.day0_CTCTGGTTCCGTTGCT-1	3
asc.day0_CTCTGGTTCTATCCTA-1	4
asc.day0_CTCTGGTTCTTCGGTC-1	4
asc.day0_CTGAAACAGAACTGTA-1	1
asc.day0_CTGAAACCAAGCGATG-1	4
asc.day0_CTGAAACCAAGTCATC-1	5
asc.day0_CTGAAACCAATCCAAC-1	2
asc.day0_CTGAAACCACGTTGGC-1	1
asc.day0_CTGAAACCAGGTGCCT-1	3
asc.day0_CTGAAACGTAGATTAG-1	3
asc.day0_CTGAAACGTCTAACGT-1	4
asc.day0_CTGAAACGTGCAACTT-1	1
asc.day0_CTGAAACGTGCCTGTG-1	3
asc.day0_CTGAAACGTGTTCTTT-1	3
asc.day0_CTGAAACGTGTTTGTG-1	4
asc.day0_CTGAAACTCCACGTTC-1	1
asc.day0_CTGAAACTCGTAGATC-1	1
asc.day0_CTGAAGTAGAGAGCTC-1	3
asc.day0_CTGAAGTAGAGGTACC-1	1
asc.day0_CTGAAGTAGCCAGAAC-1	3
asc.day0_CTGAAGTAGGATATAC-1	1
asc.day0_CTGAAGTAGGCAAAGA-1	5
asc.day0_CTGAAGTAGTTACGGG-1	2
asc.day0_CTGAAGTCAACTGCGC-1	1
asc.day0_CTGAAGTCACACCGAC-1	3
asc.day0_CTGAAGTCAGTCACTA-1	3
asc.day0_CTGAAGTGTACTCGCG-1	3
asc.day0_CTGAAGTGTCCGTTAA-1	1
asc.day0_CTGAAGTGTCGCGAAA-1	1
asc.day0_CTGAAGTGTTGTCTTT-1	1
asc.day0_CTGAAGTTCACGAAGG-1	3
asc.day0_CTGAAGTTCATTGCGA-1	5
asc.day0_CTGAAGTTCGAGAACG-1	1
asc.day0_CTGAAGTTCTTTACGT-1	4
asc.day0_CTGATAGAGAAACCGC-1	3
asc.day0_CTGATAGAGGCTATCT-1	3
asc.day0_CTGATAGAGTCCATAC-1	1
asc.day0_CTGATAGAGTTAACGA-1	3
asc.day0_CTGATAGCAACAACCT-1	5
asc.day0_CTGATAGCACAGATTC-1	3
asc.day0_CTGATAGCACCGGAAA-1	1
asc.day0_CTGATAGCACGCATCG-1	3
asc.day0_CTGATAGCAGCTTAAC-1	1
asc.day0_CTGATAGGTAGCGTCC-1	2
asc.day0_CTGATAGGTCGCGGTT-1	2
asc.day0_CTGATAGTCGGAATCT-1	1
asc.day0_CTGATAGTCGGAGGTA-1	1
asc.day0_CTGATAGTCTAGAGTC-1	3
asc.day0_CTGATAGTCTGACCTC-1	3
asc.day0_CTGATCCAGACCTAGG-1	6
asc.day0_CTGATCCAGACTACAA-1	1
asc.day0_CTGATCCAGAGACGAA-1	4
asc.day0_CTGATCCAGATCCCGC-1	1
asc.day0_CTGATCCAGCGAGAAA-1	3
asc.day0_CTGATCCAGCTGAAAT-1	5
asc.day0_CTGATCCCAGATCCAT-1	1
asc.day0_CTGATCCCATGCTGGC-1	1
asc.day0_CTGATCCGTAGATTAG-1	1
asc.day0_CTGATCCGTATCAGTC-1	4
asc.day0_CTGATCCGTCATTAGC-1	3
asc.day0_CTGATCCGTTCGGGCT-1	2
asc.day0_CTGATCCGTTTGACTG-1	1
asc.day0_CTGATCCTCGCCTGAG-1	5
asc.day0_CTGATCCTCTCCGGTT-1	2
asc.day0_CTGATCCTCTGAGGGA-1	4
asc.day0_CTGATCCTCTTGCATT-1	4
asc.day0_CTGCCTAAGACCACGA-1	1
asc.day0_CTGCCTAAGAGCAATT-1	4
asc.day0_CTGCCTACAAAGAATC-1	1
asc.day0_CTGCCTACAATCACAC-1	4
asc.day0_CTGCCTACAATGCCAT-1	3
asc.day0_CTGCCTACACAAGTAA-1	5
asc.day0_CTGCCTACACTCTGTC-1	1
asc.day0_CTGCCTACAGTCTTCC-1	3
asc.day0_CTGCCTAGTATAGGGC-1	4
asc.day0_CTGCCTAGTATCGCAT-1	2
asc.day0_CTGCCTAGTCAAACTC-1	4
asc.day0_CTGCCTAGTCGAATCT-1	3
asc.day0_CTGCCTAGTTGTCGCG-1	3
asc.day0_CTGCCTATCAAGATCC-1	1
asc.day0_CTGCGGAAGAATAGGG-1	4
asc.day0_CTGCGGAAGAGCCCAA-1	3
asc.day0_CTGCGGAAGAGTAATC-1	5
asc.day0_CTGCGGACAAACAACA-1	3
asc.day0_CTGCGGACAAGCCCAC-1	1
asc.day0_CTGCGGACAATGGACG-1	3
asc.day0_CTGCGGACACGGCTAC-1	1
asc.day0_CTGCGGAGTATAGGTA-1	4
asc.day0_CTGCGGAGTCAAGCGA-1	4
asc.day0_CTGCGGAGTGACCAAG-1	5
asc.day0_CTGCGGAGTTTGACTG-1	1
asc.day0_CTGCGGATCACATACG-1	1
asc.day0_CTGCGGATCACCCTCA-1	2
asc.day0_CTGCGGATCCAATGGT-1	1
asc.day0_CTGCGGATCGCCTGTT-1	5
asc.day0_CTGCGGATCTGGTTCC-1	3
asc.day0_CTGCTGTAGACCCACC-1	2
asc.day0_CTGCTGTAGCTAAACA-1	1
asc.day0_CTGCTGTAGTCAATAG-1	3
asc.day0_CTGCTGTAGTTTCCTT-1	1
asc.day0_CTGCTGTCAAACTGCT-1	4
asc.day0_CTGCTGTCAAGCGCTC-1	1
asc.day0_CTGCTGTCATCCCACT-1	1
asc.day0_CTGCTGTGTAGAGCTG-1	3
asc.day0_CTGCTGTGTCAACTGT-1	3
asc.day0_CTGCTGTGTCAGATAA-1	1
asc.day0_CTGCTGTGTCATGCCG-1	4
asc.day0_CTGCTGTGTCGAAAGC-1	2
asc.day0_CTGCTGTGTGACGCCT-1	6
asc.day0_CTGCTGTGTTATCCGA-1	3
asc.day0_CTGCTGTGTTGGAGGT-1	2
asc.day0_CTGCTGTTCAATACCG-1	6
asc.day0_CTGCTGTTCACGACTA-1	1
asc.day0_CTGCTGTTCGATGAGG-1	2
asc.day0_CTGCTGTTCTGCTGCT-1	1
asc.day0_CTGGTCTAGCCGGTAA-1	2
asc.day0_CTGGTCTAGCGATCCC-1	5
asc.day0_CTGGTCTAGCGTCTAT-1	1
asc.day0_CTGGTCTAGGACAGCT-1	1
asc.day0_CTGGTCTAGTAACCCT-1	3
asc.day0_CTGGTCTAGTACACCT-1	1
asc.day0_CTGGTCTAGTCATCCA-1	1
asc.day0_CTGGTCTCAAAGGTGC-1	1
asc.day0_CTGGTCTCAACACGCC-1	1
asc.day0_CTGGTCTGTACGCACC-1	1
asc.day0_CTGGTCTTCACGGTTA-1	1
asc.day0_CTGGTCTTCCTAGAAC-1	2
asc.day0_CTGTGCTAGAGCAATT-1	1
asc.day0_CTGTGCTAGCAAATCA-1	5
asc.day0_CTGTGCTAGCTGCAAG-1	2
asc.day0_CTGTGCTAGTACCGGA-1	1
asc.day0_CTGTGCTCAAAGTCAA-1	5
asc.day0_CTGTGCTCACATGGGA-1	1
asc.day0_CTGTGCTCAGGGTTAG-1	3
asc.day0_CTGTGCTCATCACGAT-1	2
asc.day0_CTGTGCTCATCCCATC-1	1
asc.day0_CTGTGCTGTACAGCAG-1	3
asc.day0_CTGTGCTGTCAAACTC-1	3
asc.day0_CTGTGCTGTGGCGAAT-1	1
asc.day0_CTGTGCTTCGAGGTAG-1	1
asc.day0_CTGTGCTTCGGCTACG-1	3
asc.day0_CTGTGCTTCGTTTGCC-1	3
asc.day0_CTGTGCTTCTCTGTCG-1	1
asc.day0_CTGTTTAAGCACACAG-1	4
asc.day0_CTGTTTAAGCGATTCT-1	1
asc.day0_CTGTTTAAGGACAGCT-1	3
asc.day0_CTGTTTAAGTACGATA-1	3
asc.day0_CTGTTTACACATCTTT-1	4
asc.day0_CTGTTTACACCAACCG-1	3
asc.day0_CTGTTTACAGCCAGAA-1	1
asc.day0_CTGTTTACAGTTAACC-1	5
asc.day0_CTGTTTACATCGTCGG-1	1
asc.day0_CTGTTTACATTCCTCG-1	1
asc.day0_CTGTTTAGTCCGAAGA-1	3
asc.day0_CTGTTTAGTGCGATAG-1	3
asc.day0_CTGTTTATCAGGCAAG-1	3
asc.day0_CTGTTTATCGGTGTCG-1	3
asc.day0_CTTAACTAGGATGTAT-1	3
asc.day0_CTTAACTAGTATCGAA-1	2
asc.day0_CTTAACTAGTGGAGAA-1	1
asc.day0_CTTAACTCAATGAAAC-1	3
asc.day0_CTTAACTCACAGCGTC-1	4
asc.day0_CTTAACTCAGCGTAAG-1	3
asc.day0_CTTAACTCAGGACGTA-1	1
asc.day0_CTTAACTCATAGGATA-1	3
asc.day0_CTTAACTCATCACCCT-1	3
asc.day0_CTTAACTCATGAACCT-1	2
asc.day0_CTTAACTGTATCACCA-1	1
asc.day0_CTTAACTGTCTACCTC-1	3
asc.day0_CTTAACTGTTAGATGA-1	4
asc.day0_CTTAACTGTTGAGTTC-1	3
asc.day0_CTTAACTGTTGTCGCG-1	3
asc.day0_CTTAACTTCACCACCT-1	3
asc.day0_CTTAACTTCGAATGGG-1	1
asc.day0_CTTAACTTCGCCTGTT-1	1
asc.day0_CTTAACTTCGCTGATA-1	3
asc.day0_CTTACCGAGATGCGAC-1	1
asc.day0_CTTACCGAGCTGCGAA-1	1
asc.day0_CTTACCGAGGGTATCG-1	4
asc.day0_CTTACCGAGGTGATAT-1	3
asc.day0_CTTACCGAGTGTTTGC-1	3
asc.day0_CTTACCGCACAAGTAA-1	3
asc.day0_CTTACCGCACATTCGA-1	4
asc.day0_CTTACCGCACGGCCAT-1	3
asc.day0_CTTACCGGTAAGTTCC-1	2
asc.day0_CTTACCGGTACTTAGC-1	3
asc.day0_CTTACCGGTGCAGTAG-1	4
asc.day0_CTTACCGTCCCTCTTT-1	4
asc.day0_CTTACCGTCTCGCTTG-1	2
asc.day0_CTTACCGTCTGCTGTC-1	2
asc.day0_CTTAGGAAGAAGGTTT-1	2
asc.day0_CTTAGGAAGATAGGAG-1	4
asc.day0_CTTAGGAAGATAGTCA-1	5
asc.day0_CTTAGGAAGATGCCAG-1	1
asc.day0_CTTAGGAAGCGATATA-1	5
asc.day0_CTTAGGAAGCTGCCCA-1	1
asc.day0_CTTAGGAAGGGATGGG-1	4
asc.day0_CTTAGGACAATGACCT-1	4
asc.day0_CTTAGGACACAACGTT-1	3
asc.day0_CTTAGGACATACGCCG-1	4
asc.day0_CTTAGGACATCCCATC-1	5
asc.day0_CTTAGGACATGACATC-1	3
asc.day0_CTTAGGACATGTCCTC-1	2
asc.day0_CTTAGGAGTCACCCAG-1	2
asc.day0_CTTAGGAGTGTAACGG-1	3
asc.day0_CTTAGGATCAGCCTAA-1	3
asc.day0_CTTAGGATCCCAGGTG-1	2
asc.day0_CTTCTCTAGACTGGGT-1	1
asc.day0_CTTCTCTAGAGCAATT-1	2
asc.day0_CTTCTCTAGAGGGATA-1	1
asc.day0_CTTCTCTAGGTGCTAG-1	3
asc.day0_CTTCTCTCAATAACGA-1	1
asc.day0_CTTCTCTCATCACCCT-1	4
asc.day0_CTTCTCTGTCCAACTA-1	2
asc.day0_CTTCTCTGTCCGAGTC-1	4
asc.day0_CTTCTCTGTCTAGTCA-1	3
asc.day0_CTTCTCTGTCTTCGTC-1	3
asc.day0_CTTCTCTGTGCACCAC-1	1
asc.day0_CTTCTCTGTTATCACG-1	1
asc.day0_CTTCTCTTCACCGTAA-1	1
asc.day0_CTTCTCTTCACTATTC-1	3
asc.day0_CTTCTCTTCAGTGTTG-1	3
asc.day0_CTTCTCTTCCAAGTAC-1	4
asc.day0_CTTCTCTTCCGTAGTA-1	3
asc.day0_CTTCTCTTCGCTTGTC-1	2
asc.day0_CTTCTCTTCTTGTCAT-1	2
asc.day0_CTTGGCTAGAAGGGTA-1	3
asc.day0_CTTGGCTAGAATGTGT-1	5
asc.day0_CTTGGCTAGACTAAGT-1	1
asc.day0_CTTGGCTAGATCGGGT-1	3
asc.day0_CTTGGCTAGCCAGGAT-1	1
asc.day0_CTTGGCTAGTATGACA-1	1
asc.day0_CTTGGCTAGTTACGGG-1	4
asc.day0_CTTGGCTCAAGCTGGA-1	3
asc.day0_CTTGGCTCAAGTTCTG-1	1
asc.day0_CTTGGCTCACACGCTG-1	1
asc.day0_CTTGGCTCACGCGAAA-1	4
asc.day0_CTTGGCTCAGGGTATG-1	3
asc.day0_CTTGGCTCATCAGTAC-1	3
asc.day0_CTTGGCTCATGGAATA-1	2
asc.day0_CTTGGCTGTACTCTCC-1	4
asc.day0_CTTGGCTGTCACACGC-1	2
asc.day0_CTTGGCTGTCTTGCGG-1	1
asc.day0_CTTGGCTGTGAGGGAG-1	4
asc.day0_CTTGGCTGTGGCCCTA-1	1
asc.day0_CTTGGCTGTGTGGCTC-1	3
asc.day0_CTTGGCTGTTCACCTC-1	4
asc.day0_CTTGGCTTCACGATGT-1	4
asc.day0_CTTGGCTTCGCCTGAG-1	3
asc.day0_CTTGGCTTCGGTTAAC-1	4
asc.day0_CTTGGCTTCTTGTTTG-1	1
asc.day0_CTTTGCGAGAGACGAA-1	3
asc.day0_CTTTGCGCAAGTCTAC-1	1
asc.day0_CTTTGCGCACATTAGC-1	1
asc.day0_CTTTGCGCACGGCTAC-1	1
asc.day0_CTTTGCGCATACGCTA-1	2
asc.day0_CTTTGCGCATCCGTGG-1	1
asc.day0_CTTTGCGGTACAGCAG-1	3
asc.day0_CTTTGCGGTCATACTG-1	5
asc.day0_CTTTGCGGTCCAGTTA-1	1
asc.day0_CTTTGCGGTCGCGAAA-1	3
asc.day0_CTTTGCGGTCGTCTTC-1	1
asc.day0_CTTTGCGTCTGAGGGA-1	5
asc.day0_GAAACTCAGTCGTTTG-1	3
asc.day0_GAAACTCCAAAGCGGT-1	2
asc.day0_GAAACTCCATCACAAC-1	5
asc.day0_GAAACTCCATGTAAGA-1	1
asc.day0_GAAACTCGTACCGCTG-1	1
asc.day0_GAAACTCGTACGAAAT-1	2
asc.day0_GAAACTCGTATATCCG-1	4
asc.day0_GAAACTCGTCACCTAA-1	3
asc.day0_GAAACTCGTCCCTACT-1	3
asc.day0_GAAACTCGTTATCCGA-1	3
asc.day0_GAAACTCTCAGCACAT-1	1
asc.day0_GAAACTCTCCGTACAA-1	3
asc.day0_GAAACTCTCGAATGCT-1	1
asc.day0_GAAACTCTCTGAGTGT-1	4
asc.day0_GAAACTCTCTTACCTA-1	3
asc.day0_GAAATGAAGCTAACAA-1	3
asc.day0_GAAATGAAGCTGTCTA-1	1
asc.day0_GAAATGAAGGAGTACC-1	4
asc.day0_GAAATGAAGTTACGGG-1	5
asc.day0_GAAATGACAAAGTCAA-1	5
asc.day0_GAAATGACACGGTGTC-1	1
asc.day0_GAAATGACATCGGGTC-1	3
asc.day0_GAAATGACATTGGTAC-1	1
asc.day0_GAAATGAGTCCAACTA-1	1
asc.day0_GAAATGAGTCGTGGCT-1	2
asc.day0_GAAATGAGTGGTACAG-1	6
asc.day0_GAAATGAGTTCCTCCA-1	4
asc.day0_GAAATGAGTTTGGCGC-1	1
asc.day0_GAAATGATCATGCTCC-1	1
asc.day0_GAAATGATCCGTTGTC-1	1
asc.day0_GAACATCAGAAGCCCA-1	3
asc.day0_GAACATCAGCCAGTTT-1	3
asc.day0_GAACATCAGCGCCTCA-1	1
asc.day0_GAACATCAGCGCTTAT-1	1
asc.day0_GAACATCAGTTAACGA-1	1
asc.day0_GAACATCCAACACGCC-1	1
asc.day0_GAACATCCAAGGACAC-1	3
asc.day0_GAACATCCAAGTCTAC-1	5
asc.day0_GAACATCCACCTGGTG-1	4
asc.day0_GAACATCCAGGCGATA-1	1
asc.day0_GAACATCCAGTGAGTG-1	3
asc.day0_GAACATCCATTGGGCC-1	1
asc.day0_GAACATCGTCAAACTC-1	1
asc.day0_GAACATCGTCATGCAT-1	1
asc.day0_GAACATCGTGTCAATC-1	5
asc.day0_GAACATCTCACCATAG-1	1
asc.day0_GAACATCTCGCTGATA-1	2
asc.day0_GAACATCTCGGAGGTA-1	1
asc.day0_GAACATCTCTATCCCG-1	3
asc.day0_GAACCTAAGATATACG-1	3
asc.day0_GAACCTAAGCACCGCT-1	3
asc.day0_GAACCTAAGGCTCTTA-1	1
asc.day0_GAACCTACAAGCGATG-1	3
asc.day0_GAACCTACAATCGGTT-1	3
asc.day0_GAACCTACACACTGCG-1	3
asc.day0_GAACCTACAGGTCTCG-1	4
asc.day0_GAACCTACAGTGGGAT-1	1
asc.day0_GAACCTAGTAGTACCT-1	3
asc.day0_GAACCTAGTATAGGGC-1	5
asc.day0_GAACCTATCCACTGGG-1	1
asc.day0_GAACCTATCCGGCACA-1	3
asc.day0_GAACCTATCTCCTATA-1	2
asc.day0_GAACCTATCTGCCCTA-1	3
asc.day0_GAACGGAAGAGTAATC-1	2
asc.day0_GAACGGAAGCCCGAAA-1	4
asc.day0_GAACGGACAAGCTGGA-1	5
asc.day0_GAACGGACAAGTTCTG-1	3
asc.day0_GAACGGACAATCTGCA-1	3
asc.day0_GAACGGACAGATTGCT-1	2
asc.day0_GAACGGACATCACGTA-1	3
asc.day0_GAACGGACATCAGTCA-1	4
asc.day0_GAACGGACATGTTGAC-1	1
asc.day0_GAACGGAGTAGCCTAT-1	2
asc.day0_GAACGGAGTCGTCTTC-1	1
asc.day0_GAACGGATCATTGCGA-1	3
asc.day0_GAACGGATCCATGCTC-1	2
asc.day0_GAACGGATCGGAAACG-1	1
asc.day0_GAACGGATCTGTACGA-1	3
asc.day0_GAACGGATCTTCGGTC-1	3
asc.day0_GAAGCAGAGATCGGGT-1	1
asc.day0_GAAGCAGAGCACCGTC-1	3
asc.day0_GAAGCAGAGCTACCGC-1	1
asc.day0_GAAGCAGAGGACAGAA-1	3
asc.day0_GAAGCAGAGGCATTGG-1	1
asc.day0_GAAGCAGAGGCCGAAT-1	1
asc.day0_GAAGCAGCACACGCTG-1	4
asc.day0_GAAGCAGCACGAGGTA-1	1
asc.day0_GAAGCAGGTACCGAGA-1	5
asc.day0_GAAGCAGGTCATTAGC-1	4
asc.day0_GAAGCAGGTCGGGTCT-1	1
asc.day0_GAAGCAGGTGAGTATA-1	4
asc.day0_GAAGCAGGTTCCACAA-1	4
asc.day0_GAAGCAGGTTCCTCCA-1	3
asc.day0_GAAGCAGGTTCGTGAT-1	5
asc.day0_GAAGCAGTCAGTTTGG-1	3
asc.day0_GAAGCAGTCATTCACT-1	2
asc.day0_GAAGCAGTCGAATGGG-1	1
asc.day0_GAAGCAGTCGGCGCTA-1	4
asc.day0_GAAGCAGTCGTGGTCG-1	4
asc.day0_GAAGCAGTCTGTCCGT-1	4
asc.day0_GAATAAGAGCTAGTCT-1	4
asc.day0_GAATAAGAGTACACCT-1	7
asc.day0_GAATAAGAGTCGTACT-1	3
asc.day0_GAATAAGAGTTTAGGA-1	1
asc.day0_GAATAAGCAGGTCCAC-1	2
asc.day0_GAATAAGCAGTTTACG-1	5
asc.day0_GAATAAGCATTTGCCC-1	4
asc.day0_GAATAAGGTAGAGCTG-1	3
asc.day0_GAATAAGGTAGCTCCG-1	5
asc.day0_GAATAAGGTAGTGAAT-1	1
asc.day0_GAATAAGGTCACAAGG-1	3
asc.day0_GAATAAGGTCCGTCAG-1	4
asc.day0_GAATAAGGTTTGTTGG-1	3
asc.day0_GAATAAGTCATTGCGA-1	1
asc.day0_GAATAAGTCGAACGGA-1	3
asc.day0_GAATGAAAGCAATATG-1	4
asc.day0_GAATGAAAGGAGCGTT-1	1
asc.day0_GAATGAAAGTACGTAA-1	3
asc.day0_GAATGAACAAAGCAAT-1	3
asc.day0_GAATGAACACATCTTT-1	4
asc.day0_GAATGAACAGGTCGTC-1	3
asc.day0_GAATGAACATCGGGTC-1	4
asc.day0_GAATGAAGTAGCGTGA-1	3
asc.day0_GAATGAAGTCTAGCCG-1	1
asc.day0_GAATGAAGTCTCAACA-1	2
asc.day0_GAATGAAGTCTTTCAT-1	4
asc.day0_GAATGAAGTGATGTGG-1	1
asc.day0_GAATGAAGTTAAGTAG-1	1
asc.day0_GAATGAAGTTACGACT-1	2
asc.day0_GAATGAAGTTTGACTG-1	1
asc.day0_GAATGAATCGCGTAGC-1	2
asc.day0_GAATGAATCTATCCTA-1	1
asc.day0_GACACGCAGAACTGTA-1	3
asc.day0_GACACGCAGTGCCATT-1	7
asc.day0_GACACGCCAATGGACG-1	3
asc.day0_GACACGCCACAACTGT-1	4
asc.day0_GACACGCCACAGGCCT-1	3
asc.day0_GACACGCGTCGCTTCT-1	1
asc.day0_GACACGCGTGAACCTT-1	4
asc.day0_GACACGCGTTCACCTC-1	3
asc.day0_GACACGCTCCCTTGCA-1	3
asc.day0_GACAGAGAGCCACGTC-1	1
asc.day0_GACAGAGAGCCGGTAA-1	3
asc.day0_GACAGAGCAATGGAAT-1	3
asc.day0_GACAGAGCACATCCGG-1	1
asc.day0_GACAGAGCAGCCAGAA-1	3
asc.day0_GACAGAGCAGCCTATA-1	4
asc.day0_GACAGAGCATATACCG-1	1
asc.day0_GACAGAGGTACATCCA-1	1
asc.day0_GACAGAGGTCTCCCTA-1	5
asc.day0_GACAGAGGTTGGTGGA-1	4
asc.day0_GACAGAGTCAGCGATT-1	2
asc.day0_GACAGAGTCCGTTGCT-1	1
asc.day0_GACAGAGTCGAGAACG-1	1
asc.day0_GACAGAGTCGAGGTAG-1	3
asc.day0_GACAGAGTCTGCTTGC-1	6
asc.day0_GACCAATAGTGCCAGA-1	3
asc.day0_GACCAATGTACCATCA-1	1
asc.day0_GACCAATGTCAGAGGT-1	1
asc.day0_GACCAATGTCGCATCG-1	2
asc.day0_GACCAATGTTAGGGTG-1	1
asc.day0_GACCAATTCCGTTGTC-1	1
asc.day0_GACCAATTCCTAGGGC-1	1
asc.day0_GACCAATTCGTCGTTC-1	4
asc.day0_GACCTGGAGATGCGAC-1	4
asc.day0_GACCTGGAGGTCATCT-1	1
asc.day0_GACCTGGAGGTGCTTT-1	3
asc.day0_GACCTGGAGTAACCCT-1	3
asc.day0_GACCTGGCACACAGAG-1	5
asc.day0_GACCTGGCACCAGTTA-1	1
asc.day0_GACCTGGCACGAAAGC-1	1
asc.day0_GACCTGGCAGGACGTA-1	5
asc.day0_GACCTGGGTGGCTCCA-1	2
asc.day0_GACCTGGGTTAAGAAC-1	3
asc.day0_GACCTGGGTTAAGGGC-1	3
asc.day0_GACCTGGTCTCTGCTG-1	1
asc.day0_GACCTGGTCTGCGGCA-1	2
asc.day0_GACCTGGTCTTATCTG-1	3
asc.day0_GACGCGTAGCTAAGAT-1	4
asc.day0_GACGCGTAGGGCTTCC-1	3
asc.day0_GACGCGTAGTGGACGT-1	3
asc.day0_GACGCGTAGTGGTCCC-1	2
asc.day0_GACGCGTAGTTATCGC-1	1
asc.day0_GACGCGTCAAAGTGCG-1	4
asc.day0_GACGCGTCACCAGTTA-1	3
asc.day0_GACGCGTCACTAAGTC-1	2
asc.day0_GACGCGTCAGCTGTAT-1	1
asc.day0_GACGCGTCATCTCCCA-1	1
asc.day0_GACGCGTGTAACGCGA-1	1
asc.day0_GACGCGTGTATAAACG-1	3
asc.day0_GACGCGTGTGACGGTA-1	3
asc.day0_GACGCGTGTGTTAAGA-1	3
asc.day0_GACGCGTGTTATGTGC-1	5
asc.day0_GACGCGTGTTGGTGGA-1	2
asc.day0_GACGCGTTCAGGATCT-1	1
asc.day0_GACGCGTTCCATGAAC-1	3
asc.day0_GACGCGTTCGACAGCC-1	1
asc.day0_GACGCGTTCTGAGGGA-1	5
asc.day0_GACGCGTTCTTAGAGC-1	1
asc.day0_GACGGCTAGTACTTGC-1	4
asc.day0_GACGGCTCACATAACC-1	1
asc.day0_GACGGCTCACTGTGTA-1	3
asc.day0_GACGGCTCAGGGTACA-1	3
asc.day0_GACGGCTCATCACCCT-1	3
asc.day0_GACGGCTCATGCTAGT-1	3
asc.day0_GACGGCTCATTGGTAC-1	1
asc.day0_GACGGCTGTACCTACA-1	1
asc.day0_GACGGCTGTACTCTCC-1	2
asc.day0_GACGGCTGTAGCCTCG-1	1
asc.day0_GACGGCTGTATTAGCC-1	4
asc.day0_GACGGCTGTCATCGGC-1	3
asc.day0_GACGGCTGTGGAAAGA-1	3
asc.day0_GACGGCTGTTGGTTTG-1	3
asc.day0_GACGGCTTCCACGTGG-1	1
asc.day0_GACGGCTTCCCTAATT-1	5
asc.day0_GACGGCTTCTGCGTAA-1	3
asc.day0_GACGTGCAGAGGGATA-1	1
asc.day0_GACGTGCAGATCGGGT-1	4
asc.day0_GACGTGCAGGCTAGGT-1	3
asc.day0_GACGTGCAGTGCCATT-1	1
asc.day0_GACGTGCCATGCCTAA-1	3
asc.day0_GACGTGCGTACGCTGC-1	4
asc.day0_GACGTGCGTATGAAAC-1	3
asc.day0_GACGTGCGTCGCGAAA-1	1
asc.day0_GACGTGCTCTGCTTGC-1	1
asc.day0_GACGTTAAGAACAATC-1	3
asc.day0_GACGTTAAGAGACGAA-1	3
asc.day0_GACGTTAAGATAGGAG-1	3
asc.day0_GACGTTAAGATCGGGT-1	3
asc.day0_GACGTTAAGCGTAATA-1	1
asc.day0_GACGTTAAGCGTTCCG-1	4
asc.day0_GACGTTAAGTCCAGGA-1	1
asc.day0_GACGTTAAGTGAACAT-1	3
asc.day0_GACGTTAAGTGTACTC-1	4
asc.day0_GACGTTACAAGGTTCT-1	3
asc.day0_GACGTTACAGCCTGTG-1	2
asc.day0_GACGTTAGTACAGTGG-1	4
asc.day0_GACGTTAGTATGAATG-1	1
asc.day0_GACGTTAGTCCAGTGC-1	1
asc.day0_GACGTTAGTGCCTGTG-1	3
asc.day0_GACGTTATCGCGTAGC-1	1
asc.day0_GACGTTATCTATCGCC-1	1
asc.day0_GACTAACAGATGCCTT-1	3
asc.day0_GACTAACAGCCACTAT-1	5
asc.day0_GACTAACCAATGCCAT-1	3
asc.day0_GACTAACCACGTCTCT-1	3
asc.day0_GACTAACCATGGAATA-1	2
asc.day0_GACTAACGTACCGGCT-1	3
asc.day0_GACTAACGTAGATTAG-1	4
asc.day0_GACTAACGTCCGAATT-1	3
asc.day0_GACTAACGTGCTCTTC-1	1
asc.day0_GACTAACGTGTTTGTG-1	3
asc.day0_GACTAACGTTCAGCGC-1	5
asc.day0_GACTAACTCAACGGGA-1	6
asc.day0_GACTAACTCAGGTAAA-1	1
asc.day0_GACTAACTCCCATTAT-1	1
asc.day0_GACTAACTCCGGGTGT-1	5
asc.day0_GACTACAAGAGGTACC-1	1
asc.day0_GACTACAAGCAGGTCA-1	1
asc.day0_GACTACAAGCATCATC-1	2
asc.day0_GACTACAAGGAATGGA-1	4
asc.day0_GACTACAAGTAGGCCA-1	3
asc.day0_GACTACACAAGCTGGA-1	1
asc.day0_GACTACACACAGATTC-1	4
asc.day0_GACTACACACAGGCCT-1	2
asc.day0_GACTACACACTACAGT-1	1
asc.day0_GACTACACAGTAAGAT-1	3
asc.day0_GACTACACAGTCGTGC-1	4
asc.day0_GACTACAGTATGGTTC-1	6
asc.day0_GACTACAGTCATATGC-1	4
asc.day0_GACTACAGTCATGCAT-1	1
asc.day0_GACTACAGTCGCGTGT-1	3
asc.day0_GACTACAGTCGGATCC-1	3
asc.day0_GACTACAGTTCGAATC-1	1
asc.day0_GACTACAGTTGACGTT-1	1
asc.day0_GACTACATCACGACTA-1	1
asc.day0_GACTGCGAGATCGATA-1	1
asc.day0_GACTGCGAGCGATAGC-1	1
asc.day0_GACTGCGAGCTCCCAG-1	1
asc.day0_GACTGCGAGTGTCCCG-1	1
asc.day0_GACTGCGCAAAGCGGT-1	1
asc.day0_GACTGCGCAAGTTAAG-1	5
asc.day0_GACTGCGCAGCTATTG-1	4
asc.day0_GACTGCGCATCTACGA-1	4
asc.day0_GACTGCGCATTACCTT-1	4
asc.day0_GACTGCGGTACCTACA-1	1
asc.day0_GACTGCGGTAGGCTGA-1	2
asc.day0_GACTGCGGTCAACATC-1	1
asc.day0_GACTGCGTCCGCGCAA-1	3
asc.day0_GACTGCGTCCGTAGGC-1	3
asc.day0_GAGCAGAAGAAACGCC-1	1
asc.day0_GAGCAGAAGAGACTAT-1	4
asc.day0_GAGCAGAAGCAATATG-1	5
asc.day0_GAGCAGAAGCTAGTTC-1	2
asc.day0_GAGCAGAAGTCTCCTC-1	6
asc.day0_GAGCAGAAGTGCGATG-1	6
asc.day0_GAGCAGACAAGGTGTG-1	2
asc.day0_GAGCAGACAATACGCT-1	2
asc.day0_GAGCAGACACAAGCCC-1	1
asc.day0_GAGCAGACAGCCTATA-1	4
asc.day0_GAGCAGACATCGATTG-1	4
asc.day0_GAGCAGACATGCATGT-1	5
asc.day0_GAGCAGAGTCACACGC-1	5
asc.day0_GAGCAGAGTCGGCATC-1	4
asc.day0_GAGCAGAGTTCACGGC-1	3
asc.day0_GAGGTGAAGAATCTCC-1	4
asc.day0_GAGGTGAAGAGGACGG-1	1
asc.day0_GAGGTGAAGGTAGCCA-1	1
asc.day0_GAGGTGAAGTCCTCCT-1	1
asc.day0_GAGGTGAAGTCTCAAC-1	1
asc.day0_GAGGTGACAACTGGCC-1	1
asc.day0_GAGGTGACAATGACCT-1	4
asc.day0_GAGGTGACACACGCTG-1	3
asc.day0_GAGGTGACACCATGTA-1	3
asc.day0_GAGGTGACAGATTGCT-1	2
asc.day0_GAGGTGAGTCCGTTAA-1	3
asc.day0_GAGGTGAGTGTTGGGA-1	4
asc.day0_GAGGTGATCAAACCGT-1	3
asc.day0_GAGGTGATCAAGCCTA-1	3
asc.day0_GAGGTGATCTTACCGC-1	3
asc.day0_GAGTCCGAGCTGCGAA-1	3
asc.day0_GAGTCCGAGGACTGGT-1	1
asc.day0_GAGTCCGAGTCCTCCT-1	3
asc.day0_GAGTCCGAGTGTGAAT-1	1
asc.day0_GAGTCCGCAGCCAATT-1	3
asc.day0_GAGTCCGCATCCTTGC-1	3
asc.day0_GAGTCCGTCAATCTCT-1	4
asc.day0_GAGTCCGTCGGAAATA-1	1
asc.day0_GAGTCCGTCTAGAGTC-1	1
asc.day0_GAGTCCGTCTGTTTGT-1	3
asc.day0_GATCAGTAGCCCAGCT-1	3
asc.day0_GATCAGTCAAGCCGCT-1	1
asc.day0_GATCAGTCAGATCGGA-1	4
asc.day0_GATCAGTGTAGTACCT-1	1
asc.day0_GATCAGTGTGCACGAA-1	2
asc.day0_GATCAGTGTTCTGAAC-1	4
asc.day0_GATCAGTTCATGTGGT-1	3
asc.day0_GATCAGTTCCCAAGTA-1	4
asc.day0_GATCGATAGAGTTGGC-1	3
asc.day0_GATCGATAGATTACCC-1	3
asc.day0_GATCGATAGCCCAACC-1	4
asc.day0_GATCGATCACCTATCC-1	1
asc.day0_GATCGATCAGCCTTTC-1	3
asc.day0_GATCGATCAGTTCATG-1	3
asc.day0_GATCGATCATGTCGAT-1	1
asc.day0_GATCGATCATTTGCCC-1	6
asc.day0_GATCGATGTATGAAAC-1	4
asc.day0_GATCGATGTATTCGTG-1	2
asc.day0_GATCGATGTCTCTCTG-1	2
asc.day0_GATCGATGTGATAAGT-1	3
asc.day0_GATCGATGTTGGTTTG-1	3
asc.day0_GATCGATTCATAACCG-1	4
asc.day0_GATCGATTCATGTCTT-1	3
asc.day0_GATCGATTCTTTACGT-1	4
asc.day0_GATCGCGAGAGAACAG-1	3
asc.day0_GATCGCGAGAGTACCG-1	1
asc.day0_GATCGCGAGGCTCAGA-1	1
asc.day0_GATCGCGAGTGTGAAT-1	1
asc.day0_GATCGCGCAACTGCGC-1	4
asc.day0_GATCGCGCAAGCGATG-1	5
asc.day0_GATCGCGCACATGGGA-1	3
asc.day0_GATCGCGCACCGAAAG-1	1
asc.day0_GATCGCGCAGTGACAG-1	1
asc.day0_GATCGCGCATGTCTCC-1	3
asc.day0_GATCGCGGTAGCGTCC-1	1
asc.day0_GATCGCGGTCGAAAGC-1	3
asc.day0_GATCGCGGTGAACCTT-1	5
asc.day0_GATCGCGTCCGAACGC-1	4
asc.day0_GATCGCGTCTCCCTGA-1	1
asc.day0_GATCGCGTCTTAGAGC-1	6
asc.day0_GATCGTAAGATTACCC-1	1
asc.day0_GATCGTAAGCGATAGC-1	5
asc.day0_GATCGTAAGCGTGAAC-1	1
asc.day0_GATCGTAAGGCAGTCA-1	1
asc.day0_GATCGTAAGTCATGCT-1	4
asc.day0_GATCGTAAGTGGGCTA-1	3
asc.day0_GATCGTACAAAGTCAA-1	1
asc.day0_GATCGTACAACAACCT-1	4
asc.day0_GATCGTACAAGCTGAG-1	3
asc.day0_GATCGTACACACCGAC-1	1
asc.day0_GATCGTACACCACGTG-1	1
asc.day0_GATCGTACACCAGATT-1	1
asc.day0_GATCGTACAGGGAGAG-1	1
asc.day0_GATCGTAGTACGAAAT-1	3
asc.day0_GATCGTAGTGACGGTA-1	1
asc.day0_GATCGTATCGTCCAGG-1	1
asc.day0_GATCTAGAGAGCTGCA-1	3
asc.day0_GATCTAGAGAGTAATC-1	1
asc.day0_GATCTAGAGATATGGT-1	2
asc.day0_GATCTAGAGCTGAAAT-1	4
asc.day0_GATCTAGAGGGTGTGT-1	4
asc.day0_GATCTAGAGGTCGGAT-1	3
asc.day0_GATCTAGAGTCATGCT-1	1
asc.day0_GATCTAGCAAGCTGGA-1	5
asc.day0_GATCTAGCAATAAGCA-1	4
asc.day0_GATCTAGCACAGACAG-1	1
asc.day0_GATCTAGCAGCCTTGG-1	5
asc.day0_GATCTAGGTACCATCA-1	3
asc.day0_GATCTAGGTACCGTAT-1	3
asc.day0_GATGAAAAGAGTGAGA-1	3
asc.day0_GATGAAAAGCTCAACT-1	3
asc.day0_GATGAAACACCGTTGG-1	1
asc.day0_GATGAAACAGACTCGC-1	3
asc.day0_GATGAAACAGCAGTTT-1	4
asc.day0_GATGAAACATCCGGGT-1	3
asc.day0_GATGAAACATGTCGAT-1	5
asc.day0_GATGAAAGTAAATGAC-1	4
asc.day0_GATGAAAGTCAGCTAT-1	1
asc.day0_GATGAAAGTCCTCCAT-1	1
asc.day0_GATGAAAGTCGAAAGC-1	1
asc.day0_GATGAAATCAGTACGT-1	4
asc.day0_GATGAAATCATCGGAT-1	4
asc.day0_GATGAAATCCCATTAT-1	3
asc.day0_GATGAAATCGGTGTCG-1	5
asc.day0_GATGAGGAGAAGATTC-1	2
asc.day0_GATGAGGAGTGACTCT-1	2
asc.day0_GATGAGGCACACATGT-1	3
asc.day0_GATGAGGCACAGACTT-1	2
asc.day0_GATGAGGCACATCTTT-1	4
asc.day0_GATGAGGCACGGCGTT-1	3
asc.day0_GATGAGGCACGTGAGA-1	3
asc.day0_GATGAGGGTAGGGACT-1	4
asc.day0_GATGAGGGTCATCGGC-1	1
asc.day0_GATGAGGGTCGGCATC-1	3
asc.day0_GATGAGGGTTAGGGTG-1	3
asc.day0_GATGAGGTCCTCTAGC-1	1
asc.day0_GATGCTAAGTCCGTAT-1	2
asc.day0_GATGCTACAAGGTTCT-1	3
asc.day0_GATGCTACAGACTCGC-1	3
asc.day0_GATGCTACAGTAAGAT-1	3
asc.day0_GATGCTACATGTAAGA-1	1
asc.day0_GATGCTAGTAAGTGTA-1	3
asc.day0_GATGCTAGTAATAGCA-1	2
asc.day0_GATGCTAGTAGTACCT-1	4
asc.day0_GATGCTAGTATCAGTC-1	4
asc.day0_GATGCTAGTGAGGGAG-1	3
asc.day0_GATGCTAGTGCCTGTG-1	5
asc.day0_GATGCTAGTTAAGATG-1	4
asc.day0_GATGCTATCAAGATCC-1	3
asc.day0_GATGCTATCCCTGACT-1	3
asc.day0_GATGCTATCGCCGTGA-1	2
asc.day0_GATGCTATCGGTCTAA-1	1
asc.day0_GATTCAGAGAAACCGC-1	3
asc.day0_GATTCAGAGACGCTTT-1	4
asc.day0_GATTCAGAGCCGGTAA-1	4
asc.day0_GATTCAGAGCGATCCC-1	3
asc.day0_GATTCAGCAAGCGCTC-1	3
asc.day0_GATTCAGCACTTCTGC-1	3
asc.day0_GATTCAGCAGTCGATT-1	4
asc.day0_GATTCAGGTACTCGCG-1	1
asc.day0_GATTCAGGTAGAAGGA-1	1
asc.day0_GATTCAGGTCGTTGTA-1	4
asc.day0_GATTCAGGTCTCCCTA-1	1
asc.day0_GATTCAGTCAAAGACA-1	1
asc.day0_GATTCAGTCAAGCCTA-1	4
asc.day0_GATTCAGTCCAGATCA-1	1
asc.day0_GCAAACTAGATAGCAT-1	1
asc.day0_GCAAACTCAAAGAATC-1	3
asc.day0_GCAAACTCAGGGTATG-1	1
asc.day0_GCAAACTCATGAGCGA-1	3
asc.day0_GCAAACTGTCCTCTTG-1	1
asc.day0_GCAAACTGTTGCTCCT-1	1
asc.day0_GCAAACTTCAGGCCCA-1	1
asc.day0_GCAAACTTCATCGGAT-1	5
asc.day0_GCAAACTTCCACGTTC-1	2
asc.day0_GCAAACTTCCAGAAGG-1	2
asc.day0_GCAAACTTCGCGTAGC-1	2
asc.day0_GCAATCAAGCTAGTGG-1	1
asc.day0_GCAATCACATGAGCGA-1	2
asc.day0_GCAATCAGTAAATGTG-1	5
asc.day0_GCAATCAGTATTAGCC-1	3
asc.day0_GCAATCAGTCCGTCAG-1	3
asc.day0_GCAATCAGTCGACTGC-1	4
asc.day0_GCAATCAGTGTTCGAT-1	1
asc.day0_GCAATCAGTGTTCTTT-1	4
asc.day0_GCAATCATCCAAACAC-1	1
asc.day0_GCAATCATCTCTGCTG-1	1
asc.day0_GCACATAAGTAGTGCG-1	1
asc.day0_GCACATAAGTGCCAGA-1	3
asc.day0_GCACATAAGTGGGTTG-1	3
asc.day0_GCACATAAGTTCGCAT-1	2
asc.day0_GCACATACAATGCCAT-1	3
asc.day0_GCACATACATCTCCCA-1	3
asc.day0_GCACATAGTACTCGCG-1	1
asc.day0_GCACATAGTCCATGAT-1	2
asc.day0_GCACATAGTCGCATAT-1	3
asc.day0_GCACATAGTCTTCAAG-1	3
asc.day0_GCACATAGTGCCTTGG-1	3
asc.day0_GCACATATCCCTAATT-1	3
asc.day0_GCACATATCCGAATGT-1	2
asc.day0_GCACTCTAGCTATGCT-1	1
asc.day0_GCACTCTAGGCGACAT-1	3
asc.day0_GCACTCTCAACAACCT-1	2
asc.day0_GCACTCTCACTTCTGC-1	3
asc.day0_GCACTCTCAGGCAGTA-1	2
asc.day0_GCACTCTCAGGTCTCG-1	4
asc.day0_GCACTCTCATCGGGTC-1	1
asc.day0_GCACTCTGTAGCACGA-1	4
asc.day0_GCACTCTGTAGCTGCC-1	1
asc.day0_GCACTCTGTCCAAGTT-1	3
asc.day0_GCACTCTGTCGAAAGC-1	2
asc.day0_GCACTCTTCAGTTCGA-1	3
asc.day0_GCACTCTTCATGTCCC-1	4
asc.day0_GCACTCTTCGCTGATA-1	1
asc.day0_GCACTCTTCGTACGGC-1	2
asc.day0_GCACTCTTCTAACTGG-1	1
asc.day0_GCACTCTTCTCAAGTG-1	6
asc.day0_GCACTCTTCTTGCATT-1	4
asc.day0_GCAGCCAAGAAGGACA-1	3
asc.day0_GCAGCCAAGGTGCACA-1	2
asc.day0_GCAGCCAAGTCTTGCA-1	4
asc.day0_GCAGCCACACTAGTAC-1	4
asc.day0_GCAGCCACAGCTGGCT-1	3
asc.day0_GCAGCCACAGTGAGTG-1	3
asc.day0_GCAGCCACATGGAATA-1	1
asc.day0_GCAGCCAGTCATATCG-1	1
asc.day0_GCAGCCAGTCATTAGC-1	3
asc.day0_GCAGCCAGTCTACCTC-1	4
asc.day0_GCAGCCAGTGGCAAAC-1	3
asc.day0_GCAGCCATCGCCATAA-1	3
asc.day0_GCAGCCATCGGTGTTA-1	3
asc.day0_GCAGCCATCTCGTATT-1	4
asc.day0_GCAGTTAAGCCTATGT-1	4
asc.day0_GCAGTTAAGCTAACAA-1	1
asc.day0_GCAGTTAAGGTTACCT-1	3
asc.day0_GCAGTTACAACTTGAC-1	1
asc.day0_GCAGTTACAAGTCTAC-1	3
asc.day0_GCAGTTACATCCTAGA-1	2
asc.day0_GCAGTTAGTATTCTCT-1	2
asc.day0_GCAGTTAGTCATCCCT-1	1
asc.day0_GCAGTTAGTCTAACGT-1	2
asc.day0_GCAGTTAGTTACGCGC-1	4
asc.day0_GCAGTTAGTTGATTCG-1	1
asc.day0_GCAGTTATCTGTCTAT-1	1
asc.day0_GCATACAAGGCAAAGA-1	1
asc.day0_GCATACAAGTAGCGGT-1	1
asc.day0_GCATACACAAGTCTAC-1	2
asc.day0_GCATACACACTTGGAT-1	3
asc.day0_GCATACACATCTCGCT-1	3
asc.day0_GCATACAGTAGCTAAA-1	1
asc.day0_GCATACAGTAGGGTAC-1	3
asc.day0_GCATACAGTCACTGGC-1	2
asc.day0_GCATACAGTCTGATCA-1	2
asc.day0_GCATACAGTGCGGTAA-1	5
asc.day0_GCATACAGTGGACGAT-1	3
asc.day0_GCATACAGTGTCTGAT-1	3
asc.day0_GCATACAGTTAAGATG-1	2
asc.day0_GCATACAGTTCGGCAC-1	4
asc.day0_GCATACAGTTGCTCCT-1	3
asc.day0_GCATACATCAAACCGT-1	5
asc.day0_GCATACATCAGGATCT-1	1
asc.day0_GCATACATCCGAAGAG-1	1
asc.day0_GCATACATCCGAGCCA-1	1
asc.day0_GCATACATCCGTACAA-1	3
asc.day0_GCATACATCGATGAGG-1	1
asc.day0_GCATGATAGCTGCAAG-1	3
asc.day0_GCATGATAGGAATGGA-1	3
asc.day0_GCATGATAGGGAGTAA-1	4
asc.day0_GCATGATAGGGCTCTC-1	3
asc.day0_GCATGATAGGTGCTTT-1	2
asc.day0_GCATGATAGTGTGAAT-1	2
asc.day0_GCATGATCACCATGTA-1	2
asc.day0_GCATGATCATGCTAGT-1	1
asc.day0_GCATGATGTAATTGGA-1	4
asc.day0_GCATGATGTCAATACC-1	2
asc.day0_GCATGATGTCGCATCG-1	3
asc.day0_GCATGATGTGAGCGAT-1	1
asc.day0_GCATGATGTTACAGAA-1	1
asc.day0_GCATGATGTTCAGACT-1	1
asc.day0_GCATGATGTTCCGTCT-1	1
asc.day0_GCATGATGTTCGTCTC-1	3
asc.day0_GCATGATTCAGAAATG-1	1
asc.day0_GCATGATTCAGTCCCT-1	5
asc.day0_GCATGCGAGATCTGCT-1	1
asc.day0_GCATGCGAGGAGTTTA-1	2
asc.day0_GCATGCGAGGCGTACA-1	2
asc.day0_GCATGCGAGGGATCTG-1	1
asc.day0_GCATGCGAGGGCTCTC-1	3
asc.day0_GCATGCGAGTGTACGG-1	3
asc.day0_GCATGCGCAACGATGG-1	3
asc.day0_GCATGCGCAAGAAAGG-1	3
asc.day0_GCATGCGCAATAAGCA-1	4
asc.day0_GCATGCGCACTTACGA-1	3
asc.day0_GCATGCGCAGCCTTGG-1	3
asc.day0_GCATGCGCATATACCG-1	2
asc.day0_GCATGCGGTACAGTTC-1	5
asc.day0_GCATGCGGTATATGAG-1	1
asc.day0_GCATGCGGTATGGTTC-1	2
asc.day0_GCATGCGGTCGCGGTT-1	3
asc.day0_GCATGCGGTCTAGAGG-1	5
asc.day0_GCATGCGTCACGGTTA-1	4
asc.day0_GCATGCGTCACTCTTA-1	3
asc.day0_GCATGCGTCCGAATGT-1	1
asc.day0_GCATGCGTCTAAGCCA-1	2
asc.day0_GCATGTAGTAGTACCT-1	2
asc.day0_GCATGTAGTCAAAGCG-1	1
asc.day0_GCATGTATCAGGTAAA-1	3
asc.day0_GCATGTATCATACGGT-1	1
asc.day0_GCATGTATCCTACAGA-1	3
asc.day0_GCATGTATCCTTAATC-1	1
asc.day0_GCCAAATAGCGAAGGG-1	4
asc.day0_GCCAAATAGGATGGAA-1	2
asc.day0_GCCAAATAGTCCGGTC-1	3
asc.day0_GCCAAATAGTTCGCAT-1	5
asc.day0_GCCAAATAGTTGCAGG-1	5
asc.day0_GCCAAATCAAAGTCAA-1	1
asc.day0_GCCAAATCAACGATCT-1	3
asc.day0_GCCAAATCACATGTGT-1	5
asc.day0_GCCAAATCAGTCCTTC-1	4
asc.day0_GCCAAATGTGCAGACA-1	1
asc.day0_GCCAAATGTGCGAAAC-1	3
asc.day0_GCCAAATGTTTGCATG-1	1
asc.day0_GCCAAATGTTTGGGCC-1	3
asc.day0_GCCAAATTCATACGGT-1	4
asc.day0_GCCAAATTCCCGGATG-1	1
asc.day0_GCCAAATTCCGCGGTA-1	1
asc.day0_GCCAAATTCCTGCCAT-1	4
asc.day0_GCCAAATTCTTCGAGA-1	1
asc.day0_GCCAAATTCTTTCCTC-1	1
asc.day0_GCCTCTAAGAAGGGTA-1	2
asc.day0_GCCTCTAAGATAGCAT-1	1
asc.day0_GCCTCTAAGTGGGATC-1	3
asc.day0_GCCTCTACAAGACACG-1	3
asc.day0_GCCTCTACATATACGC-1	1
asc.day0_GCCTCTAGTCCGTGAC-1	1
asc.day0_GCCTCTAGTCCTGCTT-1	1
asc.day0_GCCTCTAGTTCCACTC-1	2
asc.day0_GCCTCTATCACTTACT-1	3
asc.day0_GCCTCTATCGCGGATC-1	4
asc.day0_GCGACCAAGACAATAC-1	4
asc.day0_GCGACCAAGCGACGTA-1	4
asc.day0_GCGACCAAGGACTGGT-1	1
asc.day0_GCGACCAAGGTAGCCA-1	2
asc.day0_GCGACCAAGGTCGGAT-1	4
asc.day0_GCGACCAAGTGCGATG-1	3
asc.day0_GCGACCACAAGACACG-1	1
asc.day0_GCGACCACAAGTCTAC-1	3
asc.day0_GCGACCACACCATCCT-1	5
asc.day0_GCGACCAGTAGTAGTA-1	1
asc.day0_GCGACCAGTCGAATCT-1	1
asc.day0_GCGACCAGTGCACTTA-1	3
asc.day0_GCGACCAGTTCACGGC-1	1
asc.day0_GCGACCATCAAACAAG-1	3
asc.day0_GCGACCATCTGATACG-1	1
asc.day0_GCGACCATCTGGCGTG-1	6
asc.day0_GCGACCATCTTGTTTG-1	1
asc.day0_GCGAGAAAGTGCTGCC-1	3
asc.day0_GCGAGAAAGTGTGGCA-1	2
asc.day0_GCGAGAAAGTTATCGC-1	3
asc.day0_GCGAGAACAATTCCTT-1	3
asc.day0_GCGAGAACATGTCTCC-1	4
asc.day0_GCGAGAAGTCTTCGTC-1	4
asc.day0_GCGAGAAGTTGGGACA-1	6
asc.day0_GCGAGAATCGCAAGCC-1	1
asc.day0_GCGAGAATCGTTTGCC-1	1
asc.day0_GCGCAACAGCTGCCCA-1	3
asc.day0_GCGCAACAGGTGATAT-1	1
asc.day0_GCGCAACAGGTGGGTT-1	3
asc.day0_GCGCAACCAAGGACAC-1	5
asc.day0_GCGCAACCACACAGAG-1	1
asc.day0_GCGCAACCACCCAGTG-1	1
asc.day0_GCGCAACCATGCCCGA-1	1
asc.day0_GCGCAACGTATCACCA-1	3
asc.day0_GCGCAACGTCATCGGC-1	1
asc.day0_GCGCAACGTTGATTCG-1	1
asc.day0_GCGCAACTCTAACTTC-1	1
asc.day0_GCGCAACTCTTACCTA-1	2
asc.day0_GCGCAACTCTTGTACT-1	1
asc.day0_GCGCAGTCAAAGCGGT-1	4
asc.day0_GCGCAGTCAAGCGCTC-1	2
asc.day0_GCGCAGTCAGTAAGCG-1	4
asc.day0_GCGCAGTCAGTATCTG-1	3
asc.day0_GCGCAGTCATCGATGT-1	2
asc.day0_GCGCAGTGTACCGAGA-1	2
asc.day0_GCGCAGTGTCTCTCGT-1	1
asc.day0_GCGCAGTGTTACTGAC-1	4
asc.day0_GCGCAGTTCAAACCGT-1	2
asc.day0_GCGCAGTTCCAGAAGG-1	1
asc.day0_GCGCAGTTCCGCATAA-1	1
asc.day0_GCGCCAAAGACCCACC-1	2
asc.day0_GCGCCAAAGATAGGAG-1	1
asc.day0_GCGCCAACAAACCCAT-1	5
asc.day0_GCGCCAACAAGGTTTC-1	3
asc.day0_GCGCCAACAGTCAGCC-1	1
asc.day0_GCGCCAAGTAGCTCCG-1	3
asc.day0_GCGCCAAGTAGGCATG-1	3
asc.day0_GCGCCAAGTCTTGCGG-1	3
asc.day0_GCGCCAATCACGCGGT-1	3
asc.day0_GCGCCAATCCCAAGAT-1	1
asc.day0_GCGCCAATCGTTACAG-1	3
asc.day0_GCGCGATAGAATGTTG-1	1
asc.day0_GCGCGATAGCGTAGTG-1	4
asc.day0_GCGCGATAGCGTGAGT-1	3
asc.day0_GCGCGATCAACGATCT-1	3
asc.day0_GCGCGATCAAGCCATT-1	4
asc.day0_GCGCGATCAATCTGCA-1	3
asc.day0_GCGCGATCACAGGCCT-1	4
asc.day0_GCGCGATCATAGAAAC-1	1
asc.day0_GCGCGATGTAATTGGA-1	3
asc.day0_GCGCGATTCAACGAAA-1	1
asc.day0_GCGCGATTCGACGGAA-1	3
asc.day0_GCGCGATTCTCCAGGG-1	3
asc.day0_GCGCGATTCTTTAGGG-1	1
asc.day0_GCGGGTTAGCTAGTCT-1	1
asc.day0_GCGGGTTAGCTATGCT-1	3
asc.day0_GCGGGTTAGGGTCGAT-1	3
asc.day0_GCGGGTTAGTCTCCTC-1	3
asc.day0_GCGGGTTCAAATACAG-1	3
asc.day0_GCGGGTTCAACGATCT-1	1
asc.day0_GCGGGTTCACCTATCC-1	4
asc.day0_GCGGGTTCACGGTAAG-1	3
asc.day0_GCGGGTTCACTACAGT-1	2
asc.day0_GCGGGTTCAGGTTTCA-1	2
asc.day0_GCGGGTTCAGTAAGCG-1	1
asc.day0_GCGGGTTCAGTGGAGT-1	1
asc.day0_GCGGGTTGTAAGCACG-1	1
asc.day0_GCGGGTTGTATCTGCA-1	1
asc.day0_GCGGGTTTCAACTCTT-1	4
asc.day0_GCGGGTTTCCTCAACC-1	3
asc.day0_GCGGGTTTCGGCTACG-1	1
asc.day0_GCTCCTAAGAGACTAT-1	3
asc.day0_GCTCCTAAGGAGCGAG-1	4
asc.day0_GCTCCTAAGGCTAGAC-1	2
asc.day0_GCTCCTAAGGTGTGGT-1	3
asc.day0_GCTCCTAAGTACATGA-1	3
asc.day0_GCTCCTAAGTGCCAGA-1	3
asc.day0_GCTCCTAAGTTAGCGG-1	3
asc.day0_GCTCCTACAAGCGATG-1	3
asc.day0_GCTCCTACACCTCGGA-1	5
asc.day0_GCTCCTACAGTCCTTC-1	1
asc.day0_GCTCCTAGTCAGGACA-1	4
asc.day0_GCTCCTAGTCATGCCG-1	2
asc.day0_GCTCCTAGTTATCCGA-1	3
asc.day0_GCTCCTATCAAGGCTT-1	3
asc.day0_GCTCCTATCCGAGCCA-1	2
asc.day0_GCTCTGTAGAGGGCTT-1	5
asc.day0_GCTCTGTAGGGCATGT-1	1
asc.day0_GCTCTGTGTAGGACAC-1	4
asc.day0_GCTCTGTGTCTGATTG-1	6
asc.day0_GCTCTGTTCAACGGGA-1	1
asc.day0_GCTCTGTTCACGACTA-1	3
asc.day0_GCTCTGTTCAGCAACT-1	3
asc.day0_GCTGCAGAGAGGTAGA-1	3
asc.day0_GCTGCAGAGCGCCTCA-1	3
asc.day0_GCTGCAGAGCTATGCT-1	1
asc.day0_GCTGCAGCAATGGAAT-1	3
asc.day0_GCTGCAGCAGATGGCA-1	3
asc.day0_GCTGCAGCAGTCTTCC-1	3
asc.day0_GCTGCAGCATATACCG-1	3
asc.day0_GCTGCAGCATGGTAGG-1	3
asc.day0_GCTGCAGCATTCCTCG-1	3
asc.day0_GCTGCAGGTCCGTGAC-1	4
asc.day0_GCTGCAGGTCGGCTCA-1	4
asc.day0_GCTGCAGGTGTGTGCC-1	3
asc.day0_GCTGCGAAGCCTTGAT-1	1
asc.day0_GCTGCGACATGTCGAT-1	3
asc.day0_GCTGCGAGTGACTACT-1	3
asc.day0_GCTGCGAGTTCTGGTA-1	1
asc.day0_GCTGCGATCCCAGGTG-1	2
asc.day0_GCTGCGATCGTATCAG-1	4
asc.day0_GCTGCGATCTCGATGA-1	4
asc.day0_GCTGCTTAGCTAAACA-1	1
asc.day0_GCTGCTTCAACTGCGC-1	3
asc.day0_GCTGCTTCAATGAAAC-1	3
asc.day0_GCTGCTTCAATGGAAT-1	1
asc.day0_GCTGCTTCACGAGGTA-1	5
asc.day0_GCTGCTTCAGGTTTCA-1	3
asc.day0_GCTGCTTCATGTCTCC-1	3
asc.day0_GCTGCTTGTAACGACG-1	3
asc.day0_GCTGCTTGTATAATGG-1	2
asc.day0_GCTGCTTGTCGATTGT-1	1
asc.day0_GCTGCTTGTTAAGATG-1	1
asc.day0_GCTGCTTTCAGCACAT-1	5
asc.day0_GCTGCTTTCGGCTACG-1	4
asc.day0_GCTGCTTTCGTGGGAA-1	2
asc.day0_GCTGGGTAGACTCGGA-1	1
asc.day0_GCTGGGTAGATCGATA-1	3
asc.day0_GCTGGGTAGGCATGGT-1	5
asc.day0_GCTGGGTCACAGGAGT-1	3
asc.day0_GCTGGGTCATCATCCC-1	1
asc.day0_GCTGGGTGTAGGACAC-1	4
asc.day0_GCTGGGTGTCGCTTCT-1	3
asc.day0_GCTGGGTGTGTTTGTG-1	2
asc.day0_GCTGGGTGTTCAACCA-1	1
asc.day0_GCTGGGTTCGCATGAT-1	1
asc.day0_GCTGGGTTCTCAACTT-1	1
asc.day0_GCTTCCAAGCGTGTCC-1	4
asc.day0_GCTTCCAAGCTCCTCT-1	1
asc.day0_GCTTCCACAATGGAAT-1	5
asc.day0_GCTTCCACACCTGGTG-1	3
asc.day0_GCTTCCACACTGAAGG-1	3
asc.day0_GCTTCCACACTGTTAG-1	1
asc.day0_GCTTCCACAGGGCATA-1	3
asc.day0_GCTTCCACAGTCTTCC-1	4
asc.day0_GCTTCCAGTCAGTGGA-1	3
asc.day0_GCTTCCAGTCGAGTTT-1	3
asc.day0_GCTTCCAGTTTGTGTG-1	5
asc.day0_GCTTCCATCAGCGATT-1	1
asc.day0_GCTTCCATCAGTTCGA-1	1
asc.day0_GCTTGAACAAAGGAAG-1	1
asc.day0_GCTTGAACACCCATTC-1	3
asc.day0_GCTTGAACAGGGAGAG-1	5
asc.day0_GCTTGAACATAAAGGT-1	3
asc.day0_GCTTGAAGTACATGTC-1	1
asc.day0_GCTTGAAGTGCAGGTA-1	1
asc.day0_GCTTGAAGTTGTGGCC-1	4
asc.day0_GCTTGAAGTTTGACAC-1	2
asc.day0_GCTTGAATCACAATGC-1	3
asc.day0_GCTTGAATCGTACGGC-1	1
asc.day0_GCTTGAATCTAACCGA-1	1
asc.day0_GCTTGAATCTGAAAGA-1	3
asc.day0_GCTTGAATCTGGCGAC-1	1
asc.day0_GCTTGAATCTTTAGTC-1	3
asc.day0_GGAAAGCAGACCGGAT-1	3
asc.day0_GGAAAGCAGGATCGCA-1	4
asc.day0_GGAAAGCAGGCAATTA-1	3
asc.day0_GGAAAGCAGGGTCGAT-1	1
asc.day0_GGAAAGCAGTTGAGAT-1	4
asc.day0_GGAAAGCCAGCGATCC-1	1
asc.day0_GGAAAGCCAGCGTTCG-1	3
asc.day0_GGAAAGCCATGAAGTA-1	1
asc.day0_GGAAAGCGTACTCTCC-1	1
asc.day0_GGAAAGCGTAGTGAAT-1	5
asc.day0_GGAAAGCGTATGAATG-1	3
asc.day0_GGAAAGCGTCAAGCGA-1	3
asc.day0_GGAAAGCGTGACTACT-1	3
asc.day0_GGAAAGCGTTCATGGT-1	3
asc.day0_GGAAAGCGTTTAAGCC-1	3
asc.day0_GGAAAGCTCATTCACT-1	1
asc.day0_GGAAAGCTCCACGACG-1	1
asc.day0_GGAACTTAGCTAGCCC-1	3
asc.day0_GGAACTTAGGACAGAA-1	6
asc.day0_GGAACTTAGGGAAACA-1	3
asc.day0_GGAACTTAGTAATCCC-1	1
asc.day0_GGAACTTAGTGTACTC-1	3
asc.day0_GGAACTTAGTTTGCGT-1	1
asc.day0_GGAACTTCAACACCCG-1	1
asc.day0_GGAACTTCAGCTATTG-1	1
asc.day0_GGAACTTCAGGTCTCG-1	4
asc.day0_GGAACTTCATAGACTC-1	3
asc.day0_GGAACTTCATCTATGG-1	2
asc.day0_GGAACTTGTAGCGATG-1	1
asc.day0_GGAACTTGTCCCGACA-1	2
asc.day0_GGAACTTGTGGCAAAC-1	4
asc.day0_GGAACTTGTGTAATGA-1	1
asc.day0_GGAACTTGTGTCGCTG-1	1
asc.day0_GGAACTTGTGTGGTTT-1	2
asc.day0_GGAACTTTCCAGTATG-1	3
asc.day0_GGAACTTTCCGCGTTT-1	4
asc.day0_GGAACTTTCGAATGGG-1	1
asc.day0_GGAACTTTCTGCAGTA-1	5
asc.day0_GGAATAAAGCGTTGCC-1	2
asc.day0_GGAATAAAGCTACCTA-1	5
asc.day0_GGAATAAAGGCTCTTA-1	3
asc.day0_GGAATAAAGGTGCACA-1	4
asc.day0_GGAATAAAGTCATCCA-1	1
asc.day0_GGAATAAAGTGACATA-1	1
asc.day0_GGAATAAAGTGATCGG-1	1
asc.day0_GGAATAACAAATTGCC-1	3
asc.day0_GGAATAACACCAGCAC-1	1
asc.day0_GGAATAACAGTACACT-1	3
asc.day0_GGAATAACATCGGAAG-1	3
asc.day0_GGAATAAGTGGGTCAA-1	5
asc.day0_GGAATAATCGCAAACT-1	2
asc.day0_GGAATAATCGCACTCT-1	3
asc.day0_GGAATAATCTAACTTC-1	1
asc.day0_GGACAAGAGCATCATC-1	4
asc.day0_GGACAAGAGCCATCGC-1	3
asc.day0_GGACAAGAGGATGTAT-1	1
asc.day0_GGACAAGAGGGCATGT-1	3
asc.day0_GGACAAGCACAAGCCC-1	3
asc.day0_GGACAAGCACACGCTG-1	1
asc.day0_GGACAAGCAGATCGGA-1	1
asc.day0_GGACAAGCAGTAACGG-1	2
asc.day0_GGACAAGCAGTAGAGC-1	3
asc.day0_GGACAAGCAGTCTTCC-1	3
asc.day0_GGACAAGCATACGCTA-1	3
asc.day0_GGACAAGCATGAACCT-1	3
asc.day0_GGACAAGTCCGAAGAG-1	1
asc.day0_GGACAAGTCGGCGCAT-1	1
asc.day0_GGACAAGTCTAGAGTC-1	5
asc.day0_GGACAAGTCTCCAGGG-1	3
asc.day0_GGACAAGTCTCGCATC-1	1
asc.day0_GGACAGAAGTCGAGTG-1	1
asc.day0_GGACAGAAGTGAAGAG-1	1
asc.day0_GGACAGAAGTGTCCAT-1	3
asc.day0_GGACAGACACTTAAGC-1	3
asc.day0_GGACAGACAGCTTCGG-1	1
asc.day0_GGACAGACAGTTCCCT-1	4
asc.day0_GGACAGACATCCAACA-1	2
asc.day0_GGACAGAGTAGGAGTC-1	1
asc.day0_GGACAGATCCCTAATT-1	3
asc.day0_GGACAGATCCGTAGTA-1	2
asc.day0_GGACAGATCCTTGCCA-1	1
asc.day0_GGACAGATCTCGAGTA-1	1
asc.day0_GGACATTAGACTGTAA-1	3
asc.day0_GGACATTAGCAGGTCA-1	1
asc.day0_GGACATTAGTAGTGCG-1	3
asc.day0_GGACATTAGTGTACGG-1	1
asc.day0_GGACATTCACATCTTT-1	3
asc.day0_GGACATTCACGAGAGT-1	3
asc.day0_GGACATTCATTTGCTT-1	2
asc.day0_GGACATTGTCGGCTCA-1	4
asc.day0_GGACATTGTCGTCTTC-1	2
asc.day0_GGACATTGTTGTGGCC-1	3
asc.day0_GGACATTTCGCGATCG-1	6
asc.day0_GGACATTTCTCTGCTG-1	3
asc.day0_GGACATTTCTTGTATC-1	3
asc.day0_GGACGTCAGATATGCA-1	1
asc.day0_GGACGTCAGTGGGATC-1	4
asc.day0_GGACGTCCAAGCTGAG-1	3
asc.day0_GGACGTCCACGCGAAA-1	5
asc.day0_GGACGTCCACGGTTTA-1	3
asc.day0_GGACGTCGTAAACCTC-1	3
asc.day0_GGACGTCGTACCGTAT-1	3
asc.day0_GGACGTCGTACGACCC-1	3
asc.day0_GGACGTCGTCAAAGCG-1	4
asc.day0_GGACGTCGTCGAACAG-1	1
asc.day0_GGACGTCGTCGTTGTA-1	4
asc.day0_GGACGTCGTTCCATGA-1	1
asc.day0_GGACGTCTCCTTAATC-1	1
asc.day0_GGACGTCTCGTATCAG-1	3
asc.day0_GGACGTCTCGTTGCCT-1	3
asc.day0_GGAGCAAAGAATGTTG-1	1
asc.day0_GGAGCAAAGACCACGA-1	5
asc.day0_GGAGCAAAGTGGCACA-1	3
asc.day0_GGAGCAAAGTTTCCTT-1	3
asc.day0_GGAGCAACACAACGTT-1	3
asc.day0_GGAGCAACACGGCTAC-1	5
asc.day0_GGAGCAACAGGAATCG-1	4
asc.day0_GGAGCAACAGTATGCT-1	1
asc.day0_GGAGCAACATTCTCAT-1	5
asc.day0_GGAGCAACATTGGCGC-1	3
asc.day0_GGAGCAAGTCGTTGTA-1	1
asc.day0_GGAGCAAGTTATCGGT-1	3
asc.day0_GGAGCAAGTTGTACAC-1	4
asc.day0_GGAGCAATCCGCAAGC-1	3
asc.day0_GGAGCAATCCGCAGTG-1	3
asc.day0_GGAGCAATCCGTACAA-1	1
asc.day0_GGAGCAATCCTTTACA-1	1
asc.day0_GGAGCAATCGCCTGAG-1	1
asc.day0_GGAGCAATCTAACCGA-1	5
asc.day0_GGATGTTAGATATGCA-1	3
asc.day0_GGATGTTAGATTACCC-1	1
asc.day0_GGATGTTAGGCATGTG-1	2
asc.day0_GGATGTTAGGCCCTTG-1	3
asc.day0_GGATGTTAGGTGCTAG-1	3
asc.day0_GGATGTTCAGCTTCGG-1	1
asc.day0_GGATGTTCAGGGTACA-1	3
asc.day0_GGATGTTGTAACGTTC-1	4
asc.day0_GGATGTTGTACCATCA-1	1
asc.day0_GGATGTTGTCTGGTCG-1	2
asc.day0_GGATGTTGTGCTTCTC-1	1
asc.day0_GGATGTTGTTATGTGC-1	4
asc.day0_GGATGTTGTTCCACAA-1	3
asc.day0_GGATGTTTCTACCAGA-1	3
asc.day0_GGATGTTTCTTCGAGA-1	1
asc.day0_GGATTACAGAGACTTA-1	3
asc.day0_GGATTACAGCGTTCCG-1	2
asc.day0_GGATTACAGCTGCGAA-1	5
asc.day0_GGATTACAGGGATCTG-1	1
asc.day0_GGATTACAGGTAGCCA-1	5
asc.day0_GGATTACCACATAACC-1	4
asc.day0_GGATTACCACCGGAAA-1	3
asc.day0_GGATTACGTAGCGCAA-1	3
asc.day0_GGATTACGTCGCATAT-1	1
asc.day0_GGATTACGTGCAGTAG-1	3
asc.day0_GGATTACGTGTTGAGG-1	1
asc.day0_GGATTACGTTCTGGTA-1	3
asc.day0_GGATTACGTTGGTGGA-1	3
asc.day0_GGATTACGTTTCGCTC-1	2
asc.day0_GGATTACTCACCTCGT-1	1
asc.day0_GGATTACTCTCCCTGA-1	1
asc.day0_GGCAATTAGCACAGGT-1	3
asc.day0_GGCAATTAGGAATCGC-1	1
asc.day0_GGCAATTCAACAACCT-1	4
asc.day0_GGCAATTCACTATCTT-1	2
asc.day0_GGCAATTCATTGGCGC-1	4
asc.day0_GGCAATTGTATCTGCA-1	1
asc.day0_GGCAATTGTCCGAAGA-1	1
asc.day0_GGCAATTTCACATACG-1	1
asc.day0_GGCAATTTCACCGTAA-1	1
asc.day0_GGCAATTTCAGAGACG-1	5
asc.day0_GGCAATTTCTAGCACA-1	2
asc.day0_GGCAATTTCTTCGAGA-1	3
asc.day0_GGCCGATAGACCGGAT-1	1
asc.day0_GGCCGATAGCACAGGT-1	1
asc.day0_GGCCGATAGCCCAGCT-1	3
asc.day0_GGCCGATAGCGCCTTG-1	3
asc.day0_GGCCGATAGCTGATAA-1	1
asc.day0_GGCCGATAGTACGACG-1	3
asc.day0_GGCCGATAGTGACTCT-1	1
asc.day0_GGCCGATAGTTGAGTA-1	3
asc.day0_GGCCGATCAATGGAGC-1	3
asc.day0_GGCCGATCACATCCGG-1	3
asc.day0_GGCCGATCACCAGTTA-1	1
asc.day0_GGCCGATCACCCAGTG-1	1
asc.day0_GGCCGATCAGATCCAT-1	5
asc.day0_GGCCGATCAGGAATGC-1	4
asc.day0_GGCCGATCATCTATGG-1	1
asc.day0_GGCCGATCATTGTGCA-1	3
asc.day0_GGCCGATGTAGGCATG-1	1
asc.day0_GGCCGATGTAGTGAAT-1	5
asc.day0_GGCCGATGTATAAACG-1	1
asc.day0_GGCCGATGTATTACCG-1	3
asc.day0_GGCCGATGTCAGGACA-1	5
asc.day0_GGCCGATGTCTAAAGA-1	1
asc.day0_GGCCGATGTCTCTCGT-1	3
asc.day0_GGCCGATGTGACGCCT-1	5
asc.day0_GGCCGATGTTCACCTC-1	3
asc.day0_GGCCGATGTTGCTCCT-1	1
asc.day0_GGCCGATTCGTTGACA-1	4
asc.day0_GGCGACTAGAACAATC-1	2
asc.day0_GGCGACTAGAGGGATA-1	2
asc.day0_GGCGACTAGATCTGAA-1	1
asc.day0_GGCGACTAGATGGCGT-1	1
asc.day0_GGCGACTAGCGTTGCC-1	5
asc.day0_GGCGACTAGGACAGAA-1	3
asc.day0_GGCGACTAGGCTCAGA-1	4
asc.day0_GGCGACTAGTGGGCTA-1	3
asc.day0_GGCGACTCACCACCAG-1	1
asc.day0_GGCGACTCACCAGGTC-1	3
asc.day0_GGCGACTCACTTCTGC-1	6
asc.day0_GGCGACTCAGCTATTG-1	1
asc.day0_GGCGACTGTCCGTTAA-1	3
asc.day0_GGCGACTGTCGCGAAA-1	1
asc.day0_GGCGACTGTCGCTTTC-1	3
asc.day0_GGCGACTGTCTCTTTA-1	1
asc.day0_GGCGACTGTGGTTTCA-1	1
asc.day0_GGCGACTGTTCCATGA-1	4
asc.day0_GGCGACTTCACATAGC-1	3
asc.day0_GGCGACTTCATCATTC-1	2
asc.day0_GGCGACTTCATGTCCC-1	4
asc.day0_GGCGACTTCCAAATGC-1	3
asc.day0_GGCGACTTCCAAGCCG-1	5
asc.day0_GGCGACTTCGAACTGT-1	2
asc.day0_GGCGTGTCAAACAACA-1	1
asc.day0_GGCGTGTCAAGTTCTG-1	1
asc.day0_GGCGTGTCACCAGTTA-1	1
asc.day0_GGCGTGTCACCCATTC-1	3
asc.day0_GGCGTGTCACGTTGGC-1	3
asc.day0_GGCGTGTCAGCTATTG-1	1
asc.day0_GGCGTGTCATACGCCG-1	4
asc.day0_GGCGTGTCATTAACCG-1	3
asc.day0_GGCGTGTTCATTATCC-1	1
asc.day0_GGCGTGTTCATTGCGA-1	3
asc.day0_GGCGTGTTCCAAGCCG-1	3
asc.day0_GGCGTGTTCCTCATTA-1	7
asc.day0_GGCGTGTTCGACGGAA-1	1
asc.day0_GGCGTGTTCTGGCGAC-1	1
asc.day0_GGCGTGTTCTGTTTGT-1	1
asc.day0_GGCTCGAAGATATACG-1	3
asc.day0_GGCTCGAAGATGCCAG-1	7
asc.day0_GGCTCGAAGGCATGGT-1	1
asc.day0_GGCTCGAAGTTACGGG-1	3
asc.day0_GGCTCGACAAAGTCAA-1	1
asc.day0_GGCTCGACAAGCTGTT-1	3
asc.day0_GGCTCGACACACTGCG-1	1
asc.day0_GGCTCGACACAGTCGC-1	3
asc.day0_GGCTCGACACCAACCG-1	4
asc.day0_GGCTCGACATGAACCT-1	4
asc.day0_GGCTCGAGTACCGAGA-1	3
asc.day0_GGCTCGAGTCGAAAGC-1	3
asc.day0_GGCTCGAGTCGAGTTT-1	4
asc.day0_GGCTCGAGTTGAGTTC-1	2
asc.day0_GGCTCGAGTTGATTGC-1	4
asc.day0_GGCTCGATCGTAGGAG-1	3
asc.day0_GGCTGGTAGAAGGTGA-1	1
asc.day0_GGCTGGTAGCTAGGCA-1	3
asc.day0_GGCTGGTCACGTTGGC-1	1
asc.day0_GGCTGGTCATCTACGA-1	1
asc.day0_GGCTGGTCATGTCGAT-1	5
asc.day0_GGCTGGTCATTACCTT-1	3
asc.day0_GGCTGGTGTGACTCAT-1	4
asc.day0_GGCTGGTGTTTGTTTC-1	1
asc.day0_GGCTGGTTCAAGGTAA-1	1
asc.day0_GGCTGGTTCACCACCT-1	3
asc.day0_GGCTGGTTCCCGGATG-1	4
asc.day0_GGCTGGTTCGCGATCG-1	1
asc.day0_GGCTGGTTCTCTAGGA-1	3
asc.day0_GGGAATGAGCCAGTAG-1	4
asc.day0_GGGAATGAGGACAGCT-1	4
asc.day0_GGGAATGAGGGCACTA-1	2
asc.day0_GGGAATGCAACACCCG-1	1
asc.day0_GGGAATGCACGTAAGG-1	3
asc.day0_GGGAATGCAGCCAATT-1	1
asc.day0_GGGAATGCAGCTGTAT-1	1
asc.day0_GGGAATGCATCTGGTA-1	1
asc.day0_GGGAATGCATGTCGAT-1	5
asc.day0_GGGAATGGTCATGCAT-1	1
asc.day0_GGGAATGGTGCCTTGG-1	5
asc.day0_GGGAATGGTGTTGGGA-1	2
asc.day0_GGGAATGGTTATCGGT-1	4
asc.day0_GGGAATGTCAGAGACG-1	4
asc.day0_GGGAATGTCCGCATAA-1	1
asc.day0_GGGAATGTCTAACTGG-1	3
asc.day0_GGGAATGTCTAGCACA-1	5
asc.day0_GGGAATGTCTTACCTA-1	3
asc.day0_GGGACCTAGAAGATTC-1	1
asc.day0_GGGACCTAGACTGGGT-1	2
asc.day0_GGGACCTAGGTGATTA-1	5
asc.day0_GGGACCTAGTACATGA-1	1
asc.day0_GGGACCTAGTACGTAA-1	5
asc.day0_GGGACCTCAAGCCATT-1	3
asc.day0_GGGACCTCAAGCGTAG-1	1
asc.day0_GGGACCTCACCCTATC-1	5
asc.day0_GGGACCTGTGCAGACA-1	2
asc.day0_GGGACCTGTTTGTGTG-1	1
asc.day0_GGGACCTTCAACGCTA-1	2
asc.day0_GGGAGATAGAGGGCTT-1	1
asc.day0_GGGAGATAGAGTCTGG-1	1
asc.day0_GGGAGATAGCACCGTC-1	2
asc.day0_GGGAGATAGCTAGCCC-1	3
asc.day0_GGGAGATAGCTTTGGT-1	4
asc.day0_GGGAGATAGGTGCACA-1	5
asc.day0_GGGAGATAGTGACATA-1	3
asc.day0_GGGAGATAGTGCCATT-1	3
asc.day0_GGGAGATCAAAGGTGC-1	4
asc.day0_GGGAGATCACAGAGGT-1	5
asc.day0_GGGAGATCAGACGCAA-1	5
asc.day0_GGGAGATCAGGGCATA-1	5
asc.day0_GGGAGATCAGTCACTA-1	3
asc.day0_GGGAGATCATCGGAAG-1	1
asc.day0_GGGAGATGTAAGGGCT-1	2
asc.day0_GGGAGATGTAAGTTCC-1	5
asc.day0_GGGAGATGTTCGTCTC-1	1
asc.day0_GGGAGATTCCGAATGT-1	3
asc.day0_GGGAGATTCGGATGGA-1	4
asc.day0_GGGAGATTCTCGTTTA-1	3
asc.day0_GGGATGAAGAGTAATC-1	4
asc.day0_GGGATGAAGGGCACTA-1	3
asc.day0_GGGATGACACGGATAG-1	2
asc.day0_GGGATGACAGTTCATG-1	3
asc.day0_GGGATGACATCAGTAC-1	5
asc.day0_GGGATGAGTACCAGTT-1	1
asc.day0_GGGATGAGTCCATCCT-1	3
asc.day0_GGGATGAGTCTAAAGA-1	3
asc.day0_GGGATGAGTCTTCTCG-1	3
asc.day0_GGGATGAGTGAGGCTA-1	1
asc.day0_GGGATGATCACTCCTG-1	2
asc.day0_GGGATGATCAGGTTCA-1	2
asc.day0_GGGATGATCGCGCCAA-1	3
asc.day0_GGGCACTAGAACTGTA-1	5
asc.day0_GGGCACTAGAATTCCC-1	2
asc.day0_GGGCACTAGCGTTCCG-1	4
asc.day0_GGGCACTAGCTGATAA-1	3
asc.day0_GGGCACTAGGTGATAT-1	3
asc.day0_GGGCACTAGTCACGCC-1	1
asc.day0_GGGCACTCAACAACCT-1	1
asc.day0_GGGCACTCAACGATGG-1	3
asc.day0_GGGCACTCAAGAGTCG-1	1
asc.day0_GGGCACTCAAGGACTG-1	1
asc.day0_GGGCACTCACATAACC-1	1
asc.day0_GGGCACTCACTGTTAG-1	1
asc.day0_GGGCACTCAGGGCATA-1	1
asc.day0_GGGCACTCAGTCAGCC-1	3
asc.day0_GGGCACTCAGTTCCCT-1	5
asc.day0_GGGCACTCATATACCG-1	4
asc.day0_GGGCACTGTCAACTGT-1	3
asc.day0_GGGCACTGTCTTCAAG-1	3
asc.day0_GGGCACTTCGTCCGTT-1	4
asc.day0_GGGCATCAGAAACCGC-1	5
asc.day0_GGGCATCAGAAAGTGG-1	1
asc.day0_GGGCATCAGACGCAAC-1	1
asc.day0_GGGCATCAGGATGTAT-1	1
asc.day0_GGGCATCCAATAGCGG-1	3
asc.day0_GGGCATCCACACAGAG-1	3
asc.day0_GGGCATCCAGGTCTCG-1	3
asc.day0_GGGCATCGTATTCGTG-1	4
asc.day0_GGGCATCGTTCTGTTT-1	3
asc.day0_GGGCATCTCAACGGCC-1	1
asc.day0_GGGCATCTCATTGCGA-1	3
asc.day0_GGGCATCTCTCTAAGG-1	4
asc.day0_GGGTCTGAGAAGGTTT-1	3
asc.day0_GGGTCTGAGATATACG-1	4
asc.day0_GGGTCTGAGTGTTAGA-1	2
asc.day0_GGGTCTGAGTTAAGTG-1	1
asc.day0_GGGTCTGCAAATTGCC-1	3
asc.day0_GGGTCTGCAATGGACG-1	3
asc.day0_GGGTCTGCACGTAAGG-1	1
asc.day0_GGGTCTGCAGCCTGTG-1	3
asc.day0_GGGTCTGCAGCGTTCG-1	2
asc.day0_GGGTCTGCATGATCCA-1	2
asc.day0_GGGTCTGGTCGGCATC-1	3
asc.day0_GGGTCTGGTCTCCACT-1	5
asc.day0_GGGTCTGGTTAAGGGC-1	4
asc.day0_GGGTCTGTCGAATGCT-1	1
asc.day0_GGGTCTGTCGGAAATA-1	3
asc.day0_GGGTCTGTCGTGGGAA-1	1
asc.day0_GGGTTGCAGTCCATAC-1	3
asc.day0_GGGTTGCCAATGGAAT-1	3
asc.day0_GGGTTGCCAGACACTT-1	1
asc.day0_GGGTTGCCAGCCTATA-1	5
asc.day0_GGGTTGCCATACTCTT-1	3
asc.day0_GGGTTGCCATTACCTT-1	4
asc.day0_GGGTTGCGTAGAGCTG-1	1
asc.day0_GGGTTGCGTGAACCTT-1	1
asc.day0_GGGTTGCGTGGTAACG-1	2
asc.day0_GGGTTGCTCATGCATG-1	2
asc.day0_GGGTTGCTCCTCATTA-1	1
asc.day0_GGGTTGCTCGACGGAA-1	3
asc.day0_GGGTTGCTCGGTTAAC-1	4
asc.day0_GGGTTGCTCTGCTGTC-1	3
asc.day0_GGTATTGAGACCACGA-1	3
asc.day0_GGTATTGAGCCCAATT-1	1
asc.day0_GGTATTGAGCTGAACG-1	4
asc.day0_GGTATTGAGTATCGAA-1	1
asc.day0_GGTATTGAGTGTACTC-1	1
asc.day0_GGTATTGCAAATCCGT-1	1
asc.day0_GGTATTGCACACCGCA-1	1
asc.day0_GGTATTGCACATAACC-1	4
asc.day0_GGTATTGCACTAAGTC-1	1
asc.day0_GGTATTGCACTCAGGC-1	3
asc.day0_GGTATTGCACTGTCGG-1	3
asc.day0_GGTATTGCAGCTTAAC-1	4
asc.day0_GGTATTGGTCAGAAGC-1	3
asc.day0_GGTATTGGTCCAACTA-1	1
asc.day0_GGTATTGGTCTAGTCA-1	1
asc.day0_GGTATTGGTGCGCTTG-1	1
asc.day0_GGTATTGGTGTATGGG-1	3
asc.day0_GGTATTGGTTAAGGGC-1	4
asc.day0_GGTATTGGTTCGTCTC-1	4
asc.day0_GGTATTGGTTGATTGC-1	3
asc.day0_GGTATTGGTTGGGACA-1	6
asc.day0_GGTATTGTCACAGTAC-1	3
asc.day0_GGTATTGTCGGCTACG-1	5
asc.day0_GGTATTGTCTCCGGTT-1	4
asc.day0_GGTGAAGAGGCGTACA-1	4
asc.day0_GGTGAAGAGGTGACCA-1	4
asc.day0_GGTGAAGAGTTATCGC-1	3
asc.day0_GGTGAAGCAGAAGCAC-1	1
asc.day0_GGTGAAGCAGCATACT-1	2
asc.day0_GGTGAAGCAGCTGCAC-1	3
asc.day0_GGTGAAGCATAGACTC-1	2
asc.day0_GGTGAAGGTAATCGTC-1	5
asc.day0_GGTGAAGGTCTAGTGT-1	3
asc.day0_GGTGAAGTCAGCATGT-1	3
asc.day0_GGTGAAGTCGGTCTAA-1	3
asc.day0_GGTGAAGTCGTCTGAA-1	3
asc.day0_GGTGAAGTCTACGAGT-1	5
asc.day0_GGTGAAGTCTCTAAGG-1	3
asc.day0_GGTGAAGTCTGGCGTG-1	3
asc.day0_GGTGAAGTCTGGTATG-1	3
asc.day0_GGTGAAGTCTTCAACT-1	4
asc.day0_GGTGCGTAGAGATGAG-1	1
asc.day0_GGTGCGTAGTAATCCC-1	3
asc.day0_GGTGCGTCAACACCCG-1	1
asc.day0_GGTGCGTCACCACGTG-1	3
asc.day0_GGTGCGTCACTTAACG-1	2
asc.day0_GGTGCGTCAGCTGCAC-1	1
asc.day0_GGTGCGTGTACTCTCC-1	2
asc.day0_GGTGCGTGTCAGGACA-1	3
asc.day0_GGTGCGTGTTACCGAT-1	3
asc.day0_GGTGCGTGTTACGACT-1	1
asc.day0_GGTGCGTGTTTAAGCC-1	1
asc.day0_GGTGCGTTCAGCTCTC-1	2
asc.day0_GGTGCGTTCCATGAGT-1	1
asc.day0_GGTGCGTTCGCTGATA-1	2
asc.day0_GGTGTTAAGAACAACT-1	1
asc.day0_GGTGTTAAGACCCACC-1	3
asc.day0_GGTGTTAAGAGGTTGC-1	5
asc.day0_GGTGTTAAGCCTATGT-1	1
asc.day0_GGTGTTAAGCGTGTCC-1	3
asc.day0_GGTGTTAAGCGTTTAC-1	1
asc.day0_GGTGTTAAGTCACGCC-1	4
asc.day0_GGTGTTACAGCTATTG-1	3
asc.day0_GGTGTTACAGGAATCG-1	6
asc.day0_GGTGTTACAGGTGCCT-1	1
asc.day0_GGTGTTACATCCGCGA-1	1
asc.day0_GGTGTTACATGTCGAT-1	3
asc.day0_GGTGTTACATTGGCGC-1	2
asc.day0_GGTGTTAGTCTCCCTA-1	4
asc.day0_GGTGTTAGTGTAACGG-1	3
asc.day0_GGTGTTATCACAACGT-1	1
asc.day0_GGTGTTATCCATGAAC-1	1
asc.day0_GGTGTTATCGGATGGA-1	4
asc.day0_GGTGTTATCGGTGTCG-1	1
asc.day0_GGTGTTATCTGATTCT-1	2
asc.day0_GTAACGTAGCCGCCTA-1	3
asc.day0_GTAACGTAGCCGTCGT-1	1
asc.day0_GTAACGTAGGAGTACC-1	1
asc.day0_GTAACGTAGGATATAC-1	1
asc.day0_GTAACGTAGGTGCTAG-1	3
asc.day0_GTAACGTAGTGTCTCA-1	2
asc.day0_GTAACGTAGTTAACGA-1	1
asc.day0_GTAACGTCAGTCACTA-1	3
asc.day0_GTAACGTCAGTCTTCC-1	2
asc.day0_GTAACGTGTATAATGG-1	5
asc.day0_GTAACGTGTCACCCAG-1	2
asc.day0_GTAACGTGTTGAGTTC-1	1
asc.day0_GTAACGTTCACAATGC-1	2
asc.day0_GTAACGTTCGAGAACG-1	4
asc.day0_GTAACGTTCTGACCTC-1	3
asc.day0_GTAACGTTCTGGGCCA-1	2
asc.day0_GTAACTGAGATTACCC-1	4
asc.day0_GTAACTGCAATAAGCA-1	3
asc.day0_GTAACTGCACGGTGTC-1	2
asc.day0_GTAACTGCACTGCCAG-1	4
asc.day0_GTAACTGCATACCATG-1	2
asc.day0_GTAACTGGTAAGTGGC-1	3
asc.day0_GTAACTGGTCATATGC-1	3
asc.day0_GTAACTGGTTGTCTTT-1	3
asc.day0_GTAACTGTCACCTTAT-1	1
asc.day0_GTAACTGTCATAACCG-1	2
asc.day0_GTAACTGTCGCCCTTA-1	3
asc.day0_GTAACTGTCGGAGGTA-1	1
asc.day0_GTACGTAAGAAGGCCT-1	4
asc.day0_GTACGTAAGACTGGGT-1	3
asc.day0_GTACGTACAAGCCATT-1	3
asc.day0_GTACGTACAAGCCTAT-1	3
asc.day0_GTACGTACACCAGATT-1	5
asc.day0_GTACGTACAGACAAGC-1	1
asc.day0_GTACGTAGTACTCAAC-1	4
asc.day0_GTACGTAGTCTTGTCC-1	3
asc.day0_GTACGTAGTCTTTCAT-1	1
asc.day0_GTACGTATCAACTCTT-1	5
asc.day0_GTACGTATCGGGAGTA-1	1
asc.day0_GTACGTATCTCTAAGG-1	4
asc.day0_GTACTCCAGCTAGGCA-1	1
asc.day0_GTACTCCAGTGAACAT-1	3
asc.day0_GTACTCCAGTGGGATC-1	3
asc.day0_GTACTCCCACATCCGG-1	2
asc.day0_GTACTCCCAGGTGGAT-1	1
asc.day0_GTACTCCCATGTAGTC-1	3
asc.day0_GTACTCCTCAATAAGG-1	4
asc.day0_GTACTCCTCACCATAG-1	1
asc.day0_GTACTCCTCCAAACTG-1	2
asc.day0_GTACTCCTCCTCAACC-1	3
asc.day0_GTACTCCTCTACTCAT-1	1
asc.day0_GTACTTTAGTTCCACA-1	1
asc.day0_GTACTTTCAAGGACAC-1	2
asc.day0_GTACTTTCACGGATAG-1	5
asc.day0_GTACTTTCACTGTTAG-1	4
asc.day0_GTACTTTCAGCTGTAT-1	1
asc.day0_GTACTTTCAGGAATCG-1	1
asc.day0_GTACTTTGTACCGTAT-1	4
asc.day0_GTACTTTGTCACCTAA-1	1
asc.day0_GTACTTTGTCCGAGTC-1	5
asc.day0_GTACTTTGTTATCCGA-1	4
asc.day0_GTACTTTGTTTGGGCC-1	3
asc.day0_GTACTTTTCGAGAACG-1	1
asc.day0_GTACTTTTCTGGCGAC-1	1
asc.day0_GTAGGCCAGGATGTAT-1	3
asc.day0_GTAGGCCAGGCCCGTT-1	3
asc.day0_GTAGGCCAGTGGTCCC-1	5
asc.day0_GTAGGCCCAACAACCT-1	4
asc.day0_GTAGGCCCACCCTATC-1	3
asc.day0_GTAGGCCCACTTAAGC-1	3
asc.day0_GTAGGCCCAGACAAAT-1	4
asc.day0_GTAGGCCCAGCATACT-1	1
asc.day0_GTAGGCCGTCTAAACC-1	3
asc.day0_GTAGGCCGTGGCGAAT-1	4
asc.day0_GTAGGCCTCGGCATCG-1	1
asc.day0_GTAGTCAAGAATTGTG-1	4
asc.day0_GTAGTCAAGTAGCCGA-1	3
asc.day0_GTAGTCAAGTGACATA-1	3
asc.day0_GTAGTCACAAAGGAAG-1	3
asc.day0_GTAGTCACAAGCGCTC-1	2
asc.day0_GTAGTCACAAGCTGGA-1	1
asc.day0_GTAGTCACAAGTAGTA-1	1
asc.day0_GTAGTCACAATACGCT-1	3
asc.day0_GTAGTCACACGTCAGC-1	3
asc.day0_GTAGTCACACTCTGTC-1	3
asc.day0_GTAGTCACAGCTCGAC-1	1
asc.day0_GTAGTCACAGGTCCAC-1	2
asc.day0_GTAGTCACATATGGTC-1	3
asc.day0_GTAGTCAGTAAAGGAG-1	1
asc.day0_GTAGTCAGTAGCGTCC-1	4
asc.day0_GTAGTCAGTCAACTGT-1	1
asc.day0_GTAGTCAGTGCGAAAC-1	3
asc.day0_GTAGTCAGTTCGGCAC-1	2
asc.day0_GTAGTCATCAGCTCGG-1	2
asc.day0_GTAGTCATCCAAATGC-1	3
asc.day0_GTAGTCATCCACGAAT-1	3
asc.day0_GTAGTCATCCCTGACT-1	3
asc.day0_GTAGTCATCTGTGCAA-1	5
asc.day0_GTAGTCATCTTACCGC-1	1
asc.day0_GTATCTTAGGATGGTC-1	3
asc.day0_GTATCTTAGTCGAGTG-1	3
asc.day0_GTATCTTAGTGCGTGA-1	3
asc.day0_GTATCTTCATTGAGCT-1	3
asc.day0_GTATCTTGTTGATTGC-1	6
asc.day0_GTATTCTAGAACAATC-1	1
asc.day0_GTATTCTAGCCGATTT-1	1
asc.day0_GTATTCTAGCTAGCCC-1	3
asc.day0_GTATTCTAGGCAGGTT-1	3
asc.day0_GTATTCTCACAGTCGC-1	1
asc.day0_GTATTCTCAGCCTTTC-1	4
asc.day0_GTATTCTGTATAATGG-1	1
asc.day0_GTATTCTGTGATGATA-1	1
asc.day0_GTATTCTGTGCGATAG-1	3
asc.day0_GTATTCTGTTAAGTAG-1	2
asc.day0_GTATTCTTCAGCTCGG-1	1
asc.day0_GTATTCTTCTCGCATC-1	1
asc.day0_GTATTCTTCTTGAGAC-1	1
asc.day0_GTATTCTTCTTTAGTC-1	4
asc.day0_GTCAAGTAGACTTTCG-1	3
asc.day0_GTCAAGTAGCGTTGCC-1	1
asc.day0_GTCAAGTAGCTAGGCA-1	1
asc.day0_GTCAAGTAGCTCAACT-1	1
asc.day0_GTCAAGTCACTTAAGC-1	1
asc.day0_GTCAAGTCAGCCACCA-1	1
asc.day0_GTCAAGTCAGGTCGTC-1	2
asc.day0_GTCAAGTCATGCCACG-1	3
asc.day0_GTCAAGTGTGCCTGTG-1	2
asc.day0_GTCAAGTGTTAGATGA-1	3
asc.day0_GTCAAGTTCAATACCG-1	6
asc.day0_GTCAAGTTCCCTCTTT-1	2
asc.day0_GTCAAGTTCCGCGGTA-1	4
asc.day0_GTCAAGTTCCTAGTGA-1	3
asc.day0_GTCAAGTTCCTTTCTC-1	3
asc.day0_GTCAAGTTCTTATCTG-1	3
asc.day0_GTCAAGTTCTTCATGT-1	4
asc.day0_GTCACAAAGAATGTTG-1	3
asc.day0_GTCACAAAGATATACG-1	3
asc.day0_GTCACAAAGATGTCGG-1	3
asc.day0_GTCACAAAGGCGTACA-1	1
asc.day0_GTCACAAAGTGGCACA-1	4
asc.day0_GTCACAAAGTTAGGTA-1	6
asc.day0_GTCACAACAAATCCGT-1	1
asc.day0_GTCACAACACCATCCT-1	3
asc.day0_GTCACAACACTGCCAG-1	2
asc.day0_GTCACAACAGTAAGCG-1	1
asc.day0_GTCACAACAGTGGGAT-1	2
asc.day0_GTCACAACATCGGAAG-1	2
asc.day0_GTCACAAGTAAACGCG-1	3
asc.day0_GTCACAAGTACATGTC-1	5
asc.day0_GTCACAAGTCTTTCAT-1	3
asc.day0_GTCACAAGTGCAACTT-1	1
asc.day0_GTCACAAGTGCATCTA-1	1
asc.day0_GTCACAAGTTCCAACA-1	3
asc.day0_GTCACAAGTTCTGTTT-1	1
asc.day0_GTCACAAGTTGCCTCT-1	2
asc.day0_GTCACAATCACGACTA-1	2
asc.day0_GTCACGGAGGCCGAAT-1	4
asc.day0_GTCACGGAGTATCTCG-1	2
asc.day0_GTCACGGAGTGTCCAT-1	1
asc.day0_GTCACGGCAAATCCGT-1	3
asc.day0_GTCACGGCAACACCTA-1	1
asc.day0_GTCACGGCAGGACGTA-1	3
asc.day0_GTCACGGCAGGGTTAG-1	3
asc.day0_GTCACGGCAGTATAAG-1	1
asc.day0_GTCACGGCATGCAATC-1	1
asc.day0_GTCACGGGTAAACCTC-1	5
asc.day0_GTCACGGGTACGAAAT-1	4
asc.day0_GTCACGGGTCAAAGCG-1	4
asc.day0_GTCACGGGTCTAGAGG-1	1
asc.day0_GTCACGGGTTGCGTTA-1	4
asc.day0_GTCACGGGTTTCCACC-1	3
asc.day0_GTCACGGTCAAACCGT-1	5
asc.day0_GTCACGGTCCAGAAGG-1	4
asc.day0_GTCACGGTCCAGTAGT-1	4
asc.day0_GTCACGGTCGGCGCTA-1	4
asc.day0_GTCACGGTCTGTGCAA-1	3
asc.day0_GTCATTTAGACAAAGG-1	1
asc.day0_GTCATTTAGAGGACGG-1	3
asc.day0_GTCATTTAGCCAGTAG-1	1
asc.day0_GTCATTTAGCTCCCAG-1	2
asc.day0_GTCATTTAGGCCGAAT-1	3
asc.day0_GTCATTTAGGCGCTCT-1	1
asc.day0_GTCATTTAGTTATCGC-1	1
asc.day0_GTCATTTCAACGATGG-1	2
asc.day0_GTCATTTCACCAGGCT-1	4
asc.day0_GTCATTTCATCGGGTC-1	3
asc.day0_GTCATTTGTAAATGAC-1	1
asc.day0_GTCATTTGTATCGCAT-1	4
asc.day0_GTCATTTGTCGGCACT-1	2
asc.day0_GTCATTTTCACTCCTG-1	1
asc.day0_GTCATTTTCCCATTTA-1	3
asc.day0_GTCATTTTCCTCTAGC-1	3
asc.day0_GTCATTTTCGTGGGAA-1	3
asc.day0_GTCATTTTCTATCGCC-1	1
asc.day0_GTCCTCAAGACTTGAA-1	1
asc.day0_GTCCTCAAGAGTACAT-1	1
asc.day0_GTCCTCACAAGCTGGA-1	1
asc.day0_GTCCTCACAGCCTATA-1	3
asc.day0_GTCCTCACAGCTTCGG-1	3
asc.day0_GTCCTCACAGTAAGAT-1	1
asc.day0_GTCCTCACATGATCCA-1	3
asc.day0_GTCCTCAGTCATGCAT-1	2
asc.day0_GTCCTCAGTCGTTGTA-1	1
asc.day0_GTCCTCAGTGTAATGA-1	1
asc.day0_GTCCTCAGTTACGTCA-1	4
asc.day0_GTCCTCAGTTGAACTC-1	3
asc.day0_GTCCTCATCATCATTC-1	3
asc.day0_GTCCTCATCCTTTACA-1	3
asc.day0_GTCCTCATCTCGATGA-1	3
asc.day0_GTCGGGTCAAGTTGTC-1	3
asc.day0_GTCGGGTCAATAACGA-1	1
asc.day0_GTCGGGTCACGGTAAG-1	3
asc.day0_GTCGGGTCATAGTAAG-1	1
asc.day0_GTCGGGTCATCCGCGA-1	6
asc.day0_GTCGGGTGTAAGTAGT-1	2
asc.day0_GTCGGGTGTAGAGCTG-1	4
asc.day0_GTCGGGTGTAGCGTCC-1	1
asc.day0_GTCGGGTGTTGCGCAC-1	6
asc.day0_GTCGGGTTCACTTCAT-1	1
asc.day0_GTCGTAAAGAGGTACC-1	1
asc.day0_GTCGTAAAGCGAAGGG-1	3
asc.day0_GTCGTAAAGGCGTACA-1	4
asc.day0_GTCGTAAAGGTGCACA-1	1
asc.day0_GTCGTAACACCAGATT-1	3
asc.day0_GTCGTAACATACTCTT-1	4
asc.day0_GTCGTAACATGCTAGT-1	1
asc.day0_GTCGTAAGTACACCGC-1	3
asc.day0_GTCGTAAGTACCAGTT-1	2
asc.day0_GTCGTAAGTACCGAGA-1	3
asc.day0_GTCGTAAGTCGAAAGC-1	1
asc.day0_GTCGTAAGTGCTGTAT-1	4
asc.day0_GTCGTAAGTTGTTTGG-1	2
asc.day0_GTCGTAATCGCGCCAA-1	3
asc.day0_GTCTCGTAGAAACCGC-1	2
asc.day0_GTCTCGTAGCGTGTCC-1	1
asc.day0_GTCTCGTAGCTAAGAT-1	3
asc.day0_GTCTCGTAGGACAGAA-1	6
asc.day0_GTCTCGTAGGTGACCA-1	4
asc.day0_GTCTCGTAGTCAAGGC-1	5
asc.day0_GTCTCGTCAAGGACTG-1	1
asc.day0_GTCTCGTCACAAGCCC-1	4
asc.day0_GTCTCGTCACTATCTT-1	1
asc.day0_GTCTCGTCAGACACTT-1	3
asc.day0_GTCTCGTCAGTCACTA-1	1
asc.day0_GTCTCGTCAGTCAGAG-1	1
asc.day0_GTCTCGTCATCCGGGT-1	4
asc.day0_GTCTCGTGTCCGTTAA-1	3
asc.day0_GTCTCGTGTGCGATAG-1	5
asc.day0_GTCTCGTGTGCTGTAT-1	6
asc.day0_GTCTCGTGTTACAGAA-1	4
asc.day0_GTCTCGTTCAGGCGAA-1	1
asc.day0_GTCTCGTTCCGAAGAG-1	2
asc.day0_GTCTCGTTCCGCAAGC-1	1
asc.day0_GTCTCGTTCTTGTTTG-1	1
asc.day0_GTCTTCGAGGCTAGCA-1	1
asc.day0_GTCTTCGAGTGTCCCG-1	1
asc.day0_GTCTTCGCAACTGGCC-1	3
asc.day0_GTCTTCGCACGCCAGT-1	5
asc.day0_GTCTTCGGTACAGACG-1	3
asc.day0_GTCTTCGGTAGCTCCG-1	3
asc.day0_GTCTTCGGTAGTACCT-1	1
asc.day0_GTCTTCGGTATATGGA-1	2
asc.day0_GTCTTCGGTCCAACTA-1	4
asc.day0_GTCTTCGGTCTAAACC-1	1
asc.day0_GTCTTCGGTGGTTTCA-1	3
asc.day0_GTCTTCGGTGTGCCTG-1	3
asc.day0_GTCTTCGGTTACGGAG-1	2
asc.day0_GTGAAGGAGAAGGTGA-1	3
asc.day0_GTGAAGGAGTGCGTGA-1	3
asc.day0_GTGAAGGCAATGGAGC-1	3
asc.day0_GTGAAGGCATGGGAAC-1	1
asc.day0_GTGAAGGCATGTTCCC-1	2
asc.day0_GTGAAGGGTAGCTTGT-1	3
asc.day0_GTGAAGGGTCGCATAT-1	3
asc.day0_GTGAAGGGTCTGGAGA-1	1
asc.day0_GTGAAGGGTGCGCTTG-1	3
asc.day0_GTGAAGGTCCTTTCTC-1	1
asc.day0_GTGAAGGTCGTCTGAA-1	1
asc.day0_GTGAAGGTCTATCGCC-1	2
asc.day0_GTGAAGGTCTCGCATC-1	4
asc.day0_GTGAAGGTCTGCCCTA-1	1
asc.day0_GTGAAGGTCTTATCTG-1	6
asc.day0_GTGCAGCAGCGTTGCC-1	6
asc.day0_GTGCAGCAGGGAGTAA-1	2
asc.day0_GTGCAGCAGTGGGATC-1	4
asc.day0_GTGCAGCAGTTTGCGT-1	1
asc.day0_GTGCAGCCACGCCAGT-1	1
asc.day0_GTGCAGCCACGTAAGG-1	1
asc.day0_GTGCAGCCATATACCG-1	2
asc.day0_GTGCAGCGTAGAGTGC-1	1
asc.day0_GTGCAGCGTAGCGATG-1	1
asc.day0_GTGCAGCGTCTAGCGC-1	1
asc.day0_GTGCAGCGTCTTGATG-1	1
asc.day0_GTGCAGCGTGACGGTA-1	1
asc.day0_GTGCAGCGTGCAACGA-1	4
asc.day0_GTGCAGCTCACAGGCC-1	2
asc.day0_GTGCAGCTCACTCTTA-1	1
asc.day0_GTGCAGCTCCCTCAGT-1	1
asc.day0_GTGCAGCTCCCTTGCA-1	4
asc.day0_GTGCAGCTCCGTCAAA-1	3
asc.day0_GTGCATAAGCGTCAAG-1	1
asc.day0_GTGCATAAGGATATAC-1	1
asc.day0_GTGCATAAGGTAGCCA-1	1
asc.day0_GTGCATACACAGACAG-1	4
asc.day0_GTGCATACACCACGTG-1	1
asc.day0_GTGCATACACCAGGTC-1	1
asc.day0_GTGCATACAGACTCGC-1	4
asc.day0_GTGCATACATATACGC-1	1
asc.day0_GTGCATACATCGATGT-1	4
asc.day0_GTGCATACATTGCGGC-1	1
asc.day0_GTGCATAGTCAATGTC-1	3
asc.day0_GTGCATAGTGAAGGCT-1	3
asc.day0_GTGCATAGTGTCCTCT-1	1
asc.day0_GTGCATATCAACTCTT-1	4
asc.day0_GTGCATATCCGTTGTC-1	3
asc.day0_GTGCGGTAGACAGAGA-1	5
asc.day0_GTGCGGTAGGACGAAA-1	4
asc.day0_GTGCGGTAGGTGACCA-1	4
asc.day0_GTGCGGTAGTTAGCGG-1	5
asc.day0_GTGCGGTCAAGTAATG-1	1
asc.day0_GTGCGGTCACCGGAAA-1	1
asc.day0_GTGCGGTCAGTAAGCG-1	3
asc.day0_GTGCGGTGTATCAGTC-1	1
asc.day0_GTGCGGTGTTAAGACA-1	1
asc.day0_GTGCGGTGTTCCCTTG-1	5
asc.day0_GTGCGGTGTTTGTTGG-1	5
asc.day0_GTGCGGTTCAAAGACA-1	3
asc.day0_GTGCGGTTCAACGGCC-1	1
asc.day0_GTGCGGTTCAACTCTT-1	4
asc.day0_GTGCTTCAGCACCGTC-1	2
asc.day0_GTGCTTCAGCGTTGCC-1	1
asc.day0_GTGCTTCAGTTGAGAT-1	5
asc.day0_GTGCTTCCACAGGCCT-1	1
asc.day0_GTGCTTCGTCCGAGTC-1	3
asc.day0_GTGCTTCTCCAGAAGG-1	3
asc.day0_GTGCTTCTCGGTCTAA-1	1
asc.day0_GTGCTTCTCTGTTGAG-1	4
asc.day0_GTGGGTCAGCTAACTC-1	3
asc.day0_GTGGGTCAGGCTCAGA-1	3
asc.day0_GTGGGTCAGGCTCATT-1	1
asc.day0_GTGGGTCAGTAATCCC-1	1
asc.day0_GTGGGTCCAAGCCATT-1	1
asc.day0_GTGGGTCCATGAACCT-1	4
asc.day0_GTGGGTCCATGGATGG-1	1
asc.day0_GTGGGTCGTACCCAAT-1	3
asc.day0_GTGGGTCGTACTCAAC-1	3
asc.day0_GTGGGTCGTAGCGATG-1	5
asc.day0_GTGGGTCGTTCGTGAT-1	3
asc.day0_GTGGGTCGTTTGACTG-1	1
asc.day0_GTGGGTCTCACATAGC-1	3
asc.day0_GTGGGTCTCACCAGGC-1	3
asc.day0_GTGGGTCTCAGTTGAC-1	1
asc.day0_GTGGGTCTCCACGCAG-1	1
asc.day0_GTGGGTCTCCTCATTA-1	1
asc.day0_GTGGGTCTCTGCTGCT-1	5
asc.day0_GTGTGCGAGAACTCGG-1	3
asc.day0_GTGTGCGAGTGTCCAT-1	3
asc.day0_GTGTGCGCACAGCGTC-1	3
asc.day0_GTGTGCGCACCCTATC-1	1
asc.day0_GTGTGCGCATACAGCT-1	3
asc.day0_GTGTGCGCATGACATC-1	1
asc.day0_GTGTGCGCATGCGCAC-1	2
asc.day0_GTGTGCGCATTTGCCC-1	4
asc.day0_GTGTGCGGTCCGCTGA-1	1
asc.day0_GTGTGCGGTTTGTTGG-1	3
asc.day0_GTGTGCGTCAGCTCTC-1	5
asc.day0_GTGTGCGTCTAACTCT-1	3
asc.day0_GTGTGCGTCTATCCTA-1	1
asc.day0_GTGTTAGAGCCAGGAT-1	1
asc.day0_GTGTTAGCAAACCTAC-1	3
asc.day0_GTGTTAGCATCACGTA-1	4
asc.day0_GTGTTAGCATGAGCGA-1	3
asc.day0_GTGTTAGCATTACGAC-1	3
asc.day0_GTGTTAGTCCTTGCCA-1	1
asc.day0_GTGTTAGTCCTTTCGG-1	3
asc.day0_GTTAAGCAGCGATCCC-1	3
asc.day0_GTTAAGCAGCGGATCA-1	3
asc.day0_GTTAAGCAGGCGACAT-1	2
asc.day0_GTTAAGCAGGCGCTCT-1	7
asc.day0_GTTAAGCCAAAGTGCG-1	3
asc.day0_GTTAAGCCATGCAACT-1	4
asc.day0_GTTAAGCGTAAATGTG-1	4
asc.day0_GTTAAGCGTAAGGGCT-1	4
asc.day0_GTTAAGCGTATATCCG-1	3
asc.day0_GTTAAGCGTCCGACGT-1	1
asc.day0_GTTAAGCTCAAAGACA-1	3
asc.day0_GTTAAGCTCACCATAG-1	4
asc.day0_GTTAAGCTCCGAATGT-1	1
asc.day0_GTTAAGCTCGCACTCT-1	1
asc.day0_GTTAAGCTCTCTTATG-1	6
asc.day0_GTTACAGAGTCTCGGC-1	2
asc.day0_GTTACAGAGTTAAGTG-1	1
asc.day0_GTTACAGCACCTGGTG-1	3
asc.day0_GTTACAGCAGCGTAAG-1	5
asc.day0_GTTACAGCATGTCGAT-1	3
asc.day0_GTTACAGGTAGCACGA-1	1
asc.day0_GTTACAGGTTCGTCTC-1	4
asc.day0_GTTACAGTCAGTGTTG-1	5
asc.day0_GTTACAGTCCCTTGCA-1	5
asc.day0_GTTACAGTCGGTGTCG-1	4
asc.day0_GTTCATTAGCACACAG-1	3
asc.day0_GTTCATTAGGTCATCT-1	4
asc.day0_GTTCATTAGTGAAGTT-1	1
asc.day0_GTTCATTAGTGAATTG-1	1
asc.day0_GTTCATTCAAAGGTGC-1	1
asc.day0_GTTCATTCACCAGGCT-1	3
asc.day0_GTTCATTCACGTCAGC-1	4
asc.day0_GTTCATTCATGGGAAC-1	3
asc.day0_GTTCATTGTATATGGA-1	4
asc.day0_GTTCATTGTGCACTTA-1	1
asc.day0_GTTCATTTCACTTCAT-1	5
asc.day0_GTTCATTTCCTACAGA-1	2
asc.day0_GTTCATTTCGTGGTCG-1	1
asc.day0_GTTCATTTCTACCTGC-1	2
asc.day0_GTTCATTTCTTGTTTG-1	1
asc.day0_GTTCGGGAGCTACCTA-1	4
asc.day0_GTTCGGGAGTTGTCGT-1	4
asc.day0_GTTCGGGCACCGATAT-1	1
asc.day0_GTTCGGGCACTAAGTC-1	1
asc.day0_GTTCGGGCATCGGTTA-1	1
asc.day0_GTTCGGGCATGCTGGC-1	1
asc.day0_GTTCGGGGTGGCGAAT-1	1
asc.day0_GTTCGGGTCAGAGGTG-1	1
asc.day0_GTTCGGGTCGGCGCTA-1	3
asc.day0_GTTCTCGAGCAGCCTC-1	1
asc.day0_GTTCTCGAGCGTCAAG-1	3
asc.day0_GTTCTCGAGTCTCGGC-1	4
asc.day0_GTTCTCGCACATTAGC-1	1
asc.day0_GTTCTCGCAGCCAATT-1	1
asc.day0_GTTCTCGCAGGTGGAT-1	3
asc.day0_GTTCTCGCATGGGAAC-1	2
asc.day0_GTTCTCGGTACTCTCC-1	1
asc.day0_GTTCTCGGTATCACCA-1	4
asc.day0_GTTCTCGGTCAGCTAT-1	1
asc.day0_GTTCTCGGTGCAACTT-1	4
asc.day0_GTTCTCGGTGGAAAGA-1	5
asc.day0_GTTCTCGGTGTCAATC-1	3
asc.day0_GTTCTCGGTTATGCGT-1	1
asc.day0_GTTCTCGTCCACGAAT-1	4
asc.day0_GTTCTCGTCCCTTGTG-1	2
asc.day0_GTTCTCGTCTTGCCGT-1	4
asc.day0_GTTTCTAAGATGTTAG-1	6
asc.day0_GTTTCTAAGCAGCGTA-1	5
asc.day0_GTTTCTAAGCCACTAT-1	1
asc.day0_GTTTCTAAGCTCAACT-1	1
asc.day0_GTTTCTAAGTCTTGCA-1	1
asc.day0_GTTTCTAAGTTCGATC-1	3
asc.day0_GTTTCTACAACACGCC-1	3
asc.day0_GTTTCTACAACCGCCA-1	3
asc.day0_GTTTCTACAAGCTGAG-1	1
asc.day0_GTTTCTACACCTTGTC-1	5
asc.day0_GTTTCTACACGAAATA-1	2
asc.day0_GTTTCTACATGGGACA-1	2
asc.day0_GTTTCTAGTAGCTTGT-1	1
asc.day0_GTTTCTAGTCATCGGC-1	5
asc.day0_GTTTCTAGTCATGCCG-1	3
asc.day0_GTTTCTAGTCTAACGT-1	2
asc.day0_GTTTCTAGTGCATCTA-1	1
asc.day0_GTTTCTAGTGTGTGCC-1	5
asc.day0_GTTTCTAGTTACCAGT-1	1
asc.day0_GTTTCTAGTTTGACTG-1	3
asc.day0_TAAACCGAGAGCCTAG-1	4
asc.day0_TAAACCGCAAGAAGAG-1	1
asc.day0_TAAACCGCAGCGTCCA-1	3
asc.day0_TAAACCGCAGCTGCAC-1	4
asc.day0_TAAACCGCAGGGTACA-1	4
asc.day0_TAAACCGCATACCATG-1	3
asc.day0_TAAACCGGTATAAACG-1	1
asc.day0_TAAACCGGTTACCAGT-1	1
asc.day0_TAAACCGTCTGCAAGT-1	3
asc.day0_TAAGAGAAGAACAACT-1	4
asc.day0_TAAGAGAAGCTCAACT-1	3
asc.day0_TAAGAGACAATCGAAA-1	3
asc.day0_TAAGAGACAATGAAAC-1	5
asc.day0_TAAGAGACAGCTATTG-1	2
asc.day0_TAAGAGACATTAACCG-1	1
asc.day0_TAAGAGAGTAGGAGTC-1	1
asc.day0_TAAGAGAGTCAATGTC-1	1
asc.day0_TAAGAGAGTCGCGAAA-1	3
asc.day0_TAAGAGAGTGCAGACA-1	1
asc.day0_TAAGAGAGTGTCGCTG-1	2
asc.day0_TAAGAGAGTGTTCTTT-1	3
asc.day0_TAAGAGAGTGTTTGTG-1	4
asc.day0_TAAGAGATCAGCGACC-1	2
asc.day0_TAAGAGATCGTAGATC-1	1
asc.day0_TAAGAGATCGTCACGG-1	4
asc.day0_TAAGAGATCTGCTGTC-1	4
asc.day0_TAAGAGATCTTCGAGA-1	4
asc.day0_TAAGCGTAGAGTGACC-1	5
asc.day0_TAAGCGTAGCCTATGT-1	3
asc.day0_TAAGCGTAGGTACTCT-1	6
asc.day0_TAAGCGTAGGTGGGTT-1	3
asc.day0_TAAGCGTAGTGAATTG-1	5
asc.day0_TAAGCGTAGTGCTGCC-1	3
asc.day0_TAAGCGTCAATTCCTT-1	2
asc.day0_TAAGCGTCACCTTGTC-1	4
asc.day0_TAAGCGTCACGGTAAG-1	1
asc.day0_TAAGCGTCATTCTTAC-1	1
asc.day0_TAAGCGTGTCCGACGT-1	3
asc.day0_TAAGCGTGTCGGCTCA-1	3
asc.day0_TAAGCGTGTCTCTTAT-1	1
asc.day0_TAAGCGTGTGCAGTAG-1	3
asc.day0_TAAGCGTGTTGTGGCC-1	5
asc.day0_TAAGCGTTCAGTGCAT-1	1
asc.day0_TAAGCGTTCCTGCTTG-1	4
asc.day0_TAAGTGCAGAATCTCC-1	2
asc.day0_TAAGTGCAGACATAAC-1	1
asc.day0_TAAGTGCAGGGTGTTG-1	1
asc.day0_TAAGTGCCAAGGACTG-1	3
asc.day0_TAAGTGCCACTATCTT-1	1
asc.day0_TAAGTGCCACTCGACG-1	1
asc.day0_TAAGTGCGTAGGGTAC-1	3
asc.day0_TAAGTGCGTCGGCATC-1	3
asc.day0_TAAGTGCTCTGGGCCA-1	1
asc.day0_TACACGAAGACTTTCG-1	5
asc.day0_TACACGAAGCACCGTC-1	3
asc.day0_TACACGAAGCCACTAT-1	3
asc.day0_TACACGAAGTACGACG-1	2
asc.day0_TACACGACAAGTAATG-1	4
asc.day0_TACACGACAGTATAAG-1	1
asc.day0_TACACGAGTACCCAAT-1	1
asc.day0_TACACGAGTCAAAGAT-1	1
asc.day0_TACACGAGTCGGCATC-1	3
asc.day0_TACACGAGTTCGTCTC-1	5
asc.day0_TACACGATCACCACCT-1	4
asc.day0_TACACGATCACGACTA-1	3
asc.day0_TACACGATCCTAAGTG-1	4
asc.day0_TACACGATCCTGCAGG-1	1
asc.day0_TACACGATCGCACTCT-1	1
asc.day0_TACAGTGAGACAAAGG-1	1
asc.day0_TACAGTGAGATGTGGC-1	1
asc.day0_TACAGTGAGCAACGGT-1	3
asc.day0_TACAGTGAGTTGAGTA-1	1
asc.day0_TACAGTGCAAATCCGT-1	4
asc.day0_TACAGTGCAAGACACG-1	1
asc.day0_TACAGTGCAAGGTTTC-1	3
asc.day0_TACAGTGCACGAGGTA-1	3
asc.day0_TACAGTGCATCGTCGG-1	1
asc.day0_TACAGTGGTGGGTATG-1	4
asc.day0_TACAGTGGTTACGACT-1	5
asc.day0_TACAGTGTCAGAGCTT-1	1
asc.day0_TACAGTGTCAGGCGAA-1	1
asc.day0_TACAGTGTCGGGAGTA-1	1
asc.day0_TACAGTGTCGTGGTCG-1	3
asc.day0_TACCTATAGTGGCACA-1	2
asc.day0_TACCTATCACCAGTTA-1	3
asc.day0_TACCTATGTAGATTAG-1	3
asc.day0_TACCTATGTATATGGA-1	1
asc.day0_TACCTATGTCTACCTC-1	2
asc.day0_TACCTATGTTCCGGCA-1	3
asc.day0_TACCTATTCACCTCGT-1	5
asc.day0_TACCTATTCACGCATA-1	4
asc.day0_TACCTATTCAGTTAGC-1	2
asc.day0_TACCTATTCTGGCGTG-1	1
asc.day0_TACCTATTCTTGCCGT-1	1
asc.day0_TACCTTAAGAATGTGT-1	3
asc.day0_TACCTTAAGACCACGA-1	3
asc.day0_TACCTTAAGGAGCGTT-1	1
asc.day0_TACCTTAAGTAGCCGA-1	3
asc.day0_TACCTTACACATAACC-1	1
asc.day0_TACCTTACACTAAGTC-1	4
asc.day0_TACCTTACACTGTTAG-1	3
asc.day0_TACCTTAGTAGTAGTA-1	3
asc.day0_TACCTTAGTCCTAGCG-1	3
asc.day0_TACCTTAGTGGACGAT-1	1
asc.day0_TACCTTAGTGTCCTCT-1	3
asc.day0_TACCTTAGTTCGTCTC-1	1
asc.day0_TACCTTATCAAAGTAG-1	3
asc.day0_TACCTTATCAGTTAGC-1	5
asc.day0_TACCTTATCATCATTC-1	1
asc.day0_TACCTTATCGCTTGTC-1	2
asc.day0_TACGGATAGACAGAGA-1	1
asc.day0_TACGGATAGGCCCTTG-1	1
asc.day0_TACGGATAGGTGTTAA-1	3
asc.day0_TACGGATCAATGGATA-1	3
asc.day0_TACGGATCAATTCCTT-1	4
asc.day0_TACGGATCACGCGAAA-1	1
asc.day0_TACGGATCACGGCCAT-1	1
asc.day0_TACGGATCACTTAACG-1	2
asc.day0_TACGGATCAGAGTGTG-1	3
asc.day0_TACGGATCAGTTCCCT-1	3
asc.day0_TACGGATCATCTGGTA-1	6
asc.day0_TACGGATGTGTGACCC-1	3
asc.day0_TACGGATGTTGGTAAA-1	1
asc.day0_TACGGATTCCAAAGTC-1	3
asc.day0_TACGGATTCCACTCCA-1	1
asc.day0_TACGGATTCTGGTTCC-1	3
asc.day0_TACGGGCAGAAGCCCA-1	3
asc.day0_TACGGGCAGAGACTTA-1	3
asc.day0_TACGGGCAGCCACGTC-1	1
asc.day0_TACGGGCAGGCTACGA-1	3
asc.day0_TACGGGCCAAGGGTCA-1	3
asc.day0_TACGGGCCACGGTAAG-1	1
asc.day0_TACGGGCCAGCTGTTA-1	3
asc.day0_TACGGGCCATAAGACA-1	1
asc.day0_TACGGGCCATCGTCGG-1	2
asc.day0_TACGGGCGTACAGTTC-1	3
asc.day0_TACGGGCGTACCGTAT-1	5
asc.day0_TACGGGCGTATATGAG-1	4
asc.day0_TACGGGCGTGAGCGAT-1	3
asc.day0_TACGGGCGTTATGCGT-1	4
asc.day0_TACGGGCTCGTGACAT-1	3
asc.day0_TACGGGCTCTAACTTC-1	4
asc.day0_TACGGGCTCTTGACGA-1	5
asc.day0_TACGGGCTCTTGAGAC-1	3
asc.day0_TACGGTAAGAGACGAA-1	4
asc.day0_TACGGTAAGAGGTAGA-1	3
asc.day0_TACGGTAAGATGGGTC-1	1
asc.day0_TACGGTAAGCTGCGAA-1	3
asc.day0_TACGGTAAGGCCCTCA-1	3
asc.day0_TACGGTAAGTCAAGGC-1	1
asc.day0_TACGGTAAGTGGAGAA-1	2
asc.day0_TACGGTAAGTTGAGTA-1	3
asc.day0_TACGGTACAAGCTGTT-1	5
asc.day0_TACGGTACAAGTAGTA-1	3
asc.day0_TACGGTACAGCCAGAA-1	1
asc.day0_TACGGTACATTGGCGC-1	1
asc.day0_TACGGTAGTACGACCC-1	1
asc.day0_TACGGTAGTCACAAGG-1	3
asc.day0_TACGGTAGTCCGAAGA-1	3
asc.day0_TACGGTAGTCCGTCAG-1	1
asc.day0_TACGGTAGTCGCTTCT-1	3
asc.day0_TACGGTAGTCTCGTTC-1	1
asc.day0_TACGGTAGTCTTTCAT-1	3
asc.day0_TACGGTATCCCAACGG-1	2
asc.day0_TACGGTATCCGAATGT-1	1
asc.day0_TACGGTATCCGCATAA-1	4
asc.day0_TACGGTATCCGGGTGT-1	1
asc.day0_TACGGTATCGTAGGTT-1	1
asc.day0_TACGGTATCGTTTATC-1	6
asc.day0_TACTCATAGCGTCTAT-1	4
asc.day0_TACTCATAGTCACGCC-1	1
asc.day0_TACTCATAGTTTAGGA-1	1
asc.day0_TACTCATCAGCGTTCG-1	2
asc.day0_TACTCATCAGGGATTG-1	4
asc.day0_TACTCATCATCGGTTA-1	1
asc.day0_TACTCATGTAAATACG-1	1
asc.day0_TACTCATGTCACAAGG-1	4
asc.day0_TACTCATGTCCCTTGT-1	3
asc.day0_TACTCATGTCTCAACA-1	3
asc.day0_TACTCATGTGAAAGAG-1	3
asc.day0_TACTCATGTGGCGAAT-1	1
asc.day0_TACTCATGTTCCGGCA-1	3
asc.day0_TACTCATGTTGATTCG-1	1
asc.day0_TACTCATTCAGATAAG-1	3
asc.day0_TACTCATTCAGTTTGG-1	3
asc.day0_TACTCATTCATGTCCC-1	4
asc.day0_TACTCATTCGTACGGC-1	3
asc.day0_TACTCATTCGTGGTCG-1	1
asc.day0_TACTCGCAGCTGGAAC-1	3
asc.day0_TACTCGCAGGACATTA-1	3
asc.day0_TACTCGCCAGCTTAAC-1	4
asc.day0_TACTCGCGTAGCTAAA-1	4
asc.day0_TACTCGCGTGTAACGG-1	4
asc.day0_TACTCGCTCCAAACAC-1	3
asc.day0_TACTCGCTCCCAGGTG-1	1
asc.day0_TACTCGCTCGCGTAGC-1	3
asc.day0_TACTCGCTCGGCGCTA-1	5
asc.day0_TACTCGCTCTTGTATC-1	3
asc.day0_TACTTACAGACTAAGT-1	1
asc.day0_TACTTACAGAGTTGGC-1	2
asc.day0_TACTTACAGCCAGGAT-1	3
asc.day0_TACTTACAGGGTTTCT-1	3
asc.day0_TACTTACCAAGCCTAT-1	3
asc.day0_TACTTACCACGAAACG-1	2
asc.day0_TACTTACCAGCCACCA-1	2
asc.day0_TACTTACCAGTAGAGC-1	1
asc.day0_TACTTACGTCGAACAG-1	1
asc.day0_TACTTACGTTAGAACA-1	3
asc.day0_TACTTACGTTCGTTGA-1	3
asc.day0_TACTTACTCCACTCCA-1	1
asc.day0_TACTTACTCCGAATGT-1	1
asc.day0_TACTTACTCTGAAAGA-1	2
asc.day0_TACTTACTCTTACCTA-1	1
asc.day0_TACTTACTCTTGTCAT-1	3
asc.day0_TACTTGTAGAGTACCG-1	4
asc.day0_TACTTGTAGATGTAAC-1	1
asc.day0_TACTTGTAGCTAGCCC-1	3
asc.day0_TACTTGTAGCTTCGCG-1	1
asc.day0_TACTTGTAGGGTTCCC-1	1
asc.day0_TACTTGTAGTCATCCA-1	1
asc.day0_TACTTGTCACATCCGG-1	1
asc.day0_TACTTGTCAGTACACT-1	3
asc.day0_TACTTGTCATGGGAAC-1	2
asc.day0_TACTTGTGTAGAGGAA-1	1
asc.day0_TACTTGTGTGTTGGGA-1	3
asc.day0_TACTTGTGTTCGCGAC-1	5
asc.day0_TACTTGTTCGGAAATA-1	1
asc.day0_TACTTGTTCGGTGTTA-1	6
asc.day0_TACTTGTTCTCTAGGA-1	4
asc.day0_TACTTGTTCTGATTCT-1	2
asc.day0_TAGACCAAGACTTGAA-1	4
asc.day0_TAGACCAAGAGTGAGA-1	2
asc.day0_TAGACCAAGATTACCC-1	1
asc.day0_TAGACCAAGCTCCTTC-1	3
asc.day0_TAGACCAAGTGCCAGA-1	3
asc.day0_TAGACCACAATGCCAT-1	4
asc.day0_TAGACCACACCAGGTC-1	1
asc.day0_TAGACCACAGACTCGC-1	2
asc.day0_TAGACCAGTACCCAAT-1	4
asc.day0_TAGACCAGTGCGATAG-1	1
asc.day0_TAGACCAGTTCACGGC-1	3
asc.day0_TAGACCATCCTAGTGA-1	2
asc.day0_TAGACCATCGTCTGCT-1	4
asc.day0_TAGAGCTAGAGCTATA-1	4
asc.day0_TAGAGCTAGATGCCAG-1	1
asc.day0_TAGAGCTAGCTCCTCT-1	2
asc.day0_TAGAGCTAGGCCCTTG-1	1
asc.day0_TAGAGCTAGGCTCATT-1	3
asc.day0_TAGAGCTCAAGTAATG-1	1
asc.day0_TAGAGCTCAGACAAAT-1	3
asc.day0_TAGAGCTCAGCAGTTT-1	4
asc.day0_TAGAGCTCAGCGTTCG-1	1
asc.day0_TAGAGCTCAGGATTGG-1	3
asc.day0_TAGAGCTCAGGTCTCG-1	5
asc.day0_TAGAGCTCATAAGACA-1	1
asc.day0_TAGAGCTGTACGAAAT-1	3
asc.day0_TAGAGCTGTAGGAGTC-1	3
asc.day0_TAGAGCTGTCAGAATA-1	1
asc.day0_TAGAGCTTCATCACCC-1	3
asc.day0_TAGAGCTTCTCCAGGG-1	3
asc.day0_TAGCCGGAGCACCGCT-1	5
asc.day0_TAGCCGGAGGAGTTGC-1	3
asc.day0_TAGCCGGAGGCGCTCT-1	1
asc.day0_TAGCCGGAGTCGTACT-1	1
asc.day0_TAGCCGGCAAGAGGCT-1	3
asc.day0_TAGCCGGCAATAGAGT-1	2
asc.day0_TAGCCGGCAATCGGTT-1	1
asc.day0_TAGCCGGCACCAGCAC-1	2
asc.day0_TAGCCGGCAGCGTCCA-1	6
asc.day0_TAGCCGGCAGGTCTCG-1	1
asc.day0_TAGCCGGGTAGGGTAC-1	3
asc.day0_TAGCCGGGTCCAAGTT-1	4
asc.day0_TAGCCGGTCAACGCTA-1	5
asc.day0_TAGCCGGTCATGCATG-1	4
asc.day0_TAGCCGGTCGAACGGA-1	3
asc.day0_TAGGCATAGACTAAGT-1	3
asc.day0_TAGGCATAGCATGGCA-1	5
asc.day0_TAGGCATAGCGATGAC-1	3
asc.day0_TAGGCATAGCTAACTC-1	1
asc.day0_TAGGCATCAACACCCG-1	1
asc.day0_TAGGCATCATCCCACT-1	3
asc.day0_TAGGCATCATCTACGA-1	4
asc.day0_TAGGCATCATGGGACA-1	2
asc.day0_TAGGCATCATGGTAGG-1	2
asc.day0_TAGGCATGTAAGCACG-1	1
asc.day0_TAGGCATGTACTTAGC-1	3
asc.day0_TAGGCATGTCCAACTA-1	2
asc.day0_TAGGCATGTGTTTGGT-1	5
asc.day0_TAGGCATGTTGAGTTC-1	4
asc.day0_TAGGCATTCCAAATGC-1	1
asc.day0_TAGGCATTCCTTTCTC-1	3
asc.day0_TAGGCATTCGGATGTT-1	3
asc.day0_TAGGCATTCTGAGGGA-1	4
asc.day0_TAGGCATTCTGGCGTG-1	1
asc.day0_TAGTGGTAGCCCAACC-1	4
asc.day0_TAGTGGTAGGATGCGT-1	4
asc.day0_TAGTGGTAGGCCCGTT-1	3
asc.day0_TAGTGGTAGGCGCTCT-1	2
asc.day0_TAGTGGTAGTGACTCT-1	1
asc.day0_TAGTGGTCAAGCGATG-1	4
asc.day0_TAGTGGTCACAGGTTT-1	1
asc.day0_TAGTGGTCACCAACCG-1	1
asc.day0_TAGTGGTCATAACCTG-1	3
asc.day0_TAGTGGTGTAGGCATG-1	1
asc.day0_TAGTGGTGTCCATGAT-1	3
asc.day0_TAGTGGTGTCTCTCTG-1	4
asc.day0_TAGTGGTGTTATGCGT-1	3
asc.day0_TAGTGGTTCACAAACC-1	1
asc.day0_TAGTGGTTCCGTAGTA-1	4
asc.day0_TAGTGGTTCCTGTAGA-1	3
asc.day0_TAGTTGGAGAAGGTGA-1	4
asc.day0_TAGTTGGAGTATCGAA-1	3
asc.day0_TAGTTGGCACTTGGAT-1	3
asc.day0_TAGTTGGCAGGCAGTA-1	3
asc.day0_TAGTTGGGTAGCGTCC-1	3
asc.day0_TAGTTGGGTCATCGGC-1	2
asc.day0_TAGTTGGGTGTTTGGT-1	1
asc.day0_TAGTTGGGTTGTTTGG-1	1
asc.day0_TAGTTGGTCCTCAACC-1	1
asc.day0_TAGTTGGTCGCATGAT-1	3
asc.day0_TAGTTGGTCGCTTGTC-1	3
asc.day0_TAGTTGGTCTAACCGA-1	3
asc.day0_TATCAGGAGAAGGTGA-1	1
asc.day0_TATCAGGAGAGGGATA-1	3
asc.day0_TATCAGGAGATGAGAG-1	1
asc.day0_TATCAGGAGTGCCAGA-1	3
asc.day0_TATCAGGCAGCCTTTC-1	1
asc.day0_TATCAGGGTAGGGACT-1	1
asc.day0_TATCAGGGTCTCCCTA-1	5
asc.day0_TATCAGGGTTCCACTC-1	4
asc.day0_TATCAGGGTTGTGGCC-1	2
asc.day0_TATCAGGTCAGCGATT-1	4
asc.day0_TATCAGGTCAGCTGGC-1	3
asc.day0_TATCAGGTCAGTCCCT-1	3
asc.day0_TATCAGGTCCTTAATC-1	5
asc.day0_TATCAGGTCGCGATCG-1	1
asc.day0_TATCAGGTCGGTGTCG-1	3
asc.day0_TATCTCAAGGCCATAG-1	3
asc.day0_TATCTCAAGTGCAAGC-1	4
asc.day0_TATCTCACAAACCCAT-1	1
asc.day0_TATCTCACACGGTGTC-1	3
asc.day0_TATCTCACACTCTGTC-1	3
asc.day0_TATCTCACAGGCAGTA-1	5
asc.day0_TATCTCACAGTTTACG-1	4
asc.day0_TATCTCACATACCATG-1	3
asc.day0_TATCTCAGTAAATGAC-1	3
asc.day0_TATCTCAGTTCGCTAA-1	4
asc.day0_TATCTCATCGCCGTGA-1	1
asc.day0_TATCTCATCTTGCCGT-1	1
asc.day0_TATGCCCAGATCTGCT-1	1
asc.day0_TATGCCCAGGAGTCTG-1	4
asc.day0_TATGCCCCAAGCCGCT-1	5
asc.day0_TATGCCCCACCCATGG-1	1
asc.day0_TATGCCCCAGGAATCG-1	4
asc.day0_TATGCCCCATCCGCGA-1	4
asc.day0_TATGCCCGTGTTCGAT-1	1
asc.day0_TATGCCCGTTCATGGT-1	4
asc.day0_TATGCCCTCCTCGCAT-1	3
asc.day0_TATTACCAGATCGGGT-1	1
asc.day0_TATTACCAGTGTTGAA-1	1
asc.day0_TATTACCAGTTCGCAT-1	1
asc.day0_TATTACCCAACAACCT-1	5
asc.day0_TATTACCCACCGGAAA-1	5
asc.day0_TATTACCCACTTACGA-1	3
asc.day0_TATTACCCAGCGTCCA-1	3
asc.day0_TATTACCCATCGACGC-1	2
asc.day0_TATTACCCATGCCACG-1	3
asc.day0_TATTACCGTGGACGAT-1	3
asc.day0_TATTACCTCAGGATCT-1	1
asc.day0_TATTACCTCAGGCAAG-1	1
asc.day0_TATTACCTCAGTGTTG-1	2
asc.day0_TATTACCTCGCATGGC-1	4
asc.day0_TATTACCTCGCTTGTC-1	4
asc.day0_TCAACGAAGCGATTCT-1	1
asc.day0_TCAACGAAGTGAACAT-1	3
asc.day0_TCAACGAAGTGACATA-1	3
asc.day0_TCAACGAAGTGTACTC-1	3
asc.day0_TCAACGACAAGCGAGT-1	1
asc.day0_TCAACGACAATCCAAC-1	3
asc.day0_TCAACGACACGGACAA-1	3
asc.day0_TCAACGACACGGTAAG-1	5
asc.day0_TCAACGACAGATGAGC-1	4
asc.day0_TCAACGACAGCTATTG-1	3
asc.day0_TCAACGACATTAACCG-1	1
asc.day0_TCAACGAGTAAGGGAA-1	4
asc.day0_TCAACGAGTCTCATCC-1	1
asc.day0_TCAACGAGTGAGGGAG-1	1
asc.day0_TCAACGATCGAATGCT-1	3
asc.day0_TCAACGATCTGCAGTA-1	5
asc.day0_TCAATCTAGAGGGATA-1	3
asc.day0_TCAATCTAGCGATATA-1	4
asc.day0_TCAATCTAGCGGCTTC-1	4
asc.day0_TCAATCTAGGACACCA-1	1
asc.day0_TCAATCTAGTCATGCT-1	3
asc.day0_TCAATCTCACCGGAAA-1	1
asc.day0_TCAATCTCACTCTGTC-1	4
asc.day0_TCAATCTCAGGACGTA-1	1
asc.day0_TCAATCTGTAAGGGAA-1	1
asc.day0_TCAATCTGTACTTGAC-1	1
asc.day0_TCAATCTGTAGATTAG-1	3
asc.day0_TCAATCTGTAGCGTAG-1	3
asc.day0_TCAATCTGTAGCTAAA-1	2
asc.day0_TCAATCTGTTGGTAAA-1	1
asc.day0_TCAATCTTCAAGGTAA-1	1
asc.day0_TCAATCTTCCCATTAT-1	3
asc.day0_TCAATCTTCCTCCTAG-1	4
asc.day0_TCAATCTTCGCACTCT-1	4
asc.day0_TCAATCTTCGCATGGC-1	3
asc.day0_TCAATCTTCTCTAAGG-1	5
asc.day0_TCACAAGCAAACCCAT-1	1
asc.day0_TCACAAGGTCCCGACA-1	1
asc.day0_TCACAAGGTGCAGGTA-1	3
asc.day0_TCACAAGTCACAGGCC-1	1
asc.day0_TCACAAGTCCACTCCA-1	1
asc.day0_TCACAAGTCCAGATCA-1	3
asc.day0_TCACAAGTCGGCGCTA-1	2
asc.day0_TCACAAGTCGGTCTAA-1	4
asc.day0_TCACGAAAGATTACCC-1	5
asc.day0_TCACGAAAGGCAATTA-1	1
asc.day0_TCACGAAAGTGTACGG-1	3
asc.day0_TCACGAACACACCGCA-1	4
asc.day0_TCACGAACACATCCGG-1	1
asc.day0_TCACGAACAGACACTT-1	1
asc.day0_TCACGAAGTGAACCTT-1	1
asc.day0_TCACGAATCAGTTAGC-1	3
asc.day0_TCACGAATCGCCCTTA-1	1
asc.day0_TCAGATGAGAAGGTGA-1	1
asc.day0_TCAGATGAGACAGACC-1	1
asc.day0_TCAGATGAGGCGTACA-1	3
asc.day0_TCAGATGAGTCAATAG-1	2
asc.day0_TCAGATGAGTCGTACT-1	1
asc.day0_TCAGATGCAAACTGTC-1	5
asc.day0_TCAGATGCAAAGGTGC-1	1
asc.day0_TCAGATGCACACCGAC-1	3
asc.day0_TCAGATGCACTCTGTC-1	2
asc.day0_TCAGATGCAGATGGGT-1	2
asc.day0_TCAGATGCAGCCTGTG-1	3
asc.day0_TCAGATGCAGCTCGAC-1	1
asc.day0_TCAGATGCATAACCTG-1	4
asc.day0_TCAGATGGTACTCTCC-1	1
asc.day0_TCAGATGGTATAGGGC-1	2
asc.day0_TCAGATGGTTAGGGTG-1	1
asc.day0_TCAGATGGTTCAGACT-1	3
asc.day0_TCAGATGTCAGGTAAA-1	4
asc.day0_TCAGATGTCAGTGTTG-1	1
asc.day0_TCAGATGTCGCCTGTT-1	3
asc.day0_TCAGATGTCGGCTACG-1	1
asc.day0_TCAGCAAAGAGGGCTT-1	3
asc.day0_TCAGCAAAGCCTATGT-1	3
asc.day0_TCAGCAAAGGATTCGG-1	4
asc.day0_TCAGCAAAGGGATCTG-1	3
asc.day0_TCAGCAACAATCAGAA-1	2
asc.day0_TCAGCAACACCCAGTG-1	4
asc.day0_TCAGCAACACCTATCC-1	2
asc.day0_TCAGCAACAGCTCGCA-1	4
asc.day0_TCAGCAACATATGAGA-1	3
asc.day0_TCAGCAAGTAGCGTAG-1	3
asc.day0_TCAGCAAGTGGCGAAT-1	1
asc.day0_TCAGCAAGTGTTAAGA-1	1
asc.day0_TCAGCAAGTTGAGTTC-1	3
asc.day0_TCAGCAATCAAGGTAA-1	3
asc.day0_TCAGCAATCACCGGGT-1	1
asc.day0_TCAGCAATCCAAATGC-1	5
asc.day0_TCAGCAATCGCTAGCG-1	1
asc.day0_TCAGCAATCGGCGCAT-1	3
asc.day0_TCAGCAATCTCCAACC-1	2
asc.day0_TCAGCAATCTCGTTTA-1	3
asc.day0_TCAGCTCAGACAAAGG-1	1
asc.day0_TCAGCTCAGACCCACC-1	1
asc.day0_TCAGCTCAGATGTCGG-1	1
asc.day0_TCAGCTCAGCCCGAAA-1	1
asc.day0_TCAGCTCAGCGCCTCA-1	3
asc.day0_TCAGCTCAGGCTCAGA-1	3
asc.day0_TCAGCTCAGTTGAGAT-1	1
asc.day0_TCAGCTCCAACTTGAC-1	2
asc.day0_TCAGCTCGTACTTAGC-1	4
asc.day0_TCAGCTCGTATGCTTG-1	5
asc.day0_TCAGCTCGTCCCTACT-1	1
asc.day0_TCAGCTCGTCGGGTCT-1	3
asc.day0_TCAGCTCGTTGTGGCC-1	3
asc.day0_TCAGCTCTCACGGTTA-1	2
asc.day0_TCAGCTCTCAGGATCT-1	3
asc.day0_TCAGCTCTCCACGACG-1	2
asc.day0_TCAGCTCTCTTTAGTC-1	2
asc.day0_TCAGGATAGCAGGTCA-1	5
asc.day0_TCAGGATAGCTCCCAG-1	3
asc.day0_TCAGGATCAAGCTGTT-1	1
asc.day0_TCAGGATCAAGTAGTA-1	3
asc.day0_TCAGGATCAATCGAAA-1	3
asc.day0_TCAGGATCAATGAAAC-1	3
asc.day0_TCAGGATCAGTCTTCC-1	4
asc.day0_TCAGGATCATGTAGTC-1	2
asc.day0_TCAGGATGTGCAACGA-1	4
asc.day0_TCAGGATTCAGCTTAG-1	1
asc.day0_TCAGGATTCATTCACT-1	4
asc.day0_TCAGGATTCCTGCAGG-1	3
asc.day0_TCAGGATTCTTCATGT-1	1
asc.day0_TCAGGTAAGAAGGTTT-1	2
asc.day0_TCAGGTAAGGTAGCCA-1	1
asc.day0_TCAGGTAAGTGATCGG-1	3
asc.day0_TCAGGTACACTTCTGC-1	4
asc.day0_TCAGGTACAGTATGCT-1	3
asc.day0_TCAGGTACATAAAGGT-1	3
asc.day0_TCAGGTACATGAAGTA-1	3
asc.day0_TCAGGTAGTAGCAAAT-1	1
asc.day0_TCAGGTAGTAGGGTAC-1	1
asc.day0_TCAGGTAGTATCGCAT-1	3
asc.day0_TCAGGTAGTCATACTG-1	1
asc.day0_TCAGGTATCAACACGT-1	1
asc.day0_TCAGGTATCCAAGTAC-1	3
asc.day0_TCATTACAGATAGTCA-1	3
asc.day0_TCATTACAGGGTTCCC-1	4
asc.day0_TCATTACAGTGTTGAA-1	1
asc.day0_TCATTACCAACTGCGC-1	3
asc.day0_TCATTACCACAAGTAA-1	1
asc.day0_TCATTACCACATGACT-1	1
asc.day0_TCATTACCATCACGTA-1	2
asc.day0_TCATTACCATCAGTAC-1	3
asc.day0_TCATTACCATTATCTC-1	1
asc.day0_TCATTACGTAAATGTG-1	3
asc.day0_TCATTACGTAGGCTGA-1	4
asc.day0_TCATTACGTATATCCG-1	1
asc.day0_TCATTACGTCCCTACT-1	2
asc.day0_TCATTACGTGCAGGTA-1	1
asc.day0_TCATTACGTGTGCGTC-1	4
asc.day0_TCATTACGTGTTTGGT-1	4
asc.day0_TCATTACTCCTAGGGC-1	2
asc.day0_TCATTACTCCTTCAAT-1	3
asc.day0_TCATTACTCGTTACGA-1	4
asc.day0_TCATTTGAGCACAGGT-1	1
asc.day0_TCATTTGAGCGACGTA-1	3
asc.day0_TCATTTGAGGCATGTG-1	1
asc.day0_TCATTTGAGTTACGGG-1	3
asc.day0_TCATTTGCAAGCTGAG-1	3
asc.day0_TCATTTGCAAGGGTCA-1	3
asc.day0_TCATTTGCACAAGACG-1	3
asc.day0_TCATTTGCACCTCGTT-1	2
asc.day0_TCATTTGCAGACGCAA-1	1
asc.day0_TCATTTGCAGATTGCT-1	3
asc.day0_TCATTTGCAGGGAGAG-1	1
asc.day0_TCATTTGCAGTAAGAT-1	4
asc.day0_TCATTTGCAGTATAAG-1	3
asc.day0_TCATTTGCATTATCTC-1	2
asc.day0_TCATTTGGTAAACACA-1	5
asc.day0_TCATTTGGTACGAAAT-1	4
asc.day0_TCATTTGGTACGACCC-1	3
asc.day0_TCATTTGGTAGGGTAC-1	7
asc.day0_TCATTTGGTCGAATCT-1	1
asc.day0_TCATTTGGTGAGCGAT-1	5
asc.day0_TCATTTGGTGGTCTCG-1	3
asc.day0_TCATTTGTCCACTCCA-1	1
asc.day0_TCATTTGTCGGTGTTA-1	1
asc.day0_TCATTTGTCTCGGACG-1	3
asc.day0_TCCACACAGAAGGGTA-1	3
asc.day0_TCCACACAGCCACTAT-1	4
asc.day0_TCCACACAGCGGCTTC-1	3
asc.day0_TCCACACCAAGCGAGT-1	2
asc.day0_TCCACACCACGAAATA-1	1
asc.day0_TCCACACCACTTCGAA-1	3
asc.day0_TCCACACCATGCCTTC-1	1
asc.day0_TCCACACCATTGAGCT-1	5
asc.day0_TCCACACGTCTAGTCA-1	1
asc.day0_TCCACACGTCTCTCGT-1	1
asc.day0_TCCACACGTGTGCGTC-1	1
asc.day0_TCCACACGTTGAGGTG-1	3
asc.day0_TCCACACTCAAGCCTA-1	3
asc.day0_TCCACACTCCAGATCA-1	3
asc.day0_TCCACACTCCGCATCT-1	3
asc.day0_TCCACACTCGACGGAA-1	4
asc.day0_TCCACACTCGTCTGCT-1	3
asc.day0_TCCACACTCTCAACTT-1	3
asc.day0_TCCCGATAGACTAGGC-1	1
asc.day0_TCCCGATAGCAATCTC-1	5
asc.day0_TCCCGATCAAGGACTG-1	1
asc.day0_TCCCGATCACGAGGTA-1	1
asc.day0_TCCCGATCATGAAGTA-1	3
asc.day0_TCCCGATGTACTCGCG-1	3
asc.day0_TCCCGATGTAGCGCAA-1	3
asc.day0_TCCCGATGTATGCTTG-1	3
asc.day0_TCCCGATGTCAGGACA-1	3
asc.day0_TCCCGATGTCATATCG-1	1
asc.day0_TCCCGATGTTATGTGC-1	3
asc.day0_TCCCGATTCACTTATC-1	5
asc.day0_TCCCGATTCATGTAGC-1	3
asc.day0_TCCCGATTCGATCCCT-1	3
asc.day0_TCCCGATTCGCGGATC-1	2
asc.day0_TCCCGATTCGGATGTT-1	3
asc.day0_TCCCGATTCTGAAAGA-1	3
asc.day0_TCCCGATTCTGGAGCC-1	4
asc.day0_TCCCGATTCTGGCGTG-1	4
asc.day0_TCGAGGCAGACTTTCG-1	3
asc.day0_TCGAGGCAGGCATGGT-1	4
asc.day0_TCGAGGCAGGTGTGGT-1	1
asc.day0_TCGAGGCCAAAGTGCG-1	4
asc.day0_TCGAGGCGTACTTAGC-1	5
asc.day0_TCGAGGCGTCCCGACA-1	5
asc.day0_TCGAGGCGTTCCACGG-1	6
asc.day0_TCGAGGCGTTTGGCGC-1	3
asc.day0_TCGAGGCTCACCTCGT-1	4
asc.day0_TCGAGGCTCATTGCCC-1	2
asc.day0_TCGCGAGAGACTACAA-1	1
asc.day0_TCGCGAGAGAGTACAT-1	1
asc.day0_TCGCGAGAGCACAGGT-1	1
asc.day0_TCGCGAGCAAGCTGTT-1	6
asc.day0_TCGCGAGCAATAACGA-1	1
asc.day0_TCGCGAGCAGTGGAGT-1	1
asc.day0_TCGCGAGCATCGGACC-1	5
asc.day0_TCGCGAGCATGACATC-1	3
asc.day0_TCGCGAGGTCCAGTTA-1	1
asc.day0_TCGCGAGGTGGTACAG-1	1
asc.day0_TCGCGAGTCAACCAAC-1	3
asc.day0_TCGCGAGTCAGCACAT-1	3
asc.day0_TCGCGAGTCCACTGGG-1	1
asc.day0_TCGCGAGTCCGCGGTA-1	1
asc.day0_TCGCGAGTCCTCGCAT-1	1
asc.day0_TCGCGAGTCTCACATT-1	3
asc.day0_TCGCGTTAGAAGGTGA-1	1
asc.day0_TCGCGTTAGAGACTAT-1	3
asc.day0_TCGCGTTAGTGGACGT-1	3
asc.day0_TCGCGTTAGTTTGCGT-1	2
asc.day0_TCGCGTTCAAAGGTGC-1	4
asc.day0_TCGCGTTCAAGCCGCT-1	4
asc.day0_TCGCGTTCAGATGGCA-1	1
asc.day0_TCGCGTTGTACATGTC-1	3
asc.day0_TCGCGTTGTCCTAGCG-1	4
asc.day0_TCGCGTTGTCTCAACA-1	1
asc.day0_TCGCGTTGTCTCTTAT-1	3
asc.day0_TCGCGTTGTGCAGGTA-1	4
asc.day0_TCGCGTTGTTCCGGCA-1	3
asc.day0_TCGCGTTTCATATCGG-1	1
asc.day0_TCGCGTTTCCGCGCAA-1	3
asc.day0_TCGCGTTTCTGATTCT-1	3
asc.day0_TCGCGTTTCTTTAGGG-1	1
asc.day0_TCGGGACAGATGAGAG-1	4
asc.day0_TCGGGACAGCAATATG-1	6
asc.day0_TCGGGACAGGACCACA-1	3
asc.day0_TCGGGACAGGTTACCT-1	5
asc.day0_TCGGGACCATAGGATA-1	1
asc.day0_TCGGGACCATATGGTC-1	3
asc.day0_TCGGGACCATTCTCAT-1	3
asc.day0_TCGGGACGTATAATGG-1	1
asc.day0_TCGGGACGTCTTTCAT-1	3
asc.day0_TCGGGACGTGAAATCA-1	1
asc.day0_TCGGGACGTTCAGACT-1	5
asc.day0_TCGGGACTCACTATTC-1	6
asc.day0_TCGGGACTCAGGTAAA-1	6
asc.day0_TCGGGACTCCTCTAGC-1	1
asc.day0_TCGGGACTCTTACCGC-1	1
asc.day0_TCGGGACTCTTTACAC-1	4
asc.day0_TCGGTAAAGCGTGAGT-1	3
asc.day0_TCGGTAAAGGCGTACA-1	3
asc.day0_TCGGTAAAGGGTGTTG-1	1
asc.day0_TCGGTAAAGTGACATA-1	1
asc.day0_TCGGTAACAAATCCGT-1	4
asc.day0_TCGGTAACAATGTTGC-1	3
asc.day0_TCGGTAACACGGACAA-1	3
asc.day0_TCGGTAACAGGTCGTC-1	3
asc.day0_TCGGTAACATTTGCCC-1	1
asc.day0_TCGGTAAGTAAGTGGC-1	1
asc.day0_TCGGTAAGTACGCACC-1	4
asc.day0_TCGGTAAGTAGCTGCC-1	2
asc.day0_TCGGTAAGTCAAAGAT-1	4
asc.day0_TCGGTAAGTGACGGTA-1	1
asc.day0_TCGGTAAGTGCCTGGT-1	4
asc.day0_TCGGTAAGTGCTGTAT-1	3
asc.day0_TCGGTAAGTGGCCCTA-1	1
asc.day0_TCGGTAAGTTGGAGGT-1	1
asc.day0_TCGGTAATCCGCATAA-1	3
asc.day0_TCGGTAATCCTGCTTG-1	1
asc.day0_TCGGTAATCGAATGGG-1	6
asc.day0_TCGTACCAGAAGGACA-1	3
asc.day0_TCGTACCAGAATGTTG-1	1
asc.day0_TCGTACCAGAGACGAA-1	2
asc.day0_TCGTACCAGCCTATGT-1	2
asc.day0_TCGTACCAGTTTAGGA-1	1
asc.day0_TCGTACCCAAGTACCT-1	3
asc.day0_TCGTACCCACCGATAT-1	1
asc.day0_TCGTACCCAGCGATCC-1	1
asc.day0_TCGTACCCATACTACG-1	8
asc.day0_TCGTACCCATGTAGTC-1	1
asc.day0_TCGTACCGTAGCTTGT-1	4
asc.day0_TCGTACCGTGATGTCT-1	1
asc.day0_TCGTACCGTGTTAAGA-1	1
asc.day0_TCGTACCTCAGGCAAG-1	4
asc.day0_TCGTACCTCAGTTGAC-1	4
asc.day0_TCGTACCTCCTCCTAG-1	3
asc.day0_TCGTACCTCGTCTGCT-1	3
asc.day0_TCGTACCTCTACTCAT-1	2
asc.day0_TCGTACCTCTGCTGTC-1	3
asc.day0_TCGTAGAAGATAGCAT-1	4
asc.day0_TCGTAGAAGCCCAATT-1	4
asc.day0_TCGTAGAAGCCCGAAA-1	2
asc.day0_TCGTAGACACCACGTG-1	1
asc.day0_TCGTAGACACCTGGTG-1	3
asc.day0_TCGTAGAGTACAGTGG-1	5
asc.day0_TCGTAGAGTCATTAGC-1	1
asc.day0_TCGTAGAGTTACGTCA-1	1
asc.day0_TCGTAGAGTTGGGACA-1	1
asc.day0_TCGTAGAGTTGGTGGA-1	1
asc.day0_TCGTAGATCCTGCTTG-1	3
asc.day0_TCGTAGATCGAATGGG-1	3
asc.day0_TCGTAGATCGTACCGG-1	4
asc.day0_TCGTAGATCTATGTGG-1	3
asc.day0_TCTATTGAGAGAGCTC-1	1
asc.day0_TCTATTGAGTGGGATC-1	3
asc.day0_TCTATTGCAGATGAGC-1	4
asc.day0_TCTATTGCATACGCTA-1	1
asc.day0_TCTATTGGTCTAGCGC-1	2
asc.day0_TCTATTGTCAAAGACA-1	2
asc.day0_TCTATTGTCAACGGGA-1	1
asc.day0_TCTATTGTCAGTGCAT-1	1
asc.day0_TCTATTGTCGCGTTTC-1	5
asc.day0_TCTATTGTCGGTCTAA-1	3
asc.day0_TCTATTGTCGTGACAT-1	5
asc.day0_TCTATTGTCTAACGGT-1	3
asc.day0_TCTATTGTCTGTACGA-1	3
asc.day0_TCTCATAAGAGCTGCA-1	3
asc.day0_TCTCATAAGAGGTTAT-1	3
asc.day0_TCTCATAAGTCTCCTC-1	1
asc.day0_TCTCATACAGATGGGT-1	4
asc.day0_TCTCATACAGGGTTAG-1	3
asc.day0_TCTCATACAGGTTTCA-1	1
asc.day0_TCTCATACATCACAAC-1	3
asc.day0_TCTCATAGTAGCTGCC-1	2
asc.day0_TCTCATAGTCAGGACA-1	1
asc.day0_TCTCATAGTTTACTCT-1	1
asc.day0_TCTCATATCAAACCGT-1	3
asc.day0_TCTCATATCGGCGCAT-1	4
asc.day0_TCTCTAAAGCAATATG-1	1
asc.day0_TCTCTAACAAGCCCAC-1	1
asc.day0_TCTCTAACAAGTCTGT-1	3
asc.day0_TCTCTAACAATAACGA-1	3
asc.day0_TCTCTAACACAAGACG-1	5
asc.day0_TCTCTAACATCCGTGG-1	3
asc.day0_TCTCTAAGTATATGAG-1	5
asc.day0_TCTCTAAGTCTAGTGT-1	1
asc.day0_TCTCTAAGTCTGCGGT-1	3
asc.day0_TCTCTAAGTTATTCTC-1	5
asc.day0_TCTCTAATCAGCTCGG-1	1
asc.day0_TCTCTAATCCAGTATG-1	4
asc.day0_TCTCTAATCGCATGAT-1	3
asc.day0_TCTCTAATCTACTCAT-1	3
asc.day0_TCTCTAATCTTTACAC-1	3
asc.day0_TCTGAGAAGCTAAGAT-1	2
asc.day0_TCTGAGAAGGCTAGCA-1	1
asc.day0_TCTGAGAAGGTGCTAG-1	2
asc.day0_TCTGAGAAGGTGTTAA-1	4
asc.day0_TCTGAGAAGTAGCCGA-1	1
asc.day0_TCTGAGACAAAGCAAT-1	3
asc.day0_TCTGAGACACGCTTTC-1	3
asc.day0_TCTGAGACATCACCCT-1	3
asc.day0_TCTGAGAGTCAAAGCG-1	1
asc.day0_TCTGAGAGTCCTCCAT-1	1
asc.day0_TCTGAGAGTCTTCAAG-1	1
asc.day0_TCTGAGATCATAAAGG-1	3
asc.day0_TCTGAGATCGCTTAGA-1	1
asc.day0_TCTGGAAAGAATTGTG-1	1
asc.day0_TCTGGAAAGACCCACC-1	1
asc.day0_TCTGGAAAGCAGGTCA-1	1
asc.day0_TCTGGAAAGCTGGAAC-1	4
asc.day0_TCTGGAAAGGAATGGA-1	1
asc.day0_TCTGGAAAGTTGAGAT-1	3
asc.day0_TCTGGAACACACATGT-1	4
asc.day0_TCTGGAACACGAGAGT-1	1
asc.day0_TCTGGAACAGACAGGT-1	1
asc.day0_TCTGGAACAGGCAGTA-1	5
asc.day0_TCTGGAACATACTACG-1	6
asc.day0_TCTGGAACATATGAGA-1	1
asc.day0_TCTGGAAGTATGCTTG-1	2
asc.day0_TCTGGAAGTCTCAACA-1	5
asc.day0_TCTGGAAGTTACTGAC-1	4
asc.day0_TCTGGAATCACCACCT-1	1
asc.day0_TCTGGAATCTTCAACT-1	3
asc.day0_TCTTCGGAGGAGTTGC-1	1
asc.day0_TCTTCGGAGTCCATAC-1	3
asc.day0_TCTTCGGAGTGGAGAA-1	6
asc.day0_TCTTCGGAGTGGGATC-1	1
asc.day0_TCTTCGGCAATGTTGC-1	3
asc.day0_TCTTCGGCACGGTAGA-1	1
asc.day0_TCTTCGGCACTAGTAC-1	3
asc.day0_TCTTCGGCATCGGACC-1	1
asc.day0_TCTTCGGCATGATCCA-1	3
asc.day0_TCTTCGGGTCAACATC-1	3
asc.day0_TCTTCGGGTCTAGCGC-1	3
asc.day0_TCTTCGGTCATATCGG-1	3
asc.day0_TCTTCGGTCCATGCTC-1	3
asc.day0_TCTTCGGTCCTAAGTG-1	1
asc.day0_TCTTCGGTCGAATGCT-1	4
asc.day0_TCTTCGGTCGAGGTAG-1	1
asc.day0_TCTTTCCAGACTTGAA-1	4
asc.day0_TCTTTCCAGCGATTCT-1	2
asc.day0_TCTTTCCAGGTGCACA-1	1
asc.day0_TCTTTCCCAAGCGAGT-1	5
asc.day0_TCTTTCCCACCAACCG-1	3
asc.day0_TCTTTCCCAGGATTGG-1	3
asc.day0_TCTTTCCCAGTCACTA-1	1
asc.day0_TCTTTCCCATAAGACA-1	3
asc.day0_TCTTTCCCATCTCCCA-1	1
asc.day0_TCTTTCCCATGACATC-1	2
asc.day0_TCTTTCCGTAAGGATT-1	2
asc.day0_TCTTTCCGTAGCTTGT-1	3
asc.day0_TCTTTCCGTCTGATTG-1	3
asc.day0_TCTTTCCTCCCTAACC-1	2
asc.day0_TCTTTCCTCGCCTGAG-1	3
asc.day0_TCTTTCCTCGTGGGAA-1	1
asc.day0_TCTTTCCTCTCGAGTA-1	3
asc.day0_TGAAAGAAGATAGTCA-1	1
asc.day0_TGAAAGAAGCGCTTAT-1	1
asc.day0_TGAAAGAAGTGTCCAT-1	4
asc.day0_TGAAAGAAGTTTAGGA-1	1
asc.day0_TGAAAGACAACTGCTA-1	1
asc.day0_TGAAAGACACAACGTT-1	1
asc.day0_TGAAAGACAGACTCGC-1	2
asc.day0_TGAAAGACAGGGATTG-1	5
asc.day0_TGAAAGACAGTGGAGT-1	1
asc.day0_TGAAAGACATCCGTGG-1	3
asc.day0_TGAAAGAGTCCAAGTT-1	2
asc.day0_TGAAAGAGTCGAATCT-1	2
asc.day0_TGAAAGAGTTGTACAC-1	2
asc.day0_TGAAAGATCAAGGTAA-1	6
asc.day0_TGAAAGATCGAATGCT-1	2
asc.day0_TGAAAGATCGTTACGA-1	1
asc.day0_TGACAACAGACCCACC-1	1
asc.day0_TGACAACAGCAGGCTA-1	5
asc.day0_TGACAACAGCTTCGCG-1	1
asc.day0_TGACAACAGGCCGAAT-1	3
asc.day0_TGACAACAGTGAACAT-1	3
asc.day0_TGACAACCACACCGAC-1	5
asc.day0_TGACAACCAGACGCTC-1	3
asc.day0_TGACAACCAGCTGTAT-1	1
asc.day0_TGACAACCATAACCTG-1	1
asc.day0_TGACAACCATACGCTA-1	6
asc.day0_TGACAACCATCCCATC-1	3
asc.day0_TGACAACGTAAACACA-1	1
asc.day0_TGACAACGTCAGCTAT-1	4
asc.day0_TGACAACGTGCCTTGG-1	3
asc.day0_TGACAACGTGCTTCTC-1	2
asc.day0_TGACAACGTTACGTCA-1	1
asc.day0_TGACAACTCCGGCACA-1	2
asc.day0_TGACAACTCGTTTGCC-1	1
asc.day0_TGACAACTCTGGAGCC-1	3
asc.day0_TGACGGCAGATCTGCT-1	5
asc.day0_TGACGGCAGCACGCCT-1	4
asc.day0_TGACGGCCACACTGCG-1	1
asc.day0_TGACGGCGTCAGGACA-1	3
asc.day0_TGACGGCGTGAGGGAG-1	1
asc.day0_TGACGGCGTGCTCTTC-1	1
asc.day0_TGACGGCGTGGCGAAT-1	3
asc.day0_TGACGGCGTGGTGTAG-1	1
asc.day0_TGACGGCGTTAAGGGC-1	1
asc.day0_TGACGGCTCCTACAGA-1	1
asc.day0_TGACGGCTCGCACTCT-1	1
asc.day0_TGACGGCTCGCCGTGA-1	5
asc.day0_TGACTAGAGATGCGAC-1	4
asc.day0_TGACTAGAGCAAATCA-1	3
asc.day0_TGACTAGCAAGAGTCG-1	3
asc.day0_TGACTAGCACAAGACG-1	3
asc.day0_TGACTAGCACCTCGTT-1	2
asc.day0_TGACTAGCAGCTATTG-1	1
asc.day0_TGACTAGCATCGGTTA-1	2
asc.day0_TGACTAGCATCTGGTA-1	3
asc.day0_TGACTAGGTATAGGGC-1	3
asc.day0_TGACTAGGTATCAGTC-1	1
asc.day0_TGACTAGGTCTAGAGG-1	4
asc.day0_TGACTAGGTCTGATCA-1	3
asc.day0_TGACTAGTCAGCATGT-1	1
asc.day0_TGACTAGTCCGAAGAG-1	3
asc.day0_TGACTAGTCGAGAGCA-1	1
asc.day0_TGACTAGTCGTTGCCT-1	3
asc.day0_TGACTAGTCTTTCCTC-1	1
asc.day0_TGACTTTAGATGAGAG-1	1
asc.day0_TGACTTTAGCGTAGTG-1	2
asc.day0_TGACTTTAGGACATTA-1	3
asc.day0_TGACTTTCAAACTGTC-1	1
asc.day0_TGACTTTCAATTCCTT-1	3
asc.day0_TGACTTTCAGCAGTTT-1	3
asc.day0_TGACTTTGTAGAGGAA-1	4
asc.day0_TGACTTTGTTTACTCT-1	1
asc.day0_TGACTTTTCACTGGGC-1	3
asc.day0_TGACTTTTCAGGATCT-1	1
asc.day0_TGACTTTTCGCGTAGC-1	4
asc.day0_TGACTTTTCTGCAAGT-1	1
asc.day0_TGAGAGGAGGAGCGTT-1	3
asc.day0_TGAGAGGAGGATGGTC-1	5
asc.day0_TGAGAGGAGGCCGAAT-1	1
asc.day0_TGAGAGGAGGTGATAT-1	5
asc.day0_TGAGAGGAGTACGTAA-1	1
asc.day0_TGAGAGGCACGTTGGC-1	1
asc.day0_TGAGAGGGTAAGAGAG-1	3
asc.day0_TGAGAGGGTCTACCTC-1	5
asc.day0_TGAGAGGGTGAGGCTA-1	2
asc.day0_TGAGAGGGTGCCTGTG-1	5
asc.day0_TGAGAGGTCAGTTTGG-1	1
asc.day0_TGAGAGGTCCACGACG-1	1
asc.day0_TGAGAGGTCCGTACAA-1	2
asc.day0_TGAGAGGTCCTGTAGA-1	1
asc.day0_TGAGAGGTCTGTCTCG-1	1
asc.day0_TGAGCATAGAGACTAT-1	3
asc.day0_TGAGCATAGATGGCGT-1	1
asc.day0_TGAGCATAGCTGAAAT-1	1
asc.day0_TGAGCATAGTCACGCC-1	2
asc.day0_TGAGCATAGTTACCCA-1	4
asc.day0_TGAGCATAGTTGTAGA-1	1
asc.day0_TGAGCATCAATAGCAA-1	3
asc.day0_TGAGCATCATGTCTCC-1	3
asc.day0_TGAGCATGTCTCACCT-1	1
asc.day0_TGAGCATGTTCGCTAA-1	1
asc.day0_TGAGCATTCAGCTGGC-1	4
asc.day0_TGAGCATTCGTAGGAG-1	3
asc.day0_TGAGCATTCGTTACGA-1	4
asc.day0_TGAGCATTCGTTGCCT-1	1
asc.day0_TGAGCCGAGCTAGGCA-1	4
asc.day0_TGAGCCGAGGTGATAT-1	4
asc.day0_TGAGCCGCACACCGCA-1	1
asc.day0_TGAGCCGCACACTGCG-1	3
asc.day0_TGAGCCGCACAGAGGT-1	3
asc.day0_TGAGCCGGTACTTCTT-1	1
asc.day0_TGAGCCGGTCATGCCG-1	3
asc.day0_TGAGCCGGTCTCTCGT-1	3
asc.day0_TGAGCCGGTCTTCAAG-1	1
asc.day0_TGAGCCGGTGAAATCA-1	3
asc.day0_TGAGCCGGTTAGTGGG-1	4
asc.day0_TGAGCCGTCTAAGCCA-1	3
asc.day0_TGAGCCGTCTGATACG-1	6
asc.day0_TGAGGGAAGAGGACGG-1	2
asc.day0_TGAGGGAAGCGTAATA-1	2
asc.day0_TGAGGGAAGCGTGAGT-1	3
asc.day0_TGAGGGACAAGCGCTC-1	1
asc.day0_TGAGGGACATCACGTA-1	2
asc.day0_TGAGGGAGTCTAGAGG-1	1
asc.day0_TGAGGGAGTGCACCAC-1	3
asc.day0_TGAGGGATCGCCAGCA-1	5
asc.day0_TGAGGGATCTGCAAGT-1	3
asc.day0_TGATTTCAGCGGATCA-1	4
asc.day0_TGATTTCAGGCCCTCA-1	2
asc.day0_TGATTTCAGGTGCACA-1	4
asc.day0_TGATTTCAGGTTACCT-1	1
asc.day0_TGATTTCAGTTAGGTA-1	3
asc.day0_TGATTTCGTAGCGCTC-1	1
asc.day0_TGATTTCGTTCAGACT-1	3
asc.day0_TGATTTCTCACCGTAA-1	1
asc.day0_TGATTTCTCCGAGCCA-1	5
asc.day0_TGATTTCTCGATAGAA-1	3
asc.day0_TGATTTCTCGTTACAG-1	1
asc.day0_TGATTTCTCTCTAGGA-1	3
asc.day0_TGCACCTAGACGCACA-1	1
asc.day0_TGCACCTAGCCGGTAA-1	2
asc.day0_TGCACCTAGCGGCTTC-1	1
asc.day0_TGCACCTAGGCTAGGT-1	5
asc.day0_TGCACCTAGGCTCAGA-1	1
asc.day0_TGCACCTAGGGTTTCT-1	2
asc.day0_TGCACCTAGTCCGTAT-1	1
asc.day0_TGCACCTCAACTGCGC-1	5
asc.day0_TGCACCTCAACTGCTA-1	2
asc.day0_TGCACCTCACACCGCA-1	1
asc.day0_TGCACCTCACGTCTCT-1	4
asc.day0_TGCACCTCATTTGCTT-1	3
asc.day0_TGCACCTGTATAAACG-1	3
asc.day0_TGCACCTGTCTACCTC-1	5
asc.day0_TGCACCTGTGCAGGTA-1	2
asc.day0_TGCACCTGTTCAACCA-1	3
asc.day0_TGCACCTGTTTGTTTC-1	4
asc.day0_TGCACCTTCAGATAAG-1	1
asc.day0_TGCACCTTCCGCATAA-1	3
asc.day0_TGCACCTTCCTAAGTG-1	1
asc.day0_TGCCAAAAGACAAGCC-1	1
asc.day0_TGCCAAAAGAGGACGG-1	1
asc.day0_TGCCAAAAGCTCCTCT-1	1
asc.day0_TGCCAAACAAAGCAAT-1	4
asc.day0_TGCCAAACAAGGCTCC-1	3
asc.day0_TGCCAAACAAGTAATG-1	3
asc.day0_TGCCAAACACACCGAC-1	1
asc.day0_TGCCAAACAGCCAATT-1	1
asc.day0_TGCCAAACAGTCAGAG-1	1
asc.day0_TGCCAAACATCTGGTA-1	1
asc.day0_TGCCAAAGTAGCTCCG-1	3
asc.day0_TGCCAAAGTCGCATAT-1	5
asc.day0_TGCCAAAGTCTCAACA-1	4
asc.day0_TGCCAAAGTTACCAGT-1	3
asc.day0_TGCCAAATCAAACCAC-1	5
asc.day0_TGCCAAATCAATAAGG-1	3
asc.day0_TGCCAAATCCAAGCCG-1	3
asc.day0_TGCCAAATCCATGAAC-1	2
asc.day0_TGCCCATAGAAACCTA-1	4
asc.day0_TGCCCATAGAAGGGTA-1	2
asc.day0_TGCCCATAGAGGTTAT-1	4
asc.day0_TGCCCATAGAGGTTGC-1	4
asc.day0_TGCCCATAGCTGCGAA-1	3
asc.day0_TGCCCATAGGTGTTAA-1	4
asc.day0_TGCCCATAGTAGCGGT-1	1
asc.day0_TGCCCATAGTCAAGCG-1	3
asc.day0_TGCCCATCAAGCTGAG-1	4
asc.day0_TGCCCATCAGTATAAG-1	1
asc.day0_TGCCCATCAGTCGATT-1	3
asc.day0_TGCCCATGTCACACGC-1	5
asc.day0_TGCCCATGTCGCATAT-1	5
asc.day0_TGCCCATGTGTAATGA-1	2
asc.day0_TGCCCATGTTGTCTTT-1	1
asc.day0_TGCCCATTCTCGTATT-1	1
asc.day0_TGCCCTAAGCTGGAAC-1	1
asc.day0_TGCCCTAAGTGTTGAA-1	5
asc.day0_TGCCCTAGTCAGATAA-1	4
asc.day0_TGCCCTAGTCCGCTGA-1	2
asc.day0_TGCCCTAGTCTTCAAG-1	1
asc.day0_TGCCCTAGTGCGCTTG-1	3
asc.day0_TGCCCTAGTGGGTCAA-1	1
asc.day0_TGCCCTAGTTCCATGA-1	1
asc.day0_TGCCCTATCCGAGCCA-1	3
asc.day0_TGCCCTATCGCATGGC-1	3
asc.day0_TGCGCAGAGATTACCC-1	1
asc.day0_TGCGCAGAGCCAGGAT-1	6
asc.day0_TGCGCAGAGCGATTCT-1	4
asc.day0_TGCGCAGAGGTGGGTT-1	1
asc.day0_TGCGCAGAGTATGACA-1	1
asc.day0_TGCGCAGAGTGGGCTA-1	3
asc.day0_TGCGCAGCACAGATTC-1	1
asc.day0_TGCGCAGCACCCATGG-1	3
asc.day0_TGCGCAGCAGTGACAG-1	1
asc.day0_TGCGCAGCATCTACGA-1	1
asc.day0_TGCGCAGCATGCATGT-1	2
asc.day0_TGCGCAGGTACGAAAT-1	3
asc.day0_TGCGCAGGTACTCAAC-1	4
asc.day0_TGCGCAGGTAGCTGCC-1	3
asc.day0_TGCGCAGTCAAACAAG-1	3
asc.day0_TGCGCAGTCAATCTCT-1	2
asc.day0_TGCGCAGTCGGAGGTA-1	3
asc.day0_TGCGCAGTCTTTACGT-1	3
asc.day0_TGCGGGTAGAACAACT-1	5
asc.day0_TGCGGGTAGCTGTCTA-1	3
asc.day0_TGCGGGTAGTTGCAGG-1	1
asc.day0_TGCGGGTCAGATGGCA-1	1
asc.day0_TGCGGGTCAGTCTTCC-1	1
asc.day0_TGCGGGTCATGTCTCC-1	1
asc.day0_TGCGGGTGTACAGCAG-1	3
asc.day0_TGCGGGTGTCGAATCT-1	3
asc.day0_TGCGGGTGTCGCGTGT-1	3
asc.day0_TGCGGGTGTGCCTGTG-1	1
asc.day0_TGCGGGTGTTATCGGT-1	5
asc.day0_TGCGGGTGTTGTCGCG-1	3
asc.day0_TGCGGGTGTTTGCATG-1	3
asc.day0_TGCGGGTTCCACGCAG-1	6
asc.day0_TGCGGGTTCGCCAAAT-1	4
asc.day0_TGCGGGTTCTAAGCCA-1	1
asc.day0_TGCGGGTTCTTCTGGC-1	5
asc.day0_TGCGGGTTCTTGTCAT-1	5
asc.day0_TGCGTGGAGAATGTGT-1	3
asc.day0_TGCGTGGAGCCAACAG-1	1
asc.day0_TGCGTGGAGTACGTTC-1	1
asc.day0_TGCGTGGAGTCTCAAC-1	4
asc.day0_TGCGTGGAGTGTACCT-1	4
asc.day0_TGCGTGGAGTTCCACA-1	1
asc.day0_TGCGTGGCACACCGAC-1	2
asc.day0_TGCGTGGCACGCGAAA-1	3
asc.day0_TGCGTGGGTAGCTTGT-1	1
asc.day0_TGCGTGGGTCGGCATC-1	1
asc.day0_TGCGTGGGTCTAGGTT-1	4
asc.day0_TGCGTGGGTGCACCAC-1	1
asc.day0_TGCGTGGGTTGTCGCG-1	1
asc.day0_TGCGTGGTCCAAACTG-1	1
asc.day0_TGCGTGGTCCCACTTG-1	3
asc.day0_TGCGTGGTCGGAAATA-1	1
asc.day0_TGCGTGGTCTGCTGTC-1	5
asc.day0_TGCTACCAGTTCGCGC-1	2
asc.day0_TGCTACCCAACGATGG-1	3
asc.day0_TGCTACCCACAGACAG-1	2
asc.day0_TGCTACCCACTAGTAC-1	3
asc.day0_TGCTACCCATAAAGGT-1	5
asc.day0_TGCTACCCATGAGCGA-1	3
asc.day0_TGCTACCGTCTTCGTC-1	4
asc.day0_TGCTACCGTTACGGAG-1	4
asc.day0_TGCTACCGTTTCCACC-1	1
asc.day0_TGCTACCTCACTTACT-1	3
asc.day0_TGCTACCTCAGTTGAC-1	2
asc.day0_TGCTACCTCCATGCTC-1	4
asc.day0_TGCTACCTCTGGCGTG-1	3
asc.day0_TGCTGCTAGAGATGAG-1	4
asc.day0_TGCTGCTAGGCTAGGT-1	1
asc.day0_TGCTGCTAGTACGCGA-1	5
asc.day0_TGCTGCTAGTGGCACA-1	3
asc.day0_TGCTGCTAGTGTACGG-1	1
asc.day0_TGCTGCTCAGACACTT-1	3
asc.day0_TGCTGCTCAGCCTGTG-1	3
asc.day0_TGCTGCTCATCAGTCA-1	5
asc.day0_TGCTGCTGTCTCTTTA-1	3
asc.day0_TGCTGCTGTGCGCTTG-1	1
asc.day0_TGCTGCTGTTCGCGAC-1	3
asc.day0_TGCTGCTTCAGCAACT-1	3
asc.day0_TGCTGCTTCCCAGGTG-1	1
asc.day0_TGCTGCTTCCTAGTGA-1	2
asc.day0_TGCTGCTTCCTGCCAT-1	1
asc.day0_TGCTGCTTCGACGGAA-1	1
asc.day0_TGGACGCAGCAGCGTA-1	3
asc.day0_TGGACGCAGCCAACAG-1	1
asc.day0_TGGACGCAGCGACGTA-1	1
asc.day0_TGGACGCAGGCATGTG-1	1
asc.day0_TGGACGCAGGGATGGG-1	1
asc.day0_TGGACGCAGGGCATGT-1	3
asc.day0_TGGACGCAGTAACCCT-1	1
asc.day0_TGGACGCAGTTATCGC-1	1
asc.day0_TGGACGCCAGTGAGTG-1	3
asc.day0_TGGACGCCATACCATG-1	3
asc.day0_TGGACGCGTCTAGTCA-1	1
asc.day0_TGGACGCGTCTTGATG-1	1
asc.day0_TGGACGCGTGACGGTA-1	1
asc.day0_TGGACGCTCCCACTTG-1	4
asc.day0_TGGACGCTCGCCTGAG-1	2
asc.day0_TGGACGCTCGCTTGTC-1	2
asc.day0_TGGACGCTCTCCAGGG-1	4
asc.day0_TGGCCAGAGAAACCAT-1	1
asc.day0_TGGCCAGAGAGGACGG-1	4
asc.day0_TGGCCAGAGCGTTCCG-1	4
asc.day0_TGGCCAGCACATTTCT-1	1
asc.day0_TGGCCAGCAGTTTACG-1	4
asc.day0_TGGCCAGGTACATGTC-1	1
asc.day0_TGGCCAGGTCATACTG-1	2
asc.day0_TGGCCAGTCGTTGACA-1	1
asc.day0_TGGCCAGTCTTGCCGT-1	1
asc.day0_TGGCGCAAGCTACCGC-1	3
asc.day0_TGGCGCAAGGAATCGC-1	3
asc.day0_TGGCGCAAGGGAGTAA-1	5
asc.day0_TGGCGCAAGGGCACTA-1	2
asc.day0_TGGCGCACATCCGGGT-1	1
asc.day0_TGGCGCAGTCTCTCTG-1	5
asc.day0_TGGCGCATCCGGGTGT-1	2
asc.day0_TGGCGCATCGGCGCAT-1	3
asc.day0_TGGCGCATCTGTGCAA-1	5
asc.day0_TGGCTGGAGCGTGTCC-1	1
asc.day0_TGGCTGGAGCTGAACG-1	3
asc.day0_TGGCTGGCAAGTAGTA-1	1
asc.day0_TGGCTGGCAAGTCATC-1	5
asc.day0_TGGCTGGCAGACGCAA-1	5
asc.day0_TGGCTGGCATCAGTCA-1	5
asc.day0_TGGCTGGCATGGGAAC-1	4
asc.day0_TGGCTGGCATGTTCCC-1	2
asc.day0_TGGCTGGGTACTCGCG-1	3
asc.day0_TGGCTGGGTAGAGTGC-1	2
asc.day0_TGGCTGGGTAGTGAAT-1	3
asc.day0_TGGCTGGGTCGAGTTT-1	2
asc.day0_TGGCTGGGTCGCCATG-1	1
asc.day0_TGGCTGGGTCGGCATC-1	1
asc.day0_TGGCTGGGTCTAAACC-1	3
asc.day0_TGGCTGGGTGCACTTA-1	3
asc.day0_TGGCTGGGTGGGTCAA-1	3
asc.day0_TGGCTGGGTTGACGTT-1	2
asc.day0_TGGCTGGTCAAGGTAA-1	3
asc.day0_TGGCTGGTCCGTTGTC-1	3
asc.day0_TGGCTGGTCCTTAATC-1	1
asc.day0_TGGGAAGAGATGTCGG-1	3
asc.day0_TGGGAAGAGGATGCGT-1	1
asc.day0_TGGGAAGAGGTGCTAG-1	1
asc.day0_TGGGAAGAGTACGTAA-1	3
asc.day0_TGGGAAGAGTGTTGAA-1	1
asc.day0_TGGGAAGCAAGTCTGT-1	3
asc.day0_TGGGAAGCACCCATTC-1	3
asc.day0_TGGGAAGCAGATCTGT-1	3
asc.day0_TGGGAAGCAGGAATGC-1	1
asc.day0_TGGGAAGCAGGCTGAA-1	3
asc.day0_TGGGAAGCATTTCACT-1	5
asc.day0_TGGGAAGGTCGAAAGC-1	4
asc.day0_TGGGAAGGTCGGCACT-1	3
asc.day0_TGGGAAGGTCTTGATG-1	3
asc.day0_TGGGAAGGTTCGCTAA-1	2
asc.day0_TGGGAAGGTTGCCTCT-1	1
asc.day0_TGGGAAGGTTTGTGTG-1	3
asc.day0_TGGGAAGTCAGTTAGC-1	1
asc.day0_TGGGAAGTCCTCCTAG-1	4
asc.day0_TGGGAAGTCCTTCAAT-1	5
asc.day0_TGGGAAGTCGCCTGAG-1	2
asc.day0_TGGGAAGTCTGGGCCA-1	3
asc.day0_TGGGAAGTCTTTACGT-1	1
asc.day0_TGGGCGTAGATAGGAG-1	2
asc.day0_TGGGCGTAGCGAGAAA-1	3
asc.day0_TGGGCGTAGCGATGAC-1	1
asc.day0_TGGGCGTAGCGTGAGT-1	1
asc.day0_TGGGCGTAGTTCGCGC-1	2
asc.day0_TGGGCGTCAACAACCT-1	1
asc.day0_TGGGCGTCAGGATTGG-1	1
asc.day0_TGGGCGTCAGTCGATT-1	1
asc.day0_TGGGCGTCATTGGTAC-1	1
asc.day0_TGGGCGTGTGCACTTA-1	3
asc.day0_TGGGCGTGTTGCGCAC-1	6
asc.day0_TGGGCGTTCAGTGCAT-1	1
asc.day0_TGGGCGTTCATACGGT-1	4
asc.day0_TGGGCGTTCCAAGCCG-1	4
asc.day0_TGGGCGTTCGTAGGTT-1	3
asc.day0_TGGTTAGAGAATGTTG-1	4
asc.day0_TGGTTAGAGGACAGAA-1	1
asc.day0_TGGTTAGAGGACCACA-1	1
asc.day0_TGGTTAGAGTAAGTAC-1	4
asc.day0_TGGTTAGAGTATTGGA-1	3
asc.day0_TGGTTAGAGTTTGCGT-1	3
asc.day0_TGGTTAGCAGCCTGTG-1	3
asc.day0_TGGTTAGCAGCTCCGA-1	4
asc.day0_TGGTTAGGTTCCGGCA-1	4
asc.day0_TGGTTAGGTTGGTGGA-1	4
asc.day0_TGGTTAGTCGCCGTGA-1	3
asc.day0_TGGTTAGTCGGCGCTA-1	2
asc.day0_TGGTTAGTCTAACTTC-1	4
asc.day0_TGGTTAGTCTGTGCAA-1	1
asc.day0_TGGTTCCAGATAGCAT-1	5
asc.day0_TGGTTCCAGCAATATG-1	2
asc.day0_TGGTTCCAGGATGTAT-1	5
asc.day0_TGGTTCCAGGTGTGGT-1	4
asc.day0_TGGTTCCAGTGGGTTG-1	1
asc.day0_TGGTTCCCAACTTGAC-1	1
asc.day0_TGGTTCCCAAGGTTTC-1	3
asc.day0_TGGTTCCCAAGTAGTA-1	3
asc.day0_TGGTTCCCACACCGAC-1	4
asc.day0_TGGTTCCCACTGAAGG-1	2
asc.day0_TGGTTCCCAGACTCGC-1	4
asc.day0_TGGTTCCCATACTCTT-1	2
asc.day0_TGGTTCCGTCGTCTTC-1	1
asc.day0_TGGTTCCGTGCTGTAT-1	4
asc.day0_TGGTTCCGTTAAGACA-1	1
asc.day0_TGGTTCCGTTCTGTTT-1	1
asc.day0_TGGTTCCTCACATGCA-1	1
asc.day0_TGGTTCCTCTCGCATC-1	3
asc.day0_TGTATTCCAACACCTA-1	2
asc.day0_TGTATTCCAATGAATG-1	5
asc.day0_TGTATTCCACCACCAG-1	1
asc.day0_TGTATTCCACGTGAGA-1	4
asc.day0_TGTATTCCACTCAGGC-1	3
asc.day0_TGTATTCCAGGCAGTA-1	1
asc.day0_TGTATTCCATTGGCGC-1	3
asc.day0_TGTATTCGTATAGGTA-1	3
asc.day0_TGTATTCGTTCCGTCT-1	4
asc.day0_TGTATTCGTTTGTTTC-1	1
asc.day0_TGTATTCTCCTTGACC-1	3
asc.day0_TGTATTCTCGTACGGC-1	4
asc.day0_TGTATTCTCTATCGCC-1	3
asc.day0_TGTCCCAAGCTAGTGG-1	4
asc.day0_TGTCCCAAGCTGCAAG-1	5
asc.day0_TGTCCCAAGGAGTCTG-1	1
asc.day0_TGTCCCACACATTAGC-1	4
asc.day0_TGTCCCACAGCCACCA-1	2
asc.day0_TGTCCCACAGGCTCAC-1	4
asc.day0_TGTCCCACAGGTTTCA-1	3
asc.day0_TGTCCCACATGCCCGA-1	2
asc.day0_TGTCCCAGTCCGACGT-1	3
asc.day0_TGTCCCAGTCTCACCT-1	5
asc.day0_TGTCCCAGTCTCTCTG-1	1
asc.day0_TGTCCCAGTTCCGGCA-1	3
asc.day0_TGTCCCAGTTCTGTTT-1	1
asc.day0_TGTCCCATCATCGATG-1	1
asc.day0_TGTCCCATCGCATGAT-1	3
asc.day0_TGTCCCATCTGTTGAG-1	1
asc.day0_TGTGGTAAGCCGATTT-1	3
asc.day0_TGTGGTAAGCTGTTCA-1	3
asc.day0_TGTGGTAAGTGGAGAA-1	1
asc.day0_TGTGGTAAGTTAAGTG-1	1
asc.day0_TGTGGTACAAACCTAC-1	1
asc.day0_TGTGGTACAACAACCT-1	1
asc.day0_TGTGGTACACACCGAC-1	1
asc.day0_TGTGGTACACTGCCAG-1	3
asc.day0_TGTGGTACAGCTGGCT-1	4
asc.day0_TGTGGTACAGGTGCCT-1	1
asc.day0_TGTGGTAGTCGAGATG-1	4
asc.day0_TGTGGTAGTGCCTGGT-1	1
asc.day0_TGTGGTATCACCCTCA-1	3
asc.day0_TGTGGTATCCAGTATG-1	1
asc.day0_TGTGGTATCGAGGTAG-1	1
asc.day0_TGTGGTATCGCCAGCA-1	1
asc.day0_TGTGGTATCGTACCGG-1	3
asc.day0_TGTGGTATCTCTAAGG-1	2
asc.day0_TGTGGTATCTTGTTTG-1	1
asc.day0_TGTGTTTAGCAGCGTA-1	2
asc.day0_TGTGTTTAGGACTGGT-1	1
asc.day0_TGTGTTTAGGTGATAT-1	3
asc.day0_TGTGTTTAGTCAAGCG-1	3
asc.day0_TGTGTTTAGTGCAAGC-1	1
asc.day0_TGTGTTTAGTGTACTC-1	4
asc.day0_TGTGTTTCACATCCAA-1	1
asc.day0_TGTGTTTCAGTAGAGC-1	1
asc.day0_TGTGTTTCATGTCGAT-1	2
asc.day0_TGTGTTTGTAGTAGTA-1	3
asc.day0_TGTGTTTGTGTTCGAT-1	2
asc.day0_TGTGTTTGTTATCGGT-1	5
asc.day0_TGTGTTTTCAGAAATG-1	4
asc.day0_TGTGTTTTCCTGCTTG-1	3
asc.day0_TGTGTTTTCCTTTCTC-1	1
asc.day0_TGTGTTTTCGAGGTAG-1	1
asc.day0_TGTGTTTTCGTGACAT-1	3
asc.day0_TGTGTTTTCTACCTGC-1	1
asc.day0_TGTTCCGAGCTAGTTC-1	3
asc.day0_TGTTCCGAGGAGTTTA-1	4
asc.day0_TGTTCCGAGTACGACG-1	3
asc.day0_TGTTCCGAGTATTGGA-1	1
asc.day0_TGTTCCGAGTGTCCCG-1	4
asc.day0_TGTTCCGCAACACCCG-1	4
asc.day0_TGTTCCGCAAGGACTG-1	4
asc.day0_TGTTCCGCAGAGCCAA-1	3
asc.day0_TGTTCCGCATGCCTAA-1	1
asc.day0_TGTTCCGCATGGTAGG-1	1
asc.day0_TGTTCCGGTCCAGTGC-1	1
asc.day0_TGTTCCGGTCCGTCAG-1	5
asc.day0_TGTTCCGGTCTGGTCG-1	2
asc.day0_TGTTCCGGTTACAGAA-1	1
asc.day0_TGTTCCGGTTCCGTCT-1	1
asc.day0_TGTTCCGTCCTCTAGC-1	4
asc.day0_TGTTCCGTCGGCATCG-1	4
asc.day0_TGTTCCGTCGTGGTCG-1	1
asc.day0_TGTTCCGTCTCAAGTG-1	3
asc.day0_TGTTCCGTCTTTAGTC-1	1
asc.day0_TTAACTCAGAATGTGT-1	3
asc.day0_TTAACTCAGGACGAAA-1	3
asc.day0_TTAACTCAGGATCGCA-1	1
asc.day0_TTAACTCCAAACCTAC-1	4
asc.day0_TTAACTCCACCTTGTC-1	1
asc.day0_TTAACTCCACTAGTAC-1	1
asc.day0_TTAACTCCAGGCGATA-1	1
asc.day0_TTAACTCGTGTTAAGA-1	2
asc.day0_TTAACTCTCAGCTCGG-1	1
asc.day0_TTAGGACAGCGTCTAT-1	1
asc.day0_TTAGGACAGCTGGAAC-1	3
asc.day0_TTAGGACAGGCTACGA-1	1
asc.day0_TTAGGACAGTCCGGTC-1	1
asc.day0_TTAGGACCACTCTGTC-1	1
asc.day0_TTAGGACCAGCCACCA-1	3
asc.day0_TTAGGACCAGGCTGAA-1	1
asc.day0_TTAGGACGTCTGCCAG-1	1
asc.day0_TTAGGACTCAGTTGAC-1	3
asc.day0_TTAGGACTCGCTTGTC-1	4
asc.day0_TTAGGACTCGGTTAAC-1	1
asc.day0_TTAGGACTCGTCCGTT-1	4
asc.day0_TTAGGACTCTCCAACC-1	4
asc.day0_TTAGGACTCTCCAGGG-1	1
asc.day0_TTAGGACTCTGTTTGT-1	3
asc.day0_TTAGGCAAGAGTCTGG-1	3
asc.day0_TTAGGCAAGATGAGAG-1	1
asc.day0_TTAGGCAAGATGGCGT-1	4
asc.day0_TTAGGCAAGGATTCGG-1	1
asc.day0_TTAGGCAAGTGGGATC-1	6
asc.day0_TTAGGCACAGCGATCC-1	5
asc.day0_TTAGGCACATGTCTCC-1	1
asc.day0_TTAGGCACATTGCGGC-1	1
asc.day0_TTAGGCAGTAAATGAC-1	3
asc.day0_TTAGGCAGTACCGAGA-1	1
asc.day0_TTAGGCAGTATCGCAT-1	3
asc.day0_TTAGGCAGTCGCCATG-1	3
asc.day0_TTAGGCAGTGTGACGA-1	4
asc.day0_TTAGGCAGTTAGTGGG-1	1
asc.day0_TTAGGCATCAAGCCTA-1	2
asc.day0_TTAGGCATCATGTCTT-1	3
asc.day0_TTAGGCATCCAAACAC-1	3
asc.day0_TTAGGCATCCTCGCAT-1	1
asc.day0_TTAGGCATCCTTCAAT-1	1
asc.day0_TTAGGCATCTTACCTA-1	3
asc.day0_TTAGTTCAGCGATATA-1	1
asc.day0_TTAGTTCAGGAGCGAG-1	1
asc.day0_TTAGTTCAGGAGTTTA-1	3
asc.day0_TTAGTTCCAGGGTACA-1	2
asc.day0_TTAGTTCCATCTCGCT-1	3
asc.day0_TTAGTTCGTGAGTATA-1	4
asc.day0_TTAGTTCGTTGATTGC-1	3
asc.day0_TTAGTTCTCACCACCT-1	1
asc.day0_TTAGTTCTCAGGTAAA-1	4
asc.day0_TTAGTTCTCAGGTTCA-1	1
asc.day0_TTAGTTCTCATGTCCC-1	1
asc.day0_TTAGTTCTCGAATGGG-1	3
asc.day0_TTAGTTCTCGGCATCG-1	3
asc.day0_TTATGCTAGAACAACT-1	1
asc.day0_TTATGCTAGCGTAGTG-1	5
asc.day0_TTATGCTAGCTAGTGG-1	1
asc.day0_TTATGCTAGGACAGCT-1	2
asc.day0_TTATGCTAGGGCTCTC-1	1
asc.day0_TTATGCTAGTAGTGCG-1	3
asc.day0_TTATGCTCAACACCTA-1	1
asc.day0_TTATGCTCAATGGACG-1	1
asc.day0_TTATGCTCACAGACTT-1	4
asc.day0_TTATGCTCAGATCTGT-1	2
asc.day0_TTATGCTCATACGCTA-1	4
asc.day0_TTATGCTGTAATCGTC-1	3
asc.day0_TTATGCTGTCCCGACA-1	4
asc.day0_TTATGCTGTCGCTTCT-1	2
asc.day0_TTATGCTTCAAACCGT-1	3
asc.day0_TTATGCTTCACAATGC-1	5
asc.day0_TTATGCTTCCGTCATC-1	1
asc.day0_TTATGCTTCGTAGGAG-1	3
asc.day0_TTATGCTTCGTTTGCC-1	1
asc.day0_TTCCCAGAGATGTTAG-1	5
asc.day0_TTCCCAGAGGTGATTA-1	5
asc.day0_TTCCCAGCAGGACGTA-1	1
asc.day0_TTCCCAGCATGGAATA-1	1
asc.day0_TTCCCAGGTCAACTGT-1	1
asc.day0_TTCCCAGTCCGAAGAG-1	3
asc.day0_TTCCCAGTCCTATGTT-1	3
asc.day0_TTCCCAGTCGTGGACC-1	1
asc.day0_TTCCCAGTCTAACTGG-1	3
asc.day0_TTCCCAGTCTGAGGGA-1	1
asc.day0_TTCGAAGAGAAACCAT-1	1
asc.day0_TTCGAAGAGCGTTTAC-1	3
asc.day0_TTCGAAGCACCCAGTG-1	4
asc.day0_TTCGAAGCACGCATCG-1	3
asc.day0_TTCGAAGCAGCGATCC-1	1
asc.day0_TTCGAAGGTCAGGACA-1	1
asc.day0_TTCGAAGGTGAAAGAG-1	5
asc.day0_TTCGAAGGTGATAAAC-1	5
asc.day0_TTCGAAGGTGGGTCAA-1	1
asc.day0_TTCGAAGGTTAAAGAC-1	5
asc.day0_TTCGAAGGTTCTGTTT-1	3
asc.day0_TTCGAAGGTTTGGCGC-1	1
asc.day0_TTCGAAGTCTACGAGT-1	4
asc.day0_TTCGAAGTCTGGTGTA-1	4
asc.day0_TTCGAAGTCTGTCTCG-1	3
asc.day0_TTCGGTCAGCAGCCTC-1	3
asc.day0_TTCGGTCAGCTAGGCA-1	3
asc.day0_TTCGGTCAGTATCTCG-1	1
asc.day0_TTCGGTCAGTCAATAG-1	4
asc.day0_TTCGGTCAGTGACATA-1	1
asc.day0_TTCGGTCCACATTAGC-1	2
asc.day0_TTCGGTCCACCTCGTT-1	3
asc.day0_TTCGGTCCAGATTGCT-1	1
asc.day0_TTCGGTCGTAGAGTGC-1	4
asc.day0_TTCGGTCGTAGCTTGT-1	3
asc.day0_TTCGGTCGTCGTGGCT-1	4
asc.day0_TTCGGTCGTGACCAAG-1	2
asc.day0_TTCGGTCTCACAGGCC-1	1
asc.day0_TTCGGTCTCATTATCC-1	3
asc.day0_TTCGGTCTCCCAGGTG-1	2
asc.day0_TTCGGTCTCGCGATCG-1	1
asc.day0_TTCGGTCTCGTTACGA-1	1
asc.day0_TTCGGTCTCTGGTTCC-1	5
asc.day0_TTCGGTCTCTTCGAGA-1	3
asc.day0_TTCTACAAGAAGGTGA-1	3
asc.day0_TTCTACAAGGTCATCT-1	2
asc.day0_TTCTACAAGGTCGGAT-1	1
asc.day0_TTCTACACAAAGCAAT-1	1
asc.day0_TTCTACACAGACAAAT-1	5
asc.day0_TTCTACACAGGTTTCA-1	1
asc.day0_TTCTACACAGTATGCT-1	3
asc.day0_TTCTACAGTAAGGGAA-1	4
asc.day0_TTCTACAGTACATCCA-1	1
asc.day0_TTCTACAGTCGTGGCT-1	4
asc.day0_TTCTACAGTGAAAGAG-1	1
asc.day0_TTCTACAGTGCTAGCC-1	5
asc.day0_TTCTACAGTTTGTTTC-1	4
asc.day0_TTCTACATCAGCCTAA-1	1
asc.day0_TTCTACATCATACGGT-1	3
asc.day0_TTCTACATCCATGAGT-1	1
asc.day0_TTCTACATCCCTCAGT-1	1
asc.day0_TTCTCAAAGAAGGTGA-1	1
asc.day0_TTCTCAAAGTACTTGC-1	3
asc.day0_TTCTCAACACATTCGA-1	1
asc.day0_TTCTCAACACGGATAG-1	1
asc.day0_TTCTCAACAGCTATTG-1	3
asc.day0_TTCTCAACAGCTCGAC-1	4
asc.day0_TTCTCAACATCCCACT-1	2
asc.day0_TTCTCAACATGCTGGC-1	2
asc.day0_TTCTCAAGTCAAACTC-1	3
asc.day0_TTCTCAAGTCCGTGAC-1	3
asc.day0_TTCTCAATCACATAGC-1	1
asc.day0_TTCTCAATCTAACGGT-1	2
asc.day0_TTCTCAATCTACTATC-1	3
asc.day0_TTCTCCTAGAAGAAGC-1	1
asc.day0_TTCTCCTAGAAGGTGA-1	2
asc.day0_TTCTCCTAGAGGACGG-1	1
asc.day0_TTCTCCTAGAGTACCG-1	3
asc.day0_TTCTCCTAGCGAGAAA-1	7
asc.day0_TTCTCCTAGCGTAATA-1	2
asc.day0_TTCTCCTAGCTAGTCT-1	1
asc.day0_TTCTCCTAGCTCTCGG-1	1
asc.day0_TTCTCCTAGGATGCGT-1	1
asc.day0_TTCTCCTAGTCTCCTC-1	1
asc.day0_TTCTCCTCACCGCTAG-1	1
asc.day0_TTCTCCTCAGAAGCAC-1	3
asc.day0_TTCTCCTCAGGCAGTA-1	3
asc.day0_TTCTCCTCAGTAGAGC-1	4
asc.day0_TTCTCCTGTAAGAGGA-1	5
asc.day0_TTCTCCTGTGTCAATC-1	4
asc.day0_TTCTCCTGTTTGTTTC-1	1
asc.day0_TTCTCCTTCACCAGGC-1	3
asc.day0_TTCTCCTTCCTATTCA-1	2
asc.day0_TTCTCCTTCTAGCACA-1	3
asc.day0_TTCTCCTTCTCAAACG-1	5
asc.day0_TTCTTAGAGAACAACT-1	1
asc.day0_TTCTTAGAGACAGAGA-1	2
asc.day0_TTCTTAGAGATGTCGG-1	4
asc.day0_TTCTTAGAGCGATGAC-1	3
asc.day0_TTCTTAGAGCTAAACA-1	3
asc.day0_TTCTTAGAGCTATGCT-1	3
asc.day0_TTCTTAGAGTACATGA-1	3
asc.day0_TTCTTAGAGTAGCGGT-1	4
asc.day0_TTCTTAGAGTGTACCT-1	1
asc.day0_TTCTTAGAGTGTTAGA-1	3
asc.day0_TTCTTAGCAACGCACC-1	2
asc.day0_TTCTTAGCACATCCAA-1	3
asc.day0_TTCTTAGCACCACCAG-1	1
asc.day0_TTCTTAGCACCTGGTG-1	4
asc.day0_TTCTTAGCAGAAGCAC-1	3
asc.day0_TTCTTAGCAGGGCATA-1	3
asc.day0_TTCTTAGCAGTAACGG-1	1
asc.day0_TTCTTAGCATCCAACA-1	3
asc.day0_TTCTTAGGTACTCGCG-1	2
asc.day0_TTCTTAGGTCTCTTAT-1	2
asc.day0_TTCTTAGGTGATAAGT-1	1
asc.day0_TTCTTAGGTTGACGTT-1	3
asc.day0_TTCTTAGGTTTCGCTC-1	1
asc.day0_TTCTTAGTCACCGGGT-1	1
asc.day0_TTCTTAGTCAGCATGT-1	2
asc.day0_TTCTTAGTCCCTGACT-1	3
asc.day0_TTCTTAGTCGAGGTAG-1	1
asc.day0_TTCTTAGTCTAAGCCA-1	1
asc.day0_TTGAACGAGAACTCGG-1	1
asc.day0_TTGAACGAGCCAGTAG-1	1
asc.day0_TTGAACGAGCGATCCC-1	2
asc.day0_TTGAACGAGTGGTCCC-1	3
asc.day0_TTGAACGCAATGAAAC-1	3
asc.day0_TTGAACGCACTAGTAC-1	3
asc.day0_TTGAACGCAGATGAGC-1	3
asc.day0_TTGAACGCAGGTGCCT-1	5
asc.day0_TTGAACGCATCCTTGC-1	3
asc.day0_TTGAACGGTAGCTTGT-1	3
asc.day0_TTGAACGGTCTTCTCG-1	1
asc.day0_TTGAACGGTGATGATA-1	3
asc.day0_TTGAACGGTGTAAGTA-1	1
asc.day0_TTGAACGGTTACTGAC-1	1
asc.day0_TTGAACGTCAACGGCC-1	3
asc.day0_TTGAACGTCCTAGAAC-1	5
asc.day0_TTGAACGTCGTTGACA-1	1
asc.day0_TTGAACGTCTCTGCTG-1	8
asc.day0_TTGAACGTCTTCCTTC-1	4
asc.day0_TTGACTTAGAAACCGC-1	6
asc.day0_TTGACTTAGAGTACAT-1	1
asc.day0_TTGACTTAGCTAGGCA-1	1
asc.day0_TTGACTTAGGTAAACT-1	1
asc.day0_TTGACTTAGTGACTCT-1	2
asc.day0_TTGACTTAGTGGTCCC-1	3
asc.day0_TTGACTTCAAAGAATC-1	1
asc.day0_TTGACTTCACGTTGGC-1	1
asc.day0_TTGACTTCAGCTGCTG-1	1
asc.day0_TTGACTTCATGTAGTC-1	1
asc.day0_TTGACTTGTAAGAGAG-1	5
asc.day0_TTGACTTGTATTCTCT-1	2
asc.day0_TTGACTTGTCATCGGC-1	3
asc.day0_TTGACTTGTCGGCACT-1	4
asc.day0_TTGACTTGTGTGAAAT-1	3
asc.day0_TTGACTTGTTATGCGT-1	2
asc.day0_TTGACTTTCCCTAATT-1	3
asc.day0_TTGACTTTCTACTTAC-1	1
asc.day0_TTGCCGTAGAAGGGTA-1	1
asc.day0_TTGCCGTAGCACACAG-1	1
asc.day0_TTGCCGTAGGTTACCT-1	5
asc.day0_TTGCCGTAGTCGCCGT-1	3
asc.day0_TTGCCGTAGTCTCGGC-1	4
asc.day0_TTGCCGTCAATCGGTT-1	1
asc.day0_TTGCCGTCAATGAAAC-1	1
asc.day0_TTGCCGTCATCACAAC-1	3
asc.day0_TTGCCGTGTACCGTAT-1	6
asc.day0_TTGCCGTGTATAAACG-1	1
asc.day0_TTGCCGTGTCCTGCTT-1	5
asc.day0_TTGCCGTGTGATAAGT-1	4
asc.day0_TTGCCGTGTGTTAAGA-1	4
asc.day0_TTGCCGTGTTAAGTAG-1	1
asc.day0_TTGCCGTGTTTGACAC-1	4
asc.day0_TTGCCGTTCAGTGTTG-1	5
asc.day0_TTGCCGTTCATTGCGA-1	4
asc.day0_TTGCCGTTCCTCTAGC-1	3
asc.day0_TTGCCGTTCGCTTGTC-1	3
asc.day0_TTGCGTCAGCGAAGGG-1	3
asc.day0_TTGCGTCAGCTAACAA-1	3
asc.day0_TTGCGTCAGCTGAAAT-1	2
asc.day0_TTGCGTCCACATCTTT-1	5
asc.day0_TTGCGTCCACCTCGTT-1	1
asc.day0_TTGCGTCCATCACAAC-1	1
asc.day0_TTGCGTCCATTGGCGC-1	3
asc.day0_TTGCGTCGTAGCGTAG-1	1
asc.day0_TTGCGTCGTAGTGAAT-1	1
asc.day0_TTGCGTCGTTAAAGAC-1	3
asc.day0_TTGCGTCGTTAGGGTG-1	5
asc.day0_TTGCGTCTCAGCATGT-1	3
asc.day0_TTGGAACAGCGTAATA-1	4
asc.day0_TTGGAACAGCGTGTCC-1	3
asc.day0_TTGGAACAGGACAGAA-1	1
asc.day0_TTGGAACAGTCTCAAC-1	4
asc.day0_TTGGAACCACACTGCG-1	5
asc.day0_TTGGAACCACTAGTAC-1	3
asc.day0_TTGGAACCAGTCTTCC-1	1
asc.day0_TTGGAACGTGACTACT-1	2
asc.day0_TTGGAACGTGCACGAA-1	3
asc.day0_TTGGAACGTGGCAAAC-1	1
asc.day0_TTGGAACTCCATGAAC-1	3
asc.day0_TTGGAACTCGTCCGTT-1	2
asc.day0_TTGGAACTCTGTCTCG-1	3
asc.day0_TTGGCAAAGAATTGTG-1	3
asc.day0_TTGGCAAAGCGTAATA-1	1
asc.day0_TTGGCAAAGCGTCAAG-1	3
asc.day0_TTGGCAAAGGCCATAG-1	3
asc.day0_TTGGCAACAAGTCATC-1	3
asc.day0_TTGGCAACAGAGTGTG-1	3
asc.day0_TTGGCAACATCGATGT-1	3
asc.day0_TTGGCAAGTAAGTTCC-1	4
asc.day0_TTGGCAAGTCAACTGT-1	4
asc.day0_TTGGCAAGTCGCGTGT-1	4
asc.day0_TTGGCAAGTGTTTGGT-1	3
asc.day0_TTGGCAATCACGAAGG-1	5
asc.day0_TTGGCAATCCGTAGTA-1	3
asc.day0_TTGGCAATCCTCAATT-1	3
asc.day0_TTGGCAATCCTCTAGC-1	2
asc.day0_TTGGCAATCTCCTATA-1	5
asc.day0_TTGGCAATCTTACCGC-1	3
asc.day0_TTGTAGGAGCTGGAAC-1	2
asc.day0_TTGTAGGCAAGCGATG-1	1
asc.day0_TTGTAGGCAATAGCAA-1	2
asc.day0_TTGTAGGCACAGTCGC-1	3
asc.day0_TTGTAGGGTCCGTGAC-1	3
asc.day0_TTGTAGGGTCGACTGC-1	2
asc.day0_TTGTAGGGTTGTACAC-1	3
asc.day0_TTGTAGGTCCACTCCA-1	5
asc.day0_TTGTAGGTCGAGGTAG-1	1
asc.day0_TTGTAGGTCTGTTGAG-1	3
asc.day0_TTTACTGAGATGCCTT-1	5
asc.day0_TTTACTGAGCCACGCT-1	1
asc.day0_TTTACTGAGGCCCGTT-1	5
asc.day0_TTTACTGCAAACCCAT-1	3
asc.day0_TTTACTGCAGCCAATT-1	1
asc.day0_TTTACTGCAGCTGTTA-1	3
asc.day0_TTTACTGCAGTATCTG-1	1
asc.day0_TTTACTGCATTTCACT-1	3
asc.day0_TTTACTGGTACCGAGA-1	3
asc.day0_TTTACTGGTATTCTCT-1	1
asc.day0_TTTACTGGTGGCGAAT-1	3
asc.day0_TTTACTGGTTCGTTGA-1	5
asc.day0_TTTACTGTCCAGATCA-1	2
asc.day0_TTTACTGTCCGTAGGC-1	4
asc.day0_TTTACTGTCCGTAGTA-1	4
asc.day0_TTTATGCAGCGCCTTG-1	3
asc.day0_TTTATGCAGCGTGTCC-1	1
asc.day0_TTTATGCAGCTAGTTC-1	4
asc.day0_TTTATGCAGGTCATCT-1	6
asc.day0_TTTATGCAGTACGTAA-1	3
asc.day0_TTTATGCCAAACGTGG-1	2
asc.day0_TTTATGCCAAATACAG-1	3
asc.day0_TTTATGCCACCACCAG-1	3
asc.day0_TTTATGCCACGTAAGG-1	5
asc.day0_TTTATGCCATTCCTGC-1	3
asc.day0_TTTATGCGTAACGACG-1	3
asc.day0_TTTATGCGTGGCAAAC-1	2
asc.day0_TTTATGCGTTCCGTCT-1	3
asc.day0_TTTATGCTCGCAAACT-1	1
asc.day0_TTTATGCTCGCCTGTT-1	4
asc.day0_TTTCCTCAGATCACGG-1	3
asc.day0_TTTCCTCAGCAGATCG-1	3
asc.day0_TTTCCTCAGGATGGAA-1	3
asc.day0_TTTCCTCAGTACGCCC-1	4
asc.day0_TTTCCTCCAATGGAAT-1	1
asc.day0_TTTCCTCCACCATGTA-1	3
asc.day0_TTTCCTCCACTATCTT-1	3
asc.day0_TTTCCTCCAGACACTT-1	1
asc.day0_TTTCCTCCAGGAATGC-1	1
asc.day0_TTTCCTCGTCATGCAT-1	3
asc.day0_TTTCCTCGTTAAGACA-1	4
asc.day0_TTTCCTCGTTAGGGTG-1	1
asc.day0_TTTCCTCTCACCTCGT-1	3
asc.day0_TTTCCTCTCCAAACTG-1	4
asc.day0_TTTCCTCTCTCCGGTT-1	3
asc.day0_TTTCCTCTCTTGTCAT-1	3
asc.day0_TTTGCGCAGAGTCTGG-1	3
asc.day0_TTTGCGCAGGTGCTAG-1	3
asc.day0_TTTGCGCAGTGGTAAT-1	1
asc.day0_TTTGCGCCACTAAGTC-1	2
asc.day0_TTTGCGCGTATAATGG-1	1
asc.day0_TTTGCGCGTATAGTAG-1	3
asc.day0_TTTGCGCGTCCGAACC-1	3
asc.day0_TTTGCGCGTGACTCAT-1	3
asc.day0_TTTGCGCTCATCACCC-1	5
asc.day0_TTTGCGCTCCATGAGT-1	1
asc.day0_TTTGCGCTCTGCTGCT-1	3
asc.day0_TTTGCGCTCTTGTTTG-1	1
asc.day0_TTTGGTTAGCCTATGT-1	3
asc.day0_TTTGGTTAGCTGAAAT-1	3
asc.day0_TTTGGTTAGGGCTTGA-1	3
asc.day0_TTTGGTTCAAGTCATC-1	2
asc.day0_TTTGGTTCAAGTTCTG-1	1
asc.day0_TTTGGTTCATCCTTGC-1	1
asc.day0_TTTGGTTCATGCCACG-1	1
asc.day0_TTTGGTTGTATAGGGC-1	4
asc.day0_TTTGGTTGTATGAAAC-1	5
asc.day0_TTTGGTTGTCCAAGTT-1	4
asc.day0_TTTGGTTGTTACGACT-1	3
asc.day0_TTTGGTTTCAACACGT-1	5
asc.day0_TTTGGTTTCAACCATG-1	3
asc.day0_TTTGGTTTCAACGAAA-1	1
asc.day0_TTTGGTTTCACATAGC-1	1
asc.day0_TTTGGTTTCCAGTATG-1	5
asc.day0_TTTGGTTTCGATGAGG-1	3
asc.day0_TTTGGTTTCGCATGAT-1	4
asc.day0_TTTGGTTTCTCAAGTG-1	5
asc.day0_TTTGTCAAGAATTCCC-1	1
asc.day0_TTTGTCAAGCGGCTTC-1	3
asc.day0_TTTGTCAAGGTGATTA-1	3
asc.day0_TTTGTCAAGTACGCGA-1	5
asc.day0_TTTGTCAAGTACGTAA-1	6
asc.day0_TTTGTCAAGTAGGCCA-1	1
asc.day0_TTTGTCACACGGCCAT-1	3
asc.day0_TTTGTCATCACGGTTA-1	3
asc.day0_TTTGTCATCCACGAAT-1	2
asc.day0_TTTGTCATCCGCTGTT-1	1
white.day1_AAACCTGAGGCCGAAT-1	4
white.day1_AAACCTGGTGCTTCTC-1	6
white.day1_AAACGGGAGTAGGCCA-1	6
white.day1_AAACGGGAGTCTTGCA-1	5
white.day1_AAACGGGGTTTGACTG-1	4
white.day1_AAAGATGCATACTACG-1	7
white.day1_AAAGATGGTACATCCA-1	6
white.day1_AAAGATGTCCTATGTT-1	4
white.day1_AAAGCAAAGCCCAACC-1	6
white.day1_AAAGCAAAGGGTCGAT-1	3
white.day1_AAAGCAAAGTACGCCC-1	6
white.day1_AAAGCAAAGTCTCGGC-1	3
white.day1_AAAGCAACAGCTCCGA-1	1
white.day1_AAAGCAACATTTCAGG-1	6
white.day1_AAAGCAATCGCGTTTC-1	3
white.day1_AAAGCAATCTGTTTGT-1	4
white.day1_AAAGTAGAGCCTCGTG-1	5
white.day1_AAAGTAGAGGGTTTCT-1	5
white.day1_AAAGTAGCAGATGAGC-1	5
white.day1_AAAGTAGGTCGGATCC-1	5
white.day1_AAAGTAGTCCCGGATG-1	5
white.day1_AAAGTAGTCTATCGCC-1	5
white.day1_AAATGCCAGGTTCCTA-1	1
white.day1_AAATGCCCAGCTGTAT-1	6
white.day1_AAATGCCCAGTATCTG-1	5
white.day1_AAATGCCTCCCAACGG-1	5
white.day1_AAATGCCTCTACTCAT-1	8
white.day1_AACACGTGTACCTACA-1	5
white.day1_AACACGTGTGTCGCTG-1	4
white.day1_AACACGTTCGCGTTTC-1	7
white.day1_AACACGTTCTTAACCT-1	6
white.day1_AACCATGAGCGTGTCC-1	6
white.day1_AACCATGAGGAATTAC-1	4
white.day1_AACCATGAGGCGACAT-1	7
white.day1_AACCATGCACCCTATC-1	6
white.day1_AACCATGCAGGACCCT-1	8
white.day1_AACCATGCATCACCCT-1	4
white.day1_AACCATGCATCATCCC-1	6
white.day1_AACCATGTCACCGTAA-1	5
white.day1_AACCATGTCGCTTGTC-1	5
white.day1_AACCATGTCTGCGACG-1	6
white.day1_AACCGCGAGCGCTTAT-1	4
white.day1_AACCGCGAGTAAGTAC-1	5
white.day1_AACCGCGCAGCCTTGG-1	5
white.day1_AACCGCGCAGGGAGAG-1	8
white.day1_AACCGCGGTTAAAGTG-1	5
white.day1_AACCGCGGTTCATGGT-1	5
white.day1_AACCGCGTCCTAGTGA-1	7
white.day1_AACCGCGTCTGTCTCG-1	8
white.day1_AACCGCGTCTTGGGTA-1	1
white.day1_AACGTTGAGAGCTGGT-1	1
white.day1_AACGTTGAGATGTCGG-1	6
white.day1_AACGTTGAGCACCGCT-1	5
white.day1_AACGTTGAGCCAGAAC-1	3
white.day1_AACGTTGCATCGGACC-1	5
white.day1_AACGTTGGTCGGATCC-1	5
white.day1_AACGTTGTCAGCTCTC-1	5
white.day1_AACTCAGAGATGCGAC-1	4
white.day1_AACTCAGCAAGCGCTC-1	5
white.day1_AACTCAGCACAGGTTT-1	6
white.day1_AACTCAGCATTCGACA-1	7
white.day1_AACTCAGGTCAAAGAT-1	6
white.day1_AACTCAGTCTCACATT-1	8
white.day1_AACTCAGTCTTGCATT-1	6
white.day1_AACTCCCAGACGACGT-1	4
white.day1_AACTCCCCAGGAATGC-1	4
white.day1_AACTCCCCAGGTCTCG-1	6
white.day1_AACTCCCCATACTCTT-1	5
white.day1_AACTCCCGTTCTGAAC-1	6
white.day1_AACTCTTCATGTCCTC-1	4
white.day1_AACTCTTGTTCGGCAC-1	5
white.day1_AACTCTTTCCGATATG-1	6
white.day1_AACTGGTAGCATGGCA-1	7
white.day1_AACTGGTCACTTCGAA-1	3
white.day1_AACTGGTCATCTCCCA-1	5
white.day1_AACTGGTGTCTCTCGT-1	7
white.day1_AACTGGTGTTGTGGAG-1	5
white.day1_AACTTTCCAGCTGTTA-1	7
white.day1_AACTTTCGTCCGTCAG-1	5
white.day1_AACTTTCGTCTCTCTG-1	7
white.day1_AACTTTCTCTGTGCAA-1	6
white.day1_AAGACCTAGTAGTGCG-1	6
white.day1_AAGACCTCAAGAAGAG-1	4
white.day1_AAGACCTCAATCGAAA-1	5
white.day1_AAGACCTCAGCTTCGG-1	5
white.day1_AAGACCTTCGGATGGA-1	6
white.day1_AAGACCTTCTAACTTC-1	5
white.day1_AAGCCGCAGAAGCCCA-1	7
white.day1_AAGCCGCAGGTTACCT-1	9
white.day1_AAGCCGCAGTAAGTAC-1	6
white.day1_AAGCCGCCAAGTCATC-1	4
white.day1_AAGCCGCGTAGCAAAT-1	3
white.day1_AAGCCGCTCATTGCGA-1	3
white.day1_AAGGAGCAGTCTCCTC-1	1
white.day1_AAGGAGCCACCCAGTG-1	7
white.day1_AAGGAGCCATCGTCGG-1	5
white.day1_AAGGAGCTCATGTGGT-1	5
white.day1_AAGGCAGAGAACTGTA-1	3
white.day1_AAGGCAGCAAACGTGG-1	5
white.day1_AAGGCAGCACCAGCAC-1	4
white.day1_AAGGCAGGTCATATCG-1	6
white.day1_AAGGCAGTCTCTAAGG-1	5
white.day1_AAGGTTCAGCAGGCTA-1	6
white.day1_AAGGTTCAGGCACATG-1	5
white.day1_AAGGTTCGTTATGCGT-1	5
white.day1_AAGGTTCTCACCCGAG-1	6
white.day1_AAGGTTCTCGACCAGC-1	7
white.day1_AAGTCTGAGAGAACAG-1	6
white.day1_AAGTCTGCACCGAATT-1	3
white.day1_AAGTCTGCAGGCAGTA-1	6
white.day1_AAGTCTGCATAGTAAG-1	4
white.day1_AAGTCTGCATGTCGAT-1	5
white.day1_AAGTCTGGTGGGTCAA-1	6
white.day1_AATCCAGAGATATGCA-1	8
white.day1_AATCCAGAGCGTTGCC-1	7
white.day1_AATCCAGAGGAGCGAG-1	6
white.day1_AATCCAGAGTCCTCCT-1	3
white.day1_AATCCAGCACCTTGTC-1	5
white.day1_AATCCAGCAGCTGTAT-1	8
white.day1_AATCCAGGTCGAATCT-1	5
white.day1_AATCCAGGTGCCTTGG-1	6
white.day1_AATCCAGTCCACTGGG-1	4
white.day1_AATCGGTAGCGTCAAG-1	7
white.day1_AATCGGTCAGTAAGCG-1	5
white.day1_AATCGGTCATCACGTA-1	7
white.day1_AATCGGTGTACAGACG-1	5
white.day1_AATCGGTTCTTCATGT-1	4
white.day1_AATCGGTTCTTGCAAG-1	3
white.day1_ACACCAAAGAGTTGGC-1	6
white.day1_ACACCAACATCTACGA-1	1
white.day1_ACACCAATCAGCTTAG-1	6
white.day1_ACACCAATCATGTGGT-1	5
white.day1_ACACCAATCGGTTAAC-1	4
white.day1_ACACCAATCTCTGTCG-1	5
white.day1_ACACCCTGTACCGCTG-1	7
white.day1_ACACCCTGTGTAATGA-1	8
white.day1_ACACCCTTCCTTGCCA-1	7
white.day1_ACACCGGAGAACAATC-1	3
white.day1_ACACCGGAGGCTCAGA-1	7
white.day1_ACACCGGGTTCAACCA-1	4
white.day1_ACACCGGTCCAGAAGG-1	6
white.day1_ACACCGGTCCAGAGGA-1	8
white.day1_ACACTGAAGTTGAGTA-1	5
white.day1_ACACTGACATCCCACT-1	3
white.day1_ACACTGAGTACTTCTT-1	4
white.day1_ACACTGATCAATCTCT-1	6
white.day1_ACACTGATCAGCTCGG-1	5
white.day1_ACACTGATCCTACAGA-1	6
white.day1_ACAGCCGCACACGCTG-1	4
white.day1_ACAGCCGCACCATGTA-1	3
white.day1_ACAGCCGCAGTCCTTC-1	7
white.day1_ACAGCCGCATCCTTGC-1	5
white.day1_ACAGCCGGTTCAGACT-1	3
white.day1_ACAGCTAAGTCATGCT-1	6
white.day1_ACAGCTACAAAGAATC-1	3
white.day1_ACAGCTACAGCGTTCG-1	5
white.day1_ACAGCTATCTATCGCC-1	5
white.day1_ACATACGAGGACACCA-1	4
white.day1_ACATACGAGTGTACCT-1	3
white.day1_ACATACGCAACACCTA-1	7
white.day1_ACATACGCAGCCACCA-1	7
white.day1_ACATACGGTACATCCA-1	7
white.day1_ACATACGGTAGAGCTG-1	3
white.day1_ACATACGGTGAGGGAG-1	3
white.day1_ACATACGGTGGGTCAA-1	6
white.day1_ACATACGGTGGTCCGT-1	6
white.day1_ACATACGTCAACACAC-1	3
white.day1_ACATACGTCTGGTATG-1	7
white.day1_ACATCAGAGTAGTGCG-1	4
white.day1_ACATCAGCAATAAGCA-1	5
white.day1_ACATCAGCATGTTGAC-1	6
white.day1_ACATCAGGTTCGTCTC-1	5
white.day1_ACATCAGTCAGTTGAC-1	3
white.day1_ACATGGTAGAATAGGG-1	5
white.day1_ACATGGTCAATGGATA-1	4
white.day1_ACATGGTGTACTTCTT-1	3
white.day1_ACATGGTGTCCTAGCG-1	4
white.day1_ACATGGTGTGTGACGA-1	7
white.day1_ACATGGTTCTTGAGAC-1	4
white.day1_ACCAGTAAGTGTACGG-1	3
white.day1_ACCAGTAAGTGTTAGA-1	5
white.day1_ACCAGTACACGCTTTC-1	4
white.day1_ACCAGTATCCCTTGTG-1	5
white.day1_ACCAGTATCCTAGAAC-1	5
white.day1_ACCAGTATCTGCAAGT-1	3
white.day1_ACCCACTCACAGGAGT-1	6
white.day1_ACCCACTCATGATCCA-1	4
white.day1_ACCCACTGTAAGAGGA-1	7
white.day1_ACCCACTTCTGTACGA-1	3
white.day1_ACCGTAAAGCGCTTAT-1	7
white.day1_ACCGTAACATCTCCCA-1	5
white.day1_ACCGTAAGTAAAGGAG-1	4
white.day1_ACCGTAAGTAGAGGAA-1	8
white.day1_ACCGTAAGTAGCACGA-1	3
white.day1_ACCGTAAGTAGGACAC-1	4
white.day1_ACCGTAAGTCCTAGCG-1	5
white.day1_ACCGTAAGTTCCACGG-1	5
white.day1_ACCGTAATCTTGTACT-1	5
white.day1_ACCTTTAAGCTATGCT-1	6
white.day1_ACCTTTAAGGTAGCCA-1	5
white.day1_ACCTTTACAAGAAGAG-1	5
white.day1_ACCTTTACAGACGTAG-1	7
white.day1_ACCTTTACAGTGGAGT-1	3
white.day1_ACCTTTAGTTCTGAAC-1	1
white.day1_ACGAGCCAGAATGTTG-1	4
white.day1_ACGAGCCAGATATGGT-1	6
white.day1_ACGAGCCAGCGATTCT-1	7
white.day1_ACGAGCCCAACACGCC-1	6
white.day1_ACGAGCCCACTAGTAC-1	3
white.day1_ACGAGCCTCGTTTAGG-1	5
white.day1_ACGAGGAAGACACGAC-1	5
white.day1_ACGAGGAAGGACCACA-1	7
white.day1_ACGAGGAAGTGACTCT-1	9
white.day1_ACGAGGACACCACGTG-1	7
white.day1_ACGAGGAGTTTGTTTC-1	5
white.day1_ACGAGGATCCAACCAA-1	4
white.day1_ACGAGGATCGGTCCGA-1	5
white.day1_ACGATACAGTGGTCCC-1	5
white.day1_ACGATACAGTTAAGTG-1	7
white.day1_ACGATACCACATCCGG-1	3
white.day1_ACGATGTAGAGCAATT-1	7
white.day1_ACGATGTAGATATACG-1	4
white.day1_ACGATGTAGTTAACGA-1	4
white.day1_ACGATGTAGTTACCCA-1	5
white.day1_ACGATGTCAGATGGCA-1	5
white.day1_ACGATGTGTAGCCTCG-1	4
white.day1_ACGATGTGTCACCTAA-1	3
white.day1_ACGATGTGTGACTCAT-1	7
white.day1_ACGATGTGTTCCCTTG-1	8
white.day1_ACGATGTTCACCAGGC-1	5
white.day1_ACGATGTTCGACAGCC-1	3
white.day1_ACGCAGCAGTTAGGTA-1	5
white.day1_ACGCAGCCAAGCCGCT-1	7
white.day1_ACGCAGCCACATAACC-1	6
white.day1_ACGCAGCCACTCGACG-1	7
white.day1_ACGCAGCCAGCCTATA-1	4
white.day1_ACGCAGCCATCTACGA-1	5
white.day1_ACGCAGCTCACGCATA-1	5
white.day1_ACGCCAGAGCTAACAA-1	3
white.day1_ACGCCAGTCAACACGT-1	7
white.day1_ACGCCAGTCACATGCA-1	5
white.day1_ACGCCAGTCATCGATG-1	6
white.day1_ACGCCAGTCATTGCCC-1	4
white.day1_ACGCCAGTCCCAAGAT-1	1
white.day1_ACGCCAGTCTAACCGA-1	5
white.day1_ACGCCAGTCTGTGCAA-1	5
white.day1_ACGCCGAAGGCAGTCA-1	5
white.day1_ACGCCGACATAAAGGT-1	3
white.day1_ACGCCGAGTAACGTTC-1	4
white.day1_ACGCCGAGTGACCAAG-1	4
white.day1_ACGGAGAAGAGATGAG-1	6
white.day1_ACGGAGAAGAGTTGGC-1	6
white.day1_ACGGAGACACAGCCCA-1	4
white.day1_ACGGAGAGTGAAATCA-1	6
white.day1_ACGGAGAGTTGTGGCC-1	6
white.day1_ACGGAGATCCGTACAA-1	6
white.day1_ACGGAGATCGCCAAAT-1	6
white.day1_ACGGAGATCTCAAACG-1	4
white.day1_ACGGCCAAGTATTGGA-1	9
white.day1_ACGGCCACAAATACAG-1	1
white.day1_ACGGCCAGTCTCCATC-1	5
white.day1_ACGGCCAGTTAGTGGG-1	5
white.day1_ACGGCCAGTTCAGGCC-1	5
white.day1_ACGGCCATCAAACAAG-1	6
white.day1_ACGGCCATCCCAACGG-1	7
white.day1_ACGGGCTAGCGATAGC-1	7
white.day1_ACGGGTCAGCCAGAAC-1	3
white.day1_ACGGGTCAGCGATATA-1	5
white.day1_ACGGGTCCAAGCTGGA-1	4
white.day1_ACGGGTCCAATGGAAT-1	6
white.day1_ACGGGTCCACTGCCAG-1	6
white.day1_ACGGGTCCAGGAATCG-1	8
white.day1_ACGGGTCGTATATGAG-1	7
white.day1_ACGGGTCGTTGGGACA-1	8
white.day1_ACGGGTCTCGGATGTT-1	6
white.day1_ACGGGTCTCTCTAAGG-1	5
white.day1_ACGGGTCTCTGTTGAG-1	5
white.day1_ACGTCAAAGACTTTCG-1	4
white.day1_ACGTCAACAAATACAG-1	6
white.day1_ACGTCAACACGGACAA-1	4
white.day1_ACGTCAAGTGAAAGAG-1	7
white.day1_ACGTCAATCTTGCATT-1	5
white.day1_ACTATCTAGCTAGCCC-1	6
white.day1_ACTATCTAGCTTATCG-1	8
white.day1_ACTATCTAGTCAAGCG-1	4
white.day1_ACTATCTCACGAGGTA-1	6
white.day1_ACTATCTCATTCTTAC-1	6
white.day1_ACTATCTTCCATTCTA-1	7
white.day1_ACTATCTTCGTTACAG-1	9
white.day1_ACTGAACAGTGTTAGA-1	5
white.day1_ACTGAACCAGCCTATA-1	1
white.day1_ACTGAACGTCATATGC-1	9
white.day1_ACTGAACGTTCAACCA-1	8
white.day1_ACTGAACTCAACACCA-1	5
white.day1_ACTGAACTCAGAGACG-1	1
white.day1_ACTGAACTCATCGGAT-1	6
white.day1_ACTGAACTCCATGCTC-1	3
white.day1_ACTGAACTCCCAAGAT-1	5
white.day1_ACTGAACTCGCATGAT-1	5
white.day1_ACTGAACTCGGGAGTA-1	3
white.day1_ACTGAGTAGGGCATGT-1	1
white.day1_ACTGAGTAGTCGATAA-1	6
white.day1_ACTGAGTTCGGAGCAA-1	3
white.day1_ACTGATGAGCAGCCTC-1	6
white.day1_ACTGATGCAGCCAGAA-1	6
white.day1_ACTGATGGTTACGACT-1	6
white.day1_ACTGATGGTTCCGGCA-1	6
white.day1_ACTGCTCAGAGCTTCT-1	6
white.day1_ACTGCTCAGCTAGTGG-1	7
white.day1_ACTGCTCAGGGCACTA-1	5
white.day1_ACTGCTCAGGTGTTAA-1	9
white.day1_ACTGCTCCAGGATTGG-1	5
white.day1_ACTGCTCCATGCCTAA-1	5
white.day1_ACTGCTCGTCAGAGGT-1	5
white.day1_ACTGCTCTCACGCGGT-1	5
white.day1_ACTGTCCCATCACCCT-1	3
white.day1_ACTGTCCGTGCACCAC-1	4
white.day1_ACTGTCCGTGGGTATG-1	5
white.day1_ACTGTCCGTGTTAAGA-1	1
white.day1_ACTGTCCTCCTATGTT-1	5
white.day1_ACTTACTAGCCAGGAT-1	3
white.day1_ACTTACTCAAGCTGGA-1	8
white.day1_ACTTACTCACGGCCAT-1	3
white.day1_ACTTACTGTAGATTAG-1	6
white.day1_ACTTACTGTCTCTCTG-1	7
white.day1_ACTTACTGTTATCGGT-1	1
white.day1_ACTTACTGTTTACTCT-1	7
white.day1_ACTTACTTCAGGATCT-1	5
white.day1_ACTTGTTAGACCTAGG-1	4
white.day1_ACTTGTTAGCTAAGAT-1	5
white.day1_ACTTGTTAGGACCACA-1	3
white.day1_ACTTGTTCAGGTTTCA-1	5
white.day1_ACTTGTTTCAGAGGTG-1	1
white.day1_ACTTTCAAGACTAGAT-1	6
white.day1_ACTTTCACACATGTGT-1	3
white.day1_ACTTTCACATGAAGTA-1	5
white.day1_ACTTTCATCTCCTATA-1	6
white.day1_AGAATAGAGCTCCCAG-1	6
white.day1_AGAATAGAGTTAGGTA-1	9
white.day1_AGAATAGCATGCCTTC-1	4
white.day1_AGAATAGTCAGTTCGA-1	3
white.day1_AGAATAGTCTTTACGT-1	5
white.day1_AGACGTTAGTACGACG-1	3
white.day1_AGACGTTCAAGTCTAC-1	6
white.day1_AGACGTTCAATCTGCA-1	7
white.day1_AGACGTTCACGTAAGG-1	5
white.day1_AGACGTTCACTCGACG-1	10
white.day1_AGACGTTCAGGGATTG-1	6
white.day1_AGACGTTCAGGGTATG-1	5
white.day1_AGACGTTGTCAAGCGA-1	5
white.day1_AGACGTTGTCAGAATA-1	3
white.day1_AGACGTTGTCGGGTCT-1	4
white.day1_AGAGCGAAGAGTAAGG-1	6
white.day1_AGAGCGAAGTACGTTC-1	7
white.day1_AGAGCGACAAATCCGT-1	3
white.day1_AGAGCGACACACCGCA-1	5
white.day1_AGAGCGACACTCAGGC-1	5
white.day1_AGAGCGACATGTCCTC-1	3
white.day1_AGAGCGATCGCCCTTA-1	5
white.day1_AGAGCTTGTAAGTTCC-1	1
white.day1_AGAGCTTTCGTTTGCC-1	5
white.day1_AGAGCTTTCTGCGACG-1	5
white.day1_AGAGTGGAGGGAAACA-1	5
white.day1_AGAGTGGAGTCCCACG-1	5
white.day1_AGAGTGGCATGCCACG-1	1
white.day1_AGAGTGGCATGGTCTA-1	1
white.day1_AGAGTGGGTGCAGACA-1	3
white.day1_AGAGTGGTCTGAGGGA-1	5
white.day1_AGATCTGAGACTAGAT-1	4
white.day1_AGATCTGCATCTGGTA-1	7
white.day1_AGATCTGTCTCGCTTG-1	4
white.day1_AGATTGCAGAACAATC-1	7
white.day1_AGATTGCAGTGGAGAA-1	7
white.day1_AGATTGCGTTGAGTTC-1	7
white.day1_AGATTGCTCGCTGATA-1	6
white.day1_AGCAGCCAGCAAATCA-1	5
white.day1_AGCAGCCAGTCATGCT-1	6
white.day1_AGCAGCCCACGGCCAT-1	1
white.day1_AGCAGCCCAGATTGCT-1	3
white.day1_AGCAGCCCAGGACGTA-1	5
white.day1_AGCAGCCGTAGCTAAA-1	5
white.day1_AGCAGCCGTGAAATCA-1	5
white.day1_AGCAGCCGTTTGACAC-1	5
white.day1_AGCAGCCTCAAGCCTA-1	4
white.day1_AGCAGCCTCGCCCTTA-1	5
white.day1_AGCAGCCTCTTGAGGT-1	4
white.day1_AGCATACAGCTAACAA-1	1
white.day1_AGCATACCAATAGAGT-1	4
white.day1_AGCATACGTACGCACC-1	8
white.day1_AGCATACGTCAGGACA-1	4
white.day1_AGCATACGTCATACTG-1	5
white.day1_AGCATACGTTAGGGTG-1	5
white.day1_AGCATACTCAGCATGT-1	3
white.day1_AGCCTAAAGAAACCGC-1	7
white.day1_AGCCTAAAGATACACA-1	6
white.day1_AGCCTAAAGCTCCTCT-1	6
white.day1_AGCCTAACAGCCAGAA-1	5
white.day1_AGCCTAAGTACCGAGA-1	3
white.day1_AGCCTAATCGTTGACA-1	5
white.day1_AGCGGTCCAACGATGG-1	3
white.day1_AGCGGTCGTCGCGAAA-1	7
white.day1_AGCGTATAGCCCGAAA-1	4
white.day1_AGCGTATTCAAACGGG-1	4
white.day1_AGCGTATTCATTCACT-1	5
white.day1_AGCGTATTCCAAGCCG-1	5
white.day1_AGCGTATTCGGTGTCG-1	5
white.day1_AGCTCCTCACGCTTTC-1	5
white.day1_AGCTCCTCAGCTGCAC-1	3
white.day1_AGCTCCTGTGACTCAT-1	6
white.day1_AGCTCCTTCTGTCTCG-1	6
white.day1_AGCTCTCAGCTGCAAG-1	4
white.day1_AGCTCTCAGGGTTCCC-1	5
white.day1_AGCTCTCTCACGGTTA-1	6
white.day1_AGCTTGAGTTCGTTGA-1	7
white.day1_AGGCCACAGCAGATCG-1	5
white.day1_AGGCCACAGGCACATG-1	5
white.day1_AGGCCACCAATGCCAT-1	5
white.day1_AGGCCACTCGTTTAGG-1	2
white.day1_AGGCCGTCAATCGAAA-1	7
white.day1_AGGCCGTCACGCCAGT-1	5
white.day1_AGGCCGTCAGCTGTTA-1	4
white.day1_AGGCCGTGTCGCATAT-1	4
white.day1_AGGCCGTGTGTAAGTA-1	3
white.day1_AGGCCGTTCCTTGGTC-1	4
white.day1_AGGCCGTTCGCATGGC-1	6
white.day1_AGGGAGTAGGCAGGTT-1	5
white.day1_AGGGAGTAGGTGCACA-1	3
white.day1_AGGGAGTAGGTTACCT-1	1
white.day1_AGGGAGTCAGCTGTGC-1	6
white.day1_AGGGAGTGTCTCTCGT-1	6
white.day1_AGGGATGAGCAATCTC-1	3
white.day1_AGGGATGAGTGGCACA-1	7
white.day1_AGGGATGCAGTGAGTG-1	5
white.day1_AGGGATGCATTCACTT-1	1
white.day1_AGGGATGGTGAGCGAT-1	6
white.day1_AGGGTGACATGGAATA-1	5
white.day1_AGGGTGATCCACGTGG-1	9
white.day1_AGGTCATAGCTGAAAT-1	6
white.day1_AGGTCATAGTCAAGCG-1	5
white.day1_AGGTCATTCAGCTCGG-1	5
white.day1_AGGTCATTCCTTGGTC-1	5
white.day1_AGGTCATTCGGCCGAT-1	5
white.day1_AGGTCCGAGTGAAGAG-1	6
white.day1_AGGTCCGGTCAGAGGT-1	6
white.day1_AGGTCCGGTCCTCCAT-1	4
white.day1_AGGTCCGGTCTCTTAT-1	7
white.day1_AGGTCCGGTTGAGTTC-1	5
white.day1_AGTAGTCAGCCCAGCT-1	6
white.day1_AGTAGTCAGTTGAGAT-1	5
white.day1_AGTAGTCCACGCTTTC-1	3
white.day1_AGTAGTCCATCAGTAC-1	9
white.day1_AGTAGTCGTCGGCTCA-1	5
white.day1_AGTAGTCGTGCGATAG-1	4
white.day1_AGTAGTCTCCGTACAA-1	6
white.day1_AGTAGTCTCGTGGTCG-1	7
white.day1_AGTAGTCTCTCTGCTG-1	5
white.day1_AGTCTTTGTAGCTCCG-1	6
white.day1_AGTCTTTGTTGTGGAG-1	4
white.day1_AGTCTTTGTTTGTGTG-1	7
white.day1_AGTCTTTTCAACACTG-1	7
white.day1_AGTGAGGAGTGAAGTT-1	5
white.day1_AGTGAGGCATAGACTC-1	7
white.day1_AGTGAGGCATCGTCGG-1	6
white.day1_AGTGAGGGTAGAAGGA-1	3
white.day1_AGTGAGGGTTGACGTT-1	6
white.day1_AGTGAGGTCATGCAAC-1	6
white.day1_AGTGAGGTCCATGAGT-1	5
white.day1_AGTGAGGTCTTGAGAC-1	7
white.day1_AGTGGGACACGCTTTC-1	4
white.day1_AGTGGGAGTGAGTGAC-1	6
white.day1_AGTGGGAGTGTCAATC-1	4
white.day1_AGTGGGAGTTCTGAAC-1	5
white.day1_AGTGGGATCAGCGACC-1	3
white.day1_AGTGTCAAGAGACGAA-1	6
white.day1_AGTGTCAAGTGCAAGC-1	7
white.day1_AGTGTCAAGTTTAGGA-1	5
white.day1_AGTGTCACAAACCCAT-1	4
white.day1_AGTGTCACAACTGCTA-1	4
white.day1_AGTGTCAGTATCGCAT-1	6
white.day1_AGTGTCATCAAGGCTT-1	7
white.day1_AGTTGGTAGCGCCTCA-1	7
white.day1_AGTTGGTCAGCTGTTA-1	7
white.day1_AGTTGGTCATGCAATC-1	5
white.day1_AGTTGGTCATTGTGCA-1	5
white.day1_ATAACGCCATTTCAGG-1	6
white.day1_ATAACGCTCAGCTCGG-1	7
white.day1_ATAAGAGAGAACAACT-1	5
white.day1_ATAAGAGAGTGACATA-1	7
white.day1_ATAAGAGAGTGGACGT-1	1
white.day1_ATAAGAGCAGCGTTCG-1	5
white.day1_ATAAGAGCAGGGCATA-1	6
white.day1_ATAAGAGGTACGAAAT-1	4
white.day1_ATAAGAGGTCTCTCGT-1	5
white.day1_ATAAGAGGTTACCGAT-1	4
white.day1_ATAAGAGTCTGCTGCT-1	3
white.day1_ATAGACCAGAACAACT-1	5
white.day1_ATAGACCAGTCCATAC-1	3
white.day1_ATAGACCCAGATAATG-1	5
white.day1_ATAGACCCATGCCCGA-1	4
white.day1_ATAGACCGTTGCGCAC-1	6
white.day1_ATCACGAAGACTTTCG-1	5
white.day1_ATCACGAAGTTAAGTG-1	6
white.day1_ATCACGACAATTGCTG-1	6
white.day1_ATCACGAGTGAGGGTT-1	5
white.day1_ATCACGATCCAGTATG-1	8
white.day1_ATCATCTAGGCTATCT-1	5
white.day1_ATCATCTCAAGGACTG-1	4
white.day1_ATCATCTCACAAGACG-1	6
white.day1_ATCATCTCACGTCTCT-1	7
white.day1_ATCATCTTCGTTTAGG-1	4
white.day1_ATCATGGAGTGCTGCC-1	6
white.day1_ATCATGGAGTGTACTC-1	3
white.day1_ATCATGGGTTGGACCC-1	5
white.day1_ATCCACCAGGACAGCT-1	7
white.day1_ATCCACCAGTAATCCC-1	7
white.day1_ATCCACCCACGAAAGC-1	7
white.day1_ATCCACCGTATCAGTC-1	3
white.day1_ATCCACCTCACGCGGT-1	5
white.day1_ATCCACCTCGTTACGA-1	3
white.day1_ATCCACCTCTTGACGA-1	8
white.day1_ATCCGAAAGCAGACTG-1	5
white.day1_ATCCGAACAGTAAGCG-1	6
white.day1_ATCCGAAGTAATAGCA-1	3
white.day1_ATCCGAAGTCCAACTA-1	6
white.day1_ATCCGAAGTGAAGGCT-1	7
white.day1_ATCCGAAGTGGGTCAA-1	5
white.day1_ATCCGAATCAGTTAGC-1	5
white.day1_ATCGAGTAGCCGATTT-1	7
white.day1_ATCGAGTCAGATCCAT-1	10
white.day1_ATCGAGTCAGTCAGCC-1	6
white.day1_ATCGAGTTCATTATCC-1	7
white.day1_ATCTACTCACGGACAA-1	5
white.day1_ATCTACTGTCGACTGC-1	5
white.day1_ATCTACTGTCTCTCTG-1	7
white.day1_ATCTACTTCACGCATA-1	8
white.day1_ATCTACTTCATGTAGC-1	6
white.day1_ATCTACTTCCGTAGGC-1	5
white.day1_ATCTGCCCACATCCGG-1	7
white.day1_ATCTGCCGTAGCGTGA-1	4
white.day1_ATGAGGGAGTGCAAGC-1	3
white.day1_ATGAGGGCACGAAACG-1	6
white.day1_ATGAGGGCATGGTCAT-1	9
white.day1_ATGAGGGTCCGAATGT-1	5
white.day1_ATGAGGGTCCGGGTGT-1	5
white.day1_ATGAGGGTCGTATCAG-1	6
white.day1_ATGCGATAGGAGTTGC-1	6
white.day1_ATGCGATCAACCGCCA-1	6
white.day1_ATGCGATCACACATGT-1	5
white.day1_ATGCGATCATGCCCGA-1	7
white.day1_ATGCGATGTCCGAACC-1	6
white.day1_ATGGGAGAGCTAGTTC-1	6
white.day1_ATGGGAGTCAAGGCTT-1	4
white.day1_ATGGGAGTCCTAAGTG-1	5
white.day1_ATGTGTGCATGTAAGA-1	5
white.day1_ATGTGTGGTAAGGGAA-1	9
white.day1_ATGTGTGGTGATGATA-1	7
white.day1_ATGTGTGTCGGAAATA-1	7
white.day1_ATTACTCAGCTAGTGG-1	8
white.day1_ATTACTCTCTGTACGA-1	6
white.day1_ATTACTCTCTTTAGTC-1	4
white.day1_ATTATCCAGAACTCGG-1	4
white.day1_ATTATCCAGCAGGTCA-1	3
white.day1_ATTATCCAGCGAGAAA-1	5
white.day1_ATTATCCAGTTGCAGG-1	4
white.day1_ATTCTACAGCAGCGTA-1	6
white.day1_ATTCTACCACGACTCG-1	3
white.day1_ATTCTACCATCCTTGC-1	5
white.day1_ATTCTACGTGAGCGAT-1	7
white.day1_ATTCTACTCTGTACGA-1	7
white.day1_ATTGGACGTGGTCCGT-1	4
white.day1_ATTGGACGTTCACGGC-1	7
white.day1_ATTGGTGAGACAATAC-1	6
white.day1_ATTGGTGAGATCTGAA-1	7
white.day1_ATTGGTGCAGGTTTCA-1	5
white.day1_ATTGGTGGTGATGATA-1	5
white.day1_ATTGGTGTCACAATGC-1	5
white.day1_ATTTCTGAGACAGACC-1	5
white.day1_ATTTCTGAGTCTCGGC-1	5
white.day1_ATTTCTGCACCTCGGA-1	5
white.day1_ATTTCTGCAGCTATTG-1	5
white.day1_ATTTCTGCATCGGACC-1	3
white.day1_ATTTCTGGTATGAAAC-1	5
white.day1_ATTTCTGTCCGGCACA-1	8
white.day1_CAACCAAAGTCAAGGC-1	5
white.day1_CAACCAACATCCCATC-1	7
white.day1_CAACCAAGTCTGCCAG-1	5
white.day1_CAACCAATCGAATGCT-1	6
white.day1_CAACCAATCGATAGAA-1	1
white.day1_CAACTAGAGTGGCACA-1	7
white.day1_CAACTAGCAATGGAAT-1	3
white.day1_CAACTAGGTACCGTAT-1	5
white.day1_CAACTAGGTAGGGTAC-1	5
white.day1_CAACTAGTCCTCATTA-1	5
white.day1_CAAGAAAAGTGTCCAT-1	5
white.day1_CAAGAAAGTCATACTG-1	6
white.day1_CAAGAAATCACGCGGT-1	5
white.day1_CAAGAAATCCTTGGTC-1	5
white.day1_CAAGATCAGAGCCTAG-1	7
white.day1_CAAGATCAGATCCCAT-1	5
white.day1_CAAGATCAGGAATTAC-1	4
white.day1_CAAGATCCATCCTAGA-1	4
white.day1_CAAGATCGTATGAAAC-1	6
white.day1_CAAGATCGTTCAGCGC-1	7
white.day1_CAAGATCTCGGATGTT-1	7
white.day1_CAAGGCCAGCGATAGC-1	5
white.day1_CAAGGCCCAAATTGCC-1	5
white.day1_CAAGGCCGTACTCGCG-1	6
white.day1_CAAGGCCGTCGCGGTT-1	8
white.day1_CAAGGCCTCAGCTCGG-1	5
white.day1_CAAGGCCTCCATGCTC-1	4
white.day1_CAAGTTGAGGAATGGA-1	7
white.day1_CAAGTTGAGTGGTAGC-1	4
white.day1_CAAGTTGCAACGCACC-1	5
white.day1_CAAGTTGCAATCAGAA-1	7
white.day1_CAAGTTGCACGGTGTC-1	5
white.day1_CAAGTTGCAGATAATG-1	3
white.day1_CACAAACAGACTCGGA-1	3
white.day1_CACAAACTCAGCCTAA-1	4
white.day1_CACAAACTCGAACTGT-1	5
white.day1_CACAAACTCTACTTAC-1	4
white.day1_CACACAAGTAAGAGGA-1	5
white.day1_CACACAATCCCGGATG-1	7
white.day1_CACACAATCCTACAGA-1	5
white.day1_CACACCTAGAGCTGGT-1	8
white.day1_CACACCTAGGCTCAGA-1	4
white.day1_CACACCTAGGTCGGAT-1	7
white.day1_CACACCTAGGTGCACA-1	5
white.day1_CACACCTGTGGTCCGT-1	5
white.day1_CACACCTTCCCACTTG-1	6
white.day1_CACACTCCAAGGACTG-1	7
white.day1_CACACTCGTCCCTTGT-1	5
white.day1_CACACTCTCAGTTTGG-1	5
white.day1_CACACTCTCTTCAACT-1	4
white.day1_CACAGGCAGATAGTCA-1	4
white.day1_CACAGGCAGCATGGCA-1	6
white.day1_CACAGGCAGCCCAGCT-1	6
white.day1_CACAGGCCAAACGTGG-1	5
white.day1_CACAGGCCAATGGAAT-1	5
white.day1_CACAGGCCATGCATGT-1	4
white.day1_CACAGGCCATTAGCCA-1	5
white.day1_CACAGGCGTAGGAGTC-1	6
white.day1_CACAGGCGTTATCGGT-1	7
white.day1_CACAGGCGTTGGGACA-1	1
white.day1_CACAGTAAGCGTCTAT-1	4
white.day1_CACAGTAAGGACGAAA-1	6
white.day1_CACAGTAAGTGCGTGA-1	6
white.day1_CACAGTACAAGCTGAG-1	5
white.day1_CACAGTAGTACCATCA-1	7
white.day1_CACATAGCAGGATCGA-1	5
white.day1_CACATAGCATCTCGCT-1	6
white.day1_CACATAGGTGACGCCT-1	7
white.day1_CACATAGTCAGCGATT-1	4
white.day1_CACATTTAGAAACGCC-1	4
white.day1_CACATTTAGAGTACAT-1	3
white.day1_CACATTTAGGACATTA-1	7
white.day1_CACATTTCAGACAAAT-1	5
white.day1_CACATTTCATTGTGCA-1	1
white.day1_CACATTTGTAAATGTG-1	3
white.day1_CACATTTGTCACCTAA-1	4
white.day1_CACATTTGTGCACTTA-1	5
white.day1_CACATTTGTTCCACAA-1	4
white.day1_CACATTTTCCTTGGTC-1	6
white.day1_CACATTTTCGTGGACC-1	4
white.day1_CACCACTCACCATCCT-1	5
white.day1_CACCACTCACGTGAGA-1	7
white.day1_CACCACTCAGGATCGA-1	3
white.day1_CACCACTCATAACCTG-1	5
white.day1_CACCACTGTCACTGGC-1	4
white.day1_CACCACTGTTCCCGAG-1	6
white.day1_CACCACTTCCCTCAGT-1	7
white.day1_CACCAGGAGATCACGG-1	1
white.day1_CACCAGGAGCTAAGAT-1	4
white.day1_CACCAGGAGGCCCGTT-1	6
white.day1_CACCAGGAGTATGACA-1	5
white.day1_CACCAGGCACATTAGC-1	5
white.day1_CACCAGGCAGGCTGAA-1	5
white.day1_CACCAGGCATCACCCT-1	5
white.day1_CACCAGGGTCTAGCGC-1	4
white.day1_CACCAGGTCGTTTAGG-1	4
white.day1_CACCTTGCAGGATTGG-1	5
white.day1_CACCTTGCATGAAGTA-1	5
white.day1_CACTCCACACCATGTA-1	4
white.day1_CACTCCACATCTCGCT-1	5
white.day1_CACTCCACATGGTCAT-1	7
white.day1_CACTCCAGTCAGAATA-1	4
white.day1_CACTCCAGTTCAGTAC-1	8
white.day1_CACTCCAGTTGTACAC-1	5
white.day1_CAGAATCCAATGGAGC-1	5
white.day1_CAGAATCCAGTGAGTG-1	7
white.day1_CAGAATCTCAACCATG-1	7
white.day1_CAGAGAGAGATCTGAA-1	5
white.day1_CAGAGAGGTACATGTC-1	6
white.day1_CAGAGAGGTGTCAATC-1	3
white.day1_CAGAGAGGTTACGCGC-1	7
white.day1_CAGAGAGTCCGAGCCA-1	8
white.day1_CAGATCAAGACAGGCT-1	7
white.day1_CAGATCAAGAGGTTAT-1	3
white.day1_CAGATCAAGGCCATAG-1	5
white.day1_CAGATCACATCGACGC-1	5
white.day1_CAGATCATCGTCTGAA-1	5
white.day1_CAGCAGCAGCGCTTAT-1	5
white.day1_CAGCAGCGTGAAGGCT-1	5
white.day1_CAGCAGCGTGCACGAA-1	4
white.day1_CAGCATAAGCGCCTTG-1	6
white.day1_CAGCCGACACGGTAAG-1	7
white.day1_CAGCCGACATGCCCGA-1	1
white.day1_CAGCCGAGTACCGTTA-1	5
white.day1_CAGCCGAGTGCTAGCC-1	5
white.day1_CAGCCGATCATCGCTC-1	5
white.day1_CAGCCGATCCTGCAGG-1	5
white.day1_CAGCCGATCGGTGTTA-1	5
white.day1_CAGCCGATCTGGCGAC-1	5
white.day1_CAGCGACAGCCGGTAA-1	5
white.day1_CAGCGACAGTGGTCCC-1	7
white.day1_CAGCGACTCGCCAGCA-1	5
white.day1_CAGCGACTCTAACTGG-1	6
white.day1_CAGCTAACAATGGACG-1	5
white.day1_CAGCTAACACTATCTT-1	5
white.day1_CAGCTAAGTCACCCAG-1	5
white.day1_CAGCTAATCCGTACAA-1	7
white.day1_CAGCTAATCCTTTCGG-1	3
white.day1_CAGCTAATCGAACGGA-1	7
white.day1_CAGCTGGAGGACAGCT-1	1
white.day1_CAGCTGGGTACCGCTG-1	5
white.day1_CAGCTGGGTCACACGC-1	3
white.day1_CAGCTGGTCTTGGGTA-1	6
white.day1_CAGCTGGTCTTGTATC-1	6
white.day1_CAGGTGCAGCACAGGT-1	6
white.day1_CAGGTGCAGGATGGTC-1	5
white.day1_CAGGTGCCATCGGAAG-1	3
white.day1_CAGGTGCTCCCTCTTT-1	5
white.day1_CAGGTGCTCCGAAGAG-1	3
white.day1_CAGTAACAGGAGTACC-1	7
white.day1_CAGTAACAGTGGTCCC-1	1
white.day1_CAGTAACGTGCCTTGG-1	7
white.day1_CAGTAACGTGTTGAGG-1	6
white.day1_CAGTAACTCGCGATCG-1	7
white.day1_CAGTAACTCTAACTGG-1	6
white.day1_CAGTCCTAGAGCCCAA-1	4
white.day1_CAGTCCTCACCCATGG-1	4
white.day1_CAGTCCTCAGGTGGAT-1	5
white.day1_CAGTCCTGTCTGGTCG-1	5
white.day1_CAGTCCTGTGACAAAT-1	3
white.day1_CAGTCCTGTGATGTGG-1	6
white.day1_CAGTCCTGTGCATCTA-1	4
white.day1_CAGTCCTTCAGCACAT-1	5
white.day1_CAGTCCTTCAGTCCCT-1	6
white.day1_CAGTCCTTCCCTTGTG-1	5
white.day1_CATATGGAGAATGTTG-1	3
white.day1_CATATGGAGCTTTGGT-1	4
white.day1_CATATGGAGTGGTAAT-1	4
white.day1_CATATGGCACGGCGTT-1	5
white.day1_CATATGGCATCCCACT-1	5
white.day1_CATATGGGTGCGGTAA-1	6
white.day1_CATATGGGTGTAACGG-1	3
white.day1_CATATTCAGACGCAAC-1	5
white.day1_CATATTCAGAGTAATC-1	5
white.day1_CATATTCAGCAGATCG-1	5
white.day1_CATATTCAGCTACCGC-1	4
white.day1_CATATTCCATGAGCGA-1	5
white.day1_CATATTCGTCAGTGGA-1	7
white.day1_CATATTCTCACCGTAA-1	5
white.day1_CATATTCTCAGCTGGC-1	5
white.day1_CATATTCTCCTGCCAT-1	5
white.day1_CATCAAGAGCGATAGC-1	5
white.day1_CATCAAGAGTAATCCC-1	1
white.day1_CATCAAGCACGAAACG-1	7
white.day1_CATCAAGCAGGACGTA-1	5
white.day1_CATCAAGGTACGACCC-1	5
white.day1_CATCAAGTCCCATTTA-1	6
white.day1_CATCAAGTCCCTGACT-1	7
white.day1_CATCAGACACATAACC-1	6
white.day1_CATCAGACACCATCCT-1	5
white.day1_CATCAGACAGACAAAT-1	3
white.day1_CATCAGACAGGATCGA-1	6
white.day1_CATCAGACATGACGGA-1	3
white.day1_CATCAGACATTCCTGC-1	3
white.day1_CATCAGAGTCTAGTGT-1	7
white.day1_CATCAGATCAACACGT-1	5
white.day1_CATCAGATCCTATTCA-1	7
white.day1_CATCCACAGCTAGTGG-1	3
white.day1_CATCCACAGGCTAGCA-1	7
white.day1_CATCCACCAGCTCGAC-1	5
white.day1_CATCCACCATTCTCAT-1	5
white.day1_CATCCACGTCTAAAGA-1	5
white.day1_CATCGAAAGATGGCGT-1	5
white.day1_CATCGAACACAGAGGT-1	5
white.day1_CATCGAACACATTTCT-1	7
white.day1_CATCGAAGTCATATCG-1	6
white.day1_CATCGAAGTTTGACTG-1	5
white.day1_CATCGAATCGCCTGAG-1	5
white.day1_CATCGGGAGGCATTGG-1	6
white.day1_CATCGGGAGTGGACGT-1	5
white.day1_CATCGGGCACATGACT-1	7
white.day1_CATCGGGCACGAAAGC-1	5
white.day1_CATCGGGCACTCGACG-1	6
white.day1_CATCGGGCATTGGTAC-1	6
white.day1_CATCGGGGTCGAGTTT-1	4
white.day1_CATCGGGTCCTAGGGC-1	6
white.day1_CATGACAAGCGTTGCC-1	5
white.day1_CATGACAAGGGTTTCT-1	5
white.day1_CATGACACAGCTGTTA-1	3
white.day1_CATGACATCACCTTAT-1	6
white.day1_CATGCCTTCATCACCC-1	5
white.day1_CATGGCGCATGTCTCC-1	3
white.day1_CATTATCAGAGGTTAT-1	4
white.day1_CATTATCAGTAGATGT-1	4
white.day1_CATTATCCATGCCTAA-1	5
white.day1_CATTATCGTTTGGGCC-1	6
white.day1_CATTCGCGTGGGTCAA-1	4
white.day1_CATTCGCGTTGGTGGA-1	5
white.day1_CATTCGCGTTTAGCTG-1	6
white.day1_CATTCGCTCCAAGTAC-1	6
white.day1_CCAATCCAGATCACGG-1	3
white.day1_CCAATCCAGGACAGAA-1	5
white.day1_CCAATCCAGTCACGCC-1	4
white.day1_CCAATCCGTAAGTGGC-1	6
white.day1_CCAATCCGTAGAAAGG-1	7
white.day1_CCAATCCGTGGCGAAT-1	4
white.day1_CCACCTAAGCGATGAC-1	5
white.day1_CCACCTACATAGTAAG-1	3
white.day1_CCACCTAGTAGCGTGA-1	5
white.day1_CCACCTAGTATGCTTG-1	7
white.day1_CCACCTAGTCCTCTTG-1	5
white.day1_CCACCTATCACAATGC-1	7
white.day1_CCACCTATCACTTATC-1	7
white.day1_CCACCTATCATGCAAC-1	5
white.day1_CCACCTATCGCGTAGC-1	5
white.day1_CCACCTATCTGGTGTA-1	4
white.day1_CCACGGAAGTCATGCT-1	6
white.day1_CCACGGAGTATGAATG-1	7
white.day1_CCACGGAGTCCCTTGT-1	5
white.day1_CCACGGAGTGAGGGTT-1	6
white.day1_CCACGGAGTGATAAGT-1	4
white.day1_CCACGGATCTCTAGGA-1	4
white.day1_CCACTACCAAGGTTCT-1	7
white.day1_CCACTACTCTGAGTGT-1	4
white.day1_CCACTACTCTTCGGTC-1	7
white.day1_CCAGCGAAGAGTACCG-1	5
white.day1_CCAGCGAAGGGCATGT-1	7
white.day1_CCAGCGACACTCGACG-1	6
white.day1_CCAGCGAGTACATCCA-1	8
white.day1_CCAGCGAGTAGCTCCG-1	6
white.day1_CCAGCGAGTCGAAAGC-1	7
white.day1_CCAGCGAGTGGACGAT-1	6
white.day1_CCAGCGATCACTTACT-1	4
white.day1_CCAGCGATCTCACATT-1	5
white.day1_CCATGTCAGAATTGTG-1	6
white.day1_CCATGTCCACCGCTAG-1	5
white.day1_CCATGTCGTAGGGTAC-1	4
white.day1_CCATGTCGTTAAAGTG-1	4
white.day1_CCATGTCTCGTATCAG-1	7
white.day1_CCATGTCTCTAGCACA-1	5
white.day1_CCATTCGAGAGCTTCT-1	5
white.day1_CCATTCGCATGTCCTC-1	5
white.day1_CCATTCGGTCAATACC-1	6
white.day1_CCATTCGGTCGAACAG-1	6
white.day1_CCATTCGGTGCAGACA-1	8
white.day1_CCATTCGGTTAAGACA-1	6
white.day1_CCATTCGGTTTGTGTG-1	4
white.day1_CCATTCGTCGCATGGC-1	5
white.day1_CCATTCGTCGGTCCGA-1	5
white.day1_CCATTCGTCGTTGACA-1	4
white.day1_CCCAATCAGATATGGT-1	5
white.day1_CCCAATCCACTTCGAA-1	8
white.day1_CCCAATCCAGACAAAT-1	4
white.day1_CCCAATCGTGACGGTA-1	5
white.day1_CCCAATCTCATTATCC-1	7
white.day1_CCCAATCTCCGAACGC-1	8
white.day1_CCCAATCTCCTTGGTC-1	6
white.day1_CCCAGTTAGAATTGTG-1	5
white.day1_CCCAGTTAGACTGTAA-1	4
white.day1_CCCAGTTAGCAGCCTC-1	4
white.day1_CCCAGTTCAGGTTTCA-1	4
white.day1_CCCAGTTCAGTAGAGC-1	4
white.day1_CCCAGTTCAGTTAACC-1	8
white.day1_CCCAGTTGTATTACCG-1	4
white.day1_CCCAGTTGTTCAGTAC-1	6
white.day1_CCCAGTTTCACTCCTG-1	5
white.day1_CCCAGTTTCTAGAGTC-1	6
white.day1_CCCATACCAAACGCGA-1	8
white.day1_CCCATACGTCTCACCT-1	3
white.day1_CCCATACTCAGTTAGC-1	5
white.day1_CCCTCCTCATCAGTAC-1	7
white.day1_CCCTCCTGTTCAGTAC-1	5
white.day1_CCCTCCTTCGCATGGC-1	7
white.day1_CCGGGATAGTTATCGC-1	4
white.day1_CCGGTAGAGCTAAGAT-1	6
white.day1_CCGGTAGCAGGTGCCT-1	6
white.day1_CCGGTAGGTAGCTTGT-1	5
white.day1_CCGGTAGGTCAGAAGC-1	7
white.day1_CCGGTAGGTCTCGTTC-1	3
white.day1_CCGGTAGTCTGGTATG-1	3
white.day1_CCGTACTAGATGCCAG-1	5
white.day1_CCGTACTAGCTAACAA-1	7
white.day1_CCGTACTCACGAAGCA-1	5
white.day1_CCGTACTGTCTAGAGG-1	5
white.day1_CCGTACTGTGCAACTT-1	2
white.day1_CCGTACTGTGTAACGG-1	6
white.day1_CCGTACTTCACAATGC-1	6
white.day1_CCGTACTTCACTGGGC-1	4
white.day1_CCGTACTTCATCTGCC-1	7
white.day1_CCGTGGAAGCCAGAAC-1	5
white.day1_CCGTGGAAGGACAGCT-1	5
white.day1_CCGTGGAAGTTAAGTG-1	8
white.day1_CCGTGGAGTGTTGGGA-1	7
white.day1_CCGTGGATCATCGGAT-1	7
white.day1_CCGTTCAAGACACTAA-1	3
white.day1_CCGTTCACAAACCTAC-1	7
white.day1_CCGTTCACAGGGATTG-1	6
white.day1_CCGTTCAGTTCAGCGC-1	7
white.day1_CCGTTCATCCGCAAGC-1	5
white.day1_CCTAAAGCACGTAAGG-1	5
white.day1_CCTAAAGCAGGTCCAC-1	3
white.day1_CCTAAAGGTAAATGAC-1	6
white.day1_CCTACACAGAGTCGGT-1	5
white.day1_CCTACACCAAGTAGTA-1	4
white.day1_CCTACACTCACAGTAC-1	3
white.day1_CCTACACTCAGTGCAT-1	6
white.day1_CCTACACTCGACAGCC-1	6
white.day1_CCTACACTCGGATGTT-1	7
white.day1_CCTACCACAGTAAGAT-1	5
white.day1_CCTACCAGTACTCAAC-1	3
white.day1_CCTACCAGTCCTCTTG-1	5
white.day1_CCTACCAGTGATGATA-1	4
white.day1_CCTACCAGTGCAACTT-1	5
white.day1_CCTAGCTGTACATCCA-1	5
white.day1_CCTAGCTGTACCAGTT-1	4
white.day1_CCTAGCTGTTCCGGCA-1	5
white.day1_CCTAGCTTCACGCATA-1	7
white.day1_CCTAGCTTCCTCAACC-1	1
white.day1_CCTAGCTTCGTACCGG-1	4
white.day1_CCTATTAAGCTTATCG-1	5
white.day1_CCTATTAAGTAGCGGT-1	6
white.day1_CCTATTATCAGGCAAG-1	8
white.day1_CCTCAGTGTCTAGAGG-1	7
white.day1_CCTCAGTGTTTCCACC-1	5
white.day1_CCTCAGTTCAAGCCTA-1	7
white.day1_CCTCAGTTCGAGGTAG-1	4
white.day1_CCTCAGTTCGTAGATC-1	4
white.day1_CCTTACGAGGCTCATT-1	6
white.day1_CCTTACGCAGACGCTC-1	5
white.day1_CCTTACGCAGTCTTCC-1	4
white.day1_CCTTACGTCGGTTCGG-1	3
white.day1_CCTTCCCAGCTGGAAC-1	4
white.day1_CCTTCCCAGTGACTCT-1	6
white.day1_CCTTCCCTCAGGCAAG-1	4
white.day1_CCTTCCCTCCTATGTT-1	5
white.day1_CCTTCGAAGACTAGAT-1	7
white.day1_CCTTCGAAGGCATGGT-1	5
white.day1_CCTTTCTCAGACTCGC-1	5
white.day1_CCTTTCTGTCTCCATC-1	7
white.day1_CCTTTCTTCTGTCTAT-1	5
white.day1_CGAACATAGGGCACTA-1	5
white.day1_CGAACATCACAAGTAA-1	7
white.day1_CGAACATGTAACGCGA-1	6
white.day1_CGAACATGTATTCGTG-1	7
white.day1_CGAACATGTCCGAAGA-1	3
white.day1_CGAATGTAGACGCAAC-1	7
white.day1_CGAATGTAGGCCGAAT-1	3
white.day1_CGAATGTAGTTTAGGA-1	5
white.day1_CGAATGTGTTCCATGA-1	3
white.day1_CGAATGTTCACTTACT-1	1
white.day1_CGAATGTTCAGCTCTC-1	1
white.day1_CGAATGTTCATGTGGT-1	5
white.day1_CGAATGTTCCAATGGT-1	4
white.day1_CGAATGTTCCCATTAT-1	5
white.day1_CGAATGTTCTAACTCT-1	6
white.day1_CGACCTTAGTTAGGTA-1	6
white.day1_CGACCTTCAGTTCCCT-1	5
white.day1_CGACCTTGTCTCTCGT-1	8
white.day1_CGACTTCAGAGATGAG-1	7
white.day1_CGACTTCCATGATCCA-1	6
white.day1_CGACTTCCATGCATGT-1	3
white.day1_CGACTTCGTACGCTGC-1	5
white.day1_CGACTTCGTCACACGC-1	9
white.day1_CGACTTCTCCTTGGTC-1	5
white.day1_CGACTTCTCGCCCTTA-1	3
white.day1_CGACTTCTCTCCCTGA-1	4
white.day1_CGAGAAGAGAAACGCC-1	7
white.day1_CGAGAAGAGAGGGATA-1	7
white.day1_CGAGAAGAGCTAACTC-1	5
white.day1_CGAGAAGCATTAGGCT-1	7
white.day1_CGAGAAGGTACTCGCG-1	5
white.day1_CGAGAAGTCCTAAGTG-1	9
white.day1_CGAGAAGTCGTCGTTC-1	5
white.day1_CGAGAAGTCTTGGGTA-1	5
white.day1_CGAGCACAGCTGATAA-1	5
white.day1_CGAGCACAGTGTACCT-1	5
white.day1_CGAGCACCAGTTCCCT-1	4
white.day1_CGAGCACGTTTCGCTC-1	5
white.day1_CGAGCACTCATCTGTT-1	3
white.day1_CGAGCACTCCTCAACC-1	7
white.day1_CGAGCCATCTCTGAGA-1	5
white.day1_CGATCGGAGCTAGTCT-1	4
white.day1_CGATCGGCAAGTTGTC-1	3
white.day1_CGATCGGCAGGTGCCT-1	6
white.day1_CGATCGGTCTGTCAAG-1	5
white.day1_CGATGGCAGAGGTACC-1	7
white.day1_CGATGGCAGCCACGTC-1	5
white.day1_CGATGGCAGTCGTACT-1	7
white.day1_CGATGGCAGTTGTAGA-1	6
white.day1_CGATGGCCAGCCTGTG-1	5
white.day1_CGATGGCCATGCCTTC-1	4
white.day1_CGATGGCGTATTCGTG-1	5
white.day1_CGATGGCGTCAGCTAT-1	3
white.day1_CGATGGCGTGGTCCGT-1	5
white.day1_CGATGGCTCCGTAGTA-1	4
white.day1_CGATGGCTCTTTACGT-1	7
white.day1_CGATGTAAGATATGCA-1	8
white.day1_CGATGTACAAGCGCTC-1	5
white.day1_CGATGTACACATCCGG-1	5
white.day1_CGATGTACACGGATAG-1	5
white.day1_CGATGTACAGCGTCCA-1	3
white.day1_CGATGTACATGGAATA-1	6
white.day1_CGATTGAAGAATCTCC-1	5
white.day1_CGATTGAAGCCCAACC-1	7
white.day1_CGATTGAGTCTCTCGT-1	5
white.day1_CGATTGATCCTATTCA-1	5
white.day1_CGCCAAGAGCGTTCCG-1	5
white.day1_CGCCAAGAGGACGAAA-1	5
white.day1_CGCCAAGAGTAGCCGA-1	4
white.day1_CGCCAAGAGTGCCAGA-1	4
white.day1_CGCCAAGAGTTTCCTT-1	6
white.day1_CGCCAAGGTTAGATGA-1	7
white.day1_CGCCAAGTCAACGAAA-1	6
white.day1_CGCCAAGTCATATCGG-1	7
white.day1_CGCGGTAAGATACACA-1	7
white.day1_CGCGGTACAGCTGCTG-1	4
white.day1_CGCGGTAGTGACGCCT-1	7
white.day1_CGCGGTATCCTGCAGG-1	6
white.day1_CGCGGTATCCTTGACC-1	6
white.day1_CGCGGTATCGCCAAAT-1	5
white.day1_CGCGTTTCAATCGAAA-1	5
white.day1_CGCGTTTCATGGAATA-1	1
white.day1_CGCGTTTGTTCATGGT-1	6
white.day1_CGCGTTTGTTCGCTAA-1	5
white.day1_CGCGTTTTCCAGGGCT-1	7
white.day1_CGCGTTTTCGGCTACG-1	7
white.day1_CGCGTTTTCGTTTAGG-1	7
white.day1_CGCTATCAGATCCGAG-1	5
white.day1_CGCTATCAGGCGCTCT-1	7
white.day1_CGCTATCAGTGGTAAT-1	5
white.day1_CGCTATCCAAAGTGCG-1	5
white.day1_CGCTATCCAGCTGTGC-1	1
white.day1_CGCTATCGTTCCACTC-1	5
white.day1_CGCTATCTCCCAGGTG-1	5
white.day1_CGCTGGAGTGTTTGGT-1	4
white.day1_CGCTGGATCCTTCAAT-1	7
white.day1_CGCTGGATCCTTTCGG-1	5
white.day1_CGCTTCAGTGCTCTTC-1	5
white.day1_CGCTTCATCTGGCGTG-1	7
white.day1_CGGACACAGCAACGGT-1	6
white.day1_CGGACACCATGTCTCC-1	7
white.day1_CGGACACGTCCGAATT-1	6
white.day1_CGGACACGTCTGGTCG-1	6
white.day1_CGGACACGTGTAACGG-1	5
white.day1_CGGACACTCACCGGGT-1	5
white.day1_CGGACACTCATCGATG-1	5
white.day1_CGGACGTAGCGAGAAA-1	3
white.day1_CGGACGTCAACTGCGC-1	4
white.day1_CGGACGTCAGCTTCGG-1	5
white.day1_CGGACGTGTGTTGAGG-1	6
white.day1_CGGACGTTCATTGCGA-1	5
white.day1_CGGACGTTCGGTCCGA-1	5
white.day1_CGGACTGAGCGTAGTG-1	7
white.day1_CGGACTGCATTCCTGC-1	4
white.day1_CGGACTGGTCCGAATT-1	7
white.day1_CGGACTGGTCGGGTCT-1	5
white.day1_CGGACTGGTTACGTCA-1	7
white.day1_CGGACTGGTTCGCGAC-1	4
white.day1_CGGAGCTAGAGAACAG-1	5
white.day1_CGGAGCTAGAGTAATC-1	5
white.day1_CGGAGCTGTAAAGGAG-1	5
white.day1_CGGAGTCAGAACAACT-1	5
white.day1_CGGAGTCAGCCATCGC-1	3
white.day1_CGGAGTCAGGGATACC-1	7
white.day1_CGGAGTCAGGGTTTCT-1	6
white.day1_CGGAGTCAGTGACTCT-1	5
white.day1_CGGAGTCCACGCATCG-1	5
white.day1_CGGAGTCCACTTCGAA-1	5
white.day1_CGGAGTCTCAATAAGG-1	7
white.day1_CGGAGTCTCCGATATG-1	6
white.day1_CGGAGTCTCGGTCTAA-1	5
white.day1_CGGAGTCTCTACTATC-1	1
white.day1_CGGAGTCTCTCAAGTG-1	7
white.day1_CGGCTAGAGATCCTGT-1	5
white.day1_CGGCTAGCATCCTAGA-1	5
white.day1_CGGCTAGGTCCGTGAC-1	3
white.day1_CGGCTAGGTCTAAACC-1	5
white.day1_CGGGTCAAGTCTTGCA-1	5
white.day1_CGGGTCACAAGCCTAT-1	4
white.day1_CGGGTCACACGACGAA-1	4
white.day1_CGGGTCACATGCGCAC-1	5
white.day1_CGGGTCAGTCTAAACC-1	3
white.day1_CGGGTCATCACCAGGC-1	3
white.day1_CGGGTCATCCCGGATG-1	4
white.day1_CGGGTCATCCGGCACA-1	7
white.day1_CGGGTCATCTAACTCT-1	6
white.day1_CGGGTCATCTGCAGTA-1	10
white.day1_CGGTTAAAGAATTGTG-1	4
white.day1_CGGTTAACAGCGAACA-1	5
white.day1_CGGTTAACAGTAAGCG-1	3
white.day1_CGGTTAAGTCTCCACT-1	5
white.day1_CGGTTAAGTGTTCTTT-1	5
white.day1_CGTAGCGAGTGTGGCA-1	3
white.day1_CGTAGCGCAACACGCC-1	4
white.day1_CGTAGCGCACCAGCAC-1	7
white.day1_CGTAGCGTCCACGCAG-1	5
white.day1_CGTAGCGTCGAATGCT-1	6
white.day1_CGTAGCGTCTGGCGTG-1	7
white.day1_CGTAGGCAGAATAGGG-1	7
white.day1_CGTAGGCAGGTAAACT-1	7
white.day1_CGTAGGCCAAGCTGTT-1	3
white.day1_CGTAGGCCAGGTCTCG-1	6
white.day1_CGTAGGCGTTCCCGAG-1	6
white.day1_CGTCACTAGTGACTCT-1	7
white.day1_CGTCACTCAAACGTGG-1	5
white.day1_CGTCACTCACCCAGTG-1	5
white.day1_CGTCACTCAGTATCTG-1	7
white.day1_CGTCACTGTACTTCTT-1	6
white.day1_CGTCACTGTAGCGTCC-1	6
white.day1_CGTCACTGTATTAGCC-1	5
white.day1_CGTCACTGTCATATCG-1	6
white.day1_CGTCAGGAGAAGCCCA-1	3
white.day1_CGTCAGGAGGATGTAT-1	4
white.day1_CGTCAGGCAATGAAAC-1	7
white.day1_CGTCAGGCACCAGTTA-1	5
white.day1_CGTCAGGGTCTGGAGA-1	8
white.day1_CGTCAGGGTTGATTCG-1	7
white.day1_CGTCAGGTCAGAGCTT-1	5
white.day1_CGTCCATAGCAGACTG-1	1
white.day1_CGTCCATAGTTAGCGG-1	7
white.day1_CGTCTACAGTTAAGTG-1	4
white.day1_CGTCTACCATACGCCG-1	6
white.day1_CGTCTACCATGCATGT-1	5
white.day1_CGTCTACTCCGCATCT-1	5
white.day1_CGTCTACTCGTAGGAG-1	7
white.day1_CGTCTACTCGTCACGG-1	5
white.day1_CGTGAGCCACAACGCC-1	4
white.day1_CGTGAGCGTTTAGGAA-1	5
white.day1_CGTGAGCTCGGGAGTA-1	5
white.day1_CGTGTAAAGATAGTCA-1	7
white.day1_CGTGTAACAATGGTCT-1	5
white.day1_CGTGTAAGTACTCGCG-1	5
white.day1_CGTGTAATCAGGCCCA-1	7
white.day1_CGTGTAATCCAGTAGT-1	5
white.day1_CGTGTAATCGGAATCT-1	1
white.day1_CGTGTCTAGGCAATTA-1	6
white.day1_CGTGTCTCAGCTATTG-1	7
white.day1_CGTTAGAAGAAGGCCT-1	6
white.day1_CGTTAGACAGCATACT-1	3
white.day1_CGTTAGAGTAAATGAC-1	5
white.day1_CGTTAGAGTAGGAGTC-1	5
white.day1_CGTTAGATCTCGTATT-1	7
white.day1_CGTTCTGGTAGCACGA-1	3
white.day1_CGTTCTGGTGATGCCC-1	5
white.day1_CGTTCTGGTGCAGGTA-1	5
white.day1_CGTTGGGAGAAGAAGC-1	6
white.day1_CGTTGGGGTTACGACT-1	6
white.day1_CGTTGGGGTTTGGCGC-1	5
white.day1_CGTTGGGTCTTGCAAG-1	7
white.day1_CTAACTTAGCTGTCTA-1	5
white.day1_CTAACTTAGTCTCCTC-1	3
white.day1_CTAACTTCACATGGGA-1	4
white.day1_CTAACTTTCTACTATC-1	7
white.day1_CTAACTTTCTCGAGTA-1	5
white.day1_CTAAGACGTGTAAGTA-1	3
white.day1_CTAAGACGTGTTAAGA-1	5
white.day1_CTAATGGCAGGAACGT-1	4
white.day1_CTAATGGGTAGCGCTC-1	5
white.day1_CTAATGGGTCGACTGC-1	6
white.day1_CTAATGGTCGCGCCAA-1	8
white.day1_CTACACCGTATTAGCC-1	4
white.day1_CTACATTAGACTTGAA-1	7
white.day1_CTACATTAGGATCGCA-1	4
white.day1_CTACATTAGTGTACTC-1	6
white.day1_CTACATTCAAGCGATG-1	4
white.day1_CTACATTGTATATCCG-1	5
white.day1_CTACATTGTGTGGTTT-1	7
white.day1_CTACATTTCTCCGGTT-1	5
white.day1_CTACATTTCTGTCTCG-1	1
white.day1_CTACCCAAGGATGGAA-1	5
white.day1_CTACCCAAGTCGATAA-1	5
white.day1_CTACCCAAGTGTACTC-1	5
white.day1_CTACCCAAGTGTGGCA-1	5
white.day1_CTACCCACAAACCCAT-1	5
white.day1_CTACCCACAATCTGCA-1	4
white.day1_CTACCCAGTAGCGCTC-1	4
white.day1_CTACCCATCTTCGGTC-1	4
white.day1_CTACGTCAGAATAGGG-1	7
white.day1_CTACGTCAGCGATTCT-1	5
white.day1_CTACGTCAGTGGGCTA-1	6
white.day1_CTACGTCCATGAGCGA-1	5
white.day1_CTACGTCGTCACTTCC-1	5
white.day1_CTACGTCGTCGGCTCA-1	5
white.day1_CTACGTCTCCGAACGC-1	4
white.day1_CTAGAGTAGCGATTCT-1	5
white.day1_CTAGAGTCAATCGGTT-1	7
white.day1_CTAGAGTGTTGAGGTG-1	5
white.day1_CTAGAGTTCATACGGT-1	5
white.day1_CTAGCCTAGACTACAA-1	4
white.day1_CTAGCCTAGTAAGTAC-1	6
white.day1_CTAGCCTCACAGTCGC-1	5
white.day1_CTAGCCTCATCGGTTA-1	5
white.day1_CTAGCCTGTAGGGACT-1	5
white.day1_CTAGCCTGTTCGCTAA-1	4
white.day1_CTAGCCTTCCACTCCA-1	6
white.day1_CTAGTGACATACTCTT-1	5
white.day1_CTAGTGATCCTGCAGG-1	5
white.day1_CTAGTGATCGTGGGAA-1	4
white.day1_CTCACACAGCCCGAAA-1	6
white.day1_CTCACACCAGCATACT-1	4
white.day1_CTCACACCATGAGCGA-1	7
white.day1_CTCACACCATGCGCAC-1	5
white.day1_CTCACACTCAGTGCAT-1	7
white.day1_CTCACACTCTCGGACG-1	1
white.day1_CTCAGAAGTCTTGCGG-1	3
white.day1_CTCAGAAGTTCCGTCT-1	5
white.day1_CTCAGAATCTGACCTC-1	5
white.day1_CTCATTACATGTCGAT-1	5
white.day1_CTCATTATCACCTTAT-1	6
white.day1_CTCATTATCCACGCAG-1	5
white.day1_CTCATTATCGGAAACG-1	5
white.day1_CTCCTAGCATTGGCGC-1	6
white.day1_CTCGAAAAGAGTCTGG-1	6
white.day1_CTCGAAAAGCGAGAAA-1	6
white.day1_CTCGAAAAGGAGTTGC-1	5
white.day1_CTCGAAAAGTCAAGCG-1	5
white.day1_CTCGAAACAGGTCCAC-1	4
white.day1_CTCGAGGAGACCTAGG-1	3
white.day1_CTCGAGGAGATATACG-1	4
white.day1_CTCGAGGAGGACGAAA-1	5
white.day1_CTCGAGGTCTACGAGT-1	3
white.day1_CTCGGAGAGCTAGTTC-1	3
white.day1_CTCGGAGCAACCGCCA-1	7
white.day1_CTCGGAGTCAATACCG-1	5
white.day1_CTCGGGAAGCTGAAAT-1	6
white.day1_CTCGGGACACACCGCA-1	3
white.day1_CTCGGGAGTGGCCCTA-1	7
white.day1_CTCGGGATCATCGCTC-1	7
white.day1_CTCGTACAGGGCACTA-1	5
white.day1_CTCGTACAGGTGGGTT-1	5
white.day1_CTCGTCAAGACGCTTT-1	6
white.day1_CTCGTCACACATGGGA-1	5
white.day1_CTCGTCACACCGAATT-1	5
white.day1_CTCGTCATCACGATGT-1	6
white.day1_CTCGTCATCAGCATGT-1	4
white.day1_CTCTAATAGATGTAAC-1	7
white.day1_CTCTAATAGGGTCGAT-1	5
white.day1_CTCTAATCAAGTCATC-1	5
white.day1_CTCTACGAGATGGCGT-1	5
white.day1_CTCTACGTCTTCTGGC-1	7
white.day1_CTCTGGTAGACACGAC-1	5
white.day1_CTCTGGTAGGCGATAC-1	4
white.day1_CTCTGGTCAAGCCGCT-1	4
white.day1_CTCTGGTCATTGCGGC-1	5
white.day1_CTCTGGTGTAAACACA-1	4
white.day1_CTCTGGTGTTCCTCCA-1	2
white.day1_CTCTGGTTCTACGAGT-1	5
white.day1_CTGAAACTCAGGTAAA-1	5
white.day1_CTGAAGTAGAAACGCC-1	5
white.day1_CTGAAGTTCCTACAGA-1	6
white.day1_CTGAAGTTCTCTTGAT-1	6
white.day1_CTGATAGAGTCGAGTG-1	5
white.day1_CTGATAGCAAGTCATC-1	3
white.day1_CTGATAGCACCTGGTG-1	7
white.day1_CTGATAGGTAAGAGGA-1	5
white.day1_CTGATAGGTCATATCG-1	4
white.day1_CTGATAGTCACCACCT-1	4
white.day1_CTGATAGTCGCATGAT-1	7
white.day1_CTGATAGTCGGTGTCG-1	5
white.day1_CTGATAGTCTCTAAGG-1	5
white.day1_CTGATCCCAGATGGGT-1	4
white.day1_CTGCCTAAGGAGCGAG-1	3
white.day1_CTGCCTACACAGTCGC-1	5
white.day1_CTGCCTACAGATCTGT-1	6
white.day1_CTGCCTACAGGACGTA-1	7
white.day1_CTGCCTAGTACCGCTG-1	7
white.day1_CTGCCTAGTTTGACTG-1	6
white.day1_CTGCCTATCACAGTAC-1	3
white.day1_CTGCCTATCACATACG-1	7
white.day1_CTGCGGAAGCGTGAAC-1	5
white.day1_CTGCGGAAGGTGCAAC-1	6
white.day1_CTGCGGAAGTAGCCGA-1	7
white.day1_CTGCGGAAGTATCGAA-1	5
white.day1_CTGCGGACAGTGGAGT-1	7
white.day1_CTGCGGAGTCACTTCC-1	4
white.day1_CTGCGGATCCCTCAGT-1	4
white.day1_CTGCTGTCAAGACGTG-1	5
white.day1_CTGCTGTCACGCGAAA-1	5
white.day1_CTGCTGTTCACGAAGG-1	4
white.day1_CTGGTCTAGGAATTAC-1	6
white.day1_CTGGTCTAGTGTTGAA-1	1
white.day1_CTGGTCTCACCCATTC-1	7
white.day1_CTGGTCTTCAGGTTCA-1	6
white.day1_CTGTGCTAGCGTTTAC-1	6
white.day1_CTGTGCTAGGTAGCCA-1	5
white.day1_CTGTGCTCAATAACGA-1	5
white.day1_CTGTGCTCAGCTCGCA-1	6
white.day1_CTGTGCTGTTTGACTG-1	4
white.day1_CTGTTTAAGTACGACG-1	5
white.day1_CTGTTTACATAGACTC-1	5
white.day1_CTGTTTAGTTCGAATC-1	5
white.day1_CTGTTTATCAACGGCC-1	5
white.day1_CTGTTTATCGTTACAG-1	5
white.day1_CTGTTTATCTCCCTGA-1	5
white.day1_CTGTTTATCTTCATGT-1	4
white.day1_CTTAACTGTCGCGGTT-1	5
white.day1_CTTAACTGTCTCAACA-1	4
white.day1_CTTAACTTCCAACCAA-1	4
white.day1_CTTAACTTCCTAGAAC-1	5
white.day1_CTTACCGAGAAACGCC-1	5
white.day1_CTTACCGCAGGTTTCA-1	6
white.day1_CTTACCGGTACGCTGC-1	5
white.day1_CTTACCGGTATTAGCC-1	6
white.day1_CTTACCGTCTTACCTA-1	6
white.day1_CTTAGGAAGAAGAAGC-1	8
white.day1_CTTAGGAAGCGTGAGT-1	1
white.day1_CTTAGGACAGTCAGAG-1	7
white.day1_CTTAGGACAGTGAGTG-1	6
white.day1_CTTAGGAGTCCGTCAG-1	5
white.day1_CTTAGGAGTGCAGGTA-1	6
white.day1_CTTAGGATCATATCGG-1	7
white.day1_CTTAGGATCCTAGGGC-1	6
white.day1_CTTCTCTCAGACTCGC-1	1
white.day1_CTTCTCTGTGCAGTAG-1	5
white.day1_CTTCTCTTCACTGGGC-1	5
white.day1_CTTGGCTCACCCTATC-1	3
white.day1_CTTGGCTCAGTTCATG-1	3
white.day1_CTTGGCTCATCCAACA-1	5
white.day1_CTTGGCTGTAGCGTAG-1	4
white.day1_CTTTGCGAGAAACGAG-1	3
white.day1_CTTTGCGAGAGACTTA-1	7
white.day1_CTTTGCGAGGCAATTA-1	5
white.day1_CTTTGCGAGGTGTGGT-1	7
white.day1_CTTTGCGCAATCGGTT-1	6
white.day1_CTTTGCGGTCCGAATT-1	7
white.day1_CTTTGCGGTGACGCCT-1	5
white.day1_CTTTGCGGTTAAAGTG-1	3
white.day1_CTTTGCGTCCTTTCGG-1	4
white.day1_CTTTGCGTCTTTACGT-1	7
white.day1_GAAACTCAGTGGGCTA-1	4
white.day1_GAAACTCCAATAGAGT-1	5
white.day1_GAAACTCCACAAGACG-1	1
white.day1_GAAACTCGTTGGACCC-1	7
white.day1_GAAACTCTCGGCGCAT-1	3
white.day1_GAAACTCTCTGTGCAA-1	9
white.day1_GAAATGAAGCGTCAAG-1	5
white.day1_GAAATGAGTGGTTTCA-1	7
white.day1_GAAATGATCGGATGTT-1	6
white.day1_GAACATCAGCGTGAGT-1	6
white.day1_GAACATCAGCTGTCTA-1	6
white.day1_GAACATCCAATAGAGT-1	5
white.day1_GAACATCGTGATAAGT-1	6
white.day1_GAACCTAAGGGATGGG-1	3
white.day1_GAACCTAAGTTGTCGT-1	4
white.day1_GAACCTACAATAGCAA-1	1
white.day1_GAACCTACATCTCCCA-1	7
white.day1_GAACCTAGTCCGAACC-1	5
white.day1_GAACCTATCCGAAGAG-1	5
white.day1_GAACCTATCTACTCAT-1	4
white.day1_GAACGGACAAACGTGG-1	4
white.day1_GAACGGAGTCAGGACA-1	5
white.day1_GAACGGAGTTGGTTTG-1	1
white.day1_GAAGCAGCAAAGAATC-1	5
white.day1_GAAGCAGTCAGGCAAG-1	6
white.day1_GAAGCAGTCATAAAGG-1	4
white.day1_GAATAAGCAGGCTCAC-1	5
white.day1_GAATAAGCATAGTAAG-1	6
white.day1_GAATAAGCATTACGAC-1	5
white.day1_GAATGAACAACCGCCA-1	6
white.day1_GAATGAAGTTCATGGT-1	5
white.day1_GAATGAATCCTAGGGC-1	5
white.day1_GAATGAATCTCGAGTA-1	7
white.day1_GACACGCCATGTAGTC-1	3
white.day1_GACACGCTCCGAATGT-1	5
white.day1_GACACGCTCGTCCGTT-1	4
white.day1_GACAGAGAGAGGTTGC-1	6
white.day1_GACAGAGCAAGCTGAG-1	4
white.day1_GACAGAGGTCTAGGTT-1	7
white.day1_GACAGAGTCCACTGGG-1	3
white.day1_GACAGAGTCCGCTGTT-1	3
white.day1_GACAGAGTCTACGAGT-1	7
white.day1_GACCAATAGAGCAATT-1	6
white.day1_GACCAATAGCTCCTTC-1	4
white.day1_GACCAATCACGGTGTC-1	6
white.day1_GACCAATTCCCGACTT-1	5
white.day1_GACCAATTCTCACATT-1	5
white.day1_GACCTGGAGGTACTCT-1	7
white.day1_GACCTGGAGTTTCCTT-1	5
white.day1_GACCTGGCAAGCCGCT-1	6
white.day1_GACCTGGGTATCGCAT-1	5
white.day1_GACCTGGGTCTTCTCG-1	5
white.day1_GACCTGGGTGTAATGA-1	6
white.day1_GACCTGGGTTAAGACA-1	3
white.day1_GACCTGGGTTCCATGA-1	3
white.day1_GACCTGGTCTCCAACC-1	6
white.day1_GACGCGTGTTATCACG-1	6
white.day1_GACGCGTTCCCAAGTA-1	6
white.day1_GACGCGTTCGGAGGTA-1	5
white.day1_GACGGCTGTAACGCGA-1	5
white.day1_GACGGCTGTACCGGCT-1	6
white.day1_GACGGCTGTCGCTTTC-1	8
white.day1_GACGTGCAGATAGTCA-1	6
white.day1_GACGTGCAGATCCGAG-1	5
white.day1_GACGTGCAGATGTGTA-1	3
white.day1_GACGTGCAGCTCCTCT-1	5
white.day1_GACGTGCCAAACGCGA-1	5
white.day1_GACGTGCCACTCGACG-1	8
white.day1_GACGTGCCATGTCTCC-1	5
white.day1_GACGTGCGTAGAGCTG-1	5
white.day1_GACGTGCGTTCAGTAC-1	10
white.day1_GACGTTAAGAGCTGCA-1	4
white.day1_GACGTTACATTGAGCT-1	6
white.day1_GACTAACCAGAGTGTG-1	7
white.day1_GACTAACTCATCGATG-1	6
white.day1_GACTAACTCGCCGTGA-1	5
white.day1_GACTACAAGTGGGATC-1	3
white.day1_GACTACACAATCTACG-1	3
white.day1_GACTACACACAAGCCC-1	4
white.day1_GACTACACAGGTCTCG-1	9
white.day1_GACTACAGTTATGCGT-1	5
white.day1_GACTACAGTTCCAACA-1	4
white.day1_GACTACATCGACGGAA-1	6
white.day1_GACTACATCGCGCCAA-1	6
white.day1_GACTGCGAGAAACCTA-1	4
white.day1_GACTGCGAGGGTCTCC-1	3
white.day1_GACTGCGAGTGACTCT-1	6
white.day1_GACTGCGCACCGGAAA-1	5
white.day1_GACTGCGCATTTGCTT-1	7
white.day1_GACTGCGGTCAAGCGA-1	8
white.day1_GACTGCGGTCCATGAT-1	4
white.day1_GACTGCGGTTCGCTAA-1	6
white.day1_GACTGCGGTTGGTTTG-1	7
white.day1_GACTGCGTCGAGCCCA-1	7
white.day1_GACTGCGTCTGATTCT-1	5
white.day1_GAGCAGAAGTCTCAAC-1	7
white.day1_GAGCAGAGTCATTAGC-1	4
white.day1_GAGCAGAGTCCGAACC-1	5
white.day1_GAGCAGATCAGCTCGG-1	8
white.day1_GAGCAGATCTGCGGCA-1	4
white.day1_GAGGTGAAGGATTCGG-1	6
white.day1_GAGGTGAAGTCTCAAC-1	5
white.day1_GAGGTGACAATGGAGC-1	3
white.day1_GAGGTGACACCCATTC-1	5
white.day1_GAGGTGAGTTCCACAA-1	7
white.day1_GAGGTGATCCTCAACC-1	3
white.day1_GAGGTGATCTCGTATT-1	5
white.day1_GAGTCCGCACGAAGCA-1	5
white.day1_GAGTCCGGTTGATTCG-1	3
white.day1_GAGTCCGGTTGGGACA-1	5
white.day1_GAGTCCGTCTAACTCT-1	6
white.day1_GATCAGTCAGAGTGTG-1	5
white.day1_GATCGATAGCGTCTAT-1	8
white.day1_GATCGATCACTTAACG-1	5
white.day1_GATCGATCAGATTGCT-1	6
white.day1_GATCGATGTCGCATCG-1	6
white.day1_GATCGCGCAGTAGAGC-1	3
white.day1_GATCGCGGTGACTCAT-1	6
white.day1_GATCGCGGTTGAGGTG-1	6
white.day1_GATCGTAAGGTGATTA-1	8
white.day1_GATCGTACAAACCTAC-1	5
white.day1_GATCGTACACATCCGG-1	7
white.day1_GATCGTACATGTCGAT-1	8
white.day1_GATCGTAGTTGCGCAC-1	4
white.day1_GATCTAGCACTAGTAC-1	5
white.day1_GATCTAGGTAGAAGGA-1	5
white.day1_GATCTAGGTATTCGTG-1	6
white.day1_GATCTAGGTCAGAGGT-1	5
white.day1_GATCTAGGTCTCACCT-1	6
white.day1_GATCTAGTCAGGCGAA-1	5
white.day1_GATCTAGTCCTTAATC-1	5
white.day1_GATGAAAAGAGTGAGA-1	5
white.day1_GATGAAAAGTTCGCGC-1	5
white.day1_GATGAGGAGGGTGTTG-1	3
white.day1_GATGAGGCACGAAACG-1	4
white.day1_GATGAGGCAGGAATGC-1	5
white.day1_GATGAGGTCAAACCAC-1	5
white.day1_GATGAGGTCAACACAC-1	3
white.day1_GATGAGGTCGGCTACG-1	4
white.day1_GATGCTAAGACTACAA-1	5
white.day1_GATGCTACAATGAATG-1	5
white.day1_GATGCTAGTAGCTTGT-1	6
white.day1_GATTCAGAGATATGCA-1	8
white.day1_GATTCAGAGCTAGTGG-1	6
white.day1_GATTCAGGTCATATCG-1	7
white.day1_GATTCAGTCAGGTAAA-1	6
white.day1_GATTCAGTCTCGCATC-1	5
white.day1_GCAAACTAGCGATATA-1	4
white.day1_GCAAACTGTCGCATAT-1	4
white.day1_GCAAACTTCGATCCCT-1	6
white.day1_GCAAACTTCTTGCATT-1	4
white.day1_GCAATCAAGAAGGTGA-1	4
white.day1_GCAATCACAAGTTAAG-1	7
white.day1_GCAATCACATACTCTT-1	6
white.day1_GCAATCATCATTTGGG-1	3
white.day1_GCACTCTAGCGATATA-1	5
white.day1_GCACTCTTCGCCAGCA-1	7
white.day1_GCAGCCAAGTACTTGC-1	6
white.day1_GCAGCCACACTAGTAC-1	4
white.day1_GCAGCCAGTAGGCTGA-1	5
white.day1_GCAGTTAAGACTAGGC-1	5
white.day1_GCAGTTACAGACAAGC-1	5
white.day1_GCATACAAGCACAGGT-1	6
white.day1_GCATACACAGTCACTA-1	5
white.day1_GCATACACATGAACCT-1	6
white.day1_GCATACATCCGTTGCT-1	6
white.day1_GCATACATCTCAAACG-1	5
white.day1_GCATACATCTCACATT-1	7
white.day1_GCATGATAGTGGTAGC-1	6
white.day1_GCATGATCAAGCGATG-1	5
white.day1_GCATGATCAATTGCTG-1	4
white.day1_GCATGATGTAGCGCTC-1	5
white.day1_GCATGATGTTTGCATG-1	4
white.day1_GCATGATTCACCAGGC-1	5
white.day1_GCATGATTCACGATGT-1	5
white.day1_GCATGATTCATCGATG-1	5
white.day1_GCATGATTCGAGAACG-1	3
white.day1_GCATGATTCGTAGGTT-1	7
white.day1_GCATGCGAGCACCGTC-1	7
white.day1_GCATGCGAGGTAAACT-1	8
white.day1_GCATGCGTCCTTGGTC-1	7
white.day1_GCATGCGTCGCATGAT-1	3
white.day1_GCATGTAAGTAGCGGT-1	6
white.day1_GCATGTACACATTCGA-1	6
white.day1_GCATGTACAGCCTGTG-1	5
white.day1_GCATGTATCCTCCTAG-1	5
white.day1_GCCAAATCAGACAGGT-1	4
white.day1_GCCAAATCAGCGTCCA-1	6
white.day1_GCCAAATGTAAGAGAG-1	6
white.day1_GCCAAATGTCAAGCGA-1	5
white.day1_GCCAAATTCCAGAAGG-1	4
white.day1_GCCTCTATCAAACCAC-1	5
white.day1_GCCTCTATCAACGGGA-1	5
white.day1_GCCTCTATCAGGTAAA-1	7
white.day1_GCGACCAAGGATGTAT-1	6
white.day1_GCGACCAAGTGCCAGA-1	3
white.day1_GCGACCACACGGCCAT-1	4
white.day1_GCGACCACAGATGGCA-1	5
white.day1_GCGACCACATACTCTT-1	5
white.day1_GCGACCAGTAAGGGCT-1	5
white.day1_GCGACCATCGGCGGTT-1	5
white.day1_GCGAGAAAGCTGAAAT-1	4
white.day1_GCGAGAAGTAAACCTC-1	5
white.day1_GCGAGAATCGTTTATC-1	6
white.day1_GCGCAACAGGCCCTTG-1	5
white.day1_GCGCAACCACCTATCC-1	5
white.day1_GCGCAACGTAATAGCA-1	5
white.day1_GCGCAACTCATCGGAT-1	4
white.day1_GCGCAGTCAATCCAAC-1	5
white.day1_GCGCAGTCACCAGATT-1	6
white.day1_GCGCAGTCACTGCCAG-1	5
white.day1_GCGCAGTGTACTTCTT-1	6
white.day1_GCGCAGTGTGCGGTAA-1	5
white.day1_GCGCAGTTCCGTCATC-1	3
white.day1_GCGCCAACAACTTGAC-1	5
white.day1_GCGCCAATCTTTCCTC-1	4
white.day1_GCGCGATAGGTAAACT-1	4
white.day1_GCGCGATCAAAGTGCG-1	4
white.day1_GCGCGATCATGCGCAC-1	5
white.day1_GCGCGATTCCAGTAGT-1	5
white.day1_GCGCGATTCCTTGCCA-1	5
white.day1_GCGGGTTAGCTTCGCG-1	5
white.day1_GCGGGTTAGGGCATGT-1	4
white.day1_GCGGGTTAGTGGCACA-1	5
white.day1_GCGGGTTCATTTCAGG-1	5
white.day1_GCGGGTTGTAGATTAG-1	5
white.day1_GCGGGTTGTCGCTTTC-1	5
white.day1_GCGGGTTGTTCATGGT-1	4
white.day1_GCGGGTTTCGCTGATA-1	4
white.day1_GCGGGTTTCTTGGGTA-1	6
white.day1_GCTCCTAAGCCCAATT-1	4
white.day1_GCTCCTATCATTTGGG-1	5
white.day1_GCTCCTATCTATCCCG-1	6
white.day1_GCTCTGTAGCAACGGT-1	5
white.day1_GCTCTGTAGCTGAACG-1	4
white.day1_GCTCTGTCAGCTGTAT-1	7
white.day1_GCTCTGTCAGGACGTA-1	8
white.day1_GCTCTGTTCTGAAAGA-1	7
white.day1_GCTGCAGCAAGCTGGA-1	3
white.day1_GCTGCAGCACTTAACG-1	5
white.day1_GCTGCAGGTCTCACCT-1	6
white.day1_GCTGCAGGTTTAGCTG-1	7
white.day1_GCTGCAGTCGCAAGCC-1	4
white.day1_GCTGCAGTCTACTATC-1	6
white.day1_GCTGCAGTCTGTTTGT-1	4
white.day1_GCTGCGATCCACTGGG-1	7
white.day1_GCTGCGATCGTCGTTC-1	3
white.day1_GCTGCTTCAGACGCTC-1	7
white.day1_GCTGCTTCATCGGAAG-1	6
white.day1_GCTGCTTCATCGTCGG-1	4
white.day1_GCTGCTTGTCGCCATG-1	5
white.day1_GCTGCTTTCACCATAG-1	6
white.day1_GCTGCTTTCCCTTGTG-1	8
white.day1_GCTGCTTTCTGGAGCC-1	1
white.day1_GCTGGGTAGATATGGT-1	7
white.day1_GCTGGGTAGTCATCCA-1	5
white.day1_GCTGGGTAGTCGAGTG-1	3
white.day1_GCTGGGTCAAAGCGGT-1	3
white.day1_GCTGGGTTCACCGTAA-1	5
white.day1_GCTGGGTTCGCGCCAA-1	6
white.day1_GCTTCCAAGTGGTCCC-1	5
white.day1_GCTTCCACATGGTCTA-1	4
white.day1_GCTTGAAGTTTAGCTG-1	5
white.day1_GCTTGAATCCGCGGTA-1	5
white.day1_GCTTGAATCCTATGTT-1	5
white.day1_GCTTGAATCGCTAGCG-1	6
white.day1_GCTTGAATCGTTACAG-1	6
white.day1_GCTTGAATCTTGAGGT-1	5
white.day1_GGAAAGCAGCCCAGCT-1	5
white.day1_GGAAAGCAGGAACTGC-1	7
white.day1_GGAAAGCAGGCCATAG-1	10
white.day1_GGAAAGCAGTCACGCC-1	7
white.day1_GGAAAGCCAGACAAAT-1	7
white.day1_GGAAAGCCAGCTCGAC-1	6
white.day1_GGAAAGCCAGTATGCT-1	7
white.day1_GGAAAGCCATGGAATA-1	8
white.day1_GGAAAGCGTAGGCTGA-1	4
white.day1_GGAAAGCGTTGAACTC-1	6
white.day1_GGAAAGCGTTTGGCGC-1	6
white.day1_GGAACTTAGAAGGGTA-1	3
white.day1_GGAACTTAGAAGGTGA-1	3
white.day1_GGAACTTAGCCGCCTA-1	3
white.day1_GGAACTTAGCGTTCCG-1	5
white.day1_GGAACTTCACTGTCGG-1	8
white.day1_GGAACTTCATGCCTAA-1	5
white.day1_GGAACTTCATTCCTCG-1	5
white.day1_GGAACTTTCAACACTG-1	7
white.day1_GGAACTTTCATACGGT-1	5
white.day1_GGAACTTTCTCGAGTA-1	6
white.day1_GGAATAACACGAGGTA-1	5
white.day1_GGAATAATCGGAAACG-1	6
white.day1_GGAATAATCTTACCGC-1	5
white.day1_GGACAAGAGTCCGGTC-1	4
white.day1_GGACAAGCACAAGTAA-1	7
white.day1_GGACAAGCACCTTGTC-1	5
white.day1_GGACAAGCAGATCGGA-1	5
white.day1_GGACAAGGTGGTCTCG-1	4
white.day1_GGACAAGGTGTTTGTG-1	5
white.day1_GGACAGAAGATGCGAC-1	6
white.day1_GGACAGACAATTCCTT-1	5
white.day1_GGACAGACACTGTTAG-1	3
white.day1_GGACAGAGTAGTAGTA-1	5
white.day1_GGACAGAGTCAGAAGC-1	6
white.day1_GGACAGATCGTCCGTT-1	6
white.day1_GGACATTAGAATGTTG-1	7
white.day1_GGACATTCAACTTGAC-1	3
white.day1_GGACATTCATTACGAC-1	4
white.day1_GGACATTGTAGCTAAA-1	4
white.day1_GGACATTTCCAGTAGT-1	5
white.day1_GGACATTTCGTTTGCC-1	5
white.day1_GGACGTCAGGGCTCTC-1	7
white.day1_GGACGTCCAATGACCT-1	6
white.day1_GGACGTCCACTCTGTC-1	6
white.day1_GGACGTCTCAGTGTTG-1	4
white.day1_GGAGCAACATGCCTTC-1	5
white.day1_GGAGCAAGTCCCGACA-1	7
white.day1_GGATGTTAGTAGGCCA-1	7
white.day1_GGATGTTAGTTTCCTT-1	6
white.day1_GGATGTTCATGTTGAC-1	7
white.day1_GGATTACAGGGCATGT-1	5
white.day1_GGATTACCAGCTGTTA-1	4
white.day1_GGATTACTCGGCGGTT-1	4
white.day1_GGATTACTCGTCACGG-1	7
white.day1_GGCAATTCAGTATCTG-1	5
white.day1_GGCAATTGTAGTGAAT-1	5
white.day1_GGCAATTGTCTCACCT-1	5
white.day1_GGCAATTGTGCTGTAT-1	5
white.day1_GGCAATTTCCACTCCA-1	6
white.day1_GGCAATTTCGCAAACT-1	4
white.day1_GGCCGATCAAGGACAC-1	4
white.day1_GGCCGATTCGTAGGTT-1	6
white.day1_GGCGACTAGATGTGGC-1	6
white.day1_GGCGACTCAATGTAAG-1	5
white.day1_GGCGACTGTAGGACAC-1	6
white.day1_GGCGACTTCGAGCCCA-1	5
white.day1_GGCGACTTCGCCTGTT-1	7
white.day1_GGCGTGTGTTGCGCAC-1	5
white.day1_GGCGTGTTCGGGAGTA-1	3
white.day1_GGCGTGTTCTTGACGA-1	6
white.day1_GGCTCGAAGTCCGGTC-1	5
white.day1_GGCTCGAGTGAGTATA-1	5
white.day1_GGCTCGAGTTTACTCT-1	4
white.day1_GGCTGGTAGAGTAAGG-1	5
white.day1_GGCTGGTAGGTAGCCA-1	7
white.day1_GGCTGGTCAAAGCGGT-1	9
white.day1_GGCTGGTCAGGCGATA-1	7
white.day1_GGCTGGTCAGTACACT-1	4
white.day1_GGCTGGTGTATTCGTG-1	5
white.day1_GGCTGGTGTGCAGACA-1	5
white.day1_GGCTGGTGTTCGTCTC-1	6
white.day1_GGCTGGTTCGCCAAAT-1	7
white.day1_GGCTGGTTCTCGTTTA-1	6
white.day1_GGGAATGAGAAACGCC-1	3
white.day1_GGGAATGAGTTTAGGA-1	5
white.day1_GGGAATGCACACCGAC-1	5
white.day1_GGGAATGGTAAGTGTA-1	6
white.day1_GGGAATGTCATACGGT-1	3
white.day1_GGGAATGTCCTCGCAT-1	7
white.day1_GGGACCTAGGCAGGTT-1	6
white.day1_GGGACCTCAATCCAAC-1	6
white.day1_GGGACCTCAGATTGCT-1	5
white.day1_GGGACCTTCCATGAAC-1	7
white.day1_GGGAGATCATTGCGGC-1	3
white.day1_GGGAGATGTAGCCTAT-1	6
white.day1_GGGAGATGTCATGCCG-1	9
white.day1_GGGAGATGTGCGGTAA-1	5
white.day1_GGGAGATGTTGAGTTC-1	4
white.day1_GGGAGATTCACCGGGT-1	4
white.day1_GGGAGATTCTAGCACA-1	7
white.day1_GGGATGAAGAAGGCCT-1	6
white.day1_GGGATGAAGAGGTACC-1	5
white.day1_GGGATGAAGATACACA-1	7
white.day1_GGGATGAAGTTTAGGA-1	1
white.day1_GGGATGACAGACGCCT-1	6
white.day1_GGGATGATCGTTGACA-1	5
white.day1_GGGATGATCTGCCAGG-1	4
white.day1_GGGCACTAGCCGCCTA-1	4
white.day1_GGGCACTCACGCGAAA-1	7
white.day1_GGGCACTGTTCATGGT-1	7
white.day1_GGGCATCAGCGTGTCC-1	5
white.day1_GGGCATCCAGGTCTCG-1	4
white.day1_GGGCATCCATCCGCGA-1	4
white.day1_GGGCATCTCACGACTA-1	5
white.day1_GGGCATCTCTATCCCG-1	5
white.day1_GGGTCTGAGCCGATTT-1	3
white.day1_GGGTCTGAGCGTGTCC-1	6
white.day1_GGGTCTGGTGCACGAA-1	6
white.day1_GGGTCTGGTTAAGGGC-1	6
white.day1_GGGTCTGTCTAACGGT-1	5
white.day1_GGGTCTGTCTTCAACT-1	4
white.day1_GGGTTGCCACAAGACG-1	5
white.day1_GGGTTGCGTTGATTGC-1	6
white.day1_GGGTTGCTCACCCTCA-1	5
white.day1_GGGTTGCTCCACGTTC-1	7
white.day1_GGGTTGCTCTTGTTTG-1	5
white.day1_GGTATTGAGAAGGCCT-1	6
white.day1_GGTATTGAGGACTGGT-1	5
white.day1_GGTATTGCACCGTTGG-1	9
white.day1_GGTATTGGTTGCGTTA-1	4
white.day1_GGTATTGTCACGCGGT-1	5
white.day1_GGTATTGTCTTTAGGG-1	3
white.day1_GGTGAAGAGATCCCAT-1	4
white.day1_GGTGAAGAGCCACGCT-1	3
white.day1_GGTGAAGAGCGATGAC-1	8
white.day1_GGTGAAGAGGTTCCTA-1	5
white.day1_GGTGAAGCAGGGTATG-1	6
white.day1_GGTGAAGTCCTCGCAT-1	5
white.day1_GGTGAAGTCTTATCTG-1	6
white.day1_GGTGCGTAGTTAAGTG-1	5
white.day1_GGTGCGTCAAGAGGCT-1	6
white.day1_GGTGCGTCACAGACTT-1	7
white.day1_GGTGCGTGTTCCCTTG-1	7
white.day1_GGTGCGTTCAATAAGG-1	5
white.day1_GGTGCGTTCTCTGTCG-1	4
white.day1_GGTGTTAAGTGGTAGC-1	5
white.day1_GGTGTTAGTACCTACA-1	1
white.day1_GGTGTTAGTCGCGTGT-1	4
white.day1_GGTGTTAGTGACTCAT-1	5
white.day1_GGTGTTATCCATTCTA-1	1
white.day1_GGTGTTATCCGAATGT-1	3
white.day1_GTAACGTCAGACAAAT-1	6
white.day1_GTAACGTTCGACCAGC-1	7
white.day1_GTAACTGCACCATCCT-1	5
white.day1_GTAACTGGTCCCTTGT-1	5
white.day1_GTAACTGGTCTTCGTC-1	5
white.day1_GTAACTGGTTACGGAG-1	7
white.day1_GTACGTAAGCGAAGGG-1	6
white.day1_GTACGTAGTGAACCTT-1	6
white.day1_GTACGTAGTTATTCTC-1	6
white.day1_GTACGTATCAGGCCCA-1	4
white.day1_GTACGTATCTGGCGTG-1	5
white.day1_GTACTCCAGATCCTGT-1	5
white.day1_GTACTCCAGCCAGTTT-1	3
white.day1_GTACTCCGTATGAAAC-1	5
white.day1_GTACTCCTCTCAAGTG-1	7
white.day1_GTACTTTGTTATTCTC-1	4
white.day1_GTACTTTTCAGCATGT-1	5
white.day1_GTAGGCCAGCTTATCG-1	1
white.day1_GTAGGCCAGGCCCGTT-1	7
white.day1_GTAGGCCCAGTCCTTC-1	7
white.day1_GTAGGCCGTGAGTATA-1	6
white.day1_GTAGTCAAGTGTCCCG-1	5
white.day1_GTAGTCACACCCATGG-1	5
white.day1_GTAGTCAGTCAATACC-1	3
white.day1_GTATCTTAGATACACA-1	5
white.day1_GTATCTTCACTGTCGG-1	5
white.day1_GTATCTTCATTGCGGC-1	6
white.day1_GTATCTTTCCAATGGT-1	5
white.day1_GTATTCTCATTCTCAT-1	5
white.day1_GTATTCTTCAGAAATG-1	6
white.day1_GTATTCTTCTTGTATC-1	6
white.day1_GTCAAGTAGCGTAATA-1	8
white.day1_GTCAAGTAGTAGCGGT-1	5
white.day1_GTCAAGTCAATGAATG-1	4
white.day1_GTCACAAAGACCCACC-1	3
white.day1_GTCACAACACATGGGA-1	4
white.day1_GTCACAACAGTTAACC-1	4
white.day1_GTCACAACATCATCCC-1	4
white.day1_GTCACAAGTGTGAATA-1	3
white.day1_GTCACAAGTTACGCGC-1	3
white.day1_GTCACAATCTCGTATT-1	3
white.day1_GTCACGGAGGTTCCTA-1	7
white.day1_GTCACGGCATGCAACT-1	7
white.day1_GTCACGGGTAAGTTCC-1	6
white.day1_GTCACGGGTCTGCGGT-1	7
white.day1_GTCACGGTCAACACAC-1	5
white.day1_GTCACGGTCACTATTC-1	6
white.day1_GTCACGGTCATAGCAC-1	5
white.day1_GTCACGGTCGGATGTT-1	1
white.day1_GTCACGGTCGTCCAGG-1	3
white.day1_GTCATTTAGTACGTAA-1	3
white.day1_GTCATTTGTCGGATCC-1	7
white.day1_GTCATTTTCTATGTGG-1	4
white.day1_GTCCTCAGTTGCCTCT-1	5
white.day1_GTCCTCATCATTCACT-1	4
white.day1_GTCGGGTCACTAAGTC-1	3
white.day1_GTCGGGTGTACTTAGC-1	6
white.day1_GTCGGGTTCCAAACTG-1	5
white.day1_GTCGTAACACTGTTAG-1	3
white.day1_GTCGTAACAGCCTTTC-1	4
white.day1_GTCGTAAGTAATAGCA-1	6
white.day1_GTCGTAAGTGTGGCTC-1	5
white.day1_GTCTCGTAGGGTTTCT-1	3
white.day1_GTCTCGTAGTACATGA-1	4
white.day1_GTCTCGTAGTACCGGA-1	6
white.day1_GTCTCGTCAGTGAGTG-1	4
white.day1_GTCTCGTCATCACGAT-1	4
white.day1_GTCTCGTGTCTTCAAG-1	3
white.day1_GTCTCGTTCAAGGCTT-1	5
white.day1_GTCTCGTTCAGGTAAA-1	8
white.day1_GTCTTCGAGGTGATTA-1	5
white.day1_GTCTTCGAGGTGCACA-1	7
white.day1_GTCTTCGCACTGTGTA-1	7
white.day1_GTCTTCGCAGCCTATA-1	6
white.day1_GTCTTCGGTCACTTCC-1	5
white.day1_GTCTTCGTCAAAGTAG-1	8
white.day1_GTGAAGGAGGCTCTTA-1	5
white.day1_GTGAAGGCAATCACAC-1	4
white.day1_GTGAAGGCATACGCCG-1	7
white.day1_GTGAAGGGTACCGCTG-1	5
white.day1_GTGAAGGGTACTCAAC-1	6
white.day1_GTGAAGGTCAGTACGT-1	5
white.day1_GTGAAGGTCGGATGGA-1	8
white.day1_GTGCAGCAGATCTGCT-1	7
white.day1_GTGCAGCCATGCGCAC-1	3
white.day1_GTGCAGCGTAAACACA-1	7
white.day1_GTGCAGCGTACTCTCC-1	5
white.day1_GTGCAGCGTCTCCCTA-1	6
white.day1_GTGCAGCGTGGTTTCA-1	5
white.day1_GTGCAGCGTTACGCGC-1	6
white.day1_GTGCAGCTCCATGAGT-1	7
white.day1_GTGCATACAGCTATTG-1	4
white.day1_GTGCATACATATGAGA-1	7
white.day1_GTGCATATCGTCGTTC-1	5
white.day1_GTGCATATCTGCCAGG-1	3
white.day1_GTGCGGTAGAACAATC-1	6
white.day1_GTGCGGTCAAGTCATC-1	7
white.day1_GTGCGGTGTCAATACC-1	8
white.day1_GTGCGGTTCCAAGTAC-1	3
white.day1_GTGCTTCCACAGACTT-1	4
white.day1_GTGCTTCCAGTACACT-1	7
white.day1_GTGCTTCTCAGCGATT-1	6
white.day1_GTGCTTCTCAGGCCCA-1	5
white.day1_GTGTGCGAGACCTAGG-1	6
white.day1_GTGTGCGAGTACGTAA-1	3
white.day1_GTGTGCGCATCCCATC-1	6
white.day1_GTGTGCGCATGGTAGG-1	8
white.day1_GTGTGCGGTAGGAGTC-1	5
white.day1_GTGTGCGTCTCCCTGA-1	6
white.day1_GTGTTAGAGTAGCCGA-1	5
white.day1_GTGTTAGCACACTGCG-1	5
white.day1_GTGTTAGGTACAAGTA-1	5
white.day1_GTGTTAGTCAAACCAC-1	5
white.day1_GTGTTAGTCACGCATA-1	7
white.day1_GTTAAGCCACAGAGGT-1	1
white.day1_GTTAAGCCACGAAGCA-1	5
white.day1_GTTAAGCGTCGATTGT-1	5
white.day1_GTTAAGCGTGTTTGGT-1	4
white.day1_GTTAAGCTCCACGCAG-1	7
white.day1_GTTAAGCTCCATGAGT-1	6
white.day1_GTTACAGCAAAGTGCG-1	7
white.day1_GTTACAGCAGGGAGAG-1	1
white.day1_GTTACAGGTGTTGGGA-1	6
white.day1_GTTACAGGTTCAGGCC-1	4
white.day1_GTTACAGGTTCATGGT-1	5
white.day1_GTTACAGTCTGTCTCG-1	4
white.day1_GTTCATTCAGCATGAG-1	4
white.day1_GTTCATTCAGTTCATG-1	4
white.day1_GTTCATTCATCTGGTA-1	6
white.day1_GTTCATTGTGTGACGA-1	5
white.day1_GTTCGGGAGAGCTGCA-1	7
white.day1_GTTCGGGAGCTACCGC-1	6
white.day1_GTTCGGGCACATAACC-1	7
white.day1_GTTCTCGAGCTACCTA-1	6
white.day1_GTTCTCGAGTCCGGTC-1	5
white.day1_GTTCTCGCACGGTGTC-1	6
white.day1_GTTCTCGCATACCATG-1	6
white.day1_GTTCTCGTCTTACCTA-1	6
white.day1_GTTTCTAAGAGGGATA-1	7
white.day1_GTTTCTACACATGGGA-1	7
white.day1_GTTTCTAGTTGGACCC-1	5
white.day1_TAAACCGAGAGGGATA-1	7
white.day1_TAAACCGCAAACTGCT-1	5
white.day1_TAAACCGCATATACCG-1	5
white.day1_TAAACCGGTAGAGTGC-1	3
white.day1_TAAACCGTCGGGAGTA-1	4
white.day1_TAAGAGAAGAAGGACA-1	5
white.day1_TAAGAGACACAGACTT-1	4
white.day1_TAAGAGAGTCCGACGT-1	4
white.day1_TAAGAGAGTCTTGATG-1	6
white.day1_TAAGAGAGTGGTTTCA-1	6
white.day1_TAAGCGTCAAAGGCGT-1	6
white.day1_TAAGCGTGTACTTCTT-1	6
white.day1_TAAGCGTTCCCAACGG-1	3
white.day1_TAAGTGCAGCTCCTCT-1	5
white.day1_TAAGTGCAGTGGTCCC-1	6
white.day1_TAAGTGCCACAGCGTC-1	7
white.day1_TAAGTGCCACGGCGTT-1	6
white.day1_TAAGTGCCATAGTAAG-1	5
white.day1_TAAGTGCGTTGTACAC-1	7
white.day1_TAAGTGCTCGCAGGCT-1	3
white.day1_TACACGACAAGACGTG-1	4
white.day1_TACAGTGAGCTCCTTC-1	8
white.day1_TACAGTGAGGGAACGG-1	5
white.day1_TACAGTGCAAGCTGTT-1	4
white.day1_TACAGTGCAATGGTCT-1	8
white.day1_TACAGTGGTATAAACG-1	5
white.day1_TACAGTGGTGTAACGG-1	4
white.day1_TACCTATCAAACCCAT-1	9
white.day1_TACCTATCAAGAGTCG-1	7
white.day1_TACCTATCACAACGTT-1	5
white.day1_TACCTATCATCGGGTC-1	4
white.day1_TACCTTAAGGCTACGA-1	1
white.day1_TACCTTACACCTATCC-1	4
white.day1_TACCTTAGTTGGGACA-1	5
white.day1_TACCTTATCTCGAGTA-1	5
white.day1_TACGGATAGTCCGTAT-1	4
white.day1_TACGGATCAATGGACG-1	5
white.day1_TACGGGCAGCGTAGTG-1	7
white.day1_TACGGGCCAGGTGGAT-1	4
white.day1_TACGGGCCATGGATGG-1	6
white.day1_TACGGGCGTAGCCTCG-1	8
white.day1_TACGGGCGTTAAAGTG-1	4
white.day1_TACGGGCTCTCCTATA-1	7
white.day1_TACGGTAAGTAACCCT-1	3
white.day1_TACGGTAGTCAAAGCG-1	6
white.day1_TACGGTAGTCATCGGC-1	6
white.day1_TACGGTATCTGCTGTC-1	5
white.day1_TACGGTATCTTACCTA-1	6
white.day1_TACTCATAGCGTGTCC-1	7
white.day1_TACTCATCATACTACG-1	3
white.day1_TACTCATGTCAAAGAT-1	4
white.day1_TACTCATGTCGCGGTT-1	7
white.day1_TACTCATTCCCTGACT-1	5
white.day1_TACTCATTCGGACAAG-1	4
white.day1_TACTCGCAGCTATGCT-1	7
white.day1_TACTCGCAGCTCCTTC-1	4
white.day1_TACTCGCAGTCCTCCT-1	5
white.day1_TACTCGCCAAGTCTGT-1	7
white.day1_TACTCGCCACATCTTT-1	5
white.day1_TACTCGCCAGCATACT-1	6
white.day1_TACTCGCGTATGGTTC-1	5
white.day1_TACTCGCGTTCCGTCT-1	5
white.day1_TACTCGCGTTGCTCCT-1	6
white.day1_TACTTACAGAGCTGGT-1	5
white.day1_TACTTACAGCTAACAA-1	5
white.day1_TACTTACAGTGACATA-1	4
white.day1_TACTTACCACGGCGTT-1	6
white.day1_TACTTACGTCTTCAAG-1	5
white.day1_TACTTACGTTCGCTAA-1	6
white.day1_TACTTGTAGCTTCGCG-1	4
white.day1_TACTTGTAGGCTACGA-1	6
white.day1_TACTTGTAGTATTGGA-1	5
white.day1_TACTTGTCAAACCTAC-1	7
white.day1_TACTTGTCAAGTTGTC-1	4
white.day1_TACTTGTGTCTAGAGG-1	3
white.day1_TACTTGTTCTCGCTTG-1	7
white.day1_TACTTGTTCTGATACG-1	7
white.day1_TAGACCAAGGATCGCA-1	8
white.day1_TAGACCACAAGAGGCT-1	1
white.day1_TAGACCACAGATCGGA-1	7
white.day1_TAGACCACATACTCTT-1	7
white.day1_TAGAGCTAGTAGCCGA-1	5
white.day1_TAGAGCTCAGACACTT-1	1
white.day1_TAGAGCTCATATACGC-1	9
white.day1_TAGAGCTGTCAGTGGA-1	5
white.day1_TAGAGCTGTTCTGGTA-1	4
white.day1_TAGAGCTTCAGCAACT-1	1
white.day1_TAGAGCTTCTGGTGTA-1	5
white.day1_TAGCCGGGTACATCCA-1	5
white.day1_TAGGCATAGCCCAACC-1	5
white.day1_TAGTGGTAGTAAGTAC-1	5
white.day1_TAGTGGTGTGAGTATA-1	6
white.day1_TAGTGGTTCAGTGTTG-1	5
white.day1_TAGTTGGAGGTGCTTT-1	5
white.day1_TAGTTGGAGTAGCGGT-1	1
white.day1_TAGTTGGCAATCTGCA-1	6
white.day1_TAGTTGGCACCAGCAC-1	5
white.day1_TAGTTGGCAGCATACT-1	5
white.day1_TAGTTGGTCGCCAAAT-1	5
white.day1_TAGTTGGTCGGATGTT-1	5
white.day1_TATCAGGAGGTACTCT-1	6
white.day1_TATCAGGAGTCGAGTG-1	3
white.day1_TATCAGGCACGTTGGC-1	5
white.day1_TATCAGGTCCATGAAC-1	3
white.day1_TATCTCACACGCGAAA-1	6
white.day1_TATCTCACAGCCAATT-1	6
white.day1_TATGCCCAGACTAGAT-1	5
white.day1_TATGCCCAGAGCAATT-1	7
white.day1_TATGCCCAGATGTTAG-1	7
white.day1_TATGCCCAGCGCTTAT-1	7
white.day1_TATGCCCCAAACGTGG-1	6
white.day1_TATGCCCCAGCTATTG-1	5
white.day1_TATGCCCGTGACGCCT-1	4
white.day1_TATGCCCTCTGCTGTC-1	4
white.day1_TATTACCAGGATTCGG-1	4
white.day1_TATTACCAGTATCGAA-1	5
white.day1_TATTACCCACATAACC-1	7
white.day1_TATTACCCATGTAAGA-1	6
white.day1_TATTACCGTACCTACA-1	5
white.day1_TATTACCGTGAAATCA-1	4
white.day1_TATTACCTCGATCCCT-1	5
white.day1_TCAACGAAGAGTACAT-1	6
white.day1_TCAACGACAGCGTCCA-1	5
white.day1_TCAACGAGTTATGCGT-1	5
white.day1_TCAACGATCAATAAGG-1	7
white.day1_TCAACGATCAATCTCT-1	8
white.day1_TCAACGATCAGTTCGA-1	6
white.day1_TCAACGATCTAAGCCA-1	6
white.day1_TCAATCTAGTAGTGCG-1	8
white.day1_TCAATCTCAAGGTGTG-1	5
white.day1_TCAATCTGTCCGAAGA-1	3
white.day1_TCAATCTGTGGCCCTA-1	5
white.day1_TCAATCTGTTCGTCTC-1	7
white.day1_TCACAAGGTGCGCTTG-1	7
white.day1_TCACAAGTCCGCGCAA-1	6
white.day1_TCACGAAAGGCAGGTT-1	7
white.day1_TCACGAAGTGCTCTTC-1	3
white.day1_TCACGAAGTTACCAGT-1	7
white.day1_TCACGAATCCGCAGTG-1	5
white.day1_TCACGAATCGTTACAG-1	5
white.day1_TCAGATGCAAGCTGAG-1	1
white.day1_TCAGATGCAATCCGAT-1	3
white.day1_TCAGATGGTAGGACAC-1	6
white.day1_TCAGATGGTATCGCAT-1	5
white.day1_TCAGATGGTCCAGTAT-1	6
white.day1_TCAGATGTCACGGTTA-1	5
white.day1_TCAGCAAAGAAGGGTA-1	4
white.day1_TCAGCAAAGGCAATTA-1	5
white.day1_TCAGCAAAGTCTTGCA-1	3
white.day1_TCAGCAACAACACCTA-1	8
white.day1_TCAGCAACACGGATAG-1	5
white.day1_TCAGCAAGTCCGTTAA-1	3
white.day1_TCAGCAATCAGCAACT-1	5
white.day1_TCAGCTCCAGGATTGG-1	7
white.day1_TCAGCTCCAGTCGTGC-1	5
white.day1_TCAGCTCCATTCCTCG-1	5
white.day1_TCAGCTCGTACCAGTT-1	6
white.day1_TCAGCTCGTGGGTATG-1	5
white.day1_TCAGCTCGTTCAGCGC-1	6
white.day1_TCAGCTCTCCCAAGAT-1	7
white.day1_TCAGCTCTCTTACCTA-1	3
white.day1_TCAGGATAGCTCCTTC-1	5
white.day1_TCAGGATCATATGCTG-1	3
white.day1_TCAGGATCATCGGGTC-1	6
white.day1_TCAGGATGTCTAAAGA-1	5
white.day1_TCAGGATGTTCGGCAC-1	6
white.day1_TCAGGATTCCGCAGTG-1	6
white.day1_TCAGGTAAGCAGCCTC-1	7
white.day1_TCAGGTACAGGTCGTC-1	4
white.day1_TCAGGTAGTCGGGTCT-1	4
white.day1_TCAGGTATCAAGGCTT-1	6
white.day1_TCAGGTATCGGACAAG-1	7
white.day1_TCAGGTATCGGCTTGG-1	6
white.day1_TCAGGTATCTATGTGG-1	5
white.day1_TCATTACAGAGCTGGT-1	4
white.day1_TCATTACAGAGGACGG-1	3
white.day1_TCATTACAGCCAGTTT-1	5
white.day1_TCATTACAGGCAATTA-1	7
white.day1_TCATTACCACGTCTCT-1	5
white.day1_TCATTACCATGACATC-1	5
white.day1_TCATTACTCAGGCCCA-1	5
white.day1_TCATTACTCTCCGGTT-1	7
white.day1_TCATTACTCTTAACCT-1	4
white.day1_TCATTTGAGCGCTTAT-1	4
white.day1_TCATTTGCAAGGACTG-1	6
white.day1_TCATTTGCAAGTTGTC-1	6
white.day1_TCATTTGCATGCATGT-1	5
white.day1_TCATTTGGTACCCAAT-1	5
white.day1_TCATTTGGTCTAGTGT-1	3
white.day1_TCATTTGTCACCTCGT-1	4
white.day1_TCCACACAGGATTCGG-1	9
white.day1_TCCACACCAGCGTTCG-1	5
white.day1_TCCACACGTGGTGTAG-1	5
white.day1_TCCACACTCATTTGGG-1	5
white.day1_TCCCGATAGCCACGTC-1	7
white.day1_TCCCGATAGTATTGGA-1	5
white.day1_TCCCGATCAAGAAGAG-1	5
white.day1_TCCCGATCATGCCTTC-1	4
white.day1_TCCCGATCATGTAAGA-1	8
white.day1_TCGAGGCAGCTGCCCA-1	5
white.day1_TCGAGGCCACCAGGTC-1	3
white.day1_TCGAGGCCAGCATACT-1	6
white.day1_TCGAGGCGTAGATTAG-1	6
white.day1_TCGAGGCTCAACTCTT-1	5
white.day1_TCGCGAGAGATGTTAG-1	5
white.day1_TCGCGAGAGGTAGCCA-1	3
white.day1_TCGCGAGCACATCCAA-1	7
white.day1_TCGCGAGCATGATCCA-1	6
white.day1_TCGCGAGGTAATTGGA-1	7
white.day1_TCGCGAGGTGATAAAC-1	4
white.day1_TCGCGAGGTTCCGTCT-1	5
white.day1_TCGCGTTCACGGATAG-1	5
white.day1_TCGCGTTCAGCCAATT-1	1
white.day1_TCGCGTTGTCTGGAGA-1	1
white.day1_TCGCGTTTCCGTTGTC-1	6
white.day1_TCGGGACAGTCCTCCT-1	5
white.day1_TCGGGACCATTATCTC-1	3
white.day1_TCGGGACGTCGTGGCT-1	7
white.day1_TCGGGACTCCCAACGG-1	5
white.day1_TCGGGACTCCCTTGCA-1	6
white.day1_TCGGTAACAAGCCATT-1	5
white.day1_TCGGTAAGTCTCTCTG-1	5
white.day1_TCGGTAAGTGCATCTA-1	1
white.day1_TCGGTAAGTTAGTGGG-1	6
white.day1_TCGGTAAGTTTGTTTC-1	5
white.day1_TCGGTAATCTAAGCCA-1	6
white.day1_TCGGTAATCTTGACGA-1	6
white.day1_TCGTACCCATTAACCG-1	5
white.day1_TCGTACCTCACCCGAG-1	3
white.day1_TCGTACCTCCTGCCAT-1	6
white.day1_TCGTACCTCGCGTAGC-1	6
white.day1_TCGTAGAAGACAGAGA-1	6
white.day1_TCGTAGAAGACCACGA-1	5
white.day1_TCGTAGAGTAGGACAC-1	4
white.day1_TCTATTGCATTGCGGC-1	5
white.day1_TCTATTGGTGTGGTTT-1	6
white.day1_TCTATTGGTTTCGCTC-1	5
white.day1_TCTATTGTCCATGAGT-1	5
white.day1_TCTATTGTCTTGCAAG-1	5
white.day1_TCTCATAAGCTGTTCA-1	8
white.day1_TCTCATAAGGGCACTA-1	5
white.day1_TCTCATACAACGATCT-1	5
white.day1_TCTCATACACATCCGG-1	5
white.day1_TCTCATAGTCACTGGC-1	3
white.day1_TCTCATATCACGAAGG-1	4
white.day1_TCTCTAAAGAGATGAG-1	3
white.day1_TCTCTAACATATGCTG-1	4
white.day1_TCTCTAACATGGGAAC-1	6
white.day1_TCTCTAAGTACTTCTT-1	5
white.day1_TCTCTAAGTGTCGCTG-1	4
white.day1_TCTGAGACAAAGAATC-1	6
white.day1_TCTGAGATCCCATTAT-1	5
white.day1_TCTGAGATCCGCGTTT-1	5
white.day1_TCTGAGATCCGGGTGT-1	7
white.day1_TCTGAGATCGCTGATA-1	6
white.day1_TCTGGAACAATGAAAC-1	5
white.day1_TCTGGAAGTGTCGCTG-1	3
white.day1_TCTTCGGAGGGAGTAA-1	5
white.day1_TCTTCGGAGGTTACCT-1	5
white.day1_TCTTCGGAGTAAGTAC-1	8
white.day1_TCTTCGGAGTTACCCA-1	5
white.day1_TCTTCGGCATCCGCGA-1	4
white.day1_TCTTCGGGTTACTGAC-1	8
white.day1_TCTTCGGTCACGGTTA-1	5
white.day1_TCTTCGGTCCGCGTTT-1	6
white.day1_TCTTCGGTCGGGAGTA-1	4
white.day1_TCTTTCCAGATGGCGT-1	4
white.day1_TCTTTCCCACTCTGTC-1	5
white.day1_TCTTTCCCAGATGGGT-1	7
white.day1_TCTTTCCCAGGGCATA-1	1
white.day1_TCTTTCCTCAAAGTAG-1	3
white.day1_TGAAAGAAGACATAAC-1	3
white.day1_TGAAAGACAAGACGTG-1	7
white.day1_TGAAAGACAAGTTCTG-1	4
white.day1_TGAAAGATCATGTAGC-1	6
white.day1_TGACAACAGATCCCAT-1	6
white.day1_TGACAACAGGCGATAC-1	4
white.day1_TGACAACAGGTGATTA-1	6
white.day1_TGACAACCAAGTCTAC-1	6
white.day1_TGACAACCAGCTGTGC-1	6
white.day1_TGACAACGTAGCAAAT-1	3
white.day1_TGACAACGTCCGACGT-1	5
white.day1_TGACAACTCACCTTAT-1	5
white.day1_TGACAACTCCGTAGGC-1	8
white.day1_TGACGGCAGCAACGGT-1	6
white.day1_TGACGGCGTCACTTCC-1	5
white.day1_TGACGGCGTGTGTGCC-1	4
white.day1_TGACTAGCAAGCCATT-1	5
white.day1_TGACTAGCAAGGCTCC-1	7
white.day1_TGACTAGGTCTGCCAG-1	7
white.day1_TGACTAGTCTTTAGTC-1	1
white.day1_TGACTAGTCTTTCCTC-1	7
white.day1_TGACTTTCACTGTCGG-1	7
white.day1_TGACTTTCATCCGCGA-1	5
white.day1_TGACTTTCATTGGGCC-1	8
white.day1_TGACTTTGTGCGCTTG-1	7
white.day1_TGAGAGGAGAATTGTG-1	7
white.day1_TGAGAGGTCACGACTA-1	3
white.day1_TGAGAGGTCAGTTCGA-1	5
white.day1_TGAGAGGTCCAACCAA-1	4
white.day1_TGAGAGGTCTCTGCTG-1	3
white.day1_TGAGCATAGGACATTA-1	7
white.day1_TGAGCATAGGAGCGAG-1	6
white.day1_TGAGCATCACAGTCGC-1	5
white.day1_TGAGCATCACCAGTTA-1	6
white.day1_TGAGCATGTCCTCCAT-1	4
white.day1_TGAGCATTCTAACGGT-1	4
white.day1_TGAGCCGAGGTGTGGT-1	7
white.day1_TGAGCCGAGTGGGATC-1	3
white.day1_TGAGCCGCAAACTGCT-1	5
white.day1_TGAGGGAAGTCTTGCA-1	9
white.day1_TGAGGGACAGATGGGT-1	4
white.day1_TGAGGGACATCGATGT-1	4
white.day1_TGAGGGAGTCCGCTGA-1	6
white.day1_TGAGGGAGTCTGATTG-1	5
white.day1_TGATTTCAGGACAGCT-1	5
white.day1_TGATTTCAGTCATGCT-1	5
white.day1_TGATTTCAGTCTTGCA-1	8
white.day1_TGATTTCGTCGACTGC-1	5
white.day1_TGATTTCGTGCGGTAA-1	3
white.day1_TGATTTCGTTCGGCAC-1	6
white.day1_TGCACCTAGCAGACTG-1	5
white.day1_TGCACCTAGGGATACC-1	5
white.day1_TGCACCTGTAACGCGA-1	6
white.day1_TGCACCTGTGACCAAG-1	5
white.day1_TGCACCTGTTACCGAT-1	7
white.day1_TGCACCTTCAAGATCC-1	6
white.day1_TGCACCTTCAGGCAAG-1	7
white.day1_TGCACCTTCGCCTGTT-1	5
white.day1_TGCACCTTCTAACCGA-1	5
white.day1_TGCACCTTCTTTACGT-1	3
white.day1_TGCCAAAAGAGCAATT-1	4
white.day1_TGCCAAAAGTCAAGGC-1	9
white.day1_TGCCAAACAGCCTGTG-1	6
white.day1_TGCCAAACATACTACG-1	5
white.day1_TGCCAAAGTTCCAACA-1	7
white.day1_TGCCAAATCATTTGGG-1	5
white.day1_TGCCAAATCCCGACTT-1	3
white.day1_TGCCCATAGACCACGA-1	7
white.day1_TGCCCATCAAATTGCC-1	6
white.day1_TGCCCATCACAGACAG-1	6
white.day1_TGCCCATGTAAGTAGT-1	3
white.day1_TGCCCATGTCACACGC-1	6
white.day1_TGCCCATGTCTGATCA-1	5
white.day1_TGCCCATGTGCAACGA-1	7
white.day1_TGCCCATTCGAACTGT-1	7
white.day1_TGCCCTACAATGGAAT-1	6
white.day1_TGCCCTAGTAAGTTCC-1	3
white.day1_TGCCCTATCACCGTAA-1	3
white.day1_TGCCCTATCGTATCAG-1	3
white.day1_TGCGCAGAGGGCTCTC-1	6
white.day1_TGCGCAGAGTATCTCG-1	5
white.day1_TGCGCAGCAAGTTAAG-1	7
white.day1_TGCGCAGCACAGACAG-1	6
white.day1_TGCGCAGCATGCCCGA-1	5
white.day1_TGCGCAGTCTCAAACG-1	6
white.day1_TGCGGGTAGTCCCACG-1	5
white.day1_TGCGGGTCAGATGGGT-1	5
white.day1_TGCGGGTCATGAGCGA-1	3
white.day1_TGCGGGTGTAAGTGTA-1	4
white.day1_TGCGGGTTCATCTGTT-1	3
white.day1_TGCGTGGCATCGGAAG-1	3
white.day1_TGCGTGGGTCAAAGCG-1	3
white.day1_TGCGTGGGTGCGATAG-1	5
white.day1_TGCGTGGTCCAGAGGA-1	6
white.day1_TGCTACCAGCGACGTA-1	8
white.day1_TGCTACCAGCGCCTTG-1	5
white.day1_TGCTACCCACCAGATT-1	4
white.day1_TGCTACCCACCCATTC-1	5
white.day1_TGCTACCCACGACTCG-1	5
white.day1_TGCTACCCAGTGAGTG-1	5
white.day1_TGCTACCCATCCAACA-1	4
white.day1_TGCTACCGTATTCTCT-1	6
white.day1_TGCTGCTAGCTGCGAA-1	3
white.day1_TGCTGCTGTCCGACGT-1	5
white.day1_TGCTGCTGTGCCTGTG-1	6
white.day1_TGCTGCTGTTGGTTTG-1	7
white.day1_TGCTGCTTCCATGAGT-1	4
white.day1_TGGACGCAGAGTACAT-1	6
white.day1_TGGACGCCATTTCACT-1	5
white.day1_TGGACGCGTATGGTTC-1	1
white.day1_TGGACGCTCAACCAAC-1	6
white.day1_TGGCCAGAGATATGGT-1	5
white.day1_TGGCCAGAGGCATTGG-1	6
white.day1_TGGCCAGAGTCATCCA-1	5
white.day1_TGGCCAGCATCCCACT-1	4
white.day1_TGGCCAGGTTAGTGGG-1	7
white.day1_TGGCCAGGTTGCTCCT-1	7
white.day1_TGGCCAGTCATGTCCC-1	4
white.day1_TGGCGCACAGCCTATA-1	5
white.day1_TGGCGCAGTTATCACG-1	5
white.day1_TGGCGCATCCCGACTT-1	5
white.day1_TGGCTGGAGTCCCACG-1	5
white.day1_TGGCTGGCAGCGTTCG-1	7
white.day1_TGGCTGGTCGGTCCGA-1	5
white.day1_TGGGAAGAGCAGCCTC-1	7
white.day1_TGGGAAGAGCAGCGTA-1	3
white.day1_TGGGAAGAGTGTTTGC-1	4
white.day1_TGGGAAGCACATTCGA-1	7
white.day1_TGGGAAGCAGTCTTCC-1	5
white.day1_TGGGAAGCATTCCTCG-1	4
white.day1_TGGGCGTAGCGTGAGT-1	7
white.day1_TGGGCGTAGGTAAACT-1	3
white.day1_TGGGCGTCAAAGAATC-1	6
white.day1_TGGGCGTCAATTCCTT-1	5
white.day1_TGGGCGTCATGAGCGA-1	5
white.day1_TGGGCGTCATGCGCAC-1	3
white.day1_TGGGCGTGTGGCTCCA-1	6
white.day1_TGGGCGTTCGGTCTAA-1	5
white.day1_TGGGCGTTCTCGGACG-1	7
white.day1_TGGTTAGAGAATGTGT-1	7
white.day1_TGGTTAGAGTGCAAGC-1	6
white.day1_TGGTTAGCAATGCCAT-1	4
white.day1_TGGTTAGCACCTCGGA-1	7
white.day1_TGGTTAGTCAGTACGT-1	7
white.day1_TGGTTAGTCGAATGCT-1	6
white.day1_TGGTTCCAGATGGCGT-1	5
white.day1_TGGTTCCAGTTGTAGA-1	4
white.day1_TGGTTCCTCACTCCTG-1	5
white.day1_TGGTTCCTCATCGGAT-1	1
white.day1_TGTATTCAGGGCTTGA-1	5
white.day1_TGTATTCCAATAGAGT-1	3
white.day1_TGTATTCCAGGATTGG-1	6
white.day1_TGTATTCTCACATAGC-1	7
white.day1_TGTCCCACAGTACACT-1	5
white.day1_TGTCCCATCAACGAAA-1	3
white.day1_TGTCCCATCGTCCGTT-1	7
white.day1_TGTGGTAAGCGTGTCC-1	5
white.day1_TGTGGTAGTCATTAGC-1	7
white.day1_TGTGGTAGTGCACTTA-1	5
white.day1_TGTGGTATCTCAAACG-1	6
white.day1_TGTGTTTAGGCACATG-1	3
white.day1_TGTGTTTGTGGAAAGA-1	5
white.day1_TGTGTTTGTTAAAGAC-1	5
white.day1_TGTGTTTTCGGATGGA-1	5
white.day1_TGTTCCGAGCTACCGC-1	1
white.day1_TGTTCCGCAAGTAGTA-1	7
white.day1_TGTTCCGCACTCAGGC-1	6
white.day1_TGTTCCGCATCTACGA-1	6
white.day1_TGTTCCGGTCGACTAT-1	6
white.day1_TGTTCCGTCAACACGT-1	5
white.day1_TTAACTCAGAGTACAT-1	5
white.day1_TTAACTCAGCTAGGCA-1	5
white.day1_TTAACTCCAATTCCTT-1	6
white.day1_TTAACTCGTGTTCGAT-1	6
white.day1_TTAACTCGTTTGTTGG-1	7
white.day1_TTAACTCTCTCAAGTG-1	6
white.day1_TTAGGACAGTCCGGTC-1	6
white.day1_TTAGGACCAGTCAGCC-1	5
white.day1_TTAGGACGTTCCACAA-1	5
white.day1_TTAGGACTCTAGAGTC-1	4
white.day1_TTAGGACTCTCAACTT-1	3
white.day1_TTAGGACTCTTGTACT-1	7
white.day1_TTAGGCAAGCTGTTCA-1	7
white.day1_TTAGGCAAGGCTAGAC-1	5
white.day1_TTAGGCAAGGTGATTA-1	4
white.day1_TTAGGCACAGACGTAG-1	5
white.day1_TTAGGCACATCGGGTC-1	6
white.day1_TTAGGCATCATGGTCA-1	4
white.day1_TTAGTTCAGCTTTGGT-1	8
white.day1_TTAGTTCAGTACTTGC-1	5
white.day1_TTAGTTCGTACTCTCC-1	5
white.day1_TTAGTTCGTTAGTGGG-1	7
white.day1_TTAGTTCGTTCCCTTG-1	6
white.day1_TTAGTTCGTTTCGCTC-1	5
white.day1_TTATGCTAGATGTAAC-1	9
white.day1_TTATGCTCACGGTAAG-1	8
white.day1_TTATGCTGTAGGACAC-1	5
white.day1_TTATGCTGTCAAAGCG-1	5
white.day1_TTATGCTGTGTAACGG-1	5
white.day1_TTCCCAGAGCTAAGAT-1	5
white.day1_TTCCCAGAGCTAGGCA-1	3
white.day1_TTCCCAGCACGAAAGC-1	5
white.day1_TTCCCAGGTCATACTG-1	5
white.day1_TTCCCAGGTTTCGCTC-1	6
white.day1_TTCGAAGAGATGCGAC-1	5
white.day1_TTCGAAGAGCATGGCA-1	4
white.day1_TTCGAAGAGTGTGAAT-1	7
white.day1_TTCGAAGCAATGGATA-1	6
white.day1_TTCGAAGCAGCCTGTG-1	6
white.day1_TTCGAAGGTCTCTCTG-1	9
white.day1_TTCGAAGGTTACAGAA-1	5
white.day1_TTCGAAGTCCGGGTGT-1	5
white.day1_TTCGGTCCAAGAAGAG-1	7
white.day1_TTCGGTCCAATCCGAT-1	7
white.day1_TTCGGTCTCATAGCAC-1	7
white.day1_TTCTACAAGGCTAGAC-1	5
white.day1_TTCTACAAGTATCTCG-1	7
white.day1_TTCTACAAGTTAGGTA-1	1
white.day1_TTCTACACAGTGACAG-1	6
white.day1_TTCTACACATGGGACA-1	5
white.day1_TTCTCAAAGATTACCC-1	5
white.day1_TTCTCAAAGCGATAGC-1	5
white.day1_TTCTCAAAGTGGTAAT-1	3
white.day1_TTCTCAACACGCCAGT-1	7
white.day1_TTCTCAACAGCTGCTG-1	4
white.day1_TTCTCAACATGGTCTA-1	6
white.day1_TTCTCAAGTCCGTCAG-1	8
white.day1_TTCTCAAGTGCACGAA-1	8
white.day1_TTCTCAATCTACTATC-1	4
white.day1_TTCTCCTCAAACGTGG-1	4
white.day1_TTCTCCTCATCCTAGA-1	5
white.day1_TTCTCCTGTTCACCTC-1	5
white.day1_TTCTCCTTCAGCAACT-1	7
white.day1_TTCTCCTTCGTGGTCG-1	3
white.day1_TTCTTAGAGAATGTTG-1	6
white.day1_TTCTTAGAGTACGTTC-1	5
white.day1_TTCTTAGCATTCTTAC-1	6
white.day1_TTCTTAGTCATCGATG-1	5
white.day1_TTCTTAGTCGCGGATC-1	5
white.day1_TTCTTAGTCGGAATCT-1	5
white.day1_TTGAACGAGCCGATTT-1	4
white.day1_TTGAACGAGCGAGAAA-1	6
white.day1_TTGAACGCACTGTTAG-1	6
white.day1_TTGAACGCATCACCCT-1	6
white.day1_TTGAACGGTGACGCCT-1	6
white.day1_TTGAACGTCGCGCCAA-1	5
white.day1_TTGAACGTCGGATGTT-1	6
white.day1_TTGACTTGTCGGATCC-1	4
white.day1_TTGACTTGTCTGGTCG-1	6
white.day1_TTGACTTTCAACCATG-1	6
white.day1_TTGACTTTCACCGTAA-1	4
white.day1_TTGACTTTCAGGCCCA-1	1
white.day1_TTGCCGTAGGATGGAA-1	6
white.day1_TTGCCGTCATGTCTCC-1	5
white.day1_TTGCCGTGTAAGGGAA-1	6
white.day1_TTGCCGTGTTTACTCT-1	6
white.day1_TTGCCGTTCATCGCTC-1	7
white.day1_TTGCCGTTCTTCATGT-1	5
white.day1_TTGCGTCAGTGCTGCC-1	5
white.day1_TTGCGTCAGTTTAGGA-1	7
white.day1_TTGCGTCTCCAGGGCT-1	6
white.day1_TTGCGTCTCGGCGCTA-1	7
white.day1_TTGCGTCTCTAACTGG-1	4
white.day1_TTGCGTCTCTCTTGAT-1	5
white.day1_TTGGAACGTACACCGC-1	5
white.day1_TTGGAACGTCTCTTTA-1	7
white.day1_TTGGCAAAGGCTAGCA-1	6
white.day1_TTGGCAACACCTATCC-1	9
white.day1_TTGGCAAGTAAGTTCC-1	6
white.day1_TTGGCAATCACTTATC-1	5
white.day1_TTGTAGGAGACAAAGG-1	3
white.day1_TTGTAGGAGCAGGTCA-1	5
white.day1_TTGTAGGAGTGTCCAT-1	5
white.day1_TTGTAGGCACTCTGTC-1	5
white.day1_TTGTAGGCAGGAACGT-1	8
white.day1_TTGTAGGTCTCGGACG-1	5
white.day1_TTGTAGGTCTTCCTTC-1	3
white.day1_TTTACTGAGACACGAC-1	3
white.day1_TTTACTGCACCAGTTA-1	4
white.day1_TTTACTGTCTATCCCG-1	5
white.day1_TTTATGCAGGTGCACA-1	1
white.day1_TTTATGCGTCATGCCG-1	5
white.day1_TTTATGCGTCTGATTG-1	5
white.day1_TTTCCTCCACAGGCCT-1	5
white.day1_TTTCCTCGTGACGGTA-1	4
white.day1_TTTCCTCTCAGGTAAA-1	4
white.day1_TTTCCTCTCGCCTGTT-1	7
white.day1_TTTCCTCTCGTGGACC-1	7
white.day1_TTTCCTCTCTGCGGCA-1	7
white.day1_TTTGCGCAGGATATAC-1	3
white.day1_TTTGCGCCAGGGAGAG-1	7
white.day1_TTTGCGCCATCCGTGG-1	4
white.day1_TTTGCGCGTCGCATCG-1	4
white.day1_TTTGCGCGTGGGTATG-1	4
white.day1_TTTGCGCTCCTGTACC-1	4
white.day1_TTTGGTTAGCTCCCAG-1	8
white.day1_TTTGGTTCAATGCCAT-1	5
white.day1_TTTGGTTGTAAAGGAG-1	5
white.day1_TTTGGTTGTCTGGAGA-1	4
white.day1_TTTGGTTTCTTACCGC-1	8
white.day1_TTTGTCAAGAAACGAG-1	3
white.day1_TTTGTCAGTAGGCTGA-1	5
white.day1_TTTGTCAGTCACTGGC-1	5
white.day1_TTTGTCATCAGTGCAT-1	5
white.day1_TTTGTCATCGTAGGAG-1	5
white.day3_AAACCTGAGAAAGTGG-1	12
white.day3_AAACCTGAGATCGATA-1	8
white.day3_AAACCTGAGCCAACAG-1	12
white.day3_AAACCTGAGTACGCCC-1	12
white.day3_AAACCTGCAAAGTCAA-1	11
white.day3_AAACCTGCAAGGACTG-1	11
white.day3_AAACCTGCAATCACAC-1	7
white.day3_AAACCTGGTAAGGGAA-1	12
white.day3_AAACCTGGTCGAACAG-1	11
white.day3_AAACCTGGTGTTGGGA-1	11
white.day3_AAACCTGTCAACACAC-1	8
white.day3_AAACCTGTCAACGGGA-1	8
white.day3_AAACCTGTCAGCAACT-1	9
white.day3_AAACCTGTCATCTGTT-1	10
white.day3_AAACCTGTCCAAAGTC-1	10
white.day3_AAACCTGTCGAATGGG-1	9
white.day3_AAACCTGTCTCCCTGA-1	9
white.day3_AAACCTGTCTGACCTC-1	10
white.day3_AAACCTGTCTTACCGC-1	10
white.day3_AAACGGGAGCAGCGTA-1	12
white.day3_AAACGGGAGCGCCTTG-1	9
white.day3_AAACGGGAGGCTCAGA-1	7
white.day3_AAACGGGAGTCCTCCT-1	10
white.day3_AAACGGGAGTCTCCTC-1	5
white.day3_AAACGGGCACCGTTGG-1	10
white.day3_AAACGGGCACCTGGTG-1	12
white.day3_AAACGGGCATAACCTG-1	11
white.day3_AAACGGGGTACCATCA-1	12
white.day3_AAACGGGGTCCTCCAT-1	11
white.day3_AAACGGGGTCTAAAGA-1	11
white.day3_AAACGGGTCCCAGGTG-1	8
white.day3_AAACGGGTCGAACGGA-1	9
white.day3_AAACGGGTCTCTGAGA-1	12
white.day3_AAACGGGTCTGTGCAA-1	6
white.day3_AAAGATGAGAATGTGT-1	12
white.day3_AAAGATGAGATCACGG-1	11
white.day3_AAAGATGAGCTGTCTA-1	8
white.day3_AAAGATGAGGACTGGT-1	10
white.day3_AAAGATGAGGTGCTAG-1	11
white.day3_AAAGATGAGTCCAGGA-1	9
white.day3_AAAGATGAGTTACCCA-1	1
white.day3_AAAGATGCAGCTCGAC-1	11
white.day3_AAAGATGCAGGAATCG-1	6
white.day3_AAAGATGCAGTCGATT-1	10
white.day3_AAAGATGCATAGTAAG-1	7
white.day3_AAAGATGGTTACTGAC-1	11
white.day3_AAAGATGGTTAGATGA-1	11
white.day3_AAAGATGGTTCCGGCA-1	8
white.day3_AAAGATGGTTCGTCTC-1	9
white.day3_AAAGATGTCCATGAGT-1	8
white.day3_AAAGCAAAGCCACTAT-1	9
white.day3_AAAGCAAAGCTGAACG-1	4
white.day3_AAAGCAAAGCTTCGCG-1	8
white.day3_AAAGCAAAGGGCTTGA-1	12
white.day3_AAAGCAAAGGGTGTTG-1	8
white.day3_AAAGCAAAGTACACCT-1	7
white.day3_AAAGCAAAGTACGTTC-1	12
white.day3_AAAGCAAAGTCGAGTG-1	12
white.day3_AAAGCAACAACCGCCA-1	12
white.day3_AAAGCAACAATGTAAG-1	8
white.day3_AAAGCAACAGATCCAT-1	11
white.day3_AAAGCAACAGCTGTGC-1	7
white.day3_AAAGCAACAGGGAGAG-1	11
white.day3_AAAGCAACATTTCAGG-1	5
white.day3_AAAGCAAGTAGCACGA-1	10
white.day3_AAAGCAAGTCTAAAGA-1	7
white.day3_AAAGCAAGTTCATGGT-1	9
white.day3_AAAGCAATCACGATGT-1	12
white.day3_AAAGCAATCATTCACT-1	12
white.day3_AAAGCAATCCGCTGTT-1	7
white.day3_AAAGCAATCGATGAGG-1	11
white.day3_AAAGCAATCGCATGAT-1	11
white.day3_AAAGCAATCTATGTGG-1	12
white.day3_AAAGCAATCTTGGGTA-1	12
white.day3_AAAGTAGAGAGGTACC-1	12
white.day3_AAAGTAGAGGAGTCTG-1	8
white.day3_AAAGTAGAGTAATCCC-1	10
white.day3_AAAGTAGAGTGGACGT-1	12
white.day3_AAAGTAGCAGACACTT-1	9
white.day3_AAAGTAGCATTATCTC-1	9
white.day3_AAAGTAGCATTTGCCC-1	10
white.day3_AAAGTAGGTACCGAGA-1	12
white.day3_AAAGTAGGTTAAGTAG-1	12
white.day3_AAAGTAGGTTAGGGTG-1	8
white.day3_AAAGTAGTCACCCTCA-1	10
white.day3_AAAGTAGTCATCACCC-1	10
white.day3_AAAGTAGTCCAGAGGA-1	10
white.day3_AAAGTAGTCCGAATGT-1	10
white.day3_AAAGTAGTCCTAAGTG-1	8
white.day3_AAAGTAGTCGATGAGG-1	12
white.day3_AAAGTAGTCGTCTGAA-1	7
white.day3_AAAGTAGTCGTTACGA-1	8
white.day3_AAATGCCAGAGTGACC-1	8
white.day3_AAATGCCAGCCAGTTT-1	11
white.day3_AAATGCCAGCGAGAAA-1	5
white.day3_AAATGCCAGCTGTTCA-1	10
white.day3_AAATGCCAGGCTAGGT-1	11
white.day3_AAATGCCAGGGATGGG-1	8
white.day3_AAATGCCAGGGTCGAT-1	10
white.day3_AAATGCCAGTCACGCC-1	11
white.day3_AAATGCCCAACAACCT-1	12
white.day3_AAATGCCCAAGTTCTG-1	12
white.day3_AAATGCCCAATGAATG-1	9
white.day3_AAATGCCCAGATTGCT-1	10
white.day3_AAATGCCCATTTGCTT-1	9
white.day3_AAATGCCGTAATCACC-1	12
white.day3_AAATGCCGTAGTAGTA-1	12
white.day3_AAATGCCGTCAAAGCG-1	7
white.day3_AAATGCCGTCGACTGC-1	10
white.day3_AAATGCCGTCTAGCGC-1	12
white.day3_AAATGCCGTCTTCGTC-1	12
white.day3_AAATGCCGTTAGAACA-1	7
white.day3_AAATGCCGTTCGGCAC-1	12
white.day3_AAATGCCGTTGTTTGG-1	12
white.day3_AAATGCCTCAAACCAC-1	3
white.day3_AAATGCCTCAAGGTAA-1	8
white.day3_AAATGCCTCCTGTACC-1	11
white.day3_AAATGCCTCGAATCCA-1	12
white.day3_AAATGCCTCGTGGACC-1	12
white.day3_AAATGCCTCTGGTGTA-1	8
white.day3_AAATGCCTCTGTTGAG-1	12
white.day3_AACACGTAGACTAGAT-1	10
white.day3_AACACGTAGAGGGATA-1	8
white.day3_AACACGTAGATAGCAT-1	6
white.day3_AACACGTAGCTGTTCA-1	10
white.day3_AACACGTAGGAATCGC-1	9
white.day3_AACACGTAGGTGACCA-1	10
white.day3_AACACGTCAAGGGTCA-1	9
white.day3_AACACGTCATCACGTA-1	8
white.day3_AACACGTGTGGGTCAA-1	12
white.day3_AACACGTGTTCCACTC-1	9
white.day3_AACACGTTCACTTCAT-1	8
white.day3_AACACGTTCAGGCAAG-1	1
white.day3_AACACGTTCCTATGTT-1	9
white.day3_AACACGTTCGATCCCT-1	11
white.day3_AACACGTTCGCGTTTC-1	12
white.day3_AACCATGAGAAAGTGG-1	9
white.day3_AACCATGAGAGGTAGA-1	12
white.day3_AACCATGAGCACCGCT-1	6
white.day3_AACCATGAGCTTCGCG-1	11
white.day3_AACCATGAGGCATTGG-1	12
white.day3_AACCATGAGGTAGCCA-1	12
white.day3_AACCATGAGGTGATAT-1	8
white.day3_AACCATGAGGTGCAAC-1	9
white.day3_AACCATGAGTAAGTAC-1	12
white.day3_AACCATGAGTTTGCGT-1	7
white.day3_AACCATGCAAACGCGA-1	10
white.day3_AACCATGCAAAGGAAG-1	8
white.day3_AACCATGCAACACCCG-1	8
white.day3_AACCATGCACCAGATT-1	12
white.day3_AACCATGCAGGGTTAG-1	11
white.day3_AACCATGCATATGCTG-1	12
white.day3_AACCATGGTCGAAAGC-1	8
white.day3_AACCATGGTGCTGTAT-1	11
white.day3_AACCATGGTTATTCTC-1	10
white.day3_AACCATGGTTTCCACC-1	9
white.day3_AACCATGTCAACGAAA-1	10
white.day3_AACCATGTCGGCATCG-1	10
white.day3_AACCATGTCTGTTGAG-1	7
white.day3_AACCATGTCTTCATGT-1	12
white.day3_AACCGCGAGACAAAGG-1	9
white.day3_AACCGCGAGCGTTGCC-1	12
white.day3_AACCGCGAGTCTCAAC-1	10
white.day3_AACCGCGAGTGTACTC-1	12
white.day3_AACCGCGAGTGTGGCA-1	10
white.day3_AACCGCGCAAGCGATG-1	12
white.day3_AACCGCGCACATTCGA-1	7
white.day3_AACCGCGCAGACGCAA-1	10
white.day3_AACCGCGCAGCGATCC-1	9
white.day3_AACCGCGCATCATCCC-1	11
white.day3_AACCGCGGTCAACATC-1	8
white.day3_AACCGCGGTCATACTG-1	10
white.day3_AACCGCGGTGAAAGAG-1	10
white.day3_AACCGCGGTGGCAAAC-1	8
white.day3_AACCGCGGTTCTGGTA-1	9
white.day3_AACCGCGTCTTAACCT-1	10
white.day3_AACGTTGAGCGACGTA-1	11
white.day3_AACGTTGAGCGCTCCA-1	11
white.day3_AACGTTGAGGACAGAA-1	8
white.day3_AACGTTGAGGCATGGT-1	11
white.day3_AACGTTGAGGTCATCT-1	9
white.day3_AACGTTGAGGTGGGTT-1	9
white.day3_AACGTTGAGTGCAAGC-1	12
white.day3_AACGTTGCAAAGGCGT-1	9
white.day3_AACGTTGCACCAGATT-1	12
white.day3_AACGTTGCAGCGAACA-1	9
white.day3_AACGTTGCAGCGTCCA-1	10
white.day3_AACGTTGCAGGGATTG-1	9
white.day3_AACGTTGCATACCATG-1	9
white.day3_AACGTTGCATCGGTTA-1	7
white.day3_AACGTTGGTGATGTGG-1	10
white.day3_AACGTTGGTGGCTCCA-1	12
white.day3_AACGTTGGTTAAAGTG-1	9
white.day3_AACGTTGTCAAGATCC-1	9
white.day3_AACGTTGTCCACGTGG-1	8
white.day3_AACGTTGTCTGATACG-1	5
white.day3_AACTCAGAGAAGGGTA-1	7
white.day3_AACTCAGAGCATGGCA-1	8
white.day3_AACTCAGAGCCACGCT-1	7
white.day3_AACTCAGAGGGCACTA-1	11
white.day3_AACTCAGAGGTGACCA-1	6
white.day3_AACTCAGAGTCCCACG-1	12
white.day3_AACTCAGAGTGCTGCC-1	12
white.day3_AACTCAGAGTGTCCCG-1	12
white.day3_AACTCAGCAACAACCT-1	8
white.day3_AACTCAGCAACACCTA-1	9
white.day3_AACTCAGCAAGTAATG-1	12
white.day3_AACTCAGCAATTCCTT-1	8
white.day3_AACTCAGCATGGTTGT-1	11
white.day3_AACTCAGGTAGGGACT-1	9
white.day3_AACTCAGGTATTACCG-1	11
white.day3_AACTCAGGTGGCCCTA-1	10
white.day3_AACTCAGGTTAAAGTG-1	10
white.day3_AACTCAGGTTCTGTTT-1	7
white.day3_AACTCAGGTTTGTTTC-1	12
white.day3_AACTCAGTCAACGAAA-1	8
white.day3_AACTCAGTCAAGAAGT-1	8
white.day3_AACTCAGTCAATAAGG-1	12
white.day3_AACTCAGTCCGCAGTG-1	6
white.day3_AACTCAGTCCGCATAA-1	8
white.day3_AACTCAGTCCGCGTTT-1	12
white.day3_AACTCAGTCCTAGTGA-1	12
white.day3_AACTCAGTCGGATGGA-1	12
white.day3_AACTCCCAGATCCCGC-1	10
white.day3_AACTCCCAGATGTTAG-1	12
white.day3_AACTCCCAGCAACGGT-1	9
white.day3_AACTCCCAGCGCTTAT-1	8
white.day3_AACTCCCAGTGTACCT-1	12
white.day3_AACTCCCAGTGTACTC-1	10
white.day3_AACTCCCAGTTGAGTA-1	12
white.day3_AACTCCCAGTTGTAGA-1	6
white.day3_AACTCCCCAACCGCCA-1	11
white.day3_AACTCCCCAGATCTGT-1	12
white.day3_AACTCCCCATCATCCC-1	8
white.day3_AACTCCCCATGCAACT-1	7
white.day3_AACTCCCGTAAGGATT-1	10
white.day3_AACTCCCGTACAGTGG-1	8
white.day3_AACTCCCGTCAGTGGA-1	10
white.day3_AACTCCCGTCCGACGT-1	10
white.day3_AACTCCCGTCTCATCC-1	11
white.day3_AACTCCCGTTCGTCTC-1	11
white.day3_AACTCCCGTTTGGGCC-1	8
white.day3_AACTCCCTCAACACCA-1	8
white.day3_AACTCCCTCATGTGGT-1	9
white.day3_AACTCCCTCGTTTATC-1	11
white.day3_AACTCCCTCTAACTTC-1	8
white.day3_AACTCCCTCTTCCTTC-1	9
white.day3_AACTCCCTCTTGCAAG-1	12
white.day3_AACTCTTAGCCCAGCT-1	9
white.day3_AACTCTTAGGCACATG-1	12
white.day3_AACTCTTAGGGTTCCC-1	12
white.day3_AACTCTTAGTTATCGC-1	7
white.day3_AACTCTTCAAGCCTAT-1	12
white.day3_AACTCTTCACGAAAGC-1	12
white.day3_AACTCTTCAGCGTAAG-1	8
white.day3_AACTCTTCAGCTCGCA-1	11
white.day3_AACTCTTCAGGGTATG-1	12
white.day3_AACTCTTCAGTGAGTG-1	8
white.day3_AACTCTTGTACTCTCC-1	6
white.day3_AACTCTTGTCGCATCG-1	12
white.day3_AACTCTTGTCTGCAAT-1	8
white.day3_AACTCTTGTTAAGAAC-1	3
white.day3_AACTCTTTCAAACCGT-1	9
white.day3_AACTCTTTCAACGGGA-1	8
white.day3_AACTCTTTCACCAGGC-1	11
white.day3_AACTCTTTCCACGTTC-1	12
white.day3_AACTCTTTCCGCGTTT-1	10
white.day3_AACTCTTTCGAATGCT-1	9
white.day3_AACTCTTTCGGATGGA-1	10
white.day3_AACTGGTAGACCGGAT-1	10
white.day3_AACTGGTAGACTAAGT-1	9
white.day3_AACTGGTAGACTTGAA-1	8
white.day3_AACTGGTAGAGCTATA-1	8
white.day3_AACTGGTAGAGTTGGC-1	11
white.day3_AACTGGTAGCTACCGC-1	8
white.day3_AACTGGTAGGACGAAA-1	6
white.day3_AACTGGTAGGCCATAG-1	9
white.day3_AACTGGTAGGCCCTTG-1	10
white.day3_AACTGGTAGTAGTGCG-1	10
white.day3_AACTGGTAGTCACGCC-1	10
white.day3_AACTGGTAGTTATCGC-1	8
white.day3_AACTGGTAGTTGAGAT-1	12
white.day3_AACTGGTCAACGCACC-1	11
white.day3_AACTGGTCAAGTTAAG-1	8
white.day3_AACTGGTCAAGTTCTG-1	12
white.day3_AACTGGTCAGGACCCT-1	8
white.day3_AACTGGTCATACTCTT-1	12
white.day3_AACTGGTCATCATCCC-1	12
white.day3_AACTGGTCATTTGCCC-1	12
white.day3_AACTGGTGTAAGGATT-1	12
white.day3_AACTGGTGTAAGTGTA-1	12
white.day3_AACTGGTGTAATCGTC-1	9
white.day3_AACTGGTGTACAGCAG-1	11
white.day3_AACTGGTGTAGCTGCC-1	6
white.day3_AACTGGTGTCGCGGTT-1	12
white.day3_AACTGGTGTTAAAGTG-1	12
white.day3_AACTGGTGTTATCACG-1	11
white.day3_AACTGGTGTTCTGAAC-1	12
white.day3_AACTGGTGTTGAACTC-1	7
white.day3_AACTGGTTCACCGGGT-1	7
white.day3_AACTGGTTCGAACTGT-1	11
white.day3_AACTGGTTCGCGCCAA-1	7
white.day3_AACTGGTTCGTTGACA-1	10
white.day3_AACTGGTTCTGTTGAG-1	12
white.day3_AACTTTCAGACACGAC-1	8
white.day3_AACTTTCAGACCTAGG-1	11
white.day3_AACTTTCAGAGCTGCA-1	12
white.day3_AACTTTCAGCGTGTCC-1	11
white.day3_AACTTTCCAAGTACCT-1	8
white.day3_AACTTTCCAATCGGTT-1	12
white.day3_AACTTTCCACCAGCAC-1	8
white.day3_AACTTTCCAGTGACAG-1	7
white.day3_AACTTTCCAGTTTACG-1	10
white.day3_AACTTTCCATCAGTAC-1	8
white.day3_AACTTTCGTCAAGCGA-1	12
white.day3_AACTTTCGTGACGGTA-1	8
white.day3_AACTTTCGTGTGACGA-1	9
white.day3_AACTTTCGTTAAGGGC-1	9
white.day3_AACTTTCGTTCCACTC-1	11
white.day3_AACTTTCTCAAGGTAA-1	12
white.day3_AACTTTCTCGTACGGC-1	10
white.day3_AACTTTCTCTCACATT-1	9
white.day3_AACTTTCTCTTCGGTC-1	11
white.day3_AAGACCTAGAGGGATA-1	9
white.day3_AAGACCTAGAGTCTGG-1	11
white.day3_AAGACCTAGATGAGAG-1	12
white.day3_AAGACCTAGATGTGGC-1	12
white.day3_AAGACCTAGCCAGTAG-1	12
white.day3_AAGACCTAGGACAGAA-1	7
white.day3_AAGACCTAGGCTATCT-1	10
white.day3_AAGACCTAGTACACCT-1	12
white.day3_AAGACCTAGTTGTAGA-1	9
white.day3_AAGACCTCAAAGCGGT-1	12
white.day3_AAGACCTCACTGTTAG-1	10
white.day3_AAGACCTCATCCTTGC-1	12
white.day3_AAGACCTCATCGATGT-1	10
white.day3_AAGACCTCATTGTGCA-1	8
white.day3_AAGACCTGTACAGTTC-1	12
white.day3_AAGACCTGTAGCTGCC-1	7
white.day3_AAGACCTGTATGCTTG-1	9
white.day3_AAGACCTGTATTACCG-1	12
white.day3_AAGACCTGTCGGATCC-1	12
white.day3_AAGACCTTCACCCGAG-1	8
white.day3_AAGACCTTCGCCTGTT-1	9
white.day3_AAGACCTTCTAACTCT-1	12
white.day3_AAGCCGCAGCGTGAGT-1	12
white.day3_AAGCCGCAGGATTCGG-1	11
white.day3_AAGCCGCAGGGAGTAA-1	11
white.day3_AAGCCGCAGGTGCACA-1	9
white.day3_AAGCCGCCAAATACAG-1	12
white.day3_AAGCCGCCAAATCCGT-1	7
white.day3_AAGCCGCCAAGCGCTC-1	7
white.day3_AAGCCGCCAAGTAATG-1	6
white.day3_AAGCCGCCACATGACT-1	12
white.day3_AAGCCGCCACGGTTTA-1	12
white.day3_AAGCCGCCAGAGCCAA-1	4
white.day3_AAGCCGCCAGGTCCAC-1	10
white.day3_AAGCCGCCAGTATAAG-1	11
white.day3_AAGCCGCCAGTTAACC-1	10
white.day3_AAGCCGCCATATGCTG-1	8
white.day3_AAGCCGCCATGTTCCC-1	8
white.day3_AAGCCGCCATGTTGAC-1	11
white.day3_AAGCCGCGTAACGCGA-1	8
white.day3_AAGCCGCGTCTTGCGG-1	12
white.day3_AAGCCGCGTGGTTTCA-1	10
white.day3_AAGCCGCTCAGCTCGG-1	12
white.day3_AAGCCGCTCATGTCTT-1	12
white.day3_AAGCCGCTCGCCCTTA-1	12
white.day3_AAGCCGCTCGTAGGTT-1	11
white.day3_AAGCCGCTCGTATCAG-1	11
white.day3_AAGCCGCTCTTAACCT-1	10
white.day3_AAGCCGCTCTTCAACT-1	12
white.day3_AAGGAGCAGATGAGAG-1	6
white.day3_AAGGAGCAGCCACGCT-1	8
white.day3_AAGGAGCAGCGACGTA-1	7
white.day3_AAGGAGCAGCGGCTTC-1	9
white.day3_AAGGAGCAGTAACCCT-1	8
white.day3_AAGGAGCAGTGTGGCA-1	12
white.day3_AAGGAGCAGTTATCGC-1	9
white.day3_AAGGAGCCACGAAACG-1	7
white.day3_AAGGAGCCACGAAAGC-1	11
white.day3_AAGGAGCCACGACTCG-1	5
white.day3_AAGGAGCCAGCCAGAA-1	8
white.day3_AAGGAGCCAGTCCTTC-1	12
white.day3_AAGGAGCCATAAAGGT-1	12
white.day3_AAGGAGCCATCGTCGG-1	10
white.day3_AAGGAGCCATCTCCCA-1	8
white.day3_AAGGAGCGTAAGCACG-1	6
white.day3_AAGGAGCGTAGAAGGA-1	8
white.day3_AAGGAGCGTAGGCTGA-1	8
white.day3_AAGGAGCGTGCAACTT-1	10
white.day3_AAGGAGCGTGCAGGTA-1	12
white.day3_AAGGAGCTCGGAAACG-1	12
white.day3_AAGGAGCTCGTCCAGG-1	7
white.day3_AAGGAGCTCTACCTGC-1	7
white.day3_AAGGAGCTCTCTGAGA-1	9
white.day3_AAGGAGCTCTGCTGCT-1	10
white.day3_AAGGAGCTCTGTTGAG-1	8
white.day3_AAGGCAGAGAAACCGC-1	8
white.day3_AAGGCAGAGATCTGAA-1	11
white.day3_AAGGCAGAGCTAACTC-1	7
white.day3_AAGGCAGAGGAGCGTT-1	8
white.day3_AAGGCAGAGTACACCT-1	12
white.day3_AAGGCAGAGTTAGCGG-1	10
white.day3_AAGGCAGCACAGGTTT-1	10
white.day3_AAGGCAGCATAAGACA-1	8
white.day3_AAGGCAGGTAAGTGTA-1	7
white.day3_AAGGCAGGTACAGCAG-1	12
white.day3_AAGGCAGGTGCCTGCA-1	10
white.day3_AAGGCAGGTGCTGTAT-1	12
white.day3_AAGGCAGGTTTGGCGC-1	12
white.day3_AAGGCAGTCCAAACAC-1	10
white.day3_AAGGCAGTCCTTGCCA-1	10
white.day3_AAGGCAGTCTCGCATC-1	12
white.day3_AAGGCAGTCTTGTCAT-1	7
white.day3_AAGGTTCAGGCAGGTT-1	12
white.day3_AAGGTTCAGGCATGTG-1	8
white.day3_AAGGTTCAGTACGCGA-1	12
white.day3_AAGGTTCAGTATTGGA-1	12
white.day3_AAGGTTCAGTGGCACA-1	11
white.day3_AAGGTTCAGTTCGATC-1	8
white.day3_AAGGTTCCAACGATGG-1	7
white.day3_AAGGTTCCAATAGCGG-1	3
white.day3_AAGGTTCCACACATGT-1	11
white.day3_AAGGTTCCACGCGAAA-1	11
white.day3_AAGGTTCCAGTGACAG-1	9
white.day3_AAGGTTCCATACCATG-1	12
white.day3_AAGGTTCCATGAACCT-1	12
white.day3_AAGGTTCCATTGCGGC-1	8
white.day3_AAGGTTCGTCCCTTGT-1	12
white.day3_AAGGTTCGTCGAATCT-1	12
white.day3_AAGGTTCGTTGGAGGT-1	8
white.day3_AAGGTTCTCAAACCAC-1	7
white.day3_AAGGTTCTCACTTACT-1	7
white.day3_AAGGTTCTCAGCACAT-1	7
white.day3_AAGGTTCTCAGTTTGG-1	7
white.day3_AAGGTTCTCCCTAACC-1	12
white.day3_AAGGTTCTCCGAGCCA-1	8
white.day3_AAGGTTCTCCGGCACA-1	9
white.day3_AAGGTTCTCTGGTATG-1	11
white.day3_AAGTCTGAGAAGGACA-1	12
white.day3_AAGTCTGAGACGCAAC-1	6
white.day3_AAGTCTGAGCAACGGT-1	12
white.day3_AAGTCTGAGGATGGAA-1	12
white.day3_AAGTCTGAGTAGGTGC-1	12
white.day3_AAGTCTGAGTGCTGCC-1	9
white.day3_AAGTCTGAGTTGAGTA-1	10
white.day3_AAGTCTGCAACTTGAC-1	12
white.day3_AAGTCTGCACAACGCC-1	8
white.day3_AAGTCTGCACAGACAG-1	7
white.day3_AAGTCTGCATCACCCT-1	9
white.day3_AAGTCTGGTCTAGAGG-1	10
white.day3_AAGTCTGGTTATGTGC-1	11
white.day3_AAGTCTGGTTCAGGCC-1	9
white.day3_AAGTCTGTCACAGGCC-1	10
white.day3_AAGTCTGTCATTGCGA-1	8
white.day3_AAGTCTGTCCACGCAG-1	7
white.day3_AAGTCTGTCTGGAGCC-1	10
white.day3_AATCCAGAGACTCGGA-1	9
white.day3_AATCCAGAGCAAATCA-1	12
white.day3_AATCCAGAGGATGCGT-1	12
white.day3_AATCCAGAGGCTATCT-1	12
white.day3_AATCCAGAGGGTGTGT-1	11
white.day3_AATCCAGAGGTGGGTT-1	12
white.day3_AATCCAGAGTATCGAA-1	12
white.day3_AATCCAGAGTGACTCT-1	11
white.day3_AATCCAGCACAGACTT-1	5
white.day3_AATCCAGCACGGACAA-1	11
white.day3_AATCCAGCAGTAGAGC-1	8
white.day3_AATCCAGCATTAGCCA-1	5
white.day3_AATCCAGGTAAGGGCT-1	12
white.day3_AATCCAGGTCACCCAG-1	12
white.day3_AATCCAGGTCGAACAG-1	12
white.day3_AATCCAGGTCTGATCA-1	12
white.day3_AATCCAGGTCTTCTCG-1	7
white.day3_AATCCAGTCAACTCTT-1	12
white.day3_AATCCAGTCAGCTTAG-1	11
white.day3_AATCCAGTCTGGTATG-1	5
white.day3_AATCGGTAGAAGATTC-1	12
white.day3_AATCGGTAGACTACAA-1	12
white.day3_AATCGGTAGCAGCGTA-1	12
white.day3_AATCGGTAGCCTCGTG-1	8
white.day3_AATCGGTAGGTGCACA-1	12
white.day3_AATCGGTAGTAGTGCG-1	12
white.day3_AATCGGTCAAGCGCTC-1	8
white.day3_AATCGGTCAAGTACCT-1	6
white.day3_AATCGGTCAATCGAAA-1	12
white.day3_AATCGGTCAATGGTCT-1	9
white.day3_AATCGGTCACATAACC-1	8
white.day3_AATCGGTCACTTGGAT-1	12
white.day3_AATCGGTCAGTCACTA-1	12
white.day3_AATCGGTCATCTATGG-1	7
white.day3_AATCGGTGTAAGAGGA-1	5
white.day3_AATCGGTGTCGAGATG-1	8
white.day3_AATCGGTGTGAGGGAG-1	8
white.day3_AATCGGTGTGATAAAC-1	8
white.day3_AATCGGTGTTATTCTC-1	10
white.day3_AATCGGTTCAAAGACA-1	10
white.day3_AATCGGTTCAACACTG-1	12
white.day3_AATCGGTTCAGCTCTC-1	12
white.day3_AATCGGTTCCCAAGAT-1	12
white.day3_AATCGGTTCCCGACTT-1	12
white.day3_AATCGGTTCGATAGAA-1	12
white.day3_ACACCAAAGAAACGAG-1	9
white.day3_ACACCAAAGAGTGAGA-1	8
white.day3_ACACCAAAGCCCAATT-1	8
white.day3_ACACCAAAGCGCCTCA-1	8
white.day3_ACACCAAAGCTACCTA-1	8
white.day3_ACACCAAAGGTCATCT-1	12
white.day3_ACACCAAAGTACACCT-1	11
white.day3_ACACCAAAGTATGACA-1	7
white.day3_ACACCAACAAAGGAAG-1	9
white.day3_ACACCAACAAGGCTCC-1	12
white.day3_ACACCAACACACCGAC-1	10
white.day3_ACACCAACATCAGTCA-1	7
white.day3_ACACCAACATGTCCTC-1	9
white.day3_ACACCAAGTAGATTAG-1	11
white.day3_ACACCAAGTAGCACGA-1	12
white.day3_ACACCAAGTAGCGTCC-1	12
white.day3_ACACCAAGTAGCGTGA-1	9
white.day3_ACACCAAGTATTCGTG-1	9
white.day3_ACACCAAGTCCAGTGC-1	8
white.day3_ACACCAAGTCGAACAG-1	7
white.day3_ACACCAAGTCGGGTCT-1	10
white.day3_ACACCAAGTGCTTCTC-1	9
white.day3_ACACCAAGTGGGTCAA-1	11
white.day3_ACACCAAGTGTGTGCC-1	8
white.day3_ACACCAATCACTGGGC-1	11
white.day3_ACACCAATCAGTTCGA-1	8
white.day3_ACACCAATCCGATATG-1	10
white.day3_ACACCAATCGACAGCC-1	12
white.day3_ACACCAATCGCTTAGA-1	7
white.day3_ACACCAATCGGAATCT-1	12
white.day3_ACACCAATCTGGTATG-1	12
white.day3_ACACCAATCTGTCTCG-1	8
white.day3_ACACCCTAGCTCCTTC-1	8
white.day3_ACACCCTAGGAGTCTG-1	11
white.day3_ACACCCTAGGTAGCCA-1	12
white.day3_ACACCCTCACACGCTG-1	7
white.day3_ACACCCTCAGCTCGCA-1	11
white.day3_ACACCCTCAGTATAAG-1	12
white.day3_ACACCCTCATTGGTAC-1	8
white.day3_ACACCCTCATTTGCCC-1	11
white.day3_ACACCCTGTAATCGTC-1	9
white.day3_ACACCCTGTACAGTTC-1	9
white.day3_ACACCCTGTCCGAAGA-1	12
white.day3_ACACCCTGTCCTAGCG-1	8
white.day3_ACACCCTGTCCTGCTT-1	8
white.day3_ACACCCTGTTAGTGGG-1	9
white.day3_ACACCCTGTTATCACG-1	12
white.day3_ACACCCTGTTCCACGG-1	8
white.day3_ACACCCTTCACCTCGT-1	7
white.day3_ACACCCTTCACGATGT-1	11
white.day3_ACACCCTTCTACTCAT-1	12
white.day3_ACACCCTTCTCTAGGA-1	8
white.day3_ACACCGGAGACAAGCC-1	8
white.day3_ACACCGGAGCCAGGAT-1	8
white.day3_ACACCGGAGGATGCGT-1	8
white.day3_ACACCGGAGTTATCGC-1	8
white.day3_ACACCGGCAAAGGCGT-1	8
white.day3_ACACCGGCAAGGGTCA-1	11
white.day3_ACACCGGCAATCCGAT-1	10
white.day3_ACACCGGCACCGCTAG-1	12
white.day3_ACACCGGCACGGTTTA-1	12
white.day3_ACACCGGCATGAAGTA-1	9
white.day3_ACACCGGCATTTCACT-1	11
white.day3_ACACCGGGTAGAGGAA-1	5
white.day3_ACACCGGGTCAATGTC-1	6
white.day3_ACACCGGGTGCTAGCC-1	10
white.day3_ACACCGGGTTCGGCAC-1	12
white.day3_ACACCGGGTTCGTTGA-1	7
white.day3_ACACCGGTCATATCGG-1	8
white.day3_ACACCGGTCATTTGGG-1	11
white.day3_ACACCGGTCCGTTGTC-1	12
white.day3_ACACCGGTCCTTTCGG-1	6
white.day3_ACACCGGTCTACTCAT-1	8
white.day3_ACACCGGTCTCCTATA-1	11
white.day3_ACACCGGTCTCGCTTG-1	8
white.day3_ACACCGGTCTGGGCCA-1	12
white.day3_ACACCGGTCTTGTACT-1	8
white.day3_ACACCGGTCTTTAGGG-1	7
white.day3_ACACTGAAGAACAACT-1	12
white.day3_ACACTGAAGACACGAC-1	10
white.day3_ACACTGAAGAGGTTAT-1	12
white.day3_ACACTGAAGAGTACAT-1	8
white.day3_ACACTGAAGATGGCGT-1	12
white.day3_ACACTGAAGGACTGGT-1	12
white.day3_ACACTGAAGGAGTCTG-1	11
white.day3_ACACTGAAGTTACCCA-1	10
white.day3_ACACTGACAAGCCCAC-1	10
white.day3_ACACTGACACATAACC-1	9
white.day3_ACACTGACACCGAATT-1	12
white.day3_ACACTGACAGGTGGAT-1	12
white.day3_ACACTGACATGAAGTA-1	12
white.day3_ACACTGACATGTAGTC-1	12
white.day3_ACACTGAGTAACGTTC-1	12
white.day3_ACACTGAGTAGCTTGT-1	7
white.day3_ACACTGAGTAGGCTGA-1	10
white.day3_ACACTGAGTCCGAAGA-1	10
white.day3_ACACTGAGTCTAGCGC-1	12
white.day3_ACACTGAGTTGGTGGA-1	12
white.day3_ACACTGATCATTGCGA-1	8
white.day3_ACACTGATCCTCAATT-1	11
white.day3_ACAGCCGAGCCGTCGT-1	9
white.day3_ACAGCCGAGCGTAATA-1	9
white.day3_ACAGCCGAGGAGTCTG-1	7
white.day3_ACAGCCGAGGCAGGTT-1	5
white.day3_ACAGCCGAGGGTTTCT-1	8
white.day3_ACAGCCGAGGTAGCCA-1	8
white.day3_ACAGCCGCAAAGTCAA-1	7
white.day3_ACAGCCGCACCAGTTA-1	9
white.day3_ACAGCCGCACCCTATC-1	8
white.day3_ACAGCCGCACTATCTT-1	10
white.day3_ACAGCCGCAGCTGTGC-1	8
white.day3_ACAGCCGCATACGCTA-1	10
white.day3_ACAGCCGCATGCCACG-1	6
white.day3_ACAGCCGGTAGCTTGT-1	3
white.day3_ACAGCCGGTGAGGGAG-1	10
white.day3_ACAGCCGTCAACACGT-1	12
white.day3_ACAGCCGTCACCCGAG-1	10
white.day3_ACAGCCGTCAGGCAAG-1	12
white.day3_ACAGCCGTCGCCATAA-1	12
white.day3_ACAGCCGTCTCTTGAT-1	11
white.day3_ACAGCCGTCTGTCAAG-1	7
white.day3_ACAGCTAAGAATGTTG-1	12
white.day3_ACAGCTAAGAGACTAT-1	7
white.day3_ACAGCTAAGAGTTGGC-1	8
white.day3_ACAGCTAAGATACACA-1	12
white.day3_ACAGCTAAGCCCGAAA-1	12
white.day3_ACAGCTAAGCCTCGTG-1	8
white.day3_ACAGCTAAGCTGGAAC-1	7
white.day3_ACAGCTAAGGGCATGT-1	11
white.day3_ACAGCTAAGTCGTACT-1	11
white.day3_ACAGCTAAGTGGGCTA-1	9
white.day3_ACAGCTACACCGTTGG-1	12
white.day3_ACAGCTACACCTCGTT-1	9
white.day3_ACAGCTACACGAAAGC-1	8
white.day3_ACAGCTACACTCAGGC-1	7
white.day3_ACAGCTACAGCCACCA-1	12
white.day3_ACAGCTACATTTGCCC-1	10
white.day3_ACAGCTAGTAACGACG-1	9
white.day3_ACAGCTAGTAGCTGCC-1	10
white.day3_ACAGCTAGTCAGAGGT-1	10
white.day3_ACAGCTAGTCTGCGGT-1	8
white.day3_ACAGCTAGTGGTACAG-1	12
white.day3_ACAGCTAGTGGTTTCA-1	6
white.day3_ACAGCTATCACCGTAA-1	7
white.day3_ACAGCTATCCAAACAC-1	10
white.day3_ACAGCTATCCCATTAT-1	11
white.day3_ACAGCTATCGCAGGCT-1	8
white.day3_ACAGCTATCTCAAACG-1	9
white.day3_ACAGCTATCTGTACGA-1	12
white.day3_ACAGCTATCTTGAGAC-1	12
white.day3_ACAGCTATCTTGGGTA-1	8
white.day3_ACAGCTATCTTTACAC-1	8
white.day3_ACATACGAGAGGTTAT-1	7
white.day3_ACATACGAGCGGATCA-1	10
white.day3_ACATACGAGGAGTCTG-1	10
white.day3_ACATACGAGGATATAC-1	10
white.day3_ACATACGCAAGAAGAG-1	8
white.day3_ACATACGCAGCTGCTG-1	11
white.day3_ACATACGCAGGAATCG-1	8
white.day3_ACATACGGTAACGCGA-1	12
white.day3_ACATACGGTATATCCG-1	10
white.day3_ACATACGGTTCCTCCA-1	7
white.day3_ACATACGTCCGGGTGT-1	8
white.day3_ACATACGTCCTTTACA-1	3
white.day3_ACATACGTCGTGGGAA-1	12
white.day3_ACATCAGAGAAGCCCA-1	10
white.day3_ACATCAGAGATCGGGT-1	12
white.day3_ACATCAGAGCGCTCCA-1	8
white.day3_ACATCAGAGGAGTTGC-1	11
white.day3_ACATCAGAGTAGATGT-1	11
white.day3_ACATCAGCAAGCTGTT-1	9
white.day3_ACATCAGCAAGTAGTA-1	12
white.day3_ACATCAGCAATCTACG-1	12
white.day3_ACATCAGCAGATCGGA-1	8
white.day3_ACATCAGCAGTTCATG-1	12
white.day3_ACATCAGCATAAAGGT-1	9
white.day3_ACATCAGCATCTATGG-1	8
white.day3_ACATCAGCATGCCACG-1	10
white.day3_ACATCAGGTCTAGTGT-1	11
white.day3_ACATCAGGTTCAACCA-1	12
white.day3_ACATCAGGTTGGTGGA-1	11
white.day3_ACATCAGTCAGAGCTT-1	5
white.day3_ACATCAGTCATGGTCA-1	10
white.day3_ACATCAGTCCGGCACA-1	6
white.day3_ACATCAGTCTCGTTTA-1	12
white.day3_ACATCAGTCTGTCAAG-1	11
white.day3_ACATCAGTCTTGCATT-1	9
white.day3_ACATGGTAGAGAACAG-1	8
white.day3_ACATGGTAGCAGACTG-1	8
white.day3_ACATGGTAGCCATCGC-1	8
white.day3_ACATGGTAGCGTTTAC-1	11
white.day3_ACATGGTAGGACAGCT-1	12
white.day3_ACATGGTAGTCATCCA-1	8
white.day3_ACATGGTCAATACGCT-1	6
white.day3_ACATGGTCAATTGCTG-1	5
white.day3_ACATGGTCAGCGTAAG-1	6
white.day3_ACATGGTCATCCCATC-1	10
white.day3_ACATGGTCATCTCGCT-1	10
white.day3_ACATGGTGTAAATACG-1	10
white.day3_ACATGGTGTAATAGCA-1	9
white.day3_ACATGGTGTAGTAGTA-1	12
white.day3_ACATGGTGTCAGAAGC-1	8
white.day3_ACATGGTGTCTGCCAG-1	8
white.day3_ACATGGTTCACCATAG-1	8
white.day3_ACATGGTTCATCGCTC-1	12
white.day3_ACATGGTTCCTTGGTC-1	8
white.day3_ACATGGTTCGCTTAGA-1	9
white.day3_ACATGGTTCGGCGCTA-1	11
white.day3_ACATGGTTCGTAGGAG-1	12
white.day3_ACATGGTTCGTCCAGG-1	9
white.day3_ACATGGTTCTTCGGTC-1	3
white.day3_ACCAGTAAGAAACGCC-1	12
white.day3_ACCAGTAAGAGCCTAG-1	7
white.day3_ACCAGTAAGATGTGTA-1	8
white.day3_ACCAGTAAGCTAACAA-1	10
white.day3_ACCAGTAAGGAATGGA-1	8
white.day3_ACCAGTAAGGCATGGT-1	6
white.day3_ACCAGTAAGTCGTACT-1	9
white.day3_ACCAGTAAGTGGAGTC-1	10
white.day3_ACCAGTAAGTTAGCGG-1	8
white.day3_ACCAGTACAAGCCATT-1	6
white.day3_ACCAGTACACTACAGT-1	7
white.day3_ACCAGTACAGCCAATT-1	11
white.day3_ACCAGTACATCCTAGA-1	7
white.day3_ACCAGTACATTTCAGG-1	10
white.day3_ACCAGTAGTAAGGATT-1	9
white.day3_ACCAGTAGTAGCTAAA-1	12
white.day3_ACCAGTAGTAGGGACT-1	8
white.day3_ACCAGTAGTCTGATCA-1	10
white.day3_ACCAGTAGTGTTTGTG-1	11
white.day3_ACCAGTAGTTACGCGC-1	10
white.day3_ACCAGTATCACAATGC-1	7
white.day3_ACCAGTATCATCGGAT-1	6
white.day3_ACCAGTATCATGGTCA-1	7
white.day3_ACCAGTATCCCAAGAT-1	11
white.day3_ACCAGTATCCTGCTTG-1	7
white.day3_ACCAGTATCGGCGCAT-1	3
white.day3_ACCAGTATCTGATACG-1	12
white.day3_ACCAGTATCTGTTGAG-1	8
white.day3_ACCCACTAGAAAGTGG-1	6
white.day3_ACCCACTAGACGCAAC-1	7
white.day3_ACCCACTAGCACCGTC-1	8
white.day3_ACCCACTAGCGTCAAG-1	11
white.day3_ACCCACTAGGAGTTTA-1	11
white.day3_ACCCACTCAAAGGAAG-1	12
white.day3_ACCCACTCAAGCCGTC-1	9
white.day3_ACCCACTCAAGTCATC-1	9
white.day3_ACCCACTCACAACGCC-1	10
white.day3_ACCCACTCACCATGTA-1	7
white.day3_ACCCACTCAGCGAACA-1	12
white.day3_ACCCACTGTAAGTGGC-1	10
white.day3_ACCCACTGTCAGAAGC-1	11
white.day3_ACCCACTGTCTTCAAG-1	11
white.day3_ACCCACTTCAGTTTGG-1	12
white.day3_ACCCACTTCCAGAGGA-1	8
white.day3_ACCCACTTCGCCAGCA-1	12
white.day3_ACCCACTTCTCACATT-1	7
white.day3_ACCCACTTCTTCAACT-1	8
white.day3_ACCGTAAAGCTAAACA-1	8
white.day3_ACCGTAAAGCTCCTCT-1	8
white.day3_ACCGTAACAACTGCTA-1	12
white.day3_ACCGTAACAATGTTGC-1	12
white.day3_ACCGTAACACAGCGTC-1	12
white.day3_ACCGTAACACAGGTTT-1	11
white.day3_ACCGTAACACTGTTAG-1	10
white.day3_ACCGTAACAGACAAGC-1	6
white.day3_ACCGTAACAGTAAGAT-1	10
white.day3_ACCGTAACATCGGGTC-1	10
white.day3_ACCGTAAGTACACCGC-1	7
white.day3_ACCGTAAGTACCAGTT-1	7
white.day3_ACCGTAAGTCGAATCT-1	7
white.day3_ACCGTAAGTGAGGCTA-1	11
white.day3_ACCGTAAGTGCGAAAC-1	12
white.day3_ACCGTAAGTGCTTCTC-1	9
white.day3_ACCGTAAGTTTGTTTC-1	8
white.day3_ACCGTAATCGGAGCAA-1	11
white.day3_ACCGTAATCTGCTTGC-1	12
white.day3_ACCTTTAAGACAAGCC-1	7
white.day3_ACCTTTAAGAGACTAT-1	8
white.day3_ACCTTTAAGCAAATCA-1	12
white.day3_ACCTTTAAGTTAGGTA-1	12
white.day3_ACCTTTACAACTGCTA-1	12
white.day3_ACCTTTACAATAGCAA-1	5
white.day3_ACCTTTACACAGTCGC-1	11
white.day3_ACCTTTACACGGCGTT-1	8
white.day3_ACCTTTACATCGGGTC-1	1
white.day3_ACCTTTACATCTCCCA-1	9
white.day3_ACCTTTAGTAGAAAGG-1	9
white.day3_ACCTTTAGTCAAGCGA-1	8
white.day3_ACCTTTAGTCGATTGT-1	7
white.day3_ACCTTTAGTGACTCAT-1	7
white.day3_ACCTTTAGTTGGGACA-1	12
white.day3_ACCTTTATCAAGGCTT-1	12
white.day3_ACCTTTATCCTGCTTG-1	8
white.day3_ACCTTTATCTTTACAC-1	11
white.day3_ACGAGCCAGCAGACTG-1	10
white.day3_ACGAGCCAGCGTGTCC-1	10
white.day3_ACGAGCCAGCTGCCCA-1	12
white.day3_ACGAGCCAGGCCATAG-1	6
white.day3_ACGAGCCAGTGTCCCG-1	11
white.day3_ACGAGCCCAAGTCATC-1	11
white.day3_ACGAGCCCAATTGCTG-1	12
white.day3_ACGAGCCCACATTTCT-1	12
white.day3_ACGAGCCCACGACGAA-1	8
white.day3_ACGAGCCCATGGATGG-1	10
white.day3_ACGAGCCCATGTCTCC-1	11
white.day3_ACGAGCCGTACTCGCG-1	8
white.day3_ACGAGCCGTATAGGGC-1	7
white.day3_ACGAGCCGTATATGGA-1	7
white.day3_ACGAGCCGTCATGCAT-1	8
white.day3_ACGAGCCGTCCCTACT-1	10
white.day3_ACGAGCCGTTCCATGA-1	12
white.day3_ACGAGCCGTTGTACAC-1	12
white.day3_ACGAGCCTCAATCACG-1	12
white.day3_ACGAGCCTCAGCTTAG-1	8
white.day3_ACGAGCCTCCCATTTA-1	12
white.day3_ACGAGCCTCCTGCAGG-1	12
white.day3_ACGAGCCTCGAACGGA-1	12
white.day3_ACGAGCCTCTATCGCC-1	8
white.day3_ACGAGCCTCTCTGCTG-1	7
white.day3_ACGAGCCTCTTACCTA-1	12
white.day3_ACGAGCCTCTTCGAGA-1	9
white.day3_ACGAGGAAGAAACCTA-1	10
white.day3_ACGAGGAAGGTGTGGT-1	8
white.day3_ACGAGGAAGTCACGCC-1	12
white.day3_ACGAGGAAGTGTTGAA-1	12
white.day3_ACGAGGAAGTTAAGTG-1	9
white.day3_ACGAGGACAATGAATG-1	6
white.day3_ACGAGGACACCTATCC-1	8
white.day3_ACGAGGACACGACGAA-1	12
white.day3_ACGAGGACACGCCAGT-1	10
white.day3_ACGAGGACAGTATCTG-1	9
white.day3_ACGAGGACATGGATGG-1	8
white.day3_ACGAGGAGTAAGAGGA-1	12
white.day3_ACGAGGAGTATCGCAT-1	9
white.day3_ACGAGGAGTATGGTTC-1	11
white.day3_ACGAGGAGTTGTGGAG-1	9
white.day3_ACGAGGATCATGTAGC-1	12
white.day3_ACGAGGATCCACTCCA-1	6
white.day3_ACGAGGATCCGAACGC-1	7
white.day3_ACGAGGATCTCCCTGA-1	9
white.day3_ACGAGGATCTGCAAGT-1	8
white.day3_ACGAGGATCTTTAGTC-1	12
white.day3_ACGATACAGAACAATC-1	12
white.day3_ACGATACAGAATGTGT-1	7
white.day3_ACGATACAGACTAGGC-1	12
white.day3_ACGATACAGCTCCCAG-1	5
white.day3_ACGATACAGTAGCCGA-1	9
white.day3_ACGATACAGTTGAGTA-1	9
white.day3_ACGATACCAAGTCTAC-1	9
white.day3_ACGATACCACCAGGTC-1	8
white.day3_ACGATACCACGGTTTA-1	10
white.day3_ACGATACCATCCTTGC-1	8
white.day3_ACGATACCATCTGGTA-1	10
white.day3_ACGATACCATGTTGAC-1	10
white.day3_ACGATACGTAAGGGCT-1	9
white.day3_ACGATACGTAATTGGA-1	3
white.day3_ACGATACGTCCATCCT-1	12
white.day3_ACGATACGTTGAACTC-1	12
white.day3_ACGATACTCATAGCAC-1	12
white.day3_ACGATACTCCACTCCA-1	12
white.day3_ACGATACTCGCCCTTA-1	10
white.day3_ACGATACTCGTCCAGG-1	7
white.day3_ACGATACTCGTTACAG-1	12
white.day3_ACGATACTCTAACTCT-1	12
white.day3_ACGATGTAGACACTAA-1	12
white.day3_ACGATGTAGATCGGGT-1	12
white.day3_ACGATGTAGGACATTA-1	3
white.day3_ACGATGTAGGCAGGTT-1	12
white.day3_ACGATGTAGGTGACCA-1	7
white.day3_ACGATGTAGTTACGGG-1	12
white.day3_ACGATGTCAAACGCGA-1	11
white.day3_ACGATGTCACGACGAA-1	12
white.day3_ACGATGTCAGACGCAA-1	8
white.day3_ACGATGTCAGGGTTAG-1	8
white.day3_ACGATGTCAGGTGCCT-1	12
white.day3_ACGATGTGTACCGTAT-1	10
white.day3_ACGATGTGTATGCTTG-1	7
white.day3_ACGATGTGTCTTCTCG-1	3
white.day3_ACGATGTGTTGTTTGG-1	10
white.day3_ACGATGTTCACGCATA-1	12
white.day3_ACGATGTTCAGTTTGG-1	11
white.day3_ACGATGTTCATGTGGT-1	8
white.day3_ACGATGTTCCACTCCA-1	12
white.day3_ACGATGTTCGTATCAG-1	10
white.day3_ACGATGTTCGTCTGCT-1	7
white.day3_ACGCAGCAGATGGCGT-1	7
white.day3_ACGCAGCAGGGTTTCT-1	12
white.day3_ACGCAGCAGTCTCAAC-1	10
white.day3_ACGCAGCCAACTGCTA-1	12
white.day3_ACGCAGCCAATCCGAT-1	10
white.day3_ACGCAGCCACTGTTAG-1	4
white.day3_ACGCAGCCAGCGATCC-1	12
white.day3_ACGCAGCCATCCTTGC-1	12
white.day3_ACGCAGCCATGAAGTA-1	12
white.day3_ACGCAGCCATGGTCAT-1	7
white.day3_ACGCAGCGTCAGAGGT-1	7
white.day3_ACGCAGCGTGCTAGCC-1	7
white.day3_ACGCAGCGTTAAGGGC-1	9
white.day3_ACGCAGCGTTATCCGA-1	8
white.day3_ACGCAGCGTTGGAGGT-1	12
white.day3_ACGCAGCTCCATTCTA-1	8
white.day3_ACGCAGCTCCGTCATC-1	11
white.day3_ACGCAGCTCCTCAATT-1	8
white.day3_ACGCAGCTCGCATGAT-1	11
white.day3_ACGCAGCTCGCTTGTC-1	9
white.day3_ACGCAGCTCGGATGTT-1	11
white.day3_ACGCAGCTCGGTCCGA-1	9
white.day3_ACGCAGCTCTTGTTTG-1	12
white.day3_ACGCCAGAGACACTAA-1	11
white.day3_ACGCCAGAGAGGTTGC-1	8
white.day3_ACGCCAGAGCTAGGCA-1	12
white.day3_ACGCCAGAGCTTTGGT-1	10
white.day3_ACGCCAGAGGATCGCA-1	8
white.day3_ACGCCAGAGTGCCATT-1	10
white.day3_ACGCCAGCAAAGTGCG-1	11
white.day3_ACGCCAGCAAGCCGTC-1	8
white.day3_ACGCCAGCAAGCGCTC-1	10
white.day3_ACGCCAGCACATCCAA-1	7
white.day3_ACGCCAGCACATTCGA-1	10
white.day3_ACGCCAGCACATTTCT-1	10
white.day3_ACGCCAGCACGAGAGT-1	10
white.day3_ACGCCAGCAGGGTTAG-1	5
white.day3_ACGCCAGCAGTAAGCG-1	9
white.day3_ACGCCAGGTAAATACG-1	8
white.day3_ACGCCAGGTACCAGTT-1	12
white.day3_ACGCCAGGTCAGAGGT-1	10
white.day3_ACGCCAGGTCCGTCAG-1	9
white.day3_ACGCCAGGTGCCTGCA-1	11
white.day3_ACGCCAGGTGTCGCTG-1	10
white.day3_ACGCCAGTCAATACCG-1	7
white.day3_ACGCCAGTCCAAGTAC-1	12
white.day3_ACGCCAGTCCATGCTC-1	9
white.day3_ACGCCAGTCCGAATGT-1	8
white.day3_ACGCCAGTCTATCGCC-1	10
white.day3_ACGCCGAAGACACTAA-1	9
white.day3_ACGCCGAAGACCGGAT-1	10
white.day3_ACGCCGAAGGTGCAAC-1	8
white.day3_ACGCCGAAGTCTCCTC-1	6
white.day3_ACGCCGAAGTGGCACA-1	12
white.day3_ACGCCGACAAACTGTC-1	9
white.day3_ACGCCGACAAAGAATC-1	12
white.day3_ACGCCGACAAGAGGCT-1	7
white.day3_ACGCCGACAAGAGTCG-1	10
white.day3_ACGCCGACACAAGACG-1	8
white.day3_ACGCCGACACCCATTC-1	6
white.day3_ACGCCGACACCGATAT-1	7
white.day3_ACGCCGACACGACGAA-1	10
white.day3_ACGCCGACATCACGAT-1	8
white.day3_ACGCCGACATGGATGG-1	12
white.day3_ACGCCGAGTATAATGG-1	12
white.day3_ACGCCGAGTCGACTAT-1	8
white.day3_ACGCCGAGTCGCGTGT-1	10
white.day3_ACGCCGAGTCTGGTCG-1	12
white.day3_ACGCCGAGTGCGCTTG-1	12
white.day3_ACGCCGAGTGTAATGA-1	10
white.day3_ACGCCGAGTTTGTTTC-1	12
white.day3_ACGCCGATCACCACCT-1	5
white.day3_ACGCCGATCATAGCAC-1	11
white.day3_ACGCCGATCATGCTCC-1	8
white.day3_ACGCCGATCCTCCTAG-1	9
white.day3_ACGCCGATCGCAAGCC-1	12
white.day3_ACGCCGATCTGAGTGT-1	12
white.day3_ACGCCGATCTGCAAGT-1	10
white.day3_ACGCCGATCTGCAGTA-1	8
white.day3_ACGGAGAAGACGCACA-1	7
white.day3_ACGGAGAAGCATCATC-1	12
white.day3_ACGGAGAAGCCCTAAT-1	11
white.day3_ACGGAGAAGGGATCTG-1	11
white.day3_ACGGAGACAAACGCGA-1	10
white.day3_ACGGAGACAAGTTCTG-1	8
white.day3_ACGGAGACACAGACTT-1	10
white.day3_ACGGAGACAGTATCTG-1	11
white.day3_ACGGAGACATAGGATA-1	8
white.day3_ACGGAGACATTGAGCT-1	12
white.day3_ACGGAGAGTCCAGTTA-1	7
white.day3_ACGGAGAGTCGGCACT-1	12
white.day3_ACGGAGAGTCTGGAGA-1	5
white.day3_ACGGAGAGTGAGGGAG-1	8
white.day3_ACGGAGAGTGGCCCTA-1	9
white.day3_ACGGAGAGTGTAACGG-1	7
white.day3_ACGGAGAGTGTATGGG-1	10
white.day3_ACGGAGAGTGTGCCTG-1	11
white.day3_ACGGAGATCAAAGTAG-1	9
white.day3_ACGGAGATCACAAACC-1	8
white.day3_ACGGAGATCATGCTCC-1	12
white.day3_ACGGAGATCCAATGGT-1	8
white.day3_ACGGAGATCCAGTATG-1	8
white.day3_ACGGAGATCCGAGCCA-1	12
white.day3_ACGGAGATCCTTTCGG-1	7
white.day3_ACGGAGATCGTCTGCT-1	9
white.day3_ACGGAGATCTATCCCG-1	9
white.day3_ACGGAGATCTCCCTGA-1	7
white.day3_ACGGCCAAGAGCAATT-1	9
white.day3_ACGGCCAAGAGGGCTT-1	8
white.day3_ACGGCCAAGTAGATGT-1	7
white.day3_ACGGCCAAGTCAAGGC-1	10
white.day3_ACGGCCAAGTTACCCA-1	8
white.day3_ACGGCCACAATGTAAG-1	12
white.day3_ACGGCCACACATCCAA-1	12
white.day3_ACGGCCACACCACGTG-1	7
white.day3_ACGGCCACAGCCAATT-1	11
white.day3_ACGGCCAGTATGAAAC-1	10
white.day3_ACGGCCAGTCCGTTAA-1	10
white.day3_ACGGCCAGTCGAGATG-1	9
white.day3_ACGGCCAGTCGGCACT-1	6
white.day3_ACGGCCAGTTCCATGA-1	9
white.day3_ACGGCCATCCAAGTAC-1	7
white.day3_ACGGCCATCCCTAACC-1	11
white.day3_ACGGCCATCCGATATG-1	9
white.day3_ACGGCCATCCGTCATC-1	11
white.day3_ACGGCCATCCTAGGGC-1	12
white.day3_ACGGCCATCCTCTAGC-1	7
white.day3_ACGGCCATCTAACTGG-1	10
white.day3_ACGGCCATCTCGAGTA-1	12
white.day3_ACGGCCATCTTGTATC-1	6
white.day3_ACGGCCATCTTGTCAT-1	12
white.day3_ACGGGCTAGCCCGAAA-1	7
white.day3_ACGGGCTAGCTACCGC-1	11
white.day3_ACGGGCTAGCTCCCAG-1	10
white.day3_ACGGGCTAGTCGTTTG-1	12
white.day3_ACGGGCTAGTTGCAGG-1	9
white.day3_ACGGGCTCAAACCTAC-1	7
white.day3_ACGGGCTCACATTTCT-1	8
white.day3_ACGGGCTCACCTATCC-1	11
white.day3_ACGGGCTCACGACGAA-1	12
white.day3_ACGGGCTCACTAGTAC-1	12
white.day3_ACGGGCTCAGACAAGC-1	12
white.day3_ACGGGCTCATTAGGCT-1	9
white.day3_ACGGGCTGTACATCCA-1	8
white.day3_ACGGGCTGTTCCACTC-1	6
white.day3_ACGGGCTTCCTTAATC-1	12
white.day3_ACGGGCTTCCTTTACA-1	12
white.day3_ACGGGCTTCGAATGCT-1	8
white.day3_ACGGGCTTCGACGGAA-1	11
white.day3_ACGGGCTTCGATAGAA-1	12
white.day3_ACGGGCTTCGTCCGTT-1	10
white.day3_ACGGGCTTCTGATACG-1	12
white.day3_ACGGGCTTCTTACCGC-1	10
white.day3_ACGGGCTTCTTGTTTG-1	12
white.day3_ACGGGTCAGAGGTACC-1	10
white.day3_ACGGGTCAGAGTGACC-1	10
white.day3_ACGGGTCAGTATGACA-1	11
white.day3_ACGGGTCAGTTAGGTA-1	11
white.day3_ACGGGTCCAAGGTTTC-1	10
white.day3_ACGGGTCCAATGAAAC-1	12
white.day3_ACGGGTCCAATGACCT-1	9
white.day3_ACGGGTCCACAGCGTC-1	11
white.day3_ACGGGTCCACTAGTAC-1	12
white.day3_ACGGGTCCATGCAACT-1	6
white.day3_ACGGGTCCATTCCTCG-1	10
white.day3_ACGGGTCCATTTGCTT-1	11
white.day3_ACGGGTCGTAGAAAGG-1	11
white.day3_ACGGGTCGTAGTACCT-1	12
white.day3_ACGGGTCGTCAAGCGA-1	8
white.day3_ACGGGTCGTCACTGGC-1	8
white.day3_ACGGGTCGTCTAGCGC-1	10
white.day3_ACGGGTCGTGCACTTA-1	9
white.day3_ACGGGTCGTGTGACCC-1	10
white.day3_ACGGGTCGTTCCATGA-1	3
white.day3_ACGGGTCGTTCGCGAC-1	12
white.day3_ACGGGTCGTTCTGAAC-1	8
white.day3_ACGGGTCGTTGGTTTG-1	12
white.day3_ACGGGTCGTTGTGGAG-1	8
white.day3_ACGGGTCTCACATAGC-1	12
white.day3_ACGGGTCTCCAGAGGA-1	8
white.day3_ACGGGTCTCCCTAACC-1	8
white.day3_ACGGGTCTCCGCGCAA-1	10
white.day3_ACGGGTCTCCTGCAGG-1	9
white.day3_ACGGGTCTCGAATGCT-1	9
white.day3_ACGGGTCTCGGAGGTA-1	12
white.day3_ACGGGTCTCGGCCGAT-1	12
white.day3_ACGGGTCTCGGTCTAA-1	12
white.day3_ACGGGTCTCGTTGCCT-1	9
white.day3_ACGGGTCTCTGAAAGA-1	10
white.day3_ACGGGTCTCTGCAAGT-1	7
white.day3_ACGGGTCTCTTAGAGC-1	10
white.day3_ACGGGTCTCTTAGCCC-1	8
white.day3_ACGTCAAAGACGCTTT-1	12
white.day3_ACGTCAAAGACTGGGT-1	9
white.day3_ACGTCAAAGATATGCA-1	11
white.day3_ACGTCAAAGATGCCTT-1	12
white.day3_ACGTCAAAGGCTACGA-1	10
white.day3_ACGTCAAAGGTAGCTG-1	7
white.day3_ACGTCAAAGTTAGCGG-1	12
white.day3_ACGTCAACAAGTTGTC-1	10
white.day3_ACGTCAACAATTGCTG-1	11
white.day3_ACGTCAACACGGTGTC-1	12
white.day3_ACGTCAACATAGACTC-1	12
white.day3_ACGTCAACATGGTAGG-1	10
white.day3_ACGTCAAGTAACGACG-1	11
white.day3_ACGTCAAGTATCACCA-1	11
white.day3_ACGTCAAGTATGAATG-1	9
white.day3_ACGTCAAGTGGCTCCA-1	12
white.day3_ACGTCAAGTTGGACCC-1	12
white.day3_ACGTCAATCACAACGT-1	12
white.day3_ACGTCAATCAGTTCGA-1	11
white.day3_ACGTCAATCGAACGGA-1	8
white.day3_ACGTCAATCTATGTGG-1	8
white.day3_ACTATCTAGAGCTGCA-1	12
white.day3_ACTATCTAGAGTACCG-1	6
white.day3_ACTATCTAGCTATGCT-1	8
white.day3_ACTATCTAGCTCTCGG-1	11
white.day3_ACTATCTAGCTTTGGT-1	12
white.day3_ACTATCTAGGAATGGA-1	9
white.day3_ACTATCTAGGACAGCT-1	10
white.day3_ACTATCTAGTCCATAC-1	7
white.day3_ACTATCTCATAACCTG-1	5
white.day3_ACTATCTCATGCCCGA-1	11
white.day3_ACTATCTCATGCTAGT-1	12
white.day3_ACTATCTGTACTTAGC-1	10
white.day3_ACTATCTGTCGCGGTT-1	12
white.day3_ACTATCTGTTCAGACT-1	9
white.day3_ACTATCTGTTGGTGGA-1	7
white.day3_ACTATCTGTTGTCTTT-1	8
white.day3_ACTATCTTCTAACCGA-1	7
white.day3_ACTATCTTCTCCTATA-1	8
white.day3_ACTATCTTCTCGAGTA-1	8
white.day3_ACTATCTTCTTCGGTC-1	10
white.day3_ACTGAACAGACACGAC-1	10
white.day3_ACTGAACAGACTGGGT-1	9
white.day3_ACTGAACAGATGCCAG-1	11
white.day3_ACTGAACAGCAGGTCA-1	10
white.day3_ACTGAACAGCGATTCT-1	10
white.day3_ACTGAACAGCGTCTAT-1	9
white.day3_ACTGAACAGGATGCGT-1	11
white.day3_ACTGAACAGGCATGTG-1	9
white.day3_ACTGAACAGGTGACCA-1	7
white.day3_ACTGAACAGTCTCGGC-1	10
white.day3_ACTGAACAGTGCCAGA-1	12
white.day3_ACTGAACCAAATTGCC-1	11
white.day3_ACTGAACCAAGGTTCT-1	10
white.day3_ACTGAACCAATGCCAT-1	7
white.day3_ACTGAACCACCGAATT-1	12
white.day3_ACTGAACCAGACGCCT-1	9
white.day3_ACTGAACCATGCAACT-1	6
white.day3_ACTGAACGTAGGCTGA-1	12
white.day3_ACTGAACGTCATACTG-1	10
white.day3_ACTGAACGTGCTCTTC-1	8
white.day3_ACTGAACGTGTGCCTG-1	11
white.day3_ACTGAACGTTACAGAA-1	11
white.day3_ACTGAACGTTATTCTC-1	12
white.day3_ACTGAACTCAATACCG-1	7
white.day3_ACTGAACTCATCGATG-1	9
white.day3_ACTGAACTCATGTGGT-1	11
white.day3_ACTGAACTCCCAACGG-1	12
white.day3_ACTGAACTCCCTCAGT-1	8
white.day3_ACTGAACTCCTTCAAT-1	12
white.day3_ACTGAACTCGAATGCT-1	8
white.day3_ACTGAACTCGGCCGAT-1	5
white.day3_ACTGAACTCTCGTTTA-1	8
white.day3_ACTGAACTCTTGTTTG-1	10
white.day3_ACTGAGTAGTCATCCA-1	8
white.day3_ACTGAGTAGTGGGTTG-1	7
white.day3_ACTGAGTCAAGTCATC-1	12
white.day3_ACTGAGTCACACGCTG-1	7
white.day3_ACTGAGTCACAGACTT-1	8
white.day3_ACTGAGTCACAGCGTC-1	8
white.day3_ACTGAGTCACGTTGGC-1	8
white.day3_ACTGAGTCATGTAAGA-1	12
white.day3_ACTGAGTCATTCTCAT-1	8
white.day3_ACTGAGTGTATGGTTC-1	12
white.day3_ACTGAGTGTCTTGCGG-1	9
white.day3_ACTGAGTGTTAAGAAC-1	12
white.day3_ACTGAGTGTTATGTGC-1	9
white.day3_ACTGAGTTCCAGATCA-1	7
white.day3_ACTGAGTTCCGGCACA-1	12
white.day3_ACTGAGTTCGAATGGG-1	11
white.day3_ACTGAGTTCGTAGGTT-1	8
white.day3_ACTGAGTTCGTTTGCC-1	8
white.day3_ACTGAGTTCTTCATGT-1	5
white.day3_ACTGATGAGAGGACGG-1	3
white.day3_ACTGATGAGATCTGAA-1	12
white.day3_ACTGATGAGCAACGGT-1	11
white.day3_ACTGATGAGCCACTAT-1	11
white.day3_ACTGATGAGCGTAATA-1	10
white.day3_ACTGATGAGGATGGTC-1	12
white.day3_ACTGATGAGGCGACAT-1	9
white.day3_ACTGATGAGGCTCAGA-1	7
white.day3_ACTGATGAGGTGACCA-1	12
white.day3_ACTGATGAGGTTACCT-1	8
white.day3_ACTGATGAGTACGTTC-1	7
white.day3_ACTGATGAGTCGATAA-1	11
white.day3_ACTGATGAGTGGTCCC-1	7
white.day3_ACTGATGCAACTGCTA-1	7
white.day3_ACTGATGCACGAAAGC-1	10
white.day3_ACTGATGCAGTTCATG-1	9
white.day3_ACTGATGCATTCGACA-1	10
white.day3_ACTGATGGTAAATGTG-1	12
white.day3_ACTGATGGTAAGAGGA-1	7
white.day3_ACTGATGGTACGAAAT-1	8
white.day3_ACTGATGGTATTCTCT-1	11
white.day3_ACTGATGGTCATTAGC-1	12
white.day3_ACTGATGGTCCCTTGT-1	10
white.day3_ACTGATGGTCTCCATC-1	10
white.day3_ACTGATGGTGCAGTAG-1	8
white.day3_ACTGATGGTGTGAAAT-1	10
white.day3_ACTGATGGTTACGCGC-1	8
white.day3_ACTGATGTCACGCGGT-1	12
white.day3_ACTGATGTCAGCAACT-1	10
white.day3_ACTGATGTCAGTGTTG-1	12
white.day3_ACTGATGTCATCGCTC-1	12
white.day3_ACTGATGTCCTTGACC-1	12
white.day3_ACTGATGTCGACGGAA-1	11
white.day3_ACTGATGTCGGAAACG-1	10
white.day3_ACTGATGTCGTCACGG-1	11
white.day3_ACTGATGTCGTCCAGG-1	12
white.day3_ACTGATGTCTTTACGT-1	7
white.day3_ACTGCTCAGACTTGAA-1	12
white.day3_ACTGCTCAGATCGGGT-1	8
white.day3_ACTGCTCAGCACGCCT-1	12
white.day3_ACTGCTCAGCCACTAT-1	10
white.day3_ACTGCTCAGCTACCGC-1	12
white.day3_ACTGCTCAGTCGTACT-1	8
white.day3_ACTGCTCAGTGACATA-1	8
white.day3_ACTGCTCAGTGACTCT-1	11
white.day3_ACTGCTCAGTTTAGGA-1	12
white.day3_ACTGCTCCAACTGCGC-1	9
white.day3_ACTGCTCCACGTCAGC-1	10
white.day3_ACTGCTCCACTTGGAT-1	12
white.day3_ACTGCTCCATAAAGGT-1	12
white.day3_ACTGCTCGTGACAAAT-1	10
white.day3_ACTGCTCGTGCGATAG-1	6
white.day3_ACTGCTCGTTGAGGTG-1	11
white.day3_ACTGCTCTCCAGTAGT-1	8
white.day3_ACTGCTCTCCGATATG-1	6
white.day3_ACTGCTCTCCTTAATC-1	12
white.day3_ACTGCTCTCGTGGTCG-1	11
white.day3_ACTGTCCAGATGCCTT-1	7
white.day3_ACTGTCCAGCAGACTG-1	5
white.day3_ACTGTCCAGCGTTGCC-1	6
white.day3_ACTGTCCAGGATGTAT-1	8
white.day3_ACTGTCCAGGCAAAGA-1	10
white.day3_ACTGTCCAGGCACATG-1	7
white.day3_ACTGTCCAGTCAAGGC-1	9
white.day3_ACTGTCCCAAGAAGAG-1	9
white.day3_ACTGTCCCAAGGTTCT-1	12
white.day3_ACTGTCCGTATGAATG-1	8
white.day3_ACTGTCCGTCTCCACT-1	12
white.day3_ACTGTCCGTGCAGTAG-1	10
white.day3_ACTGTCCGTGTGGCTC-1	7
white.day3_ACTGTCCTCAGTGCAT-1	4
white.day3_ACTGTCCTCCGTCATC-1	10
white.day3_ACTGTCCTCTGGCGTG-1	6
white.day3_ACTGTCCTCTTCAACT-1	7
white.day3_ACTTACTAGGATCGCA-1	9
white.day3_ACTTACTAGTAGGCCA-1	8
white.day3_ACTTACTCAAAGGCGT-1	3
white.day3_ACTTACTCAATGGAGC-1	3
white.day3_ACTTACTCACGAAATA-1	8
white.day3_ACTTACTCAGGCTGAA-1	8
white.day3_ACTTACTCATACTACG-1	9
white.day3_ACTTACTCATCGGAAG-1	12
white.day3_ACTTACTCATGGAATA-1	7
white.day3_ACTTACTGTAAGAGGA-1	5
white.day3_ACTTACTGTAATTGGA-1	5
white.day3_ACTTACTGTCTAGCCG-1	10
white.day3_ACTTACTGTGTGCGTC-1	9
white.day3_ACTTACTGTTACGGAG-1	7
white.day3_ACTTACTTCAGCTCGG-1	12
white.day3_ACTTACTTCCATGCTC-1	10
white.day3_ACTTACTTCCCTGACT-1	10
white.day3_ACTTACTTCCGCATCT-1	12
white.day3_ACTTACTTCTGATTCT-1	11
white.day3_ACTTACTTCTGCGGCA-1	8
white.day3_ACTTACTTCTGCGTAA-1	12
white.day3_ACTTACTTCTGTCTCG-1	11
white.day3_ACTTGTTAGACAGGCT-1	8
white.day3_ACTTGTTAGCTAGCCC-1	8
white.day3_ACTTGTTAGGAACTGC-1	12
white.day3_ACTTGTTAGGTCGGAT-1	12
white.day3_ACTTGTTCACATTTCT-1	12
white.day3_ACTTGTTCACGTCTCT-1	8
white.day3_ACTTGTTCACTTCGAA-1	11
white.day3_ACTTGTTCAGGAATGC-1	10
white.day3_ACTTGTTCATCAGTCA-1	8
white.day3_ACTTGTTCATCTACGA-1	11
white.day3_ACTTGTTCATGGATGG-1	11
white.day3_ACTTGTTGTAAGAGAG-1	11
white.day3_ACTTGTTGTAGGAGTC-1	6
white.day3_ACTTGTTGTCGGCATC-1	12
white.day3_ACTTGTTGTCTAGCCG-1	12
white.day3_ACTTGTTTCACAATGC-1	10
white.day3_ACTTGTTTCCTACAGA-1	11
white.day3_ACTTGTTTCGGAGCAA-1	12
white.day3_ACTTGTTTCGGCGCTA-1	8
white.day3_ACTTGTTTCTAACCGA-1	10
white.day3_ACTTGTTTCTCCCTGA-1	9
white.day3_ACTTTCAAGCAATCTC-1	11
white.day3_ACTTTCAAGCGATCCC-1	8
white.day3_ACTTTCAAGGGCACTA-1	6
white.day3_ACTTTCACACTGTGTA-1	10
white.day3_ACTTTCACAGTGAGTG-1	9
white.day3_ACTTTCACATGCGCAC-1	8
white.day3_ACTTTCACATTCTTAC-1	10
white.day3_ACTTTCACATTGGGCC-1	12
white.day3_ACTTTCAGTAAGTGGC-1	9
white.day3_ACTTTCAGTACCGTAT-1	8
white.day3_ACTTTCAGTCAACTGT-1	6
white.day3_ACTTTCAGTCGGATCC-1	10
white.day3_ACTTTCAGTGTGCGTC-1	7
white.day3_ACTTTCAGTTACGACT-1	12
white.day3_ACTTTCAGTTGATTGC-1	12
white.day3_ACTTTCATCAAACCAC-1	11
white.day3_ACTTTCATCACATACG-1	12
white.day3_ACTTTCATCATGCTCC-1	12
white.day3_ACTTTCATCCTCAACC-1	12
white.day3_ACTTTCATCCTCGCAT-1	8
white.day3_ACTTTCATCGCTGATA-1	8
white.day3_ACTTTCATCTGCGACG-1	12
white.day3_ACTTTCATCTTATCTG-1	8
white.day3_ACTTTCATCTTCTGGC-1	10
white.day3_AGAATAGAGAAGAAGC-1	12
white.day3_AGAATAGAGAGGTTGC-1	12
white.day3_AGAATAGAGATACACA-1	7
white.day3_AGAATAGAGCAATCTC-1	12
white.day3_AGAATAGAGCCAACAG-1	10
white.day3_AGAATAGAGCCCAATT-1	8
white.day3_AGAATAGAGCGTTTAC-1	7
white.day3_AGAATAGAGTGGGTTG-1	9
white.day3_AGAATAGCAAATACAG-1	12
white.day3_AGAATAGCAAGAGGCT-1	12
white.day3_AGAATAGCAAGGGTCA-1	9
white.day3_AGAATAGCAAGGTTTC-1	12
white.day3_AGAATAGCAAGTTAAG-1	12
white.day3_AGAATAGCACAACGTT-1	8
white.day3_AGAATAGCACAAGTAA-1	12
white.day3_AGAATAGCACACCGCA-1	12
white.day3_AGAATAGCACATCCAA-1	8
white.day3_AGAATAGCACCAGGCT-1	10
white.day3_AGAATAGCAGGCTCAC-1	12
white.day3_AGAATAGCATACAGCT-1	10
white.day3_AGAATAGGTAAATGAC-1	12
white.day3_AGAATAGGTAAGTGTA-1	10
white.day3_AGAATAGGTACAGCAG-1	9
white.day3_AGAATAGGTACAGTGG-1	9
white.day3_AGAATAGGTACAGTTC-1	8
white.day3_AGAATAGGTACCCAAT-1	12
white.day3_AGAATAGGTGATAAAC-1	11
white.day3_AGAATAGGTTTGGCGC-1	10
white.day3_AGAATAGGTTTGGGCC-1	10
white.day3_AGAATAGTCACTGGGC-1	10
white.day3_AGAATAGTCATATCGG-1	5
white.day3_AGAATAGTCATGGTCA-1	7
white.day3_AGAATAGTCGGCGCAT-1	8
white.day3_AGAATAGTCTGCAAGT-1	9
white.day3_AGAATAGTCTGTCAAG-1	9
white.day3_AGAATAGTCTTCATGT-1	3
white.day3_AGACGTTAGAGTAATC-1	11
white.day3_AGACGTTAGCTAAACA-1	11
white.day3_AGACGTTAGGCAATTA-1	12
white.day3_AGACGTTAGGCAGTCA-1	8
white.day3_AGACGTTAGGCTACGA-1	10
white.day3_AGACGTTAGTGTACCT-1	7
white.day3_AGACGTTCAAGTTCTG-1	12
white.day3_AGACGTTCACGGTAAG-1	12
white.day3_AGACGTTCAGCGTTCG-1	12
white.day3_AGACGTTCAGTTCCCT-1	12
white.day3_AGACGTTCATCCGGGT-1	12
white.day3_AGACGTTGTAAGGATT-1	9
white.day3_AGACGTTGTAGCGCTC-1	10
white.day3_AGACGTTGTCCAGTTA-1	8
white.day3_AGACGTTGTCTTCAAG-1	7
white.day3_AGACGTTGTTAGGGTG-1	11
white.day3_AGACGTTGTTCTGAAC-1	5
white.day3_AGACGTTGTTGCCTCT-1	10
white.day3_AGACGTTTCATCGGAT-1	10
white.day3_AGACGTTTCATGTAGC-1	8
white.day3_AGACGTTTCCGAAGAG-1	9
white.day3_AGACGTTTCTGCAAGT-1	10
white.day3_AGACGTTTCTGCTGTC-1	9
white.day3_AGAGCGAAGAGATGAG-1	8
white.day3_AGAGCGAAGCCGGTAA-1	11
white.day3_AGAGCGAAGCTAGCCC-1	10
white.day3_AGAGCGAAGGATGCGT-1	9
white.day3_AGAGCGAAGGGATGGG-1	10
white.day3_AGAGCGAAGTACGTAA-1	12
white.day3_AGAGCGACAATGACCT-1	6
white.day3_AGAGCGACACGGTGTC-1	11
white.day3_AGAGCGACAGCTATTG-1	12
white.day3_AGAGCGACAGTTTACG-1	8
white.day3_AGAGCGACATGACGGA-1	12
white.day3_AGAGCGAGTCAAGCGA-1	10
white.day3_AGAGCGAGTGCACCAC-1	12
white.day3_AGAGCGAGTTCTGGTA-1	12
white.day3_AGAGCGATCAAACCGT-1	12
white.day3_AGAGCGATCACGCGGT-1	8
white.day3_AGAGCGATCAGCATGT-1	12
white.day3_AGAGCGATCCAGGGCT-1	12
white.day3_AGAGCGATCGATCCCT-1	7
white.day3_AGAGCGATCTCAACTT-1	12
white.day3_AGAGCGATCTCCCTGA-1	12
white.day3_AGAGCTTAGAAACGCC-1	11
white.day3_AGAGCTTAGAACTGTA-1	12
white.day3_AGAGCTTAGCCAGTAG-1	11
white.day3_AGAGCTTAGCGATTCT-1	6
white.day3_AGAGCTTAGGGTTCCC-1	12
white.day3_AGAGCTTAGGTGCACA-1	7
white.day3_AGAGCTTCAAGTCTGT-1	9
white.day3_AGAGCTTCAAGTTCTG-1	12
white.day3_AGAGCTTCACAGCCCA-1	11
white.day3_AGAGCTTCACTGAAGG-1	12
white.day3_AGAGCTTCAGACGCAA-1	9
white.day3_AGAGCTTCAGGACGTA-1	9
white.day3_AGAGCTTCAGGCGATA-1	9
white.day3_AGAGCTTCATCACAAC-1	12
white.day3_AGAGCTTCATGCATGT-1	8
white.day3_AGAGCTTGTAAATGAC-1	10
white.day3_AGAGCTTGTCCGTCAG-1	12
white.day3_AGAGCTTTCCTGCTTG-1	3
white.day3_AGAGCTTTCGTAGGAG-1	12
white.day3_AGAGTGGAGAAAGTGG-1	12
white.day3_AGAGTGGAGAACTCGG-1	12
white.day3_AGAGTGGAGACAGGCT-1	8
white.day3_AGAGTGGAGAGCTGCA-1	5
white.day3_AGAGTGGAGATCCCGC-1	9
white.day3_AGAGTGGAGCGTCAAG-1	9
white.day3_AGAGTGGAGCGTTGCC-1	7
white.day3_AGAGTGGAGGCAGGTT-1	10
white.day3_AGAGTGGCAAAGCAAT-1	8
white.day3_AGAGTGGCAAGTTGTC-1	8
white.day3_AGAGTGGCAGCTGGCT-1	10
white.day3_AGAGTGGGTAAAGGAG-1	7
white.day3_AGAGTGGGTAAGTTCC-1	5
white.day3_AGAGTGGGTACAGTTC-1	12
white.day3_AGAGTGGGTACCCAAT-1	10
white.day3_AGAGTGGGTATTCTCT-1	7
white.day3_AGAGTGGGTCCAACTA-1	12
white.day3_AGAGTGGGTCTAGCCG-1	11
white.day3_AGAGTGGGTTAAGGGC-1	8
white.day3_AGAGTGGGTTAGATGA-1	12
white.day3_AGAGTGGTCAGAAATG-1	8
white.day3_AGAGTGGTCATACGGT-1	7
white.day3_AGAGTGGTCCCAAGTA-1	8
white.day3_AGAGTGGTCCTCATTA-1	12
white.day3_AGAGTGGTCGAATGGG-1	9
white.day3_AGAGTGGTCTGAAAGA-1	8
white.day3_AGAGTGGTCTGTCCGT-1	6
white.day3_AGATCTGAGCAGATCG-1	12
white.day3_AGATCTGAGGACTGGT-1	8
white.day3_AGATCTGAGTACGTAA-1	8
white.day3_AGATCTGAGTCCGGTC-1	12
white.day3_AGATCTGAGTCGTACT-1	10
white.day3_AGATCTGCAACTTGAC-1	7
white.day3_AGATCTGCAATGGTCT-1	12
white.day3_AGATCTGCACACGCTG-1	12
white.day3_AGATCTGCACATGTGT-1	10
white.day3_AGATCTGCACCCATGG-1	11
white.day3_AGATCTGCACCTGGTG-1	12
white.day3_AGATCTGCACGAAGCA-1	10
white.day3_AGATCTGCAGACAAGC-1	7
white.day3_AGATCTGCATCACAAC-1	8
white.day3_AGATCTGCATCTCCCA-1	12
white.day3_AGATCTGCATTACCTT-1	8
white.day3_AGATCTGCATTCTTAC-1	12
white.day3_AGATCTGGTCCAAGTT-1	10
white.day3_AGATCTGGTGCAGGTA-1	8
white.day3_AGATCTGGTTCGCTAA-1	11
white.day3_AGATCTGTCCCAAGAT-1	9
white.day3_AGATTGCAGAGTAAGG-1	12
white.day3_AGATTGCAGCGTGAGT-1	12
white.day3_AGATTGCAGTCCGTAT-1	7
white.day3_AGATTGCAGTTGAGTA-1	12
white.day3_AGATTGCCAACACCTA-1	9
white.day3_AGATTGCCAACGCACC-1	12
white.day3_AGATTGCCAAGCTGGA-1	10
white.day3_AGATTGCCAATGGTCT-1	11
white.day3_AGATTGCCACTGTTAG-1	8
white.day3_AGATTGCCAGACACTT-1	10
white.day3_AGATTGCGTATAGGGC-1	10
white.day3_AGATTGCGTCAAAGCG-1	7
white.day3_AGATTGCGTCAACTGT-1	10
white.day3_AGATTGCGTCCGAGTC-1	12
white.day3_AGATTGCGTCGTCTTC-1	11
white.day3_AGATTGCGTGAACCTT-1	10
white.day3_AGATTGCTCAACGGCC-1	7
white.day3_AGATTGCTCACTTACT-1	10
white.day3_AGATTGCTCGTAGGTT-1	8
white.day3_AGCAGCCAGAACAATC-1	12
white.day3_AGCAGCCAGAATTCCC-1	12
white.day3_AGCAGCCAGCTCCTCT-1	9
white.day3_AGCAGCCAGCTTCGCG-1	11
white.day3_AGCAGCCAGTACATGA-1	8
white.day3_AGCAGCCAGTACGATA-1	12
white.day3_AGCAGCCCAAGGACTG-1	9
white.day3_AGCAGCCCACATCCGG-1	9
white.day3_AGCAGCCCACCGAATT-1	10
white.day3_AGCAGCCCACGAAAGC-1	8
white.day3_AGCAGCCCAGACTCGC-1	5
white.day3_AGCAGCCCATCCTTGC-1	8
white.day3_AGCAGCCCATGCCCGA-1	8
white.day3_AGCAGCCGTAGCACGA-1	8
white.day3_AGCAGCCGTCAAGCGA-1	9
white.day3_AGCAGCCGTCAGCTAT-1	6
white.day3_AGCAGCCGTCATGCCG-1	10
white.day3_AGCAGCCGTCTAGTCA-1	9
white.day3_AGCAGCCGTCTTGTCC-1	12
white.day3_AGCAGCCGTGATGCCC-1	8
white.day3_AGCAGCCGTGCCTGTG-1	11
white.day3_AGCAGCCGTGTGACGA-1	10
white.day3_AGCAGCCGTTCTGGTA-1	5
white.day3_AGCAGCCGTTGAACTC-1	9
white.day3_AGCAGCCTCACTTATC-1	9
white.day3_AGCAGCCTCATTATCC-1	12
white.day3_AGCAGCCTCATTGCCC-1	3
white.day3_AGCAGCCTCGGTTCGG-1	8
white.day3_AGCAGCCTCGTATCAG-1	7
white.day3_AGCAGCCTCTCATTCA-1	12
white.day3_AGCAGCCTCTGTCCGT-1	7
white.day3_AGCAGCCTCTGTCTAT-1	12
white.day3_AGCATACAGACAGAGA-1	12
white.day3_AGCATACAGACGCAAC-1	10
white.day3_AGCATACAGAGCTTCT-1	7
white.day3_AGCATACAGCAATCTC-1	12
white.day3_AGCATACAGCTAGGCA-1	8
white.day3_AGCATACAGCTGCAAG-1	12
white.day3_AGCATACAGGGTGTGT-1	12
white.day3_AGCATACCAAACAACA-1	11
white.day3_AGCATACCAATCGGTT-1	8
white.day3_AGCATACCACAAGTAA-1	8
white.day3_AGCATACCACAGACTT-1	11
white.day3_AGCATACCACAGATTC-1	5
white.day3_AGCATACCACGCCAGT-1	8
white.day3_AGCATACCAGCGTAAG-1	10
white.day3_AGCATACCATATGCTG-1	8
white.day3_AGCATACCATCACAAC-1	7
white.day3_AGCATACCATCAGTAC-1	12
white.day3_AGCATACCATGGTCTA-1	12
white.day3_AGCATACCATGTAGTC-1	8
white.day3_AGCATACGTAGGGACT-1	8
white.day3_AGCATACGTCATGCAT-1	9
white.day3_AGCATACGTGTGCGTC-1	9
white.day3_AGCATACGTTAAGGGC-1	12
white.day3_AGCATACTCCTTGCCA-1	8
white.day3_AGCATACTCGGCCGAT-1	10
white.day3_AGCATACTCTGCTGTC-1	12
white.day3_AGCATACTCTTACCGC-1	12
white.day3_AGCCTAAAGACACTAA-1	12
white.day3_AGCCTAAAGAGGTACC-1	4
white.day3_AGCCTAAAGCCATCGC-1	8
white.day3_AGCCTAAAGCCTTGAT-1	8
white.day3_AGCCTAAAGGATGCGT-1	12
white.day3_AGCCTAAAGGGAACGG-1	10
white.day3_AGCCTAAAGTCGCCGT-1	11
white.day3_AGCCTAAAGTCTCGGC-1	9
white.day3_AGCCTAAAGTGTGAAT-1	6
white.day3_AGCCTAACACCATGTA-1	8
white.day3_AGCCTAACATGGTTGT-1	8
white.day3_AGCCTAAGTATGAAAC-1	9
white.day3_AGCCTAAGTCGAATCT-1	12
white.day3_AGCCTAAGTCTTGTCC-1	8
white.day3_AGCCTAAGTGAGGGAG-1	12
white.day3_AGCCTAAGTTAAGGGC-1	11
white.day3_AGCCTAATCCACGAAT-1	7
white.day3_AGCCTAATCCCACTTG-1	11
white.day3_AGCCTAATCCTGTACC-1	12
white.day3_AGCCTAATCCTTAATC-1	6
white.day3_AGCCTAATCGAGCCCA-1	12
white.day3_AGCCTAATCTATGTGG-1	11
white.day3_AGCCTAATCTCGTTTA-1	10
white.day3_AGCCTAATCTGCGGCA-1	7
white.day3_AGCGGTCAGAAGGGTA-1	6
white.day3_AGCGGTCAGGACCACA-1	11
white.day3_AGCGGTCAGGCAGGTT-1	7
white.day3_AGCGGTCAGGTTCCTA-1	12
white.day3_AGCGGTCAGTCCGGTC-1	8
white.day3_AGCGGTCCAACGATCT-1	10
white.day3_AGCGGTCCAACTTGAC-1	12
white.day3_AGCGGTCCAATCAGAA-1	11
white.day3_AGCGGTCCACGAAAGC-1	10
white.day3_AGCGGTCCAGGACCCT-1	12
white.day3_AGCGGTCCATGGTAGG-1	9
white.day3_AGCGGTCCATTCCTGC-1	5
white.day3_AGCGGTCCATTCGACA-1	11
white.day3_AGCGGTCGTCATGCAT-1	12
white.day3_AGCGGTCGTCGGATCC-1	9
white.day3_AGCGGTCGTGAGTGAC-1	12
white.day3_AGCGGTCGTTCAGACT-1	12
white.day3_AGCGGTCGTTGTACAC-1	11
white.day3_AGCGGTCGTTGTTTGG-1	10
white.day3_AGCGGTCTCAACACGT-1	11
white.day3_AGCGGTCTCAGCGATT-1	11
white.day3_AGCGGTCTCTCTTGAT-1	7
white.day3_AGCGGTCTCTGGCGTG-1	9
white.day3_AGCGGTCTCTGGTATG-1	8
white.day3_AGCGGTCTCTTGAGAC-1	9
white.day3_AGCGTATAGAAACGAG-1	10
white.day3_AGCGTATAGAGCAATT-1	11
white.day3_AGCGTATAGATAGGAG-1	7
white.day3_AGCGTATAGGAGCGAG-1	8
white.day3_AGCGTATAGTCGTACT-1	12
white.day3_AGCGTATCAAAGAATC-1	12
white.day3_AGCGTATCAGGATTGG-1	9
white.day3_AGCGTATCAGTATGCT-1	7
white.day3_AGCGTATGTAAGGGAA-1	12
white.day3_AGCGTATGTGTTGAGG-1	12
white.day3_AGCGTATTCACCGGGT-1	10
white.day3_AGCGTATTCCTCAATT-1	12
white.day3_AGCGTATTCGCGTTTC-1	7
white.day3_AGCGTATTCTGGGCCA-1	10
white.day3_AGCGTCGAGAGACTTA-1	9
white.day3_AGCGTCGAGCAAATCA-1	6
white.day3_AGCGTCGAGGATGGTC-1	12
white.day3_AGCGTCGCAAGCGTAG-1	10
white.day3_AGCGTCGCAATGGAGC-1	8
white.day3_AGCGTCGCACACTGCG-1	10
white.day3_AGCGTCGCACATGTGT-1	12
white.day3_AGCGTCGCACGGATAG-1	11
white.day3_AGCGTCGCACTGTTAG-1	12
white.day3_AGCGTCGCAGACGCCT-1	10
white.day3_AGCGTCGCAGTTCATG-1	12
white.day3_AGCGTCGCATCGACGC-1	5
white.day3_AGCGTCGGTTAAGTAG-1	11
white.day3_AGCTCCTAGAACTCGG-1	12
white.day3_AGCTCCTAGAATGTTG-1	8
white.day3_AGCTCCTAGATGCCAG-1	11
white.day3_AGCTCCTAGCACGCCT-1	12
white.day3_AGCTCCTAGGTGCTTT-1	10
white.day3_AGCTCCTCAAACGCGA-1	8
white.day3_AGCTCCTCAAGGACAC-1	12
white.day3_AGCTCCTCACAAGTAA-1	3
white.day3_AGCTCCTCACACGCTG-1	9
white.day3_AGCTCCTCAGCCAGAA-1	10
white.day3_AGCTCCTCATTATCTC-1	12
white.day3_AGCTCCTGTAAACGCG-1	10
white.day3_AGCTCCTGTAAGAGGA-1	7
white.day3_AGCTCCTGTAATAGCA-1	9
white.day3_AGCTCCTGTATGAATG-1	8
white.day3_AGCTCCTGTCTCAACA-1	9
white.day3_AGCTCCTGTTAAGGGC-1	7
white.day3_AGCTCCTGTTACGCGC-1	11
white.day3_AGCTCCTGTTACTGAC-1	12
white.day3_AGCTCCTTCAAACCAC-1	8
white.day3_AGCTCCTTCAAGCCTA-1	10
white.day3_AGCTCCTTCCACGCAG-1	8
white.day3_AGCTCCTTCTGAGTGT-1	12
white.day3_AGCTCCTTCTTGAGAC-1	12
white.day3_AGCTCTCAGCTAAACA-1	8
white.day3_AGCTCTCAGCTCAACT-1	9
white.day3_AGCTCTCAGCTTATCG-1	10
white.day3_AGCTCTCAGGATGGAA-1	9
white.day3_AGCTCTCAGGCATTGG-1	7
white.day3_AGCTCTCAGGTAAACT-1	9
white.day3_AGCTCTCCAAACTGTC-1	5
white.day3_AGCTCTCCACCATGTA-1	12
white.day3_AGCTCTCGTAGCCTAT-1	9
white.day3_AGCTCTCGTATAGGGC-1	8
white.day3_AGCTCTCGTATGAATG-1	11
white.day3_AGCTCTCGTCGGGTCT-1	11
white.day3_AGCTCTCGTTCCCGAG-1	10
white.day3_AGCTCTCGTTCGGCAC-1	10
white.day3_AGCTCTCTCCTGCTTG-1	9
white.day3_AGCTCTCTCTCCAGGG-1	10
white.day3_AGCTTGAAGACGCAAC-1	11
white.day3_AGCTTGAAGAGCTGCA-1	12
white.day3_AGCTTGAAGAGGACGG-1	11
white.day3_AGCTTGAAGCATGGCA-1	12
white.day3_AGCTTGAAGGCCGAAT-1	7
white.day3_AGCTTGAAGTTTAGGA-1	7
white.day3_AGCTTGACAAGAAAGG-1	10
white.day3_AGCTTGACAAGGACAC-1	10
white.day3_AGCTTGACAAGTCATC-1	12
white.day3_AGCTTGACAGGGTACA-1	11
white.day3_AGCTTGACATCAGTCA-1	10
white.day3_AGCTTGACATTAGGCT-1	8
white.day3_AGCTTGAGTAAGGATT-1	12
white.day3_AGCTTGAGTCAGGACA-1	9
white.day3_AGCTTGAGTCCGAAGA-1	12
white.day3_AGCTTGAGTCCGTGAC-1	12
white.day3_AGCTTGAGTTCCGGCA-1	12
white.day3_AGCTTGATCAACTCTT-1	10
white.day3_AGCTTGATCAATAAGG-1	12
white.day3_AGCTTGATCACCGGGT-1	8
white.day3_AGCTTGATCAGCGATT-1	8
white.day3_AGCTTGATCAGCTCGG-1	12
white.day3_AGCTTGATCATGGTCA-1	10
white.day3_AGCTTGATCATGTCCC-1	9
white.day3_AGCTTGATCATTCACT-1	8
white.day3_AGCTTGATCCATGCTC-1	12
white.day3_AGCTTGATCTTTAGGG-1	10
white.day3_AGGCCACAGAGAGCTC-1	10
white.day3_AGGCCACAGGCAATTA-1	12
white.day3_AGGCCACAGGGAAACA-1	12
white.day3_AGGCCACAGTAGCCGA-1	8
white.day3_AGGCCACAGTAGGCCA-1	10
white.day3_AGGCCACAGTGATCGG-1	9
white.day3_AGGCCACCAAGACGTG-1	12
white.day3_AGGCCACCAATAACGA-1	9
white.day3_AGGCCACCACCAGGCT-1	9
white.day3_AGGCCACCAGCCAGAA-1	12
white.day3_AGGCCACCAGCTGCTG-1	10
white.day3_AGGCCACCATAGAAAC-1	8
white.day3_AGGCCACCATCACGAT-1	8
white.day3_AGGCCACCATCGGTTA-1	11
white.day3_AGGCCACCATGTCGAT-1	6
white.day3_AGGCCACGTAACGCGA-1	11
white.day3_AGGCCACGTACACCGC-1	10
white.day3_AGGCCACGTAGCTTGT-1	12
white.day3_AGGCCACGTAGGCTGA-1	10
white.day3_AGGCCACGTCGATTGT-1	11
white.day3_AGGCCACGTTCAGTAC-1	5
white.day3_AGGCCACGTTGTGGAG-1	9
white.day3_AGGCCACTCATGTGGT-1	10
white.day3_AGGCCACTCCACGTGG-1	6
white.day3_AGGCCACTCTTCTGGC-1	12
white.day3_AGGCCGTAGCAGCGTA-1	10
white.day3_AGGCCGTAGGCATTGG-1	8
white.day3_AGGCCGTAGTACGACG-1	10
white.day3_AGGCCGTAGTAGGTGC-1	10
white.day3_AGGCCGTCAACTGCGC-1	12
white.day3_AGGCCGTCACAGCGTC-1	8
white.day3_AGGCCGTCACGGACAA-1	12
white.day3_AGGCCGTCAGACGCTC-1	5
white.day3_AGGCCGTCAGTATCTG-1	11
white.day3_AGGCCGTCATAAGACA-1	9
white.day3_AGGCCGTCATTAGGCT-1	12
white.day3_AGGCCGTCATTGTGCA-1	7
white.day3_AGGCCGTGTAACGTTC-1	11
white.day3_AGGCCGTGTACTCTCC-1	6
white.day3_AGGCCGTGTGGCCCTA-1	9
white.day3_AGGCCGTGTTAGGGTG-1	10
white.day3_AGGCCGTTCGGTCCGA-1	8
white.day3_AGGCCGTTCTGCGACG-1	9
white.day3_AGGCCGTTCTGGTTCC-1	3
white.day3_AGGGAGTAGAGGGATA-1	6
white.day3_AGGGAGTAGAGTGACC-1	10
white.day3_AGGGAGTAGCACAGGT-1	8
white.day3_AGGGAGTAGCTAGTGG-1	11
white.day3_AGGGAGTAGCTCCTCT-1	9
white.day3_AGGGAGTAGGAATGGA-1	7
white.day3_AGGGAGTAGGATATAC-1	7
white.day3_AGGGAGTAGTGTACCT-1	9
white.day3_AGGGAGTCACATTCGA-1	11
white.day3_AGGGAGTCACGACTCG-1	12
white.day3_AGGGAGTCAGCTGTTA-1	10
white.day3_AGGGAGTCATAGACTC-1	9
white.day3_AGGGAGTCATCACAAC-1	11
white.day3_AGGGAGTGTAGCAAAT-1	9
white.day3_AGGGAGTGTCTACCTC-1	8
white.day3_AGGGAGTGTCTAGAGG-1	11
white.day3_AGGGAGTGTGATAAAC-1	12
white.day3_AGGGAGTTCGATCCCT-1	8
white.day3_AGGGAGTTCGGTTAAC-1	12
white.day3_AGGGAGTTCTTCGAGA-1	12
white.day3_AGGGATGAGAGACTTA-1	9
white.day3_AGGGATGAGAGCTATA-1	10
white.day3_AGGGATGAGAGTACAT-1	3
white.day3_AGGGATGAGATCCCAT-1	12
white.day3_AGGGATGAGCAATATG-1	12
white.day3_AGGGATGAGCACCGCT-1	7
white.day3_AGGGATGAGCTATGCT-1	12
white.day3_AGGGATGAGCTGAACG-1	12
white.day3_AGGGATGAGGACAGAA-1	11
white.day3_AGGGATGAGTAGTGCG-1	9
white.day3_AGGGATGAGTATCTCG-1	9
white.day3_AGGGATGCAAGGGTCA-1	12
white.day3_AGGGATGCAGGTCTCG-1	12
white.day3_AGGGATGCAGTTAACC-1	7
white.day3_AGGGATGGTAGAGCTG-1	11
white.day3_AGGGATGGTGCAGGTA-1	12
white.day3_AGGGATGGTGCCTTGG-1	9
white.day3_AGGGATGTCACAGGCC-1	12
white.day3_AGGGATGTCACTTATC-1	12
white.day3_AGGGATGTCAGCTCTC-1	10
white.day3_AGGGATGTCAGTGTTG-1	9
white.day3_AGGGATGTCCAAATGC-1	10
white.day3_AGGGATGTCTGCTGCT-1	9
white.day3_AGGGATGTCTGGTGTA-1	8
white.day3_AGGGATGTCTTCGGTC-1	8
white.day3_AGGGTGAAGACGCTTT-1	7
white.day3_AGGGTGAAGCAGATCG-1	8
white.day3_AGGGTGAAGCGCCTTG-1	7
white.day3_AGGGTGAAGCTATGCT-1	9
white.day3_AGGGTGAAGTACGCCC-1	6
white.day3_AGGGTGAAGTGCGTGA-1	6
white.day3_AGGGTGACAATAGCGG-1	7
white.day3_AGGGTGACAATCCAAC-1	9
white.day3_AGGGTGACAATGGATA-1	9
white.day3_AGGGTGACAGCTTCGG-1	9
white.day3_AGGGTGACAGTTAACC-1	10
white.day3_AGGGTGACATATGCTG-1	9
white.day3_AGGGTGACATGAAGTA-1	10
white.day3_AGGGTGAGTGTCTGAT-1	8
white.day3_AGGGTGATCAGATAAG-1	10
white.day3_AGGGTGATCAGCTGGC-1	4
white.day3_AGGGTGATCCCAAGAT-1	3
white.day3_AGGGTGATCGAATCCA-1	12
white.day3_AGGGTGATCTCTGAGA-1	10
white.day3_AGGGTGATCTTCGGTC-1	10
white.day3_AGGTCATAGATCGGGT-1	12
white.day3_AGGTCATAGATGCCAG-1	10
white.day3_AGGTCATAGCAATATG-1	10
white.day3_AGGTCATAGGAATTAC-1	7
white.day3_AGGTCATAGTGAACAT-1	9
white.day3_AGGTCATAGTGGCACA-1	7
white.day3_AGGTCATCAACCGCCA-1	12
white.day3_AGGTCATCAATAGCGG-1	6
white.day3_AGGTCATCACTATCTT-1	7
white.day3_AGGTCATCACTTACGA-1	10
white.day3_AGGTCATGTGAGGGAG-1	8
white.day3_AGGTCATGTGCGGTAA-1	11
white.day3_AGGTCATTCAAACCAC-1	10
white.day3_AGGTCATTCAACGAAA-1	12
white.day3_AGGTCATTCCCTGACT-1	12
white.day3_AGGTCATTCCGAGCCA-1	4
white.day3_AGGTCATTCGACCAGC-1	12
white.day3_AGGTCATTCGAGCCCA-1	8
white.day3_AGGTCATTCGTACGGC-1	11
white.day3_AGGTCATTCGTGGTCG-1	8
white.day3_AGGTCATTCTCTGCTG-1	9
white.day3_AGGTCCGAGAAGGTGA-1	12
white.day3_AGGTCCGAGATATGCA-1	8
white.day3_AGGTCCGAGCCAGTTT-1	7
white.day3_AGGTCCGAGGAGTAGA-1	9
white.day3_AGGTCCGAGGGTATCG-1	10
white.day3_AGGTCCGAGGGTGTGT-1	10
white.day3_AGGTCCGCAAGAAAGG-1	12
white.day3_AGGTCCGCACACGCTG-1	11
white.day3_AGGTCCGCAGCGATCC-1	12
white.day3_AGGTCCGCATCCCATC-1	7
white.day3_AGGTCCGCATGCCACG-1	12
white.day3_AGGTCCGCATGGTCTA-1	4
white.day3_AGGTCCGCATGTAAGA-1	8
white.day3_AGGTCCGGTCACCCAG-1	11
white.day3_AGGTCCGGTCAGGACA-1	12
white.day3_AGGTCCGGTCCATCCT-1	10
white.day3_AGGTCCGGTCGGGTCT-1	11
white.day3_AGGTCCGGTGAGTGAC-1	8
white.day3_AGGTCCGGTTAGATGA-1	12
white.day3_AGGTCCGTCCTAAGTG-1	7
white.day3_AGGTCCGTCGCAAGCC-1	10
white.day3_AGGTCCGTCGGAAACG-1	8
white.day3_AGGTCCGTCGTCACGG-1	8
white.day3_AGGTCCGTCTGTTGAG-1	12
white.day3_AGTAGTCAGCCTCGTG-1	11
white.day3_AGTAGTCAGCGATGAC-1	9
white.day3_AGTAGTCAGCTACCTA-1	7
white.day3_AGTAGTCAGGTGTGGT-1	12
white.day3_AGTAGTCAGTAATCCC-1	10
white.day3_AGTAGTCAGTACGATA-1	7
white.day3_AGTAGTCAGTGGAGAA-1	12
white.day3_AGTAGTCCAAACGCGA-1	9
white.day3_AGTAGTCCAAGGTTCT-1	12
white.day3_AGTAGTCCACACCGAC-1	8
white.day3_AGTAGTCCACAGACAG-1	9
white.day3_AGTAGTCCACTGAAGG-1	11
white.day3_AGTAGTCCACTTCTGC-1	7
white.day3_AGTAGTCCAGTTCCCT-1	12
white.day3_AGTAGTCCATGCTGGC-1	11
white.day3_AGTAGTCCATGTCCTC-1	11
white.day3_AGTAGTCCATTTCACT-1	9
white.day3_AGTAGTCCATTTCAGG-1	3
white.day3_AGTAGTCCATTTGCTT-1	9
white.day3_AGTAGTCGTCTGCGGT-1	10
white.day3_AGTAGTCGTGATGATA-1	10
white.day3_AGTAGTCTCGGAGCAA-1	12
white.day3_AGTAGTCTCGTAGGTT-1	12
white.day3_AGTAGTCTCTGGTTCC-1	11
white.day3_AGTAGTCTCTTTAGGG-1	9
white.day3_AGTCTTTAGAAACGCC-1	8
white.day3_AGTCTTTAGCGCCTTG-1	8
white.day3_AGTCTTTAGCTAGTCT-1	8
white.day3_AGTCTTTAGGCTCATT-1	10
white.day3_AGTCTTTAGGTAGCCA-1	8
white.day3_AGTCTTTAGTGCCAGA-1	11
white.day3_AGTCTTTCAATGGACG-1	8
white.day3_AGTCTTTCACGTAAGG-1	10
white.day3_AGTCTTTCAGGGAGAG-1	10
white.day3_AGTCTTTCATGCCTAA-1	7
white.day3_AGTCTTTCATGGGAAC-1	11
white.day3_AGTCTTTCATTGGCGC-1	11
white.day3_AGTCTTTGTACCGTAT-1	9
white.day3_AGTCTTTGTATCAGTC-1	11
white.day3_AGTCTTTGTGCACTTA-1	8
white.day3_AGTCTTTTCAACTCTT-1	12
white.day3_AGTCTTTTCAGGATCT-1	7
white.day3_AGTCTTTTCATACGGT-1	8
white.day3_AGTCTTTTCATTTGGG-1	12
white.day3_AGTCTTTTCCTCCTAG-1	7
white.day3_AGTCTTTTCGCTTAGA-1	9
white.day3_AGTCTTTTCTAACCGA-1	5
white.day3_AGTGAGGAGAATCTCC-1	12
white.day3_AGTGAGGAGCCCAGCT-1	9
white.day3_AGTGAGGAGCGTAGTG-1	12
white.day3_AGTGAGGAGCGTCTAT-1	9
white.day3_AGTGAGGAGCTGCAAG-1	10
white.day3_AGTGAGGAGGCGCTCT-1	12
white.day3_AGTGAGGAGTAGATGT-1	6
white.day3_AGTGAGGAGTGCCATT-1	8
white.day3_AGTGAGGAGTTTAGGA-1	7
white.day3_AGTGAGGCAAGGTTTC-1	12
white.day3_AGTGAGGCACGGATAG-1	12
white.day3_AGTGAGGCAGATTGCT-1	12
white.day3_AGTGAGGCAGCTCGAC-1	12
white.day3_AGTGAGGCAGGAATCG-1	12
white.day3_AGTGAGGCAGTCGTGC-1	12
white.day3_AGTGAGGCATTGGGCC-1	9
white.day3_AGTGAGGGTAAGAGAG-1	7
white.day3_AGTGAGGGTACTCTCC-1	11
white.day3_AGTGAGGGTCATATGC-1	8
white.day3_AGTGAGGGTGGCAAAC-1	9
white.day3_AGTGAGGTCCAGTAGT-1	7
white.day3_AGTGAGGTCCCTTGCA-1	12
white.day3_AGTGAGGTCCGCAGTG-1	6
white.day3_AGTGAGGTCCTATGTT-1	8
white.day3_AGTGAGGTCGCCTGAG-1	12
white.day3_AGTGAGGTCGTCCGTT-1	12
white.day3_AGTGAGGTCTCTTATG-1	8
white.day3_AGTGAGGTCTGAGGGA-1	12
white.day3_AGTGGGAAGAAACCAT-1	12
white.day3_AGTGGGAAGCACCGTC-1	12
white.day3_AGTGGGAAGGCAGGTT-1	9
white.day3_AGTGGGAAGGCATGGT-1	12
white.day3_AGTGGGAAGGCTAGGT-1	12
white.day3_AGTGGGAAGGGATACC-1	11
white.day3_AGTGGGAAGTCAAGGC-1	10
white.day3_AGTGGGAAGTCATCCA-1	8
white.day3_AGTGGGAAGTTGAGTA-1	10
white.day3_AGTGGGACAACTTGAC-1	10
white.day3_AGTGGGACACGCCAGT-1	8
white.day3_AGTGGGACAGATCGGA-1	12
white.day3_AGTGGGACAGCCAGAA-1	7
white.day3_AGTGGGACAGGACCCT-1	7
white.day3_AGTGGGACATCCTAGA-1	12
white.day3_AGTGGGACATTCTCAT-1	10
white.day3_AGTGGGACATTTGCTT-1	9
white.day3_AGTGGGAGTTGATTGC-1	12
white.day3_AGTGGGAGTTGGTAAA-1	8
white.day3_AGTGGGATCAACGCTA-1	7
white.day3_AGTGGGATCCGTCAAA-1	7
white.day3_AGTGGGATCTACTTAC-1	10
white.day3_AGTGGGATCTGACCTC-1	8
white.day3_AGTGGGATCTGATACG-1	11
white.day3_AGTGTCAAGAAACCGC-1	12
white.day3_AGTGTCAAGAGGTACC-1	7
white.day3_AGTGTCAAGAGGTTAT-1	9
white.day3_AGTGTCAAGATCTGCT-1	5
white.day3_AGTGTCAAGCAGATCG-1	12
white.day3_AGTGTCAAGGAATTAC-1	7
white.day3_AGTGTCAAGGACATTA-1	10
white.day3_AGTGTCAAGGATCGCA-1	12
white.day3_AGTGTCAAGGCTAGGT-1	12
white.day3_AGTGTCAAGGCTCATT-1	10
white.day3_AGTGTCAAGGGTGTTG-1	9
white.day3_AGTGTCAAGGTGATAT-1	6
white.day3_AGTGTCAAGTACATGA-1	10
white.day3_AGTGTCAAGTAGGCCA-1	8
white.day3_AGTGTCAAGTATCTCG-1	8
white.day3_AGTGTCAAGTGAATTG-1	9
white.day3_AGTGTCAAGTTCGCGC-1	9
white.day3_AGTGTCACAAACCTAC-1	8
white.day3_AGTGTCACACCAGGTC-1	12
white.day3_AGTGTCACACCATGTA-1	7
white.day3_AGTGTCACAGTACACT-1	12
white.day3_AGTGTCACATCAGTAC-1	9
white.day3_AGTGTCAGTCATCCCT-1	12
white.day3_AGTGTCAGTCCAAGTT-1	12
white.day3_AGTGTCAGTGACGCCT-1	8
white.day3_AGTGTCAGTGAGCGAT-1	8
white.day3_AGTGTCAGTGGCCCTA-1	11
white.day3_AGTGTCAGTTACCGAT-1	11
white.day3_AGTGTCAGTTCTCATT-1	12
white.day3_AGTGTCATCAAACAAG-1	4
white.day3_AGTGTCATCCTGCAGG-1	9
white.day3_AGTGTCATCGCTTGTC-1	10
white.day3_AGTGTCATCTGACCTC-1	12
white.day3_AGTTGGTAGACGCAAC-1	9
white.day3_AGTTGGTAGACTGGGT-1	7
white.day3_AGTTGGTAGAGAACAG-1	8
white.day3_AGTTGGTAGAGTCTGG-1	12
white.day3_AGTTGGTAGCATCATC-1	12
white.day3_AGTTGGTAGGCTCTTA-1	8
white.day3_AGTTGGTAGTCGTTTG-1	12
white.day3_AGTTGGTAGTTTAGGA-1	12
white.day3_AGTTGGTCAACTTGAC-1	12
white.day3_AGTTGGTCACCAGGCT-1	8
white.day3_AGTTGGTCACCTCGTT-1	9
white.day3_AGTTGGTCAGCTCCGA-1	7
white.day3_AGTTGGTCAGTATAAG-1	10
white.day3_AGTTGGTCATCTCCCA-1	12
white.day3_AGTTGGTCATTAACCG-1	10
white.day3_AGTTGGTGTAAGAGAG-1	11
white.day3_AGTTGGTGTAAGCACG-1	10
white.day3_AGTTGGTGTAGCAAAT-1	12
white.day3_AGTTGGTGTCCCTTGT-1	10
white.day3_AGTTGGTGTCCGTGAC-1	12
white.day3_AGTTGGTGTCGGGTCT-1	8
white.day3_AGTTGGTGTGATGATA-1	12
white.day3_AGTTGGTGTGCCTGCA-1	9
white.day3_AGTTGGTGTTCCAACA-1	12
white.day3_AGTTGGTGTTTGTGTG-1	12
white.day3_AGTTGGTTCAACGGGA-1	12
white.day3_AGTTGGTTCCAAAGTC-1	7
white.day3_AGTTGGTTCTCATTCA-1	8
white.day3_AGTTGGTTCTCTAAGG-1	8
white.day3_ATAACGCAGAATCTCC-1	12
white.day3_ATAACGCAGAGATGAG-1	10
white.day3_ATAACGCAGGGAGTAA-1	12
white.day3_ATAACGCCAAGTTAAG-1	10
white.day3_ATAACGCCAATCGGTT-1	12
white.day3_ATAACGCCACCAGTTA-1	12
white.day3_ATAACGCCACGCCAGT-1	9
white.day3_ATAACGCCACGTCAGC-1	12
white.day3_ATAACGCCAGCTTAAC-1	7
white.day3_ATAACGCCAGGTCTCG-1	9
white.day3_ATAACGCCATATACCG-1	7
white.day3_ATAACGCCATGCAACT-1	11
white.day3_ATAACGCCATGGATGG-1	8
white.day3_ATAACGCCATTAGGCT-1	11
white.day3_ATAACGCGTCATGCAT-1	7
white.day3_ATAACGCGTCGCTTTC-1	9
white.day3_ATAACGCGTTACCGAT-1	9
white.day3_ATAACGCGTTGGTGGA-1	12
white.day3_ATAACGCTCAAGAAGT-1	11
white.day3_ATAACGCTCATGGTCA-1	11
white.day3_ATAACGCTCCGCTGTT-1	4
white.day3_ATAACGCTCGTTTGCC-1	12
white.day3_ATAACGCTCTGGAGCC-1	12
white.day3_ATAACGCTCTTGCATT-1	7
white.day3_ATAAGAGAGACACTAA-1	8
white.day3_ATAAGAGAGACAGGCT-1	8
white.day3_ATAAGAGAGCCGCCTA-1	12
white.day3_ATAAGAGAGCTGAAAT-1	6
white.day3_ATAAGAGAGGGTTTCT-1	8
white.day3_ATAAGAGAGTGCTGCC-1	12
white.day3_ATAAGAGCACATAACC-1	10
white.day3_ATAAGAGGTATGGTTC-1	10
white.day3_ATAAGAGGTTATCCGA-1	8
white.day3_ATAAGAGTCACGATGT-1	10
white.day3_ATAAGAGTCATCTGTT-1	12
white.day3_ATAAGAGTCCGATATG-1	9
white.day3_ATAAGAGTCCGCAGTG-1	11
white.day3_ATAAGAGTCGCATGAT-1	12
white.day3_ATAAGAGTCTACTCAT-1	12
white.day3_ATAAGAGTCTCGTATT-1	8
white.day3_ATAAGAGTCTGATACG-1	9
white.day3_ATAAGAGTCTGCTGTC-1	9
white.day3_ATAAGAGTCTTGTATC-1	7
white.day3_ATAGACCAGAAACCTA-1	7
white.day3_ATAGACCAGACAAGCC-1	10
white.day3_ATAGACCAGCGATGAC-1	8
white.day3_ATAGACCAGGGTCGAT-1	8
white.day3_ATAGACCAGTATCTCG-1	9
white.day3_ATAGACCAGTGATCGG-1	11
white.day3_ATAGACCAGTGGGCTA-1	11
white.day3_ATAGACCAGTTAAGTG-1	12
white.day3_ATAGACCCAACGATCT-1	12
white.day3_ATAGACCCACTTAAGC-1	10
white.day3_ATAGACCCATGGTTGT-1	9
white.day3_ATAGACCGTACAAGTA-1	11
white.day3_ATAGACCGTAGATTAG-1	12
white.day3_ATAGACCGTAGGCATG-1	7
white.day3_ATAGACCGTGCCTGCA-1	9
white.day3_ATAGACCGTTCACGGC-1	3
white.day3_ATAGACCGTTCAGCGC-1	7
white.day3_ATAGACCTCCCACTTG-1	10
white.day3_ATAGACCTCCGCTGTT-1	7
white.day3_ATAGACCTCCTGTACC-1	7
white.day3_ATAGACCTCGCGTAGC-1	12
white.day3_ATAGACCTCTGCCAGG-1	7
white.day3_ATAGACCTCTTGGGTA-1	12
white.day3_ATCACGAAGAATGTGT-1	10
white.day3_ATCACGAAGAGATGAG-1	8
white.day3_ATCACGAAGAGCCCAA-1	8
white.day3_ATCACGAAGCCCAGCT-1	9
white.day3_ATCACGAAGCTAACAA-1	8
white.day3_ATCACGAAGCTGAACG-1	8
white.day3_ATCACGAAGGAGCGAG-1	9
white.day3_ATCACGAAGGATCGCA-1	10
white.day3_ATCACGAAGGTGATAT-1	12
white.day3_ATCACGAAGGTGCTAG-1	11
white.day3_ATCACGAAGTGCCAGA-1	12
white.day3_ATCACGAAGTGTGAAT-1	11
white.day3_ATCACGAAGTTCGCGC-1	7
white.day3_ATCACGACAAAGCGGT-1	12
white.day3_ATCACGACACTTCGAA-1	11
white.day3_ATCACGACAGATGAGC-1	12
white.day3_ATCACGACATCTCCCA-1	11
white.day3_ATCACGAGTAATCGTC-1	12
white.day3_ATCACGAGTGCCTGTG-1	7
white.day3_ATCACGAGTGTGGCTC-1	7
white.day3_ATCACGAGTTATGTGC-1	12
white.day3_ATCACGAGTTGACGTT-1	10
white.day3_ATCACGAGTTGGAGGT-1	11
white.day3_ATCACGATCAACGCTA-1	10
white.day3_ATCACGATCAATCACG-1	12
white.day3_ATCACGATCACCTTAT-1	8
white.day3_ATCACGATCAGATAAG-1	12
white.day3_ATCACGATCCTCTAGC-1	11
white.day3_ATCACGATCGATAGAA-1	10
white.day3_ATCACGATCGTACCGG-1	12
white.day3_ATCATCTAGAGTCTGG-1	5
white.day3_ATCATCTCAAGCTGAG-1	8
white.day3_ATCATCTCACATGGGA-1	12
white.day3_ATCATCTCACCTCGGA-1	9
white.day3_ATCATCTCACTCTGTC-1	12
white.day3_ATCATCTCAGGAACGT-1	11
white.day3_ATCATCTCAGGCTCAC-1	12
white.day3_ATCATCTCATTTCAGG-1	10
white.day3_ATCATCTGTCACTTCC-1	11
white.day3_ATCATCTGTCTAGGTT-1	8
white.day3_ATCATCTGTTACGGAG-1	12
white.day3_ATCATCTTCAAGGCTT-1	8
white.day3_ATCATCTTCACAAACC-1	8
white.day3_ATCATCTTCCAGGGCT-1	7
white.day3_ATCATCTTCCGAGCCA-1	11
white.day3_ATCATCTTCCGTCATC-1	8
white.day3_ATCATCTTCCTGTAGA-1	7
white.day3_ATCATCTTCGGAATCT-1	12
white.day3_ATCATCTTCGGCTTGG-1	6
white.day3_ATCATGGAGAGACGAA-1	8
white.day3_ATCATGGAGAGCCTAG-1	12
white.day3_ATCATGGAGAGGTAGA-1	7
white.day3_ATCATGGAGATAGGAG-1	6
white.day3_ATCATGGAGCTGATAA-1	11
white.day3_ATCATGGAGCTTCGCG-1	10
white.day3_ATCATGGAGGGCATGT-1	8
white.day3_ATCATGGAGGGCTCTC-1	11
white.day3_ATCATGGAGTACGTTC-1	8
white.day3_ATCATGGAGTCAAGCG-1	11
white.day3_ATCATGGAGTGCGATG-1	9
white.day3_ATCATGGAGTGTCCAT-1	11
white.day3_ATCATGGCACGTTGGC-1	10
white.day3_ATCATGGCAGCTCGAC-1	10
white.day3_ATCATGGCAGGCGATA-1	12
white.day3_ATCATGGCATGGTCAT-1	6
white.day3_ATCATGGTCAATACCG-1	12
white.day3_ATCATGGTCAATCACG-1	9
white.day3_ATCATGGTCAGGATCT-1	8
white.day3_ATCATGGTCAGGCAAG-1	10
white.day3_ATCATGGTCAGTCCCT-1	12
white.day3_ATCATGGTCATGTCCC-1	11
white.day3_ATCATGGTCCTTTCTC-1	12
white.day3_ATCATGGTCTCGCTTG-1	12
white.day3_ATCCACCAGAATGTGT-1	9
white.day3_ATCCACCAGACGCACA-1	10
white.day3_ATCCACCAGCTTTGGT-1	12
white.day3_ATCCACCAGGGAAACA-1	8
white.day3_ATCCACCAGGTGCACA-1	8
white.day3_ATCCACCAGTCGATAA-1	11
white.day3_ATCCACCCAATCAGAA-1	8
white.day3_ATCCACCCAATCCAAC-1	12
white.day3_ATCCACCCATACGCTA-1	8
white.day3_ATCCACCCATGCATGT-1	10
white.day3_ATCCACCGTACTTGAC-1	6
white.day3_ATCCACCGTCAAGCGA-1	7
white.day3_ATCCACCGTCTGGAGA-1	12
white.day3_ATCCACCGTGGGTCAA-1	7
white.day3_ATCCACCGTTACCGAT-1	10
white.day3_ATCCACCTCACAACGT-1	12
white.day3_ATCCACCTCCCTTGTG-1	6
white.day3_ATCCACCTCGTTTATC-1	8
white.day3_ATCCACCTCTGGTTCC-1	8
white.day3_ATCCGAAAGAAAGTGG-1	9
white.day3_ATCCGAAAGAGATGAG-1	9
white.day3_ATCCGAAAGAGTGAGA-1	12
white.day3_ATCCGAAAGCCACCTG-1	7
white.day3_ATCCGAAAGCCACTAT-1	12
white.day3_ATCCGAAAGCCAGTTT-1	9
white.day3_ATCCGAAAGCCCAACC-1	8
white.day3_ATCCGAAAGCTGATAA-1	10
white.day3_ATCCGAAAGGAGTAGA-1	7
white.day3_ATCCGAAAGGGAAACA-1	12
white.day3_ATCCGAACAAGCTGGA-1	9
white.day3_ATCCGAACAATCGGTT-1	8
white.day3_ATCCGAACACTGAAGG-1	10
white.day3_ATCCGAAGTGTCTGAT-1	10
white.day3_ATCCGAAGTTACCAGT-1	4
white.day3_ATCCGAATCCACTGGG-1	10
white.day3_ATCCGAATCCGATATG-1	11
white.day3_ATCCGAATCCGCGTTT-1	10
white.day3_ATCCGAATCGAGAACG-1	8
white.day3_ATCCGAATCGGTGTCG-1	7
white.day3_ATCCGAATCGTGACAT-1	12
white.day3_ATCCGAATCTGCCAGG-1	7
white.day3_ATCCGAATCTTCCTTC-1	7
white.day3_ATCGAGTAGCGATATA-1	10
white.day3_ATCGAGTAGGTTCCTA-1	12
white.day3_ATCGAGTAGTGTCCAT-1	8
white.day3_ATCGAGTCAGTAAGAT-1	8
white.day3_ATCGAGTCATGATCCA-1	12
white.day3_ATCGAGTGTAAGAGGA-1	12
white.day3_ATCGAGTGTAAGTGTA-1	11
white.day3_ATCGAGTGTAGGAGTC-1	6
white.day3_ATCGAGTGTGTTGAGG-1	9
white.day3_ATCGAGTTCAGATAAG-1	8
white.day3_ATCGAGTTCCTAGTGA-1	12
white.day3_ATCGAGTTCTGCCAGG-1	8
white.day3_ATCGAGTTCTTCGAGA-1	7
white.day3_ATCGAGTTCTTGTATC-1	11
white.day3_ATCTACTAGACAAAGG-1	10
white.day3_ATCTACTAGCTGCGAA-1	12
white.day3_ATCTACTAGGCATGTG-1	7
white.day3_ATCTACTAGGCGATAC-1	10
white.day3_ATCTACTAGGCTAGGT-1	8
white.day3_ATCTACTAGTCGTACT-1	12
white.day3_ATCTACTCAACTGGCC-1	12
white.day3_ATCTACTCAAGCCCAC-1	9
white.day3_ATCTACTCAATGTAAG-1	12
white.day3_ATCTACTCACGTCTCT-1	8
white.day3_ATCTACTCAGGCGATA-1	7
white.day3_ATCTACTCATCCGGGT-1	11
white.day3_ATCTACTCATGTTCCC-1	10
white.day3_ATCTACTCATTAGCCA-1	7
white.day3_ATCTACTGTATCACCA-1	7
white.day3_ATCTACTGTTCATGGT-1	12
white.day3_ATCTACTTCAAGGCTT-1	9
white.day3_ATCTACTTCATCTGTT-1	11
white.day3_ATCTACTTCGTTGACA-1	10
white.day3_ATCTGCCAGAAGGGTA-1	12
white.day3_ATCTGCCAGAGAACAG-1	10
white.day3_ATCTGCCAGCGTGAGT-1	12
white.day3_ATCTGCCAGTACACCT-1	5
white.day3_ATCTGCCAGTACTTGC-1	11
white.day3_ATCTGCCAGTCGTACT-1	12
white.day3_ATCTGCCAGTTGCAGG-1	12
white.day3_ATCTGCCCAGATCCAT-1	10
white.day3_ATCTGCCCAGCTTAAC-1	12
white.day3_ATCTGCCGTCCGAAGA-1	7
white.day3_ATCTGCCGTTACGCGC-1	8
white.day3_ATCTGCCGTTCTGGTA-1	10
white.day3_ATCTGCCGTTTGACTG-1	6
white.day3_ATCTGCCTCGCCATAA-1	9
white.day3_ATCTGCCTCGCCTGAG-1	6
white.day3_ATGAGGGAGAATGTGT-1	12
white.day3_ATGAGGGAGAGGTTGC-1	12
white.day3_ATGAGGGAGCGAAGGG-1	8
white.day3_ATGAGGGAGGCTCATT-1	9
white.day3_ATGAGGGAGTGTCCAT-1	10
white.day3_ATGAGGGAGTTCGCGC-1	12
white.day3_ATGAGGGCAAGACGTG-1	12
white.day3_ATGAGGGCAAGCTGAG-1	8
white.day3_ATGAGGGCACAAGACG-1	7
white.day3_ATGAGGGCACTGTCGG-1	7
white.day3_ATGAGGGCAGCAGTTT-1	9
white.day3_ATGAGGGGTAGCGCTC-1	9
white.day3_ATGAGGGGTAGTGAAT-1	12
white.day3_ATGAGGGGTCAGAATA-1	11
white.day3_ATGAGGGGTGCCTGGT-1	10
white.day3_ATGAGGGGTTAAGATG-1	6
white.day3_ATGAGGGTCAGTGTTG-1	7
white.day3_ATGAGGGTCCGCATCT-1	10
white.day3_ATGAGGGTCGGCATCG-1	12
white.day3_ATGAGGGTCTAGCACA-1	11
white.day3_ATGCGATAGACGCAAC-1	9
white.day3_ATGCGATAGCAATATG-1	8
white.day3_ATGCGATAGCGATCCC-1	6
white.day3_ATGCGATAGGTTACCT-1	11
white.day3_ATGCGATAGTAGGTGC-1	7
white.day3_ATGCGATAGTCATGCT-1	8
white.day3_ATGCGATAGTTTCCTT-1	8
white.day3_ATGCGATAGTTTGCGT-1	12
white.day3_ATGCGATCACCGCTAG-1	9
white.day3_ATGCGATCACGAGGTA-1	9
white.day3_ATGCGATCACGGACAA-1	8
white.day3_ATGCGATCATGGTCAT-1	9
white.day3_ATGCGATGTAGCTGCC-1	10
white.day3_ATGCGATGTCGCCATG-1	10
white.day3_ATGCGATGTCGTGGCT-1	12
white.day3_ATGCGATGTGACAAAT-1	9
white.day3_ATGCGATGTGAGTGAC-1	12
white.day3_ATGCGATGTTCGTCTC-1	7
white.day3_ATGCGATTCACGACTA-1	8
white.day3_ATGCGATTCCCTAACC-1	10
white.day3_ATGCGATTCTCCTATA-1	12
white.day3_ATGCGATTCTTGAGAC-1	8
white.day3_ATGGGAGAGGTAGCTG-1	12
white.day3_ATGGGAGCAACCGCCA-1	12
white.day3_ATGGGAGCACACTGCG-1	9
white.day3_ATGGGAGCACCAGGCT-1	8
white.day3_ATGGGAGCACTTAAGC-1	11
white.day3_ATGGGAGCAGATGGGT-1	9
white.day3_ATGGGAGCAGCAGTTT-1	12
white.day3_ATGGGAGCATCCCATC-1	12
white.day3_ATGGGAGCATGAACCT-1	12
white.day3_ATGGGAGCATGATCCA-1	5
white.day3_ATGGGAGCATGGTAGG-1	5
white.day3_ATGGGAGGTAACGCGA-1	12
white.day3_ATGGGAGGTCTAGCCG-1	6
white.day3_ATGGGAGGTGACAAAT-1	12
white.day3_ATGGGAGGTTCCTCCA-1	8
white.day3_ATGGGAGTCAGTCAGT-1	9
white.day3_ATGGGAGTCCGCGTTT-1	8
white.day3_ATGGGAGTCCTATTCA-1	11
white.day3_ATGGGAGTCGGAAATA-1	9
white.day3_ATGGGAGTCTATCCTA-1	11
white.day3_ATGTGTGAGAGACTTA-1	8
white.day3_ATGTGTGAGGCTATCT-1	8
white.day3_ATGTGTGAGTCAATAG-1	10
white.day3_ATGTGTGCACAGTCGC-1	8
white.day3_ATGTGTGCAGCTGTAT-1	12
white.day3_ATGTGTGCAGGTCCAC-1	12
white.day3_ATGTGTGGTACATCCA-1	7
white.day3_ATGTGTGGTACCGAGA-1	10
white.day3_ATGTGTGGTCAGCTAT-1	12
white.day3_ATGTGTGGTCGCGGTT-1	7
white.day3_ATGTGTGGTCTCCCTA-1	12
white.day3_ATGTGTGGTCTTGATG-1	11
white.day3_ATGTGTGGTTGACGTT-1	8
white.day3_ATGTGTGGTTGGAGGT-1	7
white.day3_ATGTGTGTCGGCCGAT-1	12
white.day3_ATGTGTGTCTGCTGCT-1	8
white.day3_ATTACTCAGAGTACCG-1	9
white.day3_ATTACTCAGCGATCCC-1	12
white.day3_ATTACTCAGCGCCTCA-1	10
white.day3_ATTACTCAGCTGAACG-1	12
white.day3_ATTACTCAGGGTATCG-1	12
white.day3_ATTACTCAGGTGTTAA-1	12
white.day3_ATTACTCAGTCATCCA-1	11
white.day3_ATTACTCCAAGTCTAC-1	12
white.day3_ATTACTCCACAGATTC-1	9
white.day3_ATTACTCCATAGTAAG-1	12
white.day3_ATTACTCCATGCTGGC-1	10
white.day3_ATTACTCCATGTAGTC-1	10
white.day3_ATTACTCGTAGCAAAT-1	9
white.day3_ATTACTCGTCCGTTAA-1	10
white.day3_ATTACTCGTCGCATAT-1	12
white.day3_ATTACTCGTGTATGGG-1	12
white.day3_ATTACTCTCAGAGGTG-1	11
white.day3_ATTACTCTCCCAAGTA-1	9
white.day3_ATTACTCTCGGTGTCG-1	12
white.day3_ATTACTCTCGTGGTCG-1	10
white.day3_ATTACTCTCTAACGGT-1	12
white.day3_ATTATCCAGAAGATTC-1	5
white.day3_ATTATCCAGATCGATA-1	10
white.day3_ATTATCCAGTGTACCT-1	12
white.day3_ATTATCCAGTGTTTGC-1	8
white.day3_ATTATCCCAAATACAG-1	12
white.day3_ATTATCCCACAGGAGT-1	10
white.day3_ATTATCCCACATTTCT-1	10
white.day3_ATTATCCCAGAAGCAC-1	11
white.day3_ATTATCCCAGCTTCGG-1	8
white.day3_ATTATCCCATCCCACT-1	10
white.day3_ATTATCCCATGAACCT-1	10
white.day3_ATTATCCCATGCATGT-1	12
white.day3_ATTATCCGTACAAGTA-1	9
white.day3_ATTATCCGTCATTAGC-1	7
white.day3_ATTATCCGTCCTCTTG-1	8
white.day3_ATTATCCTCAAGCCTA-1	8
white.day3_ATTATCCTCCACGTGG-1	10
white.day3_ATTATCCTCCTCAACC-1	9
white.day3_ATTATCCTCTTCAACT-1	12
white.day3_ATTCTACAGAGACTTA-1	12
white.day3_ATTCTACAGAGGTTAT-1	11
white.day3_ATTCTACAGAGTACCG-1	11
white.day3_ATTCTACAGGTTCCTA-1	4
white.day3_ATTCTACAGTACCGGA-1	9
white.day3_ATTCTACAGTTGAGTA-1	12
white.day3_ATTCTACCAACACCTA-1	11
white.day3_ATTCTACCACGCTTTC-1	7
white.day3_ATTCTACCACGGACAA-1	10
white.day3_ATTCTACCATCACGTA-1	12
white.day3_ATTCTACGTAGCCTAT-1	10
white.day3_ATTCTACGTCTGATTG-1	8
white.day3_ATTCTACTCAACACGT-1	6
white.day3_ATTCTACTCACGACTA-1	8
white.day3_ATTCTACTCGTTGACA-1	11
white.day3_ATTGGACAGCAAATCA-1	8
white.day3_ATTGGACAGGAGTTGC-1	11
white.day3_ATTGGACAGGATCGCA-1	7
white.day3_ATTGGACAGGATGCGT-1	10
white.day3_ATTGGACAGTTGAGTA-1	12
white.day3_ATTGGACCAAACGTGG-1	8
white.day3_ATTGGACCAAAGCGGT-1	10
white.day3_ATTGGACCAAATTGCC-1	10
white.day3_ATTGGACCAATCGGTT-1	12
white.day3_ATTGGACCACCCAGTG-1	8
white.day3_ATTGGACCACGAGAGT-1	10
white.day3_ATTGGACCACGGTGTC-1	12
white.day3_ATTGGACCACTGTCGG-1	10
white.day3_ATTGGACCAGCAGTTT-1	9
white.day3_ATTGGACCATGCTAGT-1	8
white.day3_ATTGGACGTAGAGCTG-1	12
white.day3_ATTGGACGTCCTGCTT-1	12
white.day3_ATTGGACGTGTGAAAT-1	11
white.day3_ATTGGACGTTCAACCA-1	7
white.day3_ATTGGACGTTGATTGC-1	5
white.day3_ATTGGACGTTGCTCCT-1	7
white.day3_ATTGGACTCAAACCGT-1	10
white.day3_ATTGGACTCATCGCTC-1	9
white.day3_ATTGGACTCCAAACAC-1	11
white.day3_ATTGGACTCCGAGCCA-1	12
white.day3_ATTGGACTCGACAGCC-1	11
white.day3_ATTGGACTCTGTCTAT-1	9
white.day3_ATTGGTGAGACCACGA-1	11
white.day3_ATTGGTGAGCTAGTCT-1	9
white.day3_ATTGGTGAGTGGAGTC-1	5
white.day3_ATTGGTGAGTGGGTTG-1	7
white.day3_ATTGGTGAGTGTTGAA-1	9
white.day3_ATTGGTGCAAGACACG-1	11
white.day3_ATTGGTGCAATACGCT-1	9
white.day3_ATTGGTGCAGCTTAAC-1	9
white.day3_ATTGGTGCATCGGTTA-1	8
white.day3_ATTGGTGCATCGTCGG-1	8
white.day3_ATTGGTGCATCTACGA-1	10
white.day3_ATTGGTGCATCTGGTA-1	9
white.day3_ATTGGTGCATGGGAAC-1	7
white.day3_ATTGGTGGTAAAGTCA-1	12
white.day3_ATTGGTGGTCAAACTC-1	9
white.day3_ATTGGTGGTCAGAGGT-1	6
white.day3_ATTGGTGTCATCTGTT-1	11
white.day3_ATTGGTGTCATGTAGC-1	11
white.day3_ATTGGTGTCCAGTATG-1	8
white.day3_ATTGGTGTCGGAGCAA-1	3
white.day3_ATTGGTGTCGTGGGAA-1	7
white.day3_ATTTCTGAGCGTTCCG-1	12
white.day3_ATTTCTGAGTCGTACT-1	9
white.day3_ATTTCTGAGTTTGCGT-1	11
white.day3_ATTTCTGCAGACGTAG-1	7
white.day3_ATTTCTGCAGAGTGTG-1	11
white.day3_ATTTCTGCAGTCCTTC-1	11
white.day3_ATTTCTGCATCTCCCA-1	8
white.day3_ATTTCTGCATGAACCT-1	12
white.day3_ATTTCTGCATGTCGAT-1	10
white.day3_ATTTCTGGTAAGTGGC-1	10
white.day3_ATTTCTGGTAGAAGGA-1	10
white.day3_ATTTCTGGTATGAAAC-1	12
white.day3_ATTTCTGGTGGTACAG-1	9
white.day3_ATTTCTGGTGTAAGTA-1	12
white.day3_ATTTCTGGTTAAGAAC-1	9
white.day3_ATTTCTGGTTCCCTTG-1	7
white.day3_ATTTCTGTCATTTGGG-1	8
white.day3_ATTTCTGTCTATCGCC-1	10
white.day3_CAACCAAAGAAGGTTT-1	3
white.day3_CAACCAAAGATGAGAG-1	8
white.day3_CAACCAAAGCAGGCTA-1	7
white.day3_CAACCAAAGCCAGAAC-1	9
white.day3_CAACCAAAGCGCTTAT-1	7
white.day3_CAACCAAAGGTAAACT-1	9
white.day3_CAACCAAAGTCGTTTG-1	10
white.day3_CAACCAAAGTGGGCTA-1	12
white.day3_CAACCAACAATGGATA-1	12
white.day3_CAACCAACACCAGCAC-1	12
white.day3_CAACCAACACCGTTGG-1	8
white.day3_CAACCAACACGACGAA-1	8
white.day3_CAACCAACACTTAAGC-1	8
white.day3_CAACCAACAGATCCAT-1	7
white.day3_CAACCAACAGCTGGCT-1	9
white.day3_CAACCAACAGGCTGAA-1	12
white.day3_CAACCAACAGTAGAGC-1	12
white.day3_CAACCAACAGTCAGCC-1	12
white.day3_CAACCAACATCCGCGA-1	11
white.day3_CAACCAAGTAACGCGA-1	9
white.day3_CAACCAAGTCGCGAAA-1	10
white.day3_CAACCAAGTGACAAAT-1	7
white.day3_CAACCAAGTGAGTGAC-1	9
white.day3_CAACCAAGTGTGAATA-1	8
white.day3_CAACCAATCACCCGAG-1	10
white.day3_CAACCAATCATACGGT-1	12
white.day3_CAACCAATCGGTCCGA-1	11
white.day3_CAACCTCAGCAATATG-1	8
white.day3_CAACCTCAGCGATCCC-1	12
white.day3_CAACCTCAGGACCACA-1	12
white.day3_CAACCTCAGTGCAAGC-1	12
white.day3_CAACCTCAGTGTCTCA-1	12
white.day3_CAACCTCCAACTGCTA-1	9
white.day3_CAACCTCCATAGTAAG-1	7
white.day3_CAACCTCCATGAGCGA-1	10
white.day3_CAACCTCCATGCAACT-1	11
white.day3_CAACCTCGTAATCGTC-1	9
white.day3_CAACCTCGTACATGTC-1	12
white.day3_CAACCTCGTAGAGTGC-1	10
white.day3_CAACCTCGTCCAACTA-1	10
white.day3_CAACCTCGTGAGTGAC-1	10
white.day3_CAACCTCGTGTGGTTT-1	10
white.day3_CAACCTCGTTAAAGTG-1	12
white.day3_CAACCTCTCACAAACC-1	8
white.day3_CAACCTCTCACCAGGC-1	12
white.day3_CAACCTCTCACGGTTA-1	9
white.day3_CAACCTCTCAGATAAG-1	12
white.day3_CAACCTCTCAGTACGT-1	10
white.day3_CAACCTCTCGAACTGT-1	8
white.day3_CAACCTCTCGTCCAGG-1	9
white.day3_CAACCTCTCTGGAGCC-1	12
white.day3_CAACTAGAGACAATAC-1	7
white.day3_CAACTAGAGAGGGCTT-1	12
white.day3_CAACTAGAGCCAACAG-1	10
white.day3_CAACTAGAGGAATTAC-1	11
white.day3_CAACTAGAGGGATACC-1	12
white.day3_CAACTAGAGTTAGCGG-1	9
white.day3_CAACTAGCAAGTAGTA-1	7
white.day3_CAACTAGCAATAAGCA-1	10
white.day3_CAACTAGCACAACGCC-1	8
white.day3_CAACTAGCAGCTCCGA-1	8
white.day3_CAACTAGCATATACGC-1	9
white.day3_CAACTAGCATCTCCCA-1	11
white.day3_CAACTAGCATGTTGAC-1	11
white.day3_CAACTAGCATTCCTGC-1	12
white.day3_CAACTAGGTAGAGTGC-1	10
white.day3_CAACTAGGTCATCGGC-1	11
white.day3_CAACTAGGTTCTGGTA-1	8
white.day3_CAACTAGTCTCGATGA-1	11
white.day3_CAACTAGTCTGTCTCG-1	12
white.day3_CAAGAAAAGAGTGACC-1	12
white.day3_CAAGAAAAGCCAACAG-1	8
white.day3_CAAGAAAAGTTTGCGT-1	10
white.day3_CAAGAAACAAGACGTG-1	12
white.day3_CAAGAAACAATCACAC-1	7
white.day3_CAAGAAACACATGTGT-1	12
white.day3_CAAGAAACACCTATCC-1	6
white.day3_CAAGAAACAGCGTTCG-1	7
white.day3_CAAGAAACAGTTCATG-1	8
white.day3_CAAGAAAGTCGATTGT-1	9
white.day3_CAAGAAAGTGTGACCC-1	12
white.day3_CAAGAAAGTTTGACTG-1	10
white.day3_CAAGAAATCACGGTTA-1	10
white.day3_CAAGAAATCGAGAGCA-1	10
white.day3_CAAGAAATCGGAGCAA-1	11
white.day3_CAAGAAATCGGGAGTA-1	8
white.day3_CAAGAAATCTAACTCT-1	9
white.day3_CAAGAAATCTACTCAT-1	12
white.day3_CAAGAAATCTGAAAGA-1	12
white.day3_CAAGAAATCTGCGACG-1	12
white.day3_CAAGAAATCTTTCCTC-1	10
white.day3_CAAGATCAGAATGTTG-1	8
white.day3_CAAGATCAGACAAAGG-1	8
white.day3_CAAGATCAGAGTGACC-1	12
white.day3_CAAGATCAGATCCTGT-1	10
white.day3_CAAGATCAGCAGGCTA-1	7
white.day3_CAAGATCAGGCGCTCT-1	8
white.day3_CAAGATCCAACGATGG-1	10
white.day3_CAAGATCCAACGCACC-1	12
white.day3_CAAGATCCAATCGGTT-1	7
white.day3_CAAGATCCAATTCCTT-1	6
white.day3_CAAGATCCAGTCACTA-1	7
white.day3_CAAGATCCAGTGGGAT-1	12
white.day3_CAAGATCCATCCTAGA-1	10
white.day3_CAAGATCCATGCCCGA-1	9
white.day3_CAAGATCCATGCTGGC-1	9
white.day3_CAAGATCCATGGGACA-1	7
white.day3_CAAGATCGTAGAAGGA-1	10
white.day3_CAAGATCGTCCCTTGT-1	6
white.day3_CAAGATCGTCTAAACC-1	8
white.day3_CAAGATCGTCTGATTG-1	9
white.day3_CAAGATCGTGCAACGA-1	10
white.day3_CAAGATCGTGTCCTCT-1	8
white.day3_CAAGATCGTTCTCATT-1	5
white.day3_CAAGATCTCACAATGC-1	10
white.day3_CAAGATCTCACCTCGT-1	8
white.day3_CAAGATCTCACGAAGG-1	5
white.day3_CAAGATCTCACTGGGC-1	12
white.day3_CAAGATCTCATCTGTT-1	8
white.day3_CAAGATCTCGGCGGTT-1	12
white.day3_CAAGATCTCTTGGGTA-1	7
white.day3_CAAGGCCAGAGTTGGC-1	12
white.day3_CAAGGCCAGCACACAG-1	12
white.day3_CAAGGCCCACGACTCG-1	10
white.day3_CAAGGCCCACGGCCAT-1	12
white.day3_CAAGGCCCACTTGGAT-1	12
white.day3_CAAGGCCCAGCTGCTG-1	12
white.day3_CAAGGCCGTATCAGTC-1	9
white.day3_CAAGGCCGTCTGCGGT-1	11
white.day3_CAAGGCCTCGAGCCCA-1	7
white.day3_CAAGGCCTCGCCTGAG-1	11
white.day3_CAAGGCCTCTAACTCT-1	12
white.day3_CAAGGCCTCTCCTATA-1	11
white.day3_CAAGGCCTCTCTTATG-1	12
white.day3_CAAGTTGAGAGGTTAT-1	6
white.day3_CAAGTTGAGGCGATAC-1	7
white.day3_CAAGTTGCAACTTGAC-1	9
white.day3_CAAGTTGCAAGCGCTC-1	8
white.day3_CAAGTTGCACACCGCA-1	12
white.day3_CAAGTTGCACGAGAGT-1	12
white.day3_CAAGTTGCAGATCTGT-1	12
white.day3_CAAGTTGCAGCGAACA-1	9
white.day3_CAAGTTGCAGTCGTGC-1	10
white.day3_CAAGTTGCATCCGTGG-1	7
white.day3_CAAGTTGCATCGATGT-1	12
white.day3_CAAGTTGGTAAGCACG-1	10
white.day3_CAAGTTGGTATGGTTC-1	10
white.day3_CAAGTTGGTGATGTCT-1	8
white.day3_CAAGTTGTCAACCATG-1	12
white.day3_CAAGTTGTCCTATGTT-1	9
white.day3_CAAGTTGTCCTTTACA-1	12
white.day3_CAAGTTGTCGTCACGG-1	9
white.day3_CACAAACAGACGACGT-1	8
white.day3_CACAAACAGAGTAAGG-1	11
white.day3_CACAAACAGATACACA-1	9
white.day3_CACAAACAGGAATGGA-1	12
white.day3_CACAAACAGGCTCAGA-1	11
white.day3_CACAAACAGTCCCACG-1	6
white.day3_CACAAACCAACTGCTA-1	8
white.day3_CACAAACCACCTATCC-1	7
white.day3_CACAAACCAGAGTGTG-1	6
white.day3_CACAAACCAGCGATCC-1	9
white.day3_CACAAACCAGGGTACA-1	8
white.day3_CACAAACCAGTATGCT-1	12
white.day3_CACAAACGTCAATACC-1	12
white.day3_CACAAACGTCCAGTAT-1	12
white.day3_CACAAACGTTCGTTGA-1	9
white.day3_CACAAACGTTGTACAC-1	8
white.day3_CACAAACTCATCGCTC-1	12
white.day3_CACAAACTCCACGTGG-1	8
white.day3_CACAAACTCCGGGTGT-1	12
white.day3_CACAAACTCGCCGTGA-1	10
white.day3_CACAAACTCGCGATCG-1	11
white.day3_CACAAACTCGCGGATC-1	12
white.day3_CACAAACTCGTCGTTC-1	7
white.day3_CACACAAAGCGTTGCC-1	12
white.day3_CACACAAAGCTGTTCA-1	10
white.day3_CACACAAAGGTGTTAA-1	12
white.day3_CACACAAAGTACGCGA-1	8
white.day3_CACACAACACCAGATT-1	5
white.day3_CACACAACACCTCGGA-1	7
white.day3_CACACAACACGGCCAT-1	9
white.day3_CACACAACACTTCGAA-1	10
white.day3_CACACAACATAGTAAG-1	12
white.day3_CACACAACATGAGCGA-1	12
white.day3_CACACAAGTAACGCGA-1	9
white.day3_CACACAAGTAGCGCTC-1	10
white.day3_CACACAAGTAGGACAC-1	8
white.day3_CACACAAGTAGGCTGA-1	7
white.day3_CACACAAGTAGTACCT-1	7
white.day3_CACACAAGTCGTGGCT-1	10
white.day3_CACACAAGTGAACCTT-1	8
white.day3_CACACAAGTGTATGGG-1	9
white.day3_CACACAAGTGTGCGTC-1	7
white.day3_CACACAAGTTTCCACC-1	8
white.day3_CACACAATCAAGAAGT-1	12
white.day3_CACACAATCAGCACAT-1	6
white.day3_CACACAATCCTCAATT-1	7
white.day3_CACACAATCCTTTACA-1	8
white.day3_CACACAATCGGCGCTA-1	7
white.day3_CACACAATCTGCTTGC-1	8
white.day3_CACACCTAGATATGGT-1	9
white.day3_CACACCTAGTCCCACG-1	12
white.day3_CACACCTAGTTGTAGA-1	3
white.day3_CACACCTCACGGCTAC-1	9
white.day3_CACACCTCACTAAGTC-1	11
white.day3_CACACCTCAGCCTATA-1	8
white.day3_CACACCTCAGCCTTTC-1	12
white.day3_CACACCTCATCCGGGT-1	12
white.day3_CACACCTGTGAGTATA-1	12
white.day3_CACACCTGTGCACCAC-1	12
white.day3_CACACCTGTGTGACCC-1	9
white.day3_CACACCTGTTATTCTC-1	8
white.day3_CACACCTGTTTGGCGC-1	8
white.day3_CACACCTTCAAACCGT-1	9
white.day3_CACACCTTCCTAGGGC-1	4
white.day3_CACACCTTCTTAGCCC-1	7
white.day3_CACACTCAGACTTTCG-1	11
white.day3_CACACTCAGAGGTTAT-1	12
white.day3_CACACTCAGCCAGTTT-1	9
white.day3_CACACTCAGCGTGAAC-1	7
white.day3_CACACTCAGCTCTCGG-1	12
white.day3_CACACTCAGTACCGGA-1	9
white.day3_CACACTCAGTATCGAA-1	10
white.day3_CACACTCAGTGGGCTA-1	11
white.day3_CACACTCCAAGCGTAG-1	9
white.day3_CACACTCCAAGGACAC-1	7
white.day3_CACACTCCAAGTCATC-1	10
white.day3_CACACTCCAATGGACG-1	8
white.day3_CACACTCCACATAACC-1	9
white.day3_CACACTCCACCGATAT-1	9
white.day3_CACACTCCACGCCAGT-1	6
white.day3_CACACTCCACTTAAGC-1	12
white.day3_CACACTCCAGCATACT-1	7
white.day3_CACACTCCAGGAATGC-1	11
white.day3_CACACTCGTAGGACAC-1	11
white.day3_CACACTCGTCAAGCGA-1	10
white.day3_CACACTCGTCGAATCT-1	11
white.day3_CACACTCGTTCTCATT-1	8
white.day3_CACACTCTCACGAAGG-1	10
white.day3_CACACTCTCATCTGTT-1	10
white.day3_CACACTCTCGAATCCA-1	11
white.day3_CACACTCTCTACCTGC-1	12
white.day3_CACAGGCAGAGTGACC-1	9
white.day3_CACAGGCAGCCAACAG-1	9
white.day3_CACAGGCAGCGGATCA-1	8
white.day3_CACAGGCAGCTGAAAT-1	8
white.day3_CACAGGCAGGATATAC-1	10
white.day3_CACAGGCAGTCATGCT-1	12
white.day3_CACAGGCAGTGTACGG-1	12
white.day3_CACAGGCAGTTTGCGT-1	11
white.day3_CACAGGCCACGTCTCT-1	11
white.day3_CACAGGCCACTCTGTC-1	9
white.day3_CACAGGCCAGGACGTA-1	12
white.day3_CACAGGCCAGTATGCT-1	8
white.day3_CACAGGCGTCATATCG-1	7
white.day3_CACAGGCGTCTAGTGT-1	12
white.day3_CACAGGCGTTCGTCTC-1	11
white.day3_CACAGGCTCCTCAACC-1	8
white.day3_CACAGGCTCGGTGTTA-1	8
white.day3_CACAGGCTCTGCGGCA-1	10
white.day3_CACAGTAAGACCCACC-1	1
white.day3_CACAGTAAGACTAAGT-1	7
white.day3_CACAGTAAGAGAACAG-1	7
white.day3_CACAGTAAGAGCCTAG-1	8
white.day3_CACAGTAAGAGGGCTT-1	8
white.day3_CACAGTAAGCGATCCC-1	9
white.day3_CACAGTAAGCTTTGGT-1	12
white.day3_CACAGTAAGTCGATAA-1	9
white.day3_CACAGTAAGTGGAGTC-1	11
white.day3_CACAGTAAGTGGTCCC-1	8
white.day3_CACAGTACAAGTACCT-1	12
white.day3_CACAGTACAGTCACTA-1	8
white.day3_CACAGTACATACGCTA-1	12
white.day3_CACAGTACATGCATGT-1	10
white.day3_CACAGTACATGGGAAC-1	12
white.day3_CACAGTAGTACTCTCC-1	10
white.day3_CACAGTAGTTCATGGT-1	12
white.day3_CACAGTAGTTCTGGTA-1	12
white.day3_CACAGTATCATAACCG-1	10
white.day3_CACAGTATCATTTGGG-1	7
white.day3_CACAGTATCCAAGCCG-1	12
white.day3_CACAGTATCCGCGTTT-1	8
white.day3_CACAGTATCTGCGTAA-1	10
white.day3_CACAGTATCTTCGGTC-1	11
white.day3_CACATAGAGAAACCTA-1	8
white.day3_CACATAGAGAGGTTGC-1	9
white.day3_CACATAGAGCGTGAAC-1	10
white.day3_CACATAGAGGGTGTTG-1	10
white.day3_CACATAGCAAGCTGGA-1	7
white.day3_CACATAGCACCAACCG-1	12
white.day3_CACATAGCAGGAATCG-1	8
white.day3_CACATAGCAGGACCCT-1	9
white.day3_CACATAGCAGGATTGG-1	12
white.day3_CACATAGCAGGGAGAG-1	6
white.day3_CACATAGCAGGTTTCA-1	8
white.day3_CACATAGCATCCGTGG-1	12
white.day3_CACATAGCATGACGGA-1	11
white.day3_CACATAGCATGCCACG-1	12
white.day3_CACATAGCATGTTGAC-1	9
white.day3_CACATAGCATTCCTGC-1	8
white.day3_CACATAGGTATATGAG-1	12
white.day3_CACATAGGTCCATCCT-1	6
white.day3_CACATAGGTCCCTTGT-1	11
white.day3_CACATAGGTCGCCATG-1	10
white.day3_CACATAGGTGAGGCTA-1	8
white.day3_CACATAGGTGGCAAAC-1	7
white.day3_CACATAGTCAAGCCTA-1	11
white.day3_CACATAGTCCAAAGTC-1	12
white.day3_CACATAGTCCTTGACC-1	10
white.day3_CACATAGTCGGAAATA-1	7
white.day3_CACATAGTCGGAGCAA-1	8
white.day3_CACATAGTCGGTCCGA-1	9
white.day3_CACATAGTCTCGTATT-1	12
white.day3_CACATTTAGATGTCGG-1	7
white.day3_CACATTTAGCCCAATT-1	9
white.day3_CACATTTAGCGACGTA-1	7
white.day3_CACATTTAGCTAAACA-1	9
white.day3_CACATTTAGGTGATTA-1	9
white.day3_CACATTTAGTCGCCGT-1	12
white.day3_CACATTTAGTGGGTTG-1	11
white.day3_CACATTTAGTGTACGG-1	12
white.day3_CACATTTCAAAGGAAG-1	8
white.day3_CACATTTCACCCAGTG-1	7
white.day3_CACATTTCACCTATCC-1	9
white.day3_CACATTTCAGATAATG-1	8
white.day3_CACATTTCAGTATAAG-1	10
white.day3_CACATTTGTAAATGTG-1	12
white.day3_CACATTTGTACCGCTG-1	9
white.day3_CACATTTGTAGGAGTC-1	8
white.day3_CACATTTGTAGGCATG-1	9
white.day3_CACATTTGTCCGAGTC-1	9
white.day3_CACATTTGTCTTCTCG-1	12
white.day3_CACATTTGTGATGTCT-1	10
white.day3_CACATTTGTGCCTGGT-1	12
white.day3_CACATTTGTGTGCCTG-1	8
white.day3_CACATTTTCACGAAGG-1	8
white.day3_CACATTTTCACTTCAT-1	12
white.day3_CACATTTTCAGCAACT-1	7
white.day3_CACATTTTCGGCTACG-1	12
white.day3_CACCACTAGAAACCTA-1	8
white.day3_CACCACTAGATCTGCT-1	9
white.day3_CACCACTAGATGCGAC-1	8
white.day3_CACCACTAGCCGATTT-1	8
white.day3_CACCACTAGGGATACC-1	9
white.day3_CACCACTAGGTAAACT-1	12
white.day3_CACCACTAGTTTAGGA-1	12
white.day3_CACCACTCAAACCTAC-1	12
white.day3_CACCACTCACAACGCC-1	8
white.day3_CACCACTCACAGATTC-1	8
white.day3_CACCACTCACTAAGTC-1	12
white.day3_CACCACTCAGCTTCGG-1	8
white.day3_CACCACTCATGTTCCC-1	10
white.day3_CACCACTGTACCGGCT-1	12
white.day3_CACCACTGTACTCGCG-1	11
white.day3_CACCACTGTAGAAAGG-1	12
white.day3_CACCACTGTCCAGTAT-1	12
white.day3_CACCACTGTGACAAAT-1	12
white.day3_CACCACTGTGTGACGA-1	7
white.day3_CACCACTGTGTTGGGA-1	7
white.day3_CACCACTGTTGTGGCC-1	11
white.day3_CACCACTTCGGTGTCG-1	12
white.day3_CACCACTTCGTACGGC-1	12
white.day3_CACCACTTCTATGTGG-1	11
white.day3_CACCACTTCTGAGGGA-1	10
white.day3_CACCACTTCTGTACGA-1	11
white.day3_CACCACTTCTGTTGAG-1	9
white.day3_CACCAGGAGACTACAA-1	9
white.day3_CACCAGGAGCGTAATA-1	11
white.day3_CACCAGGAGGGTATCG-1	5
white.day3_CACCAGGAGGGTGTTG-1	9
white.day3_CACCAGGAGGTGATTA-1	5
white.day3_CACCAGGAGTCTCGGC-1	9
white.day3_CACCAGGAGTGAAGTT-1	9
white.day3_CACCAGGAGTGTCCAT-1	8
white.day3_CACCAGGCACAGATTC-1	8
white.day3_CACCAGGCACGAAACG-1	7
white.day3_CACCAGGCACGAGAGT-1	10
white.day3_CACCAGGCACTGCCAG-1	10
white.day3_CACCAGGCAGGAATGC-1	9
white.day3_CACCAGGCAGTAAGAT-1	12
white.day3_CACCAGGCAGTTAACC-1	11
white.day3_CACCAGGGTCTAACGT-1	8
white.day3_CACCAGGGTCTCTTAT-1	10
white.day3_CACCAGGGTGAGTATA-1	10
white.day3_CACCAGGGTGGGTCAA-1	6
white.day3_CACCAGGGTGGTAACG-1	12
white.day3_CACCAGGGTTAGTGGG-1	7
white.day3_CACCAGGGTTGACGTT-1	10
white.day3_CACCAGGTCAAGAAGT-1	12
white.day3_CACCAGGTCACGATGT-1	10
white.day3_CACCAGGTCACGCATA-1	9
white.day3_CACCAGGTCCAAGCCG-1	10
white.day3_CACCAGGTCGTTGCCT-1	11
white.day3_CACCAGGTCTGGAGCC-1	5
white.day3_CACCTTGAGAAACCGC-1	12
white.day3_CACCTTGAGAGGACGG-1	12
white.day3_CACCTTGAGCATGGCA-1	12
white.day3_CACCTTGAGCCATCGC-1	9
white.day3_CACCTTGAGCTCAACT-1	10
white.day3_CACCTTGAGGAATCGC-1	8
white.day3_CACCTTGAGGACTGGT-1	9
white.day3_CACCTTGAGTACGTTC-1	10
white.day3_CACCTTGAGTAGGTGC-1	11
white.day3_CACCTTGCAAGTAGTA-1	7
white.day3_CACCTTGCAATAGAGT-1	9
white.day3_CACCTTGCAATCCAAC-1	12
white.day3_CACCTTGCAATGTAAG-1	8
white.day3_CACCTTGCACCGGAAA-1	8
white.day3_CACCTTGCACGCATCG-1	8
white.day3_CACCTTGCACGCGAAA-1	6
white.day3_CACCTTGCAGACAGGT-1	12
white.day3_CACCTTGCATTTGCTT-1	8
white.day3_CACCTTGGTAATAGCA-1	12
white.day3_CACCTTGGTCATGCCG-1	11
white.day3_CACCTTGGTCTCAACA-1	8
white.day3_CACCTTGGTCTCTCTG-1	10
white.day3_CACCTTGGTGAGTGAC-1	12
white.day3_CACCTTGGTTGGGACA-1	9
white.day3_CACCTTGGTTTGCATG-1	12
white.day3_CACCTTGTCCTAGTGA-1	7
white.day3_CACCTTGTCGGCGGTT-1	8
white.day3_CACCTTGTCGGTTCGG-1	8
white.day3_CACCTTGTCGTCACGG-1	8
white.day3_CACCTTGTCTCTGTCG-1	10
white.day3_CACCTTGTCTCTTGAT-1	12
white.day3_CACTCCAAGACTAGAT-1	12
white.day3_CACTCCAAGATGGCGT-1	8
white.day3_CACTCCAAGGCAGTCA-1	12
white.day3_CACTCCACACGAGGTA-1	8
white.day3_CACTCCACAGGGTACA-1	11
white.day3_CACTCCACATACTCTT-1	7
white.day3_CACTCCACATCTCCCA-1	12
white.day3_CACTCCACATGCCCGA-1	7
white.day3_CACTCCACATTTGCTT-1	12
white.day3_CACTCCAGTCAATACC-1	12
white.day3_CACTCCAGTGATGCCC-1	9
white.day3_CACTCCAGTGCGGTAA-1	9
white.day3_CACTCCAGTGTGAATA-1	8
white.day3_CACTCCAGTTACGACT-1	12
white.day3_CACTCCAGTTCGGGCT-1	12
white.day3_CACTCCATCATCGGAT-1	9
white.day3_CACTCCATCCGTCATC-1	12
white.day3_CACTCCATCCGTTGTC-1	10
white.day3_CACTCCATCTGCCAGG-1	12
white.day3_CACTCCATCTTGCATT-1	12
white.day3_CAGAATCAGAGTCGGT-1	7
white.day3_CAGAATCAGATCACGG-1	11
white.day3_CAGAATCAGCTAACAA-1	10
white.day3_CAGAATCAGTTAAGTG-1	7
white.day3_CAGAATCCACCTCGTT-1	5
white.day3_CAGAATCCACGCTTTC-1	9
white.day3_CAGAATCCAGATCTGT-1	7
white.day3_CAGAATCCAGTAAGAT-1	10
white.day3_CAGAATCCATTAACCG-1	8
white.day3_CAGAATCCATTAGGCT-1	7
white.day3_CAGAATCCATTGCGGC-1	8
white.day3_CAGAATCGTAATCGTC-1	11
white.day3_CAGAATCGTACTCAAC-1	8
white.day3_CAGAATCGTATAGTAG-1	8
white.day3_CAGAATCGTGTGGTTT-1	11
white.day3_CAGAATCTCAACACTG-1	9
white.day3_CAGAATCTCACATACG-1	6
white.day3_CAGAATCTCAGAGACG-1	12
white.day3_CAGAATCTCCAGAGGA-1	8
white.day3_CAGAATCTCCGTCAAA-1	7
white.day3_CAGAATCTCGGCTTGG-1	10
white.day3_CAGAATCTCTGAGTGT-1	10
white.day3_CAGAGAGAGAAGGGTA-1	8
white.day3_CAGAGAGAGAATCTCC-1	7
white.day3_CAGAGAGAGACTTTCG-1	10
white.day3_CAGAGAGAGATATGCA-1	9
white.day3_CAGAGAGAGTCTCAAC-1	10
white.day3_CAGAGAGAGTGCCATT-1	8
white.day3_CAGAGAGAGTTAAGTG-1	8
white.day3_CAGAGAGCAAGCCATT-1	12
white.day3_CAGAGAGCAAGTAGTA-1	8
white.day3_CAGAGAGCACAGATTC-1	8
white.day3_CAGAGAGCACGAGGTA-1	11
white.day3_CAGAGAGCACGGACAA-1	7
white.day3_CAGAGAGCATTACGAC-1	12
white.day3_CAGAGAGGTACAGCAG-1	9
white.day3_CAGAGAGGTAGCTTGT-1	8
white.day3_CAGAGAGGTCCTCTTG-1	8
white.day3_CAGAGAGGTCTGATTG-1	8
white.day3_CAGAGAGGTTCCACAA-1	12
white.day3_CAGAGAGGTTTGTTTC-1	9
white.day3_CAGAGAGTCACCCGAG-1	10
white.day3_CAGAGAGTCAGCTTAG-1	11
white.day3_CAGAGAGTCATAGCAC-1	11
white.day3_CAGAGAGTCGAGCCCA-1	10
white.day3_CAGAGAGTCGTACGGC-1	5
white.day3_CAGAGAGTCTACTTAC-1	10
white.day3_CAGAGAGTCTCACATT-1	11
white.day3_CAGATCAAGAGGGCTT-1	10
white.day3_CAGATCAAGCCACGCT-1	6
white.day3_CAGATCAAGGACGAAA-1	11
white.day3_CAGATCAAGGCGCTCT-1	9
white.day3_CAGATCACAGTCAGAG-1	8
white.day3_CAGATCACATGTAGTC-1	7
white.day3_CAGATCAGTCTCTTAT-1	12
white.day3_CAGATCAGTCTGGAGA-1	11
white.day3_CAGATCATCCCTAATT-1	11
white.day3_CAGATCATCCGTAGTA-1	8
white.day3_CAGATCATCGGAGGTA-1	10
white.day3_CAGATCATCTGCAAGT-1	8
white.day3_CAGATCATCTGTTGAG-1	11
white.day3_CAGCAGCAGAGGGATA-1	8
white.day3_CAGCAGCAGATGTAAC-1	7
white.day3_CAGCAGCAGCCACTAT-1	12
white.day3_CAGCAGCAGCGTCAAG-1	8
white.day3_CAGCAGCAGGAGTTGC-1	9
white.day3_CAGCAGCAGGCGACAT-1	12
white.day3_CAGCAGCAGTCTCCTC-1	8
white.day3_CAGCAGCAGTTAACGA-1	10
white.day3_CAGCAGCCAAACAACA-1	11
white.day3_CAGCAGCCAAAGGAAG-1	11
white.day3_CAGCAGCCAATGGAGC-1	9
white.day3_CAGCAGCCACAAGTAA-1	11
white.day3_CAGCAGCCACGAGAGT-1	1
white.day3_CAGCAGCCAGACGTAG-1	12
white.day3_CAGCAGCGTACCTACA-1	7
white.day3_CAGCAGCGTCAGAATA-1	8
white.day3_CAGCAGCGTTACGGAG-1	11
white.day3_CAGCAGCGTTATGTGC-1	8
white.day3_CAGCAGCGTTCCGGCA-1	7
white.day3_CAGCAGCGTTCGGCAC-1	12
white.day3_CAGCAGCGTTGTTTGG-1	11
white.day3_CAGCAGCTCAACACGT-1	9
white.day3_CAGCAGCTCACAGGCC-1	10
white.day3_CAGCAGCTCACATACG-1	9
white.day3_CAGCAGCTCATGTCCC-1	12
white.day3_CAGCAGCTCCAGTATG-1	12
white.day3_CAGCATAAGATATGGT-1	12
white.day3_CAGCATAAGCCCGAAA-1	10
white.day3_CAGCATAAGCTAACTC-1	9
white.day3_CAGCATAAGGGTATCG-1	8
white.day3_CAGCATAAGTGTCTCA-1	8
white.day3_CAGCATACAACTTGAC-1	8
white.day3_CAGCATACAAGACGTG-1	11
white.day3_CAGCATACAAGCGCTC-1	10
white.day3_CAGCATACAGCATACT-1	8
white.day3_CAGCATACAGGATTGG-1	9
white.day3_CAGCATACAGGGATTG-1	12
white.day3_CAGCATAGTACAGTGG-1	12
white.day3_CAGCATAGTACTTGAC-1	8
white.day3_CAGCATAGTTGGACCC-1	12
white.day3_CAGCATAGTTTGGCGC-1	12
white.day3_CAGCATATCCCACTTG-1	8
white.day3_CAGCATATCCGTACAA-1	12
white.day3_CAGCATATCGATAGAA-1	7
white.day3_CAGCATATCGGAATCT-1	8
white.day3_CAGCATATCGTGACAT-1	9
white.day3_CAGCATATCGTTACAG-1	7
white.day3_CAGCATATCTGGCGTG-1	6
white.day3_CAGCATATCTTGCATT-1	11
white.day3_CAGCCGAAGAAGAAGC-1	12
white.day3_CAGCCGAAGATCTGAA-1	10
white.day3_CAGCCGAAGCGTCTAT-1	8
white.day3_CAGCCGAAGCGTTGCC-1	10
white.day3_CAGCCGAAGCTAAGAT-1	9
white.day3_CAGCCGAAGCTAGTCT-1	9
white.day3_CAGCCGAAGGAGTACC-1	12
white.day3_CAGCCGAAGGCATTGG-1	8
white.day3_CAGCCGAAGGCCCTTG-1	12
white.day3_CAGCCGAAGTACACCT-1	9
white.day3_CAGCCGACACCACCAG-1	9
white.day3_CAGCCGACATTATCTC-1	12
white.day3_CAGCCGAGTGTTCTTT-1	12
white.day3_CAGCCGAGTTCCGGCA-1	9
white.day3_CAGCCGAGTTGGAGGT-1	8
white.day3_CAGCCGAGTTTAGCTG-1	9
white.day3_CAGCCGATCAAAGACA-1	11
white.day3_CAGCCGATCAAAGTAG-1	10
white.day3_CAGCCGATCATATCGG-1	9
white.day3_CAGCCGATCATCGCTC-1	12
white.day3_CAGCCGATCCTTGGTC-1	10
white.day3_CAGCCGATCGCATGAT-1	8
white.day3_CAGCCGATCGCTGATA-1	10
white.day3_CAGCCGATCTAACCGA-1	11
white.day3_CAGCGACAGAAGAAGC-1	8
white.day3_CAGCGACAGACAAGCC-1	7
white.day3_CAGCGACAGCAGATCG-1	9
white.day3_CAGCGACAGCAGCCTC-1	8
white.day3_CAGCGACAGGACAGCT-1	8
white.day3_CAGCGACAGGCCGAAT-1	6
white.day3_CAGCGACAGGGATCTG-1	12
white.day3_CAGCGACAGTAACCCT-1	11
white.day3_CAGCGACAGTCGAGTG-1	12
white.day3_CAGCGACAGTGGTAAT-1	8
white.day3_CAGCGACCAAGACACG-1	9
white.day3_CAGCGACCAATGTTGC-1	12
white.day3_CAGCGACCACATGACT-1	7
white.day3_CAGCGACCACTGTGTA-1	7
white.day3_CAGCGACCAGGTGCCT-1	8
white.day3_CAGCGACGTAGAAAGG-1	9
white.day3_CAGCGACGTCCAGTTA-1	8
white.day3_CAGCGACGTCGGCACT-1	12
white.day3_CAGCGACGTGTATGGG-1	8
white.day3_CAGCGACGTTATGTGC-1	9
white.day3_CAGCGACTCACAAACC-1	8
white.day3_CAGCGACTCCGCATAA-1	12
white.day3_CAGCGACTCGGAAATA-1	9
white.day3_CAGCGACTCTGATTCT-1	10
white.day3_CAGCGACTCTGGTATG-1	10
white.day3_CAGCTAAAGCTAGTCT-1	10
white.day3_CAGCTAAAGGCCCTTG-1	12
white.day3_CAGCTAAAGTCATGCT-1	8
white.day3_CAGCTAAAGTGAAGTT-1	9
white.day3_CAGCTAAAGTGGCACA-1	12
white.day3_CAGCTAAAGTTGTCGT-1	9
white.day3_CAGCTAACACAACGCC-1	8
white.day3_CAGCTAACAGGACGTA-1	12
white.day3_CAGCTAACAGGGTACA-1	11
white.day3_CAGCTAACATACGCTA-1	11
white.day3_CAGCTAACATTCCTCG-1	7
white.day3_CAGCTAAGTATGAAAC-1	3
white.day3_CAGCTAAGTCATCGGC-1	6
white.day3_CAGCTAAGTGGTGTAG-1	8
white.day3_CAGCTAAGTTAAAGAC-1	12
white.day3_CAGCTAAGTTCGCTAA-1	10
white.day3_CAGCTAAGTTCTGGTA-1	8
white.day3_CAGCTAAGTTTGACTG-1	11
white.day3_CAGCTAATCCGCATAA-1	12
white.day3_CAGCTAATCCTCCTAG-1	8
white.day3_CAGCTAATCGACGGAA-1	9
white.day3_CAGCTAATCTACTATC-1	8
white.day3_CAGCTAATCTCAAACG-1	10
white.day3_CAGCTGGAGAAGGTTT-1	12
white.day3_CAGCTGGAGACCCACC-1	9
white.day3_CAGCTGGAGAGCTTCT-1	11
white.day3_CAGCTGGAGATGGCGT-1	8
white.day3_CAGCTGGAGCCCTAAT-1	10
white.day3_CAGCTGGAGCTGATAA-1	10
white.day3_CAGCTGGAGGAATTAC-1	10
white.day3_CAGCTGGAGGACTGGT-1	12
white.day3_CAGCTGGAGTATTGGA-1	10
white.day3_CAGCTGGCAAGTTAAG-1	12
white.day3_CAGCTGGCACTGTCGG-1	10
white.day3_CAGCTGGCAGGACCCT-1	10
white.day3_CAGCTGGCAGGATCGA-1	7
white.day3_CAGCTGGCAGGGAGAG-1	8
white.day3_CAGCTGGCAGGTCGTC-1	10
white.day3_CAGCTGGCATAGAAAC-1	9
white.day3_CAGCTGGGTGGCAAAC-1	10
white.day3_CAGCTGGGTGTGACGA-1	12
white.day3_CAGCTGGGTTGTGGCC-1	8
white.day3_CAGCTGGTCAGAGCTT-1	9
white.day3_CAGCTGGTCTATCGCC-1	12
white.day3_CAGCTGGTCTTGTCAT-1	9
white.day3_CAGGTGCAGACAGAGA-1	9
white.day3_CAGGTGCAGCTCAACT-1	7
white.day3_CAGGTGCAGTGGGCTA-1	8
white.day3_CAGGTGCCAGACAGGT-1	9
white.day3_CAGGTGCCAGATCCAT-1	9
white.day3_CAGGTGCCAGCATACT-1	9
white.day3_CAGGTGCCAGCTTCGG-1	7
white.day3_CAGGTGCCAGGCAGTA-1	12
white.day3_CAGGTGCCAGTAAGCG-1	8
white.day3_CAGGTGCGTACAGTGG-1	8
white.day3_CAGGTGCGTAGCTTGT-1	7
white.day3_CAGGTGCGTCGCTTTC-1	12
white.day3_CAGGTGCGTCTTCTCG-1	5
white.day3_CAGGTGCGTGCTAGCC-1	11
white.day3_CAGGTGCGTGTGACGA-1	12
white.day3_CAGGTGCGTTAGGGTG-1	9
white.day3_CAGGTGCTCAATAAGG-1	8
white.day3_CAGGTGCTCAGAGGTG-1	9
white.day3_CAGGTGCTCGGTGTTA-1	12
white.day3_CAGGTGCTCGTTACAG-1	12
white.day3_CAGTAACAGAACAACT-1	12
white.day3_CAGTAACAGACTAGAT-1	10
white.day3_CAGTAACAGAGGTTAT-1	8
white.day3_CAGTAACAGCAGCCTC-1	10
white.day3_CAGTAACAGGCAGTCA-1	11
white.day3_CAGTAACAGGGCACTA-1	8
white.day3_CAGTAACAGGGTCTCC-1	8
white.day3_CAGTAACAGTAGGTGC-1	8
white.day3_CAGTAACCACGAAAGC-1	12
white.day3_CAGTAACCAGATCGGA-1	8
white.day3_CAGTAACCATCGATTG-1	12
white.day3_CAGTAACCATTACGAC-1	12
white.day3_CAGTAACCATTTGCCC-1	8
white.day3_CAGTAACGTTACGACT-1	10
white.day3_CAGTAACTCAACGCTA-1	7
white.day3_CAGTAACTCATGGTCA-1	11
white.day3_CAGTAACTCATTGCCC-1	12
white.day3_CAGTAACTCCAGAAGG-1	10
white.day3_CAGTAACTCCGCATAA-1	12
white.day3_CAGTAACTCCGTAGTA-1	8
white.day3_CAGTAACTCTCATTCA-1	8
white.day3_CAGTAACTCTGTTTGT-1	8
white.day3_CAGTAACTCTTGTATC-1	8
white.day3_CAGTCCTAGAAGGGTA-1	8
white.day3_CAGTCCTAGAGCTGGT-1	8
white.day3_CAGTCCTAGCGATCCC-1	12
white.day3_CAGTCCTAGCGGATCA-1	12
white.day3_CAGTCCTAGGAGCGTT-1	11
white.day3_CAGTCCTAGGGATGGG-1	9
white.day3_CAGTCCTAGGTAGCTG-1	12
white.day3_CAGTCCTCAAATCCGT-1	9
white.day3_CAGTCCTCAACACCTA-1	8
white.day3_CAGTCCTCAATCCGAT-1	7
white.day3_CAGTCCTCAATGAATG-1	8
white.day3_CAGTCCTCACAGGTTT-1	8
white.day3_CAGTCCTCAGACAGGT-1	12
white.day3_CAGTCCTCAGGCAGTA-1	10
white.day3_CAGTCCTCATCCCATC-1	7
white.day3_CAGTCCTCATCTGGTA-1	7
white.day3_CAGTCCTGTCATGCAT-1	8
white.day3_CAGTCCTGTCGCATCG-1	8
white.day3_CAGTCCTGTCGTCTTC-1	12
white.day3_CAGTCCTGTGTAATGA-1	10
white.day3_CAGTCCTGTTGGGACA-1	9
white.day3_CAGTCCTTCACCTTAT-1	12
white.day3_CAGTCCTTCCGAAGAG-1	9
white.day3_CAGTCCTTCCGCTGTT-1	8
white.day3_CATATGGAGCGTGTCC-1	12
white.day3_CATATGGAGGAACTGC-1	7
white.day3_CATATGGAGGTGCTAG-1	11
white.day3_CATATGGAGTGGTCCC-1	11
white.day3_CATATGGCAATACGCT-1	8
white.day3_CATATGGCAATAGAGT-1	8
white.day3_CATATGGCACAGTCGC-1	7
white.day3_CATATGGCACTTCGAA-1	12
white.day3_CATATGGCAGTCAGAG-1	8
white.day3_CATATGGCAGTCCTTC-1	8
white.day3_CATATGGCATGCCTTC-1	12
white.day3_CATATGGCATTGAGCT-1	12
white.day3_CATATGGGTATAATGG-1	9
white.day3_CATATGGGTCTGGAGA-1	12
white.day3_CATATGGGTTCAGCGC-1	9
white.day3_CATATGGTCCAAAGTC-1	12
white.day3_CATATGGTCGCCTGAG-1	5
white.day3_CATATGGTCTCACATT-1	7
white.day3_CATATGGTCTTGCCGT-1	7
white.day3_CATATTCAGAAGGACA-1	8
white.day3_CATATTCAGAGCTGCA-1	8
white.day3_CATATTCCAAAGAATC-1	10
white.day3_CATATTCCACGACGAA-1	9
white.day3_CATATTCCAGCTGTGC-1	10
white.day3_CATATTCGTACCGCTG-1	12
white.day3_CATATTCGTAGCTAAA-1	7
white.day3_CATATTCGTATTCGTG-1	9
white.day3_CATATTCGTGTTCTTT-1	12
white.day3_CATATTCGTTCTGGTA-1	8
white.day3_CATATTCTCAAACGGG-1	8
white.day3_CATATTCTCACGCGGT-1	12
white.day3_CATATTCTCACTATTC-1	12
white.day3_CATATTCTCACTTACT-1	12
white.day3_CATATTCTCAGGCCCA-1	12
white.day3_CATATTCTCATACGGT-1	12
white.day3_CATATTCTCATCATTC-1	9
white.day3_CATATTCTCATCGCTC-1	12
white.day3_CATATTCTCCAAACTG-1	11
white.day3_CATATTCTCCCTGACT-1	12
white.day3_CATATTCTCTGAGTGT-1	10
white.day3_CATATTCTCTTGGGTA-1	9
white.day3_CATCAAGAGAAGGCCT-1	12
white.day3_CATCAAGAGAATGTTG-1	10
white.day3_CATCAAGAGCCCTAAT-1	5
white.day3_CATCAAGAGCGTGAGT-1	12
white.day3_CATCAAGAGCTGGAAC-1	10
white.day3_CATCAAGCAACTGCTA-1	11
white.day3_CATCAAGCAAGCGCTC-1	11
white.day3_CATCAAGCAATTCCTT-1	8
white.day3_CATCAAGCAGCCAATT-1	9
white.day3_CATCAAGCATGCGCAC-1	12
white.day3_CATCAAGGTCATATCG-1	8
white.day3_CATCAAGGTTGTACAC-1	7
white.day3_CATCAAGGTTTGACAC-1	12
white.day3_CATCAAGTCAGCTCTC-1	11
white.day3_CATCAAGTCCAAACAC-1	10
white.day3_CATCAAGTCCAAACTG-1	9
white.day3_CATCAAGTCCTCCTAG-1	12
white.day3_CATCAGAAGCCGATTT-1	12
white.day3_CATCAGAAGCTGTCTA-1	12
white.day3_CATCAGAAGGATCGCA-1	8
white.day3_CATCAGAAGGCTCATT-1	7
white.day3_CATCAGAAGGTTCCTA-1	11
white.day3_CATCAGACAATAAGCA-1	6
white.day3_CATCAGACACAGGCCT-1	12
white.day3_CATCAGACACTTACGA-1	8
white.day3_CATCAGACAGATTGCT-1	10
white.day3_CATCAGACAGCGTCCA-1	10
white.day3_CATCAGACAGTAACGG-1	8
white.day3_CATCAGACATACAGCT-1	9
white.day3_CATCAGACATATGAGA-1	12
white.day3_CATCAGACATGAGCGA-1	10
white.day3_CATCAGACATTCCTGC-1	11
white.day3_CATCAGAGTAGAAGGA-1	12
white.day3_CATCAGAGTCACTGGC-1	9
white.day3_CATCAGAGTCCGTTAA-1	9
white.day3_CATCAGAGTCGGCTCA-1	10
white.day3_CATCAGAGTCTGGAGA-1	6
white.day3_CATCAGAGTCTTCGTC-1	11
white.day3_CATCAGAGTGATAAGT-1	12
white.day3_CATCAGAGTGTGTGCC-1	12
white.day3_CATCAGAGTTGAACTC-1	10
white.day3_CATCAGATCCACGTGG-1	7
white.day3_CATCAGATCGTATCAG-1	10
white.day3_CATCAGATCTTACCGC-1	7
white.day3_CATCCACAGACTAGAT-1	8
white.day3_CATCCACAGAGTAATC-1	5
white.day3_CATCCACAGAGTACAT-1	12
white.day3_CATCCACAGATCTGAA-1	3
white.day3_CATCCACAGCAGCCTC-1	10
white.day3_CATCCACAGCCTCGTG-1	11
white.day3_CATCCACAGCTACCGC-1	9
white.day3_CATCCACAGCTTTGGT-1	12
white.day3_CATCCACAGGCACATG-1	12
white.day3_CATCCACAGTATGACA-1	12
white.day3_CATCCACCAAGCCGCT-1	8
white.day3_CATCCACCACGGCTAC-1	12
white.day3_CATCCACCACTTGGAT-1	10
white.day3_CATCCACCAGATGGGT-1	11
white.day3_CATCCACCATGATCCA-1	8
white.day3_CATCCACGTACCCAAT-1	11
white.day3_CATCCACGTCGCGAAA-1	7
white.day3_CATCCACGTCTCTCGT-1	12
white.day3_CATCCACGTTAGTGGG-1	9
white.day3_CATCCACTCAAGAAGT-1	12
white.day3_CATCCACTCGCTAGCG-1	10
white.day3_CATCCACTCTGCGGCA-1	9
white.day3_CATCGAAAGAAACCGC-1	12
white.day3_CATCGAAAGATGGGTC-1	8
white.day3_CATCGAAAGGAGTCTG-1	11
white.day3_CATCGAAAGTTGAGAT-1	12
white.day3_CATCGAACAAGAAGAG-1	11
white.day3_CATCGAACAAGGTTTC-1	11
white.day3_CATCGAACAATAGCAA-1	8
white.day3_CATCGAACACCTCGGA-1	11
white.day3_CATCGAACACCTGGTG-1	7
white.day3_CATCGAACACGCTTTC-1	10
white.day3_CATCGAACATCGGAAG-1	12
white.day3_CATCGAACATCTCCCA-1	10
white.day3_CATCGAAGTAATTGGA-1	12
white.day3_CATCGAAGTATCGCAT-1	7
white.day3_CATCGAAGTCCTAGCG-1	10
white.day3_CATCGAAGTCTGCGGT-1	12
white.day3_CATCGAAGTCTTCTCG-1	7
white.day3_CATCGAAGTGTCTGAT-1	9
white.day3_CATCGAAGTTAAAGTG-1	7
white.day3_CATCGAAGTTCACCTC-1	11
white.day3_CATCGAAGTTCGAATC-1	11
white.day3_CATCGAATCACGACTA-1	9
white.day3_CATCGAATCCATGAAC-1	8
white.day3_CATCGAATCCCTGACT-1	8
white.day3_CATCGAATCCGTCAAA-1	11
white.day3_CATCGAATCGTTACAG-1	9
white.day3_CATCGAATCTACCTGC-1	12
white.day3_CATCGGGAGAATTGTG-1	8
white.day3_CATCGGGAGACACGAC-1	12
white.day3_CATCGGGAGACTAAGT-1	8
white.day3_CATCGGGAGGAGCGAG-1	8
white.day3_CATCGGGAGGTGCTTT-1	12
white.day3_CATCGGGCAAAGCAAT-1	10
white.day3_CATCGGGCAATCGGTT-1	9
white.day3_CATCGGGCAGAAGCAC-1	9
white.day3_CATCGGGCAGACGCTC-1	10
white.day3_CATCGGGCATAGAAAC-1	10
white.day3_CATCGGGCATGCCACG-1	11
white.day3_CATCGGGCATTAGCCA-1	9
white.day3_CATCGGGGTACAGACG-1	9
white.day3_CATCGGGGTACCGAGA-1	6
white.day3_CATCGGGGTCTAGTCA-1	11
white.day3_CATCGGGGTGAAATCA-1	8
white.day3_CATCGGGGTTGGTGGA-1	9
white.day3_CATCGGGGTTTGCATG-1	12
white.day3_CATCGGGTCACTCTTA-1	7
white.day3_CATCGGGTCAGTTAGC-1	8
white.day3_CATCGGGTCATGTCCC-1	12
white.day3_CATCGGGTCCCTCTTT-1	8
white.day3_CATCGGGTCTACTATC-1	9
white.day3_CATCGGGTCTCGCTTG-1	12
white.day3_CATCGGGTCTGCGTAA-1	12
white.day3_CATCGGGTCTGCTGTC-1	7
white.day3_CATGACAAGAATAGGG-1	9
white.day3_CATGACAAGCCGGTAA-1	10
white.day3_CATGACAAGCGTCTAT-1	12
white.day3_CATGACAAGCTGCCCA-1	12
white.day3_CATGACACAATGGAGC-1	12
white.day3_CATGACACACGAAATA-1	11
white.day3_CATGACACAGACACTT-1	11
white.day3_CATGACACATGGGACA-1	10
white.day3_CATGACAGTAAACACA-1	12
white.day3_CATGACAGTATTCTCT-1	12
white.day3_CATGACAGTCAAAGCG-1	10
white.day3_CATGACAGTGTGCCTG-1	8
white.day3_CATGACAGTTGGTTTG-1	11
white.day3_CATGCCTAGACAAAGG-1	8
white.day3_CATGCCTAGACTTGAA-1	10
white.day3_CATGCCTAGCTGGAAC-1	12
white.day3_CATGCCTAGGCTAGCA-1	12
white.day3_CATGCCTAGGGCTTCC-1	12
white.day3_CATGCCTCAAACGCGA-1	12
white.day3_CATGCCTCAAGAGGCT-1	9
white.day3_CATGCCTCACGGTGTC-1	10
white.day3_CATGCCTCATCACCCT-1	11
white.day3_CATGCCTCATCCTAGA-1	12
white.day3_CATGCCTGTAAGTGGC-1	12
white.day3_CATGCCTGTAATTGGA-1	10
white.day3_CATGCCTGTACGAAAT-1	9
white.day3_CATGCCTGTCAATACC-1	8
white.day3_CATGCCTGTCCAACTA-1	12
white.day3_CATGCCTGTCGGCTCA-1	5
white.day3_CATGCCTGTCTGGAGA-1	9
white.day3_CATGCCTGTGTGAAAT-1	5
white.day3_CATGCCTGTTATCCGA-1	8
white.day3_CATGCCTTCCGCAGTG-1	7
white.day3_CATGCCTTCCGTCATC-1	8
white.day3_CATGCCTTCCTCCTAG-1	12
white.day3_CATGCCTTCCTGCTTG-1	9
white.day3_CATGCCTTCGAATGCT-1	12
white.day3_CATGCCTTCTAACTTC-1	11
white.day3_CATGCCTTCTCGAGTA-1	8
white.day3_CATGCCTTCTTGCAAG-1	12
white.day3_CATGGCGAGATGGGTC-1	12
white.day3_CATGGCGAGGAGTTTA-1	11
white.day3_CATGGCGAGGGCATGT-1	9
white.day3_CATGGCGAGTCAAGGC-1	12
white.day3_CATGGCGAGTGGAGTC-1	8
white.day3_CATGGCGAGTGGTCCC-1	8
white.day3_CATGGCGCAACACCTA-1	10
white.day3_CATGGCGCAATGAAAC-1	12
white.day3_CATGGCGCACAACTGT-1	12
white.day3_CATGGCGCACACAGAG-1	6
white.day3_CATGGCGCACCGATAT-1	10
white.day3_CATGGCGCAGCATGAG-1	10
white.day3_CATGGCGCAGGCTGAA-1	5
white.day3_CATGGCGCATACCATG-1	9
white.day3_CATGGCGCATCACCCT-1	12
white.day3_CATGGCGCATGTTCCC-1	8
white.day3_CATGGCGGTATCAGTC-1	12
white.day3_CATGGCGGTCATGCAT-1	9
white.day3_CATGGCGGTCGACTAT-1	9
white.day3_CATGGCGGTCTCCATC-1	7
white.day3_CATGGCGGTTCAGGCC-1	12
white.day3_CATGGCGTCATCACCC-1	10
white.day3_CATGGCGTCGAGAACG-1	9
white.day3_CATGGCGTCGGTTCGG-1	9
white.day3_CATGGCGTCTATCCTA-1	12
white.day3_CATTATCAGAACTGTA-1	7
white.day3_CATTATCAGAGGGCTT-1	9
white.day3_CATTATCAGTATGACA-1	12
white.day3_CATTATCAGTGGGATC-1	7
white.day3_CATTATCCAAGTTGTC-1	9
white.day3_CATTATCCAATAGAGT-1	11
white.day3_CATTATCCATCCGCGA-1	10
white.day3_CATTATCGTAACGTTC-1	12
white.day3_CATTATCGTACTTGAC-1	8
white.day3_CATTATCGTCGCGAAA-1	9
white.day3_CATTATCGTCGCTTCT-1	11
white.day3_CATTATCGTCGTTGTA-1	9
white.day3_CATTATCGTGGTGTAG-1	12
white.day3_CATTATCGTTACCAGT-1	11
white.day3_CATTATCGTTGATTCG-1	6
white.day3_CATTATCGTTGCTCCT-1	6
white.day3_CATTATCGTTGTGGAG-1	9
white.day3_CATTATCTCAATAAGG-1	12
white.day3_CATTATCTCACAGTAC-1	12
white.day3_CATTATCTCACATAGC-1	5
white.day3_CATTATCTCAGTCAGT-1	9
white.day3_CATTATCTCCACGTTC-1	12
white.day3_CATTATCTCCTCAATT-1	9
white.day3_CATTATCTCCTCGCAT-1	12
white.day3_CATTATCTCGAATGGG-1	7
white.day3_CATTATCTCGCTGATA-1	11
white.day3_CATTATCTCTGCTGCT-1	8
white.day3_CATTCGCAGACAGACC-1	8
white.day3_CATTCGCAGACTAGGC-1	10
white.day3_CATTCGCAGTTTCCTT-1	12
white.day3_CATTCGCCAAAGCGGT-1	11
white.day3_CATTCGCCACATCCGG-1	12
white.day3_CATTCGCCACTTGGAT-1	11
white.day3_CATTCGCCAGCCTATA-1	9
white.day3_CATTCGCCATTGTGCA-1	12
white.day3_CATTCGCGTACGAAAT-1	12
white.day3_CATTCGCGTGGTACAG-1	11
white.day3_CATTCGCGTGGTCCGT-1	8
white.day3_CATTCGCGTTAAAGTG-1	12
white.day3_CATTCGCGTTCGTCTC-1	5
white.day3_CATTCGCGTTGCTCCT-1	11
white.day3_CATTCGCGTTGTACAC-1	12
white.day3_CATTCGCTCAGAAATG-1	10
white.day3_CATTCGCTCAGGCCCA-1	8
white.day3_CATTCGCTCCGAATGT-1	12
white.day3_CATTCGCTCCTGCAGG-1	6
white.day3_CATTCGCTCGGTGTCG-1	7
white.day3_CATTCGCTCTGCGGCA-1	9
white.day3_CCAATCCAGAAACGAG-1	7
white.day3_CCAATCCAGCAGGTCA-1	9
white.day3_CCAATCCAGCCAGGAT-1	12
white.day3_CCAATCCAGCCGATTT-1	8
white.day3_CCAATCCAGCTAGTCT-1	12
white.day3_CCAATCCAGCTCTCGG-1	6
white.day3_CCAATCCAGGAATTAC-1	8
white.day3_CCAATCCAGGACAGAA-1	12
white.day3_CCAATCCAGGCAATTA-1	12
white.day3_CCAATCCCACACCGCA-1	7
white.day3_CCAATCCCACCCATTC-1	6
white.day3_CCAATCCCACTACAGT-1	10
white.day3_CCAATCCCAGCCAATT-1	9
white.day3_CCAATCCCATCACAAC-1	8
white.day3_CCAATCCCATTTCAGG-1	9
white.day3_CCAATCCGTCCAGTGC-1	12
white.day3_CCAATCCGTCCCTTGT-1	9
white.day3_CCAATCCGTCCGAATT-1	8
white.day3_CCAATCCGTCGCTTTC-1	12
white.day3_CCAATCCGTGAGCGAT-1	6
white.day3_CCAATCCGTGTATGGG-1	8
white.day3_CCAATCCGTGTGCGTC-1	6
white.day3_CCAATCCGTTCTGGTA-1	9
white.day3_CCAATCCTCCAAGCCG-1	8
white.day3_CCAATCCTCCAGAGGA-1	9
white.day3_CCAATCCTCGCATGAT-1	9
white.day3_CCAATCCTCTGCAAGT-1	12
white.day3_CCACCTAAGATCTGAA-1	9
white.day3_CCACCTACAAGTCATC-1	9
white.day3_CCACCTACACCCATGG-1	8
white.day3_CCACCTACACTCTGTC-1	7
white.day3_CCACCTACAGCCACCA-1	12
white.day3_CCACCTAGTACTTCTT-1	11
white.day3_CCACCTAGTAGCGTCC-1	12
white.day3_CCACCTAGTCAACATC-1	11
white.day3_CCACCTAGTCACAAGG-1	12
white.day3_CCACCTAGTCCAAGTT-1	8
white.day3_CCACCTAGTGGTACAG-1	11
white.day3_CCACCTATCAAGCCTA-1	11
white.day3_CCACCTATCCTGCCAT-1	11
white.day3_CCACCTATCGGTCTAA-1	11
white.day3_CCACCTATCGTAGGAG-1	12
white.day3_CCACCTATCGTCGTTC-1	7
white.day3_CCACCTATCGTGGTCG-1	10
white.day3_CCACCTATCTATGTGG-1	10
white.day3_CCACCTATCTCGATGA-1	8
white.day3_CCACGGAAGATCGATA-1	3
white.day3_CCACGGAAGCCAGTTT-1	9
white.day3_CCACGGAAGGCAATTA-1	12
white.day3_CCACGGAAGTTGAGAT-1	10
white.day3_CCACGGACAGCCTGTG-1	10
white.day3_CCACGGACAGCGTTCG-1	11
white.day3_CCACGGAGTAAATACG-1	12
white.day3_CCACGGAGTACTTGAC-1	12
white.day3_CCACGGAGTAGAAGGA-1	10
white.day3_CCACGGAGTCAACATC-1	8
white.day3_CCACGGAGTTGATTGC-1	7
white.day3_CCACGGAGTTGCGTTA-1	11
white.day3_CCACGGATCAAGGTAA-1	8
white.day3_CCACGGATCCAAGCCG-1	11
white.day3_CCACGGATCCGCTGTT-1	12
white.day3_CCACGGATCCGTACAA-1	9
white.day3_CCACGGATCGATCCCT-1	9
white.day3_CCACTACAGACTCGGA-1	7
white.day3_CCACTACAGGAACTGC-1	12
white.day3_CCACTACAGTATTGGA-1	11
white.day3_CCACTACAGTGTTGAA-1	10
white.day3_CCACTACCAACACGCC-1	12
white.day3_CCACTACCAACTGGCC-1	12
white.day3_CCACTACCAAGTTAAG-1	12
white.day3_CCACTACCACCAACCG-1	12
white.day3_CCACTACCACCCATTC-1	9
white.day3_CCACTACCAGACGCAA-1	6
white.day3_CCACTACCAGACGTAG-1	12
white.day3_CCACTACCAGGGTACA-1	12
white.day3_CCACTACCAGTCAGCC-1	8
white.day3_CCACTACCATGTCGAT-1	10
white.day3_CCACTACGTAAGAGGA-1	9
white.day3_CCACTACGTACTCTCC-1	7
white.day3_CCACTACGTAGTACCT-1	12
white.day3_CCACTACTCAATAAGG-1	12
white.day3_CCACTACTCACCGGGT-1	7
white.day3_CCACTACTCCGCGCAA-1	11
white.day3_CCACTACTCTCTGCTG-1	11
white.day3_CCACTACTCTGTCTCG-1	12
white.day3_CCAGCGAAGCGATATA-1	11
white.day3_CCAGCGAAGGCTAGAC-1	12
white.day3_CCAGCGAAGGTACTCT-1	12
white.day3_CCAGCGAAGGTTACCT-1	12
white.day3_CCAGCGACAAGGTTCT-1	10
white.day3_CCAGCGACACTGTGTA-1	12
white.day3_CCAGCGACAGATGAGC-1	8
white.day3_CCAGCGACAGCCACCA-1	12
white.day3_CCAGCGACAGCCAGAA-1	11
white.day3_CCAGCGACAGGCAGTA-1	12
white.day3_CCAGCGACAGGTCCAC-1	12
white.day3_CCAGCGACATCAGTAC-1	7
white.day3_CCAGCGACATCCCACT-1	10
white.day3_CCAGCGAGTACACCGC-1	7
white.day3_CCAGCGAGTACAGCAG-1	10
white.day3_CCAGCGAGTAGCGTGA-1	7
white.day3_CCAGCGAGTCAGGACA-1	8
white.day3_CCAGCGAGTCGAGTTT-1	8
white.day3_CCAGCGAGTCGGCTCA-1	8
white.day3_CCAGCGAGTTAGATGA-1	8
white.day3_CCAGCGAGTTCGGGCT-1	12
white.day3_CCAGCGAGTTGTCGCG-1	12
white.day3_CCAGCGATCACAGGCC-1	10
white.day3_CCAGCGATCACCAGGC-1	8
white.day3_CCAGCGATCAGTGCAT-1	6
white.day3_CCAGCGATCCTTTCGG-1	12
white.day3_CCAGCGATCGGAGCAA-1	10
white.day3_CCAGCGATCGGTGTTA-1	11
white.day3_CCAGCGATCTACGAGT-1	11
white.day3_CCATGTCAGACTAGAT-1	11
white.day3_CCATGTCAGCAAATCA-1	8
white.day3_CCATGTCAGCGATAGC-1	7
white.day3_CCATGTCAGCGATCCC-1	10
white.day3_CCATGTCAGCGATGAC-1	12
white.day3_CCATGTCAGCGTTTAC-1	6
white.day3_CCATGTCAGGCCGAAT-1	5
white.day3_CCATGTCAGTCAAGCG-1	12
white.day3_CCATGTCCAAAGAATC-1	3
white.day3_CCATGTCCACTTGGAT-1	8
white.day3_CCATGTCCAGCCTTGG-1	10
white.day3_CCATGTCCAGTATGCT-1	5
white.day3_CCATGTCCATATACGC-1	12
white.day3_CCATGTCCATCCGCGA-1	9
white.day3_CCATGTCCATTGCGGC-1	7
white.day3_CCATGTCGTACAGACG-1	7
white.day3_CCATGTCGTACCGCTG-1	7
white.day3_CCATGTCGTATCAGTC-1	8
white.day3_CCATGTCGTATGCTTG-1	12
white.day3_CCATGTCGTCAAAGCG-1	11
white.day3_CCATGTCGTCGAGTTT-1	8
white.day3_CCATGTCGTTAAGTAG-1	10
white.day3_CCATGTCTCAACACTG-1	9
white.day3_CCATGTCTCAATCTCT-1	10
white.day3_CCATGTCTCCCTGACT-1	11
white.day3_CCATGTCTCGCCGTGA-1	8
white.day3_CCATTCGAGGATATAC-1	5
white.day3_CCATTCGAGGCCCTTG-1	8
white.day3_CCATTCGAGTACGATA-1	9
white.day3_CCATTCGAGTTCGCAT-1	12
white.day3_CCATTCGCAAACCTAC-1	9
white.day3_CCATTCGCAACACCTA-1	11
white.day3_CCATTCGCAACGATGG-1	7
white.day3_CCATTCGCAGACACTT-1	12
white.day3_CCATTCGCATTATCTC-1	10
white.day3_CCATTCGGTCACAAGG-1	8
white.day3_CCATTCGGTCGAAAGC-1	9
white.day3_CCATTCGGTCGCTTCT-1	10
white.day3_CCATTCGTCAGCAACT-1	9
white.day3_CCATTCGTCCAAGTAC-1	11
white.day3_CCATTCGTCGCCTGTT-1	12
white.day3_CCATTCGTCTAACCGA-1	9
white.day3_CCATTCGTCTGCAGTA-1	9
white.day3_CCATTCGTCTGCTGCT-1	12
white.day3_CCCAATCAGATGTCGG-1	10
white.day3_CCCAATCAGCATCATC-1	11
white.day3_CCCAATCAGGAATCGC-1	12
white.day3_CCCAATCAGGATGCGT-1	12
white.day3_CCCAATCAGGGCTTCC-1	8
white.day3_CCCAATCAGGGTCTCC-1	10
white.day3_CCCAATCAGGTAGCTG-1	12
white.day3_CCCAATCAGTGGAGTC-1	10
white.day3_CCCAATCCACAGTCGC-1	6
white.day3_CCCAATCCACGTAAGG-1	11
white.day3_CCCAATCCACTGAAGG-1	7
white.day3_CCCAATCCAGATCGGA-1	8
white.day3_CCCAATCCAGATCTGT-1	8
white.day3_CCCAATCCAGTCGTGC-1	11
white.day3_CCCAATCCATTACGAC-1	9
white.day3_CCCAATCGTAATCACC-1	9
white.day3_CCCAATCGTACGAAAT-1	10
white.day3_CCCAATCGTCGCTTCT-1	10
white.day3_CCCAATCGTTGAGGTG-1	5
white.day3_CCCAATCTCAAGATCC-1	12
white.day3_CCCAATCTCAGCATGT-1	6
white.day3_CCCAATCTCCAAACTG-1	8
white.day3_CCCAATCTCGGCCGAT-1	8
white.day3_CCCAATCTCTCCAACC-1	11
white.day3_CCCAATCTCTCCAGGG-1	11
white.day3_CCCAATCTCTTCGGTC-1	12
white.day3_CCCAGTTAGCTGCAAG-1	11
white.day3_CCCAGTTAGTCGAGTG-1	8
white.day3_CCCAGTTCAGGTGGAT-1	9
white.day3_CCCAGTTCAGTCACTA-1	11
white.day3_CCCAGTTGTAAGTAGT-1	8
white.day3_CCCAGTTGTACGAAAT-1	10
white.day3_CCCAGTTGTCGCATAT-1	12
white.day3_CCCAGTTGTGCGGTAA-1	9
white.day3_CCCAGTTGTGTTGAGG-1	11
white.day3_CCCAGTTGTTATTCTC-1	9
white.day3_CCCAGTTGTTCGGCAC-1	12
white.day3_CCCAGTTTCACAGTAC-1	10
white.day3_CCCAGTTTCACATACG-1	5
white.day3_CCCAGTTTCAGTACGT-1	6
white.day3_CCCAGTTTCCGTAGGC-1	12
white.day3_CCCAGTTTCCTCCTAG-1	9
white.day3_CCCAGTTTCTACCAGA-1	9
white.day3_CCCATACAGATCGATA-1	12
white.day3_CCCATACAGCCGGTAA-1	9
white.day3_CCCATACCAATCGGTT-1	12
white.day3_CCCATACCACCTCGGA-1	12
white.day3_CCCATACCATAAGACA-1	8
white.day3_CCCATACCATGCCACG-1	8
white.day3_CCCATACCATTATCTC-1	12
white.day3_CCCATACCATTGAGCT-1	10
white.day3_CCCATACGTAGGGTAC-1	11
white.day3_CCCATACGTTCGTCTC-1	11
white.day3_CCCATACTCATGTAGC-1	10
white.day3_CCCTCCTAGAGCCCAA-1	12
white.day3_CCCTCCTAGCCATCGC-1	11
white.day3_CCCTCCTAGGCGCTCT-1	12
white.day3_CCCTCCTAGGCTACGA-1	7
white.day3_CCCTCCTCAAACAACA-1	6
white.day3_CCCTCCTCACAGACAG-1	8
white.day3_CCCTCCTCAGATTGCT-1	11
white.day3_CCCTCCTCAGCCTTTC-1	8
white.day3_CCCTCCTCATTGGCGC-1	12
white.day3_CCCTCCTGTAAATACG-1	11
white.day3_CCCTCCTGTAAATGAC-1	8
white.day3_CCCTCCTGTAATCGTC-1	10
white.day3_CCCTCCTGTAGAGGAA-1	12
white.day3_CCCTCCTGTAGATTAG-1	7
white.day3_CCCTCCTGTCACCTAA-1	9
white.day3_CCCTCCTGTGACGCCT-1	11
white.day3_CCCTCCTTCAACGCTA-1	9
white.day3_CCCTCCTTCAGTGCAT-1	12
white.day3_CCCTCCTTCATTGCGA-1	8
white.day3_CCCTCCTTCTCAAACG-1	8
white.day3_CCCTCCTTCTCGAGTA-1	8
white.day3_CCGGGATAGATGTGTA-1	7
white.day3_CCGGGATAGCGCTCCA-1	10
white.day3_CCGGGATAGCTGTTCA-1	10
white.day3_CCGGGATAGGAATTAC-1	10
white.day3_CCGGGATAGTCAATAG-1	9
white.day3_CCGGGATCACACCGAC-1	8
white.day3_CCGGGATCACAGACAG-1	7
white.day3_CCGGGATCAGACAGGT-1	11
white.day3_CCGGGATCAGCATGAG-1	11
white.day3_CCGGGATCAGCTGCAC-1	9
white.day3_CCGGGATCATCTCGCT-1	12
white.day3_CCGGGATCATGGGACA-1	12
white.day3_CCGGGATGTAACGACG-1	8
white.day3_CCGGGATGTCGCTTCT-1	7
white.day3_CCGGGATGTCGTGGCT-1	12
white.day3_CCGGGATGTGTTGGGA-1	12
white.day3_CCGGGATGTTCAGACT-1	9
white.day3_CCGGGATGTTGAGTTC-1	12
white.day3_CCGGGATTCAGTGTTG-1	10
white.day3_CCGGGATTCCCGACTT-1	12
white.day3_CCGGGATTCCCTAATT-1	9
white.day3_CCGGGATTCCGAACGC-1	10
white.day3_CCGGGATTCTCTGCTG-1	8
white.day3_CCGGTAGAGAACTCGG-1	9
white.day3_CCGGTAGAGACAGGCT-1	8
white.day3_CCGGTAGAGAGCAATT-1	10
white.day3_CCGGTAGAGATGTGTA-1	12
white.day3_CCGGTAGAGCACACAG-1	8
white.day3_CCGGTAGAGCTAAGAT-1	10
white.day3_CCGGTAGAGGCTATCT-1	12
white.day3_CCGGTAGAGGGATCTG-1	11
white.day3_CCGGTAGAGTGACATA-1	7
white.day3_CCGGTAGAGTGGACGT-1	12
white.day3_CCGGTAGCACAGCGTC-1	7
white.day3_CCGGTAGCACGGATAG-1	8
white.day3_CCGGTAGCAGCTTCGG-1	10
white.day3_CCGGTAGCATGGATGG-1	11
white.day3_CCGGTAGCATTATCTC-1	12
white.day3_CCGGTAGGTAAGGGCT-1	11
white.day3_CCGGTAGGTAGCTAAA-1	12
white.day3_CCGGTAGGTATAGGTA-1	11
white.day3_CCGGTAGGTATGAATG-1	10
white.day3_CCGGTAGGTCAATGTC-1	8
white.day3_CCGGTAGGTCAGTGGA-1	11
white.day3_CCGGTAGGTGACAAAT-1	8
white.day3_CCGGTAGGTGACGCCT-1	7
white.day3_CCGGTAGGTGCTGTAT-1	12
white.day3_CCGGTAGTCAACACTG-1	8
white.day3_CCGGTAGTCCTTAATC-1	11
white.day3_CCGGTAGTCGAGAACG-1	9
white.day3_CCGGTAGTCGCCCTTA-1	12
white.day3_CCGGTAGTCGCGCCAA-1	8
white.day3_CCGGTAGTCGCGGATC-1	7
white.day3_CCGGTAGTCGTTTAGG-1	12
white.day3_CCGGTAGTCTGACCTC-1	12
white.day3_CCGTACTAGAAGAAGC-1	11
white.day3_CCGTACTAGACTGTAA-1	12
white.day3_CCGTACTAGATGAGAG-1	12
white.day3_CCGTACTAGATGTGTA-1	12
white.day3_CCGTACTAGCACACAG-1	12
white.day3_CCGTACTAGCTCCCAG-1	12
white.day3_CCGTACTAGGAGCGAG-1	12
white.day3_CCGTACTAGTAGGCCA-1	7
white.day3_CCGTACTAGTATGACA-1	12
white.day3_CCGTACTAGTTGTAGA-1	12
white.day3_CCGTACTCACAAGACG-1	7
white.day3_CCGTACTCAGATGAGC-1	12
white.day3_CCGTACTCAGTTCCCT-1	5
white.day3_CCGTACTCATCGGGTC-1	6
white.day3_CCGTACTCATGGAATA-1	12
white.day3_CCGTACTGTAAAGGAG-1	8
white.day3_CCGTACTGTAAGTGGC-1	8
white.day3_CCGTACTGTACCGTAT-1	12
white.day3_CCGTACTGTCCATCCT-1	10
white.day3_CCGTACTGTCTCAACA-1	7
white.day3_CCGTACTGTTATTCTC-1	8
white.day3_CCGTACTGTTGCTCCT-1	9
white.day3_CCGTACTTCCTAGTGA-1	12
white.day3_CCGTACTTCTAACCGA-1	11
white.day3_CCGTACTTCTCGTTTA-1	8
white.day3_CCGTACTTCTTCAACT-1	7
white.day3_CCGTACTTCTTTACGT-1	12
white.day3_CCGTACTTCTTTCCTC-1	12
white.day3_CCGTGGAAGACGACGT-1	12
white.day3_CCGTGGAAGCTAAACA-1	12
white.day3_CCGTGGAAGCTAACTC-1	8
white.day3_CCGTGGAAGGACATTA-1	12
white.day3_CCGTGGAAGTATGACA-1	7
white.day3_CCGTGGAAGTCCAGGA-1	10
white.day3_CCGTGGAAGTGAACAT-1	9
white.day3_CCGTGGAAGTGTACTC-1	11
white.day3_CCGTGGAAGTTTGCGT-1	10
white.day3_CCGTGGACAAAGCAAT-1	9
white.day3_CCGTGGACAACTGCTA-1	12
white.day3_CCGTGGACAAGCCCAC-1	11
white.day3_CCGTGGACACAGTCGC-1	9
white.day3_CCGTGGACAGGTGCCT-1	7
white.day3_CCGTGGACATAGACTC-1	12
white.day3_CCGTGGACATCCTAGA-1	10
white.day3_CCGTGGAGTACTCAAC-1	11
white.day3_CCGTGGAGTAGTAGTA-1	3
white.day3_CCGTGGAGTATAAACG-1	9
white.day3_CCGTGGAGTATGCTTG-1	12
white.day3_CCGTGGAGTGAGGGAG-1	9
white.day3_CCGTGGAGTGATGTCT-1	11
white.day3_CCGTGGAGTGGACGAT-1	9
white.day3_CCGTGGAGTTCAACCA-1	12
white.day3_CCGTGGATCACTGGGC-1	8
white.day3_CCGTGGATCTGAAAGA-1	10
white.day3_CCGTTCAAGAGTAATC-1	11
white.day3_CCGTTCAAGATGTTAG-1	12
white.day3_CCGTTCAAGCGATGAC-1	12
white.day3_CCGTTCAAGGACGAAA-1	11
white.day3_CCGTTCAAGTCCATAC-1	7
white.day3_CCGTTCAAGTTGAGAT-1	12
white.day3_CCGTTCACAAACGTGG-1	12
white.day3_CCGTTCACAACCGCCA-1	5
white.day3_CCGTTCACAAGAAAGG-1	8
white.day3_CCGTTCACAATCAGAA-1	10
white.day3_CCGTTCACACAAGTAA-1	12
white.day3_CCGTTCACACATGACT-1	10
white.day3_CCGTTCACACGGTAGA-1	8
white.day3_CCGTTCAGTATAAACG-1	7
white.day3_CCGTTCAGTCGGGTCT-1	10
white.day3_CCGTTCAGTGGGTCAA-1	7
white.day3_CCGTTCATCAAGGCTT-1	11
white.day3_CCGTTCATCACATGCA-1	12
white.day3_CCGTTCATCGAACTGT-1	11
white.day3_CCGTTCATCGGTTCGG-1	12
white.day3_CCGTTCATCGTAGGTT-1	8
white.day3_CCGTTCATCTAACTTC-1	8
white.day3_CCGTTCATCTCGAGTA-1	12
white.day3_CCTAAAGAGCTAGTGG-1	11
white.day3_CCTAAAGAGTCGAGTG-1	10
white.day3_CCTAAAGCAACGATGG-1	7
white.day3_CCTAAAGCAAGGTTTC-1	12
white.day3_CCTAAAGCAATCCGAT-1	8
white.day3_CCTAAAGCAGCTCGCA-1	11
white.day3_CCTAAAGCATCCGGGT-1	7
white.day3_CCTAAAGGTTCACGGC-1	12
white.day3_CCTAAAGGTTCAGACT-1	10
white.day3_CCTAAAGGTTGAGTTC-1	11
white.day3_CCTAAAGGTTGTACAC-1	9
white.day3_CCTAAAGTCAGCCTAA-1	11
white.day3_CCTAAAGTCCACGAAT-1	8
white.day3_CCTAAAGTCCCGACTT-1	11
white.day3_CCTAAAGTCGAGCCCA-1	7
white.day3_CCTAAAGTCGATGAGG-1	9
white.day3_CCTAAAGTCGCCCTTA-1	8
white.day3_CCTAAAGTCGTTTGCC-1	11
white.day3_CCTAAAGTCTCGTTTA-1	9
white.day3_CCTAAAGTCTTTCCTC-1	8
white.day3_CCTACACAGCAACGGT-1	10
white.day3_CCTACACAGCCCGAAA-1	8
white.day3_CCTACACAGGCAATTA-1	12
white.day3_CCTACACAGGTGCTTT-1	12
white.day3_CCTACACAGTACGCCC-1	9
white.day3_CCTACACCAAGCCCAC-1	12
white.day3_CCTACACCAAGGACAC-1	10
white.day3_CCTACACCAAGGGTCA-1	12
white.day3_CCTACACCACAGACAG-1	12
white.day3_CCTACACCACAGCGTC-1	11
white.day3_CCTACACCACATCCGG-1	6
white.day3_CCTACACCACCAGGTC-1	11
white.day3_CCTACACCACTCTGTC-1	9
white.day3_CCTACACCAGTAGAGC-1	9
white.day3_CCTACACCATATGCTG-1	7
white.day3_CCTACACCATCGGACC-1	9
white.day3_CCTACACGTCTAGGTT-1	8
white.day3_CCTACACGTTACCAGT-1	9
white.day3_CCTACACGTTCCCGAG-1	12
white.day3_CCTACACGTTTGCATG-1	9
white.day3_CCTACACTCAACACAC-1	9
white.day3_CCTACACTCAGTTCGA-1	12
white.day3_CCTACACTCCTTGACC-1	9
white.day3_CCTACACTCGAATGGG-1	7
white.day3_CCTACACTCGGCGGTT-1	10
white.day3_CCTACACTCTGACCTC-1	12
white.day3_CCTACCAAGACTGTAA-1	7
white.day3_CCTACCAAGAGCAATT-1	5
white.day3_CCTACCAAGCTGTCTA-1	8
white.day3_CCTACCAAGGAGCGTT-1	8
white.day3_CCTACCAAGTGGAGTC-1	12
white.day3_CCTACCACACCAACCG-1	12
white.day3_CCTACCACACGGTTTA-1	12
white.day3_CCTACCACAGATAATG-1	11
white.day3_CCTACCAGTCAAAGCG-1	11
white.day3_CCTACCAGTCATCGGC-1	9
white.day3_CCTACCAGTGAGGCTA-1	8
white.day3_CCTACCAGTGGCAAAC-1	6
white.day3_CCTACCAGTGTGCGTC-1	12
white.day3_CCTACCAGTTCGTTGA-1	8
white.day3_CCTACCAGTTGATTCG-1	6
white.day3_CCTACCATCACGACTA-1	12
white.day3_CCTACCATCGCAAACT-1	10
white.day3_CCTACCATCTGCGGCA-1	9
white.day3_CCTACCATCTGGTATG-1	8
white.day3_CCTACCATCTGTCTAT-1	12
white.day3_CCTAGCTAGATCACGG-1	10
white.day3_CCTAGCTAGATGTGTA-1	12
white.day3_CCTAGCTAGCAAATCA-1	7
white.day3_CCTAGCTAGCCATCGC-1	8
white.day3_CCTAGCTAGCGCCTCA-1	10
white.day3_CCTAGCTAGCGCCTTG-1	12
white.day3_CCTAGCTAGTGTCCAT-1	12
white.day3_CCTAGCTCAAGGACAC-1	8
white.day3_CCTAGCTCAATAGCAA-1	11
white.day3_CCTAGCTCAATAGCGG-1	8
white.day3_CCTAGCTCAGAAGCAC-1	6
white.day3_CCTAGCTCAGTTCATG-1	8
white.day3_CCTAGCTCATAAAGGT-1	11
white.day3_CCTAGCTCATCAGTCA-1	9
white.day3_CCTAGCTGTAAGGATT-1	9
white.day3_CCTAGCTGTCCAACTA-1	8
white.day3_CCTAGCTGTGCAGTAG-1	8
white.day3_CCTAGCTGTGGTCCGT-1	11
white.day3_CCTAGCTGTGGTGTAG-1	11
white.day3_CCTAGCTGTGTGAAAT-1	10
white.day3_CCTAGCTGTTATGTGC-1	11
white.day3_CCTAGCTTCAGCGATT-1	12
white.day3_CCTAGCTTCAGGCCCA-1	12
white.day3_CCTAGCTTCCTCCTAG-1	12
white.day3_CCTAGCTTCTGTGCAA-1	7
white.day3_CCTAGCTTCTTAGCCC-1	11
white.day3_CCTAGCTTCTTATCTG-1	9
white.day3_CCTAGCTTCTTGCCGT-1	6
white.day3_CCTAGCTTCTTTAGTC-1	6
white.day3_CCTATTAAGACAGGCT-1	10
white.day3_CCTATTAAGATCGGGT-1	11
white.day3_CCTATTAAGCACCGCT-1	9
white.day3_CCTATTAAGGGTTTCT-1	11
white.day3_CCTATTACAACTTGAC-1	9
white.day3_CCTATTACAAGCGATG-1	12
white.day3_CCTATTACAATAAGCA-1	3
white.day3_CCTATTACAATAGAGT-1	12
white.day3_CCTATTACAATCTACG-1	6
white.day3_CCTATTACACCAACCG-1	8
white.day3_CCTATTACACGGCCAT-1	8
white.day3_CCTATTACATCGATGT-1	12
white.day3_CCTATTACATGACGGA-1	12
white.day3_CCTATTAGTAAATGTG-1	8
white.day3_CCTATTAGTAACGACG-1	12
white.day3_CCTATTAGTACCTACA-1	11
white.day3_CCTATTAGTAGCTGCC-1	9
white.day3_CCTATTAGTAGGAGTC-1	8
white.day3_CCTATTAGTATAGGTA-1	9
white.day3_CCTATTAGTCAAAGAT-1	9
white.day3_CCTATTAGTCCGAAGA-1	7
white.day3_CCTATTAGTTGGTGGA-1	11
white.day3_CCTATTATCCGAGCCA-1	11
white.day3_CCTATTATCGCATGGC-1	7
white.day3_CCTATTATCGGAAACG-1	10
white.day3_CCTATTATCGTAGATC-1	8
white.day3_CCTATTATCTCATTCA-1	12
white.day3_CCTATTATCTCGCATC-1	12
white.day3_CCTATTATCTGCTGTC-1	9
white.day3_CCTATTATCTGGCGTG-1	4
white.day3_CCTATTATCTTGTTTG-1	10
white.day3_CCTCAGTAGAAACCTA-1	12
white.day3_CCTCAGTAGAAAGTGG-1	10
white.day3_CCTCAGTAGAGACGAA-1	10
white.day3_CCTCAGTAGAGAGCTC-1	12
white.day3_CCTCAGTAGCAGATCG-1	11
white.day3_CCTCAGTAGCTAGTGG-1	12
white.day3_CCTCAGTAGGAACTGC-1	12
white.day3_CCTCAGTAGGCTAGAC-1	8
white.day3_CCTCAGTAGGTAAACT-1	11
white.day3_CCTCAGTAGTCCTCCT-1	8
white.day3_CCTCAGTAGTTCGATC-1	3
white.day3_CCTCAGTAGTTGTAGA-1	8
white.day3_CCTCAGTCAGCGATCC-1	8
white.day3_CCTCAGTCAGGCGATA-1	9
white.day3_CCTCAGTCAGTTCATG-1	9
white.day3_CCTCAGTGTAGAGTGC-1	12
white.day3_CCTCAGTGTATAAACG-1	10
white.day3_CCTCAGTGTCAGCTAT-1	9
white.day3_CCTCAGTGTCCGACGT-1	7
white.day3_CCTCAGTGTCGGGTCT-1	12
white.day3_CCTCAGTGTGAAATCA-1	6
white.day3_CCTCAGTGTTCCACGG-1	7
white.day3_CCTCAGTGTTGCGCAC-1	9
white.day3_CCTCAGTTCGCCTGTT-1	9
white.day3_CCTCAGTTCTCGTTTA-1	12
white.day3_CCTCAGTTCTGCAAGT-1	9
white.day3_CCTCTGAAGATGTTAG-1	12
white.day3_CCTCTGAAGCAATATG-1	7
white.day3_CCTCTGAAGGTCGGAT-1	8
white.day3_CCTCTGAAGTCCAGGA-1	9
white.day3_CCTCTGAAGTCGATAA-1	7
white.day3_CCTCTGAAGTGTTTGC-1	9
white.day3_CCTCTGACAAACAACA-1	8
white.day3_CCTCTGACAAACTGTC-1	9
white.day3_CCTCTGACAAGCCGTC-1	8
white.day3_CCTCTGACAAGGTTCT-1	7
white.day3_CCTCTGACAATGACCT-1	12
white.day3_CCTCTGACAATGGAAT-1	10
white.day3_CCTCTGACAATGGAGC-1	8
white.day3_CCTCTGACACCAACCG-1	9
white.day3_CCTCTGACAGGGATTG-1	9
white.day3_CCTCTGACATGGTTGT-1	9
white.day3_CCTCTGAGTACGCTGC-1	8
white.day3_CCTCTGAGTACTCGCG-1	7
white.day3_CCTCTGAGTACTTAGC-1	12
white.day3_CCTCTGAGTAGCGCTC-1	8
white.day3_CCTCTGAGTGCACGAA-1	12
white.day3_CCTCTGAGTTTACTCT-1	12
white.day3_CCTCTGATCAGTCAGT-1	6
white.day3_CCTCTGATCCTCCTAG-1	12
white.day3_CCTCTGATCGCTTGTC-1	6
white.day3_CCTCTGATCTATCCTA-1	7
white.day3_CCTCTGATCTTGTCAT-1	11
white.day3_CCTTACGAGAGGGCTT-1	8
white.day3_CCTTACGAGCAGGCTA-1	7
white.day3_CCTTACGAGGGTTCCC-1	9
white.day3_CCTTACGAGGTGTGGT-1	8
white.day3_CCTTACGAGTGACATA-1	11
white.day3_CCTTACGAGTGGGATC-1	8
white.day3_CCTTACGAGTGGGCTA-1	9
white.day3_CCTTACGCAACCGCCA-1	9
white.day3_CCTTACGCACCACCAG-1	9
white.day3_CCTTACGCACGTTGGC-1	8
white.day3_CCTTACGCACTTAACG-1	11
white.day3_CCTTACGCAGATTGCT-1	9
white.day3_CCTTACGCAGCTGTTA-1	12
white.day3_CCTTACGCAGGTTTCA-1	11
white.day3_CCTTACGCATACCATG-1	12
white.day3_CCTTACGCATATGCTG-1	12
white.day3_CCTTACGCATGCTGGC-1	7
white.day3_CCTTACGCATGTCTCC-1	10
white.day3_CCTTACGGTCACCCAG-1	10
white.day3_CCTTACGGTCTACCTC-1	12
white.day3_CCTTACGGTTGTGGCC-1	10
white.day3_CCTTACGGTTTGACTG-1	11
white.day3_CCTTACGGTTTGGGCC-1	10
white.day3_CCTTACGTCCGGCACA-1	9
white.day3_CCTTACGTCGCGCCAA-1	12
white.day3_CCTTACGTCTGAAAGA-1	7
white.day3_CCTTACGTCTTATCTG-1	8
white.day3_CCTTCCCAGAACTCGG-1	11
white.day3_CCTTCCCAGCCGCCTA-1	10
white.day3_CCTTCCCAGCGATAGC-1	12
white.day3_CCTTCCCAGGACGAAA-1	11
white.day3_CCTTCCCAGGCGATAC-1	9
white.day3_CCTTCCCAGGTAGCTG-1	12
white.day3_CCTTCCCCAAACTGTC-1	10
white.day3_CCTTCCCCACCCAGTG-1	12
white.day3_CCTTCCCCACCTATCC-1	12
white.day3_CCTTCCCGTCCGCTGA-1	11
white.day3_CCTTCCCGTGTATGGG-1	8
white.day3_CCTTCCCTCACAGGCC-1	11
white.day3_CCTTCCCTCTCCAACC-1	11
white.day3_CCTTCGAAGACAGAGA-1	12
white.day3_CCTTCGAAGCGTCAAG-1	11
white.day3_CCTTCGAAGCTACCTA-1	10
white.day3_CCTTCGAAGCTGAACG-1	7
white.day3_CCTTCGAAGGACAGAA-1	12
white.day3_CCTTCGAAGGAGTTTA-1	11
white.day3_CCTTCGAAGTCTTGCA-1	9
white.day3_CCTTCGAAGTGGGCTA-1	12
white.day3_CCTTCGAAGTTCGCGC-1	8
white.day3_CCTTCGACACGGTAAG-1	9
white.day3_CCTTCGACATGCTAGT-1	9
white.day3_CCTTCGAGTAGCGTCC-1	12
white.day3_CCTTCGAGTCGTCTTC-1	12
white.day3_CCTTCGAGTCTCTTAT-1	10
white.day3_CCTTCGAGTTATTCTC-1	12
white.day3_CCTTCGATCCCTTGCA-1	12
white.day3_CCTTCGATCTAACCGA-1	10
white.day3_CCTTCGATCTGATTCT-1	12
white.day3_CCTTCGATCTGCCAGG-1	11
white.day3_CCTTCGATCTGCGGCA-1	11
white.day3_CCTTCGATCTGCTGCT-1	12
white.day3_CCTTTCTAGACAGGCT-1	7
white.day3_CCTTTCTAGCGTTGCC-1	7
white.day3_CCTTTCTAGGTGCACA-1	9
white.day3_CCTTTCTAGTAGGCCA-1	10
white.day3_CCTTTCTAGTCATCCA-1	8
white.day3_CCTTTCTCACCCATGG-1	10
white.day3_CCTTTCTCAGACAAGC-1	12
white.day3_CCTTTCTCAGCCAGAA-1	10
white.day3_CCTTTCTCATACAGCT-1	9
white.day3_CCTTTCTCATGCTAGT-1	11
white.day3_CCTTTCTCATTGGTAC-1	9
white.day3_CCTTTCTGTATTAGCC-1	9
white.day3_CCTTTCTGTCACTGGC-1	12
white.day3_CCTTTCTGTCCCTACT-1	12
white.day3_CCTTTCTGTCCGAGTC-1	10
white.day3_CCTTTCTGTGTCGCTG-1	9
white.day3_CCTTTCTTCATAGCAC-1	10
white.day3_CCTTTCTTCATGTAGC-1	12
white.day3_CCTTTCTTCGCCAAAT-1	12
white.day3_CCTTTCTTCTCCAGGG-1	11
white.day3_CGAACATAGAAACGCC-1	10
white.day3_CGAACATAGGGCATGT-1	8
white.day3_CGAACATAGTGACTCT-1	12
white.day3_CGAACATAGTGCGATG-1	11
white.day3_CGAACATCAACTGCGC-1	11
white.day3_CGAACATCAATTCCTT-1	8
white.day3_CGAACATCACAGGAGT-1	12
white.day3_CGAACATCACTATCTT-1	8
white.day3_CGAACATCATACCATG-1	12
white.day3_CGAACATCATGGGAAC-1	11
white.day3_CGAACATCATTACGAC-1	9
white.day3_CGAACATGTACTTGAC-1	12
white.day3_CGAACATGTCAGAATA-1	9
white.day3_CGAACATGTCGAACAG-1	8
white.day3_CGAACATTCAAAGTAG-1	8
white.day3_CGAACATTCACATGCA-1	8
white.day3_CGAACATTCCGCAGTG-1	11
white.day3_CGAACATTCTAACTTC-1	3
white.day3_CGAACATTCTACTATC-1	9
white.day3_CGAACATTCTGGCGTG-1	8
white.day3_CGAACATTCTTCAACT-1	9
white.day3_CGAATGTAGAGGGCTT-1	11
white.day3_CGAATGTAGCTGAAAT-1	11
white.day3_CGAATGTAGTGTGGCA-1	12
white.day3_CGAATGTCAAGGACTG-1	9
white.day3_CGAATGTCAATGTAAG-1	8
white.day3_CGAATGTCACACCGAC-1	11
white.day3_CGAATGTCACAGCCCA-1	10
white.day3_CGAATGTCACGCATCG-1	12
white.day3_CGAATGTCATTAGGCT-1	12
white.day3_CGAATGTGTAAATGAC-1	8
white.day3_CGAATGTGTACACCGC-1	11
white.day3_CGAATGTGTACCGCTG-1	7
white.day3_CGAATGTGTACGCACC-1	7
white.day3_CGAATGTGTACGCTGC-1	8
white.day3_CGAATGTGTATATCCG-1	10
white.day3_CGAATGTGTCTCTTTA-1	9
white.day3_CGAATGTGTGTGAAAT-1	10
white.day3_CGAATGTGTTATTCTC-1	9
white.day3_CGAATGTGTTGGTGGA-1	9
white.day3_CGAATGTTCATGCATG-1	7
white.day3_CGAATGTTCATGTCCC-1	12
white.day3_CGAATGTTCCCGGATG-1	9
white.day3_CGAATGTTCCCTAATT-1	11
white.day3_CGAATGTTCCGGGTGT-1	12
white.day3_CGAATGTTCCTTCAAT-1	11
white.day3_CGAATGTTCCTTGACC-1	6
white.day3_CGAATGTTCGTAGATC-1	10
white.day3_CGAATGTTCGTTACGA-1	11
white.day3_CGACCTTAGAGTCGGT-1	11
white.day3_CGACCTTAGCCAACAG-1	5
white.day3_CGACCTTAGGATGGAA-1	12
white.day3_CGACCTTAGGGCATGT-1	8
white.day3_CGACCTTAGGGTGTTG-1	7
white.day3_CGACCTTAGGTAGCTG-1	12
white.day3_CGACCTTAGTAGGCCA-1	12
white.day3_CGACCTTAGTCAATAG-1	12
white.day3_CGACCTTGTAATCACC-1	10
white.day3_CGACCTTGTACTCAAC-1	8
white.day3_CGACCTTGTCTGATCA-1	7
white.day3_CGACCTTGTTCCACAA-1	12
white.day3_CGACCTTTCCAAGCCG-1	12
white.day3_CGACCTTTCCAATGGT-1	11
white.day3_CGACCTTTCGCGCCAA-1	12
white.day3_CGACCTTTCTGACCTC-1	8
white.day3_CGACTTCAGAAGGTTT-1	12
white.day3_CGACTTCAGAGTTGGC-1	12
white.day3_CGACTTCAGGTGATAT-1	12
white.day3_CGACTTCCACGGCCAT-1	12
white.day3_CGACTTCCAGCCTTTC-1	9
white.day3_CGACTTCCAGGAACGT-1	8
white.day3_CGACTTCCAGGTGGAT-1	12
white.day3_CGACTTCCATCGACGC-1	11
white.day3_CGACTTCGTACACCGC-1	11
white.day3_CGACTTCGTAGCAAAT-1	7
white.day3_CGACTTCGTTCACCTC-1	12
white.day3_CGACTTCTCACCCGAG-1	12
white.day3_CGACTTCTCCAACCAA-1	10
white.day3_CGACTTCTCGATGAGG-1	7
white.day3_CGACTTCTCGTGACAT-1	11
white.day3_CGACTTCTCTAACTTC-1	5
white.day3_CGACTTCTCTGCAGTA-1	11
white.day3_CGACTTCTCTTCTGGC-1	10
white.day3_CGAGAAGAGAAAGTGG-1	5
white.day3_CGAGAAGAGGAATCGC-1	9
white.day3_CGAGAAGAGTAATCCC-1	7
white.day3_CGAGAAGCACATGACT-1	8
white.day3_CGAGAAGCACTGTTAG-1	10
white.day3_CGAGAAGCAGATCTGT-1	12
white.day3_CGAGAAGGTACGCTGC-1	8
white.day3_CGAGAAGGTCTAAAGA-1	8
white.day3_CGAGAAGGTGTGGCTC-1	10
white.day3_CGAGAAGGTTATGCGT-1	12
white.day3_CGAGAAGTCACATGCA-1	8
white.day3_CGAGAAGTCACTTACT-1	11
white.day3_CGAGAAGTCCGCGCAA-1	10
white.day3_CGAGCACAGAAGATTC-1	7
white.day3_CGAGCACAGAGAACAG-1	12
white.day3_CGAGCACAGAGTACCG-1	9
white.day3_CGAGCACAGCAATATG-1	7
white.day3_CGAGCACAGCAGGTCA-1	10
white.day3_CGAGCACAGCTCAACT-1	8
white.day3_CGAGCACAGGCTCAGA-1	10
white.day3_CGAGCACAGGGATACC-1	9
white.day3_CGAGCACAGGTGCTTT-1	10
white.day3_CGAGCACCAAGAAAGG-1	12
white.day3_CGAGCACCACTGTCGG-1	6
white.day3_CGAGCACCAGATCTGT-1	8
white.day3_CGAGCACCAGGGCATA-1	10
white.day3_CGAGCACGTACATCCA-1	11
white.day3_CGAGCACGTCAAAGAT-1	8
white.day3_CGAGCACGTCTGGTCG-1	12
white.day3_CGAGCACGTGACGGTA-1	8
white.day3_CGAGCACGTGCTAGCC-1	12
white.day3_CGAGCACGTTACCAGT-1	5
white.day3_CGAGCACGTTACGGAG-1	12
white.day3_CGAGCACTCACCACCT-1	8
white.day3_CGAGCACTCATCACCC-1	7
white.day3_CGAGCACTCCCTAATT-1	10
white.day3_CGAGCACTCGGTCTAA-1	12
white.day3_CGAGCACTCGTCACGG-1	10
white.day3_CGAGCACTCGTGACAT-1	9
white.day3_CGAGCACTCTGTCTCG-1	8
white.day3_CGAGCACTCTGTTGAG-1	10
white.day3_CGAGCCAAGAAAGTGG-1	10
white.day3_CGAGCCAAGCCACGCT-1	8
white.day3_CGAGCCAAGCGTGAAC-1	8
white.day3_CGAGCCAAGGGAGTAA-1	12
white.day3_CGAGCCAAGTGTGAAT-1	12
white.day3_CGAGCCACACAGGAGT-1	8
white.day3_CGAGCCACACCAACCG-1	9
white.day3_CGAGCCACACCAGGCT-1	10
white.day3_CGAGCCACAGATCTGT-1	7
white.day3_CGAGCCACAGGCGATA-1	11
white.day3_CGAGCCACAGGTCTCG-1	8
white.day3_CGAGCCACATCGGGTC-1	8
white.day3_CGAGCCAGTACGACCC-1	12
white.day3_CGAGCCAGTAGATTAG-1	8
white.day3_CGAGCCAGTGTATGGG-1	10
white.day3_CGAGCCAGTTCCACTC-1	9
white.day3_CGAGCCATCCTGCTTG-1	10
white.day3_CGAGCCATCGTAGATC-1	12
white.day3_CGAGCCATCTAGAGTC-1	8
white.day3_CGAGCCATCTCACATT-1	9
white.day3_CGAGCCATCTCCCTGA-1	12
white.day3_CGATCGGAGAAACCGC-1	12
white.day3_CGATCGGAGATATACG-1	11
white.day3_CGATCGGAGCGATGAC-1	7
white.day3_CGATCGGAGCTACCTA-1	8
white.day3_CGATCGGAGTATCGAA-1	9
white.day3_CGATCGGCACCGAAAG-1	10
white.day3_CGATCGGCACGAAGCA-1	12
white.day3_CGATCGGCAGCCACCA-1	7
white.day3_CGATCGGCATCCCACT-1	12
white.day3_CGATCGGCATGTTGAC-1	10
white.day3_CGATCGGCATTAACCG-1	8
white.day3_CGATCGGGTACCGCTG-1	9
white.day3_CGATCGGGTAGCTTGT-1	12
white.day3_CGATCGGGTCTAGTCA-1	8
white.day3_CGATCGGGTGAAGGCT-1	12
white.day3_CGATCGGGTGTAACGG-1	12
white.day3_CGATCGGGTGTGAATA-1	10
white.day3_CGATCGGGTGTGACGA-1	10
white.day3_CGATCGGGTTGAACTC-1	9
white.day3_CGATCGGTCCGAAGAG-1	12
white.day3_CGATCGGTCCGTTGTC-1	8
white.day3_CGATCGGTCGCCAGCA-1	9
white.day3_CGATCGGTCGCTTAGA-1	12
white.day3_CGATCGGTCGTTACGA-1	12
white.day3_CGATCGGTCTTGAGGT-1	10
white.day3_CGATGGCAGCGTAGTG-1	7
white.day3_CGATGGCAGCTAGGCA-1	9
white.day3_CGATGGCAGGAGCGTT-1	12
white.day3_CGATGGCAGTGCAAGC-1	12
white.day3_CGATGGCAGTGGGATC-1	10
white.day3_CGATGGCAGTGTACCT-1	12
white.day3_CGATGGCCAAAGTCAA-1	11
white.day3_CGATGGCCAACTGCTA-1	11
white.day3_CGATGGCCAAGAAGAG-1	8
white.day3_CGATGGCCAAGCCGCT-1	9
white.day3_CGATGGCCAATGAATG-1	11
white.day3_CGATGGCCAATGTTGC-1	10
white.day3_CGATGGCCAGGTGGAT-1	8
white.day3_CGATGGCGTAAACACA-1	9
white.day3_CGATGGCGTACAGTTC-1	12
white.day3_CGATGGCGTCACCCAG-1	12
white.day3_CGATGGCGTCAGATAA-1	11
white.day3_CGATGGCGTCCTAGCG-1	7
white.day3_CGATGGCTCAGCTCTC-1	12
white.day3_CGATGGCTCGCTTGTC-1	10
white.day3_CGATGGCTCTGCTGTC-1	8
white.day3_CGATGGCTCTGTCCGT-1	8
white.day3_CGATGTAAGACGCAAC-1	11
white.day3_CGATGTAAGAGCTGGT-1	11
white.day3_CGATGTAAGAGGTTGC-1	12
white.day3_CGATGTAAGCGTCAAG-1	12
white.day3_CGATGTAAGGAGTAGA-1	10
white.day3_CGATGTAAGGGCTCTC-1	8
white.day3_CGATGTAAGTAGCGGT-1	11
white.day3_CGATGTAAGTTAGGTA-1	7
white.day3_CGATGTACAAAGGCGT-1	9
white.day3_CGATGTACACCCATTC-1	7
white.day3_CGATGTACACTATCTT-1	9
white.day3_CGATGTACAGGGTTAG-1	11
white.day3_CGATGTACATACAGCT-1	12
white.day3_CGATGTACATGAAGTA-1	12
white.day3_CGATGTACATTTGCCC-1	11
white.day3_CGATGTAGTAGCTCCG-1	10
white.day3_CGATGTAGTATTCTCT-1	12
white.day3_CGATGTAGTCGTGGCT-1	10
white.day3_CGATGTAGTCTCAACA-1	11
white.day3_CGATGTAGTGGTCCGT-1	8
white.day3_CGATGTAGTGTGAAAT-1	12
white.day3_CGATGTAGTTATGCGT-1	8
white.day3_CGATGTAGTTCCGTCT-1	11
white.day3_CGATGTAGTTCTGAAC-1	10
white.day3_CGATGTATCAAAGTAG-1	9
white.day3_CGATGTATCAAGGCTT-1	9
white.day3_CGATGTATCAGCACAT-1	9
white.day3_CGATGTATCGAGAACG-1	8
white.day3_CGATGTATCGGTCCGA-1	12
white.day3_CGATGTATCGTTACGA-1	8
white.day3_CGATGTATCTTGAGAC-1	9
white.day3_CGATTGAAGAGGTACC-1	7
white.day3_CGATTGAAGCGTTGCC-1	10
white.day3_CGATTGAAGGAGCGAG-1	11
white.day3_CGATTGAAGGCCCGTT-1	8
white.day3_CGATTGAAGTGTACCT-1	12
white.day3_CGATTGACAAAGGAAG-1	10
white.day3_CGATTGACACCCTATC-1	10
white.day3_CGATTGACACGCGAAA-1	7
white.day3_CGATTGACAGTATGCT-1	9
white.day3_CGATTGACAGTCTTCC-1	12
white.day3_CGATTGAGTCTTCGTC-1	12
white.day3_CGATTGAGTGACCAAG-1	10
white.day3_CGATTGAGTTATCACG-1	9
white.day3_CGATTGAGTTCTCATT-1	11
white.day3_CGATTGAGTTCTGAAC-1	8
white.day3_CGATTGATCAAGCCTA-1	10
white.day3_CGATTGATCACTTCAT-1	12
white.day3_CGATTGATCGCGCCAA-1	5
white.day3_CGATTGATCGTCTGCT-1	9
white.day3_CGATTGATCTCTGCTG-1	9
white.day3_CGATTGATCTTGACGA-1	10
white.day3_CGCCAAGAGCCAGGAT-1	3
white.day3_CGCCAAGAGCGCCTCA-1	8
white.day3_CGCCAAGAGCTGTTCA-1	7
white.day3_CGCCAAGAGGAATGGA-1	10
white.day3_CGCCAAGAGGTTCCTA-1	11
white.day3_CGCCAAGAGTCGATAA-1	8
white.day3_CGCCAAGAGTGCGTGA-1	12
white.day3_CGCCAAGCAAGTCATC-1	10
white.day3_CGCCAAGCACGAAGCA-1	11
white.day3_CGCCAAGTCAATACCG-1	12
white.day3_CGCCAAGTCACTCCTG-1	10
white.day3_CGCCAAGTCAGAAATG-1	10
white.day3_CGCCAAGTCCCTAACC-1	9
white.day3_CGCCAAGTCTTGTACT-1	8
white.day3_CGCGGTAAGACTGGGT-1	10
white.day3_CGCGGTAAGAGTAATC-1	7
white.day3_CGCGGTAAGCGACGTA-1	11
white.day3_CGCGGTAAGCTATGCT-1	12
white.day3_CGCGGTAAGGACAGAA-1	12
white.day3_CGCGGTAAGGAGTCTG-1	7
white.day3_CGCGGTAAGGGCTTGA-1	9
white.day3_CGCGGTAAGTACGCCC-1	12
white.day3_CGCGGTACAGCTCCGA-1	11
white.day3_CGCGGTACATCGACGC-1	12
white.day3_CGCGGTAGTCGAATCT-1	9
white.day3_CGCGGTAGTCGCGTGT-1	10
white.day3_CGCGGTAGTCGCTTTC-1	8
white.day3_CGCGGTAGTCTCTCGT-1	9
white.day3_CGCGGTAGTGAAATCA-1	10
white.day3_CGCGGTAGTGAACCTT-1	12
white.day3_CGCGGTAGTGCGATAG-1	9
white.day3_CGCGGTAGTGCGCTTG-1	11
white.day3_CGCGGTAGTGTGGCTC-1	11
white.day3_CGCGGTAGTTCGTGAT-1	8
white.day3_CGCGGTATCCAAATGC-1	12
white.day3_CGCGGTATCGGTTCGG-1	11
white.day3_CGCGTTTAGAACAACT-1	11
white.day3_CGCGTTTAGACGCACA-1	12
white.day3_CGCGTTTAGCCCGAAA-1	8
white.day3_CGCGTTTAGTAGGTGC-1	7
white.day3_CGCGTTTAGTCCCACG-1	8
white.day3_CGCGTTTCAGTATGCT-1	11
white.day3_CGCGTTTCATACCATG-1	12
white.day3_CGCGTTTCATGCTAGT-1	12
white.day3_CGCGTTTGTTAGGGTG-1	12
white.day3_CGCGTTTGTTCGCTAA-1	3
white.day3_CGCGTTTGTTGTGGAG-1	9
white.day3_CGCGTTTGTTTAGCTG-1	8
white.day3_CGCGTTTTCCGAACGC-1	6
white.day3_CGCGTTTTCTATCGCC-1	10
white.day3_CGCTATCAGAAACCGC-1	7
white.day3_CGCTATCAGAGTAAGG-1	7
white.day3_CGCTATCAGGAATTAC-1	12
white.day3_CGCTATCAGGAGTTGC-1	7
white.day3_CGCTATCAGTGAACAT-1	9
white.day3_CGCTATCAGTTAGGTA-1	8
white.day3_CGCTATCCAATGGATA-1	9
white.day3_CGCTATCCACTGAAGG-1	8
white.day3_CGCTATCCATATACCG-1	7
white.day3_CGCTATCCATTGTGCA-1	12
white.day3_CGCTATCGTCAAAGAT-1	12
white.day3_CGCTATCGTTCGAATC-1	9
white.day3_CGCTATCTCAATCACG-1	10
white.day3_CGCTATCTCACGAAGG-1	11
white.day3_CGCTATCTCTACTTAC-1	12
white.day3_CGCTATCTCTTCAACT-1	8
white.day3_CGCTGGAAGACTTGAA-1	12
white.day3_CGCTGGAAGAGTCTGG-1	11
white.day3_CGCTGGAAGATATGCA-1	12
white.day3_CGCTGGAAGATCGGGT-1	12
white.day3_CGCTGGAAGCACACAG-1	12
white.day3_CGCTGGAAGCCTTGAT-1	12
white.day3_CGCTGGAAGCGTGTCC-1	6
white.day3_CGCTGGAAGCTGCAAG-1	10
white.day3_CGCTGGAAGGCGACAT-1	8
white.day3_CGCTGGAAGTACGATA-1	12
white.day3_CGCTGGAAGTGCGATG-1	7
white.day3_CGCTGGAAGTGTGAAT-1	8
white.day3_CGCTGGAAGTTCCACA-1	12
white.day3_CGCTGGACAAGGTGTG-1	12
white.day3_CGCTGGACAAGGTTTC-1	11
white.day3_CGCTGGACAAGTCTGT-1	12
white.day3_CGCTGGACAAGTTAAG-1	7
white.day3_CGCTGGACAATTCCTT-1	8
white.day3_CGCTGGACACCATGTA-1	8
white.day3_CGCTGGACAGCTCCGA-1	11
white.day3_CGCTGGACAGTCGATT-1	9
white.day3_CGCTGGAGTACAGACG-1	12
white.day3_CGCTGGAGTCCGAAGA-1	10
white.day3_CGCTGGAGTCGCATAT-1	9
white.day3_CGCTGGAGTTTGACTG-1	11
white.day3_CGCTGGATCACCGTAA-1	8
white.day3_CGCTGGATCAGCTCTC-1	11
white.day3_CGCTGGATCGAATGGG-1	12
white.day3_CGCTGGATCGGTGTTA-1	8
white.day3_CGCTTCAAGCCGGTAA-1	12
white.day3_CGCTTCAAGTCATCCA-1	10
white.day3_CGCTTCAAGTCCAGGA-1	9
white.day3_CGCTTCAAGTTATCGC-1	12
white.day3_CGCTTCACACCCATTC-1	9
white.day3_CGCTTCACACGAGAGT-1	8
white.day3_CGCTTCACACGGTTTA-1	9
white.day3_CGCTTCACAGCAGTTT-1	7
white.day3_CGCTTCACAGCGTCCA-1	11
white.day3_CGCTTCACAGGTGGAT-1	8
white.day3_CGCTTCACATATGGTC-1	12
white.day3_CGCTTCAGTCTCAACA-1	10
white.day3_CGCTTCAGTTCCGGCA-1	10
white.day3_CGCTTCAGTTCGTCTC-1	8
white.day3_CGCTTCAGTTTGTTTC-1	12
white.day3_CGCTTCATCACCATAG-1	12
white.day3_CGCTTCATCAGTTGAC-1	9
white.day3_CGCTTCATCCCACTTG-1	8
white.day3_CGCTTCATCCGCGCAA-1	8
white.day3_CGCTTCATCTCTGTCG-1	9
white.day3_CGCTTCATCTGCAAGT-1	8
white.day3_CGCTTCATCTTTACGT-1	12
white.day3_CGGACACAGACCGGAT-1	12
white.day3_CGGACACAGAGTGAGA-1	10
white.day3_CGGACACAGATACACA-1	9
white.day3_CGGACACAGCCTCGTG-1	8
white.day3_CGGACACAGCTAACTC-1	11
white.day3_CGGACACAGCTCAACT-1	8
white.day3_CGGACACAGCTCCCAG-1	5
white.day3_CGGACACAGCTTTGGT-1	5
white.day3_CGGACACAGGCATTGG-1	9
white.day3_CGGACACAGGTACTCT-1	12
white.day3_CGGACACAGTGGAGTC-1	11
white.day3_CGGACACAGTGTACGG-1	9
white.day3_CGGACACCAAGCCATT-1	12
white.day3_CGGACACCAAGTAATG-1	12
white.day3_CGGACACCAATCCAAC-1	10
white.day3_CGGACACCAATCGAAA-1	11
white.day3_CGGACACCACTAAGTC-1	9
white.day3_CGGACACCAGCTATTG-1	12
white.day3_CGGACACCATATGGTC-1	10
white.day3_CGGACACCATCCCACT-1	9
white.day3_CGGACACCATCGTCGG-1	10
white.day3_CGGACACTCACTATTC-1	12
white.day3_CGGACACTCATACGGT-1	10
white.day3_CGGACACTCCACTCCA-1	12
white.day3_CGGACACTCCTGTACC-1	10
white.day3_CGGACACTCGACGGAA-1	7
white.day3_CGGACGTAGAGAGCTC-1	5
white.day3_CGGACGTAGAGTAAGG-1	8
white.day3_CGGACGTAGAGTACAT-1	11
white.day3_CGGACGTAGCCAACAG-1	12
white.day3_CGGACGTAGCCAGTAG-1	10
white.day3_CGGACGTAGGAATCGC-1	11
white.day3_CGGACGTAGGACAGCT-1	9
white.day3_CGGACGTAGTGCTGCC-1	11
white.day3_CGGACGTCAAATTGCC-1	8
white.day3_CGGACGTCAACACCTA-1	11
white.day3_CGGACGTCAACTGGCC-1	9
white.day3_CGGACGTCACACAGAG-1	3
white.day3_CGGACGTCACATAACC-1	12
white.day3_CGGACGTCACCTCGTT-1	11
white.day3_CGGACGTCACTTCGAA-1	9
white.day3_CGGACGTCAGACGCAA-1	11
white.day3_CGGACGTCAGTAGAGC-1	12
white.day3_CGGACGTGTATGAAAC-1	7
white.day3_CGGACGTGTGTGAAAT-1	9
white.day3_CGGACGTTCAAGAAGT-1	6
white.day3_CGGACGTTCAGCAACT-1	9
white.day3_CGGACGTTCAGGATCT-1	8
white.day3_CGGACGTTCCTTGCCA-1	12
white.day3_CGGACGTTCGCACTCT-1	9
white.day3_CGGACGTTCGCAGGCT-1	12
white.day3_CGGACGTTCGTAGATC-1	11
white.day3_CGGACGTTCTGGTGTA-1	8
white.day3_CGGACGTTCTTGTTTG-1	10
white.day3_CGGACTGAGAGTGACC-1	11
white.day3_CGGACTGAGGTCGGAT-1	10
white.day3_CGGACTGAGTAACCCT-1	10
white.day3_CGGACTGCAAAGGCGT-1	7
white.day3_CGGACTGCACACGCTG-1	11
white.day3_CGGACTGCACATTTCT-1	10
white.day3_CGGACTGCACGGTAGA-1	11
white.day3_CGGACTGCACGGTTTA-1	12
white.day3_CGGACTGCAGAGCCAA-1	12
white.day3_CGGACTGCATCACGAT-1	12
white.day3_CGGACTGCATGCAACT-1	12
white.day3_CGGACTGGTATCGCAT-1	12
white.day3_CGGACTGGTCCGAAGA-1	9
white.day3_CGGACTGGTCTAGTGT-1	10
white.day3_CGGACTGGTGAAAGAG-1	7
white.day3_CGGACTGGTGCTCTTC-1	8
white.day3_CGGACTGGTGTGAAAT-1	8
white.day3_CGGACTGGTTCTGTTT-1	8
white.day3_CGGACTGGTTGGGACA-1	8
white.day3_CGGACTGGTTTGACTG-1	8
white.day3_CGGACTGTCCAAACAC-1	11
white.day3_CGGACTGTCCAATGGT-1	9
white.day3_CGGACTGTCTGCTGCT-1	10
white.day3_CGGACTGTCTTTAGTC-1	11
white.day3_CGGAGCTAGAGCCCAA-1	8
white.day3_CGGAGCTAGAGGGCTT-1	9
white.day3_CGGAGCTAGCAGGTCA-1	11
white.day3_CGGAGCTCAATGGAAT-1	8
white.day3_CGGAGCTCACCGATAT-1	10
white.day3_CGGAGCTCAGATTGCT-1	8
white.day3_CGGAGCTCAGCAGTTT-1	10
white.day3_CGGAGCTCAGCTGTGC-1	7
white.day3_CGGAGCTCATGCCACG-1	8
white.day3_CGGAGCTCATTTGCCC-1	7
white.day3_CGGAGCTGTAAACGCG-1	12
white.day3_CGGAGCTGTAGCACGA-1	12
white.day3_CGGAGCTGTCCAGTTA-1	10
white.day3_CGGAGCTGTCGACTAT-1	10
white.day3_CGGAGCTGTCTTGTCC-1	11
white.day3_CGGAGCTGTGACAAAT-1	12
white.day3_CGGAGCTGTGCACGAA-1	4
white.day3_CGGAGCTGTGTGACCC-1	11
white.day3_CGGAGCTGTTCAGACT-1	9
white.day3_CGGAGCTTCCGCGCAA-1	10
white.day3_CGGAGCTTCCGTAGTA-1	12
white.day3_CGGAGCTTCCTCGCAT-1	8
white.day3_CGGAGCTTCGGTCCGA-1	12
white.day3_CGGAGCTTCGTAGGTT-1	12
white.day3_CGGAGCTTCTCGGACG-1	8
white.day3_CGGAGTCAGAAGATTC-1	12
white.day3_CGGAGTCAGAAGGACA-1	7
white.day3_CGGAGTCAGAGCAATT-1	8
white.day3_CGGAGTCAGCCACGCT-1	7
white.day3_CGGAGTCAGGTGATTA-1	4
white.day3_CGGAGTCAGTGATCGG-1	12
white.day3_CGGAGTCAGTTAAGTG-1	10
white.day3_CGGAGTCCAATAAGCA-1	9
white.day3_CGGAGTCCACAACGCC-1	8
white.day3_CGGAGTCCACAGACTT-1	8
white.day3_CGGAGTCCACATGACT-1	9
white.day3_CGGAGTCGTTGTGGCC-1	10
white.day3_CGGAGTCTCAGTGCAT-1	11
white.day3_CGGAGTCTCCCACTTG-1	12
white.day3_CGGAGTCTCGATGAGG-1	9
white.day3_CGGAGTCTCGCGATCG-1	11
white.day3_CGGAGTCTCGTTGACA-1	12
white.day3_CGGAGTCTCTGCAGTA-1	7
white.day3_CGGAGTCTCTGGCGTG-1	10
white.day3_CGGCTAGAGACAGACC-1	12
white.day3_CGGCTAGAGACCCACC-1	8
white.day3_CGGCTAGAGGATGTAT-1	12
white.day3_CGGCTAGAGGCTCATT-1	12
white.day3_CGGCTAGAGTCAAGGC-1	10
white.day3_CGGCTAGAGTGGCACA-1	5
white.day3_CGGCTAGCAGCCAGAA-1	9
white.day3_CGGCTAGGTAAGCACG-1	9
white.day3_CGGCTAGGTAGCACGA-1	9
white.day3_CGGCTAGGTATAAACG-1	9
white.day3_CGGCTAGGTCTCCATC-1	10
white.day3_CGGCTAGGTGCTCTTC-1	9
white.day3_CGGCTAGGTGTCGCTG-1	12
white.day3_CGGCTAGGTTATCCGA-1	12
white.day3_CGGCTAGTCAGCGACC-1	12
white.day3_CGGCTAGTCCCTCTTT-1	12
white.day3_CGGCTAGTCGAACGGA-1	8
white.day3_CGGCTAGTCGCATGAT-1	10
white.day3_CGGCTAGTCGGCGCAT-1	10
white.day3_CGGCTAGTCTATCCCG-1	12
white.day3_CGGCTAGTCTGATACG-1	12
white.day3_CGGGTCAAGAATTGTG-1	12
white.day3_CGGGTCAAGCCATCGC-1	7
white.day3_CGGGTCAAGGGTTCCC-1	10
white.day3_CGGGTCACAACGATCT-1	8
white.day3_CGGGTCACAAGGACAC-1	7
white.day3_CGGGTCACAATGACCT-1	6
white.day3_CGGGTCACACCATGTA-1	10
white.day3_CGGGTCACACGAAACG-1	12
white.day3_CGGGTCACACTTAACG-1	8
white.day3_CGGGTCACAGACGCAA-1	10
white.day3_CGGGTCACAGCTGCAC-1	10
white.day3_CGGGTCACAGTATAAG-1	7
white.day3_CGGGTCAGTAAATGTG-1	12
white.day3_CGGGTCAGTCGATTGT-1	8
white.day3_CGGGTCAGTCTAGTCA-1	10
white.day3_CGGGTCATCATGTCTT-1	11
white.day3_CGGGTCATCGTACGGC-1	10
white.day3_CGGGTCATCGTTGACA-1	8
white.day3_CGGGTCATCTCCAGGG-1	9
white.day3_CGGGTCATCTTGAGGT-1	12
white.day3_CGGTTAAAGAAGGTTT-1	12
white.day3_CGGTTAAAGACTTTCG-1	12
white.day3_CGGTTAAAGCGGCTTC-1	11
white.day3_CGGTTAAAGCTTTGGT-1	12
white.day3_CGGTTAAAGGAATCGC-1	9
white.day3_CGGTTAAAGTAGTGCG-1	10
white.day3_CGGTTAAAGTGGGCTA-1	12
white.day3_CGGTTAACAAGCGCTC-1	11
white.day3_CGGTTAACAATACGCT-1	11
white.day3_CGGTTAACAATCGGTT-1	12
white.day3_CGGTTAACACACAGAG-1	7
white.day3_CGGTTAACACGTAAGG-1	12
white.day3_CGGTTAACAGACTCGC-1	8
white.day3_CGGTTAACAGCATACT-1	12
white.day3_CGGTTAACAGCTGGCT-1	11
white.day3_CGGTTAACATGGTAGG-1	8
white.day3_CGGTTAACATTACCTT-1	8
white.day3_CGGTTAACATTCCTCG-1	11
white.day3_CGGTTAAGTACCAGTT-1	12
white.day3_CGGTTAAGTCGTTGTA-1	8
white.day3_CGGTTAAGTCTTGCGG-1	9
white.day3_CGGTTAAGTCTTGTCC-1	12
white.day3_CGGTTAAGTTAAGACA-1	8
white.day3_CGGTTAAGTTAAGGGC-1	7
white.day3_CGGTTAAGTTCAGGCC-1	7
white.day3_CGGTTAAGTTCCCGAG-1	8
white.day3_CGGTTAAGTTCCTCCA-1	12
white.day3_CGGTTAATCAAGATCC-1	6
white.day3_CGGTTAATCCCAAGTA-1	10
white.day3_CGGTTAATCGAATGGG-1	9
white.day3_CGGTTAATCGATCCCT-1	12
white.day3_CGGTTAATCGTTTGCC-1	10
white.day3_CGGTTAATCTGTGCAA-1	8
white.day3_CGGTTAATCTTGACGA-1	8
white.day3_CGTAGCGAGAAACCTA-1	7
white.day3_CGTAGCGAGGAGTCTG-1	12
white.day3_CGTAGCGAGGCATTGG-1	10
white.day3_CGTAGCGAGTTCCACA-1	10
white.day3_CGTAGCGAGTTGAGAT-1	10
white.day3_CGTAGCGCAAACTGTC-1	10
white.day3_CGTAGCGCAATAGCGG-1	11
white.day3_CGTAGCGCACGTAAGG-1	8
white.day3_CGTAGCGCAGACAAAT-1	8
white.day3_CGTAGCGCATGACATC-1	12
white.day3_CGTAGCGGTAAGGGCT-1	12
white.day3_CGTAGCGGTACAGCAG-1	8
white.day3_CGTAGCGGTGGGTCAA-1	8
white.day3_CGTAGCGGTGTGCCTG-1	10
white.day3_CGTAGCGTCACGACTA-1	10
white.day3_CGTAGCGTCACGCGGT-1	10
white.day3_CGTAGCGTCCACGCAG-1	12
white.day3_CGTAGCGTCCGAACGC-1	8
white.day3_CGTAGCGTCCGAATGT-1	8
white.day3_CGTAGCGTCCGAGCCA-1	8
white.day3_CGTAGCGTCCTCGCAT-1	9
white.day3_CGTAGCGTCGCGATCG-1	12
white.day3_CGTAGCGTCTAAGCCA-1	9
white.day3_CGTAGCGTCTACCAGA-1	9
white.day3_CGTAGCGTCTTGCATT-1	6
white.day3_CGTAGGCAGAAGGACA-1	7
white.day3_CGTAGGCAGACATAAC-1	10
white.day3_CGTAGGCAGAGCTATA-1	11
white.day3_CGTAGGCAGTCCTCCT-1	7
white.day3_CGTAGGCAGTGAACGC-1	10
white.day3_CGTAGGCAGTGCGATG-1	9
white.day3_CGTAGGCAGTGGAGAA-1	8
white.day3_CGTAGGCAGTTACGGG-1	7
white.day3_CGTAGGCCAACTGCTA-1	11
white.day3_CGTAGGCCACCAGGTC-1	9
white.day3_CGTAGGCCATCGGAAG-1	10
white.day3_CGTAGGCCATGGATGG-1	3
white.day3_CGTAGGCCATTCCTCG-1	8
white.day3_CGTAGGCGTAGAGGAA-1	12
white.day3_CGTAGGCGTATTACCG-1	10
white.day3_CGTAGGCGTCACAAGG-1	12
white.day3_CGTAGGCGTCAGAAGC-1	10
white.day3_CGTAGGCGTGCACCAC-1	11
white.day3_CGTAGGCGTTACGACT-1	10
white.day3_CGTAGGCGTTCCCGAG-1	10
white.day3_CGTAGGCGTTCCGTCT-1	11
white.day3_CGTAGGCTCAGGCGAA-1	11
white.day3_CGTAGGCTCCGATATG-1	8
white.day3_CGTAGGCTCTACCTGC-1	10
white.day3_CGTAGGCTCTCCAGGG-1	8
white.day3_CGTAGGCTCTGTTGAG-1	11
white.day3_CGTAGGCTCTTGACGA-1	12
white.day3_CGTCACTAGACACGAC-1	5
white.day3_CGTCACTAGATCTGCT-1	10
white.day3_CGTCACTAGATGTCGG-1	10
white.day3_CGTCACTAGATGTGGC-1	5
white.day3_CGTCACTAGCTACCTA-1	10
white.day3_CGTCACTAGGGAGTAA-1	11
white.day3_CGTCACTAGGGATGGG-1	12
white.day3_CGTCACTAGGTAAACT-1	7
white.day3_CGTCACTAGGTGTGGT-1	7
white.day3_CGTCACTCAGCTCCGA-1	12
white.day3_CGTCACTCATCCGTGG-1	9
white.day3_CGTCACTCATTATCTC-1	12
white.day3_CGTCACTGTAGTACCT-1	11
white.day3_CGTCACTGTCGTTGTA-1	8
white.day3_CGTCACTGTCTGCAAT-1	8
white.day3_CGTCACTGTGCGATAG-1	8
white.day3_CGTCACTGTTCGTCTC-1	8
white.day3_CGTCACTTCAACACGT-1	10
white.day3_CGTCACTTCACCCTCA-1	10
white.day3_CGTCACTTCATGCATG-1	12
white.day3_CGTCACTTCCACGCAG-1	9
white.day3_CGTCAGGAGATAGGAG-1	10
white.day3_CGTCAGGAGATGGCGT-1	12
white.day3_CGTCAGGAGCCGATTT-1	12
white.day3_CGTCAGGAGGCGCTCT-1	10
white.day3_CGTCAGGAGGTTCCTA-1	8
white.day3_CGTCAGGAGTAGCGGT-1	10
white.day3_CGTCAGGCAGGAACGT-1	10
white.day3_CGTCAGGCAGGGAGAG-1	10
white.day3_CGTCAGGGTACAGACG-1	12
white.day3_CGTCAGGGTACCGCTG-1	7
white.day3_CGTCAGGGTTGAACTC-1	11
white.day3_CGTCAGGGTTGTCTTT-1	8
white.day3_CGTCAGGTCACATGCA-1	6
white.day3_CGTCAGGTCAGAGACG-1	10
white.day3_CGTCAGGTCAGTGTTG-1	8
white.day3_CGTCAGGTCCGAAGAG-1	10
white.day3_CGTCAGGTCGCTGATA-1	11
white.day3_CGTCCATAGATGCCAG-1	6
white.day3_CGTCCATAGGACAGAA-1	10
white.day3_CGTCCATAGGAGTTTA-1	10
white.day3_CGTCCATAGGTGATTA-1	12
white.day3_CGTCCATAGGTTCCTA-1	10
white.day3_CGTCCATAGTGACATA-1	12
white.day3_CGTCCATCAATCGGTT-1	12
white.day3_CGTCCATCAATTCCTT-1	12
white.day3_CGTCCATCACCCTATC-1	12
white.day3_CGTCCATCAGGGCATA-1	12
white.day3_CGTCCATCATGAAGTA-1	8
white.day3_CGTCCATCATGCAACT-1	8
white.day3_CGTCCATCATGCCTAA-1	8
white.day3_CGTCCATGTATCTGCA-1	12
white.day3_CGTCCATGTCATATGC-1	9
white.day3_CGTCCATGTTGGTAAA-1	7
white.day3_CGTCCATGTTGTCTTT-1	12
white.day3_CGTCCATTCATCGCTC-1	11
white.day3_CGTCCATTCCGCAAGC-1	8
white.day3_CGTCCATTCCGTTGCT-1	9
white.day3_CGTCCATTCGAGGTAG-1	12
white.day3_CGTCCATTCTCGTATT-1	12
white.day3_CGTCTACAGAATTGTG-1	8
white.day3_CGTCTACAGACATAAC-1	11
white.day3_CGTCTACAGCTAGTTC-1	8
white.day3_CGTCTACAGCTCAACT-1	9
white.day3_CGTCTACAGCTGTCTA-1	8
white.day3_CGTCTACAGGCGATAC-1	9
white.day3_CGTCTACAGGGTTCCC-1	12
white.day3_CGTCTACAGTACATGA-1	12
white.day3_CGTCTACAGTGCAAGC-1	8
white.day3_CGTCTACCACATTTCT-1	12
white.day3_CGTCTACCACCGGAAA-1	8
white.day3_CGTCTACCACGTGAGA-1	8
white.day3_CGTCTACCAGACAAAT-1	10
white.day3_CGTCTACCAGCGTCCA-1	8
white.day3_CGTCTACCAGTCAGAG-1	6
white.day3_CGTCTACCATCACCCT-1	7
white.day3_CGTCTACCATCCCATC-1	12
white.day3_CGTCTACCATGTTCCC-1	11
white.day3_CGTCTACGTAATCACC-1	12
white.day3_CGTCTACGTTAAGGGC-1	11
white.day3_CGTCTACGTTGGAGGT-1	8
white.day3_CGTCTACGTTGGGACA-1	3
white.day3_CGTCTACTCAAGGTAA-1	12
white.day3_CGTCTACTCGAACTGT-1	8
white.day3_CGTCTACTCTACTATC-1	5
white.day3_CGTCTACTCTCTAAGG-1	11
white.day3_CGTCTACTCTTGTATC-1	12
white.day3_CGTCTACTCTTGTCAT-1	12
white.day3_CGTGAGCAGAATTGTG-1	12
white.day3_CGTGAGCAGCTGATAA-1	10
white.day3_CGTGAGCAGTACGACG-1	11
white.day3_CGTGAGCCAGTCAGCC-1	12
white.day3_CGTGAGCCATCGGGTC-1	8
white.day3_CGTGAGCCATGCCTTC-1	9
white.day3_CGTGAGCCATGGATGG-1	12
white.day3_CGTGAGCGTACCGCTG-1	9
white.day3_CGTGAGCGTAGAAGGA-1	7
white.day3_CGTGAGCGTATGAATG-1	9
white.day3_CGTGAGCGTCATACTG-1	12
white.day3_CGTGAGCGTGGACGAT-1	10
white.day3_CGTGAGCGTGTCAATC-1	12
white.day3_CGTGAGCGTTCGGCAC-1	7
white.day3_CGTGAGCTCAAAGTAG-1	12
white.day3_CGTGTAAAGAATCTCC-1	12
white.day3_CGTGTAAAGCGTCTAT-1	12
white.day3_CGTGTAAAGTAGCCGA-1	8
white.day3_CGTGTAAAGTGAACGC-1	10
white.day3_CGTGTAACAAACTGTC-1	12
white.day3_CGTGTAACAAATACAG-1	8
white.day3_CGTGTAACACATCCAA-1	12
white.day3_CGTGTAACAGACAAGC-1	12
white.day3_CGTGTAAGTAGCAAAT-1	12
white.day3_CGTGTAAGTCAAAGAT-1	12
white.day3_CGTGTAAGTCTTCAAG-1	12
white.day3_CGTGTAAGTGCGCTTG-1	12
white.day3_CGTGTAATCAAGGCTT-1	1
white.day3_CGTGTAATCCAGAAGG-1	10
white.day3_CGTGTAATCCATGAAC-1	11
white.day3_CGTGTAATCGCACTCT-1	12
white.day3_CGTGTAATCGCCTGTT-1	9
white.day3_CGTGTCTAGAATTGTG-1	8
white.day3_CGTGTCTAGAGTACAT-1	10
white.day3_CGTGTCTAGCCACGCT-1	8
white.day3_CGTGTCTAGCGTGAAC-1	11
white.day3_CGTGTCTAGCGTGTCC-1	10
white.day3_CGTGTCTAGCTAGTGG-1	9
white.day3_CGTGTCTAGCTGGAAC-1	12
white.day3_CGTGTCTAGTCAAGCG-1	10
white.day3_CGTGTCTAGTGCGATG-1	9
white.day3_CGTGTCTAGTTTCCTT-1	6
white.day3_CGTGTCTCAAGCCTAT-1	12
white.day3_CGTGTCTCAATGGACG-1	12
white.day3_CGTGTCTCACCAGCAC-1	8
white.day3_CGTGTCTCACTAGTAC-1	9
white.day3_CGTGTCTCATGTCCTC-1	12
white.day3_CGTGTCTCATTCCTGC-1	9
white.day3_CGTGTCTGTCCCGACA-1	10
white.day3_CGTGTCTGTCGTTGTA-1	10
white.day3_CGTGTCTGTGAGTATA-1	8
white.day3_CGTGTCTGTGGTCTCG-1	12
white.day3_CGTGTCTGTTCAACCA-1	8
white.day3_CGTGTCTGTTCGTGAT-1	6
white.day3_CGTGTCTTCAACGCTA-1	12
white.day3_CGTGTCTTCCAAATGC-1	12
white.day3_CGTGTCTTCCGTAGTA-1	9
white.day3_CGTGTCTTCCTGTAGA-1	11
white.day3_CGTGTCTTCGCAAACT-1	10
white.day3_CGTGTCTTCGCACTCT-1	11
white.day3_CGTGTCTTCGTCCAGG-1	9
white.day3_CGTGTCTTCTGGCGTG-1	7
white.day3_CGTTAGAAGAAACCAT-1	12
white.day3_CGTTAGAAGCACCGCT-1	10
white.day3_CGTTAGAAGCGATATA-1	11
white.day3_CGTTAGAAGGGTTTCT-1	10
white.day3_CGTTAGAAGTTATCGC-1	7
white.day3_CGTTAGACAAACCTAC-1	10
white.day3_CGTTAGACAAAGTCAA-1	12
white.day3_CGTTAGACAAGGCTCC-1	8
white.day3_CGTTAGACACGAAACG-1	3
white.day3_CGTTAGACAGCTGTTA-1	7
white.day3_CGTTAGACATGCCTTC-1	10
white.day3_CGTTAGAGTCATCGGC-1	12
white.day3_CGTTAGAGTCCTCCAT-1	5
white.day3_CGTTAGAGTCGAGATG-1	8
white.day3_CGTTAGAGTGTGTGCC-1	10
white.day3_CGTTAGAGTTGGACCC-1	12
white.day3_CGTTAGAGTTTGACAC-1	11
white.day3_CGTTAGATCACTTATC-1	7
white.day3_CGTTAGATCTGGTGTA-1	8
white.day3_CGTTAGATCTTGTCAT-1	11
white.day3_CGTTCTGAGAGCCTAG-1	12
white.day3_CGTTCTGAGCTAACAA-1	10
white.day3_CGTTCTGAGCTGCCCA-1	7
white.day3_CGTTCTGAGGCCCTCA-1	11
white.day3_CGTTCTGAGGTACTCT-1	9
white.day3_CGTTCTGAGGTGCTTT-1	10
white.day3_CGTTCTGAGTGGGATC-1	10
white.day3_CGTTCTGCACATCCGG-1	12
white.day3_CGTTCTGCACCTCGTT-1	8
white.day3_CGTTCTGCACTGCCAG-1	12
white.day3_CGTTCTGGTAATCACC-1	5
white.day3_CGTTCTGGTGAAATCA-1	12
white.day3_CGTTCTGGTGTCTGAT-1	8
white.day3_CGTTCTGGTGTGAAAT-1	12
white.day3_CGTTCTGGTTGAACTC-1	3
white.day3_CGTTCTGGTTGGAGGT-1	11
white.day3_CGTTCTGTCAAACCGT-1	10
white.day3_CGTTCTGTCCGAGCCA-1	9
white.day3_CGTTCTGTCTTGCCGT-1	11
white.day3_CGTTGGGAGATAGCAT-1	8
white.day3_CGTTGGGAGCGAAGGG-1	7
white.day3_CGTTGGGAGCTAGTTC-1	11
white.day3_CGTTGGGAGGCAGGTT-1	3
white.day3_CGTTGGGAGGCCATAG-1	7
white.day3_CGTTGGGAGTTGCAGG-1	12
white.day3_CGTTGGGCAACTGCGC-1	8
white.day3_CGTTGGGCAAGCCTAT-1	8
white.day3_CGTTGGGCAATCTGCA-1	10
white.day3_CGTTGGGCAGTATCTG-1	11
white.day3_CGTTGGGCAGTCAGCC-1	12
white.day3_CGTTGGGCAGTGGGAT-1	12
white.day3_CGTTGGGGTAGCACGA-1	8
white.day3_CGTTGGGGTATCTGCA-1	7
white.day3_CGTTGGGGTCATATGC-1	10
white.day3_CGTTGGGGTCTAGTCA-1	10
white.day3_CGTTGGGGTTACCGAT-1	5
white.day3_CGTTGGGGTTCCACAA-1	10
white.day3_CGTTGGGTCAACGCTA-1	8
white.day3_CGTTGGGTCAGTACGT-1	8
white.day3_CGTTGGGTCAGTCCCT-1	9
white.day3_CGTTGGGTCATTTGGG-1	10
white.day3_CGTTGGGTCCCAAGAT-1	7
white.day3_CGTTGGGTCCCTTGTG-1	8
white.day3_CGTTGGGTCGCGTTTC-1	12
white.day3_CGTTGGGTCGGCTTGG-1	8
white.day3_CGTTGGGTCGTCTGAA-1	10
white.day3_CGTTGGGTCTCTAGGA-1	12
white.day3_CTAACTTAGAAACCGC-1	7
white.day3_CTAACTTAGCCATCGC-1	9
white.day3_CTAACTTAGCCGCCTA-1	11
white.day3_CTAACTTAGCTGAAAT-1	9
white.day3_CTAACTTAGTATCTCG-1	12
white.day3_CTAACTTAGTATGACA-1	12
white.day3_CTAACTTCACAACGCC-1	12
white.day3_CTAACTTCAGTATAAG-1	8
white.day3_CTAACTTGTGACGCCT-1	10
white.day3_CTAACTTGTGGCAAAC-1	12
white.day3_CTAACTTGTGTCAATC-1	8
white.day3_CTAACTTGTTAGGGTG-1	9
white.day3_CTAACTTTCAGTCCCT-1	10
white.day3_CTAAGACAGATGTGTA-1	9
white.day3_CTAAGACAGCCGATTT-1	8
white.day3_CTAAGACAGCGTTCCG-1	7
white.day3_CTAAGACAGGATGCGT-1	5
white.day3_CTAAGACAGGCGACAT-1	10
white.day3_CTAAGACAGTACGATA-1	10
white.day3_CTAAGACCAATGGAAT-1	7
white.day3_CTAAGACCACCTCGGA-1	12
white.day3_CTAAGACCAGCTTAAC-1	11
white.day3_CTAAGACCATAGGATA-1	9
white.day3_CTAAGACCATATACGC-1	7
white.day3_CTAAGACCATCATCCC-1	6
white.day3_CTAAGACCATCCGGGT-1	10
white.day3_CTAAGACGTCCTGCTT-1	11
white.day3_CTAAGACGTCGTGGCT-1	11
white.day3_CTAAGACGTCTGGAGA-1	12
white.day3_CTAAGACGTGAAATCA-1	12
white.day3_CTAAGACGTGCGAAAC-1	10
white.day3_CTAAGACGTTCCACGG-1	8
white.day3_CTAAGACTCACCGGGT-1	9
white.day3_CTAAGACTCATACGGT-1	8
white.day3_CTAAGACTCCGGCACA-1	10
white.day3_CTAAGACTCGACCAGC-1	12
white.day3_CTAAGACTCGGTGTTA-1	12
white.day3_CTAAGACTCTTGTATC-1	12
white.day3_CTAATGGAGCGATGAC-1	12
white.day3_CTAATGGAGGACTGGT-1	10
white.day3_CTAATGGAGGAGTTTA-1	9
white.day3_CTAATGGAGGCTCATT-1	7
white.day3_CTAATGGCAACGATGG-1	10
white.day3_CTAATGGCAAGAGTCG-1	9
white.day3_CTAATGGCAAGCGAGT-1	11
white.day3_CTAATGGCACGCGAAA-1	12
white.day3_CTAATGGCACGTGAGA-1	10
white.day3_CTAATGGCAGACAAGC-1	7
white.day3_CTAATGGCAGTCAGAG-1	12
white.day3_CTAATGGGTATCAGTC-1	10
white.day3_CTAATGGGTCAATACC-1	11
white.day3_CTAATGGGTCCGAACC-1	7
white.day3_CTAATGGGTCGAGATG-1	12
white.day3_CTAATGGGTTTGGCGC-1	11
white.day3_CTAATGGTCAGTTTGG-1	12
white.day3_CTAATGGTCCCACTTG-1	8
white.day3_CTAATGGTCGCGTTTC-1	10
white.day3_CTAATGGTCGGAAACG-1	9
white.day3_CTAATGGTCTTGTATC-1	8
white.day3_CTACACCAGACAAGCC-1	7
white.day3_CTACACCAGACAGACC-1	12
white.day3_CTACACCAGACTGGGT-1	12
white.day3_CTACACCAGCCAGTTT-1	8
white.day3_CTACACCAGGCACATG-1	6
white.day3_CTACACCAGGCAGGTT-1	12
white.day3_CTACACCAGGGAAACA-1	8
white.day3_CTACACCAGGTAAACT-1	10
white.day3_CTACACCAGTCAAGCG-1	9
white.day3_CTACACCAGTCATCCA-1	12
white.day3_CTACACCAGTGGGATC-1	7
white.day3_CTACACCCAAGCCGCT-1	11
white.day3_CTACACCCAAGTCTGT-1	8
white.day3_CTACACCCACCATGTA-1	8
white.day3_CTACACCCACGCCAGT-1	11
white.day3_CTACACCCAGGTGCCT-1	6
white.day3_CTACACCCATAGACTC-1	8
white.day3_CTACACCGTAACGCGA-1	10
white.day3_CTACACCGTAAGTGTA-1	12
white.day3_CTACACCGTCCGCTGA-1	11
white.day3_CTACACCGTGAGGCTA-1	7
white.day3_CTACACCGTGAGGGAG-1	10
white.day3_CTACACCTCAGAAATG-1	12
white.day3_CTACACCTCAGGTTCA-1	12
white.day3_CTACACCTCGATGAGG-1	12
white.day3_CTACACCTCGCCAAAT-1	8
white.day3_CTACATTAGAAACCAT-1	10
white.day3_CTACATTAGAGGTTAT-1	12
white.day3_CTACATTAGCTAGCCC-1	10
white.day3_CTACATTAGCTAGGCA-1	12
white.day3_CTACATTAGCTCCCAG-1	12
white.day3_CTACATTAGTCCAGGA-1	12
white.day3_CTACATTAGTGACATA-1	11
white.day3_CTACATTAGTGTACGG-1	9
white.day3_CTACATTCAAGCCATT-1	12
white.day3_CTACATTCAGACGCTC-1	10
white.day3_CTACATTCATATGGTC-1	9
white.day3_CTACATTCATCGGACC-1	11
white.day3_CTACATTGTAACGCGA-1	10
white.day3_CTACATTGTTACCAGT-1	10
white.day3_CTACATTGTTGCTCCT-1	8
white.day3_CTACATTGTTGGAGGT-1	9
white.day3_CTACATTTCACCATAG-1	9
white.day3_CTACATTTCAGTTCGA-1	12
white.day3_CTACATTTCCCACTTG-1	8
white.day3_CTACATTTCGCTAGCG-1	12
white.day3_CTACATTTCTAACCGA-1	10
white.day3_CTACATTTCTACTATC-1	5
white.day3_CTACATTTCTGAGGGA-1	12
white.day3_CTACATTTCTGGCGAC-1	11
white.day3_CTACATTTCTGTCTAT-1	12
white.day3_CTACCCAAGCCTCGTG-1	7
white.day3_CTACCCAAGGTACTCT-1	11
white.day3_CTACCCAAGTCCAGGA-1	12
white.day3_CTACCCAAGTCCCACG-1	8
white.day3_CTACCCACAAATCCGT-1	12
white.day3_CTACCCACAATGAATG-1	6
white.day3_CTACCCACAATTCCTT-1	10
white.day3_CTACCCAGTCGCGGTT-1	7
white.day3_CTACCCAGTGTGGTTT-1	12
white.day3_CTACCCAGTTCCACTC-1	11
white.day3_CTACCCAGTTGAACTC-1	7
white.day3_CTACCCATCAATCTCT-1	11
white.day3_CTACCCATCATATCGG-1	10
white.day3_CTACCCATCATCGATG-1	11
white.day3_CTACCCATCATGTCTT-1	12
white.day3_CTACCCATCCAAATGC-1	3
white.day3_CTACCCATCCATGCTC-1	10
white.day3_CTACCCATCCGAAGAG-1	10
white.day3_CTACCCATCCTCAACC-1	12
white.day3_CTACCCATCGGATGGA-1	10
white.day3_CTACCCATCTAACTCT-1	7
white.day3_CTACCCATCTCTGAGA-1	12
white.day3_CTACCCATCTGAGTGT-1	10
white.day3_CTACGTCAGAACAATC-1	8
white.day3_CTACGTCAGCCTATGT-1	10
white.day3_CTACGTCAGGCAGGTT-1	9
white.day3_CTACGTCAGGCCCGTT-1	12
white.day3_CTACGTCAGTTACGGG-1	12
white.day3_CTACGTCCAATAGCAA-1	12
white.day3_CTACGTCCAGCGTCCA-1	8
white.day3_CTACGTCCAGTATCTG-1	12
white.day3_CTACGTCCAGTGAGTG-1	7
white.day3_CTACGTCGTCAGAATA-1	6
white.day3_CTACGTCGTCATGCAT-1	12
white.day3_CTACGTCGTCCCGACA-1	12
white.day3_CTACGTCGTTCTGAAC-1	7
white.day3_CTACGTCTCAAAGTAG-1	10
white.day3_CTACGTCTCACAGTAC-1	10
white.day3_CTACGTCTCACGACTA-1	12
white.day3_CTACGTCTCACGCGGT-1	12
white.day3_CTACGTCTCCTAGAAC-1	8
white.day3_CTACGTCTCCTTGCCA-1	11
white.day3_CTACGTCTCGTATCAG-1	8
white.day3_CTACGTCTCTACTATC-1	9
white.day3_CTACGTCTCTGCGGCA-1	11
white.day3_CTAGAGTAGAAACGAG-1	9
white.day3_CTAGAGTAGACACGAC-1	12
white.day3_CTAGAGTAGACGCAAC-1	12
white.day3_CTAGAGTAGCCATCGC-1	7
white.day3_CTAGAGTAGGAACTGC-1	10
white.day3_CTAGAGTAGGCCCTTG-1	9
white.day3_CTAGAGTAGGCTAGGT-1	8
white.day3_CTAGAGTAGTTAGGTA-1	7
white.day3_CTAGAGTCAAGACACG-1	11
white.day3_CTAGAGTCAGCCTGTG-1	9
white.day3_CTAGAGTCAGTTAACC-1	8
white.day3_CTAGAGTCATGAAGTA-1	7
white.day3_CTAGAGTCATTGAGCT-1	12
white.day3_CTAGAGTCATTGTGCA-1	12
white.day3_CTAGAGTGTAGCTCCG-1	9
white.day3_CTAGAGTGTCATATCG-1	12
white.day3_CTAGAGTGTCCGTCAG-1	8
white.day3_CTAGAGTGTGATGCCC-1	7
white.day3_CTAGAGTGTTACAGAA-1	10
white.day3_CTAGAGTTCCCACTTG-1	9
white.day3_CTAGAGTTCCTGTACC-1	8
white.day3_CTAGAGTTCGAATGGG-1	9
white.day3_CTAGAGTTCGCGTAGC-1	12
white.day3_CTAGAGTTCTCACATT-1	8
white.day3_CTAGAGTTCTCGCTTG-1	10
white.day3_CTAGAGTTCTTCATGT-1	11
white.day3_CTAGAGTTCTTGACGA-1	10
white.day3_CTAGAGTTCTTTACAC-1	3
white.day3_CTAGCCTAGAGTAAGG-1	8
white.day3_CTAGCCTAGCTCTCGG-1	11
white.day3_CTAGCCTAGGCAATTA-1	12
white.day3_CTAGCCTAGGCGATAC-1	9
white.day3_CTAGCCTCAAATTGCC-1	7
white.day3_CTAGCCTCAATCAGAA-1	9
white.day3_CTAGCCTCAATCCAAC-1	11
white.day3_CTAGCCTCACCCTATC-1	9
white.day3_CTAGCCTCACCTATCC-1	7
white.day3_CTAGCCTCACGAGAGT-1	12
white.day3_CTAGCCTCAGACAAAT-1	9
white.day3_CTAGCCTCAGTGAGTG-1	7
white.day3_CTAGCCTCATGATCCA-1	10
white.day3_CTAGCCTCATTTGCCC-1	8
white.day3_CTAGCCTGTCACACGC-1	12
white.day3_CTAGCCTGTCACTGGC-1	12
white.day3_CTAGCCTGTGCACCAC-1	7
white.day3_CTAGCCTGTGGAAAGA-1	8
white.day3_CTAGCCTGTTGATTGC-1	7
white.day3_CTAGCCTTCCGCGTTT-1	8
white.day3_CTAGCCTTCGTAGGTT-1	12
white.day3_CTAGTGAAGACTAAGT-1	7
white.day3_CTAGTGAAGCTACCGC-1	6
white.day3_CTAGTGAAGCTAGTGG-1	9
white.day3_CTAGTGAAGCTCCTCT-1	8
white.day3_CTAGTGAAGGTGTGGT-1	12
white.day3_CTAGTGACACCAGGCT-1	12
white.day3_CTAGTGACATGATCCA-1	12
white.day3_CTAGTGAGTAAGCACG-1	8
white.day3_CTAGTGAGTATATGGA-1	12
white.day3_CTAGTGAGTCAAAGCG-1	9
white.day3_CTAGTGAGTGCAACGA-1	5
white.day3_CTAGTGAGTGTTAAGA-1	12
white.day3_CTAGTGATCACGACTA-1	12
white.day3_CTAGTGATCAGGCAAG-1	12
white.day3_CTAGTGATCAGTCAGT-1	9
white.day3_CTAGTGATCGTCACGG-1	11
white.day3_CTAGTGATCGTTGCCT-1	12
white.day3_CTAGTGATCTGGTTCC-1	10
white.day3_CTAGTGATCTTATCTG-1	5
white.day3_CTCACACAGAAGCCCA-1	11
white.day3_CTCACACAGACTTGAA-1	12
white.day3_CTCACACAGCGTGAAC-1	12
white.day3_CTCACACAGGATTCGG-1	8
white.day3_CTCACACAGGTTACCT-1	8
white.day3_CTCACACAGTTAGGTA-1	6
white.day3_CTCACACCACAGACAG-1	12
white.day3_CTCACACCACCGAATT-1	12
white.day3_CTCACACCAGTAAGCG-1	12
white.day3_CTCACACCAGTTTACG-1	10
white.day3_CTCACACCATGCCTTC-1	10
white.day3_CTCACACGTAGCGATG-1	8
white.day3_CTCACACGTATAGTAG-1	12
white.day3_CTCACACGTCCAACTA-1	9
white.day3_CTCACACGTCTCTCTG-1	8
white.day3_CTCACACGTGCCTTGG-1	3
white.day3_CTCACACGTGGTACAG-1	12
white.day3_CTCACACGTGGTGTAG-1	8
white.day3_CTCACACTCAACCATG-1	10
white.day3_CTCACACTCAGAGACG-1	12
white.day3_CTCACACTCCCTCTTT-1	12
white.day3_CTCACACTCGGAGCAA-1	12
white.day3_CTCACACTCGTACGGC-1	7
white.day3_CTCACACTCTATCCCG-1	12
white.day3_CTCACACTCTCGAGTA-1	7
white.day3_CTCACACTCTGTGCAA-1	9
white.day3_CTCACACTCTTCAACT-1	10
white.day3_CTCAGAAAGACAATAC-1	12
white.day3_CTCAGAAAGGTGCAAC-1	11
white.day3_CTCAGAACAAGCTGGA-1	12
white.day3_CTCAGAACAGCGTTCG-1	12
white.day3_CTCAGAACAGCTGCAC-1	12
white.day3_CTCAGAACATCGATTG-1	8
white.day3_CTCAGAAGTACCGTAT-1	7
white.day3_CTCAGAAGTCGCTTCT-1	7
white.day3_CTCAGAAGTCGCTTTC-1	10
white.day3_CTCAGAAGTGAGTGAC-1	9
white.day3_CTCAGAAGTTAAGACA-1	9
white.day3_CTCAGAATCACTCTTA-1	6
white.day3_CTCAGAATCAGCATGT-1	12
white.day3_CTCAGAATCGGAGGTA-1	8
white.day3_CTCATTAAGAACTCGG-1	9
white.day3_CTCATTAAGACGCACA-1	12
white.day3_CTCATTAAGAGGGCTT-1	12
white.day3_CTCATTAAGCCTATGT-1	10
white.day3_CTCATTAAGGATCGCA-1	12
white.day3_CTCATTAAGGTTCCTA-1	8
white.day3_CTCATTAAGTCTTGCA-1	12
white.day3_CTCATTACAATGACCT-1	7
white.day3_CTCATTACACCTCGGA-1	10
white.day3_CTCATTACACTTACGA-1	10
white.day3_CTCATTACAGATGGGT-1	8
white.day3_CTCATTACAGCGATCC-1	8
white.day3_CTCATTACATGTAAGA-1	6
white.day3_CTCATTAGTCTGCAAT-1	8
white.day3_CTCATTAGTGAGTATA-1	6
white.day3_CTCATTAGTGGACGAT-1	8
white.day3_CTCATTAGTGGGTATG-1	12
white.day3_CTCATTAGTGTCCTCT-1	10
white.day3_CTCATTAGTGTCGCTG-1	8
white.day3_CTCATTAGTTACGGAG-1	12
white.day3_CTCATTAGTTACGTCA-1	7
white.day3_CTCATTATCATCGGAT-1	12
white.day3_CTCATTATCTAACTTC-1	12
white.day3_CTCCTAGAGCAACGGT-1	11
white.day3_CTCCTAGAGCACAGGT-1	10
white.day3_CTCCTAGAGCACGCCT-1	7
white.day3_CTCCTAGAGCTTTGGT-1	11
white.day3_CTCCTAGAGGGATGGG-1	8
white.day3_CTCCTAGCAATGAAAC-1	8
white.day3_CTCCTAGCACTTAAGC-1	10
white.day3_CTCCTAGGTAGCCTCG-1	12
white.day3_CTCCTAGGTATATGAG-1	7
white.day3_CTCCTAGTCACGGTTA-1	11
white.day3_CTCCTAGTCAGCATGT-1	10
white.day3_CTCCTAGTCCACGTGG-1	10
white.day3_CTCGAAAAGCACACAG-1	6
white.day3_CTCGAAAAGCGTAGTG-1	10
white.day3_CTCGAAAAGTTCGCGC-1	10
white.day3_CTCGAAACAAACCTAC-1	11
white.day3_CTCGAAACACATAACC-1	6
white.day3_CTCGAAACACCGTTGG-1	10
white.day3_CTCGAAACATATGCTG-1	12
white.day3_CTCGAAACATCCCACT-1	9
white.day3_CTCGAAACATGAAGTA-1	10
white.day3_CTCGAAAGTACTCAAC-1	8
white.day3_CTCGAAAGTCAAAGCG-1	12
white.day3_CTCGAAAGTCAGATAA-1	10
white.day3_CTCGAAATCAGCGACC-1	7
white.day3_CTCGAAATCAGCTTAG-1	12
white.day3_CTCGAAATCAGGATCT-1	8
white.day3_CTCGAAATCATTTGGG-1	10
white.day3_CTCGAAATCCACTCCA-1	8
white.day3_CTCGAAATCTAACTTC-1	12
white.day3_CTCGAGGAGAGCAATT-1	10
white.day3_CTCGAGGAGCAATCTC-1	11
white.day3_CTCGAGGAGCCACTAT-1	8
white.day3_CTCGAGGAGCTGGAAC-1	12
white.day3_CTCGAGGAGTGACATA-1	9
white.day3_CTCGAGGCAACAACCT-1	12
white.day3_CTCGAGGCAAGGTTTC-1	9
white.day3_CTCGAGGCAAGTCTAC-1	10
white.day3_CTCGAGGCACACAGAG-1	10
white.day3_CTCGAGGCACTGCCAG-1	8
white.day3_CTCGAGGCAGACACTT-1	11
white.day3_CTCGAGGCAGCTCGAC-1	8
white.day3_CTCGAGGCAGGATCGA-1	12
white.day3_CTCGAGGCATAGGATA-1	10
white.day3_CTCGAGGCATATGAGA-1	10
white.day3_CTCGAGGCATGCCTTC-1	7
white.day3_CTCGAGGCATGGTCTA-1	11
white.day3_CTCGAGGGTAAACGCG-1	10
white.day3_CTCGAGGGTCGACTAT-1	9
white.day3_CTCGAGGGTCGCATCG-1	8
white.day3_CTCGAGGGTCGCCATG-1	12
white.day3_CTCGAGGGTCTAAACC-1	8
white.day3_CTCGAGGTCAAGGCTT-1	8
white.day3_CTCGAGGTCCGAGCCA-1	12
white.day3_CTCGAGGTCGGTTAAC-1	8
white.day3_CTCGAGGTCTCCTATA-1	8
white.day3_CTCGAGGTCTGAGGGA-1	9
white.day3_CTCGGAGAGACCGGAT-1	11
white.day3_CTCGGAGAGGAGTCTG-1	12
white.day3_CTCGGAGAGGCCGAAT-1	11
white.day3_CTCGGAGAGTGGACGT-1	10
white.day3_CTCGGAGAGTGTTAGA-1	12
white.day3_CTCGGAGCAAATCCGT-1	12
white.day3_CTCGGAGCAAGCGATG-1	10
white.day3_CTCGGAGCAATGGTCT-1	11
white.day3_CTCGGAGCACAGGAGT-1	12
white.day3_CTCGGAGCAGCCTGTG-1	12
white.day3_CTCGGAGCAGGGAGAG-1	12
white.day3_CTCGGAGCATGCTAGT-1	9
white.day3_CTCGGAGCATTGCGGC-1	11
white.day3_CTCGGAGGTAAAGGAG-1	8
white.day3_CTCGGAGGTAAATGTG-1	9
white.day3_CTCGGAGGTAAGAGAG-1	10
white.day3_CTCGGAGGTACACCGC-1	10
white.day3_CTCGGAGGTACTTCTT-1	11
white.day3_CTCGGAGGTCGGATCC-1	12
white.day3_CTCGGAGGTGCGATAG-1	12
white.day3_CTCGGAGGTGTGACGA-1	12
white.day3_CTCGGAGGTTACCAGT-1	12
white.day3_CTCGGAGTCACAACGT-1	12
white.day3_CTCGGAGTCAGAGACG-1	12
white.day3_CTCGGAGTCAGCACAT-1	7
white.day3_CTCGGAGTCCATTCTA-1	11
white.day3_CTCGGAGTCGAATCCA-1	12
white.day3_CTCGGAGTCGCCCTTA-1	12
white.day3_CTCGGAGTCTAACTCT-1	12
white.day3_CTCGGGAAGAGTGAGA-1	12
white.day3_CTCGGGAAGGAGTACC-1	8
white.day3_CTCGGGAAGTGTCCCG-1	12
white.day3_CTCGGGACAAAGCGGT-1	12
white.day3_CTCGGGACAGACGCTC-1	7
white.day3_CTCGGGACAGGCGATA-1	8
white.day3_CTCGGGACATCCTAGA-1	7
white.day3_CTCGGGACATGACGGA-1	9
white.day3_CTCGGGACATTCTCAT-1	9
white.day3_CTCGGGAGTAAAGTCA-1	10
white.day3_CTCGGGAGTAGAGCTG-1	8
white.day3_CTCGGGAGTAGCTGCC-1	10
white.day3_CTCGGGAGTATGGTTC-1	11
white.day3_CTCGGGAGTGGACGAT-1	8
white.day3_CTCGGGATCAAAGACA-1	8
white.day3_CTCGGGATCAAGGCTT-1	12
white.day3_CTCGGGATCAGTGTTG-1	12
white.day3_CTCGGGATCATGTCTT-1	12
white.day3_CTCGGGATCCACGAAT-1	11
white.day3_CTCGGGATCCCTTGCA-1	7
white.day3_CTCGGGATCGCCGTGA-1	8
white.day3_CTCGGGATCGTACCGG-1	8
white.day3_CTCGGGATCTCACATT-1	11
white.day3_CTCGGGATCTGGTGTA-1	10
white.day3_CTCGTACAGAACTGTA-1	8
white.day3_CTCGTACAGAAGATTC-1	12
white.day3_CTCGTACAGACTAGAT-1	11
white.day3_CTCGTACAGGATCGCA-1	12
white.day3_CTCGTACAGGTCATCT-1	5
white.day3_CTCGTACAGTAGTGCG-1	9
white.day3_CTCGTACAGTCTTGCA-1	8
white.day3_CTCGTACAGTGTACTC-1	7
white.day3_CTCGTACCACCATGTA-1	12
white.day3_CTCGTACCAGCTGCAC-1	12
white.day3_CTCGTACCAGTTAACC-1	12
white.day3_CTCGTACCATCTACGA-1	11
white.day3_CTCGTACCATTGTGCA-1	12
white.day3_CTCGTACGTAGCTCCG-1	12
white.day3_CTCGTACGTCGGATCC-1	10
white.day3_CTCGTACGTCGGGTCT-1	7
white.day3_CTCGTACTCCTGCTTG-1	12
white.day3_CTCGTACTCTGGGCCA-1	9
white.day3_CTCGTCAAGAGACTAT-1	6
white.day3_CTCGTCAAGAGACTTA-1	12
white.day3_CTCGTCAAGATGAGAG-1	11
white.day3_CTCGTCAAGCGCTCCA-1	8
white.day3_CTCGTCAAGCTCCTTC-1	11
white.day3_CTCGTCAAGCTGGAAC-1	7
white.day3_CTCGTCAAGGTGCTAG-1	10
white.day3_CTCGTCAAGTTTCCTT-1	10
white.day3_CTCGTCACACACATGT-1	12
white.day3_CTCGTCACACCTATCC-1	10
white.day3_CTCGTCACACTGAAGG-1	8
white.day3_CTCGTCACAGCCTTTC-1	7
white.day3_CTCGTCACAGGTCGTC-1	8
white.day3_CTCGTCACAGTTTACG-1	7
white.day3_CTCGTCACATGCAACT-1	8
white.day3_CTCGTCAGTAAGTTCC-1	12
white.day3_CTCGTCAGTACAAGTA-1	10
white.day3_CTCGTCAGTAGGACAC-1	6
white.day3_CTCGTCAGTTAGGGTG-1	12
white.day3_CTCGTCATCATACGGT-1	12
white.day3_CTCGTCATCCAGTATG-1	9
white.day3_CTCGTCATCCTAGTGA-1	10
white.day3_CTCGTCATCGAGGTAG-1	11
white.day3_CTCGTCATCGGAGGTA-1	6
white.day3_CTCGTCATCGGTGTTA-1	10
white.day3_CTCGTCATCTCATTCA-1	9
white.day3_CTCTAATAGAAACCGC-1	8
white.day3_CTCTAATAGAAGCCCA-1	7
white.day3_CTCTAATAGACAAGCC-1	11
white.day3_CTCTAATAGCGCTTAT-1	12
white.day3_CTCTAATAGGAGTTTA-1	12
white.day3_CTCTAATAGGATTCGG-1	9
white.day3_CTCTAATAGTGGCACA-1	10
white.day3_CTCTAATCACCAGTTA-1	7
white.day3_CTCTAATCACTGTTAG-1	3
white.day3_CTCTAATCAGACACTT-1	11
white.day3_CTCTAATCAGATGGGT-1	7
white.day3_CTCTAATCAGGGATTG-1	6
white.day3_CTCTAATCATTTCAGG-1	7
white.day3_CTCTAATGTAGAAAGG-1	12
white.day3_CTCTAATGTATAGTAG-1	8
white.day3_CTCTAATGTCAGAAGC-1	12
white.day3_CTCTAATGTCAGAATA-1	8
white.day3_CTCTAATGTCTTGTCC-1	10
white.day3_CTCTAATTCAGTCAGT-1	10
white.day3_CTCTAATTCATGCAAC-1	12
white.day3_CTCTAATTCCGCAGTG-1	11
white.day3_CTCTAATTCCTCTAGC-1	12
white.day3_CTCTAATTCGGCGCTA-1	8
white.day3_CTCTAATTCTGCAGTA-1	9
white.day3_CTCTACGAGAACAACT-1	8
white.day3_CTCTACGAGATACACA-1	10
white.day3_CTCTACGAGCTATGCT-1	12
white.day3_CTCTACGAGGGCACTA-1	9
white.day3_CTCTACGAGGTAGCTG-1	12
white.day3_CTCTACGAGTGAATTG-1	9
white.day3_CTCTACGAGTGTACTC-1	12
white.day3_CTCTACGCAAACGCGA-1	11
white.day3_CTCTACGCAACGCACC-1	9
white.day3_CTCTACGCAAGCTGGA-1	12
white.day3_CTCTACGCAATGGACG-1	7
white.day3_CTCTACGCACCGATAT-1	12
white.day3_CTCTACGCACTTCTGC-1	9
white.day3_CTCTACGCAGACAGGT-1	10
white.day3_CTCTACGCAGGGAGAG-1	6
white.day3_CTCTACGGTATCAGTC-1	7
white.day3_CTCTACGGTCACCCAG-1	12
white.day3_CTCTACGGTTCAGTAC-1	7
white.day3_CTCTACGTCAAAGTAG-1	6
white.day3_CTCTACGTCTATCCTA-1	10
white.day3_CTCTACGTCTTATCTG-1	8
white.day3_CTCTACGTCTTGAGGT-1	7
white.day3_CTCTGGTAGACGCAAC-1	9
white.day3_CTCTGGTAGACTAAGT-1	7
white.day3_CTCTGGTAGACTAGGC-1	7
white.day3_CTCTGGTAGAGAGCTC-1	8
white.day3_CTCTGGTAGATTACCC-1	12
white.day3_CTCTGGTAGCTCAACT-1	8
white.day3_CTCTGGTAGCTTCGCG-1	9
white.day3_CTCTGGTAGGATGTAT-1	11
white.day3_CTCTGGTAGGTAGCCA-1	11
white.day3_CTCTGGTCAAAGAATC-1	12
white.day3_CTCTGGTCACTGTGTA-1	9
white.day3_CTCTGGTCAGCCTTTC-1	12
white.day3_CTCTGGTCATACCATG-1	10
white.day3_CTCTGGTCATTTCAGG-1	5
white.day3_CTCTGGTGTGAGCGAT-1	8
white.day3_CTCTGGTGTGCACGAA-1	9
white.day3_CTCTGGTGTGGAAAGA-1	9
white.day3_CTCTGGTGTTATCACG-1	12
white.day3_CTCTGGTTCAGCGATT-1	7
white.day3_CTCTGGTTCCACGTTC-1	8
white.day3_CTCTGGTTCGACAGCC-1	7
white.day3_CTCTGGTTCGCCTGAG-1	5
white.day3_CTCTGGTTCGGATGGA-1	7
white.day3_CTCTGGTTCTCTAAGG-1	12
white.day3_CTCTGGTTCTTCAACT-1	11
white.day3_CTCTGGTTCTTCGAGA-1	8
white.day3_CTGAAACAGACTAGAT-1	8
white.day3_CTGAAACAGCTAGCCC-1	9
white.day3_CTGAAACAGCTAGTCT-1	10
white.day3_CTGAAACAGCTAGTTC-1	11
white.day3_CTGAAACAGGGAAACA-1	8
white.day3_CTGAAACAGGGTGTTG-1	10
white.day3_CTGAAACAGTAATCCC-1	8
white.day3_CTGAAACAGTACGATA-1	8
white.day3_CTGAAACAGTGAAGAG-1	7
white.day3_CTGAAACAGTTCGCAT-1	5
white.day3_CTGAAACCAAGCCGTC-1	9
white.day3_CTGAAACCAATCCGAT-1	7
white.day3_CTGAAACCAGGACCCT-1	8
white.day3_CTGAAACCATCAGTAC-1	10
white.day3_CTGAAACGTAAGGATT-1	12
white.day3_CTGAAACGTAGTAGTA-1	12
white.day3_CTGAAACGTATAATGG-1	7
white.day3_CTGAAACGTCACCTAA-1	12
white.day3_CTGAAACGTCGAAAGC-1	12
white.day3_CTGAAACGTCGTCTTC-1	7
white.day3_CTGAAACGTGACTCAT-1	8
white.day3_CTGAAACGTGGAAAGA-1	10
white.day3_CTGAAACGTGTCGCTG-1	8
white.day3_CTGAAACGTTGCGTTA-1	12
white.day3_CTGAAACTCAAGGTAA-1	8
white.day3_CTGAAACTCAGCTCGG-1	8
white.day3_CTGAAACTCGCCAGCA-1	12
white.day3_CTGAAACTCGCGATCG-1	7
white.day3_CTGAAACTCGTAGATC-1	12
white.day3_CTGAAACTCGTCCAGG-1	10
white.day3_CTGAAACTCTCCTATA-1	9
white.day3_CTGAAGTCACACAGAG-1	7
white.day3_CTGAAGTCACGACTCG-1	12
white.day3_CTGAAGTCAGCCACCA-1	9
white.day3_CTGAAGTCATGTCTCC-1	6
white.day3_CTGAAGTGTACTTGAC-1	7
white.day3_CTGAAGTGTGGGTATG-1	12
white.day3_CTGAAGTGTGTGAAAT-1	8
white.day3_CTGAAGTGTTGTCTTT-1	8
white.day3_CTGAAGTTCAGGCAAG-1	8
white.day3_CTGAAGTTCAGGTAAA-1	9
white.day3_CTGAAGTTCCCACTTG-1	8
white.day3_CTGAAGTTCCCTTGCA-1	12
white.day3_CTGAAGTTCCGCGGTA-1	12
white.day3_CTGAAGTTCGGACAAG-1	12
white.day3_CTGAAGTTCGGCGCTA-1	12
white.day3_CTGAAGTTCTGGGCCA-1	10
white.day3_CTGATAGAGAAGGACA-1	7
white.day3_CTGATAGAGAAGGTTT-1	10
white.day3_CTGATAGAGACAATAC-1	12
white.day3_CTGATAGAGCCCTAAT-1	12
white.day3_CTGATAGAGGCATTGG-1	10
white.day3_CTGATAGAGGGTATCG-1	8
white.day3_CTGATAGAGGTAGCTG-1	11
white.day3_CTGATAGAGTCTCAAC-1	8
white.day3_CTGATAGCAAACCTAC-1	8
white.day3_CTGATAGCAATACGCT-1	8
white.day3_CTGATAGCACCATGTA-1	8
white.day3_CTGATAGCACGAGGTA-1	8
white.day3_CTGATAGCAGGTCTCG-1	9
white.day3_CTGATAGCATGAACCT-1	12
white.day3_CTGATAGGTCAGCTAT-1	12
white.day3_CTGATAGGTCCTAGCG-1	10
white.day3_CTGATAGGTCGTCTTC-1	11
white.day3_CTGATAGGTCTAGTCA-1	12
white.day3_CTGATAGGTGCAACGA-1	10
white.day3_CTGATAGGTGCGCTTG-1	10
white.day3_CTGATAGTCAAGAAGT-1	8
white.day3_CTGATAGTCAGCAACT-1	8
white.day3_CTGATAGTCATGTGGT-1	12
white.day3_CTGATAGTCTGTCCGT-1	8
white.day3_CTGATCCAGAGTAATC-1	3
white.day3_CTGATCCAGATGCCTT-1	9
white.day3_CTGATCCAGGCATGGT-1	12
white.day3_CTGATCCAGGTGTTAA-1	12
white.day3_CTGATCCCAAACTGTC-1	8
white.day3_CTGATCCCAAGAGTCG-1	7
white.day3_CTGATCCCAATCGAAA-1	12
white.day3_CTGATCCCACACAGAG-1	10
white.day3_CTGATCCCACCAGATT-1	10
white.day3_CTGATCCCACCCATTC-1	11
white.day3_CTGATCCCAGCTCGCA-1	9
white.day3_CTGATCCCAGCTGCTG-1	10
white.day3_CTGATCCCAGGATCGA-1	12
white.day3_CTGATCCCAGGTGCCT-1	10
white.day3_CTGATCCCATGCTAGT-1	8
white.day3_CTGATCCCATGCTGGC-1	10
white.day3_CTGATCCCATTTGCTT-1	12
white.day3_CTGATCCGTGCACGAA-1	11
white.day3_CTGATCCGTGTTGAGG-1	12
white.day3_CTGATCCGTTCACGGC-1	9
white.day3_CTGATCCTCAGAAATG-1	6
white.day3_CTGATCCTCAGGTTCA-1	10
white.day3_CTGATCCTCCAATGGT-1	12
white.day3_CTGATCCTCCATTCTA-1	5
white.day3_CTGATCCTCGATGAGG-1	10
white.day3_CTGATCCTCGTAGATC-1	8
white.day3_CTGATCCTCTGAAAGA-1	11
white.day3_CTGATCCTCTGTGCAA-1	5
white.day3_CTGATCCTCTTGAGGT-1	7
white.day3_CTGCCTAAGAAACCTA-1	8
white.day3_CTGCCTAAGAATGTTG-1	6
white.day3_CTGCCTAAGACATAAC-1	7
white.day3_CTGCCTAAGACTTTCG-1	11
white.day3_CTGCCTAAGATGGGTC-1	10
white.day3_CTGCCTAAGGAGCGAG-1	11
white.day3_CTGCCTAAGGCTAGCA-1	11
white.day3_CTGCCTAAGGTGGGTT-1	12
white.day3_CTGCCTAAGTCGTACT-1	7
white.day3_CTGCCTAAGTCTCGGC-1	12
white.day3_CTGCCTAAGTGAAGAG-1	12
white.day3_CTGCCTAAGTTAACGA-1	8
white.day3_CTGCCTACAAACCCAT-1	8
white.day3_CTGCCTACACCTTGTC-1	10
white.day3_CTGCCTACACGTCTCT-1	8
white.day3_CTGCCTACAGACGCCT-1	9
white.day3_CTGCCTACAGTAGAGC-1	12
white.day3_CTGCCTACAGTTAACC-1	12
white.day3_CTGCCTACATCCCATC-1	7
white.day3_CTGCCTAGTATTCGTG-1	10
white.day3_CTGCCTAGTCAGAAGC-1	11
white.day3_CTGCCTAGTCAGAGGT-1	10
white.day3_CTGCCTAGTCGAATCT-1	7
white.day3_CTGCCTAGTTAAGATG-1	7
white.day3_CTGCCTATCCCTCTTT-1	9
white.day3_CTGCCTATCCGAGCCA-1	11
white.day3_CTGCCTATCGGACAAG-1	3
white.day3_CTGCGGAAGAGGACGG-1	10
white.day3_CTGCGGAAGATCACGG-1	8
white.day3_CTGCGGAAGATGTAAC-1	8
white.day3_CTGCGGAAGCGTGAGT-1	9
white.day3_CTGCGGAAGGCAGGTT-1	8
white.day3_CTGCGGAAGGGAGTAA-1	7
white.day3_CTGCGGAAGTGAACAT-1	12
white.day3_CTGCGGAAGTTAGCGG-1	12
white.day3_CTGCGGAAGTTCGCAT-1	12
white.day3_CTGCGGAAGTTTGCGT-1	12
white.day3_CTGCGGACACTGCCAG-1	7
white.day3_CTGCGGACACTGTCGG-1	12
white.day3_CTGCGGACAGCCAGAA-1	7
white.day3_CTGCGGACATCCGTGG-1	12
white.day3_CTGCGGAGTCAAGCGA-1	10
white.day3_CTGCGGAGTCATGCCG-1	6
white.day3_CTGCGGAGTCTCATCC-1	8
white.day3_CTGCGGAGTGCACCAC-1	9
white.day3_CTGCGGAGTTCAGCGC-1	9
white.day3_CTGCGGATCAATCTCT-1	12
white.day3_CTGCGGATCGTACCGG-1	12
white.day3_CTGCGGATCTGAGTGT-1	10
white.day3_CTGCTGTAGACCCACC-1	7
white.day3_CTGCTGTAGACTACAA-1	11
white.day3_CTGCTGTAGAGGTACC-1	12
white.day3_CTGCTGTAGCACAGGT-1	12
white.day3_CTGCTGTAGCCAACAG-1	12
white.day3_CTGCTGTAGCCACCTG-1	8
white.day3_CTGCTGTAGCGTCAAG-1	9
white.day3_CTGCTGTAGCTAGCCC-1	9
white.day3_CTGCTGTAGCTTTGGT-1	11
white.day3_CTGCTGTAGGGTGTGT-1	8
white.day3_CTGCTGTAGTCATCCA-1	11
white.day3_CTGCTGTAGTCTCAAC-1	12
white.day3_CTGCTGTAGTGGTAAT-1	9
white.day3_CTGCTGTCAAGAGGCT-1	10
white.day3_CTGCTGTCACAGGAGT-1	9
white.day3_CTGCTGTCATCCTTGC-1	12
white.day3_CTGCTGTCATGCTAGT-1	12
white.day3_CTGCTGTGTAAGGGAA-1	11
white.day3_CTGCTGTGTAATCACC-1	10
white.day3_CTGCTGTGTAGCTTGT-1	9
white.day3_CTGCTGTGTATAGTAG-1	12
white.day3_CTGCTGTGTGGTAACG-1	9
white.day3_CTGCTGTTCAGGTAAA-1	8
white.day3_CTGCTGTTCGCTTAGA-1	9
white.day3_CTGGTCTAGAAACCAT-1	11
white.day3_CTGGTCTAGAATGTTG-1	9
white.day3_CTGGTCTAGATGGCGT-1	5
white.day3_CTGGTCTCAACTTGAC-1	9
white.day3_CTGGTCTCACAAGTAA-1	12
white.day3_CTGGTCTCACTAAGTC-1	8
white.day3_CTGGTCTCAGCCAATT-1	7
white.day3_CTGGTCTCAGGCTGAA-1	8
white.day3_CTGGTCTCATAACCTG-1	10
white.day3_CTGGTCTTCAACTCTT-1	9
white.day3_CTGGTCTTCAGGATCT-1	8
white.day3_CTGGTCTTCATACGGT-1	12
white.day3_CTGGTCTTCATCGATG-1	7
white.day3_CTGGTCTTCCCTTGCA-1	12
white.day3_CTGGTCTTCCGCGTTT-1	8
white.day3_CTGGTCTTCGACGGAA-1	11
white.day3_CTGGTCTTCGCCAAAT-1	8
white.day3_CTGGTCTTCGCGATCG-1	12
white.day3_CTGGTCTTCGGCGCTA-1	11
white.day3_CTGGTCTTCTCAAGTG-1	9
white.day3_CTGTGCTAGCGTGTCC-1	10
white.day3_CTGTGCTAGTTAGGTA-1	8
white.day3_CTGTGCTCATTCACTT-1	9
white.day3_CTGTGCTGTAAGTGGC-1	12
white.day3_CTGTGCTGTCTCATCC-1	9
white.day3_CTGTGCTGTTCAGGCC-1	12
white.day3_CTGTGCTGTTGATTGC-1	12
white.day3_CTGTGCTTCAGCTCTC-1	9
white.day3_CTGTGCTTCCTCAATT-1	8
white.day3_CTGTGCTTCTACTCAT-1	10
white.day3_CTGTTTAAGAAAGTGG-1	11
white.day3_CTGTTTAAGAGCTATA-1	12
white.day3_CTGTTTAAGCGAGAAA-1	8
white.day3_CTGTTTAAGCTAACAA-1	12
white.day3_CTGTTTAAGGCTAGCA-1	8
white.day3_CTGTTTAAGGTGCAAC-1	8
white.day3_CTGTTTAAGTCGATAA-1	9
white.day3_CTGTTTACAACTGCGC-1	9
white.day3_CTGTTTACACATCCAA-1	8
white.day3_CTGTTTACACCTTGTC-1	6
white.day3_CTGTTTACACGAAGCA-1	12
white.day3_CTGTTTACACTAGTAC-1	12
white.day3_CTGTTTACAGGTGGAT-1	8
white.day3_CTGTTTACATTGGCGC-1	8
white.day3_CTGTTTAGTAAAGGAG-1	10
white.day3_CTGTTTAGTATTACCG-1	10
white.day3_CTGTTTAGTCAATACC-1	12
white.day3_CTGTTTAGTCAGAAGC-1	12
white.day3_CTGTTTAGTTAAAGAC-1	12
white.day3_CTGTTTAGTTTGTTGG-1	10
white.day3_CTGTTTATCACTTACT-1	12
white.day3_CTGTTTATCAGAGGTG-1	8
white.day3_CTGTTTATCATTCACT-1	11
white.day3_CTGTTTATCCTAGAAC-1	9
white.day3_CTGTTTATCGGCGCTA-1	11
white.day3_CTGTTTATCGTCGTTC-1	8
white.day3_CTGTTTATCGTTACAG-1	12
white.day3_CTGTTTATCTGAGTGT-1	7
white.day3_CTGTTTATCTTCAACT-1	8
white.day3_CTTAACTAGACGCTTT-1	12
white.day3_CTTAACTAGGGAGTAA-1	7
white.day3_CTTAACTAGTATCGAA-1	12
white.day3_CTTAACTAGTATTGGA-1	9
white.day3_CTTAACTAGTCGATAA-1	11
white.day3_CTTAACTAGTGCGATG-1	11
white.day3_CTTAACTCAAGAGGCT-1	6
white.day3_CTTAACTCAGACGCAA-1	8
white.day3_CTTAACTCAGCCTTGG-1	9
white.day3_CTTAACTCAGCTATTG-1	12
white.day3_CTTAACTGTATTCGTG-1	8
white.day3_CTTAACTGTCGACTAT-1	9
white.day3_CTTAACTGTGACAAAT-1	8
white.day3_CTTAACTGTGCATCTA-1	11
white.day3_CTTAACTGTGTCAATC-1	7
white.day3_CTTAACTGTTCGTGAT-1	8
white.day3_CTTAACTTCACTTATC-1	12
white.day3_CTTAACTTCAGCCTAA-1	9
white.day3_CTTAACTTCATCACCC-1	8
white.day3_CTTAACTTCATGCATG-1	12
white.day3_CTTAACTTCCATGAAC-1	12
white.day3_CTTAACTTCCGTCAAA-1	10
white.day3_CTTAACTTCGCAAGCC-1	12
white.day3_CTTAACTTCGGAAACG-1	12
white.day3_CTTAACTTCGGAATCT-1	8
white.day3_CTTAACTTCTCGATGA-1	10
white.day3_CTTACCGAGAACTCGG-1	12
white.day3_CTTACCGAGACCCACC-1	12
white.day3_CTTACCGAGCGATAGC-1	12
white.day3_CTTACCGAGTCGATAA-1	12
white.day3_CTTACCGCACAGCCCA-1	12
white.day3_CTTACCGCACCGCTAG-1	11
white.day3_CTTACCGCACTACAGT-1	7
white.day3_CTTACCGCAGCTCGAC-1	12
white.day3_CTTACCGCAGTATAAG-1	12
white.day3_CTTACCGCATACTACG-1	8
white.day3_CTTACCGCATAGAAAC-1	10
white.day3_CTTACCGGTCTCACCT-1	8
white.day3_CTTACCGGTTAAGGGC-1	8
white.day3_CTTACCGGTTATTCTC-1	8
white.day3_CTTACCGTCATGTCTT-1	12
white.day3_CTTACCGTCCTCAACC-1	5
white.day3_CTTACCGTCGGTTAAC-1	8
white.day3_CTTACCGTCTCAAACG-1	12
white.day3_CTTACCGTCTCGGACG-1	10
white.day3_CTTAGGAAGAACTCGG-1	10
white.day3_CTTAGGAAGAAGATTC-1	9
white.day3_CTTAGGAAGACTAGGC-1	12
white.day3_CTTAGGAAGATGTCGG-1	12
white.day3_CTTAGGAAGCCAGTTT-1	12
white.day3_CTTAGGAAGCTTATCG-1	8
white.day3_CTTAGGAAGGCTCAGA-1	8
white.day3_CTTAGGAAGTCGCCGT-1	8
white.day3_CTTAGGAAGTGCGATG-1	12
white.day3_CTTAGGACAAAGCGGT-1	9
white.day3_CTTAGGACAAATTGCC-1	11
white.day3_CTTAGGACAACACGCC-1	12
white.day3_CTTAGGACACTACAGT-1	11
white.day3_CTTAGGACATCGGGTC-1	11
white.day3_CTTAGGAGTAAGTAGT-1	12
white.day3_CTTAGGAGTCCCTACT-1	3
white.day3_CTTAGGAGTCGGCACT-1	6
white.day3_CTTAGGAGTCTAAACC-1	8
white.day3_CTTAGGATCGGAGCAA-1	9
white.day3_CTTAGGATCTCTGTCG-1	9
white.day3_CTTAGGATCTGCCCTA-1	8
white.day3_CTTAGGATCTTGTCAT-1	9
white.day3_CTTCTCTAGAAGATTC-1	8
white.day3_CTTCTCTAGAAGGTGA-1	9
white.day3_CTTCTCTAGAGTACCG-1	9
white.day3_CTTCTCTAGCCCTAAT-1	12
white.day3_CTTCTCTAGCTACCTA-1	10
white.day3_CTTCTCTAGGATGTAT-1	8
white.day3_CTTCTCTAGGCCCGTT-1	8
white.day3_CTTCTCTAGGGCTTCC-1	9
white.day3_CTTCTCTAGGTGATAT-1	9
white.day3_CTTCTCTAGTGGACGT-1	9
white.day3_CTTCTCTAGTGGAGAA-1	10
white.day3_CTTCTCTAGTTGTAGA-1	12
white.day3_CTTCTCTCAAATCCGT-1	8
white.day3_CTTCTCTCAACGATGG-1	12
white.day3_CTTCTCTCAGCCACCA-1	6
white.day3_CTTCTCTCATACCATG-1	7
white.day3_CTTCTCTCATATGCTG-1	12
white.day3_CTTCTCTCATGCTGGC-1	10
white.day3_CTTCTCTGTAATCACC-1	6
white.day3_CTTCTCTGTACCGGCT-1	7
white.day3_CTTCTCTGTCTGGTCG-1	8
white.day3_CTTCTCTGTGACAAAT-1	9
white.day3_CTTCTCTGTTAAGAAC-1	5
white.day3_CTTCTCTTCCTTCAAT-1	12
white.day3_CTTCTCTTCGAACTGT-1	11
white.day3_CTTCTCTTCTGGTTCC-1	10
white.day3_CTTGGCTAGCTGTCTA-1	8
white.day3_CTTGGCTAGGAGCGTT-1	6
white.day3_CTTGGCTAGTGTCCAT-1	10
white.day3_CTTGGCTAGTTGTCGT-1	12
white.day3_CTTGGCTCAAACGTGG-1	11
white.day3_CTTGGCTCAACTGCGC-1	7
white.day3_CTTGGCTCAAGTCTAC-1	12
white.day3_CTTGGCTCACACGCTG-1	9
white.day3_CTTGGCTCACATTTCT-1	12
white.day3_CTTGGCTCACGCTTTC-1	9
white.day3_CTTGGCTCAGGGATTG-1	11
white.day3_CTTGGCTCATGGTCAT-1	10
white.day3_CTTGGCTGTAAGGGAA-1	5
white.day3_CTTGGCTGTCCGAGTC-1	10
white.day3_CTTGGCTGTCTTGCGG-1	11
white.day3_CTTGGCTGTGGTCCGT-1	10
white.day3_CTTGGCTGTGTTCGAT-1	12
white.day3_CTTGGCTGTTACCGAT-1	12
white.day3_CTTGGCTTCAACGCTA-1	8
white.day3_CTTGGCTTCACGACTA-1	3
white.day3_CTTGGCTTCAGCATGT-1	10
white.day3_CTTGGCTTCCATGCTC-1	10
white.day3_CTTGGCTTCTATGTGG-1	10
white.day3_CTTGGCTTCTTGCAAG-1	12
white.day3_CTTTGCGAGCACGCCT-1	10
white.day3_CTTTGCGAGCCAGTTT-1	8
white.day3_CTTTGCGAGCGCCTTG-1	9
white.day3_CTTTGCGAGCTCCCAG-1	5
white.day3_CTTTGCGAGCTGCGAA-1	12
white.day3_CTTTGCGAGGGATCTG-1	12
white.day3_CTTTGCGAGGTGGGTT-1	7
white.day3_CTTTGCGCAAGGACTG-1	8
white.day3_CTTTGCGCAATAGAGT-1	10
white.day3_CTTTGCGCAATGGAGC-1	12
white.day3_CTTTGCGCACAGGTTT-1	8
white.day3_CTTTGCGCACGAAATA-1	11
white.day3_CTTTGCGGTACTTGAC-1	9
white.day3_CTTTGCGGTCGTTGTA-1	12
white.day3_CTTTGCGGTCTAACGT-1	7
white.day3_CTTTGCGGTCTCTCTG-1	12
white.day3_CTTTGCGGTGAACCTT-1	8
white.day3_CTTTGCGTCCAAAGTC-1	10
white.day3_CTTTGCGTCCGCAAGC-1	7
white.day3_CTTTGCGTCTAAGCCA-1	12
white.day3_CTTTGCGTCTATCCTA-1	10
white.day3_CTTTGCGTCTCTGCTG-1	11
white.day3_CTTTGCGTCTTCGAGA-1	12
white.day3_GAAACTCAGAAGATTC-1	12
white.day3_GAAACTCAGACAGACC-1	10
white.day3_GAAACTCAGAGGGATA-1	8
white.day3_GAAACTCAGCACGCCT-1	8
white.day3_GAAACTCAGCAGATCG-1	12
white.day3_GAAACTCAGGCAGTCA-1	10
white.day3_GAAACTCAGGTGGGTT-1	12
white.day3_GAAACTCAGTAACCCT-1	9
white.day3_GAAACTCAGTGTTGAA-1	12
white.day3_GAAACTCCAAACCTAC-1	8
white.day3_GAAACTCCAAAGTGCG-1	4
white.day3_GAAACTCCAACGCACC-1	8
white.day3_GAAACTCCACCGTTGG-1	5
white.day3_GAAACTCCAGCTTAAC-1	12
white.day3_GAAACTCCAGGTCGTC-1	10
white.day3_GAAACTCCATTGGTAC-1	12
white.day3_GAAACTCGTACCATCA-1	11
white.day3_GAAACTCGTACTTGAC-1	12
white.day3_GAAACTCGTAGTACCT-1	7
white.day3_GAAACTCGTCAAAGAT-1	7
white.day3_GAAACTCGTCGAGATG-1	9
white.day3_GAAACTCGTGAGTGAC-1	6
white.day3_GAAACTCGTGTAACGG-1	11
white.day3_GAAACTCGTTACAGAA-1	11
white.day3_GAAACTCGTTCAACCA-1	12
white.day3_GAAACTCTCCACGAAT-1	11
white.day3_GAAACTCTCCCACTTG-1	12
white.day3_GAAACTCTCGATGAGG-1	7
white.day3_GAAACTCTCTCGTATT-1	7
white.day3_GAAACTCTCTTTACAC-1	9
white.day3_GAAATGAAGAGAGCTC-1	8
white.day3_GAAATGAAGAGTGACC-1	6
white.day3_GAAATGAAGCTAGGCA-1	7
white.day3_GAAATGAAGGATTCGG-1	5
white.day3_GAAATGAAGGCATGTG-1	9
white.day3_GAAATGAAGGCTCAGA-1	6
white.day3_GAAATGAAGTGACATA-1	8
white.day3_GAAATGAAGTGATCGG-1	9
white.day3_GAAATGAAGTGGGATC-1	8
white.day3_GAAATGACAAGCGAGT-1	12
white.day3_GAAATGACACCTATCC-1	9
white.day3_GAAATGACATGGAATA-1	7
white.day3_GAAATGAGTAGAGTGC-1	12
white.day3_GAAATGAGTCAATGTC-1	8
white.day3_GAAATGAGTGTGCCTG-1	10
white.day3_GAAATGAGTTACGCGC-1	12
white.day3_GAAATGAGTTCCAACA-1	10
white.day3_GAAATGATCAGGCGAA-1	12
white.day3_GAAATGATCAGTTCGA-1	10
white.day3_GAAATGATCATAAAGG-1	9
white.day3_GAAATGATCCCATTAT-1	8
white.day3_GAAATGATCGAATCCA-1	12
white.day3_GAAATGATCGAATGCT-1	9
white.day3_GAAATGATCGCAGGCT-1	12
white.day3_GAAATGATCTTGACGA-1	11
white.day3_GAACATCAGACACTAA-1	9
white.day3_GAACATCAGCGATAGC-1	10
white.day3_GAACATCAGCGATGAC-1	11
white.day3_GAACATCAGCTAAACA-1	12
white.day3_GAACATCAGGGCTTGA-1	9
white.day3_GAACATCAGGTGTTAA-1	10
white.day3_GAACATCAGTACGATA-1	7
white.day3_GAACATCCAAAGGAAG-1	11
white.day3_GAACATCCAATGCCAT-1	8
white.day3_GAACATCCAATTCCTT-1	5
white.day3_GAACATCCATCTATGG-1	12
white.day3_GAACATCCATGCCTTC-1	8
white.day3_GAACATCGTAGCTCCG-1	9
white.day3_GAACATCGTGATGCCC-1	8
white.day3_GAACATCGTGCAGACA-1	10
white.day3_GAACATCGTGTATGGG-1	8
white.day3_GAACATCTCAAAGACA-1	12
white.day3_GAACATCTCATGGTCA-1	12
white.day3_GAACATCTCCACGACG-1	8
white.day3_GAACCTAAGAACTCGG-1	11
white.day3_GAACCTAAGCGTTCCG-1	12
white.day3_GAACCTAAGGCATTGG-1	8
white.day3_GAACCTAAGGGTCGAT-1	7
white.day3_GAACCTAAGGTGTTAA-1	12
white.day3_GAACCTAAGTACGCCC-1	8
white.day3_GAACCTAAGTGTGGCA-1	8
white.day3_GAACCTACAAGAAAGG-1	12
white.day3_GAACCTACAAGTCTAC-1	7
white.day3_GAACCTACAATGGATA-1	7
white.day3_GAACCTACAATGGTCT-1	9
white.day3_GAACCTACACATCTTT-1	9
white.day3_GAACCTACAGCTATTG-1	9
white.day3_GAACCTACAGCTCGCA-1	7
white.day3_GAACCTACAGTACACT-1	12
white.day3_GAACCTACATCGGGTC-1	8
white.day3_GAACCTACATGGATGG-1	10
white.day3_GAACCTACATTCCTCG-1	12
white.day3_GAACCTACATTCGACA-1	11
white.day3_GAACCTAGTCTGCAAT-1	10
white.day3_GAACCTATCAACGCTA-1	9
white.day3_GAACCTATCACTCTTA-1	10
white.day3_GAACCTATCCAAACTG-1	12
white.day3_GAACCTATCCCTAACC-1	8
white.day3_GAACCTATCCGAATGT-1	8
white.day3_GAACCTATCCGCGCAA-1	7
white.day3_GAACCTATCCTCCTAG-1	8
white.day3_GAACCTATCTTCAACT-1	7
white.day3_GAACCTATCTTCGAGA-1	10
white.day3_GAACGGAAGCTAGTCT-1	7
white.day3_GAACGGAAGTAGCGGT-1	12
white.day3_GAACGGAAGTCCCACG-1	12
white.day3_GAACGGACAAATTGCC-1	11
white.day3_GAACGGACAATGTTGC-1	11
white.day3_GAACGGACACCCAGTG-1	12
white.day3_GAACGGACACCTTGTC-1	9
white.day3_GAACGGACACTTCGAA-1	12
white.day3_GAACGGACAGCCAATT-1	9
white.day3_GAACGGACAGGCGATA-1	9
white.day3_GAACGGACAGTAACGG-1	9
white.day3_GAACGGACATGGTAGG-1	11
white.day3_GAACGGAGTAAGAGGA-1	8
white.day3_GAACGGAGTACAGACG-1	12
white.day3_GAACGGAGTATGAAAC-1	12
white.day3_GAACGGAGTCAGGACA-1	12
white.day3_GAACGGAGTGAGGCTA-1	10
white.day3_GAACGGATCAGCGACC-1	6
white.day3_GAACGGATCATGGTCA-1	10
white.day3_GAACGGATCGCTTGTC-1	8
white.day3_GAACGGATCTAAGCCA-1	7
white.day3_GAACGGATCTATCGCC-1	8
white.day3_GAACGGATCTCAAGTG-1	8
white.day3_GAACGGATCTCTAAGG-1	8
white.day3_GAAGCAGAGACTCGGA-1	10
white.day3_GAAGCAGAGAGACTTA-1	12
white.day3_GAAGCAGAGCAACGGT-1	10
white.day3_GAAGCAGAGCCGATTT-1	10
white.day3_GAAGCAGAGCGTCAAG-1	12
white.day3_GAAGCAGAGCTTATCG-1	10
white.day3_GAAGCAGAGGAACTGC-1	11
white.day3_GAAGCAGAGTTACCCA-1	10
white.day3_GAAGCAGCACACAGAG-1	8
white.day3_GAAGCAGCACCGTTGG-1	10
white.day3_GAAGCAGCACGCTTTC-1	12
white.day3_GAAGCAGCAGAGCCAA-1	12
white.day3_GAAGCAGCATGTTGAC-1	12
white.day3_GAAGCAGGTAAGGATT-1	11
white.day3_GAAGCAGGTGATGTCT-1	12
white.day3_GAAGCAGGTGTTCGAT-1	10
white.day3_GAAGCAGGTTCCACGG-1	11
white.day3_GAAGCAGTCCAAAGTC-1	8
white.day3_GAAGCAGTCCCTAACC-1	8
white.day3_GAAGCAGTCGTGGGAA-1	8
white.day3_GAAGCAGTCTCAACTT-1	8
white.day3_GAAGCAGTCTGAGGGA-1	11
white.day3_GAATAAGAGACCTTTG-1	11
white.day3_GAATAAGCAAGACGTG-1	10
white.day3_GAATAAGCAAGGACAC-1	10
white.day3_GAATAAGCAATGTAAG-1	11
white.day3_GAATAAGCAATTGCTG-1	12
white.day3_GAATAAGCAGACAAAT-1	12
white.day3_GAATAAGCAGACAGGT-1	12
white.day3_GAATAAGCAGCGAACA-1	9
white.day3_GAATAAGCAGGTGGAT-1	9
white.day3_GAATAAGCATCTATGG-1	8
white.day3_GAATAAGGTACTCTCC-1	11
white.day3_GAATAAGGTCCGACGT-1	12
white.day3_GAATAAGGTGCAGTAG-1	12
white.day3_GAATAAGGTTGCGCAC-1	8
white.day3_GAATAAGGTTTGGCGC-1	8
white.day3_GAATAAGTCACCAGGC-1	9
white.day3_GAATAAGTCACTCTTA-1	9
white.day3_GAATAAGTCTAACGGT-1	9
white.day3_GAATAAGTCTGCGTAA-1	11
white.day3_GAATAAGTCTTTACAC-1	7
white.day3_GAATGAAAGAACTCGG-1	9
white.day3_GAATGAAAGACCACGA-1	8
white.day3_GAATGAAAGCCAGTTT-1	11
white.day3_GAATGAAAGCTGTTCA-1	8
white.day3_GAATGAAAGGAGCGTT-1	10
white.day3_GAATGAAAGGCTATCT-1	12
white.day3_GAATGAAAGTACGTAA-1	9
white.day3_GAATGAAAGTAGATGT-1	11
white.day3_GAATGAAAGTCTCGGC-1	10
white.day3_GAATGAACAAATTGCC-1	8
white.day3_GAATGAACAAGAGGCT-1	10
white.day3_GAATGAACAAGTTAAG-1	8
white.day3_GAATGAACACAACGTT-1	7
white.day3_GAATGAACACGAAAGC-1	10
white.day3_GAATGAACAGACAAAT-1	10
white.day3_GAATGAACAGGATTGG-1	9
white.day3_GAATGAACAGTAAGAT-1	9
white.day3_GAATGAAGTAAACGCG-1	8
white.day3_GAATGAAGTCCGTTAA-1	10
white.day3_GAATGAAGTCCTGCTT-1	12
white.day3_GAATGAAGTTAGTGGG-1	9
white.day3_GAATGAAGTTCGTTGA-1	11
white.day3_GAATGAATCAACACTG-1	11
white.day3_GAATGAATCACAGGCC-1	11
white.day3_GAATGAATCAGCATGT-1	12
white.day3_GAATGAATCCGTCATC-1	9
white.day3_GAATGAATCCTTTACA-1	8
white.day3_GAATGAATCGCCTGAG-1	12
white.day3_GAATGAATCGGCGGTT-1	9
white.day3_GACACGCAGAATGTTG-1	12
white.day3_GACACGCAGCTTATCG-1	12
white.day3_GACACGCAGGACATTA-1	8
white.day3_GACACGCAGTGGTAAT-1	12
white.day3_GACACGCAGTTCGCGC-1	12
white.day3_GACACGCCAGCGAACA-1	5
white.day3_GACACGCCAGTTTACG-1	10
white.day3_GACACGCCATTAGCCA-1	12
white.day3_GACACGCGTAGTGAAT-1	7
white.day3_GACACGCGTCTCCCTA-1	8
white.day3_GACACGCGTGAGCGAT-1	12
white.day3_GACACGCGTTCCACAA-1	6
white.day3_GACACGCTCATATCGG-1	12
white.day3_GACACGCTCCTTTCGG-1	12
white.day3_GACACGCTCGGCATCG-1	9
white.day3_GACACGCTCGTCTGAA-1	12
white.day3_GACACGCTCTGAGGGA-1	6
white.day3_GACACGCTCTGGTATG-1	11
white.day3_GACAGAGAGAATGTGT-1	11
white.day3_GACAGAGAGAATGTTG-1	9
white.day3_GACAGAGAGACCCACC-1	10
white.day3_GACAGAGAGATAGGAG-1	8
white.day3_GACAGAGAGATCACGG-1	12
white.day3_GACAGAGAGATCCGAG-1	12
white.day3_GACAGAGAGCAACGGT-1	8
white.day3_GACAGAGAGCAGATCG-1	9
white.day3_GACAGAGAGCCACCTG-1	12
white.day3_GACAGAGAGCCAGAAC-1	6
white.day3_GACAGAGAGCTGCCCA-1	7
white.day3_GACAGAGAGGCTAGGT-1	7
white.day3_GACAGAGAGTCAAGCG-1	12
white.day3_GACAGAGAGTGGTCCC-1	12
white.day3_GACAGAGCAAGCCTAT-1	11
white.day3_GACAGAGCACAGACTT-1	12
white.day3_GACAGAGCAGGAATCG-1	8
white.day3_GACAGAGCATGCAACT-1	7
white.day3_GACAGAGCATGCGCAC-1	12
white.day3_GACAGAGGTCAGGACA-1	9
white.day3_GACAGAGGTTCTCATT-1	10
white.day3_GACAGAGTCACCATAG-1	12
white.day3_GACAGAGTCACGATGT-1	12
white.day3_GACAGAGTCAGTGCAT-1	8
white.day3_GACAGAGTCCCTCTTT-1	8
white.day3_GACAGAGTCCTCAATT-1	7
white.day3_GACAGAGTCGTACGGC-1	12
white.day3_GACAGAGTCTAACGGT-1	7
white.day3_GACAGAGTCTGCTGTC-1	1
white.day3_GACCAATAGACAGAGA-1	12
white.day3_GACCAATAGATGTGTA-1	11
white.day3_GACCAATAGCCAACAG-1	10
white.day3_GACCAATAGGCAATTA-1	12
white.day3_GACCAATAGTGAACGC-1	10
white.day3_GACCAATCACACATGT-1	8
white.day3_GACCAATCAGCTCCGA-1	12
white.day3_GACCAATCAGCTGCAC-1	10
white.day3_GACCAATCATTTGCTT-1	9
white.day3_GACCAATGTACCGAGA-1	10
white.day3_GACCAATGTAGTGAAT-1	12
white.day3_GACCAATGTATATCCG-1	12
white.day3_GACCAATGTTCACGGC-1	9
white.day3_GACCAATGTTCATGGT-1	9
white.day3_GACCAATTCACCTTAT-1	8
white.day3_GACCAATTCACGCGGT-1	12
white.day3_GACCAATTCATCGGAT-1	12
white.day3_GACCAATTCTGCCCTA-1	12
white.day3_GACCAATTCTTCTGGC-1	11
white.day3_GACCTGGAGAAACCAT-1	6
white.day3_GACCTGGAGAGCAATT-1	7
white.day3_GACCTGGAGCAGGCTA-1	12
white.day3_GACCTGGAGCCCTAAT-1	10
white.day3_GACCTGGAGGCCGAAT-1	8
white.day3_GACCTGGAGTACACCT-1	8
white.day3_GACCTGGCAATGCCAT-1	9
white.day3_GACCTGGCACACCGCA-1	12
white.day3_GACCTGGCACGTAAGG-1	9
white.day3_GACCTGGCAGCATACT-1	11
white.day3_GACCTGGCATGGTAGG-1	12
white.day3_GACCTGGGTAAATACG-1	8
white.day3_GACCTGGGTAATCGTC-1	5
white.day3_GACCTGGGTACGAAAT-1	3
white.day3_GACCTGGGTAGCGCAA-1	8
white.day3_GACCTGGGTATATCCG-1	10
white.day3_GACCTGGGTGATGTCT-1	7
white.day3_GACCTGGGTGGACGAT-1	9
white.day3_GACCTGGGTTACAGAA-1	12
white.day3_GACCTGGGTTCCGTCT-1	8
white.day3_GACCTGGGTTCTCATT-1	8
white.day3_GACCTGGGTTGATTGC-1	8
white.day3_GACCTGGTCCATTCTA-1	11
white.day3_GACCTGGTCCCTCTTT-1	10
white.day3_GACCTGGTCGTAGGTT-1	7
white.day3_GACCTGGTCTTTAGGG-1	12
white.day3_GACGCGTAGAAGGTGA-1	12
white.day3_GACGCGTAGAGACTTA-1	11
white.day3_GACGCGTAGCACCGTC-1	12
white.day3_GACGCGTAGCGATATA-1	12
white.day3_GACGCGTAGCTCCTCT-1	11
white.day3_GACGCGTAGGCATTGG-1	8
white.day3_GACGCGTAGTGGCACA-1	10
white.day3_GACGCGTAGTTAGGTA-1	9
white.day3_GACGCGTCACAACTGT-1	8
white.day3_GACGCGTCACGTGAGA-1	12
white.day3_GACGCGTCAGCGTTCG-1	7
white.day3_GACGCGTGTACCGTTA-1	10
white.day3_GACGCGTGTCCAGTGC-1	9
white.day3_GACGCGTGTCCTCCAT-1	12
white.day3_GACGCGTGTTGCGCAC-1	10
white.day3_GACGCGTTCAAACGGG-1	10
white.day3_GACGCGTTCACGGTTA-1	11
white.day3_GACGCGTTCATTTGGG-1	12
white.day3_GACGCGTTCCCATTAT-1	12
white.day3_GACGCGTTCCGATATG-1	9
white.day3_GACGCGTTCCTTAATC-1	10
white.day3_GACGCGTTCGCGGATC-1	8
white.day3_GACGCGTTCGTGGACC-1	8
white.day3_GACGGCTAGATAGTCA-1	8
white.day3_GACGGCTAGCAATATG-1	9
white.day3_GACGGCTAGCGTGTCC-1	10
white.day3_GACGGCTAGCGTTTAC-1	8
white.day3_GACGGCTAGGGCATGT-1	8
white.day3_GACGGCTAGTAGGTGC-1	12
white.day3_GACGGCTAGTATTGGA-1	7
white.day3_GACGGCTAGTGGTAGC-1	9
white.day3_GACGGCTCAATGTTGC-1	12
white.day3_GACGGCTCAGATCTGT-1	12
white.day3_GACGGCTCAGCTCGCA-1	12
white.day3_GACGGCTCATGCGCAC-1	8
white.day3_GACGGCTCATGGGACA-1	12
white.day3_GACGGCTGTAAGAGGA-1	7
white.day3_GACGGCTGTAGGCATG-1	12
white.day3_GACGGCTGTCTCGTTC-1	9
white.day3_GACGGCTGTGCCTGGT-1	7
white.day3_GACGGCTTCCAGAGGA-1	12
white.day3_GACGGCTTCTAACTCT-1	7
white.day3_GACGGCTTCTGTCTCG-1	12
white.day3_GACGTGCAGACGCTTT-1	7
white.day3_GACGTGCAGAGGACGG-1	12
white.day3_GACGTGCAGCACCGCT-1	12
white.day3_GACGTGCAGGCAGGTT-1	10
white.day3_GACGTGCAGGGTGTTG-1	8
white.day3_GACGTGCAGTCGATAA-1	8
white.day3_GACGTGCAGTGCCATT-1	7
white.day3_GACGTGCCAAACTGTC-1	12
white.day3_GACGTGCCACCAGCAC-1	12
white.day3_GACGTGCCACGCATCG-1	9
white.day3_GACGTGCCAGCATACT-1	7
white.day3_GACGTGCCATGACGGA-1	9
white.day3_GACGTGCCATGGTCAT-1	12
white.day3_GACGTGCCATTGGGCC-1	8
white.day3_GACGTGCGTACAGACG-1	12
white.day3_GACGTGCGTACTTCTT-1	12
white.day3_GACGTGCGTAGTGAAT-1	9
white.day3_GACGTGCGTCGGCATC-1	9
white.day3_GACGTGCGTGACAAAT-1	12
white.day3_GACGTGCGTGATGATA-1	8
white.day3_GACGTGCGTTCAGACT-1	10
white.day3_GACGTGCTCACCGGGT-1	12
white.day3_GACGTGCTCACGCGGT-1	6
white.day3_GACGTGCTCACTTACT-1	11
white.day3_GACGTGCTCCTGCTTG-1	12
white.day3_GACGTGCTCGCAGGCT-1	9
white.day3_GACGTGCTCGGATGTT-1	10
white.day3_GACGTGCTCTATCCTA-1	12
white.day3_GACGTGCTCTTCCTTC-1	10
white.day3_GACGTTAAGACAGAGA-1	8
white.day3_GACGTTAAGATGGGTC-1	8
white.day3_GACGTTAAGCCGTCGT-1	9
white.day3_GACGTTAAGGAGCGTT-1	8
white.day3_GACGTTAAGGTGCACA-1	7
white.day3_GACGTTAAGTCCAGGA-1	8
white.day3_GACGTTACAAGGCTCC-1	9
white.day3_GACGTTACAAGTCATC-1	12
white.day3_GACGTTACACCGTTGG-1	10
white.day3_GACGTTACACGTAAGG-1	12
white.day3_GACGTTACAGGTTTCA-1	8
white.day3_GACGTTAGTAGCGTAG-1	6
white.day3_GACGTTAGTAGCTCCG-1	8
white.day3_GACGTTAGTCAAGCGA-1	12
white.day3_GACGTTAGTCACTTCC-1	12
white.day3_GACGTTAGTCATCGGC-1	11
white.day3_GACGTTAGTTAGATGA-1	8
white.day3_GACGTTATCAGTTTGG-1	8
white.day3_GACGTTATCCAGTAGT-1	5
white.day3_GACGTTATCGCCAGCA-1	8
white.day3_GACGTTATCGCGATCG-1	10
white.day3_GACGTTATCGGTCTAA-1	8
white.day3_GACGTTATCTTAGCCC-1	10
white.day3_GACTAACAGAAGATTC-1	11
white.day3_GACTAACAGAGCCCAA-1	7
white.day3_GACTAACAGAGGACGG-1	10
white.day3_GACTAACAGCGTAATA-1	12
white.day3_GACTAACAGCTCAACT-1	10
white.day3_GACTAACAGCTGAAAT-1	12
white.day3_GACTAACCAACTGGCC-1	7
white.day3_GACTAACCAAGCTGAG-1	12
white.day3_GACTAACCAATGGAAT-1	7
white.day3_GACTAACCAATTCCTT-1	10
white.day3_GACTAACCACATTAGC-1	9
white.day3_GACTAACCACTGAAGG-1	7
white.day3_GACTAACCAGTATAAG-1	11
white.day3_GACTAACCATGCATGT-1	12
white.day3_GACTAACGTAGGGACT-1	12
white.day3_GACTAACGTCCGTGAC-1	12
white.day3_GACTAACGTCTGCCAG-1	10
white.day3_GACTAACGTTACGGAG-1	9
white.day3_GACTAACGTTCGGGCT-1	8
white.day3_GACTAACGTTTGTTGG-1	10
white.day3_GACTAACTCAGTTTGG-1	7
white.day3_GACTAACTCCGAAGAG-1	12
white.day3_GACTAACTCGTACCGG-1	8
white.day3_GACTAACTCTATCCTA-1	9
white.day3_GACTAACTCTGCTTGC-1	11
white.day3_GACTACAAGCTTCGCG-1	10
white.day3_GACTACAAGTCATGCT-1	11
white.day3_GACTACAAGTTGCAGG-1	12
white.day3_GACTACACAAAGTGCG-1	11
white.day3_GACTACACACAACGCC-1	10
white.day3_GACTACACACCCATGG-1	12
white.day3_GACTACACACGAAAGC-1	12
white.day3_GACTACACACGGACAA-1	10
white.day3_GACTACACAGCGTAAG-1	9
white.day3_GACTACACATCAGTCA-1	12
white.day3_GACTACACATCGTCGG-1	8
white.day3_GACTACACATGGTTGT-1	9
white.day3_GACTACAGTAAACGCG-1	11
white.day3_GACTACAGTAAATGAC-1	7
white.day3_GACTACAGTACATGTC-1	7
white.day3_GACTACAGTAGGAGTC-1	8
white.day3_GACTACAGTATATCCG-1	12
white.day3_GACTACAGTCCAAGTT-1	9
white.day3_GACTACAGTCGCGGTT-1	8
white.day3_GACTACAGTGACAAAT-1	6
white.day3_GACTACAGTTATGTGC-1	12
white.day3_GACTACAGTTGCGTTA-1	7
white.day3_GACTACATCAACGCTA-1	12
white.day3_GACTACATCAATACCG-1	7
white.day3_GACTACATCCTTAATC-1	10
white.day3_GACTACATCGGTCTAA-1	12
white.day3_GACTACATCTAACTGG-1	12
white.day3_GACTACATCTTCCTTC-1	9
white.day3_GACTGCGAGCCAACAG-1	7
white.day3_GACTGCGAGCCCGAAA-1	10
white.day3_GACTGCGAGCTGCGAA-1	10
white.day3_GACTGCGAGGAGCGTT-1	11
white.day3_GACTGCGAGTCTCGGC-1	11
white.day3_GACTGCGAGTGCAAGC-1	7
white.day3_GACTGCGAGTGCCAGA-1	10
white.day3_GACTGCGAGTGTGGCA-1	11
white.day3_GACTGCGCAACACGCC-1	9
white.day3_GACTGCGCAAGGTTCT-1	12
white.day3_GACTGCGGTATAAACG-1	10
white.day3_GACTGCGGTCTTGTCC-1	7
white.day3_GACTGCGGTTTAAGCC-1	12
white.day3_GACTGCGTCAGCTTAG-1	8
white.day3_GACTGCGTCCCTAATT-1	10
white.day3_GACTGCGTCCTAAGTG-1	8
white.day3_GACTGCGTCGGACAAG-1	8
white.day3_GACTGCGTCTCGTATT-1	9
white.day3_GACTGCGTCTCTAGGA-1	11
white.day3_GACTGCGTCTGTCCGT-1	8
white.day3_GACTGCGTCTTGTCAT-1	11
white.day3_GAGCAGAAGACTAAGT-1	8
white.day3_GAGCAGAAGCCGGTAA-1	10
white.day3_GAGCAGAAGCGTCTAT-1	12
white.day3_GAGCAGAAGTTCGCAT-1	11
white.day3_GAGCAGAAGTTGAGTA-1	9
white.day3_GAGCAGACAAATACAG-1	10
white.day3_GAGCAGACAACGCACC-1	10
white.day3_GAGCAGACAGCTATTG-1	8
white.day3_GAGCAGACAGGTGGAT-1	6
white.day3_GAGCAGACATGTTGAC-1	12
white.day3_GAGCAGAGTACTCGCG-1	8
white.day3_GAGCAGAGTGTCAATC-1	11
white.day3_GAGCAGAGTTCAACCA-1	12
white.day3_GAGCAGAGTTTGACAC-1	1
white.day3_GAGCAGATCAGATAAG-1	10
white.day3_GAGCAGATCCAAACAC-1	6
white.day3_GAGCAGATCGCCTGTT-1	10
white.day3_GAGCAGATCGTCTGCT-1	12
white.day3_GAGCAGATCTGTTGAG-1	7
white.day3_GAGGTGAAGAAGGCCT-1	12
white.day3_GAGGTGAAGAAGGGTA-1	7
white.day3_GAGGTGAAGTGAAGAG-1	12
white.day3_GAGGTGAAGTGGGCTA-1	9
white.day3_GAGGTGACAAGCCGTC-1	12
white.day3_GAGGTGACAATGTAAG-1	12
white.day3_GAGGTGACACAAGACG-1	9
white.day3_GAGGTGACACAGACAG-1	12
white.day3_GAGGTGACACTTACGA-1	12
white.day3_GAGGTGACAGCCTGTG-1	5
white.day3_GAGGTGACATGTAGTC-1	11
white.day3_GAGGTGAGTACCTACA-1	10
white.day3_GAGGTGAGTACGCACC-1	12
white.day3_GAGGTGAGTAGAGGAA-1	8
white.day3_GAGGTGAGTATAATGG-1	11
white.day3_GAGGTGAGTGACAAAT-1	12
white.day3_GAGGTGAGTGATGCCC-1	10
white.day3_GAGGTGAGTTAAGTAG-1	8
white.day3_GAGGTGAGTTGGACCC-1	12
white.day3_GAGGTGATCATGTCCC-1	9
white.day3_GAGGTGATCTTGCCGT-1	6
white.day3_GAGTCCGAGACACGAC-1	8
white.day3_GAGTCCGAGCTGCAAG-1	8
white.day3_GAGTCCGAGGATCGCA-1	7
white.day3_GAGTCCGAGGCTATCT-1	8
white.day3_GAGTCCGAGTCAAGGC-1	7
white.day3_GAGTCCGCAAGCGATG-1	10
white.day3_GAGTCCGCAGCCTGTG-1	12
white.day3_GAGTCCGCAGCTGTTA-1	6
white.day3_GAGTCCGCAGGATCGA-1	12
white.day3_GAGTCCGCATTCCTGC-1	7
white.day3_GAGTCCGGTCACCTAA-1	8
white.day3_GAGTCCGGTGATAAGT-1	12
white.day3_GAGTCCGTCGACAGCC-1	12
white.day3_GAGTCCGTCTTCCTTC-1	12
white.day3_GATCAGTAGACTACAA-1	10
white.day3_GATCAGTAGAGTCTGG-1	9
white.day3_GATCAGTAGCAGATCG-1	12
white.day3_GATCAGTAGCTGTTCA-1	11
white.day3_GATCAGTAGGAATCGC-1	9
white.day3_GATCAGTAGGCGACAT-1	12
white.day3_GATCAGTAGGCTAGAC-1	8
white.day3_GATCAGTAGGTGATAT-1	8
white.day3_GATCAGTAGTACATGA-1	11
white.day3_GATCAGTAGTATGACA-1	8
white.day3_GATCAGTAGTGTGGCA-1	12
white.day3_GATCAGTCAACGATCT-1	11
white.day3_GATCAGTCAATACGCT-1	9
white.day3_GATCAGTCAATAGCAA-1	6
white.day3_GATCAGTCACGGATAG-1	9
white.day3_GATCAGTCAGACACTT-1	7
white.day3_GATCAGTCAGACTCGC-1	9
white.day3_GATCAGTCAGGAACGT-1	10
white.day3_GATCAGTCATAGTAAG-1	12
white.day3_GATCAGTCATCGGACC-1	12
white.day3_GATCAGTCATTAACCG-1	9
white.day3_GATCAGTGTACATCCA-1	12
white.day3_GATCAGTGTACGCTGC-1	9
white.day3_GATCAGTGTCGCGGTT-1	8
white.day3_GATCAGTGTCGCTTTC-1	7
white.day3_GATCAGTGTCTGCGGT-1	8
white.day3_GATCAGTGTCTTGCGG-1	11
white.day3_GATCAGTGTGAAATCA-1	9
white.day3_GATCAGTGTGTGGCTC-1	12
white.day3_GATCAGTTCAAACAAG-1	11
white.day3_GATCAGTTCCACTGGG-1	10
white.day3_GATCAGTTCCGTAGTA-1	9
white.day3_GATCAGTTCGACGGAA-1	8
white.day3_GATCAGTTCGGCGCAT-1	9
white.day3_GATCAGTTCTCACATT-1	7
white.day3_GATCAGTTCTCTGAGA-1	9
white.day3_GATCGATAGAACTGTA-1	12
white.day3_GATCGATAGAAGGCCT-1	9
white.day3_GATCGATAGCGATGAC-1	12
white.day3_GATCGATAGGCATGGT-1	12
white.day3_GATCGATAGGTGGGTT-1	9
white.day3_GATCGATCACGTCTCT-1	10
white.day3_GATCGATCATATGCTG-1	12
white.day3_GATCGATCATATGGTC-1	9
white.day3_GATCGATCATCACAAC-1	9
white.day3_GATCGATCATTACGAC-1	8
white.day3_GATCGATGTCCGAAGA-1	8
white.day3_GATCGATGTCGAACAG-1	12
white.day3_GATCGATGTCGCTTCT-1	11
white.day3_GATCGATGTGATGCCC-1	12
white.day3_GATCGATGTTTCCACC-1	10
white.day3_GATCGATTCAGATAAG-1	12
white.day3_GATCGATTCGATCCCT-1	12
white.day3_GATCGATTCGCGTTTC-1	9
white.day3_GATCGATTCTGCTTGC-1	9
white.day3_GATCGCGAGAGAACAG-1	10
white.day3_GATCGCGAGAGATGAG-1	6
white.day3_GATCGCGAGATGTCGG-1	12
white.day3_GATCGCGAGCTGAAAT-1	10
white.day3_GATCGCGAGTAGCCGA-1	10
white.day3_GATCGCGAGTAGGTGC-1	12
white.day3_GATCGCGAGTCAAGGC-1	10
white.day3_GATCGCGAGTGGAGAA-1	10
white.day3_GATCGCGAGTGTACGG-1	8
white.day3_GATCGCGCAACACGCC-1	12
white.day3_GATCGCGCACAAGCCC-1	10
white.day3_GATCGCGCACACCGAC-1	8
white.day3_GATCGCGCACAGATTC-1	6
white.day3_GATCGCGCACTGAAGG-1	8
white.day3_GATCGCGCAGACTCGC-1	12
white.day3_GATCGCGCAGGAATCG-1	8
white.day3_GATCGCGCAGTTAACC-1	10
white.day3_GATCGCGCATCTATGG-1	11
white.day3_GATCGCGCATTAGGCT-1	8
white.day3_GATCGCGGTATTCTCT-1	12
white.day3_GATCGCGGTCGCGAAA-1	10
white.day3_GATCGCGGTGGTGTAG-1	10
white.day3_GATCGCGGTTACTGAC-1	10
white.day3_GATCGCGTCACGATGT-1	8
white.day3_GATCGCGTCCAACCAA-1	8
white.day3_GATCGCGTCCAAGTAC-1	10
white.day3_GATCGCGTCGGCTACG-1	5
white.day3_GATCGCGTCTCACATT-1	5
white.day3_GATCGCGTCTGGAGCC-1	8
white.day3_GATCGTAAGAAGGACA-1	6
white.day3_GATCGTAAGCAACGGT-1	12
white.day3_GATCGTAAGCACCGCT-1	12
white.day3_GATCGTAAGGATCGCA-1	12
white.day3_GATCGTAAGGCCGAAT-1	7
white.day3_GATCGTAAGGGTCGAT-1	11
white.day3_GATCGTAAGTCAATAG-1	6
white.day3_GATCGTAAGTGTACTC-1	12
white.day3_GATCGTAAGTTTCCTT-1	10
white.day3_GATCGTACAAAGGCGT-1	12
white.day3_GATCGTACAACTGCTA-1	12
white.day3_GATCGTACAGGCTCAC-1	10
white.day3_GATCGTACATCGACGC-1	9
white.day3_GATCGTACATTACGAC-1	9
white.day3_GATCGTAGTACACCGC-1	6
white.day3_GATCGTAGTAGGAGTC-1	8
white.day3_GATCGTAGTAGGCTGA-1	9
white.day3_GATCGTAGTCCGAATT-1	10
white.day3_GATCGTAGTGAGGCTA-1	12
white.day3_GATCGTAGTTCCACGG-1	9
white.day3_GATCGTAGTTTGTTTC-1	12
white.day3_GATCGTATCAAGGCTT-1	12
white.day3_GATCGTATCTCTTGAT-1	8
white.day3_GATCTAGAGAATAGGG-1	11
white.day3_GATCTAGAGACAAAGG-1	11
white.day3_GATCTAGAGACGCTTT-1	11
white.day3_GATCTAGAGACTCGGA-1	8
white.day3_GATCTAGAGCCGATTT-1	7
white.day3_GATCTAGAGCGATATA-1	8
white.day3_GATCTAGAGGCAGGTT-1	9
white.day3_GATCTAGAGTAGGCCA-1	12
white.day3_GATCTAGAGTGCGTGA-1	12
white.day3_GATCTAGAGTGGAGTC-1	12
white.day3_GATCTAGCAAATACAG-1	10
white.day3_GATCTAGCAGATGAGC-1	11
white.day3_GATCTAGCAGCTATTG-1	12
white.day3_GATCTAGGTAGTACCT-1	8
white.day3_GATCTAGGTATAGGTA-1	9
white.day3_GATCTAGGTCAATGTC-1	11
white.day3_GATCTAGGTCCAGTTA-1	8
white.day3_GATCTAGGTGTCGCTG-1	5
white.day3_GATCTAGGTTAAGATG-1	10
white.day3_GATCTAGGTTCGCTAA-1	6
white.day3_GATCTAGTCAATCACG-1	11
white.day3_GATCTAGTCCACTCCA-1	5
white.day3_GATCTAGTCGGAGGTA-1	10
white.day3_GATCTAGTCTACTATC-1	9
white.day3_GATCTAGTCTCTAAGG-1	11
white.day3_GATCTAGTCTCTTGAT-1	7
white.day3_GATCTAGTCTGGGCCA-1	9
white.day3_GATGAAAAGAGATGAG-1	8
white.day3_GATGAAAAGATCGATA-1	11
white.day3_GATGAAAAGGACACCA-1	8
white.day3_GATGAAAAGGGCTCTC-1	12
white.day3_GATGAAAAGTGACATA-1	12
white.day3_GATGAAAAGTGTCTCA-1	10
white.day3_GATGAAACAAGAGGCT-1	12
white.day3_GATGAAACACAGACAG-1	12
white.day3_GATGAAACACATAACC-1	9
white.day3_GATGAAACACCCTATC-1	10
white.day3_GATGAAACAGATGGGT-1	8
white.day3_GATGAAACAGCCAGAA-1	12
white.day3_GATGAAAGTAGGGTAC-1	11
white.day3_GATGAAAGTCATGCCG-1	8
white.day3_GATGAAAGTCGACTAT-1	10
white.day3_GATGAAAGTCTTTCAT-1	6
white.day3_GATGAAAGTGCGCTTG-1	12
white.day3_GATGAAAGTGTGGTTT-1	11
white.day3_GATGAAATCAAACCGT-1	12
white.day3_GATGAAATCCTAGTGA-1	6
white.day3_GATGAAATCTATCCTA-1	6
white.day3_GATGAAATCTGCAAGT-1	12
white.day3_GATGAAATCTGTCTAT-1	9
white.day3_GATGAAATCTTATCTG-1	9
white.day3_GATGAGGAGAGATGAG-1	12
white.day3_GATGAGGAGCTGTCTA-1	11
white.day3_GATGAGGAGGGAAACA-1	12
white.day3_GATGAGGAGGGTCGAT-1	12
white.day3_GATGAGGCAAGGACTG-1	11
white.day3_GATGAGGCACCAGCAC-1	8
white.day3_GATGAGGCACGCCAGT-1	11
white.day3_GATGAGGCAGAGCCAA-1	5
white.day3_GATGAGGCAGCTGTGC-1	12
white.day3_GATGAGGCATACTCTT-1	11
white.day3_GATGAGGGTATATGAG-1	7
white.day3_GATGAGGGTATTAGCC-1	12
white.day3_GATGAGGGTCAATACC-1	8
white.day3_GATGAGGGTCACCTAA-1	9
white.day3_GATGAGGGTGCTCTTC-1	9
white.day3_GATGAGGGTTGGTTTG-1	12
white.day3_GATGAGGTCAATCTCT-1	12
white.day3_GATGAGGTCCGAATGT-1	12
white.day3_GATGAGGTCCGCAGTG-1	11
white.day3_GATGAGGTCGAACGGA-1	12
white.day3_GATGAGGTCTCGTTTA-1	7
white.day3_GATGCTAAGAGTAAGG-1	12
white.day3_GATGCTAAGATCCGAG-1	9
white.day3_GATGCTAAGCCCAATT-1	7
white.day3_GATGCTAAGCCTCGTG-1	8
white.day3_GATGCTAAGCGCTCCA-1	7
white.day3_GATGCTAAGGCCGAAT-1	8
white.day3_GATGCTAAGGGTTCCC-1	8
white.day3_GATGCTAAGTAAGTAC-1	9
white.day3_GATGCTAAGTCATGCT-1	10
white.day3_GATGCTACAATAACGA-1	10
white.day3_GATGCTACAGCTCCGA-1	12
white.day3_GATGCTACAGCTGCTG-1	10
white.day3_GATGCTACAGGTCCAC-1	7
white.day3_GATGCTACATATGCTG-1	12
white.day3_GATGCTACATGAACCT-1	5
white.day3_GATGCTACATGTAAGA-1	12
white.day3_GATGCTAGTAGCCTCG-1	12
white.day3_GATGCTAGTAGCGCTC-1	12
white.day3_GATGCTAGTAGTACCT-1	10
white.day3_GATGCTAGTCGCCATG-1	9
white.day3_GATGCTAGTCTGCGGT-1	11
white.day3_GATGCTAGTGGTGTAG-1	11
white.day3_GATGCTAGTTCCGTCT-1	12
white.day3_GATGCTATCAAACAAG-1	12
white.day3_GATGCTATCCATTCTA-1	10
white.day3_GATGCTATCCGAGCCA-1	12
white.day3_GATGCTATCCTGCAGG-1	10
white.day3_GATGCTATCTCAACTT-1	7
white.day3_GATGCTATCTGGTGTA-1	8
white.day3_GATGCTATCTTGTTTG-1	11
white.day3_GATTCAGAGACACGAC-1	12
white.day3_GATTCAGAGCTAACTC-1	9
white.day3_GATTCAGAGCTCAACT-1	10
white.day3_GATTCAGAGGAATGGA-1	12
white.day3_GATTCAGAGGTAGCCA-1	12
white.day3_GATTCAGAGTCAATAG-1	12
white.day3_GATTCAGCAGGGTATG-1	7
white.day3_GATTCAGCATATACGC-1	8
white.day3_GATTCAGCATCACCCT-1	7
white.day3_GATTCAGGTGTATGGG-1	11
white.day3_GATTCAGGTTACGCGC-1	5
white.day3_GATTCAGGTTCACGGC-1	6
white.day3_GATTCAGGTTGAGGTG-1	10
white.day3_GATTCAGTCAAAGACA-1	10
white.day3_GATTCAGTCACAACGT-1	7
white.day3_GATTCAGTCATCTGCC-1	8
white.day3_GATTCAGTCGCCAAAT-1	12
white.day3_GATTCAGTCGTTTGCC-1	12
white.day3_GATTCAGTCTCCAGGG-1	12
white.day3_GATTCAGTCTGGTGTA-1	12
white.day3_GATTCAGTCTTAGAGC-1	10
white.day3_GCAAACTAGAAAGTGG-1	9
white.day3_GCAAACTAGATGCCTT-1	11
white.day3_GCAAACTAGCTAAACA-1	9
white.day3_GCAAACTAGCTAGGCA-1	7
white.day3_GCAAACTAGCTCTCGG-1	12
white.day3_GCAAACTAGGCCCTCA-1	8
white.day3_GCAAACTAGGGCTTCC-1	10
white.day3_GCAAACTAGTACCGGA-1	8
white.day3_GCAAACTCAAGGTGTG-1	10
white.day3_GCAAACTCAATACGCT-1	12
white.day3_GCAAACTCACATGTGT-1	7
white.day3_GCAAACTCACCACGTG-1	11
white.day3_GCAAACTCACCAGATT-1	10
white.day3_GCAAACTCACCGGAAA-1	12
white.day3_GCAAACTCACGGTAAG-1	8
white.day3_GCAAACTCAGCCAATT-1	9
white.day3_GCAAACTCAGGTCTCG-1	7
white.day3_GCAAACTCATAACCTG-1	10
white.day3_GCAAACTCATGACATC-1	8
white.day3_GCAAACTGTAACGACG-1	12
white.day3_GCAAACTGTAGGGACT-1	12
white.day3_GCAAACTGTCAGAAGC-1	7
white.day3_GCAAACTGTGGGTCAA-1	10
white.day3_GCAAACTGTGTGACCC-1	9
white.day3_GCAAACTTCAACGGCC-1	8
white.day3_GCAAACTTCACTCCTG-1	12
white.day3_GCAAACTTCGAGAACG-1	12
white.day3_GCAAACTTCGATCCCT-1	12
white.day3_GCAAACTTCGATGAGG-1	9
white.day3_GCAAACTTCTGCCAGG-1	10
white.day3_GCAAACTTCTGCTTGC-1	8
white.day3_GCAAACTTCTGGGCCA-1	12
white.day3_GCAATCAAGCGGCTTC-1	8
white.day3_GCAATCAAGCGTCAAG-1	8
white.day3_GCAATCAAGCTAGTGG-1	9
white.day3_GCAATCAAGGTGATTA-1	8
white.day3_GCAATCAAGTGGAGTC-1	7
white.day3_GCAATCACAAGGACAC-1	10
white.day3_GCAATCACACACCGCA-1	11
white.day3_GCAATCACACCTCGTT-1	8
white.day3_GCAATCACAGCTCGAC-1	9
white.day3_GCAATCACATGTAGTC-1	12
white.day3_GCAATCACATTCGACA-1	11
white.day3_GCAATCAGTAAGGATT-1	11
white.day3_GCAATCAGTACTCGCG-1	12
white.day3_GCAATCATCACAACGT-1	12
white.day3_GCAATCATCCACGTTC-1	9
white.day3_GCAATCATCCCTCAGT-1	6
white.day3_GCAATCATCGGATGGA-1	9
white.day3_GCAATCATCGGGAGTA-1	12
white.day3_GCAATCATCTTCGGTC-1	10
white.day3_GCACATAAGAAACGCC-1	7
white.day3_GCACATAAGATGTTAG-1	12
white.day3_GCACATAAGGCGACAT-1	9
white.day3_GCACATAAGGTGTGGT-1	12
white.day3_GCACATAAGTACATGA-1	7
white.day3_GCACATAAGTGTCCCG-1	7
white.day3_GCACATACAAACGCGA-1	8
white.day3_GCACATACACCGAAAG-1	12
white.day3_GCACATACACCTCGTT-1	12
white.day3_GCACATACACCTTGTC-1	12
white.day3_GCACATACAGGGATTG-1	12
white.day3_GCACATACATACTCTT-1	3
white.day3_GCACATACATCCGGGT-1	12
white.day3_GCACATAGTATAGTAG-1	12
white.day3_GCACATAGTCAGAGGT-1	8
white.day3_GCACATAGTCATCGGC-1	10
white.day3_GCACATAGTCCCTTGT-1	9
white.day3_GCACATAGTCGAATCT-1	5
white.day3_GCACATAGTGTAAGTA-1	8
white.day3_GCACATAGTGTGTGCC-1	10
white.day3_GCACATAGTTACGTCA-1	12
white.day3_GCACATATCAAACCAC-1	9
white.day3_GCACATATCAACGAAA-1	11
white.day3_GCACATATCACAGTAC-1	12
white.day3_GCACATATCACGACTA-1	11
white.day3_GCACATATCAGTCCCT-1	7
white.day3_GCACATATCCCAGGTG-1	11
white.day3_GCACTCTAGAACTGTA-1	8
white.day3_GCACTCTAGAATAGGG-1	8
white.day3_GCACTCTAGGTGACCA-1	9
white.day3_GCACTCTCACGGCGTT-1	12
white.day3_GCACTCTCACTACAGT-1	12
white.day3_GCACTCTCACTGAAGG-1	7
white.day3_GCACTCTCACTGTGTA-1	8
white.day3_GCACTCTCAGATGAGC-1	12
white.day3_GCACTCTCAGCTTCGG-1	10
white.day3_GCACTCTCATAGAAAC-1	12
white.day3_GCACTCTCATTAGGCT-1	8
white.day3_GCACTCTCATTATCTC-1	9
white.day3_GCACTCTGTAGCTAAA-1	6
white.day3_GCACTCTGTATATGGA-1	7
white.day3_GCACTCTGTCCCTTGT-1	6
white.day3_GCACTCTGTCGAAAGC-1	10
white.day3_GCACTCTGTGATAAAC-1	8
white.day3_GCACTCTGTGGTCTCG-1	12
white.day3_GCACTCTGTTGACGTT-1	7
white.day3_GCACTCTGTTTCCACC-1	11
white.day3_GCACTCTTCAGCACAT-1	12
white.day3_GCACTCTTCCTTTACA-1	11
white.day3_GCACTCTTCGGCGCTA-1	12
white.day3_GCACTCTTCTTACCGC-1	9
white.day3_GCAGCCAAGACAGAGA-1	11
white.day3_GCAGCCAAGACTACAA-1	9
white.day3_GCAGCCAAGAGGTTAT-1	12
white.day3_GCAGCCAAGAGTTGGC-1	12
white.day3_GCAGCCAAGATCACGG-1	7
white.day3_GCAGCCAAGATGTTAG-1	12
white.day3_GCAGCCAAGCCAGAAC-1	6
white.day3_GCAGCCAAGCTAGCCC-1	10
white.day3_GCAGCCAAGGCGCTCT-1	10
white.day3_GCAGCCAAGGCTCAGA-1	8
white.day3_GCAGCCAAGGTAAACT-1	8
white.day3_GCAGCCAAGTGCGTGA-1	9
white.day3_GCAGCCAAGTGTTAGA-1	7
white.day3_GCAGCCACAACTGCTA-1	12
white.day3_GCAGCCACAAGCGAGT-1	10
white.day3_GCAGCCACAAGGTTCT-1	9
white.day3_GCAGCCACACAACGCC-1	8
white.day3_GCAGCCACACTATCTT-1	9
white.day3_GCAGCCACAGGATTGG-1	7
white.day3_GCAGCCACAGTTTACG-1	8
white.day3_GCAGCCACATTGGCGC-1	12
white.day3_GCAGCCACATTGGTAC-1	11
white.day3_GCAGCCAGTAAGTAGT-1	5
white.day3_GCAGCCAGTAGGACAC-1	6
white.day3_GCAGCCAGTCATATGC-1	10
white.day3_GCAGCCAGTCCCGACA-1	8
white.day3_GCAGCCAGTGATGTGG-1	11
white.day3_GCAGCCAGTGTGACGA-1	12
white.day3_GCAGCCATCCTCAATT-1	12
white.day3_GCAGCCATCGCAAACT-1	8
white.day3_GCAGCCATCTACTATC-1	11
white.day3_GCAGCCATCTGCGGCA-1	12
white.day3_GCAGTTAAGAGCAATT-1	11
white.day3_GCAGTTAAGAGTTGGC-1	10
white.day3_GCAGTTAAGATACACA-1	11
white.day3_GCAGTTAAGATCCCGC-1	7
white.day3_GCAGTTAAGCGAAGGG-1	10
white.day3_GCAGTTAAGCGATAGC-1	7
white.day3_GCAGTTAAGCTAGTTC-1	9
white.day3_GCAGTTAAGCTGAAAT-1	12
white.day3_GCAGTTAAGGCCCGTT-1	8
white.day3_GCAGTTAAGGTGCACA-1	8
white.day3_GCAGTTAAGTGACTCT-1	8
white.day3_GCAGTTAAGTGTCCCG-1	10
white.day3_GCAGTTACAAGCCGTC-1	10
white.day3_GCAGTTACAAGTAGTA-1	8
white.day3_GCAGTTACACAGCCCA-1	9
white.day3_GCAGTTACAGCTTAAC-1	9
white.day3_GCAGTTACATCCGCGA-1	8
white.day3_GCAGTTACATGTAAGA-1	12
white.day3_GCAGTTAGTAAAGTCA-1	7
white.day3_GCAGTTAGTCCATCCT-1	8
white.day3_GCAGTTAGTCTAAACC-1	11
white.day3_GCAGTTAGTCTCGTTC-1	7
white.day3_GCAGTTAGTGACAAAT-1	9
white.day3_GCAGTTAGTGCAACTT-1	12
white.day3_GCAGTTATCACCTCGT-1	9
white.day3_GCAGTTATCAGTGTTG-1	9
white.day3_GCAGTTATCCCACTTG-1	8
white.day3_GCAGTTATCCGAACGC-1	10
white.day3_GCAGTTATCCTATGTT-1	12
white.day3_GCAGTTATCCTCAATT-1	12
white.day3_GCAGTTATCGCCAAAT-1	8
white.day3_GCAGTTATCGCCATAA-1	11
white.day3_GCAGTTATCGCCTGTT-1	12
white.day3_GCAGTTATCGGTTAAC-1	12
white.day3_GCAGTTATCTTACCGC-1	10
white.day3_GCATACAAGAGACTTA-1	7
white.day3_GCATACAAGAGGGATA-1	8
white.day3_GCATACAAGAGTAAGG-1	11
white.day3_GCATACAAGCCAGTAG-1	9
white.day3_GCATACAAGCTGCAAG-1	9
white.day3_GCATACAAGGACAGAA-1	12
white.day3_GCATACAAGGTACTCT-1	9
white.day3_GCATACAAGTACACCT-1	11
white.day3_GCATACAAGTAGATGT-1	11
white.day3_GCATACAAGTTTGCGT-1	12
white.day3_GCATACACAAACCCAT-1	10
white.day3_GCATACACAAGCCGCT-1	12
white.day3_GCATACACAATCAGAA-1	7
white.day3_GCATACACACCTATCC-1	12
white.day3_GCATACACAGGAATGC-1	8
white.day3_GCATACACAGGGTATG-1	8
white.day3_GCATACACATGACATC-1	11
white.day3_GCATACAGTACAGACG-1	9
white.day3_GCATACAGTACCGAGA-1	12
white.day3_GCATACAGTCATATGC-1	8
white.day3_GCATACAGTCTACCTC-1	7
white.day3_GCATACAGTGCACGAA-1	10
white.day3_GCATACAGTTGTCTTT-1	7
white.day3_GCATACATCATCTGTT-1	10
white.day3_GCATACATCATGCATG-1	10
white.day3_GCATACATCCAAACTG-1	10
white.day3_GCATACATCCTGCAGG-1	9
white.day3_GCATACATCGGACAAG-1	9
white.day3_GCATGATAGCCAGAAC-1	9
white.day3_GCATGATAGTACACCT-1	11
white.day3_GCATGATAGTGCGATG-1	11
white.day3_GCATGATAGTGGGATC-1	7
white.day3_GCATGATAGTTATCGC-1	11
white.day3_GCATGATCAACGATCT-1	8
white.day3_GCATGATCAAGCTGGA-1	12
white.day3_GCATGATCAAGGTTTC-1	8
white.day3_GCATGATCAATCCAAC-1	8
white.day3_GCATGATCACGCGAAA-1	9
white.day3_GCATGATCAGATGAGC-1	7
white.day3_GCATGATCAGGTCCAC-1	9
white.day3_GCATGATCAGGTGGAT-1	10
white.day3_GCATGATCATCGATGT-1	8
white.day3_GCATGATGTACATCCA-1	11
white.day3_GCATGATGTACGCTGC-1	12
white.day3_GCATGATGTTGTACAC-1	12
white.day3_GCATGATTCCGCATAA-1	8
white.day3_GCATGATTCGCGGATC-1	7
white.day3_GCATGATTCTGGGCCA-1	11
white.day3_GCATGCGAGAAGCCCA-1	7
white.day3_GCATGCGAGAAGGTTT-1	8
white.day3_GCATGCGAGACAGACC-1	10
white.day3_GCATGCGAGAGGGATA-1	11
white.day3_GCATGCGAGCAGCGTA-1	10
white.day3_GCATGCGAGCTTTGGT-1	12
white.day3_GCATGCGAGGAGTCTG-1	11
white.day3_GCATGCGAGGTGTGGT-1	8
white.day3_GCATGCGAGTACGATA-1	11
white.day3_GCATGCGCACGAAAGC-1	9
white.day3_GCATGCGCAGCTCGCA-1	9
white.day3_GCATGCGCATCCCACT-1	8
white.day3_GCATGCGCATCGGTTA-1	8
white.day3_GCATGCGGTAAACCTC-1	6
white.day3_GCATGCGGTAAGGGCT-1	6
white.day3_GCATGCGGTCATGCCG-1	12
white.day3_GCATGCGGTCGAGTTT-1	12
white.day3_GCATGCGGTGTCTGAT-1	12
white.day3_GCATGCGTCCCTAACC-1	12
white.day3_GCATGCGTCCGCGTTT-1	10
white.day3_GCATGCGTCCTGCCAT-1	12
white.day3_GCATGCGTCGGTCTAA-1	12
white.day3_GCATGCGTCTAACTTC-1	6
white.day3_GCATGCGTCTGAGGGA-1	9
white.day3_GCATGTAAGGCAGTCA-1	8
white.day3_GCATGTAAGGGTCTCC-1	12
white.day3_GCATGTACAATCCAAC-1	12
white.day3_GCATGTACACCAGGCT-1	9
white.day3_GCATGTACACCCAGTG-1	8
white.day3_GCATGTACACGGCGTT-1	8
white.day3_GCATGTACATAACCTG-1	11
white.day3_GCATGTAGTACAGTTC-1	9
white.day3_GCATGTAGTAGGGTAC-1	5
white.day3_GCATGTAGTCAAAGAT-1	12
white.day3_GCATGTAGTCATGCAT-1	6
white.day3_GCATGTAGTCCGAATT-1	10
white.day3_GCATGTAGTCCTGCTT-1	9
white.day3_GCATGTAGTGCCTGTG-1	8
white.day3_GCATGTAGTGTGGCTC-1	11
white.day3_GCATGTAGTGTGTGCC-1	10
white.day3_GCATGTAGTTACGACT-1	10
white.day3_GCATGTATCACTCCTG-1	8
white.day3_GCATGTATCAGCATGT-1	6
white.day3_GCATGTATCGGAAATA-1	8
white.day3_GCATGTATCGTATCAG-1	12
white.day3_GCATGTATCTAACTCT-1	12
white.day3_GCCAAATAGAAACCTA-1	12
white.day3_GCCAAATAGCGATATA-1	11
white.day3_GCCAAATAGTACATGA-1	9
white.day3_GCCAAATAGTCGATAA-1	11
white.day3_GCCAAATAGTGTCCAT-1	12
white.day3_GCCAAATCAGCCAGAA-1	10
white.day3_GCCAAATCATGTAAGA-1	10
white.day3_GCCAAATGTATAGGGC-1	12
white.day3_GCCAAATGTGTAAGTA-1	8
white.day3_GCCAAATGTTACGTCA-1	12
white.day3_GCCAAATTCAACCAAC-1	8
white.day3_GCCAAATTCACCCTCA-1	9
white.day3_GCCAAATTCCATGAGT-1	12
white.day3_GCCTCTAAGACAAAGG-1	5
white.day3_GCCTCTAAGAGGTTGC-1	11
white.day3_GCCTCTAAGCTGCCCA-1	9
white.day3_GCCTCTAAGGATGCGT-1	5
white.day3_GCCTCTAAGGCAGTCA-1	7
white.day3_GCCTCTAAGGTGACCA-1	11
white.day3_GCCTCTAAGTCACGCC-1	12
white.day3_GCCTCTACAAGTCTAC-1	11
white.day3_GCCTCTACACCCTATC-1	12
white.day3_GCCTCTAGTAGCGCAA-1	12
white.day3_GCCTCTAGTATAAACG-1	11
white.day3_GCCTCTAGTCCGACGT-1	11
white.day3_GCCTCTAGTGAAATCA-1	9
white.day3_GCCTCTAGTGTGACGA-1	6
white.day3_GCCTCTAGTTCCACAA-1	9
white.day3_GCCTCTAGTTGGACCC-1	10
white.day3_GCCTCTATCACAATGC-1	11
white.day3_GCCTCTATCGAGAGCA-1	12
white.day3_GCCTCTATCGTGACAT-1	9
white.day3_GCGACCAAGACAAAGG-1	10
white.day3_GCGACCAAGCCATCGC-1	8
white.day3_GCGACCAAGGAGCGTT-1	12
white.day3_GCGACCAAGGGCTTCC-1	11
white.day3_GCGACCACAAGCCGTC-1	10
white.day3_GCGACCACAAGCGAGT-1	8
white.day3_GCGACCACACAGCCCA-1	8
white.day3_GCGACCACACCGATAT-1	12
white.day3_GCGACCACAGCCAATT-1	6
white.day3_GCGACCACAGCCTTGG-1	9
white.day3_GCGACCACAGCTCGCA-1	8
white.day3_GCGACCACATACGCTA-1	10
white.day3_GCGACCACATCTGGTA-1	9
white.day3_GCGACCACATTAACCG-1	10
white.day3_GCGACCAGTCCGTTAA-1	12
white.day3_GCGACCAGTGTATGGG-1	11
white.day3_GCGACCAGTTACCAGT-1	12
white.day3_GCGACCAGTTCTCATT-1	10
white.day3_GCGACCATCAGCATGT-1	12
white.day3_GCGACCATCCCAAGTA-1	8
white.day3_GCGACCATCCCTAACC-1	8
white.day3_GCGACCATCCCTAATT-1	8
white.day3_GCGACCATCGTCCGTT-1	7
white.day3_GCGACCATCTGCCAGG-1	12
white.day3_GCGAGAAAGAAGGGTA-1	8
white.day3_GCGAGAAAGAGACGAA-1	9
white.day3_GCGAGAAAGATAGCAT-1	8
white.day3_GCGAGAAAGATCCGAG-1	12
white.day3_GCGAGAAAGTAGATGT-1	8
white.day3_GCGAGAAAGTCACGCC-1	9
white.day3_GCGAGAACAAATCCGT-1	12
white.day3_GCGAGAACACGGCGTT-1	10
white.day3_GCGAGAACACTTACGA-1	8
white.day3_GCGAGAAGTACCGAGA-1	12
white.day3_GCGAGAAGTACCGTAT-1	11
white.day3_GCGAGAAGTACCGTTA-1	12
white.day3_GCGAGAAGTAGGAGTC-1	8
white.day3_GCGAGAAGTCGATTGT-1	7
white.day3_GCGAGAAGTCTTCAAG-1	7
white.day3_GCGAGAAGTGCACCAC-1	6
white.day3_GCGAGAAGTTACCAGT-1	9
white.day3_GCGAGAAGTTGGTTTG-1	12
white.day3_GCGAGAATCCGTAGTA-1	12
white.day3_GCGAGAATCGGCGGTT-1	9
white.day3_GCGAGAATCGGCTTGG-1	10
white.day3_GCGCAACAGAAGCCCA-1	11
white.day3_GCGCAACAGCCACGCT-1	6
white.day3_GCGCAACAGCCAGGAT-1	9
white.day3_GCGCAACAGCGTGTCC-1	12
white.day3_GCGCAACAGGGAAACA-1	10
white.day3_GCGCAACAGTACGCCC-1	8
white.day3_GCGCAACCAAGCTGAG-1	7
white.day3_GCGCAACCAGCTGTTA-1	10
white.day3_GCGCAACGTAAACCTC-1	8
white.day3_GCGCAACGTACAGTTC-1	12
white.day3_GCGCAACGTACATGTC-1	12
white.day3_GCGCAACGTATCGCAT-1	9
white.day3_GCGCAACGTGTAATGA-1	10
white.day3_GCGCAACGTGTTTGTG-1	9
white.day3_GCGCAACGTTTGACTG-1	9
white.day3_GCGCAACTCCTAGTGA-1	9
white.day3_GCGCAACTCGCGCCAA-1	8
white.day3_GCGCAACTCGGCTTGG-1	8
white.day3_GCGCAACTCGTCCAGG-1	8
white.day3_GCGCAGTAGAAGCCCA-1	8
white.day3_GCGCAGTAGAAGGACA-1	8
white.day3_GCGCAGTAGACCGGAT-1	12
white.day3_GCGCAGTAGCAGACTG-1	8
white.day3_GCGCAGTAGCCATCGC-1	8
white.day3_GCGCAGTAGCCCAATT-1	11
white.day3_GCGCAGTAGCTACCGC-1	8
white.day3_GCGCAGTAGTCATGCT-1	11
white.day3_GCGCAGTAGTTCGATC-1	12
white.day3_GCGCAGTCACACGCTG-1	9
white.day3_GCGCAGTCACTGAAGG-1	10
white.day3_GCGCAGTCATATGGTC-1	10
white.day3_GCGCAGTGTACATGTC-1	12
white.day3_GCGCAGTGTAGCCTAT-1	8
white.day3_GCGCAGTGTGAAATCA-1	12
white.day3_GCGCAGTGTGTGGCTC-1	11
white.day3_GCGCAGTGTGTTGAGG-1	12
white.day3_GCGCAGTGTTGGAGGT-1	8
white.day3_GCGCAGTTCAGGATCT-1	11
white.day3_GCGCAGTTCAGGCGAA-1	11
white.day3_GCGCAGTTCCAGTAGT-1	9
white.day3_GCGCAGTTCCATGAAC-1	8
white.day3_GCGCAGTTCTACGAGT-1	9
white.day3_GCGCAGTTCTCAAACG-1	8
white.day3_GCGCCAAAGAATAGGG-1	9
white.day3_GCGCCAAAGACTACAA-1	12
white.day3_GCGCCAAAGATGTCGG-1	9
white.day3_GCGCCAAAGCAATATG-1	8
white.day3_GCGCCAAAGCCTTGAT-1	9
white.day3_GCGCCAAAGGAACTGC-1	12
white.day3_GCGCCAAAGGGCTTCC-1	8
white.day3_GCGCCAAAGTACGCGA-1	8
white.day3_GCGCCAACAACACCCG-1	12
white.day3_GCGCCAACAAGCGATG-1	7
white.day3_GCGCCAACAATAACGA-1	8
white.day3_GCGCCAACACGGCGTT-1	12
white.day3_GCGCCAACAGTATAAG-1	5
white.day3_GCGCCAAGTAGCGTAG-1	6
white.day3_GCGCCAAGTCGACTGC-1	6
white.day3_GCGCCAAGTCGCGAAA-1	12
white.day3_GCGCCAAGTCTGGTCG-1	7
white.day3_GCGCCAAGTGCCTTGG-1	9
white.day3_GCGCCAAGTGTGCGTC-1	8
white.day3_GCGCCAAGTGTTGGGA-1	10
white.day3_GCGCCAAGTTAAGTAG-1	9
white.day3_GCGCCAATCCAGTAGT-1	3
white.day3_GCGCCAATCCCATTTA-1	10
white.day3_GCGCCAATCCTGTACC-1	9
white.day3_GCGCCAATCCTGTAGA-1	11
white.day3_GCGCCAATCTAACGGT-1	12
white.day3_GCGCGATAGACATAAC-1	8
white.day3_GCGCGATAGAGACTTA-1	8
white.day3_GCGCGATAGAGCTATA-1	7
white.day3_GCGCGATAGCATGGCA-1	10
white.day3_GCGCGATAGCTAGTGG-1	12
white.day3_GCGCGATAGGATGCGT-1	12
white.day3_GCGCGATAGGCTAGCA-1	7
white.day3_GCGCGATAGGGCTCTC-1	8
white.day3_GCGCGATAGGGTTCCC-1	5
white.day3_GCGCGATAGTACACCT-1	11
white.day3_GCGCGATAGTCCAGGA-1	7
white.day3_GCGCGATCACAAGTAA-1	12
white.day3_GCGCGATCACGGTGTC-1	12
white.day3_GCGCGATCACTAAGTC-1	6
white.day3_GCGCGATCAGGCAGTA-1	10
white.day3_GCGCGATCATATACCG-1	11
white.day3_GCGCGATCATATACGC-1	12
white.day3_GCGCGATCATTCCTGC-1	8
white.day3_GCGCGATGTACATCCA-1	8
white.day3_GCGCGATGTGGTGTAG-1	11
white.day3_GCGCGATTCAACACCA-1	8
white.day3_GCGCGATTCACGACTA-1	12
white.day3_GCGCGATTCAGTGTTG-1	7
white.day3_GCGCGATTCCACGACG-1	6
white.day3_GCGCGATTCCCACTTG-1	8
white.day3_GCGCGATTCCGTCAAA-1	8
white.day3_GCGCGATTCGGATGTT-1	6
white.day3_GCGCGATTCTATCCCG-1	12
white.day3_GCGCGATTCTGATACG-1	7
white.day3_GCGGGTTAGAGACGAA-1	10
white.day3_GCGGGTTAGAGCTTCT-1	10
white.day3_GCGGGTTAGAGTAAGG-1	10
white.day3_GCGGGTTAGATGCGAC-1	7
white.day3_GCGGGTTAGCCACGCT-1	10
white.day3_GCGGGTTAGCGTCAAG-1	7
white.day3_GCGGGTTAGCGTGAGT-1	3
white.day3_GCGGGTTAGGCCGAAT-1	9
white.day3_GCGGGTTAGGTGTTAA-1	10
white.day3_GCGGGTTAGTATGACA-1	7
white.day3_GCGGGTTAGTGGTAAT-1	7
white.day3_GCGGGTTCAAGCCATT-1	10
white.day3_GCGGGTTCAATAGCGG-1	8
white.day3_GCGGGTTCACCCTATC-1	8
white.day3_GCGGGTTCACCGGAAA-1	10
white.day3_GCGGGTTCAGCCTATA-1	12
white.day3_GCGGGTTCAGGGATTG-1	11
white.day3_GCGGGTTCAGTTTACG-1	12
white.day3_GCGGGTTCATGCCTAA-1	8
white.day3_GCGGGTTCATTTGCTT-1	12
white.day3_GCGGGTTGTACAGTGG-1	9
white.day3_GCGGGTTGTAGCGTAG-1	10
white.day3_GCGGGTTGTATAAACG-1	12
white.day3_GCGGGTTGTGGTCCGT-1	9
white.day3_GCGGGTTGTTAAAGAC-1	3
white.day3_GCGGGTTTCAGGTAAA-1	8
white.day3_GCGGGTTTCAGTGTTG-1	11
white.day3_GCGGGTTTCCTCAATT-1	9
white.day3_GCGGGTTTCGTCCAGG-1	12
white.day3_GCGGGTTTCGTTTATC-1	12
white.day3_GCTCCTAAGAAACCTA-1	9
white.day3_GCTCCTAAGCCAGAAC-1	12
white.day3_GCTCCTAAGCTTATCG-1	5
white.day3_GCTCCTAAGGAATTAC-1	9
white.day3_GCTCCTAAGGACTGGT-1	11
white.day3_GCTCCTAAGGATATAC-1	12
white.day3_GCTCCTACAAATTGCC-1	12
white.day3_GCTCCTACAAGTCTAC-1	12
white.day3_GCTCCTACAATCTGCA-1	11
white.day3_GCTCCTACACCAGGCT-1	12
white.day3_GCTCCTACACGACTCG-1	12
white.day3_GCTCCTACACTACAGT-1	10
white.day3_GCTCCTACAGCAGTTT-1	8
white.day3_GCTCCTACAGTCAGCC-1	8
white.day3_GCTCCTACATAGTAAG-1	12
white.day3_GCTCCTACATCCGGGT-1	12
white.day3_GCTCCTAGTAAGAGGA-1	11
white.day3_GCTCCTAGTATGGTTC-1	6
white.day3_GCTCCTAGTCCGACGT-1	10
white.day3_GCTCCTAGTCGAAAGC-1	10
white.day3_GCTCCTAGTGATGCCC-1	10
white.day3_GCTCCTAGTGCTCTTC-1	11
white.day3_GCTCCTAGTTAAAGAC-1	8
white.day3_GCTCCTAGTTGGAGGT-1	12
white.day3_GCTCCTATCCCTTGCA-1	12
white.day3_GCTCCTATCCTCCTAG-1	8
white.day3_GCTCCTATCTGAGTGT-1	12
white.day3_GCTCCTATCTTCCTTC-1	8
white.day3_GCTCCTATCTTCTGGC-1	9
white.day3_GCTCCTATCTTGTATC-1	6
white.day3_GCTCTGTAGATGTAAC-1	12
white.day3_GCTCTGTAGCAGACTG-1	11
white.day3_GCTCTGTAGCCCAATT-1	12
white.day3_GCTCTGTAGCGTAATA-1	12
white.day3_GCTCTGTAGGAACTGC-1	8
white.day3_GCTCTGTAGGATGCGT-1	9
white.day3_GCTCTGTAGGCACATG-1	10
white.day3_GCTCTGTAGGCTCATT-1	9
white.day3_GCTCTGTAGGTGCTAG-1	9
white.day3_GCTCTGTAGTAAGTAC-1	11
white.day3_GCTCTGTAGTAGATGT-1	10
white.day3_GCTCTGTCACGGATAG-1	8
white.day3_GCTCTGTCAGGGCATA-1	12
white.day3_GCTCTGTCATGCCTTC-1	8
white.day3_GCTCTGTCATGCTAGT-1	12
white.day3_GCTCTGTGTGTTTGTG-1	7
white.day3_GCTCTGTGTTAGATGA-1	7
white.day3_GCTCTGTTCAAGCCTA-1	11
white.day3_GCTCTGTTCACCATAG-1	9
white.day3_GCTCTGTTCAGTGCAT-1	7
white.day3_GCTCTGTTCCGCTGTT-1	12
white.day3_GCTGCAGAGAGTAAGG-1	8
white.day3_GCTGCAGAGATCTGCT-1	12
white.day3_GCTGCAGAGCATGGCA-1	8
white.day3_GCTGCAGAGCGATTCT-1	12
white.day3_GCTGCAGAGGAGTAGA-1	10
white.day3_GCTGCAGCAAGGACTG-1	11
white.day3_GCTGCAGCACGCTTTC-1	10
white.day3_GCTGCAGCACTTAACG-1	12
white.day3_GCTGCAGCAGCTGTTA-1	9
white.day3_GCTGCAGCATGTTGAC-1	12
white.day3_GCTGCAGCATTCCTCG-1	12
white.day3_GCTGCAGGTAGATTAG-1	12
white.day3_GCTGCAGGTCCAGTTA-1	8
white.day3_GCTGCAGGTTCAGGCC-1	11
white.day3_GCTGCAGGTTCCACGG-1	9
white.day3_GCTGCAGTCAAGCCTA-1	10
white.day3_GCTGCAGTCAATACCG-1	8
white.day3_GCTGCAGTCACTATTC-1	12
white.day3_GCTGCAGTCCAAGTAC-1	7
white.day3_GCTGCAGTCCCGGATG-1	8
white.day3_GCTGCAGTCCTCCTAG-1	11
white.day3_GCTGCGAAGATCTGAA-1	12
white.day3_GCTGCGAAGCATCATC-1	12
white.day3_GCTGCGAAGTTCGCAT-1	12
white.day3_GCTGCGAAGTTGAGAT-1	8
white.day3_GCTGCGACAAATACAG-1	9
white.day3_GCTGCGACACGGTGTC-1	11
white.day3_GCTGCGACACTGTGTA-1	8
white.day3_GCTGCGACAGTGGGAT-1	5
white.day3_GCTGCGACATATGCTG-1	12
white.day3_GCTGCGACATGCAATC-1	9
white.day3_GCTGCGACATTCTCAT-1	7
white.day3_GCTGCGAGTCACCTAA-1	8
white.day3_GCTGCGAGTCCTCCAT-1	8
white.day3_GCTGCGAGTGGAAAGA-1	12
white.day3_GCTGCGAGTTACGCGC-1	10
white.day3_GCTGCGAGTTAGAACA-1	12
white.day3_GCTGCGAGTTCGGGCT-1	8
white.day3_GCTGCGAGTTTAGCTG-1	12
white.day3_GCTGCGATCCAGATCA-1	12
white.day3_GCTGCGATCGTCCAGG-1	11
white.day3_GCTGCGATCTCTAGGA-1	12
white.day3_GCTGCTTAGAAGGTTT-1	5
white.day3_GCTGCTTAGACTAGGC-1	10
white.day3_GCTGCTTAGCGATATA-1	8
white.day3_GCTGCTTAGCGCTCCA-1	12
white.day3_GCTGCTTAGCGTTCCG-1	8
white.day3_GCTGCTTAGGTGCTTT-1	10
white.day3_GCTGCTTAGTATTGGA-1	9
white.day3_GCTGCTTCAAAGGCGT-1	7
white.day3_GCTGCTTCAACTTGAC-1	8
white.day3_GCTGCTTCAAGCCGCT-1	9
white.day3_GCTGCTTCAAGCTGAG-1	5
white.day3_GCTGCTTCACAGACAG-1	8
white.day3_GCTGCTTCACTGTGTA-1	11
white.day3_GCTGCTTCAGTTAACC-1	8
white.day3_GCTGCTTCATGACATC-1	10
white.day3_GCTGCTTGTATCTGCA-1	12
white.day3_GCTGCTTGTCAAGCGA-1	8
white.day3_GCTGCTTGTCGAAAGC-1	9
white.day3_GCTGCTTGTTAAAGAC-1	9
white.day3_GCTGCTTGTTTCCACC-1	12
white.day3_GCTGCTTGTTTGACAC-1	7
white.day3_GCTGCTTTCCGCATAA-1	10
white.day3_GCTGCTTTCCGCGCAA-1	9
white.day3_GCTGCTTTCCGCTGTT-1	11
white.day3_GCTGCTTTCGTCACGG-1	9
white.day3_GCTGCTTTCGTCCAGG-1	8
white.day3_GCTGCTTTCTCATTCA-1	12
white.day3_GCTGGGTAGAGGTTAT-1	9
white.day3_GCTGGGTAGAGTCGGT-1	10
white.day3_GCTGGGTAGATGCGAC-1	7
white.day3_GCTGGGTAGATGTGGC-1	6
white.day3_GCTGGGTAGCAACGGT-1	8
white.day3_GCTGGGTAGCACACAG-1	12
white.day3_GCTGGGTAGCACCGTC-1	11
white.day3_GCTGGGTAGGAGTTTA-1	12
white.day3_GCTGGGTAGGTGCACA-1	8
white.day3_GCTGGGTAGGTGCTTT-1	9
white.day3_GCTGGGTAGTAGTGCG-1	12
white.day3_GCTGGGTAGTTACGGG-1	10
white.day3_GCTGGGTCACGAAGCA-1	8
white.day3_GCTGGGTCAGACTCGC-1	8
white.day3_GCTGGGTCAGATGAGC-1	12
white.day3_GCTGGGTCATAACCTG-1	12
white.day3_GCTGGGTCATGCGCAC-1	10
white.day3_GCTGGGTGTAAACGCG-1	8
white.day3_GCTGGGTGTACGACCC-1	8
white.day3_GCTGGGTGTGCACCAC-1	12
white.day3_GCTGGGTGTTCAGACT-1	8
white.day3_GCTGGGTTCACTATTC-1	9
white.day3_GCTGGGTTCAGTCAGT-1	8
white.day3_GCTGGGTTCAGTTCGA-1	10
white.day3_GCTGGGTTCCGAATGT-1	12
white.day3_GCTGGGTTCTTCTGGC-1	12
white.day3_GCTGGGTTCTTTACAC-1	8
white.day3_GCTTCCAAGACGCAAC-1	8
white.day3_GCTTCCAAGACTACAA-1	12
white.day3_GCTTCCAAGAGGTTGC-1	12
white.day3_GCTTCCAAGATCCGAG-1	12
white.day3_GCTTCCAAGCCACTAT-1	9
white.day3_GCTTCCAAGGAATTAC-1	8
white.day3_GCTTCCAAGGACTGGT-1	9
white.day3_GCTTCCAAGGCAGTCA-1	12
white.day3_GCTTCCAAGTACGTTC-1	7
white.day3_GCTTCCAAGTGGTAAT-1	12
white.day3_GCTTCCAAGTGTCCCG-1	12
white.day3_GCTTCCACAAGAAGAG-1	8
white.day3_GCTTCCACACTCTGTC-1	12
white.day3_GCTTCCACAGTCTTCC-1	7
white.day3_GCTTCCACATGTTCCC-1	7
white.day3_GCTTCCAGTCACCTAA-1	6
white.day3_GCTTCCAGTTGTGGAG-1	8
white.day3_GCTTCCAGTTTAGCTG-1	12
white.day3_GCTTCCAGTTTGGGCC-1	5
white.day3_GCTTCCATCAACCAAC-1	8
white.day3_GCTTCCATCACAGGCC-1	10
white.day3_GCTTCCATCAGCATGT-1	9
white.day3_GCTTCCATCCCAGGTG-1	12
white.day3_GCTTCCATCGGCGCTA-1	11
white.day3_GCTTCCATCTCTAAGG-1	12
white.day3_GCTTGAAAGAAGGACA-1	11
white.day3_GCTTGAAAGGACGAAA-1	11
white.day3_GCTTGAAAGTGGACGT-1	12
white.day3_GCTTGAACAACAACCT-1	8
white.day3_GCTTGAACAAGCCCAC-1	8
white.day3_GCTTGAACACAGGCCT-1	9
white.day3_GCTTGAACAGATGGCA-1	6
white.day3_GCTTGAACAGCCAATT-1	12
white.day3_GCTTGAACAGTCGTGC-1	8
white.day3_GCTTGAACATATACCG-1	7
white.day3_GCTTGAACATCACCCT-1	8
white.day3_GCTTGAACATGACATC-1	11
white.day3_GCTTGAAGTAAATGTG-1	9
white.day3_GCTTGAAGTATAGGTA-1	12
white.day3_GCTTGAAGTCTTTCAT-1	12
white.day3_GCTTGAAGTGGAAAGA-1	10
white.day3_GCTTGAAGTGTGCGTC-1	12
white.day3_GCTTGAAGTTACGGAG-1	10
white.day3_GCTTGAAGTTTAGGAA-1	8
white.day3_GCTTGAATCAACACGT-1	8
white.day3_GCTTGAATCAAGGCTT-1	6
white.day3_GCTTGAATCCTGTAGA-1	7
white.day3_GCTTGAATCGGCTACG-1	8
white.day3_GCTTGAATCTCGAGTA-1	9
white.day3_GCTTGAATCTGCTGCT-1	12
white.day3_GGAAAGCAGATCCGAG-1	9
white.day3_GGAAAGCAGGAGTAGA-1	12
white.day3_GGAAAGCAGTACCGGA-1	8
white.day3_GGAAAGCCAAAGGTGC-1	11
white.day3_GGAAAGCCACACATGT-1	10
white.day3_GGAAAGCCACCATGTA-1	8
white.day3_GGAAAGCCAGCCTATA-1	11
white.day3_GGAAAGCGTAGAGGAA-1	12
white.day3_GGAAAGCGTCTTGTCC-1	11
white.day3_GGAAAGCGTGTGTGCC-1	10
white.day3_GGAAAGCGTTTGTGTG-1	10
white.day3_GGAAAGCTCAGGCGAA-1	8
white.day3_GGAAAGCTCGGATGTT-1	10
white.day3_GGAACTTAGAATTGTG-1	12
white.day3_GGAACTTAGAGTAAGG-1	9
white.day3_GGAACTTAGCCACGCT-1	9
white.day3_GGAACTTAGCTCCTTC-1	8
white.day3_GGAACTTAGGCATGTG-1	11
white.day3_GGAACTTAGGTTCCTA-1	11
white.day3_GGAACTTAGTAGATGT-1	7
white.day3_GGAACTTAGTGTGAAT-1	8
white.day3_GGAACTTAGTTAACGA-1	11
white.day3_GGAACTTCAATCGAAA-1	9
white.day3_GGAACTTCAATGACCT-1	10
white.day3_GGAACTTCACGAGGTA-1	12
white.day3_GGAACTTCATCCAACA-1	7
white.day3_GGAACTTCATCTCGCT-1	9
white.day3_GGAACTTCATGGTTGT-1	7
white.day3_GGAACTTGTATTACCG-1	10
white.day3_GGAACTTGTCACACGC-1	12
white.day3_GGAACTTGTCAGGACA-1	12
white.day3_GGAACTTGTGCACTTA-1	11
white.day3_GGAACTTGTTAAGATG-1	12
white.day3_GGAACTTGTTAGTGGG-1	7
white.day3_GGAACTTTCCCGACTT-1	9
white.day3_GGAACTTTCCGGGTGT-1	12
white.day3_GGAACTTTCCGTACAA-1	10
white.day3_GGAACTTTCGAGAGCA-1	11
white.day3_GGAACTTTCGGACAAG-1	10
white.day3_GGAATAAAGATGCCTT-1	8
white.day3_GGAATAAAGCGAAGGG-1	8
white.day3_GGAATAAAGCTGTCTA-1	10
white.day3_GGAATAAAGCTGTTCA-1	12
white.day3_GGAATAAAGGATTCGG-1	10
white.day3_GGAATAAAGGGAAACA-1	7
white.day3_GGAATAAAGGGCTTCC-1	12
white.day3_GGAATAAAGGTTCCTA-1	8
white.day3_GGAATAAAGTGTACCT-1	12
white.day3_GGAATAACAAGGTGTG-1	8
white.day3_GGAATAACAATGCCAT-1	12
white.day3_GGAATAACATCGGGTC-1	12
white.day3_GGAATAACATGTAAGA-1	8
white.day3_GGAATAAGTAAGGGAA-1	12
white.day3_GGAATAAGTAATAGCA-1	8
white.day3_GGAATAATCCAACCAA-1	11
white.day3_GGAATAATCGGTGTTA-1	10
white.day3_GGAATAATCTTGAGAC-1	12
white.day3_GGAATAATCTTTAGTC-1	10
white.day3_GGACAAGAGACAGACC-1	9
white.day3_GGACAAGAGAGTGACC-1	12
white.day3_GGACAAGAGGAGCGTT-1	10
white.day3_GGACAAGAGGAGTTTA-1	10
white.day3_GGACAAGAGTGCGTGA-1	8
white.day3_GGACAAGCACAAGACG-1	12
white.day3_GGACAAGCACTCTGTC-1	7
white.day3_GGACAAGCAGAGCCAA-1	12
white.day3_GGACAAGCATCCTTGC-1	8
white.day3_GGACAAGCATCTCCCA-1	10
white.day3_GGACAAGCATGAAGTA-1	12
white.day3_GGACAAGCATGTTGAC-1	7
white.day3_GGACAAGGTCGCCATG-1	8
white.day3_GGACAAGGTGTCTGAT-1	8
white.day3_GGACAAGGTTACTGAC-1	11
white.day3_GGACAAGTCGGCTACG-1	10
white.day3_GGACAAGTCTGGAGCC-1	12
white.day3_GGACAAGTCTTTACAC-1	10
white.day3_GGACAGAAGACGCTTT-1	12
white.day3_GGACAGAAGACTGGGT-1	7
white.day3_GGACAGAAGATAGGAG-1	9
white.day3_GGACAGAAGATGTGTA-1	8
white.day3_GGACAGAAGCTCCCAG-1	8
white.day3_GGACAGACAACTGCGC-1	8
white.day3_GGACAGACACAACGCC-1	11
white.day3_GGACAGACACGCATCG-1	9
white.day3_GGACAGACAGCTGTTA-1	6
white.day3_GGACAGACATATGCTG-1	7
white.day3_GGACAGACATTGCGGC-1	9
white.day3_GGACAGAGTAATAGCA-1	12
white.day3_GGACAGAGTACTTGAC-1	12
white.day3_GGACAGAGTATAGGTA-1	12
white.day3_GGACAGAGTCCAGTGC-1	12
white.day3_GGACAGAGTGTATGGG-1	10
white.day3_GGACAGATCAACACGT-1	9
white.day3_GGACAGATCAGCTGGC-1	8
white.day3_GGACAGATCCTCAACC-1	10
white.day3_GGACAGATCGGATGTT-1	12
white.day3_GGACAGATCGTATCAG-1	9
white.day3_GGACATTAGACAGACC-1	12
white.day3_GGACATTAGCTCAACT-1	12
white.day3_GGACATTAGCTGGAAC-1	8
white.day3_GGACATTAGGCATTGG-1	7
white.day3_GGACATTAGGTGCTTT-1	10
white.day3_GGACATTAGTACACCT-1	9
white.day3_GGACATTAGTATCTCG-1	7
white.day3_GGACATTAGTCGCCGT-1	10
white.day3_GGACATTAGTGGTAGC-1	7
white.day3_GGACATTCACGAGGTA-1	12
white.day3_GGACATTCACTGTTAG-1	9
white.day3_GGACATTCAGCTGCAC-1	10
white.day3_GGACATTCAGTCAGAG-1	9
white.day3_GGACATTGTACCGAGA-1	6
white.day3_GGACATTGTACGAAAT-1	7
white.day3_GGACATTGTTCTGGTA-1	8
white.day3_GGACATTTCAACGGCC-1	12
white.day3_GGACATTTCACATGCA-1	11
white.day3_GGACATTTCACCGTAA-1	12
white.day3_GGACATTTCAGCTCTC-1	12
white.day3_GGACATTTCCTTGCCA-1	11
white.day3_GGACATTTCTCCTATA-1	12
white.day3_GGACATTTCTCGATGA-1	8
white.day3_GGACATTTCTCTGCTG-1	12
white.day3_GGACGTCAGCGCCTTG-1	11
white.day3_GGACGTCAGCTGCGAA-1	12
white.day3_GGACGTCAGGCTACGA-1	12
white.day3_GGACGTCAGTGTCCCG-1	5
white.day3_GGACGTCAGTTAACGA-1	12
white.day3_GGACGTCCAAGTCATC-1	7
white.day3_GGACGTCCACAACGCC-1	7
white.day3_GGACGTCCACGCGAAA-1	12
white.day3_GGACGTCCAGCCACCA-1	10
white.day3_GGACGTCCAGCCTATA-1	10
white.day3_GGACGTCCAGTCAGCC-1	10
white.day3_GGACGTCCATCACGTA-1	9
white.day3_GGACGTCCATGAAGTA-1	12
white.day3_GGACGTCGTAGCGTGA-1	8
white.day3_GGACGTCGTCACCCAG-1	11
white.day3_GGACGTCGTCGGGTCT-1	11
white.day3_GGACGTCGTTATCACG-1	12
white.day3_GGACGTCTCATCATTC-1	8
white.day3_GGACGTCTCATGCTCC-1	10
white.day3_GGACGTCTCCGCTGTT-1	7
white.day3_GGACGTCTCCTTGCCA-1	10
white.day3_GGACGTCTCGACGGAA-1	8
white.day3_GGACGTCTCGTCTGCT-1	12
white.day3_GGACGTCTCTCATTCA-1	10
white.day3_GGACGTCTCTGGTATG-1	11
white.day3_GGAGCAAAGACCCACC-1	9
white.day3_GGAGCAAAGACTGGGT-1	12
white.day3_GGAGCAAAGAGTCTGG-1	8
white.day3_GGAGCAAAGCTCCCAG-1	12
white.day3_GGAGCAACAACTGCGC-1	12
white.day3_GGAGCAACACTTCGAA-1	9
white.day3_GGAGCAACAGAGCCAA-1	11
white.day3_GGAGCAACAGTCGTGC-1	7
white.day3_GGAGCAAGTACCGCTG-1	7
white.day3_GGAGCAAGTACCGGCT-1	12
white.day3_GGAGCAAGTCACTGGC-1	8
white.day3_GGAGCAAGTGACTACT-1	9
white.day3_GGAGCAAGTGGCTCCA-1	7
white.day3_GGAGCAAGTGGGTCAA-1	8
white.day3_GGAGCAAGTGTCGCTG-1	12
white.day3_GGAGCAAGTGTTTGGT-1	4
white.day3_GGAGCAAGTTCTCATT-1	10
white.day3_GGAGCAAGTTCTGGTA-1	12
white.day3_GGAGCAATCCCTTGCA-1	9
white.day3_GGAGCAATCCGCATAA-1	10
white.day3_GGAGCAATCGGCTTGG-1	8
white.day3_GGATGTTAGAGATGAG-1	10
white.day3_GGATGTTAGCTTTGGT-1	9
white.day3_GGATGTTAGGCACATG-1	12
white.day3_GGATGTTAGGCTATCT-1	10
white.day3_GGATGTTAGTGACTCT-1	8
white.day3_GGATGTTAGTGCCAGA-1	7
white.day3_GGATGTTCAAACTGCT-1	8
white.day3_GGATGTTCAAGTTAAG-1	10
white.day3_GGATGTTCAATCGAAA-1	12
white.day3_GGATGTTCAGCAGTTT-1	8
white.day3_GGATGTTCAGCCAATT-1	10
white.day3_GGATGTTCAGGCGATA-1	11
white.day3_GGATGTTCATAAGACA-1	12
white.day3_GGATGTTCATACCATG-1	8
white.day3_GGATGTTCATGTCCTC-1	10
white.day3_GGATGTTGTCTTGATG-1	7
white.day3_GGATGTTGTGGCAAAC-1	12
white.day3_GGATGTTGTTCACGGC-1	11
white.day3_GGATGTTTCCATGAGT-1	10
white.day3_GGATGTTTCGAATCCA-1	9
white.day3_GGATGTTTCGAGAACG-1	7
white.day3_GGATGTTTCGGAGGTA-1	10
white.day3_GGATGTTTCTATGTGG-1	6
white.day3_GGATGTTTCTCGCTTG-1	8
white.day3_GGATGTTTCTCGTTTA-1	10
white.day3_GGATGTTTCTGGCGTG-1	11
white.day3_GGATTACAGAGGGCTT-1	8
white.day3_GGATTACAGCCGGTAA-1	6
white.day3_GGATTACAGCGTCAAG-1	12
white.day3_GGATTACAGGAGTAGA-1	9
white.day3_GGATTACAGGTGTTAA-1	9
white.day3_GGATTACAGTACGTTC-1	11
white.day3_GGATTACAGTAGCGGT-1	11
white.day3_GGATTACAGTGCTGCC-1	8
white.day3_GGATTACAGTTGTCGT-1	6
white.day3_GGATTACCAAACAACA-1	9
white.day3_GGATTACCAACACCTA-1	11
white.day3_GGATTACCACGAAGCA-1	10
white.day3_GGATTACCATCCAACA-1	11
white.day3_GGATTACCATGAAGTA-1	12
white.day3_GGATTACCATGGGAAC-1	12
white.day3_GGATTACCATGTCCTC-1	11
white.day3_GGATTACGTATGAATG-1	11
white.day3_GGATTACGTCGTCTTC-1	6
white.day3_GGATTACGTTGGTAAA-1	11
white.day3_GGATTACTCATTCACT-1	9
white.day3_GGATTACTCCAAACTG-1	10
white.day3_GGATTACTCGCAGGCT-1	8
white.day3_GGATTACTCTCTGCTG-1	8
white.day3_GGATTACTCTTAGAGC-1	7
white.day3_GGCAATTAGAAACGCC-1	12
white.day3_GGCAATTAGACAGGCT-1	5
white.day3_GGCAATTAGAGTCTGG-1	9
white.day3_GGCAATTAGATCCCAT-1	9
white.day3_GGCAATTAGCCGATTT-1	9
white.day3_GGCAATTAGCGGCTTC-1	12
white.day3_GGCAATTAGCTAGTTC-1	11
white.day3_GGCAATTAGCTGAACG-1	6
white.day3_GGCAATTAGGTGATAT-1	3
white.day3_GGCAATTAGGTGCAAC-1	12
white.day3_GGCAATTAGGTTCCTA-1	8
white.day3_GGCAATTAGTGAATTG-1	8
white.day3_GGCAATTAGTTCGATC-1	10
white.day3_GGCAATTCAACTGCGC-1	10
white.day3_GGCAATTCAAGAAGAG-1	10
white.day3_GGCAATTCACAACGTT-1	9
white.day3_GGCAATTCACCTCGTT-1	9
white.day3_GGCAATTCAGTATGCT-1	10
white.day3_GGCAATTCATCACGTA-1	9
white.day3_GGCAATTCATGCTAGT-1	12
white.day3_GGCAATTCATTGGGCC-1	12
white.day3_GGCAATTGTAAAGTCA-1	10
white.day3_GGCAATTGTACCGCTG-1	9
white.day3_GGCAATTGTTCCATGA-1	9
white.day3_GGCAATTGTTGGACCC-1	9
white.day3_GGCAATTTCACCCGAG-1	6
white.day3_GGCAATTTCAGAGGTG-1	8
white.day3_GGCCGATAGACCACGA-1	11
white.day3_GGCCGATAGCAGCGTA-1	9
white.day3_GGCCGATAGTCCATAC-1	11
white.day3_GGCCGATAGTCGAGTG-1	12
white.day3_GGCCGATAGTGAAGTT-1	11
white.day3_GGCCGATCACAACGCC-1	7
white.day3_GGCCGATCACACAGAG-1	8
white.day3_GGCCGATCAGACGCAA-1	10
white.day3_GGCCGATCAGCTGGCT-1	10
white.day3_GGCCGATGTCTAGTGT-1	8
white.day3_GGCCGATGTGTGTGCC-1	12
white.day3_GGCCGATGTTGTCTTT-1	7
white.day3_GGCCGATTCAGAGCTT-1	8
white.day3_GGCCGATTCCTTGGTC-1	7
white.day3_GGCCGATTCTACTCAT-1	11
white.day3_GGCCGATTCTGCAGTA-1	12
white.day3_GGCCGATTCTGTCTAT-1	11
white.day3_GGCCGATTCTTAGCCC-1	11
white.day3_GGCGACTAGAATTGTG-1	6
white.day3_GGCGACTAGATCGATA-1	12
white.day3_GGCGACTAGCCGTCGT-1	8
white.day3_GGCGACTAGTCTCCTC-1	8
white.day3_GGCGACTAGTTAGGTA-1	10
white.day3_GGCGACTCAGTCACTA-1	6
white.day3_GGCGACTCATCCGCGA-1	11
white.day3_GGCGACTCATCGATTG-1	6
white.day3_GGCGACTCATCGGTTA-1	8
white.day3_GGCGACTCATGCCTAA-1	12
white.day3_GGCGACTCATTCACTT-1	12
white.day3_GGCGACTCATTCCTCG-1	5
white.day3_GGCGACTCATTGGTAC-1	9
white.day3_GGCGACTGTACTCGCG-1	6
white.day3_GGCGACTGTAGGAGTC-1	12
white.day3_GGCGACTGTCCGAAGA-1	10
white.day3_GGCGACTGTTAGAACA-1	7
white.day3_GGCGACTGTTTAAGCC-1	7
white.day3_GGCGACTTCACCGTAA-1	5
white.day3_GGCGACTTCACGCATA-1	12
white.day3_GGCGACTTCGGAGGTA-1	8
white.day3_GGCGACTTCTCTAAGG-1	11
white.day3_GGCGACTTCTCTTATG-1	8
white.day3_GGCGACTTCTGGGCCA-1	5
white.day3_GGCGTGTCACCGCTAG-1	10
white.day3_GGCGTGTCACTTCGAA-1	8
white.day3_GGCGTGTCAGACAGGT-1	12
white.day3_GGCGTGTCATTCCTCG-1	11
white.day3_GGCGTGTGTACAGCAG-1	11
white.day3_GGCGTGTGTCAACTGT-1	10
white.day3_GGCGTGTGTCACAAGG-1	8
white.day3_GGCGTGTGTCAGTGGA-1	5
white.day3_GGCGTGTGTCCTAGCG-1	10
white.day3_GGCGTGTGTCTAGCGC-1	8
white.day3_GGCGTGTGTGTAATGA-1	12
white.day3_GGCGTGTGTGTGCGTC-1	11
white.day3_GGCGTGTTCAAGCCTA-1	11
white.day3_GGCGTGTTCAGCACAT-1	12
white.day3_GGCGTGTTCAGGCAAG-1	7
white.day3_GGCGTGTTCGCATGAT-1	9
white.day3_GGCGTGTTCTCTAAGG-1	12
white.day3_GGCGTGTTCTGAGGGA-1	12
white.day3_GGCGTGTTCTGGTATG-1	8
white.day3_GGCTCGAAGACCTAGG-1	11
white.day3_GGCTCGAAGAGGTAGA-1	9
white.day3_GGCTCGAAGATCTGAA-1	11
white.day3_GGCTCGAAGCTTATCG-1	11
white.day3_GGCTCGAAGGACATTA-1	6
white.day3_GGCTCGAAGGCTAGGT-1	12
white.day3_GGCTCGAAGGGATACC-1	12
white.day3_GGCTCGAAGGGTCGAT-1	6
white.day3_GGCTCGAAGTGGTAGC-1	8
white.day3_GGCTCGACAATGACCT-1	8
white.day3_GGCTCGACACAGACTT-1	10
white.day3_GGCTCGACACCAGCAC-1	12
white.day3_GGCTCGACACTGAAGG-1	12
white.day3_GGCTCGAGTAAGGGAA-1	10
white.day3_GGCTCGAGTCGTCTTC-1	10
white.day3_GGCTCGAGTGCAGGTA-1	12
white.day3_GGCTCGAGTTACAGAA-1	5
white.day3_GGCTCGATCAACACTG-1	8
white.day3_GGCTCGATCACTTCAT-1	10
white.day3_GGCTCGATCCTTGCCA-1	10
white.day3_GGCTCGATCGCAAACT-1	8
white.day3_GGCTCGATCGTGACAT-1	11
white.day3_GGCTCGATCTCACATT-1	12
white.day3_GGCTCGATCTTATCTG-1	10
white.day3_GGCTGGTAGCGACGTA-1	8
white.day3_GGCTGGTAGCTGCAAG-1	9
white.day3_GGCTGGTAGGTAGCTG-1	11
white.day3_GGCTGGTAGTATCGAA-1	8
white.day3_GGCTGGTAGTCGCCGT-1	9
white.day3_GGCTGGTAGTCTCAAC-1	8
white.day3_GGCTGGTAGTGTACTC-1	8
white.day3_GGCTGGTAGTTTCCTT-1	10
white.day3_GGCTGGTCAAGCCGTC-1	9
white.day3_GGCTGGTCACATGGGA-1	8
white.day3_GGCTGGTCACTCTGTC-1	11
white.day3_GGCTGGTCAGCCAATT-1	10
white.day3_GGCTGGTCAGCGATCC-1	8
white.day3_GGCTGGTCAGGGATTG-1	12
white.day3_GGCTGGTCATAGAAAC-1	7
white.day3_GGCTGGTGTAAAGTCA-1	12
white.day3_GGCTGGTGTACCGGCT-1	12
white.day3_GGCTGGTGTCGGGTCT-1	11
white.day3_GGCTGGTGTCTGCAAT-1	12
white.day3_GGCTGGTGTGAGGCTA-1	10
white.day3_GGCTGGTTCAACGCTA-1	7
white.day3_GGCTGGTTCAACTCTT-1	10
white.day3_GGCTGGTTCCCAGGTG-1	9
white.day3_GGCTGGTTCCGCGCAA-1	8
white.day3_GGCTGGTTCGGCGGTT-1	12
white.day3_GGCTGGTTCTAACGGT-1	9
white.day3_GGCTGGTTCTCATTCA-1	10
white.day3_GGCTGGTTCTGCGGCA-1	7
white.day3_GGCTGGTTCTTAGAGC-1	8
white.day3_GGGAATGAGACAGGCT-1	10
white.day3_GGGAATGAGAGACTTA-1	8
white.day3_GGGAATGAGATGGCGT-1	11
white.day3_GGGAATGAGCCAGTTT-1	8
white.day3_GGGAATGAGGAGTCTG-1	12
white.day3_GGGAATGAGGGTCGAT-1	12
white.day3_GGGAATGAGTCGAGTG-1	12
white.day3_GGGAATGCAAGTACCT-1	5
white.day3_GGGAATGCACGTCAGC-1	11
white.day3_GGGAATGCAGTACACT-1	10
white.day3_GGGAATGGTAAGTGTA-1	9
white.day3_GGGAATGGTATAATGG-1	10
white.day3_GGGAATGGTATAGGGC-1	11
white.day3_GGGAATGGTCCAACTA-1	11
white.day3_GGGAATGGTCGTCTTC-1	8
white.day3_GGGAATGGTGACCAAG-1	12
white.day3_GGGAATGGTGCGCTTG-1	10
white.day3_GGGAATGGTGGTCCGT-1	11
white.day3_GGGAATGGTGGTCTCG-1	8
white.day3_GGGAATGGTTAAGGGC-1	10
white.day3_GGGAATGGTTAGTGGG-1	9
white.day3_GGGAATGGTTCGTCTC-1	11
white.day3_GGGAATGGTTGAGGTG-1	10
white.day3_GGGAATGGTTTGTGTG-1	10
white.day3_GGGAATGTCAAGGCTT-1	12
white.day3_GGGAATGTCAGCACAT-1	7
white.day3_GGGAATGTCCAGATCA-1	5
white.day3_GGGAATGTCCGCTGTT-1	8
white.day3_GGGAATGTCGTACCGG-1	7
white.day3_GGGAATGTCTGACCTC-1	11
white.day3_GGGAATGTCTGATACG-1	12
white.day3_GGGAATGTCTGCTTGC-1	10
white.day3_GGGACCTAGACTAGAT-1	12
white.day3_GGGACCTAGTGGGATC-1	12
white.day3_GGGACCTCAAACGCGA-1	12
white.day3_GGGACCTCAAGCGATG-1	8
white.day3_GGGACCTCAATACGCT-1	9
white.day3_GGGACCTCAATCCGAT-1	11
white.day3_GGGACCTCACACCGAC-1	10
white.day3_GGGACCTCACAGACTT-1	7
white.day3_GGGACCTCACAGGTTT-1	9
white.day3_GGGACCTCACCGATAT-1	12
white.day3_GGGACCTCACGTCTCT-1	7
white.day3_GGGACCTCACTGAAGG-1	8
white.day3_GGGACCTCAGATGGCA-1	7
white.day3_GGGACCTCATTTGCCC-1	9
white.day3_GGGACCTGTAATTGGA-1	12
white.day3_GGGACCTGTACCCAAT-1	12
white.day3_GGGACCTGTATGCTTG-1	8
white.day3_GGGACCTGTCTCCATC-1	7
white.day3_GGGACCTGTCTTCAAG-1	7
white.day3_GGGACCTGTGGCCCTA-1	11
white.day3_GGGACCTGTGTCGCTG-1	9
white.day3_GGGACCTGTTCACCTC-1	10
white.day3_GGGACCTTCAAGCCTA-1	10
white.day3_GGGACCTTCTTCGAGA-1	8
white.day3_GGGACCTTCTTGTCAT-1	6
white.day3_GGGAGATAGACGCTTT-1	12
white.day3_GGGAGATAGAGCAATT-1	12
white.day3_GGGAGATAGAGCTATA-1	10
white.day3_GGGAGATAGAGTAAGG-1	10
white.day3_GGGAGATAGATATGGT-1	12
white.day3_GGGAGATAGCTACCTA-1	12
white.day3_GGGAGATAGCTAGCCC-1	12
white.day3_GGGAGATAGGAACTGC-1	8
white.day3_GGGAGATAGGAGCGAG-1	7
white.day3_GGGAGATAGTGGAGAA-1	12
white.day3_GGGAGATCAAAGGTGC-1	9
white.day3_GGGAGATCAGATCTGT-1	8
white.day3_GGGAGATCAGCGATCC-1	9
white.day3_GGGAGATCAGCTATTG-1	10
white.day3_GGGAGATCAGTGACAG-1	7
white.day3_GGGAGATCATCGGGTC-1	12
white.day3_GGGAGATCATGCAACT-1	10
white.day3_GGGAGATCATGCCTAA-1	8
white.day3_GGGAGATGTACCGCTG-1	11
white.day3_GGGAGATGTACGACCC-1	7
white.day3_GGGAGATGTAGCAAAT-1	9
white.day3_GGGAGATGTCATGCCG-1	6
white.day3_GGGAGATGTGTGCCTG-1	12
white.day3_GGGAGATTCACCATAG-1	9
white.day3_GGGAGATTCAGCATGT-1	12
white.day3_GGGAGATTCATCACCC-1	12
white.day3_GGGAGATTCGATCCCT-1	12
white.day3_GGGAGATTCTAACTTC-1	4
white.day3_GGGAGATTCTGCAGTA-1	12
white.day3_GGGATGAAGAAGAAGC-1	8
white.day3_GGGATGAAGATGTGTA-1	7
white.day3_GGGATGAAGATTACCC-1	10
white.day3_GGGATGAAGCCAACAG-1	9
white.day3_GGGATGAAGCCACCTG-1	9
white.day3_GGGATGAAGCGATAGC-1	10
white.day3_GGGATGAAGGCCCTCA-1	11
white.day3_GGGATGAAGGGCTTCC-1	7
white.day3_GGGATGAAGGTCGGAT-1	9
white.day3_GGGATGAAGTCGATAA-1	9
white.day3_GGGATGAAGTGTCCAT-1	12
white.day3_GGGATGACACAGACAG-1	11
white.day3_GGGATGACACGAAACG-1	12
white.day3_GGGATGACATGCTAGT-1	11
white.day3_GGGATGACATGTAAGA-1	8
white.day3_GGGATGACATTAGCCA-1	10
white.day3_GGGATGAGTAATAGCA-1	11
white.day3_GGGATGAGTACGAAAT-1	7
white.day3_GGGATGAGTCGCCATG-1	12
white.day3_GGGATGAGTCTGCCAG-1	10
white.day3_GGGATGAGTGAGGCTA-1	6
white.day3_GGGATGAGTGCGCTTG-1	12
white.day3_GGGATGAGTGCTAGCC-1	8
white.day3_GGGATGAGTTACGTCA-1	8
white.day3_GGGATGATCAAGCCTA-1	7
white.day3_GGGATGATCAGAGCTT-1	8
white.day3_GGGATGATCAGGCAAG-1	3
white.day3_GGGATGATCCGAACGC-1	10
white.day3_GGGATGATCCTGCAGG-1	12
white.day3_GGGATGATCGGAGCAA-1	12
white.day3_GGGCACTAGATAGCAT-1	8
white.day3_GGGCACTAGATCCTGT-1	12
white.day3_GGGCACTAGCAGATCG-1	12
white.day3_GGGCACTAGCCAACAG-1	12
white.day3_GGGCACTAGCGTTGCC-1	7
white.day3_GGGCACTAGGTAAACT-1	8
white.day3_GGGCACTCAAGAGTCG-1	12
white.day3_GGGCACTCAGCTGCTG-1	8
white.day3_GGGCACTCAGCTTCGG-1	8
white.day3_GGGCACTCATCCTAGA-1	10
white.day3_GGGCACTCATGGAATA-1	7
white.day3_GGGCACTGTCATGCAT-1	8
white.day3_GGGCACTGTGTGTGCC-1	8
white.day3_GGGCACTGTTACCAGT-1	10
white.day3_GGGCACTGTTACTGAC-1	10
white.day3_GGGCACTTCAGGTTCA-1	12
white.day3_GGGCACTTCATCTGTT-1	11
white.day3_GGGCACTTCCAACCAA-1	12
white.day3_GGGCACTTCCAGGGCT-1	10
white.day3_GGGCACTTCCCTGACT-1	12
white.day3_GGGCACTTCTTCTGGC-1	6
white.day3_GGGCATCAGAATTCCC-1	12
white.day3_GGGCATCAGACTACAA-1	12
white.day3_GGGCATCAGGGATCTG-1	8
white.day3_GGGCATCAGGGCACTA-1	12
white.day3_GGGCATCAGTGCGATG-1	7
white.day3_GGGCATCCAAGCTGGA-1	8
white.day3_GGGCATCCACGCCAGT-1	12
white.day3_GGGCATCCACGGTGTC-1	12
white.day3_GGGCATCCAGTCTTCC-1	10
white.day3_GGGCATCCATAAAGGT-1	6
white.day3_GGGCATCCATAGACTC-1	9
white.day3_GGGCATCGTCAATGTC-1	9
white.day3_GGGCATCGTGGTCCGT-1	8
white.day3_GGGCATCGTGTTCGAT-1	9
white.day3_GGGCATCTCCCACTTG-1	10
white.day3_GGGCATCTCCCTTGCA-1	12
white.day3_GGGCATCTCCTTCAAT-1	12
white.day3_GGGTCTGAGACTGTAA-1	5
white.day3_GGGTCTGAGAGTGACC-1	10
white.day3_GGGTCTGAGCAATCTC-1	8
white.day3_GGGTCTGAGCTCAACT-1	11
white.day3_GGGTCTGCAGCTGTTA-1	10
white.day3_GGGTCTGCATAGGATA-1	9
white.day3_GGGTCTGCATTAGGCT-1	10
white.day3_GGGTCTGGTAGCCTAT-1	12
white.day3_GGGTCTGGTAGGGACT-1	8
white.day3_GGGTCTGGTCGCATCG-1	10
white.day3_GGGTCTGGTCTCACCT-1	8
white.day3_GGGTCTGGTGTATGGG-1	9
white.day3_GGGTCTGGTTCCACTC-1	12
white.day3_GGGTCTGTCAAGAAGT-1	12
white.day3_GGGTCTGTCAGCCTAA-1	9
white.day3_GGGTCTGTCATGTCCC-1	9
white.day3_GGGTCTGTCGGCTTGG-1	5
white.day3_GGGTCTGTCTAACTCT-1	10
white.day3_GGGTTGCAGACCCACC-1	6
white.day3_GGGTTGCAGACTGTAA-1	8
white.day3_GGGTTGCAGAGCTATA-1	6
white.day3_GGGTTGCAGCCACGCT-1	10
white.day3_GGGTTGCAGTGTCCAT-1	7
white.day3_GGGTTGCCAATGGACG-1	12
white.day3_GGGTTGCCACAGGAGT-1	5
white.day3_GGGTTGCCACGAAACG-1	7
white.day3_GGGTTGCCAGACAGGT-1	8
white.day3_GGGTTGCCAGATCCAT-1	7
white.day3_GGGTTGCCAGGCTCAC-1	12
white.day3_GGGTTGCCATACAGCT-1	12
white.day3_GGGTTGCGTAAGGGCT-1	9
white.day3_GGGTTGCGTACAGCAG-1	12
white.day3_GGGTTGCGTACTTGAC-1	12
white.day3_GGGTTGCGTAGCGCAA-1	12
white.day3_GGGTTGCGTCAATGTC-1	12
white.day3_GGGTTGCGTCTGCAAT-1	12
white.day3_GGGTTGCGTTACCAGT-1	7
white.day3_GGGTTGCTCACTGGGC-1	12
white.day3_GGGTTGCTCATAGCAC-1	9
white.day3_GGGTTGCTCATTGCGA-1	12
white.day3_GGGTTGCTCCATTCTA-1	5
white.day3_GGGTTGCTCCCAAGTA-1	8
white.day3_GGGTTGCTCCTGTAGA-1	10
white.day3_GGGTTGCTCGGGAGTA-1	11
white.day3_GGGTTGCTCTGGCGAC-1	3
white.day3_GGGTTGCTCTTGTATC-1	8
white.day3_GGTATTGAGATGCCAG-1	9
white.day3_GGTATTGAGCAGGCTA-1	10
white.day3_GGTATTGAGCGAAGGG-1	10
white.day3_GGTATTGAGCGTTGCC-1	10
white.day3_GGTATTGAGCTCTCGG-1	7
white.day3_GGTATTGAGCTTTGGT-1	10
white.day3_GGTATTGAGGCCCGTT-1	10
white.day3_GGTATTGAGGGATACC-1	9
white.day3_GGTATTGAGTACGTTC-1	8
white.day3_GGTATTGAGTGAAGAG-1	12
white.day3_GGTATTGCAACCGCCA-1	12
white.day3_GGTATTGCAACGCACC-1	8
white.day3_GGTATTGCAAGCCCAC-1	10
white.day3_GGTATTGCACCTCGTT-1	8
white.day3_GGTATTGCAGACACTT-1	7
white.day3_GGTATTGCAGTGGGAT-1	12
white.day3_GGTATTGCATCAGTAC-1	10
white.day3_GGTATTGCATCGGAAG-1	8
white.day3_GGTATTGCATCTCGCT-1	9
white.day3_GGTATTGCATGCATGT-1	11
white.day3_GGTATTGGTAGCAAAT-1	8
white.day3_GGTATTGGTATGGTTC-1	12
white.day3_GGTATTGGTCTAAACC-1	5
white.day3_GGTATTGGTTACGCGC-1	10
white.day3_GGTATTGTCCACGCAG-1	11
white.day3_GGTATTGTCCTCAATT-1	12
white.day3_GGTATTGTCCTGCTTG-1	7
white.day3_GGTATTGTCGCAAACT-1	12
white.day3_GGTATTGTCGTTACAG-1	9
white.day3_GGTATTGTCTCAAACG-1	12
white.day3_GGTATTGTCTTTACAC-1	8
white.day3_GGTGAAGAGAAACCGC-1	10
white.day3_GGTGAAGAGCAGGCTA-1	9
white.day3_GGTGAAGAGGGTCGAT-1	12
white.day3_GGTGAAGAGTCTTGCA-1	10
white.day3_GGTGAAGAGTGGTCCC-1	11
white.day3_GGTGAAGCAAAGAATC-1	12
white.day3_GGTGAAGCAACGATCT-1	10
white.day3_GGTGAAGCAAGCGAGT-1	8
white.day3_GGTGAAGCAGACGCAA-1	8
white.day3_GGTGAAGCAGGGTATG-1	12
white.day3_GGTGAAGCATCTACGA-1	9
white.day3_GGTGAAGCATTGAGCT-1	8
white.day3_GGTGAAGGTCATACTG-1	11
white.day3_GGTGAAGGTCTTCGTC-1	11
white.day3_GGTGAAGGTGTCTGAT-1	10
white.day3_GGTGAAGGTTAAGACA-1	4
white.day3_GGTGAAGTCTCGGACG-1	8
white.day3_GGTGAAGTCTCTGCTG-1	9
white.day3_GGTGCGTAGAAGAAGC-1	12
white.day3_GGTGCGTAGACACTAA-1	10
white.day3_GGTGCGTAGACAGACC-1	8
white.day3_GGTGCGTAGATCCCGC-1	12
white.day3_GGTGCGTAGCCAGGAT-1	6
white.day3_GGTGCGTAGTACACCT-1	12
white.day3_GGTGCGTAGTGTTAGA-1	3
white.day3_GGTGCGTAGTTAGCGG-1	9
white.day3_GGTGCGTAGTTTCCTT-1	9
white.day3_GGTGCGTCAACGATGG-1	6
white.day3_GGTGCGTCAAGCTGGA-1	11
white.day3_GGTGCGTCAATCAGAA-1	8
white.day3_GGTGCGTCACGAAAGC-1	12
white.day3_GGTGCGTCACTTACGA-1	11
white.day3_GGTGCGTCAGACAAAT-1	8
white.day3_GGTGCGTCAGGCGATA-1	8
white.day3_GGTGCGTCATAAAGGT-1	12
white.day3_GGTGCGTCATCCGCGA-1	11
white.day3_GGTGCGTCATGAAGTA-1	7
white.day3_GGTGCGTCATGCCTAA-1	11
white.day3_GGTGCGTCATGCTGGC-1	11
white.day3_GGTGCGTGTAAATGAC-1	9
white.day3_GGTGCGTGTGAGTATA-1	3
white.day3_GGTGCGTGTGCAACTT-1	11
white.day3_GGTGCGTGTGTAAGTA-1	6
white.day3_GGTGCGTGTTCGAATC-1	8
white.day3_GGTGCGTTCAACCAAC-1	12
white.day3_GGTGCGTTCAGCCTAA-1	12
white.day3_GGTGCGTTCAGGCAAG-1	8
white.day3_GGTGCGTTCATGCATG-1	11
white.day3_GGTGCGTTCCATTCTA-1	12
white.day3_GGTGCGTTCCTGCTTG-1	9
white.day3_GGTGCGTTCGTCCAGG-1	7
white.day3_GGTGCGTTCTACTTAC-1	12
white.day3_GGTGCGTTCTGCTGTC-1	7
white.day3_GGTGTTAAGAGTACCG-1	10
white.day3_GGTGTTAAGCGATGAC-1	8
white.day3_GGTGTTAAGCGGATCA-1	7
white.day3_GGTGTTAAGCTGGAAC-1	10
white.day3_GGTGTTAAGTGACTCT-1	11
white.day3_GGTGTTACACAAGACG-1	10
white.day3_GGTGTTACACGGCGTT-1	11
white.day3_GGTGTTACAGTTAACC-1	10
white.day3_GGTGTTAGTCATATCG-1	9
white.day3_GGTGTTAGTGAAAGAG-1	5
white.day3_GGTGTTAGTTCGAATC-1	11
white.day3_GGTGTTATCAGCTCTC-1	12
white.day3_GGTGTTATCGGCGCTA-1	8
white.day3_GTAACGTAGAGTCTGG-1	10
white.day3_GTAACGTAGCAACGGT-1	7
white.day3_GTAACGTAGCCACGCT-1	10
white.day3_GTAACGTAGGTTACCT-1	8
white.day3_GTAACGTAGTGGAGAA-1	11
white.day3_GTAACGTAGTGGTCCC-1	9
white.day3_GTAACGTCAATAGAGT-1	9
white.day3_GTAACGTCACATGGGA-1	8
white.day3_GTAACGTCACGAAAGC-1	10
white.day3_GTAACGTCAGACGTAG-1	8
white.day3_GTAACGTCAGGACCCT-1	12
white.day3_GTAACGTGTAAATACG-1	7
white.day3_GTAACGTGTAATTGGA-1	8
white.day3_GTAACGTGTCACAAGG-1	9
white.day3_GTAACGTGTCGAGTTT-1	11
white.day3_GTAACGTGTGTTTGGT-1	8
white.day3_GTAACGTGTTCAGTAC-1	9
white.day3_GTAACGTGTTCATGGT-1	8
white.day3_GTAACGTGTTGGTGGA-1	9
white.day3_GTAACGTGTTTAGCTG-1	8
white.day3_GTAACGTTCAAAGACA-1	9
white.day3_GTAACGTTCATGTAGC-1	12
white.day3_GTAACGTTCCCATTAT-1	9
white.day3_GTAACGTTCGAGGTAG-1	12
white.day3_GTAACGTTCGCAGGCT-1	12
white.day3_GTAACGTTCTGGCGAC-1	12
white.day3_GTAACTGAGAATGTTG-1	6
white.day3_GTAACTGAGAGCAATT-1	10
white.day3_GTAACTGAGGCCGAAT-1	11
white.day3_GTAACTGAGGCGTACA-1	8
white.day3_GTAACTGAGTGAATTG-1	11
white.day3_GTAACTGCACTTCGAA-1	12
white.day3_GTAACTGGTAGTAGTA-1	7
white.day3_GTAACTGGTGTCGCTG-1	8
white.day3_GTAACTGGTGTTTGTG-1	9
white.day3_GTAACTGGTTTAAGCC-1	12
white.day3_GTAACTGTCATGTCTT-1	10
white.day3_GTAACTGTCATGTGGT-1	12
white.day3_GTAACTGTCCGATATG-1	9
white.day3_GTAACTGTCCTTTCTC-1	9
white.day3_GTAACTGTCGGCGCTA-1	11
white.day3_GTAACTGTCGTAGGTT-1	11
white.day3_GTAACTGTCGTTGACA-1	12
white.day3_GTACGTAAGAACAACT-1	12
white.day3_GTACGTAAGACCCACC-1	9
white.day3_GTACGTAAGAGGTTAT-1	10
white.day3_GTACGTAAGAGTAAGG-1	7
white.day3_GTACGTACAACTTGAC-1	11
white.day3_GTACGTACACACATGT-1	9
white.day3_GTACGTACACAGGCCT-1	8
white.day3_GTACGTACACCAGATT-1	11
white.day3_GTACGTACACCATCCT-1	10
white.day3_GTACGTACACGTCAGC-1	8
white.day3_GTACGTACAGTCAGCC-1	8
white.day3_GTACGTACAGTTCCCT-1	11
white.day3_GTACGTAGTAATAGCA-1	11
white.day3_GTACGTAGTCAAAGCG-1	6
white.day3_GTACGTAGTCGGCTCA-1	9
white.day3_GTACGTAGTCTAAACC-1	10
white.day3_GTACGTAGTGACAAAT-1	11
white.day3_GTACGTAGTGTTGGGA-1	12
white.day3_GTACGTATCCACGAAT-1	12
white.day3_GTACGTATCTGTCAAG-1	12
white.day3_GTACGTATCTGTCTCG-1	12
white.day3_GTACTCCAGCGTGAGT-1	10
white.day3_GTACTCCAGCGTTGCC-1	11
white.day3_GTACTCCAGGAACTGC-1	11
white.day3_GTACTCCAGGACTGGT-1	9
white.day3_GTACTCCAGGTCGGAT-1	12
white.day3_GTACTCCAGTTCGCAT-1	10
white.day3_GTACTCCCAACACGCC-1	8
white.day3_GTACTCCCAAGGTTCT-1	8
white.day3_GTACTCCCAAGTAGTA-1	10
white.day3_GTACTCCCACTAGTAC-1	12
white.day3_GTACTCCCACTATCTT-1	8
white.day3_GTACTCCCAGCCTGTG-1	11
white.day3_GTACTCCCAGCTTCGG-1	8
white.day3_GTACTCCCATGGATGG-1	12
white.day3_GTACTCCCATTATCTC-1	8
white.day3_GTACTCCCATTTCACT-1	11
white.day3_GTACTCCGTCCAAGTT-1	11
white.day3_GTACTCCGTCGTCTTC-1	12
white.day3_GTACTCCGTGGTACAG-1	12
white.day3_GTACTCCGTTTCCACC-1	12
white.day3_GTACTCCTCCAGAAGG-1	10
white.day3_GTACTCCTCGAGCCCA-1	12
white.day3_GTACTCCTCGTGGGAA-1	9
white.day3_GTACTCCTCTGCCAGG-1	9
white.day3_GTACTTTAGAATTCCC-1	10
white.day3_GTACTTTAGACATAAC-1	9
white.day3_GTACTTTAGACCCACC-1	8
white.day3_GTACTTTAGATGCCAG-1	12
white.day3_GTACTTTAGATGGCGT-1	7
white.day3_GTACTTTAGATTACCC-1	7
white.day3_GTACTTTAGGGCTTGA-1	7
white.day3_GTACTTTAGTACGACG-1	10
white.day3_GTACTTTAGTAGCGGT-1	12
white.day3_GTACTTTAGTTATCGC-1	9
white.day3_GTACTTTCACCTATCC-1	7
white.day3_GTACTTTCAGCCTGTG-1	8
white.day3_GTACTTTCATCTGGTA-1	8
white.day3_GTACTTTTCACAACGT-1	12
white.day3_GTACTTTTCACTTATC-1	10
white.day3_GTACTTTTCATTTGGG-1	10
white.day3_GTACTTTTCGAACTGT-1	10
white.day3_GTACTTTTCGTCGTTC-1	12
white.day3_GTAGGCCAGACACTAA-1	10
white.day3_GTAGGCCAGACGACGT-1	10
white.day3_GTAGGCCAGACGCACA-1	12
white.day3_GTAGGCCAGAGGGCTT-1	7
white.day3_GTAGGCCAGCTTTGGT-1	7
white.day3_GTAGGCCAGGCAGTCA-1	9
white.day3_GTAGGCCAGGGTTTCT-1	6
white.day3_GTAGGCCAGGTGTGGT-1	7
white.day3_GTAGGCCCAAACTGCT-1	8
white.day3_GTAGGCCCAACACCCG-1	12
white.day3_GTAGGCCCAATGTAAG-1	8
white.day3_GTAGGCCCACCCTATC-1	9
white.day3_GTAGGCCCATCAGTCA-1	7
white.day3_GTAGGCCCATGGTAGG-1	8
white.day3_GTAGGCCCATTACGAC-1	12
white.day3_GTAGGCCGTACGCACC-1	6
white.day3_GTAGGCCGTAGAGCTG-1	9
white.day3_GTAGGCCGTATAATGG-1	12
white.day3_GTAGGCCGTATAGGGC-1	12
white.day3_GTAGGCCGTCCAAGTT-1	7
white.day3_GTAGGCCGTCCAGTGC-1	10
white.day3_GTAGGCCGTCGCATCG-1	12
white.day3_GTAGGCCGTCTAAACC-1	12
white.day3_GTAGGCCGTGACTCAT-1	10
white.day3_GTAGGCCGTTCAACCA-1	11
white.day3_GTAGGCCGTTGATTGC-1	11
white.day3_GTAGGCCGTTTGACTG-1	12
white.day3_GTAGGCCGTTTGTTGG-1	8
white.day3_GTAGGCCTCAACCAAC-1	11
white.day3_GTAGGCCTCAGAGACG-1	12
white.day3_GTAGGCCTCCAAACTG-1	12
white.day3_GTAGGCCTCCACGAAT-1	8
white.day3_GTAGGCCTCGCCAGCA-1	8
white.day3_GTAGGCCTCTATCCCG-1	8
white.day3_GTAGGCCTCTATGTGG-1	10
white.day3_GTAGTCAAGAGGTTGC-1	9
white.day3_GTAGTCAAGAGTGAGA-1	8
white.day3_GTAGTCAAGCAATCTC-1	8
white.day3_GTAGTCAAGCCAGGAT-1	11
white.day3_GTAGTCAAGCGTTCCG-1	8
white.day3_GTAGTCAAGGCCGAAT-1	7
white.day3_GTAGTCAAGGGTCGAT-1	6
white.day3_GTAGTCACAATGACCT-1	9
white.day3_GTAGTCACAGCCAATT-1	8
white.day3_GTAGTCACAGCCTTTC-1	7
white.day3_GTAGTCACAGCGAACA-1	12
white.day3_GTAGTCACAGGCGATA-1	12
white.day3_GTAGTCAGTCCCGACA-1	11
white.day3_GTAGTCAGTCGCTTTC-1	11
white.day3_GTAGTCAGTCTGGAGA-1	9
white.day3_GTAGTCAGTTCGTCTC-1	8
white.day3_GTAGTCAGTTGAGTTC-1	8
white.day3_GTAGTCATCAACACGT-1	8
white.day3_GTAGTCATCAAGAAGT-1	12
white.day3_GTAGTCATCGGAATCT-1	12
white.day3_GTAGTCATCGTGACAT-1	7
white.day3_GTAGTCATCGTTACGA-1	12
white.day3_GTAGTCATCTCCTATA-1	7
white.day3_GTAGTCATCTGATTCT-1	11
white.day3_GTAGTCATCTGTACGA-1	12
white.day3_GTATCTTAGAGATGAG-1	10
white.day3_GTATCTTAGCCAGGAT-1	5
white.day3_GTATCTTAGCCCAATT-1	7
white.day3_GTATCTTAGGCTAGCA-1	8
white.day3_GTATCTTAGTATCTCG-1	3
white.day3_GTATCTTAGTCAAGCG-1	8
white.day3_GTATCTTCAAAGAATC-1	7
white.day3_GTATCTTCACGACGAA-1	11
white.day3_GTATCTTCACGCTTTC-1	12
white.day3_GTATCTTCACTATCTT-1	9
white.day3_GTATCTTCACTGAAGG-1	7
white.day3_GTATCTTCATAGGATA-1	12
white.day3_GTATCTTCATGCTGGC-1	10
white.day3_GTATCTTTCAACACCA-1	12
white.day3_GTATCTTTCATGCAAC-1	7
white.day3_GTATCTTTCCGCAGTG-1	12
white.day3_GTATCTTTCCTTTCGG-1	7
white.day3_GTATCTTTCGGACAAG-1	12
white.day3_GTATCTTTCGTACCGG-1	10
white.day3_GTATCTTTCTCGTATT-1	9
white.day3_GTATCTTTCTTACCGC-1	7
white.day3_GTATCTTTCTTCGGTC-1	9
white.day3_GTATTCTAGAATAGGG-1	10
white.day3_GTATTCTAGACTAAGT-1	12
white.day3_GTATTCTAGCCAACAG-1	11
white.day3_GTATTCTAGGGTCGAT-1	12
white.day3_GTATTCTAGTGGTCCC-1	11
white.day3_GTATTCTCAAGCGATG-1	10
white.day3_GTATTCTCAATCTGCA-1	10
white.day3_GTATTCTCACGTGAGA-1	10
white.day3_GTATTCTCAGCTATTG-1	8
white.day3_GTATTCTGTATTAGCC-1	7
white.day3_GTATTCTGTCAGGACA-1	9
white.day3_GTATTCTGTTAAGATG-1	9
white.day3_GTATTCTGTTCGTCTC-1	12
white.day3_GTATTCTTCACTTATC-1	9
white.day3_GTATTCTTCAGAGGTG-1	12
white.day3_GTATTCTTCGGCTACG-1	7
white.day3_GTATTCTTCTACTCAT-1	12
white.day3_GTATTCTTCTTGGGTA-1	12
white.day3_GTCAAGTAGATCCCGC-1	11
white.day3_GTCAAGTAGATGTCGG-1	8
white.day3_GTCAAGTAGTACGACG-1	12
white.day3_GTCAAGTAGTGCCAGA-1	10
white.day3_GTCAAGTCACATGGGA-1	8
white.day3_GTCAAGTCAGAGTGTG-1	12
white.day3_GTCAAGTGTAAAGTCA-1	6
white.day3_GTCAAGTGTAGCGTAG-1	9
white.day3_GTCAAGTGTAGCGTCC-1	12
white.day3_GTCAAGTGTCAGTGGA-1	9
white.day3_GTCAAGTGTCTCACCT-1	10
white.day3_GTCAAGTGTGTAATGA-1	10
white.day3_GTCAAGTGTTCACGGC-1	12
white.day3_GTCAAGTGTTGGTGGA-1	10
white.day3_GTCAAGTTCACATAGC-1	9
white.day3_GTCAAGTTCAGTTGAC-1	9
white.day3_GTCAAGTTCCCTTGCA-1	8
white.day3_GTCAAGTTCTGCGACG-1	10
white.day3_GTCACAAAGAATAGGG-1	10
white.day3_GTCACAAAGATGGCGT-1	8
white.day3_GTCACAAAGCAGATCG-1	8
white.day3_GTCACAAAGCCCAGCT-1	10
white.day3_GTCACAAAGCGATGAC-1	8
white.day3_GTCACAAAGCTGAACG-1	11
white.day3_GTCACAAAGGAGTAGA-1	9
white.day3_GTCACAAAGGCCATAG-1	8
white.day3_GTCACAAAGGTAGCTG-1	8
white.day3_GTCACAAAGTCAAGGC-1	11
white.day3_GTCACAAAGTGAATTG-1	11
white.day3_GTCACAAAGTGGTAGC-1	8
white.day3_GTCACAACAAACCCAT-1	12
white.day3_GTCACAACACTTCTGC-1	8
white.day3_GTCACAACATTGAGCT-1	10
white.day3_GTCACAAGTATTACCG-1	9
white.day3_GTCACAAGTCCCTACT-1	10
white.day3_GTCACAAGTCGGCATC-1	10
white.day3_GTCACAAGTGCGCTTG-1	12
white.day3_GTCACAAGTGTTGAGG-1	12
white.day3_GTCACAAGTTATGCGT-1	12
white.day3_GTCACAAGTTCACGGC-1	9
white.day3_GTCACAAGTTGGTAAA-1	8
white.day3_GTCACAAGTTTAGCTG-1	10
white.day3_GTCACAATCCAATGGT-1	9
white.day3_GTCACAATCGCTGATA-1	6
white.day3_GTCACAATCTGATTCT-1	11
white.day3_GTCACGGAGCCGATTT-1	10
white.day3_GTCACGGAGGATATAC-1	10
white.day3_GTCACGGAGTACGATA-1	3
white.day3_GTCACGGAGTGGGTTG-1	12
white.day3_GTCACGGAGTGGTAGC-1	10
white.day3_GTCACGGAGTTGTCGT-1	9
white.day3_GTCACGGCAAGTAGTA-1	12
white.day3_GTCACGGCAATAGAGT-1	12
white.day3_GTCACGGCAGCTATTG-1	10
white.day3_GTCACGGCAGTAGAGC-1	11
white.day3_GTCACGGCATCACGAT-1	12
white.day3_GTCACGGCATGCCTAA-1	10
white.day3_GTCACGGGTAAATGTG-1	7
white.day3_GTCACGGGTAGTAGTA-1	7
white.day3_GTCACGGGTCAAGCGA-1	8
white.day3_GTCACGGGTCGGCATC-1	5
white.day3_GTCACGGGTCTAGGTT-1	6
white.day3_GTCACGGGTGACTCAT-1	11
white.day3_GTCACGGGTGATGCCC-1	12
white.day3_GTCACGGGTGATGTGG-1	11
white.day3_GTCACGGGTTCAGCGC-1	11
white.day3_GTCACGGGTTGAGGTG-1	6
white.day3_GTCACGGGTTGTCGCG-1	12
white.day3_GTCACGGTCAACACGT-1	12
white.day3_GTCACGGTCACTCCTG-1	8
white.day3_GTCACGGTCATCTGCC-1	8
white.day3_GTCACGGTCCGTACAA-1	8
white.day3_GTCACGGTCCTTGCCA-1	10
white.day3_GTCACGGTCGATGAGG-1	12
white.day3_GTCATTTAGAACAATC-1	8
white.day3_GTCATTTAGAGCCCAA-1	8
white.day3_GTCATTTAGCTAACAA-1	12
white.day3_GTCATTTAGGAATCGC-1	10
white.day3_GTCATTTAGGAGTTTA-1	8
white.day3_GTCATTTAGTAGGCCA-1	12
white.day3_GTCATTTCAGATAATG-1	11
white.day3_GTCATTTCATGCAATC-1	12
white.day3_GTCATTTCATGTCCTC-1	9
white.day3_GTCATTTGTCTCGTTC-1	10
white.day3_GTCATTTGTGCACCAC-1	8
white.day3_GTCATTTGTGTGCGTC-1	7
white.day3_GTCATTTTCAAACAAG-1	5
white.day3_GTCATTTTCAGTCAGT-1	12
white.day3_GTCATTTTCAGTTGAC-1	12
white.day3_GTCATTTTCCACGAAT-1	9
white.day3_GTCATTTTCCTAAGTG-1	9
white.day3_GTCATTTTCCTACAGA-1	8
white.day3_GTCATTTTCTCGCTTG-1	7
white.day3_GTCCTCAAGACGCACA-1	8
white.day3_GTCCTCAAGAGACTAT-1	12
white.day3_GTCCTCAAGATAGCAT-1	9
white.day3_GTCCTCAAGCTTATCG-1	5
white.day3_GTCCTCAAGGGATACC-1	7
white.day3_GTCCTCAAGGGATCTG-1	8
white.day3_GTCCTCAAGGGCATGT-1	11
white.day3_GTCCTCAAGGTGCACA-1	12
white.day3_GTCCTCAAGTACGCCC-1	11
white.day3_GTCCTCAAGTGAACGC-1	8
white.day3_GTCCTCACAAGGTTCT-1	12
white.day3_GTCCTCACACTAGTAC-1	7
white.day3_GTCCTCACAGATCTGT-1	9
white.day3_GTCCTCACAGCCTATA-1	8
white.day3_GTCCTCACAGCTATTG-1	9
white.day3_GTCCTCACAGGGTTAG-1	6
white.day3_GTCCTCACATGCATGT-1	11
white.day3_GTCCTCAGTAGAGTGC-1	12
white.day3_GTCCTCAGTATAAACG-1	9
white.day3_GTCCTCAGTCATCGGC-1	12
white.day3_GTCCTCAGTCTAGCCG-1	7
white.day3_GTCCTCAGTTGCGTTA-1	12
white.day3_GTCCTCAGTTGGACCC-1	12
white.day3_GTCCTCAGTTTGGCGC-1	12
white.day3_GTCCTCATCACGGTTA-1	9
white.day3_GTCCTCATCAGAGGTG-1	7
white.day3_GTCCTCATCGAGAACG-1	12
white.day3_GTCCTCATCGTACGGC-1	11
white.day3_GTCCTCATCTGTCTCG-1	10
white.day3_GTCCTCATCTTGTATC-1	9
white.day3_GTCGGGTCAAGCGTAG-1	9
white.day3_GTCGGGTCACAGACTT-1	10
white.day3_GTCGGGTCAGACAAAT-1	12
white.day3_GTCGGGTCAGACGCCT-1	12
white.day3_GTCGGGTCATCTATGG-1	10
white.day3_GTCGGGTGTCGCATCG-1	11
white.day3_GTCGGGTGTGCTCTTC-1	12
white.day3_GTCGGGTGTGTTGGGA-1	12
white.day3_GTCGGGTGTTAAGACA-1	12
white.day3_GTCGGGTGTTACCGAT-1	6
white.day3_GTCGGGTGTTTGCATG-1	8
white.day3_GTCGGGTTCAGCACAT-1	12
white.day3_GTCGGGTTCGCGTAGC-1	10
white.day3_GTCGGGTTCTTACCTA-1	10
white.day3_GTCGTAAAGAACTCGG-1	11
white.day3_GTCGTAAAGATATGCA-1	9
white.day3_GTCGTAAAGCTGAACG-1	9
white.day3_GTCGTAAAGGAACTGC-1	8
white.day3_GTCGTAAAGGTGCAAC-1	10
white.day3_GTCGTAAAGGTGTTAA-1	8
white.day3_GTCGTAAAGTTACCCA-1	10
white.day3_GTCGTAACAACGATGG-1	6
white.day3_GTCGTAACAAGCTGAG-1	8
white.day3_GTCGTAACACCGCTAG-1	8
white.day3_GTCGTAACACGACGAA-1	7
white.day3_GTCGTAACAGATCCAT-1	8
white.day3_GTCGTAACAGTTTACG-1	9
white.day3_GTCGTAACATGAGCGA-1	8
white.day3_GTCGTAAGTAAACACA-1	12
white.day3_GTCGTAAGTATAATGG-1	10
white.day3_GTCGTAAGTTATGCGT-1	10
white.day3_GTCGTAAGTTGTACAC-1	8
white.day3_GTCGTAAGTTGTGGCC-1	9
white.day3_GTCGTAATCCAAACTG-1	12
white.day3_GTCGTAATCGCTTGTC-1	8
white.day3_GTCGTAATCTATCGCC-1	11
white.day3_GTCGTAATCTGTCCGT-1	11
white.day3_GTCTCGTAGACAATAC-1	9
white.day3_GTCTCGTAGACCCACC-1	8
white.day3_GTCTCGTAGATAGGAG-1	6
white.day3_GTCTCGTAGCTACCTA-1	10
white.day3_GTCTCGTAGGATGCGT-1	11
white.day3_GTCTCGTAGTGTCTCA-1	12
white.day3_GTCTCGTAGTGTGGCA-1	11
white.day3_GTCTCGTAGTTGTCGT-1	8
white.day3_GTCTCGTCAGAGTGTG-1	11
white.day3_GTCTCGTCAGCATGAG-1	10
white.day3_GTCTCGTCAGTATAAG-1	9
white.day3_GTCTCGTCATACCATG-1	9
white.day3_GTCTCGTCATACGCCG-1	8
white.day3_GTCTCGTCATCACAAC-1	12
white.day3_GTCTCGTGTACCGCTG-1	7
white.day3_GTCTCGTGTATGAAAC-1	10
white.day3_GTCTCGTGTCAGATAA-1	12
white.day3_GTCTCGTTCCACTGGG-1	8
white.day3_GTCTCGTTCCCTGACT-1	12
white.day3_GTCTCGTTCCGTAGGC-1	9
white.day3_GTCTCGTTCCTAAGTG-1	9
white.day3_GTCTCGTTCCTGCAGG-1	12
white.day3_GTCTCGTTCTTGAGGT-1	11
white.day3_GTCTTCGAGACATAAC-1	8
white.day3_GTCTTCGAGATAGTCA-1	8
white.day3_GTCTTCGAGCGTAATA-1	12
white.day3_GTCTTCGAGCGTCTAT-1	11
white.day3_GTCTTCGAGGCATGGT-1	10
white.day3_GTCTTCGAGGGATGGG-1	12
white.day3_GTCTTCGAGTGTGAAT-1	10
white.day3_GTCTTCGCACCGATAT-1	11
white.day3_GTCTTCGCACTAGTAC-1	10
white.day3_GTCTTCGCATAGACTC-1	10
white.day3_GTCTTCGGTAGCGATG-1	9
white.day3_GTCTTCGGTCAGAAGC-1	12
white.day3_GTCTTCGGTCAGAGGT-1	8
white.day3_GTCTTCGGTCCATCCT-1	10
white.day3_GTCTTCGGTCGGGTCT-1	12
white.day3_GTCTTCGGTGGCGAAT-1	11
white.day3_GTCTTCGGTTAAAGAC-1	11
white.day3_GTCTTCGGTTCAGCGC-1	12
white.day3_GTCTTCGGTTCGTCTC-1	10
white.day3_GTCTTCGGTTGGTGGA-1	12
white.day3_GTCTTCGGTTTGGGCC-1	11
white.day3_GTCTTCGTCATTGCCC-1	11
white.day3_GTCTTCGTCCAGTAGT-1	12
white.day3_GTCTTCGTCCCTCTTT-1	12
white.day3_GTCTTCGTCGTCTGAA-1	11
white.day3_GTCTTCGTCGTTGCCT-1	11
white.day3_GTCTTCGTCTAACCGA-1	8
white.day3_GTGAAGGAGAGGTTAT-1	9
white.day3_GTGAAGGAGCGAGAAA-1	11
white.day3_GTGAAGGAGGAGTTTA-1	9
white.day3_GTGAAGGAGTATCGAA-1	9
white.day3_GTGAAGGAGTGAAGAG-1	9
white.day3_GTGAAGGCAAGCGTAG-1	12
white.day3_GTGAAGGCACGCGAAA-1	11
white.day3_GTGAAGGCACTGAAGG-1	12
white.day3_GTGAAGGCAGATCGGA-1	8
white.day3_GTGAAGGCAGATGGGT-1	11
white.day3_GTGAAGGCAGCTCGCA-1	12
white.day3_GTGAAGGCAGTCAGAG-1	6
white.day3_GTGAAGGCATCCCACT-1	12
white.day3_GTGAAGGGTAAGAGGA-1	12
white.day3_GTGAAGGGTAATCACC-1	10
white.day3_GTGAAGGGTAGCGTAG-1	9
white.day3_GTGAAGGGTCCTAGCG-1	10
white.day3_GTGAAGGGTGGTCCGT-1	10
white.day3_GTGAAGGGTGTTCGAT-1	9
white.day3_GTGAAGGTCAATCTCT-1	6
white.day3_GTGAAGGTCACCCTCA-1	12
white.day3_GTGAAGGTCAGATAAG-1	11
white.day3_GTGAAGGTCCGCAGTG-1	11
white.day3_GTGAAGGTCGGCGCTA-1	12
white.day3_GTGCAGCAGAAGCCCA-1	12
white.day3_GTGCAGCAGAGCTTCT-1	12
white.day3_GTGCAGCAGCCCAATT-1	9
white.day3_GTGCAGCAGCTACCTA-1	10
white.day3_GTGCAGCAGGAGCGTT-1	8
white.day3_GTGCAGCAGGCGATAC-1	12
white.day3_GTGCAGCAGGTGATAT-1	11
white.day3_GTGCAGCCACCAGATT-1	9
white.day3_GTGCAGCCAGACAGGT-1	12
white.day3_GTGCAGCCAGGTGCCT-1	8
white.day3_GTGCAGCCAGTATAAG-1	7
white.day3_GTGCAGCCAGTCCTTC-1	8
white.day3_GTGCAGCCATTGAGCT-1	12
white.day3_GTGCAGCGTAAAGGAG-1	9
white.day3_GTGCAGCGTCCCGACA-1	10
white.day3_GTGCAGCGTCCCTACT-1	11
white.day3_GTGCAGCGTTAAGACA-1	7
white.day3_GTGCAGCGTTACGTCA-1	11
white.day3_GTGCAGCGTTCACCTC-1	5
white.day3_GTGCAGCGTTCTCATT-1	10
white.day3_GTGCAGCGTTTGACAC-1	9
white.day3_GTGCAGCTCATAGCAC-1	9
white.day3_GTGCAGCTCGAACTGT-1	8
white.day3_GTGCAGCTCGCAGGCT-1	11
white.day3_GTGCAGCTCGCTAGCG-1	8
white.day3_GTGCAGCTCTCGTATT-1	6
white.day3_GTGCAGCTCTGACCTC-1	8
white.day3_GTGCATAAGATAGCAT-1	8
white.day3_GTGCATAAGCCGCCTA-1	5
white.day3_GTGCATAAGCCGTCGT-1	9
white.day3_GTGCATAAGTACTTGC-1	8
white.day3_GTGCATAAGTTGCAGG-1	12
white.day3_GTGCATAAGTTTCCTT-1	11
white.day3_GTGCATACAAGACGTG-1	12
white.day3_GTGCATACAAGGGTCA-1	12
white.day3_GTGCATACAATCACAC-1	6
white.day3_GTGCATACACCAGGCT-1	10
white.day3_GTGCATACAGCTCGAC-1	9
white.day3_GTGCATACATTGGGCC-1	12
white.day3_GTGCATAGTAGCTAAA-1	10
white.day3_GTGCATAGTCTCCACT-1	11
white.day3_GTGCATAGTGCGATAG-1	12
white.day3_GTGCATAGTTACCAGT-1	11
white.day3_GTGCATATCATAGCAC-1	9
white.day3_GTGCATATCGCATGGC-1	10
white.day3_GTGCATATCGCTAGCG-1	11
white.day3_GTGCATATCTCTTGAT-1	8
white.day3_GTGCGGTAGACCTTTG-1	5
white.day3_GTGCGGTAGCGTTTAC-1	11
white.day3_GTGCGGTAGGAGCGTT-1	9
white.day3_GTGCGGTAGGCCCTCA-1	12
white.day3_GTGCGGTAGGCTCTTA-1	8
white.day3_GTGCGGTAGGGTTCCC-1	12
white.day3_GTGCGGTAGTACGCCC-1	11
white.day3_GTGCGGTAGTGACTCT-1	11
white.day3_GTGCGGTAGTGGGATC-1	8
white.day3_GTGCGGTAGTGGGCTA-1	6
white.day3_GTGCGGTCATACTACG-1	11
white.day3_GTGCGGTCATGCCCGA-1	10
white.day3_GTGCGGTGTCTCACCT-1	9
white.day3_GTGCGGTGTTGAGGTG-1	10
white.day3_GTGCGGTTCAACGCTA-1	12
white.day3_GTGCGGTTCAAGGCTT-1	8
white.day3_GTGCGGTTCATCACCC-1	11
white.day3_GTGCGGTTCATTGCCC-1	12
white.day3_GTGCGGTTCCAAAGTC-1	8
white.day3_GTGCGGTTCCGATATG-1	11
white.day3_GTGCGGTTCGTCACGG-1	8
white.day3_GTGCGGTTCTAACTTC-1	11
white.day3_GTGCGGTTCTAAGCCA-1	8
white.day3_GTGCTTCAGCGGCTTC-1	10
white.day3_GTGCTTCAGCTGTCTA-1	10
white.day3_GTGCTTCAGGACTGGT-1	10
white.day3_GTGCTTCAGGATCGCA-1	12
white.day3_GTGCTTCAGGGCATGT-1	9
white.day3_GTGCTTCAGTTCCACA-1	11
white.day3_GTGCTTCCAAGCGCTC-1	10
white.day3_GTGCTTCCACACATGT-1	12
white.day3_GTGCTTCCACGGTGTC-1	11
white.day3_GTGCTTCCACTGTGTA-1	11
white.day3_GTGCTTCCACTTAAGC-1	8
white.day3_GTGCTTCCAGTGGGAT-1	11
white.day3_GTGCTTCCATTACGAC-1	10
white.day3_GTGCTTCGTACTCGCG-1	12
white.day3_GTGCTTCGTACTTCTT-1	9
white.day3_GTGCTTCGTAGAAAGG-1	12
white.day3_GTGCTTCGTCAAAGAT-1	9
white.day3_GTGCTTCGTCACTTCC-1	10
white.day3_GTGCTTCGTCGCATCG-1	6
white.day3_GTGCTTCGTGAGGGTT-1	10
white.day3_GTGCTTCTCAAAGACA-1	10
white.day3_GTGCTTCTCAGTCCCT-1	11
white.day3_GTGCTTCTCATCATTC-1	7
white.day3_GTGCTTCTCATTGCCC-1	10
white.day3_GTGCTTCTCCCAGGTG-1	12
white.day3_GTGCTTCTCCCTAATT-1	5
white.day3_GTGCTTCTCGAATGGG-1	12
white.day3_GTGCTTCTCGTTTGCC-1	10
white.day3_GTGCTTCTCTGATTCT-1	12
white.day3_GTGCTTCTCTGGCGTG-1	9
white.day3_GTGCTTCTCTTCGAGA-1	11
white.day3_GTGGGTCAGAAACCTA-1	12
white.day3_GTGGGTCAGAGAACAG-1	12
white.day3_GTGGGTCAGCACCGTC-1	12
white.day3_GTGGGTCAGCCAGGAT-1	5
white.day3_GTGGGTCAGGAATTAC-1	5
white.day3_GTGGGTCAGGTACTCT-1	10
white.day3_GTGGGTCAGTGGGATC-1	9
white.day3_GTGGGTCCATCCTAGA-1	11
white.day3_GTGGGTCCATCCTTGC-1	11
white.day3_GTGGGTCCATGCTGGC-1	8
white.day3_GTGGGTCGTACTTGAC-1	12
white.day3_GTGGGTCGTAGCGTCC-1	12
white.day3_GTGGGTCGTAGCTGCC-1	7
white.day3_GTGGGTCGTATATGGA-1	9
white.day3_GTGGGTCGTTACTGAC-1	9
white.day3_GTGGGTCTCCTTCAAT-1	9
white.day3_GTGGGTCTCGAATGGG-1	12
white.day3_GTGGGTCTCGAGCCCA-1	12
white.day3_GTGGGTCTCTGTTGAG-1	12
white.day3_GTGTGCGAGAGTAAGG-1	12
white.day3_GTGTGCGAGCTACCGC-1	11
white.day3_GTGTGCGAGGACACCA-1	8
white.day3_GTGTGCGAGGACCACA-1	8
white.day3_GTGTGCGAGTCCATAC-1	12
white.day3_GTGTGCGAGTGTCCAT-1	8
white.day3_GTGTGCGCAAAGGAAG-1	8
white.day3_GTGTGCGCACAAGACG-1	8
white.day3_GTGTGCGCACCTTGTC-1	8
white.day3_GTGTGCGCACGAAATA-1	11
white.day3_GTGTGCGCAGACAGGT-1	7
white.day3_GTGTGCGGTAACGTTC-1	10
white.day3_GTGTGCGGTACTTGAC-1	10
white.day3_GTGTGCGGTCATGCCG-1	9
white.day3_GTGTGCGGTCTAGTGT-1	12
white.day3_GTGTGCGGTGATGCCC-1	9
white.day3_GTGTGCGGTGCAGACA-1	9
white.day3_GTGTGCGTCAACCAAC-1	10
white.day3_GTGTGCGTCAGAGGTG-1	11
white.day3_GTGTGCGTCCATGAGT-1	12
white.day3_GTGTGCGTCCATTCTA-1	11
white.day3_GTGTGCGTCGTACCGG-1	10
white.day3_GTGTGCGTCTGTTGAG-1	12
white.day3_GTGTGCGTCTTCCTTC-1	8
white.day3_GTGTTAGAGTGCCATT-1	12
white.day3_GTGTTAGAGTGCGATG-1	4
white.day3_GTGTTAGCAAACGCGA-1	7
white.day3_GTGTTAGCAAGACGTG-1	12
white.day3_GTGTTAGCACAGACTT-1	8
white.day3_GTGTTAGCACCAGGTC-1	8
white.day3_GTGTTAGCAGATCGGA-1	10
white.day3_GTGTTAGCATCTATGG-1	9
white.day3_GTGTTAGGTCAGCTAT-1	8
white.day3_GTGTTAGGTCGCGTGT-1	12
white.day3_GTGTTAGGTGACTACT-1	12
white.day3_GTGTTAGGTTGGTAAA-1	9
white.day3_GTGTTAGTCAACACTG-1	8
white.day3_GTGTTAGTCACATAGC-1	8
white.day3_GTGTTAGTCACCTTAT-1	10
white.day3_GTGTTAGTCCGAATGT-1	9
white.day3_GTGTTAGTCCGAGCCA-1	6
white.day3_GTGTTAGTCCGGGTGT-1	12
white.day3_GTGTTAGTCTGATTCT-1	9
white.day3_GTGTTAGTCTTGGGTA-1	10
white.day3_GTTAAGCAGATATGCA-1	10
white.day3_GTTAAGCAGCAACGGT-1	8
white.day3_GTTAAGCAGCGTAGTG-1	9
white.day3_GTTAAGCAGTGTCCCG-1	10
white.day3_GTTAAGCCAGACAAAT-1	8
white.day3_GTTAAGCCAGACGCTC-1	11
white.day3_GTTAAGCGTAATAGCA-1	10
white.day3_GTTAAGCGTACATCCA-1	7
white.day3_GTTAAGCGTCAAGCGA-1	8
white.day3_GTTAAGCGTCTAAAGA-1	6
white.day3_GTTAAGCGTGGGTATG-1	12
white.day3_GTTAAGCGTGTAAGTA-1	12
white.day3_GTTAAGCGTTACAGAA-1	12
white.day3_GTTAAGCTCAGAAATG-1	8
white.day3_GTTAAGCTCATGGTCA-1	9
white.day3_GTTAAGCTCATGTAGC-1	9
white.day3_GTTAAGCTCCGAGCCA-1	7
white.day3_GTTAAGCTCGGAAACG-1	12
white.day3_GTTAAGCTCTGGCGAC-1	12
white.day3_GTTAAGCTCTTGGGTA-1	12
white.day3_GTTACAGAGAACTGTA-1	12
white.day3_GTTACAGAGAATGTGT-1	9
white.day3_GTTACAGAGACCCACC-1	8
white.day3_GTTACAGAGAGGTTAT-1	8
white.day3_GTTACAGAGGTGCACA-1	10
white.day3_GTTACAGAGTGTTAGA-1	12
white.day3_GTTACAGCAATTCCTT-1	11
white.day3_GTTACAGCACCGTTGG-1	8
white.day3_GTTACAGCAGGGCATA-1	5
white.day3_GTTACAGCAGTGACAG-1	12
white.day3_GTTACAGCAGTGGAGT-1	3
white.day3_GTTACAGCATCTACGA-1	10
white.day3_GTTACAGGTAGGACAC-1	8
white.day3_GTTACAGGTATGAATG-1	12
white.day3_GTTACAGGTCCGACGT-1	12
white.day3_GTTACAGGTGATGTCT-1	11
white.day3_GTTACAGGTTACAGAA-1	8
white.day3_GTTACAGGTTCAGGCC-1	12
white.day3_GTTACAGTCAACCATG-1	11
white.day3_GTTACAGTCACAGGCC-1	10
white.day3_GTTACAGTCAGCGATT-1	11
white.day3_GTTACAGTCCAAGTAC-1	8
white.day3_GTTACAGTCCTGCTTG-1	6
white.day3_GTTACAGTCGGATGGA-1	6
white.day3_GTTACAGTCGGATGTT-1	12
white.day3_GTTACAGTCGGTCCGA-1	10
white.day3_GTTACAGTCTGGTTCC-1	12
white.day3_GTTACAGTCTTATCTG-1	11
white.day3_GTTCATTAGACACTAA-1	10
white.day3_GTTCATTAGCTTTGGT-1	11
white.day3_GTTCATTAGTACCGGA-1	9
white.day3_GTTCATTAGTAGGCCA-1	12
white.day3_GTTCATTAGTAGGTGC-1	11
white.day3_GTTCATTAGTGTGAAT-1	8
white.day3_GTTCATTCAAAGTCAA-1	4
white.day3_GTTCATTCACGAAAGC-1	12
white.day3_GTTCATTCACGGCCAT-1	9
white.day3_GTTCATTCATGAACCT-1	10
white.day3_GTTCATTCATGCAACT-1	11
white.day3_GTTCATTGTAAACGCG-1	11
white.day3_GTTCATTGTCGAGTTT-1	9
white.day3_GTTCATTGTTACGACT-1	8
white.day3_GTTCATTTCACGAAGG-1	10
white.day3_GTTCATTTCATCACCC-1	10
white.day3_GTTCATTTCCAAGCCG-1	8
white.day3_GTTCATTTCCGGGTGT-1	9
white.day3_GTTCATTTCCTAGGGC-1	12
white.day3_GTTCATTTCTCCTATA-1	8
white.day3_GTTCATTTCTGACCTC-1	9
white.day3_GTTCATTTCTGTCCGT-1	12
white.day3_GTTCGGGAGCCATCGC-1	12
white.day3_GTTCGGGAGCCTATGT-1	12
white.day3_GTTCGGGAGGAGTCTG-1	7
white.day3_GTTCGGGCAAACGTGG-1	8
white.day3_GTTCGGGCAACTGGCC-1	10
white.day3_GTTCGGGCACCAGGCT-1	10
white.day3_GTTCGGGCATGAACCT-1	9
white.day3_GTTCGGGGTACTCAAC-1	8
white.day3_GTTCGGGGTCAAACTC-1	9
white.day3_GTTCGGGGTCAGCTAT-1	7
white.day3_GTTCGGGGTCAGTGGA-1	8
white.day3_GTTCGGGGTCATATGC-1	12
white.day3_GTTCGGGGTCCAACTA-1	11
white.day3_GTTCGGGGTTCTGTTT-1	12
white.day3_GTTCGGGGTTTAAGCC-1	8
white.day3_GTTCGGGTCCGCAGTG-1	8
white.day3_GTTCGGGTCCTATGTT-1	12
white.day3_GTTCGGGTCGAACGGA-1	12
white.day3_GTTCGGGTCTCAAGTG-1	11
white.day3_GTTCGGGTCTGTACGA-1	12
white.day3_GTTCGGGTCTTGCATT-1	12
white.day3_GTTCTCGAGATCCCGC-1	5
white.day3_GTTCTCGAGCTCAACT-1	10
white.day3_GTTCTCGCAAAGGTGC-1	8
white.day3_GTTCTCGCAAAGTGCG-1	10
white.day3_GTTCTCGCAAGTTCTG-1	11
white.day3_GTTCTCGCACAGACTT-1	7
white.day3_GTTCTCGCACCTATCC-1	6
white.day3_GTTCTCGGTAGCGATG-1	11
white.day3_GTTCTCGGTAGCGCAA-1	12
white.day3_GTTCTCGGTCGCATCG-1	6
white.day3_GTTCTCGGTCTAACGT-1	8
white.day3_GTTCTCGGTGCACTTA-1	10
white.day3_GTTCTCGTCACCGGGT-1	10
white.day3_GTTCTCGTCATGTCCC-1	8
white.day3_GTTCTCGTCATTATCC-1	12
white.day3_GTTCTCGTCGACGGAA-1	8
white.day3_GTTCTCGTCTGATACG-1	12
white.day3_GTTCTCGTCTTAGAGC-1	9
white.day3_GTTTCTAAGAAACCGC-1	8
white.day3_GTTTCTAAGCTTTGGT-1	8
white.day3_GTTTCTAAGGGAGTAA-1	12
white.day3_GTTTCTAAGTACTTGC-1	11
white.day3_GTTTCTACAATGGAGC-1	8
white.day3_GTTTCTACACGCATCG-1	9
white.day3_GTTTCTACATCACAAC-1	10
white.day3_GTTTCTACATTACGAC-1	12
white.day3_GTTTCTACATTAGCCA-1	8
white.day3_GTTTCTAGTAAGAGGA-1	11
white.day3_GTTTCTAGTTAAGATG-1	10
white.day3_GTTTCTAGTTCAACCA-1	8
white.day3_GTTTCTAGTTTCGCTC-1	8
white.day3_GTTTCTATCAGTCCCT-1	12
white.day3_GTTTCTATCATGCAAC-1	9
white.day3_GTTTCTATCGAACTGT-1	10
white.day3_GTTTCTATCGGCGCAT-1	12
white.day3_GTTTCTATCGGCGGTT-1	8
white.day3_GTTTCTATCGGCTACG-1	7
white.day3_GTTTCTATCTAAGCCA-1	9
white.day3_GTTTCTATCTGCAGTA-1	8
white.day3_TAAACCGAGATACACA-1	9
white.day3_TAAACCGAGATAGCAT-1	12
white.day3_TAAACCGAGATTACCC-1	12
white.day3_TAAACCGAGCCACGCT-1	6
white.day3_TAAACCGAGCTGTCTA-1	9
white.day3_TAAACCGAGCTTTGGT-1	6
white.day3_TAAACCGAGTCGTACT-1	10
white.day3_TAAACCGCACAAGCCC-1	7
white.day3_TAAACCGCACCAACCG-1	11
white.day3_TAAACCGCACCCTATC-1	12
white.day3_TAAACCGCAGACACTT-1	7
white.day3_TAAACCGCAGGACCCT-1	12
white.day3_TAAACCGCAGGGAGAG-1	7
white.day3_TAAACCGCAGGTGCCT-1	9
white.day3_TAAACCGCATCCCACT-1	12
white.day3_TAAACCGCATCGACGC-1	9
white.day3_TAAACCGGTAAATACG-1	11
white.day3_TAAACCGGTACATGTC-1	10
white.day3_TAAACCGGTATCTGCA-1	11
white.day3_TAAACCGGTCCGAAGA-1	9
white.day3_TAAACCGGTCTCATCC-1	6
white.day3_TAAACCGGTGTGTGCC-1	9
white.day3_TAAACCGGTGTTTGGT-1	6
white.day3_TAAACCGTCAGCTTAG-1	8
white.day3_TAAACCGTCATAGCAC-1	7
white.day3_TAAACCGTCGGTTAAC-1	10
white.day3_TAAACCGTCTAACTGG-1	7
white.day3_TAAACCGTCTTGCCGT-1	8
white.day3_TAAACCGTCTTGTACT-1	10
white.day3_TAAGAGAAGAAACGAG-1	9
white.day3_TAAGAGAAGACTTGAA-1	8
white.day3_TAAGAGAAGAGTAATC-1	11
white.day3_TAAGAGAAGCGTCTAT-1	10
white.day3_TAAGAGAAGGCCCTTG-1	9
white.day3_TAAGAGAAGTTACGGG-1	5
white.day3_TAAGAGAAGTTTCCTT-1	12
white.day3_TAAGAGACAAGCTGGA-1	12
white.day3_TAAGAGACACCCATGG-1	3
white.day3_TAAGAGACACGCTTTC-1	12
white.day3_TAAGAGACAGCGTCCA-1	12
white.day3_TAAGAGAGTAGAGTGC-1	7
white.day3_TAAGAGAGTTGATTCG-1	12
white.day3_TAAGAGATCCCAGGTG-1	8
white.day3_TAAGAGATCCGAACGC-1	9
white.day3_TAAGAGATCGCGTAGC-1	10
white.day3_TAAGCGTAGCATCATC-1	12
white.day3_TAAGCGTAGGGTTTCT-1	11
white.day3_TAAGCGTAGTGGAGAA-1	8
white.day3_TAAGCGTAGTTGAGTA-1	8
white.day3_TAAGCGTCAACAACCT-1	10
white.day3_TAAGCGTCAAGCCCAC-1	10
white.day3_TAAGCGTCAGGAACGT-1	8
white.day3_TAAGCGTCATCCCATC-1	11
white.day3_TAAGCGTGTCGGCATC-1	12
white.day3_TAAGCGTGTGATGCCC-1	8
white.day3_TAAGCGTGTGCACTTA-1	12
white.day3_TAAGCGTGTGCTAGCC-1	12
white.day3_TAAGCGTTCAAGGCTT-1	8
white.day3_TAAGCGTTCCCTTGCA-1	9
white.day3_TAAGCGTTCCGGGTGT-1	11
white.day3_TAAGTGCAGAAGGACA-1	8
white.day3_TAAGTGCAGCCTATGT-1	8
white.day3_TAAGTGCAGCTACCTA-1	8
white.day3_TAAGTGCAGCTGCGAA-1	7
white.day3_TAAGTGCAGGAGTTTA-1	12
white.day3_TAAGTGCAGGCTCTTA-1	8
white.day3_TAAGTGCAGTACATGA-1	12
white.day3_TAAGTGCAGTATGACA-1	12
white.day3_TAAGTGCAGTGGGATC-1	11
white.day3_TAAGTGCAGTGTACGG-1	6
white.day3_TAAGTGCAGTTAAGTG-1	10
white.day3_TAAGTGCCAAACTGCT-1	9
white.day3_TAAGTGCCAACTGGCC-1	11
white.day3_TAAGTGCCAGACGCCT-1	12
white.day3_TAAGTGCCAGCTATTG-1	12
white.day3_TAAGTGCCAGGTCCAC-1	12
white.day3_TAAGTGCCAGTATGCT-1	10
white.day3_TAAGTGCCATCGGAAG-1	8
white.day3_TAAGTGCCATCTCCCA-1	10
white.day3_TAAGTGCGTAAGCACG-1	11
white.day3_TAAGTGCGTCCAACTA-1	12
white.day3_TAAGTGCGTCGAATCT-1	12
white.day3_TAAGTGCGTTAAGAAC-1	9
white.day3_TAAGTGCTCAACACAC-1	12
white.day3_TAAGTGCTCAACGCTA-1	12
white.day3_TAAGTGCTCAGGCAAG-1	8
white.day3_TAAGTGCTCCAAGTAC-1	11
white.day3_TAAGTGCTCCACGAAT-1	8
white.day3_TAAGTGCTCTCGGACG-1	10
white.day3_TAAGTGCTCTTCAACT-1	8
white.day3_TACACGAAGACGCAAC-1	12
white.day3_TACACGAAGAGGACGG-1	11
white.day3_TACACGAAGCGTGAGT-1	3
white.day3_TACACGAAGCTAGTGG-1	11
white.day3_TACACGAAGGATGGAA-1	12
white.day3_TACACGAAGTTGCAGG-1	9
white.day3_TACACGACACAGATTC-1	7
white.day3_TACACGACACCACCAG-1	8
white.day3_TACACGACACCATGTA-1	9
white.day3_TACACGACATCCCACT-1	8
white.day3_TACACGAGTGGTCTCG-1	12
white.day3_TACACGAGTTAAGATG-1	11
white.day3_TACACGAGTTATCGGT-1	7
white.day3_TACACGATCATATCGG-1	11
white.day3_TACACGATCATCGGAT-1	8
white.day3_TACACGATCCCTAACC-1	10
white.day3_TACACGATCGCCGTGA-1	10
white.day3_TACACGATCGGATGTT-1	12
white.day3_TACACGATCGTCTGCT-1	12
white.day3_TACACGATCGTTGACA-1	8
white.day3_TACACGATCTATCCTA-1	12
white.day3_TACACGATCTCGAGTA-1	12
white.day3_TACACGATCTGAGGGA-1	10
white.day3_TACAGTGAGACTAGGC-1	8
white.day3_TACAGTGAGACTTGAA-1	12
white.day3_TACAGTGAGCTCCTCT-1	11
white.day3_TACAGTGAGCTTTGGT-1	8
white.day3_TACAGTGAGGCTCATT-1	8
white.day3_TACAGTGAGGGCTTGA-1	9
white.day3_TACAGTGCAGCCTTTC-1	11
white.day3_TACAGTGCAGTCAGCC-1	8
white.day3_TACAGTGGTAACGCGA-1	8
white.day3_TACAGTGGTATATGAG-1	11
white.day3_TACAGTGGTCACTGGC-1	11
white.day3_TACAGTGGTCGAAAGC-1	9
white.day3_TACAGTGGTCTAAAGA-1	12
white.day3_TACAGTGGTGGCGAAT-1	7
white.day3_TACAGTGGTTAAGATG-1	11
white.day3_TACAGTGTCACCTTAT-1	10
white.day3_TACAGTGTCAGTTAGC-1	6
white.day3_TACAGTGTCGCCGTGA-1	11
white.day3_TACAGTGTCGTACGGC-1	12
white.day3_TACAGTGTCGTGGTCG-1	10
white.day3_TACAGTGTCTACCAGA-1	10
white.day3_TACAGTGTCTTGACGA-1	12
white.day3_TACCTATAGAAGGACA-1	12
white.day3_TACCTATAGACCTTTG-1	10
white.day3_TACCTATAGATCCCAT-1	8
white.day3_TACCTATAGATGTCGG-1	12
white.day3_TACCTATAGCACCGCT-1	8
white.day3_TACCTATAGCCTTGAT-1	7
white.day3_TACCTATAGGCCCTCA-1	7
white.day3_TACCTATAGTAGATGT-1	12
white.day3_TACCTATAGTTCGCGC-1	12
white.day3_TACCTATCAAGTCTGT-1	8
white.day3_TACCTATCAATCAGAA-1	12
white.day3_TACCTATCACGGCGTT-1	12
white.day3_TACCTATCACGTCTCT-1	9
white.day3_TACCTATCAGGATCGA-1	12
white.day3_TACCTATCAGGGTACA-1	9
white.day3_TACCTATCAGGTCGTC-1	12
white.day3_TACCTATCAGTATAAG-1	11
white.day3_TACCTATCATCGATGT-1	11
white.day3_TACCTATGTACCGTAT-1	8
white.day3_TACCTATGTAGCGTGA-1	12
white.day3_TACCTATGTGCCTGGT-1	12
white.day3_TACCTATGTTCGCTAA-1	11
white.day3_TACCTATGTTGCGTTA-1	12
white.day3_TACCTATGTTTCCACC-1	9
white.day3_TACCTATTCACAGGCC-1	7
white.day3_TACCTATTCCACGACG-1	6
white.day3_TACCTATTCGGCGCTA-1	9
white.day3_TACCTATTCGTGGGAA-1	12
white.day3_TACCTATTCTGAAAGA-1	6
white.day3_TACCTATTCTGCCCTA-1	9
white.day3_TACCTTAAGAACAATC-1	11
white.day3_TACCTTAAGAGCCCAA-1	10
white.day3_TACCTTAAGGGAAACA-1	12
white.day3_TACCTTAAGTGAAGTT-1	8
white.day3_TACCTTAAGTGCGATG-1	12
white.day3_TACCTTACAATGAATG-1	11
white.day3_TACCTTACACATGTGT-1	7
white.day3_TACCTTACACATTTCT-1	11
white.day3_TACCTTACACCCATGG-1	12
white.day3_TACCTTACACGAAACG-1	7
white.day3_TACCTTACAGATCCAT-1	9
white.day3_TACCTTACAGATCGGA-1	8
white.day3_TACCTTACAGGAATGC-1	11
white.day3_TACCTTACATAGGATA-1	8
white.day3_TACCTTACATCGGAAG-1	10
white.day3_TACCTTACATTACCTT-1	11
white.day3_TACCTTAGTAAATGTG-1	12
white.day3_TACCTTAGTAGATTAG-1	10
white.day3_TACCTTAGTCAACTGT-1	8
white.day3_TACCTTAGTGTTAAGA-1	12
white.day3_TACCTTAGTGTTCTTT-1	11
white.day3_TACCTTATCACTATTC-1	7
white.day3_TACCTTATCAGGTTCA-1	12
white.day3_TACCTTATCATCGATG-1	9
white.day3_TACCTTATCATTGCGA-1	11
white.day3_TACCTTATCGCTAGCG-1	8
white.day3_TACCTTATCTAACTCT-1	8
white.day3_TACGGATAGACAATAC-1	8
white.day3_TACGGATAGACTGGGT-1	7
white.day3_TACGGATAGCGAGAAA-1	9
white.day3_TACGGATAGGATGCGT-1	9
white.day3_TACGGATAGGCGTACA-1	9
white.day3_TACGGATCAACCGCCA-1	8
white.day3_TACGGATCAGACGCAA-1	11
white.day3_TACGGATCAGATGGGT-1	9
white.day3_TACGGATCATCAGTAC-1	12
white.day3_TACGGATGTAAGGGCT-1	12
white.day3_TACGGATGTACACCGC-1	10
white.day3_TACGGATGTCCAGTAT-1	9
white.day3_TACGGATGTCTAGTGT-1	7
white.day3_TACGGATGTGCACGAA-1	8
white.day3_TACGGATGTGTGACGA-1	6
white.day3_TACGGATTCCGATATG-1	8
white.day3_TACGGATTCTGATACG-1	11
white.day3_TACGGATTCTTGCAAG-1	12
white.day3_TACGGGCAGAGCTATA-1	10
white.day3_TACGGGCAGATGGGTC-1	12
white.day3_TACGGGCAGCAGACTG-1	6
white.day3_TACGGGCAGCCGGTAA-1	9
white.day3_TACGGGCAGCGACGTA-1	9
white.day3_TACGGGCAGCGATGAC-1	12
white.day3_TACGGGCAGCTGCCCA-1	8
white.day3_TACGGGCAGTACGTTC-1	12
white.day3_TACGGGCAGTGAAGTT-1	8
white.day3_TACGGGCAGTGTACCT-1	8
white.day3_TACGGGCCAACTTGAC-1	6
white.day3_TACGGGCCAATGAATG-1	4
white.day3_TACGGGCCACAACTGT-1	12
white.day3_TACGGGCCACCAGGTC-1	12
white.day3_TACGGGCCACTGTGTA-1	11
white.day3_TACGGGCCAGGTTTCA-1	12
white.day3_TACGGGCCATGAGCGA-1	9
white.day3_TACGGGCGTAGGCATG-1	6
white.day3_TACGGGCGTTCCAACA-1	9
white.day3_TACGGGCGTTTAAGCC-1	10
white.day3_TACGGGCTCATGTAGC-1	10
white.day3_TACGGGCTCCTCATTA-1	9
white.day3_TACGGGCTCGGCGGTT-1	7
white.day3_TACGGGCTCTTGTCAT-1	9
white.day3_TACGGTAAGATCTGAA-1	12
white.day3_TACGGTAAGCGATAGC-1	10
white.day3_TACGGTAAGGAGTACC-1	5
white.day3_TACGGTAAGGCTAGCA-1	7
white.day3_TACGGTAAGGGATGGG-1	11
white.day3_TACGGTACACCATGTA-1	8
white.day3_TACGGTACACGGCTAC-1	7
white.day3_TACGGTACAGCTTCGG-1	7
white.day3_TACGGTACAGTAAGCG-1	8
white.day3_TACGGTACATGAAGTA-1	11
white.day3_TACGGTACATGTAGTC-1	8
white.day3_TACGGTAGTAGAAGGA-1	12
white.day3_TACGGTAGTGCACTTA-1	8
white.day3_TACGGTAGTGTATGGG-1	8
white.day3_TACGGTAGTGTTAAGA-1	12
white.day3_TACGGTAGTGTTGAGG-1	7
white.day3_TACGGTATCAGCTGGC-1	6
white.day3_TACGGTATCCTCAACC-1	9
white.day3_TACGGTATCTGCGTAA-1	12
white.day3_TACTCATAGAAGGTGA-1	8
white.day3_TACTCATAGACTAAGT-1	12
white.day3_TACTCATAGAGCCCAA-1	8
white.day3_TACTCATAGATCACGG-1	9
white.day3_TACTCATAGCAATCTC-1	10
white.day3_TACTCATAGGTCGGAT-1	7
white.day3_TACTCATAGTCAATAG-1	11
white.day3_TACTCATAGTCCATAC-1	10
white.day3_TACTCATAGTGACTCT-1	9
white.day3_TACTCATAGTGTACCT-1	11
white.day3_TACTCATCACCTTGTC-1	9
white.day3_TACTCATCAGTCAGCC-1	10
white.day3_TACTCATCATACGCTA-1	9
white.day3_TACTCATCATTCTTAC-1	11
white.day3_TACTCATGTACCGCTG-1	8
white.day3_TACTCATGTATGCTTG-1	11
white.day3_TACTCATGTATTAGCC-1	6
white.day3_TACTCATGTCAAAGCG-1	8
white.day3_TACTCATGTCCAACTA-1	12
white.day3_TACTCATGTCGCTTTC-1	11
white.day3_TACTCATGTCTTCGTC-1	11
white.day3_TACTCATGTTACGGAG-1	11
white.day3_TACTCATTCAAACAAG-1	9
white.day3_TACTCATTCAAGATCC-1	12
white.day3_TACTCATTCAGGCAAG-1	8
white.day3_TACTCATTCCCAAGTA-1	8
white.day3_TACTCATTCCTTGCCA-1	9
white.day3_TACTCATTCCTTTCTC-1	8
white.day3_TACTCATTCTCAAGTG-1	12
white.day3_TACTCATTCTGACCTC-1	9
white.day3_TACTCGCAGCAGCCTC-1	8
white.day3_TACTCGCAGCCCAACC-1	12
white.day3_TACTCGCAGCGTCAAG-1	7
white.day3_TACTCGCAGCTTATCG-1	10
white.day3_TACTCGCAGGGTATCG-1	10
white.day3_TACTCGCAGTCCGGTC-1	12
white.day3_TACTCGCCAAACCCAT-1	12
white.day3_TACTCGCCAACACCCG-1	7
white.day3_TACTCGCCAATGGAAT-1	12
white.day3_TACTCGCCAATTCCTT-1	10
white.day3_TACTCGCCACAGGCCT-1	10
white.day3_TACTCGCCAGCGTCCA-1	11
white.day3_TACTCGCCAGGAATCG-1	12
white.day3_TACTCGCCAGTAACGG-1	9
white.day3_TACTCGCGTATAGGGC-1	12
white.day3_TACTCGCGTCCCGACA-1	8
white.day3_TACTCGCGTGTCCTCT-1	12
white.day3_TACTCGCGTTAGAACA-1	10
white.day3_TACTCGCGTTCACCTC-1	10
white.day3_TACTCGCGTTCCACAA-1	7
white.day3_TACTCGCGTTCGTCTC-1	10
white.day3_TACTCGCGTTGTACAC-1	12
white.day3_TACTCGCTCAAACCGT-1	11
white.day3_TACTCGCTCCACGTGG-1	12
white.day3_TACTCGCTCCAGGGCT-1	12
white.day3_TACTCGCTCCGAGCCA-1	9
white.day3_TACTCGCTCGCCGTGA-1	8
white.day3_TACTCGCTCGTCCGTT-1	10
white.day3_TACTCGCTCTGTACGA-1	6
white.day3_TACTTACAGAGAGCTC-1	10
white.day3_TACTTACAGCCGCCTA-1	10
white.day3_TACTTACAGGAGTTGC-1	8
white.day3_TACTTACAGGATGGTC-1	8
white.day3_TACTTACAGGGTATCG-1	7
white.day3_TACTTACAGTAGCCGA-1	8
white.day3_TACTTACAGTATGACA-1	10
white.day3_TACTTACCAAACGTGG-1	7
white.day3_TACTTACCAAGCTGAG-1	12
white.day3_TACTTACCAAGCTGTT-1	11
white.day3_TACTTACCACAACGTT-1	9
white.day3_TACTTACCACATAACC-1	12
white.day3_TACTTACCACCGTTGG-1	10
white.day3_TACTTACCAGTACACT-1	10
white.day3_TACTTACGTAAAGGAG-1	8
white.day3_TACTTACGTAGGGACT-1	11
white.day3_TACTTACGTCCGACGT-1	10
white.day3_TACTTACGTTGAACTC-1	8
white.day3_TACTTACGTTTAAGCC-1	9
white.day3_TACTTACTCACAATGC-1	12
white.day3_TACTTACTCATGCATG-1	7
white.day3_TACTTACTCCACTGGG-1	7
white.day3_TACTTACTCCCACTTG-1	8
white.day3_TACTTACTCGACGGAA-1	9
white.day3_TACTTACTCGTCACGG-1	11
white.day3_TACTTGTAGAGACTAT-1	12
white.day3_TACTTGTAGAGCTGGT-1	12
white.day3_TACTTGTAGCAACGGT-1	11
white.day3_TACTTGTAGCAGACTG-1	8
white.day3_TACTTGTAGCATCATC-1	11
white.day3_TACTTGTAGCTTTGGT-1	6
white.day3_TACTTGTAGGACAGAA-1	5
white.day3_TACTTGTAGGCATGTG-1	10
white.day3_TACTTGTAGTGGCACA-1	10
white.day3_TACTTGTAGTGGTAAT-1	8
white.day3_TACTTGTCAAACGTGG-1	11
white.day3_TACTTGTCAAGTCTGT-1	10
white.day3_TACTTGTCACACCGAC-1	12
white.day3_TACTTGTCACGCCAGT-1	10
white.day3_TACTTGTCACGTCAGC-1	12
white.day3_TACTTGTCAGCTCGAC-1	10
white.day3_TACTTGTCATCCGCGA-1	12
white.day3_TACTTGTCATCGACGC-1	8
white.day3_TACTTGTCATTGCGGC-1	9
white.day3_TACTTGTGTACCGCTG-1	9
white.day3_TACTTGTGTATAAACG-1	10
white.day3_TACTTGTGTATTCGTG-1	9
white.day3_TACTTGTGTCAATGTC-1	9
white.day3_TACTTGTGTCCGTTAA-1	11
white.day3_TACTTGTGTTATCACG-1	8
white.day3_TACTTGTTCAACACTG-1	8
white.day3_TACTTGTTCCAAATGC-1	11
white.day3_TACTTGTTCCGAGCCA-1	7
white.day3_TACTTGTTCGTTACAG-1	9
white.day3_TACTTGTTCTAACTGG-1	9
white.day3_TAGACCAAGATAGCAT-1	9
white.day3_TAGACCAAGCCCTAAT-1	11
white.day3_TAGACCAAGGTCATCT-1	12
white.day3_TAGACCAAGGTGATTA-1	10
white.day3_TAGACCAAGTCGCCGT-1	11
white.day3_TAGACCACACATCCGG-1	9
white.day3_TAGACCACACGCATCG-1	12
white.day3_TAGACCACATGCTGGC-1	12
white.day3_TAGACCACATTATCTC-1	10
white.day3_TAGACCAGTACGAAAT-1	11
white.day3_TAGACCAGTCATACTG-1	10
white.day3_TAGACCAGTCCAGTAT-1	12
white.day3_TAGACCAGTTTCGCTC-1	10
white.day3_TAGACCATCAAACGGG-1	8
white.day3_TAGACCATCAAAGTAG-1	10
white.day3_TAGACCATCATTGCGA-1	7
white.day3_TAGACCATCTCCAACC-1	11
white.day3_TAGAGCTAGAATTGTG-1	12
white.day3_TAGAGCTAGCTACCGC-1	6
white.day3_TAGAGCTAGGAGCGAG-1	8
white.day3_TAGAGCTAGTCATCCA-1	10
white.day3_TAGAGCTAGTGGGCTA-1	10
white.day3_TAGAGCTCAAATACAG-1	9
white.day3_TAGAGCTCAAGACGTG-1	10
white.day3_TAGAGCTCAAGAGGCT-1	12
white.day3_TAGAGCTCAAGTCTAC-1	8
white.day3_TAGAGCTCACAGGAGT-1	3
white.day3_TAGAGCTCACCAGTTA-1	12
white.day3_TAGAGCTCACCTATCC-1	12
white.day3_TAGAGCTCACGACGAA-1	10
white.day3_TAGAGCTCACTGAAGG-1	9
white.day3_TAGAGCTCAGGATTGG-1	8
white.day3_TAGAGCTCAGGTCCAC-1	10
white.day3_TAGAGCTCATAAAGGT-1	12
white.day3_TAGAGCTCATCGACGC-1	10
white.day3_TAGAGCTCATCTATGG-1	8
white.day3_TAGAGCTCATGGAATA-1	12
white.day3_TAGAGCTGTAAGTAGT-1	10
white.day3_TAGAGCTGTGAAGGCT-1	8
white.day3_TAGAGCTGTTAGGGTG-1	11
white.day3_TAGAGCTGTTCGGCAC-1	8
white.day3_TAGAGCTTCAGCGATT-1	10
white.day3_TAGAGCTTCAGGCAAG-1	10
white.day3_TAGAGCTTCATGTGGT-1	12
white.day3_TAGAGCTTCCAAATGC-1	8
white.day3_TAGAGCTTCGTTGCCT-1	8
white.day3_TAGAGCTTCTCCAACC-1	10
white.day3_TAGCCGGAGCCCGAAA-1	8
white.day3_TAGCCGGAGGACATTA-1	12
white.day3_TAGCCGGAGGGTATCG-1	9
white.day3_TAGCCGGAGTGAACAT-1	8
white.day3_TAGCCGGAGTGAACGC-1	8
white.day3_TAGCCGGCAAACGCGA-1	11
white.day3_TAGCCGGCAACACGCC-1	12
white.day3_TAGCCGGCAAGGTTCT-1	8
white.day3_TAGCCGGCACCATGTA-1	5
white.day3_TAGCCGGCACTTACGA-1	8
white.day3_TAGCCGGCAGTAGAGC-1	11
white.day3_TAGCCGGGTCAGAGGT-1	8
white.day3_TAGCCGGGTCGTTGTA-1	12
white.day3_TAGCCGGGTCTCCACT-1	8
white.day3_TAGCCGGGTCTGATCA-1	11
white.day3_TAGCCGGGTTATTCTC-1	12
white.day3_TAGCCGGTCATACGGT-1	8
white.day3_TAGCCGGTCATCTGCC-1	8
white.day3_TAGCCGGTCCTTAATC-1	5
white.day3_TAGCCGGTCGGCTTGG-1	7
white.day3_TAGCCGGTCGTCCAGG-1	12
white.day3_TAGCCGGTCTGTCTCG-1	10
white.day3_TAGGCATAGATAGCAT-1	11
white.day3_TAGGCATAGATGTTAG-1	9
white.day3_TAGGCATAGCAGCGTA-1	8
white.day3_TAGGCATAGCCACGTC-1	12
white.day3_TAGGCATAGCGCCTCA-1	12
white.day3_TAGGCATAGCGTTGCC-1	8
white.day3_TAGGCATAGCTGTTCA-1	12
white.day3_TAGGCATCAAACCCAT-1	10
white.day3_TAGGCATCAAGAGTCG-1	9
white.day3_TAGGCATCAAGCGATG-1	11
white.day3_TAGGCATCAGGGAGAG-1	6
white.day3_TAGGCATCATCCCACT-1	7
white.day3_TAGGCATCATTCTCAT-1	10
white.day3_TAGGCATGTATTCTCT-1	9
white.day3_TAGGCATGTGATGATA-1	12
white.day3_TAGGCATGTGCGCTTG-1	9
white.day3_TAGGCATGTTGGTAAA-1	12
white.day3_TAGGCATTCAGAAATG-1	11
white.day3_TAGGCATTCCGAATGT-1	10
white.day3_TAGGCATTCCGAGCCA-1	12
white.day3_TAGGCATTCGAGAACG-1	8
white.day3_TAGGCATTCTCATTCA-1	12
white.day3_TAGGCATTCTCTTATG-1	8
white.day3_TAGTGGTAGACAATAC-1	8
white.day3_TAGTGGTAGATAGGAG-1	12
white.day3_TAGTGGTAGGACACCA-1	12
white.day3_TAGTGGTAGTGGGTTG-1	10
white.day3_TAGTGGTAGTGTCTCA-1	9
white.day3_TAGTGGTAGTTAGCGG-1	12
white.day3_TAGTGGTCACAACTGT-1	8
white.day3_TAGTGGTCACGGCGTT-1	9
white.day3_TAGTGGTCAGTATGCT-1	10
white.day3_TAGTGGTCATACTCTT-1	9
white.day3_TAGTGGTGTAAGTGTA-1	11
white.day3_TAGTGGTGTATGAATG-1	8
white.day3_TAGTGGTGTCAGGACA-1	9
white.day3_TAGTGGTGTGTGTGCC-1	12
white.day3_TAGTGGTGTTCCAACA-1	7
white.day3_TAGTGGTTCACATACG-1	10
white.day3_TAGTGGTTCACCATAG-1	11
white.day3_TAGTGGTTCATAGCAC-1	8
white.day3_TAGTGGTTCATCTGCC-1	8
white.day3_TAGTGGTTCCAAAGTC-1	12
white.day3_TAGTGGTTCCATGCTC-1	3
white.day3_TAGTGGTTCCCTAACC-1	11
white.day3_TAGTGGTTCGCCATAA-1	12
white.day3_TAGTGGTTCGGCGGTT-1	9
white.day3_TAGTGGTTCTCTAGGA-1	12
white.day3_TAGTTGGAGAAGGACA-1	8
white.day3_TAGTTGGAGACCTTTG-1	10
white.day3_TAGTTGGAGAGCTGCA-1	8
white.day3_TAGTTGGAGCCGCCTA-1	12
white.day3_TAGTTGGAGCGAGAAA-1	10
white.day3_TAGTTGGAGCGTTTAC-1	9
white.day3_TAGTTGGAGGTGACCA-1	10
white.day3_TAGTTGGAGTCTCAAC-1	8
white.day3_TAGTTGGCAAGTTAAG-1	4
white.day3_TAGTTGGCAATAACGA-1	11
white.day3_TAGTTGGCACGTGAGA-1	10
white.day3_TAGTTGGCAGTTTACG-1	12
white.day3_TAGTTGGCATGAACCT-1	12
white.day3_TAGTTGGCATGCCTAA-1	12
white.day3_TAGTTGGCATTACCTT-1	11
white.day3_TAGTTGGGTAAGGGCT-1	12
white.day3_TAGTTGGGTAAGTGTA-1	12
white.day3_TAGTTGGGTCCCTTGT-1	8
white.day3_TAGTTGGGTCCGCTGA-1	12
white.day3_TAGTTGGGTCGGCTCA-1	10
white.day3_TAGTTGGGTCTCTTAT-1	8
white.day3_TAGTTGGGTCTGATTG-1	10
white.day3_TAGTTGGGTTCAGCGC-1	10
white.day3_TAGTTGGGTTGCCTCT-1	8
white.day3_TAGTTGGTCATACGGT-1	9
white.day3_TAGTTGGTCCCTAATT-1	8
white.day3_TAGTTGGTCCGCATCT-1	9
white.day3_TAGTTGGTCTATGTGG-1	8
white.day3_TAGTTGGTCTGTCTCG-1	9
white.day3_TATCAGGAGATAGGAG-1	9
white.day3_TATCAGGAGCCTCGTG-1	12
white.day3_TATCAGGAGGGTATCG-1	12
white.day3_TATCAGGAGTCTCAAC-1	9
white.day3_TATCAGGCAATCACAC-1	9
white.day3_TATCAGGCACAACTGT-1	11
white.day3_TATCAGGCACACTGCG-1	10
white.day3_TATCAGGCATGGTAGG-1	12
white.day3_TATCAGGGTAGCTCCG-1	7
white.day3_TATCAGGTCCTGCCAT-1	11
white.day3_TATCAGGTCCTTGCCA-1	8
white.day3_TATCAGGTCGTTACGA-1	12
white.day3_TATCAGGTCTTGTATC-1	8
white.day3_TATCTCAAGAGAGCTC-1	11
white.day3_TATCTCAAGAGTAATC-1	7
white.day3_TATCTCAAGCTGGAAC-1	8
white.day3_TATCTCAAGGCAGTCA-1	9
white.day3_TATCTCAAGGTGTGGT-1	10
white.day3_TATCTCAAGTGTACGG-1	5
white.day3_TATCTCACAGGGCATA-1	7
white.day3_TATCTCACAGTGGGAT-1	10
white.day3_TATCTCACATTACGAC-1	12
white.day3_TATCTCAGTAAGAGGA-1	10
white.day3_TATCTCAGTAGAAGGA-1	8
white.day3_TATCTCAGTCAGAGGT-1	10
white.day3_TATCTCAGTCTAGCCG-1	11
white.day3_TATCTCAGTCTTCAAG-1	11
white.day3_TATCTCAGTGCAGACA-1	12
white.day3_TATCTCAGTTCGTCTC-1	10
white.day3_TATCTCAGTTTGTTGG-1	12
white.day3_TATCTCATCAGGTAAA-1	8
white.day3_TATCTCATCATTGCCC-1	6
white.day3_TATCTCATCCGCATCT-1	12
white.day3_TATCTCATCCGTACAA-1	8
white.day3_TATCTCATCTAACCGA-1	12
white.day3_TATCTCATCTAGAGTC-1	12
white.day3_TATCTCATCTGAGTGT-1	12
white.day3_TATCTCATCTGGGCCA-1	12
white.day3_TATCTCATCTGTACGA-1	8
white.day3_TATGCCCAGAAGATTC-1	12
white.day3_TATGCCCAGTGCGATG-1	8
white.day3_TATGCCCCAAACGCGA-1	12
white.day3_TATGCCCCAAGAGTCG-1	9
white.day3_TATGCCCCACACAGAG-1	9
white.day3_TATGCCCCACCGTTGG-1	6
white.day3_TATGCCCCACGAAACG-1	12
white.day3_TATGCCCCAGCCAATT-1	11
white.day3_TATGCCCCATTTGCTT-1	11
white.day3_TATGCCCGTATATCCG-1	7
white.day3_TATGCCCGTCCGCTGA-1	12
white.day3_TATGCCCGTTAAGGGC-1	8
white.day3_TATGCCCTCAGCTCGG-1	12
white.day3_TATGCCCTCAGTCCCT-1	12
white.day3_TATGCCCTCATGCATG-1	12
white.day3_TATGCCCTCGCAAACT-1	10
white.day3_TATGCCCTCTCAAACG-1	10
white.day3_TATGCCCTCTTACCTA-1	8
white.day3_TATTACCAGACCTTTG-1	3
white.day3_TATTACCAGGACGAAA-1	12
white.day3_TATTACCAGGATATAC-1	12
white.day3_TATTACCCACGCGAAA-1	12
white.day3_TATTACCCAGATTGCT-1	9
white.day3_TATTACCGTCGAATCT-1	6
white.day3_TATTACCGTGCTAGCC-1	8
white.day3_TATTACCGTTCCTCCA-1	7
white.day3_TATTACCGTTCTGAAC-1	9
white.day3_TATTACCTCAAACGGG-1	12
white.day3_TATTACCTCTCGGACG-1	12
white.day3_TCAACGAAGAGGACGG-1	11
white.day3_TCAACGAAGATCCCGC-1	8
white.day3_TCAACGAAGGGTGTTG-1	8
white.day3_TCAACGAAGGTGCTTT-1	11
white.day3_TCAACGAAGTCAAGGC-1	10
white.day3_TCAACGAAGTGTTAGA-1	8
white.day3_TCAACGAAGTTGTCGT-1	12
white.day3_TCAACGACAACACGCC-1	11
white.day3_TCAACGACAAGGACAC-1	8
white.day3_TCAACGACAAGTAATG-1	8
white.day3_TCAACGACAATTCCTT-1	11
white.day3_TCAACGACACAGGCCT-1	9
white.day3_TCAACGACACCGCTAG-1	11
white.day3_TCAACGACACTGTTAG-1	11
white.day3_TCAACGACAGGCGATA-1	8
white.day3_TCAACGACAGTTAACC-1	5
white.day3_TCAACGATCAGTGTTG-1	11
white.day3_TCAACGATCATTGCGA-1	11
white.day3_TCAACGATCGTTACGA-1	12
white.day3_TCAACGATCTATCCTA-1	7
white.day3_TCAACGATCTGAGGGA-1	9
white.day3_TCAATCTAGACCCACC-1	12
white.day3_TCAATCTAGCGTGTCC-1	10
white.day3_TCAATCTAGCTCCCAG-1	12
white.day3_TCAATCTAGGAACTGC-1	12
white.day3_TCAATCTAGGCCCTCA-1	12
white.day3_TCAATCTAGTAATCCC-1	8
white.day3_TCAATCTAGTGCGTGA-1	12
white.day3_TCAATCTCAGACACTT-1	10
white.day3_TCAATCTCAGCCAATT-1	8
white.day3_TCAATCTCAGCTGCTG-1	5
white.day3_TCAATCTCATGAAGTA-1	9
white.day3_TCAATCTCATGTTCCC-1	11
white.day3_TCAATCTGTAAATGTG-1	8
white.day3_TCAATCTGTACTTAGC-1	10
white.day3_TCAATCTGTAGATTAG-1	8
white.day3_TCAATCTGTAGCACGA-1	11
white.day3_TCAATCTGTATTAGCC-1	5
white.day3_TCAATCTGTCAGTGGA-1	3
white.day3_TCAATCTGTGCTAGCC-1	7
white.day3_TCAATCTGTTACCAGT-1	9
white.day3_TCAATCTTCAAACCAC-1	11
white.day3_TCAATCTTCAACACGT-1	12
white.day3_TCAATCTTCCAAGTAC-1	12
white.day3_TCAATCTTCCACTCCA-1	11
white.day3_TCAATCTTCCACTGGG-1	9
white.day3_TCAATCTTCCTCAACC-1	8
white.day3_TCAATCTTCCTTCAAT-1	8
white.day3_TCAATCTTCGTGACAT-1	9
white.day3_TCACAAGAGACGACGT-1	11
white.day3_TCACAAGAGAGTGAGA-1	11
white.day3_TCACAAGAGCCCGAAA-1	11
white.day3_TCACAAGAGCTTTGGT-1	12
white.day3_TCACAAGAGGGTCGAT-1	12
white.day3_TCACAAGAGTCATGCT-1	7
white.day3_TCACAAGAGTTATCGC-1	12
white.day3_TCACAAGCAAGCTGAG-1	11
white.day3_TCACAAGCAATCCGAT-1	6
white.day3_TCACAAGCACTAAGTC-1	12
white.day3_TCACAAGCACTTGGAT-1	10
white.day3_TCACAAGCAGGGTATG-1	8
white.day3_TCACAAGCATCACAAC-1	7
white.day3_TCACAAGCATGCAATC-1	8
white.day3_TCACAAGGTAAGTGTA-1	12
white.day3_TCACAAGGTCGAATCT-1	8
white.day3_TCACAAGGTCTGCGGT-1	12
white.day3_TCACAAGGTGAGGCTA-1	3
white.day3_TCACAAGGTGATGTCT-1	7
white.day3_TCACAAGGTTCTGGTA-1	12
white.day3_TCACAAGTCAACACAC-1	9
white.day3_TCACAAGTCATCGGAT-1	8
white.day3_TCACAAGTCCACGACG-1	10
white.day3_TCACAAGTCCTAGGGC-1	10
white.day3_TCACAAGTCGCCGTGA-1	9
white.day3_TCACAAGTCTATGTGG-1	12
white.day3_TCACAAGTCTGTACGA-1	12
white.day3_TCACAAGTCTTGCATT-1	12
white.day3_TCACGAAAGACAGACC-1	8
white.day3_TCACGAAAGACGCACA-1	10
white.day3_TCACGAAAGCGATGAC-1	11
white.day3_TCACGAAAGGATGTAT-1	7
white.day3_TCACGAAAGTACCGGA-1	7
white.day3_TCACGAAAGTGTGGCA-1	6
white.day3_TCACGAACAGAAGCAC-1	8
white.day3_TCACGAACAGGGTATG-1	11
white.day3_TCACGAAGTCAACATC-1	12
white.day3_TCACGAAGTCAATACC-1	9
white.day3_TCACGAATCACGCGGT-1	11
white.day3_TCACGAATCAGGTTCA-1	8
white.day3_TCACGAATCAGTGTTG-1	11
white.day3_TCACGAATCCGTACAA-1	6
white.day3_TCAGATGAGAATTCCC-1	9
white.day3_TCAGATGAGAATTGTG-1	9
white.day3_TCAGATGAGATCGGGT-1	7
white.day3_TCAGATGAGCTATGCT-1	6
white.day3_TCAGATGAGCTGAACG-1	10
white.day3_TCAGATGAGGACTGGT-1	8
white.day3_TCAGATGAGGCAGGTT-1	8
white.day3_TCAGATGAGTACGTTC-1	8
white.day3_TCAGATGCACCTCGTT-1	8
white.day3_TCAGATGCACGTTGGC-1	8
white.day3_TCAGATGCAGATGGCA-1	12
white.day3_TCAGATGCAGCCAGAA-1	10
white.day3_TCAGATGGTAAATACG-1	12
white.day3_TCAGATGGTAGCGCAA-1	6
white.day3_TCAGATGGTATAGTAG-1	12
white.day3_TCAGATGGTCCAGTGC-1	10
white.day3_TCAGATGGTCTCATCC-1	12
white.day3_TCAGATGGTCTGATTG-1	9
white.day3_TCAGATGGTGAGTATA-1	10
white.day3_TCAGATGGTGCGCTTG-1	9
white.day3_TCAGATGGTGTCAATC-1	10
white.day3_TCAGATGGTGTCTGAT-1	10
white.day3_TCAGATGGTTATCCGA-1	9
white.day3_TCAGATGGTTGGACCC-1	10
white.day3_TCAGATGGTTGGAGGT-1	8
white.day3_TCAGATGTCAGTCAGT-1	10
white.day3_TCAGATGTCATGTCCC-1	12
white.day3_TCAGATGTCCGAATGT-1	12
white.day3_TCAGATGTCGACGGAA-1	10
white.day3_TCAGATGTCGGAAATA-1	11
white.day3_TCAGATGTCTGCGTAA-1	8
white.day3_TCAGATGTCTTTAGTC-1	10
white.day3_TCAGCAAAGAAGGGTA-1	11
white.day3_TCAGCAAAGACCCACC-1	12
white.day3_TCAGCAAAGATGGGTC-1	12
white.day3_TCAGCAAAGGCGTACA-1	12
white.day3_TCAGCAAAGTGACTCT-1	12
white.day3_TCAGCAAAGTTTCCTT-1	11
white.day3_TCAGCAACAATGCCAT-1	12
white.day3_TCAGCAACATACCATG-1	11
white.day3_TCAGCAACATCCGGGT-1	5
white.day3_TCAGCAACATCCGTGG-1	8
white.day3_TCAGCAAGTAAGCACG-1	8
white.day3_TCAGCAAGTAGCAAAT-1	12
white.day3_TCAGCAAGTCATCGGC-1	8
white.day3_TCAGCAAGTCGAACAG-1	7
white.day3_TCAGCAAGTCTAAACC-1	7
white.day3_TCAGCAAGTCTTTCAT-1	11
white.day3_TCAGCAAGTGATGTCT-1	6
white.day3_TCAGCAAGTTAAGATG-1	10
white.day3_TCAGCAATCAACGGCC-1	9
white.day3_TCAGCAATCCCAAGAT-1	7
white.day3_TCAGCAATCCGCTGTT-1	12
white.day3_TCAGCAATCGCAAGCC-1	11
white.day3_TCAGCAATCTGGAGCC-1	12
white.day3_TCAGCTCAGGAACTGC-1	12
white.day3_TCAGCTCAGGGCACTA-1	11
white.day3_TCAGCTCAGTATTGGA-1	10
white.day3_TCAGCTCAGTCGTTTG-1	10
white.day3_TCAGCTCAGTGAACAT-1	8
white.day3_TCAGCTCCAGCTCGAC-1	6
white.day3_TCAGCTCCATCGGTTA-1	7
white.day3_TCAGCTCGTAAGCACG-1	8
white.day3_TCAGCTCGTAGAGGAA-1	8
white.day3_TCAGCTCGTAGCTCCG-1	10
white.day3_TCAGCTCGTCGCGAAA-1	12
white.day3_TCAGCTCGTCTCTTAT-1	9
white.day3_TCAGCTCGTGGCGAAT-1	12
white.day3_TCAGCTCGTGTGGTTT-1	7
white.day3_TCAGCTCGTGTTTGTG-1	6
white.day3_TCAGCTCGTTACGCGC-1	5
white.day3_TCAGCTCGTTCGAATC-1	10
white.day3_TCAGCTCTCAGCAACT-1	10
white.day3_TCAGCTCTCAGTTCGA-1	9
white.day3_TCAGCTCTCCAAAGTC-1	6
white.day3_TCAGCTCTCCGAATGT-1	12
white.day3_TCAGCTCTCCTCCTAG-1	8
white.day3_TCAGCTCTCGCGCCAA-1	8
white.day3_TCAGCTCTCTAACGGT-1	8
white.day3_TCAGCTCTCTTCCTTC-1	9
white.day3_TCAGGATAGCACCGCT-1	10
white.day3_TCAGGATAGCTAGCCC-1	7
white.day3_TCAGGATAGTACATGA-1	7
white.day3_TCAGGATAGTGACATA-1	8
white.day3_TCAGGATAGTGTACCT-1	10
white.day3_TCAGGATAGTTAACGA-1	12
white.day3_TCAGGATCACAAGACG-1	11
white.day3_TCAGGATCACAGATTC-1	8
white.day3_TCAGGATCACGAAATA-1	12
white.day3_TCAGGATCACGGATAG-1	9
white.day3_TCAGGATCAGCCTATA-1	8
white.day3_TCAGGATCAGGCTCAC-1	8
white.day3_TCAGGATCAGTAACGG-1	12
white.day3_TCAGGATCAGTCGATT-1	6
white.day3_TCAGGATCATGCCTTC-1	10
white.day3_TCAGGATCATTACCTT-1	12
white.day3_TCAGGATGTAGCTGCC-1	8
white.day3_TCAGGATGTATATGGA-1	12
white.day3_TCAGGATGTCATCCCT-1	10
white.day3_TCAGGATGTCATGCCG-1	12
white.day3_TCAGGATTCAAAGACA-1	7
white.day3_TCAGGATTCATGGTCA-1	9
white.day3_TCAGGATTCCAAATGC-1	8
white.day3_TCAGGATTCCGCTGTT-1	11
white.day3_TCAGGATTCCTACAGA-1	12
white.day3_TCAGGATTCCTCAATT-1	7
white.day3_TCAGGATTCGGCGCTA-1	9
white.day3_TCAGGATTCTTAGAGC-1	12
white.day3_TCAGGTAAGGGTCGAT-1	12
white.day3_TCAGGTAAGTTATCGC-1	12
white.day3_TCAGGTACACCGAAAG-1	10
white.day3_TCAGGTACACTTCGAA-1	8
white.day3_TCAGGTACAGTAAGAT-1	12
white.day3_TCAGGTACATCCGGGT-1	12
white.day3_TCAGGTACATCCTTGC-1	10
white.day3_TCAGGTACATGGTCTA-1	12
white.day3_TCAGGTAGTAAACACA-1	12
white.day3_TCAGGTAGTACTCAAC-1	12
white.day3_TCAGGTAGTCAACTGT-1	12
white.day3_TCAGGTAGTCGAACAG-1	12
white.day3_TCAGGTAGTGCCTGCA-1	11
white.day3_TCAGGTAGTTATGCGT-1	10
white.day3_TCAGGTATCACCTCGT-1	12
white.day3_TCAGGTATCAGTACGT-1	12
white.day3_TCAGGTATCATCTGTT-1	8
white.day3_TCAGGTATCGGATGGA-1	7
white.day3_TCAGGTATCGGTGTTA-1	8
white.day3_TCAGGTATCGTCTGCT-1	11
white.day3_TCAGGTATCTACTTAC-1	8
white.day3_TCAGGTATCTGCCCTA-1	7
white.day3_TCATTACAGACAAGCC-1	12
white.day3_TCATTACAGCACACAG-1	12
white.day3_TCATTACAGCACAGGT-1	12
white.day3_TCATTACAGGTAAACT-1	5
white.day3_TCATTACAGTCATGCT-1	10
white.day3_TCATTACAGTGAAGTT-1	8
white.day3_TCATTACCAAATTGCC-1	12
white.day3_TCATTACCAAGCCGCT-1	8
white.day3_TCATTACCAAGCTGTT-1	10
white.day3_TCATTACCAGGACGTA-1	9
white.day3_TCATTACCAGGCTCAC-1	7
white.day3_TCATTACCAGGTCCAC-1	11
white.day3_TCATTACCATCGGAAG-1	11
white.day3_TCATTACCATGAACCT-1	9
white.day3_TCATTACGTACTTAGC-1	6
white.day3_TCATTACGTAGAGTGC-1	7
white.day3_TCATTACGTAGCTGCC-1	12
white.day3_TCATTACGTCAACTGT-1	3
white.day3_TCATTACGTCAGTGGA-1	8
white.day3_TCATTACGTCCAGTGC-1	10
white.day3_TCATTACGTGGCCCTA-1	12
white.day3_TCATTACGTTCGTTGA-1	10
white.day3_TCATTACTCAGTTTGG-1	11
white.day3_TCATTACTCATAAAGG-1	9
white.day3_TCATTACTCCACTCCA-1	8
white.day3_TCATTACTCCTTGACC-1	6
white.day3_TCATTACTCGCGATCG-1	7
white.day3_TCATTACTCTTCAACT-1	12
white.day3_TCATTTGAGAGGTTGC-1	10
white.day3_TCATTTGAGCCAGGAT-1	9
white.day3_TCATTTGAGCTAGGCA-1	7
white.day3_TCATTTGAGTCTCAAC-1	7
white.day3_TCATTTGCAAGAAAGG-1	12
white.day3_TCATTTGCACCGATAT-1	10
white.day3_TCATTTGCACTTACGA-1	11
white.day3_TCATTTGCAGACTCGC-1	12
white.day3_TCATTTGCAGTCCTTC-1	7
white.day3_TCATTTGCATATGAGA-1	10
white.day3_TCATTTGCATCAGTCA-1	12
white.day3_TCATTTGCATTCGACA-1	12
white.day3_TCATTTGGTACCAGTT-1	10
white.day3_TCATTTGGTCACCTAA-1	9
white.day3_TCATTTGGTCCTAGCG-1	8
white.day3_TCATTTGGTCCTGCTT-1	12
white.day3_TCATTTGGTCGGATCC-1	5
white.day3_TCATTTGGTCTCTCTG-1	11
white.day3_TCATTTGGTGCCTGTG-1	7
white.day3_TCATTTGGTGCTTCTC-1	12
white.day3_TCATTTGGTTAAGGGC-1	12
white.day3_TCATTTGGTTCTGTTT-1	8
white.day3_TCATTTGTCAGTACGT-1	6
white.day3_TCATTTGTCCAAACAC-1	9
white.day3_TCATTTGTCCTCAACC-1	11
white.day3_TCATTTGTCGGCGCAT-1	9
white.day3_TCCACACAGAGTTGGC-1	8
white.day3_TCCACACAGATGCGAC-1	12
white.day3_TCCACACAGGATGCGT-1	9
white.day3_TCCACACAGGCAATTA-1	11
white.day3_TCCACACAGGGATGGG-1	5
white.day3_TCCACACAGGGTGTTG-1	10
white.day3_TCCACACCACTTAACG-1	12
white.day3_TCCACACCATCATCCC-1	12
white.day3_TCCACACCATTATCTC-1	8
white.day3_TCCACACCATTTCAGG-1	9
white.day3_TCCACACGTAAGCACG-1	8
white.day3_TCCACACGTAAGGGCT-1	7
white.day3_TCCACACGTCAAAGCG-1	6
white.day3_TCCACACGTTACTGAC-1	8
white.day3_TCCACACGTTCAGACT-1	9
white.day3_TCCACACTCACGCGGT-1	11
white.day3_TCCACACTCATTCACT-1	9
white.day3_TCCACACTCCGAGCCA-1	7
white.day3_TCCACACTCTCGGACG-1	12
white.day3_TCCACACTCTGCTTGC-1	12
white.day3_TCCACACTCTTGCCGT-1	7
white.day3_TCCCGATAGAAACGCC-1	8
white.day3_TCCCGATAGAAGGTGA-1	9
white.day3_TCCCGATAGCACACAG-1	9
white.day3_TCCCGATAGCGCTCCA-1	8
white.day3_TCCCGATAGGAATCGC-1	7
white.day3_TCCCGATAGGATGTAT-1	10
white.day3_TCCCGATAGGTGTTAA-1	9
white.day3_TCCCGATAGTAAGTAC-1	9
white.day3_TCCCGATAGTATTGGA-1	7
white.day3_TCCCGATAGTCATCCA-1	7
white.day3_TCCCGATAGTGAACGC-1	12
white.day3_TCCCGATCACCCATTC-1	8
white.day3_TCCCGATCACTGTTAG-1	12
white.day3_TCCCGATCAGCTGTTA-1	12
white.day3_TCCCGATCAGGGTACA-1	6
white.day3_TCCCGATCAGGTTTCA-1	12
white.day3_TCCCGATCATACGCCG-1	9
white.day3_TCCCGATCATTTGCTT-1	11
white.day3_TCCCGATGTACCGTTA-1	9
white.day3_TCCCGATGTAGAAAGG-1	12
white.day3_TCCCGATGTCTCTCTG-1	12
white.day3_TCCCGATGTGCAGTAG-1	11
white.day3_TCCCGATGTTGCGTTA-1	12
white.day3_TCCCGATTCACGATGT-1	9
white.day3_TCCCGATTCACTATTC-1	12
white.day3_TCGAGGCAGAGGGCTT-1	12
white.day3_TCGAGGCAGAGTAAGG-1	11
white.day3_TCGAGGCAGGATCGCA-1	9
white.day3_TCGAGGCAGTACATGA-1	8
white.day3_TCGAGGCAGTGGTAAT-1	12
white.day3_TCGAGGCCACGCATCG-1	12
white.day3_TCGAGGCCACGTCTCT-1	10
white.day3_TCGAGGCCAGATCGGA-1	12
white.day3_TCGAGGCCATCGACGC-1	8
white.day3_TCGAGGCGTACGCTGC-1	11
white.day3_TCGAGGCGTAGCGTAG-1	7
white.day3_TCGAGGCGTAGCTCCG-1	12
white.day3_TCGAGGCGTCAACATC-1	10
white.day3_TCGAGGCGTCATATGC-1	5
white.day3_TCGAGGCGTCCAGTAT-1	8
white.day3_TCGAGGCGTCGCCATG-1	8
white.day3_TCGAGGCGTCTGATCA-1	9
white.day3_TCGAGGCGTGGTACAG-1	8
white.day3_TCGAGGCGTTCAGGCC-1	7
white.day3_TCGAGGCGTTCCCTTG-1	8
white.day3_TCGAGGCGTTCCGTCT-1	10
white.day3_TCGAGGCTCAAACAAG-1	12
white.day3_TCGAGGCTCCACGTTC-1	8
white.day3_TCGAGGCTCGCCAAAT-1	12
white.day3_TCGAGGCTCGGAGCAA-1	8
white.day3_TCGAGGCTCTATCCTA-1	8
white.day3_TCGCGAGAGACATAAC-1	12
white.day3_TCGCGAGAGACTTGAA-1	11
white.day3_TCGCGAGAGCCTTGAT-1	10
white.day3_TCGCGAGAGGTGGGTT-1	10
white.day3_TCGCGAGAGTGACATA-1	8
white.day3_TCGCGAGAGTTTAGGA-1	5
white.day3_TCGCGAGCAACGCACC-1	10
white.day3_TCGCGAGCACACTGCG-1	7
white.day3_TCGCGAGCACGGTTTA-1	9
white.day3_TCGCGAGCACGTGAGA-1	3
white.day3_TCGCGAGCACTAGTAC-1	9
white.day3_TCGCGAGCACTTCGAA-1	12
white.day3_TCGCGAGCAGTGGAGT-1	12
white.day3_TCGCGAGGTAGGAGTC-1	10
white.day3_TCGCGAGGTCGGCTCA-1	12
white.day3_TCGCGAGGTTGGACCC-1	6
white.day3_TCGCGAGTCAGTTCGA-1	8
white.day3_TCGCGAGTCCATGAGT-1	10
white.day3_TCGCGAGTCCGCAAGC-1	10
white.day3_TCGCGAGTCCGCGGTA-1	10
white.day3_TCGCGAGTCCGTTGCT-1	9
white.day3_TCGCGAGTCCTTTACA-1	12
white.day3_TCGCGAGTCGTGACAT-1	7
white.day3_TCGCGTTAGACAGACC-1	12
white.day3_TCGCGTTAGACTAGAT-1	12
white.day3_TCGCGTTAGCCACTAT-1	7
white.day3_TCGCGTTAGCGTTCCG-1	10
white.day3_TCGCGTTAGCTAACTC-1	12
white.day3_TCGCGTTAGGAATCGC-1	8
white.day3_TCGCGTTAGTCATGCT-1	12
white.day3_TCGCGTTAGTGTGAAT-1	10
white.day3_TCGCGTTCAAAGTGCG-1	12
white.day3_TCGCGTTCAATAGAGT-1	8
white.day3_TCGCGTTCAGCGTCCA-1	12
white.day3_TCGCGTTCAGGAATCG-1	10
white.day3_TCGCGTTCAGGTCCAC-1	11
white.day3_TCGCGTTCAGTGACAG-1	11
white.day3_TCGCGTTCATGCCCGA-1	8
white.day3_TCGCGTTCATGGATGG-1	8
white.day3_TCGCGTTGTATAAACG-1	12
white.day3_TCGCGTTGTCGCGTGT-1	8
white.day3_TCGCGTTTCATCGATG-1	12
white.day3_TCGCGTTTCCCACTTG-1	10
white.day3_TCGCGTTTCCGCATCT-1	8
white.day3_TCGCGTTTCGGAAACG-1	10
white.day3_TCGGGACAGACAGGCT-1	6
white.day3_TCGGGACAGCGTAGTG-1	12
white.day3_TCGGGACAGCTAAACA-1	9
white.day3_TCGGGACAGCTACCGC-1	12
white.day3_TCGGGACAGGGAGTAA-1	11
white.day3_TCGGGACAGGTAGCTG-1	7
white.day3_TCGGGACAGTCAATAG-1	9
white.day3_TCGGGACCAAATTGCC-1	8
white.day3_TCGGGACCAAGCCTAT-1	9
white.day3_TCGGGACCAAGCTGAG-1	9
white.day3_TCGGGACCAATAGCGG-1	8
white.day3_TCGGGACCACAGGAGT-1	12
white.day3_TCGGGACCACATCTTT-1	10
white.day3_TCGGGACGTACTCAAC-1	10
white.day3_TCGGGACGTAGCGATG-1	12
white.day3_TCGGGACGTATTAGCC-1	8
white.day3_TCGGGACGTCAAAGAT-1	7
white.day3_TCGGGACGTGTCGCTG-1	12
white.day3_TCGGGACGTGTGCCTG-1	8
white.day3_TCGGGACGTTAAGATG-1	12
white.day3_TCGGGACGTTCGAATC-1	7
white.day3_TCGGGACGTTGCCTCT-1	8
white.day3_TCGGGACTCATCACCC-1	12
white.day3_TCGGGACTCATGTGGT-1	11
white.day3_TCGGGACTCCTACAGA-1	10
white.day3_TCGGGACTCCTGCTTG-1	8
white.day3_TCGGGACTCGAACTGT-1	10
white.day3_TCGGGACTCGACAGCC-1	10
white.day3_TCGGGACTCGGACAAG-1	7
white.day3_TCGGGACTCGTGACAT-1	12
white.day3_TCGGTAAAGAACAATC-1	9
white.day3_TCGGTAAAGCGTAATA-1	12
white.day3_TCGGTAAAGGAATGGA-1	11
white.day3_TCGGTAAAGGAGTAGA-1	8
white.day3_TCGGTAAAGTGGGATC-1	5
white.day3_TCGGTAAAGTTTCCTT-1	7
white.day3_TCGGTAACAACCGCCA-1	10
white.day3_TCGGTAACATCCCATC-1	12
white.day3_TCGGTAACATCCTAGA-1	11
white.day3_TCGGTAAGTGGGTCAA-1	12
white.day3_TCGGTAAGTTCAACCA-1	9
white.day3_TCGGTAATCAAACCAC-1	12
white.day3_TCGGTAATCAACCATG-1	11
white.day3_TCGGTAATCCGCAGTG-1	12
white.day3_TCGGTAATCCGCGTTT-1	12
white.day3_TCGGTAATCGTTACGA-1	5
white.day3_TCGGTAATCTACTATC-1	11
white.day3_TCGGTAATCTTGTACT-1	7
white.day3_TCGTACCAGAGCCCAA-1	7
white.day3_TCGTACCAGCAGGTCA-1	7
white.day3_TCGTACCAGTACACCT-1	12
white.day3_TCGTACCAGTTCGATC-1	12
white.day3_TCGTACCCAAGAAGAG-1	8
white.day3_TCGTACCCACACGCTG-1	12
white.day3_TCGTACCCACTCAGGC-1	8
white.day3_TCGTACCCACTTGGAT-1	12
white.day3_TCGTACCCAGACACTT-1	10
white.day3_TCGTACCCAGGAATGC-1	6
white.day3_TCGTACCCATACCATG-1	10
white.day3_TCGTACCGTATGAAAC-1	7
white.day3_TCGTACCGTCCGAACC-1	10
white.day3_TCGTACCGTCGAGTTT-1	10
white.day3_TCGTACCGTGCGAAAC-1	7
white.day3_TCGTACCGTGGCGAAT-1	11
white.day3_TCGTACCGTGTGGTTT-1	10
white.day3_TCGTACCTCACAGTAC-1	10
white.day3_TCGTACCTCCCTCAGT-1	7
white.day3_TCGTAGAAGCCTTGAT-1	8
white.day3_TCGTAGAAGCGACGTA-1	8
white.day3_TCGTAGAAGCGTTCCG-1	6
white.day3_TCGTAGAAGGAGCGAG-1	7
white.day3_TCGTAGAAGGAGTACC-1	12
white.day3_TCGTAGAAGGGAGTAA-1	12
white.day3_TCGTAGAAGTGAAGAG-1	12
white.day3_TCGTAGAAGTGTCCAT-1	8
white.day3_TCGTAGAAGTTGTAGA-1	9
white.day3_TCGTAGACAAACTGCT-1	11
white.day3_TCGTAGACACCGGAAA-1	7
white.day3_TCGTAGAGTAAGGGAA-1	7
white.day3_TCGTAGAGTACAGACG-1	12
white.day3_TCGTAGAGTAGCACGA-1	11
white.day3_TCGTAGAGTATTACCG-1	12
white.day3_TCGTAGAGTCACCCAG-1	8
white.day3_TCGTAGAGTCAGAGGT-1	12
white.day3_TCGTAGAGTCTAGTGT-1	11
white.day3_TCGTAGAGTTAAGTAG-1	7
white.day3_TCGTAGAGTTCTGAAC-1	8
white.day3_TCGTAGATCAACGGGA-1	8
white.day3_TCGTAGATCACAATGC-1	12
white.day3_TCGTAGATCACAGTAC-1	8
white.day3_TCGTAGATCCAGAGGA-1	12
white.day3_TCGTAGATCCATGCTC-1	8
white.day3_TCGTAGATCCTACAGA-1	11
white.day3_TCGTAGATCCTCAACC-1	11
white.day3_TCGTAGATCGGAATCT-1	12
white.day3_TCGTAGATCTACCAGA-1	10
white.day3_TCGTAGATCTCAACTT-1	9
white.day3_TCTATTGAGAAGCCCA-1	12
white.day3_TCTATTGAGGACACCA-1	10
white.day3_TCTATTGAGTTCCACA-1	10
white.day3_TCTATTGCAAGCTGAG-1	11
white.day3_TCTATTGCAATCGAAA-1	11
white.day3_TCTATTGCAATGGACG-1	12
white.day3_TCTATTGCACAGGTTT-1	6
white.day3_TCTATTGCACATCCAA-1	5
white.day3_TCTATTGCACGACTCG-1	11
white.day3_TCTATTGCAGTACACT-1	9
white.day3_TCTATTGCAGTGAGTG-1	8
white.day3_TCTATTGGTCTCACCT-1	8
white.day3_TCTATTGGTGCGCTTG-1	8
white.day3_TCTATTGGTGTAAGTA-1	7
white.day3_TCTATTGGTGTTCGAT-1	12
white.day3_TCTATTGGTTTGTTGG-1	8
white.day3_TCTATTGTCCCACTTG-1	7
white.day3_TCTATTGTCCGCAAGC-1	11
white.day3_TCTATTGTCCGGCACA-1	10
white.day3_TCTATTGTCCTGCTTG-1	12
white.day3_TCTATTGTCTACCTGC-1	12
white.day3_TCTATTGTCTGTCTAT-1	12
white.day3_TCTATTGTCTTGACGA-1	10
white.day3_TCTATTGTCTTTACGT-1	10
white.day3_TCTCATAAGCAGGCTA-1	4
white.day3_TCTCATAAGCTCCTTC-1	7
white.day3_TCTCATAAGGTGTGGT-1	11
white.day3_TCTCATAAGTCAATAG-1	11
white.day3_TCTCATACAAACCCAT-1	12
white.day3_TCTCATACAATTGCTG-1	9
white.day3_TCTCATACACTGTGTA-1	12
white.day3_TCTCATACAGTAAGAT-1	11
white.day3_TCTCATACATACGCCG-1	9
white.day3_TCTCATACATGCGCAC-1	12
white.day3_TCTCATAGTACAGACG-1	8
white.day3_TCTCATAGTATCGCAT-1	11
white.day3_TCTCATAGTGCGAAAC-1	10
white.day3_TCTCATAGTTAAAGAC-1	7
white.day3_TCTCATATCAGTTCGA-1	8
white.day3_TCTCATATCATCTGTT-1	12
white.day3_TCTCATATCATGTCCC-1	9
white.day3_TCTCATATCCAGAAGG-1	12
white.day3_TCTCATATCGATAGAA-1	12
white.day3_TCTCATATCTCGCATC-1	10
white.day3_TCTCTAAAGCTAGTCT-1	9
white.day3_TCTCTAACAAGTAGTA-1	10
white.day3_TCTCTAACATACAGCT-1	12
white.day3_TCTCTAAGTCGGCACT-1	8
white.day3_TCTCTAAGTTGTCGCG-1	11
white.day3_TCTCTAAGTTTAGCTG-1	9
white.day3_TCTCTAATCAGAGGTG-1	3
white.day3_TCTCTAATCAGATAAG-1	10
white.day3_TCTCTAATCCAAAGTC-1	8
white.day3_TCTCTAATCTAACCGA-1	9
white.day3_TCTCTAATCTCCTATA-1	5
white.day3_TCTGAGAAGATATGCA-1	10
white.day3_TCTGAGAAGCCACTAT-1	11
white.day3_TCTGAGAAGCCAGAAC-1	8
white.day3_TCTGAGAAGCTACCGC-1	9
white.day3_TCTGAGAAGGAGCGTT-1	11
white.day3_TCTGAGACAAGCCATT-1	8
white.day3_TCTGAGACAAGGGTCA-1	12
white.day3_TCTGAGACACCCAGTG-1	12
white.day3_TCTGAGACACGAAAGC-1	12
white.day3_TCTGAGACATCCGGGT-1	7
white.day3_TCTGAGAGTAGAGCTG-1	12
white.day3_TCTGAGAGTAGCGCAA-1	12
white.day3_TCTGAGAGTCTAAACC-1	9
white.day3_TCTGAGAGTGCAGGTA-1	12
white.day3_TCTGAGAGTTCCACAA-1	9
white.day3_TCTGAGATCCTGCAGG-1	12
white.day3_TCTGAGATCTGTACGA-1	8
white.day3_TCTGAGATCTGTTGAG-1	12
white.day3_TCTGGAAAGAGGTAGA-1	9
white.day3_TCTGGAAAGATCGATA-1	8
white.day3_TCTGGAAAGGCCCTTG-1	9
white.day3_TCTGGAAAGGCCGAAT-1	11
white.day3_TCTGGAAAGGTGCACA-1	11
white.day3_TCTGGAAAGTACGCCC-1	8
white.day3_TCTGGAACACTGTGTA-1	5
white.day3_TCTGGAAGTCCAGTGC-1	7
white.day3_TCTGGAAGTCTCACCT-1	10
white.day3_TCTGGAAGTCTCCACT-1	10
white.day3_TCTGGAAGTGTGCCTG-1	7
white.day3_TCTGGAAGTTAAGAAC-1	9
white.day3_TCTGGAAGTTCAGACT-1	8
white.day3_TCTGGAATCAATCACG-1	6
white.day3_TCTGGAATCACGATGT-1	12
white.day3_TCTGGAATCAGATAAG-1	12
white.day3_TCTGGAATCGGAGGTA-1	12
white.day3_TCTGGAATCTAACGGT-1	10
white.day3_TCTGGAATCTGCTGTC-1	6
white.day3_TCTTCGGAGGCGTACA-1	3
white.day3_TCTTCGGAGGTGCAAC-1	8
white.day3_TCTTCGGAGTAGGCCA-1	8
white.day3_TCTTCGGCAGCAGTTT-1	9
white.day3_TCTTCGGCAGTGGGAT-1	8
white.day3_TCTTCGGCATCCCACT-1	11
white.day3_TCTTCGGCATCCCATC-1	7
white.day3_TCTTCGGCATCCTAGA-1	8
white.day3_TCTTCGGCATGACGGA-1	7
white.day3_TCTTCGGGTAAAGTCA-1	11
white.day3_TCTTCGGGTAGAGCTG-1	12
white.day3_TCTTCGGGTATTAGCC-1	8
white.day3_TCTTCGGGTGCAGACA-1	9
white.day3_TCTTCGGGTGGACGAT-1	12
white.day3_TCTTCGGGTTACCGAT-1	8
white.day3_TCTTCGGTCGCAGGCT-1	8
white.day3_TCTTCGGTCGTAGGAG-1	11
white.day3_TCTTCGGTCTGAGTGT-1	12
white.day3_TCTTTCCAGACATAAC-1	12
white.day3_TCTTTCCAGATCTGAA-1	8
white.day3_TCTTTCCAGCATGGCA-1	9
white.day3_TCTTTCCAGCCACCTG-1	9
white.day3_TCTTTCCAGGCTAGGT-1	8
white.day3_TCTTTCCAGTGGGATC-1	10
white.day3_TCTTTCCCAATCGAAA-1	10
white.day3_TCTTTCCCAATGGAAT-1	11
white.day3_TCTTTCCCACCAGGTC-1	12
white.day3_TCTTTCCCATCGGAAG-1	11
white.day3_TCTTTCCCATTAGCCA-1	8
white.day3_TCTTTCCGTATATGAG-1	11
white.day3_TCTTTCCGTGGACGAT-1	8
white.day3_TCTTTCCTCACATGCA-1	9
white.day3_TCTTTCCTCATTTGGG-1	11
white.day3_TCTTTCCTCCCTAATT-1	8
white.day3_TCTTTCCTCCGTCATC-1	8
white.day3_TCTTTCCTCGAACTGT-1	11
white.day3_TCTTTCCTCTCTGAGA-1	12
white.day3_TGAAAGAAGAGTAAGG-1	12
white.day3_TGAAAGAAGCTCCTCT-1	12
white.day3_TGAAAGAAGGTTACCT-1	6
white.day3_TGAAAGAAGTAGCCGA-1	9
white.day3_TGAAAGACAAAGTGCG-1	8
white.day3_TGAAAGACACACAGAG-1	7
white.day3_TGAAAGACACGTTGGC-1	10
white.day3_TGAAAGACAGGTCTCG-1	12
white.day3_TGAAAGAGTAAGTGGC-1	9
white.day3_TGAAAGAGTCCGAGTC-1	8
white.day3_TGAAAGAGTGGTAACG-1	12
white.day3_TGAAAGATCCGCAAGC-1	12
white.day3_TGAAAGATCCTCAACC-1	12
white.day3_TGAAAGATCGAGGTAG-1	10
white.day3_TGAAAGATCTTACCGC-1	9
white.day3_TGACAACAGCTAGTTC-1	9
white.day3_TGACAACAGGTGGGTT-1	12
white.day3_TGACAACCAACGATGG-1	8
white.day3_TGACAACCAAGCGCTC-1	8
white.day3_TGACAACCAGATGGCA-1	8
white.day3_TGACAACCAGTGACAG-1	11
white.day3_TGACAACCATGAGCGA-1	12
white.day3_TGACAACCATTGGGCC-1	5
white.day3_TGACAACGTACCGAGA-1	12
white.day3_TGACAACGTCAGAAGC-1	7
white.day3_TGACAACGTCCAGTAT-1	11
white.day3_TGACAACGTCGCGGTT-1	9
white.day3_TGACAACGTCGGGTCT-1	12
white.day3_TGACAACGTGTTCTTT-1	10
white.day3_TGACAACGTTGCCTCT-1	7
white.day3_TGACAACTCAGAGCTT-1	11
white.day3_TGACAACTCAGCATGT-1	11
white.day3_TGACAACTCGAGCCCA-1	10
white.day3_TGACAACTCGCGATCG-1	10
white.day3_TGACAACTCTACGAGT-1	8
white.day3_TGACGGCAGCAGGCTA-1	9
white.day3_TGACGGCAGCCGATTT-1	12
white.day3_TGACGGCAGCCTATGT-1	10
white.day3_TGACGGCAGCCTCGTG-1	9
white.day3_TGACGGCAGGGATACC-1	9
white.day3_TGACGGCAGTCACGCC-1	12
white.day3_TGACGGCCAAATACAG-1	8
white.day3_TGACGGCCAACGATCT-1	10
white.day3_TGACGGCCAGCCTATA-1	10
white.day3_TGACGGCCAGGGCATA-1	12
white.day3_TGACGGCCAGTGAGTG-1	12
white.day3_TGACGGCCATGCTGGC-1	12
white.day3_TGACGGCCATTCACTT-1	9
white.day3_TGACGGCGTAAGTAGT-1	8
white.day3_TGACGGCGTAGCTAAA-1	10
white.day3_TGACGGCGTCACAAGG-1	9
white.day3_TGACGGCGTCGTTGTA-1	9
white.day3_TGACGGCGTGAAGGCT-1	10
white.day3_TGACGGCGTGTTGGGA-1	8
white.day3_TGACGGCGTTATCACG-1	12
white.day3_TGACGGCTCACCAGGC-1	8
white.day3_TGACGGCTCACTTATC-1	6
white.day3_TGACGGCTCAGTTGAC-1	9
white.day3_TGACGGCTCATGGTCA-1	9
white.day3_TGACGGCTCATGTCCC-1	10
white.day3_TGACGGCTCCTAGTGA-1	9
white.day3_TGACGGCTCGGAATCT-1	8
white.day3_TGACGGCTCTACCTGC-1	8
white.day3_TGACGGCTCTGTACGA-1	11
white.day3_TGACGGCTCTTGCCGT-1	12
white.day3_TGACTAGAGAACTGTA-1	12
white.day3_TGACTAGAGACAGAGA-1	12
white.day3_TGACTAGAGAGGTAGA-1	8
white.day3_TGACTAGAGCTAACTC-1	7
white.day3_TGACTAGAGGCCCTTG-1	12
white.day3_TGACTAGAGTCGATAA-1	11
white.day3_TGACTAGAGTTAGGTA-1	12
white.day3_TGACTAGCACGAAATA-1	12
white.day3_TGACTAGCAGCCTGTG-1	8
white.day3_TGACTAGCATCTGGTA-1	9
white.day3_TGACTAGGTATGCTTG-1	8
white.day3_TGACTAGGTCCTAGCG-1	12
white.day3_TGACTAGGTCTGGAGA-1	11
white.day3_TGACTAGGTGCGATAG-1	11
white.day3_TGACTAGTCACGACTA-1	7
white.day3_TGACTAGTCCAGGGCT-1	8
white.day3_TGACTAGTCGCCCTTA-1	9
white.day3_TGACTAGTCGTCCGTT-1	9
white.day3_TGACTTTAGCCTATGT-1	12
white.day3_TGACTTTAGCGATATA-1	9
white.day3_TGACTTTAGCTAACTC-1	8
white.day3_TGACTTTAGGCTAGGT-1	12
white.day3_TGACTTTAGGTGATAT-1	9
white.day3_TGACTTTAGGTGTTAA-1	9
white.day3_TGACTTTAGTCACGCC-1	3
white.day3_TGACTTTCACCGTTGG-1	5
white.day3_TGACTTTCACCTTGTC-1	9
white.day3_TGACTTTCAGACGCCT-1	8
white.day3_TGACTTTCAGCCTTTC-1	8
white.day3_TGACTTTCAGGTCTCG-1	9
white.day3_TGACTTTCATGGGACA-1	7
white.day3_TGACTTTGTAGGGTAC-1	12
white.day3_TGACTTTGTATAATGG-1	7
white.day3_TGACTTTGTATAGTAG-1	6
white.day3_TGACTTTGTATGCTTG-1	12
white.day3_TGACTTTGTCGAAAGC-1	7
white.day3_TGACTTTGTCGAGTTT-1	12
white.day3_TGACTTTGTGTTTGTG-1	10
white.day3_TGACTTTGTTCTGTTT-1	10
white.day3_TGACTTTTCCACGCAG-1	12
white.day3_TGACTTTTCTACTCAT-1	12
white.day3_TGACTTTTCTGGTATG-1	12
white.day3_TGAGAGGAGCTACCGC-1	10
white.day3_TGAGAGGAGCTGTCTA-1	12
white.day3_TGAGAGGAGGACGAAA-1	9
white.day3_TGAGAGGAGTTTCCTT-1	8
white.day3_TGAGAGGCACGGTAGA-1	8
white.day3_TGAGAGGCAGCCAATT-1	7
white.day3_TGAGAGGCAGGACCCT-1	8
white.day3_TGAGAGGCAGGTCGTC-1	12
white.day3_TGAGAGGGTAAGAGAG-1	6
white.day3_TGAGAGGGTAAGTTCC-1	11
white.day3_TGAGAGGGTACTCGCG-1	9
white.day3_TGAGAGGGTCAACTGT-1	6
white.day3_TGAGAGGGTCCGCTGA-1	11
white.day3_TGAGAGGGTCCTCTTG-1	9
white.day3_TGAGAGGTCAGGCCCA-1	12
white.day3_TGAGAGGTCATCATTC-1	10
white.day3_TGAGAGGTCCTCCTAG-1	12
white.day3_TGAGAGGTCGCATGAT-1	12
white.day3_TGAGAGGTCGCCGTGA-1	12
white.day3_TGAGAGGTCGGATGTT-1	12
white.day3_TGAGAGGTCTTCTGGC-1	10
white.day3_TGAGCATAGCTTTGGT-1	12
white.day3_TGAGCATCACAGCGTC-1	12
white.day3_TGAGCATCAGGGCATA-1	9
white.day3_TGAGCATCAGTGGAGT-1	11
white.day3_TGAGCATCATGCAATC-1	11
white.day3_TGAGCATGTCTTCGTC-1	5
white.day3_TGAGCATGTCTTCTCG-1	3
white.day3_TGAGCATGTGGCCCTA-1	7
white.day3_TGAGCATGTTCTGGTA-1	12
white.day3_TGAGCATTCCGAATGT-1	10
white.day3_TGAGCATTCCGCGTTT-1	10
white.day3_TGAGCATTCTACGAGT-1	8
white.day3_TGAGCATTCTGCGACG-1	10
white.day3_TGAGCATTCTTTACGT-1	10
white.day3_TGAGCCGAGAAACCTA-1	10
white.day3_TGAGCCGAGATATGCA-1	12
white.day3_TGAGCCGAGGAGCGTT-1	8
white.day3_TGAGCCGAGGGAAACA-1	8
white.day3_TGAGCCGAGGGTGTGT-1	12
white.day3_TGAGCCGAGGTGCTAG-1	10
white.day3_TGAGCCGCAATAAGCA-1	8
white.day3_TGAGCCGCACCCAGTG-1	9
white.day3_TGAGCCGCACGGTGTC-1	8
white.day3_TGAGCCGCAGGACGTA-1	12
white.day3_TGAGCCGCATTTCAGG-1	12
white.day3_TGAGCCGGTACAGTGG-1	12
white.day3_TGAGCCGGTCGGATCC-1	10
white.day3_TGAGCCGGTGCGATAG-1	8
white.day3_TGAGCCGGTGGTACAG-1	8
white.day3_TGAGCCGGTGTCTGAT-1	9
white.day3_TGAGCCGGTGTGTGCC-1	9
white.day3_TGAGCCGGTTCCACAA-1	12
white.day3_TGAGCCGGTTGTGGAG-1	12
white.day3_TGAGCCGTCAAGGTAA-1	8
white.day3_TGAGCCGTCAGGCAAG-1	5
white.day3_TGAGCCGTCCTTCAAT-1	5
white.day3_TGAGCCGTCGCCGTGA-1	8
white.day3_TGAGGGAAGAGACTAT-1	9
white.day3_TGAGGGAAGATAGCAT-1	7
white.day3_TGAGGGAAGCGCCTCA-1	9
white.day3_TGAGGGAAGGCAGTCA-1	10
white.day3_TGAGGGAAGTACCGGA-1	12
white.day3_TGAGGGAAGTGGTAGC-1	7
white.day3_TGAGGGACAAAGCAAT-1	11
white.day3_TGAGGGACAGCTCCGA-1	7
white.day3_TGAGGGACAGCTGCTG-1	12
white.day3_TGAGGGACATAGACTC-1	12
white.day3_TGAGGGACATGAACCT-1	11
white.day3_TGAGGGACATGCTAGT-1	9
white.day3_TGAGGGACATGGAATA-1	11
white.day3_TGAGGGAGTAAGAGAG-1	12
white.day3_TGAGGGAGTACCGGCT-1	8
white.day3_TGAGGGAGTAGCACGA-1	8
white.day3_TGAGGGAGTCACTTCC-1	12
white.day3_TGAGGGAGTCCGACGT-1	9
white.day3_TGAGGGAGTGGTCCGT-1	11
white.day3_TGAGGGAGTTGTTTGG-1	9
white.day3_TGAGGGATCTCTGAGA-1	10
white.day3_TGAGGGATCTCTTATG-1	12
white.day3_TGATTTCAGCGATGAC-1	10
white.day3_TGATTTCAGCTGAAAT-1	8
white.day3_TGATTTCAGGATCGCA-1	11
white.day3_TGATTTCAGTGGGATC-1	9
white.day3_TGATTTCCAAGGACAC-1	3
white.day3_TGATTTCCACTCGACG-1	12
white.day3_TGATTTCCAGGAATCG-1	9
white.day3_TGATTTCCATCCGGGT-1	8
white.day3_TGATTTCCATCTGGTA-1	10
white.day3_TGATTTCCATTCTCAT-1	8
white.day3_TGATTTCGTAGCTAAA-1	12
white.day3_TGATTTCGTATAGGGC-1	12
white.day3_TGATTTCGTCATATCG-1	8
white.day3_TGATTTCGTCATATGC-1	10
white.day3_TGATTTCGTTAAGACA-1	8
white.day3_TGATTTCGTTTGTGTG-1	12
white.day3_TGATTTCTCATAAAGG-1	8
white.day3_TGATTTCTCATCTGTT-1	10
white.day3_TGATTTCTCCACGACG-1	7
white.day3_TGATTTCTCCCACTTG-1	11
white.day3_TGATTTCTCGCAGGCT-1	8
white.day3_TGATTTCTCGGTTAAC-1	12
white.day3_TGATTTCTCTAAGCCA-1	10
white.day3_TGATTTCTCTCGGACG-1	8
white.day3_TGCACCTAGATCCCAT-1	12
white.day3_TGCACCTAGATCCTGT-1	10
white.day3_TGCACCTAGATGCCAG-1	9
white.day3_TGCACCTAGATGCGAC-1	11
white.day3_TGCACCTAGCAACGGT-1	8
white.day3_TGCACCTAGCCACTAT-1	12
white.day3_TGCACCTAGGTAGCCA-1	10
white.day3_TGCACCTAGTGCCAGA-1	8
white.day3_TGCACCTAGTGCGATG-1	9
white.day3_TGCACCTCAAATACAG-1	9
white.day3_TGCACCTCAATAAGCA-1	7
white.day3_TGCACCTCAATCGAAA-1	8
white.day3_TGCACCTCAATGCCAT-1	10
white.day3_TGCACCTCAATGGAAT-1	4
white.day3_TGCACCTCACCGGAAA-1	12
white.day3_TGCACCTCATATGAGA-1	10
white.day3_TGCACCTCATCGACGC-1	7
white.day3_TGCACCTCATGCTAGT-1	8
white.day3_TGCACCTGTAGTAGTA-1	12
white.day3_TGCACCTGTCCCTTGT-1	9
white.day3_TGCACCTGTTGGTAAA-1	8
white.day3_TGCACCTTCACTTCAT-1	12
white.day3_TGCACCTTCAGCACAT-1	11
white.day3_TGCACCTTCCAAATGC-1	7
white.day3_TGCACCTTCCGTCATC-1	10
white.day3_TGCACCTTCCTATGTT-1	9
white.day3_TGCACCTTCGTCTGCT-1	10
white.day3_TGCACCTTCTGCTGTC-1	9
white.day3_TGCACCTTCTGCTTGC-1	12
white.day3_TGCCAAAAGACTAGAT-1	12
white.day3_TGCCAAAAGAGTAATC-1	8
white.day3_TGCCAAAAGCCAGAAC-1	11
white.day3_TGCCAAAAGCCCAACC-1	11
white.day3_TGCCAAAAGCGTTGCC-1	12
white.day3_TGCCAAAAGTCCTCCT-1	10
white.day3_TGCCAAAAGTGGGATC-1	8
white.day3_TGCCAAACAAACTGCT-1	9
white.day3_TGCCAAACACTGAAGG-1	10
white.day3_TGCCAAACAGCGTCCA-1	6
white.day3_TGCCAAAGTATAGGGC-1	11
white.day3_TGCCAAAGTCAAACTC-1	12
white.day3_TGCCAAAGTCAATACC-1	11
white.day3_TGCCAAAGTCTAAAGA-1	11
white.day3_TGCCAAAGTGTTCGAT-1	10
white.day3_TGCCAAAGTGTTGGGA-1	9
white.day3_TGCCAAATCATCGGAT-1	9
white.day3_TGCCAAATCCCGACTT-1	11
white.day3_TGCCAAATCCGCTGTT-1	7
white.day3_TGCCCATAGACTTGAA-1	12
white.day3_TGCCCATAGGACTGGT-1	9
white.day3_TGCCCATAGGGCATGT-1	12
white.day3_TGCCCATAGTACATGA-1	10
white.day3_TGCCCATCAAAGTCAA-1	12
white.day3_TGCCCATCAACGATGG-1	10
white.day3_TGCCCATCAACGCACC-1	10
white.day3_TGCCCATCAAGCGCTC-1	12
white.day3_TGCCCATCACGCTTTC-1	8
white.day3_TGCCCATCACTCAGGC-1	9
white.day3_TGCCCATCAGACAAAT-1	9
white.day3_TGCCCATCAGGAACGT-1	7
white.day3_TGCCCATCAGTCAGCC-1	12
white.day3_TGCCCATCAGTGGGAT-1	9
white.day3_TGCCCATGTGAACCTT-1	7
white.day3_TGCCCATGTGACGCCT-1	7
white.day3_TGCCCATGTGCACTTA-1	10
white.day3_TGCCCATGTGCAGACA-1	7
white.day3_TGCCCATGTGTTGGGA-1	10
white.day3_TGCCCATGTTTGACTG-1	11
white.day3_TGCCCATTCAATCACG-1	11
white.day3_TGCCCATTCCCAAGAT-1	7
white.day3_TGCCCATTCGAATGCT-1	11
white.day3_TGCCCATTCGGATGTT-1	7
white.day3_TGCCCATTCGGCATCG-1	9
white.day3_TGCCCATTCTGAAAGA-1	12
white.day3_TGCCCTAAGACACGAC-1	9
white.day3_TGCCCTAAGAGGTTAT-1	12
white.day3_TGCCCTAAGCGATCCC-1	11
white.day3_TGCCCTAAGGAGTTTA-1	9
white.day3_TGCCCTAAGGTAGCCA-1	12
white.day3_TGCCCTAAGTACATGA-1	6
white.day3_TGCCCTAAGTTATCGC-1	12
white.day3_TGCCCTACAATGTTGC-1	10
white.day3_TGCCCTACACAACTGT-1	9
white.day3_TGCCCTACACCATGTA-1	8
white.day3_TGCCCTACACGTGAGA-1	12
white.day3_TGCCCTACACTGTCGG-1	12
white.day3_TGCCCTACAGCTGTAT-1	6
white.day3_TGCCCTACAGGCAGTA-1	8
white.day3_TGCCCTACAGTAGAGC-1	12
white.day3_TGCCCTACATGCATGT-1	7
white.day3_TGCCCTAGTATATGAG-1	12
white.day3_TGCCCTAGTCATGCAT-1	8
white.day3_TGCCCTAGTCGGCACT-1	10
white.day3_TGCCCTAGTCTGCAAT-1	12
white.day3_TGCCCTAGTCTGCGGT-1	9
white.day3_TGCCCTAGTGAAATCA-1	12
white.day3_TGCCCTAGTGACTACT-1	9
white.day3_TGCCCTAGTTGCGCAC-1	12
white.day3_TGCCCTAGTTGGAGGT-1	6
white.day3_TGCCCTAGTTGTCTTT-1	13
white.day3_TGCCCTATCGCGTAGC-1	8
white.day3_TGCGCAGAGAGCCTAG-1	9
white.day3_TGCGCAGAGATCCCGC-1	12
white.day3_TGCGCAGAGGAGTTTA-1	12
white.day3_TGCGCAGAGGATGTAT-1	10
white.day3_TGCGCAGAGTATCGAA-1	8
white.day3_TGCGCAGAGTGAATTG-1	9
white.day3_TGCGCAGAGTGTCTCA-1	8
white.day3_TGCGCAGCAATCTGCA-1	7
white.day3_TGCGCAGCACAAGCCC-1	11
white.day3_TGCGCAGCACCGAAAG-1	11
white.day3_TGCGCAGCACTACAGT-1	11
white.day3_TGCGCAGCAGCCTGTG-1	11
white.day3_TGCGCAGCATCTACGA-1	11
white.day3_TGCGCAGCATGCTAGT-1	10
white.day3_TGCGCAGGTACGACCC-1	12
white.day3_TGCGCAGGTCATGCAT-1	12
white.day3_TGCGCAGGTTACGCGC-1	10
white.day3_TGCGCAGGTTTGTGTG-1	8
white.day3_TGCGCAGTCAGCGATT-1	9
white.day3_TGCGCAGTCGAGGTAG-1	7
white.day3_TGCGCAGTCGTACGGC-1	10
white.day3_TGCGGGTAGAAGGACA-1	8
white.day3_TGCGGGTAGACGCACA-1	8
white.day3_TGCGGGTAGGACACCA-1	11
white.day3_TGCGGGTAGGCTACGA-1	9
white.day3_TGCGGGTAGTCACGCC-1	12
white.day3_TGCGGGTAGTGCAAGC-1	8
white.day3_TGCGGGTCAAGTCTGT-1	12
white.day3_TGCGGGTCACCAGATT-1	8
white.day3_TGCGGGTCACTGAAGG-1	10
white.day3_TGCGGGTCATGTCTCC-1	11
white.day3_TGCGGGTGTAGGACAC-1	7
white.day3_TGCGGGTGTCGCTTTC-1	10
white.day3_TGCGGGTGTGCAACGA-1	6
white.day3_TGCGGGTGTTTGTTTC-1	6
white.day3_TGCGTGGAGCGTTGCC-1	12
white.day3_TGCGTGGAGGATGCGT-1	10
white.day3_TGCGTGGAGTCTCCTC-1	12
white.day3_TGCGTGGCAAATTGCC-1	11
white.day3_TGCGTGGCACAGGTTT-1	12
white.day3_TGCGTGGCACTCGACG-1	11
white.day3_TGCGTGGCAGACGCCT-1	8
white.day3_TGCGTGGCAGGATTGG-1	12
white.day3_TGCGTGGCATGCCCGA-1	10
white.day3_TGCGTGGCATTGGGCC-1	10
white.day3_TGCGTGGGTAGCACGA-1	11
white.day3_TGCGTGGGTATGAATG-1	8
white.day3_TGCGTGGGTGTTTGTG-1	10
white.day3_TGCGTGGGTTATCCGA-1	5
white.day3_TGCGTGGGTTCCCTTG-1	5
white.day3_TGCGTGGGTTTGCATG-1	11
white.day3_TGCGTGGTCAAAGTAG-1	7
white.day3_TGCGTGGTCCAAACAC-1	9
white.day3_TGCGTGGTCCATGCTC-1	12
white.day3_TGCGTGGTCGCAAGCC-1	10
white.day3_TGCGTGGTCTTAGAGC-1	10
white.day3_TGCTACCAGACGCTTT-1	11
white.day3_TGCTACCAGCACGCCT-1	4
white.day3_TGCTACCAGCGATCCC-1	11
white.day3_TGCTACCAGGAATGGA-1	9
white.day3_TGCTACCAGGAGCGAG-1	10
white.day3_TGCTACCAGGCGTACA-1	8
white.day3_TGCTACCAGGTGTGGT-1	8
white.day3_TGCTACCCACGAGAGT-1	8
white.day3_TGCTACCGTACAGACG-1	9
white.day3_TGCTACCGTAGAGCTG-1	12
white.day3_TGCTACCGTAGCGTCC-1	10
white.day3_TGCTACCGTGACTCAT-1	9
white.day3_TGCTACCGTTACGCGC-1	12
white.day3_TGCTACCTCACGCATA-1	11
white.day3_TGCTACCTCACTGGGC-1	11
white.day3_TGCTACCTCAGTACGT-1	12
white.day3_TGCTACCTCAGTGCAT-1	9
white.day3_TGCTACCTCATTATCC-1	8
white.day3_TGCTACCTCTCCCTGA-1	9
white.day3_TGCTACCTCTGGCGTG-1	10
white.day3_TGCTACCTCTTGCCGT-1	10
white.day3_TGCTGCTAGAAACGAG-1	7
white.day3_TGCTGCTAGAATCTCC-1	12
white.day3_TGCTGCTAGATCGGGT-1	12
white.day3_TGCTGCTAGCGATATA-1	7
white.day3_TGCTGCTAGCTAGTTC-1	8
white.day3_TGCTGCTAGGCGCTCT-1	12
white.day3_TGCTGCTAGGGCTTGA-1	8
white.day3_TGCTGCTAGGTGCACA-1	12
white.day3_TGCTGCTAGTCCATAC-1	7
white.day3_TGCTGCTAGTGAATTG-1	9
white.day3_TGCTGCTCACAAGACG-1	12
white.day3_TGCTGCTCAGATAATG-1	11
white.day3_TGCTGCTCAGCCTTGG-1	12
white.day3_TGCTGCTCAGCTGCAC-1	12
white.day3_TGCTGCTCATTACGAC-1	9
white.day3_TGCTGCTGTAAACACA-1	9
white.day3_TGCTGCTGTAAGTGGC-1	11
white.day3_TGCTGCTGTAGCGTCC-1	5
white.day3_TGCTGCTGTCGCATCG-1	8
white.day3_TGCTGCTGTGATGATA-1	12
white.day3_TGCTGCTGTGCACCAC-1	12
white.day3_TGCTGCTGTTACAGAA-1	8
white.day3_TGCTGCTGTTACTGAC-1	11
white.day3_TGCTGCTGTTGTCGCG-1	11
white.day3_TGCTGCTTCAAACAAG-1	11
white.day3_TGCTGCTTCTGCCAGG-1	7
white.day3_TGGACGCAGCCGCCTA-1	8
white.day3_TGGACGCAGGAGCGTT-1	8
white.day3_TGGACGCAGGAGTTGC-1	9
white.day3_TGGACGCAGTCTTGCA-1	7
white.day3_TGGACGCCAATAAGCA-1	8
white.day3_TGGACGCCAATGAATG-1	9
white.day3_TGGACGCCACAGGCCT-1	12
white.day3_TGGACGCCATGCCTTC-1	10
white.day3_TGGACGCGTATCACCA-1	8
white.day3_TGGACGCGTCTAAACC-1	8
white.day3_TGGACGCGTCTCCACT-1	8
white.day3_TGGACGCGTTAAGACA-1	8
white.day3_TGGACGCTCCACGAAT-1	10
white.day3_TGGACGCTCCTAGTGA-1	8
white.day3_TGGACGCTCTAACCGA-1	12
white.day3_TGGACGCTCTACGAGT-1	12
white.day3_TGGACGCTCTAGCACA-1	12
white.day3_TGGACGCTCTGAGTGT-1	8
white.day3_TGGACGCTCTTGTATC-1	10
white.day3_TGGCCAGAGACAGAGA-1	10
white.day3_TGGCCAGAGTGCCATT-1	10
white.day3_TGGCCAGCACCTCGTT-1	8
white.day3_TGGCCAGCAGATAATG-1	8
white.day3_TGGCCAGCAGCCACCA-1	5
white.day3_TGGCCAGCAGTCAGCC-1	12
white.day3_TGGCCAGCATATACCG-1	12
white.day3_TGGCCAGGTGGGTCAA-1	9
white.day3_TGGCCAGGTGTAATGA-1	8
white.day3_TGGCCAGGTTCAGACT-1	9
white.day3_TGGCCAGTCAAGGCTT-1	7
white.day3_TGGCCAGTCACGACTA-1	5
white.day3_TGGCCAGTCCCGGATG-1	7
white.day3_TGGCCAGTCGCTGATA-1	8
white.day3_TGGCCAGTCTGCGACG-1	9
white.day3_TGGCGCAAGAACTCGG-1	12
white.day3_TGGCGCAAGACGACGT-1	12
white.day3_TGGCGCAAGAGTGACC-1	7
white.day3_TGGCGCAAGCTAGCCC-1	12
white.day3_TGGCGCAAGGATATAC-1	8
white.day3_TGGCGCAAGGTAAACT-1	10
white.day3_TGGCGCAAGTTATCGC-1	9
white.day3_TGGCGCACAACACGCC-1	12
white.day3_TGGCGCACACAGCGTC-1	12
white.day3_TGGCGCACACCATCCT-1	12
white.day3_TGGCGCACACCGTTGG-1	10
white.day3_TGGCGCACAGCTCGCA-1	11
white.day3_TGGCGCACAGTCCTTC-1	8
white.day3_TGGCGCACATCCTTGC-1	12
white.day3_TGGCGCACATTATCTC-1	12
white.day3_TGGCGCACATTCTTAC-1	12
white.day3_TGGCGCAGTAAGTAGT-1	5
white.day3_TGGCGCAGTAGGGACT-1	10
white.day3_TGGCGCAGTCAGGACA-1	10
white.day3_TGGCGCAGTCTGCGGT-1	7
white.day3_TGGCGCAGTGTAACGG-1	12
white.day3_TGGCGCAGTTTAGGAA-1	10
white.day3_TGGCGCATCAGAGGTG-1	8
white.day3_TGGCGCATCGAATGCT-1	8
white.day3_TGGCGCATCGTCCGTT-1	12
white.day3_TGGCGCATCTCGTTTA-1	11
white.day3_TGGCGCATCTTAACCT-1	8
white.day3_TGGCTGGAGAACTGTA-1	12
white.day3_TGGCTGGAGAGTAATC-1	3
white.day3_TGGCTGGAGCTACCTA-1	10
white.day3_TGGCTGGAGCTTCGCG-1	12
white.day3_TGGCTGGAGGGTCGAT-1	6
white.day3_TGGCTGGAGTATTGGA-1	9
white.day3_TGGCTGGAGTCAAGGC-1	7
white.day3_TGGCTGGAGTGGACGT-1	12
white.day3_TGGCTGGAGTGGGCTA-1	11
white.day3_TGGCTGGCACCAGGCT-1	12
white.day3_TGGCTGGCAGCCAATT-1	8
white.day3_TGGCTGGCAGCCAGAA-1	12
white.day3_TGGCTGGCAGCCTGTG-1	9
white.day3_TGGCTGGCATCGGGTC-1	9
white.day3_TGGCTGGCATCTACGA-1	12
white.day3_TGGCTGGGTAATTGGA-1	8
white.day3_TGGCTGGGTCACCCAG-1	12
white.day3_TGGCTGGGTGCACTTA-1	12
white.day3_TGGCTGGGTGCCTGGT-1	10
white.day3_TGGCTGGTCAACACGT-1	7
white.day3_TGGCTGGTCACAACGT-1	7
white.day3_TGGCTGGTCACGACTA-1	8
white.day3_TGGCTGGTCAGCACAT-1	12
white.day3_TGGCTGGTCAGGCAAG-1	10
white.day3_TGGCTGGTCCATGAGT-1	9
white.day3_TGGCTGGTCCCACTTG-1	7
white.day3_TGGCTGGTCCGAATGT-1	9
white.day3_TGGCTGGTCCGTTGCT-1	12
white.day3_TGGCTGGTCCTAGAAC-1	8
white.day3_TGGCTGGTCTACTATC-1	8
white.day3_TGGGAAGAGAACAACT-1	12
white.day3_TGGGAAGAGAAGGCCT-1	9
white.day3_TGGGAAGAGACACGAC-1	8
white.day3_TGGGAAGAGAGTCGGT-1	4
white.day3_TGGGAAGAGCCCAATT-1	10
white.day3_TGGGAAGAGGAACTGC-1	10
white.day3_TGGGAAGAGTAGGTGC-1	7
white.day3_TGGGAAGAGTGTACGG-1	8
white.day3_TGGGAAGCAACGATGG-1	7
white.day3_TGGGAAGCACGAGAGT-1	12
white.day3_TGGGAAGCAGGTTTCA-1	8
white.day3_TGGGAAGCAGTACACT-1	8
white.day3_TGGGAAGCATCTCGCT-1	8
white.day3_TGGGAAGCATTCTCAT-1	12
white.day3_TGGGAAGGTAAGTGTA-1	10
white.day3_TGGGAAGGTACATCCA-1	8
white.day3_TGGGAAGGTCTAGCGC-1	10
white.day3_TGGGAAGGTGCAACTT-1	11
white.day3_TGGGAAGGTTCATGGT-1	12
white.day3_TGGGAAGGTTCCAACA-1	8
white.day3_TGGGAAGGTTGGTGGA-1	9
white.day3_TGGGAAGTCAACGGCC-1	12
white.day3_TGGGAAGTCATCGATG-1	8
white.day3_TGGGAAGTCATGTCTT-1	9
white.day3_TGGGAAGTCGTCTGCT-1	12
white.day3_TGGGAAGTCGTGGGAA-1	8
white.day3_TGGGAAGTCTGGTTCC-1	8
white.day3_TGGGAAGTCTGTTGAG-1	11
white.day3_TGGGAAGTCTTCGAGA-1	12
white.day3_TGGGCGTAGAATCTCC-1	8
white.day3_TGGGCGTAGCTAACTC-1	7
white.day3_TGGGCGTAGGGTCTCC-1	11
white.day3_TGGGCGTCAAGTTAAG-1	10
white.day3_TGGGCGTCAGGGTTAG-1	9
white.day3_TGGGCGTGTCGTTGTA-1	10
white.day3_TGGGCGTGTGATAAGT-1	8
white.day3_TGGGCGTGTGTTGGGA-1	12
white.day3_TGGGCGTGTTCATGGT-1	10
white.day3_TGGGCGTGTTTGTTGG-1	8
white.day3_TGGTTAGAGATATGCA-1	8
white.day3_TGGTTAGAGCGATCCC-1	9
white.day3_TGGTTAGAGCTAAGAT-1	12
white.day3_TGGTTAGAGGCAGGTT-1	9
white.day3_TGGTTAGAGGGTGTTG-1	8
white.day3_TGGTTAGAGTGGCACA-1	8
white.day3_TGGTTAGCACATCCAA-1	7
white.day3_TGGTTAGCACATCCGG-1	6
white.day3_TGGTTAGCACTCGACG-1	8
white.day3_TGGTTAGCAGGCTGAA-1	10
white.day3_TGGTTAGCAGGGTTAG-1	7
white.day3_TGGTTAGGTACCAGTT-1	11
white.day3_TGGTTAGGTAGGCTGA-1	9
white.day3_TGGTTAGGTCCATCCT-1	8
white.day3_TGGTTAGGTGTATGGG-1	9
white.day3_TGGTTAGGTGTGACCC-1	8
white.day3_TGGTTAGGTTTAAGCC-1	7
white.day3_TGGTTAGTCAACACTG-1	10
white.day3_TGGTTAGTCCATTCTA-1	8
white.day3_TGGTTAGTCCCAAGTA-1	7
white.day3_TGGTTAGTCCTTAATC-1	11
white.day3_TGGTTCCAGCCCAGCT-1	9
white.day3_TGGTTCCAGCGCCTCA-1	8
white.day3_TGGTTCCAGCGTAATA-1	8
white.day3_TGGTTCCAGCTAGTGG-1	5
white.day3_TGGTTCCAGGAGTACC-1	9
white.day3_TGGTTCCAGTCGAGTG-1	12
white.day3_TGGTTCCAGTTAAGTG-1	9
white.day3_TGGTTCCCAAGGTGTG-1	11
white.day3_TGGTTCCCAAGTCTGT-1	9
white.day3_TGGTTCCCAATGGTCT-1	7
white.day3_TGGTTCCCACTTAAGC-1	12
white.day3_TGGTTCCCAGGCAGTA-1	12
white.day3_TGGTTCCCATACTCTT-1	8
white.day3_TGGTTCCGTAGAAGGA-1	6
white.day3_TGGTTCCGTCCAACTA-1	8
white.day3_TGGTTCCGTGTGTGCC-1	10
white.day3_TGGTTCCGTTCCTCCA-1	8
white.day3_TGGTTCCGTTTGACAC-1	7
white.day3_TGGTTCCTCAAAGACA-1	8
white.day3_TGGTTCCTCCTTGCCA-1	12
white.day3_TGGTTCCTCTAACTCT-1	10
white.day3_TGTATTCAGGAATTAC-1	10
white.day3_TGTATTCAGTACGTAA-1	9
white.day3_TGTATTCAGTCTTGCA-1	7
white.day3_TGTATTCAGTTCCACA-1	9
white.day3_TGTATTCCAAACTGCT-1	9
white.day3_TGTATTCCAAGCGCTC-1	9
white.day3_TGTATTCCAGCTGGCT-1	8
white.day3_TGTATTCCAGGCTGAA-1	10
white.day3_TGTATTCCAGGGTACA-1	7
white.day3_TGTATTCCATCAGTAC-1	10
white.day3_TGTATTCGTACATCCA-1	11
white.day3_TGTATTCGTCCGAACC-1	12
white.day3_TGTATTCGTCTCAACA-1	12
white.day3_TGTATTCGTTAAAGTG-1	6
white.day3_TGTATTCTCAGCTTAG-1	8
white.day3_TGTATTCTCCCTCAGT-1	12
white.day3_TGTATTCTCGTCCAGG-1	12
white.day3_TGTATTCTCTGAGTGT-1	10
white.day3_TGTATTCTCTTTACGT-1	8
white.day3_TGTCCCAAGAATGTGT-1	10
white.day3_TGTCCCAAGATCGGGT-1	11
white.day3_TGTCCCAAGATGTCGG-1	11
white.day3_TGTCCCAAGGATGCGT-1	8
white.day3_TGTCCCAAGTACCGGA-1	8
white.day3_TGTCCCAAGTCGCCGT-1	9
white.day3_TGTCCCAAGTGTACCT-1	8
white.day3_TGTCCCAAGTTGAGAT-1	9
white.day3_TGTCCCACAAGCCGCT-1	8
white.day3_TGTCCCACAAGCCTAT-1	9
white.day3_TGTCCCACAGACTCGC-1	8
white.day3_TGTCCCACAGATAATG-1	9
white.day3_TGTCCCACAGGTCTCG-1	12
white.day3_TGTCCCACAGTTAACC-1	5
white.day3_TGTCCCAGTCTCTCTG-1	6
white.day3_TGTCCCAGTGACTACT-1	9
white.day3_TGTCCCAGTGCAGGTA-1	10
white.day3_TGTCCCAGTTAAAGTG-1	12
white.day3_TGTCCCAGTTACTGAC-1	7
white.day3_TGTCCCAGTTGGTTTG-1	9
white.day3_TGTCCCATCAACACAC-1	10
white.day3_TGTCCCATCATTGCCC-1	12
white.day3_TGTCCCATCCATGAGT-1	9
white.day3_TGTCCCATCCTGCCAT-1	7
white.day3_TGTCCCATCGCCGTGA-1	10
white.day3_TGTCCCATCGTTTAGG-1	8
white.day3_TGTCCCATCGTTTATC-1	10
white.day3_TGTCCCATCTCAAACG-1	12
white.day3_TGTCCCATCTCTTGAT-1	8
white.day3_TGTGGTAAGCAGGTCA-1	9
white.day3_TGTGGTAAGTCACGCC-1	10
white.day3_TGTGGTACAAACAACA-1	8
white.day3_TGTGGTACAAATCCGT-1	8
white.day3_TGTGGTACACGTCTCT-1	8
white.day3_TGTGGTACACTACAGT-1	8
white.day3_TGTGGTAGTACCATCA-1	10
white.day3_TGTGGTAGTACCCAAT-1	12
white.day3_TGTGGTAGTACGACCC-1	10
white.day3_TGTGGTAGTCTCATCC-1	9
white.day3_TGTGGTAGTCTGGTCG-1	9
white.day3_TGTGGTAGTGTCAATC-1	12
white.day3_TGTGGTAGTTGTTTGG-1	12
white.day3_TGTGGTATCCCTTGCA-1	8
white.day3_TGTGGTATCGATAGAA-1	10
white.day3_TGTGGTATCGGCATCG-1	12
white.day3_TGTGGTATCTCTGTCG-1	9
white.day3_TGTGGTATCTGAGTGT-1	8
white.day3_TGTGGTATCTGTACGA-1	9
white.day3_TGTGTTTAGAGTGACC-1	8
white.day3_TGTGTTTAGATACACA-1	10
white.day3_TGTGTTTAGATATGCA-1	7
white.day3_TGTGTTTAGCCACGCT-1	8
white.day3_TGTGTTTAGCCGATTT-1	8
white.day3_TGTGTTTAGCCGCCTA-1	9
white.day3_TGTGTTTCAATCGGTT-1	6
white.day3_TGTGTTTCACCATCCT-1	8
white.day3_TGTGTTTCAGATGGCA-1	10
white.day3_TGTGTTTCAGATGGGT-1	12
white.day3_TGTGTTTGTGAGTATA-1	10
white.day3_TGTGTTTGTGGCCCTA-1	11
white.day3_TGTGTTTGTTGATTGC-1	8
white.day3_TGTGTTTGTTTGACAC-1	9
white.day3_TGTGTTTTCAGAGGTG-1	11
white.day3_TGTGTTTTCATCGATG-1	8
white.day3_TGTGTTTTCATGGTCA-1	7
white.day3_TGTGTTTTCTCTTATG-1	12
white.day3_TGTGTTTTCTGCCAGG-1	10
white.day3_TGTGTTTTCTTTAGTC-1	10
white.day3_TGTTCCGAGACATAAC-1	12
white.day3_TGTTCCGAGACCACGA-1	6
white.day3_TGTTCCGAGCTAGTCT-1	12
white.day3_TGTTCCGAGCTCCTTC-1	9
white.day3_TGTTCCGAGGCGCTCT-1	7
white.day3_TGTTCCGAGGGAACGG-1	12
white.day3_TGTTCCGAGGTGCTTT-1	9
white.day3_TGTTCCGAGTCACGCC-1	11
white.day3_TGTTCCGCAAGCGTAG-1	10
white.day3_TGTTCCGCAAGGTTTC-1	8
white.day3_TGTTCCGCAATGGAGC-1	9
white.day3_TGTTCCGCACTACAGT-1	10
white.day3_TGTTCCGCATCCGTGG-1	8
white.day3_TGTTCCGGTAAGGGCT-1	12
white.day3_TGTTCCGGTACCGAGA-1	12
white.day3_TGTTCCGGTAGGGTAC-1	10
white.day3_TGTTCCGGTCGAAAGC-1	11
white.day3_TGTTCCGGTCGCGAAA-1	6
white.day3_TGTTCCGGTGCGCTTG-1	9
white.day3_TGTTCCGGTTCGTGAT-1	8
white.day3_TGTTCCGGTTGGGACA-1	7
white.day3_TGTTCCGTCACAATGC-1	8
white.day3_TGTTCCGTCGAATGGG-1	11
white.day3_TGTTCCGTCGCGCCAA-1	8
white.day3_TGTTCCGTCTCCAACC-1	5
white.day3_TTAACTCAGAAGGGTA-1	10
white.day3_TTAACTCAGATCCTGT-1	7
white.day3_TTAACTCAGCATCATC-1	7
white.day3_TTAACTCAGCTCAACT-1	7
white.day3_TTAACTCAGCTGAAAT-1	10
white.day3_TTAACTCAGGACAGCT-1	6
white.day3_TTAACTCAGGATATAC-1	7
white.day3_TTAACTCAGGCCCGTT-1	10
white.day3_TTAACTCAGGCTAGCA-1	8
white.day3_TTAACTCAGTTCGCAT-1	8
white.day3_TTAACTCCAAACTGCT-1	9
white.day3_TTAACTCCACAAGTAA-1	11
white.day3_TTAACTCCAGGCTCAC-1	10
white.day3_TTAACTCCAGTAAGAT-1	9
white.day3_TTAACTCCATCACGAT-1	8
white.day3_TTAACTCCATGCAATC-1	8
white.day3_TTAACTCCATTAGCCA-1	11
white.day3_TTAACTCCATTGGTAC-1	9
white.day3_TTAACTCGTATATCCG-1	8
white.day3_TTAACTCGTGGTTTCA-1	12
white.day3_TTAACTCGTTATTCTC-1	7
white.day3_TTAACTCTCAAGAAGT-1	12
white.day3_TTAACTCTCAGAGCTT-1	9
white.day3_TTAACTCTCATCGCTC-1	12
white.day3_TTAACTCTCCACGACG-1	12
white.day3_TTAACTCTCCACTCCA-1	10
white.day3_TTAACTCTCCTAGGGC-1	12
white.day3_TTAACTCTCTTCTGGC-1	9
white.day3_TTAGGACAGAAGATTC-1	11
white.day3_TTAGGACAGAGGACGG-1	9
white.day3_TTAGGACAGCTGAAAT-1	12
white.day3_TTAGGACAGGCCGAAT-1	12
white.day3_TTAGGACAGGGTTCCC-1	7
white.day3_TTAGGACAGGTGGGTT-1	8
white.day3_TTAGGACAGTGGGCTA-1	11
white.day3_TTAGGACAGTGTTTGC-1	8
white.day3_TTAGGACCAACTGCTA-1	12
white.day3_TTAGGACCAAGTAATG-1	11
white.day3_TTAGGACCACGAGGTA-1	9
white.day3_TTAGGACCACTGCCAG-1	8
white.day3_TTAGGACCACTTACGA-1	8
white.day3_TTAGGACCAGCTCGCA-1	9
white.day3_TTAGGACCATGTAAGA-1	11
white.day3_TTAGGACCATTCACTT-1	7
white.day3_TTAGGACGTCGCATCG-1	10
white.day3_TTAGGACGTGGACGAT-1	12
white.day3_TTAGGACGTTGACGTT-1	10
white.day3_TTAGGACTCAATAAGG-1	11
white.day3_TTAGGACTCACAAACC-1	8
white.day3_TTAGGACTCATGCAAC-1	6
white.day3_TTAGGACTCCTCTAGC-1	8
white.day3_TTAGGACTCTACCAGA-1	12
white.day3_TTAGGACTCTGATTCT-1	12
white.day3_TTAGGACTCTTTAGGG-1	7
white.day3_TTAGGCAAGACACTAA-1	12
white.day3_TTAGGCAAGACTAAGT-1	8
white.day3_TTAGGCAAGACTGTAA-1	10
white.day3_TTAGGCAAGATCGGGT-1	10
white.day3_TTAGGCAAGATGTAAC-1	11
white.day3_TTAGGCAAGCCGGTAA-1	10
white.day3_TTAGGCAAGCGTTCCG-1	6
white.day3_TTAGGCAAGCTAAGAT-1	8
white.day3_TTAGGCAAGTCCATAC-1	11
white.day3_TTAGGCAAGTGAATTG-1	12
white.day3_TTAGGCACAGATCTGT-1	12
white.day3_TTAGGCACATGCCCGA-1	10
white.day3_TTAGGCAGTCGAACAG-1	9
white.day3_TTAGGCAGTCGCATAT-1	12
white.day3_TTAGGCAGTCTAGGTT-1	11
white.day3_TTAGGCAGTCTTGTCC-1	7
white.day3_TTAGGCAGTTATTCTC-1	12
white.day3_TTAGGCATCAACGCTA-1	9
white.day3_TTAGGCATCACTTATC-1	11
white.day3_TTAGGCATCAGGCCCA-1	9
white.day3_TTAGGCATCATCTGCC-1	9
white.day3_TTAGGCATCCAGAGGA-1	9
white.day3_TTAGGCATCGATAGAA-1	8
white.day3_TTAGGCATCGGCGGTT-1	11
white.day3_TTAGGCATCGTCCGTT-1	8
white.day3_TTAGGCATCTGTCTCG-1	10
white.day3_TTAGGCATCTTAGCCC-1	6
white.day3_TTAGTTCAGAAACCGC-1	7
white.day3_TTAGTTCAGAAGATTC-1	3
white.day3_TTAGTTCAGACACTAA-1	12
white.day3_TTAGTTCAGACAGACC-1	9
white.day3_TTAGTTCAGTCGTTTG-1	9
white.day3_TTAGTTCCAAGAAAGG-1	11
white.day3_TTAGTTCCAATTCCTT-1	10
white.day3_TTAGTTCCACCGAATT-1	8
white.day3_TTAGTTCCACGAGGTA-1	8
white.day3_TTAGTTCCAGCTCCGA-1	7
white.day3_TTAGTTCCAGGCTGAA-1	11
white.day3_TTAGTTCCATGCTGGC-1	12
white.day3_TTAGTTCGTAGTAGTA-1	7
white.day3_TTAGTTCGTATAAACG-1	9
white.day3_TTAGTTCGTCTCTCTG-1	12
white.day3_TTAGTTCGTTCAGTAC-1	12
white.day3_TTAGTTCGTTCCGTCT-1	7
white.day3_TTAGTTCGTTCGAATC-1	10
white.day3_TTAGTTCGTTTAAGCC-1	8
white.day3_TTAGTTCTCCCTTGTG-1	9
white.day3_TTAGTTCTCCGATATG-1	9
white.day3_TTAGTTCTCGAACGGA-1	12
white.day3_TTAGTTCTCGGTTAAC-1	10
white.day3_TTATGCTAGACCGGAT-1	7
white.day3_TTATGCTAGAGTAAGG-1	12
white.day3_TTATGCTAGCGTTCCG-1	12
white.day3_TTATGCTAGGTGCTTT-1	7
white.day3_TTATGCTAGTGTACCT-1	12
white.day3_TTATGCTAGTGTTGAA-1	9
white.day3_TTATGCTCAAGGGTCA-1	7
white.day3_TTATGCTCACAAGACG-1	12
white.day3_TTATGCTCAGCATACT-1	12
white.day3_TTATGCTCAGCCACCA-1	10
white.day3_TTATGCTCATCATCCC-1	10
white.day3_TTATGCTGTAAGTGGC-1	8
white.day3_TTATGCTGTGAAATCA-1	9
white.day3_TTATGCTGTGCTCTTC-1	12
white.day3_TTATGCTGTTCCACGG-1	12
white.day3_TTATGCTGTTCCACTC-1	8
white.day3_TTATGCTTCACAACGT-1	11
white.day3_TTATGCTTCCAAGTAC-1	8
white.day3_TTATGCTTCCGATATG-1	7
white.day3_TTATGCTTCGTAGGTT-1	12
white.day3_TTATGCTTCGTGGGAA-1	8
white.day3_TTATGCTTCTTCAACT-1	12
white.day3_TTATGCTTCTTGTCAT-1	12
white.day3_TTATGCTTCTTTAGGG-1	9
white.day3_TTCCCAGAGAGCTATA-1	8
white.day3_TTCCCAGAGAGGGCTT-1	8
white.day3_TTCCCAGAGCGTAGTG-1	11
white.day3_TTCCCAGAGGACAGCT-1	9
white.day3_TTCCCAGAGTCCAGGA-1	9
white.day3_TTCCCAGAGTCGCCGT-1	11
white.day3_TTCCCAGCACGAGGTA-1	9
white.day3_TTCCCAGCACGCCAGT-1	9
white.day3_TTCCCAGCATCACCCT-1	12
white.day3_TTCCCAGGTAAGGGAA-1	7
white.day3_TTCCCAGGTACAAGTA-1	11
white.day3_TTCCCAGGTACTCGCG-1	11
white.day3_TTCCCAGGTCTGGTCG-1	12
white.day3_TTCCCAGGTCTTGCGG-1	12
white.day3_TTCCCAGGTGACAAAT-1	8
white.day3_TTCCCAGGTGCATCTA-1	11
white.day3_TTCCCAGGTGTTGGGA-1	9
white.day3_TTCCCAGGTTCCACGG-1	12
white.day3_TTCCCAGGTTGATTGC-1	8
white.day3_TTCCCAGGTTGCGTTA-1	9
white.day3_TTCCCAGGTTGTGGCC-1	12
white.day3_TTCCCAGTCCACGAAT-1	12
white.day3_TTCCCAGTCCAGTAGT-1	9
white.day3_TTCCCAGTCCGTAGGC-1	8
white.day3_TTCCCAGTCGAGCCCA-1	11
white.day3_TTCCCAGTCGCTAGCG-1	8
white.day3_TTCCCAGTCTTCGAGA-1	8
white.day3_TTCGAAGAGACTACAA-1	12
white.day3_TTCGAAGAGATACACA-1	8
white.day3_TTCGAAGAGATCCTGT-1	10
white.day3_TTCGAAGAGCAAATCA-1	8
white.day3_TTCGAAGAGCCAGGAT-1	8
white.day3_TTCGAAGAGCGTGAAC-1	10
white.day3_TTCGAAGAGGCATGGT-1	10
white.day3_TTCGAAGCAAAGAATC-1	11
white.day3_TTCGAAGCACTCTGTC-1	8
white.day3_TTCGAAGCAGCGAACA-1	12
white.day3_TTCGAAGCATGACGGA-1	7
white.day3_TTCGAAGGTAAGAGAG-1	10
white.day3_TTCGAAGGTAATTGGA-1	11
white.day3_TTCGAAGGTCAATACC-1	8
white.day3_TTCGAAGGTCATCGGC-1	10
white.day3_TTCGAAGGTGAGGCTA-1	9
white.day3_TTCGAAGGTGCCTGCA-1	11
white.day3_TTCGAAGGTGCGATAG-1	10
white.day3_TTCGAAGGTGTCCTCT-1	9
white.day3_TTCGAAGGTTGGTTTG-1	9
white.day3_TTCGAAGGTTTAGGAA-1	11
white.day3_TTCGAAGTCACAATGC-1	6
white.day3_TTCGAAGTCACCTTAT-1	11
white.day3_TTCGAAGTCCGAATGT-1	8
white.day3_TTCGAAGTCCTCTAGC-1	8
white.day3_TTCGAAGTCGAGCCCA-1	12
white.day3_TTCGAAGTCGCTGATA-1	11
white.day3_TTCGAAGTCGGCGCAT-1	9
white.day3_TTCGAAGTCGGTGTTA-1	8
white.day3_TTCGAAGTCTTGCATT-1	10
white.day3_TTCGGTCAGATCACGG-1	9
white.day3_TTCGGTCAGCGTGAGT-1	12
white.day3_TTCGGTCAGCTCCCAG-1	9
white.day3_TTCGGTCAGGTAAACT-1	12
white.day3_TTCGGTCAGTCAAGGC-1	8
white.day3_TTCGGTCCAATAAGCA-1	9
white.day3_TTCGGTCCACAGATTC-1	11
white.day3_TTCGGTCCAGTCAGCC-1	12
white.day3_TTCGGTCCATGGTCAT-1	12
white.day3_TTCGGTCCATTCGACA-1	10
white.day3_TTCGGTCGTACCGTTA-1	11
white.day3_TTCGGTCGTGGCGAAT-1	6
white.day3_TTCGGTCGTTACCGAT-1	5
white.day3_TTCGGTCGTTCCGGCA-1	10
white.day3_TTCGGTCTCACCACCT-1	11
white.day3_TTCGGTCTCCATGAGT-1	8
white.day3_TTCGGTCTCCTTTACA-1	9
white.day3_TTCGGTCTCTAACTTC-1	7
white.day3_TTCGGTCTCTGCGACG-1	8
white.day3_TTCGGTCTCTGGCGAC-1	10
white.day3_TTCTACAAGACAATAC-1	12
white.day3_TTCTACAAGATATGCA-1	8
white.day3_TTCTACAAGCACCGCT-1	8
white.day3_TTCTACAAGCGGCTTC-1	10
white.day3_TTCTACAAGGACAGAA-1	10
white.day3_TTCTACAAGGCATGGT-1	12
white.day3_TTCTACAAGTGGGCTA-1	10
white.day3_TTCTACAAGTGTGAAT-1	8
white.day3_TTCTACACAACTGCGC-1	12
white.day3_TTCTACACAAGTCTGT-1	11
white.day3_TTCTACACATGACGGA-1	8
white.day3_TTCTACACATGTAAGA-1	8
white.day3_TTCTACACATTCACTT-1	7
white.day3_TTCTACAGTAAGAGGA-1	11
white.day3_TTCTACAGTCAAACTC-1	9
white.day3_TTCTACAGTCCGACGT-1	11
white.day3_TTCTACAGTCTCCATC-1	8
white.day3_TTCTACAGTGGTGTAG-1	10
white.day3_TTCTACAGTTAAGTAG-1	11
white.day3_TTCTACAGTTTGGGCC-1	11
white.day3_TTCTACATCAAGAAGT-1	11
white.day3_TTCTACATCACTGGGC-1	8
white.day3_TTCTACATCAGTGCAT-1	10
white.day3_TTCTACATCATCTGCC-1	8
white.day3_TTCTACATCCCAGGTG-1	7
white.day3_TTCTACATCGCATGAT-1	8
white.day3_TTCTACATCGGTTAAC-1	10
white.day3_TTCTACATCTAACGGT-1	12
white.day3_TTCTACATCTCCAACC-1	8
white.day3_TTCTCAAAGAAGAAGC-1	10
white.day3_TTCTCAAAGAAGGTTT-1	9
white.day3_TTCTCAAAGAGAACAG-1	10
white.day3_TTCTCAAAGATGCCAG-1	7
white.day3_TTCTCAAAGCTGTCTA-1	11
white.day3_TTCTCAAAGGAATTAC-1	7
white.day3_TTCTCAAAGGCTATCT-1	6
white.day3_TTCTCAAAGTACATGA-1	8
white.day3_TTCTCAAAGTTAACGA-1	9
white.day3_TTCTCAACACACATGT-1	8
white.day3_TTCTCAACACCAGATT-1	11
white.day3_TTCTCAACACCTGGTG-1	11
white.day3_TTCTCAACAGTTAACC-1	12
white.day3_TTCTCAACATTTGCCC-1	8
white.day3_TTCTCAAGTAGCGCTC-1	10
white.day3_TTCTCAAGTCTCTTAT-1	11
white.day3_TTCTCAAGTCTTTCAT-1	12
white.day3_TTCTCAAGTGAGGGAG-1	11
white.day3_TTCTCAAGTGGACGAT-1	8
white.day3_TTCTCAAGTTGAACTC-1	12
white.day3_TTCTCAAGTTTGTTGG-1	9
white.day3_TTCTCAATCAATCTCT-1	12
white.day3_TTCTCAATCAGCCTAA-1	12
white.day3_TTCTCAATCAGGCGAA-1	12
white.day3_TTCTCAATCCCATTAT-1	11
white.day3_TTCTCAATCCTCATTA-1	10
white.day3_TTCTCAATCTACCAGA-1	10
white.day3_TTCTCCTAGATCTGAA-1	12
white.day3_TTCTCCTAGGAATTAC-1	10
white.day3_TTCTCCTAGGTAGCCA-1	12
white.day3_TTCTCCTAGTCCAGGA-1	12
white.day3_TTCTCCTCACAGTCGC-1	11
white.day3_TTCTCCTCAGACAAGC-1	7
white.day3_TTCTCCTCAGTCGTGC-1	12
white.day3_TTCTCCTGTACTCTCC-1	10
white.day3_TTCTCCTGTATATCCG-1	8
white.day3_TTCTCCTGTCTCTCTG-1	12
white.day3_TTCTCCTGTGCTAGCC-1	10
white.day3_TTCTCCTGTGTGAATA-1	8
white.day3_TTCTCCTGTGTTGGGA-1	12
white.day3_TTCTCCTTCACGATGT-1	10
white.day3_TTCTCCTTCACTTATC-1	7
white.day3_TTCTCCTTCAGGATCT-1	11
white.day3_TTCTCCTTCCAAAGTC-1	9
white.day3_TTCTCCTTCCGAATGT-1	9
white.day3_TTCTCCTTCCGTCAAA-1	9
white.day3_TTCTCCTTCGAGCCCA-1	11
white.day3_TTCTCCTTCGTACCGG-1	8
white.day3_TTCTCCTTCTCCAGGG-1	11
white.day3_TTCTCCTTCTGTACGA-1	12
white.day3_TTCTCCTTCTTGCATT-1	11
white.day3_TTCTCCTTCTTGTTTG-1	10
white.day3_TTCTTAGAGAAGGACA-1	12
white.day3_TTCTTAGAGAATGTGT-1	9
white.day3_TTCTTAGAGACTAGAT-1	9
white.day3_TTCTTAGAGATCCTGT-1	12
white.day3_TTCTTAGAGCCAGGAT-1	10
white.day3_TTCTTAGAGCGTCTAT-1	10
white.day3_TTCTTAGAGCTAGTTC-1	8
white.day3_TTCTTAGAGGCAATTA-1	3
white.day3_TTCTTAGAGGTCATCT-1	8
white.day3_TTCTTAGAGGTGACCA-1	8
white.day3_TTCTTAGAGTGTCTCA-1	12
white.day3_TTCTTAGCAAACCCAT-1	12
white.day3_TTCTTAGCAAAGCAAT-1	9
white.day3_TTCTTAGCAAGTTCTG-1	10
white.day3_TTCTTAGCAATAGAGT-1	11
white.day3_TTCTTAGCAATCTACG-1	12
white.day3_TTCTTAGCAGACAGGT-1	11
white.day3_TTCTTAGCAGATCGGA-1	10
white.day3_TTCTTAGCAGCTCCGA-1	7
white.day3_TTCTTAGCAGCTGTTA-1	8
white.day3_TTCTTAGCAGGATTGG-1	12
white.day3_TTCTTAGGTTCGTTGA-1	10
white.day3_TTCTTAGTCCAACCAA-1	8
white.day3_TTCTTAGTCCTCAACC-1	8
white.day3_TTCTTAGTCGTTTATC-1	8
white.day3_TTCTTAGTCTTCCTTC-1	10
white.day3_TTCTTAGTCTTCGGTC-1	12
white.day3_TTGAACGAGAAGATTC-1	9
white.day3_TTGAACGAGAGTACCG-1	10
white.day3_TTGAACGAGATGTCGG-1	12
white.day3_TTGAACGAGGCCCGTT-1	12
white.day3_TTGAACGAGTGTCCAT-1	12
white.day3_TTGAACGCAAAGGAAG-1	12
white.day3_TTGAACGCAAGCCCAC-1	11
white.day3_TTGAACGCAAGCCGTC-1	10
white.day3_TTGAACGCATAGACTC-1	8
white.day3_TTGAACGCATTAGCCA-1	12
white.day3_TTGAACGGTCAACATC-1	10
white.day3_TTGAACGGTCACCTAA-1	9
white.day3_TTGAACGGTCTGATTG-1	11
white.day3_TTGAACGGTGCCTGTG-1	8
white.day3_TTGAACGTCAAGCCTA-1	5
white.day3_TTGAACGTCACCGTAA-1	6
white.day3_TTGAACGTCACTCTTA-1	10
white.day3_TTGAACGTCGAGGTAG-1	12
white.day3_TTGAACGTCGTACCGG-1	9
white.day3_TTGACTTAGAGACGAA-1	8
white.day3_TTGACTTAGCAATCTC-1	9
white.day3_TTGACTTAGCTGGAAC-1	10
white.day3_TTGACTTAGGATTCGG-1	8
white.day3_TTGACTTAGTCGATAA-1	9
white.day3_TTGACTTAGTCTCGGC-1	9
white.day3_TTGACTTCACTAAGTC-1	9
white.day3_TTGACTTCAGGCAGTA-1	12
white.day3_TTGACTTCATTCACTT-1	12
white.day3_TTGACTTGTACATGTC-1	3
white.day3_TTGACTTGTCCTAGCG-1	8
white.day3_TTGACTTGTGTATGGG-1	12
white.day3_TTGACTTGTTCAGTAC-1	10
white.day3_TTGACTTTCAAAGTAG-1	5
white.day3_TTGACTTTCACCATAG-1	8
white.day3_TTGACTTTCCTAGTGA-1	9
white.day3_TTGACTTTCGAGAGCA-1	10
white.day3_TTGACTTTCGCAAACT-1	10
white.day3_TTGACTTTCGGCATCG-1	8
white.day3_TTGACTTTCTGGCGAC-1	12
white.day3_TTGACTTTCTGTGCAA-1	12
white.day3_TTGCCGTAGAGTAAGG-1	12
white.day3_TTGCCGTAGCAATCTC-1	10
white.day3_TTGCCGTAGCACCGTC-1	12
white.day3_TTGCCGTAGCGCCTTG-1	6
white.day3_TTGCCGTAGGCCATAG-1	9
white.day3_TTGCCGTAGTCTCCTC-1	8
white.day3_TTGCCGTAGTGTCCAT-1	7
white.day3_TTGCCGTCACCTCGGA-1	10
white.day3_TTGCCGTCACCTTGTC-1	8
white.day3_TTGCCGTCAGCAGTTT-1	12
white.day3_TTGCCGTCATTGTGCA-1	12
white.day3_TTGCCGTGTATTACCG-1	11
white.day3_TTGCCGTGTCCCGACA-1	7
white.day3_TTGCCGTGTCTCGTTC-1	11
white.day3_TTGCCGTGTGCGATAG-1	8
white.day3_TTGCCGTGTTACCGAT-1	8
white.day3_TTGCCGTTCACGGTTA-1	12
white.day3_TTGCCGTTCCGCAAGC-1	12
white.day3_TTGCCGTTCCTACAGA-1	12
white.day3_TTGCCGTTCGGCCGAT-1	10
white.day3_TTGCCGTTCTCAAACG-1	12
white.day3_TTGCCGTTCTGCCCTA-1	10
white.day3_TTGCCGTTCTTGTCAT-1	11
white.day3_TTGCGTCAGACAAGCC-1	11
white.day3_TTGCGTCAGACGCAAC-1	8
white.day3_TTGCGTCAGATGCGAC-1	10
white.day3_TTGCGTCAGCTGAAAT-1	8
white.day3_TTGCGTCAGGGTGTGT-1	8
white.day3_TTGCGTCAGGGTTCCC-1	9
white.day3_TTGCGTCAGGTACTCT-1	11
white.day3_TTGCGTCAGTACCGGA-1	8
white.day3_TTGCGTCAGTCAATAG-1	10
white.day3_TTGCGTCCAACGCACC-1	8
white.day3_TTGCGTCCAAGTAGTA-1	9
white.day3_TTGCGTCCACACGCTG-1	9
white.day3_TTGCGTCCAGAGTGTG-1	12
white.day3_TTGCGTCCAGCTGCAC-1	9
white.day3_TTGCGTCCAGGACGTA-1	10
white.day3_TTGCGTCCATGAAGTA-1	6
white.day3_TTGCGTCGTAAATGAC-1	12
white.day3_TTGCGTCGTAGGCATG-1	8
white.day3_TTGCGTCGTCAACATC-1	9
white.day3_TTGCGTCGTCCATGAT-1	10
white.day3_TTGCGTCGTCCGTTAA-1	10
white.day3_TTGCGTCGTCTAAAGA-1	8
white.day3_TTGCGTCGTTCACCTC-1	12
white.day3_TTGCGTCGTTCGGCAC-1	12
white.day3_TTGCGTCGTTGTGGAG-1	12
white.day3_TTGCGTCTCGAATGCT-1	10
white.day3_TTGCGTCTCGATGAGG-1	11
white.day3_TTGCGTCTCGTCACGG-1	5
white.day3_TTGGAACAGCTGCCCA-1	6
white.day3_TTGGAACAGGAATGGA-1	5
white.day3_TTGGAACAGTCGCCGT-1	10
white.day3_TTGGAACAGTGTACCT-1	7
white.day3_TTGGAACAGTTACGGG-1	9
white.day3_TTGGAACCAAACCCAT-1	11
white.day3_TTGGAACCAACGATCT-1	8
white.day3_TTGGAACCAATAGAGT-1	12
white.day3_TTGGAACCACACGCTG-1	7
white.day3_TTGGAACCAGATGGGT-1	12
white.day3_TTGGAACCATTATCTC-1	11
white.day3_TTGGAACGTAAACACA-1	11
white.day3_TTGGAACGTACTCGCG-1	8
white.day3_TTGGAACGTACTCTCC-1	12
white.day3_TTGGAACGTCAAGCGA-1	12
white.day3_TTGGAACGTCACAAGG-1	12
white.day3_TTGGAACGTCCATCCT-1	12
white.day3_TTGGAACGTGTATGGG-1	12
white.day3_TTGGAACGTGTGGCTC-1	12
white.day3_TTGGAACGTGTTCGAT-1	12
white.day3_TTGGAACGTTGTCTTT-1	10
white.day3_TTGGAACTCAGCTGGC-1	12
white.day3_TTGGAACTCATAGCAC-1	11
white.day3_TTGGAACTCCGCTGTT-1	11
white.day3_TTGGAACTCCGTTGTC-1	11
white.day3_TTGGAACTCTCTAGGA-1	7
white.day3_TTGGAACTCTGGTATG-1	11
white.day3_TTGGAACTCTGTACGA-1	10
white.day3_TTGGCAAAGAGAGCTC-1	5
white.day3_TTGGCAAAGATCACGG-1	12
white.day3_TTGGCAAAGCGCCTCA-1	12
white.day3_TTGGCAACAAAGGTGC-1	10
white.day3_TTGGCAACAATGCCAT-1	5
white.day3_TTGGCAACACCTCGGA-1	12
white.day3_TTGGCAACAGTACACT-1	12
white.day3_TTGGCAACATGCAATC-1	10
white.day3_TTGGCAAGTAGTGAAT-1	8
white.day3_TTGGCAAGTTCAGACT-1	10
white.day3_TTGGCAAGTTTGACAC-1	12
white.day3_TTGGCAATCACCAGGC-1	8
white.day3_TTGGCAATCAGGCCCA-1	7
white.day3_TTGGCAATCAGGTTCA-1	8
white.day3_TTGGCAATCGAATGGG-1	10
white.day3_TTGGCAATCGTCGTTC-1	10
white.day3_TTGGCAATCTTGAGGT-1	10
white.day3_TTGTAGGAGCAAATCA-1	11
white.day3_TTGTAGGAGCGCCTCA-1	7
white.day3_TTGTAGGAGGCATGGT-1	10
white.day3_TTGTAGGAGGCCCGTT-1	12
white.day3_TTGTAGGAGGGATGGG-1	12
white.day3_TTGTAGGAGTGCCATT-1	12
white.day3_TTGTAGGCAAGTCTAC-1	9
white.day3_TTGTAGGCACCCTATC-1	12
white.day3_TTGTAGGCACTAAGTC-1	11
white.day3_TTGTAGGCACTAGTAC-1	11
white.day3_TTGTAGGCAGCCTATA-1	11
white.day3_TTGTAGGCAGCCTGTG-1	9
white.day3_TTGTAGGCAGTACACT-1	11
white.day3_TTGTAGGCAGTGGGAT-1	12
white.day3_TTGTAGGCATTCCTGC-1	12
white.day3_TTGTAGGCATTGGGCC-1	7
white.day3_TTGTAGGCATTTCACT-1	8
white.day3_TTGTAGGGTCGACTAT-1	8
white.day3_TTGTAGGGTCTTGCGG-1	10
white.day3_TTGTAGGGTGCAGTAG-1	8
white.day3_TTGTAGGGTGTGTGCC-1	8
white.day3_TTGTAGGTCAAAGTAG-1	11
white.day3_TTGTAGGTCATCTGCC-1	10
white.day3_TTGTAGGTCGCCCTTA-1	8
white.day3_TTGTAGGTCGCTAGCG-1	7
white.day3_TTGTAGGTCTGGAGCC-1	10
white.day3_TTTACTGAGAACTCGG-1	10
white.day3_TTTACTGAGACCCACC-1	12
white.day3_TTTACTGAGACTGGGT-1	11
white.day3_TTTACTGAGAGCTGCA-1	12
white.day3_TTTACTGAGGCCGAAT-1	8
white.day3_TTTACTGAGTAATCCC-1	8
white.day3_TTTACTGAGTGGCACA-1	12
white.day3_TTTACTGCAACTTGAC-1	12
white.day3_TTTACTGCAAGGACAC-1	8
white.day3_TTTACTGCAAGGACTG-1	12
white.day3_TTTACTGCAAGGTTTC-1	9
white.day3_TTTACTGCAATGGACG-1	6
white.day3_TTTACTGCACGGCGTT-1	11
white.day3_TTTACTGCAGACACTT-1	7
white.day3_TTTACTGCAGAGTGTG-1	8
white.day3_TTTACTGGTAAGTGGC-1	12
white.day3_TTTACTGGTAAGTGTA-1	7
white.day3_TTTACTGGTCAAAGAT-1	11
white.day3_TTTACTGGTCAACATC-1	12
white.day3_TTTACTGGTCGGCATC-1	12
white.day3_TTTACTGGTGACGGTA-1	10
white.day3_TTTACTGGTGTCTGAT-1	8
white.day3_TTTACTGGTTCGCTAA-1	8
white.day3_TTTACTGTCAACTCTT-1	12
white.day3_TTTACTGTCACAGTAC-1	9
white.day3_TTTACTGTCCAATGGT-1	11
white.day3_TTTACTGTCCACGTGG-1	12
white.day3_TTTACTGTCGCGCCAA-1	12
white.day3_TTTACTGTCGGAGGTA-1	11
white.day3_TTTACTGTCTCCCTGA-1	3
white.day3_TTTACTGTCTCGTATT-1	11
white.day3_TTTATGCAGACTGTAA-1	12
white.day3_TTTATGCAGGTGCACA-1	12
white.day3_TTTATGCAGGTGCTAG-1	12
white.day3_TTTATGCAGTGGAGTC-1	8
white.day3_TTTATGCCAAGACACG-1	6
white.day3_TTTATGCCACATAACC-1	8
white.day3_TTTATGCCACCTTGTC-1	10
white.day3_TTTATGCCACGTCTCT-1	8
white.day3_TTTATGCGTCCAGTTA-1	11
white.day3_TTTATGCGTCGATTGT-1	12
white.day3_TTTATGCGTGTCGCTG-1	10
white.day3_TTTATGCGTTTGGGCC-1	11
white.day3_TTTATGCTCACGCATA-1	12
white.day3_TTTATGCTCATATCGG-1	10
white.day3_TTTATGCTCCCAACGG-1	11
white.day3_TTTATGCTCTACTATC-1	8
white.day3_TTTCCTCAGACTAGGC-1	12
white.day3_TTTCCTCAGAGGTACC-1	8
white.day3_TTTCCTCAGATCTGCT-1	12
white.day3_TTTCCTCAGCCGGTAA-1	10
white.day3_TTTCCTCAGGACGAAA-1	12
white.day3_TTTCCTCAGTAACCCT-1	7
white.day3_TTTCCTCAGTGGTCCC-1	10
white.day3_TTTCCTCCAAGGCTCC-1	12
white.day3_TTTCCTCCAATAACGA-1	5
white.day3_TTTCCTCCATATGGTC-1	11
white.day3_TTTCCTCCATCCGCGA-1	12
white.day3_TTTCCTCCATTGCGGC-1	12
white.day3_TTTCCTCGTACCATCA-1	12
white.day3_TTTCCTCGTAGGCTGA-1	12
white.day3_TTTCCTCGTCATATGC-1	12
white.day3_TTTCCTCGTCGTGGCT-1	7
white.day3_TTTCCTCGTGTCAATC-1	12
white.day3_TTTCCTCGTTACCGAT-1	11
white.day3_TTTCCTCGTTACGCGC-1	12
white.day3_TTTCCTCGTTATCACG-1	12
white.day3_TTTCCTCGTTCCAACA-1	8
white.day3_TTTCCTCTCAATCACG-1	7
white.day3_TTTCCTCTCACTCTTA-1	12
white.day3_TTTCCTCTCAGGCGAA-1	8
white.day3_TTTCCTCTCCTTAATC-1	7
white.day3_TTTCCTCTCTAACTTC-1	12
white.day3_TTTGCGCAGAAGGACA-1	8
white.day3_TTTGCGCAGCAGGTCA-1	8
white.day3_TTTGCGCAGCCGATTT-1	11
white.day3_TTTGCGCAGCCTCGTG-1	7
white.day3_TTTGCGCAGCTAGTCT-1	12
white.day3_TTTGCGCAGGCCCTTG-1	12
white.day3_TTTGCGCAGGGAACGG-1	7
white.day3_TTTGCGCAGGTGATAT-1	10
white.day3_TTTGCGCAGTGTACCT-1	12
white.day3_TTTGCGCCAAATACAG-1	10
white.day3_TTTGCGCCACCCTATC-1	6
white.day3_TTTGCGCCAGATCTGT-1	12
white.day3_TTTGCGCCAGCCACCA-1	8
white.day3_TTTGCGCGTATAGGGC-1	8
white.day3_TTTGCGCGTCAAAGCG-1	12
white.day3_TTTGCGCTCACATAGC-1	10
white.day3_TTTGCGCTCACCTTAT-1	7
white.day3_TTTGCGCTCAGGCAAG-1	10
white.day3_TTTGCGCTCCAATGGT-1	8
white.day3_TTTGCGCTCCCAGGTG-1	10
white.day3_TTTGCGCTCCCTTGCA-1	6
white.day3_TTTGCGCTCCTTCAAT-1	9
white.day3_TTTGCGCTCGGAGCAA-1	12
white.day3_TTTGCGCTCTCGTATT-1	8
white.day3_TTTGGTTAGAACTCGG-1	8
white.day3_TTTGGTTAGAGCTTCT-1	12
white.day3_TTTGGTTAGCTAACTC-1	7
white.day3_TTTGGTTAGCTAGTGG-1	8
white.day3_TTTGGTTAGGCACATG-1	10
white.day3_TTTGGTTAGGTGATTA-1	9
white.day3_TTTGGTTAGTACGTAA-1	12
white.day3_TTTGGTTAGTACTTGC-1	10
white.day3_TTTGGTTAGTAGGCCA-1	12
white.day3_TTTGGTTAGTATCGAA-1	12
white.day3_TTTGGTTAGTCTCGGC-1	5
white.day3_TTTGGTTCACAACGCC-1	7
white.day3_TTTGGTTCACGGCTAC-1	8
white.day3_TTTGGTTCAGGATCGA-1	8
white.day3_TTTGGTTCAGTGAGTG-1	8
white.day3_TTTGGTTCAGTGGAGT-1	12
white.day3_TTTGGTTCATTGAGCT-1	12
white.day3_TTTGGTTGTCAACATC-1	12
white.day3_TTTGGTTGTCGAACAG-1	12
white.day3_TTTGGTTGTCTCTTTA-1	7
white.day3_TTTGGTTGTTCCTCCA-1	6
white.day3_TTTGGTTGTTGATTCG-1	7
white.day3_TTTGGTTGTTGCTCCT-1	12
white.day3_TTTGGTTGTTTAGGAA-1	7
white.day3_TTTGGTTTCACAGGCC-1	7
white.day3_TTTGGTTTCATGTCTT-1	10
white.day3_TTTGGTTTCCCTCTTT-1	12
white.day3_TTTGGTTTCGAGAACG-1	8
white.day3_TTTGGTTTCGGATGTT-1	12
white.day3_TTTGGTTTCTCGATGA-1	12
white.day3_TTTGGTTTCTTAGAGC-1	12
white.day3_TTTGTCAAGCAATCTC-1	9
white.day3_TTTGTCAAGCGTGAAC-1	12
white.day3_TTTGTCAAGGCTCTTA-1	10
white.day3_TTTGTCAAGGTGATTA-1	10
white.day3_TTTGTCAAGTCTCAAC-1	8
white.day3_TTTGTCAAGTGGGTTG-1	8
white.day3_TTTGTCAAGTTGTAGA-1	10
white.day3_TTTGTCACAAGTAATG-1	7
white.day3_TTTGTCACAATAAGCA-1	11
white.day3_TTTGTCACACCATCCT-1	9
white.day3_TTTGTCACACTTAACG-1	8
white.day3_TTTGTCACAGCGATCC-1	6
white.day3_TTTGTCACATAGACTC-1	11
white.day3_TTTGTCACATGAACCT-1	8
white.day3_TTTGTCACATGGTTGT-1	11
white.day3_TTTGTCACATTTGCCC-1	9
white.day3_TTTGTCAGTAAATGTG-1	8
white.day3_TTTGTCAGTACGCTGC-1	10
white.day3_TTTGTCAGTACTTGAC-1	12
white.day3_TTTGTCAGTGAGTGAC-1	12
white.day3_TTTGTCAGTTACCGAT-1	8
white.day3_TTTGTCAGTTCAGGCC-1	9
white.day3_TTTGTCATCAGCTGGC-1	8
white.day3_TTTGTCATCAGTGCAT-1	8
white.day3_TTTGTCATCCATGAAC-1	9
white.day3_TTTGTCATCGAACGGA-1	8
