Cluster	ID	Description	setSize	enrichmentScore	NES	pvalue	p.adjust	qvalue	rank	leading_edge	core_enrichment
s2	Mitochondrial ribosome	Mitochondrial ribosome	82	0.626601277650094	2.39244894277519	4.91660531353536e-10	4.62160899472324e-08	2.48417952683892e-08	4788	tags=72%, list=27%, signal=53%	MRPS33/MRPL50/MRPS18C/MRPS36/MRPL35/MRPS15/MRPS18B/MRPS14/MRPL47/MRPL1/MRPL45/PTCD3/MRPS10/MRPL19/MRPS35/MRPS7/MRPS27/MRPL33/MRPL39/MRPL24/MRPL30/MRPL37/MRPS9/MRPL34/MRPL15/MRPL22/MRPS5/MRPL27/MRPL32/MRPL51/DAP3/MRPL13/MRPS11/MRPL40/MRPL58/MRPS31/MRPS25/MRPS16/MRPL44/MRPL36/MRPS22/MRPS21/MRPS30/MRPL54/MRPL3/MRPL16/MRPL14/MRPL2/MRPL42/MRPS28/MRPL46/MRPS23/MRPL41/MRPS26/MRPL48/MRPS18A/MRPL21/MRPL10/MRPL20
s2	Fatty acid oxidation	Fatty acid oxidation	40	0.723774146645358	2.43843787787129	7.50902957546635e-09	3.52924390046919e-07	1.89701799801255e-07	2294	tags=65%, list=13%, signal=57%	ACSM3/ACAA2/HADHB/ACADM/DECR1/HADHA/ETFA/ETFDH/HADH/SLC25A20/CPT2/ACADL/ACACB/ACSL1/PCCB/ACADVL/CPT1B/ACSF2/PCCA/ECHS1/ECI2/ACADSB/ACAT1/MMUT/ACADS/ACAD10
s6	Mitochondrial ribosome	Mitochondrial ribosome	82	0.616120929913378	2.27649391180976	5.75084324355936e-09	5.4057926489458e-07	3.81371709836042e-07	5268	tags=74%, list=29%, signal=53%	MRPL46/MRPL23/MRPS11/MRPL55/MRPL12/MRPL28/MRPL43/MRPL57/MRPL41/MRPS12/MRPS18A/MRPS22/MRPS28/MRPS2/MRPL4/CHCHD1/MRPS15/MRPS7/MRPL44/MRPS14/MRPL10/MRPL20/MRPL16/MRPS34/MRPL40/MRPL58/MRPL18/MRPS18B/MRPS9/MRPL2/MRPL17/MRPL39/MRPL32/MRPL15/MRPL34/MRPL3/MRPL19/MRPL9/MRPS31/MRPL14/AURKAIP1/MRPL49/GADD45GIP1/MRPS27/MRPS6/MRPL37/PTCD3/MRPL36/MRPL52/MRPS25/MRPS10/MRPS26/MRPL21/MRPS23/MRPS35/MRPL45/MRPL35/MRPS16/MRPS5/MRPL22/MRPL54
s4	Fatty acid oxidation	Fatty acid oxidation	40	0.726701348229866	2.32368473867965	6.9085879851594e-09	6.49407270604983e-07	4.72692862142485e-07	2565	tags=65%, list=14%, signal=56%	ACADS/ACSF2/ACSM3/ECHS1/CPT1B/ACAA2/HADH/ETFB/SLC25A20/ACADVL/ECI1/ETFA/HSD17B10/ETFDH/CPT2/ACAD11/HADHB/CRAT/PCCB/DECR1/ACACB/HADHA/ACADM/ACADL/ACAD10/ACSL1
s6	Fatty acid oxidation	Fatty acid oxidation	40	0.7318952471535	2.36228104983879	3.52537660786274e-08	1.65692700569549e-06	1.16894066471238e-06	1835	tags=62%, list=10%, signal=56%	ACSM3/ACADS/HADH/ACAA2/ECHS1/SLC25A20/ETFA/ECI1/ACAD11/ETFDH/ETFB/ACADM/ACOT11/HADHB/CPT2/ACADVL/DECR1/ACSF2/ACACB/PCCB/CPT1B/HADHA/CRAT/ACSL6/HSD17B10
s5	Mitochondrial ribosome	Mitochondrial ribosome	82	0.633909014572309	2.21442297311585	2.27207983219253e-08	2.13575504226098e-06	1.36324789931552e-06	4461	tags=70%, list=25%, signal=53%	MRPL12/MRPL46/MRPL41/AURKAIP1/MRPL34/MRPS11/MRPL54/MRPL23/MRPS28/MRPS2/MRPS26/MRPS12/MRPS15/MRPL14/MRPS7/MRPS18A/MRPS18B/MRPS34/MRPL4/MRPL10/MRPL58/MRPL24/MRPL55/MRPL36/MRPL16/MRPL11/MRPL37/MRPL27/MRPL28/MRPL2/MRPL15/MRPL43/MRPS16/MRPL40/MRPL20/CHCHD1/MRPS14/MRPL39/MRPL44/MRPL57/MRPL21/MRPS33/MRPL50/MRPL49/MRPL22/MRPS18C/MRPS25/MRPL51/MRPS36/MRPL18/MRPS9/MRPL32/MRPS22/MRPS21/MRPL9/MRPS35/MRPS23
s3	Fatty acid oxidation	Fatty acid oxidation	40	0.770512909062827	2.27854064451129	4.90607276404808e-08	4.6117083982052e-06	3.46007237043391e-06	2191	tags=70%, list=12%, signal=62%	ACSM3/ACACB/ACAA2/ACADM/ETFDH/HADH/SLC25A20/ACAD11/ACADS/ETFA/DECR1/ACSF2/HADHB/CPT1B/CPT2/ACADL/ECHS1/HADHA/ACSL1/ACADVL/PCCB/ACADSB/ETFB/PCCA/ACSL6/AMACR/MMUT/HSD17B10
s2	CV subunits	CV subunits	21	0.815704994692597	2.40342567002805	1.76555416345333e-07	5.53206971215378e-06	2.97356490686877e-06	2706	tags=90%, list=15%, signal=77%	ATP5PF/ATP5MPL/ATP5MD/ATP5MC1/ATP5MC3/ATP5PB/MT-ATP8/ATP5F1B/ATP5PD/ATP5F1A/ATP5F1C/ATP5F1E/ATP5PO/DMAC2L/ATP5MF/ATP5ME/ATP5MG/MT-ATP6/ATP5MC2
s4	Mitochondrial ribosome	Mitochondrial ribosome	82	0.570243171344985	2.02579162383191	4.47698315231246e-07	2.10418208158685e-05	1.53159949947531e-05	6425	tags=74%, list=36%, signal=48%	MRPL23/MRPL46/MRPL28/MRPL12/MRPL41/MRPS11/MRPL55/MRPL43/MRPS18A/MRPS2/MRPS12/MRPS28/MRPL2/CHCHD1/MRPL10/MRPS22/MRPL57/MRPS7/MRPL4/MRPS18B/MRPS15/MRPL44/MRPL20/MRPL15/MRPL18/MRPL58/MRPL54/MRPL36/MRPL40/MRPL39/MRPS31/MRPS9/MRPS34/AURKAIP1/MRPL14/MRPL49/MRPL16/MRPL17/MRPL34/MRPL32/GADD45GIP1/MRPL9/MRPS16/MRPS14/MRPS26/MRPS6/MRPS23/MRPL52/MRPS25/MRPS27/MRPL24/MRPS5/MRPS35/MRPL37/PTCD3/MRPL3/MRPL22/MRPL35/MRPS33/MRPS10/MRPL48
s5	Fatty acid oxidation	Fatty acid oxidation	40	0.713812548868797	2.20542717057599	5.64802544452223e-07	2.65457195892545e-05	1.69440763335667e-05	1643	tags=60%, list=9%, signal=55%	ACADS/ACSM3/CPT1B/ACAA2/ACSF2/ETFB/ECHS1/SLC25A20/HADH/ACADVL/ACACB/DECR1/CPT2/ETFA/ETFDH/HADHB/ECI1/HSD17B10/ACADM/ACAD11/AMACR/PCCB/HADHA/ACADL
s1	Fatty acid oxidation	Fatty acid oxidation	40	0.750193434218903	2.14244966498259	4.69389157803168e-07	4.41225808334978e-05	3.11279125701048e-05	2466	tags=68%, list=14%, signal=58%	ACAA2/ACSL6/ACACB/HADH/ACSM3/SLC25A20/ACADS/ACSF2/ETFDH/DECR1/ETFA/ACADM/HADHA/CPT2/ECHS1/HADHB/PCCB/ACSL1/ACADVL/ETFB/PCCA/ACADL/HSD17B10/ACADSB/ACAD10/CPT1A/ACAT1
s1	Mitochondrial ribosome	Mitochondrial ribosome	82	0.632791757783183	2.02842868141937	1.7339270190338e-06	8.14945698945884e-05	5.7493369578489e-05	4598	tags=70%, list=25%, signal=52%	MRPL46/MRPS11/MRPS15/MRPL12/MRPL50/MRPS9/MRPS14/MRPS7/MRPL35/PTCD3/MRPS18B/MRPS12/MRPS18A/MRPS25/MRPL34/MRPL1/MRPL30/MRPL16/MRPS31/MRPS35/MRPL44/MRPS28/MRPL19/MRPL39/MRPS10/MRPL58/MRPL45/MRPL32/MRPS6/MRPS27/DAP3/MRPS2/MRPL14/MRPL47/MRPS22/MRPL15/MRPS18C/MRPS26/MRPL2/MRPS16/MRPS36/MRPS30/MRPS33/MRPL24/MRPL3/MRPS5/MRPL54/MRPL23/MRPL22/MRPL27/MRPL10/MRPL36/MRPL57/MRPL37/MRPL9/MRPS23/MRPL4
s2	Creatine metabolism	Creatine metabolism	4	0.986663964701951	1.80852130991798	8.23787172562688e-06	0.000193589985552232	0.00010405732706055	212	tags=75%, list=1%, signal=74%	CKMT1A/CKMT1B/CKMT2
s5	CI subunits	CI subunits	44	0.648554049726086	2.03458802816298	9.55952497201213e-06	0.00029953178245638	0.000191190499440243	4352	tags=73%, list=24%, signal=55%	NDUFS7/NDUFB7/NDUFA3/NDUFAB1/NDUFS8/NDUFV1/NDUFS3/NDUFA2/NDUFB10/NDUFB4/NDUFA6/NDUFB2/NDUFB9/NDUFB11/NDUFA1/NDUFS2/NDUFA8/NDUFA10/NDUFB6/NDUFS5/NDUFS6/NDUFC1/NDUFB1/NDUFB3/NDUFS4/NDUFB5/NDUFA12/NDUFV3/NDUFA11/NDUFA9/NDUFS1/NDUFB8
s2	CI subunits	CI subunits	44	0.602877930470296	2.07514977835154	1.69051841992165e-05	0.000317817462945271	0.000170831335065767	3258	tags=64%, list=18%, signal=52%	NDUFS5/NDUFS1/NDUFA1/NDUFB3/NDUFB1/NDUFA12/NDUFS2/NDUFB9/MT-ND4L/MT-ND3/NDUFAB1/NDUFS3/MT-ND2/NDUFA5/NDUFB5/NDUFA3/NDUFA10/NDUFS4/NDUFA8/NDUFA6/MT-ND5/MT-ND4/MT-ND1/NDUFV3/MT-ND6/NDUFA9/NDUFB10/NDUFC2
s2	TCA cycle	TCA cycle	19	0.751923564512247	2.16155839812866	2.97076530423477e-05	0.000465419897663447	0.000250169709830296	4330	tags=95%, list=24%, signal=72%	CS/DLD/IDH3A/SUCLA2/SUCLG1/MRPS36/ACO2/SDHB/FH/SDHC/SUCLG2/DLST/SDHD/OGDH/IDH3B/SDHA/MDH2/IDH2
s1	Branched-chain amino acid metabolism	Branched-chain amino acid metabolism	25	0.786380356942965	2.04926063712598	2.00423303697952e-05	0.000627993018253583	0.000443040987121789	2830	tags=76%, list=16%, signal=64%	ETFDH/ETFA/HADHA/ECHS1/MCCC1/ACAD8/HIBCH/MCCC2/BCKDHB/ETFB/DLD/HSD17B10/BCKDHA/SLC25A44/ACADSB/IVD/ACAT1/ALDH6A1/HMGCL
s4	Creatine metabolism	Creatine metabolism	4	0.98299523634114	1.73533930590959	2.19394822917487e-05	0.000687437111808127	0.000500374157531112	124	tags=75%, list=1%, signal=75%	CKMT1B/CKMT1A/CKMT2
s5	CIV subunits	CIV subunits	16	0.793118847719589	2.01762413242401	8.59929424323409e-05	0.00202083414716001	0.00128989413648511	2781	tags=75%, list=15%, signal=63%	COX5B/COX8A/COX6A1/COX6B1/COX7A2/COX7C/COX4I1/COX7A1/COX5A/NDUFA4/COX7B/COX6C
s1	TCA cycle	TCA cycle	19	0.805148690634709	1.98107261012372	0.000115046729657808	0.0021628785175668	0.00152588294072462	3531	tags=100%, list=20%, signal=81%	ACO2/CS/DLD/IDH2/SUCLG1/IDH3A/SUCLA2/SDHB/OGDH/SDHD/FH/MDH2/SDHA/SUCLG2/IDH3B/IDH3G/SDHC/MRPS36/DLST
s1	Creatine metabolism	Creatine metabolism	4	0.979497974666431	1.6866761473099	9.76335790397776e-05	0.0021628785175668	0.00152588294072462	284	tags=75%, list=2%, signal=74%	CKMT2/CKMT1B/CKMT1A
s2	Branched-chain amino acid metabolism	Branched-chain amino acid metabolism	25	0.671584754059197	2.0506213960828	0.000196672340318253	0.00231089999873947	0.00124214109674686	3419	tags=72%, list=19%, signal=58%	HADHA/ETFA/ETFDH/HIBCH/BCKDHB/DLD/MCCC1/ECHS1/ACAD8/MCCC2/ACADSB/ACAT1/HIBADH/DBT/ALDH6A1/SLC25A44/HMGCL/AUH
s2	CIII subunits	CIII subunits	10	0.833886010289109	2.01622235356249	0.000192882534811599	0.00231089999873947	0.00124214109674686	2801	tags=90%, list=16%, signal=76%	UQCRH/UQCRFS1/UQCRC2/UQCRB/UQCRQ/UQCRC1/MT-CYB/UQCR10/CYC1
s5	Creatine metabolism	Creatine metabolism	4	0.962851018652098	1.68500925931032	0.000155007418884958	0.0029141394750372	0.00186008902661949	192	tags=75%, list=1%, signal=74%	CKMT1A/CKMT1B/CKMT2
s2	CIV subunits	CIV subunits	16	0.739203218301431	2.0089282641406	0.000280226716946601	0.00292681237699783	0.0015732026214546	3016	tags=75%, list=17%, signal=63%	COX7B/COX5A/COX7A2/COX6B1/COX7C/COX6C/NDUFA4/MT-CO2/COX4I1/COX5B/MT-CO3/COX6A1
s2	Pyruvate metabolism	Pyruvate metabolism	14	0.770832030770155	2.0476579977206	0.000352981860845508	0.00330737135304059	0.00177775839805093	2283	tags=64%, list=13%, signal=56%	PDK4/PDP2/PDK1/DLD/PDHA1/PDHX/DLAT/PDHB/MPC2
s2	CI assembly factors	CI assembly factors	22	0.672892183034203	2.00004294607616	0.000387032817909005	0.00330737135304059	0.00177775839805093	4012	tags=68%, list=22%, signal=53%	AIFM1/NDUFAF2/NDUFAF1/NDUFAF4/DMAC1/LYRM2/NDUFAF5/COA1/TMEM126A/TMEM126B/NDUFAF8/NDUFAF7/NDUFAF6/FOXRED1/TMEM70
s2	Proteases	Proteases	28	0.640638734522702	1.97394324029162	0.0004815018026974	0.00377176412112963	0.00202737601135747	4835	tags=71%, list=27%, signal=52%	ATP23/XPNPEP3/CLPB/AFG3L2/MIPEP/METAP1D/USP30/AFG1L/CLPX/PMPCB/IMMP2L/LAP3/OMA1/LACTB/PITRM1/IDE/HTRA2/PMPCA/IMMP1L/PARL
s3	Branched-chain amino acid metabolism	Branched-chain amino acid metabolism	25	0.746154230034078	2.03399229829965	8.03221434820638e-05	0.003775140743657	0.00283241242805172	2918	tags=76%, list=16%, signal=64%	ETFDH/ETFA/ACAD8/BCKDHB/ECHS1/HADHA/ACADSB/MCCC1/MCCC2/HIBCH/DLD/ETFB/DBT/HSD17B10/IVD/ALDH6A1/HIBADH/SLC25A44/ACAT1
s5	ROS and glutathione metabolism	ROS and glutathione metabolism	27	0.66998048351779	1.91824460261156	0.000259621445749435	0.00388251317997456	0.00247819990211142	3780	tags=70%, list=21%, signal=56%	PRDX2/GPX4/AIFM2/TXNRD2/GPX1/HAGH/PRXL2A/PRDX6/PRDX5/CAT/SOD1/TXN2/ALDH9A1/MSRA/MGST1/NIT1/PRDX3/GLRX2/ALDH3A2
s5	Fe-S-containing proteins	Fe-S-containing proteins	30	0.655250085604408	1.90465836152289	0.000289123321912999	0.00388251317997456	0.00247819990211142	4125	tags=73%, list=23%, signal=57%	NDUFS7/ACO2/ETFDH/NDUFS8/NDUFV1/BOLA1/NFU1/UQCRFS1/SDHB/NDUFS2/GLRX5/NTHL1/BOLA3/NFS1/CISD3/ISCA1/ISCA2/LIAS/GLRX2/FECH/RSAD1/NDUFS1
s5	TCA cycle	TCA cycle	19	0.723029152489671	1.92868911882328	0.000543869942195947	0.00568041939626878	0.00362579961463965	4730	tags=95%, list=26%, signal=70%	ACO2/IDH2/CS/SUCLG1/SDHB/IDH3G/SDHA/MDH2/IDH3B/SUCLA2/DLD/DLST/SDHC/IDH3A/SDHD/MRPS36/OGDH/FH
s5	mtRNA granules	mtRNA granules	27	0.656183789900189	1.8787428055937	0.000521806986358906	0.00568041939626878	0.00362579961463965	4464	tags=67%, list=25%, signal=50%	HSD17B10/DDX28/MRM1/MRPS7/FASTK/ERAL1/RPUSD3/PTCD1/TRUB2/RPUSD4/RMND1/NOA1/TRMT10C/MRPS9/FASTKD5/ALKBH1/DHX30/PUS1
s5	TCA-associated	TCA-associated	14	0.763407919618262	1.90117619509803	0.000632321043325548	0.00594381780726015	0.00379392625995329	3758	tags=93%, list=21%, signal=74%	SLC25A1/L2HGDH/ACLY/PC/SLC25A11/ME3/MPC2/D2HGDH/FAHD1/SFXN5/ABHD11/MPC1/ME2
s2	mt-tRNA synthetases	mt-tRNA synthetases	20	0.669682646098026	1.95269853828337	0.000827905064232706	0.00598639046445187	0.00321776867070201	4347	tags=75%, list=24%, signal=57%	DARS2/IARS2/GATB/YARS2/MARS2/LARS2/EARS2/TARS2/GATC/WARS2/QRSL1/NARS2/FARS2/PARS2/RARS2
s2	CIV assembly factors	CIV assembly factors	30	0.592023861326237	1.86325328952586	0.000995738126764626	0.00668567027970535	0.00359364135975203	5437	tags=73%, list=30%, signal=51%	COA7/COX18/TIMM21/COX10/SCO1/HIGD1A/COA1/COX17/TACO1/COA6/COA3/TMEM177/COX15/CMC2/SURF1/COX14/COX16/COX11/COA4/COA8/COA5/COX20
s2	Lysine metabolism	Lysine metabolism	16	0.706788783825448	1.92083574509751	0.00113200459476598	0.00706086228813333	0.0037953123161299	2377	tags=62%, list=13%, signal=54%	ACAA2/HADHB/ETFA/ETFDH/HADH/DLD/ECHS1/ACAT1/DLST/DHTKD1
s2	Fe-S cluster biosynthesis	Fe-S cluster biosynthesis	22	0.635909092433849	1.89011780302308	0.0012018489001078	0.00706086228813333	0.0037953123161299	5489	tags=77%, list=30%, signal=54%	NFU1/FXN/GRPEL1/HSPA9/NFS1/NDUFAB1/GLRX5/ABCB7/FDX1/BOLA3/GRPEL2/ISCA1/LYRM4/ISCA2/IBA57/NUBPL/HSCB
s4	TCA-associated	TCA-associated	14	0.771099295539034	1.94278142944914	0.000306741774342073	0.00720843169703871	0.00524689877164072	3767	tags=93%, list=21%, signal=74%	SLC25A1/PC/ACLY/PCK2/D2HGDH/L2HGDH/ME3/SLC25A11/FAHD1/MPC1/MPC2/ABHD11/SFXN5
s6	TCA-associated	TCA-associated	14	0.77928474465892	2.00590345480433	0.000320280662046032	0.00752659555808176	0.00530991623918422	3057	tags=86%, list=17%, signal=71%	L2HGDH/SLC25A1/ACLY/ME3/PC/D2HGDH/FAHD1/MPC2/PCK2/SLC25A11/MPC1/ME2
s6	Lysine metabolism	Lysine metabolism	16	0.745929867254805	1.98830230375171	0.000241218396389529	0.00752659555808176	0.00530991623918422	1299	tags=50%, list=7%, signal=46%	HADH/ACAA2/ECHS1/ETFA/ETFDH/ETFB/HADHB/GCDH
s4	Lysine metabolism	Lysine metabolism	16	0.733918523158845	1.89289221027699	0.000420896771527788	0.00791285930472241	0.00575964003143289	1618	tags=50%, list=9%, signal=46%	ECHS1/ACAA2/HADH/ETFB/GCDH/ETFA/ETFDH/HADHB
s5	CIV assembly factors	CIV assembly factors	30	0.62269358641779	1.81002425195157	0.00111393501928081	0.00951908107385416	0.00607600919607712	5081	tags=67%, list=28%, signal=48%	SCO2/COX17/PNKD/COA3/TMEM177/PET117/COX14/COA8/SCO1/COA4/COX10/COX18/TACO1/COA6/COA7/SURF1/CMC1/TIMM21/CMC2/COA1
s4	Fe-S-containing proteins	Fe-S-containing proteins	30	0.619413383386073	1.85872476570395	0.0007809847778093	0.0104875098734392	0.00763368579813602	4852	tags=60%, list=27%, signal=44%	NDUFS7/NTHL1/NDUFS8/AIFM3/NDUFV1/BOLA1/ACO2/ETFDH/NFU1/SDHB/BOLA3/NDUFS2/LIAS/ISCA1/GLRX5/RSAD1/NFS1/UQCRFS1
s4	CI subunits	CI subunits	44	0.559816613467457	1.82755361899818	0.000729135166004533	0.0104875098734392	0.00763368579813602	4298	tags=45%, list=24%, signal=35%	NDUFS7/NDUFB7/NDUFS8/NDUFV1/NDUFA2/NDUFB2/NDUFB11/NDUFS6/NDUFB6/NDUFA6/NDUFA3/NDUFA13/NDUFS2/NDUFB5/NDUFB4/NDUFC1/NDUFA11/NDUFA8/NDUFA10/NDUFS3
s6	Fe-S-containing proteins	Fe-S-containing proteins	30	0.617406321760353	1.86818157321588	0.000592758366603921	0.0111438572921537	0.00786184780969411	3717	tags=57%, list=21%, signal=45%	NDUFS7/NDUFS8/BOLA1/NTHL1/NDUFV1/ETFDH/ACO2/AIFM3/SDHB/BOLA3/NFU1/ISCA1/NDUFS2/GLRX5/NUBPL/UQCRFS1/NFS1
s2	mtRNA granules	mtRNA granules	27	0.59206099201432	1.81532601166355	0.00211656534923373	0.0112686988481961	0.00605708336745141	5063	tags=70%, list=28%, signal=51%	TRMT10C/RMND1/DDX28/MRPL47/MRPS7/FASTKD5/FASTKD2/FASTKD1/MRPS9/SUPV3L1/TRUB2/PTCD2/RPUSD4/MTPAP/ERAL1/GRSF1/HSD17B10/ALKBH1/NOA1
s2	Fe-S-containing proteins	Fe-S-containing proteins	30	0.571357830846222	1.79821190895199	0.00215783594965456	0.0112686988481961	0.00605708336745141	2809	tags=47%, list=16%, signal=39%	ETFDH/UQCRFS1/GLRX2/NDUFS1/NFU1/LIAS/ACO2/SDHB/NDUFS2/NFS1/FECH/GLRX5/FDX1/BOLA3
s6	Creatine metabolism	Creatine metabolism	4	0.936862205661896	1.65603265119231	0.000724852002801153	0.0113560147105514	0.00801152213622327	591	tags=75%, list=3%, signal=73%	CKMT2/CKMT1B/CKMT1A
s1	Lysine metabolism	Lysine metabolism	16	0.778733284021888	1.86050820575549	0.000750675363216712	0.0117605806903952	0.00829693822502682	2466	tags=69%, list=14%, signal=59%	ACAA2/HADH/ETFDH/ETFA/ECHS1/HADHB/ETFB/DLD/GCDH/DHTKD1/ACAT1
s3	Creatine metabolism	Creatine metabolism	4	0.970785520261655	1.70624921278847	0.000378969348357414	0.011874372915199	0.00890910397892869	531	tags=100%, list=3%, signal=97%	CKMT1B/CKMT1A/CKMT2/GATM
s6	Gluconeogenesis	Gluconeogenesis	8	0.84823953423898	1.8767058586744	0.000976639215177836	0.0128836999030864	0.00908928436611916	2745	tags=100%, list=15%, signal=85%	SLC25A1/PC/SLC25A10/MPC2/PCK2/MDH2/SLC25A11/MPC1
s6	TCA cycle	TCA cycle	19	0.685073170638454	1.86688571705952	0.0011734423163544	0.0128836999030864	0.00908928436611916	4668	tags=79%, list=26%, signal=59%	ACO2/IDH3G/SDHB/SUCLA2/IDH2/MDH2/SUCLG1/IDH3B/CS/OGDH/SUCLG2/SDHD/DLD/IDH3A/FH
s6	mtRNA granules	mtRNA granules	27	0.622563750280352	1.84166416239778	0.00123354573540189	0.0128836999030864	0.00908928436611916	4723	tags=63%, list=26%, signal=47%	DDX28/FASTK/HSD17B10/MRM1/MRPS7/PTCD1/RPUSD4/NOA1/RMND1/ALKBH1/MRPS9/ERAL1/TRMT10C/FASTKD5/PTCD2/PUS1/SUPV3L1
s5	Lysine metabolism	Lysine metabolism	16	0.733456570610907	1.86584858146345	0.00180795479363418	0.0141623125501344	0.00903977396817091	1232	tags=50%, list=7%, signal=47%	ACAA2/ETFB/ECHS1/HADH/ETFA/ETFDH/HADHB/GCDH
s2	Xenobiotic metabolism	Xenobiotic metabolism	19	0.63908818821648	1.83718998257523	0.00288053956351816	0.0142510904721425	0.00766016061212585	4607	tags=68%, list=26%, signal=51%	BPHL/MGST1/MAOA/CYB5B/ABHD10/MAOB/TST/EPHX2/GSTK1/ALDH1B1/GSTZ1/CBR3/MPST
s5	Branched-chain amino acid metabolism	Branched-chain amino acid metabolism	25	0.645026775629193	1.82730489019237	0.00205516939473625	0.0148604556234775	0.009485397206475	5129	tags=80%, list=28%, signal=57%	ETFB/ECHS1/ACAD8/ETFA/ETFDH/HSD17B10/HADHA/HIBCH/MCCC1/BCKDHB/HMGCL/IVD/MCCC2/SLC25A44/DLD/ACAT1/BCKDK/BCAT2/ACADSB/ALDH6A1
s6	Calcium cycle	Calcium cycle	9	0.797264070672131	1.79957358351406	0.00160261187980171	0.0150645516701361	0.0106278472028955	1851	tags=33%, list=10%, signal=30%	LETM1/SMDT1/MCUB
s3	TCA cycle	TCA cycle	19	0.73685086551265	1.86026802103464	0.000689695696951168	0.0162078488783524	0.0121604241304548	4762	tags=100%, list=26%, signal=74%	CS/ACO2/DLD/IDH2/SUCLA2/SUCLG1/IDH3A/OGDH/SDHB/SDHC/DLST/SDHA/FH/SDHD/IDH3G/SUCLG2/MRPS36/MDH2/IDH3B
s6	Pyruvate metabolism	Pyruvate metabolism	14	0.726792506210694	1.87078678124517	0.00198044089351782	0.0169237676355159	0.0119395001236003	2745	tags=71%, list=15%, signal=61%	PDK4/PDK1/PDHB/PDHA1/PDK2/MPC2/PDHX/DLAT/PDP2/MPC1
s5	Xenobiotic metabolism	Xenobiotic metabolism	19	0.682135696583799	1.81960532439376	0.00253719757430095	0.0170354694274493	0.0108737038898612	4234	tags=84%, list=23%, signal=65%	TST/BPHL/MPST/ALDH1B1/GSTZ1/ALDH2/CYB5R3/GSTK1/CYB5B/MGST1/CBR3/MAOB/EPHX2/MAOA/ACSM5/AKR7A2
s3	Lysine metabolism	Lysine metabolism	16	0.757127005122056	1.84702645853436	0.000974200610553393	0.0183149714784038	0.0137413559804373	3157	tags=75%, list=17%, signal=62%	ACAA2/ETFDH/HADH/ETFA/HADHB/ECHS1/DHTKD1/DLD/ETFB/GCDH/ACAT1/DLST
s5	CV subunits	CV subunits	21	0.660242992474698	1.80011657410062	0.00296396932158683	0.0185742077486108	0.0118558772863473	4686	tags=81%, list=26%, signal=60%	ATP5F1D/ATP5MC3/ATP5ME/ATP5MC1/ATP5F1B/ATP5MD/ATP5PF/ATP5MPL/ATP5F1E/ATP5MF/ATP5PB/ATP5F1A/ATP5MC2/ATP5F1C/ATP5PD/DMAC2L/ATP5PO
s3	Mitochondrial ribosome	Mitochondrial ribosome	82	0.506346268792399	1.67295627374474	0.00125700470447151	0.0196930737033869	0.0147753184560686	6660	tags=72%, list=37%, signal=46%	MRPL46/MRPL19/MRPL34/MRPS11/MRPL12/MRPL41/PTCD3/MRPS2/MRPS15/AURKAIP1/MRPS7/MRPL35/MRPL44/MRPL39/MRPS25/MRPL50/MRPS18B/MRPS27/MRPL30/MRPS30/MRPS18A/MRPS14/MRPS35/MRPL15/MRPS22/MRPS26/MRPL32/MRPL16/MRPL37/MRPS16/MRPS9/MRPS10/MRPL58/MRPL1/MRPS28/MRPS36/MRPS31/MRPL45/MRPS18C/MRPL54/MRPL4/MRPL10/MRPL14/MRPS33/MRPS17/MRPL47/MRPS5/MRPL28/MRPL36/MRPL23/MRPL40/MRPS23/MRPL2/MRPS12/DAP3/MRPL22/MRPL49/MRPL3/MRPS34
s5	Cholesterol, bile acid, steroid synthesis	Cholesterol, bile acid, steroid synthesis	12	0.74524865123192	1.78555120103866	0.0033804548700689	0.0198601723616548	0.0126767057627584	1603	tags=50%, list=9%, signal=46%	STAR/HINT2/HSD17B8/TSPO/HSD17B10/FDXR
s4	Gluconeogenesis	Gluconeogenesis	8	0.813917382866648	1.79918958537699	0.00181822286351447	0.0213641186462951	0.015550590280058	3364	tags=100%, list=19%, signal=81%	SLC25A1/PC/SLC25A10/PCK2/SLC25A11/MDH2/MPC1/MPC2
s4	Choline and betaine metabolism	Choline and betaine metabolism	7	0.831140694560012	1.75556900229269	0.00240819899982437	0.0251523006648323	0.0183079456126999	2766	tags=86%, list=15%, signal=73%	SARDH/CHDH/ETFB/ETFA/ETFDH/DMGDH
s6	Choline and betaine metabolism	Choline and betaine metabolism	7	0.825180523913315	1.75671820302694	0.00332901871335499	0.0260773132546141	0.0183972086790671	1095	tags=71%, list=6%, signal=67%	CHDH/ETFA/ETFDH/ETFB/SARDH
s1	TCA-associated	TCA-associated	14	0.781198919685632	1.82965475384057	0.00331025690926146	0.026726722901526	0.0188553588219053	2813	tags=71%, list=16%, signal=60%	L2HGDH/SLC25A1/ACLY/ME3/MPC2/PC/ME2/FAHD1/SLC25A11/MPC1
s1	Pyruvate metabolism	Pyruvate metabolism	14	0.778075613881519	1.82233962427729	0.00350689958973716	0.026726722901526	0.0188553588219053	1409	tags=64%, list=8%, signal=59%	PDK4/PDK1/PDP2/DLAT/PDHX/PDHA1/MPC2/DLD/PDHB
s1	mt-tRNA synthetases	mt-tRNA synthetases	20	0.715152567719309	1.78304433659617	0.00425657062276079	0.026726722901526	0.0188553588219053	3348	tags=65%, list=19%, signal=53%	YARS2/DARS2/MARS2/GATB/LARS2/IARS2/TARS2/EARS2/QRSL1/FARS2/NARS2/SARS2/PARS2
s1	mtRNA granules	mtRNA granules	27	0.671854177449955	1.77743571485923	0.00221989867349582	0.026726722901526	0.0188553588219053	4336	tags=67%, list=24%, signal=51%	DDX28/RMND1/TRMT10C/FASTKD5/MRPS9/MRPS7/HSD17B10/TRUB2/RPUSD4/PTCD2/MRPL47/FASTKD2/FASTKD1/SUPV3L1/MTPAP/ERAL1/PTCD1/ALKBH1
s1	CIV subunits	CIV subunits	16	0.737800129560408	1.76271288696583	0.00323127616759778	0.026726722901526	0.0188553588219053	3968	tags=88%, list=22%, signal=68%	COX5A/MT-CO2/NDUFA4/MT-CO3/COX7B/COX6A1/COX5B/COX7A2/COX6B1/MT-CO1/COX8A/COX6C/COX4I1/COX7C
s1	Xenobiotic metabolism	Xenobiotic metabolism	19	0.714023897852895	1.75685957570775	0.00421720356766037	0.026726722901526	0.0188553588219053	3204	tags=68%, list=18%, signal=56%	TST/BPHL/ALDH1B1/MAOB/MGST1/CYB5B/GLYAT/ABHD10/MPST/MAOA/GSTZ1/ACSM5/GSTK1
s1	CI assembly factors	CI assembly factors	22	0.680314781877101	1.74353930668591	0.00370353505224551	0.026726722901526	0.0188553588219053	5307	tags=86%, list=29%, signal=61%	AIFM1/DMAC1/NDUFAF1/NDUFAF2/NDUFAF4/NDUFAF5/ACAD9/NUBPL/ECSIT/FOXRED1/LYRM2/NDUFAF3/TMEM186/NDUFAF7/TMEM126A/TIMMDC1/COA1/NDUFAF6/TMEM70
s1	CI subunits	CI subunits	44	0.580269339658446	1.67598174360868	0.00284676045231211	0.026726722901526	0.0188553588219053	5090	tags=80%, list=28%, signal=57%	NDUFS1/MT-ND2/NDUFS2/NDUFB9/NDUFV1/MT-ND3/MT-ND1/MT-ND5/NDUFA3/MT-ND4/NDUFA10/NDUFB5/MT-ND4L/NDUFA6/NDUFAB1/NDUFS5/NDUFS3/MT-ND6/NDUFV3/NDUFS7/NDUFA9/NDUFC2/NDUFA12/NDUFA8/NDUFA5/NDUFS6/NDUFB3/NDUFB8/NDUFA2/NDUFB6/NDUFB11/NDUFA1/NDUFB2/NDUFB7/NDUFS8
s1	Biotin utilizing proteins	Biotin utilizing proteins	5	0.901762944894112	1.66241418238358	0.00426490259066905	0.026726722901526	0.0188553588219053	1777	tags=100%, list=10%, signal=90%	ACACB/MCCC1/PC/PCCA/ACACA
s1	ROS and glutathione metabolism	ROS and glutathione metabolism	27	0.642314113618232	1.69928547595916	0.00481165584935298	0.0282684781149488	0.0199430472703446	2287	tags=48%, list=13%, signal=42%	PRXL2A/CAT/ALDH9A1/AIFM2/PRDX2/GLRX2/MGST1/MSRA/ALDH3A2/TXNRD2/HAGH/PRDX6/GPX4
s5	CI assembly factors	CI assembly factors	22	0.645677065165212	1.77752387864831	0.00523079098485386	0.0289231972103684	0.0184616152406607	5288	tags=77%, list=29%, signal=55%	ECSIT/NDUFAF3/AIFM1/FOXRED1/TMEM186/DMAC1/NDUFAF2/NDUFAF1/DMAC2/ACAD9/TIMMDC1/TMEM126A/NDUFAF4/TMEM70/NDUFAF5/COA1/NUBPL
s5	CIII subunits	CIII subunits	10	0.761008140840278	1.73288744618576	0.00580401061340878	0.0303098332033569	0.0193467020446959	2282	tags=70%, list=13%, signal=61%	UQCRQ/UQCR10/CYC1/UQCRC1/UQCRH/UQCRFS1/UQCRC2
s5	Fe-S cluster biosynthesis	Fe-S cluster biosynthesis	22	0.636882501503645	1.75331278651865	0.00657785301447668	0.0325430622821478	0.0207721674141369	4568	tags=68%, list=25%, signal=51%	NDUFAB1/BOLA1/FDXR/NFU1/GRPEL1/GLRX5/BOLA3/NFS1/CISD3/ISCA1/IBA57/ISCA2/FXN/LYRM4/HSCB
s5	Type II fatty acid synthesis	Type II fatty acid synthesis	9	0.774740282263397	1.72460628850679	0.00743116351901225	0.0349264685393576	0.0222934905570367	2424	tags=67%, list=13%, signal=58%	HSD17B8/MECR/NDUFAB1/ACSF3/MCAT/OXSM
s2	Translation factors	Translation factors	16	0.640052144170683	1.73946596972736	0.0076515181094253	0.0359621351142989	0.019330151013285	4295	tags=81%, list=24%, signal=62%	GFM1/MTIF2/MRRF/TIMM21/GFM2/TSFM/TACO1/MRPL58/MTIF3/MTRF1L/COA3/TUFM/COX14
s3	mtRNA granules	mtRNA granules	27	0.641150982741546	1.75377805831589	0.00317201715132412	0.0372712015280584	0.0279638354129889	5985	tags=78%, list=33%, signal=52%	DDX28/FASTKD5/RMND1/TRMT10C/HSD17B10/MRPS7/PTCD2/FASTKD1/RPUSD4/TRUB2/MRPS9/MTPAP/FASTKD2/SUPV3L1/NOA1/ALKBH1/ERAL1/PRORP/PTCD1/MRPL47/MRM1
s3	Choline and betaine metabolism	Choline and betaine metabolism	7	0.856256453397785	1.73472047174276	0.00287402078775725	0.0372712015280584	0.0279638354129889	1602	tags=71%, list=9%, signal=65%	ETFDH/ETFA/CHDH/DMGDH/ETFB
s5	Chaperones	Chaperones	15	0.683992672840811	1.72236458688126	0.00877452176162606	0.0374911384360386	0.0239305138953438	4495	tags=73%, list=25%, signal=55%	TIMM13/TRAP1/PHB/TIMM8B/DNAJA3/PHB2/TIMM10/HSPE1/MAIP1/TIMM8A/HSPD1
s5	Mitochondrial permeability transition pore	Mitochondrial permeability transition pore	6	0.837561683654862	1.66610259301597	0.0086995035847622	0.0374911384360386	0.0239305138953438	1777	tags=67%, list=10%, signal=60%	SLC25A6/SLC25A4/SLC25A5/PPIF
s2	Q-linked reactions, other	Q-linked reactions, other	9	0.753087756946194	1.73899640910405	0.00877230281913816	0.0392664983332851	0.0211062924971745	3514	tags=78%, list=19%, signal=63%	CHDH/ETFA/ETFDH/ETFRF1/DHODH/GPD2/ETFBKMT
s1	CIII subunits	CIII subunits	10	0.787069389931788	1.68511970476958	0.00748645754353107	0.0413957064171718	0.0292041377859107	3692	tags=90%, list=20%, signal=72%	UQCRFS1/UQCRC2/UQCRC1/CYC1/UQCRH/UQCR10/MT-CYB/UQCRQ/UQCRB
s1	Q-linked reactions, other	Q-linked reactions, other	9	0.801863878063551	1.68020432810235	0.00832607781182326	0.0434806285728548	0.0306750235172436	2594	tags=78%, list=14%, signal=67%	CHDH/ETFDH/ETFA/ETFB/DHODH/ETFRF1/SQOR
s4	Glycine metabolism	Glycine metabolism	14	0.702525990443306	1.77001127589479	0.00465833131862247	0.0437883143950512	0.0318727932326801	3370	tags=64%, list=19%, signal=52%	SARDH/CHDH/ETFB/ETFA/ETFDH/GCSH/GCAT/DMGDH/SHMT2
s4	mt-tRNA synthetases	mt-tRNA synthetases	20	0.629866751173142	1.73010595327258	0.00514850898831252	0.0439963495364888	0.0320242185875899	6540	tags=85%, list=36%, signal=54%	SARS2/YARS2/GATB/TARS2/AARS2/CARS2/MARS2/DARS2/LARS2/PARS2/EARS2/VARS2/FARS2/IARS2/NARS2/QRSL1/HARS2
s6	Fe-S cluster biosynthesis	Fe-S cluster biosynthesis	22	0.608860503569278	1.72138450003568	0.0061174086925656	0.0442335705462436	0.0312062143831282	3984	tags=50%, list=22%, signal=39%	BOLA1/FDXR/BOLA3/NFU1/GRPEL1/ISCA1/GLRX5/HSCB/NUBPL/NFS1/ABCB7
s1	Fe-S cluster biosynthesis	Fe-S cluster biosynthesis	22	0.644651754152558	1.65214060083741	0.0091381022027026	0.0452095582660023	0.0318947611507071	4952	tags=64%, list=27%, signal=46%	NFU1/GRPEL1/FXN/ISCA1/NFS1/HSPA9/GLRX5/NUBPL/NDUFAB1/BOLA3/ABCB7/BOLA1/GRPEL2/FDX1
s2	Coenzyme Q metabolism	Coenzyme Q metabolism	13	0.657281828674981	1.7141912427546	0.0110118066064288	0.0459814695583452	0.0247156835252024	2665	tags=62%, list=15%, signal=52%	COQ2/PDSS1/COQ3/PDSS2/COQ9/COQ5/COQ6/COQ7
s2	Mitochondrial ribosome assembly	Mitochondrial ribosome assembly	23	0.566962116453893	1.70833913206326	0.0112968180715364	0.0459814695583452	0.0247156835252024	6175	tags=74%, list=34%, signal=49%	MIEF1/MALSU1/DDX28/PTCD3/FASTKD2/NSUN4/GTPBP10/MTERF3/MRM3/ERAL1/GRSF1/YBEY/MTERF4/NOA1/TFB1M/TRMT61B/MPV17L2
s2	GABA metabolism	GABA metabolism	7	0.774981982729693	1.70113142301588	0.0117399496744711	0.0459814695583452	0.0247156835252024	2307	tags=71%, list=13%, signal=62%	ALDH5A1/GLUD2/ALDH9A1/GLUD1/ADHFE1
s2	ROS and glutathione metabolism	ROS and glutathione metabolism	27	0.532122872251417	1.63154895260479	0.0124060555593168	0.0466467689030311	0.0250732912356718	4157	tags=63%, list=23%, signal=49%	PRXL2A/ALDH9A1/GLRX2/CAT/MSRA/MGST1/PRDX6/ALDH3A2/PRDX3/AIFM2/TXN2/PRDX2/NIT1/ALDH7A1/OXR1/SOD1/HAGH
s6	Nucleotide synthesis and processing	Nucleotide synthesis and processing	24	0.596555635118824	1.71061829656673	0.00745710217137935	0.0467311736073106	0.0329682411787298	4672	tags=58%, list=26%, signal=43%	NME3/GUK1/FHIT/NT5M/SUCLA2/NME4/AK4/SUCLG1/DTYMK/AK3/DHODH/SUCLG2/NME6/NUDT9
s6	Selenoproteins	Selenoproteins	5	0.862480465209327	1.65586171946447	0.00706301965724827	0.0467311736073106	0.0329682411787298	931	tags=80%, list=5%, signal=76%	GPX1/GPX4/TXNRD2/SELENOO
s5	Glyoxylate metabolism	Glyoxylate metabolism	6	0.828546193674817	1.64816871241208	0.0115774873559461	0.0473166874547364	0.0302021409285551	2568	tags=67%, list=14%, signal=57%	AGXT/ALDH4A1/HOGA1/GRHPR
s6	CI assembly factors	CI assembly factors	22	0.595008446279678	1.68222164323656	0.00844055854445267	0.0475185507286143	0.0335237255980145	4930	tags=64%, list=27%, signal=46%	ECSIT/NDUFAF3/TIMMDC1/DMAC2/FOXRED1/AIFM1/ACAD9/NDUFAF5/NUBPL/NDUFAF1/COA1/NDUFAF7/NDUFAF2/DMAC1
s6	ROS and glutathione metabolism	ROS and glutathione metabolism	27	0.557070706502491	1.64792305306124	0.0085937804509196	0.0475185507286143	0.0335237255980145	4799	tags=70%, list=27%, signal=52%	GPX1/GPX4/TXNRD2/PRDX2/PRDX5/ALDH9A1/HAGH/AIFM2/CAT/SOD1/PRDX6/PRXL2A/ALDH3A2/PRDX3/TXN2/MSRA/MGST1/PRDX4/NIT1
s2	mtRNA stability and decay	mtRNA stability and decay	17	0.610270772592852	1.67873824564803	0.0131832835350237	0.0476626404727778	0.0256193364243375	4455	tags=76%, list=25%, signal=58%	LACTB2/SLIRP/LRPPRC/FASTKD5/FASTKD2/FASTKD1/PNPT1/SUPV3L1/FASTKD3/MTPAP/PDE12/ENDOG/GRSF1
s5	Gluconeogenesis	Gluconeogenesis	8	0.771380748104504	1.6612309804921	0.0132385796536382	0.0489059505684539	0.0312165641926301	2229	tags=75%, list=12%, signal=66%	SLC25A1/SLC25A10/PC/SLC25A11/MPC2/MDH2
s5	Nucleotide synthesis and processing	Nucleotide synthesis and processing	24	0.597269086692427	1.66003335620234	0.0135271778168064	0.0489059505684539	0.0312165641926301	4408	tags=54%, list=24%, signal=41%	NME3/FHIT/SUCLG1/DHODH/NME4/DTYMK/SUCLA2/GUK1/AK4/AK3/TK2/NT5M/HINT1
s5	Biotin utilizing proteins	Biotin utilizing proteins	5	0.850430750315009	1.57939858059942	0.0128040510191687	0.0489059505684539	0.0312165641926301	2643	tags=80%, list=15%, signal=68%	ACACB/PC/MCCC1/PCCA
s2	Heme-containing proteins	Heme-containing proteins	10	0.7051124451197	1.704865480514	0.0152408616209045	0.0494855227217928	0.0265991611494519	4721	tags=80%, list=26%, signal=59%	CYCS/SDHC/CYB5B/SDHD/MT-CYB/CYC1/CYP11A1/MT-CO1
s2	Type II fatty acid synthesis	Type II fatty acid synthesis	9	0.735302189891455	1.6979267768377	0.0142229156534621	0.0494855227217928	0.0265991611494519	3793	tags=78%, list=21%, signal=61%	OXSM/HSD17B8/MECR/NDUFAB1/MCAT/CBR4/ACACA
s2	Ketone metabolism	Ketone metabolism	6	0.798145098473416	1.67170418603691	0.0152668102014042	0.0494855227217928	0.0265991611494519	1562	tags=67%, list=9%, signal=61%	ACAA2/HADHB/BDH1/ACAT1
s5	Mitochondrial ribosome assembly	Mitochondrial ribosome assembly	23	0.609626567133452	1.68627694715794	0.0142974052603853	0.0497761516472673	0.0317720116897451	6306	tags=78%, list=35%, signal=51%	DDX28/MPV17L2/MALSU1/MIEF1/MRM3/MTG2/ERAL1/MTG1/NOA1/DHX30/TRMT61B/RBFA/METTL17/MTERF4/NGRN/PTCD3/NSUN4/MTERF3
s2	Glycine metabolism	Glycine metabolism	14	0.655547273694488	1.74141260907814	0.0165508585754693	0.0501864743901326	0.026975932482938	1133	tags=43%, list=6%, signal=40%	CHDH/ETFA/ETFDH/DMGDH/DLD/GCSH
s2	Preprotein cleavage	Preprotein cleavage	8	0.74011644025506	1.66356573445001	0.0161780914904362	0.0501864743901326	0.026975932482938	4695	tags=100%, list=26%, signal=74%	UQCRC2/XPNPEP3/MIPEP/UQCRC1/PMPCB/IMMP2L/PMPCA/IMMP1L
s5	Choline and betaine metabolism	Choline and betaine metabolism	7	0.79813069844741	1.66167279162925	0.0149868979921324	0.0503131575450158	0.0321147814117122	3139	tags=86%, list=17%, signal=71%	CHDH/ETFB/ETFA/ETFDH/SARDH/DMGDH
s3	Fe-S cluster biosynthesis	Fe-S cluster biosynthesis	22	0.655056943281204	1.7233029564818	0.0048897982918046	0.0510712266032925	0.0383177176082934	3239	tags=55%, list=18%, signal=45%	NDUFAB1/NFU1/NFS1/GRPEL1/ISCA1/IBA57/NUBPL/GLRX5/HSPA9/GRPEL2/FXN/ABCB7
s1	Fe-S-containing proteins	Fe-S-containing proteins	30	0.598042737462354	1.6245255659221	0.0114560703725819	0.0538435307511351	0.0379859175511927	3397	tags=53%, list=19%, signal=43%	ETFDH/ACO2/UQCRFS1/NFU1/GLRX2/NDUFS1/LIAS/NDUFS2/SDHB/NDUFV1/ISCA1/NFS1/GLRX5/NUBPL/FECH/NDUFS7
s4	ROS and glutathione metabolism	ROS and glutathione metabolism	27	0.571606621555151	1.67044282763061	0.00736609752935966	0.0577010973133173	0.0419996788954717	4428	tags=63%, list=25%, signal=48%	GPX1/GPX4/AIFM2/TXNRD2/PRDX2/PRDX5/HAGH/ALDH9A1/CAT/SOD1/PRXL2A/MSRA/TXN2/ALDH3A2/MGST1/PRDX6/PRDX3
s2	Chaperones	Chaperones	15	0.620759344105226	1.66631405496393	0.019647388085386	0.0577142025008214	0.0310221917137674	2979	tags=67%, list=17%, signal=56%	HSPD1/TIMM8A/TRAP1/HSPE1/PHB/TIMM10/TIMM8B/NRDC/MAIP1/TIMM10B
s2	NAD biosynthesis and metabolism	NAD biosynthesis and metabolism	12	0.645399985593658	1.64737141020124	0.0219224112559034	0.0597762063414917	0.0321305476415633	4890	tags=75%, list=27%, signal=55%	NMNAT3/KYAT3/NOCT/NADK2/SLC25A51/NUDT13/NNT/SIRT4/SIRT5
s2	Cholesterol, bile acid, steroid synthesis	Cholesterol, bile acid, steroid synthesis	12	0.643742971997902	1.64314191394327	0.0222570981058746	0.0597762063414917	0.0321305476415633	2399	tags=50%, list=13%, signal=43%	STAR/HINT2/HSD17B8/SCP2/OSBPL1A/FDX1
s2	Choline and betaine metabolism	Choline and betaine metabolism	7	0.745979700870966	1.63746969395829	0.0212530378584095	0.0597762063414917	0.0321305476415633	776	tags=57%, list=4%, signal=55%	CHDH/ETFA/ETFDH/DMGDH
s3	TCA-associated	TCA-associated	14	0.745965566840429	1.76245896013288	0.00648081399290749	0.0609196515333304	0.0457067934236634	3562	tags=79%, list=20%, signal=63%	L2HGDH/ACLY/SLC25A1/PC/ME3/ME2/MPC2/FAHD1/SLC25A11/MPC1/D2HGDH
s1	Gluconeogenesis	Gluconeogenesis	8	0.796453855782257	1.64368281873039	0.0139032719249047	0.0622336933781447	0.0439050692365411	2813	tags=88%, list=16%, signal=74%	SLC25A1/MPC2/PC/SLC25A10/MDH2/SLC25A11/MPC1
s1	mt-tRNA modifications	mt-tRNA modifications	22	0.622764412404315	1.5960468017998	0.0152040699842146	0.0649628444780079	0.0458304501916517	5217	tags=64%, list=29%, signal=45%	DUS2/TRMT10C/TRMT2B/HSD17B10/CDK5RAP1/RPUSD4/TRMT61B/OSGEPL1/YRDC/TRNT1/ALKBH1/THG1L/MTO1/TRMT5
s2	Lipoate insertion	Lipoate insertion	4	0.861355950995066	1.5788360054984	0.0256130833478425	0.0668786065193664	0.0359481871548666	2505	tags=100%, list=14%, signal=86%	GCSH/LIAS/LIPT2/LIPT1
s5	Q-linked reactions, other	Q-linked reactions, other	9	0.731603339674481	1.62858153781426	0.0224661865484676	0.0703940511851984	0.0449323730969351	2040	tags=56%, list=11%, signal=49%	CHDH/ETFB/ETFA/ETFDH/DHODH
s5	Glycine metabolism	Glycine metabolism	14	0.639393734560918	1.5923336871458	0.0224170993830593	0.0703940511851984	0.0449323730969351	3681	tags=64%, list=20%, signal=51%	CHDH/ETFB/ETFA/ETFDH/SARDH/GCAT/DMGDH/GCSH/DLD
s5	mt-tRNA modifications	mt-tRNA modifications	22	0.592905713928092	1.63224639863047	0.0233924501944835	0.0709319457510144	0.045275710053839	5958	tags=68%, list=33%, signal=46%	HSD17B10/DUS2/YRDC/QTRT1/TRMT2B/RPUSD4/GTPBP3/TRMT10C/CDK5RAP1/ALKBH1/TRMT61B/PUS1/TRMT1/TRMU/OSGEPL1
s4	TCA cycle	TCA cycle	19	0.6162298509211	1.66511854848045	0.0121210763984225	0.0712839108269074	0.051886385260347	5827	tags=79%, list=32%, signal=54%	ACO2/IDH3G/IDH2/MDH2/SDHB/SUCLG1/IDH3B/OGDH/CS/SUCLA2/SDHA/SDHD/DLD/IDH3A/SUCLG2
s4	Nucleotide synthesis and processing	Nucleotide synthesis and processing	24	0.581580210558194	1.65000578801414	0.0108528813826104	0.0712839108269074	0.051886385260347	5881	tags=71%, list=33%, signal=48%	NME3/GUK1/FHIT/NME4/DHODH/SUCLG1/DTYMK/NT5M/CMPK2/SUCLA2/AK4/DGUOK/TK2/NME6/SUCLG2/AK3/NUDT9
s4	CIV subunits	CIV subunits	16	0.63000119753477	1.62487295476072	0.0115645792973807	0.0712839108269074	0.051886385260347	3845	tags=25%, list=21%, signal=20%	COX8A/COX6A1/COX4I1/COX5B
s4	mtRNA granules	mtRNA granules	27	0.555339367427503	1.62290398368083	0.0121334316301119	0.0712839108269074	0.051886385260347	5104	tags=59%, list=28%, signal=43%	HSD17B10/PTCD1/FASTK/DDX28/MRPS7/RMND1/MRM1/PUS1/MRPS9/ERAL1/DHX30/ALKBH1/RPUSD4/SUPV3L1/NOA1/TRMT10C
s6	Q-linked reactions, other	Q-linked reactions, other	9	0.733698585375896	1.65609443730606	0.0137386757745856	0.0716953782851732	0.0505801660914436	3180	tags=67%, list=18%, signal=55%	CHDH/ETFA/ETFDH/ETFB/ETFRF1/DHODH
s6	Chaperones	Chaperones	15	0.631367012872285	1.64248010814963	0.0144916190150882	0.0716953782851732	0.0505801660914436	5066	tags=67%, list=28%, signal=48%	TIMM13/TRAP1/MAIP1/DNAJA3/HSPD1/PHB/NRDC/TIMM8A/TIMM8B/TIMM9
s3	Glyoxylate metabolism	Glyoxylate metabolism	6	0.868310085927702	1.6761606556562	0.0087369922086756	0.0746615697832278	0.0560170792326569	1023	tags=33%, list=6%, signal=31%	AGXT/ALDH4A1
s6	Translation factors	Translation factors	16	0.613704933612915	1.63585209131936	0.015901071067438	0.0747350340169588	0.0527246040657156	4835	tags=56%, list=27%, signal=41%	COA3/GFM2/TUFM/MRPL58/GFM1/MTIF3/TIMM21/MTIF2/TACO1
s6	mt-tRNA synthetases	mt-tRNA synthetases	20	0.59892750620069	1.64977095965397	0.0169393171019782	0.0758236098850454	0.0534925803220365	4002	tags=65%, list=22%, signal=51%	SARS2/YARS2/GATB/AARS2/DARS2/MARS2/CARS2/TARS2/LARS2/IARS2/EARS2/PARS2/FARS2
s1	CV subunits	CV subunits	21	0.63748597590602	1.60920591939714	0.0196267185052208	0.076871314145448	0.0542317221854785	5014	tags=81%, list=28%, signal=59%	ATP5F1B/ATP5MC3/ATP5PB/ATP5F1A/MT-ATP6/DMAC2L/ATP5MF/ATP5PF/ATP5PO/MT-ATP8/ATP5MC1/ATP5F1C/ATP5PD/ATP5MPL/ATP5F1D/ATP5ME/ATP5MD
s1	Proteases	Proteases	28	0.591165465138578	1.58504351318435	0.0190515662436533	0.076871314145448	0.0542317221854785	4791	tags=68%, list=27%, signal=50%	CLPB/AFG3L2/METAP1D/ATP23/LAP3/AFG1L/XPNPEP3/USP30/LONP1/OMA1/PMPCA/IMMP2L/LACTB/PITRM1/MIPEP/IDE/CLPX/NLN/HTRA2
s2	Tetrahydrobiopterin synthesis	Tetrahydrobiopterin synthesis	3	0.885365853658537	1.52409173092208	0.0310892381761303	0.0789834699609797	0.0424547206957114	2071	tags=100%, list=11%, signal=89%	SPR/QDPR/PCBD2
s3	Pyruvate metabolism	Pyruvate metabolism	14	0.726613673047844	1.716737119707	0.0109246937073522	0.0794729552499106	0.0596269653050841	3409	tags=79%, list=19%, signal=64%	PDK4/PDP2/PDK1/DLAT/PDHA1/PDHX/DLD/PDHB/MPC2/PDK2/MPC1
s3	CI assembly factors	CI assembly factors	22	0.626031057161767	1.64694257914792	0.0109909406196685	0.0794729552499106	0.0596269653050841	5784	tags=77%, list=32%, signal=53%	AIFM1/FOXRED1/NUBPL/NDUFAF4/ECSIT/NDUFAF1/ACAD9/COA1/NDUFAF3/NDUFAF5/LYRM2/DMAC1/TIMMDC1/TMEM70/NDUFAF2/NDUFAF7/NDUFAF6
s2	MICOS complex	MICOS complex	7	0.717294516985942	1.57450401376283	0.0329671116230107	0.0815502234885001	0.0438343866455543	1702	tags=43%, list=9%, signal=39%	APOO/IMMT/CHCHD3
s5	Pyruvate metabolism	Pyruvate metabolism	14	0.627543860954927	1.56282299301271	0.0281900739638901	0.0828083422689272	0.052856388682294	2250	tags=64%, list=12%, signal=56%	PDK4/PDP2/PDK2/MPC2/PDHB/PDHA1/PDHX/PDK1/DLAT
s1	Type II fatty acid synthesis	Type II fatty acid synthesis	9	0.760507929466563	1.59354816896317	0.0227414749792807	0.0855079459220953	0.0603247546818814	4328	tags=100%, list=24%, signal=76%	MECR/HTD2/ACACA/MCAT/OXSM/HSD17B8/NDUFAB1/CBR4/ACSF3
s2	Itaconate metabolism	Itaconate metabolism	5	0.810732897216986	1.59384695888245	0.0362323735557412	0.085530259349907	0.0459737116326488	3419	tags=100%, list=19%, signal=81%	CLYBL/SUCLA2/SUCLG1/SUCLG2/AUH
s2	mt-rRNA modifications	mt-rRNA modifications	16	0.558236522673101	1.51711613357215	0.0363958550425136	0.085530259349907	0.0459737116326488	6997	tags=88%, list=39%, signal=54%	TRMT2B/TRUB2/NSUN4/RPUSD4/METTL5/MTPAP/MRM3/METTL15/TFB1M/RCC1L/TRMT61B/METTL17/RPUSD3/NGRN
s2	Cytochromes	Cytochromes	4	0.84494705914962	1.54875906782126	0.0378425087165426	0.0867608736428051	0.0466351840409255	2801	tags=100%, list=16%, signal=84%	CYCS/CYB5B/MT-CYB/CYC1
s6	mt-tRNA modifications	mt-tRNA modifications	22	0.565498582530312	1.59879067381329	0.0204374555894981	0.087323673882401	0.0616057273750422	5996	tags=73%, list=33%, signal=49%	QTRT1/HSD17B10/DUS2/RPUSD4/ALKBH1/TRMT61B/TRMU/TRMT1/TRMT10C/GTPBP3/CDK5RAP1/PUS1/TRNT1/YRDC/TRMT2B/TRMT5
s2	TCA-associated	TCA-associated	14	0.602233434932949	1.59978835895431	0.0398385240002919	0.0880882853290074	0.0473486864030499	4072	tags=64%, list=23%, signal=50%	L2HGDH/ME2/SLC25A1/ACLY/ME3/MPC2/FAHD1/MPC1/SLC25A11
s2	Nucleotide import	Nucleotide import	8	0.70640356035678	1.58778902046555	0.0402957049909289	0.0880882853290074	0.0473486864030499	1865	tags=25%, list=10%, signal=22%	SLC25A33/SLC25A5
s2	TOM	TOM	8	0.70278968706369	1.57966608811053	0.0416501511082366	0.0889798682766872	0.0478279247175922	4427	tags=75%, list=25%, signal=57%	TOMM70/TOMM34/TOMM22/TOMM40L/TOMM20/TOMM7
s2	Phospholipid metabolism	Phospholipid metabolism	23	0.501256032713145	1.5103571667584	0.0435121578636636	0.0908920630929862	0.0488557561977978	3858	tags=52%, list=21%, signal=41%	PRDX6/CHPT1/PRELID3B/AGK/OSBPL1A/GPAM/PNPLA8/PTPMT1/STARD7/ACP6/LACTB/PRELID1
s5	Coenzyme Q metabolism	Coenzyme Q metabolism	13	0.654247629133444	1.59278048475923	0.0328959347722588	0.0935601956163427	0.0597192737976656	5329	tags=85%, list=30%, signal=60%	COQ9/COQ2/COQ8A/COQ6/PDSS2/COQ5/COQ3/COQ4/COQ8B/PDSS1/COQ7
s5	Nucleotide import	Nucleotide import	8	0.716159767550826	1.5423081218463	0.0338409218186772	0.0935601956163427	0.0597192737976656	1763	tags=62%, list=10%, signal=56%	SLC25A6/SLC25A4/SLC25A33/SLC25A25/SLC25A5
s2	Glyoxylate metabolism	Glyoxylate metabolism	6	0.738747528202004	1.54729677308273	0.0463373998594666	0.0946894692780404	0.0508969151774461	3726	tags=67%, list=21%, signal=53%	AGXT/LDHB/GOT2/ALDH4A1
s3	mt-tRNA modifications	mt-tRNA modifications	22	0.620401349324551	1.63213212295856	0.0141426459862338	0.0949577659075695	0.0712449083517039	5889	tags=64%, list=33%, signal=43%	TRMT10C/TRMT2B/HSD17B10/DUS2/RPUSD4/OSGEPL1/TRMT61B/YRDC/ALKBH1/TRNT1/TRMT5/NSUN3/MTO1/CDK5RAP1
s3	Type II fatty acid synthesis	Type II fatty acid synthesis	9	0.759787421615486	1.62448355535699	0.0174849259285166	0.0966813551341505	0.0725380827994186	3894	tags=89%, list=22%, signal=70%	MECR/HSD17B8/NDUFAB1/OXSM/ACSF3/CBR4/MCAT/ACACA
s3	Proteases	Proteases	28	0.584491676092715	1.61736813284569	0.0158260854888683	0.0966813551341505	0.0725380827994186	6174	tags=75%, list=34%, signal=49%	XPNPEP3/ATP23/AFG1L/USP30/CLPB/AFG3L2/METAP1D/LONP1/CLPX/OMA1/PMPCA/IMMP2L/LACTB/PITRM1/IDE/HTRA2/PMPCB/MIPEP/IMMP1L/ATAD1/LAP3
s3	mt-tRNA synthetases	mt-tRNA synthetases	20	0.620475654173694	1.5947651499713	0.0171151177013769	0.0966813551341505	0.0725380827994186	4909	tags=70%, list=27%, signal=51%	DARS2/MARS2/YARS2/IARS2/LARS2/GATB/EARS2/TARS2/SARS2/QRSL1/GATC/NARS2/WARS2/PARS2
s1	Glycine metabolism	Glycine metabolism	14	0.702949926492005	1.64638690902894	0.0268763121836942	0.0971682055872021	0.0685509177154953	2081	tags=57%, list=12%, signal=51%	CHDH/ETFDH/ETFA/GCSH/ETFB/DLD/DMGDH/GLYAT
s4	Glyoxylate metabolism	Glyoxylate metabolism	6	0.805591849257616	1.62979986020152	0.0178962791156394	0.0989558962864768	0.0720283679576819	2257	tags=67%, list=13%, signal=58%	ALDH4A1/AGXT/HOGA1/GRHPR
s3	Fe-S-containing proteins	Fe-S-containing proteins	30	0.571972467790147	1.59853896947176	0.0192710656087815	0.100637787068081	0.0755065143735881	3313	tags=53%, list=18%, signal=44%	ETFDH/GLRX2/ACO2/NDUFS1/UQCRFS1/NFU1/NFS1/NDUFS2/ISCA1/NDUFV1/FECH/NUBPL/LIAS/SDHB/GLRX5/NDUFS7
s1	Choline and betaine metabolism	Choline and betaine metabolism	7	0.791486890685541	1.56915675449782	0.0292021468918985	0.101666733623647	0.0717245713134349	2022	tags=71%, list=11%, signal=63%	CHDH/ETFDH/ETFA/ETFB/DMGDH
s6	Mitochondrial permeability transition pore	Mitochondrial permeability transition pore	6	0.765235533425242	1.54766175332864	0.0248854705499225	0.101705836160553	0.0717521576496621	3033	tags=67%, list=17%, signal=55%	SLC25A6/SLC25A4/SLC25A5/PPIF
s4	Q-linked reactions, other	Q-linked reactions, other	9	0.711968293819611	1.62533100320601	0.0239421016604037	0.102298070730816	0.074461081718959	3506	tags=67%, list=19%, signal=54%	CHDH/ETFB/ETFA/ETFDH/DHODH/ETFRF1
s4	NAD biosynthesis and metabolism	NAD biosynthesis and metabolism	12	0.657707984917246	1.61293462017649	0.0230802105880206	0.102298070730816	0.074461081718959	5762	tags=75%, list=32%, signal=51%	NMNAT3/SIRT4/NOCT/SIRT3/SLC25A51/SIRT5/NAXD/KYAT3/NUDT13
s4	Coenzyme Q metabolism	Coenzyme Q metabolism	13	0.642481455733116	1.59382717050257	0.0224767500198309	0.102298070730816	0.074461081718959	4889	tags=62%, list=27%, signal=45%	COQ8B/COQ9/COQ8A/COQ5/COQ6/COQ2/PDSS2/COQ3
s4	Selenoproteins	Selenoproteins	5	0.83353824269257	1.58126887316808	0.020928845725067	0.102298070730816	0.074461081718959	1062	tags=80%, list=6%, signal=75%	GPX1/GPX4/TXNRD2/SELENOO
s4	CI assembly factors	CI assembly factors	22	0.567864896822679	1.57720460065926	0.0238610200751126	0.102298070730816	0.074461081718959	6118	tags=64%, list=34%, signal=42%	ECSIT/NDUFAF3/TIMMDC1/FOXRED1/AIFM1/DMAC2/NDUFAF1/ACAD9/NDUFAF5/DMAC1/TMEM186/NDUFAF2/NDUFAF7/COA1
s4	Branched-chain amino acid metabolism	Branched-chain amino acid metabolism	25	0.537214055582851	1.5360255402848	0.0259377600161753	0.106006497457412	0.0771603844874781	3990	tags=60%, list=22%, signal=47%	ECHS1/ETFB/ETFA/HSD17B10/ETFDH/HADHA/ACAD8/MCCC1/HMGCL/HIBCH/IVD/BCAT2/BCKDK/BCKDHB/ACAT1
s4	Calcium cycle	Calcium cycle	9	0.697619520634632	1.59257462048789	0.0286731665275733	0.112303235566329	0.0817436765040466	1767	tags=33%, list=10%, signal=30%	LETM1/SMDT1/MCUB
s3	ROS and glutathione metabolism	ROS and glutathione metabolism	27	0.581693337815024	1.59114005903312	0.0227412019992064	0.112509104627653	0.0844133259804338	2477	tags=48%, list=14%, signal=42%	PRXL2A/GLRX2/CAT/ALDH9A1/PRDX2/AIFM2/TXNRD2/ALDH3A2/MGST1/PRDX6/MSRA/HAGH/GPX4
s3	Mitochondrial ribosome assembly	Mitochondrial ribosome assembly	23	0.598561343897463	1.59104419771956	0.024387089809052	0.112805391874418	0.0846356243626653	5730	tags=74%, list=32%, signal=51%	MIEF1/DDX28/MALSU1/PTCD3/MRM3/NSUN4/MTG2/MPV17L2/TRMT61B/FASTKD2/NOA1/MTERF4/ERAL1/METTL17/GTPBP10/NGRN/MTG1
s3	Glutamate metabolism	Glutamate metabolism	7	0.773816488810425	1.56770240876414	0.0252012045676891	0.112805391874418	0.0846356243626653	2844	tags=57%, list=16%, signal=48%	GPT2/NAT8L/GLUD2/GLUD1
s5	NAD biosynthesis and metabolism	NAD biosynthesis and metabolism	12	0.637697029430618	1.52786683332659	0.0420032310177706	0.112808677590584	0.0720055388876067	5575	tags=75%, list=31%, signal=52%	NMNAT3/NOCT/SIRT4/SIRT3/SLC25A51/KYAT3/NUDT13/NAXE/NAXD
s5	Ketone metabolism	Ketone metabolism	6	0.774495485336191	1.54064943702645	0.0446546436918286	0.116598236306441	0.0744244061530477	2310	tags=67%, list=13%, signal=58%	ACAA2/HADHB/BDH1/HMGCL
s6	Glycine metabolism	Glycine metabolism	14	0.626580594363416	1.61283816674357	0.0300694838481292	0.117772145071839	0.0830867316856201	2693	tags=57%, list=15%, signal=49%	CHDH/ETFA/ETFDH/ETFB/SARDH/GCSH/GCAT/DMGDH
s5	mt-rRNA modifications	mt-rRNA modifications	16	0.61693176082956	1.56941978152137	0.0469683309761269	0.119324948966377	0.076164861042368	6314	tags=75%, list=35%, signal=49%	MRM1/MRM3/RCC1L/RPUSD3/TRMT2B/TRUB2/RPUSD4/TRMT61B/METTL17/NGRN/NSUN4/METTL5
s6	Nucleotide import	Nucleotide import	8	0.719344819616718	1.59152996634725	0.0320317588176493	0.120439413154361	0.0849684549689224	2931	tags=62%, list=16%, signal=52%	SLC25A6/SLC25A4/SLC25A5/SLC25A25/SLC25A33
s6	Cholesterol, bile acid, steroid synthesis	Cholesterol, bile acid, steroid synthesis	12	0.64723414680036	1.5796939357408	0.0335671538761209	0.121358171705976	0.0856166272953691	5210	tags=75%, list=29%, signal=53%	STAR/TSPO/FDXR/HSD17B10/HSD17B8/OSBPL1A/CYP27A1/SCP2/DHRS1
s6	Xenobiotic metabolism	Xenobiotic metabolism	19	0.561463291884828	1.53003773202233	0.0351639808460199	0.122422748130588	0.0863676722533822	4377	tags=68%, list=24%, signal=52%	TST/ALDH1B1/BPHL/MPST/GSTZ1/CYB5R3/AKR7A2/ABHD10/ACSM5/GSTK1/CYB5B/ALDH2/MGST1
s2	Polycistronic mtRNA processing	Polycistronic mtRNA processing	13	0.586996698269491	1.53088759768071	0.0619266055045872	0.123853211009174	0.0665728345849985	4984	tags=77%, list=28%, signal=56%	TRMT10C/FASTKD5/FASTKD2/FASTKD1/FASTKD3/PTCD2/GRSF1/ELAC2/HSD17B10/YBEY
s1	Coenzyme Q metabolism	Coenzyme Q metabolism	13	0.685228398585982	1.58557205701991	0.0374519127896405	0.125731421508079	0.0887018987123065	3000	tags=62%, list=17%, signal=51%	COQ2/PDSS1/COQ9/COQ3/COQ7/COQ8A/COQ6/PDSS2
s3	Biotin utilizing proteins	Biotin utilizing proteins	5	0.83437251311043	1.54410197978593	0.0294636883859874	0.125890304921946	0.0944529723378543	1676	tags=80%, list=9%, signal=73%	ACACB/MCCC1/PC/PCCA
s6	Biotin utilizing proteins	Biotin utilizing proteins	5	0.789833307850604	1.51638766555761	0.0401122366689401	0.134662508817156	0.0950026657948582	2632	tags=80%, list=15%, signal=68%	PC/ACACB/PCCA/MCCC1
s3	Xenobiotic metabolism	Xenobiotic metabolism	19	0.615860382762748	1.55481309596972	0.0329559672105142	0.134689605121232	0.101054910897229	3067	tags=53%, list=17%, signal=44%	BPHL/TST/ALDH1B1/MPST/MAOA/MGST1/CYB5B/GLYAT/ABHD10/ALDH2
s6	Itaconate metabolism	Itaconate metabolism	5	0.783829714049226	1.50486146692945	0.0430834609926283	0.134994844443569	0.0952371242994942	3828	tags=80%, list=21%, signal=63%	SUCLA2/SUCLG1/CLYBL/SUCLG2
s6	Proteases	Proteases	28	0.498330132405865	1.4854426829441	0.0418913270660495	0.134994844443569	0.0952371242994942	4481	tags=46%, list=25%, signal=35%	LONP1/ATP23/CLPP/PMPCA/METAP1D/AFG1L/HTRA2/CLPB/IMMP2L/USP30/OMA1/PMPCB/AFG3L2
s1	Mitochondrial ribosome assembly	Mitochondrial ribosome assembly	23	0.58204262284992	1.49207007491355	0.0416680404993321	0.135061924377145	0.0952844483287811	5904	tags=70%, list=33%, signal=47%	DDX28/MIEF1/MRM3/PTCD3/NSUN4/MALSU1/FASTKD2/TRMT61B/ERAL1/GTPBP10/MTERF4/MTG2/RBFA/MTERF3/MPV17L2/TFB1M
s5	mt-tRNA synthetases	mt-tRNA synthetases	20	0.563891585321871	1.51795017752481	0.0547945205479452	0.135544340302812	0.0865176640230714	5078	tags=65%, list=28%, signal=47%	YARS2/MARS2/GATB/DARS2/TARS2/SARS2/FARS2/LARS2/EARS2/PARS2/AARS2/IARS2/NARS2
s1	mtRNA stability and decay	mtRNA stability and decay	17	0.631942487368984	1.52952815788217	0.0444839857651246	0.13938315539739	0.0983330211650122	3982	tags=65%, list=22%, signal=50%	LACTB2/LRPPRC/FASTKD5/TBRG4/PNPT1/ENDOG/FASTKD2/FASTKD1/SUPV3L1/MTPAP/PDE12
s6	Mitochondrial ribosome assembly	Mitochondrial ribosome assembly	23	0.521531266534702	1.49191507510874	0.0466786355475763	0.141541669079747	0.0998558247707065	6816	tags=78%, list=38%, signal=49%	MRM3/DDX28/MIEF1/MTG2/NOA1/MALSU1/TRMT61B/MTG1/ERAL1/PTCD3/RBFA/DHX30/METTL17/TFB1M/MTERF4/MTERF3/FASTKD2/NSUN4
s2	Biotin utilizing proteins	Biotin utilizing proteins	5	0.769395951826227	1.51258127331977	0.0741837188977741	0.142101284958428	0.0763814297648884	1203	tags=60%, list=7%, signal=56%	ACACB/MCCC1/PCCA
s2	CII subunits	CII subunits	4	0.792505127778702	1.45263480078551	0.0748299319727891	0.142101284958428	0.0763814297648884	3747	tags=100%, list=21%, signal=79%	SDHB/SDHC/SDHD/SDHA
s2	Vitamin B12 metabolism	Vitamin B12 metabolism	4	0.792227950551583	1.45212674440582	0.0770975056689342	0.142101284958428	0.0763814297648884	3752	tags=100%, list=21%, signal=79%	MMAB/MMUT/MMAA/MMADHC
s2	Propanoate metabolism	Propanoate metabolism	4	0.791591979071568	1.45096103042898	0.0770975056689342	0.142101284958428	0.0763814297648884	1866	tags=75%, list=10%, signal=67%	PCCB/PCCA/MMUT
s4	Translation factors	Translation factors	16	0.595657059298092	1.53629397809574	0.0410094637223975	0.144838212634823	0.105425350742032	6577	tags=75%, list=36%, signal=48%	COA3/TUFM/GFM2/MRPL58/MTIF3/TSFM/TIMM21/GFM1/MTIF2/TACO1/HEMK1/C12orf65
s4	mt-tRNA modifications	mt-tRNA modifications	22	0.539420595658615	1.49820256529924	0.0416024653312789	0.144838212634823	0.105425350742032	5351	tags=59%, list=30%, signal=42%	HSD17B10/QTRT1/TRMT1/DUS2/TRMU/TRMT61B/PUS1/GTPBP3/ALKBH1/RPUSD4/TRMT10C/YRDC/CDK5RAP1
s4	Fe-S cluster biosynthesis	Fe-S cluster biosynthesis	22	0.539166923270151	1.49749800817591	0.0416024653312789	0.144838212634823	0.105425350742032	5850	tags=50%, list=32%, signal=34%	BOLA1/FDXR/NFU1/BOLA3/HSCB/GRPEL1/ISCA1/GLRX5/NFS1/ABCB7/CISD3
s1	Polycistronic mtRNA processing	Polycistronic mtRNA processing	13	0.676083678318281	1.56441179431677	0.0483870967741935	0.146722164412071	0.103510597513555	3391	tags=62%, list=19%, signal=50%	TRMT10C/FASTKD5/HSD17B10/ELAC2/PTCD2/TBRG4/FASTKD2/FASTKD1
s1	Glutamate metabolism	Glutamate metabolism	7	0.77860524693131	1.54361834249901	0.0519230769230769	0.147902097902098	0.104343025395657	2596	tags=57%, list=14%, signal=49%	GPT2/GLUD2/NAT8L/GLUD1
s1	mt-rRNA modifications	mt-rRNA modifications	16	0.638578138494978	1.5256569753253	0.0503597122302158	0.147902097902098	0.104343025395657	3671	tags=50%, list=20%, signal=40%	MRM3/TRMT2B/TRUB2/NSUN4/RPUSD4/RCC1L/TRMT61B/MTPAP
s4	Cholesterol, bile acid, steroid synthesis	Cholesterol, bile acid, steroid synthesis	12	0.631115222450941	1.54771967948601	0.0443037974683544	0.14873417721519	0.108261159227182	2959	tags=42%, list=16%, signal=35%	STAR/FDXR/HSD17B10/TSPO/HSD17B8
s4	Xenobiotic metabolism	Xenobiotic metabolism	19	0.563522433145741	1.52269750404537	0.0462962962962963	0.150063856960409	0.109229011225381	5341	tags=74%, list=30%, signal=52%	TST/BPHL/MPST/CYB5R3/ALDH1B1/GSTZ1/AKR7A2/MGST1/ALDH2/GSTK1/CYB5B/ACSM5/EPHX2/ABHD10
s6	Branched-chain amino acid metabolism	Branched-chain amino acid metabolism	25	0.509214715485697	1.47489504184397	0.0516014234875445	0.151579181494662	0.106937160516951	4840	tags=80%, list=27%, signal=59%	ECHS1/ETFA/ETFDH/ETFB/ACAD8/HADHA/HSD17B10/BCKDK/HIBCH/HMGCL/IVD/MCCC1/SLC25A44/ACAT1/BCKDHB/DLD/DBT/ACADSB/HIBADH/MCCC2
s6	mtDNA nucleoid	mtDNA nucleoid	11	0.631937558910742	1.50256326921763	0.0539033457249071	0.153542863580038	0.108322512940005	4317	tags=55%, list=24%, signal=42%	ATAD3A/MTERF2/POLRMT/POLG/MTERF1/POLDIP2
s4	Ketone metabolism	Ketone metabolism	6	0.752334268785172	1.52205398704174	0.0556509968993329	0.153858638486391	0.111991170230856	3990	tags=83%, list=22%, signal=65%	ACAA2/HADHB/HMGCL/BDH1/ACAT1
s4	Pyruvate metabolism	Pyruvate metabolism	14	0.59983233647179	1.51127504696507	0.0515625	0.153858638486391	0.111991170230856	3364	tags=71%, list=19%, signal=58%	PDK4/PDK2/PDHB/PDHA1/PDP2/DLAT/PDK1/PDHX/MPC1/MPC2
s4	Chaperones	Chaperones	15	0.581549549923948	1.49189247755605	0.0527131782945736	0.153858638486391	0.111991170230856	5300	tags=53%, list=29%, signal=38%	TIMM13/TRAP1/DNAJA3/MAIP1/PHB/TIMM8B/HSPD1/NRDC
s4	Carnitine shuttle	Carnitine shuttle	5	0.767216162905935	1.45545216194964	0.0505415162454874	0.153858638486391	0.111991170230856	1551	tags=60%, list=9%, signal=55%	CPT1B/SLC25A20/CPT2
s4	Biotin utilizing proteins	Biotin utilizing proteins	5	0.759676969400528	1.44114988833064	0.0541516245487365	0.153858638486391	0.111991170230856	3159	tags=80%, list=18%, signal=66%	PC/ACACB/MCCC1/PCCA
s1	Chaperones	Chaperones	15	0.646120905634037	1.53553955782894	0.056140350877193	0.155211558307534	0.109499755580903	3585	tags=73%, list=20%, signal=59%	TRAP1/HSPD1/TIMM8A/MAIP1/PHB/DNAJA3/TIMM8B/TIMM10B/TIMM13/HSPE1/NRDC
s4	Mitochondrial permeability transition pore	Mitochondrial permeability transition pore	6	0.737338254027082	1.49171541946706	0.0585197934595525	0.15716744529137	0.114399596236719	3652	tags=67%, list=20%, signal=53%	SLC25A6/SLC25A5/SLC25A4/PPIF
s4	mtDNA nucleoid	mtDNA nucleoid	11	0.63349386312719	1.51845439297168	0.0619047619047619	0.15741731404382	0.114581471588447	3541	tags=45%, list=20%, signal=37%	ATAD3A/POLRMT/MTERF2/ATAD3B/POLG
s4	Malate-aspartate shuttle	Malate-aspartate shuttle	6	0.732588649765718	1.48210645387447	0.0619621342512909	0.15741731404382	0.114581471588447	2046	tags=50%, list=11%, signal=44%	SLC25A10/SLC25A11/MDH2
s2	Coenzyme A metabolism	Coenzyme A metabolism	5	0.74139746466127	1.45753810956712	0.0878378378378378	0.158783783783784	0.085348506401138	1471	tags=40%, list=8%, signal=37%	NUDT8/NUDT19
s2	CV assembly factors	CV assembly factors	5	0.735587941845521	1.44611697406833	0.0900900900900901	0.159782423933367	0.0858852894602646	4084	tags=80%, list=23%, signal=62%	ATPAF1/ATPSCKMT/TMEM70/FMC1
s1	Transcription	Transcription	8	0.75138448168627	1.55067083151394	0.0613026819923372	0.160068114091103	0.112925993143779	4231	tags=88%, list=23%, signal=67%	MRPL12/TEFM/MTRES1/MTERF1/TFAM/TFB2M/POLRMT
s1	CIV assembly factors	CIV assembly factors	30	0.522098356570791	1.41822996091237	0.0612557427258806	0.160068114091103	0.112925993143779	5572	tags=67%, list=31%, signal=46%	COA7/SCO1/COX10/TMEM177/TIMM21/COX17/PNKD/COA8/COA3/COX18/SCO2/COA4/TACO1/COA6/CMC1/COA1/COX11/CMC2/COA5/HIGD1A
s2	Vitamin A metabolism	Vitamin A metabolism	5	0.726409038495868	1.42807186051745	0.0923423423423423	0.160744077410744	0.0864021916653496	4752	tags=80%, list=26%, signal=59%	BCO2/RDH14/DHRS4/RDH13
s4	CIII subunits	CIII subunits	10	0.634618057547248	1.48280536487959	0.06645056726094	0.164377719013904	0.119647835788396	4852	tags=70%, list=27%, signal=51%	CYC1/UQCRQ/UQCRC1/UQCR10/UQCRC2/UQCR11/UQCRFS1
s5	Malate-aspartate shuttle	Malate-aspartate shuttle	6	0.731134018703387	1.45439351892065	0.070298769771529	0.169438060474967	0.10815195349466	4173	tags=67%, list=23%, signal=51%	SLC25A10/SLC25A11/MDH2/SLC25A13
s2	Glycine cleavage system	Glycine cleavage system	3	0.815243902439024	1.40338198639312	0.0991561181434599	0.169466820099731	0.0910907879595421	3336	tags=100%, list=18%, signal=82%	DLD/GCSH/GLDC
s2	mt-tRNA modifications	mt-tRNA modifications	22	0.466965520847473	1.38796544168547	0.102088167053364	0.171362280411004	0.0921096244090505	5826	tags=68%, list=32%, signal=46%	TRMT2B/TRMT10C/DUS2/OSGEPL1/CDK5RAP1/RPUSD4/TRMT5/MTO1/TRNT1/YRDC/HSD17B10/ALKBH1/THG1L/NSUN3/TRMT61B
s1	Itaconate metabolism	Itaconate metabolism	5	0.813146081217408	1.49904759939341	0.0688976377952756	0.171461329997915	0.12096376024489	2776	tags=80%, list=15%, signal=68%	CLYBL/SUCLG1/SUCLA2/SUCLG2
s1	Ketone metabolism	Ketone metabolism	6	0.778843488384986	1.47360831666959	0.0705882352941176	0.171461329997915	0.12096376024489	3995	tags=100%, list=22%, signal=78%	ACAA2/HADHB/ACAT1/HMGCL/OXCT1/BDH1
s1	Cytochromes	Cytochromes	4	0.841842674205887	1.44963644141704	0.0711382113821138	0.171461329997915	0.12096376024489	2857	tags=100%, list=16%, signal=84%	CYCS/CYB5B/CYC1/MT-CYB
s1	NAD biosynthesis and metabolism	NAD biosynthesis and metabolism	12	0.667042703461212	1.50235872283729	0.0772058823529412	0.172861014324429	0.121951219512195	3197	tags=50%, list=18%, signal=41%	NMNAT3/NOCT/KYAT3/SLC25A51/SIRT4/NADK2
s1	Lipoate insertion	Lipoate insertion	4	0.838387057130103	1.44368593713147	0.0772357723577236	0.172861014324429	0.121951219512195	1957	tags=75%, list=11%, signal=67%	GCSH/LIAS/LIPT1
s1	SAM	SAM	3	0.875418368034872	1.43214987964909	0.0755467196819085	0.172861014324429	0.121951219512195	1379	tags=33%, list=8%, signal=31%	SAMM50
s3	Q-linked reactions, other	Q-linked reactions, other	9	0.712579052748674	1.52354845598893	0.0456942003514939	0.173752310536044	0.130362875766125	4035	tags=89%, list=22%, signal=69%	ETFDH/ETFA/CHDH/ETFB/ETFRF1/GPD2/DHODH/ETFBKMT
s3	Propanoate metabolism	Propanoate metabolism	4	0.866439844756128	1.52285162086601	0.0490752259539926	0.173752310536044	0.130362875766125	2070	tags=75%, list=11%, signal=66%	PCCB/PCCA/MMUT
s3	Ketone metabolism	Ketone metabolism	6	0.788102234296169	1.52132974057377	0.0499075785582255	0.173752310536044	0.130362875766125	3828	tags=100%, list=21%, signal=79%	ACAA2/HADHB/OXCT1/ACAT1/BDH1/HMGCL
s3	Lipoate insertion	Lipoate insertion	4	0.845778590830977	1.48653747370453	0.0490566037735849	0.173752310536044	0.130362875766125	2786	tags=100%, list=15%, signal=85%	GCSH/LIAS/LIPT1/LIPT2
s2	Mitochondrial permeability transition pore	Mitochondrial permeability transition pore	6	0.689177906573208	1.44347386652649	0.106430155210643	0.1747073710851	0.0939076574701544	2080	tags=50%, list=12%, signal=44%	PPIF/SLC25A5/VDAC3
s2	Heme synthesis and processing	Heme synthesis and processing	13	0.5370811509306	1.400707832483	0.107798165137615	0.1747073710851	0.0939076574701544	4513	tags=62%, list=25%, signal=46%	ALAS1/COX10/FECH/ABCB7/FDX1/ABCB10/COX15/HCCS
s2	Serine metabolism	Serine metabolism	5	0.713263657923425	1.40222891653348	0.11036036036036	0.175175808720113	0.0941594492560515	307	tags=20%, list=2%, signal=20%	AGXT
s2	Eicosanoid metabolism	Eicosanoid metabolism	3	0.810486281601504	1.39519209455647	0.111814345991561	0.175175808720113	0.0941594492560515	3122	tags=67%, list=17%, signal=55%	MGST3/ZADH2
s4	Nucleotide import	Nucleotide import	8	0.672190373005731	1.48589764017945	0.0729684908789386	0.175872772887698	0.12801489627884	2810	tags=62%, list=16%, signal=53%	SLC25A6/SLC25A5/SLC25A4/SLC25A33/SLC25A25
s5	Calcium cycle	Calcium cycle	9	0.640544559819589	1.4258806482946	0.075503355704698	0.17743288590604	0.113255033557047	2133	tags=33%, list=12%, signal=29%	LETM1/SMDT1/MCUB
s3	Gluconeogenesis	Gluconeogenesis	8	0.72479513046079	1.49911058850721	0.0530035335689046	0.17794043412418	0.133505140944233	3409	tags=75%, list=19%, signal=61%	SLC25A1/SLC25A10/PC/MPC2/SLC25A11/MPC1
s3	Phospholipid metabolism	Phospholipid metabolism	23	0.558998638568941	1.48588202277994	0.0551181102362205	0.17865870214499	0.134044043042714	5258	tags=61%, list=29%, signal=43%	GPAM/CHPT1/PRDX6/ACP6/PNPLA8/AGK/OSBPL1A/PISD/PRELID3B/AGPAT4/LACTB/PTPMT1/SPHK2/STARD7
s3	mt-rRNA modifications	mt-rRNA modifications	16	0.617348488817762	1.50603397483992	0.057660626029654	0.179818268770923	0.134914042638878	5985	tags=75%, list=33%, signal=50%	TRMT2B/MRM3/NSUN4/RCC1L/RPUSD4/TRUB2/MTPAP/TRMT61B/METTL15/METTL17/NGRN/MRM1
s3	CIII subunits	CIII subunits	10	0.680496284622854	1.49905481890945	0.0632478632478632	0.179818268770923	0.134914042638878	4471	tags=80%, list=25%, signal=60%	UQCRC2/UQCRFS1/UQCRC1/CYC1/UQCR10/UQCRQ/UQCRH/MT-CYB
s3	mtRNA stability and decay	mtRNA stability and decay	17	0.600732568210029	1.48208095462606	0.0650406504065041	0.179818268770923	0.134914042638878	4738	tags=71%, list=26%, signal=52%	LACTB2/FASTKD5/LRPPRC/PDE12/ENDOG/FASTKD1/FASTKD3/TBRG4/MTPAP/FASTKD2/SUPV3L1/PNPT1
s3	Nucleotide import	Nucleotide import	8	0.716499568543023	1.48195268527925	0.0618374558303887	0.179818268770923	0.134914042638878	3812	tags=62%, list=21%, signal=49%	SLC25A33/SLC25A4/SLC25A25/SLC25A5/SLC25A6
s3	CI subunits	CI subunits	44	0.472984496034584	1.43049199469646	0.0635838150289017	0.179818268770923	0.134914042638878	5124	tags=55%, list=28%, signal=39%	NDUFS1/MT-ND4L/NDUFAB1/NDUFS2/NDUFV1/NDUFA10/NDUFA3/NDUFA6/NDUFS3/NDUFA9/NDUFB5/NDUFS7/MT-ND6/MT-ND5/NDUFB9/NDUFV3/MT-ND2/NDUFB6/NDUFB10/NDUFS8/NDUFA2/MT-ND3/NDUFB2/NDUFA5
s1	Nucleotide import	Nucleotide import	8	0.719889685979512	1.48567340045527	0.0842911877394636	0.184264456918827	0.129996201409699	2364	tags=50%, list=13%, signal=43%	SLC25A33/SLC25A5/SLC25A25/SLC25A4
s6	Glyoxylate metabolism	Glyoxylate metabolism	6	0.728719478794572	1.47380932663671	0.0688976377952756	0.18503937007874	0.130542892664733	1634	tags=50%, list=9%, signal=45%	AGXT/ALDH4A1/GRHPR
s6	CIV assembly factors	CIV assembly factors	30	0.46965115639985	1.42109597084153	0.0671256454388985	0.18503937007874	0.130542892664733	5977	tags=70%, list=33%, signal=47%	SCO2/COA3/CMC1/TMEM177/COA6/SMIM20/COA4/PNKD/COX17/COX10/COA5/COA8/COA1/TIMM21/TACO1/HIGD1A/COX11/SURF1/CMC2/COX19/SCO1
s6	Coenzyme Q metabolism	Coenzyme Q metabolism	13	0.601607685071463	1.5126695316776	0.0739913093518566	0.185048476795118	0.130549317335861	4267	tags=54%, list=24%, signal=41%	COQ9/COQ5/COQ8B/PDSS2/COQ6/COQ2/COQ8A
s6	Transcription	Transcription	8	0.665937289476065	1.47336732399621	0.0767754318618042	0.185048476795118	0.130549317335861	4211	tags=75%, list=23%, signal=58%	MRPL12/POLRMT/TOP1MT/TEFM/MTERF1/TFB2M
s6	Ketone metabolism	Ketone metabolism	6	0.71919138293194	1.45453909034405	0.0767716535433071	0.185048476795118	0.130549317335861	3388	tags=67%, list=19%, signal=54%	ACAA2/HADHB/HMGCL/ACAT1
s6	Iron homeostasis	Iron homeostasis	4	-0.765507095393592	-1.41902409989144	0.0748031496062992	0.185048476795118	0.130549317335861	2338	tags=75%, list=13%, signal=65%	SLC25A28/FTH1/SLC25A37
s4	Eicosanoid metabolism	Eicosanoid metabolism	3	0.829032932569294	1.37303651857098	0.0791896869244936	0.18609576427256	0.135456043423476	1782	tags=67%, list=10%, signal=60%	PTGES2/MGST3
s5	Carnitine shuttle	Carnitine shuttle	5	0.762624488068651	1.41632700080498	0.0819964349376114	0.187991826442329	0.119994782835529	837	tags=60%, list=5%, signal=57%	CPT1B/SLC25A20/CPT2
s2	Malate-aspartate shuttle	Malate-aspartate shuttle	6	0.674315827320981	1.41234544119796	0.124168514412417	0.188868796463733	0.101519621839409	4303	tags=67%, list=24%, signal=51%	SLC25A13/GOT2/SLC25A11/MDH2
s2	Molybdenum cofactor synthesis and proteins	Molybdenum cofactor synthesis and proteins	3	0.796220411257519	1.37063445554676	0.126582278481013	0.188868796463733	0.101519621839409	3318	tags=67%, list=18%, signal=54%	ABCB7/SUOX
s2	Gluconeogenesis	Gluconeogenesis	8	0.594942627136252	1.33725737551035	0.126126126126126	0.188868796463733	0.101519621839409	5275	tags=75%, list=29%, signal=53%	SLC25A1/MPC2/MPC1/SLC25A11/MDH2/PC
s4	Lipoate insertion	Lipoate insertion	4	0.781196296912246	1.37909176926304	0.0830258302583026	0.190351903519035	0.138554017119119	3951	tags=100%, list=22%, signal=78%	GCSH/LIPT1/LIPT2/LIAS
s1	CII subunits	CII subunits	4	0.829591440767227	1.42854005964744	0.0894308943089431	0.191056910569106	0.134788189987163	3078	tags=100%, list=17%, signal=83%	SDHB/SDHD/SDHA/SDHC
s1	Translation factors	Translation factors	16	0.595446552935896	1.42260928171001	0.091726618705036	0.191606714628297	0.135176069670579	4759	tags=75%, list=26%, signal=55%	GFM1/GFM2/TUFM/MTIF2/MRPL58/TIMM21/COA3/TSFM/MRRF/MTIF3/TACO1/MTRF1L
s1	Malate-aspartate shuttle	Malate-aspartate shuttle	6	0.755114669810758	1.42871228182152	0.096078431372549	0.196334185848252	0.138511239736169	2553	tags=67%, list=14%, signal=57%	SLC25A13/SLC25A10/MDH2/SLC25A11
s1	Preprotein cleavage	Preprotein cleavage	8	0.701469365123371	1.44765843613948	0.0996168582375479	0.199233716475096	0.140556821253427	5392	tags=100%, list=30%, signal=70%	UQCRC2/UQCRC1/XPNPEP3/PMPCA/IMMP2L/MIPEP/PMPCB/IMMP1L
s4	Mitochondrial ribosome assembly	Mitochondrial ribosome assembly	23	0.491696070738228	1.3862813532446	0.0910470409711684	0.203771948840234	0.148322247196139	6839	tags=70%, list=38%, signal=43%	MRM3/MTG2/MIEF1/MTG1/DDX28/TRMT61B/ERAL1/DHX30/NOA1/MALSU1/TFB1M/PTCD3/METTL17/RBFA/MPV17L2/MTERF3
s3	Polycistronic mtRNA processing	Polycistronic mtRNA processing	13	0.640769988146136	1.47453809051141	0.0820770519262982	0.203783996846669	0.152895048026056	5550	tags=77%, list=31%, signal=53%	FASTKD5/TRMT10C/HSD17B10/PTCD2/FASTKD1/FASTKD3/TBRG4/FASTKD2/PRORP/ELAC2
s3	Coenzyme Q metabolism	Coenzyme Q metabolism	13	0.632332085456618	1.45512081262715	0.0887772194304858	0.203783996846669	0.152895048026056	3990	tags=62%, list=22%, signal=48%	COQ2/PDSS2/COQ9/COQ6/COQ3/COQ7/COQ10B/PDSS1
s3	Glycine metabolism	Glycine metabolism	14	0.610397251226815	1.44215785886979	0.0912106135986733	0.203783996846669	0.152895048026056	2860	tags=57%, list=16%, signal=48%	ETFDH/ETFA/CHDH/DMGDH/DLD/ETFB/GCSH/GLYAT
s3	Transcription	Transcription	8	0.696966177980043	1.44155132027036	0.0865724381625442	0.203783996846669	0.152895048026056	5181	tags=88%, list=29%, signal=62%	MRPL12/TEFM/MTERF1/TFAM/TFB2M/POLRMT/MTRES1
s3	Coenzyme A metabolism	Coenzyme A metabolism	5	0.774453424569282	1.43321483790437	0.0769230769230769	0.203783996846669	0.152895048026056	3028	tags=60%, list=17%, signal=50%	NUDT8/NUDT19/SLC25A42
s3	Iron homeostasis	Iron homeostasis	4	-0.771212178123901	-1.40800138528544	0.0932203389830508	0.203783996846669	0.152895048026056	3724	tags=75%, list=21%, signal=60%	SLC25A28/FTH1/SLC25A37
s3	Folate and 1-C metabolism	Folate and 1-C metabolism	20	0.54731988418671	1.40673799417592	0.0928	0.203783996846669	0.152895048026056	1779	tags=25%, list=10%, signal=23%	ALDH1L1/CHDH/DMGDH/QDPR/MTHFD2L
s3	CII subunits	CII subunits	4	0.79699539885803	1.40079630723275	0.0867924528301887	0.203783996846669	0.152895048026056	3666	tags=100%, list=20%, signal=80%	SDHB/SDHC/SDHA/SDHD
s3	Tetrahydrobiopterin synthesis	Tetrahydrobiopterin synthesis	3	0.845177383592018	1.35626796651051	0.0930693069306931	0.203783996846669	0.152895048026056	2796	tags=100%, list=15%, signal=85%	QDPR/PCBD2/SPR
s5	Transcription	Transcription	8	0.659501467458097	1.42028987904293	0.0910652920962199	0.203812796596302	0.130093274423171	5752	tags=88%, list=32%, signal=60%	MRPL12/POLRMT/TEFM/MTRES1/TFB2M/MTERF1/TOP1MT
s5	Proteases	Proteases	28	0.481255993293941	1.38967153134694	0.0964391691394659	0.210820509281623	0.134566282520185	6797	tags=68%, list=38%, signal=42%	LONP1/HTRA2/ATP23/CLPB/CLPP/PMPCA/USP30/METAP1D/IMMP2L/PARL/AFG3L2/MIPEP/XPNPEP3/SPG7/LAP3/AFG1L/PMPCB/IMMP1L/PITRM1
s6	NAD biosynthesis and metabolism	NAD biosynthesis and metabolism	12	0.583550551827408	1.42426241334312	0.0900562851782364	0.211632270168856	0.14930384121655	7521	tags=100%, list=42%, signal=58%	NMNAT3/SIRT3/KYAT3/SIRT4/NAXD/SIRT5/NOCT/SLC25A51/NUDT13/NAXE/NNT/NADK2
s3	NAD biosynthesis and metabolism	NAD biosynthesis and metabolism	12	0.630159738339753	1.41958485081831	0.101694915254237	0.217257318952234	0.163003811531911	4775	tags=67%, list=26%, signal=49%	NOCT/NMNAT3/SLC25A51/KYAT3/NADK2/NNT/NUDT13/SIRT5
s5	Copper metabolism	Copper metabolism	7	0.66493772487003	1.38437091530716	0.104529616724739	0.21769012401016	0.138951142985208	5371	tags=71%, list=30%, signal=50%	SCO2/COX17/SCO1/SLC25A3/CHCHD7
s5	TOM	TOM	8	0.64174665960915	1.38205346087482	0.104810996563574	0.21769012401016	0.138951142985208	5925	tags=88%, list=33%, signal=59%	TOMM40/TOMM40L/TOMM5/TOMM7/TOMM34/TOMM22/TOMM70
s5	Preprotein cleavage	Preprotein cleavage	8	0.637593568062101	1.37310944151767	0.106529209621993	0.21769012401016	0.138951142985208	6544	tags=100%, list=36%, signal=64%	UQCRC1/UQCRC2/PMPCA/IMMP2L/MIPEP/XPNPEP3/PMPCB/IMMP1L
s4	Vitamin B12 metabolism	Vitamin B12 metabolism	4	0.767502346804535	1.3549170337236	0.0996309963099631	0.217797991933408	0.158531573075829	461	tags=25%, list=3%, signal=24%	MMAB
s3	GABA metabolism	GABA metabolism	7	0.694657462043622	1.40733131467113	0.10873440285205	0.219081272084806	0.164372287006517	2844	tags=57%, list=16%, signal=48%	ALDH5A1/GLUD2/ALDH9A1/GLUD1
s3	Preprotein cleavage	Preprotein cleavage	8	0.677016911560854	1.40028978957693	0.109540636042403	0.219081272084806	0.164372287006517	5833	tags=100%, list=32%, signal=68%	UQCRC2/XPNPEP3/UQCRC1/PMPCA/IMMP2L/PMPCB/MIPEP/IMMP1L
s3	Malate-aspartate shuttle	Malate-aspartate shuttle	6	0.720578917737076	1.39098468482696	0.105360443622921	0.219081272084806	0.164372287006517	4759	tags=67%, list=26%, signal=49%	SLC25A10/SLC25A13/SLC25A11/MDH2
s3	Chaperones	Chaperones	15	0.581883866252902	1.39688320833222	0.116584564860427	0.219924528301887	0.165004965243297	4015	tags=67%, list=22%, signal=52%	TRAP1/TIMM8A/HSPD1/DNAJA3/MAIP1/NRDC/TIMM8B/TIMM10B/PHB/TIMM13
s3	CIV subunits	CIV subunits	16	0.572218526924006	1.39593853097581	0.113673805601318	0.219924528301887	0.165004965243297	6841	tags=88%, list=38%, signal=54%	COX5A/COX5B/COX7B/COX6A1/NDUFA4/COX4I1/COX7A2/COX8A/COX7C/MT-CO2/MT-CO1/MT-CO3/COX6C/COX6B1
s3	Vitamin B12 metabolism	Vitamin B12 metabolism	4	0.772291054108757	1.35737603787239	0.116981132075472	0.219924528301887	0.165004965243297	3677	tags=75%, list=20%, signal=60%	MMAB/MMUT/MMAA
s1	EF hand proteins	EF hand proteins	11	0.64126911952936	1.4046552048457	0.114877589453861	0.224968612680477	0.158712459113886	3428	tags=45%, list=19%, signal=37%	SLC25A13/SLC25A25/RHOT1/EFHD1/MICU2
s6	CI subunits	CI subunits	44	0.405935486797797	1.34415099947079	0.0981697171381032	0.225072034414188	0.15878542181516	4013	tags=41%, list=22%, signal=32%	NDUFS7/NDUFS8/NDUFB7/NDUFV1/NDUFB11/NDUFS6/NDUFB2/NDUFA2/NDUFS2/NDUFC1/NDUFA11/NDUFA10/NDUFA6/NDUFB6/NDUFB5/NDUFB4/NDUFS3/NDUFB10
s5	CII subunits	CII subunits	4	0.77659515494207	1.35905763349017	0.112727272727273	0.225454545454545	0.143907156673114	4034	tags=100%, list=22%, signal=78%	SDHB/SDHA/SDHC/SDHD
s1	Branched-chain amino acid dehydrogenase complex	Branched-chain amino acid dehydrogenase complex	6	0.732921831168983	1.38672239286342	0.117647058823529	0.225690276110444	0.15922158337019	3192	tags=67%, list=18%, signal=55%	BCKDHB/DLD/BCKDHA/DBT
s5	Carnitine synthesis and transport	Carnitine synthesis and transport	6	0.695045019584738	1.38260420932789	0.117750439367311	0.225888597969944	0.144184211470177	837	tags=50%, list=5%, signal=48%	CPT1B/SLC25A20/CPT2
s5	Serine metabolism	Serine metabolism	5	0.728624445194976	1.35318297710274	0.117647058823529	0.225888597969944	0.144184211470177	1708	tags=40%, list=9%, signal=36%	AGXT/SDSL
s2	mt-mRNA modifications	mt-mRNA modifications	3	0.777213077079686	1.33791473778534	0.154008438818565	0.226199894514768	0.121585609593604	3882	tags=67%, list=22%, signal=52%	MTPAP/PDE12
s1	TOM	TOM	8	0.684878783038773	1.41341959791023	0.120689655172414	0.22684766214178	0.16003810431055	3833	tags=75%, list=21%, signal=59%	TOMM40/TOMM40L/TOMM70/TOMM34/TOMM5/TOMM22
s1	Glyoxylate metabolism	Glyoxylate metabolism	6	0.724862568212103	1.3714738903124	0.125490196078431	0.22684766214178	0.16003810431055	4545	tags=83%, list=25%, signal=62%	ALDH4A1/AGXT/LDHB/HOGA1/GRHPR
s1	Mitochondrial permeability transition pore	Mitochondrial permeability transition pore	6	0.724532886722429	1.37085011751044	0.125490196078431	0.22684766214178	0.16003810431055	3499	tags=67%, list=19%, signal=54%	PPIF/SLC25A5/SLC25A4/VDAC3
s5	TIM23 presequence pathway	TIM23 presequence pathway	6	0.688529134556744	1.36964261718155	0.131810193321617	0.228225459462782	0.14567582518901	5624	tags=100%, list=31%, signal=69%	TIMM17B/ROMO1/TIMM50/TIMM21/TIMM23/TIMM17A
s5	CIII assembly factors	CIII assembly factors	6	0.684875766259071	1.36237522838765	0.133567662565905	0.228225459462782	0.14567582518901	3371	tags=50%, list=19%, signal=41%	UQCC3/UQCC1/UQCC2
s5	Heme synthesis and processing	Heme synthesis and processing	13	0.554862721957166	1.35082570558846	0.13128038897893	0.228225459462782	0.14567582518901	5539	tags=62%, list=31%, signal=43%	FDXR/ALAS1/COX10/FECH/PPOX/HCCS/ABCB10/ABCB7
s5	Polycistronic mtRNA processing	Polycistronic mtRNA processing	13	0.55477462034931	1.35061122025383	0.13128038897893	0.228225459462782	0.14567582518901	5180	tags=46%, list=29%, signal=33%	HSD17B10/TBRG4/FASTK/TRMT10C/FASTKD5/ELAC2
s5	mtDNA stability and decay	mtDNA stability and decay	3	0.816485197275707	1.34940474440987	0.128971962616822	0.228225459462782	0.14567582518901	916	tags=33%, list=5%, signal=32%	ENDOG
s5	Translation factors	Translation factors	16	0.529049655270725	1.34585548533353	0.127158555729984	0.228225459462782	0.14567582518901	5434	tags=62%, list=30%, signal=44%	TUFM/COA3/MRPL58/COX14/TACO1/TSFM/TIMM21/GFM1/GFM2/MTIF3
s5	Selenoproteins	Selenoproteins	5	0.713417025590356	1.32494014024716	0.140819964349376	0.228225459462782	0.14567582518901	3284	tags=80%, list=18%, signal=65%	GPX4/TXNRD2/GPX1/SELENOO
s5	mtRNA stability and decay	mtRNA stability and decay	17	0.509300288573656	1.31712053759092	0.138629283489097	0.228225459462782	0.14567582518901	6244	tags=53%, list=35%, signal=35%	ENDOG/LACTB2/TBRG4/FASTK/SLIRP/FASTKD5/SUPV3L1/LRPPRC/PDE12
s5	mtDNA nucleoid	mtDNA nucleoid	11	0.560987202045918	1.3040013449113	0.140728476821192	0.228225459462782	0.14567582518901	5357	tags=64%, list=30%, signal=45%	POLRMT/POLG/ATAD3A/POLDIP2/MTERF2/TWNK/MTERF1
s2	Glutamate metabolism	Glutamate metabolism	7	0.604042896840336	1.32590998960428	0.161073825503356	0.229408175716901	0.123310105648502	2009	tags=57%, list=11%, signal=51%	GLUD2/GPT2/NAT8L/GLUD1
s2	Transcription	Transcription	8	0.576196278444259	1.29512105528578	0.15990990990991	0.229408175716901	0.123310105648502	3780	tags=62%, list=21%, signal=49%	MTERF1/TEFM/MTRES1/TFAM/TFB2M
s1	mtDNA nucleoid	mtDNA nucleoid	11	0.632395667327212	1.38521852772979	0.129943502824859	0.230465835198806	0.162590678807668	4738	tags=73%, list=26%, signal=54%	MTERF2/MTERF1/POLDIP2/TFAM/TWNK/ATAD3A/POLRMT/POLG
s3	Mitochondrial permeability transition pore	Mitochondrial permeability transition pore	6	0.701502597421084	1.35416030827466	0.125693160813309	0.231669747381392	0.173817167688167	3812	tags=67%, list=21%, signal=53%	SLC25A4/PPIF/SLC25A5/SLC25A6
s5	Cytochromes	Cytochromes	4	0.74912883564916	1.31099100487247	0.147272727272727	0.234637904468413	0.149768875192604	3169	tags=75%, list=18%, signal=62%	CYC1/CYCS/CYB5B
s2	Copper metabolism	Copper metabolism	7	0.59769248852398	1.31197046665191	0.167785234899329	0.235400180306521	0.126530891990067	3131	tags=57%, list=17%, signal=47%	CHCHD7/SCO1/COX17/SLC25A3
s2	Folate and 1-C metabolism	Folate and 1-C metabolism	20	0.437102282567474	1.27452755902069	0.17096018735363	0.236327317812371	0.12702924137731	1749	tags=25%, list=10%, signal=23%	CHDH/ALDH1L1/DMGDH/MTHFD2L/QDPR
s4	Transcription	Transcription	8	0.62893612309401	1.39028278097793	0.116086235489221	0.239130434782609	0.174059107064609	5495	tags=75%, list=30%, signal=52%	MRPL12/POLRMT/TOP1MT/TEFM/MTRES1/TFB2M
s4	Iron homeostasis	Iron homeostasis	4	-0.735849445358184	-1.38903127048933	0.119565217391304	0.239130434782609	0.174059107064609	2742	tags=100%, list=15%, signal=85%	SLC25A28/FTH1/SLC25A37
s4	Carnitine synthesis and transport	Carnitine synthesis and transport	6	0.680051860256055	1.37581881916567	0.115318416523236	0.239130434782609	0.174059107064609	1551	tags=50%, list=9%, signal=46%	CPT1B/SLC25A20/CPT2
s4	Coenzyme A metabolism	Coenzyme A metabolism	5	0.701633580490966	1.33103831878897	0.117328519855596	0.239130434782609	0.174059107064609	2591	tags=60%, list=14%, signal=51%	NUDT8/SLC25A42/COASY
s4	CIII assembly factors	CIII assembly factors	6	0.666543824171017	1.34849059415535	0.123924268502582	0.242685025817556	0.176646435365522	4923	tags=67%, list=27%, signal=48%	UQCC3/UQCC1/BCS1L/UQCC2
s4	CIV assembly factors	CIV assembly factors	30	0.44070841285348	1.32247003922787	0.128888888888889	0.247256235827664	0.179973743883518	4857	tags=43%, list=27%, signal=32%	SCO2/COA3/TMEM177/CMC1/PNKD/COA6/COX17/COA4/SMIM20/COA8/COA5/COX10/TIMM21
s5	GABA metabolism	GABA metabolism	7	0.625656039345678	1.30258818451868	0.160278745644599	0.251103368176539	0.160278745644599	4234	tags=71%, list=23%, signal=55%	ALDH5A1/ALDH9A1/GLUD2/ADHFE1/AKR7A2
s5	Glutamate metabolism	Glutamate metabolism	7	0.620742245302118	1.29235788278772	0.168989547038328	0.256579142560451	0.163773920783267	2350	tags=43%, list=13%, signal=37%	GPT2/NAT8L/GLUD2
s5	Eicosanoid metabolism	Eicosanoid metabolism	3	0.779996967695919	1.28910066262814	0.17196261682243	0.256579142560451	0.163773920783267	2184	tags=67%, list=12%, signal=59%	MGST3/PTGES2
s5	Vitamin B12 metabolism	Vitamin B12 metabolism	4	0.733599019806776	1.28381350494477	0.170909090909091	0.256579142560451	0.163773920783267	772	tags=25%, list=4%, signal=24%	MMAB
s1	Carnitine synthesis and transport	Carnitine synthesis and transport	6	0.706222496880418	1.33620600331414	0.149019607843137	0.259404502541757	0.183006535947712	2377	tags=67%, list=13%, signal=58%	SLC25A20/CPT2/TMLHE/CPT1A
s3	CIV assembly factors	CIV assembly factors	30	0.464588640703077	1.29842446753969	0.144817073170732	0.261784709193246	0.19641181988743	5895	tags=60%, list=33%, signal=40%	COA7/COX18/SCO1/COX10/PET117/COX17/PNKD/COA3/COA1/SCO2/TACO1/TIMM21/TMEM177/COA8/COA6/COX15/COA5/HIGD1A
s3	EF hand proteins	EF hand proteins	11	0.598658856758749	1.32923340770945	0.147766323024055	0.262076120080399	0.19663045963479	4343	tags=45%, list=24%, signal=35%	SLC25A13/SLC25A25/RHOT1/MICU3/MICU2
s5	MIA40	MIA40	3	0.775	1.28084217620483	0.179439252336449	0.263551401869159	0.168224299065421	4062	tags=100%, list=23%, signal=78%	AIFM1/GFER/CHCHD4
s3	Cytochromes	Cytochromes	4	0.752369865291868	1.32236262653981	0.154716981132075	0.26932215234102	0.202067012394718	4471	tags=100%, list=25%, signal=75%	CYCS/CYB5B/CYC1/MT-CYB
s3	Cholesterol, bile acid, steroid synthesis	Cholesterol, bile acid, steroid synthesis	12	0.587679676095688	1.32388839616639	0.157627118644068	0.26939907550077	0.20212472629957	3726	tags=50%, list=21%, signal=40%	STAR/HSD17B8/HINT2/HSD17B10/OSBPL1A/SCP2
s3	Serine metabolism	Serine metabolism	5	0.707723893451521	1.30972419135249	0.163003663003663	0.271833429728167	0.203951173480259	139	tags=20%, list=1%, signal=20%	AGXT
s3	Carnitine shuttle	Carnitine shuttle	5	0.705348941719434	1.30532907093111	0.164835164835165	0.271833429728167	0.203951173480259	831	tags=60%, list=5%, signal=57%	SLC25A20/CPT1B/CPT2
s1	GABA metabolism	GABA metabolism	7	0.678806656310222	1.34576335032497	0.161538461538462	0.272053716137995	0.19193039324405	2596	tags=57%, list=14%, signal=49%	ALDH5A1/GLUD2/ALDH9A1/GLUD1
s1	Phospholipid metabolism	Phospholipid metabolism	23	0.502889662400741	1.2891609425054	0.162074554294976	0.272053716137995	0.19193039324405	4733	tags=65%, list=26%, signal=48%	GPAM/CHPT1/PRDX6/PTPMT1/OSBPL1A/AGK/PISD/AGPAT4/ACP6/PRELID3B/LACTB/PNPLA8/PRELID1/TAMM41/STARD7
s5	Folate and 1-C metabolism	Folate and 1-C metabolism	20	0.462393110700664	1.2447245583097	0.188736681887367	0.27294227842173	0.174218475588339	4012	tags=40%, list=22%, signal=31%	CHDH/ALDH1L1/QDPR/FPGS/SARDH/DMGDH/GTPBP3/MTHFD2L
s3	Translation factors	Translation factors	16	0.539253112976451	1.31551874490853	0.171334431630972	0.272973501242566	0.204806546285016	5131	tags=69%, list=28%, signal=49%	GFM1/GFM2/TUFM/MTIF2/COA3/MRRF/MRPL58/TACO1/TIMM21/MTRF1L/MTIF3
s3	Carnitine synthesis and transport	Carnitine synthesis and transport	6	0.680383509911607	1.31339263306226	0.170055452865065	0.272973501242566	0.204806546285016	1831	tags=67%, list=10%, signal=60%	SLC25A20/CPT1B/CPT2/TMLHE
s2	MIA40	MIA40	3	0.751828055183055	1.29421630306249	0.20042194092827	0.273038586192136	0.146762062006971	1833	tags=67%, list=10%, signal=60%	AIFM1/CHCHD4
s5	Catechol metabolism	Catechol metabolism	3	0.769456762749446	1.27168087031681	0.192523364485981	0.273753185293047	0.174736075718966	4162	tags=100%, list=23%, signal=77%	MAOB/COMT/MAOA
s5	MICOS complex	MICOS complex	7	0.605731457791676	1.26110608751716	0.195121951219512	0.273753185293047	0.174736075718966	4361	tags=71%, list=24%, signal=54%	MICOS13/CHCHD6/CHCHD3/APOO/IMMT
s6	CIII assembly factors	CIII assembly factors	6	0.677680998521249	1.37058580862589	0.125984251968504	0.275407434535799	0.194296398384718	4026	tags=50%, list=22%, signal=39%	UQCC3/UQCC1/BCS1L
s6	Polycistronic mtRNA processing	Polycistronic mtRNA processing	13	0.544573827476306	1.36926481661319	0.123364485981308	0.275407434535799	0.194296398384718	4645	tags=46%, list=26%, signal=34%	TBRG4/FASTK/HSD17B10/TRMT10C/FASTKD5/PTCD2
s5	TIM22 carrier pathway	TIM22 carrier pathway	3	0.762361419068736	1.25995439878013	0.205607476635514	0.281691596269601	0.179803146555065	4290	tags=100%, list=24%, signal=76%	TIMM29/TIMM22/AGK
s5	Coenzyme A metabolism	Coenzyme A metabolism	5	0.673764746084258	1.25129892496154	0.206773618538324	0.281691596269601	0.179803146555065	4713	tags=80%, list=26%, signal=59%	NUDT8/SLC25A42/COASY/NUDT19
s3	CV subunits	CV subunits	21	0.490361109551354	1.2808319221126	0.17981072555205	0.281703470031546	0.211356466876972	3125	tags=38%, list=17%, signal=32%	ATP5MC3/MT-ATP8/DMAC2L/ATP5F1A/ATP5PB/ATP5F1B/ATP5F1D/ATP5PF
s1	Coenzyme A metabolism	Coenzyme A metabolism	5	0.724498915475532	1.33562515406915	0.171259842519685	0.282428512225446	0.19924967827775	1766	tags=40%, list=10%, signal=36%	NUDT8/NUDT19
s3	CV assembly factors	CV assembly factors	5	0.693535868721588	1.28346762521386	0.184981684981685	0.285053744070138	0.213870110332578	5533	tags=100%, list=31%, signal=69%	ATPAF1/FMC1/ATPAF2/TMEM70/ATPSCKMT
s2	TIM22 carrier pathway	TIM22 carrier pathway	3	0.747234250370771	1.28630840837812	0.213080168776371	0.286136226642556	0.153802227086704	1480	tags=33%, list=8%, signal=31%	AGK
s3	Heme synthesis and processing	Heme synthesis and processing	13	0.555580040617508	1.27849922339302	0.1892797319933	0.286972496893067	0.215309712114619	5278	tags=62%, list=29%, signal=44%	ALAS1/ABCB10/COX10/FECH/ABCB7/HCCS/FDX1/COX15
s5	Tetrahydrobiopterin synthesis	Tetrahydrobiopterin synthesis	3	0.756762749445676	1.25070147983323	0.216822429906542	0.287060681848098	0.183230222456233	4391	tags=100%, list=24%, signal=76%	SPR/QDPR/PCBD2
s5	CV assembly factors	CV assembly factors	5	0.667244965694971	1.23919055295259	0.215686274509804	0.287060681848098	0.183230222456233	4929	tags=80%, list=27%, signal=58%	FMC1/ATPAF1/ATPAF2/TMEM70
s5	Lipoate insertion	Lipoate insertion	4	0.706968235489772	1.23720907987009	0.22	0.287222222222222	0.183333333333333	5290	tags=100%, list=29%, signal=71%	LIPT2/GCSH/LIAS/LIPT1
s5	Heme-containing proteins	Heme-containing proteins	10	0.527745654229801	1.20172672263943	0.223880597014925	0.288284604375383	0.184011449601309	4541	tags=60%, list=25%, signal=45%	CYC1/CYCS/CYB5B/SDHC/SDHD/CYP11A1
s2	mtDNA nucleoid	mtDNA nucleoid	11	0.497256811868107	1.22993343543125	0.218468468468468	0.289239944169522	0.155470518702542	3662	tags=55%, list=20%, signal=44%	MTERF1/SSBP1/POLDIP2/MTERF2/TFAM/TWNK
s2	Nucleotide synthesis and processing	Nucleotide synthesis and processing	24	0.40460816718515	1.21845494044271	0.222488038277512	0.290470494417863	0.156131956685973	5882	tags=62%, list=33%, signal=42%	SUCLA2/SUCLG1/AK3/FHIT/AK4/SUCLG2/DHODH/NUDT2/TK2/PAICS/AK2/CMPK2/NME6/NUDT9/NUDT5
s6	mtDNA repair	mtDNA repair	9	0.606973444343189	1.37005217783575	0.13671875	0.292080965909091	0.206059360047847	3700	tags=33%, list=21%, signal=27%	OGG1/RECQL4/POLG
s6	Preprotein cleavage	Preprotein cleavage	8	0.6182452512752	1.36785004510165	0.143953934740883	0.294623483082858	0.207853073171557	4220	tags=62%, list=23%, signal=48%	PMPCA/UQCRC1/UQCRC2/IMMP2L/PMPCB
s6	mt-rRNA modifications	mt-rRNA modifications	16	0.495103438334588	1.31971563313174	0.144177449168207	0.294623483082858	0.207853073171557	3803	tags=38%, list=21%, signal=30%	MRM3/RCC1L/MRM1/RPUSD4/TRMT61B/METTL15
s5	fMet processing	fMet processing	3	0.743036436245879	1.22801600774278	0.237383177570093	0.297520249221184	0.189906542056075	3845	tags=67%, list=21%, signal=52%	PDF/METAP1D
s5	CII assembly factors	CII assembly factors	4	0.698320306003659	1.22207502384722	0.236363636363636	0.297520249221184	0.189906542056075	5446	tags=100%, list=30%, signal=70%	SDHAF4/SDHAF2/SDHAF1/SDHAF3
s4	GABA metabolism	GABA metabolism	7	0.618991862516562	1.30745965588986	0.158516020236088	0.298010118043845	0.216916659270436	4165	tags=71%, list=23%, signal=55%	ALDH5A1/ALDH9A1/GLUD2/AKR7A2/ADHFE1
s6	Folate and 1-C metabolism	Folate and 1-C metabolism	20	0.470528055262913	1.29608928165523	0.15036231884058	0.300724637681159	0.212157359170359	5312	tags=50%, list=29%, signal=35%	CHDH/ALDH1L1/SARDH/DMGDH/QDPR/GTPBP3/MTHFS/SHMT2/FPGS/MTHFD2L
s4	Glutamate metabolism	Glutamate metabolism	7	0.616656200950077	1.30252617703026	0.163575042158516	0.30149125417452	0.219450520955697	2343	tags=43%, list=13%, signal=37%	NAT8L/GPT2/GLUD2
s4	Type II fatty acid synthesis	Type II fatty acid synthesis	9	0.570522472706595	1.30242859262877	0.167495854063018	0.302780966960071	0.220389281661866	4343	tags=56%, list=24%, signal=42%	MECR/HSD17B8/ACSF3/OXSM/MCAT
s2	Calcium cycle	Calcium cycle	9	0.52039020119738	1.20166166939802	0.237986270022883	0.306448073728096	0.16472012921555	4236	tags=67%, list=23%, signal=51%	MCUB/LETM1/MICU2/SLC25A3/SMDT1/MICU3
s4	Preprotein cleavage	Preprotein cleavage	8	0.584691018757192	1.29247760737868	0.174129353233831	0.308833192527926	0.224794597024807	6528	tags=75%, list=36%, signal=48%	UQCRC1/PMPCA/UQCRC2/IMMP2L/MIPEP/PMPCB
s3	SAM	SAM	3	0.779733147166937	1.25124868513925	0.207920792079208	0.31023102310231	0.232760118117075	1978	tags=33%, list=11%, signal=30%	SAMM50
s4	Folate and 1-C metabolism	Folate and 1-C metabolism	20	0.464010214817449	1.27453438928114	0.179723502304147	0.312852022529442	0.227719837227477	3869	tags=40%, list=21%, signal=31%	SARDH/ALDH1L1/CHDH/DMGDH/FPGS/SHMT2/QDPR/GTPBP3
s2	CII assembly factors	CII assembly factors	4	0.667738394514133	1.22394164490848	0.247165532879819	0.313967028252743	0.168761672521071	3425	tags=50%, list=19%, signal=41%	SDHAF4/SDHAF3
s2	Carnitine synthesis and transport	Carnitine synthesis and transport	6	0.588478901479815	1.23256115320362	0.250554323725055	0.314028085735403	0.168794491772669	1423	tags=67%, list=8%, signal=61%	SLC25A20/CPT2/CPT1B/TMLHE
s4	Itaconate metabolism	Itaconate metabolism	5	0.657137230586038	1.24662624328903	0.185920577617329	0.317755169018707	0.231288756844524	5827	tags=80%, list=32%, signal=54%	SUCLG1/CLYBL/SUCLA2/SUCLG2
s1	Propanoate metabolism	Propanoate metabolism	4	0.748003967705358	1.28804804405179	0.207317073170732	0.335996635828427	0.237041299632597	3491	tags=75%, list=19%, signal=61%	PCCB/PCCA/MMUT
s2	CIII assembly factors	CIII assembly factors	6	0.575448438840393	1.20526902426368	0.272727272727273	0.337320574162679	0.181314530345001	4893	tags=67%, list=27%, signal=49%	UQCC1/LYRM7/TTC19/UQCC2
s1	CV assembly factors	CV assembly factors	5	0.691743190556456	1.2752394596158	0.21259842519685	0.338716135059389	0.238959871318494	3586	tags=60%, list=20%, signal=48%	ATPAF1/FMC1/ATPAF2
s4	CII assembly factors	CII assembly factors	4	0.697599645213149	1.23151368325334	0.202952029520295	0.340669478123353	0.247967705240962	5459	tags=100%, list=30%, signal=70%	SDHAF4/SDHAF1/SDHAF3/SDHAF2
s1	MICOS complex	MICOS complex	7	0.636211149216919	1.26131592807035	0.219230769230769	0.343461538461538	0.242307692307692	4497	tags=71%, list=25%, signal=54%	APOO/IMMT/CHCHD3/APOOL/CHCHD6
s3	mtDNA nucleoid	mtDNA nucleoid	11	0.556703344987875	1.23607740199138	0.235395189003436	0.345736683848797	0.25939930367155	4184	tags=55%, list=23%, signal=42%	MTERF2/MTERF1/TFAM/POLDIP2/POLRMT/POLG
s4	Polycistronic mtRNA processing	Polycistronic mtRNA processing	13	0.500467400095467	1.24152772520532	0.211446740858506	0.34870164281929	0.253814185702731	1777	tags=23%, list=10%, signal=21%	HSD17B10/TBRG4/FASTK
s1	Molybdenum cofactor synthesis and proteins	Molybdenum cofactor synthesis and proteins	3	0.770509977827051	1.26052389612355	0.232604373757455	0.352988175135826	0.249028611797951	4143	tags=100%, list=23%, signal=77%	SUOX/MOCS1/ABCB7
s1	Carnitine shuttle	Carnitine shuttle	5	0.678852012855975	1.25147437062179	0.234251968503937	0.352988175135826	0.249028611797951	2377	tags=60%, list=13%, signal=52%	SLC25A20/CPT2/CPT1A
s1	Folate and 1-C metabolism	Folate and 1-C metabolism	20	0.490771796359929	1.22361005407752	0.236577181208054	0.352988175135826	0.249028611797951	2343	tags=25%, list=13%, signal=22%	ALDH1L1/CHDH/QDPR/DMGDH/FPGS
s4	Cytochromes	Cytochromes	4	0.689494158119923	1.21720459016071	0.219557195571956	0.355834075582135	0.259005766101218	4600	tags=75%, list=25%, signal=56%	CYC1/CYCS/CYB5B
s4	Copper metabolism	Copper metabolism	7	0.582258559338712	1.22987008671952	0.224283305227656	0.357332723583045	0.260096607311287	2232	tags=29%, list=12%, signal=25%	SCO2/COX17
s4	TIM23 presequence pathway	TIM23 presequence pathway	6	0.60761218466285	1.22926548292766	0.232358003442341	0.35805987415705	0.260625888244213	6434	tags=67%, list=36%, signal=43%	ROMO1/TIMM17B/TIMM21/TIMM23
s4	CII subunits	CII subunits	4	0.68427480130648	1.2079905525997	0.228782287822878	0.35805987415705	0.260625888244213	4703	tags=75%, list=26%, signal=55%	SDHB/SDHA/SDHD
s2	Branched-chain amino acid dehydrogenase complex	Branched-chain amino acid dehydrogenase complex	6	0.565607089642658	1.18465645058306	0.29490022172949	0.360008062890546	0.19350937311026	2165	tags=50%, list=12%, signal=44%	BCKDHB/DLD/DBT
s3	Itaconate metabolism	Itaconate metabolism	5	0.655449606386517	1.21298463092753	0.252747252747253	0.365511411665258	0.274235885571918	6220	tags=100%, list=34%, signal=66%	SUCLA2/SUCLG1/SUCLG2/CLYBL/AUH
s6	Type II fatty acid synthesis	Type II fatty acid synthesis	9	0.574148748299334	1.29596072174191	0.1875	0.365929616941763	0.258158632332935	4227	tags=56%, list=23%, signal=43%	MECR/ACSF3/HSD17B8/OXSM/MCAT
s6	Copper metabolism	Copper metabolism	7	0.604747881310854	1.28744145135974	0.197265625	0.365929616941763	0.258158632332935	5977	tags=71%, list=33%, signal=48%	SCO2/COX17/COX11/COX19/SCO1
s6	Propanoate metabolism	Propanoate metabolism	4	0.727720122737577	1.28634528845326	0.202429149797571	0.365929616941763	0.258158632332935	4312	tags=75%, list=24%, signal=57%	PCCB/PCCA/MMUT
s6	Eicosanoid metabolism	Eicosanoid metabolism	3	0.779434589800443	1.28339876123444	0.193482688391039	0.365929616941763	0.258158632332935	3982	tags=100%, list=22%, signal=78%	PTGES2/MGST3/ZADH2
s6	Phospholipid metabolism	Phospholipid metabolism	23	0.428453462234978	1.22565265077614	0.199281867145422	0.365929616941763	0.258158632332935	6288	tags=52%, list=35%, signal=34%	ACP6/PRDX6/GPAT2/GPAM/SPHK2/AGK/PISD/OSBPL1A/CHPT1/PGS1/AGPAT4/TAMM41
s4	Proteases	Proteases	28	0.400968900953222	1.18591033987306	0.243323442136499	0.368909734852111	0.268523323240618	6864	tags=61%, list=38%, signal=38%	LONP1/CLPP/PMPCA/HTRA2/ATP23/USP30/METAP1D/CLPB/AFG1L/IMMP2L/OMA1/MIPEP/SPG7/AFG3L2/PMPCB/LAP3/PITRM1
s1	Tetrahydrobiopterin synthesis	Tetrahydrobiopterin synthesis	3	0.763414634146341	1.24891619405853	0.262425447316103	0.370388059701493	0.261304006284368	4271	tags=100%, list=24%, signal=76%	QDPR/SPR/PCBD2
s1	Vitamin B12 metabolism	Vitamin B12 metabolism	4	0.717129990467936	1.2348836656398	0.260162601626016	0.370388059701493	0.261304006284368	4407	tags=75%, list=24%, signal=57%	MMAB/MMUT/MMAA
s1	Heme-containing proteins	Heme-containing proteins	10	0.567385917883236	1.21477623531603	0.256704980842912	0.370388059701493	0.261304006284368	3180	tags=70%, list=18%, signal=58%	CYCS/CYB5B/CYC1/SDHD/MT-CYB/SDHC/MT-CO1
s1	Nucleotide synthesis and processing	Nucleotide synthesis and processing	24	0.455313399183787	1.17760464156577	0.264	0.370388059701493	0.261304006284368	2927	tags=33%, list=16%, signal=28%	FHIT/SUCLG1/AK4/DHODH/SUCLA2/AK3/SUCLG2/CMPK2
s2	SAM	SAM	3	0.690022172949002	1.18782205525407	0.310126582278481	0.37374229146381	0.20089171321683	5595	tags=100%, list=31%, signal=69%	SAMM50/MTX2/MTX1
s5	Proline metabolism	Proline metabolism	5	0.625055203653615	1.1608367889815	0.313725490196078	0.378237907620085	0.241428451672395	697	tags=20%, list=4%, signal=19%	ALDH4A1
s5	Vitamin A metabolism	Vitamin A metabolism	5	0.623791383934869	1.15848965481545	0.313725490196078	0.378237907620085	0.241428451672395	4026	tags=40%, list=22%, signal=31%	DHRS4/RDH13
s5	Phospholipid metabolism	Phospholipid metabolism	23	0.40415478342314	1.11792518750394	0.314984709480122	0.378237907620085	0.241428451672395	7178	tags=70%, list=40%, signal=42%	PISD/PRDX6/ACP6/SPHK2/CHPT1/AGK/PRELID1/PTPMT1/TRIAP1/OSBPL1A/AGPAT4/STARD7/GPAM/PGS1/TAMM41/PRELID3B
s5	EF hand proteins	EF hand proteins	11	0.478912554761955	1.11322078868633	0.317880794701987	0.378237907620085	0.241428451672395	6071	tags=55%, list=34%, signal=36%	SLC25A25/RHOT2/EFHD1/SLC25A13/SLC25A23/RHOT1
s4	Import motor	Import motor	6	0.596625774330599	1.20703878085748	0.25473321858864	0.380078135671939	0.276652618350236	5521	tags=50%, list=31%, signal=35%	TIMM44/GRPEL1/DNAJC19
s6	fMet processing	fMet processing	3	0.769228525580246	1.26659369465325	0.215885947046843	0.382892057026477	0.270125415371422	2679	tags=67%, list=15%, signal=57%	PDF/METAP1D
s4	Heme-containing proteins	Heme-containing proteins	10	0.508128882832781	1.18725936735361	0.262560777957861	0.383510412239694	0.279150915963943	7186	tags=70%, list=40%, signal=42%	CYC1/CYCS/CYB5B/SDHD/CYP27A1/CYP27B1/CYP11A1
s4	Vitamin D metabolism	Vitamin D metabolism	3	0.71295422708761	1.18078806209428	0.265193370165746	0.383510412239694	0.279150915963943	1210	tags=33%, list=7%, signal=31%	FDXR
s3	mt-mRNA modifications	mt-mRNA modifications	3	0.749286478898548	1.20239049079916	0.269306930693069	0.383558355835584	0.287776146035656	4368	tags=67%, list=24%, signal=51%	PDE12/MTPAP
s3	CIII assembly factors	CIII assembly factors	6	0.624414068082428	1.20535084265409	0.275415896487985	0.383851959061305	0.287996430650699	2300	tags=33%, list=13%, signal=29%	LYRM7/UQCC1
s3	Calcium cycle	Calcium cycle	9	0.560682795649013	1.19878265339901	0.27768014059754	0.383851959061305	0.287996430650699	4343	tags=56%, list=24%, signal=42%	LETM1/MCUB/MICU3/SMDT1/MICU2
s2	TIM23 presequence pathway	TIM23 presequence pathway	6	0.550577137173037	1.153176417056	0.328159645232816	0.390468438631452	0.209882251448037	5742	tags=83%, list=32%, signal=57%	TIMM21/TIMM17A/TIMM23/TIMM50/TIMM17B
s5	Molybdenum cofactor synthesis and proteins	Molybdenum cofactor synthesis and proteins	3	0.693126385809313	1.1455296882387	0.334579439252336	0.393130841121495	0.250934579439252	5539	tags=100%, list=31%, signal=69%	SUOX/MOCS1/ABCB7
s4	mtRNA stability and decay	mtRNA stability and decay	17	0.446855518807897	1.16456403433271	0.277165354330709	0.394750656167979	0.28733250448957	1777	tags=18%, list=10%, signal=16%	LACTB2/TBRG4/FASTK
s5	Itaconate metabolism	Itaconate metabolism	5	0.610516889601931	1.13383659811465	0.345811051693405	0.401311590854075	0.256156334587707	4674	tags=60%, list=26%, signal=44%	SUCLG1/SUCLA2/CLYBL
s4	Serine metabolism	Serine metabolism	5	0.621562759472804	1.17913947307311	0.290613718411552	0.40173072839244	0.292413184160231	3370	tags=60%, list=19%, signal=49%	AGXT/SDSL/SHMT2
s4	Urea cycle	Urea cycle	5	0.621415964933074	1.17886099558457	0.290613718411552	0.40173072839244	0.292413184160231	5626	tags=60%, list=31%, signal=41%	CA5B/NAGS/SLC25A13
s5	Propanoate metabolism	Propanoate metabolism	4	0.643486069741248	1.12611397271937	0.350909090909091	0.402261640798226	0.256762749445676	2643	tags=50%, list=15%, signal=43%	PCCB/PCCA
s6	Lipoate insertion	Lipoate insertion	4	0.709573701424691	1.2542689958941	0.236842105263158	0.412280701754386	0.290858725761773	5243	tags=100%, list=29%, signal=71%	GCSH/LIPT1/LIPT2/LIAS
s5	Iron homeostasis	Iron homeostasis	4	-0.607422664481534	-1.13533279416704	0.373893805309735	0.423375943784107	0.270239964117515	4471	tags=100%, list=25%, signal=75%	SLC25A28/FTH1/SLC25A37
s5	Cardiolipin synthesis	Cardiolipin synthesis	16	0.424387873698917	1.07960517890224	0.378335949764521	0.423375943784107	0.270239964117515	7151	tags=69%, list=40%, signal=42%	HADHA/CRLS1/PLD6/PRELID1/PTPMT1/TRIAP1/AGPAT4/GPAM/TAZ/PGS1/TAMM41
s6	Malate-aspartate shuttle	Malate-aspartate shuttle	6	0.605358248984184	1.22431561015109	0.273622047244095	0.428892744682218	0.302578308118474	2132	tags=50%, list=12%, signal=44%	SLC25A10/MDH2/SLC25A11
s6	Serine metabolism	Serine metabolism	5	0.637289643394264	1.22352165327201	0.270750988142292	0.428892744682218	0.302578308118474	1875	tags=40%, list=10%, signal=36%	AGXT/SDSL
s6	Carnitine shuttle	Carnitine shuttle	5	0.634601606286331	1.21836093609977	0.270750988142292	0.428892744682218	0.302578308118474	1504	tags=60%, list=8%, signal=55%	SLC25A20/CPT2/CPT1B
s6	Carnitine synthesis and transport	Carnitine synthesis and transport	6	0.600987539713209	1.21547600550893	0.281496062992126	0.428892744682218	0.302578308118474	2713	tags=67%, list=15%, signal=57%	SLC25A20/CPT2/CPT1B/TMLHE
s6	TIM23 presequence pathway	TIM23 presequence pathway	6	0.596431254231482	1.20626107955567	0.285433070866142	0.428892744682218	0.302578308118474	5564	tags=67%, list=31%, signal=46%	ROMO1/TIMM17B/TIMM21/TIMM23
s6	CII subunits	CII subunits	4	0.681097736822223	1.20393381653593	0.287449392712551	0.428892744682218	0.302578308118474	5252	tags=75%, list=29%, signal=53%	SDHB/SDHD/SDHA
s6	Glutamate metabolism	Glutamate metabolism	7	0.562036473803816	1.1965135817965	0.28125	0.428892744682218	0.302578308118474	2068	tags=43%, list=11%, signal=38%	GPT2/NAT8L/GLUD2
s6	Heme synthesis and processing	Heme synthesis and processing	13	0.4684845700787	1.17794761071735	0.252336448598131	0.428892744682218	0.302578308118474	4985	tags=62%, list=28%, signal=45%	FDXR/ALAS1/PPOX/COX10/ABCB7/ABCB10/FECH/HCCS
s6	CIII subunits	CIII subunits	10	0.491866847951567	1.15204211540857	0.285444234404537	0.428892744682218	0.302578308118474	4171	tags=60%, list=23%, signal=46%	UQCRQ/CYC1/UQCRC1/UQCRFS1/UQCRC2/UQCR10
s6	Branched-chain amino acid dehydrogenase complex	Branched-chain amino acid dehydrogenase complex	6	-0.567109864314237	-1.1902387420759	0.293522267206478	0.431110829959514	0.304143138717238	7	tags=33%, list=0%, signal=33%	PPM1K/BCKDHA
s3	Branched-chain amino acid dehydrogenase complex	Branched-chain amino acid dehydrogenase complex	6	0.599514647724089	1.15728572233626	0.323475046210721	0.440676149910257	0.330630482015535	1767	tags=50%, list=10%, signal=45%	BCKDHB/DLD/DBT
s6	Vitamin B12 metabolism	Vitamin B12 metabolism	4	0.67270568645033	1.18909971463458	0.305668016194332	0.442042977265649	0.311855627858185	520	tags=25%, list=3%, signal=24%	MMAB
s4	Molybdenum cofactor synthesis and proteins	Molybdenum cofactor synthesis and proteins	3	0.687361419068736	1.13840149499642	0.325966850828729	0.444070782288414	0.323231812415979	5643	tags=100%, list=31%, signal=69%	SUOX/MOCS1/ABCB7
s5	SAM	SAM	3	0.666528210081039	1.1015708943253	0.401869158878505	0.444420010995052	0.28367234744365	4027	tags=67%, list=22%, signal=52%	SAMM50/MTX1
s4	mt-rRNA modifications	mt-rRNA modifications	16	0.431649093080915	1.11329143506186	0.332807570977918	0.446913023884633	0.325300633286687	6264	tags=50%, list=35%, signal=33%	MRM3/RCC1L/MRM1/TRMT61B/RPUSD4/METTL15/TFB1M/METTL17
s2	Urea cycle	Urea cycle	5	0.555344767215893	1.09177087965314	0.387387387387387	0.449560671782894	0.241645153925856	2095	tags=60%, list=12%, signal=53%	CA5B/SLC25A13/SLC25A15
s2	Carnitine shuttle	Carnitine shuttle	5	0.554120556528703	1.08936416285714	0.387387387387387	0.449560671782894	0.241645153925856	1171	tags=60%, list=6%, signal=56%	SLC25A20/CPT2/CPT1B
s3	TOM	TOM	8	0.546865233037369	1.13109405248292	0.335689045936396	0.450782433114589	0.338213023725391	6205	tags=88%, list=34%, signal=57%	TOMM40L/TOMM70/TOMM5/TOMM40/TOMM34/TOMM22/TOMM20
s1	Calcium cycle	Calcium cycle	9	0.551570108305665	1.15574539342651	0.326959847036329	0.451973906197278	0.318861770329547	1501	tags=22%, list=8%, signal=20%	LETM1/MCUB
s1	Eicosanoid metabolism	Eicosanoid metabolism	3	0.725055432372506	1.1861620547695	0.333996023856859	0.455009075978909	0.321003043523754	4963	tags=100%, list=28%, signal=73%	MGST3/PTGES2/ZADH2
s1	MIA40	MIA40	3	0.712609568151957	1.16580111239448	0.353876739562624	0.455676897518996	0.32147418302012	2485	tags=67%, list=14%, signal=57%	AIFM1/CHCHD4
s1	Vitamin A metabolism	Vitamin A metabolism	5	0.632033017192182	1.165162815199	0.34251968503937	0.455676897518996	0.32147418302012	2498	tags=20%, list=14%, signal=17%	RDH13
s1	CIII assembly factors	CIII assembly factors	6	0.601716360508247	1.13847550418604	0.349019607843137	0.455676897518996	0.32147418302012	3695	tags=50%, list=20%, signal=40%	UQCC1/LYRM7/TTC19
s1	Heme synthesis and processing	Heme synthesis and processing	13	0.482941229451726	1.11749326236574	0.353046594982079	0.455676897518996	0.32147418302012	4143	tags=46%, list=23%, signal=36%	ALAS1/COX10/ABCB10/FECH/HCCS/ABCB7
s3	Selenoproteins	Selenoproteins	5	0.611471263229194	1.13159766566932	0.347985347985348	0.460712995924264	0.345663725945416	2477	tags=40%, list=14%, signal=35%	TXNRD2/GPX4
s1	Iron homeostasis	Iron homeostasis	4	-0.636257253653562	-1.11744189549081	0.362745098039216	0.46078431372549	0.325077399380805	2492	tags=75%, list=14%, signal=65%	FTH1/SLC25A28/SLC25A37
s4	SAM	SAM	3	0.682039911308204	1.12958806406741	0.351749539594843	0.461166390270868	0.335675424049344	5739	tags=100%, list=32%, signal=68%	SAMM50/MTX2/MTX1
s4	mtDNA repair	mtDNA repair	9	0.485015340847446	1.10722693321174	0.353233830845771	0.461166390270868	0.335675424049344	6779	tags=67%, list=38%, signal=42%	RECQL4/POLG/OGG1/POLB/APEX1/UNG
s4	MIA40	MIA40	3	0.675776053215078	1.1192139214114	0.36279926335175	0.461703400817792	0.336066305186523	5852	tags=100%, list=32%, signal=68%	AIFM1/CHCHD4/GFER
s4	Propanoate metabolism	Propanoate metabolism	4	0.630857729815805	1.11369025455413	0.363468634686347	0.461703400817792	0.336066305186523	5485	tags=75%, list=30%, signal=52%	PCCB/PCCA/MMUT
s6	Coenzyme A metabolism	Coenzyme A metabolism	5	0.604299821810357	1.1601850504198	0.326086956521739	0.464426877470356	0.327647181194092	3071	tags=60%, list=17%, signal=50%	NUDT8/COASY/SLC25A42
s1	Catechol metabolism	Catechol metabolism	3	0.691268382206282	1.13088777495529	0.375745526838966	0.464737888458721	0.327866595441203	2472	tags=67%, list=14%, signal=58%	MAOB/MAOA
s1	Cholesterol, bile acid, steroid synthesis	Cholesterol, bile acid, steroid synthesis	12	0.485340974891244	1.09311779200147	0.371323529411765	0.464737888458721	0.327866595441203	2548	tags=42%, list=14%, signal=36%	STAR/HSD17B10/HSD17B8/OSBPL1A/SCP2
s3	Copper metabolism	Copper metabolism	7	0.553267652981772	1.12088466039821	0.35650623885918	0.465438700732818	0.349209327537501	5360	tags=71%, list=30%, signal=50%	SCO1/COX17/SCO2/CHCHD7/SLC25A3
s6	GABA metabolism	GABA metabolism	7	0.530702131863276	1.12980622834884	0.33984375	0.469784007352941	0.331426567337461	2631	tags=57%, list=15%, signal=49%	ALDH5A1/ALDH9A1/GLUD2/AKR7A2
s6	mtRNA stability and decay	mtRNA stability and decay	17	0.410520862766652	1.10027033633285	0.335154826958106	0.469784007352941	0.331426567337461	4881	tags=41%, list=27%, signal=30%	LACTB2/TBRG4/FASTK/FASTKD5/ENDOG/SUPV3L1/LRPPRC
s4	Heme synthesis and processing	Heme synthesis and processing	13	0.433607184622654	1.07566515112584	0.375198728139905	0.470249072602014	0.342286559004825	6581	tags=62%, list=36%, signal=39%	FDXR/ALAS1/PPOX/COX10/HCCS/ABCB7/FECH/ABCB10
s3	Eicosanoid metabolism	Eicosanoid metabolism	3	0.694523720931886	1.11451192728118	0.37029702970297	0.476820832768208	0.357749113051175	3748	tags=67%, list=21%, signal=53%	MGST3/ZADH2
s6	Molybdenum cofactor synthesis and proteins	Molybdenum cofactor synthesis and proteins	3	0.693847006651885	1.14247224908409	0.358452138492872	0.477266859814693	0.336705623385505	5526	tags=100%, list=31%, signal=69%	MOCS1/ABCB7/SUOX
s6	Glycine cleavage system	Glycine cleavage system	3	0.693663954943207	1.14217084042295	0.358452138492872	0.477266859814693	0.336705623385505	3961	tags=67%, list=22%, signal=52%	GCSH/DLD
s6	SAM	SAM	3	0.693237250554324	1.14146823895867	0.360488798370672	0.477266859814693	0.336705623385505	5537	tags=100%, list=31%, signal=69%	SAMM50/MTX2/MTX1
s4	Branched-chain amino acid dehydrogenase complex	Branched-chain amino acid dehydrogenase complex	6	-0.490016162898567	-1.0529001147017	0.387173396674584	0.478872359044881	0.348563307255512	64	tags=33%, list=0%, signal=33%	PPM1K/BCKDHA
s1	Glycine cleavage system	Glycine cleavage system	3	0.679509666465622	1.11165098035774	0.393638170974155	0.480545299630787	0.33901852045621	1359	tags=67%, list=8%, signal=62%	GCSH/DLD
s1	Copper metabolism	Copper metabolism	7	0.529438540558008	1.04963464560796	0.409615384615385	0.493639053254438	0.348255995017129	5037	tags=71%, list=28%, signal=52%	SCO1/COX17/SCO2/COX11/CHCHD7
s5	Import motor	Import motor	6	0.519230292674475	1.03286832943741	0.451669595782074	0.493685372133895	0.315118322638656	2887	tags=33%, list=16%, signal=28%	GRPEL1/TIMM44
s3	Molybdenum cofactor synthesis and proteins	Molybdenum cofactor synthesis and proteins	3	0.687687770931858	1.1035421827214	0.39009900990099	0.495531174739096	0.371787107587003	3239	tags=67%, list=18%, signal=55%	SUOX/ABCB7
s6	Cardiolipin synthesis	Cardiolipin synthesis	16	-0.388924098377647	-1.07972036532373	0.383947939262473	0.501265365148229	0.353636259847015	26	tags=19%, list=0%, signal=19%	PLD6/CRLS1/PLSCR3
s3	Heme-containing proteins	Heme-containing proteins	10	0.481732445890705	1.06120100984493	0.413675213675214	0.518472934472935	0.388999850052482	4471	tags=60%, list=25%, signal=45%	CYCS/CYB5B/CYC1/SDHC/SDHD/MT-CYB
s4	Phospholipid metabolism	Phospholipid metabolism	23	0.36913835725331	1.04074376811533	0.424886191198786	0.518692233411505	0.377547538317445	6579	tags=52%, list=36%, signal=33%	SPHK2/PISD/ACP6/GPAT2/PRDX6/AGPAT4/TAMM41/GPAM/PRELID3A/AGK/PGS1/CHPT1
s1	Cardiolipin synthesis	Cardiolipin synthesis	16	0.435105625868781	1.03953125403651	0.43705035971223	0.520034605227211	0.366877717013598	4596	tags=56%, list=25%, signal=42%	HADHA/GPAM/PLD6/PTPMT1/AGPAT4/CRLS1/PNPLA8/PRELID1/TAMM41
s4	Tetrahydrobiopterin synthesis	Tetrahydrobiopterin synthesis	3	0.644235033259424	1.06697598184261	0.440147329650092	0.530433961373188	0.38609414881587	6421	tags=100%, list=36%, signal=64%	QDPR/SPR/PCBD2
s1	Vitamin B2 metabolism	Vitamin B2 metabolism	3	0.643039244636485	1.05198681046992	0.453280318091451	0.532604373757455	0.375745526838966	4259	tags=67%, list=24%, signal=51%	FLAD1/RFK
s6	Import motor	Import motor	6	0.532221743727329	1.07639961956515	0.417322834645669	0.537374608995793	0.379110866368813	2189	tags=33%, list=12%, signal=29%	TIMM44/GRPEL1
s4	MICOS complex	MICOS complex	7	0.479377667892773	1.01256090533436	0.451939291736931	0.537750549661665	0.391419772990013	4448	tags=71%, list=25%, signal=54%	MICOS13/CHCHD6/APOO/CHCHD3/IMMT
s3	TIM23 presequence pathway	TIM23 presequence pathway	6	0.546820187165356	1.05556586097451	0.438077634011091	0.54183286311898	0.40652633627068	6715	tags=83%, list=37%, signal=52%	TIMM21/TIMM17B/TIMM50/TIMM23/TIMM17A
s4	CV subunits	CV subunits	21	0.358448269184588	0.990911262323656	0.461300309597523	0.54202786377709	0.394533159524198	6644	tags=62%, list=37%, signal=39%	ATP5F1D/ATP5F1B/ATP5MC3/ATP5IF1/ATP5F1A/ATP5PB/MT-ATP6/ATP5ME/ATP5MG/ATP5F1C/ATP5F1E/ATP5PF/ATP5PO
s1	TIM22 carrier pathway	TIM22 carrier pathway	3	0.621917649611528	1.01743271510533	0.483101391650099	0.560636182902585	0.395521607198912	4357	tags=67%, list=24%, signal=51%	AGK/TIMM22
s4	fMet processing	fMet processing	3	0.623565299435564	1.03274296376292	0.484346224677716	0.56208080394698	0.409129364575069	451	tags=33%, list=2%, signal=33%	PDF
s3	Nucleotide synthesis and processing	Nucleotide synthesis and processing	24	0.37260139990308	1.00340645260269	0.4625	0.56461038961039	0.423615857826384	4541	tags=38%, list=25%, signal=28%	AK4/FHIT/SUCLA2/SUCLG1/AK3/TK2/DHODH/SUCLG2/NME6
s5	mtDNA repair	mtDNA repair	9	0.431160558011285	0.959782557749531	0.523489932885906	0.565609812543393	0.361027539921315	6359	tags=56%, list=35%, signal=36%	POLG/UNG/APEX1/RECQL4/OGG1
s6	EF hand proteins	EF hand proteins	11	0.429571381702911	1.02139550110999	0.446096654275093	0.566663317592686	0.399773673105702	4321	tags=36%, list=24%, signal=28%	RHOT2/SLC25A25/RHOT1/SLC25A13
s2	Selenoproteins	Selenoproteins	5	-0.522093793057243	-0.996397790631463	0.50179211469534	0.570418593690164	0.306607978691242	4704	tags=60%, list=26%, signal=44%	TXNRD1/SELENOO/GPX1
s2	Cardiolipin synthesis	Cardiolipin synthesis	16	0.354373561089646	0.963078954895521	0.503667481662592	0.570418593690164	0.306607978691242	4424	tags=50%, list=25%, signal=38%	HADHA/GPAM/PNPLA8/PTPMT1/CRLS1/PRELID1/PLD6/TRIAP1
s4	CV assembly factors	CV assembly factors	5	0.519797761224473	0.986085554409126	0.5	0.573170731707317	0.417201540436457	4754	tags=40%, list=26%, signal=29%	ATPAF2/ATPAF1
s6	Tetrahydrobiopterin synthesis	Tetrahydrobiopterin synthesis	3	0.647912985796306	1.06683836493782	0.470468431771894	0.581895165612606	0.410519545728938	3858	tags=67%, list=21%, signal=52%	QDPR/SPR
s6	CII assembly factors	CII assembly factors	4	0.581628693386551	1.02810861757194	0.469635627530364	0.581895165612606	0.410519545728938	7551	tags=100%, list=42%, signal=58%	SDHAF1/SDHAF3/SDHAF2/SDHAF4
s3	Vitamin B2 metabolism	Vitamin B2 metabolism	3	0.64440133037694	1.03407982624022	0.485148514851485	0.584666158923585	0.438663299528333	6418	tags=100%, list=36%, signal=64%	SLC25A32/FLAD1/RFK
s3	Vitamin D metabolism	Vitamin D metabolism	3	0.637583148558758	1.02313859453033	0.500990099009901	0.588663366336634	0.44166232412715	6541	tags=100%, list=36%, signal=64%	FDX1/CYP27B1/FDXR
s3	CII assembly factors	CII assembly factors	4	0.570011525641191	1.00185025075724	0.49811320754717	0.588663366336634	0.44166232412715	2654	tags=25%, list=15%, signal=21%	SDHAF4
s6	MIA40	MIA40	3	0.631106132708993	1.03916459382891	0.490835030549898	0.591519139380646	0.417309135285339	4150	tags=67%, list=23%, signal=51%	AIFM1/CHCHD4
s6	mtDNA replication	mtDNA replication	14	0.38194194088017	0.983130574539258	0.485981308411215	0.591519139380646	0.417309135285339	4211	tags=29%, list=23%, signal=22%	POLRMT/TOP1MT/POLG/TFB2M
s5	Vitamin D metabolism	Vitamin D metabolism	3	0.576451354261398	0.952700912346312	0.566355140186916	0.604970263381478	0.386151231945624	1603	tags=33%, list=9%, signal=30%	FDXR
s4	mtDNA replication	mtDNA replication	14	0.372535954480578	0.938602769259487	0.5421875	0.614043674698795	0.446952282815473	3541	tags=21%, list=20%, signal=17%	POLRMT/TOP1MT/POLG
s4	mt-mRNA modifications	mt-mRNA modifications	3	-0.56792113421371	-0.967748917176032	0.549019607843137	0.61437908496732	0.447196422428621	6861	tags=100%, list=38%, signal=62%	MTPAP/ANGEL2
s1	Urea cycle	Urea cycle	5	0.52653756728253	0.970680292824641	0.53740157480315	0.616045707701172	0.434612313383805	1244	tags=40%, list=7%, signal=37%	CA5B/SLC25A13
s2	Proline metabolism	Proline metabolism	5	-0.502031861805476	-0.958110294704712	0.559139784946237	0.625704045058884	0.336324682674428	4267	tags=40%, list=24%, signal=31%	ALDH18A1/PYCR1
s6	MICOS complex	MICOS complex	7	0.444505331153289	0.946302759154224	0.52734375	0.62697628458498	0.442323694612024	4258	tags=71%, list=24%, signal=55%	CHCHD6/MICOS13/CHCHD3/APOO/IMMT
s6	Vitamin A metabolism	Vitamin A metabolism	5	0.489088344940147	0.938992476340978	0.533596837944664	0.62697628458498	0.442323694612024	1306	tags=20%, list=7%, signal=19%	DHRS4
s3	TIM22 carrier pathway	TIM22 carrier pathway	3	0.611585365853659	0.981419589067387	0.552475247524753	0.628768781882059	0.471752613506136	7010	tags=100%, list=39%, signal=61%	AGK/TIMM22/TIMM29
s3	MICOS complex	MICOS complex	7	0.461788685737513	0.93555415972544	0.552584670231729	0.628768781882059	0.471752613506136	4847	tags=57%, list=27%, signal=42%	APOO/IMMT/CHCHD3/APOOL
s3	Cardiolipin synthesis	Cardiolipin synthesis	16	0.375153771182223	0.915195121432509	0.555189456342669	0.628768781882059	0.471752613506136	2505	tags=25%, list=14%, signal=22%	HADHA/GPAM/CRLS1/PNPLA8
s6	Heme-containing proteins	Heme-containing proteins	10	-0.378434592830223	-0.937584698424675	0.549682875264271	0.637903583640018	0.450032763374257	1559	tags=30%, list=9%, signal=27%	MT-CYB/MT-CO1/CYP27B1
s3	fMet processing	fMet processing	3	0.603343849502161	0.9681943125278	0.57029702970297	0.638189533239038	0.478820814412268	5931	tags=67%, list=33%, signal=45%	METAP1D/PDF
s2	mtDNA replication	mtDNA replication	14	0.342579890510909	0.910038016923142	0.580645161290323	0.638749877342753	0.343337000139442	3780	tags=29%, list=21%, signal=23%	SSBP1/TFAM/TWNK/TFB2M
s2	mtDNA stability and decay	mtDNA stability and decay	3	0.527946907098004	0.908821491306669	0.584388185654008	0.638749877342753	0.343337000139442	6278	tags=67%, list=35%, signal=43%	ENDOG/MGME1
s4	Proline metabolism	Proline metabolism	5	0.488287600601282	0.926309009518965	0.583032490974729	0.644765342960289	0.469314079422383	615	tags=20%, list=3%, signal=19%	ALDH4A1
s3	MIA40	MIA40	3	0.592501998915398	0.950796243277502	0.592079207920792	0.647156343541331	0.485548432444224	4763	tags=67%, list=26%, signal=49%	AIFM1/CHCHD4
s3	Import motor	Import motor	6	0.469317286371722	0.905956504691704	0.587800369685767	0.647156343541331	0.485548432444224	4224	tags=50%, list=23%, signal=38%	GRPEL1/GRPEL2/TIMM44
s6	CV assembly factors	CV assembly factors	5	0.474872815254292	0.911700320311677	0.565217391304348	0.647932131495228	0.457107774739075	3141	tags=40%, list=17%, signal=33%	ATPAF2/ATPAF1
s6	Urea cycle	Urea cycle	5	0.464155061739067	0.891123485843652	0.594861660079051	0.673698747559408	0.47528579055143	4321	tags=40%, list=24%, signal=30%	CA5B/SLC25A13
s4	Cardiolipin synthesis	Cardiolipin synthesis	16	0.341894230318248	0.881799416265705	0.6198738170347	0.677536497689091	0.4931676634915	6059	tags=56%, list=34%, signal=37%	HADHA/PLD6/TAZ/GPAT2/AGPAT4/TAMM41/GPAM/PRELID3A/PGS1
s6	mtDNA stability and decay	mtDNA stability and decay	3	0.53317830127375	0.877918917541249	0.631364562118126	0.697567713088466	0.492125038349086	4176	tags=33%, list=23%, signal=26%	ENDOG
s6	TIM22 carrier pathway	TIM22 carrier pathway	3	0.530684576226162	0.873812808216856	0.639511201629328	0.697567713088466	0.492125038349086	5132	tags=67%, list=28%, signal=48%	AGK/TIMM22
s6	Catechol metabolism	Catechol metabolism	3	0.52374407941668	0.862384748538465	0.645621181262729	0.697567713088466	0.492125038349086	1954	tags=33%, list=11%, signal=30%	COMT
s6	Proline metabolism	Proline metabolism	5	0.443609055112042	0.851677553751384	0.642292490118577	0.697567713088466	0.492125038349086	1364	tags=20%, list=8%, signal=18%	ALDH4A1
s4	EF hand proteins	EF hand proteins	11	0.348651675315446	0.835701336373299	0.652380952380952	0.704871373836891	0.513064269870078	5626	tags=45%, list=31%, signal=31%	RHOT2/SLC25A25/SLC25A23/RHOT1/SLC25A13
s6	Cytochromes	Cytochromes	4	0.480564197609029	0.849463237416361	0.661943319838057	0.707075818917924	0.498832884566957	4148	tags=75%, list=23%, signal=58%	CYC1/CYCS/CYB5B
s6	CV subunits	CV subunits	21	0.302710387914396	0.841401835852787	0.674502712477396	0.712396123290733	0.502586290787415	2801	tags=24%, list=16%, signal=20%	ATP5F1D/ATP5IF1/ATP5F1B/ATP5MC3/ATP5F1A
s1	mt-mRNA modifications	mt-mRNA modifications	3	0.537558761439415	0.879424905406037	0.636182902584493	0.718128983877015	0.506630750103605	3982	tags=67%, list=22%, signal=52%	MTPAP/PDE12
s1	Selenoproteins	Selenoproteins	5	0.463588242160137	0.854632221158501	0.641732283464567	0.718128983877015	0.506630750103605	2287	tags=40%, list=13%, signal=35%	TXNRD2/GPX4
s5	Vitamin B2 metabolism	Vitamin B2 metabolism	3	0.508896134179657	0.841052428341803	0.689719626168224	0.724870185228242	0.462683096954197	5892	tags=67%, list=33%, signal=45%	FLAD1/SLC25A32
s5	mtDNA replication	mtDNA replication	14	0.328163973899024	0.817253160770945	0.701923076923077	0.724870185228242	0.462683096954197	6221	tags=43%, list=34%, signal=28%	POLRMT/POLG/TFB2M/TWNK/TOP1MT/SSBP1
s5	Urea cycle	Urea cycle	5	0.438316145050041	0.814029710343161	0.709447415329768	0.724870185228242	0.462683096954197	4790	tags=60%, list=27%, signal=44%	CA5B/SLC25A13/SLC25A15
s5	Branched-chain amino acid dehydrogenase complex	Branched-chain amino acid dehydrogenase complex	6	0.406904742499059	0.809427006772604	0.695957820738137	0.724870185228242	0.462683096954197	4388	tags=50%, list=24%, signal=38%	BCKDHB/DLD/BCKDK
s4	Vitamin A metabolism	Vitamin A metabolism	5	0.447291788891098	0.848537651628811	0.67870036101083	0.724975385625205	0.527697649111292	4406	tags=40%, list=24%, signal=30%	DHRS4/RDH13
s1	Proline metabolism	Proline metabolism	5	0.447605740099452	0.825168227049964	0.661417322834646	0.731449745252432	0.516028375710002	992	tags=20%, list=5%, signal=19%	ALDH4A1
s3	Urea cycle	Urea cycle	5	0.439296306458631	0.812968171718337	0.684981684981685	0.740095153888257	0.555278558908323	4176	tags=80%, list=23%, signal=62%	CA5B/SLC25A13/SLC25A15/CPS1
s3	Proline metabolism	Proline metabolism	5	0.433586460835396	0.802401447871882	0.695970695970696	0.743423243423243	0.557775557775558	1023	tags=20%, list=6%, signal=19%	ALDH4A1
s4	Catechol metabolism	Catechol metabolism	3	0.513650249006977	0.850702694613051	0.70902394106814	0.748856746746125	0.545080498751379	1605	tags=33%, list=9%, signal=30%	COMT
s2	fMet processing	fMet processing	3	0.468539559819425	0.806556143745367	0.694092827004219	0.749939376303409	0.403102912234755	4605	tags=67%, list=26%, signal=50%	METAP1D/MTFMT
s2	Catechol metabolism	Catechol metabolism	3	0.458962683691141	0.790070260926567	0.708860759493671	0.754079573482149	0.405328326171816	2337	tags=67%, list=13%, signal=58%	MAOA/MAOB
s2	Import motor	Import motor	6	0.368975703513793	0.772814653989216	0.713968957871397	0.754079573482149	0.405328326171816	2834	tags=33%, list=16%, signal=28%	GRPEL1/GRPEL2
s1	CII assembly factors	CII assembly factors	4	0.458844142401487	0.790120541683624	0.695121951219512	0.759784458309699	0.536018150879183	2031	tags=25%, list=11%, signal=22%	SDHAF4
s1	TIM23 presequence pathway	TIM23 presequence pathway	6	0.422286876829799	0.798986526814513	0.703921568627451	0.760558936218166	0.536564535069926	4627	tags=67%, list=26%, signal=50%	TIMM21/TIMM17A/TIMM17B/TIMM23
s3	Glycine cleavage system	Glycine cleavage system	3	-0.47664868502535	-0.802204570492497	0.722334004024145	0.762914566047973	0.572399506441368	267	tags=33%, list=1%, signal=33%	GLDC
s5	Glycine cleavage system	Glycine cleavage system	3	0.457933318505346	0.756826204169146	0.762616822429907	0.77081700331625	0.492010853180585	3681	tags=67%, list=20%, signal=53%	GCSH/DLD
s6	Vitamin D metabolism	Vitamin D metabolism	3	0.462553316950093	0.76162947057638	0.75152749490835	0.784928716904277	0.553757101511416	1219	tags=33%, list=7%, signal=31%	FDXR
s1	mtDNA replication	mtDNA replication	14	0.319522659493517	0.748357605432115	0.752212389380531	0.790501089324619	0.557688338493292	4738	tags=36%, list=26%, signal=26%	TFAM/TWNK/TFB2M/POLRMT/POLG
s1	fMet processing	fMet processing	3	0.451277688198696	0.738272476841997	0.745526838966203	0.790501089324619	0.557688338493292	2322	tags=33%, list=13%, signal=29%	METAP1D
s1	Import motor	Import motor	6	0.38962785466915	0.7371941289991	0.756862745098039	0.790501089324619	0.557688338493292	3088	tags=33%, list=17%, signal=28%	GRPEL1/TIMM44
s4	Vitamin B2 metabolism	Vitamin B2 metabolism	3	-0.435738329795808	-0.74250678734788	0.77124183006536	0.805519244734931	0.586324198295303	1449	tags=67%, list=8%, signal=61%	RFK/SLC25A32
s2	Vitamin D metabolism	Vitamin D metabolism	3	0.415986895800275	0.716090625633798	0.782700421940928	0.817487107360525	0.439410763194907	2399	tags=33%, list=13%, signal=29%	FDX1
s4	TIM22 carrier pathway	TIM22 carrier pathway	3	0.459980504291267	0.761815369945894	0.793738489871087	0.81990569283387	0.59679585704593	6343	tags=67%, list=35%, signal=43%	AGK/TIMM22
s2	EF hand proteins	EF hand proteins	11	-0.318509677842276	-0.760551783847326	0.795698924731183	0.821930757414628	0.441799287300136	2247	tags=18%, list=12%, signal=16%	RHOT2/EFHD1
s4	Glycine cleavage system	Glycine cleavage system	3	0.442239089155899	0.732432205640836	0.804788213627993	0.822283609576427	0.598526703499079	5057	tags=67%, list=28%, signal=48%	GCSH/DLD
s6	CIV subunits	CIV subunits	16	0.273957086120458	0.730242251147642	0.817005545286506	0.843939794032216	0.595388656484094	3088	tags=25%, list=17%, signal=21%	COX6A1/COX8A/COX5B/COX4I1
s1	Serine metabolism	Serine metabolism	5	0.356000050245291	0.656291695958446	0.830708661417323	0.858094661244268	0.605374733016673	1311	tags=20%, list=7%, signal=19%	AGXT
s3	Catechol metabolism	Catechol metabolism	3	0.423520719952773	0.679629621872006	0.841584158415842	0.878987898789879	0.659487001331712	2149	tags=33%, list=12%, signal=29%	MAOA
s6	Vitamin B2 metabolism	Vitamin B2 metabolism	3	0.37956876573128	0.624989049905432	0.873727087576375	0.8927211546976	0.62980327823011	3720	tags=33%, list=21%, signal=26%	FLAD1
s5	mt-mRNA modifications	mt-mRNA modifications	3	-0.346064301552106	-0.593923676804133	0.910064239828694	0.910064239828694	0.580892067975762	11801	tags=67%, list=65%, signal=23%	MTPAP/ANGEL2
s6	mt-mRNA modifications	mt-mRNA modifications	3	-0.346840354767184	-0.597137124964259	0.909980430528376	0.919765166340509	0.648882480173035	11787	tags=67%, list=65%, signal=23%	ANGEL2/MTPAP
s3	mtDNA replication	mtDNA replication	14	0.272339009373787	0.643443006756393	0.903814262023217	0.926646577701248	0.695244352810567	13133	tags=100%, list=73%, signal=27%	TFAM/TFB2M/POLRMT/POLG/TWNK/LIG3/TOP1MT/SSBP1/TOP3A/RNASEH1/MGME1/DNA2/EXOG/POLG2
s3	mtDNA stability and decay	mtDNA stability and decay	3	0.363259610183307	0.582927776326464	0.906930693069307	0.926646577701248	0.695244352810567	2940	tags=33%, list=16%, signal=28%	ENDOG
s6	TOM	TOM	8	0.258902140341899	0.572813626328918	0.946257197696737	0.946257197696737	0.667572267132077	4612	tags=38%, list=26%, signal=28%	TOMM34/TOMM40/TOMM40L
s4	mtDNA stability and decay	mtDNA stability and decay	3	0.325277161862528	0.538720965535401	0.955801104972376	0.966078536208638	0.703192663533723	12175	tags=100%, list=67%, signal=33%	ENDOG/MGME1/EXOG
s1	Vitamin D metabolism	Vitamin D metabolism	3	0.325332594235033	0.532231276715764	0.946322067594433	0.966894286455182	0.682131467487978	12174	tags=100%, list=67%, signal=33%	FDX1/FDXR/CYP27B1
s2	Iron homeostasis	Iron homeostasis	4	-0.300493681763455	-0.542944458992542	0.96078431372549	0.981670929241262	0.527661865661596	5693	tags=50%, list=32%, signal=34%	SLC25A28/SLC25A37
s3	mtDNA repair	mtDNA repair	9	-0.214379695295017	-0.490553004471219	0.979214780600462	0.983516483516483	0.737912703198257	1819	tags=44%, list=10%, signal=40%	OGG1/PRIMPOL/EXOG/RECQL4
s3	Vitamin A metabolism	Vitamin A metabolism	5	0.255296169044017	0.472454825462902	0.983516483516483	0.983516483516483	0.737912703198257	5026	tags=40%, list=28%, signal=29%	RDH13/DHRS4
s2	mtDNA repair	mtDNA repair	9	-0.228085436639553	-0.515465373759379	0.980530973451327	0.991074317251879	0.532716318343675	2208	tags=56%, list=12%, signal=49%	EXOG/LIG3/OGG1/PRIMPOL/RECQL4
s4	TOM	TOM	8	0.202904425287285	0.448526516927331	0.995024875621891	0.995024875621891	0.724262227496337	4103	tags=25%, list=23%, signal=19%	TOMM40/TOMM40L
s1	mtDNA stability and decay	mtDNA stability and decay	3	0.258195246645706	0.422397227327637	0.99403578528827	1	0.70548712206047	3185	tags=33%, list=18%, signal=27%	ENDOG
s1	mtDNA repair	mtDNA repair	9	-0.182155927692137	-0.409074848211633	1	1	0.70548712206047	14759	tags=44%, list=82%, signal=8%	OGG1/EXOG/PRIMPOL/RECQL4
s2	Vitamin B2 metabolism	Vitamin B2 metabolism	3	-0.269817700675147	-0.438994465239645	1	1	0.537513997760358	3834	tags=100%, list=21%, signal=79%	FLAD1/SLC25A32
