"p_val"	"avg_log2FC"	"pct.1"	"pct.2"	"p_val_adj"	"cluster"	"gene"
1.81429627465234e-248	0.877866678707645	1	1	6.64050579485502e-244	"0"	"FTH1"
4.21826597959845e-246	2.26391466022291	0.869	0.476	1.54392753119283e-241	"0"	"CFB"
1.10420901473037e-208	0.902784862039352	0.999	0.979	4.04151541481462e-204	"0"	"FBLN2"
1.42792831107547e-208	0.7028966699154	1	0.999	5.22636041136734e-204	"0"	"CTSB"
4.44275244443576e-206	0.934341759783132	0.998	0.984	1.62609182218793e-201	"0"	"C1S"
2.81187880637787e-204	0.774114154102282	1	0.998	1.02917576192236e-199	"0"	"ITM2B"
6.22549101750446e-186	1.57901639342035	0.99	0.926	2.27859196731681e-181	"0"	"CLU"
7.58363332694043e-186	0.780430863397674	1	0.998	2.77568563399347e-181	"0"	"PSAP"
3.65460520893393e-181	1.69388453316417	0.959	0.873	1.33762205252191e-176	"0"	"SOD2"
3.22079547817058e-179	0.814775157002408	0.998	0.984	1.17884335296521e-174	"0"	"CTSD"
4.93181083965475e-175	0.570014327849635	0.999	0.998	1.80509208542204e-170	"0"	"GPX4"
1.48207486846224e-171	1.51708899147984	0.865	0.556	5.42454222605865e-167	"0"	"PTGES"
6.42527645018865e-170	0.775890582246505	0.999	0.997	2.35171543353355e-165	"0"	"CST3"
7.94472909213132e-168	0.500169121209651	1	1	2.90785029501098e-163	"0"	"B2M"
3.76485395659195e-167	0.635138955093312	1	1	1.37797419665222e-162	"0"	"FTL"
4.42869258833792e-167	1.00536161784003	0.993	0.98	1.62094577425756e-162	"0"	"SQSTM1"
6.41542772198505e-166	0.700942426822748	0.998	0.985	2.34811070052375e-161	"0"	"GRN"
5.03396962667596e-154	0.61031492487611	1	0.993	1.84248322305967e-149	"0"	"RAB13"
2.87194752780574e-150	0.893376775012517	0.997	0.988	1.05116151465218e-145	"0"	"ISLR"
9.51723897915881e-149	2.04617703528413	0.765	0.409	3.48340463876192e-144	"0"	"MGP"
3.00996189306294e-145	1.92386054670735	0.735	0.376	1.10167615247997e-140	"0"	"CXCL6"
4.48018548732458e-145	1.2604915167255	0.944	0.772	1.63979269021567e-140	"0"	"CRLF1"
2.12578702678833e-140	1.51593031370884	0.839	0.538	7.78059309674798e-136	"0"	"AKR1C1"
9.72769551765924e-137	0.756903320801131	0.996	0.976	3.56043383641846e-132	"0"	"TKT"
4.2222142734169e-136	0.575176913748747	0.994	0.987	1.54537264621332e-131	"0"	"TMEM59"
1.3365279902791e-135	0.621790657697794	1	1	4.89182609722052e-131	"0"	"MMP2"
1.65428010929346e-132	0.740810834807724	0.997	0.982	6.05483062802498e-128	"0"	"PNRC1"
2.32887798428207e-129	0.507892962765573	1	0.992	8.52392631027079e-125	"0"	"CRTAP"
2.80088366207534e-128	1.75168263792892	0.648	0.302	1.02515142915619e-123	"0"	"RARRES1"
1.65080814465955e-127	0.876832698181604	0.971	0.845	6.04212289026842e-123	"0"	"SERPING1"
1.23487188452328e-126	1.47766492519139	0.88	0.73	4.51975458454367e-122	"0"	"PLPP1"
4.51202939197576e-126	0.624065857657369	1	0.998	1.65144787775705e-121	"0"	"HTRA1"
2.70536372059351e-125	1.78520273605621	0.723	0.419	9.90190175374432e-121	"0"	"AKR1C2"
3.48808685996515e-124	1.14505385320178	0.862	0.577	1.27667467161584e-119	"0"	"COL14A1"
1.54212747978226e-121	0.886958410029364	0.998	0.999	5.64434078875105e-117	"0"	"IGFBP6"
1.82603450811368e-121	0.747826104790897	1	0.997	6.68346890314688e-117	"0"	"DCN"
3.45582515417606e-121	1.45940673210803	0.656	0.306	1.26486656467998e-116	"0"	"CPZ"
5.77666014079006e-120	1.19783660006418	0.839	0.616	2.11431537813057e-115	"0"	"CTSF"
1.99717719278519e-119	0.599959343732146	0.992	0.985	7.30986824331307e-115	"0"	"CTSA"
9.06286856185765e-116	0.986875106391628	0.942	0.886	3.31710052232552e-111	"0"	"NBL1"
1.27967344694529e-115	0.900291020064898	0.928	0.795	4.68373278316447e-111	"0"	"EPHX1"
5.32379561868263e-111	0.770246202152442	1	1	1.94856243439403e-106	"0"	"TIMP1"
6.46776083569994e-110	1.45221409597908	0.81	0.562	2.36726514347453e-105	"0"	"CFD"
1.91471664255564e-109	0.540217600520399	1	0.997	7.00805438341791e-105	"0"	"LY6E"
1.9050963556951e-107	2.52726173936023	0.293	0.066	6.97284317147963e-103	"0"	"SGCA"
3.86371657510814e-107	2.21635318255314	0.42	0.143	1.41415890365533e-102	"0"	"TNFRSF21"
4.85390312730886e-107	1.90283241950383	0.574	0.255	1.77657708362632e-102	"0"	"CXCL1"
6.63254792809369e-107	1.30052029357507	0.846	0.671	2.42757886716157e-102	"0"	"LXN"
1.43370582608678e-106	0.950044489831436	0.956	0.803	5.24750669406022e-102	"0"	"CYP1B1"
1.9060843927398e-106	0.820710816153728	0.995	0.971	6.97645948586693e-102	"0"	"LUM"
1.28260990755064e-105	1.49437787059887	0.658	0.337	4.69448052262609e-101	"0"	"C3"
1.29267718138667e-104	0.879333716725011	0.918	0.801	4.73132775159335e-100	"0"	"LPAR1"
3.85483479363072e-101	1.72443412735005	0.669	0.407	1.41090808281678e-96	"0"	"GPNMB"
9.52781848471108e-101	1.01274070435067	0.874	0.654	3.4872768435891e-96	"0"	"CA12"
3.01737615830246e-95	1.23369085861091	0.98	0.958	1.10438984770028e-90	"0"	"GSN"
6.0001669295269e-95	0.658639239504349	0.968	0.912	2.19612109787614e-90	"0"	"YPEL3"
3.49775574304469e-93	0.550938234168626	0.99	0.971	1.28021357951179e-88	"0"	"ISCU"
3.8994293017857e-93	0.678971006550892	0.99	0.989	1.42723011874658e-88	"0"	"NEAT1"
1.98692826197125e-92	0.904714114359163	0.931	0.831	7.27235613164096e-88	"0"	"SAT1"
8.66440297852422e-92	0.595879186548599	0.993	0.974	3.17125813416965e-87	"0"	"SRPX"
1.7826877479257e-91	0.866035658543909	0.899	0.776	6.52481542618285e-87	"0"	"CYBRD1"
1.03372556553931e-90	0.713371713204349	0.978	0.914	3.78353894243043e-86	"0"	"SNX9"
2.06187120379844e-90	0.957641477121011	0.834	0.597	7.54665479302269e-86	"0"	"AKR1C3"
1.83764198543677e-89	0.593116018261148	0.968	0.95	6.72595343089711e-85	"0"	"SNHG7"
1.98041214851361e-88	1.39927536765319	0.684	0.445	7.24850650477465e-84	"0"	"DPP4"
2.06476268512165e-88	0.62842418331423	0.996	0.983	7.55723790381376e-84	"0"	"SERPINF1"
5.51219872066122e-88	0.941851504325811	0.961	0.907	2.01751985374921e-83	"0"	"PLIN2"
2.17926404887923e-87	3.35094332967031	0.358	0.123	7.97632434530288e-83	"0"	"PRG4"
2.02926659942184e-85	0.795115795944665	0.993	0.982	7.42731868054387e-81	"0"	"CTSL"
2.56054601987437e-82	1.01822458601273	0.775	0.527	9.37185448734219e-78	"0"	"SNED1"
4.26250585739141e-81	1.52996677729771	0.668	0.441	1.56011976886383e-76	"0"	"TNFAIP2"
5.03655493647582e-81	0.750971439715295	0.907	0.823	1.84342947229951e-76	"0"	"LTBP3"
5.07417224522103e-80	0.731012870953291	0.956	0.921	1.85719778347335e-75	"0"	"IL6ST"
6.5836909766474e-80	0.9119268241558	0.895	0.773	2.40969673436272e-75	"0"	"BMERB1"
1.35346988798444e-77	0.697034944548356	0.945	0.892	4.95383513701186e-73	"0"	"BTG1"
3.67425104680912e-76	0.571545661852551	0.971	0.942	1.34481262564261e-71	"0"	"LRPAP1"
7.28314884760969e-76	1.01818135785371	0.881	0.766	2.66570530971362e-71	"0"	"NFKBIA"
1.18436684144705e-75	0.692715724533504	0.98	0.931	4.33490107638034e-71	"0"	"PDGFRA"
1.28821903474096e-74	0.945392368893857	0.892	0.812	4.71501048905537e-70	"0"	"PROCR"
4.10131300837477e-74	0.952439839801872	0.904	0.832	1.50112157419525e-69	"0"	"WTAP"
2.22515479428462e-72	0.695977079198327	0.901	0.824	8.14428906256114e-68	"0"	"SNHG18"
3.7932027862588e-72	1.46908404162164	0.651	0.428	1.38835015179858e-67	"0"	"PLAT"
5.96325096739777e-72	1.90523508953222	0.358	0.133	2.18260948657726e-67	"0"	"IL33"
1.16122810693737e-71	1.48583980373479	0.558	0.31	4.25021099420146e-67	"0"	"SUSD2"
1.68893768065306e-71	0.571162871821458	0.967	0.912	6.18168080495828e-67	"0"	"C1R"
1.00206936935925e-69	1.31241269900058	0.542	0.296	3.66767409879179e-65	"0"	"C1QTNF1"
1.07342938529416e-68	0.675430098326038	0.945	0.886	3.92885889311514e-64	"0"	"TGFBR2"
1.83778321709678e-68	0.945154491806234	0.858	0.748	6.72647035289594e-64	"0"	"PTGIS"
2.89648325522151e-68	1.30578127159921	0.6	0.36	1.06014183624362e-63	"0"	"BDKRB2"
8.48418206927362e-68	0.590403053482153	0.956	0.921	3.10529547917484e-63	"0"	"ARL6IP5"
1.21273019368089e-67	0.820050313110657	0.938	0.889	4.43871378189144e-63	"0"	"MMP14"
3.61825234578916e-67	0.577156790008465	0.959	0.943	1.32431654108229e-62	"0"	"NPC2"
4.47786748229958e-67	1.06762491700438	0.779	0.536	1.63894427719647e-62	"0"	"CCN5"
4.62583789763064e-67	1.19532796829968	0.632	0.398	1.69310292891179e-62	"0"	"CYGB"
6.73034228777367e-67	0.606963995443495	0.996	0.983	2.46337258074804e-62	"0"	"MT2A"
1.09222988265757e-66	0.596266074870258	0.975	0.928	3.99767059351496e-62	"0"	"FGF7"
1.69713641468146e-66	0.634279344093214	0.934	0.883	6.21168899137562e-62	"0"	"LAMP2"
6.97855344369444e-66	1.00576714316384	0.712	0.533	2.5542203459266e-61	"0"	"A4GALT"
1.16162567610127e-65	0.608196336604592	0.973	0.911	4.25166613709827e-61	"0"	"HMGA1"
1.47747443383703e-65	1.2066007870597	0.709	0.506	5.40770417528692e-61	"0"	"CBR3"
9.59218395405163e-64	0.514139372842194	0.994	0.985	3.51083524902244e-59	"0"	"APP"
1.06929978361042e-63	1.02756444356744	0.732	0.554	3.91374413799249e-59	"0"	"PAMR1"
1.17604520432595e-63	1.81289416009244	0.271	0.086	4.30444305235341e-59	"0"	"IGF1"
2.47495764122892e-63	0.774269272643439	0.853	0.75	9.05859246266197e-59	"0"	"SMPD1"
5.63468438887213e-63	0.953945701632552	0.761	0.598	2.06235083317109e-58	"0"	"CREG1"
6.10364138638723e-63	0.531377757587911	0.96	0.932	2.23399378383159e-58	"0"	"HCFC1R1"
8.28646316225124e-63	0.965073671953903	0.717	0.533	3.03292838201558e-58	"0"	"ORAI3"
2.16353569125826e-62	0.51584458669757	0.98	0.962	7.91875698357437e-58	"0"	"CCDC85B"
2.48056554140905e-62	1.44731960868391	0.463	0.236	9.07911793811128e-58	"0"	"PCDH7"
1.36609972806535e-61	0.838954010248682	0.735	0.553	5.00006161469199e-57	"0"	"CMBL"
2.53131716943654e-61	1.24969291739295	0.617	0.401	9.26487397185469e-57	"0"	"TMEM59L"
2.01173888419165e-60	2.28747896439963	0.251	0.08	7.36316549002986e-56	"0"	"ANXA10"
2.96936510477709e-60	1.10913543998999	0.662	0.465	1.08681732199946e-55	"0"	"HIST1H2AC"
3.80193668021964e-60	0.71445619177462	0.858	0.74	1.39154684432719e-55	"0"	"PCYOX1"
7.74077778270548e-60	0.815434145140708	0.777	0.625	2.83320207624803e-55	"0"	"BDH2"
1.72293217950345e-58	1.64558176567237	0.506	0.303	6.30610407020059e-54	"0"	"HLA-DPA1"
2.35862061194456e-57	0.569234477650355	0.969	0.91	8.63278730177827e-53	"0"	"FBLN1"
4.82039782888402e-57	0.694666528576908	0.941	0.902	1.76431380934984e-52	"0"	"AKR1B1"
1.76792450710065e-56	1.9391586095513	0.348	0.153	6.47078048843909e-52	"0"	"SLC39A8"
4.77651202052878e-56	0.726752171881183	0.819	0.702	1.74825116463374e-51	"0"	"FCGRT"
5.20201103477692e-56	1.47732171764373	0.541	0.319	1.9039880588387e-51	"0"	"CXCL2"
7.80421580418929e-56	1.54921360071065	0.304	0.116	2.85642102649132e-51	"0"	"SELENOP"
9.3313492445838e-56	1.35559418156999	0.566	0.35	3.41536713701012e-51	"0"	"TNXB"
1.10941871968681e-54	0.777416966704619	0.809	0.637	4.06058345592571e-50	"0"	"FAM20A"
1.02279324576848e-53	0.887265892639112	0.808	0.698	3.7435255588372e-49	"0"	"CTSK"
3.84649352342925e-53	0.545419557925213	0.945	0.909	1.40785509451034e-48	"0"	"HEXA"
6.73022723331402e-53	2.03899438915677	0.259	0.094	2.46333046966526e-48	"0"	"RASD1"
8.40246294977989e-53	0.653807190395994	0.927	0.906	3.07538546424894e-48	"0"	"EIF1B"
1.07735737392993e-52	0.906792041936789	0.762	0.615	3.94323572432095e-48	"0"	"GFPT2"
1.25128441044728e-52	1.69808061829177	0.526	0.328	4.57982607067809e-48	"0"	"CD74"
2.36142739399705e-52	0.586309304961	0.876	0.805	8.64306040476858e-48	"0"	"HEXB"
3.75408809186715e-52	1.27016739380348	0.534	0.312	1.3740337825043e-47	"0"	"BDKRB1"
1.76049284331499e-51	0.708949785867097	0.777	0.646	6.4435798558172e-47	"0"	"ZNF581"
2.37175620965222e-51	1.56617105953635	0.348	0.164	8.6808649029481e-47	"0"	"THNSL2"
8.37084868205323e-51	0.962668422883864	0.625	0.437	3.0638143261183e-46	"0"	"COL18A1"
9.69481826594512e-51	0.784380143756182	0.718	0.561	3.54840043351858e-46	"0"	"LETMD1"
4.30474616194802e-50	0.631442509721937	0.797	0.688	1.5755801427346e-45	"0"	"GAMT"
4.32083418630911e-50	0.753315423328424	0.866	0.809	1.581468520531e-45	"0"	"RAB31"
9.97123880501329e-50	0.565264660052099	0.944	0.9	3.64957311502292e-45	"0"	"ADD3"
4.6096875912142e-49	0.647199172085898	0.819	0.732	1.68719175526031e-44	"0"	"SCPEP1"
5.91505542239691e-49	0.508451525986428	0.927	0.882	2.16496943515149e-44	"0"	"CCNG1"
6.74592014143606e-49	0.572051563788998	0.958	0.932	2.46907423096701e-44	"0"	"MFGE8"
7.10703536822177e-49	0.867818838192504	0.626	0.421	2.60124601512285e-44	"0"	"TFPI"
7.555535685804e-49	1.60130149187807	0.41	0.211	2.76540161636112e-44	"0"	"COL15A1"
1.50485075846121e-48	1.09214295524887	0.586	0.404	5.50790426104387e-44	"0"	"GGT5"
4.78097771525163e-47	0.932181793377609	0.601	0.414	1.74988565355925e-42	"0"	"DDB2"
4.92971087269366e-47	2.1319170641968	0.268	0.108	1.80432347651461e-42	"0"	"HLA-DRA"
6.50062873476373e-47	0.583342752365416	0.857	0.806	2.37929512321087e-42	"0"	"TMEM35B"
1.04329019759645e-46	0.917335590343369	0.61	0.408	3.81854645222276e-42	"0"	"SELENBP1"
2.13365477692969e-46	1.00077498865998	0.557	0.371	7.80938984904037e-42	"0"	"IFFO1"
3.01034576565068e-46	0.867012173382446	0.688	0.53	1.10181665368581e-41	"0"	"FUT8"
7.23198702573801e-46	0.919416827778823	0.698	0.536	2.64697957129037e-41	"0"	"MEDAG"
7.62802835101593e-46	1.14659194287395	0.594	0.388	2.79193465675534e-41	"0"	"SFRP4"
1.38665364822868e-45	0.918312533731191	0.689	0.565	5.07529101788179e-41	"0"	"XG"
1.72135634684444e-45	1.52795613079886	0.341	0.162	6.30033636508533e-41	"0"	"PALM"
2.72382007854584e-45	0.7094577134957	0.833	0.77	9.96945386948564e-41	"0"	"FAM20C"
5.40280856150398e-45	0.550549036406771	0.873	0.805	1.97748196159607e-40	"0"	"SYF2"
6.42475186620037e-45	0.562042007403766	0.968	0.947	2.351523430548e-40	"0"	"CDKN1A"
1.30197815275832e-44	0.822157060392504	0.707	0.577	4.76537023691074e-40	"0"	"TRIM22"
2.29873586684396e-44	1.56576029614035	0.431	0.242	8.41360314623557e-40	"0"	"CXCL3"
4.70722598433975e-44	0.534878490522396	0.933	0.864	1.72289178252819e-39	"0"	"NT5E"
2.91970157625723e-43	0.708226942868167	0.732	0.608	1.06863997392591e-38	"0"	"TP53TG1"
5.53296596293967e-43	0.606274898277407	0.804	0.702	2.02512087209555e-38	"0"	"RNF130"
8.72358440110937e-43	0.562101106776465	0.89	0.827	3.19291912665004e-38	"0"	"PAM"
9.16817136057646e-43	0.760011934130659	0.712	0.576	3.35564239968459e-38	"0"	"RFTN1"
9.30521949610395e-43	0.542634855638647	0.92	0.855	3.405803387769e-38	"0"	"TXNIP"
3.12278393190562e-42	0.530392664061563	0.906	0.866	1.14297014691678e-37	"0"	"AK1"
3.54009104562801e-42	0.665516589418575	0.804	0.72	1.29570872361031e-37	"0"	"TPST1"
1.38539588817856e-41	0.833760090187169	0.635	0.459	5.07068749032234e-37	"0"	"TRIM47"
6.79083265189667e-41	1.76615642478409	0.258	0.111	2.4855126589207e-36	"0"	"MITF"
1.88846337112056e-40	1.62097206161191	0.278	0.124	6.91196478463836e-36	"0"	"PTHLH"
2.10736930467028e-40	0.624270661635632	0.798	0.709	7.7131823920237e-36	"0"	"GSTM2"
8.13811230834122e-40	0.822171091613151	0.665	0.522	2.97863048597597e-35	"0"	"PSD3"
8.67189485687959e-40	0.669739180505186	0.729	0.627	3.1740002365665e-35	"0"	"TCTN1"
8.77384246972384e-40	0.584361764765423	0.831	0.76	3.21131408234362e-35	"0"	"ASAH1"
1.1443950537569e-39	1.07807253431002	0.856	0.78	4.18860033625563e-35	"0"	"TNFAIP6"
2.27814885519609e-39	1.23052511954729	0.588	0.445	8.33825262490322e-35	"0"	"OLFML2B"
2.97688235923366e-39	1.08668396155208	0.442	0.26	1.08956871230311e-34	"0"	"SVIL"
4.06725934565454e-39	0.511267975032711	0.885	0.842	1.48865759310302e-34	"0"	"AP2A1"
4.16561021559624e-39	1.26391346743169	0.381	0.213	1.52465499501038e-34	"0"	"EPHA4"
1.26193229343403e-38	0.517176077712084	0.917	0.908	4.61879838719788e-34	"0"	"SDCBP"
1.47978128071087e-38	0.668217747065981	0.78	0.674	5.41614746552984e-34	"0"	"SLC44A1"
2.88709145454279e-38	1.52649872633244	0.265	0.117	1.05670434327721e-33	"0"	"APOD"
5.04845350394017e-38	0.735448325696777	0.902	0.894	1.84778446697714e-33	"0"	"OSBPL8"
1.29386901191706e-37	0.675280778317571	0.75	0.66	4.73568997051763e-33	"0"	"ANTXR2"
1.70177254635817e-37	1.25384482921834	0.383	0.219	6.22865769692554e-33	"0"	"TRANK1"
1.86830687535e-37	0.988576589753246	0.674	0.55	6.83818999446853e-33	"0"	"INSIG1"
2.55627521073367e-37	1.24227199532024	0.426	0.25	9.35622289880631e-33	"0"	"FBXO32"
1.0633159823831e-36	0.529587938849794	0.858	0.804	3.89184282712038e-32	"0"	"NOB1"
1.48600066182821e-36	0.737161194207344	0.669	0.545	5.43891102235743e-32	"0"	"IP6K2"
2.49127046767679e-36	0.826867564745306	0.61	0.474	9.1182990387438e-32	"0"	"EHMT2"
3.20780113656543e-36	0.845731203866889	0.611	0.479	1.17408729399431e-31	"0"	"IDUA"
3.21901605674708e-36	0.731780047366626	0.681	0.517	1.17819206693e-31	"0"	"LSP1"
3.30134484654023e-36	1.64192282853043	0.26	0.118	1.20832522728219e-31	"0"	"TSLP"
3.91038752830211e-36	0.51717390675872	0.88	0.822	1.43124093923385e-31	"0"	"CD68"
5.39926664641074e-36	0.608703158446129	0.914	0.835	1.97618558525279e-31	"0"	"CXCL12"
8.71693978135951e-36	0.80066860197809	0.688	0.576	3.19048712937539e-31	"0"	"RAC2"
1.04487383435855e-35	0.605644745762541	0.792	0.724	3.82434272113574e-31	"0"	"TRIM8"
1.27281096575214e-35	0.877396780483052	0.699	0.591	4.6586154157494e-31	"0"	"NAMPT"
1.92346162372576e-35	0.500972400182208	0.864	0.782	7.04006188899864e-31	"0"	"IL1R1"
2.11750964286217e-35	0.648586731314201	0.87	0.816	7.75029704383982e-31	"0"	"SOD3"
3.49039883666949e-35	1.23918305622523	0.306	0.153	1.2775208782094e-30	"0"	"HLA-F"
3.70681746527892e-35	0.585150422158695	0.837	0.778	1.35673226046674e-30	"0"	"FDFT1"
6.65880835888662e-35	0.901909902090769	0.478	0.305	2.43719044743609e-30	"0"	"PLAAT4"
7.20305275768042e-35	0.676672107883745	0.844	0.766	2.63638933983861e-30	"0"	"OAF"
7.44718145428955e-35	0.932279636174525	0.661	0.531	2.72574288408452e-30	"0"	"BEST1"
7.65770678691745e-35	1.05040211429099	0.512	0.356	2.80279726107966e-30	"0"	"KAZALD1"
1.43253888946337e-34	0.883398188072477	0.597	0.448	5.24323558932487e-30	"0"	"CFH"
1.80866525042111e-34	0.598141215170258	0.783	0.699	6.61989568306631e-30	"0"	"CALHM2"
2.26471669238096e-34	0.872819331186574	0.63	0.49	8.28908956578355e-30	"0"	"TSHZ2"
4.91150527751404e-34	0.726129243017261	0.72	0.619	1.79766004662291e-29	"0"	"HSPB2"
6.38171888636454e-34	0.973837064018851	0.508	0.339	2.33577292959828e-29	"0"	"ADAMTS5"
7.37326797971315e-34	0.631267310251179	0.697	0.606	2.69868981325481e-29	"0"	"ZNF524"
1.14111308418016e-33	0.670075205255237	0.726	0.637	4.17658799940781e-29	"0"	"IDH1"
3.2729221749038e-33	0.876773849283813	0.445	0.276	1.19792224523654e-28	"0"	"SBSN"
9.07423799752259e-32	0.928231631748088	0.548	0.388	3.32126184947324e-27	"0"	"CD9"
1.1786696458849e-31	0.834382773350896	0.601	0.463	4.31404877090331e-27	"0"	"RELB"
1.27584666092341e-31	1.22246103796632	0.373	0.221	4.66972636364578e-27	"0"	"F10"
1.39777102603304e-31	0.866371990571114	0.532	0.37	5.11598173238353e-27	"0"	"LRRN4CL"
2.47920577306579e-31	0.776359258166239	0.6	0.479	9.07414104999811e-27	"0"	"LY96"
1.91380140601089e-30	1.09954203893598	0.381	0.23	7.00470452614045e-26	"0"	"CD82"
2.97674339678767e-30	0.584425191337689	0.733	0.652	1.08951785065826e-25	"0"	"HBP1"
3.18967783964444e-30	0.650212301598214	0.66	0.513	1.16745398608826e-25	"0"	"ANGPTL2"
4.1286834462696e-30	0.969975622568811	0.356	0.205	1.51113942816914e-25	"0"	"LIMCH1"
5.40481163084059e-30	1.3918102721409	0.257	0.127	1.97821510500396e-25	"0"	"LRMDA"
5.61019511997289e-30	0.710339166905082	0.65	0.54	2.05338751586128e-25	"0"	"C1RL"
8.18874615542944e-30	0.68959493821606	0.669	0.556	2.99716298034873e-25	"0"	"CD276"
9.73613018834872e-30	1.2746269578685	0.475	0.328	3.56352101023752e-25	"0"	"TFPI2"
1.26926153716518e-29	0.54336799596276	0.759	0.68	4.64562415217826e-25	"0"	"CALCOCO1"
1.53792658251873e-29	0.530720524160533	0.796	0.749	5.6289650846768e-25	"0"	"CTBS"
2.34498203990925e-29	0.758159228746508	0.691	0.573	8.58286876427184e-25	"0"	"PLK2"
2.3657533133911e-29	1.10375808918127	0.38	0.235	8.65889370234275e-25	"0"	"GAS7"
2.445277370527e-29	0.682993149204004	0.788	0.706	8.94995970386586e-25	"0"	"REV3L"
3.24216194516653e-29	0.777340096479595	0.608	0.478	1.1866636935504e-24	"0"	"GASK1B"
6.9132848127488e-29	0.523453023696221	0.791	0.735	2.53033137431419e-24	"0"	"EMC10"
9.10157756646455e-29	0.531688660433984	0.768	0.706	3.33126840510169e-24	"0"	"FKBP7"
9.983918001879e-29	0.561273191521543	0.889	0.867	3.65421382786773e-24	"0"	"CHPF"
1.38479672878248e-28	0.767301592299732	0.663	0.533	5.06849450701675e-24	"0"	"ADIRF"
2.95972080782785e-28	1.44932737370285	0.318	0.177	1.08328741287307e-23	"0"	"APOE"
4.19701924822044e-28	0.870231835604931	0.428	0.271	1.53615101504116e-23	"0"	"OLFML1"
7.47383803890205e-28	0.738820413331243	0.669	0.566	2.73549946061854e-23	"0"	"AHR"
1.45003006194021e-27	0.702956791554189	0.714	0.616	5.30725502970737e-23	"0"	"MDM2"
1.49678033605196e-27	0.976483799192496	0.409	0.267	5.4783657079838e-23	"0"	"ANK2"
1.54692458351133e-27	0.674986053135673	0.692	0.584	5.6618986681098e-23	"0"	"SLC4A7"
2.86477273534866e-27	0.758626061671569	0.538	0.404	1.04853546886496e-22	"0"	"CCDC18-AS1"
2.91416182001686e-27	1.42262961938726	0.382	0.239	1.06661236774437e-22	"0"	"ACKR3"
3.15278428696931e-27	0.531051609512952	0.75	0.688	1.15395057687364e-22	"0"	"AK3"
3.41709023833479e-27	0.607114899297656	0.695	0.595	1.25068919813291e-22	"0"	"GAA"
3.57783925847867e-27	1.12780533546853	0.356	0.217	1.30952494699578e-22	"0"	"VIT"
3.68905654776258e-27	0.572696390717458	0.72	0.661	1.35023158704658e-22	"0"	"TBC1D17"
8.3661328486178e-27	0.654211102295398	0.676	0.591	3.0620882839226e-22	"0"	"DHRS3"
1.733684845759e-26	1.07076333922212	0.376	0.244	6.34545990396253e-22	"0"	"KLHL24"
1.94413033491413e-26	1.03847665381639	0.384	0.244	7.11571143881919e-22	"0"	"C2orf88"
2.09611468697163e-26	0.638247628171975	0.642	0.528	7.67198936578488e-22	"0"	"PBX1"
5.41043620329698e-26	0.788051273146151	0.541	0.417	1.98027375476873e-21	"0"	"ASAP3"
7.09469962708383e-26	1.10454917062827	0.323	0.192	2.59673101050895e-21	"0"	"COL13A1"
7.30116877934259e-26	1.20728748062635	0.593	0.503	2.67230078492718e-21	"0"	"PCOLCE2"
7.61301313426688e-26	1.12565536364064	0.355	0.22	2.78643893727302e-21	"0"	"QPRT"
9.76799541209429e-26	0.736194551451431	0.462	0.306	3.57518400078063e-21	"0"	"ABCA6"
1.31200446845264e-25	0.895318167266508	0.502	0.375	4.8020675549835e-21	"0"	"TCEA3"
1.40121971154328e-25	1.0172720347986	0.362	0.226	5.12860426621956e-21	"0"	"RILP"
2.48941327401136e-25	0.58294047312564	0.743	0.67	9.11150152420897e-21	"0"	"ZNF503"
1.28590764899036e-24	0.785123074201573	0.553	0.428	4.70655058606961e-20	"0"	"ARL4C"
1.734974494773e-24	0.868060959185364	0.38	0.24	6.35018014831865e-20	"0"	"DBP"
2.19521094119549e-24	0.663924236176684	0.667	0.583	8.03469156586962e-20	"0"	"IFNGR1"
3.0347538667374e-24	1.08416024475767	0.325	0.198	1.11075026276456e-19	"0"	"CCDC74A"
6.31565992748626e-24	0.557683013372481	0.704	0.626	2.31159469005925e-19	"0"	"PKIG"
9.54960533879998e-24	0.634632939957665	0.59	0.481	3.49525105005418e-19	"0"	"TTC39C"
9.77784527386655e-24	1.08073273108478	0.25	0.131	3.5787891486879e-19	"0"	"IFI44"
2.84902766231656e-23	0.655240256132511	0.695	0.599	1.04277261468449e-18	"0"	"FIBIN"
3.15034788819632e-23	0.903862020224727	0.326	0.195	1.15305883055874e-18	"0"	"ARHGEF3"
3.2272703760326e-23	0.763834125688085	0.477	0.353	1.18121323033169e-18	"0"	"ADA"
6.76595142554006e-23	0.882582894255418	0.6	0.494	2.47640588126192e-18	"0"	"PHLDA1"
6.76977431109223e-23	0.940815988066232	0.437	0.301	2.47780509560287e-18	"0"	"GPX3"
8.45138106124726e-23	0.750874031737949	0.548	0.429	3.09328998222711e-18	"0"	"TRAF3IP2"
8.96046635758259e-23	0.624008251652322	0.665	0.535	3.2796202915388e-18	"0"	"IFI27"
3.94274592572071e-22	0.537559328339906	0.712	0.637	1.44308443627304e-17	"0"	"SH3D19"
6.41920039157533e-22	0.664448576370217	0.52	0.389	2.34949153532049e-17	"0"	"BEX4"
8.8678614332741e-22	0.710981633697947	0.483	0.355	3.24572596319265e-17	"0"	"HIST1H1C"
9.57680585083936e-22	0.623476401300742	0.635	0.539	3.50520670946571e-17	"0"	"RARG"
1.30884422536194e-21	0.779806098905624	0.495	0.37	4.79050074924724e-17	"0"	"PTGFRN"
1.34376465407215e-21	0.664478237667937	0.557	0.44	4.91831301036946e-17	"0"	"PLEKHA5"
1.78560316137815e-21	0.635899888546245	0.76	0.69	6.53548613096016e-17	"0"	"SOX4"
2.29243106830774e-21	0.897446842487025	0.446	0.318	8.39052695311316e-17	"0"	"ANGPT1"
3.52487068305079e-21	0.700705026641421	0.524	0.413	1.29013791870342e-16	"0"	"B4GAT1"
4.6534867023364e-21	0.631866364909945	0.589	0.473	1.70322266792215e-16	"0"	"PDZRN3"
4.93551167700817e-21	0.838868640727093	0.543	0.445	1.80644662890176e-16	"0"	"FADS1"
4.96144375256053e-21	0.744425397450494	0.507	0.393	1.81593802787468e-16	"0"	"CLEC2B"
5.34562352955917e-21	0.538051058411207	0.65	0.562	1.95655166805395e-16	"0"	"MAN2B1"
8.07047171007844e-21	0.629738209968816	0.566	0.471	2.95387335060581e-16	"0"	"HSD17B11"
1.0839332327061e-20	1.21382803435289	0.279	0.166	3.96730402502758e-16	"0"	"HTRA3"
1.09811412872794e-20	1.11601100012235	0.251	0.141	4.01920752255713e-16	"0"	"BTG2"
1.10224234787515e-20	0.99198906179714	0.356	0.238	4.03431721745782e-16	"0"	"SNCG"
1.42480530757253e-20	0.8956706350553	0.424	0.306	5.21492990624623e-16	"0"	"RRM2B"
1.52384831853826e-20	0.709325145430058	0.495	0.383	5.57743723068187e-16	"0"	"CCNG2"
1.83798923676606e-20	0.922509482649517	0.372	0.252	6.72722440548745e-16	"0"	"MARCH3"
1.93377241254071e-20	1.00291180602667	0.27	0.156	7.07780040714026e-16	"0"	"CFI"
2.22920891869026e-20	1.02330544152195	0.324	0.208	8.15912756329822e-16	"0"	"YPEL2"
2.3283244821623e-20	1.02544422778008	0.277	0.165	8.52190043716223e-16	"0"	"HEXIM2"
3.6438213079907e-20	0.701450066611637	0.52	0.404	1.33367503693768e-15	"0"	"FLRT2"
5.16199454348633e-20	0.800396034314947	0.517	0.408	1.88934162286143e-15	"0"	"SMPDL3A"
8.14564791189778e-20	0.541190592515944	0.731	0.62	2.98138859223371e-15	"0"	"AKAP12"
1.0757391642607e-19	0.563922377771658	0.667	0.569	3.93731291511058e-15	"0"	"CSF1"
1.19348442987713e-19	1.04967431870902	0.514	0.403	4.3682723617933e-15	"0"	"G0S2"
2.28028513021379e-19	0.634157981493816	0.558	0.459	8.34607160509548e-15	"0"	"WLS"
2.95737434398964e-19	0.555287928090269	0.603	0.496	1.08242858364365e-14	"0"	"LDB2"
3.35928573636696e-19	0.683002314221926	0.66	0.597	1.22953217236767e-14	"0"	"ANTXR1"
3.54252409374623e-19	0.628011844384287	0.474	0.352	1.29659924355206e-14	"0"	"FXYD1"
4.67450838940553e-19	0.680394251587461	0.535	0.446	1.71091681560632e-14	"0"	"PHF1"
5.24976553068536e-19	0.740895697223441	0.426	0.315	1.92146668188615e-14	"0"	"AUH"
6.47466038798699e-19	0.702358495198545	0.542	0.445	2.36979044860712e-14	"0"	"HDAC5"
7.25874870719503e-19	0.707442352771457	0.598	0.529	2.65677461432045e-14	"0"	"SH3PXD2B"
7.59605055563227e-19	1.36740607246437	0.299	0.185	2.78023046386697e-14	"0"	"IL13RA2"
8.06914571794186e-19	0.610377996748015	0.576	0.491	2.9533880242239e-14	"0"	"NEU1"
1.00082434828238e-18	0.640449718908329	0.59	0.513	3.66311719714835e-14	"0"	"MAN1A1"
1.02931126854583e-18	1.05394493447755	0.266	0.159	3.7673821740046e-14	"0"	"HLA-DMA"
1.23879649287834e-18	1.01942917164874	0.32	0.216	4.53411904358403e-14	"0"	"IRAK3"
1.23945784155678e-18	0.537149481203421	0.715	0.644	4.53653964588198e-14	"0"	"MARCKSL1"
1.29093217909052e-18	0.637794233097905	0.438	0.305	4.72494086868921e-14	"0"	"LRRC17"
1.36894719869286e-18	0.78764556760691	0.414	0.298	5.01048364193574e-14	"0"	"GBP2"
1.61030053825505e-18	0.591063772568161	0.684	0.605	5.89386100006733e-14	"0"	"NIBAN1"
1.74582376985113e-18	0.595047867825591	0.613	0.512	6.38988958003213e-14	"0"	"LACC1"
1.82119670416235e-18	0.965818816021914	0.306	0.198	6.66576205690463e-14	"0"	"TMEM132A"
2.82548494302602e-18	0.576355944245966	0.633	0.573	1.03415574399696e-13	"0"	"NINJ1"
3.10079490782135e-18	0.550951567786461	0.588	0.499	1.13492194421169e-13	"0"	"LMBRD1"
3.38064879377779e-18	0.869483583352038	0.3	0.191	1.23735126501061e-13	"0"	"SPATA18"
3.5549147203038e-18	1.08984651439543	0.253	0.15	1.3011343367784e-13	"0"	"GPRC5B"
4.35715473723204e-18	0.791779922240355	0.343	0.231	1.5947622053743e-13	"0"	"PPP1R3F"
5.3830560889998e-18	0.801773207207291	0.405	0.302	1.97025235913482e-13	"0"	"PLCD3"
7.21107530981733e-18	0.635235825207213	0.482	0.378	2.63932567414624e-13	"0"	"EPDR1"
7.43987602105212e-18	0.618196852131305	0.588	0.516	2.72306902246529e-13	"0"	"SNX21"
8.82843415411093e-18	0.602800529022267	0.559	0.472	3.23129518474614e-13	"0"	"SMIM29"
8.88095299362152e-18	0.889721355486451	0.32	0.213	3.25051760519541e-13	"0"	"FAM118A"
1.0292544828318e-17	0.559956500308815	0.632	0.539	3.76717433261268e-13	"0"	"DEPTOR"
1.84168993583008e-17	0.905463611667736	0.294	0.188	6.74076933413169e-13	"0"	"ACE"
1.85702441337697e-17	0.546676304145125	0.628	0.558	6.79689505540105e-13	"0"	"STAT2"
1.92108780328952e-17	0.601603626392558	0.611	0.536	7.03137346881998e-13	"0"	"HSPA1B"
2.03325880894662e-17	0.647952482503362	0.498	0.401	7.44193056662551e-13	"0"	"PROS1"
2.4212717388667e-17	1.0205975134873	0.385	0.277	8.86209669142602e-13	"0"	"ICAM1"
2.94295714335835e-17	0.514140856926617	0.673	0.615	1.07715174404059e-12	"0"	"IGF2R"
3.4892923731337e-17	0.578256968582243	0.674	0.624	1.27711590149066e-12	"0"	"CYP51A1"
4.2239992718484e-17	1.05290950156053	0.319	0.213	1.54602597348923e-12	"0"	"DEPP1"
5.07337130637423e-17	0.664248779583644	0.469	0.37	1.85690463184603e-12	"0"	"RIN2"
5.64562713084855e-17	0.950001964165177	0.285	0.185	2.06635598616188e-12	"0"	"METTL27"
6.05251808471154e-17	0.958728760901693	0.294	0.191	2.21528214418527e-12	"0"	"NYNRIN"
6.6926144904799e-17	0.931016607713659	0.299	0.196	2.44956382966055e-12	"0"	"WDFY3-AS2"
7.94240796903235e-17	0.976245321481276	0.253	0.154	2.90700074074553e-12	"0"	"TCN2"
8.61555732970048e-17	0.646109982376384	0.505	0.414	3.15338013824367e-12	"0"	"GABARAPL1"
9.99182080755056e-17	0.901382598716972	0.277	0.174	3.65710633377158e-12	"0"	"APOL3"
1.08988860075349e-16	0.698300044629986	0.492	0.403	3.98910126761785e-12	"0"	"PBXIP1"
1.17327896648373e-16	0.52301877514642	0.667	0.626	4.29431834522709e-12	"0"	"ZEB2"
1.76296248778163e-16	0.783863348364351	0.34	0.232	6.45261900152956e-12	"0"	"BTN3A3"
2.24696201366342e-16	0.837604085980075	0.348	0.248	8.22410566620947e-12	"0"	"MGST2"
2.25167394353718e-16	0.77962168078689	0.479	0.383	8.24135180074044e-12	"0"	"FADS2"
4.70446492861539e-16	0.701220474461996	0.391	0.286	1.72188120852252e-11	"0"	"PIR"
6.69666009830256e-16	0.719824686392152	0.363	0.26	2.45104456257972e-11	"0"	"SLC27A1"
9.36375526291836e-16	0.520012327584536	0.609	0.514	3.42722806378075e-11	"0"	"TGFBR3"
9.82721491468524e-16	0.923971245853155	0.306	0.207	3.59685893092394e-11	"0"	"LINC02202"
1.18707216605366e-15	0.523901699583099	0.62	0.551	4.34480283497299e-11	"0"	"SMAD3"
1.30496360432473e-15	0.578778436299954	0.543	0.458	4.77629728818895e-11	"0"	"ARMCX1"
1.32422143192982e-15	0.515317947052949	0.61	0.542	4.84678286300632e-11	"0"	"RETREG2"
1.34529421236487e-15	0.646110195389792	0.513	0.424	4.92391134667665e-11	"0"	"RASSF8-AS1"
1.83223916063102e-15	0.553353749148151	0.628	0.549	6.7061785518256e-11	"0"	"CBLB"
2.25904496596658e-15	0.766614555215609	0.385	0.29	8.26833047993429e-11	"0"	"HIST1H2BK"
2.41525486698639e-15	0.83675162633654	0.377	0.284	8.84007433865688e-11	"0"	"TSHZ1"
4.82772461720976e-15	0.650540306274464	0.513	0.433	1.76699548714494e-10	"0"	"CUTC"
5.80701306580463e-15	0.907443923995049	0.304	0.205	2.12542485221515e-10	"0"	"SLC12A8"
8.10845917639714e-15	0.892204735446452	0.372	0.272	2.96777714315312e-10	"0"	"DUSP6"
8.61776014275043e-15	0.56629627295439	0.524	0.423	3.15418638984808e-10	"0"	"SOX9"
1.62903846221638e-14	0.933572700402912	0.258	0.168	5.96244367555818e-10	"0"	"HIST3H2A"
2.12897091107603e-14	0.517682549474366	0.684	0.638	7.79224643162936e-10	"0"	"STOM"
2.47744738792191e-14	0.725972250224364	0.563	0.46	9.06770518453299e-10	"0"	"PENK"
2.5981457662499e-14	0.746361509631784	0.371	0.279	9.50947331905127e-10	"0"	"C5orf56"
2.72558918561391e-14	0.530928020925305	0.512	0.425	9.97592897826546e-10	"0"	"PDK2"
5.49799112547422e-14	0.532924737913832	0.606	0.545	2.01231973183482e-09	"0"	"DRAM1"
5.95950662702516e-14	0.55649971304561	0.48	0.393	2.18123902055748e-09	"0"	"FLT3LG"
8.33592321948408e-14	0.575455686313895	0.476	0.372	3.05103125756337e-09	"0"	"SRGN"
9.38891385115221e-14	0.604202686666361	0.446	0.356	3.43643635866022e-09	"0"	"KYAT3"
1.03154992014039e-13	0.829149874114719	0.299	0.209	3.77557586270583e-09	"0"	"BTN3A2"
1.17132779609671e-13	0.740214527217925	0.385	0.294	4.28717686649357e-09	"0"	"SLC43A3"
1.2128667874553e-13	0.615650351025011	0.443	0.353	4.43921372876515e-09	"0"	"SLC38A6"
1.22214517152101e-13	0.506158931053369	0.555	0.452	4.47317354228404e-09	"0"	"IL32"
1.23932969337276e-13	0.763468557114481	0.373	0.286	4.53607061071365e-09	"0"	"LPIN1"
1.88145017302548e-13	0.732244133649091	0.407	0.324	6.88629577829057e-09	"0"	"FCHSD2"
1.91256691523634e-13	0.71277816790993	0.368	0.277	7.00018616645653e-09	"0"	"TNFRSF14"
1.99241497762434e-13	0.571806340638564	0.531	0.447	7.29243805960286e-09	"0"	"FDXR"
2.47709450217485e-13	0.566732599380432	0.451	0.357	9.06641358741016e-09	"0"	"IRS1"
2.80077429769745e-13	0.565605695065508	0.588	0.507	1.02511140070024e-08	"0"	"HMCN1"
2.80211347557386e-13	0.710462708984348	0.362	0.274	1.02560155319479e-08	"0"	"PARP10"
3.07156572587018e-13	0.512278659256585	0.547	0.479	1.12422377132575e-08	"0"	"AL157394.3"
3.28880831029993e-13	0.670520505835708	0.49	0.42	1.20373672965288e-08	"0"	"SQOR"
3.47113945352704e-13	0.638067257968799	0.411	0.32	1.27047175138543e-08	"0"	"CREBRF"
7.65581352753283e-13	0.59422001856911	0.486	0.405	2.80210430921229e-08	"0"	"FAM110B"
8.18585644051866e-13	0.788139728277695	0.337	0.253	2.99610531579424e-08	"0"	"MICALL2"
9.15823884127753e-13	0.518293087759054	0.556	0.492	3.35200699829599e-08	"0"	"PLEKHM2"
9.56359326637493e-13	0.509830995774199	0.6	0.557	3.50037077142589e-08	"0"	"CD55"
1.21605458347379e-12	0.805722158615348	0.322	0.232	4.45088138097242e-08	"0"	"GALNT12"
1.22159317194566e-12	0.741287649698245	0.32	0.231	4.47115316863829e-08	"0"	"MINCR"
1.228929886902e-12	0.64912639604077	0.348	0.254	4.49800627905001e-08	"0"	"LINC02482"
1.4990758854397e-12	0.526894120526022	0.548	0.484	5.48676764829784e-08	"0"	"STARD3"
1.62445709055049e-12	0.677770636081051	0.364	0.274	5.94567539712383e-08	"0"	"SESN1"
2.6758399487743e-12	0.618203754173632	0.49	0.422	9.79384179650882e-08	"0"	"ABCC1"
3.14603952469147e-12	0.559429731514964	0.457	0.379	1.15148192643232e-07	"0"	"BAIAP2"
4.49483474637454e-12	0.531279703383381	0.519	0.453	1.64515446552055e-07	"0"	"CCDC115"
7.2773047522527e-12	0.59474759534291	0.399	0.317	2.66356631237201e-07	"0"	"IQCK"
8.52616187287503e-12	0.57801208869772	0.468	0.397	3.12066050709099e-07	"0"	"MARCH2"
9.32924368777608e-12	0.521119714870835	0.492	0.404	3.41459648216292e-07	"0"	"PCDHGC3"
1.11938801955173e-11	0.677790995665282	0.34	0.258	4.09707209036127e-07	"0"	"PLEKHA4"
1.71832520349749e-11	0.804477570505788	0.278	0.198	6.28924207732118e-07	"0"	"DGAT2"
2.48247802524584e-11	0.550076809026398	0.358	0.27	9.08611782020229e-07	"0"	"PCAT6"
2.64450890138919e-11	0.678709169435206	0.344	0.261	9.67916702997458e-07	"0"	"ACOX2"
3.04898251031274e-11	0.854064475726698	0.251	0.172	1.11595808859957e-06	"0"	"ARHGAP6"
4.00287120756192e-11	0.725997011513652	0.333	0.255	1.46509089067974e-06	"0"	"APOL1"
4.68609323602441e-11	0.536842509832657	0.493	0.422	1.71515698531729e-06	"0"	"ST3GAL4"
5.06811720604718e-11	0.868131326209644	0.292	0.214	1.85498157858533e-06	"0"	"PRSS3"
5.17036134115119e-11	0.668576813164152	0.399	0.323	1.89240395447475e-06	"0"	"KIAA0930"
5.30508007004445e-11	0.589411239845972	0.385	0.297	1.94171235643697e-06	"0"	"ABCA9"
5.50766990766029e-11	0.64085206939389	0.415	0.335	2.01586226290274e-06	"0"	"HEPH"
7.4029807110011e-11	0.832172487437395	0.337	0.249	2.70956497003351e-06	"0"	"DPT"
7.55616690002444e-11	0.596191011867699	0.528	0.469	2.76563264707794e-06	"0"	"IRF1"
1.1383810844358e-10	0.601830468622614	0.39	0.311	4.16658860714349e-06	"0"	"RNASE4"
1.36433939992391e-10	0.517914115777621	0.51	0.452	4.99361863766152e-06	"0"	"CYB5D2"
1.46312370895085e-10	0.780864366988582	0.257	0.181	5.355179087131e-06	"0"	"AC016876.1"
1.61901839695861e-10	0.702952356933147	0.322	0.246	5.9257692347082e-06	"0"	"DNMBP"
1.64143856448193e-10	0.682880119473446	0.278	0.201	6.00782928986032e-06	"0"	"HOXA7"
1.92477664241796e-10	0.685250590537598	0.372	0.303	7.04487498891399e-06	"0"	"ITPRIP"
2.01861175411355e-10	0.726617329175015	0.403	0.333	7.38832088123099e-06	"0"	"AC022966.1"
2.53895286700838e-10	0.539821923437638	0.44	0.375	9.29282138853738e-06	"0"	"CSTF2T"
3.52008637844544e-10	1.44067952083901	0.348	0.266	1.28838681537482e-05	"0"	"CHI3L1"
3.85065470932815e-10	0.62832461274333	0.426	0.357	1.40937813016119e-05	"0"	"ERCC6"
4.27893342730817e-10	0.878115133504552	0.421	0.358	1.56613242372906e-05	"0"	"SPRYD3"
5.25840105094189e-10	0.508722598653099	0.45	0.387	1.92462736865524e-05	"0"	"ATG14"
5.51835901720501e-10	0.731726304240192	0.318	0.245	2.01977458388721e-05	"0"	"CLK1"
5.72789674654202e-10	0.621748418219273	0.391	0.32	2.09646748820185e-05	"0"	"ALDH3A2"
6.0900421866791e-10	0.590136702901901	0.367	0.291	2.22901634074642e-05	"0"	"ZNF521"
7.06457913153097e-10	0.542395055383022	0.442	0.374	2.58570660793165e-05	"0"	"ZBTB20"
8.36471483197683e-10	0.537659847031384	0.442	0.381	3.06156927565184e-05	"0"	"TRIM38"
9.47474378313186e-10	0.631256911035033	0.392	0.326	3.46785097206409e-05	"0"	"LHFPL2"
1.11240733243561e-09	0.553272329904931	0.353	0.273	4.07152207744758e-05	"0"	"PDE1A"
1.12344439745124e-09	0.957656753272645	0.287	0.216	4.1119188391113e-05	"0"	"TNFAIP3"
1.23864894503742e-09	0.50423185215111	0.496	0.444	4.53357900373145e-05	"0"	"PIK3R2"
1.28302839211645e-09	0.530134641022453	0.535	0.485	4.69601221798542e-05	"0"	"PIK3R1"
1.34485833117556e-09	0.726769844414221	0.348	0.281	4.92231597793568e-05	"0"	"HS2ST1"
1.37812841779077e-09	0.526549391391058	0.453	0.388	5.04408782195599e-05	"0"	"SREBF2"
1.48609424972979e-09	0.522761021931605	0.382	0.3	5.43925356343599e-05	"0"	"CSTA"
1.48954984981937e-09	0.719980216233993	0.266	0.196	5.45190140532387e-05	"0"	"ATP9A"
1.63179809933574e-09	0.667216325830241	0.336	0.264	5.97254422337873e-05	"0"	"NTNG1"
1.77397932827462e-09	0.656861267758191	0.301	0.228	6.49294173941793e-05	"0"	"CTSO"
2.10982612791337e-09	0.68750808775866	0.291	0.219	7.72217461077571e-05	"0"	"ARHGAP20"
2.70268217666797e-09	0.555866676293642	0.4	0.337	9.89208703482242e-05	"0"	"ANKRD10"
2.83710995157463e-09	0.508005739266533	0.469	0.408	0.000103841061337583	"0"	"BCL6"
3.06706278891566e-09	0.557222835180384	0.399	0.333	0.000112257565137102	"0"	"NDRG3"
3.07578119290494e-09	0.640385506575747	0.34	0.268	0.000112576667441514	"0"	"MAP3K12"
3.1707268089997e-09	0.673233460172697	0.305	0.235	0.000116051771936198	"0"	"FYCO1"
3.54781006233517e-09	0.608820029886696	0.315	0.243	0.000129853396091529	"0"	"EDA2R"
3.70454233315589e-09	0.710810940094876	0.549	0.495	0.000135589953935839	"0"	"CLEC3B"
6.40379398388282e-09	0.515552237723792	0.495	0.435	0.000234385263604095	"0"	"ENOX1"
6.79598836970799e-09	0.565124873435731	0.379	0.314	0.000248739970319682	"0"	"SAMHD1"
7.12183038563592e-09	0.647777382929847	0.307	0.237	0.000260666113944661	"0"	"CROT"
7.59398063629716e-09	0.565081137253003	0.34	0.264	0.000277947285269112	"0"	"CRISPLD2"
7.60739239558764e-09	0.576627320051711	0.414	0.347	0.000278438169070903	"0"	"IMPA2"
1.01433202735043e-08	0.761869840554669	0.281	0.215	0.000371255665330533	"0"	"P4HA3"
1.16248051443598e-08	0.547964636869185	0.356	0.286	0.000425479493088713	"0"	"SNHG9"
1.2100175073837e-08	0.719524080691645	0.277	0.21	0.000442878507877507	"0"	"ACYP1"
1.28470711210528e-08	0.796837881474699	0.253	0.184	0.000470215650101653	"0"	"GAP43"
1.29458980603121e-08	0.7107828646777	0.269	0.2	0.000473832814905483	"0"	"NR4A2"
1.57188867737628e-08	0.591896644051603	0.332	0.265	0.000575326974806494	"0"	"MRNIP"
1.64499869216613e-08	0.545207277785039	0.426	0.369	0.000602085971319726	"0"	"NNT"
1.77888049009447e-08	0.587231320221452	0.319	0.252	0.000651088048179475	"0"	"PIGV"
1.80016534498081e-08	0.756497895763879	0.268	0.203	0.000658878517916425	"0"	"AC090204.1"
1.99348804080767e-08	0.592566222662468	0.372	0.307	0.000729636557816015	"0"	"RBM43"
2.39990917074827e-08	0.55673402038302	0.392	0.33	0.000878390755585573	"0"	"IFNAR2"
2.74057409804096e-08	0.72595509996514	0.307	0.243	0.00100307752562397	"0"	"PCBP3"
2.9403971973239e-08	0.555239753171745	0.381	0.313	0.00107621477819252	"0"	"TLE1"
3.04881811522391e-08	0.81826401096363	0.256	0.192	0.0011158979183531	"0"	"HSPB8"
3.53341890282784e-08	0.540503420369776	0.41	0.351	0.00129326665262402	"0"	"NT5DC1"
3.88843045766213e-08	0.568644862119551	0.433	0.374	0.00142320443180892	"0"	"QPCT"
4.33824866258839e-08	0.613963031759817	0.421	0.373	0.00158784239299398	"0"	"GSR"
4.54229944166115e-08	0.730140050367416	0.264	0.201	0.0016625270186424	"0"	"AL162258.2"
4.87334101456494e-08	0.56568312769452	0.456	0.397	0.00178369154474091	"0"	"APBB1IP"
4.90965334423792e-08	0.642123171177966	0.345	0.283	0.00179698222052452	"0"	"SLCO3A1"
5.55650516825905e-08	0.656814271030446	0.316	0.252	0.0020337364566345	"0"	"TRPS1"
5.70538273987481e-08	0.610469930578355	0.352	0.29	0.00208822713662158	"0"	"EFHC1"
6.11782440822532e-08	0.680141751265194	0.258	0.193	0.00223918491165455	"0"	"DLGAP1-AS1"
6.83835101394074e-08	0.507787350615962	0.456	0.417	0.00250290485461245	"0"	"ADAM17"
7.37172245755197e-08	0.686344159580351	0.264	0.201	0.0026981241366886	"0"	"GM2A"
1.07724274062446e-07	0.653147129407707	0.298	0.237	0.00394281615495959	"0"	"HS1BP3"
1.09677849453912e-07	0.608353909897609	0.304	0.243	0.00401431896786264	"0"	"EPB41L1"
1.16511444035158e-07	0.50412646871916	0.494	0.452	0.00426443536313082	"0"	"EPS8L2"
1.57203254917147e-07	0.620106135877745	0.365	0.311	0.0057537963332225	"0"	"STEAP3"
1.90482745205336e-07	0.557796778257171	0.478	0.442	0.0069718589572605	"0"	"IFT80"
1.98996371449482e-07	0.583864761434582	0.327	0.267	0.0072834661914225	"0"	"ZC3H6"
2.09476909044904e-07	0.64961656918411	0.334	0.277	0.00766706434795253	"0"	"RPUSD4"
2.49046418293313e-07	0.537874165432103	0.534	0.489	0.00911534795595355	"0"	"PLTP"
2.57851031005197e-07	0.639924221734569	0.273	0.211	0.00943760558582122	"0"	"EIF3J-DT"
3.44474914219624e-07	0.565375704342319	0.353	0.301	0.0126081263353524	"0"	"POLL"
3.67385704179729e-07	0.593444781345812	0.451	0.406	0.0134466841586823	"0"	"FASN"
4.76769593868965e-07	0.583152295854863	0.266	0.206	0.017450243905198	"0"	"PLA2R1"
5.73154869638671e-07	0.63992469506701	0.256	0.197	0.020978041383645	"0"	"DMPK"
6.40259676070363e-07	0.563197319922256	0.305	0.249	0.0234341444038513	"0"	"GABPB1-IT1"
6.64359367414299e-07	0.565910212956623	0.297	0.239	0.0243162172067307	"0"	"UBA7"
6.73995438097269e-07	0.540773088303804	0.392	0.347	0.0246689070297981	"0"	"RPA2"
6.93843676261882e-07	0.654104141416172	0.288	0.233	0.0253953723948611	"0"	"STIM1"
7.50852394357462e-07	0.621412093181032	0.286	0.23	0.0274819484858775	"0"	"HOXA9"
7.9547000946642e-07	0.51145341348138	0.353	0.294	0.0291149978164804	"0"	"DGLUCY"
8.88367015983103e-07	0.570655365323835	0.318	0.262	0.0325151211519975	"0"	"RETSAT"
9.37672508666024e-07	0.605795589398361	0.25	0.192	0.0343197514896851	"0"	"CHEK2"
1.07026192387795e-06	0.530540240119344	0.416	0.38	0.039172656675857	"0"	"IDI1"
1.20085700543608e-06	0.525081689232028	0.345	0.29	0.0439525672559661	"0"	"ABCB7"
1.23666558050272e-06	0.505936058685598	0.388	0.336	0.0452631969119802	"0"	"BMPER"
1.39431951419604e-06	0.584746326998947	0.321	0.268	0.0510334885390892	"0"	"ZNF862"
1.42198031506273e-06	0.545746429835462	0.32	0.264	0.0520459015116108	"0"	"TPCN1"
1.48596079298153e-06	0.711282398818331	0.255	0.202	0.0543876509839172	"0"	"C1QTNF5"
1.49847235864737e-06	0.578933910301411	0.331	0.283	0.0548455867988525	"0"	"SIX5"
1.59103329231619e-06	0.560320009826678	0.378	0.33	0.0582334095320649	"0"	"SMOX"
1.84544618215954e-06	0.550904148606306	0.29	0.231	0.0675451757132215	"0"	"GPR137B"
1.86874820731003e-06	0.580895282612203	0.29	0.235	0.0683980531357544	"0"	"TMEM91"
1.97891420504638e-06	0.506518234460974	0.388	0.339	0.0724302388189024	"0"	"SRGAP2"
2.44253983499733e-06	0.641636957844921	0.285	0.235	0.0893994005007372	"0"	"FGGY"
4.09132744209759e-06	0.523763078360033	0.338	0.29	0.149746675708214	"0"	"ABCD4"
4.29229129869475e-06	0.648259850242962	0.256	0.205	0.157102153823527	"0"	"FBXO44"
4.31059653094634e-06	0.592339227460914	0.336	0.288	0.157772143629167	"0"	"LPCAT3"
4.71511441735494e-06	0.531136556754223	0.384	0.336	0.172577902789608	"0"	"FAM13A"
6.12819732159295e-06	0.519692228452557	0.329	0.277	0.224298150167624	"0"	"RGL2"
7.28381179760372e-06	0.528711789752336	0.287	0.234	0.266594795604094	"0"	"TTLL3"
9.13137985719342e-06	0.552579899749209	0.285	0.237	0.334217634153136	"0"	"BBS1"
1.10081265624494e-05	0.582501169387316	0.267	0.219	0.402908440312211	"0"	"SLC2A11"
1.2552290151345e-05	0.638556636921197	0.457	0.417	0.459426371829377	"0"	"ABI3BP"
1.52437772374175e-05	0.514005171670223	0.323	0.28	0.557937490666718	"0"	"ERAP1"
1.77139887675591e-05	0.540598899742044	0.361	0.322	0.648349702881429	"0"	"FNIP1"
1.95389972279939e-05	0.518971956687496	0.375	0.34	0.715146837541806	"0"	"CRELD1"
1.96117066715222e-05	0.598007694938028	0.283	0.233	0.717808075884385	"0"	"PIM3"
2.17802827950759e-05	0.511093096955766	0.358	0.316	0.797180130582574	"0"	"CYLD"
2.24158944300908e-05	0.557333514293727	0.27	0.222	0.820444152035752	"0"	"CLIP2"
2.74365480374241e-05	0.540689343980403	0.288	0.243	1	"0"	"RASA4"
2.8415029721649e-05	0.503075950808952	0.345	0.306	1	"0"	"AL162231.1"
3.13345881420352e-05	0.532759503979046	0.309	0.263	1	"0"	"PPP1R3C"
3.57784709547852e-05	0.51058362390971	0.345	0.304	1	"0"	"LSS"
4.59377156396263e-05	0.611073446274896	0.25	0.207	1	"0"	"MZF1"
5.07763280800946e-05	0.5111894031629	0.319	0.282	1	"0"	"SPR"
7.37521947109412e-05	0.519387572618637	0.291	0.247	1	"0"	"CLK4"
7.85851081015068e-05	0.555772392849581	0.253	0.206	1	"0"	"SPATA7"
8.58659563481145e-05	0.526979410684356	0.272	0.229	1	"0"	"IQCB1"
9.7774330552307e-05	0.524949911860857	0.357	0.322	1	"0"	"C6orf226"
0.000105919033659389	0.618709511666252	0.25	0.209	1	"0"	"SLC2A6"
0.000113889631213249	0.527660937416822	0.288	0.248	1	"0"	"ABHD8"
0.00011647373963009	0.503929700686037	0.311	0.268	1	"0"	"HAND2"
0.000122213592674516	0.539747852959005	0.264	0.224	1	"0"	"RESF1"
0.000145994047689256	0.66164017200816	0.265	0.226	1	"0"	"SEZ6L2"
0.000195728304407049	0.575608778065838	0.252	0.212	1	"0"	"SORCS2"
0.000197456002266182	0.54261158583677	0.301	0.263	1	"0"	"PCDHGA12"
0.00019817306782467	0.518776788629563	0.315	0.278	1	"0"	"PLCB1"
0.000596344348009992	0.598510568311377	0.457	0.438	1	"0"	"C11orf96"
0.000647065598027278	0.522375413921734	0.25	0.213	1	"0"	"PCNX2"
0.000821130120999102	0.581154612178949	0.277	0.243	1	"0"	"HMGCS1"
0.001389409566519	1.12290403716523	0.385	0.346	1	"0"	"IGFBP5"
0.00220510260169512	0.65810397060153	0.286	0.257	1	"0"	"NMB"
0.00395020538097836	0.503200228435612	0.28	0.259	1	"0"	"AGBL5"
0.00462442884318569	0.513159376952391	0.296	0.275	1	"0"	"HLA-DPB1"
0	4.52903875685285	0.463	0.023	0	"1"	"GATD3A"
2.37889740030828e-162	2.02473187961353	0.552	0.156	8.70700237486832e-158	"1"	"PDE1C"
2.17383009849811e-159	0.758975186581612	1	0.996	7.95643554351292e-155	"1"	"ZFAS1"
4.31706416821331e-157	0.783347004604281	1	0.966	1.58008865620775e-152	"1"	"BGN"
1.91834844032163e-155	1.10093658662368	0.987	0.815	7.0213471264212e-151	"1"	"EFEMP1"
3.85666082779256e-130	0.840274352688004	0.999	0.983	1.41157642958035e-125	"1"	"HLA-B"
8.25992684568402e-128	0.656716674546098	1	0.992	3.02321582478881e-123	"1"	"GAS5"
1.12419990866895e-127	1.49689815321956	0.723	0.331	4.11468408571922e-123	"1"	"CDH13"
2.39222085319664e-127	1.20730647208421	0.932	0.711	8.75576754478503e-123	"1"	"FGF2"
7.7401642360131e-125	1.36593586863846	0.796	0.421	2.83297751202316e-120	"1"	"UNC5B"
3.63861744270331e-123	0.787581366183546	1	0.999	1.33177037020384e-118	"1"	"TGFBI"
8.06596131595467e-119	1.25466872994063	0.983	0.865	2.95222250125257e-114	"1"	"POSTN"
2.20512572544752e-113	0.788985847665922	0.992	0.943	8.07098066771045e-109	"1"	"MT-ND4L"
4.65015954045683e-108	0.515741074712367	0.998	0.984	1.70200489340261e-103	"1"	"PPP1R14B"
6.91784217968232e-95	0.507470986281332	1	0.999	2.53199941618553e-90	"1"	"HLA-A"
2.35879366428594e-92	0.517333251365744	0.997	0.996	8.63342069065295e-88	"1"	"MT-CO2"
1.51844564168752e-91	1.12755701874021	0.694	0.341	5.55766289314048e-87	"1"	"U2AF1"
8.86622271429159e-86	1.19821826972237	0.741	0.428	3.24512617565787e-81	"1"	"MICAL2"
1.1870170049296e-84	1.32208942655877	0.604	0.292	4.34460093974283e-80	"1"	"LMO7-AS1"
9.05015909954902e-81	0.576051401704095	0.994	0.974	3.31244873202594e-76	"1"	"MT-ND3"
1.06725507538817e-79	0.667406615553797	0.982	0.912	3.90626030142823e-75	"1"	"SPOCK1"
1.73279962545094e-79	0.571118862625876	0.987	0.927	6.34221990911299e-75	"1"	"EIF4EBP1"
1.41963230589332e-76	0.734325158601911	0.982	0.822	5.19599620280012e-72	"1"	"ITGA11"
9.32932621190636e-73	1.72221257516235	0.358	0.122	3.41462668681985e-68	"1"	"IL20RB"
1.07316299856501e-71	0.715262795669556	0.981	0.887	3.9278838910478e-67	"1"	"NREP"
1.57296165790934e-67	0.617821791507827	0.985	0.924	5.75719696411398e-63	"1"	"MT-ND4"
9.61311439660888e-67	0.539824757982606	0.997	0.99	3.51849600030282e-62	"1"	"MT-CYB"
2.82042388490963e-66	0.527476381071414	0.985	0.956	1.03230334611577e-61	"1"	"NUCB2"
1.08473288720807e-65	0.546084388310151	0.983	0.916	3.97023084047027e-61	"1"	"TNFRSF12A"
1.91017334431014e-65	0.599713569867672	0.991	0.945	6.99142545750954e-61	"1"	"ENG"
9.83887165247715e-61	0.776269121479602	0.87	0.684	3.60112541352316e-56	"1"	"SPHK1"
1.70769786561523e-59	0.680085343316816	0.901	0.631	6.25034495793832e-55	"1"	"TRIB3"
4.03256862666758e-58	0.885060039919321	0.705	0.436	1.4759604430466e-53	"1"	"ADAMTS6"
8.10809099519345e-57	0.603011921486302	0.96	0.839	2.96764238515075e-52	"1"	"GYPC"
2.56670997476454e-55	1.00098800297711	0.627	0.367	9.3944151786357e-51	"1"	"NTM"
7.38141350332804e-55	1.06247250119156	0.517	0.26	2.70167115635309e-50	"1"	"AC010618.3"
8.48012023102902e-55	0.77438539885864	0.884	0.727	3.10380880575893e-50	"1"	"IFI30"
1.26613108391279e-53	0.65441660789405	0.923	0.781	4.63416638022921e-49	"1"	"EPB41L4A-AS1"
1.50667758550726e-53	0.581266937440975	0.949	0.819	5.5145906307151e-49	"1"	"CCPG1"
1.06139662051373e-52	1.13884129614177	0.438	0.201	3.88481777074231e-48	"1"	"BX890604.2"
4.98524583445512e-52	1.04910136830011	0.491	0.241	1.82464982786892e-47	"1"	"COL11A1"
1.77071885685046e-48	1.22382772303156	0.611	0.372	6.48100808795836e-44	"1"	"UPP1"
2.37997939784367e-48	1.15049656317009	0.46	0.228	8.71096259404762e-44	"1"	"DPT"
5.56777634719073e-47	0.511267422876135	0.968	0.902	2.03786182083528e-42	"1"	"TAF1D"
8.41350014701478e-46	0.502964980980806	0.959	0.852	3.07942518880888e-41	"1"	"PXDN"
1.88917080822556e-44	0.87533115206472	0.511	0.275	6.91455407518638e-40	"1"	"NRG1"
6.47509643528093e-44	0.94962955103768	0.555	0.318	2.36995004627717e-39	"1"	"SLC7A11"
8.82872982460278e-44	0.896603281494676	0.596	0.377	3.23140340310286e-39	"1"	"DUXAP8"
1.0922123466835e-43	0.609832046568837	0.792	0.546	3.99760641009629e-39	"1"	"HOXC10"
1.30076257963944e-40	1.46310051284151	0.335	0.155	4.7609211177383e-36	"1"	"LINC01615"
2.26963077214302e-40	0.566053240282939	0.857	0.698	8.30707558912066e-36	"1"	"TIMM10"
2.78519192421624e-40	1.14061467760982	0.287	0.116	1.01940809618239e-35	"1"	"AC119673.2"
3.24237433711193e-40	0.697223435893971	0.744	0.522	1.18674143112634e-35	"1"	"RPS6KA2"
3.89467919486268e-40	0.814187628026269	0.673	0.454	1.42549153211169e-35	"1"	"SNHG12"
4.43420794012636e-39	0.684176854598008	0.795	0.581	1.62296444816565e-34	"1"	"CTSC"
7.68679223785991e-39	0.971498203695403	0.558	0.336	2.81344282697911e-34	"1"	"DACT1"
7.90720352588344e-39	1.26853854963255	0.298	0.126	2.8941155625086e-34	"1"	"KCNJ15"
2.77183155871092e-37	0.977480929316138	0.456	0.251	1.01451806880378e-32	"1"	"LBH"
1.85787564862935e-36	0.985162835468039	0.547	0.344	6.80001066154827e-32	"1"	"PTGS1"
4.15234954805826e-36	1.08684963166928	0.353	0.172	1.5198014580848e-31	"1"	"LTC4S"
4.1656550895644e-36	0.51487820211855	0.977	0.915	1.52467141933147e-31	"1"	"SERPINE1"
9.3375717796492e-36	0.990577213734041	0.458	0.257	3.4176446470694e-31	"1"	"PLXNA1"
1.16829045125815e-35	0.837317929532092	0.504	0.291	4.27605988064994e-31	"1"	"VDR"
1.36303883896141e-35	0.558176483813351	0.773	0.55	4.98885845448267e-31	"1"	"CHAC1"
1.76115861012194e-35	1.37054331062757	0.387	0.206	6.44601662890733e-31	"1"	"LOXL4"
2.43458875339473e-35	1.08308713459356	0.397	0.207	8.91083829630007e-31	"1"	"PTGIR"
2.01271425743652e-34	1.06238288521043	0.297	0.133	7.36673545364339e-30	"1"	"KHDRBS3"
4.47939859975704e-34	0.654062997397402	0.643	0.423	1.63950468149708e-29	"1"	"SLC38A1"
6.40394258302563e-34	0.588321780465071	0.703	0.487	2.34390702481321e-29	"1"	"EVA1A"
9.92645227291916e-34	1.03960076361256	0.426	0.238	3.63318079641114e-29	"1"	"LIMD2"
3.26273513535109e-32	0.926553992221931	0.526	0.337	1.19419368688985e-27	"1"	"F3"
3.6121465887344e-32	0.564102644644118	0.8	0.607	1.32208177294268e-27	"1"	"MBD2"
4.21767500942363e-32	0.614364957326074	0.56	0.338	1.54371123019914e-27	"1"	"MYO1D"
4.47239048215216e-32	0.595676934315819	0.989	0.907	1.63693964037251e-27	"1"	"IGFBP3"
4.989473715974e-32	0.71045742642016	0.565	0.352	1.82619727478364e-27	"1"	"TMEM204"
6.46835145596125e-32	0.584318232254615	0.661	0.439	2.36748131639638e-27	"1"	"FOXD1"
1.44036179585104e-30	0.630797464371256	0.761	0.567	5.27186820899439e-26	"1"	"DDIT3"
2.72120305173453e-30	0.707591132707403	0.539	0.336	9.95987528965356e-26	"1"	"TAP2"
3.35240539166594e-30	0.843030363829427	0.58	0.392	1.22701389740365e-25	"1"	"SCG5"
6.04514467211143e-30	0.518262019986571	0.83	0.662	2.2125834014395e-25	"1"	"AXL"
6.32793638320475e-30	1.18504193563947	0.37	0.202	2.31608799561677e-25	"1"	"ALPL"
1.15759732081098e-29	0.67072705917181	0.742	0.58	4.23692195390028e-25	"1"	"LMCD1"
1.69022099998027e-29	0.651952816042835	0.646	0.464	6.18637788202778e-25	"1"	"DDAH1"
2.52604768396229e-29	0.652319912991028	0.674	0.485	9.24558712807036e-25	"1"	"DSP"
5.3342843823736e-29	0.748122294414844	0.474	0.286	1.95240142679256e-24	"1"	"ADM2"
3.49423003071002e-28	0.850346689384519	0.312	0.154	1.27892313354017e-23	"1"	"AL359834.1"
5.45043573684941e-28	1.22415189347523	0.281	0.138	1.99491398404425e-23	"1"	"SH3BGR"
1.61464114315576e-27	0.795752241581657	0.429	0.249	5.90974804806438e-23	"1"	"RPS10"
2.92796333434617e-27	0.518409151182298	0.747	0.554	1.07166386000404e-22	"1"	"MSC"
4.70159198185043e-27	0.961628736554691	0.272	0.13	1.72082968127708e-22	"1"	"CCN4"
5.41431486223127e-27	0.89111697866435	0.302	0.154	1.98169338272527e-22	"1"	"TNFRSF11B"
1.00426091189851e-26	0.708136877180328	0.547	0.365	3.67569536363974e-22	"1"	"PAWR"
1.70348166181937e-26	0.6531322428214	0.516	0.332	6.23491323042507e-22	"1"	"LINC00632"
1.76495024955547e-26	0.615773349359967	0.623	0.42	6.45989440839796e-22	"1"	"BACE2"
2.4462359935584e-26	1.02042430891165	0.284	0.142	8.9534683600231e-22	"1"	"SMILR"
7.92741814702939e-26	0.837726480964505	0.381	0.216	2.90151431599423e-21	"1"	"LINC01119"
2.00032292269308e-25	0.612111651983895	0.632	0.444	7.32138192934894e-21	"1"	"SLC7A5"
2.14387593817571e-25	0.535225266465917	0.732	0.551	7.84680032131692e-21	"1"	"ZNF358"
2.75766276440777e-25	0.947568952811308	0.29	0.148	1.00933214840089e-20	"1"	"TBC1D2"
3.18905013552101e-25	0.731042755465509	0.409	0.24	1.16722424010205e-20	"1"	"PNP"
2.78919881968643e-24	0.763455780285177	0.357	0.196	1.02087465999343e-19	"1"	"ACVRL1"
3.31081187167136e-24	1.00910397074546	0.255	0.125	1.21179025315043e-19	"1"	"HOXA11"
4.36960562127483e-24	0.504846405398949	0.716	0.539	1.5993193534428e-19	"1"	"RBMS3"
4.99495623489792e-24	0.602633919498984	0.638	0.47	1.82820393153499e-19	"1"	"GREM2"
3.86365500950375e-23	0.571096283932385	0.577	0.386	1.41413637002847e-18	"1"	"HOXD-AS2"
4.4210112662432e-23	0.893214110030814	0.268	0.136	1.61813433355767e-18	"1"	"POU2F2"
5.3726343998671e-23	0.870541519822651	0.383	0.231	1.96643791669536e-18	"1"	"LPXN"
5.76292488963609e-23	0.831364406485015	0.269	0.137	2.1092881388557e-18	"1"	"SORBS2"
1.02289720608571e-22	0.730721053702975	0.384	0.228	3.74390606399432e-18	"1"	"ACVR2A"
1.14614965467757e-22	0.718832215717147	0.415	0.253	4.19502235108537e-18	"1"	"DLEU2"
1.42987930080067e-22	0.741851511799323	0.356	0.205	5.23350122886054e-18	"1"	"NUAK1"
5.65398455503933e-22	0.698391882489124	0.547	0.388	2.06941488698995e-17	"1"	"LIMS2"
6.68985112402532e-22	0.554058417094955	0.547	0.369	2.44855240990451e-17	"1"	"KCNK2"
1.271351361542e-21	0.575236062784408	0.582	0.403	4.65327311837986e-17	"1"	"PTPN12"
1.61598017959637e-21	0.589202047712596	0.681	0.521	5.91464905534066e-17	"1"	"TMEM138"
1.62391925049486e-21	0.604746034679432	0.487	0.319	5.94370684873625e-17	"1"	"FAM241A"
1.62732936635705e-21	0.556387988686486	0.611	0.437	5.95618821380343e-17	"1"	"MPRIP"
3.64327625272452e-21	0.652801155284982	0.489	0.327	1.3334755412597e-16	"1"	"HCFC1"
1.99848362113936e-20	0.714733477617668	0.5	0.34	7.31464990173218e-16	"1"	"ABHD2"
3.66334185714334e-20	0.570664158210803	0.51	0.336	1.34081975313303e-15	"1"	"KIFC3"
3.78286165250171e-20	0.583384584498684	0.452	0.286	1.38456519343215e-15	"1"	"GPR1"
6.63156836673286e-20	0.60843026592676	0.409	0.253	2.42722033790789e-15	"1"	"GTPBP2"
8.06296106772778e-20	0.518073456915826	0.643	0.469	2.95112438039905e-15	"1"	"PDGFC"
1.18492789907133e-19	0.787781779080806	0.44	0.291	4.33695460339096e-15	"1"	"CSTA"
1.32846232942691e-19	0.662370887300261	0.363	0.218	4.86230497193543e-15	"1"	"FMR1"
1.32975684790739e-19	0.670577354843108	0.391	0.242	4.86704303902585e-15	"1"	"ADGRL4"
4.40067377451074e-19	0.6968095656636	0.4	0.256	1.61069060820868e-14	"1"	"PPP1R13L"
7.49072844538249e-19	0.591609649214056	0.448	0.294	2.74168151829444e-14	"1"	"PVR"
1.93128199475278e-18	0.719907546083696	0.38	0.237	7.06868522899465e-14	"1"	"PCGF2"
2.0930474227515e-18	0.533253294899136	0.575	0.409	7.66076287201278e-14	"1"	"NMI"
2.16817690661766e-18	0.743087747172916	0.257	0.137	7.93574429591128e-14	"1"	"FAM89B"
2.32989910827221e-18	0.682817505584421	0.362	0.223	8.52766372618712e-14	"1"	"NR1D1"
2.37791286875371e-18	0.608836489862519	0.559	0.395	8.70339889092547e-14	"1"	"ANKH"
2.7649802068628e-18	0.841847836570214	0.251	0.136	1.01201040551385e-13	"1"	"HRCT1"
3.25503416394857e-18	0.651086200676712	0.416	0.269	1.19137505434682e-13	"1"	"FAM43A"
4.09230486066847e-18	0.634172783398531	0.409	0.26	1.49782450205327e-13	"1"	"JOSD1"
4.178038039494e-18	0.623627749938827	0.438	0.286	1.5292037028352e-13	"1"	"LINC01638"
6.04728346036095e-18	0.670764938174659	0.288	0.163	2.21336621932671e-13	"1"	"FURIN"
7.15458969760588e-18	0.576479789188373	0.351	0.215	2.61865137522073e-13	"1"	"STARD4-AS1"
7.2586815216272e-18	0.518073015546775	0.786	0.677	2.65675002373077e-13	"1"	"PXDC1"
1.35725617824755e-17	0.836647123087714	0.255	0.142	4.96769333800387e-13	"1"	"KCTD15"
1.53739305234809e-17	0.734087653043885	0.3	0.174	5.62701231089926e-13	"1"	"DVL1"
2.68868620065805e-17	0.532484625807688	0.395	0.251	9.84086036302854e-13	"1"	"VEPH1"
3.45543587832175e-17	0.550168053261721	0.483	0.325	1.26472408582454e-12	"1"	"SIX1"
4.62859970117241e-17	0.705527511093777	0.63	0.501	1.69411377662611e-12	"1"	"SMYD3"
6.49082924570023e-17	0.522873984285018	0.445	0.299	2.37570841221874e-12	"1"	"SLC1A4"
9.50773780357857e-17	0.532461767217555	0.595	0.446	3.47992711348779e-12	"1"	"RCAN1"
1.02095483769441e-16	0.54339259073109	0.372	0.233	3.73679680144533e-12	"1"	"SERPINB8"
2.872059299156e-16	0.585772904987623	0.582	0.434	1.05120242408409e-11	"1"	"GRAMD2B"
3.92646956084102e-16	0.574152279913728	0.486	0.331	1.43712712396342e-11	"1"	"MAFG"
8.34771636096958e-16	0.511665818879981	0.408	0.266	3.05534766527848e-11	"1"	"KLHL5"
9.50982994858231e-16	0.515537503807432	0.399	0.258	3.48069285948061e-11	"1"	"TBX15"
1.12481516112473e-15	0.546025371270146	0.425	0.285	4.11693597123264e-11	"1"	"PMEPA1"
1.71300529487044e-15	0.53537934419227	0.374	0.237	6.26977067975529e-11	"1"	"SLC1A3"
2.63965388008699e-15	0.688948159785405	0.275	0.164	9.66139716650639e-11	"1"	"KCNK6"
2.67558542929305e-15	0.519620739474699	0.439	0.299	9.79291022975551e-11	"1"	"SAMD1"
2.88487516272655e-15	0.556142731531062	0.5	0.365	1.05589315830955e-10	"1"	"TIPARP"
5.61815320087484e-15	0.657302589643822	0.276	0.162	2.0563002530522e-10	"1"	"N4BP2"
1.0612457239021e-14	0.548939196318457	0.453	0.313	3.88426547405409e-10	"1"	"MOK"
1.3549827127949e-14	0.534041533581589	0.392	0.26	4.95937222710062e-10	"1"	"TESK1"
1.37612669399524e-14	0.575852266649213	0.399	0.265	5.03676131269197e-10	"1"	"USF2"
1.6830432385629e-14	0.644889141592037	0.258	0.151	6.16010655746406e-10	"1"	"ATP10A"
1.68843539650788e-14	0.500840225230375	0.405	0.268	6.1798423947585e-10	"1"	"PTER"
3.29902698310559e-14	0.549723797094618	0.32	0.198	1.20747686608648e-09	"1"	"EEF1AKMT4"
5.17942267643421e-14	0.546333359317034	0.372	0.244	1.89572049380168e-09	"1"	"SLC9A1"
6.6777103114891e-14	0.568650915668472	0.319	0.202	2.44410875110812e-09	"1"	"FMNL3"
6.99598052641221e-14	0.761664532816476	0.41	0.296	2.56059883247213e-09	"1"	"KRT18"
1.57688370597489e-13	0.538574562830819	0.466	0.325	5.77155205223869e-09	"1"	"AK5"
2.43968276318178e-13	0.643359816818725	0.291	0.183	8.92948288152162e-09	"1"	"CD3EAP"
3.21230518249817e-13	0.577937060633151	0.282	0.172	1.17573581984616e-08	"1"	"ATP13A2"
3.72982945727418e-13	0.539752162353094	0.312	0.199	1.36515487965692e-08	"1"	"CPNE8"
5.84668254464899e-13	0.716607341122201	0.26	0.158	2.13994427816698e-08	"1"	"ADAMTS10"
1.29697061500887e-12	0.523529891167144	0.413	0.294	4.74704214799396e-08	"1"	"NGF"
1.75147818358762e-12	0.554610059869763	0.337	0.223	6.41058529974906e-08	"1"	"SDSL"
1.93742370711204e-12	0.501953656557054	0.346	0.23	7.09116451040079e-08	"1"	"PUS1"
5.63343929476706e-12	0.565738726035566	0.297	0.192	2.06189511627769e-07	"1"	"DNLZ"
5.64311564979505e-12	0.552867312578904	0.28	0.175	2.06543675898149e-07	"1"	"KCTD5"
7.02948944765461e-12	0.509167113827903	0.361	0.245	2.57286343273606e-07	"1"	"TRPS1"
1.61117225690311e-11	0.707415428170827	0.296	0.193	5.89705157749108e-07	"1"	"SNAI1"
4.48658544522242e-11	0.596938450838595	0.34	0.235	1.64213513880586e-06	"1"	"KRT8"
5.53821600915576e-11	0.605072713313788	0.276	0.182	2.0270424415111e-06	"1"	"KLF16"
7.07039300912254e-11	0.540643686477092	0.301	0.199	2.58783454526894e-06	"1"	"SPECC1"
2.12824548437855e-10	0.635708982803664	0.276	0.183	7.78959129737393e-06	"1"	"RNF212"
2.83094515142055e-10	0.588743810777159	0.295	0.198	1.03615423487143e-05	"1"	"PSMA3-AS1"
3.65183575826133e-10	0.533180991965122	0.298	0.201	1.33660840588123e-05	"1"	"PINX1"
4.9534751372497e-10	0.518176757692932	0.482	0.371	1.81302143498476e-05	"1"	"ANGPTL4"
9.17868204409736e-10	0.503509617597364	0.362	0.26	3.35948941496008e-05	"1"	"FAM50B"
1.01207411009138e-09	0.509461162565582	0.285	0.19	3.70429245034546e-05	"1"	"UBIAD1"
2.40883534450133e-09	0.620047760765893	0.253	0.168	8.8165782444093e-05	"1"	"PCDH9"
3.59138197454848e-08	0.645330756972138	0.38	0.284	0.00131448171650449	"1"	"KRT7"
3.43329638621435e-165	1.34451284055922	0.978	0.822	1.25662081031832e-160	"2"	"TNC"
4.67075476881353e-157	1.35398134776006	0.951	0.75	1.70954295293344e-152	"2"	"COL8A1"
1.6054876836625e-148	2.29231221694109	0.508	0.146	5.87624547097313e-144	"2"	"PTN"
3.38369134367108e-126	0.800595205102325	0.997	0.964	1.23846486869705e-121	"2"	"CTHRC1"
1.68071393373372e-113	0.798544654254915	0.996	0.984	6.15158106885878e-109	"2"	"HLA-B"
2.58649529639615e-110	0.615129156099115	1	1	9.46683143433954e-106	"2"	"SPARC"
3.6682871197543e-95	1.4680702162926	0.788	0.579	1.34262976870127e-90	"2"	"ACTA2"
4.94291616358804e-94	0.545031171549275	1	1	1.80915674503486e-89	"2"	"TPM2"
4.39542167470112e-78	0.686144290011862	0.989	0.949	1.60876828715736e-73	"2"	"FOS"
1.70197117881506e-77	1.37775191698763	0.642	0.412	6.22938471158101e-73	"2"	"TFB2M"
1.07308685734705e-71	0.960720286795189	0.871	0.782	3.92760520657595e-67	"2"	"CSRP1"
1.93162259280385e-71	2.2783653035225	0.314	0.102	7.06993185192136e-67	"2"	"SCN9A"
2.04415398241855e-67	1.04455863268602	0.691	0.416	7.48180799105014e-63	"2"	"KRT19"
1.39368847825797e-65	0.838340963855004	0.934	0.847	5.10103919927198e-61	"2"	"CCN2"
2.16186713960462e-65	0.608311061471304	0.97	0.927	7.91264991766687e-61	"2"	"PDLIM7"
1.19257442157658e-63	0.531959503347507	0.978	0.938	4.36494164041244e-59	"2"	"LGALS3BP"
2.98008136712638e-63	2.05390750106817	0.355	0.143	1.09073958118193e-58	"2"	"KANSL1-AS1"
8.80972299737682e-63	0.705718415175975	0.989	0.966	3.22444671426989e-58	"2"	"TAGLN"
4.68855170376764e-57	1.22360579112912	0.554	0.311	1.71605680909599e-52	"2"	"U2AF1L5"
4.1894500875203e-53	1.37833926203438	0.515	0.303	1.53338062653331e-48	"2"	"CBWD1"
3.0529615319146e-52	0.58452588600441	0.992	0.985	1.11741445029606e-47	"2"	"MYL9"
5.46545211039277e-52	1.14699552335546	0.634	0.446	2.00041012692486e-47	"2"	"FOXD1"
1.20841974004877e-47	0.585703248033042	0.945	0.858	4.4229370905525e-43	"2"	"EGR1"
4.21688253786773e-46	0.5535369037549	0.97	0.945	1.54342117768497e-41	"2"	"TUBA1A"
1.48720956603377e-44	1.13846799510424	0.555	0.343	5.4433357326402e-40	"2"	"TGM2"
7.50443334812716e-44	0.586202207479586	0.909	0.803	2.74669764974802e-39	"2"	"PLOD2"
5.70000740725479e-43	0.684173180300106	0.809	0.651	2.08625971112933e-38	"2"	"TRIB3"
1.45627956507258e-40	0.530095989368487	0.957	0.962	5.33012883612216e-36	"2"	"BNIP3"
1.97451860228319e-40	1.82387028774968	0.277	0.117	7.22693553621671e-36	"2"	"LRRC15"
6.29665271887837e-40	0.554731885020998	0.957	0.93	2.30463786163667e-35	"2"	"JUN"
2.1223543758067e-39	0.839859305553545	0.566	0.366	7.76802925089008e-35	"2"	"PITX2"
1.059483184696e-38	1.19885074749354	0.512	0.329	3.87781440430582e-34	"2"	"ASPN"
6.72013364595238e-38	1.1157773450622	0.542	0.368	2.45963611575503e-33	"2"	"CDH13"
8.58827578799516e-38	0.55747806666281	0.932	0.851	3.14339482116411e-33	"2"	"CDC42EP3"
4.13320850241913e-37	1.06457080468103	0.57	0.428	1.51279564397043e-32	"2"	"SNHG17"
1.34299157192284e-36	1.27841121884581	0.458	0.28	4.91548345239477e-32	"2"	"CNN1"
6.13195428852072e-36	0.860964502526446	0.656	0.518	2.24435658914147e-31	"2"	"F2R"
1.60209524683757e-35	1.12301263949609	0.548	0.382	5.8638288129502e-31	"2"	"INHBA"
1.72570529091287e-33	0.578627061260251	0.845	0.807	6.31625393527019e-29	"2"	"SMIM3"
1.34299272271161e-32	0.578251106534164	0.863	0.815	4.91548766439675e-28	"2"	"DPYSL3"
1.35315354337048e-32	0.533072538152527	0.922	0.883	4.9526772840903e-28	"2"	"IER2"
5.74564180879752e-32	1.42335471383558	0.284	0.137	2.10296235843798e-27	"2"	"PLPP4"
6.96337008773048e-32	0.551934601510154	0.901	0.845	2.54866308581023e-27	"2"	"IER3"
9.3112150719306e-31	0.737903703232995	0.697	0.597	3.40799782847732e-26	"2"	"GXYLT2"
1.55071780282094e-30	0.661914403737302	0.725	0.58	5.67578223010492e-26	"2"	"BAALC"
1.472674065031e-29	1.52998709947201	0.274	0.135	5.39013434541997e-25	"2"	"RBP1"
2.11538151736198e-29	0.727892807841786	0.817	0.773	7.74250789169658e-25	"2"	"WWTR1"
2.62705489687028e-29	0.563022925680158	0.875	0.832	9.61528362803489e-25	"2"	"VEGFA"
3.62476049341317e-29	1.30238757518149	0.342	0.191	1.32669858819415e-24	"2"	"TOX2"
4.49009544057823e-29	1.21605209821301	0.461	0.322	1.64341983220604e-24	"2"	"ATF3"
6.47413206130597e-29	0.686289671180604	0.581	0.416	2.3695970757586e-24	"2"	"CSRP2"
1.23738623203375e-28	1.22848026651175	0.384	0.235	4.52895734786674e-24	"2"	"LINC00960"
2.71382698342477e-27	0.855090793934552	0.619	0.534	9.93287814203302e-23	"2"	"ITM2C"
3.60638915006678e-27	0.541049330632073	0.83	0.72	1.31997449281594e-22	"2"	"LTBP1"
1.09865687677171e-25	0.830607469375579	0.581	0.451	4.02119403467214e-21	"2"	"IL32"
4.2751739432546e-25	1.05846606251097	0.48	0.351	1.56475641497062e-20	"2"	"KCNG1"
5.78969586399571e-25	0.765534231664417	0.591	0.458	2.11908658318107e-20	"2"	"MICAL2"
5.50867900472915e-24	0.763890378425903	0.566	0.438	2.01623160252092e-19	"2"	"FABP5"
1.5136535530257e-22	1.05651290743324	0.398	0.261	5.54012336942935e-18	"2"	"COL11A1"
2.17964810144132e-22	0.882803599212298	0.473	0.337	7.97773001608539e-18	"2"	"KIF26B"
4.10657366242121e-22	0.567454794979283	0.628	0.487	1.50304702618279e-17	"2"	"SULF1"
2.85327048556078e-21	0.713070988510839	0.632	0.53	1.0443255304201e-16	"2"	"CDH2"
1.01382494080708e-20	1.44351920484627	0.255	0.141	3.71070066584798e-16	"2"	"C1QTNF3"
1.20538969596084e-20	0.96738697208586	0.468	0.346	4.41184682618626e-16	"2"	"BDNF"
4.25650637729143e-20	1.02074437867732	0.415	0.3	1.55792389915244e-15	"2"	"SGCD"
5.97897822438469e-20	1.11583751381983	0.345	0.224	2.18836581990704e-15	"2"	"LIN7A"
2.52155121842091e-19	0.800950776393092	0.544	0.452	9.22912961454239e-15	"2"	"XAF1"
1.54684651557458e-18	0.594976678313028	0.677	0.606	5.66161293165454e-14	"2"	"FIBIN"
4.27556331444786e-18	0.864621253220291	0.476	0.374	1.56489892872106e-13	"2"	"ADAMTS12"
1.51697295869902e-17	0.619829199222695	0.723	0.655	5.5522727261343e-13	"2"	"GADD45B"
7.90410935192769e-17	0.942573090003445	0.292	0.179	2.89298306389905e-12	"2"	"GAP43"
1.51226196099495e-16	0.699506706752661	0.559	0.468	5.5350300034376e-12	"2"	"FZD2"
3.8416654305671e-16	0.527130222330927	0.733	0.712	1.40608796424187e-11	"2"	"FHL3"
9.07677781975469e-16	0.504460390100901	0.645	0.544	3.32219144980841e-11	"2"	"PDLIM1"
2.89968642366343e-15	0.719554988514751	0.482	0.386	1.06131422792505e-10	"2"	"FADS2"
1.56777315456577e-14	0.639756391638924	0.751	0.765	5.73820652302616e-10	"2"	"IFI6"
2.63662121280602e-14	0.622915657360551	0.492	0.388	9.65029730099132e-10	"2"	"LTBP4"
3.99824341296607e-14	0.808286197700719	0.406	0.311	1.46339707157971e-09	"2"	"HOTAIRM1"
5.67771998517436e-14	1.18788216728914	0.269	0.176	2.07810229177367e-09	"2"	"LPCAT2"
6.44235280694538e-14	0.895640796911116	0.468	0.385	2.35796555087008e-09	"2"	"HES1"
6.51971050338984e-14	0.867883659871294	0.446	0.359	2.38627924134572e-09	"2"	"WNT5A"
7.13184990255987e-14	0.618093081308683	0.493	0.392	2.61032838283594e-09	"2"	"NRP2"
3.32821999813194e-13	0.505741467948907	0.683	0.648	1.21816180151627e-08	"2"	"RNASET2"
8.15625749122894e-12	0.714749787421045	0.532	0.469	2.9852718043647e-07	"2"	"ALDH1B1"
8.19674817981074e-12	0.539518359370714	0.648	0.614	3.00009180129253e-07	"2"	"MYH10"
8.38618448384573e-12	0.733567284058741	0.477	0.397	3.06942738293238e-07	"2"	"NTM"
2.44964237213206e-11	0.558838969079417	0.351	0.249	8.96593604624057e-07	"2"	"EDIL3"
2.95210064287902e-11	0.565423784388648	0.623	0.559	1.08049835630015e-06	"2"	"KLF2"
3.17872844556179e-11	0.79055279409152	0.441	0.374	1.16344639836007e-06	"2"	"KANSL1"
4.09869153513799e-11	0.793890760228768	0.289	0.2	1.50016208877585e-06	"2"	"SERTAD4-AS1"
5.19664870172071e-11	0.538960865002686	0.646	0.612	1.9020253913168e-06	"2"	"RUNX1"
8.67190402822939e-11	0.712395789347453	0.468	0.408	3.17400359337224e-06	"2"	"SMAD1"
1.03379004684628e-10	0.582402859907637	0.408	0.316	3.78377495046206e-06	"2"	"LRRC17"
2.69396487008517e-10	0.631690938838541	0.44	0.359	9.86018082099874e-06	"2"	"DACT1"
4.87387821184698e-10	0.857621516257993	0.293	0.216	1.78388816431811e-05	"2"	"CTH"
6.65112067232504e-09	0.672594602890662	0.477	0.412	0.000243437667727769	"2"	"SCG5"
1.07777396014676e-08	0.504720077658309	0.527	0.471	0.000394476047153317	"2"	"ADAMTS6"
1.19208351722229e-08	0.893379199623237	0.289	0.219	0.000436314488138529	"2"	"NUAK1"
1.56066054275087e-08	0.507145564902212	0.589	0.566	0.000571217365252246	"2"	"PHLDB2"
1.75794031698599e-08	0.66772608278409	0.448	0.396	0.00064342373542004	"2"	"AGA"
1.75840208895349e-08	0.609756533149952	0.415	0.354	0.000643592748577868	"2"	"TBX3"
2.14911603956182e-08	0.672740936830611	0.386	0.323	0.000786597961640023	"2"	"ADGRE5"
2.23686565364535e-08	0.86588136457814	0.319	0.25	0.000818715197890733	"2"	"SNTB1"
7.12885249203084e-08	0.790923559284752	0.261	0.196	0.00260923130060821	"2"	"ADAM19"
7.88686470414385e-08	0.697855729821807	0.391	0.328	0.00288667135036369	"2"	"SLC2A1"
9.20024682829819e-08	0.695186342774158	0.389	0.333	0.00336738234162542	"2"	"FZD7"
9.77755150859156e-08	0.526530068734498	0.482	0.428	0.0035786816276596	"2"	"C2orf74"
1.53154221666601e-07	0.570722888468073	0.466	0.423	0.00560559766721928	"2"	"ASNS"
4.00750898009564e-07	0.869011825761055	0.255	0.194	0.014667883618048	"2"	"TRAF5"
5.25393382331918e-07	0.686909407907747	0.303	0.244	0.0192299231867305	"2"	"SEL1L3"
9.3518114366401e-07	0.746805415238729	0.291	0.232	0.0342285650392464	"2"	"MLLT11"
1.55485270068863e-06	0.581840394628959	0.609	0.617	0.0569091636979047	"2"	"ISG15"
5.31131313148107e-06	0.662787701930128	0.394	0.348	0.194399371925339	"2"	"C1orf54"
1.29037264365139e-05	0.581316472332672	0.424	0.386	0.472289291302847	"2"	"SCD"
1.30923878237418e-05	0.650276700088061	0.346	0.296	0.479194486736773	"2"	"NPAS2"
6.32771372993565e-05	0.577110492288598	0.333	0.29	1	"2"	"FAIM2"
7.33129834360473e-05	0.805091031419777	0.267	0.225	1	"2"	"SPAG4"
0.000290079321083883	0.674340800586123	0.27	0.231	1	"2"	"ALDOC"
0.000290136798592589	0.555920621692087	0.307	0.268	1	"2"	"VEPH1"
0.000335310391721653	0.565750552619136	0.39	0.356	1	"2"	"HAS2"
0.00109092060441679	0.586596070035321	0.302	0.269	1	"2"	"PEAR1"
0.00133448413781272	0.503392195386941	0.402	0.381	1	"2"	"AJM1"
0.00295021761082024	0.524157170938988	0.291	0.264	1	"2"	"TET1"
0.00337113304383663	0.50506919683949	0.336	0.31	1	"2"	"RORA"
0.00635955058568026	0.565986198569721	0.263	0.237	1	"2"	"LINC01605"
0.00796306379980523	0.501173191969659	0.352	0.339	1	"2"	"NAT14"
1.65514587855552e-204	1.6180814514085	0.947	0.656	6.05799943010107e-200	"3"	"COLEC12"
1.03804181048303e-200	1.27022973213033	0.995	0.926	3.79933683054895e-196	"3"	"FGF7"
1.09449120763658e-169	0.90394922224241	0.998	0.976	4.00594726907065e-165	"3"	"CD44"
5.43875138476863e-147	0.801533988882071	1	0.999	1.99063739433917e-142	"3"	"IGFBP4"
1.5786296410757e-140	0.526283359665457	1	1	5.77794234930119e-136	"3"	"CD81"
1.30735371478478e-138	0.880812958268673	0.995	0.977	4.78504533148378e-134	"3"	"TKT"
1.81405130142268e-138	1.12591063275127	0.972	0.912	6.63960916833713e-134	"3"	"FBLN1"
1.93990398893345e-138	1.4798372723109	0.834	0.526	7.10024258989531e-134	"3"	"SNED1"
2.80887049352697e-135	1.17632632001124	0.933	0.772	1.0280746893358e-130	"3"	"IL1R1"
3.59122886139218e-133	0.848170512300841	0.995	0.974	1.31442567555815e-128	"3"	"SRPX"
1.98325480656658e-131	2.1448017389344	0.611	0.252	7.25891091751434e-127	"3"	"SBSN"
2.99084387457615e-119	1.63314184001388	0.774	0.456	1.09467876653362e-114	"3"	"CLEC3B"
1.01714526013633e-114	1.21405787490557	0.985	0.92	3.722853366625e-110	"3"	"S100A4"
1.73235723996284e-113	0.891180598135026	0.984	0.932	6.34060073398798e-109	"3"	"PDGFRA"
2.18521842777114e-110	0.82703020691473	0.974	0.931	7.99811796748514e-106	"3"	"HCFC1R1"
3.02170820990588e-109	0.9995126711246	0.971	0.85	1.10597542190765e-104	"3"	"SERPING1"
6.72155565211894e-107	2.74894860578284	0.305	0.067	2.46015658423205e-102	"3"	"FGL2"
2.52013921414154e-104	0.59402970732513	1	0.999	9.22396153767946e-100	"3"	"LGALS3"
5.97471378390193e-104	0.5257018974227	0.999	0.993	2.18680499204595e-99	"3"	"RAB13"
1.44021328303234e-103	1.39275961589334	0.844	0.67	5.27132463722667e-99	"3"	"MASP1"
7.11786913123239e-102	3.40137514398091	0.251	0.045	2.60521128072237e-97	"3"	"ADH1B"
2.05678627973851e-101	1.07254434870242	0.94	0.866	7.52804346247091e-97	"3"	"NT5E"
4.73174755301597e-101	1.05965110246721	0.907	0.785	1.73186692187937e-96	"3"	"CYB5A"
6.23578257966692e-101	1.01956203547719	0.938	0.799	2.28235878198389e-96	"3"	"EPHX1"
3.85796127041415e-98	1.76034412151779	0.554	0.253	1.41205240458428e-93	"3"	"LRIG3"
1.44291859432883e-93	0.622149632948644	1	0.999	5.28122634710294e-89	"3"	"S100A10"
1.89307142620238e-93	2.29945293409586	0.39	0.129	6.92883072704332e-89	"3"	"DMKN"
1.60891629360734e-92	0.974870028246864	0.939	0.804	5.88879452623221e-88	"3"	"ZFP36L2"
2.16954635611216e-92	1.09181635265646	0.848	0.604	7.94075661800611e-88	"3"	"AKR1C3"
1.08560269167176e-91	1.33695642179452	0.821	0.608	3.9734144117878e-87	"3"	"AKAP12"
2.86864940199923e-90	1.42304705035023	0.63	0.325	1.04995436762574e-85	"3"	"CPZ"
3.70232480855173e-90	0.909178991598568	0.981	0.936	1.35508790317802e-85	"3"	"PLPP3"
2.54478420649207e-89	0.582127281837991	1	0.98	9.31416467418162e-85	"3"	"FBLN2"
6.13536296459828e-87	1.17263830163721	0.803	0.601	2.24560419867262e-82	"3"	"EMX2OS"
1.64381991671467e-86	1.23745276922981	0.828	0.595	6.01654527716738e-82	"3"	"COL14A1"
3.25821415780684e-85	0.932643014106934	0.946	0.885	1.19253896389888e-80	"3"	"TWIST2"
5.9668855890116e-84	1.23239649326432	0.846	0.679	2.18393979443413e-79	"3"	"LXN"
5.99015873624797e-84	2.43960050257482	0.312	0.088	2.19245799905412e-79	"3"	"GALNT15"
1.77888285184817e-82	1.91761939444868	0.576	0.304	6.51088912604947e-78	"3"	"OGN"
2.1028539746105e-80	0.667585494761657	0.96	0.893	7.69665583247188e-76	"3"	"TMEM256"
2.85372680380219e-79	1.30151379621395	0.774	0.534	1.04449254745964e-74	"3"	"ALDH1A3"
1.15667644410858e-77	0.649250433864265	0.982	0.962	4.23355145308182e-73	"3"	"APLP2"
3.83982208863992e-77	1.23089129877586	0.677	0.404	1.4054132826631e-72	"3"	"SELENBP1"
1.10079878615706e-76	1.2471738593486	0.787	0.56	4.02903363721346e-72	"3"	"ID1"
4.96528308843979e-76	0.844008135557878	0.995	0.982	1.81734326319985e-71	"3"	"CTSL"
1.56012746818187e-75	1.36011032001119	0.634	0.355	5.71022254629247e-71	"3"	"C3"
2.30318833437339e-72	1.97577676630354	0.345	0.116	8.42989962264003e-68	"3"	"SELENOP"
7.15633223006284e-70	0.970503489857466	0.92	0.838	2.6192891595253e-65	"3"	"CXCL12"
7.95951280011954e-70	2.04749338681621	0.334	0.118	2.91326127997175e-65	"3"	"ZIC1"
8.32391295297305e-69	1.25235943633243	0.804	0.637	3.04663537991767e-64	"3"	"SPON2"
1.35650320177722e-68	0.769967010870163	0.898	0.782	4.96493736882479e-64	"3"	"CAMK2D"
1.61040560439282e-65	0.60203766282273	1	0.997	5.89424555263818e-61	"3"	"DCN"
2.88078399430747e-65	0.632132581555163	0.971	0.918	1.05439574975648e-60	"3"	"SNX9"
2.21655975386343e-64	2.50434015138792	0.253	0.073	8.11283035511552e-60	"3"	"PDGFRL"
2.30217494580758e-63	0.79350173681013	0.891	0.799	8.42619051915031e-59	"3"	"PMP22"
6.79127362241301e-63	0.928618400956377	0.805	0.638	2.48567405853939e-58	"3"	"SCARA3"
9.38299606891152e-63	1.63366082799977	0.529	0.29	3.4342703911823e-58	"3"	"GPX3"
3.64488496670393e-62	1.65037172969529	0.477	0.247	1.33406434666331e-57	"3"	"NPR3"
3.46419177647311e-61	0.671007413099973	0.937	0.882	1.26792883210692e-56	"3"	"CCNG1"
4.5980422996336e-60	0.838615013480678	0.91	0.811	1.68292946208889e-55	"3"	"PROCR"
1.39394642891177e-59	0.783176339778538	0.92	0.809	5.10198332445998e-55	"3"	"SOD3"
3.97382730254939e-59	0.731792991931681	0.899	0.809	1.4544605310061e-54	"3"	"LPAR1"
2.20988603545349e-58	0.897461304580688	0.768	0.563	8.08840387836332e-54	"3"	"AKR1C1"
9.81676205731033e-58	1.27300083895283	0.592	0.365	3.59303308059615e-53	"3"	"LRRN4CL"
1.36889923684365e-57	0.588529930038453	0.958	0.922	5.01030809677144e-53	"3"	"IL6ST"
4.24472953337466e-57	0.65301412714069	0.986	0.93	1.55361345651046e-52	"3"	"CLU"
5.83613428856498e-56	0.644937926052588	0.933	0.886	2.13608351095767e-51	"3"	"RBMS1"
7.76021101786684e-55	0.60493758979478	0.95	0.9	2.84031483464944e-50	"3"	"ADD3"
2.16330604706515e-54	0.944440727899378	0.684	0.503	7.91791646286315e-50	"3"	"POLR2J3"
2.43221330956948e-54	0.648163961598456	0.912	0.838	8.90214393435527e-50	"3"	"GSTM3"
7.06459753588908e-54	1.57780149445441	0.502	0.281	2.58571334411076e-49	"3"	"ACKR4"
1.30724482705664e-53	1.12851562198486	0.625	0.404	4.78464679151001e-49	"3"	"SECTM1"
2.17121387174878e-53	1.40415317260206	0.489	0.266	7.94685989198771e-49	"3"	"OLFML1"
2.48085360694598e-53	0.851536198334889	0.808	0.697	9.08017228678297e-49	"3"	"C1GALT1"
6.03862191925681e-53	0.852137141396897	0.741	0.535	2.21019600866718e-48	"3"	"MEDAG"
6.40580165645653e-53	1.04471029099764	0.646	0.445	2.34458746427965e-48	"3"	"CFH"
1.24799638713601e-52	1.44086878510884	0.59	0.389	4.56779157655652e-48	"3"	"CAMK2N1"
1.30859529170028e-52	1.01086322127083	0.76	0.549	4.78958962715219e-48	"3"	"CCN5"
6.14583331118495e-52	0.53141454479164	0.972	0.914	2.2494364502268e-47	"3"	"C1R"
1.79123295361136e-51	0.635563199093917	0.913	0.825	6.55609173351292e-47	"3"	"SNHG18"
2.34021008435933e-51	0.761413353326987	0.853	0.734	8.56540292976359e-47	"3"	"ADAMTSL1"
1.43295826551085e-50	0.693745865134724	0.833	0.706	5.24477054759627e-46	"3"	"GSTM2"
1.96276362796032e-50	1.26879491354162	0.483	0.26	7.18391115469758e-46	"3"	"SVIL"
5.54451560144061e-50	0.97482764947896	0.713	0.518	2.02934815528328e-45	"3"	"LSP1"
5.84175229958926e-50	0.610023288271381	0.931	0.856	2.13813975917266e-45	"3"	"LTBR"
9.46119333706468e-50	0.922488489993877	0.885	0.762	3.46289137329904e-45	"3"	"HSPB7"
1.22326188582179e-49	0.790662651040947	0.828	0.705	4.47726082829633e-45	"3"	"FCGRT"
3.85022720180613e-48	0.953023674765152	0.69	0.502	1.40922165813306e-43	"3"	"TGFBR3"
5.49285705626424e-48	0.708788686796261	0.915	0.855	2.01044061116327e-43	"3"	"CAPG"
9.55254649578814e-48	1.34991488255196	0.494	0.294	3.49632754292342e-43	"3"	"SVEP1"
4.7665913934495e-47	0.976238460873392	0.632	0.428	1.74462011591645e-42	"3"	"TFPI"
5.92058607163523e-47	0.751197788091363	0.83	0.722	2.16699370807921e-42	"3"	"PYCARD"
8.71003260634285e-47	0.603254204382587	0.944	0.888	3.18795903424755e-42	"3"	"TGFBR2"
3.64414966578919e-46	0.591935565631946	0.988	0.957	1.3337952191755e-41	"3"	"LINC02802"
4.95355230543503e-46	0.519000094645357	0.971	0.92	1.81304967931227e-41	"3"	"ARL6IP5"
6.9649711300968e-46	0.718913632466317	0.772	0.586	2.54924908332673e-41	"3"	"PTGES"
9.26811836948763e-46	1.40748317271596	0.499	0.302	3.39222400441617e-41	"3"	"PDGFD"
7.85740313996683e-45	0.874855524452919	0.679	0.486	2.87588812325926e-40	"3"	"TSHZ2"
1.05197317007714e-44	1.67074687279114	0.29	0.119	3.85032699979935e-40	"3"	"CPXM1"
1.28374700717777e-44	0.838505781260443	0.804	0.706	4.69864242097137e-40	"3"	"REV3L"
3.41459717764723e-44	1.30380911441388	0.541	0.335	1.24977671299066e-39	"3"	"RARRES1"
5.1630605061174e-44	0.636226564196788	0.884	0.824	1.88973177584403e-39	"3"	"CD68"
8.20100723337886e-44	0.547723169299396	0.988	0.973	3.001650657489e-39	"3"	"LUM"
1.54139522431598e-43	0.605379467375341	0.863	0.791	5.6416606605189e-39	"3"	"ADAM9"
1.77347805634464e-43	0.873196728259557	0.692	0.513	6.49110703402701e-39	"3"	"ANGPTL2"
3.52531363221785e-43	1.23556806747308	0.5	0.308	1.29030004252806e-38	"3"	"PLAAT4"
6.01896960700077e-43	0.54171790565791	0.909	0.865	2.20300306585835e-38	"3"	"CLIP3"
5.17237878751313e-41	0.848138034362457	0.662	0.499	1.89314236001768e-36	"3"	"GSTM1"
1.02397110586522e-40	0.644858845780219	0.846	0.777	3.7478366445773e-36	"3"	"CDC42EP5"
1.04942197384137e-40	1.36977603837196	0.498	0.322	3.8409893664568e-36	"3"	"KCTD12"
1.36907640092437e-40	0.647220260000191	0.872	0.833	5.01095653502328e-36	"3"	"PAM"
2.9900969704993e-40	0.637239072169671	0.814	0.753	1.09440539217245e-35	"3"	"PCYOX1"
1.09766479185704e-39	0.637841029405972	0.814	0.72	4.01756290467594e-35	"3"	"GLMP"
1.56933662708167e-39	1.27385539644931	0.522	0.341	5.74392898878164e-35	"3"	"PLAU"
3.53133747034249e-39	0.818362659463583	0.709	0.565	1.29250482752005e-34	"3"	"CMBL"
1.11921461773739e-38	0.653042886115998	0.808	0.713	4.09643742238063e-34	"3"	"RSRP1"
2.04113946560014e-38	1.19766485978052	0.492	0.322	7.47077455804308e-34	"3"	"CRYBG1"
2.50824967985556e-38	0.922774627197964	0.814	0.694	9.18044465323935e-34	"3"	"ADAMTS1"
3.13216053324291e-38	1.05763578566017	0.495	0.306	1.14640207677224e-33	"3"	"ABCA6"
2.19326560414755e-37	0.505943112938402	0.905	0.864	8.02757143774044e-33	"3"	"RGS10"
2.47079075914595e-37	1.65112576580725	0.324	0.158	9.04334125755009e-33	"3"	"APOC1"
3.4837231186333e-37	0.541952935421988	0.9	0.821	1.27507749865098e-32	"3"	"EMILIN1"
6.84664337839629e-37	0.570904495806402	0.871	0.812	2.50593994292683e-32	"3"	"DTWD1"
9.94540004465634e-37	1.62289080678394	0.312	0.151	3.64011587034467e-32	"3"	"S1PR3"
1.08871835150511e-36	0.78445293020974	0.867	0.809	3.98481803834384e-32	"3"	"ZFP36"
1.26729045608103e-36	0.713532905269098	0.766	0.653	4.63840979830218e-32	"3"	"ZNF581"
1.58128598485467e-36	0.672702563571995	0.854	0.769	5.78766483316656e-32	"3"	"FAM20C"
4.39494159378421e-36	0.751102418070417	0.78	0.67	1.60859257274096e-31	"3"	"NID2"
3.34218178623061e-35	0.553868677725848	0.884	0.846	1.22327195557827e-30	"3"	"BICC1"
1.02785319447277e-34	1.21261384741884	0.415	0.248	3.7620454770898e-30	"3"	"CCBE1"
1.21520924379923e-34	0.776612938864709	0.766	0.638	4.44778735322958e-30	"3"	"MARCKSL1"
1.28218175596477e-34	1.09510179379506	0.502	0.35	4.69291344500665e-30	"3"	"GABPB1-AS1"
8.33548494908928e-34	1.44445174066864	0.308	0.156	3.05087084621617e-29	"3"	"ROM1"
3.01696187637677e-33	1.03453386718654	0.516	0.356	1.10423821637266e-28	"3"	"LGR4"
7.22855652871542e-33	0.575361884000641	0.81	0.675	2.64572397507513e-28	"3"	"CA12"
1.5337359385688e-32	0.843876313495823	0.638	0.507	5.61362690875566e-28	"3"	"NABP1"
1.66719790844355e-32	1.03727114414576	0.528	0.373	6.10211106469423e-28	"3"	"SOCS3"
3.83375919262315e-32	1.03588086919289	0.654	0.54	1.403194202092e-27	"3"	"ADIRF"
4.31253244907611e-32	0.578884084717115	0.794	0.705	1.57843000168635e-27	"3"	"DPYD"
5.43635302601358e-32	0.995951667102559	0.54	0.399	1.98975957105123e-27	"3"	"PCDHGC3"
7.0439212416803e-32	0.604869325780834	0.78	0.703	2.57814561366741e-27	"3"	"LDOC1"
1.4108262801933e-31	0.779529409194029	0.677	0.535	5.16376526813549e-27	"3"	"DEPTOR"
1.55927992783941e-31	0.675055917821483	0.652	0.496	5.70712046388502e-27	"3"	"PCOLCE2"
1.58684187708769e-31	0.542674844419174	0.863	0.835	5.80799995432867e-27	"3"	"UROD"
2.10177713729114e-31	1.22998842401144	0.389	0.231	7.69271450019929e-27	"3"	"PCBP3"
2.32423270957572e-31	1.35466221350191	0.282	0.136	8.50692414031809e-27	"3"	"PLPP2"
3.06153099916875e-31	1.40097462742272	0.298	0.151	1.12055096100575e-26	"3"	"SLC9A9"
4.71184367814448e-31	1.14938480622737	0.427	0.269	1.72458190463766e-26	"3"	"ANK2"
5.74502941679479e-31	0.977992673818401	0.532	0.382	2.10273821684106e-26	"3"	"BDKRB2"
8.06960202281422e-31	0.565213252897195	0.91	0.866	2.95355503637023e-26	"3"	"TUBB3"
1.08543780313781e-30	1.0032536624614	0.51	0.35	3.9728109032647e-26	"3"	"FXYD1"
1.59834138234862e-30	1.15113148510959	0.365	0.209	5.8500892935342e-26	"3"	"FAM118A"
2.52892473993677e-30	0.614857010713583	0.76	0.671	9.25611744064256e-26	"3"	"EPB41L3"
2.80116227779997e-30	0.723663145144001	0.438	0.256	1.02525340529757e-25	"3"	"PCLAF"
3.50921587022453e-30	0.875870796753207	0.697	0.576	1.28440810066088e-25	"3"	"PLK2"
3.95007356223698e-30	0.850736212412782	0.524	0.361	1.44576642451436e-25	"3"	"KAZALD1"
5.3901770835112e-30	0.628299065462172	0.617	0.451	1.97285871433593e-25	"3"	"AKR1C2"
7.6030025858474e-30	1.24141127152537	0.391	0.241	2.78277497644601e-25	"3"	"EMILIN2"
1.08217387135758e-29	1.02185184711765	0.477	0.327	3.96086458655588e-25	"3"	"PTGFR"
1.39540842417243e-29	0.773404254083603	0.574	0.429	5.10733437331353e-25	"3"	"TRAF3IP2"
4.18801637697377e-29	1.31210920964386	0.298	0.157	1.53285587413617e-24	"3"	"PRUNE2"
8.57563074079915e-29	0.655035543428618	0.735	0.619	3.1387666074399e-24	"3"	"EPSTI1"
9.21652806695149e-29	0.571239952596145	0.768	0.68	3.37334143778491e-24	"3"	"SLC44A1"
1.12866855772337e-28	0.712466886863619	0.731	0.631	4.1310397881233e-24	"3"	"STOM"
1.14640040873171e-28	0.963877774878355	0.518	0.378	4.19594013599894e-24	"3"	"GALNT5"
1.21806418514726e-28	0.718646694639206	0.781	0.707	4.45823672405749e-24	"3"	"CTSK"
2.45455771987068e-28	0.699240183351128	0.655	0.546	8.98392671049869e-24	"3"	"SUCLG2"
3.06809493788198e-28	1.01625086736634	0.443	0.295	1.12295342821418e-23	"3"	"ERAP2"
3.68785645380001e-28	0.699908946308167	0.659	0.543	1.34979234065534e-23	"3"	"C1RL"
9.26087997443674e-28	0.769474195718985	0.649	0.536	3.38957467944359e-23	"3"	"ADAM33"
1.10701630070813e-27	0.612558229712608	0.714	0.623	4.05179036222183e-23	"3"	"SPATA20"
1.40081343501717e-27	0.828454554039645	0.616	0.498	5.12711725350635e-23	"3"	"LDB2"
1.45802327094929e-27	0.553552933158715	0.803	0.73	5.33651097400151e-23	"3"	"FAM3C"
1.77951310537452e-27	0.995033189792131	0.468	0.321	6.51319591698128e-23	"3"	"OSR2"
8.90108601521475e-27	0.854461987503364	0.588	0.469	3.25788649242875e-22	"3"	"DNM1"
8.97730362206132e-27	0.689783860382075	0.407	0.24	3.28578289871066e-22	"3"	"ACKR3"
1.53536904652172e-26	0.56778602079821	0.781	0.7	5.61960424717415e-22	"3"	"SOCS5"
2.96303111773045e-26	0.632315381732898	0.717	0.625	1.08449901940052e-21	"3"	"ATP2B4"
9.45607832554048e-26	0.702097702174202	0.658	0.565	3.46101922793107e-21	"3"	"OSBPL1A"
1.51143644749906e-25	0.985643254024572	0.432	0.286	5.53200854149132e-21	"3"	"AC055839.2"
2.00872904157686e-25	0.757166175715667	0.599	0.473	7.35214916507546e-21	"3"	"TRIM47"
3.26718206732444e-25	0.515889070142454	0.788	0.725	1.19582130846142e-20	"3"	"GLT8D2"
6.46968171031096e-25	0.519869284050615	0.77	0.696	2.36796820279091e-20	"3"	"HIBADH"
7.33723357478081e-25	0.999210501086749	0.395	0.257	2.68550086070552e-20	"3"	"SYTL2"
7.50352211991004e-25	0.705114588496513	0.707	0.634	2.74636413110827e-20	"3"	"RALGPS2"
8.77047149107772e-25	0.65163413377347	0.662	0.57	3.21008027044935e-20	"3"	"PDCD4"
9.89782521379501e-25	1.08866868438687	0.39	0.252	3.62270300650111e-20	"3"	"PLEKHA4"
1.90213507145258e-24	0.856751411474785	0.577	0.459	6.9620045750236e-20	"3"	"WLS"
1.91159886779266e-24	0.613950440577746	0.681	0.57	6.99664301600791e-20	"3"	"PAMR1"
1.96852097821164e-24	1.1909268972451	0.328	0.197	7.20498363235243e-20	"3"	"PLA2R1"
2.04303854036581e-24	0.522063804203367	0.838	0.788	7.47772536159289e-20	"3"	"BMERB1"
2.0900348623822e-24	1.23516779008985	0.293	0.165	7.64973659980511e-20	"3"	"SMAD6"
3.32159362035607e-24	0.639976222511667	0.832	0.776	1.21573648098653e-19	"3"	"ADM"
4.41874962987643e-24	0.833451004271839	0.728	0.632	1.61730655203107e-19	"3"	"CRIP1"
6.00675716354134e-24	0.631868886439955	0.653	0.552	2.19853318942777e-19	"3"	"ORAI3"
8.27597455597341e-24	0.77127167024247	0.645	0.569	3.02908944723183e-19	"3"	"SAV1"
1.56497430308562e-23	0.608673403227781	0.683	0.599	5.72796244672367e-19	"3"	"NAMPT"
1.70828600544632e-23	0.941514603481725	0.545	0.422	6.25249760853409e-19	"3"	"GAS1"
1.99037392889167e-23	0.97437675564563	0.434	0.306	7.28496761713639e-19	"3"	"RNASE4"
2.04910641353701e-23	0.76904836962952	0.549	0.423	7.49993438418683e-19	"3"	"CYGB"
2.95626574011712e-23	0.771641277378257	0.592	0.5	1.08202282354027e-18	"3"	"ZSCAN16-AS1"
3.00914597232482e-23	0.540312563760662	0.768	0.681	1.10137751733061e-18	"3"	"CALCOCO1"
7.6826023871118e-23	0.964036042334396	0.539	0.424	2.81190929970679e-18	"3"	"SOX9"
1.11603087293148e-22	0.507348881887918	0.833	0.767	4.08478459801651e-18	"3"	"ITGBL1"
1.16871909048527e-22	0.552229017202776	0.734	0.669	4.27762874308514e-18	"3"	"ST6GALNAC6"
1.33268228103238e-22	0.778442532351911	0.568	0.466	4.87775041680663e-18	"3"	"IL11RA"
1.37386936536368e-22	0.556779561428203	0.722	0.623	5.0284992641676e-18	"3"	"HSPB2"
2.04903203933164e-22	0.517099252897302	0.788	0.726	7.49966216715773e-18	"3"	"SIGIRR"
2.64651668528003e-22	1.01732539332055	0.454	0.327	9.68651571979345e-18	"3"	"OSR1"
2.82417651161968e-22	0.627907363198315	0.661	0.574	1.03367684501792e-17	"3"	"CSF1"
3.59503864275592e-22	0.593904837261355	0.666	0.578	1.3158200936351e-17	"3"	"PYGL"
5.18055929225407e-22	0.585500798353442	0.656	0.551	1.89613650655791e-17	"3"	"A4GALT"
5.99950924865546e-22	0.601775171594385	0.696	0.635	2.19588038010038e-17	"3"	"EHBP1"
6.86267017066467e-22	0.530557907750089	0.766	0.7	2.51180590916498e-17	"3"	"BIN1"
1.19015733112032e-21	0.660771890557812	0.557	0.438	4.35609484763349e-17	"3"	"GPNMB"
1.2311967665849e-21	0.913811921041875	0.473	0.355	4.50630328537739e-17	"3"	"SNHG19"
1.510035300759e-21	0.511600339803551	0.747	0.642	5.52688020430803e-17	"3"	"CTSF"
7.87901349780555e-21	0.924546767408017	0.422	0.291	2.88379773033181e-16	"3"	"MXRA5"
1.27722281854624e-20	1.04165858234004	0.388	0.269	4.67476323816108e-16	"3"	"PDE1A"
1.31940967034377e-20	0.554742601212712	0.712	0.655	4.82917133442522e-16	"3"	"KANK2"
1.47173899896068e-20	1.26521584688658	0.279	0.16	5.38671191009598e-16	"3"	"CPM"
1.61879810967432e-20	1.09334541338362	0.311	0.189	5.92496296121896e-16	"3"	"PTGER2"
2.71046991538622e-20	0.970144670872399	0.324	0.201	9.9205909373051e-16	"3"	"ARHGEF3"
4.75027329976338e-20	1.07583943043932	0.529	0.408	1.7386475304464e-15	"3"	"SFRP4"
4.99557659263079e-20	0.615937436168556	0.63	0.557	1.8284309886688e-15	"3"	"ZCCHC24"
5.89901607584648e-20	0.659496200652509	0.594	0.503	2.15909887392057e-15	"3"	"MRGPRF"
1.87496666022798e-19	0.799903209982348	0.475	0.368	6.86256547310043e-15	"3"	"TMEM65"
4.13220930128516e-19	0.557957798171267	0.655	0.579	1.51242992636338e-14	"3"	"LETMD1"
4.70634865473603e-19	0.940129476844034	0.425	0.317	1.72257067111993e-14	"3"	"ALDH3A2"
5.59903377306081e-19	0.634191424525564	0.512	0.369	2.04930235127799e-14	"3"	"TNXB"
7.45467235604919e-19	0.961396728964139	0.404	0.28	2.72848462903756e-14	"3"	"PEG10"
9.36476179120636e-19	1.09668332892887	0.307	0.19	3.42759646319944e-14	"3"	"COL21A1"
1.01551179736383e-18	0.561275158183768	0.889	0.835	3.71687472953137e-14	"3"	"EFEMP1"
1.39663728364827e-18	0.600802271388249	0.669	0.59	5.11183212188102e-14	"3"	"RFTN1"
3.2718985023463e-18	0.710934813100525	0.517	0.421	1.19754757084377e-13	"3"	"C2orf74"
4.37503234930956e-18	1.0752472842346	0.263	0.156	1.60130559017079e-13	"3"	"TCN2"
4.51671486050701e-18	0.786206991309918	0.431	0.318	1.65316280609417e-13	"3"	"AUH"
6.05370448290665e-18	0.583050463835966	0.616	0.53	2.21571637778866e-13	"3"	"CD302"
7.25250746675503e-18	0.62339831287462	0.652	0.553	2.65449025790701e-13	"3"	"OLFM2"
1.02490407514798e-17	0.502586951326896	0.634	0.558	3.75125140544913e-13	"3"	"TMEM159"
1.15082665012176e-17	1.01004204134609	0.368	0.26	4.21214062211067e-13	"3"	"NTNG1"
1.40361822233321e-17	0.952303471008273	0.368	0.265	5.1373830555618e-13	"3"	"PLCD1"
1.54803178377773e-17	0.869764710704395	0.314	0.196	5.66595113180487e-13	"3"	"SERTAD4-AS1"
1.64092006271835e-17	0.534933725572421	0.571	0.454	6.00593152155545e-13	"3"	"OLFML2B"
4.36913073590741e-17	1.01497851450937	0.296	0.188	1.59914554064947e-12	"3"	"PHYHD1"
4.39476671233986e-17	0.54711613614058	0.578	0.464	1.60852856438351e-12	"3"	"CLIC3"
4.80472624605157e-17	0.501444728306464	0.658	0.592	1.75857785331733e-12	"3"	"HSDL2"
6.93066884405052e-17	0.643391770764733	0.519	0.426	2.53669410361093e-12	"3"	"ASAP3"
7.49420741321624e-17	0.507743856142607	0.65	0.598	2.74295485531127e-12	"3"	"WAC-AS1"
1.022133938809e-16	0.712039015445986	0.51	0.4	3.74111242943481e-12	"3"	"ERRFI1"
1.5365761427535e-16	1.06894739223483	0.266	0.165	5.62402234009208e-12	"3"	"AC091729.3"
2.3079913310447e-16	1.19990759062599	0.253	0.154	8.44747907075672e-12	"3"	"SLC6A6"
2.50786627435197e-16	0.732307201323614	0.548	0.478	9.17904135075563e-12	"3"	"POPDC3"
3.45103374443213e-16	0.660331359426261	0.493	0.394	1.2631128607996e-11	"3"	"GSTM4"
4.21305690701759e-16	0.601982303551639	0.603	0.544	1.54202095853751e-11	"3"	"WIPF1"
8.03369336868113e-16	0.676596159414339	0.48	0.376	2.94041210987098e-11	"3"	"GLI3"
8.73312474095829e-16	0.768594641008234	0.434	0.329	3.19641098643814e-11	"3"	"MAP3K8"
8.90901963912567e-16	0.505586356503256	0.671	0.623	3.26079027811639e-11	"3"	"CDK5RAP3"
1.16129908453398e-15	0.595495789457788	0.545	0.449	4.25047077930282e-11	"3"	"VSIR"
1.32389844990362e-15	1.01454331737952	0.295	0.192	4.84560071649224e-11	"3"	"ACE"
1.9879945975055e-15	0.632292282189932	0.587	0.513	7.27625902632987e-11	"3"	"ABCA8"
3.16411885634569e-15	0.577097709092073	0.552	0.469	1.15809914261109e-10	"3"	"LPCAT4"
3.78161697492123e-15	0.820141561366636	0.431	0.334	1.38410962899092e-10	"3"	"LDLR"
4.13061083261323e-15	0.596902304325651	0.524	0.45	1.51184487084477e-10	"3"	"RARA"
4.91156390579505e-15	0.569559025074881	0.571	0.502	1.79768150516005e-10	"3"	"HOOK2"
1.10131356030064e-14	0.533220673361648	0.621	0.565	4.03091776205636e-10	"3"	"CHST12"
1.27065947765758e-14	0.840903654097299	0.381	0.291	4.6507407541745e-10	"3"	"DGLUCY"
2.35491612716562e-14	0.926087341974652	0.323	0.23	8.6192285170389e-10	"3"	"TTLL3"
2.54047095303821e-14	0.751227914918118	0.395	0.299	9.29837773521516e-10	"3"	"ABCA9"
3.39163145329635e-14	0.591105415536119	0.56	0.49	1.241371028221e-09	"3"	"PLSCR1"
3.76560321149229e-14	0.724450886995777	0.461	0.377	1.37824843143829e-09	"3"	"FZD4"
4.17012915278319e-14	0.915686372058354	0.324	0.228	1.52630897121018e-09	"3"	"VIT"
5.71035359252548e-14	0.642668773960912	0.482	0.393	2.09004651840025e-09	"3"	"IFFO1"
7.11871841027104e-14	1.13613923964556	0.304	0.211	2.6055221253433e-09	"3"	"NPW"
8.84500964442818e-14	0.611247666683602	0.534	0.469	3.23736197995716e-09	"3"	"LACTB2"
9.61146359865903e-14	0.801636375086036	0.4	0.313	3.51789179174519e-09	"3"	"SAMHD1"
9.77397712216609e-14	0.944650049181875	0.265	0.173	3.57737336648401e-09	"3"	"ARHGAP6"
1.17589348615384e-13	0.845930473013866	0.325	0.23	4.30388774867168e-09	"3"	"EPHA4"
1.51245122791914e-13	0.583672410070343	0.528	0.45	5.53572273930683e-09	"3"	"PLEKHA5"
2.35129295324986e-13	0.731785316677283	0.567	0.46	8.60596733818981e-09	"3"	"MGP"
3.43216502971773e-13	0.889742156673499	0.334	0.243	1.25620672252699e-08	"3"	"SPRY2"
3.73991287531618e-13	0.829330937016454	0.33	0.235	1.36884551149447e-08	"3"	"F10"
4.27161909872934e-13	1.2491763894699	0.254	0.166	1.56345530632593e-08	"3"	"HAPLN3"
6.84255533524863e-13	0.909311014505732	0.305	0.216	2.50444367825435e-08	"3"	"TBX18"
7.06394403009557e-13	0.607099323504185	0.492	0.418	2.58547415445528e-08	"3"	"CCDC18-AS1"
7.50803047761211e-13	0.925607243415554	0.371	0.282	2.74801423511081e-08	"3"	"SESN3"
1.89155525660912e-12	0.865604544193632	0.286	0.189	6.92328139471504e-08	"3"	"APOE"
2.14923390794464e-12	1.02602182151015	0.251	0.164	7.86641102646817e-08	"3"	"CFI"
4.19255220664297e-12	0.587507762742007	0.502	0.441	1.53451603315339e-07	"3"	"ABRAXAS1"
4.66625130804773e-12	0.705131963508843	0.356	0.268	1.70789464125855e-07	"3"	"MAP3K12"
7.23701000235066e-12	0.783798581692296	0.344	0.259	2.64881803096037e-07	"3"	"LINC02482"
1.20081925144097e-11	0.656969915290875	0.442	0.375	4.39511854219908e-07	"3"	"GMDS"
1.20656732190906e-11	0.556373572088227	0.514	0.45	4.41615705491935e-07	"3"	"PTPRS"
1.78847536568496e-11	0.572834967558676	0.573	0.529	6.54599868594351e-07	"3"	"ARHGAP24"
2.0239802332325e-11	0.540526762830578	0.523	0.465	7.40797005165428e-07	"3"	"ARMCX1"
3.45292916807969e-11	0.772648146240174	0.264	0.176	1.26380660480885e-06	"3"	"SLC39A8"
3.61723373775896e-11	0.850846533953009	0.323	0.244	1.32394372035716e-06	"3"	"HRH1"
4.61535071695246e-11	0.822813751365367	0.28	0.198	1.68926451591177e-06	"3"	"NYNRIN"
8.07968581669367e-11	0.660366712289906	0.406	0.334	2.95724580576805e-06	"3"	"FAM13A"
8.98953371111992e-11	0.69851054954323	0.466	0.407	3.290259233607e-06	"3"	"MSX1"
1.25432449912892e-10	0.683921388160467	0.404	0.336	4.59095309926176e-06	"3"	"CRELD1"
1.2825944787041e-10	0.816307071167713	0.31	0.233	4.69442405150489e-06	"3"	"TMEM97"
1.31780004149598e-10	0.673147145910489	0.461	0.388	4.82327993187945e-06	"3"	"TCEA3"
1.48437785496474e-10	0.695800457505668	0.434	0.366	5.43297138695643e-06	"3"	"PRSS12"
2.06281678881894e-10	0.5792109692385	0.473	0.41	7.55011572875622e-06	"3"	"PROS1"
2.44696838242396e-10	0.660746996722918	0.38	0.305	8.95614897650992e-06	"3"	"CDC25B"
3.83625011829895e-10	0.528818079776913	0.421	0.338	1.4041059057986e-05	"3"	"HEPH"
6.43242779596369e-10	0.569282243504239	0.463	0.405	2.35433289760067e-05	"3"	"ENOSF1"
8.93891867232227e-10	0.645919153012014	0.397	0.329	3.27173362325668e-05	"3"	"HS6ST1"
1.4595783882245e-09	0.62156973949472	0.429	0.365	5.3422028587405e-05	"3"	"CCDC8"
1.50837791356521e-09	0.71520461176437	0.304	0.23	5.52081400144001e-05	"3"	"CTSO"
2.07110229946658e-09	0.555552088368153	0.472	0.422	7.58044152627764e-05	"3"	"PFKM"
2.31927192854874e-09	0.892901987254842	0.27	0.201	8.48876718568124e-05	"3"	"SLC27A3"
2.61282707938486e-09	0.760891183100588	0.337	0.269	9.56320839325651e-05	"3"	"SLC27A1"
3.71380479983927e-09	0.824581360685739	0.321	0.249	0.000135928969478917	"3"	"SNCG"
6.53513613403896e-09	0.776592008102334	0.31	0.242	0.00023919251764196	"3"	"NCALD"
7.87840251324854e-09	0.789846152602788	0.305	0.241	0.00028835741038741	"3"	"RASA4"
8.85117789742504e-09	0.635086409533846	0.362	0.298	0.000323961962223654	"3"	"VPS13B"
9.37477754630644e-09	0.509449100094429	0.508	0.46	0.000343126232972362	"3"	"UTRN"
1.3066195228449e-08	0.649434323041046	0.375	0.315	0.000478235811556461	"3"	"SHOX2"
1.3468296772928e-08	0.511307851585512	0.452	0.377	0.000492953130185936	"3"	"ANGPTL4"
1.67437620152512e-08	0.636360259435516	0.37	0.31	0.000612838433520209	"3"	"NOTCH2NLA"
1.95572499897808e-08	0.624576642016726	0.325	0.254	0.000715814906875966	"3"	"CHN1"
2.03461024277597e-08	0.788582490007253	0.252	0.183	0.000744687694958432	"3"	"APOL3"
2.45613204964124e-08	0.591204780984159	0.393	0.329	0.000898968891489192	"3"	"ROR1"
2.68376031021619e-08	0.556914913474391	0.397	0.318	0.000982283111142229	"3"	"LRRC17"
2.82824650139428e-08	0.630220670052715	0.388	0.331	0.00103516650197532	"3"	"PCED1A"
3.28455747139454e-08	0.5047237330269	0.5	0.467	0.00120218088010511	"3"	"SBF2"
3.61371881025619e-08	0.599748187483654	0.432	0.381	0.00132265722174187	"3"	"EIF4EBP3"
5.08267816695947e-08	0.71664208753871	0.415	0.359	0.00186031103588884	"3"	"CPE"
7.92297263765101e-08	0.548320904130475	0.451	0.42	0.00289988721510664	"3"	"CNPY4"
8.18502138337345e-08	0.536011647617608	0.42	0.374	0.00299579967652852	"3"	"WARS2"
8.4170228600751e-08	0.635773920081021	0.344	0.284	0.00308071453701609	"3"	"ARRDC3"
8.94723359236531e-08	0.55078612321778	0.367	0.304	0.00327477696714163	"3"	"HMGA2"
9.35406025642065e-08	0.585021942226499	0.404	0.358	0.00342367959445252	"3"	"HACD4"
9.93102532216272e-08	0.507150031020369	0.498	0.459	0.00363485457816478	"3"	"HNMT"
1.07449340511373e-07	0.541386391242075	0.417	0.374	0.00393275331205677	"3"	"IL17RC"
1.13868756185754e-07	0.60800279131338	0.304	0.234	0.00416771034515478	"3"	"QPRT"
1.20908678127951e-07	0.5427675086981	0.466	0.414	0.00442537852816113	"3"	"AHNAK2"
1.30968572036386e-07	0.551837844702612	0.459	0.413	0.00479358070510375	"3"	"FAM110B"
1.40733040547956e-07	0.517660042358193	0.494	0.458	0.00515097001709574	"3"	"HDAC5"
1.56353269142223e-07	0.542251069502484	0.458	0.414	0.00572268600387449	"3"	"NMT2"
1.84062959680165e-07	0.648332031520156	0.342	0.289	0.00673688838725371	"3"	"GALT"
1.97343023188053e-07	0.578516574609177	0.397	0.344	0.00722295199170592	"3"	"CDC42EP4"
2.16138473435838e-07	0.585201212576952	0.304	0.242	0.00791088426622511	"3"	"RILP"
2.35833031552876e-07	0.684972739741653	0.357	0.303	0.00863172478786682	"3"	"SLC43A3"
2.40600397711326e-07	0.549895054199057	0.349	0.285	0.00880621515663226	"3"	"P3H2"
2.75708060644295e-07	0.513159313458789	0.457	0.421	0.0100911907276418	"3"	"C1GALT1C1"
3.56436604213721e-07	0.693998318608788	0.395	0.335	0.0130459361508264	"3"	"WNT2"
3.68657571828443e-07	0.544442153446179	0.38	0.322	0.0134932357864928	"3"	"AL133415.1"
3.69873691164025e-07	0.676167464495793	0.34	0.288	0.0135377469702945	"3"	"FHOD1"
7.89775197281648e-07	0.610856207955125	0.34	0.286	0.0289065619957056	"3"	"TNFRSF14"
7.9263273886051e-07	0.601271706003289	0.349	0.297	0.0290111508750335	"3"	"ZNF521"
8.0756907064842e-07	0.546779432674996	0.425	0.39	0.0295578355548028	"3"	"ALDH6A1"
1.1078214774554e-06	0.620997281899669	0.271	0.213	0.0405473738963451	"3"	"ACYP1"
1.27675822891078e-06	0.677744694727998	0.287	0.231	0.0467306279363634	"3"	"DNASE1L1"
1.27907874965682e-06	0.500096277248105	0.33	0.275	0.0468155613161891	"3"	"SOS1"
1.70195478919894e-06	0.570315947697341	0.341	0.294	0.0622932472394705	"3"	"RRAGB"
1.72513606039796e-06	0.670360663786674	0.268	0.216	0.0631417049466256	"3"	"ZNF395"
2.09365230171339e-06	0.592552281890753	0.339	0.292	0.0766297678950119	"3"	"NBPF14"
2.33786348679498e-06	0.70869727485179	0.259	0.206	0.0855681414801829	"3"	"MIR99AHG"
2.69876871087302e-06	0.50605974157921	0.406	0.361	0.0987776335866635	"3"	"NUMBL"
2.89458103822386e-06	0.731899954190882	0.271	0.215	0.105944560580032	"3"	"ID4"
4.5074847796593e-06	0.608334662886975	0.283	0.231	0.16497845042031	"3"	"SSH3"
4.97963188151222e-06	0.522576753874604	0.31	0.258	0.182259506495229	"3"	"ROBO3"
5.13889367934405e-06	0.501211029773778	0.337	0.29	0.188088647557672	"3"	"LPCAT3"
5.57947098557384e-06	0.522227054805871	0.366	0.322	0.204214217542988	"3"	"STK3"
6.80779011496965e-06	0.516209954716011	0.385	0.351	0.249171925998004	"3"	"MOV10"
8.29313738454567e-06	0.510264532669059	0.422	0.392	0.303537121411756	"3"	"TMEM80"
8.8436470853454e-06	0.678400234643891	0.264	0.213	0.323686326970727	"3"	"BCAM"
1.22525854934022e-05	0.508186925701757	0.398	0.365	0.448456881644012	"3"	"DGKA"
1.56123919920772e-05	0.576228541714021	0.333	0.283	0.571429159302018	"3"	"DUSP6"
1.57901662045533e-05	0.6590416829764	0.325	0.283	0.577935873252855	"3"	"RGS3"
1.85443606628672e-05	0.519487712462329	0.293	0.243	0.678742144621601	"3"	"TRANK1"
2.17463962621615e-05	0.564490676618068	0.35	0.309	0.795939849591373	"3"	"C1QTNF6"
2.28585960093016e-05	0.599843199050466	0.252	0.205	0.836647472536446	"3"	"LLGL1"
2.32042057963042e-05	0.580801985313844	0.288	0.24	0.84929713635053	"3"	"MINCR"
2.50896503209648e-05	0.501485118714761	0.349	0.309	0.918306291397633	"3"	"DVL2"
3.2995048131826e-05	0.626856792281208	0.298	0.253	1	"3"	"DNMBP"
4.23072007459053e-05	0.585466445582877	0.307	0.268	1	"3"	"TPCN1"
4.89412335016562e-05	0.629407396958436	0.294	0.254	1	"3"	"ARMH4"
5.3130557191785e-05	0.599486099300218	0.307	0.27	1	"3"	"PEX5"
6.25729595000262e-05	0.537964118880567	0.31	0.272	1	"3"	"MRNIP"
9.49176326055121e-05	0.594013638670217	0.27	0.226	1	"3"	"ARHGAP20"
0.000118760452496076	0.532481773022659	0.263	0.219	1	"3"	"LINC02202"
0.000131038886724005	0.515154488092269	0.285	0.241	1	"3"	"LY6K"
0.000148545910912725	0.588000954660216	0.266	0.23	1	"3"	"WDR19"
0.000153791616314703	0.564586929288402	0.35	0.327	1	"3"	"BTD"
0.000337367679505188	0.523909103092497	0.252	0.213	1	"3"	"IGF2BP3"
0.000475959141714003	0.595049820862041	0.287	0.256	1	"3"	"LINC00339"
0.000664080218210621	0.56445887556681	0.299	0.27	1	"3"	"HSD11B1L"
0.00069257978651066	0.517395698031601	0.341	0.315	1	"3"	"PKDCC"
0.000702752640567977	1.10814817928999	0.372	0.347	1	"3"	"SFRP1"
0.00072833010341946	0.538329505462754	0.293	0.266	1	"3"	"HEXD"
0.000748085615314425	0.519371931078481	0.257	0.224	1	"3"	"NRM"
0.000779373452581261	0.504706373960482	0.268	0.235	1	"3"	"IFT122"
0.000887849011884245	0.558586523955941	0.288	0.259	1	"3"	"SOBP"
0.00132608759300401	0.561765643227275	0.308	0.283	1	"3"	"RGL2"
0.00175945044845567	0.50363674432953	0.251	0.219	1	"3"	"ABCC9"
2.36043083976646e-202	0.745056930333767	1	1	8.63941291662922e-198	"4"	"RPS26"
2.38499335842464e-175	1.50587959545122	0.97	0.723	8.72931419117002e-171	"4"	"ENPP2"
4.73960472060811e-129	0.672022880285284	1	0.996	1.73474272378977e-124	"4"	"ZFAS1"
6.39936063554934e-125	0.649140930270728	0.993	0.949	2.34222998621741e-120	"4"	"SNHG5"
2.87943987464764e-116	1.76230193087967	0.824	0.479	1.05390378851978e-111	"4"	"COMP"
5.53303624405292e-109	0.828042023212879	0.967	0.867	2.02514659568581e-104	"4"	"TSPAN3"
4.33081241305989e-95	1.48933744837471	0.637	0.289	1.58512065130405e-90	"4"	"JCAD"
6.91284125649386e-89	0.709544817297136	0.977	0.906	2.53016902828932e-84	"4"	"ASS1"
3.79574817323417e-85	1.4347993623045	0.696	0.376	1.38928178888544e-80	"4"	"MIR503HG"
1.44306451076384e-84	1.49529833263534	0.5	0.191	5.28176041584672e-80	"4"	"GSTT2B"
8.95673480019308e-83	0.802933012841705	0.945	0.782	3.27825450421867e-78	"4"	"PGRMC2"
3.92178542691937e-82	1.77461422826339	0.47	0.177	1.43541268410676e-77	"4"	"RFLNB"
1.46167026951176e-79	0.901898180478009	0.912	0.635	5.34985935344001e-75	"4"	"TRIB3"
2.0945208360078e-79	1.04647336012737	0.918	0.762	7.66615571187214e-75	"4"	"ADM"
1.01064320598144e-76	0.750183130266817	0.994	0.945	3.69905519821265e-72	"4"	"COL12A1"
1.71136527663383e-74	2.13128807150579	0.317	0.093	6.26376804900747e-70	"4"	"AC078850.1"
4.15843358362446e-74	0.578272264934219	0.998	0.957	1.52202827594239e-69	"4"	"SEPTIN11"
1.01632064853363e-73	1.66699122043889	0.442	0.17	3.71983520569795e-69	"4"	"SBF2-AS1"
3.31437000160696e-73	0.803371052009132	0.986	0.888	1.21309256428816e-68	"4"	"NREP"
9.69754305721602e-71	1.00489090058658	0.77	0.475	3.54939773437164e-66	"4"	"ARHGAP29"
3.99397713379681e-66	0.64449643560918	0.978	0.905	1.46183557074097e-61	"4"	"SLIT3"
2.06543575475546e-65	0.562411271529315	0.994	0.967	7.55970140598045e-61	"4"	"DAB2"
1.44166100856568e-63	0.734150620640504	0.986	0.926	5.27662345745123e-59	"4"	"MFAP4"
1.43561645510227e-62	0.605170691131385	0.964	0.883	5.25449978731983e-58	"4"	"TWIST2"
2.1493411737255e-61	1.87081460880249	0.634	0.387	7.86680362995271e-57	"4"	"H19"
2.80299924412096e-56	1.08857190298656	0.58	0.304	1.02592575334071e-51	"4"	"WNT2"
6.01432151680229e-56	1.06040274731484	0.618	0.333	2.20130181836481e-51	"4"	"MYO1D"
2.71802713123595e-54	1.59314041613827	0.383	0.158	9.94825110303669e-50	"4"	"RARRES2"
1.10279754897387e-53	0.670427358597604	0.994	0.933	4.03634930899926e-49	"4"	"PTX3"
4.64226455214803e-53	0.659869770900001	0.92	0.784	1.6991152487317e-48	"4"	"EPB41L4A-AS1"
1.31228905351923e-52	0.658261951036388	0.925	0.757	4.80310916478575e-48	"4"	"MKNK2"
2.11296557396104e-52	0.541592646554149	0.977	0.847	7.73366529725482e-48	"4"	"PSAT1"
1.42820643579342e-51	0.889744825047408	0.79	0.575	5.22737837564751e-47	"4"	"LMCD1"
2.55666724264529e-51	1.24048149920627	0.47	0.221	9.35765777480601e-47	"4"	"SERAC1"
1.2022264165103e-50	0.930259167052163	0.742	0.493	4.40026890706935e-46	"4"	"IRX3"
1.82019228526461e-49	0.994371976805867	0.763	0.535	6.66208578329699e-45	"4"	"OLFM2"
1.93724690151801e-47	0.690432908072613	0.984	0.931	7.09051738424607e-43	"4"	"CITED2"
2.67296802875141e-47	1.16572684621697	0.577	0.333	9.78333028203304e-43	"4"	"RDH10"
4.91239111257312e-47	1.43253324870185	0.341	0.139	1.79798427111289e-42	"4"	"MEGF6"
6.26328023125189e-47	0.7124334704961	0.854	0.666	2.29242319744051e-42	"4"	"GREM1"
8.35771527142868e-47	0.741865153501949	0.777	0.516	3.05900736649561e-42	"4"	"ADAM33"
9.34376483365414e-47	0.684289699296187	0.82	0.547	3.41991136676575e-42	"4"	"HOXC10"
2.89663952610995e-46	0.899463623875932	0.733	0.487	1.0601990329515e-41	"4"	"ARL4D"
9.31141680534721e-46	1.23174162749414	0.516	0.272	3.40807166492513e-41	"4"	"CDKN1C"
1.30802601975633e-45	0.816202986969041	0.841	0.66	4.78750603491016e-41	"4"	"MME"
2.47994781046432e-45	0.735817486313313	0.82	0.633	9.07685698108045e-41	"4"	"TMEM45A"
2.76630015275962e-45	0.669247109262921	0.853	0.646	1.01249351891155e-40	"4"	"TCF7L2"
1.20229446565325e-44	0.828425820481979	0.646	0.386	4.40051797373745e-40	"4"	"POMZP3"
8.13546396854179e-44	0.69787188372158	0.918	0.763	2.97766116712598e-39	"4"	"NEK7"
2.28026721523622e-43	0.527266380544775	0.911	0.822	8.3460060344861e-39	"4"	"ECI1"
1.3640164544618e-42	0.59782509737592	0.881	0.688	4.99243662497564e-38	"4"	"LINC01133"
2.05753705960188e-42	1.17858542005595	0.711	0.507	7.53079139184883e-38	"4"	"PI16"
1.53074493840895e-41	0.511154472524773	0.973	0.901	5.60267954907059e-37	"4"	"COL16A1"
6.79060663836738e-41	0.76958848630029	0.783	0.576	2.48542993570885e-36	"4"	"SH2D4A"
8.94456212398072e-41	0.613427495895395	0.873	0.695	3.27379918299818e-36	"4"	"VGLL3"
1.36463929484955e-40	1.31605263839423	0.353	0.157	4.99471628307882e-36	"4"	"STXBP6"
7.49117888015509e-40	0.89692188713931	0.528	0.291	2.74184638192556e-35	"4"	"MOCOS"
3.99724616935736e-38	0.894569880762457	0.571	0.336	1.46303207044649e-33	"4"	"ADAMTS5"
6.61300886517498e-38	0.54067698652065	0.928	0.827	2.42042737474269e-33	"4"	"PALLD"
1.31735672498476e-37	0.993860339109944	0.684	0.473	4.82165734911671e-33	"4"	"RABGAP1"
1.70236125887466e-36	0.584598075792519	0.835	0.632	6.23081244360715e-32	"4"	"TSEN15"
3.3162381736183e-36	0.77149829360591	0.678	0.444	1.21377633392603e-31	"4"	"HTATIP2"
1.92424583089871e-35	0.504959826681163	0.983	0.936	7.04293216567238e-31	"4"	"PLPP3"
2.45292179823002e-35	0.501442354629879	0.943	0.828	8.97793907370169e-31	"4"	"FHL1"
3.87047946248344e-35	0.850879326227993	0.318	0.138	1.41663418806356e-30	"4"	"HLA-DRB1"
4.44598739753767e-35	0.856724166457429	0.316	0.142	1.62727584737276e-30	"4"	"CD36"
6.89231986840757e-35	0.619300745367219	0.804	0.603	2.52265799503586e-30	"4"	"EMX2OS"
3.49947921627577e-34	0.523349401228588	0.961	0.871	1.2808443879491e-29	"4"	"POSTN"
7.70115757051042e-34	1.34457403236404	0.266	0.11	2.81870068238252e-29	"4"	"INHBE"
2.46854323948203e-33	1.26584418240834	0.465	0.271	9.03511511082817e-29	"4"	"KRT7"
3.06648810395528e-33	0.750102457312882	0.633	0.417	1.12236531092867e-28	"4"	"CBWD5"
4.21560318320552e-33	0.670132081366084	0.507	0.283	1.54295292108505e-28	"4"	"ACKR4"
8.86927547944384e-33	0.576351616831529	0.933	0.851	3.24624351823124e-28	"4"	"DUSP1"
2.08920753472111e-32	0.895371377947438	0.611	0.412	7.64670849783272e-28	"4"	"PRPS1"
2.28789194560936e-32	0.613609326796734	0.824	0.639	8.37391331012483e-28	"4"	"GADD45B"
1.18495437037386e-31	0.550120023150533	0.711	0.476	4.33705149100535e-27	"4"	"PODN"
1.98484177812653e-31	0.879476432566467	0.492	0.283	7.2647193921209e-27	"4"	"GPR1"
2.53246695675834e-31	0.657266074824943	0.651	0.42	9.26908230843122e-27	"4"	"RUNX1T1"
3.23500858336326e-31	0.708087365379005	0.729	0.542	1.18404549159679e-26	"4"	"KLF2"
1.08445267596096e-30	0.60267081491362	0.795	0.634	3.96920523928472e-26	"4"	"SDC2"
3.4262918194617e-30	0.561809037441838	0.818	0.624	1.25405706884118e-25	"4"	"NFIB"
2.11920613769193e-29	0.710733812260077	0.606	0.39	7.75650638456623e-25	"4"	"STARD10"
8.44065879871424e-29	0.673851152824348	0.593	0.377	3.0893655269174e-24	"4"	"APBB1IP"
1.24599362714985e-28	0.704552495962829	0.536	0.328	4.56046127473117e-24	"4"	"ASPN"
2.61952226276911e-28	0.622205220544663	0.678	0.466	9.58771343396122e-24	"4"	"ME1"
6.84990753186854e-28	0.729383801071277	0.53	0.32	2.5071346557392e-23	"4"	"SIX1"
1.82333857285915e-27	0.610955970838436	0.684	0.472	6.67360151052176e-23	"4"	"JADE1"
2.99884392369003e-27	0.590518754406131	0.666	0.45	1.09760686450979e-22	"4"	"FZD2"
3.55290368181868e-27	0.58682841721013	0.746	0.571	1.30039827658246e-22	"4"	"RAP1GDS1"
3.78409297542845e-27	0.636118300267416	0.677	0.472	1.38501586993657e-22	"4"	"EMX2"
9.28087992558397e-27	0.63807480963381	0.623	0.409	3.39689486156299e-22	"4"	"RAB3B"
4.20439888174596e-26	0.766345886871248	0.488	0.29	1.53885203470784e-21	"4"	"PKDCC"
9.60176780132508e-26	0.655610940330904	0.755	0.577	3.51434303296299e-21	"4"	"MIR22HG"
1.32501491250191e-25	0.740769506594499	0.431	0.247	4.84968708124823e-21	"4"	"PEAR1"
2.00203906442365e-25	1.04856807755901	0.296	0.146	7.327663179697e-21	"4"	"ATP10A"
2.02639908055755e-25	0.668451233658198	0.594	0.388	7.41682327474867e-21	"4"	"CTIF"
2.94587486655136e-25	0.752302564597309	0.512	0.322	1.07821965990646e-20	"4"	"CDKN2C"
1.02239910451833e-24	0.60891293179025	0.714	0.531	3.74208296244753e-20	"4"	"RPS6KA2"
3.28044193966161e-24	0.939394830967364	0.383	0.22	1.20067455433555e-19	"4"	"FSTL3"
4.18192291663772e-24	0.856913259673528	0.349	0.189	1.53062560671857e-19	"4"	"PKP4"
8.66165988150001e-24	0.531498407147025	0.753	0.573	3.17025413322782e-19	"4"	"DDIT3"
7.94517896733598e-23	0.538117015188569	0.655	0.473	2.90801495383464e-18	"4"	"COL5A3"
3.09993227421718e-22	0.645709249766279	0.56	0.373	1.13460621168623e-17	"4"	"SNX24"
3.88811301238132e-22	0.514687329544431	0.759	0.594	1.42308824366169e-17	"4"	"MEIS2"
4.50767251915254e-22	0.846796393714874	0.365	0.208	1.64985321873502e-17	"4"	"ARHGAP26"
7.01011071856651e-22	0.554265605001047	0.589	0.392	2.56577062410253e-17	"4"	"PRR16"
1.00015575575729e-21	0.821385383432384	0.329	0.177	3.66067008164726e-17	"4"	"SCN8A"
1.01854037611631e-21	0.750326741856572	0.41	0.241	3.72795963062332e-17	"4"	"CHN1"
1.30432729234534e-21	1.04726888763414	0.26	0.13	4.77396832271316e-17	"4"	"FNDC1"
1.73791617794656e-21	0.881677237452169	0.305	0.159	6.3609470029022e-17	"4"	"SEMA3D"
1.74474826860657e-21	0.638725075928823	0.6	0.427	6.3859531379269e-17	"4"	"MEST"
2.20541942738456e-21	0.891593454562175	0.255	0.125	8.07205564617021e-17	"4"	"MAP6"
6.73399062486375e-21	0.872273466980543	0.273	0.141	2.46470790860638e-16	"4"	"IL20RB"
1.3727561741125e-20	0.559742965528808	0.61	0.426	5.02442487286918e-16	"4"	"BACE2"
2.21093830538742e-20	0.799668003770365	0.331	0.187	8.09225529154851e-16	"4"	"NEDD9"
2.25939076729258e-20	1.17923040797083	0.29	0.159	8.26959614736757e-16	"4"	"TNFRSF11B"
4.73854878273173e-20	0.518283627567818	0.748	0.588	1.73435623996764e-15	"4"	"KLF4"
7.63887893428958e-20	0.511171866099957	0.741	0.583	2.79590607873933e-15	"4"	"PERP"
9.61847904625223e-20	0.509825115651991	0.714	0.534	3.52045951571878e-15	"4"	"GSDME"
1.16492628552469e-19	0.651748636043471	0.257	0.127	4.26374669764893e-15	"4"	"CPXM1"
1.53350079605481e-19	0.503662484653275	0.475	0.297	5.61276626364021e-15	"4"	"SLC1A4"
1.07545028216241e-18	0.716748610898285	0.406	0.254	3.93625557774263e-14	"4"	"HMGB3"
5.82883377311082e-18	0.584710243264687	0.677	0.516	2.13341144929629e-13	"4"	"LIPA"
6.83256391919587e-18	0.516062154171909	0.673	0.507	2.50078672006488e-13	"4"	"TGFBR3"
1.17181976210673e-17	0.527932595753877	0.733	0.596	4.28897751128683e-13	"4"	"CTSC"
1.44600865123997e-17	0.693496010119984	0.311	0.176	5.29253626440342e-13	"4"	"PALM"
1.89545770095041e-17	0.609971797552324	0.648	0.499	6.93756473124861e-13	"4"	"PSG5"
2.62605300706724e-17	0.661724663776132	0.334	0.193	9.61161661116681e-13	"4"	"MIR99AHG"
4.31246238300177e-17	0.835959000963951	0.257	0.139	1.57840435680248e-12	"4"	"FOXC1"
4.99395417973121e-17	0.593327811037617	0.363	0.213	1.82783716932342e-12	"4"	"PYROXD2"
5.25903818556797e-17	0.689070892311356	0.288	0.158	1.92486056629973e-12	"4"	"AC009093.1"
5.81342604913474e-17	0.631447443178915	0.328	0.193	2.12777206824381e-12	"4"	"SULF2"
4.40028009917044e-16	0.56429465835351	0.381	0.234	1.61054651909737e-11	"4"	"U2AF1L4"
5.03479882724239e-16	0.598319675788514	0.272	0.149	1.84278671875899e-11	"4"	"NOVA1"
5.94548732217967e-16	0.5647475269086	0.649	0.493	2.17610781479098e-11	"4"	"DSP"
6.35085886502497e-16	0.522654105827971	0.359	0.218	2.32447785318779e-11	"4"	"PTGIR"
6.61349724939045e-16	0.500876298409512	0.583	0.425	2.4206061282494e-11	"4"	"NDST1"
8.71071570786498e-16	0.571244612107227	0.663	0.526	3.18820905623566e-11	"4"	"CDH2"
9.6731578554816e-16	0.576841273001259	0.313	0.18	3.54047250668482e-11	"4"	"DCAF4"
1.18719223641781e-15	0.647302052313675	0.425	0.274	4.34524230451283e-11	"4"	"SKP2"
2.64091903799872e-15	0.541863163244316	0.378	0.246	9.66602777097911e-11	"4"	"ACKR3"
3.54533498540382e-15	0.646649443805595	0.51	0.354	1.29762805800765e-10	"4"	"PTGS1"
5.50282687928199e-15	0.583648803060819	0.361	0.221	2.014089666086e-10	"4"	"RMND5A"
1.20316874114026e-14	0.578795525295623	0.407	0.267	4.40371790944746e-10	"4"	"STAC"
1.45241169659803e-14	0.71082839782731	0.407	0.266	5.31597205071844e-10	"4"	"GPAM"
1.5217680670674e-14	0.643089663067452	0.328	0.199	5.5698233022734e-10	"4"	"AJUBA"
1.65930584716079e-14	0.643977481346611	0.304	0.18	6.0732253311932e-10	"4"	"SOCS2"
1.83889310362746e-14	0.546057685592645	0.386	0.244	6.73053264858688e-10	"4"	"RAB30"
9.49401763145004e-14	0.757571652559732	0.272	0.162	3.47490539328703e-09	"4"	"MTCL1"
1.14390728325124e-13	0.628844243635018	0.347	0.221	4.18681504742785e-09	"4"	"IRX5"
1.16666041606943e-13	0.506299631236336	0.871	0.807	4.27009378885571e-09	"4"	"TP53I3"
2.14508164478502e-13	0.52353314451671	0.488	0.338	7.85121332807764e-09	"4"	"HSD3B7"
2.35929601286867e-13	0.594749111053571	0.313	0.193	8.63525933670061e-09	"4"	"XPNPEP2"
3.34110133892947e-13	0.585998846795889	0.435	0.302	1.22287650106158e-08	"4"	"ACSL1"
3.86621579111049e-13	0.706263237172251	0.34	0.22	1.41507364170435e-08	"4"	"STARD4-AS1"
5.94526589854143e-13	0.706921970285982	0.286	0.176	2.17602677152515e-08	"4"	"NHSL1"
6.52927740363302e-13	0.575016967677275	0.388	0.264	2.38978082250372e-08	"4"	"COL11A1"
8.23144826209696e-13	0.596256429922038	0.341	0.217	3.01279237841011e-08	"4"	"LOXL1-AS1"
1.55309201840593e-12	0.59549567450092	0.384	0.264	5.68447209656755e-08	"4"	"CHI3L1"
1.57785544013689e-12	0.552401172671624	0.636	0.502	5.77510869644503e-08	"4"	"SMYD3"
1.62471828862576e-12	0.670459685435029	0.266	0.159	5.94663140819916e-08	"4"	"AC145124.1"
2.35758638626549e-12	0.616295068169522	0.277	0.169	8.62900193237033e-08	"4"	"KCNK15"
4.46880920710367e-12	0.515119463780803	0.386	0.259	1.63562885789201e-07	"4"	"C8orf58"
5.40632250060272e-12	0.550168261395029	0.277	0.167	1.9787680984456e-07	"4"	"LINC02762"
1.29980348978094e-11	0.785716353800142	0.377	0.247	4.75741075294724e-07	"4"	"AL627171.2"
1.45771644859535e-11	0.601013037923066	0.294	0.185	5.33538797350384e-07	"4"	"MIF4GD"
1.56933919936346e-11	0.547755185224307	0.38	0.254	5.74393840359019e-07	"4"	"VSTM4"
2.67043727318989e-11	0.514665680310794	0.355	0.236	9.77406746360231e-07	"4"	"ACVR2A"
6.48259225289171e-11	0.556938076566161	0.272	0.169	2.37269359048089e-06	"4"	"LINC01615"
1.03681325028963e-10	0.553235688641563	0.399	0.275	3.79484017738506e-06	"4"	"HDHD2"
1.18060736910202e-10	0.594530893497802	0.317	0.209	4.3211410316503e-06	"4"	"ARHGAP28"
1.21393476781748e-10	0.520040771665677	0.331	0.218	4.44312264368877e-06	"4"	"BAMBI"
3.34260808142112e-10	0.541373082726529	0.294	0.19	1.22342798388095e-05	"4"	"ZDHHC17"
9.69729645358846e-10	0.516783525885893	0.301	0.2	3.54930747497791e-05	"4"	"LYSMD2"
9.95426998425576e-10	0.528073507475423	0.293	0.192	3.64336235693745e-05	"4"	"SGPP1"
1.37753477631297e-09	0.504038822444688	0.267	0.172	5.0419150347831e-05	"4"	"DDIT4-AS1"
3.46802677043074e-09	0.516276044039736	0.329	0.228	0.000126933247824535	"4"	"MAP3K7CL"
8.18234693078347e-09	0.50579241628666	0.32	0.223	0.000299482080013606	"4"	"RYBP"
1.3003557621235e-08	0.507081436051443	0.292	0.197	0.000475943212494823	"4"	"AC020916.1"
7.20558472630476e-164	1.34961785726516	0.992	0.839	2.6373160656748e-159	"5"	"GLS"
1.46180379628123e-149	0.871624165623908	1	0.989	5.35034807476893e-145	"5"	"HIF1A"
1.91511588249127e-143	0.962085092606229	1	0.968	7.00951564150629e-139	"5"	"PGK1"
7.27231139991225e-137	0.958926701500377	1	1	2.66173869548188e-132	"5"	"ACTB"
6.53103403355966e-136	1.1053090115395	1	0.98	2.39042376662317e-131	"5"	"TPM1"
1.06309451169246e-117	0.70530408115622	1	1	3.89103222224556e-113	"5"	"MYL6"
9.67637075382286e-115	0.937326213210933	0.998	0.984	3.54164845960671e-110	"5"	"MYL9"
1.6260522805769e-113	1.72134463708241	0.7	0.284	5.95151395213949e-109	"5"	"SYNPO2"
6.35794044334285e-111	1.0454541640004	1	0.946	2.32706978166792e-106	"5"	"MYH9"
1.31430982155454e-110	0.815155451855831	0.997	0.954	4.81050537787178e-106	"5"	"CNN3"
5.01282660315087e-110	0.697028737327376	1	0.994	1.83474466501925e-105	"5"	"MYL12A"
3.72253698618813e-109	0.758228182379166	0.995	0.94	1.36248576231472e-104	"5"	"P4HA1"
6.56091006161754e-109	0.928115063564708	1	0.938	2.40135869165264e-104	"5"	"ACTN1"
1.56486433997584e-108	1.11004581022237	1	0.966	5.72755997074557e-104	"5"	"TAGLN"
2.07818622266515e-107	0.58592297592705	1	0.999	7.6063693935767e-103	"5"	"TPI1"
1.23702608376045e-102	1.49804201288755	0.908	0.596	4.52763916917163e-98	"5"	"PCSK7"
9.14191952626734e-102	1.44724121570354	0.997	0.923	3.34603396580911e-97	"5"	"THBS1"
1.70283208206747e-101	1.03187393223478	0.988	0.822	6.23253570357513e-97	"5"	"MYADM"
3.02731804191322e-101	0.586740141248785	1	1	1.10802867652066e-96	"5"	"TPM4"
1.1224903785781e-100	1.86289410658887	0.61	0.236	4.10842703463369e-96	"5"	"CRISPLD2"
2.57781681924693e-97	0.596280707275528	1	0.999	9.4350673401257e-93	"5"	"ENO1"
4.50980104006746e-97	0.630570981095597	1	1	1.65063227867509e-92	"5"	"TPM2"
1.6799125247365e-94	0.684516600756188	1	0.976	6.14864783178808e-90	"5"	"CNN2"
3.88077089090536e-92	1.15741514273287	0.952	0.776	1.42040095378027e-87	"5"	"CSRP1"
9.25563991749451e-92	1.26630527080719	0.994	0.916	3.38765676620217e-87	"5"	"SERPINE1"
5.96676487916741e-90	0.748550284687647	0.998	0.979	2.18389561342406e-85	"5"	"FLNA"
6.48683154141856e-90	0.633595523606477	1	0.991	2.37424521247461e-85	"5"	"CAVIN1"
1.46401174352641e-89	0.749573120513981	0.998	0.956	5.35842938248101e-85	"5"	"BNIP3"
1.7022239637938e-86	1.00237795019256	0.946	0.723	6.23030992988169e-82	"5"	"ACLY"
3.82300357726353e-86	0.709678243465148	1	0.98	1.39925753931422e-81	"5"	"THY1"
4.77973231095918e-83	1.64311954996844	0.686	0.327	1.74942982313417e-78	"5"	"F3"
5.01015844795025e-82	1.43459950981299	0.559	0.21	1.83376809353427e-77	"5"	"MRVI1"
2.6499452803184e-80	0.574121142141132	1	1	9.69906472049338e-76	"5"	"CALD1"
1.2142551538046e-79	0.501156097990949	1	0.999	4.4442952884402e-75	"5"	"LDHA"
3.19390040783803e-79	0.950929793627078	0.936	0.718	1.1689994882728e-74	"5"	"PAPSS2"
5.80746703780244e-79	1.54885779705173	0.567	0.236	2.12559101050607e-74	"5"	"LMOD1"
3.68465163891721e-76	1.2619687139954	0.807	0.485	1.34861934636009e-71	"5"	"PSG5"
2.81727148909301e-75	1.45453454194647	0.759	0.443	1.03114953772293e-70	"5"	"ALDH1B1"
2.77962019940341e-74	1.53759322487573	0.71	0.357	1.01736878918364e-69	"5"	"PITX2"
8.18844544329679e-74	0.597495393329803	0.998	0.952	2.99705291670106e-69	"5"	"TLN1"
3.11047465423742e-73	0.572341746259114	0.998	0.952	1.13846482819744e-68	"5"	"ARPC5"
5.13764157611715e-72	0.8011237656372	0.988	0.848	1.88042819327464e-67	"5"	"CDC42EP3"
2.74815451733475e-71	1.49284825723507	0.599	0.271	1.00585203488969e-66	"5"	"CNN1"
5.56813801670319e-71	0.804630222096102	0.97	0.847	2.03799419549353e-66	"5"	"PLS3"
6.8022146232643e-71	2.06633669521861	0.331	0.092	2.48967857426097e-66	"5"	"VTN"
1.08512707341592e-70	0.747221167957278	0.978	0.825	3.97167360140961e-66	"5"	"SLC16A3"
4.44080103069841e-69	0.736458382893648	0.992	0.902	1.62537758524592e-64	"5"	"TGFB1I1"
6.48243350338014e-67	0.98361571772145	0.837	0.509	2.37263548657217e-62	"5"	"CDH2"
3.18367052680281e-66	1.53380203831481	0.63	0.32	1.1652552495151e-61	"5"	"KCNE4"
4.28430513709788e-66	0.911061276331685	0.894	0.642	1.5680985232292e-61	"5"	"FLNB"
1.35394607887613e-65	0.804742404763702	0.975	0.867	4.95557804329452e-61	"5"	"LGMN"
1.41215109338544e-65	0.908198942366172	0.896	0.646	5.16861421690007e-61	"5"	"PFKP"
1.14472134055888e-64	0.897417902370619	0.943	0.716	4.18979457857957e-60	"5"	"LMO7"
1.21773407180955e-63	2.32067124872506	0.637	0.351	4.45702847623012e-59	"5"	"ANKRD37"
2.34081393703709e-63	0.646590301834315	0.988	0.899	8.56761309094944e-59	"5"	"ACTR3"
5.96347355412281e-63	0.808726553502224	0.957	0.729	2.18269095554449e-58	"5"	"NEXN"
1.89748035730306e-62	1.68606861108607	0.641	0.345	6.94496785576491e-58	"5"	"MYLK"
9.9856462493954e-62	0.8419465325944	0.918	0.665	3.65484638374121e-57	"5"	"AMOTL2"
6.31553344496308e-61	0.578734408362599	0.995	0.923	2.31154839619094e-56	"5"	"WDR1"
1.80900044474866e-59	1.50934931211423	0.635	0.335	6.62112252782458e-55	"5"	"RDH10"
2.94908191723026e-59	1.20109107500684	0.851	0.59	1.07939347252545e-54	"5"	"MYH10"
3.09032922661218e-59	0.618184742680854	1	0.986	1.13109140023232e-54	"5"	"LOX"
5.6448971900614e-59	1.04538013530234	0.852	0.59	2.06608882053437e-54	"5"	"ELL2"
3.32357713103515e-58	0.534304198890493	0.986	0.927	1.21646246573018e-53	"5"	"PARVA"
4.98659225108709e-57	0.564523666485903	0.994	0.934	1.82514262982039e-52	"5"	"COTL1"
5.11062553869188e-57	0.80833322751517	0.943	0.736	1.87054005341662e-52	"5"	"PDLIM5"
1.21348866195496e-56	2.36316577172081	0.269	0.075	4.44148985162134e-52	"5"	"AMIGO2"
2.26686630840357e-55	1.64842581073504	0.472	0.203	8.2969573753879e-51	"5"	"LIMCH1"
3.68301454865101e-55	1.04560874683852	0.769	0.481	1.34802015495176e-50	"5"	"TPD52L1"
1.76139821466917e-54	1.1543866272851	0.663	0.375	6.44689360551064e-50	"5"	"NRP2"
7.80875957253251e-54	0.743301876065352	0.935	0.747	2.85808409114262e-49	"5"	"TWSG1"
3.98450391998874e-53	1.1488502155804	0.62	0.325	1.45836827975508e-48	"5"	"KIF26B"
5.0895817851928e-52	0.705404452239259	0.994	0.88	1.86283782919842e-47	"5"	"ACTN4"
8.96652277749814e-52	1.29514618199142	0.615	0.34	3.2818370017921e-47	"5"	"SNX25"
7.60342579258723e-51	1.22452547214483	0.526	0.248	2.78292987434485e-46	"5"	"PPP1R13L"
3.59044210714733e-50	1.52555024661862	0.803	0.587	1.314137715637e-45	"5"	"ACTA2"
1.1705089269314e-48	0.579626004361589	0.984	0.901	4.2841797234616e-44	"5"	"ANXA6"
2.66613836511935e-48	0.760619705980109	0.913	0.665	9.75833303017333e-44	"5"	"CRIM1"
8.183899897713e-48	0.784577274038522	0.961	0.859	2.99538920156193e-43	"5"	"TXNRD1"
3.926327139722e-47	1.10446455010921	0.61	0.324	1.43707499640965e-42	"5"	"SUSD2"
5.99104840350256e-47	0.950124639869073	0.705	0.438	2.19278362616597e-42	"5"	"PODNL1"
6.83674578263588e-47	0.788739231941429	0.918	0.735	2.50231732390256e-42	"5"	"FLNC"
7.09203358201826e-47	1.78732312598619	0.273	0.086	2.5957552113545e-42	"5"	"SERPINB7"
7.13916964439281e-47	0.599593277173443	0.966	0.763	2.61300748154421e-42	"5"	"NEK7"
9.70496153576555e-47	0.833841198624754	0.918	0.731	3.55211297170555e-42	"5"	"STC2"
1.0344605716745e-46	1.17282994383344	0.657	0.376	3.78622913838584e-42	"5"	"INHBA"
2.44573059613747e-46	1.01062169969594	0.655	0.383	8.95161855492277e-42	"5"	"GYS1"
1.54483613509973e-45	0.566491214753122	0.998	0.968	5.65425473807853e-41	"5"	"DAB2"
2.22698096017249e-45	0.972935369834835	0.679	0.405	8.15097301232733e-41	"5"	"FBLIM1"
2.78957716568817e-45	1.09869022017732	0.766	0.533	1.02101313841353e-40	"5"	"IFI27"
4.78098391614561e-45	0.720946465501038	0.963	0.822	1.74988792314845e-40	"5"	"GAS6"
6.05998404785339e-45	0.641176952470841	0.938	0.769	2.21801476135482e-40	"5"	"MACF1"
1.592808700193e-44	0.686998102564094	0.904	0.731	5.82983912357641e-40	"5"	"MBNL2"
9.29902788892406e-44	0.505261428439897	1	0.989	3.4035371976251e-39	"5"	"ISLR"
3.75772206777801e-43	0.94762892641748	0.98	0.845	1.37536385402743e-38	"5"	"CCN2"
9.84640080140496e-43	0.831130647280894	0.818	0.557	3.60388115732223e-38	"5"	"CHAC1"
2.09965862452729e-42	0.70305847561866	0.924	0.734	7.68496053163232e-38	"5"	"RAI14"
1.10409583461021e-41	1.10853120322848	0.5	0.246	4.04110116425683e-37	"5"	"MARCH3"
5.02453792025319e-41	0.940749191245873	0.918	0.764	1.83903112419187e-36	"5"	"ID3"
6.55037980776436e-41	1.38995271163963	0.568	0.312	2.39750451343983e-36	"5"	"IL6"
7.95440046267708e-40	0.533889808578531	0.984	0.967	2.91139011334444e-35	"5"	"CTHRC1"
1.97536434707406e-39	0.698623141804416	0.84	0.596	7.23003104672576e-35	"5"	"IDH2"
6.38472237682896e-39	0.760602959927681	0.747	0.461	2.33687223714317e-34	"5"	"DDAH1"
6.38720305854175e-39	1.50949820022284	0.258	0.087	2.33778019145686e-34	"5"	"BHLHE41"
1.4460452773489e-38	0.698147896792166	0.901	0.698	5.29267031962471e-34	"5"	"RHOB"
1.4610169098182e-38	0.735723393427505	0.888	0.716	5.34746799162561e-34	"5"	"HEG1"
2.00139966621742e-37	0.841632456703779	0.635	0.365	7.32532291832237e-33	"5"	"PAWR"
3.03714745965014e-37	0.662631958776697	0.894	0.702	1.11162634170655e-32	"5"	"PCK2"
5.24996626513832e-37	0.59633459391192	0.967	0.825	1.92154015270328e-32	"5"	"PALLD"
6.7933496573057e-37	0.500712690679763	0.994	0.985	2.48643390807046e-32	"5"	"COL5A2"
1.06893723398153e-36	0.593283958105027	0.949	0.803	3.91241717009579e-32	"5"	"PLOD2"
1.16703336259225e-36	0.974741561930499	0.613	0.364	4.27145881042389e-32	"5"	"SERINC2"
1.18352220600296e-36	1.01097451158916	0.495	0.257	4.33180962619143e-32	"5"	"CARMN"
1.37058649921623e-36	1.45970051663429	0.512	0.289	5.01648364578134e-32	"5"	"KRT18"
1.40235253893003e-36	1.55840469606246	0.297	0.117	5.13275052773782e-32	"5"	"HSPA2"
1.49542688072151e-35	0.975645678997688	0.508	0.272	5.47341192612881e-31	"5"	"RUSC2"
4.3757129725321e-35	0.783242492022235	0.705	0.459	1.60155470507647e-30	"5"	"EN1"
1.15144878225633e-34	1.05513762051619	0.396	0.184	4.21441768793638e-30	"5"	"NEDD9"
2.30292725671801e-34	0.747720724979887	0.688	0.43	8.42894405231357e-30	"5"	"SLC38A1"
2.48811805074213e-34	0.549745637271044	0.952	0.816	9.10676087752129e-30	"5"	"DSE"
1.80575305936755e-33	0.64737860411037	0.87	0.653	6.60923677259118e-29	"5"	"VASP"
2.13505957317501e-33	0.72629673226698	0.776	0.557	7.81453154377785e-29	"5"	"TNS1"
2.19881985891908e-33	0.829162187906099	0.598	0.363	8.04790056562974e-29	"5"	"ITPR2"
3.39979764154298e-33	1.02724472549808	0.447	0.23	1.24435993478115e-28	"5"	"IQCJ-SCHIP1"
3.4372137836409e-33	0.574157363685008	0.908	0.712	1.25805461695041e-28	"5"	"MSRB3"
3.75140544495555e-33	0.712519685166279	0.863	0.691	1.37305190690818e-28	"5"	"ATP2A2"
7.44082370303065e-33	0.855570890336123	0.601	0.365	2.72341588354625e-28	"5"	"TGFBR1"
1.1835005505204e-32	1.26776246567071	0.694	0.479	4.33173036495972e-28	"5"	"DKK1"
1.42031173613432e-32	0.755011297996205	0.654	0.408	5.19848298542522e-28	"5"	"PACSIN2"
1.42384202747711e-32	0.54138421192478	0.972	0.903	5.21140420476897e-28	"5"	"COL16A1"
1.89081485670634e-32	0.680153846020186	0.803	0.594	6.92057145703089e-28	"5"	"NFKBIZ"
4.74532142178872e-32	1.18994627623839	0.328	0.144	1.73683509358889e-27	"5"	"PTPRN"
6.38477451126568e-32	0.997881766747137	0.384	0.181	2.33689131886835e-27	"5"	"TRAF5"
7.59526713824071e-32	1.47966703986279	0.266	0.104	2.77994372526748e-27	"5"	"AC037198.2"
8.62039382204716e-32	0.868757616582386	0.584	0.347	3.15515034280748e-27	"5"	"GALNT10"
1.05615714647715e-31	0.94834174890076	0.47	0.245	3.86564077182102e-27	"5"	"C2orf88"
1.19199929389673e-31	0.715132755414901	0.789	0.562	4.36283661559143e-27	"5"	"TUBB2A"
3.46669907412079e-31	1.04911159260585	0.599	0.365	1.26884652811895e-26	"5"	"SRGN"
7.70368443417466e-31	0.724585772837779	0.683	0.459	2.81962553975227e-26	"5"	"B4GALT4"
1.78549883719232e-30	0.776637807977951	0.856	0.673	6.5351042940076e-26	"5"	"GREM1"
1.92236862318538e-30	0.760612639354431	0.486	0.252	7.03606139772081e-26	"5"	"PCDH7"
2.13926394438105e-30	0.622697148946057	0.793	0.579	7.82991996282909e-26	"5"	"MINDY2"
2.47896991416695e-30	1.16008007091494	0.46	0.246	9.07327778284244e-26	"5"	"ENC1"
2.80609922643879e-30	0.704375914779162	0.834	0.638	1.02706037786886e-25	"5"	"CCDC71L"
3.75923869116913e-30	0.873590539862142	0.494	0.269	1.37591895335481e-25	"5"	"P3H2"
4.8442289182143e-30	0.752546969971186	0.439	0.223	1.77303622635562e-25	"5"	"LY6K"
5.9461652382265e-30	0.577395253328861	0.784	0.544	2.17635593884328e-25	"5"	"EGLN1"
6.03062147974698e-30	0.798524930493973	0.534	0.305	2.20726776780219e-25	"5"	"AL133415.1"
7.46873893840441e-30	0.973189626084422	0.575	0.351	2.7336331388454e-25	"5"	"TGM2"
8.67334056614176e-30	0.590011994996878	0.924	0.817	3.17452938061355e-25	"5"	"LASP1"
2.2116983554204e-29	0.795546084546888	0.561	0.332	8.09503715067422e-25	"5"	"GBP1"
6.91358874204052e-29	0.524160135615368	0.78	0.542	2.53044261547425e-24	"5"	"KLF2"
6.95094961365253e-29	1.03786210940676	0.48	0.277	2.54411706809296e-24	"5"	"KRT7"
1.31486209669693e-28	0.958435993782483	0.376	0.183	4.81252676012044e-24	"5"	"PFKFB3"
2.71745852403445e-28	0.999687169428229	0.379	0.184	9.94616994381849e-24	"5"	"ADARB1"
6.56095087680239e-28	1.16070497200292	0.298	0.131	2.40137363041844e-23	"5"	"VLDLR"
7.97535835269048e-28	0.745579688881303	0.71	0.508	2.91906091066824e-23	"5"	"LACC1"
3.28462113461207e-27	0.763089715924036	0.433	0.223	1.20220418147937e-22	"5"	"LRP5"
4.02955615401856e-27	0.708385033860086	0.654	0.414	1.47485784793233e-22	"5"	"PRPS1"
4.23409907764055e-27	0.990415970907237	0.447	0.249	1.54972260340722e-22	"5"	"PPP1R3C"
6.44774524042984e-27	0.640564612743484	0.745	0.523	2.35993923544972e-22	"5"	"CNST"
2.01296811737182e-26	0.6253975455104	0.571	0.346	7.3676646063926e-22	"5"	"DACT1"
2.05074369824797e-26	0.860899942117082	0.425	0.227	7.50592700995738e-22	"5"	"TANC1"
2.27900082784809e-26	0.603300955259535	0.725	0.496	8.3413709300068e-22	"5"	"PIM1"
2.7456727654738e-26	0.842420305790426	0.404	0.209	1.00494368889106e-21	"5"	"SPAG4"
3.27012935029568e-26	0.75839791294982	0.53	0.312	1.19690004350172e-21	"5"	"SRF"
7.09276312045307e-26	1.07100692244126	0.366	0.185	2.59602222971703e-21	"5"	"ADAM19"
8.06809409491958e-26	1.06956607729569	0.334	0.163	2.95300311968152e-21	"5"	"STBD1"
1.23313288849541e-25	0.767053051280921	0.497	0.287	4.51338968518205e-21	"5"	"SIPA1L1"
1.35193517033607e-25	0.972392258151196	0.593	0.398	4.94821791694706e-21	"5"	"HILPDA"
1.65686442825799e-25	0.577304435668119	0.992	0.973	6.06428949386708e-21	"5"	"LUM"
1.8010328785293e-25	1.18346783151427	0.283	0.129	6.59196043870509e-21	"5"	"NPAS1"
1.86780152618547e-25	0.785456394818747	0.578	0.376	6.83634036599145e-21	"5"	"U2AF1"
1.95289393222688e-25	0.601496612165813	0.736	0.52	7.14778708134361e-21	"5"	"MBOAT2"
1.99490337931358e-25	0.892802728465222	0.539	0.344	7.30154585862564e-21	"5"	"ENO2"
2.11150760262259e-25	0.630826217222062	0.55	0.322	7.72832897635896e-21	"5"	"MIR210HG"
2.15115916772083e-25	0.667268920435753	0.621	0.392	7.87345766977503e-21	"5"	"CTIF"
2.34963676626372e-25	0.83751048361406	0.637	0.419	8.59990552820185e-21	"5"	"CXCL6"
2.55906394295239e-25	0.565969417752445	0.778	0.57	9.36642993760005e-21	"5"	"SWAP70"
3.41383938859346e-25	0.663647210162186	0.651	0.44	1.24949935461909e-20	"5"	"HYOU1"
6.99277583042644e-25	0.593420537389502	0.792	0.583	2.55942588169438e-20	"5"	"LMCD1"
9.39389953166344e-25	0.609383011968776	0.745	0.551	3.43826116758414e-20	"5"	"NFYB"
1.02973414797377e-24	0.649251155921386	0.61	0.385	3.76892995499878e-20	"5"	"ST3GAL1"
1.32129989001527e-24	0.718151018047104	0.54	0.322	4.8360897274449e-20	"5"	"DCBLD1"
1.88465184860965e-24	1.09690336887402	0.259	0.114	6.89801423109617e-20	"5"	"RGS4"
2.54396712428765e-24	1.03352351331498	0.252	0.106	9.31117407160523e-20	"5"	"AC037198.1"
2.61405248660222e-24	0.568786084782491	0.856	0.675	9.56769350621278e-20	"5"	"PXDC1"
2.83799711482179e-24	0.671199471880657	0.705	0.499	1.03873532399592e-19	"5"	"HMCN1"
2.90252206250973e-24	0.987556376008977	0.334	0.162	1.06235210009919e-19	"5"	"PCDH9"
3.46205499557463e-24	0.648251346702265	0.635	0.417	1.26714674893027e-19	"5"	"ALPK2"
4.32794275698126e-24	0.950873473947684	0.384	0.204	1.58407032848271e-19	"5"	"RHOBTB1"
4.35862101513695e-24	0.656444250693243	0.64	0.417	1.59529887775027e-19	"5"	"CSRP2"
5.68297564359246e-24	1.13679718137657	0.261	0.116	2.08002591531128e-19	"5"	"MGARP"
7.44312806029118e-24	0.742438586030098	0.435	0.242	2.72425930134717e-19	"5"	"CTPS1"
8.51698410891865e-24	0.620185054868895	0.644	0.425	3.11730135370532e-19	"5"	"NXN"
9.90563738487229e-24	0.640208877893539	0.688	0.474	3.62556233923711e-19	"5"	"WWC2"
1.16368911028188e-23	0.671054129333249	0.578	0.366	4.2592185125427e-19	"5"	"ADAMTS12"
1.28823309574423e-23	0.741602952574221	0.474	0.274	4.71506195373346e-19	"5"	"SKP2"
1.36935299078638e-23	0.534519606210503	0.966	0.878	5.01196888157722e-19	"5"	"DDIT4"
1.73024511992771e-23	1.20311074341228	0.273	0.128	6.33287016344742e-19	"5"	"MMP3"
1.95734777659825e-23	0.723064126209874	0.258	0.11	7.16408859712724e-19	"5"	"LINC01436"
2.02622130704141e-23	1.07809028570934	0.256	0.113	7.41617260590225e-19	"5"	"SARM1"
2.18304142805486e-23	0.556484587888848	0.78	0.58	7.99014993082361e-19	"5"	"C1orf198"
2.82630456608015e-23	1.31383263381729	0.275	0.131	1.034455734231e-18	"5"	"TSPAN2"
2.93471644003628e-23	0.634755020513619	0.713	0.52	1.07413556421768e-18	"5"	"SPOCD1"
3.24387575269529e-23	0.792464991176674	0.744	0.599	1.187290964244e-18	"5"	"UCHL1"
3.89974304384642e-23	0.545173102860409	0.745	0.523	1.42734495147823e-18	"5"	"ZNF281"
4.1142653916664e-23	0.650705948010229	0.526	0.314	1.50586227600382e-18	"5"	"SLC2A1"
4.95593276164456e-23	0.770327791131017	0.354	0.179	1.81392095008952e-18	"5"	"THNSL2"
5.31809043648997e-23	0.615521879896376	0.52	0.322	1.94647428065969e-18	"5"	"AC011603.2"
5.91545666722676e-23	0.692846303164029	0.744	0.544	2.16511629477167e-18	"5"	"FILIP1L"
9.95638042566874e-23	0.511110735900226	0.773	0.575	3.64413479959902e-18	"5"	"ANKLE2"
1.07741010513348e-22	0.502923047383767	0.784	0.585	3.94342872579905e-18	"5"	"AVEN"
1.29523662432627e-22	0.968458565045504	0.376	0.203	4.74069556869657e-18	"5"	"MBNL1-AS1"
1.4782075721884e-22	0.593556700373129	0.632	0.418	5.41038753496676e-18	"5"	"CDR2"
1.72961784024652e-22	0.517631331520857	0.784	0.574	6.33057425708627e-18	"5"	"GNB4"
2.07106056164138e-22	0.546214771088934	0.775	0.578	7.58028876166363e-18	"5"	"ACOT2"
2.15524412387861e-22	0.775362872121305	0.517	0.32	7.8884090178081e-18	"5"	"ANGPT1"
2.77323284179184e-22	0.80925973268236	0.449	0.259	1.01503095242423e-17	"5"	"PRKD1"
3.96483646152114e-22	0.666734163615227	0.638	0.435	1.45116979328135e-17	"5"	"GRAMD2B"
5.00794425499348e-22	0.770356993858208	0.658	0.462	1.83295767677016e-17	"5"	"PPME1"
6.29252506840487e-22	0.565678991725671	0.615	0.399	2.30312710028687e-17	"5"	"ERCC2"
1.01856410563638e-21	0.536328072495483	0.593	0.381	3.72804648303972e-17	"5"	"GGH"
1.0397726244109e-21	0.716100354632234	0.467	0.275	3.80567178260633e-17	"5"	"HACD1"
1.26677512496327e-21	0.518422727285158	0.761	0.554	4.63652363487805e-17	"5"	"ANKRD13A"
1.43833157753341e-21	0.715705966953907	0.432	0.244	5.26443740693003e-17	"5"	"TEAD3"
1.6402437558099e-21	0.689108403250277	0.419	0.234	6.00345617063982e-17	"5"	"PDK1"
1.85909467691716e-21	1.06213331982446	0.314	0.163	6.80447242698451e-17	"5"	"AL359834.1"
2.77850375967803e-21	0.937657390745948	0.284	0.138	1.01696016107976e-16	"5"	"NOCT"
4.7207532353906e-21	0.653944774947321	0.523	0.323	1.72784289168531e-16	"5"	"NOMO2"
6.05074562725086e-21	0.775980551548231	0.646	0.448	2.21463340703009e-16	"5"	"RCAN1"
7.72870028130557e-21	1.00187771582984	0.665	0.49	2.82878158996065e-16	"5"	"SULF1"
1.59605937833404e-20	0.868093480741887	0.357	0.196	5.84173693064042e-16	"5"	"EOGT"
1.74479175331701e-20	0.830854922147929	0.362	0.196	6.38611229631561e-16	"5"	"S100A3"
2.45552980896068e-20	0.823126057593143	0.325	0.168	8.98748465377699e-16	"5"	"STXBP6"
2.5863338725933e-20	0.776454965775467	0.573	0.394	9.46624060707875e-16	"5"	"MYO10"
5.58321915520468e-20	0.946488196769457	0.37	0.212	2.04351404299647e-15	"5"	"NUAK1"
1.23478484969802e-19	1.07439909278363	0.253	0.121	4.51943602837973e-15	"5"	"IL11"
1.40428872405511e-19	0.740518587777753	0.446	0.268	5.13983715891412e-15	"5"	"SLC1A1"
1.50523880752163e-19	0.578851117425257	0.693	0.509	5.50932455940992e-15	"5"	"TP53I11"
1.70565808162058e-19	0.7139089690411	0.346	0.183	6.24287914453949e-15	"5"	"CENPV"
1.7285724274872e-19	0.675931327441959	0.391	0.218	6.32674794184591e-15	"5"	"ALDOC"
2.10779257313928e-19	0.859328658484595	0.402	0.239	7.71473159694708e-15	"5"	"ARL4A"
2.17897011911518e-19	0.568432845902871	0.66	0.455	7.97524853297345e-15	"5"	"EPAS1"
2.6644277358216e-19	0.509484191477922	0.559	0.354	9.75207195588064e-15	"5"	"BOK"
2.74946236361846e-19	0.696365986931623	0.36	0.198	1.00633071970799e-14	"5"	"SPECC1"
3.4500165010563e-19	0.568879953322	0.727	0.547	1.26274053955162e-14	"5"	"SNAPC1"
4.67402852309839e-19	0.687762500071952	0.404	0.231	1.71074117973924e-14	"5"	"NACC2"
5.41561902792306e-19	0.941023585790659	0.283	0.145	1.98217072041012e-14	"5"	"PLPP4"
5.59699309723346e-19	0.971530442207731	0.388	0.231	2.04855544351842e-14	"5"	"COL15A1"
6.13449494403689e-19	0.891147501872429	0.498	0.332	2.24528649446694e-14	"5"	"SLC25A4"
6.42615226729498e-19	0.628144549019551	0.533	0.344	2.35203599135263e-14	"5"	"BMT2"
6.63570023469634e-19	0.596431114198561	0.5	0.308	2.42873264290121e-14	"5"	"RAPH1"
8.27114206038557e-19	0.671267471852732	0.536	0.351	3.02732070552172e-14	"5"	"CPPED1"
8.6186592589591e-19	0.615268625850178	0.624	0.454	3.15451547537162e-14	"5"	"COL4A2"
1.08017262418106e-18	0.67311689673257	0.54	0.364	3.9535398217651e-14	"5"	"AC006064.4"
1.14974411092229e-18	0.625358706872033	0.658	0.484	4.20817842038667e-14	"5"	"GATA6"
1.50541253319295e-18	0.796292005780488	0.385	0.227	5.50996041273951e-14	"5"	"MAGI1"
3.24054478675156e-18	0.806294998497063	0.331	0.18	1.18607179739894e-13	"5"	"ZC3H12A"
3.82408405342246e-18	0.56056771598927	0.593	0.407	1.39965300439315e-13	"5"	"TFRC"
4.28113528487365e-18	0.53190585995166	0.657	0.475	1.56693832561661e-13	"5"	"MRAS"
4.51023061519204e-18	0.641727598560336	0.548	0.372	1.65078950746644e-13	"5"	"VIM-AS1"
4.73928074547789e-18	0.533608602371044	0.579	0.383	1.73462414565236e-13	"5"	"MYBBP1A"
7.07355494468109e-18	0.622684370659648	0.505	0.321	2.58899184530273e-13	"5"	"ARHGEF17"
1.38156418365597e-17	0.567126446036305	0.665	0.474	5.0566630685992e-13	"5"	"PDZRN3"
1.49023131941673e-17	0.555608839959779	0.528	0.334	5.45439565219718e-13	"5"	"TLCD3A"
1.81284695405284e-17	0.514176742140227	0.72	0.52	6.63520113652881e-13	"5"	"HDHD5"
2.49928352537854e-17	0.506227556731842	0.876	0.756	9.14762763123799e-13	"5"	"GLRX"
2.56868022687979e-17	0.529665393545659	0.657	0.459	9.40162649840273e-13	"5"	"DAAM1"
2.82203394054659e-17	0.694220178189772	0.377	0.222	1.03289264257946e-12	"5"	"IRX5"
3.59948480551132e-17	0.747664219368941	0.39	0.235	1.3174474336652e-12	"5"	"KRT8"
4.09553231966282e-17	0.925982684873351	0.41	0.256	1.49900578431979e-12	"5"	"CDKN2B"
4.37283933346342e-17	0.509946041622692	0.509	0.325	1.60050292444095e-12	"5"	"BMPER"
6.66331885415298e-17	0.688329875707982	0.342	0.194	2.43884133380853e-12	"5"	"CAP2"
6.96501647052662e-17	0.567785678845626	0.508	0.329	2.54926567837745e-12	"5"	"WEE1"
7.97917976504288e-17	0.576509093325269	0.494	0.318	2.92045958580334e-12	"5"	"ANKRD50"
8.3392318892719e-17	0.887077324238941	0.293	0.16	3.05224226379241e-12	"5"	"LINC00842"
9.26361275376721e-17	0.638028090226668	0.492	0.322	3.39057490400634e-12	"5"	"ABCC3"
1.02722750702302e-16	0.789309314502568	0.57	0.404	3.75975539845496e-12	"5"	"MIR503HG"
1.17272088277308e-16	0.562802955494061	0.565	0.393	4.29227570303776e-12	"5"	"HELZ"
1.31631586414984e-16	0.657897559617686	0.415	0.255	4.81784769437482e-12	"5"	"RASAL2"
1.49765023461044e-16	0.731243109553829	0.446	0.288	5.48154962369768e-12	"5"	"INSIG2"
1.79237048658373e-16	0.722292329175258	0.304	0.164	6.5602552179451e-12	"5"	"VWA1"
2.09344129396582e-16	0.564383546085314	0.491	0.313	7.6622044800443e-12	"5"	"PANX1"
2.44810959714734e-16	0.658992523117002	0.394	0.236	8.960325936519e-12	"5"	"DOCK11"
2.88261126038926e-16	0.703078418106997	0.315	0.175	1.05506454741507e-11	"5"	"FHOD3"
3.33247641295584e-16	0.638667317676937	0.331	0.182	1.21971969190597e-11	"5"	"DIPK2A"
3.42954160636468e-16	0.848307241943046	0.326	0.185	1.25524652334554e-11	"5"	"DNAJB5"
3.49890575451916e-16	0.710796582715185	0.303	0.164	1.28063449521156e-11	"5"	"HAPLN3"
3.78361994631461e-16	0.632872109567037	0.457	0.289	1.38484273655061e-11	"5"	"PMEPA1"
4.00360417158017e-16	0.636272266951555	0.47	0.3	1.46535916284006e-11	"5"	"PVR"
4.50140900289366e-16	0.565474293201956	0.489	0.316	1.64756070914911e-11	"5"	"CCDC122"
4.93036272689676e-16	0.527079661864942	0.489	0.313	1.80456206167148e-11	"5"	"YEATS2"
6.15571446781399e-16	0.585565137865129	0.696	0.519	2.2530530523646e-11	"5"	"DDX41"
6.26657105800197e-16	0.548540637651045	0.595	0.408	2.2936276729393e-11	"5"	"HS3ST3A1"
7.78889842554655e-16	0.838686052912188	0.303	0.171	2.85081471273429e-11	"5"	"DDIT4-AS1"
1.07592141422653e-15	0.504165944240931	0.297	0.16	3.93797996821052e-11	"5"	"IL33"
1.10754547371371e-15	0.522862680317787	0.464	0.293	4.05372718833954e-11	"5"	"MEIS3"
1.52104432930581e-15	0.56279910483432	0.444	0.278	5.56717434969218e-11	"5"	"EZR"
1.74780476782177e-15	0.59008305331106	0.354	0.204	6.39714023070447e-11	"5"	"BCAM"
2.02617877373302e-15	0.706081443909889	0.301	0.166	7.41601692974022e-11	"5"	"IGF2BP1"
2.48063696791005e-15	0.581216232113632	0.457	0.288	9.07937936624757e-11	"5"	"NAB1"
2.65385149459665e-15	0.558887454996206	0.575	0.403	9.71336185537321e-11	"5"	"CDK7"
3.73110741502812e-15	0.56334276172373	0.455	0.31	1.36562262497444e-10	"5"	"COL4A1"
4.95076422016672e-15	0.699666899837871	0.307	0.172	1.81202921222322e-10	"5"	"LINC02614"
5.07649415547985e-15	0.562576525460629	0.537	0.365	1.85804762584718e-10	"5"	"BCAR3"
8.53694258783177e-15	0.51158042366414	0.595	0.437	3.12460635657231e-10	"5"	"NAV3"
1.13641371275545e-14	0.510500631168268	0.542	0.366	4.15938783005622e-10	"5"	"MAPK7"
1.39257865427247e-14	0.500021908628346	0.453	0.285	5.09697713250266e-10	"5"	"ARSB"
1.44305413526442e-14	0.546740778356546	0.495	0.332	5.28172244048131e-10	"5"	"SFRP1"
1.62766555352614e-14	0.69234806340096	0.281	0.154	5.95741869246103e-10	"5"	"TRPM4"
2.62604042933138e-14	0.78270113465113	0.325	0.19	9.6115705753958e-10	"5"	"ANGPTL1"
2.67846787068157e-14	0.594184146327952	0.37	0.224	9.80346025348162e-10	"5"	"MICALL1"
3.58902144957439e-14	0.598528843958158	0.481	0.327	1.31361774075872e-09	"5"	"WNT2"
4.77030047383357e-14	0.573050660648154	0.432	0.27	1.74597767642782e-09	"5"	"HACD2"
4.9150300554909e-14	0.622521119704701	0.438	0.284	1.79895015061022e-09	"5"	"STEAP2"
4.93603097230514e-14	0.579265272517732	0.592	0.434	1.8066366961734e-09	"5"	"BHLHE40"
5.30917016811992e-14	0.536763158327372	0.488	0.324	1.94320937323357e-09	"5"	"C1QTNF1"
5.54119542629562e-14	0.663229110710376	0.3	0.171	2.02813293797846e-09	"5"	"SLC6A8"
7.15625445964583e-14	0.587411884237321	0.408	0.26	2.61926069477497e-09	"5"	"UST"
9.2426064261904e-14	0.83374801517455	0.694	0.572	3.38288637804995e-09	"5"	"CEMIP"
1.07072209993945e-13	0.554751498268494	0.39	0.241	3.91894995798837e-09	"5"	"LINC00960"
1.1450557644564e-13	0.625821111739826	0.261	0.142	4.19101860348686e-09	"5"	"INTU"
1.20602733931985e-13	0.696592851868152	0.255	0.14	4.41418066464459e-09	"5"	"PTPRF"
2.50536717862491e-13	0.589212751292444	0.404	0.259	9.16989441048503e-09	"5"	"ABCC4"
2.77222332129346e-13	0.508148026519723	0.455	0.296	1.01466145782662e-08	"5"	"RORA"
4.21122889797536e-13	0.789867564395994	0.27	0.156	1.54135188894796e-08	"5"	"CEMIP2"
4.63786578586361e-13	0.525596147735154	0.357	0.218	1.69750525628394e-08	"5"	"AGPAT5"
6.04798354190327e-13	0.558011202949178	0.393	0.252	2.21362245617202e-08	"5"	"PRKAG2"
1.05684241371656e-12	0.595380589389431	0.354	0.223	3.86814891844397e-08	"5"	"STARD4-AS1"
1.06238708772469e-12	0.543405222495495	0.438	0.289	3.88844297978113e-08	"5"	"KCTD11"
1.13986546759082e-12	0.500226886805852	0.41	0.264	4.17202159792915e-08	"5"	"TRIM59"
1.42522163328659e-12	0.814258465360707	0.256	0.146	5.21645369999224e-08	"5"	"C1QTNF3"
1.46259070789589e-12	0.552446783028208	0.346	0.211	5.35322824996973e-08	"5"	"LIN7B"
1.59584036041218e-12	0.542141502784613	0.298	0.174	5.8409353031446e-08	"5"	"TTLL7"
2.06892548119585e-12	0.564817319688472	0.444	0.298	7.57247415372491e-08	"5"	"MEG8"
2.08739385409036e-12	0.50081157041091	0.68	0.535	7.64007024535613e-08	"5"	"KCTD20"
2.12580705093123e-12	0.570020046563397	0.366	0.232	7.78066638711338e-08	"5"	"SAMD11"
2.13520880787046e-12	0.56387559308984	0.402	0.257	7.81507775768666e-08	"5"	"LRP6"
2.32769256171799e-12	0.650637588443838	0.348	0.22	8.51958754514401e-08	"5"	"BAMBI"
3.38823484394287e-12	0.695315398829695	0.286	0.169	1.24012783523153e-07	"5"	"KCNK6"
4.17847946794017e-12	0.537492809204398	0.332	0.203	1.52936527006078e-07	"5"	"MICAL3"
4.26612142338242e-12	0.820352496694573	0.267	0.156	1.5614431021722e-07	"5"	"MEGF6"
6.35534656967931e-12	0.67393274608799	0.463	0.329	2.32612039796833e-07	"5"	"STK38L"
1.07039696926938e-11	0.503515275668545	0.531	0.38	3.91775994722287e-07	"5"	"EPDR1"
1.96301817562589e-11	0.630757393988114	0.325	0.204	7.18484282460833e-07	"5"	"AJUBA"
2.00559662369712e-11	0.520058899849102	0.337	0.213	7.34068420239384e-07	"5"	"COBLL1"
2.2259947615385e-11	0.52622781800866	0.402	0.268	8.14736342670707e-07	"5"	"CYB5R2"
2.63165353500694e-11	0.607472053097309	0.258	0.15	9.63211510347888e-07	"5"	"AMPH"
4.13650670298072e-11	0.690074762551647	0.607	0.465	1.51400281835797e-06	"5"	"CLIC3"
4.13752687283893e-11	0.533930660280785	0.339	0.213	1.51437621072778e-06	"5"	"ZNF469"
5.06231450828944e-11	0.607042391241235	0.264	0.156	1.85285773317902e-06	"5"	"ALDH4A1"
5.45498806943793e-11	0.500291756235754	0.424	0.283	1.99658018329498e-06	"5"	"PEG10"
7.03500817533259e-11	0.650417334086574	0.276	0.167	2.57488334225348e-06	"5"	"FGF14"
8.17107713311336e-11	0.549090196947323	0.486	0.356	2.99069594149082e-06	"5"	"PLAAT3"
1.84975560007483e-10	0.545208846917713	0.307	0.196	6.77029047183388e-06	"5"	"TMEM268"
2.89259226051089e-10	0.618843381038965	0.301	0.19	1.05871769326959e-05	"5"	"MID1"
5.70576151236457e-10	0.587640494254125	0.349	0.23	2.08836577114056e-05	"5"	"FSTL3"
6.91241567302043e-10	0.526506149004971	0.262	0.158	2.53001326048221e-05	"5"	"RAI1"
6.96773220660787e-10	0.524403232950869	0.315	0.201	2.55025966494055e-05	"5"	"OGFRL1"
2.32578585839057e-09	0.551659198806106	0.34	0.227	8.51260882029534e-05	"5"	"STAMBPL1"
2.69677055011054e-09	0.520557435724562	0.289	0.183	9.87044989045958e-05	"5"	"CRY1"
1.47462066060789e-08	0.516992207580247	0.307	0.206	0.000539725907989094	"5"	"ARHGAP31"
1.82723297781406e-08	0.553147557627671	0.293	0.195	0.000668785542209724	"5"	"PID1"
3.87650242667515e-08	0.532411475056314	0.28	0.184	0.00141883865318737	"5"	"GPT2"
4.49672195700595e-08	0.543754824040832	0.287	0.192	0.00164584520348375	"5"	"KLHL2"
1.63155632723434e-07	0.551631551677021	0.52	0.415	0.0059716593133104	"5"	"SFRP4"
3.28080452132801e-07	0.613519992764075	0.253	0.17	0.0120080726285127	"5"	"CGREF1"
0	4.35056147361621	0.865	0.114	0	"6"	"TK1"
0	5.62753345203937	0.633	0.037	0	"6"	"BIRC5"
0	5.5266264536816	0.536	0.02	0	"6"	"CENPM"
0	5.72528591606564	0.539	0.031	0	"6"	"RRM2"
0	6.65551751694439	0.481	0.017	0	"6"	"ANLN"
0	7.17895173658975	0.456	0.012	0	"6"	"MKI67"
0	5.65570745261236	0.447	0.012	0	"6"	"MYBL2"
0	6.77279191672137	0.433	0.006	0	"6"	"KIF20A"
0	6.61060348442764	0.413	0.006	0	"6"	"SHCBP1"
0	6.49577935581227	0.398	0.01	0	"6"	"CLSPN"
0	7.0228120826823	0.395	0.007	0	"6"	"CEP55"
0	5.8890710507092	0.381	0.008	0	"6"	"APOBEC3B"
0	8.19707504210258	0.364	0.004	0	"6"	"DLGAP5"
1.78191646489428e-314	7.3541528724555	0.318	0.004	6.52199245315956e-310	"6"	"HMMR"
3.30545446764962e-311	8.36574555097593	0.275	0.001	1.20982938970444e-306	"6"	"SPC25"
9.14829749843246e-307	7.08022089837642	0.393	0.012	3.34836836740126e-302	"6"	"UBE2C"
9.57098945340618e-301	6.71667390583359	0.315	0.005	3.5030778498412e-296	"6"	"ASF1B"
3.09393788311772e-297	7.1871755924786	0.309	0.004	1.13241220459992e-292	"6"	"PKMYT1"
2.43463268039931e-296	5.45059274031796	0.364	0.01	8.91099907352951e-292	"6"	"TROAP"
2.88409836362899e-296	7.68244454676645	0.284	0.002	1.05560884207185e-291	"6"	"PIMREG"
1.99710489481623e-290	6.20130142120519	0.338	0.008	7.30960362551689e-286	"6"	"PBK"
8.47767428517307e-289	6.35901609422866	0.444	0.022	3.1029135651162e-284	"6"	"CDC20"
3.7664969537877e-281	6.61436788992905	0.307	0.005	1.37857555005584e-276	"6"	"DEPDC1"
8.92919935543325e-277	6.08441978601924	0.438	0.023	3.26817625608213e-272	"6"	"NUSAP1"
1.95925012114813e-274	7.06511538817442	0.292	0.005	7.17105136841429e-270	"6"	"KIFC1"
1.7324367328178e-268	7.10128938002726	0.281	0.004	6.34089168578642e-264	"6"	"GTSE1"
3.4785316143834e-267	6.36257239725138	0.287	0.005	1.27317735618047e-262	"6"	"CDC45"
5.01631691512124e-265	4.93803887594026	0.447	0.026	1.83602215410353e-260	"6"	"TRIP13"
2.63657675318006e-252	4.50005185419877	0.41	0.021	9.65013457431434e-248	"6"	"SPC24"
4.01402475679506e-252	6.11445283307417	0.284	0.005	1.46917320123456e-247	"6"	"BUB1"
1.54578073253966e-251	6.08549394042323	0.318	0.009	5.6577120591684e-247	"6"	"KNL1"
6.85484689220597e-250	5.29107034297558	0.53	0.047	2.50894251101631e-245	"6"	"PRC1"
1.61636615497039e-248	5.26041249287433	0.421	0.025	5.91606176380712e-244	"6"	"LMNB1"
1.22894690778767e-241	6.4472115765575	0.258	0.004	4.49806857719363e-237	"6"	"DTL"
1.81987829880799e-234	5.50404741252201	0.298	0.009	6.66093656146711e-230	"6"	"CKAP2L"
1.49923144453188e-229	4.83761760138816	0.418	0.028	5.48733701013115e-225	"6"	"GINS2"
4.90643018996269e-229	5.7442290682813	0.393	0.023	1.79580251382824e-224	"6"	"CDCA3"
5.52843353413815e-220	4.55819524914069	0.398	0.026	2.0234619578299e-215	"6"	"CENPU"
2.18767956686512e-218	4.61548994807801	0.461	0.039	8.00712598268301e-214	"6"	"ZWINT"
9.35713705227889e-216	4.3385286837414	0.596	0.078	3.4248057325046e-211	"6"	"CDKN3"
3.92353796264805e-213	6.20356338298663	0.45	0.039	1.43605412970881e-208	"6"	"CENPF"
5.27471132149844e-209	6.44636777088815	0.304	0.013	1.93059709078164e-204	"6"	"PLK1"
6.06459075402346e-209	6.08716285012886	0.275	0.009	2.21970086188013e-204	"6"	"CENPA"
1.44659814328422e-197	5.13126079347229	0.542	0.07	5.29469386423456e-193	"6"	"TPX2"
6.93062543658443e-192	5.40993928508158	0.264	0.009	2.53667821604427e-187	"6"	"KIF4A"
5.93525080818744e-187	5.30004167843708	0.315	0.018	2.17236114830468e-182	"6"	"TACC3"
2.05558840617621e-185	5.42170123793806	0.364	0.027	7.52365912544555e-181	"6"	"CCNA2"
2.06400718117718e-184	5.73418072401389	0.264	0.01	7.55447268382661e-180	"6"	"CDCA8"
1.36987199002598e-177	5.2066091245571	0.51	0.067	5.0138684706941e-173	"6"	"CCNB1"
5.27174690355061e-175	4.70265677741298	0.315	0.02	1.92951208416856e-170	"6"	"RAD51AP1"
1.80732210395979e-165	2.23549453594648	1	0.976	6.61497963270323e-161	"6"	"TUBA1B"
5.94988387943942e-165	4.75460982351779	0.327	0.024	2.17771699871362e-160	"6"	"NCAPG"
7.51619427631614e-161	4.21577036151243	0.453	0.057	2.75100226707447e-156	"6"	"MAD2L1"
1.88615660351472e-160	3.93061547185557	0.355	0.03	6.90352178452424e-156	"6"	"PRR11"
3.25837334696845e-157	4.14661451775441	0.519	0.081	1.19259722872392e-152	"6"	"UHRF1"
8.93627565840287e-156	3.27251121027333	0.567	0.097	3.27076625373203e-151	"6"	"CENPW"
1.20272639435736e-153	3.47272067100622	0.59	0.11	4.40209887598738e-149	"6"	"DIAPH3"
5.62525849106425e-153	4.72895567836286	0.407	0.047	2.05890086031443e-148	"6"	"ASPM"
8.92363072363275e-153	3.95654566872237	0.352	0.032	3.26613808115682e-148	"6"	"MCM2"
1.64780052093127e-152	3.28327230868213	0.559	0.096	6.03111468666053e-148	"6"	"FOXM1"
7.6141144426596e-149	3.51047175121902	0.39	0.042	2.78684202715784e-144	"6"	"POC1A"
6.30385064132767e-148	3.6205338032179	0.57	0.108	2.30727237323234e-143	"6"	"MCM5"
3.48909539220007e-147	5.38159765233382	0.281	0.019	1.27704380449915e-142	"6"	"CDK1"
1.15489380283284e-146	1.14391451312275	1	0.988	4.2270268077485e-142	"6"	"DRAP1"
1.64030042106917e-144	3.44219251421739	0.92	0.489	6.00366357115528e-140	"6"	"STMN1"
1.76566767658849e-144	3.73818864110868	0.384	0.043	6.46252026308153e-140	"6"	"TCF19"
1.40617881726486e-143	3.79378452119524	0.47	0.071	5.14675508907111e-139	"6"	"CENPK"
6.06835000517249e-143	5.059935591726	0.332	0.031	2.22107678539318e-138	"6"	"CENPE"
7.57896818832232e-142	3.06415539810128	0.616	0.132	2.77397814660785e-137	"6"	"RNASEH2A"
9.26349317677423e-140	3.99997242589411	0.309	0.026	3.39053113763114e-135	"6"	"KIF11"
2.2729206142332e-138	3.90826909862146	0.47	0.072	8.31911674015495e-134	"6"	"CCNB2"
4.85944263771207e-138	2.80286282442536	0.779	0.252	1.77860459982899e-133	"6"	"PCLAF"
1.17195578715674e-137	1.29113201016991	1	0.992	4.2894753765724e-133	"6"	"HNRNPA2B1"
1.08597041068671e-136	3.43287479064887	0.281	0.021	3.97476030015441e-132	"6"	"GINS4"
2.27813873713683e-135	3.89727280831908	0.39	0.049	8.33821559179451e-131	"6"	"CDT1"
3.81132141268378e-135	4.28127163341001	0.33	0.033	1.39498175025639e-130	"6"	"CDC6"
8.39864454445438e-135	4.24677164989688	0.301	0.026	3.07398788971575e-130	"6"	"ORC6"
3.31429125889968e-133	3.42236718515564	0.33	0.032	1.21306374366987e-128	"6"	"CIT"
2.26920437104558e-132	2.02486884278279	0.983	0.858	8.30551491846393e-128	"6"	"TUBB4B"
1.29465460748979e-131	3.99053545203075	0.705	0.212	4.73856532887337e-127	"6"	"PTTG1"
1.6529679505731e-130	4.00051980169745	0.427	0.064	6.0500279958926e-126	"6"	"HELLS"
9.38883970995705e-129	1.3457356653529	0.997	0.927	3.43640922224138e-124	"6"	"TPM3"
1.50755763900234e-127	4.89270944251667	0.37	0.047	5.51781171451245e-123	"6"	"TOP2A"
7.26626266806407e-126	1.26302787403128	1	0.989	2.65952479913813e-121	"6"	"HMGB1"
1.36637080784934e-125	4.9349873152128	0.307	0.031	5.00105379380936e-121	"6"	"AURKA"
1.41181381327737e-125	1.0864938337869	0.997	0.999	5.16737973797652e-121	"6"	"LMNA"
2.04239155696326e-125	3.61408514144324	0.347	0.04	7.47535733764121e-121	"6"	"BRCA1"
2.5902548168495e-125	1.48974268436521	1	0.98	9.48059165515085e-121	"6"	"CAV1"
1.00051894601573e-122	1.84306441386802	0.983	0.768	3.66199939431216e-118	"6"	"JPT1"
1.46489806041438e-121	3.32892174451544	0.424	0.065	5.36167339092268e-117	"6"	"HHIP"
3.05015585662753e-120	0.761066659953235	1	1	1.11638754508424e-115	"6"	"PFN1"
6.94694819313217e-120	0.874068691609811	1	0.997	2.5426525081683e-115	"6"	"CLIC1"
4.06437657534315e-119	0.880028881993371	1	1	1.48760247034135e-114	"6"	"CFL1"
5.32152438462072e-116	1.02833173943574	1	0.989	1.94773114001503e-111	"6"	"EIF5A"
9.00678211478025e-116	2.81561648794734	0.668	0.193	3.29657232183072e-111	"6"	"DHFR"
2.33153186080469e-115	1.55366226461122	0.977	0.814	8.53363976373123e-111	"6"	"RANBP1"
4.1043906497851e-115	1.42805156194501	0.994	0.967	1.50224802172784e-110	"6"	"TUBA1C"
4.28276406865903e-115	2.14867671979917	0.914	0.499	1.56753447676989e-110	"6"	"DTYMK"
1.04512144413886e-114	3.44224421711101	0.301	0.032	3.82524899769264e-110	"6"	"FANCI"
4.36642302338778e-114	3.80853294563779	0.252	0.021	1.59815449079016e-109	"6"	"CDCA7"
9.25460502759309e-111	2.94727588997373	0.788	0.336	3.38727798614935e-106	"6"	"TYMS"
1.72402044664366e-110	3.01721114502354	0.519	0.111	6.31008723676045e-106	"6"	"MALL"
2.48169871933338e-109	2.83820896918998	0.444	0.078	9.08326548263211e-105	"6"	"FAM180A"
1.8378339074993e-108	1.43944598205719	0.983	0.786	6.72665588483817e-104	"6"	"LSM4"
2.49440916599126e-108	1.37319553091225	0.997	0.977	9.12978698844463e-104	"6"	"HMGN2"
1.7238938164476e-107	3.74588865943169	0.298	0.034	6.30962375757984e-103	"6"	"MELK"
1.85438399575895e-106	0.852822481041272	1	0.998	6.78723086287735e-102	"6"	"POLR2L"
2.16441506135321e-106	3.05691265798228	0.344	0.046	7.9219755660589e-102	"6"	"ITGA6"
4.02459404593244e-106	4.04099557376228	0.304	0.037	1.47304166675173e-101	"6"	"NDC80"
1.9372423355172e-105	0.974599924298284	1	0.957	7.09050067222652e-101	"6"	"CALM1"
2.17560103892195e-105	1.02280008067698	1	0.999	7.96291736255822e-101	"6"	"TUBB"
1.14446591655373e-104	2.64589300394368	0.59	0.157	4.1888597011783e-100	"6"	"CENPN"
2.21969628015879e-104	2.11445603077682	0.997	0.947	8.12431035500919e-100	"6"	"H2AFZ"
2.61179072210293e-104	0.616426812907621	1	1	9.55941522196893e-100	"6"	"TMSB10"
6.76931849150426e-103	1.84146154265101	0.854	0.368	2.47763826107547e-98	"6"	"ACOT7"
1.05764279672558e-102	0.747496204709458	1	0.989	3.87107840029528e-98	"6"	"COX8A"
2.32521355360467e-102	3.76750685290643	0.264	0.028	8.51051412754846e-98	"6"	"RAD51"
6.03351690422089e-102	1.11915651000871	1	0.937	2.20832752211389e-97	"6"	"COTL1"
1.39269167581173e-101	0.861222506177072	1	0.985	5.09739080263851e-97	"6"	"PPP1R14B"
2.32443650649685e-101	0.598778149821979	1	1	8.50767005742911e-97	"6"	"YBX1"
6.75901902246627e-101	2.91431821082691	0.41	0.073	2.47386855241288e-96	"6"	"NCAPG2"
7.33868045925984e-101	1.1365558840571	0.991	0.968	2.6860304348937e-96	"6"	"S100A16"
3.81700076940074e-100	1.15765379781516	0.997	0.896	1.39706045160836e-95	"6"	"NME1"
3.9092034856236e-100	1.91235846854166	0.837	0.377	1.43080756777309e-95	"6"	"GGH"
9.61946181805264e-98	1.7675263539452	0.977	0.739	3.52081922002545e-93	"6"	"CCND1"
2.2279983427813e-97	1.22912660548562	0.989	0.888	8.15469673441385e-93	"6"	"TUBB6"
2.50873455404165e-97	0.924943596522903	0.997	0.963	9.18221934124786e-93	"6"	"TMED9"
4.79920599596615e-97	0.877766428666407	1	0.995	1.75655738658357e-92	"6"	"RAN"
1.41518744187626e-96	3.13857808465515	0.602	0.19	5.1797275560113e-92	"6"	"MCM7"
2.58879869863032e-96	0.746550548021907	0.997	0.994	9.47526211685682e-92	"6"	"PRDX1"
6.18314984468227e-96	3.34308017521576	0.424	0.085	2.26309467465216e-91	"6"	"KIF20B"
2.13546880782651e-95	0.941910142369999	1	0.998	7.81602938352579e-91	"6"	"CALR"
2.58142969020532e-95	0.506143160275484	1	1	9.44829080912049e-91	"6"	"PPIA"
1.25069822450625e-94	3.12897143299405	0.307	0.042	4.57768057151532e-90	"6"	"RFC3"
6.99248545448284e-94	0.641333005463068	0.997	1	2.55931960119526e-89	"6"	"PKM"
1.38162650356065e-93	0.906128685838985	1	0.974	5.05689116568234e-89	"6"	"YWHAQ"
4.61059833158055e-92	2.6489622777734	0.708	0.267	1.6875250953418e-87	"6"	"FGF5"
5.34386166277103e-92	0.815969731853192	0.997	0.993	1.95590680719083e-87	"6"	"RHOC"
5.68893822677007e-92	3.3077455537981	0.278	0.035	2.08220828038011e-87	"6"	"MND1"
1.26631105241444e-91	2.11247022566837	0.731	0.269	4.63482508294211e-87	"6"	"EZR"
6.89736429740695e-91	0.893115614991493	1	1	2.52450430649392e-86	"6"	"SH3BGRL3"
7.19457775120938e-91	3.44003350847739	0.415	0.087	2.63328740272015e-86	"6"	"FEN1"
5.35201329399665e-90	3.55046321944372	0.347	0.059	1.95889038573571e-85	"6"	"SGO2"
8.71916284792929e-90	0.936440321697328	0.994	0.955	3.1913007939706e-85	"6"	"SNRPG"
1.09849262625922e-89	0.675256414576986	0.997	1	4.02059286137139e-85	"6"	"ANXA2"
5.79828972999248e-89	3.47551244155366	0.375	0.071	2.12223202407455e-84	"6"	"RACGAP1"
1.18916875392003e-88	3.87398372294636	0.372	0.071	4.35247655622269e-84	"6"	"KIF23"
1.24540887756225e-87	3.3974615911182	0.252	0.03	4.5583210327656e-83	"6"	"PSMC3IP"
1.56881475552494e-86	0.902054803642956	0.997	0.963	5.74201888669682e-82	"6"	"SLC25A5"
2.82711947833868e-86	1.72659997864412	0.868	0.541	1.03475400026674e-81	"6"	"RPA3"
8.60624790571472e-86	2.433417531724	0.481	0.117	3.14997279597064e-81	"6"	"MET"
2.05387493876341e-85	0.654000500793674	1	0.994	7.51738766336797e-81	"6"	"ATP5F1B"
5.04594785490555e-85	3.18546687370647	0.484	0.127	1.84686737437398e-80	"6"	"UBE2T"
9.98371380314842e-85	2.41079221333286	0.593	0.19	3.65413908909035e-80	"6"	"DNAJC9"
1.5142063685475e-84	3.31162017357024	0.287	0.041	5.54214672952069e-80	"6"	"PODXL"
2.62923550431134e-84	0.828089843294663	1	0.992	9.62326486932994e-80	"6"	"TAGLN2"
4.03247509796645e-84	1.18953765979568	0.991	0.889	1.4759262106067e-79	"6"	"H2AFV"
8.38959504043341e-84	2.80757925891929	0.562	0.174	3.07067568074903e-79	"6"	"MCM3"
1.38959972574354e-83	0.964325197249596	1	0.995	5.08607395619393e-79	"6"	"TXN"
2.46976040896368e-83	1.56514860418871	0.908	0.585	9.03957007284798e-79	"6"	"CENPX"
4.46588738617384e-83	1.34281158663727	0.991	0.918	1.63455944221349e-78	"6"	"HMGA1"
5.25266450875062e-83	0.878320682621599	1	0.996	1.92252773684781e-78	"6"	"HSP90AA1"
5.85705870806078e-83	0.767440841604208	0.997	0.97	2.14374205773733e-78	"6"	"CKAP4"
1.11389377359663e-82	3.01596483642608	0.327	0.055	4.07696260074101e-78	"6"	"CIP2A"
1.82399418843865e-82	0.902380031344001	1	0.925	6.6760011291043e-78	"6"	"CALM3"
1.9121399479062e-82	0.782959945895753	0.997	0.96	6.99862342333147e-78	"6"	"PRELID1"
3.56157539204929e-82	1.96556523639376	0.84	0.433	1.30357220924396e-77	"6"	"FABP5"
4.19317904374846e-82	1.9507248052447	0.811	0.405	1.53474546180237e-77	"6"	"SEMA7A"
5.67893088995234e-82	0.910337604141376	0.997	0.927	2.07854549503146e-77	"6"	"WDR1"
1.6573445901346e-81	2.42973091776902	0.441	0.1	6.06604693435164e-77	"6"	"LIG1"
5.0190913779361e-81	1.32825255566617	0.948	0.748	1.83703763523839e-76	"6"	"ALYREF"
2.4346056863153e-80	1.88926943861275	0.822	0.392	8.91090027248264e-76	"6"	"CD9"
4.34063870900225e-80	0.987808924567822	0.991	0.863	1.58871717388191e-75	"6"	"ATP5MC1"
7.57455688404882e-80	3.018851184899	0.309	0.051	2.77236356513071e-75	"6"	"POLA2"
1.02540580342428e-79	2.54956204680942	0.41	0.09	3.7530877811132e-75	"6"	"ZWILCH"
3.88159413258828e-79	0.797700454854077	0.994	0.963	1.42070226846864e-74	"6"	"TOMM5"
2.77400887369412e-78	1.54672084659728	0.874	0.53	1.01531498786078e-73	"6"	"TUBG1"
4.11831173554372e-78	2.47652601502497	0.461	0.118	1.50734327832636e-73	"6"	"LRR1"
4.24324773592238e-78	0.834086261685189	1	1	1.55307110382495e-73	"6"	"ACTB"
6.08443354484502e-78	3.33769324559409	0.688	0.291	2.22696352174873e-73	"6"	"CKS2"
2.05381092472724e-77	2.85068010679248	0.364	0.074	7.51715336559416e-73	"6"	"TIMELESS"
5.19808647281832e-77	1.22775547900564	0.966	0.694	1.90255162991623e-72	"6"	"BOLA3"
3.14472204322155e-76	0.61123681950625	1	0.99	1.15099971503952e-71	"6"	"ATP5MF"
2.90723384485923e-75	1.51237995033146	0.883	0.487	1.06407665955693e-70	"6"	"NUDT1"
5.33727625229555e-75	1.62139685683968	0.885	0.591	1.95349648110269e-70	"6"	"DNMT1"
1.14320310084609e-74	0.60598106090215	1	0.99	4.18423766940676e-70	"6"	"ATP5MC3"
1.1770878189943e-74	3.38261997687242	0.278	0.044	4.30825912630104e-70	"6"	"ARHGAP11A"
2.59253402330728e-74	0.667120191660494	1	0.997	9.48893377870698e-70	"6"	"EMP3"
2.91803311856213e-74	1.02944872570555	0.986	0.905	1.06802930172493e-69	"6"	"CAPN2"
4.13863334219169e-74	0.741602309098345	1	0.992	1.51478118957558e-69	"6"	"CAVIN1"
4.14145622010424e-74	1.07238750187268	0.983	0.898	1.51581439112035e-69	"6"	"PSMD2"
6.00969587383181e-74	2.85331978143748	0.252	0.035	2.19960878678118e-69	"6"	"MYEOV"
7.74750224699612e-74	0.708862402401144	1	1	2.83566329742305e-69	"6"	"S100A6"
1.21914927111002e-73	2.80883416309312	0.341	0.067	4.46220824718979e-69	"6"	"CHAF1A"
2.90545328710307e-73	1.51194835979439	0.857	0.498	1.06342495761259e-68	"6"	"SNRPA1"
1.22737989566385e-72	0.769159279738632	0.997	0.983	4.49233315611926e-68	"6"	"RPL22L1"
1.38971224785818e-72	0.622185536438695	1	0.985	5.08648579838571e-68	"6"	"PSMA7"
1.61978172087107e-72	0.87417743799367	1	0.945	5.92856307656019e-68	"6"	"HSPE1"
1.88577698616214e-72	0.914808737118176	0.986	0.865	6.90213234705204e-68	"6"	"PHB"
2.36363973037942e-72	1.17097227462529	0.983	0.868	8.65115777716171e-68	"6"	"FUS"
5.6451490376361e-72	1.04127465417937	0.98	0.862	2.06618099926519e-67	"6"	"LRRC59"
1.01430734816067e-71	1.22756912363147	0.977	0.868	3.71246632500286e-67	"6"	"SFPQ"
1.1663076752427e-71	0.601521610178201	1	0.992	4.26880272215579e-67	"6"	"GUK1"
1.79644831719045e-71	1.07234187817596	0.977	0.806	6.57518048574875e-67	"6"	"SNRPD1"
2.49857464126924e-71	2.44107827152575	0.384	0.086	9.14503304450953e-67	"6"	"ARNTL2"
7.03964218257838e-71	1.60036648747528	0.822	0.424	2.57657943524551e-66	"6"	"MGLL"
1.38622626071712e-70	1.002862911157	0.989	0.914	5.07372673685073e-66	"6"	"HNRNPA3"
1.68608890245878e-70	1.83395313567024	0.88	0.478	6.1712539918894e-66	"6"	"DKK1"
1.94930679149462e-70	2.51528109013854	0.51	0.155	7.13465778754945e-66	"6"	"MCM4"
3.27730512235776e-70	1.09810611927527	0.98	0.874	1.19952644783416e-65	"6"	"SNRPB"
3.59589738084997e-70	1.48269212264956	0.891	0.562	1.3161344003649e-65	"6"	"EFHD2"
8.33393841992279e-70	2.09028167552083	0.719	0.32	3.05030480107594e-65	"6"	"AC011603.2"
2.76455370663732e-69	2.13269921964309	0.433	0.108	1.01185430216633e-64	"6"	"CENPH"
2.82106733261517e-69	1.86859714881062	0.751	0.33	1.03253885441048e-64	"6"	"TFPI2"
5.07930184278093e-69	2.36246442799495	0.49	0.144	1.85907526747625e-64	"6"	"PHF19"
6.85379759258858e-69	2.58935777184189	0.378	0.086	2.50855845686335e-64	"6"	"CDCA2"
6.99226380234675e-69	1.76347501424751	0.894	0.535	2.55923847429694e-64	"6"	"ADIRF"
5.9354423476173e-68	1.01648878603945	0.983	0.858	2.17243125365141e-63	"6"	"HNRNPD"
7.6986432703863e-68	1.00982752742964	0.989	0.907	2.81778042339409e-63	"6"	"DUT"
7.79750798861399e-68	0.724653304068504	0.997	0.948	2.85396589891261e-63	"6"	"PSMB3"
1.27298035464907e-67	0.795386521748307	0.994	0.937	4.65923539605106e-63	"6"	"C1QBP"
1.45458532083986e-67	4.04928671342217	0.258	0.042	5.32392773280597e-63	"6"	"HIST1H2AI"
3.1418497258756e-67	1.31720446859864	1	0.925	1.14994841816773e-62	"6"	"S100A4"
6.285905770976e-67	0.724755799864979	1	0.966	2.30070437123493e-62	"6"	"SRM"
1.23878589769733e-66	1.68171758301968	0.854	0.501	4.53408026416198e-62	"6"	"PHLDA2"
1.87064890857905e-66	0.786801247045442	0.994	0.914	6.84676207029018e-62	"6"	"COPS6"
3.07058436994266e-66	0.667168991675855	0.997	0.968	1.12386458524271e-61	"6"	"PSMB6"
6.28606262982118e-66	0.745085959283019	0.989	0.954	2.30076178314085e-61	"6"	"BANF1"
7.17043911931426e-66	2.81782885734743	0.461	0.142	2.62445242206021e-61	"6"	"ATAD2"
1.62296236235685e-65	1.2593516328952	0.963	0.719	5.94020454246232e-61	"6"	"DCBLD2"
3.58475330770447e-65	0.737895836179006	0.997	0.992	1.31205555815291e-60	"6"	"CD59"
4.13643729808025e-65	0.75272223523249	1	0.951	1.51397741547035e-60	"6"	"SLIRP"
8.43139599197889e-65	0.732531707994786	0.997	0.966	3.08597524702419e-60	"6"	"CCT6A"
1.22895701199016e-64	1.59534124271034	0.788	0.417	4.4981055595852e-60	"6"	"RAB3B"
1.63384189926845e-64	1.67742573128363	0.736	0.349	5.98002473551246e-60	"6"	"DDX39A"
1.96890702343219e-64	1.21136298174386	0.943	0.693	7.20639659646416e-60	"6"	"CAV2"
2.06236066051208e-64	1.21375459956271	0.928	0.677	7.54844625354027e-60	"6"	"CORO1C"
3.68916635701249e-64	2.70768616280475	0.252	0.041	1.35027177833014e-59	"6"	"NGEF"
4.47448713668452e-64	1.02551046202874	0.983	0.856	1.6377070368979e-59	"6"	"YWHAH"
5.36240915335773e-64	0.613202280131306	1	0.97	1.96269537422046e-59	"6"	"VDAC1"
5.74963484397908e-64	0.547734576409	1	0.987	2.10442384924478e-59	"6"	"COX7A2"
5.90398441199015e-64	1.17771272782154	0.96	0.797	2.16091733463251e-59	"6"	"SMS"
6.32238943561068e-64	1.16800456020741	0.957	0.743	2.31405775732787e-59	"6"	"SRSF2"
7.6896996339931e-64	2.04212291948259	0.479	0.143	2.81450696303782e-59	"6"	"SDC1"
5.24089009818764e-63	0.554835308966139	1	0.996	1.91821818483766e-58	"6"	"MYL12B"
6.14700534130452e-63	0.581322031053412	1	0.996	2.24986542497087e-58	"6"	"CD151"
8.74611489093247e-63	0.799201595709387	0.994	0.912	3.20116551123019e-58	"6"	"ARHGDIA"
1.02426993322117e-62	0.659172597328889	0.997	0.978	3.7489303825828e-58	"6"	"GNAI2"
1.10527426557233e-62	2.43759169054772	0.304	0.06	4.04541433942128e-58	"6"	"CHAF1B"
1.21605515650663e-62	0.935851099641325	0.989	0.88	4.45088347832993e-58	"6"	"PSME2"
2.18079330023014e-62	2.27351495744697	0.458	0.137	7.98192155817235e-58	"6"	"ECT2"
4.50324149524245e-62	1.069818253911	0.966	0.814	1.64823141967369e-57	"6"	"SRSF3"
5.12899984306042e-62	1.10289040676034	0.977	0.835	1.87726523255854e-57	"6"	"HNRNPAB"
5.58799884127689e-62	1.75956725808344	0.722	0.339	2.04526345589575e-57	"6"	"MTHFD1"
6.56665239115662e-62	0.681757322201468	0.997	0.972	2.40346044168723e-57	"6"	"YWHAZ"
7.18257156398406e-62	0.679169798244903	0.994	0.959	2.6288930181338e-57	"6"	"AURKAIP1"
1.36345015696085e-61	2.66138856547831	0.467	0.144	4.99036391949239e-57	"6"	"TM4SF1"
1.57783680508116e-61	0.573358051699375	1	0.988	5.77504049027756e-57	"6"	"YWHAE"
1.65815761372717e-61	1.28665031282954	0.926	0.647	6.0690226820028e-57	"6"	"SCARA3"
2.68566633002089e-61	2.17437585402367	0.39	0.098	9.82980733450944e-57	"6"	"MIS18A"
2.73451757068149e-61	1.10391167566288	0.957	0.791	1.00086077604513e-56	"6"	"UGDH"
8.25631367660416e-61	0.821290023434359	0.989	0.894	3.02189336877389e-56	"6"	"ILF2"
1.98631326109449e-60	0.771284003752677	0.991	0.905	7.27010516693194e-56	"6"	"NDUFB6"
2.39763737684846e-60	0.804141339655931	0.989	0.942	8.77559256300305e-56	"6"	"HNRNPDL"
3.24589750310199e-60	0.616872760677996	1	0.991	1.18803094511036e-55	"6"	"MYDGF"
3.88356331481226e-60	1.86998031674472	0.711	0.362	1.42142300885444e-55	"6"	"RRM1"
5.65083443421042e-60	0.580563288615268	0.994	0.979	2.06826191126536e-55	"6"	"MICOS10"
9.13161937506622e-60	0.821159028091199	0.977	0.884	3.34226400746799e-55	"6"	"PSMC3"
1.78762000218529e-59	0.965973922041988	0.983	0.888	6.54286796999839e-55	"6"	"PLP2"
2.04640791184297e-59	0.736041167364465	0.986	0.909	7.49005759813646e-55	"6"	"PPP1CA"
2.67843807861972e-59	0.724534060191333	0.994	0.939	9.80335121155605e-55	"6"	"MRPL52"
3.24733406912281e-59	3.17027652000231	0.496	0.175	1.18855674263964e-54	"6"	"CKAP2"
3.81221648354094e-59	0.689707488355711	0.994	0.946	1.39530935514082e-54	"6"	"ARPC1A"
4.01992195633746e-59	2.31759770287597	0.381	0.098	1.47133163523907e-54	"6"	"EZH2"
7.88305183556661e-59	0.779283648142628	0.994	0.953	2.88527580233574e-54	"6"	"SELENOW"
8.37710862638265e-59	1.81828611295034	0.619	0.256	3.06610552834231e-54	"6"	"NSD2"
8.55743764959905e-59	0.862124564405039	0.983	0.932	3.13210775412975e-54	"6"	"BZW1"
2.008166094229e-58	0.599341379219461	0.997	0.991	7.35008872148757e-54	"6"	"ARPC1B"
2.82241625153697e-58	2.26166551396952	0.458	0.145	1.03303257222505e-53	"6"	"GMNN"
2.88632185429412e-58	0.564853057890593	1	1	1.05642266189019e-53	"6"	"MYL6"
2.99250407693225e-58	0.91917133301427	0.986	0.838	1.09528641719797e-53	"6"	"CACYBP"
1.4022754106976e-57	1.80790924536931	0.845	0.541	5.13246823069427e-53	"6"	"SCUBE3"
2.07879469093177e-57	0.513282752365539	1	0.991	7.60859644827938e-53	"6"	"ARPC2"
2.26242740973246e-57	1.20287936427483	0.911	0.566	8.28071056236179e-53	"6"	"TUBB2A"
3.98253791097081e-57	1.94883523998937	0.542	0.198	1.45764870079443e-52	"6"	"MCM6"
7.2435214341364e-57	1.64376379734724	0.751	0.395	2.65120128010826e-52	"6"	"FOSL1"
7.55149744044002e-57	0.912387071846591	0.991	0.883	2.76392357817545e-52	"6"	"LOXL1"
1.18219985378091e-56	0.83569921610732	0.983	0.897	4.32696968482353e-52	"6"	"PRKDC"
1.26637675907019e-56	0.58786622215132	1	1	4.63506557587279e-52	"6"	"ANXA5"
2.19254430192392e-56	0.885171189411931	0.983	0.917	8.02493139947174e-52	"6"	"PA2G4"
2.4658768337556e-56	0.593571762837338	1	1	9.02535579922886e-52	"6"	"PTMA"
3.43516622459474e-56	1.25846424107147	0.948	0.783	1.25730518986392e-51	"6"	"GLIPR1"
4.8901573813411e-56	0.640932769429688	0.997	0.975	1.78984650314466e-51	"6"	"NOP10"
5.29130221100052e-56	0.640186591720465	0.997	0.986	1.9366695222483e-51	"6"	"PTMS"
7.11018911678478e-56	0.757709935663182	0.994	0.923	2.6024003186344e-51	"6"	"CAP1"
7.17179644408469e-56	2.13290976127775	0.716	0.363	2.62494921649944e-51	"6"	"H2AFX"
1.8932197249385e-55	2.4101476039213	0.258	0.049	6.92937351524741e-51	"6"	"PARPBP"
1.91145839768481e-55	0.614714731817727	1	0.982	6.99612888136619e-51	"6"	"FKBP1A"
2.20051795436366e-55	1.61772272771443	0.708	0.342	8.05411576476642e-51	"6"	"ARHGAP18"
2.79388025623051e-55	1.09692858617982	0.928	0.709	1.02258811258293e-50	"6"	"LSM5"
6.17319030836842e-55	0.67995541757312	1	0.948	2.25944938476593e-50	"6"	"NHP2"
1.08661367000285e-54	0.768638798167896	0.994	0.925	3.97711469357744e-50	"6"	"FSCN1"
3.37287941764092e-54	0.643906132026243	1	0.959	1.23450759565075e-49	"6"	"TOMM6"
4.7729249454995e-54	0.808831361319959	0.974	0.853	1.74693825930227e-49	"6"	"MLEC"
4.78309316821874e-54	0.849243107303027	0.991	0.883	1.75065993049974e-49	"6"	"COPRS"
5.64599547326287e-54	0.806559106646113	0.986	0.912	2.06649080316894e-49	"6"	"CCT5"
7.82030799056622e-54	0.958923387418205	0.951	0.772	2.86231092762714e-49	"6"	"MRPL12"
1.0496371988508e-53	1.6179501330289	0.607	0.244	3.84177711151383e-49	"6"	"TCF7"
1.10265076549993e-53	0.777021268258116	0.991	0.902	4.03581206680631e-49	"6"	"SNRPF"
1.46052561372991e-53	1.03472876735504	0.951	0.783	5.34566979881286e-49	"6"	"SRSF7"
1.57725195569878e-53	1.22263698092369	0.848	0.536	5.77289988305312e-49	"6"	"TMEM160"
5.40263089151969e-53	2.14424298921401	0.292	0.064	1.97741693260512e-48	"6"	"CSPG4"
6.16518799824608e-53	0.943884503812769	0.954	0.758	2.25652045923805e-48	"6"	"HNRNPM"
6.20821950756521e-53	0.534510700372001	1	0.999	2.27227042196394e-48	"6"	"ENO1"
1.01525539289439e-52	1.24149688916397	0.837	0.527	3.71593626353274e-48	"6"	"WDR34"
1.17296649150431e-52	1.59995410870872	0.802	0.486	4.29317465555493e-48	"6"	"ANP32E"
2.79319035457438e-52	1.14708159040521	0.977	0.866	1.02233560167777e-47	"6"	"TUBB3"
3.14005953448686e-52	0.608045754030296	0.997	0.953	1.14929319021753e-47	"6"	"POLR2E"
4.10023186651274e-52	0.979278665039332	0.931	0.709	1.50072586546233e-47	"6"	"CTNNAL1"
4.16196769828701e-52	2.28527193227302	0.292	0.065	1.52332179725003e-47	"6"	"WDHD1"
4.85169496311445e-52	1.29654136591267	0.797	0.436	1.77576887344952e-47	"6"	"SKA2"
5.04063831292688e-52	0.806483658459607	1	0.999	1.84492402891437e-47	"6"	"S100A10"
5.21063080048093e-52	1.71710908187296	0.587	0.245	1.90714297928402e-47	"6"	"RANGAP1"
8.105072198138e-52	1.51853536661727	0.791	0.447	2.96653747524049e-47	"6"	"LMNB2"
9.82837749755391e-52	1.11982940386571	0.888	0.602	3.5972844478797e-47	"6"	"ATP1B3"
1.6741465182989e-51	0.939381645901896	0.934	0.733	6.12754367162581e-47	"6"	"RUVBL2"
1.7002894224502e-51	0.859788446850724	0.991	0.873	6.22322931510999e-47	"6"	"MSN"
1.95803010324314e-51	0.506062801445444	1	0.983	7.16658598088021e-47	"6"	"NDUFB2"
2.38900308974065e-51	0.706895305720131	0.997	0.975	8.74399020875977e-47	"6"	"HSPD1"
2.98675040672931e-51	1.99887684896102	0.556	0.225	1.093180516367e-46	"6"	"NCAPD2"
3.04282610140793e-51	0.761001439364312	0.971	0.868	1.11370478137631e-46	"6"	"UBE2L3"
3.6536055444105e-51	1.93217946868311	0.527	0.21	1.33725616530969e-46	"6"	"RFC2"
6.87918232792832e-51	0.981165184493549	0.931	0.759	2.51784952384505e-46	"6"	"CYCS"
7.61888188879635e-51	1.07916532511331	1	0.984	2.78858696011835e-46	"6"	"MT2A"
1.15804339960359e-50	0.744832886765343	0.989	0.908	4.23855464688911e-46	"6"	"EIF1AX"
1.38745749269989e-50	0.518632541777959	1	0.994	5.07823316903087e-46	"6"	"PGAM1"
1.71782398969557e-50	1.92329497658882	0.413	0.128	6.28740758468475e-46	"6"	"ATAD3B"
1.74071030797904e-50	1.79099827632334	0.602	0.271	6.37117379823409e-46	"6"	"SMC2"
2.0791025159529e-50	1.72227432985525	0.602	0.255	7.60972311863921e-46	"6"	"HMGB3"
2.61257436938042e-50	0.725467198683903	0.994	0.904	9.56228344936926e-46	"6"	"GSTO1"
2.93513241542789e-50	2.24055037782945	0.367	0.103	1.07428781537076e-45	"6"	"FERMT1"
2.9352010783377e-50	1.48647154172807	0.751	0.421	1.07431294668238e-45	"6"	"TMEM106C"
5.77552435730793e-50	0.809762054226584	0.971	0.852	2.11389967001827e-45	"6"	"GSPT1"
6.64206928466447e-50	0.770699054517782	0.977	0.89	2.43106377888004e-45	"6"	"SNRPE"
7.96648486424531e-50	1.48130074631461	0.665	0.309	2.91581312516243e-45	"6"	"ATAD3A"
9.15344809933742e-50	1.16303187077439	0.897	0.637	3.35025353883849e-45	"6"	"ALCAM"
9.7369742163509e-50	1.08597384983412	0.923	0.679	3.56382993292659e-45	"6"	"ODC1"
1.10426542881711e-49	1.5744839374403	0.536	0.203	4.04172189601352e-45	"6"	"GALE"
1.32607245688878e-49	2.02806279187459	0.338	0.088	4.85355779945863e-45	"6"	"RFC5"
3.10770798272682e-49	0.548484909464204	0.997	0.968	1.13745219875784e-44	"6"	"MDH2"
3.25182013350308e-49	0.535290087692757	0.997	0.969	1.19019868706346e-44	"6"	"COX5A"
4.25059847919851e-49	0.64309776057987	0.997	0.964	1.55576154937145e-44	"6"	"PTGES3"
4.81573200041789e-49	1.38227561700083	0.765	0.448	1.76260606947295e-44	"6"	"CSE1L"
4.88172020183273e-49	0.82325629314107	0.98	0.9	1.7867584110728e-44	"6"	"HNRNPL"
6.10121191316508e-49	0.956358827467149	0.94	0.784	2.23310457233755e-44	"6"	"HNRNPH3"
8.75833140910111e-49	0.803509614755965	0.997	0.923	3.2056368790451e-44	"6"	"TNFRSF12A"
2.55022999750749e-48	1.20970578937014	0.831	0.556	9.33409681387717e-44	"6"	"TOMM40"
4.28362897904656e-48	0.559105140380753	0.997	0.97	1.56785104262083e-43	"6"	"DBI"
6.35362061297484e-48	1.55562751922947	0.63	0.288	2.32548868055492e-43	"6"	"TOMM34"
7.88052568767476e-48	0.603734858976716	0.989	0.946	2.88435120694584e-43	"6"	"NDUFS8"
9.26715645769789e-48	1.01322673168194	0.968	0.812	3.39187193508201e-43	"6"	"PLEC"
9.53814053397595e-48	2.07141916222293	0.395	0.119	3.49105481684054e-43	"6"	"SVIP"
9.83750897791635e-48	0.603628274603188	0.994	0.944	3.60062666100716e-43	"6"	"CCT7"
1.27953009723569e-47	0.784322273993283	0.957	0.832	4.68320810889234e-43	"6"	"ITGB1BP1"
1.53185930713192e-47	1.83065857798675	0.41	0.129	5.60675825003353e-43	"6"	"HHIP-AS1"
1.82137697019037e-47	0.678060559478581	0.974	0.916	6.66642184859378e-43	"6"	"DDX39B"
1.96172266419769e-47	0.624671169165634	1	0.993	7.18010112322998e-43	"6"	"NCL"
2.33095174195279e-47	1.69383807572376	0.544	0.213	8.53151647072142e-43	"6"	"NES"
2.41121879704371e-47	1.03304668358336	0.894	0.608	8.82530191905969e-43	"6"	"DAZAP1"
2.51737597283548e-47	0.725827729957422	0.974	0.857	9.21384779817513e-43	"6"	"NDUFB3"
2.52641759128736e-47	1.6395154368931	0.467	0.165	9.24694102587086e-43	"6"	"POP1"
2.89895380704837e-47	1.9446673275554	0.92	0.747	1.06104608291778e-42	"6"	"UBE2S"
3.80291593903647e-47	2.13317454182465	0.327	0.088	1.39190526284674e-42	"6"	"BRCA2"
6.83842179726184e-47	1.53065965573471	0.544	0.22	2.50293076201581e-42	"6"	"FMN2"
8.01731567364449e-47	0.728278198457184	0.994	0.947	2.93441770971062e-42	"6"	"C12orf75"
9.96255131596138e-47	2.10792923483729	0.375	0.115	3.64639340715502e-42	"6"	"DSN1"
1.06969996091455e-46	0.760179469397509	0.977	0.875	3.91520882694334e-42	"6"	"SNRPC"
1.21832330252315e-46	0.600322010494849	0.994	0.952	4.459185119565e-42	"6"	"XRCC6"
1.26452517371801e-46	1.27642603268242	0.802	0.461	4.62828858832527e-42	"6"	"LPCAT4"
1.8603376263448e-46	1.83135818596036	0.802	0.512	6.8090217461846e-42	"6"	"KPNA2"
1.8825504254834e-46	1.90014213499695	0.464	0.171	6.89032281231181e-42	"6"	"RFC4"
2.08341588427628e-46	0.993441674176623	0.903	0.624	7.62551047803961e-42	"6"	"ADK"
3.43731041015314e-46	1.06368310674117	0.86	0.565	1.25808998322015e-41	"6"	"GNPNAT1"
4.15770631763716e-46	1.38741522408283	0.84	0.569	1.52176208931838e-41	"6"	"SDF2L1"
4.66995467552907e-46	1.21496764592076	0.696	0.329	1.7092501107904e-41	"6"	"TPMT"
1.99570641043045e-45	1.95212306100728	0.327	0.088	7.30448503281647e-41	"6"	"VRK1"
3.06428263282916e-45	0.562884615285468	0.991	0.966	1.1215580864418e-40	"6"	"CDC37"
3.1473608098733e-45	0.613935439626824	0.997	0.946	1.15196553002173e-40	"6"	"TXNDC17"
4.66315172780962e-45	0.923117094259916	0.94	0.724	1.7067601638956e-40	"6"	"SNRPA"
5.50894719155629e-45	1.01380896294745	0.931	0.674	2.01632976158152e-40	"6"	"AXL"
1.30675948446608e-44	0.537480086503582	0.997	0.994	4.7828703890943e-40	"6"	"ANXA1"
1.87993379452327e-44	0.863993650197652	0.946	0.807	6.88074568133464e-40	"6"	"LSM3"
2.13584553685585e-44	1.56724252083611	0.616	0.294	7.81740824944609e-40	"6"	"HMGA2"
2.34649538506707e-44	0.543108536899659	0.994	0.954	8.58840775888397e-40	"6"	"TXNL4A"
6.06949207521726e-44	0.876185872939559	0.98	0.816	2.22149479445027e-39	"6"	"EMP1"
6.16726634604986e-44	1.59862403649823	0.742	0.452	2.25728115531771e-39	"6"	"PCNA"
6.21763920535995e-44	0.746565913516399	0.974	0.898	2.2757181255538e-39	"6"	"PFN2"
6.40868698822448e-44	1.29138018937555	0.805	0.501	2.34564352456004e-39	"6"	"PCOLCE2"
8.50920490824198e-44	0.644028982053471	0.994	0.929	3.11445408846565e-39	"6"	"VCP"
9.61019801363337e-44	0.794242720379684	0.986	0.887	3.51742857496995e-39	"6"	"ACTN4"
1.69125689666898e-43	0.985931216895228	0.957	0.728	6.19016936749814e-39	"6"	"LMO7"
2.69295269840859e-43	0.674768898155656	0.983	0.935	9.85647617144529e-39	"6"	"XRCC5"
3.68375402960861e-43	0.545444538363102	1	0.968	1.34829081237705e-38	"6"	"TRMT112"
3.90176111451891e-43	0.591535163607649	0.994	0.943	1.42808358552507e-38	"6"	"SRP9"
5.80429212133753e-43	1.86787149933502	0.676	0.378	2.12442895933075e-38	"6"	"TMPO"
6.28541366204223e-43	0.622571922128356	0.989	0.916	2.30052425444408e-38	"6"	"PDAP1"
9.0978698279209e-43	0.657392147698994	0.983	0.913	3.32991133571733e-38	"6"	"IKBIP"
1.19970143886016e-42	0.538407332554935	0.997	0.96	4.39102723637207e-38	"6"	"RBX1"
1.27480848810978e-42	1.21628869841232	0.802	0.495	4.66592654733059e-38	"6"	"MAP2K3"
1.32779816567784e-42	0.507711367922036	0.994	0.984	4.85987406619747e-38	"6"	"SUB1"
1.33177839082104e-42	0.605894415669956	1	0.983	4.87444208824407e-38	"6"	"SSR3"
1.39954000899461e-42	1.26094672931914	0.754	0.426	5.12245638692117e-38	"6"	"PPIH"
1.79638730528929e-42	1.30561964776657	0.668	0.333	6.57495717608932e-38	"6"	"OXCT1"
1.84440451234349e-42	1.78049540106808	0.404	0.136	6.75070495562841e-38	"6"	"NCAPD3"
2.04788669052395e-42	0.898694702521332	0.991	0.945	7.49547007598669e-38	"6"	"MT1E"
2.3075388808621e-42	0.788630934317414	0.963	0.848	8.44582305784338e-38	"6"	"HNRNPR"
2.46772340139616e-42	0.542125698546249	1	0.953	9.03211442145009e-38	"6"	"COPE"
4.65895987068343e-42	1.74736108428292	0.307	0.082	1.70522590226884e-37	"6"	"UBASH3B"
8.61029035019819e-42	0.782928503457091	0.997	0.99	3.15145237107604e-37	"6"	"AHNAK"
8.82904005166341e-42	0.801056279347145	0.946	0.74	3.23151694930932e-37	"6"	"HIGD1A"
9.19754199734043e-42	0.706030571783349	0.968	0.876	3.36639234644657e-37	"6"	"NUDC"
1.20047342999579e-41	0.720596196772284	0.971	0.875	4.39385280112759e-37	"6"	"ARPC4"
2.53955140770771e-41	0.90368227364204	0.928	0.743	9.29501210735097e-37	"6"	"UAP1"
2.84844219184872e-41	0.613225254430347	0.991	0.931	1.04255832663855e-36	"6"	"NAA38"
4.08322920176943e-41	1.22017050822548	0.734	0.429	1.49450272013963e-36	"6"	"PGP"
4.94857390393818e-41	0.969083559644254	0.971	0.922	1.81122753458042e-36	"6"	"CRABP2"
5.96672683283579e-41	0.540309380095901	0.983	0.967	2.18388168808623e-36	"6"	"SEC13"
6.57578901668122e-41	1.11586296126265	0.828	0.579	2.40680453799549e-36	"6"	"CBX5"
9.60070394982953e-41	0.934889688970358	0.897	0.722	3.51395365267711e-36	"6"	"EBNA1BP2"
1.15195824503255e-40	1.12693969292653	0.837	0.576	4.21628237264365e-36	"6"	"SAE1"
1.63163177501704e-40	0.86065043861576	0.997	0.968	5.97193545973985e-36	"6"	"TIMP3"
2.16639127175373e-40	0.603546239890019	0.977	0.897	7.92920869374583e-36	"6"	"SNRPD3"
3.89474727925228e-40	0.522514398230373	0.994	0.967	1.42551645167913e-35	"6"	"ATP6V0C"
7.08152378285329e-40	0.861826099619722	0.903	0.707	2.59190851976213e-35	"6"	"COMMD4"
7.27154012662476e-40	0.827276468492297	0.92	0.763	2.66145640174593e-35	"6"	"ILF3"
1.09924285959691e-39	0.610927755224215	0.989	0.927	4.02333879041064e-35	"6"	"EIF6"
1.45359683501767e-39	1.51646222555823	0.59	0.27	5.32030977584818e-35	"6"	"SSX2IP"
1.61901156614271e-39	0.592078259696728	0.989	0.924	5.92574423323894e-35	"6"	"MDH1"
2.02916124427337e-39	1.47599969591395	0.567	0.259	7.42693307016497e-35	"6"	"FOXC2"
2.28198659764643e-39	0.52359089736796	0.997	0.987	8.3522991460457e-35	"6"	"ZYX"
2.40474776348622e-39	2.15036918604291	0.275	0.074	8.8016172891359e-35	"6"	"ITGA3"
2.40635610592954e-39	2.23120590460187	0.378	0.132	8.80750398331272e-35	"6"	"KNSTRN"
2.72695334902767e-39	0.780875423777085	0.923	0.76	9.98092195277619e-35	"6"	"PSMD1"
4.34752934246708e-39	1.5518766302286	0.378	0.122	1.59123921463638e-34	"6"	"NCEH1"
4.44404001036195e-39	1.07391350397315	0.791	0.489	1.62656308419258e-34	"6"	"FARSB"
4.91305347572335e-39	1.9070392960619	0.413	0.152	1.7982267026495e-34	"6"	"DBF4"
4.97063785313038e-39	0.526994678397704	0.997	0.994	1.81930316062425e-34	"6"	"CALM2"
5.41026115348989e-39	0.620554775074419	0.989	0.895	1.98020968478884e-34	"6"	"PSMB7"
6.96271131820991e-39	0.745957550430056	0.954	0.864	2.54842196957801e-34	"6"	"PPM1G"
8.25162035745047e-39	0.626580977949188	0.98	0.898	3.02017556703044e-34	"6"	"NDUFAB1"
8.31666945002508e-39	1.88833249215552	0.407	0.151	3.04398418540368e-34	"6"	"CDCA4"
9.66310569147552e-39	0.770927213183449	0.94	0.741	3.53679331413695e-34	"6"	"NANS"
9.87378488663806e-39	1.74680690455923	0.521	0.23	3.6139040063584e-34	"6"	"LY6K"
1.0486168173914e-38	1.62875823185175	0.487	0.197	3.83804241333427e-34	"6"	"S100A3"
1.05816701862269e-38	0.720518476430848	0.966	0.861	3.87299710486089e-34	"6"	"EWSR1"
1.41021486454898e-38	1.74636952636693	0.338	0.104	5.16152742573571e-34	"6"	"SHMT1"
1.45096987471411e-38	0.539543239938812	0.994	0.955	5.31069483844111e-34	"6"	"ARPC5"
1.69118361716e-38	1.46581418298014	0.476	0.19	6.1899011571673e-34	"6"	"DOCK10"
2.68239144172058e-38	1.52199726093562	0.779	0.524	9.8178209158415e-34	"6"	"SMC4"
2.77188303764422e-38	1.66971139833106	0.335	0.103	1.01453691060816e-33	"6"	"WDR4"
2.80431170089507e-38	2.03317475362791	0.355	0.116	1.02640612564461e-33	"6"	"RGS4"
3.0951357993899e-38	1.14164736198279	0.739	0.446	1.1328506539347e-33	"6"	"MYCBP"
3.49409934955992e-38	0.528227038182638	0.989	0.945	1.27887530293243e-33	"6"	"PSMA2"
3.69172183584676e-38	0.562877123925009	0.983	0.929	1.35120710913827e-33	"6"	"ELOC"
4.93681346181411e-38	0.864123560529565	0.897	0.66	1.80692309515858e-33	"6"	"PFKP"
5.62847836627788e-38	1.58249768818245	0.579	0.276	2.06007936684137e-33	"6"	"P3H2"
6.41717026667309e-38	0.731646452460026	0.928	0.766	2.34874848930502e-33	"6"	"MRPL13"
9.52427648909104e-38	0.673240584600619	0.989	0.88	3.48598043777221e-33	"6"	"MRPL17"
1.24422139102541e-37	1.23175875864974	0.665	0.339	4.55397471329211e-33	"6"	"DIAPH1"
1.43830888154911e-37	1.50205296229774	0.544	0.25	5.26435433735791e-33	"6"	"PNP"
2.13004270949262e-37	0.784834421006065	0.917	0.718	7.79616932101394e-33	"6"	"APMAP"
2.85898323392365e-37	0.855766554973653	0.905	0.735	1.04641645344839e-32	"6"	"C20orf27"
3.99972421905579e-37	1.10727552415866	0.734	0.405	1.46393906141661e-32	"6"	"EHD1"
4.22698210181332e-37	0.647774095989488	0.98	0.877	1.54711771908469e-32	"6"	"KDELR3"
4.31568872204469e-37	0.62178869091207	0.991	0.914	1.57958522915558e-32	"6"	"PDIA4"
5.38425121539041e-37	0.932650112255383	0.851	0.627	1.97068978734505e-32	"6"	"HPRT1"
5.65367727359544e-37	0.724594752422944	0.94	0.759	2.06930241890867e-32	"6"	"YIF1B"
5.86672387020938e-37	1.08524666479693	0.768	0.454	2.14727960373533e-32	"6"	"ICMT"
6.59168874976965e-37	1.2079725991366	0.719	0.41	2.41262399930319e-32	"6"	"CCDC34"
8.85101101114991e-37	0.689605378495997	0.968	0.815	3.23955854019098e-32	"6"	"POLD2"
1.06669627080425e-36	0.842737983943662	0.883	0.648	3.90421502077065e-32	"6"	"C11orf98"
1.5311724565376e-36	1.35233328016182	0.533	0.234	5.60424430817328e-32	"6"	"PRIM2"
2.54265582967713e-36	1.22134841779357	0.734	0.455	9.30637460220127e-32	"6"	"THOC3"
2.76192477673901e-36	1.39927893876354	0.476	0.19	1.01089208753425e-31	"6"	"PTGER2"
3.84536024907266e-36	2.16293555163045	0.307	0.095	1.40744030476308e-31	"6"	"GPRC5A"
4.06110612248871e-36	0.746677823934225	0.943	0.766	1.48640545189209e-31	"6"	"MRPL24"
4.15354083329833e-36	0.539134686356168	0.989	0.948	1.52023748039552e-31	"6"	"CDC42"
4.32429729310868e-36	0.856016227988209	0.897	0.652	1.58273605225071e-31	"6"	"FAM98A"
5.30864978777122e-36	0.518973628943814	0.989	0.921	1.94301890882214e-31	"6"	"RAD23A"
5.61991292381432e-36	0.833188122427178	0.926	0.717	2.05694432924528e-31	"6"	"TIMM17A"
5.85919063979083e-36	0.541242682123461	0.994	0.975	2.14452236606984e-31	"6"	"PLIN3"
7.47822536513046e-36	1.03987354023321	0.828	0.569	2.7371052658914e-31	"6"	"RRP7A"
7.90162074633079e-36	0.503329025919816	0.994	0.957	2.89207220936453e-31	"6"	"CAPNS1"
8.75102311301219e-36	0.954590401762899	0.851	0.585	3.20296196959359e-31	"6"	"SDC4"
1.00907955049755e-35	0.734428173906311	0.948	0.805	3.69333206277609e-31	"6"	"PCMT1"
1.15827650737346e-35	1.42599076784292	0.579	0.281	4.23940784463761e-31	"6"	"PEG10"
1.17923962857223e-35	1.48198614327239	0.636	0.343	4.31613496453723e-31	"6"	"HAS2"
1.45290831349321e-35	1.0799675039812	0.736	0.415	5.31778971821649e-31	"6"	"WDR77"
1.68238473107358e-35	0.801519442991502	0.917	0.705	6.15769635420241e-31	"6"	"PSMD11"
1.94100602440289e-35	0.873262794296429	0.911	0.681	7.10427614991703e-31	"6"	"CRELD2"
2.22521823233158e-35	1.10126585570289	0.745	0.461	8.14452125215681e-31	"6"	"DCTPP1"
2.28329154031424e-35	0.526729714790321	0.994	0.965	8.35707536670415e-31	"6"	"SET"
2.31931111480796e-35	0.609866039748481	0.977	0.9	8.4889106113086e-31	"6"	"CYC1"
2.61468647282927e-35	0.737508840315068	0.926	0.739	9.57001395920242e-31	"6"	"ERGIC1"
2.92899037974111e-35	0.82412164621143	0.908	0.69	1.07203976888905e-30	"6"	"UBE2N"
3.12514999273163e-35	1.21152622594497	0.587	0.278	1.14383614883971e-30	"6"	"HACD1"
3.43634516431681e-35	0.524173167314355	0.997	0.987	1.2577366935916e-30	"6"	"MAP1B"
3.47452771908284e-35	1.46712150623275	0.424	0.16	1.27171189046151e-30	"6"	"NUP205"
4.21596338971609e-35	0.871973337705276	0.9	0.729	1.54308476026999e-30	"6"	"STIP1"
4.66452588088156e-35	1.29680040872145	0.639	0.338	1.70726311766146e-30	"6"	"THOP1"
5.07829058902424e-35	0.578643454435258	0.974	0.91	1.85870513848876e-30	"6"	"MRPL20"
5.32192734140761e-35	0.723209872909042	0.948	0.812	1.9478786262286e-30	"6"	"MTCH2"
8.95666242779798e-35	1.01576474022242	0.748	0.441	3.27822801519834e-30	"6"	"SPTLC2"
9.1293805379475e-35	1.67755950149681	0.547	0.284	3.34144457069416e-30	"6"	"RPL39L"
9.14928406494012e-35	1.59719717677673	0.421	0.163	3.34872946060873e-30	"6"	"DONSON"
9.20670158789492e-35	1.6926152784016	0.361	0.126	3.36974484818542e-30	"6"	"NAV2"
9.93993927104914e-35	0.711878304636345	0.943	0.771	3.6381171725967e-30	"6"	"GLRX3"
1.18781028499855e-34	1.19392586227187	0.573	0.275	4.34750442412318e-30	"6"	"PLCB3"
1.2782843131e-34	1.33006352487376	0.484	0.199	4.6786484143773e-30	"6"	"EBP"
1.59223412947235e-34	0.83895604260704	0.911	0.691	5.82773613728173e-30	"6"	"BCCIP"
2.16235323222474e-34	1.39031613247769	0.484	0.203	7.91442906526576e-30	"6"	"ANKRD9"
2.3149796289836e-34	1.41182610011285	0.476	0.198	8.47305694004288e-30	"6"	"ELOVL6"
2.42649211696144e-34	1.47709511442941	0.493	0.212	8.88120379729057e-30	"6"	"PRSS3"
2.56913187059757e-34	0.840125490739378	0.908	0.747	9.40327955957415e-30	"6"	"SSRP1"
2.75072778662876e-34	0.625379229732407	0.977	0.908	1.00679387718399e-29	"6"	"CCT2"
2.94721877121868e-34	0.830681057820018	0.903	0.739	1.07871154245375e-29	"6"	"CKLF"
3.88689451198761e-34	1.21536520084343	0.653	0.37	1.42264226033259e-29	"6"	"CCND3"
3.94997019828565e-34	0.707875988051936	0.963	0.813	1.44572859227453e-29	"6"	"G3BP1"
4.87476581220584e-34	1.05691799843066	0.708	0.395	1.78421303492546e-29	"6"	"MYO10"
5.06635412358219e-34	0.646301147394544	0.937	0.785	1.85433627277232e-29	"6"	"CDC123"
5.16741372484332e-34	1.24529316578162	0.579	0.282	1.89132509742991e-29	"6"	"COQ2"
6.28273300549625e-34	1.16091219720558	0.622	0.314	2.29954310734168e-29	"6"	"ADGRE5"
6.58034142908885e-34	1.33855950463942	0.653	0.377	2.40847076646081e-29	"6"	"MZT1"
8.57114785567846e-34	1.55611691761464	0.315	0.101	3.13712582665687e-29	"6"	"BRI3BP"
9.62266888266703e-34	0.9946701094823	0.754	0.436	3.52199303774496e-29	"6"	"DCPS"
9.79552802807042e-34	1.05383404767085	0.693	0.388	3.58526121355406e-29	"6"	"ERLIN1"
1.16613690212642e-33	0.66681954805494	0.96	0.861	4.2681776754729e-29	"6"	"IQGAP1"
1.24620690032144e-33	1.29668445542415	0.519	0.24	4.5612418758665e-29	"6"	"ENDOD1"
1.387269770121e-33	1.35916391705819	0.484	0.206	5.07754608561989e-29	"6"	"SLC25A22"
1.44173704855404e-33	0.930986723225543	0.828	0.569	5.27690177141265e-29	"6"	"NOC2L"
2.17389468159695e-33	1.53095148421537	0.874	0.626	7.95667192411301e-29	"6"	"AKAP12"
2.21833531354661e-33	1.02430169348464	0.719	0.396	8.11932908111195e-29	"6"	"HMBS"
2.66806266773056e-33	1.14281291648736	0.691	0.404	9.76537617016063e-29	"6"	"GPATCH4"
2.83056316471538e-33	1.34257220162936	0.851	0.633	1.03601442391748e-28	"6"	"CRIP1"
3.80454941597113e-33	1.2527864293865	0.542	0.245	1.39250313173959e-28	"6"	"CTPS1"
4.07337344004225e-33	0.718559777040357	0.951	0.824	1.49089541278986e-28	"6"	"SYNCRIP"
4.15304058753382e-33	0.848295494020012	0.837	0.585	1.52005438544325e-28	"6"	"RECQL"
4.16923929545145e-33	0.560716107642125	0.991	0.904	1.52598327452819e-28	"6"	"ACTR3"
5.05497715809634e-33	1.83902394381299	0.278	0.084	1.85017218963484e-28	"6"	"RCAN3"
5.22049607613595e-33	0.928163618559825	0.771	0.511	1.91075376882652e-28	"6"	"ANAPC15"
5.72358365907399e-33	0.91365106185614	0.814	0.545	2.09488885505767e-28	"6"	"EEF1E1"
8.64070108295196e-33	0.587428259201824	0.986	0.934	3.16258300337125e-28	"6"	"KPNB1"
1.19935974928708e-32	0.885020710448989	0.86	0.659	4.38977661836565e-28	"6"	"TFDP1"
1.26029569231257e-32	1.9610144669795	0.304	0.099	4.61280826343323e-28	"6"	"GPSM2"
2.33292595605611e-32	1.12068386396429	0.822	0.59	8.53874229176096e-28	"6"	"SMURF2"
2.33310841475193e-32	0.677067182998244	0.983	0.857	8.53941010883354e-28	"6"	"CAPG"
2.38020581520081e-32	0.544371546237203	0.983	0.903	8.71179130421649e-28	"6"	"ACTR2"
2.39531010478982e-32	1.79363241563576	0.736	0.496	8.76707451454121e-28	"6"	"FST"
3.15570544163169e-32	0.793893986072871	0.885	0.642	1.15501974869162e-27	"6"	"DEF8"
3.1602154589837e-32	1.54913525895027	0.384	0.146	1.15667046014262e-27	"6"	"SLC35E4"
4.4245563502494e-32	1.45023649848	0.421	0.17	1.61943186975478e-27	"6"	"DCK"
4.55958000446581e-32	0.650270855873176	0.954	0.782	1.66885187743453e-27	"6"	"MYO1C"
5.0914939230607e-32	1.99670840861222	0.258	0.076	1.86353769077945e-27	"6"	"HAUS8"
5.22964936451089e-32	1.177609627355	0.55	0.256	1.91410396390463e-27	"6"	"SNX8"
1.00241774196768e-31	1.37429884014049	0.479	0.214	3.66894917737589e-27	"6"	"MSH2"
1.03605921331872e-31	1.76835614821202	0.298	0.096	3.79208032666786e-27	"6"	"NDC1"
1.09542594169025e-31	0.76340379276024	0.931	0.774	4.00936848918049e-27	"6"	"ARPC5L"
1.47573847573801e-31	0.86653996563387	0.954	0.925	5.40135039504868e-27	"6"	"DEK"
1.79950363293987e-31	0.665103003661901	0.974	0.834	6.5863632469232e-27	"6"	"RAB1B"
2.00615419445977e-31	1.11080153575702	0.799	0.576	7.3427249671422e-27	"6"	"NASP"
2.97764066956901e-31	0.534814787906899	0.983	0.908	1.08984626146896e-26	"6"	"POLR2F"
3.3790272966898e-31	0.759661220660052	0.928	0.75	1.23675778086143e-26	"6"	"PAICS"
3.39011201317389e-31	0.650580618675064	0.966	0.823	1.24081489794178e-26	"6"	"AP1S1"
4.28016406047893e-31	1.0709200427094	0.86	0.631	1.56658284777589e-26	"6"	"RALGPS2"
4.37751737295984e-31	0.787240251003673	0.883	0.687	1.60221513367703e-26	"6"	"FH"
4.60067166119745e-31	1.871758391076	0.691	0.444	1.68389183471488e-26	"6"	"KRT19"
5.54453859796265e-31	0.532974599949491	0.991	0.912	2.02935657224031e-26	"6"	"NDUFA12"
5.65944782626329e-31	1.95295295008906	0.255	0.076	2.07141449889063e-26	"6"	"PTGER1"
7.17377176886853e-31	1.12666724287281	0.762	0.518	2.62567220512357e-26	"6"	"SMC1A"
8.60503096506102e-31	0.86577713032455	0.865	0.605	3.14952738352198e-26	"6"	"PSMD14"
8.66017374119327e-31	0.740340599757845	0.977	0.887	3.16971019101415e-26	"6"	"SPTBN1"
9.27835544428068e-31	0.582397928870807	0.983	0.908	3.39597087616117e-26	"6"	"EIF4G1"
1.14283923464693e-30	0.623833962143574	0.957	0.864	4.18290588273122e-26	"6"	"HDGF"
1.43387589941018e-30	1.11122453401732	0.605	0.313	5.2481291794312e-26	"6"	"NUDT15"
1.77320816115454e-30	1.73242716314037	0.338	0.124	6.49011919064173e-26	"6"	"CDA"
1.80626381447284e-30	1.10399542032664	0.928	0.773	6.61110618735205e-26	"6"	"PRSS23"
1.91147782723754e-30	0.892518904242647	0.845	0.592	6.99619999547213e-26	"6"	"U2AF2"
2.31246177983607e-30	0.969376435866459	0.802	0.514	8.46384136037799e-26	"6"	"CCDC88A"
3.36536669680246e-30	0.568203436697962	0.994	0.945	1.23175786469667e-25	"6"	"TUBA1A"
4.05149820309267e-30	0.764802026707795	0.871	0.655	1.48288885731395e-25	"6"	"HSPB11"
4.5493392288861e-30	0.690667055778105	0.94	0.806	1.6651036511646e-25	"6"	"RBBP7"
4.66163704917409e-30	0.560823767252086	0.977	0.907	1.70620577636821e-25	"6"	"ANXA6"
4.80062686111077e-30	1.40451493553478	0.393	0.157	1.75707743743515e-25	"6"	"KIAA1217"
5.11371912179319e-30	0.718701119768786	0.966	0.797	1.87167233576753e-25	"6"	"GNG11"
5.60562402562609e-30	1.16094631954427	0.579	0.295	2.0517144496194e-25	"6"	"ATP8B1"
6.2619228029047e-30	1.05282458772272	0.55	0.265	2.29192636509115e-25	"6"	"NPR3"
7.31966486514206e-30	1.51342695713759	0.375	0.148	2.67907053729064e-25	"6"	"PRR34-AS1"
7.39840420524123e-30	1.16803386761549	0.496	0.227	2.70788992316034e-25	"6"	"EHD4"
7.4395572759844e-30	1.42138728151069	0.347	0.126	2.72295235858305e-25	"6"	"SLC29A1"
8.86956340957783e-30	1.05132104568945	0.61	0.331	3.24634890353958e-25	"6"	"AK5"
9.09085117779466e-30	0.872286981040745	0.819	0.581	3.32734243958462e-25	"6"	"ID1"
1.0552226646556e-29	0.702150943028379	0.931	0.749	3.86222047490597e-25	"6"	"TRA2B"
1.13337863178871e-29	0.51886010122871	0.994	0.912	4.14827913020987e-25	"6"	"NDUFAF3"
1.13847357187695e-29	2.18310647615914	0.739	0.536	4.16692712042682e-25	"6"	"HMGB2"
1.21866525351084e-29	1.1597623959309	0.418	0.165	4.46043669437501e-25	"6"	"NCAPH2"
1.24724448324389e-29	0.85658060374149	0.848	0.625	4.56503953312096e-25	"6"	"ATP2B4"
1.2822424323852e-29	0.7626552801565	0.905	0.753	4.69313552677306e-25	"6"	"SUPT16H"
1.39798794508314e-29	1.02768278038697	0.696	0.417	5.11677567779879e-25	"6"	"DPP9"
1.41756929944731e-29	0.721483980988642	0.888	0.684	5.18844539290712e-25	"6"	"ATIC"
1.52091482392568e-29	0.944591215885165	0.711	0.416	5.56670034705037e-25	"6"	"NPM3"
1.59509089021307e-29	1.01639251263313	0.685	0.397	5.83819216726884e-25	"6"	"SMAGP"
2.02165133988738e-29	0.856995868747023	0.914	0.737	7.39944606912179e-25	"6"	"MANF"
2.0362934208391e-29	1.05080835652016	0.739	0.488	7.4530375496132e-25	"6"	"EXOSC8"
2.29839789501723e-29	1.25835238791918	0.464	0.207	8.41236613555256e-25	"6"	"NDE1"
2.32209022588276e-29	0.656132915349031	0.943	0.747	8.49908243575348e-25	"6"	"PDLIM5"
2.58793073659924e-29	0.900005460701027	0.765	0.501	9.47208528902687e-25	"6"	"MAGOHB"
2.78246525683553e-29	0.916801248288357	0.822	0.61	1.01841010865437e-24	"6"	"PARP1"
3.04054811176546e-29	1.02087159014856	0.777	0.502	1.11287101438728e-24	"6"	"ARHGAP29"
3.20907724865839e-29	0.840497925505936	0.822	0.55	1.17455436378146e-24	"6"	"SRRT"
3.70536043120385e-29	0.807974763010318	0.871	0.662	1.35619897142492e-24	"6"	"SPCS3"
3.76581264883424e-29	0.750260338328288	0.857	0.634	1.37832508759982e-24	"6"	"FAM136A"
4.21740974796015e-29	1.31403271148431	0.347	0.128	1.54361414185089e-24	"6"	"RDH5"
4.81927263034375e-29	0.729520373023135	0.9	0.713	1.76390197543212e-24	"6"	"DDX46"
5.03514157026734e-29	0.543799716072184	0.989	0.969	1.84291216613355e-24	"6"	"HNRNPU"
6.27464550797601e-29	0.824180998148946	0.862	0.63	2.2965830023743e-24	"6"	"NOP58"
7.65634948015021e-29	0.758654587463442	0.871	0.655	2.80230047322978e-24	"6"	"PXN"
7.92700091708381e-29	0.6212774612398	0.928	0.79	2.90136160566185e-24	"6"	"SLC25A39"
9.12417358702654e-29	1.28958924314451	0.519	0.242	3.33953877458758e-24	"6"	"BAIAP2L2"
9.79612879218829e-29	0.581745602677699	0.94	0.831	3.58548109922884e-24	"6"	"CAPZA1"
9.92960452507642e-29	0.897155974116224	0.731	0.46	3.63433455222322e-24	"6"	"UCK2"
1.123821037239e-28	0.89615677527777	0.742	0.477	4.11329737839845e-24	"6"	"NCLN"
1.18016440021229e-28	1.16529112522937	0.573	0.292	4.31951972121699e-24	"6"	"GCNT1"
1.18842140107524e-28	1.48535607882104	0.395	0.161	4.34974117007549e-24	"6"	"ATP1B1"
1.27258199642518e-28	0.705424274958639	0.9	0.672	4.65777736511579e-24	"6"	"SELENOT"
1.34735250128026e-28	0.765391699395223	0.897	0.68	4.93144488993588e-24	"6"	"CRIM1"
1.96425308858856e-28	0.608409142870754	0.96	0.815	7.18936272954299e-24	"6"	"VPS29"
1.99361931886229e-28	0.529472410561317	0.98	0.876	7.29684606896786e-24	"6"	"TOMM22"
2.13240003748696e-28	0.597627084363671	0.966	0.848	7.80479737720604e-24	"6"	"ECHS1"
2.26201332403355e-28	1.18214189004834	0.536	0.261	8.2791949672952e-24	"6"	"NUP93"
3.46246295435299e-28	0.580698972368789	0.963	0.825	1.26729606592274e-23	"6"	"GTF3C6"
3.59949708894086e-28	0.968155881790812	0.696	0.432	1.31745192952324e-23	"6"	"UCHL5"
3.70745487148461e-28	0.87934872221969	0.805	0.569	1.35696555751208e-23	"6"	"VBP1"
3.87627403768081e-28	0.883140823124238	0.668	0.376	1.41875506053155e-23	"6"	"SYNJ2"
3.91596246414455e-28	1.08711204390198	0.633	0.37	1.43328142150155e-23	"6"	"POGLUT3"
4.046305251903e-28	1.18266813051641	0.524	0.255	1.48098818524902e-23	"6"	"DOCK5"
5.0269316999035e-28	1.11023587706918	0.573	0.293	1.83990727148168e-23	"6"	"CENPS"
5.59873589453941e-28	0.960809626602828	0.616	0.325	2.04919332476037e-23	"6"	"CCDC137"
6.32236961483111e-28	0.600120669240763	0.934	0.779	2.31405050272433e-23	"6"	"PDXK"
8.00974315622059e-28	0.727573810073729	0.888	0.702	2.9316460926083e-23	"6"	"PTBP1"
8.76477210750343e-28	0.741403568964541	0.894	0.68	3.20799423906733e-23	"6"	"GIPC1"
9.00781842341555e-28	1.4546783756865	0.347	0.131	3.29695162115433e-23	"6"	"SYNE2"
9.89784315639405e-28	0.502766317471067	0.989	0.936	3.62270957367178e-23	"6"	"CCT3"
1.15024684178007e-27	0.698302882993352	0.934	0.768	4.21001846559924e-23	"6"	"PIN1"
1.2063513164647e-27	0.951276566851766	0.702	0.42	4.41536645339246e-23	"6"	"ABHD12"
1.25782326284807e-27	0.625209062095254	0.94	0.805	4.60375892435022e-23	"6"	"FKBP3"
1.30926412521454e-27	1.59955073327392	0.287	0.099	4.79203762469775e-23	"6"	"CDK2"
1.39155976655214e-27	1.64086074526297	0.301	0.108	5.09324790155749e-23	"6"	"TTF2"
1.76736202878407e-27	0.624200608391792	0.934	0.79	6.46872176155257e-23	"6"	"LSM2"
2.0622530460497e-27	1.09170512985844	0.582	0.311	7.54805237384652e-23	"6"	"LYAR"
2.23390572523175e-27	0.750367718139987	0.871	0.682	8.17631834492072e-23	"6"	"PSMG1"
2.24742886263108e-27	0.794675708584936	0.857	0.679	8.22581438011601e-23	"6"	"NAP1L4"
2.68855291614294e-27	0.593142141104832	0.954	0.834	9.84037252837477e-23	"6"	"ADI1"
2.70861756009726e-27	1.39239698461632	0.476	0.232	9.91381113171198e-23	"6"	"REEP4"
2.79771180275304e-27	0.714872826816125	0.911	0.715	1.02399049692564e-22	"6"	"EIF2S1"
2.88535080316599e-27	1.11907307565369	0.774	0.532	1.05606724746678e-22	"6"	"TRNP1"
3.00438322716995e-27	0.601725907282169	0.917	0.74	1.09963430497647e-22	"6"	"POLDIP2"
3.11559086333657e-27	0.573686184460213	0.957	0.877	1.14033741188982e-22	"6"	"FBL"
3.20885264860682e-27	1.16263463725426	0.438	0.189	1.17447215791658e-22	"6"	"CLN6"
3.93177252526513e-27	0.946548715958767	0.722	0.439	1.43906806197229e-22	"6"	"AOPEP"
4.05608857583078e-27	1.30101425400444	0.393	0.162	1.48456897963982e-22	"6"	"PGAM5"
5.2080190501729e-27	0.868850017680012	0.771	0.539	1.90618705255378e-22	"6"	"HSPH1"
6.8743478258304e-27	0.773976773517008	0.848	0.61	2.51608004773218e-22	"6"	"GPC1"
7.40930340069129e-27	1.36844126354029	0.307	0.108	2.71187913768702e-22	"6"	"PFAS"
8.68050542976199e-27	1.4286402028586	0.289	0.1	3.17715179234718e-22	"6"	"POLR3G"
8.73950491615189e-27	0.994250868805693	0.59	0.31	3.19874619436075e-22	"6"	"SLIT2"
9.17431071709448e-27	0.661899759374697	0.908	0.752	3.35788946556375e-22	"6"	"VDAC3"
9.27395397495899e-27	0.526544713772267	0.974	0.877	3.39435989437474e-22	"6"	"ADRM1"
9.35615256300968e-27	0.753217331304491	0.842	0.621	3.42444539958717e-22	"6"	"TRAP1"
9.79376580869769e-27	1.48520236251194	0.335	0.129	3.58461622364144e-22	"6"	"NR2C2AP"
1.05618036421763e-26	1.5189029374997	0.616	0.395	3.86572575107294e-22	"6"	"CKS1B"
1.09910489084538e-26	1.54982819842713	0.307	0.112	4.02283381098319e-22	"6"	"MGME1"
1.1037880615789e-26	0.556362069044896	0.989	0.96	4.03997468418492e-22	"6"	"LINC02802"
1.22852338958201e-26	0.554265735094993	0.977	0.917	4.49651845820913e-22	"6"	"CLTC"
1.36086310029429e-26	1.05774803104439	0.542	0.271	4.98089503338712e-22	"6"	"RBM14"
1.40962763719115e-26	0.690230276244572	0.917	0.737	5.15937811488333e-22	"6"	"MRPS18C"
1.41950206452324e-26	1.78896917938855	0.284	0.101	5.19551950636152e-22	"6"	"BARD1"
1.57632277436775e-26	0.632325979917627	0.934	0.74	5.76949898646341e-22	"6"	"PSMC2"
1.59744426378906e-26	1.60578961022606	0.272	0.092	5.84680574989434e-22	"6"	"AC105446.1"
1.63349500285703e-26	0.772425428206234	0.799	0.542	5.97875505995703e-22	"6"	"POP5"
1.7513043870475e-26	1.06631833334807	0.585	0.317	6.40994918703254e-22	"6"	"ENTPD6"
1.75733860963567e-26	0.995975612912041	0.774	0.505	6.43203504512752e-22	"6"	"PSG5"
1.79442435559871e-26	0.532832095159294	1	0.997	6.56777258392685e-22	"6"	"HSPA8"
1.9695485501844e-26	0.60529548465246	0.943	0.808	7.20874464852993e-22	"6"	"UBA1"
2.0343021876459e-26	0.631432527967961	0.92	0.749	7.44574943700277e-22	"6"	"CAPN1"
2.64528787468049e-26	1.13561151038314	0.539	0.28	9.68201815011806e-22	"6"	"CCDC86"
2.6708746596757e-26	0.516120838609213	0.977	0.898	9.77566834187903e-22	"6"	"STRAP"
2.87038645248876e-26	1.16887055986966	0.51	0.251	1.05059014547541e-21	"6"	"JPT2"
3.08891785722102e-26	0.578416367692976	0.934	0.798	1.13057482492147e-21	"6"	"GTF3A"
3.13021438436122e-26	1.077547007087	0.622	0.366	1.14568976682005e-21	"6"	"SAC3D1"
3.59951740009151e-26	0.534256481347591	0.98	0.867	1.31745936360749e-21	"6"	"NPTN"
4.26551907041223e-26	1.27939842151342	0.418	0.186	1.56122263496158e-21	"6"	"SPA17"
4.31858515225393e-26	0.843520186171507	0.791	0.548	1.58064535157646e-21	"6"	"NOP16"
6.90438898477727e-26	0.550189868891797	0.986	0.891	2.52707541231833e-21	"6"	"DYNC1H1"
8.32889311077263e-26	0.948482142393152	0.656	0.37	3.04845816747389e-21	"6"	"RRP15"
8.76908121734039e-26	1.28639429676719	0.41	0.182	3.20957141635876e-21	"6"	"CHEK1"
9.94048219702797e-26	1.07386360660443	0.553	0.294	3.63831588893421e-21	"6"	"EXOSC9"
1.01674246849893e-25	0.635225857959673	0.977	0.938	3.72137910895294e-21	"6"	"CLDN11"
1.08017243656733e-25	1.39759578968426	0.487	0.249	3.9535391350801e-21	"6"	"BCL2L12"
1.11319748443283e-25	0.740710274451145	0.862	0.658	4.07441411277262e-21	"6"	"EIF4E"
1.13731107234455e-25	0.681151224385211	0.891	0.739	4.16267225588829e-21	"6"	"FDPS"
1.22651204776221e-25	0.817823089931341	0.754	0.501	4.48915674601448e-21	"6"	"WSB2"
1.31734083163483e-25	0.984860123451613	0.791	0.561	4.82159917786665e-21	"6"	"CKAP5"
1.38334850428716e-25	0.907612792111058	0.742	0.507	5.06319386054143e-21	"6"	"MRTO4"
1.45963134662913e-25	1.18895300339408	0.659	0.42	5.34239669179726e-21	"6"	"KIF22"
1.51796835354383e-25	1.51691343918533	0.284	0.101	5.55591597080577e-21	"6"	"WNT5B"
1.52318314128419e-25	0.776353580883424	0.782	0.519	5.57500261541428e-21	"6"	"MPDU1"
1.60816402436924e-25	0.636391143901314	0.911	0.761	5.88604114559384e-21	"6"	"SDHB"
1.62050916075506e-25	0.861349373811855	0.633	0.358	5.93122557927959e-21	"6"	"IRS1"
1.73195278633221e-25	0.715382401983684	0.854	0.657	6.33912039325454e-21	"6"	"TIMM50"
1.79573441509252e-25	1.10012558762759	0.559	0.304	6.57256753268014e-21	"6"	"TEX30"
1.82859719039839e-25	0.688053299048388	0.874	0.683	6.69284857657716e-21	"6"	"NTMT1"
2.04951439231193e-25	1.08699573336358	0.602	0.332	7.50142762730088e-21	"6"	"CRYBG1"
2.72613404241382e-25	1.47646711625546	0.35	0.142	9.97792320863881e-21	"6"	"FJX1"
2.76645153286508e-25	0.668495951794109	0.865	0.655	1.01254892554395e-20	"6"	"DPM2"
2.80027599043233e-25	0.887554831500948	0.734	0.48	1.02492901525814e-20	"6"	"EMG1"
3.06279471546293e-25	0.511716770318199	0.968	0.899	1.12101349380659e-20	"6"	"MRPS34"
3.36600441010416e-25	1.17754424634761	0.461	0.219	1.23199127414222e-20	"6"	"CDCA7L"
3.8030207193327e-25	0.515638514511543	0.963	0.858	1.39194361348296e-20	"6"	"DNAJC8"
5.02784523911648e-25	0.980166198357382	0.596	0.321	1.84024163596902e-20	"6"	"AP1B1"
5.45481953165904e-25	0.691698346857132	0.851	0.638	1.99651849678252e-20	"6"	"HACD3"
6.18627571598203e-25	0.733528280534387	0.905	0.708	2.26423877480658e-20	"6"	"SIGMAR1"
6.36833093007672e-25	0.649507046788129	0.943	0.846	2.33087280371738e-20	"6"	"NUCKS1"
6.47397326888981e-25	0.563778166320563	0.977	0.881	2.36953895614636e-20	"6"	"TCP1"
6.5531698863666e-25	0.552072176745015	0.94	0.84	2.39852571010904e-20	"6"	"MRPS16"
6.91218964206834e-25	0.69880288808225	0.854	0.646	2.52993053089343e-20	"6"	"FARSA"
7.5502752161588e-25	0.701957439208485	0.883	0.664	2.76347623186628e-20	"6"	"VASP"
8.38676401221776e-25	0.622221802770492	0.926	0.774	3.06963949611182e-20	"6"	"ANP32A"
8.7158870392196e-25	0.600319727091985	0.94	0.79	3.19010181522477e-20	"6"	"RBM25"
8.82707653939686e-25	0.584660338285766	0.934	0.802	3.23079828418465e-20	"6"	"ECI2"
9.95632457562857e-25	0.736844948383296	0.868	0.649	3.64411435792581e-20	"6"	"SRSF1"
1.0467144655969e-24	0.775239677860109	0.808	0.583	3.83107961553122e-20	"6"	"PSME3"
1.58198336934393e-24	0.519108700485266	0.968	0.885	5.7902173301357e-20	"6"	"ANXA7"
1.72752281922265e-24	0.899708047934536	0.693	0.426	6.3229062706368e-20	"6"	"PLEKHB2"
1.73316765940214e-24	0.633116544974854	0.934	0.787	6.34356695017777e-20	"6"	"HSPA4"
1.77643752185566e-24	1.1898909325751	0.421	0.193	6.5019389737439e-20	"6"	"PYCR3"
1.78343595080923e-24	0.554256310594667	0.954	0.801	6.52755392355686e-20	"6"	"GLO1"
1.85052048889975e-24	0.830110006894613	0.754	0.511	6.77309004142199e-20	"6"	"RUVBL1"
2.04057580532666e-24	0.613045500397327	0.971	0.871	7.46871150507609e-20	"6"	"NT5E"
2.22783929439698e-24	0.731909232193611	0.828	0.595	8.15411460142237e-20	"6"	"GTPBP4"
2.37912168064733e-24	0.756896675438168	0.754	0.471	8.7078232633373e-20	"6"	"SMIM29"
2.39181537076798e-24	0.646096581375371	0.923	0.755	8.75428343854787e-20	"6"	"GOLIM4"
2.5133004696381e-24	1.79366750257169	0.332	0.139	9.1989310489224e-20	"6"	"ENPP1"
2.56699572917663e-24	0.805808420029008	0.808	0.527	9.39546106835937e-20	"6"	"RALB"
2.64322600303693e-24	1.44158394699849	0.324	0.127	9.67447149371549e-20	"6"	"FANCG"
2.94399450531362e-24	1.01152784906865	0.57	0.317	1.07753142888984e-19	"6"	"SCFD2"
3.12554576668531e-24	0.664830936453542	0.905	0.725	1.14398100606449e-19	"6"	"USP14"
3.18615484280672e-24	0.974896261999164	0.642	0.38	1.16616453401569e-19	"6"	"RPA1"
3.22297594716817e-24	0.737415717090447	0.834	0.572	1.17964142642302e-19	"6"	"AP1M1"
3.24169888589352e-24	0.847903871438994	0.705	0.451	1.18649420922589e-19	"6"	"BOP1"
3.2620474284087e-24	1.35877736933433	0.656	0.426	1.19394197927187e-19	"6"	"KCNMA1"
3.26531170412116e-24	0.652432725234268	0.946	0.774	1.19513673682539e-19	"6"	"C7orf50"
4.01058364942765e-24	0.832290852367613	0.771	0.564	1.46791372152701e-19	"6"	"SMARCA4"
4.08079582758102e-24	0.509514175974433	0.971	0.904	1.49361208085293e-19	"6"	"PSMB2"
4.19641422537349e-24	1.29302750231067	0.332	0.131	1.53592957062895e-19	"6"	"DUSP5"
4.66614290396275e-24	0.665917140779977	0.9	0.727	1.7078549642794e-19	"6"	"HRAS"
5.62436420565715e-24	0.78208338787504	0.817	0.656	2.05857354291257e-19	"6"	"CBX1"
5.7209131719351e-24	0.610940189707783	0.928	0.746	2.09391143005997e-19	"6"	"CISD3"
6.59518092373938e-24	0.521104962299932	0.98	0.892	2.41390216989785e-19	"6"	"UQCC2"
7.22018857400518e-24	0.814258660270445	0.765	0.533	2.64266121997163e-19	"6"	"MTAP"
7.61764621261794e-24	0.504627172706676	0.974	0.863	2.78813469028029e-19	"6"	"FUCA2"
8.49850049727257e-24	0.623149913503095	0.894	0.7	3.11053616700673e-19	"6"	"BZW2"
8.63669769799016e-24	0.839634775085975	0.785	0.558	3.16111772444138e-19	"6"	"IFRD2"
9.17827797244044e-24	1.03092686044286	0.499	0.25	3.35934152069292e-19	"6"	"CSTF3"
9.30155801214402e-24	0.725535333375458	0.765	0.488	3.40446324802483e-19	"6"	"CLEC3B"
9.31424717387883e-24	0.546595787895835	0.96	0.833	3.40910760811139e-19	"6"	"PSMA3"
9.6951177207829e-24	1.25791283713632	0.309	0.119	3.54851003698375e-19	"6"	"ANKRD33B"
1.0350815242128e-23	0.950648944295548	0.625	0.356	3.78850188677126e-19	"6"	"NF2"
1.3748568104826e-23	0.935255333208408	0.556	0.295	5.03211341204736e-19	"6"	"WDR5"
1.39690961414075e-23	0.546988210953417	0.966	0.892	5.11282887871657e-19	"6"	"SIVA1"
1.3999458825999e-23	0.846749326745802	0.811	0.625	5.12394192490389e-19	"6"	"CMC2"
1.44400578959063e-23	0.770265704383342	0.771	0.498	5.28520559048065e-19	"6"	"ABRACL"
1.46212874464075e-23	0.581366261028187	0.94	0.795	5.35153741825961e-19	"6"	"ELOVL1"
2.10223295015956e-23	0.70333368422693	0.845	0.634	7.69438282087899e-19	"6"	"RRP36"
2.19429399384082e-23	0.587352356390091	0.96	0.8	8.03133544685679e-19	"6"	"COX20"
2.49843444131908e-23	0.657644768436679	0.88	0.741	9.14451989867195e-19	"6"	"GCSH"
2.52167546871276e-23	1.22306463594659	0.487	0.253	9.22958438303556e-19	"6"	"ARHGAP22"
2.75860705801007e-23	0.589607217346675	0.905	0.74	1.00967776930226e-18	"6"	"NUDT21"
2.76858632118933e-23	0.685648320289108	0.874	0.675	1.01333027941851e-18	"6"	"COPS3"
2.90572135607948e-23	1.08400624703731	0.524	0.28	1.06352307353865e-18	"6"	"SEPHS1"
3.39454997773347e-23	1.10252648951618	0.381	0.165	1.24243923735023e-18	"6"	"SLC8A1"
3.4896333283504e-23	0.732586148151349	0.788	0.579	1.27724069450953e-18	"6"	"RNASEH1"
3.53472243043603e-23	0.708920905238306	0.883	0.657	1.29374375676389e-18	"6"	"FLNB"
3.84175747947981e-23	0.944356801021536	0.622	0.359	1.40612165506441e-18	"6"	"NLN"
4.76389555677413e-23	0.643082946731184	0.854	0.656	1.7436334127349e-18	"6"	"HARS"
4.92644630062235e-23	0.638239832049651	0.9	0.683	1.80312861049079e-18	"6"	"NIBAN2"
5.2738428766333e-23	0.646086460637026	0.885	0.668	1.93027923127655e-18	"6"	"EPB41L2"
5.32418719729227e-23	0.850880562082273	0.67	0.411	1.94870575608094e-18	"6"	"SLC38A5"
5.45526497014221e-23	1.00878021505435	0.496	0.252	1.99668153172175e-18	"6"	"AL445524.1"
5.54927755013992e-23	0.880546541897332	0.63	0.372	2.03109107612671e-18	"6"	"PTRH1"
5.55203592341861e-23	0.80723368015994	0.885	0.736	2.03210066833044e-18	"6"	"BUB3"
6.21010861461893e-23	0.545337670487511	0.917	0.755	2.27296185403667e-18	"6"	"DBNL"
6.26913191410942e-23	0.649839911870929	0.908	0.747	2.29456497188319e-18	"6"	"DCXR"
7.33038503067062e-23	0.549264040891042	0.948	0.788	2.68299422507575e-18	"6"	"TPGS2"
7.83791100346663e-23	0.852663592802996	0.656	0.391	2.86875380637882e-18	"6"	"USP5"
8.45809237205044e-23	0.632797749343209	0.857	0.643	3.09574638909418e-18	"6"	"MCUR1"
8.48000692575517e-23	0.735556469213903	0.954	0.843	3.10376733489565e-18	"6"	"MRPS6"
8.72842590282578e-23	0.721642127714397	0.86	0.648	3.19469116469326e-18	"6"	"GLUD1"
1.02719671235461e-22	0.526278252003663	0.943	0.823	3.75964268688913e-18	"6"	"RPS19BP1"
1.08709477119633e-22	0.518180561601166	0.948	0.834	3.97887557205569e-18	"6"	"MYADM"
1.10257408653589e-22	0.578779803699952	0.934	0.734	4.03553141413001e-18	"6"	"PPP1R7"
1.11935188437811e-22	0.580244879457431	0.923	0.769	4.09693983201232e-18	"6"	"RPL26L1"
1.27664527720978e-22	0.560539844039909	0.968	0.878	4.6726493791155e-18	"6"	"CLTB"
1.79438459622994e-22	1.07290180344859	0.527	0.278	6.56762706066119e-18	"6"	"MAPKAPK3"
1.8115337767724e-22	1.48399476428064	0.375	0.17	6.63039477636468e-18	"6"	"TBX2"
2.16310340560071e-22	0.555916261795252	0.943	0.818	7.91717477483915e-18	"6"	"PSMD13"
2.36733010953231e-22	0.817760483111337	0.685	0.426	8.66466493389923e-18	"6"	"BRIX1"
2.38809595617849e-22	0.538635161183948	0.991	0.921	8.7406700092089e-18	"6"	"SERPINE1"
2.76900832265842e-22	0.687628045399814	0.831	0.595	1.01348473617621e-17	"6"	"GRPEL1"
3.23315649010363e-22	0.804076845429952	0.734	0.503	1.18336760694283e-17	"6"	"OSTF1"
3.34661396294117e-22	0.501931656002095	0.974	0.884	1.2248941765761e-17	"6"	"NDUFA7"
3.6017331071832e-22	1.1843306994292	0.401	0.186	1.31827033456012e-17	"6"	"EXOSC2"
3.88285520933994e-22	1.16470719850902	0.407	0.189	1.42116383517051e-17	"6"	"CENPV"
4.2388334111525e-22	0.650242389448791	0.883	0.678	1.55145541681592e-17	"6"	"ELAVL1"
4.60651615226011e-22	0.52676767568887	0.934	0.814	1.68603097688872e-17	"6"	"NAA20"
4.64066420687678e-22	0.572777973171444	0.928	0.747	1.69852950635897e-17	"6"	"MRPL28"
4.86734418017851e-22	1.2275943119473	0.375	0.167	1.78149664338714e-17	"6"	"GLA"
4.96932710938334e-22	0.836300371697161	0.656	0.396	1.8188234153054e-17	"6"	"ELAC2"
5.70201466099816e-22	1.17452571814899	0.404	0.187	2.08699438607194e-17	"6"	"ERI1"
6.66138556557967e-22	0.922900541573431	0.499	0.252	2.43813373085782e-17	"6"	"TXNRD2"
7.04915694449748e-22	0.793475420880827	0.805	0.648	2.58006193325552e-17	"6"	"RRAS2"
7.41353902731741e-22	1.02637939921196	0.524	0.286	2.71342941938844e-17	"6"	"TEAD4"
7.76231088442859e-22	1.53017490183197	0.309	0.13	2.84108340680971e-17	"6"	"TAFA5"
9.17849689946203e-22	0.947780006959078	0.513	0.27	3.3594216501721e-17	"6"	"SMPD4"
9.89886890506587e-22	0.814314668463192	0.691	0.441	3.62308500794316e-17	"6"	"QDPR"
1.04955499823889e-21	0.897341697151835	0.63	0.38	3.84147624905416e-17	"6"	"RPS6KA4"
1.11275237176132e-21	0.995591604715781	0.496	0.263	4.0727849558836e-17	"6"	"UTP20"
1.174466677568e-21	1.51390666938119	0.309	0.128	4.29866548656664e-17	"6"	"NETO2"
1.26328086558424e-21	0.844805922189531	0.648	0.392	4.62373429612488e-17	"6"	"CDKN2AIPNL"
1.45102735171092e-21	0.642334605066758	0.86	0.665	5.31090520999714e-17	"6"	"MRPL47"
1.46965917966028e-21	0.568706205204121	0.94	0.811	5.3790995634746e-17	"6"	"H2AFY"
1.47420759604835e-21	1.00314724655559	0.496	0.259	5.39574722229656e-17	"6"	"CCBE1"
1.69303642013473e-21	1.46928826759544	0.272	0.103	6.19668260133513e-17	"6"	"AC125611.3"
1.7078394170437e-21	0.720793485031937	0.911	0.732	6.25086305032163e-17	"6"	"PAPSS2"
1.77968054901901e-21	0.651958949026747	0.834	0.607	6.51380877746448e-17	"6"	"PDHA1"
1.95930350025417e-21	0.730500542355924	0.802	0.561	7.17124674128028e-17	"6"	"YKT6"
2.09385748714969e-21	0.521481236698234	0.966	0.858	7.66372778871656e-17	"6"	"SRRM1"
2.27166882012192e-21	0.593621418060449	0.894	0.73	8.31453504852826e-17	"6"	"ACTR1A"
2.33659675780269e-21	1.19643570803048	0.384	0.179	8.55217779323363e-17	"6"	"HAUS6"
2.35321006528702e-21	0.876005509657359	0.653	0.403	8.61298415995704e-17	"6"	"UHMK1"
2.39510492348514e-21	0.945199173039768	0.61	0.376	8.76632353044797e-17	"6"	"PITRM1"
2.39533657409881e-21	0.748546536998004	0.874	0.748	8.76717139485904e-17	"6"	"FLNC"
2.46088546056309e-21	1.16608378709812	0.438	0.221	9.00708687420698e-17	"6"	"C9orf40"
2.54038700411704e-21	0.818775582094951	0.831	0.66	9.29807047376878e-17	"6"	"CRIP2"
2.570609599075e-21	0.607451259969777	0.908	0.739	9.40868819357439e-17	"6"	"G6PC3"
2.76807712768973e-21	0.686115229899784	0.797	0.558	1.01314390950572e-16	"6"	"E2F4"
3.0065894367559e-21	0.744855917809051	0.745	0.526	1.10044179974703e-16	"6"	"DKC1"
3.7498860911643e-21	0.947665800283874	0.542	0.293	1.37249580822705e-16	"6"	"MSTO1"
4.80390350455209e-21	0.971323973052103	0.662	0.438	1.75827672170111e-16	"6"	"RGMB"
4.88460322902792e-21	0.798683683115035	0.762	0.523	1.78781362785651e-16	"6"	"PPIF"
5.33409486074966e-21	0.597733334610543	0.934	0.798	1.95233205998298e-16	"6"	"PSMD6"
5.38534039188232e-21	0.579594573424312	0.926	0.772	1.97108843683285e-16	"6"	"UFD1"
5.59001380336215e-21	0.707311159529828	0.819	0.639	2.04600095216858e-16	"6"	"ABCE1"
5.83322527858159e-21	0.796818643984564	0.693	0.456	2.13501878421365e-16	"6"	"CENPT"
6.3417757596545e-21	0.97629631207667	0.527	0.288	2.32115334579114e-16	"6"	"NOL12"
6.3597742540891e-21	0.685979660701817	0.831	0.596	2.32774097473915e-16	"6"	"POLR2C"
7.03104941574464e-21	0.574011799628972	0.897	0.705	2.5734343966567e-16	"6"	"CHCHD1"
7.04906749953461e-21	0.973557220749729	0.63	0.398	2.58002919550466e-16	"6"	"GPN3"
8.96785162422702e-21	0.619831675842616	0.883	0.682	3.28232337298333e-16	"6"	"NAA50"
9.08653810368419e-21	0.561022991557769	0.92	0.761	3.32576381132945e-16	"6"	"MRPS12"
9.12742796002692e-21	0.823292899644718	0.691	0.454	3.34072990764945e-16	"6"	"GTF2H3"
9.39182219650218e-21	0.966148320347396	0.533	0.306	3.43750084214176e-16	"6"	"ACAT2"
9.47299009819665e-21	0.664918806177052	0.777	0.541	3.46720910584096e-16	"6"	"USP10"
9.8262012547607e-21	0.577030471654295	0.908	0.726	3.59648792125497e-16	"6"	"ARF6"
1.15363682575053e-20	0.58828383790514	0.917	0.766	4.22242614592951e-16	"6"	"HOMER3"
1.22060017158667e-20	0.950915274553401	0.668	0.454	4.46751868802436e-16	"6"	"HAT1"
1.26184840530538e-20	0.731064477842011	0.808	0.602	4.61849134825823e-16	"6"	"DHX9"
1.38059749532536e-20	0.945349575122692	0.599	0.372	5.05312489264035e-16	"6"	"KAZALD1"
1.52904176889559e-20	0.568447169871722	0.917	0.771	5.59644577833476e-16	"6"	"OAF"
1.57106367295234e-20	0.701887986510746	0.797	0.546	5.75025014937286e-16	"6"	"STARD7"
1.61915989353779e-20	0.881947024519946	0.513	0.275	5.92628712633767e-16	"6"	"DOHH"
1.69601588332347e-20	0.568772766925492	0.954	0.825	6.20758773455223e-16	"6"	"PPP1R12A"
1.70880256083601e-20	0.778111218217663	0.713	0.471	6.25438825291589e-16	"6"	"CYB5B"
2.37747349367085e-20	0.899307158026151	0.759	0.538	8.70179073418467e-16	"6"	"HERC4"
2.55154341826948e-20	0.669538436226202	0.777	0.54	9.33890406520814e-16	"6"	"RPUSD3"
2.58785043977418e-20	0.518920719665033	0.937	0.779	9.47179139461747e-16	"6"	"CFL2"
2.59771456151408e-20	1.19729988128148	0.367	0.168	9.50789506659769e-16	"6"	"ITPR3"
2.88165530615781e-20	0.615703028169864	0.808	0.563	1.05471465860682e-15	"6"	"KPNA3"
3.23217252008757e-20	0.830296352935899	0.676	0.412	1.18300746407725e-15	"6"	"PAK1"
3.47878713998343e-20	0.86080636190641	0.587	0.331	1.27327088110534e-15	"6"	"PPP2R5D"
3.70976661784233e-20	1.13186809270509	0.307	0.126	1.35781167979647e-15	"6"	"SIPA1L3"
4.00385792834819e-20	0.710989351608788	0.834	0.63	1.46545204035472e-15	"6"	"SF3B3"
4.03405553233211e-20	1.38590297437901	0.275	0.11	1.47650466538887e-15	"6"	"MNS1"
4.26369114630486e-20	0.690941344557833	0.794	0.539	1.56055359645904e-15	"6"	"ESYT1"
4.63457809185195e-20	1.08818584025402	0.702	0.455	1.69630192739873e-15	"6"	"PLAT"
5.15789384092285e-20	0.924997553702479	0.473	0.247	1.88784072471617e-15	"6"	"APEX2"
5.21546175529132e-20	0.935437808468885	0.467	0.238	1.90891115705418e-15	"6"	"TELO2"
5.28035952706497e-20	1.34718378901665	0.258	0.098	1.93266439050105e-15	"6"	"POLD1"
5.39570816789919e-20	0.819258739451279	0.633	0.397	1.97488314653278e-15	"6"	"POLE3"
5.7356262282635e-20	0.651494357124975	0.857	0.632	2.09929655580672e-15	"6"	"SF3A3"
6.03097438175104e-20	0.601385569900746	0.897	0.738	2.2073969334647e-15	"6"	"TIMM23"
7.03133439593598e-20	0.847366586593774	0.55	0.31	2.57353870225653e-15	"6"	"TBCD"
7.07376102600634e-20	0.635071729751222	0.842	0.658	2.58906727312858e-15	"6"	"WDR18"
7.77812387722328e-20	1.04838116859161	0.57	0.345	2.84687112030249e-15	"6"	"FN3KRP"
7.99373216645816e-20	0.960434300753609	0.536	0.309	2.92578591024535e-15	"6"	"GRWD1"
8.1590505911718e-20	0.786837709477828	0.676	0.444	2.98629410687479e-15	"6"	"VARS"
8.76455152916646e-20	0.83951070152472	0.527	0.285	3.20791350519022e-15	"6"	"APOO"
8.80382506175989e-20	0.791185824747593	0.662	0.42	3.22228801085474e-15	"6"	"KIF1BP"
9.55223491802516e-20	0.654039373316972	0.765	0.528	3.49621350234639e-15	"6"	"PRPF19"
1.12524389565156e-19	0.602375405244829	0.905	0.76	4.11850518247427e-15	"6"	"PLAUR"
1.21041324378741e-19	1.26688304927063	0.35	0.16	4.43023351358629e-15	"6"	"TBC1D2"
1.33343670411886e-19	0.999670296747288	0.444	0.228	4.88051168074546e-15	"6"	"TIMM8A"
1.35731193013255e-19	0.762520789954315	0.688	0.456	4.96789739547816e-15	"6"	"ASAP2"
1.50379549404379e-19	0.722820678785331	0.771	0.555	5.50404188774966e-15	"6"	"ACTL6A"
1.57097767743514e-19	0.786698442497217	0.61	0.367	5.74993539718035e-15	"6"	"GMPPB"
1.64230602181897e-19	0.587718937241816	0.94	0.793	6.0110042704596e-15	"6"	"ADAM9"
1.67620118166121e-19	0.999290750794929	0.562	0.343	6.13506394499819e-15	"6"	"GALNT1"
1.70086724776558e-19	1.11826277403978	0.381	0.184	6.2253442135468e-15	"6"	"PPIL1"
1.72126317043762e-19	0.761685133236921	0.665	0.408	6.29999533011873e-15	"6"	"NOC3L"
1.91811132041842e-19	0.645191504224269	0.805	0.563	7.02047924386347e-15	"6"	"RAB8A"
1.94596295212179e-19	0.731467233188992	0.716	0.497	7.12241900106098e-15	"6"	"CARM1"
2.02800932140775e-19	1.1387266896284	0.364	0.17	7.4227169172845e-15	"6"	"NUP155"
2.05793335964012e-19	0.836799408535179	0.648	0.403	7.53224188961879e-15	"6"	"MRPL35"
2.12613407467873e-19	1.00837381582927	0.418	0.207	7.78186332673163e-15	"6"	"CCNYL1"
2.20591226608247e-19	0.653528171101565	0.788	0.541	8.07385948508846e-15	"6"	"COMMD8"
2.24433926799246e-19	0.741852522860126	0.759	0.528	8.21450615477919e-15	"6"	"SPOCD1"
2.72993480991938e-19	1.39186545267428	0.562	0.354	9.99183439778591e-15	"6"	"CKB"
2.81123288378259e-19	0.617766183736003	0.885	0.7	1.02893934779327e-14	"6"	"ZNRD2"
2.87388104754854e-19	0.544384012696157	0.894	0.759	1.05186920221324e-14	"6"	"MRPS7"
2.90762971700278e-19	0.864712917012898	0.559	0.323	1.06422155272019e-14	"6"	"AMD1"
4.01358685718363e-19	0.921010362571598	0.642	0.408	1.46901292559778e-14	"6"	"AHNAK2"
4.06631757765595e-19	0.947510938831882	0.665	0.448	1.48831289659785e-14	"6"	"FUBP1"
4.35416334209645e-19	0.667286658659822	0.831	0.624	1.59366732484072e-14	"6"	"HMGN3"
4.7926340365177e-19	0.675973331134644	0.828	0.604	1.75415198370584e-14	"6"	"PPP1R14B-AS1"
4.81769810360723e-19	0.578369566578463	0.911	0.798	1.76332568290128e-14	"6"	"MAP7D1"
4.86981203754863e-19	0.59594784953745	0.868	0.657	1.78239990386318e-14	"6"	"MRPS10"
5.14510434707828e-19	1.07808847656938	0.484	0.272	1.88315964207412e-14	"6"	"RRS1"
5.15863664026973e-19	0.608936825953257	0.86	0.637	1.88811259670512e-14	"6"	"CDK2AP2"
5.91484918107187e-19	0.777955965539684	0.705	0.465	2.16489394876411e-14	"6"	"RASSF1"
5.92547925001656e-19	0.599696203807281	0.88	0.745	2.16878466029856e-14	"6"	"HNRNPUL2"
6.00203348842218e-19	0.5320631535439	0.951	0.834	2.1968042770974e-14	"6"	"KIF5B"
6.23774908315383e-19	0.576898463844019	0.822	0.639	2.28307854192513e-14	"6"	"MRPS23"
7.31818956588475e-19	0.718883146865365	0.777	0.602	2.67853056300948e-14	"6"	"POP7"
7.37578521191462e-19	0.561852591226147	0.92	0.755	2.69961114541287e-14	"6"	"CD47"
7.82722824714302e-19	0.694109863097915	0.719	0.474	2.86484381073682e-14	"6"	"SMYD2"
8.06478517588909e-19	1.33834147397285	0.258	0.102	2.95179202222716e-14	"6"	"RAD18"
8.13443111363836e-19	1.00922163523836	0.401	0.196	2.97728313190278e-14	"6"	"PDXP"
8.18605815568401e-19	0.57959324129021	0.842	0.641	2.9961791455619e-14	"6"	"PSMG4"
8.80984574733844e-19	0.833972605238128	0.625	0.391	3.22449164198334e-14	"6"	"MYBBP1A"
9.32077658524699e-19	0.525686253371258	0.948	0.828	3.41149743796625e-14	"6"	"RNPS1"
9.36557175802464e-19	0.528413175016123	0.971	0.902	3.4278929191546e-14	"6"	"ANPEP"
9.72283826173509e-19	0.500165009230262	0.966	0.841	3.55865603217766e-14	"6"	"MIR4435-2HG"
9.99761236049159e-19	0.53765110404817	0.883	0.737	3.65922610006352e-14	"6"	"AP3D1"
1.20944531306406e-18	1.19881853463348	0.269	0.108	4.42669079034576e-14	"6"	"LARS2"
1.32548796526672e-18	0.870791057372598	0.544	0.323	4.85141850167272e-14	"6"	"NCS1"
1.33398861978135e-18	0.69630499278146	0.782	0.598	4.88253174726173e-14	"6"	"MAD2L2"
1.33687103377365e-18	0.717940959238395	0.659	0.42	4.89308167071494e-14	"6"	"NSUN2"
1.34624702543849e-18	0.517083031017876	0.92	0.773	4.9273987378074e-14	"6"	"ID3"
1.57316333711305e-18	0.683469665462872	0.745	0.534	5.75793513016747e-14	"6"	"PSMG3"
1.75536570841037e-18	0.796723585882932	0.63	0.412	6.42481402935281e-14	"6"	"TSR2"
1.80408296785262e-18	0.867800234861012	0.344	0.151	6.60312407063736e-14	"6"	"RAB7B"
1.82193012582059e-18	0.796367677483541	0.599	0.36	6.66844645351595e-14	"6"	"NRAS"
1.84575905213231e-18	0.579264493858095	0.877	0.7	6.75566270670945e-14	"6"	"DNAJB11"
1.85455152028605e-18	0.717848122936697	0.688	0.453	6.78784401939898e-14	"6"	"UTP6"
1.99188987194427e-18	0.604105262763825	0.805	0.55	7.29051612030322e-14	"6"	"POP4"
2.14611342929774e-18	0.783298071053177	0.556	0.317	7.85498976257265e-14	"6"	"DNAAF5"
2.15221090589579e-18	0.816391504717764	0.593	0.366	7.87730713666918e-14	"6"	"ABCB8"
2.22507850380009e-18	0.67996790191106	0.696	0.448	8.14400983175871e-14	"6"	"UXS1"
2.38568368381818e-18	0.98972987221425	0.436	0.229	8.73184085114292e-14	"6"	"DBNDD2"
2.40820964628773e-18	0.693827413626917	0.848	0.624	8.8142881263777e-14	"6"	"HK1"
2.61501712098347e-18	0.893831219053787	0.57	0.346	9.57122416451158e-14	"6"	"HSD3B7"
2.6976434759152e-18	0.790530715671521	0.65	0.418	9.87364488619722e-14	"6"	"KITLG"
2.72972213656954e-18	0.523108335421647	0.931	0.816	9.99105599205819e-14	"6"	"EIF3B"
2.74526435821469e-18	1.44885852575689	0.261	0.108	1.00479420775016e-13	"6"	"SLC17A9"
2.79711791109746e-18	0.833757800129608	0.542	0.305	1.02377312664078e-13	"6"	"OGDH"
2.85229298149365e-18	0.807818513740644	0.662	0.434	1.04396775415649e-13	"6"	"PAFAH1B3"
2.94656695498199e-18	0.84997158284797	0.622	0.4	1.07847297119296e-13	"6"	"LIMS2"
3.04336974752205e-18	0.793579786589214	0.57	0.332	1.11390376129055e-13	"6"	"GET4"
3.12912218304131e-18	0.59091192110429	0.854	0.645	1.14529001021495e-13	"6"	"GSS"
3.28301885321418e-18	0.897552650924255	0.808	0.673	1.20161773046492e-13	"6"	"SLBP"
3.28651775828809e-18	0.514454593446083	0.914	0.797	1.20289836471102e-13	"6"	"PSMD12"
3.30222142467491e-18	0.506075790475577	0.971	0.857	1.20864606364527e-13	"6"	"CDC42EP3"
3.50343861579681e-18	0.759681066377821	0.587	0.347	1.28229356776779e-13	"6"	"INF2"
3.50644445787441e-18	0.655600115792656	0.759	0.542	1.28339373602661e-13	"6"	"TCERG1"
3.71918367264798e-18	0.572033467884708	0.862	0.649	1.36125841602589e-13	"6"	"TSEN15"
3.74104020178125e-18	0.60454373629598	0.777	0.542	1.36925812425396e-13	"6"	"EIF2B3"
3.85223425418462e-18	0.724205589005122	0.562	0.309	1.40995625937411e-13	"6"	"FAIM"
3.90851201001851e-18	0.518053022553617	0.914	0.793	1.43055448078688e-13	"6"	"C11orf24"
3.92341925777562e-18	0.58208140096033	0.868	0.684	1.43601068253845e-13	"6"	"FTSJ1"
3.94840471239129e-18	0.906299340934458	0.504	0.282	1.44515560878234e-13	"6"	"NSMCE4A"
4.01064724667852e-18	0.885212203691993	0.559	0.334	1.4679369987568e-13	"6"	"SUN2"
4.26008034595061e-18	1.23707165726961	0.312	0.139	1.55923200742138e-13	"6"	"CCDC18"
4.29214853944069e-18	0.630151267229648	0.799	0.589	1.57096928692069e-13	"6"	"DDX56"
4.30661580234839e-18	0.502162629484531	0.937	0.826	1.57626444981754e-13	"6"	"BCLAF1"
4.3164057759085e-18	1.99168612933279	0.264	0.115	1.57984767804027e-13	"6"	"FBXO5"
4.57144294947993e-18	0.833240262703216	0.562	0.332	1.67319383393915e-13	"6"	"ETV5"
5.14706366764999e-18	1.10183577926886	0.378	0.188	1.88387677299657e-13	"6"	"MYO19"
5.33094227811118e-18	0.885222783512953	0.49	0.27	1.95117818321147e-13	"6"	"RCC1"
6.22710919901658e-18	0.711353172293718	0.742	0.524	2.27918423793206e-13	"6"	"SRPK1"
6.31643759027155e-18	0.848912498711306	0.507	0.283	2.31187932241529e-13	"6"	"SKP2"
6.3184306066257e-18	0.638596397585984	0.802	0.602	2.31260878633107e-13	"6"	"NAE1"
6.37594635132884e-18	0.783237823097069	0.888	0.827	2.33366012404987e-13	"6"	"RAD21"
6.54288877984537e-18	0.87648646570646	0.587	0.366	2.3947627223112e-13	"6"	"SH3RF1"
7.01524971313913e-18	0.629785963784825	0.774	0.524	2.56765154750605e-13	"6"	"F2R"
7.02891758862258e-18	0.991653117516756	0.421	0.214	2.57265412661175e-13	"6"	"BPGM"
8.13092293027838e-18	0.781739389593862	0.556	0.323	2.97599910171119e-13	"6"	"NOP2"
8.31549316884482e-18	0.920432373436224	0.413	0.209	3.04355365472889e-13	"6"	"SPATA33"
8.4472647540078e-18	0.736462191025745	0.777	0.577	3.0917833726144e-13	"6"	"NOLC1"
9.03981995485281e-18	1.15473641504539	0.272	0.111	3.30866450167568e-13	"6"	"THSD4"
9.08296748923722e-18	0.755256208176063	0.59	0.356	3.32445693073572e-13	"6"	"SPRYD3"
9.97213910163492e-18	0.5192301475558	0.885	0.716	3.6499026325894e-13	"6"	"FLII"
1.07093893698337e-17	0.914144419931202	0.404	0.2	3.91974360325282e-13	"6"	"MAP3K11"
1.08877779663229e-17	1.11016561802471	0.264	0.106	3.98503561345385e-13	"6"	"GPAT3"
1.1539409790286e-17	0.748950630107535	0.665	0.454	4.22353937734256e-13	"6"	"GOT2"
1.2364031125135e-17	0.715830184981826	0.662	0.417	4.52535903211064e-13	"6"	"RRP1B"
1.24110532257914e-17	0.604127457063031	0.885	0.7	4.5425695911719e-13	"6"	"COX17"
1.27305007185924e-17	1.09328576026231	0.364	0.177	4.65949056801199e-13	"6"	"ADGRL2"
1.37622983829956e-17	0.935763507292905	0.39	0.19	5.03713883116022e-13	"6"	"UBR7"
1.42992945063487e-17	0.693284490663645	0.774	0.589	5.23368478226869e-13	"6"	"TRIO"
1.43929282080988e-17	0.7091015999203	0.731	0.505	5.26795565344623e-13	"6"	"RIPOR1"
1.6731979988468e-17	0.752380192859624	0.67	0.449	6.12407199557917e-13	"6"	"EXOSC3"
1.88921748556787e-17	0.534271062906034	0.943	0.787	6.91472491892697e-13	"6"	"SF3B4"
1.91530382679763e-17	0.5918788914891	0.834	0.624	7.01020353646201e-13	"6"	"HTATSF1"
2.07933065488744e-17	0.912769112706527	0.413	0.209	7.61055812995351e-13	"6"	"CAPN5"
2.12124244928512e-17	0.619033433446704	0.774	0.533	7.76395948862848e-13	"6"	"ASL"
2.13402082410779e-17	1.12080006684358	0.284	0.121	7.81072961831691e-13	"6"	"DARS2"
2.13978774543141e-17	0.76600669203526	0.57	0.332	7.8318371270535e-13	"6"	"PCYT2"
2.32860670236674e-17	0.563496954253484	0.883	0.685	8.52293339133252e-13	"6"	"DTD1"
2.39316792145527e-17	0.87800210545207	0.553	0.335	8.75923390931844e-13	"6"	"POLR3K"
2.42957918403716e-17	0.552934640781018	0.871	0.664	8.8925027714944e-13	"6"	"IMPAD1"
2.5004295977719e-17	0.531741213689214	0.908	0.73	9.15182237080495e-13	"6"	"EXT1"
2.5444422256688e-17	0.885876767577502	0.384	0.188	9.31291299017039e-13	"6"	"GPD2"
2.63434297891754e-17	0.548141164800407	0.84	0.63	9.6419587371361e-13	"6"	"GMPPA"
2.93900287125432e-17	0.67098409635204	0.705	0.459	1.07570444090779e-12	"6"	"CCNQ"
3.21615793136119e-17	0.604179765361437	0.834	0.593	1.17714596445751e-12	"6"	"HMOX2"
3.35022950604865e-17	1.1075028946556	0.347	0.168	1.22621750150887e-12	"6"	"PLA2G15"
3.39665479862881e-17	0.571425088163402	0.834	0.672	1.24320962284613e-12	"6"	"NDUFA9"
3.54835799345705e-17	0.820508280610088	0.501	0.283	1.29873450918521e-12	"6"	"TCHP"
3.55606960798173e-17	1.06466928147084	0.37	0.182	1.30155703721739e-12	"6"	"CEP78"
3.67429563466511e-17	0.534065877490421	0.84	0.619	1.34482894524378e-12	"6"	"KLC1"
3.97344555860296e-17	0.683593677551047	0.762	0.548	1.45432080890427e-12	"6"	"TSR1"
4.14254077987648e-17	0.583064049713851	0.808	0.578	1.51621135084259e-12	"6"	"ACOT9"
4.32321878892319e-17	0.567108157802537	0.871	0.689	1.58234130893378e-12	"6"	"MRPL22"
4.3887586241662e-17	0.530183283722486	0.877	0.691	1.60632954403107e-12	"6"	"BABAM1"
4.58508089595599e-17	0.591097994607137	0.768	0.548	1.67818545872885e-12	"6"	"CCNK"
4.99513867148438e-17	0.615467107531962	0.745	0.524	1.82827070515e-12	"6"	"SLC20A1"
5.17271772676171e-17	0.622968456614925	0.739	0.511	1.89326641517205e-12	"6"	"ARHGAP10"
5.56203752997271e-17	0.540037069274774	0.857	0.696	2.03576135634531e-12	"6"	"IMMT"
5.85152743958814e-17	0.847373019103871	0.504	0.282	2.14171755816365e-12	"6"	"FHOD1"
6.44877968200441e-17	0.509647143567645	0.903	0.749	2.36031785141044e-12	"6"	"PSMD3"
7.04269543273493e-17	0.707975234285901	0.645	0.409	2.57769695533531e-12	"6"	"ERCC2"
7.23171299110731e-17	0.871170299780254	0.708	0.498	2.64687927187519e-12	"6"	"PYGB"
7.36109064312763e-17	0.776598165074563	0.593	0.374	2.69423278629114e-12	"6"	"TBL3"
7.55816957727781e-17	0.706013012897154	0.593	0.352	2.76636564697945e-12	"6"	"TMTC3"
7.82268513444925e-17	0.819875522984205	0.55	0.335	2.86318098605977e-12	"6"	"ARSJ"
7.97947735743783e-17	1.04068529716412	0.404	0.206	2.92056850759582e-12	"6"	"PAK4"
8.98193222859385e-17	0.583894914872259	0.779	0.556	3.28747701498763e-12	"6"	"NABP2"
9.31677447193473e-17	0.778862853691165	0.576	0.348	3.41003262447283e-12	"6"	"CPSF3"
9.54299691026669e-17	0.65811373706953	0.725	0.506	3.49283229912671e-12	"6"	"PXMP2"
9.77768443536951e-17	1.04200285450713	0.358	0.178	3.5787302801896e-12	"6"	"CSTF2"
1.00501705116726e-16	0.993766979663841	0.441	0.244	3.67846290897731e-12	"6"	"TOPBP1"
1.01248129542476e-16	0.932174519758306	0.364	0.175	3.70578278938417e-12	"6"	"GALNT7"
1.0760041438184e-16	0.664051720388198	0.762	0.567	3.93828276678972e-12	"6"	"SHKBP1"
1.09168731882988e-16	0.610104214589092	0.819	0.65	3.99568475564924e-12	"6"	"EMP2"
1.12419196590279e-16	0.701421429659875	0.811	0.606	4.11465501440082e-12	"6"	"HNRNPH1"
1.14719356967402e-16	0.795562781011085	0.521	0.3	4.19884318436387e-12	"6"	"MEAK7"
1.18661027432936e-16	0.768587328187436	0.553	0.329	4.34311226507288e-12	"6"	"RHNO1"
1.23393926986956e-16	0.920686441372951	0.648	0.444	4.51634112164956e-12	"6"	"DNAJB4"
1.24424816913342e-16	0.688700740468761	0.825	0.661	4.55407272384521e-12	"6"	"VEGFC"
1.26088986232568e-16	0.565099269193639	0.799	0.604	4.61498298509821e-12	"6"	"GALNT2"
1.38344004076425e-16	0.883588196224054	0.476	0.27	5.06352889320123e-12	"6"	"MPHOSPH6"
1.47983170494853e-16	0.959205242154343	0.487	0.281	5.4163320232821e-12	"6"	"LBR"
1.73122874776718e-16	0.752982733578295	0.479	0.26	6.33647033970265e-12	"6"	"EDC4"
1.79490652222616e-16	1.31823401802602	0.312	0.147	6.56953736199996e-12	"6"	"C5orf30"
1.80444506935401e-16	0.704445687849133	0.648	0.429	6.60444939834261e-12	"6"	"IPO9"
1.85542690361422e-16	0.744422518837816	0.57	0.347	6.7910480099184e-12	"6"	"NUP50"
1.85848034059413e-16	0.65092889847956	0.699	0.469	6.80222389460858e-12	"6"	"NELFB"
1.9193488294502e-16	0.548934759048832	0.794	0.559	7.02500865067066e-12	"6"	"ORMDL2"
1.93131312269333e-16	1.01812233376829	0.321	0.149	7.06879916036987e-12	"6"	"CPED1"
2.08214680951199e-16	0.91673969976064	0.375	0.185	7.62086553749484e-12	"6"	"DHCR24"
2.18998611031125e-16	0.939418412683238	0.536	0.326	8.0155681623502e-12	"6"	"SMAP2"
2.24841031006987e-16	0.789526909183116	0.562	0.342	8.22940657588672e-12	"6"	"TLCD3A"
2.30107334420694e-16	0.770591121143419	0.596	0.377	8.42215854713182e-12	"6"	"SEH1L"
2.34186604711578e-16	0.931886397111723	0.395	0.202	8.57146391904848e-12	"6"	"USP13"
2.46029685828585e-16	0.813792039132181	0.533	0.323	9.00493253101205e-12	"6"	"TCOF1"
2.55897307209024e-16	0.522096102587329	0.84	0.655	9.36609734115751e-12	"6"	"SF3A1"
2.87289294694899e-16	0.619360260135282	0.725	0.497	1.0515075475128e-11	"6"	"PRKACA"
2.90873452005104e-16	0.971910330411041	0.49	0.289	1.06462592168388e-11	"6"	"NTN4"
2.94883586743427e-16	0.506285604369622	0.897	0.709	1.07930341583962e-11	"6"	"GPS1"
3.38684420949683e-16	0.932996221850588	0.395	0.207	1.23961884911793e-11	"6"	"L3MBTL2"
3.64925959539154e-16	0.562174001478158	0.842	0.644	1.33566550450926e-11	"6"	"SZRD1"
3.70922551278154e-16	0.569747423633485	0.794	0.583	1.35761362993317e-11	"6"	"PFDN6"
3.95817027542934e-16	0.732154349234677	0.65	0.426	1.44872990250989e-11	"6"	"PCYT1A"
4.13092849560541e-16	0.668514952761129	0.676	0.459	1.51196113867654e-11	"6"	"VMA21"
4.22099820756853e-16	0.82624524537076	0.521	0.305	1.54492755395216e-11	"6"	"NET1"
4.36681208869337e-16	0.912819006062428	0.341	0.161	1.59829689258266e-11	"6"	"ATP6V0E2"
4.45970075693011e-16	0.502822509973217	0.908	0.73	1.63229507404399e-11	"6"	"FAM3C"
5.35881655357081e-16	1.35922471704675	0.269	0.12	1.96138044677245e-11	"6"	"HIRIP3"
5.48196969778565e-16	0.739593145211856	0.559	0.343	2.00645572908653e-11	"6"	"RNF26"
5.52339563322531e-16	0.500937775372046	0.834	0.613	2.02161803571679e-11	"6"	"RWDD4"
5.66004875623e-16	0.610168410091733	0.702	0.473	2.07163444526774e-11	"6"	"ECE1"
5.68390152023236e-16	0.566128970684823	0.817	0.593	2.08036479542025e-11	"6"	"CINP"
5.78353084276833e-16	0.596671340180384	0.731	0.512	2.11683012376164e-11	"6"	"HADH"
5.80670607467731e-16	0.686834074386157	0.633	0.417	2.12531249039264e-11	"6"	"UTP18"
5.97999697477995e-16	1.10959245447186	0.479	0.277	2.18873869273921e-11	"6"	"TMEM158"
6.14135936875415e-16	0.805877624678705	0.542	0.328	2.2477989425577e-11	"6"	"C16orf91"
6.16698721401578e-16	0.596179111380795	0.759	0.549	2.25717899020191e-11	"6"	"PMPCA"
6.24584436114748e-16	0.975405945936269	0.347	0.171	2.28604149462359e-11	"6"	"DOT1L"
6.47960719242315e-16	0.537505685194559	0.834	0.647	2.3716010284988e-11	"6"	"VPS4A"
6.56164343409065e-16	0.762107218873871	0.521	0.305	2.40162711331152e-11	"6"	"NACC1"
6.60393433861359e-16	0.62928823129296	0.791	0.61	2.41710600727596e-11	"6"	"NOP56"
6.73223067672796e-16	0.713774476336117	0.653	0.427	2.4640637499892e-11	"6"	"NAAA"
6.80551709236028e-16	0.657199577920112	0.708	0.489	2.49088731097479e-11	"6"	"SLC25A24"
6.83259062449579e-16	0.701026759426977	0.645	0.43	2.5007964944717e-11	"6"	"OGFOD1"
7.01313497760648e-16	0.613936212355054	0.63	0.39	2.56687753315375e-11	"6"	"TLN2"
7.04660598731708e-16	0.745571038798877	0.539	0.319	2.57912825741792e-11	"6"	"DUSP3"
7.12204431841434e-16	0.756211167113852	0.556	0.343	2.60673944098283e-11	"6"	"RPA2"
7.25259429015276e-16	0.911215489271396	0.352	0.175	2.65452203613881e-11	"6"	"NUP188"
7.29377241313577e-16	0.551372729695186	0.848	0.639	2.66959364093182e-11	"6"	"KPNA4"
7.82686805246475e-16	0.513309709897406	0.9	0.773	2.86471197588262e-11	"6"	"DDX21"
8.32975642788308e-16	0.67174251314962	0.593	0.353	3.04877415016949e-11	"6"	"CPT1A"
8.53358240067727e-16	0.76466514517046	0.513	0.297	3.12337649447189e-11	"6"	"SSH2"
8.71899124068324e-16	1.41036759227679	0.258	0.114	3.19123798400247e-11	"6"	"WNK4"
8.90520898241561e-16	0.542678203283672	0.828	0.629	3.25939553965394e-11	"6"	"ERGIC2"
9.0153561074253e-16	0.986619034585781	0.301	0.138	3.29971048887873e-11	"6"	"TJP2"
9.07777200113003e-16	0.93409241094177	0.625	0.409	3.3225553301336e-11	"6"	"MIS18BP1"
9.23790707740363e-16	0.603019340669215	0.788	0.571	3.3811663694005e-11	"6"	"INO80E"
9.665597133498e-16	0.806131904638465	0.456	0.251	3.5377052068316e-11	"6"	"EFL1"
9.75421778724089e-16	0.923067171333046	0.372	0.187	3.57014125230804e-11	"6"	"NIPAL3"
1.00736452395901e-15	0.907171021349357	0.413	0.221	3.68705489414238e-11	"6"	"NUP62"
1.11800563246654e-15	0.71222884578084	0.567	0.35	4.09201241539079e-11	"6"	"NCBP1"
1.25122331066801e-15	0.664331527221293	0.713	0.495	4.57960243937597e-11	"6"	"TARDBP"
1.27072549459734e-15	0.744774093781587	0.576	0.358	4.65098238277572e-11	"6"	"TOR3A"
1.27996709154306e-15	0.906080321848079	0.427	0.233	4.68480755175677e-11	"6"	"TMEM97"
1.30754488658431e-15	0.606025759373025	0.739	0.502	4.78574503938725e-11	"6"	"DUS1L"
1.35172876264604e-15	0.617398968569039	0.731	0.513	4.94746244416077e-11	"6"	"SFXN1"
1.38192020139985e-15	0.537365056294007	0.822	0.62	5.05796612914358e-11	"6"	"PRPF31"
1.51785252325454e-15	0.546246777683781	0.828	0.614	5.55549202036395e-11	"6"	"AKIP1"
1.55621007119643e-15	0.53711471743705	0.857	0.678	5.69588448158604e-11	"6"	"SAR1B"
1.57603448686418e-15	0.549908765003409	0.834	0.643	5.7684438253716e-11	"6"	"RARS"
1.68814845608375e-15	1.0783111561232	0.278	0.124	6.17879216411212e-11	"6"	"PRXL2B"
1.71642837330633e-15	0.726149947560204	0.622	0.412	6.2822994891385e-11	"6"	"EHBP1L1"
1.71686734854512e-15	0.778773594432068	0.433	0.231	6.28390618240999e-11	"6"	"FBXL6"
1.75704563083296e-15	0.509520397162818	0.888	0.748	6.43096271341173e-11	"6"	"EIF2AK4"
1.77925780172427e-15	0.539536247325251	0.865	0.66	6.512261480091e-11	"6"	"PLEKHJ1"
1.80314491566844e-15	0.685664371332099	0.653	0.436	6.59969070583804e-11	"6"	"POFUT1"
1.85355415837282e-15	0.991471375386607	0.309	0.145	6.78419357506036e-11	"6"	"ATRIP"
1.99105020536915e-15	0.666089834297543	0.628	0.398	7.28744285667162e-11	"6"	"RBFA"
1.99969511855167e-15	0.555276981842745	0.794	0.557	7.31908410341097e-11	"6"	"UBE3C"
2.15246906301284e-15	0.718593306473849	0.639	0.419	7.87825201753328e-11	"6"	"GAR1"
2.18295426945891e-15	0.799002401434407	0.421	0.225	7.98983092164654e-11	"6"	"RRP12"
2.23148481226939e-15	0.65972319198405	0.467	0.254	8.16745756138719e-11	"6"	"SLC17A5"
2.42095380470428e-15	1.00512860941987	0.295	0.136	8.86093302059812e-11	"6"	"ADAT1"
2.536695330123e-15	1.03220702906859	0.269	0.119	9.28455857778318e-11	"6"	"SHROOM3"
2.81921943813775e-15	0.800091983025292	0.438	0.241	1.0318625065528e-10	"6"	"CAD"
2.90769196642717e-15	0.803793722187914	0.473	0.267	1.06424433663201e-10	"6"	"MYO5A"
2.99888199969018e-15	0.651901109598302	0.705	0.497	1.0976208007066e-10	"6"	"VKORC1L1"
3.06825382219849e-15	0.935071994383512	0.642	0.464	1.12301158146287e-10	"6"	"USP1"
3.10462037555617e-15	1.22847730296402	0.278	0.13	1.13632210365731e-10	"6"	"TMEM171"
3.19386678808836e-15	0.544414815071227	0.86	0.66	1.16898718310822e-10	"6"	"ACAT1"
3.32745369298367e-15	0.783349887364752	0.579	0.384	1.21788132616895e-10	"6"	"ZMPSTE24"
3.32903368527112e-15	0.98441923795601	0.321	0.154	1.21845961914608e-10	"6"	"HERC3"
3.36031128113967e-15	1.34034085102861	0.269	0.124	1.22990753200993e-10	"6"	"GPAT2"
3.44550258132651e-15	0.827692686995821	0.384	0.196	1.26108839979132e-10	"6"	"ABHD11"
3.62661008815503e-15	1.02126302759087	0.278	0.125	1.32737555836562e-10	"6"	"MPHOSPH9"
3.66255473126241e-15	0.980903253241845	0.327	0.159	1.34053165718936e-10	"6"	"SORD"
3.8032656093114e-15	1.06894519420993	0.436	0.246	1.39203324566406e-10	"6"	"SPRY2"
3.81459726422415e-15	0.55877575935635	0.802	0.621	1.39618074467868e-10	"6"	"IMPDH1"
3.86556367453006e-15	0.797231296135729	0.433	0.234	1.41483496051475e-10	"6"	"TMEM107"
3.89914831189564e-15	0.559353378487963	0.679	0.451	1.42712727363692e-10	"6"	"MPRIP"
3.91355995994796e-15	0.965321098894479	0.57	0.356	1.43240208094055e-10	"6"	"PLAU"
3.99814278622667e-15	0.810688309280141	0.473	0.279	1.46336024118682e-10	"6"	"TTC4"
4.11613025972178e-15	0.726379002322923	0.59	0.373	1.50654483636077e-10	"6"	"GCN1"
4.13734632268162e-15	1.11573214948822	0.37	0.198	1.5143101275647e-10	"6"	"POLD3"
4.19508105779753e-15	0.863625551560505	0.398	0.205	1.53544161796448e-10	"6"	"GON7"
4.21235403353983e-15	0.594531944943885	0.628	0.385	1.54176369981591e-10	"6"	"CRYZ"
4.33781459531824e-15	1.11219378918988	0.341	0.176	1.58768352003243e-10	"6"	"STXBP6"
4.54374790763818e-15	0.540869810112185	0.822	0.666	1.66305717167465e-10	"6"	"LSM6"
4.60279130056096e-15	0.935725019277192	0.284	0.127	1.68466764391832e-10	"6"	"AMDHD2"
4.65388824206759e-15	0.73366819153097	0.547	0.339	1.70336963547916e-10	"6"	"NAA15"
4.75078707886712e-15	0.695205993935667	0.665	0.463	1.73883557873615e-10	"6"	"SACS"
4.76916483231025e-15	0.743756204175023	0.533	0.322	1.74556202027388e-10	"6"	"PUS7L"
4.87109923458396e-15	0.647650115256671	0.605	0.382	1.78287103085008e-10	"6"	"MRPS9"
4.95661923182687e-15	0.553293224076294	0.805	0.623	1.81417220504095e-10	"6"	"MKKS"
4.96310733940874e-15	1.03574636012813	0.255	0.109	1.81654691729699e-10	"6"	"TOE1"
5.15624641520689e-15	1.12991101342891	0.252	0.109	1.88723775042987e-10	"6"	"WRAP53"
5.26351678287769e-15	1.00627439996586	0.281	0.127	1.92649977770106e-10	"6"	"CSMD2"
5.30466958478965e-15	1.15426169471914	0.304	0.148	1.94156211472886e-10	"6"	"TIPIN"
5.36057259190246e-15	0.712773856956458	0.573	0.361	1.96202317436222e-10	"6"	"UMPS"
5.58183606031688e-15	0.514061152942119	0.885	0.744	2.04300781643658e-10	"6"	"MAGOH"
5.77901709074771e-15	0.654015797449144	0.688	0.462	2.11517804538457e-10	"6"	"FTSJ3"
5.98362536618525e-15	0.678544285263441	0.622	0.411	2.19006672027746e-10	"6"	"ABI3BP"
6.14789235089986e-15	0.607445851580867	0.774	0.581	2.25019007935286e-10	"6"	"SLK"
6.35957911892089e-15	0.540644112924197	0.802	0.624	2.32766955331624e-10	"6"	"TXNDC9"
6.41769472879538e-15	0.78367626502786	0.616	0.41	2.3489404476864e-10	"6"	"APC"
6.45697944665808e-15	0.525527114275495	0.822	0.61	2.36331904727132e-10	"6"	"IDH2"
6.48257111920609e-15	0.577237608534398	0.759	0.58	2.37268585534062e-10	"6"	"HSPBP1"
7.00044434780328e-15	0.716983626203172	0.602	0.392	2.56223263573948e-10	"6"	"STK39"
7.09749001069175e-15	0.629978888000697	0.665	0.452	2.59775231881329e-10	"6"	"GMFB"
7.1251397757459e-15	0.808200494247366	0.57	0.381	2.60787240932076e-10	"6"	"SPDL1"
7.22959601893803e-15	0.690372851773348	0.507	0.296	2.64610443889151e-10	"6"	"GATAD2A"
7.71813224543645e-15	0.712909437400117	0.55	0.337	2.8249135831522e-10	"6"	"ARMC6"
7.9064552059994e-15	1.03328058170056	0.278	0.127	2.89384166994784e-10	"6"	"AC016831.1"
8.03485951327975e-15	0.813114140225302	0.381	0.198	2.94083893045552e-10	"6"	"PDE12"
8.18480018623136e-15	0.785996375502588	0.441	0.243	2.99571871616254e-10	"6"	"MAK16"
8.39187118835535e-15	0.619651835516001	0.725	0.509	3.07150877364994e-10	"6"	"EVA1A"
9.10187808183561e-15	0.547788374589157	0.799	0.615	3.33137839673265e-10	"6"	"DHX15"
9.30967867746903e-15	0.525652524644149	0.794	0.595	3.40743549274044e-10	"6"	"SLC25A11"
9.32123893904488e-15	0.623620075198798	0.67	0.451	3.41166666407982e-10	"6"	"HYOU1"
9.38919178492468e-15	0.591180037456665	0.688	0.461	3.43653808520028e-10	"6"	"ADPGK"
9.57558458459294e-15	0.562505286524797	0.983	0.936	3.50475971380686e-10	"6"	"CITED2"
9.8882961476209e-15	0.794766085626011	0.613	0.404	3.61921527299073e-10	"6"	"ERRFI1"
1.04723814488069e-14	0.862289904720051	0.476	0.278	3.8329963340778e-10	"6"	"PDCD11"
1.04854259144396e-14	0.607782044658411	0.788	0.595	3.83777073894403e-10	"6"	"SH2D4A"
1.11255977720607e-14	1.13635373841363	0.304	0.145	4.07208004055195e-10	"6"	"HYLS1"
1.16899098286968e-14	0.974195563218805	0.341	0.17	4.2786238964013e-10	"6"	"KAZN"
1.27015537535451e-14	0.676617827283002	0.605	0.389	4.64889568933505e-10	"6"	"BBS7"
1.2741601676365e-14	0.532615676384545	0.748	0.543	4.66355362956635e-10	"6"	"PPP5C"
1.28994261121953e-14	0.808563352980446	0.361	0.183	4.72131895132461e-10	"6"	"SLC25A13"
1.42989917664036e-14	0.601363350658796	0.688	0.476	5.2335739764214e-10	"6"	"HYAL2"
1.49305980921953e-14	0.622093863705487	0.65	0.427	5.4647482077244e-10	"6"	"PRPS1"
1.62330634965141e-14	0.707211618727956	0.645	0.439	5.94146357035913e-10	"6"	"MED27"
1.70943673616609e-14	0.788956640085093	0.381	0.198	6.25670939804152e-10	"6"	"DNLZ"
1.72946183519293e-14	0.741886348894694	0.436	0.238	6.33000326298966e-10	"6"	"APAF1"
1.77624918706604e-14	0.903263690725378	0.367	0.19	6.50124964958043e-10	"6"	"CLPB"
1.83952113370364e-14	0.524524898660882	0.828	0.665	6.73283130146869e-10	"6"	"IMP4"
1.8531091569907e-14	0.567481312310267	0.825	0.658	6.78256482550167e-10	"6"	"MT1X"
1.9289421199658e-14	0.730832002903662	0.496	0.289	7.06012105328683e-10	"6"	"EXOSC6"
1.952162788283e-14	1.03553589567836	0.298	0.143	7.14511102139459e-10	"6"	"SEMA3B"
2.10682053887255e-14	0.972148238930821	0.298	0.143	7.71117385432742e-10	"6"	"KIAA1841"
2.11866142801442e-14	0.956154925878411	0.479	0.289	7.75451269267558e-10	"6"	"NUP107"
2.16146549949634e-14	0.56770188009137	0.868	0.729	7.91117987470656e-10	"6"	"LTBP1"
2.19477542754666e-14	0.770990810865134	0.51	0.311	8.03309754236354e-10	"6"	"LAS1L"
2.29368711434105e-14	0.537824907453212	0.802	0.6	8.39512420719969e-10	"6"	"GLRX2"
2.38827638490248e-14	0.879615446534146	0.344	0.175	8.74133039638155e-10	"6"	"C6orf132"
2.46076993327509e-14	0.517774496177169	0.802	0.599	9.00666403278017e-10	"6"	"TMEM126A"
2.51260016869392e-14	0.52844660526347	0.808	0.599	9.19636787743661e-10	"6"	"CUL4A"
2.6502520244707e-14	1.03789310860421	0.407	0.231	9.70018743476522e-10	"6"	"MLLT11"
2.72296517308822e-14	0.636128973787252	0.607	0.385	9.96632483002021e-10	"6"	"PLGRKT"
2.79968775173893e-14	0.64840179155403	0.716	0.535	1.02471371401397e-09	"6"	"TCIRG1"
2.83703493762755e-14	0.56149864720483	0.774	0.582	1.03838315752106e-09	"6"	"ASXL1"
2.84071467041121e-14	0.567369731006506	0.759	0.585	1.03972997651721e-09	"6"	"SNRNP40"
2.91621658287224e-14	0.537757777796061	0.802	0.603	1.06736443149707e-09	"6"	"TMEM109"
2.91954199501333e-14	0.807195151294239	0.47	0.278	1.06858156559483e-09	"6"	"BCS1L"
2.92857452243728e-14	0.685169964151182	0.628	0.412	1.07188756095727e-09	"6"	"NIP7"
3.12897890025011e-14	0.868748908555833	0.501	0.304	1.14523756728054e-09	"6"	"CDC25B"
3.23491336971151e-14	0.706026063599804	0.521	0.315	1.18401064244811e-09	"6"	"PDP1"
3.32387608028381e-14	0.804916556911399	0.344	0.17	1.21657188414468e-09	"6"	"CREB5"
3.39739821237265e-14	0.577575160885388	0.731	0.53	1.24348171971051e-09	"6"	"GNL2"
3.42132091960725e-14	0.708058491401709	0.616	0.408	1.25223766978545e-09	"6"	"NMT2"
3.42771983851952e-14	0.6539205957993	0.493	0.286	1.25457973809653e-09	"6"	"LSG1"
3.5402616568175e-14	0.934180637811719	0.433	0.253	1.29577116901177e-09	"6"	"FAM111A"
3.65028423693898e-14	0.963709660718809	0.332	0.171	1.33604053356204e-09	"6"	"CXorf38"
3.81273528136229e-14	0.725579666691599	0.464	0.266	1.39549924033141e-09	"6"	"TTL"
3.95298186545778e-14	0.942408491977375	0.278	0.128	1.4468308925762e-09	"6"	"MIR222HG"
4.00723401950185e-14	0.648857118954538	0.393	0.205	1.46668772347787e-09	"6"	"COL13A1"
4.11113478202287e-14	0.657669938735465	0.713	0.519	1.50471644156819e-09	"6"	"WDR54"
4.11835776823797e-14	0.54786432796563	0.805	0.634	1.50736012675278e-09	"6"	"CDC27"
4.12155538080184e-14	0.546943398283599	0.802	0.612	1.50853048492728e-09	"6"	"ENSA"
4.37428529946541e-14	0.703508821299759	0.447	0.252	1.60103216245733e-09	"6"	"SLC25A16"
4.3758891683754e-14	0.560753437843488	0.748	0.549	1.60161919451708e-09	"6"	"TMX2"
4.48986626813251e-14	0.665019044578455	0.636	0.425	1.64333595279918e-09	"6"	"ENOPH1"
4.49392388805202e-14	0.601186246462202	0.774	0.563	1.64482108226592e-09	"6"	"UCHL3"
4.50357708214067e-14	0.775298633227111	0.424	0.238	1.64835424783431e-09	"6"	"ASB6"
4.54067510827818e-14	0.598427852987875	0.742	0.521	1.6619324963809e-09	"6"	"B4GALT7"
4.65176673857205e-14	0.587001723450125	0.734	0.546	1.70259314398475e-09	"6"	"PRKAR2A"
4.68878118100057e-14	0.659560209594083	0.63	0.42	1.71614080005802e-09	"6"	"NIPSNAP3A"
4.81330104214748e-14	0.700693508461257	0.539	0.336	1.7617163144364e-09	"6"	"PRADC1"
4.81954144615684e-14	0.549039997676952	0.774	0.584	1.76400036470786e-09	"6"	"MRPS25"
4.85391425260538e-14	0.678893139830472	0.61	0.405	1.77658115559609e-09	"6"	"LTV1"
4.88007203173335e-14	0.624773339467289	0.61	0.408	1.78615516433472e-09	"6"	"NOL11"
4.95539404203875e-14	0.599777201351249	0.67	0.438	1.8137237733266e-09	"6"	"NUP37"
5.04958411853259e-14	0.626453644804662	0.722	0.533	1.84819828322411e-09	"6"	"MBOAT2"
5.15654427560846e-14	0.656849847710029	0.539	0.328	1.88734677031545e-09	"6"	"PSPC1"
5.44389397671795e-14	0.842300247276178	0.504	0.302	1.99251963441854e-09	"6"	"NRG1"
5.6945024750627e-14	0.615521391292437	0.63	0.418	2.0842448508977e-09	"6"	"ACTR1B"
5.91081310840745e-14	0.569652020005896	0.759	0.551	2.16341670580821e-09	"6"	"SMAD3"
6.16554461588282e-14	0.692336189802513	0.53	0.32	2.25665098485927e-09	"6"	"RPIA"
6.40065262086852e-14	0.560590216714097	0.785	0.629	2.34270286576409e-09	"6"	"MRPL15"
6.49397943635266e-14	0.539977916659885	0.774	0.549	2.37686141349944e-09	"6"	"MRPL58"
6.53598786616882e-14	0.800520501809361	0.415	0.23	2.39223691889645e-09	"6"	"MIRLET7BHG"
6.60353542559203e-14	0.786786083620502	0.413	0.227	2.41696000112094e-09	"6"	"LRWD1"
6.68379175907787e-14	0.520240551943712	0.842	0.702	2.44633462174009e-09	"6"	"MTHFD1L"
6.80133420725329e-14	0.675099686742791	0.447	0.248	2.48935633319678e-09	"6"	"GATB"
7.18065600903555e-14	0.804269623618781	0.404	0.218	2.6281919058671e-09	"6"	"NRM"
7.27193994688982e-14	0.668766568050962	0.711	0.51	2.66160273996114e-09	"6"	"MAPRE1"
7.47208072288307e-14	0.677256559607012	0.553	0.34	2.73485626538243e-09	"6"	"HCFC1"
8.2784027837957e-14	0.529204977289059	0.736	0.532	3.02997820289707e-09	"6"	"TFAM"
8.37037581818564e-14	0.735977983050847	0.573	0.366	3.06364125321413e-09	"6"	"MTA2"
8.40162096414633e-14	1.03838219248764	0.266	0.123	3.0750772890872e-09	"6"	"SFXN5"
8.88236450775733e-14	0.657841833602795	0.679	0.484	3.25103423348426e-09	"6"	"PPT1"
1.06425053255034e-13	0.627147022386408	0.682	0.47	3.89526337418749e-09	"6"	"PPAN"
1.12366070200842e-13	0.598703632086335	0.639	0.415	4.11271053542101e-09	"6"	"TRNAU1AP"
1.14144394358774e-13	0.608782225961701	0.659	0.436	4.17779897792548e-09	"6"	"USP39"
1.15752072404565e-13	0.677817092495556	0.556	0.344	4.23664160207947e-09	"6"	"ODF2"
1.22451357519523e-13	0.510434232913692	0.854	0.728	4.48184213657208e-09	"6"	"PSMC1"
1.26341830043529e-13	0.625852726529284	0.734	0.534	4.62423732142322e-09	"6"	"SNRNP25"
1.28029959539802e-13	0.734909901928928	0.421	0.234	4.68602454911629e-09	"6"	"MAGI1"
1.28509474361151e-13	0.667816586864696	0.613	0.418	4.70357527109249e-09	"6"	"BMS1"
1.31331721457635e-13	0.78117719730553	0.533	0.33	4.80687233707092e-09	"6"	"DAG1"
1.34689906110467e-13	0.988123314052614	0.398	0.224	4.92978525354921e-09	"6"	"G2E3"
1.41283494669732e-13	0.64298474591134	0.547	0.339	5.17111718840686e-09	"6"	"CDC42EP4"
1.45814698099103e-13	0.546614880262131	0.702	0.515	5.33696376512526e-09	"6"	"COLGALT1"
1.47502498438896e-13	0.803334553957272	0.467	0.274	5.39873894536205e-09	"6"	"DHX38"
1.48115237286869e-13	0.702756175949304	0.461	0.264	5.42116579993669e-09	"6"	"HAND2"
1.49765867766786e-13	0.524322965554206	0.774	0.625	5.48158052613214e-09	"6"	"PTS"
1.50934727019131e-13	0.587416290398113	0.665	0.454	5.52436194362722e-09	"6"	"UTRN"
1.52275688217716e-13	0.625060066112392	0.61	0.402	5.57344246445663e-09	"6"	"FASN"
1.57214751413357e-13	0.791149477262968	0.639	0.452	5.75421711648027e-09	"6"	"VSIR"
1.57621098776716e-13	0.592615104106345	0.645	0.422	5.76908983632657e-09	"6"	"PACSIN2"
1.58517441038008e-13	0.50149221161302	0.819	0.625	5.80189685943214e-09	"6"	"CD2BP2"
1.58569451909448e-13	0.93458293556545	0.292	0.139	5.80380050933771e-09	"6"	"DCAF1"
1.59538343671709e-13	0.924351951747993	0.364	0.198	5.83926291672823e-09	"6"	"PPAT"
1.652131932336e-13	0.78141559708674	0.312	0.152	6.046968085543e-09	"6"	"B3GLCT"
1.74261353593421e-13	0.669573201192873	0.602	0.401	6.37813980287282e-09	"6"	"PMVK"
1.79980502050098e-13	0.574066135181246	0.633	0.402	6.58746635553564e-09	"6"	"ASPSCR1"
1.85398342225862e-13	0.564265733730619	0.682	0.468	6.78576472380877e-09	"6"	"MRPL50"
1.88022474766722e-13	0.997671185693988	0.335	0.177	6.88181059893678e-09	"6"	"INO80C"
1.91393221267415e-13	0.630019249091472	0.668	0.467	7.00518329160864e-09	"6"	"PRMT5"
1.99704126013735e-13	0.689833667834752	0.625	0.408	7.30937071622873e-09	"6"	"TIMM22"
2.04389081475753e-13	0.513037144302507	0.771	0.574	7.48084477109403e-09	"6"	"GLTP"
2.05242331693772e-13	0.641018107929861	0.607	0.388	7.51207458232375e-09	"6"	"ERLIN2"
2.1005025979868e-13	0.61582493002008	0.837	0.712	7.68804955889147e-09	"6"	"MAT2A"
2.16218409384357e-13	0.561135163498042	0.748	0.549	7.91381000187686e-09	"6"	"CHTOP"
2.1979433491357e-13	0.532834281970094	0.794	0.598	8.04469245217156e-09	"6"	"B3GAT3"
2.36118773540813e-13	0.501972082777648	0.711	0.484	8.64218323036729e-09	"6"	"GREM2"
2.5256006185179e-13	0.604173237115793	0.696	0.484	9.24395082383738e-09	"6"	"ITPRID2"
2.57587850541434e-13	0.561253419655255	0.748	0.575	9.42797291766704e-09	"6"	"MAPKAP1"
2.60700225047243e-13	0.626150555186924	0.61	0.399	9.54188893695416e-09	"6"	"ZC3H18"
2.7807996000831e-13	0.71089034086589	0.47	0.271	1.01780046162641e-08	"6"	"NFATC2IP"
2.80933805577986e-13	0.576486539191374	0.656	0.43	1.02824582179599e-08	"6"	"LYPLA2"
2.83511075044139e-13	0.680040068456004	0.421	0.236	1.03767888576905e-08	"6"	"PGM2"
2.92445222238313e-13	0.934490934260953	0.258	0.119	1.07037875791445e-08	"6"	"TRERF1"
2.97132717099277e-13	0.790257267970711	0.458	0.275	1.08753545785506e-08	"6"	"STK10"
3.10671543734384e-13	0.628410432559313	0.636	0.423	1.13708891722222e-08	"6"	"CANT1"
3.2489164539693e-13	0.604220611273223	0.63	0.412	1.1891359113173e-08	"6"	"NOL9"
3.4816119001364e-13	0.851940526528482	0.527	0.345	1.27430477156892e-08	"6"	"SNHG3"
3.60417979347593e-13	0.612832497522843	0.725	0.537	1.31916584621013e-08	"6"	"SLC35B1"
3.73603137395262e-13	0.937637380174695	0.301	0.15	1.3674248431804e-08	"6"	"NOL6"
4.18677328603418e-13	0.516543481193651	0.808	0.634	1.53240089042137e-08	"6"	"GALK1"
4.25107055665e-13	0.618627269674351	0.731	0.578	1.55593433443947e-08	"6"	"XPO1"
4.26818768982892e-13	0.513470456264809	0.88	0.702	1.56219937635428e-08	"6"	"ADAMTS1"
4.43041290978026e-13	0.597713616379063	0.685	0.477	1.62157542910867e-08	"6"	"BCL2L1"
4.53750912171349e-13	0.80182623764323	0.332	0.17	1.66077371363836e-08	"6"	"ZW10"
4.53953309380345e-13	0.678165035749761	0.493	0.297	1.661514507663e-08	"6"	"PAK1IP1"
4.54323768752604e-13	0.597115676853151	0.771	0.595	1.66287042601141e-08	"6"	"TES"
4.66070685612729e-13	0.733783971822977	0.458	0.27	1.70586531641115e-08	"6"	"HMCES"
5.07439002453823e-13	0.693727760435734	0.507	0.313	1.85727749288124e-08	"6"	"C3orf14"
5.17925079648339e-13	0.619438884572338	0.639	0.417	1.89565758402088e-08	"6"	"EFTUD2"
5.34424462758841e-13	0.58313501939145	0.713	0.516	1.95604697614363e-08	"6"	"ERAL1"
5.57757411142826e-13	0.868654356684011	0.381	0.213	2.04144790052386e-08	"6"	"GJC1"
5.75146504307641e-13	0.68666969601998	0.458	0.264	2.1050937204164e-08	"6"	"PRORP"
5.8943808210557e-13	0.806527267259199	0.387	0.212	2.1574023243146e-08	"6"	"TTLL12"
6.11666520564199e-13	0.515020762711774	0.759	0.557	2.23876063191703e-08	"6"	"PBDC1"
6.37458644343996e-13	0.638367567987848	0.496	0.296	2.33316238416346e-08	"6"	"GNA11"
6.58737455575885e-13	0.803964816305951	0.384	0.211	2.4110449611533e-08	"6"	"AKAP8"
6.63882360368059e-13	0.795123364896613	0.407	0.232	2.42987582718313e-08	"6"	"YEATS4"
6.6847039485148e-13	0.794348551887365	0.404	0.225	2.4466684921959e-08	"6"	"EIPR1"
6.72953049130063e-13	0.601437027958688	0.519	0.318	2.46307545512094e-08	"6"	"DNAJC11"
6.93027472588596e-13	0.720611911702374	0.582	0.384	2.53654985242152e-08	"6"	"TARBP2"
7.07789921020604e-13	0.688061081799867	0.567	0.367	2.59058188992751e-08	"6"	"PHF6"
7.23342798101554e-13	0.676970084242385	0.562	0.367	2.6475069753315e-08	"6"	"NUDCD1"
7.2459242444018e-13	0.644187049504501	0.602	0.401	2.6520807326935e-08	"6"	"TBRG4"
7.6460507818866e-13	0.608068554725786	0.576	0.365	2.79853104667832e-08	"6"	"CHD1L"
7.99113653542723e-13	0.687003005212729	0.585	0.381	2.92483588333172e-08	"6"	"CNOT9"
8.12076225645991e-13	0.874040197708364	0.567	0.381	2.97228019348689e-08	"6"	"SERINC2"
8.43877078935464e-13	0.551524150517045	0.602	0.388	3.08867449661169e-08	"6"	"TMA16"
8.5538373689256e-13	0.651877484441026	0.542	0.349	3.13079001540046e-08	"6"	"EEF2KMT"
8.7407662134347e-13	0.679853775670914	0.633	0.442	3.19920784177924e-08	"6"	"NIN"
8.83431954399642e-13	0.533782461219198	0.688	0.469	3.23344929629813e-08	"6"	"RAE1"
8.84889738130826e-13	0.643057391213617	0.479	0.286	3.23878493053264e-08	"6"	"KATNAL1"
8.86741326644836e-13	0.879086599795113	0.361	0.195	3.24556192965276e-08	"6"	"GLE1"
8.93289142654473e-13	0.933573164893568	0.275	0.132	3.26952759102964e-08	"6"	"DHRS4L2"
1.00535115809563e-12	0.62013883044072	0.622	0.413	3.67968577374582e-08	"6"	"PIEZO1"
1.02506813507654e-12	0.838788512540502	0.324	0.167	3.75185188119363e-08	"6"	"MFHAS1"
1.03629905868225e-12	0.568777533503233	0.739	0.542	3.7929581846829e-08	"6"	"PON2"
1.05462428821808e-12	1.20856107644591	0.281	0.138	3.86003035730701e-08	"6"	"S100A2"
1.09155089503605e-12	0.612854306297775	0.567	0.367	3.99518543092145e-08	"6"	"RBM28"
1.15104025898127e-12	0.557987112258638	0.725	0.535	4.21292245189735e-08	"6"	"ZDHHC16"
1.16250268043167e-12	0.787891484387466	0.415	0.239	4.25487606064795e-08	"6"	"SGMS2"
1.24415048908765e-12	0.513985994979119	0.771	0.57	4.5537152051097e-08	"6"	"MRPS14"
1.28150234931975e-12	0.699112601510947	0.401	0.218	4.69042674874521e-08	"6"	"STK17B"
1.28769162734925e-12	0.641709416659674	0.61	0.409	4.71308012526098e-08	"6"	"POLR2D"
1.3067624404052e-12	0.63272182029592	0.616	0.414	4.78288120812708e-08	"6"	"C1GALT1C1"
1.32595068861108e-12	0.638349342894061	0.602	0.42	4.85311211538542e-08	"6"	"CCDC167"
1.41369408890137e-12	0.871727199906869	0.281	0.137	5.17426173478791e-08	"6"	"ATOH8"
1.41588317892792e-12	0.80440358925691	0.43	0.254	5.18227402319407e-08	"6"	"CASP8AP2"
1.41771953662695e-12	0.58412927531408	0.585	0.373	5.18899527600828e-08	"6"	"ECD"
1.42659380682969e-12	0.787469951903967	0.284	0.136	5.22147599237736e-08	"6"	"JADE2"
1.53146122386216e-12	0.521355270392909	0.734	0.533	5.60530122545791e-08	"6"	"POLR3H"
1.56428744552619e-12	0.614637737585073	0.501	0.298	5.72544847937042e-08	"6"	"RFK"
1.59630799034246e-12	0.655231498196357	0.602	0.406	5.84264687545244e-08	"6"	"RRP1"
1.61098888911197e-12	0.774830240033208	0.539	0.362	5.89638043303874e-08	"6"	"SMTN"
1.64302095676224e-12	0.833419714470826	0.521	0.344	6.01362100384547e-08	"6"	"TRPV2"
1.68458758556174e-12	0.869898037814571	0.341	0.183	6.16575902191452e-08	"6"	"FOXRED1"
1.71820284317611e-12	0.799214145689012	0.332	0.171	6.28879422630889e-08	"6"	"RAB30-DT"
1.75618337355215e-12	0.570435809930143	0.479	0.282	6.42780676553822e-08	"6"	"SVIL"
1.85732393972584e-12	0.534876521874501	0.751	0.577	6.79799135179056e-08	"6"	"DNM2"
1.90501110380997e-12	0.731482909042299	0.395	0.22	6.97253114105487e-08	"6"	"NOM1"
1.91156784606127e-12	0.731141952401591	0.493	0.311	6.99652947336885e-08	"6"	"PRPF4"
1.93341849286325e-12	0.818508104358879	0.332	0.176	7.07650502572879e-08	"6"	"HGH1"
1.99973015830788e-12	0.513414691387133	0.782	0.594	7.31921235242267e-08	"6"	"GYG1"
2.06256480069046e-12	0.63500746449922	0.57	0.364	7.54919342700715e-08	"6"	"UBP1"
2.13957444776014e-12	0.752044442222401	0.427	0.25	7.83105643624689e-08	"6"	"TRMT6"
2.14820425656263e-12	0.628919581195187	0.648	0.449	7.86264239944487e-08	"6"	"WBP11"
2.15091675370821e-12	0.54775904029079	0.659	0.45	7.87257041024742e-08	"6"	"GTF2F2"
2.15987548462569e-12	0.687421131470688	0.496	0.296	7.90536026127849e-08	"6"	"PNPT1"
2.28373349392506e-12	0.728554482515985	0.375	0.206	8.35869296111513e-08	"6"	"ANKS6"
2.36930952993206e-12	0.678295291367392	0.533	0.341	8.67190981050433e-08	"6"	"KHSRP"
2.42655028322229e-12	0.778946357261862	0.433	0.25	8.8814166916219e-08	"6"	"FGFR1OP"
2.55585980925072e-12	0.890818388286359	0.307	0.157	9.35470248783857e-08	"6"	"ZDHHC2"
2.55703520986248e-12	0.620262786627151	0.659	0.479	9.35900457161767e-08	"6"	"AAAS"
2.7474359210432e-12	0.602645168791836	0.662	0.471	1.00558902146102e-07	"6"	"CYB561"
2.85289762852315e-12	0.785640821708132	0.327	0.169	1.04418906101576e-07	"6"	"RNGTT"
3.1944503628553e-12	0.62878155289005	0.599	0.402	1.16920077730867e-07	"6"	"IPO4"
3.1963867930802e-12	0.555054703813222	0.774	0.623	1.16990953013528e-07	"6"	"GMPS"
3.22944771887844e-12	0.867074858323226	0.481	0.318	1.1820101595867e-07	"6"	"ARL6IP6"
3.40099130320531e-12	0.806536917905798	0.298	0.149	1.24479682688618e-07	"6"	"CARD10"
3.56340046836476e-12	0.782582161650483	0.304	0.154	1.30424020542619e-07	"6"	"QTRT2"
3.59753695637053e-12	0.528296521665284	0.768	0.601	1.31673450140118e-07	"6"	"LYPLA1"
3.90672976104169e-12	0.502975159839094	0.679	0.457	1.42990215983887e-07	"6"	"CHORDC1"
3.92343626152913e-12	0.546469839768863	0.556	0.344	1.43601690608228e-07	"6"	"DGKZ"
3.95363011727278e-12	0.598064176057655	0.47	0.277	1.44706815922301e-07	"6"	"SPR"
4.40401025249644e-12	0.543037325106642	0.673	0.481	1.61191179251622e-07	"6"	"KPNA1"
4.5566691931857e-12	0.664669326610851	0.636	0.456	1.6677864913979e-07	"6"	"RBBP8"
4.75219442096738e-12	0.668087439334151	0.645	0.461	1.73935068001827e-07	"6"	"ZDHHC12"
4.77479200662018e-12	0.619597404203883	0.65	0.442	1.74762162234305e-07	"6"	"MRPL39"
5.16920221115969e-12	0.648061240053438	0.573	0.386	1.89197970130656e-07	"6"	"PELP1"
5.27024931467063e-12	0.500131367231317	0.788	0.63	1.9289639516626e-07	"6"	"M6PR"
5.31352406181365e-12	0.655857597404825	0.564	0.368	1.94480294186441e-07	"6"	"GEMIN6"
5.38161903057591e-12	0.678708309107643	0.453	0.279	1.96972638138109e-07	"6"	"ARPIN"
5.43131335277111e-12	0.525430415548363	0.817	0.635	1.98791500024775e-07	"6"	"DCAF13"
5.46869655951719e-12	0.594895433977895	0.461	0.273	2.00159762774889e-07	"6"	"TBC1D1"
5.52652085523173e-12	0.591386492332693	0.705	0.513	2.02276189822336e-07	"6"	"FKBP4"
5.78321770836723e-12	0.721070875753076	0.413	0.238	2.11671551343949e-07	"6"	"USP12"
5.83690007091143e-12	0.53972681953905	0.622	0.42	2.13636379495429e-07	"6"	"CAMK1"
5.9891230913357e-12	0.593632924390401	0.682	0.489	2.19207894265978e-07	"6"	"PAGR1"
6.13202360828896e-12	0.549698593323032	0.868	0.713	2.24438196086984e-07	"6"	"ATP2B1"
6.22286982582698e-12	0.652816843194273	0.456	0.268	2.27763258495093e-07	"6"	"RPP40"
6.48455798610631e-12	1.0108558112002	0.261	0.128	2.37341306849477e-07	"6"	"PCBD2"
6.56445645120668e-12	0.619744601119608	0.49	0.3	2.40265670570616e-07	"6"	"PHKG2"
6.61963722225975e-12	0.847086693566992	0.301	0.155	2.42285341971929e-07	"6"	"SELENOI"
6.68885064814594e-12	0.613251416107526	0.553	0.358	2.44818622572789e-07	"6"	"ERCC6"
6.92119874997032e-12	0.541616281275613	0.673	0.49	2.53322795447664e-07	"6"	"GLOD4"
6.95980562663578e-12	0.808140132747101	0.327	0.17	2.54735845740496e-07	"6"	"C9orf116"
7.16377372251353e-12	0.616864327639741	0.484	0.293	2.62201282017718e-07	"6"	"ALDH16A1"
7.88578724678757e-12	0.517063256111487	0.748	0.569	2.88627699019672e-07	"6"	"TAF6"
7.9392709062303e-12	0.836548688434087	0.381	0.216	2.90585254438935e-07	"6"	"SMIM13"
8.55117103631531e-12	0.753627629837403	0.341	0.184	3.12981411100177e-07	"6"	"PPM1F"
8.75688665318052e-12	0.547686333868168	0.759	0.566	3.2051080839306e-07	"6"	"CD276"
8.83542868758148e-12	0.605577631876094	0.665	0.505	3.2338552539417e-07	"6"	"TPRKB"
8.91953783401924e-12	0.571315821537765	0.662	0.478	3.26464004262938e-07	"6"	"CNDP2"
9.0112981224961e-12	0.588761666771452	0.719	0.525	3.2982252258148e-07	"6"	"NELFCD"
9.29961067281071e-12	0.579228540920261	0.559	0.363	3.40375050235545e-07	"6"	"BRCC3"
9.4891102100489e-12	0.639719759325839	0.521	0.321	3.47310922798e-07	"6"	"NOC4L"
9.51089379662716e-12	0.641613170695797	0.458	0.277	3.4810822385035e-07	"6"	"PRPS2"
9.54356657947356e-12	0.724728679002526	0.35	0.19	3.49304080375312e-07	"6"	"RPUSD2"
9.73058632753649e-12	0.685941884962577	0.51	0.322	3.56149190174163e-07	"6"	"CD58"
1.01712957780011e-11	0.930356224715606	0.264	0.13	3.7227959677062e-07	"6"	"SCLY"
1.0294180767543e-11	0.554495723322505	0.616	0.412	3.76777310272842e-07	"6"	"POMZP3"
1.03747890373804e-11	0.612642045461044	0.587	0.399	3.79727653557159e-07	"6"	"RPGRIP1L"
1.0397867845101e-11	0.679915841463854	0.315	0.158	3.8057236099854e-07	"6"	"UBXN11"
1.05106821745344e-11	0.535859633731044	0.673	0.467	3.84701478270133e-07	"6"	"TCTN3"
1.08952632339439e-11	0.500242392187531	0.682	0.489	3.98777529625581e-07	"6"	"SMIM12"
1.09519847682680e-11	0.589715871103471	0.559	0.356	4.00853594503379e-07	"6"	"NOL10"
1.11994498008691e-11	0.871419066718418	0.272	0.134	4.09911062161611e-07	"6"	"CAMKMT"
1.12973966663817e-11	0.833237092325005	0.378	0.216	4.13496015386238e-07	"6"	"SLF2"
1.16428937948578e-11	0.524940002963869	0.673	0.47	4.2614155578559e-07	"6"	"TACO1"
1.2166823294614e-11	0.62179303752128	0.553	0.364	4.45317899406166e-07	"6"	"DNAJA3"
1.25353987652231e-11	0.598491361645308	0.544	0.351	4.58808130205932e-07	"6"	"POMGNT1"
1.2743796321084e-11	0.711851955911321	0.436	0.257	4.66435689147996e-07	"6"	"GTF2H2"
1.28188462427088e-11	0.777062410768534	0.375	0.21	4.69182591329385e-07	"6"	"SAAL1"
1.2863200380354e-11	0.813753827663751	0.361	0.202	4.70805997121336e-07	"6"	"IPO11"
1.3160093332956e-11	0.521513914660706	0.696	0.477	4.81672576079523e-07	"6"	"ZDHHC7"
1.31660576968183e-11	0.631610523665963	0.696	0.527	4.81890877761245e-07	"6"	"RNF126"
1.3429313394894e-11	0.512856493810112	0.719	0.511	4.91526299566515e-07	"6"	"CHCHD7"
1.37850810507787e-11	0.635589559241236	0.401	0.229	5.0454775153955e-07	"6"	"GPATCH11"
1.58102405045547e-11	0.606023961487659	0.65	0.449	5.78670612707208e-07	"6"	"COA1"
1.76500338276092e-11	0.521424469508089	0.519	0.319	6.46008888124326e-07	"6"	"RAB35"
1.79523150923932e-11	0.615127347084321	0.395	0.222	6.57072684696684e-07	"6"	"TFB1M"
1.91390827724975e-11	0.684489676122029	0.418	0.244	7.00509568556182e-07	"6"	"MRM3"
2.02889884477984e-11	0.60961746479907	0.616	0.456	7.42597266177871e-07	"6"	"SLC7A1"
2.10556971654647e-11	0.531795901690391	0.668	0.476	7.70659571953175e-07	"6"	"HLTF"
2.13180718898564e-11	0.632653202634351	0.501	0.313	7.80262749240636e-07	"6"	"NAGA"
2.14653320925934e-11	0.588323166752818	0.593	0.393	7.85652619921013e-07	"6"	"TM7SF3"
2.17957829418602e-11	0.552536966876283	0.49	0.299	7.97747451455026e-07	"6"	"SIPA1L1"
2.21392393092206e-11	0.53067036311805	0.759	0.594	8.10318297956784e-07	"6"	"CS"
2.26126505648145e-11	0.533194467364182	0.665	0.469	8.27645623322777e-07	"6"	"CHAMP1"
2.30424371877615e-11	0.630773831515032	0.544	0.355	8.43376243509258e-07	"6"	"PIGX"
2.33018026480361e-11	0.604084182806247	0.628	0.432	8.52869278720768e-07	"6"	"SPRYD7"
2.3815312427516e-11	0.683226466133382	0.484	0.298	8.71664250159514e-07	"6"	"WDR55"
2.39583931567621e-11	0.520507578003255	0.665	0.469	8.76901147930651e-07	"6"	"RABGEF1"
2.52466940218908e-11	0.589264614773943	0.53	0.337	9.24054247895224e-07	"6"	"METTL2B"
2.73058579140494e-11	0.583260047549685	0.587	0.399	9.99421705512123e-07	"6"	"R3HDM1"
2.73500578998774e-11	0.547378455486114	0.582	0.384	1.00103946919341e-06	"6"	"SLC35A2"
2.96241523530653e-11	0.740757104676401	0.487	0.312	1.08427360027454e-06	"6"	"CENPB"
3.12693571835035e-11	0.583829181591588	0.519	0.334	1.14448974227341e-06	"6"	"NOMO2"
3.17724197721904e-11	0.867716501115823	0.281	0.142	1.16290233608194e-06	"6"	"HAUS3"
3.35435624333158e-11	0.613305163569341	0.453	0.272	1.22772792862179e-06	"6"	"MFN2"
3.37758714087827e-11	0.586971950832474	0.587	0.391	1.23623066943286e-06	"6"	"PIP4K2A"
3.38967868522011e-11	0.769924048036553	0.355	0.195	1.24065629557741e-06	"6"	"SOGA1"
3.44316265731049e-11	0.810187111678217	0.318	0.172	1.26023196420221e-06	"6"	"TAOK2"
3.59976430032147e-11	0.879697681020099	0.324	0.178	1.31754973156066e-06	"6"	"PARP2"
3.62128357052265e-11	0.669003232873764	0.341	0.185	1.325425999647e-06	"6"	"TUBGCP3"
3.73970880256327e-11	0.62468620441548	0.516	0.336	1.36877081882618e-06	"6"	"DPP3"
3.81728535494343e-11	0.525742882687364	0.696	0.505	1.39716461276284e-06	"6"	"MRGPRF"
4.11124864661527e-11	0.574122517497081	0.55	0.369	1.50475811714766e-06	"6"	"TIMM21"
4.22932405161028e-11	0.609381970758446	0.51	0.315	1.54797489612988e-06	"6"	"SEC23B"
4.28566201706262e-11	0.534235438954887	0.817	0.686	1.56859515486509e-06	"6"	"ASAP1"
4.33563283404579e-11	0.546279178155334	0.645	0.451	1.5868849735891e-06	"6"	"IKBKG"
4.45440887335063e-11	0.655974414782296	0.421	0.248	1.63035819173506e-06	"6"	"LINC00467"
4.4865615370171e-11	0.508525660902576	0.585	0.379	1.64212638816363e-06	"6"	"HAUS4"
4.87819977436142e-11	0.662969097071836	0.367	0.207	1.78546989941402e-06	"6"	"PINX1"
5.24340558633086e-11	0.898727076259516	0.252	0.126	1.91913887865296e-06	"6"	"SLC27A4"
5.65546887270811e-11	0.568936986528424	0.688	0.492	2.0699581620999e-06	"6"	"GART"
5.74562046718566e-11	0.539745567402156	0.559	0.373	2.10295454719462e-06	"6"	"ITGA4"
5.92039263414058e-11	0.5031451360643	0.699	0.495	2.16692290802179e-06	"6"	"NOP14"
5.94634102244051e-11	0.629166724065334	0.395	0.223	2.17642027762345e-06	"6"	"CDK5RAP1"
5.95393664055487e-11	0.618128925807807	0.57	0.379	2.17920034980949e-06	"6"	"GCAT"
5.96615541947632e-11	0.753996881488986	0.404	0.244	2.18367254508253e-06	"6"	"ZFPM2"
6.19048428729986e-11	0.819595775250646	0.281	0.145	2.26577915399462e-06	"6"	"FAM86C1"
6.62323206623681e-11	0.546392372137617	0.642	0.456	2.42416916856334e-06	"6"	"PDCL3"
6.70073065378206e-11	0.684011740075774	0.464	0.287	2.45253442659077e-06	"6"	"TRAK1"
6.98414756136497e-11	0.642991560794298	0.456	0.277	2.55626784893519e-06	"6"	"ZMYND8"
7.16440957261689e-11	0.567790187641507	0.53	0.34	2.62224554767351e-06	"6"	"ABL2"
7.16498012324512e-11	0.57879370437284	0.685	0.48	2.62245437490895e-06	"6"	"NXT1"
7.48820931417203e-11	0.643361436496045	0.444	0.264	2.7407594910801e-06	"6"	"HAUS2"
7.82293796254058e-11	0.823752106298221	0.43	0.273	2.86327352366948e-06	"6"	"EMC9"
8.19008914571965e-11	0.765250412705961	0.344	0.193	2.99765452822485e-06	"6"	"KLHL18"
8.46331136279571e-11	0.57877234425239	0.57	0.376	3.09765659189686e-06	"6"	"PCCB"
8.55101976373026e-11	0.682524828950128	0.404	0.239	3.12975874372291e-06	"6"	"PUS1"
8.69944005901134e-11	0.520317349415232	0.524	0.339	3.18408205599874e-06	"6"	"SLC25A4"
8.96942859025882e-11	0.666061156462491	0.536	0.356	3.28290055832063e-06	"6"	"MBD3"
8.99224038524774e-11	0.637286912841493	0.438	0.267	3.29124990340452e-06	"6"	"CAPRIN2"
9.11686157158504e-11	0.613257173585229	0.605	0.424	3.33686250381584e-06	"6"	"HAUS1"
9.20074762589607e-11	0.663088130031493	0.433	0.267	3.36756563855422e-06	"6"	"RBM19"
9.32204228400708e-11	0.675829766458703	0.39	0.23	3.41196069636943e-06	"6"	"NFKBIB"
9.76663969519453e-11	0.556352373987552	0.559	0.365	3.57468779483815e-06	"6"	"RBM10"
1.00603916954963e-10	0.557612202613773	0.585	0.397	3.68220396446859e-06	"6"	"IDH3A"
1.015438132657e-10	0.797317146784013	0.358	0.208	3.71660510933789e-06	"6"	"DCAF15"
1.04753915361742e-10	0.523022747932991	0.602	0.395	3.83409805615511e-06	"6"	"FAM216A"
1.05463183488271e-10	0.575880895890795	0.499	0.306	3.86005797885421e-06	"6"	"POGLUT2"
1.10604865927006e-10	0.61795945663265	0.504	0.331	4.04824869779434e-06	"6"	"PRKCA"
1.12389576629502e-10	0.604580910459619	0.479	0.299	4.11357089421641e-06	"6"	"SRFBP1"
1.12595948934139e-10	0.690503942169146	0.37	0.209	4.12112432693843e-06	"6"	"SIRT7"
1.25916938020024e-10	0.565935671057925	0.65	0.48	4.6086858484709e-06	"6"	"RPP30"
1.35218601307634e-10	0.898786093274659	0.539	0.382	4.94913602646072e-06	"6"	"SRGN"
1.36866289982665e-10	0.570903011734902	0.57	0.38	5.00944307965551e-06	"6"	"BICD2"
1.40044104491827e-10	0.527697942982407	0.458	0.276	5.12575426850536e-06	"6"	"GPKOW"
1.40297938768311e-10	0.542653982314623	0.593	0.397	5.13504485685893e-06	"6"	"HEATR1"
1.41444467950725e-10	0.718115981035372	0.762	0.606	5.17700897146448e-06	"6"	"CTSC"
1.44634976606711e-10	0.650635268104073	0.384	0.226	5.29378477878223e-06	"6"	"ITPK1"
1.48074568696982e-10	0.534003434826184	0.547	0.362	5.41967728887825e-06	"6"	"C1orf35"
1.4835203181767e-10	0.540477234751164	0.544	0.351	5.42983271655855e-06	"6"	"MTRF1L"
1.54735322380576e-10	0.501071817077181	0.542	0.348	5.66346753445145e-06	"6"	"RPAP3"
1.60008039845279e-10	0.563609952627962	0.55	0.371	5.85645426637706e-06	"6"	"SEC11C"
1.63798590006404e-10	0.527673519304062	0.628	0.431	5.99519219282441e-06	"6"	"SLC4A1AP"
1.75302056882761e-10	0.7157424007052	0.438	0.275	6.41623058396593e-06	"6"	"RFT1"
1.81871634040441e-10	0.697229424553115	0.524	0.355	6.65668367751417e-06	"6"	"SLC5A3"
1.89854904351116e-10	0.535145745466889	0.544	0.363	6.9488793541552e-06	"6"	"GALNT10"
1.97729263661999e-10	0.607212908207776	0.819	0.709	7.23708877929282e-06	"6"	"LINC01133"
2.00307229301707e-10	0.54471472767914	0.553	0.367	7.33144489967178e-06	"6"	"DDX23"
2.08069949780524e-10	0.513690278370488	0.628	0.443	7.61556823191696e-06	"6"	"FAHD2A"
2.23515368481785e-10	0.542188540966757	0.636	0.448	8.1808860018018e-06	"6"	"TFPI"
2.3125487564206e-10	0.54237541499133	0.582	0.38	8.46415970337504e-06	"6"	"METTL17"
2.3382029854807e-10	0.682430846008542	0.536	0.382	8.55805674715792e-06	"6"	"TNXB"
2.3608006985152e-10	0.671612253113181	0.539	0.363	8.64076663663549e-06	"6"	"ACD"
2.38238302003848e-10	0.641966637825439	0.387	0.224	8.71976009164284e-06	"6"	"AGK"
2.63726362334962e-10	0.677054241929581	0.395	0.231	9.65264858782193e-06	"6"	"METTL3"
2.75017613877724e-10	0.618399241566795	0.315	0.17	1.00659196855386e-05	"6"	"UTP15"
2.95115659112139e-10	0.561588298889816	0.619	0.433	1.08015282391634e-05	"6"	"CMSS1"
3.02984998072937e-10	0.525934628680105	0.705	0.529	1.10895539144676e-05	"6"	"SUZ12"
3.1799630570648e-10	0.629402968932061	0.427	0.263	1.16389827851629e-05	"6"	"ARSK"
3.49694153088082e-10	0.720710698014969	0.59	0.421	1.27991556971769e-05	"6"	"ZMYND19"
3.6615653751043e-10	0.638408769724898	0.347	0.194	1.34016954294192e-05	"6"	"SPOUT1"
3.86799330312453e-10	0.66210131067066	0.57	0.403	1.41572422887661e-05	"6"	"SAP30"
4.11239830971389e-10	0.570761916609094	0.613	0.443	1.50517890533838e-05	"6"	"AP1S2"
4.17637460336188e-10	0.525405848241467	0.619	0.429	1.52859486857648e-05	"6"	"NUP98"
4.22349274713313e-10	0.539717479831782	0.527	0.351	1.5458405803782e-05	"6"	"SUGP2"
4.47588139569562e-10	0.578982821727425	0.542	0.361	1.63821734963855e-05	"6"	"CPPED1"
4.69451413186079e-10	0.804208317707098	0.355	0.208	1.71823911740237e-05	"6"	"PI4K2B"
4.77826877673222e-10	0.693971474902122	0.338	0.191	1.74889415497176e-05	"6"	"CEP83"
4.89440206307149e-10	0.598961963749491	0.413	0.252	1.7914000991048e-05	"6"	"NAT10"
4.93251735252408e-10	0.827862427944886	0.307	0.171	1.80535067619734e-05	"6"	"HAPLN3"
4.99539198580465e-10	0.552022314526412	0.516	0.339	1.82836342072436e-05	"6"	"INTS1"
5.15472092698477e-10	0.517031136943186	0.593	0.396	1.8866794064857e-05	"6"	"AIFM1"
5.20949779783977e-10	0.517107856266702	0.438	0.263	1.90672828898733e-05	"6"	"EIF3C"
5.56209108499256e-10	0.508297052880015	0.67	0.485	2.03578095801813e-05	"6"	"FAF1"
5.7141054483513e-10	0.657046003168562	0.364	0.213	2.09141973515106e-05	"6"	"IQCE"
6.1008705731655e-10	0.717097365810672	0.35	0.202	2.2329796384843e-05	"6"	"PRKAR1B"
6.12491726888618e-10	0.755584680493898	0.315	0.176	2.24178096958503e-05	"6"	"OSBPL11"
6.36211281803194e-10	0.598672850146828	0.51	0.342	2.32859691252787e-05	"6"	"UBA6"
6.80994798435109e-10	0.50095332072398	0.736	0.537	2.49250906175234e-05	"6"	"MRPS28"
7.16235158301551e-10	0.729871809019347	0.447	0.297	2.62149230289951e-05	"6"	"LETM1"
7.20726564259553e-10	0.557507355686316	0.501	0.322	2.63793129784639e-05	"6"	"MRPL1"
7.4257185666523e-10	0.533148258589599	0.602	0.419	2.71788725258041e-05	"6"	"RCC1L"
7.63116110296554e-10	0.501024356436283	0.57	0.384	2.79308127529642e-05	"6"	"MEMO1"
7.70276800874466e-10	0.569996000473425	0.413	0.247	2.81929011888063e-05	"6"	"INIP"
7.78609945078736e-10	0.570424293891168	0.493	0.323	2.84979025998268e-05	"6"	"GBP3"
8.26400609414339e-10	0.688979792847412	0.352	0.202	3.02470887051742e-05	"6"	"ACAP3"
8.54405699757627e-10	0.638575475992611	0.415	0.259	3.12721030168289e-05	"6"	"SLFN11"
8.72232195140048e-10	0.56412964705431	0.513	0.334	3.19245705743209e-05	"6"	"ACAD9"
8.79914488928269e-10	0.692699189177121	0.304	0.165	3.22057502092636e-05	"6"	"EFCAB11"
9.19160999166673e-10	0.551058484106293	0.567	0.395	3.36422117304994e-05	"6"	"IFI27L1"
9.26255698747362e-10	0.581556654574599	0.264	0.134	3.39018848298522e-05	"6"	"LIN54"
9.41481340690117e-10	0.644252381650859	0.384	0.229	3.4459158550599e-05	"6"	"MTOR"
9.62774285597554e-10	0.666619840661793	0.272	0.142	3.52385016271561e-05	"6"	"DUSP10"
9.96855878438075e-10	0.619329020350639	0.453	0.292	3.6485922006712e-05	"6"	"MTERF3"
1.00768444532171e-09	0.766729962264979	0.266	0.142	3.68822583832198e-05	"6"	"PPP2R1B"
1.04494588477504e-09	0.577708709512666	0.421	0.26	3.82460643286511e-05	"6"	"ELP4"
1.06415862946096e-09	0.603925755880133	0.458	0.29	3.89492699969006e-05	"6"	"CCAR2"
1.08227414670492e-09	0.802935083570218	0.261	0.136	3.96123160435469e-05	"6"	"CLUH"
1.10994281553844e-09	0.554759118888914	0.616	0.423	4.06250169915225e-05	"6"	"CCDC58"
1.11760139103854e-09	0.532587278405106	0.464	0.295	4.09053285134014e-05	"6"	"PRPF3"
1.13386242980836e-09	0.533061235438289	0.536	0.369	4.15004987934159e-05	"6"	"POM121"
1.14722521472707e-09	0.51273797992146	0.556	0.379	4.19895900842256e-05	"6"	"MCM3AP"
1.15961422555851e-09	0.520490610717383	0.444	0.267	4.2443040269667e-05	"6"	"SPRYD4"
1.18273946464553e-09	0.515766177752021	0.513	0.342	4.32894471454911e-05	"6"	"COMMD10"
1.22039875618415e-09	0.593689334953809	0.438	0.269	4.4667814875096e-05	"6"	"RINT1"
1.23440693896272e-09	0.901001834160959	0.278	0.152	4.51805283729745e-05	"6"	"SLC9A3R1"
1.254493966304e-09	0.801800479814942	0.252	0.13	4.59157336606926e-05	"6"	"SLC25A44"
1.26220999270482e-09	0.569359187532179	0.501	0.339	4.61981479429891e-05	"6"	"U2AF1L5"
1.29142211783923e-09	0.639938317575807	0.605	0.452	4.72673409350338e-05	"6"	"MSH6"
1.33487464266781e-09	0.612666621542518	0.404	0.246	4.88577467962845e-05	"6"	"POLRMT"
1.45385526199858e-09	0.502436572294381	0.656	0.483	5.32125564444102e-05	"6"	"NUP54"
1.49787375110761e-09	0.573299958190211	0.556	0.382	5.48236771642897e-05	"6"	"TCF3"
1.69845379565183e-09	0.55776387365611	0.63	0.47	6.21651073746527e-05	"6"	"MGAT2"
1.78134697387427e-09	0.658270202646626	0.378	0.231	6.51990805907722e-05	"6"	"MICALL1"
1.84061981926048e-09	0.635963754722519	0.364	0.213	6.73685260047529e-05	"6"	"CCDC9"
1.8562669760358e-09	0.541930569393322	0.384	0.23	6.79412275898862e-05	"6"	"STAMBPL1"
1.88351413666152e-09	0.52357646988768	0.49	0.312	6.89385009159483e-05	"6"	"EIF2B5"
1.96615286501475e-09	0.749836150793437	0.321	0.183	7.19631610124049e-05	"6"	"CCHCR1"
2.04955042202746e-09	0.783851100143776	0.269	0.147	7.50155949966269e-05	"6"	"CHST3"
2.07609568033818e-09	0.624815881246191	0.59	0.423	7.59871779960578e-05	"6"	"SYT11"
2.10178915166754e-09	0.857767612141161	0.281	0.154	7.69275847401836e-05	"6"	"SLC12A6"
2.32645806644757e-09	0.55985549608058	0.553	0.379	8.51506916900474e-05	"6"	"MAVS"
2.34668932043575e-09	0.6523133864529	0.444	0.278	8.58911758172688e-05	"6"	"HACD2"
2.35906241805592e-09	0.704695637347651	0.421	0.271	8.63440435632647e-05	"6"	"TRIM59"
2.35979420413238e-09	0.650878797104644	0.384	0.232	8.63708276654494e-05	"6"	"LINC01605"
2.63845819808441e-09	0.503223966474798	0.605	0.409	9.65702085080874e-05	"6"	"RHOT2"
2.65360015692521e-09	0.584589782201615	0.37	0.217	9.71244193436195e-05	"6"	"BIN3"
2.72658905297249e-09	0.506822588806891	0.628	0.46	9.9795885927846e-05	"6"	"C1orf174"
2.7853410115113e-09	0.511411473188869	0.464	0.3	0.000101946266362325	"6"	"XPO6"
2.8407005914702e-09	0.600630933291201	0.438	0.278	0.000103972482348401	"6"	"SLC1A1"
2.87776199050553e-09	0.523051022946157	0.318	0.176	0.000105328966614493	"6"	"PLEKHG4"
3.05084734260866e-09	0.811632053497737	0.264	0.142	0.00011166406358682	"6"	"DDX51"
3.08389344788633e-09	0.501117853880243	0.622	0.461	0.000112873584086088	"6"	"MRPL46"
3.2201422437989e-09	0.578898061528085	0.481	0.32	0.000117860426265283	"6"	"DHDDS"
3.27247520148983e-09	0.699007980346312	0.361	0.219	0.000119775864849729	"6"	"MPV17L2"
3.31501968881777e-09	0.5634045770039	0.384	0.235	0.000121333035630419	"6"	"PRPSAP2"
3.52161553085647e-09	0.674273771035084	0.418	0.269	0.000128894650044878	"6"	"BYSL"
3.5522445343498e-09	0.671183234878256	0.496	0.336	0.000130015702201737	"6"	"RRP9"
3.67563997773565e-09	0.765419004033613	0.358	0.214	0.000134532098825102	"6"	"KIAA0586"
4.0191260767634e-09	0.706901367983357	0.384	0.243	0.000147104033535617	"6"	"RNASEH1-AS1"
4.0254531557599e-09	0.884988884516043	0.261	0.14	0.000147335610953968	"6"	"NUDT6"
4.26082411609429e-09	0.816025376931902	0.278	0.155	0.000155950423473167	"6"	"TMEM131L"
4.28878234494756e-09	0.514042478429884	0.642	0.471	0.000156973722607426	"6"	"TMEM200A"
4.30496276649345e-09	0.669884223885985	0.923	0.921	0.000157565942216427	"6"	"IGFBP3"
4.42157756564449e-09	0.593862107534289	0.438	0.28	0.000161834160480154	"6"	"FAM98B"
4.626089302437e-09	0.505689385252821	0.51	0.341	0.000169319494558497	"6"	"SAMD9"
4.76245381201733e-09	0.6478966689742	0.43	0.273	0.000174310571973646	"6"	"GRK6"
5.39293194087145e-09	0.545097674306153	0.315	0.177	0.000197386701967836	"6"	"TAF9B"
5.95639463963743e-09	0.569549983467569	0.444	0.284	0.00021801000020537	"6"	"MDN1"
6.34319050015736e-09	0.557875700288622	0.404	0.253	0.00023216711549626	"6"	"AGAP3"
6.71387292212906e-09	0.621825906869697	0.395	0.245	0.000245734462822846	"6"	"DNAJC5"
6.85393669813348e-09	0.55538790100751	0.487	0.321	0.000250860937088383	"6"	"PNO1"
6.91363686716465e-09	0.693242639533782	0.381	0.236	0.000253046022975093	"6"	"GUF1"
7.18689557670461e-09	0.627876661058338	0.401	0.253	0.000263047565002965	"6"	"SCLT1"
7.41506879729243e-09	0.604015009753126	0.375	0.224	0.0002713989330497	"6"	"ELP1"
7.48009329250651e-09	0.564210142178665	0.484	0.318	0.000273778894599031	"6"	"ABHD10"
7.55730832565547e-09	0.631355894251623	0.261	0.142	0.000276605042027316	"6"	"MBP"
7.68641002064769e-09	0.531952458997226	0.487	0.324	0.000281330293165726	"6"	"ZADH2"
7.9270821582681e-09	0.657847617913549	0.407	0.258	0.000290139134074771	"6"	"RMND5B"
7.95053781288847e-09	0.535723535276686	0.438	0.275	0.000290997634489531	"6"	"ZDHHC8"
7.96472127395039e-09	0.754125576720319	0.261	0.142	0.000291516763347858	"6"	"CEP295"
8.73339115280795e-09	0.613045154855108	0.467	0.306	0.000319650849583924	"6"	"PURB"
8.89555945732567e-09	0.524638857932159	0.493	0.322	0.000325586371697577	"6"	"TMEM199"
9.05530791704006e-09	0.576816564286454	0.479	0.313	0.000331433325071583	"6"	"NSUN5"
9.32578533788701e-09	0.726909527112616	0.292	0.166	0.000341333069152003	"6"	"DOP1B"
9.34231752819712e-09	0.519315129801858	0.496	0.329	0.000341938163849543	"6"	"PUSL1"
9.75811832142449e-09	0.687830992088476	0.327	0.193	0.000357156888682458	"6"	"CD3EAP"
9.8685713920705e-09	0.500172846651462	0.424	0.266	0.000361199581521173	"6"	"GSKIP"
9.89725556390971e-09	0.660704610879992	0.395	0.247	0.000362249450894659	"6"	"TRMT61A"
1.0271720633543e-08	0.55892360991924	0.378	0.231	0.000375955246908309	"6"	"GFM2"
1.03238256346063e-08	0.506170182833475	0.556	0.389	0.000377862342052227	"6"	"CTDSPL"
1.06910271860953e-08	0.50371154733773	0.421	0.264	0.000391302286038276	"6"	"PUS7"
1.1861779633729e-08	0.54320780933136	0.49	0.335	0.000434152996374115	"6"	"TSC22D2"
1.2475923875485e-08	0.715777659127682	0.275	0.152	0.000456631289766626	"6"	"ETS2"
1.2515295883065e-08	0.579140165692758	0.421	0.27	0.000458072344616063	"6"	"TERF2"
1.27234202085887e-08	0.593813738290007	0.307	0.175	0.000465689903054554	"6"	"PSMG3-AS1"
1.28627296354941e-08	0.568622518840423	0.344	0.204	0.000470788767388721	"6"	"SHLD2"
1.30223850403475e-08	0.883869791922566	0.307	0.181	0.000476632314861759	"6"	"MRE11"
1.3165357712175e-08	0.679260582868968	0.321	0.186	0.000481865257623317	"6"	"DVL1"
1.32124186097176e-08	0.644314364221244	0.321	0.189	0.000483587733534272	"6"	"PNPO"
1.32227519729686e-08	0.532042453869166	0.476	0.317	0.000483965944962623	"6"	"DLAT"
1.33779817466123e-08	0.518512247658447	0.499	0.329	0.000489647509907756	"6"	"FAM171A1"
1.34226737112038e-08	0.657408887259477	0.57	0.412	0.000491283280503769	"6"	"ANKH"
1.35267050922536e-08	0.642615316721331	0.327	0.193	0.000495090933081574	"6"	"DHX33"
1.37744534209764e-08	0.736032627792981	0.278	0.155	0.000504158769661157	"6"	"TARS2"
1.46805902683663e-08	0.591902641391302	0.421	0.272	0.000537324284412477	"6"	"METTL2A"
1.54870228715729e-08	0.65113214913796	0.281	0.158	0.000566840524122438	"6"	"CAPN15"
1.55693503830928e-08	0.664073205884509	0.358	0.214	0.000569853793371581	"6"	"STIM2"
1.56430906032162e-08	0.549066880146319	0.582	0.424	0.000572552759168316	"6"	"MCMBP"
1.60227789499504e-08	0.512711487960197	0.307	0.171	0.000586449732347135	"6"	"FAM217B"
1.62308483622563e-08	0.534099925101605	0.438	0.285	0.000594065280906942	"6"	"EIF5A2"
1.63150618605858e-08	0.513977233182118	0.593	0.429	0.000597147579159301	"6"	"RIOK1"
1.65964100119032e-08	1.23462150115046	0.825	0.735	0.00060744520284567	"6"	"ARL6IP1"
1.71170405720469e-08	0.592931187679514	0.441	0.285	0.00062650080197749	"6"	"TOR1B"
1.71969914660198e-08	0.661706885770247	0.338	0.205	0.00062942708464779	"6"	"GEMIN4"
1.81285809017608e-08	0.648968947388094	0.418	0.273	0.000663524189585348	"6"	"FMNL2"
1.84235851005175e-08	0.506144653935754	0.576	0.413	0.00067432163826404	"6"	"ME2"
1.87039108951508e-08	0.522595699008088	0.55	0.387	0.000684581842673414	"6"	"PITX2"
2.09007416277231e-08	0.664827843624809	0.281	0.158	0.000764988044316292	"6"	"CEP192"
2.10785113396295e-08	0.534056734873345	0.332	0.196	0.000771494593541781	"6"	"STOML1"
2.1298441183654e-08	0.513922705236515	0.395	0.245	0.00077954424576292	"6"	"NUP160"
2.14940216551683e-08	0.589450854927969	0.327	0.196	0.000786702686600815	"6"	"SRD5A1"
2.21311201538729e-08	0.603248868110509	0.487	0.342	0.000810021128751902	"6"	"GAS2L1"
2.23706362165466e-08	0.516028195731937	0.37	0.222	0.000818787656161821	"6"	"MON1A"
2.24634335483722e-08	0.764618879378556	0.284	0.163	0.000822184131303972	"6"	"SLC25A20"
2.35982319470679e-08	0.514000931038204	0.367	0.22	0.000863718887494634	"6"	"BUD13"
2.42469264346432e-08	0.721507469280349	0.321	0.189	0.000887461754434377	"6"	"NUP85"
2.51052824616525e-08	0.59990469682752	0.41	0.262	0.000918878443378942	"6"	"DIP2A"
2.53449325354399e-08	0.632841749152766	0.309	0.182	0.000927649875729635	"6"	"SUFU"
2.61011259697147e-08	0.513909440923195	0.487	0.331	0.000955327311617526	"6"	"GFM1"
2.63291552711164e-08	0.735679410173002	0.307	0.18	0.000963673412078131	"6"	"INPP5F"
2.65787098154132e-08	0.710372570777299	0.287	0.166	0.000972807357953938	"6"	"PIGU"
2.69955765454255e-08	0.668208373512249	0.304	0.179	0.000988065097139121	"6"	"FRMD8"
2.74711506946836e-08	0.893568297224486	0.507	0.371	0.00100547158657611	"6"	"HIST1H1C"
2.76558064105533e-08	0.747943837058681	0.307	0.183	0.00101223017043266	"6"	"MTFP1"
2.83166398767993e-08	0.540681397132277	0.384	0.236	0.00103641733613073	"6"	"NAF1"
2.87361974167516e-08	0.607383038692165	0.438	0.294	0.00105177356165053	"6"	"PCNT"
2.91274179011505e-08	0.594872519538361	0.387	0.241	0.00106609262260001	"6"	"MAP3K6"
2.95263721585652e-08	0.666689817188398	0.269	0.152	0.00108069474737564	"6"	"RMI1"
2.99709183405065e-08	0.556525946517083	0.395	0.248	0.00109696558218088	"6"	"ARRDC1"
3.03712351958495e-08	0.511211278163318	0.433	0.28	0.00111161757940329	"6"	"ENTPD4"
3.11891906276857e-08	0.590364813724312	0.372	0.23	0.00114155556616393	"6"	"GEMIN5"
3.19882495505061e-08	0.620187280816214	0.304	0.176	0.00117080192179807	"6"	"EARS2"
3.23295414474248e-08	0.671558882546466	0.332	0.2	0.00118329354651719	"6"	"HPS5"
3.29953669150765e-08	0.556933973883604	0.344	0.207	0.00120766342445871	"6"	"EXOC2"
3.36215846018924e-08	0.645188815639764	0.404	0.255	0.00123058361801386	"6"	"TAMM41"
3.59235204177027e-08	0.536373124727576	0.458	0.298	0.00131483677080833	"6"	"MTFR1"
3.63042189271247e-08	0.605133306254172	0.264	0.146	0.00132877071695169	"6"	"NUP43"
3.70932938568018e-08	0.608150731240845	0.318	0.19	0.0013576516484528	"6"	"HEATR3"
4.17114956527095e-08	0.730211589271181	0.266	0.152	0.00152668245238482	"6"	"CCP110"
4.86430505362e-08	0.584913335321491	0.327	0.199	0.00178038429267546	"6"	"RANBP6"
4.90858542709496e-08	0.516298078300295	0.61	0.452	0.00179659135217102	"6"	"LARP4"
5.36051926234124e-08	0.521665550339227	0.433	0.284	0.00196200365520952	"6"	"PSME4"
5.46575886602681e-08	0.602644311176481	0.269	0.153	0.00200052240255447	"6"	"KHDRBS3"
5.71055541422872e-08	0.537398992783192	0.407	0.258	0.00209012038716185	"6"	"FAM20B"
5.8697794683025e-08	0.67332505616545	0.295	0.172	0.0021483979831934	"6"	"ULBP2"
6.26436064559161e-08	0.560124863526148	0.413	0.27	0.00229281863989298	"6"	"SP140L"
6.27073014313712e-08	0.523041058820378	0.461	0.309	0.00229514993968962	"6"	"METTL1"
6.47406002196126e-08	0.607887526025065	0.298	0.175	0.00236957070863804	"6"	"STBD1"
7.01049268607834e-08	0.771408091617804	0.255	0.146	0.00256591042803153	"6"	"NDUFAF5"
7.09290428300278e-08	0.505091505932676	0.57	0.408	0.00259607389662185	"6"	"ENDOG"
7.33106683028496e-08	0.552786894823722	0.487	0.335	0.0026832437705526	"6"	"MED25"
8.11463051169818e-08	0.71627328869187	0.298	0.18	0.00297003591358665	"6"	"TANGO6"
8.15680090059623e-08	0.545073819768886	0.398	0.263	0.00298547069762723	"6"	"GXYLT1"
8.92242972076189e-08	0.509734425523025	0.404	0.262	0.00326569850209606	"6"	"C2orf88"
9.1348632324843e-08	0.518490714288899	0.375	0.234	0.00334345129172158	"6"	"MED24"
9.48852946301385e-08	0.523271843256878	0.444	0.3	0.0034728966687577	"6"	"SLC35A4"
9.59179232620538e-08	0.543916387840547	0.407	0.264	0.00351069190931443	"6"	"ZBTB45"
9.92576370828844e-08	0.507555024172408	0.404	0.257	0.00363292877487065	"6"	"ALKBH6"
1.01596799697855e-07	0.654072783704398	0.413	0.276	0.00371854446574118	"6"	"LRRC8A"
1.0303526667796e-07	0.522957920501118	0.427	0.282	0.00377119379568	"6"	"CMTM7"
1.03350398518314e-07	0.665910873409038	0.272	0.157	0.00378272793616881	"6"	"EHD3"
1.09931384312212e-07	0.587012320927635	0.352	0.22	0.00402359859721129	"6"	"COA7"
1.12469860840466e-07	0.654707482088598	0.284	0.166	0.00411650937662188	"6"	"RPAP1"
1.14783066839057e-07	0.869776030005145	0.295	0.18	0.00420117502937632	"6"	"HTRA3"
1.16881870634696e-07	0.509877264567843	0.539	0.382	0.00427799334710051	"6"	"CABIN1"
1.20783479429761e-07	0.588658840503784	0.352	0.215	0.00442079613060868	"6"	"MTHFD2L"
1.24813685950507e-07	0.574672249553344	0.278	0.157	0.00456830571947451	"6"	"MIPEP"
1.25139769124692e-07	0.680068861481848	0.252	0.144	0.00458024068973286	"6"	"SH3BP5L"
1.28301749453715e-07	0.653740813684801	0.507	0.392	0.00469597233175542	"6"	"U2AF1"
1.33621939952319e-07	0.54095166599447	0.447	0.302	0.00489069662419484	"6"	"GPR180"
1.41542698359144e-07	0.894523070058221	0.255	0.148	0.00518060430264301	"6"	"HRCT1"
1.48368226202257e-07	0.677016963447184	0.269	0.155	0.00543042544722881	"6"	"RIOX1"
1.49568690872676e-07	0.519964355514147	0.407	0.264	0.00547436365463081	"6"	"SMG9"
1.56451126517236e-07	0.613838730097708	0.493	0.357	0.00572626768165736	"6"	"PPRC1"
1.58989935533322e-07	0.512189613375905	0.407	0.263	0.00581919063045512	"6"	"C15orf41"
1.60314338957682e-07	0.632707406256702	0.324	0.201	0.00586766512019013	"6"	"KIAA1549L"
1.73324150354251e-07	0.763033572226942	0.327	0.207	0.00634383722711593	"6"	"SERTAD4-AS1"
1.85233986858727e-07	0.502909858352911	0.41	0.268	0.00677974915301627	"6"	"EEF1AKNMT"
1.85603590528593e-07	0.501332456788384	0.387	0.249	0.00679327701693704	"6"	"PRTFDC1"
1.88977792315614e-07	0.533498062985398	0.295	0.174	0.0069167761765438	"6"	"LMAN2L"
1.91841240060015e-07	0.604790180818789	0.415	0.274	0.00702158122743659	"6"	"PRR7"
2.01247609129606e-07	0.578643325799374	0.387	0.251	0.00736586374175272	"6"	"EXOG"
2.22033552969779e-07	0.603913919315757	0.335	0.207	0.00812665007224688	"6"	"ARRDC1-AS1"
2.22048330530562e-07	0.573172721697176	0.35	0.22	0.00812719094574911	"6"	"RNF138"
2.22618043763579e-07	0.513790196102653	0.37	0.231	0.00814804301979077	"6"	"OGFOD2"
2.60479567196486e-07	0.758683461651085	0.255	0.15	0.00953381263895858	"6"	"ZC3H4"
2.62686663678814e-07	0.724666701153522	0.292	0.178	0.00961459457730827	"6"	"LIG3"
2.73924638019443e-07	1.28154581244956	0.292	0.184	0.0100259156761496	"6"	"CDKN2D"
3.0920333066107e-07	0.537263864044991	0.355	0.226	0.0113171511055258	"6"	"SLC7A6OS"
3.10018041330751e-07	0.512905892645339	0.519	0.375	0.0113469703307468	"6"	"HABP4"
3.15632547258772e-07	0.538040149234633	0.338	0.21	0.0115524668622183	"6"	"STIMATE"
3.28745268108716e-07	0.505829618117286	0.415	0.274	0.0120324055580471	"6"	"ZC3HC1"
3.35009569020682e-07	0.516577769726387	0.275	0.16	0.012261685235726	"6"	"MAGI3"
3.77220921968664e-07	0.529922304815607	0.447	0.307	0.0138066629649751	"6"	"UBL4A"
3.85513142868499e-07	0.606034886003609	0.315	0.195	0.0141101665421299	"6"	"KATNB1"
4.0756876157295e-07	0.50675259938821	0.33	0.205	0.0149174242423315	"6"	"GM2A"
4.44993177813894e-07	0.555447457219537	0.355	0.227	0.0162871953011663	"6"	"LOXL1-AS1"
4.49465259040154e-07	0.631148656089654	0.287	0.175	0.0164508779461287	"6"	"XYLT2"
4.66066283754976e-07	0.576782007667718	0.33	0.206	0.0170584920517159	"6"	"FBXO45"
5.37607934943284e-07	0.525929753175908	0.427	0.3	0.0196769880268591	"6"	"UTP25"
5.53319437491195e-07	0.51669668192018	0.258	0.148	0.0202520447316152	"6"	"RCL1"
6.20431007015673e-07	0.525799433990522	0.367	0.238	0.0227083952877806	"6"	"BPHL"
6.56082376996852e-07	0.582563027495993	0.341	0.216	0.0240132710804618	"6"	"TLNRD1"
6.83413799223539e-07	0.618948025498304	0.278	0.168	0.0250136284653807	"6"	"C16orf95"
7.55586091859187e-07	0.540460490727912	0.364	0.24	0.0276552065481381	"6"	"POLR3A"
7.91914653479486e-07	0.589530981716077	0.261	0.154	0.0289848682320027	"6"	"REXO1"
7.98114187088828e-07	0.585329735955912	0.278	0.17	0.0292117773616382	"6"	"SH2B3"
8.57762147939879e-07	0.506551927045523	0.395	0.265	0.0313949523767475	"6"	"IMPA1"
8.76812721173302e-07	0.655902690692615	0.309	0.195	0.032092222407664	"6"	"SYNE3"
9.26522318854429e-07	0.619030551880963	0.312	0.198	0.033911643392391	"6"	"KDM1B"
9.72270587706405e-07	0.641761577502765	0.35	0.228	0.0355860757806421	"6"	"GSTT2B"
9.78652831966834e-07	0.520275111339281	0.347	0.22	0.0358196723028181	"6"	"SRR"
9.95970197216666e-07	0.541093128486948	0.453	0.316	0.0364535051883272	"6"	"WDR12"
1.11686713631766e-06	0.534546140871949	0.278	0.168	0.0408784540563628	"6"	"SEC14L2"
1.14462918520898e-06	0.63988012740553	0.381	0.261	0.0418945728078338	"6"	"CEP250"
1.19275757529843e-06	0.505151243309568	0.318	0.198	0.0436561200134979	"6"	"NUP88"
1.21571309426746e-06	0.517458846007735	0.347	0.222	0.0444963149632831	"6"	"NCOA5"
1.25802244463416e-06	0.507409672235481	0.309	0.191	0.0460448794960551	"6"	"HSD17B1"
1.29559577944439e-06	0.500320483933563	0.381	0.253	0.047420101123444	"6"	"GTF2H4"
1.43136909407593e-06	0.506799390782662	0.258	0.151	0.052389540212273	"6"	"DGKH"
1.46285421106285e-06	0.510261354729817	0.264	0.155	0.0535419269791114	"6"	"MTMR12"
1.49498975857878e-06	0.507294478822187	0.318	0.199	0.054718120153742	"6"	"BOLA2"
1.55026541965271e-06	1.10763915765007	0.659	0.536	0.0567412646247089	"6"	"HIST1H1E"
1.56227549642854e-06	0.500956969791294	0.378	0.252	0.0571808454447811	"6"	"TRMT61B"
1.67965078690447e-06	0.555361329229666	0.269	0.162	0.0614768984514904	"6"	"OPA3"
1.81381129036892e-06	0.63043574985384	0.321	0.207	0.0663873070387929	"6"	"IFIT3"
2.10831996140053e-06	0.558005634890805	0.272	0.166	0.077166618907221	"6"	"PRKCD"
2.21031304286211e-06	0.516974653869209	0.312	0.197	0.0808996676817959	"6"	"ABR"
2.30512848590121e-06	0.580223098104957	0.266	0.162	0.0843700077124701	"6"	"SUOX"
2.31513035978914e-06	0.559869948524715	0.309	0.2	0.0847360862986423	"6"	"EIF1AD"
2.31657365346867e-06	0.576008550467693	0.281	0.174	0.0847889122906068	"6"	"TIGD5"
2.39127830011783e-06	1.68769554202336	0.974	0.952	0.0875231770626127	"6"	"HIST1H4C"
2.75690660338609e-06	0.596842391446442	0.418	0.295	0.100905538590534	"6"	"PPARG"
2.79624229294551e-06	0.52136900669084	0.415	0.287	0.102345264164099	"6"	"PKNOX1"
2.89841518339416e-06	0.515629883368105	0.258	0.155	0.106084894127409	"6"	"MKS1"
2.91607168474512e-06	0.511876191308852	0.364	0.237	0.106731139733356	"6"	"NPRL3"
2.95313504278833e-06	0.578024090318519	0.387	0.258	0.108087695701096	"6"	"PUDP"
3.04722284714481e-06	0.540788618390943	0.395	0.274	0.111531403428347	"6"	"XPO5"
3.12742183617754e-06	0.502136506609578	0.378	0.254	0.114466766625934	"6"	"RITA1"
3.12843460166263e-06	0.51198265838605	0.261	0.158	0.114503834855454	"6"	"CA5B"
3.15872197247329e-06	0.509617207542682	0.645	0.507	0.115612382914495	"6"	"DSP"
3.40109665163233e-06	0.800288116558761	0.347	0.236	0.124483538546395	"6"	"LINC01119"
3.49368910431358e-06	0.598884527346314	0.352	0.236	0.127872514906981	"6"	"LIN7A"
3.71997561740478e-06	0.527550610119101	0.318	0.201	0.136154827572633	"6"	"TBC1D9"
3.94318873097351e-06	0.607326876958951	0.266	0.165	0.144324650742362	"6"	"CEP135"
3.95550857300753e-06	0.513354471091592	0.332	0.217	0.144775569280648	"6"	"DNAL1"
4.11211771296025e-06	0.523403834063083	0.275	0.17	0.150507620412058	"6"	"B9D2"
4.2750359192989e-06	0.600262837989312	0.375	0.256	0.156470589682259	"6"	"HACL1"
4.47387171120714e-06	0.536486034837834	0.266	0.163	0.163748178501892	"6"	"TFAP4"
4.80305024137431e-06	0.551956394530291	0.324	0.211	0.175796441884541	"6"	"MICAL3"
5.05538339602127e-06	0.517187681534783	0.309	0.197	0.185032087677775	"6"	"METTL27"
5.86612212121172e-06	0.538274464921256	0.255	0.156	0.21470593575847	"6"	"SIX2"
7.06794097249551e-06	0.514023154718519	0.272	0.17	0.258693707534308	"6"	"PXN-AS1"
8.33362469719535e-06	0.539501685091853	0.387	0.277	0.305018997542047	"6"	"YRDC"
1.03544449064869e-05	0.544168561386158	0.275	0.174	0.378983038022327	"6"	"GNE"
1.6290473293411e-05	0.510628536811528	0.307	0.206	0.596247613012137	"6"	"PKP4"
1.69687909792233e-05	0.510098061214209	0.301	0.195	0.621074718630552	"6"	"TUBGCP5"
1.75884194324323e-05	0.578409280344292	0.269	0.173	0.643753739646455	"6"	"CGREF1"
2.56286653084699e-05	0.508049094434658	0.321	0.221	0.938034778955308	"6"	"TTPAL"
2.56743125324156e-05	0.653321729767568	0.266	0.175	0.939705512998944	"6"	"DUSP18"
2.6874215928313e-05	0.50501440938315	0.289	0.189	0.983623177192183	"6"	"GPT2"
2.74663332588542e-05	0.639866746531136	0.252	0.162	1	"6"	"ALDH4A1"
2.81485832329323e-05	0.540683562301662	0.307	0.205	1	"6"	"CMTR1"
3.53051276844657e-05	0.519500341277409	0.266	0.173	1	"6"	"CCDC61"
3.66639534611424e-05	0.526271453609591	0.264	0.17	1	"6"	"BCOR"
5.09077232289411e-05	0.55349352087166	0.269	0.18	1	"6"	"C12orf4"
5.72373919741684e-05	0.532210773653946	0.387	0.282	1	"6"	"UNG"
6.37965730111663e-05	0.591552895196747	0.587	0.475	1	"6"	"CLIC3"
9.40259884719231e-05	0.972304068196371	0.401	0.309	1	"6"	"KRT18"
0.000140764375589394	0.506676766498185	0.272	0.183	1	"6"	"SP2"
0.000153042018121397	0.564400992516176	0.381	0.275	1	"6"	"PORCN"
0.000263064884105537	0.578305570240808	0.415	0.325	1	"6"	"LRRC17"
0.00027650899466687	0.522606001352691	0.266	0.183	1	"6"	"NUDT8"
0.00114541538164482	0.601643880334679	0.255	0.185	1	"6"	"HIST2H2AC"
0.00199128587988565	0.551767374729446	0.318	0.242	1	"6"	"SAMD11"
0.00987976864465044	0.698836256074707	0.418	0.349	1	"6"	"IGFBP5"
0	9.26683870989962	0.418	0.001	0	"7"	"ADGRF5"
3.28338046524245e-228	7.14951885409618	0.403	0.006	1.20175008408339e-223	"7"	"LINC01197"
2.88349537449489e-209	6.91279594342037	0.328	0.004	1.05538814201887e-204	"7"	"GMFG"
4.38066516491601e-94	5.85466611554397	0.731	0.076	1.60336725701091e-89	"7"	"TINAGL1"
1.71764067321828e-90	5.53467500753224	0.97	0.158	6.28673662804623e-86	"7"	"CD36"
5.82368177267335e-88	5.85119719287655	0.313	0.012	2.13152576561617e-83	"7"	"COL25A1"
8.22723342810107e-82	5.90160914965496	0.537	0.043	3.01124970701927e-77	"7"	"PPP1R14A"
9.67915896696355e-79	5.0234786706231	0.358	0.019	3.54266897349833e-74	"7"	"PLPPR4"
1.97583408385095e-67	5.32857172116866	0.284	0.013	7.23175033030288e-63	"7"	"PALMD"
2.37760241173748e-57	6.08495464093208	0.418	0.037	8.70226258720034e-53	"7"	"ACTG2"
7.81052233112793e-52	4.80030207938458	0.955	0.319	2.85872927841614e-47	"7"	"COL4A1"
4.2611486785001e-48	4.00837515108667	1	0.467	1.55962302781782e-43	"7"	"COL4A2"
7.65474590221689e-48	3.23132738949478	0.896	0.257	2.8017135476704e-43	"7"	"EDIL3"
5.62289504993474e-44	4.14761459225918	0.478	0.064	2.05803581722661e-39	"7"	"ITGA7"
1.63045664353838e-42	4.68897022062348	0.269	0.02	5.96763436101484e-38	"7"	"GALNT16"
1.01518800208118e-39	2.29951134617643	1	0.978	3.71568960641733e-35	"7"	"IGFBP7"
2.49854607334277e-39	4.41191664764481	0.388	0.047	9.14492848304186e-35	"7"	"ARHGDIB"
4.08191980419794e-38	4.09339437563444	0.373	0.044	1.49402346753449e-33	"7"	"PDE3A"
2.98871045860353e-36	3.82906366244217	0.896	0.383	1.09389791495348e-31	"7"	"NDUFA4L2"
1.29265842045053e-32	2.57831448878073	0.97	0.753	4.73125908469099e-28	"7"	"NR2F2"
1.88084211558369e-32	2.43944242730847	0.657	0.15	6.88407022724787e-28	"7"	"MEOX2"
1.09946630944251e-31	3.29574464212063	0.791	0.268	4.02415663919052e-27	"7"	"LMOD1"
1.2307042494007e-31	3.29948131311394	0.657	0.173	4.50450062323151e-27	"7"	"PRUNE2"
2.27662296988112e-31	3.39566815930941	0.537	0.111	8.33266773206188e-27	"7"	"DAAM2"
4.36106820990406e-31	2.50855505417121	0.836	0.317	1.59619457550698e-26	"7"	"EBF2"
5.67014408975382e-31	3.3441100857067	0.448	0.077	2.07532943829079e-26	"7"	"FAM162B"
1.69258069187367e-30	2.23910506807165	0.97	0.563	6.19501459032682e-26	"7"	"OLFM2"
2.30899114734893e-28	3.42063208584741	0.433	0.078	8.45113849841182e-24	"7"	"AGTR1"
3.10927465183755e-28	3.02474653173774	0.612	0.157	1.13802561531906e-23	"7"	"BST2"
5.60399291334983e-28	3.29815793403861	0.851	0.373	2.05111744621517e-23	"7"	"MYLK"
2.72974987165462e-27	1.59143433797448	1	0.981	9.99115750524306e-23	"7"	"CAV1"
7.92255995992662e-27	2.11593628293873	0.91	0.385	2.89973617093274e-22	"7"	"SRGN"
2.18621668858551e-26	1.33708789864989	1	0.999	8.00177170189182e-22	"7"	"IGFBP4"
4.15681515698927e-26	3.30705946802323	0.493	0.109	1.52143591560964e-21	"7"	"HGF"
3.23698572227442e-25	3.05791668104643	0.478	0.106	1.18476914420966e-20	"7"	"JAG1"
1.60153618044959e-24	3.4691470455332	0.343	0.056	5.86178257406354e-20	"7"	"CHSY3"
1.95800908138386e-24	1.49043391009395	1	0.985	7.16650903877306e-20	"7"	"HLA-B"
3.49070360188748e-24	1.2278965891651	1	0.976	1.27763242532684e-19	"7"	"LOXL2"
4.40693248434067e-23	2.48250739860592	0.552	0.147	1.61298135859353e-18	"7"	"SELENOP"
5.75660234472091e-23	3.68171822706883	0.328	0.054	2.1069740241913e-18	"7"	"A2M"
7.08089777268619e-22	1.44603823560109	1	0.986	2.59167939378087e-17	"7"	"MYL9"
1.43787474195594e-21	2.90595306448696	0.642	0.199	5.26276534303293e-17	"7"	"APOE"
1.935278097933e-21	2.70432591308672	0.687	0.274	7.08331136624456e-17	"7"	"SYTL2"
2.41054913122938e-21	2.89231116987437	0.507	0.137	8.82285087521264e-17	"7"	"RDH5"
3.57044397575704e-20	1.4765751086157	1	1	1.30681819956683e-15	"7"	"CALD1"
4.32441139763036e-20	2.09297948191506	0.866	0.496	1.58277781564669e-15	"7"	"COL5A3"
7.38561850119125e-20	2.16595997550921	0.851	0.526	2.70321022762101e-15	"7"	"TP53I11"
1.04878985084759e-19	1.07060052340736	1	0.994	3.83867573308725e-15	"7"	"HSPB6"
7.6660047298332e-19	1.00061512154475	0.985	0.955	2.80583439116625e-14	"7"	"SELENOW"
1.86395140917704e-18	2.63649888356962	0.612	0.237	6.82224855272888e-14	"7"	"NOTCH3"
2.35299536155435e-18	2.53083192762929	0.627	0.257	8.61219832282507e-14	"7"	"SNTB1"
1.08394222860531e-17	0.608097663006387	1	1	3.96733695091831e-13	"7"	"B2M"
1.29968525018006e-17	3.21447962786126	0.507	0.168	4.75697798418405e-13	"7"	"ITGA1"
2.64523720910407e-17	2.87560068153613	0.343	0.074	9.6818327090418e-13	"7"	"CSPG4"
2.9812922314281e-17	0.729671434819428	1	0.992	1.091182769625e-12	"7"	"CYB5R3"
8.28181719841137e-17	1.09489732454797	0.94	0.912	3.03122791279055e-12	"7"	"SH3BGRL"
9.30013932420099e-17	1.79165893936277	0.776	0.348	3.4039439940508e-12	"7"	"IGFBP5"
1.01735067261083e-16	1.66936525205101	0.896	0.556	3.7236051968229e-12	"7"	"PDLIM1"
1.98119521897997e-16	1.69540596955362	0.866	0.579	7.25137262098858e-12	"7"	"COX7A1"
3.2795084934872e-16	1.60105577397524	0.836	0.501	1.20033290370125e-11	"7"	"CLEC3B"
4.40321472249188e-16	1.69173219516971	0.791	0.467	1.61162062057925e-11	"7"	"SLC9A3R2"
7.02626994551703e-16	2.75133316323322	0.672	0.327	2.57168506275869e-11	"7"	"SYNPO2"
7.55932621164208e-16	2.94399820935602	0.358	0.088	2.76678898672312e-11	"7"	"TRPC4"
7.99265877031543e-16	3.15310200706351	0.343	0.082	2.92539303652315e-11	"7"	"TENT5B"
2.42220778824777e-15	0.791477625200314	1	0.944	8.86552272576567e-11	"7"	"LGALS3BP"
2.43612367941689e-15	3.50120245341725	0.313	0.072	8.91645627903374e-11	"7"	"MCAM"
2.62032252195758e-15	1.76103778673161	0.881	0.707	9.59064246261694e-11	"7"	"CAV2"
3.23701191337739e-15	2.4054094428614	0.567	0.225	1.18477873041526e-10	"7"	"ALPL"
4.66854841588245e-15	2.23990746005856	0.776	0.469	1.70873540569714e-10	"7"	"COL18A1"
8.85472106442125e-15	2.07402774154814	0.597	0.243	3.24091645678882e-10	"7"	"LY6K"
1.11680078869354e-14	1.83089823206054	0.806	0.536	4.08760256669723e-10	"7"	"F2R"
3.20041074905444e-14	2.0005176461365	0.582	0.246	1.17138233826142e-09	"7"	"MRVI1"
4.50892183396348e-14	1.58369051491549	1	0.969	1.65031048044897e-09	"7"	"TAGLN"
4.60728069667778e-14	1.56595936220776	0.985	0.779	1.68631080779104e-09	"7"	"COL8A1"
7.66682342191801e-14	1.2771517571747	1	0.951	2.80613404065621e-09	"7"	"MYH9"
8.88388156456969e-14	1.59022206554832	0.791	0.437	3.25158949144815e-09	"7"	"C11orf96"
9.69401278114448e-14	1.93113798012244	0.328	0.078	3.54810561802669e-09	"7"	"ACAN"
1.1325190388258e-13	0.930318022774795	0.97	0.873	4.1451329340063e-09	"7"	"NPTN"
1.24044128680682e-13	2.0607945018561	0.94	0.794	4.54013915384164e-09	"7"	"CSRP1"
1.50665730541725e-13	1.90449854052452	0.642	0.299	5.51451640355769e-09	"7"	"PPARG"
1.66660211216998e-13	1.10640663084579	0.94	0.886	6.09993039075336e-09	"7"	"VCL"
1.72422172609714e-13	0.734029419632922	1	0.999	6.31082393968816e-09	"7"	"HLA-A"
2.38244253514616e-13	1.74160353379826	0.687	0.338	8.71997792288846e-09	"7"	"ANGPT1"
3.29120769576996e-13	0.620089747883481	1	0.999	1.20461492872876e-08	"7"	"MALAT1"
3.58610122155608e-13	1.96804175587172	0.537	0.199	1.31254890810174e-08	"7"	"PTN"
6.14873175940388e-13	2.93348540894726	0.254	0.055	2.25049731125942e-08	"7"	"SORT1"
6.73399373977686e-13	2.67056681344071	0.254	0.054	2.46470904869573e-08	"7"	"CAVIN2"
1.05145373262326e-12	3.06855749501979	0.284	0.069	3.8484258067744e-08	"7"	"CCDC102B"
1.10922589247596e-12	0.72034221706273	1	0.977	4.05987768905127e-08	"7"	"SEPTIN7"
2.3634616612446e-12	1.28302645292622	0.836	0.562	8.65050602632137e-08	"7"	"SSBP2"
3.51244773310493e-12	0.659341883207354	1	0.998	1.28559099479373e-07	"7"	"DSTN"
3.55710418661762e-12	2.8037384250014	0.299	0.077	1.30193570334391e-07	"7"	"DMD"
4.06848474471395e-12	0.778712848973883	1	0.975	1.48910610141275e-07	"7"	"LAMC1"
4.83305379530949e-12	1.28399370519225	0.97	0.905	1.76894601962123e-07	"7"	"IFITM1"
5.58068194408884e-12	0.803519032795596	1	0.944	2.04258539835595e-07	"7"	"ILK"
9.93925162476929e-12	1.49510769436953	0.791	0.561	3.63786548718181e-07	"7"	"TRAM2"
1.01494422371843e-11	1.35311476677537	0.731	0.371	3.71479735323183e-07	"7"	"FXYD1"
1.10358841768542e-11	2.32692283825281	0.642	0.373	4.03924396757041e-07	"7"	"ADA"
1.34682048627994e-11	2.89409468373982	0.597	0.305	4.9294976618332e-07	"7"	"CNN1"
1.62809999583654e-11	2.30417398340302	0.567	0.264	5.95900879476133e-07	"7"	"PRKAG2"
2.52902066291247e-11	1.67257817188792	0.716	0.421	9.25646852832592e-07	"7"	"ABI3BP"
2.92045542777391e-11	0.986640983506237	1	0.883	1.06891589111953e-06	"7"	"POSTN"
4.59247055660619e-11	1.01623228518698	0.97	0.942	1.68089014842343e-06	"7"	"TCEAL4"
5.28367564735735e-11	1.77262842915138	0.716	0.445	1.93387812368926e-06	"7"	"MGLL"
5.54896658053133e-11	1.98512642957263	0.463	0.176	2.03097725814027e-06	"7"	"HLA-DMA"
8.16818668948143e-11	0.981495885207443	1	1	2.9896380102171e-06	"7"	"TPM2"
1.17866129016111e-10	1.21255985838725	0.821	0.566	4.31401818811867e-06	"7"	"PHLDB2"
1.3890148966012e-10	2.31668391804147	0.567	0.299	5.08393342305004e-06	"7"	"NTN4"
3.08390172999747e-10	1.24082322806977	0.94	0.838	1.12873887219637e-05	"7"	"UROD"
3.10142795426582e-10	1.54496013629208	0.612	0.297	1.13515364554083e-05	"7"	"OLFML1"
3.79470645423078e-10	0.838759049257089	1	1	1.38890050931301e-05	"7"	"MYL6"
4.05191633101064e-10	2.46800028740871	0.433	0.162	1.48304189631321e-05	"7"	"HLA-DRB1"
4.09800476195991e-10	0.842768090467374	0.925	0.877	1.49991072292495e-05	"7"	"ADAMTS2"
4.5494486815441e-10	1.65764612679475	0.716	0.457	1.66514371193195e-05	"7"	"TFPI"
4.8237451937564e-10	1.62432049702521	0.701	0.436	1.76553897836678e-05	"7"	"SECTM1"
5.10518448774387e-10	1.29325041479926	0.955	0.843	1.86854857435914e-05	"7"	"FHL1"
5.69226267566206e-10	0.867504374532696	0.97	0.895	2.08342506191907e-05	"7"	"NBL1"
7.18439589590457e-10	0.775217541011819	0.985	0.957	2.62956074186003e-05	"7"	"PRRX1"
7.49100450467435e-10	1.10592984166203	0.97	0.853	2.74178255875586e-05	"7"	"CRYAB"
8.24538349366349e-10	0.777406164720633	1	0.959	3.01789281251577e-05	"7"	"CNN3"
9.6812562478577e-10	1.26546294269821	0.761	0.546	3.5434365992784e-05	"7"	"PSD3"
1.0793302979279e-09	1.8215086303218	0.493	0.205	3.95045682344591e-05	"7"	"COL21A1"
1.35530257264637e-09	2.42849700523137	0.284	0.083	4.96054294614299e-05	"7"	"AC017002.3"
1.42014359391097e-09	1.83105713609357	0.821	0.64	5.19786756807354e-05	"7"	"AKR1C3"
1.48203303269737e-09	2.96243873905661	0.269	0.079	5.42438910297564e-05	"7"	"CMTM8"
1.78613426605929e-09	2.32012520427424	0.343	0.116	6.53743002720361e-05	"7"	"PDE5A"
1.98149027108572e-09	0.909985558469487	0.925	0.855	7.25245254120085e-05	"7"	"LHFPL6"
2.02553173838055e-09	1.04935183100155	0.925	0.866	7.41364871564667e-05	"7"	"TXNIP"
2.11629680227799e-09	1.30889678090011	0.657	0.365	7.74585792601767e-05	"7"	"PLAU"
2.22775876675511e-09	0.578129952570436	0.985	0.973	8.15381986220037e-05	"7"	"SNX6"
2.40059419423351e-09	0.602652800993761	1	0.988	8.78641481031408e-05	"7"	"ZYX"
2.69655745495471e-09	2.37490487937884	0.358	0.129	9.86966994087974e-05	"7"	"EDNRA"
3.48789725976504e-09	1.23446272705042	0.761	0.545	0.00012766052760466	"7"	"ITM2C"
3.72838414872898e-09	2.1037063339132	0.388	0.153	0.000136462588227629	"7"	"SUGCT"
3.74159925797821e-09	3.03211940810355	0.269	0.08	0.000136946274441261	"7"	"LYPLAL1-AS1"
6.35484624410858e-09	0.685164733779897	0.955	0.869	0.000232593727380618	"7"	"LEPROT"
6.78987357576443e-09	1.63902872353726	0.642	0.454	0.000248516162746554	"7"	"AOPEP"
7.05210344162701e-09	1.80218816395978	0.433	0.179	0.00025811403806699	"7"	"HLA-F"
7.33109291511448e-09	1.17636006824068	0.761	0.576	0.000268325331786105	"7"	"ARHGAP17"
7.38169861382575e-09	1.97668040575411	0.507	0.269	0.000270177550964636	"7"	"NXPH4"
9.54655116661336e-09	2.49191391457515	0.254	0.074	0.000349413319249215	"7"	"SYNGR2"
1.46468253628846e-08	1.59654878740947	0.672	0.43	0.000536088455106939	"7"	"PLXND1"
1.46893163261806e-08	1.82627303003119	0.403	0.161	0.000537643666854537	"7"	"TM4SF1"
1.56677333595952e-08	1.25580330446625	0.836	0.758	0.000573454708694545	"7"	"PDLIM5"
1.7089725962451e-08	1.01695366094389	0.955	0.868	0.00062550105995167	"7"	"SERPING1"
1.92571882394152e-08	0.680753312557268	0.955	0.9	0.000704832346750835	"7"	"ECM1"
2.31674226408577e-08	1.75313606561682	0.642	0.405	0.000847950836078033	"7"	"INHBA"
2.32922437251849e-08	0.739940465731188	0.985	0.943	0.000852519412585494	"7"	"LARP6"
2.37302246938533e-08	3.49701998790698	0.701	0.611	0.000868549954019724	"7"	"ACTA2"
2.43473146583226e-08	1.24278385998047	0.746	0.538	0.000891136063809266	"7"	"BST1"
2.8431406017549e-08	1.48101931372428	0.537	0.293	0.00104061789164831	"7"	"FHOD1"
2.92254556585872e-08	2.17345616145677	0.284	0.092	0.00106968090255995	"7"	"NCKAP5"
3.00697730915739e-08	2.37201656548694	0.358	0.135	0.0011005837649247	"7"	"HLA-DRA"
3.45197517296301e-08	0.828116392823163	1	0.992	0.00126345743305619	"7"	"CAVIN1"
3.7079878196616e-08	0.816725928248462	0.94	0.876	0.00135716062187434	"7"	"PDGFRB"
4.03754378194978e-08	0.695822001314492	0.97	0.893	0.00147778139963144	"7"	"PLP2"
4.31728155350674e-08	0.927708003361835	0.851	0.762	0.001580168221399	"7"	"IFI6"
5.25235573621854e-08	0.510000392289773	1	0.998	0.00192241472301335	"7"	"CD248"
5.58512178633696e-08	0.786072105363957	0.94	0.863	0.00204421042501719	"7"	"YWHAH"
6.38736957246941e-08	1.27346679896647	0.716	0.449	0.00233784113721953	"7"	"MEST"
6.66904831660243e-08	1.07160869285112	0.806	0.686	0.00244093837435966	"7"	"NID2"
7.03696170848825e-08	1.64817479472558	0.537	0.301	0.00257559835492378	"7"	"ECM2"
7.26143279519084e-08	2.34827023187352	0.373	0.161	0.0026577570173678	"7"	"PDGFA"
9.07952444355343e-08	0.990395582828608	1	0.948	0.00332319674158499	"7"	"TUBA1A"
9.83972602671505e-08	2.5994911168432	0.254	0.082	0.00360143812303798	"7"	"CYFIP2"
1.26162910524292e-07	1.22312609974749	0.642	0.451	0.00461768868809962	"7"	"AP1S2"
1.27250452491082e-07	1.09464709209334	0.716	0.512	0.00465749381162611	"7"	"PRKG1"
1.325515558119e-07	0.696460165763621	0.985	0.999	0.00485151949427135	"7"	"HSPB1"
1.32783649063871e-07	1.70498142204513	0.537	0.29	0.00486001433938674	"7"	"FAM43A"
1.36351942864809e-07	2.35958493412665	0.284	0.101	0.00499061746079487	"7"	"INKA2"
1.67441717341573e-07	1.61767479004148	0.612	0.353	0.00612853429641891	"7"	"TFPI2"
1.83946989425008e-07	1.33188754742979	0.478	0.23	0.00673264375994473	"7"	"NES"
1.9445602065683e-07	0.57135039737613	0.985	0.932	0.00711728481206065	"7"	"EPS8"
2.05922719314876e-07	0.544392602706194	0.896	0.638	0.00753697744964379	"7"	"AKAP12"
2.30728136731607e-07	1.10758437865439	0.672	0.488	0.00844488053251353	"7"	"SRPX2"
2.32801387846267e-07	0.873982317888146	0.955	0.805	0.00852076359656122	"7"	"GNG11"
2.3496806812658e-07	1.82701296157485	0.537	0.317	0.00860006626150094	"7"	"GBP2"
3.44248919967754e-07	1.4970370859973	0.299	0.106	0.0125998547197397	"7"	"PRELP"
3.46474827381113e-07	0.703902616602285	0.881	0.899	0.0126813251569761	"7"	"RBPMS"
3.75528231010345e-07	0.915614223322915	0.821	0.803	0.0137447087832097	"7"	"MYO1E"
3.96859557382049e-07	0.845320300493259	0.896	0.836	0.0145254566597404	"7"	"FERMT2"
5.05539191442973e-07	1.04841074686212	0.791	0.639	0.0185032399460043	"7"	"NID1"
5.42484626072882e-07	1.05994930276949	0.791	0.72	0.0198554797988935	"7"	"VGLL3"
5.6244438566737e-07	1.08692308014018	0.881	0.828	0.0205860269598114	"7"	"LASP1"
5.8796967392756e-07	0.824053233707812	0.94	0.893	0.0215202780354226	"7"	"ACTN4"
5.88409374347677e-07	1.36677169559902	0.657	0.444	0.0215363715104993	"7"	"SELENBP1"
6.33312645668165e-07	2.45127105082595	0.313	0.129	0.0231798761441005	"7"	"RGS4"
7.24878410838022e-07	0.679214225713773	0.97	0.933	0.0265312747150825	"7"	"PDLIM7"
8.01270524087021e-07	1.25652250811033	0.582	0.335	0.0293273024521091	"7"	"PLAAT4"
8.05283893186708e-07	1.25486869229145	0.761	0.64	0.0294741957745267	"7"	"PKIG"
8.41919943042252e-07	1.98502661884277	0.388	0.182	0.0308151118352895	"7"	"KCNK15"
8.63891025315696e-07	0.695789415912155	0.955	0.962	0.0316192754175798	"7"	"LAMA4"
9.24765647387352e-07	2.0161162256868	0.299	0.114	0.0338473474600245	"7"	"METTL7A"
1.19142516362295e-06	0.834804116855068	0.746	0.558	0.0436073524137635	"7"	"SCUBE3"
1.28967781584741e-06	0.71897455649803	0.851	0.787	0.0472034977378312	"7"	"GBE1"
1.36832283028123e-06	0.740270219157666	0.94	0.783	0.0500819839111234	"7"	"ADM"
1.37098863529431e-06	0.836992857151769	0.896	0.84	0.0501795550404069	"7"	"KIF5B"
1.47355475990118e-06	0.808487985565434	0.94	0.87	0.0539335777671431	"7"	"CHPF"
1.51678969509813e-06	1.69973589400435	0.507	0.281	0.0555160196302866	"7"	"FBXO32"
1.52377901509141e-06	1.30998669062999	0.746	0.63	0.0557718357313607	"7"	"PCSK7"
1.53059746838727e-06	0.603789306247758	0.896	0.801	0.0560213979404425	"7"	"ADAM9"
1.60270117623753e-06	0.666385409896477	0.91	0.887	0.05866046575147	"7"	"HLA-E"
1.60927401550296e-06	0.852934339376069	0.776	0.64	0.0589010382414237	"7"	"KIFAP3"
1.62410473575949e-06	1.04554695477993	0.761	0.587	0.0594438574335332	"7"	"GNAI1"
1.73554576187278e-06	1.27846165853801	0.522	0.305	0.0635227104303057	"7"	"ZNF667-AS1"
1.92095415664118e-06	0.631296734333808	0.851	0.774	0.0703088430872238	"7"	"REEP3"
2.02995989781758e-06	1.47648121577944	0.448	0.241	0.0742985622200211	"7"	"LIN7A"
2.2238171066783e-06	0.730383113905051	0.94	0.911	0.0813939299215325	"7"	"ANXA6"
2.52530323482764e-06	1.51487038884024	0.672	0.496	0.0924286236979265	"7"	"PLTP"
2.66891481499165e-06	1.88512778589729	0.448	0.255	0.0976849511435093	"7"	"ENDOD1"
2.91400756852839e-06	1.23952352680504	0.642	0.463	0.106655591015708	"7"	"HNMT"
3.21551128347653e-06	0.591431764368975	0.985	0.979	0.117690928486525	"7"	"EHD2"
3.2485619187726e-06	0.981966259682663	0.806	0.676	0.118900614788996	"7"	"CHCHD10"
3.31014591436055e-06	0.86434445009339	0.761	0.69	0.121154650611511	"7"	"ARHGAP1"
4.05520292893651e-06	1.09820440625333	0.701	0.569	0.148424482402005	"7"	"HYI"
4.5705183526496e-06	1.85854388218489	0.299	0.125	0.167285542225328	"7"	"FGD4"
5.10382701472745e-06	1.21556124026236	0.657	0.524	0.186805172566039	"7"	"SETD7"
5.18677102792659e-06	1.51972948963327	0.448	0.244	0.189841006393141	"7"	"LRP5"
5.25708267918529e-06	0.705928374274457	0.851	0.845	0.192414483140861	"7"	"DEGS1"
5.46526175285484e-06	0.643540855472102	0.97	0.929	0.20003404541624	"7"	"MAGED2"
5.55804711208329e-06	1.06844088702836	0.672	0.515	0.20343008234936	"7"	"MRGPRF"
5.57198489637996e-06	0.827804985994407	0.866	0.784	0.203940219192403	"7"	"CCDC50"
5.63430662043586e-06	0.980062977109528	0.716	0.553	0.206221256614573	"7"	"PON2"
5.70539899425841e-06	2.07392783987005	0.313	0.14	0.208823308588852	"7"	"B3GALNT1"
5.75271625331233e-06	1.68111558619606	0.373	0.185	0.210555167587485	"7"	"TLE4"
5.77926542899232e-06	1.28509893552955	0.582	0.368	0.211526893966548	"7"	"ADAMTS5"
5.80912554835411e-06	1.42473410639204	0.448	0.244	0.212619804195309	"7"	"SPEG"
6.92796338418294e-06	1.42193968023644	0.627	0.476	0.25357038782448	"7"	"EPAS1"
7.27594381106844e-06	1.67702490604651	0.537	0.348	0.266306819428916	"7"	"SLC25A4"
7.52523092477962e-06	0.875021232995916	0.776	0.693	0.275430977077859	"7"	"AMOTL2"
7.7411936211207e-06	1.3949543260823	0.507	0.315	0.283335427726639	"7"	"ERAP2"
9.39807896923482e-06	1.12408465007291	0.701	0.545	0.343979088352964	"7"	"DYNLT3"
1.06513693076039e-05	0.616676285986745	1	0.997	0.389850768027609	"7"	"HLA-C"
1.11352810509243e-05	1.79570492301232	0.343	0.165	0.40756242174488	"7"	"GRK5"
1.23699780419646e-05	0.511344834154849	0.97	0.946	0.452753566313948	"7"	"NPC2"
1.24293882574765e-05	0.535058741692297	0.97	0.937	0.454928039611897	"7"	"HCFC1R1"
1.2594534126519e-05	1.8843047010282	0.343	0.167	0.460972543564722	"7"	"SLC6A6"
1.26343952639468e-05	0.948144080352921	0.806	0.734	0.462431501055717	"7"	"MSRB3"
1.26597419706559e-05	0.894676419661659	0.761	0.632	0.463359215867977	"7"	"ZEB2"
1.27725247791969e-05	1.50654175412499	0.478	0.295	0.467487179443385	"7"	"LPCAT3"
1.2845968155744e-05	1.62095119493791	0.373	0.185	0.470175280468385	"7"	"ARHGAP6"
1.37583941326165e-05	1.32396398856955	0.463	0.246	0.503570983647897	"7"	"COL15A1"
1.44313539497808e-05	1.87285550238323	0.313	0.14	0.528201985915928	"7"	"FAM89A"
1.49474967228226e-05	0.509378359604011	0.955	0.931	0.54709332755203	"7"	"REEP5"
1.63605439429088e-05	1.489494443191	0.328	0.148	0.598812268854404	"7"	"ENPP1"
1.78164429138978e-05	0.5386319191466	0.896	0.937	0.652099627091573	"7"	"DCTN2"
2.18808584606237e-05	0.962721054132955	0.821	0.78	0.800861300517288	"7"	"LPP"
2.28974214424995e-05	0.559303257943168	0.955	0.923	0.838068522216925	"7"	"YPEL3"
2.42572746313166e-05	0.851647518388544	0.791	0.762	0.887840508780817	"7"	"PCYOX1"
2.44918263441178e-05	1.57597547870123	0.388	0.205	0.896425336021055	"7"	"MEF2C"
2.47128082688333e-05	1.11089389333515	0.687	0.573	0.904513495447567	"7"	"SNED1"
2.61131641755678e-05	1.25959878275633	0.463	0.272	0.955767921989956	"7"	"PEAR1"
2.77272774733219e-05	1.59049021432262	0.433	0.261	1	"7"	"SOBP"
2.91025139358388e-05	1.57146695757934	0.373	0.202	1	"7"	"STOML1"
2.99207982216992e-05	0.64035571119666	0.806	0.696	1	"7"	"A1BG"
3.40642653489167e-05	0.502513013196017	0.94	0.923	1	"7"	"UBE2D2"
3.45484909621924e-05	0.780916176190156	0.776	0.656	1	"7"	"SDC2"
3.5791256264888e-05	0.99426698048678	0.657	0.516	1	"7"	"TPST2"
3.77927434639908e-05	0.664570259981401	0.881	0.795	1	"7"	"BMERB1"
3.82957984012619e-05	1.69213598959682	0.507	0.371	1	"7"	"SMTN"
4.58566079167492e-05	0.795731836197753	0.746	0.605	1	"7"	"MAML2"
4.58992879045398e-05	1.5033714400964	0.373	0.205	1	"7"	"DOCK10"
4.72125949569394e-05	0.843629666820032	0.746	0.625	1	"7"	"TAPBP"
5.5860999142096e-05	2.34191691641951	0.284	0.135	1	"7"	"HSPA2"
5.7468284111507e-05	0.958183231289354	0.642	0.465	1	"7"	"SLC44A2"
6.46735130616841e-05	0.751053048573297	0.746	0.622	1	"7"	"FARP1"
6.5343857548994e-05	1.70858571456712	0.269	0.119	1	"7"	"CDHR3"
6.54594781492152e-05	0.63697807186293	0.851	0.788	1	"7"	"CFL2"
6.76016042996327e-05	1.3413557395276	0.403	0.225	1	"7"	"COBLL1"
6.79524604036524e-05	0.869723972593355	0.731	0.636	1	"7"	"HMGN3"
7.36111675017166e-05	0.800522962996746	0.746	0.614	1	"7"	"TMEM109"
7.38446002174656e-05	0.893103421417164	0.716	0.616	1	"7"	"STX12"
7.38589244533708e-05	1.6593116307815	0.284	0.131	1	"7"	"PLEKHH2"
7.48833794033018e-05	0.961490580175814	0.657	0.583	1	"7"	"SASH1"
8.18045810658159e-05	0.786676956693149	0.761	0.644	1	"7"	"EHBP1"
8.26804707971444e-05	0.92216358086168	0.701	0.602	1	"7"	"AC002398.2"
8.63103277957204e-05	1.20301562792024	0.522	0.346	1	"7"	"AK5"
8.85814460977517e-05	0.530097176096192	0.97	0.912	1	"7"	"TGFB1I1"
8.87657595985946e-05	0.607014633119309	0.866	0.792	1	"7"	"GLIPR1"
9.30024830899277e-05	0.678038598688906	0.806	0.671	1	"7"	"TMEM189"
9.31438602485938e-05	0.575650767715428	0.91	0.884	1	"7"	"H2AFJ"
9.48904396555062e-05	0.92416849501815	0.642	0.484	1	"7"	"ERG28"
0.000102084510253805	1.32200678312656	0.552	0.428	1	"7"	"DKK3"
0.000109911654003278	1.39255022504236	0.358	0.197	1	"7"	"SCN8A"
0.00011219027638258	1.14402645563065	0.478	0.307	1	"7"	"AC055839.2"
0.00011648483204253	0.782838779241019	0.806	0.74	1	"7"	"GLIPR2"
0.00011708844927682	0.724484421501681	0.94	0.871	1	"7"	"RHOBTB3"
0.000121273258440013	1.71263056622111	0.522	0.387	1	"7"	"ANGPTL4"
0.00012627965988812	1.46918888553982	0.299	0.145	1	"7"	"GDF5"
0.000131533830150195	1.49774947456005	0.418	0.247	1	"7"	"TANC1"
0.000134449947277943	0.849960645358057	0.701	0.6	1	"7"	"SDC4"
0.000136217174815837	0.689519449998688	0.701	0.542	1	"7"	"CBR3"
0.000136588924347749	0.83809063719682	0.716	0.601	1	"7"	"RFTN1"
0.0001446346113979	1.09949088300758	0.672	0.521	1	"7"	"PHLDA2"
0.000149203852287099	0.520215180677512	0.97	0.943	1	"7"	"GSTK1"
0.000152163245535028	1.00546894566271	0.687	0.6	1	"7"	"MAP7D3"
0.000157445162025243	1.90886111378415	0.328	0.178	1	"7"	"VWA1"
0.000160098736340641	0.817744358309247	0.896	0.84	1	"7"	"MYADM"
0.000161370851920494	0.799747464254446	0.776	0.752	1	"7"	"CCDC107"
0.000161995164821095	0.980827207484334	0.582	0.463	1	"7"	"SLC41A3"
0.000168056236614762	0.668879224267207	0.806	0.694	1	"7"	"UBE2E2"
0.000170303767319112	1.37408638475794	0.373	0.216	1	"7"	"ARHGAP31"
0.000180187059604411	0.563861996974745	0.94	0.886	1	"7"	"PSME2"
0.000184364154344236	0.701662325872739	0.731	0.567	1	"7"	"KLF2"
0.000187399484641361	0.763155815772077	0.881	0.823	1	"7"	"SNTB2"
0.000192546133539882	0.885791209935833	0.896	0.85	1	"7"	"CXCL12"
0.000221588141217579	0.641016720159992	0.761	0.683	1	"7"	"CYSTM1"
0.000221960521027792	0.57648002152411	0.925	0.889	1	"7"	"LAMB2"
0.000223505612419161	0.882190368421865	0.642	0.532	1	"7"	"ST5"
0.000229769583127957	0.899071353962272	0.761	0.693	1	"7"	"CRIM1"
0.000246681586179346	1.25115712498755	0.448	0.292	1	"7"	"LBR"
0.000249212616020091	0.546109550977414	0.836	0.819	1	"7"	"SGCE"
0.000262780569060836	1.02202924052618	0.522	0.384	1	"7"	"FEM1B"
0.00026415413540499	0.534498197168863	0.896	0.876	1	"7"	"NBDY"
0.00026908174758932	1.76333649271665	0.299	0.154	1	"7"	"FOXC1"
0.000271154497691188	0.712697669448151	0.836	0.809	1	"7"	"COX20"
0.000283522003978534	1.09529013548989	0.672	0.609	1	"7"	"CFD"
0.000284016894781102	0.705695377471816	0.896	0.784	1	"7"	"MDK"
0.000302847416615278	1.05780603380808	0.537	0.377	1	"7"	"HIST1H1C"
0.000307352988648006	0.816566142173298	0.672	0.584	1	"7"	"COMMD7"
0.000313028246174027	0.83197724758394	0.687	0.569	1	"7"	"TMEM159"
0.000315655658888067	0.519232481382079	0.955	0.935	1	"7"	"JUND"
0.000318571037536926	1.25588467869915	0.284	0.138	1	"7"	"DIAPH3"
0.00032940110934429	0.501956497291255	0.896	0.856	1	"7"	"PAPOLA"
0.000349866562080909	1.03623108854206	0.612	0.528	1	"7"	"PHLDB1"
0.00035573748214633	2.16454860493459	0.269	0.134	1	"7"	"LINC01943"
0.00038334658513935	1.73578155559326	0.493	0.356	1	"7"	"ASPN"
0.000390482486122988	1.31424170897143	0.493	0.356	1	"7"	"GBP1"
0.000391624139394848	1.34800710410521	0.597	0.526	1	"7"	"NABP1"
0.000396892424076512	1.57467602126043	0.284	0.146	1	"7"	"MAB21L1"
0.00039769351457079	0.652651274895308	0.761	0.685	1	"7"	"PSMB9"
0.000401425688347253	1.24013208473417	0.478	0.324	1	"7"	"TLE1"
0.000422981492594322	0.953754320049539	0.433	0.267	1	"7"	"PLAG1"
0.00042739583958304	1.70091488013266	0.328	0.187	1	"7"	"TTLL7"
0.000449223977763619	1.82542028956414	0.418	0.283	1	"7"	"CARMN"
0.000467109529826514	0.595037817683275	0.761	0.708	1	"7"	"DUSP14"
0.000469795072430033	1.34163695364998	0.328	0.182	1	"7"	"APOC1"
0.000509867908583967	0.825135125756589	0.552	0.416	1	"7"	"ERRFI1"
0.000513006916822113	1.71256020061294	0.343	0.203	1	"7"	"PHYHD1"
0.000525508808627409	1.18440827047067	0.493	0.354	1	"7"	"C1orf54"
0.000559436862106264	0.568748342547307	0.866	0.827	1	"7"	"TMEM30A"
0.000572988942762727	0.672658351406495	0.687	0.595	1	"7"	"UQCC3"
0.000584009771976339	0.976223151667953	0.657	0.52	1	"7"	"PIM1"
0.000597341947557024	1.37484625829555	0.612	0.54	1	"7"	"ANGPTL2"
0.00071478144979796	0.646491779431387	0.866	0.903	1	"7"	"BTG1"
0.000744944520865646	1.14651545870308	0.403	0.263	1	"7"	"RAB30"
0.000751022175888857	0.746663192048018	0.896	0.825	1	"7"	"SOD3"
0.000759559955041271	0.66938030643836	0.851	0.803	1	"7"	"ITGAV"
0.000782524335969624	1.07940065570401	0.597	0.47	1	"7"	"OLFML2B"
0.000798475597650022	0.521999260642037	0.955	0.987	1	"7"	"CTSD"
0.000808698566957869	0.866116399002915	0.672	0.566	1	"7"	"FILIP1L"
0.000844831786588906	0.865991638245708	0.612	0.521	1	"7"	"FAM126A"
0.000870017715062593	0.500538953118482	0.91	0.883	1	"7"	"SERINC3"
0.000911972885325585	0.549813554600864	0.731	0.66	1	"7"	"FEZ2"
0.000954061667005021	0.779963010543003	0.776	0.754	1	"7"	"NEXN"
0.000989285873468836	0.577441308373151	0.791	0.674	1	"7"	"GLUL"
0.00100195924612695	1.3412203135638	0.403	0.268	1	"7"	"COG7"
0.00105253084277479	0.807337339442263	0.672	0.55	1	"7"	"TAOK3"
0.00105446755056243	0.644024502370847	0.761	0.705	1	"7"	"ROCK2"
0.00105554282412506	0.50375279118739	0.851	0.756	1	"7"	"STK17A"
0.00107792185143855	1.31513240575634	0.358	0.221	1	"7"	"MBNL1-AS1"
0.00108860763679106	0.598733950463321	0.716	0.626	1	"7"	"FBXL5"
0.00108872181895203	0.693639288203918	0.925	0.867	1	"7"	"MBNL1"
0.00112590553239168	0.678501010758487	0.731	0.684	1	"7"	"FADS3"
0.00118817911312828	0.996584339689082	0.537	0.398	1	"7"	"GALNT5"
0.00121220041180174	1.83497398900261	0.254	0.133	1	"7"	"PLEKHA2"
0.00124163915473739	0.71459993728723	0.746	0.686	1	"7"	"SEMA3C"
0.00128523956381069	0.510264229499362	0.746	0.66	1	"7"	"GLUD1"
0.00129038325148432	1.3918379714162	0.254	0.13	1	"7"	"HOXB-AS1"
0.00131508258338974	0.567198779665341	0.91	0.835	1	"7"	"KLF6"
0.00133725399050635	1.4524563526328	0.373	0.232	1	"7"	"DEPP1"
0.00134095157460095	1.26845681888437	0.687	0.601	1	"7"	"C1orf198"
0.00144244169732877	1.39435267437722	0.388	0.251	1	"7"	"STARD13"
0.00147529067004503	1.48685337156436	0.388	0.259	1	"7"	"SNCG"
0.00149271426647702	0.644635596896797	0.687	0.589	1	"7"	"UBAC2"
0.00157219252938511	0.548384354726449	0.881	0.92	1	"7"	"RAD23B"
0.00159406624405639	1.10986605210634	0.328	0.187	1	"7"	"ADGRL2"
0.00162502138736088	0.802788164849276	0.567	0.463	1	"7"	"VSIR"
0.00162596981657657	1.44895034819362	0.284	0.16	1	"7"	"MOCS1"
0.00170512546521198	0.684478353507371	0.627	0.558	1	"7"	"RAB5B"
0.00170571617122523	0.93798744619866	0.463	0.321	1	"7"	"ZNF160"
0.00171874038645583	0.654466569958138	0.672	0.574	1	"7"	"STARD3NL"
0.00175050874321221	1.10770292012876	0.433	0.297	1	"7"	"PEG10"
0.00175574731690121	0.873057310897217	0.582	0.496	1	"7"	"PKD2"
0.00175753398713918	0.696684251355131	0.866	0.812	1	"7"	"SMIM3"
0.00182079043316763	0.626367426291656	0.612	0.518	1	"7"	"SNTA1"
0.00185563040634048	1.51027805834492	0.299	0.177	1	"7"	"SLC8A1"
0.00186690774458079	1.56986974063707	0.343	0.219	1	"7"	"PDE1C"
0.00193416043141722	0.501284039531371	0.746	0.678	1	"7"	"ST6GALNAC6"
0.00199608060097415	0.553434068472904	0.791	0.72	1	"7"	"SDF2"
0.00203501522842069	0.566396163722469	0.821	0.744	1	"7"	"RBPJ"
0.00204904675010331	1.07337309762839	0.418	0.294	1	"7"	"CCDC14"
0.00205247611219492	0.929795466179279	0.642	0.62	1	"7"	"TACC1"
0.00212091946558885	1.25797181786643	0.373	0.249	1	"7"	"STARD4"
0.00215926520319799	0.539867063616902	0.836	0.742	1	"7"	"MGAT4B"
0.00224625990076269	0.546550427642428	0.925	0.886	1	"7"	"VAMP5"
0.00228086796478753	0.923057873734599	0.582	0.503	1	"7"	"PLPPR2"
0.00241485058306207	1.07670433630007	0.373	0.244	1	"7"	"MAGI1"
0.00243202995446716	1.46267020762699	0.448	0.344	1	"7"	"FAM13A"
0.00248493393694982	1.24958925574699	0.328	0.205	1	"7"	"ADAM19"
0.00252172640289549	0.888820320351559	0.522	0.409	1	"7"	"SIAE"
0.00264100893552178	1.24471692524529	0.478	0.376	1	"7"	"BOK"
0.00265466813801334	0.562501852952336	0.806	0.809	1	"7"	"UACA"
0.00272264524531709	0.696704006868667	0.716	0.65	1	"7"	"HACD3"
0.00274643178834552	0.826954368113101	0.672	0.61	1	"7"	"PLEKHO1"
0.00280713398635277	0.655804749497469	0.672	0.656	1	"7"	"AAMDC"
0.00282577052560102	1.22438343673459	0.313	0.194	1	"7"	"TBC1D25"
0.00283061251279706	0.894252963350219	0.567	0.439	1	"7"	"SKAP2"
0.00284652035386992	1.3021622229328	0.388	0.278	1	"7"	"HLA-DPB1"
0.00304853785247003	2.03300552261887	0.299	0.182	1	"7"	"TBX2"
0.00312838514874791	1.21991333661514	0.299	0.173	1	"7"	"AC145124.1"
0.00313317562681203	0.736627479362105	0.597	0.505	1	"7"	"PHF11"
0.00314215229882077	1.2380755980198	0.478	0.34	1	"7"	"HLA-DPA1"
0.00318179351486499	1.21407814339381	0.448	0.335	1	"7"	"WFS1"
0.00325558800546294	1.28527046566057	0.269	0.151	1	"7"	"NR1H3"
0.00325963237002074	0.677653694936314	0.791	0.788	1	"7"	"MACF1"
0.0034036572672628	0.762381434917087	0.537	0.435	1	"7"	"SMARCD3"
0.00341052914400186	1.32535698577679	0.254	0.137	1	"7"	"TAPT1"
0.00343092892883192	0.847357858977553	0.478	0.353	1	"7"	"TRPV2"
0.00377305351564485	0.946707020704402	0.478	0.383	1	"7"	"VPS13A"
0.00382912207059461	0.839375349468636	0.642	0.581	1	"7"	"TNS1"
0.00386188715942374	1.0511941169381	0.567	0.475	1	"7"	"AKR1C2"
0.00398471425878498	2.02428836558712	0.254	0.137	1	"7"	"NETO2"
0.00406902017232334	1.42632292220258	0.254	0.143	1	"7"	"SYNE2"
0.00422351223721388	0.578260585121842	0.925	0.931	1	"7"	"WDR1"
0.0043009607784942	0.697784102345298	0.552	0.448	1	"7"	"MTA3"
0.00442265525885153	0.593406041170944	0.746	0.669	1	"7"	"CRIP2"
0.0045056164886726	0.557177737039551	0.716	0.669	1	"7"	"ALDH2"
0.00453819597533388	1.01759198371928	0.403	0.272	1	"7"	"CCBE1"
0.00457778249233185	0.834462503435034	0.507	0.403	1	"7"	"KLF7"
0.00462336593367812	0.800479610994745	0.418	0.286	1	"7"	"PDE1A"
0.00467796710989332	0.560216383794846	0.716	0.669	1	"7"	"TM2D1"
0.00473508503969482	0.978956749539575	0.448	0.341	1	"7"	"ARHGEF17"
0.00477222672076497	0.713309095168243	0.522	0.424	1	"7"	"WDR60"
0.00484115248364906	0.503086370722728	0.776	0.699	1	"7"	"DHRS7"
0.00494362742560916	0.533429993243896	0.97	0.944	1	"7"	"ACTN1"
0.00495328234963689	0.627729758158843	0.672	0.61	1	"7"	"BORCS7"
0.00495612360564441	1.01566922504677	0.388	0.272	1	"7"	"CEP68"
0.00508464817807227	0.612510495101918	0.746	0.682	1	"7"	"TMEM115"
0.00509018660086447	1.30320301048395	0.284	0.17	1	"7"	"KIAA1217"
0.00514022618739751	1.17348807675993	0.373	0.254	1	"7"	"GOLGA8B"
0.0051812795542959	1.00284501621699	0.597	0.551	1	"7"	"KCTD20"
0.00518790506979344	0.846914321662373	0.418	0.291	1	"7"	"SEC22A"
0.00547862046751728	0.586412722485459	0.776	0.708	1	"7"	"SCCPDH"
0.00549693549559502	0.566489969715461	0.791	0.791	1	"7"	"PMM1"
0.00549702147744403	1.05916576545248	0.418	0.314	1	"7"	"LINC01278"
0.00566053418778439	1.16788881519229	0.403	0.287	1	"7"	"ERAP1"
0.00619761226078772	0.841713893202257	0.463	0.345	1	"7"	"FAM241A"
0.00630835771271958	0.542035432139459	0.672	0.557	1	"7"	"KIRREL1"
0.0064538971622548	1.13086957012947	0.328	0.213	1	"7"	"SERTAD4-AS1"
0.00647928268508017	0.637242367569926	0.672	0.604	1	"7"	"USP9X"
0.00670226151386812	0.872545399492007	0.776	0.72	1	"7"	"CCL2"
0.00674844806447145	0.563331657798916	0.731	0.72	1	"7"	"VAMP2"
0.00679623700099967	0.677028112198165	0.522	0.408	1	"7"	"FLT3LG"
0.00682837563256585	1.00990045901447	0.478	0.369	1	"7"	"CCDC28B"
0.00704193868851261	1.38642673154499	0.299	0.203	1	"7"	"TRAF5"
0.00705094817868046	0.839340835083716	0.433	0.323	1	"7"	"SHOX2"
0.00707164089708105	0.688939481756616	0.552	0.486	1	"7"	"ECE1"
0.00783458244569823	1.38848366363378	0.284	0.175	1	"7"	"KANSL1-AS1"
0.00785568100658421	0.549027200200497	0.776	0.689	1	"7"	"DESI2"
0.00786906087223609	0.638131284903937	0.791	0.769	1	"7"	"DNAJB6"
0.00797842652662871	0.508874304993082	0.746	0.721	1	"7"	"NAGK"
0.00799905390730163	0.801007719895482	0.463	0.348	1	"7"	"CDKN2C"
0.00840439438325044	0.893954629635916	0.567	0.495	1	"7"	"RSRC1"
0.00846717041104542	0.729725901328597	0.687	0.663	1	"7"	"KRAS"
0.00847866872487017	0.693653866654846	0.582	0.499	1	"7"	"CDKN1B"
0.0084934349130616	0.599522633142061	0.806	0.8	1	"7"	"C11orf24"
0.008539356029179	0.708573846773099	0.463	0.334	1	"7"	"ABCA6"
0.00887436783880899	1.32777969087793	0.433	0.347	1	"7"	"ARSJ"
0.00911852390092066	0.816582107378926	0.463	0.353	1	"7"	"SLC22A17"
0.00919805659047569	0.740111972013578	0.493	0.382	1	"7"	"ARID4A"
0.00959606657916404	0.81868468339548	0.507	0.414	1	"7"	"XPA"
0.00970867336122602	0.579346683595299	0.672	0.634	1	"7"	"MKKS"
0.00976977853076558	1.3589195033419	0.254	0.149	1	"7"	"LRSAM1"
0.00988157271173304	0.818379338623506	0.597	0.561	1	"7"	"STARD7"
0.00994232475774678	0.69877400502359	0.537	0.45	1	"7"	"CFLAR"
