"p_val"	"avg_log2FC"	"pct.1"	"pct.2"	"p_val_adj"	"cluster"	"gene"
0	2.35575695714618	0.515	0.162	0	"S1"	"LIMCH1"
0	1.62868714786496	0.655	0.305	0	"S1"	"RARRES1"
0	1.80990785752666	0.613	0.27	0	"S1"	"SUSD2"
0	4.13042912797052	0.438	0.105	0	"S1"	"PRG4"
0	1.6990115127512	0.635	0.322	0	"S1"	"TNXB"
0	4.82492685693974	0.317	0.016	0	"S1"	"THORLNC"
0	1.1961706427876	0.606	0.312	0	"S1"	"CPZ"
0	1.00691908499028	0.716	0.429	0	"S1"	"MGP"
0	1.29327916304146	0.77	0.49	0	"S1"	"CFB"
0	1.40004003528367	0.703	0.432	0	"S1"	"DPP4"
0	1.79484885609925	0.689	0.42	0	"S1"	"AKR1C2"
0	1.44764430302485	0.613	0.346	0	"S1"	"SRGN"
0	1.74260503126326	0.695	0.428	0	"S1"	"PLAT"
0	1.41884302753076	0.666	0.402	0	"S1"	"TMEM59L"
0	2.69028923035138	0.331	0.07	0	"S1"	"ANXA10"
0	1.84525273708175	0.39	0.129	0	"S1"	"IL33"
0	0.982795809033386	0.607	0.346	0	"S1"	"U2AF1L5"
0	2.81815878582327	0.319	0.059	0	"S1"	"SGCA"
0	1.85846228485277	0.726	0.47	0	"S1"	"PCOLCE2"
0	1.49882782697612	0.593	0.337	0	"S1"	"KAZALD1"
0	1.16202448809923	0.647	0.394	0	"S1"	"CYGB"
0	1.33697906162562	0.619	0.375	0	"S1"	"GGT5"
0	0.636000601775758	0.629	0.387	0	"S1"	"CXCL6"
0	1.42620989440117	0.893	0.652	0	"S1"	"LXN"
0	1.69858257521523	0.458	0.218	0	"S1"	"ACKR3"
0	1.3111342882454	0.493	0.255	0	"S1"	"SVIL"
0	1.33334159789329	0.466	0.234	0	"S1"	"PCDH7"
0	1.33252907537725	0.604	0.372	0	"S1"	"CD9"
0	1.29135899970047	0.974	0.743	0	"S1"	"CRLF1"
0	0.729844824166997	0.598	0.368	0	"S1"	"SFRP4"
0	1.44211624331707	0.541	0.313	0	"S1"	"TFPI2"
0	1.37947733868261	0.456	0.228	0	"S1"	"C2orf88"
0	0.840514662556249	0.81	0.584	0	"S1"	"COL14A1"
0	1.0422325611229	0.793	0.569	0	"S1"	"PTGES"
0	1.0651993483776	0.57	0.348	0	"S1"	"EPDR1"
0	1.63718123666681	0.364	0.146	0	"S1"	"PALM"
0	0.885223540210332	0.632	0.416	0	"S1"	"TFPI"
0	1.63521987565565	0.5	0.287	0	"S1"	"HLA-DPA1"
0	1.16052088513163	0.465	0.254	0	"S1"	"OLFML1"
0	0.888061701458236	0.482	0.272	0	"S1"	"SBSN"
0	1.41727858295347	0.721	0.516	0	"S1"	"ADIRF"
0	0.871442548030968	0.706	0.502	0	"S1"	"DEPTOR"
0	1.10858445497538	0.771	0.568	0	"S1"	"CFD"
0	0.947813111392238	0.728	0.525	0	"S1"	"MEDAG"
0	1.66425656460077	0.527	0.326	0	"S1"	"CD74"
0	1.00446911431921	0.744	0.549	0	"S1"	"AKR1C1"
0	0.959703027032255	0.741	0.547	0	"S1"	"PAMR1"
0	1.27557422709526	0.651	0.458	0	"S1"	"DKK1"
0	2.20940335136195	0.295	0.106	0	"S1"	"HLA-DRA"
0	0.985450747164555	0.478	0.29	0	"S1"	"C1QTNF1"
0	1.3443096013043	0.346	0.158	0	"S1"	"TNFRSF21"
0	0.906030460193001	0.768	0.581	0	"S1"	"HSPB2"
0	1.08506166593288	0.448	0.261	0	"S1"	"ANK2"
0	1.11164841952739	0.615	0.428	0	"S1"	"GPNMB"
0	1.46549481610898	0.335	0.149	0	"S1"	"THNSL2"
0	1.14554465276665	0.411	0.225	0	"S1"	"F10"
0	1.85309884598896	0.287	0.103	0	"S1"	"MALL"
0	0.899564394444367	0.647	0.463	0	"S1"	"GASK1B"
0	1.01010871893166	0.736	0.553	0	"S1"	"XG"
0	1.09545716910437	0.388	0.206	0	"S1"	"FAM118A"
0	1.40019918302601	0.366	0.184	0	"S1"	"PRSS3"
0	0.964426688936327	0.611	0.429	0	"S1"	"TNFAIP2"
0	0.856617376654675	0.684	0.507	0	"S1"	"A4GALT"
0	0.881224177600465	0.557	0.381	0	"S1"	"IFFO1"
0	0.816286141176837	0.628	0.453	0	"S1"	"CFH"
0	0.911134380902801	0.632	0.457	0	"S1"	"IDUA"
0	1.12281994330414	0.408	0.233	0	"S1"	"MARCH3"
0	1.57946050636297	0.335	0.161	0	"S1"	"IL13RA2"
0	2.22612104670734	0.253	0.079	0	"S1"	"PRELP"
0	0.753414338930229	0.734	0.56	0	"S1"	"ID1"
0	1.14409198193146	0.385	0.212	0	"S1"	"GALNT12"
0	1.17318719664519	0.898	0.726	0	"S1"	"PTGIS"
0	1.72809179286632	0.296	0.124	0	"S1"	"PTHLH"
0	0.870656035954447	0.75	0.579	0	"S1"	"TES"
0	0.718718286281187	0.768	0.6	0	"S1"	"AKR1C3"
0	1.06866480197325	0.685	0.518	0	"S1"	"CBR3"
0	0.819473969357351	0.716	0.551	0	"S1"	"AHR"
0	0.907855103725858	0.745	0.586	0	"S1"	"NIBAN1"
0	0.918193168499558	0.761	0.607	0	"S1"	"GFPT2"
0	1.19489847989385	0.688	0.535	0	"S1"	"SCUBE3"
0	1.51693005510969	0.262	0.11	0	"S1"	"ADA2"
0	1.51017042445947	0.27	0.119	0	"S1"	"AOX1"
0	1.44204915580563	0.271	0.121	0	"S1"	"SEMA3B"
0	0.729222141171175	0.768	0.618	0	"S1"	"CTSF"
0	1.61162139592208	0.268	0.12	0	"S1"	"MAB21L1"
0	1.39940005111158	0.26	0.115	0	"S1"	"MELTF"
0	1.31523155538102	0.255	0.111	0	"S1"	"SHC3"
0	0.844592203892941	0.874	0.73	0	"S1"	"SMPD1"
0	0.880594902775929	0.761	0.62	0	"S1"	"ALCAM"
0	0.690328449415494	0.707	0.568	0	"S1"	"DHRS3"
0	0.668330292706493	0.811	0.677	0	"S1"	"SCRG1"
0	0.759770709403497	0.776	0.644	0	"S1"	"ANTXR2"
0	0.60652968309942	0.948	0.817	0	"S1"	"SERPING1"
0	0.919377125688803	0.856	0.727	0	"S1"	"PLPP1"
0	0.917696302883821	0.89	0.762	0	"S1"	"BMERB1"
0	0.613947053277827	0.848	0.726	0	"S1"	"LTBP1"
0	0.658247065869371	0.914	0.795	0	"S1"	"CYP1B1"
0	0.764253530936159	0.724	0.609	0	"S1"	"ADK"
0	0.824103008305449	0.935	0.823	0	"S1"	"CRYAB"
0	1.02557547304673	0.905	0.793	0	"S1"	"PROCR"
0	0.685405054706109	0.87	0.763	0	"S1"	"CYBRD1"
0	0.970740815048734	0.866	0.761	0	"S1"	"ID3"
0	0.649378990434239	0.832	0.73	0	"S1"	"MIER1"
0	0.681802824874403	0.899	0.797	0	"S1"	"LPAR1"
0	0.655703782606899	0.948	0.851	0	"S1"	"NT5E"
0	0.611512253617341	0.838	0.75	0	"S1"	"OAF"
0	0.580691287694258	0.835	0.749	0	"S1"	"ASAH1"
0	0.589645046472869	0.91	0.826	0	"S1"	"SAT1"
0	0.477155672425942	0.876	0.792	0	"S1"	"EPHX1"
0	0.597337932144716	0.899	0.817	0	"S1"	"LTBP3"
0	0.804969688753512	0.978	0.9	0	"S1"	"HMGA1"
0	0.49712305462132	0.899	0.824	0	"S1"	"AP2A1"
0	0.555511835713581	0.865	0.792	0	"S1"	"TMEM35B"
0	0.73755588976824	0.951	0.883	0	"S1"	"NBL1"
0	1.50327631898714	0.99	0.928	0	"S1"	"CLU"
0	0.677731236110269	0.939	0.879	0	"S1"	"TGFBR2"
0	0.52015423482791	0.931	0.872	0	"S1"	"NPDC1"
0	0.674888685617488	0.966	0.909	0	"S1"	"IGFBP3"
0	0.750404411028724	0.978	0.921	0	"S1"	"MFGE8"
0	0.644589855398793	0.939	0.885	0	"S1"	"ADD3"
0	0.477155877545356	0.928	0.877	0	"S1"	"METTL9"
0	0.50349068208545	0.944	0.893	0	"S1"	"GSTO1"
0	0.568101530927337	0.923	0.873	0	"S1"	"LGMN"
0	0.98155059826335	0.952	0.903	0	"S1"	"PLIN2"
0	0.717296939708425	0.914	0.866	0	"S1"	"SOD2"
0	0.576104790908718	0.959	0.911	0	"S1"	"ARL6IP5"
0	0.709640591018001	0.907	0.86	0	"S1"	"CHPF"
0	0.675697247937474	0.922	0.876	0	"S1"	"SPTBN1"
0	0.423397463830713	0.925	0.879	0	"S1"	"RBPMS"
0	0.479150808092283	0.944	0.9	0	"S1"	"SCARB2"
0	0.812234461067263	0.983	0.941	0	"S1"	"ENG"
0	0.523269183966301	0.951	0.912	0	"S1"	"IL6ST"
0	0.56132843505924	0.971	0.939	0	"S1"	"LRPAP1"
0	0.415589891422269	0.98	0.949	0	"S1"	"SLC25A5"
0	0.51538750804046	0.984	0.955	0	"S1"	"APLP2"
0	0.633365568792765	0.985	0.96	0	"S1"	"CCDC85B"
0	0.717175415652171	0.997	0.973	0	"S1"	"FBLN2"
0	1.29937897001042	0.979	0.955	0	"S1"	"GSN"
0	0.571983252878713	0.992	0.97	0	"S1"	"MFAP5"
0	0.441416251426105	0.986	0.964	0	"S1"	"ISCU"
0	0.479732335014245	0.975	0.954	0	"S1"	"QSOX1"
0	0.366318129188004	0.991	0.97	0	"S1"	"VAT1"
0	0.393408339936442	0.989	0.969	0	"S1"	"YWHAQ"
0	0.440710687769825	0.96	0.94	0	"S1"	"NPC2"
0	0.585799060857916	0.994	0.975	0	"S1"	"MGST3"
0	0.446878205633617	0.992	0.973	0	"S1"	"TKT"
0	0.382017577320454	0.991	0.972	0	"S1"	"CD44"
0	0.604193512216946	0.99	0.976	0	"S1"	"SQSTM1"
0	0.557706163783295	0.996	0.982	0	"S1"	"MT2A"
0	0.394159714324027	0.988	0.975	0	"S1"	"ATRAID"
0	0.387278213931914	0.988	0.975	0	"S1"	"SNHG8"
0	0.524519683700878	0.995	0.982	0	"S1"	"BRI3"
0	0.572701638971801	0.991	0.978	0	"S1"	"CTSL"
0	0.457844286531133	0.996	0.984	0	"S1"	"TMEM59"
0	0.320058048034801	0.995	0.983	0	"S1"	"BRK1"
0	0.56759414403119	0.995	0.983	0	"S1"	"CTSD"
0	0.467901197921759	0.995	0.983	0	"S1"	"GRN"
0	0.458600290529613	0.994	0.982	0	"S1"	"CTSA"
0	0.603520258824954	0.974	0.962	0	"S1"	"TIMP3"
0	0.348071513267103	0.994	0.983	0	"S1"	"CERCAM"
0	0.827573449547544	0.998	0.987	0	"S1"	"ISLR"
0	0.326579557037732	0.988	0.978	0	"S1"	"SDF4"
0	0.513674616436809	0.99	0.98	0	"S1"	"CAV1"
0	0.324679208966835	0.993	0.983	0	"S1"	"NUCB1"
0	0.334246509448791	0.992	0.983	0	"S1"	"ATP6V0E1"
0	0.573600047650475	0.995	0.986	0	"S1"	"CAVIN3"
0	0.43725485194732	0.998	0.99	0	"S1"	"CRTAP"
0	0.451480152571141	0.991	0.983	0	"S1"	"C1S"
0	0.318803846953991	0.992	0.984	0	"S1"	"PGLS"
0	0.411228714238341	0.998	0.991	0	"S1"	"RAB13"
0	0.307199201580566	0.997	0.99	0	"S1"	"GUK1"
0	0.343958009694229	0.997	0.99	0	"S1"	"CCNI"
0	0.379412208670729	0.995	0.988	0	"S1"	"ARPC1B"
0	0.490152431381643	0.998	0.991	0	"S1"	"CYB5R3"
0	0.46969787088358	1	0.996	0	"S1"	"LY6E"
0	0.514782932536862	0.994	0.99	0	"S1"	"ANXA1"
0	0.276173947494608	0.999	0.996	0	"S1"	"CLIC1"
0	0.47315333379019	0.996	0.993	0	"S1"	"CD59"
0	0.757873654729037	0.999	0.996	0	"S1"	"CST3"
0	0.274634244879696	0.999	0.997	0	"S1"	"TOMM7"
0	0.420807429548996	0.986	0.988	0	"S1"	"NEAT1"
0	0.620510762023514	1	0.998	0	"S1"	"ITM2B"
0	0.28212924154468	1	0.998	0	"S1"	"IGFBP4"
0	0.449106955593561	1	0.998	0	"S1"	"GPX4"
0	0.746154639502034	0.999	0.998	0	"S1"	"CTSB"
0	0.566899386967156	0.999	0.998	0	"S1"	"PSAP"
0	0.324738405169166	0.997	0.996	0	"S1"	"CD151"
0	1.04826208120221	0.999	0.998	0	"S1"	"IGFBP6"
0	0.418258527121316	1	1	0	"S1"	"SH3BGRL3"
0	0.345633639811298	1	1	0	"S1"	"S100A6"
0	0.41219375766912	1	1	0	"S1"	"FTH1"
0	0.275772751903877	1	1	0	"S1"	"CD99"
0	0.678376124138708	1	1	0	"S1"	"TIMP1"
9.88131291682493e-324	0.818701543232083	0.572	0.412	3.61665934068709e-319	"S1"	"NAAA"
1.48219693752374e-323	0.415427028778973	0.97	0.931	5.42498901103064e-319	"S1"	"PDGFRA"
3.16202013338398e-322	0.318294965582497	0.982	0.971	1.15733098901987e-317	"S1"	"CAST"
1.01777523043297e-321	0.346322558618169	0.998	0.998	3.72515912090771e-317	"S1"	"HTRA1"
3.16202013338398e-321	0.345038852726549	0.986	0.976	1.15733098901987e-316	"S1"	"SRPX"
1.10769517797607e-320	1.18292662676986	0.493	0.334	4.05427512091023e-316	"S1"	"SPRYD3"
9.1179814940002e-320	0.483883385469363	0.887	0.819	3.33727240661902e-315	"S1"	"CD68"
2.72586935661389e-317	0.589262991445174	0.766	0.663	9.97695443214249e-313	"S1"	"NQO2"
2.98462141665387e-317	1.18592611952973	0.356	0.196	1.09240128470948e-312	"S1"	"EPHA4"
1.04156127985353e-316	0.440929762728492	0.969	0.95	3.81221844039189e-312	"S1"	"LINC02802"
1.90694777203876e-315	0.292227425381869	0.987	0.972	6.97961954043905e-311	"S1"	"MAP2K2"
9.94864536682146e-314	0.517270756635973	0.903	0.86	3.64130369071032e-309	"S1"	"AK1"
3.91705437328431e-313	0.565556501313606	0.8	0.703	1.43368107116579e-308	"S1"	"TRIM8"
1.1173994103248e-312	0.450741942019645	0.978	0.936	4.08979358172981e-308	"S1"	"CLDN11"
3.57456855797172e-308	1.07671067647445	0.624	0.472	1.30832783790323e-303	"S1"	"CLEC3B"
2.30836442311777e-306	0.315423300244436	0.996	0.982	8.44884462505335e-302	"S1"	"MGST1"
5.40369048434248e-306	0.592062114464048	0.902	0.855	1.97780475417419e-301	"S1"	"TXNRD1"
2.19040645589894e-305	0.6382338086453	0.739	0.609	8.01710666923572e-301	"S1"	"ATP2B4"
1.3893585810347e-303	0.683835853626835	0.663	0.493	5.08519134244511e-299	"S1"	"LSP1"
1.3012232747743e-301	0.445488975059612	0.934	0.906	4.7626073080014e-297	"S1"	"HEXA"
3.69212508573448e-299	0.748530850578156	0.457	0.274	1.35135470262968e-294	"S1"	"CXCL1"
1.86112887601509e-298	0.894529919959235	0.467	0.303	6.81191779910282e-294	"S1"	"CRELD1"
5.60655320543991e-298	0.558362018221595	0.785	0.68	2.05205453872306e-293	"S1"	"CALHM2"
4.85497477978891e-297	0.521935756905193	0.815	0.722	1.77696931915054e-292	"S1"	"MAPK3"
1.00611014827875e-296	0.477069924999533	0.938	0.899	3.68246375371507e-292	"S1"	"AKR1B1"
4.61989762652361e-295	1.19613772364004	0.258	0.12	1.69092873028391e-290	"S1"	"ANKRD29"
6.62921240091534e-295	0.595021952195463	0.748	0.585	2.42635803085902e-290	"S1"	"UCHL1"
1.09930284580161e-294	0.399777063085302	0.921	0.877	4.02355834591846e-290	"S1"	"OXA1L"
1.1870598744352e-293	0.454754182340057	0.994	0.994	4.34475784642028e-289	"S1"	"FBN1"
1.06217856475313e-291	0.827011388129161	0.543	0.375	3.88767976485294e-287	"S1"	"LRRN4CL"
1.57969544400278e-291	0.322846077603488	0.969	0.946	5.78184329459458e-287	"S1"	"LRP10"
1.69337341340723e-291	0.758599766400365	0.713	0.612	6.19791603041179e-287	"S1"	"RALGPS2"
1.74146802516046e-287	0.851657739706122	0.59	0.433	6.3739471188898e-283	"S1"	"CLIC3"
1.89684757854534e-285	0.531557872882265	0.796	0.708	6.9426518222338e-281	"S1"	"MGAT4B"
3.22948681194141e-281	0.366861249325057	0.926	0.897	1.18202446803867e-276	"S1"	"PSMG2"
1.9297032972108e-279	0.421101127035632	0.914	0.875	7.06290703812126e-275	"S1"	"LAMP2"
3.81287254354202e-278	0.53259393328012	0.53	0.336	1.39554947966181e-273	"S1"	"C3"
1.94628743809352e-277	0.310332242325028	0.988	0.971	7.1236066521661e-273	"S1"	"LUM"
6.75516444029146e-277	0.479387842771938	0.859	0.785	2.47245773679108e-272	"S1"	"NOB1"
1.17734076673629e-275	0.504060802041545	0.792	0.702	4.3091849403315e-271	"S1"	"RNF130"
3.38503735980249e-275	0.451433661351865	0.948	0.912	1.23895752406131e-270	"S1"	"SNX9"
3.433983597497e-272	1.02210640563577	0.419	0.263	1.25687233651988e-267	"S1"	"P3H2"
4.44652100549882e-272	0.47860155015768	0.997	0.995	1.62747115322262e-267	"S1"	"TXN"
5.1142269338412e-272	0.610042883450826	0.718	0.606	1.87185820005522e-267	"S1"	"BDH2"
3.89548784670794e-271	0.510100842745373	0.797	0.711	1.42578750677357e-266	"S1"	"EMC10"
6.72102950325375e-271	0.373424167365172	0.921	0.877	2.45996400848591e-266	"S1"	"GPAA1"
1.78193956839266e-270	1.2678071162655	0.301	0.16	6.52207701427398e-266	"S1"	"HLA-DMA"
2.68182008572569e-270	0.497920731773127	0.784	0.692	9.81572969576459e-266	"S1"	"GAMT"
5.32858026782224e-270	1.24370664144573	0.258	0.127	1.95031366382562e-265	"S1"	"GTF2IRD2"
5.59244348735778e-269	1.06215613196887	0.368	0.212	2.04689024080782e-264	"S1"	"COL15A1"
8.8224603763008e-269	0.525018502155487	0.817	0.74	3.22910872232986e-264	"S1"	"GLRX"
2.65429428808465e-268	0.57215283079398	0.803	0.71	9.71498252381864e-264	"S1"	"HEG1"
1.6464458477296e-266	0.30070421806839	0.981	0.966	6.0261564472751e-262	"S1"	"DBI"
2.55186266426562e-266	0.360368918410329	0.953	0.93	9.34007253747859e-262	"S1"	"OPTN"
7.77998854391252e-266	0.846472412257638	0.537	0.387	2.84755360695742e-261	"S1"	"ANKH"
1.38040551462585e-263	0.522781313222163	0.83	0.77	5.05242222408208e-259	"S1"	"SMIM14"
7.30767692243458e-263	0.782401196535987	0.43	0.266	2.67468283038028e-258	"S1"	"NTN4"
6.74149598455967e-262	0.256706842417613	0.993	0.984	2.46745494530868e-257	"S1"	"ST13"
1.41613651455224e-261	0.554246372113334	0.791	0.683	5.18320125691266e-257	"S1"	"CA12"
3.15484558507111e-259	0.854949810155149	0.52	0.364	1.15470503259188e-254	"S1"	"BDKRB2"
2.87276806951845e-258	0.281739300645825	0.984	0.972	1.05146184112445e-253	"S1"	"GRINA"
3.05317228534955e-258	0.288221320397069	0.978	0.958	1.11749158816079e-253	"S1"	"UBXN1"
3.09614467617418e-258	0.495505816137417	0.822	0.739	1.13321991292651e-253	"S1"	"PCYOX1"
6.43054867383562e-258	0.559991616863936	0.698	0.544	2.35364512011057e-253	"S1"	"SNED1"
3.37416970290853e-257	0.67203704460515	0.655	0.524	1.23497985296155e-252	"S1"	"RARG"
1.10665196223542e-256	1.10613400165436	0.289	0.151	4.05045684697785e-252	"S1"	"SLC39A8"
1.28553952391806e-256	0.422335727813393	0.948	0.927	4.70520321149248e-252	"S1"	"BZW1"
5.90901504040602e-256	0.42837475996593	0.862	0.796	2.16275859493901e-251	"S1"	"HEXB"
2.57656010049206e-255	0.670817567569941	0.685	0.572	9.43046762381097e-251	"S1"	"RAC2"
4.03383688236496e-255	1.09001879355602	0.282	0.147	1.4764246373144e-250	"S1"	"HLA-F"
6.91423729463529e-255	0.637069240057452	0.694	0.577	2.53067999220946e-250	"S1"	"SLC4A7"
1.10874438242234e-253	0.616603981987945	0.665	0.549	4.05811531410399e-249	"S1"	"SMIM19"
8.136878592073e-253	0.350482041749284	0.932	0.906	2.97817893348464e-248	"S1"	"DUT"
1.99970581419595e-251	0.617487303190926	0.947	0.923	7.31912325053861e-247	"S1"	"S100A4"
4.50658210326715e-251	0.387529031907438	0.915	0.87	1.64945411561681e-246	"S1"	"VAMP5"
8.34069875420145e-251	0.356094553274294	0.949	0.918	3.05277915102527e-246	"S1"	"EIF4A2"
3.57679698494452e-243	0.264115510889938	0.989	0.98	1.30914346445954e-238	"S1"	"LAMP1"
2.84471825841698e-242	0.465408092077226	0.805	0.73	1.0411953297632e-237	"S1"	"LTA4H"
1.45414319604922e-241	0.480571948033916	0.801	0.73	5.32230951185974e-237	"S1"	"CTBS"
1.2952247681634e-239	1.36305817601073	0.289	0.16	4.74065217395488e-235	"S1"	"HTRA3"
7.45464107172606e-239	0.964782222174437	0.738	0.62	2.72847317866245e-234	"S1"	"AKAP12"
4.19638584476741e-238	0.600733622647597	0.662	0.543	1.53591918304332e-233	"S1"	"LETMD1"
1.29285949639107e-237	0.272353326057134	0.997	0.995	4.73199504274095e-233	"S1"	"S100A13"
5.27578183334949e-237	0.708552185115971	0.638	0.498	1.93098890882425e-232	"S1"	"PHLDA1"
1.87126108935235e-236	0.26828477685399	0.988	0.981	6.84900271313854e-232	"S1"	"FKBP1A"
3.85950611082783e-236	0.453025776451966	0.816	0.743	1.4126178316241e-231	"S1"	"TMCO3"
2.98298257548622e-235	0.716565186319758	0.49	0.327	1.09180145245371e-230	"S1"	"BDKRB1"
7.92500153328114e-235	0.96061243280801	0.25	0.124	2.90062981119623e-230	"S1"	"SELENOP"
1.1094246636894e-234	0.328210247527303	0.971	0.942	4.06060521156958e-230	"S1"	"LGALS3BP"
2.49137635543073e-234	0.582846598614787	0.72	0.623	9.118686598512e-230	"S1"	"IDH1"
8.75329057643391e-231	0.95166627048374	0.36	0.219	3.20379188388058e-226	"S1"	"SNCG"
5.51787615516251e-230	0.279953727820175	0.98	0.967	2.01959785155103e-225	"S1"	"ATP6AP2"
9.90606854181657e-230	0.470707663068529	0.853	0.775	3.62572014699028e-225	"S1"	"ID2"
1.01420133843149e-229	0.252156977168405	1	1	3.7120783187931e-225	"S1"	"FTL"
1.67216957283087e-228	0.76058822614604	0.538	0.401	6.12030785351828e-224	"S1"	"SQOR"
1.08796969924599e-225	0.598650545489424	0.693	0.582	3.98207789621024e-221	"S1"	"CREG1"
2.89104817030547e-225	0.393206596800587	0.943	0.917	1.0581525408135e-220	"S1"	"DST"
4.46289679161821e-225	0.668620432997804	0.587	0.46	1.63346485470018e-220	"S1"	"SMIM29"
1.89982059634586e-222	1.18135821216354	0.261	0.138	6.9535333646855e-218	"S1"	"TM4SF1"
7.21935385496545e-222	0.689416106600693	0.641	0.532	2.64235570445591e-217	"S1"	"PSD3"
1.44755667501049e-221	0.401459416684172	0.994	0.991	5.2982021862059e-217	"S1"	"AHNAK"
1.56412685879996e-221	0.268656626076268	0.971	0.959	5.72486071589375e-217	"S1"	"VPS28"
1.72703345566198e-220	0.268689642761212	0.989	0.979	6.3211151510684e-216	"S1"	"HM13"
3.39447403952969e-220	0.819361376406599	0.54	0.399	1.24241144320826e-215	"S1"	"G0S2"
3.72464151215679e-220	0.423571546413442	0.849	0.773	1.36325603986451e-215	"S1"	"CAMK2D"
6.66332070764989e-220	0.766769249148567	0.504	0.377	2.43884201220693e-215	"S1"	"MARCH2"
1.59811083666982e-218	0.483206564497954	0.76	0.626	5.8492454732952e-214	"S1"	"FAM20A"
5.01273241059829e-218	0.446123290294712	0.792	0.705	1.83471018960308e-213	"S1"	"GSTM2"
1.60186880367872e-217	0.404308468573159	0.919	0.894	5.8630000083445e-213	"S1"	"ECM1"
3.00303173070016e-217	0.453894625108443	0.847	0.769	1.09913964375357e-212	"S1"	"NFKBIA"
4.81995443230183e-217	0.304119400100864	0.941	0.92	1.76415152176679e-212	"S1"	"LAMTOR4"
6.26980400232372e-217	0.325114953122896	0.96	0.943	2.2948109628905e-212	"S1"	"SNHG7"
3.74341378217091e-216	0.344270173244688	0.901	0.857	1.37012687841237e-211	"S1"	"NDUFB5"
2.9956051056314e-213	0.974335555745891	0.3	0.173	1.09642142471215e-208	"S1"	"ABLIM3"
8.29014237090428e-207	0.384673089478475	0.845	0.797	3.03427500917468e-202	"S1"	"ANAPC13"
1.62882548610903e-206	0.371766230451766	0.878	0.817	5.96166416170766e-202	"S1"	"PAM"
1.07343335240988e-203	0.514091955476383	0.859	0.808	3.9288734131554e-199	"S1"	"MOXD1"
7.63723041883154e-203	0.634843556350562	0.635	0.536	2.79530270559653e-198	"S1"	"CD55"
1.92991102689751e-202	0.444871229608517	0.752	0.664	7.06366734954757e-198	"S1"	"AK3"
5.66147367663907e-201	0.367369621075717	0.863	0.817	2.07215598038667e-196	"S1"	"SNHG18"
7.31364380329076e-200	0.564357845766921	0.678	0.572	2.67686676844245e-195	"S1"	"TRIM22"
7.56484879287688e-200	0.65458890552062	0.508	0.368	2.76881030668087e-195	"S1"	"BEX4"
1.12626429262169e-199	0.310515863042366	0.923	0.896	4.12223993742465e-195	"S1"	"GINM1"
1.9262466615358e-199	0.577631139620832	0.652	0.547	7.05025540588718e-195	"S1"	"CD276"
3.20242031951354e-199	0.253079880645045	0.988	0.977	1.17211786114515e-194	"S1"	"CSDE1"
1.40954606948515e-196	0.51846315178461	0.681	0.577	5.15907956892259e-192	"S1"	"ATF6B"
1.30220755133766e-194	0.369150056576319	0.865	0.816	4.76620985865098e-190	"S1"	"UBE2L6"
1.86668328133083e-194	0.501788520169547	0.684	0.572	6.83224747799897e-190	"S1"	"RFTN1"
6.07719333931747e-194	0.568877379903587	0.525	0.378	2.22431353412359e-189	"S1"	"DUXAP8"
1.26367934103128e-192	0.267179398787285	0.974	0.964	4.6251927561086e-188	"S1"	"SRI"
1.34845403330228e-191	0.258587324077979	0.962	0.95	4.93547660728967e-187	"S1"	"MPG"
3.0746342388112e-191	0.30298417727426	0.94	0.917	1.12534687774729e-186	"S1"	"CDK4"
3.29059491313254e-191	0.487181223020487	0.699	0.606	1.20439064415564e-186	"S1"	"SPATA20"
1.12226924072894e-190	0.568833349321547	0.657	0.55	4.10761764799198e-186	"S1"	"CSF1"
1.56478475488203e-189	0.582484785381984	0.649	0.526	5.72726868134372e-185	"S1"	"IFI27"
3.69343665298276e-189	0.546792639778968	0.726	0.652	1.35183474935822e-184	"S1"	"VEGFC"
6.62993123725578e-187	0.60298095125371	0.589	0.475	2.42662113214799e-182	"S1"	"EHMT2"
1.6284517968261e-186	0.635440892213402	0.576	0.463	5.96029642156322e-182	"S1"	"BCL2L1"
2.02018907069398e-185	0.311229177007426	0.912	0.876	7.39409401764703e-181	"S1"	"IGBP1"
6.97841089557372e-185	0.496155135235014	0.695	0.611	2.55416817188894e-180	"S1"	"TCTN1"
9.24334142955292e-185	0.802517064402117	0.426	0.301	3.38315539663066e-180	"S1"	"FCHSD2"
1.40181564230684e-184	0.650498589198122	0.46	0.317	5.13078543240725e-180	"S1"	"LRRC17"
1.41430125944698e-183	0.394752956722912	0.583	0.433	5.17648403970187e-179	"S1"	"PENK"
2.69892035637703e-182	0.832210851632789	0.458	0.337	9.87831839637556e-178	"S1"	"ERCC6"
2.58452841655104e-181	0.455599791574115	0.72	0.635	9.45963245741846e-177	"S1"	"DIMT1"
8.23419497440331e-181	0.61287834351389	0.533	0.413	3.01379770258136e-176	"S1"	"CBWD5"
1.1205366391198e-180	0.69887808011648	0.522	0.407	4.10127615284237e-176	"S1"	"CUTC"
5.25260564285372e-180	0.596709669053373	0.578	0.467	1.92250619134089e-175	"S1"	"LY96"
5.28772307002334e-180	0.401812838574019	0.868	0.832	1.93535952085924e-175	"S1"	"ADAM10"
1.85351444420423e-179	0.260503226223516	0.959	0.939	6.7840482172319e-175	"S1"	"CNPY2"
4.10075225795168e-179	0.276128393819269	0.946	0.927	1.5009163339329e-174	"S1"	"BCAP31"
5.29028904604237e-179	0.665903279993187	0.551	0.426	1.93629869374197e-174	"S1"	"VSIR"
2.0978020124754e-175	0.552669082501529	0.584	0.458	7.67816514586122e-171	"S1"	"TRIM47"
8.39082985275653e-175	0.547048124821658	0.594	0.476	3.07112763440742e-170	"S1"	"TP53I11"
7.13685137704489e-174	0.43388052474579	0.771	0.697	2.6121589725122e-169	"S1"	"FLII"
8.23683212663131e-174	0.442085041128933	0.732	0.651	3.01476292666833e-169	"S1"	"ZNF581"
8.94445315922617e-174	0.401089671051117	0.802	0.738	3.27375930080837e-169	"S1"	"PTGR1"
5.32073984912062e-173	0.448677249596595	0.748	0.644	1.94744399217664e-168	"S1"	"SCARA3"
6.76537610232666e-172	0.949097777165467	0.365	0.248	2.47619530721258e-167	"S1"	"PPP1R3C"
1.82976481266106e-171	0.804996654471535	0.407	0.287	6.69712219082073e-167	"S1"	"PLCD3"
2.28967997918743e-171	0.25443262754475	0.992	0.988	8.3804576918239e-167	"S1"	"DRAP1"
8.82447895537052e-171	0.261534299669098	0.958	0.935	3.22984754245516e-166	"S1"	"CYBA"
6.30135996316182e-170	0.349588718056105	0.919	0.901	2.30636076011686e-165	"S1"	"EIF1B"
4.39571562674718e-169	0.470670816362472	0.658	0.566	1.60887587654573e-164	"S1"	"WAC-AS1"
4.74710478990046e-169	0.744352006418717	0.513	0.394	1.73748782415147e-164	"S1"	"ERRFI1"
2.60179402880949e-168	0.48503573420671	0.677	0.59	9.52282632484561e-164	"S1"	"SUMF1"
1.2427028106866e-167	0.414871471996711	0.754	0.665	4.54841655739403e-163	"S1"	"FEZ1"
1.37772183951269e-167	0.614719026627176	0.478	0.344	5.0425997048004e-163	"S1"	"ADAMTS5"
7.31808493928863e-167	0.307983800287908	0.941	0.925	2.67849226862903e-162	"S1"	"MRC2"
2.53316603343346e-166	0.281319696845644	0.961	0.958	9.2716409989698e-162	"S1"	"TOMM5"
2.78275170243408e-166	0.487064948714273	0.682	0.599	1.0185149506079e-161	"S1"	"GPC1"
3.54470840254246e-166	0.830818942386226	0.33	0.214	1.29739872241457e-161	"S1"	"PYROXD2"
1.58115512796595e-164	0.4569189319431	0.909	0.883	5.78718588386819e-160	"S1"	"MMP14"
3.59657734416985e-164	0.381154887315389	0.863	0.821	1.31638327373961e-159	"S1"	"PRNP"
2.03914557656735e-163	0.285864183857445	0.984	0.983	7.46347672479415e-159	"S1"	"PNRC1"
6.38417704056066e-163	0.411078279297469	0.756	0.693	2.33667263861561e-158	"S1"	"DNAJC21"
6.65423008147732e-163	0.354584200550472	0.92	0.888	2.43551475212151e-158	"S1"	"BTG1"
1.74209588404095e-160	0.391818795092917	0.772	0.717	6.3762451451783e-156	"S1"	"GLMP"
2.5655172202793e-159	0.29529523395481	0.936	0.91	9.39004957794428e-155	"S1"	"YPEL3"
3.02493006878242e-159	0.781175051236535	0.362	0.247	1.10715465447506e-154	"S1"	"PARP10"
4.2264388489934e-158	0.432416892193347	0.743	0.676	1.54691888312007e-153	"S1"	"IDS"
1.07681644485117e-157	0.471319849966597	0.685	0.607	3.94125586979977e-153	"S1"	"ADAM15"
2.33920969641643e-157	0.894940388271032	0.297	0.188	8.56174140985377e-153	"S1"	"ATP9A"
4.48536020730934e-157	0.277551247825952	0.934	0.907	1.64168668947729e-152	"S1"	"TMBIM4"
2.29216297876019e-156	0.715503259099205	0.507	0.4	8.38954571856016e-152	"S1"	"AL162586.1"
2.62551437029243e-156	0.45446510780792	0.662	0.56	9.60964514670733e-152	"S1"	"CMBL"
1.78162524885519e-155	0.924073077917589	0.267	0.161	6.52092657333489e-151	"S1"	"ARHGAP6"
3.08846398416193e-155	0.584124560159544	0.542	0.43	1.13040870284311e-150	"S1"	"DDB2"
7.84517902793641e-155	0.408629043709622	0.785	0.729	2.87141397601501e-150	"S1"	"SCPEP1"
8.78349912766041e-155	0.794977682484544	0.348	0.235	3.21484851571499e-150	"S1"	"DNMBP"
1.4432543186501e-154	0.755439610683954	0.376	0.259	5.28245513169123e-150	"S1"	"PLCB1"
2.57794766908317e-154	0.868525318214377	0.31	0.2	9.43554626361132e-150	"S1"	"CCDC74A"
1.56039078723575e-152	0.825798152295677	0.263	0.156	5.71118632036156e-148	"S1"	"CFI"
2.0529344614756e-152	0.352088286607641	0.818	0.766	7.51394542244684e-148	"S1"	"FBXW5"
2.23699046217006e-152	0.373440332034379	0.773	0.723	8.18760879058862e-148	"S1"	"STX10"
9.92036619722018e-152	0.25991412237471	0.914	0.888	3.63095323184456e-147	"S1"	"TMEM256"
1.02358457688471e-151	0.519308364253574	0.54	0.414	3.74642190985574e-147	"S1"	"SELENBP1"
2.90781856968559e-151	0.518646898541174	0.631	0.538	1.06429067469062e-146	"S1"	"ORAI3"
1.32305245561407e-150	0.337589152334395	0.876	0.822	4.84250429279305e-146	"S1"	"CCPG1"
1.87466653686939e-150	0.392754161192222	0.712	0.633	6.86146699159565e-146	"S1"	"RNASET2"
2.17282076248077e-150	0.656511935011094	0.567	0.468	7.95274127275588e-146	"S1"	"HIST1H2AC"
3.62062911367433e-150	0.497507030626836	0.633	0.532	1.32518646189594e-145	"S1"	"SMAD3"
1.1014313317064e-148	0.461862947399255	0.671	0.596	4.03134881717861e-144	"S1"	"TP53TG1"
2.06303155913027e-148	0.292428012802564	0.913	0.892	7.55090180957269e-144	"S1"	"SERPINB6"
2.3823917432023e-148	0.580173915083583	0.549	0.438	8.71979201929475e-144	"S1"	"COL18A1"
7.00812775104954e-148	0.421568621709272	0.727	0.644	2.56504483816164e-143	"S1"	"ALDH2"
6.51243949228432e-147	0.326424896896646	0.625	0.497	2.38361797857098e-142	"S1"	"PI16"
3.67294978753868e-146	0.780483650092577	0.338	0.227	1.34433635173703e-141	"S1"	"RILP"
3.94517574954589e-146	0.650391911685511	0.507	0.403	1.44397377609129e-141	"S1"	"ABCC1"
5.75770258492741e-146	0.6942662707328	0.439	0.329	2.10737672310928e-141	"S1"	"NT5DC1"
5.34450077587234e-145	0.301627331677515	0.904	0.873	1.95614072897704e-140	"S1"	"ECH1"
1.02476151733333e-144	0.554811005162892	0.625	0.532	3.75072962959171e-140	"S1"	"CBLB"
1.17801900707496e-144	0.613539794410301	0.548	0.447	4.31166736779506e-140	"S1"	"LPCAT4"
1.25505637677085e-144	0.596008629104577	0.587	0.482	4.59363184461899e-140	"S1"	"LACC1"
1.56467071045071e-144	0.469240021649629	0.771	0.708	5.72685126732064e-140	"S1"	"CTSK"
5.90517653551905e-144	0.292020801445407	0.856	0.825	2.16135366376533e-139	"S1"	"EBPL"
1.5283226649447e-143	0.764502395150406	0.334	0.224	5.59381378596409e-139	"S1"	"TRANK1"
1.94788928185389e-143	0.32527633805774	0.877	0.855	7.12946956051342e-139	"S1"	"TGOLN2"
5.40926722759423e-143	0.753859498113745	0.366	0.257	1.97984589797176e-138	"S1"	"FNDC4"
7.47924805949492e-143	0.590700038613605	0.43	0.311	2.73747958225574e-138	"S1"	"PLAAT4"
1.18475596843098e-142	0.390774291360181	0.788	0.74	4.33632532005422e-138	"S1"	"SPAG9"
2.13495875768679e-142	0.556983916842039	0.464	0.344	7.81416254900941e-138	"S1"	"PLAU"
2.13515240842642e-142	0.593327367832548	0.52	0.416	7.81487133008154e-138	"S1"	"RASSF8-AS1"
3.35020628614519e-142	0.376038613144086	0.738	0.675	1.226209002792e-137	"S1"	"SDCCAG8"
5.03264335284198e-142	0.349239015738722	0.831	0.798	1.84199779357369e-137	"S1"	"RAB31"
3.0276036573054e-141	0.353368387336972	0.978	0.965	1.10813321461035e-136	"S1"	"S100A16"
1.12954489614258e-140	0.746211737777941	0.34	0.231	4.13424727437144e-136	"S1"	"GAS7"
1.15898467914458e-138	0.296309500660276	0.875	0.834	4.24199982413708e-134	"S1"	"OLA1"
4.6547664644584e-138	0.374947719760318	0.733	0.661	1.70369107365642e-133	"S1"	"CAT"
5.71151414783505e-138	0.255145089328095	0.99	0.984	2.09047129324911e-133	"S1"	"APP"
6.03569692296429e-138	0.489755686712295	0.511	0.385	2.20912543077416e-133	"S1"	"PITX2"
6.3825097834741e-138	0.267413092148311	0.906	0.893	2.33606240584936e-133	"S1"	"ARL2"
8.42203696860659e-138	0.297608541631711	0.872	0.835	3.0825497508797e-133	"S1"	"EIF2A"
1.69732162197931e-137	0.446885582270169	0.689	0.62	6.21236686860646e-133	"S1"	"NCOA7"
3.45979742296577e-137	0.583836228418291	0.49	0.376	1.2663204547797e-132	"S1"	"LIMS2"
3.39752858800093e-136	0.593986647121176	0.481	0.369	1.24352943849422e-131	"S1"	"TCEA3"
3.97871964213102e-136	0.76747699498917	0.32	0.214	1.45625117621637e-131	"S1"	"ARHGAP20"
9.7738803082613e-136	0.838411816838961	0.312	0.209	3.57733793162672e-131	"S1"	"LINC02202"
1.80784809240183e-135	0.47377281076511	0.65	0.573	6.61690480299993e-131	"S1"	"IFNGR1"
1.03159816293452e-134	0.642648300432895	0.467	0.366	3.77575243615664e-130	"S1"	"VIM-AS1"
1.46959155436281e-134	0.278663750487356	0.969	0.949	5.37885204812333e-130	"S1"	"CDKN1A"
2.49537013746761e-134	0.645678097534866	0.431	0.325	9.13330424014518e-130	"S1"	"RPA2"
2.79113449270115e-134	0.399402007608281	0.855	0.826	1.02158313567355e-129	"S1"	"WTAP"
2.95486660470644e-134	0.334675154418786	0.867	0.849	1.0815107259886e-129	"S1"	"ITGB5"
3.14055782202029e-134	0.250300750069867	0.983	0.977	1.14947556843765e-129	"S1"	"IGFBP7"
6.91471558615809e-134	0.301366520879523	0.896	0.863	2.53085505168972e-129	"S1"	"SERINC3"
9.34652245736431e-134	0.275352337858709	0.95	0.945	3.42092068461991e-129	"S1"	"COPZ2"
1.76390861240385e-133	0.277193170669737	0.9	0.872	6.45608191225932e-129	"S1"	"SUMF2"
3.8986854834426e-133	0.374470120902788	0.739	0.667	1.42695787379483e-128	"S1"	"CALCOCO1"
1.59519381745745e-132	0.31211642242308	0.855	0.829	5.83856889127599e-128	"S1"	"PNKD"
4.10516874200785e-132	0.383505181856393	0.733	0.669	1.50253281126229e-127	"S1"	"MBTPS1"
4.77371341468102e-132	0.36697339206311	0.827	0.787	1.7472268469074e-127	"S1"	"ADAM9"
8.86146238149149e-132	0.565985172709891	0.525	0.43	3.2433838462497e-127	"S1"	"PHF1"
1.27222422657208e-131	0.288665179571346	0.921	0.898	4.65646789167646e-127	"S1"	"SDCBP"
1.80169439096751e-131	0.297123228476367	0.853	0.816	6.5943816403802e-127	"S1"	"ITGB1BP1"
1.86049495123247e-131	0.326341037257806	0.814	0.775	6.80959757100595e-127	"S1"	"FAM174C"
2.01861080959378e-131	0.29239241282301	0.884	0.849	7.38831742419419e-127	"S1"	"DDAH2"
8.62862380865068e-131	0.260230974800459	0.93	0.9	3.15816260020423e-126	"S1"	"G6PD"
5.94928988618349e-129	0.25287362022235	0.944	0.919	2.17749959124202e-124	"S1"	"ACADVL"
6.46027267743309e-129	0.526972931380358	0.614	0.528	2.36452440266729e-124	"S1"	"HSPA1B"
1.17352223356934e-128	0.325506361443369	0.822	0.777	4.29520872708712e-124	"S1"	"WDR45"
1.22927399507148e-128	0.781783991489296	0.298	0.194	4.49926574936112e-124	"S1"	"PTGER2"
4.25915625641574e-128	0.251032097895076	0.957	0.95	1.55889378141073e-123	"S1"	"SELENOW"
2.60053077687549e-127	0.740091840446922	0.348	0.242	9.51820269644198e-123	"S1"	"CD82"
3.21674077088979e-127	0.848616880291898	0.254	0.16	1.17735928955337e-122	"S1"	"NEO1"
1.03052901281956e-126	0.724582070845647	0.31	0.206	3.77183923982088e-122	"S1"	"DEPP1"
1.52402467171783e-126	0.380536276293217	0.725	0.658	5.57808270095443e-122	"S1"	"CHCHD10"
2.05765179753749e-126	0.436923744312851	0.658	0.588	7.53121134416699e-122	"S1"	"RPAIN"
3.1554236622475e-126	0.703177226867295	0.385	0.282	1.15491661461921e-121	"S1"	"GCNT1"
4.27325703321871e-125	0.400150125831002	0.665	0.56	1.56405480672838e-120	"S1"	"GPC6"
3.36587274385781e-124	0.259571104537292	0.925	0.902	1.2319430829794e-119	"S1"	"PHLDA3"
6.54876118942102e-123	0.513469667442263	0.543	0.446	2.39691208293999e-118	"S1"	"CYB561"
1.43591531038686e-122	0.565552603302162	0.463	0.356	5.25559362754694e-118	"S1"	"PTGFRN"
2.24845372994315e-122	0.280645029053995	0.904	0.871	8.22956549696494e-118	"S1"	"ANXA7"
4.06773479498139e-122	0.283161613979565	0.905	0.869	1.48883161231114e-117	"S1"	"LAMB2"
5.11760612532509e-122	0.586910003379889	0.472	0.374	1.87309501793024e-117	"S1"	"PIP4K2A"
5.48712897934087e-122	0.287099844640877	0.881	0.844	2.00834407772855e-117	"S1"	"ADD1"
1.06024682648548e-121	0.268027448682319	0.959	0.958	3.88060940961952e-117	"S1"	"LAMA4"
4.29236604196757e-121	0.339395873117173	0.792	0.746	1.57104889502055e-116	"S1"	"PPP1R18"
1.22770109099604e-120	0.695626834058118	0.441	0.339	4.49350876315462e-116	"S1"	"CKB"
3.37831849522009e-120	0.835874675874419	0.255	0.163	1.23649835243551e-115	"S1"	"SMAD6"
9.82654015172347e-119	0.414158802572296	0.666	0.597	3.59661196093231e-114	"S1"	"ZNF524"
7.04391984131973e-118	0.303872748489831	0.908	0.887	2.57814510112143e-113	"S1"	"METRNL"
7.76612460269398e-118	0.755084980349468	0.301	0.206	2.84247926583202e-113	"S1"	"IRAK3"
1.08511673986567e-117	0.622999777361883	0.373	0.27	3.97163577958235e-113	"S1"	"SNHG9"
1.80847939813082e-117	0.581089343918454	0.468	0.362	6.61921544509862e-113	"S1"	"APBB1IP"
3.54202816219582e-117	0.505121757125326	0.575	0.494	1.29641772764529e-112	"S1"	"ITPRID2"
4.42592545978482e-117	0.658958260428859	0.341	0.241	1.61993297753584e-112	"S1"	"LINC02482"
1.97781361529521e-116	0.424025384890029	0.645	0.574	7.23899561334201e-112	"S1"	"CASP4"
2.90134294741173e-116	0.403785809620787	0.707	0.641	1.06192053218217e-111	"S1"	"MT1X"
4.0485406340259e-116	0.925668856510118	0.25	0.162	1.48180635745982e-111	"S1"	"ITPR3"
4.47657173217473e-116	0.289051801191163	0.846	0.81	1.63847001969327e-111	"S1"	"PSMB8"
1.11279380859887e-115	0.359574358101165	0.815	0.775	4.07293661885271e-111	"S1"	"FDFT1"
1.45517342230895e-115	0.333816998594522	0.828	0.785	5.326080242993e-111	"S1"	"MYO1E"
2.00548737323762e-115	0.687556196803427	0.565	0.476	7.34028433478702e-111	"S1"	"FST"
5.63508357543103e-115	0.336146874608607	0.907	0.886	2.06249693944351e-110	"S1"	"IPO5"
6.8215266568383e-115	0.403424807539946	0.632	0.553	2.49674697166938e-110	"S1"	"OSBPL1A"
1.10281503717733e-114	0.292923361759961	0.816	0.791	4.03641331757275e-110	"S1"	"GLRX5"
4.13747551925258e-114	0.708395761442954	0.366	0.272	1.51435741480164e-109	"S1"	"ARSB"
2.55482038974827e-113	0.306891109035699	0.871	0.845	9.35089810851766e-109	"S1"	"BLVRB"
3.76826798049378e-113	0.62137621927291	0.492	0.396	1.37922376354053e-108	"S1"	"AHNAK2"
4.05675385825196e-113	0.338537391520755	0.813	0.762	1.4848124796588e-108	"S1"	"FYN"
4.54109043031812e-113	0.301909279430527	0.793	0.756	1.66208450840074e-108	"S1"	"TEX264"
4.56751817199861e-113	0.527629479811725	0.495	0.4	1.67175732613321e-108	"S1"	"CCDC18-AS1"
1.19618843039283e-111	0.64991933906928	0.344	0.246	4.37816927408079e-107	"S1"	"APOL1"
1.3428325893692e-111	0.43747626325273	0.59	0.498	4.91490156035019e-107	"S1"	"LDB2"
2.39703049997918e-111	0.343360921649207	0.767	0.707	8.7733713329738e-107	"S1"	"TPST1"
2.52941781888076e-111	0.344474858776022	0.758	0.707	9.25792215888546e-107	"S1"	"FGFR1"
4.32809449422218e-111	0.545998047816028	0.526	0.441	1.58412586583026e-106	"S1"	"ASAP2"
9.21696678684774e-111	0.478045929833051	0.543	0.456	3.37350201365414e-106	"S1"	"PHYH"
9.86733772376015e-111	0.725022771373894	0.27	0.178	3.61154428027345e-106	"S1"	"ACE"
1.10870184291354e-110	0.370515586694896	0.721	0.66	4.05795961524783e-106	"S1"	"DNAJB1"
2.62856283446925e-110	0.382420196320361	0.697	0.64	9.62080283044091e-106	"S1"	"TBC1D17"
3.62306421523426e-110	0.586757899866151	0.489	0.393	1.32607773341789e-105	"S1"	"FOSL1"
3.80448225193413e-110	0.325450475479454	0.802	0.757	1.39247854903041e-105	"S1"	"GLB1"
5.26337108575058e-110	0.603439565902399	0.401	0.302	1.92644645109557e-105	"S1"	"TLE1"
6.38040362758168e-110	0.32578917126018	0.779	0.732	2.33529153173117e-105	"S1"	"PKN1"
1.19539735497243e-109	0.31992029543091	0.781	0.742	4.3752738589346e-105	"S1"	"ETHE1"
7.79742588006e-109	0.317810951507705	0.818	0.79	2.85393584636076e-104	"S1"	"NDFIP1"
9.58291964591789e-109	0.296873927829025	0.811	0.785	3.50744441960241e-104	"S1"	"VEGFB"
1.5620685410303e-108	0.376079368410928	0.736	0.664	5.71732706702502e-104	"S1"	"SLC44A1"
1.05163369929567e-107	0.671342369427918	0.365	0.272	3.84908450279209e-103	"S1"	"NOMO1"
1.29849115659051e-107	0.691034869580392	0.289	0.196	4.75260748223694e-103	"S1"	"HOXA7"
1.61985116040332e-107	0.326498597175029	0.747	0.706	5.92881723219218e-103	"S1"	"RNF167"
2.26379041015909e-107	0.281099960610096	0.837	0.803	8.28569928022329e-103	"S1"	"SYF2"
1.16578978876831e-106	0.469130903977958	0.537	0.454	4.26690720587088e-102	"S1"	"TPRG1L"
2.07374704700629e-106	0.510463902055898	0.53	0.443	7.59012156674771e-102	"S1"	"HDAC5"
4.22080261057715e-106	0.425772793619354	0.615	0.55	1.54485596349734e-101	"S1"	"CHST12"
5.3166691888347e-106	0.61786457898944	0.501	0.417	1.94595408980539e-101	"S1"	"MSMO1"
1.78394334044273e-105	0.345667288173404	0.711	0.655	6.52941102035442e-101	"S1"	"ACAA1"
3.22864352380241e-105	0.316773710143699	0.724	0.654	1.18171581614692e-100	"S1"	"LINC01116"
4.10713618887703e-105	0.692818055079885	0.293	0.201	1.50325291649088e-100	"S1"	"SLC12A8"
4.1843378132408e-105	0.382815647055355	0.849	0.826	1.53150948302426e-100	"S1"	"SOD3"
8.05868971808084e-105	0.63385719190666	0.364	0.27	2.94956102371477e-100	"S1"	"TNFRSF14"
1.53174357080259e-104	0.320203216453223	0.754	0.704	5.60633464349457e-100	"S1"	"FKBP7"
3.27999007269596e-104	0.684227821071833	0.363	0.264	1.20050916650745e-99	"S1"	"DUSP6"
3.89074847747542e-104	0.636559561267994	0.711	0.665	1.42405285024078e-99	"S1"	"SEMA3C"
6.10481675084557e-104	0.617250501004107	0.614	0.55	2.23442397897699e-99	"S1"	"INSIG1"
3.96636968380269e-103	0.325592521255045	0.766	0.73	1.45173096796862e-98	"S1"	"METRN"
1.04168359265646e-102	0.330150582389333	0.756	0.702	3.81266611748191e-98	"S1"	"ELOVL5"
2.01635353059287e-102	0.279649499555138	0.816	0.783	7.38005555732295e-98	"S1"	"SLC25A39"
2.4026945020186e-102	0.327507768120217	0.811	0.766	8.79410214683828e-98	"S1"	"NCOA4"
3.63702622372853e-102	0.426124983181605	0.613	0.543	1.33118796814688e-97	"S1"	"TMX4"
3.94806435487137e-102	0.41759646375286	0.592	0.516	1.44503103452647e-97	"S1"	"MTURN"
9.65807079166947e-102	0.295422094310203	0.762	0.716	3.53495049045894e-97	"S1"	"SMIM20"
1.26069253888365e-101	0.470241965490291	0.585	0.512	4.61426076156803e-97	"S1"	"SNX21"
2.490273217449e-101	0.593901558266359	0.373	0.276	9.11464900318507e-97	"S1"	"CSTA"
4.58262713524376e-101	0.49404251602378	0.468	0.377	1.67728735777057e-96	"S1"	"BAIAP2"
5.72317796374214e-101	0.39823497801814	0.685	0.627	2.09474036650926e-96	"S1"	"PLBD2"
7.41787063750103e-101	0.288011874207999	0.785	0.746	2.71501483203175e-96	"S1"	"ZFYVE21"
1.13557642646801e-100	0.262182654104959	0.834	0.808	4.15632327851556e-96	"S1"	"UROS"
1.27059903388385e-100	0.660822007119958	0.317	0.226	4.65051952391828e-96	"S1"	"ZFPM2"
2.91488438496066e-100	0.344645081951606	0.729	0.671	1.06687683373945e-95	"S1"	"CRAT"
7.04904852361127e-100	0.312884520297791	0.77	0.725	2.58002225012696e-95	"S1"	"PYCARD"
7.8920788750971e-100	0.367473583350954	0.652	0.583	2.88857978907429e-95	"S1"	"ANTXR1"
9.11770074274431e-100	0.493920463693072	0.49	0.392	3.33716964885185e-95	"S1"	"FADS2"
2.32791011375524e-99	0.509776995572585	0.497	0.414	8.52038380735555e-95	"S1"	"TMEM106C"
2.87122243866013e-99	0.31539846873605	0.724	0.66	1.050896124774e-94	"S1"	"ST6GALNAC6"
2.97520055556544e-99	0.604446872807696	0.39	0.299	1.08895315534251e-94	"S1"	"ITPRIP"
3.70267288298723e-99	0.351639218881362	0.731	0.678	1.35521530190216e-94	"S1"	"NCSTN"
4.98555856866459e-99	0.5097335997214	0.5	0.419	1.82476429171693e-94	"S1"	"HIBCH"
1.37637502839054e-98	0.546618989636274	0.437	0.334	5.03767024141221e-94	"S1"	"CXCL2"
2.37120067402643e-98	0.371443865415246	0.661	0.591	8.67883158700415e-94	"S1"	"LAYN"
3.4705277570958e-98	0.279385257406091	0.846	0.812	1.27024786437463e-93	"S1"	"SMIM3"
1.16209472106979e-97	0.361968604757852	0.64	0.56	4.25338288858754e-93	"S1"	"COX7A1"
1.63543373442003e-97	0.514471251135648	0.465	0.379	5.98585101135077e-93	"S1"	"TIGAR"
2.1198326173524e-97	0.26451455626618	0.874	0.851	7.75879936277151e-93	"S1"	"FUCA2"
2.3285137362123e-97	0.474010968340676	0.644	0.583	8.52259312591063e-93	"S1"	"AC002398.2"
2.45053411321476e-97	0.318603682553108	0.75	0.712	8.96919990777733e-93	"S1"	"BSCL2"
3.24137671917469e-97	0.371522082031351	0.78	0.729	1.18637629298513e-92	"S1"	"PDLIM5"
8.37863137589273e-97	0.602304341830423	0.439	0.357	3.0666628698905e-92	"S1"	"NNT"
1.33914656596706e-96	0.721439249869487	0.301	0.216	4.90141034609604e-92	"S1"	"HOXA9"
6.00936905337344e-96	0.366541952617554	0.66	0.575	2.19948916722521e-91	"S1"	"PLK2"
9.00133724307422e-96	0.269295449931919	0.814	0.782	3.2945794443376e-91	"S1"	"PPP1CC"
2.69952362787775e-95	0.293278723863877	0.785	0.749	9.88052643039535e-91	"S1"	"WBP1"
2.81074149315936e-95	0.46860197814485	0.544	0.465	1.02875949391126e-90	"S1"	"ZDHHC7"
4.00424571275586e-95	0.592035883580185	0.395	0.307	1.46559397332577e-90	"S1"	"TBCD"
9.22694884789166e-95	0.34840322114289	0.734	0.682	3.37715554781683e-90	"S1"	"DLGAP4"
9.42453376784472e-95	0.717676258129046	0.312	0.227	3.44947360436885e-90	"S1"	"DOCK11"
3.83650449704918e-94	0.511546433583127	0.45	0.364	1.40419901096497e-89	"S1"	"KYAT3"
4.15246224599352e-94	0.389160739923982	0.623	0.562	1.51984270665609e-89	"S1"	"NTPCR"
8.54235265242509e-94	0.466060373534291	0.68	0.634	3.12658649431411e-89	"S1"	"CCDC71L"
1.10840355524652e-93	0.439674313779076	0.478	0.383	4.0568678525578e-89	"S1"	"POMZP3"
5.30001795787245e-93	0.384528228875119	0.662	0.604	1.9398595727609e-88	"S1"	"IGF2R"
9.48264162789728e-93	0.54999755470823	0.324	0.234	3.47074166222668e-88	"S1"	"NOTCH3"
1.09323260124857e-92	0.649009747091058	0.317	0.231	4.0013406438299e-88	"S1"	"IFIT1"
1.27676540061288e-92	0.309266542449512	0.789	0.742	4.67308904278322e-88	"S1"	"CAPN1"
2.87339031295402e-92	0.72225737552349	0.266	0.183	1.0516895884443e-87	"S1"	"SYNE3"
3.70150753261189e-92	0.328031695013823	0.729	0.684	1.35478877201128e-87	"S1"	"MFSD1"
1.57000066166137e-91	0.299615111763605	0.634	0.532	5.74635942174677e-87	"S1"	"GSTM1"
3.55320451611828e-91	0.293035992422317	0.771	0.736	1.30050838494445e-86	"S1"	"NR1H2"
7.6974109067991e-91	0.530066678768174	0.451	0.364	2.81732936599754e-86	"S1"	"APCDD1L-DT"
8.36831770769485e-91	0.628167882530285	0.336	0.253	3.06288796419339e-86	"S1"	"EIF3C"
9.36492591226304e-91	0.320927469503399	0.794	0.759	3.4276565331474e-86	"S1"	"PPFIBP1"
1.54415335575051e-90	0.596058519303707	0.38	0.295	5.65175569738245e-86	"S1"	"CUL4B"
3.11476536178526e-90	0.31992246165644	0.714	0.671	1.14003527006702e-85	"S1"	"HPS1"
1.1022539182719e-89	0.377075553725888	0.634	0.574	4.03435956626698e-85	"S1"	"BAG1"
1.95578976542531e-89	0.424940271028635	0.554	0.48	7.15838612043319e-85	"S1"	"RHOD"
2.86935984327751e-89	0.671359124105948	0.265	0.183	1.050214396238e-84	"S1"	"METTL27"
3.79840999754568e-89	0.256758872144634	0.877	0.868	1.3902560432017e-84	"S1"	"CLTB"
5.6341800112224e-89	0.837868507687242	0.475	0.395	2.06216622590751e-84	"S1"	"ABI3BP"
8.57825987598153e-89	0.72804188735833	0.304	0.22	3.139728897208e-84	"S1"	"VIT"
8.99971715800592e-89	0.401462046685035	0.675	0.618	3.29398647700175e-84	"S1"	"CYP51A1"
1.25697133009787e-88	0.468724701355992	0.597	0.53	4.60064076529121e-84	"S1"	"BEST1"
1.66589565312521e-88	0.634754040949581	0.312	0.228	6.0973446800036e-84	"S1"	"AC245297.3"
2.36923889028012e-88	0.633150258862558	0.36	0.275	8.67165126231428e-84	"S1"	"SSX2IP"
2.58432547793229e-88	0.258441139480882	0.772	0.725	9.45888968177996e-84	"S1"	"GPX7"
6.17794230756071e-88	0.405518162804018	0.622	0.556	2.2611886639903e-83	"S1"	"PDCD4"
9.39126104178291e-88	0.354037450183763	0.756	0.715	3.43729545390296e-83	"S1"	"DCBLD2"
1.37062610462015e-87	0.44725328385394	0.551	0.482	5.0166286055202e-83	"S1"	"NEU1"
3.48234553280519e-87	0.400304182146066	0.556	0.472	1.27457328846203e-82	"S1"	"MAP2K3"
3.49142523484769e-87	0.532373910724184	0.398	0.312	1.2778965502066e-82	"S1"	"RNASE4"
1.19513896010874e-86	0.340951831409297	0.747	0.709	4.374328107894e-82	"S1"	"ARHGAP21"
5.81388957955339e-86	0.414686926945168	0.561	0.48	2.12794172501234e-81	"S1"	"GATA6"
6.52366641768094e-86	0.447141429669844	0.46	0.374	2.3877271455354e-81	"S1"	"RIN2"
6.60400695094754e-86	0.323768482320633	0.759	0.724	2.41713258411631e-81	"S1"	"FAM3C"
9.83818751966612e-86	0.385280268612692	0.598	0.536	3.600875014073e-81	"S1"	"STK16"
1.75702810767831e-85	0.528800077797662	0.44	0.362	6.43089857691337e-81	"S1"	"GSR"
2.11558306437971e-85	0.268887857085925	0.814	0.785	7.74324557393616e-81	"S1"	"ZBTB7A"
2.92373856542498e-85	0.287217779594055	0.81	0.774	1.0701175523312e-80	"S1"	"HECTD1"
4.24332035703464e-85	0.336359898936317	0.672	0.626	1.55309768387825e-80	"S1"	"PCBD1"
2.07314848771504e-84	0.563276796319823	0.448	0.373	7.58793077988584e-80	"S1"	"ACOT7"
4.08493154589567e-84	0.36094930758323	0.631	0.572	1.49512579511327e-79	"S1"	"ITFG1"
5.56079528098565e-84	0.328339182783698	0.68	0.627	2.03530668079356e-79	"S1"	"MRPL10"
1.31189061081674e-83	0.44973746509287	0.545	0.469	4.80165082465034e-79	"S1"	"RELB"
1.36158612361097e-83	0.481178083195657	0.497	0.412	4.9835413710285e-79	"S1"	"SEMA7A"
3.08108585048315e-83	0.36230359440671	0.714	0.674	1.12770823213534e-78	"S1"	"NUDT4"
3.30401029216411e-83	0.433302492791874	0.533	0.459	1.20930080703499e-78	"S1"	"HSD17B11"
3.33335366869226e-83	0.60487805369778	0.336	0.255	1.22004077627806e-78	"S1"	"HAND2"
4.13386138650267e-83	0.352574278608193	0.596	0.497	1.51303460607384e-78	"S1"	"SULF1"
4.31338363214182e-83	0.307051821556028	0.732	0.681	1.57874154320023e-78	"S1"	"BAG6"
7.11652803566979e-83	0.385024649767361	0.598	0.533	2.6047204263355e-78	"S1"	"DNASE2"
7.32777988751683e-83	0.366281618712988	0.618	0.557	2.68204071663003e-78	"S1"	"PCID2"
8.09571096576327e-83	0.619454852613945	0.267	0.188	2.96311117057902e-78	"S1"	"CAP2"
2.01092193164498e-82	0.351552748959558	0.663	0.613	7.36017536201378e-78	"S1"	"CARS2"
2.55590593417013e-82	0.27628487483498	0.777	0.737	9.35487130965608e-78	"S1"	"NPEPPS"
3.8600018000209e-82	0.283259058844403	0.746	0.713	1.41279925882565e-77	"S1"	"MAN1B1"
4.61090371210444e-82	0.307321639265552	0.692	0.647	1.68763686766735e-77	"S1"	"SNAP29"
7.11556873834554e-82	0.463076574308964	0.499	0.426	2.60436931392185e-77	"S1"	"PIK3R2"
1.18424875316758e-81	0.259478717512379	0.827	0.803	4.33446886146865e-77	"S1"	"DTWD1"
2.64774533746837e-81	0.602690407619821	0.316	0.235	9.69101270966796e-77	"S1"	"SEL1L3"
4.67189489951896e-81	0.580707950683559	0.412	0.328	1.70996025217293e-76	"S1"	"OSR1"
4.70835548408939e-81	0.443238344249875	0.499	0.422	1.72330519073156e-76	"S1"	"TRIM4"
5.42541049340675e-81	0.386120399751947	0.609	0.55	1.98575449469181e-76	"S1"	"MAN2B1"
2.49449947150629e-80	0.466884624045587	0.479	0.408	9.13011751566017e-76	"S1"	"PIEZO1"
5.66664094608776e-80	0.6348979289476	0.277	0.198	2.07404725267758e-75	"S1"	"COL13A1"
6.7857900793956e-80	0.386085280067415	0.59	0.529	2.48366702695959e-75	"S1"	"INPP1"
7.29461773429055e-80	0.543759386540013	0.401	0.319	2.66990303692769e-75	"S1"	"BMPER"
1.65147537608539e-79	0.441176602973005	0.512	0.442	6.04456502401012e-75	"S1"	"PYM1"
2.07540285083082e-79	0.293770916047364	0.763	0.718	7.59618197432587e-75	"S1"	"MARVELD1"
2.13780285892016e-79	0.388831339368623	0.585	0.514	7.82457224393367e-75	"S1"	"TRIM25"
4.29208210382591e-79	0.527753596390533	0.375	0.293	1.57094497082132e-74	"S1"	"PIR"
5.59800721528324e-79	0.437365435516934	0.506	0.433	2.04892662086582e-74	"S1"	"MAN2B2"
9.77624331878893e-79	0.308504807145614	0.786	0.753	3.57820281710994e-74	"S1"	"GOLIM4"
1.83498643591313e-78	0.282134447891445	0.729	0.694	6.71623385408566e-74	"S1"	"ARMC10"
2.49653382786861e-78	0.278020098875094	0.768	0.729	9.1375634633819e-74	"S1"	"KEAP1"
2.63260323869925e-78	0.324244203179728	0.831	0.816	9.63559111396312e-74	"S1"	"RAD21"
3.42322054500225e-78	0.617176476347649	0.309	0.233	1.25293295167628e-73	"S1"	"LRRC8D"
7.63587165152203e-78	0.407668745137013	0.74	0.701	2.79480538317358e-73	"S1"	"MAT2A"
8.99217491671574e-78	0.451913346917236	0.458	0.38	3.29122594126713e-73	"S1"	"HAUS4"
9.28509782613153e-78	0.478661378865028	0.427	0.348	3.3984386553424e-73	"S1"	"RABL2B"
1.26367779196617e-77	0.542768781542426	0.397	0.319	4.62518708637538e-73	"S1"	"RRM2B"
1.82134289970308e-77	0.257220674683119	0.832	0.811	6.66629714720323e-73	"S1"	"ANXA4"
4.93628544785351e-77	0.354517687811984	0.758	0.727	1.80672983676886e-72	"S1"	"FDPS"
6.14233891510197e-77	0.433894549302238	0.502	0.434	2.24815746631647e-72	"S1"	"C1orf53"
8.66575654870388e-77	0.346172633016926	0.615	0.563	3.17175355439111e-72	"S1"	"PIGF"
9.41295805699488e-77	0.687287404606416	0.389	0.317	3.4452367784407e-72	"S1"	"FAM13A"
2.49517382700124e-76	0.666276229382877	0.261	0.187	9.13258572420722e-72	"S1"	"HSPB8"
3.54197970975058e-76	0.334751238045293	0.644	0.592	1.29639999356581e-71	"S1"	"FAM92A"
5.00648572113344e-76	0.430601005236308	0.497	0.429	1.83242383879205e-71	"S1"	"GSTZ1"
5.53734832806881e-76	0.554666285118633	0.35	0.271	2.02672486155646e-71	"S1"	"PLEKHA4"
8.73679757926748e-76	0.490370728688031	0.34	0.255	3.19775528198769e-71	"S1"	"CXCL3"
1.96751818997802e-75	0.329739130533265	0.655	0.604	7.20131332713856e-71	"S1"	"SNAPC2"
1.97924193686469e-75	0.296250976912485	0.72	0.659	7.24422341311845e-71	"S1"	"ZNF503"
2.5806732163353e-75	0.555257909910104	0.356	0.271	9.44552203910883e-71	"S1"	"ICAM1"
3.96692948479672e-75	0.356111151033312	0.619	0.569	1.45193586073045e-70	"S1"	"CHMP2B"
1.72187416023689e-74	0.600679729451657	0.3	0.226	6.30223161388305e-70	"S1"	"PGM2"
1.73616930950042e-74	0.390650598668946	0.583	0.523	6.3545532897025e-70	"S1"	"TCIRG1"
2.35661831466109e-74	0.622099862844661	0.28	0.205	8.62545869349107e-70	"S1"	"GM2A"
7.96787413390435e-74	0.635832974227335	0.302	0.228	2.91632161175033e-69	"S1"	"SGMS2"
8.83935007193874e-74	0.334264145792269	0.773	0.733	3.2352905198303e-69	"S1"	"IFI30"
1.51303425695818e-73	0.546116390400289	0.398	0.325	5.53785668389262e-69	"S1"	"SLC25A4"
1.33803497219079e-72	0.356027697183916	0.78	0.743	4.89734180171549e-68	"S1"	"CCND1"
2.14913639803448e-72	0.445369609848864	0.47	0.399	7.86605413044602e-68	"S1"	"C11orf1"
3.50948540416732e-72	0.335212906580851	0.664	0.603	1.28450675277928e-67	"S1"	"NUMA1"
4.53832549538009e-72	0.561225173297911	0.309	0.233	1.66107251456407e-67	"S1"	"PPP1R3F"
5.42862733416983e-72	0.455146059711082	0.48	0.41	1.9869318905795e-67	"S1"	"ASAP3"
7.9801611244531e-72	0.363490393184578	0.631	0.581	2.92081877316108e-67	"S1"	"NINJ1"
1.25173877861888e-71	0.532903629897835	0.328	0.248	4.58148910362297e-67	"S1"	"DBP"
1.60368065891693e-71	0.328171096144991	0.65	0.591	5.86963157970185e-67	"S1"	"GAA"
3.42016355139697e-71	0.266444198685812	0.741	0.71	1.25181406144681e-66	"S1"	"JAGN1"
1.06143555443211e-70	0.291402609171111	0.73	0.685	3.88496027277698e-66	"S1"	"HDAC7"
1.19315750458912e-70	0.401256304835525	0.521	0.456	4.36707578254664e-66	"S1"	"IVD"
2.07341205073252e-70	0.321369989020936	0.615	0.556	7.58889544688611e-66	"S1"	"INTS10"
4.28249674304365e-70	0.390134449040775	0.57	0.511	1.56743663292141e-65	"S1"	"ERCC5"
5.8969628841487e-70	0.581655554684938	0.344	0.27	2.15834738522727e-65	"S1"	"TSHZ1"
8.39408174107321e-70	0.443653623787381	0.462	0.391	3.07231785805021e-65	"S1"	"FLT3LG"
1.5230481214343e-69	0.557284608155476	0.322	0.248	5.5745084292617e-65	"S1"	"PIGV"
1.78128047577903e-69	0.421679648591715	0.486	0.418	6.51966466939882e-65	"S1"	"JAM3"
1.99807627255318e-69	0.282273411214979	0.816	0.794	7.3131589651719e-65	"S1"	"GNG11"
2.99228083356193e-69	0.387980140094184	0.532	0.468	1.095204707892e-64	"S1"	"HYAL2"
9.20586153058847e-69	0.543131523154701	0.314	0.239	3.36943737881069e-64	"S1"	"IGSF8"
2.01507251840662e-68	0.353549429295863	0.602	0.545	7.37536692462007e-64	"S1"	"VPS13C"
2.06290892944935e-68	0.414581330724675	0.558	0.498	7.55045297267757e-64	"S1"	"PYGB"
3.09537767484879e-68	0.633721973087443	0.333	0.263	1.1329391827714e-63	"S1"	"HLA-DPB1"
5.80694985824611e-68	0.541344884642866	0.36	0.287	2.12540171761666e-63	"S1"	"MAPKAPK3"
7.74515788003845e-68	0.331197782028873	0.632	0.578	2.83480523567287e-63	"S1"	"PLXNB2"
1.35436093284476e-67	0.570848437041654	0.3	0.227	4.9570964503051e-63	"S1"	"GPR137B"
2.46359980371116e-67	0.350305144781059	0.67	0.619	9.01702164156322e-63	"S1"	"MDM2"
1.43486672154481e-66	0.39631183018654	0.504	0.439	5.25175568752616e-62	"S1"	"CYB5D2"
2.28413088308472e-66	0.433564955797834	0.509	0.438	8.36014744517838e-62	"S1"	"ARL4C"
2.95392090574253e-66	0.72480671163073	0.256	0.189	1.08116459071082e-61	"S1"	"DGAT2"
3.94690234151944e-66	0.400834750959962	0.482	0.411	1.44460572601953e-61	"S1"	"LIMK1"
5.96381604419519e-66	0.269197514234667	0.737	0.706	2.18281631033588e-61	"S1"	"CCDC92"
6.48362824904821e-66	0.568782984287203	0.31	0.239	2.37307277543414e-61	"S1"	"MGST2"
1.58581255459938e-65	0.424859030346076	0.45	0.379	5.80423253108919e-61	"S1"	"GGH"
1.89172512207049e-65	0.387826474310128	0.555	0.497	6.92390311929019e-61	"S1"	"CHPF2"
1.96847944712197e-65	0.276688787099054	0.737	0.693	7.20483162441114e-61	"S1"	"BIN1"
2.79128307343904e-65	0.291817806455459	0.754	0.735	1.02163751770942e-60	"S1"	"MBNL2"
2.87689999272261e-65	0.560099630559035	0.351	0.278	1.0529741663364e-60	"S1"	"AVPI1"
3.06168718272139e-65	0.604357671030407	0.337	0.262	1.12060812574786e-60	"S1"	"FBXO32"
5.25696222242465e-65	0.385484465975929	0.545	0.487	1.92410074302964e-60	"S1"	"TPST2"
1.0386263829525e-64	0.349288369067894	0.612	0.562	3.80147642424444e-60	"S1"	"NRIP1"
1.22475596929827e-64	0.549494593764824	0.29	0.223	4.48272932322859e-60	"S1"	"MIR497HG"
1.41583003087004e-64	0.347168394940955	0.594	0.54	5.18207949598742e-60	"S1"	"DDX54"
1.48309274840952e-64	0.272753381283977	0.682	0.619	5.42826776845368e-60	"S1"	"STOM"
2.14982566832809e-64	0.496747572943807	0.258	0.185	7.86857692864765e-60	"S1"	"GAP43"
4.06552118167997e-64	0.263770884113524	0.69	0.645	1.48802140770669e-59	"S1"	"GATD3B"
4.53362645910107e-64	0.369720036232442	0.511	0.438	1.65935262029558e-59	"S1"	"HOXB7"
5.72357576921257e-64	0.625630765991458	0.267	0.198	2.09488596728949e-59	"S1"	"AC090204.1"
1.23526934908876e-63	0.41875865413832	0.46	0.389	4.52120934459978e-59	"S1"	"FLRT2"
2.34595689109922e-63	0.322755268000812	0.62	0.568	8.58643681711226e-59	"S1"	"USP33"
3.28915774003764e-63	0.409036806868219	0.431	0.358	1.20386462443118e-58	"S1"	"HIST1H1C"
4.92843270445652e-63	0.34094812232819	0.678	0.634	1.80385565415813e-58	"S1"	"SH3D19"
6.37427489547896e-63	0.277780802157506	0.776	0.762	2.33304835449426e-58	"S1"	"CDKN2A"
6.99677312682188e-63	0.579531825105112	0.29	0.223	2.56088893214808e-58	"S1"	"STIM1"
8.66515668271753e-63	0.587629177788276	0.25	0.182	3.17153399744144e-58	"S1"	"DLGAP1-AS1"
1.39410333010971e-62	0.425100336803895	0.485	0.422	5.10255759853456e-58	"S1"	"B4GAT1"
1.78057917970149e-62	0.357980777053629	0.562	0.507	6.51709785562543e-58	"S1"	"NOA1"
5.56005240609438e-62	0.270395204251265	0.749	0.715	2.03503478115461e-57	"S1"	"EXT2"
8.88355112158548e-62	0.519641758970919	0.34	0.271	3.2514685460115e-57	"S1"	"SPR"
2.01655835196344e-61	0.328320321858987	0.627	0.577	7.38080522402139e-57	"S1"	"CDC42BPB"
4.63994778027927e-61	0.428729037980416	0.54	0.484	1.69826728706002e-56	"S1"	"TPD52L1"
4.99782198690129e-61	0.540779859938644	0.322	0.254	1.82925282542574e-56	"S1"	"PLCD1"
5.37000911934138e-61	0.491400814755234	0.454	0.389	1.96547703777014e-56	"S1"	"FASN"
6.30569331199018e-61	0.485907814335728	0.354	0.283	2.30794680912153e-56	"S1"	"DGLUCY"
1.17746084687178e-60	0.388928282769663	0.494	0.428	4.3096244456354e-56	"S1"	"EPS8L2"
1.33044817110485e-60	0.270039985228521	0.726	0.685	4.86957335106085e-56	"S1"	"TNPO1"
1.97594729986298e-60	0.531297751098637	0.319	0.25	7.23216471222849e-56	"S1"	"CLK1"
2.6972461136359e-60	0.584420123558021	0.266	0.199	9.87219050051877e-56	"S1"	"WDFY3-AS2"
3.51483197586877e-60	0.38367358537734	0.469	0.396	1.28646365148773e-55	"S1"	"SEMA5A"
4.0534798671339e-60	0.431560764556866	0.447	0.386	1.48361416616968e-55	"S1"	"SNX19"
4.16265708565616e-60	0.3113139937293	0.647	0.585	1.52357411992101e-55	"S1"	"KLF4"
5.98533689693192e-60	0.406995175658146	0.434	0.364	2.19069315764605e-55	"S1"	"EIF4EBP3"
7.67727931180956e-60	0.301828460780788	0.615	0.564	2.80996100091542e-55	"S1"	"ZDHHC4"
1.84909056895036e-59	0.383102863898081	0.537	0.486	6.76785639141521e-55	"S1"	"TUSC1"
2.04897668444307e-59	0.257283988353425	0.727	0.693	7.49945956273007e-55	"S1"	"CASC4"
2.90393931602011e-59	0.446047445252507	0.459	0.4	1.06287082905652e-54	"S1"	"MMAB"
4.31526441324499e-59	0.457640136862321	0.441	0.378	1.5794299278918e-54	"S1"	"SREBF2"
4.48613792996555e-59	0.267927833858176	0.759	0.724	1.64197134374669e-54	"S1"	"EXT1"
4.59360543133798e-59	0.407189892727398	0.472	0.41	1.68130552392402e-54	"S1"	"C1GALT1C1"
6.44565580718783e-59	0.533939632855167	0.277	0.209	2.35917448198882e-54	"S1"	"BTN3A2"
8.04529249624568e-59	0.47720497185538	0.367	0.296	2.94465750655088e-54	"S1"	"STEAP3"
1.299199139596e-58	0.543703314256576	0.286	0.22	4.75519877083534e-54	"S1"	"IQCB1"
1.39056630832079e-58	0.383680926270793	0.475	0.409	5.08961174508491e-54	"S1"	"PFKM"
2.45519708507798e-58	0.371928986411045	0.538	0.485	8.98626685109391e-54	"S1"	"PLEKHM2"
2.80993423095242e-58	0.306873014240302	0.653	0.603	1.0284640278709e-53	"S1"	"GPR176"
3.73590362888233e-58	0.260007882338999	0.712	0.681	1.36737808720722e-53	"S1"	"MRPS2"
3.92961647768576e-58	0.323228674684828	0.578	0.526	1.43827892699776e-53	"S1"	"RETREG2"
4.26430578801489e-58	0.285185865849002	0.651	0.614	1.56077856147133e-53	"S1"	"THAP4"
4.99502970056089e-58	0.387757345715483	0.475	0.412	1.82823082070229e-53	"S1"	"PDK2"
9.7336480043384e-58	0.294402863367848	0.626	0.577	3.5626125060679e-53	"S1"	"TMBIM1"
1.13966953048496e-57	0.279624415820652	0.672	0.629	4.171304448528e-53	"S1"	"PAPSS1"
1.15208766954011e-57	0.304924603016957	0.596	0.548	4.21675607928375e-53	"S1"	"PTPN2"
1.79836632927673e-57	0.272536032796153	0.685	0.645	6.58220060178577e-53	"S1"	"MICU1"
1.94542719234915e-57	0.405692495332949	0.439	0.375	7.12045806671713e-53	"S1"	"CRYZ"
3.25439424336801e-57	0.329213470233618	0.581	0.53	1.19114083701513e-52	"S1"	"RMDN1"
3.6516165327133e-57	0.443475670132897	0.39	0.322	1.3365281671384e-52	"S1"	"GNPTAB"
3.98209298812511e-57	0.313244151543057	0.627	0.58	1.45748585458367e-52	"S1"	"MAML2"
1.40095008553284e-56	0.541224394503312	0.257	0.192	5.12761740805873e-52	"S1"	"CHEK2"
2.08358913743055e-56	0.586163787587398	0.256	0.193	7.62614460190957e-52	"S1"	"DMPK"
4.11815383721473e-56	0.31399221704346	0.56	0.499	1.50728548595896e-51	"S1"	"ARL4D"
1.47508991911632e-55	0.426216295207106	0.423	0.356	5.39897661295764e-51	"S1"	"APCDD1L"
2.63531159744757e-55	0.520441489544115	0.268	0.202	9.64550397781784e-51	"S1"	"ARHGEF3"
3.0939235372965e-55	0.262128633588057	0.724	0.687	1.13240695388589e-50	"S1"	"HSPA1A"
3.98660539907239e-55	0.257856951015348	0.681	0.643	1.45913744211449e-50	"S1"	"MLST8"
4.58058550228511e-55	0.441098634178521	0.41	0.344	1.67654009969137e-50	"S1"	"THBS3"
5.86866959424296e-55	0.428269619793614	0.617	0.594	2.14799175818886e-50	"S1"	"PPP1R14B-AS1"
6.18107558824109e-55	0.504250744681843	0.321	0.255	2.26233547605212e-50	"S1"	"MAP3K12"
6.90668701555162e-55	0.306599721802921	0.631	0.594	2.52791651456205e-50	"S1"	"NFKBIL1"
7.30635834609792e-55	0.316111261428335	0.589	0.544	2.6742002182553e-50	"S1"	"IP6K2"
7.75033089762957e-55	0.277799190493581	0.687	0.65	2.8366986118414e-50	"S1"	"WBP2"
8.50285058595567e-55	0.356778217945378	0.353	0.277	3.11212834296563e-50	"S1"	"PCLAF"
1.18918967406669e-54	0.393746538024634	0.448	0.388	4.35255312605148e-50	"S1"	"PNPLA6"
1.30685764996762e-54	0.317998081979975	0.584	0.539	4.78322968464648e-50	"S1"	"PIGK"
2.04415374280516e-54	0.288923617723086	0.658	0.618	7.48180711404118e-50	"S1"	"CDK5RAP3"
2.10471514391117e-54	0.269695601025326	0.742	0.71	7.70346789822926e-50	"S1"	"ATP2B1"
2.96297709847522e-54	0.359099820893908	0.464	0.399	1.08447924781292e-49	"S1"	"SMAGP"
3.2526148833446e-54	0.437321577641006	0.384	0.32	1.19048957345296e-49	"S1"	"TMEM150A"
3.43314068592905e-54	0.374931749697562	0.473	0.411	1.25656382245689e-49	"S1"	"KIF22"
3.79203912697014e-54	0.414004746987487	0.423	0.362	1.38792424086234e-49	"S1"	"SLC22A18"
4.84054563397037e-54	0.46571975206049	0.364	0.3	1.7716881074895e-49	"S1"	"FAIM"
4.9122955785941e-54	0.277301150556948	0.619	0.574	1.79794930472123e-49	"S1"	"SUCLA2"
7.39737137004703e-54	0.326176854415823	0.584	0.538	2.70751189515091e-49	"S1"	"GBA"
1.24556006758556e-53	0.333377444248936	0.571	0.528	4.55887440336991e-49	"S1"	"FMC1"
1.32185177737071e-53	0.321311456183964	0.581	0.534	4.83810969035453e-49	"S1"	"RUFY1"
1.56177967356795e-53	0.274673860534624	0.697	0.655	5.71626978322605e-49	"S1"	"APPL2"
1.71951590185599e-53	0.314971661062975	0.665	0.634	6.2936001523831e-49	"S1"	"GLUD1"
2.41642247610011e-53	0.410193959095599	0.456	0.395	8.84434790477402e-49	"S1"	"PBXIP1"
2.75340735033598e-53	0.358300111081169	0.482	0.421	1.00777462429647e-48	"S1"	"PARP4"
1.0876621770773e-52	0.401543344703478	0.421	0.356	3.98095233432062e-48	"S1"	"IRS1"
1.32487890321315e-52	0.483542024616594	0.338	0.274	4.84918927365046e-48	"S1"	"NNT-AS1"
1.35798932510901e-52	0.498072491931923	0.321	0.259	4.97037672883148e-48	"S1"	"ACOX2"
1.69358383668906e-52	0.462947378861766	0.333	0.267	6.19868620066565e-48	"S1"	"C5orf56"
2.84549182000588e-52	0.299903242671241	0.532	0.472	1.04147846104035e-47	"S1"	"SRPX2"
3.63222948021355e-52	0.306972059173212	0.58	0.524	1.32943231205296e-47	"S1"	"DRAM1"
4.65206845687799e-52	0.591561216047502	0.256	0.195	1.70270357590191e-47	"S1"	"TMEM132A"
6.4298016854644e-52	0.343961498393713	0.488	0.43	2.35337171489682e-47	"S1"	"CEP63"
8.1263848335845e-52	0.273452522958014	0.642	0.606	2.97433811294026e-47	"S1"	"SNRPN"
8.81153578346285e-52	0.498069419066043	0.284	0.221	3.22511021210524e-47	"S1"	"SSH3"
9.99817708374794e-52	0.363161649746647	0.506	0.453	3.65943279442258e-47	"S1"	"FAM160B1"
1.03937044327204e-51	0.341432437445322	0.49	0.432	3.80419975941999e-47	"S1"	"ABRAXAS1"
1.87419535287925e-51	0.272615643756747	0.642	0.609	6.85974241107333e-47	"S1"	"THYN1"
1.94390834662725e-51	0.455739416650266	0.344	0.281	7.11489893949041e-47	"S1"	"DOK4"
2.44784967879829e-51	0.31874310905429	0.583	0.528	8.9593746093696e-47	"S1"	"HIST1H1E"
4.53824772516408e-51	0.331357265854031	0.655	0.616	1.6610440498873e-46	"S1"	"ACSL4"
5.60307612938221e-51	0.309255905087099	0.681	0.643	2.05078189411518e-46	"S1"	"MARCKSL1"
6.75554061278279e-51	0.364129564856883	0.466	0.406	2.47259541968463e-46	"S1"	"ECHDC2"
1.17713684998791e-50	0.52118956312647	0.316	0.254	4.30843858464075e-46	"S1"	"TCF7"
1.47658597865053e-50	0.47396968083887	0.342	0.282	5.40445234045881e-46	"S1"	"SLC1A1"
1.88283857572758e-50	0.268493809270821	0.659	0.628	6.89137747102053e-46	"S1"	"TMEM14A"
4.58102096836907e-50	0.266384295736867	0.667	0.636	1.67669948463276e-45	"S1"	"LZTS2"
5.31877032006059e-50	0.417127791179478	0.474	0.417	1.94672312484537e-45	"S1"	"MAN2A1"
5.54988652260091e-50	0.284548752281605	0.6	0.556	2.03131396613716e-45	"S1"	"SLC25A37"
5.98143887361065e-50	0.43688472255402	0.387	0.327	2.18926644213023e-45	"S1"	"SRGAP2"
7.76402538972034e-50	0.36466241705466	0.505	0.455	2.84171093289154e-45	"S1"	"RHBDF1"
9.39005389936197e-50	0.434265921134087	0.397	0.335	3.43685362770547e-45	"S1"	"MAP3K8"
1.1268727790528e-49	0.398091548170346	0.476	0.413	4.12446705861115e-45	"S1"	"KCNMA1"
1.27963411817449e-49	0.449160477147203	0.344	0.283	4.68358883593044e-45	"S1"	"TOMM34"
1.31417409832075e-49	0.412299463489323	0.368	0.306	4.81000861726376e-45	"S1"	"CRYL1"
2.14682030175738e-49	0.256183775468468	0.671	0.634	7.8575769864622e-45	"S1"	"WASL"
2.89914979099223e-49	0.288826115619969	0.591	0.541	1.06111781500107e-44	"S1"	"C1RL"
4.02509392701435e-49	0.442606093114243	0.338	0.275	1.47322462822652e-44	"S1"	"SESN1"
4.11737972618161e-49	0.525312194668841	0.259	0.2	1.50700215357973e-44	"S1"	"ELOVL6"
4.74411425881332e-49	0.443957202307422	0.468	0.416	1.73639325986826e-44	"S1"	"SYT11"
5.6211872424853e-49	0.391969722184838	0.444	0.387	2.05741074262204e-44	"S1"	"PROS1"
7.40015635997294e-49	0.291383825650018	0.539	0.482	2.70853122931369e-44	"S1"	"SERPINB1"
9.18852722262223e-49	0.265246254187409	0.663	0.635	3.36309284875196e-44	"S1"	"ATP6V1E1"
1.13799574042315e-48	0.349194397407189	0.527	0.475	4.16517820952277e-44	"S1"	"EXOC3"
1.21522037705315e-48	0.267477067024674	0.859	0.854	4.44782810205225e-44	"S1"	"CAPG"
1.81287909039068e-48	0.520132876999249	0.25	0.191	6.63531875873892e-44	"S1"	"CARMIL1"
4.16001810251527e-48	0.258202949089973	0.658	0.627	1.52260822570161e-43	"S1"	"HMGN3"
4.83595597493364e-48	0.278820163806101	0.629	0.594	1.77000824638546e-43	"S1"	"TMEM9B"
9.8791051184519e-48	0.298769414861324	0.536	0.482	3.61585126440458e-43	"S1"	"TTC39C"
1.19640069629512e-47	0.60926052189101	0.307	0.247	4.37894618850975e-43	"S1"	"NMB"
1.73587458238501e-47	0.461113655696555	0.319	0.26	6.35347455898738e-43	"S1"	"TPCN1"
2.53480771325639e-47	0.317843142753882	0.505	0.449	9.27764971128971e-43	"S1"	"FDXR"
3.01473403716104e-47	0.493293783435532	0.285	0.226	1.10342280494131e-42	"S1"	"EFCAB2"
3.21506093465512e-47	0.495227243639193	0.287	0.229	1.17674445269312e-42	"S1"	"ADAMTS7"
3.43494548574769e-47	0.259518686761252	0.674	0.639	1.25722439723851e-42	"S1"	"KANK2"
3.72810943446988e-47	0.287095741254242	0.604	0.559	1.36452533411032e-42	"S1"	"STAT6"
5.19934546312413e-47	0.410432700404793	0.372	0.311	1.90301243295806e-42	"S1"	"ALDH3A2"
8.55678476076394e-47	0.356657998938936	0.476	0.426	3.13186879028721e-42	"S1"	"ZNF277"
1.18126902536478e-46	0.348332920087393	0.513	0.466	4.32356275973763e-42	"S1"	"MANBA"
1.18600927374797e-46	0.404068475726197	0.256	0.196	4.34091254284494e-42	"S1"	"APOE"
1.43368828263182e-46	0.324264369046724	0.549	0.503	5.24744248326071e-42	"S1"	"LMBRD1"
2.0771513968579e-46	0.446333634603675	0.355	0.297	7.60258182763959e-42	"S1"	"PRMT7"
4.36809640581182e-46	0.364512501084418	0.422	0.364	1.59876696549118e-41	"S1"	"TMEM65"
4.52883313492068e-46	1.11763659574764	0.416	0.361	1.65759821571232e-41	"S1"	"IGFBP5"
5.28901328297703e-46	0.374470231444744	0.442	0.387	1.93583175170242e-41	"S1"	"RILPL2"
6.41443230393487e-46	0.563646185833484	0.309	0.253	2.3477463675632e-41	"S1"	"DOCK5"
7.0552536192331e-46	0.295705236643885	0.597	0.562	2.58229337717551e-41	"S1"	"FAM3A"
8.18281547171264e-46	0.361510100708818	0.488	0.442	2.99499229080154e-41	"S1"	"POFUT1"
8.60911761927953e-46	0.471981924598171	0.29	0.231	3.1510231398325e-41	"S1"	"FGGY"
1.57400610292078e-45	0.522752461242055	0.29	0.232	5.76101973730035e-41	"S1"	"PRIM2"
5.58525181913222e-45	0.294177995610954	0.555	0.508	2.04425801832058e-40	"S1"	"KDSR"
6.31859775129519e-45	0.344112708987711	0.466	0.411	2.31266996295155e-40	"S1"	"GABARAPL1"
9.15004005148056e-45	0.455646711880197	0.294	0.235	3.3490061592424e-40	"S1"	"BTN3A3"
1.38865059289169e-44	0.251991883465343	0.609	0.56	5.08260003504288e-40	"S1"	"COMMD7"
2.13704104754486e-44	0.334546891214072	0.487	0.436	7.82178393811894e-40	"S1"	"RASA3"
2.48941627603127e-44	0.455314778907758	0.318	0.259	9.11151251190206e-40	"S1"	"KLHL24"
2.6824241621075e-44	0.304583801886904	0.593	0.553	9.81794067572967e-40	"S1"	"UBR4"
2.74447528773585e-44	0.348455157946161	0.457	0.402	1.0045054000642e-39	"S1"	"CNPY4"
3.53642793468907e-44	0.485921180256303	0.387	0.338	1.29436798837555e-39	"S1"	"AC022966.1"
4.03935480051659e-44	0.434203913730441	0.346	0.288	1.47844425053708e-39	"S1"	"HIST1H2BK"
7.02063431770062e-44	0.397870643173674	0.379	0.322	2.5696223666216e-39	"S1"	"IQCK"
7.91634749937942e-44	0.406309938992438	0.373	0.315	2.89746234824786e-39	"S1"	"ZADH2"
8.70735012504177e-44	0.34474099191257	0.523	0.477	3.18697721926654e-39	"S1"	"UBE4B"
9.05440036416262e-44	0.293840452142894	0.596	0.555	3.31400107728716e-39	"S1"	"ESYT2"
9.47001868925627e-44	0.329286384656352	0.504	0.457	3.46612154045469e-39	"S1"	"ACYP2"
1.17417356352542e-43	0.352512219889801	0.552	0.515	4.2975926598594e-39	"S1"	"MID1IP1"
4.26143941656343e-43	0.379812112462105	0.438	0.385	1.55972944085638e-38	"S1"	"CLIP4"
4.61396888362774e-43	0.336021135155943	0.517	0.475	1.68875875109659e-38	"S1"	"STARD3"
5.98800919505346e-43	0.315962753940088	0.482	0.423	2.19167124548152e-38	"S1"	"TRAF3IP2"
8.23661813884642e-43	0.265778519239138	0.648	0.609	3.01468460499918e-38	"S1"	"MKRN1"
8.62595576984007e-43	0.32119134964292	0.42	0.356	3.15718607131916e-38	"S1"	"ANGPTL4"
1.23616892629197e-42	0.440539611122257	0.318	0.262	4.52450188712123e-38	"S1"	"RETSAT"
1.42153928700121e-42	0.450957546881994	0.28	0.224	5.20297594435311e-38	"S1"	"CTSO"
1.96192213831617e-42	0.347191287950002	0.489	0.442	7.18083121845103e-38	"S1"	"CCDC115"
3.11449341622229e-42	0.481145181119345	0.294	0.239	1.13993573527152e-37	"S1"	"AC073611.1"
3.54505733436209e-42	0.300405914773913	0.522	0.47	1.29752643494987e-37	"S1"	"PARP3"
4.03376943183687e-42	0.477576824195441	0.308	0.254	1.47639994974661e-37	"S1"	"SIRT6"
4.72885434558467e-42	0.368463894712888	0.506	0.463	1.73080797902745e-37	"S1"	"TCTN3"
6.05268150229749e-42	0.461785958172626	0.37	0.318	2.2153419566559e-37	"S1"	"SAMD9"
6.69954815762311e-42	0.263616847729	0.554	0.507	2.45210162117163e-37	"S1"	"DDX41"
7.29506974141769e-42	0.458581346501968	0.25	0.195	2.67006847605629e-37	"S1"	"IFIT3"
1.36889000018126e-41	0.31051345647874	0.661	0.636	5.01027428966343e-37	"S1"	"TMEM47"
1.42549586391746e-41	0.252058265539964	0.706	0.69	5.21745741152429e-37	"S1"	"CCS"
1.56350166965184e-41	0.260279440661354	0.629	0.593	5.72257246109269e-37	"S1"	"CNRIP1"
1.92191745205031e-41	0.42609845366118	0.31	0.253	7.03441006624934e-37	"S1"	"MICALL2"
2.70437237609235e-41	0.271464657038905	0.591	0.55	9.89827333373561e-37	"S1"	"STX7"
3.05603308526231e-41	0.270047937675859	0.666	0.635	1.11853866953686e-36	"S1"	"TNIP1"
3.20717000761266e-41	0.542074808752931	0.312	0.26	1.17385629448631e-36	"S1"	"DHCR7"
5.42501941440709e-41	0.319113336350741	0.514	0.471	1.98561135586714e-36	"S1"	"ETFRF1"
7.02617662990395e-41	0.4105743985359	0.332	0.277	2.57165090831115e-36	"S1"	"SLCO3A1"
7.48176385358952e-41	0.34806358277041	0.419	0.365	2.7384003880523e-36	"S1"	"CABIN1"
7.74904483005296e-41	0.305194422302141	0.499	0.451	2.83622789824769e-36	"S1"	"LYPLAL1"
9.49856294729598e-41	0.358962086773411	0.799	0.785	3.4765690243398e-36	"S1"	"UGDH"
1.02329100678644e-40	0.348432826371997	0.417	0.363	3.74534741393904e-36	"S1"	"TRIM38"
1.11831064156034e-40	0.450897878342177	0.291	0.236	4.09312877917499e-36	"S1"	"CROT"
8.78423365745175e-40	0.425839520026189	0.271	0.215	3.21511736096391e-35	"S1"	"TNFAIP3"
1.040828224975e-39	0.285790453125322	0.562	0.521	3.80953538623102e-35	"S1"	"SAMD4B"
1.59251383336474e-39	0.381231834052789	0.354	0.3	5.82875988149828e-35	"S1"	"PAAF1"
2.362113710909e-39	0.299170763252741	0.532	0.489	8.64557239329804e-35	"S1"	"EPS15"
3.03711180958052e-39	0.318427632800108	0.493	0.445	1.11161329342456e-34	"S1"	"VPS41"
3.26160917804334e-39	0.320976040398912	0.716	0.704	1.19378157525564e-34	"S1"	"LINC01133"
3.2782778800537e-39	0.262248328563961	0.608	0.573	1.19988248687845e-34	"S1"	"SUPT5H"
4.45841394342239e-39	0.470221637344221	0.295	0.24	1.63182408743203e-34	"S1"	"SPRY2"
5.76015403570276e-39	0.423731398590469	0.316	0.263	2.10827397860757e-34	"S1"	"MRNIP"
6.94971047547529e-39	0.38102395310219	0.374	0.32	2.54366353112871e-34	"S1"	"AUH"
1.08712696308217e-38	0.371386690599383	0.401	0.348	3.97899339757707e-34	"S1"	"BBS2"
1.18154692150032e-38	0.421206611468917	0.299	0.246	4.32457988738333e-34	"S1"	"RANGAP1"
1.59133849921238e-38	0.497885172117636	0.484	0.448	5.82445804096724e-34	"S1"	"FADS1"
3.5490123006292e-38	0.433800647809794	0.389	0.343	1.29897399215329e-33	"S1"	"SNX25"
4.00752372271947e-38	0.482310438319165	0.356	0.307	1.46679375775255e-33	"S1"	"TRAFD1"
4.56903559190744e-38	0.325526093524349	0.56	0.523	1.67231271699404e-33	"S1"	"CPD"
8.44078697969023e-38	0.26607001672804	0.662	0.63	3.08941244243642e-33	"S1"	"SERTAD2"
1.23784869082542e-37	0.425768141347685	0.309	0.257	4.53064999329011e-33	"S1"	"NFASC"
1.95124387525652e-37	0.336797634381873	0.461	0.415	7.14174770782639e-33	"S1"	"AMPD2"
3.66192182355372e-37	0.453010159769316	0.283	0.232	1.3403000066389e-32	"S1"	"FYCO1"
4.85439049716664e-37	0.420408455017051	0.304	0.251	1.77675546586796e-32	"S1"	"ZBTB25"
5.46334480384271e-37	0.296378998575795	0.466	0.414	1.99963883165447e-32	"S1"	"C1orf21"
9.49485169435301e-37	0.282302926185842	0.548	0.509	3.47521066865015e-32	"S1"	"IRF2"
1.13950591410574e-36	0.342089389285007	0.439	0.392	4.17070559621841e-32	"S1"	"ERLIN1"
1.60384468633782e-36	0.268350758818347	0.556	0.521	5.87023193646505e-32	"S1"	"COMMD5"
2.08359864022303e-36	0.253903698875149	0.589	0.559	7.6261793830803e-32	"S1"	"OXLD1"
3.85057116234434e-36	0.309484919323776	0.495	0.448	1.40934755112965e-31	"S1"	"ATM"
4.37535448817151e-36	0.356714999699127	0.308	0.252	1.60142349621565e-31	"S1"	"ENC1"
5.67544950954036e-36	0.340038450377161	0.407	0.357	2.07727127498687e-31	"S1"	"HHLA3"
8.46492881681444e-36	0.415788588026456	0.32	0.269	3.09824859624225e-31	"S1"	"SIX5"
1.00728178128575e-35	0.413621579115933	0.294	0.242	3.68675204768396e-31	"S1"	"ENDOD1"
1.01935124821821e-35	0.376240375074418	0.434	0.383	3.73092750360347e-31	"S1"	"QPCT"
1.20156983394038e-35	0.370230245272515	0.368	0.318	4.3978657492052e-31	"S1"	"FAM171A1"
1.37648829673625e-35	0.459650007461471	0.294	0.245	5.03808481488436e-31	"S1"	"AGBL5"
3.37275272217924e-35	0.28408310596968	0.51	0.472	1.23446122384482e-30	"S1"	"TMEM42"
4.98849152839758e-35	0.370587947621413	0.397	0.35	1.8258377843088e-30	"S1"	"SKIV2L"
7.71100587467413e-35	0.279575746739009	0.493	0.448	2.82230526018948e-30	"S1"	"UXS1"
7.8478647672582e-35	0.327571090004491	0.355	0.301	2.87239698346417e-30	"S1"	"GULP1"
7.87556626188695e-35	0.365820639595825	0.399	0.353	2.88253600751324e-30	"S1"	"CPPED1"
8.65372594425888e-35	0.363847152381349	0.374	0.325	3.16735023285819e-30	"S1"	"FECH"
1.01288944396087e-34	0.374955459978118	0.364	0.315	3.70727665384117e-30	"S1"	"MINK1"
1.22370682416094e-34	0.280646524641041	0.53	0.491	4.47888934711145e-30	"S1"	"SCRN2"
3.15689883354788e-34	0.436721476662543	0.266	0.216	1.15545654206686e-29	"S1"	"CLIP2"
4.30621441747884e-34	0.422586375149478	0.323	0.27	1.57611753894143e-29	"S1"	"FOXC2"
7.63962205079746e-34	0.324885147330825	0.439	0.389	2.79617806681238e-29	"S1"	"FZD1"
1.24880523238219e-33	0.365265615865375	0.35	0.302	4.57075203104206e-29	"S1"	"BTD"
1.56720360377978e-33	0.290797052405178	0.524	0.484	5.73612191019436e-29	"S1"	"LENG8"
2.25567743148572e-33	0.294602658919249	0.489	0.449	8.2560049669809e-29	"S1"	"RBBP8"
2.51473071962233e-33	0.373426326684462	0.333	0.283	9.20416590688969e-29	"S1"	"MEIS3"
2.64506950962146e-33	0.304776806019802	0.482	0.441	9.68121891216551e-29	"S1"	"SLC41A3"
2.74495959544788e-33	0.433279985125801	0.294	0.245	1.00468266152988e-28	"S1"	"FAM111A"
3.80979151056058e-33	0.389296581765949	0.343	0.296	1.39442179078028e-28	"S1"	"LPIN1"
3.99069519606344e-33	0.41731514077212	0.279	0.23	1.46063434871118e-28	"S1"	"EPB41L1"
3.99882515840589e-33	0.261498526697588	0.593	0.56	1.46360999622814e-28	"S1"	"PNMA1"
4.40752595814442e-33	0.254735933444554	0.548	0.513	1.61319857594044e-28	"S1"	"MRPS27"
4.46970910610124e-33	0.250180610835374	0.575	0.545	1.63595822992411e-28	"S1"	"PTDSS1"
4.64274335918729e-33	0.362989684150897	0.393	0.347	1.69929049689614e-28	"S1"	"CPT1A"
7.8491515102598e-33	0.265176099192358	0.537	0.497	2.87286794427019e-28	"S1"	"NEK9"
1.46436838320563e-32	0.2752177839942	0.576	0.541	5.35973471937094e-28	"S1"	"STAT2"
1.53919212565571e-32	0.448371597535055	0.318	0.273	5.63359709911246e-28	"S1"	"TRAK1"
1.59115732662381e-32	0.407207597021863	0.335	0.289	5.8237949311758e-28	"S1"	"VPS13D"
2.9281969417095e-32	0.261218279221094	0.554	0.522	1.07174936263509e-27	"S1"	"HTRA2"
2.9940691480168e-32	0.310997204302842	0.463	0.421	1.09585924886563e-27	"S1"	"ATP13A1"
4.5712297754601e-32	0.440367776426646	0.306	0.259	1.67311581011615e-27	"S1"	"PORCN"
7.16089476469223e-32	0.465264391918788	0.32	0.276	2.620959092825e-27	"S1"	"PLCB3"
7.21698119436916e-32	0.454115484179566	0.26	0.212	2.64148728695105e-27	"S1"	"TBX18"
7.33182657827306e-32	0.341643883801146	0.406	0.362	2.68352184591372e-27	"S1"	"XRCC1"
9.04614760615481e-32	0.250056938823217	0.66	0.617	3.31098048532872e-27	"S1"	"GDF15"
1.24045499409968e-31	0.420525507375299	0.255	0.207	4.54018932390425e-27	"S1"	"P4HA3"
1.82151841244421e-31	0.26623716668079	0.5	0.459	6.66693954138707e-27	"S1"	"ARMCX1"
2.42648486024372e-31	0.407074652234245	0.255	0.208	8.88117723697806e-27	"S1"	"TMEM8B"
5.83736901204851e-31	0.361334054127599	0.387	0.345	2.13653543209988e-26	"S1"	"PPP2R5D"
6.4819112100571e-31	0.34582666449687	0.391	0.349	2.372444321993e-26	"S1"	"POMGNT1"
9.95307730201966e-31	0.334175129589816	0.361	0.316	3.64292582331222e-26	"S1"	"AL133415.1"
1.83668793310256e-30	0.33116589122938	0.389	0.346	6.72246150394869e-26	"S1"	"ESRRA"
2.1409341751291e-30	0.49687263122256	0.321	0.27	7.83603317439003e-26	"S1"	"CHI3L1"
2.16485213118958e-30	0.256701925879584	0.508	0.467	7.92357528536699e-26	"S1"	"WDFY1"
2.65587207648504e-30	0.317596071802507	0.422	0.38	9.72075738714289e-26	"S1"	"CDK5"
2.72690467690772e-30	0.306389450005661	0.444	0.397	9.98074380794993e-26	"S1"	"PCDHGC3"
3.70554730059713e-30	0.30320933530621	0.478	0.444	1.35626736749156e-25	"S1"	"NUDT9"
4.40316751614368e-30	0.288010895286614	0.447	0.404	1.61160334258375e-25	"S1"	"FAM110B"
4.7971122860716e-30	0.301716371322199	0.458	0.42	1.75579106782506e-25	"S1"	"CES2"
5.80637517852668e-30	0.369287214076128	0.289	0.243	2.12519137909255e-25	"S1"	"ABHD8"
7.05027862176535e-30	0.329289886441731	0.393	0.351	2.58047247835234e-25	"S1"	"NSMF"
8.25715799806494e-30	0.40345659863311	0.331	0.288	3.02220239887175e-25	"S1"	"PCBP1-AS1"
9.69806842733362e-30	0.395611630957827	0.351	0.306	3.54959002508838e-25	"S1"	"ABCC3"
1.04173933821178e-29	0.291212724658291	0.398	0.351	3.81287015178893e-25	"S1"	"HACD4"
1.33245472138621e-29	0.259216356474002	0.488	0.454	4.87691752574566e-25	"S1"	"C11orf74"
1.42883271221482e-29	0.341637321255671	0.344	0.295	5.22967060997747e-25	"S1"	"AL162231.1"
1.6733787450913e-29	0.30581957388704	0.427	0.384	6.12473354490868e-25	"S1"	"LYRM1"
1.6910981652826e-29	0.342795141685148	0.396	0.353	6.18958839475084e-25	"S1"	"SNAPC5"
3.24443046300031e-29	0.297320393283265	0.5	0.455	1.18749399376274e-24	"S1"	"IRF1"
3.4164402629049e-29	0.335869978308017	0.379	0.336	1.25045130062582e-24	"S1"	"TK2"
4.21173013503727e-29	0.275249867850983	0.741	0.733	1.54153534672499e-24	"S1"	"PAPSS2"
4.25322818425999e-29	0.294123169630093	0.449	0.408	1.556724047721e-24	"S1"	"EHD1"
5.199810067337e-29	0.388431796625369	0.301	0.257	1.90318248274601e-24	"S1"	"USP19"
6.37059210815824e-29	0.380740222932833	0.313	0.27	2.331700417507e-24	"S1"	"DIABLO"
9.66462831375665e-29	0.288341709849713	0.377	0.332	3.53735060911807e-24	"S1"	"COPG2"
1.00590665882443e-28	0.272438415606045	0.531	0.496	3.68171896196328e-24	"S1"	"PRKACA"
1.02547241462413e-28	0.411732879312994	0.284	0.24	3.75333158476578e-24	"S1"	"SLC49A3"
1.07033422735117e-28	0.250189599827886	0.53	0.498	3.91753030552801e-24	"S1"	"DRAM2"
1.24585910727729e-28	0.318728480783878	0.42	0.38	4.55996891854559e-24	"S1"	"RPS6KA4"
1.25070445850236e-28	0.309829215333565	0.411	0.369	4.5777033885645e-24	"S1"	"ANG"
1.47510996333617e-28	0.307135713180076	0.421	0.38	5.39904997680673e-24	"S1"	"CBX6"
1.65047095732964e-28	0.316326390440542	0.48	0.444	6.04088875092223e-24	"S1"	"SIRPA"
1.67709175816137e-28	0.402110994914883	0.256	0.212	6.13832354404642e-24	"S1"	"SLC2A11"
1.91843557344049e-28	0.296088257723174	0.481	0.442	7.02166604234953e-24	"S1"	"PTPRS"
2.03996178935584e-28	0.389734155137639	0.274	0.23	7.46646414522132e-24	"S1"	"RNASEH1-AS1"
2.44349775848802e-28	0.353459312324595	0.379	0.338	8.94344614584199e-24	"S1"	"PI4KA"
2.56496841570997e-28	0.289317902569732	0.451	0.412	9.38804089834007e-24	"S1"	"EDEM2"
2.66060452590363e-28	0.281967074798161	0.518	0.486	9.73807862525987e-24	"S1"	"MAP1S"
4.68275105282995e-28	0.302100181670329	0.465	0.428	1.71393371284629e-23	"S1"	"CFLAR"
1.22851797425672e-27	0.264459502564708	0.506	0.472	4.496498637577e-23	"S1"	"NSF"
1.49172586525968e-27	0.33032098749716	0.407	0.368	5.45986583943695e-23	"S1"	"ABHD5"
1.6080196029692e-27	0.401626299984996	0.254	0.21	5.88551254882756e-23	"S1"	"ZNF677"
1.73977368739591e-27	0.297092631928192	0.461	0.422	6.36774567323777e-23	"S1"	"EHBP1L1"
1.76670640782023e-27	0.269819885108586	0.451	0.412	6.46632212326284e-23	"S1"	"FAM189B"
2.19638168067878e-27	0.271094359757847	0.458	0.421	8.03897658945242e-23	"S1"	"BAG4"
2.19933956910912e-27	0.331817275574305	0.348	0.305	8.04980275689629e-23	"S1"	"ABHD10"
3.15388987992389e-27	0.349244765348602	0.325	0.28	1.15435523495094e-22	"S1"	"SLC35E2B"
4.4873560029747e-27	0.330584638286252	0.381	0.342	1.64241717064877e-22	"S1"	"DYNC2LI1"
5.66643794124282e-27	0.354124787679162	0.256	0.211	2.07397295087429e-22	"S1"	"ID4"
6.134151760494e-27	0.34832796665751	0.379	0.34	2.24516088585841e-22	"S1"	"DAG1"
7.58929770623749e-27	0.371550916485822	0.349	0.31	2.77775885345998e-22	"S1"	"POGLUT2"
8.43095279080465e-27	0.275094035699758	0.45	0.41	3.08581303096241e-22	"S1"	"RIPK2"
9.58100385947412e-27	0.39351123831034	0.352	0.31	3.50674322260612e-22	"S1"	"CLCF1"
1.06377328364499e-26	0.250522468781017	0.521	0.489	3.89351659546904e-22	"S1"	"PHF11"
1.12648325267723e-26	0.324354444930245	0.367	0.323	4.12304135312393e-22	"S1"	"CREBRF"
1.43880887265236e-26	0.338752059303799	0.313	0.268	5.2661843547949e-22	"S1"	"ZC3H6"
1.59194672657405e-26	0.33065273208836	0.348	0.306	5.82668421393369e-22	"S1"	"CC2D2A"
1.62823518562826e-26	0.264290749967232	0.497	0.462	5.959503602918e-22	"S1"	"ECE1"
1.90944657900934e-26	0.279578849144217	0.47	0.437	6.98876542383209e-22	"S1"	"KAT8"
2.27342718267472e-26	0.272841801024928	0.501	0.47	8.32097083130774e-22	"S1"	"UBAP1"
2.59927723513107e-26	0.37304435674901	0.258	0.215	9.51361460830323e-22	"S1"	"COBLL1"
2.64292378871047e-26	0.351252968286108	0.346	0.305	9.67336535905918e-22	"S1"	"AC093849.2"
2.70786478492411e-26	0.306341981939166	0.408	0.37	9.91105589930074e-22	"S1"	"CSTF2T"
3.68303813779097e-26	0.342435229108203	0.285	0.241	1.34802878881287e-21	"S1"	"ARL4A"
3.75062921058704e-26	0.270434897398248	0.453	0.417	1.37276779736696e-21	"S1"	"TNKS"
4.39217355616712e-26	0.278760509532434	0.409	0.365	1.60757944329273e-21	"S1"	"FZD4"
5.5857020856017e-26	0.312709649925387	0.343	0.299	2.04442282035108e-21	"S1"	"TAPBPL"
7.50325316001939e-26	0.37170054992795	0.301	0.26	2.7462656890987e-21	"S1"	"ALAD"
8.33968937141891e-26	0.351788010894305	0.317	0.275	3.05240970683304e-21	"S1"	"RGL2"
1.07885894511599e-25	0.288200179980601	0.395	0.354	3.94873162501904e-21	"S1"	"P4HTM"
1.13874431831532e-25	0.314839125493102	0.417	0.38	4.1679180794659e-21	"S1"	"TM7SF3"
1.14229076480119e-25	0.258319356181459	0.504	0.473	4.18089842824885e-21	"S1"	"CYTH2"
1.28523331167569e-25	0.326916825317063	0.355	0.314	4.70408244406419e-21	"S1"	"SMIM27"
1.42612302628333e-25	0.269943447477563	0.474	0.442	5.21975288849962e-21	"S1"	"THG1L"
1.60771829145358e-25	0.347140288357954	0.35	0.311	5.88440971854924e-21	"S1"	"CYLD"
2.12081872295694e-25	0.304959816674662	0.404	0.364	7.7624086078947e-21	"S1"	"GALNT11"
2.19296245104847e-25	0.354044094647944	0.333	0.295	8.02646186708252e-21	"S1"	"STRIP1"
2.99509734531592e-25	0.264205854366505	0.395	0.354	1.09623557935908e-20	"S1"	"HPCAL1"
3.57083434706391e-25	0.332642728142724	0.478	0.436	1.30696107936886e-20	"S1"	"C11orf96"
4.82621265107149e-25	0.329446768062056	0.363	0.323	1.76644209241868e-20	"S1"	"FLYWCH1"
5.02846832333776e-25	0.265116917260868	0.463	0.428	1.84046969102485e-20	"S1"	"BEND6"
5.24049456790344e-25	0.251677253500664	0.571	0.547	1.91807341679834e-20	"S1"	"ZNF664"
5.82671161550577e-25	0.305484006572596	0.394	0.354	2.13263471839127e-20	"S1"	"TMEM254"
6.45822311074106e-25	0.260242777185028	0.458	0.42	2.36377424076233e-20	"S1"	"APOBEC3C"
6.76102849021418e-25	0.351125844606033	0.304	0.262	2.47460403770329e-20	"S1"	"PGAP2"
7.70960169041116e-25	0.261608793679071	0.45	0.415	2.82179131470739e-20	"S1"	"ABHD12"
7.81441035787437e-25	0.333739031981931	0.365	0.323	2.8601523350856e-20	"S1"	"LHFPL2"
8.11398036614972e-25	0.311133890869229	0.372	0.332	2.96979795381446e-20	"S1"	"MFSD11"
8.18072521117869e-25	0.313609030509384	0.38	0.342	2.99422723454351e-20	"S1"	"ATP10D"
1.17137943962261e-24	0.282540155709421	0.326	0.282	4.28736588696271e-20	"S1"	"SMC2"
1.23978518620216e-24	0.318768749297908	0.289	0.246	4.53773776001854e-20	"S1"	"PRTFDC1"
1.28543509565549e-24	0.354956127097541	0.306	0.264	4.70482099360865e-20	"S1"	"HSD11B1L"
1.28830443406838e-24	0.351315064201023	0.318	0.279	4.71532305913367e-20	"S1"	"AC016747.1"
1.4023104755991e-24	0.324256383541758	0.406	0.373	5.13259657174026e-20	"S1"	"AC006064.4"
2.05432698944879e-24	0.381540793705671	0.278	0.239	7.51904221408153e-20	"S1"	"BBS1"
2.30819062304629e-24	0.304139094200186	0.413	0.376	8.44820849941173e-20	"S1"	"ZBTB20"
2.56287607849421e-24	0.262064770491821	0.45	0.414	9.38038273489666e-20	"S1"	"TRAPPC6A"
4.75665350466112e-24	0.393759382852514	0.258	0.217	1.74098274924102e-19	"S1"	"YPEL2"
5.32551802323026e-24	0.435119797007943	0.265	0.227	1.94919285168251e-19	"S1"	"SERPINB8"
5.86839127362216e-24	0.300760153690077	0.325	0.282	2.14788989005845e-19	"S1"	"PDE1A"
6.95530207686123e-24	0.328571641258294	0.322	0.282	2.54571011315198e-19	"S1"	"POGLUT1"
7.42057614068935e-24	0.345373959248273	0.273	0.231	2.71600507325371e-19	"S1"	"UBA7"
7.95912855097489e-24	0.345455591825731	0.331	0.293	2.91312064094232e-19	"S1"	"C1orf216"
8.63123190551519e-24	0.267118248755474	0.425	0.389	3.15911718973761e-19	"S1"	"ATG14"
9.78919253604268e-24	0.344563527239295	0.274	0.233	3.58294236011698e-19	"S1"	"MINCR"
1.04184545095056e-23	0.255570789465285	0.487	0.453	3.81325853502415e-19	"S1"	"FTSJ3"
1.16136337541634e-23	0.269337851260944	0.458	0.426	4.25070609036136e-19	"S1"	"DUSP23"
1.32275024452454e-23	0.253372369550157	0.509	0.48	4.84139816998425e-19	"S1"	"PHKB"
2.19420688953258e-23	0.301781152411732	0.379	0.342	8.0310166363782e-19	"S1"	"WDYHV1"
2.27815028549172e-23	0.356687794265937	0.27	0.23	8.33825785992825e-19	"S1"	"TTLL3"
5.00707267082261e-23	0.292420527932213	0.388	0.348	1.83263866824778e-18	"S1"	"INF2"
5.06718908511047e-23	0.342820024789255	0.31	0.272	1.85464187704128e-18	"S1"	"RPUSD4"
6.60807608328796e-23	0.371872778705211	0.308	0.273	2.41862192724423e-18	"S1"	"ERAP1"
8.56658800564469e-23	0.3051262783194	0.377	0.341	3.13545687594601e-18	"S1"	"SCAP"
9.72620203140319e-23	0.345011228595534	0.319	0.282	3.55988720551388e-18	"S1"	"KCTD18"
1.62246086386925e-22	0.254645545435346	0.552	0.526	5.93836900784783e-18	"S1"	"SH3PXD2B"
1.65517627657176e-22	0.34876622760243	0.288	0.249	6.05811068988031e-18	"S1"	"CPT1C"
1.93965937385076e-22	0.306096802991018	0.364	0.327	7.09934727423118e-18	"S1"	"CACNA2D1"
1.94237896646938e-22	0.264696044113629	0.425	0.389	7.10930125517457e-18	"S1"	"RABGGTA"
2.26043563892107e-22	0.280469943980714	0.406	0.371	8.27342048201503e-18	"S1"	"CUEDC1"
2.81260646329247e-22	0.30098992174637	0.363	0.326	1.02944209162968e-17	"S1"	"CD2AP"
3.74838626164433e-22	0.282107662461767	0.487	0.458	1.37194685562444e-17	"S1"	"UTRN"
3.92418416154505e-22	0.253528674851892	0.436	0.403	1.4362906449671e-17	"S1"	"BRAT1"
4.95771853191277e-22	0.289734410754244	0.407	0.373	1.81457455986539e-17	"S1"	"RPA1"
6.12155072658317e-22	0.269922598711478	0.41	0.374	2.24054878143671e-17	"S1"	"ANKRD13D"
1.1037380936409e-21	0.284592865229147	0.378	0.343	4.03979179653504e-17	"S1"	"NDRG3"
2.15492252835873e-21	0.252083007568601	0.477	0.451	7.88723194604579e-17	"S1"	"RRAGC"
2.28432861859017e-21	0.266802416553032	0.454	0.424	8.36087117690189e-17	"S1"	"FBXO21"
2.71454742887722e-21	0.265151042041056	0.423	0.392	9.9355150444335e-17	"S1"	"PEX19"
3.999566707144e-21	0.323446073301465	0.347	0.312	1.46388141048177e-16	"S1"	"PITPNA-AS1"
4.12150039951583e-21	0.324186663300929	0.403	0.373	1.50851036122679e-16	"S1"	"IDI1"
4.29941789163343e-21	0.263404961248224	0.399	0.364	1.57362994251675e-16	"S1"	"GEMIN6"
4.63798270831622e-21	0.335394752989108	0.307	0.269	1.69754805107082e-16	"S1"	"SH2B1"
4.976848578927e-21	0.254679156198903	0.452	0.422	1.82157634837307e-16	"S1"	"CANT1"
5.17814739716411e-21	0.29503692523019	0.375	0.34	1.89525372883604e-16	"S1"	"POLH"
5.49161066475262e-21	0.263470233536636	0.443	0.412	2.00998441940611e-16	"S1"	"MCEE"
5.81494828367616e-21	0.35756274005197	0.285	0.249	2.12832922130831e-16	"S1"	"RSPH3"
6.81007861886341e-21	0.283928088058216	0.365	0.328	2.4925568752902e-16	"S1"	"MCOLN1"
7.39339475414018e-21	0.378992002695726	0.269	0.232	2.70605641396285e-16	"S1"	"JARID2"
8.89876697196022e-21	0.342847829640568	0.318	0.282	3.25703769940716e-16	"S1"	"LPCAT3"
9.5252814624616e-21	0.275619484213792	0.423	0.392	3.48634826807557e-16	"S1"	"USP5"
1.65746396167993e-20	0.258143024596068	0.455	0.424	6.06648384614472e-16	"S1"	"ST3GAL4"
1.82127213898732e-20	0.313013518954719	0.341	0.307	6.66603815590751e-16	"S1"	"MAPRE3"
2.17394973797844e-20	0.30368901623043	0.359	0.325	7.95687343597487e-16	"S1"	"SLC35C1"
2.44253252156013e-20	0.365907839605281	0.264	0.228	8.93991328216222e-16	"S1"	"HS1BP3"
3.05094625514207e-20	0.304167735398067	0.346	0.311	1.11667683884455e-15	"S1"	"EBF2"
4.5763809861462e-20	0.328440281012247	0.279	0.242	1.67500120473937e-15	"S1"	"TRIM69"
4.91107071267619e-20	0.301464713177747	0.348	0.314	1.79750099154661e-15	"S1"	"CAMKK2"
5.69240608168936e-20	0.311927062758643	0.329	0.294	2.08347754995912e-15	"S1"	"UCK1"
5.72047199334765e-20	0.30915684365687	0.295	0.259	2.09374995428517e-15	"S1"	"SLC17A5"
5.84149445154492e-20	0.280538499415282	0.37	0.335	2.13804538420995e-15	"S1"	"HOXA10"
6.06018767194384e-20	0.259355062239096	0.464	0.441	2.21808928980816e-15	"S1"	"LACTB"
7.6767227756456e-20	0.345037487281199	0.264	0.229	2.80975730311405e-15	"S1"	"LRRC23"
8.08620843078288e-20	0.285131370126056	0.317	0.279	2.95963314775084e-15	"S1"	"AL096870.8"
1.10628464757995e-19	0.42253984436079	0.761	0.785	4.04911243860737e-15	"S1"	"PRSS23"
1.50860826096939e-19	0.281964339246729	0.27	0.23	5.52165709597408e-15	"S1"	"SAMD11"
1.58872816662917e-19	0.356284208433438	0.287	0.253	5.81490396267944e-15	"S1"	"DUS3L"
2.0455862309777e-19	0.269731794804983	0.414	0.38	7.48705016400148e-15	"S1"	"CCNG2"
2.47867127417829e-19	0.31120024984022	0.35	0.319	9.07218473061995e-15	"S1"	"GTPBP8"
2.66957253419302e-19	0.277089768639454	0.397	0.366	9.77090243239989e-15	"S1"	"RAB11FIP5"
2.6792794409246e-19	0.320839768919966	0.318	0.283	9.80643068172813e-15	"S1"	"EFHC1"
2.83110560587212e-19	0.333136610231251	0.302	0.267	1.03621296280526e-14	"S1"	"TTC7A"
3.59968648223301e-19	0.330362751667166	0.339	0.307	1.3175212493621e-14	"S1"	"SIK3"
3.91611071290465e-19	0.326055111459538	0.258	0.221	1.43333568203023e-14	"S1"	"NRM"
4.12065371532646e-19	0.25695410614773	0.414	0.38	1.50820046634664e-14	"S1"	"APOL6"
4.36011459172685e-19	0.295657152312173	0.346	0.314	1.59584554171794e-14	"S1"	"NUP214"
5.01357260291956e-19	0.291676990154208	0.355	0.32	1.83501770839459e-14	"S1"	"C6orf226"
7.10520289452733e-19	0.313388985283697	0.362	0.331	2.60057531142595e-14	"S1"	"SUN2"
8.1935481578292e-19	0.299309655966024	0.329	0.295	2.99892056124706e-14	"S1"	"AUTS2"
1.33844627260384e-18	0.292691921289852	0.336	0.302	4.8988472023573e-14	"S1"	"DNAL4"
2.3933634677114e-18	0.313645792017136	0.264	0.23	8.75994962817048e-14	"S1"	"TECPR2"
3.77270855141605e-18	0.325666479296187	0.28	0.246	1.38084905690379e-13	"S1"	"GORAB"
5.88974330501393e-18	0.28814131825762	0.335	0.303	2.15570494706815e-13	"S1"	"ZER1"
9.99364139789436e-18	0.276103118157733	0.375	0.344	3.65777268804331e-13	"S1"	"MOV10"
1.0127638032028e-17	0.300075924387409	0.282	0.247	3.70681679610256e-13	"S1"	"CDC14B"
1.10293996180676e-17	0.311671520379036	0.302	0.269	4.03687055420894e-13	"S1"	"PRPS2"
1.19566796369035e-17	0.271518055130919	0.399	0.373	4.37626431390305e-13	"S1"	"BCAR3"
1.45924273851575e-17	0.284122171257051	0.341	0.306	5.34097434724151e-13	"S1"	"RBM43"
2.41944586460959e-17	0.25611773914278	0.353	0.32	8.85541380905755e-13	"S1"	"PEX6"
2.88434488790183e-17	0.294686243966194	0.315	0.281	1.05569907242095e-12	"S1"	"SHB"
3.30943740077937e-17	0.296293532485985	0.307	0.275	1.21128718305926e-12	"S1"	"STN1"
3.88466642185173e-17	0.269272340582171	0.404	0.378	1.42182675706195e-12	"S1"	"TRAK2"
3.91989417858319e-17	0.29022933711532	0.375	0.349	1.43472046830323e-12	"S1"	"CLN3"
4.81663502448225e-17	0.264046448399027	0.377	0.347	1.76293658531075e-12	"S1"	"BRD3OS"
5.04714611388307e-17	0.304153872398324	0.315	0.284	1.84730594914234e-12	"S1"	"TSPAN14"
5.22388938104109e-17	0.347532512817352	0.318	0.287	1.91199575235485e-12	"S1"	"HS2ST1"
5.5039961710012e-17	0.270298038197269	0.395	0.367	2.01451763854815e-12	"S1"	"FBXO3"
6.1150180573993e-17	0.257083400631585	0.376	0.345	2.23815775918872e-12	"S1"	"TRPV2"
6.34800422568905e-17	0.306644944251679	0.326	0.297	2.32343302664445e-12	"S1"	"EPS15L1"
7.91709167970823e-17	0.279547200130996	0.354	0.323	2.89773472569001e-12	"S1"	"CD58"
7.92852475508311e-17	0.317988955076698	0.294	0.263	2.90191934560797e-12	"S1"	"KAT2A"
8.72839653069589e-17	0.306766318800894	0.291	0.258	3.1946804142e-12	"S1"	"NHEJ1"
1.25540761927587e-16	0.310390249372595	0.262	0.23	4.59491742731162e-12	"S1"	"SLC25A12"
1.27892473571378e-16	0.269157234012137	0.276	0.241	4.68099242518601e-12	"S1"	"TCEAL7"
1.48011219845236e-16	0.261641886644396	0.465	0.442	5.41735865755548e-12	"S1"	"KCTD9"
1.53141809768759e-16	0.282713376022097	0.322	0.289	5.60514337934633e-12	"S1"	"C12orf76"
1.86141883092e-16	0.30468828543736	0.294	0.263	6.81297906305029e-12	"S1"	"SLC35A5"
2.47175914436328e-16	0.250166201374492	0.409	0.377	9.04688564428404e-12	"S1"	"TOB1"
3.09991145120312e-16	0.295637493184675	0.301	0.271	1.13459859025485e-11	"S1"	"HMCES"
4.23623060606687e-16	0.262589202400885	0.367	0.338	1.55050276412654e-11	"S1"	"SBF1"
5.24464142886077e-16	0.335832131934312	0.27	0.241	1.91959120937733e-11	"S1"	"NUP160"
6.62338860123377e-16	0.275486874614985	0.584	0.577	2.42422646193757e-11	"S1"	"EFHD2"
7.31758480124897e-16	0.280420395084305	0.317	0.287	2.67830921310513e-11	"S1"	"MR1"
7.67144223379664e-16	0.32503175062818	0.259	0.228	2.80782457199191e-11	"S1"	"ZBTB22"
7.90507870170053e-16	0.286843623958205	0.348	0.321	2.89333785560941e-11	"S1"	"RHNO1"
1.02639369816511e-15	0.265027966614499	0.36	0.332	3.75670357465413e-11	"S1"	"MPP1"
1.0606316652282e-15	0.265329294909736	0.336	0.306	3.88201795790175e-11	"S1"	"CCDC51"
1.34284025628275e-15	0.275671655418834	0.329	0.298	4.9149296220205e-11	"S1"	"POLL"
1.64507428802759e-15	0.264136214111048	0.302	0.269	6.02113640160977e-11	"S1"	"ZNF862"
2.4043408039009e-15	0.333912875222113	0.251	0.222	8.80012777635767e-11	"S1"	"URGCP"
2.41980056583848e-15	0.388489484069213	0.298	0.272	8.85671205102542e-11	"S1"	"PRKD1"
2.52999790516241e-15	0.260986979097679	0.285	0.252	9.26004533268494e-11	"S1"	"HRH1"
2.6025997253307e-15	0.279770782794934	0.328	0.299	9.52577525468289e-11	"S1"	"AFF1"
2.69652566896531e-15	0.267186795458721	0.291	0.258	9.86955360097993e-11	"S1"	"SLC27A1"
3.50875227713661e-15	0.28284046676904	0.263	0.231	1.28423842095477e-10	"S1"	"TMEM107"
5.00930921309228e-15	0.290371367826305	0.324	0.295	1.83345726508391e-10	"S1"	"SIPA1L1"
5.04401378990069e-15	0.32008999805782	0.284	0.255	1.84615948724155e-10	"S1"	"PCDHGA12"
5.78848966946586e-15	0.296801370684268	0.314	0.287	2.1186451039212e-10	"S1"	"KLC2"
6.17047966959644e-15	0.294771671826329	0.264	0.233	2.25845726386899e-10	"S1"	"KIF9"
9.125272620206e-15	0.273637317498163	0.333	0.305	3.3399410317216e-10	"S1"	"DVL2"
1.05625201751009e-14	0.314431624702596	0.257	0.228	3.86598800928869e-10	"S1"	"ANAPC2"
1.05705238421288e-14	0.268613603600667	0.323	0.294	3.86891743145756e-10	"S1"	"AMACR"
1.07273163020033e-14	0.300861908010879	0.321	0.294	3.92630503969622e-10	"S1"	"COX15"
1.14096717260243e-14	0.288751788243804	0.304	0.276	4.17605394844215e-10	"S1"	"GTF3C2"
2.25249881464188e-14	0.260224564831268	0.304	0.274	8.24437091147075e-10	"S1"	"ABCD4"
2.32761785194807e-14	0.264183147009015	0.367	0.34	8.51931409991515e-10	"S1"	"NFKB2"
2.86229081433689e-14	0.257349629760133	0.336	0.309	1.04762706095544e-09	"S1"	"DUSP22"
3.38388815150908e-14	0.261977905153956	0.355	0.33	1.23853690233384e-09	"S1"	"SGMS1"
6.31302186832564e-14	0.279014060295018	0.274	0.245	2.31062913402587e-09	"S1"	"TAMM41"
1.02317665634346e-13	0.253137814965271	0.38	0.357	3.74492887988269e-09	"S1"	"KLHL22"
1.05447148337275e-13	0.267289127587231	0.257	0.228	3.85947107629259e-09	"S1"	"TMEM91"
3.6928097742067e-13	0.300054214448516	0.252	0.226	1.35160530545739e-08	"S1"	"RMC1"
4.01291193022167e-13	0.282425149146097	0.287	0.26	1.46876589558043e-08	"S1"	"LMF1"
4.26611722794909e-13	0.251469057412818	0.356	0.326	1.56144156660165e-08	"S1"	"KCTD12"
6.1517819015402e-13	0.2568294142744	0.307	0.281	2.25161369378273e-08	"S1"	"INPP5K"
6.25309789483804e-13	0.291759893255886	0.295	0.27	2.28869636048967e-08	"S1"	"CPOX"
7.38321343284585e-13	0.280364814909242	0.278	0.252	2.70232994855591e-08	"S1"	"RASA2"
9.62589209375523e-13	0.2618640338736	0.347	0.324	3.52317276523535e-08	"S1"	"FAM241A"
1.13290271241798e-12	0.284185074780527	0.312	0.285	4.14653721772106e-08	"S1"	"ZNF521"
1.43523536806386e-12	0.314823506472854	0.252	0.226	5.25310497065054e-08	"S1"	"SLC48A1"
2.73144977488776e-12	0.300543797104281	0.266	0.241	9.99737932106668e-08	"S1"	"PIGQ"
6.47088852374779e-12	0.269604610946781	0.253	0.224	2.36840990857693e-07	"S1"	"LINC01119"
6.67205724223573e-12	0.295101400039021	0.28	0.256	2.4420396712307e-07	"S1"	"DNAJB2"
7.80261230645931e-12	0.278185004099116	0.279	0.255	2.85583413028717e-07	"S1"	"VPS11"
1.073546771116e-11	0.267937652975225	0.27	0.245	3.92928853696168e-07	"S1"	"KBTBD4"
3.07505940600312e-11	0.253063487725983	0.304	0.281	1.1255024931912e-06	"S1"	"ZNF83"
7.5153323451851e-11	0.263602490742009	0.344	0.324	2.7506867916612e-06	"S1"	"PTPN23"
8.50098887999952e-11	0.251292067770458	0.312	0.29	3.11144693996862e-06	"S1"	"ZC3H7B"
9.11193238295033e-11	0.304078164294518	0.285	0.262	3.33505837148365e-06	"S1"	"DIP2C"
9.58025516536743e-11	0.314692853670545	0.255	0.231	3.50646919307613e-06	"S1"	"MRVI1"
1.18013695352358e-10	0.272893732273773	0.309	0.289	4.31941926359164e-06	"S1"	"MTRR"
1.46404979201014e-10	0.255387452336532	0.251	0.226	5.3585686437363e-06	"S1"	"WDR19"
1.91727019831097e-10	0.250241258419352	0.333	0.312	7.01740065283799e-06	"S1"	"ZNF688"
2.8505076745007e-10	0.252936325698787	0.267	0.244	1.043314313944e-05	"S1"	"EZH1"
5.0242665754818e-10	0.254228427300157	0.344	0.326	1.8389318092921e-05	"S1"	"SLC30A1"
5.3637253690576e-10	0.285523993138719	0.253	0.231	1.96317712232877e-05	"S1"	"MAP3K6"
1.33367177879962e-09	0.282427174656833	0.58	0.583	4.8813720775845e-05	"S1"	"SMURF2"
1.49371052189442e-09	0.280927360944856	0.293	0.274	5.46712988118575e-05	"S1"	"RPRD2"
1.60246753484962e-09	0.271341686536963	0.264	0.243	5.8651914243031e-05	"S1"	"UBQLN4"
2.23573955097048e-09	0.270915756050756	0.263	0.242	8.18303033050706e-05	"S1"	"EFL1"
3.03040132999957e-09	0.27844056379416	0.287	0.268	0.000110915719079314	"S1"	"DLG5"
4.84294456254246e-09	0.263344811935473	0.266	0.246	0.000177256613933616	"S1"	"HACL1"
5.74265935680288e-09	0.267677238640005	0.273	0.253	0.000210187075118342	"S1"	"NCDN"
8.38971683814711e-09	0.251618480038399	0.288	0.269	0.000307072025993022	"S1"	"KLHL5"
1.24209517415755e-08	0.384499896133205	0.256	0.239	0.000454619254693405	"S1"	"HMGCS1"
1.30629067552617e-08	0.259575495421112	0.284	0.266	0.000478115450149333	"S1"	"MYO5A"
7.03388886304966e-08	0.253714658625529	0.312	0.295	0.0025744736627648	"S1"	"FBXW7"
1.39160636317266e-07	0.251425726851395	0.274	0.257	0.00509341844984827	"S1"	"HECTD4"
0.000812127207670546	0.285823222654271	0.398	0.398	1	"S1"	"SCD"
0.00218139893931921	0.424173818601215	0.369	0.37	1	"S1"	"ANKRD37"
0	2.33860760845072	0.502	0.141	0	"S2"	"PTN"
0	1.21255341234401	0.583	0.338	0	"S2"	"U2AF1L5"
0	2.21879266136408	0.375	0.133	0	"S2"	"KANSL1-AS1"
0	1.20639344455854	0.66	0.421	0	"S2"	"KRT19"
0	2.51335200664758	0.333	0.097	0	"S2"	"SCN9A"
0	1.90731139710065	0.791	0.556	0	"S2"	"ACTA2"
0	0.26448995528103	0.55	0.317	0	"S2"	"IGFBP5"
0	1.3249601496038	0.644	0.412	0	"S2"	"FOXD1"
0	1.5855399964577	0.956	0.729	0	"S2"	"COL8A1"
0	1.41567516012766	0.524	0.3	0	"S2"	"CBWD1"
0	1.42289974178935	0.631	0.413	0	"S2"	"TFB2M"
0	1.19586229814243	0.546	0.33	0	"S2"	"TGM2"
0	1.35238766289948	0.58	0.37	0	"S2"	"INHBA"
0	1.47282841362286	0.453	0.261	0	"S2"	"CNN1"
0	1.26466065284758	0.596	0.41	0	"S2"	"SNHG17"
0	1.13382121008459	0.52	0.339	0	"S2"	"CDH13"
0	1.54113386720681	0.981	0.811	0	"S2"	"TNC"
0	1.31880485668992	0.489	0.321	0	"S2"	"ASPN"
0	0.739422752340684	0.784	0.623	0	"S2"	"TRIB3"
0	1.3133007275911	0.375	0.214	0	"S2"	"LINC00960"
0	1.11189046246012	0.402	0.242	0	"S2"	"EDIL3"
0	1.97173861407911	0.268	0.109	0	"S2"	"LRRC15"
0	0.925020976921887	0.602	0.443	0	"S2"	"MICAL2"
0	0.749848342953511	0.564	0.405	0	"S2"	"CSRP2"
0	0.944544642749927	0.668	0.517	0	"S2"	"F2R"
0	1.60726098109354	0.272	0.122	0	"S2"	"PLPP4"
0	1.1759776341851	0.47	0.32	0	"S2"	"ATF3"
0	1.73024295450675	0.266	0.128	0	"S2"	"ENPP1"
0	0.844344668362621	0.63	0.5	0	"S2"	"CDH2"
0	0.643518881899026	0.708	0.58	0	"S2"	"BAALC"
0	1.21788839532941	0.866	0.76	0	"S2"	"CSRP1"
0	0.50170365699984	0.83	0.724	0	"S2"	"LTBP1"
0	0.681068372545741	0.892	0.79	0	"S2"	"PLOD2"
0	0.884076912500772	0.928	0.838	0	"S2"	"CCN2"
0	0.612793519902	0.946	0.86	0	"S2"	"EGR1"
0	0.679435946139237	0.925	0.843	0	"S2"	"CDC42EP3"
0	0.569112329480803	0.804	0.727	0	"S2"	"FGF2"
0	0.620090007676825	0.905	0.84	0	"S2"	"IER3"
0	0.362401091810042	0.947	0.883	0	"S2"	"NREP"
0	0.459912652769908	0.881	0.825	0	"S2"	"PALLD"
0	0.66552147588166	0.85	0.804	0	"S2"	"DPYSL3"
0	0.564710272727867	0.812	0.767	0	"S2"	"LMO4"
0	0.609814685026942	0.869	0.828	0	"S2"	"VEGFA"
0	0.684661286899905	0.962	0.921	0	"S2"	"PDLIM7"
0	0.477491479176053	0.998	0.959	0	"S2"	"BGN"
0	0.386796585318596	0.958	0.919	0	"S2"	"THBS1"
0	0.3769538714193	0.959	0.921	0	"S2"	"MFAP4"
0	0.299163128775707	0.995	0.958	0	"S2"	"SNHG5"
0	0.65402299656396	0.803	0.768	0	"S2"	"WWTR1"
0	0.59314798814615	0.957	0.924	0	"S2"	"JUN"
0	0.530753955498582	0.859	0.827	0	"S2"	"MYADM"
0	0.378679881565804	0.953	0.921	0	"S2"	"EIF4EBP1"
0	0.686896346396212	0.983	0.952	0	"S2"	"FOS"
0	0.789008281511846	0.988	0.96	0	"S2"	"CTHRC1"
0	0.691708740769791	0.968	0.941	0	"S2"	"TUBA1A"
0	0.474631653643899	0.968	0.941	0	"S2"	"LGALS3BP"
0	0.370754157925401	0.989	0.964	0	"S2"	"CCN1"
0	0.513779474926723	0.964	0.939	0	"S2"	"THBS2"
0	0.459825625208561	0.92	0.896	0	"S2"	"BCAT1"
0	0.884250818156489	0.985	0.963	0	"S2"	"TAGLN"
0	0.52260049514266	0.956	0.936	0	"S2"	"ACTN1"
0	0.393931115453936	0.975	0.958	0	"S2"	"SEPTIN11"
0	0.628136538374575	0.987	0.971	0	"S2"	"TUBA1B"
0	0.986533759192857	0.996	0.981	0	"S2"	"HLA-B"
0	0.422357415493916	0.908	0.895	0	"S2"	"FOXP1"
0	0.433294025331072	0.996	0.986	0	"S2"	"MAP1B"
0	0.581171620136259	0.967	0.959	0	"S2"	"BNIP3"
0	0.531255061347217	0.969	0.962	0	"S2"	"P4HA2"
0	0.420138925045819	0.898	0.892	0	"S2"	"UQCC2"
0	0.728051953346806	0.991	0.985	0	"S2"	"MYL9"
0	0.29731613612186	0.991	0.996	0	"S2"	"PDLIM2"
0	0.498881858967574	0.935	0.93	0	"S2"	"JUND"
0	0.320865550508175	0.996	0.992	0	"S2"	"MARCKS"
0	0.303205740341584	0.991	0.995	0	"S2"	"SEC61G"
0	0.513762247286855	0.929	0.932	0	"S2"	"MZT2A"
0	0.323586899508457	0.999	0.996	0	"S2"	"COL6A3"
0	0.381086046910223	0.995	0.992	0	"S2"	"HSPA5"
0	0.440620386672738	0.986	0.983	0	"S2"	"TPM1"
0	0.489403836110821	0.972	0.969	0	"S2"	"PGK1"
0	0.45797641983526	0.972	0.974	0	"S2"	"PLOD1"
0	0.28903605880123	0.996	0.998	0	"S2"	"VKORC1"
0	0.493858618688582	0.996	0.994	0	"S2"	"HSPB6"
0	0.376620569618552	0.954	0.953	0	"S2"	"ARPC5"
0	0.315713537790949	0.994	0.995	0	"S2"	"ARF4"
0	0.395761641846748	0.998	0.999	0	"S2"	"CCDC80"
0	0.449833305596105	0.986	0.985	0	"S2"	"SSR3"
0	0.280838693994847	1	0.999	0	"S2"	"HLA-A"
0	0.617195526272309	1	0.999	0	"S2"	"TPM2"
0	0.317586427262016	0.999	1	0	"S2"	"TPI1"
0	0.269966659929372	0.999	1	0	"S2"	"P4HB"
0	0.353018613323449	1	1	0	"S2"	"RPS23"
0	0.658951361564003	1	1	0	"S2"	"SPARC"
0	0.402835050776619	0.999	0.999	0	"S2"	"TUBB"
0	0.350566841281672	1	1	0	"S2"	"ACTB"
0	0.375421573398639	1	1	0	"S2"	"CALD1"
0	0.330863388116664	1	1	0	"S2"	"RPL27A"
0	0.342559364689754	0.999	0.999	0	"S2"	"SERPINH1"
0	0.367388020484913	0.965	0.965	0	"S2"	"TUBA1C"
0	0.313041720695209	0.999	0.999	0	"S2"	"RPL23"
0	0.363060288201318	0.999	0.999	0	"S2"	"TPM4"
0	0.353163465481687	1	1	0	"S2"	"PPDPF"
0	0.520199815446155	1	1	0	"S2"	"COL6A1"
0	0.306103923083461	1	1	0	"S2"	"COL6A2"
0	0.324693131063997	1	1	0	"S2"	"MIF"
0	0.287264526930222	1	1	0	"S2"	"LGALS1"
0	0.283882404509625	1	1	0	"S2"	"RPL36A"
4.94065645841247e-324	0.448319338222456	0.909	0.897	1.80832967034355e-319	"S2"	"ACTR2"
4.01675370068933e-321	0.427480815380828	0.961	0.949	1.4701720219893e-316	"S2"	"MYH9"
4.42682818673757e-321	0.532495581970787	0.837	0.812	1.62026338462782e-316	"S2"	"SMIM3"
4.72870229634657e-320	0.740854961908977	0.528	0.373	1.73075232748581e-315	"S2"	"PITX2"
2.0798681492979e-319	0.476237867727651	0.844	0.833	7.61252541324523e-315	"S2"	"SRA1"
5.31473480370164e-317	0.558684079051646	0.816	0.797	1.94524608550284e-312	"S2"	"COX20"
3.53681975983142e-311	0.338893301526225	0.962	0.967	1.2945114002959e-306	"S2"	"CREB3L1"
4.10740404875854e-309	0.668521683421596	0.648	0.526	1.50335095588611e-304	"S2"	"PDLIM1"
2.68409609615939e-308	0.442139583042803	0.981	0.98	9.82406012155298e-304	"S2"	"VCAN"
3.22541108085712e-307	1.24003224688361	0.387	0.245	1.18053270970451e-302	"S2"	"COL11A1"
6.81028619070335e-306	0.930393432659822	0.559	0.44	2.49263284865933e-301	"S2"	"FABP5"
9.90622798258782e-302	0.395784970372209	0.903	0.907	3.62577850390697e-297	"S2"	"TGFB1I1"
2.96111097611072e-300	0.406071428757189	0.912	0.909	1.08379622836628e-295	"S2"	"ACTR3"
5.86181747296362e-297	0.293486587161748	0.957	0.969	2.14548381327942e-292	"S2"	"YIF1A"
7.21852972926753e-297	0.802536842626855	0.611	0.486	2.64205406620921e-292	"S2"	"SULF1"
1.92715676632874e-294	0.684978568342398	0.734	0.646	7.05358648043982e-290	"S2"	"GADD45B"
1.12191682836928e-293	0.282784155571083	0.981	0.975	4.10632778351439e-289	"S2"	"CNN2"
1.39650575806926e-289	0.587633852773484	0.743	0.704	5.11135072510929e-285	"S2"	"FHL3"
1.47762630921206e-289	0.443686738958522	0.922	0.882	5.40826005434705e-285	"S2"	"IER2"
3.15043493977574e-288	1.16117711547376	0.352	0.217	1.15309069230732e-283	"S2"	"LIN7A"
1.73653780183927e-283	0.327831157963046	0.949	0.952	6.35590200851193e-279	"S2"	"CDC42"
2.53516490396769e-279	0.570580197544387	0.77	0.692	9.27895706501215e-275	"S2"	"RHOB"
3.27696905039719e-278	0.443459288144984	0.826	0.778	1.19940344213588e-273	"S2"	"GLIPR1"
2.34740210358188e-277	0.860426024582446	0.51	0.38	8.59172643932005e-273	"S2"	"FADS2"
5.90383474694533e-275	0.781544009451964	0.61	0.525	2.16086255572946e-270	"S2"	"ITM2C"
1.01724824351532e-273	1.20670842546105	0.316	0.187	3.72323029609041e-269	"S2"	"TOX2"
2.68916966803503e-267	0.274868447728318	0.992	0.993	9.84262990197501e-263	"S2"	"TAGLN2"
7.92526585459838e-264	0.39912128352594	0.949	0.906	2.90072655544155e-259	"S2"	"SERPINE1"
2.66871048438214e-262	0.934349988391625	0.474	0.357	9.76774724388708e-258	"S2"	"ADAMTS12"
7.52280040075859e-260	1.02986220939843	0.45	0.335	2.75342017468165e-255	"S2"	"KCNG1"
2.03794054928421e-259	1.00667254705771	0.453	0.336	7.45906620443515e-255	"S2"	"WNT5A"
4.32778774484594e-257	0.871029750925405	0.537	0.439	1.58401359249106e-252	"S2"	"XAF1"
8.04023543244141e-254	0.67940466820378	0.643	0.536	2.94280657062788e-249	"S2"	"KLF2"
2.08037306241399e-245	0.897738861623427	0.438	0.313	7.61437344574144e-241	"S2"	"KIF26B"
2.57604658710073e-243	0.33273938640891	0.879	0.858	9.4285881134474e-239	"S2"	"RHOBTB3"
5.93387146418903e-240	0.7887823697932	0.545	0.438	2.17185629460783e-235	"S2"	"FZD2"
1.57409482266334e-239	0.498181992358271	0.781	0.738	5.7613444604301e-235	"S2"	"RAI14"
8.18857409628543e-238	0.922388402278749	0.532	0.441	2.99710000498143e-233	"S2"	"ALDH1B1"
7.76383304580697e-237	0.291849426088746	0.937	0.945	2.84164053309581e-232	"S2"	"H2AFZ"
8.51787307457868e-237	0.928981946279652	0.462	0.348	3.11762672402654e-232	"S2"	"BDNF"
2.40545596797452e-236	1.06186505281201	0.405	0.291	8.80420938838355e-232	"S2"	"SGCD"
1.69324948045455e-234	0.253345175512732	0.965	0.977	6.19746242341171e-230	"S2"	"SERP1"
2.11583608352645e-232	0.27114997968689	0.998	0.999	7.74417164931516e-228	"S2"	"HSPB1"
2.89708354484842e-229	0.318510181779516	0.979	0.97	1.06036154824997e-224	"S2"	"LOXL2"
6.06098184198952e-228	0.32971828456396	0.924	0.86	2.21837996398658e-223	"S2"	"DDIT4"
2.57304672297599e-223	0.338441279797397	0.947	0.952	9.41760831076441e-219	"S2"	"SELENOW"
2.4077034653621e-222	0.397514307479031	0.868	0.846	8.81243545357184e-218	"S2"	"PLS3"
1.80733072512201e-221	0.502936973554222	0.746	0.73	6.61501118701906e-217	"S2"	"GPX7"
3.62028546378138e-220	0.376082995461481	0.884	0.901	1.32506068259862e-215	"S2"	"FAM162A"
6.42719880436704e-220	0.392389245332649	0.985	0.987	2.35241903438638e-215	"S2"	"LOX"
3.66441776906531e-217	0.408577004869568	0.848	0.837	1.34121354765559e-212	"S2"	"LRRFIP1"
4.36105203690223e-216	0.7573427943842	0.546	0.441	1.59618865602659e-211	"S2"	"IL32"
3.44754310088981e-213	1.26273441816395	0.285	0.178	1.26183525035668e-208	"S2"	"LPCAT2"
1.66758497152693e-208	0.70996976031468	0.76	0.758	6.10352775428571e-204	"S2"	"IFI6"
3.97558200763682e-205	0.814232473488794	0.448	0.335	1.45510277061515e-200	"S2"	"DACT1"
1.88872494187323e-204	0.341754754752809	0.902	0.909	6.91292215975022e-200	"S2"	"ANXA6"
7.28340531486935e-204	0.617870134320341	0.645	0.587	2.66579917929533e-199	"S2"	"GXYLT2"
2.72280546952889e-203	0.628813498561983	0.684	0.644	9.9657402990227e-199	"S2"	"EMP2"
3.72825123399556e-203	0.415655042148829	0.871	0.875	1.36457723415471e-198	"S2"	"ITGA5"
2.30635779170677e-202	0.979513856397737	0.414	0.312	8.44150015342593e-198	"S2"	"ADGRE5"
7.74847016808158e-202	0.660819436499928	0.647	0.59	2.83601756621954e-197	"S2"	"MYH10"
1.89991651791758e-198	1.16609305126423	0.302	0.196	6.95388444723014e-194	"S2"	"NUAK1"
1.06898028420219e-194	0.276585460392642	0.883	0.857	3.91257473820845e-190	"S2"	"TUBB4B"
3.56896996159852e-190	0.260741661610331	0.946	0.962	1.30627869564467e-185	"S2"	"NUCB2"
4.39270266362486e-190	0.279643750083909	0.939	0.936	1.60777310191334e-185	"S2"	"HERPUD1"
2.94961655623094e-187	0.486390344406634	0.726	0.704	1.07958915574609e-182	"S2"	"TIMM10"
3.5534898168092e-187	0.334047830917937	0.866	0.87	1.30061280785034e-182	"S2"	"KDELR3"
7.45655638477251e-186	0.883009388578231	0.473	0.375	2.72917420239059e-181	"S2"	"HES1"
2.61956834093905e-185	0.468123083850275	0.765	0.737	9.58788208467103e-181	"S2"	"DLC1"
7.88128952251148e-179	0.329700607716791	0.903	0.91	2.88463077813443e-174	"S2"	"FAP"
2.31187128224058e-174	0.450279690896801	0.738	0.693	8.46168008012874e-170	"S2"	"PCK2"
5.37433259890938e-174	0.297144588853043	0.889	0.882	1.96705947452682e-169	"S2"	"TUBB6"
2.72079830473055e-172	0.337971301466026	0.885	0.819	9.95839387514429e-168	"S2"	"ITGA11"
3.16453510731503e-172	0.269834023471848	0.926	0.951	1.15825149462837e-167	"S2"	"NDUFA3"
3.28361924001918e-171	1.10436708357943	0.324	0.226	1.20183747803942e-166	"S2"	"SNTB1"
8.66271731603477e-170	0.37127408159158	0.847	0.834	3.17064116484188e-165	"S2"	"KLF6"
9.28015730502919e-170	0.492587248623537	0.781	0.745	3.39663037521374e-165	"S2"	"NR2F2"
1.54700414575253e-168	0.342256219712433	0.842	0.828	5.66218987386884e-164	"S2"	"SLC16A3"
2.53961466704426e-168	0.358142867359865	0.841	0.839	9.2952436428487e-164	"S2"	"ZEB1"
1.19920759542737e-163	0.788538993682641	0.474	0.387	4.38921972002373e-159	"S2"	"NTM"
1.94604187259787e-160	0.570563866635902	0.65	0.603	7.12270785789548e-156	"S2"	"RUNX1"
2.34568039549742e-160	0.401965794613596	0.79	0.782	8.5854248155601e-156	"S2"	"NT5DC2"
1.22690424987671e-158	0.251619988330215	0.952	0.955	4.49059224497376e-154	"S2"	"CNN3"
4.81133216643631e-158	0.552853691866329	0.505	0.401	1.76099568623735e-153	"S2"	"G0S2"
4.41353055971747e-157	0.580952913544842	0.599	0.539	1.61539632016219e-152	"S2"	"SKIL"
3.2520382845054e-153	0.843990219036078	0.438	0.361	1.19027853251182e-148	"S2"	"KANSL1"
4.03818128335766e-151	0.254836004560032	0.963	0.96	1.47801473152174e-146	"S2"	"MFAP2"
1.04496426404103e-149	1.10526142342653	0.268	0.179	3.82467370281658e-145	"S2"	"ADAM19"
1.91939273773636e-148	0.258468330010934	0.981	0.986	7.02516935938884e-144	"S2"	"PLAC9"
5.14733800283915e-146	0.906863436478605	0.343	0.251	1.88397718241916e-141	"S2"	"LMOD1"
5.6369528784293e-146	0.309588985838782	0.894	0.904	2.06318112303391e-141	"S2"	"SSR1"
1.79098341331421e-144	0.914518525037042	0.305	0.211	6.55517839107133e-140	"S2"	"SERTAD4-AS1"
4.72081926266042e-141	0.289145298991019	0.917	0.923	1.72786705832634e-136	"S2"	"CAP1"
5.29530427470113e-141	0.561482565849915	0.631	0.593	1.93813431758336e-136	"S2"	"INAFM1"
2.91719606136228e-140	0.404359870490929	0.755	0.764	1.06772293041921e-135	"S2"	"DCUN1D5"
1.06001166131627e-139	0.544196855067179	0.642	0.597	3.87974868158369e-135	"S2"	"FIBIN"
1.90559451406515e-138	0.471041091261359	0.668	0.61	6.97466648092987e-134	"S2"	"FOSB"
1.96820033845902e-137	0.575969816228824	0.47	0.379	7.20381005879385e-133	"S2"	"NRP2"
7.63471846889844e-132	0.469691105819595	0.678	0.651	2.79438330680152e-127	"S2"	"PTPN13"
1.55396145264246e-131	0.593039375806867	0.419	0.321	5.68765431281667e-127	"S2"	"LRRC17"
9.3905208583338e-131	0.750013763699157	0.456	0.381	3.43702453935875e-126	"S2"	"SCD"
2.67065794317861e-130	0.261334343343429	0.903	0.917	9.77487513782802e-126	"S2"	"HSPA9"
3.28943894408197e-130	0.25230427765696	0.923	0.945	1.20396754792344e-125	"S2"	"ILK"
6.07176349814531e-128	0.321221229418893	0.815	0.837	2.22232615795616e-123	"S2"	"ZNF593"
1.27582409833315e-125	0.608107947843145	0.491	0.422	4.66964378230917e-121	"S2"	"C2orf74"
1.77234204183885e-124	0.290310286453203	0.84	0.865	6.48694910733436e-120	"S2"	"LSM8"
2.60154832328137e-124	0.557991435068671	0.471	0.384	9.52192701804215e-120	"S2"	"LTBP4"
1.79085366988586e-123	0.919455938349398	0.307	0.227	6.55470351714922e-119	"S2"	"MLLT11"
1.61824811461927e-122	0.809690533715967	0.389	0.315	5.922949924318e-118	"S2"	"SLC2A1"
2.23740885827561e-122	0.416099570057985	0.745	0.741	8.18914016217456e-118	"S2"	"MPZL1"
7.50678360390616e-121	0.256036814339459	0.977	0.982	2.74755786686569e-116	"S2"	"FLNA"
4.78030149142643e-119	0.468101429933514	0.685	0.685	1.74963814887699e-114	"S2"	"SRP54"
1.21509631168735e-112	0.399289796383712	0.701	0.679	4.44737401040687e-108	"S2"	"ODC1"
4.79027645306306e-111	0.960811914034347	0.283	0.208	1.75328908458561e-106	"S2"	"SPAG4"
1.30861010420696e-110	0.751578769989065	0.471	0.407	4.7896438424079e-106	"S2"	"SCG5"
2.36385657134555e-109	0.721616747593836	0.404	0.333	8.65195143678185e-105	"S2"	"FZD7"
7.70451066558177e-108	0.353353571798791	0.728	0.706	2.81992794870958e-103	"S2"	"SPHK1"
2.23659411961746e-107	0.745853775108387	0.376	0.305	8.18615813721188e-103	"S2"	"HOTAIRM1"
7.35400206901036e-105	0.336187016387888	0.777	0.766	2.69163829727848e-100	"S2"	"TENT5A"
2.18296642224615e-103	0.661058879108333	0.45	0.394	7.98987540206315e-99	"S2"	"AGA"
9.24168871926028e-102	0.284396134990687	0.839	0.85	3.38255048813646e-97	"S2"	"MIR4435-2HG"
2.19766418144431e-101	0.376818776463594	0.729	0.717	8.04367067050433e-97	"S2"	"GLIPR2"
1.1244882558397e-100	0.257710661813431	0.918	0.909	4.1157394651989e-96	"S2"	"TMEM119"
3.07255334865247e-100	0.556867419045055	0.585	0.556	1.12458525114029e-95	"S2"	"PHLDB2"
4.45665476566098e-100	0.316283087624397	0.788	0.8	1.63118021077957e-95	"S2"	"SMS"
6.90350256442402e-100	0.675119974028129	0.454	0.406	2.52675097360484e-95	"S2"	"SMAD1"
1.10118595627374e-99	0.283767913552582	0.819	0.843	4.03045071855753e-95	"S2"	"SRP19"
2.06788188036153e-99	0.253844588795006	0.858	0.889	7.56865447031124e-95	"S2"	"MRPL17"
7.77974003998155e-99	0.554644681146864	0.502	0.445	2.84746265203365e-94	"S2"	"ADAMTS6"
1.04659253918525e-98	0.255433170793535	0.878	0.89	3.83063335267193e-94	"S2"	"CYTOR"
9.59257384331471e-98	0.375103735825777	0.731	0.732	3.51097795239162e-93	"S2"	"MSRB3"
6.52052548759934e-96	0.437041931347861	0.655	0.645	2.38657753371623e-91	"S2"	"RNASET2"
1.91829796081177e-94	0.334891994808781	0.764	0.77	7.02116236636716e-90	"S2"	"PGM3"
2.53307879945294e-94	0.265008246792825	0.836	0.854	9.2713217138777e-90	"S2"	"BTF3L4"
4.15482045257955e-94	0.737161518194762	0.349	0.28	1.52070583384864e-89	"S2"	"FGF5"
1.34399507518944e-92	0.453606911437313	0.502	0.427	4.91915637470085e-88	"S2"	"C11orf96"
5.71642313576861e-92	0.371316876233563	0.754	0.774	2.09226803192267e-87	"S2"	"LPP"
2.01076049622164e-91	0.329901047727852	0.751	0.768	7.35958449222081e-87	"S2"	"FAM177A1"
2.78812988931268e-90	0.308059100076598	0.863	0.894	1.02048342078733e-85	"S2"	"PSME2"
5.18685823750564e-89	0.254603971996783	0.866	0.873	1.89844198350944e-84	"S2"	"LAMB1"
1.21294272091963e-87	0.367947737135693	0.685	0.673	4.43949165283793e-83	"S2"	"A1BG"
3.6095691101107e-85	0.298925601820558	0.837	0.862	1.32113838999162e-80	"S2"	"MBNL1"
1.37201762172543e-84	0.397590937006531	0.457	0.377	5.02172169727725e-80	"S2"	"SRGN"
3.25405120546517e-83	0.250915588248088	0.867	0.89	1.19101528171231e-78	"S2"	"PLP2"
6.33510406472726e-83	0.399642497085727	0.651	0.651	2.31871143873082e-78	"S2"	"EVL"
5.88407073546601e-82	0.449130331578911	0.596	0.581	2.15362872988791e-77	"S2"	"RAP1GDS1"
1.05347883171974e-80	0.742568986278985	0.299	0.236	3.85583787197742e-76	"S2"	"SEL1L3"
1.39790595652199e-76	0.735374710438057	0.311	0.249	5.11647559146615e-72	"S2"	"PEAR1"
8.39052793575966e-75	0.647038622795678	0.282	0.218	3.07101712976739e-70	"S2"	"LOXL4"
1.43193209088783e-74	0.331835793289612	0.742	0.75	5.24101464585854e-70	"S2"	"NEXN"
5.19438970258221e-74	0.599530921216468	0.607	0.608	1.90119857504211e-69	"S2"	"ISG15"
2.66238041536873e-73	0.299577055208036	0.827	0.848	9.74457855829109e-69	"S2"	"DAP"
1.95221966315322e-72	0.588043773175504	0.454	0.417	7.14531918910708e-68	"S2"	"ASNS"
1.10523742657717e-71	0.532969389477535	0.509	0.471	4.04527950501511e-67	"S2"	"SGK1"
6.74470823395483e-71	0.465714356452553	0.525	0.481	2.46863066070981e-66	"S2"	"COL5A3"
1.10413261095426e-70	0.275050692724349	0.814	0.838	4.04123576935369e-66	"S2"	"NRBF2"
1.99625703723446e-70	0.277055227259772	0.772	0.797	7.30650038198186e-66	"S2"	"C11orf24"
6.21876002126998e-70	0.508985266961474	0.538	0.509	2.27612835538502e-65	"S2"	"PIM1"
1.94743436733992e-68	0.615295252130912	0.401	0.352	7.12780452790086e-64	"S2"	"C1orf54"
5.60501493662677e-67	0.529595014897656	0.545	0.527	2.05149151695476e-62	"S2"	"SLC20A1"
2.32419013976209e-66	0.328067679752804	0.697	0.719	8.50676833054323e-62	"S2"	"TMEM9"
6.96143708917087e-66	0.252521257008056	0.805	0.839	2.54795558900743e-61	"S2"	"UFM1"
1.71816840436883e-63	0.748226449288147	0.331	0.281	6.28866817683035e-59	"S2"	"NPAS2"
4.18737563781924e-63	0.550970962317962	0.377	0.326	1.53262135719822e-58	"S2"	"KCNE4"
4.25478324683869e-63	0.443022544879209	0.599	0.614	1.55729321617543e-58	"S2"	"ERO1A"
2.95700842226728e-62	0.274714165217994	0.649	0.618	1.08229465263405e-57	"S2"	"GDF15"
3.61256376989439e-62	0.816099328362172	0.261	0.209	1.32223446541905e-57	"S2"	"CTH"
6.21282831266611e-62	0.56901693599251	0.377	0.326	2.27395729071892e-57	"S2"	"LMO7-AS1"
6.81610671844286e-62	0.34041055968713	0.671	0.67	2.49476322001727e-57	"S2"	"CHCHD10"
2.21712357966344e-60	0.322610557893398	0.692	0.704	8.11489401392616e-56	"S2"	"BOLA3"
1.13379127315211e-58	0.273511916007499	0.744	0.77	4.14978943886405e-54	"S2"	"MED8"
2.91543794478507e-57	0.856688266964087	0.39	0.352	1.06707944217078e-52	"S2"	"MYLK"
2.64830126760481e-54	0.581230578915741	0.377	0.335	9.69304746956035e-50	"S2"	"TBX3"
1.04006366464762e-53	0.517577802549255	0.462	0.439	3.80673701897674e-49	"S2"	"GOT1"
1.86124876912531e-53	0.315508847355728	0.722	0.744	6.81235661987556e-49	"S2"	"CEP170"
3.96101025902526e-53	0.614671566504168	0.38	0.34	1.44976936490583e-48	"S2"	"GBP1"
4.40488577763319e-52	0.264557871761521	0.752	0.781	1.61223224347152e-47	"S2"	"ANP32A"
1.15244342595485e-51	0.276178754209229	0.772	0.796	4.21805818333736e-47	"S2"	"ITGAV"
1.2151707484321e-51	0.476532549208975	0.409	0.367	4.44764645633634e-47	"S2"	"SERINC2"
8.41593379462974e-51	0.369528359445476	0.575	0.579	3.08031592817243e-46	"S2"	"ELP5"
1.49989253802573e-50	0.351795619457482	0.612	0.614	5.48975667842798e-46	"S2"	"PLEKHO1"
3.13508219418652e-50	0.402682826382854	0.533	0.51	1.14747143389421e-45	"S2"	"IRX3"
2.66540790389855e-48	0.396637806089451	0.539	0.529	9.75565946905907e-44	"S2"	"C19orf48"
6.68414277280717e-48	0.445777694174619	0.511	0.49	2.44646309627515e-43	"S2"	"PLTP"
6.12623075047025e-47	0.359105271243597	0.6	0.6	2.24226171697961e-42	"S2"	"HDGFL3"
8.94044348114979e-47	0.396439490648862	0.455	0.421	3.27229171853564e-42	"S2"	"DKK3"
3.83197729246121e-46	0.63858189620277	0.301	0.259	1.40254200881373e-41	"S2"	"SYNGR1"
6.35438042660506e-46	0.346449694211812	0.608	0.619	2.32576677994172e-41	"S2"	"DESI1"
1.2770157550742e-45	0.292196902770134	0.593	0.562	4.67400536514709e-41	"S2"	"CHAC1"
1.31028133594179e-44	0.678368900044692	0.265	0.223	4.79576071768054e-40	"S2"	"ALDOC"
1.05077227197622e-42	0.417796712209809	0.592	0.599	3.84593159266017e-38	"S2"	"SLC25A32"
7.88272530731489e-42	0.612287229539294	0.328	0.294	2.88515628973032e-37	"S2"	"RORA"
2.21600347687805e-41	0.550529161050093	0.622	0.618	8.11079432572134e-37	"S2"	"PCSK7"
3.06758078261081e-40	0.350813514017152	0.6	0.609	1.12276524224338e-35	"S2"	"ADGRA2"
1.28131464550669e-39	0.292692258219572	0.653	0.675	4.68973973401904e-35	"S2"	"HSD17B12"
1.88021625591048e-38	0.283492332568041	0.55	0.526	6.88177951825793e-34	"S2"	"SPOCD1"
2.88846099919332e-37	0.395554152434774	0.532	0.533	1.05720561031475e-32	"S2"	"DYNLT3"
2.91248761943965e-37	1.05355780432246	0.402	0.378	1.06599959359111e-32	"S2"	"NDUFA4L2"
2.33648865764288e-36	0.451410379980394	0.396	0.361	8.5517821358387e-32	"S2"	"HAS2"
5.38927993582664e-36	0.482660392974464	0.349	0.311	1.97253034931191e-31	"S2"	"AC055839.2"
1.40877865218654e-35	0.3185888650712	0.665	0.688	5.15627074486794e-31	"S2"	"AL135905.2"
3.66515448312027e-35	0.323637141036357	0.581	0.587	1.34148319236685e-30	"S2"	"PARVB"
1.61065151389804e-33	0.528893883984119	0.376	0.355	5.89514560601823e-29	"S2"	"SPSB1"
3.87493591917667e-33	0.261082303159843	0.644	0.657	1.41826529577785e-28	"S2"	"TMEM45A"
5.55479996591387e-33	0.29681872292208	0.724	0.743	2.03311233552414e-28	"S2"	"STC2"
6.07343632404726e-33	0.396461970598526	0.454	0.434	2.22293842896454e-28	"S2"	"NXN"
2.66803433343271e-32	0.271567458732086	0.653	0.668	9.76527246379707e-28	"S2"	"VASP"
4.41718595709481e-32	0.405004693903655	0.516	0.519	1.61673423215627e-27	"S2"	"SMC5"
6.54973892190833e-32	0.338544370552684	0.57	0.583	2.39726994280767e-27	"S2"	"LAPTM4B"
7.48506333923924e-32	0.472396980319194	0.393	0.368	2.73960803279495e-27	"S2"	"FRMD4A"
1.25714937374004e-31	0.281828538844383	0.531	0.511	4.6012924228259e-27	"S2"	"GEM"
2.25642957993362e-31	0.345447203118603	0.589	0.611	8.25875790551504e-27	"S2"	"STX12"
2.27422238987969e-31	0.319804950877223	0.581	0.588	8.32388136919864e-27	"S2"	"GNB4"
6.44806223825691e-31	1.12162506061767	0.341	0.324	2.36005525982441e-26	"S2"	"COL4A1"
2.37954693094808e-30	0.439121012583845	0.46	0.456	8.70937972196306e-26	"S2"	"SLC9A3R2"
1.08529278109941e-29	0.272647795992193	0.647	0.667	3.97228010810196e-25	"S2"	"CEBPG"
2.0414864003867e-29	0.362441905913627	0.359	0.323	7.47204437405537e-25	"S2"	"IL6"
1.03624674130379e-28	0.259090349941535	0.731	0.775	3.79276669784599e-24	"S2"	"CDKN2A"
1.54652798596394e-28	0.271419157912892	0.677	0.712	5.66044708142662e-24	"S2"	"DNAJB11"
1.62929119439666e-28	0.283694558254405	0.66	0.695	5.9633687006112e-24	"S2"	"SDCCAG8"
1.81277943459333e-28	0.539690336865125	0.268	0.236	6.63495400855506e-24	"S2"	"LINC01605"
4.91854051378158e-28	0.444999435046486	0.433	0.426	1.8002350134492e-23	"S2"	"MAN2A1"
5.7546689519114e-28	0.279897568727303	0.618	0.633	2.10626638308909e-23	"S2"	"CDK2AP2"
6.4794703294353e-28	0.444265030456278	0.305	0.272	2.37155093527662e-23	"S2"	"FOXC2"
8.6134780867964e-28	0.287671919694056	0.552	0.552	3.15261911454835e-23	"S2"	"DNM3OS"
9.23876870017241e-28	0.35465325654062	0.537	0.542	3.3814817319501e-23	"S2"	"KLF9"
1.95341790877366e-27	0.507309324449212	0.372	0.354	7.14970488790248e-23	"S2"	"ENO2"
4.84889814695146e-26	0.281473131884165	0.607	0.61	1.7747452107657e-21	"S2"	"NFKBIZ"
5.33744773184356e-26	0.324888383697829	0.468	0.459	1.95355924433206e-21	"S2"	"RCAN1"
1.01345342977667e-25	0.426973696112979	0.445	0.444	3.70934089832558e-21	"S2"	"LNPK"
2.02014018211913e-25	0.528400575649494	0.335	0.316	7.39391508057422e-21	"S2"	"ANKRD50"
2.43175847608021e-25	0.254104318378522	0.653	0.689	8.90047919830119e-21	"S2"	"NTMT1"
2.89457516074212e-25	0.554170618112112	0.304	0.281	1.05944345458322e-20	"S2"	"FAIM2"
1.29154734242821e-24	0.274943330580038	0.607	0.633	4.7271924280215e-20	"S2"	"CMC2"
4.59548047893922e-24	0.276477498777474	0.643	0.666	1.68199181009655e-19	"S2"	"FAM98A"
5.05659298509019e-24	0.390424288995878	0.442	0.431	1.85076359847286e-19	"S2"	"ABCA1"
5.63415687362901e-24	0.287721800043918	0.6	0.634	2.06215775731695e-19	"S2"	"IBTK"
1.63015127955478e-23	0.421867993445661	0.47	0.473	5.96651669829846e-19	"S2"	"SACS"
1.17340001396656e-22	0.531452459518817	0.353	0.338	4.29476139111899e-18	"S2"	"ETV5"
1.77552997070364e-22	0.589935956152186	0.27	0.248	6.49861724577239e-18	"S2"	"TEAD3"
2.49463708341873e-22	0.478974827325164	0.391	0.38	9.1306211890209e-18	"S2"	"TIPARP"
4.1959918596542e-22	0.412707248283167	0.405	0.397	1.53577498055203e-17	"S2"	"SRGAP2C"
8.92434034831235e-22	0.409516412539374	0.416	0.412	3.2663978108858e-17	"S2"	"PPIL3"
1.24039749552261e-21	0.287631288310903	0.555	0.566	4.53997887336231e-17	"S2"	"ZNF358"
1.56651448947237e-21	0.476332102838964	0.338	0.322	5.73359968291783e-17	"S2"	"NAT14"
1.85161542811686e-21	0.346964787047604	0.454	0.442	6.77709762845053e-17	"S2"	"BHLHE40"
5.45387656434717e-21	0.520397530469838	0.325	0.312	1.99617336131671e-16	"S2"	"SAMD1"
6.07558194817066e-21	0.493374686106413	0.381	0.375	2.22372374884994e-16	"S2"	"TGFBR1"
9.92469052843161e-21	0.438838308826021	0.38	0.371	3.63253598031125e-16	"S2"	"AJM1"
1.66491539491953e-20	0.252887436485845	0.631	0.66	6.09375683694498e-16	"S2"	"KRAS"
2.57721396182646e-20	0.433776900672007	0.375	0.365	9.43286082168104e-16	"S2"	"GALNT10"
5.2269908022886e-20	0.600847774932068	0.353	0.332	1.91313090354565e-15	"S2"	"AC011603.2"
1.26025139792064e-18	0.430010572832696	0.414	0.412	4.61264614152932e-14	"S2"	"HILPDA"
1.39379614035222e-18	0.430024296095085	0.256	0.229	5.10143325330316e-14	"S2"	"MRVI1"
1.44485877192935e-18	0.516679712404041	0.31	0.298	5.28832759113861e-14	"S2"	"GPR180"
1.85484153431004e-18	0.396236431078835	0.409	0.409	6.78890549972816e-14	"S2"	"IFI27L1"
2.90861089382777e-18	0.530292102795544	0.282	0.262	1.0645806732499e-13	"S2"	"ARHGAP22"
9.23179729576997e-18	0.276743506135933	0.552	0.574	3.37893012822477e-13	"S2"	"BTG3"
4.25092814816605e-17	0.329927801054446	0.494	0.506	1.55588221151026e-12	"S2"	"ZNF22"
9.6221386005431e-17	0.323118010024232	0.521	0.544	3.52179894918478e-12	"S2"	"GNL2"
1.93883357105407e-16	0.311130318986611	0.491	0.503	7.09632475341499e-12	"S2"	"MAGOHB"
7.00850419365758e-16	0.49416855392466	0.272	0.256	2.56518261992061e-11	"S2"	"OPN3"
9.49853479028243e-16	0.317288650463966	0.523	0.525	3.47655871859127e-11	"S2"	"PHLDA1"
4.51856043858994e-15	0.284104678832634	0.569	0.6	1.6538383061283e-10	"S2"	"RAB5A"
4.58644323973756e-15	0.274355558130197	0.561	0.592	1.67868409017634e-10	"S2"	"DDA1"
4.5916327210072e-15	0.523493322415246	0.251	0.235	1.68058349221585e-10	"S2"	"CPNE2"
5.4184034538641e-15	0.30621218149695	0.527	0.55	1.9831898481488e-10	"S2"	"SFT2D2"
2.4717871151329e-14	0.316043672831368	0.495	0.514	9.04698802009793e-10	"S2"	"SLC25A24"
2.56948340650509e-14	0.426310309758885	0.389	0.392	9.40456621614927e-10	"S2"	"GTF2IRD2B"
8.31533415701331e-14	0.323209993931799	0.521	0.549	3.04349545480844e-09	"S2"	"CREB3L2"
1.34249843525998e-13	0.33209569599195	0.463	0.478	4.91367852289504e-09	"S2"	"PPP2R3C"
1.45032163422038e-13	0.366092587591298	0.42	0.432	5.30832221341e-09	"S2"	"CCDC167"
1.47185765293443e-13	0.453181282308908	0.278	0.263	5.3871461955053e-09	"S2"	"PPP1R13L"
1.70258817932136e-13	0.26554955697915	0.527	0.541	6.23164299513412e-09	"S2"	"SESN2"
1.93809910933955e-13	0.368319412171556	0.437	0.447	7.09363655009368e-09	"S2"	"NUP58"
2.9837284866792e-13	0.444319408735389	0.303	0.289	1.09207446340946e-08	"S2"	"SEPTIN6"
8.66497826512753e-13	0.253958240317645	0.551	0.579	3.17146869481933e-08	"S2"	"SDF2L1"
8.6927239685891e-13	0.451481758662209	0.265	0.25	3.1816238997433e-08	"S2"	"TET1"
1.86743527828664e-12	0.35681293847088	0.443	0.453	6.83499986205694e-08	"S2"	"DNAJB4"
1.96643529493643e-11	0.250313459469054	0.558	0.59	7.19734982299682e-07	"S2"	"FKBP14"
1.00968349329143e-10	0.263091522832871	0.499	0.511	3.69554255379595e-06	"S2"	"TENM3"
1.11352858954065e-10	0.281928072580574	0.539	0.573	4.07562599057775e-06	"S2"	"CDC42BPA"
1.71868024206717e-10	0.264866728836112	0.438	0.437	6.29054155399006e-06	"S2"	"SLC38A1"
4.62407791565214e-10	0.526077674616519	0.327	0.318	1.69245875790784e-05	"S2"	"SYNPO2"
6.97801498040123e-10	0.520103163746352	0.253	0.244	2.55402326297666e-05	"S2"	"PDK1"
2.68459149202877e-09	0.380582951104965	0.525	0.566	9.8258733199745e-05	"S2"	"HYI"
5.55587167684455e-09	0.257417833877746	0.538	0.572	0.000203350459244187	"S2"	"YKT6"
1.08859527221406e-08	0.396127462776734	0.303	0.299	0.000398436755583069	"S2"	"FUOM"
1.49316332898838e-08	0.280039938641852	0.492	0.518	0.000546512710043037	"S2"	"MAPRE1"
2.56999057308124e-08	0.447126291562981	0.292	0.286	0.000940642249653463	"S2"	"TMEM158"
3.9679148475633e-08	0.4454727460626	0.252	0.245	0.00145229651335664	"S2"	"STARD4"
5.81906719495723e-08	0.278162147787025	0.504	0.536	0.00212983678402629	"S2"	"GOSR2"
9.00250959744728e-08	0.338720039688879	0.384	0.397	0.00329500853776168	"S2"	"PLGRKT"
1.32682914371637e-07	0.347895261680344	0.392	0.404	0.0048563273489163	"S2"	"JMJD6"
1.37850222351108e-07	0.461459267267611	0.314	0.317	0.00504545598827291	"S2"	"SLC1A4"
3.88266930684034e-07	0.256817476345736	0.351	0.345	0.0142109579299663	"S2"	"HEPH"
4.70754393187217e-07	0.41727086744098	0.279	0.273	0.0172300815450453	"S2"	"SYTL2"
6.1713088648477e-07	0.430415917216169	0.289	0.291	0.022587607576229	"S2"	"AP1AR"
6.91749017490471e-07	0.250652525779119	0.582	0.631	0.0253187057891687	"S2"	"PELO"
8.38829957333598e-07	0.534166676451952	0.409	0.48	0.030702015268367	"S2"	"COL4A2"
1.93724964077982e-06	0.350825715962765	0.309	0.31	0.0709052741021821	"S2"	"NOTCH2NLA"
2.41873041607826e-06	0.297959459888162	0.449	0.476	0.0885279519588805	"S2"	"ASB1"
2.99226284369318e-06	0.316251769708984	0.342	0.344	0.109519812342014	"S2"	"SLC7A11"
6.03591669548983e-06	0.362523843445062	0.347	0.358	0.220920586971623	"S2"	"ACOX1"
6.30152314461869e-06	0.305445598671736	0.456	0.485	0.230642048616189	"S2"	"DLG1"
1.17812958536505e-05	0.442296240537403	0.261	0.262	0.431207209539461	"S2"	"FZD6"
1.69726625296533e-05	0.341468594237591	0.38	0.396	0.62121642124784	"S2"	"STK39"
3.09384982946188e-05	0.41904403989112	0.303	0.308	1	"S2"	"NET1"
3.87830508717949e-05	0.319663071580052	0.359	0.371	1	"S2"	"SEC11C"
4.28577886839978e-05	0.427435778613088	0.282	0.286	1	"S2"	"LBR"
8.45605552046622e-05	0.263039519677361	0.463	0.489	1	"S2"	"SRPX2"
8.91010831796691e-05	0.29041244064098	0.45	0.48	1	"S2"	"JAZF1"
0.000107978461648912	0.315565471132096	0.371	0.39	1	"S2"	"SLC35A2"
0.000171780293442751	0.277399864363815	0.423	0.447	1	"S2"	"SPRYD7"
0.000175629021831633	0.320399200106598	0.337	0.345	1	"S2"	"DCBLD1"
0.000209968210328186	0.252693829005644	0.576	0.632	1	"S2"	"PTPA"
0.000223423350705839	0.257259308250357	0.472	0.508	1	"S2"	"FARSB"
0.000237473681496108	0.257927017532284	0.494	0.53	1	"S2"	"PRKG1"
0.000243437570968023	0.409544521057249	0.324	0.333	1	"S2"	"STK38L"
0.000311707415217313	0.401190577077358	0.257	0.259	1	"S2"	"NXPH4"
0.000394369471373719	0.298883977581738	0.335	0.344	1	"S2"	"MIR210HG"
0.000517441675772821	0.315919938853019	0.256	0.256	1	"S2"	"VEPH1"
0.000597533429093014	0.258554302061021	0.477	0.509	1	"S2"	"ANP32E"
0.00063451810307812	0.267255900390937	0.424	0.45	1	"S2"	"CMSS1"
0.000751962279649787	0.283682826173934	0.279	0.281	1	"S2"	"PLCB1"
0.00080652406062313	0.319706514624865	0.338	0.352	1	"S2"	"SMCO4"
0.00121731750730057	0.297468697015168	0.314	0.319	1	"S2"	"HMGA2"
0.0012326372437156	0.3050282441691	0.35	0.365	1	"S2"	"HPCAL1"
0.00160663946788451	0.279356347097633	0.397	0.421	1	"S2"	"TIMM22"
0.00162826144694454	0.36680887146502	0.416	0.439	1	"S2"	"LINC01503"
0.00165671580892001	0.313781088880646	0.305	0.313	1	"S2"	"GULP1"
0.00194356379901865	0.251411739583054	0.256	0.291	1	"S2"	"TAF13"
0.00295101305694707	0.387786872142033	0.261	0.268	1	"S2"	"CROCC"
0.00394594607788446	0.281412030947142	0.381	0.404	1	"S2"	"CCDC186"
0.0055145643891432	0.251092721558331	0.229	0.257	1	"S2"	"CTPS1"
0.00555855876799539	0.34355982841476	0.322	0.339	1	"S2"	"PCBP4"
0	1.66990349776315	0.651	0.252	0	"S3"	"JCAD"
0	1.96084611748809	0.819	0.435	0	"S3"	"COMP"
0	1.74970717275882	0.548	0.175	0	"S3"	"GSTT2B"
0	0.866008254530967	0.829	0.487	0	"S3"	"HOXC10"
0	1.46724188129077	0.692	0.354	0	"S3"	"MIR503HG"
0	1.05729176206236	0.686	0.352	0	"S3"	"POMZP3"
0	1.06929732155644	0.781	0.464	0	"S3"	"ARHGAP29"
0	1.04715254031199	0.608	0.309	0	"S3"	"MYO1D"
0	0.921824156193351	0.688	0.392	0	"S3"	"CBWD5"
0	1.64912222597001	0.972	0.687	0	"S3"	"ENPP2"
0	1.79761501529011	0.447	0.166	0	"S3"	"RFLNB"
0	0.808974722575381	0.894	0.621	0	"S3"	"TRIB3"
0	0.553854777125399	0.763	0.491	0	"S3"	"NDN"
0	0.80784713805842	0.683	0.42	0	"S3"	"HTATIP2"
0	1.00327430100482	0.538	0.275	0	"S3"	"MOCOS"
0	0.685114600944171	0.75	0.487	0	"S3"	"ADAM33"
0	2.04853558427191	0.396	0.135	0	"S3"	"RARRES2"
0	0.71879288831629	0.833	0.572	0	"S3"	"NFIB"
0	1.59074370055213	0.423	0.167	0	"S3"	"SBF2-AS1"
0	0.720283132705296	0.599	0.345	0	"S3"	"APBB1IP"
0	1.86776870363505	0.619	0.369	0	"S3"	"H19"
0	0.966366072396625	0.54	0.291	0	"S3"	"WNT2"
0	0.859681077263092	0.8	0.555	0	"S3"	"LMCD1"
0	0.691081688308824	0.634	0.389	0	"S3"	"KCNMA1"
0	2.29188968661254	0.329	0.088	0	"S3"	"AC078850.1"
0	0.815296313649061	0.79	0.549	0	"S3"	"SH2D4A"
0	1.17089355099664	0.496	0.255	0	"S3"	"CDKN1C"
0	0.819994745445779	0.721	0.48	0	"S3"	"IRX3"
0	0.70956159196534	0.772	0.537	0	"S3"	"RRP7A"
0	0.664245413283732	0.843	0.613	0	"S3"	"TSEN15"
0	0.941000082436488	0.754	0.524	0	"S3"	"OLFM2"
0	0.96780903705996	0.622	0.393	0	"S3"	"PRPS1"
0	0.977013220305063	0.347	0.126	0	"S3"	"HLA-DRB1"
0	1.08234282012758	0.433	0.213	0	"S3"	"SERAC1"
0	1.1375209657123	0.708	0.489	0	"S3"	"PI16"
0	0.750597929090829	0.865	0.646	0	"S3"	"GREM1"
0	1.38542594953378	0.347	0.132	0	"S3"	"STXBP6"
0	0.781938576291331	0.776	0.566	0	"S3"	"CTSC"
0	0.69057817960141	0.833	0.624	0	"S3"	"TMEM45A"
0	0.636534053986578	0.826	0.624	0	"S3"	"TCF7L2"
0	1.52989662468786	0.32	0.123	0	"S3"	"MEGF6"
0	0.540814452222821	0.873	0.678	0	"S3"	"LINC01133"
0	0.73728533021324	0.832	0.646	0	"S3"	"MME"
0	0.877226908093403	0.316	0.131	0	"S3"	"CD36"
0	0.524348776704753	0.9	0.72	0	"S3"	"DCXR"
0	0.612701131808677	0.913	0.743	0	"S3"	"MKNK2"
0	1.05840788573996	0.906	0.749	0	"S3"	"ADM"
0	0.687204945108771	0.915	0.763	0	"S3"	"EPB41L4A-AS1"
0	0.709421251754408	0.919	0.775	0	"S3"	"PGRMC2"
0	0.504227862496089	0.977	0.837	0	"S3"	"PSAT1"
0	0.547794886077112	0.942	0.811	0	"S3"	"EFEMP1"
0	0.717752976624393	0.959	0.854	0	"S3"	"TSPAN3"
0	0.788680853742089	0.979	0.884	0	"S3"	"NREP"
0	0.660294157744832	0.979	0.888	0	"S3"	"ASS1"
0	0.496626898884199	0.963	0.875	0	"S3"	"TWIST2"
0	0.388418327079361	0.982	0.894	0	"S3"	"DNAJC15"
0	0.378169381341242	0.973	0.89	0	"S3"	"WARS"
0	0.624235225855878	0.969	0.894	0	"S3"	"SLIT3"
0	0.399204314260599	0.987	0.918	0	"S3"	"EIF4EBP1"
0	0.411936134007821	0.97	0.908	0	"S3"	"STMP1"
0	0.74539830270115	0.995	0.936	0	"S3"	"COL12A1"
0	0.621964741510622	0.986	0.929	0	"S3"	"PTX3"
0	0.370497915583217	0.984	0.934	0	"S3"	"BASP1"
0	0.66287277266706	0.972	0.922	0	"S3"	"CITED2"
0	0.597489623328531	0.969	0.923	0	"S3"	"MFAP4"
0	0.506649199239905	0.98	0.936	0	"S3"	"C12orf75"
0	0.629189664614107	0.999	0.961	0	"S3"	"SNHG5"
0	0.470606954518815	0.993	0.956	0	"S3"	"SEPTIN11"
0	0.480400475908261	0.997	0.961	0	"S3"	"SLC1A5"
0	0.505871216407747	0.993	0.963	0	"S3"	"DAB2"
0	0.311393411428898	0.987	0.966	0	"S3"	"HMGN1"
0	0.297559307618454	0.998	0.988	0	"S3"	"TCEA1"
0	0.294503206677406	0.995	0.988	0	"S3"	"REXO2"
0	0.426458123398116	0.999	0.993	0	"S3"	"GAS5"
0	0.703325446308958	0.999	0.996	0	"S3"	"ZFAS1"
0	0.400578582000462	1	0.998	0	"S3"	"IFITM2"
0	0.269110102955219	1	0.999	0	"S3"	"SERPINH1"
0	0.322831118659607	1	1	0	"S3"	"RPS18"
0	0.852017294303976	1	1	0	"S3"	"RPS26"
0	0.415464411788101	1	1	0	"S3"	"COL1A1"
4.94065645841247e-324	0.761131564157754	0.618	0.384	1.80832967034355e-319	"S3"	"RAB3B"
7.31217155845045e-322	0.459440366000987	0.968	0.859	2.67632791210845e-317	"S3"	"DDIT4"
1.02133250308302e-319	0.305600493075753	1	0.995	3.73817909453418e-315	"S3"	"FSTL1"
7.21661432188829e-318	0.357339331685939	0.983	0.929	2.64135300795433e-313	"S3"	"HERPUD1"
3.33385567094192e-317	0.661546924691299	0.742	0.506	1.22022451412145e-312	"S3"	"RPS6KA2"
2.21775870903205e-314	0.352357414523734	0.999	0.992	8.11721865092822e-310	"S3"	"MARCKS"
1.94197342710724e-309	0.478651083455718	0.968	0.892	7.10781694055521e-305	"S3"	"COL16A1"
1.78329511745524e-308	0.582663512789878	0.955	0.859	6.52703845939794e-304	"S3"	"POSTN"
5.97810364272374e-305	0.535654201776964	0.866	0.685	2.18804571427332e-300	"S3"	"VGLL3"
2.64359577465113e-302	0.370727467846383	0.996	0.984	9.67582489480059e-298	"S3"	"COL5A2"
1.09704426297102e-300	0.872247743939489	0.287	0.122	4.01529170690023e-296	"S3"	"CPXM1"
4.17987157529668e-298	0.556435387313741	0.793	0.576	1.52987479527434e-293	"S3"	"EMX2OS"
7.04770891687242e-298	0.456871507399675	0.965	0.902	2.57953194066447e-293	"S3"	"MYO1B"
1.31719568601051e-293	0.339023149385024	0.983	0.922	4.82106793036706e-289	"S3"	"SLC3A2"
7.7954890217718e-291	0.69400293369045	0.694	0.479	2.8532269368587e-286	"S3"	"ARL4D"
1.14930213416639e-290	0.452625028851612	0.922	0.803	4.20656074126239e-286	"S3"	"ECI1"
1.2561844026685e-290	0.587578821374679	0.766	0.545	4.59776053220697e-286	"S3"	"DDIT3"
3.51378682546598e-290	0.53361305058251	0.9	0.75	1.2860811159888e-285	"S3"	"NEK7"
8.39865848968851e-290	1.23770468699852	0.266	0.115	3.07399299381089e-285	"S3"	"FNDC1"
2.17375066179628e-289	0.779852290799047	0.438	0.234	7.95614479724057e-285	"S3"	"PEAR1"
1.80908344256655e-284	0.273347752237835	0.997	0.983	6.62142630813785e-280	"S3"	"MGST1"
3.19177072108293e-273	0.765438871285906	0.476	0.269	1.16822000162356e-268	"S3"	"GPR1"
1.46113811329756e-271	0.628803207530684	0.631	0.398	5.34791160848039e-267	"S3"	"RUNX1T1"
2.96477216342717e-270	0.46515396736546	0.936	0.819	1.08513625953598e-265	"S3"	"FHL1"
2.81964423704568e-269	0.91734524364816	0.354	0.179	1.03201798720109e-264	"S3"	"PKP4"
8.26108693227651e-269	0.366243517494571	0.972	0.913	3.02364042808252e-264	"S3"	"SNHG32"
1.31388638589958e-268	0.826458840292761	0.665	0.463	4.80895556103105e-264	"S3"	"RABGAP1"
2.80517079024992e-268	0.611740525740701	0.672	0.445	1.02672056093937e-263	"S3"	"EMX2"
5.92254825818486e-268	0.526086045935099	0.93	0.852	2.16771188797824e-263	"S3"	"DUSP1"
2.08193565756924e-264	0.376506192171977	0.968	0.904	7.62009270026916e-260	"S3"	"RAD23B"
5.59336046483668e-262	0.631076276434006	0.678	0.465	2.04722586373487e-257	"S3"	"JADE1"
1.88635126635332e-256	0.296461730667996	0.996	0.968	6.90423426997979e-252	"S3"	"LOXL2"
2.52315450221149e-256	0.58251345631987	0.691	0.479	9.23499779354426e-252	"S3"	"KPNA2"
4.14461494661478e-256	0.953184757842322	0.52	0.33	1.51697051661048e-251	"S3"	"RDH10"
7.77698740059686e-256	0.474840620843603	0.925	0.823	2.84645515849246e-251	"S3"	"PALLD"
3.97766285091714e-255	0.541580795166338	0.658	0.426	1.45586438006418e-250	"S3"	"UNC5B"
6.86956271999747e-254	0.302037025709786	0.998	0.985	2.51432865114627e-249	"S3"	"LOX"
2.05632528711842e-249	0.571535103372348	0.816	0.641	7.52635618338213e-245	"S3"	"GADD45B"
3.52787673748034e-249	0.707932615454301	0.478	0.277	1.29123816468518e-244	"S3"	"PKDCC"
1.33899728031907e-248	0.62214195379269	0.551	0.336	4.90086394569582e-244	"S3"	"LITAF"
4.18024770127378e-245	0.630787209260158	0.522	0.311	1.53001246114321e-240	"S3"	"SIX1"
4.95765910468746e-245	0.462858277907614	0.812	0.609	1.81455280890666e-240	"S3"	"RRAS2"
3.42814010170751e-243	0.623399271877008	0.754	0.56	1.25473355862597e-238	"S3"	"MIR22HG"
8.15922183893867e-243	0.252824192695207	0.998	0.988	2.98635678526994e-238	"S3"	"NUPR1"
8.99300271637955e-243	0.501672675272741	0.809	0.62	3.29152892422208e-238	"S3"	"SDC2"
2.90064652006721e-240	0.98233542240999	0.257	0.116	1.0616656328098e-235	"S3"	"MAP6"
1.25744188143817e-238	1.09874469937494	0.436	0.264	4.60236303025185e-234	"S3"	"KRT7"
4.14719019161026e-237	0.440175134023188	0.979	0.934	1.51791308203127e-232	"S3"	"PLPP3"
2.70570942283911e-235	0.896041573586792	0.387	0.214	9.90316705853341e-231	"S3"	"FSTL3"
6.30373429931521e-233	0.525748296428133	0.478	0.282	2.30722979089236e-228	"S3"	"ACKR4"
1.45622341630634e-232	0.492221869983105	0.832	0.652	5.32992332602284e-228	"S3"	"CRIM1"
2.18409796692848e-232	0.305999992722139	0.997	0.963	7.99401696875495e-228	"S3"	"BGN"
2.82567582610127e-231	0.77861277598633	0.326	0.163	1.03422560911133e-226	"S3"	"DCAF4"
8.53264886521279e-231	0.880647404644345	0.291	0.141	3.12303481115653e-226	"S3"	"ATP10A"
4.8873001970279e-230	0.484731254002916	0.782	0.586	1.78880074511418e-225	"S3"	"MBD2"
3.81483504316781e-228	0.393088917734631	0.921	0.803	1.39626777414985e-223	"S3"	"DSE"
2.32603702713695e-225	0.357806713279361	0.937	0.83	8.51352812302396e-221	"S3"	"CRNDE"
3.58957276421545e-225	0.323329676359806	0.976	0.916	1.3138195274305e-220	"S3"	"DBN1"
2.623951245187e-224	0.48214329030742	0.706	0.503	9.60392395250894e-220	"S3"	"TRNP1"
9.88275246009639e-224	0.294098656960179	0.971	0.925	3.61718622791988e-219	"S3"	"GHITM"
1.47126889373844e-221	0.487803798464942	0.739	0.531	5.38499127797207e-217	"S3"	"PIGP"
2.10406758333163e-221	0.402534208851516	0.936	0.817	7.7010977617521e-217	"S3"	"ITGA11"
2.6227226171912e-221	0.742829759738489	0.365	0.197	9.59942705118151e-217	"S3"	"ARHGAP26"
2.89816811992297e-221	0.310397317306778	0.977	0.892	1.06075851357301e-216	"S3"	"MTHFD2"
1.29649205026007e-220	0.323359662579341	0.957	0.874	4.74529055315687e-216	"S3"	"CDC42EP1"
3.94639058276923e-219	0.467858623736023	0.808	0.632	1.44441841719937e-214	"S3"	"CRIP2"
1.38387084093774e-218	0.598564183842037	0.592	0.387	5.06510566491621e-214	"S3"	"STARD10"
1.53168124252021e-217	0.265359758435854	0.997	0.97	5.60610651574824e-213	"S3"	"MFAP5"
1.58612557693685e-215	0.502481499175498	0.667	0.461	5.80537822414656e-211	"S3"	"COL5A3"
1.87261784478739e-213	0.518326583925113	0.64	0.433	6.85396857370632e-209	"S3"	"FZD2"
2.02773557518145e-213	0.358961854854075	0.948	0.875	7.42171497872161e-209	"S3"	"HEBP1"
4.38159359795985e-210	0.325311733232388	0.989	0.967	1.60370707278929e-205	"S3"	"CCN1"
4.86636526659661e-208	0.538652141628587	0.591	0.385	1.78113835122703e-203	"S3"	"BACE2"
5.30131414435335e-208	0.311023162966749	0.957	0.874	1.94033398997477e-203	"S3"	"SEC63"
8.4364901715841e-208	0.638754823041501	0.387	0.213	3.08783976770149e-203	"S3"	"U2AF1L4"
9.91539289538708e-207	0.693245694712353	0.414	0.241	3.62913295364063e-202	"S3"	"HMGB3"
1.20920749184143e-202	0.522386100382069	0.652	0.454	4.42582034088883e-198	"S3"	"DDAH1"
7.63584194811248e-202	0.564140469701317	0.504	0.311	2.79479451142865e-197	"S3"	"CDKN2C"
3.32459823219485e-201	0.490209691484356	0.524	0.332	1.21683619896564e-196	"S3"	"ASPN"
4.14679240933523e-200	0.553279096420275	0.708	0.535	1.51776748974079e-195	"S3"	"KLF2"
7.73257877292964e-199	0.432543056027571	0.831	0.667	2.83020115667998e-194	"S3"	"SYNC"
1.47855614702791e-197	0.507342272056739	0.565	0.369	5.41166335373687e-193	"S3"	"HES1"
4.22433980221929e-196	0.358616599116808	0.964	0.902	1.54615061101028e-191	"S3"	"TMEM119"
1.86225829768027e-195	0.685479787783993	0.366	0.205	6.81605159533956e-191	"S3"	"PTGIR"
3.31498583998115e-195	0.434507722450432	0.672	0.46	1.2133179672915e-190	"S3"	"PODN"
7.61280019515822e-194	0.288471579644497	0.481	0.302	2.78636099942986e-189	"S3"	"COL4A1"
8.39214721107251e-194	0.750896143343205	0.309	0.164	3.07160980072465e-189	"S3"	"SOCS2"
2.44314210021351e-193	0.439683334796404	0.784	0.605	8.94214440099148e-189	"S3"	"AC079781.5"
4.23029894519452e-193	0.347960671914697	0.93	0.815	1.54833171693065e-188	"S3"	"CCPG1"
9.51221471976068e-193	0.836778220695011	0.254	0.125	3.48156570957961e-188	"S3"	"HRCT1"
2.27496270487926e-191	0.802088344441865	0.29	0.151	8.32659099612859e-187	"S3"	"SEMA3D"
6.23438496137413e-191	0.313746020220166	0.983	0.955	2.28184723971254e-186	"S3"	"FOS"
5.6344153445839e-190	0.645661107178436	0.343	0.187	2.06225236027115e-185	"S3"	"MIR99AHG"
1.60115810063075e-189	0.663824785124012	0.287	0.146	5.8603987641186e-185	"S3"	"NOVA1"
3.24301470294881e-189	0.595607875753429	0.425	0.249	1.18697581142629e-184	"S3"	"GTF2H2"
2.70338095193842e-186	0.938793905511421	0.412	0.257	9.89464462218983e-182	"S3"	"CHI3L1"
3.31645614734306e-186	0.448496183204547	0.777	0.597	1.21385611448903e-181	"S3"	"FOSB"
1.98090450317597e-185	0.588112059314442	0.419	0.248	7.25030857207435e-181	"S3"	"PTER"
2.08493714655947e-185	0.537024544899212	0.601	0.408	7.63107845012233e-181	"S3"	"NDST1"
4.15265293745814e-185	0.556033091276403	0.464	0.283	1.51991250163905e-180	"S3"	"MAPK12"
1.22245514609823e-184	0.319188378410874	0.94	0.834	4.47430808023412e-180	"S3"	"JDP2"
3.05988749047155e-184	0.338286194221942	0.948	0.871	1.11994942038749e-179	"S3"	"C15orf61"
3.1027115675572e-184	0.795653024823598	0.257	0.129	1.13562346084161e-179	"S3"	"CCN4"
1.28839887728607e-183	0.65914441252377	0.289	0.149	4.71566873075476e-179	"S3"	"AC145124.1"
1.50526525794183e-182	0.49849245865001	0.631	0.436	5.50942137059289e-178	"S3"	"UCK2"
2.48572981129299e-181	0.287506035501775	0.999	0.989	9.09801968231347e-177	"S3"	"MT-CO3"
3.41139179580963e-181	0.400209892437242	0.738	0.54	1.24860351118428e-176	"S3"	"CHAC1"
7.19636216448286e-181	0.366990050818681	0.837	0.658	2.63394051582237e-176	"S3"	"ODC1"
6.39888210993224e-180	0.493402942472538	0.645	0.451	2.3420548410563e-175	"S3"	"ME1"
8.41662302295807e-180	0.38825451062746	0.916	0.796	3.08056819263288e-175	"S3"	"PLOD2"
1.92115844240112e-179	0.49545339386574	0.746	0.571	7.03163201503235e-175	"S3"	"KLF4"
5.23089112886858e-179	0.280729285786993	0.906	0.759	1.91455846207719e-174	"S3"	"PRSS23"
1.23514148721744e-178	0.699477277235843	0.518	0.343	4.52074135736457e-174	"S3"	"ADAMTS5"
1.61040015026932e-178	0.473062134735339	0.623	0.423	5.89422559000073e-174	"S3"	"SLC7A5"
1.33425805005272e-175	0.437587430495039	0.744	0.557	4.88351788899796e-171	"S3"	"RAP1GDS1"
3.5865371764835e-175	0.26039813044498	0.961	0.882	1.31270847196472e-170	"S3"	"UQCC2"
6.61026743547136e-175	0.256679269413885	0.977	0.931	2.41942398405687e-170	"S3"	"XBP1"
1.82102801378964e-174	0.493800206724677	0.568	0.374	6.66514463327147e-170	"S3"	"FLRT2"
5.60277583578917e-174	0.6537495035004	0.318	0.174	2.05067198365719e-169	"S3"	"SCN8A"
2.44525645616494e-173	0.82375270498766	0.279	0.151	8.9498831552093e-169	"S3"	"TNFRSF11B"
2.24538691000611e-172	0.522672853474513	0.54	0.355	8.21834062931336e-168	"S3"	"SNX24"
2.51935669696703e-172	0.433590976753835	0.756	0.572	9.22109744656904e-168	"S3"	"FARP1"
2.36561058258843e-171	0.541621858757946	0.895	0.795	8.6583712933319e-167	"S3"	"TP53I3"
4.46383650007312e-170	0.328108118166052	0.854	0.678	1.63380879739176e-165	"S3"	"PCK2"
4.58047479610487e-170	0.406286225640431	0.666	0.456	1.67649958012234e-165	"S3"	"SPATC1L"
2.92726677737442e-168	0.61837680889657	0.332	0.185	1.07140891318681e-163	"S3"	"ACVRL1"
1.05846049037655e-167	0.470226438535555	0.597	0.411	3.8740712408272e-163	"S3"	"NXN"
5.99020875256818e-167	0.725829118605313	0.284	0.152	2.19247630552748e-162	"S3"	"AC009093.1"
6.6143411737273e-166	0.454871550532276	0.745	0.566	2.42091501299593e-161	"S3"	"SH3PXD2A"
1.77381855362886e-165	0.481938281946695	0.567	0.38	6.49235328813698e-161	"S3"	"PRR16"
5.19663583799717e-165	0.300465299811731	0.515	0.304	1.90202068306534e-160	"S3"	"U2AF1"
7.03471635144698e-165	0.342579352622104	0.905	0.79	2.57477653179311e-160	"S3"	"TEAD1"
1.85828485732579e-164	0.4633007873346	0.503	0.317	6.80150840629812e-160	"S3"	"RPA2"
5.17716130743976e-164	0.400148321273169	0.816	0.654	1.89489281013603e-159	"S3"	"GCLM"
1.16308082864954e-163	0.376976810234408	0.695	0.5	4.25699214094017e-159	"S3"	"SMC4"
1.35163575501464e-163	0.278105111615581	0.973	0.926	4.94712202692909e-159	"S3"	"VASN"
4.48115930138759e-163	0.500668762075794	0.455	0.28	1.64014911590087e-158	"S3"	"VDR"
8.2737193413093e-163	0.583688610951066	0.418	0.257	3.02826401611262e-158	"S3"	"SKP2"
1.4243012043048e-162	0.379921406253888	0.822	0.654	5.21308483787599e-158	"S3"	"SPPL2A"
7.53926779097059e-161	0.6528802138471	0.284	0.154	2.75944740417314e-156	"S3"	"KCNK15"
3.45181584467432e-160	0.407339566765172	0.755	0.575	1.26339911730925e-155	"S3"	"FDX1"
9.48262821932188e-160	0.278449515967994	0.513	0.338	3.470736754554e-155	"S3"	"CD74"
2.15934386433217e-159	0.566361031440664	0.347	0.199	7.90341447784219e-155	"S3"	"TCFL5"
3.39375868564179e-159	0.424809779019435	0.685	0.502	1.24214961653175e-154	"S3"	"AK4"
8.48753663355132e-159	0.535946601680993	0.555	0.378	3.10652328324612e-154	"S3"	"CTIF"
1.64533709622011e-158	0.456507098005588	0.578	0.387	6.02209830587523e-154	"S3"	"NFATC4"
1.0599633688761e-157	0.539402290939789	0.493	0.322	3.87957192642341e-153	"S3"	"HSD3B7"
1.4000178617813e-157	0.660645448199786	0.306	0.173	5.12420537590574e-153	"S3"	"NEDD9"
1.26716506314719e-156	0.491549080113014	0.426	0.262	4.63795084762503e-152	"S3"	"FAIM2"
6.98292060453342e-156	0.624175232269921	0.337	0.196	2.55581877046528e-151	"S3"	"STARD4-AS1"
7.55767379245232e-155	0.395811912486479	0.709	0.519	2.76618418477547e-150	"S3"	"GSDME"
1.32520901959033e-154	0.457670690727651	0.52	0.338	4.85039753260258e-150	"S3"	"TMEM204"
4.09820333458852e-154	0.548053536427286	0.364	0.213	1.49998340249274e-149	"S3"	"PYROXD2"
6.74333784756485e-154	0.407489420679029	0.932	0.829	2.46812908558721e-149	"S3"	"CRYAB"
2.90402259030582e-153	0.609370618254994	0.481	0.321	1.06290130827783e-148	"S3"	"F3"
3.27800379883125e-153	0.405490018117273	0.696	0.505	1.19978217041023e-148	"S3"	"METTL22"
3.85166848603051e-153	0.58465508051106	0.392	0.24	1.40974918257203e-148	"S3"	"CHN1"
7.42874925491643e-153	0.286457995173319	0.94	0.86	2.71899651479196e-148	"S3"	"RAB32"
4.1867775157036e-152	0.349356927626212	0.847	0.702	1.53240243852268e-147	"S3"	"CDC42EP2"
4.42182908999399e-152	0.413508571694674	0.702	0.517	1.6184336652287e-147	"S3"	"SFT2D2"
7.74378506953176e-152	0.320789357152873	0.886	0.765	2.83430277329932e-147	"S3"	"RAB18"
9.2620804922698e-150	0.448689815994368	0.682	0.506	3.39001408097567e-145	"S3"	"MBOAT2"
2.06746182005774e-149	0.531477556049525	0.386	0.242	7.56711700759332e-145	"S3"	"ACKR3"
2.52411675279483e-149	0.402082082727918	0.709	0.521	9.23851972690436e-145	"S3"	"RBMS3"
4.6184831679468e-149	0.32143438117931	0.874	0.74	1.69041102430021e-144	"S3"	"UBE2F"
1.30947885312649e-148	0.427803279537236	0.562	0.376	4.79282355032827e-144	"S3"	"NFIA"
6.48420235844117e-148	0.520262570826246	0.371	0.221	2.37328290521305e-143	"S3"	"SLC31A2"
3.00962207036017e-147	0.669183070235918	0.276	0.153	1.10155177397253e-142	"S3"	"LINC01615"
6.87482778060538e-147	0.43334910985115	0.589	0.406	2.51625571597937e-142	"S3"	"GPCPD1"
2.65108675306578e-146	0.350315747956721	0.843	0.688	9.70324262489605e-142	"S3"	"PXK"
3.24859182962549e-146	0.394713311014791	0.705	0.52	1.18901709556123e-141	"S3"	"SLC31A1"
1.3815420042878e-145	0.493885498800308	0.666	0.499	5.05658188989378e-141	"S3"	"LIPA"
1.66116766525224e-145	0.433702503153554	0.628	0.442	6.08003977158973e-141	"S3"	"THOC3"
4.9622059764477e-145	0.423430867296114	0.668	0.489	1.81621700943962e-140	"S3"	"TGFBR3"
3.93605337863265e-144	0.445005588658943	0.522	0.346	1.44063489711334e-139	"S3"	"FAHD1"
4.20308371805653e-144	0.419447362559103	0.597	0.414	1.53837067164587e-139	"S3"	"HSBP1L1"
1.32863745507344e-143	0.478938613738615	0.586	0.435	4.86294594931429e-139	"S3"	"MEST"
1.56551472327926e-142	0.38489827018766	0.694	0.51	5.72994043867441e-138	"S3"	"KCTD20"
9.52750458142808e-142	0.338657979536223	0.824	0.665	3.48716195184849e-137	"S3"	"KLHDC3"
1.19354524206563e-141	0.507608965541699	0.454	0.293	4.36849494048442e-137	"S3"	"ACSL1"
5.66568246748626e-141	0.395219940258352	0.576	0.397	2.07369643992465e-136	"S3"	"ALPK2"
6.13983481886645e-141	0.261230238973454	0.94	0.857	2.24724094205331e-136	"S3"	"ANAPC16"
6.76549077938769e-141	0.395215020374048	0.584	0.408	2.47623728016369e-136	"S3"	"LINC01503"
1.64909531861097e-140	0.652348393151932	0.497	0.339	6.03585377564801e-136	"S3"	"PTGS1"
7.78143845473123e-139	0.397470933501086	0.721	0.549	2.84808428881618e-134	"S3"	"NDFIP2"
2.69729336810938e-138	0.567997849702308	0.631	0.481	9.87236345661713e-134	"S3"	"PSG5"
1.13266793584966e-136	0.480150403220675	0.379	0.231	4.14567791200333e-132	"S3"	"S1PR2"
3.05265869469258e-135	0.413300045551538	0.456	0.293	1.11730360884443e-130	"S3"	"SLC1A4"
5.78889723261031e-135	0.334286251682638	0.808	0.653	2.1187942761077e-130	"S3"	"DTD1"
6.70382028363017e-134	0.5202727291363	0.387	0.241	2.45366526201148e-129	"S3"	"VSTM4"
2.12243994082709e-133	0.404078547809653	0.727	0.568	7.76834242742123e-129	"S3"	"PERP"
2.48632240219393e-133	0.457500593098863	0.432	0.273	9.10018862427001e-129	"S3"	"NAALADL1"
2.58383654157032e-133	0.550916517901602	0.323	0.191	9.45710012580151e-129	"S3"	"AJUBA"
1.43172040952982e-132	0.450417048762774	0.411	0.257	5.24023987092008e-128	"S3"	"AC010618.3"
4.95407525825242e-132	0.279964876031004	0.902	0.79	1.81324108527297e-127	"S3"	"UBE2V2"
3.13740475381631e-131	0.446812370880163	0.401	0.251	1.14832151394431e-126	"S3"	"EFNB1"
3.57200124231424e-131	0.413009081475019	0.486	0.319	1.30738817469944e-126	"S3"	"C17orf58"
1.17326946627078e-130	0.611501660619347	0.352	0.218	4.29428357349769e-126	"S3"	"ACVR2A"
3.18920855408941e-130	0.418853310925859	0.56	0.386	1.16728222288227e-125	"S3"	"C6orf62"
5.79981255201248e-130	0.260291185233299	0.87	0.724	2.12278939216209e-125	"S3"	"FGF2"
1.35556987216548e-129	0.584299937969637	0.64	0.486	4.96152128911287e-125	"S3"	"SMYD3"
1.66350411419316e-129	0.411733061070992	0.658	0.502	6.0885914083584e-125	"S3"	"LSP1"
1.9560068516089e-129	0.365894850949855	0.599	0.418	7.15918067757374e-125	"S3"	"GOT1"
1.8589748493979e-128	0.669186418689768	0.391	0.253	6.80403384628126e-124	"S3"	"GPAM"
2.22020811681243e-128	0.430462659478396	0.448	0.288	8.12618372834516e-124	"S3"	"TMEM220"
1.16103393860484e-127	0.520903268753825	0.284	0.164	4.24950031868757e-123	"S3"	"DDIT4-AS1"
1.76380590091295e-126	0.582559900998067	0.336	0.206	6.45570597793147e-122	"S3"	"MAP3K7CL"
1.6075230833023e-125	0.606899091924493	0.289	0.169	5.88369523719476e-121	"S3"	"NHSL1"
1.66503832586736e-125	0.487656151115857	0.345	0.21	6.09420677650711e-121	"S3"	"RMND5A"
1.94568251533666e-125	0.270263390981079	0.889	0.779	7.12139257438372e-121	"S3"	"RPS10-NUDT3"
1.41998203742938e-123	0.345333374696718	0.769	0.603	5.19727625519527e-119	"S3"	"FEZ2"
4.36916644160617e-123	0.254055398518857	0.894	0.767	1.59915860929228e-118	"S3"	"CYB5A"
7.58399971614276e-123	0.253095377285299	0.925	0.829	2.77581973610541e-118	"S3"	"NUCKS1"
4.01265524146533e-122	0.340834145817932	0.591	0.416	1.46867194492873e-117	"S3"	"HNMT"
9.56676406974974e-122	0.461528540815194	0.351	0.215	3.5015313171691e-117	"S3"	"LOXL1-AS1"
1.99015372762295e-121	0.274989586129391	0.91	0.804	7.28416165847276e-117	"S3"	"SRSF3"
4.99458630326649e-121	0.416227797336185	0.393	0.25	1.82806853285857e-116	"S3"	"CCBE1"
1.03853063068841e-120	0.423424279994483	0.448	0.293	3.80112596138267e-116	"S3"	"C3orf14"
1.61675567624723e-120	0.504898140665476	0.299	0.177	5.91748745063249e-116	"S3"	"LYSMD2"
2.64494635888376e-120	0.565577364842961	0.253	0.142	9.68076816815044e-116	"S3"	"C21orf91"
1.11272704490161e-119	0.444359351207781	0.374	0.233	4.07269225704438e-115	"S3"	"C9orf64"
1.77577466927229e-119	0.439907448956783	0.393	0.25	6.49951286700349e-115	"S3"	"KLHL28"
2.06644313375897e-119	0.445698028853986	0.363	0.225	7.5633885138712e-115	"S3"	"SLC35G2"
6.70183741006112e-119	0.494805071904324	0.375	0.24	2.45293951045647e-114	"S3"	"PNP"
6.7042428808396e-119	0.280830553912683	0.854	0.709	2.4538199368161e-114	"S3"	"AIMP2"
1.05134560227455e-118	0.411839601383187	0.66	0.507	3.84803003888509e-114	"S3"	"CDH2"
1.30117918224893e-118	0.455707095404451	0.368	0.23	4.76244592494932e-114	"S3"	"SCLT1"
1.42947982699621e-118	0.357591332740286	0.756	0.622	5.23203911478882e-114	"S3"	"CRIP1"
2.79517774184041e-118	0.365950972538671	0.63	0.459	1.02306300529101e-113	"S3"	"PKD2"
1.00577414949383e-117	0.396226523665286	0.437	0.284	3.68123396456237e-113	"S3"	"SLC6A9"
1.14078233050442e-117	0.317167462119939	0.542	0.37	4.17537740787924e-113	"S3"	"CKS1B"
2.47403163956989e-117	0.3751644000871	0.516	0.351	9.05520320398977e-113	"S3"	"TMEM80"
5.81753747861638e-117	0.333190507358096	0.72	0.544	2.12927689254838e-112	"S3"	"ZCCHC17"
1.71567459035894e-116	0.356283385311726	0.4	0.255	6.27954056817277e-112	"S3"	"HLA-DPB1"
3.06985908338716e-116	0.302664761148812	0.824	0.68	1.12359912311054e-111	"S3"	"BIN1"
3.45004484628978e-116	0.444290909550722	0.392	0.259	1.26275091419052e-111	"S3"	"COL11A1"
6.88101380964275e-116	0.372849705183925	0.713	0.572	2.51851986446734e-111	"S3"	"C1orf198"
7.94762487231949e-116	0.452408918542436	0.391	0.249	2.90891017951766e-111	"S3"	"TBX15"
9.05207960240608e-116	0.455707934590507	0.632	0.483	3.31315165527665e-111	"S3"	"DSP"
1.89471338282802e-114	0.352108246066723	0.479	0.321	6.93484045248882e-110	"S3"	"SLC7A11"
2.69506524943491e-114	0.467832508969475	0.272	0.158	9.86420831945673e-110	"S3"	"CACNA1A"
3.02227530296495e-114	0.27619230276937	0.911	0.819	1.1061829836382e-109	"S3"	"NRBF2"
4.30269593987516e-114	0.308309764244333	0.793	0.634	1.57482974095371e-109	"S3"	"PTPN13"
8.51019999663765e-114	0.385926507253629	0.473	0.32	3.11481830076935e-109	"S3"	"MIR210HG"
9.15221652216352e-114	0.429893876977291	0.821	0.698	3.34980276927707e-109	"S3"	"ELN"
1.66659572972672e-113	0.381656460558967	0.442	0.293	6.09990703037275e-109	"S3"	"ABCC3"
2.00614969890607e-113	0.441367157596082	0.59	0.433	7.34270851296612e-109	"S3"	"DAAM1"
2.97723774773686e-113	0.392312341185208	0.424	0.277	1.08969878804917e-108	"S3"	"ADM2"
6.89812556618151e-113	0.328516137053841	0.449	0.295	2.52478293847809e-108	"S3"	"SGCD"
2.01522006143994e-112	0.310721181955356	0.756	0.595	7.37590694687634e-108	"S3"	"SRGAP1"
9.07954134516487e-112	0.425388623014135	0.449	0.304	3.32320292774379e-107	"S3"	"TSC22D3"
1.13117369782672e-111	0.562032408929019	0.406	0.279	4.14020885141559e-107	"S3"	"KRT18"
1.45282792956955e-111	0.522674591463187	0.338	0.214	5.31749550501749e-107	"S3"	"IRX5"
3.55960678149931e-111	0.440398834534935	0.363	0.23	1.30285167809656e-106	"S3"	"AIFM2"
9.23835019047086e-111	0.327362356159262	0.688	0.512	3.38132855321424e-106	"S3"	"SESN2"
1.08490268575995e-110	0.360284749307724	0.601	0.438	3.97085232014999e-106	"S3"	"LINC00662"
4.18292107475197e-110	0.395677500343019	0.394	0.254	1.53099094256997e-105	"S3"	"C8orf58"
4.53522760585234e-110	0.323559857876438	0.749	0.592	1.65993865601802e-105	"S3"	"TMEM11"
5.93020503813365e-110	0.358551411706518	0.84	0.72	2.1705143460073e-105	"S3"	"PGM1"
1.96390749338711e-109	0.393958130132875	0.403	0.26	7.18809781654617e-105	"S3"	"HDHD2"
1.03371897624511e-108	0.457689278598807	0.338	0.211	3.78351482495473e-104	"S3"	"SDSL"
1.41444215402837e-108	0.278388403148062	0.911	0.816	5.17699972795924e-104	"S3"	"PPP1R15A"
1.4623389927151e-108	0.485752678190273	0.329	0.206	5.35230694723654e-104	"S3"	"RYBP"
1.50045321828577e-108	0.352754562763457	0.887	0.804	5.49180882424776e-104	"S3"	"EMP1"
1.53136886443131e-108	0.536643026743992	0.283	0.172	5.60496318070503e-104	"S3"	"RNF212"
2.07531306016006e-108	0.412378129175406	0.468	0.32	7.59585333149183e-104	"S3"	"HOXA10"
2.62890659663573e-108	0.321198117442221	0.745	0.59	9.62206103434642e-104	"S3"	"AIG1"
3.79342558863347e-108	0.315192268731229	0.818	0.677	1.38843169969574e-103	"S3"	"XPC"
5.23624314422002e-108	0.33479140951072	0.37	0.237	1.91651735321597e-103	"S3"	"CRISPLD2"
1.04588056244908e-106	0.340735362869574	0.41	0.269	3.82802744661986e-102	"S3"	"PDE1A"
1.50100724441213e-106	0.391339924703072	0.442	0.3	5.49383661527283e-102	"S3"	"PDGFD"
2.70566892136078e-106	0.310849666632085	0.896	0.789	9.90301881907261e-102	"S3"	"FRMD6"
8.48215527062097e-106	0.320737649255472	0.529	0.371	3.10455365059998e-101	"S3"	"UPP1"
9.7258508570856e-106	0.286711639617731	0.789	0.619	3.5597586722019e-101	"S3"	"LONP1"
1.0571097744029e-105	0.281276203765095	0.719	0.537	3.86912748529205e-101	"S3"	"ZNF358"
2.36469959461034e-105	0.315088194335588	0.81	0.655	8.65503698623331e-101	"S3"	"AXL"
3.43489443373118e-105	0.421812791460131	0.348	0.221	1.25720571168995e-100	"S3"	"ADAMTS7"
3.76906094227737e-105	0.326828343785048	0.715	0.556	1.37951399548294e-100	"S3"	"SWAP70"
2.39248120334606e-104	0.274578380686294	0.805	0.638	8.7567204523669e-100	"S3"	"CEBPG"
2.55881876990605e-104	0.265601131013064	0.869	0.745	9.36553257973314e-100	"S3"	"REEP3"
3.25847708727795e-104	0.353648385522019	0.54	0.381	1.1926351987146e-99	"S3"	"MSX1"
3.83598899869225e-104	0.449753700213229	0.305	0.19	1.40401033341135e-99	"S3"	"SULF2"
8.86075417653749e-104	0.296032437365272	0.758	0.599	3.24312463615449e-99	"S3"	"CCNB1IP1"
1.25982109114508e-103	0.360649675509931	0.727	0.584	4.61107117570013e-99	"S3"	"MEIS2"
1.67904605017575e-103	0.357177966494554	0.443	0.296	6.14547644824825e-99	"S3"	"CCDC122"
2.7063385019456e-103	0.346547206611882	0.491	0.334	9.9054695509711e-99	"S3"	"PDF"
4.73261062267154e-103	0.537646256130131	0.259	0.155	1.73218281400401e-98	"S3"	"FMOD"
6.80195775931475e-103	0.368590500884215	0.437	0.291	2.48958455948679e-98	"S3"	"AC093849.2"
1.14161045909499e-102	0.275099525032022	0.832	0.689	4.17840844133357e-98	"S3"	"PHACTR2"
2.25640176711075e-102	0.264084236434981	0.814	0.66	8.25865610780207e-98	"S3"	"NQO2"
2.9991859341896e-102	0.453206584846868	0.293	0.178	1.09773204377274e-97	"S3"	"MIF4GD"
9.52086858052159e-102	0.298042618651214	0.555	0.389	3.48473310915671e-97	"S3"	"PPIL3"
2.90353877370918e-101	0.289647777635113	0.811	0.671	1.0627242265653e-96	"S3"	"DUSP14"
8.20177646864588e-101	0.250140529746988	0.458	0.301	3.00193220528908e-96	"S3"	"SHOX2"
2.13941462202762e-100	0.459910355543929	0.325	0.207	7.83047145808331e-96	"S3"	"ARRDC4"
3.01371645515426e-100	0.498173620682725	0.309	0.198	1.10305035975101e-95	"S3"	"ALPL"
5.45023747850831e-100	0.362201640063911	0.464	0.32	1.99484141950883e-95	"S3"	"ROR1"
8.153869851228e-100	0.367620404137615	0.501	0.354	2.98439790424796e-95	"S3"	"PAWR"
8.61052127218112e-100	0.260683417846516	0.874	0.741	3.15153689083101e-95	"S3"	"ALDH1L2"
1.14191118804552e-99	0.292456054141561	0.792	0.645	4.17950913936542e-95	"S3"	"PSMG1"
1.86540718989341e-99	0.390206019152566	0.386	0.252	6.82757685572887e-95	"S3"	"GRB10"
1.93608020079577e-99	0.360638445002721	0.377	0.243	7.08624714293258e-95	"S3"	"RAB30"
1.95194701399077e-99	0.325017149636545	0.613	0.446	7.14432126590761e-95	"S3"	"NT5C3A"
2.22040863423694e-99	0.432454900698271	0.442	0.306	8.12691764217061e-95	"S3"	"MAD1L1"
8.72596961517412e-99	0.439782147557789	0.487	0.343	3.19379213884988e-94	"S3"	"PRDM2"
6.56342589053633e-98	0.424863249726246	0.388	0.259	2.4022795101952e-93	"S3"	"STAC"
1.33935850528069e-97	0.316726919328886	0.702	0.54	4.90218606517785e-93	"S3"	"STK38"
4.63765760524921e-97	0.319887579756895	0.581	0.42	1.69742906009726e-92	"S3"	"BAZ1A"
7.99389108183736e-97	0.348471039634605	0.417	0.279	2.92584407486329e-92	"S3"	"C8orf88"
1.51666420406131e-96	0.300126307097597	0.61	0.45	5.55114265328481e-92	"S3"	"JAZF1"
2.16851068360127e-96	0.427327988232357	0.283	0.174	7.936965953049e-92	"S3"	"PARD3B"
2.335740079011e-96	0.305586712737273	0.578	0.427	8.54904226318815e-92	"S3"	"VSIR"
3.77928878466669e-96	0.3498971255276	0.365	0.236	1.38325748807586e-91	"S3"	"EFS"
4.53862139384581e-96	0.256252675007579	0.856	0.726	1.6611808163615e-91	"S3"	"TIPRL"
4.75601448245208e-96	0.333478615910218	0.552	0.393	1.74074886072229e-91	"S3"	"HAGH"
5.11690688447621e-96	0.378508139314397	0.359	0.232	1.87283908878714e-91	"S3"	"CHSY1"
1.48011855342431e-95	0.325464809068493	0.627	0.47	5.41738191738831e-91	"S3"	"SERPINB1"
1.9484778788574e-94	0.351067830042529	0.46	0.318	7.13162388440597e-90	"S3"	"ABL2"
3.65542658886926e-94	0.308350987304519	0.675	0.515	1.33792268579204e-89	"S3"	"ALG13"
4.54711933380869e-94	0.287842590627831	0.687	0.522	1.66429114736732e-89	"S3"	"LEPROTL1"
6.02846143094267e-94	0.286499982284945	0.626	0.46	2.20647716833933e-89	"S3"	"PLPPR2"
6.27340536469931e-94	0.360815442139064	0.256	0.155	2.2961290975336e-89	"S3"	"ITGA1"
7.08079630166329e-94	0.253180719645321	0.875	0.769	2.59164225437178e-89	"S3"	"TPGS2"
2.21206099149383e-92	0.362628229766398	0.377	0.249	8.09636443496658e-88	"S3"	"GTPBP2"
3.13913575850739e-92	0.330317242097227	0.401	0.266	1.14895507897129e-87	"S3"	"AC016747.1"
4.92134097815498e-92	0.283492579529627	0.725	0.568	1.80126001141451e-87	"S3"	"AVEN"
5.42009738706158e-92	0.284419284504972	0.763	0.61	1.98380984463841e-87	"S3"	"HACD3"
5.94749101092437e-92	0.330294395584078	0.499	0.348	2.17684118490843e-87	"S3"	"CDK10"
7.50317249969053e-92	0.338099010401984	0.453	0.31	2.74623616661173e-87	"S3"	"ABCB6"
1.00983289218479e-91	0.321076590972777	0.516	0.364	3.69608936868555e-87	"S3"	"APOL6"
1.91484261801372e-91	0.323846352127837	0.432	0.295	7.008515466192e-87	"S3"	"SAMD1"
3.11884241691549e-91	0.353581523378201	0.436	0.298	1.14152751301524e-86	"S3"	"MFSD14B"
3.18440688057892e-91	0.319190838317441	0.615	0.46	1.16552476236069e-86	"S3"	"ABHD4"
4.97324329337872e-91	0.283698892557932	0.769	0.624	1.82025677780955e-86	"S3"	"GOLT1B"
6.9650969515968e-91	0.282066415741222	0.688	0.525	2.54929513525394e-86	"S3"	"YBEY"
8.82480594345165e-91	0.322615300245776	0.483	0.336	3.22996722336274e-86	"S3"	"IFIT5"
2.27025038595201e-90	0.310830414111907	0.786	0.652	8.30934343762295e-86	"S3"	"FADS3"
3.05340739147824e-90	0.262198014798106	0.739	0.578	1.11757763935495e-85	"S3"	"GAA"
9.35662281222008e-90	0.274373064112896	0.819	0.699	3.42461751550067e-85	"S3"	"ATP2B1"
1.22357423686185e-89	0.357642911474999	0.384	0.258	4.47840406433807e-85	"S3"	"TRIM59"
3.158038667652e-89	0.315756818895444	0.686	0.538	1.15587373274731e-84	"S3"	"ANKRD13A"
3.61619740969524e-89	0.458697928023046	0.354	0.232	1.32356441392256e-84	"S3"	"AL627171.2"
9.21163758216614e-89	0.279516809540376	0.817	0.692	3.37155147144863e-84	"S3"	"RHOB"
1.03549014896381e-88	0.288462539130667	0.687	0.526	3.78999749422244e-84	"S3"	"SPOP"
1.03749552624563e-88	0.26877654869516	0.633	0.479	3.79733737561163e-84	"S3"	"LACC1"
1.06906670493008e-88	0.313403932159349	0.523	0.371	3.91289104671457e-84	"S3"	"LINC02256"
1.16253816310939e-88	0.290431800895375	0.67	0.509	4.25500593079666e-84	"S3"	"TMEM138"
1.72349658521292e-88	0.369669188449526	0.389	0.263	6.3081698515378e-84	"S3"	"SEPHS1"
2.03504307831179e-88	0.304970168402388	0.523	0.373	7.44846117092898e-84	"S3"	"PSPH"
2.62857976393752e-88	0.289974195202139	0.592	0.431	9.6208647939877e-84	"S3"	"TMEM161A"
5.28778681031819e-88	0.395488168641073	0.285	0.179	1.93538285044456e-83	"S3"	"ADAL"
2.00995060702149e-87	0.317565352523623	0.558	0.418	7.35662021675936e-83	"S3"	"MGLL"
2.23889963159445e-87	0.281210955357181	0.501	0.351	8.19459654159884e-83	"S3"	"FZD4"
3.3339845609585e-87	0.29925962417857	0.59	0.431	1.22027168915642e-82	"S3"	"AKT3"
3.52545154987476e-87	0.35877545295808	0.305	0.192	1.29035052176966e-82	"S3"	"CYP2U1"
4.95761143286795e-87	0.355372522266824	0.296	0.187	1.814535360544e-82	"S3"	"DMGDH"
2.36916462690629e-86	0.396608661923592	0.273	0.172	8.67137945093971e-82	"S3"	"PALM"
2.88712188146303e-86	0.429251156376489	0.269	0.169	1.05671547983429e-81	"S3"	"HTRA3"
3.82813650395904e-86	0.371389690851829	0.304	0.194	1.40113624181405e-81	"S3"	"TLCD2"
9.03389044636879e-86	0.329364216028639	0.362	0.24	3.30649424227544e-81	"S3"	"HRH1"
1.21207408941322e-85	0.373807786059994	0.363	0.241	4.43631237466133e-81	"S3"	"FBXL7"
1.8276474508727e-85	0.381976766285061	0.291	0.185	6.68937243493919e-81	"S3"	"XPNPEP2"
2.86952049608522e-85	0.32364950164909	0.46	0.323	1.05027319677215e-80	"S3"	"SNHG15"
2.90428938104533e-85	0.351613797509445	0.261	0.16	1.0629989563564e-80	"S3"	"SETD9"
9.21219332234696e-85	0.446150309492939	0.301	0.196	3.37175487791221e-80	"S3"	"AC020916.1"
1.04017717446425e-84	0.316944335921136	0.475	0.332	3.80715247625659e-80	"S3"	"RAB28"
2.07828919342705e-84	0.422959793173814	0.395	0.274	7.60674627686234e-80	"S3"	"MMP23B"
3.78605038521696e-84	0.287684383436597	0.639	0.48	1.38573230149326e-79	"S3"	"NDRG1"
7.11665183988133e-84	0.284001855029539	0.554	0.401	2.60476573991497e-79	"S3"	"TUBE1"
6.74324617009136e-83	0.451776309931927	0.254	0.158	2.46809553071514e-78	"S3"	"MTCL1"
8.57363367742302e-83	0.269413752214379	0.693	0.537	3.1380356622736e-78	"S3"	"TYW3"
2.97311081554447e-82	0.26843673693912	0.734	0.582	1.08818828959743e-77	"S3"	"IMPDH1"
3.41919989414427e-82	0.291497825886272	0.553	0.403	1.25146135325574e-77	"S3"	"SCO1"
4.36762442529652e-82	0.254261731662688	0.341	0.223	1.59859421590278e-77	"S3"	"PCBP3"
9.43113775285755e-82	0.273968208575027	0.533	0.383	3.45189072892339e-77	"S3"	"RNF14"
1.09524226968363e-81	0.389000853786935	0.285	0.182	4.00869623126905e-77	"S3"	"AP4E1"
1.12724261994762e-81	0.304437761714998	0.406	0.28	4.1258207132703e-77	"S3"	"MN1"
1.3829114633608e-81	0.299759391758619	0.435	0.3	5.06159424704686e-77	"S3"	"PLPBP"
1.63574408942268e-81	0.275215948221331	0.779	0.651	5.98698694169594e-77	"S3"	"GADD45A"
2.29076849228732e-81	0.30601539275006	0.43	0.297	8.38444175862082e-77	"S3"	"PNO1"
5.83897093158668e-81	0.281680628236662	0.428	0.298	2.13712175067004e-76	"S3"	"EBF2"
9.06492586407982e-81	0.291665261750672	0.529	0.381	3.31785351551185e-76	"S3"	"TBC1D2B"
9.2837505640914e-81	0.302179257030879	0.4	0.276	3.39794554396309e-76	"S3"	"LINC01638"
1.05378702128344e-80	0.37170538714834	0.263	0.165	3.85696587659952e-76	"S3"	"ING3"
2.04959050687281e-80	0.273271771161453	0.536	0.387	7.50170621420518e-76	"S3"	"MECR"
2.27847057958431e-80	0.272504115545879	0.616	0.463	8.33943016833652e-76	"S3"	"TDG"
2.48231290521645e-80	0.403614134295534	0.278	0.177	9.08551346438274e-76	"S3"	"WASHC1"
3.07136494849429e-80	0.255233028915755	0.731	0.577	1.12415028479839e-75	"S3"	"NIT2"
6.15875230543008e-80	0.348276968594058	0.313	0.205	2.25416493131047e-75	"S3"	"CTH"
6.75276449960788e-80	0.327962445282162	0.381	0.258	2.47157933450148e-75	"S3"	"EML1"
2.00232023569977e-79	0.296497530752381	0.466	0.339	7.32869229468473e-75	"S3"	"CKB"
2.11416017048217e-79	0.350989276829865	0.283	0.182	7.73803763998179e-75	"S3"	"PDE1C"
2.34606112214206e-79	0.302302034660294	0.501	0.362	8.58681831315216e-75	"S3"	"TOB1"
3.19394448097262e-79	0.25450021815893	0.531	0.379	1.16901561948079e-74	"S3"	"COX11"
7.26028266556937e-79	0.268713297897928	0.723	0.58	2.65733605842504e-74	"S3"	"BET1"
3.58029331385429e-78	0.317839381633089	0.327	0.215	1.31042315580381e-73	"S3"	"ATR"
3.98165140186781e-78	0.285748405274723	0.522	0.378	1.45732422959764e-73	"S3"	"CIAPIN1"
4.09622672249063e-78	0.258957521902436	0.689	0.534	1.49925994269879e-73	"S3"	"IFRD1"
4.09916801247867e-78	0.317127361514784	0.368	0.248	1.50033648424732e-73	"S3"	"WDSUB1"
7.27946292444226e-78	0.289764354366789	0.529	0.384	2.66435622497511e-73	"S3"	"YDJC"
8.81817712833695e-78	0.285497109612753	0.499	0.357	3.22754101074261e-73	"S3"	"DXO"
1.27263000952583e-77	0.416873794404497	0.353	0.242	4.65795309786551e-73	"S3"	"VWA8"
1.44852586135597e-77	0.304233586639035	0.376	0.254	5.30174950514899e-73	"S3"	"RPP40"
1.50617540400592e-77	0.288081864568768	0.566	0.418	5.51275259620208e-73	"S3"	"KDM4B"
3.35227309517052e-77	0.327424459661983	0.372	0.254	1.22696547556336e-72	"S3"	"TLE3"
5.17931756173333e-77	0.284513511559218	0.451	0.316	1.89568202077002e-72	"S3"	"STK32C"
1.45936773334447e-76	0.324248615357651	0.331	0.22	5.34143184081408e-72	"S3"	"PDRG1"
1.75305428669393e-76	0.347521962662851	0.317	0.209	6.41635399472845e-72	"S3"	"CACNA1C"
1.77771022259884e-76	0.284619155380248	0.44	0.314	6.50659718573401e-72	"S3"	"SLC2A1"
1.89282920277963e-76	0.261235905292248	0.608	0.453	6.92794416509372e-72	"S3"	"BMI1"
3.46343896664259e-76	0.270580711143716	0.581	0.432	1.26765329618085e-71	"S3"	"NR1D2"
4.73699459364004e-76	0.311074975363427	0.299	0.194	1.73378739121819e-71	"S3"	"IQCH-AS1"
6.18527686881936e-76	0.268687363804678	0.543	0.395	2.26387318675658e-71	"S3"	"NMI"
7.62366398418176e-76	0.25616154064996	0.648	0.495	2.79033725485036e-71	"S3"	"SLC35F5"
8.22753886775685e-76	0.396989059547499	0.291	0.191	3.01136150098769e-71	"S3"	"GLIS2"
2.04723556956385e-75	0.363953161751347	0.304	0.2	7.49308690816065e-71	"S3"	"EEF1AKMT4"
2.56232904866444e-75	0.287700013868376	0.409	0.283	9.37838055101671e-71	"S3"	"TMEM267"
2.93320463432555e-75	0.318623556938851	0.358	0.243	1.07358222820949e-70	"S3"	"FAM50B"
3.12536268571276e-75	0.349440227562668	0.362	0.252	1.14391399659773e-70	"S3"	"LBH"
3.2851936750481e-75	0.38981927817093	0.662	0.534	1.20241373700435e-70	"S3"	"DNM3OS"
3.79272721930779e-75	0.405534781835736	0.25	0.159	1.38817608953884e-70	"S3"	"LINC00842"
5.23093034311008e-75	0.311459919353885	0.334	0.223	1.91457281488172e-70	"S3"	"PGM2"
7.85813866178729e-75	0.251537716305714	0.776	0.635	2.87615733160077e-70	"S3"	"SEPHS2"
2.5973665793663e-74	0.309792477906742	0.495	0.363	9.5066214171386e-70	"S3"	"TIPARP"
2.83441183388426e-74	0.401576508032412	0.398	0.286	1.03742307531998e-69	"S3"	"NRG1"
3.90644607482961e-74	0.305045325133402	0.321	0.212	1.42979832784838e-69	"S3"	"METTL21A"
3.92139195153145e-74	0.319789797990135	0.304	0.199	1.43526866818003e-69	"S3"	"MPV17L2"
3.96566819772819e-74	0.344889678561147	0.293	0.192	1.4514742170505e-69	"S3"	"IL1RAP"
5.24015895478684e-74	0.377832509520028	0.291	0.192	1.91795057904153e-69	"S3"	"NR4A2"
5.36827977358337e-74	0.385448025405062	0.271	0.175	1.96484407992925e-69	"S3"	"LANCL2"
7.79267891048988e-74	0.2858333844437	0.356	0.239	2.8521984080284e-69	"S3"	"PUDP"
8.48006516617897e-74	0.260681574294803	0.606	0.455	3.10378865147317e-69	"S3"	"CWC27"
1.27524806462542e-73	0.268399226617084	0.566	0.417	4.66753544133551e-69	"S3"	"TERF1"
1.6377598746247e-73	0.340387045037672	0.276	0.178	5.99436491711387e-69	"S3"	"PRH1"
2.4057788183848e-73	0.267611589745147	0.572	0.432	8.80539105317021e-69	"S3"	"AOPEP"
3.887130316348e-73	0.250322403641976	0.729	0.58	1.42272856708653e-68	"S3"	"TACC1"
5.14678937210744e-73	0.312995048104807	0.347	0.233	1.88377637808505e-68	"S3"	"NKIRAS1"
5.44398031956146e-73	0.269291890828386	0.604	0.457	1.99255123676269e-68	"S3"	"WWC2"
1.10121809793568e-72	0.277959805486404	0.512	0.371	4.03056836025439e-68	"S3"	"NME7"
1.65263541135123e-72	0.284170716872521	0.346	0.235	6.04881086908663e-68	"S3"	"PRKAG2"
3.56046132199187e-72	0.317601217961585	0.311	0.207	1.30316444846225e-67	"S3"	"SRR"
4.92523739159384e-72	0.283956801262669	0.373	0.254	1.80268613769726e-67	"S3"	"RCC1"
5.04900426407686e-72	0.259656144452992	0.577	0.434	1.84798605069477e-67	"S3"	"LRRC32"
5.89894091127081e-72	0.262388853515883	0.477	0.34	2.15907136293423e-67	"S3"	"ORAI1"
2.53171403385938e-71	0.292720165713798	0.314	0.21	9.2663265353287e-67	"S3"	"SPAG4"
7.10174342249365e-71	0.309562437677216	0.279	0.181	2.5993091100669e-66	"S3"	"LINC00909"
2.60017794789006e-70	0.287342339163722	0.3	0.198	9.5169113070724e-66	"S3"	"SLC27A3"
8.26239834903688e-70	0.369743957164866	0.272	0.178	3.02412041973099e-65	"S3"	"TENT4B"
1.27195489979453e-69	0.349905971092582	0.264	0.171	4.65548212873795e-65	"S3"	"METTL4"
3.61109392240282e-69	0.274479481712067	0.378	0.261	1.32169648653866e-64	"S3"	"MTO1"
4.40805848300463e-69	0.285201529186568	0.387	0.269	1.61339348536452e-64	"S3"	"SLC25A33"
6.49373171889307e-69	0.254754802387373	0.624	0.478	2.37677074643205e-64	"S3"	"CCSER2"
8.83650071573017e-69	0.263649785212794	0.318	0.215	3.2342476269644e-64	"S3"	"BAMBI"
1.63867353872433e-68	0.265243085012551	0.326	0.22	5.99770901908491e-64	"S3"	"PRPSAP2"
1.82811761083502e-68	0.365058917893781	0.254	0.165	6.69109326741726e-64	"S3"	"LINC02762"
2.46767500340072e-68	0.275555215817423	0.28	0.182	9.03193727994697e-64	"S3"	"AL162231.2"
2.54003769750739e-68	0.251072299092821	0.477	0.343	9.2967919766468e-64	"S3"	"DDHD1"
3.45033438029372e-68	0.254673338762645	0.477	0.344	1.2628568865313e-63	"S3"	"XXYLT1"
5.81614860086508e-68	0.251723511227002	0.581	0.438	2.12876854940263e-63	"S3"	"SNHG12"
7.16085412513544e-68	0.314744481295575	0.313	0.21	2.62094421834082e-63	"S3"	"PLEKHO2"
1.49480736403276e-67	0.258536184511625	0.558	0.414	5.47114443309629e-63	"S3"	"PLEKHB2"
1.78106779694844e-67	0.30130713935641	0.31	0.208	6.51888624361097e-63	"S3"	"CBX4"
3.89032060640308e-67	0.258728092828957	0.506	0.366	1.42389624514959e-62	"S3"	"RNF6"
6.14140073628138e-67	0.253898604417465	0.51	0.37	2.24781408348635e-62	"S3"	"CDKN2AIPNL"
6.44276577992946e-67	0.323746022505581	0.258	0.167	2.35811670311198e-62	"S3"	"AC008915.2"
7.84327770224381e-67	0.268608527730172	0.321	0.216	2.87071807179826e-62	"S3"	"C9orf40"
9.64225054788748e-67	0.272038768575169	0.318	0.213	3.5291601230323e-62	"S3"	"GTDC1"
1.25741786349297e-66	0.264107762182454	0.551	0.412	4.60227512217063e-62	"S3"	"NCOA3"
1.45841619850132e-66	0.293960064525751	0.461	0.335	5.33794912813468e-62	"S3"	"RCC2"
4.05113833678978e-66	0.285090733025522	0.35	0.241	1.48275714264843e-61	"S3"	"RMND5B"
4.15931048727964e-65	0.308482826180955	0.28	0.186	1.52234923144922e-60	"S3"	"ZDHHC17"
7.65700551905941e-65	0.317896082989564	0.263	0.173	2.80254059003093e-60	"S3"	"GPT2"
1.00819579720263e-64	0.326979023032827	0.278	0.185	3.69009743734135e-60	"S3"	"CERS6"
2.0801963415022e-64	0.294380363345469	0.29	0.193	7.6137266295322e-60	"S3"	"NSUN4"
2.45570686421549e-64	0.306170364374356	0.277	0.184	8.98813269371511e-60	"S3"	"TMEM268"
2.62949936975371e-64	0.294950535404013	0.306	0.209	9.62423064323557e-60	"S3"	"COBLL1"
7.16097957819241e-64	0.257164572455552	0.311	0.21	2.6209901354142e-59	"S3"	"SERP2"
9.27148155126043e-64	0.269375879693958	0.676	0.539	3.39345496257683e-59	"S3"	"NFYB"
2.49730208392637e-63	0.303843472738152	0.28	0.186	9.14037535737892e-59	"S3"	"SGPP1"
4.44903392370721e-63	0.258652452221583	0.469	0.343	1.62839090641608e-58	"S3"	"BMT2"
8.20496102996989e-63	0.265246108085508	0.508	0.375	3.00309778657928e-58	"S3"	"NADK2"
1.67432402005712e-62	0.31700617362152	0.252	0.166	6.12819334581105e-58	"S3"	"ATP13A2"
6.01459511540618e-62	0.290084002472436	0.445	0.325	2.20140195818982e-57	"S3"	"SLC5A3"
2.402921945284e-61	0.277603257286438	0.271	0.181	8.79493461193396e-57	"S3"	"RAB3IL1"
4.05669473535993e-61	0.284920233004049	0.282	0.19	1.48479084008909e-56	"S3"	"ARL5B"
1.98434838652577e-60	0.282607176742222	0.254	0.167	7.26291352952297e-56	"S3"	"ME3"
3.15201496072559e-60	0.344225362400133	0.273	0.185	1.15366899577517e-55	"S3"	"SNAI1"
5.398683369352e-60	0.267810243589179	0.312	0.213	1.97597210001652e-55	"S3"	"GRPEL2"
6.30974234625411e-60	0.259050303801164	0.423	0.306	2.30942879615247e-55	"S3"	"OFD1"
2.04876486434341e-59	0.325031528505869	0.256	0.17	7.49868427998331e-55	"S3"	"CENPN"
3.42050989221166e-59	0.289897484151998	0.386	0.277	1.25194082564839e-54	"S3"	"BMP2K"
4.45254601225595e-59	0.256571276678388	0.299	0.204	1.6296763659458e-54	"S3"	"FARP2"
5.19979347696719e-59	0.285780944784566	0.357	0.252	1.90317641050476e-54	"S3"	"RPS10"
6.31386391663882e-59	0.265616553117199	0.347	0.243	2.31093733212897e-54	"S3"	"FAM20B"
9.46413279739423e-59	0.289825025969279	0.306	0.212	3.46396724517426e-54	"S3"	"MICALL1"
5.12508107355242e-58	0.338227119526978	0.543	0.417	1.87583092373092e-53	"S3"	"AP1S2"
7.56351242636664e-58	0.25495296829398	0.283	0.192	2.76832118317445e-53	"S3"	"NUP88"
1.15709006391273e-57	0.264173779465902	0.458	0.345	4.235065342927e-53	"S3"	"DACT1"
1.48463473807074e-57	0.253528949302194	0.326	0.226	5.43391160481271e-53	"S3"	"C2orf69"
1.12321105171077e-56	0.257289352823056	0.29	0.197	4.11106477036658e-52	"S3"	"RHBDD1"
4.3460970821727e-56	0.264112481795508	0.369	0.264	1.59071499304603e-51	"S3"	"TMEM181"
1.99653907010427e-53	0.253126223935182	0.665	0.531	7.30753265048864e-49	"S3"	"MEF2A"
3.25272588070582e-52	0.254831191420715	0.522	0.408	1.19053019959714e-47	"S3"	"GAS1"
3.60081206439738e-52	0.295942642905674	0.255	0.174	1.31793322369008e-47	"S3"	"DDX60L"
6.88416929652864e-52	0.278311134813343	0.251	0.171	2.51967480422245e-47	"S3"	"TANGO6"
1.33837334419934e-51	0.252444267074198	0.41	0.302	4.89858027710399e-47	"S3"	"MIR193BHG"
3.57764051636517e-49	0.252095364535232	0.273	0.191	1.30945220539482e-44	"S3"	"C1QTNF5"
2.01960332930937e-47	0.264209578822089	0.255	0.177	7.39195014560523e-43	"S3"	"DIS3L"
1.75813207755978e-46	0.29466947579982	0.27	0.191	6.43493921707654e-42	"S3"	"DHCR24"
1.53935113794476e-44	0.28466573292336	0.567	0.465	5.63417909999161e-40	"S3"	"SGK1"
0	5.50297611015181	0.518	0.014	0	"S4"	"GATD3A"
0	1.58412630679431	0.726	0.279	0	"S4"	"U2AF1"
0	2.21422080747752	0.572	0.143	0	"S4"	"PDE1C"
0	1.45856736222421	0.734	0.33	0	"S4"	"CDH13"
0	1.31063783738399	0.782	0.414	0	"S4"	"UNC5B"
0	0.802992341006362	0.819	0.496	0	"S4"	"HOXC10"
0	1.19701232759115	0.615	0.298	0	"S4"	"LMO7-AS1"
0	1.37661687129353	0.478	0.191	0	"S4"	"BX890604.2"
0	0.688276446483477	0.729	0.457	0	"S4"	"COMP"
0	0.900786148501713	0.717	0.446	0	"S4"	"MICAL2"
0	0.899061642759124	0.69	0.425	0	"S4"	"ADAMTS6"
0	0.993029058603672	0.632	0.373	0	"S4"	"DUXAP8"
0	1.05008003556021	0.502	0.248	0	"S4"	"AC010618.3"
0	0.754529122724139	0.654	0.406	0	"S4"	"SLC38A1"
0	1.85892914110289	0.344	0.102	0	"S4"	"IL20RB"
0	1.21034174157041	0.46	0.222	0	"S4"	"DPT"
0	0.866973663493118	0.666	0.429	0	"S4"	"SNHG12"
0	0.912379157033231	0.547	0.314	0	"S4"	"SLC7A11"
0	0.912100711295746	0.506	0.273	0	"S4"	"NRG1"
0	1.28441535817044	0.327	0.116	0	"S4"	"AC119673.2"
0	1.09476220396316	0.927	0.719	0	"S4"	"FGF2"
0	1.58775155337808	0.353	0.145	0	"S4"	"LINC01615"
0	1.39948389555572	0.349	0.143	0	"S4"	"TNFRSF11B"
0	1.79727862435633	0.263	0.068	0	"S4"	"CR381653.1"
0	1.20745696575097	0.333	0.139	0	"S4"	"TBC1D2"
0	0.595862794309145	0.879	0.685	0	"S4"	"TIMM10"
0	0.617944682096498	0.894	0.703	0	"S4"	"TPGS1"
0	0.64285082672467	0.875	0.687	0	"S4"	"SPHK1"
0	1.53338453673264	0.301	0.114	0	"S4"	"SH3BGR"
0	1.1177995464334	0.989	0.807	0	"S4"	"EFEMP1"
0	0.799200390499541	0.892	0.718	0	"S4"	"IFI30"
0	0.671065675922973	0.965	0.815	0	"S4"	"ITGA11"
0	0.651858282235663	0.915	0.767	0	"S4"	"EPB41L4A-AS1"
0	1.26893267082699	0.985	0.857	0	"S4"	"POSTN"
0	0.529994748910225	0.95	0.828	0	"S4"	"GYPC"
0	0.507508796199211	0.959	0.842	0	"S4"	"PXDN"
0	0.561114586656541	0.971	0.86	0	"S4"	"MT-ND5"
0	0.731014359658171	0.98	0.886	0	"S4"	"NREP"
0	0.520858066164318	0.982	0.896	0	"S4"	"MT-ATP8"
0	0.511888028165872	0.977	0.892	0	"S4"	"MT-ND1"
0	0.484031776515492	0.976	0.894	0	"S4"	"MT-ATP6"
0	0.525688184062754	0.972	0.891	0	"S4"	"TAF1D"
0	0.678228536478675	0.979	0.903	0	"S4"	"SPOCK1"
0	0.523444894755463	0.989	0.919	0	"S4"	"EIF4EBP1"
0	0.39162072740268	0.988	0.923	0	"S4"	"SLC3A2"
0	0.709060880097039	0.987	0.922	0	"S4"	"MT-ND4"
0	0.55693171012471	0.98	0.917	0	"S4"	"TNFRSF12A"
0	0.876824969736768	0.994	0.946	0	"S4"	"MT-ND4L"
0	0.608485850534592	0.984	0.943	0	"S4"	"ENG"
0	0.647531145976443	0.999	0.963	0	"S4"	"BGN"
0	0.452859835132015	0.989	0.954	0	"S4"	"NUCB2"
0	0.359126239757865	0.994	0.973	0	"S4"	"COMT"
0	0.582848297301624	0.994	0.974	0	"S4"	"MT-ND3"
0	0.769626570349939	0.999	0.982	0	"S4"	"HLA-B"
0	0.563499865876107	0.999	0.987	0	"S4"	"PPP1R14B"
0	0.366103847663549	0.998	0.987	0	"S4"	"EIF2S2"
0	0.331180496396472	0.997	0.988	0	"S4"	"REXO2"
0	0.439142697595601	0.998	0.99	0	"S4"	"FXYD5"
0	0.406517525276981	0.998	0.991	0	"S4"	"RPL36AL"
0	0.588321929806062	0.997	0.99	0	"S4"	"MT-CYB"
0	0.289346528728634	0.999	0.993	0	"S4"	"RNH1"
0	0.478521872675185	0.996	0.99	0	"S4"	"MT-CO3"
0	0.570142793672065	0.997	0.993	0	"S4"	"GAS5"
0	0.2897453190391	0.999	0.995	0	"S4"	"RAC1"
0	0.69729848870351	0.999	0.996	0	"S4"	"ZFAS1"
0	0.31929129766089	0.999	0.997	0	"S4"	"EDF1"
0	0.328447118525873	0.999	0.998	0	"S4"	"HINT1"
0	0.788301411240107	1	0.999	0	"S4"	"TGFBI"
0	0.495527422146076	1	0.999	0	"S4"	"HLA-A"
0	0.610307964753214	0.997	0.996	0	"S4"	"MT-CO2"
0	0.325651851095226	1	1	0	"S4"	"SPARC"
0	0.366339025974456	1	1	0	"S4"	"RPS12"
0	0.260406362332045	1	1	0	"S4"	"IFITM3"
0	0.369038340416911	1	1	0	"S4"	"COL1A1"
0	0.296610785216665	1	1	0	"S4"	"RPL36"
0	0.272469820857749	1	1	0	"S4"	"RPL36A"
9.88131291682493e-324	0.630617085731925	0.803	0.588	3.61665934068709e-319	"S4"	"MBD2"
1.97626258336499e-323	0.535860119815342	0.784	0.494	7.23331868137419e-319	"S4"	"NDN"
1.54593140583726e-320	0.498429133308413	0.95	0.815	5.65826353850496e-316	"S4"	"CCPG1"
9.2365572490021e-320	0.732477115208013	0.782	0.57	3.38067231870726e-315	"S4"	"CTSC"
4.58879624521677e-317	0.409810411155382	0.977	0.913	1.67954531371179e-312	"S4"	"DEK"
2.47017943412363e-313	1.40270851814256	0.29	0.123	9.0411037468359e-309	"S4"	"HRCT1"
2.24078429590101e-312	1.00150441285294	0.407	0.202	8.20149460142729e-308	"S4"	"PTGIR"
4.47455277701989e-310	0.77701418462017	0.476	0.249	1.63773106191705e-305	"S4"	"COL11A1"
2.81689530146956e-309	0.960204821306049	0.477	0.259	1.03101184929088e-304	"S4"	"PLXNA1"
3.89286195470616e-309	0.428471225881241	0.997	0.979	1.424826404042e-304	"S4"	"FLNA"
9.57101747945059e-307	0.543696866629045	0.908	0.748	3.50308810765371e-302	"S4"	"MKNK2"
1.32704224215442e-305	0.253656215170797	0.998	0.994	4.8571073105094e-301	"S4"	"SEC61B"
1.99889985651905e-302	0.704851549429497	0.566	0.322	7.31617336484538e-298	"S4"	"MYO1D"
3.73432011273761e-301	0.316819735279025	0.996	0.981	1.36679850446309e-296	"S4"	"ANP32B"
3.80435141927235e-301	0.820903940598451	0.602	0.379	1.39243066296787e-296	"S4"	"NTM"
1.24148344616241e-298	1.05293726781009	0.309	0.135	4.54395356129902e-294	"S4"	"KHDRBS3"
2.00364391652065e-295	0.256444583878085	0.997	0.993	7.33353709885723e-291	"S4"	"DAD1"
2.45784271900318e-294	0.659876204467111	0.847	0.654	8.99595013582355e-290	"S4"	"GREM1"
2.08626003456365e-292	0.456394877165917	0.935	0.826	7.63592035250643e-288	"S4"	"LRRFIP1"
1.9594402615342e-289	0.935793782069991	0.589	0.366	7.17174730124132e-285	"S4"	"UPP1"
1.82229808437958e-288	0.410089805267076	0.951	0.845	6.6697932186377e-284	"S4"	"LARS"
1.94167903943972e-286	1.14663312074511	0.296	0.129	7.1067394522533e-282	"S4"	"KCNJ15"
9.27920537984596e-285	0.661934586723199	0.699	0.475	3.39628196107742e-280	"S4"	"EVA1A"
4.33895098320878e-283	0.407636814608855	0.958	0.876	1.58809944936424e-278	"S4"	"CDC42EP1"
1.56773638218897e-281	0.71771584941286	0.766	0.566	5.73807193244984e-277	"S4"	"LMCD1"
1.77878759632858e-281	0.631209094050514	0.739	0.512	6.51054048132223e-277	"S4"	"RPS6KA2"
4.15848228758071e-280	0.483089180216475	0.905	0.754	1.52204610207742e-275	"S4"	"DDX21"
2.0473907467166e-279	0.28301419926262	0.996	0.993	7.49365487205742e-275	"S4"	"C12orf57"
2.61141798817837e-278	0.262176915409178	1	0.998	9.55805097853164e-274	"S4"	"IFITM2"
8.39325798830309e-278	0.469541427094685	0.868	0.631	3.07201635629881e-273	"S4"	"TRIB3"
1.97022929280561e-277	0.611443266209829	0.763	0.535	7.2112362345978e-273	"S4"	"ZNF358"
2.48177167239473e-272	0.272747403009811	1	0.998	9.08353249813195e-268	"S4"	"HSP90B1"
5.89527463281032e-271	0.51238486530021	0.981	0.907	2.15772946835491e-266	"S4"	"SERPINE1"
3.89986143525587e-269	0.557972413388612	0.803	0.615	1.427388283918e-264	"S4"	"WDR18"
4.49298765530333e-268	0.883784578576468	0.444	0.243	1.64447841171757e-263	"S4"	"LBH"
2.39295560828063e-267	1.00901072096283	0.42	0.229	8.75845682186794e-263	"S4"	"LIMD2"
8.95954571143435e-266	0.841385970589375	0.575	0.372	3.27928332584209e-261	"S4"	"LIMS2"
2.26750483515143e-261	1.0825356686794	0.307	0.143	8.29929444713776e-257	"S4"	"AL359834.1"
3.9328384117027e-259	0.546073436675172	0.654	0.433	1.4394581870673e-254	"S4"	"PENK"
1.84084001626302e-255	0.266819543906604	0.998	0.988	6.73765854352429e-251	"S4"	"TCEA1"
6.62718030571251e-254	1.11219659647021	0.261	0.113	2.42561426369383e-249	"S4"	"HOXA11"
3.14406229696228e-253	0.472903362550524	0.941	0.837	1.15075824131116e-248	"S4"	"LTBP2"
2.76612150828889e-251	0.459532690729702	0.958	0.887	1.01242813324882e-246	"S4"	"ANPEP"
2.85099645991123e-250	0.634854989763892	0.613	0.387	1.04349321429211e-245	"S4"	"BACE2"
9.56620439490152e-250	0.678371394561133	0.978	0.911	3.5013264705779e-245	"S4"	"IGFBP3"
4.74796724837926e-247	0.721835457617491	0.512	0.302	1.73780349257929e-242	"S4"	"FAM241A"
2.22931153771402e-246	0.903739257322768	0.362	0.185	8.15950315918707e-242	"S4"	"ACVRL1"
9.3950850018246e-246	0.444131667160009	0.911	0.763	3.43869506151782e-241	"S4"	"COL8A1"
2.11475369411054e-244	0.681014465983666	0.657	0.458	7.740209995814e-240	"S4"	"DDAH1"
4.09245385329085e-244	0.271055878628296	0.998	0.984	1.49787903484299e-239	"S4"	"GARS"
1.48330816128964e-238	0.38129122131554	0.997	0.981	5.42905620113621e-234	"S4"	"TPM1"
1.06827570564763e-236	0.847197938377114	0.431	0.243	3.9099959102409e-232	"S4"	"RPS10"
1.87918543268454e-236	0.793825628544397	0.537	0.336	6.8780066021687e-232	"S4"	"DACT1"
1.19595827872865e-235	0.368534649388068	0.958	0.891	4.37732689597474e-231	"S4"	"LIMS1"
1.93680415381937e-235	0.399356291958529	0.923	0.808	7.08889688339428e-231	"S4"	"NARS"
2.35931434563672e-235	0.402495546730904	0.975	0.914	8.63532643646494e-231	"S4"	"SNHG32"
1.3315019272495e-234	0.568497123887658	0.576	0.354	4.87343020392589e-230	"S4"	"APBB1IP"
1.34022611732716e-234	0.724822060822836	0.526	0.322	4.90536161202913e-230	"S4"	"HCFC1"
1.39968794732166e-231	0.665768290008884	0.548	0.338	5.12299785599199e-227	"S4"	"TMEM204"
1.62917810133407e-231	0.331899470967385	0.978	0.924	5.96295476869285e-227	"S4"	"PDLIM7"
3.97789077215737e-231	0.777536423426797	0.532	0.337	1.45594780151732e-226	"S4"	"PTGS1"
2.22338634465061e-228	0.65635654664651	0.569	0.36	8.1378163600557e-224	"S4"	"KCNK2"
8.54822056392503e-225	0.43185391228289	0.931	0.803	3.1287342086022e-220	"S4"	"MT-ND2"
9.68333808263548e-225	0.930680510695784	0.338	0.173	3.54419857162541e-220	"S4"	"LTC4S"
3.42201065079019e-223	0.863713643575898	0.506	0.321	1.25249011829572e-218	"S4"	"F3"
2.25935336284913e-222	0.256967259433051	0.995	0.971	8.26945924336411e-218	"S4"	"SARS"
2.70354714010602e-222	0.62651136458642	0.639	0.431	9.89525288750203e-218	"S4"	"MPRIP"
4.19904068580868e-221	0.508749507659644	0.66	0.438	1.53689088141284e-216	"S4"	"FOXD1"
1.87872526399786e-220	0.315881655478094	0.995	0.969	6.87632233875858e-216	"S4"	"LOXL2"
2.15314976850183e-220	0.638472632773984	0.602	0.397	7.88074346769356e-216	"S4"	"ALPK2"
6.94695172080007e-220	0.283181811890191	0.989	0.954	2.54265379933003e-215	"S4"	"MTDH"
1.31133486883969e-219	0.579709500358299	0.882	0.746	4.79961675344016e-215	"S4"	"HSPB7"
2.96808288877991e-218	0.641359824586321	0.596	0.392	1.08634801812233e-213	"S4"	"PTPN12"
2.10826330815714e-217	0.647437886408627	0.547	0.341	7.71645453418593e-213	"S4"	"TAF1B"
8.75450375824234e-216	0.509071261802832	0.749	0.543	3.20423592055428e-211	"S4"	"CHAC1"
7.731793119819e-215	0.982051170405017	0.282	0.136	2.82991359978495e-210	"S4"	"SMILR"
1.25184381795476e-214	0.688275112531328	0.546	0.351	4.58187355809621e-210	"S4"	"PAWR"
1.77447481219518e-214	0.49253069741047	0.829	0.656	6.49475526011557e-210	"S4"	"AXL"
4.15572377994609e-214	0.292037646115424	0.976	0.924	1.52103646069807e-209	"S4"	"MZT2A"
2.14317745434132e-213	0.697778311249794	0.52	0.324	7.84424380063467e-209	"S4"	"LINC00632"
1.55061944989034e-212	0.605155374800581	0.749	0.553	5.67542224854362e-208	"S4"	"DDIT3"
2.15186565585819e-212	0.82507093215298	0.403	0.227	7.87604348700656e-208	"S4"	"PCGF2"
4.88253137895266e-211	0.497000729158281	0.897	0.754	1.78705531001046e-206	"S4"	"TNFAIP6"
7.26854021543072e-209	0.603300872157897	0.584	0.378	2.6603584042498e-204	"S4"	"HOXD-AS2"
7.3332762145036e-209	0.275990628277704	0.993	0.962	2.68405242727046e-204	"S4"	"SLC1A5"
9.00915708535696e-208	0.389578161155512	0.724	0.502	3.2974415848115e-203	"S4"	"CDH2"
6.86722923126936e-207	0.310760110064764	0.974	0.916	2.5134745709369e-202	"S4"	"EIF5"
7.14774804403255e-207	0.746906294975766	0.413	0.238	2.61614726159636e-202	"S4"	"PNP"
1.00027155912188e-206	0.698919570930206	0.462	0.275	3.66109393354199e-202	"S4"	"ADM2"
1.0117661189984e-206	0.279070830972855	1	1	3.70316517214603e-202	"S4"	"CALD1"
1.44935760923012e-203	0.556507367321047	0.718	0.525	5.30479378554314e-199	"S4"	"RBMS3"
3.52594598403103e-203	0.441884809845235	0.848	0.683	1.2905314896152e-198	"S4"	"HSD17B10"
7.67548147402961e-201	0.917920175796553	0.281	0.138	2.80930297430958e-196	"S4"	"KCTD15"
1.52484864058793e-200	0.754239803361245	0.364	0.2	5.5810985094159e-196	"S4"	"NUAK1"
8.72699494427499e-199	0.358036204085365	0.933	0.827	3.19416741955409e-194	"S4"	"CCDC124"
1.09628657782846e-198	0.665703703540046	0.469	0.282	4.01251850350993e-194	"S4"	"VDR"
1.28901110736555e-198	0.303282537903932	0.982	0.935	4.71790955406865e-194	"S4"	"HEBP2"
2.77377267965303e-198	0.317765146619527	0.997	0.992	1.01522853847981e-193	"S4"	"MYL12A"
6.91210648916741e-197	0.34714955544644	0.956	0.861	2.52990009610016e-192	"S4"	"PFDN2"
7.24433828542178e-197	0.584356681502597	0.626	0.427	2.65150025584723e-192	"S4"	"SLC7A5"
8.79360814687094e-196	0.267061112556771	0.998	0.995	3.21854851783623e-191	"S4"	"CALM2"
1.23529528889264e-195	0.396714885461566	0.88	0.732	4.52130428687594e-191	"S4"	"NDUFAF2"
4.67191734979424e-195	0.716178063060462	0.417	0.245	1.70996846919819e-190	"S4"	"PPP1R13L"
1.75666617464648e-192	0.575829914263715	0.585	0.394	6.42957386582359e-188	"S4"	"RAB3B"
8.45613526928424e-192	0.470070458941258	0.788	0.606	3.09503006991072e-187	"S4"	"CDK2AP2"
9.27561736218111e-192	0.810943466643986	0.271	0.133	3.39496871073191e-187	"S4"	"SORBS2"
8.14287105021357e-191	0.773750923025098	0.392	0.227	2.98037223308867e-186	"S4"	"LPXN"
4.33547550499246e-190	0.344576651668962	0.929	0.797	1.58682738958229e-185	"S4"	"PLOD2"
4.14872830094865e-189	0.693686447077147	0.596	0.417	1.51847604543021e-184	"S4"	"GRAMD2B"
4.91225898678173e-188	0.807581879832032	0.443	0.273	1.79793591175198e-183	"S4"	"CSTA"
8.77965306093502e-188	0.399305578557398	0.885	0.765	3.21344081683283e-183	"S4"	"TCF4"
1.69908019972116e-187	0.469499264076148	0.759	0.577	6.21880343899941e-183	"S4"	"HDGFL3"
4.71591920573775e-186	0.305225562542616	0.978	0.894	1.72607358849207e-181	"S4"	"MTHFD2"
5.18318679198543e-184	0.270904539079767	0.983	0.948	1.89709819773459e-179	"S4"	"EPRS"
3.87630712341668e-183	0.469312442842027	0.481	0.286	1.41876717024174e-178	"S4"	"JCAD"
7.41445003114642e-183	0.333278823995958	0.951	0.863	2.7137628558999e-178	"S4"	"RALA"
8.08249170047113e-183	0.476535892622886	0.872	0.758	2.95827278728944e-178	"S4"	"NEK7"
1.20442937494167e-182	0.508114169693825	0.684	0.483	4.408331955224e-178	"S4"	"TENM3"
6.78444494716454e-182	0.56236354725825	0.798	0.66	2.48317469511169e-177	"S4"	"PXDC1"
1.06493840752983e-181	0.329148167875639	0.99	0.964	3.89778106539994e-177	"S4"	"TAGLN"
1.49359890267433e-181	0.277037124776806	0.977	0.921	5.4667213436783e-177	"S4"	"NDUFS6"
3.82055727556161e-181	0.334642112605802	0.967	0.842	1.39836216842831e-176	"S4"	"PSAT1"
9.05145230460784e-181	0.368686371706625	0.866	0.737	3.31292205800951e-176	"S4"	"NR2F2"
5.83769775245418e-180	0.356565620494816	0.985	0.94	2.13665575437576e-175	"S4"	"PCBP2"
1.01193655946935e-179	0.40096565654726	0.846	0.686	3.70378900131375e-175	"S4"	"LINC01133"
3.69427943875646e-176	0.42136009819659	0.789	0.584	1.35214321737925e-171	"S4"	"NFIB"
3.10798960729689e-171	0.656803767182822	0.395	0.232	1.13755527616673e-166	"S4"	"AFDN"
1.09297213614455e-169	0.421235861897921	0.814	0.656	4.00038731550267e-165	"S4"	"DTD1"
4.61413136526502e-169	0.258534973086207	0.98	0.937	1.68881822100065e-164	"S4"	"MRPL52"
5.52354044366385e-169	0.276835424722337	0.978	0.93	2.02167103778541e-164	"S4"	"ANKRD11"
5.83101676663931e-169	0.463480203103291	0.914	0.821	2.13421044675765e-164	"S4"	"GAS6"
4.78273848432253e-168	0.518621435695196	0.694	0.509	1.75053011264689e-163	"S4"	"TMEM138"
1.27384128023755e-167	0.3048127517531	0.944	0.855	4.66238646979747e-163	"S4"	"SRP72"
1.27436601978841e-167	0.557444820887059	0.519	0.337	4.66430706902755e-163	"S4"	"TAP2"
2.88575584326842e-167	0.394940937448822	0.895	0.764	1.05621549619467e-162	"S4"	"PRSS23"
1.80657198302255e-166	0.310128861377711	0.947	0.874	6.61223411506085e-162	"S4"	"PLOD3"
2.23971887382617e-165	0.824767326319337	0.358	0.211	8.19759505009117e-161	"S4"	"LINC01119"
2.8953263701696e-165	0.424198718232463	0.783	0.605	1.05971840474577e-160	"S4"	"FEZ2"
1.30529833353796e-164	0.321944853404875	0.908	0.786	4.7775224305823e-160	"S4"	"COX20"
1.07850606366514e-163	0.692433553281934	0.415	0.254	3.94744004362079e-159	"S4"	"DLEU2"
4.73551883810874e-163	0.361105094472273	0.883	0.747	1.73324724993618e-158	"S4"	"DDX18"
3.34213453265997e-162	0.502338211769333	0.797	0.661	1.22325466029888e-157	"S4"	"CRIM1"
3.49123681028096e-162	0.299842613211048	0.955	0.875	1.27782758493093e-157	"S4"	"GPAA1"
3.98447296783578e-162	0.502881436217176	0.615	0.433	1.45835695095757e-157	"S4"	"SLC7A1"
6.28348760261424e-162	0.60661147054816	0.412	0.247	2.29981929743284e-157	"S4"	"GTPBP2"
1.91940828663403e-161	0.466606312386676	0.697	0.517	7.02522626990922e-157	"S4"	"EVI5"
2.48311748957054e-161	0.490058700593594	0.655	0.467	9.08845832357712e-157	"S4"	"LARP1"
2.85888104040748e-159	0.459313787140132	0.628	0.441	1.04637904959954e-154	"S4"	"UCK2"
3.19350052384132e-159	0.30691316003096	0.973	0.928	1.16885312673116e-154	"S4"	"FKBP11"
3.69538839811601e-159	0.652555065878845	0.371	0.218	1.35254910759444e-154	"S4"	"ACVR2A"
7.40205739332021e-159	0.50435615022716	0.646	0.46	2.70922702652913e-154	"S4"	"TAOK1"
3.53715673149279e-158	0.661952479176203	0.344	0.199	1.29463473529368e-153	"S4"	"STARD4-AS1"
6.12658959013483e-158	0.502285390082116	0.658	0.483	2.24239305588525e-153	"S4"	"ATP13A3"
1.15548836141135e-157	0.489770367861459	0.614	0.431	4.22920295160168e-153	"S4"	"AKT3"
3.71717637681253e-156	0.47263514066006	0.665	0.49	1.36052372567715e-151	"S4"	"PHLDA2"
9.49908810405664e-156	0.659114716457434	0.563	0.402	3.47676123696577e-151	"S4"	"SCG5"
7.04396758527117e-155	0.769163882376662	0.256	0.132	2.5781625758851e-150	"S4"	"CCN4"
7.76499019048865e-155	0.372049774019504	0.853	0.7	2.84206405962075e-150	"S4"	"B4GALT2"
8.73791033412639e-155	0.35232785256789	0.903	0.776	3.1981625613936e-150	"S4"	"DNAJC1"
1.23770771115985e-153	0.563946899836599	0.46	0.294	4.53013399361618e-149	"S4"	"CENPB"
2.92973883091008e-153	0.518246847969069	0.637	0.476	1.0723137095014e-148	"S4"	"GREM2"
3.3791264175234e-153	0.645099804067105	0.366	0.215	1.23679406007774e-148	"S4"	"FMR1"
3.61439674078631e-153	0.285425232414458	0.966	0.897	1.3229053510952e-148	"S4"	"RBCK1"
7.47604214154803e-153	0.463177221514577	0.693	0.52	2.73630618422799e-148	"S4"	"TMEM173"
1.53643637190871e-152	0.407213959323159	0.892	0.792	5.62351076482307e-148	"S4"	"FRMD6"
6.79994738900584e-152	0.499233030840808	0.464	0.295	2.48884874385003e-147	"S4"	"SLC1A4"
3.80816114524615e-151	0.400082020041913	0.842	0.724	1.39382506077154e-146	"S4"	"PDLIM5"
4.78434007960912e-151	0.482432949245258	0.685	0.506	1.75111631253773e-146	"S4"	"SMC4"
7.35894180764679e-151	0.400192700517434	0.761	0.595	2.6934462910168e-146	"S4"	"DESI1"
1.45690442306774e-150	0.429882290822033	0.813	0.658	5.33241587887023e-146	"S4"	"GCLM"
5.50900309740835e-150	0.25490383835834	0.972	0.935	2.01635022368243e-145	"S4"	"ILK"
3.83417448570239e-149	0.45129589397259	0.744	0.57	1.40334620351193e-144	"S4"	"SH3PXD2A"
7.35168621809041e-149	0.369485581395868	0.836	0.681	2.69079067268327e-144	"S4"	"NT5C"
1.47678946475922e-147	0.813434023860011	0.281	0.155	5.40519711996522e-143	"S4"	"KCNK6"
4.07708466359918e-147	0.280556946491996	0.956	0.886	1.49225375772393e-142	"S4"	"SELENOS"
9.17383730599076e-147	0.528989268453954	0.499	0.332	3.35771619236568e-142	"S4"	"TLCD3A"
2.20574430500679e-146	0.614575723984216	0.402	0.249	8.07324473075536e-142	"S4"	"JOSD1"
3.87229735576226e-146	0.409098055311667	0.727	0.546	1.41729955518255e-141	"S4"	"MSC"
5.1285601594337e-146	0.59575455584056	0.437	0.279	1.87710430395433e-141	"S4"	"GPR1"
6.2407917629075e-146	0.451661618118978	0.665	0.48	2.28419219314178e-141	"S4"	"NDRG1"
1.38092584156818e-144	0.576063073299199	0.455	0.295	5.05432667272371e-140	"S4"	"PVR"
1.65460637744973e-144	0.472580117520068	0.654	0.484	6.05602480210375e-140	"S4"	"DSP"
4.16200567585331e-144	0.534553128986714	0.493	0.325	1.52333569741907e-139	"S4"	"KIFC3"
2.26087578002905e-143	0.579377915453525	0.6	0.441	8.27503144248431e-139	"S4"	"RCAN1"
1.22771278283457e-142	0.339076060248141	0.877	0.741	4.49355155645281e-138	"S4"	"AGTRAP"
1.62289928236014e-142	0.595686333636727	0.392	0.242	5.93997366336636e-138	"S4"	"ADGRL4"
2.52846302520148e-142	0.347561504762141	0.837	0.683	9.25442751853992e-138	"S4"	"SCRG1"
5.00618014421209e-142	0.702097774142102	0.31	0.178	1.83231199458307e-137	"S4"	"CD3EAP"
5.11796231997561e-142	0.261484898214274	0.965	0.901	1.87322538873427e-137	"S4"	"SEC61A1"
5.97320704626301e-142	0.429208321480587	0.697	0.526	2.18625351100272e-137	"S4"	"SLC31A1"
8.39941180475326e-142	0.450978168877433	0.615	0.441	3.07426871465774e-137	"S4"	"FZD2"
1.75671239776395e-141	0.280261072297085	0.975	0.936	6.42974304705584e-137	"S4"	"CTSZ"
4.05012480416951e-141	0.263004348991992	0.959	0.889	1.48238617957408e-136	"S4"	"RBM8A"
9.85988608372313e-140	0.648701594306492	0.469	0.313	3.6088169055035e-135	"S4"	"MOK"
2.50863643867471e-138	0.664582203184034	0.314	0.181	9.18186022919329e-134	"S4"	"DVL1"
6.73738390327779e-138	0.341023899426475	0.863	0.744	2.4659498824387e-133	"S4"	"CYCS"
1.71720481697982e-137	0.457091717366734	0.585	0.412	6.28514135062783e-133	"S4"	"CDK6"
2.93210614029373e-137	0.970702615598227	0.348	0.216	1.07318016840891e-132	"S4"	"LOXL4"
3.23575045905334e-137	0.256019332678487	0.967	0.912	1.18431702551811e-132	"S4"	"SRSF11"
5.70173402502476e-137	0.293688293079032	0.958	0.863	2.08689167049931e-132	"S4"	"DDIT4"
2.37199649797384e-136	0.480300683829187	0.578	0.409	8.68174438223405e-132	"S4"	"SSH1"
3.88567158742219e-136	0.297262714337696	0.922	0.789	1.4221946577124e-131	"S4"	"XPOT"
5.24650657623829e-136	0.414177227777173	0.975	0.932	1.92027387196898e-131	"S4"	"PTX3"
2.64310173700007e-135	0.347072811747013	0.859	0.704	9.67401666759397e-131	"S4"	"CAMTA2"
3.70651519409469e-135	0.278549771449601	0.949	0.879	1.3566216261906e-130	"S4"	"CYTOR"
4.0071854622101e-135	0.262166337971886	0.959	0.872	1.46666995102352e-130	"S4"	"NPDC1"
2.85371758336739e-134	0.280314558422046	0.939	0.853	1.0444891726883e-129	"S4"	"EIF5B"
7.16728672303449e-134	0.610371366045813	0.33	0.194	2.62329861349785e-129	"S4"	"H2AFY2"
2.41969823982917e-133	0.697173009681507	0.408	0.265	8.85633752759873e-129	"S4"	"FAM43A"
3.40024825549055e-133	0.373174501795231	0.753	0.592	1.2445248639921e-128	"S4"	"GPR176"
4.79921960143774e-133	0.314094326646482	0.76	0.586	1.75656236632223e-128	"S4"	"ISG15"
5.00077234572553e-133	0.567211551384561	0.4	0.251	1.830332686259e-128	"S4"	"TBX15"
2.49821887875883e-132	0.352149410792788	0.819	0.673	9.14373091814521e-128	"S4"	"DUSP14"
4.60803252620703e-132	0.613889357027873	0.356	0.218	1.68658598491704e-127	"S4"	"NR1D1"
3.15040742031335e-131	0.758092858067667	0.325	0.198	1.15308061990889e-126	"S4"	"ALPL"
5.74749978686571e-131	0.259743435289113	0.955	0.891	2.10364239699072e-126	"S4"	"NME1"
9.8601119782954e-131	0.375951290748832	0.755	0.586	3.6088995851759e-126	"S4"	"NOP56"
9.91227952642196e-131	0.388474316341706	0.653	0.473	3.6279934294657e-126	"S4"	"TUSC1"
4.78241669650512e-130	0.505971062256263	0.425	0.269	1.75041233508784e-125	"S4"	"C11orf54"
5.03124317886369e-130	0.439486808761718	0.715	0.542	1.8414853158959e-125	"S4"	"SLC25A37"
9.75328355994945e-130	0.252122215616745	0.959	0.889	3.5697993157771e-125	"S4"	"RHEB"
4.82649545861268e-129	0.477400738293532	0.569	0.406	1.76654560280683e-124	"S4"	"DOK1"
8.5159759712964e-129	0.251140406993772	0.958	0.896	3.1169323652542e-124	"S4"	"NDUFA12"
1.88802726888712e-128	0.56023500550067	0.357	0.217	6.91036860685375e-124	"S4"	"SERPINB8"
3.45483245555929e-128	0.435940748961368	0.643	0.475	1.26450322705925e-123	"S4"	"PDGFC"
6.15812845516533e-128	0.373894608617722	0.797	0.654	2.25393659587506e-123	"S4"	"FADS3"
6.48178545859656e-128	0.283914059510785	0.809	0.633	2.37239829570093e-123	"S4"	"MT-ND6"
7.46422962827972e-128	0.695216065903955	0.263	0.146	2.73198268624666e-123	"S4"	"ADAMTS10"
1.9246639955754e-126	0.280081946499356	0.926	0.848	7.04446269020553e-122	"S4"	"DARS"
3.21863486316779e-126	0.289075919456287	0.929	0.83	1.17805254626804e-121	"S4"	"NUCKS1"
1.18552613739207e-125	0.455502030606839	0.658	0.507	4.33914421546871e-121	"S4"	"ZNF281"
1.05836434062013e-124	0.438686350052443	0.551	0.386	3.87371932310375e-120	"S4"	"PRR16"
1.3314201958006e-124	0.517243982888376	0.444	0.292	4.87313105864979e-120	"S4"	"RIN3"
1.82206244632989e-124	0.457710569585827	0.565	0.395	6.66893075981202e-120	"S4"	"NMI"
2.02632924497526e-124	0.413338814170745	0.701	0.536	7.41656766953395e-120	"S4"	"PTPN14"
3.4407354980294e-124	0.391477225559021	0.717	0.557	1.25934359963374e-119	"S4"	"TRIO"
5.53762552594626e-124	0.303542729357009	0.886	0.761	2.02682631875159e-119	"S4"	"NIFK"
7.79519853246995e-124	0.446563003008274	0.587	0.416	2.85312061486933e-119	"S4"	"CDK11B"
8.16400157770227e-124	0.480214334396915	0.334	0.199	2.98810621745481e-119	"S4"	"DHFR"
9.65170604013017e-124	0.441068705956978	0.832	0.7	3.53262092774804e-119	"S4"	"ELN"
1.43321084745904e-123	0.418402773324159	0.624	0.455	5.24569502278482e-119	"S4"	"CCDC91"
1.57316995042757e-123	0.556544595428759	0.422	0.278	5.75795933555995e-119	"S4"	"NGF"
1.79434688863606e-123	0.745301888830226	0.35	0.223	6.56748904709685e-119	"S4"	"KRT8"
4.09096782730203e-123	0.462202773595642	0.473	0.314	1.49733513447082e-118	"S4"	"PRKCA"
1.42621034211672e-122	0.643046772178561	0.284	0.164	5.22007247318139e-118	"S4"	"ATP13A2"
2.0366709119467e-122	0.537838670787946	0.449	0.303	7.45441920481612e-118	"S4"	"LOXL3"
4.47635877261196e-122	0.344788117002708	0.821	0.67	1.6383920743637e-117	"S4"	"CCAR1"
5.34870028914488e-122	0.342859920697176	0.805	0.655	1.95767779282992e-117	"S4"	"EIF3J"
4.78263777044742e-121	0.488568925847048	0.535	0.373	1.75049325036146e-116	"S4"	"LINC02256"
5.18506328247057e-121	0.505298422279203	0.444	0.296	1.89778501201705e-116	"S4"	"SAMD1"
5.90949618364243e-121	0.293829468438762	0.903	0.785	2.16293469817496e-116	"S4"	"MAZ"
1.79835434550429e-120	0.3622050518376	0.72	0.552	6.58215673998023e-116	"S4"	"SSC5D"
2.45725440911329e-120	0.455720695819199	0.423	0.274	8.99379686279556e-116	"S4"	"NPAS2"
7.14634326062331e-120	0.465908631471825	0.608	0.444	2.61563309682074e-115	"S4"	"BCL9L"
9.91249159267645e-120	0.525471910977411	0.43	0.283	3.62807104783551e-115	"S4"	"SKI"
2.19581174345795e-119	0.523029789880606	0.377	0.239	8.03689056223044e-115	"S4"	"VEPH1"
2.29954106300841e-119	0.301014292065177	0.879	0.748	8.41655024471709e-115	"S4"	"NCKAP1"
1.08374477538453e-118	0.285468264777239	0.909	0.809	3.96661425238491e-114	"S4"	"SSNA1"
3.09609423408666e-118	0.471167492623005	0.509	0.35	1.13320145061806e-113	"S4"	"IL17RA"
7.47304948023046e-118	0.452614402021993	0.463	0.306	2.73521084025915e-113	"S4"	"PEX6"
8.27643767968673e-118	0.470142748708506	0.259	0.146	3.02925895514214e-113	"S4"	"TM4SF1"
4.55565420117377e-117	0.424671091266875	0.591	0.432	1.66741499417161e-112	"S4"	"AOPEP"
7.185675804752e-117	0.396196407009924	0.646	0.483	2.63002920129728e-112	"S4"	"ZNF22"
2.50731767426308e-116	0.3588922798079	0.611	0.44	9.17703341957031e-112	"S4"	"XAF1"
1.88207686664716e-115	0.56028283730545	0.319	0.193	6.88858953961526e-111	"S4"	"GJC1"
5.96348342877375e-115	0.275310685828634	0.906	0.801	2.18269456976548e-110	"S4"	"SYNCRIP"
2.99882542470005e-114	0.264582054784038	0.93	0.838	1.09760009369446e-109	"S4"	"BTF3L4"
3.41523946454603e-113	0.539865483205365	0.392	0.255	1.25001179641849e-108	"S4"	"KLHL5"
8.36316460866299e-113	0.417574357047342	0.57	0.409	3.06100187841674e-108	"S4"	"GNAQ"
1.22597328465398e-112	0.282962206830898	0.897	0.78	4.48718481916205e-108	"S4"	"RPS10-NUDT3"
2.16058881448465e-112	0.33425631742565	0.748	0.586	7.90797111989525e-108	"S4"	"RFXANK"
4.27535230490015e-112	0.51345660048784	0.382	0.245	1.5648216971165e-107	"S4"	"ZNF668"
8.87128938355361e-112	0.276223377998034	0.983	0.958	3.24698062727446e-107	"S4"	"MFAP2"
1.36100284245655e-111	0.309300059913349	0.862	0.746	4.98140650367522e-107	"S4"	"YIF1B"
2.09365925056411e-111	0.295579842284458	0.953	0.887	7.66300222298969e-107	"S4"	"IFITM1"
7.19559200174804e-111	0.37824609634351	0.967	0.971	2.6336586285598e-106	"S4"	"CCN1"
7.69273079864775e-111	0.497527174019128	0.409	0.268	2.81561639961306e-106	"S4"	"AC016747.1"
7.93879536134174e-111	0.362731780633538	0.746	0.585	2.90567849020469e-106	"S4"	"UBXN6"
2.03924886805017e-110	0.705449506207167	0.286	0.174	7.46385478195043e-106	"S4"	"RNF212"
5.44435948097396e-110	0.473975969590366	0.511	0.364	1.99269001363128e-105	"S4"	"TIPARP"
6.29895434844832e-110	0.630337249333119	0.258	0.149	2.30548028107557e-105	"S4"	"ATP10A"
1.74130063067731e-109	0.567598762352626	0.312	0.191	6.37333443834201e-105	"S4"	"SLC20A2"
2.11306438598752e-109	0.270054952468345	0.895	0.78	7.73402695915292e-105	"S4"	"MARS"
4.07837547237903e-109	0.347788931529443	0.783	0.639	1.49272620664545e-104	"S4"	"CRIP2"
4.49079790066148e-109	0.306961011422138	0.803	0.658	1.64367693962111e-104	"S4"	"GGCT"
1.67309931693333e-108	0.273136755488429	0.83	0.685	6.12371080990769e-104	"S4"	"PCK2"
3.98932257936515e-108	0.29730535762141	0.837	0.717	1.46013195727344e-103	"S4"	"MSRB3"
4.20488539056731e-108	0.331666715191296	0.766	0.613	1.53903010180154e-103	"S4"	"R3HDM4"
5.56186737204991e-108	0.323584905494661	0.829	0.687	2.03569907684399e-103	"S4"	"DHX36"
1.21816559433764e-107	0.300308354581677	0.859	0.734	4.45860789183518e-103	"S4"	"TMEM208"
2.98211454674752e-107	0.559567203778812	0.309	0.19	1.09148374525506e-102	"S4"	"PKP4"
8.06807489971059e-107	0.306980653921587	0.798	0.656	2.95299609404307e-102	"S4"	"GNL3"
1.51099963973485e-106	0.253860869077123	0.92	0.824	5.53040978139352e-102	"S4"	"UBE2M"
5.32153911524568e-106	0.331866010901214	0.762	0.612	1.94773653157107e-101	"S4"	"KIFAP3"
7.14714457716837e-106	0.309496201868484	0.847	0.741	2.61592638668939e-101	"S4"	"PALM2-AKAP2"
1.03801777384636e-105	0.42812437376586	0.546	0.392	3.79924885405506e-101	"S4"	"C6orf62"
2.10136877723308e-105	0.2984318225444	0.852	0.724	7.69121986155081e-101	"S4"	"SELENOK"
1.37619905000129e-104	0.48772444057088	0.38	0.247	5.03702614290971e-100	"S4"	"ABCC4"
2.06208173790289e-104	0.462250955565118	0.534	0.383	7.54742536889838e-100	"S4"	"FLRT2"
2.54276116117941e-104	0.512770005765932	0.399	0.264	9.30676012603276e-100	"S4"	"USF2"
2.95702542446041e-104	0.465415804322824	0.483	0.338	1.08230087560675e-99	"S4"	"ABHD2"
3.01592044597817e-104	0.521398443509856	0.382	0.251	1.10385704243247e-99	"S4"	"TESK1"
7.060661574284e-104	0.382811678056941	0.593	0.434	2.58427274280369e-99	"S4"	"UBALD2"
7.94970354260963e-104	0.559291218491027	0.296	0.18	2.90967099363055e-99	"S4"	"DNLZ"
1.52384429557312e-103	0.324853156517225	0.785	0.633	5.57742250622718e-99	"S4"	"PAXX"
6.6996872206293e-103	0.345981384913105	0.712	0.557	2.45215251962253e-98	"S4"	"OGT"
7.92081138555722e-103	0.426730281901801	0.56	0.411	2.8990961752278e-98	"S4"	"RGMB"
9.81606620760938e-103	0.308449608213826	0.828	0.706	3.59277839264711e-98	"S4"	"EBNA1BP2"
1.69380947593068e-102	0.282528550787223	0.82	0.686	6.19951206285389e-98	"S4"	"NDUFV3"
1.84287094628724e-102	0.367865346434579	0.563	0.403	6.74509195050591e-98	"S4"	"TUBE1"
2.08054446021424e-102	0.582778338839082	0.308	0.192	7.61500077883014e-98	"S4"	"PSMA3-AS1"
2.60783407606437e-102	0.392191281761864	0.653	0.497	9.54493350180322e-98	"S4"	"TYMP"
3.37122372435541e-102	0.275792293866455	0.856	0.734	1.23390159535132e-97	"S4"	"VPS25"
5.02095073139893e-102	0.452768966886014	0.393	0.259	1.83771817719932e-97	"S4"	"RRS1"
5.50026237274934e-102	0.519972905894644	0.327	0.206	2.01315103104999e-97	"S4"	"FMN2"
2.55023555070891e-101	0.652828847979806	0.404	0.282	9.33411713914969e-97	"S4"	"KRT18"
1.07461474503353e-100	0.316364191921527	0.757	0.602	3.93319742829723e-96	"S4"	"ANTKMT"
3.54988645204583e-100	0.2816182394011	0.845	0.712	1.2992939403133e-95	"S4"	"U2SURP"
4.66642491357543e-100	0.301430113001104	0.775	0.629	1.70795818261774e-95	"S4"	"TSEN15"
8.41244481469465e-100	0.578562537703032	0.487	0.35	3.07903892662639e-95	"S4"	"ANGPTL4"
8.78827046932749e-100	0.324193464180536	0.677	0.518	3.21659487447855e-95	"S4"	"SESN2"
1.63462695774159e-99	0.415356678521789	0.454	0.31	5.98289812803e-95	"S4"	"DECR2"
1.71881341374704e-99	0.419503077648272	0.488	0.341	6.29102897565555e-95	"S4"	"MBD3"
2.41478420210487e-99	0.405116844773205	0.511	0.361	8.83835165812403e-95	"S4"	"SLC35F6"
3.9591121572036e-99	0.350329438485014	0.619	0.458	1.44907464065809e-94	"S4"	"EMX2"
4.01279740006007e-99	0.367273733395534	0.611	0.459	1.46872397639599e-94	"S4"	"EMG1"
5.87562636129817e-99	0.353630156482779	0.604	0.444	2.15053800449874e-94	"S4"	"COA1"
1.09549493423243e-98	0.475183834559207	0.411	0.278	4.00962100878413e-94	"S4"	"LINC01638"
1.14804491764526e-98	0.599962444591458	0.268	0.162	4.20195920307343e-94	"S4"	"FURIN"
1.5396580297403e-98	0.439895493405863	0.486	0.341	5.63530235465248e-94	"S4"	"MAFG"
2.20887903004407e-98	0.434572900509781	0.44	0.299	8.0847181378643e-94	"S4"	"SLC33A1"
4.82022491033792e-98	0.389237059965267	0.519	0.37	1.76425051943278e-93	"S4"	"USP7"
6.47116033074536e-98	0.28481022225668	0.809	0.676	2.36850939265611e-93	"S4"	"SRPRB"
2.71356520750245e-97	0.39824128823586	0.492	0.347	9.93192001597971e-93	"S4"	"PCGF5"
4.45313632321055e-97	0.404300766196927	0.437	0.299	1.62989242565829e-92	"S4"	"GBP3"
1.28432816489968e-96	0.550898460758708	0.281	0.173	4.70076951634933e-92	"S4"	"GPT2"
1.56175151408768e-96	0.330376765405384	0.767	0.614	5.7161667167123e-92	"S4"	"CTDNEP1"
5.59301349649972e-96	0.267660965861919	0.895	0.809	2.04709886985386e-91	"S4"	"SRSF3"
1.34160497396402e-95	0.403645158023839	0.435	0.294	4.91040836520573e-91	"S4"	"NOC4L"
2.03743427883275e-95	0.264869099790823	0.849	0.727	7.45721320395576e-91	"S4"	"ALYREF"
3.47021865637846e-95	0.468847661581667	0.355	0.232	1.27013473042108e-90	"S4"	"SLC1A3"
4.03662654182668e-95	0.495464862195972	0.335	0.217	1.47744568057398e-90	"S4"	"DBNDD2"
5.32960986883783e-95	0.559714376231534	0.255	0.153	1.95069050809333e-90	"S4"	"SGPL1"
7.38093956800084e-95	0.37551829456715	0.557	0.407	2.70149769128399e-90	"S4"	"FAM168B"
1.364226266251e-94	0.503999638926936	0.367	0.244	4.99320455710528e-90	"S4"	"FAM50B"
2.17921476775433e-94	0.313502979202527	0.625	0.47	7.97614397145763e-90	"S4"	"CDC42SE1"
3.00042037232497e-94	0.349925957990973	0.512	0.362	1.09818386047466e-89	"S4"	"PTRH1"
3.91023371470752e-94	0.348261256788261	0.65	0.495	1.4311846419201e-89	"S4"	"SH3BP4"
5.918384624155e-94	0.491265050121134	0.349	0.228	2.16618795628697e-89	"S4"	"PYROXD1"
1.18889462212498e-93	0.360072501515761	0.587	0.435	4.35147320643963e-89	"S4"	"NR1D2"
1.37554273689399e-93	0.388810467440833	0.494	0.35	5.03462397130568e-89	"S4"	"SEC11C"
8.88756063400113e-93	0.312208227885661	0.727	0.571	3.25293606765075e-88	"S4"	"AVEN"
2.36357592207689e-92	0.396482546902575	0.542	0.403	8.65092423239364e-88	"S4"	"AL162586.1"
2.7768629750314e-92	0.701855036440567	0.253	0.155	1.01635961749124e-87	"S4"	"PCDH9"
2.9052965286158e-92	0.380241593439016	0.707	0.563	1.06336758243867e-87	"S4"	"XIST"
3.44026348702903e-92	0.306987744010929	0.741	0.591	1.2591708388875e-87	"S4"	"COMMD2"
1.18381855602609e-91	0.326856333338732	0.701	0.541	4.33289429691108e-87	"S4"	"PIGP"
2.22330677196816e-91	0.323990843323772	0.594	0.445	8.13752511608067e-87	"S4"	"DYRK4"
6.36819303241633e-91	0.381190294871393	0.529	0.393	2.3308223317947e-86	"S4"	"ABI3BP"
1.09437500658392e-90	0.373588073823303	0.481	0.338	4.00552196159781e-86	"S4"	"TMEM128"
1.79628379235908e-90	0.519919985426663	0.285	0.177	6.57457830841347e-86	"S4"	"HEIH"
4.18423159568586e-90	0.292374002780877	0.757	0.607	1.53147060633698e-85	"S4"	"CRIPT"
4.81815587551792e-90	0.317639485723233	0.704	0.553	1.76349323199832e-85	"S4"	"RNF220"
4.89012979027753e-90	0.254893120598649	0.838	0.692	1.78983640453948e-85	"S4"	"PXK"
5.07709605786352e-90	0.40935776274117	0.411	0.28	1.85826792813863e-85	"S4"	"CLOCK"
5.65565304485485e-90	0.298884377115179	0.733	0.585	2.07002557094732e-85	"S4"	"MPC1"
6.61482942411762e-90	0.292976940489351	0.699	0.545	2.42109371752129e-85	"S4"	"YKT6"
8.29588591029281e-90	0.491310213723948	0.33	0.215	3.03637720202627e-85	"S4"	"SDSL"
1.01211923941492e-89	0.371721511902226	0.501	0.357	3.70445762818256e-85	"S4"	"RRP15"
1.11142629691251e-89	0.289205465559142	0.773	0.628	4.06793138932946e-85	"S4"	"PURA"
1.20548617980944e-89	0.511845829572312	0.312	0.2	4.41219996672052e-85	"S4"	"WIZ"
1.3869501107912e-89	0.434282598330181	0.406	0.277	5.07637610050688e-85	"S4"	"GNA11"
1.39074813914638e-89	0.387627026628755	0.423	0.289	5.09027726408965e-85	"S4"	"PAK1IP1"
2.5918494396747e-89	0.436176549290864	0.323	0.207	9.48642813415336e-85	"S4"	"NEGR1"
2.95238659303235e-89	0.412070245056098	0.589	0.46	1.08060301691577e-84	"S4"	"TMEM200A"
3.79229766076699e-89	0.264382582651479	0.846	0.717	1.38801886681733e-84	"S4"	"MVB12A"
5.2728408175365e-89	0.344852664662683	0.624	0.474	1.92991246762653e-84	"S4"	"ABL1"
5.28915029239769e-89	0.418670163702229	0.401	0.272	1.93588189852048e-84	"S4"	"ELK4"
1.1073776337401e-88	0.386851703859371	0.518	0.377	4.05311287725213e-84	"S4"	"PSPH"
3.64861454264456e-88	0.482104645215756	0.327	0.213	1.33542940875334e-83	"S4"	"EDEM1"
4.61203444044321e-88	0.26317187634688	0.85	0.717	1.68805072554662e-83	"S4"	"PAM16"
4.75166072927118e-88	0.353080218005225	0.51	0.363	1.73915534352054e-83	"S4"	"SNX24"
8.4930755229287e-88	0.353350775817482	0.539	0.396	3.10855057214713e-83	"S4"	"GPATCH4"
1.21917394684502e-87	0.553044280914517	0.254	0.154	4.46229856284744e-83	"S4"	"DNAAF4"
1.83653670439847e-87	0.307354003609765	0.729	0.581	6.72190799176885e-83	"S4"	"GLRX2"
4.45404443242226e-87	0.302644416763217	0.693	0.542	1.63022480271087e-82	"S4"	"PBDC1"
4.45639736237197e-87	0.491293873199027	0.32	0.207	1.63108599860177e-82	"S4"	"EPG5"
5.52164793652363e-87	0.293668425869136	0.749	0.603	2.02097836124701e-82	"S4"	"PTS"
1.18528230261483e-86	0.323748611140715	0.641	0.491	4.33825175580053e-82	"S4"	"RP9"
1.40032771146964e-86	0.487485585819504	0.281	0.176	5.12533945675004e-82	"S4"	"TGDS"
1.40613364493523e-86	0.416043398822559	0.408	0.281	5.14658975382742e-82	"S4"	"XPO6"
2.73896402778722e-86	0.304286290768992	0.691	0.545	1.0024882238104e-81	"S4"	"ORMDL2"
2.75503257341028e-86	0.387536711212178	0.46	0.325	1.0083694721939e-81	"S4"	"NME6"
4.93506479194531e-86	0.370353117651347	0.547	0.407	1.8062830644999e-81	"S4"	"TMEM237"
5.06204867440161e-86	0.312297363706822	0.67	0.517	1.85276043531773e-81	"S4"	"PSMG3"
6.95659927419865e-86	0.327698822643855	0.504	0.362	2.54618490034945e-81	"S4"	"APCDD1L-DT"
7.88900294156682e-86	0.286135194936136	0.768	0.626	2.88745396664287e-81	"S4"	"SZRD1"
1.03299782615142e-85	0.287496899884363	0.703	0.554	3.78087534349681e-81	"S4"	"CENPX"
1.45831723742407e-85	0.339841824546173	0.572	0.425	5.33758692069585e-81	"S4"	"NPLOC4"
1.9984449914964e-85	0.443850235989808	0.353	0.236	7.31450851337598e-81	"S4"	"CHSY1"
2.05991351900777e-85	0.416265977670884	0.404	0.278	7.53948947092035e-81	"S4"	"RUSC2"
2.20720763692237e-85	0.364111883659682	0.462	0.325	8.07860067189956e-81	"S4"	"SIX1"
4.523563673064e-85	0.293998307192302	0.751	0.602	1.65566953997815e-80	"S4"	"BRD7"
4.61581892499787e-85	0.554427106471553	0.447	0.323	1.68943588473847e-80	"S4"	"AK5"
1.88045589868275e-84	0.383607317023958	0.507	0.373	6.88265663476874e-80	"S4"	"MAFF"
2.24021660807523e-84	0.414531225590156	0.318	0.207	8.19941680721616e-80	"S4"	"CTH"
3.95116462282391e-84	0.306665893357528	0.659	0.508	1.44616576359978e-79	"S4"	"HSPH1"
4.43302838350944e-84	0.275738437695009	0.948	0.873	1.62253271864829e-79	"S4"	"C15orf61"
8.64137644688455e-84	0.407070363799225	0.316	0.204	3.16283019332421e-79	"S4"	"FMNL3"
8.65053947251571e-84	0.377104927430552	0.764	0.642	3.16618395233548e-79	"S4"	"PAPPA"
1.32934519008869e-83	0.319485249712236	0.615	0.47	4.86553633024361e-79	"S4"	"UBE2G2"
5.10735202355602e-83	0.30522027796016	0.518	0.373	1.86934191414174e-78	"S4"	"GTF2IRD2B"
7.29065584142771e-83	0.267971616518466	0.815	0.681	2.66845294452096e-78	"S4"	"DDRGK1"
1.45808631955848e-82	0.449030935194443	0.288	0.183	5.33674173821601e-78	"S4"	"CDR2L"
1.47344750387327e-82	0.4375078621422	0.337	0.222	5.39296520892654e-78	"S4"	"FGFRL1"
1.50195766924817e-82	0.275211607582583	0.707	0.556	5.49731526521524e-78	"S4"	"MSC-AS1"
2.00523894895582e-82	0.462182808208154	0.282	0.18	7.33937507707319e-78	"S4"	"NEDD9"
2.41623080176007e-82	0.272065649712892	0.803	0.662	8.84364635752203e-78	"S4"	"TBRG1"
2.7912779219854e-82	0.404878484232214	0.381	0.26	1.02163563222587e-77	"S4"	"HACD2"
2.97927381077786e-82	0.313274619160738	0.627	0.481	1.0904440074828e-77	"S4"	"CCSER2"
4.45254811974648e-82	0.368438775932378	0.479	0.343	1.62967713730841e-77	"S4"	"KLF13"
5.53345575202081e-82	0.276004372791601	0.554	0.406	2.02530013979714e-77	"S4"	"KCNMA1"
7.66294875707488e-82	0.354287231339292	0.512	0.373	2.80471587457698e-77	"S4"	"FXN"
7.80651760731754e-82	0.264465390611516	0.705	0.553	2.85726350945429e-77	"S4"	"SDF2L1"
8.50698760145418e-82	0.300347221010426	0.65	0.501	3.11364253200824e-77	"S4"	"RUVBL1"
9.2452769175231e-82	0.32765026978103	0.489	0.35	3.38386380458263e-77	"S4"	"GALNT10"
1.36444774892764e-81	0.292307424623818	0.688	0.543	4.99401520585005e-77	"S4"	"TRAM2"
1.74316730269134e-81	0.250623416758664	0.922	0.839	6.38016664458059e-77	"S4"	"MYOF"
4.37213226194126e-81	0.334158721070906	0.5	0.362	1.60024412919312e-76	"S4"	"ZFHX3"
1.22922334490894e-80	0.368665136702514	0.473	0.341	4.49908036470121e-76	"S4"	"PDF"
1.42599608400919e-80	0.341462295501655	0.525	0.385	5.21928826708202e-76	"S4"	"NFIA"
1.70920983687917e-80	0.363129032194054	0.455	0.323	6.25587892396144e-76	"S4"	"FBXO25"
2.12948336911951e-80	0.326802116639032	0.622	0.475	7.79412207931432e-76	"S4"	"ITPRIPL2"
2.27793864806925e-80	0.383248846905403	0.42	0.293	8.33748324579825e-76	"S4"	"STEAP3"
2.52078195205716e-80	0.343248752130559	0.545	0.403	9.2263140227244e-76	"S4"	"TUG1"
2.64792200153798e-80	0.316960742086851	0.612	0.47	9.69165931782916e-76	"S4"	"EXOSC8"
3.67069137775269e-80	0.482547479671471	0.622	0.492	1.34350975117126e-75	"S4"	"SMYD3"
3.73875914379575e-80	0.284401218708123	0.598	0.449	1.36842323422068e-75	"S4"	"FADD"
4.25153279779951e-80	0.336380858847593	0.632	0.486	1.5561035193226e-75	"S4"	"WBP4"
4.60659234759099e-80	0.432783750853003	0.343	0.23	1.68605886514178e-75	"S4"	"TRMT6"
7.47873052731915e-80	0.278911200528774	0.744	0.596	2.73729016030408e-75	"S4"	"FAM207A"
8.46865785839057e-80	0.279481054930087	0.695	0.542	3.09961346274953e-75	"S4"	"HSPBP1"
1.01591840605193e-79	0.264023466636331	0.781	0.643	3.71836295799068e-75	"S4"	"UBE2J1"
1.15146225504002e-79	0.263541434102086	0.8	0.672	4.21446699967196e-75	"S4"	"KLHDC3"
1.49304017149739e-79	0.334616994764382	0.531	0.392	5.46467633169758e-75	"S4"	"ENTR1"
1.51471010528475e-79	0.258796549874492	0.771	0.628	5.54399045635271e-75	"S4"	"PTGES2"
2.14296698449215e-79	0.304667603425678	0.662	0.519	7.84347345993971e-75	"S4"	"TAOK3"
5.86029634979815e-79	0.399242575672623	0.336	0.223	2.14492706698962e-74	"S4"	"ATP6V0A2"
6.27913626585458e-79	0.340182738072758	0.425	0.297	2.29822666466543e-74	"S4"	"AC093849.2"
8.30977167258542e-79	0.302102000010581	0.636	0.489	3.04145952988299e-74	"S4"	"IRAK1"
9.61689926099797e-79	0.283382207941401	0.666	0.518	3.51988129851787e-74	"S4"	"ZSWIM7"
1.20360103628932e-78	0.308163768679379	0.617	0.471	4.40530015292254e-74	"S4"	"TCTEX1D2"
1.40485926755965e-78	0.257873044242622	0.774	0.637	5.14192540519508e-74	"S4"	"TIMM50"
1.8073775262817e-78	0.303928599443939	0.628	0.488	6.61518248394365e-74	"S4"	"WSB2"
2.24306908619281e-78	0.299749092942177	0.642	0.493	8.20985716237432e-74	"S4"	"NDUFAF4"
2.71881533334385e-78	0.258622247259084	0.826	0.707	9.95113600157182e-74	"S4"	"HRAS"
2.77746964137454e-78	0.265935176431691	0.822	0.716	1.0165816634395e-73	"S4"	"LMO7"
2.88885827532596e-78	0.314972362618555	0.638	0.501	1.05735101735205e-73	"S4"	"BST1"
3.72105037102283e-78	0.318839387173176	0.538	0.398	1.36194164629806e-73	"S4"	"ERBIN"
4.541441338889e-78	0.319220148907696	0.606	0.465	1.66221294444676e-73	"S4"	"ABHD4"
5.27780017850056e-78	0.301411772275057	0.595	0.451	1.93172764333299e-73	"S4"	"ASB1"
5.69285098530255e-78	0.308684015260801	0.581	0.437	2.08364038913059e-73	"S4"	"PDCL3"
6.54969667839668e-78	0.43996788098638	0.441	0.324	2.39725448125997e-73	"S4"	"PAX8-AS1"
1.64244501954792e-77	0.49347745069041	0.268	0.17	6.01151301604736e-73	"S4"	"HIPK1"
1.89440636598479e-77	0.355570845366748	0.473	0.341	6.93371674014092e-73	"S4"	"ATXN1"
2.54455674112332e-77	0.257110983073953	0.775	0.647	9.31333212818545e-73	"S4"	"PICALM"
2.80521953495442e-77	0.327339519651744	0.491	0.356	1.02673840198867e-72	"S4"	"AJM1"
3.8259450674041e-77	0.29105522615844	0.699	0.551	1.40033415412058e-72	"S4"	"ZCCHC17"
7.33617596734615e-77	0.331534413632856	0.458	0.327	2.68511376580837e-72	"S4"	"SNHG15"
9.00824352305293e-77	0.339528332665415	0.442	0.313	3.2971072118726e-72	"S4"	"CD58"
1.57307826943064e-76	0.344380181277595	0.484	0.351	5.75762377394307e-72	"S4"	"ABCB8"
1.90809836277457e-76	0.338823127438226	0.535	0.401	6.98383081759119e-72	"S4"	"SLC38A5"
3.14069018294889e-76	0.427794610677248	0.344	0.232	1.14952401386112e-71	"S4"	"ASNSD1"
4.69887577039723e-76	0.348795874924744	0.519	0.383	1.71983552072309e-71	"S4"	"C12orf65"
6.81815979901648e-76	0.421272550800174	0.307	0.201	2.49551466803802e-71	"S4"	"MPV17L2"
7.55898092056235e-76	0.263271120200188	0.798	0.66	2.76666260673502e-71	"S4"	"DHX29"
2.89457932870507e-75	0.487984709042367	0.299	0.198	1.05944498009934e-70	"S4"	"AJUBA"
3.09153952013418e-75	0.304898906817435	0.507	0.37	1.13153437976431e-70	"S4"	"MFSD12"
3.86737256755807e-75	0.311323135848421	0.586	0.451	1.41549703345193e-70	"S4"	"ETS1"
1.02602986945043e-74	0.276386455121459	0.703	0.568	3.75537192517552e-70	"S4"	"PARVB"
1.18585198650029e-74	0.412357382349707	0.33	0.221	4.34033685578972e-70	"S4"	"LOXL1-AS1"
1.22873207672374e-74	0.251867893265081	0.757	0.621	4.49728227401656e-70	"S4"	"RRAS2"
1.50010305047164e-74	0.423480525069974	0.365	0.253	5.49052717503125e-70	"S4"	"ARHGAP22"
1.72719144150106e-74	0.473125837846873	0.29	0.19	6.32169339503803e-70	"S4"	"KIAA1549L"
2.12403497462756e-74	0.459440150321368	0.275	0.177	7.77418041063432e-70	"S4"	"KLF16"
2.15364299969414e-74	0.372164834189713	0.452	0.325	7.88254874318052e-70	"S4"	"ATP8B2"
2.89556224618582e-74	0.44197242124054	0.323	0.217	1.05980473772647e-69	"S4"	"FOXK2"
3.58384440169103e-74	0.406810946827008	0.402	0.286	1.31172288946293e-69	"S4"	"ATP8B1"
1.07753797591647e-73	0.26890512097308	0.705	0.571	3.94389674565185e-69	"S4"	"MIR22HG"
1.47046634606689e-73	0.431480616329861	0.305	0.202	5.38205387323941e-69	"S4"	"EEF1AKMT4"
2.53240356968926e-73	0.33908760458642	0.499	0.37	9.26885030541966e-69	"S4"	"KLF7"
6.38241052984084e-73	0.266134900412188	0.741	0.601	2.33602607802705e-68	"S4"	"SRGAP1"
1.07984990778365e-72	0.264153558018939	0.672	0.526	3.95235864747895e-68	"S4"	"PITPNA"
1.36929258701252e-72	0.331137799916495	0.661	0.534	5.01174779772452e-68	"S4"	"FILIP1L"
1.93292790758204e-72	0.453096671877668	0.295	0.195	7.07470943454103e-68	"S4"	"CPNE8"
2.00991592927875e-72	0.306499007781812	0.559	0.418	7.35649329275314e-68	"S4"	"NDST1"
2.45879989167807e-72	0.429483677200865	0.949	0.927	8.99945348353091e-68	"S4"	"CITED2"
2.66542162297211e-72	0.328497488131746	0.469	0.337	9.75570968224021e-68	"S4"	"ESRRA"
4.70241275407619e-72	0.351199967484163	0.492	0.363	1.72113009211943e-67	"S4"	"SMG6"
4.96693098716481e-72	0.296586823770901	0.606	0.467	1.81794641061219e-67	"S4"	"UGGT2"
5.15448941478274e-72	0.320791817573094	0.481	0.35	1.88659467070463e-67	"S4"	"CHMP6"
7.9317758828407e-72	0.395708782429806	0.35	0.24	2.90310929087853e-67	"S4"	"SLC9A1"
1.22937893462572e-71	0.252523327194749	0.74	0.609	4.49964983862359e-67	"S4"	"NOP58"
1.24200326152779e-71	0.365832362913181	0.436	0.312	4.54585613751785e-67	"S4"	"DICER1"
3.60824089424317e-71	0.273551229317707	0.68	0.535	1.32065224970194e-66	"S4"	"ZNRD1"
4.95272836338432e-71	0.310250426010011	0.555	0.417	1.81274810828229e-66	"S4"	"KNOP1"
5.36932632661305e-71	0.291231068952089	0.693	0.554	1.96522712880364e-66	"S4"	"ANKLE2"
7.55012635886644e-71	0.367648911042239	0.386	0.272	2.7634217486087e-66	"S4"	"ZNF880"
8.0787421572617e-71	0.331190039584735	0.473	0.344	2.95690041697935e-66	"S4"	"DDX39A"
1.04148404576104e-70	0.265862542153274	0.829	0.736	3.81193575588997e-66	"S4"	"NEXN"
1.51246871867235e-70	0.355539886572261	0.404	0.286	5.53578675721267e-66	"S4"	"ARL13B"
1.64681465182703e-70	0.294518579266588	0.575	0.435	6.02750630715213e-66	"S4"	"TIMM44"
2.24928526547688e-70	0.292391715802393	0.479	0.347	8.23260900017192e-66	"S4"	"XXYLT1"
3.24790797343033e-70	0.282363319286282	0.598	0.461	1.18876679735523e-65	"S4"	"WWC2"
3.34948984463986e-70	0.432852603568274	0.288	0.19	1.22594677803663e-65	"S4"	"AASS"
3.97332095455651e-70	0.253213258359455	0.735	0.594	1.45427520257723e-65	"S4"	"ITPA"
4.57195757956024e-70	0.379363452193314	0.417	0.298	1.67338219369485e-65	"S4"	"TWISTNB"
4.9196819818906e-70	0.410613689741398	0.342	0.235	1.80065280219178e-65	"S4"	"PIK3CA"
6.27692347076377e-70	0.267993267620997	0.564	0.427	2.29741675953425e-65	"S4"	"GOT1"
6.70136541972483e-70	0.297945780739967	0.468	0.338	2.45276675727349e-65	"S4"	"CWC25"
7.33069264611086e-70	0.416056610633415	0.314	0.211	2.68310681540304e-65	"S4"	"RYBP"
8.44128458516247e-70	0.303879013559208	0.487	0.358	3.08959457101532e-65	"S4"	"GMPPB"
9.30438824055276e-70	0.305670912408302	0.538	0.405	3.40549913992471e-65	"S4"	"GNA12"
1.0833321584597e-69	0.447356798747029	0.304	0.205	3.96510403317835e-65	"S4"	"PRSS3"
1.14400189689817e-69	0.38260159463903	0.402	0.287	4.18716134283698e-65	"S4"	"EXOSC6"
1.55233588178479e-69	0.35720521123162	0.6	0.481	5.6817045609205e-65	"S4"	"JADE1"
2.18624285848174e-69	0.268761275239157	0.615	0.474	8.00186748632902e-65	"S4"	"VKORC1L1"
3.11504068229269e-69	0.319724346213885	0.512	0.381	1.14013604012595e-64	"S4"	"MLLT1"
3.32970916266656e-69	0.386556633799075	0.363	0.253	1.21870685062759e-64	"S4"	"CDK11A"
3.56176725951015e-69	0.349885771678881	0.39	0.274	1.30364243465331e-64	"S4"	"SLC35E2B"
4.5171879634708e-69	0.405985073088877	0.315	0.212	1.65333596650995e-64	"S4"	"MAP3K3"
7.88373854428754e-69	0.320705691535532	0.459	0.333	2.88552714459468e-64	"S4"	"SMCO4"
9.79106418625716e-69	0.440831192137698	0.288	0.191	3.58362740281198e-64	"S4"	"PPP1R9B"
1.04027432055448e-68	0.2799375350128	0.592	0.452	3.80750804066145e-64	"S4"	"ODF2L"
1.67518219934693e-68	0.292692950890141	0.502	0.369	6.13133436782971e-64	"S4"	"CARD9"
2.19695821204935e-68	0.251007172207081	0.701	0.569	8.04108675192181e-64	"S4"	"GNB4"
2.53375856855659e-68	0.275886235808288	0.603	0.464	9.27380973677397e-64	"S4"	"NCLN"
4.70537665477587e-68	0.377357717826739	0.31	0.208	1.72221490941451e-63	"S4"	"MCM6"
5.12666010522657e-68	0.272584302764941	0.664	0.534	1.87640886511398e-63	"S4"	"IFRD2"
6.9195057868685e-68	0.286729201223968	0.697	0.558	2.53260831305174e-63	"S4"	"SLC25A36"
1.42878177052184e-67	0.284796909069798	0.54	0.404	5.22948415828697e-63	"S4"	"ZMYND19"
1.55643546873403e-67	0.281798556326729	0.549	0.412	5.69670945911343e-63	"S4"	"CCDC167"
1.7735012291601e-67	0.278811077818568	0.343	0.236	6.49119184884889e-63	"S4"	"SNTB1"
1.97932432347605e-67	0.259759058029114	0.675	0.536	7.24452495635469e-63	"S4"	"MNAT1"
2.98993384624421e-67	0.340190089012491	0.377	0.265	1.09434568706384e-62	"S4"	"RASAL2"
4.2952859221389e-67	0.352407841880563	0.377	0.265	1.57211760036206e-62	"S4"	"TMEM181"
5.1813708026955e-67	0.255913383342256	0.69	0.551	1.89643352749458e-62	"S4"	"SDAD1"
1.16762910482744e-66	0.337800955030266	0.369	0.258	4.27363928657892e-62	"S4"	"GRB10"
1.27323139522835e-66	0.33949126304152	0.419	0.303	4.66015422967529e-62	"S4"	"CCDC122"
1.37190923207131e-66	0.304604684457348	0.46	0.335	5.02132498030419e-62	"S4"	"WDFY2"
2.03207310422383e-66	0.331129050486851	0.46	0.338	7.43759076876964e-62	"S4"	"RCC2"
2.91348012939545e-66	0.342732528386101	0.402	0.288	1.06636286216003e-61	"S4"	"MEAK7"
3.40085398365615e-66	0.275088571666198	0.586	0.449	1.24474656655799e-61	"S4"	"FDX2"
4.91306749117476e-66	0.256349088935842	0.614	0.469	1.79823183244487e-61	"S4"	"SPATC1L"
5.27530128948632e-66	0.25064531944984	0.76	0.651	1.93081302496489e-61	"S4"	"VASP"
5.68875479030327e-66	0.2804725709373	0.685	0.568	2.0821411407989e-61	"S4"	"TUBB2A"
7.26903466005248e-66	0.495923147322872	0.612	0.508	2.66053937592581e-61	"S4"	"PI16"
1.78710629011573e-65	0.359750615821821	0.33	0.225	6.54098773245257e-61	"S4"	"U2AF1L4"
1.82181222354941e-65	0.294454507820287	0.563	0.429	6.6680149194132e-61	"S4"	"HCG18"
1.90257625818157e-65	0.416510506947581	0.273	0.18	6.96361936257038e-61	"S4"	"TENT4B"
2.00247431065349e-65	0.375375030286226	0.34	0.236	7.32925622442285e-61	"S4"	"AIFM2"
2.03823278005656e-65	0.252682390355611	0.729	0.586	7.46013579828503e-61	"S4"	"TSSC4"
2.58211955292214e-65	0.402806646506591	0.521	0.4	9.45081577565032e-61	"S4"	"ANKH"
3.57422601555356e-65	0.323860157177286	0.481	0.354	1.30820246395276e-60	"S4"	"C1orf35"
3.78316610057374e-65	0.338828052525657	0.392	0.279	1.38467662447099e-60	"S4"	"RBMS2"
4.04042675245544e-65	0.46022092088864	0.255	0.167	1.47883659566622e-60	"S4"	"LINC02762"
4.32171065264871e-65	0.261834514301155	0.53	0.4	1.58178931597595e-60	"S4"	"FBLIM1"
5.06655692106598e-65	0.352329237066297	0.33	0.228	1.85441049867936e-60	"S4"	"MAK16"
7.19400225923294e-65	0.312883719442578	0.427	0.31	2.63307676690185e-60	"S4"	"TSC22D3"
7.37061640423235e-65	0.432246165212498	0.263	0.172	2.69771931011308e-60	"S4"	"KIAA0355"
7.61831911667695e-65	0.45196943996104	0.282	0.191	2.78838097989493e-60	"S4"	"SPECC1"
8.12458081746574e-65	0.286111406537724	0.639	0.508	2.97367782500064e-60	"S4"	"MAP3K2"
1.15654086020341e-64	0.366498662309319	0.34	0.236	4.23305520243049e-60	"S4"	"PUS1"
1.22040400925346e-64	0.35406226829264	0.371	0.261	4.46680071426858e-60	"S4"	"KIF1B"
1.35140444601783e-64	0.260965711035391	0.65	0.516	4.94627541286985e-60	"S4"	"NKAP"
1.41843084055697e-64	0.314800116794498	0.641	0.515	5.19159871952256e-60	"S4"	"C19orf48"
1.58233520372181e-64	0.336433600511575	0.411	0.296	5.79150507914219e-60	"S4"	"ATRN"
2.14113646914644e-64	0.277054160430702	0.648	0.521	7.8367735907229e-60	"S4"	"ASL"
2.85666953042298e-64	0.286305334658102	0.529	0.395	1.04556961483012e-59	"S4"	"EXOSC5"
2.89488831989185e-64	0.282525065299962	0.492	0.365	1.05955807396362e-59	"S4"	"PATL1"
3.14563277993262e-64	0.436992150633446	0.271	0.18	1.15133305378314e-59	"S4"	"ARHGAP23"
4.30260121466051e-64	0.305736364636361	0.487	0.363	1.57479507057789e-59	"S4"	"TBC1D7"
4.50332331503638e-64	0.265375452606102	0.641	0.51	1.64826136653646e-59	"S4"	"DKC1"
5.70307739810614e-64	0.25576314859234	0.687	0.549	2.08738335848083e-59	"S4"	"NKTR"
8.34515932680174e-64	0.353990925017724	0.359	0.252	3.0544117652027e-59	"S4"	"MFSD3"
8.59819506078493e-64	0.29049809046754	0.499	0.371	3.14702537419789e-59	"S4"	"PPP1R35"
9.07028124494378e-64	0.256337195316664	0.651	0.516	3.31981363846187e-59	"S4"	"METTL22"
1.11651413054758e-63	0.390514133600385	0.298	0.202	4.0865533692172e-59	"S4"	"MLH3"
2.0059656350604e-63	0.299122893660277	0.51	0.381	7.34203482088456e-59	"S4"	"PPP2R5C"
2.1811646333134e-63	0.400067348839451	0.275	0.182	7.98328067439039e-59	"S4"	"KLHL18"
3.50392427423607e-63	0.257851301004446	0.597	0.46	1.28247132361314e-58	"S4"	"UBALD1"
3.63853458886354e-63	0.319319051984931	0.432	0.314	1.33174004486994e-58	"S4"	"PPM1A"
4.61832512901169e-63	0.326658122622126	0.461	0.34	1.69035318046957e-58	"S4"	"DCTN5"
5.5014902553672e-63	0.446264670951881	0.265	0.177	2.01360044836695e-58	"S4"	"ZRANB1"
5.90593525388042e-63	0.290969380357637	0.487	0.365	2.16163136227277e-58	"S4"	"SYNJ2"
1.26817501354933e-62	0.289650943022839	0.45	0.333	4.64164736709192e-58	"S4"	"ARHGAP18"
1.32839939015385e-62	0.339072172166836	0.36	0.254	4.8620746079021e-58	"S4"	"TTL"
1.55892712174982e-62	0.30439746033055	0.415	0.297	5.70582915831653e-58	"S4"	"MPP6"
2.11880239637885e-62	0.356977264709177	0.388	0.281	7.75502865098624e-58	"S4"	"PMEPA1"
2.97439045709144e-62	0.309734000047935	0.395	0.282	1.08865665120004e-57	"S4"	"XPNPEP3"
3.55178283089784e-62	0.259859310884877	0.62	0.481	1.29998803393692e-57	"S4"	"PLEKHA3"
4.26365753079361e-62	0.312047350260728	0.362	0.253	1.56054129284577e-57	"S4"	"MRS2"
5.3343762212281e-62	0.265862480917567	0.611	0.473	1.9524350407317e-57	"S4"	"TRMT10C"
5.84819546440775e-62	0.402475445183494	0.276	0.185	2.14049802192788e-57	"S4"	"AP4E1"
6.47076901076723e-62	0.387753135677403	0.36	0.256	2.36836616563091e-57	"S4"	"ULK1"
8.14744003680345e-62	0.280528071049954	0.448	0.326	2.98204452787043e-57	"S4"	"HOXA10"
1.17427280949613e-61	0.293184966813516	0.452	0.331	4.29795591003677e-57	"S4"	"NAT9"
1.89737823865377e-61	0.335620614693123	0.403	0.292	6.94459409129665e-57	"S4"	"AC012146.1"
2.73953972802057e-61	0.292526007848576	0.499	0.373	1.00269893585281e-56	"S4"	"CTDSPL"
3.35826518601648e-61	0.278108326744279	0.555	0.428	1.22915864073389e-56	"S4"	"CMSS1"
4.36844154390036e-61	0.461074620055315	0.36	0.268	1.59889328948297e-56	"S4"	"CHI3L1"
5.68545541084427e-61	0.395753066660257	0.262	0.173	2.08093353492311e-56	"S4"	"SETD4"
6.17839944356888e-61	0.261184160250047	0.54	0.409	2.26135598034065e-56	"S4"	"RNPEPL1"
6.1887493946888e-61	0.299993444475341	0.59	0.46	2.26514416595005e-56	"S4"	"IRF2BP2"
7.85297512692147e-61	0.286647392602534	0.371	0.261	2.87426742620453e-56	"S4"	"CYTH3"
8.73503719475501e-61	0.286703354355624	0.539	0.411	3.19711096365228e-56	"S4"	"KIN"
1.59779060485384e-60	0.308381219304993	0.463	0.348	5.84807339282555e-56	"S4"	"WNT5A"
1.84755338079132e-60	0.270695691920734	0.529	0.4	6.76223012903431e-56	"S4"	"HAGH"
2.3219759772575e-60	0.278290445947875	0.551	0.421	8.49866427436017e-56	"S4"	"KPNA6"
2.61809814415687e-60	0.281919465753619	0.567	0.44	9.58250101742856e-56	"S4"	"BOP1"
2.65140681009423e-60	0.264002207277296	0.515	0.388	9.70441406562587e-56	"S4"	"SMARCD1"
4.39477170145103e-60	0.295467647318651	0.366	0.26	1.60853039044809e-55	"S4"	"PTER"
5.12920244761763e-60	0.293110912670956	0.473	0.351	1.87733938785253e-55	"S4"	"WDR26"
7.14337695648201e-60	0.288896940609483	0.412	0.298	2.61454739984198e-55	"S4"	"WBP1L"
1.22033250088512e-59	0.349188517445077	0.293	0.199	4.46653898648964e-55	"S4"	"AMMECR1"
1.50533652391591e-59	0.30971378405822	0.405	0.295	5.50968221118462e-55	"S4"	"GATAD2A"
1.65697361228867e-59	0.340135412637279	0.338	0.237	6.06468911833776e-55	"S4"	"LARP1B"
1.80899233177208e-59	0.283654639447685	0.545	0.422	6.62109283351897e-55	"S4"	"DNAJB9"
2.4489675136638e-59	0.266530450662734	0.505	0.381	8.96346599676089e-55	"S4"	"MIA2"
3.1125544124187e-59	0.325082627760474	0.357	0.253	1.13922604048937e-54	"S4"	"CROCC"
3.1302537020451e-59	0.285859620092591	0.481	0.361	1.14570415748553e-54	"S4"	"TP53"
4.37686222032118e-59	0.367142660042066	0.277	0.186	1.60197534125975e-54	"S4"	"TMEM268"
5.4032574973788e-59	0.257372716286408	0.529	0.4	1.97764627661562e-54	"S4"	"WDR60"
7.5379656250285e-59	0.253362461369599	0.674	0.542	2.75897079841668e-54	"S4"	"MED19"
1.19037517068208e-58	0.253805467710454	0.456	0.335	4.35689216221348e-54	"S4"	"C16orf72"
1.29533150733986e-58	0.287555371067486	0.637	0.517	4.74104285001461e-54	"S4"	"SNAPC1"
2.74314046062098e-58	0.289960676415941	0.575	0.448	1.00401683999188e-53	"S4"	"BBC3"
3.84338531016321e-58	0.276505232454883	0.502	0.38	1.40671745737284e-53	"S4"	"YAF2"
4.26554947385574e-58	0.29219643838848	0.411	0.299	1.56123376292594e-53	"S4"	"GATAD2B"
5.079733281154e-58	0.3583475216016	0.268	0.18	1.85923317823517e-53	"S4"	"MYO19"
5.17467690084583e-58	0.295329441440631	0.486	0.363	1.89398349247858e-53	"S4"	"SNHG1"
8.23961188737845e-58	0.271125431290975	0.572	0.446	3.01578034689939e-53	"S4"	"LINC00662"
1.0048403410921e-57	0.346778408256518	0.333	0.235	3.67781613243118e-53	"S4"	"LRRC8D"
1.18130584753893e-57	0.252618588001791	0.583	0.453	4.32369753257723e-53	"S4"	"USP1"
1.29213176084933e-57	0.340830865082786	0.349	0.248	4.72933145788464e-53	"S4"	"MEGF8"
1.78352780138376e-57	0.297570367324158	0.543	0.423	6.52789010584471e-53	"S4"	"ATN1"
2.81312969519686e-57	0.265563859797759	0.564	0.436	1.029633599739e-52	"S4"	"SLAIN2"
4.87812169548292e-57	0.254888037512413	0.621	0.488	1.7854413217637e-52	"S4"	"ZNF24"
5.38235573386032e-57	0.373899627227515	0.258	0.173	1.96999602215022e-52	"S4"	"KCTD5"
1.23010975752021e-56	0.282825444142174	0.397	0.288	4.50232472349971e-52	"S4"	"LIN7C"
1.68808341160041e-56	0.274620141531551	0.454	0.335	6.17855409479865e-52	"S4"	"KLHL42"
1.97760582797354e-56	0.379084484352187	0.255	0.169	7.23823509096597e-52	"S4"	"ME3"
2.46906784772129e-56	0.260644699870984	0.546	0.416	9.0370352294447e-52	"S4"	"BRMS1"
3.32071638725973e-56	0.255359437912553	0.568	0.439	1.21541540490093e-51	"S4"	"MITD1"
4.2839156789882e-56	0.35124674633141	0.282	0.193	1.56795597766647e-51	"S4"	"UBIAD1"
1.14688258567349e-55	0.273652605141893	0.491	0.371	4.19770495182354e-51	"S4"	"PTPMT1"
1.72551561098203e-55	0.334984737447873	0.362	0.264	6.31555968775533e-51	"S4"	"FBXO32"
1.90678725968573e-55	0.357860934721418	0.339	0.243	6.97903204917573e-51	"S4"	"SLC7A6"
2.30982633789719e-55	0.289160611340868	0.401	0.293	8.45419537933751e-51	"S4"	"SLC6A9"
2.41089559029374e-55	0.26307683300016	0.41	0.299	8.82411895003411e-51	"S4"	"WDR12"
2.68111529292489e-55	0.29570535691428	0.375	0.27	9.81315008363439e-51	"S4"	"MSRA"
4.16907642648453e-55	0.395019846835119	0.254	0.172	1.5259236628576e-50	"S4"	"SH2B3"
4.74004401943989e-55	0.311622942123811	0.374	0.271	1.73490351155519e-50	"S4"	"TULP4"
7.11621984617069e-55	0.291899512794252	0.337	0.238	2.60460762589693e-50	"S4"	"CTPS1"
9.71536044610654e-55	0.336454879412511	0.274	0.187	3.55591907687945e-50	"S4"	"COMTD1"
9.77535520579271e-55	0.27692669181653	0.373	0.268	3.57787775887219e-50	"S4"	"SEPHS1"
1.14294862032263e-54	0.307198980194008	0.352	0.252	4.18330624524286e-50	"S4"	"MTG2"
1.19351276226363e-54	0.251918673695279	0.493	0.374	4.3683760611611e-50	"S4"	"TMA16"
2.60693854490883e-54	0.260554912420385	0.52	0.399	9.54165576822079e-50	"S4"	"HS3ST3A1"
5.17074224154066e-54	0.336187594497078	0.32	0.226	1.8925433678263e-49	"S4"	"PPARD"
7.1878916151487e-54	0.269726828495415	0.572	0.448	2.63084021006057e-49	"S4"	"RNF145"
1.42958544618268e-53	0.25476074826709	0.483	0.364	5.23242569157324e-49	"S4"	"CTU1"
1.59148420718573e-53	0.27234601426119	0.462	0.345	5.82499134672049e-49	"S4"	"ORAI1"
3.4807681425252e-53	0.313471634419357	0.324	0.229	1.27399594784565e-48	"S4"	"NCK2"
5.64825147314154e-53	0.310793702446815	0.381	0.279	2.06731652168454e-48	"S4"	"MEIS3"
6.76973924134909e-53	0.301096038214286	0.342	0.244	2.47779225972618e-48	"S4"	"UBXN8"
7.1718996343071e-53	0.312255821515619	0.322	0.227	2.62498698515274e-48	"S4"	"RAB27A"
7.81824030965555e-53	0.277298357539887	0.451	0.34	2.86155413573703e-48	"S4"	"PLAAT3"
1.05733646216792e-52	0.280116632950479	0.441	0.33	3.8699571851808e-48	"S4"	"POLR3K"
1.14096028145341e-52	0.381231804514928	0.25	0.17	4.17602872614762e-48	"S4"	"ING3"
1.5851953806245e-52	0.317295765988936	0.277	0.19	5.80197361262374e-48	"S4"	"SMURF1"
2.39653425067665e-52	0.363501265385286	0.267	0.184	8.77155501090159e-48	"S4"	"SCN8A"
4.88412192547397e-52	0.351247796676642	0.271	0.186	1.78763746594273e-47	"S4"	"PANK3"
5.2925193384903e-52	0.268829236501056	0.43	0.32	1.93711500308084e-47	"S4"	"PUM2"
6.64336873228768e-52	0.262194973198568	0.485	0.37	2.43153938970461e-47	"S4"	"CSGALNACT2"
7.18671739073762e-52	0.343995074258463	0.277	0.192	2.63041043218388e-47	"S4"	"ANAPC1"
7.64570877006695e-52	0.383841797438747	0.252	0.172	2.7984058669322e-47	"S4"	"TANGO6"
1.09786235765514e-51	0.29196817874678	0.336	0.24	4.01828601525357e-47	"S4"	"R3HDM2"
1.12954827902459e-51	0.324977925096914	0.323	0.231	4.1342596560579e-47	"S4"	"HIVEP1"
1.34646926938993e-51	0.27575730092352	0.364	0.263	4.92821217289409e-47	"S4"	"ENTPD4"
1.51839421952453e-51	0.256305517302802	0.49	0.375	5.55747468288174e-47	"S4"	"GCAT"
1.75261205242621e-51	0.294855353132087	0.352	0.254	6.41473537308517e-47	"S4"	"AC008771.1"
2.93395499185146e-51	0.358476330987452	0.257	0.176	1.07385686656755e-46	"S4"	"E2F3"
3.57270134552606e-51	0.281514257421573	0.393	0.29	1.30764441947599e-46	"S4"	"EGFL7"
4.79584440824905e-51	0.340113179161572	0.296	0.208	1.75532701186324e-46	"S4"	"PEX26"
5.25140467105026e-51	0.337468903255552	0.255	0.174	1.9220666236511e-46	"S4"	"MAST2"
5.57091967357269e-51	0.269219457596392	0.401	0.295	2.03901230972434e-46	"S4"	"ATP11B"
5.67855444884065e-51	0.286342499383556	0.427	0.32	2.07840771382017e-46	"S4"	"TBL1X"
8.56075931348798e-51	0.267949473755197	0.359	0.259	3.13332351632974e-46	"S4"	"WDR25"
1.23607374284589e-50	0.273348678710013	0.404	0.298	4.52415350619022e-46	"S4"	"MYO6"
1.48910741523083e-50	0.300184342505407	0.364	0.264	5.45028205048637e-46	"S4"	"ZNF621"
1.67508656519036e-50	0.338799315634186	0.317	0.227	6.13098433725323e-46	"S4"	"ENKD1"
2.95145471594899e-50	0.291206937202534	0.358	0.259	1.08026194058449e-45	"S4"	"RCC1"
4.30614724396656e-50	0.272817367424827	0.396	0.292	1.5760929527642e-45	"S4"	"RC3H1"
5.98716362933829e-50	0.326415430060586	0.284	0.198	2.19136175997411e-45	"S4"	"RETREG3"
9.36914045340602e-50	0.28641631258873	0.378	0.276	3.42919909735114e-45	"S4"	"PPP2R3A"
1.21484672296696e-49	0.273514635497259	0.401	0.298	4.44646049073136e-45	"S4"	"TMEM220"
1.88343737572656e-49	0.29651817512302	0.371	0.273	6.89356913889677e-45	"S4"	"HIPK2"
3.24723039576997e-49	0.339729101273525	0.277	0.193	1.18851879715576e-44	"S4"	"MOB2"
6.74362072435407e-49	0.261352411951751	0.378	0.277	2.46823262132083e-44	"S4"	"ZNF521"
1.38358344396768e-48	0.258980238495659	0.396	0.295	5.06405376326612e-44	"S4"	"CDC25B"
3.72730290901229e-48	0.272290800514185	0.349	0.254	1.36423013772759e-43	"S4"	"CCDC66"
4.0890295848082e-48	0.310714627263827	0.271	0.189	1.49662571833565e-43	"S4"	"PYCR3"
8.00667877434523e-48	0.311390245306356	0.293	0.207	2.9305244981981e-43	"S4"	"DEDD2"
8.0917713538864e-48	0.271424567570676	0.376	0.276	2.96166923323596e-43	"S4"	"TRIM2"
8.81112368413308e-48	0.278790653416498	0.324	0.233	3.22495937962955e-43	"S4"	"DNAJC5"
1.03177568122375e-47	0.302101292125507	0.315	0.225	3.77640217084703e-43	"S4"	"PPP1R12C"
1.51331516906986e-47	0.278224572729651	0.337	0.244	5.5388848503126e-43	"S4"	"PTPN9"
1.92997960299023e-47	0.304785504558254	0.351	0.258	7.06391834490452e-43	"S4"	"MED13"
2.04445033489875e-47	0.293073381309946	0.298	0.211	7.48289267076291e-43	"S4"	"PTPN21"
2.41465706651939e-47	0.301091531488958	0.277	0.194	8.83788632916761e-43	"S4"	"PINX1"
3.37805955994055e-47	0.257935860752956	0.843	0.748	1.23640357953384e-42	"S4"	"PLAUR"
3.80306446287401e-47	0.306297285352004	0.369	0.274	1.39195962405652e-42	"S4"	"SLC16A1-AS1"
5.80301051759969e-47	0.337324137972468	0.264	0.185	2.12395987954666e-42	"S4"	"SLC27A5"
6.51413670094937e-47	0.280941063458117	0.275	0.191	2.38423917391448e-42	"S4"	"ZDHHC21"
1.40223416825376e-46	0.283197094278213	0.328	0.238	5.13231727922558e-42	"S4"	"AC073611.1"
1.93084048665661e-46	0.259492641639992	0.433	0.329	7.06706926521185e-42	"S4"	"KHSRP"
2.64666196890681e-46	0.264813023966772	0.349	0.254	9.68704747239583e-42	"S4"	"WDSUB1"
2.91488494678245e-46	0.310798190520758	0.297	0.212	1.06687703937185e-41	"S4"	"COA7"
3.51746739944645e-46	0.274619151350331	0.312	0.224	1.28742824287139e-41	"S4"	"SNHG11"
8.06605005030732e-46	0.290843508923696	0.283	0.2	2.95225497891298e-41	"S4"	"ANKS6"
8.95972485639417e-46	0.280299255991613	0.291	0.206	3.27934889468883e-41	"S4"	"BAK1"
3.99625359754124e-45	0.299354647080526	0.293	0.21	1.46266877923607e-40	"S4"	"SLC9A7"
4.23568917643591e-45	0.310413976941882	0.33	0.243	1.55030459546731e-40	"S4"	"ERN1"
4.41706038799073e-45	0.266833278616445	0.302	0.216	1.61668827260849e-40	"S4"	"MOB1B"
4.44391061516747e-45	0.260516327854698	0.36	0.266	1.62651572425745e-40	"S4"	"FBXO11"
8.49270344028042e-45	0.288711202581375	0.276	0.195	3.10841438617704e-40	"S4"	"NUP88"
1.4332456891825e-44	0.258013143969288	0.281	0.198	5.24582254697687e-40	"S4"	"ARHGAP31"
1.98484355891598e-43	0.263796910750453	0.314	0.228	7.26472590998837e-39	"S4"	"RNASEH1-AS1"
2.64913934920115e-43	0.258284275743925	0.326	0.238	9.69611493201112e-39	"S4"	"RSBN1"
3.18298895252174e-43	0.25383614874882	0.396	0.299	1.16500578651248e-38	"S4"	"PLEKHA1"
3.3945709789323e-43	0.25037213720779	0.277	0.196	1.24244692399901e-38	"S4"	"SH3BP2"
2.09382150483997e-42	0.254480942999828	0.352	0.261	7.66359608986477e-38	"S4"	"PTAR1"
9.0768522409922e-42	0.265014364505455	0.351	0.262	3.32221868872556e-37	"S4"	"EFNB1"
9.85925728840808e-42	0.315223333981519	0.274	0.197	3.60858676013024e-37	"S4"	"RTL6"
1.21101064654303e-41	0.290728564831274	0.277	0.199	4.43242006741213e-37	"S4"	"DCUN1D3"
3.58553354127371e-41	0.342966637499841	0.262	0.189	1.31234113144159e-36	"S4"	"SNAI1"
5.30279752268853e-41	0.258821670885668	0.318	0.234	1.94087692127923e-36	"S4"	"SERAC1"
6.22443242225711e-41	0.256854593991654	0.307	0.224	2.27820451087033e-36	"S4"	"NFKBIB"
8.08068523389968e-41	0.381060995414811	0.271	0.197	2.95761160245962e-36	"S4"	"GLIS2"
1.02662256319722e-40	0.276458810027967	0.377	0.287	3.75754124355816e-36	"S4"	"MN1"
3.54759312923856e-40	0.336310092644927	0.273	0.198	1.29845456123261e-35	"S4"	"KDM6B"
7.05036543565677e-40	0.288660510925324	0.302	0.222	2.58050425310473e-35	"S4"	"IRX5"
8.24627264551958e-40	0.288976268797957	0.256	0.183	3.01821825098662e-35	"S4"	"CLASP1"
2.08377513986694e-39	0.297662121019532	0.254	0.181	7.62682538942699e-35	"S4"	"TMEM44"
2.34810427250039e-39	0.276014582241726	0.39	0.299	8.59429644777868e-35	"S4"	"RUNX2"
2.91244195200274e-39	0.277061580533943	0.505	0.4	1.06598287885252e-34	"S4"	"CDK5RAP2"
3.79210627751588e-39	0.267247471609279	0.253	0.18	1.38794881863359e-34	"S4"	"LANCL2"
3.87022928905914e-39	0.278952504255371	0.307	0.226	1.41654262208854e-34	"S4"	"UPF3B"
1.00621948078693e-38	0.255375445418695	0.318	0.235	3.68286392162825e-34	"S4"	"MOSMO"
1.11970040627412e-38	0.278795371863344	0.292	0.214	4.0982154570039e-34	"S4"	"ZNF827"
4.27828233070946e-37	0.255842275297528	0.292	0.215	1.56589411586297e-32	"S4"	"SERP2"
1.62156821383189e-36	0.265721231674131	0.418	0.326	5.93510181944608e-32	"S4"	"USP40"
3.72144202500172e-35	0.371047211179519	0.437	0.359	1.36208499557088e-30	"S4"	"HAS2"
1.29288455702361e-34	0.258744691223137	0.328	0.248	4.7320867671621e-30	"S4"	"VWA8"
1.47716417654055e-34	0.259806838097032	0.268	0.198	5.40656860255606e-30	"S4"	"IL1RAP"
5.057586426735e-33	0.273059605629236	0.262	0.194	1.85112720804928e-28	"S4"	"OGFRL1"
7.27472587922183e-33	0.263914027894663	0.259	0.191	2.66262241905398e-28	"S4"	"SRD5A1"
8.54767789759064e-31	0.258586644138411	0.268	0.2	3.12853558729715e-26	"S4"	"LRRC49"
2.10297066462847e-30	0.269833410601492	0.272	0.206	7.69708292960665e-26	"S4"	"GABRE"
8.15338650161444e-30	0.309484764286012	0.769	0.7	2.9842209934559e-25	"S4"	"CCL2"
2.25451018183966e-29	0.279806984243217	0.352	0.28	8.25173271655134e-25	"S4"	"KRT7"
4.17000219487056e-26	0.273431784885818	0.286	0.223	1.52626250334457e-21	"S4"	"CTXN1"
3.7446897843495e-14	0.36697233678506	0.332	0.286	1.37059390796976e-09	"S4"	"MMP23B"
1.00465466094048e-09	0.284453579948189	0.639	0.612	3.67713652450826e-05	"S4"	"UCHL1"
0	2.22156944557094	0.602	0.247	0	"S5"	"SBSN"
0	1.41009380835518	0.608	0.313	0	"S5"	"CPZ"
0	1.34616329167762	0.729	0.45	0	"S5"	"CLEC3B"
0	2.45265480389648	0.382	0.115	0	"S5"	"DMKN"
0	1.6509847754757	0.512	0.249	0	"S5"	"LRIG3"
0	2.55653079826409	0.351	0.091	0	"S5"	"ZIC1"
0	1.79587668016708	0.563	0.303	0	"S5"	"OGN"
0	1.36001697485436	0.58	0.326	0	"S5"	"C3"
0	1.31969299603716	0.778	0.527	0	"S5"	"SNED1"
0	1.55618583268411	0.902	0.655	0	"S5"	"COLEC12"
0	1.1801202544247	0.631	0.395	0	"S5"	"SELENBP1"
0	1.79550864846425	0.51	0.276	0	"S5"	"GPX3"
0	1.12739169597085	0.822	0.589	0	"S5"	"AKR1C3"
0	1.3328748529172	0.751	0.528	0	"S5"	"ALDH1A3"
0	2.66786637425436	0.288	0.068	0	"S5"	"FGL2"
0	0.928388637913914	0.729	0.511	0	"S5"	"GSTM1"
0	1.30365471486305	0.77	0.553	0	"S5"	"ID1"
0	1.53971640541	0.595	0.381	0	"S5"	"CAMK2N1"
0	2.53122637060336	0.294	0.08	0	"S5"	"GALNT15"
0	1.01779074515122	0.8	0.588	0	"S5"	"COL14A1"
0	0.969190470769187	0.629	0.418	0	"S5"	"TFPI"
0	1.55984608512376	0.454	0.243	0	"S5"	"NPR3"
0	0.960402506708835	0.667	0.456	0	"S5"	"TSHZ2"
0	1.23258281834789	0.542	0.332	0	"S5"	"RARRES1"
0	1.96575044137993	0.318	0.109	0	"S5"	"SELENOP"
0	1.13448672736338	0.777	0.57	0	"S5"	"EMX2OS"
0	1.03601146991241	0.751	0.548	0	"S5"	"AKR1C1"
0	0.999029180936753	0.456	0.254	0	"S5"	"PCLAF"
0	1.05156925275981	0.681	0.481	0	"S5"	"POLR2J3"
0	1.1263722724084	0.461	0.263	0	"S5"	"SVIL"
0	1.35677140304312	0.401	0.204	0	"S5"	"FAM118A"
0	1.11889762990832	0.567	0.371	0	"S5"	"LRRN4CL"
0	0.907061502513927	0.642	0.451	0	"S5"	"CFH"
0	1.52721237341248	0.465	0.277	0	"S5"	"ACKR4"
0	1.17501363501594	0.528	0.34	0	"S5"	"GABPB1-AS1"
0	0.699756022914241	0.764	0.577	0	"S5"	"PTGES"
0	0.820721540295032	0.675	0.492	0	"S5"	"LSP1"
0	1.18412688838969	0.729	0.548	0	"S5"	"CCN5"
0	1.13579287458018	0.789	0.609	0	"S5"	"AKAP12"
0	1.10292871807173	0.843	0.664	0	"S5"	"LXN"
0	1.66055372318696	0.303	0.127	0	"S5"	"PLPP2"
0	0.732789464714926	0.705	0.531	0	"S5"	"MEDAG"
0	1.36243025587036	0.382	0.209	0	"S5"	"PCBP3"
0	1.28583967033282	0.823	0.65	0	"S5"	"MASP1"
0	1.23452406365492	0.454	0.282	0	"S5"	"SVEP1"
0	1.07005311685485	0.433	0.263	0	"S5"	"OLFML1"
0	1.19192830493729	0.801	0.633	0	"S5"	"SPON2"
0	1.22429692355524	0.407	0.24	0	"S5"	"CCBE1"
0	0.938903771984025	0.571	0.404	0	"S5"	"SECTM1"
0	0.849667350127301	0.646	0.486	0	"S5"	"TGFBR3"
0	1.0362212421106	0.449	0.291	0	"S5"	"ERAP2"
0	1.61866544056337	0.275	0.117	0	"S5"	"CPXM1"
0	1.43725119135233	0.315	0.158	0	"S5"	"S1PR3"
0	1.10047652623983	0.471	0.315	0	"S5"	"CRYBG1"
0	0.840208492725433	0.707	0.551	0	"S5"	"CMBL"
0	1.55276747129004	0.296	0.141	0	"S5"	"PRUNE2"
0	0.86423364397462	0.787	0.636	0	"S5"	"SCARA3"
0	1.53735758487641	0.309	0.159	0	"S5"	"APOC1"
0	0.95513673376789	0.712	0.564	0	"S5"	"PLK2"
0	0.807580234450975	0.768	0.624	0	"S5"	"MARCKSL1"
0	0.835177680993789	0.823	0.68	0	"S5"	"FCGRT"
0	0.969192417809828	0.904	0.764	0	"S5"	"IL1R1"
0	0.993348049026297	0.895	0.761	0	"S5"	"CYB5A"
0	0.945369572954508	0.917	0.785	0	"S5"	"ZFP36L2"
0	0.954218748189328	0.913	0.784	0	"S5"	"EPHX1"
0	0.958554369201833	0.943	0.819	0	"S5"	"SERPING1"
0	0.866986278639724	0.672	0.551	0	"S5"	"SAV1"
0	0.732746866664204	0.765	0.644	0	"S5"	"ZNF581"
0	0.782361571247232	0.894	0.775	0	"S5"	"PMP22"
0	0.805572508783118	0.857	0.742	0	"S5"	"HSPB7"
0	0.834566515604044	0.798	0.689	0	"S5"	"C1GALT1"
0	0.808444130173158	0.799	0.691	0	"S5"	"ADAMTS1"
0	0.667883171001586	0.822	0.714	0	"S5"	"PYCARD"
0	0.684645967812605	0.874	0.768	0	"S5"	"CAMK2D"
0	0.694921967984735	0.829	0.727	0	"S5"	"ADAMTSL1"
0	0.7357910399412	0.915	0.816	0	"S5"	"GSTM3"
0	1.03314162554021	0.95	0.851	0	"S5"	"NT5E"
0	0.635187612502727	0.8	0.711	0	"S5"	"GLMP"
0	0.639551828876309	0.852	0.764	0	"S5"	"CDC42EP5"
0	0.507872444723205	0.978	0.891	0	"S5"	"DNAJC15"
0	0.617844983423838	0.784	0.699	0	"S5"	"RSRP1"
0	0.719118348724707	0.9	0.815	0	"S5"	"SOD3"
0	0.541669378443051	0.884	0.801	0	"S5"	"LPAR1"
0	1.2603984734697	0.988	0.908	0	"S5"	"FGF7"
0	0.630969249070251	0.89	0.811	0	"S5"	"SNHG18"
0	0.590410431023121	0.917	0.84	0	"S5"	"LTBR"
0	0.688242106157573	0.977	0.901	0	"S5"	"HMGA1"
0	0.673603994082335	0.954	0.879	0	"S5"	"TMEM256"
0	0.563037707358061	0.852	0.782	0	"S5"	"ADAM9"
0	0.484645561211644	0.888	0.819	0	"S5"	"EMILIN1"
0	0.548659131064018	0.888	0.819	0	"S5"	"CD68"
0	0.717196223119712	0.909	0.842	0	"S5"	"CAPG"
0	0.647671038820609	0.94	0.875	0	"S5"	"CCNG1"
0	0.612927632520931	0.934	0.871	0	"S5"	"RBMS1"
0	0.546737271381847	0.918	0.855	0	"S5"	"RGS10"
0	0.576578005723884	0.879	0.817	0	"S5"	"PAM"
0	1.11571198526512	0.978	0.916	0	"S5"	"S100A4"
0	0.834229486056578	0.936	0.877	0	"S5"	"TWIST2"
0	0.604712384104515	0.966	0.908	0	"S5"	"SNX9"
0	0.489322887702901	0.908	0.851	0	"S5"	"CLIP3"
0	0.49101214021337	0.939	0.891	0	"S5"	"PGD"
0	1.01415336534945	0.965	0.918	0	"S5"	"FBLN1"
0	0.706385903995616	0.976	0.93	0	"S5"	"PDGFRA"
0	0.585472296343058	0.905	0.86	0	"S5"	"TUBB3"
0	0.670491553977824	0.974	0.93	0	"S5"	"HCFC1R1"
0	0.433368288335678	0.955	0.912	0	"S5"	"ARL6IP5"
0	0.687400150297646	0.883	0.841	0	"S5"	"CXCL12"
0	0.807137146391799	0.974	0.933	0	"S5"	"PLPP3"
0	0.495834993137079	0.956	0.917	0	"S5"	"EIF4A2"
0	0.43926758891277	0.95	0.912	0	"S5"	"IL6ST"
0	0.427926396604532	0.949	0.918	0	"S5"	"ACADVL"
0	0.909171671798065	0.997	0.971	0	"S5"	"CD44"
0	0.627198991763128	0.982	0.956	0	"S5"	"APLP2"
0	0.550690512436274	0.998	0.973	0	"S5"	"FBLN2"
0	0.391563259098815	0.983	0.959	0	"S5"	"JAK1"
0	0.517432350564204	0.973	0.949	0	"S5"	"LINC02802"
0	0.885617725498367	0.997	0.973	0	"S5"	"TKT"
0	0.436494793824165	0.985	0.961	0	"S5"	"TNFRSF1A"
0	0.424751510659081	0.964	0.941	0	"S5"	"IFI16"
0	0.8152198840839	0.995	0.974	0	"S5"	"SRPX"
0	0.416220769519981	0.984	0.964	0	"S5"	"ANXA11"
0	0.632227159551891	0.997	0.978	0	"S5"	"CAV1"
0	0.34210619080426	0.99	0.971	0	"S5"	"MAP2K2"
0	0.32875722468047	0.987	0.97	0	"S5"	"YWHAQ"
0	0.913817337481604	0.994	0.977	0	"S5"	"CTSL"
0	0.506038086286767	0.995	0.979	0	"S5"	"RPL22L1"
0	0.41068440584348	0.995	0.98	0	"S5"	"ATP5F1A"
0	0.426921396598064	0.995	0.981	0	"S5"	"CTSA"
0	0.455287834230097	0.992	0.979	0	"S5"	"THY1"
0	0.441267602530237	0.995	0.984	0	"S5"	"ST13"
0	0.461203375356785	0.997	0.987	0	"S5"	"CSTB"
0	0.50807684232899	0.999	0.991	0	"S5"	"RAB13"
0	0.327253242192083	0.998	0.99	0	"S5"	"CCNI"
0	0.272610951708424	0.998	0.99	0	"S5"	"EID1"
0	0.328990122380362	0.996	0.988	0	"S5"	"ISLR"
0	0.372640304623936	0.998	0.992	0	"S5"	"CD59"
0	0.386933185730547	0.988	0.983	0	"S5"	"C1S"
0	0.290237966143019	0.999	0.994	0	"S5"	"SUMO2"
0	0.334728191071162	1	0.995	0	"S5"	"KDELR1"
0	0.508963126809243	0.999	0.995	0	"S5"	"S100A13"
0	0.415622671850489	0.999	0.995	0	"S5"	"TXN"
0	0.285939060320753	1	0.996	0	"S5"	"CST3"
0	0.312074286056458	0.999	0.996	0	"S5"	"LY6E"
0	0.326479074874309	1	0.997	0	"S5"	"ATP5MC2"
0	0.403756234850356	1	0.998	0	"S5"	"LMNA"
0	0.452127972487059	0.999	0.997	0	"S5"	"POLR2L"
0	0.263620173190757	1	0.998	0	"S5"	"HNRNPA1"
0	0.314109633294831	1	0.998	0	"S5"	"SLC25A3"
0	0.410581340675455	1	0.998	0	"S5"	"ITM2B"
0	0.79132639077708	1	0.998	0	"S5"	"IGFBP4"
0	0.431691609377308	1	0.998	0	"S5"	"GPX4"
0	0.589508187968224	1	0.999	0	"S5"	"S100A10"
0	0.334220142414217	1	0.999	0	"S5"	"HLA-A"
0	0.252256276099691	1	0.999	0	"S5"	"HSP90AB1"
0	0.496205544725147	1	0.999	0	"S5"	"CD81"
0	0.562310684577481	1	0.999	0	"S5"	"LGALS3"
0	0.29939950409653	1	0.999	0	"S5"	"GABARAP"
0	0.312008664581499	1	1	0	"S5"	"S100A6"
0	0.302100233791932	1	1	0	"S5"	"NPM1"
0	0.34354252205315	1	1	0	"S5"	"PCOLCE"
0	0.432507487073212	1	1	0	"S5"	"VIM"
0	0.358201514123158	1	1	0	"S5"	"FTL"
0	0.325961856280258	1	1	0	"S5"	"TMSB4X"
1.48219693752374e-323	1.18857689057754	0.418	0.261	5.42498901103064e-319	"S5"	"PDE1A"
4.44659081257122e-323	1.13537604851717	0.498	0.337	1.62749670330919e-318	"S5"	"PLAU"
3.2114266979681e-322	0.381788443532757	0.964	0.93	1.17541428572331e-317	"S5"	"GSTK1"
1.05730048210027e-321	0.783380226576743	0.651	0.516	3.86982549453519e-317	"S5"	"ANGPTL2"
2.97921584442272e-321	0.388572209477349	0.956	0.917	1.09042279121716e-316	"S5"	"LAMTOR4"
3.14126937625865e-320	0.97709019978481	0.507	0.35	1.14973600440443e-315	"S5"	"LGR4"
4.00637832212667e-320	0.996111004585555	0.508	0.359	1.46637452968158e-315	"S5"	"GALNT5"
5.60122222690221e-320	0.708822219695014	0.787	0.697	2.05010334726848e-315	"S5"	"REV3L"
1.38692018202873e-316	1.0152497921626	0.545	0.398	5.07626655824335e-312	"S5"	"GAS1"
2.46053915834549e-316	1.17541928873266	0.448	0.293	9.00581937346031e-312	"S5"	"PDGFD"
2.70538954247019e-313	0.941269199382611	0.586	0.453	9.90199626439513e-309	"S5"	"WLS"
5.62444537498082e-313	0.546889387024861	0.818	0.74	2.05860325169673e-308	"S5"	"PCYOX1"
2.51639384726456e-312	0.45157469377608	0.967	0.934	9.21025312037303e-308	"S5"	"CLU"
3.42751992863284e-311	0.779224586253575	0.617	0.493	1.25450656907891e-306	"S5"	"ZSCAN16-AS1"
5.01250662534259e-309	0.344823514218286	0.983	0.96	1.83462754994164e-304	"S5"	"PSME1"
3.77202856268342e-307	0.351838816423511	0.986	0.968	1.38060017422776e-302	"S5"	"ADH5"
5.97104986314034e-307	1.03555189342652	0.46	0.305	2.185463960408e-302	"S5"	"PLAAT4"
1.33756394548822e-306	0.567044163466139	0.793	0.705	4.89561779688142e-302	"S5"	"GSTM2"
3.67648872640439e-305	0.322588201826073	0.991	0.98	1.34563163875127e-300	"S5"	"FKBP1A"
1.91923351451097e-299	0.331349196410063	0.997	0.982	7.02458658646159e-295	"S5"	"MGST1"
1.25818761120017e-298	0.576786174830221	0.788	0.717	4.60509247575376e-294	"S5"	"FAM3C"
8.27974820946862e-298	0.589866998369559	0.867	0.802	3.03047064214761e-293	"S5"	"PROCR"
8.36478647781264e-298	0.701397471756329	0.75	0.669	3.06159549874421e-293	"S5"	"NID2"
2.57690653400876e-297	1.35899417460166	0.283	0.147	9.43173560512546e-293	"S5"	"ROM1"
5.23928562131816e-296	0.573732845453754	0.762	0.678	1.91763093025866e-291	"S5"	"HIBADH"
2.11591809406618e-295	0.401719599853334	0.952	0.922	7.74447181609163e-291	"S5"	"UBE2E3"
1.53747460603269e-292	1.08880474136528	0.398	0.247	5.62731080554024e-288	"S5"	"SYTL2"
3.21551978265857e-292	0.650165360261723	0.704	0.59	1.17691239565086e-287	"S5"	"TES"
1.70407718519336e-291	0.421031460686918	0.936	0.88	6.23709290552623e-287	"S5"	"TGFBR2"
1.88976766539068e-291	0.485590605749785	0.897	0.762	6.91673863209643e-287	"S5"	"CRLF1"
8.75534388548904e-291	0.700137582227548	0.658	0.548	3.20454341552785e-286	"S5"	"OSBPL1A"
2.37527551360294e-290	0.585949915655575	0.744	0.656	8.69374590733812e-286	"S5"	"ST6GALNAC6"
4.11666910309903e-289	0.411826743279579	0.943	0.884	1.50674205842528e-284	"S5"	"ADD3"
1.36488164385722e-288	0.676031174246803	0.717	0.611	4.9956033046818e-284	"S5"	"STOM"
3.3541846586203e-288	0.386002837275035	0.997	0.997	1.22766512690161e-283	"S5"	"DCN"
1.11358569181677e-286	0.655726317885648	0.865	0.795	4.07583499061856e-282	"S5"	"ZFP36"
1.13699583547745e-284	0.492175830576759	0.64	0.49	4.16151845743102e-280	"S5"	"PCOLCE2"
9.30389663116297e-283	0.283930018463005	0.999	0.998	3.40531920597196e-278	"S5"	"IFITM2"
1.10034556577899e-281	0.775667317288282	0.546	0.414	4.02737480530766e-277	"S5"	"C2orf74"
4.39986746767282e-281	0.27658602785649	0.991	0.984	1.61039549184293e-276	"S5"	"NUCB1"
2.66804611858521e-280	0.437171002896135	0.971	0.937	9.76531559863371e-276	"S5"	"CLDN11"
2.08818855403405e-277	0.91375417183335	0.513	0.366	7.64297892662002e-273	"S5"	"BDKRB2"
1.16127684709222e-276	0.307701338865323	0.987	0.963	4.25038938804224e-272	"S5"	"MRPS24"
1.07713131918022e-274	0.54995264322366	0.827	0.754	3.94240834133153e-270	"S5"	"FAM20C"
1.82224901931681e-272	0.605659593061803	0.4	0.232	6.66961363560147e-268	"S5"	"ACKR3"
3.1821831161224e-272	0.275489973285838	0.992	0.985	1.16471084233196e-267	"S5"	"RTL8C"
4.80163600790191e-272	0.900414169317908	0.511	0.382	1.75744679525218e-267	"S5"	"PCDHGC3"
4.32770399293093e-270	1.09628370720156	0.447	0.31	1.58398293845265e-265	"S5"	"PTGFR"
1.17527812063093e-268	0.54899684271745	0.597	0.441	4.30163544932127e-264	"S5"	"AKR1C2"
4.32239977759922e-267	1.21140741717897	0.327	0.188	1.58204154259909e-262	"S5"	"PTGER2"
1.25697864394797e-266	0.677510018987701	0.635	0.536	4.60066753471397e-262	"S5"	"SUCLG2"
3.98362114256393e-266	1.0887983721292	0.42	0.275	1.45804517438982e-261	"S5"	"PEG10"
3.59769693401008e-264	0.323702483194758	0.984	0.956	1.31679305481703e-259	"S5"	"MFAP2"
6.05782758599864e-264	0.292148426255958	0.994	0.992	2.21722547475136e-259	"S5"	"OLFML3"
3.79330024392833e-263	0.789452075378742	0.558	0.415	1.38838582228021e-258	"S5"	"CYGB"
1.19066892457499e-262	0.374531453619743	0.935	0.895	4.35796733083691e-258	"S5"	"PDE4DIP"
7.73079933980158e-262	0.377947005179145	0.943	0.907	2.82954986636078e-257	"S5"	"C1R"
1.68818924165347e-261	0.527079931873761	0.86	0.824	6.17894144337588e-257	"S5"	"UROD"
2.65804212014941e-261	0.464122806031681	0.842	0.772	9.72869996395887e-257	"S5"	"SMDT1"
3.03894392699533e-260	0.413986359874262	0.917	0.87	1.11228386671956e-255	"S5"	"CLEC11A"
3.61688372302353e-260	0.723564978402402	0.62	0.504	1.32381561146384e-255	"S5"	"ADAM33"
9.18636811966561e-260	0.653189573292465	0.709	0.599	3.36230259547881e-255	"S5"	"EPSTI1"
2.79448794764364e-259	0.548900620764961	0.752	0.677	1.02281053371705e-254	"S5"	"LDOC1"
3.81541588181832e-259	0.395111889634781	0.904	0.86	1.39648036690432e-254	"S5"	"TRAPPC2L"
5.48453277874241e-259	0.398713716020923	0.965	0.942	2.00739384234751e-254	"S5"	"SNHG7"
3.35076507524542e-258	1.29498942988527	0.28	0.151	1.22641352519058e-253	"S5"	"SLC9A9"
6.86107922902421e-258	0.402788928395563	0.935	0.895	2.51122360861515e-253	"S5"	"SDCBP"
1.39797227933529e-256	1.10296709211159	0.44	0.307	5.11671833959511e-252	"S5"	"KCTD12"
2.74100959505391e-256	0.606379386853522	0.678	0.562	1.00323692188568e-251	"S5"	"PAMR1"
4.80277489871854e-252	0.318750065281293	0.967	0.936	1.75786364067997e-247	"S5"	"PPP2R1A"
7.97978314377306e-252	0.922084828165308	0.442	0.302	2.92068042845238e-247	"S5"	"ABCA6"
1.14761269807928e-251	1.00869676165587	0.408	0.27	4.20037723623998e-247	"S5"	"ANK2"
8.50170354159464e-251	0.441460342265204	0.847	0.792	3.11170851325905e-246	"S5"	"PMPCB"
2.67342141504047e-247	1.16574605673699	0.316	0.188	9.78498972118962e-243	"S5"	"PLA2R1"
4.69184773091788e-247	0.255459100047235	0.994	0.983	1.71726318799325e-242	"S5"	"BRI3"
9.06432146104065e-247	0.862564185894724	0.544	0.415	3.31763229795549e-242	"S5"	"SOX9"
7.13999515271361e-246	0.318928239360601	0.979	0.949	2.61330962584471e-241	"S5"	"SLC25A5"
1.24941059534592e-245	0.900096465850562	0.638	0.535	4.5729677200256e-241	"S5"	"ADIRF"
4.27554414033916e-244	0.254404248069672	0.994	0.975	1.56489191080554e-239	"S5"	"MGST3"
1.75436760486032e-243	0.730185061509686	0.57	0.439	6.42116087054926e-239	"S5"	"GPNMB"
2.31666574310505e-243	0.450342854010335	0.85	0.797	8.47922828633879e-239	"S5"	"SGCE"
4.36559931574733e-243	0.276888312149685	0.999	0.998	1.59785300555668e-238	"S5"	"CD248"
2.39560276909245e-242	0.739433876357177	0.576	0.453	8.76814569515527e-238	"S5"	"DNM1"
1.29094495485495e-241	0.273727055362096	0.993	0.984	4.72498762926459e-237	"S5"	"GRN"
1.44622843933259e-240	1.25217200117834	0.279	0.157	5.2933407108012e-236	"S5"	"AC091729.3"
5.29850443651524e-240	0.377748936280455	0.922	0.874	1.93930560880894e-235	"S5"	"IGBP1"
2.67832946864231e-239	0.760676598840461	0.581	0.459	9.80295368817773e-235	"S5"	"TRIM47"
7.07797594940738e-238	0.789267372465288	0.501	0.374	2.59060997724259e-233	"S5"	"GSTM4"
2.84391723213165e-236	0.283932704342528	0.985	0.973	1.0409021461325e-231	"S5"	"MMP24OS"
1.76653675199675e-235	0.859427613408962	0.498	0.37	6.4657011659833e-231	"S5"	"SOCS3"
7.96581373918705e-233	0.268731962102154	0.984	0.973	2.91556748667985e-228	"S5"	"GDI2"
1.1715854471738e-230	0.391296376314721	0.977	0.973	4.28811989520084e-226	"S5"	"LUM"
2.63063586845782e-230	0.913899124372261	0.43	0.295	9.62839034214246e-226	"S5"	"AC055839.2"
6.2840255037443e-230	0.519708730436448	0.731	0.65	2.30001617462545e-225	"S5"	"EPB41L3"
5.76564468932014e-229	0.596661032493152	0.658	0.572	2.11028361273806e-224	"S5"	"HSDL2"
1.37765450523934e-228	0.408977568138443	0.917	0.891	5.0423532546265e-224	"S5"	"PFN2"
1.08699956762033e-227	0.630436527770648	0.632	0.532	3.97852711744719e-223	"S5"	"C1RL"
2.24480140376605e-227	0.659837503602439	0.637	0.537	8.21619761792412e-223	"S5"	"ORAI3"
1.1621859549584e-226	0.913365214419796	0.429	0.306	4.25371681374323e-222	"S5"	"RNASE4"
2.54291744239973e-225	0.91600009506173	0.344	0.208	9.30733213092724e-221	"S5"	"SERTAD4-AS1"
3.24783531016873e-224	0.402635517040276	0.876	0.826	1.18874020187486e-219	"S5"	"CAMLG"
6.55334252687332e-224	0.633475821656845	0.701	0.627	2.3985888982609e-219	"S5"	"PKIG"
7.44720016233129e-224	0.603500365806555	0.829	0.76	2.72574973141488e-219	"S5"	"ADM"
1.80589404794708e-223	0.305531842459481	0.982	0.961	6.6097528048911e-219	"S5"	"CCDC85B"
3.78252587711626e-223	0.402643369585732	0.86	0.813	1.38444229628332e-218	"S5"	"PRCP"
1.06305902206617e-221	0.344615574876694	0.935	0.897	3.89090232666438e-217	"S5"	"POLR1D"
2.74223172748969e-220	0.747012764153272	0.597	0.499	1.0036842345785e-215	"S5"	"NABP1"
2.15180584107383e-219	0.300794497463286	0.962	0.936	7.87582455891433e-215	"S5"	"APEX1"
2.51703987191013e-218	0.334413046366675	0.994	0.991	9.21261763517827e-214	"S5"	"AHNAK"
3.80022217853173e-218	0.294345427529812	0.968	0.941	1.3909193195644e-213	"S5"	"PRDX2"
1.0257935973388e-215	0.493477916068511	0.748	0.683	3.75450714561975e-211	"S5"	"DPYD"
5.0118387168473e-214	0.542986059672575	0.705	0.617	1.83438308875328e-209	"S5"	"ATP2B4"
9.07466820796135e-214	0.481394544580418	0.831	0.776	3.32141931079593e-209	"S5"	"BMERB1"
2.12995963216628e-213	0.730876704433057	0.564	0.464	7.79586524969181e-209	"S5"	"POPDC3"
5.44609198050775e-213	0.320934848708297	0.961	0.94	1.99332412578564e-208	"S5"	"NPC2"
3.66079483964316e-211	0.596819293352799	0.652	0.552	1.33988751925779e-206	"S5"	"CSF1"
4.18061202720386e-211	0.375002699475919	0.869	0.761	1.53014580807688e-206	"S5"	"PRSS23"
7.96508690268967e-210	0.607598660694094	0.635	0.548	2.91530145725345e-205	"S5"	"ZCCHC24"
1.00529238489075e-209	0.880842163353628	0.465	0.343	3.67947065793862e-205	"S5"	"FXYD1"
9.28324488873908e-209	0.6232751861034	0.693	0.617	3.39776046172739e-204	"S5"	"RALGPS2"
2.20029681989659e-208	0.469885783237164	0.827	0.756	8.05330639050351e-204	"S5"	"ITGBL1"
1.5202612609414e-205	0.775508288451165	0.494	0.387	5.56430824117162e-201	"S5"	"ENOSF1"
3.64907677392094e-205	0.344838906449639	0.919	0.884	1.3355985900228e-200	"S5"	"PLSCR3"
6.90562661765985e-205	0.696962833244489	0.487	0.362	2.52752839832968e-200	"S5"	"KAZALD1"
1.2180360948885e-204	0.795947074126844	0.466	0.354	4.4581339109014e-200	"S5"	"TMEM65"
2.21848111376015e-204	0.551651986673693	0.716	0.631	8.11986272447351e-200	"S5"	"CTSF"
1.37215820630195e-203	0.322450167199308	0.928	0.897	5.02223625088577e-199	"S5"	"PSMG2"
1.44205467024359e-203	0.961152305060336	0.415	0.302	5.27806429855857e-199	"S5"	"ALDH3A2"
2.63214971214455e-203	0.576795501118135	0.67	0.581	9.63393116142028e-199	"S5"	"NAMPT"
9.81435480919381e-202	0.365176778125493	0.89	0.855	3.59215200371303e-197	"S5"	"FLOT1"
1.89366930566165e-200	0.402407242683461	0.839	0.79	6.93101902565222e-196	"S5"	"NOB1"
2.81379426538366e-199	0.415558633154838	0.845	0.799	1.02987683907307e-194	"S5"	"DTWD1"
5.54254733405462e-198	1.08431212812987	0.342	0.229	2.02862774973733e-193	"S5"	"EMILIN2"
6.48307260331937e-198	0.323203336844374	0.927	0.899	2.37286940354092e-193	"S5"	"SH3BGRL"
7.17538315928062e-198	0.481577533837085	0.759	0.688	2.6262619901283e-193	"S5"	"BIN1"
9.52866327274357e-198	1.08868812453176	0.307	0.185	3.48758604445687e-193	"S5"	"APOE"
3.99091394599335e-197	0.431558747682503	0.877	0.847	1.46071441337303e-192	"S5"	"FBLN5"
5.47133466123733e-197	0.983915566423669	0.511	0.389	2.00256319935947e-192	"S5"	"SFRP4"
1.17456530749057e-195	0.363516747794458	0.987	0.977	4.29902648194624e-191	"S5"	"SQSTM1"
1.28710832024801e-195	0.578413205800796	0.636	0.55	4.71094516293974e-191	"S5"	"LETMD1"
3.31488640401472e-195	0.607892103793125	0.605	0.521	1.21328157273343e-190	"S5"	"ZSWIM7"
3.43713723371513e-195	0.537087250580889	0.592	0.47	1.25802659891207e-190	"S5"	"FST"
1.15521162700086e-194	0.334172637159342	0.914	0.882	4.22819007598585e-190	"S5"	"AKR7A2"
2.95003833911778e-194	0.318350093508147	0.933	0.909	1.0797435325005e-189	"S5"	"METAP2"
2.56724053742528e-193	0.503511726813043	0.804	0.739	9.39635709103025e-189	"S5"	"PLPP1"
3.60516209560564e-192	0.368815329943886	0.85	0.81	1.31952537861262e-187	"S5"	"QARS"
4.56933358960264e-192	0.297176085453143	0.831	0.706	1.67242178713046e-187	"S5"	"ENPP2"
5.25267901392193e-192	0.267113512487392	0.998	0.995	1.92253304588556e-187	"S5"	"HLA-C"
5.74880648345418e-192	0.430439300045773	0.795	0.744	2.10412066100907e-187	"S5"	"CD47"
9.67924822790634e-190	0.304939057451795	0.951	0.925	3.542701643896e-185	"S5"	"MVP"
1.5503514712005e-189	0.535636073959951	0.88	0.819	5.67444141974095e-185	"S5"	"EFEMP1"
4.79891543881177e-189	0.361157425538602	0.865	0.829	1.75645103975949e-184	"S5"	"MGMT"
7.76772755088835e-187	0.513248301836385	0.805	0.758	2.84306596090065e-182	"S5"	"OAF"
1.50706910476404e-186	0.757823726574094	0.507	0.396	5.51602363034688e-182	"S5"	"ERRFI1"
1.52258343747974e-186	0.45948856827019	0.769	0.699	5.57280763951961e-182	"S5"	"SIGIRR"
2.14627960892761e-186	0.87615505008041	0.38	0.265	7.85559799663595e-182	"S5"	"PLEKHA4"
4.26426005699577e-186	0.328322158656727	0.908	0.863	1.56076182346102e-181	"S5"	"SCP2"
9.32255560945995e-185	0.688126330697294	0.518	0.415	3.41214857861844e-180	"S5"	"TRAF3IP2"
2.10419920013465e-184	0.277987414307022	0.956	0.937	7.70157949241282e-180	"S5"	"HNRNPF"
1.53332662590814e-183	0.337276788715435	0.91	0.871	5.6121287834864e-179	"S5"	"VAMP5"
1.72774510073683e-182	0.35996034876692	0.869	0.825	6.32371984320689e-178	"S5"	"HADHB"
3.51794538639645e-182	0.402243459611503	0.787	0.734	1.28760319087497e-177	"S5"	"LTA4H"
6.73325063182049e-182	0.641933111024835	0.578	0.487	2.46443706375262e-177	"S5"	"MRGPRF"
1.04879949820317e-180	0.265276859070812	0.976	0.964	3.83871104337343e-176	"S5"	"TRAPPC1"
1.80744940656898e-180	0.519839317831319	0.692	0.598	6.61544557298312e-176	"S5"	"HSPB2"
1.90771171626268e-180	0.642753166012822	0.591	0.493	6.98241565269303e-176	"S5"	"ARHGAP29"
4.10542994995656e-180	0.300641355892247	0.945	0.923	1.5026284159836e-175	"S5"	"PPA1"
4.68615826555437e-180	0.37492601784052	0.844	0.802	1.71518078677556e-175	"S5"	"SYF2"
4.07930779400464e-179	0.783214786053805	0.458	0.354	1.49306744568364e-174	"S5"	"SNHG19"
7.68525052824127e-178	1.05983710001425	0.324	0.217	2.81287854584159e-173	"S5"	"TMEM97"
2.29313726020922e-177	0.44618653918811	0.734	0.665	8.39311168609176e-173	"S5"	"SLC44A1"
2.48921535514681e-177	0.881079197345316	0.394	0.275	9.11077712137283e-173	"S5"	"MXRA5"
2.30821981887628e-176	0.500320607947047	0.777	0.703	8.44831535906908e-172	"S5"	"ELN"
3.47594015202759e-174	0.316979297487679	0.915	0.878	1.27222885504362e-169	"S5"	"OXA1L"
4.26525291034478e-174	0.263724939176187	0.963	0.934	1.56112521771529e-169	"S5"	"PSMA2"
4.3372081386568e-174	0.477418963506786	0.684	0.61	1.58746155082978e-169	"S5"	"SPATA20"
1.02884296287385e-173	0.302927271335838	1	1	3.76566812841456e-169	"S5"	"SH3BGRL3"
1.51443106340248e-173	1.11282491738542	0.255	0.15	5.54296913515943e-169	"S5"	"CPM"
1.60604930541085e-173	0.425216223462177	0.789	0.741	5.87830106273425e-169	"S5"	"PTGR1"
2.78692979966132e-173	1.09877274838227	0.265	0.162	1.02004417597404e-168	"S5"	"SMAD6"
3.49677626268852e-173	0.326376450699809	0.913	0.888	1.27985507990663e-168	"S5"	"MEG3"
9.96777872180086e-173	0.297702003111813	0.969	0.956	3.64830668996633e-168	"S5"	"LAMA4"
1.73686169892798e-172	0.476585657658729	0.739	0.684	6.35708750424631e-168	"S5"	"DANCR"
3.23956770931896e-172	0.373387327186379	0.831	0.787	1.18571417728783e-167	"S5"	"SNX5"
1.25306859217938e-171	0.796065790966868	0.438	0.327	4.58635635423574e-167	"S5"	"OSR2"
1.35673473710716e-171	1.0030173658323	0.321	0.217	4.96578481128591e-167	"S5"	"RASA4"
6.19504581983136e-169	0.551830341126915	0.761	0.71	2.26744872051648e-164	"S5"	"CTSK"
2.11480080484095e-167	0.549350257680762	0.58	0.479	7.74038242579837e-163	"S5"	"GASK1B"
9.56357404162007e-167	0.37185447257997	0.834	0.802	3.50036373497336e-162	"S5"	"HEXB"
2.61910393877384e-166	0.902300291464267	0.377	0.27	9.58618232630612e-162	"S5"	"SESN3"
9.23885233579433e-166	0.65591153558344	0.494	0.396	3.38151234342408e-161	"S5"	"IFFO1"
3.19008033319698e-163	0.547571926238587	0.619	0.546	1.16760130275343e-158	"S5"	"TMEM159"
3.52003873885639e-163	0.414612127820786	0.76	0.699	1.28836937880883e-158	"S5"	"CTNNAL1"
7.42512561645011e-163	0.444567409339054	0.725	0.67	2.71767022687691e-158	"S5"	"CALCOCO1"
1.46514071690466e-162	0.312796412549403	0.91	0.887	5.36256153794274e-158	"S5"	"SRSF5"
1.93960620671124e-161	0.773548228821793	0.414	0.315	7.0991526771838e-157	"S5"	"CRELD1"
1.82592678438616e-159	0.516087055233735	0.626	0.555	6.68307462353177e-155	"S5"	"PDCD4"
2.9686262229278e-159	0.393458109608787	0.778	0.73	1.0865468838538e-154	"S5"	"MAPK3"
6.48793995202685e-158	1.07618415768201	0.285	0.181	2.37465090184135e-153	"S5"	"COL21A1"
8.82442713861409e-158	0.749933808320222	0.478	0.388	3.22982857700414e-153	"S5"	"MSX1"
1.43798079094354e-157	0.444947546679944	0.704	0.65	5.26315349293244e-153	"S5"	"ACAT1"
1.45764142480715e-157	0.311678756412239	0.891	0.865	5.33511337893666e-153	"S5"	"FXR1"
1.45764228818145e-156	0.257252592285187	0.961	0.934	5.33511653897292e-152	"S5"	"CYBA"
8.10056681602512e-156	0.701424112364653	0.528	0.45	2.96488846033335e-151	"S5"	"IL11RA"
7.99647923006035e-155	0.485940243490737	0.631	0.566	2.92679136299439e-150	"S5"	"ELP5"
3.58729413106553e-154	0.330935842515207	0.88	0.843	1.31298552491129e-149	"S5"	"BLVRB"
4.91048649125326e-153	0.511111758725951	0.612	0.524	1.79728716066361e-148	"S5"	"A4GALT"
9.62188452923015e-153	0.365088777910516	0.816	0.778	3.52170595654353e-148	"S5"	"TSEN34"
1.22302460675283e-152	0.613494946551133	0.605	0.526	4.47639236317604e-148	"S5"	"DEPTOR"
5.19155456908795e-152	0.617392539356684	0.59	0.53	1.90016088783188e-147	"S5"	"WIPF1"
7.17610761666686e-152	0.275706961312237	0.929	0.897	2.62652714877624e-147	"S5"	"GSTO1"
2.15923044531453e-151	0.568993437458149	0.588	0.499	7.90299935289573e-147	"S5"	"LDB2"
2.45637791168971e-150	0.481045592175627	0.554	0.442	8.99058879457552e-146	"S5"	"CLIC3"
3.29248296497296e-150	0.501104747181806	0.666	0.615	1.20508169000975e-145	"S5"	"EHBP1"
2.81064019067752e-149	0.339165041431094	0.864	0.827	1.02872241618988e-144	"S5"	"PNKD"
3.96567866011607e-149	0.482917463199893	0.675	0.622	1.45147804638908e-144	"S5"	"RTL8B"
1.54512969454232e-148	0.412400741250805	0.74	0.668	5.65532919499433e-144	"S5"	"FEZ1"
1.89062584761028e-148	1.05754851300885	0.252	0.157	6.91987966483838e-144	"S5"	"CGREF1"
1.84159403706659e-147	0.611183354468628	0.531	0.452	6.74041833506743e-143	"S5"	"ARMCX1"
1.011883184605e-146	0.419037629468926	0.742	0.69	3.70359364397277e-142	"S5"	"SOCS5"
2.0571814980447e-146	0.476926131110626	0.634	0.572	7.52949000099341e-142	"S5"	"WAC-AS1"
2.84029039157877e-146	0.390792799202328	0.788	0.739	1.03957468622175e-141	"S5"	"TWIST1"
7.7277681252878e-146	0.375753269725445	0.856	0.83	2.82844041153659e-141	"S5"	"DPYSL2"
8.54715781421422e-146	0.543635238391149	0.571	0.503	3.12834523158055e-141	"S5"	"HADH"
1.46961430346132e-145	0.806950326571144	0.427	0.325	5.3789353120988e-141	"S5"	"OSR1"
2.78907805590265e-145	0.425023905006146	0.723	0.671	1.02083045924093e-140	"S5"	"AK3"
7.27314831476397e-145	0.492029604567547	0.632	0.563	2.66204501468676e-140	"S5"	"PYGL"
4.97218647629995e-143	0.484384228824034	0.647	0.592	1.81986997219055e-138	"S5"	"SELENON"
5.91257805663061e-143	0.361607196990667	0.831	0.793	2.16406269450737e-138	"S5"	"SAT2"
8.93323975497284e-143	0.776118182842	0.445	0.357	3.26965508271761e-138	"S5"	"PRSS12"
9.09684166443008e-143	0.584859460192708	0.571	0.501	3.32953501759806e-138	"S5"	"ARHGAP24"
2.39040040516184e-142	0.281630101220092	0.921	0.905	8.74910452293285e-138	"S5"	"SCARB2"
4.30569310866228e-142	0.338285517775556	0.894	0.873	1.57592673470148e-137	"S5"	"ENAH"
9.99598162657621e-142	0.593240986148287	0.461	0.348	3.65862923514316e-137	"S5"	"ADAMTS5"
6.14076690095029e-141	0.252994274273161	0.955	0.927	2.24758209341682e-136	"S5"	"TIMM13"
1.07750854795056e-140	1.0264432599557	0.256	0.164	3.94378903635383e-136	"S5"	"ARHGAP6"
3.14977791703845e-140	0.378777179648558	0.775	0.731	1.15285021541524e-135	"S5"	"SCPEP1"
7.9565263665918e-140	0.472449293617815	0.658	0.604	2.91216821543626e-135	"S5"	"TAPBP"
3.29275874280128e-139	0.326893221788366	0.844	0.808	1.2051826274527e-134	"S5"	"SPG21"
5.83281139554373e-139	0.312525931024849	0.879	0.852	2.13486729888296e-134	"S5"	"MYL6B"
2.28328970750573e-138	0.328857350597548	0.893	0.881	8.35706865844172e-134	"S5"	"TRIOBP"
1.40963116534548e-137	1.01479187982053	0.271	0.179	5.15939102828099e-133	"S5"	"ACE"
8.44673968688488e-137	0.469009913839055	0.619	0.555	3.09159119279674e-132	"S5"	"CD276"
3.31721990481514e-136	0.380571493591034	0.774	0.737	1.21413565736139e-131	"S5"	"RBMX"
4.49521680270725e-136	0.28089240799935	0.961	0.95	1.64529430195888e-131	"S5"	"PRRX1"
1.60546216457596e-135	1.00309477833622	0.256	0.165	5.87615206856446e-131	"S5"	"DNALI1"
1.11066214152996e-134	0.400750810477015	0.756	0.691	4.0651345042138e-130	"S5"	"CA12"
4.27805544178481e-132	0.339178417893349	0.819	0.788	1.56581107224766e-127	"S5"	"ECI2"
5.18636359841008e-132	0.730354914554926	0.402	0.314	1.89826094065407e-127	"S5"	"AUH"
1.78485792802418e-131	0.399127582640363	0.75	0.707	6.53275850236129e-127	"S5"	"GLT8D2"
4.70765339493879e-131	0.445408991052972	0.65	0.596	1.72304821908155e-126	"S5"	"SUMF1"
2.63459230167205e-130	0.294137285569429	0.931	0.911	9.64287128334989e-126	"S5"	"YPEL3"
6.73348628052932e-130	0.424531084946494	0.691	0.636	2.46452331353654e-125	"S5"	"KANK2"
7.34875351631207e-130	1.01398571312513	0.26	0.17	2.68971727450538e-125	"S5"	"HLA-DMA"
7.47604289247295e-129	0.460915821137821	0.641	0.581	2.73630645907403e-124	"S5"	"TRIM22"
1.44492595427616e-128	0.571369058179634	0.528	0.452	5.28857348524619e-124	"S5"	"LPCAT4"
1.47702618191189e-128	0.318378281718264	0.882	0.867	5.40606352841572e-124	"S5"	"SEPTIN9"
7.41602084567275e-128	0.323592651059153	0.886	0.868	2.71433778972468e-123	"S5"	"LAMB1"
1.12057988779541e-127	0.591205509228277	0.485	0.407	4.10143444731997e-123	"S5"	"PFKM"
1.34328954860676e-126	0.302997152208092	0.923	0.902	4.9165740768556e-122	"S5"	"G6PD"
4.18814971131088e-126	0.471717462366343	0.754	0.716	1.53290467583689e-121	"S5"	"DCBLD2"
1.68932936212486e-125	0.913215587813795	0.32	0.229	6.18311439831322e-121	"S5"	"SNCG"
1.85441105954654e-125	0.328910008898208	0.854	0.842	6.78732991904628e-121	"S5"	"BICC1"
4.38162597404215e-125	0.482048324316489	0.641	0.582	1.60371892275917e-120	"S5"	"RFTN1"
1.26708633870588e-124	0.357056992613911	0.748	0.7	4.6376627082974e-120	"S5"	"GAMT"
1.33632167763054e-124	0.325439628847984	0.797	0.758	4.89107097229555e-120	"S5"	"ASAH1"
6.16774931841273e-124	0.302715888661398	0.847	0.81	2.25745792803225e-119	"S5"	"PSMB8"
6.90500312110305e-124	0.300112752626664	0.863	0.837	2.52730019235493e-119	"S5"	"EIF2A"
8.97591141725993e-124	0.601991249300644	0.576	0.462	3.28527333783131e-119	"S5"	"MGP"
1.91074315989863e-123	0.678741881315037	0.436	0.361	6.99351103954498e-119	"S5"	"GMDS"
4.70206010123632e-122	0.574849116109552	0.503	0.43	1.7210010176535e-117	"S5"	"ABRAXAS1"
6.56345255485156e-122	0.606023319445598	0.504	0.428	2.40228926960122e-117	"S5"	"HNMT"
1.40790622140875e-121	0.657512507168349	0.69	0.63	5.15307756097816e-117	"S5"	"CRIP1"
1.98339455646258e-121	0.296055479681064	0.871	0.848	7.25942241610869e-117	"S5"	"MPV17"
1.93630224875648e-120	0.849305211486248	0.307	0.222	7.08705986067361e-116	"S5"	"TTLL3"
2.18712251811616e-120	0.299043510085931	0.868	0.848	8.00508712855697e-116	"S5"	"TCEAL9"
3.30804535401799e-119	0.397799650464223	0.722	0.686	1.21077768002412e-114	"S5"	"CCS"
1.79062609024831e-118	0.261266115287255	0.889	0.866	6.55387055291783e-114	"S5"	"CPNE1"
2.29683383356298e-118	0.56028986761437	0.732	0.698	8.40664151422385e-114	"S5"	"RND3"
1.42076523515097e-117	0.455982715945977	0.628	0.579	5.20014283717606e-113	"S5"	"SVBP"
5.26329617416177e-117	0.821934499900354	0.287	0.198	1.92641903270495e-112	"S5"	"ARHGEF3"
9.88364863362073e-117	0.496495259249589	0.551	0.481	3.61751423639152e-112	"S5"	"RHOD"
9.54673256269462e-115	0.337036827509123	0.914	0.891	3.49419958527186e-110	"S5"	"IFITM1"
1.4627343482866e-114	0.276365082770934	0.87	0.853	5.3537539881638e-110	"S5"	"COPS2"
1.70894758001587e-114	0.336047899042172	0.818	0.788	6.25491903761608e-110	"S5"	"MYO1E"
9.48628341098395e-114	0.878110019523156	0.279	0.195	3.47207459125424e-109	"S5"	"PHYHD1"
1.14957281639745e-113	0.303097374100536	0.898	0.886	4.20755146529632e-109	"S5"	"PGRMC1"
3.01066085369739e-112	0.307440199177619	0.906	0.893	1.10193197906178e-107	"S5"	"STAT1"
8.32084287370481e-112	0.272791996444008	0.879	0.85	3.0455117002047e-107	"S5"	"CLNS1A"
1.3752137042327e-110	0.255131998797546	0.866	0.832	5.0334196788621e-106	"S5"	"AP2A1"
1.50034443097409e-109	0.348015561038051	0.763	0.711	5.49141065180827e-105	"S5"	"PCDH18"
1.59434106812746e-109	0.273603429502876	0.867	0.836	5.83544774345333e-105	"S5"	"IFNGR2"
1.39634303022223e-108	0.512726914381534	0.543	0.484	5.1107551249164e-104	"S5"	"PLSCR1"
2.38044979992167e-108	0.565132199857792	0.476	0.405	8.71268431269329e-104	"S5"	"CCDC18-AS1"
3.38716792265608e-108	0.372055311420041	0.707	0.667	1.23973733137135e-103	"S5"	"CAT"
6.62675374334577e-108	0.358717017458129	0.736	0.692	2.42545813760198e-103	"S5"	"CALHM2"
6.43366666124796e-107	0.393018500480997	0.73	0.689	2.35478633468336e-102	"S5"	"LURAP1L"
7.31855687259246e-107	0.263040956003074	0.897	0.875	2.67866500093757e-102	"S5"	"ECH1"
1.73978816106651e-106	0.828628492351082	0.32	0.24	6.36779864831953e-102	"S5"	"NTNG1"
6.19770912757257e-106	0.330976827640173	0.762	0.719	2.26842351778283e-101	"S5"	"TPGS1"
2.79897359182563e-105	0.283126220181098	0.841	0.812	1.0244523243441e-100	"S5"	"DPM3"
2.95564898839011e-105	0.400760976326543	0.656	0.613	1.08179708624066e-100	"S5"	"ABHD14A"
9.61201290244107e-105	0.424398608591586	0.603	0.553	3.51809284242246e-100	"S5"	"CHST12"
1.12083434288512e-104	0.752880825264971	0.294	0.21	4.10236577839383e-100	"S5"	"EPHA4"
8.79975063170772e-104	0.819433066211614	0.287	0.204	3.22079672871134e-99	"S5"	"ID4"
1.05611520475402e-103	0.899853176542062	0.286	0.204	3.86548726092019e-99	"S5"	"NPW"
1.26599379142695e-103	0.671583305696175	0.372	0.296	4.63366387600178e-99	"S5"	"NOTCH2NLA"
1.57218758725113e-103	0.350319124969852	0.696	0.66	5.75436378809787e-99	"S5"	"MTA1"
1.62031908326064e-103	0.346357903865914	0.75	0.717	5.93052987664226e-99	"S5"	"SNRPA"
5.31623664269792e-103	0.679038095438275	0.404	0.326	1.94579577359387e-98	"S5"	"LDLR"
1.04097013797715e-102	0.507591468105467	0.531	0.466	3.81005480201018e-98	"S5"	"EMX2"
1.20602422491199e-102	0.468377967746412	0.658	0.599	4.41416926560039e-98	"S5"	"BAALC"
2.71706678156474e-102	0.53171094013042	0.495	0.43	9.94473612720509e-98	"S5"	"PLEKHA5"
5.82387854594963e-102	0.286660785265548	0.788	0.749	2.13159778660302e-97	"S5"	"SMPD1"
6.25450106286847e-102	0.602054924439669	0.429	0.361	2.28920993402049e-97	"S5"	"WARS2"
1.04521110839172e-101	0.411318788333007	0.627	0.572	3.82557717782452e-97	"S5"	"AHR"
1.17472006076376e-101	0.316889737896195	0.774	0.741	4.29959289440145e-97	"S5"	"SSBP4"
1.4075414739318e-100	0.263403620960995	0.944	0.933	5.15174254873777e-96	"S5"	"COTL1"
1.63319199711694e-100	0.475702131050471	0.65	0.617	5.97764602864773e-96	"S5"	"ACSL4"
3.79008193563493e-100	0.498919589170564	0.54	0.486	1.38720788926174e-95	"S5"	"ANKRD28"
1.35970381898869e-99	0.351052049181689	0.715	0.683	4.97665194788049e-95	"S5"	"BZW2"
7.13580774004641e-99	0.623080540272608	0.36	0.277	2.61177699093439e-94	"S5"	"P3H2"
1.37682805241906e-98	0.740211024577559	0.302	0.222	5.03932835465899e-94	"S5"	"NES"
2.50861185118874e-98	0.326960967285274	0.894	0.888	9.18177023653591e-94	"S5"	"LOXL1"
2.5159493859776e-98	0.538379222832997	0.476	0.411	9.2086263476166e-94	"S5"	"ASAP3"
2.75715140436302e-98	0.379280397953877	0.689	0.663	1.00914498551091e-93	"S5"	"EPB41L2"
1.00594803538771e-97	0.278237644498573	0.885	0.881	3.68187040432256e-93	"S5"	"PRRX2"
3.13408066088056e-97	0.641140500904319	0.407	0.333	1.1471048626889e-92	"S5"	"MAP3K8"
4.55457134997611e-97	0.257968975894489	0.894	0.883	1.66701865980476e-92	"S5"	"SPTBN1"
8.61975592249863e-97	0.341280729110906	0.71	0.679	3.15491686519372e-92	"S5"	"RAB24"
1.04999445007464e-96	0.358093827693733	0.666	0.622	3.84308468671817e-92	"S5"	"ADK"
2.47607275723678e-96	0.415390392567882	0.616	0.574	9.06267389876232e-92	"S5"	"SASH1"
3.97635229948812e-96	0.287465505465268	0.813	0.786	1.45538470513565e-91	"S5"	"AIP"
1.16144147110598e-95	0.260056793533656	0.845	0.821	4.25099192839501e-91	"S5"	"UBE2L6"
1.67464874036466e-95	0.527883133680687	0.504	0.45	6.12938185460869e-91	"S5"	"LACTB2"
1.72979646814866e-95	0.256342076012937	0.833	0.772	6.33122805307092e-91	"S5"	"MDK"
4.46211932388418e-95	0.283007700586863	0.817	0.799	1.63318029373485e-90	"S5"	"SF3A2"
7.72715267297927e-95	0.295614639784758	0.796	0.766	2.82821514983714e-90	"S5"	"FYN"
8.78941162681415e-95	0.35989153412287	0.668	0.64	3.21701254953025e-90	"S5"	"MRPL45"
1.33131201769676e-94	0.523342931849577	0.617	0.545	4.8727351159719e-90	"S5"	"OLFM2"
2.54118048579533e-94	0.535094170726137	0.485	0.429	9.30097469605948e-90	"S5"	"RARA"
6.30467501558726e-94	0.356301298834125	0.534	0.452	2.30757410245509e-89	"S5"	"OLFML2B"
1.05409738252765e-93	0.33744028309463	0.725	0.7	3.85810182978944e-89	"S5"	"RNF114"
2.79658343432251e-93	0.708143255886511	0.38	0.304	1.02357750279638e-88	"S5"	"HMGA2"
6.67123075983612e-93	0.69056388048789	0.376	0.306	2.44173717040762e-88	"S5"	"SAMHD1"
9.52607262270392e-93	0.269331128334963	0.805	0.784	3.48663784063586e-88	"S5"	"PPP1CC"
2.29111888449647e-92	0.328131401504925	0.718	0.688	8.38572422914552e-88	"S5"	"HDAC7"
8.83060448132575e-92	0.57418736952547	0.454	0.387	3.23208954621004e-87	"S5"	"CLEC2B"
1.25075546918468e-91	0.838487425293905	0.309	0.237	4.57789009276286e-87	"S5"	"SPRY2"
2.68559633956072e-91	0.329479081189205	0.735	0.711	9.8295511624262e-87	"S5"	"JAGN1"
1.17565378446032e-90	0.537909754505589	0.467	0.412	4.3030104165032e-86	"S5"	"C1GALT1C1"
5.6823864885255e-90	0.47131908610543	0.505	0.455	2.07981027866522e-85	"S5"	"COA1"
7.82136453050257e-90	0.705458746961236	0.361	0.29	2.86269763180924e-85	"S5"	"SLC43A3"
2.08505070693962e-89	0.7100070584257	0.319	0.246	7.63149409246969e-85	"S5"	"LINC02482"
2.92221366222059e-89	0.613562320127577	0.381	0.311	1.06955942250936e-84	"S5"	"SHOX2"
4.31019931791255e-89	0.632511686283789	0.443	0.378	1.57757605234917e-84	"S5"	"TCEA3"
8.1276708076351e-89	0.761337983201421	0.332	0.263	2.97480879230252e-84	"S5"	"FHOD1"
9.01734623152326e-89	0.660149091863335	0.352	0.284	3.30043889419983e-84	"S5"	"DGLUCY"
6.46696972304918e-88	0.275182177968169	0.86	0.842	2.36697558833323e-83	"S5"	"WIPI1"
7.02431697553176e-88	0.29138739129759	0.783	0.766	2.57097025621438e-83	"S5"	"TCEAL8"
1.636749007846e-87	0.487506079170956	0.503	0.438	5.99066504361715e-83	"S5"	"VSIR"
2.13152958350711e-87	0.259670498385785	0.848	0.825	7.80161142859438e-83	"S5"	"ABHD14B"
8.50465713103971e-87	0.436201731893757	0.649	0.618	3.11278955653185e-82	"S5"	"UGCG"
1.49277828562017e-86	0.262639489547619	0.816	0.798	5.4637178031984e-82	"S5"	"SEPTIN10"
2.06364396819651e-86	0.250434065669035	0.854	0.826	7.55314328799604e-82	"S5"	"EBPL"
3.66728632816577e-86	0.283998842420658	0.769	0.748	1.34226346897195e-81	"S5"	"SDHA"
4.8790671009858e-86	0.260374476349142	0.853	0.842	1.78578734963181e-81	"S5"	"PNISR"
5.11765080611678e-86	0.59394992800388	0.439	0.366	1.8731113715468e-81	"S5"	"TYMS"
3.86415176204936e-85	0.366569202225453	0.676	0.646	1.41431818642769e-80	"S5"	"CD109"
5.19717605915978e-85	0.785780833095238	0.358	0.294	1.90221840941307e-80	"S5"	"PPARG"
5.98050290089662e-85	0.26337407968904	0.839	0.818	2.18892386675717e-80	"S5"	"AP1S1"
1.63269337623168e-84	0.48088322530846	0.496	0.439	5.97582102634557e-80	"S5"	"PAFAH1B3"
1.66128006878991e-84	0.692707282367738	0.321	0.252	6.08045117977794e-80	"S5"	"SLC27A1"
2.55312573889961e-84	0.360297404036169	0.648	0.62	9.34469551694645e-80	"S5"	"CDK5RAP3"
3.37738374560769e-84	0.275864877478679	0.775	0.752	1.23615622472987e-79	"S5"	"TMCO3"
4.03868855983662e-84	0.373138126653768	0.633	0.598	1.4782003997858e-79	"S5"	"HDAC1"
5.40834671126955e-84	0.313538889704874	0.704	0.677	1.97950897979177e-79	"S5"	"CRAT"
8.12517247750095e-84	0.572660853540343	0.423	0.365	2.97389437849012e-79	"S5"	"TMEM80"
9.58032781670206e-83	0.344553302137726	0.657	0.629	3.50649578419112e-78	"S5"	"TMEM14A"
2.09260772260313e-82	0.2903685773257	0.742	0.723	7.65915352549972e-78	"S5"	"SAMM50"
1.03346993195329e-81	0.282402718995813	0.815	0.773	3.78260329794225e-77	"S5"	"ID3"
1.52128140236929e-81	0.291103477271981	0.741	0.713	5.56804206081184e-77	"S5"	"TPST1"
2.17737909854211e-81	0.253538475982061	0.906	0.894	7.96942523857398e-77	"S5"	"NBL1"
3.32624900743447e-81	0.723445402162843	0.253	0.182	1.21744039921109e-76	"S5"	"ETV1"
6.19681780210156e-81	0.539496398892719	0.435	0.375	2.26809728374719e-76	"S5"	"GLI3"
1.66019944851665e-80	0.398000973319611	0.553	0.512	6.07649600151581e-76	"S5"	"MRPS27"
3.46034128929016e-80	0.335259281832318	0.676	0.652	1.26651951529309e-75	"S5"	"WBP2"
3.38076574034127e-79	0.390956941933201	0.64	0.618	1.23739406862231e-74	"S5"	"ZFHX4"
5.78999805089541e-79	0.350063189301898	0.653	0.628	2.11919718660823e-74	"S5"	"DAXX"
6.55698591502819e-79	0.270379111018262	0.786	0.764	2.39992241475947e-74	"S5"	"DNAJC4"
1.26269197013298e-78	0.36612502382972	0.63	0.584	4.62157887988372e-74	"S5"	"RAC2"
1.68780914514531e-78	0.287558702779425	0.751	0.728	6.17755025214635e-74	"S5"	"STX10"
1.10192159117556e-77	0.402080930732649	0.61	0.582	4.03314321586167e-73	"S5"	"ST6GALNAC4"
1.88988302495801e-77	0.408799548065186	0.549	0.51	6.91716085964882e-73	"S5"	"NOA1"
2.29722395402153e-76	0.415109003986078	0.562	0.521	8.40806939411419e-72	"S5"	"CD302"
3.10985373346158e-76	0.304084559405424	0.728	0.704	1.13823756498427e-71	"S5"	"SLC39A1"
3.57678912771295e-76	0.353859970358106	0.613	0.581	1.30914058863422e-71	"S5"	"TMBIM1"
4.66010761966029e-76	0.516482484387259	0.63	0.589	1.70564598987186e-71	"S5"	"CTSC"
8.19943438528551e-76	0.296102973676159	0.743	0.721	3.00107497935835e-71	"S5"	"SMIM20"
2.15836981436194e-75	0.657211849712949	0.318	0.255	7.89984935754613e-71	"S5"	"PLCD1"
3.31305895326292e-75	0.302891142357929	0.693	0.668	1.21261270748376e-70	"S5"	"DHPS"
6.20111672743897e-75	0.267664324089728	0.777	0.763	2.26967073340994e-70	"S5"	"GTF2F1"
6.54599721871371e-75	0.357968949654236	0.623	0.596	2.3959004420214e-70	"S5"	"PTPRA"
9.861409554263e-75	0.776498814002959	0.255	0.191	3.6093745109558e-70	"S5"	"FBLN7"
1.40985769870679e-74	0.445378023831277	0.426	0.355	5.16022016303673e-70	"S5"	"ANGPTL4"
3.07898902073826e-74	0.343108965709469	0.655	0.631	1.12694077148041e-69	"S5"	"TMEM243"
4.13605502450376e-74	0.556447464232792	0.452	0.403	1.51383749951862e-69	"S5"	"FAM110B"
4.39022431435984e-73	0.260452731577809	0.77	0.752	1.60686600129884e-68	"S5"	"WBP1"
4.73378811795431e-73	0.666648166565106	0.311	0.248	1.73261378905246e-68	"S5"	"ARMH4"
9.29314276570072e-73	0.446149491547451	0.512	0.475	3.40138318367412e-68	"S5"	"CLN5"
9.42738274916916e-73	0.612786054219591	0.318	0.25	3.45051636002341e-68	"S5"	"CHN1"
2.46655820466526e-72	0.369507088239983	0.594	0.561	9.02784968489533e-68	"S5"	"STAT6"
4.33272831057001e-72	0.506996935769098	0.453	0.405	1.58582188895173e-67	"S5"	"NMT2"
1.03484756240133e-71	0.296425390220561	0.695	0.675	3.78764556314513e-67	"S5"	"HPS1"
1.7895184914588e-71	0.549223667654111	0.417	0.363	6.54981663058835e-67	"S5"	"FZD4"
3.78734864634457e-71	0.270958229606424	0.743	0.734	1.38620747804858e-66	"S5"	"UPF3A"
1.32827472603146e-70	0.326221625651714	0.76	0.745	4.86161832474774e-66	"S5"	"STK17A"
2.05621446453762e-70	0.689814333207957	0.285	0.223	7.52595056165414e-66	"S5"	"CTSO"
4.24685035716685e-70	0.271610568387878	0.826	0.813	1.55438969922664e-65	"S5"	"ANXA4"
4.95126959689979e-70	0.447412604340564	0.505	0.448	1.81221418516129e-65	"S5"	"COL18A1"
5.15952525112868e-70	0.508681629086732	0.368	0.298	1.88843783716561e-65	"S5"	"JCAD"
6.66334292173643e-70	0.571888781375642	0.378	0.32	2.43885014278475e-65	"S5"	"IMPA2"
1.6444952713935e-69	0.705265776184872	0.306	0.247	6.01901714282736e-65	"S5"	"HRH1"
3.94676950186447e-69	0.593208449177808	0.357	0.3	1.44455710537741e-64	"S5"	"BTD"
4.79607351281751e-69	0.551271151078728	0.401	0.349	1.75541086642634e-64	"S5"	"PPP2R5A"
7.00955816816757e-69	0.274673374027724	0.746	0.73	2.56556838513101e-64	"S5"	"C20orf27"
7.77898402596027e-69	0.330543856752967	0.651	0.633	2.84718594334172e-64	"S5"	"MRPL10"
9.1415354620553e-68	0.266832653167927	0.77	0.751	3.34589339446686e-63	"S5"	"MRPS18B"
2.12394733374141e-67	0.403772676807291	0.607	0.583	7.77385963622692e-63	"S5"	"NFIL3"
4.94991239191476e-67	0.257462729622237	0.756	0.742	1.81171743456472e-62	"S5"	"NPEPPS"
8.71953355384227e-67	0.250248401596066	0.756	0.74	3.19143647604181e-62	"S5"	"SMARCC2"
1.21625590506187e-66	0.378762992669784	0.558	0.524	4.45161823811693e-62	"S5"	"MTURN"
2.67325422506139e-66	0.436197076653447	0.491	0.442	9.78437778914721e-62	"S5"	"DDB2"
1.4883142070393e-65	0.428047937425839	0.494	0.452	5.44737882918453e-61	"S5"	"HDAC5"
3.63355848867725e-65	0.272556422134155	0.713	0.7	1.32991874244076e-60	"S5"	"SNX2"
4.10655100554602e-65	0.309420649005435	0.685	0.659	1.5030387335399e-60	"S5"	"GJA1"
7.09448573622536e-65	0.362345234674204	0.561	0.533	2.59665272431584e-60	"S5"	"GTPBP6"
1.20820868763426e-64	0.321693509246766	0.647	0.625	4.42216461761016e-60	"S5"	"CIAO2A"
1.26803396596108e-64	0.423832550474618	0.526	0.486	4.64113111881415e-60	"S5"	"SERPINB1"
1.28054459964254e-64	0.689620177336019	0.283	0.224	4.68692128915165e-60	"S5"	"DNASE1L1"
4.18192929320585e-64	0.329337498329714	0.638	0.609	1.53062794060627e-59	"S5"	"NUMA1"
5.28686661909816e-64	0.263344391177238	0.698	0.66	1.93504605125612e-59	"S5"	"LINC01116"
6.76031518291727e-64	0.426189427357371	0.483	0.445	2.47434296009955e-59	"S5"	"POLR1E"
7.71053945604058e-64	0.815195999149288	0.266	0.202	2.82213454630541e-59	"S5"	"ALPL"
2.15201468279299e-63	0.660845178112736	0.285	0.226	7.87658894049063e-59	"S5"	"NCALD"
5.06040214532262e-63	0.333339140797977	0.64	0.614	1.85215778920953e-58	"S5"	"SRGAP1"
1.17038792786573e-62	0.258561862703323	0.706	0.693	4.28373685478136e-58	"S5"	"INTS11"
2.49519567348552e-62	0.615282639718545	0.267	0.205	9.13266568452436e-58	"S5"	"IGF2BP3"
2.90635843670524e-62	0.332778759182716	0.618	0.6	1.06375625141848e-57	"S5"	"DALRD3"
4.03200288253433e-62	0.270226631700151	0.675	0.649	1.47575337503639e-57	"S5"	"GATD3B"
7.63849619187244e-62	0.481725895270459	0.424	0.379	2.79576599118723e-57	"S5"	"ALDH6A1"
8.45285288008082e-62	0.619811355700424	0.399	0.342	3.09382868263838e-57	"S5"	"CPE"
2.05606707973849e-61	0.420891181940462	0.494	0.442	7.52541111855084e-57	"S5"	"ARL4C"
4.23567685889808e-61	0.254314497107171	0.767	0.751	1.55030008712529e-56	"S5"	"CPNE3"
2.32987740271712e-60	0.428372992427299	0.48	0.444	8.52758428168495e-56	"S5"	"WASHC2C"
3.18526633142728e-60	0.305807554635979	0.619	0.595	1.1658393299657e-55	"S5"	"CNRIP1"
5.92784537879631e-60	0.463133412946202	0.531	0.504	2.16965068709324e-55	"S5"	"PYGB"
6.98306041863721e-60	0.421420271347771	0.477	0.437	2.5558699438254e-55	"S5"	"TNS2"
2.54173913795261e-59	0.293709532250739	0.745	0.741	9.30301941882035e-55	"S5"	"RBPJ"
3.47459835663906e-59	0.388800338084289	0.563	0.539	1.27173774451346e-54	"S5"	"OBSL1"
3.84798378028649e-59	0.311315462990396	0.509	0.452	1.40840054342266e-54	"S5"	"TNFAIP2"
7.99575903674561e-59	0.440694934420715	0.432	0.379	2.92652776503926e-54	"S5"	"EPDR1"
8.58312180272553e-59	0.266968545330206	0.719	0.713	3.14150841101557e-54	"S5"	"FIP1L1"
8.63482163641216e-59	0.384782246790709	0.536	0.513	3.16043106714321e-54	"S5"	"MOSPD3"
9.4216726778966e-59	0.401279020701887	0.522	0.489	3.44842641683693e-54	"S5"	"NEU1"
1.52771469839688e-58	0.33070383886768	0.663	0.649	5.59158856760243e-54	"S5"	"MYCBP2"
1.82902076784984e-58	0.255062191050778	0.717	0.709	6.69439891240719e-54	"S5"	"SDF2"
1.92984901185272e-58	0.731611282641015	0.255	0.199	7.06344036828214e-54	"S5"	"MIR99AHG"
2.07274127766018e-58	0.432473347562122	0.479	0.443	7.58644035036403e-54	"S5"	"PTPRS"
2.58780534438278e-58	0.492407247618621	0.388	0.341	9.47162634097541e-54	"S5"	"MOV10"
3.35594016266517e-58	0.414181232048047	0.587	0.567	1.22830765893708e-53	"S5"	"DOK5"
5.15219097401202e-58	0.402336006864341	0.495	0.456	1.88575341839814e-53	"S5"	"UTRN"
1.19632789167989e-57	0.661510817453993	0.252	0.194	4.37867971633757e-53	"S5"	"NYNRIN"
1.32547403734436e-57	0.409279952535754	0.542	0.513	4.85136752408408e-53	"S5"	"BST1"
1.35322109984835e-57	0.357597508078526	0.516	0.473	4.95292454755495e-53	"S5"	"PDZRN3"
1.49884968291065e-57	0.538680087166915	0.376	0.331	5.48593972442127e-53	"S5"	"PCED1A"
1.86481748191199e-57	0.62274196951709	0.276	0.219	6.82541846554607e-53	"S5"	"GSTT2B"
2.27921139553721e-57	0.30862100153911	0.636	0.621	8.34214162880573e-53	"S5"	"ZNHIT3"
4.90870352795136e-57	0.480916678026339	0.413	0.37	1.79663457826548e-52	"S5"	"H6PD"
5.92114803712904e-57	0.284613779067964	0.671	0.651	2.1671993930696e-52	"S5"	"RAB9A"
7.51198607048691e-57	0.279060374241579	0.674	0.66	2.74946202165891e-52	"S5"	"APPL2"
7.91569035395425e-57	0.539925869290366	0.289	0.226	2.8972218264508e-52	"S5"	"LY6K"
8.91545488777264e-57	0.283956820408222	0.836	0.831	3.26314564347367e-52	"S5"	"WTAP"
1.38587123208325e-56	0.298535370637359	0.628	0.606	5.07242729654789e-52	"S5"	"ZNF524"
3.19995218971542e-56	0.44583191162199	0.455	0.405	1.17121450095774e-51	"S5"	"AHNAK2"
4.6677703266888e-56	0.461900651923245	0.432	0.39	1.70845061727137e-51	"S5"	"PROS1"
6.07894889134571e-56	0.308126374288651	0.582	0.544	2.22495608372144e-51	"S5"	"SMAD3"
1.1448648983793e-55	0.430902557860253	0.451	0.416	4.19032001455808e-51	"S5"	"HAUS1"
1.63138457783244e-55	0.560267114490726	0.346	0.292	5.97103069332451e-51	"S5"	"ABCA9"
2.40581565266439e-55	0.283340905396773	0.681	0.656	8.80552587031692e-51	"S5"	"PSMB9"
2.49738621338053e-55	0.537095784635663	0.351	0.298	9.14068327959407e-51	"S5"	"CDC25B"
6.26385739569776e-55	0.537940530855679	0.38	0.332	2.29263444539934e-50	"S5"	"ROR1"
6.56855183666495e-55	0.678328557085795	0.371	0.317	2.40415565773774e-50	"S5"	"WNT2"
8.98303825889899e-55	0.310307640001623	0.603	0.586	3.28788183313962e-50	"S5"	"EIF2D"
1.03049301663694e-54	0.506861725821884	0.409	0.37	3.77170749019287e-50	"S5"	"ANG"
1.07966209295029e-54	0.447244493145249	0.441	0.405	3.95167122640734e-50	"S5"	"CNPY4"
1.46956401676186e-54	0.298050589562621	0.616	0.599	5.37875125775009e-50	"S5"	"FAM92A"
1.90336323049379e-54	0.31866022891233	0.631	0.617	6.96649975993033e-50	"S5"	"PLAGL1"
2.20287230053448e-54	0.28426792274062	0.652	0.64	8.06273290718625e-50	"S5"	"AC010642.2"
4.92556161600242e-54	0.531607957140485	0.347	0.3	1.80280480707305e-49	"S5"	"VPS13B"
5.11832429662614e-54	0.255406267673821	0.763	0.752	1.87335787580813e-49	"S5"	"PALM2-AKAP2"
5.24368852771731e-54	0.489672764002028	0.311	0.251	1.91924243802981e-49	"S5"	"CD82"
5.46321633928944e-54	0.570227619022864	0.306	0.249	1.99959181234333e-49	"S5"	"F10"
7.60894702725929e-54	0.310655259444865	0.588	0.54	2.78495070144717e-49	"S5"	"CBR3"
2.65642741301561e-53	0.377689247674851	0.542	0.522	9.72278997437845e-49	"S5"	"POR"
4.28040293890365e-53	0.354794881478806	0.524	0.504	1.56667027966813e-48	"S5"	"SPG7"
6.19224806311588e-53	0.431727034862148	0.406	0.347	2.26642471358104e-48	"S5"	"CKB"
8.02063418465148e-53	0.552402371097483	0.309	0.258	2.93563231792429e-48	"S5"	"MAP3K12"
1.58536332012164e-52	0.450690203504628	0.394	0.332	5.80258828797722e-48	"S5"	"LRRC17"
2.91383071542022e-52	0.579163408891465	0.317	0.27	1.06649118015095e-47	"S5"	"RPUSD4"
3.02794855310898e-52	0.331840812306921	0.523	0.49	1.10825944992342e-47	"S5"	"EHMT2"
4.57909543681621e-52	0.63633408614253	0.286	0.239	1.6759947208291e-47	"S5"	"BPHL"
5.96451172590215e-52	0.395431362719204	0.558	0.526	2.18307093679745e-47	"S5"	"SPOCD1"
1.0601560574166e-51	0.353995469199103	0.515	0.486	3.8802771857505e-47	"S5"	"LENG8"
2.57204361364737e-51	0.435509765774374	0.39	0.337	9.41393683031073e-47	"S5"	"HEPH"
1.08280457347141e-50	0.324065544233187	0.556	0.537	3.96317301936272e-46	"S5"	"ASMTL"
3.34554227829727e-50	0.358539771610946	0.521	0.498	1.22450192927958e-45	"S5"	"WASHC2A"
3.85320319496677e-50	0.333154234316543	0.536	0.512	1.41031090138979e-45	"S5"	"IRF2"
5.10980183126064e-50	0.563104669860042	0.315	0.267	1.87023856825971e-45	"S5"	"PEX5"
6.4810873616112e-50	0.463834455541717	0.413	0.382	2.37214278522331e-45	"S5"	"RBFA"
8.79057169394096e-50	0.374525865484583	0.493	0.467	3.21743714569933e-45	"S5"	"B9D1"
9.25611834260111e-50	0.617300923172592	0.289	0.244	3.38783187457543e-45	"S5"	"LINC00339"
1.21462351424039e-49	0.660510033684461	0.254	0.204	4.44564352447125e-45	"S5"	"SLC27A3"
2.84875787246579e-49	0.363437137035409	0.492	0.463	1.0426738689012e-44	"S5"	"NBPF1"
3.20763218459001e-49	0.276561784123422	0.656	0.636	1.17402545588179e-44	"S5"	"AAMDC"
4.17571315911209e-49	0.370931599492874	0.469	0.435	1.52835277336662e-44	"S5"	"NAAA"
4.18848148485694e-49	0.361789980605026	0.515	0.487	1.53302610827249e-44	"S5"	"TTC39C"
7.96436955596924e-49	0.36253875494838	0.506	0.481	2.9150389011803e-44	"S5"	"UBE4B"
1.09043797657665e-48	0.283282122623696	0.592	0.575	3.99111203806818e-44	"S5"	"USP33"
1.15007576247297e-48	0.472481052724102	0.403	0.36	4.20939229822731e-44	"S5"	"LITAF"
2.03645273378648e-48	0.25702359713304	0.675	0.666	7.45362065093188e-44	"S5"	"MRPL32"
4.0252655070541e-48	0.361305764866928	0.506	0.482	1.47328742823687e-43	"S5"	"ZNRF1"
4.10375885178063e-48	0.453604798710579	0.397	0.355	1.50201677734023e-43	"S5"	"CCDC8"
5.8070321243786e-48	0.282849914528015	0.606	0.603	2.12543182784381e-43	"S5"	"GALNT2"
1.01649734040747e-47	0.316985850182811	0.568	0.544	3.7204819156254e-43	"S5"	"RARG"
1.37932476588956e-47	0.503615066543224	0.353	0.313	5.04846657563236e-43	"S5"	"NMRK1"
2.07391179204425e-47	0.373779392945565	0.436	0.393	7.59072455006117e-43	"S5"	"POMZP3"
2.17387912271238e-47	0.506801216180197	0.306	0.253	7.95661497703959e-43	"S5"	"DBP"
2.19964208645802e-47	0.387617401701364	0.472	0.44	8.05091000064502e-43	"S5"	"RIN1"
3.90926675882428e-47	0.521778136093697	0.325	0.279	1.43083072639728e-42	"S5"	"TNFRSF14"
7.98308943715348e-47	0.300871567084218	0.57	0.554	2.92189056489254e-42	"S5"	"PTPN2"
1.38475036767761e-46	0.321527223265476	0.513	0.485	5.06832482073684e-42	"S5"	"HOOK2"
1.42241968550511e-46	0.284382925888065	0.566	0.544	5.20619829091725e-42	"S5"	"STAT2"
1.48946436236774e-46	0.523518080737713	0.342	0.302	5.45158851270216e-42	"S5"	"RAB40B"
1.85545226047478e-46	0.283443255624613	0.627	0.619	6.79114081856373e-42	"S5"	"ARMCX6"
3.9276733404419e-46	0.308233339763418	0.572	0.554	1.43756771933514e-41	"S5"	"ELK3"
9.01994200461325e-46	0.509948863786908	0.312	0.261	3.3013889731085e-41	"S5"	"C2orf88"
1.04412275730052e-45	0.49000781909777	0.359	0.314	3.82159370399563e-41	"S5"	"HS6ST1"
1.04287059814455e-44	0.434160950425767	0.432	0.402	3.81701067626888e-40	"S5"	"EBF1"
1.99201888352565e-44	0.278119144606501	0.596	0.587	7.29098831559224e-40	"S5"	"PAF1"
5.13372167350197e-44	0.411066392379651	0.449	0.419	1.87899346971846e-39	"S5"	"C1orf21"
1.42251189277699e-43	0.593782467457508	0.272	0.228	5.20653577875305e-39	"S5"	"FGFRL1"
2.16632732885025e-43	0.472011412930151	0.38	0.344	7.92897465632482e-39	"S5"	"DGKA"
2.45394881225154e-43	0.265061744487112	0.661	0.651	8.98169804772185e-39	"S5"	"HBP1"
5.39403959340403e-43	0.547759438861821	0.286	0.24	1.97427243158181e-38	"S5"	"RILP"
6.31820633713688e-43	0.366274534865549	0.5	0.476	2.31252670145547e-38	"S5"	"TNFSF12"
7.49079103248552e-43	0.301113761387259	0.874	0.875	2.74170442580003e-38	"S5"	"SOD2"
1.21941730193748e-42	0.25441667927029	0.681	0.68	4.46318926682135e-38	"S5"	"GOLM1"
2.30021609725183e-42	0.347916888378623	0.475	0.453	8.41902093755143e-38	"S5"	"ATM"
2.38842751010383e-42	0.411249761067706	0.443	0.416	8.74188352973102e-38	"S5"	"TRAPPC6A"
4.5841228043152e-42	0.405112644526095	0.425	0.394	1.67783478760741e-37	"S5"	"CREBZF"
1.04804891568044e-41	0.49988687968479	0.368	0.332	3.83596383628197e-37	"S5"	"CDKN2C"
2.13596832315968e-41	0.338603376511937	0.508	0.491	7.81785765959673e-37	"S5"	"PLEKHM2"
6.92022531885367e-41	0.533773495844621	0.293	0.252	2.53287166895363e-36	"S5"	"ROBO3"
8.53572454156707e-41	0.265192034606158	0.683	0.666	3.12416053945896e-36	"S5"	"SLC2A3"
1.31436369308873e-40	0.449645041143491	0.393	0.365	4.81070255307405e-36	"S5"	"SGSH"
1.48845812278613e-40	0.546178695239175	0.316	0.278	5.44790557520953e-36	"S5"	"PRR7"
1.51875287961476e-40	0.262007966945068	0.646	0.641	5.55878741467797e-36	"S5"	"LZTS2"
2.12919196320939e-40	0.595776828356464	0.274	0.23	7.7930555045427e-36	"S5"	"PIM3"
5.08767049996949e-40	0.607102204533847	0.251	0.208	1.86213827969383e-35	"S5"	"ZNF395"
7.23730442027656e-40	0.27948064067125	0.581	0.572	2.64892579086542e-35	"S5"	"NTPCR"
1.13616572445499e-39	0.551827949212958	0.302	0.265	4.1584801680777e-35	"S5"	"SNX8"
2.51400667755325e-39	0.250771259183049	0.601	0.575	9.20151584051263e-35	"S5"	"GPC6"
3.23934475032392e-39	0.370750810797555	0.444	0.421	1.18563257206606e-34	"S5"	"IRF3"
3.87540761199288e-39	0.468027373640292	0.341	0.301	1.41843794006551e-34	"S5"	"PIR"
4.44716278591741e-39	0.275850605551815	0.574	0.566	1.62770605127363e-34	"S5"	"INTS10"
8.46013068661376e-39	0.354403792481761	0.656	0.65	3.0964924326075e-34	"S5"	"FAM20A"
1.20386191792567e-38	0.461855972618766	0.358	0.324	4.40625500579976e-34	"S5"	"FAM13A"
1.30203912373765e-38	0.338019808891413	0.454	0.427	4.76559339679215e-34	"S5"	"PARP4"
1.74932922146958e-38	0.326963519025701	0.499	0.482	6.4027198835008e-34	"S5"	"GSTA4"
2.53968319405721e-38	0.343835951646236	0.511	0.497	9.29549445856878e-34	"S5"	"GNPDA1"
3.22449944985304e-38	0.422125995209672	0.387	0.358	1.18019904364071e-33	"S5"	"RABL2B"
3.67015564441508e-38	0.375302764775885	0.467	0.446	1.34331366741236e-33	"S5"	"PLSCR4"
4.36399429829678e-38	0.621977357471577	0.315	0.278	1.59726555311961e-33	"S5"	"RGS3"
5.49430476352596e-38	0.258764075042879	0.592	0.587	2.01097048649814e-33	"S5"	"CINP"
1.13091913253067e-37	0.393412985488475	0.427	0.399	4.13927711697551e-33	"S5"	"SSPN"
1.43960439989433e-37	0.259310701141162	0.602	0.6	5.26909606405325e-33	"S5"	"B3GAT3"
2.33712887668774e-37	0.465813684156583	0.318	0.28	8.55412540156478e-33	"S5"	"NBPF14"
2.94226829303166e-37	0.254101587630527	0.627	0.624	1.07689961793252e-32	"S5"	"TMEM120A"
3.96801778500354e-37	0.3395626138568	0.527	0.501	1.45233418948915e-32	"S5"	"ABCA8"
5.69699186174006e-37	0.456579558176161	0.4	0.372	2.08515599131548e-32	"S5"	"EIF4EBP3"
1.15029202062777e-36	0.337669030240229	0.461	0.439	4.21018382469972e-32	"S5"	"SRD5A3"
1.63600547798565e-36	0.326160639310168	0.491	0.476	5.9879436499753e-32	"S5"	"ETFRF1"
1.6655602089729e-36	0.295130991021532	0.545	0.534	6.0961169208617e-32	"S5"	"FMC1"
2.10667044037962e-36	0.542604726889261	0.278	0.233	7.71062447883343e-32	"S5"	"SEZ6L2"
2.16932175264113e-36	0.278262956066123	0.59	0.583	7.93993454684181e-32	"S5"	"CARD19"
5.68756891674246e-36	0.395922678860442	0.412	0.385	2.08170709921691e-31	"S5"	"RIN2"
6.17189369630235e-36	0.345444792137704	0.484	0.47	2.25897481178362e-31	"S5"	"PHYH"
8.82401129532681e-36	0.304898641202845	0.53	0.522	3.22967637420257e-31	"S5"	"NIPSNAP1"
1.38386504743282e-35	0.292540216742718	0.605	0.604	5.06508446010885e-31	"S5"	"DNMT1"
1.42022284223432e-35	0.302836915398534	0.339	0.287	5.19815762486183e-31	"S5"	"NTN4"
1.94022431886077e-35	0.344251160077002	0.468	0.452	7.10141502946232e-31	"S5"	"CHKB"
8.158739872146e-35	0.323636254634575	0.481	0.46	2.98618038060416e-30	"S5"	"CYB561"
9.34751078658002e-35	0.463501039940435	0.319	0.285	3.42128242299615e-30	"S5"	"ABCB7"
2.31512941896115e-34	0.388577906941628	0.414	0.393	8.4736051863397e-30	"S5"	"VPS16"
2.77135605438072e-34	0.486826422388547	0.358	0.331	1.01434402946389e-29	"S5"	"LINC02381"
4.24462716310916e-34	0.28885209032249	0.502	0.486	1.55357598796958e-29	"S5"	"RSRC1"
6.16315735782666e-34	0.552923159242955	0.275	0.239	2.25577722453814e-29	"S5"	"CSKMT"
6.75042981316354e-34	0.344522437838807	0.442	0.409	2.47072481591599e-29	"S5"	"BACE2"
8.36009658354998e-34	0.406007067830854	0.347	0.308	3.05987895054513e-29	"S5"	"GBP2"
1.45977518739637e-33	0.466581380606186	0.367	0.339	5.34292316338944e-29	"S5"	"ARSJ"
1.4636535702525e-33	0.451003649135781	0.373	0.348	5.35711843248116e-29	"S5"	"MALT1"
4.24787520577546e-33	0.380673184815557	0.41	0.385	1.55476480406587e-28	"S5"	"SLC39A4"
5.81952308628136e-33	0.284113497112309	0.499	0.481	2.13000364480984e-28	"S5"	"BCL2L1"
6.77245929044763e-33	0.260850062350146	0.605	0.598	2.47878782489674e-28	"S5"	"SLC4A7"
8.76423694848889e-33	0.468040683007671	0.358	0.329	3.20779836551642e-28	"S5"	"BMPER"
9.74210633175721e-33	0.482770480922197	0.299	0.265	3.56570833848646e-28	"S5"	"TPCN1"
1.57059262620588e-32	0.295678734339044	0.532	0.524	5.74852607117616e-28	"S5"	"SNX21"
1.71493491735515e-32	0.27468565470349	0.556	0.539	6.27683329101159e-28	"S5"	"TMEM173"
2.26757413727761e-32	0.409993677637499	0.386	0.365	8.29954809984977e-28	"S5"	"IL17RC"
3.42018873712395e-32	0.62832183479938	0.265	0.229	1.25182327967474e-27	"S5"	"VIT"
3.87714183786125e-32	0.364037867692124	0.436	0.42	1.4190726840756e-27	"S5"	"WDR6"
5.01837230362829e-32	0.482530086280375	0.381	0.354	1.83677444685099e-27	"S5"	"ERCC6"
6.17483967067874e-32	0.348146140409188	0.464	0.45	2.26005306786512e-27	"S5"	"NPHP3"
6.69691736284729e-32	0.302762423797584	0.487	0.478	2.45113872397574e-27	"S5"	"KCTD3"
7.10812667891627e-32	0.526630194751613	0.291	0.249	2.60164544575015e-27	"S5"	"QPRT"
7.11766707187252e-32	0.339220480141128	0.449	0.433	2.60513732497606e-27	"S5"	"ZNF277"
7.2544810098763e-32	0.328599640798729	0.451	0.429	2.65521259442482e-27	"S5"	"IFT80"
7.30568135876886e-32	0.422456615544122	0.35	0.32	2.67395243412299e-27	"S5"	"KIAA0930"
9.7527223077039e-32	0.317731534796695	0.485	0.477	3.56959389184271e-27	"S5"	"FNBP1"
1.44247553050229e-31	0.279462824713454	0.541	0.539	5.27960468919144e-27	"S5"	"SIRT2"
1.70961110555602e-31	0.427393716512043	0.501	0.452	6.2573476074456e-27	"S5"	"PENK"
2.27874648864494e-31	0.494231214998154	0.279	0.244	8.34044002308935e-27	"S5"	"EEF2K"
3.4480545221333e-31	0.413713276658258	0.357	0.33	1.26202243564601e-26	"S5"	"SLC39A10"
3.86572201401789e-31	0.314232526471302	0.484	0.471	1.41489291435069e-26	"S5"	"SP3"
5.87630686969113e-31	0.441887229046376	0.317	0.284	2.15078707737565e-26	"S5"	"ZNF521"
7.08728191684388e-31	0.318122101226922	0.445	0.423	2.59401605438403e-26	"S5"	"APOBEC3C"
1.4008893008927e-30	0.526471383546488	0.28	0.248	5.12739493019739e-26	"S5"	"CDC14B"
1.73509018989964e-30	0.495705869342698	0.314	0.275	6.35060360405167e-26	"S5"	"DUSP6"
2.45068888901907e-30	0.450336014305418	0.331	0.3	8.96976640269872e-26	"S5"	"PKDCC"
3.07370438517769e-30	0.260261539739024	0.599	0.602	1.12500654201888e-25	"S5"	"NFKBIL1"
3.13832742782863e-30	0.319723259953161	0.49	0.485	1.14865922185956e-25	"S5"	"RNF141"
3.70382231117923e-30	0.30728128024577	0.484	0.471	1.35563600411471e-25	"S5"	"HSD17B11"
3.80307636481711e-30	0.555133904819049	0.26	0.227	1.39196398028671e-25	"S5"	"SSH3"
6.98478437806695e-30	0.40329142836934	0.368	0.345	2.55650093021629e-25	"S5"	"NDRG3"
1.00493023931086e-29	0.480353355818003	0.312	0.283	3.67814516890169e-25	"S5"	"LPCAT3"
1.26209047888544e-29	0.392997706206315	0.492	0.449	4.6193773617686e-25	"S5"	"MEST"
1.73873087775625e-29	0.605809386693424	0.253	0.219	6.36392888567565e-25	"S5"	"MAP3K7CL"
1.90042392386943e-29	0.406560606643231	0.317	0.283	6.95574160375452e-25	"S5"	"SNHG9"
2.40411268936521e-29	0.397239605832003	0.445	0.409	8.79929285434561e-25	"S5"	"CD9"
3.32436675824687e-29	0.278336290034681	0.522	0.518	1.21675147718594e-24	"S5"	"SMARCD2"
4.18104395712774e-29	0.510287115215619	0.28	0.249	1.53030389874832e-24	"S5"	"HECTD3"
7.12713786217212e-29	0.315277882250529	0.452	0.441	2.60860372893362e-24	"S5"	"MMS19"
8.21659329861954e-29	0.460371245066372	0.335	0.313	3.00735531322774e-24	"S5"	"SARS2"
8.32357186305496e-29	0.315083318980114	0.559	0.559	3.04651053759675e-24	"S5"	"NFYB"
8.6444653093883e-29	0.347230460659328	0.418	0.402	3.16396074788921e-24	"S5"	"XPA"
1.19057174829978e-28	0.334947904156981	0.428	0.408	4.35761165595203e-24	"S5"	"RAP2B"
1.25411840463645e-28	0.317859329006551	0.447	0.431	4.59019877280986e-24	"S5"	"HIBCH"
1.94830634800477e-28	0.378078395698119	0.445	0.428	7.13099606433225e-24	"S5"	"CCDC34"
3.35057569552804e-28	0.302834127847574	0.46	0.449	1.22634421032022e-23	"S5"	"CCDC115"
3.41678179823064e-28	0.309526493768919	0.486	0.478	1.2505763059704e-23	"S5"	"PARP3"
4.7440841943243e-28	0.447214258201768	0.32	0.288	1.73638225596464e-23	"S5"	"ZNF667-AS1"
6.57966955663258e-28	0.447476783262016	0.318	0.29	2.40822485442309e-23	"S5"	"C12orf76"
9.89513313103138e-28	0.489445970194696	0.322	0.296	3.6217176772888e-23	"S5"	"ST7"
1.25188437726052e-27	0.257887372618551	0.501	0.484	4.58202200921122e-23	"S5"	"SPATC1L"
1.28425013949045e-27	0.274600967469035	0.502	0.496	4.70048393554898e-23	"S5"	"ZFC3H1"
1.52522207963941e-27	0.385738386073693	0.393	0.367	5.5824653336882e-23	"S5"	"USP53"
1.62363016977912e-27	0.331460494897585	0.416	0.395	5.94264878440854e-23	"S5"	"NAB2"
1.68338097618477e-27	0.27596711346908	0.494	0.482	6.16134271093386e-23	"S5"	"SMIM29"
2.07749479826117e-27	0.398204019560886	0.346	0.322	7.60383871111569e-23	"S5"	"STK3"
2.40601565369176e-27	0.353225083477033	0.427	0.414	8.80625789407723e-23	"S5"	"MAP2K5"
2.56049915047797e-27	0.401166905907642	0.367	0.346	9.37168294066443e-23	"S5"	"NT5DC1"
4.24655163997161e-27	0.391499580577272	0.351	0.328	1.55428036574601e-22	"S5"	"ANKRD10"
6.68381944325176e-27	0.393888951880998	0.367	0.344	2.44634475442458e-22	"S5"	"ZNF703"
7.53792291986003e-27	0.251188264844415	0.561	0.565	2.75895516789797e-22	"S5"	"YES1"
8.87139018407944e-27	0.385394547465029	0.352	0.326	3.24701752127491e-22	"S5"	"SCFD2"
1.15857694066524e-26	0.258604477779092	0.525	0.525	4.24050746052885e-22	"S5"	"HSCB"
3.54353448770754e-26	0.430217879904561	0.324	0.294	1.29696905784584e-21	"S5"	"FUOM"
4.32807858561859e-26	0.259963850230208	0.534	0.536	1.58412004312226e-21	"S5"	"RETREG2"
4.46673306898498e-26	0.398550314781651	0.365	0.34	1.63486897057919e-21	"S5"	"CDC42EP4"
4.60138009382955e-26	0.410289725151738	0.363	0.34	1.68415112814255e-21	"S5"	"CHST11"
4.78317209073034e-26	0.262535730188188	0.542	0.543	1.75068881692821e-21	"S5"	"PON2"
5.05244343363869e-26	0.464590227867591	0.292	0.259	1.8492448211461e-21	"S5"	"TCF7"
5.35117070830958e-26	0.31461334558357	0.452	0.441	1.95858199094839e-21	"S5"	"WASF3"
6.46841623534196e-26	0.300342338126289	0.447	0.437	2.36750502629751e-21	"S5"	"CREBL2"
1.2118918771531e-25	0.457027646913144	0.318	0.284	4.43564545956807e-21	"S5"	"CDKN1C"
1.29906283563526e-25	0.312133434789769	0.506	0.504	4.7546998847086e-21	"S5"	"SNTA1"
2.32803823231152e-25	0.382313444179463	0.36	0.34	8.52085273408338e-21	"S5"	"DHRS1"
3.94405479362246e-25	0.364249001898185	0.381	0.364	1.44356349501376e-20	"S5"	"OCEL1"
4.88042977878054e-25	0.388241934055118	0.342	0.32	1.78628610333147e-20	"S5"	"MINK1"
5.32986019296898e-25	0.433203701999538	0.271	0.239	1.95078212922858e-20	"S5"	"TRANK1"
6.42188884731309e-25	0.443146736743619	0.298	0.27	2.35047553700507e-20	"S5"	"SOS1"
1.36854235284313e-24	0.324680022446188	0.4	0.384	5.00900186564115e-20	"S5"	"CRYZ"
1.45933667878279e-24	0.271805325898601	0.521	0.525	5.3413181780129e-20	"S5"	"SDR39U1"
1.54897980541085e-24	0.359674978330465	0.423	0.42	5.66942098578426e-20	"S5"	"B4GALT3"
2.24202077702711e-24	0.474227524800266	0.285	0.26	8.20602024599692e-20	"S5"	"MTG2"
2.31898311854356e-24	0.336782297907334	0.391	0.374	8.4877101121813e-20	"S5"	"SFXN3"
2.47796609084458e-24	0.436306162399799	0.313	0.285	9.06960368910025e-20	"S5"	"ARRDC3"
3.5268276600402e-24	0.293184804899868	0.473	0.47	1.29085419185131e-19	"S5"	"TMEM50B"
3.66864972953403e-24	0.364444521001748	0.406	0.393	1.34276248750675e-19	"S5"	"AGAP2-AS1"
5.22893348885782e-24	0.368772423260611	0.376	0.356	1.91384194625685e-19	"S5"	"HACD4"
1.21130283938105e-23	0.368827447575765	0.362	0.344	4.43348952241858e-19	"S5"	"SLC22A17"
1.28793027751368e-23	0.263217143266326	0.503	0.497	4.71395360872783e-19	"S5"	"ABRACL"
2.88320109151337e-23	0.462505645316957	0.262	0.234	1.05528043150481e-18	"S5"	"UBA7"
3.74316971677564e-23	0.290270229596293	0.433	0.42	1.37003754803705e-18	"S5"	"ABCC1"
6.07893913729527e-23	0.367387154475162	0.408	0.396	2.22495251364144e-18	"S5"	"FZD1"
7.77388931781729e-23	0.519576350059216	0.252	0.22	2.84532122921431e-18	"S5"	"DEPP1"
9.33185206241012e-23	0.440801118859825	0.295	0.273	3.41555117336273e-18	"S5"	"LRRK1"
9.3733562322496e-23	0.280214272850443	0.438	0.427	3.43074211456567e-18	"S5"	"SKAP2"
1.08498594591367e-22	0.299812045001241	0.458	0.456	3.97115706063863e-18	"S5"	"SBF2"
1.10464167084577e-22	0.441296400655975	0.278	0.254	4.04309897946262e-18	"S5"	"TRMT61B"
1.54582476758995e-22	0.33107332277393	0.413	0.402	5.65787323185598e-18	"S5"	"FLT3LG"
2.00204579513934e-22	0.37335514186981	0.33	0.309	7.32768781478948e-18	"S5"	"RBM43"
2.78635985173446e-22	0.287153895903205	0.47	0.467	1.01983556933333e-17	"S5"	"BACH1"
3.48449063934906e-22	0.280824488575498	0.468	0.467	1.27535841890815e-17	"S5"	"TSPAN6"
5.1741749323787e-22	0.421558606164205	0.31	0.287	1.89379976699993e-17	"S5"	"AVPI1"
5.77528837501435e-22	0.342855009288786	0.381	0.367	2.113813298139e-17	"S5"	"SPACA9"
6.08623840490983e-22	0.273009055518714	0.467	0.463	2.22762411858105e-17	"S5"	"TMEM99"
6.3823840782378e-22	0.426971854774491	0.301	0.277	2.33601639647582e-17	"S5"	"PCAT6"
7.9574329461744e-22	0.263667447601105	0.467	0.448	2.91250003262929e-17	"S5"	"TMEM59L"
1.32348460899118e-21	0.435065639766153	0.32	0.299	4.84408601736862e-17	"S5"	"EGFL7"
1.3362340053479e-21	0.261935956354293	0.475	0.477	4.89075008297386e-17	"S5"	"TMEM101"
1.43740946185638e-21	0.380623478657252	0.348	0.332	5.26106237134055e-17	"S5"	"MCOLN1"
1.84360087165584e-21	0.307223154965889	0.406	0.391	6.74776355034755e-17	"S5"	"BAIAP2"
2.32485051226946e-21	0.283609928892004	0.466	0.465	8.50918535995745e-17	"S5"	"GEMIN8"
2.95065198918106e-21	0.283451013655345	0.482	0.485	1.07996813456016e-16	"S5"	"RANGRF"
3.01503070150981e-21	0.466671689472411	0.291	0.269	1.1035313870596e-16	"S5"	"EFNB1"
4.9612024856594e-21	0.254658925090322	0.485	0.483	1.8158497217762e-16	"S5"	"NIT1"
5.36248982951678e-21	0.43621175065975	0.299	0.279	1.96272490250144e-16	"S5"	"RGL2"
5.97095963299725e-21	0.404030987184349	0.345	0.32	2.18543093527332e-16	"S5"	"C1QTNF1"
6.78852542502153e-21	0.414590775970623	0.421	0.409	2.48466819081213e-16	"S5"	"FOSL1"
1.57918788253051e-20	0.275460832425712	0.44	0.433	5.7799855688499e-16	"S5"	"B4GAT1"
2.35977930865836e-20	0.378603078641904	0.37	0.359	8.63702824762048e-16	"S5"	"NUMBL"
3.9537937673667e-20	0.255554670612123	0.481	0.483	1.44712805679389e-15	"S5"	"STARD3"
4.1970850307073e-20	0.300184793482863	0.447	0.446	1.53617509208918e-15	"S5"	"KCTD9"
4.90842668384593e-20	0.395993007957496	0.322	0.303	1.79653325055445e-15	"S5"	"C1QTNF6"
7.38845076933942e-20	0.416301224908262	0.25	0.223	2.70424686608592e-15	"S5"	"LINC02202"
1.06799742844613e-19	0.381880136878691	0.304	0.284	3.9089773878557e-15	"S5"	"OSBPL5"
1.16698597370936e-19	0.287479007482544	0.427	0.422	4.27128536237364e-15	"S5"	"TMEM69"
1.23144129909958e-19	0.430323658927295	0.28	0.258	4.50719829883437e-15	"S5"	"FBXL8"
1.32186435912923e-19	0.455078164359801	0.26	0.236	4.8381557408489e-15	"S5"	"MINCR"
2.39056934725407e-19	0.281346847725236	0.412	0.407	8.74972286788463e-15	"S5"	"PIAS1"
3.09805263034904e-19	0.361194086314762	0.292	0.27	1.13391824323405e-14	"S5"	"EVC"
5.07305313532523e-19	0.430630349460076	0.271	0.25	1.85678817806039e-14	"S5"	"LPCAT1"
5.51300806294943e-19	0.264751259451753	0.443	0.439	2.01781608112012e-14	"S5"	"PIK3R2"
6.9663785938762e-19	0.297260838028769	0.426	0.415	2.54976422914463e-14	"S5"	"STARD10"
7.6419055393404e-19	0.254721222371508	0.39	0.373	2.79701384645398e-14	"S5"	"GSR"
9.38944420807952e-19	0.348974442307279	0.338	0.322	3.43663047459918e-14	"S5"	"PDP1"
1.04952785290737e-18	0.270204211659121	0.527	0.513	3.84137689442627e-14	"S5"	"GEM"
1.10162726182512e-18	0.267081313122026	0.521	0.507	4.03206594100613e-14	"S5"	"STMN1"
1.10549406778191e-18	0.31854622412563	0.375	0.364	4.04621883748858e-14	"S5"	"HHLA3"
1.521664927977e-18	0.396673840874544	0.29	0.27	5.56944580288863e-14	"S5"	"TTC7A"
1.75448465063659e-18	0.265456543210698	0.418	0.412	6.42158926979499e-14	"S5"	"PPIL3"
2.03248601241626e-18	0.378639434200268	0.315	0.295	7.43910205404474e-14	"S5"	"HIST1H2BK"
2.3936731670163e-18	0.26312525125846	0.431	0.428	8.76108315859635e-14	"S5"	"BTBD2"
2.47917100162369e-18	0.278116043789032	0.465	0.458	9.07401378304287e-14	"S5"	"FDXR"
2.8953354541906e-18	0.322477495829421	0.365	0.356	1.0597217295883e-13	"S5"	"PTPRG"
3.12809617847766e-18	0.284078344539674	0.423	0.42	1.14491448228461e-13	"S5"	"SUN1"
3.16083336146111e-18	0.353805452083724	0.342	0.329	1.15689661862838e-13	"S5"	"CREBRF"
3.52942524058463e-18	0.450612077738325	0.275	0.256	1.29180493230638e-13	"S5"	"HEXD"
4.9336981624185e-18	0.273366852415224	0.429	0.426	1.80578286442679e-13	"S5"	"EEF1AKMT1"
8.77601816782822e-18	0.394956336982993	0.286	0.267	3.21211040960681e-13	"S5"	"ACOX2"
1.51558607992705e-17	0.369498387386189	0.321	0.308	5.547196611141e-13	"S5"	"DVL2"
1.95761477208237e-17	0.415198281285257	0.35	0.342	7.16506582729866e-13	"S5"	"C17orf58"
2.12466004551721e-17	0.389441007881619	0.302	0.285	7.77646823259753e-13	"S5"	"TRIM52-AS1"
3.11963403815555e-17	0.262895813414002	0.571	0.581	1.14181725430531e-12	"S5"	"SWAP70"
3.69743782937099e-17	0.375515254810252	0.303	0.286	1.35329921992808e-12	"S5"	"RRAGB"
4.47982572185145e-17	0.349404553553441	0.315	0.295	1.63966101245485e-12	"S5"	"ECM2"
4.49403119061993e-17	0.265187599305773	0.459	0.454	1.6448603560788e-12	"S5"	"LRRC32"
5.07772221520213e-17	0.357048105841399	0.334	0.317	1.85849710798613e-12	"S5"	"TLE1"
5.77628757645412e-17	0.402194899467219	0.282	0.263	2.11417901585797e-12	"S5"	"NFASC"
6.73212709103896e-17	0.280474718525152	0.445	0.449	2.46402583659117e-12	"S5"	"SLC41A3"
1.02564142286376e-16	0.271346617352214	0.418	0.417	3.75395017182366e-12	"S5"	"MCEE"
1.12305324109805e-16	0.446237700766593	0.251	0.231	4.11048716774298e-12	"S5"	"HS1BP3"
1.18266857351547e-16	0.312216317017297	0.329	0.315	4.32868524592396e-12	"S5"	"EXTL2"
1.18273841931407e-16	0.324579037844143	0.375	0.37	4.32894088853142e-12	"S5"	"GALNT11"
1.72153005432886e-16	0.380058174051991	0.27	0.247	6.30097215184907e-12	"S5"	"NOTCH3"
1.99266207057853e-16	0.403487745510165	0.302	0.289	7.29334244452449e-12	"S5"	"GALT"
2.02073250112282e-16	0.287349330472744	0.418	0.417	7.39608302735965e-12	"S5"	"INO80B"
2.2607437905732e-16	0.372043105986208	0.292	0.274	8.27454834787696e-12	"S5"	"FNDC4"
3.09045390423687e-16	0.273426367271832	0.424	0.425	1.13113703348974e-11	"S5"	"MED11"
4.3718913063286e-16	0.295346984825851	0.382	0.377	1.60015593702933e-11	"S5"	"SPIDR"
6.0869570613985e-16	0.28199954319751	0.427	0.426	2.22788715404246e-11	"S5"	"SYT11"
6.47190013316922e-16	0.269503014180409	0.444	0.449	2.36878016774126e-11	"S5"	"PHF1"
6.4757313455388e-16	0.415824583445661	0.292	0.276	2.37018242978066e-11	"S5"	"KLHDC8B"
7.76318818754648e-16	0.269838963204868	0.407	0.405	2.84140450852389e-11	"S5"	"TBCK"
7.96285801625834e-16	0.298399086058435	0.363	0.354	2.91448566253072e-11	"S5"	"INF2"
1.07638636303131e-15	0.270317580041914	0.428	0.43	3.9396817273309e-11	"S5"	"EML3"
1.12484400076331e-15	0.353663447862211	0.339	0.331	4.11704152719378e-11	"S5"	"TMEM8A"
1.48759895938388e-15	0.38399357445992	0.306	0.294	5.44476095124094e-11	"S5"	"NAALADL1"
2.90198824448631e-15	0.421153855097242	0.255	0.236	1.06215671736443e-10	"S5"	"EPB41L1"
2.99828991048699e-15	0.396107902827673	0.272	0.256	1.09740409013734e-10	"S5"	"NLGN2"
3.43939534887965e-15	0.375308005661628	0.293	0.279	1.25885309164344e-10	"S5"	"NECAB3"
4.1762677739986e-15	0.420127707275887	0.251	0.233	1.52855576796123e-10	"S5"	"NECTIN3"
4.1774934640804e-15	0.347228763593949	0.315	0.301	1.52900438278807e-10	"S5"	"POLL"
4.95159001524052e-15	0.290446741412125	0.309	0.288	1.81233146147818e-10	"S5"	"SEPTIN6"
5.48354962111378e-15	0.393684323775439	0.367	0.361	2.00703399682386e-10	"S5"	"ADA"
5.54376273558072e-15	0.338046599958212	0.329	0.32	2.0290725988499e-10	"S5"	"PGS1"
5.9599753646542e-15	0.256684269218571	0.486	0.5	2.18141058321708e-10	"S5"	"RAB8B"
6.37183470446609e-15	0.390375864360461	0.298	0.284	2.33215522018163e-10	"S5"	"SLC25A23"
6.84596498610495e-15	0.254087418300846	0.479	0.489	2.50569164456427e-10	"S5"	"RIDA"
6.90931200293078e-15	0.312294085776492	0.368	0.362	2.5288772861927e-10	"S5"	"MAP4K3-DT"
6.9465656909469e-15	0.260184209118437	0.422	0.426	2.54251250854347e-10	"S5"	"C2orf49"
2.07649560391375e-14	0.252819911249469	0.423	0.424	7.6001815598847e-10	"S5"	"PDK2"
2.13473492660805e-14	0.388736876111437	0.266	0.249	7.81334330487812e-10	"S5"	"ENDOD1"
2.1821109056445e-14	0.341737695699117	0.313	0.297	7.98674412574945e-10	"S5"	"ATP8B1"
2.46781345884825e-14	0.329420248656328	0.297	0.282	9.03244404073047e-10	"S5"	"ZNF83"
2.61559031254924e-14	0.270881663610752	0.41	0.412	9.57332210296148e-10	"S5"	"RUFY3"
2.63438383962101e-14	0.393664357888971	0.283	0.269	9.64210829139685e-10	"S5"	"HSD11B1L"
3.13562979657411e-14	0.279678816257516	0.395	0.392	1.14767186184409e-09	"S5"	"FLOT2"
3.99779201630365e-14	0.345939214532563	0.31	0.298	1.4632318558873e-09	"S5"	"MAPKAPK3"
4.28265891406336e-14	0.272419988243123	0.387	0.386	1.56749598913633e-09	"S5"	"APBB1"
5.8009225868719e-14	0.27940834663928	0.388	0.386	2.12319567602098e-09	"S5"	"ZNF226"
6.34336551779726e-14	0.405128189469265	0.267	0.255	2.32173521316897e-09	"S5"	"GALK2"
6.61442960784065e-14	0.304930261204006	0.339	0.329	2.42094738076575e-09	"S5"	"LHFPL2"
8.88270803205199e-14	0.29721530670363	0.3	0.279	3.25115996681135e-09	"S5"	"FAM43A"
9.37329076978982e-14	0.252025259071101	0.394	0.391	3.43071815465077e-09	"S5"	"CCDC127"
1.08017665393194e-13	0.332117905413678	0.334	0.327	3.95355457105628e-09	"S5"	"ETFDH"
2.77760938690197e-13	0.256546774529712	0.389	0.382	1.01663281169999e-08	"S5"	"ITGA4"
3.3727849876043e-13	0.348431878598424	0.26	0.243	1.23447303331305e-08	"S5"	"BTN3A3"
3.85864363295807e-13	0.323013085852131	0.311	0.299	1.41230215609898e-08	"S5"	"AUTS2"
6.84794813928673e-13	0.344848903079735	0.29	0.279	2.50641749846033e-08	"S5"	"STN1"
7.1060569083758e-13	0.258724242489025	0.376	0.372	2.60088788903463e-08	"S5"	"TRIM38"
8.17323680161892e-13	0.264267601526985	0.381	0.38	2.99148640176054e-08	"S5"	"ZFAND2A"
8.81817329991958e-13	0.342295775438615	0.314	0.303	3.22753960950356e-08	"S5"	"LPIN1"
9.90635346457015e-13	0.364103095322299	0.275	0.262	3.62582443156732e-08	"S5"	"NHEJ1"
1.08943557538711e-12	0.372219205609483	0.276	0.265	3.98744314947438e-08	"S5"	"NAPRT"
1.11699865367573e-12	0.290799042279339	0.383	0.379	4.08832677231853e-08	"S5"	"C14orf132"
1.34851923425255e-12	0.29575566736061	0.347	0.343	4.93571524928774e-08	"S5"	"LZTFL1"
1.67151849519779e-12	0.361991182152859	0.261	0.245	6.11792484427342e-08	"S5"	"TCEAL7"
1.89033862276761e-12	0.282719042338823	0.384	0.384	6.91882839319175e-08	"S5"	"POGLUT3"
2.01071823844288e-12	0.270325245409144	0.396	0.398	7.3594298245248e-08	"S5"	"RILPL2"
2.48430847018602e-12	0.336547785913354	0.284	0.271	9.09281743172787e-08	"S5"	"MRNIP"
2.81451516328618e-12	0.332054756482543	0.339	0.335	1.03014069491437e-07	"S5"	"SMAP2"
3.78916926736608e-12	0.293218976633677	0.331	0.325	1.38687384354866e-07	"S5"	"PEX6"
3.94719761474152e-12	0.308312774243865	0.324	0.317	1.44471379897155e-07	"S5"	"PITPNA-AS1"
4.03519123663149e-12	0.437816526536715	0.281	0.268	1.47692034451949e-07	"S5"	"ISYNA1"
4.10601545452189e-12	0.287878006169912	0.323	0.314	1.50284271650956e-07	"S5"	"TRAFD1"
4.4702362010719e-12	0.386879076373992	0.257	0.245	1.63615115195432e-07	"S5"	"PPP1R3F"
4.49071581418457e-12	0.264476101432222	0.331	0.324	1.64364689514969e-07	"S5"	"DENND4C"
5.21050917155512e-12	0.389976660494904	0.264	0.252	1.90709846188089e-07	"S5"	"GABPB1-IT1"
5.45720610411189e-12	0.387402849844211	0.253	0.24	1.99739200616599e-07	"S5"	"TMEM187"
8.05643651464602e-12	0.258482006748266	0.406	0.412	2.94873632872559e-07	"S5"	"C18orf21"
9.03835970661775e-12	0.250483351030434	0.413	0.416	3.30813003621916e-07	"S5"	"EHD1"
1.49623433793131e-11	0.270381377598738	0.36	0.359	5.47636730026238e-07	"S5"	"SKIV2L"
2.00070993396002e-11	0.256370499709135	0.423	0.432	7.32279842928708e-07	"S5"	"PPM1M"
2.49423430839229e-11	0.267129861304424	0.393	0.396	9.12914699214661e-07	"S5"	"CD27-AS1"
3.0449917570562e-11	0.336663944427996	0.269	0.258	1.11449743300014e-06	"S5"	"INTS5"
4.32825116384855e-11	0.314245054554392	0.268	0.254	1.58418320848021e-06	"S5"	"DNMBP"
9.97716593990672e-11	0.277311191227386	0.36	0.361	3.65174250566526e-06	"S5"	"TMEM254"
1.00913199584081e-10	0.340738652632036	0.282	0.275	3.69352401797694e-06	"S5"	"SH2B1"
1.28740579368497e-10	0.3000329902117	0.316	0.309	4.71203394546635e-06	"S5"	"CUL4B"
1.59608178555091e-10	0.286831256302305	0.379	0.384	5.84181894329488e-06	"S5"	"MICAL1"
2.22040557603739e-10	0.281379463830175	0.363	0.363	8.12690644885446e-06	"S5"	"SBNO2"
2.38704092311959e-10	0.300236713135322	0.31	0.305	8.73680848271003e-06	"S5"	"TPT1-AS1"
3.31110488410185e-10	0.353123492948768	0.263	0.255	1.21189749863012e-05	"S5"	"PUDP"
4.45416963797377e-10	0.264328484364855	0.343	0.338	1.63027062919478e-05	"S5"	"AK5"
4.88764966523018e-10	0.339904182188774	0.285	0.277	1.7889286539709e-05	"S5"	"TBC1D1"
5.41868242968294e-10	0.328178288236799	0.255	0.244	1.98329195608825e-05	"S5"	"BBS1"
5.42820120039835e-10	0.291126122126008	0.334	0.334	1.9867759213578e-05	"S5"	"CEP85L"
5.48568483616828e-10	0.944098329749742	0.352	0.348	2.00781550688595e-05	"S5"	"SFRP1"
6.06563687540523e-10	0.315520197627507	0.258	0.247	2.22008375276707e-05	"S5"	"EPHB4"
1.27008587772072e-09	0.289080421246886	0.406	0.414	4.6486413210456e-05	"S5"	"PRXL2C"
1.55952796770453e-09	0.305860989751509	0.323	0.322	5.70802831459534e-05	"S5"	"SMIM27"
2.13787292858362e-09	0.316326081909576	0.286	0.28	7.82482870590892e-05	"S5"	"MMP19"
2.26383864222304e-09	0.34113105941341	0.253	0.241	8.28587581440055e-05	"S5"	"PRIM2"
2.95042902956739e-09	0.25566606153065	0.377	0.384	0.000107988652911196	"S5"	"CRYZL1"
3.0366556127664e-09	0.250157397895521	0.388	0.399	0.000111144632082863	"S5"	"OSGEP"
4.68551849221959e-09	0.384792605861331	0.261	0.254	0.000171494662333729	"S5"	"SOBP"
5.07309307727996e-09	0.250175204271945	0.273	0.261	0.000185680279721524	"S5"	"DOCK5"
6.54447208084515e-09	0.286754985960714	0.329	0.33	0.000239534222631013	"S5"	"AMD1"
7.72039171106713e-09	0.297574273595363	0.278	0.269	0.000282574057016768	"S5"	"KLHL24"
8.45027970285986e-09	0.260363578256238	0.357	0.362	0.000309288687404374	"S5"	"KLHL22"
1.08348141762944e-08	0.329786611891082	0.311	0.311	0.00039656503366655	"S5"	"CCDC51"
1.18143896139545e-08	0.255672181010687	0.324	0.322	0.000432418474260348	"S5"	"SP110"
2.44209746075414e-08	0.324588310737341	0.262	0.255	0.000893832091610622	"S5"	"ANKMY2"
3.01682130289144e-08	0.311106651166194	0.289	0.285	0.0011041867650713	"S5"	"UNG"
3.843223612501e-08	0.302052465086308	0.328	0.329	0.00140665827441149	"S5"	"SLC30A1"
5.16896616897655e-08	0.253096645388928	0.327	0.327	0.00189189330750711	"S5"	"FAM171A1"
5.24302955283753e-08	0.297500569535705	0.276	0.271	0.00191900124663406	"S5"	"NBPF9"
6.67113960429728e-08	0.313818555592289	0.269	0.264	0.00244170380656885	"S5"	"LMF1"
8.05100319907872e-08	0.293646611523889	0.28	0.275	0.0029467476808948	"S5"	"ZNF749"
1.18540111767103e-07	0.28541649722003	0.318	0.318	0.00433868663078774	"S5"	"CLCF1"
1.18956699793944e-07	0.266328949018752	0.296	0.294	0.00435393416915816	"S5"	"DTX3L"
1.29062403844058e-07	0.329163512671571	0.272	0.27	0.00472381304309638	"S5"	"PGAP2"
1.69010910058331e-07	0.28157453660183	0.309	0.309	0.00618596831904498	"S5"	"PLCD3"
1.87118987263003e-07	0.258421261208567	0.368	0.376	0.00684874205281317	"S5"	"TBCC"
2.06939992309624e-07	0.288568351334257	0.298	0.299	0.00757421065852455	"S5"	"COX15"
2.37528252803551e-07	0.284691677811393	0.282	0.28	0.00869377158086278	"S5"	"PBX2"
2.73322660989807e-07	0.287487119275809	0.424	0.43	0.0100038827148879	"S5"	"DKK3"
2.88610180070565e-07	0.322773359519306	0.261	0.257	0.0105634212007628	"S5"	"MAN2C1"
5.52884787489397e-07	0.260185805163074	0.344	0.351	0.0202361361068994	"S5"	"ATP10D"
6.43269659887201e-07	0.310433758140503	0.286	0.286	0.0235443128215315	"S5"	"AL096870.8"
8.85641420770792e-07	0.252550585168299	0.309	0.31	0.0324153616416318	"S5"	"PAAF1"
9.88578854291011e-07	0.301452076912383	0.263	0.259	0.0361829746459053	"S5"	"LINC00467"
1.24707647832736e-06	0.276736872214219	0.289	0.289	0.0456442461832597	"S5"	"C11orf54"
1.27340403140097e-06	0.303030402268157	0.286	0.286	0.046607860953307	"S5"	"ZNF880"
1.46143346698854e-06	0.273633308111537	0.301	0.302	0.0534899263252476	"S5"	"DSTYK"
1.53369388600259e-06	0.273547802722418	0.328	0.331	0.0561347299215809	"S5"	"SLC66A1L"
1.80900717738855e-06	0.337670680260431	0.253	0.25	0.0662114716995982	"S5"	"TMEM64"
1.889169405164e-06	0.261908285684614	0.311	0.314	0.0691454893984074	"S5"	"REXO4"
1.92249886972191e-06	0.322600718715497	0.251	0.249	0.0703653811306917	"S5"	"TRIM69"
3.33695715366746e-06	0.287524572629233	0.512	0.537	0.122135968781383	"S5"	"TRNP1"
3.59453442596348e-06	0.302753202872463	0.257	0.254	0.131563554524689	"S5"	"PRTFDC1"
4.3737035064864e-06	0.305433250698262	0.287	0.288	0.160081922040909	"S5"	"SHB"
5.50555298444893e-06	0.26662946593935	0.276	0.275	0.201508744783815	"S5"	"ZNF862"
6.48441578358362e-06	0.260466138487325	0.274	0.272	0.237336102094944	"S5"	"PLAG1"
8.58410349894292e-06	0.269031431607957	0.291	0.294	0.31418677216481	"S5"	"SC5D"
8.97864368891309e-06	0.250892088443206	0.324	0.33	0.328627337657908	"S5"	"NSMCE2"
1.51177531721482e-05	0.304226288589325	0.256	0.257	0.553324883853797	"S5"	"MRM3"
1.58285420276716e-05	0.28009155249896	0.261	0.261	0.579340466754807	"S5"	"HPS4"
1.68236965633525e-05	0.352310979206888	0.568	0.579	0.615764117915264	"S5"	"CEMIP"
1.74694902675647e-05	0.256439923523384	0.283	0.283	0.639400813283137	"S5"	"SPR"
1.92514362734829e-05	0.25437620801137	0.256	0.285	0.704621819045747	"S5"	"CHI3L1"
2.36786918165596e-05	0.251249678954674	0.266	0.265	0.8666637991779	"S5"	"SLC17A5"
2.5553072332742e-05	0.2824538068806	0.297	0.305	0.935268000450689	"S5"	"DMAC2L"
4.05548439096624e-05	0.266493125142828	0.267	0.267	1	"S5"	"UTP20"
5.57427135648694e-05	0.268254241691578	0.281	0.286	1	"S5"	"SIRT3"
5.67984607424555e-05	0.253765531797233	0.265	0.266	1	"S5"	"DIP2A"
6.58845662586095e-05	0.267388325022785	0.339	0.346	1	"S5"	"WEE1"
7.56784275589831e-05	0.289409505455181	0.262	0.263	1	"S5"	"VSTM4"
7.68009128439945e-05	0.269650221813839	0.297	0.304	1	"S5"	"LSS"
0.00011164269295682	0.302323478839651	0.249	0.25	1	"S5"	"KBTBD4"
0.000248181463152854	0.256208359721733	0.29	0.294	1	"S5"	"RPL39L"
0.000254340975322146	0.257276770372213	0.261	0.263	1	"S5"	"PHRF1"
0.000292186121971623	0.256993308915685	0.251	0.251	1	"S5"	"OSBPL10"
0.000316803776175447	0.259156403852491	0.303	0.313	1	"S5"	"TMEM220"
0.000402387775210672	0.293074123577683	0.252	0.256	1	"S5"	"GATB"
0.000720619188885488	0.254806531619756	0.299	0.31	1	"S5"	"NLE1"
0.000880155748165783	0.283857352691217	0.275	0.28	1	"S5"	"HIP1"
0.00110051565594777	0.256879978513556	0.256	0.26	1	"S5"	"VPS11"
0.00117174116984242	0.250999083737933	0.275	0.281	1	"S5"	"EIF5A2"
0.00359568809724762	0.260521517140456	0.251	0.255	1	"S5"	"EFS"
0.00397118633905256	0.269988149750933	0.251	0.257	1	"S5"	"CPT1C"
0.00563008096238759	0.260965812254221	0.246	0.252	1	"S5"	"D2HGDH"
0	1.62611063579187	0.738	0.276	0	"S6"	"U2AF1"
0	2.0194164118705	0.768	0.383	0	"S6"	"CXCL6"
0	1.29952686351975	0.622	0.292	0	"S6"	"SUSD2"
0	1.7946871525044	0.543	0.215	0	"S6"	"CRISPLD2"
0	1.85016862111956	0.52	0.196	0	"S6"	"LY6K"
0	0.910977597087653	0.658	0.367	0	"S6"	"LTBP4"
0	1.14415485504064	0.646	0.364	0	"S6"	"NRP2"
0	1.72748311506462	0.547	0.273	0	"S6"	"CXCL1"
0	1.17431224022801	0.606	0.338	0	"S6"	"C3"
0	1.31433349859387	0.697	0.433	0	"S6"	"OLFML2B"
0	1.21448173075658	0.55	0.287	0	"S6"	"SYNPO2"
0	1.01793784078391	0.739	0.482	0	"S6"	"HMCN1"
0	1.27635539171273	0.765	0.51	0	"S6"	"CFB"
0	0.885558331278357	0.703	0.448	0	"S6"	"PDZRN3"
0	0.734189398788915	0.752	0.498	0	"S6"	"NDN"
0	2.00282889180697	0.339	0.085	0	"S6"	"LINC01436"
0	0.895044223812211	0.67	0.418	0	"S6"	"PODNL1"
0	1.096288584258	0.718	0.471	0	"S6"	"PSG5"
0	1.32567981472476	0.398	0.152	0	"S6"	"THNSL2"
0	1.14110617958553	0.762	0.518	0	"S6"	"IFI27"
0	2.84466223488506	0.325	0.082	0	"S6"	"CXCL5"
0	1.04857206795132	0.621	0.378	0	"S6"	"PITX2"
0	0.70621090234648	0.694	0.452	0	"S6"	"DPP4"
0	1.16880530762156	0.526	0.304	0	"S6"	"ANGPT1"
0	1.00655867113429	0.424	0.208	0	"S6"	"MRVI1"
0	1.17431795784786	0.357	0.145	0	"S6"	"HLA-F"
0	1.07940599298606	0.381	0.172	0	"S6"	"METTL27"
0	1.31771281549097	0.333	0.139	0	"S6"	"STXBP6"
0	2.09876601715846	0.287	0.11	0	"S6"	"MMP3"
0	0.807894825442736	0.895	0.72	0	"S6"	"ACLY"
0	0.659112673111036	0.866	0.7	0	"S6"	"PTK7"
0	0.715099333952801	0.895	0.733	0	"S6"	"TWSG1"
0	0.542697703688191	0.944	0.815	0	"S6"	"EMILIN1"
0	0.589939634266305	0.944	0.837	0	"S6"	"LTBP2"
0	1.06292620781621	0.965	0.862	0	"S6"	"SOD2"
0	0.564716853523068	0.967	0.896	0	"S6"	"SLIT3"
0	0.568518623101693	0.983	0.935	0	"S6"	"P4HA1"
0	0.646852807171699	0.985	0.947	0	"S6"	"MYH9"
0	0.53368634931879	0.989	0.963	0	"S6"	"CTHRC1"
0	0.405626601810682	0.996	0.974	0	"S6"	"CNN2"
0	1.07163559460437	0.991	0.972	0	"S6"	"LUM"
0	0.683113593464883	0.996	0.979	0	"S6"	"THY1"
0	0.589453554507347	0.999	0.988	0	"S6"	"ISLR"
0	0.584313191719518	0.998	0.989	0	"S6"	"HIF1A"
0	0.523189476417877	0.999	0.991	0	"S6"	"OLFML3"
0	0.723379543357689	0.999	0.997	0	"S6"	"DCN"
0	0.421635423087393	1	0.998	0	"S6"	"CALR"
0	0.674876108605239	1	1	0	"S6"	"COL3A1"
0	0.340900147312315	1	1	0	"S6"	"ANXA5"
0	0.257653238808252	1	1	0	"S6"	"ITGB1"
0	0.656385674545364	1	1	0	"S6"	"RPS26"
0	0.362360804758437	1	1	0	"S6"	"COL6A1"
0	0.403164332795792	1	1	0	"S6"	"COL6A2"
4.94065645841247e-324	0.621799936379865	0.732	0.486	1.80832967034355e-319	"S6"	"POLR2J3"
1.21540148876947e-320	0.83987152825825	0.69	0.474	4.44849098904512e-316	"S6"	"LACC1"
3.59926822995348e-320	0.274097822772466	1	1	1.31736816484527e-315	"S6"	"PKM"
4.86102014152998e-305	0.527177897923266	0.965	0.894	1.77918198200139e-300	"S6"	"COL16A1"
1.89866698376271e-297	0.944207251432739	0.529	0.315	6.94931102726991e-293	"S6"	"KIF26B"
5.67440250642401e-294	0.487484387742916	0.973	0.915	2.07688806137625e-289	"S6"	"FGF7"
2.57090751674664e-288	0.49311810890731	0.935	0.803	9.40977860204437e-284	"S6"	"DSE"
4.67656270456324e-287	0.569245145410618	0.812	0.582	1.71166871549719e-282	"S6"	"PTGES"
2.02667075971401e-286	0.68179242575327	0.789	0.603	7.41781764762924e-282	"S6"	"COL14A1"
3.29052176277354e-286	0.85845177169875	0.477	0.265	1.20436387039274e-281	"S6"	"P3H2"
3.95343446239816e-285	0.693662438362345	0.782	0.584	1.44699654758235e-280	"S6"	"NFKBIZ"
4.14478128698045e-279	0.422556163808275	0.982	0.95	1.51703139884771e-274	"S6"	"CNN3"
8.37757128928332e-279	0.858127029883861	0.432	0.229	3.06627486759059e-274	"S6"	"NTNG1"
3.62349609170398e-278	0.271711856501993	0.998	0.994	1.32623580452457e-273	"S6"	"PGAM1"
5.97153324175337e-275	0.587818741987852	0.974	0.921	2.18564088181415e-270	"S6"	"S100A4"
4.56756568720765e-274	0.618201152155681	0.849	0.717	1.67177471717487e-269	"S6"	"PAPSS2"
1.24120978762325e-272	0.372972109577368	0.984	0.946	4.54295194367987e-268	"S6"	"TLN1"
1.21586540395039e-271	0.675895629055613	0.66	0.434	4.45018896499883e-267	"S6"	"TNFAIP2"
1.4722956285341e-270	0.260237968455854	1	1	5.38874922999765e-266	"S6"	"B2M"
3.89613497393224e-270	0.338598116570444	0.992	0.966	1.42602436180894e-265	"S6"	"HNRNPU"
3.58173096683754e-268	0.74464996179891	0.504	0.292	1.31094935117221e-263	"S6"	"GPX3"
2.17917711307482e-266	1.05624443326822	0.353	0.176	7.97600615156516e-262	"S6"	"S100A3"
4.37420947134274e-265	0.547908821072663	0.828	0.643	1.60100440860616e-260	"S6"	"POLR2A"
9.61363957582687e-264	0.624289855805121	0.729	0.519	3.51868822114839e-259	"S6"	"KCNQ1OT1"
5.42328826898434e-261	0.745441731260798	0.458	0.25	1.98497773933096e-256	"S6"	"PCDH7"
2.17702779779695e-260	0.910552930037964	0.622	0.415	7.96813944271662e-256	"S6"	"CSRP2"
2.44705381006694e-260	0.342940847228354	0.988	0.94	8.95646165022601e-256	"S6"	"PRDX2"
3.52812300011035e-258	0.59470947718607	0.869	0.723	1.29132829927039e-253	"S6"	"FLNC"
7.8378128396626e-258	0.395092835059375	0.95	0.847	2.86871787744491e-253	"S6"	"PFKL"
9.61981311156643e-258	0.498524568712873	0.971	0.912	3.52094779696443e-253	"S6"	"IL6ST"
1.05165562382672e-257	0.454351688425271	0.976	0.94	3.84916474876818e-253	"S6"	"THBS2"
2.68006870296835e-257	0.979223681326529	0.315	0.148	9.80931945973447e-253	"S6"	"VWA1"
6.94924415132808e-257	0.831563863428521	0.551	0.351	2.54349285182759e-252	"S6"	"SERINC2"
1.20118212782355e-256	1.07522768532483	0.66	0.457	4.39644670604699e-252	"S6"	"MGP"
3.6235167653986e-256	0.425717796257351	0.929	0.817	1.32624337130354e-251	"S6"	"ADI1"
3.61376336346525e-255	0.377878850953333	0.963	0.878	1.32267352866192e-250	"S6"	"COPG1"
4.80499005401453e-255	0.401433061398912	0.997	0.984	1.75867440966986e-250	"S6"	"COL5A2"
4.29813973394335e-254	0.312730228671712	0.995	0.976	1.57316212402061e-249	"S6"	"KDELR2"
3.54945677167014e-253	0.86221417802582	0.504	0.305	1.29913667299899e-248	"S6"	"IMPA2"
2.0237546973434e-252	0.441522941313786	0.99	0.967	7.40714456774656e-248	"S6"	"PGK1"
3.87597291431427e-250	0.51024823238201	0.906	0.773	1.41864484636817e-245	"S6"	"IL1R1"
5.53136033753249e-250	0.900636354955587	0.437	0.248	2.02453319714027e-245	"S6"	"LMOD1"
6.21741539768417e-250	0.853676996593332	0.454	0.259	2.27563620970638e-245	"S6"	"TSHZ1"
1.08402561832924e-248	0.578959891255822	0.794	0.604	3.96764216564683e-244	"S6"	"CYP51A1"
1.20803001284165e-248	0.359331161916851	0.975	0.922	4.42151065000172e-244	"S6"	"VCP"
8.83917704856198e-247	0.831099428562348	0.474	0.276	3.23522719154417e-242	"S6"	"PEG10"
4.99530957119953e-245	0.526615338926924	0.72	0.49	1.82833325615474e-240	"S6"	"NRN1"
1.14708535857578e-244	0.367973005300041	0.978	0.913	4.19844712092319e-240	"S6"	"TGFB1"
1.30061691826161e-243	0.662749733793	0.881	0.732	4.76038798252933e-239	"S6"	"PLPP1"
9.76714613145801e-242	1.12460508106554	0.269	0.122	3.57487315557494e-237	"S6"	"SOCS1"
2.73032291232865e-240	0.612314243775371	0.924	0.834	9.99325489141408e-236	"S6"	"GLS"
3.88014251796521e-240	1.01843210083161	0.308	0.148	1.42017096300044e-235	"S6"	"CPM"
4.55140451142463e-239	0.507624514482138	0.851	0.678	1.66585956522653e-234	"S6"	"COLEC12"
7.0134190437888e-239	0.602077943521637	0.748	0.542	2.56698150421714e-234	"S6"	"ALDH1A3"
4.64823853491559e-236	0.393289844097176	0.996	0.99	1.70130178616446e-231	"S6"	"CAVIN1"
9.68603420614585e-235	0.517912456218712	0.779	0.579	3.54518537979144e-230	"S6"	"HDAC1"
5.01190088358224e-234	0.731063445580574	0.49	0.293	1.83440584239993e-229	"S6"	"CCDC122"
8.2761434834743e-231	0.743109351712048	0.543	0.348	3.02915127638643e-226	"S6"	"ITPR2"
1.69487463935554e-230	1.27922689643637	0.312	0.157	6.2034106675052e-226	"S6"	"SLC39A8"
2.53710637526066e-230	0.46995239198152	0.843	0.658	9.28606304409154e-226	"S6"	"MASP1"
1.16302397983001e-228	0.35840196981659	0.996	0.984	4.25678406857581e-224	"S6"	"APP"
1.19267033718973e-228	0.684656949664228	0.493	0.3	4.36529270114813e-224	"S6"	"AL133415.1"
1.49274667014452e-228	0.300419963675115	0.993	0.973	5.46360208739597e-224	"S6"	"EHD2"
2.09610287468173e-227	0.962185941670864	0.317	0.157	7.67194613162258e-223	"S6"	"IL33"
5.39557267744248e-226	1.34146144915736	0.255	0.119	1.97483355567072e-221	"S6"	"TSPAN2"
1.68718897950287e-222	0.345039748499554	0.967	0.906	6.17528038387844e-218	"S6"	"PDIA4"
3.73095372451631e-220	0.436629028719454	0.946	0.858	1.36556637271022e-215	"S6"	"FUS"
2.39555591952615e-219	0.58228054909859	0.958	0.876	8.76797422105767e-215	"S6"	"OSBPL8"
5.01810864243402e-217	0.364333198138002	0.984	0.946	1.83667794421728e-212	"S6"	"MTCH1"
7.4808544026927e-217	0.647087111700109	0.513	0.323	2.73806751992956e-212	"S6"	"AC022966.1"
3.93322754485747e-216	0.898205719717418	0.315	0.16	1.43960061369328e-211	"S6"	"ZC3H12A"
2.53333704194497e-214	0.431840373908231	0.87	0.713	9.27226690722278e-210	"S6"	"RNPEP"
2.016437517002e-213	0.554604817676202	0.971	0.937	7.380362955979e-209	"S6"	"MT1E"
5.93344727062266e-212	0.567740403591604	0.791	0.629	2.1717010355206e-207	"S6"	"SLC39A14"
8.41602137182028e-211	1.00753130957681	0.286	0.143	3.08034798229994e-206	"S6"	"PTPRN"
1.74665357457066e-208	0.520008654239438	0.794	0.616	6.39292674828605e-204	"S6"	"ACO1"
4.4769946874684e-208	0.56078196266225	0.581	0.37	1.63862482556031e-203	"S6"	"GSTM4"
7.23068647273726e-208	0.463197247530573	0.835	0.673	2.64650355588656e-203	"S6"	"HSPA1A"
7.28586506972848e-206	0.540388673543471	0.795	0.649	2.66669947417132e-201	"S6"	"AMOTL2"
1.43791436072899e-204	0.744111957518618	0.579	0.394	5.26291035170416e-200	"S6"	"SMPDL3A"
1.60124546420398e-203	0.889376245422695	0.491	0.315	5.860718523533e-199	"S6"	"KCNE4"
2.72896747094407e-203	0.88434230357683	0.322	0.168	9.98829384040239e-199	"S6"	"PFKFB3"
1.65733727278157e-202	0.903387663320304	0.295	0.149	6.06602015210781e-198	"S6"	"PCDH9"
2.05379771579172e-202	0.763774492092608	0.382	0.214	7.51710501956926e-198	"S6"	"TANC1"
3.16894986949355e-200	0.452240287691255	0.804	0.628	1.15986734173333e-195	"S6"	"NCOR2"
2.8202373403368e-199	0.457232483848025	0.785	0.609	1.03223506893667e-194	"S6"	"RALGPS2"
6.86211871671936e-199	0.431630203332933	0.826	0.654	2.51160407150645e-194	"S6"	"A1BG"
1.00243052632468e-198	0.7430068363397	0.505	0.326	3.66899596940097e-194	"S6"	"SFRP1"
1.37879150946165e-197	0.305426003897597	0.985	0.896	5.0465148037806e-193	"S6"	"DNAJC15"
1.88873561171989e-197	0.499231489983721	0.849	0.699	6.91296121245598e-193	"S6"	"TPST1"
1.92417817067127e-197	0.279103287797336	1	0.999	7.04268452247392e-193	"S6"	"TPM4"
3.27277765963318e-197	0.745300625325857	0.396	0.227	1.19786935120234e-192	"S6"	"AC018521.5"
3.89971029421524e-197	0.455980712497057	0.966	0.934	1.42733296478572e-192	"S6"	"PDGFRA"
2.28595331838063e-196	0.335712565233419	0.994	0.975	8.36681774060496e-192	"S6"	"FBLN2"
2.76531299670308e-193	0.725539035735592	0.615	0.44	1.0121322099233e-188	"S6"	"ALDH1B1"
1.02563604629142e-191	0.368147135865945	0.91	0.782	3.75393049303123e-187	"S6"	"DDX3X"
7.58757417933612e-190	0.948847196898261	0.323	0.174	2.77712802537881e-185	"S6"	"TNFRSF21"
2.01473886357711e-188	0.295353204141994	0.979	0.935	7.37414571457858e-184	"S6"	"CTSZ"
6.105158265879e-188	0.676439179446836	0.481	0.302	2.23454897689437e-183	"S6"	"C1QTNF1"
2.44340902450041e-187	0.323491920167653	0.941	0.838	8.94312137057396e-183	"S6"	"ADD1"
3.66505695060645e-187	0.446844804648025	1	1	1.34144749449147e-182	"S6"	"ACTB"
5.76601012486166e-187	0.618625263990588	0.557	0.378	2.11041736580062e-182	"S6"	"GYS1"
9.67020066282767e-187	1.05731402290843	0.268	0.135	3.53939014460156e-182	"S6"	"BST2"
1.06795456725387e-186	0.295045039653274	0.983	0.934	3.90882051160589e-182	"S6"	"TSPAN4"
2.12075858679295e-186	0.309237791606222	0.999	1	7.76218850352088e-182	"S6"	"MYL6"
1.356891613733e-185	0.589789609609255	0.535	0.347	4.96635899542416e-181	"S6"	"HIST1H1C"
3.95868409286986e-185	0.471930489171824	0.765	0.592	1.4489179648313e-180	"S6"	"IDH2"
1.50103606407897e-184	0.372476510883381	0.956	0.9	5.49394209813546e-180	"S6"	"ANXA6"
1.59373387235043e-184	0.798165695749521	0.339	0.187	5.8332253461898e-180	"S6"	"TMEM132A"
1.72382029895046e-184	0.343407106472948	0.935	0.821	6.30935467618856e-180	"S6"	"GRSF1"
2.8089163514056e-184	0.788626495430241	0.287	0.146	1.02809147377796e-179	"S6"	"AMPH"
5.02330961413063e-184	0.461667057633171	0.795	0.629	1.83858155186795e-179	"S6"	"MARCKSL1"
8.19184709557781e-184	0.549517960386251	0.59	0.404	2.99829795545243e-179	"S6"	"PACSIN2"
1.33503663755304e-183	0.506985341698732	0.635	0.432	4.88636759710789e-179	"S6"	"HTATIP2"
1.43629714040914e-183	0.291141882392387	0.988	0.967	5.25699116361148e-179	"S6"	"CKAP4"
6.14454061656671e-183	0.755028620776756	0.41	0.245	2.24896331106958e-178	"S6"	"MARCH3"
8.16465475750727e-183	0.345422111754885	0.913	0.809	2.98834528779523e-178	"S6"	"ARCN1"
3.81159537446521e-182	0.372908526537139	0.947	0.857	1.39508202300801e-177	"S6"	"SFPQ"
4.46863012266222e-182	0.512309120551571	0.731	0.55	1.6355633111956e-177	"S6"	"CENPX"
6.15279329404361e-182	0.873660414553989	0.295	0.155	2.2519838735529e-177	"S6"	"RARRES2"
2.42599798766056e-181	0.408639361038263	0.852	0.695	8.8793952346364e-177	"S6"	"GLT8D2"
2.16789645894293e-180	0.401456240948655	0.886	0.755	7.93471782937703e-176	"S6"	"CHD3"
4.54366436430062e-179	0.63088082945924	0.385	0.22	1.66302659397767e-174	"S6"	"PCBP3"
6.47250573396453e-179	0.517611389675168	0.774	0.633	2.36900182368836e-174	"S6"	"FLNB"
8.72324311331323e-179	0.339791406125532	0.974	0.914	3.19279421190378e-174	"S6"	"DST"
1.08117748471126e-177	0.386290824974976	0.925	0.814	3.95721771179168e-173	"S6"	"PAM"
1.16362091785472e-177	1.12158346722826	0.37	0.223	4.25896892144005e-173	"S6"	"COL15A1"
1.48828968156334e-177	0.747547533639847	0.492	0.323	5.44728906348999e-173	"S6"	"F3"
2.29870378343114e-177	0.309872011130313	0.96	0.895	8.41348571773632e-173	"S6"	"EIF4G1"
2.94806569170726e-177	0.38982887919765	0.902	0.777	1.07902152382178e-172	"S6"	"VMP1"
1.04471338860085e-175	0.347533644950612	0.939	0.855	3.82375547361797e-171	"S6"	"TMEM165"
8.90482873811889e-175	0.438015023208122	0.82	0.657	3.2592563664389e-170	"S6"	"SLC44A1"
7.21178854838074e-173	0.651304892245091	0.826	0.697	2.63958672659284e-168	"S6"	"REV3L"
5.90263407773587e-172	0.273810270577619	1	0.998	2.16042309879211e-167	"S6"	"HSP90B1"
1.0292272653479e-171	0.49414506433511	0.635	0.444	3.76707471389986e-167	"S6"	"NBPF1"
4.29932322980422e-171	0.522983233564179	0.523	0.336	1.57359529534064e-166	"S6"	"HACD4"
5.43696087620352e-171	0.645975517648455	0.449	0.279	1.98998205029925e-166	"S6"	"AUTS2"
6.15546627019877e-168	0.555564131255909	0.56	0.378	2.25296220955545e-163	"S6"	"FASN"
6.54325741740677e-167	0.408177190060261	0.892	0.777	2.39489764734505e-162	"S6"	"B4GALT1"
8.98910819808445e-167	0.95186419266909	0.403	0.252	3.29010349158089e-162	"S6"	"CXCL3"
9.46548541700214e-167	0.294957221781745	0.978	0.927	3.46446231747695e-162	"S6"	"OPTN"
2.67733382501778e-166	0.382853398645068	0.876	0.737	9.79930953294757e-162	"S6"	"PCYOX1"
2.88546338983033e-166	0.296897824695958	0.955	0.887	1.0561084553118e-161	"S6"	"COPA"
9.69427684050943e-166	0.279980805103959	0.985	0.956	3.54820226639486e-161	"S6"	"LIMA1"
1.26131090143336e-165	0.338354294616209	0.951	0.868	4.61652403033625e-161	"S6"	"CLEC11A"
3.65847081101816e-165	0.46533623073809	0.728	0.547	1.33903690154076e-160	"S6"	"GNAI1"
1.68685672744887e-164	0.369516685377944	0.929	0.837	6.1740643081356e-160	"S6"	"EEA1"
4.80600359546706e-164	0.700298821599728	0.257	0.13	1.7590453759769e-159	"S6"	"LRRC15"
7.94230362550872e-163	0.525058728152227	0.395	0.23	2.90696254997245e-158	"S6"	"LINC00960"
8.37814074512489e-163	0.619832678026443	0.474	0.304	3.06648329412316e-158	"S6"	"ZADH2"
2.0953804013641e-162	0.393690764909091	0.88	0.764	7.66930180703273e-158	"S6"	"MACF1"
6.95198212320848e-162	0.473116298583511	0.89	0.768	2.54449497691553e-157	"S6"	"NFKBIA"
1.82221318863796e-161	0.337340507681957	0.997	0.989	6.66948249173379e-157	"S6"	"COL5A1"
2.04578631103226e-161	0.394994613662671	0.87	0.731	7.48778247700918e-157	"S6"	"ETHE1"
1.03131092731552e-160	0.820958859333767	0.414	0.262	3.77470112506755e-156	"S6"	"STEAP2"
4.43071879620543e-160	0.623510832040312	0.372	0.216	1.62168738659915e-155	"S6"	"RASA4"
1.70075802071495e-159	0.33788089289454	0.903	0.767	6.22494443161877e-155	"S6"	"SMDT1"
3.1879488797459e-159	0.394211329969935	0.929	0.819	1.1668211694758e-154	"S6"	"GAS6"
4.03767154998993e-159	0.273676980368882	0.996	0.991	1.47782816401181e-154	"S6"	"AHNAK"
9.39720464486417e-158	0.268303318087483	0.975	0.925	3.43947087206673e-153	"S6"	"COPB2"
1.27571762017275e-156	0.336397447264239	0.97	0.923	4.66925406159429e-152	"S6"	"FKBP9"
2.39656517340988e-156	0.790460402976479	0.285	0.154	8.77166819119752e-152	"S6"	"AC009093.1"
5.21066113729544e-156	0.78579228212433	0.364	0.219	1.90715408286151e-151	"S6"	"SAMD11"
1.03307674805601e-155	0.444611901041879	0.67	0.49	3.78116420555979e-151	"S6"	"ST5"
1.15923704171276e-155	0.660002948185175	0.41	0.255	4.24292349637287e-151	"S6"	"CARMN"
2.23347695075517e-155	0.386982368456641	0.855	0.72	8.17474898745899e-151	"S6"	"METRN"
2.71679888555377e-155	0.371657650689825	0.857	0.719	9.94375560101536e-151	"S6"	"DNAJC3"
1.13988433809299e-154	0.508302109826546	0.57	0.393	4.17209066585416e-150	"S6"	"MSH3"
4.77170382687188e-154	0.374489900424087	0.783	0.621	1.74649131767338e-149	"S6"	"DDX6"
1.6750156091143e-153	0.599401442803428	0.804	0.676	6.13072463091924e-149	"S6"	"SOX4"
1.22119112989621e-152	0.666882599967489	0.326	0.185	4.46968165453312e-148	"S6"	"FBLN7"
1.64943349678328e-152	0.597275372542385	0.555	0.396	6.03709154157648e-148	"S6"	"FBLIM1"
1.03160464943728e-151	0.652143381484662	0.57	0.404	3.7757761774054e-147	"S6"	"GAS1"
1.75813067408522e-151	0.76863052665799	0.316	0.181	6.4349340802193e-147	"S6"	"ADARB1"
2.52068432261611e-151	0.350463463276767	0.938	0.876	9.22595668920722e-147	"S6"	"VCL"
3.12931960250554e-151	0.843529779876866	0.422	0.279	1.14536226771305e-146	"S6"	"MXRA5"
7.23382280542284e-151	0.43023263843634	0.688	0.518	2.64765148501281e-146	"S6"	"GBF1"
8.82845156644022e-151	0.588356201223643	0.735	0.589	3.23130155783278e-146	"S6"	"FIBIN"
2.4805966256519e-150	0.570023504222039	0.73	0.577	9.07923170954853e-146	"S6"	"ANTXR1"
2.79123662814546e-150	0.297917414163834	0.932	0.824	1.02162051826752e-145	"S6"	"AP2A1"
3.09205410871289e-150	0.569896349237367	0.733	0.578	1.13172272433001e-145	"S6"	"NAMPT"
4.86162312274608e-150	0.499859505418732	0.559	0.383	1.77940267915629e-145	"S6"	"TEAD2"
8.37577392440524e-150	0.585027375102018	0.636	0.473	3.06561701407156e-145	"S6"	"TSHZ2"
8.83197509474883e-150	0.533971733292081	0.876	0.771	3.23259120442902e-145	"S6"	"CSRP1"
1.4248345118652e-149	0.563249942151363	0.767	0.624	5.21503679687784e-145	"S6"	"CCDC71L"
1.56982421337881e-149	0.555288188176672	0.472	0.306	5.74571360338777e-145	"S6"	"BX284668.5"
1.86232942370665e-149	0.601718723290806	0.384	0.232	6.81631192370872e-145	"S6"	"GAS7"
4.61273404367916e-149	0.535823999939831	0.55	0.379	1.68830678732701e-144	"S6"	"ST3GAL1"
2.16528808950727e-148	0.606264988805633	0.431	0.274	7.92517093640556e-144	"S6"	"NAB1"
1.30461787355055e-147	0.364458324713051	0.851	0.722	4.77503187898237e-143	"S6"	"MBNL2"
1.50782665630761e-147	0.332456786033811	0.94	0.867	5.5187963447515e-143	"S6"	"ADAM12"
2.90959050281127e-147	0.646797208956434	0.344	0.202	1.06493921993395e-142	"S6"	"SLC11A2"
4.60691305848084e-147	0.505069899774421	0.512	0.341	1.68617624853457e-142	"S6"	"CCDC8"
2.43879675460436e-146	0.442724848952789	0.611	0.427	8.92624000152741e-142	"S6"	"WASHC2C"
2.49499173485057e-146	0.423908351150444	0.696	0.522	9.13191924872657e-142	"S6"	"HSPA1B"
3.26901926867559e-146	0.259138039473166	0.987	0.953	1.19649374252795e-141	"S6"	"TXNDC5"
1.97010847658566e-144	0.534557303436482	0.508	0.344	7.21079403515119e-140	"S6"	"PRICKLE2"
2.22033046661499e-144	0.6017265932602	0.579	0.414	8.12663154085753e-140	"S6"	"AP1S2"
2.65737306064195e-144	0.427957345228019	0.768	0.603	9.72625113925561e-140	"S6"	"CEP350"
5.17571658869063e-144	0.44328139742599	0.763	0.603	1.89436402862666e-139	"S6"	"ACSL4"
1.66320406715827e-143	0.555606086640671	0.416	0.259	6.087493206206e-139	"S6"	"ERAP1"
1.69093684560773e-142	0.697748063237378	0.575	0.428	6.18899794860885e-138	"S6"	"CH25H"
2.97259229760182e-142	0.361415690020134	0.934	0.874	1.08799850684524e-137	"S6"	"ACTN4"
2.42942221705758e-141	0.516476874955349	0.526	0.363	8.89192825665245e-137	"S6"	"ADAMTS12"
2.4626992391217e-140	0.402945096396434	0.759	0.593	9.01372548510932e-136	"S6"	"NUMA1"
3.47377261191656e-140	0.321872333545152	0.931	0.862	1.27143551368758e-135	"S6"	"MSN"
7.88425874583554e-140	0.542223691028415	0.441	0.284	2.88571754356327e-135	"S6"	"ZBED1"
1.26176544818302e-139	0.48671728550272	0.623	0.464	4.61818771689468e-135	"S6"	"MRAS"
1.79868567698207e-139	0.451351905663466	0.558	0.387	6.58336944632208e-135	"S6"	"FAM120B"
1.87012232239513e-139	0.492413296233986	0.579	0.411	6.84483471219842e-135	"S6"	"NAV3"
4.01780054569191e-139	0.57572085589745	0.459	0.308	1.4705551777287e-134	"S6"	"WNT2"
2.30515521172572e-138	0.349639323398726	0.846	0.718	8.43709859043729e-134	"S6"	"PML"
2.71875511510763e-138	0.416544173261604	0.687	0.517	9.95091559680545e-134	"S6"	"LRP11"
3.08845043908571e-138	0.561875477874591	0.502	0.348	1.13040374520976e-133	"S6"	"GALNT10"
3.13948033044103e-138	0.465234668420382	0.662	0.495	1.14908119574472e-133	"S6"	"PIM1"
4.69487196575121e-138	0.563748505648767	0.414	0.263	1.7183700881846e-133	"S6"	"MCC"
1.01126493581843e-137	0.586367700502978	0.485	0.325	3.70133079158902e-133	"S6"	"TBX3"
1.24690660060368e-137	0.378618253127546	0.752	0.586	4.56380284886954e-133	"S6"	"PDXDC1"
1.6180206891329e-137	0.466295228043751	0.651	0.487	5.92211752429531e-133	"S6"	"TENM3"
1.65107908161649e-137	0.467043413034347	0.772	0.648	6.04311454662451e-133	"S6"	"PFKP"
2.6175120374458e-137	0.459819488241238	0.572	0.402	9.58035580825538e-133	"S6"	"MRTFA"
2.72229271843217e-137	0.550399386046978	0.559	0.4	9.96386357873359e-133	"S6"	"KITLG"
9.50700494411301e-137	0.478980846466892	0.701	0.537	3.4796588795948e-132	"S6"	"FUT8"
1.88327613325495e-136	0.550775794652259	0.42	0.268	6.89297897532644e-132	"S6"	"TSTD3"
3.35745140877666e-136	0.415325729321268	0.523	0.365	1.22886079012635e-131	"S6"	"VIM-AS1"
6.50601967467592e-136	0.523917651815377	0.404	0.251	2.38126826112814e-131	"S6"	"C2orf88"
7.54934789296176e-136	0.688026157555989	0.379	0.239	2.76313682230293e-131	"S6"	"QPRT"
9.2975065114988e-136	0.551027852864472	0.451	0.296	3.40298035827368e-131	"S6"	"GBP3"
1.0065304771982e-135	0.682988097932125	0.323	0.191	3.68400219959315e-131	"S6"	"SLC2A6"
1.6226303108285e-135	0.293046480050877	0.912	0.819	5.93898920066341e-131	"S6"	"USO1"
1.75315977432383e-135	0.411963305304037	0.757	0.596	6.41674009000266e-131	"S6"	"NID1"
3.15485391724544e-135	0.364120317634241	0.801	0.643	1.154708082251e-130	"S6"	"SCARA3"
3.98504391033376e-135	0.591589941203716	0.365	0.223	1.45856592162126e-130	"S6"	"LRP5"
4.2686103709516e-135	0.642931378485714	0.278	0.154	1.562354081872e-130	"S6"	"AC145124.1"
1.17705249195936e-134	0.576966782693379	0.364	0.223	4.30812982582044e-130	"S6"	"SLC16A2"
1.32521802768561e-134	0.304904073228239	0.957	0.903	4.85043050313209e-130	"S6"	"ACTR3"
1.76747939080983e-134	0.518208785019128	0.471	0.314	6.46915131830306e-130	"S6"	"BMPER"
8.65469972958263e-134	0.402696313589719	0.692	0.522	3.16770664802454e-129	"S6"	"GTF3C1"
1.47367241286727e-133	0.543419786048587	0.41	0.26	5.39378839833549e-129	"S6"	"HIP1"
2.75127695664119e-133	0.663659544513681	0.341	0.207	1.00699487890024e-128	"S6"	"IRAK3"
4.96176884752397e-133	0.402206834629395	0.714	0.551	1.81605701588225e-128	"S6"	"RRP7A"
1.068582684414e-132	0.410380697428719	0.709	0.552	3.9111194832237e-128	"S6"	"ANKLE2"
2.02728496069542e-132	0.625736978667602	0.413	0.27	7.42006568464129e-128	"S6"	"INSIG2"
2.0726099472673e-132	0.489275503811594	0.672	0.514	7.58595966799304e-128	"S6"	"DRAM1"
3.01486342937095e-132	0.920630041905284	0.313	0.191	1.10347016378406e-127	"S6"	"SULF2"
6.68507409695265e-132	0.31182539400966	0.993	0.979	2.44680397022564e-127	"S6"	"FLNA"
1.45907365878633e-131	0.358900791327756	0.845	0.706	5.34035549852383e-127	"S6"	"TNKS1BP1"
1.79246925333469e-131	0.412917223929799	0.706	0.545	6.56061671413029e-127	"S6"	"EGLN1"
3.29958638393671e-131	0.368165437401668	0.828	0.689	1.20768161238468e-126	"S6"	"MDFIC"
2.89913442314613e-130	0.415449036792363	0.737	0.573	1.06111219021571e-125	"S6"	"DHRS3"
5.36854995049576e-130	0.421495854616483	0.674	0.513	1.96494296738095e-125	"S6"	"CNST"
6.90945742447494e-130	0.310515175742736	0.885	0.759	2.52893051193207e-125	"S6"	"NCOA4"
2.15024530177614e-129	0.394213752040348	0.731	0.572	7.87011282903086e-125	"S6"	"SH3PXD2A"
4.21186840674301e-129	0.353801749103535	0.783	0.625	1.54158595555201e-124	"S6"	"NAGLU"
5.80043404541837e-129	0.555176141658133	0.474	0.324	2.12301686496358e-124	"S6"	"DCBLD1"
7.53570684958688e-128	0.363879016219363	0.716	0.552	2.75814406401729e-123	"S6"	"CTNND1"
1.4803229096848e-127	0.619116179001103	0.311	0.184	5.41812988173732e-123	"S6"	"APLP1"
1.69879105338821e-127	0.349067957835194	0.822	0.676	6.21774513450619e-123	"S6"	"DPYD"
2.50608330079848e-127	0.367958847342188	0.918	0.854	9.17251548925253e-123	"S6"	"CDC42EP3"
6.66772397553382e-127	0.566788048471828	0.482	0.335	2.44045365228514e-122	"S6"	"PLAAT3"
7.93953408123798e-127	0.612404570511346	0.276	0.155	2.90594886907391e-122	"S6"	"AP002490.1"
1.21175435848205e-126	0.572456067412193	0.487	0.339	4.43514212748015e-122	"S6"	"RDH10"
2.50942086855068e-126	0.361699136795168	0.745	0.595	9.18473132098234e-122	"S6"	"GOLGA3"
8.38572496754737e-126	0.404351732083242	0.831	0.704	3.06925919537201e-121	"S6"	"PCDH18"
1.98082372988295e-125	0.298165276998336	0.878	0.75	7.25001293374459e-121	"S6"	"VAMP3"
3.43046876685508e-125	0.350436494861154	0.731	0.565	1.25558587335663e-120	"S6"	"CDC42BPB"
2.56857418142048e-124	0.46440775684999	0.575	0.419	9.40123836141709e-120	"S6"	"NXN"
4.07429381524419e-124	0.317368814848008	0.856	0.726	1.49123227931753e-119	"S6"	"SMARCC2"
4.83470768557275e-124	0.377684429775791	0.712	0.539	1.76955135999648e-119	"S6"	"PIGP"
1.43192312813361e-123	0.594230912357853	0.291	0.168	5.24098184128181e-119	"S6"	"LINC02614"
1.86476003271376e-123	0.528841846859526	0.418	0.275	6.82520819573562e-119	"S6"	"ZNF667-AS1"
2.19847849757277e-123	0.48736615253937	0.46	0.309	8.04665114896611e-119	"S6"	"APBB2"
2.96534050955633e-123	0.302724398300563	0.905	0.799	1.08534427990271e-118	"S6"	"KDM5B"
3.4335166056942e-123	0.4211302706292	0.553	0.395	1.25670141285013e-118	"S6"	"CD9"
8.92210853287406e-123	0.530387263811519	0.452	0.304	3.26558094411723e-118	"S6"	"HS6ST1"
1.21475679849023e-122	0.283915573548209	0.94	0.867	4.44613135815408e-118	"S6"	"ENAH"
3.72894037667166e-122	0.289356333408348	0.877	0.756	1.36482946726559e-117	"S6"	"PTPN11"
4.00210879294266e-122	0.429088655971654	0.867	0.753	1.46481183930494e-117	"S6"	"FAM20C"
4.01175405735166e-122	0.442072913722212	0.496	0.337	1.46834210253128e-117	"S6"	"CASTOR2"
5.14943135296373e-122	0.271590823374206	0.927	0.845	1.88474336949826e-117	"S6"	"CTTN"
9.1224189323742e-122	0.425253456845352	0.693	0.548	3.33889655343828e-117	"S6"	"TNS1"
1.06863105313078e-121	0.360421188971799	0.752	0.586	3.91129651756395e-117	"S6"	"ADGRA2"
1.71767265447871e-121	0.440198474560912	0.584	0.432	6.28685368265752e-117	"S6"	"HYOU1"
2.08659907827875e-121	0.354371156810286	0.996	0.983	7.63716128640805e-117	"S6"	"MT2A"
3.81303192778381e-121	0.31904783720179	0.806	0.66	1.39560781588815e-116	"S6"	"CYFIP1"
1.08915734818327e-120	0.426865017871405	0.506	0.348	3.9864248100856e-116	"S6"	"MTA2"
4.13566936555358e-120	0.575238063433868	0.439	0.296	1.51369634448627e-115	"S6"	"SLIT2"
8.80425356096807e-120	0.371751486827798	0.555	0.378	3.22244484584992e-115	"S6"	"POMZP3"
9.15097959090933e-120	0.401989205358829	0.684	0.52	3.34935004006872e-115	"S6"	"ITSN1"
1.00852536441004e-119	0.301440289770278	0.897	0.769	3.69130368627718e-115	"S6"	"CYB5A"
3.19225948820444e-119	0.476337657935237	0.5	0.347	1.16839889527771e-114	"S6"	"UPF1"
4.00908466088793e-119	0.600231558005453	0.531	0.385	1.46736507673159e-114	"S6"	"MIR503HG"
5.49326649827732e-119	0.499771913430048	0.428	0.283	2.01059047103448e-114	"S6"	"RORA"
1.75659776955781e-118	0.621411754321221	0.291	0.171	6.42932349635852e-114	"S6"	"DIPK2A"
2.55835333709779e-118	0.262491217903205	0.967	0.901	9.36382904911161e-114	"S6"	"DDB1"
4.17250791180938e-118	0.473387841795928	0.502	0.349	1.52717962080135e-113	"S6"	"IRS1"
6.04313177839484e-118	0.338875925633613	0.908	0.803	2.2118466622103e-113	"S6"	"LPAR1"
7.23293795919239e-118	0.275707995510655	0.932	0.851	2.64732762244401e-113	"S6"	"NPTN"
2.01600759018892e-117	0.523187155836786	0.359	0.225	7.37878938085047e-113	"S6"	"ZFPM2"
4.54916570740833e-117	0.363486221631006	0.71	0.551	1.66504014056852e-112	"S6"	"NRIP1"
6.03797573773969e-117	0.310990965321304	0.847	0.702	2.20995949977011e-112	"S6"	"NT5C3B"
1.09383091008718e-116	0.430987432362875	0.664	0.513	4.00353051401009e-112	"S6"	"SNAPC1"
1.11929880247294e-116	0.384994716654481	0.635	0.473	4.09674554693122e-112	"S6"	"TCTA"
2.003149251071e-116	1.05152361599545	0.353	0.238	7.33172657384495e-112	"S6"	"DPT"
5.26362546833087e-116	0.535882976339392	0.402	0.264	1.92653955766378e-111	"S6"	"PCAT6"
8.25540725882384e-116	0.300084992302864	0.872	0.744	3.02156161080211e-111	"S6"	"PEPD"
2.21574968153762e-115	0.405972337572837	0.9	0.825	8.10986540939584e-111	"S6"	"MYADM"
2.97262521727836e-115	0.48440916995458	0.4	0.258	1.08801055577605e-110	"S6"	"PEX5"
3.79396163030156e-115	0.251904545990459	0.935	0.85	1.38862789630668e-110	"S6"	"SRPRA"
7.95627003305297e-115	0.517838546956202	0.438	0.296	2.91207439479772e-110	"S6"	"ABCC3"
1.18795241561833e-114	0.387835424824149	0.794	0.655	4.34802463640466e-110	"S6"	"SMARCA2"
1.20663150883123e-114	0.301913834707225	0.715	0.577	4.4163919854732e-110	"S6"	"AC002398.2"
1.39422017100099e-114	0.461339524820423	0.468	0.32	5.10298524788073e-110	"S6"	"ARHGEF17"
2.0698858942952e-114	0.40622949391752	0.891	0.803	7.57598936170985e-110	"S6"	"PLEC"
2.64583695169522e-114	0.301144831535768	0.924	0.848	9.68402782689968e-110	"S6"	"LRRC59"
2.737383919359e-114	0.549495380376471	0.286	0.168	1.00190988832459e-109	"S6"	"IGF2BP1"
3.35196793826596e-114	0.669988227355326	0.346	0.223	1.22685378508472e-109	"S6"	"KRT8"
4.13043408355647e-113	0.585391256665575	0.264	0.152	1.5117801789225e-108	"S6"	"C1RL-AS1"
1.15069875500263e-112	0.373076666665948	0.592	0.429	4.21167251318511e-108	"S6"	"PTPRS"
2.47265861239765e-112	0.362307920080092	0.947	0.901	9.05017778723665e-108	"S6"	"MT-ATP8"
2.90174756609406e-112	0.496803319917275	0.72	0.604	1.06206862666609e-107	"S6"	"PCSK7"
3.2881031515108e-112	0.672515999766053	0.534	0.395	1.20347863448447e-107	"S6"	"HILPDA"
5.40964391299888e-112	0.427556402579886	0.612	0.461	1.97998376859672e-107	"S6"	"EN1"
7.85380579040554e-112	0.495184606114682	0.451	0.307	2.87457145734633e-107	"S6"	"KIAA0930"
9.4174306342002e-112	0.560831415599763	0.711	0.587	3.44687378642361e-107	"S6"	"MYH10"
1.35574151260295e-111	0.477571993167423	0.545	0.395	4.96214951027805e-107	"S6"	"HS3ST3A1"
1.41188811451661e-111	0.487669757156535	0.794	0.662	5.16765168794225e-107	"S6"	"GREM1"
3.11282769004508e-111	0.499861376900868	0.457	0.319	1.1393260628334e-106	"S6"	"AC011603.2"
3.27789990860632e-111	0.431314113399321	0.536	0.382	1.199744145549e-106	"S6"	"BCL6"
7.12823191804869e-111	0.273400619295586	0.93	0.843	2.609004164325e-106	"S6"	"MLEC"
1.08874529226145e-110	0.462528511219058	0.457	0.311	3.98491664420614e-106	"S6"	"FNBP1L"
1.73895293740222e-110	0.347348655356841	0.698	0.54	6.36474164618585e-106	"S6"	"ALDH18A1"
4.10303784719035e-110	0.463973561520006	0.603	0.449	1.50175288245014e-105	"S6"	"PPME1"
1.02564615057926e-109	0.371321637924128	0.713	0.553	3.75396747573515e-105	"S6"	"SSC5D"
1.51844143793592e-109	0.359654073537899	0.536	0.377	5.55764750698926e-105	"S6"	"SNX19"
1.63493710126841e-109	0.793706709853428	0.494	0.363	5.9840332843525e-105	"S6"	"TGM2"
1.80291321227497e-109	0.365114221663658	0.797	0.665	6.5988426482476e-105	"S6"	"CRELD2"
3.3110681830606e-109	0.398599469605479	0.517	0.364	1.21188406568201e-104	"S6"	"GCN1"
5.42507040076588e-109	0.425993599460015	0.635	0.485	1.98563001738432e-104	"S6"	"MAN1A1"
6.74283866745932e-109	0.488428049465075	0.425	0.285	2.46794638067679e-104	"S6"	"LSS"
2.05621955542832e-108	0.456899528637812	0.719	0.591	7.5259691948232e-104	"S6"	"ELL2"
3.22666550624403e-108	0.286180555177974	0.957	0.88	1.18099184194038e-103	"S6"	"PSMD2"
5.04864103555395e-108	0.343690996831822	0.731	0.573	1.8478531054231e-103	"S6"	"RFTN1"
5.72599364666795e-108	0.420051710591444	0.801	0.685	2.09577093461694e-103	"S6"	"ATP2A2"
2.50195438467914e-107	0.345004244175731	0.963	0.931	9.15740324336412e-103	"S6"	"COTL1"
2.51432113842996e-107	0.353885032263237	0.82	0.714	9.2026667987675e-103	"S6"	"HEG1"
5.46823127268466e-107	0.357601367830323	0.579	0.417	2.00142732811531e-102	"S6"	"SELENBP1"
7.71346230796244e-107	0.266293223106161	0.928	0.838	2.82320433933733e-102	"S6"	"MYOF"
1.01121681757864e-106	0.435389043332023	0.442	0.297	3.70115467401956e-102	"S6"	"GBP2"
1.69050823255733e-106	0.269396486358806	0.882	0.76	6.1874291819831e-102	"S6"	"BAZ1B"
1.97533342810088e-106	0.648297349443474	0.263	0.155	7.22991788019202e-102	"S6"	"NFATC1"
2.17452625876659e-106	0.34880536025703	0.62	0.459	7.95898355971158e-102	"S6"	"AL157394.3"
2.30406607163173e-106	0.610942978582309	0.799	0.696	8.43311222877929e-102	"S6"	"CCL2"
3.04362275714639e-106	0.453584297259159	0.405	0.269	1.11399636534315e-101	"S6"	"SDC3"
3.41695914894589e-106	0.44003200689058	0.457	0.315	1.25064121810569e-101	"S6"	"CD2AP"
4.57843850059372e-106	0.437781881346451	0.56	0.411	1.67575427560231e-101	"S6"	"ENOX1"
2.95052588279939e-105	0.376522179118104	0.595	0.44	1.07992197836341e-100	"S6"	"FTSJ3"
3.01861789991788e-105	0.349171480117452	0.669	0.511	1.10484433754894e-100	"S6"	"KIAA0100"
7.16808781456414e-105	0.317975569718583	0.784	0.638	2.62359182100862e-100	"S6"	"BACE1"
7.82884941574724e-105	0.439088136525949	0.595	0.447	2.86543717465765e-100	"S6"	"IL32"
1.07491718957614e-104	0.272826283894426	0.882	0.779	3.93430440556762e-100	"S6"	"AARS"
1.46795107238783e-104	0.430519298494213	0.46	0.316	5.37284772004671e-100	"S6"	"GNPTAB"
2.18957503266594e-104	0.713322722010278	0.252	0.149	8.0140635770606e-100	"S6"	"AC079601.1"
3.01251194036999e-104	0.372232371174426	0.615	0.46	1.10260949529482e-99	"S6"	"TNFSF12"
2.03594754324098e-103	0.322431668320735	0.733	0.582	7.4517716030163e-99	"S6"	"ARHGEF12"
2.22482547609205e-103	0.292420373283857	0.922	0.83	8.14308372504452e-99	"S6"	"LHFPL6"
2.65095694896214e-103	0.300813399756793	0.834	0.703	9.70276752889633e-99	"S6"	"RIOK3"
3.74239390574247e-103	0.449746406686226	0.892	0.807	1.3697535934408e-98	"S6"	"MOXD1"
5.08910801185425e-103	0.448133210850107	0.377	0.246	1.86266442341877e-98	"S6"	"PHRF1"
8.41186173107857e-103	0.373983757495406	0.684	0.532	3.07882551219207e-98	"S6"	"HIC1"
1.45246687240228e-102	0.315461518838458	0.601	0.429	5.31617399967958e-98	"S6"	"HOXB7"
1.60970166007087e-102	0.27214036887317	0.876	0.769	5.8916690460254e-98	"S6"	"DCTN1"
2.03733095804581e-102	0.439863680487155	0.443	0.303	7.45683503954346e-98	"S6"	"ANKRD50"
2.11480409249338e-102	0.41702120570947	0.481	0.337	7.74039445893502e-98	"S6"	"ACOX1"
2.21954194872935e-102	0.289417895697303	0.853	0.722	8.12374548654429e-98	"S6"	"SPART"
1.10608442987219e-101	0.383568557217103	0.543	0.389	4.04837962177521e-97	"S6"	"ARHGEF40"
1.883638545959e-101	0.328061375119279	0.994	0.985	6.89430544206455e-97	"S6"	"MYL9"
2.00166841264263e-101	0.262085287483551	0.928	0.849	7.32630655711327e-97	"S6"	"HNRNPD"
4.13660230258047e-101	0.320694254235899	0.76	0.608	1.51403780876748e-96	"S6"	"BDH2"
4.67061254660143e-101	0.569644206658106	0.338	0.219	1.70949089818159e-96	"S6"	"ARHGAP20"
9.69249387693195e-101	0.31602580891254	0.756	0.61	3.54754968389586e-96	"S6"	"ZMYM4"
9.9377269781996e-101	0.556353410296561	0.379	0.254	3.63730745129083e-96	"S6"	"HAND2"
1.0430906553677e-100	0.281392061018918	0.859	0.728	3.81781610771133e-96	"S6"	"C6orf89"
1.08456963629527e-100	0.331960522363336	0.728	0.587	3.96963332580433e-96	"S6"	"IMPDH1"
1.71669468063171e-100	0.280919258250622	0.913	0.812	6.28327420058012e-96	"S6"	"SNHG18"
3.26309229706389e-100	0.258850630649821	0.896	0.789	1.19432441164835e-95	"S6"	"PRPF8"
7.00371160903726e-100	0.316799364555563	0.8	0.665	2.56342848602373e-95	"S6"	"TCF12"
1.09918354775044e-99	0.570876409460149	0.268	0.161	4.02312170312139e-95	"S6"	"CACNA1A"
1.40450971190891e-99	0.527735825479005	0.294	0.182	5.1406459965578e-95	"S6"	"HSD17B1"
1.75160321230286e-99	0.420679139190723	0.501	0.358	6.41104291734968e-95	"S6"	"TGFBR1"
2.9868949481704e-99	0.258282052874002	1	1	1.09323341997985e-94	"S6"	"FTH1"
6.68998986613981e-99	0.414309745529858	0.453	0.314	2.44860319090583e-94	"S6"	"TICAM1"
1.03057878926883e-98	0.250987247952135	0.973	0.935	3.77202142660283e-94	"S6"	"ARID5B"
1.64036634325598e-98	0.444718385811524	0.425	0.29	6.00390485295122e-94	"S6"	"ELL"
2.37667694379055e-98	0.341057603966541	0.687	0.541	8.69887528196778e-94	"S6"	"ANKRD13A"
2.66878942063518e-98	0.458763808675025	0.399	0.268	9.76803615846682e-94	"S6"	"CARNMT1"
4.29117566018526e-98	0.627772923147691	0.298	0.189	1.57061320338441e-93	"S6"	"C1QTNF5"
4.86796385332556e-98	0.35284365159689	0.631	0.477	1.78172344995569e-93	"S6"	"EHMT2"
8.87368377796107e-98	0.306389734748346	0.787	0.647	3.24785699957153e-93	"S6"	"EPB41L3"
1.58684329727054e-97	0.486256821681038	0.468	0.336	5.80800515233989e-93	"S6"	"MYO1D"
1.87479894729511e-97	0.33718109870437	0.636	0.478	6.86195162699483e-93	"S6"	"GSDMD"
3.49718358458842e-97	0.341634918262699	0.672	0.524	1.28000416379521e-92	"S6"	"PON2"
3.87611338654154e-97	0.514206302618649	0.324	0.208	1.41869626060807e-92	"S6"	"ZNF469"
4.11534071863871e-97	0.277366333656101	0.769	0.624	1.50625585642896e-92	"S6"	"SUPT6H"
4.19667520664011e-97	0.457081427681479	0.346	0.223	1.53602509238235e-92	"S6"	"APAF1"
4.65875439665661e-97	0.317424989094259	0.696	0.538	1.70515069672029e-92	"S6"	"SCAF1"
6.20127409794258e-97	0.325983675105938	0.785	0.641	2.26972833258796e-92	"S6"	"FAS"
6.86049456061757e-97	0.329025215177542	0.674	0.526	2.51100961413164e-92	"S6"	"ITM2C"
9.97239702484714e-97	0.286592104525778	0.776	0.627	3.6499970350643e-92	"S6"	"KANK2"
1.5056720481635e-96	0.384107150649585	0.362	0.232	5.51091026348322e-92	"S6"	"LIN7A"
1.66134147525853e-96	0.335405405772627	0.841	0.734	6.08067593359375e-92	"S6"	"RAI14"
1.0619316411287e-95	0.538523499282046	0.377	0.254	3.88677599969514e-91	"S6"	"ISYNA1"
1.283957756947e-95	0.448454682023284	0.36	0.237	4.69941378620173e-91	"S6"	"TEAD3"
1.81363483120561e-95	0.443148853409877	0.821	0.726	6.63808484569565e-91	"S6"	"STC2"
6.85071579759896e-95	0.435549370597459	0.341	0.22	2.5074304890792e-90	"S6"	"VIT"
1.38676244175231e-94	0.340626927433727	0.606	0.457	5.07568921305764e-90	"S6"	"TSPYL1"
3.31664495326058e-94	0.318779384509859	0.642	0.488	1.21392521934291e-89	"S6"	"CHPF2"
4.02906234773271e-94	0.372975339973113	0.528	0.387	1.47467710989365e-89	"S6"	"TFRC"
4.47189847198139e-94	0.371494337279151	0.578	0.432	1.63675955972991e-89	"S6"	"SIRPA"
8.25079430165267e-94	0.520956996851297	0.463	0.336	3.01987322234789e-89	"S6"	"SNX25"
4.39361169537909e-93	0.437035454493578	0.37	0.246	1.6081058166257e-88	"S6"	"FZD6"
5.41032005586618e-93	0.290764929254803	0.748	0.6	1.98023124364758e-88	"S6"	"UBAP2L"
6.97227033428484e-93	0.489709249041575	0.347	0.227	2.5519206650516e-88	"S6"	"BOC"
7.38624167477436e-93	0.269317108584482	0.923	0.842	2.70343831538416e-88	"S6"	"FBLN5"
8.59898783541022e-93	0.263793228044131	0.915	0.819	3.14731553763849e-88	"S6"	"STAT3"
1.13900336355267e-92	0.45030113833495	0.353	0.231	4.16886621093912e-88	"S6"	"RAPGEF2"
1.1949960109575e-92	0.359164065331525	0.543	0.398	4.37380489970553e-88	"S6"	"SNX29"
2.40683694732676e-92	0.438536396967851	0.373	0.248	8.80926391091068e-88	"S6"	"CYB5R2"
3.30891056860602e-92	0.533580385569599	0.259	0.158	1.21109435721549e-87	"S6"	"TMOD2"
3.66923614867542e-92	0.483193989051631	0.312	0.199	1.34297712277669e-87	"S6"	"MICAL3"
6.58707816430122e-92	0.54226917699302	0.592	0.47	2.41093647891589e-87	"S6"	"STEAP1"
7.31501354637953e-92	0.340391867965349	0.644	0.503	2.67736810811037e-87	"S6"	"MYO9B"
9.46783172357297e-92	0.816567075955298	0.563	0.446	3.46532108914494e-87	"S6"	"PENK"
1.31901370248453e-91	0.38048025369291	0.53	0.389	4.82772205246364e-87	"S6"	"HELZ"
3.86567446008122e-91	0.307002920242874	0.684	0.535	1.41487550913433e-86	"S6"	"ZNF770"
9.00335058597186e-91	0.399918264104629	0.436	0.304	3.29531634797156e-86	"S6"	"PANX1"
2.10188660344749e-90	0.283559577104085	0.803	0.668	7.69311515727816e-86	"S6"	"ASCC3"
2.14344516392288e-90	0.457596996581197	0.377	0.255	7.84522364447412e-86	"S6"	"UST"
2.77612845528026e-90	0.264542752482834	0.78	0.634	1.01609077591713e-85	"S6"	"MICU1"
5.34054815247101e-90	0.366807250585762	0.454	0.319	1.95469402928592e-85	"S6"	"AP1B1"
8.16583176705593e-90	0.303516492708389	0.72	0.578	2.98877608506014e-85	"S6"	"U2AF2"
1.01285629332173e-89	0.424440017998486	0.427	0.296	3.70715531918686e-85	"S6"	"GLIS3"
1.0636017624061e-89	0.330950945236283	0.652	0.514	3.89288881058255e-85	"S6"	"MBOAT2"
1.30245730481622e-89	0.435401606937369	0.375	0.253	4.76712398135786e-85	"S6"	"SLC2A10"
2.2676692317985e-89	0.277305672142343	0.8	0.656	8.29989615530571e-85	"S6"	"CAT"
2.30143470995077e-89	0.547886261483333	0.266	0.164	8.4234811818908e-85	"S6"	"IRX2"
2.97695001405291e-89	0.358425881812567	0.448	0.313	1.08959347464351e-84	"S6"	"NOMO2"
4.48947944304281e-89	0.3995013517448	0.44	0.309	1.6431943709481e-84	"S6"	"SRF"
5.01376367423106e-89	0.632826779557335	0.252	0.155	1.83508764240531e-84	"S6"	"GPRC5B"
6.81760897703529e-89	0.344615540463845	0.532	0.385	2.49531306168469e-84	"S6"	"CPSF1"
6.90373344582003e-89	0.321538675464404	0.623	0.475	2.52683547850459e-84	"S6"	"TTYH3"
7.08663856769646e-89	0.527385698961196	0.295	0.189	2.59378058216258e-84	"S6"	"SPECC1"
1.97034446336379e-88	0.293948294329788	0.667	0.518	7.21165777035782e-84	"S6"	"OSBP"
2.07948960508439e-88	0.508163094764247	0.303	0.194	7.61113990356938e-84	"S6"	"PRKAR1B"
2.25696440014187e-88	0.341970288873672	0.569	0.426	8.26071540095926e-84	"S6"	"LARP4"
6.56895192689777e-88	0.253875398220641	0.875	0.779	2.40430209476385e-83	"S6"	"C11orf24"
7.06474283181391e-88	0.316877961328715	0.973	0.936	2.58576652387221e-83	"S6"	"ACTN1"
1.20569194420556e-87	0.28874577972773	0.88	0.769	4.41295308498676e-83	"S6"	"FDFT1"
1.21096307172959e-87	0.356438375553983	0.568	0.425	4.43224593883746e-83	"S6"	"WASF3"
1.45736668373991e-87	0.356112467634874	0.784	0.654	5.33410779915646e-83	"S6"	"ZNF503"
2.18563766254097e-87	0.324155227575341	0.956	0.916	7.9996524086662e-83	"S6"	"CRABP2"
2.28376237561357e-87	0.372151796164185	0.434	0.303	8.35879867098324e-83	"S6"	"NUP214"
3.31446634989759e-87	0.365399173995961	0.516	0.379	1.21312782872602e-82	"S6"	"MYBBP1A"
3.53003192258668e-87	0.323903489668235	0.718	0.584	1.29202698398595e-82	"S6"	"TACC1"
4.06320205422933e-87	0.403189121425009	0.646	0.514	1.48717258386848e-82	"S6"	"SQLE"
6.04816190643689e-87	0.400512998960902	0.631	0.501	2.21368773937497e-82	"S6"	"NABP1"
7.57034343106663e-87	0.286225261490055	0.69	0.542	2.7708213992047e-82	"S6"	"CCNK"
1.64009939051392e-86	0.450787950470638	0.321	0.208	6.00292777921999e-82	"S6"	"TNFRSF10D"
2.71465710270696e-86	0.480291411148178	0.302	0.195	9.93591646161775e-82	"S6"	"ARHGAP31"
4.38723806886778e-86	0.271775450076905	0.823	0.697	1.6057730055863e-81	"S6"	"ACSL3"
5.27482240333528e-86	0.275311028838079	0.829	0.705	1.93063774784475e-81	"S6"	"TRIM8"
5.94642555936438e-86	0.27316496473604	0.285	0.18	2.17645121898296e-81	"S6"	"IL13RA2"
7.13792301866987e-86	0.267808727195886	0.795	0.663	2.61255120406336e-81	"S6"	"CUX1"
7.83152902647616e-86	0.35436012029411	0.577	0.439	2.86641793898054e-81	"S6"	"SLC9A3R2"
1.16621624060253e-85	0.517707925158524	0.273	0.171	4.26846806222931e-81	"S6"	"SH3BP1"
1.29327031445254e-85	0.350159451054143	0.559	0.417	4.73349867792774e-81	"S6"	"CFLAR"
1.63305467705126e-85	0.411397861790999	0.379	0.256	5.9771434234753e-81	"S6"	"NBPF9"
2.00668864019586e-85	0.321248505348965	0.575	0.43	7.34468109198088e-81	"S6"	"VPS39"
3.36548939350912e-85	0.299357431547659	0.731	0.597	1.23180277291827e-80	"S6"	"RUNX1"
3.82897405428478e-85	0.46046193646665	0.399	0.279	1.40144279360877e-80	"S6"	"ALDH16A1"
4.77176736381292e-85	0.31791975599136	0.647	0.507	1.74651457282917e-80	"S6"	"TASOR2"
5.18241462452039e-85	0.39367754838584	0.46	0.33	1.89681557672071e-80	"S6"	"HEPH"
5.54304264064225e-85	0.355555799491934	0.839	0.747	2.02880903690147e-80	"S6"	"BAG2"
1.21011987053449e-84	0.306353483237317	0.549	0.404	4.42915973814328e-80	"S6"	"ABCC1"
1.24920263042719e-84	0.254596535825604	0.844	0.735	4.57220654762654e-80	"S6"	"SEC23A"
2.28053294606986e-84	0.298376161283324	0.968	0.937	8.34697863591028e-80	"S6"	"PLPP3"
4.98304415879379e-84	0.280436833735613	0.715	0.572	1.82384399256012e-79	"S6"	"TXLNA"
5.75961236128748e-84	0.271191144109727	0.726	0.577	2.10807572035483e-79	"S6"	"ATF6B"
7.34631177540613e-84	0.304412036693603	0.746	0.613	2.6888235729164e-79	"S6"	"HK1"
7.67239483865764e-84	0.272155346506712	0.908	0.82	2.80817323489708e-79	"S6"	"SLC16A3"
7.73436594574642e-84	0.475633245477285	0.345	0.23	2.83085527980265e-79	"S6"	"TRANK1"
7.84461812238699e-84	0.398497348911972	0.281	0.177	2.87120867897486e-79	"S6"	"CCDC85C"
1.39235295200023e-83	0.279712554617327	0.662	0.519	5.09615103961605e-79	"S6"	"PACS1"
3.20717513527143e-83	0.29421686138099	0.639	0.491	1.17385817126069e-78	"S6"	"SPEN"
3.32927975817878e-83	0.388089899841415	0.358	0.238	1.21854968429102e-78	"S6"	"LPCAT1"
3.58618771086402e-83	0.547279629752662	0.318	0.212	1.31258056405334e-78	"S6"	"TNFAIP3"
3.81523660260064e-83	0.255227869435796	0.71	0.559	1.39641474891786e-78	"S6"	"ELP5"
4.12149802049379e-83	0.320559200971593	0.592	0.451	1.50850949048093e-78	"S6"	"SPRED2"
1.40269120705999e-82	0.678144369836328	0.28	0.181	5.13399008696027e-78	"S6"	"MT1M"
2.08896039054495e-82	0.392973738874963	0.407	0.283	7.64580392543357e-78	"S6"	"HIST1H2BK"
2.119633776574e-82	0.333214640190734	0.57	0.43	7.75807158563849e-78	"S6"	"NFKB1"
2.5456085711488e-82	0.391928837126766	0.407	0.285	9.31718193126172e-78	"S6"	"SIPA1L1"
2.5971115980142e-82	0.253627549217668	0.851	0.73	9.50568815989178e-78	"S6"	"HNRNPUL2"
2.76126617634677e-82	0.431146618857066	0.353	0.239	1.01065103320468e-77	"S6"	"TET1"
3.19616373253022e-82	0.402750184592396	0.344	0.229	1.16982788774338e-77	"S6"	"UBE2O"
4.09222606304414e-82	0.375458216060298	0.41	0.285	1.49779566133478e-77	"S6"	"NACC1"
9.784978939139e-82	0.387269543697265	0.441	0.315	3.58140014151426e-77	"S6"	"SCFD2"
9.95791332821579e-82	0.30622053047701	0.516	0.375	3.64469585726026e-77	"S6"	"DIDO1"
1.1279117768513e-81	0.331755756196122	0.49	0.356	4.12826989445344e-77	"S6"	"SIN3B"
1.64195975480695e-81	0.297720794806588	0.865	0.765	6.00973689856891e-77	"S6"	"LMO4"
1.8029366627384e-81	0.30187678189653	0.656	0.51	6.59892847928882e-77	"S6"	"CD302"
2.9366262117868e-81	0.38966005355618	0.517	0.393	1.07483455977609e-76	"S6"	"SEMA5A"
3.87664481057973e-81	0.334810582350449	0.562	0.422	1.41889076712029e-76	"S6"	"KDM4B"
4.01771279187029e-81	0.422781133732426	0.353	0.24	1.47052305895245e-76	"S6"	"EFS"
5.34703125018907e-81	0.297226875883996	0.606	0.465	1.9570669078817e-76	"S6"	"PIP5K1A"
6.79131127674142e-81	0.311211082192097	0.61	0.468	2.48568784040013e-76	"S6"	"YLPM1"
8.01043877265888e-81	0.310869209794921	0.592	0.453	2.93190069518088e-76	"S6"	"POFUT2"
9.9315541642067e-81	0.31360727884343	0.565	0.427	3.63504813964129e-76	"S6"	"TNS2"
1.21276078337285e-80	0.384372143249925	0.45	0.324	4.43882574322297e-76	"S6"	"LDLR"
1.34461642795659e-80	0.260304249668064	0.755	0.621	4.92143058796393e-76	"S6"	"PRRC2B"
2.00909731002627e-80	0.340628787524992	0.474	0.342	7.35349706442717e-76	"S6"	"SKIV2L"
2.75538875924583e-80	0.459505177517168	0.301	0.198	1.00849983977156e-75	"S6"	"AC090204.1"
3.21301830936542e-80	0.432717732756996	0.332	0.222	1.17599683141084e-75	"S6"	"FOXP4"
4.82722108674445e-80	0.298797447341428	0.713	0.573	1.76681118995933e-75	"S6"	"SNX18"
4.84352855337807e-80	0.313106813002766	0.692	0.562	1.77277988582191e-75	"S6"	"ACOT2"
6.27646539577299e-80	0.289927532562413	0.604	0.46	2.29724909950687e-75	"S6"	"EP400"
7.9525851988784e-80	0.322055302996624	0.807	0.689	2.91072570864148e-75	"S6"	"LAP3"
1.1289979794549e-79	0.363569700665993	0.454	0.327	4.1322455046029e-75	"S6"	"SLC5A3"
1.5719968070816e-79	0.310234470072297	0.563	0.423	5.75366551359938e-75	"S6"	"PIP5K1C"
1.59437838676504e-79	0.250615687164227	0.895	0.787	5.83558433339874e-75	"S6"	"TMEM98"
2.65461638089312e-79	0.267867173615432	0.782	0.645	9.71616141570692e-75	"S6"	"CBX1"
1.09582657196868e-78	0.340468180467148	0.52	0.385	4.01083483606255e-74	"S6"	"FLRT2"
1.36405406216278e-78	0.399104511486668	0.299	0.194	4.99257427292199e-74	"S6"	"PLCG1"
1.40339766209835e-78	0.330354619030779	0.494	0.36	5.13657578304618e-74	"S6"	"CSTF2T"
1.57681302559543e-78	0.354068414123277	0.504	0.376	5.77129335498183e-74	"S6"	"GGH"
1.57789772638526e-78	0.35088233090531	0.371	0.253	5.77526346834269e-74	"S6"	"PACSIN3"
1.58424121216301e-78	0.347970487535814	0.463	0.334	5.79848126063784e-74	"S6"	"PPRC1"
2.25316099588778e-78	0.296629551459647	0.627	0.481	8.24679456104887e-74	"S6"	"GNPDA1"
2.54371822014182e-78	0.259490576140997	0.727	0.581	9.31026305754107e-74	"S6"	"ATXN7L3B"
2.9874535338648e-78	0.355290573575186	0.561	0.424	1.09343786792986e-73	"S6"	"PLEKHA5"
4.61925926011224e-78	0.342949368188785	0.411	0.287	1.69069508179368e-73	"S6"	"MPDZ"
6.7929638795267e-78	0.314836187420163	0.68	0.533	2.48629270954557e-73	"S6"	"IP6K2"
9.10578513395986e-78	0.330818469071199	0.613	0.48	3.33280841688065e-73	"S6"	"RAB8B"
1.16581203297607e-77	0.409033384907897	0.362	0.25	4.26698862189571e-73	"S6"	"ABCC4"
1.44220537938858e-77	0.255640245747653	0.848	0.738	5.27861590910015e-73	"S6"	"SRSF2"
1.69579323888899e-77	0.275605566125775	0.669	0.535	6.20677283365758e-73	"S6"	"NUFIP2"
1.81597921181293e-77	0.453710914867494	0.288	0.188	6.64666551315651e-73	"S6"	"DNAJB5"
2.50665430891745e-77	0.489684723296932	0.261	0.165	9.17460543606876e-73	"S6"	"XYLT2"
2.64711691927357e-77	0.269376523526368	0.988	0.984	9.6887126362332e-73	"S6"	"C1S"
4.68418743218471e-77	0.494891884993178	0.255	0.161	1.71445944205393e-72	"S6"	"POP1"
4.85917103814032e-77	0.2898952003464	0.635	0.496	1.77850519166974e-72	"S6"	"KIF1C"
8.97155396279191e-77	0.279788983835286	0.754	0.622	3.28367846592147e-72	"S6"	"DLST"
9.17787392875456e-77	0.269504418064117	0.888	0.807	3.35919363666346e-72	"S6"	"LASP1"
1.1303204184984e-76	0.421490100954956	0.317	0.212	4.13708576374601e-72	"S6"	"MICALL1"
1.15192522245601e-76	0.382405325494834	0.338	0.227	4.21616150671124e-72	"S6"	"FYCO1"
2.49178892316211e-76	0.256090376094833	0.548	0.412	9.12019663766564e-72	"S6"	"DKK3"
3.52955795904724e-76	0.276838843966647	0.813	0.688	1.29185350859088e-71	"S6"	"RND3"
3.87310541896515e-76	0.325534972268587	0.528	0.393	1.41759531439544e-71	"S6"	"PNPLA4"
4.68635464790057e-76	0.500663814604637	0.36	0.253	1.71525266467809e-71	"S6"	"PPP1R13L"
1.3307027732647e-75	0.483005206856983	0.336	0.228	4.87050522042614e-71	"S6"	"HMGCS1"
1.38742139758688e-75	0.351689350811915	0.422	0.301	5.07810105730773e-71	"S6"	"WFS1"
1.94864705175261e-75	0.323517044440534	0.456	0.329	7.13224307411973e-71	"S6"	"UBA6"
2.04161842880826e-75	0.258921999386531	0.87	0.771	7.47252761128111e-71	"S6"	"NT5DC2"
2.1816819691719e-75	0.3551169676732	0.485	0.36	7.98517417536606e-71	"S6"	"PAWR"
2.47511698677029e-75	0.371859167090447	0.393	0.275	9.05917568327794e-71	"S6"	"PKNOX1"
6.1702386314959e-75	0.321476657698754	0.646	0.508	2.25836904151381e-70	"S6"	"ADAM33"
6.47947385157559e-75	0.280316771714603	0.793	0.672	2.37155222441518e-70	"S6"	"ZMIZ1"
8.41522945639592e-75	0.281101179363863	0.8	0.678	3.08005813333547e-70	"S6"	"EGFR"
1.0360244800616e-74	0.27658581462891	0.665	0.528	3.79195319947347e-70	"S6"	"PRKCI"
1.76163624923724e-74	0.252419961151772	0.776	0.652	6.44776483583321e-70	"S6"	"EPB41L2"
2.12272557140201e-74	0.257759148711907	0.774	0.659	7.76938786388852e-70	"S6"	"PRRC2A"
2.35413716889535e-74	0.304947860087656	0.515	0.383	8.61637745187388e-70	"S6"	"ZC3H18"
4.23546273772304e-74	0.262218260894803	0.763	0.645	1.55022171663401e-69	"S6"	"FAM98A"
5.01175657590969e-74	0.455648487927984	0.618	0.508	1.83435302434871e-69	"S6"	"PRICKLE1"
5.04729907056949e-74	0.257617156115176	0.68	0.543	1.84736193281914e-69	"S6"	"UBR4"
5.32698606454018e-74	0.49283282630957	0.389	0.281	1.94973016948235e-69	"S6"	"PMEPA1"
5.98259066716481e-74	0.257587245723433	0.647	0.503	2.18968801008899e-69	"S6"	"MED15"
6.945874614562e-74	0.414597051881112	0.522	0.401	2.54225956767584e-69	"S6"	"MYO10"
7.05190645792557e-74	0.323448425877466	0.503	0.373	2.58106828266534e-69	"S6"	"SREBF2"
7.58380809616819e-74	0.267045794393777	0.466	0.337	2.77574960127852e-69	"S6"	"BX322234.1"
1.02204198993423e-73	0.268357961640105	0.621	0.479	3.74077588735828e-69	"S6"	"SPECC1L"
2.18656760873954e-73	0.281253716212543	0.872	0.776	8.00305610474759e-69	"S6"	"BCL3"
2.35614269728702e-73	0.418524014961766	0.322	0.219	8.62371788634023e-69	"S6"	"IRX5"
3.91573111575126e-73	0.313741269013008	0.93	0.901	1.43319674567612e-68	"S6"	"MT-ATP6"
4.50581918745095e-73	0.265298248854608	0.668	0.534	1.64917488079892e-68	"S6"	"TSR1"
4.54738829761173e-73	0.48669866343246	0.361	0.256	1.66438959080887e-68	"S6"	"PPP1R3C"
6.1469432421287e-73	0.330286061308916	0.403	0.282	2.24984269605152e-68	"S6"	"LETM1"
6.91558451822879e-73	0.531790885771867	0.251	0.161	2.53117308951692e-68	"S6"	"STBD1"
7.40802403761895e-73	0.301421539693691	0.503	0.371	2.71141087800891e-68	"S6"	"STXBP1"
1.01098180329671e-72	0.30418834248788	0.663	0.534	3.70029449824629e-68	"S6"	"SMAD3"
1.01679396903365e-72	0.318600038321861	0.416	0.294	3.72156760606007e-68	"S6"	"TP53BP2"
1.26477351342675e-72	0.376337431094314	0.393	0.277	4.62919753649324e-68	"S6"	"MEIS3"
1.41017412512196e-72	0.419142879613427	0.652	0.535	5.16137831535889e-68	"S6"	"FILIP1L"
2.09308972965522e-72	0.276691327719715	0.658	0.519	7.66091771951107e-68	"S6"	"PBX1"
2.18159790212227e-72	0.33022047196768	0.644	0.515	7.98486648155773e-68	"S6"	"SH3PXD2B"
2.87995572798108e-72	0.292002624811524	0.707	0.585	1.05409259599836e-67	"S6"	"MINDY2"
3.52554839740422e-72	0.275226761077774	0.637	0.496	1.29038596893392e-67	"S6"	"THRA"
5.91844849692885e-72	0.342753685000974	0.569	0.448	2.16621133436093e-67	"S6"	"B4GALT4"
5.94205317307988e-72	0.417571389316396	0.28	0.182	2.17485088187897e-67	"S6"	"JAK2"
1.37873201896107e-71	0.298876050114327	0.547	0.415	5.04629706259942e-67	"S6"	"CRYBG3"
1.61300016251492e-71	0.348048013147856	0.696	0.576	5.90374189482085e-67	"S6"	"LMCD1"
1.84009146620872e-71	0.331637936817708	0.682	0.565	6.73491877547052e-67	"S6"	"SWAP70"
2.91382040411425e-71	0.280896704196878	0.604	0.469	1.06648740610986e-66	"S6"	"KLHL9"
3.65261483631673e-71	0.367467876780606	0.756	0.65	1.33689355624029e-66	"S6"	"GJA1"
7.17109368918695e-71	0.280671997529187	0.622	0.482	2.62469200117932e-66	"S6"	"TBC1D23"
8.47143921387094e-71	0.453933961876181	0.519	0.404	3.1006314666689e-66	"S6"	"INHBA"
1.02292947405316e-70	0.292940593471182	0.551	0.419	3.74402416798198e-66	"S6"	"MGRN1"
1.11203889067193e-70	0.281961788768355	0.579	0.445	4.07017354374834e-66	"S6"	"SEC23IP"
1.40462691707712e-70	0.267157511705892	0.686	0.551	5.14107497919396e-66	"S6"	"KIAA1191"
1.82757808149031e-70	0.301699685320859	0.485	0.356	6.68911853606268e-66	"S6"	"SNHG19"
2.40220926949844e-70	0.261292534229776	0.658	0.516	8.79232614729125e-66	"S6"	"UBR5"
2.67877093884816e-70	0.277584835663426	0.766	0.635	9.80456951327813e-66	"S6"	"CD109"
2.97373554439592e-70	0.314640420633755	0.441	0.318	1.08841694660435e-65	"S6"	"AKAP17A"
3.70356951814244e-70	0.26427771848811	0.603	0.468	1.35554347933531e-65	"S6"	"YTHDF3"
5.53358907031597e-70	0.452679925563062	0.588	0.477	2.02534893562635e-65	"S6"	"PODN"
8.09635585737193e-70	0.337087630854183	0.481	0.356	2.9633472073567e-65	"S6"	"RNF168"
1.14657131462985e-69	0.316635904948697	0.444	0.321	4.1965656686767e-65	"S6"	"SUN2"
1.14682239005317e-69	0.351540140924556	0.357	0.248	4.19748462983361e-65	"S6"	"USP28"
1.24089249079026e-69	0.298913868066768	0.854	0.756	4.54179060554143e-65	"S6"	"JPT1"
1.50926188632954e-69	0.322562625429808	0.41	0.292	5.52404943015477e-65	"S6"	"NET1"
1.67978655562354e-69	0.282033172850191	0.55	0.415	6.14818677223773e-65	"S6"	"SLMAP"
1.70066322455323e-69	0.395869890562323	0.256	0.164	6.22459746818729e-65	"S6"	"GNE"
1.77405328023915e-69	0.273967083355669	0.651	0.521	6.49321241100333e-65	"S6"	"ESYT1"
2.03121084137094e-69	0.303644014144614	0.543	0.411	7.43443480050179e-65	"S6"	"NUP98"
2.12051934769558e-69	0.314652584704466	0.628	0.499	7.76131286450058e-65	"S6"	"LDB2"
2.30794103160818e-69	0.282785666140704	0.506	0.376	8.4472949697891e-65	"S6"	"PIP4K2A"
2.57145215091936e-69	0.36220630211785	0.452	0.334	9.41177201757994e-65	"S6"	"GBP1"
4.46449945465856e-69	0.26731002754707	0.74	0.619	1.63405144539958e-64	"S6"	"EML4"
4.59652894294301e-69	0.363068585426141	0.323	0.219	1.68237555840657e-64	"S6"	"POLG"
5.02262284268484e-69	0.288156333376775	0.602	0.474	1.83833018665108e-64	"S6"	"HOOK2"
7.61969978329389e-69	0.31369322426265	0.591	0.462	2.7888863176834e-64	"S6"	"WWC2"
8.00234731658244e-69	0.318315583768631	0.551	0.424	2.92893914134234e-64	"S6"	"EPS8L2"
8.72716719384091e-69	0.379094187590334	0.749	0.639	3.19423046461771e-64	"S6"	"MT1X"
1.0983614284456e-68	0.265873963584744	0.542	0.406	4.02011266425374e-64	"S6"	"TNKS"
1.23327520512237e-68	0.279936027607765	0.537	0.406	4.51391057826838e-64	"S6"	"ARNT"
1.37132072398953e-68	0.294439152612699	0.447	0.326	5.01917098187409e-64	"S6"	"PRR14L"
1.55639688572386e-68	0.324962490101548	0.425	0.305	5.69656824143791e-64	"S6"	"NMRK1"
2.1543392666347e-68	0.278430232668609	0.821	0.722	7.88509714980968e-64	"S6"	"MANF"
2.54445329433822e-68	0.255142189847062	0.595	0.461	9.31295350260733e-64	"S6"	"NSF"
2.58231890661198e-68	0.286694038577878	0.6	0.46	9.45154543009052e-64	"S6"	"EMX2"
3.1604439789849e-68	0.263718566435389	0.766	0.639	1.15675410074826e-63	"S6"	"TMEM189"
3.57770334389517e-68	0.304178845923406	0.459	0.335	1.30947520089907e-63	"S6"	"NUP50"
6.59965353586327e-68	0.320766176731818	0.423	0.305	2.41553919066132e-63	"S6"	"RAVER1"
7.07651084667513e-68	0.250261355149444	0.664	0.531	2.59007373499156e-63	"S6"	"STAT2"
7.08565224254939e-68	0.271176780953041	0.584	0.451	2.5934195772955e-63	"S6"	"ECE1"
8.51342436722253e-68	0.350190671549434	0.43	0.317	3.11599845264712e-63	"S6"	"KCTD12"
9.37260424184998e-68	0.304499000915977	0.512	0.385	3.43046687855951e-63	"S6"	"JMJD6"
1.13265395496142e-67	0.297729353954928	0.5	0.374	4.1456267405543e-63	"S6"	"RAB4B"
1.23201425393762e-67	0.252633677661993	0.722	0.593	4.50929537083709e-63	"S6"	"SECISBP2L"
1.42217036643357e-67	0.395073355950957	0.84	0.772	5.2052857581835e-63	"S6"	"ID3"
1.44784516001066e-67	0.363186371773771	0.359	0.249	5.29925807015501e-63	"S6"	"MICALL2"
1.86263601221551e-67	0.480586158415196	0.274	0.184	6.81743406830998e-63	"S6"	"MID1"
2.44874438779739e-67	0.307579497035378	0.455	0.335	8.96264933377723e-63	"S6"	"DHX8"
8.16379504671083e-67	0.397991573259781	0.428	0.317	2.98803062504663e-62	"S6"	"STK38L"
9.07534219341129e-67	0.39027336207036	0.3	0.202	3.32166599621046e-62	"S6"	"GABRE"
1.03345825601466e-66	0.368478976222167	0.294	0.196	3.78256056283926e-62	"S6"	"CMTR1"
1.23783928423654e-66	0.346377925943889	0.362	0.255	4.53061556423416e-62	"S6"	"KDM3B"
1.64730149154138e-66	0.393897380736163	0.324	0.223	6.02928818919059e-62	"S6"	"NCAPD2"
4.38118863877362e-66	0.315952095898915	0.388	0.276	1.60355885367753e-61	"S6"	"CCAR2"
4.68211068514562e-66	0.271154133123778	0.637	0.504	1.71369933187015e-61	"S6"	"NELFCD"
4.76009200881329e-66	0.275157383572974	0.52	0.394	1.74224127614575e-61	"S6"	"DPP9"
5.29466900392478e-66	0.321906215276652	0.398	0.287	1.93790180212651e-61	"S6"	"FAM168A"
5.46998451104397e-66	0.348118989717007	0.797	0.719	2.0020690308872e-61	"S6"	"LMO7"
6.25334766202944e-66	0.345487932603445	0.356	0.249	2.2887877777794e-61	"S6"	"IQSEC2"
6.88049264919595e-66	0.297096813962931	0.632	0.517	2.51832911453221e-61	"S6"	"SPOCD1"
1.04174762925587e-65	0.43488000462064	0.288	0.194	3.8129004978394e-61	"S6"	"SORCS2"
1.25674000277606e-65	0.374038917663195	0.316	0.216	4.59979408416064e-61	"S6"	"MIRLET7BHG"
1.49203066731322e-65	0.264191786174954	0.665	0.534	5.46098144543312e-61	"S6"	"C1RL"
1.96933493367699e-65	0.310020823230705	0.635	0.514	7.20796279075115e-61	"S6"	"CDH2"
2.56007599695498e-65	0.409435762086124	0.277	0.185	9.37013415645494e-61	"S6"	"SPINDOC"
3.57759323437231e-65	0.354509808833892	0.28	0.186	1.30943489971261e-60	"S6"	"CTDP1"
4.10130520332682e-65	0.278255810400743	0.477	0.364	1.50111871746965e-60	"S6"	"AC006064.4"
4.18113061863799e-65	0.354627910430974	0.353	0.248	1.53033561772769e-60	"S6"	"REPIN1"
4.8125238183369e-65	0.472644990605512	0.351	0.249	1.76143184274949e-60	"S6"	"ENC1"
5.22267795269857e-65	0.353080703441276	0.272	0.178	1.9115523574672e-60	"S6"	"TTLL7"
6.69913818716674e-65	0.339297389926857	0.643	0.517	2.4519515678849e-60	"S6"	"TRNP1"
7.83556832969255e-65	0.275484316432804	0.632	0.504	2.86789636435077e-60	"S6"	"LUZP1"
8.79248306650379e-65	0.278332455664413	0.505	0.38	3.21813672717105e-60	"S6"	"RPGRIP1L"
8.92719069931767e-65	0.269293615988041	0.586	0.454	3.26744106785726e-60	"S6"	"TMEM50B"
1.03939946951643e-64	0.320270239829773	0.487	0.368	3.80430599837708e-60	"S6"	"ITGA4"
1.06348002060861e-64	0.338504769340804	0.498	0.379	3.89244322342956e-60	"S6"	"TLN2"
1.09548180871255e-64	0.290324495626668	0.456	0.337	4.00957296806881e-60	"S6"	"SRGAP2B"
1.46813703398016e-64	0.378334732601756	0.295	0.199	5.37352835807077e-60	"S6"	"PLA2R1"
1.56150359829581e-64	0.312521287463528	0.458	0.341	5.71525932012248e-60	"S6"	"CPT1A"
2.08615565618109e-64	0.432607517515978	0.279	0.188	7.63553831718839e-60	"S6"	"ADAM19"
3.01225658725467e-64	0.307851681104057	0.424	0.308	1.10251603350108e-59	"S6"	"CEP104"
3.31970956883505e-64	0.284383682616542	0.399	0.283	1.21504689928932e-59	"S6"	"SEC24C"
3.56262203239056e-64	0.374004043935832	0.323	0.224	1.30395529007527e-59	"S6"	"NES"
4.33870697046414e-64	0.29679224141335	0.756	0.651	1.58801013825958e-59	"S6"	"VASP"
4.42276620312544e-64	0.412155773749361	0.482	0.369	1.61877665800594e-59	"S6"	"SPDL1"
4.50039458630892e-64	0.278509167992008	0.906	0.821	1.64718942253493e-59	"S6"	"WTAP"
4.74643567192563e-64	0.363412067667102	0.261	0.171	1.7372429202815e-59	"S6"	"PHF2"
4.7872720302952e-64	0.37910476400142	0.366	0.26	1.75218943580835e-59	"S6"	"ARMC9"
5.06582739562446e-64	0.260699759782418	0.603	0.469	1.85414348507251e-59	"S6"	"ZNRF1"
8.87349930218122e-64	0.251271465327003	0.614	0.481	3.24778947959135e-59	"S6"	"GASK1B"
1.16362069790371e-63	0.29810931908171	0.353	0.246	4.25896811639737e-59	"S6"	"HECTD4"
1.79897501041502e-63	0.47768277439064	0.255	0.171	6.58442843562003e-59	"S6"	"DDIT4-AS1"
2.34841094665175e-63	0.297558647696218	0.435	0.32	8.59541890584006e-59	"S6"	"PRKCA"
2.66694071785966e-63	0.339974549441139	0.299	0.205	9.76126972143815e-59	"S6"	"STARD4-AS1"
2.74102328460827e-63	0.255252839073124	0.543	0.411	1.00324193239947e-58	"S6"	"CANT1"
3.17746051687355e-63	0.345486586819046	0.32	0.22	1.16298232378089e-58	"S6"	"ALDOC"
5.3699664822342e-63	0.324683961754114	0.353	0.248	1.96546143216254e-58	"S6"	"LRP6"
7.95229981971447e-63	0.326873291008622	0.423	0.31	2.91062125701369e-58	"S6"	"MAP3K4"
1.2808735828291e-62	0.273231231589511	0.429	0.313	4.68812540051279e-58	"S6"	"SEC24A"
1.32834625907773e-62	0.265592354451906	0.714	0.58	4.8618801428504e-58	"S6"	"NIPSNAP2"
1.38155126627989e-62	0.253763910292509	0.575	0.442	5.05661578971102e-58	"S6"	"PPP4R1"
1.60621060088804e-62	0.295508499907882	0.483	0.363	5.87889142031033e-58	"S6"	"MAPK7"
1.81855989567597e-62	0.272626725353816	0.515	0.389	6.65611107416361e-58	"S6"	"TBCK"
2.21435534221933e-62	0.286686625060559	0.435	0.318	8.10476198805699e-58	"S6"	"TMEM8A"
3.32598134346184e-62	0.280815437929337	0.474	0.352	1.21734243152047e-57	"S6"	"LITAF"
3.89170084802825e-62	0.262875850245074	0.487	0.363	1.42440142738682e-57	"S6"	"KIAA0232"
4.81499135933232e-62	0.423939920631217	0.282	0.191	1.76233498742922e-57	"S6"	"HLX"
4.95805113708184e-62	0.377083429219466	0.282	0.19	1.81469629668333e-57	"S6"	"SPATA18"
5.29679280789902e-62	0.276717341730772	0.468	0.348	1.93867913561912e-57	"S6"	"SBNO2"
5.6176077925478e-62	0.31181775205255	0.384	0.274	2.05610062815042e-57	"S6"	"OSBPL5"
5.79293324324891e-62	0.306525493730355	0.398	0.288	2.12027149636153e-57	"S6"	"FXR2"
7.55917979210165e-62	0.307311972641621	0.316	0.216	2.76673539570712e-57	"S6"	"MRI1"
8.64570085422934e-62	0.354213995279985	0.328	0.228	3.16441296965648e-57	"S6"	"DGCR8"
1.00196115796071e-61	0.258287415849982	0.57	0.444	3.66727803425198e-57	"S6"	"ATP2C1"
1.32793483806414e-61	0.374284646775097	0.336	0.238	4.86037430079856e-57	"S6"	"CTPS1"
1.5231924682715e-61	0.255883026031709	0.475	0.353	5.57503675312052e-57	"S6"	"MCM3AP"
1.60141089292276e-61	0.433117908347785	0.266	0.179	5.86132400918661e-57	"S6"	"ZNF575"
1.71251525849495e-61	0.358166222724412	0.383	0.281	6.26797709761735e-57	"S6"	"RUSC2"
2.36263178481674e-61	0.254410803053627	0.707	0.584	8.64746859560775e-57	"S6"	"STX2"
3.00375367872773e-61	0.253714703688737	0.472	0.349	1.09940388395114e-56	"S6"	"RNF111"
3.28744780404604e-61	0.267515481008043	0.477	0.358	1.20323877075889e-56	"S6"	"MCU"
4.73275030910036e-61	0.262581819328099	0.558	0.433	1.73223394063382e-56	"S6"	"MSH6"
4.86955676568764e-61	0.742181833515899	0.438	0.349	1.78230647180933e-56	"S6"	"MYLK"
5.0758457385365e-61	0.336788166261565	0.275	0.183	1.85781029876174e-56	"S6"	"DLGAP1-AS1"
5.53848417269607e-61	0.573839049330437	0.352	0.259	2.02714059204849e-56	"S6"	"CDKN2B"
8.32106448581201e-61	0.266028594986208	0.6	0.47	3.04559281245205e-56	"S6"	"SPATC1L"
1.08164315740543e-60	0.254208012864528	0.459	0.339	3.9589221204196e-56	"S6"	"UBP1"
1.41561070448057e-60	0.400433554524272	0.27	0.183	5.18127673946934e-56	"S6"	"KLHL18"
1.46967527131391e-60	0.298643027024452	0.399	0.289	5.37915846053603e-56	"S6"	"OSBPL2"
1.89233852671419e-60	0.257926069497425	0.45	0.331	6.9261482416266e-56	"S6"	"NCBP1"
1.91102116482822e-60	0.264582148437188	0.637	0.51	6.99452856538777e-56	"S6"	"ZNF281"
2.07536313022023e-60	0.264969809629287	0.533	0.408	7.59603659291906e-56	"S6"	"LIMK1"
2.23456613665894e-60	0.258097076860599	0.495	0.372	8.17873551678539e-56	"S6"	"BICD2"
3.12210220930135e-60	0.295167560803242	0.474	0.359	1.14272062962639e-55	"S6"	"ARAP1"
3.35385585764185e-60	0.388435555487491	0.343	0.244	1.22754478245549e-55	"S6"	"RANGAP1"
3.93559820502482e-60	0.32629731503804	0.339	0.239	1.44046829902113e-55	"S6"	"KDM3A"
4.7137921072708e-60	0.269202170512159	0.419	0.305	1.72529504918218e-55	"S6"	"VPS53"
4.92765986005534e-60	0.250438985253507	0.749	0.625	1.80357278537885e-55	"S6"	"TNIP1"
6.10621737076114e-60	0.325708583775062	0.328	0.23	2.23493661987229e-55	"S6"	"NACC2"
8.71984524742954e-60	0.307658191366848	0.584	0.463	3.19155055901169e-55	"S6"	"PIK3R1"
8.88288294249105e-60	0.256385782567876	0.492	0.37	3.25122398578115e-55	"S6"	"CAMSAP2"
1.0217587747175e-59	0.367705670727294	0.286	0.195	3.73973929134354e-55	"S6"	"RAPGEF6"
1.18831964805825e-59	0.280789181805487	0.432	0.317	4.34936874385798e-55	"S6"	"DHX16"
1.5282258559986e-59	0.284523705603107	0.409	0.298	5.59345945554047e-55	"S6"	"MLXIP"
1.83818130259037e-59	0.271812438693938	0.579	0.448	6.727927385611e-55	"S6"	"TSKU"
2.16251067854082e-59	0.258745275105933	0.467	0.348	7.91500533452724e-55	"S6"	"SIN3A"
2.16341927898375e-59	0.263732153779185	0.64	0.509	7.91833090300841e-55	"S6"	"HDHD5"
2.45611136527616e-59	0.532141454269014	0.278	0.194	8.98961320804727e-55	"S6"	"ANGPTL1"
2.53854354957596e-59	0.324725307399214	0.369	0.264	9.29132324580298e-55	"S6"	"LRRK1"
4.03185710623025e-59	0.55432110933126	0.39	0.293	1.47570001945133e-54	"S6"	"CNN1"
4.55814846607686e-59	0.271279839191285	0.406	0.296	1.66832792006879e-54	"S6"	"ARFGEF2"
4.76741682609932e-59	0.270039878996632	0.512	0.39	1.74492223252061e-54	"S6"	"ORAI2"
7.11403149748511e-59	0.25468094096609	0.638	0.509	2.60380666839453e-54	"S6"	"SLC16A1"
7.99642448831939e-59	0.29611113817962	0.48	0.364	2.92677132696978e-54	"S6"	"SMG6"
1.33343093651972e-58	0.3179153309139	0.295	0.201	4.88049057075583e-54	"S6"	"MED23"
1.62806219639022e-58	0.379248756413066	0.436	0.332	5.95887044500783e-54	"S6"	"WEE1"
1.73516436672227e-58	0.2564338872907	0.933	0.875	6.35087509864019e-54	"S6"	"LGMN"
1.81436417676923e-58	0.265454830186746	0.571	0.449	6.64075432339306e-54	"S6"	"CYB561"
1.95457073802626e-58	0.303288754097697	0.384	0.278	7.15392435824993e-54	"S6"	"MSTO1"
2.06760065833252e-58	0.296562021924811	0.363	0.258	7.56762516956284e-54	"S6"	"ST7L"
2.15551538748327e-58	0.310087271563283	0.309	0.213	7.88940186972753e-54	"S6"	"EPHA4"
2.57010407388055e-58	0.258744442392562	0.458	0.341	9.4068379208102e-54	"S6"	"INF2"
2.60064944548981e-58	0.289232757648212	0.812	0.728	9.51863703543724e-54	"S6"	"PDLIM5"
3.66049392865399e-58	0.271822696170064	0.463	0.349	1.33977738282665e-53	"S6"	"NF2"
4.39372809537499e-58	0.282439436310936	0.377	0.271	1.6081484201882e-53	"S6"	"PLCB3"
8.05375910147184e-58	0.286378750544489	0.365	0.262	2.94775636872971e-53	"S6"	"SYTL2"
8.43981640837603e-58	0.39007085365089	0.276	0.19	3.08905720362971e-53	"S6"	"TRAF5"
1.17289245644394e-57	0.349800051381296	0.364	0.263	4.29290367983046e-53	"S6"	"B4GALT5"
1.57695781130981e-57	0.25739333372539	0.42	0.309	5.77182328517504e-53	"S6"	"DLAT"
2.16013309833124e-57	0.26767674721861	0.477	0.364	7.90630315320219e-53	"S6"	"ARFGAP1"
3.44552313425907e-57	0.282943368460405	0.435	0.325	1.26109592237016e-52	"S6"	"MFSD11"
3.48874766365778e-57	0.28440380175681	0.604	0.486	1.27691653237538e-52	"S6"	"ANP32E"
4.2117423982697e-57	0.259838445967071	0.487	0.366	1.54153983519069e-52	"S6"	"SCAF4"
4.29404931977175e-57	0.274092114474631	0.472	0.355	1.57166499152966e-52	"S6"	"PIK3C3"
5.40384214465228e-57	0.264975977162519	0.35	0.248	1.97786026336418e-52	"S6"	"SDE2"
7.67947692744213e-57	0.354166685449639	0.366	0.266	2.8107653502131e-52	"S6"	"RASAL2"
8.30672669989296e-57	0.349187624150294	0.521	0.411	3.04034503942782e-52	"S6"	"KCNMA1"
8.31677181354683e-57	0.316915521549617	0.346	0.246	3.04402165147628e-52	"S6"	"DUS3L"
1.33499600990318e-56	0.30235256227642	0.393	0.288	4.88621889584662e-52	"S6"	"ZNF518B"
1.40751901351245e-56	0.277844565495453	0.437	0.326	5.1516603413569e-52	"S6"	"YEATS2"
1.99811778799033e-56	0.252328423370634	0.427	0.317	7.3133109158234e-52	"S6"	"GFM1"
2.07763399348994e-56	0.365368899227438	0.28	0.192	7.60434817957254e-52	"S6"	"OGFRL1"
2.68413262293105e-56	0.259766414151893	0.506	0.388	9.82419381318994e-52	"S6"	"NOL9"
2.81329409724181e-56	0.362712392791756	0.365	0.268	1.02969377253148e-51	"S6"	"SKP2"
3.22390728775651e-56	0.348246148391824	0.281	0.193	1.17998230639176e-51	"S6"	"DMPK"
4.06294114415123e-56	0.296174539594058	0.376	0.273	1.48707708817079e-51	"S6"	"MDN1"
5.43596253061206e-56	0.250562836867398	0.493	0.378	1.98961664582932e-51	"S6"	"STK39"
5.45757264287603e-56	0.437429048801526	0.266	0.183	1.99752616301905e-51	"S6"	"GRIA3"
6.96221960762647e-56	0.285207904691298	0.535	0.419	2.54824199858737e-51	"S6"	"TRAF3IP2"
8.59047141341835e-56	0.285145923869961	0.305	0.212	3.14419844202525e-51	"S6"	"ZDBF2"
9.05606098484308e-56	0.344633074373362	0.551	0.451	3.31460888106242e-51	"S6"	"COL4A2"
9.2062229353111e-56	0.344940254719921	0.296	0.206	3.36956965655322e-51	"S6"	"DIP2B"
9.44175161933501e-56	0.270994512075111	0.348	0.248	3.45577551019281e-51	"S6"	"KDM4C"
1.38756233858439e-55	0.405236582105397	0.293	0.205	5.07861691545274e-51	"S6"	"P4HA3"
1.54839465999916e-55	0.25773837051901	0.395	0.288	5.66727929506293e-51	"S6"	"EPS15L1"
1.60825323985557e-55	0.383642930301302	0.25	0.168	5.88636768319536e-51	"S6"	"LIG3"
2.25451906949648e-55	0.280525772769727	0.38	0.276	8.25176524626407e-51	"S6"	"TAF1"
2.69437976398544e-55	0.290735611063859	0.353	0.252	9.86169937416309e-51	"S6"	"USP19"
3.39653584571844e-55	0.343935010260999	0.262	0.178	1.24316608489141e-50	"S6"	"ZXDC"
5.0015946818672e-55	0.32174774031172	0.379	0.279	1.83063366951022e-50	"S6"	"KCTD11"
6.04618452166277e-55	0.285991129217432	0.371	0.269	2.21296399677379e-50	"S6"	"FOXK1"
7.74456936983571e-55	0.352276793028986	0.283	0.196	2.83458983505357e-50	"S6"	"ARSD"
8.13272183336654e-55	0.252666540887137	0.693	0.573	2.97665751823049e-50	"S6"	"MIR22HG"
9.18465038026657e-55	0.331192072244094	0.282	0.194	3.36167388568137e-50	"S6"	"ZNF512B"
9.62784968171875e-55	0.266852966457153	0.393	0.287	3.52388926200588e-50	"S6"	"ST7"
1.0988290060056e-54	0.260490955012367	0.45	0.338	4.02182404488108e-50	"S6"	"PPP2R5D"
1.17107350954308e-54	0.270619453060041	0.423	0.315	4.28624615227862e-50	"S6"	"SLC30A1"
1.41876562948857e-54	0.258491596005908	0.574	0.454	5.19282408049113e-50	"S6"	"SLC16A7"
2.08067155519789e-54	0.255721222774677	0.467	0.351	7.61546595917979e-50	"S6"	"SEC24B"
2.73709456523803e-54	0.264002098010663	0.429	0.321	1.00180398182277e-49	"S6"	"FUT11"
3.10095858004662e-54	0.297421046822569	0.351	0.252	1.13498184988286e-49	"S6"	"SLC27A1"
3.23232916768903e-54	0.258005265184498	0.368	0.266	1.18306479866586e-49	"S6"	"RRN3"
7.38092351771546e-54	0.320674416514826	0.327	0.233	2.70149181671903e-49	"S6"	"HOXB6"
9.22871068873456e-54	0.285677464039892	0.328	0.234	3.37780039918374e-49	"S6"	"PDK1"
9.45716638431854e-54	0.305259669235471	0.327	0.233	3.46141746832443e-49	"S6"	"GABPB1"
1.03103936032036e-53	0.283779129458833	0.285	0.197	3.77370716270854e-49	"S6"	"BRPF3"
1.11461027545517e-53	0.439442248349474	0.262	0.181	4.07958506919349e-49	"S6"	"PID1"
1.38417470106298e-53	0.352864090288604	0.296	0.208	5.06621782336063e-49	"S6"	"LIN7B"
1.45707373575344e-53	0.267089078519393	0.346	0.247	5.33303558023116e-49	"S6"	"EPM2AIP1"
1.47022944074675e-53	0.378281002127332	0.317	0.228	5.38118677607719e-49	"S6"	"FSTL3"
1.73230243350136e-53	0.259332378564293	0.429	0.321	6.34040013685834e-49	"S6"	"CCDC137"
2.16659309804685e-53	0.322982324034546	0.297	0.207	7.92994739816126e-49	"S6"	"RALGDS"
3.44679306211106e-53	0.332273025534176	0.361	0.266	1.26156072866327e-48	"S6"	"STAC"
4.25737178307454e-53	0.266336383698435	0.658	0.537	1.55824064632311e-48	"S6"	"DNM3OS"
7.54957341372995e-53	0.26877726770661	0.599	0.484	2.7632193651593e-48	"S6"	"TP53I11"
7.84509483780797e-53	0.295873905929315	0.372	0.272	2.8713831615861e-48	"S6"	"NDST2"
1.19627334572623e-52	0.273360748621769	0.333	0.237	4.37848007269256e-48	"S6"	"SIDT2"
1.35172778951754e-52	0.270670986048171	0.395	0.292	4.94745888241313e-48	"S6"	"ZGPAT"
1.58242805144704e-52	0.292909854021962	0.415	0.312	5.79184491110133e-48	"S6"	"DPY19L1"
1.58596482415751e-52	0.260147761967437	0.328	0.233	5.8047898528989e-48	"S6"	"TEX2"
1.62362207409853e-52	0.281264340894199	0.316	0.223	5.94261915340802e-48	"S6"	"MAP3K6"
2.60186541056349e-52	0.374431590366476	0.305	0.217	9.52308758920342e-48	"S6"	"HMGCR"
4.21594783292411e-52	0.630760658374024	0.574	0.482	1.54307906632855e-47	"S6"	"DKK1"
5.12554275277561e-52	0.258985568413733	0.387	0.285	1.8759999029434e-47	"S6"	"MEG8"
8.87016554994907e-52	0.30835812629845	0.31	0.22	3.24656929293686e-47	"S6"	"HOXA9"
9.17782641612899e-52	0.266859941791536	0.386	0.284	3.35917624656737e-47	"S6"	"VPS13D"
1.54324040543031e-51	0.32113797523375	0.303	0.214	5.64841420791547e-47	"S6"	"SPAG4"
1.70649914960911e-51	0.266106907735395	0.4	0.296	6.24595753748429e-47	"S6"	"ZER1"
1.82465439713064e-51	0.307967294919244	0.293	0.206	6.67841755893785e-47	"S6"	"ZNF629"
4.66780991962295e-51	0.250097922585564	0.412	0.306	1.70846510868119e-46	"S6"	"EP300"
4.7933868976255e-51	0.257977390224808	0.376	0.274	1.75442753839991e-46	"S6"	"ZC3H11A"
5.40335387925094e-51	0.255646544969551	0.313	0.222	1.97768155334464e-46	"S6"	"GUF1"
5.49805627700086e-51	0.272147423428989	0.444	0.339	2.01234357794509e-46	"S6"	"NLN"
6.2688524987251e-51	0.261002354300956	0.455	0.347	2.29446270305837e-46	"S6"	"BMT2"
8.49234433631834e-51	0.305876776648208	0.447	0.345	3.10828295053587e-46	"S6"	"ENO2"
5.27963128730403e-50	0.354056663578431	0.988	0.983	1.93239784746615e-45	"S6"	"TPM1"
1.01608834529511e-49	0.311245035042847	0.278	0.195	3.71898495261462e-45	"S6"	"ZNF568"
1.2551916548691e-49	0.299166456094234	0.281	0.196	4.59412697598641e-45	"S6"	"RELCH"
1.55031033675614e-49	0.250439971772063	0.493	0.383	5.67429086356115e-45	"S6"	"TBC1D16"
1.85049284456138e-49	0.300134164146578	0.298	0.21	6.77298886037911e-45	"S6"	"ZNF561-AS1"
2.16936088114002e-49	0.273284653766439	0.308	0.219	7.94007776106058e-45	"S6"	"STK17B"
2.30547631763821e-49	0.313344189962957	0.329	0.24	8.43827387018761e-45	"S6"	"PRKAG2"
2.95773316971218e-49	0.303757018679715	0.588	0.482	1.08255991744636e-44	"S6"	"GATA6"
3.11788599644407e-49	0.252312623866424	0.436	0.33	1.14117745355849e-44	"S6"	"INTS1"
4.29490953848672e-49	0.252731989658648	0.33	0.237	1.57197984018153e-44	"S6"	"CDK8"
7.90593654149832e-49	0.290220818304515	0.325	0.234	2.8936518335538e-44	"S6"	"POLRMT"
8.24001349813707e-49	0.273578428446173	0.412	0.313	3.01592734045315e-44	"S6"	"TCOF1"
8.94994117450652e-49	0.349404749353805	0.372	0.279	3.27576796928113e-44	"S6"	"SSX2IP"
1.09386862277601e-48	0.25108781540153	0.54	0.426	4.00366854622247e-44	"S6"	"HSBP1L1"
1.13295947118505e-48	0.424917453936788	0.595	0.503	4.14674496048442e-44	"S6"	"SULF1"
1.71431083686213e-48	0.30823386420413	0.286	0.202	6.2745490939991e-44	"S6"	"BCAM"
6.08758858697488e-48	0.260409736763319	0.354	0.259	2.22811829871868e-43	"S6"	"CTF1"
6.46921119926116e-48	0.285587112420407	0.317	0.228	2.36779599104158e-43	"S6"	"ZNF626"
1.33311925956914e-47	0.315309427256561	0.264	0.184	4.879349801949e-43	"S6"	"SOGA1"
1.60837309751903e-47	0.277346885010643	0.322	0.232	5.8868063742294e-43	"S6"	"AC245297.3"
1.81034441344577e-47	0.267620521920386	0.318	0.229	6.62604158765285e-43	"S6"	"BAP1"
2.11212918441108e-47	0.257790770637628	0.366	0.276	7.73060402786299e-43	"S6"	"ICAM1"
2.53690234312611e-47	0.314686901301103	0.287	0.204	9.28531626607587e-43	"S6"	"CDIP1"
3.6877228260481e-47	0.325650201273155	0.252	0.176	1.34974343156186e-42	"S6"	"ARNTL"
4.36377918530086e-47	0.270711760962162	0.664	0.555	1.59718681961197e-42	"S6"	"MSC"
4.79157172443652e-47	0.25933047936565	0.335	0.244	1.75376316686101e-42	"S6"	"ZSWIM6"
5.80159916639475e-47	0.261068065245157	0.348	0.255	2.12344331089214e-42	"S6"	"PIAS2"
7.25651790000141e-47	0.25784996283102	0.354	0.261	2.65595811657952e-42	"S6"	"RBM19"
2.35202057548566e-46	0.388867917347526	0.373	0.286	8.60863050833505e-42	"S6"	"KRT18"
2.78609154653669e-46	0.326836682289124	0.439	0.343	1.01973736694789e-41	"S6"	"GALNT1"
4.1946951172909e-46	0.285835074094181	0.296	0.212	1.53530035987964e-41	"S6"	"NOM1"
5.73357890009205e-46	0.285494878013822	0.252	0.175	2.09854721322269e-41	"S6"	"DNASE1"
1.61902925264155e-45	0.327079633643604	0.253	0.177	5.92580896759334e-41	"S6"	"AC016876.1"
2.6996506486103e-45	0.298936401432333	0.275	0.197	9.88099133897856e-41	"S6"	"EOGT"
5.35045298367999e-45	0.277251816534046	0.271	0.191	1.95831929655671e-40	"S6"	"HPS5"
5.56152314815937e-45	0.298318249795357	0.321	0.237	2.03557308745781e-40	"S6"	"IQCJ-SCHIP1"
7.52789858511362e-45	0.284319237699772	0.402	0.307	2.75528616113744e-40	"S6"	"SAMHD1"
9.76783676502874e-45	0.250964265808351	0.616	0.502	3.57512593436817e-40	"S6"	"DDX41"
1.04471975872328e-44	0.284817485774514	0.265	0.187	3.82377878890308e-40	"S6"	"GPD2"
1.09115784523467e-44	0.772899564906074	0.442	0.36	3.99374682934343e-40	"S6"	"ANKRD37"
3.23009538511871e-44	0.282063889676831	0.27	0.191	1.1822472119073e-39	"S6"	"PDE12"
3.27213948976252e-44	0.269304295989299	0.32	0.234	1.19763577464798e-39	"S6"	"FBXO38"
6.76392325578372e-44	0.276562356230844	0.285	0.204	2.4756635508494e-39	"S6"	"STIM2"
7.70518117645955e-44	0.283144057242742	0.289	0.207	2.82017336239596e-39	"S6"	"TTC38"
2.888645622299e-43	0.286887712596642	0.252	0.177	1.05727318421766e-38	"S6"	"FAM102B"
3.05315540327243e-43	0.266803658183384	0.269	0.191	1.11748540915174e-38	"S6"	"TTC21B"
3.68627313159938e-43	0.274619373270253	0.305	0.222	1.34921282889669e-38	"S6"	"NCKIPSD"
6.09162356046262e-43	0.273029721150347	0.86	0.772	2.22959513936492e-38	"S6"	"MDK"
9.69524569040186e-43	0.330976736394033	0.838	0.77	3.54855687514398e-38	"S6"	"HMOX1"
1.66475454072437e-42	0.364008573896536	0.955	0.924	6.09316809450526e-38	"S6"	"THBS1"
2.73566250738462e-42	0.330774680112429	0.257	0.184	1.00127983432785e-37	"S6"	"CENPV"
5.77753163533709e-42	0.264160971020691	0.319	0.236	2.11463435384973e-37	"S6"	"STARD4"
2.1149096990091e-41	0.266981623243547	0.461	0.366	7.74078098934321e-37	"S6"	"LGR4"
2.54569259911938e-41	0.253531046864899	0.332	0.247	9.31748948203685e-37	"S6"	"LDB1"
5.38065976493145e-41	0.250978924828975	0.28	0.202	1.96937528056256e-36	"S6"	"ZNF609"
9.48077528960616e-41	0.266605490641183	0.284	0.206	3.47005856374875e-36	"S6"	"ZZEF1"
2.42385810048139e-40	0.258704878690898	0.262	0.187	8.87156303357194e-36	"S6"	"TUBGCP5"
3.28222789210408e-40	0.295554802346274	0.872	0.794	1.20132823078901e-35	"S6"	"RAB31"
3.60907917434784e-40	0.286621444509303	0.273	0.197	1.32095906860305e-35	"S6"	"CRTC1"
7.32811413391649e-40	0.252815541457791	0.485	0.388	2.68216305415477e-35	"S6"	"ZNF217"
1.65402665498765e-39	0.306248397830823	0.265	0.192	6.05390295992029e-35	"S6"	"ILF3-DT"
1.9075176024957e-39	0.275235652680745	0.281	0.206	6.98170517689452e-35	"S6"	"DOCK10"
4.56264075380371e-39	0.296749226188132	0.256	0.184	1.6699721422997e-34	"S6"	"FHOD3"
3.00017238041137e-38	0.267684935618834	0.257	0.185	1.09809309295437e-33	"S6"	"STAT5B"
4.71573523028856e-38	0.294665851994168	0.312	0.235	1.72600625163791e-33	"S6"	"GALNT12"
6.60488589702652e-38	0.250782898446066	0.261	0.188	2.41745428717068e-33	"S6"	"MAP3K11"
7.94147267805302e-38	0.279544823225103	0.657	0.572	2.90665841489419e-33	"S6"	"TUBB2A"
1.2825343508973e-37	0.411710717275148	0.405	0.321	4.6942039777192e-33	"S6"	"IL6"
1.33667118951453e-37	0.260430841411085	0.515	0.42	4.89235022074212e-33	"S6"	"MSMO1"
2.15848769568861e-37	0.265133186961728	0.316	0.236	7.90028081498986e-33	"S6"	"CROT"
2.47537676519261e-37	0.274914777165056	0.522	0.433	9.06012649828147e-33	"S6"	"BHLHE40"
2.73852893431715e-37	0.274375911296074	0.267	0.195	1.00232897524942e-32	"S6"	"NYNRIN"
1.0015641776613e-36	0.251948199167058	0.367	0.282	3.66582504665813e-32	"S6"	"MVD"
1.27045976436587e-35	0.258735674961565	0.655	0.56	4.65000978355551e-31	"S6"	"SDF2L1"
1.38017426661864e-35	0.251149698005612	0.263	0.192	5.05157583325088e-31	"S6"	"PDE8A"
3.31344440202722e-35	0.252034241199467	0.402	0.315	1.21275378558598e-30	"S6"	"SMOX"
3.15559283007055e-33	0.27202150287287	0.281	0.212	1.15497853173412e-28	"S6"	"STAMBPL1"
7.48739412410081e-31	0.325235095272585	0.262	0.199	2.74046112336214e-26	"S6"	"ABCC9"
2.99146936420392e-30	0.275786583429365	0.896	0.872	1.09490770199228e-25	"S6"	"DDIT4"
1.15668589468461e-29	0.829259340259467	0.458	0.404	4.23358604313514e-25	"S6"	"SFRP4"
3.11998714893815e-26	0.395216379869662	0.94	0.913	1.14194649638285e-21	"S6"	"SERPINE1"
8.59954759056176e-25	0.251119918976541	0.303	0.241	3.14752041362151e-20	"S6"	"ARL4A"
5.40177915516222e-24	0.407082421760928	0.549	0.483	1.97710518858092e-19	"S6"	"COMP"
7.65888046006116e-23	0.2581759821659	0.7	0.633	2.80322683718699e-18	"S6"	"CRIP1"
3.66793919016854e-17	0.315940493499938	0.519	0.454	1.34250242299359e-12	"S6"	"CLIC3"
6.83691140944347e-17	0.325666176419599	0.865	0.846	2.5023779449704e-12	"S6"	"CXCL12"
2.53603357415174e-13	0.315515978745965	0.678	0.6	9.28213648475279e-09	"S6"	"ACTA2"
3.17039686745397e-05	0.313341252878249	0.776	0.771	1	"S6"	"TNFAIP6"
