"p_val"	"avg_log2FC"	"pct.1"	"pct.2"	"p_val_adj"	"cluster"	"gene"
0	2.11633901514448	0.605	0.254	0	"0"	"SBSN"
0	1.43423424080842	0.626	0.316	0	"0"	"CPZ"
0	1.38677191421733	0.747	0.452	0	"0"	"CLEC3B"
0	1.89160655698521	0.592	0.303	0	"0"	"OGN"
0	1.40375128608788	0.812	0.525	0	"0"	"SNED1"
0	1.70890011424109	0.531	0.251	0	"0"	"LRIG3"
0	1.41736043550348	0.605	0.327	0	"0"	"C3"
0	1.64617707079545	0.929	0.655	0	"0"	"COLEC12"
0	2.36123523721986	0.384	0.12	0	"0"	"DMKN"
0	1.25808640865117	0.653	0.396	0	"0"	"SELENBP1"
0	1.13670737746533	0.841	0.591	0	"0"	"AKR1C3"
0	1.85955751255302	0.524	0.278	0	"0"	"GPX3"
0	1.16987512244381	0.831	0.586	0	"0"	"COL14A1"
0	2.36178387195123	0.338	0.099	0	"0"	"ZIC1"
0	1.37381939003567	0.767	0.529	0	"0"	"ALDH1A3"
0	2.67127668628643	0.3	0.07	0	"0"	"FGL2"
0	1.30777202954454	0.783	0.555	0	"0"	"ID1"
0	1.28062510286904	0.56	0.333	0	"0"	"RARRES1"
0	1.67223698113605	0.5	0.274	0	"0"	"ACKR4"
0	1.21506253053211	0.796	0.571	0	"0"	"EMX2OS"
0	2.54288425204583	0.307	0.083	0	"0"	"GALNT15"
0	1.18755107042637	0.594	0.37	0	"0"	"LRRN4CL"
0	1.00751513040971	0.68	0.457	0	"0"	"TSHZ2"
0	1.04999889833418	0.771	0.549	0	"0"	"AKR1C1"
0	1.96502561598524	0.332	0.111	0	"0"	"SELENOP"
0	3.6205441360478	0.262	0.041	0	"0"	"ADH1B"
0	1.58214158982	0.604	0.383	0	"0"	"CAMK2N1"
0	1.19650589424237	0.761	0.546	0	"0"	"CCN5"
0	1.5100229157815	0.455	0.247	0	"0"	"NPR3"
0	0.938579525396962	0.629	0.422	0	"0"	"TFPI"
0	1.04782249624818	0.606	0.401	0	"0"	"SECTM1"
0	0.916217903548576	0.695	0.492	0	"0"	"LSP1"
0	0.946685904816875	0.652	0.453	0	"0"	"CFH"
0	1.12431892997525	0.463	0.267	0	"0"	"SVIL"
0	0.696288908431541	0.774	0.579	0	"0"	"PTGES"
0	1.18001974962966	0.859	0.665	0	"0"	"LXN"
0	1.14189043103303	0.452	0.263	0	"0"	"OLFML1"
0	1.35246442095674	0.84	0.651	0	"0"	"MASP1"
0	1.21755108034492	0.798	0.611	0	"0"	"AKAP12"
0	1.43633596420526	0.397	0.21	0	"0"	"PCBP3"
0	1.28872579335208	0.468	0.283	0	"0"	"SVEP1"
0	1.30890890042216	0.394	0.21	0	"0"	"FAM118A"
0	1.13545465998089	0.526	0.344	0	"0"	"GABPB1-AS1"
0	1.24651450705432	0.816	0.634	0	"0"	"SPON2"
0	0.855201741915794	0.701	0.521	0	"0"	"GSTM1"
0	1.27193541879606	0.471	0.292	0	"0"	"PDGFD"
0	0.948874377358762	0.664	0.486	0	"0"	"TGFBR3"
0	0.982750674639845	0.666	0.488	0	"0"	"POLR2J3"
0	0.747957419427896	0.709	0.534	0	"0"	"MEDAG"
0	1.09937054758176	0.479	0.305	0	"0"	"PLAAT4"
0	1.59092869394398	0.3	0.131	0	"0"	"PLPP2"
0	1.65984371953306	0.285	0.119	0	"0"	"CPXM1"
0	1.50888282578024	0.323	0.159	0	"0"	"S1PR3"
0	1.20558816523102	0.408	0.244	0	"0"	"CCBE1"
0	0.881227067822103	0.716	0.552	0	"0"	"CMBL"
0	1.06865318004351	0.561	0.398	0	"0"	"GAS1"
0	0.883156235182554	0.799	0.637	0	"0"	"SCARA3"
0	0.834915756532136	0.675	0.514	0	"0"	"ANGPTL2"
0	1.05158451550185	0.921	0.764	0	"0"	"IL1R1"
0	0.870985838777081	0.837	0.68	0	"0"	"FCGRT"
0	0.962195533258652	0.718	0.566	0	"0"	"PLK2"
0	0.83750342916344	0.773	0.626	0	"0"	"MARCKSL1"
0	1.0140106041867	0.93	0.785	0	"0"	"ZFP36L2"
0	1.01112855978297	0.928	0.784	0	"0"	"EPHX1"
0	1.03806087050245	0.9	0.763	0	"0"	"CYB5A"
0	0.791248427468459	0.78	0.643	0	"0"	"ZNF581"
0	0.984145332636419	0.955	0.82	0	"0"	"SERPING1"
0	0.891466538057978	0.868	0.742	0	"0"	"HSPB7"
0	0.813763749156747	0.899	0.777	0	"0"	"PMP22"
0	0.892540813436756	0.674	0.554	0	"0"	"SAV1"
0	0.718376645272945	0.832	0.714	0	"0"	"PYCARD"
0	0.729908053205499	0.88	0.77	0	"0"	"CAMK2D"
0	0.817864129832942	0.804	0.695	0	"0"	"REV3L"
0	0.72999139606229	0.837	0.728	0	"0"	"ADAMTSL1"
0	0.855900397754112	0.798	0.692	0	"0"	"C1GALT1"
0	0.70030513262086	0.867	0.763	0	"0"	"CDC42EP5"
0	0.652057549843579	0.807	0.704	0	"0"	"GSTM2"
0	1.05083265063469	0.954	0.852	0	"0"	"NT5E"
0	0.736413542082695	0.915	0.818	0	"0"	"GSTM3"
0	0.779993968347379	0.912	0.815	0	"0"	"SOD3"
0	0.6537676502606	0.793	0.699	0	"0"	"RSRP1"
0	0.600007533572961	0.893	0.801	0	"0"	"LPAR1"
0	0.616789813194694	0.84	0.753	0	"0"	"FAM20C"
0	0.626285576053155	0.799	0.713	0	"0"	"GLMP"
0	1.309804605179	0.992	0.909	0	"0"	"FGF7"
0	0.670388158643814	0.894	0.812	0	"0"	"SNHG18"
0	0.680759327723289	0.88	0.8	0	"0"	"PROCR"
0	0.706805282934734	0.874	0.795	0	"0"	"ZFP36"
0	0.600272505615658	0.978	0.902	0	"0"	"HMGA1"
0	0.602015826365157	0.894	0.819	0	"0"	"CD68"
0	0.693812305631209	0.955	0.88	0	"0"	"TMEM256"
0	0.577245772209686	0.913	0.842	0	"0"	"LTBR"
0	0.922702340309445	0.947	0.876	0	"0"	"TWIST2"
0	0.760453660045319	0.913	0.843	0	"0"	"CAPG"
0	0.556532054895624	0.851	0.783	0	"0"	"ADAM9"
0	0.636766666486839	0.884	0.817	0	"0"	"PAM"
0	0.673025667049134	0.943	0.876	0	"0"	"CCNG1"
0	0.814864501730592	0.903	0.838	0	"0"	"CXCL12"
0	0.527747103572175	0.916	0.851	0	"0"	"CLIP3"
0	1.1686929004778	0.982	0.917	0	"0"	"S100A4"
0	0.652240812293928	0.936	0.872	0	"0"	"RBMS1"
0	0.556469045909783	0.919	0.856	0	"0"	"RGS10"
0	0.642706466081499	0.97	0.909	0	"0"	"SNX9"
0	1.07093810798801	0.976	0.917	0	"0"	"FBLN1"
0	0.794932049701654	0.984	0.929	0	"0"	"PDGFRA"
0	0.538063638189489	0.982	0.931	0	"0"	"CLU"
0	0.754973145618386	0.979	0.93	0	"0"	"HCFC1R1"
0	0.890976504177433	0.979	0.933	0	"0"	"PLPP3"
0	0.517085459333956	0.956	0.918	0	"0"	"EIF4A2"
0	0.556582150469005	0.976	0.949	0	"0"	"LINC02802"
0	0.585728107371742	0.999	0.973	0	"0"	"FBLN2"
0	0.633535945427558	0.982	0.956	0	"0"	"APLP2"
0	0.91225104278989	0.997	0.972	0	"0"	"CD44"
0	0.905233498669712	0.997	0.973	0	"0"	"TKT"
0	0.854285615910436	0.997	0.974	0	"0"	"SRPX"
0	0.506385276923869	0.997	0.979	0	"0"	"CAV1"
0	0.873043890827259	0.994	0.977	0	"0"	"CTSL"
0	0.504324375523749	0.985	0.972	0	"0"	"LUM"
0	0.544495064240762	0.999	0.991	0	"0"	"RAB13"
0	0.515809315776797	0.999	0.995	0	"0"	"S100A13"
0	0.523186577524398	1	0.997	0	"0"	"DCN"
0	0.792674694765251	1	0.998	0	"0"	"IGFBP4"
0	0.600919554191574	1	0.999	0	"0"	"S100A10"
0	0.533994564361474	1	0.999	0	"0"	"CD81"
0	0.619273704228902	1	0.999	0	"0"	"LGALS3"
7.4109846876187e-322	1.08712746958745	0.475	0.318	2.71249450551532e-317	"0"	"CRYBG1"
1.31026209277099e-320	0.527939874386557	0.907	0.762	4.79569028575109e-316	"0"	"CRLF1"
6.05636538116409e-318	0.556158779320716	0.822	0.741	2.21669029315987e-313	"0"	"PCYOX1"
9.50051275901752e-316	0.808345636354147	0.638	0.503	3.477282674928e-311	"0"	"ADAM33"
4.03701746570668e-314	0.99215418207367	0.513	0.352	1.4775887626233e-309	"0"	"LGR4"
4.7377042687566e-314	0.602564882558458	0.617	0.441	1.7340471394076e-309	"0"	"AKR1C2"
1.55926697288701e-313	0.578102678155302	0.909	0.861	5.70707304746374e-309	"0"	"TUBB3"
1.20068502044845e-311	0.807136612496574	0.8	0.693	4.39462724334336e-307	"0"	"ADAMTS1"
7.09626117314213e-309	0.939812986214435	0.53	0.366	2.59730255198175e-304	"0"	"BDKRB2"
6.65903439113201e-305	1.20133492176405	0.421	0.264	2.43727317749823e-300	"0"	"PDE1A"
2.00851806063301e-301	0.50448614204931	0.653	0.491	7.35137695372286e-297	"0"	"PCOLCE2"
1.30547019039593e-300	0.725388775690911	0.655	0.53	4.77815144386815e-296	"0"	"C1RL"
6.67507891794048e-299	0.707942695915814	0.722	0.612	2.4431456347554e-294	"0"	"STOM"
2.21437440334981e-298	0.999716797577087	0.509	0.362	8.10483175370064e-294	"0"	"GALNT5"
6.02204868540778e-298	0.988917405420012	0.463	0.3	2.2041300393461e-293	"0"	"ABCA6"
2.52442554807927e-297	0.783077941947744	0.619	0.495	9.23964994852493e-293	"0"	"ZSCAN16-AS1"
1.63428341229856e-296	1.07947885461152	0.5	0.34	5.98164071735396e-292	"0"	"PLAU"
2.02126629126067e-293	0.727794058282118	0.663	0.549	7.39803675264318e-289	"0"	"OSBPL1A"
6.58848389872068e-293	1.37784282791321	0.294	0.151	2.41145099177076e-288	"0"	"SLC9A9"
1.28022634863727e-292	1.37881781611477	0.288	0.146	4.68575645864727e-288	"0"	"PRUNE2"
6.65785654921e-292	0.591578890347311	0.764	0.679	2.43684207557635e-287	"0"	"HIBADH"
6.47709133082532e-291	1.18996362671062	0.456	0.307	2.37068019799537e-286	"0"	"KCTD12"
2.41784890422259e-290	0.810393288425093	0.594	0.453	8.8495687743451e-286	"0"	"DNM1"
3.72359437382086e-290	1.3864734904121	0.288	0.149	1.36287277676217e-285	"0"	"ROM1"
1.2154763197835e-289	1.15037050890274	0.459	0.311	4.44876487803958e-285	"0"	"PTGFR"
1.63276119409046e-289	1.50250206996222	0.308	0.163	5.9760692464905e-285	"0"	"APOC1"
1.58002192095625e-288	0.626259169050108	0.412	0.234	5.78303823289199e-284	"0"	"ACKR3"
8.07391517769733e-286	0.690160561308212	0.723	0.598	2.955133694189e-281	"0"	"EPSTI1"
1.15593441243822e-284	1.09202038581142	0.423	0.27	4.23083554296512e-280	"0"	"ANK2"
1.03911307120934e-281	0.597404082585335	0.744	0.658	3.80325775193329e-277	"0"	"ST6GALNAC6"
1.06025880085347e-280	0.64690296393602	0.44	0.261	3.88065323700378e-276	"0"	"PCLAF"
1.31062192330913e-277	0.935423717809131	0.519	0.384	4.79700730150376e-273	"0"	"PCDHGC3"
3.9258498159662e-272	0.905520336904734	0.582	0.457	1.43690029114179e-267	"0"	"WLS"
7.29535961449648e-271	0.941129386597216	0.649	0.535	2.67017457250186e-266	"0"	"ADIRF"
1.46346947502461e-269	0.550479692176857	0.86	0.824	5.35644462553756e-265	"0"	"UROD"
4.08301906313252e-264	1.54621300570591	0.258	0.13	1.49442580729713e-259	"0"	"GSTM5"
1.64497560463428e-262	0.824779548574908	0.612	0.498	6.02077521052193e-258	"0"	"NABP1"
5.32133412474243e-261	0.803785360632099	0.564	0.417	1.94766150299698e-256	"0"	"CYGB"
1.35562154202598e-260	0.702097681629804	0.651	0.536	4.96171040596928e-256	"0"	"ORAI3"
3.18612365314557e-260	0.933251626344269	0.51	0.37	1.16615311828781e-255	"0"	"SOCS3"
5.210670278812e-259	1.21628145318359	0.326	0.189	1.90715742874798e-254	"0"	"PLA2R1"
1.96498632580124e-256	0.654873789470086	0.783	0.707	7.19204645106512e-252	"0"	"CTSK"
3.32563725300401e-255	0.663630967689558	0.747	0.671	1.217216490972e-250	"0"	"NID2"
6.28737290109002e-254	0.888088137667216	0.553	0.416	2.30124135552796e-249	"0"	"SOX9"
1.01692824820677e-251	0.95455449224954	0.483	0.342	3.72205908126158e-247	"0"	"FXYD1"
9.67864032966213e-250	0.563366209245773	0.737	0.651	3.54247914705964e-245	"0"	"EPB41L3"
1.34347199529702e-249	0.956432332028266	0.435	0.297	4.91724184998662e-245	"0"	"ERAP2"
2.92079206951246e-248	0.538925669158054	0.752	0.663	1.06903910536225e-243	"0"	"SLC44A1"
3.99384591298615e-248	0.546502135640559	0.782	0.72	1.46178754261206e-243	"0"	"FAM3C"
1.71772993047141e-246	0.550049902998464	0.755	0.683	6.2870633185184e-242	"0"	"DPYD"
3.53719413386077e-246	0.785184021407798	0.588	0.46	1.29464842493438e-241	"0"	"TRIM47"
4.10556779758059e-245	0.614902138094171	0.681	0.564	1.50267886959247e-240	"0"	"PAMR1"
9.46077989990976e-245	0.659890821778061	0.832	0.76	3.46274005116597e-240	"0"	"ADM"
1.00769345959532e-244	0.829838465741342	0.507	0.376	3.68825883146485e-240	"0"	"GSTM4"
2.93961267493129e-244	0.555461460928726	0.751	0.679	1.0759276351516e-239	"0"	"LDOC1"
2.30397631882026e-243	0.603746523027939	0.813	0.739	8.43278372451405e-239	"0"	"PLPP1"
4.22545041451037e-240	0.669550595500741	0.635	0.538	1.54655710621494e-235	"0"	"SUCLG2"
7.25848918330523e-240	0.732236435938021	0.576	0.44	2.65667962598155e-235	"0"	"GPNMB"
1.86196181329655e-236	0.960515437035046	0.438	0.307	6.8149664328467e-232	"0"	"RNASE4"
3.14907540528667e-230	0.973372573196299	0.39	0.252	1.15259308908897e-225	"0"	"SYTL2"
3.18640291181182e-230	0.641574943420205	0.704	0.628	1.16625532975224e-225	"0"	"PKIG"
6.01952833961361e-226	0.639046744120799	0.659	0.552	2.20320756758198e-221	"0"	"CSF1"
3.90915596210893e-225	0.616066755896602	0.68	0.582	1.43079017369149e-220	"0"	"NAMPT"
8.69270161130482e-225	1.15290052175893	0.356	0.228	3.18161571675368e-220	"0"	"EMILIN2"
5.21159887093614e-223	0.763849042706189	0.534	0.414	1.90749730275134e-218	"0"	"TRAF3IP2"
2.76965670545511e-218	0.569284890118984	0.728	0.63	1.01372205076362e-213	"0"	"CTSF"
3.05094055602935e-218	0.585544697312038	0.885	0.819	1.1166747529123e-213	"0"	"EFEMP1"
4.24957898451337e-218	1.04134921013378	0.522	0.389	1.55538840412174e-213	"0"	"SFRP4"
8.5673116089812e-217	0.633043395818973	0.641	0.549	3.13572172200321e-212	"0"	"ZCCHC24"
5.39679183820219e-216	0.910713032828312	0.457	0.326	1.97527978070038e-211	"0"	"OSR2"
2.54303650212364e-215	0.567817405525053	0.71	0.618	9.30776790142275e-211	"0"	"ATP2B4"
4.49860563512515e-214	0.916500893446804	0.432	0.297	1.64653464851216e-209	"0"	"AC055839.2"
6.55066675916561e-214	0.658417416886648	0.697	0.618	2.39760954052221e-209	"0"	"RALGPS2"
2.42582789516856e-213	0.508106236879578	0.775	0.699	8.87877267910644e-209	"0"	"SIGIRR"
1.13939598634932e-207	0.758782732318038	0.564	0.466	4.17030324963713e-203	"0"	"POPDC3"
1.34520447083789e-205	1.10269795365695	0.319	0.193	4.92358288371377e-201	"0"	"PTGER2"
5.06015110124685e-205	0.604872844503743	0.642	0.55	1.85206590456736e-200	"0"	"LETMD1"
7.55837986676757e-205	0.501850497226867	0.763	0.689	2.7664426150356e-200	"0"	"BIN1"
1.74688897532807e-204	0.569108553170649	0.69	0.595	6.39378833859827e-200	"0"	"TES"
1.86349826299104e-203	0.705090711462063	0.494	0.363	6.82058999237349e-199	"0"	"KAZALD1"
1.24877152869689e-201	0.697169502028164	0.626	0.523	4.57062867218348e-197	"0"	"DEPTOR"
2.23979505947131e-198	0.550956998127179	0.7	0.599	8.19787389717096e-194	"0"	"HSPB2"
1.37416054225703e-195	0.695251627955551	0.527	0.421	5.02956500071497e-191	"0"	"C2orf74"
7.02085351324601e-191	0.968004351494545	0.416	0.304	2.56970259438317e-186	"0"	"ALDH3A2"
2.93553600585516e-190	1.19584182703017	0.272	0.161	1.07443553350305e-185	"0"	"AC091729.3"
3.49986776802967e-189	0.661973775727244	0.584	0.488	1.28098660177654e-184	"0"	"MRGPRF"
2.70920135496628e-188	1.170906159197	0.264	0.15	9.91594787931208e-184	"0"	"CPM"
9.37555711796131e-188	0.919868501850809	0.404	0.276	3.43154766074502e-183	"0"	"MXRA5"
1.32525239769506e-187	0.881603641258724	0.34	0.212	4.8505563008037e-183	"0"	"SERTAD4-AS1"
7.42595451790872e-187	0.574703356234826	0.637	0.555	2.71797361309977e-182	"0"	"PDCD4"
7.89592207333118e-187	0.901593611408924	0.386	0.266	2.88998643805995e-182	"0"	"PLEKHA4"
1.67475694576334e-186	0.820860076348205	0.465	0.354	6.1297778971884e-182	"0"	"SNHG19"
6.8294691644521e-186	0.513817154489552	0.688	0.611	2.49965400888111e-181	"0"	"SPATA20"
3.53799930437685e-183	0.636663020175899	0.602	0.498	1.29494312539497e-178	"0"	"LDB2"
3.43255345005723e-180	0.76818362467549	0.539	0.45	1.25634888825545e-175	"0"	"IL11RA"
8.71291303963152e-178	0.792048598155638	0.462	0.358	3.18901330163553e-173	"0"	"TMEM65"
1.28208360285244e-176	0.55201980776052	0.65	0.575	4.69255419480022e-172	"0"	"HSDL2"
4.76804860147294e-176	0.532177056096105	0.57	0.441	1.74515346862511e-171	"0"	"CLIC3"
5.51296644845605e-176	1.14105197077227	0.271	0.163	2.0178008497994e-171	"0"	"SMAD6"
5.82154667021591e-176	0.693821332055438	0.502	0.397	2.13074429676572e-171	"0"	"IFFO1"
9.36043706961171e-168	1.11086274484752	0.285	0.178	3.42601357184858e-163	"0"	"ACE"
1.61433569547305e-166	0.829363311743027	0.401	0.282	5.90863007900091e-162	"0"	"PEG10"
5.51538830128737e-166	1.12714297530602	0.292	0.182	2.01868727215419e-161	"0"	"COL21A1"
3.1499230084114e-164	0.509975545958311	0.803	0.76	1.15290332030866e-159	"0"	"OAF"
1.07356509023959e-163	0.788714942478122	0.484	0.389	3.92935558678591e-159	"0"	"MSX1"
1.63201486997932e-163	0.661186344608803	0.596	0.53	5.97333762561133e-159	"0"	"WIPF1"
8.66840972258705e-163	0.546644834080494	0.617	0.525	3.17272464256408e-158	"0"	"A4GALT"
3.19733919779101e-158	0.947546050850723	0.302	0.189	1.17025811978349e-153	"0"	"APOE"
2.72623454339054e-157	0.728487558015554	0.706	0.629	9.97829105226371e-153	"0"	"CRIP1"
1.91929616512584e-156	0.545757647517628	0.621	0.547	7.0248158939771e-152	"0"	"TMEM159"
1.0555323051647e-155	0.531115030862398	0.671	0.615	3.86335379013332e-151	"0"	"EHBP1"
9.21855300902229e-154	0.981824967354168	0.321	0.219	3.37408258683225e-149	"0"	"RASA4"
1.09273845164268e-153	0.646816964435135	0.517	0.429	3.99953200685738e-149	"0"	"ABRAXAS1"
2.11422958749824e-152	0.912454395326702	0.377	0.272	7.73829171320229e-148	"0"	"SESN3"
7.19374242588321e-152	0.625270878970337	0.577	0.501	2.63298166529751e-147	"0"	"ARHGAP24"
4.20005284869086e-150	0.564801702063308	0.594	0.525	1.53726134314934e-145	"0"	"ZSWIM7"
2.12657619043841e-148	0.633964213880355	0.536	0.453	7.78348151462364e-144	"0"	"ARMCX1"
7.16453697833623e-148	0.91739791201833	0.302	0.197	2.62229217944084e-143	"0"	"ARHGEF3"
4.69530969408237e-147	0.622478406923198	0.591	0.462	1.71853030113109e-142	"0"	"MGP"
1.22297117029629e-146	0.822824068058303	0.432	0.326	4.47619678040146e-142	"0"	"OSR1"
9.24822709212396e-146	0.705787077530892	0.479	0.392	3.38494359798829e-141	"0"	"ENOSF1"
7.10779698688123e-144	0.771881422992889	0.412	0.314	2.6015247751684e-139	"0"	"AUH"
2.60463280008325e-143	1.06066155257432	0.251	0.155	9.53321651158472e-139	"0"	"TCN2"
3.43254667107044e-137	0.603015501813131	0.464	0.35	1.25634640707849e-132	"0"	"ADAMTS5"
1.23188892989709e-136	0.760620476898399	0.409	0.318	4.50883667231635e-132	"0"	"CRELD1"
5.11621613949198e-132	0.505594505154258	0.572	0.483	1.87258626921546e-127	"0"	"GASK1B"
7.90999340753692e-132	0.619703736782599	0.493	0.409	2.89513668709259e-127	"0"	"ASAP3"
1.88864002319226e-131	0.597948643471767	0.636	0.542	6.91261134888599e-127	"0"	"OLFM2"
3.71044757448211e-131	0.928491501305705	0.333	0.239	1.3580609167362e-126	"0"	"NTNG1"
4.03238468161236e-131	0.591399598541116	0.545	0.465	1.47589311731694e-126	"0"	"EMX2"
8.97317125532059e-131	0.644352725557991	0.493	0.401	3.28427041115989e-126	"0"	"ERRFI1"
5.98266019893797e-127	0.615690886616029	0.488	0.404	2.18971345941329e-122	"0"	"CCDC18-AS1"
1.96398160362438e-124	0.888901687095482	0.313	0.223	7.18836906742561e-120	"0"	"TTLL3"
4.00478112436667e-123	0.522628122460421	0.581	0.497	1.46578993932945e-118	"0"	"ARHGAP29"
4.059393501534e-123	0.932502079454397	0.325	0.23	1.48577861549646e-118	"0"	"SNCG"
1.83566195550672e-122	0.735543603572799	0.461	0.376	6.71870632335013e-118	"0"	"TCEA3"
6.04697315112433e-122	0.938188155490296	0.311	0.221	2.21325264304301e-117	"0"	"TMEM97"
8.38354849624854e-119	0.558451528130326	0.529	0.453	3.06846258511193e-114	"0"	"LPCAT4"
8.60371337229652e-119	1.00055364578744	0.261	0.172	3.14904513139425e-114	"0"	"HLA-DMA"
3.57777810389174e-118	0.917829369900796	0.284	0.196	1.30950256380541e-113	"0"	"PHYHD1"
1.84599218385627e-117	0.597537212776921	0.484	0.409	6.75651599213233e-113	"0"	"PFKM"
3.71062671483327e-115	0.813774254872565	0.302	0.21	1.35812648389612e-110	"0"	"EPHA4"
4.35636126253321e-115	0.581896050835924	0.504	0.43	1.59447178569978e-110	"0"	"PLEKHA5"
1.07591094017448e-111	0.954459022108815	0.251	0.166	3.93794163213262e-107	"0"	"ARHGAP6"
3.64345968621748e-111	0.604583916365839	0.502	0.43	1.33354267975246e-106	"0"	"HNMT"
7.12113883719012e-111	0.96253624245437	0.252	0.168	2.60640802579996e-106	"0"	"DNALI1"
5.45805466239923e-109	0.727857152687564	0.436	0.361	1.99770258698474e-104	"0"	"PRSS12"
4.9021295159862e-108	0.752970175127261	0.386	0.306	1.79422842414611e-103	"0"	"SAMHD1"
9.75094689423898e-107	0.634112701819755	0.435	0.362	3.56894407276041e-102	"0"	"WARS2"
5.96624005095929e-105	0.528584200457398	0.544	0.485	2.18370352105161e-100	"0"	"PLSCR1"
2.54986842797028e-104	0.686085094921094	0.413	0.333	9.33277343321403e-100	"0"	"MAP3K8"
1.29585806791044e-101	0.642568812128729	0.434	0.361	4.74297011435901e-97	"0"	"FZD4"
2.16290860951597e-101	0.624575781269818	0.462	0.387	7.91646180168942e-97	"0"	"CLEC2B"
3.83341479372364e-101	0.769146375005685	0.331	0.251	1.40306814865079e-96	"0"	"SLC27A1"
5.23210538092126e-100	0.945739666454501	0.289	0.205	1.91500289047099e-95	"0"	"NPW"
1.11506618226697e-97	0.686705377644786	0.405	0.327	4.08125373371534e-93	"0"	"LDLR"
3.14838809226661e-94	0.743208936745763	0.324	0.247	1.1523415256505e-89	"0"	"LINC02482"
8.59449640580506e-94	0.521992999845262	0.725	0.7	3.14567162948871e-89	"0"	"RND3"
1.94833866137243e-91	0.615074881062814	0.462	0.402	7.13111433448924e-87	"0"	"FAM110B"
1.21484071397215e-90	0.62092049828906	0.426	0.364	4.44643849720947e-86	"0"	"GMDS"
1.19511248374403e-86	0.541875414394077	0.483	0.43	4.37423120175151e-82	"0"	"RARA"
9.98948360351841e-83	0.561341412965068	0.439	0.376	3.65625089372377e-78	"0"	"GLI3"
1.60277647730135e-82	0.628540338727096	0.38	0.313	5.86632218457069e-78	"0"	"SHOX2"
3.95320545085319e-82	0.780078362221945	0.282	0.207	1.44691272706678e-77	"0"	"ID4"
1.01425448109565e-80	0.522284479541921	0.498	0.452	3.71227282625817e-76	"0"	"LACTB2"
2.08808176951934e-80	0.668571546268816	0.35	0.286	7.64258808461773e-76	"0"	"DGLUCY"
3.3634368241228e-80	0.773192683971732	0.265	0.193	1.23105151199719e-75	"0"	"NYNRIN"
5.07485128057094e-80	0.756599596490406	0.389	0.315	1.85744631720177e-75	"0"	"WNT2"
2.32186766689889e-79	0.75001240304476	0.295	0.225	8.49826784761661e-75	"0"	"NCALD"
5.6627347285134e-79	0.532785176007727	0.448	0.388	2.07261753798319e-74	"0"	"PROS1"
5.52227748945618e-78	0.550469538328908	0.355	0.279	2.02120878391586e-73	"0"	"P3H2"
1.78057184239971e-77	0.733700266896245	0.291	0.223	6.51707100036718e-73	"0"	"CTSO"
2.80428975805303e-77	0.680740505230014	0.321	0.247	1.02639809434499e-72	"0"	"F10"
3.18480512650896e-75	0.826903739351914	0.266	0.198	1.16567052435355e-70	"0"	"MIR99AHG"
5.42360540680193e-75	0.67724354616751	0.322	0.256	1.98509381494357e-70	"0"	"PLCD1"
1.49156459058206e-73	0.781342758641602	0.305	0.239	5.4592755579894e-69	"0"	"SPRY2"
5.69739058554671e-73	0.765578707363365	0.269	0.202	2.08530192821595e-68	"0"	"SLC27A3"
9.01144462080358e-72	0.525955127238288	0.464	0.404	3.29827884566032e-67	"0"	"AHNAK2"
9.10555014315492e-71	0.527128534018893	0.629	0.59	3.33272240789613e-66	"0"	"CTSC"
6.27627378342723e-70	0.674953775429071	0.312	0.249	2.2971789674722e-65	"0"	"ARMH4"
6.42645132951463e-70	0.557379845051824	0.419	0.367	2.35214545111565e-65	"0"	"TMEM80"
1.87572692341084e-69	0.529947192828282	0.429	0.379	6.86534811237602e-65	"0"	"ALDH6A1"
5.41315433734454e-69	0.660324580953545	0.405	0.342	1.98126861901148e-64	"0"	"CPE"
4.52537271073361e-68	0.604783882591654	0.379	0.321	1.65633166585561e-63	"0"	"IMPA2"
2.32714497005518e-67	0.591568770405083	0.383	0.33	8.51758330489897e-63	"0"	"PCED1A"
2.38848835519051e-67	0.610953427578497	0.318	0.252	8.74210622883279e-63	"0"	"CHN1"
7.80637481844154e-67	0.713899840744064	0.308	0.248	2.85721124729779e-62	"0"	"HRH1"
2.36853970424709e-66	0.64843884498641	0.353	0.293	8.66909217151476e-62	"0"	"SLC43A3"
7.78159976651993e-66	0.597273086026296	0.355	0.291	2.84814333054396e-61	"0"	"ABCA9"
6.83684192742223e-65	0.582349041669977	0.357	0.301	2.50235251385581e-60	"0"	"NOTCH2NLA"
2.01118160002858e-63	0.724730061071891	0.284	0.225	7.3611257742646e-59	"0"	"DNASE1L1"
1.56344810971789e-60	0.600020035339291	0.316	0.258	5.72237642637847e-56	"0"	"MAP3K12"
9.14746298060516e-60	0.546316300774955	0.397	0.351	3.3480629255313e-55	"0"	"PPP2R5A"
2.66500121433701e-59	0.586432383599828	0.335	0.279	9.75417094459487e-55	"0"	"TNFRSF14"
1.58524809390433e-58	0.569322748096059	0.355	0.302	5.80216654849925e-54	"0"	"BTD"
5.29229385152795e-58	0.734544039174208	0.25	0.193	1.93703247259775e-53	"0"	"FBLN7"
6.58646608088323e-58	0.550902950442568	0.316	0.253	2.41071245026407e-53	"0"	"DBP"
1.60326115034497e-56	0.53487946223338	0.412	0.37	5.86809613637762e-52	"0"	"ANG"
2.06274080657943e-55	0.575466780615659	0.519	0.449	7.54983762616137e-51	"0"	"PENK"
3.0470800636413e-55	0.758927817053877	0.281	0.227	1.11526177409335e-50	"0"	"VIT"
2.73178425562232e-53	0.643077135263431	0.318	0.267	9.99860355400325e-49	"0"	"FHOD1"
4.45942873111589e-53	0.603031877159506	0.32	0.271	1.63219550987573e-48	"0"	"RPUSD4"
1.46156388202888e-52	0.531734413622399	0.365	0.317	5.3494699646139e-48	"0"	"KIAA0930"
2.35989383829072e-52	0.560221015806523	0.364	0.314	8.63744743752787e-48	"0"	"HS6ST1"
5.5293282252657e-52	0.536620448075555	0.365	0.308	2.0237894237295e-47	"0"	"HMGA2"
1.1300774144666e-51	0.60321722337089	0.293	0.239	4.13619634468921e-47	"0"	"RILP"
4.38583205679501e-51	0.502195793906548	0.289	0.228	1.60525839110754e-46	"0"	"LY6K"
6.66491249082522e-51	0.535649984086056	0.38	0.333	2.43942462076694e-46	"0"	"ROR1"
3.45703383539895e-49	0.52808707381778	0.346	0.301	1.26530895409437e-44	"0"	"VPS13B"
5.48970676554017e-49	0.639979358529264	0.291	0.245	2.00928757325536e-44	"0"	"LINC00339"
2.12711896832302e-48	0.580659662699726	0.262	0.207	7.7854681359591e-44	"0"	"IGF2BP3"
6.28157966590322e-48	0.516526595229015	0.409	0.371	2.29912097351724e-43	"0"	"EIF4EBP3"
1.76160928570155e-47	0.563652453081852	0.316	0.268	6.44766614659625e-43	"0"	"PEX5"
6.23931825868415e-47	0.511594869473511	0.282	0.227	2.28365287586099e-42	"0"	"NES"
1.28086294942669e-46	0.668607786020355	0.256	0.208	4.68808648119661e-42	"0"	"ZNF395"
7.39970288381808e-46	0.534590075898668	0.343	0.303	2.70836525250626e-41	"0"	"RAB40B"
1.30572060183213e-45	0.507144112798724	0.383	0.344	4.77906797476579e-41	"0"	"DGKA"
1.91872898957397e-43	0.500885365377182	0.353	0.313	7.02273997473969e-39	"0"	"NMRK1"
1.47094659775854e-42	0.517392826512479	0.326	0.282	5.38381164245604e-38	"0"	"ZNF521"
3.23196179734397e-42	0.603427299429755	0.339	0.3	1.18293033744587e-37	"0"	"PPARG"
3.26539709559253e-42	0.623570051416653	0.282	0.24	1.19516799095782e-37	"0"	"BPHL"
8.93329010596158e-41	0.529902248320837	0.307	0.264	3.269673511683e-36	"0"	"TPCN1"
1.37521084178344e-40	0.514994027576889	0.369	0.333	5.03340920201156e-36	"0"	"CDKN2C"
2.22257227982259e-39	0.552283423752024	0.294	0.253	8.13483680137867e-35	"0"	"ROBO3"
8.35784564307987e-37	0.52106780646039	0.329	0.283	3.05905508382366e-32	"0"	"CDKN1C"
1.17867458474322e-36	0.568473456861042	0.286	0.247	4.31406684761866e-32	"0"	"CDC14B"
3.18064137896205e-36	0.581194630710497	0.296	0.249	1.1641465511139e-31	"0"	"QPRT"
7.62274591319802e-36	0.68273123003876	0.253	0.206	2.79000123168961e-31	"0"	"ALPL"
2.6579810594381e-35	0.609196139737982	0.265	0.227	9.7284764756494e-31	"0"	"SSH3"
7.7591673228728e-33	0.532398168538888	0.277	0.234	2.83993283184467e-28	"0"	"SEZ6L2"
1.2485637134919e-32	0.569972112657258	0.275	0.239	4.56986804775171e-28	"0"	"CSKMT"
2.72184095123589e-31	0.565536596174462	0.266	0.231	9.96221006561849e-27	"0"	"FGFRL1"
7.35316325390861e-31	0.602484055337873	0.312	0.28	2.69133128256309e-26	"0"	"RGS3"
2.40362519232239e-29	0.532002730510346	0.259	0.223	8.79750856641917e-25	"0"	"GSTT2B"
2.7760964290716e-28	0.531284019055005	0.28	0.249	1.0160790540045e-23	"0"	"HECTD3"
3.12623160971133e-28	0.533878114832493	0.322	0.296	1.14423203147044e-23	"0"	"ST7"
4.51717085491714e-27	0.577712398857388	0.256	0.219	1.65332970460822e-22	"0"	"DEPP1"
1.84117497536369e-24	0.508130977940455	0.282	0.255	6.73888452732863e-20	"0"	"HEXD"
6.1339985672174e-20	1.02541915159489	0.364	0.346	2.24510481558724e-15	"0"	"SFRP1"
0	2.07462261398452	0.723	0.315	0	"1"	"TNXB"
0	4.43770169763566	0.499	0.104	0	"1"	"PRG4"
0	1.7534870258196	0.681	0.311	0	"1"	"RARRES1"
0	1.44502234135948	0.664	0.31	0	"1"	"CPZ"
0	1.49359069570555	0.777	0.426	0	"1"	"MGP"
0	1.98106463377093	0.746	0.416	0	"1"	"AKR1C2"
0	1.59176355843996	0.818	0.489	0	"1"	"CFB"
0	1.61861423125064	0.752	0.431	0	"1"	"DPP4"
0	1.9703332717467	0.745	0.426	0	"1"	"PLAT"
0	2.06636129233987	0.526	0.212	0	"1"	"ACKR3"
0	2.30037893379013	0.441	0.127	0	"1"	"IL33"
0	1.57096390217082	0.553	0.251	0	"1"	"SVIL"
0	1.12794059439823	0.879	0.578	0	"1"	"COL14A1"
0	2.05603181098477	0.768	0.469	0	"1"	"PCOLCE2"
0	1.33237561007123	0.859	0.563	0	"1"	"PTGES"
0	1.62441450840699	0.631	0.337	0	"1"	"KAZALD1"
0	1.31032663564391	0.683	0.395	0	"1"	"CYGB"
0	1.06012225252885	0.766	0.479	0	"1"	"LSP1"
0	2.00696668393749	0.426	0.141	0	"1"	"PALM"
0	2.84561473582075	0.357	0.072	0	"1"	"ANXA10"
0	1.38650229250703	0.573	0.288	0	"1"	"SUSD2"
0	0.811286295580902	0.665	0.387	0	"1"	"CXCL6"
0	1.22057745185777	0.638	0.362	0	"1"	"LRRN4CL"
0	1.06819241081985	0.686	0.412	0	"1"	"TFPI"
0	1.41948731127904	0.522	0.25	0	"1"	"OLFML1"
0	1.34174522889256	0.813	0.541	0	"1"	"AKR1C1"
0	2.82792122748914	0.334	0.063	0	"1"	"SGCA"
0	1.45538655723859	0.642	0.372	0	"1"	"CD9"
0	1.6098654162475	0.45	0.185	0	"1"	"LIMCH1"
0	1.21632169474476	0.533	0.269	0	"1"	"SBSN"
0	1.15156812694608	0.783	0.52	0	"1"	"MEDAG"
0	1.37780300679504	0.827	0.564	0	"1"	"CFD"
0	1.55352975755154	0.91	0.656	0	"1"	"LXN"
0	1.38661467405737	0.662	0.411	0	"1"	"TMEM59L"
0	1.74906561821109	0.565	0.315	0	"1"	"TFPI2"
0	1.81730522591333	0.534	0.286	0	"1"	"HLA-DPA1"
0	3.38902014867423	0.28	0.032	0	"1"	"THORLNC"
0	1.39502493063799	0.481	0.238	0	"1"	"PCDH7"
0	1.27045616400746	0.593	0.357	0	"1"	"SRGN"
0	0.989844763071395	0.828	0.594	0	"1"	"AKR1C3"
0	1.50945522179128	0.75	0.516	0	"1"	"ADIRF"
0	1.37654259244723	0.981	0.749	0	"1"	"CRLF1"
0	1.29662658005524	0.655	0.425	0	"1"	"GPNMB"
0	1.82644671074961	0.552	0.328	0	"1"	"CD74"
0	1.14314044904782	0.65	0.426	0	"1"	"TNFAIP2"
0	1.18284359849133	0.581	0.357	0	"1"	"BDKRB2"
0	2.10207217583532	0.343	0.12	0	"1"	"PTHLH"
0	0.807303251765448	0.759	0.537	0	"1"	"SNED1"
0	1.00291730367074	0.671	0.45	0	"1"	"CFH"
0	1.02612430245578	0.725	0.504	0	"1"	"A4GALT"
0	1.31561317681564	0.454	0.235	0	"1"	"C2orf88"
0	1.24062347025201	0.479	0.26	0	"1"	"ANK2"
0	1.54347654953663	0.376	0.158	0	"1"	"TNFRSF21"
0	0.694385441513824	0.704	0.486	0	"1"	"PI16"
0	1.01185866463923	0.48	0.262	0	"1"	"NTN4"
0	2.57411058118946	0.293	0.076	0	"1"	"PRELP"
0	1.26335221094371	0.731	0.514	0	"1"	"CBR3"
0	0.766561431365057	0.642	0.426	0	"1"	"PENK"
0	1.06383882593756	0.764	0.548	0	"1"	"PAMR1"
0	1.45684419362108	0.679	0.466	0	"1"	"CLEC3B"
0	2.4279632936067	0.32	0.107	0	"1"	"HLA-DRA"
0	3.23513582064856	0.257	0.044	0	"1"	"SCARA5"
0	1.57032994851406	0.396	0.183	0	"1"	"PRSS3"
0	0.654625264293754	0.588	0.377	0	"1"	"SFRP4"
0	0.971546421714171	0.533	0.323	0	"1"	"BDKRB1"
0	0.867102743179497	0.483	0.274	0	"1"	"CXCL1"
0	1.01563249599249	0.672	0.464	0	"1"	"GASK1B"
0	1.27552653917204	0.434	0.226	0	"1"	"F10"
0	1.10695369339121	0.497	0.292	0	"1"	"C1QTNF1"
0	1.33275605048467	0.929	0.725	0	"1"	"PTGIS"
0	1.12920376858187	0.805	0.603	0	"1"	"GFPT2"
0	1.10725607108531	0.59	0.388	0	"1"	"GGT5"
0	0.864725334797193	0.704	0.508	0	"1"	"DEPTOR"
0	1.06536289598293	0.751	0.556	0	"1"	"XG"
0	0.949887144401957	0.577	0.383	0	"1"	"IFFO1"
0	0.818548288273808	0.642	0.45	0	"1"	"TRIM47"
0	0.685549646878085	0.809	0.62	0	"1"	"FAM20A"
0	1.82136051306908	0.342	0.154	0	"1"	"HTRA3"
0	1.78387061111983	0.295	0.107	0	"1"	"MALL"
0	1.06596246386924	0.573	0.385	0	"1"	"ANKH"
0	1.33470692146324	0.382	0.195	0	"1"	"EPHA4"
0	1.2191842515996	0.398	0.215	0	"1"	"GALNT12"
0	1.36103880772655	0.3	0.118	0	"1"	"SELENOP"
0	0.948390386549648	0.642	0.461	0	"1"	"IDUA"
0	0.86393435100134	0.766	0.586	0	"1"	"HSPB2"
0	1.28764278813805	0.645	0.465	0	"1"	"DKK1"
0	0.932345038923638	0.578	0.398	0	"1"	"SQOR"
0	1.3791376139597	0.33	0.155	0	"1"	"THNSL2"
0	1.54132997179693	0.339	0.165	0	"1"	"IL13RA2"
0	0.886700007615448	0.754	0.583	0	"1"	"TES"
0	1.60619044116765	0.292	0.122	0	"1"	"SEMA3B"
0	1.2551838883919	0.505	0.336	0	"1"	"SPRYD3"
0	0.960172329677262	0.754	0.589	0	"1"	"NIBAN1"
0	1.38169767666481	0.259	0.094	0	"1"	"IGF1"
0	0.809294917170744	0.72	0.555	0	"1"	"AHR"
0	1.12458138121704	0.924	0.76	0	"1"	"BMERB1"
0	0.773283201631572	0.693	0.529	0	"1"	"ORAI3"
0	0.771344485373586	0.781	0.621	0	"1"	"CTSF"
0	1.36894685968078	0.28	0.12	0	"1"	"ANKRD29"
0	0.797146238814102	0.682	0.523	0	"1"	"RARG"
0	0.78629478358391	0.95	0.792	0	"1"	"CYP1B1"
0	1.72518925871465	0.275	0.118	0	"1"	"TSLP"
0	1.53704628154462	0.277	0.123	0	"1"	"AOX1"
0	1.31069216600748	0.94	0.789	0	"1"	"PROCR"
0	0.824285253946645	0.793	0.644	0	"1"	"ANTXR2"
0	0.891045150150535	0.755	0.606	0	"1"	"ADK"
0	0.882331001115636	0.881	0.732	0	"1"	"SMPD1"
0	0.750235119375812	0.725	0.579	0	"1"	"CREG1"
0	0.792695081959345	0.676	0.531	0	"1"	"CD55"
0	0.866546766660544	0.768	0.623	0	"1"	"ALCAM"
0	1.18417943616341	0.762	0.619	0	"1"	"AKAP12"
0	0.761822810273752	0.961	0.819	0	"1"	"SERPING1"
0	0.714858495882983	0.744	0.605	0	"1"	"BDH2"
0	1.0272505675413	0.864	0.729	0	"1"	"PLPP1"
0	0.70964902017164	0.816	0.681	0	"1"	"CA12"
0	0.642268850839399	0.805	0.679	0	"1"	"CALHM2"
0	0.770446265830148	0.888	0.763	0	"1"	"CYBRD1"
0	0.826623599467401	0.921	0.796	0	"1"	"LPAR1"
0	0.841046202074844	0.868	0.747	0	"1"	"OAF"
0	0.645099815314257	0.903	0.789	0	"1"	"EPHX1"
0	0.635010049177308	0.845	0.737	0	"1"	"PCYOX1"
0	0.652673243284138	0.85	0.749	0	"1"	"ASAH1"
0	0.580220626372127	0.928	0.828	0	"1"	"CRYAB"
0	0.65267703219942	0.925	0.826	0	"1"	"SAT1"
0	0.677200610831789	0.913	0.816	0	"1"	"LTBP3"
0	0.580910475731715	0.823	0.728	0	"1"	"CTBS"
0	0.696934525814032	0.949	0.854	0	"1"	"NT5E"
0	0.612628332795571	0.905	0.817	0	"1"	"CD68"
0	0.851507958654419	0.969	0.881	0	"1"	"ADD3"
0	0.645360252107874	0.853	0.767	0	"1"	"SMIM14"
0	0.870802060037178	0.984	0.901	0	"1"	"HMGA1"
0	0.854339548424305	0.958	0.877	0	"1"	"TGFBR2"
0	0.857424565414681	0.963	0.883	0	"1"	"NBL1"
0	0.513419553265638	0.875	0.795	0	"1"	"HEXB"
0	0.574336171241343	0.872	0.793	0	"1"	"TMEM35B"
0	0.704791972558372	0.884	0.805	0	"1"	"MOXD1"
0	1.76157547946481	0.997	0.929	0	"1"	"CLU"
0	0.665966208079261	0.922	0.858	0	"1"	"AK1"
0	0.840382558833386	0.973	0.909	0	"1"	"IGFBP3"
0	0.548503738763226	0.935	0.873	0	"1"	"NPDC1"
0	0.519765959565073	0.933	0.878	0	"1"	"METTL9"
0	0.824515252071171	0.92	0.866	0	"1"	"SOD2"
0	0.609003789923537	0.944	0.89	0	"1"	"ECM1"
0	0.646258585127413	0.964	0.911	0	"1"	"ARL6IP5"
0	0.630164629300024	0.963	0.91	0	"1"	"SNX9"
0	0.522569861861122	0.947	0.894	0	"1"	"GSTO1"
0	0.887238614901769	0.971	0.919	0	"1"	"S100A4"
0	0.667440709197838	0.975	0.923	0	"1"	"MFGE8"
0	0.710190376598739	0.962	0.911	0	"1"	"IL6ST"
0	0.502850280647852	0.924	0.874	0	"1"	"LAMP2"
0	0.545289157566775	0.95	0.9	0	"1"	"SCARB2"
0	0.509882725021301	0.979	0.93	0	"1"	"PDGFRA"
0	0.90399746971214	0.952	0.904	0	"1"	"PLIN2"
0	0.713448521708552	0.923	0.878	0	"1"	"SPTBN1"
0	0.667526095932329	0.907	0.862	0	"1"	"CHPF"
0	0.805162294918653	0.986	0.941	0	"1"	"ENG"
0	0.571462402248446	0.942	0.899	0	"1"	"AKR1B1"
0	0.60500109943392	0.974	0.939	0	"1"	"LRPAP1"
0	0.593699422816134	0.988	0.955	0	"1"	"APLP2"
0	1.52039323403777	0.985	0.955	0	"1"	"GSN"
0	0.542472488179333	0.967	0.939	0	"1"	"NPC2"
0	0.651267689020203	0.987	0.96	0	"1"	"CCDC85B"
0	0.574510575958532	0.975	0.949	0	"1"	"LINC02802"
0	0.725271004564926	0.986	0.96	0	"1"	"TIMP3"
0	0.865867311174685	0.999	0.974	0	"1"	"FBLN2"
0	0.536475735395269	0.995	0.97	0	"1"	"LUM"
0	0.514169883770899	0.989	0.964	0	"1"	"ISCU"
0	0.519616213101011	0.978	0.954	0	"1"	"QSOX1"
0	0.663950922361467	0.994	0.97	0	"1"	"MFAP5"
0	0.593499123380598	0.996	0.973	0	"1"	"TKT"
0	0.571218272891758	0.994	0.975	0	"1"	"MGST3"
0	0.843319117161084	0.995	0.977	0	"1"	"CTSL"
0	0.714831146007044	0.991	0.976	0	"1"	"SQSTM1"
0	0.622620208207431	0.993	0.979	0	"1"	"CAV1"
0	0.580178355674932	0.996	0.982	0	"1"	"C1S"
0	0.547709786479873	0.997	0.983	0	"1"	"GRN"
0	0.55626043861512	0.996	0.982	0	"1"	"CTSA"
0	0.671076753074076	0.996	0.983	0	"1"	"CTSD"
0	0.558239533473217	0.996	0.983	0	"1"	"MT2A"
0	0.542098356635584	0.997	0.985	0	"1"	"TMEM59"
0	0.519436995710072	0.995	0.983	0	"1"	"BRI3"
0	0.968886921073188	0.999	0.987	0	"1"	"ISLR"
0	0.602660648991316	0.996	0.986	0	"1"	"CAVIN3"
0	0.548734289174681	0.996	0.99	0	"1"	"ANXA1"
0	0.60450587817717	0.998	0.993	0	"1"	"FBN1"
0	0.551037443138594	0.997	0.993	0	"1"	"CD59"
0	0.93610605916405	1	0.996	0	"1"	"CST3"
0	0.560609166026185	0.999	0.996	0	"1"	"LY6E"
0	0.77069599373404	1	0.998	0	"1"	"CTSB"
0	0.621310944533061	0.997	0.995	0	"1"	"TXN"
0	0.675850059952742	1	0.998	0	"1"	"PSAP"
0	0.821629884687245	1	0.998	0	"1"	"ITM2B"
0	0.561498054324384	1	0.998	0	"1"	"GPX4"
0	1.19096392374568	0.999	0.998	0	"1"	"IGFBP6"
0	0.52333019474148	1	1	0	"1"	"SH3BGRL3"
0	0.551116604637227	1	1	0	"1"	"FTH1"
0	0.518351125482032	0.988	0.988	0	"1"	"NEAT1"
0	0.875066979619943	1	1	0	"1"	"TIMP1"
4.94065645841247e-324	0.888450884330954	0.544	0.359	1.80832967034355e-319	"1"	"EPDR1"
4.94065645841247e-324	1.45139461970829	0.322	0.161	1.80832967034355e-319	"1"	"HLA-DMA"
6.42285339593621e-323	0.939079253764345	0.608	0.434	2.35082857144661e-318	"1"	"CLIC3"
5.1683886068783e-317	1.31375028314207	0.312	0.151	1.89168191400353e-312	"1"	"SLC39A8"
1.37780852526669e-313	1.13428279564228	0.411	0.238	5.0429169833286e-309	"1"	"MARCH3"
1.48762675864501e-313	1.245351127038	0.555	0.382	5.44486269931659e-309	"1"	"ABI3BP"
5.80764362208581e-312	0.629883401993837	0.787	0.64	2.12565564211963e-307	"1"	"SCARA3"
2.63962699966388e-307	0.548177729767455	0.818	0.735	9.66129878146978e-303	"1"	"MIER1"
5.08916161394544e-305	0.680705561030744	0.74	0.622	1.86268404232017e-300	"1"	"IDH1"
3.81666387678183e-303	1.405695316516	0.251	0.111	1.39693714554092e-298	"1"	"MITF"
7.20024079029358e-303	0.605113643691824	0.771	0.665	2.63536013165536e-298	"1"	"NQO2"
1.73243425460457e-302	0.957193222393226	0.762	0.656	6.34088261527819e-298	"1"	"SEMA3C"
1.53193722157124e-300	0.669850460006258	0.744	0.611	5.60704342467289e-296	"1"	"ATP2B4"
1.77571185534885e-298	0.560377856737066	0.822	0.723	6.49928296176232e-294	"1"	"MAPK3"
2.07075722629121e-298	0.792730965514244	0.67	0.529	7.57917852394844e-294	"1"	"PSD3"
1.28820921943575e-297	1.21338110322266	0.301	0.147	4.71497456405678e-293	"1"	"HLA-F"
2.67874114096844e-296	0.60862814196501	0.843	0.73	9.80446045005857e-292	"1"	"LTBP1"
2.89606310910987e-293	0.658320037085431	0.805	0.683	1.0599880585653e-288	"1"	"SCRG1"
3.47960578195267e-292	0.663978759833627	0.807	0.703	1.2735705122525e-287	"1"	"CTSK"
4.40264350197762e-289	1.34418994535928	0.26	0.119	1.61141154815883e-284	"1"	"MELTF"
3.48670197943036e-279	0.726105973103237	0.587	0.409	1.27616779149131e-274	"1"	"SELENBP1"
6.4917269692151e-279	0.710300057002787	0.706	0.578	2.37603698800242e-274	"1"	"SLC4A7"
1.27394724076365e-275	0.53993419689937	0.804	0.713	4.66277429591904e-271	"1"	"EMC10"
6.30500864896329e-274	1.49265493797317	0.262	0.126	2.30769621560705e-269	"1"	"MAB21L1"
1.09644162421025e-271	0.522238574710745	0.792	0.693	4.01308598877193e-267	"1"	"GAMT"
1.33834354972882e-271	0.835726379270671	0.479	0.305	4.89847122636245e-267	"1"	"PLAAT4"
1.66867758452153e-271	0.542037641143017	0.802	0.709	6.10752682710727e-267	"1"	"MGAT4B"
2.63897044961734e-269	0.665449643439831	0.703	0.57	9.65889574264442e-265	"1"	"TRIM22"
2.83138337725617e-268	0.793055676824193	0.519	0.34	1.03631462990953e-263	"1"	"ADAMTS5"
4.02975583905248e-268	0.948472176182726	0.563	0.399	1.4749309346516e-263	"1"	"G0S2"
3.38956524018105e-263	0.840430666189786	0.554	0.404	1.24061477355867e-258	"1"	"CUTC"
1.83827333672892e-262	0.987973253339112	0.374	0.214	6.72826423976154e-258	"1"	"FAM118A"
1.54705666646648e-261	0.569419391240552	0.536	0.341	5.66238210493398e-257	"1"	"C3"
5.46060912106151e-261	1.04158875510203	0.487	0.335	1.99863754439972e-256	"1"	"ERCC6"
1.04064416200009e-260	0.536357097554107	0.813	0.725	3.80886169733654e-256	"1"	"SCPEP1"
1.0410252877726e-260	1.2136562919061	0.25	0.116	3.8102566557765e-256	"1"	"SHC3"
2.30574326705288e-259	0.542671611010065	0.796	0.707	8.43925093174024e-255	"1"	"TRIM8"
8.88018895152065e-257	0.737778373872137	0.605	0.461	3.25023795814607e-252	"1"	"SMIM29"
1.52876154089224e-254	0.787413452808705	0.491	0.315	5.59542011581968e-250	"1"	"LRRC17"
6.31573413961215e-253	0.670644921795362	0.674	0.546	2.31162185243944e-248	"1"	"CD276"
2.79063588182513e-251	0.510000743316711	0.794	0.714	1.02140063910682e-246	"1"	"GLMP"
1.73228109911732e-248	0.568588306250467	0.919	0.882	6.34032205087932e-244	"1"	"MMP14"
8.11487975760523e-247	0.738430925454456	0.578	0.426	2.97012714008109e-242	"1"	"DDB2"
3.67275185119407e-245	0.573671054734516	0.804	0.713	1.34426390505554e-240	"1"	"HEG1"
3.72052398700473e-244	0.927703179786389	0.661	0.545	1.3617489844836e-239	"1"	"SCUBE3"
2.57561342676864e-243	0.752122962176733	0.53	0.368	9.4270027033159e-239	"1"	"BEX4"
1.55761847706654e-242	0.581394357098254	0.695	0.557	5.70103938791124e-238	"1"	"CMBL"
2.01546941136934e-242	0.798954139220289	0.647	0.501	7.37681959255294e-238	"1"	"PHLDA1"
9.74433874914205e-242	0.617818899970514	0.672	0.545	3.56652542557348e-237	"1"	"LETMD1"
1.19329230887727e-240	1.21145674530122	0.271	0.138	4.36756917972169e-236	"1"	"CAMK1D"
8.52086697841523e-239	0.77126632466393	0.558	0.419	3.11872252276976e-234	"1"	"NAAA"
9.31643673105987e-239	0.701546424279047	0.601	0.466	3.40990900793522e-234	"1"	"LY96"
1.07258514942804e-238	0.57327171127741	0.745	0.591	3.92576890542158e-234	"1"	"UCHL1"
1.88352079676141e-235	0.573827944273519	0.713	0.61	6.89387446822643e-231	"1"	"TCTN1"
1.54214013435077e-234	1.29219803354503	0.269	0.139	5.64438710573726e-230	"1"	"ADAMTSL4"
4.0740269185744e-234	0.509484867600117	0.85	0.771	1.49113459246742e-229	"1"	"NFKBIA"
5.99317428990052e-231	0.639897312162135	0.825	0.772	2.19356172184649e-226	"1"	"ID3"
1.52289885400855e-230	0.997395753830083	0.369	0.222	5.57396209555671e-226	"1"	"SNCG"
4.50096931117917e-230	0.845574302012849	0.458	0.309	1.64739977758469e-225	"1"	"CRELD1"
1.04240393744444e-229	0.721176363426912	0.504	0.34	3.81530265144041e-225	"1"	"PLAU"
6.91240071460343e-229	0.671044141759001	0.61	0.475	2.530007785552e-224	"1"	"EHMT2"
7.05838894844025e-229	0.654752124099992	0.536	0.368	2.58344093901862e-224	"1"	"U2AF1L5"
1.68316019002073e-228	0.553075167475191	0.705	0.571	6.16053461149486e-224	"1"	"ID1"
6.45087868757486e-227	0.715384044439401	0.665	0.527	2.36108610843927e-222	"1"	"IFI27"
1.38671219734205e-223	0.806245757313411	0.513	0.379	5.07550531349164e-219	"1"	"MARCH2"
3.42342343464844e-222	0.504064378076806	0.751	0.649	1.25300721131567e-217	"1"	"ZNF581"
3.87279835406225e-222	1.0650333178784	0.283	0.149	1.41748292557033e-217	"1"	"TCN2"
9.86133443878949e-220	0.943379970505802	0.607	0.47	3.60934701794134e-215	"1"	"FST"
2.24114293125497e-217	0.529038733885252	0.497	0.322	8.20280724268632e-213	"1"	"OGN"
8.65780854658869e-210	0.5729684301439	0.691	0.574	3.16884450613693e-205	"1"	"RFTN1"
1.82798215331528e-209	0.594366821378255	0.66	0.553	6.69059747934926e-205	"1"	"SMIM19"
8.80742017134794e-209	1.00129717840978	0.381	0.239	3.22360385691506e-204	"1"	"CD82"
1.70756399119855e-208	0.515182756365866	0.758	0.675	6.24985496418582e-204	"1"	"IDS"
3.38873234379273e-208	0.518824657737667	0.767	0.66	1.24030992515158e-203	"1"	"SLC44A1"
4.90624484535964e-208	0.610917247919629	0.671	0.55	1.79573467585008e-203	"1"	"CSF1"
9.80874600168069e-208	0.568653321057222	0.684	0.576	3.59009912407515e-203	"1"	"DHRS3"
1.91220361586596e-207	0.910942779663053	0.425	0.287	6.99885645443099e-203	"1"	"PLCD3"
5.61570211403505e-206	0.934737786490442	0.365	0.225	2.05540313075797e-201	"1"	"RILP"
5.53575779043204e-203	0.552309218084832	0.692	0.589	2.02614270887603e-198	"1"	"SUMF1"
2.78079533648547e-201	0.682120010665196	0.588	0.464	1.01779890110705e-196	"1"	"BCL2L1"
5.86837773731939e-201	0.743616330291594	0.592	0.467	2.14788493563627e-196	"1"	"HIST1H2AC"
2.10490412050136e-198	0.717071312123492	0.544	0.414	7.70415957144702e-194	"1"	"RASSF8-AS1"
5.41319827698401e-198	1.00995312789476	0.349	0.214	1.98128470135892e-193	"1"	"VIT"
8.46182124104872e-198	0.528056261322295	0.717	0.555	3.09711119243624e-193	"1"	"CCN5"
1.4909006867951e-196	0.750149531153973	0.561	0.428	5.45684560373874e-192	"1"	"VSIR"
1.02046222244458e-195	0.631945375726105	0.678	0.576	3.7349937803694e-191	"1"	"RAC2"
2.49907759774205e-192	0.895291462926019	0.365	0.23	9.14687391549569e-188	"1"	"GAS7"
3.04518166192926e-191	0.967164803748894	0.303	0.175	1.11456694008273e-186	"1"	"ACE"
1.02087295251449e-190	0.976261637098724	0.337	0.207	3.73649709349829e-186	"1"	"LINC02202"
5.08218622610314e-190	0.646938337162759	0.62	0.507	1.86013098061601e-185	"1"	"SNX21"
8.47099167812676e-190	0.792399597467425	0.526	0.392	3.10046766411118e-185	"1"	"AHNAK2"
4.90245818064727e-189	0.88680675049505	0.356	0.223	1.79434871869871e-184	"1"	"TRANK1"
1.01644775884718e-188	0.969526602347197	0.357	0.219	3.72030044215655e-184	"1"	"COL15A1"
2.88345735675673e-184	0.84733857456769	0.375	0.243	1.05537422714653e-179	"1"	"APOL1"
4.63971482244446e-183	0.713640530994311	0.604	0.482	1.6981820221629e-178	"1"	"LACC1"
7.37729787809257e-182	1.04038459056089	0.281	0.161	2.70016479636066e-177	"1"	"ARHGAP6"
2.910468604306e-181	0.955503222979909	0.26	0.141	1.06526061386204e-176	"1"	"TM4SF1"
1.6905775652454e-176	0.806767312022925	0.524	0.395	6.18768294655469e-172	"1"	"ERRFI1"
1.07576242501807e-175	0.963103724376452	0.323	0.198	3.93739805180865e-171	"1"	"SLC12A8"
8.17973670835495e-175	0.500725619825044	0.684	0.596	2.993865432625e-170	"1"	"TP53TG1"
8.90634702337977e-175	0.867055773401347	0.363	0.236	3.25981207402723e-170	"1"	"DNMBP"
3.28701886794166e-171	0.96434773152957	0.259	0.144	1.20308177585533e-166	"1"	"IFI44"
5.93260678989804e-171	0.501135551124857	0.689	0.595	2.17139341117058e-166	"1"	"ZNF524"
7.27822028839675e-171	0.530242458405181	0.695	0.578	2.66390140775609e-166	"1"	"KLF4"
7.91137256669932e-171	0.773021544720893	0.468	0.336	2.89564147313762e-166	"1"	"CKB"
4.26118063552453e-170	0.51010063890477	0.696	0.608	1.55963472440833e-165	"1"	"ADAM15"
1.11892221517147e-169	0.920301661734596	0.296	0.177	4.09536719974909e-165	"1"	"ABLIM3"
2.17784443258228e-169	0.810623101075293	0.428	0.304	7.9711284076944e-165	"1"	"FCHSD2"
2.40597500078812e-168	0.723635359786394	0.521	0.403	8.80610910038458e-164	"1"	"ABCC1"
9.95028877295974e-168	0.947176136582458	0.391	0.261	3.641905193791e-163	"1"	"DUSP6"
1.03023613962233e-165	0.615485858983196	0.564	0.445	3.77076729463171e-161	"1"	"CYB561"
4.50518239749121e-165	0.665394015655913	0.552	0.439	1.64894180930576e-160	"1"	"ASAP2"
7.57974031460916e-165	0.662875245635415	0.561	0.448	2.7742607525501e-160	"1"	"LPCAT4"
7.68615606070072e-165	0.929014328181681	0.32	0.201	2.81320997977707e-160	"1"	"CCDC74A"
8.35341416280145e-165	0.635341618301379	0.522	0.398	3.05743311772696e-160	"1"	"CCDC18-AS1"
1.34582085697319e-164	0.868316023598823	0.259	0.145	4.92583891860757e-160	"1"	"DMKN"
3.64224016827989e-164	0.539030993493146	0.64	0.548	1.33309632399212e-159	"1"	"CHST12"
4.3705307922129e-163	0.683982578998709	0.687	0.62	1.59965797525784e-158	"1"	"RALGPS2"
5.92502189205689e-163	1.08181043766523	0.271	0.161	2.16861726271174e-158	"1"	"ITPR3"
7.26729882842913e-163	0.650342682602629	0.559	0.439	2.65990404419334e-158	"1"	"COL18A1"
9.90084413317021e-163	0.614520293678558	0.629	0.528	3.62380796118163e-158	"1"	"HSPA1B"
2.40724610861991e-162	0.510194065785931	0.665	0.572	8.81076148215972e-158	"1"	"CASP4"
6.66532163214461e-159	0.653300325659932	0.552	0.432	2.43957437058125e-154	"1"	"ARL4C"
1.09536489780513e-158	0.535368633153987	0.686	0.573	4.00914506245656e-154	"1"	"PLK2"
5.32392737340717e-158	0.516921716024846	0.663	0.572	1.94861065794076e-153	"1"	"IFNGR1"
5.75771715135198e-158	0.70776820369602	0.641	0.546	2.10738205456634e-153	"1"	"INSIG1"
1.27066336241834e-157	0.657133724586786	0.506	0.377	4.65075497278735e-153	"1"	"LIMS2"
4.6897398429337e-157	0.556122643010815	0.518	0.383	1.71649167991216e-152	"1"	"DUXAP8"
1.31396822614533e-156	0.9343676078221	0.304	0.19	4.80925510451453e-152	"1"	"ATP9A"
4.18843977104135e-156	0.92649793256867	0.313	0.194	1.53301084059884e-151	"1"	"PTGER2"
2.03061946445065e-154	0.771097467784266	0.39	0.268	7.43227030183583e-150	"1"	"TNFRSF14"
1.69151358535719e-153	0.862115251095536	0.333	0.215	6.19110887376585e-149	"1"	"ARHGAP20"
6.1403915760029e-152	0.72031210482685	0.411	0.288	2.24744472073282e-147	"1"	"PIR"
2.32232091634415e-150	0.951764751941805	0.257	0.15	8.49992678591124e-146	"1"	"PKIA"
5.20273977200586e-150	0.648722319540659	0.494	0.37	1.90425478395186e-145	"1"	"TCEA3"
8.50459189222419e-149	0.886385526636476	0.308	0.195	3.11276567847297e-144	"1"	"COL13A1"
1.18681079071994e-148	0.958289283551502	0.257	0.15	4.34384617511405e-144	"1"	"GPRC5B"
6.51858384159001e-146	0.726227556182495	0.51	0.403	2.38586687186036e-141	"1"	"AL162586.1"
3.63631664551261e-143	0.781024292455736	0.364	0.25	1.33092825542407e-138	"1"	"PARP10"
1.03246846749249e-142	0.834039084335618	0.267	0.158	3.77893783786925e-138	"1"	"CFI"
1.64875176960449e-142	0.506179723353296	0.773	0.713	6.0345963519294e-138	"1"	"DCBLD2"
3.05038971743651e-142	0.575935246088947	0.834	0.76	1.11647314047894e-137	"1"	"TNFAIP6"
3.16799471671629e-142	0.865439117948692	0.29	0.181	1.15951774626533e-137	"1"	"METTL27"
6.64018052168827e-141	0.919253737167065	0.363	0.252	2.43037247274312e-136	"1"	"PPP1R3C"
1.04616040404107e-140	0.631672134234123	0.65	0.588	3.82905169483072e-136	"1"	"PPP1R14B-AS1"
1.51162829261875e-140	0.599894953304577	0.535	0.431	5.53271071381389e-136	"1"	"PHF1"
1.45912294739968e-139	0.903997092256656	0.265	0.159	5.34053589977756e-135	"1"	"APOL3"
1.91100691274831e-139	0.787451408237642	0.377	0.262	6.99447640135009e-135	"1"	"PLCB1"
2.16433316296409e-136	0.702858495020336	0.442	0.332	7.92167580976487e-132	"1"	"NT5DC1"
8.51850161032321e-136	0.796563559092121	0.386	0.273	3.1178567743944e-131	"1"	"AVPI1"
5.48649004730462e-135	0.896399792987749	0.254	0.152	2.00811022221396e-130	"1"	"KCND2"
1.87319440184484e-133	0.715853725627996	0.389	0.273	6.8560788301923e-129	"1"	"P3H2"
1.07847400556265e-132	0.648531911710407	0.458	0.333	3.94732270775987e-128	"1"	"CXCL2"
4.53891775259556e-132	0.501706869865021	0.642	0.554	1.6612892866275e-127	"1"	"PDCD4"
7.87506381651329e-132	0.758857086816453	0.306	0.197	2.88235210748203e-127	"1"	"ARHGEF3"
4.66494262134828e-131	0.548287794246538	0.573	0.48	1.70741564883968e-126	"1"	"NEU1"
9.32538929561714e-130	0.664260616572592	0.422	0.31	3.41318573608883e-125	"1"	"RNASE4"
6.29870215173126e-129	0.914860099777203	0.264	0.164	2.30538797455516e-124	"1"	"SMAD6"
3.60336680536623e-128	0.646570865681546	0.477	0.363	1.3188682844321e-123	"1"	"APBB1IP"
4.94751150262687e-127	0.678471916774577	0.383	0.271	1.81083868507646e-122	"1"	"SNHG9"
2.08467660437081e-122	0.52965571057403	0.553	0.457	7.63012483965759e-118	"1"	"PHYH"
7.536188146625e-122	0.747100201982186	0.389	0.285	2.75832022354621e-117	"1"	"GCNT1"
1.32011076015729e-121	0.574521711769415	0.617	0.528	4.83173739325169e-117	"1"	"BEST1"
1.5292110970638e-120	0.820812874530939	0.251	0.154	5.59706553636322e-116	"1"	"FMOD"
8.0107532559386e-120	0.737801857004906	0.364	0.261	2.93201579920609e-115	"1"	"FNDC4"
3.20793329091563e-119	0.544077457880705	0.583	0.494	1.17413566380803e-114	"1"	"PYGB"
9.25852660460667e-119	0.552430423006015	0.541	0.444	3.38871332255209e-114	"1"	"HDAC5"
2.70884217553206e-118	0.834447636523337	0.26	0.164	9.9146332466649e-114	"1"	"HEXIM2"
2.08919568225371e-117	0.531202107258399	0.621	0.536	7.64666511661679e-113	"1"	"CBLB"
5.75441134408454e-114	0.739068567636135	0.32	0.219	2.10617209604838e-109	"1"	"PYROXD2"
6.23167763450706e-114	0.749329567033513	0.431	0.327	2.28085633100593e-109	"1"	"OSR1"
1.83387663638721e-113	0.842649170698785	0.279	0.183	6.71217187684083e-109	"1"	"SYNE3"
3.01964391072746e-112	0.659726588816202	0.373	0.269	1.10521986776536e-107	"1"	"PLEKHA4"
4.02553514958053e-112	0.855861196974362	0.274	0.179	1.47338612009797e-107	"1"	"LTC4S"
3.63302421088453e-111	0.706074883669854	0.409	0.312	1.32972319142585e-106	"1"	"SAMD9"
4.47854827020587e-111	0.755163433021878	0.282	0.183	1.63919345237805e-106	"1"	"GAP43"
1.65930165166473e-110	0.616470111212922	0.464	0.364	6.07320997525809e-106	"1"	"APCDD1L-DT"
5.31857528103686e-110	0.652536648508252	0.799	0.777	1.9466517386123e-105	"1"	"PRSS23"
1.41911202654755e-108	0.566089112580234	0.48	0.382	5.19409192836668e-104	"1"	"PROS1"
2.68823096985242e-108	0.555980715125865	0.502	0.407	9.83919417275684e-104	"1"	"ASAP3"
4.24335732177536e-108	0.510127043875579	0.564	0.481	1.553111213343e-103	"1"	"PLEKHM2"
2.60258473547472e-107	0.543078610266281	0.487	0.386	9.52572039031104e-103	"1"	"FLRT2"
1.04321265525963e-106	0.757591915535932	0.303	0.208	3.81826263951578e-102	"1"	"IRAK3"
6.75404715722349e-106	0.521008962959649	0.528	0.441	2.47204880001537e-101	"1"	"PYM1"
8.42221342731613e-106	0.523159311991273	0.517	0.425	3.08261433653198e-101	"1"	"PIK3R2"
1.02340087422214e-104	0.548733615956317	0.508	0.42	3.74574953974047e-100	"1"	"HIBCH"
1.20446771356284e-104	0.698152790337072	0.369	0.274	4.40847227841133e-100	"1"	"NOMO1"
2.17978856251815e-104	0.874696388583684	0.254	0.165	7.97824411767267e-100	"1"	"ADGRL2"
6.58962469167723e-104	0.529945392737293	0.475	0.378	2.41186853340078e-99	"1"	"BAIAP2"
7.08636395725762e-104	0.649257674133513	0.398	0.3	2.59368007199586e-99	"1"	"ITPRIP"
7.12083905330076e-104	0.60475978427215	0.407	0.307	2.60629830189861e-99	"1"	"ALDH3A2"
3.42478396426945e-102	0.623023425951207	0.403	0.305	1.25350517876226e-97	"1"	"TLE1"
1.13119496160702e-101	0.630563597660764	0.348	0.247	4.14028667897787e-97	"1"	"DBP"
1.29518350264847e-101	0.546090236042591	0.482	0.389	4.74050113804367e-97	"1"	"FLT3LG"
6.28667256238132e-101	0.506485182610885	0.536	0.45	2.30098502455719e-96	"1"	"RHBDF1"
8.97693366553782e-101	0.543650799706922	0.459	0.36	3.2856474909235e-96	"1"	"PTGFRN"
9.00760316398547e-101	0.542789078331366	0.507	0.42	3.29687283405032e-96	"1"	"B4GAT1"
1.96162145992633e-99	1.57105496553895	0.445	0.357	7.17973070547637e-95	"1"	"IGFBP5"
5.33699072421151e-99	0.640812604042649	0.34	0.244	1.95339197496865e-94	"1"	"LINC02482"
1.92533511502302e-98	0.638987684311005	0.41	0.318	7.04691905449576e-94	"1"	"RRM2B"
2.87911168348219e-97	0.710269688990446	0.29	0.199	1.05378366727132e-92	"1"	"HOXA7"
3.20383008281609e-96	0.686356791766625	0.318	0.226	1.17263384861152e-91	"1"	"GPR137B"
1.48574596447599e-95	0.621069434335412	0.355	0.255	5.43797880457857e-91	"1"	"CXCL3"
1.44777242912532e-94	0.624268676034223	0.444	0.358	5.29899186784159e-90	"1"	"NNT"
2.86811659753331e-94	0.742227646400641	0.403	0.316	1.04975935586317e-89	"1"	"FAM13A"
2.07012297526727e-92	0.645684017293272	0.324	0.232	7.57685710177574e-88	"1"	"PPP1R3F"
2.67886319533038e-92	0.502594890887577	0.501	0.417	9.80490718122871e-88	"1"	"JAM3"
1.04731384859288e-91	0.642075987783132	0.323	0.231	3.83327341723482e-87	"1"	"BTN3A3"
1.60265908896973e-91	0.625996386413571	0.411	0.32	5.8658925315381e-87	"1"	"BMPER"
3.08480499032842e-91	0.537542187104076	0.488	0.396	1.12906947451011e-86	"1"	"FOSL1"
5.99927739125873e-91	0.668289836658358	0.363	0.275	2.19579551797461e-86	"1"	"ARSB"
8.6076271771194e-91	0.783732122396549	0.277	0.191	3.15047762309747e-86	"1"	"NYNRIN"
1.06529445136703e-90	0.714518400504736	0.267	0.181	3.89908422144846e-86	"1"	"DLGAP1-AS1"
1.04565936432216e-89	0.656009631028781	0.341	0.252	3.82721783935553e-85	"1"	"PLCD1"
3.09821144576719e-88	0.6281790198612	0.374	0.286	1.13397637126525e-83	"1"	"MAPKAPK3"
1.78135121662112e-86	0.559095114594752	0.418	0.33	6.51992358795497e-82	"1"	"RPA2"
1.86936909851559e-86	0.580180384927772	0.372	0.282	6.84207783747693e-82	"1"	"DGLUCY"
3.41885869432123e-85	0.63986679912702	0.316	0.228	1.25133647070851e-80	"1"	"ZFPM2"
4.07390436354778e-85	0.514666040098082	0.451	0.366	1.49108973610212e-80	"1"	"KYAT3"
5.83081547880086e-85	0.574836446799201	0.405	0.317	2.1341367733959e-80	"1"	"LHFPL2"
1.23789051404346e-84	0.566685229684585	0.326	0.237	4.53080307045047e-80	"1"	"NOTCH3"
2.74120908713195e-84	0.500348091791414	0.489	0.409	1.00330993798116e-79	"1"	"C1GALT1C1"
6.01208447075265e-84	0.65934193076503	0.272	0.188	2.20048303714018e-79	"1"	"SPATA18"
8.4005464886925e-84	0.594634813204768	0.3	0.211	3.07468402032634e-79	"1"	"DEPP1"
1.47423949030218e-83	0.617798056669124	0.343	0.257	5.39586395845502e-79	"1"	"TPCN1"
2.80033038174979e-83	0.642781706237531	0.315	0.23	1.02494892302424e-78	"1"	"AC245297.3"
2.17521943324175e-82	0.643419607148646	0.338	0.251	7.96152064760811e-78	"1"	"TCF7"
1.11565238540357e-81	0.538775933699728	0.444	0.363	4.0833992958156e-77	"1"	"GSR"
7.55191421688809e-81	0.579826458407396	0.494	0.42	2.76407612252321e-76	"1"	"MSMO1"
3.67309420948257e-80	0.59258617717962	0.37	0.285	1.34438921161272e-75	"1"	"HIST1H2BK"
4.87122510174299e-80	0.719395222781739	0.268	0.188	1.78291709948895e-75	"1"	"HSPB8"
1.01679883852135e-79	0.668443538222688	0.287	0.206	3.72158542887198e-75	"1"	"GM2A"
5.70857194543405e-79	0.661076174029755	0.28	0.198	2.08939441774832e-74	"1"	"WDFY3-AS2"
7.17493519430751e-78	0.603503944659526	0.35	0.262	2.62609803046849e-73	"1"	"FBXO32"
3.32466649790836e-77	0.532750663062464	0.402	0.32	1.21686118489944e-72	"1"	"IQCK"
3.75650434734066e-76	0.552738141847654	0.368	0.28	1.37491815617015e-71	"1"	"CSTA"
7.44998903284477e-76	0.600736260941262	0.329	0.248	2.72677048591151e-71	"1"	"PIGV"
1.14875781863934e-75	0.668984491493281	0.307	0.229	4.20456849200184e-71	"1"	"SGMS2"
2.45172669067255e-74	0.608073079459569	0.289	0.209	8.9735648605306e-70	"1"	"BTN3A2"
2.33530766964564e-73	0.601253747103803	0.352	0.271	8.54745960167001e-69	"1"	"TSHZ1"
3.77922006097136e-73	0.668251271490427	0.251	0.174	1.38323233451613e-68	"1"	"S1PR3"
4.02545020089362e-73	0.542043109745725	0.379	0.296	1.47335502802907e-68	"1"	"STEAP3"
6.34995766636063e-73	0.553578993928127	0.355	0.274	2.32414800546465e-68	"1"	"SESN1"
8.39781417414757e-73	0.551376006673397	0.389	0.311	3.07368396587975e-68	"1"	"TBCD"
1.70377331277497e-72	0.636020321972097	0.379	0.304	6.23598070208767e-68	"1"	"TRAFD1"
6.28924007583442e-72	0.556609681295798	0.512	0.431	2.30192476015615e-67	"1"	"C11orf96"
6.88731706920428e-72	0.540506243088673	0.348	0.266	2.52082692049946e-67	"1"	"C5orf56"
9.62258237145979e-72	0.63347743941089	0.311	0.235	3.521961373778e-67	"1"	"LRRC8D"
1.26378457458298e-71	0.512103428987286	0.397	0.317	4.62557792143117e-67	"1"	"AUH"
5.38245550305975e-71	0.635467817122317	0.299	0.223	1.9700325386749e-66	"1"	"STIM1"
1.19620447869346e-70	0.676668619154655	0.277	0.201	4.37822801246595e-66	"1"	"SLC27A3"
4.37758497602155e-69	0.501477565510616	0.397	0.319	1.60223987707365e-64	"1"	"TMEM150A"
6.34736592188333e-69	0.574695947260659	0.313	0.234	2.32319940106852e-64	"1"	"IFIT1"
1.46625356761817e-68	0.626275112159982	0.267	0.192	5.36663468283926e-64	"1"	"CHEK2"
5.8953967316997e-67	0.536460761027773	0.48	0.415	2.15777415776941e-62	"1"	"SYT11"
1.64062954404709e-65	0.502122454084233	0.398	0.323	6.00486819416674e-61	"1"	"GNPTAB"
6.85818732940784e-65	0.55112130028727	0.332	0.255	2.51016514443656e-60	"1"	"MAP3K12"
9.63239830464058e-65	0.568682854981616	0.326	0.25	3.5255541034815e-60	"1"	"CLK1"
1.48817581522601e-64	0.53387866265707	0.373	0.299	5.44687230130872e-60	"1"	"CUL4B"
1.78258370323718e-62	0.515897899367745	0.407	0.335	6.52443461221841e-58	"1"	"MAP3K8"
2.38451868907375e-62	0.624292888173015	0.291	0.22	8.72757685387882e-58	"1"	"HOXA9"
4.20913533495594e-62	0.569035599042869	0.313	0.241	1.54058562394722e-57	"1"	"MGST2"
9.78200675451095e-62	0.516922165425177	0.451	0.381	3.58031229221855e-57	"1"	"QPCT"
1.85248568669463e-61	0.758096387785766	0.257	0.191	6.78028286187103e-57	"1"	"DGAT2"
1.97953965520252e-61	0.502171017540775	0.371	0.299	7.24531309200673e-57	"1"	"BTD"
7.30850305506972e-60	0.54536181165274	0.342	0.272	2.67498520318607e-55	"1"	"SPR"
1.42473727165944e-59	0.526810740539668	0.325	0.251	5.2146808880007e-55	"1"	"MICALL2"
2.21861086863174e-59	0.629913910575822	0.262	0.193	8.12033764027902e-55	"1"	"DMPK"
4.27595543842064e-59	0.530755298885969	0.346	0.274	1.56504245001634e-54	"1"	"NNT-AS1"
1.83135520600729e-58	0.645581215717074	0.332	0.265	6.70294318950728e-54	"1"	"HLA-DPB1"
3.43211642034116e-58	0.546819684706334	0.312	0.242	1.25618893100907e-53	"1"	"IGSF8"
1.72977087042094e-57	0.589859242704711	0.35	0.275	6.33113436282767e-53	"1"	"ICAM1"
3.48043754994605e-57	0.505773938651293	0.33	0.259	1.27387494765575e-52	"1"	"KLHL24"
4.75380071342559e-57	0.571560309122401	0.296	0.229	1.7399385991209e-52	"1"	"ADAMTS7"
3.81231818176108e-56	0.565327434472993	0.327	0.259	1.39534657770637e-51	"1"	"HAND2"
1.26285422325353e-55	0.601660060684066	0.298	0.232	4.62217274253023e-51	"1"	"DOCK11"
1.64328681306314e-54	0.767892066156257	0.313	0.248	6.0145940644924e-50	"1"	"NMB"
3.41680255316778e-54	0.513084688998696	0.326	0.259	1.25058390248494e-49	"1"	"ACOX2"
2.43856165811873e-53	0.545787140119035	0.347	0.28	8.92537952488036e-49	"1"	"SSX2IP"
5.92648318644436e-53	0.532404802280531	0.302	0.235	2.1691521110705e-48	"1"	"CROT"
7.05204534259142e-52	0.560299382515143	0.262	0.197	2.58111911584189e-47	"1"	"AL162258.2"
7.84606282422406e-52	0.519188268713934	0.326	0.261	2.87173745429425e-47	"1"	"RETSAT"
3.76787789939924e-51	0.592619702770761	0.493	0.447	1.37908098995911e-46	"1"	"FADS1"
2.7440334567401e-50	0.525177516847855	0.296	0.232	1.00434368550144e-45	"1"	"FGGY"
5.96835003665531e-50	0.521979757678673	0.281	0.215	2.18447579691621e-45	"1"	"TNFAIP3"
1.18609400312095e-49	0.551884734625433	0.264	0.2	4.34122266082299e-45	"1"	"AC090204.1"
4.23849303581872e-48	0.554983766406142	0.274	0.211	1.55133083604001e-43	"1"	"TBX18"
4.85585741667739e-48	0.557298915113039	0.264	0.203	1.77729237307809e-43	"1"	"PCNX2"
7.99074441430276e-48	0.544555029736467	0.3	0.239	2.92469236307895e-43	"1"	"AC073611.1"
6.10296390369664e-46	0.536298080719846	0.319	0.258	2.23374581839201e-41	"1"	"PORCN"
3.97592774690683e-45	0.512347171041736	0.313	0.255	1.45522931464537e-40	"1"	"SIRT6"
1.66464908366701e-43	0.538963348004812	0.25	0.193	6.09278211112964e-39	"1"	"CARMIL1"
9.8915603278609e-42	0.537144861893775	0.251	0.195	3.62040999560037e-37	"1"	"ACAP3"
3.23267132663654e-40	0.524767467631135	0.286	0.23	1.18319003226224e-35	"1"	"JARID2"
5.06783908715687e-39	0.545051739784391	0.295	0.241	1.85487978429029e-34	"1"	"EMILIN2"
8.67433524702718e-39	0.555061028908022	0.308	0.255	3.17489344376442e-34	"1"	"DOCK5"
3.24291886288028e-38	0.531454743480597	0.288	0.234	1.18694073300281e-33	"1"	"PRIM2"
4.9113282931841e-36	0.505428564976353	0.262	0.21	1.79759526858831e-31	"1"	"SAMD9L"
4.17768316803133e-35	0.504579398806265	0.335	0.285	1.52907381633115e-30	"1"	"HS2ST1"
2.21593666724146e-32	0.522468919231499	0.309	0.262	8.11054979577047e-28	"1"	"DHCR7"
4.38738482832548e-19	0.619471812467843	0.312	0.274	1.60582672101541e-14	"1"	"CHI3L1"
0	1.97094837019207	0.831	0.437	0	"2"	"COMP"
0	1.63294326895016	0.647	0.257	0	"2"	"JCAD"
0	1.51411969521452	0.705	0.355	0	"2"	"MIR503HG"
0	1.55183633381937	0.524	0.182	0	"2"	"GSTT2B"
0	0.833870339920512	0.821	0.492	0	"2"	"HOXC10"
0	1.0474548295531	0.782	0.467	0	"2"	"ARHGAP29"
0	0.972762955122555	0.671	0.357	0	"2"	"POMZP3"
0	1.09846752456241	0.62	0.31	0	"2"	"MYO1D"
0	1.83824281497332	0.455	0.168	0	"2"	"RFLNB"
0	0.856364222359021	0.908	0.621	0	"2"	"TRIB3"
0	1.67021700861374	0.971	0.69	0	"2"	"ENPP2"
0	0.738966732568443	0.761	0.487	0	"2"	"ADAM33"
0	0.582140511212092	0.764	0.493	0	"2"	"NDN"
0	0.818362298879892	0.668	0.398	0	"2"	"CBWD5"
0	2.09068667445311	0.405	0.136	0	"2"	"RARRES2"
0	1.24541518170077	0.519	0.254	0	"2"	"CDKN1C"
0	1.62166304268715	0.428	0.168	0	"2"	"SBF2-AS1"
0	1.00651409185813	0.538	0.278	0	"2"	"MOCOS"
0	0.936781920321587	0.815	0.555	0	"2"	"LMCD1"
0	0.894539254003812	0.737	0.48	0	"2"	"IRX3"
0	0.999153222992925	0.546	0.292	0	"2"	"WNT2"
0	0.782529503008127	0.676	0.423	0	"2"	"HTATIP2"
0	0.728645522690923	0.6	0.347	0	"2"	"APBB1IP"
0	0.682651533717101	0.827	0.575	0	"2"	"NFIB"
0	1.21573181867887	0.457	0.211	0	"2"	"SERAC1"
0	1.86058605650067	0.618	0.372	0	"2"	"H19"
0	0.816517297086304	0.792	0.551	0	"2"	"SH2D4A"
0	0.95493937478781	0.762	0.525	0	"2"	"OLFM2"
0	2.21523088274798	0.327	0.091	0	"2"	"AC078850.1"
0	0.98825630444432	0.627	0.394	0	"2"	"PRPS1"
0	0.612929453947245	0.804	0.576	0	"2"	"EMX2OS"
0	1.2200058042255	0.717	0.49	0	"2"	"PI16"
0	0.626128049623391	0.837	0.616	0	"2"	"TSEN15"
0	0.759730029140852	0.864	0.648	0	"2"	"GREM1"
0	1.63959224524018	0.336	0.122	0	"2"	"MEGF6"
0	1.0873960286647	0.542	0.329	0	"2"	"RDH10"
0	0.686658023209	0.837	0.624	0	"2"	"TCF7L2"
0	0.703303652644692	0.836	0.625	0	"2"	"TMEM45A"
0	0.861780520700778	0.336	0.13	0	"2"	"HLA-DRB1"
0	1.3005144277238	0.337	0.136	0	"2"	"STXBP6"
0	0.551003638953454	0.88	0.679	0	"2"	"LINC01133"
0	0.79929951918657	0.846	0.646	0	"2"	"MME"
0	0.69811775623732	0.324	0.131	0	"2"	"CD36"
0	0.592580366887519	0.876	0.685	0	"2"	"VGLL3"
0	0.660489388702357	0.919	0.744	0	"2"	"MKNK2"
0	1.08093930816583	0.916	0.749	0	"2"	"ADM"
0	0.732144911545667	0.925	0.763	0	"2"	"EPB41L4A-AS1"
0	0.598112099759387	0.907	0.751	0	"2"	"NEK7"
0	0.76446213390983	0.924	0.776	0	"2"	"PGRMC2"
0	0.536995380841277	0.981	0.838	0	"2"	"PSAT1"
0	0.595249728715396	0.948	0.811	0	"2"	"EFEMP1"
0	0.511484459950076	0.979	0.858	0	"2"	"DDIT4"
0	0.727358433946005	0.959	0.855	0	"2"	"TSPAN3"
0	0.661764451304529	0.96	0.859	0	"2"	"POSTN"
0	0.846519422728715	0.981	0.884	0	"2"	"NREP"
0	0.721930563485936	0.984	0.888	0	"2"	"ASS1"
0	0.534640873310338	0.967	0.875	0	"2"	"TWIST2"
0	0.689344774770376	0.976	0.893	0	"2"	"SLIT3"
0	0.502075432679833	0.971	0.892	0	"2"	"COL16A1"
0	0.672961741210992	0.982	0.921	0	"2"	"MFAP4"
0	0.666405045410684	0.989	0.929	0	"2"	"PTX3"
0	0.78193072381552	0.995	0.937	0	"2"	"COL12A1"
0	0.682752745704922	0.976	0.922	0	"2"	"CITED2"
0	0.515754207985251	0.995	0.956	0	"2"	"SEPTIN11"
0	0.600261613422997	0.997	0.962	0	"2"	"SNHG5"
0	0.557117617293779	0.994	0.963	0	"2"	"DAB2"
0	0.722627767170107	0.999	0.996	0	"2"	"ZFAS1"
0	0.800321224104401	1	1	0	"2"	"RPS26"
5.7859182932214e-317	0.750289109615167	0.702	0.48	2.11770395450196e-312	"2"	"ARL4D"
1.11636877755965e-314	0.626170204208689	0.777	0.545	4.08602136274606e-310	"2"	"DDIT3"
8.91547283112222e-302	0.660520856810463	0.741	0.509	3.26315221091904e-297	"2"	"RPS6KA2"
6.0424771669326e-299	0.697632241023148	0.769	0.559	2.211607067869e-294	"2"	"MIR22HG"
1.9408928075456e-295	0.815856482602313	0.445	0.235	7.10386176489764e-291	"2"	"PEAR1"
8.36540066165869e-291	0.815567764140685	0.485	0.269	3.0618202961737e-286	"2"	"GPR1"
3.50725378535218e-289	0.865518019181141	0.673	0.464	1.28368995797675e-284	"2"	"RABGAP1"
5.71730755872846e-289	0.649670672420188	0.681	0.445	2.0925917395702e-284	"2"	"EMX2"
2.64685087845445e-281	1.22427717316827	0.268	0.116	9.68773890023114e-277	"2"	"FNDC1"
1.39406595279883e-280	1.1872473295362	0.452	0.263	5.10242079383899e-276	"2"	"KRT7"
3.43506627309726e-279	0.543481531280968	0.932	0.852	1.25726860661633e-274	"2"	"DUSP1"
6.34550209655971e-278	0.565539873561427	0.755	0.542	2.32251722236182e-273	"2"	"RRP7A"
4.62850161658785e-277	0.656500586531145	0.636	0.399	1.69407787668732e-272	"2"	"RUNX1T1"
3.76262619256376e-271	0.608485722098908	0.494	0.282	1.37715881274026e-266	"2"	"ACKR4"
8.31896525289093e-271	0.566128378612104	0.669	0.427	3.04482447221061e-266	"2"	"UNC5B"
4.19988688827107e-270	0.619193626362203	0.82	0.642	1.5372005999761e-265	"2"	"GADD45B"
9.19909807574081e-269	1.13960993102011	0.252	0.107	3.3669618867019e-264	"2"	"INHBE"
2.31834162947296e-268	0.659638852596327	0.683	0.466	8.48536219803397e-264	"2"	"JADE1"
1.67271398668913e-264	0.945168987202329	0.357	0.18	6.12230046268088e-260	"2"	"PKP4"
7.51980999090252e-264	0.82849128508944	0.383	0.196	2.75232565477023e-259	"2"	"ARHGAP26"
2.16353728559954e-261	0.978969500988574	0.398	0.213	7.91876281902286e-257	"2"	"FSTL3"
2.40383304670698e-261	0.75113044305546	0.486	0.277	8.79826933425222e-257	"2"	"PKDCC"
1.42994754363238e-260	0.551935963549292	0.623	0.393	5.23375100444888e-256	"2"	"KCNMA1"
8.92219330550254e-257	0.640465941379165	0.609	0.387	3.26561197174699e-252	"2"	"RAB3B"
3.06251361651052e-256	0.648097831359657	0.726	0.534	1.12091060877902e-251	"2"	"KLF2"
3.70513223779106e-256	0.532403387735428	0.811	0.621	1.35611545035391e-251	"2"	"SDC2"
1.62454427515959e-245	0.661169023367217	0.526	0.312	5.94599450151163e-241	"2"	"SIX1"
1.72931059978567e-243	0.747614133049483	0.278	0.125	6.32944972627554e-239	"2"	"CPXM1"
2.60948532670127e-241	1.01830163770151	0.261	0.117	9.5509772442593e-237	"2"	"MAP6"
3.69569502955078e-240	0.510074574702038	0.691	0.459	1.35266133776588e-235	"2"	"PODN"
3.89624341945453e-236	0.580944386715274	0.539	0.331	1.42606405395455e-231	"2"	"ASPN"
2.58887369976709e-232	0.620873027095694	0.551	0.338	9.47553662851754e-228	"2"	"LITAF"
1.56033934900077e-231	0.961064676916806	0.253	0.114	5.71099805127772e-227	"2"	"IL20RB"
1.06333957102363e-228	0.556616714108007	0.648	0.433	3.89192916390358e-224	"2"	"FZD2"
2.73932092963167e-224	0.624850414943051	0.756	0.571	1.00261885345449e-219	"2"	"CTSC"
6.14091831411032e-221	0.613144902131218	0.597	0.388	2.24763751214752e-216	"2"	"STARD10"
6.57596354469135e-220	0.910009660096497	0.291	0.142	2.40686841699248e-215	"2"	"ATP10A"
4.71700560370421e-214	0.759350371726738	0.535	0.342	1.72647122101178e-209	"2"	"ADAMTS5"
9.29923266514635e-213	0.879617270225673	0.3	0.151	3.40361214777022e-208	"2"	"SEMA3D"
4.07478565617815e-202	0.54533695107538	0.593	0.387	1.49141229801776e-197	"2"	"BACE2"
4.04031028638921e-196	0.80401576797596	0.313	0.164	1.47879396792131e-191	"2"	"SOCS2"
1.46236665279127e-195	0.531168707327176	0.653	0.451	5.35240818588134e-191	"2"	"ME1"
6.43039291283595e-192	0.521926519568348	0.753	0.571	2.35358811002709e-187	"2"	"KLF4"
2.19981124127001e-188	0.538592012830827	0.578	0.38	8.05152912417237e-184	"2"	"PRR16"
2.56839156035021e-186	0.566557578499526	0.502	0.313	9.40056995003779e-182	"2"	"CDKN2C"
2.94678210023634e-184	0.613504751685258	0.383	0.215	1.0785517165075e-179	"2"	"U2AF1L4"
1.0860855894513e-183	0.596888748639906	0.423	0.249	3.97518186595072e-179	"2"	"PTER"
2.13525474041834e-183	0.597420770173671	0.566	0.378	7.81524587540516e-179	"2"	"CTIF"
2.14613173620735e-183	0.560936679051716	0.897	0.795	7.85505676769251e-179	"2"	"TP53I3"
3.33026602633721e-183	0.515000936498865	0.648	0.457	1.21891066829968e-178	"2"	"DDAH1"
3.59901308061901e-181	0.748756719009025	0.317	0.173	1.31727477763736e-176	"2"	"NEDD9"
1.40763380661705e-180	0.653183147147951	0.343	0.188	5.15208049559905e-176	"2"	"MIR99AHG"
5.35637335726184e-180	0.698035997397842	0.291	0.15	1.96048621249141e-175	"2"	"AC145124.1"
8.45677289390021e-180	0.546182404287824	0.602	0.409	3.09526344689642e-175	"2"	"NDST1"
4.0624715682403e-177	0.507567585126941	0.59	0.396	1.48690521869163e-172	"2"	"ALPK2"
9.31505786488628e-177	0.688978506072599	0.313	0.167	3.40940432912703e-172	"2"	"DCAF4"
7.40936485789889e-176	0.672616185119006	0.403	0.24	2.71190163163957e-171	"2"	"CHN1"
2.34649397435334e-175	0.765693249809391	0.29	0.152	8.58840259553067e-171	"2"	"AC009093.1"
1.15920728199922e-170	0.541593933695387	0.461	0.281	4.24281457284534e-166	"2"	"VDR"
1.40353492450418e-169	0.78823235487834	0.251	0.127	5.13707817717774e-165	"2"	"HRCT1"
3.2660503985648e-168	0.534425683225251	0.541	0.356	1.1954071063787e-163	"2"	"SNX24"
2.67223726637289e-165	0.685322048229826	0.289	0.154	9.78065561865143e-161	"2"	"KCNK15"
4.01464576709157e-165	0.763542016949174	0.255	0.13	1.46940049721318e-160	"2"	"CCN4"
1.02591625596799e-164	0.682066145139792	0.343	0.197	3.75495608846843e-160	"2"	"STARD4-AS1"
7.58526567397506e-164	0.673119830950248	0.317	0.175	2.77628308933161e-159	"2"	"SCN8A"
7.79725233470821e-160	0.79472944723845	0.277	0.152	2.85387232702655e-155	"2"	"TNFRSF11B"
4.45179278547077e-158	0.694650638777601	0.407	0.259	1.62940067741016e-153	"2"	"CHI3L1"
9.42796651990135e-158	0.534100047969419	0.594	0.435	3.45073002594909e-153	"2"	"MEST"
1.33651554844131e-157	0.74407791636652	0.283	0.153	4.89178055885002e-153	"2"	"LINC01615"
2.70910496803291e-156	0.609843291115573	0.357	0.208	9.91559509349724e-152	"2"	"PTGIR"
1.17345341588004e-155	0.572337213058067	0.401	0.245	4.29495684746254e-151	"2"	"HMGB3"
2.45567504526865e-155	0.588734617403718	0.419	0.258	8.9880162331878e-151	"2"	"SKP2"
3.00876513617351e-154	0.53499743571391	0.669	0.5	1.10123812749087e-149	"2"	"LIPA"
9.42439654104683e-151	0.537484468006448	0.391	0.242	3.44942337798855e-146	"2"	"ACKR3"
6.34191451704425e-150	0.595604423377595	0.278	0.149	2.32120413238337e-145	"2"	"NOVA1"
1.07176043972638e-149	0.507598664351485	0.454	0.286	3.92275038544252e-145	"2"	"MAPK12"
3.86209395001383e-148	0.613847466623016	0.639	0.481	1.41356500664456e-143	"2"	"PSG5"
4.7737742995369e-147	0.519594833109468	0.414	0.253	1.7472491313735e-142	"2"	"GTF2H2"
1.43390865850688e-141	0.543649583899207	0.406	0.258	5.24824908100102e-137	"2"	"COL11A1"
1.31202343266162e-139	0.600650886450274	0.328	0.192	4.80213696588478e-135	"2"	"AJUBA"
1.80042881341658e-138	0.523206754886991	0.456	0.295	6.58974949998601e-134	"2"	"ACSL1"
1.19601610828087e-137	0.507357410854968	0.602	0.432	4.37753855791883e-133	"2"	"DAAM1"
1.84955147132372e-137	0.646795480267424	0.358	0.218	6.76954334019194e-133	"2"	"ACVR2A"
2.60897625738932e-134	0.551206382125499	0.323	0.188	9.54911399967063e-130	"2"	"ACVRL1"
4.54674818002265e-133	0.547404700180679	0.32	0.188	1.66415530137009e-128	"2"	"SULF2"
2.53994976043395e-132	0.506561875192959	0.486	0.325	9.29647011816428e-128	"2"	"HSD3B7"
1.92825331521039e-130	0.609180661744014	0.349	0.213	7.05759995900157e-126	"2"	"IRX5"
8.25700901820459e-130	0.628623620158804	0.496	0.34	3.02214787075306e-125	"2"	"PTGS1"
8.30793721662599e-130	0.517411368521878	0.339	0.201	3.04078810065728e-125	"2"	"TCFL5"
3.43070393649335e-129	0.551288818949669	0.287	0.165	1.25567194779593e-124	"2"	"DDIT4-AS1"
7.06946272295148e-129	0.692336497435754	0.395	0.254	2.58749405122747e-124	"2"	"GPAM"
6.75076102737675e-128	0.561211842910054	0.475	0.324	2.47084604363016e-123	"2"	"F3"
3.39118509265482e-125	0.501981795781776	0.348	0.21	1.24120765576259e-120	"2"	"RMND5A"
6.41155865816163e-124	0.617154149802265	0.291	0.17	2.34669458447374e-119	"2"	"NHSL1"
2.77247355717452e-119	0.500555729257772	0.384	0.243	1.01475304666144e-114	"2"	"VSTM4"
1.00147194626423e-112	0.556471469047158	0.638	0.488	3.66548747052169e-108	"2"	"SMYD3"
6.9216640366651e-112	0.578513461954215	0.286	0.172	2.53339825405979e-107	"2"	"RNF212"
3.74585333874394e-111	0.578749920768807	0.265	0.155	1.37101978051367e-106	"2"	"FMOD"
1.13570957488583e-108	0.566282099638401	0.331	0.208	4.15681061503963e-104	"2"	"MAP3K7CL"
3.40645914020344e-93	0.522146874713457	0.401	0.281	1.24679810990586e-88	"2"	"KRT18"
2.9673117855549e-90	0.522059430024074	0.259	0.159	1.08606578663095e-85	"2"	"MTCL1"
0	2.01844768377695	0.566	0.208	0	"3"	"CRISPLD2"
0	1.59267299386331	0.62	0.29	0	"3"	"SUSD2"
0	1.87590194883337	0.716	0.388	0	"3"	"CXCL6"
0	1.33498967396929	0.648	0.329	0	"3"	"C3"
0	1.22724848630475	0.657	0.36	0	"3"	"NRP2"
0	1.2599567062261	0.545	0.285	0	"3"	"SYNPO2"
0	1.14826564186024	0.567	0.307	0	"3"	"KIF26B"
0	1.35004808498993	0.555	0.297	0	"3"	"ANGPT1"
0	0.917276076017461	0.665	0.416	0	"3"	"PODNL1"
0	1.00649958677724	0.55	0.301	0	"3"	"U2AF1"
0	1.13048939772414	0.718	0.469	0	"3"	"PSG5"
0	1.29818362045204	0.45	0.202	0	"3"	"MRVI1"
0	1.04527051732051	0.727	0.481	0	"3"	"HMCN1"
0	1.12462554817585	0.755	0.509	0	"3"	"CFB"
0	1.6774213927017	0.515	0.275	0	"3"	"CXCL1"
0	1.34113879665681	0.666	0.435	0	"3"	"OLFML2B"
0	1.75057579051149	0.36	0.13	0	"3"	"PTPRN"
0	0.891954662384906	0.675	0.45	0	"3"	"PDZRN3"
0	1.29975647334619	0.378	0.153	0	"3"	"THNSL2"
0	1.08184880115261	0.464	0.242	0	"3"	"LMOD1"
0	2.71419286897781	0.3	0.084	0	"3"	"CXCL5"
0	0.813787943820145	0.685	0.473	0	"3"	"LACC1"
0	0.924621085568351	0.861	0.65	0	"3"	"GREM1"
0	0.78686459012221	0.79	0.581	0	"3"	"NFKBIZ"
0	1.01753336007283	0.418	0.209	0	"3"	"LY6K"
0	0.616995604170234	0.825	0.623	0	"3"	"MARCKSL1"
0	0.944329905002546	0.713	0.523	0	"3"	"IFI27"
0	2.05403178251155	0.285	0.109	0	"3"	"MMP3"
0	1.49122555152167	0.266	0.095	0	"3"	"LINC01436"
0	0.699795778600999	0.864	0.699	0	"3"	"PTK7"
0	0.734060648170035	0.873	0.722	0	"3"	"ACLY"
0	0.661416866879617	0.876	0.735	0	"3"	"TWSG1"
0	0.612734615423296	0.93	0.818	0	"3"	"GAS6"
0	1.14252875661996	0.963	0.861	0	"3"	"SOD2"
0	0.73939073526434	0.963	0.874	0	"3"	"OSBPL8"
0	0.77528093939559	0.921	0.834	0	"3"	"GLS"
0	0.568847322896349	0.968	0.893	0	"3"	"COL16A1"
0	0.542748475065188	0.979	0.914	0	"3"	"FGF7"
0	0.912496708373158	0.975	0.92	0	"3"	"THBS1"
0	0.529819546609996	0.985	0.939	0	"3"	"THBS2"
0	0.705341319820069	0.985	0.946	0	"3"	"MYH9"
0	0.578580173678753	0.975	0.936	0	"3"	"P4HA1"
0	0.513069618455809	0.982	0.95	0	"3"	"CNN3"
0	0.525975797542238	0.992	0.962	0	"3"	"CTHRC1"
0	0.53547293385618	0.997	0.973	0	"3"	"CNN2"
0	0.909605376115883	0.993	0.971	0	"3"	"LUM"
0	0.520570601139541	0.992	0.979	0	"3"	"THY1"
0	0.621718460098051	0.997	0.989	0	"3"	"HIF1A"
0	0.68239439652476	1	1	0	"3"	"COL3A1"
1.62597004046354e-320	1.36649794900426	0.408	0.215	5.95121294510061e-316	"3"	"COL15A1"
1.05280448472311e-319	0.5192548528972	0.923	0.804	3.85336969453506e-315	"3"	"DSE"
2.98403046473488e-316	0.988042076159883	0.599	0.379	1.09218499039761e-311	"3"	"PITX2"
8.54262684526031e-310	0.824077099239386	0.788	0.62	3.12668685163373e-305	"3"	"CCDC71L"
5.06413092608596e-291	0.816814340560201	0.591	0.389	1.85352256025672e-286	"3"	"FBLIM1"
2.81411640065882e-290	0.890535358999087	0.747	0.599	1.02999474380514e-285	"3"	"PCSK7"
9.72974693944845e-289	1.03258564096286	0.508	0.311	3.56118467730753e-284	"3"	"KCNE4"
5.03701494143806e-283	0.882319132496718	0.549	0.35	1.84359783871574e-278	"3"	"SERINC2"
1.56149176073046e-282	1.10256398948713	0.318	0.151	5.71521599344955e-278	"3"	"RARRES2"
1.55694423364559e-280	1.07809359789082	0.513	0.318	5.69857158956621e-276	"3"	"F3"
1.00724991952894e-274	0.65476168777534	0.7	0.491	3.68663543046789e-270	"3"	"NRN1"
2.22344686448918e-273	0.8277322153976	0.543	0.346	8.13803786871686e-269	"3"	"ITPR2"
3.14501805182822e-268	1.20448966824803	0.378	0.204	1.15110805714965e-263	"3"	"LIMCH1"
4.146706812448e-266	0.911577059283799	0.613	0.415	1.51773616042409e-261	"3"	"CSRP2"
1.87894071735448e-265	0.52234572824658	0.899	0.773	6.87711091958914e-261	"3"	"IL1R1"
7.8540253700023e-263	0.910939143091937	0.515	0.323	2.87465182567454e-258	"3"	"SFRP1"
1.65793886170948e-261	0.709123895160335	0.827	0.671	6.06822202774288e-257	"3"	"SOX4"
4.01985034664047e-260	0.607109266848219	0.762	0.567	1.47130542537388e-255	"3"	"DHRS3"
1.68264632661227e-258	0.638101463274159	0.697	0.505	6.15865382003356e-254	"3"	"NDN"
3.46811997206746e-255	0.771593490301213	0.446	0.25	1.26936659097641e-250	"3"	"PCDH7"
2.18387810394264e-254	0.955172609572313	0.52	0.333	7.99321224824046e-250	"3"	"RDH10"
6.27110827873002e-252	0.796877849050315	0.493	0.298	2.29528834109797e-247	"3"	"C1QTNF1"
9.41774752613537e-251	1.24542381033388	0.507	0.338	3.44698977204081e-246	"3"	"MYLK"
3.9484632057617e-249	0.903427119060442	0.387	0.212	1.44517701794084e-244	"3"	"TANC1"
4.43480918606067e-247	1.04514389429062	0.339	0.176	1.62318451019007e-242	"3"	"ADARB1"
1.13119799136461e-241	0.996995701870465	0.349	0.184	4.14029776819361e-237	"3"	"TMEM132A"
7.59865474775836e-236	0.572711038164778	0.792	0.649	2.78118362422704e-231	"3"	"AMOTL2"
1.73768353410964e-233	0.543052988752851	0.76	0.592	6.36009550319471e-229	"3"	"IDH2"
2.87423110229794e-229	0.754267348902652	0.45	0.267	1.05199732575207e-224	"3"	"P3H2"
6.97748498916606e-225	0.671071547021012	0.742	0.586	2.55382928088467e-220	"3"	"ELL2"
6.0788439812335e-221	0.591684299513592	0.992	0.982	2.22491768557127e-216	"3"	"TPM1"
3.30155322548791e-220	0.703572745157714	0.555	0.377	1.20840149606083e-215	"3"	"GYS1"
1.14603599867345e-219	0.799515839104636	0.608	0.439	4.19460635874468e-215	"3"	"ALDH1B1"
2.09584444935208e-219	0.670847494702661	0.629	0.436	7.67100026907353e-215	"3"	"TNFAIP2"
3.1684977853277e-219	0.680638254911539	0.733	0.575	1.15970187440779e-214	"3"	"ANTXR1"
5.44703790339322e-219	0.526758383969	0.851	0.725	1.99367034302095e-214	"3"	"FLNC"
2.75077175125201e-218	0.565334125767001	0.768	0.607	1.00680996867575e-213	"3"	"CYP51A1"
3.70268374354261e-217	0.729200334351664	0.865	0.768	1.35521927697403e-212	"3"	"ID3"
8.64387390666493e-215	0.866033032358473	0.302	0.152	3.16374428857843e-210	"3"	"HLA-F"
7.41123503194648e-214	0.844726503863336	0.411	0.243	2.71258613404273e-209	"3"	"MARCH3"
8.55870459220456e-214	0.531869416584004	0.937	0.852	3.13257146779279e-209	"3"	"TXNRD1"
7.28596277459782e-213	0.781964044012477	0.57	0.393	2.66673523513055e-208	"3"	"SMPDL3A"
2.4587797603008e-210	1.20464928905909	0.3	0.158	8.99937980067694e-206	"3"	"SLC39A8"
4.54638333286204e-210	0.766127835789324	0.465	0.291	1.66402176366084e-205	"3"	"ABCC3"
6.01637085188987e-209	0.884653106598473	0.295	0.15	2.20205189550021e-204	"3"	"VWA1"
9.89609928973677e-203	1.03215766948093	0.29	0.15	3.62207130103656e-198	"3"	"CPM"
1.66011803992697e-201	0.96814508688839	0.321	0.173	6.07619803793669e-197	"3"	"TNFRSF21"
4.5453979487996e-199	0.574715077324277	0.863	0.734	1.66366110324014e-194	"3"	"PLPP1"
6.95423296605848e-197	0.511310218755738	0.957	0.905	2.54531880790707e-192	"3"	"PLIN2"
1.40576328481566e-196	0.515748728003938	0.832	0.7	5.14523419875381e-192	"3"	"TPST1"
1.7306805721477e-196	0.600141956018578	0.562	0.38	6.33446396211781e-192	"3"	"LTBP4"
3.75835477786344e-196	0.574329293648373	0.77	0.631	1.3755954322458e-191	"3"	"SLC39A14"
4.06367804296601e-194	0.935543480825819	0.416	0.26	1.48734680050599e-189	"3"	"STEAP2"
5.30283611018061e-193	0.510014462616677	0.823	0.72	1.94089104468721e-188	"3"	"PAPSS2"
2.43524226587496e-191	0.952994786558194	0.3	0.161	8.91323021732895e-187	"3"	"ZC3H12A"
1.35804158242361e-190	0.505075735444541	0.64	0.458	4.97056799582866e-186	"3"	"DPP4"
5.57042558127769e-190	0.655950240081384	0.492	0.325	2.03883146700345e-185	"3"	"AC022966.1"
5.12737053400597e-189	0.643701947949122	0.55	0.378	1.87666888915153e-184	"3"	"ST3GAL1"
1.0591187312314e-187	0.556580224196565	0.667	0.492	3.87648046818004e-183	"3"	"PIM1"
5.493421905408e-186	0.627451467050172	0.572	0.397	2.01064735159838e-181	"3"	"GGT5"
7.80416967206864e-185	0.684293887862642	0.73	0.583	2.85640414167384e-180	"3"	"MYH10"
3.38624213082059e-184	0.756553879110279	0.57	0.402	1.23939848230164e-179	"3"	"GAS1"
1.78579382765718e-183	0.548024543919752	0.879	0.769	6.53618398860806e-179	"3"	"NFKBIA"
2.80507925532441e-182	0.63700276521936	0.465	0.302	1.02668705824129e-177	"3"	"AL133415.1"
3.3427060945765e-182	0.892464011642903	0.308	0.169	1.22346385767594e-177	"3"	"PFKFB3"
4.91466803620492e-182	0.927530905387955	0.276	0.146	1.79881764793136e-177	"3"	"STXBP6"
3.60556355230721e-181	0.740903751439891	0.633	0.459	1.31967231577996e-176	"3"	"MGP"
2.26451325118677e-180	0.501936963312536	0.717	0.547	8.28834495066868e-176	"3"	"GNAI1"
1.48952608118072e-178	0.544044178892919	0.987	0.965	5.45181440972954e-174	"3"	"TAGLN"
3.85553795868183e-178	0.644562670418502	0.492	0.324	1.41116544825714e-173	"3"	"HEPH"
3.51120687588051e-176	0.636250050199866	0.509	0.343	1.28513682864103e-171	"3"	"PRICKLE2"
8.43242215940234e-173	0.607123889768546	0.462	0.296	3.08635083456285e-168	"3"	"GPX3"
3.59571601023767e-172	0.777010427867589	0.415	0.264	1.31606801690709e-167	"3"	"TSHZ1"
3.82441781097431e-172	0.509429979854775	0.656	0.485	1.39977516299471e-167	"3"	"TENM3"
5.47444864144704e-171	0.693655321551776	0.407	0.254	2.00370294725603e-166	"3"	"CARMN"
6.8662691190999e-170	1.0094241362722	0.323	0.189	2.51312316028176e-165	"3"	"SULF2"
1.57452336288516e-167	0.546225243138605	0.569	0.405	5.76291296049598e-163	"3"	"PACSIN2"
7.31254565947872e-167	0.701525038023243	0.427	0.273	2.6764648368258e-162	"3"	"NAB1"
1.72169996103745e-164	0.50647763735225	0.524	0.363	6.30159402739318e-160	"3"	"VIM-AS1"
3.82029569890991e-164	0.797365131740233	0.274	0.147	1.39826642875801e-159	"3"	"AMPH"
5.25668626485281e-161	1.08105983174644	0.393	0.252	1.92399973979878e-156	"3"	"CXCL3"
3.8770731534805e-160	0.500079164761752	0.679	0.525	1.4190475449054e-155	"3"	"KCNQ1OT1"
3.31739248488333e-159	0.553545711825945	0.61	0.443	1.21419882339215e-154	"3"	"IL32"
1.35146721105413e-156	0.512126973270858	0.689	0.548	4.94650513917922e-152	"3"	"TNS1"
3.85829053618841e-155	0.533127754511845	0.616	0.458	1.41217291915032e-150	"3"	"EN1"
5.4706191961695e-153	0.640873634989704	0.4	0.25	2.00230133199e-148	"3"	"C2orf88"
2.81339333836779e-152	0.636608375338271	0.432	0.281	1.029730095776e-147	"3"	"AUTS2"
1.48951780916661e-150	0.512235618407286	0.801	0.684	5.45178413333069e-146	"3"	"ATP2A2"
3.088534290216e-150	0.551223280443438	0.544	0.384	1.13043443556196e-145	"3"	"TEAD2"
1.93466247686501e-149	0.546825827990981	0.856	0.773	7.08105813157363e-145	"3"	"CSRP1"
7.17282392743628e-149	0.832498588278063	0.271	0.151	2.62532528568095e-144	"3"	"PCDH9"
1.61316622703205e-147	0.510615081463073	0.825	0.725	5.90434970756e-143	"3"	"STC2"
5.06450208206818e-147	0.808606087416516	0.508	0.36	1.85365840705777e-142	"3"	"TGM2"
6.02286438563944e-147	0.792780247396874	0.427	0.287	2.20442859378789e-142	"3"	"CNN1"
2.68935373205092e-145	0.595983789834815	0.711	0.58	9.84330359467957e-141	"3"	"NAMPT"
1.69973986215124e-142	0.593575110059498	0.46	0.309	6.22121786945977e-138	"3"	"FNBP1L"
2.40648008425522e-141	0.605606368437779	0.418	0.273	8.80795775638254e-137	"3"	"MEIS3"
2.98174690470981e-141	0.558018830671395	0.536	0.38	1.09134918459284e-136	"3"	"FASN"
1.37315716795659e-139	0.710115839281578	0.63	0.497	5.0258925504379e-135	"3"	"SULF1"
1.76198524663318e-139	0.509247228782758	0.611	0.465	6.44904220120209e-135	"3"	"MRAS"
2.19180767022882e-139	0.78980356990985	0.454	0.312	8.02223525380451e-135	"3"	"IL6"
3.60356855248332e-139	1.03356243228743	0.413	0.279	1.31894212589442e-134	"3"	"KRT18"
4.23351738993239e-139	0.538066680162365	0.536	0.381	1.54950969988915e-134	"3"	"BCL6"
7.01229510028788e-139	0.505819103914724	0.585	0.43	2.56657012965637e-134	"3"	"SIRPA"
2.93776664825718e-138	0.868018296109062	0.409	0.279	1.07525197092861e-133	"3"	"MXRA5"
8.38750333634363e-138	0.622655327655844	0.409	0.268	3.06991009613513e-133	"3"	"ICAM1"
3.28238997654794e-137	0.580369640593324	0.402	0.26	1.20138755531631e-132	"3"	"HIP1"
9.42340987486279e-137	1.09097895648135	0.521	0.394	3.44906224829853e-132	"3"	"SFRP4"
3.541906971325e-136	1.01132686944049	0.359	0.236	1.29637337057466e-131	"3"	"DPT"
2.15161551573093e-135	0.665994675434384	0.405	0.27	7.87512794912677e-131	"3"	"INSIG2"
3.45291394215691e-135	0.691047296797083	0.469	0.334	1.26380103196885e-130	"3"	"SNX25"
2.05943831906497e-134	0.686007063291156	0.798	0.695	7.53775019160969e-130	"3"	"CCL2"
2.99743410692888e-133	0.558519576450621	0.463	0.319	1.09709085747704e-128	"3"	"ARHGEF17"
1.66350314902708e-132	0.556509535384101	0.441	0.298	6.08858787575401e-128	"3"	"CCDC122"
5.72044567178379e-131	0.742823431468045	0.529	0.394	2.09374032032958e-126	"3"	"HILPDA"
1.09769755507755e-128	0.753024287445083	0.312	0.191	4.01768282133936e-124	"3"	"SLC2A6"
1.72689519780658e-127	0.614318443373092	0.353	0.223	6.32060911349188e-123	"3"	"LRP5"
5.62758780296666e-126	0.514685763994768	0.499	0.357	2.05975341176383e-121	"3"	"PAWR"
2.33673053322204e-125	0.759842689687807	0.344	0.223	8.55266742464598e-121	"3"	"KRT8"
1.11565370167871e-121	0.685762716770197	0.329	0.207	4.08340411351426e-117	"3"	"IRAK3"
4.30685965374764e-119	0.68218196848344	0.343	0.221	1.57635370186817e-114	"3"	"SAMD11"
4.5163142612334e-119	0.547277357903334	0.352	0.223	1.65301618275404e-114	"3"	"PCBP3"
4.15614426606204e-118	0.590744253634643	0.534	0.4	1.52119036282137e-113	"3"	"INHBA"
4.17944521871272e-117	0.666567481577895	0.304	0.187	1.52971874450104e-112	"3"	"FBLN7"
6.11820432463579e-111	0.602179578164092	0.403	0.278	2.23932396485994e-106	"3"	"PMEPA1"
4.13921300676174e-110	0.754891504395652	0.364	0.246	1.51499335260486e-105	"3"	"ENC1"
5.32087820915641e-110	0.54385468393266	0.392	0.264	1.94749463333334e-105	"3"	"PCAT6"
7.03762970804046e-110	0.523269114419492	0.396	0.269	2.57584284943989e-105	"3"	"SDC3"
1.47792633927502e-109	0.503452009529673	0.711	0.591	5.4093581943805e-105	"3"	"FIBIN"
2.8563188488384e-109	0.564247350194091	0.297	0.183	1.04544126186334e-104	"3"	"METTL27"
2.0623896730841e-108	0.571616256069047	0.44	0.314	7.5485524424551e-104	"3"	"IMPA2"
3.07256122896393e-108	0.580719835700258	0.382	0.259	1.12458813541309e-103	"3"	"B4GALT5"
4.43913026634588e-108	0.688002294224139	0.359	0.241	1.62476606878526e-103	"3"	"QPRT"
1.97106530784641e-107	0.502938146523469	0.434	0.303	7.21429613324865e-103	"3"	"ANKRD50"
5.68581214701653e-106	0.549502450950404	0.793	0.701	2.08106410392952e-101	"3"	"REV3L"
3.96950542547849e-104	0.509618755512859	0.454	0.326	1.45287868077938e-99	"3"	"DCBLD1"
6.6405229192251e-104	0.585824852045556	0.586	0.469	2.43049779366558e-99	"3"	"STEAP1"
1.39507274704332e-102	0.500373321050605	0.475	0.351	5.10610576145324e-98	"3"	"GALNT10"
3.59750703959649e-102	0.624990009817348	0.548	0.431	1.31672355156271e-97	"3"	"CH25H"
2.2535894991788e-101	0.610582696111694	0.295	0.188	8.24836292594434e-97	"3"	"SPECC1"
1.32350147219026e-100	0.598775488546264	0.366	0.251	4.84414773836357e-96	"3"	"PPP1R13L"
6.42960625376542e-100	0.512516994140328	0.357	0.238	2.35330018494068e-95	"3"	"NTNG1"
1.23616560989562e-99	0.524244340200146	0.373	0.255	4.52448974877895e-95	"3"	"UST"
3.90053627586913e-97	1.16106382980625	0.461	0.356	1.42763528233086e-92	"3"	"ANKRD37"
4.55021770555513e-96	0.646244785763887	0.282	0.179	1.66542518241023e-91	"3"	"GRIA3"
8.27374319689627e-96	0.576236594693269	0.291	0.187	3.028272747496e-91	"3"	"TRAF5"
4.50329067892972e-95	0.581724764169984	0.275	0.172	1.64824942139507e-90	"3"	"DIPK2A"
8.31716233963509e-95	0.537146091805232	0.377	0.261	3.04416458792984e-90	"3"	"PRKD1"
1.43056140531538e-93	0.59666364472915	0.256	0.157	5.23599779959481e-89	"3"	"AP002490.1"
1.83040969196494e-93	0.513288767478736	0.543	0.418	6.69948251356089e-89	"3"	"AP1S2"
2.17178631012083e-93	0.587516859841176	0.289	0.186	7.94895507367324e-89	"3"	"ADAM19"
2.22059177765409e-93	0.537905198072435	0.326	0.217	8.12758796539172e-89	"3"	"IRX5"
1.94228755788828e-92	0.513448610083808	0.457	0.336	7.10896669062691e-88	"3"	"MYO1D"
1.64983918348049e-91	0.561414780479536	0.336	0.226	6.03857639545693e-87	"3"	"SEZ6L2"
1.86078848105347e-91	0.531367803344868	0.272	0.17	6.8106719195038e-87	"3"	"LINC02614"
3.45917236538209e-91	0.620987874948453	0.28	0.182	1.2660916774535e-86	"3"	"MID1"
1.5773860041171e-89	0.551663604719529	0.288	0.187	5.77339051366899e-85	"3"	"DNAJB5"
1.94635008496039e-88	0.543128195365326	0.291	0.189	7.12383594596351e-84	"3"	"CAP2"
8.16371514332016e-86	0.603138396319991	0.288	0.19	2.98800137960661e-81	"3"	"C1QTNF5"
1.25497739324663e-85	0.513274949661008	0.268	0.17	4.59334275702197e-81	"3"	"IGF2BP1"
6.75660636185197e-84	0.525727207519297	0.504	0.388	2.47298549450144e-79	"3"	"MIR503HG"
7.4067265064814e-83	0.552993793200363	0.291	0.194	2.71093596863726e-78	"3"	"EOGT"
3.09253505971925e-81	0.519025645860357	0.283	0.186	1.13189875720784e-76	"3"	"S100A3"
3.8445227407946e-81	0.505954600375736	0.307	0.206	1.40713376835823e-76	"3"	"SLC11A2"
4.49806989432877e-81	0.573753447132529	0.275	0.181	1.64633856202327e-76	"3"	"FHOD3"
2.21952485526737e-80	0.535346072211972	0.358	0.256	8.12368292276411e-76	"3"	"PPP1R3C"
9.00858518455251e-80	0.566692894827867	0.294	0.198	3.29723226339806e-75	"3"	"AC090204.1"
6.81165627233475e-79	0.616846198154521	0.285	0.192	2.49313431223724e-74	"3"	"ANGPTL1"
1.2163928282624e-75	0.688301992224845	0.285	0.195	4.45211939072321e-71	"3"	"APOE"
2.74506647783677e-73	0.565612002818126	0.931	0.914	1.00472178155304e-68	"3"	"SERPINE1"
6.0863455854108e-73	0.519183529451379	0.361	0.26	2.22766334771621e-68	"3"	"GPAM"
3.91199537854407e-72	0.664212604295128	0.27	0.182	1.43182942850092e-67	"3"	"MT1M"
3.89596295616248e-71	0.504144072450027	0.356	0.257	1.42596140158503e-66	"3"	"ISYNA1"
6.78962753765853e-68	0.536707237631432	0.253	0.17	2.4850715750584e-63	"3"	"DDIT4-AS1"
6.8428042159776e-67	0.524425551468068	0.251	0.167	2.50453477108996e-62	"3"	"NEO1"
2.34910523833802e-56	0.572907074786723	0.296	0.215	8.59796008284098e-52	"3"	"TNFAIP3"
1.21094324691e-55	0.635149611197793	0.685	0.599	4.43217337801529e-51	"3"	"ACTA2"
4.40954887410598e-40	0.509545887931735	0.333	0.262	1.61393898341153e-35	"3"	"CDKN2B"
0	2.05209518352729	0.931	0.561	0	"4"	"ACTA2"
0	1.75609769003088	0.595	0.261	0	"4"	"CNN1"
0	1.58307469035986	0.69	0.377	0	"4"	"INHBA"
0	1.52029662247924	0.724	0.438	0	"4"	"KRT19"
0	2.34803339204161	0.394	0.114	0	"4"	"SCN9A"
0	1.34588604148933	0.708	0.429	0	"4"	"FOXD1"
0	1.25194389002774	0.764	0.494	0	"4"	"CDH2"
0	1.16028067887396	0.458	0.189	0	"4"	"PTN"
0	1.05591146339321	0.618	0.361	0	"4"	"U2AF1L5"
0	1.19407092877854	0.699	0.447	0	"4"	"MICAL2"
0	1.63842022552386	0.495	0.245	0	"4"	"COL11A1"
0	1.03788444161521	0.777	0.527	0	"4"	"KLF2"
0	1.2838199742336	0.566	0.319	0	"4"	"CBWD1"
0	1.45274544898061	0.675	0.43	0	"4"	"ALDH1B1"
0	2.70062967999319	0.305	0.07	0	"4"	"PSG4"
0	1.62760324972992	0.384	0.159	0	"4"	"KANSL1-AS1"
0	1.40227133725092	0.968	0.753	0	"4"	"COL8A1"
0	1.18630587500735	0.648	0.436	0	"4"	"TFB2M"
0	0.751665852305281	0.624	0.414	0	"4"	"CSRP2"
0	1.19212037736237	0.453	0.244	0	"4"	"LMOD1"
0	0.7162191290739	0.836	0.634	0	"4"	"TRIB3"
0	1.12847486692693	0.557	0.358	0	"4"	"ADAMTS12"
0	1.01524474258334	0.553	0.355	0	"4"	"CDH13"
0	1.09092926701601	0.772	0.577	0	"4"	"MYH10"
0	1.50305206180055	0.954	0.759	0	"4"	"CSRP1"
0	1.47721634356553	0.388	0.195	0	"4"	"NUAK1"
0	1.52081614925908	0.311	0.133	0	"4"	"PLPP4"
0	0.848780612863496	0.852	0.688	0	"4"	"RHOB"
0	1.47863134100907	0.992	0.829	0	"4"	"TNC"
0	0.843188953362275	0.878	0.725	0	"4"	"FGF2"
0	0.79223306112673	0.836	0.683	0	"4"	"PCK2"
0	1.2820174037352	0.989	0.839	0	"4"	"CCN2"
0	0.841138954813062	0.942	0.794	0	"4"	"PLOD2"
0	0.976247598654831	0.979	0.845	0	"4"	"CDC42EP3"
0	0.50285520598603	0.97	0.84	0	"4"	"PSAT1"
0	0.924353895441052	0.945	0.817	0	"4"	"MYADM"
0	0.65235451227863	0.898	0.772	0	"4"	"GLIPR1"
0	0.675172228467098	0.856	0.731	0	"4"	"NEXN"
0	0.692580180597738	0.844	0.728	0	"4"	"DLC1"
0	0.709809938032776	0.934	0.823	0	"4"	"PALLD"
0	0.669560032362909	0.838	0.734	0	"4"	"RAI14"
0	0.660769749919158	0.821	0.718	0	"4"	"MSRB3"
0	0.573927339060174	0.931	0.832	0	"4"	"GLS"
0	0.671486752930237	0.934	0.838	0	"4"	"PLS3"
0	0.72637533231873	0.795	0.7	0	"4"	"FHL3"
0	0.661254440636158	0.938	0.843	0	"4"	"IER3"
0	0.63111472144224	0.978	0.885	0	"4"	"NREP"
0	0.917093522712382	0.997	0.904	0	"4"	"SERPINE1"
0	0.74530889167395	0.878	0.789	0	"4"	"COX20"
0	0.611998646045922	0.907	0.82	0	"4"	"SLC16A3"
0	0.698018944526767	0.904	0.827	0	"4"	"VEGFA"
0	0.921607243648702	0.994	0.918	0	"4"	"THBS1"
0	0.570911265901818	0.941	0.875	0	"4"	"TUBB6"
0	0.658177677347529	0.958	0.893	0	"4"	"BCAT1"
0	0.719892501153378	0.926	0.866	0	"4"	"ITGA5"
0	0.694694990735493	0.952	0.892	0	"4"	"ACTR2"
0	0.723887093733262	0.96	0.902	0	"4"	"ACTR3"
0	0.922229905512424	0.991	0.933	0	"4"	"ACTN1"
0	0.568260452976965	0.889	0.832	0	"4"	"LRRFIP1"
0	0.858734298876483	0.979	0.923	0	"4"	"PDLIM7"
0	0.52281136910609	0.91	0.855	0	"4"	"RHOBTB3"
0	0.596867597452384	0.974	0.921	0	"4"	"EIF4EBP1"
0	0.622346457922516	0.88	0.828	0	"4"	"SRA1"
0	0.906266312837399	0.99	0.94	0	"4"	"TUBA1A"
0	0.759849921607596	0.992	0.945	0	"4"	"MYH9"
0	0.595323039305608	0.948	0.901	0	"4"	"ANXA6"
0	0.662083600313559	0.985	0.939	0	"4"	"THBS2"
0	0.592694748585889	0.962	0.916	0	"4"	"CAP1"
0	0.676995797343682	0.996	0.956	0	"4"	"SEPTIN11"
0	0.661140602821791	0.94	0.9	0	"4"	"TGFB1I1"
0	1.27670354073798	1	0.963	0	"4"	"TAGLN"
0	0.831580613347496	0.991	0.956	0	"4"	"BNIP3"
0	0.622864277155524	0.996	0.962	0	"4"	"CTHRC1"
0	0.598873884464733	0.998	0.966	0	"4"	"CCN1"
0	0.796103554660126	0.995	0.966	0	"4"	"PGK1"
0	0.805252469982237	0.999	0.972	0	"4"	"TUBA1B"
0	0.620419946110763	0.97	0.951	0	"4"	"ARPC5"
0	0.903555100844244	1	0.981	0	"4"	"TPM1"
0	0.627431870072376	0.997	0.978	0	"4"	"FLNA"
0	0.547755703425944	0.978	0.961	0	"4"	"P4HA2"
0	0.528855905669424	0.991	0.974	0	"4"	"CNN2"
0	1.08104087620852	1	0.984	0	"4"	"MYL9"
0	0.763550514687441	0.999	0.985	0	"4"	"LOX"
0	0.504851220003844	0.998	0.987	0	"4"	"MAP1B"
0	0.548420381319045	0.99	0.984	0	"4"	"SSR3"
0	0.51089973173261	0.998	0.994	0	"4"	"HSPB6"
0	0.576694294078769	1	0.998	0	"4"	"CCDC80"
0	0.503457443792327	1	0.999	0	"4"	"TUBB"
0	0.841264574185336	1	0.999	0	"4"	"TPM2"
0	0.563764580094371	1	0.999	0	"4"	"SERPINH1"
0	0.543432594469605	1	0.999	0	"4"	"TPI1"
0	0.618405610694561	1	0.999	0	"4"	"TPM4"
0	0.695762030689925	1	1	0	"4"	"SPARC"
0	0.742394323971697	1	1	0	"4"	"ACTB"
0	0.535636469444668	1	1	0	"4"	"CALD1"
0	0.528035866620235	1	1	0	"4"	"MYL6"
1.28620109581852e-319	0.594313625253244	0.876	0.805	4.70762463080535e-315	"4"	"DPYSL3"
3.07203070351165e-313	1.04344974190065	0.748	0.599	1.1243939577923e-308	"4"	"PCSK7"
2.52083694119303e-306	1.19728243788732	0.41	0.227	9.22651528846062e-302	"4"	"LINC00960"
7.60696583475766e-300	1.13129309689875	0.512	0.331	2.78422556517965e-295	"4"	"ATF3"
9.46439527647567e-287	1.50010167193591	0.295	0.14	3.46406331514286e-282	"4"	"ENPP1"
3.67391468032636e-286	0.701868154260888	0.718	0.546	1.34468951214625e-281	"4"	"CHAC1"
8.92838776295561e-282	0.98163493277133	0.521	0.337	3.26787920511938e-277	"4"	"DACT1"
3.60963083173003e-277	0.710286153477212	0.695	0.533	1.32116098072151e-272	"4"	"PDLIM1"
9.85004020411926e-276	0.916685875540672	0.653	0.494	3.60521321510969e-271	"4"	"SULF1"
6.61192791129518e-275	0.624427776745461	0.829	0.76	2.42003173481315e-270	"4"	"LPP"
7.43055513699217e-269	0.972333396198355	0.498	0.319	2.71965748569051e-264	"4"	"KIF26B"
1.39539615177576e-268	0.789751363463438	0.684	0.532	5.10728945511445e-264	"4"	"F2R"
3.24424532631115e-266	1.11030232777425	0.507	0.338	1.18742623188314e-261	"4"	"MYLK"
1.01363931181061e-265	0.884603879958749	0.589	0.432	3.71002124515803e-261	"4"	"SNHG17"
4.98044112651506e-255	0.511906494552633	0.743	0.552	1.82289125671578e-250	"4"	"CEMIP"
5.19306646687231e-255	0.833393649017448	0.606	0.447	1.90071425753994e-250	"4"	"FABP5"
1.71749992183457e-251	0.866363399353612	0.435	0.255	6.28622146390671e-247	"4"	"EDIL3"
6.30137765388142e-250	1.34710195543503	0.333	0.179	2.30636723509714e-245	"4"	"ADAM19"
2.29131691454872e-249	0.523536091281521	0.883	0.852	8.38644903893977e-245	"4"	"MBNL1"
7.7039503332554e-248	1.01594219063406	0.517	0.353	2.81972286147481e-243	"4"	"BDNF"
1.41492124458077e-247	0.537230222105317	0.876	0.756	5.17875324729007e-243	"4"	"NEK7"
6.00874394140465e-247	1.03582333936605	0.502	0.342	2.19926036999352e-242	"4"	"WNT5A"
3.65898242451748e-244	1.06223097363613	0.471	0.311	1.33922415719764e-239	"4"	"SLC2A1"
7.84243238737513e-238	0.882793532816575	0.553	0.388	2.87040867810317e-233	"4"	"FADS2"
7.35481057399804e-236	0.869662670065742	0.607	0.46	2.69193421818902e-231	"4"	"SGK1"
5.70156423480069e-228	1.0198180494009	0.494	0.341	2.0868295255794e-223	"4"	"KCNG1"
1.27476527278175e-227	0.731791713468702	0.558	0.386	4.66576837490848e-223	"4"	"PITX2"
4.01101528216706e-223	0.595566029833659	0.733	0.591	1.46807170342596e-218	"4"	"BAALC"
8.19028316786235e-221	0.573921788315473	0.771	0.651	2.9977255422693e-216	"4"	"GADD45B"
1.36794587672561e-219	0.612418677929667	0.71	0.563	5.00681870340342e-215	"4"	"TUBB2A"
1.85489393937335e-215	0.51373552650469	0.827	0.77	6.78909730750039e-211	"4"	"LMO4"
1.23973406169609e-213	0.564193854847039	0.768	0.671	4.53755063921388e-209	"4"	"ODC1"
1.25084705975934e-211	0.608249129611703	0.752	0.651	4.57822532342515e-207	"4"	"VASP"
1.97772791493003e-199	1.10672681751658	0.342	0.198	7.23868194143542e-195	"4"	"TOX2"
1.52228755198162e-198	0.70274537889244	0.676	0.571	5.57172466900794e-194	"4"	"RAP1GDS1"
4.06392251963975e-196	0.528551330411074	0.788	0.699	1.48743628141334e-191	"4"	"SPHK1"
2.8450057849984e-195	1.2776005525423	0.255	0.129	1.04130056736726e-190	"4"	"LRRC15"
9.18627565058981e-188	0.853198336446474	0.486	0.341	3.36226875087238e-183	"4"	"ASPN"
8.33439386712048e-184	0.964476729992209	0.455	0.317	3.05047149930477e-179	"4"	"ADGRE5"
1.65277191775809e-182	0.73804564669552	0.657	0.548	6.04931049618637e-178	"4"	"PHLDB2"
2.46088328436242e-181	1.21820764375647	0.314	0.184	9.00707890909489e-177	"4"	"TRAF5"
2.42000956142057e-172	0.57802436715062	0.801	0.729	8.85747699575542e-168	"4"	"STC2"
2.72422962787362e-172	0.741765291930243	0.57	0.444	9.97095286098025e-168	"4"	"RCAN1"
1.89373911129834e-165	0.635029962349283	0.61	0.477	6.93127452126306e-161	"4"	"TPD52L1"
2.11090395635055e-164	1.12655738267684	0.311	0.186	7.72611957063865e-160	"4"	"LPCAT2"
1.89947779797065e-163	0.974863410857348	0.365	0.23	6.95227868835238e-159	"4"	"LIN7A"
7.61258894296839e-163	1.09393756626179	0.334	0.209	2.78628367901586e-158	"4"	"SPAG4"
1.27439043917116e-161	0.719052651588125	0.574	0.449	4.66439644641038e-157	"4"	"IL32"
5.28111263460905e-159	0.869449466621798	0.462	0.332	1.93294003539326e-154	"4"	"FZD7"
1.22987810017347e-158	0.83938597782293	0.453	0.321	4.5014768344449e-154	"4"	"LMO7-AS1"
3.38007000581804e-158	1.38814093096333	0.266	0.151	1.23713942282946e-153	"4"	"C1QTNF3"
1.55733241154992e-156	0.77697145995166	0.559	0.447	5.69999235951386e-152	"4"	"XAF1"
4.19362193497328e-156	0.584212523173022	0.737	0.677	1.53490756441957e-151	"4"	"SRP54"
5.50027481048248e-155	1.00519267293901	0.36	0.232	2.01315558338469e-150	"4"	"SNTB1"
1.44925884447966e-149	0.676870259338098	0.516	0.382	5.30443229668002e-145	"4"	"NRP2"
2.409463501773e-145	0.792769973395455	0.478	0.352	8.81887736283935e-141	"4"	"HAS2"
1.03256629063499e-142	0.603491817556463	0.596	0.466	3.77929588035313e-138	"4"	"DDAH1"
4.0021502832639e-136	0.6430996264363	0.565	0.448	1.46482702517742e-131	"4"	"FZD2"
8.91982958361773e-136	0.839672553583598	0.451	0.334	3.26474682589993e-131	"4"	"GBP1"
4.64472270538637e-129	1.05003863375155	0.317	0.207	1.70001495739846e-124	"4"	"CTH"
4.2835925926875e-124	0.55795060396588	0.661	0.575	1.56783772484955e-119	"4"	"GNB4"
5.33126369378953e-124	0.583228850886211	0.618	0.533	1.95129582456391e-119	"4"	"ITM2C"
1.49808767965267e-122	0.898323117182947	0.342	0.231	5.48315071629673e-118	"4"	"MLLT11"
3.31227984279427e-122	0.689701841219881	0.476	0.362	1.21232754526113e-117	"4"	"SERINC2"
2.89384300861381e-121	0.883482599285502	0.347	0.236	1.05917547958274e-116	"4"	"SEL1L3"
2.62667149048737e-118	0.597002190005151	0.599	0.503	9.61388032233283e-114	"4"	"IRX3"
1.60058654012108e-117	0.509273682523936	0.625	0.517	5.85830679549717e-113	"4"	"SPOCD1"
3.56945627483007e-117	0.556700662706211	0.63	0.542	1.30645669115055e-112	"4"	"SKIL"
8.14848340079263e-117	0.611721490149529	0.418	0.314	2.98242640952411e-112	"4"	"COL4A1"
4.53405153906193e-114	0.700682034864702	0.491	0.384	1.65950820381206e-109	"4"	"SCD"
3.9094595836007e-113	0.511906665803769	0.746	0.693	1.43090130219369e-108	"4"	"ATP2A2"
6.68006400959311e-112	0.704149376418792	0.432	0.323	2.44497022815118e-107	"4"	"KCNE4"
4.01468834515235e-111	0.69336649587594	0.418	0.305	1.46941608120921e-106	"4"	"SYNPO2"
5.91171313865821e-109	0.772286010602768	0.329	0.221	2.16374612588029e-104	"4"	"MRVI1"
2.60234673392015e-104	0.700733799972063	0.491	0.394	9.52484928082115e-100	"4"	"AGA"
8.2447822615063e-104	0.632605541080884	0.526	0.425	3.01767275553392e-99	"4"	"NXN"
1.2966602536625e-101	0.725770538856849	0.386	0.282	4.7459061944301e-97	"4"	"FGF5"
1.27469717114236e-100	0.629868070448837	0.426	0.317	4.66551911609815e-96	"4"	"IL6"
2.32184381978626e-99	0.535569342430333	0.657	0.598	8.49818056479969e-95	"4"	"STX12"
7.08256459991841e-99	0.984516943341374	0.273	0.181	2.59228946921614e-94	"4"	"NEDD9"
7.75133246254958e-98	0.555017602949588	0.65	0.605	2.83706519461777e-93	"4"	"ERO1A"
7.49661678128483e-92	0.821245399910397	0.347	0.251	2.74383670811806e-87	"4"	"PEAR1"
3.42948855724593e-91	0.703730935234369	0.446	0.356	1.25522710683758e-86	"4"	"GALNT10"
5.83283545797202e-91	0.87021295810285	0.375	0.28	2.13487610597234e-86	"4"	"NPAS2"
1.1214338677608e-90	0.574044343376781	0.653	0.589	4.10456009939132e-86	"4"	"SLC25A32"
1.52616967124961e-90	0.643010564803677	0.487	0.395	5.58593361374069e-86	"4"	"NTM"
2.98781580261443e-89	0.886888461797762	0.423	0.324	1.09357046191491e-84	"4"	"AC011603.2"
1.01734717277179e-88	0.680420844231566	0.496	0.415	3.72359238706202e-84	"4"	"ASNS"
1.86120466290114e-86	0.557267168567847	0.52	0.425	6.81219518668447e-82	"4"	"SLC38A1"
9.34541295303941e-86	0.692424055792954	0.403	0.309	3.42051459494196e-81	"4"	"HOTAIRM1"
1.91421970653599e-83	0.528172405482524	0.535	0.447	7.00623554789239e-79	"4"	"ADAMTS6"
4.9062236898691e-82	0.53753193931957	0.565	0.486	1.79572693272899e-77	"4"	"JADE1"
1.41595184995633e-81	0.720243782368393	0.396	0.306	5.18252536602518e-77	"4"	"SGCD"
3.43338228566423e-80	0.53995767724892	0.592	0.519	1.25665225037596e-75	"4"	"AK4"
1.16517778611508e-77	0.562503159614058	0.491	0.405	4.2646672149598e-73	"4"	"FBLIM1"
1.2068383610865e-77	0.593653835928422	0.511	0.434	4.41714908541268e-73	"4"	"GOT1"
2.67020819477309e-77	0.84126849171972	0.325	0.242	9.77322901368898e-73	"4"	"TEAD3"
1.3845486173147e-76	0.776161118341376	0.307	0.221	5.06758639423353e-72	"4"	"ALDOC"
2.87102405755875e-75	0.521071330090805	0.577	0.507	1.05082351530708e-70	"4"	"PIM1"
1.1562349552016e-74	0.770578397236479	0.34	0.255	4.23193555953339e-70	"4"	"PPP1R13L"
3.2729696551891e-70	0.705839126398711	0.424	0.348	1.19793962349576e-65	"4"	"ENO2"
1.37623394595607e-69	0.71328562054367	0.306	0.222	5.03715386559381e-65	"4"	"SERTAD4-AS1"
3.33979290430487e-68	0.848758794440643	0.27	0.192	1.22239760090463e-63	"4"	"CAP2"
3.84878664370908e-64	0.6813348571189	0.436	0.367	1.40869439946396e-59	"4"	"TGFBR1"
1.03174698235251e-61	0.623470132430978	0.442	0.369	3.77629713010842e-57	"4"	"KANSL1"
3.55979253783547e-60	0.669452520764833	0.48	0.413	1.30291966677316e-55	"4"	"SCG5"
2.52347738213704e-58	0.812485046129492	0.275	0.206	9.23617956635976e-54	"4"	"MBNL1-AS1"
3.57127193547152e-54	0.731518282002666	0.374	0.308	1.30712124110193e-49	"4"	"SLC1A4"
2.2415718633268e-53	0.557721684382128	0.297	0.223	8.20437717696242e-49	"4"	"LOXL4"
4.68205807447313e-53	0.570695554256317	0.456	0.393	1.71368007583791e-48	"4"	"JMJD6"
5.23451190515733e-53	0.545602583379495	0.457	0.392	1.91588370240664e-48	"4"	"GYS1"
1.24546941390946e-51	0.575781935229396	0.429	0.364	4.55854260185001e-47	"4"	"AJM1"
4.65786028826792e-47	0.523973380193582	0.49	0.438	1.70482344410894e-42	"4"	"LNPK"
6.87773716453916e-46	0.619414953328821	0.357	0.293	2.51732057959298e-41	"4"	"RORA"
8.04474107373083e-44	0.574030274268985	0.331	0.266	2.94445568039622e-39	"4"	"SYTL2"
2.51390013923192e-43	0.628209554422888	0.393	0.334	9.20112589960276e-39	"4"	"ETV5"
8.49517744363096e-42	0.563991032397419	0.345	0.284	3.10931989614337e-37	"4"	"HACD1"
6.12839509525561e-41	0.529415238493076	0.35	0.287	2.2430538888145e-36	"4"	"EZR"
2.79567080717498e-40	0.679703684032126	0.379	0.324	1.02324347213412e-35	"4"	"STK38L"
2.57493383138745e-36	0.597555608439755	0.346	0.294	9.42451531626119e-32	"4"	"GPR180"
1.15952763631628e-32	0.677881923657122	0.29	0.239	4.2439871016812e-28	"4"	"PDK1"
2.36838898906489e-29	0.631864277981823	0.289	0.241	8.6685405388764e-25	"4"	"IQCJ-SCHIP1"
1.41442055735596e-28	0.513246678707504	0.365	0.32	5.17692068197856e-24	"4"	"SRF"
2.63206237390288e-28	0.530988314617782	0.364	0.321	9.63361149472195e-24	"4"	"SGTB"
1.69487041458568e-26	0.541127324838163	0.299	0.254	6.20339520442505e-22	"4"	"OPN3"
2.43204278619526e-26	0.535766600868719	0.352	0.309	8.90151980175329e-22	"4"	"PVR"
5.05895383989991e-22	0.584834211527167	0.252	0.21	1.85162769494177e-17	"4"	"DOCK10"
6.21923843200957e-20	0.502964095357121	0.273	0.234	2.27630345849982e-15	"4"	"CPNE2"
1.57920217992743e-16	0.588119185045725	0.273	0.241	5.78003789875238e-12	"4"	"TEX2"
2.59966207921061e-11	0.542512995487202	0.34	0.392	9.51502317611876e-07	"4"	"VIM-AS1"
0	4.90677520290041	0.489	0.019	0	"5"	"GATD3A"
0	1.4803172867132	0.706	0.282	0	"5"	"U2AF1"
0	2.18778228016353	0.565	0.145	0	"5"	"PDE1C"
0	1.45882601770995	0.728	0.332	0	"5"	"CDH13"
0	1.37147941959842	0.796	0.412	0	"5"	"UNC5B"
0	0.803704614325764	0.813	0.498	0	"5"	"HOXC10"
0	1.17730649224998	0.604	0.301	0	"5"	"LMO7-AS1"
0	0.739634636104795	0.739	0.456	0	"5"	"COMP"
0	0.927626745069871	0.718	0.446	0	"5"	"MICAL2"
0	1.28580379750728	0.457	0.194	0	"5"	"BX890604.2"
0	0.910787701607053	0.685	0.426	0	"5"	"ADAMTS6"
0	0.542693679013724	0.884	0.629	0	"5"	"TRIB3"
0	1.06831489359205	0.5	0.249	0	"5"	"AC010618.3"
0	1.25776873771761	0.464	0.222	0	"5"	"DPT"
0	0.954079885677635	0.613	0.376	0	"5"	"DUXAP8"
0	0.884635629085634	0.666	0.43	0	"5"	"SNHG12"
0	1.81411838426199	0.337	0.104	0	"5"	"IL20RB"
0	1.10255246194982	0.925	0.719	0	"5"	"FGF2"
0	1.58649548341227	0.352	0.146	0	"5"	"LINC01615"
0	1.22054139339903	0.312	0.118	0	"5"	"AC119673.2"
0	1.58892589674255	0.304	0.114	0	"5"	"SH3BGR"
0	1.34574455459753	0.334	0.146	0	"5"	"TNFRSF11B"
0	0.652550400994796	0.872	0.688	0	"5"	"SPHK1"
0	1.6978281990592	0.251	0.07	0	"5"	"CR381653.1"
0	1.14540062663597	0.989	0.808	0	"5"	"EFEMP1"
0	0.791395536012894	0.887	0.719	0	"5"	"IFI30"
0	0.712680804189318	0.978	0.814	0	"5"	"ITGA11"
0	0.570592405874082	0.907	0.748	0	"5"	"MKNK2"
0	0.698786614618826	0.924	0.766	0	"5"	"EPB41L4A-AS1"
0	0.544859493592981	0.954	0.815	0	"5"	"CCPG1"
0	1.28832643584988	0.986	0.857	0	"5"	"POSTN"
0	0.55493890199337	0.95	0.829	0	"5"	"GYPC"
0	0.521463576543698	0.957	0.842	0	"5"	"PXDN"
0	0.555866076289652	0.971	0.86	0	"5"	"MT-ND5"
0	0.73283294230388	0.976	0.886	0	"5"	"NREP"
0	0.504940811429929	0.978	0.892	0	"5"	"MT-ND1"
0	0.505587293540937	0.981	0.896	0	"5"	"MT-ATP8"
0	0.550177569038203	0.971	0.891	0	"5"	"TAF1D"
0	0.697627575339599	0.979	0.903	0	"5"	"SPOCK1"
0	0.522604016812112	0.989	0.92	0	"5"	"EIF4EBP1"
0	0.69586344552044	0.986	0.922	0	"5"	"MT-ND4"
0	0.520139054777379	0.979	0.918	0	"5"	"TNFRSF12A"
0	0.869017435330363	0.994	0.946	0	"5"	"MT-ND4L"
0	0.607394790795552	0.985	0.944	0	"5"	"ENG"
0	0.690038719087148	1	0.964	0	"5"	"BGN"
0	0.593868665987858	0.995	0.974	0	"5"	"MT-ND3"
0	0.747536698597987	0.998	0.983	0	"5"	"HLA-B"
0	0.525303819844338	0.999	0.987	0	"5"	"PPP1R14B"
0	0.58464820614155	0.997	0.99	0	"5"	"MT-CYB"
0	0.624791886383514	0.999	0.993	0	"5"	"GAS5"
0	0.748963443604356	1	0.996	0	"5"	"ZFAS1"
0	0.810282430073173	1	0.999	0	"5"	"TGFBI"
0	0.579919424919582	0.997	0.996	0	"5"	"MT-CO2"
4.94065645841247e-324	0.594658121855425	0.885	0.705	1.80832967034355e-319	"5"	"TPGS1"
7.90505033345994e-323	0.920673073125477	0.546	0.315	2.89332747254967e-318	"5"	"SLC7A11"
1.58101006669199e-322	1.02316746130781	0.596	0.366	5.78665494509935e-318	"5"	"UPP1"
1.36905590462609e-320	0.749139672627358	0.648	0.408	5.01088151652197e-316	"5"	"SLC38A1"
6.29686665624669e-320	0.814535436011618	0.479	0.25	2.30471616485285e-315	"5"	"COL11A1"
8.49417420956105e-319	1.04027303335593	0.408	0.203	3.10895270244144e-314	"5"	"PTGIR"
3.58293926215794e-312	1.15527002578613	0.322	0.141	1.31139159934243e-307	"5"	"TBC1D2"
4.47586099570929e-308	0.716373978176858	0.781	0.571	1.63820988303956e-303	"5"	"CTSC"
4.57460887188186e-306	0.717258220606852	0.567	0.322	1.67435259319748e-301	"5"	"MYO1D"
1.96684859597732e-304	0.981545504148905	0.474	0.26	7.1988625461366e-300	"5"	"PLXNA1"
3.6162324259168e-301	1.20069290526762	0.301	0.129	1.32357723020981e-296	"5"	"KCNJ15"
6.63674735651257e-297	0.520749597220593	0.867	0.687	2.42911589995717e-292	"5"	"TIMM10"
7.11964219810507e-297	0.513369573922625	0.776	0.496	2.60586024092844e-292	"5"	"NDN"
1.67079676273539e-293	0.829671490645229	0.599	0.38	6.11528323128782e-289	"5"	"NTM"
3.28294715609693e-285	0.61264849330331	0.913	0.752	1.20159148860304e-280	"5"	"TNFAIP6"
1.31987286594284e-283	0.653009603685775	0.842	0.655	4.83086667663741e-279	"5"	"GREM1"
3.04974489350246e-283	0.831551510320289	0.49	0.276	1.11623712847084e-278	"5"	"NRG1"
2.24104760616458e-278	0.641339115779703	0.736	0.513	8.20245834332298e-274	"5"	"RPS6KA2"
1.54393758473321e-274	0.583524608660326	0.793	0.589	5.65096595388203e-270	"5"	"MBD2"
2.54344672965253e-274	0.615503055077682	0.759	0.536	9.30926937520122e-270	"5"	"ZNF358"
3.28101035460238e-269	0.713886497354777	0.759	0.567	1.20088259988802e-264	"5"	"LMCD1"
2.7190875072576e-268	1.03520917359518	0.419	0.229	9.95213218531353e-264	"5"	"LIMD2"
5.97879531144714e-261	1.01282676288384	0.3	0.137	2.18829887194277e-256	"5"	"KHDRBS3"
1.09701719164341e-260	0.842237055653633	0.544	0.335	4.01519262313406e-256	"5"	"DACT1"
6.62998955971396e-260	0.88787680021518	0.441	0.244	2.4266424787509e-255	"5"	"LBH"
4.3649936708819e-253	0.635517219898965	0.688	0.477	1.59763133347948e-248	"5"	"EVA1A"
4.35851124466577e-250	0.833905499211623	0.538	0.337	1.59525870066012e-245	"5"	"PTGS1"
5.98341124454638e-248	1.06662281305293	0.304	0.144	2.18998834961642e-243	"5"	"AL359834.1"
2.95822171647658e-243	1.26848096898764	0.273	0.125	1.08273873044759e-238	"5"	"HRCT1"
4.27058426619688e-240	0.638506035117658	0.607	0.388	1.56307654727072e-235	"5"	"BACE2"
8.50403311785393e-240	0.903580145772262	0.361	0.185	3.11256116146572e-235	"5"	"ACVRL1"
3.30229790901102e-235	0.6442489790615	0.752	0.553	1.20867405767712e-230	"5"	"DDIT3"
5.17522181473829e-235	0.723024241132161	0.507	0.303	1.89418293641236e-230	"5"	"FAM241A"
5.33999729325475e-235	0.688655622082111	0.548	0.338	1.95449240930417e-230	"5"	"TMEM204"
2.55853452569645e-234	0.641295045242593	0.977	0.912	9.36449221750159e-230	"5"	"IGFBP3"
1.54965785132538e-233	0.866643101935534	0.429	0.244	5.67190270163603e-229	"5"	"RPS10"
2.0892687687628e-233	0.960840813004178	0.341	0.173	7.64693262054872e-229	"5"	"LTC4S"
2.91442243879256e-229	0.800590968046798	0.562	0.374	1.06670775682246e-224	"5"	"LIMS2"
1.63916110411108e-227	1.09012196025422	0.255	0.114	5.99949355715697e-223	"5"	"HOXA11"
2.88469789800478e-227	0.511698477227124	0.645	0.435	1.05582827764873e-222	"5"	"PENK"
5.71730989044662e-221	0.520577433486913	0.751	0.543	2.09259259300237e-216	"5"	"CHAC1"
9.12621611631567e-219	1.01909351959463	0.284	0.136	3.3402863607327e-214	"5"	"SMILR"
3.18193254082953e-213	0.845930287810066	0.402	0.228	1.16461912926902e-208	"5"	"PCGF2"
6.32628614089186e-213	0.655329918641872	0.646	0.46	2.31548399042783e-208	"5"	"DDAH1"
1.35612933084398e-212	0.503437276855456	0.788	0.618	4.96356896382205e-208	"5"	"WDR18"
7.12112694573056e-212	0.643708331921132	0.593	0.393	2.60640367340684e-207	"5"	"PTPN12"
7.57210774998193e-211	0.714660199285778	0.463	0.275	2.77146715757089e-206	"5"	"ADM2"
1.08030896954156e-209	0.549299299931753	0.565	0.356	3.95403885941907e-205	"5"	"APBB1IP"
3.58459645176035e-209	0.69792107201995	0.517	0.324	1.31199814730881e-204	"5"	"HCFC1"
4.83782516555028e-209	0.69936388699662	0.472	0.282	1.77069238884306e-204	"5"	"VDR"
1.09429638303927e-204	0.843661610887361	0.499	0.323	4.00523419156204e-200	"5"	"F3"
1.776001743095e-204	0.566889897548516	0.715	0.525	6.500343979902e-200	"5"	"RBMS3"
2.88506750303568e-203	0.60785748930432	0.627	0.428	1.05596355678609e-198	"5"	"SLC7A5"
8.35841498832824e-203	0.843961225249365	0.449	0.273	3.05926346987802e-198	"5"	"CSTA"
7.33492890158814e-200	0.63076724161357	0.556	0.362	2.68465732727028e-195	"5"	"KCNK2"
1.60133189809421e-198	0.566496336754054	0.872	0.747	5.86103488021461e-194	"5"	"HSPB7"
2.30622606918577e-197	0.68675533279763	0.512	0.326	8.44101803582685e-193	"5"	"LINC00632"
8.55382911692023e-197	0.600789001979756	0.628	0.433	3.13078699508397e-192	"5"	"MPRIP"
4.07400763524384e-196	0.675886281451488	0.538	0.353	1.4911275345756e-191	"5"	"PAWR"
1.22375281756969e-193	0.924749631023239	0.279	0.139	4.47905768758683e-189	"5"	"KCTD15"
4.56485407402764e-193	0.757569010471129	0.361	0.2	1.67078223963486e-188	"5"	"NUAK1"
1.01806452365943e-189	0.838863032197276	0.27	0.133	3.72621796304588e-185	"5"	"SORBS2"
9.58798363432587e-186	0.724386375762864	0.413	0.246	3.50929788999961e-181	"5"	"PPP1R13L"
8.66401548013855e-184	0.504079863116438	0.478	0.287	3.17111630588551e-179	"5"	"JCAD"
3.15752761192077e-183	0.583910344968213	0.587	0.4	1.15568668123912e-178	"5"	"ALPK2"
2.38041408141183e-178	0.59615487281078	0.531	0.343	8.71255357937544e-174	"5"	"TAF1B"
2.88697754819251e-178	0.714891187081368	0.378	0.218	1.05666265241394e-173	"5"	"ACVR2A"
9.20386202851825e-176	0.568071013740355	0.568	0.38	3.36870554105796e-171	"5"	"HOXD-AS2"
5.46882221255236e-174	0.664887735697637	0.403	0.24	2.00164361801629e-169	"5"	"PNP"
8.02609707611516e-171	0.694324449867775	0.568	0.401	2.93763179082891e-166	"5"	"SCG5"
7.54111401506951e-167	0.55284598993887	0.789	0.662	2.76012314065559e-162	"5"	"PXDC1"
1.20340556617732e-166	0.853493568239282	0.26	0.132	4.4045847127656e-162	"5"	"CCN4"
1.71220568453591e-166	0.530613124773724	0.689	0.51	6.2668440259699e-162	"5"	"TMEM138"
2.7052086888796e-163	0.743957658071945	0.38	0.229	9.90133432216823e-159	"5"	"LPXN"
1.43258311930527e-161	0.709779288332794	0.412	0.254	5.24339747496921e-157	"5"	"DLEU2"
3.1951196367722e-161	0.625401519057014	0.41	0.248	1.16944573825499e-156	"5"	"GTPBP2"
2.61805851048204e-157	0.819478294240842	0.355	0.211	9.58235595421532e-153	"5"	"LINC01119"
1.95185305913971e-156	0.640491338579381	0.582	0.419	7.14397738175727e-152	"5"	"GRAMD2B"
5.2545516237032e-155	0.50954476596434	0.641	0.461	1.92321843979161e-150	"5"	"TAOK1"
1.57591090276335e-150	0.656936587859152	0.341	0.199	5.76799149520415e-146	"5"	"STARD4-AS1"
1.48846993434074e-148	0.530942742195823	0.631	0.477	5.44794880668053e-144	"5"	"GREM2"
5.5312729571525e-145	0.504801941871271	0.46	0.296	2.02450121504739e-140	"5"	"SLC1A4"
7.6950829690395e-142	0.606526024583973	0.435	0.28	2.81647731749815e-137	"5"	"GPR1"
2.18231160731647e-141	0.605887969785241	0.383	0.234	7.98747871393902e-137	"5"	"AFDN"
2.31580565857356e-141	1.03692958500462	0.349	0.217	8.4760802909451e-137	"5"	"LOXL4"
2.88981390897329e-138	0.745192989659292	0.268	0.146	1.05770078882331e-133	"5"	"ADAMTS10"
5.53410024777486e-138	0.895099018508883	0.251	0.136	2.02553603168808e-133	"5"	"POU2F2"
1.84884841941436e-137	0.715040594635232	0.41	0.265	6.76697009989851e-133	"5"	"FAM43A"
2.64100196307943e-136	0.512898296599281	0.504	0.339	9.66633128506703e-132	"5"	"TAP2"
1.02877398882476e-134	0.600806021334121	0.388	0.243	3.7654156764975e-130	"5"	"ADGRL4"
1.40832058299491e-133	0.531055867709471	0.486	0.327	5.15459416581967e-129	"5"	"KIFC3"
1.5123847263212e-133	0.595527752951518	0.397	0.25	5.53547933680823e-129	"5"	"JOSD1"
3.65781863733037e-133	0.77195438131962	0.326	0.198	1.33879819944929e-128	"5"	"ALPL"
4.43967560096335e-131	0.502551739879001	0.427	0.274	1.6249656667086e-126	"5"	"NPAS2"
3.36922673877099e-130	0.779154655222891	0.275	0.156	1.23317067865757e-125	"5"	"KCNK6"
1.86670488087756e-129	0.58635868427923	0.397	0.252	6.83232653449998e-125	"5"	"TBX15"
2.64326286125869e-129	0.521782049305054	0.448	0.296	9.67460639849293e-125	"5"	"CENPB"
3.97719253088388e-129	0.566806698414287	0.592	0.442	1.45569223822881e-124	"5"	"RCAN1"
8.78707492064776e-129	0.518868846388685	0.536	0.373	3.21615729170629e-124	"5"	"LINC02256"
1.60317427508585e-128	0.61713088610663	0.463	0.315	5.86777816424173e-124	"5"	"MOK"
3.01945738378744e-125	0.663710859893267	0.353	0.219	1.10515159704004e-120	"5"	"NR1D1"
5.19961761369314e-124	0.596445735457205	0.353	0.217	1.90311204278783e-119	"5"	"FMR1"
1.77005148380297e-123	0.543487949842438	0.444	0.297	6.47856543586725e-119	"5"	"PVR"
6.89547621650888e-120	0.748439718474004	0.348	0.223	2.52381325000441e-115	"5"	"KRT8"
1.57859066993394e-119	0.528829986789954	0.44	0.293	5.77779971102522e-115	"5"	"RIN3"
1.64055335297715e-118	0.510721608836267	0.54	0.382	6.00458932723166e-114	"5"	"FLRT2"
2.02693632283846e-115	0.731219844726512	0.289	0.173	7.41878963522103e-111	"5"	"RNF212"
2.61013195924659e-115	0.548723671928149	0.35	0.218	9.55334398403844e-111	"5"	"SERPINB8"
2.88326100135148e-115	0.614362669857814	0.304	0.182	1.05530235910465e-110	"5"	"DVL1"
3.15052487978884e-114	0.561224089568375	0.392	0.255	1.15312361125151e-109	"5"	"KLHL5"
1.13753534827551e-113	0.523885738449244	0.445	0.304	4.16349312822318e-109	"5"	"LOXL3"
2.46319675573823e-113	0.648974988151142	0.279	0.164	9.01554644567749e-109	"5"	"ATP13A2"
2.22905246632379e-111	0.629914072344057	0.297	0.18	8.15855493199169e-107	"5"	"CD3EAP"
3.7167283298121e-109	0.510561745089194	0.372	0.24	1.36035973599453e-104	"5"	"VEPH1"
2.05560748695389e-107	0.506663990584619	0.423	0.284	7.52372896299995e-103	"5"	"SKI"
3.12968022031554e-107	0.564666098287519	0.318	0.196	1.14549425743769e-102	"5"	"H2AFY2"
4.37018380657661e-102	0.50304692826719	0.376	0.246	1.59953097504511e-97	"5"	"ZNF668"
7.11730977911139e-102	0.607639765100919	0.485	0.351	2.60500655225256e-97	"5"	"ANGPTL4"
1.15706987015865e-101	0.508251970151635	0.358	0.232	4.23499143176767e-97	"5"	"SLC1A3"
3.00004284065236e-98	0.597584748857761	0.257	0.153	1.09804568010717e-93	"5"	"SGPL1"
7.85479839402307e-98	0.672263682387235	0.402	0.282	2.87493476019639e-93	"5"	"KRT18"
1.15352737724473e-97	0.526071611787099	0.378	0.252	4.22202555345342e-93	"5"	"TESK1"
7.05881418930671e-96	0.611686335513487	0.252	0.15	2.58359658142815e-91	"5"	"ATP10A"
1.12480896357935e-94	0.510344193884915	0.392	0.265	4.11691328759678e-90	"5"	"USF2"
7.74714154843314e-94	0.586167478255472	0.303	0.193	2.83553127814201e-89	"5"	"PSMA3-AS1"
2.12260331459438e-90	0.604089022987661	0.264	0.163	7.7689403917469e-86	"5"	"FURIN"
7.54575731124764e-89	0.5279191009152	0.302	0.193	2.76182263348975e-84	"5"	"SLC20A2"
1.42783763642161e-86	0.532737270214143	0.62	0.493	5.22602853306672e-82	"5"	"SMYD3"
1.78288449170707e-86	0.528001782147776	0.287	0.182	6.52553552809706e-82	"5"	"DNLZ"
5.91671111292589e-86	0.512368766954288	0.298	0.191	2.16557543444201e-81	"5"	"PKP4"
4.25765737209386e-85	0.676030468254815	0.25	0.155	1.55834517476007e-80	"5"	"PCDH9"
4.49687002428762e-83	0.522807697170445	0.308	0.2	1.64589939758951e-78	"5"	"WIZ"
2.75184851523752e-82	0.527634165999779	0.274	0.174	1.00720407506208e-77	"5"	"GPT2"
9.85447330258768e-82	0.700932780521277	0.372	0.267	3.60683577348012e-77	"5"	"CHI3L1"
7.57465617701528e-81	0.54902526565423	0.25	0.155	2.77239990734936e-76	"5"	"DNAAF4"
0	2.16926090767265	0.536	0.197	0	"6"	"PTN"
0	1.51302141102037	0.598	0.361	0	"6"	"TGM2"
0	1.14984831545199	0.782	0.592	0	"6"	"FIBIN"
0	0.609358745543685	0.927	0.769	0	"6"	"COL8A1"
0	0.910473432630946	0.968	0.84	0	"6"	"TNC"
0	0.754984975570718	0.96	0.873	0	"6"	"EGR1"
0	0.971563727516535	0.848	0.77	0	"6"	"WWTR1"
0	0.722428138891832	0.986	0.924	0	"6"	"MFAP4"
0	0.598405400215495	0.979	0.945	0	"6"	"LGALS3BP"
0	0.634791987301342	0.937	0.906	0	"6"	"FAP"
0	0.840241658984414	0.995	0.964	0	"6"	"CTHRC1"
0	0.651443197611414	0.988	0.958	0	"6"	"MFAP2"
0	0.751988841497532	0.984	0.957	0	"6"	"FOS"
0	0.645740514813749	0.996	0.979	0	"6"	"SERPINF1"
0	1.05361267810707	0.997	0.983	0	"6"	"HLA-B"
0	0.583098721255341	1	0.996	0	"6"	"COL6A3"
0	0.579115792980707	1	1	0	"6"	"COL6A1"
7.90505033345994e-322	0.6962601797521	0.963	0.929	2.89332747254967e-317	"6"	"JUN"
1.11153144363273e-301	0.594792189906919	0.95	0.929	4.06831623684016e-297	"6"	"JUND"
7.61176477384294e-276	1.85725842282698	0.306	0.132	2.78598202487425e-271	"6"	"LRRC15"
6.41509053158431e-274	1.14413861268564	0.598	0.44	2.34798728546517e-269	"6"	"SNHG17"
1.4375664715271e-272	0.505083421395117	0.993	0.984	5.26163704243633e-268	"6"	"PLAC9"
1.22567580631919e-263	0.689088680107627	0.929	0.888	4.48609601870888e-259	"6"	"IER2"
4.07882891605763e-262	0.517486203802919	0.979	0.922	1.49289217156625e-257	"6"	"FBLN1"
2.8389597061628e-261	0.65929214244343	0.879	0.809	1.03908764205265e-256	"6"	"DPYSL3"
5.9940992436605e-261	1.31145380558511	0.563	0.383	2.19390026417218e-256	"6"	"HES1"
1.13260241625166e-244	0.683010649401546	0.855	0.815	4.14543810372272e-240	"6"	"SMIM3"
8.48191060859483e-241	1.0769583305746	0.565	0.39	3.1044641018518e-236	"6"	"LTBP4"
9.87724341617739e-231	1.91377803497589	0.28	0.125	3.61516986275509e-226	"6"	"EDNRA"
3.32483458943673e-228	1.54379201137851	0.341	0.175	1.21692270807974e-223	"6"	"KANSL1-AS1"
5.57484643662598e-227	0.994816046988565	0.592	0.452	2.04044954426947e-222	"6"	"TFB2M"
4.2311590929645e-220	0.851741892536731	0.701	0.591	1.54864653961594e-215	"6"	"GXYLT2"
1.14721343981049e-207	0.547745306613898	0.908	0.868	4.19891591105037e-203	"6"	"LAMB1"
2.33102596851806e-204	0.549055715717408	0.934	0.892	8.53178814737294e-200	"6"	"IFITM1"
6.16298965325544e-192	1.21505482250596	0.459	0.305	2.25571584298802e-187	"6"	"SGCD"
2.71548396546435e-185	0.700904217397874	0.777	0.65	9.93894286199606e-181	"6"	"TRIB3"
2.84232527903418e-185	1.24714473551785	0.504	0.347	1.0403194753793e-180	"6"	"ASPN"
5.77583276948931e-176	0.785018757095732	0.716	0.648	2.11401255196078e-171	"6"	"EMP2"
6.30627870396182e-172	1.60207306860532	0.292	0.151	2.30816106843707e-167	"6"	"RBP1"
4.79981574009993e-170	0.635190338415949	0.821	0.764	1.75678055903397e-165	"6"	"TENT5A"
1.23838954274097e-166	0.836027179230232	0.673	0.596	4.53262956538622e-162	"6"	"INAFM1"
8.70114752190582e-157	1.45059924035568	0.313	0.177	3.18470700449275e-152	"6"	"TENM4"
1.28902784673222e-137	0.785659773554974	0.483	0.331	4.71797082182461e-133	"6"	"LRRC17"
1.9095273195415e-135	0.746563537367758	0.611	0.524	6.98906094225383e-131	"6"	"C19orf48"
6.00476961669823e-131	0.831554120674846	0.581	0.487	2.19780572740772e-126	"6"	"PLTP"
1.02889106196527e-123	1.45117329152355	0.262	0.148	3.76584417589907e-119	"6"	"CNIH3"
1.47940077322159e-118	0.536796588090563	0.768	0.697	5.41475477006834e-114	"6"	"CA12"
1.00789590971688e-113	0.7376814526977	0.768	0.757	3.68899981915475e-109	"6"	"IFI6"
2.86598928681705e-113	0.731738084454209	0.506	0.385	1.04898073886791e-108	"6"	"U2AF1L5"
1.51336507139656e-109	0.641795646250724	0.683	0.644	5.53906749781853e-105	"6"	"RNASET2"
1.17973577566599e-104	0.740917436180801	0.566	0.457	4.31795091251509e-100	"6"	"IL32"
6.799397037817e-100	0.812051101675847	0.515	0.426	2.4886473098114e-95	"6"	"ABCA1"
1.09233997140075e-94	0.610409165056298	0.612	0.56	3.99807352932387e-90	"6"	"ZNF358"
1.0909749170444e-93	0.835522916619869	0.475	0.373	3.9930772938742e-89	"6"	"CDH13"
3.49789627423681e-92	0.861975363231871	0.589	0.519	1.28026501533342e-87	"6"	"PHLDA1"
1.61438062061087e-91	1.12286883287569	0.297	0.19	5.90879450949783e-87	"6"	"GAP43"
8.15489345892008e-91	0.565462851097582	0.515	0.399	2.98477255489934e-86	"6"	"PITX2"
2.77790550464482e-89	0.531063842139001	0.77	0.764	1.01674119375505e-84	"6"	"CDKN2A"
3.9809343951754e-88	0.904205028731341	0.428	0.338	1.45706179797815e-83	"6"	"TBX3"
5.91759825812676e-82	0.674736789377535	0.523	0.417	2.16590013845698e-77	"6"	"G0S2"
1.5094812288325e-81	0.594971591516028	0.554	0.471	5.52485224564982e-77	"6"	"PLAT"
1.28270593933014e-79	0.544202586313112	0.694	0.686	4.69483200854223e-75	"6"	"SDCCAG8"
1.9591728926097e-79	0.662715005302856	0.586	0.541	7.17076870424075e-75	"6"	"ITM2C"
2.54307679155957e-78	0.510943802190869	0.676	0.619	9.30791536478718e-74	"6"	"FOSB"
8.3889473724836e-76	0.697628697453031	0.516	0.457	3.07043862780272e-71	"6"	"XAF1"
1.30396812536893e-73	0.629533054114015	0.58	0.533	4.77265373566282e-69	"6"	"PBX1"
7.11665782686018e-73	0.761829981973932	0.473	0.412	2.6047679312091e-68	"6"	"SMAD1"
3.14827450097108e-71	0.844797348438568	0.443	0.35	1.15229995010042e-66	"6"	"BDKRB1"
8.48332754840487e-70	0.560569683250966	0.535	0.46	3.10498271599167e-65	"6"	"FOXD1"
1.57895505286846e-69	0.505233616520987	0.611	0.547	5.77913338900384e-65	"6"	"F2R"
2.74413640905882e-69	0.713391557645749	0.426	0.345	1.00438136707962e-64	"6"	"CBWD1"
9.78232328475236e-68	0.79881128378775	0.429	0.357	3.58042814545221e-63	"6"	"C1orf54"
1.47794014611877e-66	0.888298176559856	0.329	0.244	5.4094087288093e-62	"6"	"LINC00960"
3.25586051419053e-64	0.907075684679372	0.409	0.336	1.19167750679888e-59	"6"	"SIX1"
2.6515242680996e-60	0.530762845535127	0.587	0.555	9.70484397367135e-56	"6"	"FUT8"
3.31038936017981e-60	0.733193939894455	0.483	0.416	1.21163560971941e-55	"6"	"SCG5"
6.17716049629932e-55	1.06194101101478	0.264	0.189	2.26090251325051e-50	"6"	"ETV1"
3.5922623546337e-54	0.629212170655969	0.481	0.434	1.31480394441948e-49	"6"	"C2orf74"
4.21531870292883e-54	0.605882429835835	0.505	0.461	1.54284879845898e-49	"6"	"BBC3"
5.51411397460626e-50	0.887122286396567	0.344	0.281	2.01822085584564e-45	"6"	"FAIM2"
8.13125999835013e-50	0.577068048392026	0.507	0.459	2.97612247199613e-45	"6"	"FZD2"
4.1152926413351e-49	0.706848602052172	0.412	0.357	1.50623825965506e-44	"6"	"KCNG1"
1.17616415259957e-48	0.509618662878013	0.622	0.613	4.30487841492969e-44	"6"	"RUNX1"
2.46014854107558e-46	0.840976759526608	0.28	0.211	9.00438967519072e-42	"6"	"TOX2"
1.57888383675104e-45	0.708980074390859	0.416	0.375	5.77887273089248e-41	"6"	"KANSL1"
3.85651207328053e-45	0.551087092028848	0.49	0.434	1.4115219839414e-40	"6"	"SOX9"
1.25890682134116e-44	0.811010076969197	0.421	0.348	4.60772485679078e-40	"6"	"CXCL2"
4.37242394621286e-44	0.599916484083557	0.671	0.666	1.60035088855337e-39	"6"	"GADD45B"
3.16927564704954e-38	0.656521354980488	0.367	0.311	1.1599865795766e-33	"6"	"GBP2"
4.57553414802355e-37	0.569040384859976	0.455	0.414	1.6746912535181e-32	"6"	"SMPDL3A"
4.70125175453935e-37	0.690355614192378	0.304	0.243	1.72070515467895e-32	"6"	"LIN7A"
1.8894392917148e-35	0.648376349812612	0.351	0.297	6.91553675160534e-31	"6"	"ABCA9"
5.91579328470142e-32	0.5804119180317	0.313	0.252	2.16523950013357e-27	"6"	"QPRT"
5.59365754417595e-31	0.56519983537755	0.387	0.338	2.04733459774384e-26	"6"	"KIF26B"
2.19115738265704e-30	0.752933823170717	0.288	0.24	8.01985513626304e-26	"6"	"LINC01605"
6.10893122226602e-29	0.606790142097081	0.39	0.352	2.23592991666158e-24	"6"	"ATF3"
3.36231646778792e-28	0.655979242749213	0.349	0.307	1.23064145037506e-23	"6"	"RUNX2"
1.78007852531825e-27	0.549429765765462	0.436	0.404	6.51526541051733e-23	"6"	"NTM"
1.56017405231109e-26	0.726415938045821	0.449	0.402	5.7103930488638e-22	"6"	"H19"
3.97609404674684e-26	0.757439847103477	0.34	0.304	1.45529018204981e-21	"6"	"NET1"
2.88047217197739e-25	0.604010797809098	0.406	0.381	1.05428161966544e-20	"6"	"TIPARP"
6.67124480564021e-25	0.602173032250606	0.526	0.532	2.44174231131237e-20	"6"	"SLC20A1"
3.20634144693618e-24	0.799302186660657	0.253	0.21	1.17355303299311e-19	"6"	"COL13A1"
2.46750790934826e-23	0.573087790659786	0.361	0.324	9.03132569900558e-19	"6"	"ABCA6"
4.31555941562314e-23	0.513148751521798	0.421	0.412	1.57953790171223e-18	"6"	"PPIL3"
1.78116270682522e-22	0.564975576704688	0.388	0.368	6.519233623251e-18	"6"	"SLC38A6"
2.5161675282848e-21	0.588531219954239	0.35	0.325	9.20942477027519e-17	"6"	"BX284668.5"
1.02579110308573e-19	0.60932290102791	0.27	0.23	3.75449801640408e-15	"6"	"LOXL4"
6.81229176312396e-19	0.513067816801019	0.37	0.351	2.493366908221e-14	"6"	"CORO2B"
2.38715906266679e-18	0.50162457563747	0.404	0.399	8.73724088526674e-14	"6"	"SRGAP2C"
2.75098783077804e-16	0.650528267916356	0.292	0.267	1.00688905594307e-11	"6"	"SYNGR1"
6.85743307494342e-16	0.634675907886656	0.282	0.256	2.50988907976004e-11	"6"	"TRPS1"
8.67651042258158e-16	0.714607581927202	0.273	0.245	3.17568957976908e-11	"6"	"LPXN"
1.65974871773102e-15	0.594715156193617	0.314	0.293	6.0748462817673e-11	"6"	"PMEPA1"
2.05772170822196e-12	0.516454849936514	0.332	0.325	7.53146722426321e-08	"6"	"NAT14"
1.30286982870217e-11	0.579419662279871	0.287	0.272	4.76863386003283e-07	"6"	"PLAG1"
8.43265926629353e-11	0.528687820187815	0.265	0.246	3.0864376180561e-06	"6"	"TCEAL7"
1.22773015290892e-10	0.562822245267056	0.282	0.266	4.49361513266195e-06	"6"	"ARHGAP22"
2.00152227152772e-10	0.532123189961128	0.281	0.261	7.32577166601862e-06	"6"	"DBP"
2.41365346119127e-10	0.511419714718642	0.387	0.393	8.83421303330616e-06	"6"	"QPCT"
1.18256622819683e-06	0.549292532209695	0.268	0.266	0.0432831065182323	"6"	"CROCC"
5.50852875161063e-05	0.522461366589569	0.282	0.27	1	"6"	"CXCL3"
0.00134606360390565	0.599445594046562	0.281	0.288	1	"6"	"TMEM158"
0	4.36975085634952	0.945	0.12	0	"7"	"TK1"
0	5.81017711728238	0.782	0.043	0	"7"	"BIRC5"
0	6.23510908301243	0.711	0.032	0	"7"	"RRM2"
0	4.89452539046388	0.759	0.082	0	"7"	"CDKN3"
0	3.11737009893136	0.931	0.259	0	"7"	"PCLAF"
0	5.77079279989322	0.684	0.021	0	"7"	"CENPM"
0	5.87404227101524	0.706	0.046	0	"7"	"PRC1"
0	5.63438169407836	0.725	0.072	0	"7"	"TPX2"
0	3.69059267997341	0.743	0.102	0	"7"	"CENPW"
0	6.80902853559534	0.66	0.022	0	"7"	"ANLN"
0	7.73235952163791	0.645	0.013	0	"7"	"MKI67"
0	6.69710270922684	0.668	0.04	0	"7"	"CENPF"
0	4.53527505889535	0.829	0.202	0	"7"	"PTTG1"
0	7.15547324584117	0.641	0.021	0	"7"	"CDC20"
0	5.95781800816331	0.681	0.067	0	"7"	"CCNB1"
0	6.56529715792969	0.633	0.021	0	"7"	"NUSAP1"
0	3.99106742398274	0.716	0.109	0	"7"	"DIAPH3"
0	4.99869605786186	0.658	0.053	0	"7"	"MAD2L1"
0	3.31070853237997	0.745	0.141	0	"7"	"RNASEH2A"
0	5.59559169873055	0.628	0.028	0	"7"	"LMNB1"
0	3.7997729422126	0.68	0.089	0	"7"	"FOXM1"
0	3.18061122904657	0.777	0.188	0	"7"	"DHFR"
0	4.88647095971614	0.626	0.042	0	"7"	"ZWINT"
0	5.40260399175021	0.609	0.026	0	"7"	"TRIP13"
0	3.30947313734754	0.933	0.352	0	"7"	"TYMS"
0	4.32975126120052	0.642	0.066	0	"7"	"CENPK"
0	4.01828443504292	0.678	0.104	0	"7"	"MCM5"
0	7.32291791392607	0.58	0.007	0	"7"	"SHCBP1"
0	4.71326485265544	0.635	0.067	0	"7"	"CCNB2"
0	7.70385385673212	0.582	0.014	0	"7"	"UBE2C"
0	3.43168291558942	0.756	0.189	0	"7"	"MCM7"
0	2.9158029013793	0.722	0.156	0	"7"	"CENPN"
0	7.6382936228674	0.572	0.007	0	"7"	"CEP55"
0	4.37610252519089	0.647	0.085	0	"7"	"UHRF1"
0	7.03032402932748	0.562	0.008	0	"7"	"KIF20A"
0	5.08915401545006	0.575	0.031	0	"7"	"GINS2"
0	5.31513859875961	0.559	0.023	0	"7"	"CENPU"
0	6.66782805232644	0.544	0.011	0	"7"	"CLSPN"
0	3.91892148732044	0.816	0.291	0	"7"	"CKS2"
0	3.72059321697852	0.645	0.123	0	"7"	"UBE2T"
0	5.58111968965796	0.564	0.042	0	"7"	"ASPM"
0	8.01904887366263	0.523	0.004	0	"7"	"DLGAP5"
0	1.88520049749475	0.884	0.368	0	"7"	"GGH"
0	2.84487118887479	0.705	0.19	0	"7"	"DNAJC9"
0	5.92228266124446	0.526	0.012	0	"7"	"MYBL2"
0	2.30277136501083	0.783	0.271	0	"7"	"EZR"
0	6.24388253690748	0.533	0.021	0	"7"	"CDCA3"
0	4.26169744802905	0.573	0.063	0	"7"	"HELLS"
0	6.98892051859524	0.516	0.007	0	"7"	"PBK"
0	5.68224285019869	0.548	0.042	0	"7"	"TOP2A"
0	2.32403943806378	0.767	0.267	0	"7"	"SMC2"
0	3.77741369214486	0.983	0.486	0	"7"	"STMN1"
0	2.8895874551192	0.615	0.119	0	"7"	"LRR1"
0	6.15701317028819	0.52	0.026	0	"7"	"CCNA2"
0	3.50167473657544	0.563	0.07	0	"7"	"NCAPG2"
0	2.2276961661409	0.731	0.243	0	"7"	"HMGB3"
0	6.62939584407602	0.496	0.009	0	"7"	"KNL1"
0	3.92975916567515	0.57	0.086	0	"7"	"KIF20B"
0	2.16597808110474	0.821	0.338	0	"7"	"DDX39A"
0	2.7825541476735	0.624	0.142	0	"7"	"PHF19"
0	6.07514686697628	0.49	0.009	0	"7"	"APOBEC3B"
0	4.55916320817709	0.544	0.066	0	"7"	"KIF23"
0	2.88444466743693	0.629	0.154	0	"7"	"MCM4"
0	3.69244848753657	0.644	0.17	0	"7"	"CKAP2"
0	2.74881387265214	0.747	0.274	0	"7"	"FGF5"
0	2.71587392434995	0.572	0.101	0	"7"	"CENPH"
0	1.76226454021274	0.832	0.365	0	"7"	"ACOT7"
0	5.40507949463565	0.49	0.023	0	"7"	"NCAPG"
0	4.88254611335307	0.486	0.022	0	"7"	"SPC24"
0	5.95486119730315	0.479	0.016	0	"7"	"TACC3"
0	3.05715801738375	0.635	0.175	0	"7"	"MCM3"
0	2.45320147477437	0.944	0.487	0	"7"	"DTYMK"
0	3.71734448252899	0.547	0.091	0	"7"	"FEN1"
0	4.16976710672915	0.507	0.051	0	"7"	"CDT1"
0	8.00052262298433	0.458	0.003	0	"7"	"HMMR"
0	7.27111475285674	0.458	0.004	0	"7"	"PKMYT1"
0	2.14834408372628	0.822	0.368	0	"7"	"RRM1"
0	2.41105137630171	0.768	0.316	0	"7"	"AC011603.2"
0	3.95414067899212	0.519	0.069	0	"7"	"RACGAP1"
0	7.12387281702714	0.455	0.005	0	"7"	"ASF1B"
0	2.14151673007589	0.694	0.244	0	"7"	"NSD2"
0	2.14281116127613	0.721	0.272	0	"7"	"RPL39L"
0	1.90269809195305	0.776	0.329	0	"7"	"MTHFD1"
0	2.55612774945377	0.789	0.344	0	"7"	"H2AFX"
0	7.23495270990194	0.45	0.005	0	"7"	"DEPDC1"
0	3.29700146850643	0.58	0.135	0	"7"	"ATAD2"
0	2.12801495863874	0.678	0.236	0	"7"	"RANGAP1"
0	3.89127328658154	0.488	0.046	0	"7"	"POC1A"
0	2.15544551081291	0.889	0.447	0	"7"	"FABP5"
0	4.31369793916172	0.476	0.037	0	"7"	"MCM2"
0	4.30516182641116	0.477	0.038	0	"7"	"TCF19"
0	5.65915088920712	0.45	0.011	0	"7"	"TROAP"
0	7.33718830233459	0.447	0.01	0	"7"	"PLK1"
0	5.51547579738508	0.467	0.032	0	"7"	"CENPE"
0	1.55441259672848	0.767	0.335	0	"7"	"TFPI2"
0	7.45321036524851	0.435	0.004	0	"7"	"KIFC1"
0	2.32760068568477	0.793	0.366	0	"7"	"TMPO"
0	2.85147120867048	0.519	0.092	0	"7"	"LIG1"
0	4.89815200044811	0.451	0.025	0	"7"	"ORC6"
0	7.83958748245878	0.425	0.003	0	"7"	"PIMREG"
0	4.34502570247905	0.455	0.034	0	"7"	"MELK"
0	1.72583444362886	0.831	0.41	0	"7"	"TMEM106C"
0	2.17381503444818	0.628	0.208	0	"7"	"RFC2"
0	2.81195119758527	0.548	0.13	0	"7"	"ECT2"
0	2.64225937214765	0.56	0.143	0	"7"	"GMNN"
0	2.8246731813612	0.507	0.09	0	"7"	"ZWILCH"
0	1.71190231516666	0.899	0.483	0	"7"	"SNRPA1"
0	2.44850875564861	0.629	0.217	0	"7"	"NCAPD2"
0	2.03449614223478	0.943	0.531	0	"7"	"RPA3"
0	1.64142767400591	0.9	0.489	0	"7"	"NUDT1"
0	4.28237734641013	0.439	0.031	0	"7"	"PRR11"
0	5.21189359393963	0.424	0.017	0	"7"	"RAD51AP1"
0	3.1476716421711	0.478	0.071	0	"7"	"TIMELESS"
0	7.73289559288678	0.41	0.004	0	"7"	"GTSE1"
0	3.91243574813281	0.448	0.043	0	"7"	"BRCA1"
0	1.40836240578513	0.8	0.397	0	"7"	"CD9"
0	6.21548111297446	0.411	0.009	0	"7"	"CKAP2L"
0	3.93657047813419	0.46	0.059	0	"7"	"SGO2"
0	5.51950475913875	0.43	0.029	0	"7"	"AURKA"
0	6.41169464821559	0.407	0.007	0	"7"	"KIF4A"
0	6.57313797497407	0.406	0.007	0	"7"	"BUB1"
0	1.48773721454372	0.815	0.416	0	"7"	"PPIH"
0	2.41611783016757	0.52	0.124	0	"7"	"MET"
0	1.49696498214848	0.826	0.431	0	"7"	"SKA2"
0	1.90975057924389	0.875	0.483	0	"7"	"ANP32E"
0	2.60373100103903	0.489	0.097	0	"7"	"MIS18A"
0	1.48050408224426	0.72	0.328	0	"7"	"THOP1"
0	1.76663783727798	0.801	0.41	0	"7"	"SEMA7A"
0	1.63681965447307	0.832	0.441	0	"7"	"CSE1L"
0	4.68608623281435	0.427	0.037	0	"7"	"NDC80"
0	4.88342030488601	0.416	0.026	0	"7"	"KIF11"
0	3.73850890201756	0.425	0.037	0	"7"	"CIT"
0	1.75517838107702	0.826	0.439	0	"7"	"LMNB2"
0	1.57207597268579	0.682	0.296	0	"7"	"ATAD3A"
0	4.7138234080127	0.416	0.03	0	"7"	"CDC6"
0	1.53506835284413	0.837	0.451	0	"7"	"THOC3"
0	4.10291583928978	0.415	0.03	0	"7"	"FANCI"
0	1.78761518889241	0.602	0.218	0	"7"	"NES"
0	3.05066194765287	0.476	0.092	0	"7"	"CDCA2"
0	2.23253540221379	0.545	0.162	0	"7"	"RFC4"
0	1.83673745218274	0.632	0.249	0	"7"	"BCL2L12"
0	8.50016825140045	0.383	0.001	0	"7"	"SPC25"
0	1.79183994798073	0.748	0.366	0	"7"	"MZT1"
0	2.17684729946363	0.585	0.203	0	"7"	"MCM6"
0	2.0858753934082	0.757	0.377	0	"7"	"CKS1B"
0	1.66569893868171	0.657	0.277	0	"7"	"TOMM34"
0	1.53549261731219	0.71	0.33	0	"7"	"ARHGAP18"
0	1.60359781877034	0.779	0.4	0	"7"	"RAB3B"
0	6.78375213513606	0.387	0.008	0	"7"	"CENPA"
0	3.3745761626125	0.441	0.062	0	"7"	"CHAF1A"
0	1.72286838711169	0.771	0.394	0	"7"	"FOSL1"
0	3.27039194105918	0.433	0.057	0	"7"	"CIP2A"
0	1.70946615967116	0.906	0.531	0	"7"	"TUBG1"
0	6.7198839540707	0.382	0.008	0	"7"	"CDCA8"
0	1.59226444692363	0.616	0.242	0	"7"	"JPT2"
0	5.77681592893765	0.394	0.021	0	"7"	"CDK1"
0	1.7227509704103	0.575	0.202	0	"7"	"GALE"
0	1.63771128360679	0.672	0.3	0	"7"	"HMGA2"
0	1.48368776088847	0.787	0.416	0	"7"	"PGP"
0	3.926105213925	0.402	0.032	0	"7"	"MND1"
0	6.05685976128673	0.374	0.006	0	"7"	"OIP5"
0	1.36385340124933	0.78	0.414	0	"7"	"CCDC34"
0	1.36923064999982	0.691	0.325	0	"7"	"OXCT1"
0	1.32764132903334	0.786	0.421	0	"7"	"MGLL"
0	2.43587928967021	0.51	0.146	0	"7"	"DBF4"
0	2.60336753622118	0.458	0.094	0	"7"	"EZH2"
0	3.14592252922921	0.432	0.07	0	"7"	"HHIP"
0	2.62718436472479	0.445	0.083	0	"7"	"VRK1"
0	6.12757160568823	0.369	0.007	0	"7"	"SPAG5"
0	7.0823399578737	0.363	0.003	0	"7"	"NCAPH"
0	2.19687457115662	0.488	0.128	0	"7"	"NCAPD3"
0	6.80201164473259	0.365	0.005	0	"7"	"CDC45"
0	1.34611288709687	0.653	0.294	0	"7"	"CENPS"
0	1.64379575562424	0.644	0.285	0	"7"	"PEG10"
0	1.73324825743883	0.915	0.556	0	"7"	"CENPX"
0	1.39683129968614	0.634	0.277	0	"7"	"COQ2"
0	1.40393638021484	0.868	0.511	0	"7"	"WDR34"
0	1.88931565847403	0.944	0.587	0	"7"	"DNMT1"
0	2.28403913526001	0.849	0.493	0	"7"	"KPNA2"
0	3.98064273896716	0.396	0.041	0	"7"	"ARHGAP11A"
0	6.9274076187041	0.359	0.005	0	"7"	"KIF2C"
0	2.46210824331007	0.466	0.113	0	"7"	"DSN1"
0	1.90526273604765	0.865	0.512	0	"7"	"SMC4"
0	1.45320356496217	0.602	0.249	0	"7"	"TCF7"
0	4.00729568561949	0.383	0.03	0	"7"	"PSMC3IP"
0	7.48093286149917	0.355	0.003	0	"7"	"NUF2"
0	1.33971009782704	0.685	0.334	0	"7"	"DIAPH1"
0	1.85023152880505	0.791	0.44	0	"7"	"PCNA"
0	7.36781817653428	0.353	0.003	0	"7"	"BUB1B"
0	1.40012834489998	0.79	0.442	0	"7"	"HAT1"
0	1.48880807147343	0.583	0.235	0	"7"	"CTPS1"
0	1.23955280232064	0.831	0.483	0	"7"	"FARSB"
0	4.37216337235303	0.37	0.025	0	"7"	"RAD51"
0	2.80292157157673	0.474	0.13	0	"7"	"KNSTRN"
0	1.1904906386882	0.91	0.567	0	"7"	"TUBB2A"
0	1.89595618334121	0.489	0.146	0	"7"	"SDC1"
0	1.39373052931184	0.821	0.478	0	"7"	"DKK1"
0	6.58041424491367	0.347	0.005	0	"7"	"DTL"
0	1.39776550319604	0.91	0.569	0	"7"	"SAE1"
0	2.82473825036298	0.404	0.063	0	"7"	"WDHD1"
0	1.4863158672111	0.709	0.368	0	"7"	"SPDL1"
0	2.56125709851911	0.436	0.095	0	"7"	"BRCA2"
0	2.27241171797269	0.462	0.122	0	"7"	"MALL"
0	1.24404146553781	0.729	0.389	0	"7"	"POLE3"
0	1.57434541649392	0.584	0.244	0	"7"	"PNP"
0	1.20014020234345	0.745	0.405	0	"7"	"ABHD12"
0	1.34901780359767	0.697	0.358	0	"7"	"CCND3"
0	1.22398330935442	0.736	0.398	0	"7"	"GPATCH4"
0	2.56291624329811	0.483	0.145	0	"7"	"TM4SF1"
0	1.43175775892798	0.875	0.538	0	"7"	"TOMM40"
0	3.46216125825134	0.377	0.041	0	"7"	"RFC3"
0	1.53674992336637	0.538	0.206	0	"7"	"FMN2"
0	1.57485556540455	0.548	0.216	0	"7"	"C9orf40"
0	3.08413526222037	0.389	0.057	0	"7"	"POLA2"
0	1.48930267890989	0.628	0.296	0	"7"	"TEX30"
0	1.452971725725	0.829	0.497	0	"7"	"PHLDA2"
0	1.78503396081541	0.492	0.16	0	"7"	"DONSON"
0	1.48665804365377	0.83	0.498	0	"7"	"SMC1A"
0	1.16567517220481	0.871	0.54	0	"7"	"TMEM160"
0	1.24166921119121	0.783	0.453	0	"7"	"DCTPP1"
0	4.01253448005244	0.351	0.021	0	"7"	"GINS4"
0	1.07874705525301	0.815	0.485	0	"7"	"MAGOHB"
0	1.28714433282502	0.799	0.473	0	"7"	"EXOSC8"
0	2.51868952256839	0.411	0.086	0	"7"	"FAM180A"
0	6.73005982368011	0.331	0.009	0	"7"	"HIST1H3B"
0	1.66676406157824	0.48	0.158	0	"7"	"POP1"
0	6.83369878654832	0.324	0.003	0	"7"	"IQGAP3"
0	7.39480581825691	0.323	0.002	0	"7"	"SGO1"
0	1.52694591418947	0.729	0.408	0	"7"	"KIF22"
0	2.0948319467364	0.478	0.157	0	"7"	"CDCA4"
0	2.34349229214379	0.407	0.087	0	"7"	"CDK2"
0	2.28904414680624	0.406	0.087	0	"7"	"RFC5"
0	1.88063792669754	0.45	0.131	0	"7"	"ATAD3B"
0	1.59147139163324	0.876	0.557	0	"7"	"SDF2L1"
0	1.64899036339691	0.502	0.184	0	"7"	"S100A3"
0	1.54532737153963	0.514	0.196	0	"7"	"ANKRD9"
0	6.7856134871511	0.322	0.005	0	"7"	"HJURP"
0	5.44651145358769	0.325	0.008	0	"7"	"SKA3"
0	1.62670723908073	0.487	0.172	0	"7"	"DCK"
0	5.40734284293535	0.325	0.012	0	"7"	"AURKB"
0	1.55305327789263	0.487	0.175	0	"7"	"SPA17"
0	1.30824076610953	0.874	0.564	0	"7"	"EFHD2"
0	7.2451902426368	0.312	0.002	0	"7"	"ESCO2"
0	5.47195967736915	0.319	0.01	0	"7"	"E2F1"
0	2.35879063559767	0.406	0.098	0	"7"	"BARD1"
0	2.13530416677355	0.454	0.146	0	"7"	"ENPP1"
0	1.60474442881476	0.481	0.173	0	"7"	"CHEK1"
0	1.50142085312053	0.869	0.561	0	"7"	"NASP"
0	1.17889551429225	0.908	0.601	0	"7"	"DAZAP1"
0	2.19853869530777	0.394	0.088	0	"7"	"ARNTL2"
0	1.56639147688902	0.481	0.175	0	"7"	"CEP78"
0	1.17329594778657	0.863	0.557	0	"7"	"RRP7A"
0	1.54283623638837	0.469	0.164	0	"7"	"NCAPH2"
0	2.82384585253718	0.359	0.058	0	"7"	"CHAF1B"
0	3.54838485916258	0.332	0.033	0	"7"	"RMI2"
0	4.13299625040252	0.321	0.022	0	"7"	"CDCA7"
0	1.51624662802633	0.464	0.166	0	"7"	"NUP205"
0	5.37318173497574	0.313	0.016	0	"7"	"FAM83D"
0	1.67660708549394	0.44	0.144	0	"7"	"PRR34-AS1"
0	1.2026415257257	0.864	0.57	0	"7"	"CBX5"
0	6.38924920735133	0.298	0.005	0	"7"	"KIF14"
0	6.41550716275168	0.297	0.004	0	"7"	"SKA1"
0	1.13412178938878	0.888	0.596	0	"7"	"ATP1B3"
0	2.9585548774433	0.338	0.046	0	"7"	"PARPBP"
0	1.83315039139185	0.425	0.135	0	"7"	"CCDC18"
0	2.69849368268228	0.346	0.056	0	"7"	"PRIM1"
0	5.94012942351036	0.309	0.021	0	"7"	"HIST1H1B"
0	1.7717368240656	0.417	0.132	0	"7"	"NAV2"
0	2.26229783501001	0.401	0.117	0	"7"	"RGS4"
0	1.82411291704099	0.39	0.106	0	"7"	"SHMT1"
0	5.71051471229211	0.288	0.006	0	"7"	"KIF15"
0	5.65415505737017	0.288	0.006	0	"7"	"CDCA5"
0	2.54894065326578	0.806	0.525	0	"7"	"HMGB2"
0	4.88432814263169	0.322	0.041	0	"7"	"HIST1H2AI"
0	7.67825056622173	0.283	0.002	0	"7"	"MCM10"
0	1.34573363812407	0.944	0.664	0	"7"	"CORO1C"
0	1.18047273732306	0.884	0.606	0	"7"	"PARP1"
0	2.60655642240223	0.334	0.057	0	"7"	"RBL1"
0	1.70436408374937	0.396	0.12	0	"7"	"FANCG"
0	2.00566547841446	0.369	0.094	0	"7"	"POLD1"
0	1.51258570255556	0.825	0.551	0	"7"	"SCUBE3"
0	1.06618308087548	0.924	0.651	0	"7"	"SCARA3"
0	1.10277659645907	0.889	0.616	0	"7"	"HPRT1"
0	3.90538625947942	0.318	0.046	0	"7"	"HIST1H2AG"
0	3.51197289709405	0.299	0.028	0	"7"	"WDR76"
0	4.00139150441151	0.29	0.019	0	"7"	"ATAD5"
0	2.34748754465668	0.34	0.072	0	"7"	"HAUS8"
0	2.61122595252699	0.321	0.054	0	"7"	"CENPO"
0	4.42770809364508	0.28	0.013	0	"7"	"FANCA"
0	1.26309252276306	0.953	0.689	0	"7"	"BOLA3"
0	3.37992297542195	0.294	0.03	0	"7"	"MASTL"
0	2.22679238017378	0.363	0.1	0	"7"	"GPSM2"
0	1.0331305648175	0.911	0.65	0	"7"	"CBX1"
0	1.20508279124165	0.932	0.672	0	"7"	"ODC1"
0	1.31131843850515	0.953	0.693	0	"7"	"LSM5"
0	6.66336068580275	0.262	0.003	0	"7"	"TTK"
0	3.65858843710322	0.288	0.029	0	"7"	"KIF18A"
0	2.33991435270672	0.373	0.116	0	"7"	"FBXO5"
0	1.68467033960348	0.362	0.105	0	"7"	"PFAS"
0	1.93360976375766	0.347	0.091	0	"7"	"NDC1"
0	1.05951069140679	0.9	0.645	0	"7"	"TFDP1"
0	3.55974415447223	0.277	0.022	0	"7"	"CHTF18"
0	4.63717455173052	0.269	0.015	0	"7"	"NEIL3"
0	2.70459699896341	0.307	0.053	0	"7"	"C21orf58"
0	5.11508687943976	0.262	0.009	0	"7"	"MYBL1"
0	3.5423077734803	0.276	0.023	0	"7"	"POLE2"
0	3.19347263246294	0.299	0.05	0	"7"	"PSRC1"
0	3.97475285849789	0.265	0.017	0	"7"	"GINS1"
0	2.65095622447559	0.322	0.075	0	"7"	"INCENP"
0	1.66940411452717	0.347	0.1	0	"7"	"WRAP53"
0	2.82995255921963	0.279	0.035	0	"7"	"CENPP"
0	0.939027027028166	0.907	0.663	0	"7"	"SPCS3"
0	1.15125713130216	0.943	0.699	0	"7"	"CTNNAL1"
0	4.06269243301307	0.259	0.016	0	"7"	"STIL"
0	1.02207383907175	0.928	0.685	0	"7"	"UBE2N"
0	1.03307919850553	0.931	0.69	0	"7"	"COMMD4"
0	1.44921006535251	0.972	0.731	0	"7"	"ALYREF"
0	2.90684301138437	0.277	0.037	0	"7"	"TEDC1"
0	1.82538777225748	0.316	0.082	0	"7"	"UBASH3B"
0	2.02144250257903	0.302	0.07	0	"7"	"CSPG4"
0	1.14377183287779	0.947	0.716	0	"7"	"RUVBL2"
0	1.09603562143849	0.91	0.68	0	"7"	"CAV2"
0	2.35967186275079	0.282	0.052	0	"7"	"POLA1"
0	2.09155078152938	0.296	0.068	0	"7"	"CENPJ"
0	2.03018523451274	0.984	0.758	0	"7"	"JPT1"
0	0.983273763322044	0.938	0.712	0	"7"	"SNRPA"
0	1.14710479850365	0.936	0.711	0	"7"	"EBNA1BP2"
0	2.61946789121067	0.277	0.052	0	"7"	"ITGA6"
0	1.38139106414016	0.964	0.741	0	"7"	"SRSF2"
0	1.05362292780435	0.934	0.712	0	"7"	"DCBLD2"
0	1.00824458407475	0.937	0.719	0	"7"	"STIP1"
0	2.55548078553736	0.26	0.042	0	"7"	"MYEOV"
0	0.957894798838507	0.925	0.708	0	"7"	"TIMM17A"
0	2.21191400353647	0.288	0.072	0	"7"	"ITGA3"
0	1.06615409996967	0.966	0.751	0	"7"	"HNRNPM"
0	1.20420305127851	0.96	0.749	0	"7"	"CYCS"
0	2.41839781161707	0.95	0.74	0	"7"	"UBE2S"
0	1.069490474601	0.947	0.738	0	"7"	"PAICS"
0	1.42273318951509	0.949	0.74	0	"7"	"CCND1"
0	1.61523277541251	0.988	0.779	0	"7"	"LSM4"
0	1.06973144756651	0.933	0.725	0	"7"	"CKLF"
0	0.97323987475013	0.93	0.723	0	"7"	"C20orf27"
0	2.27637093923945	0.262	0.055	0	"7"	"CENPQ"
0	2.26756968496377	0.254	0.049	0	"7"	"MMS22L"
0	2.14691081714564	0.264	0.06	0	"7"	"GEN1"
0	2.67518901068763	0.25	0.047	0	"7"	"PODXL"
0	1.00084721053255	0.938	0.737	0	"7"	"SSRP1"
0	2.87146850577297	0.254	0.054	0	"7"	"HIST1H1D"
0	1.02920112427151	0.923	0.726	0	"7"	"MANF"
0	0.870434272369448	0.924	0.728	0	"7"	"NANS"
0	1.04077865952766	0.945	0.749	0	"7"	"ILF3"
0	1.13649128382878	0.916	0.721	0	"7"	"BUB3"
0	0.836511359238214	0.939	0.746	0	"7"	"PSMD1"
0	1.41791552782195	0.979	0.788	0	"7"	"SMS"
0	1.24823240275573	0.964	0.775	0	"7"	"SRSF7"
0	1.16190955339903	0.959	0.771	0	"7"	"HNRNPH3"
0	1.33371171878905	0.963	0.78	0	"7"	"GLIPR1"
0	0.995392868936755	0.961	0.779	0	"7"	"UGDH"
0	1.01154337066785	0.952	0.772	0	"7"	"MRPL12"
0	0.904298832896707	0.943	0.764	0	"7"	"ARPC5L"
0	1.06451412638028	0.969	0.796	0	"7"	"LSM3"
0	1.20677184500107	0.972	0.799	0	"7"	"SNRPD1"
0	1.70032623617847	0.986	0.816	0	"7"	"RANBP1"
0	0.940274214043039	0.966	0.796	0	"7"	"PCMT1"
0	0.866502222489079	0.955	0.786	0	"7"	"LSM2"
0	1.22489341800021	0.981	0.812	0	"7"	"SRSF3"
0	0.922125540963928	0.968	0.806	0	"7"	"SYNCRIP"
0	0.852314366746236	0.959	0.798	0	"7"	"POLD2"
0	0.889472689249231	0.953	0.795	0	"7"	"RBBP7"
0	0.845173534026743	0.958	0.801	0	"7"	"G3BP1"
0	0.803007342651555	0.961	0.809	0	"7"	"MTCH2"
0	1.32759510305207	0.981	0.83	0	"7"	"HNRNPAB"
0	0.814492895118757	0.964	0.816	0	"7"	"ITGB1BP1"
0	1.04490274608576	0.978	0.835	0	"7"	"CACYBP"
0	2.30079921875615	0.994	0.856	0	"7"	"TUBB4B"
0	1.19775453128441	0.989	0.852	0	"7"	"LRRC59"
0	1.19051443515739	0.986	0.853	0	"7"	"HNRNPD"
0	0.977854307872151	0.973	0.844	0	"7"	"HNRNPR"
0	0.929017829019918	0.966	0.837	0	"7"	"NUCKS1"
0	0.906079620188303	0.976	0.848	0	"7"	"MLEC"
0	0.812814095343814	0.974	0.847	0	"7"	"HDGF"
0	1.07526887282853	0.981	0.855	0	"7"	"ATP5MC1"
0	1.06128853039603	0.98	0.854	0	"7"	"YWHAH"
0	0.775759971867603	0.972	0.847	0	"7"	"NDUFB3"
0	1.44401321341941	0.987	0.863	0	"7"	"SFPQ"
0	0.897597880461132	0.984	0.86	0	"7"	"EWSR1"
0	1.35960895674284	0.985	0.864	0	"7"	"FUS"
0	0.862458849249719	0.986	0.865	0	"7"	"MSN"
0	0.920477287062423	0.977	0.858	0	"7"	"GSPT1"
0	1.28914552714949	0.987	0.869	0	"7"	"SNRPB"
0	0.915104722695945	0.969	0.852	0	"7"	"PPM1G"
0	1.02428699729803	0.98	0.863	0	"7"	"TUBB3"
0	0.922520124656011	0.976	0.86	0	"7"	"PHB"
0	1.32667145108445	0.994	0.879	0	"7"	"TUBB6"
0	0.814255795032664	0.975	0.863	0	"7"	"UBE2L3"
0	0.907611304802529	0.987	0.877	0	"7"	"ACTN4"
0	0.847403095472241	0.98	0.871	0	"7"	"SNRPC"
0	0.767719594329186	0.972	0.866	0	"7"	"NUDC"
0	1.06763436188442	0.988	0.882	0	"7"	"PSME2"
0	1.05787238294219	0.986	0.88	0	"7"	"PLP2"
0	0.911863489029776	0.978	0.873	0	"7"	"COPRS"
0	1.2358878734808	0.989	0.885	0	"7"	"PSMD2"
0	1.34347624134517	0.991	0.887	0	"7"	"H2AFV"
0	0.907144992107937	0.985	0.882	0	"7"	"SNRPE"
0	0.734424178951889	0.975	0.872	0	"7"	"ARPC4"
0	0.898729076397485	0.98	0.879	0	"7"	"PSMC3"
0	0.981461887443133	0.984	0.889	0	"7"	"ILF2"
0	1.00608413366259	0.979	0.884	0	"7"	"PRKDC"
0	1.23349084434219	0.989	0.895	0	"7"	"NME1"
0	0.837081515972791	0.984	0.894	0	"7"	"NDUFB6"
0	0.910000714130151	0.989	0.899	0	"7"	"HNRNPL"
0	0.719301538070464	0.979	0.889	0	"7"	"SNRPD3"
0	0.872335909849366	0.988	0.899	0	"7"	"SNRPF"
0	0.719258376177091	0.981	0.893	0	"7"	"CYC1"
0	0.930298127219772	0.987	0.904	0	"7"	"CAPN2"
0	0.991778854800956	0.991	0.908	0	"7"	"CCT5"
0	0.802435738390117	0.987	0.904	0	"7"	"ARHGDIA"
0	1.17612281624911	0.988	0.907	0	"7"	"DUT"
0	1.09794680049369	0.993	0.914	0	"7"	"HNRNPA3"
0	0.740145960628325	0.982	0.904	0	"7"	"PPP1CA"
0	1.17005905415825	0.988	0.911	0	"7"	"HMGA1"
0	1.06681529298919	0.984	0.908	0	"7"	"PA2G4"
0	0.719683839726098	0.986	0.911	0	"7"	"IKBIP"
0	0.932245907161369	0.996	0.921	0	"7"	"CALM3"
0	0.805105926304122	0.98	0.905	0	"7"	"EIF1AX"
0	0.793623087571975	0.992	0.918	0	"7"	"CAP1"
0	0.72777303038976	0.983	0.909	0	"7"	"DDX39B"
0	0.690608103096222	0.987	0.913	0	"7"	"PDAP1"
0	0.756488473162774	0.984	0.91	0	"7"	"COPS6"
0	1.37093769130668	0.997	0.925	0	"7"	"TPM3"
0	0.803220039660938	0.981	0.909	0	"7"	"CCT2"
0	0.832960315155205	0.986	0.917	0	"7"	"FSCN1"
0	0.863121309395596	0.991	0.922	0	"7"	"TNFRSF12A"
0	0.925061445812781	0.994	0.926	0	"7"	"WDR1"
0	1.19802401504869	0.985	0.918	0	"7"	"DEK"
0	0.673197172958584	0.985	0.919	0	"7"	"ELOC"
0	0.636127171960575	0.982	0.919	0	"7"	"MDH1"
0	1.08744904446439	0.995	0.932	0	"7"	"COTL1"
0	0.835113969140278	0.989	0.926	0	"7"	"KPNB1"
0	0.798707423603874	0.99	0.928	0	"7"	"BZW1"
0	0.63731306752876	0.986	0.924	0	"7"	"NAA38"
0	0.75985986004519	0.987	0.926	0	"7"	"VCP"
0	2.50787276725578	1	0.94	0	"7"	"H2AFZ"
0	0.802566728167057	0.991	0.931	0	"7"	"XRCC5"
0	0.815136558253101	0.994	0.94	0	"7"	"C12orf75"
0	0.999188457439128	0.992	0.939	0	"7"	"HSPE1"
0	0.885729033652181	0.994	0.941	0	"7"	"HNRNPDL"
0	0.650361582591051	0.991	0.939	0	"7"	"SRP9"
0	0.72569278896154	0.992	0.94	0	"7"	"NHP2"
0	0.86822893123193	0.988	0.936	0	"7"	"C1QBP"
0	1.08044122093288	0.99	0.939	0	"7"	"MT1E"
0	0.652232548368894	0.989	0.939	0	"7"	"CCT7"
0	0.59683410714012	0.987	0.937	0	"7"	"PSMA2"
0	0.64304826829318	0.992	0.943	0	"7"	"ARPC1A"
0	0.711144801824097	0.988	0.94	0	"7"	"MRPL52"
0	0.771612988534335	0.994	0.946	0	"7"	"PSMB3"
0	0.567186783467242	0.989	0.942	0	"7"	"PRDX3"
0	0.768004845221017	0.991	0.944	0	"7"	"XRCC6"
0	1.06679267354304	0.995	0.951	0	"7"	"SNRPG"
0	0.825292154976973	0.994	0.95	0	"7"	"BANF1"
0	0.647848836453121	0.993	0.949	0	"7"	"POLR2E"
0	0.774276481807435	0.991	0.949	0	"7"	"SLIRP"
0	1.00917072095986	0.997	0.956	0	"7"	"CALM1"
0	0.83674972777607	0.993	0.953	0	"7"	"PRELID1"
0	0.611110261176373	0.995	0.955	0	"7"	"RBX1"
0	0.794966671596074	0.994	0.955	0	"7"	"AURKAIP1"
0	0.811040231716566	0.996	0.957	0	"7"	"TOMM5"
0	0.980338412906126	0.992	0.953	0	"7"	"SLC25A5"
0	0.871677488542143	0.996	0.958	0	"7"	"TMED9"
0	0.863203690805093	0.997	0.96	0	"7"	"CCT6A"
0	0.666123926054206	0.99	0.955	0	"7"	"TOMM6"
0	0.769386062834555	0.995	0.963	0	"7"	"SRM"
0	1.61673228215229	0.996	0.964	0	"7"	"TUBA1C"
0	0.655725779315201	0.994	0.963	0	"7"	"SET"
0	0.810018879679445	0.996	0.965	0	"7"	"PTGES3"
0	0.533924871628466	0.994	0.965	0	"7"	"MDH2"
0	0.544334541043316	0.995	0.966	0	"7"	"COX5A"
0	0.736176360526591	0.997	0.969	0	"7"	"CKAP4"
0	0.567864469586911	0.995	0.968	0	"7"	"SEC13"
0	0.804580672150814	0.997	0.97	0	"7"	"YWHAZ"
0	0.569913767457766	0.992	0.965	0	"7"	"TRMT112"
0	1.59155285530131	0.999	0.973	0	"7"	"HMGN2"
0	0.707140527304644	0.994	0.968	0	"7"	"HNRNPU"
0	0.588792519599129	0.996	0.97	0	"7"	"VDAC1"
0	2.40797476766239	1	0.974	0	"7"	"TUBA1B"
0	0.884218104355165	0.997	0.972	0	"7"	"YWHAQ"
0	0.929537567859905	0.998	0.973	0	"7"	"HSPD1"
0	0.525524164225592	0.995	0.97	0	"7"	"ERH"
0	0.593315281975827	0.993	0.968	0	"7"	"PSMB6"
0	0.50395591887431	0.993	0.969	0	"7"	"SRSF9"
0	0.898322136702664	0.989	0.966	0	"7"	"S100A16"
0	0.60002718197689	0.996	0.976	0	"7"	"GNAI2"
0	0.55655472311693	0.995	0.978	0	"7"	"MICOS10"
0	1.3482846047341	0.998	0.981	0	"7"	"CAV1"
0	0.768488377220978	0.997	0.981	0	"7"	"RPL22L1"
0	0.714444083415873	1	0.984	0	"7"	"PTMS"
0	1.23772266593933	1	0.984	0	"7"	"MT2A"
0	0.643223218802213	1	0.984	0	"7"	"YWHAE"
0	0.557976273139212	0.998	0.982	0	"7"	"FKBP1A"
0	0.66338512371249	0.998	0.984	0	"7"	"SSR3"
0	0.526581072933265	0.999	0.985	0	"7"	"COX7A2"
0	0.64588106013526	0.999	0.985	0	"7"	"PSMA7"
0	0.561992052425435	0.996	0.983	0	"7"	"SUB1"
0	1.13687764819846	0.999	0.987	0	"7"	"EIF5A"
0	0.788597609654159	1	0.989	0	"7"	"COX8A"
0	0.77239369219677	0.999	0.988	0	"7"	"PPP1R14B"
0	1.10889254547247	0.999	0.988	0	"7"	"DRAP1"
0	0.546623047712619	0.999	0.989	0	"7"	"ARPC2"
0	1.52039709505944	1	0.99	0	"7"	"HMGB1"
0	0.775016672261173	1	0.99	0	"7"	"CAVIN1"
0	0.547675174840754	0.997	0.988	0	"7"	"SERBP1"
0	1.40745954714886	0.999	0.99	0	"7"	"HNRNPA2B1"
0	0.573791954266701	0.999	0.99	0	"7"	"MYDGF"
0	0.911405979914686	1	0.992	0	"7"	"TAGLN2"
0	0.675927952640625	0.998	0.99	0	"7"	"ATP5MC3"
0	0.573686760742045	0.997	0.989	0	"7"	"ATP5MF"
0	0.517184423610761	0.998	0.991	0	"7"	"PDIA6"
0	0.76673025353205	0.998	0.991	0	"7"	"NCL"
0	0.672320627086943	0.999	0.992	0	"7"	"ATP5F1B"
0	0.69757086132352	1	0.994	0	"7"	"PRDX1"
0	0.757092180101512	0.997	0.991	0	"7"	"RHOC"
0	0.505487859802696	1	0.995	0	"7"	"DYNLL1"
0	1.08938864295565	1	0.995	0	"7"	"RAN"
0	0.630536296708854	0.999	0.995	0	"7"	"CALM2"
0	0.606886553473495	0.999	0.995	0	"7"	"TXN"
0	0.64279463136875	0.999	0.995	0	"7"	"PGAM1"
0	0.777274094800235	1	0.997	0	"7"	"CLIC1"
0	0.689356825535794	1	0.997	0	"7"	"POLR2L"
0	1.1007048213353	0.999	0.996	0	"7"	"HSP90AA1"
0	0.505287629070243	1	0.997	0	"7"	"EMP3"
0	0.64015070531659	1	0.998	0	"7"	"ENO1"
0	0.714601774827415	0.999	0.997	0	"7"	"HSPA8"
0	0.982432854962267	1	0.999	0	"7"	"LMNA"
0	1.19857536929028	1	0.999	0	"7"	"TUBB"
0	0.526488086213416	1	0.999	0	"7"	"LDHA"
0	0.932285331753091	1	0.999	0	"7"	"CFL1"
0	0.515829283054655	1	0.999	0	"7"	"EIF4A1"
0	0.942925480274471	1	0.999	0	"7"	"CALR"
0	0.577677234728013	1	1	0	"7"	"SH3BGRL3"
0	0.62640846055384	1	1	0	"7"	"YBX1"
0	0.61954922351311	1	1	0	"7"	"TMSB10"
0	0.763194504372886	1	1	0	"7"	"PTMA"
0	0.892992749538958	1	1	0	"7"	"ACTB"
0	0.571197030286885	1	1	0	"7"	"PPIA"
0	0.5397012334361	1	1	0	"7"	"MYL6"
0	0.642014130083746	1	1	0	"7"	"ANXA2"
0	0.577681785028658	1	1	0	"7"	"PKM"
0	0.784434700766875	1	1	0	"7"	"PFN1"
4.94065645841247e-324	0.594981552383362	0.993	0.949	1.80832967034355e-319	"7"	"CDC42"
1.48219693752374e-323	1.25591195945629	0.663	0.315	5.42498901103064e-319	"7"	"NUDT15"
3.35964639172048e-322	1.93026810836847	0.271	0.066	1.22966417583361e-317	"7"	"DCLRE1B"
9.33784070639956e-322	1.41651467662858	0.554	0.228	3.4177430769493e-317	"7"	"PRIM2"
2.20847343691037e-321	0.884463771920199	0.918	0.7	8.08323362643565e-317	"7"	"EIF2S1"
2.81617418129511e-321	0.732177783306659	0.974	0.861	1.03074791209582e-316	"7"	"FBL"
1.99948366871952e-320	1.21338052653357	0.712	0.363	7.31831017588033e-316	"7"	"RPA1"
2.05481902105374e-320	0.713318782114098	0.979	0.9	7.52084309895881e-316	"7"	"EIF4G1"
2.14276270601349e-320	1.70519586286253	0.352	0.104	7.84272578027996e-316	"7"	"TTF2"
3.06518326679909e-320	0.538324251568687	0.993	0.96	1.12188772748114e-315	"7"	"CDC37"
4.43226290884182e-320	1.41725647146468	0.499	0.188	1.6222525472652e-315	"7"	"CLN6"
6.28945567155907e-320	1.55711657967639	0.523	0.213	2.30200367034733e-315	"7"	"MSH2"
1.19944316840879e-319	1.77479299324862	0.301	0.08	4.39008194069303e-315	"7"	"C4orf46"
2.01227996894681e-319	0.913762693974693	0.912	0.652	7.36514591434223e-315	"7"	"PFKP"
2.14448699511747e-318	0.962949416738277	0.889	0.67	7.84903685082946e-314	"7"	"NAP1L4"
4.33374621906108e-318	0.893861621739565	0.92	0.696	1.58619445363855e-313	"7"	"PSMD11"
4.67401911066486e-318	0.816193574026274	0.938	0.739	1.71073773469445e-313	"7"	"HIGD1A"
6.82206831908885e-318	1.38991657051364	0.618	0.288	2.49694522546971e-313	"7"	"EXOSC9"
2.13539421097141e-317	0.644949865324655	0.99	0.906	7.81575635157646e-313	"7"	"ACTR3"
2.78264095778057e-317	1.8599384065646	0.268	0.065	1.01847441695727e-312	"7"	"SUV39H2"
6.21940556209476e-317	0.570626334608105	0.989	0.942	2.2763646297823e-312	"7"	"TXNDC17"
3.52804233318389e-315	1.32212433048813	0.603	0.265	1.29129877436863e-310	"7"	"SEPHS1"
1.74487630957241e-314	1.07263671953603	0.816	0.497	6.38642178066597e-310	"7"	"ANAPC15"
2.67391171025294e-314	0.877812080447031	0.92	0.713	9.78678425069679e-310	"7"	"USP14"
8.87932893301977e-314	0.81523814189308	0.939	0.761	3.24992318277457e-309	"7"	"PIN1"
1.30903961705267e-313	1.93704126046299	0.266	0.065	4.79121590237449e-309	"7"	"FIGNL1"
2.52719830867379e-313	1.71458869871822	0.349	0.105	9.24979852957695e-309	"7"	"WDR4"
7.04163826642794e-313	1.70800740825869	0.341	0.101	2.57731002189529e-308	"7"	"RAD18"
1.18207945040777e-311	0.992358114762068	0.877	0.613	4.32652899643748e-307	"7"	"NOP58"
1.92994320666286e-311	1.35107417339185	0.597	0.269	7.06378513070674e-307	"7"	"NUP107"
3.1666354465074e-311	1.27881007832976	0.672	0.34	1.15902023977617e-306	"7"	"FN3KRP"
7.83918758033704e-311	1.69210729029397	0.393	0.13	2.86922104627916e-306	"7"	"NR2C2AP"
1.03830793962608e-310	0.700981547444452	0.982	0.891	3.80031088982542e-306	"7"	"PFN2"
3.31382516834082e-310	0.626244779806569	0.99	0.949	1.21289314986442e-305	"7"	"SELENOW"
3.48309344974598e-310	0.921320634888729	0.91	0.685	1.27484703354153e-305	"7"	"BCCIP"
4.43859720194687e-310	0.565564006333252	0.991	0.946	1.62457096188457e-305	"7"	"SF3B2"
1.26588495722432e-309	1.65330116765962	0.387	0.125	4.63326553193672e-305	"7"	"SYNE2"
2.75242990864425e-309	0.539672541513349	0.991	0.963	1.00741687086288e-304	"7"	"MRPL51"
3.82574482793375e-308	0.523129580450829	0.994	0.968	1.40026086447203e-303	"7"	"DBI"
4.50736088383743e-308	0.552555419247562	0.989	0.944	1.64973915709334e-303	"7"	"NDUFS8"
6.99862282305175e-307	1.66903089912029	0.363	0.114	2.56156593946517e-302	"7"	"HIRIP3"
3.65388420094765e-306	1.60692359545426	0.542	0.234	1.33735815638885e-301	"7"	"REEP4"
7.86329469956221e-306	1.67783045948485	0.356	0.11	2.87804449298677e-301	"7"	"MNS1"
1.12624285547447e-305	0.873602591978171	0.921	0.746	4.1221614753221e-301	"7"	"SUPT16H"
1.86013830384068e-305	0.794494823255872	0.939	0.757	6.80829220588727e-301	"7"	"MRPL13"
1.32459565896561e-304	1.37162534007197	0.504	0.196	4.84815257138005e-300	"7"	"ELOVL6"
1.25687254735674e-303	1.45017968825874	0.507	0.202	4.60027921058042e-299	"7"	"DOCK10"
1.44681482307853e-303	1.41917558699605	0.686	0.353	5.29548693394973e-299	"7"	"HAS2"
1.81625469166848e-303	0.650336708538723	0.989	0.903	6.64767379697579e-299	"7"	"ANXA6"
7.04817884385376e-303	1.044953971677	0.84	0.546	2.57970393863891e-298	"7"	"SRRT"
8.70396024427065e-303	1.99390759258711	0.327	0.098	3.1857364890055e-298	"7"	"AC125611.3"
1.4661353213795e-302	0.579315639618271	0.989	0.94	5.36620188978112e-298	"7"	"KHDRBS1"
3.06409931830283e-302	0.69998664252586	0.969	0.878	1.12149099149202e-297	"7"	"MRPL17"
1.79730770215826e-301	1.19977979061564	0.729	0.398	6.57832592066946e-297	"7"	"WDR77"
3.05595710865985e-301	1.32409415737143	0.56	0.237	1.11851086134059e-296	"7"	"ENDOD1"
9.73762071825819e-301	1.666141087478	0.355	0.11	3.56406655908968e-296	"7"	"MGME1"
1.02013463247245e-299	1.81218407304126	0.261	0.065	3.7337947683124e-295	"7"	"HAUS5"
1.04833924743231e-299	1.248459945955	0.609	0.277	3.837026479527e-295	"7"	"HACD1"
1.62181836512482e-299	1.12631364327677	0.756	0.428	5.93601739819334e-295	"7"	"UCHL5"
2.26758527587961e-299	1.00989372092588	0.852	0.564	8.29958886824697e-295	"7"	"GNPNAT1"
1.03875364201223e-298	1.55618427282351	0.38	0.123	3.80194220512897e-294	"7"	"NCEH1"
6.181526030866e-298	0.762325048224831	0.943	0.752	2.26250034255726e-293	"7"	"YIF1B"
8.32121383012174e-298	1.14974309293114	0.804	0.51	3.04564747396286e-293	"7"	"PPIF"
1.16787865236912e-297	0.530275547466015	0.991	0.948	4.27455265553621e-293	"7"	"TXNL4A"
6.25283631683368e-297	1.86507272314452	0.269	0.069	2.28860062032429e-292	"7"	"RFWD3"
1.77269434180609e-296	1.29535503814657	0.835	0.556	6.48823856044448e-292	"7"	"CKAP5"
2.39378495191385e-295	1.1033839817936	0.746	0.416	8.76149230249988e-291	"7"	"NPM3"
4.26051882789111e-294	0.632418713707657	0.98	0.896	1.55939249619642e-289	"7"	"PSMB2"
9.18089050574985e-294	1.28073408460488	0.68	0.357	3.3602977340095e-289	"7"	"SAC3D1"
4.42387049846699e-292	1.02527603863862	0.86	0.616	1.6191808411439e-287	"7"	"CMC2"
1.0658568305094e-291	2.95391712268811	0.265	0.071	3.90114258534744e-287	"7"	"HIST1H3D"
2.08232364876348e-291	1.25613439077042	0.636	0.31	7.62151278683923e-287	"7"	"TCOF1"
2.14960770857927e-291	0.65178781306979	0.979	0.899	7.86777917417098e-287	"7"	"GSTO1"
2.22962497716011e-291	1.80885927270813	0.276	0.073	8.16065037890373e-287	"7"	"SLF1"
2.35981444487498e-290	1.35345444233595	0.503	0.2	8.63715684968691e-286	"7"	"EBP"
2.55461364002344e-290	2.01411855753701	0.516	0.224	9.35014138384979e-286	"7"	"LY6K"
3.03117903696196e-290	1.40177928639811	0.467	0.178	1.10944183931845e-285	"7"	"EXOSC2"
3.58265578861415e-290	1.30232486645135	0.577	0.257	1.31128784519066e-285	"7"	"RCC1"
4.78370583829643e-290	0.873424047234885	0.931	0.741	1.75088417387488e-285	"7"	"UAP1"
1.3177514782323e-289	1.26658346878867	0.627	0.299	4.82310218547804e-285	"7"	"ACAT2"
1.36572380071126e-289	0.70069949903838	0.964	0.824	4.99868568298328e-285	"7"	"PSMA3"
1.64730715106444e-289	0.968773618213805	0.866	0.583	6.02930890361094e-285	"7"	"U2AF2"
3.4757978493754e-289	1.38334899031311	0.533	0.227	1.27217677084989e-284	"7"	"TOPBP1"
1.24689911879786e-288	1.00225814568286	0.828	0.536	4.56377546471206e-284	"7"	"IFRD2"
1.82811799379939e-288	0.891557627264673	0.886	0.641	6.69109466910514e-284	"7"	"EIF4E"
8.92452684167886e-288	1.42791435682728	0.579	0.265	3.26646606932288e-283	"7"	"FOXC2"
1.10693514218778e-287	0.899574897495064	0.903	0.671	4.0514933139215e-283	"7"	"CRELD2"
1.56073336736304e-287	1.05873224157495	0.763	0.44	5.71244019788545e-283	"7"	"MYCBP"
2.49021833138865e-287	0.578904796342848	0.983	0.94	9.1144481147156e-283	"7"	"CCT3"
5.14450465500749e-287	0.510846908296157	0.997	0.986	1.88294014877929e-282	"7"	"ZYX"
2.06967934012684e-286	0.507913561793873	0.996	0.973	7.57523335279823e-282	"7"	"NOP10"
3.53323636947475e-286	0.648304982523057	0.98	0.889	1.29319984359146e-281	"7"	"UQCC2"
3.40061941221499e-285	0.665521421851536	0.971	0.876	1.24466071106481e-280	"7"	"TCP1"
7.46732696550557e-285	0.813208217753899	0.924	0.74	2.73311634264469e-280	"7"	"TRA2B"
9.36723368791334e-285	1.78406599218345	0.274	0.073	3.42850120211316e-280	"7"	"SASS6"
3.52895601039976e-284	1.67676648172618	0.316	0.094	1.29163318936642e-279	"7"	"BRI3BP"
4.73280058744527e-284	1.02467167333478	0.819	0.537	1.73225234301084e-279	"7"	"EEF1E1"
2.57368638736017e-283	0.766901275984445	0.941	0.763	9.41994954637695e-279	"7"	"GLRX3"
2.83406306587917e-283	0.875186228123725	0.906	0.678	1.03729542274243e-278	"7"	"FH"
3.37504420926195e-283	1.00835912254204	0.836	0.551	1.23529993103197e-278	"7"	"NOC2L"
3.9241015411709e-283	1.258293057533	0.646	0.32	1.43626040508396e-278	"7"	"ADGRE5"
4.5525431104588e-283	0.595203564399938	0.983	0.924	1.66627630385903e-278	"7"	"EIF6"
5.4093998184263e-283	0.885514693251282	0.913	0.697	1.97989442754221e-278	"7"	"PTBP1"
7.58127753590794e-283	1.06963066288132	0.83	0.551	2.77482339091766e-278	"7"	"NOLC1"
9.54333998057336e-283	0.656646597392179	0.973	0.883	3.49295786628966e-278	"7"	"PSMB7"
1.01082559608381e-281	1.74669537743578	0.374	0.124	3.69972276422635e-277	"7"	"SVIP"
5.46113649760361e-281	0.627546130734516	0.977	0.889	1.9988305694879e-276	"7"	"NDUFAB1"
6.22740967142885e-281	1.17530221874959	0.704	0.388	2.27929421383967e-276	"7"	"GPN3"
9.07809944480309e-280	1.53456418855991	0.587	0.277	3.32267517779238e-275	"7"	"P3H2"
6.01476365693361e-279	0.931863680081029	0.874	0.601	2.20146364607427e-274	"7"	"PSMD14"
1.41821570917921e-278	0.616137997160833	0.978	0.901	5.19081131716684e-274	"7"	"CCT8"
1.5716642457425e-278	0.89835573249208	0.886	0.656	5.75244830584214e-274	"7"	"PSMG1"
1.01625986562105e-277	0.745211952163659	0.936	0.778	3.71961273415961e-273	"7"	"SF3B4"
6.90649765220758e-277	1.24321904575801	0.572	0.256	2.5278472056845e-272	"7"	"RBM14"
5.90607090059463e-276	0.634419888565121	0.983	0.91	2.16168101032664e-271	"7"	"PDIA4"
1.41159907266365e-275	0.50074228479538	0.993	0.957	5.16659376585622e-271	"7"	"LSM7"
5.1072609817406e-275	0.947929414630263	0.84	0.563	1.86930859192688e-270	"7"	"SMARCA4"
2.11691468872787e-274	1.11359421551989	0.746	0.436	7.74811945221287e-270	"7"	"FUBP1"
4.30562095128947e-274	1.00024025182694	0.941	0.813	1.57590032438146e-269	"7"	"RAD21"
7.2281885501533e-274	1.12443661917675	0.727	0.402	2.64558929124161e-269	"7"	"MYO10"
2.50969276817522e-272	0.916551971253485	0.851	0.575	9.18572650079811e-268	"7"	"RECQL"
2.25186380874151e-270	1.37313555415691	0.442	0.167	8.24204672637479e-266	"7"	"GLA"
2.3813840191385e-270	0.925511140180392	0.877	0.635	8.71610364844883e-266	"7"	"ALCAM"
3.45581324344754e-270	0.593524298458032	0.984	0.896	1.26486220523423e-265	"7"	"ACTR2"
4.03555292777769e-269	0.705894448371273	0.958	0.776	1.47705272709591e-264	"7"	"TPGS2"
6.09389475744518e-269	0.78880006980423	0.916	0.708	2.23042642017251e-264	"7"	"DDX46"
8.30791545660962e-269	0.515470480451848	0.995	0.958	3.04078013627369e-264	"7"	"CCT4"
1.11914531035311e-268	0.889021648454024	0.885	0.67	4.09618375042342e-264	"7"	"NTMT1"
1.12256186909807e-268	1.24960786011188	0.569	0.256	4.10868869708584e-264	"7"	"NUP93"
1.70303214123971e-268	0.657614729268612	0.963	0.882	6.23326794015145e-264	"7"	"SIVA1"
3.92170660808599e-268	1.02127676173777	0.774	0.467	1.43538383562555e-263	"7"	"NCLN"
7.49529158123718e-268	1.07758486711992	0.772	0.473	2.74335167164862e-263	"7"	"MAP2K3"
1.55589833584894e-267	1.28944871123698	0.525	0.227	5.69474349904072e-263	"7"	"EHD4"
2.66569781433424e-267	1.23971003347959	0.517	0.214	9.75672057024476e-263	"7"	"NRM"
3.83787857577025e-266	0.763443755522496	0.927	0.738	1.40470193751767e-261	"7"	"VDAC3"
6.71559616246661e-266	0.821729307544432	0.993	0.924	2.4579753514244e-261	"7"	"S100A4"
6.80013012254202e-266	1.30325192938429	0.519	0.222	2.4889156261516e-261	"7"	"TMEM97"
7.06515489394883e-266	0.965767171301871	0.851	0.598	2.58591734273421e-261	"7"	"MAD2L2"
9.09814453031345e-266	0.751054439241284	0.944	0.764	3.33001187954002e-261	"7"	"RPL26L1"
9.96943625532722e-266	0.820371662827167	0.899	0.672	3.64891336381232e-261	"7"	"ELAVL1"
1.31078115505351e-265	0.679230482704369	0.97	0.857	4.79759010561137e-261	"7"	"IQGAP1"
1.33626435247535e-265	0.808581529236152	0.907	0.677	4.89086115649502e-261	"7"	"ATIC"
3.48733832741369e-265	1.40569396698961	0.454	0.179	1.27640070121669e-260	"7"	"HAUS6"
3.45045854401351e-264	0.533734095687778	0.988	0.928	1.26290233169438e-259	"7"	"NUTF2"
9.64080156695881e-264	1.06346119447973	0.783	0.497	3.5286297815226e-259	"7"	"MRTO4"
1.01057180064524e-263	0.614672404232402	0.966	0.892	3.69879384754164e-259	"7"	"MRPS34"
1.09707016735114e-263	1.11723829550509	0.818	0.541	4.01538651952191e-259	"7"	"ADIRF"
3.37756308828357e-263	1.29043030173525	0.693	0.394	1.23622186594267e-258	"7"	"MIS18BP1"
1.185685281659e-261	0.843637254441842	0.882	0.65	4.3397266994001e-257	"7"	"DPM2"
2.14361099217407e-261	0.820532845708239	0.881	0.618	7.84583059245631e-257	"7"	"ADK"
3.63578454688283e-261	1.6003355244456	0.309	0.095	1.33073350200459e-256	"7"	"E2F7"
6.7368816440956e-261	0.668783346668933	0.98	0.884	2.46576605055543e-256	"7"	"LOXL1"
1.58537506884947e-260	1.02895677502148	0.815	0.513	5.80263128949593e-256	"7"	"CCDC88A"
2.90594056364369e-260	0.90281000974768	0.903	0.667	1.06360330569923e-255	"7"	"AXL"
2.98533420168617e-260	0.706799155336879	0.953	0.789	1.09266217115916e-255	"7"	"GLO1"
4.76214814211708e-260	0.596793512917594	0.978	0.887	1.74299384149627e-255	"7"	"STRAP"
1.46557204253512e-259	0.969175029576521	0.852	0.577	5.3641402328828e-255	"7"	"SDC4"
2.93889212905313e-258	0.559073704535907	0.983	0.918	1.07566390815474e-253	"7"	"RAD23A"
3.84543858230448e-258	1.17897459836904	0.618	0.306	1.40746897550926e-253	"7"	"LYAR"
8.6138172179101e-258	0.772490075778416	0.923	0.738	3.15274323992728e-253	"7"	"DCXR"
1.91900456343681e-257	0.966409142171113	0.804	0.513	7.02374860263509e-253	"7"	"DKC1"
2.50386833376937e-256	1.06520954179705	0.708	0.385	9.16440848842929e-252	"7"	"ERLIN1"
7.87468198212906e-256	0.818216256663727	0.885	0.643	2.88221235227906e-251	"7"	"TIMM50"
8.47706488723491e-256	0.556173882781219	0.978	0.909	3.10269051937685e-251	"7"	"PSMC5"
1.60190798936206e-255	0.638623298842849	0.958	0.828	5.86314343186409e-251	"7"	"PUF60"
4.37478479119235e-255	0.78751992810629	0.912	0.722	1.60121498142431e-250	"7"	"GCSH"
1.74585997596367e-254	0.621789927504063	0.979	0.894	6.39002209802463e-250	"7"	"RBM8A"
1.92436983062877e-254	1.45439134973141	0.413	0.157	7.04338601708435e-250	"7"	"ATP1B1"
3.6107737027046e-254	0.509340954799541	0.995	0.951	1.32157928292691e-249	"7"	"ARPC5"
1.1698136187694e-253	0.879559167568513	0.864	0.611	4.28163482605788e-249	"7"	"TRAP1"
1.18746666219162e-253	0.854980426119738	0.871	0.627	4.34624673028753e-249	"7"	"ABCE1"
1.3924211674406e-253	0.860592784153551	0.899	0.667	5.09640071494932e-249	"7"	"CRIM1"
3.48430938032209e-253	0.699355323264417	0.962	0.793	1.27529207629169e-248	"7"	"COX20"
3.91423121247928e-253	0.575901826686749	0.977	0.899	1.43264776607954e-248	"7"	"MRPL20"
4.41647245300661e-253	0.938049749087452	0.806	0.505	1.61647308252495e-248	"7"	"RUVBL1"
4.84884913559536e-253	0.724584905708029	0.924	0.724	1.77472727211926e-248	"7"	"NUDT21"
2.002089718793e-252	0.520681599061677	0.987	0.925	7.32784857975426e-248	"7"	"NDUFS6"
2.29104615319303e-252	1.34470931569127	0.528	0.238	8.3854580253018e-248	"7"	"BAIAP2L2"
2.45434333581831e-252	1.23888989767869	0.569	0.269	8.98314204342858e-248	"7"	"CCDC86"
3.46872725017464e-252	0.717360183473747	0.928	0.75	1.26958886083642e-247	"7"	"MRPL24"
7.81339737202752e-252	0.855431912871392	0.889	0.649	2.85978157213579e-247	"7"	"FAM98A"
9.3407375632041e-252	0.82085905568631	0.885	0.646	3.41880335550833e-247	"7"	"C11orf98"
9.36267679000961e-252	0.61691066633885	0.968	0.867	3.42683333191142e-247	"7"	"ADRM1"
1.66549721439644e-251	1.63608430491324	0.326	0.106	6.09588635441241e-247	"7"	"FERMT1"
1.7847806055286e-251	0.926681594705058	0.949	0.807	6.53247549429522e-247	"7"	"PLEC"
2.47461842980244e-251	0.506314751212145	0.998	0.988	9.05735091491991e-247	"7"	"MAP1B"
3.01233582941864e-251	1.66298309350201	0.262	0.073	1.10254503692552e-246	"7"	"PDSS1"
3.97374496051425e-251	0.529538995114921	0.981	0.919	1.45443039299782e-246	"7"	"UQCRFS1"
4.54598504649156e-251	1.08042556008143	0.656	0.333	1.66387598686637e-246	"7"	"TPMT"
6.64032514440942e-251	0.74260182235008	0.918	0.724	2.43042540610529e-246	"7"	"FDPS"
7.47760354096804e-251	1.05249506907627	0.738	0.443	2.73687767202971e-246	"7"	"BOP1"
1.62810935659326e-250	1.11826756138735	0.858	0.661	5.95904305606698e-246	"7"	"SLBP"
6.2998457164588e-249	1.310813529486	0.431	0.166	2.30580653068108e-244	"7"	"NUP188"
1.27595885535516e-248	1.2143304290876	0.507	0.216	4.67013700648541e-244	"7"	"NUP62"
1.38730044676468e-248	0.94506764805374	0.849	0.582	5.07765836520339e-244	"7"	"HNRNPH1"
1.59765271703646e-248	0.641062005492258	0.956	0.843	5.84756870962513e-244	"7"	"PSMD9"
2.07589757971782e-248	1.24776422006197	0.561	0.261	7.59799273152519e-244	"7"	"EMC9"
3.25837554401773e-248	1.36455209886973	0.441	0.176	1.19259803286593e-243	"7"	"PARP2"
1.10996182264752e-247	1.23923665848262	0.581	0.277	4.0625712670722e-243	"7"	"SSX2IP"
1.13758858629793e-247	0.748441749293427	0.96	0.83	4.16368798470907e-243	"7"	"KIF5B"
1.57312995123959e-247	1.11545520644854	0.631	0.32	5.75781293453204e-243	"7"	"CCDC137"
1.68857608449288e-245	0.906052933851538	0.818	0.537	6.18035732685239e-241	"7"	"ACTL6A"
1.31778942294579e-244	0.596545064922767	0.967	0.885	4.82324106692388e-240	"7"	"TRIM28"
3.79299511283143e-244	1.16248222755444	0.484	0.2	1.38827414124743e-239	"7"	"PTGER2"
3.64804894689494e-243	0.695449077573177	0.934	0.784	1.33522239505302e-238	"7"	"PSMD12"
1.34014359991682e-242	1.05349731072803	0.689	0.376	4.90505959005555e-238	"7"	"CDKN2AIPNL"
3.2343696762382e-242	0.64376247429587	0.958	0.822	1.18381164519995e-237	"7"	"GTF3C6"
3.71095001911571e-242	0.560995711055084	0.997	0.945	1.35824481649654e-237	"7"	"TUBA1A"
5.39313316189916e-242	0.941029766824221	0.797	0.509	1.97394066858671e-237	"7"	"MPDU1"
6.47351254669509e-242	1.25371144389425	0.469	0.196	2.36937032721587e-237	"7"	"GJC1"
9.26949387384944e-242	0.869037963013431	0.837	0.565	3.39272745276763e-237	"7"	"VBP1"
1.43073966178925e-241	0.966620713343854	0.774	0.493	5.23665023611484e-237	"7"	"TPRKB"
1.60810714004169e-241	0.630425405167686	0.953	0.831	5.88583294326658e-237	"7"	"MRPS16"
4.10797609307558e-241	0.838682598975862	0.867	0.644	1.50356032982659e-236	"7"	"HSPB11"
4.5089258541752e-241	0.724156111580943	0.914	0.702	1.65031195188667e-236	"7"	"APMAP"
6.00999897120166e-241	1.65442458305118	0.424	0.173	2.19971972344952e-236	"7"	"TBX2"
1.68008026768661e-240	1.54969651513067	0.289	0.088	6.14926178775978e-236	"7"	"COQ3"
2.30892076827691e-240	1.3584618006555	0.488	0.213	8.45088090397031e-236	"7"	"CDCA7L"
2.85711299411063e-240	1.16357008672814	0.629	0.33	1.04573192697443e-235	"7"	"POLR3K"
2.99552158060455e-240	0.829215376150682	0.875	0.637	1.09639085371707e-235	"7"	"SRSF1"
7.02127788390125e-240	1.2546207504657	0.5	0.218	2.56985791828669e-235	"7"	"TIMM8A"
8.9194939372555e-240	1.0181362305142	0.746	0.449	3.26462397597488e-235	"7"	"ICMT"
1.15032472358397e-239	0.657322388998374	0.951	0.819	4.21030352078969e-235	"7"	"RAB1B"
1.39965953102026e-239	0.678538221233253	0.942	0.782	5.12289384948726e-235	"7"	"FKBP3"
1.99772733588967e-239	0.804966068331682	0.876	0.621	7.31188182208977e-235	"7"	"DEF8"
1.44466748037809e-238	1.21522853148111	0.71	0.458	5.28762744493183e-234	"7"	"USP1"
3.24734495340147e-238	0.540944372541667	0.979	0.9	1.18856072639447e-233	"7"	"NDUFA12"
2.13867874595232e-237	0.784776011266568	0.891	0.689	7.82777807806008e-233	"7"	"SIGMAR1"
2.40128700853279e-237	1.24430470114056	0.552	0.262	8.78895057993085e-233	"7"	"RRS1"
3.16290076733597e-237	1.21310871727914	0.517	0.232	1.15765330985264e-232	"7"	"TELO2"
4.15346874166319e-237	1.08068559592194	0.77	0.49	1.52021109413614e-232	"7"	"PSG5"
1.16609626335058e-236	1.46044689719958	0.344	0.12	4.26802893348947e-232	"7"	"SLC29A1"
1.39803682234187e-236	1.00873680216055	0.708	0.403	5.11695457345349e-232	"7"	"TSR2"
3.16109836910268e-236	0.952500498964657	0.804	0.536	1.15699361407527e-231	"7"	"NOP16"
6.95289738459662e-236	0.727239752625338	0.94	0.774	2.54482997173621e-231	"7"	"HSPA4"
9.78432803796119e-236	0.655794430471064	0.945	0.807	3.58116190517417e-231	"7"	"PSMD13"
1.67476045667097e-235	0.543611001184143	0.978	0.938	6.12979074746142e-231	"7"	"HNRNPF"
1.79562863540939e-235	0.53327799564854	0.978	0.918	6.57218036846189e-231	"7"	"STOML2"
3.93060218646741e-235	0.761043566181656	0.894	0.681	1.43863970626894e-230	"7"	"IMMT"
7.4590321557674e-235	0.798117546894923	0.935	0.719	2.73008035933243e-230	"7"	"LMO7"
8.46029929662658e-235	1.1779094498721	0.645	0.354	3.0965541455583e-230	"7"	"SMTN"
1.05297582944712e-234	0.950491660390378	0.761	0.464	3.85399683335941e-230	"7"	"EMG1"
1.22387623852754e-234	0.529783292143331	0.985	0.915	4.47950942063466e-230	"7"	"GNB1"
1.56025599030825e-234	1.07652734940865	0.626	0.325	5.71069295012722e-230	"7"	"AK5"
3.5056270576459e-234	1.55167148847877	0.349	0.124	1.28309455936898e-229	"7"	"NETO2"
3.70908497769253e-234	1.09105379342663	0.578	0.278	1.35756219268524e-229	"7"	"NOL12"
5.5288695201131e-234	0.679139969059783	0.934	0.787	2.02362153305659e-229	"7"	"PSMD6"
9.5462421430449e-234	1.19770264160704	0.566	0.271	3.49402008677587e-229	"7"	"LBR"
9.39841811335765e-233	1.30385139445718	0.442	0.181	3.43991501367003e-228	"7"	"CENPV"
1.32819274636242e-232	1.546641189046	0.38	0.145	4.86131827096111e-228	"7"	"C5orf30"
6.86806268814891e-231	0.768583564704099	0.886	0.671	2.51377962448938e-226	"7"	"COPS3"
7.87254438718992e-231	1.26196822910896	0.425	0.168	2.88142997115538e-226	"7"	"PPIL1"
3.75929287977465e-230	0.584016774662074	0.965	0.868	1.37593878692632e-225	"7"	"TOMM22"
6.96654305826574e-230	1.10968821674597	0.584	0.286	2.54982442475584e-225	"7"	"ATP8B1"
2.10966378470714e-229	1.10864104574979	0.552	0.258	7.72158041840661e-225	"7"	"SNX8"
5.08825623124837e-229	0.628740690710687	0.954	0.854	1.86235266319922e-224	"7"	"SRRM1"
9.90932452364265e-229	1.29634885113683	0.436	0.179	3.62691186889844e-224	"7"	"MYO19"
1.15108589637037e-228	0.706551427858111	0.96	0.809	4.2130894893052e-224	"7"	"EMP1"
5.76840071133982e-228	0.996919176046984	0.738	0.436	2.11129234435749e-223	"7"	"PAFAH1B3"
8.07379698777299e-227	0.837914681742866	0.836	0.581	2.95509043549479e-222	"7"	"GTPBP4"
5.98843789225785e-226	0.812243701947548	0.868	0.618	2.19182815294529e-221	"7"	"SF3A3"
8.46484902831272e-226	0.734722924710676	0.913	0.713	3.09821939285274e-221	"7"	"HRAS"
1.07679811118522e-225	0.788273433705509	0.874	0.643	3.94118876674902e-221	"7"	"EMP2"
2.87146870874434e-225	1.29138839201813	0.583	0.294	1.05098626208751e-220	"7"	"CDC25B"
7.75669252024655e-225	1.81791375862199	0.872	0.711	2.83902702933544e-220	"7"	"ARL6IP1"
4.77919608233792e-224	0.635452249516196	0.947	0.815	1.7492335580965e-219	"7"	"BCLAF1"
1.07894794075808e-223	1.20854203884456	0.471	0.203	3.94905735796864e-219	"7"	"SLC25A22"
1.14795985705983e-223	0.962568020702326	0.783	0.515	4.20164787282468e-219	"7"	"HSPH1"
2.78147124353507e-223	1.41970693707274	0.382	0.147	1.01804628984627e-218	"7"	"TIPIN"
6.65970053300215e-223	0.886069408240367	0.833	0.597	2.43751699208412e-218	"7"	"NOP56"
1.26620275638977e-222	0.586021805044399	0.968	0.858	4.63442870866219e-218	"7"	"MRPL3"
2.81343156711406e-222	0.924908722829028	0.727	0.422	1.02974408787942e-217	"7"	"DCPS"
6.19076809622045e-222	1.16656745076084	0.534	0.254	2.26588303089765e-217	"7"	"ARHGAP22"
8.13013102266836e-222	0.760482839040127	0.864	0.624	2.97570925560685e-217	"7"	"FAM136A"
1.60127046730609e-221	1.28582958622723	0.46	0.197	5.86081003738703e-217	"7"	"PAK4"
2.14061982550612e-221	1.07613461661254	0.63	0.33	7.83488262333496e-217	"7"	"CRYBG1"
3.95056373027738e-221	1.22345183972958	0.423	0.171	1.44594583091882e-216	"7"	"CSTF2"
3.97254569529479e-221	0.641670348338496	0.944	0.813	1.45399144993485e-216	"7"	"RNPS1"
4.88953507406846e-221	0.568793267570898	0.976	0.909	1.7896187324598e-216	"7"	"SURF4"
5.20041654451415e-221	0.532616569535109	0.977	0.896	1.90340445945763e-216	"7"	"TMEM14B"
6.40204072295834e-221	1.5327902246003	0.268	0.082	2.34321092500998e-216	"7"	"NUP35"
2.82531236296206e-220	0.975562078564848	0.734	0.451	1.03409257796774e-215	"7"	"UCK2"
1.1859473955561e-219	1.0280698744286	0.625	0.322	4.3406860624749e-215	"7"	"AP1B1"
2.24380288506864e-219	0.951072275719538	0.818	0.571	8.21254293963972e-215	"7"	"SMURF2"
7.04455617693119e-219	1.57047846955341	0.31	0.107	2.57837800631859e-214	"7"	"SLC17A9"
7.72184122857021e-219	1.35683010350344	0.446	0.194	2.82627110806898e-214	"7"	"POLD3"
1.50659939099182e-218	0.574247300367212	0.972	0.877	5.51430443096914e-214	"7"	"NDUFA7"
2.12103241837686e-218	0.574480714389704	0.962	0.859	7.76319075450116e-214	"7"	"EIF5B"
4.12513532951437e-218	1.07630971945217	0.634	0.333	1.50984078195555e-213	"7"	"ODF2"
7.09011061613367e-218	1.38314224937911	0.358	0.134	2.59505138661109e-213	"7"	"HHIP-AS1"
1.17449780989822e-217	1.23244083178591	0.435	0.18	4.29877943400849e-213	"7"	"ERI1"
4.28355224010229e-217	0.601788497926514	0.968	0.864	1.56782295539984e-212	"7"	"KDELR3"
9.26608868173771e-216	0.629573965468321	0.996	0.991	3.39148111840282e-211	"7"	"AHNAK"
1.26507000450045e-214	1.21358940605478	0.405	0.161	4.63028272347208e-210	"7"	"PGAM5"
1.5325051263771e-214	0.806407470406004	0.84	0.592	5.60912201305284e-210	"7"	"PSME3"
1.65359679666748e-214	0.783202031630421	0.851	0.597	6.05232963548265e-210	"7"	"PDHA1"
6.19781604951247e-214	0.522952016121729	0.972	0.899	2.26846265228206e-209	"7"	"POLR2F"
1.14058031568434e-213	0.992386336283507	0.67	0.37	4.17463801343625e-209	"7"	"POGLUT3"
1.25862507575132e-212	0.83660600716262	0.833	0.588	4.60669363975742e-208	"7"	"POP7"
7.16288173202409e-212	1.36835653943809	0.363	0.138	2.62168634273814e-207	"7"	"FJX1"
2.72205056917902e-211	0.67137389290451	0.931	0.767	9.96297728825214e-207	"7"	"ANP32A"
2.79055615072055e-211	1.30370994480803	0.36	0.135	1.02137145672523e-206	"7"	"KIAA1841"
4.15573942018122e-211	0.628464445488486	0.93	0.776	1.52104218518053e-206	"7"	"CDC123"
1.09438008752529e-210	1.17917639563164	0.464	0.203	4.00554055835132e-206	"7"	"USP13"
2.19635868661989e-210	0.616296231339639	0.938	0.792	8.03889242889745e-206	"7"	"GTF3A"
2.508493371912e-210	0.994708704125314	0.653	0.361	9.1813365905351e-206	"7"	"GMPPB"
3.28376170284315e-210	1.04805635071868	0.553	0.268	1.20188962085762e-205	"7"	"NPR3"
7.30979505412559e-210	0.815941177719731	0.84	0.592	2.67545808776051e-205	"7"	"DHX9"
2.61389998383907e-209	0.927878659059304	0.732	0.444	9.56713533084939e-205	"7"	"GOT2"
3.27567017881045e-209	0.871814031922655	0.784	0.498	1.19892804214641e-204	"7"	"MAPRE1"
4.24815969306775e-209	1.07116827887838	0.533	0.254	1.55486892925973e-204	"7"	"UTP20"
6.21829329856974e-209	0.543458113719488	0.972	0.89	2.27595753020951e-204	"7"	"GTF2A2"
1.34687572764951e-208	0.8533185305692	0.782	0.512	4.92969985076998e-204	"7"	"SRPK1"
1.87778098835928e-208	0.685335333959753	0.91	0.718	6.87286619549379e-204	"7"	"TIMM23"
2.78518028334577e-208	0.969650579633683	0.687	0.391	1.01940383550739e-203	"7"	"UHMK1"
5.2454684734596e-208	1.02907160206104	0.623	0.337	1.91989391597095e-203	"7"	"NUP50"
7.5006360910599e-208	1.47823440261187	0.276	0.09	2.74530781568883e-203	"7"	"IGFLR1"
1.29075357618081e-207	0.607818629691107	0.961	0.88	4.72428716417939e-203	"7"	"DYNC1H1"
3.45069718642814e-207	1.1381143597933	0.439	0.185	1.26298967720456e-202	"7"	"GPD2"
3.72493444729983e-207	0.773971883288722	0.861	0.63	1.36336325705621e-202	"7"	"FARSA"
8.56897202220466e-207	1.0473945917846	0.587	0.301	3.13632944984713e-202	"7"	"SLIT2"
1.20580915980237e-206	0.748974617726603	0.865	0.635	4.41338210579267e-202	"7"	"RRP36"
2.02182231153088e-206	1.34292878830835	0.315	0.11	7.40007184243418e-202	"7"	"TDP1"
3.05650652507238e-206	0.733908504302019	0.888	0.654	1.11871195324174e-201	"7"	"VASP"
6.05015674612077e-206	0.775587199989799	0.868	0.621	2.21441787064766e-201	"7"	"ATP2B4"
7.95318515805802e-206	0.782212848098827	0.863	0.621	2.91094529970081e-201	"7"	"SF3B3"
1.87981874143629e-205	0.954065218107899	0.695	0.411	6.88032457553098e-201	"7"	"KIF1BP"
9.93024313884453e-205	1.25999554458953	0.545	0.275	3.63456829124849e-200	"7"	"TMEM158"
1.11932703419948e-204	1.15952833612052	0.436	0.186	4.09684887787352e-200	"7"	"PDXP"
6.69607949178284e-204	0.789398674523987	0.83	0.567	2.45083205478744e-199	"7"	"RNASEH1"
1.05187183572135e-203	0.697573228196216	0.906	0.725	3.84995610592371e-199	"7"	"MRPS18C"
1.30151951043277e-203	0.877942587145312	0.752	0.469	4.76369156013497e-199	"7"	"CYB5B"
2.13437627298467e-203	0.767539552089359	0.854	0.613	7.8120305967512e-199	"7"	"MKKS"
1.30408494150383e-202	0.628974202813019	0.928	0.78	4.77308129439816e-198	"7"	"RBM25"
2.88513447141034e-202	0.838457300610452	0.778	0.494	1.0559880678809e-197	"7"	"OSTF1"
3.7144362812054e-202	0.84987196474179	0.778	0.505	1.35952082328399e-197	"7"	"SNRNP25"
1.38832572429576e-201	0.822581472383758	0.798	0.542	5.0814109834949e-197	"7"	"TCERG1"
1.96256382405276e-201	0.667668040942229	0.925	0.742	7.18317985241549e-197	"7"	"ERGIC1"
2.66199695648227e-201	1.04875324526664	0.525	0.25	9.74317506042077e-197	"7"	"DOCK5"
4.8443564126232e-201	0.607569203271466	0.943	0.8	1.77308289058422e-196	"7"	"VPS29"
9.77148429256429e-201	1.33552733670166	0.302	0.105	3.57646096592146e-196	"7"	"TOE1"
1.74569138048085e-200	0.608543093097106	0.931	0.799	6.38940502169794e-196	"7"	"NAA20"
2.9822603047148e-200	0.629473451924764	0.944	0.812	1.09153709412867e-195	"7"	"EIF3B"
3.3332828341299e-200	0.64052997983366	0.944	0.766	1.22001485011988e-195	"7"	"C7orf50"
5.86844983692172e-200	0.738736925467968	0.863	0.637	2.14791132481172e-195	"7"	"MCUR1"
7.05800846849517e-200	0.614154092894479	0.936	0.782	2.58330167955392e-195	"7"	"SLC25A39"
1.35999691004192e-199	1.01610397377199	0.573	0.292	4.97772469044442e-195	"7"	"WDR5"
1.48172819139583e-199	0.884219705811264	0.707	0.413	5.42327335332787e-195	"7"	"PRPS1"
2.80150704189779e-199	0.601947681391108	0.939	0.792	1.02537959240501e-194	"7"	"MRPL18"
4.43882183588352e-199	0.549747714082574	0.959	0.855	1.62465318015173e-194	"7"	"DNAJC8"
4.6142604480774e-199	0.637658539723187	0.928	0.787	1.68886546660081e-194	"7"	"ECI2"
4.76446955573817e-199	2.06643089428653	0.984	0.948	1.74384350209573e-194	"7"	"HIST1H4C"
1.33823938096585e-198	1.42121930743284	0.271	0.089	4.89808995827311e-194	"7"	"TRABD2A"
3.19962349984398e-198	0.795085094296078	0.855	0.619	1.1710941971779e-193	"7"	"HK1"
5.61216736373469e-198	0.97568302183353	0.636	0.35	2.05410937680054e-193	"7"	"NF2"
3.77583453131914e-197	0.615475487265726	0.936	0.799	1.38199319680812e-192	"7"	"H2AFY"
6.04890998132545e-197	0.851801776415795	0.771	0.487	2.21396154226493e-192	"7"	"TARDBP"
8.03411081641961e-197	0.570926181040353	0.955	0.821	2.94056489991774e-192	"7"	"CAPZA1"
1.02259373534742e-196	0.704390213410957	0.891	0.679	3.7427953307451e-192	"7"	"BZW2"
1.03005568625089e-196	1.21801837342167	0.395	0.163	3.77010681724687e-192	"7"	"NUP155"
1.18287652337217e-196	0.917270826407352	0.733	0.453	4.32944636319449e-192	"7"	"LPCAT4"
1.87398360292401e-196	0.565845038179739	0.949	0.83	6.85896738506216e-192	"7"	"UBE2M"
3.99249306192673e-196	0.77236731361542	0.85	0.622	1.4612923855958e-191	"7"	"HMGN3"
4.95799839479493e-196	0.935596298934448	0.683	0.397	1.81467699247889e-191	"7"	"DPP9"
1.6462733352951e-195	0.638186936234177	0.919	0.748	6.02552503451359e-191	"7"	"MRPS12"
2.14456646054556e-195	0.670989819255034	0.92	0.735	7.8493277022428e-191	"7"	"RBMX"
2.31471548255786e-195	1.05172250249181	0.569	0.298	8.47209013771001e-191	"7"	"PRPF4"
3.49565774814638e-195	0.535807943843622	0.971	0.862	1.27944569239906e-190	"7"	"SUMO3"
3.65761539173435e-195	0.970792825556531	0.677	0.398	1.33872380952869e-190	"7"	"SMAGP"
6.40334428850005e-195	0.782908666019487	0.852	0.622	2.3436880430339e-190	"7"	"HACD3"
8.79752186021492e-195	0.564323578654567	0.991	0.941	3.21998097605726e-190	"7"	"CLDN11"
1.00544969649863e-194	0.974336296978474	0.759	0.498	3.68004643415463e-190	"7"	"ARHGAP29"
1.21557608564578e-194	0.893572418515094	0.701	0.413	4.44913003107213e-190	"7"	"IPO9"
2.73738018959247e-193	0.832319291246629	0.799	0.539	1.00190852319274e-188	"7"	"TSR1"
2.79929430188057e-193	1.36669167300734	0.31	0.112	1.02456970743131e-188	"7"	"MDC1"
2.93576973841604e-193	1.00080344610563	0.594	0.317	1.07452108195765e-188	"7"	"AMD1"
4.45800879131487e-193	1.00170884903836	0.552	0.274	1.63167579770915e-188	"7"	"SMPD4"
1.24756538352241e-192	0.93874627445289	0.62	0.335	4.56621406023036e-188	"7"	"NAA15"
1.26839374049653e-192	0.582920664119793	0.953	0.833	4.64244792959134e-188	"7"	"THRAP3"
1.27938406530066e-192	1.00175865304132	0.61	0.331	4.68267361740694e-188	"7"	"ARSJ"
1.37464609790257e-192	0.688602314979398	0.891	0.687	5.0313421829332e-188	"7"	"COX17"
1.01470248091525e-191	1.03739836768851	0.579	0.308	3.71391255039792e-187	"7"	"GRWD1"
1.26459205565428e-191	0.965640554804474	0.663	0.377	4.62853338290023e-187	"7"	"TARBP2"
1.5009588914982e-191	0.770099716328476	0.821	0.579	5.49365963877255e-187	"7"	"SNRNP40"
1.01964340529314e-190	0.584318106872568	0.947	0.845	3.73199682771342e-186	"7"	"SNRNP70"
1.58519186158622e-190	1.46684984363367	0.348	0.139	5.80196073259172e-186	"7"	"HYLS1"
1.91757458396356e-190	0.903136854512212	0.648	0.357	7.01851473476503e-186	"7"	"GEMIN6"
2.30120835016867e-190	0.919748037842323	0.721	0.448	8.42265268245236e-186	"7"	"RASSF1"
2.73690392298736e-190	0.572740317864015	0.975	0.913	1.00173420485261e-185	"7"	"CLTC"
3.40437119100543e-190	0.778878123206506	0.797	0.538	1.2460338996199e-185	"7"	"POP5"
4.03115406152375e-190	0.622254918470986	0.926	0.784	1.47544269805831e-185	"7"	"PSMC4"
1.29443972211675e-189	0.694837138802612	0.866	0.648	4.7377788269195e-185	"7"	"HARS"
3.65610486701663e-189	0.691430406219368	0.886	0.668	1.33817094237676e-184	"7"	"GIPC1"
4.00105367030557e-189	0.67844878972033	0.919	0.737	1.46442565386854e-184	"7"	"HNRNPUL2"
8.35858069811569e-189	0.963756068305869	0.596	0.317	3.05932412131732e-184	"7"	"NCS1"
1.19216018896296e-188	0.913548633880126	0.69	0.408	4.36342550762334e-184	"7"	"MRPL35"
1.34754187466645e-188	1.66592833296994	0.268	0.092	4.93213801546666e-184	"7"	"GPRC5A"
2.17736436919753e-188	0.652898729837907	0.944	0.81	7.9693713276999e-184	"7"	"PPP1R12A"
2.46333484701923e-188	0.512967362341272	0.967	0.874	9.01605187357509e-184	"7"	"MRPL37"
5.35884608983826e-188	0.533936806229202	0.953	0.837	1.9613912573417e-183	"7"	"ECHS1"
2.85459005028363e-187	1.33845101104017	0.279	0.096	1.04480850430431e-182	"7"	"SPATA5"
3.79815448590468e-187	1.07102689923942	0.56	0.289	1.39016252338597e-182	"7"	"GCNT1"
4.75684195836284e-187	0.518859742324456	0.967	0.875	1.74105172518038e-182	"7"	"PSMD7"
4.96906862808976e-187	0.735848282683862	0.853	0.618	1.81872880856713e-182	"7"	"CDK2AP2"
5.05188270938478e-187	0.927629702548622	0.626	0.343	1.84903959046192e-182	"7"	"INF2"
1.62428623947214e-186	0.690989438919557	0.887	0.694	5.94505006509196e-182	"7"	"ZNRD2"
1.73399137028109e-186	1.04737791001493	0.547	0.28	6.34658181436582e-182	"7"	"PCNT"
2.75810454993759e-186	0.867273843546338	0.684	0.398	1.00949384632266e-181	"7"	"EFTUD2"
4.18541466885188e-186	0.668096075111163	0.883	0.657	1.53190362294648e-181	"7"	"MRPL47"
4.64209314467423e-186	0.883435400897223	0.685	0.398	1.69905251188221e-181	"7"	"HMBS"
4.68276727103278e-186	1.16486516835671	0.387	0.161	1.71393964887071e-181	"7"	"SLC8A1"
5.22709847350228e-186	0.597533096710963	0.933	0.778	1.91317031228657e-181	"7"	"PDXK"
6.19241070705905e-186	0.563804747143387	0.961	0.828	2.26648424289068e-181	"7"	"MYADM"
6.57146132961115e-186	0.762823818932056	0.813	0.556	2.40522056125098e-181	"7"	"RAB8A"
7.56638176443997e-186	0.877613581035428	0.717	0.442	2.76937138960268e-181	"7"	"CENPT"
1.07864573058606e-185	1.1066909961226	0.422	0.183	3.94795123851803e-181	"7"	"UBR7"
1.48100593741565e-185	0.908074729462075	0.69	0.401	5.42062983153503e-181	"7"	"PAK1"
1.64932607234972e-185	0.881998004670115	0.707	0.436	6.03669835740722e-181	"7"	"EXOSC3"
7.15454665772614e-185	0.609853167973396	0.926	0.754	2.61863562219435e-180	"7"	"UFD1"
1.02401257530614e-184	0.943273392594669	0.623	0.345	3.74798842687801e-180	"7"	"CPSF3"
1.170695144955e-184	0.624052429196477	0.92	0.75	4.28486130004981e-180	"7"	"SDHB"
2.41345631592239e-184	0.774934699335641	0.819	0.565	8.83349146190755e-180	"7"	"AP1M1"
3.02998514886853e-184	1.23992295808989	0.284	0.099	1.10900486433737e-179	"7"	"RFX8"
4.42283815910114e-184	1.0008469433329	0.547	0.277	1.61880299461261e-179	"7"	"NSMCE4A"
1.17391571728548e-183	0.734137204914122	0.846	0.62	4.29664891683657e-179	"7"	"MRPL15"
4.90291501597801e-183	0.823739497110147	0.746	0.476	1.79451592499811e-178	"7"	"AAAS"
6.18941137466984e-183	1.13492809663372	0.359	0.143	2.26538645724291e-178	"7"	"ATRIP"
1.04816349929886e-182	1.10474047456588	0.59	0.324	3.83638322378377e-178	"7"	"SUN2"
1.3140972082321e-182	0.753604156063167	0.792	0.524	4.80972719185031e-178	"7"	"PSMG3"
2.42581579109341e-182	0.974904708083388	0.545	0.276	8.878728376981e-178	"7"	"MPHOSPH6"
2.44196493024881e-182	0.714837441516376	0.847	0.611	8.93783584120367e-178	"7"	"HTATSF1"
4.94796654864062e-182	0.79963638250256	0.762	0.503	1.81100523646795e-177	"7"	"HADH"
6.23887672872907e-182	0.942808222371224	0.546	0.273	2.28349127148213e-177	"7"	"APOO"
6.43632577959317e-182	1.64534582399925	0.689	0.466	2.3557595985889e-177	"7"	"KRT19"
1.50808415850031e-181	0.578899637397627	0.947	0.796	5.519738828527e-177	"7"	"UBA1"
1.5501409036492e-181	1.27977646113487	0.452	0.214	5.67367072144644e-177	"7"	"NDE1"
2.54297009755653e-181	0.540667513577084	0.944	0.818	9.30752485406667e-177	"7"	"MRPL11"
2.81924158972519e-181	0.857009822873956	0.713	0.44	1.03187061425532e-176	"7"	"PRMT5"
5.72823763381405e-181	0.82326212366325	0.702	0.412	2.09659225635228e-176	"7"	"GAR1"
6.03294370312554e-181	0.926493173954927	0.64	0.36	2.20811772478098e-176	"7"	"NRAS"
9.36086762060713e-181	0.719855125380971	0.847	0.603	3.42617115781842e-176	"7"	"IDH2"
1.17885967270799e-180	0.882912698174789	0.66	0.374	4.31474428807852e-176	"7"	"RPS6KA4"
1.51757416471209e-180	0.95827193254953	0.77	0.527	5.5544732002627e-176	"7"	"HERC4"
2.48824690668107e-180	1.22726869131244	0.458	0.217	9.10723250314337e-176	"7"	"G2E3"
2.57354137430145e-180	1.20941798135544	0.367	0.151	9.41941878408073e-176	"7"	"SLC35E4"
2.98513112517926e-180	0.697341879042593	0.865	0.633	1.09258784312686e-175	"7"	"SZRD1"
2.04689070227908e-179	0.745469108682725	0.822	0.582	7.49182465941165e-175	"7"	"GRPEL1"
2.07674781382932e-179	0.574037792238935	0.945	0.825	7.6011046733967e-175	"7"	"HNRNPUL1"
2.21118959028721e-179	1.16155369342313	0.433	0.197	8.0931750194102e-175	"7"	"KIAA0586"
2.55001479648003e-179	0.890991739504402	0.665	0.385	9.33330915659657e-175	"7"	"USP5"
4.4996313328015e-179	1.36333023210701	0.265	0.091	1.64691006411868e-174	"7"	"RCAN3"
5.28025304178874e-179	0.836521760006622	0.896	0.734	1.9326254158251e-174	"7"	"FLNC"
7.34830861559226e-179	0.879018340660358	0.596	0.318	2.68955443639292e-174	"7"	"SCFD2"
9.4407875424262e-179	0.876698551632004	0.658	0.377	3.45542264840341e-174	"7"	"CNOT9"
1.29833059783528e-178	0.558992135107483	0.996	0.992	4.75201982113692e-174	"7"	"HSPA5"
1.78845808963547e-178	1.34526994358718	0.285	0.102	6.5459354538748e-174	"7"	"POLR3G"
3.96318281388836e-178	0.767742589377492	0.808	0.552	1.45056454171128e-173	"7"	"YKT6"
8.77065709930167e-178	0.563135110726993	0.942	0.794	3.2101482049154e-173	"7"	"ARL3"
1.30223431148899e-177	0.598996728540993	0.935	0.782	4.76630780348085e-173	"7"	"MAP7D1"
2.15496548286812e-177	0.871984553570419	0.633	0.355	7.88738916384562e-173	"7"	"ABCB8"
7.04888289090607e-177	1.28018438067864	0.294	0.108	2.57996162690053e-172	"7"	"LRRCC1"
1.53244524318737e-176	0.75977826052292	0.823	0.601	5.6089028345901e-172	"7"	"SMC3"
1.78360269579915e-176	0.638782501292733	0.936	0.78	6.52816422689446e-172	"7"	"TAF15"
3.01136897013163e-176	0.916675233898401	0.605	0.329	1.10219115675788e-171	"7"	"KHSRP"
3.38351713631257e-176	0.652126873108837	0.919	0.766	1.23840110706176e-171	"7"	"DDX21"
5.18019596934756e-176	1.01898847387837	0.49	0.235	1.8960035267409e-171	"7"	"CSTF3"
6.21636340582656e-176	1.22502963744942	0.32	0.123	2.27525117016658e-171	"7"	"DARS2"
1.10154906643064e-175	0.592310388153443	0.93	0.789	4.0317797380428e-171	"7"	"GLRX5"
2.90041380469187e-175	0.53266168949494	0.958	0.825	1.06158045665527e-170	"7"	"ADI1"
4.76866418882538e-175	0.933647860177022	0.61	0.34	1.74537877975198e-170	"7"	"NLN"
1.43506450882347e-174	1.11356372070258	0.418	0.188	5.25247960874476e-170	"7"	"PYCR3"
4.15197556741732e-174	0.994427621712797	0.507	0.248	1.51966457743041e-169	"7"	"FGFR1OP"
5.04832326187846e-174	1.27828948350504	0.33	0.131	1.84773679708013e-169	"7"	"DUSP5"
5.43598526335881e-174	0.594521301601867	0.918	0.741	1.98962496624196e-169	"7"	"MRPL28"
7.45646233264918e-174	1.3025324425112	0.287	0.105	2.72913977837293e-169	"7"	"WNT5B"
8.14814962966402e-174	0.615988708814757	0.905	0.735	2.98230424595333e-169	"7"	"CISD3"
8.23766908665616e-174	0.673493530758705	0.912	0.771	3.01506926240702e-169	"7"	"PSIP1"
1.11701754772541e-173	0.793483024695072	0.746	0.475	4.08839592642977e-169	"7"	"PPT1"
1.84421039088148e-173	1.08930267468066	0.548	0.302	6.74999445166532e-169	"7"	"ARL6IP6"
1.93163346042519e-173	0.675418034588325	0.876	0.671	7.06997162850224e-169	"7"	"MRPL22"
4.46981655819176e-173	0.85419545438485	0.678	0.4	1.63599755846377e-168	"7"	"ELAC2"
5.09465749608493e-173	1.73553293732868	0.286	0.11	1.86469559014205e-168	"7"	"GPAT2"
6.15827684140697e-173	1.06504696248357	0.665	0.418	2.25399090672337e-168	"7"	"RGMB"
1.09377762715865e-172	0.84384574301744	0.702	0.435	4.00333549316337e-168	"7"	"WBP11"
1.70782150590024e-172	0.52421718917084	0.953	0.835	6.25079749374546e-168	"7"	"CCDC124"
4.01436487432613e-172	0.72481638115827	0.805	0.546	1.46929768765211e-167	"7"	"KPNA3"
5.68482322907316e-172	0.774100365008506	0.762	0.508	2.08070215007307e-167	"7"	"RNF126"
6.92506057006455e-172	1.06987304663564	0.443	0.205	2.53464141924933e-167	"7"	"SPATA33"
1.50401187164633e-171	1.08102414609015	0.416	0.187	5.50483385141273e-167	"7"	"CLPB"
1.5180742065291e-171	0.899979688519769	0.673	0.407	5.55630340331716e-167	"7"	"NIP7"
2.24226523325965e-171	1.05152149038613	0.391	0.167	8.20691498025363e-167	"7"	"ATP6V0E2"
3.03184856107367e-171	0.610923306006532	0.915	0.73	1.10968689183858e-166	"7"	"ACTR1A"
3.65442653156709e-171	1.10524967081947	0.742	0.522	1.33755665481887e-166	"7"	"TRNP1"
3.66627745142126e-171	1.21122169115965	0.483	0.243	1.34189420999469e-166	"7"	"FAM111A"
1.63022756056932e-170	0.80809621260593	0.752	0.494	5.96679589443975e-166	"7"	"WSB2"
1.89507395889163e-170	0.87966929278799	0.694	0.433	6.93616019693925e-166	"7"	"NIN"
2.68632128332483e-170	0.576363247646883	0.933	0.799	9.83220452909722e-166	"7"	"PPP2CA"
3.06447884228022e-170	0.517815873994454	0.958	0.863	1.12162990106298e-165	"7"	"ATP6V0B"
3.39158596767646e-170	0.82072224406245	0.815	0.582	1.24135438002926e-165	"7"	"ID1"
4.1027302755355e-170	0.609178347504261	0.995	0.963	1.50164030814875e-165	"7"	"TIMP3"
7.37266399809941e-170	1.10128185775321	0.372	0.156	2.69846874994437e-165	"7"	"SORD"
7.75415628576112e-170	0.622165089399665	0.94	0.791	2.83809874215143e-165	"7"	"GNG11"
1.04468478950259e-169	0.752624625074728	0.79	0.534	3.82365079805842e-165	"7"	"PMPCA"
2.0778939404101e-169	1.36155646942151	0.319	0.127	7.60529961129502e-165	"7"	"CDA"
2.85609042578682e-169	0.966934158412329	0.568	0.306	1.04535765674223e-164	"7"	"ENTPD6"
3.15589524456948e-169	0.776104883400382	0.804	0.57	1.15508921846488e-164	"7"	"XPO1"
3.33363992565226e-169	0.552113504246258	0.974	0.869	1.22014554918798e-164	"7"	"ITGA5"
3.81206003909527e-169	0.949158927519568	0.525	0.265	1.39525209490926e-164	"7"	"HMCES"
4.88570622550061e-169	0.618802814218861	0.903	0.729	1.78821733559548e-164	"7"	"PSMC2"
7.13106973145075e-169	0.656599373037672	0.883	0.695	2.61004283240829e-164	"7"	"DNAJB11"
4.42790001864378e-168	1.45514522123436	0.276	0.102	1.62065568582381e-163	"7"	"AL662797.1"
9.66308545047283e-168	0.699422157883403	0.776	0.505	3.53678590572756e-163	"7"	"PCOLCE2"
1.22529537732812e-167	0.571920190903874	0.931	0.784	4.48470361055866e-163	"7"	"C11orf24"
3.04022816857083e-167	0.662436467104327	0.869	0.672	1.11275391197861e-162	"7"	"SELENOT"
5.44937374132487e-167	0.688449936751211	0.851	0.623	1.99452528306232e-162	"7"	"KPNA4"
7.31211092937662e-167	0.856060386096755	0.624	0.352	2.67630572126114e-162	"7"	"TOR3A"
1.37055287423581e-166	0.562485990674609	0.926	0.781	5.01636057499049e-162	"7"	"PPP1CC"
6.29877260717913e-166	1.32159086203044	0.284	0.106	2.30541376195363e-161	"7"	"DSCC1"
8.5143173947924e-166	0.533936016942106	0.967	0.895	3.11632530966797e-161	"7"	"RHEB"
1.03663857093026e-165	0.630692264379538	0.881	0.693	3.79420083346185e-161	"7"	"TRAPPC4"
2.42198489146875e-165	0.594407198219896	0.907	0.725	8.86470690126477e-161	"7"	"AP3D1"
3.00330475700855e-165	0.560478359596366	0.933	0.779	1.0992395741127e-160	"7"	"MYO1C"
3.54254636330805e-165	0.505345483908498	0.961	0.86	1.29660739443438e-160	"7"	"MRPL57"
5.59850656673598e-165	0.892948184939204	0.57	0.305	2.04910938849103e-160	"7"	"LAS1L"
5.96610032404641e-165	0.658998852308388	0.866	0.651	2.18365237960423e-160	"7"	"MRPS10"
8.00919081185142e-165	0.999649277078659	0.422	0.19	2.93144392904574e-160	"7"	"ABHD11"
9.20986354430689e-165	0.721320288729493	0.81	0.576	3.37090215585176e-160	"7"	"DDX56"
1.87346329715319e-164	0.917202473037102	0.513	0.259	6.85706301391039e-160	"7"	"CCBE1"
3.0294427302392e-164	0.643558764505574	0.867	0.661	1.10880633369485e-159	"7"	"FTSJ1"
3.74153427954463e-164	0.605407524312776	0.913	0.752	1.36943896165613e-159	"7"	"GOLIM4"
1.76396587832359e-163	0.701073267530356	0.861	0.665	6.45629151125217e-159	"7"	"PRRC2A"
2.75842160539375e-163	0.988894541507995	0.44	0.204	1.00960989179017e-158	"7"	"SAAL1"
2.84762290695616e-163	0.711059896750436	0.822	0.592	1.04225846017502e-158	"7"	"POLR2C"
2.90957177073772e-163	0.965818556214822	0.693	0.439	1.06493236380771e-158	"7"	"DNAJB4"
3.43087368800389e-163	0.678515189498812	0.847	0.622	1.25573407854631e-158	"7"	"MRPS23"
3.48976345517988e-163	0.943100876904558	0.514	0.262	1.27728832223039e-158	"7"	"DOHH"
3.63976009320451e-163	0.709923809818462	0.794	0.53	1.33218859171378e-158	"7"	"POP4"
3.8455282737674e-163	1.03931545496847	0.4	0.178	1.40750180348161e-158	"7"	"FOXRED1"
4.14506201527093e-163	0.50119516058268	0.958	0.869	1.51713414820931e-158	"7"	"PFDN2"
5.81237649849845e-163	0.864820292921556	0.711	0.461	2.12738792221542e-158	"7"	"SACS"
1.86584379754653e-162	0.855163268184085	0.671	0.403	6.82917488340004e-158	"7"	"EHD1"
3.07529442653341e-162	1.07335713084506	0.336	0.137	1.12558851305549e-157	"7"	"TJP2"
4.93060731381213e-162	0.860291674575871	0.656	0.39	1.80465158292838e-157	"7"	"IPO4"
1.16676856013605e-161	1.02740092963541	0.818	0.633	4.27048960695397e-157	"7"	"CRIP1"
1.95118701390314e-161	0.800031953162682	0.702	0.432	7.14153958958689e-157	"7"	"CMSS1"
2.23460149956154e-161	1.02474453658869	0.426	0.198	8.1788649485452e-157	"7"	"PPAT"
2.30446884583224e-161	1.0834989986016	0.385	0.17	8.43458642263057e-157	"7"	"DOT1L"
2.39413229187277e-161	0.829386676579052	0.589	0.321	8.76276360148351e-157	"7"	"GET4"
4.60270969642285e-161	0.817740205154028	0.668	0.396	1.68463777598773e-156	"7"	"PMVK"
6.23005544759712e-161	0.619965436334156	0.872	0.652	2.28026259437502e-156	"7"	"IMPAD1"
6.77527727925939e-161	0.973683569404792	0.601	0.343	2.47981923698173e-156	"7"	"RNF26"
1.98701970807214e-160	1.10911050098927	0.365	0.158	7.27269083351485e-156	"7"	"KIAA1217"
2.22428629918412e-160	0.600584831748422	0.896	0.743	8.14111028364379e-156	"7"	"PSMD3"
3.65487449611048e-160	0.563997876545029	0.933	0.793	1.3377206143214e-155	"7"	"MAZ"
5.38766609397424e-160	0.61290566006169	0.886	0.675	1.97193966705551e-155	"7"	"GRB2"
7.56953881455419e-160	0.661730005721639	0.837	0.599	2.77052690151498e-155	"7"	"DHX15"
9.93756677720911e-160	1.06251274252044	0.416	0.192	3.63724881612631e-155	"7"	"DHCR24"
1.03757091448762e-159	0.59514675157332	0.92	0.764	3.79761330411613e-155	"7"	"TOP1"
1.23955538691862e-159	1.07904917745523	0.326	0.131	4.53689667166086e-155	"7"	"AMDHD2"
1.7084773670277e-159	0.592776439423263	0.914	0.735	6.25319801105808e-155	"7"	"MCTS1"
8.39317192495557e-159	0.971505283602512	0.476	0.236	3.07198485625299e-154	"7"	"CAD"
1.41543269738638e-158	0.533183321126927	0.941	0.816	5.1806252157039e-154	"7"	"AP1S1"
1.62510363778804e-158	0.767546640656811	0.713	0.449	5.94804182466802e-154	"7"	"CHAMP1"
3.89047094878596e-158	0.718443074036602	0.783	0.531	1.42395127196515e-153	"7"	"PRKAR2A"
5.67911034642154e-158	0.714232042554646	0.771	0.518	2.07861117789375e-153	"7"	"PRPF19"
5.75443922710201e-158	0.662870777635727	0.868	0.66	2.10618230151161e-153	"7"	"NDUFA9"
1.53442487315214e-157	0.642665807438389	0.852	0.639	5.61614847822416e-153	"7"	"MRPS11"
1.80544468729058e-157	0.743871016482433	0.855	0.641	6.60810809995225e-153	"7"	"FLNB"
2.419976508909e-157	0.780390579392985	0.7	0.437	8.85735602025784e-153	"7"	"QDPR"
3.44855382717041e-157	0.602474477778189	0.883	0.68	1.26220518628264e-152	"7"	"BABAM1"
3.65876423365722e-157	1.03815178726802	0.399	0.18	1.33914429716088e-152	"7"	"MRE11"
6.02871877104881e-157	0.504631620796873	0.967	0.856	2.20657135739157e-152	"7"	"FLOT1"
7.22526724836239e-157	0.50753336345854	0.934	0.809	2.64452006557312e-152	"7"	"MRPL27"
1.08821190801327e-156	0.806705098945271	0.68	0.423	3.98296440451937e-152	"7"	"PLEKHB2"
1.39778786917472e-156	0.913389802713424	0.612	0.357	5.11604337996639e-152	"7"	"ACD"
1.6577644928753e-156	0.790641286393422	0.653	0.388	6.0675838203729e-152	"7"	"POLR2D"
2.25237126793686e-156	0.97746677824349	0.466	0.23	8.24390407777571e-152	"7"	"YEATS4"
5.87399824450182e-156	1.06729255120978	0.4	0.185	2.14994209747011e-151	"7"	"CD3EAP"
7.66218494715173e-156	0.57959810701304	0.914	0.741	2.804436312507e-151	"7"	"MRPS7"
1.08831069075435e-155	0.667839568897046	0.815	0.569	3.98332595923001e-151	"7"	"INO80E"
1.28518942331549e-155	0.770574449476519	0.758	0.522	4.70392180827703e-151	"7"	"TFAM"
1.44213916560615e-155	0.828840367239293	0.683	0.429	5.27837356003508e-151	"7"	"BRIX1"
1.54042704763947e-155	1.01574401810127	0.477	0.239	5.63811703706523e-151	"7"	"SCLT1"
2.11123184199295e-155	0.733548111743626	0.762	0.508	7.7273196648784e-151	"7"	"ERAL1"
2.18346986478776e-155	0.759771824133453	0.767	0.527	7.99171805210969e-151	"7"	"MTAP"
2.54063164451325e-155	0.927188808107575	0.585	0.333	9.29896588208295e-151	"7"	"RPA2"
2.88127670859722e-155	0.79315064526847	0.713	0.457	1.05457608811367e-150	"7"	"PPAN"
4.68603375843488e-155	1.00550117745493	0.403	0.184	1.71513521592475e-150	"7"	"NUP85"
6.63123434209738e-155	0.570141435275687	0.911	0.73	2.42709808155106e-150	"7"	"PDLIM5"
8.09245124072258e-155	0.80597280901847	0.676	0.417	2.96191807861687e-150	"7"	"CCDC167"
8.233210451027e-155	0.907085524248718	0.526	0.278	3.01343735718039e-150	"7"	"TEAD4"
8.79424908895107e-155	1.32448875876567	0.251	0.09	3.21878310904698e-150	"7"	"MATN2"
1.46490309618491e-154	0.887644581586483	0.535	0.282	5.36169182234639e-150	"7"	"ALDH16A1"
1.58103645785018e-154	0.702285050879085	0.808	0.571	5.78675153937745e-150	"7"	"PFDN6"
2.04247031176689e-154	0.828492852174659	0.665	0.408	7.475645588098e-150	"7"	"KITLG"
1.53279408292349e-153	0.855856144738302	0.623	0.363	5.61017962290826e-149	"7"	"RRP15"
1.54402237415078e-153	0.561531565900947	0.897	0.729	5.65127629162929e-149	"7"	"SMARCB1"
1.75558154509821e-153	0.857427345532607	0.585	0.327	6.42560401321394e-149	"7"	"PRADC1"
1.91443868687638e-153	0.533376770784869	0.934	0.8	7.00703703783623e-149	"7"	"EMC6"
2.12182772874471e-153	0.510213801453689	0.946	0.815	7.76610166997852e-149	"7"	"SSNA1"
2.22183029610886e-153	0.555338154403785	0.922	0.768	8.13212106678805e-149	"7"	"RBM42"
4.19635723825344e-153	0.883829617166209	0.578	0.324	1.53590871277314e-148	"7"	"SMAP2"
8.80579305771971e-153	0.900642265815978	0.53	0.279	3.22300831705599e-148	"7"	"MSTO1"
1.01997416032007e-152	0.635434632425507	0.864	0.667	3.73320742418751e-148	"7"	"NAA50"
1.45548515653949e-152	0.500895632843575	0.939	0.822	5.32722122145017e-148	"7"	"RPS19BP1"
1.64153366306809e-152	0.805176465136539	0.674	0.419	6.00817736019551e-148	"7"	"NSUN2"
2.57135425580328e-152	0.815648364463135	0.654	0.396	9.4114137116656e-148	"7"	"NOL11"
4.87886205857822e-152	0.907101527162763	0.52	0.273	1.78571230206021e-147	"7"	"PLCB3"
4.97790813277036e-152	0.686570158297626	0.779	0.531	1.82196415567528e-147	"7"	"PPP5C"
5.14821182865914e-152	0.803342704003958	0.625	0.361	1.88429701140753e-147	"7"	"TBL3"
5.63347229259086e-152	0.509220169943494	0.934	0.812	2.06190719381118e-147	"7"	"MRPL4"
5.7056232339825e-152	0.824260860966755	0.629	0.371	2.08831515986993e-147	"7"	"PITRM1"
8.55445117288784e-152	0.640273366886981	0.884	0.672	3.13101467378868e-147	"7"	"NIBAN2"
8.95177178335943e-152	0.684921455934359	0.825	0.619	3.27643799042739e-147	"7"	"GMPS"
1.05755665468755e-151	1.08160432066924	0.53	0.291	3.87076311182191e-147	"7"	"NRG1"
1.17643605308631e-151	0.581806704455454	0.879	0.693	4.3058735979012e-147	"7"	"GPS1"
1.59741359483488e-151	0.734303562206775	0.837	0.644	5.84669349845515e-147	"7"	"MT1X"
1.70772212092465e-151	0.517213798527446	0.932	0.795	6.25043373479632e-147	"7"	"SRSF10"
2.52118309024192e-151	0.69871936547851	0.776	0.537	9.22778222859445e-147	"7"	"USP10"
4.97180148520766e-151	0.613242846410617	0.882	0.657	1.81972906160086e-146	"7"	"EPB41L2"
5.0426808795931e-151	0.786180196883961	0.69	0.435	1.84567162873987e-146	"7"	"VARS"
5.28496200768463e-151	0.905082644780788	0.513	0.266	1.93434894443265e-146	"7"	"ARPIN"
6.03487119428155e-151	0.665316833951404	0.973	0.918	2.20882320581899e-146	"7"	"CRABP2"
8.62155040781001e-151	0.918435385932104	0.473	0.233	3.15557366476254e-146	"7"	"LRWD1"
9.97435980915053e-151	0.786783972842548	0.743	0.503	3.65071543374719e-146	"7"	"FKBP4"
1.03155843577584e-150	1.00346121022158	0.593	0.344	3.77560703078314e-146	"7"	"SNHG3"
1.09997330315982e-150	0.521798378841837	0.942	0.803	4.02601228689525e-146	"7"	"SAR1A"
1.87722427074817e-150	0.939819498448105	0.442	0.212	6.87082855336537e-146	"7"	"NOM1"
2.00611033945056e-150	0.660362303071401	0.823	0.597	7.34256445342298e-146	"7"	"NAE1"
2.33361625832314e-150	1.06571785867518	0.349	0.15	8.54126886708853e-146	"7"	"QTRT2"
6.14471027815057e-150	0.550865116934064	0.988	0.913	2.24902540890589e-145	"7"	"SERPINE1"
7.57783823234187e-150	0.914569263942557	0.471	0.235	2.77356457141945e-145	"7"	"APEX2"
1.01214751802901e-149	0.770345256337651	0.705	0.439	3.70456113073797e-145	"7"	"POFUT1"
1.02356040079304e-149	0.733196983665529	0.745	0.499	3.7463334229426e-145	"7"	"WDR54"
4.53257395802378e-149	1.0192520530875	0.428	0.207	1.65896739437628e-144	"7"	"PRSS3"
6.3894619677112e-149	0.637504427020945	0.85	0.63	2.33860697480198e-144	"7"	"GLUD1"
8.10922916297494e-149	1.05836592265119	0.368	0.164	2.96805896594046e-144	"7"	"PLA2G15"
8.29741205021704e-149	0.551254911816236	0.92	0.779	3.03693578449994e-144	"7"	"SGCB"
2.04672991889857e-148	0.621915067508106	0.868	0.674	7.49123617616066e-144	"7"	"ETF1"
8.51035392618377e-148	0.749257956397091	0.829	0.629	3.11487464052252e-143	"7"	"RRAS2"
1.01731292450721e-147	0.733585352645114	0.72	0.46	3.72346703498885e-143	"7"	"CNDP2"
1.5500630126725e-147	0.729449817369985	0.749	0.51	5.67338563268262e-143	"7"	"SUZ12"
1.72751265157585e-147	0.871195067877999	0.568	0.316	6.32286905603278e-143	"7"	"NOP2"
2.87354475357332e-147	0.633495000381309	0.841	0.627	1.05174611525537e-142	"7"	"ERGIC2"
4.44334175934614e-147	0.874118132070094	0.544	0.294	1.62630751733828e-142	"7"	"PAK1IP1"
5.06027189852447e-147	0.847078861170505	0.523	0.276	1.85211011757894e-142	"7"	"TCHP"
8.91344023991952e-147	0.537296590003666	0.914	0.769	3.26240826221294e-142	"7"	"DDX1"
1.53410708543809e-146	0.667347504993288	0.795	0.547	5.61498534341194e-142	"7"	"E2F4"
2.16531377094367e-146	0.929044992184556	0.459	0.226	7.92526493303092e-142	"7"	"TMEM107"
2.40988844283023e-146	0.543589009853635	0.908	0.739	8.82043268960293e-142	"7"	"DBNL"
9.07728557498944e-146	0.80602343682772	0.664	0.406	3.32237729330189e-141	"7"	"APC"
2.87945668453503e-145	1.16332709662406	0.284	0.112	1.05390994110667e-140	"7"	"PPP2R3B"
5.49402337772794e-145	1.02059812895114	0.408	0.195	2.0108674964822e-140	"7"	"NUP88"
6.40059948394934e-145	0.840949838672277	0.593	0.341	2.3426834171203e-140	"7"	"TLCD3A"
1.5419405314799e-144	0.637655076761386	0.832	0.611	5.64365653926957e-140	"7"	"PRPF31"
1.61412968724675e-144	0.648725528156642	0.814	0.58	5.90787606829184e-140	"7"	"UQCC3"
1.73446374673817e-144	0.667470117093475	0.811	0.579	6.34831075943637e-140	"7"	"CS"
1.82246707414168e-144	0.661878470492216	0.775	0.523	6.67041173806595e-140	"7"	"ZDHHC16"
4.06220977995223e-144	0.561438828294255	0.901	0.728	1.48680940156031e-139	"7"	"PPP1R7"
6.05515439730433e-144	0.844677913416962	0.502	0.259	2.21624706095736e-139	"7"	"EDC4"
6.78447096152832e-144	0.896836678477149	0.46	0.229	2.48318421662898e-139	"7"	"METTL3"
7.01095079806875e-144	0.881437997541028	0.547	0.305	2.56607810160114e-139	"7"	"C3orf14"
9.25499129146457e-144	0.503518640195157	0.932	0.788	3.38741936258895e-139	"7"	"SH3GL1"
1.00749563615403e-143	1.28753905062049	0.599	0.36	3.68753477788737e-139	"7"	"HIST1H1C"
2.38174396033676e-143	0.579678442740372	0.885	0.709	8.71742106922857e-139	"7"	"ARF6"
2.50473582596297e-143	1.12841749084422	0.28	0.11	9.16758359660708e-139	"7"	"SFXN5"
2.55172135412871e-143	0.926067591323438	0.41	0.192	9.33955532824648e-139	"7"	"PI4K2B"
4.21221496624608e-143	0.751109298141779	0.685	0.422	1.54171279979573e-138	"7"	"NUP37"
4.43038834429461e-143	0.534041774252081	0.921	0.776	1.62156643789527e-138	"7"	"UBA2"
1.8868023110908e-142	0.674504822177781	0.783	0.537	6.90588513882342e-138	"7"	"CHTOP"
2.9115512486711e-142	0.860606292503311	0.533	0.289	1.06565687252611e-137	"7"	"NACC1"
4.58933098861412e-142	0.981835924469317	0.326	0.137	1.67974103514266e-137	"7"	"CPED1"
6.7849648871179e-142	0.644931075052982	0.84	0.651	2.48336499833402e-137	"7"	"IMP4"
1.07857417735298e-141	0.888792981324214	0.467	0.236	3.94768934652963e-137	"7"	"NAT10"
1.65079422951313e-141	0.55452079244028	0.895	0.72	6.042071959441e-137	"7"	"U2SURP"
1.78387512574704e-141	0.600208422569322	0.853	0.647	6.52916134774675e-137	"7"	"RARS"
1.93131099866746e-141	0.542687531861902	0.884	0.711	7.06879138622278e-137	"7"	"RABL6"
2.08747316331456e-141	0.980914500574869	0.415	0.2	7.64036052504763e-137	"7"	"GEMIN4"
5.18837880639504e-141	0.551137607624436	0.974	0.881	1.89899852692865e-136	"7"	"SPTBN1"
6.24903358255079e-141	0.611338975975499	0.9	0.726	2.28720878154941e-136	"7"	"PAPSS2"
9.68822165322354e-141	0.710473792588077	0.737	0.486	3.54598600729635e-136	"7"	"ABRACL"
1.51218568787579e-140	0.647239002074094	0.844	0.626	5.53475083619419e-136	"7"	"CDC27"
2.68969374880791e-140	0.731716564563568	0.695	0.439	9.84454809001182e-136	"7"	"GTF2H3"
2.86380901734816e-140	1.0661622952408	0.33	0.143	1.0481827384396e-135	"7"	"RMI1"
3.61389812231734e-140	0.717948040482735	0.704	0.444	1.32272285174937e-135	"7"	"CCNQ"
3.89550925699214e-140	0.903780506912017	0.629	0.387	1.42579534315169e-135	"7"	"SAP30"
9.60892960381114e-140	0.536125982927434	0.919	0.768	3.51696432429092e-135	"7"	"BAZ1B"
9.78545421439159e-140	1.30899246108504	0.63	0.415	3.58157409700947e-135	"7"	"KCNMA1"
9.92495320670859e-140	0.528919177076751	0.901	0.73	3.63263212318741e-135	"7"	"POLDIP2"
1.56916599391775e-139	0.714044158424858	0.699	0.443	5.74330445433835e-135	"7"	"SPTLC2"
2.07845081525848e-139	0.676996498378735	0.775	0.526	7.60733782892755e-135	"7"	"ASL"
3.41738999362845e-139	0.693602731647791	0.739	0.485	1.25079891156795e-134	"7"	"PXMP2"
4.67703767964005e-139	0.74749552670542	0.688	0.431	1.71184256112506e-134	"7"	"MRPL39"
4.90622354429496e-139	0.647817641278542	0.802	0.59	1.7957268794474e-134	"7"	"GLRX2"
6.73172366334914e-139	0.620389117926319	0.811	0.573	2.46387817802242e-134	"7"	"ACOT9"
3.73121247054242e-138	0.964549503186771	0.319	0.137	1.36566107634323e-133	"7"	"RDH5"
3.99161455079935e-138	0.548324707639415	0.885	0.698	1.46097084173807e-133	"7"	"HINT2"
7.08933981329171e-138	1.28473455297646	0.69	0.483	2.5947692650629e-133	"7"	"FST"
1.03588481353044e-137	0.793526528237721	0.55	0.302	3.79144200600277e-133	"7"	"DNAAF5"
1.08226495193637e-137	1.13348323575967	0.252	0.095	3.9611979505823e-133	"7"	"SLC19A1"
1.2276512848016e-137	0.718665973837142	0.755	0.521	4.49332646750233e-133	"7"	"SPOCD1"
1.32616660259866e-137	1.06233882885559	0.34	0.151	4.85390238217135e-133	"7"	"ETS2"
1.37870770547974e-137	0.608713662244102	0.844	0.631	5.04620807282639e-133	"7"	"VPS4A"
3.66701443572148e-137	0.741676209562068	0.66	0.408	1.34216395361842e-132	"7"	"RRP1B"
5.16364894329638e-137	0.886904753035268	0.447	0.225	1.88994714973591e-132	"7"	"RRP12"
6.97900576853162e-137	0.516747058291771	0.921	0.791	2.55438590134026e-132	"7"	"ELOVL1"
1.01560958341609e-136	0.841011713724924	0.543	0.301	3.71723263626123e-132	"7"	"NOC4L"
1.05782381583485e-136	0.862709530661984	0.488	0.257	3.87174094833713e-132	"7"	"TTL"
1.63946134039451e-136	0.744779775284461	0.607	0.354	6.00059245197794e-132	"7"	"NUDCD1"
2.29356823684367e-136	0.549148575921538	0.893	0.736	8.39468910367153e-132	"7"	"MAGOH"
5.15127220636912e-136	1.08221317890329	0.295	0.122	1.88541714025316e-131	"7"	"SIPA1L3"
5.945719062994e-136	0.860479906222982	0.48	0.249	2.17619263424644e-131	"7"	"AL445524.1"
5.9547761542938e-136	0.73951548985602	0.651	0.399	2.17950762023307e-131	"7"	"TBRG4"
6.82544087601433e-136	0.692156346096613	0.733	0.486	2.49817961503e-131	"7"	"GLOD4"
1.28680432833305e-135	0.964195795582591	0.436	0.219	4.7098325221318e-131	"7"	"MIRLET7BHG"
1.31477234265143e-135	0.728365960142305	0.662	0.411	4.8121982513385e-131	"7"	"HAUS1"
1.82231534697426e-135	0.775908135958195	0.578	0.326	6.66985640146048e-131	"7"	"PCYT2"
1.83882616597705e-135	0.624051712123331	0.801	0.552	6.73028765009258e-131	"7"	"ORMDL2"
1.89971154293491e-135	0.71884180382265	0.664	0.411	6.95313421829606e-131	"7"	"OGFOD1"
2.04982755636835e-135	0.861633399159972	0.502	0.269	7.50257383906381e-131	"7"	"SKP2"
2.606145111204e-135	0.751705160033855	0.659	0.407	9.53875172151775e-131	"7"	"NOC3L"
5.47726351275871e-135	0.55981198321563	0.894	0.727	2.00473321830481e-130	"7"	"G6PC3"
2.79904234969508e-134	0.808164654631103	0.598	0.354	1.0244774904119e-129	"7"	"SH3RF1"
4.72789394934995e-134	0.837928783986801	0.542	0.303	1.73045646440157e-129	"7"	"CENPB"
4.9593153059536e-134	0.95743534326755	0.597	0.366	1.81515899513208e-129	"7"	"SERINC2"
6.52100420629627e-134	0.699316436419227	0.719	0.481	2.3867527495465e-129	"7"	"VKORC1L1"
7.20655231385629e-134	0.630551996120377	0.812	0.594	2.63767021239454e-129	"7"	"IMPDH1"
9.33327857336691e-134	0.939593569452234	0.421	0.208	3.41607329063802e-129	"7"	"TTLL12"
1.33030473608698e-133	0.602688423259321	0.836	0.629	4.86904836455194e-129	"7"	"WDR18"
1.54758774042757e-133	0.665915072052296	0.788	0.567	5.66432588873893e-129	"7"	"TRIO"
2.1113406732341e-133	0.626586899500779	0.804	0.584	7.72771799810415e-129	"7"	"SLC25A11"
2.25341267976593e-133	1.05277021092143	0.287	0.117	8.24771574921127e-129	"7"	"SCLY"
2.64360931265032e-133	0.748573754134959	0.678	0.445	9.67587444523143e-129	"7"	"SLC7A1"
1.2001441324119e-132	0.805650058802149	0.58	0.339	4.39264753904081e-128	"7"	"PPRC1"
1.20329237583087e-132	0.779515741410505	0.597	0.348	4.40417042477856e-128	"7"	"MBD3"
1.31459997549532e-132	0.50922640149681	0.92	0.768	4.81156737031043e-128	"7"	"CFL2"
1.84406690050834e-132	0.769675503584546	0.604	0.36	6.74946926255057e-128	"7"	"TIMM21"
4.1128010389768e-132	0.700852855003813	0.699	0.453	1.5053263082759e-127	"7"	"VMA21"
7.28942562570077e-132	0.700264313599496	0.706	0.47	2.66800267326274e-127	"7"	"RPP30"
9.70317320573814e-132	0.616792793870265	0.87	0.701	3.55145842503222e-127	"7"	"TIMM10"
1.14923375685162e-131	0.605069430117267	0.842	0.621	4.20631047345261e-127	"7"	"DCAF13"
1.15379768654651e-131	0.582592082633396	0.858	0.654	4.22301491252887e-127	"7"	"PLEKHJ1"
1.23429953436589e-131	0.803195250584384	0.559	0.321	4.5176597257326e-127	"7"	"RRP9"
1.38828807103934e-131	0.550460564415259	0.886	0.727	5.08127316881107e-127	"7"	"PAM16"
1.44907804493297e-131	0.571667895974319	0.844	0.629	5.30377055225917e-127	"7"	"GSS"
1.54970495750195e-131	0.688666989249228	0.736	0.497	5.67207511495289e-127	"7"	"SFXN1"
1.55283764068074e-131	0.739757397506052	0.652	0.409	5.68354104865557e-127	"7"	"ENOPH1"
2.23465474426494e-131	0.926703003460057	0.414	0.205	8.17905982948411e-127	"7"	"MPV17L2"
2.27210426581825e-131	0.683187438284804	0.76	0.526	8.31612882332138e-127	"7"	"ESYT1"
2.94447150225796e-131	0.742190758575573	0.607	0.357	1.07770601454144e-126	"7"	"DDX23"
2.98110417180083e-131	0.639333117201213	0.794	0.562	1.09111393792082e-126	"7"	"GLTP"
3.02528340114155e-131	0.893927642426236	0.656	0.439	1.10728397765182e-126	"7"	"MSH6"
3.1716721192164e-131	0.629004356968399	0.791	0.54	1.16086371235439e-126	"7"	"F2R"
4.8159693631909e-131	0.719902061794172	0.657	0.404	1.7626929466215e-126	"7"	"TIMM22"
6.15691174246508e-131	0.70655343490798	0.683	0.432	2.25349126685965e-126	"7"	"EXOSC10"
8.36429407400877e-131	0.762540872362372	0.534	0.291	3.06141527402795e-126	"7"	"SSH2"
1.05570772153033e-130	1.39300697403977	0.257	0.104	3.86399583157317e-126	"7"	"WNK4"
2.91199186848747e-130	1.00226950481232	0.338	0.152	1.0658181437851e-125	"7"	"CEP192"
3.85018338834117e-130	0.747327875901289	0.637	0.383	1.40920562196675e-125	"7"	"PLGRKT"
7.6769750902457e-130	0.609737818133255	0.824	0.609	2.80984965278083e-125	"7"	"UBAP2L"
9.90205988206211e-130	0.655422871772775	0.823	0.622	3.62425293743355e-125	"7"	"RALGPS2"
2.50969467578786e-129	0.742075682122088	0.559	0.312	9.18573348285116e-125	"7"	"TBCD"
2.91931292173279e-129	0.608112294789594	0.85	0.632	1.06849772248342e-124	"7"	"AKAP12"
4.07349225349418e-129	0.528218877726794	0.888	0.709	1.4909388997014e-124	"7"	"ATG3"
4.85866102212e-129	0.732874870912604	0.646	0.398	1.77831852070614e-124	"7"	"RRP1"
4.99274693504899e-129	0.852968131914874	0.452	0.234	1.82739530569728e-124	"7"	"TRMT6"
7.70726858025506e-129	0.593023383565979	0.838	0.669	2.82093737305916e-124	"7"	"GGCT"
8.8735208475722e-129	0.781868084276983	0.539	0.301	3.2477973654199e-124	"7"	"FAIM"
1.05943858577737e-128	0.681455539831846	0.789	0.57	3.87765116780376e-124	"7"	"LAPTM4B"
1.33243544101704e-128	0.633150870046636	0.797	0.574	4.87684695766647e-124	"7"	"HMOX2"
2.41275296135574e-128	0.567654049926077	0.836	0.599	8.83091711385813e-124	"7"	"ENSA"
3.53611541735877e-128	0.699852401504221	0.665	0.416	1.29425360390748e-123	"7"	"PACSIN2"
3.76199991724274e-128	0.566022607622773	0.864	0.667	1.37692958971001e-123	"7"	"DTD1"
5.18527871424886e-128	0.530130522422521	0.899	0.74	1.89786386220223e-123	"7"	"AHSA1"
5.98367477118006e-128	0.59670417254581	0.84	0.641	2.19008480299961e-123	"7"	"SF3A1"
7.49027137782973e-128	0.847477928408273	0.487	0.259	2.74151422699946e-123	"7"	"HAUS2"
8.60050663673913e-128	0.547444058469625	0.866	0.683	3.14787143411289e-123	"7"	"MAP3K20"
9.04558716660735e-128	0.868111113552978	0.499	0.272	3.31077535884996e-123	"7"	"BCS1L"
9.25181401219868e-128	1.08747358627168	0.379	0.185	3.38625644660484e-123	"7"	"SOGA1"
2.00383286846133e-127	0.5624203990809	0.871	0.674	7.33422868185532e-123	"7"	"AKT1"
2.40944048971635e-127	0.845630176275925	0.494	0.268	8.81879313641082e-123	"7"	"GRK6"
2.7438028815026e-127	0.749033340191319	0.617	0.372	1.00425929265877e-122	"7"	"GCN1"
3.52478967727719e-127	0.537262833984385	0.878	0.701	1.29010826978023e-122	"7"	"CHCHD1"
7.75571284863329e-127	0.525309905230746	0.885	0.723	2.83866845972827e-122	"7"	"RIC8A"
8.97652500194663e-127	0.554285067403104	0.866	0.672	3.28549791596248e-122	"7"	"SAR1B"
9.2189351068195e-127	0.774973777396026	0.575	0.336	3.374222438447e-122	"7"	"ARMC6"
1.22489363833577e-126	1.25229064167415	0.277	0.117	4.48323320567275e-122	"7"	"MLPH"
1.29128853867924e-126	0.641700432315062	0.742	0.49	4.7262451804199e-122	"7"	"PRKACA"
1.34044849207992e-126	0.568489628073876	0.885	0.717	4.90617552586173e-122	"7"	"PSMC1"
1.54379360702314e-126	0.586332954461522	0.811	0.575	5.65043898106539e-122	"7"	"GNB4"
1.74925806609579e-126	0.76057842098113	0.548	0.309	6.4024594477172e-122	"7"	"RAVER1"
1.7735454179338e-126	0.531402270410972	0.901	0.751	6.49135358417951e-122	"7"	"HOMER3"
2.10777475079095e-126	0.620656574896439	0.823	0.605	7.71466636536996e-122	"7"	"GPC1"
3.13566230550591e-126	0.708890132912983	0.643	0.391	1.14768376043822e-121	"7"	"NOL9"
3.67055397002167e-126	0.764672604478487	0.554	0.316	1.34345945856763e-121	"7"	"PUS7L"
6.96824949638861e-126	0.72012038770441	0.635	0.389	2.55044899817319e-121	"7"	"ZC3H18"
1.15157249733321e-125	0.64775821276597	0.773	0.543	4.2148704974893e-121	"7"	"TMX2"
1.30595445044875e-125	0.822362655466101	0.537	0.306	4.77992388408747e-121	"7"	"PNO1"
1.43373268190664e-125	0.538766906321525	0.863	0.688	5.24760498904649e-121	"7"	"CHCHD3"
1.90958910122237e-125	0.911304731189603	0.366	0.172	6.98928706938398e-121	"7"	"ZW10"
3.90914175445735e-125	0.621198521350888	0.761	0.52	1.43078497354894e-120	"7"	"RALB"
6.55843280059803e-125	0.892043425581285	0.418	0.212	2.40045198934688e-120	"7"	"CCNYL1"
7.14413044441654e-125	0.500043190976289	0.93	0.796	2.6148231839609e-120	"7"	"PRPF8"
7.32334091981561e-125	0.604691928784745	0.814	0.612	2.68041601006171e-120	"7"	"PTS"
7.75583462208383e-125	0.56746893304799	0.843	0.637	2.8387130300289e-120	"7"	"MRPL19"
9.52463395597579e-125	0.888859911466419	0.399	0.195	3.4861112742267e-120	"7"	"PINX1"
1.01563550150402e-124	0.67727278305812	0.713	0.475	3.71732749905485e-120	"7"	"GART"
1.40766993309011e-124	0.749735937202888	0.585	0.341	5.15221272210311e-120	"7"	"PPP2R5D"
2.80216396123768e-124	0.60947595027189	0.844	0.664	1.0256200314526e-119	"7"	"PNN"
3.02776255431437e-124	0.745362950183141	0.534	0.292	1.1081913725046e-119	"7"	"ORC3"
3.40538049197202e-124	0.762418885235043	0.645	0.41	1.24640331386668e-119	"7"	"MCMBP"
7.72487777288181e-124	0.605177493416811	0.725	0.471	2.82738251365247e-119	"7"	"DDAH1"
8.87267096095644e-124	0.776662354809599	0.507	0.28	3.24748629841967e-119	"7"	"PDCD11"
9.90904406593199e-124	0.701969592232281	0.577	0.33	3.62680921857177e-119	"7"	"ETV5"
1.11370992358046e-123	0.733477001865556	0.614	0.37	4.07628969129684e-119	"7"	"PTRH1"
1.20198584694973e-123	0.571525436843759	0.83	0.619	4.39938839842071e-119	"7"	"M6PR"
2.06897152089984e-123	0.63222900954618	0.78	0.559	7.5726426636455e-119	"7"	"SHKBP1"
4.2765941882388e-123	0.696209859100456	0.636	0.391	1.56527623883728e-118	"7"	"R3HDM1"
6.70503777039089e-123	0.524064150975537	0.905	0.743	2.45411087434077e-118	"7"	"CAPN1"
1.73836050157569e-122	0.707784586396181	0.646	0.404	6.36257327181719e-118	"7"	"UTP18"
1.80523674951543e-122	0.724247566966559	0.553	0.312	6.60734702690144e-118	"7"	"DLAT"
1.86474166492265e-122	0.684051413149055	0.662	0.407	6.8251409677834e-118	"7"	"ELOA"
2.40660315831914e-122	0.599026857942337	0.813	0.591	8.8084082197639e-118	"7"	"TACC1"
3.09324246409536e-122	0.650326517145464	0.754	0.52	1.13215767428354e-117	"7"	"SLC35B1"
4.08645720184045e-122	0.740579798826913	0.603	0.356	1.49568420044562e-117	"7"	"PHF6"
5.09177122231302e-122	0.798109120515563	0.502	0.277	1.86363918507879e-117	"7"	"NIF3L1"
6.34529574287709e-122	0.746543900338697	0.571	0.335	2.32244169485044e-117	"7"	"NCBP1"
7.23123928935609e-122	0.549668992586955	0.847	0.653	2.64670589229722e-117	"7"	"LSM6"
8.05230880971427e-122	1.17727486404754	0.257	0.105	2.94722554744352e-117	"7"	"FGF1"
1.05193622431759e-121	0.5370592132738	0.86	0.65	3.85019177462482e-117	"7"	"ACAT1"
1.34395305588857e-121	0.727650025463663	0.605	0.369	4.91900257985774e-117	"7"	"SEH1L"
2.23045028089646e-121	0.976928994762485	0.292	0.125	8.16367107310914e-117	"7"	"PRXL2B"
2.75506791277983e-121	0.784726040058256	0.515	0.287	1.00838240675655e-116	"7"	"LETM1"
3.36746073069174e-121	0.595173087505993	0.804	0.585	1.23252430204048e-116	"7"	"TMEM126A"
3.45523549940086e-121	0.844200032165945	0.417	0.211	1.26465074513571e-116	"7"	"STAMBPL1"
4.88193947277042e-121	0.783563413145509	0.584	0.349	1.7868386664287e-116	"7"	"UMPS"
5.07293120449613e-121	1.0404066083379	0.475	0.267	1.85674355015763e-116	"7"	"TRIM59"
6.67102063773473e-121	0.651075772356826	0.756	0.535	2.44166026361729e-116	"7"	"STARD7"
8.72144816984918e-121	1.05155247290398	0.267	0.11	3.1921372446465e-116	"7"	"TRAF2"
9.3909209475776e-121	0.562373742900566	0.833	0.616	3.43717097602288e-116	"7"	"GMPPA"
9.6737129078201e-121	0.730448831282117	0.598	0.359	3.54067566139123e-116	"7"	"C1orf35"
1.11973883069727e-120	0.678353844445114	0.7	0.455	4.09835609423508e-116	"7"	"MGAT2"
1.34689958493328e-120	0.671527531950255	0.688	0.447	4.92978717081428e-116	"7"	"UTP6"
1.62731036132881e-120	0.87390623075036	0.361	0.171	5.95611865349959e-116	"7"	"HGH1"
2.46189424943669e-120	0.5982950943328	0.72	0.472	9.01077914236323e-116	"7"	"SMIM29"
2.86996959371036e-120	0.729195008546396	0.62	0.385	1.05043757099393e-115	"7"	"MYBBP1A"
3.88460938330885e-120	0.73531822617205	0.584	0.349	1.42180588038487e-115	"7"	"DNAJA3"
4.71732280049142e-120	0.757352176929393	0.527	0.296	1.72658731820786e-115	"7"	"SRFBP1"
7.53200503817544e-120	0.584244937107141	0.803	0.591	2.75678916402259e-115	"7"	"LYPLA1"
8.55554167956878e-120	0.684410825909473	0.617	0.371	3.13141381013897e-115	"7"	"HEATR1"
9.07949059824914e-120	0.672805397267379	0.687	0.445	3.32318435386517e-115	"7"	"GMFB"
1.51928851211216e-119	0.730985958107598	0.583	0.352	5.56074788318173e-115	"7"	"RBM28"
2.05835190217977e-119	0.638990103252217	0.729	0.496	7.53377379716819e-115	"7"	"TSN"
2.25101407637445e-119	0.609342281692659	0.766	0.552	8.23893662093814e-115	"7"	"HSPBP1"
3.62539156596664e-119	0.831149465102128	0.401	0.199	1.32692956705945e-114	"7"	"L3MBTL2"
4.23510865992551e-119	0.954879860747039	0.291	0.125	1.55009212061934e-114	"7"	"MIR222HG"
4.95043065655713e-119	0.661089501623062	0.679	0.438	1.81190712460648e-114	"7"	"MED27"
1.25272312402426e-118	0.746510285884352	0.548	0.313	4.5850919062412e-114	"7"	"PSPC1"
1.3891036733181e-118	0.876163510794881	0.354	0.168	5.08425835471158e-114	"7"	"RNGTT"
1.73101145343239e-118	1.00838399576295	0.285	0.123	6.33567502070789e-114	"7"	"MPHOSPH9"
2.73224999213557e-118	0.749271214941409	0.495	0.268	1.00003081962154e-113	"7"	"TBC1D1"
2.86734997049773e-118	0.836306226490569	0.394	0.195	1.04947876270187e-113	"7"	"FBXO45"
3.90094225378649e-118	0.77597218767397	0.455	0.239	1.42778387430839e-113	"7"	"PUS1"
6.03047363418714e-118	0.872472462758704	0.396	0.198	2.20721365484883e-113	"7"	"IPO11"
7.2276517180624e-118	0.520063302240036	0.897	0.746	2.64539280532802e-113	"7"	"CD47"
1.42722735844661e-117	0.882146332847942	0.334	0.154	5.22379485465045e-113	"7"	"RAB7B"
3.25004100436219e-117	0.721668768748091	0.529	0.298	1.1895475080066e-112	"7"	"GATAD2A"
3.53867884837496e-117	0.99514101428823	0.32	0.148	1.29519184529372e-112	"7"	"NOL6"
4.95302818262134e-117	0.541141786461837	0.852	0.657	1.81285784512123e-112	"7"	"PXN"
8.00465723902535e-117	0.911841182721223	0.339	0.158	2.92978459605567e-112	"7"	"SLC9A3R1"
8.23378643503265e-117	0.625348115079055	0.718	0.482	3.0136481730863e-112	"7"	"PAGR1"
8.61983539939511e-117	0.794750176215793	0.515	0.29	3.1549459545326e-112	"7"	"MAPKAPK3"
1.37144817608597e-116	0.723157761195084	0.55	0.32	5.01963746929225e-112	"7"	"GFM1"
1.92197357046064e-116	1.08443169705354	0.269	0.115	7.034615465243e-112	"7"	"AC016831.1"
2.1102782238816e-116	0.535414254846549	0.875	0.695	7.72382932722904e-112	"7"	"PFDN1"
2.26583471322931e-116	0.546225363539279	0.816	0.61	8.29318163389061e-112	"7"	"TXNDC9"
3.03538431102002e-116	0.663029226118494	0.618	0.376	1.11098101167644e-111	"7"	"RBFA"
3.18750157438431e-116	0.791529929488488	0.482	0.265	1.1666574512404e-111	"7"	"PRPS2"
3.41228991834034e-116	1.1265867593938	0.304	0.137	1.24893223301175e-111	"7"	"S100A2"
4.88359505388078e-116	1.00258620461296	0.267	0.112	1.7874446256709e-111	"7"	"CNKSR3"
6.60906544649297e-116	0.586063735107837	0.769	0.53	2.41898404407089e-111	"7"	"COMMD8"
7.16326164102285e-116	0.618627016083621	0.767	0.545	2.62182539323077e-111	"7"	"UCHL3"
1.09119084244949e-115	0.785355722270297	0.448	0.235	3.99386760244939e-111	"7"	"TRMT61A"
1.14661399112331e-115	0.517546117975592	0.76	0.513	4.19672186891041e-111	"7"	"PHLDA1"
1.67542861084918e-115	0.733802325054727	0.725	0.498	6.13223625856907e-111	"7"	"PYGB"
2.2208554947856e-115	0.653153456833942	0.613	0.372	8.12855319646476e-111	"7"	"ITGA4"
2.2208654750656e-115	0.679480102475027	0.596	0.356	8.12858972528761e-111	"7"	"CHD1L"
2.35869568207144e-115	0.715011015614366	0.533	0.303	8.63306206594968e-111	"7"	"CBFB"
2.6659505129746e-115	0.554899927330775	0.832	0.625	9.75764547253833e-111	"7"	"EML4"
4.93297193050252e-115	0.704567375223229	0.591	0.357	1.80551705628323e-110	"7"	"IRS1"
6.32134929097689e-115	0.755339609884032	0.467	0.253	2.31367705399045e-110	"7"	"PHRF1"
6.63804771801593e-115	0.670366962160984	0.636	0.403	2.42959184527101e-110	"7"	"CDK5RAP2"
1.03432351291211e-114	0.708828473281312	0.525	0.296	3.7857274896096e-110	"7"	"NET1"
1.30853114858047e-114	0.624783279960635	0.75	0.528	4.78935485691936e-110	"7"	"GNL2"
1.36014246213299e-114	0.579258950487065	0.78	0.554	4.97825742565296e-110	"7"	"NABP2"
1.49239366059019e-114	0.659892213351497	0.646	0.403	5.46231003712616e-110	"7"	"ERCC2"
3.4551351721464e-114	0.801217232192171	0.474	0.26	1.2646140243573e-109	"7"	"MYO5A"
4.73911302359888e-114	0.532899196170221	0.84	0.639	1.73456275776743e-109	"7"	"PSMG4"
7.28167016655602e-114	0.666615987701908	0.708	0.475	2.66516409766117e-109	"7"	"HLTF"
8.67818955797575e-114	0.566192489008613	0.79	0.561	3.1763041601147e-109	"7"	"TAF6"
9.26680749028457e-114	0.721502819516773	0.65	0.428	3.39174420951905e-109	"7"	"NXN"
1.34539134954496e-113	0.571439902717001	0.801	0.59	4.92426687846952e-109	"7"	"B3GAT3"
1.76228071364742e-113	0.583045237575054	0.838	0.67	6.45012364002092e-109	"7"	"ASAP1"
1.77955335492738e-113	0.572536073494328	0.795	0.582	6.51334323436972e-109	"7"	"DNTTIP2"
1.91355184792398e-113	0.906686511474263	0.341	0.162	7.00379111858656e-109	"7"	"CXorf38"
2.37692150038848e-113	0.552316009207202	0.83	0.646	8.69977038357187e-109	"7"	"PHF5A"
5.08006908271786e-113	0.91058959902557	0.331	0.155	1.85935608496556e-108	"7"	"SELENOI"
1.00762345156463e-112	0.749442706987458	0.541	0.315	3.68800259507168e-108	"7"	"RHNO1"
1.01065463769522e-112	0.755833853275805	0.513	0.291	3.69909703942827e-108	"7"	"WDR55"
1.23435132265246e-112	0.797012793229126	0.627	0.411	4.51784927604026e-108	"7"	"ZMYND19"
1.5659706808582e-112	1.14053740179179	0.323	0.156	5.73160928900911e-108	"7"	"STXBP6"
1.75656991356827e-112	0.831534879999269	0.398	0.201	6.42922154065121e-108	"7"	"GON7"
2.07543058113993e-112	0.712214569938386	0.599	0.364	7.59628347003026e-108	"7"	"CABIN1"
2.53976670239945e-112	0.719100548023932	0.501	0.279	9.29580010745221e-108	"7"	"LSG1"
2.66854889898071e-112	0.63504515935261	0.607	0.369	9.76715582515929e-108	"7"	"SYNJ2"
4.38275032363651e-112	0.816154098977504	0.414	0.214	1.6041304459542e-107	"7"	"SLF2"
5.19239338278037e-112	0.688168119549132	0.604	0.37	1.90046790203145e-107	"7"	"BBS7"
5.37897185732377e-112	0.72402184086524	0.66	0.446	1.96875748949907e-107	"7"	"RBBP8"
5.86435538268581e-112	0.541708234356895	0.818	0.611	2.14641271361683e-107	"7"	"TMX1"
8.33911816885964e-112	0.742144221327949	0.53	0.306	3.05220064098432e-107	"7"	"OGDH"
8.63449101120799e-112	0.578331025194602	0.763	0.54	3.16031005501223e-107	"7"	"DDX54"
8.81678009613696e-112	0.582691445450213	0.79	0.59	3.22702968298709e-107	"7"	"TMEM109"
4.32992359267479e-111	0.989481798326499	0.263	0.112	1.5847953341549e-106	"7"	"XRCC4"
5.40309314557059e-111	0.870664120745265	0.384	0.193	1.97758612221029e-106	"7"	"LSR"
5.70613057735702e-111	0.68735717288395	0.606	0.381	2.08850085261844e-106	"7"	"ZMPSTE24"
7.79084423748279e-111	0.856306803760474	0.349	0.167	2.85152689936108e-106	"7"	"TAF9B"
8.54152101410101e-111	0.710050351404096	0.703	0.486	3.12628210637111e-106	"7"	"KMT5A"
1.06524605673206e-110	0.92184917717265	0.332	0.158	3.89890709224503e-106	"7"	"EFCAB11"
1.06804707760651e-110	0.770883623533333	0.479	0.267	3.90915910874757e-106	"7"	"NFATC2IP"
2.26192417148785e-110	0.867553988785404	0.368	0.183	8.27886866006268e-106	"7"	"DHX33"
2.57710492024241e-110	0.611618264477546	0.766	0.54	9.43246171857925e-106	"7"	"MRPL58"
2.82615137872784e-110	0.695960887658053	0.588	0.357	1.03439966612818e-105	"7"	"MTA2"
4.39854824835152e-110	0.734886511410697	0.478	0.263	1.60991264437914e-105	"7"	"RBM19"
1.0210701270204e-109	0.703721326126728	0.667	0.441	3.73721877190735e-105	"7"	"HYOU1"
1.09796866534163e-109	0.627472485805575	0.685	0.444	4.01867511201691e-105	"7"	"PDCL3"
1.445448483087e-109	0.567151367187455	0.766	0.532	5.29048599294675e-105	"7"	"PON2"
1.49857097632761e-109	0.879271464622291	0.319	0.148	5.48491963045667e-105	"7"	"CCP110"
1.6303145967785e-109	0.604764601747319	0.742	0.533	5.96711445566897e-105	"7"	"RIF1"
1.91011543242418e-109	0.791856328988508	0.433	0.231	6.99121349421574e-105	"7"	"MAK16"
2.03710739866217e-109	0.744337950141994	0.482	0.266	7.45601678984342e-105	"7"	"HACD2"
3.82282969193703e-109	0.692575836730803	0.599	0.37	1.39919389554587e-104	"7"	"MLH1"
6.02959784719047e-109	0.656823986083053	0.639	0.409	2.20689310805018e-104	"7"	"BMS1"
6.42073255924005e-109	0.903656580258025	0.356	0.176	2.35005232400745e-104	"7"	"MTFP1"
7.28011461909773e-109	0.56489536809283	0.768	0.546	2.66459475173596e-104	"7"	"TSFM"
8.08459418560638e-109	0.534241389143179	0.837	0.626	2.95904231787379e-104	"7"	"UBQLN1"
1.11719975874803e-108	0.669519434694015	0.623	0.394	4.08906283699365e-104	"7"	"TFRC"
1.18502845558219e-108	0.691748060302844	0.565	0.337	4.33732265027639e-104	"7"	"HCFC1"
1.25907195466981e-108	0.678385168723728	0.553	0.322	4.60832926128699e-104	"7"	"DPP3"
1.28095561875607e-108	0.644570661793318	0.589	0.356	4.68842566020908e-104	"7"	"BRCC3"
2.31185870650629e-108	0.81632068376241	0.455	0.251	8.46163405168366e-104	"7"	"CASP8AP2"
2.49543091195052e-108	0.657521631546826	0.635	0.405	9.13352668083011e-104	"7"	"UTP4"
2.60183318689882e-108	0.788769738305597	0.474	0.266	9.52296964736838e-104	"7"	"FHOD1"
3.03672208283582e-108	0.856467543328884	0.395	0.204	1.11147064953874e-103	"7"	"DCAF15"
3.19785254678451e-108	0.554695909931626	0.783	0.566	1.1704460106486e-103	"7"	"ASXL1"
3.41945788902015e-108	0.62253717476204	0.703	0.463	1.25155578196027e-103	"7"	"WDFY1"
5.35282845995567e-108	1.02592294052932	0.278	0.125	1.95918874462837e-103	"7"	"RPP25"
7.69141477837524e-108	0.660227786398732	0.673	0.447	2.81513472303312e-103	"7"	"ASAP2"
1.0464614719121e-107	0.6627193709749	0.597	0.359	3.83015363334549e-103	"7"	"XRCC1"
1.295295862173e-107	0.560797206944102	0.798	0.575	4.7409123851394e-103	"7"	"DDA1"
1.36247158531718e-107	0.758750071968823	0.491	0.277	4.98678224941941e-103	"7"	"TTC4"
2.25035679913505e-107	0.952051898611013	0.326	0.156	8.23653092051421e-103	"7"	"TBC1D2"
2.31911358095451e-107	0.773896636803653	0.436	0.231	8.48818761765162e-103	"7"	"GPATCH11"
2.45432564123704e-107	0.715608363058734	0.511	0.292	8.9830772794917e-103	"7"	"PNPT1"
3.02417706410844e-107	0.83918789870148	0.381	0.193	1.10687904723433e-102	"7"	"PDE12"
4.89509387535478e-107	0.521683218128913	0.822	0.626	1.7916533093186e-102	"7"	"UTP11"
5.55646921571245e-107	0.533730226630435	0.834	0.637	2.03372329764291e-102	"7"	"ABCF1"
7.76002495702035e-107	0.740323934539517	0.475	0.264	2.84024673451902e-102	"7"	"FAM98B"
7.80370617752892e-107	0.660136791972932	0.619	0.391	2.85623449803736e-102	"7"	"FAM216A"
7.96537084214229e-107	0.645473701057804	0.677	0.457	2.9154053819325e-102	"7"	"PITHD1"
1.04683450430593e-106	0.642786458810566	0.637	0.406	3.83151896921014e-102	"7"	"TRNAU1AP"
1.0623802017113e-106	0.672633430811668	0.605	0.375	3.88841777628354e-102	"7"	"QSER1"
1.11831540389067e-106	0.560152182278952	0.791	0.576	4.09314620978024e-102	"7"	"WDR43"
1.32022512004377e-106	0.563951508234188	0.692	0.445	4.83215596187221e-102	"7"	"UXS1"
1.70228956185943e-106	0.659996685018305	0.563	0.331	6.23055002536169e-102	"7"	"ANAPC7"
2.23113565916445e-106	0.728739674484625	0.486	0.272	8.16617962610781e-102	"7"	"ZMYND8"
2.74808360056177e-106	0.618322343880807	0.715	0.493	1.00582607864161e-101	"7"	"EVA1A"
2.76958348637425e-106	0.868541499157666	0.303	0.139	1.01369525184784e-101	"7"	"NUP43"
3.88905824966101e-106	0.620055513985701	0.708	0.482	1.42343420995842e-101	"7"	"SMIM12"
5.33359951898966e-106	0.646555895128388	0.656	0.434	1.9521507599454e-101	"7"	"LARP4"
5.72518318880583e-106	0.501171344206113	0.897	0.753	2.09547429893482e-101	"7"	"PLAUR"
8.5972255041874e-106	0.526408403308194	0.829	0.628	3.14667050678763e-101	"7"	"ARL16"
9.88915569709451e-106	0.549682530600889	0.783	0.575	3.61952987669356e-101	"7"	"MRPS25"
9.96157873188788e-106	0.723866334210649	0.534	0.313	3.64603743165828e-101	"7"	"MRM2"
1.4126630381306e-105	0.566806894276691	0.755	0.53	5.17048798586181e-101	"7"	"ZNF326"
2.55844726755338e-105	0.766854853605492	0.419	0.221	9.36417284397214e-101	"7"	"TFB1M"
2.59156376181736e-105	0.612442677036778	0.688	0.457	9.48538252462771e-101	"7"	"CPSF2"
2.63035840623152e-105	0.805179494361658	0.352	0.173	9.62737480264799e-101	"7"	"SLC25A13"
3.64903039296954e-105	0.600477860145576	0.693	0.46	1.33558161413078e-100	"7"	"NELFB"
3.81853840826469e-105	0.528592768276166	0.816	0.62	1.39762324280896e-100	"7"	"CIAO2A"
8.0415854685739e-105	0.718258069370963	0.469	0.259	2.94330069735273e-100	"7"	"PUS7"
9.30057285238379e-105	0.535929182797414	0.796	0.588	3.40410266970099e-100	"7"	"ABCF2"
1.42335790868361e-104	0.815202514156585	0.368	0.185	5.20963228157289e-100	"7"	"KLHL18"
1.62240470808381e-104	0.642135657502241	0.646	0.414	5.93816347205757e-100	"7"	"EEF1AKMT2"
1.62368840451767e-104	0.56152600247765	0.786	0.584	5.94286192937511e-100	"7"	"HPF1"
1.97778146600271e-104	0.725048215161057	0.46	0.253	7.23887794371653e-100	"7"	"TXNRD2"
2.60706966796851e-104	0.591334842386897	0.733	0.515	9.54213569173154e-100	"7"	"POLR3H"
5.65951407777613e-104	0.757054396785376	0.444	0.242	2.07143874760684e-99	"7"	"ASB6"
5.84441221107394e-104	0.682639590185667	0.521	0.303	2.13911331337517e-99	"7"	"ABHD10"
6.97388825448088e-104	0.716728059443436	0.505	0.292	2.55251284002255e-99	"7"	"EXOSC6"
7.213767071847e-104	0.94969212698035	0.285	0.13	2.64031088596672e-99	"7"	"TMEM171"
7.5634605053537e-104	0.712754840757608	0.562	0.345	2.76830217956451e-99	"7"	"GALNT1"
9.66733751924721e-104	0.605977650448632	0.707	0.484	3.53834220541967e-99	"7"	"NOP14"
1.43784479847835e-103	0.63636745798475	0.592	0.359	5.26265574691062e-99	"7"	"RBM10"
2.49350858894389e-103	0.690499698496891	0.539	0.318	9.12649078639355e-99	"7"	"C16orf91"
3.67437411558289e-103	0.643410242802858	0.648	0.425	1.34485767004449e-98	"7"	"AP1S2"
3.95395505405214e-103	0.742418878973533	0.493	0.28	1.44718708933362e-98	"7"	"CCAR2"
4.72426768025891e-103	0.609036937261168	0.738	0.522	1.72912921365156e-98	"7"	"MBOAT2"
5.82994114659597e-103	1.64060454768098	0.704	0.53	2.13381675906559e-98	"7"	"HIST1H1E"
7.04426418390768e-103	0.906256028765259	0.431	0.239	2.57827113395205e-98	"7"	"LIN7A"
7.29138693143001e-103	0.553329180863206	0.748	0.529	2.6687205307727e-98	"7"	"APIP"
1.15907306419019e-102	0.873301474075535	0.308	0.144	4.24232332224252e-98	"7"	"TMEM131L"
2.26221442755825e-102	0.79437596169373	0.385	0.198	8.27993102630593e-98	"7"	"FANCL"
2.30686523845368e-102	0.601356969657862	0.688	0.453	8.44335745926432e-98	"7"	"COA1"
2.77813103281116e-102	0.969015637885242	0.278	0.126	1.01682373931921e-97	"7"	"PCBD2"
3.14272589422485e-102	0.83315649425562	0.336	0.164	1.15026910454524e-97	"7"	"RAB30-DT"
3.23802921330708e-102	0.579302946416023	0.699	0.469	1.18515107236252e-97	"7"	"SMYD2"
4.79894405307469e-102	0.69165525497707	0.547	0.329	1.75646151286587e-97	"7"	"ABL2"
4.91179132642727e-102	0.715420546105814	0.536	0.323	1.79776474338564e-97	"7"	"GAS2L1"
6.00254674959338e-102	0.501119250750842	0.832	0.644	2.19699213581867e-97	"7"	"PAXX"
7.24799302901255e-102	0.655849751444596	0.642	0.417	2.65283792854888e-97	"7"	"CANT1"
1.22853885296337e-101	0.748677090193598	0.397	0.206	4.49657505573124e-97	"7"	"MTHFD2L"
1.71076417892573e-101	0.655741251913156	0.499	0.284	6.26156797128606e-97	"7"	"GNA11"
1.78328966449787e-101	0.560247888656596	0.74	0.518	6.52701850102867e-97	"7"	"EIF2B1"
2.0582295511222e-101	0.729772561818545	0.444	0.244	7.53332598006237e-97	"7"	"SLFN11"
2.36062066466126e-101	0.620512984994112	0.615	0.386	8.64010769472666e-97	"7"	"PELP1"
2.44933315335166e-101	0.559469153397712	0.751	0.528	8.96480427458241e-97	"7"	"EIF2B3"
2.57842798262741e-101	0.616512393324617	0.657	0.439	9.4373042592146e-97	"7"	"C1orf174"
2.84759233777152e-101	0.653679293676878	0.556	0.335	1.04224727154775e-96	"7"	"UBA6"
3.33476050518018e-101	0.663816396497738	0.567	0.346	1.220555692501e-96	"7"	"EEF2KMT"
4.91615025892513e-101	0.589292307299989	0.691	0.466	1.79936015626919e-96	"7"	"NUP54"
6.26264337438399e-101	0.70407251400355	0.607	0.391	2.29219010145828e-96	"7"	"POMZP3"
1.05525677538315e-100	0.61207426780335	0.652	0.428	3.86234532357988e-96	"7"	"PCYT1A"
1.24623461451549e-100	0.766207707941524	0.364	0.184	4.56134331258813e-96	"7"	"TUBGCP3"
1.3099934375825e-100	0.702940354932305	0.539	0.321	4.79470698089572e-96	"7"	"GPN1"
1.40728695225354e-100	0.703394501399589	0.452	0.247	5.15081097394317e-96	"7"	"SMIM10"
1.48724869207208e-100	0.610831731879085	0.65	0.419	5.44347893785303e-96	"7"	"EHBP1L1"
2.33824568942172e-100	0.879860016188826	0.343	0.17	8.55821304785243e-96	"7"	"ITPR3"
2.46516845153839e-100	0.660917922147186	0.577	0.358	9.02276304947567e-96	"7"	"SEC11C"
3.23742354717989e-100	0.785615793187761	0.335	0.163	1.18492939250331e-95	"7"	"UTP15"
3.69217021539167e-100	0.816829153946098	0.336	0.165	1.35137122053551e-95	"7"	"INO80C"
3.90123537499565e-100	0.553981365184767	0.798	0.598	1.42789115960216e-95	"7"	"FBXL5"
8.30951091447345e-100	0.547960277921677	0.845	0.65	3.04136408980643e-95	"7"	"HMG20B"
1.72577011683974e-99	0.507662407335566	0.82	0.614	6.31649120464515e-95	"7"	"DLD"
1.87055482714213e-99	0.69960483987763	0.47	0.264	6.8464177228229e-95	"7"	"LRRC8A"
3.57856034882813e-99	0.59206711798375	0.682	0.461	1.30978887327458e-94	"7"	"RAE1"
4.01669645141435e-99	0.62774613020374	0.598	0.371	1.47015106818216e-94	"7"	"GTF3C5"
5.4708919532818e-99	0.580945457996673	0.72	0.5	2.00240116382067e-94	"7"	"SLC25A24"
5.677198496749e-99	0.663078664257212	0.496	0.281	2.0779114217951e-94	"7"	"MTFR1"
1.27318372866319e-98	0.653415510173103	0.527	0.31	4.65997976528016e-94	"7"	"RPIA"
1.55642232579698e-98	0.726820499689885	0.467	0.267	5.69666135464953e-94	"7"	"STK10"
3.49900329039245e-98	0.637246916538436	0.565	0.346	1.28067019431654e-93	"7"	"CPT1A"
4.85002922483457e-98	0.814093649075389	0.357	0.181	1.7751591965817e-93	"7"	"CCHCR1"
8.72378942466507e-98	0.664736452430621	0.564	0.348	3.19299416732166e-93	"7"	"RAD51C"
1.24181526065807e-97	0.578189775968988	0.716	0.492	4.54516803553462e-93	"7"	"CARM1"
2.26313998425551e-97	0.640392521587972	0.573	0.349	8.28331865637358e-93	"7"	"PIGX"
2.49477975205496e-97	0.714333467372136	0.451	0.252	9.13114337049637e-93	"7"	"SCML1"
2.7884021262589e-97	0.6063884878357	0.65	0.434	1.02058306223202e-92	"7"	"BAZ1A"
3.03110682369196e-97	0.601412211617369	0.728	0.507	1.10941540853949e-92	"7"	"RIPOR1"
5.78526001705232e-97	0.538009262224449	0.751	0.539	2.11746301884132e-92	"7"	"DHX30"
7.23860108861624e-97	0.623378249510178	0.601	0.382	2.64940038444443e-92	"7"	"STK39"
7.51794593836853e-97	0.628186485139538	0.612	0.391	2.75164339290227e-92	"7"	"LTV1"
9.73117998661023e-97	0.577910978036813	0.651	0.427	3.56170918689921e-92	"7"	"CDK11B"
1.00203866174588e-96	0.614533943960976	0.669	0.46	3.66756170585609e-92	"7"	"NXT1"
1.17939507351997e-96	0.588963756258285	0.66	0.435	4.31670390859044e-92	"7"	"USP39"
1.20728647816339e-96	0.597936255973719	0.681	0.452	4.41878923872583e-92	"7"	"RPS6KB2"
3.06750254797577e-96	0.873450441902711	0.261	0.117	1.12273660758461e-91	"7"	"ZNF385D"
3.16584747602688e-96	0.557361916537536	0.735	0.51	1.1587318347006e-91	"7"	"NELFCD"
3.51694428507911e-96	0.584915005985613	0.631	0.404	1.2872367777818e-91	"7"	"ALG8"
6.16462962596426e-96	0.634954537006907	0.54	0.324	2.25631608939918e-91	"7"	"ACAD9"
6.89512975918923e-96	0.752026450731537	0.42	0.231	2.52368644316085e-91	"7"	"PGM2"
7.28806596647669e-96	0.562461345216325	0.747	0.534	2.66750502439013e-91	"7"	"EMC8"
7.33071621772769e-96	0.61114557166835	0.568	0.346	2.68311544285051e-91	"7"	"NOL10"
7.39802341949583e-96	0.572930572298553	0.736	0.52	2.70775055176967e-91	"7"	"MRPS28"
9.51873316947963e-96	0.865029627869481	0.421	0.237	3.48395152736124e-91	"7"	"MLLT11"
1.11385395391353e-95	0.569644775510425	0.775	0.575	4.07681685671891e-91	"7"	"SH2D4A"
1.13457002986447e-95	0.742424142619905	0.444	0.25	4.15263976630695e-91	"7"	"CEP57L1"
1.69952221491484e-95	0.625687352527697	0.606	0.386	6.2204212588098e-91	"7"	"RPGRIP1L"
2.53791156139847e-95	0.819015835836838	0.326	0.16	9.28901010587456e-91	"7"	"C16orf95"
2.73185389768441e-95	0.533564934643127	0.82	0.639	9.9988584509147e-91	"7"	"PES1"
3.11151954834936e-95	0.606342337011458	0.61	0.387	1.13884726989135e-90	"7"	"AIFM1"
3.74038157104383e-95	0.669627716888094	0.463	0.258	1.36901705881775e-90	"7"	"PRORP"
4.79104821400468e-95	0.851198431812036	0.292	0.138	1.75357155680785e-90	"7"	"CLUH"
6.49935373549967e-95	0.535305618364137	0.776	0.568	2.37882846073023e-90	"7"	"DNM2"
6.9318330168e-95	0.562213060261121	0.692	0.47	2.53712020247897e-90	"7"	"HYAL2"
7.43890409066465e-95	0.845377919513101	0.343	0.174	2.72271328622417e-90	"7"	"SH2B3"
1.04205550003097e-94	0.842010043566409	0.291	0.137	3.81402733566335e-90	"7"	"CASP2"
1.20969981322531e-94	0.611526802329424	0.6	0.377	4.42762228638595e-90	"7"	"USB1"
2.05569474506298e-94	0.639496220639333	0.536	0.324	7.524048336405e-90	"7"	"PRKCA"
2.91777380346795e-94	0.585755527410095	0.661	0.442	1.0679343898073e-89	"7"	"CHORDC1"
3.02073661157765e-94	0.628007227469491	0.552	0.337	1.10561980720354e-89	"7"	"DAG1"
5.25171503910024e-94	0.505475775652439	0.805	0.606	1.92218022146108e-89	"7"	"PYCR2"
5.63448289167444e-94	0.624620998445717	0.609	0.39	2.06227708318176e-89	"7"	"UTP3"
6.19339714502887e-94	0.701462721344699	0.336	0.166	2.26684528905202e-89	"7"	"MFHAS1"
7.25134430191335e-94	0.672255561388085	0.478	0.275	2.6540645279433e-89	"7"	"DHX38"
8.17702648951162e-94	0.648760262414037	0.531	0.32	2.99287346542615e-89	"7"	"ITGB3BP"
1.14166644163817e-93	0.707457951359734	0.45	0.254	4.17861334303988e-89	"7"	"GXYLT1"
1.16110062819984e-93	0.860914872438225	0.266	0.122	4.24974440927424e-89	"7"	"LRFN4"
1.43281327853947e-93	0.880938275165723	0.272	0.125	5.24423988078232e-89	"7"	"LIN54"
1.96194474348782e-93	0.532586649751491	0.785	0.589	7.18091395563978e-89	"7"	"CUL4A"
1.99811834869795e-93	1.31057689235661	0.332	0.174	7.31331296806935e-89	"7"	"CDKN2D"
2.27801709407426e-93	0.738327255163338	0.461	0.265	8.33777036602119e-89	"7"	"YRDC"
2.55885578071474e-93	0.72257148072698	0.383	0.202	9.365668042994e-89	"7"	"NUP153"
4.08606628543085e-93	0.551655486657359	0.723	0.509	1.49554112113054e-88	"7"	"NIPA2"
5.22933567262959e-93	0.67480839506749	0.494	0.291	1.91398914953916e-88	"7"	"PURB"
7.55942481021483e-93	0.692115275102715	0.474	0.273	2.76682507478673e-88	"7"	"TRMU"
8.69286294859367e-93	0.606989043626411	0.627	0.41	3.18167476781477e-88	"7"	"AHCTF1"
1.4834440330356e-92	0.649331342820373	0.512	0.302	5.42955350531359e-88	"7"	"SEC23B"
1.96934657101455e-92	0.681487658543714	0.428	0.239	7.20800538457035e-88	"7"	"IQCJ-SCHIP1"
1.98704261179858e-92	0.679255141122361	0.414	0.223	7.27277466344397e-88	"7"	"AGK"
3.05304823477553e-92	0.573206294614587	0.868	0.748	1.11744618441019e-87	"7"	"NR2F2"
6.16866224204176e-92	0.55917720488092	0.676	0.453	2.25779206720971e-87	"7"	"TACO1"
6.34257589203636e-92	0.840822581103435	0.29	0.138	2.32144620224423e-87	"7"	"TOP3A"
9.64945017092295e-92	0.580596458953521	0.668	0.449	3.53179525705951e-87	"7"	"FTSJ3"
1.06865834092701e-91	0.683603830010177	0.495	0.292	3.91139639362695e-87	"7"	"METTL1"
1.87855353428069e-91	0.525559300624655	0.766	0.563	6.87569379082074e-87	"7"	"MRPS17"
1.90377936014025e-91	0.529980048566586	0.683	0.459	6.96802283604932e-87	"7"	"ADPGK"
1.94145892158802e-91	0.544554784688541	0.903	0.8	7.10593379890431e-87	"7"	"FRMD6"
2.02786362780142e-91	0.830965536083002	0.355	0.186	7.42218366411597e-87	"7"	"MT1M"
2.05920949766823e-91	0.713295254881946	0.453	0.26	7.53691268241549e-87	"7"	"BYSL"
5.09682637139249e-91	0.666349240688661	0.423	0.232	1.86548942019337e-86	"7"	"ORC5"
5.4784666528447e-91	0.586368870353808	0.617	0.396	2.00517357960769e-86	"7"	"ME2"
5.50652155804108e-91	0.82041281616705	0.505	0.327	2.01544195545862e-86	"7"	"U2AF1"
6.48654805972978e-91	0.669456365137157	0.407	0.223	2.3741414553417e-86	"7"	"ATR"
7.04937819799224e-91	0.649954453401606	0.39	0.206	2.58014291424714e-86	"7"	"STIM2"
7.08836192450848e-91	0.559771535703597	0.597	0.377	2.59441134798935e-86	"7"	"TM7SF3"
8.86185560923802e-91	0.551046949762631	0.731	0.519	3.24352777153721e-86	"7"	"GOSR2"
9.98489172245486e-91	0.512515314024744	0.773	0.571	3.6545702193357e-86	"7"	"VTA1"
1.04383309702605e-90	0.862671030127816	0.26	0.12	3.82053351842504e-86	"7"	"SLC27A4"
1.21476600679313e-90	0.755729352936175	0.338	0.173	4.44616506146355e-86	"7"	"GALNT7"
1.82534197866912e-90	0.550673480355105	0.726	0.52	6.68093417612685e-86	"7"	"COLGALT1"
2.01575594278092e-90	0.521522057440168	0.617	0.409	7.37786832617243e-86	"7"	"INHBA"
2.82060600094899e-90	0.726911133226071	0.374	0.198	1.03237000240734e-85	"7"	"GLE1"
3.1602667759051e-90	0.71814489886146	0.395	0.214	1.15668924264902e-85	"7"	"COA7"
3.38144274877874e-90	0.847340515312299	0.344	0.18	1.23764186048051e-85	"7"	"NUDT8"
8.32703724786076e-90	0.566230937160688	0.625	0.401	3.04777890308952e-85	"7"	"HCCS"
9.92852839722111e-90	0.525361934065028	0.765	0.555	3.6339406786669e-85	"7"	"STARD3NL"
1.07621606508094e-89	0.659774644398477	0.444	0.25	3.93905841980273e-85	"7"	"SLC25A16"
1.43143690996986e-89	0.871706902004603	0.303	0.15	5.23920223418068e-85	"7"	"ZDHHC2"
1.83526375356256e-89	0.548270398038509	0.83	0.657	6.71724886441434e-85	"7"	"VEGFC"
2.44027984128349e-89	0.567742287927381	0.645	0.422	8.93166824708171e-85	"7"	"BRMS1"
6.67379318186389e-89	0.782100889042131	0.289	0.139	2.442675042494e-84	"7"	"CHST3"
1.02771239031612e-88	0.610822880682981	0.587	0.371	3.76153011979603e-84	"7"	"MEMO1"
1.02815522039054e-88	0.689385320405439	0.431	0.242	3.76315092215142e-84	"7"	"CEP250"
1.18757846697303e-88	0.545141850971881	0.731	0.53	4.346655946968e-84	"7"	"GBF1"
1.23801308593174e-88	0.522272213007448	0.756	0.551	4.53125169581877e-84	"7"	"VOPP1"
1.34497229256804e-88	0.575938228469054	0.649	0.431	4.9227330880283e-84	"7"	"SPRYD7"
1.8619908627515e-88	0.80306107058198	0.39	0.216	6.81507275675675e-84	"7"	"BPGM"
2.03969548803474e-88	0.571899735054466	0.626	0.404	7.46548945575594e-84	"7"	"NMT2"
2.62404555229932e-88	0.739627122349094	0.347	0.179	9.60426912597072e-84	"7"	"HEATR3"
2.94106744452897e-88	0.757787891382768	0.377	0.202	1.07646009537205e-83	"7"	"PXMP4"
3.9273642151046e-88	0.568500073426964	0.628	0.411	1.43745457637044e-83	"7"	"PIEZO1"
4.23114859869115e-88	0.516577403568424	0.735	0.53	1.54864269860695e-83	"7"	"RBM27"
4.55182817825899e-88	0.647046298202509	0.403	0.217	1.66601463152457e-83	"7"	"SMIM13"
5.42000440769731e-88	0.643348971554917	0.484	0.284	1.98377581326129e-83	"7"	"UTP25"
5.93937655140042e-88	0.615538869698937	0.521	0.31	2.17387121157807e-83	"7"	"NAGA"
7.24955149047585e-88	0.776204279356732	0.333	0.171	2.65340834102907e-83	"7"	"IMMP1L"
1.0963208694136e-87	0.590742182709782	0.543	0.326	4.0126440141407e-83	"7"	"DGKZ"
1.41848335035319e-87	0.645389325346026	0.454	0.26	5.19179091062773e-83	"7"	"DDX10"
1.71144014028493e-87	0.501052759502318	0.763	0.551	6.26404205745689e-83	"7"	"CCNK"
1.89266494963395e-87	0.555769836988543	0.696	0.479	6.92734298215523e-83	"7"	"KPNA1"
2.19640911684826e-87	0.886088260104108	0.277	0.133	8.0390770085763e-83	"7"	"HAUS3"
2.44456649034842e-87	0.978418487824094	0.529	0.349	8.94735781132427e-83	"7"	"CKB"
2.6318321554279e-87	0.671142941166835	0.387	0.207	9.63276887208165e-83	"7"	"AKAP8"
3.32140917115103e-87	0.552466581456976	0.701	0.479	1.21566897073299e-82	"7"	"CSK"
4.31760882774478e-87	0.61040834309871	0.513	0.31	1.58028800704287e-82	"7"	"NUP214"
7.26159430289568e-87	0.567578193686931	0.612	0.399	2.65781613080285e-82	"7"	"IFI27L1"
1.05897067249547e-86	0.646454672586875	0.477	0.279	3.87593855840067e-82	"7"	"POLR1A"
1.54084783516846e-86	0.541393023483716	0.661	0.445	5.6396571615001e-82	"7"	"MRPL46"
1.62370971947303e-86	0.998316664772432	0.28	0.138	5.94293994424323e-82	"7"	"TAFA5"
3.473172894414e-86	0.61011098592551	0.533	0.327	1.27121601108447e-81	"7"	"MPP1"
3.78449736616278e-86	0.514732987444108	0.742	0.541	1.38516388098924e-81	"7"	"MRPL42"
5.31780589455488e-86	0.650634307077795	0.523	0.321	1.94637013546603e-81	"7"	"DNAJC11"
6.29758917990516e-86	0.511216189553368	0.769	0.568	2.30498061573709e-81	"7"	"ELP5"
7.04744539987868e-86	0.624759955469693	0.458	0.264	2.57943549080959e-81	"7"	"UBAP2"
8.47791938416903e-86	0.546803107686793	0.673	0.458	3.10300327379971e-81	"7"	"ECE1"
8.90087501880963e-86	0.743481133193398	0.307	0.152	3.25780926563451e-81	"7"	"TARS2"
9.38001675435423e-86	0.550325862739419	0.671	0.454	3.43317993226119e-81	"7"	"MRPL50"
1.00726885931529e-85	0.545980799122003	0.707	0.502	3.6867047519799e-81	"7"	"NDUFAF4"
1.43400990997975e-85	0.655563910870347	0.483	0.284	5.24861967151689e-81	"7"	"TOR1B"
1.66507831463962e-85	0.526058674382275	0.67	0.456	6.09435313941246e-81	"7"	"ILKAP"
1.91048381977696e-85	0.563648844276916	0.625	0.409	6.99256182876566e-81	"7"	"SGTA"
4.00145836433034e-85	0.6112609522909	0.512	0.31	1.46457377592855e-80	"7"	"DUSP3"
4.76169385157499e-85	0.669684546074264	0.399	0.22	1.74282756661496e-80	"7"	"SRBD1"
5.8826876157676e-85	0.516871095529143	0.697	0.479	2.1531224942471e-80	"7"	"ARHGEF1"
8.46310612661685e-85	0.643699621722635	0.463	0.269	3.09758147340303e-80	"7"	"CTU2"
8.86541125721185e-85	0.750585251325756	0.326	0.168	3.24482917425211e-80	"7"	"PIGU"
9.6276426178492e-85	0.632705332504538	0.424	0.238	3.52381347455899e-80	"7"	"ANKRD52"
1.33451395685934e-84	0.661053224720153	0.413	0.23	4.88445453350086e-80	"7"	"MED24"
1.53363612966216e-84	0.602724998584532	0.774	0.588	5.61326159817646e-80	"7"	"CTSC"
1.74669933440074e-84	0.576309952272831	0.634	0.418	6.39309423384015e-80	"7"	"NUP98"
2.01835625379238e-84	0.539253707508641	0.678	0.472	7.3873857245055e-80	"7"	"CHD1"
2.26933424590068e-84	0.521724062444538	0.671	0.456	8.30599027342107e-80	"7"	"FAM192A"
2.68950589029581e-84	0.50769087379545	0.759	0.558	9.84386050907171e-80	"7"	"AK6"
2.80595607252056e-84	0.634227735236177	0.47	0.277	1.02700798210325e-79	"7"	"MDN1"
3.54329459502762e-84	0.688250053052217	0.353	0.186	1.29688125472606e-79	"7"	"CEP83"
3.7206751316214e-84	0.619721861223289	0.488	0.292	1.36180430492475e-79	"7"	"GPR180"
7.05101452700767e-84	0.721552752430858	0.357	0.19	2.58074182703008e-79	"7"	"MAP3K11"
7.46589510358546e-84	0.555019647221833	0.566	0.352	2.73259226686331e-79	"7"	"TMTC3"
7.72664923425352e-84	0.644199374603247	0.458	0.266	2.82803088622913e-79	"7"	"GTF2H2"
9.56899913513038e-84	0.536513694865762	0.687	0.471	3.50234937344907e-79	"7"	"CHMP1A"
1.17799538310268e-83	0.663561276912218	0.396	0.218	4.3115809016941e-79	"7"	"AGPAT5"
1.27103505490535e-83	0.632330041428665	0.402	0.221	4.65211540445906e-79	"7"	"EIPR1"
1.30101489672397e-83	0.558012576278475	0.618	0.395	4.76184462349939e-79	"7"	"ENDOG"
1.33956715986125e-83	0.629700399691866	0.411	0.228	4.90294976180816e-79	"7"	"USP12"
1.58262937254653e-83	0.59059372111855	0.464	0.269	5.79258176645754e-79	"7"	"MPP5"
1.62115207435842e-83	0.588148357095719	0.652	0.451	5.93357870735924e-79	"7"	"ZDHHC12"
1.7180036880529e-83	0.643231973419091	0.453	0.265	6.28806529864241e-79	"7"	"MFN2"
2.01957451338078e-83	0.548015035449674	0.644	0.436	7.391844676425e-79	"7"	"PREB"
2.59666094603923e-83	0.716884111965075	0.388	0.214	9.5040387285982e-79	"7"	"SRR"
4.04404480168139e-83	0.794186021528348	0.293	0.145	1.4801608378634e-78	"7"	"CEP295"
7.61188217523867e-83	0.788503064514417	0.297	0.148	2.78602499495911e-78	"7"	"CEP135"
7.6425871154765e-83	0.667088939875836	0.41	0.231	2.79726331013555e-78	"7"	"GEMIN5"
8.69226742559672e-83	0.560048419211291	0.6	0.392	3.18145680044266e-78	"7"	"FASN"
1.28010505449685e-82	0.604560499802969	0.533	0.333	4.68531250996391e-78	"7"	"METTL2B"
1.76188739155645e-82	0.648154210780572	0.526	0.33	6.44868404183578e-78	"7"	"CDKN2C"
1.97076413911331e-82	0.562576930020565	0.587	0.378	7.21319382556864e-78	"7"	"BICD2"
2.23228024121731e-82	0.599699924195282	0.477	0.283	8.17036891087947e-78	"7"	"PRPF3"
2.46392413416954e-82	0.55009501604502	0.585	0.377	9.01820872347394e-78	"7"	"CEP89"
3.39475150476042e-82	0.658487182807289	0.402	0.223	1.24251299825736e-77	"7"	"FBXL6"
6.10276172372868e-82	0.554378980514168	0.596	0.384	2.23367181850194e-77	"7"	"HAUS4"
7.2892586117545e-82	0.55394401170647	0.588	0.377	2.66794154448827e-77	"7"	"CRYZ"
9.63699391591358e-82	0.563482785627842	0.592	0.38	3.52723614316353e-77	"7"	"GCAT"
1.46183349890598e-81	0.54598072366417	0.685	0.485	5.35045678934579e-77	"7"	"CTCF"
1.51209004497479e-81	0.689928820248848	0.36	0.193	5.53440077361223e-77	"7"	"STOML1"
2.40057296393135e-81	0.804000378571641	0.279	0.137	8.78633710528515e-77	"7"	"TBC1D4"
2.87173782864948e-81	0.689428169427393	0.349	0.186	1.051084762664e-76	"7"	"RANBP6"
3.1642143181059e-81	0.54536313348993	0.607	0.397	1.15813408256994e-76	"7"	"ENOSF1"
3.79979616458566e-81	0.598418557869849	0.48	0.288	1.3907633942e-76	"7"	"XPO6"
6.41265667053119e-81	0.542785054268677	0.562	0.351	2.34709646798112e-76	"7"	"GATD1"
8.22395914704686e-81	0.502007908275116	0.758	0.554	3.01005128741062e-76	"7"	"MCRS1"
8.67812449379825e-81	0.556818694643608	0.582	0.371	3.1762803459751e-76	"7"	"TCF3"
1.03782740332475e-80	0.629812188371692	0.466	0.278	3.79855207890892e-76	"7"	"NEDD1"
1.05498000073365e-80	0.601036009927151	0.464	0.271	3.86133230068524e-76	"7"	"CCDC142"
1.1009060798225e-80	0.585323503968623	0.503	0.304	4.02942634275832e-76	"7"	"WDR12"
1.22556601162736e-80	0.520052643614444	0.694	0.486	4.48569415915732e-76	"7"	"BCAR1"
1.32765736399299e-80	0.517828513475437	0.679	0.47	4.85935871795073e-76	"7"	"FAF1"
1.38379676572653e-80	0.56022389722271	0.588	0.383	5.06483454223567e-76	"7"	"IDH3A"
1.60838296365139e-80	0.644693589601854	0.394	0.218	5.88684248526047e-76	"7"	"ITPK1"
1.62757044655994e-80	0.638386216827473	0.466	0.279	5.95707059145403e-76	"7"	"MTERF3"
1.67080805029071e-80	0.510463153341193	0.723	0.514	6.11532454486904e-76	"7"	"SEC22C"
2.31217484562895e-80	0.508554208376009	0.643	0.433	8.46279115248651e-76	"7"	"ARPP19"
2.41586730597002e-80	0.658177143879529	0.417	0.238	8.84231592658088e-76	"7"	"EFL1"
2.8462258874595e-80	0.505070986790592	0.742	0.546	1.04174713706905e-75	"7"	"UBE3C"
3.66326452502509e-80	0.658395395998854	0.407	0.23	1.34079144880443e-75	"7"	"APAF1"
5.89726077300369e-80	0.65759233150942	0.354	0.189	2.15845641552708e-75	"7"	"TUBGCP5"
7.47830073134712e-80	0.669770432749376	0.407	0.228	2.73713285068036e-75	"7"	"CDK5RAP1"
8.46697847655828e-80	0.539878937480179	0.66	0.453	3.09899879220509e-75	"7"	"POLR1C"
1.14535318038475e-79	0.617946383979937	0.71	0.547	4.19210717552624e-75	"7"	"PDLIM1"
1.51958827067169e-79	0.632825968801672	0.491	0.297	5.56184502948546e-75	"7"	"PPARG"
1.72347460709616e-79	0.583469853111451	0.558	0.355	6.30808940943265e-75	"7"	"POM121"
1.85331330289426e-79	0.651193612745331	0.399	0.225	6.78331201992329e-75	"7"	"GUF1"
3.07930315590047e-79	0.820036457018189	0.449	0.278	1.12705574809113e-74	"7"	"UNG"
3.13784635279769e-79	0.516398226614643	0.664	0.46	1.14848314358748e-74	"7"	"ASB1"
3.85058082597191e-79	0.532543095100906	0.571	0.362	1.40935108811398e-74	"7"	"METTL17"
5.92679192909209e-79	0.524726810881901	0.545	0.335	2.16926511396699e-74	"7"	"CDC42EP4"
6.45338939052098e-79	0.813825855781613	0.25	0.119	2.36200505082458e-74	"7"	"FAM122B"
6.84940940229549e-79	0.52418824968794	0.9	0.816	2.50695233533417e-74	"7"	"MT-ND2"
7.69023430132154e-79	0.534031435227855	0.587	0.38	2.8147026566267e-74	"7"	"TMA16"
8.07743396250945e-79	0.633826722291582	0.481	0.294	2.95642160461809e-74	"7"	"MEAK7"
8.51186197871261e-79	0.526371747516798	0.674	0.467	3.1154266028286e-74	"7"	"CWC27"
1.01743813203747e-78	0.599474945654163	0.449	0.264	3.72392530707036e-74	"7"	"EEF1AKNMT"
1.21309961770685e-78	0.698524173617313	0.525	0.342	4.44006591076886e-74	"7"	"TRPV2"
1.2789829886956e-78	0.583316703939607	0.494	0.301	4.68120563692476e-74	"7"	"SLC35A4"
2.50055951167697e-78	0.713294105295762	0.251	0.118	9.15229786868887e-74	"7"	"SFR1"
2.68367059956733e-78	0.599284922917273	0.427	0.245	9.82250276147638e-74	"7"	"LPCAT1"
2.85017933367275e-78	0.53000945373136	0.622	0.413	1.04319413791756e-73	"7"	"GLYR1"
4.22029432690708e-78	0.51098317801313	0.621	0.409	1.54466992659126e-73	"7"	"ASCC2"
5.3332117274465e-78	0.533608534034396	0.678	0.481	1.9520088243627e-73	"7"	"TRMT10C"
5.98576306874387e-78	0.647926603317247	0.386	0.218	2.19084914079095e-73	"7"	"MICALL1"
7.82910035628595e-78	0.587676982281757	0.523	0.327	2.86552902140422e-73	"7"	"PHTF2"
7.90329667640462e-78	0.741451230511858	0.296	0.151	2.89268561653085e-73	"7"	"ALDH4A1"
7.96569140086885e-78	0.551877550222329	0.613	0.411	2.91552270963201e-73	"7"	"LYPLA2"
9.88506178835135e-78	0.600411037019526	0.447	0.262	3.61803146515448e-73	"7"	"XPO5"
1.17095708843268e-77	0.677725333760223	0.433	0.257	4.28582003937244e-73	"7"	"VANGL1"
1.37185156147993e-77	0.543152818247552	0.549	0.345	5.0211139001727e-73	"7"	"MTRF1L"
1.91222041966989e-77	0.528497871465824	0.615	0.402	6.99891795803378e-73	"7"	"RCC1L"
3.17443607054511e-77	0.719875910016571	0.52	0.34	1.16187534618022e-72	"7"	"SFRP1"
3.32998100008012e-77	0.579102085657221	0.425	0.244	1.21880634583932e-72	"7"	"HTT"
4.65127733977831e-77	0.668212169354437	0.333	0.177	1.70241401913226e-72	"7"	"PPM1F"
6.51693336602496e-77	0.640370719166567	0.407	0.233	2.38526278129879e-72	"7"	"C2orf69"
1.17015784409911e-76	0.503328864694838	0.693	0.489	4.28289472518716e-72	"7"	"SS18L2"
1.74760730798137e-76	0.597765306228893	0.477	0.289	6.39641750794262e-72	"7"	"SEC24C"
2.73167109254177e-76	0.577011478032894	0.434	0.251	9.99818936581212e-72	"7"	"DUS3L"
4.14111719356772e-76	0.554882542922305	0.618	0.412	1.51569030401772e-71	"7"	"CCDC58"
4.31488988526669e-76	0.586477552545756	0.429	0.246	1.57929284690646e-71	"7"	"ANKRD54"
4.95775082756157e-76	0.841887195559663	0.554	0.388	1.81458638039581e-71	"7"	"SRGN"
7.19876084526728e-76	0.603426852607936	0.595	0.409	2.63481845697628e-71	"7"	"SLC38A5"
7.6873752007365e-76	0.539357760495228	0.509	0.313	2.81365619722157e-71	"7"	"RAB35"
8.55234373541718e-76	0.500510035010931	0.568	0.364	3.13024333060004e-71	"7"	"FRMD4A"
1.06179473421991e-75	0.714407054113048	0.262	0.128	3.8862749067183e-71	"7"	"TRERF1"
1.25212369508338e-75	0.542015505507373	0.586	0.381	4.58289793637467e-71	"7"	"FXN"
1.30036099540093e-75	0.719792117026155	0.294	0.151	4.75945127926696e-71	"7"	"NDUFAF5"
1.35647401995218e-75	0.569208840472925	0.427	0.246	4.96483056042698e-71	"7"	"PRTFDC1"
1.7920122154612e-75	0.864496862127099	0.251	0.123	6.55894390980953e-71	"7"	"ANKRD33B"
2.01306069157597e-75	0.658468681254703	0.378	0.213	7.36800343723722e-71	"7"	"URB1"
2.78247215682848e-75	0.736267427302129	0.413	0.242	1.01841263412079e-70	"7"	"SPRY2"
3.26893577385506e-75	0.501574457985335	0.656	0.447	1.19646318258869e-70	"7"	"MPRIP"
6.43510558102227e-75	0.704022613125594	0.288	0.147	2.35531299370996e-70	"7"	"PPP2R1B"
6.61270615531261e-75	0.672804067995206	0.319	0.168	2.42031657990597e-70	"7"	"FRMD8"
7.33689105750421e-75	0.545834233100608	0.544	0.345	2.68537549595712e-70	"7"	"UBP1"
7.5107296706801e-75	0.647353764844877	0.359	0.198	2.74900216676562e-70	"7"	"SCRIB"
8.57703467008432e-75	0.547504691132291	0.438	0.253	3.13928045959756e-70	"7"	"HPS3"
1.13260401801639e-74	0.504216366182544	0.604	0.396	4.14544396634177e-70	"7"	"CCDC43"
1.32214239297894e-74	0.630365509697469	0.36	0.198	4.83917337254223e-70	"7"	"EIF1AD"
1.78836693524586e-74	0.755182079965165	0.277	0.14	6.54560181969338e-70	"7"	"ABCB10"
1.97804879112503e-74	0.510821591916328	0.525	0.325	7.23985638039673e-70	"7"	"CDC23"
2.01401977373757e-74	0.514291855472633	0.616	0.412	7.37151377385687e-70	"7"	"C1GALT1C1"
2.03927235240917e-74	0.559558404465295	0.612	0.416	7.46394073705281e-70	"7"	"TMEM237"
4.9143086507777e-74	0.505690979704243	0.694	0.499	1.79868610927115e-69	"7"	"IRAK1"
7.30750932047481e-74	0.591158476675326	0.544	0.352	2.67462148638698e-69	"7"	"CPPED1"
8.07782580415141e-74	0.53595654283853	0.57	0.368	2.95656502257746e-69	"7"	"HABP4"
9.13663723159264e-74	0.605525305850703	0.402	0.232	3.34410059313522e-69	"7"	"POLR3A"
1.12082138742417e-73	0.660328647164998	0.365	0.203	4.1023183601112e-69	"7"	"MIOS"
1.27689484545405e-73	0.632939605395635	0.313	0.164	4.67356282384637e-69	"7"	"LMAN2L"
1.36786690752846e-73	0.503929473747659	0.544	0.341	5.00652966824492e-69	"7"	"WDFY2"
3.02679824728071e-73	0.52949140604907	0.586	0.375	1.10783842648721e-68	"7"	"SLC35A2"
4.19776159603754e-73	0.577786952001002	0.454	0.273	1.5364227217657e-68	"7"	"GTF3C2"
5.47726043112639e-73	0.567786349206104	0.409	0.236	2.00473209039657e-68	"7"	"EED"
7.04313612327758e-73	0.540517006606722	0.503	0.313	2.57785825248083e-68	"7"	"SART3"
7.26007752330821e-73	0.5768538924008	0.443	0.263	2.65726097430604e-68	"7"	"RPP40"
7.29319073441644e-73	0.538209821136434	0.503	0.311	2.66938074070376e-68	"7"	"VPS53"
1.03422438250803e-72	0.539186737927791	0.489	0.297	3.78536466241765e-68	"7"	"PCGF6"
1.0895337143703e-72	0.629523029607388	0.419	0.248	3.98780234796674e-68	"7"	"VEPH1"
1.10136942914143e-72	0.663663251264102	0.397	0.231	4.03112224760056e-68	"7"	"RNASEH1-AS1"
1.3013399040942e-72	0.542960183671302	0.464	0.278	4.7630341829752e-68	"7"	"FBXO4"
1.32785313445438e-72	0.659887273184506	0.369	0.208	4.86007525741648e-68	"7"	"CAPN5"
1.47202871836409e-72	0.688520923563555	0.326	0.176	5.38777231208441e-68	"7"	"DDX20"
2.13274227230599e-72	0.623238312017475	0.302	0.156	7.80604999086715e-68	"7"	"MIPEP"
2.19633924425885e-72	0.538819371119207	0.515	0.322	8.03882126791182e-68	"7"	"DHX16"
2.30220256724819e-72	0.534851995098311	0.657	0.463	8.4262916163851e-68	"7"	"AZIN1"
2.68203061927638e-72	0.53176353399217	0.507	0.316	9.81650026961347e-68	"7"	"PUSL1"
3.64367066769949e-72	0.531510838875345	0.537	0.344	1.33361990108469e-67	"7"	"DYNLL2"
4.25165585152827e-72	0.680515015163147	0.291	0.151	1.55614855821786e-67	"7"	"B3GLCT"
4.44146617168552e-72	0.563319126943769	0.458	0.276	1.62562103349862e-67	"7"	"PSME4"
4.92817352863665e-72	0.532872419420004	0.562	0.366	1.8037607932163e-67	"7"	"SDHAF3"
7.53518940332552e-72	0.694363662301113	0.302	0.16	2.75795467351117e-67	"7"	"RPAP1"
1.04497116192308e-71	0.680907979579378	0.277	0.14	3.82469894975468e-67	"7"	"TTI1"
1.57895853548681e-71	0.555569861467467	0.469	0.287	5.77914613573528e-67	"7"	"KATNAL1"
2.33754111337386e-71	0.619564446618915	0.386	0.222	8.55563422905965e-67	"7"	"ELP1"
2.62667095926976e-71	0.52147086107732	0.616	0.424	9.61387837802324e-67	"7"	"CDK6"
2.68530621848237e-71	0.557381750124355	0.474	0.289	9.82848929026732e-67	"7"	"NUFIP1"
2.82209757361427e-71	0.769120601891606	0.265	0.134	1.03291593291856e-66	"7"	"DDX51"
3.93757618737256e-71	0.979037548995048	0.319	0.178	1.44119226034023e-66	"7"	"HIST2H2AC"
4.23325951958641e-71	0.543361923787653	0.543	0.348	1.54941531676382e-66	"7"	"PDF"
4.50460587824254e-71	0.595742649475648	0.388	0.222	1.64873079749555e-66	"7"	"MTOR"
4.82499765038564e-71	0.53051089266743	0.726	0.561	1.76599739001765e-66	"7"	"BTG3"
5.46825153595094e-71	0.615132362311695	0.414	0.245	2.0014347446734e-66	"7"	"INIP"
1.23145581669653e-70	0.665288204249705	0.293	0.152	4.50725143469098e-66	"7"	"SAP130"
1.41856171425348e-70	0.717043174677263	0.284	0.147	5.19207773033915e-66	"7"	"SNHG10"
2.68141341906596e-70	0.663682386568993	0.313	0.167	9.81424125512331e-66	"7"	"CWF19L1"
2.8054236594256e-70	0.632079335169869	0.373	0.212	1.02681311358636e-65	"7"	"BUD13"
3.40561532823517e-70	0.526985057613401	0.584	0.388	1.24648926628736e-65	"7"	"PPP2R5C"
3.91921154303485e-70	0.536381462279209	0.503	0.317	1.43447061686619e-65	"7"	"ZADH2"
4.34496522053919e-70	0.546756428001557	0.477	0.293	1.59030072036955e-65	"7"	"WDR3"
4.47818569184569e-70	0.564886995741786	0.484	0.298	1.63906074507244e-65	"7"	"OGG1"
5.11880391162367e-70	0.751697069598632	0.285	0.15	1.87353341969338e-65	"7"	"DHX37"
7.05981237953681e-70	0.582506361703924	0.431	0.257	2.58396192903427e-65	"7"	"C15orf41"
7.97134127111696e-70	0.662836402523225	0.411	0.242	2.91759061864152e-65	"7"	"HACL1"
9.12382162643379e-70	0.524461981264529	0.516	0.326	3.33940995349103e-65	"7"	"C12orf43"
1.14898512018591e-69	0.583488190999997	0.47	0.291	4.20540043839245e-65	"7"	"UBL4A"
1.20233035819222e-69	0.581004880771844	0.389	0.223	4.40064934401935e-65	"7"	"STK17B"
1.50930004935178e-69	0.653043321898291	0.324	0.177	5.52418911063245e-65	"7"	"KCTD5"
1.62623805422454e-69	0.536122058486999	0.463	0.279	5.95219390226726e-65	"7"	"TICAM2"
2.48527521820439e-69	0.807477740639918	0.251	0.126	9.0963558261499e-65	"7"	"CSMD2"
2.90561750752808e-69	0.558345684591216	0.558	0.367	1.06348506393035e-64	"7"	"MICA"
3.3903442685228e-69	0.505312859733508	0.678	0.484	1.24089990572203e-64	"7"	"MPHOSPH10"
3.76569838537084e-69	0.527675186143415	0.513	0.32	1.37828326602958e-64	"7"	"TSPAN17"
5.43229280623998e-69	0.603947691279338	0.391	0.226	1.9882734900119e-64	"7"	"NFKBIB"
1.14352437001211e-68	0.50709221443616	0.587	0.39	4.18541354668132e-64	"7"	"CIAPIN1"
1.308968989319e-68	0.503401706099504	0.531	0.337	4.79095739780646e-64	"7"	"PTCD3"
1.77799421846104e-68	0.510794026022403	0.796	0.651	6.50763663898924e-64	"7"	"CRIP2"
2.49533551843526e-68	0.904381347420951	0.259	0.134	9.1331775310249e-64	"7"	"AC008522.1"
2.96956349553608e-68	0.542770517918118	0.436	0.261	1.08688993500116e-63	"7"	"ANKRD39"
4.72434441115649e-68	0.876743098815319	0.265	0.138	1.72915729792739e-63	"7"	"HRCT1"
6.98998980612039e-68	0.517429262532388	0.41	0.24	2.55840616893813e-63	"7"	"LPXN"
8.66754845393962e-68	0.500596266239668	0.572	0.38	3.17240940962644e-63	"7"	"USP7"
1.60757419132404e-67	0.665107574844585	0.312	0.171	5.88388229766511e-63	"7"	"HAPLN3"
1.81084897512277e-67	0.52417684436039	0.506	0.319	6.62788833384683e-63	"7"	"MRPL1"
4.03044945266126e-67	0.54802362472343	0.442	0.267	1.47518480416855e-62	"7"	"RFT1"
6.02590035525522e-67	0.599277670899613	0.358	0.203	2.20553978902696e-62	"7"	"TLNRD1"
1.26582700733237e-66	0.544213799014814	0.43	0.256	4.63305342953721e-62	"7"	"ZC3HC1"
2.01268070394924e-66	0.818167678361753	0.259	0.134	7.36661264452461e-62	"7"	"CEP70"
2.95375638030851e-66	0.517782941383473	0.523	0.338	1.08110437275672e-61	"7"	"SOAT1"
4.53110429952164e-66	0.605303842150263	0.339	0.19	1.65842948466792e-61	"7"	"LRRC40"
4.69175135247144e-66	0.56770683049116	0.403	0.239	1.71722791251807e-61	"7"	"NUP160"
5.05096191403297e-66	0.534868836010152	0.43	0.258	1.84870257015521e-61	"7"	"SPRYD4"
6.15419104059619e-66	0.553734308558294	0.447	0.27	2.25249546276861e-61	"7"	"ZDHHC8"
6.32628548812561e-66	0.540817677960778	0.413	0.243	2.31548375150885e-61	"7"	"RITA1"
7.33090795311384e-66	0.631765669936571	0.296	0.157	2.6831856199192e-61	"7"	"TRIM24"
1.43382135541167e-65	0.651139734309073	0.346	0.198	5.24792954294225e-61	"7"	"PKP4"
1.76456903682741e-65	0.504458337004077	0.494	0.309	6.45849913169199e-61	"7"	"MFSD14B"
3.06164055104296e-65	0.665503830957439	0.29	0.156	1.12059105808723e-60	"7"	"ZC3H4"
4.90495198549138e-65	0.55257870640109	0.425	0.255	1.7952614762097e-60	"7"	"GCDH"
4.93087503019644e-65	0.520915647574376	0.472	0.294	1.8047495698022e-60	"7"	"EPS15L1"
5.74662038231672e-65	0.508679809162338	0.496	0.315	2.10332052613174e-60	"7"	"DHDDS"
5.78193703511794e-65	0.724516020126244	0.259	0.134	2.11624677422352e-60	"7"	"AP002360.1"
7.20903316263719e-65	0.589691867014387	0.357	0.204	2.63857822785684e-60	"7"	"NAA25"
1.01290405188897e-64	0.522415579518448	0.447	0.273	3.7073301203188e-60	"7"	"FAM49B"
1.16639540800094e-64	0.6311456198656	0.364	0.213	4.26912383282425e-60	"7"	"TTPAL"
1.69292034360514e-64	0.539281366666829	0.583	0.4	6.19625774962918e-60	"7"	"PITX2"
1.81094975829553e-64	0.68602073522586	0.311	0.172	6.62825721033746e-60	"7"	"LIG3"
2.1856456087309e-64	0.949970734825859	0.435	0.291	7.99968149251596e-60	"7"	"KRT18"
2.82550493876203e-64	0.616622814694634	0.287	0.153	1.03416306263629e-59	"7"	"REXO1"
2.86936145610171e-64	0.732089036909224	0.269	0.142	1.05021498654779e-59	"7"	"HSPA12A"
2.90529573299737e-64	0.520403012251879	0.521	0.34	1.06336729123437e-59	"7"	"TSC22D2"
4.10013928841761e-64	0.587962823129986	0.301	0.162	1.50069198095373e-59	"7"	"TFAP4"
4.79981792198185e-64	0.543058874071798	0.421	0.253	1.75678135762458e-59	"7"	"DROSHA"
5.15789033949538e-64	0.608006044598775	0.349	0.198	1.88783944315871e-59	"7"	"SLC9B2"
6.92001741050914e-64	0.581849670718784	0.358	0.204	2.53279557242045e-59	"7"	"SLC35B4"
7.10798672739169e-64	0.611261990277488	0.437	0.271	2.60159422209263e-59	"7"	"HIP1"
1.11058677257454e-63	0.549526914221973	0.418	0.253	4.06485864630008e-59	"7"	"C12orf49"
1.45914449707959e-63	0.678203967606496	0.293	0.159	5.34061477376101e-59	"7"	"RBM12"
1.5495665527542e-63	0.504717115175024	0.487	0.307	5.67156853973566e-59	"7"	"KCTD17"
2.70691283503926e-63	0.591123371976346	0.412	0.249	9.9075716675272e-59	"7"	"PUDP"
2.9085743657499e-63	0.664662568329023	0.292	0.159	1.06456730360812e-58	"7"	"MANEA"
3.81212338971444e-63	0.565358524098739	0.362	0.209	1.39527528186938e-58	"7"	"CCDC9"
4.63459637492867e-63	0.561848920029218	0.358	0.205	1.69630861918764e-58	"7"	"DNAL1"
5.31624717711335e-63	0.528602001710115	0.398	0.236	1.94579962929526e-58	"7"	"UBE2O"
7.29337874546694e-63	0.626785954736788	0.316	0.176	2.66944955462836e-58	"7"	"KAZN"
8.19471679973567e-63	0.571774767961007	0.46	0.292	2.99934829587125e-58	"7"	"C8orf88"
8.21941660665588e-63	0.531744809811728	0.468	0.297	3.00838867220212e-58	"7"	"RRP8"
1.03819760808149e-62	0.72709776704392	0.258	0.135	3.79990706533906e-58	"7"	"ADAT1"
1.59292753267482e-62	0.615425843133346	0.317	0.177	5.83027406234312e-58	"7"	"DPH2"
1.91722236176754e-62	0.624695994778214	0.314	0.174	7.01722556630539e-58	"7"	"EARS2"
2.32775219067448e-62	0.526495557849612	0.46	0.288	8.51980579308766e-58	"7"	"CLOCK"
2.46782785917384e-62	0.625855269437416	0.304	0.168	9.03249674736217e-58	"7"	"ULBP2"
2.47467890052031e-62	0.501999833770352	0.433	0.264	9.05757224379437e-58	"7"	"RINT1"
3.7746132694901e-62	0.546452203805108	0.344	0.196	1.38154620276607e-57	"7"	"KIAA1549L"
4.15689661500903e-62	0.575093883553444	0.351	0.202	1.52146573005946e-57	"7"	"CEP41"
4.51003306609372e-62	0.561583575007797	0.441	0.273	1.65071720252096e-57	"7"	"TRAK1"
4.58407247017787e-62	0.540133301907654	0.461	0.291	1.6778163648098e-57	"7"	"CHERP"
4.59719006502512e-62	0.518585817453699	0.426	0.258	1.68261753569984e-57	"7"	"DIP2A"
4.72132312911878e-62	0.533358418539533	0.412	0.249	1.72805147848877e-57	"7"	"MRM3"
4.96746967592409e-62	0.541095320626257	0.453	0.283	1.81814357608497e-57	"7"	"CMTM7"
5.9069899701754e-62	0.503273046135802	0.489	0.31	2.1620173989839e-57	"7"	"TOP2B"
1.15058205782725e-61	0.556018169993174	0.347	0.198	4.2112453898535e-57	"7"	"IFT46"
1.39748399647701e-61	0.57938671131771	0.348	0.201	5.11493117550551e-57	"7"	"PRKAR1B"
2.9406265493786e-61	0.599288060289001	0.389	0.233	1.07629872333806e-56	"7"	"SLC16A2"
3.19265945999156e-61	0.570725086109105	0.348	0.201	1.16854528895151e-56	"7"	"BOLA2"
4.01720914478745e-61	0.518861913632645	0.397	0.237	1.47033871908366e-56	"7"	"USP24"
5.04307042836448e-61	0.533119513885985	0.383	0.225	1.84581420748568e-56	"7"	"PRIMPOL"
5.3693145367217e-61	0.561374801358866	0.382	0.227	1.96522281358551e-56	"7"	"LOXL1-AS1"
8.45372123429851e-61	0.517449099954347	0.493	0.319	3.0941465089656e-56	"7"	"SGTB"
1.21166181120875e-60	0.50174075013199	0.537	0.356	4.43480339520514e-56	"7"	"ALG14"
1.21829019453401e-60	0.50886817277571	0.434	0.267	4.45906394101393e-56	"7"	"KIF1B"
2.53584671789738e-60	0.510749281627296	0.43	0.264	9.28145257217621e-56	"7"	"NDUFAF6"
2.5982540711788e-60	0.505427488936582	0.411	0.247	9.50986972592151e-56	"7"	"GATB"
8.58171131835007e-60	0.581500381214924	0.32	0.18	3.14099215962931e-55	"7"	"GPT2"
8.72683299278323e-60	0.518955695431857	0.508	0.337	3.19410814368859e-55	"7"	"WEE1"
1.01880907464286e-59	0.521795544557758	0.399	0.238	3.72894309410031e-55	"7"	"POLRMT"
1.2982071158394e-59	0.508987566427368	0.442	0.274	4.7515678646838e-55	"7"	"GPN2"
1.51271584304487e-59	0.503448825258436	0.423	0.258	5.53669125712855e-55	"7"	"ELP4"
1.64345388213529e-59	0.574503690168198	0.441	0.282	6.01520555400339e-55	"7"	"PPP2R3A"
2.27564771065315e-59	0.588696770387171	0.253	0.132	8.32909818576158e-55	"7"	"MAMSTR"
2.8877467870007e-59	0.605708343968282	0.315	0.178	1.05694420151013e-54	"7"	"DNASE1"
2.92692255950661e-59	0.55900877846939	0.366	0.216	1.07128292600501e-54	"7"	"DDX55"
3.24910025390392e-59	0.612531769587631	0.293	0.161	1.18920318393137e-54	"7"	"DOP1B"
4.34138379615087e-59	0.521826694184446	0.387	0.232	1.58898988322918e-54	"7"	"CPNE2"
6.01077923308835e-59	0.635086513065365	0.655	0.498	2.20000530710267e-54	"7"	"DSP"
9.55889497892052e-59	0.579582471020375	0.344	0.201	3.4986511512347e-54	"7"	"TTC27"
1.11547115253532e-58	0.538450462562027	0.389	0.235	4.08273596539454e-54	"7"	"OBI1"
1.27279622540098e-58	0.520751610050153	0.444	0.279	4.65856146459013e-54	"7"	"SLC25A33"
2.61990139062842e-58	0.528937240365845	0.677	0.524	9.5891010798391e-54	"7"	"C19orf48"
2.85837359997895e-58	0.559662665634611	0.312	0.175	1.04619332132829e-53	"7"	"INPP5A"
3.52349950767331e-58	0.504944872853976	0.35	0.202	1.28963605480351e-53	"7"	"ARRDC1-AS1"
3.72747769817835e-58	0.673083709499919	0.368	0.225	1.36429411231026e-53	"7"	"DBNDD2"
4.18861877465166e-58	0.628381753977278	0.299	0.167	1.53307635771026e-53	"7"	"OSBPL11"
4.94035763557091e-58	0.624701120163078	0.272	0.147	1.80822029819531e-53	"7"	"PRELID2"
5.46243540282962e-58	0.539095729682927	0.502	0.331	1.99930598178967e-53	"7"	"MFSD11"
6.73998326233853e-58	0.588588183819017	0.354	0.21	2.46690127384853e-53	"7"	"BAK1"
7.42947181703586e-58	0.592567183989729	0.291	0.162	2.71926097975329e-53	"7"	"PRKCD"
8.40843526743506e-58	0.519863994633015	0.444	0.279	3.07757139223391e-53	"7"	"METTL2A"
1.2341957365894e-57	0.522062726935082	0.363	0.215	4.51727981549086e-53	"7"	"NEGR1"
1.40851962863196e-57	0.612883412440704	0.273	0.148	5.15532269275584e-53	"7"	"HERC3"
1.4347714101664e-57	0.534817963500597	0.375	0.226	5.25140683835003e-53	"7"	"MAGI1"
1.87802332230276e-57	0.52850739153187	0.371	0.219	6.87375316196032e-53	"7"	"RCCD1"
2.5223314861994e-57	0.563592024484299	0.319	0.182	9.23198547263844e-53	"7"	"RPUSD2"
6.54781760679283e-57	0.519848245262936	0.383	0.23	2.39656672226224e-52	"7"	"PDRG1"
8.0306014484783e-57	0.563319167096239	0.291	0.161	2.93928043615754e-52	"7"	"MAGI3"
1.44340308749375e-56	0.591832054715757	0.299	0.168	5.28299964053586e-52	"7"	"CCDC61"
2.07823867708162e-56	0.535591630669964	0.438	0.278	7.60656138198645e-52	"7"	"PRR7"
2.62650233017308e-56	0.620112684238476	0.264	0.143	9.61326117866648e-52	"7"	"NUDT6"
2.63067932757558e-56	0.536429960343884	0.357	0.21	9.62854940685938e-52	"7"	"C2CD2"
3.35001695352424e-56	0.505541568082621	0.391	0.236	1.22613970515941e-51	"7"	"BNIP1"
3.44454153593867e-56	0.582267104128373	0.289	0.161	1.26073664756891e-51	"7"	"OPA3"
5.33613366206679e-56	0.50449508844535	0.381	0.229	1.95307828165307e-51	"7"	"UPF3B"
9.41391550486598e-56	0.529670673371396	0.275	0.151	3.445587213936e-51	"7"	"KHDRBS3"
1.07819831462288e-55	0.610247648558039	0.254	0.136	3.94631365135121e-51	"7"	"DDX31"
1.44286984671142e-55	0.531643439083294	0.333	0.193	5.28104792594846e-51	"7"	"LYRM7"
2.33501408673896e-55	0.534449907065418	0.33	0.191	8.54638505887325e-51	"7"	"DVL1"
2.87151332672276e-55	0.521594417224471	0.336	0.196	1.0510025927138e-50	"7"	"ANAPC1"
3.2080390383371e-55	0.563914440478949	0.316	0.182	1.17417436842176e-50	"7"	"PNPO"
3.58287780186829e-55	0.519571402020505	0.358	0.214	1.31136910426181e-50	"7"	"SLC9A7"
3.9596955410186e-55	0.599419428732083	0.257	0.139	1.44928816496822e-50	"7"	"TMED8"
7.57851162484243e-55	0.562284770231129	0.286	0.159	2.77381103980858e-50	"7"	"PIGM"
8.32496097233583e-55	0.669511844008156	0.361	0.223	3.04701896548464e-50	"7"	"GSTT2B"
8.4583305252007e-55	0.507626995104437	0.406	0.252	3.09583355552871e-50	"7"	"GNL3L"
8.99785327441605e-55	0.51980755144516	0.341	0.201	3.29330427696902e-50	"7"	"SHLD2"
1.74755817334393e-54	0.504080224654845	0.369	0.221	6.39623767025612e-50	"7"	"TEX10"
1.89132297149972e-54	0.570045164475657	0.329	0.193	6.92243120798612e-50	"7"	"MEF2C"
2.42261700187459e-54	0.569629223151427	0.293	0.165	8.8670204885612e-50	"7"	"DZIP1L"
3.43218154364269e-54	0.511551772248399	0.35	0.206	1.25621276678866e-49	"7"	"CLASP2"
4.75638886358367e-54	0.573018961106432	0.313	0.18	1.74088588796026e-49	"7"	"RAD51D"
6.43885211214507e-54	0.597765584576835	0.274	0.151	2.35668426156622e-49	"7"	"MTMR12"
6.73008288372456e-54	0.543385654609212	0.272	0.149	2.46327763627203e-49	"7"	"CAPN15"
8.96021963747631e-54	0.599288910550251	0.331	0.197	3.27952998951271e-49	"7"	"OGFRL1"
1.44621397136482e-53	0.596462442571803	0.315	0.184	5.29328775659237e-49	"7"	"CCDC85C"
1.58923150228606e-53	0.554795533124438	0.33	0.195	5.8167462215172e-49	"7"	"HPS5"
7.85866327797712e-53	0.654959131073083	0.297	0.173	2.87634934637241e-48	"7"	"ADGRL2"
8.26187015665112e-53	0.661203832525428	0.265	0.148	3.02392709603588e-48	"7"	"DUSP10"
8.39434642038002e-53	0.529456903334298	0.276	0.154	3.07241473332329e-48	"7"	"SENP3"
1.55946822790003e-52	0.566335146786205	0.255	0.139	5.70780966093691e-48	"7"	"TTLL5"
2.9597264949664e-52	0.516904173971039	0.371	0.226	1.08328949442265e-47	"7"	"TMEM177"
3.08419820291616e-52	0.504802963275454	0.493	0.328	1.12884738424934e-47	"7"	"PCBP4"
3.1713513554491e-52	0.520869245819553	0.28	0.156	1.16074630960793e-47	"7"	"UBXN11"
6.52589212028305e-52	0.634476577164406	0.257	0.142	2.3885417749448e-47	"7"	"USP37"
7.77642507153932e-52	0.505674256330916	0.381	0.236	2.8462493404341e-47	"7"	"ZFPM2"
1.39969519725839e-51	0.562662163804152	0.274	0.155	5.12302439148543e-47	"7"	"PMAIP1"
1.48235562145544e-51	0.532594609268046	0.259	0.142	5.42556981008904e-47	"7"	"SLC25A40"
1.75635946559817e-51	0.514477307693684	0.294	0.167	6.42845128003585e-47	"7"	"C9orf116"
4.35163404933899e-51	0.614891362574868	0.273	0.154	1.59274157839856e-46	"7"	"EHD3"
6.97427722402126e-50	0.505024261957992	0.303	0.175	2.55265520676402e-45	"7"	"VSIG10"
7.56736146183144e-50	0.546449865705536	0.251	0.138	2.76972996864493e-45	"7"	"NOCT"
9.00455543888411e-50	0.504352130097949	0.53	0.377	3.29575733618597e-45	"7"	"KAZALD1"
1.0082112932359e-49	0.533636492084717	0.327	0.195	3.69015415437272e-45	"7"	"KDM1B"
1.2391036597751e-49	0.506791047715782	0.328	0.195	4.53524330514286e-45	"7"	"ABR"
1.24013032070764e-49	0.562470169877151	0.256	0.143	4.53900098682202e-45	"7"	"WDR92"
5.04439178161197e-49	0.537750964522099	0.296	0.173	1.8462978359878e-44	"7"	"VPS18"
7.96532713350699e-49	0.541318154933103	0.254	0.141	2.91538938413489e-44	"7"	"MGAT5"
1.03138268634559e-48	0.507241200358346	0.334	0.2	3.7749637702935e-44	"7"	"SIRT7"
1.09976473445395e-48	0.612367622455498	0.27	0.155	4.02524890457492e-44	"7"	"ISOC1"
2.13091339205759e-48	0.505622666794986	0.284	0.163	7.79935610627e-44	"7"	"PXN-AS1"
3.9856006528095e-48	0.532836101069691	0.273	0.155	1.45876969493481e-43	"7"	"TUBGCP4"
5.20126417936869e-48	0.530295010991086	0.291	0.169	1.90371470229073e-43	"7"	"TADA2A"
1.19389114381819e-47	0.5913301412595	0.291	0.172	4.36976097548897e-43	"7"	"XYLT2"
1.4747170053571e-47	0.523133104572651	0.325	0.195	5.39761171130751e-43	"7"	"ILF3-DT"
4.82938438281346e-47	0.507406085916644	0.296	0.173	1.76760297795356e-42	"7"	"NEK4"
5.73106010380851e-47	0.518167929596344	0.3	0.176	2.09762530859495e-42	"7"	"TMEM209"
9.85153729801617e-47	0.543417700080887	0.27	0.156	3.6057611664469e-42	"7"	"RIOX1"
1.14437800321058e-46	0.556663527500995	0.255	0.143	4.18853792955105e-42	"7"	"CARD10"
1.62777092422788e-46	0.518947949257754	0.306	0.181	5.95780435976646e-42	"7"	"SLC12A2"
1.75423421580204e-46	0.508131278947201	0.43	0.283	6.42067265325706e-42	"7"	"PKNOX1"
1.92637306049741e-46	0.547394992567416	0.305	0.182	7.05071803872658e-42	"7"	"ZMYM1"
7.07070569558436e-46	0.513257548577039	0.305	0.182	2.58794899164083e-41	"7"	"ADORA2B"
7.89221260718963e-46	0.553274627584656	0.324	0.199	2.88862873635748e-41	"7"	"FZR1"
1.3529065344936e-45	0.520095512709188	0.284	0.166	4.95177320690003e-41	"7"	"AC093512.2"
1.6929790437149e-45	0.562801509608293	0.253	0.144	6.19647259790091e-41	"7"	"SH3BP5L"
9.42934491885438e-45	0.506923442121622	0.294	0.175	3.45123453374989e-40	"7"	"C12orf4"
4.63172372192357e-43	0.529184594089787	0.262	0.153	1.69525719946125e-38	"7"	"CA5B"
6.60777557781632e-43	0.591083041187597	0.467	0.326	2.41851193923655e-38	"7"	"MOK"
1.07640307471542e-42	0.538730899691011	0.279	0.167	3.9397428937659e-38	"7"	"STBD1"
5.43779532430762e-41	0.559235296256948	0.501	0.36	1.99028746664983e-36	"7"	"PLAU"
4.10492393667318e-36	0.58626598268192	0.338	0.224	1.50244321006175e-31	"7"	"LINC01119"
9.93218654370946e-29	0.5535971082724	0.562	0.449	3.6352795968631e-24	"7"	"UBALD2"
3.40835897707628e-25	0.513606004494785	0.327	0.233	1.24749346919969e-20	"7"	"SAMD11"
0	5.3186519986773	0.876	0.147	0	"8"	"CD36"
0	5.81617479503195	0.734	0.076	0	"8"	"TINAGL1"
0	4.5056159779966	0.929	0.318	0	"8"	"COL4A1"
0	3.14510641319952	0.847	0.27	0	"8"	"EDIL3"
0	4.089566720577	0.936	0.375	0	"8"	"NDUFA4L2"
0	3.8044984963579	0.965	0.456	0	"8"	"COL4A2"
0	6.17850432315791	0.532	0.043	0	"8"	"PPP1R14A"
0	2.93788481897973	0.737	0.265	0	"8"	"LMOD1"
0	5.62910424260689	0.453	0.041	0	"8"	"ACTG2"
0	2.21158074646034	0.96	0.551	0	"8"	"OLFM2"
0	4.08335093775975	0.442	0.059	0	"8"	"ITGA7"
0	7.16152816915898	0.37	0.005	0	"8"	"LINC01197"
0	3.97046013064756	0.387	0.047	0	"8"	"ARHGDIB"
0	3.75943245535779	0.366	0.05	0	"8"	"A2M"
0	8.92385372316724	0.301	0.001	0	"8"	"ADGRF5"
0	8.33489675257084	0.267	0.001	0	"8"	"CD4"
0	4.89040679943647	0.283	0.018	0	"8"	"PLPPR4"
0	7.25744550991081	0.261	0.003	0	"8"	"GMFG"
0	5.2263716514373	0.265	0.014	0	"8"	"PALMD"
0	2.37548005306051	0.958	0.75	0	"8"	"NR2F2"
0	2.22905383484735	1	0.978	0	"8"	"IGFBP7"
3.54159137804475e-313	3.05687765573213	0.406	0.073	1.29625786027816e-308	"8"	"FAM162B"
1.95079708903912e-309	2.93931545158953	0.591	0.163	7.1401124255921e-305	"8"	"PRUNE2"
9.08423357461244e-295	2.05255454804058	0.873	0.388	3.3249203306439e-290	"8"	"SRGN"
5.09981835007424e-282	1.59599415112887	1	0.984	1.86658451431067e-277	"8"	"HLA-B"
1.18853192624451e-271	2.54561703709169	0.549	0.145	4.35014570324752e-267	"8"	"MEOX2"
1.42315603892457e-271	3.26363919054982	0.469	0.111	5.20889341806781e-267	"8"	"HGF"
9.84982787475811e-268	3.15530480258263	0.757	0.354	3.60513550044022e-263	"8"	"MYLK"
3.91212063805004e-265	2.32128173027115	0.741	0.311	1.4318752747327e-260	"8"	"EBF2"
2.78770182475119e-263	1.4786760667799	0.997	0.981	1.02032674487718e-258	"8"	"CAV1"
4.6632995999005e-262	1.56726946919519	1	0.986	1.70681428655958e-257	"8"	"MYL9"
7.23419897755681e-256	2.50629807878492	0.659	0.243	2.64778916777557e-251	"8"	"SNTB1"
5.09703926409613e-255	3.02000373647373	0.381	0.076	1.86556734105182e-250	"8"	"AGTR1"
1.61249195491989e-247	1.21728579995791	0.994	0.972	5.90188180420228e-243	"8"	"LOXL2"
4.13957433706715e-247	1.19695852019918	0.999	0.999	1.51512560310995e-242	"8"	"IGFBP4"
4.29581602167757e-247	2.93830419194397	0.437	0.104	1.57231162209421e-242	"8"	"DAAM2"
2.01706909860998e-245	2.33798044842845	0.825	0.493	7.38267460782238e-241	"8"	"TP53I11"
1.88003705007252e-238	1.49059199781131	1	1	6.88112360697042e-234	"8"	"CALD1"
3.5694012328437e-236	3.05994048676483	0.531	0.164	1.30643654523312e-231	"8"	"ITGA1"
8.31242583565242e-235	3.22905640717029	0.612	0.201	3.04243098010714e-230	"8"	"APOE"
2.44872702578777e-231	3.39547818788665	0.285	0.048	8.96258578708582e-227	"8"	"PDE3A"
6.08414167396844e-231	2.47257930979144	0.666	0.269	2.22685669408919e-226	"8"	"SYTL2"
4.33554082812959e-225	1.96038447455259	0.96	0.779	1.58685129850371e-220	"8"	"COL8A1"
4.66135957335796e-213	2.5968912738832	0.5	0.147	1.70610421744475e-208	"8"	"BST2"
1.19467192060987e-207	2.83783625204156	0.677	0.314	4.37261869662418e-203	"8"	"SYNPO2"
2.81963339242493e-205	1.74405602704344	0.994	0.967	1.03201401796145e-200	"8"	"TAGLN"
3.9735520763764e-198	1.95553710768097	0.799	0.486	1.45435979547453e-193	"8"	"COL5A3"
1.48284747968957e-195	3.4601663255402	0.821	0.607	5.42737006041179e-191	"8"	"ACTA2"
4.69468252456711e-190	3.19550355915593	0.457	0.14	1.71830075081681e-185	"8"	"RDH5"
3.25906496499197e-188	2.0276387339318	0.906	0.783	1.19285036783671e-183	"8"	"CSRP1"
1.54092915377253e-181	1.0428074590536	0.978	0.951	5.63995479572285e-177	"8"	"SELENOW"
1.48409716441833e-177	2.43216460626048	0.682	0.357	5.43194403148751e-173	"8"	"ADA"
1.75896844509253e-176	3.19082140767128	0.259	0.05	6.43800040588318e-172	"8"	"CHSY3"
1.01550415282305e-172	2.82991567238697	0.639	0.3	3.71684674974766e-168	"8"	"CNN1"
2.89369194500471e-172	0.958578526089214	1	1	1.05912018879118e-167	"8"	"MYL6"
3.63092769797409e-169	2.23713616827974	0.459	0.142	1.3289558467355e-164	"8"	"SELENOP"
4.36221210550211e-157	1.66047229324062	0.845	0.688	1.59661325273483e-152	"8"	"CAV2"
1.04976672550387e-154	2.27692354861362	0.533	0.209	3.84225119201672e-150	"8"	"ALPL"
1.32581295490771e-153	1.12818304935894	0.979	0.951	4.8526079962577e-149	"8"	"MYH9"
9.78989205939913e-153	1.85251944127729	0.771	0.439	3.58319839266068e-148	"8"	"C11orf96"
2.7538245058087e-152	0.927718881748298	0.952	0.903	1.00792730737104e-147	"8"	"SH3BGRL"
2.12484346100142e-149	1.52891043443479	0.82	0.571	7.7771395516113e-145	"8"	"COX7A1"
3.10516762387544e-149	1.08096120300866	1	0.999	1.13652240201465e-144	"8"	"TPM2"
6.89162235462147e-149	2.15733467272796	0.561	0.246	2.522402698015e-144	"8"	"NOTCH3"
7.32211845342318e-149	1.79366938577785	0.566	0.219	2.67996857513742e-144	"8"	"PTN"
1.13561383121771e-148	2.48719927870399	0.46	0.165	4.15646018363993e-144	"8"	"VWA1"
1.80431328825915e-147	2.13217039700912	0.564	0.254	6.6039670663573e-143	"8"	"NXPH4"
4.32069523812565e-144	2.6718165992826	0.305	0.077	1.58141766410637e-139	"8"	"CSPG4"
1.13916012884454e-141	0.670863818703845	1	0.998	4.16943998758391e-137	"8"	"DSTN"
1.96018771418635e-139	0.685629560433152	0.993	0.992	7.17448305269345e-135	"8"	"CYB5R3"
2.69724232769478e-139	2.6640307940426	0.315	0.085	9.87217664359567e-135	"8"	"TRPC4"
2.56256610136256e-133	0.954148110230881	0.998	0.871	9.3792481875971e-129	"8"	"POSTN"
1.09545345793063e-132	1.60376777398507	0.744	0.452	4.00946920137191e-128	"8"	"TFPI"
8.92877561185109e-132	1.51676168585175	0.782	0.549	3.26802116169362e-127	"8"	"F2R"
4.85287795568244e-129	0.767661726045011	0.998	0.994	1.77620186055933e-124	"8"	"HSPB6"
1.85931158402617e-128	1.6260951306668	0.707	0.366	6.80526632869419e-124	"8"	"IGFBP5"
1.10492239456117e-127	1.79367854366907	0.732	0.454	4.04412645633334e-123	"8"	"COL18A1"
1.46629276329967e-127	2.70591032456816	0.281	0.073	5.36677814295311e-123	"8"	"DMD"
2.10000573883548e-126	2.4140331932436	0.347	0.107	7.68623100471173e-122	"8"	"JAG1"
1.25017557372828e-125	2.43209285026138	0.372	0.122	4.57576761740288e-121	"8"	"PDE5A"
3.44930439131353e-124	0.726844548096934	0.99	0.974	1.26247990026467e-119	"8"	"SEPTIN7"
4.15270356029032e-121	0.803982084206096	0.957	0.94	1.51993103010186e-116	"8"	"ILK"
5.22467304218861e-119	1.51414769026237	0.703	0.448	1.91228258017145e-114	"8"	"AOPEP"
6.18721262431814e-119	0.698646785426239	0.993	0.947	2.26458169262668e-114	"8"	"LGALS3BP"
3.72933170379724e-117	1.89427410177027	0.515	0.231	1.36497269690683e-112	"8"	"MRVI1"
1.42810244526066e-116	1.39189107091152	0.775	0.551	5.22699775989854e-112	"8"	"PDLIM1"
1.18748129075035e-115	2.86987284580969	0.263	0.07	4.34630027227536e-111	"8"	"MCAM"
1.43543854452e-115	2.09113704851454	0.304	0.086	5.25384861679764e-111	"8"	"ACAN"
2.89301945816189e-113	2.06105891894277	0.572	0.292	1.05887405188183e-108	"8"	"NTN4"
1.1963531329468e-112	1.03332630279662	0.934	0.883	4.37877210189859e-108	"8"	"VCL"
1.66495585608096e-112	1.09060476114755	0.975	0.947	6.09390492884192e-108	"8"	"TUBA1A"
3.50148982790846e-112	1.45362633931708	0.597	0.289	1.28158029191278e-107	"8"	"OLFML1"
5.85978968983794e-112	1.55804776033893	0.766	0.496	2.14474162437758e-107	"8"	"CLEC3B"
9.39750729532138e-112	2.19553165484203	0.416	0.165	3.43958164516058e-107	"8"	"PDGFA"
1.12844965390856e-111	1.90037694761604	0.671	0.434	4.13023857827073e-107	"8"	"MGLL"
2.51236712381736e-111	1.25279339702125	0.953	0.894	9.1955149098839e-107	"8"	"IFITM1"
1.337729579983e-109	1.2224899562627	0.854	0.737	4.89622403569579e-105	"8"	"PDLIM5"
3.79670196325152e-109	1.05429080856525	0.882	0.756	1.38963088556969e-104	"8"	"IFI6"
1.36911985162155e-108	2.6746932836256	0.277	0.08	5.01111556892003e-104	"8"	"CYFIP2"
2.54192251340806e-108	1.15430692633161	0.939	0.858	9.30369059132485e-104	"8"	"TXNIP"
7.88521033866488e-108	2.19657681641967	0.374	0.134	2.88606583605473e-103	"8"	"EDNRA"
2.1494820598243e-106	0.58153191422199	1	0.999	7.86731928716293e-102	"8"	"HLA-A"
1.87008168039641e-105	0.805977743853634	0.986	0.99	6.8446859584189e-101	"8"	"CAVIN1"
2.43186452003194e-101	2.19056943959484	0.298	0.093	8.90086732976889e-97	"8"	"NCKAP5"
2.76981722618113e-101	1.80707324712097	0.409	0.157	1.01378080295455e-96	"8"	"TM4SF1"
6.6863438385253e-101	1.05146285065559	0.962	0.84	2.44726870833865e-96	"8"	"SERPING1"
5.51978613250446e-100	0.696202090541796	0.982	0.954	2.02029692235796e-95	"8"	"CNN3"
4.95334298539773e-96	1.78190404451678	0.507	0.237	1.81297306608542e-91	"8"	"COL15A1"
5.88804211136216e-95	0.967967883874201	0.922	0.881	2.15508229317967e-90	"8"	"ACTN4"
5.96293170996192e-95	1.40573833824936	0.671	0.406	2.18249263516316e-90	"8"	"ABI3BP"
1.37413812714874e-94	1.62587982051947	0.654	0.415	5.02948295917712e-90	"8"	"INHBA"
2.37155483781643e-93	0.87283043207192	0.89	0.861	8.6801278618919e-89	"8"	"NPTN"
1.03209066771557e-92	0.852317426329786	0.95	0.895	3.77755505290576e-88	"8"	"NBL1"
2.90526854552581e-92	0.737183914170438	0.994	0.999	1.0633573403479e-87	"8"	"HSPB1"
1.81645400352958e-90	1.41592542463661	0.678	0.453	6.64840329831863e-86	"8"	"SLC9A3R2"
6.49034720112826e-89	0.604487528255031	0.976	0.974	2.37553197908495e-84	"8"	"C4orf3"
1.49209553647226e-88	1.1791728532378	0.748	0.541	5.46121887304214e-84	"8"	"ITM2C"
3.60542096958559e-88	1.28406642957755	0.887	0.829	1.31962012907802e-83	"8"	"UROD"
1.87937721061327e-86	0.532756462455616	0.999	0.999	6.87870852856565e-82	"8"	"TPM4"
6.62231161177947e-86	1.44122254523077	0.756	0.617	2.4238322730274e-81	"8"	"PCSK7"
7.6053008376127e-85	2.31444068294656	0.347	0.139	2.78361615957462e-80	"8"	"HSPA2"
1.66914796771317e-83	2.02100206757805	0.471	0.247	6.10924847662699e-79	"8"	"PRKAG2"
4.84883844111755e-83	1.53811936708883	0.612	0.363	1.77472335783343e-78	"8"	"PLAU"
4.96144758695933e-80	0.811542117601607	0.926	0.868	1.81593943130299e-75	"8"	"CHPF"
1.32127430265841e-79	0.530160509633673	0.986	0.986	4.83599607516005e-75	"8"	"ZYX"
1.16818409988952e-78	1.64771517615265	0.468	0.234	4.27567062400563e-74	"8"	"LY6K"
9.53656950361674e-78	2.3977413457014	0.272	0.094	3.49047980401876e-73	"8"	"FAM107B"
1.91358983848226e-77	0.985536713487167	0.773	0.56	7.00393016782892e-73	"8"	"SCUBE3"
4.35135141062417e-75	1.44281792665605	0.595	0.362	1.59263812980255e-70	"8"	"FXYD1"
4.69551011921806e-75	1.56002241227221	0.53	0.303	1.718603658735e-70	"8"	"PPARG"
4.74462318319989e-75	1.24508819860779	0.908	0.843	1.73657953128299e-70	"8"	"CRYAB"
1.21043979677814e-74	1.18418690456358	0.7	0.453	4.43033070018768e-70	"8"	"MEST"
3.90519995388533e-74	0.965029790515656	0.808	0.682	1.42934223512157e-69	"8"	"NID2"
1.1285632917048e-73	0.662693759719696	0.944	0.93	4.13065450396873e-69	"8"	"PDLIM7"
1.59777335847123e-71	0.764253036385912	0.932	0.933	5.84801026934056e-67	"8"	"TCEAL4"
6.18851093104097e-71	1.73771403663307	0.444	0.236	2.2650568858703e-66	"8"	"ADAMTS7"
7.80378801310696e-71	0.677929439784734	0.902	0.871	2.85626445067728e-66	"8"	"ADAMTS2"
9.98412330421747e-71	0.601798229778169	0.984	0.971	3.65428897057663e-66	"8"	"LAMC1"
3.25176050766483e-70	1.72146212744554	0.459	0.249	1.19017686341041e-65	"8"	"ENDOD1"
8.8863042963077e-70	0.681047543237245	0.919	0.884	3.25247623549158e-65	"8"	"PLP2"
1.81054981931759e-69	0.823129874471809	0.845	0.818	6.62679339368431e-65	"8"	"FERMT2"
8.07840245883877e-69	0.581701164661335	0.842	0.639	2.95677608395958e-64	"8"	"AKAP12"
3.37371323437675e-68	1.57634966495014	0.558	0.365	1.23481278091423e-63	"8"	"SMTN"
5.71102601742514e-68	1.09779747609946	0.594	0.352	2.09029263263778e-63	"8"	"TFPI2"
7.69603062038858e-68	0.749502617091832	0.92	0.865	2.81682416736842e-63	"8"	"PDGFRB"
9.36220886145257e-68	0.64031033892754	0.916	0.869	3.42666206538025e-63	"8"	"LEPROT"
4.31859811346735e-66	1.07846274651777	0.712	0.559	1.58065009551019e-61	"8"	"TRAM2"
6.39918811863434e-66	1.08179641308305	0.715	0.554	2.34216684330136e-61	"8"	"SSBP2"
2.86972969401193e-65	0.606425540650291	0.936	0.921	1.0503497653053e-60	"8"	"MAGED2"
8.93572375751828e-65	2.21504618348927	0.251	0.093	3.27056425248926e-60	"8"	"INKA2"
1.20270247029877e-64	1.41709762947957	0.542	0.329	4.40201131154052e-60	"8"	"ANGPT1"
1.2350766672445e-64	1.55338451283482	0.498	0.296	4.52050410978158e-60	"8"	"ECM2"
5.75550497386664e-64	1.22570446171638	0.737	0.57	2.10657237548493e-59	"8"	"SNED1"
6.22245424289989e-64	1.02892709248789	0.902	0.835	2.27748047744379e-59	"8"	"FHL1"
1.59601575280503e-63	0.959771206979159	0.86	0.714	5.84157725684169e-59	"8"	"ELN"
1.83492153776265e-63	1.37420998150274	0.595	0.417	6.71599632036507e-59	"8"	"PLXND1"
4.3031911722023e-63	0.829205187345092	0.809	0.731	1.57501100093776e-58	"8"	"MSRB3"
1.23812784465088e-62	0.716390119468226	0.9	0.86	4.53167172420668e-58	"8"	"YWHAH"
2.62103252867714e-62	1.59499540509211	0.438	0.238	9.59324115821121e-58	"8"	"LRP5"
9.40057903174985e-62	1.57756887202154	0.452	0.252	3.44070593141076e-57	"8"	"SOBP"
9.00741923034213e-61	1.28758085321478	0.559	0.36	3.29680551249752e-56	"8"	"C1orf54"
1.55595662949985e-60	1.23491223225636	0.634	0.481	5.6949568596324e-56	"8"	"PKD2"
1.32066181146436e-59	1.19534044798487	0.566	0.359	4.8337542961407e-55	"8"	"PTGS1"
3.67899380615929e-59	2.48783296978637	0.334	0.156	1.34654852299236e-54	"8"	"HLA-DRB1"
6.68692333412927e-59	1.56381139202206	0.556	0.357	2.44748080952466e-54	"8"	"ASPN"
2.11502622521566e-58	1.23745981821557	0.626	0.464	7.74120748691183e-54	"8"	"EPAS1"
2.57771479274914e-58	0.660178638030643	0.909	0.867	9.43469391294113e-54	"8"	"AK1"
7.95469649110567e-58	1.46353587724142	0.615	0.432	2.91149846270959e-53	"8"	"SECTM1"
1.35804070074007e-57	0.560286488371492	0.963	0.952	4.97056476877872e-53	"8"	"PRRX1"
2.4255478918557e-57	0.634838740888948	0.905	0.887	8.87774783898105e-53	"8"	"RBPMS"
2.51740055433131e-57	0.778691919102598	0.876	0.817	9.21393776890802e-53	"8"	"SMIM3"
6.51122546028512e-57	0.939425763334226	0.721	0.604	2.38317363071896e-52	"8"	"STX12"
4.60878521332978e-56	0.741991285988205	0.826	0.763	1.68686147593083e-51	"8"	"CCDC50"
7.92064760631961e-56	0.580650077545972	0.917	0.907	2.89903623038904e-51	"8"	"ANXA6"
1.04511884399186e-55	1.41167359631494	0.506	0.312	3.82523948089462e-51	"8"	"GBP2"
4.42103907934708e-55	1.20094685776413	0.624	0.481	1.61814451343183e-50	"8"	"SRPX2"
5.21853419463776e-55	1.35079268922385	0.428	0.23	1.91003570057937e-50	"8"	"SERTAD4-AS1"
5.41028693205757e-55	0.689930241469277	0.854	0.833	1.98021912000239e-50	"8"	"DEGS1"
7.27917582114683e-55	1.07305132201289	0.66	0.519	2.66425114229795e-50	"8"	"PRKG1"
1.22790873916919e-54	1.11319499478824	0.676	0.555	4.49426877623314e-50	"8"	"HYI"
1.25965295675702e-54	0.786832037165864	0.868	0.797	4.61045578702637e-50	"8"	"GNG11"
1.02931003541564e-53	1.17695803973348	0.684	0.55	3.76737766062477e-49	"8"	"PSD3"
2.25097406151629e-53	1.45904158417059	0.454	0.273	8.23879016255578e-49	"8"	"FHOD1"
8.60878019000096e-53	0.660050956653934	0.838	0.788	3.15089963734225e-48	"8"	"GLIPR1"
1.34649896490789e-52	0.824889795324693	0.79	0.719	4.92832086145937e-48	"8"	"GLIPR2"
2.33141151524707e-52	1.88340161724519	0.29	0.132	8.5331992869558e-48	"8"	"PLEKHA2"
3.8702881484969e-52	0.769201248696341	0.877	0.838	1.41656416523135e-47	"8"	"PALLD"
4.6484832816339e-52	0.767384544612804	0.824	0.708	1.70139136591082e-47	"8"	"RHOB"
4.85823968570198e-52	1.14280245910839	0.745	0.639	1.77816430736378e-47	"8"	"PKIG"
6.16545928967223e-52	0.873677562157061	0.777	0.668	2.25661975461293e-47	"8"	"CHCHD10"
9.83427990146513e-52	0.613362915348162	1	1	3.59944478673525e-47	"8"	"ACTB"
9.92762219396753e-52	0.784963198871128	0.804	0.739	3.63360899921406e-47	"8"	"CCDC107"
1.02562812642612e-51	0.988886578176956	0.815	0.818	3.75390150553223e-47	"8"	"LASP1"
2.58632279826896e-51	1.54524864533149	0.45	0.272	9.46620007394421e-47	"8"	"CARMN"
3.12255805692562e-51	1.0323356890546	0.656	0.516	1.14288747441535e-46	"8"	"BST1"
2.31335990755599e-50	1.10913527735678	0.748	0.677	8.46712859764568e-46	"8"	"CRIM1"
2.44037193117285e-50	1.89862156418003	0.257	0.107	8.93200530528574e-46	"8"	"SERTAD4"
3.97601132879245e-50	0.611881825462684	0.975	0.975	1.45525990645133e-45	"8"	"TUBA1B"
5.61053875438495e-50	0.572434023048886	0.983	0.983	2.05351328949244e-45	"8"	"TPM1"
7.74705019062648e-50	0.548268435999724	0.951	0.931	2.8354978402712e-45	"8"	"JUND"
9.36170203928784e-50	0.912039828144551	0.732	0.631	3.42647656339974e-45	"8"	"HMGN3"
9.51631447687505e-50	0.836663189850288	0.789	0.71	3.48306626168104e-45	"8"	"VGLL3"
2.86917344871443e-49	1.03785658568696	0.631	0.496	1.05014617396397e-44	"8"	"TPST2"
4.41725013008413e-49	0.802315404643172	0.896	0.862	1.61675772011209e-44	"8"	"RHOBTB3"
1.2130294062463e-48	0.736268391223837	0.84	0.779	4.43980892980209e-44	"8"	"TCF4"
4.08472833229659e-48	1.41192145089684	0.638	0.492	1.49505141690387e-43	"8"	"PLTP"
4.71426832539464e-48	1.20408591711253	0.43	0.245	1.72546934977769e-43	"8"	"LIN7A"
4.99711607078464e-48	0.791601152801042	0.799	0.671	1.82899445306789e-43	"8"	"SEMA3C"
5.50769077046231e-48	1.08962646802932	0.707	0.618	2.01586989889691e-43	"8"	"PELO"
1.28401667589515e-47	0.699074640899892	0.816	0.741	4.69962943544384e-43	"8"	"MPZL1"
1.75708638697213e-47	0.550820467844213	0.936	0.905	6.4311118849567e-43	"8"	"TGFB1I1"
1.92056206220125e-47	0.627639787656979	0.881	0.771	7.02944920386281e-43	"8"	"ADM"
2.34780960723077e-47	1.81495157578903	0.317	0.159	8.59321794342536e-43	"8"	"SUGCT"
1.27479165682238e-46	0.794353518206697	0.83	0.801	4.66586494313558e-42	"8"	"COX20"
1.86364143225698e-46	0.640109082366245	0.87	0.834	6.82111400620377e-42	"8"	"MYADM"
2.16583652784158e-46	0.897347614170252	0.718	0.629	7.92717827555296e-42	"8"	"KIFAP3"
3.33294609760777e-46	1.31173561759759	0.678	0.538	1.21989160118542e-41	"8"	"ANGPTL2"
3.67130543852435e-46	0.916518945033343	0.684	0.561	1.3437345035543e-41	"8"	"PHLDB2"
5.90175251953038e-46	1.20605577734289	0.509	0.336	2.16010043967332e-41	"8"	"AK5"
9.07272948115803e-46	0.7659348224438	0.79	0.769	3.32070971739865e-41	"8"	"LPP"
9.5267196321691e-46	0.659833973320053	0.856	0.806	3.48687465257021e-41	"8"	"SNTB2"
3.84668950251193e-45	0.589837744075894	0.952	0.914	1.40792682481439e-40	"8"	"YPEL3"
1.95187712087751e-44	1.6135724089444	0.273	0.125	7.14406545012377e-40	"8"	"FGD4"
4.1772400898902e-44	0.919769389212173	0.774	0.748	1.52891164530071e-39	"8"	"NEXN"
6.2807361021824e-44	0.918134599778665	0.711	0.558	2.29881222075978e-39	"8"	"KLF2"
1.26534155004523e-43	0.640383700237076	0.821	0.763	4.63127660732054e-39	"8"	"REEP3"
1.9564266071599e-43	1.43056851845104	0.361	0.197	7.16071702486595e-39	"8"	"MEF2C"
3.64225158142314e-43	1.84405285812353	0.323	0.17	1.33310050131668e-38	"8"	"KCNK15"
2.36525463624034e-42	1.08038815961016	0.533	0.371	8.65706849410326e-38	"8"	"FRMD4A"
4.72275519849834e-42	0.645823641315036	0.874	0.782	1.72857563020238e-37	"8"	"MDK"
5.74858259624911e-42	0.569397592979547	0.939	0.941	2.10403871605314e-37	"8"	"ACTN1"
1.55034403376101e-41	0.58119436100146	0.889	0.881	5.67441419796869e-37	"8"	"HLA-E"
1.59729443297429e-41	0.778509629366814	0.747	0.646	5.84625735412918e-37	"8"	"SDC2"
8.13379894313303e-41	1.08881405638758	0.744	0.63	2.97705175117612e-36	"8"	"AKR1C3"
1.26926503588819e-40	1.99043883871238	0.266	0.129	4.64563695785437e-36	"8"	"LINC01943"
3.98943347418915e-40	0.653472738616155	0.789	0.674	1.46017254588797e-35	"8"	"A1BG"
4.10273623094194e-40	0.855245878871167	0.707	0.625	1.50164248788706e-35	"8"	"ZEB2"
9.05098745197634e-40	1.35228264157147	0.505	0.35	3.31275191729786e-35	"8"	"CPE"
1.05266898741544e-39	1.44665499669886	0.322	0.17	3.85287376083926e-35	"8"	"HLA-F"
1.13602761703779e-39	1.45428764920304	0.522	0.365	4.15797468112e-35	"8"	"ANGPTL4"
1.39944497900304e-39	0.917479150001126	0.639	0.523	5.12210856764903e-35	"8"	"PHLDB1"
3.15116685851853e-39	0.500324873939807	0.856	0.785	1.15335858188637e-34	"8"	"BMERB1"
9.31351485126074e-39	0.571573645387729	0.911	0.914	3.40883957070994e-34	"8"	"RAD23B"
1.70274524160741e-38	1.38583901110298	0.485	0.342	6.23221785880726e-34	"8"	"ARSJ"
2.280860817779e-38	1.41922921135796	0.344	0.19	8.34817867915291e-34	"8"	"NEDD9"
2.66465457643825e-38	1.40669083155735	0.354	0.198	9.75290221522163e-34	"8"	"COL21A1"
6.93449448667523e-38	1.84829180652771	0.282	0.143	2.538094327068e-33	"8"	"GDF5"
1.67566803191504e-37	0.519339976503103	0.967	0.958	6.13311256361223e-33	"8"	"LAMA4"
2.04435132150848e-37	1.02786135781973	0.567	0.427	7.48253027185317e-33	"8"	"DKK3"
9.0042628485426e-37	1.34498735481291	0.433	0.28	3.29565024519508e-32	"8"	"FAM43A"
2.23844799646707e-36	1.05140902505439	0.564	0.433	8.19294351186912e-32	"8"	"AP1S2"
3.33449040537028e-36	1.57185253293356	0.293	0.155	1.22045683326958e-31	"8"	"KHDRBS3"
6.76752400533953e-36	0.622130941176934	0.796	0.777	2.47698146119432e-31	"8"	"GBE1"
1.05694517181433e-35	0.880824598543177	0.627	0.531	3.86852502335763e-31	"8"	"DYNLT3"
1.19598262127352e-35	1.06720001882058	0.486	0.335	4.37741599212319e-31	"8"	"KCNE4"
2.38895407438895e-35	0.743790826940889	0.74	0.659	8.74381080767099e-31	"8"	"PSMB9"
3.66633338964157e-35	0.662842862216081	0.812	0.793	1.34191468394271e-30	"8"	"MYO1E"
6.33537592500699e-35	0.967671380027648	0.565	0.444	2.31881094231181e-30	"8"	"SLC44A2"
9.41547940535369e-35	0.99580298240791	0.573	0.44	3.44615961715351e-30	"8"	"HNMT"
1.3158472551702e-34	1.39215903144848	0.328	0.184	4.81613253864844e-30	"8"	"HLA-DMA"
1.42319083535171e-34	1.89313045202997	0.279	0.148	5.20902077647079e-30	"8"	"SORBS2"
1.71313792358158e-34	1.17961046643359	0.413	0.267	6.27025611410093e-30	"8"	"SYNGR1"
2.2189035364929e-34	0.704513129212294	0.718	0.654	8.12140883391768e-30	"8"	"TMEM189"
3.80359753404626e-34	0.659667477980378	0.76	0.656	1.39215473343627e-29	"8"	"CRIP2"
1.04283776963204e-33	1.22307384548531	0.382	0.234	3.81689052063025e-29	"8"	"NES"
1.1948627060405e-33	0.511551674054736	0.903	0.829	4.37331699037883e-29	"8"	"SOD3"
1.20038274217085e-33	0.841538390596399	0.662	0.58	4.39352087461953e-29	"8"	"MAP7D3"
1.46536489564018e-33	0.832445696828099	0.669	0.588	5.36338205453261e-29	"8"	"SDC4"
4.71772969785776e-33	1.33183136661913	0.326	0.188	1.72673624671292e-28	"8"	"TTLL7"
9.6227214662755e-33	0.819512281232902	0.659	0.601	3.52201228387149e-28	"8"	"TACC1"
9.84816522774009e-33	0.863904771093412	0.646	0.564	3.60452695500515e-28	"8"	"ARHGAP17"
3.86165974177311e-32	0.713884890057559	0.717	0.653	1.41340608208637e-27	"8"	"KRAS"
4.35044207209769e-32	0.731562156423495	0.677	0.598	1.59230530280847e-27	"8"	"FARP1"
5.9956474674052e-32	1.46859046725727	0.255	0.128	2.19446692954498e-27	"8"	"RGS4"
7.85113217721219e-32	1.78544552853149	0.268	0.139	2.87359288818143e-27	"8"	"HLA-DRA"
1.88616209803422e-31	0.955586681984592	0.566	0.448	6.90354189501503e-27	"8"	"VSIR"
2.40644925365667e-31	1.04122308752024	0.51	0.384	8.80784491330877e-27	"8"	"GALNT5"
3.9050632542954e-31	1.55861438252735	0.312	0.183	1.42929220170466e-26	"8"	"TBX2"
3.95334532749742e-31	0.689049891157398	0.991	0.985	1.44696392331733e-26	"8"	"MT2A"
4.52714501755015e-31	0.64966472040644	0.865	0.841	1.65698034787353e-26	"8"	"LHFPL6"
5.85306576873838e-31	0.521544055629007	0.895	0.882	2.14228060201593e-26	"8"	"H2AFJ"
8.53453072101154e-31	0.59393217576841	0.823	0.837	3.12372358919743e-26	"8"	"KIF5B"
8.72020261567096e-31	0.837178439080494	0.603	0.511	3.19168135936173e-26	"8"	"ST5"
1.32784484843447e-30	0.647937085633113	0.788	0.754	4.86004492975499e-26	"8"	"PCYOX1"
1.42048413784031e-30	1.01822982652738	0.597	0.465	5.1991139929093e-26	"8"	"OLFML2B"
2.41810940733132e-30	1.08240556201799	0.475	0.331	8.85052224177338e-26	"8"	"PLAAT4"
2.77703422030441e-30	0.978797961908848	0.561	0.436	1.01642229497362e-25	"8"	"SELENBP1"
3.65945072270447e-30	1.24955045578737	0.357	0.221	1.33939555901706e-25	"8"	"COBLL1"
4.73124309597281e-30	0.948404945470158	0.549	0.449	1.73168228555701e-25	"8"	"DNAJB4"
5.76354529250832e-30	1.09381595687117	0.474	0.348	2.10951521251097e-25	"8"	"GBP1"
1.09364297149691e-29	0.743566758451372	0.772	0.779	4.00284263997585e-25	"8"	"MACF1"
1.43069486053387e-29	0.519346157523946	0.852	0.856	5.23648625904e-25	"8"	"MBNL1"
2.06470475963701e-29	1.29123972993551	0.458	0.337	7.55702589074742e-25	"8"	"SLC25A4"
3.68564266401332e-29	0.532818669550244	0.898	0.896	1.34898207145551e-24	"8"	"STAT1"
5.57310290721831e-29	0.511466894767765	0.879	0.837	2.03981139507097e-24	"8"	"KLF6"
6.20447591717341e-29	0.771519225560791	0.661	0.588	2.27090023044464e-24	"8"	"MAML2"
7.20480049421067e-29	1.25055663812018	0.328	0.199	2.63702902888605e-24	"8"	"TRAF5"
1.34905411981197e-28	1.00730831373992	0.57	0.408	4.93767298392381e-24	"8"	"SFRP4"
1.98070404232432e-28	0.646884089865884	0.842	0.794	7.24957486531126e-24	"8"	"UACA"
2.12434158962281e-28	1.04742330954199	0.397	0.262	7.77530265217846e-24	"8"	"PEAR1"
7.7852192928956e-28	0.533371888447384	0.777	0.747	2.84946811339272e-23	"8"	"STK17A"
1.29764208383662e-27	0.574632423504248	0.776	0.775	4.74949979105041e-23	"8"	"CFL2"
1.36168973293303e-27	1.04024722724722	0.45	0.318	4.9839205915082e-23	"8"	"ERAP2"
4.1104605413036e-27	0.731917467593802	0.639	0.568	1.50446966272253e-22	"8"	"COMMD7"
4.9482015179009e-27	0.565389794849125	0.785	0.741	1.81109123756691e-22	"8"	"RBPJ"
7.03618301282115e-27	1.26324717430339	0.311	0.187	2.57531334452267e-22	"8"	"KANSL1-AS1"
9.07446163347001e-27	0.689015525830598	0.723	0.667	3.32134370246636e-22	"8"	"AMOTL2"
1.6043702215252e-26	0.523598624322293	0.817	0.676	5.87215544780437e-22	"8"	"GREM1"
2.13810258780506e-26	1.31624963008789	0.373	0.253	7.82566928162529e-22	"8"	"STARD13"
2.60574527499827e-26	0.952801828345324	0.561	0.462	9.53728828102118e-22	"8"	"FZD2"
4.05513154764956e-26	0.518177672292641	0.822	0.801	1.48421869775522e-21	"8"	"TMEM98"
8.95197094147704e-26	0.551119566997198	0.661	0.547	3.27651088429001e-21	"8"	"CBR3"
1.65472725610396e-25	0.972459965938211	0.473	0.353	6.05646723006609e-21	"8"	"ATF3"
2.53231248887285e-25	1.13712469383507	0.378	0.258	9.26851694052352e-21	"8"	"OPN3"
5.49806179616979e-25	0.97553804127164	0.872	0.848	2.0123455980161e-20	"8"	"CXCL12"
5.68087233672617e-25	0.614387506227906	0.683	0.639	2.07925608396515e-20	"8"	"AAMDC"
2.48788477610063e-24	1.10110517832717	0.381	0.263	9.10590706900591e-20	"8"	"DIPK1A"
3.76322981987565e-24	0.535249376490827	0.753	0.761	1.37737974637269e-19	"8"	"YIF1B"
5.50045915320572e-24	0.530092052258541	0.776	0.743	2.01322305466482e-19	"8"	"DLC1"
1.25587295300323e-23	1.55831254796064	0.3	0.185	4.59662059528712e-19	"8"	"APOC1"
1.70171333997902e-23	1.06004748403601	0.274	0.159	6.22844099565721e-19	"8"	"ENPP1"
1.83599330133431e-23	1.14474461445858	0.328	0.214	6.71991908221372e-19	"8"	"DOCK10"
2.3607417571149e-23	0.645032780456732	0.667	0.613	8.64055090521625e-19	"8"	"PLEKHO1"
2.99563084416377e-23	0.928698528682876	0.436	0.318	1.09643084527238e-18	"8"	"AC055839.2"
4.02975755161479e-23	0.655479421041938	0.696	0.673	1.47493156146653e-18	"8"	"ARHGAP1"
7.78778745236396e-23	0.758902698407184	0.626	0.549	2.85040808543973e-18	"8"	"FILIP1L"
2.74309847856975e-22	0.581801099525881	0.723	0.7	1.00400147414131e-17	"8"	"KMT2E"
4.03037116504721e-22	1.31988638358815	0.285	0.18	1.47515615011893e-17	"8"	"TLE4"
8.29168762523007e-22	0.651553817407348	0.647	0.598	3.03484058771046e-17	"8"	"TMEM109"
1.02990160200083e-21	0.839364007958826	0.648	0.592	3.76954285348323e-17	"8"	"C1orf198"
1.0787814379638e-21	1.18618158087036	0.251	0.146	3.9484479410913e-17	"8"	"MAB21L1"
1.60319242228454e-21	0.708339637249325	0.598	0.544	5.86784458480363e-17	"8"	"STARD7"
1.67856293265741e-21	0.51352772647503	0.734	0.712	6.14370818981937e-17	"8"	"FHL3"
1.92467261569416e-21	0.877263334263925	0.592	0.515	7.0444942407022e-17	"8"	"PIM1"
2.19752146383449e-21	0.644978630512593	0.672	0.615	8.04314830978063e-17	"8"	"NID1"
5.72576832897132e-21	0.71081264147258	0.605	0.541	2.09568846608679e-16	"8"	"CREB3L2"
8.79980053692837e-21	1.09988691500276	0.428	0.334	3.22081499452115e-16	"8"	"ADGRE5"
1.8466271338545e-20	0.599537537923232	0.62	0.53	6.75883997262086e-16	"8"	"SPOCD1"
2.02167118817926e-20	0.774655148202395	0.588	0.536	7.39951871585493e-16	"8"	"KCTD20"
2.73217268572242e-20	0.952195835924373	0.389	0.283	1.00000252470126e-15	"8"	"LBR"
4.91381166795306e-20	0.711520379953449	0.592	0.542	1.7985042085875e-15	"8"	"PON2"
1.05164084731025e-19	0.859259644858609	0.567	0.502	3.84911066524025e-15	"8"	"MRGPRF"
1.85803661102767e-19	0.903721187219001	0.408	0.3	6.80059980002238e-15	"8"	"PEG10"
3.71098125972691e-19	0.664860825341783	0.653	0.607	1.35825625087265e-14	"8"	"ISG15"
1.04892505571734e-18	0.781274842971493	0.371	0.255	3.83917059643104e-14	"8"	"QPRT"
1.32777534645515e-18	0.590036580644349	0.62	0.578	4.85979054556048e-14	"8"	"ACOT2"
3.51446505704677e-18	0.559944244026541	0.662	0.624	1.28632935552969e-13	"8"	"EHBP1"
3.78463550463023e-18	0.648432528300921	0.643	0.594	1.38521444104971e-13	"8"	"AC002398.2"
5.25848751621425e-18	0.650898673903383	0.707	0.653	1.92465901580958e-13	"8"	"EMP2"
1.46079573524041e-17	1.37113793028919	0.253	0.162	5.34665847055341e-13	"8"	"SLC6A6"
1.46082309197221e-17	0.548350529873483	0.677	0.637	5.34675859892747e-13	"8"	"CPQ"
1.4827755245093e-17	1.04354107929024	0.494	0.415	5.42710669725648e-13	"8"	"ERRFI1"
2.84690183500393e-17	1.17339015650337	0.362	0.267	1.04199454062979e-12	"8"	"LBH"
3.61190354037017e-17	0.600856196697226	0.627	0.591	1.32199281481088e-12	"8"	"JMJD1C"
6.37665365102971e-17	1.08522610482721	0.372	0.275	2.33391900281338e-12	"8"	"FBXO32"
1.15693676578901e-16	0.893665100382647	0.388	0.292	4.23450425646436e-12	"8"	"ZNF667-AS1"
1.54738017538232e-16	0.619345020303404	0.761	0.75	5.66356617991683e-12	"8"	"CCND1"
2.37965487177216e-16	0.993142781466505	0.395	0.309	8.70977479617328e-12	"8"	"NOTCH2NLA"
4.15316220421739e-16	0.709958364197755	0.523	0.44	1.52009889836561e-11	"8"	"CYGB"
7.10780921197641e-16	1.20191758227877	0.266	0.178	2.60152924967548e-11	"8"	"ADGRL2"
1.32598707568179e-15	1.1149537012521	0.309	0.223	4.85324529570294e-11	"8"	"ARRDC4"
2.1452951462424e-15	0.691936138214497	0.509	0.437	7.8519947647618e-11	"8"	"C2orf74"
2.27123651061485e-15	0.952722458019719	0.382	0.298	8.31295275250142e-11	"8"	"FUOM"
6.59143745925626e-15	0.761923788856496	0.411	0.327	2.41253202446238e-10	"8"	"FAM241A"
9.1873667561331e-15	0.66185034410535	0.559	0.517	3.36266810641228e-10	"8"	"SETD7"
9.50456567716651e-15	0.858788793869794	0.372	0.286	3.47876608349971e-10	"8"	"NBPF14"
1.02285740453727e-14	0.501816336781676	0.644	0.581	3.74376038634687e-10	"8"	"AHR"
1.04124693151199e-14	1.01427418610305	0.297	0.209	3.81106789402705e-10	"8"	"PHYHD1"
1.39202309942613e-14	0.501835450538635	0.679	0.666	5.09494374620957e-10	"8"	"CYSTM1"
1.48821228163536e-14	0.717223976286184	0.553	0.515	5.44700577201358e-10	"8"	"ZSCAN16-AS1"
1.60749252408448e-14	1.03943512634002	0.281	0.198	5.88358338740161e-10	"8"	"ADAM19"
1.7115258427934e-14	0.987773820746654	0.29	0.204	6.26435573720811e-10	"8"	"DIXDC1"
1.76103515147708e-14	0.512282730281334	0.679	0.672	6.44556475792127e-10	"8"	"FADS3"
1.84935933704789e-14	0.819389086790259	0.558	0.516	6.76884010952898e-10	"8"	"NABP1"
2.27059156123765e-14	0.990357604589874	0.336	0.244	8.31059217328593e-10	"8"	"SNCG"
3.52848352088521e-14	1.00646510217358	0.284	0.201	1.2914602534792e-09	"8"	"FBLN7"
9.32616302028177e-14	0.748251214532654	0.655	0.605	3.41346892705333e-09	"8"	"CFD"
9.76765940619308e-14	0.835477128080874	0.462	0.403	3.57506101926073e-09	"8"	"CDK7"
1.02210000021735e-13	0.911083826700327	0.332	0.251	3.74098821079552e-09	"8"	"MGST2"
1.53912437224858e-13	1.00198811748394	0.337	0.255	5.63334911486702e-09	"8"	"FAM171B"
3.2789282681071e-13	0.707429814508619	0.422	0.35	1.20012053540988e-08	"8"	"TRPV2"
5.64398349372576e-13	0.84219291643707	0.376	0.299	2.06575439853857e-08	"8"	"LINC01278"
1.06138087567287e-12	1.11623642701304	0.429	0.356	3.88476014305025e-08	"8"	"CKB"
1.13114705315544e-12	0.583277057177604	0.551	0.504	4.14011132925421e-08	"8"	"FAM126A"
1.62058505303424e-12	0.726140487824449	0.723	0.709	5.93150335261061e-08	"8"	"CCL2"
2.5328372599596e-12	0.860655525961286	0.348	0.269	9.27043765517813e-08	"8"	"ISYNA1"
3.0544027621801e-12	0.865487987040302	0.363	0.289	1.11794195498554e-07	"8"	"TSPAN14"
4.49248533491774e-12	0.993143320014619	0.272	0.195	1.64429455743324e-07	"8"	"NIPAL3"
4.68816829836299e-12	0.583925928853249	0.514	0.44	1.71591647888384e-07	"8"	"CSRP2"
4.69347503133671e-12	0.654799186566075	0.583	0.567	1.71785879621955e-07	"8"	"TNS1"
5.05382228302382e-12	0.551513362909287	0.588	0.573	1.84974949380955e-07	"8"	"ZDHHC3"
6.32844706177143e-12	0.644729382226907	0.481	0.428	2.31627490907896e-07	"8"	"NIPSNAP3A"
8.63981407033692e-12	1.00912694373583	0.285	0.21	3.16225834788402e-07	"8"	"MRTFB"
9.49824790766483e-12	0.596498499531152	0.614	0.593	3.4764537166844e-07	"8"	"RFTN1"
9.88186837021179e-12	0.715162565855155	0.422	0.359	3.61686264218122e-07	"8"	"HACD4"
1.09947470995148e-11	1.00260970973015	0.256	0.179	4.0241873858934e-07	"8"	"ARHGAP6"
1.34990911021182e-11	0.669561543701288	0.559	0.512	4.94080233428628e-07	"8"	"PHLDA2"
2.13648209789233e-11	1.0490318472798	0.277	0.206	7.81973812649572e-07	"8"	"SLC20A2"
2.37623683910452e-11	0.604262085199789	0.53	0.485	8.69726445480647e-07	"8"	"PHKB"
3.55510187486001e-11	0.786287808825901	0.412	0.352	1.30120283721751e-06	"8"	"RTN2"
5.41870209280224e-11	0.858523496174534	0.393	0.335	1.98329915298655e-06	"8"	"LINC02381"
7.12308681307024e-11	0.520889565000169	0.599	0.581	2.60712100445184e-06	"8"	"SASH1"
7.17538558573829e-11	0.521857455960006	0.557	0.504	2.62626287823607e-06	"8"	"DSP"
8.67079472641466e-11	0.741135217235903	0.386	0.32	3.17359757781503e-06	"8"	"TLE1"
1.02701259190964e-10	1.05109559730445	0.284	0.214	3.75896878764848e-06	"8"	"MBNL1-AS1"
1.25805332180708e-10	0.525664945530695	0.542	0.507	4.6046009631461e-06	"8"	"OSTF1"
1.53848813990958e-10	0.807330225528079	0.378	0.316	5.63102044088304e-06	"8"	"WFS1"
1.53955196421916e-10	0.668078204013385	0.369	0.294	5.63491414423854e-06	"8"	"EZR"
1.58462004438849e-10	0.895558288363808	0.34	0.278	5.79986782446632e-06	"8"	"TBC1D1"
1.58779361109331e-10	0.610091750285458	0.526	0.496	5.81148339596262e-06	"8"	"CDKN1B"
1.72593172460764e-10	0.688407994866524	0.396	0.335	6.31708270523641e-06	"8"	"SMAP2"
1.78741697229419e-10	0.615237616100118	0.479	0.428	6.54212486029395e-06	"8"	"SKAP2"
2.12029844049856e-10	0.5548560613006	0.451	0.38	7.76050432206878e-06	"8"	"CDH13"
2.91778889503123e-10	0.68686732240258	0.437	0.368	1.06793991347038e-05	"8"	"ADAMTS5"
3.78048139334758e-10	0.645773679134901	0.524	0.502	1.38369399477915e-05	"8"	"NOTCH2"
4.26353953677376e-10	0.707801270890923	0.387	0.323	1.56049810585456e-05	"8"	"SHOX2"
4.76585490962149e-10	0.701240591970075	0.416	0.363	1.74435055547056e-05	"8"	"MAP4K3-DT"
6.15109475875184e-10	0.696987771924567	0.416	0.366	2.25136219265076e-05	"8"	"BOK"
7.39201404605265e-10	0.767141137146642	0.331	0.261	2.70555106099573e-05	"8"	"CD82"
9.45440923171821e-10	0.84968698901233	0.272	0.208	3.46040832290118e-05	"8"	"ARHGAP31"
1.03605278194085e-09	0.613248462739023	0.505	0.478	3.79205678718171e-05	"8"	"DLG1"
1.34684141809119e-09	0.97498654370148	0.258	0.195	4.92957427435558e-05	"8"	"ATP6V0A1"
1.58659524401013e-09	0.607349109321125	0.459	0.416	5.80709725260148e-05	"8"	"WDR60"
1.64861979935485e-09	0.531683451306813	0.581	0.559	6.0341133276187e-05	"8"	"TMEM159"
1.92173216683755e-09	0.637226596466735	0.478	0.426	7.03373190384213e-05	"8"	"SQOR"
2.97307959061387e-09	0.825543360607297	0.306	0.245	0.000108817686096058	"8"	"EML2"
3.0641387214687e-09	0.872679338726781	0.295	0.224	0.000112150541344476	"8"	"DEPP1"
3.17076659697683e-09	0.600587096980198	0.427	0.372	0.000116053228215949	"8"	"ARHGEF7"
3.51730897146544e-09	0.779191000216346	0.333	0.272	0.000128737025664607	"8"	"PLAG1"
3.51876049578917e-09	0.778511655893641	0.418	0.378	0.000128790152906379	"8"	"KANSL1"
4.24966128198077e-09	1.00574507317142	0.328	0.275	0.000155541852581778	"8"	"HLA-DPB1"
4.24971869104861e-09	0.568731159094486	0.473	0.436	0.00015554395381107	"8"	"SMARCD3"
5.06387155387895e-09	0.702024323553144	0.433	0.382	0.000185342762743523	"8"	"TIPARP"
8.2465153797222e-09	0.629844833167317	0.457	0.415	0.000301830709413212	"8"	"EHD1"
9.74157883466413e-09	0.56869931146067	0.474	0.429	0.000356551526927542	"8"	"RGMB"
1.30523633653507e-08	0.657136389212585	0.397	0.351	0.000477729551535203	"8"	"CBWD1"
1.75132755118516e-08	0.577526233564009	0.433	0.383	0.000641003397009281	"8"	"ADAMTS12"
2.10535564673104e-08	0.642115703405285	0.388	0.338	0.000770581220260029	"8"	"ARHGEF17"
2.22997460462671e-08	0.512502633400291	0.356	0.295	0.000816193005039421	"8"	"FGF5"
2.75102093599594e-08	0.500106147105041	0.589	0.57	0.00100690117278387	"8"	"GNAI1"
2.7514484960482e-08	0.602968607369657	0.424	0.376	0.0010070576640386	"8"	"SERINC2"
3.2463910191503e-08	0.504438197752739	0.557	0.537	0.0011882115769192	"8"	"TAOK3"
4.10485309200239e-08	0.811799606846056	0.26	0.204	0.0015024172802038	"8"	"DMPK"
5.31968102263349e-08	0.849148950580299	0.256	0.196	0.00194705645109408	"8"	"PDE1C"
6.13284832037538e-08	0.734092995621997	0.342	0.288	0.00224468381374059	"8"	"LPCAT3"
9.04755696339454e-08	0.519207558984685	0.505	0.475	0.00331149632417203	"8"	"ERG28"
1.08584979105276e-07	0.508274750028638	0.514	0.489	0.00397431882023222	"8"	"RSRC1"
1.15448807131812e-07	0.517867659231094	0.521	0.501	0.00422554178983143	"8"	"FOXO3"
1.1555453448816e-07	0.772591578991392	0.409	0.374	0.00422941151680113	"8"	"GMDS"
1.63197660784537e-07	0.537953244336233	0.597	0.619	0.00597319758237485	"8"	"PTPA"
2.03501381802392e-07	0.647217059597354	0.438	0.412	0.00744835407534935	"8"	"TLCD5"
2.04620868481916e-07	0.52589812036349	0.458	0.421	0.00748932840730661	"8"	"GNA12"
2.22271752616857e-07	0.899275240661463	0.253	0.202	0.00813536841752957	"8"	"C1QTNF5"
2.35687298095626e-07	0.536949374425997	0.492	0.481	0.00862639079759801	"8"	"PTPN1"
2.5119156273709e-07	0.670182621058551	0.357	0.311	0.00919386238774023	"8"	"MYO6"
4.01152514924482e-07	0.698463600030346	0.292	0.237	0.014682583198751	"8"	"SPEG"
4.95534961429128e-07	0.806843869051446	0.253	0.202	0.0181370751232675	"8"	"SPECC1"
5.0550443809668e-07	0.774812821485692	0.292	0.241	0.0185019679387766	"8"	"GOLGA8B"
5.23980664352056e-07	0.707514676625461	0.326	0.277	0.0191782162959496	"8"	"TCEAL1"
5.56931023190586e-07	0.568442601998722	0.402	0.356	0.0203842323797986	"8"	"CASTOR2"
5.80851217593695e-07	0.801407961991282	0.266	0.212	0.0212597354151468	"8"	"ARHGAP28"
8.44100525841775e-07	0.530942029380523	0.503	0.48	0.0308949233463348	"8"	"KLF10"
8.78453615277268e-07	0.502808860983465	0.49	0.484	0.0321522807727633	"8"	"PLPPR2"
1.03210300141713e-06	0.587958914483473	0.478	0.462	0.0377760019548682	"8"	"MAGEH1"
1.49829864664254e-06	0.947249596840752	0.266	0.221	0.0548392287657635	"8"	"BTN3A2"
1.95560579062219e-06	0.67819107224602	0.324	0.278	0.0715771275425627	"8"	"HIP1"
2.00539490311914e-06	0.647320950747949	0.315	0.266	0.0733994588490637	"8"	"PPP1R13L"
2.29582335774387e-06	0.641952642829872	0.412	0.379	0.0840294307167833	"8"	"ZFHX3"
2.98788728962899e-06	0.524988094660649	0.469	0.457	0.109359662687711	"8"	"MPRIP"
3.97804768697e-06	0.891802945955487	0.252	0.207	0.145600523390789	"8"	"PRKAR1B"
4.2450349235751e-06	0.502118300759192	0.497	0.483	0.155372523237772	"8"	"ABHD4"
4.30429951912716e-06	0.561338077024568	0.435	0.408	0.157541666699573	"8"	"IFI27L1"
4.89598018993058e-06	0.584845841966119	0.382	0.35	0.179197770931649	"8"	"MAPRE2"
6.78280056377908e-06	0.604899597532398	0.363	0.324	0.248257283434878	"8"	"TSC22D3"
8.1886132200886e-06	1.07522217217849	0.287	0.247	0.299711432468463	"8"	"SLC1A3"
9.34574548426426e-06	0.676535838774518	0.295	0.252	0.342063630469556	"8"	"TEAD3"
9.66139708932698e-06	0.638993426385783	0.312	0.268	0.353616794866457	"8"	"PACSIN3"
1.02794028809349e-05	0.812006151189195	0.25	0.208	0.376236424845099	"8"	"GJC1"
1.03881847117579e-05	0.549125556784265	0.392	0.362	0.380217948635051	"8"	"TMTC3"
1.05936368929184e-05	0.745900483517811	0.287	0.246	0.387737703917707	"8"	"STARD4"
1.26545001553763e-05	0.968055786274883	0.252	0.211	0.463167360186929	"8"	"AC020916.1"
1.31613212966712e-05	0.674698065530618	0.275	0.232	0.481717520779461	"8"	"ALDOC"
1.3811700005251e-05	0.684478651553586	0.289	0.246	0.505522031892191	"8"	"IFIT1"
1.45977794575245e-05	0.611335630598342	0.397	0.376	0.534293325924855	"8"	"ANG"
1.80025446868375e-05	0.727885613030488	0.274	0.23	0.658911138082939	"8"	"STK17B"
1.88513436461378e-05	0.590277852543242	0.408	0.386	0.689978028792291	"8"	"KLF7"
2.13756463793326e-05	0.574485261135506	0.381	0.357	0.782370033129951	"8"	"OXSR1"
2.34124353271205e-05	0.619354218199208	0.382	0.363	0.856918545407936	"8"	"XXYLT1"
2.43644752651054e-05	0.533792008867638	0.435	0.414	0.891764159178123	"8"	"ERCC2"
2.48904010816456e-05	0.620943702619156	0.312	0.273	0.91101356998931	"8"	"AKTIP"
3.44803464623883e-05	0.578332701492869	0.325	0.293	1	"8"	"SLC1A1"
3.70661962483736e-05	0.698794208302131	0.287	0.249	1	"8"	"SIDT2"
6.52273550291389e-05	0.827626164445976	0.281	0.247	1	"8"	"RILP"
6.89687439855411e-05	0.546617165702295	0.403	0.382	1	"8"	"ABTB1"
7.97452453906252e-05	0.543510744829733	0.311	0.275	1	"8"	"ROGDI"
8.6431746969326e-05	0.511029860633999	0.444	0.427	1	"8"	"MAN2A1"
8.74088396408435e-05	0.502558353234166	0.416	0.406	1	"8"	"TMEM175"
0.000157132231517616	0.68318304782643	0.288	0.254	1	"8"	"HECTD3"
0.000164748293507447	0.778025485090979	0.329	0.3	1	"8"	"AC027031.2"
0.000210947006741951	0.53091451892991	0.385	0.367	1	"8"	"VPS13A"
0.000221034125483848	0.648999426492112	0.422	0.407	1	"8"	"NTM"
0.000242780461581978	0.62411626697679	0.338	0.314	1	"8"	"MLF1"
0.000287525688070615	0.599158486466551	0.342	0.32	1	"8"	"NMRK1"
0.000300689497778054	0.514147413013311	0.384	0.365	1	"8"	"ARID4A"
0.000301819620550725	0.594687695383285	0.303	0.276	1	"8"	"ENTPD4"
0.000311525397392472	0.50775071136683	0.439	0.43	1	"8"	"AMOTL1"
0.000317386554308164	0.504357639053418	0.402	0.392	1	"8"	"CCDC127"
0.000363781627216365	0.623916523678278	0.274	0.243	1	"8"	"RICTOR"
0.000376779733577721	0.60655881086023	0.273	0.24	1	"8"	"NCK2"
0.000387810292324922	0.592740369712721	0.306	0.279	1	"8"	"ERAP1"
0.000491308273103242	0.534465844178946	0.37	0.349	1	"8"	"SNRNP35"
0.000576881205009995	0.667232166142586	0.253	0.22	1	"8"	"NUAK1"
0.00109287519511877	0.619222003775441	0.292	0.273	1	"8"	"EFNB1"
0.0011568158007647	0.609527348718944	0.301	0.278	1	"8"	"RASAL2"
0.0011895076098443	0.633536222190214	0.28	0.256	1	"8"	"AFMID"
0.00120780804294961	0.577178230918075	0.276	0.247	1	"8"	"IQCJ-SCHIP1"
0.00156747742775347	0.547770846098507	0.298	0.27	1	"8"	"CCBE1"
0.0017022896332963	0.653431176609046	0.369	0.356	1	"8"	"ABHD2"
0.00182923882948919	0.534271027306343	0.284	0.256	1	"8"	"CRISPLD2"
0.00193991646879954	0.545152629040229	0.273	0.245	1	"8"	"BTN3A3"
0.00220622214666788	0.583647889235212	0.346	0.332	1	"8"	"SLC2A1"
0.00227338919703898	0.507077585311104	0.401	0.396	1	"8"	"SIAE"
0.00248276983966699	0.633550374019276	0.25	0.224	1	"8"	"RAP2A"
0.00299419371991106	0.543330391718623	0.272	0.248	1	"8"	"AC018521.5"
0.00320983277414532	0.547533492173621	0.276	0.251	1	"8"	"OSBPL10"
0.00340788189187803	0.569395258635135	0.309	0.293	1	"8"	"RBMS2"
0.00365840380886105	0.530684507890572	0.295	0.27	1	"8"	"ARSK"
0.00694487605444296	0.530097681827226	0.34	0.328	1	"8"	"RNASE4"
0.00715816742401139	0.668465492212327	0.63	0.654	1	"8"	"MT1X"
